/**
 * generated by fontconvert.py
 * name: edslab_14_italic
 * size: 14
 * mode: 2-bit  compressed: true
 * Command used: fontconvert.py edslab_14_italic 14 ../builtinFonts/source/EdsLab/EdsLab-Italic.ttf --2bit --compress --pnum --zopfli
 */
#pragma once
#include "EpdFontData.h"

static const uint8_t edslab_14_italicBitmaps[15744] = {
    0xAD, 0x99, 0x01, 0xE4, 0x25, 0x59, 0x76, 0xFF, 0x3F, 0x55, 0xB5, 0xFB, 0x2B, 0xFF, 0x2D, 0xFF,
    0xB9, 0x8B, 0x8E, 0xDD, 0xA4, 0x77, 0xFA, 0x02, 0xAC, 0x98, 0xFE, 0x55, 0x10, 0x2C, 0xDE, 0xAB,
    0xBA, 0x33, 0x8B, 0x45, 0x90, 0x01, 0x21, 0x42, 0x00, 0x04, 0x68, 0x18, 0x74, 0xA8, 0xDF, 0xEF,
    0xD5, 0x06, 0x16, 0x8B, 0x34, 0x80, 0x40, 0x02, 0x00, 0xCC, 0xE0, 0x87, 0x87, 0xD7, 0xFD, 0x6A,
    0x67, 0x01, 0x83, 0x14, 0x10, 0x04, 0x5B, 0x4B, 0x93, 0x44, 0xD0, 0x37, 0x93, 0x4A, 0xDC, 0x9E,
    0xA9, 0xF7, 0x4E, 0xDE, 0xB9, 0xEF, 0xFA, 0xCD, 0x9B, 0xED, 0x6D, 0x19, 0x49, 0x7E, 0x55, 0xF7,
    0x7B, 0x5A, 0xD5, 0xBB, 0xE7, 0x7C, 0x4F, 0xDD, 0x73, 0xCE, 0x3D, 0x55, 0xCD, 0xC2, 0x42, 0xC8,
    0xE6, 0xCC, 0xE7, 0xBE, 0xF0, 0xC5, 0x54, 0x8C, 0xE5, 0x50, 0x9D, 0x0E, 0xD3, 0x1B, 0x67, 0xF9,
    0x3D, 0xE0, 0xFB, 0xDC, 0xF2, 0x82, 0x8E, 0xA6, 0x5D, 0x37, 0xDD, 0x7A, 0xD7, 0x6D, 0x77, 0xF3,
    0x16, 0x2C, 0xD5, 0x00, 0xD7, 0x18, 0x07, 0x6B, 0x2C, 0xD0, 0x71, 0x0D, 0x04, 0xD6, 0x80, 0xA7,
    0xA3, 0x10, 0x11, 0xF1, 0x67, 0xA4, 0x1C, 0x8A, 0x09, 0x8C, 0x2B, 0x86, 0x38, 0xB5, 0x87, 0x26,
    0x4E, 0xED, 0xA8, 0x61, 0x2F, 0x22, 0x87, 0x84, 0xB9, 0x27, 0x40, 0x31, 0x66, 0x1E, 0xCA, 0x21,
    0xD7, 0x49, 0x7D, 0x31, 0x82, 0xA1, 0x1C, 0xA0, 0x8E, 0x93, 0xF4, 0x0E, 0x28, 0x01, 0xBD, 0x0B,
    0x57, 0x12, 0xA0, 0x15, 0x71, 0x1C, 0xB0, 0x43, 0xEE, 0x29, 0xC6, 0x62, 0xA0, 0x18, 0xCA, 0x81,
    0xAC, 0x8F, 0xBF, 0x8A, 0x50, 0x04, 0x20, 0x93, 0x97, 0x40, 0x2D, 0x13, 0xF0, 0x64, 0x89, 0x17,
    0x00, 0x6A, 0x00, 0xCB, 0x8F, 0x14, 0xB6, 0xD0, 0x28, 0x74, 0xBC, 0xE0, 0x6A, 0x56, 0xC5, 0x23,
    0x57, 0xF2, 0x1A, 0xCE, 0xC6, 0x2D, 0x09, 0xD8, 0x4C, 0xFC, 0x05, 0x85, 0x04, 0x02, 0x66, 0x7C,
    0x9E, 0x7B, 0x2C, 0xEB, 0x62, 0x62, 0xCD, 0xE3, 0x6A, 0x60, 0xC5, 0xDA, 0x38, 0xD6, 0x74, 0x2D,
    0xB4, 0xD9, 0xDC, 0x81, 0x95, 0x31, 0x40, 0x79, 0xFC, 0xC0, 0x83, 0xBA, 0x48, 0x24, 0xB6, 0x9F,
    0xC0, 0xFE, 0x58, 0x16, 0x68, 0xCC, 0xF0, 0x1C, 0x3A, 0xCB, 0x1A, 0xC2, 0x9A, 0x35, 0xB9, 0x5F,
    0xB1, 0xA2, 0x18, 0xD7, 0xEC, 0x30, 0x43, 0xFB, 0xC1, 0x8C, 0x75, 0x27, 0x25, 0xFC, 0x3E, 0xE5,
    0x51, 0xE9, 0x07, 0x28, 0xE4, 0x00, 0xD5, 0xF4, 0x03, 0xB0, 0x0E, 0xA8, 0xB9, 0x04, 0x6C, 0x0F,
    0x98, 0x01, 0xD8, 0x78, 0xC8, 0xFF, 0x73, 0x56, 0x83, 0x0B, 0xDE, 0xBA, 0xDB, 0xCC, 0x37, 0xB4,
    0xF9, 0xB4, 0xC6, 0xFE, 0x72, 0xB8, 0xA1, 0xFA, 0xC7, 0xFE, 0x96, 0x42, 0x68, 0xC9, 0x17, 0xEA,
    0xF1, 0xE1, 0x01, 0x23, 0xB2, 0x21, 0xDB, 0xBF, 0xAC, 0x5D, 0xB3, 0xEE, 0x76, 0xDB, 0x19, 0xE8,
    0x39, 0xAF, 0x81, 0x83, 0x1D, 0xE4, 0x5E, 0x95, 0x41, 0x0D, 0xDC, 0x00, 0x21, 0x5E, 0x52, 0xB7,
    0xE2, 0x65, 0xD3, 0x83, 0x4D, 0x3C, 0x5A, 0xA0, 0x49, 0xE3, 0xE6, 0x62, 0xA4, 0x6B, 0xB4, 0x40,
    0x4D, 0x9C, 0x13, 0xE7, 0x16, 0x13, 0x64, 0x01, 0x78, 0x01, 0x3C, 0x06, 0xBE, 0x05, 0x5C, 0xA5,
    0x1F, 0x94, 0xE3, 0xD9, 0x10, 0x21, 0x69, 0x69, 0x01, 0x9B, 0x16, 0x27, 0x69, 0xB8, 0x1C, 0x98,
    0xC4, 0xC6, 0xBA, 0xC4, 0x26, 0xCD, 0xDB, 0x7D, 0x9D, 0xB4, 0x49, 0xBE, 0xA8, 0x6B, 0x33, 0x54,
    0x23, 0x6C, 0x80, 0xA7, 0x00, 0x9C, 0x79, 0xAC, 0x78, 0xB4, 0xBA, 0xAB, 0x65, 0x2E, 0xA5, 0x2F,
    0xC5, 0x6D, 0x64, 0x7A, 0xFA, 0xF9, 0x88, 0x27, 0x9B, 0xE0, 0x0E, 0xBC, 0x9E, 0x1B, 0x19, 0xF6,
    0x32, 0xE4, 0x23, 0x31, 0x00, 0x31, 0xAE, 0x1E, 0xEA, 0xDE, 0xF0, 0x48, 0x23, 0x0B, 0x48, 0xF7,
    0x1F, 0xDC, 0xBE, 0xE8, 0x80, 0x1F, 0x02, 0x7F, 0x08, 0x7C, 0x02, 0xD9, 0x88, 0xFE, 0x9E, 0x52,
    0x9D, 0x00, 0xDE, 0x05, 0x56, 0xC0, 0x47, 0x80, 0xFF, 0x5F, 0xDD, 0xFE, 0x2E, 0x00, 0x7F, 0x0A,
    0x54, 0xE2, 0xA1, 0xFD, 0xD7, 0x05, 0x0E, 0xDC, 0x52, 0x78, 0x6A, 0x2A, 0xA5, 0x68, 0x1C, 0xA6,
    0xAF, 0x39, 0xC1, 0x5A, 0xA1, 0x23, 0x81, 0xDB, 0x82, 0x21, 0x80, 0x55, 0x68, 0x14, 0x56, 0x0A,
    0x81, 0x1D, 0xB9, 0xA7, 0xA1, 0x1C, 0xA9, 0xFB, 0xBA, 0xC7, 0x68, 0x10, 0xE6, 0x32, 0xA5, 0x95,
    0x42, 0x06, 0x3D, 0xAB, 0x1E, 0xD3, 0xA3, 0xCA, 0xC1, 0x42, 0x0D, 0x0D, 0xAC, 0x23, 0xB1, 0x0E,
    0x76, 0xB0, 0x85, 0x59, 0xCF, 0xCC, 0xAB, 0xBA, 0x7C, 0x62, 0x2F, 0x4E, 0x24, 0x69, 0xB2, 0xAA,
    0x73, 0xE3, 0x36, 0x10, 0xB0, 0x0E, 0x8F, 0x71, 0x99, 0x02, 0x1F, 0x62, 0xEE, 0xE3, 0xFB, 0x86,
    0x14, 0x28, 0xD5, 0x04, 0xEC, 0x1D, 0x54, 0x01, 0xD8, 0xF7, 0x50, 0x1C, 0x00, 0x33, 0x02, 0x2D,
    0xDC, 0xB1, 0x06, 0x4F, 0xA7, 0xB0, 0x17, 0xF1, 0x88, 0xA8, 0x8D, 0x98, 0xD9, 0x1B, 0x05, 0xB0,
    0x7D, 0xD2, 0x97, 0xCF, 0xA4, 0x9C, 0x69, 0x49, 0xDA, 0x4B, 0x79, 0x06, 0x95, 0x04, 0xC8, 0xFE,
    0xE4, 0x78, 0x51, 0x2D, 0x00, 0x73, 0xFF, 0xAF, 0x6B, 0xBE, 0x0F, 0x6B, 0x1A, 0x9D, 0x62, 0x9F,
    0x3D, 0xF4, 0x54, 0x22, 0x3D, 0xD9, 0x3E, 0x40, 0x8A, 0xAA, 0x05, 0xAA, 0x05, 0x6C, 0x80, 0xDB,
    0x99, 0x2C, 0x78, 0xCA, 0x5F, 0x7B, 0xCC, 0x5F, 0x79, 0x4D, 0x44, 0x96, 0x62, 0x2C, 0x7C, 0x31,
    0x9A, 0xA1, 0x1C, 0x5A, 0xCA, 0xE1, 0x44, 0xEB, 0xB8, 0x17, 0x39, 0xA4, 0xB8, 0x26, 0x65, 0x93,
    0xF2, 0x98, 0x31, 0xE2, 0x31, 0xCA, 0xDB, 0x8A, 0x0C, 0x24, 0xF3, 0x29, 0x99, 0x58, 0x03, 0x74,
    0xC9, 0x28, 0x88, 0xF4, 0x0A, 0x01, 0xC8, 0x0F, 0x00, 0xCD, 0xA5, 0x07, 0x97, 0xE4, 0xBB, 0x33,
    0xF9, 0x5A, 0xC9, 0x9B, 0x0B, 0xF2, 0x75, 0x80, 0x5C, 0x04, 0xCC, 0xCB, 0x7A, 0xA0, 0xA5, 0x1A,
    0x58, 0x28, 0x86, 0xCC, 0x53, 0xF6, 0xC5, 0x44, 0xAA, 0xC6, 0xE6, 0x53, 0x79, 0x86, 0xF9, 0x58,
    0x02, 0xF6, 0x75, 0x76, 0xA0, 0x1E, 0x68, 0x68, 0xA1, 0x66, 0xAD, 0xEA, 0x57, 0x09, 0x56, 0xAC,
    0x61, 0x47, 0x4D, 0xEE, 0x31, 0xA3, 0x1D, 0x29, 0x45, 0x1C, 0xEC, 0x67, 0xE2, 0x7E, 0xE1, 0xCA,
    0x13, 0x24, 0x92, 0x89, 0xFF, 0x0C, 0xA8, 0x95, 0x54, 0xEE, 0x1D, 0x6F, 0xBF, 0x69, 0x2F, 0x6F,
    0x92, 0xBD, 0xED, 0x26, 0xB9, 0x3C, 0xA3, 0x96, 0x99, 0x17, 0xEF, 0x2F, 0xD9, 0x1C, 0x4B, 0x76,
    0x53, 0x0C, 0x27, 0x39, 0xB0, 0x2A, 0x46, 0x42, 0x31, 0x97, 0x1A, 0x21, 0x43, 0x71, 0x1A, 0xE6,
    0x65, 0xE5, 0x5B, 0x62, 0xF9, 0x0E, 0x5B, 0x08, 0x33, 0xCC, 0x81, 0xCC, 0x2F, 0x94, 0xD3, 0x29,
    0x3A, 0xFB, 0x5A, 0x8E, 0x31, 0x5E, 0xA3, 0x4E, 0x6A, 0x09, 0x70, 0x74, 0x2F, 0xC8, 0x67, 0x2C,
    0xC5, 0x88, 0x71, 0x55, 0x4F, 0xD5, 0x1B, 0x77, 0x06, 0xD3, 0x1B, 0xCE, 0x09, 0x57, 0x63, 0x06,
    0xF6, 0x94, 0x73, 0xA9, 0xF3, 0xE5, 0x06, 0x36, 0xF3, 0x0A, 0x60, 0xCB, 0x03, 0x98, 0xE9, 0xC8,
    0x27, 0x3A, 0x65, 0xDE, 0x6A, 0x0E, 0x58, 0x59, 0x92, 0x09, 0xE3, 0xEA, 0xBE, 0x76, 0x31, 0xCD,
    0x00, 0x80, 0x6F, 0x53, 0xBB, 0xD6, 0x5D, 0xA7, 0x3B, 0xFF, 0x8F, 0xCB, 0x3F, 0x4B, 0xEB, 0x5A,
    0x1E, 0xF1, 0x1E, 0x7F, 0xC0, 0xFD, 0xDF, 0x1D, 0x3C, 0x9C, 0xC8, 0x0E, 0x60, 0x47, 0x92, 0xE0,
    0x06, 0xA8, 0x7B, 0x28, 0x66, 0x34, 0xEF, 0xA0, 0xF2, 0xA9, 0x00, 0x5B, 0x00, 0x5A, 0x19, 0x37,
    0x32, 0x5C, 0x16, 0x31, 0xD2, 0x26, 0x96, 0x2D, 0x6F, 0x4C, 0x4D, 0xF5, 0xDB, 0xBE, 0x61, 0xE5,
    0x2F, 0x01, 0x20, 0x46, 0x96, 0x11, 0x39, 0xF1, 0xB6, 0x43, 0x47, 0x39, 0x6E, 0x29, 0xC6, 0x40,
    0x31, 0x7C, 0x78, 0xBF, 0xA5, 0x1C, 0xA0, 0x9A, 0xA1, 0xED, 0x61, 0x81, 0x62, 0x4A, 0x05, 0xAE,
    0x87, 0xAA, 0x4F, 0x3A, 0xD2, 0xA2, 0xB6, 0xA9, 0xAE, 0x93, 0x34, 0x1F, 0x1D, 0x50, 0x8B, 0xCC,
    0x90, 0x1D, 0xDD, 0xD5, 0x11, 0xAA, 0x11, 0x6A, 0x47, 0x0D, 0xAA, 0x7E, 0x8B, 0xEA, 0xCB, 0x7C,
    0x26, 0x63, 0xE6, 0x8B, 0x41, 0xF3, 0x7A, 0xAE, 0x9C, 0x71, 0x0B, 0xB3, 0xE1, 0x1D, 0x3A, 0xC2,
    0x35, 0xD0, 0x31, 0xAF, 0xB8, 0x92, 0x45, 0x45, 0xE3, 0x02, 0x7E, 0xC5, 0xCC, 0x9C, 0xF9, 0x2E,
    0xF3, 0xCC, 0xF9, 0xD8, 0xE5, 0xBE, 0x98, 0xCB, 0x61, 0x95, 0xBD, 0x7E, 0x11, 0xAC, 0x5B, 0xB3,
    0x9F, 0x37, 0x47, 0x1A, 0x5D, 0x8B, 0x19, 0x0B, 0xA4, 0x1A, 0x02, 0x14, 0x1E, 0x74, 0xB9, 0x8E,
    0xD0, 0x01, 0xF5, 0x17, 0x31, 0xA9, 0x72, 0x89, 0x34, 0xA9, 0x64, 0xB8, 0x47, 0x36, 0x23, 0xC0,
    0x97, 0x13, 0x90, 0x7D, 0xEE, 0x81, 0xE2, 0xD7, 0x8A, 0xD5, 0x2F, 0xE6, 0xE8, 0x6A, 0x00, 0x5A,
    0x16, 0xA0, 0x4B, 0x9B, 0x57, 0x07, 0xB9, 0x67, 0x0D, 0xE5, 0x44, 0x03, 0x26, 0x26, 0x4F, 0x1D,
    0xB1, 0xD1, 0x19, 0xEC, 0xC0, 0xF4, 0xD9, 0xAC, 0x64, 0x8A, 0x29, 0x76, 0x1B, 0x02, 0x72, 0x90,
    0x23, 0x99, 0x2C, 0x88, 0x3E, 0x24, 0xC5, 0xA3, 0xDE, 0x62, 0xA3, 0x01, 0xAA, 0x67, 0x0C, 0x57,
    0x62, 0xA8, 0x62, 0xC1, 0x40, 0x0D, 0xD7, 0xD0, 0x90, 0x2D, 0xB1, 0x6A, 0xFA, 0x88, 0x01, 0xBA,
    0xB8, 0xB2, 0x3B, 0x68, 0x61, 0x0B, 0x16, 0xE6, 0x84, 0x5C, 0x93, 0x79, 0x62, 0x13, 0x03, 0x0B,
    0xF9, 0xC4, 0xC3, 0x58, 0x7B, 0xA5, 0x57, 0x83, 0xAF, 0x01, 0x9E, 0x1C, 0x1D, 0xA5, 0x2A, 0xAB,
    0x5F, 0x5E, 0x2D, 0xBC, 0x80, 0x5D, 0x3E, 0xC3, 0xAA, 0x1C, 0xA1, 0x33, 0x3D, 0x3C, 0x4D, 0xA5,
    0xE9, 0xBE, 0xA6, 0xBD, 0x0D, 0x1A, 0x80, 0x16, 0xF2, 0xC9, 0x0E, 0x54, 0x43, 0xF5, 0x9A, 0xBD,
    0x26, 0xD5, 0x02, 0xB5, 0xA6, 0x8C, 0x28, 0xD5, 0x4C, 0xD4, 0xB6, 0xBA, 0xF9, 0x64, 0x52, 0x1F,
    0xCB, 0x59, 0xBD, 0x63, 0xC1, 0x00, 0xCF, 0xB1, 0xD1, 0x48, 0x1D, 0x95, 0x35, 0x11, 0xD7, 0xC0,
    0x9A, 0x55, 0xC4, 0xEE, 0xFE, 0x99, 0xEF, 0xD8, 0x02, 0x33, 0x33, 0xE4, 0x5E, 0xB1, 0x8C, 0x9D,
    0xAA, 0xED, 0xD5, 0xCD, 0x17, 0xD1, 0xCD, 0x10, 0xDD, 0x1C, 0x93, 0x9B, 0x2A, 0x64, 0x48, 0x58,
    0x0D, 0x94, 0x7D, 0xB4, 0x7E, 0x7E, 0xC8, 0x0E, 0x03, 0xF7, 0x29, 0x56, 0x73, 0xEF, 0x0C, 0xED,
    0xFD, 0x06, 0x95, 0x7C, 0x8C, 0xD6, 0x89, 0xD6, 0x61, 0xFE, 0x0A, 0xD5, 0xBA, 0x4F, 0x98, 0x4F,
    0x64, 0x53, 0xB4, 0x3E, 0x21, 0xCA, 0x21, 0x59, 0xCF, 0xBE, 0xB2, 0x3E, 0xFC, 0xDF, 0x5B, 0x87,
    0xFC, 0x8C, 0x13, 0xA0, 0x7B, 0x38, 0x6A, 0x16, 0xCE, 0x4B, 0x0C, 0x95, 0x2A, 0x6B, 0xC7, 0x32,
    0xA0, 0xA1, 0x52, 0x78, 0xE8, 0xAA, 0x01, 0xB6, 0xD6, 0xC1, 0x5D, 0xFD, 0x9B, 0x3B, 0x56, 0x21,
    0x61, 0x4B, 0x29, 0x21, 0x00, 0xF3, 0x02, 0xF8, 0x9D, 0x9A, 0xB9, 0x51, 0x2B, 0x2D, 0x14, 0x63,
    0x3D, 0x60, 0x06, 0xF3, 0x3A, 0x8B, 0x4B, 0x1C, 0xE0, 0x89, 0x1A, 0x14, 0xD1, 0x7D, 0x51, 0x85,
    0x11, 0x8F, 0xAA, 0xBF, 0x41, 0x3D, 0x25, 0xF6, 0x31, 0xC4, 0x3C, 0x00, 0x02, 0x58, 0x60, 0x86,
    0x1A, 0xF0, 0xD0, 0xA8, 0xEE, 0xE8, 0xA9, 0x24, 0x31, 0x41, 0xA7, 0x66, 0x60, 0x77, 0x16, 0x5B,
    0x28, 0x07, 0x08, 0x67, 0x31, 0x43, 0xD5, 0xC7, 0x39, 0x26, 0x09, 0x17, 0xDD, 0xB7, 0xD1, 0xF3,
    0x52, 0x82, 0x72, 0x50, 0xA1, 0x32, 0x13, 0x21, 0x35, 0xC3, 0x6F, 0x6C, 0xE3, 0x34, 0xC9, 0xF1,
    0x55, 0xF2, 0x7D, 0x07, 0x29, 0xB6, 0xE2, 0x50, 0xDD, 0x3A, 0xF2, 0x29, 0x6A, 0x56, 0x75, 0xC4,
    0x3D, 0x5F, 0x61, 0xB8, 0x7C, 0x05, 0x52, 0x42, 0x51, 0xFD, 0x65, 0x37, 0xF2, 0x1B, 0xA9, 0xB3,
    0x8A, 0xA0, 0xA2, 0xA3, 0x53, 0x3B, 0x4F, 0xD3, 0x26, 0xE3, 0xD1, 0xF2, 0x4B, 0xEB, 0x9E, 0xF4,
    0x58, 0x39, 0xA6, 0xE6, 0x0B, 0x91, 0xE8, 0xCA, 0xB1, 0x92, 0x59, 0x6D, 0x1C, 0xD4, 0x85, 0x62,
    0x56, 0x2B, 0x46, 0xDD, 0x61, 0x03, 0xD8, 0x2C, 0x00, 0x75, 0x35, 0x01, 0x4D, 0xEB, 0x14, 0x65,
    0x04, 0x5A, 0x99, 0x81, 0xCD, 0x2F, 0x16, 0xE0, 0x05, 0x1D, 0x6A, 0x6E, 0x0D, 0xCC, 0x09, 0xAF,
    0xD5, 0x31, 0xC5, 0xDC, 0x53, 0x7F, 0x5B, 0x1D, 0xB4, 0x56, 0x5D, 0x34, 0x87, 0xF8, 0xEC, 0x66,
    0x54, 0x80, 0x92, 0x49, 0x7B, 0xFE, 0x9B, 0xFE, 0x51, 0x03, 0x34, 0x97, 0xFE, 0x5D, 0xF6, 0x3C,
    0x5B, 0x80, 0x39, 0x81, 0x5A, 0xE3, 0xA9, 0xC2, 0x5D, 0x3E, 0xC1, 0xAC, 0xF9, 0xE1, 0x45, 0x81,
    0xC8, 0x77, 0xEF, 0x11, 0x7F, 0x76, 0xBC, 0x9A, 0xA1, 0x0C, 0x60, 0x16, 0xB0, 0xEA, 0xEE, 0x0B,
    0xB8, 0x55, 0xD9, 0xC2, 0x6B, 0x0F, 0xD6, 0xF6, 0xC5, 0xBF, 0x79, 0xA8, 0xCD, 0x60, 0x3E, 0x9D,
    0xA0, 0x29, 0xA6, 0xB6, 0x98, 0x60, 0x9D, 0xFB, 0x5D, 0x31, 0xC2, 0x8A, 0x2F, 0x7C, 0x39, 0x40,
    0xC7, 0x7E, 0x54, 0xB9, 0xA3, 0x75, 0x31, 0xD6, 0xF9, 0xDD, 0xE8, 0xC5, 0x9C, 0x1C, 0x89, 0x32,
    0x65, 0x8F, 0x4D, 0xF9, 0x53, 0xA7, 0x0C, 0x6A, 0xCE, 0xEB, 0x6D, 0xCE, 0xE1, 0x1C, 0xE3, 0x59,
    0x79, 0xC6, 0xF0, 0xF6, 0xE7, 0xF0, 0x0E, 0x70, 0x73, 0x26, 0xD9, 0x45, 0x8E, 0x31, 0xBC, 0xEB,
    0x73, 0x78, 0x9B, 0x3E, 0x86, 0x77, 0x35, 0xE0, 0x23, 0xBF, 0xCC, 0x47, 0x7A, 0x6A, 0x62, 0x45,
    0x50, 0x0B, 0x1D, 0x91, 0xEB, 0x8E, 0xE6, 0x1C, 0xDE, 0xF5, 0x39, 0xAE, 0xCD, 0xCF, 0xA3, 0xA8,
    0x3E, 0x8B, 0x71, 0x5D, 0xBC, 0xEA, 0x95, 0x56, 0x2E, 0x2E, 0xB2, 0x92, 0x33, 0xA9, 0x3D, 0x91,
    0x53, 0x0B, 0x60, 0xE5, 0x19, 0xA9, 0xCA, 0xDA, 0x97, 0x99, 0xC0, 0x06, 0xEC, 0x90, 0x05, 0xA8,
    0xC6, 0xB8, 0x5D, 0x7B, 0xF5, 0x3C, 0xF7, 0xC6, 0xA9, 0xA3, 0x16, 0xC5, 0x26, 0xE2, 0x3A, 0xE2,
    0x0A, 0x75, 0x58, 0xB1, 0x18, 0x15, 0xAB, 0x61, 0x0D, 0x18, 0xD7, 0x02, 0x2D, 0xF5, 0xB9, 0x36,
    0x8F, 0x94, 0x33, 0xE5, 0x81, 0xCD, 0x00, 0x71, 0x9B, 0xE2, 0xA1, 0x9A, 0x8D, 0x25, 0x3D, 0xA2,
    0xB8, 0x58, 0xD2, 0xCF, 0x65, 0x6D, 0xC2, 0x38, 0x8A, 0x13, 0xA2, 0x68, 0x55, 0x33, 0x75, 0xCC,
    0x94, 0x06, 0xFD, 0xC1, 0x9A, 0x6C, 0x9F, 0x76, 0x2E, 0x6D, 0xFB, 0xFB, 0xFF, 0x79, 0x59, 0xD3,
    0xB9, 0x65, 0xD4, 0xD3, 0xBE, 0xD4, 0x0E, 0xE3, 0x00, 0xAD, 0x2B, 0x3C, 0x98, 0xA1, 0x1A, 0xD4,
    0xA2, 0x71, 0xB1, 0x56, 0xA1, 0xB8, 0x8E, 0xD8, 0x45, 0xDC, 0x45, 0xDC, 0xA2, 0xBF, 0x09, 0x31,
    0x77, 0x03, 0xD9, 0x68, 0xDC, 0x8E, 0xC2, 0xD7, 0x74, 0x10, 0x6E, 0x68, 0xE1, 0x26, 0x50, 0xF7,
    0xB4, 0x13, 0x26, 0x64, 0xFB, 0x9E, 0x5C, 0xA2, 0xE5, 0x5A, 0xFE, 0xBA, 0x27, 0x4E, 0xFD, 0xBB,
    0xA8, 0xC6, 0x03, 0x59, 0x6C, 0x17, 0x90, 0x01, 0xE0, 0x77, 0xDE, 0x78, 0x32, 0xF5, 0x37, 0x78,
    0x32, 0xF6, 0xB7, 0x3F, 0x99, 0x00, 0x6C, 0xD9, 0x01, 0x33, 0x5D, 0xCA, 0x5F, 0x32, 0x4F, 0x73,
    0xCE, 0xDC, 0xDC, 0x69, 0xE6, 0xFE, 0xBC, 0xD7, 0xCC, 0x15, 0x44, 0xC8, 0x03, 0x64, 0x72, 0x00,
    0x2B, 0xA2, 0xCD, 0xC4, 0xC3, 0x89, 0x40, 0x8C, 0xBC, 0x6C, 0x2A, 0x26, 0xB2, 0x67, 0xC5, 0x08,
    0x14, 0xFE, 0xFE, 0x45, 0x64, 0xFF, 0x2F, 0x80, 0x95, 0x19, 0xF8, 0xB3, 0x23, 0xA9, 0x77, 0x54,
    0xBA, 0x50, 0xF5, 0x8F, 0xF5, 0x5F, 0x2B, 0x30, 0xAC, 0xA1, 0xA1, 0xED, 0xAF, 0x16, 0x55, 0xEC,
    0xCF, 0x9D, 0x53, 0xAB, 0x0E, 0x2A, 0x53, 0x39, 0xF2, 0x94, 0x35, 0xD7, 0xDC, 0xD1, 0xF1, 0x18,
    0xCF, 0x8E, 0xD5, 0xDB, 0x57, 0x34, 0xBB, 0x58, 0xD1, 0xE2, 0x8C, 0x63, 0xC4, 0x01, 0xA0, 0x8C,
    0x58, 0x29, 0x2A, 0x8B, 0x94, 0xAB, 0x60, 0x15, 0x0B, 0x59, 0xE0, 0x5C, 0xD9, 0x69, 0x65, 0x20,
    0x9A, 0xEF, 0x55, 0xA4, 0x0F, 0x21, 0xAA, 0xAF, 0xEA, 0xA3, 0x42, 0xD3, 0xAB, 0x46, 0x9D, 0x5D,
    0xAA, 0x38, 0xEB, 0xB4, 0x67, 0xA5, 0xF5, 0x59, 0x6B, 0x03, 0x06, 0x58, 0x83, 0x05, 0x56, 0x67,
    0xB1, 0x83, 0x1A, 0x08, 0x67, 0xE1, 0xA3, 0x65, 0x55, 0x6B, 0xFB, 0xB3, 0xA2, 0x29, 0xA6, 0x45,
    0x79, 0xFC, 0x9B, 0x23, 0x90, 0x89, 0xCC, 0x00, 0xF5, 0xD1, 0x45, 0x4A, 0x8E, 0x8D, 0xE8, 0xC9,
    0x5E, 0xCE, 0x5C, 0x06, 0x65, 0xA6, 0xC6, 0xD4, 0xEB, 0x1A, 0xB2, 0x19, 0x3A, 0x20, 0xC4, 0x93,
    0x25, 0xDE, 0x66, 0x17, 0x19, 0xD3, 0x45, 0x8E, 0xAC, 0xB1, 0xDC, 0xF7, 0x40, 0xD4, 0xEC, 0x00,
    0x2C, 0x33, 0x80, 0xF9, 0xC0, 0x47, 0xF1, 0xB3, 0x21, 0x8A, 0xBF, 0xEF, 0x01, 0xAA, 0x57, 0x00,
    0x9A, 0xA2, 0x00, 0xC5, 0x72, 0x16, 0x9E, 0x44, 0xE9, 0x86, 0x5C, 0x16, 0x25, 0x75, 0x20, 0x97,
    0xA0, 0x51, 0x70, 0x04, 0xAB, 0xFC, 0x8A, 0x23, 0x34, 0x4A, 0xA1, 0x7C, 0x05, 0x9D, 0x72, 0x34,
    0x4F, 0xD2, 0xC7, 0x00, 0x6B, 0x23, 0xB5, 0x99, 0xC6, 0x46, 0x72, 0x81, 0xCE, 0x44, 0x7A, 0x81,
    0x60, 0x5C, 0x7C, 0x50, 0x99, 0x37, 0xAE, 0x01, 0xBA, 0x62, 0x32, 0x7D, 0x07, 0xAC, 0xCA, 0x41,
    0x53, 0x09, 0xD6, 0xA6, 0xAF, 0x3E, 0xF5, 0xA0, 0x93, 0xCB, 0x5F, 0x8E, 0x40, 0xDD, 0x50, 0x7E,
    0x36, 0x00, 0x75, 0x47, 0xF9, 0x2B, 0x07, 0xD8, 0x40, 0x21, 0x00, 0xC6, 0x27, 0xCA, 0x66, 0xA2,
    0x08, 0xA9, 0x69, 0x2F, 0x7C, 0x4A, 0xF8, 0xD3, 0xA9, 0x42, 0x44, 0x3D, 0xD2, 0x3B, 0x64, 0x33,
    0x2D, 0xC0, 0xC2, 0x0E, 0xA0, 0x51, 0x9A, 0x50, 0xA7, 0x90, 0xF9, 0x5B, 0x07, 0x50, 0x1D, 0x00,
    0x92, 0xBA, 0xA4, 0x0C, 0x13, 0x00, 0x68, 0xE3, 0x34, 0x96, 0x06, 0x88, 0x09, 0x1F, 0xE3, 0xCD,
    0x44, 0x72, 0x54, 0x23, 0xF0, 0x5C, 0x67, 0xA8, 0x9D, 0x7C, 0x8E, 0x1C, 0x52, 0xA8, 0x9D, 0x84,
    0x8E, 0x8D, 0xF4, 0xE7, 0x53, 0x9F, 0xDB, 0xA4, 0x3F, 0xD3, 0xB9, 0x0B, 0x35, 0x69, 0x63, 0xA7,
    0x61, 0x06, 0xEA, 0x18, 0xDC, 0xB6, 0x1A, 0x22, 0xAD, 0xC4, 0x2A, 0x91, 0x52, 0xC3, 0xDF, 0x30,
    0xFE, 0x35, 0xE6, 0x13, 0xA6, 0x92, 0x12, 0x11, 0x3C, 0xDC, 0x92, 0x4D, 0x64, 0x81, 0x7C, 0x54,
    0x26, 0x80, 0xED, 0x41, 0x2F, 0x83, 0x5E, 0x86, 0x37, 0x2F, 0x13, 0xEE, 0xED, 0x46, 0xDE, 0xD0,
    0x02, 0xB0, 0x24, 0x52, 0x4C, 0x98, 0x41, 0xD5, 0xB6, 0xA8, 0xDA, 0xFD, 0x45, 0xE3, 0x4C, 0x25,
    0xFD, 0x7D, 0xF7, 0x74, 0x7D, 0xD1, 0x39, 0xE9, 0xE8, 0x2E, 0x3A, 0x27, 0x0F, 0x5C, 0x74, 0x4E,
    0xEA, 0x9E, 0x3A, 0xA7, 0xA3, 0x54, 0x35, 0x17, 0x8D, 0xD8, 0xA5, 0xBA, 0xC7, 0x49, 0x65, 0x7B,
    0x00, 0x80, 0xEF, 0xF2, 0xC9, 0xE9, 0xF8, 0xE8, 0x74, 0xFC, 0x28, 0x1E, 0x2B, 0xDE, 0x3B, 0x1D,
    0x3F, 0xE0, 0x5D, 0xFE, 0x3F, 0xEF, 0x9C, 0x0E, 0x43, 0x45, 0x45, 0x49, 0xE9, 0x0A, 0x57, 0xF4,
    0xA7, 0x63, 0xC8, 0x87, 0xAC, 0xC7, 0x0A, 0x60, 0xDF, 0xD4, 0x7B, 0x4F, 0xF3, 0xE9, 0xD7, 0xA9,
    0x66, 0x3A, 0xA6, 0xAF, 0x53, 0x2D, 0x75, 0xF4, 0x6F, 0x52, 0x7D, 0xF4, 0x95, 0xE7, 0x9B, 0x85,
    0xFB, 0xBF, 0x38, 0x3F, 0xEE, 0x3C, 0x77, 0xF0, 0xDE, 0x0A, 0xEE, 0x1E, 0x93, 0x4D, 0x8F, 0x28,
    0x06, 0x83, 0xA1, 0xEC, 0x57, 0x14, 0xC3, 0x47, 0xE4, 0x43, 0x6A, 0xEB, 0xDD, 0xE6, 0x34, 0x9A,
    0xA6, 0xAD, 0x6B, 0xCB, 0x7E, 0x8A, 0x6B, 0x5B, 0x0E, 0xB7, 0x54, 0xAE, 0x21, 0xE6, 0xA3, 0x1C,
    0xB0, 0xCF, 0x3A, 0x56, 0x74, 0xDC, 0xB1, 0x63, 0x26, 0x10, 0xAA, 0xC0, 0xFE, 0x20, 0xAE, 0x9E,
    0x6E, 0xC9, 0xC3, 0x39, 0xC9, 0xB3, 0xEE, 0xBF, 0xE9, 0x5A, 0xFF, 0xE9, 0x48, 0x21, 0x32, 0xEA,
    0xA7, 0x94, 0x72, 0xC8, 0xE6, 0x72, 0x20, 0x54, 0x3D, 0x5B, 0xED, 0x4E, 0x8C, 0xC3, 0x1B, 0x97,
    0x7B, 0xDB, 0x97, 0x63, 0x3D, 0x3D, 0xE9, 0xD7, 0x72, 0x64, 0x55, 0x4F, 0x50, 0x1F, 0xC8, 0x44,
    0xFA, 0x72, 0xB6, 0x83, 0xE9, 0x8B, 0xA1, 0x26, 0x77, 0x6B, 0xA0, 0xBB, 0x18, 0x37, 0xBC, 0x43,
    0xDB, 0xDF, 0x62, 0x24, 0x9C, 0x3F, 0x87, 0x90, 0x2D, 0x90, 0x1F, 0x21, 0x6B, 0xDE, 0xD2, 0x53,
    0x07, 0x60, 0xC6, 0x06, 0x9F, 0x89, 0xF8, 0x72, 0xAE, 0xFC, 0x49, 0xF7, 0x54, 0xC7, 0x6D, 0xB9,
    0x18, 0x3A, 0xCA, 0x41, 0x4B, 0x5F, 0x87, 0xE9, 0x6F, 0xA8, 0x5D, 0xFB, 0xFE, 0xDE, 0x59, 0xF9,
    0x95, 0xBF, 0x3A, 0x56, 0x13, 0x00, 0xF5, 0x1C, 0xF7, 0xB4, 0x72, 0x6A, 0xD1, 0xD2, 0x73, 0x8D,
    0xA1, 0x3D, 0xEF, 0x3C, 0x17, 0x9C, 0x1E, 0xD0, 0xBE, 0xAF, 0xBB, 0x93, 0xA7, 0x14, 0x07, 0xEC,
    0x7B, 0x0A, 0xF1, 0x68, 0x1D, 0x32, 0x3F, 0x9D, 0x30, 0xEF, 0xF7, 0xF7, 0x5D, 0xFF, 0x75, 0xCC,
    0xA7, 0x38, 0xEE, 0x15, 0x6C, 0x49, 0x2C, 0x2F, 0x62, 0xD7, 0x43, 0x91, 0x82, 0xA2, 0x1C, 0x60,
    0x33, 0xC0, 0xDE, 0xC1, 0x03, 0x80, 0x5C, 0x7E, 0x36, 0x61, 0x45, 0x26, 0x9A, 0x93, 0x59, 0x02,
    0x3B, 0xF0, 0xE7, 0x1A, 0xBA, 0x3D, 0x81, 0xCE, 0x5F, 0xAA, 0x89, 0x5C, 0xA4, 0xA7, 0xFC, 0x2C,
    0x80, 0x71, 0x90, 0x60, 0x02, 0x4A, 0xD1, 0x7E, 0xF2, 0x95, 0x04, 0xAE, 0xC9, 0x16, 0x3A, 0xE8,
    0x08, 0x0A, 0x51, 0xD9, 0xD1, 0x3D, 0xF4, 0xB4, 0x71, 0xAE, 0xFC, 0x33, 0x50, 0xF7, 0x40, 0x3B,
    0x00, 0xDF, 0x7B, 0xEB, 0x6B, 0x87, 0xBB, 0x6C, 0xCB, 0xB9, 0xAE, 0x67, 0x68, 0xE5, 0x08, 0xED,
    0xB3, 0x0D, 0xDC, 0x52, 0x43, 0xA7, 0xB0, 0xE3, 0x1A, 0x02, 0x6B, 0x98, 0x15, 0x12, 0xE7, 0x1D,
    0xB9, 0x42, 0x7B, 0x44, 0xDC, 0x09, 0x36, 0x0E, 0xF8, 0x16, 0xF9, 0x54, 0x78, 0xF5, 0x1E, 0xEA,
    0xA1, 0x1D, 0x8B, 0x31, 0xFD, 0xBF, 0x54, 0x6F, 0x9C, 0xAE, 0x83, 0xA5, 0x9E, 0xA2, 0x2F, 0xDC,
    0x91, 0x05, 0xF0, 0x90, 0xEA, 0xAC, 0x9E, 0xCC, 0xE0, 0xD3, 0x67, 0x65, 0xDD, 0x6A, 0x46, 0x8A,
    0x81, 0x72, 0x50, 0xDA, 0xE9, 0x8B, 0xB4, 0xBB, 0xFF, 0x22, 0xFD, 0xA0, 0xA3, 0x0D, 0xD4, 0x23,
    0x6C, 0x00, 0xE9, 0xC1, 0xA4, 0xC4, 0xB3, 0x6F, 0x7B, 0x59, 0x6B, 0x85, 0x5D, 0x7B, 0x24, 0xD8,
    0x9E, 0xF9, 0x16, 0x3E, 0x9F, 0xC9, 0xBE, 0xD4, 0x70, 0x3C, 0x52, 0x2C, 0x2D, 0xC5, 0xA4, 0xBB,
    0x96, 0xD1, 0x1E, 0xF0, 0xCF, 0xF7, 0x4B, 0x75, 0x90, 0xA5, 0x98, 0xAB, 0xC9, 0xF8, 0x6F, 0xFB,
    0xCC, 0xE7, 0x3E, 0x9F, 0xDE, 0x74, 0xE5, 0x9A, 0x86, 0x75, 0x4C, 0xB9, 0x1D, 0xFB, 0x5E, 0xFD,
    0x2F, 0xFD, 0xBE, 0xDF, 0x8F, 0x95, 0xC8, 0xBF, 0x8B, 0xE7, 0x98, 0x1F, 0xF3, 0x40, 0x60, 0x21,
    0x30, 0xEB, 0x91, 0x79, 0x3C, 0x73, 0xEE, 0x33, 0xD5, 0x38, 0xA9, 0x3C, 0xE9, 0x9C, 0x54, 0xB3,
    0xCA, 0x72, 0x28, 0x86, 0x62, 0xDC, 0x2F, 0xE5, 0x52, 0x2C, 0xB2, 0x54, 0x27, 0x04, 0x50, 0x9D,
    0x9B, 0xA9, 0xFA, 0x52, 0x16, 0xC4, 0x2D, 0x2C, 0x74, 0xCC, 0x74, 0x99, 0xA7, 0xD3, 0x87, 0x9F,
    0x4F, 0x84, 0x62, 0x64, 0x3E, 0x0D, 0x4D, 0x57, 0xBF, 0x5F, 0x32, 0x91, 0x85, 0x63, 0xAC, 0x84,
    0x36, 0xA6, 0xE5, 0x50, 0xCE, 0x0F, 0x27, 0xD3, 0xE7, 0xBE, 0x3E, 0x77, 0xF0, 0x5E, 0xD7, 0xAE,
    0x23, 0x9F, 0x3A, 0x8A, 0xF1, 0x06, 0x33, 0xB4, 0xFD, 0x06, 0x23, 0xCB, 0x39, 0x2D, 0x37, 0x3F,
    0x39, 0xC2, 0xFE, 0x63, 0x19, 0x30, 0xE1, 0xE1, 0x84, 0x19, 0x8B, 0xF4, 0x01, 0xDF, 0x92, 0x80,
    0x6B, 0xF2, 0x89, 0x86, 0x62, 0x60, 0x8D, 0xE9, 0x69, 0xDD, 0x1E, 0x36, 0x12, 0xE0, 0xB9, 0x2A,
    0x08, 0x00, 0x33, 0x80, 0x07, 0x32, 0x85, 0x5C, 0xA1, 0x15, 0x85, 0x23, 0xC0, 0x93, 0xC9, 0xE7,
    0x72, 0x9C, 0xCC, 0x54, 0x8F, 0xB5, 0x33, 0xE3, 0x9A, 0x32, 0xA6, 0xF3, 0x96, 0xAA, 0xDF, 0x62,
    0x74, 0xB8, 0x1D, 0x56, 0x15, 0x6B, 0xB2, 0x70, 0x75, 0xBC, 0xFD, 0xED, 0x6F, 0xDC, 0x46, 0xB4,
    0x70, 0xBB, 0xD2, 0x3F, 0x19, 0xAB, 0x2F, 0xC4, 0x23, 0x1F, 0x78, 0x96, 0x7C, 0x62, 0xCE, 0xFB,
    0x98, 0x8A, 0x97, 0x5B, 0x49, 0x4A, 0xC7, 0xBD, 0x80, 0x1C, 0x81, 0xFD, 0x5C, 0xCA, 0xC1, 0xF4,
    0xB7, 0x96, 0x77, 0xAD, 0xC3, 0x68, 0x14, 0x8C, 0x7C, 0x4F, 0x73, 0xFB, 0x29, 0xAB, 0xE7, 0x59,
    0xD8, 0x88, 0xB7, 0xE2, 0xF8, 0x21, 0x5C, 0x44, 0x65, 0x2D, 0x53, 0x2B, 0xE3, 0x1B, 0x51, 0xF9,
    0xC0, 0xB0, 0xB2, 0x74, 0xF6, 0xA7, 0xB3, 0x11, 0x9F, 0x8B, 0xAB, 0xBD, 0x09, 0xED, 0x64, 0xCE,
    0x0B, 0x33, 0x64, 0x71, 0x61, 0xAA, 0x21, 0x9F, 0xAA, 0xBE, 0x98, 0x8C, 0x2B, 0x46, 0xE3, 0xF4,
    0x35, 0xC3, 0x0C, 0x66, 0xDC, 0x0C, 0x46, 0xBE, 0x0C, 0xB9, 0xFC, 0x78, 0xAE, 0x25, 0x93, 0xB9,
    0x3D, 0xE6, 0xE2, 0x0B, 0x4F, 0x73, 0x4E, 0x2C, 0xE6, 0x6C, 0x06, 0x6D, 0xBE, 0xD8, 0x55, 0x03,
    0x74, 0xD6, 0xC1, 0xBA, 0x49, 0xED, 0x08, 0xF5, 0x0C, 0xD8, 0x29, 0xED, 0xC9, 0xB5, 0xF0, 0x5C,
    0x55, 0x08, 0xC7, 0x93, 0x28, 0x7C, 0x7E, 0xA4, 0x25, 0xF7, 0x85, 0xD0, 0x91, 0xCD, 0xE6, 0x15,
    0x01, 0x82, 0x7D, 0x92, 0x7B, 0x58, 0x5A, 0xFB, 0x93, 0x11, 0x76, 0x37, 0xE6, 0x8F, 0x7B, 0xB8,
    0x59, 0xCC, 0xC7, 0x40, 0xEB, 0xCD, 0x41, 0xC5, 0x64, 0x96, 0x98, 0xBA, 0x95, 0x07, 0x6C, 0x5F,
    0x4E, 0x50, 0xCA, 0x3F, 0xC8, 0x58, 0xC9, 0x67, 0xDA, 0xCA, 0xE4, 0x33, 0xD8, 0x3F, 0x1A, 0x52,
    0xFF, 0x58, 0xE8, 0x14, 0xBD, 0x44, 0xB5, 0x00, 0xF6, 0x39, 0x70, 0x13, 0x3B, 0x56, 0xDB, 0xB3,
    0x5F, 0xB4, 0x32, 0x2C, 0x9B, 0x43, 0x7C, 0x0F, 0x3C, 0x54, 0x47, 0xF6, 0x0B, 0x8D, 0x92, 0xAD,
    0xB1, 0x0E, 0x4B, 0x03, 0xC6, 0x75, 0x60, 0xFA, 0x40, 0xAC, 0xB9, 0xE7, 0xBE, 0xAF, 0xD0, 0x9E,
    0xAF, 0x78, 0xE5, 0x20, 0x3F, 0x02, 0xF9, 0x82, 0x2A, 0x4C, 0x71, 0x14, 0x57, 0xF2, 0x81, 0xE9,
    0x35, 0x9B, 0x81, 0x36, 0x92, 0x1D, 0x51, 0x92, 0x32, 0x55, 0x22, 0xA3, 0x71, 0x76, 0x30, 0x34,
    0x7C, 0x27, 0x0B, 0xA0, 0xEC, 0x6B, 0x07, 0xCF, 0x95, 0xE5, 0x15, 0x66, 0x30, 0xB4, 0x18, 0x6D,
    0x50, 0xD2, 0x4B, 0xE9, 0x87, 0xFA, 0x13, 0x93, 0xFE, 0x8F, 0x50, 0xCF, 0xA7, 0xF1, 0xBC, 0x4B,
    0x6B, 0x8E, 0x27, 0x1F, 0x79, 0xD8, 0x73, 0x0B, 0x55, 0x4F, 0x5A, 0xF6, 0x73, 0x25, 0x42, 0xCF,
    0x47, 0x17, 0x53, 0xAF, 0xA1, 0x1A, 0xE0, 0x3B, 0x60, 0xE3, 0x79, 0x0D, 0x0D, 0xAC, 0xA1, 0x8B,
    0xE7, 0x16, 0xBE, 0x49, 0x81, 0x23, 0x15, 0xB8, 0x6B, 0x58, 0xA7, 0xD9, 0xEC, 0xE2, 0x6C, 0xAE,
    0xE0, 0x6A, 0x02, 0x0F, 0x77, 0x89, 0x5C, 0x36, 0x91, 0x47, 0x15, 0xAA, 0xA5, 0xA7, 0xEA, 0x15,
    0x8B, 0x97, 0x64, 0x81, 0xCA, 0x29, 0xB9, 0x35, 0xAC, 0xD2, 0x49, 0x97, 0x5C, 0xE3, 0x13, 0xF0,
    0x6A, 0xBA, 0x81, 0xDC, 0x71, 0xFB, 0x1F, 0x77, 0xCF, 0x1E, 0x39, 0xE0, 0xBF, 0x00, 0xCD, 0xD9,
    0x01, 0x84, 0x65, 0x69, 0x7A, 0x37, 0xF0, 0xDF, 0x39, 0x67, 0x7A, 0xCE, 0x7E, 0x73, 0xA6, 0xEB,
    0x1D, 0xF4, 0xB2, 0xDF, 0x37, 0xDD, 0x7D, 0x06, 0x8B, 0xFD, 0x56, 0x77, 0x9F, 0x46, 0x7F, 0x14,
    0x5F, 0x55, 0xDD, 0x33, 0x09, 0x90, 0x65, 0x35, 0x76, 0x17, 0xD9, 0xB0, 0x03, 0x58, 0xA0, 0x0B,
    0xBD, 0x34, 0xB9, 0x55, 0x75, 0x92, 0x25, 0xB0, 0x91, 0x6D, 0x24, 0x10, 0xD8, 0x01, 0xB0, 0xA0,
    0x42, 0x93, 0x16, 0xB5, 0x73, 0xDF, 0xEC, 0x24, 0x06, 0x83, 0x9C, 0x58, 0xC0, 0x86, 0x3D, 0xC9,
    0x0E, 0x90, 0xC8, 0x1C, 0x9B, 0x2B, 0x7B, 0xC7, 0xDE, 0x5B, 0x6F, 0x6E, 0xDD, 0xAB, 0x8C, 0x09,
    0xB3, 0x89, 0xB2, 0x9B, 0xDE, 0x73, 0xCF, 0xFF, 0xFF, 0xBE, 0xCA, 0xF9, 0x3F, 0xEF, 0xFF, 0x79,
    0x9E, 0x53, 0xA7, 0xEA, 0xBC, 0x37, 0x1B, 0x8B, 0xF5, 0x27, 0x6B, 0xC9, 0x9F, 0x16, 0x7D, 0xD1,
    0x97, 0xB1, 0x8A, 0xA1, 0x5B, 0x7F, 0xDA, 0x5A, 0x63, 0xE2, 0xC0, 0x91, 0x23, 0x67, 0x96, 0x18,
    0xB6, 0xB8, 0x77, 0x57, 0xB6, 0x9A, 0x74, 0xE5, 0xBF, 0xFF, 0x24, 0x86, 0x6F, 0x7F, 0x3B, 0x36,
    0xC5, 0x1F, 0xB6, 0xFB, 0x65, 0x6B, 0x5A, 0x31, 0x0D, 0x5B, 0x1C, 0xED, 0xEC, 0x98, 0xFC, 0xF1,
    0xB1, 0xF0, 0xA3, 0x85, 0xFC, 0xDD, 0xA7, 0xEC, 0x61, 0x17, 0x4E, 0x06, 0x59, 0x5A, 0x28, 0xC6,
    0x35, 0xFA, 0x67, 0xCA, 0xF8, 0xB6, 0x2A, 0x12, 0x3A, 0x42, 0x2B, 0x4B, 0x69, 0x03, 0x0D, 0xEE,
    0x61, 0xDF, 0x16, 0x53, 0x5B, 0x3C, 0xC7, 0x82, 0x2F, 0x7E, 0xED, 0xFB, 0xED, 0x71, 0x48, 0xDD,
    0x37, 0x7F, 0xF7, 0xFB, 0x9A, 0x81, 0x49, 0x04, 0xA0, 0xE8, 0x9C, 0x66, 0x3F, 0xFE, 0x79, 0x74,
    0x70, 0xC6, 0x18, 0xE4, 0xB1, 0x52, 0x6C, 0x70, 0x5D, 0x36, 0x3C, 0x51, 0xCE, 0xFE, 0xC1, 0xAD,
    0xFF, 0x13, 0x7C, 0x5E, 0x6E, 0x92, 0xE2, 0x49, 0xEA, 0xB6, 0x67, 0x3E, 0x2A, 0x07, 0xD9, 0x5C,
    0x88, 0x2C, 0x34, 0x38, 0x73, 0x84, 0x7D, 0x0B, 0x4C, 0xF2, 0x11, 0x75, 0x19, 0x11, 0xBE, 0xDB,
    0xA2, 0x3A, 0x47, 0x93, 0x52, 0x62, 0xB2, 0x61, 0xC5, 0x60, 0x33, 0x3F, 0xE7, 0x24, 0xA5, 0x15,
    0xCA, 0x08, 0xD5, 0x86, 0x43, 0x87, 0x22, 0x2D, 0x3F, 0xE6, 0xBE, 0x8C, 0xDB, 0x7A, 0x87, 0x36,
    0xA8, 0x01, 0x70, 0xF9, 0x93, 0xC6, 0x81, 0x7D, 0x7B, 0x34, 0x0B, 0x3E, 0xA8, 0xE5, 0xB1, 0x54,
    0xB4, 0x14, 0x91, 0x2C, 0x0D, 0x9B, 0x38, 0x95, 0x23, 0x3B, 0x6E, 0xAD, 0x71, 0x5D, 0xDD, 0xDE,
    0x14, 0xCE, 0xE7, 0xCA, 0x34, 0xE2, 0x19, 0x1E, 0xB8, 0xEF, 0xD0, 0xE3, 0x6C, 0xD0, 0xA4, 0x16,
    0xF0, 0xA0, 0xBF, 0x1F, 0x79, 0x3D, 0x75, 0x64, 0x1F, 0x65, 0x0B, 0x02, 0x35, 0x8F, 0x29, 0xBA,
    0xAC, 0x47, 0x5F, 0xB4, 0xF5, 0x3B, 0x4E, 0x77, 0xCC, 0x43, 0x7B, 0x78, 0x33, 0xEF, 0x83, 0xFB,
    0x0F, 0xCA, 0x78, 0xD7, 0x83, 0xFB, 0xA1, 0xE5, 0xFE, 0x61, 0xB0, 0xE6, 0xD3, 0x80, 0xC3, 0xB7,
    0x03, 0xFA, 0xC3, 0xD0, 0xED, 0x64, 0xF1, 0xB0, 0xEC, 0x77, 0x8B, 0xF6, 0x41, 0x96, 0xFA, 0x57,
    0xDC, 0x61, 0x8D, 0x1D, 0x9C, 0x2A, 0xBA, 0x8B, 0xD3, 0xC2, 0x11, 0xEA, 0xF4, 0x14, 0xA0, 0x9C,
    0xBB, 0x35, 0x75, 0xE3, 0xA6, 0x57, 0xCE, 0x3C, 0xB8, 0xE3, 0xED, 0x5D, 0xC3, 0x73, 0xC7, 0x47,
    0x3E, 0xFB, 0xD5, 0x87, 0x10, 0x63, 0xF1, 0x6E, 0xAC, 0xBF, 0xDB, 0x1D, 0x1D, 0x39, 0x3B, 0xD2,
    0x34, 0x42, 0x50, 0x16, 0x60, 0x5B, 0x66, 0x27, 0x6B, 0x70, 0x1B, 0x77, 0xB1, 0x87, 0x1B, 0x70,
    0x92, 0xE2, 0x2C, 0x45, 0x7C, 0x05, 0x1E, 0xA5, 0x9E, 0xE2, 0xFC, 0xEB, 0x4B, 0xEA, 0xCE, 0x84,
    0x33, 0xAA, 0x98, 0xFD, 0xD3, 0xF7, 0xFF, 0xB4, 0xE8, 0x8B, 0xF7, 0x52, 0xCA, 0xC6, 0xA0, 0x2F,
    0xBB, 0xF1, 0x96, 0x98, 0x77, 0xA7, 0x7B, 0x59, 0x2C, 0xDA, 0xD3, 0xDD, 0xBC, 0xAB, 0x9C, 0x3E,
    0x2E, 0xD2, 0xDC, 0xF8, 0xB8, 0xF8, 0xAD, 0x68, 0x7C, 0x56, 0x64, 0x31, 0xEB, 0x1F, 0x97, 0xFA,
    0x22, 0x3E, 0xA9, 0xFC, 0xB4, 0x6A, 0xF7, 0x4E, 0xE2, 0x71, 0xED, 0x1E, 0xA6, 0x42, 0x27, 0x1F,
    0x15, 0x73, 0x4D, 0xC7, 0xA6, 0xF3, 0xDB, 0xF2, 0x02, 0xCC, 0xC6, 0x34, 0xBE, 0xDC, 0xFE, 0xDF,
    0x78, 0x3F, 0xFE, 0xFF, 0xF6, 0x25, 0xEE, 0xB2, 0xC7, 0x9E, 0x90, 0x86, 0x90, 0x7A, 0xCF, 0x18,
    0x2F, 0x4F, 0x30, 0x4B, 0x17, 0xA7, 0x59, 0x5F, 0xF4, 0x63, 0xE9, 0xC1, 0x35, 0xF7, 0x39, 0x95,
    0x47, 0xF7, 0xE4, 0x1F, 0xB8, 0xCD, 0xAE, 0xF8, 0xAD, 0xAF, 0xAD, 0x93, 0xEC, 0x8A, 0xB4, 0xF4,
    0xD5, 0x67, 0xF2, 0x28, 0x70, 0x74, 0x21, 0xE1, 0x94, 0x43, 0x0E, 0xDF, 0x30, 0xEC, 0x7F, 0x3D,
    0x56, 0x2B, 0x3B, 0x77, 0x1E, 0xA8, 0xE2, 0x64, 0x10, 0xBA, 0x35, 0xA5, 0xB6, 0xE8, 0xB3, 0x0F,
    0x95, 0x31, 0xFF, 0xBB, 0x2D, 0x55, 0x5D, 0xF1, 0xAF, 0x42, 0x57, 0xAC, 0x84, 0xB6, 0xFC, 0x81,
    0x5A, 0x79, 0x64, 0xA2, 0x9A, 0xBC, 0x99, 0x84, 0x49, 0xFA, 0x70, 0x08, 0xD5, 0x2A, 0xF4, 0x35,
    0xDC, 0x86, 0xBB, 0xB0, 0xF7, 0x49, 0x7A, 0x62, 0x5B, 0xE8, 0x55, 0x91, 0xD2, 0x32, 0xAC, 0xD1,
    0xAC, 0x31, 0x49, 0x69, 0xB1, 0xC6, 0x7C, 0x8D, 0xF1, 0x02, 0xCD, 0x1A, 0x55, 0x4A, 0x03, 0x3F,
    0x8B, 0xFC, 0x5B, 0xE4, 0xA7, 0x51, 0xF6, 0xA3, 0x4E, 0xFE, 0x5E, 0xAB, 0x78, 0xDF, 0x16, 0xDF,
    0xA5, 0xFC, 0x32, 0xD5, 0x2D, 0xAA, 0x3B, 0x84, 0x3B, 0xAE, 0x99, 0x38, 0xB1, 0x2F, 0x74, 0xB7,
    0xED, 0x29, 0xC7, 0x6C, 0xD0, 0x67, 0x31, 0x8F, 0x79, 0x57, 0x74, 0x45, 0x5B, 0xAA, 0xD4, 0xED,
    0x2C, 0xE6, 0x0B, 0xE1, 0x1B, 0x76, 0x8B, 0xEE, 0xB0, 0xE8, 0x4E, 0xD7, 0x1D, 0x2C, 0xED, 0xDE,
    0x55, 0x0F, 0xDB, 0x7B, 0xC9, 0xAB, 0xAF, 0xBA, 0x7D, 0x5B, 0xFD, 0x8D, 0xB6, 0x7C, 0x2F, 0x56,
    0xEF, 0xC7, 0x83, 0x03, 0x4F, 0x9E, 0x78, 0xFA, 0x36, 0x94, 0x23, 0x0C, 0xD0, 0x23, 0x8B, 0x97,
    0x94, 0x47, 0x14, 0x1D, 0x8A, 0xF6, 0x92, 0x4A, 0x15, 0x95, 0x1D, 0xED, 0x2B, 0xF6, 0xF2, 0x7E,
    0xD6, 0x9F, 0x56, 0x51, 0xD6, 0xDF, 0x8B, 0x8A, 0x6E, 0x9D, 0x55, 0x28, 0xDE, 0xED, 0xDC, 0x0A,
    0x45, 0x6B, 0x77, 0xAF, 0x64, 0x9C, 0xA5, 0x61, 0xD3, 0x99, 0xB2, 0xB5, 0x23, 0x70, 0xDD, 0xAB,
    0xA4, 0xE8, 0xCA, 0xEB, 0x5E, 0xF3, 0x8A, 0xFD, 0xB4, 0x5E, 0xF7, 0x2F, 0xBB, 0x53, 0xD9, 0x8F,
    0x3D, 0x50, 0xFC, 0xAD, 0x43, 0x15, 0x83, 0x5B, 0xF2, 0x68, 0x57, 0xC3, 0x98, 0xCF, 0xE5, 0xB1,
    0x6E, 0x95, 0xDD, 0xAE, 0x2E, 0x38, 0xCC, 0xE2, 0xAB, 0x66, 0xA9, 0xB3, 0xAE, 0x86, 0x22, 0x2D,
    0xE1, 0x39, 0xF2, 0x1E, 0x55, 0x8B, 0x3D, 0x98, 0x75, 0xF8, 0xDA, 0x00, 0x87, 0x97, 0xE4, 0xF7,
    0x79, 0xC3, 0xB9, 0x76, 0xAF, 0x5C, 0x16, 0x7D, 0x38, 0x1F, 0xC3, 0x45, 0xBE, 0x07, 0x9B, 0x7C,
    0xBB, 0x6D, 0xBE, 0x77, 0x3F, 0x25, 0xDF, 0x9D, 0x4F, 0xE6, 0x4B, 0xC0, 0xA4, 0x63, 0x82, 0x97,
    0x00, 0x35, 0x6E, 0x63, 0x1F, 0x67, 0xE4, 0x73, 0xEA, 0x9E, 0x73, 0x8A, 0x39, 0xA1, 0xA3, 0xE1,
    0xAD, 0x7D, 0xD9, 0x78, 0x81, 0x03, 0xF9, 0x30, 0x79, 0xFA, 0x7A, 0x1F, 0x52, 0x6A, 0xB3, 0x34,
    0x87, 0x12, 0x14, 0x1D, 0xAA, 0x14, 0x2F, 0x99, 0x93, 0x1E, 0x7E, 0x31, 0x20, 0xFB, 0xD9, 0x88,
    0xE2, 0x1F, 0x47, 0x54, 0x7F, 0x3D, 0x47, 0xDD, 0x2E, 0x30, 0xB1, 0xC4, 0xD4, 0x19, 0x16, 0xA6,
    0xE4, 0xA3, 0x7D, 0xCA, 0xC1, 0x01, 0x21, 0xA5, 0x44, 0xB3, 0xE1, 0x03, 0xEA, 0xD6, 0x19, 0xA1,
    0xCB, 0xE6, 0x84, 0x58, 0x0C, 0x54, 0x71, 0x96, 0x48, 0xAB, 0x74, 0x2E, 0x4B, 0x4B, 0x14, 0x11,
    0x2A, 0x57, 0x76, 0x72, 0xF4, 0xAB, 0x72, 0x52, 0x46, 0xB8, 0xD3, 0xA3, 0x4A, 0xFD, 0x8B, 0x74,
    0x72, 0xE3, 0x1A, 0xCC, 0x5E, 0x45, 0xF6, 0xC3, 0xF9, 0x8B, 0xEF, 0xD1, 0x9D, 0x43, 0xF8, 0xC2,
    0xDB, 0x2F, 0xDE, 0x09, 0x50, 0x46, 0xF8, 0xCC, 0x5B, 0xF0, 0xB9, 0xA7, 0x50, 0xB5, 0x2F, 0xDC,
    0x5B, 0x95, 0xE2, 0xC5, 0xD5, 0x0B, 0x97, 0xB3, 0xF9, 0xD6, 0xC5, 0x9C, 0x71, 0xE3, 0x24, 0x1B,
    0x19, 0x37, 0x6E, 0xF2, 0xED, 0x6C, 0xED, 0x28, 0x1F, 0x40, 0x15, 0xE7, 0xC5, 0xC0, 0xD6, 0x59,
    0xD1, 0xB3, 0x75, 0x57, 0x46, 0xB6, 0x0E, 0xCB, 0x94, 0x96, 0x5B, 0x97, 0xD5, 0x7A, 0xB6, 0x75,
    0x1A, 0x3A, 0xB6, 0x6E, 0x43, 0xCB, 0xD6, 0x71, 0x00, 0xF5, 0x7A, 0x56, 0x63, 0xEB, 0xFC, 0x11,
    0x6C, 0xDC, 0xBF, 0xC3, 0xFF, 0xB6, 0xC9, 0x60, 0xC5, 0x5D, 0x9B, 0x2C, 0x56, 0xEC, 0xD9, 0x64,
    0xB2, 0x3E, 0x96, 0x36, 0xD9, 0x6C, 0x66, 0x3C, 0x3A, 0x6F, 0x95, 0x29, 0x8D, 0x9A, 0x0F, 0x5E,
    0x5E, 0x7A, 0x87, 0xB3, 0x7C, 0xCE, 0x5E, 0xD9, 0x33, 0x0D, 0x1D, 0x4F, 0x6A, 0xB8, 0x07, 0xFB,
    0x30, 0xFD, 0x34, 0x3A, 0x80, 0x09, 0xF9, 0x50, 0x47, 0x55, 0xAC, 0x3E, 0x32, 0x93, 0x6F, 0xD6,
    0x68, 0xD2, 0x53, 0x8A, 0x88, 0xAA, 0xC5, 0x2D, 0x90, 0xF5, 0x60, 0xB0, 0x35, 0x15, 0x6D, 0xB9,
    0x8A, 0xCA, 0x4E, 0xE8, 0x36, 0xDC, 0xAA, 0x5A, 0x01, 0xD4, 0xA0, 0x01, 0x07, 0x60, 0x92, 0xD2,
    0xB0, 0xE1, 0x9E, 0x29, 0x38, 0x03, 0xCF, 0xC1, 0xFC, 0x63, 0xDE, 0xB6, 0x64, 0xCB, 0xF9, 0x20,
    0x1B, 0xCC, 0xD2, 0x85, 0x76, 0x4D, 0xA9, 0x87, 0x53, 0xC8, 0xE3, 0x8B, 0x77, 0x92, 0x8D, 0x50,
    0xEE, 0xBE, 0x78, 0x27, 0xE5, 0x4D, 0x78, 0xE5, 0x0B, 0x2F, 0xDC, 0x49, 0xD1, 0x91, 0x47, 0x2E,
    0x5F, 0x7E, 0x3E, 0x7E, 0x21, 0x22, 0xA0, 0x46, 0x83, 0x03, 0xEC, 0x63, 0x0F, 0x53, 0x9C, 0xE1,
    0x39, 0xE6, 0x5B, 0x64, 0xE3, 0x16, 0xF9, 0xC0, 0x2C, 0xB5, 0x52, 0x42, 0xD6, 0x53, 0xB6, 0xBF,
    0x9E, 0xD8, 0x45, 0xCF, 0xF5, 0xC3, 0x5F, 0x4F, 0xEC, 0xEB, 0x0F, 0xB8, 0xF9, 0x6B, 0x8A, 0xBD,
    0x79, 0xB8, 0x65, 0x6B, 0x4E, 0x9D, 0x2A, 0x7A, 0x34, 0x6C, 0xBA, 0x3D, 0x17, 0x5A, 0x96, 0x02,
    0x7E, 0xA0, 0xC6, 0xBE, 0xED, 0x0A, 0x07, 0x17, 0xFC, 0xC5, 0x1F, 0x60, 0x7F, 0xB2, 0xBC, 0xE0,
    0xCF, 0x6E, 0x57, 0x3B, 0x63, 0x8D, 0xED, 0x6A, 0x73, 0xF2, 0xD1, 0x9C, 0xB2, 0xCF, 0x46, 0x42,
    0x77, 0xC1, 0x27, 0xF2, 0x41, 0xB5, 0xD8, 0x74, 0xBB, 0xB7, 0xA6, 0x8F, 0xC0, 0x8D, 0xCF, 0x80,
    0xF3, 0x3B, 0x90, 0xBF, 0x37, 0x47, 0xFA, 0xFB, 0x37, 0xBF, 0x94, 0xE6, 0xD2, 0x28, 0xAC, 0x51,
    0x2D, 0x38, 0x22, 0x2C, 0x99, 0x12, 0xDE, 0xE1, 0x8C, 0xD0, 0xB0, 0xA0, 0x0E, 0x9D, 0x39, 0x4D,
    0x15, 0x8D, 0x1C, 0x14, 0x43, 0x36, 0xB2, 0x9F, 0x8F, 0xF9, 0xC8, 0x9E, 0x45, 0x3E, 0x6C, 0x9C,
    0x15, 0x3D, 0x67, 0x0E, 0x2E, 0x86, 0xE7, 0x9A, 0x32, 0x32, 0x17, 0xBE, 0xB3, 0x19, 0xAA, 0xF7,
    0x3B, 0xD9, 0xA8, 0xF8, 0xB0, 0x93, 0x8F, 0xF2, 0xD4, 0xCA, 0x07, 0xD2, 0xB6, 0x3E, 0x33, 0x52,
    0x62, 0x02, 0x1E, 0x82, 0x43, 0xB0, 0xEB, 0xF2, 0xDD, 0x6D, 0xFB, 0xBC, 0xAB, 0xE7, 0x59, 0xE2,
    0x84, 0x3A, 0x66, 0x0B, 0xAA, 0xBE, 0x18, 0x28, 0xC6, 0x2A, 0x92, 0x8F, 0xA1, 0x25, 0x1B, 0x6B,
    0x17, 0x7C, 0x6F, 0xC3, 0xFB, 0x1B, 0xDE, 0x43, 0x3E, 0x5C, 0x70, 0xD1, 0x5F, 0x70, 0x15, 0xF7,
    0x11, 0xDA, 0x09, 0x26, 0x9A, 0x6D, 0xF9, 0x7B, 0xE5, 0x5C, 0xB9, 0x72, 0x12, 0x49, 0xE9, 0x1C,
    0xAF, 0xA7, 0xA7, 0xE0, 0x06, 0x78, 0x00, 0xC6, 0xFF, 0xEC, 0xE7, 0x83, 0xFF, 0xA6, 0x9F, 0x83,
    0x5F, 0xB5, 0x9F, 0x7F, 0x81, 0xE2, 0x77, 0x5E, 0x7C, 0x7D, 0xCA, 0xBE, 0xC7, 0xCE, 0x5F, 0x45,
    0xDC, 0x69, 0xA0, 0x79, 0xA1, 0x7E, 0xF2, 0x3F, 0x82, 0xE2, 0x4F, 0xBC, 0xF8, 0x4E, 0xDD, 0x2E,
    0xBB, 0xE6, 0x51, 0x17, 0x56, 0xCA, 0xB9, 0x7A, 0xE9, 0xF8, 0x1D, 0x4F, 0xEE, 0x7A, 0xCD, 0x27,
    0x8E, 0x1D, 0x54, 0xE9, 0x83, 0x09, 0x66, 0x1B, 0xA3, 0xE5, 0x47, 0x4E, 0x46, 0xEA, 0x28, 0x8C,
    0x1C, 0x33, 0x99, 0xB3, 0x60, 0xB9, 0x94, 0x8F, 0x8A, 0xF1, 0x4C, 0xD1, 0xAB, 0xE3, 0x54, 0x19,
    0x1D, 0x9B, 0x0A, 0x5D, 0xB6, 0xB8, 0x18, 0xDA, 0x72, 0xB8, 0x18, 0xD4, 0x9D, 0xE7, 0x82, 0x63,
    0xE6, 0x42, 0xB6, 0x90, 0x8F, 0xC2, 0x97, 0x06, 0x45, 0x2F, 0x7C, 0xD8, 0x0A, 0x51, 0xB5, 0x62,
    0x42, 0xB1, 0x94, 0xAD, 0xA8, 0x52, 0x5B, 0x8F, 0x34, 0xEB, 0xC5, 0x3B, 0x8E, 0x5E, 0x4E, 0x1F,
    0xE0, 0x86, 0x4F, 0x1E, 0x59, 0x0F, 0x0C, 0x98, 0xA4, 0x68, 0xB3, 0x09, 0xD2, 0x49, 0x49, 0x3E,
    0x52, 0x45, 0xC5, 0x40, 0xD5, 0x29, 0x7A, 0x42, 0xA7, 0x88, 0x84, 0x56, 0x19, 0x09, 0x54, 0x91,
    0x9A, 0xD0, 0xD1, 0x10, 0x5A, 0x0E, 0x08, 0xD8, 0xA7, 0xC6, 0xDE, 0x76, 0x38, 0xA3, 0xC1, 0x62,
    0x3B, 0x8C, 0xD4, 0xAD, 0x62, 0xA0, 0xEE, 0xB6, 0x81, 0x06, 0x4D, 0x4B, 0x79, 0xFE, 0xE7, 0xE7,
    0xC8, 0x52, 0x9A, 0x43, 0x73, 0xDE, 0x02, 0x0F, 0x81, 0x01, 0x14, 0xF1, 0x37, 0xDC, 0x67, 0x3E,
    0x72, 0xF9, 0x4F, 0xC0, 0x24, 0xFD, 0xCD, 0x4B, 0xBF, 0x71, 0x3E, 0xCB, 0x9B, 0xB6, 0x06, 0x7F,
    0x53, 0x0B, 0x59, 0x82, 0x5B, 0x7C, 0xFA, 0x66, 0xEA, 0xD2, 0xC7, 0x9B, 0xA9, 0x07, 0xE6, 0x68,
    0x8A, 0x01, 0x75, 0x15, 0x11, 0xBE, 0x07, 0xD5, 0x0A, 0x8A, 0xC5, 0x86, 0xC7, 0x0D, 0x0F, 0x1B,
    0xEE, 0x37, 0x1C, 0xFD, 0x57, 0x9B, 0xA9, 0x1E, 0xE2, 0xF2, 0xAF, 0xFD, 0x05, 0x06, 0x34, 0xA9,
    0x2B, 0x9E, 0xE5, 0xF3, 0xF2, 0xD0, 0x5E, 0xF9, 0x86, 0x9B, 0xD5, 0x5B, 0xAE, 0x87, 0xA7, 0xAE,
    0xEF, 0x74, 0x6E, 0xDE, 0x8A, 0xEE, 0xDC, 0xEC, 0x3C, 0xBE, 0xD3, 0x19, 0x0E, 0xDA, 0xAA, 0xCB,
    0xD3, 0x47, 0xF6, 0x3E, 0xB9, 0xCB, 0x0C, 0x3C, 0x7C, 0x4D, 0xF6, 0xF3, 0x73, 0x79, 0x4A, 0x6D,
    0xB1, 0x6A, 0x62, 0x31, 0x0F, 0x6B, 0x34, 0x5D, 0xB9, 0x9A, 0xA9, 0xD2, 0x52, 0x78, 0x7F, 0x14,
    0x3E, 0x5C, 0x09, 0x29, 0xA9, 0x57, 0xB3, 0xAE, 0x19, 0xEA, 0x6E, 0x12, 0xC3, 0x1A, 0x4D, 0x3B,
    0xE9, 0x4F, 0x9C, 0xA4, 0x95, 0x59, 0x9A, 0x3B, 0x4B, 0x9D, 0x6D, 0x76, 0x91, 0x2C, 0x02, 0xB3,
    0x61, 0xE3, 0xBE, 0x8C, 0xC7, 0xAA, 0xF6, 0x00, 0x07, 0xF2, 0xB4, 0x52, 0x3F, 0x9D, 0xDA, 0x33,
    0xF5, 0xCC, 0x99, 0xB9, 0x85, 0x45, 0xB5, 0x30, 0x5B, 0xA5, 0xB6, 0x19, 0x8E, 0x31, 0x90, 0x47,
    0x8A, 0xF6, 0x6A, 0xFA, 0x7C, 0x60, 0xE7, 0x3E, 0x37, 0x6E, 0x7C, 0xBA, 0xFE, 0xCF, 0xA6, 0xF6,
    0x3F, 0x4D, 0x7F, 0x2D, 0x67, 0xF2, 0x1D, 0xFE, 0x62, 0xC5, 0xC3, 0x87, 0x57, 0xCC, 0x01, 0x3B,
    0xBB, 0x7C, 0xE6, 0x8D, 0xAB, 0xEB, 0x8B, 0x53, 0xFE, 0xD7, 0x1B, 0x6B, 0xBC, 0x45, 0xDE, 0x5D,
    0x25, 0xCE, 0x46, 0xF3, 0x68, 0x58, 0xAB, 0xF2, 0xB4, 0x5C, 0xEB, 0x42, 0x7F, 0xBC, 0x56, 0x36,
    0x1A, 0x0E, 0xF6, 0x34, 0x6B, 0xF5, 0x49, 0x3A, 0xAF, 0xBB, 0xE9, 0x2C, 0x9D, 0x4F, 0x4D, 0x17,
    0x2E, 0x62, 0x2C, 0x98, 0x67, 0x8B, 0x33, 0x9F, 0x5F, 0xBC, 0xBE, 0x3A, 0xC9, 0x16, 0xEB, 0x48,
    0x8F, 0xD2, 0xD0, 0xF4, 0xC7, 0xE5, 0x39, 0xCD, 0x4A, 0x96, 0x52, 0x57, 0xCE, 0xEB, 0x18, 0xBA,
    0x22, 0x36, 0xF2, 0x76, 0x1F, 0x53, 0x1F, 0xE3, 0xC8, 0x8E, 0x49, 0x77, 0x2C, 0xA4, 0x85, 0x3C,
    0x3D, 0x65, 0x8A, 0x91, 0x3C, 0xA2, 0x6C, 0x29, 0x3A, 0xA0, 0x99, 0xCB, 0xD2, 0x4A, 0x39, 0x4C,
    0x84, 0xB6, 0x76, 0x4F, 0x70, 0xB9, 0xE3, 0xFD, 0x71, 0xAC, 0x1B, 0x26, 0x6F, 0x2E, 0xD5, 0x69,
    0x54, 0xA6, 0x96, 0x3C, 0x6E, 0xF5, 0xE1, 0x8A, 0xFA, 0x32, 0x72, 0x73, 0xE0, 0xB5, 0xD7, 0xAE,
    0xA6, 0x87, 0x3B, 0xA7, 0xDC, 0x78, 0xEB, 0x6A, 0xFA, 0xDE, 0x48, 0x13, 0x27, 0xFD, 0xE5, 0x17,
    0x51, 0x55, 0x17, 0xDA, 0x0B, 0x75, 0xAD, 0x19, 0xC2, 0x80, 0xC7, 0x86, 0x3C, 0xFE, 0xD2, 0x2B,
    0xC6, 0xE2, 0x9B, 0xD7, 0x5F, 0xFD, 0xA5, 0x57, 0x28, 0x6F, 0xBE, 0xFC, 0xB9, 0x5F, 0x7E, 0x45,
    0xB6, 0x44, 0x7E, 0x0E, 0xFB, 0x5F, 0xC1, 0xFF, 0x5B, 0x61, 0xF7, 0x62, 0xB6, 0x07, 0x53, 0x38,
    0x83, 0x05, 0xCC, 0xA9, 0x17, 0xA3, 0x2C, 0x5D, 0xE4, 0x31, 0xAF, 0x46, 0xA1, 0x2B, 0x06, 0x8D,
    0xA2, 0xB7, 0xAF, 0x88, 0xA6, 0xCA, 0x0B, 0xAA, 0x2E, 0x28, 0x74, 0x8E, 0x34, 0xED, 0x3A, 0xEF,
    0x59, 0xAB, 0x4E, 0x3F, 0x19, 0xBD, 0x7C, 0x5E, 0x0D, 0x00, 0x0F, 0x6F, 0xC8, 0x97, 0xF7, 0x15,
    0xDF, 0x18, 0x55, 0x55, 0x2C, 0xC7, 0x93, 0xA1, 0xFA, 0x45, 0x5A, 0x4A, 0xED, 0xD2, 0xD2, 0xD4,
    0xDC, 0x34, 0x1B, 0x4D, 0xF3, 0xD1, 0x59, 0x3E, 0x58, 0x14, 0xBD, 0xF9, 0x1A, 0x63, 0x19, 0xB3,
    0x71, 0xB6, 0xCC, 0x52, 0x5A, 0x3A, 0xC7, 0x6B, 0xB2, 0x1E, 0x03, 0x50, 0x6F, 0xEE, 0xC9, 0x58,
    0xCE, 0x5F, 0x1F, 0x42, 0x97, 0x8F, 0x8D, 0x6C, 0xDC, 0x67, 0x9C, 0xCA, 0xD6, 0xC8, 0x87, 0xA9,
    0xA2, 0x3F, 0x12, 0xE2, 0xA4, 0x3B, 0x11, 0xD2, 0x72, 0x7B, 0x4F, 0x3A, 0x45, 0x4F, 0x11, 0xAF,
    0xA6, 0xCF, 0x46, 0xCA, 0x5D, 0x5E, 0x7A, 0xE9, 0x6A, 0xFA, 0x6B, 0x59, 0xAB, 0x79, 0xB7, 0xF5,
    0xE0, 0x9C, 0xD7, 0x6E, 0x5C, 0x31, 0x07, 0x54, 0x77, 0xB8, 0x76, 0x75, 0xFD, 0x48, 0x0F, 0x93,
    0xD4, 0x9E, 0x24, 0xC8, 0xA3, 0xA2, 0x03, 0x80, 0x3C, 0xCA, 0xD2, 0x3F, 0x47, 0x75, 0x4A, 0x9C,
    0xBC, 0x79, 0xCE, 0xA2, 0x48, 0xF2, 0x31, 0x7C, 0x4F, 0xD1, 0x1F, 0xD4, 0xCA, 0xB8, 0x58, 0xD3,
    0x7B, 0xFD, 0x3D, 0xE5, 0x4F, 0xDA, 0x7D, 0xE5, 0xCA, 0x42, 0xB1, 0xAC, 0x46, 0x55, 0x4A, 0x9D,
    0xE6, 0xD1, 0x47, 0xEC, 0x01, 0x60, 0xC4, 0x29, 0x68, 0xC6, 0xB0, 0x98, 0x0C, 0x61, 0xDB, 0xE2,
    0x98, 0x6D, 0x5A, 0x5C, 0xC5, 0x7C, 0xA8, 0xBA, 0x62, 0x08, 0x6D, 0xD1, 0x87, 0xB6, 0x8C, 0xA1,
    0x0D, 0x31, 0xF4, 0x27, 0x31, 0xA4, 0x5F, 0x2C, 0xF2, 0xF4, 0xDB, 0x73, 0x76, 0xB7, 0xFA, 0xAC,
    0xBF, 0xA2, 0x7E, 0x4E, 0xF1, 0x7B, 0x5C, 0xBB, 0x76, 0x35, 0x7D, 0xF6, 0x12, 0xC5, 0x97, 0xAD,
    0xC7, 0xAB, 0xE9, 0x15, 0x2D, 0x02, 0xDC, 0xA2, 0x5C, 0x39, 0x59, 0x55, 0xE7, 0x66, 0x4B, 0x07,
    0x42, 0xD4, 0xA8, 0x5B, 0xB5, 0x03, 0x42, 0x3B, 0x25, 0x74, 0x0B, 0xAA, 0x1F, 0x8E, 0x94, 0xEF,
    0xF6, 0x14, 0xEF, 0x47, 0x8A, 0x0F, 0x5B, 0xF2, 0x73, 0xE4, 0x4B, 0x64, 0x73, 0xE4, 0x23, 0x8A,
    0x9E, 0x1B, 0xA1, 0x63, 0x3A, 0xC1, 0x64, 0x89, 0xA6, 0x87, 0x6A, 0x40, 0x18, 0x71, 0x6D, 0x44,
    0x36, 0x22, 0xDF, 0xD0, 0xB0, 0x95, 0x6D, 0x49, 0x19, 0x51, 0x6D, 0xE8, 0x7B, 0x0B, 0x42, 0x4A,
    0xAD, 0xD0, 0xD7, 0x51, 0xAD, 0xEC, 0xD5, 0x8A, 0xC1, 0x3D, 0xF9, 0xE0, 0xE0, 0xF2, 0x97, 0xDE,
    0xBE, 0x2A, 0x3A, 0x56, 0xB7, 0x66, 0x7F, 0xF0, 0x0E, 0x3F, 0x4F, 0x0B, 0xC6, 0x59, 0xA7, 0x86,
    0x06, 0x26, 0x70, 0xF0, 0xC9, 0x3D, 0xC7, 0xAF, 0x00, 0xAF, 0xB5, 0xF8, 0x56, 0xBF, 0x9D, 0xFD,
    0x4F, 0x14, 0xE2, 0x3F, 0x00, 0xCD, 0xDA, 0x09, 0xA8, 0x25, 0x59, 0x9E, 0xD7, 0xF1, 0x4F, 0x44,
    0x64, 0x56, 0x34, 0x15, 0x55, 0x79, 0x52, 0xC8, 0xA6, 0x95, 0xCA, 0xAA, 0x18, 0x60, 0x84, 0x62,
    0xEC, 0xC9, 0x28, 0xA0, 0x94, 0x44, 0xEF, 0x12, 0xF6, 0x20, 0xCA, 0x6A, 0x02, 0x2D, 0x08, 0x82,
    0x0C, 0xBB, 0x80, 0x90, 0x29, 0x34, 0x4C, 0x02, 0x37, 0xF3, 0x85, 0x0A, 0x08, 0x34, 0x4B, 0xB2,
    0xC8, 0x22, 0x8A, 0x25, 0x3B, 0x88, 0x5A, 0x4A, 0x01, 0x0F, 0xB8, 0x55, 0x2F, 0x6A, 0x64, 0x6F,
    0x90, 0x90, 0x55, 0x10, 0x9D, 0x70, 0x6C, 0x70, 0x85, 0x0A, 0x86, 0x00, 0xA2, 0xEC, 0xFB, 0xEE,
    0x31, 0x6F, 0x04, 0x63, 0xBF, 0xB4, 0x3A, 0xA7, 0x8B, 0xC7, 0x74, 0xAE, 0xE7, 0x77, 0x1E, 0xC9,
    0x7B, 0xF7, 0xFF, 0xFB, 0xFE, 0x4E, 0x9C, 0x1B, 0xE7, 0xFF, 0xE2, 0xE2, 0xBB, 0x0F, 0xE0, 0x6C,
    0x44, 0x11, 0xDB, 0x45, 0xE1, 0xAC, 0x83, 0x9F, 0xF5, 0x48, 0xFE, 0x60, 0x40, 0xF6, 0x5F, 0x06,
    0x14, 0x5F, 0x8E, 0x28, 0xEB, 0x09, 0x5B, 0x07, 0xEC, 0xEC, 0x31, 0xD9, 0x91, 0x0E, 0xD6, 0xE4,
    0xBD, 0x0D, 0x21, 0xC6, 0x48, 0x35, 0xEB, 0x86, 0xB2, 0xB6, 0x27, 0x34, 0xC9, 0x48, 0x68, 0xB3,
    0x9E, 0xA2, 0xBD, 0x88, 0xC4, 0xCB, 0x78, 0x94, 0xC4, 0x83, 0x9B, 0x3F, 0xA4, 0x3A, 0x2C, 0xE3,
    0xA2, 0x97, 0xC5, 0x83, 0xBC, 0x7D, 0xAA, 0xA8, 0x37, 0xD8, 0x48, 0xE3, 0xA5, 0xF2, 0xD9, 0xCE,
    0xCA, 0xCE, 0x67, 0xF6, 0x46, 0x93, 0xA9, 0x98, 0x5C, 0x5C, 0xC6, 0xBA, 0xEA, 0x9F, 0xC2, 0xED,
    0x1B, 0xF0, 0xE8, 0x43, 0xA8, 0xFA, 0x6B, 0xF3, 0x3C, 0xF9, 0xE3, 0xE1, 0xB9, 0x9D, 0xB0, 0xFA,
    0x60, 0xE1, 0x29, 0xFA, 0x97, 0x33, 0xFD, 0xC3, 0x9D, 0xF5, 0x4B, 0x98, 0x5E, 0xF3, 0x8A, 0xC0,
    0x47, 0xE0, 0x63, 0x30, 0x80, 0x6B, 0xAC, 0xCE, 0x19, 0xDE, 0xC1, 0xDB, 0x58, 0x03, 0xD4, 0xC8,
    0x5A, 0xE4, 0xF0, 0xF0, 0x58, 0xCB, 0x63, 0x1C, 0x54, 0x3F, 0x7D, 0xEB, 0xE0, 0x0B, 0xF6, 0xE9,
    0xC8, 0x2A, 0xEF, 0xD8, 0x85, 0x86, 0xC7, 0x25, 0xDC, 0x83, 0x35, 0xEC, 0x5E, 0x26, 0x1B, 0xD8,
    0x92, 0xF6, 0x65, 0xAB, 0x68, 0x8B, 0xAF, 0x5D, 0x48, 0x63, 0x3C, 0x50, 0xC5, 0x67, 0xE8, 0x49,
    0x5B, 0xF2, 0x9A, 0xEA, 0x52, 0x12, 0x63, 0x93, 0x8F, 0x65, 0x1B, 0x9A, 0xAC, 0xAD, 0xA4, 0xF5,
    0x1A, 0xBB, 0x2B, 0xE3, 0x89, 0x5B, 0xB6, 0xCD, 0x53, 0x21, 0x4E, 0xD2, 0xF8, 0x6C, 0xB1, 0xCC,
    0xBB, 0x9F, 0xE0, 0xE3, 0x8F, 0x5E, 0xA1, 0xEF, 0xA4, 0x21, 0xEB, 0x79, 0xF7, 0x23, 0x6E, 0xDF,
    0xB9, 0xA6, 0x77, 0x16, 0x00, 0x92, 0x57, 0x9A, 0x79, 0xBD, 0x54, 0x4D, 0xAE, 0x9B, 0xF9, 0x3B,
    0x1F, 0x23, 0x7F, 0xE5, 0xBE, 0x6F, 0xDC, 0xA1, 0x78, 0xB4, 0x78, 0xE7, 0xBA, 0x99, 0x3F, 0xA8,
    0xE1, 0x2F, 0xCC, 0x7A, 0x03, 0x31, 0xC6, 0x49, 0xF2, 0x5C, 0x63, 0xA3, 0x68, 0x3D, 0xEC, 0x85,
    0x46, 0x3E, 0x0A, 0x35, 0x07, 0x01, 0x9F, 0x2B, 0xB1, 0x56, 0x61, 0x63, 0x33, 0xEB, 0x1A, 0x6B,
    0xAB, 0x59, 0x97, 0x62, 0x7B, 0xEC, 0x9D, 0x63, 0x34, 0x92, 0x0E, 0x46, 0xF2, 0x2E, 0x19, 0x28,
    0x9B, 0x74, 0xE0, 0x0B, 0x69, 0xEF, 0xBD, 0xC9, 0x45, 0x8C, 0xB1, 0xF3, 0x5C, 0xBE, 0x86, 0xE4,
    0x00, 0xE9, 0x11, 0x92, 0x0D, 0x58, 0x74, 0x9D, 0xC3, 0xEA, 0x6D, 0xD8, 0xBD, 0x0B, 0xFB, 0x77,
    0x60, 0xBA, 0x0B, 0xE3, 0x87, 0x94, 0xD3, 0xE0, 0xE4, 0x7C, 0x20, 0x1F, 0x8B, 0x81, 0xD0, 0x64,
    0x3D, 0x95, 0xAC, 0x63, 0x2D, 0x6B, 0xD9, 0xC9, 0x67, 0x2D, 0x66, 0x0D, 0x0D, 0x4F, 0x54, 0x35,
    0xDB, 0xBF, 0x78, 0x51, 0x53, 0xC6, 0xDF, 0x1B, 0x78, 0xEB, 0x58, 0xF4, 0xC0, 0x75, 0xD3, 0xF8,
    0x8D, 0xCF, 0xB1, 0xDE, 0x1E, 0xB0, 0xFE, 0xEE, 0xEA, 0x97, 0xA5, 0x11, 0x9A, 0x93, 0x9E, 0x49,
    0x7B, 0xC5, 0x2F, 0x4C, 0x63, 0x09, 0x63, 0xFD, 0x43, 0xFC, 0xD9, 0x4B, 0xDC, 0xFF, 0x21, 0x56,
    0xB0, 0x83, 0x3D, 0x4C, 0x30, 0x2E, 0x19, 0xCC, 0x11, 0xCC, 0x09, 0xCC, 0x01, 0xCC, 0xFC, 0x33,
    0xFE, 0x4C, 0x3F, 0xC3, 0xCF, 0xEC, 0x33, 0xFA, 0x4C, 0x3E, 0x83, 0x5F, 0xE5, 0xBE, 0xF9, 0xD7,
    0x20, 0x5C, 0xE2, 0xC4, 0xDE, 0x5A, 0xB4, 0x68, 0xE5, 0x8D, 0xD0, 0xCC, 0x5A, 0x2B, 0x6A, 0x01,
    0x94, 0xA0, 0x02, 0x1B, 0xB0, 0x8D, 0xB1, 0x9F, 0xB5, 0x63, 0x07, 0xF6, 0xE0, 0x1C, 0x8C, 0x3F,
    0xD7, 0x64, 0x60, 0xB0, 0x68, 0xDA, 0x4B, 0xFA, 0x39, 0x81, 0x5E, 0x9C, 0x73, 0xF0, 0xDD, 0x1F,
    0xB2, 0x1D, 0x97, 0x51, 0x8D, 0x92, 0x78, 0x29, 0xEF, 0xB7, 0x42, 0x5D, 0xBA, 0x27, 0x9C, 0x0A,
    0x38, 0x8B, 0xF1, 0xCA, 0xF5, 0x7D, 0xE7, 0x39, 0xD1, 0x41, 0x79, 0x4A, 0x20, 0xD6, 0xB8, 0x9B,
    0x43, 0xF9, 0x2F, 0xA1, 0x18, 0x5F, 0x3B, 0xCF, 0xA3, 0x77, 0xF8, 0xD1, 0x6A, 0xE1, 0x29, 0xBB,
    0x6B, 0x32, 0x99, 0x25, 0xE9, 0x41, 0xF3, 0xDA, 0x99, 0x12, 0x64, 0x0D, 0xA9, 0xEB, 0xF1, 0xBC,
    0x5E, 0xF7, 0x64, 0x20, 0xAD, 0x21, 0xCC, 0xEA, 0x3A, 0x24, 0xCF, 0xF0, 0xDB, 0xF8, 0x68, 0x29,
    0x09, 0x6E, 0xDE, 0x80, 0xEC, 0xD3, 0x37, 0x64, 0xA5, 0xEE, 0xDC, 0x5E, 0xCE, 0x06, 0x79, 0x43,
    0x72, 0xCD, 0xD5, 0xB2, 0x9C, 0x30, 0x3A, 0x7C, 0xFC, 0x08, 0x0F, 0x8F, 0x14, 0xA7, 0x1A, 0xDB,
    0x2E, 0x9F, 0x5C, 0xB2, 0xCF, 0x06, 0x76, 0x45, 0xCB, 0x79, 0x59, 0xF3, 0x59, 0xF5, 0xE2, 0x8D,
    0x6E, 0x2F, 0x8B, 0xD3, 0xB9, 0x3C, 0x4E, 0x13, 0xC6, 0x03, 0x86, 0x3D, 0xC9, 0xF0, 0x84, 0x74,
    0xD8, 0x92, 0x75, 0x55, 0x2B, 0xB4, 0xE1, 0xEB, 0x64, 0xBE, 0xDB, 0x4D, 0x3C, 0x8C, 0x35, 0x0A,
    0xF8, 0x73, 0x2D, 0x1E, 0x34, 0xA4, 0xF1, 0x1F, 0xF4, 0xCA, 0x53, 0xDD, 0xCD, 0x73, 0x77, 0x26,
    0x7B, 0x06, 0x3B, 0xC9, 0xE0, 0x5C, 0x32, 0x24, 0x03, 0x87, 0xA2, 0x97, 0xC6, 0xD8, 0xC8, 0x7F,
    0x32, 0x11, 0x6A, 0x2C, 0xD2, 0x23, 0x3F, 0x05, 0x52, 0x7C, 0x15, 0x27, 0xF7, 0x24, 0x07, 0x3B,
    0x76, 0x26, 0x76, 0x0E, 0x4C, 0x8E, 0xF5, 0x7B, 0x83, 0xED, 0xFC, 0xB3, 0xF1, 0xBF, 0x63, 0x39,
    0xBB, 0x3F, 0xBA, 0x8B, 0xCD, 0x67, 0xA8, 0xBA, 0x57, 0x49, 0x5E, 0xDF, 0x46, 0xF7, 0x23, 0xC4,
    0x01, 0xDB, 0x57, 0x8F, 0x9F, 0x40, 0xD6, 0x20, 0xF1, 0x2A, 0xC9, 0x13, 0x08, 0x70, 0xD3, 0x2B,
    0x87, 0x7E, 0x55, 0x94, 0x79, 0x8B, 0x00, 0x77, 0xFD, 0xCA, 0x29, 0xBF, 0xA8, 0xDF, 0xEB, 0x55,
    0x31, 0xD6, 0x92, 0x87, 0xCF, 0xF0, 0x01, 0xAC, 0xE0, 0xD7, 0x80, 0x14, 0xF8, 0xA0, 0x05, 0x8F,
    0x7A, 0xC4, 0xA8, 0x88, 0xA3, 0x18, 0x85, 0x38, 0x28, 0x5A, 0x9E, 0x10, 0x1A, 0x76, 0x4B, 0xDD,
    0x3D, 0x01, 0x13, 0x25, 0x46, 0x2A, 0x0C, 0x6C, 0x48, 0x06, 0xA7, 0x4C, 0xE3, 0x32, 0xC5, 0x9E,
    0x1D, 0x59, 0xC7, 0x7E, 0x99, 0xCE, 0x17, 0xFC, 0x91, 0xA2, 0x5D, 0xA6, 0xC6, 0x72, 0x28, 0x5A,
    0xA6, 0x5A, 0x3A, 0x50, 0x72, 0x11, 0xEB, 0x3C, 0x4E, 0x62, 0x74, 0x9A, 0xF0, 0x00, 0xC9, 0x84,
    0xB7, 0xDF, 0xA5, 0x6A, 0xB0, 0x6D, 0xF1, 0xBD, 0x96, 0x25, 0xD1, 0x62, 0x96, 0xC6, 0xD5, 0x80,
    0x4A, 0xA8, 0xE0, 0x5E, 0x35, 0xB2, 0x8D, 0x47, 0xB6, 0xCF, 0xCE, 0x78, 0xAA, 0x62, 0xA7, 0x62,
    0xEF, 0x1E, 0x93, 0x35, 0xA3, 0x35, 0x4B, 0xF2, 0xF6, 0xD2, 0x93, 0x6C, 0x8F, 0x62, 0xFD, 0x5C,
    0xCE, 0x6A, 0xDC, 0xF8, 0x23, 0x93, 0xC9, 0x86, 0xB3, 0xD8, 0xED, 0xE5, 0xFD, 0x45, 0xEC, 0x5E,
    0x5D, 0x32, 0x57, 0xA3, 0x78, 0xEF, 0x85, 0x28, 0xD2, 0xB1, 0x26, 0xFD, 0x67, 0x5E, 0x88, 0xA2,
    0xBC, 0x12, 0xC5, 0xE5, 0x37, 0xA2, 0x38, 0xB7, 0x61, 0x89, 0xC2, 0xEA, 0x65, 0x51, 0x5C, 0x2C,
    0x51, 0x28, 0x73, 0x7E, 0xE7, 0x3F, 0xD3, 0x4F, 0xC4, 0xB8, 0x8C, 0xA2, 0x9D, 0x6D, 0x0B, 0xA7,
    0x51, 0x13, 0x50, 0xA2, 0xC2, 0x06, 0x6B, 0xAC, 0xB0, 0xC3, 0x1E, 0xE7, 0x18, 0x97, 0x91, 0x0C,
    0x66, 0xC0, 0x8B, 0xD8, 0x9C, 0x08, 0xDD, 0x4C, 0x6D, 0x7F, 0xEC, 0x5F, 0x5F, 0x7A, 0xF0, 0xC0,
    0x59, 0xED, 0xA2, 0x15, 0x5A, 0xA1, 0x11, 0x6A, 0x81, 0x92, 0x8A, 0x0D, 0x6B, 0xD6, 0x33, 0xFE,
    0x9C, 0x80, 0xE5, 0xFC, 0xB8, 0x38, 0x4A, 0x16, 0x47, 0xD7, 0x75, 0xB3, 0x38, 0xEA, 0xCD, 0x6E,
    0x62, 0x24, 0x1C, 0xC3, 0xB1, 0x6A, 0xB7, 0x5D, 0xF6, 0xFC, 0x6F, 0xDE, 0x16, 0x6D, 0xD1, 0x84,
    0x26, 0xD4, 0xA5, 0x52, 0xD5, 0x87, 0x3E, 0xE1, 0xE3, 0x5B, 0x6C, 0xF6, 0x94, 0xFD, 0xAF, 0xA4,
    0xFE, 0xED, 0x9B, 0xF7, 0xDF, 0xAF, 0x0E, 0xA1, 0x3F, 0xAB, 0x2F, 0xDA, 0x30, 0xD7, 0x0E, 0x4A,
    0x95, 0x8D, 0xB5, 0xB5, 0x6D, 0xBB, 0x6D, 0xFC, 0x4A, 0xEA, 0x66, 0x35, 0x69, 0x43, 0x51, 0x03,
    0x69, 0x9F, 0x0D, 0x59, 0x07, 0xA7, 0x34, 0xBE, 0x37, 0xA7, 0x91, 0x5F, 0x4D, 0xE3, 0x93, 0xB2,
    0xFF, 0x53, 0xF5, 0xAF, 0xBB, 0xEB, 0x9C, 0xAB, 0xDD, 0xF6, 0xAF, 0xC4, 0xDD, 0xFF, 0xB7, 0x22,
    0xF5, 0xCF, 0x57, 0x04, 0x31, 0x8A, 0xF1, 0x90, 0x2C, 0xD3, 0x5C, 0xD5, 0xB9, 0xD0, 0x60, 0x12,
    0x6A, 0x8C, 0x02, 0x0C, 0x4A, 0x24, 0x83, 0x0A, 0xE9, 0x60, 0x33, 0x63, 0x5A, 0x23, 0xEB, 0xAC,
    0x58, 0xBA, 0x29, 0xF2, 0xD6, 0x7E, 0x99, 0xCE, 0xB3, 0x56, 0xD1, 0x18, 0x97, 0xB3, 0xDC, 0x58,
    0x34, 0x4A, 0xC9, 0x50, 0x34, 0x36, 0xA7, 0xA9, 0xB5, 0x97, 0xF6, 0xF9, 0x98, 0x8F, 0x2E, 0xE2,
    0x0F, 0x96, 0x0E, 0xCF, 0xC3, 0xAF, 0x49, 0xFB, 0x39, 0xBE, 0xE1, 0x64, 0x19, 0x96, 0x18, 0xAB,
    0x61, 0xDB, 0x6D, 0xFB, 0xEC, 0x04, 0xF2, 0x87, 0x71, 0xCE, 0x91, 0xCE, 0xA1, 0x2E, 0x50, 0x82,
    0x05, 0xAC, 0x52, 0xF6, 0x1B, 0x89, 0x17, 0x73, 0xF2, 0x27, 0x46, 0x2E, 0x06, 0xCE, 0x1A, 0x7C,
    0x00, 0xBF, 0x83, 0xE4, 0x77, 0x5B, 0x42, 0x8C, 0xDD, 0x49, 0x5E, 0xFA, 0x4E, 0xE9, 0xC5, 0xB7,
    0x07, 0x58, 0xC3, 0x6A, 0x91, 0x15, 0x3B, 0x3B, 0xCE, 0x3D, 0x66, 0xB4, 0x93, 0x0E, 0x76, 0xF2,
    0xCE, 0xB6, 0x7E, 0xD8, 0x28, 0xE3, 0x91, 0x34, 0xF6, 0x48, 0x6A, 0xB7, 0x3A, 0x1F, 0x3F, 0x12,
    0x0E, 0xC2, 0xC4, 0x68, 0x39, 0x9C, 0xA6, 0x83, 0xAC, 0x97, 0x75, 0xB2, 0x56, 0xDE, 0x2A, 0x5A,
    0xC5, 0xB2, 0x91, 0x6B, 0x7F, 0xB8, 0x91, 0xEF, 0xEC, 0x6C, 0x27, 0xCB, 0xCE, 0x99, 0xDF, 0xDD,
    0x8E, 0x45, 0x1C, 0x15, 0xAD, 0x4B, 0x42, 0x93, 0x8D, 0x84, 0x3A, 0xB4, 0x04, 0x67, 0x28, 0x93,
    0x09, 0x55, 0xD1, 0x63, 0xB3, 0xAD, 0xB1, 0x89, 0x1D, 0xB6, 0x71, 0xC4, 0xD9, 0x97, 0x07, 0x7C,
    0x61, 0x87, 0x73, 0x6B, 0x8C, 0x16, 0xBD, 0x47, 0x32, 0x9C, 0x34, 0x1D, 0x54, 0x37, 0xA5, 0xBD,
    0xB2, 0x74, 0x11, 0xEB, 0x70, 0x29, 0x46, 0xF9, 0x88, 0x15, 0xF8, 0x0C, 0xF4, 0x70, 0x86, 0x78,
    0xE5, 0x3D, 0xAD, 0x7C, 0xD9, 0xF5, 0xBA, 0x8D, 0xF6, 0xDB, 0xA3, 0xA9, 0x6C, 0x8C, 0x4F, 0xF9,
    0x83, 0x51, 0xF2, 0xB3, 0x49, 0x1A, 0x8F, 0xB2, 0xC3, 0x56, 0xD6, 0x97, 0xB2, 0x2E, 0xC8, 0xDB,
    0xF0, 0x37, 0x2F, 0x0E, 0xC5, 0x65, 0x3C, 0x64, 0xA3, 0x7C, 0x26, 0xE2, 0x7D, 0x70, 0x1B, 0x06,
    0x24, 0x2D, 0x31, 0x22, 0x1E, 0x51, 0xB4, 0x08, 0xDF, 0x5C, 0x2D, 0x15, 0x6C, 0x60, 0xED, 0x9B,
    0xBF, 0x21, 0x38, 0x87, 0x71, 0x91, 0x19, 0xDB, 0xE3, 0x93, 0x7C, 0x96, 0xF6, 0x8C, 0xA7, 0x2E,
    0x61, 0x88, 0x27, 0xF1, 0x7D, 0x3F, 0x32, 0x14, 0x7D, 0x18, 0x6E, 0x0E, 0xC9, 0x90, 0x0E, 0x69,
    0xFF, 0xCD, 0xDD, 0x74, 0xCF, 0xC6, 0xDA, 0xCA, 0xCE, 0xDE, 0x45, 0x73, 0x56, 0x7B, 0x85, 0xF6,
    0x8C, 0x48, 0x3B, 0x64, 0x0D, 0xBE, 0x20, 0x52, 0x52, 0x52, 0x71, 0x8F, 0x35, 0x2B, 0x76, 0xEC,
    0x39, 0x67, 0x64, 0x94, 0x2C, 0x97, 0xDD, 0x72, 0xCD, 0x75, 0xF2, 0xFF, 0x77, 0xD9, 0x4D, 0xB2,
    0x9F, 0x0A, 0xB5, 0x0F, 0xB8, 0x0F, 0xC9, 0x0D, 0xA4, 0x23, 0xD4, 0xAF, 0x0E, 0xAA, 0xE8, 0x85,
    0xC1, 0xCD, 0xC5, 0xE4, 0x70, 0x3F, 0xED, 0x3F, 0xCA, 0xBA, 0x47, 0x59, 0xF7, 0x49, 0xDE, 0x76,
    0xC5, 0x97, 0xED, 0xD5, 0xBD, 0x51, 0x72, 0x8F, 0xCD, 0x8B, 0x94, 0x17, 0x8D, 0xB3, 0x1A, 0xC4,
    0x88, 0xC5, 0xF1, 0x62, 0x79, 0xF1, 0xBC, 0x98, 0x7E, 0x69, 0x77, 0xB9, 0x06, 0x2B, 0xFC, 0xBA,
    0x65, 0x8F, 0xEC, 0xF1, 0xDB, 0xBF, 0xB8, 0xBB, 0x7C, 0x6C, 0x26, 0x30, 0x23, 0x98, 0x19, 0xC4,
    0x59, 0x5F, 0xA4, 0xB8, 0x9A, 0xF6, 0xD5, 0x1D, 0xFE, 0x49, 0x69, 0x28, 0x3D, 0xFB, 0x65, 0x14,
    0xC9, 0xCB, 0x63, 0xFF, 0x35, 0x54, 0x23, 0xB6, 0x3D, 0xB6, 0x35, 0x2E, 0x91, 0x1F, 0x50, 0x1E,
    0xF0, 0xFE, 0xF4, 0xCD, 0xD8, 0xD3, 0x25, 0x76, 0x86, 0x9F, 0xC7, 0x6E, 0xDB, 0xD8, 0xB6, 0xDE,
    0x5B, 0xAE, 0x86, 0xAB, 0xA7, 0x89, 0x5A, 0xD5, 0xDA, 0xD6, 0xCE, 0x24, 0x97, 0x8A, 0x83, 0x7B,
    0x7B, 0x1F, 0x9E, 0x33, 0x5D, 0xB9, 0x96, 0x06, 0xE9, 0x51, 0x72, 0x09, 0xC8, 0x1A, 0x70, 0x0B,
    0x62, 0xB7, 0x9C, 0x09, 0x87, 0xE5, 0x4C, 0x38, 0xF1, 0x84, 0x70, 0x60, 0x47, 0xF8, 0x82, 0x3D,
    0xA1, 0x62, 0xA2, 0x0C, 0x8D, 0x91, 0xAA, 0x68, 0x0D, 0x6C, 0xB2, 0x3E, 0x19, 0x58, 0xA7, 0x43,
    0x3A, 0xB0, 0x32, 0xA5, 0x3D, 0x3B, 0xFB, 0xE5, 0x4C, 0xB8, 0x59, 0xCE, 0x84, 0xD5, 0x72, 0x26,
    0x0C, 0x3F, 0x9E, 0xA7, 0xE2, 0x27, 0x8D, 0x64, 0x90, 0x7D, 0xD5, 0xCC, 0x86, 0x62, 0x2D, 0xED,
    0x89, 0xCB, 0xDD, 0xF0, 0x82, 0x18, 0xD9, 0x42, 0xC0, 0xFB, 0xB8, 0x2F, 0x1F, 0xCE, 0xFA, 0xE2,
    0x67, 0xF1, 0x20, 0xD6, 0x07, 0x07, 0x3B, 0xA3, 0x5D, 0x32, 0xD8, 0xA5, 0x83, 0x7D, 0xDA, 0x9B,
    0xB2, 0xCE, 0x98, 0x75, 0x86, 0xBC, 0x4D, 0x86, 0x8B, 0xD3, 0xAD, 0xF2, 0xE0, 0x88, 0xDB, 0x6F,
    0x24, 0x56, 0xD1, 0x80, 0x0F, 0x80, 0x15, 0xAE, 0xC7, 0x97, 0x36, 0xB7, 0xE5, 0x0D, 0x01, 0xDF,
    0x01, 0xB7, 0x1F, 0x80, 0x0F, 0x1A, 0x70, 0xF3, 0x4D, 0x5D, 0xD7, 0x7F, 0xD3, 0x70, 0x0F, 0x37,
    0xAE, 0xBD, 0xAE, 0x25, 0x6C, 0x6B, 0x16, 0x29, 0xE1, 0xFB, 0xF0, 0xB1, 0x3F, 0xF2, 0xCF, 0xF6,
    0xEF, 0xC5, 0xDA, 0xF6, 0xAB, 0x53, 0x28, 0x5F, 0xE7, 0xBD, 0xBC, 0x4F, 0x7B, 0x45, 0x9B, 0xF6,
    0x42, 0x93, 0x75, 0x42, 0x7D, 0x12, 0x79, 0xAB, 0x3C, 0x49, 0x65, 0x3E, 0x08, 0x85, 0x26, 0x8B,
    0x7D, 0x18, 0xF3, 0xD8, 0x15, 0x23, 0x6F, 0x6A, 0xA6, 0xF8, 0x11, 0xF0, 0x29, 0x30, 0xBC, 0x30,
    0xF5, 0x20, 0xE9, 0xC0, 0xDB, 0x35, 0x08, 0xED, 0x75, 0xF3, 0xBF, 0x65, 0x19, 0xEF, 0x5B, 0x62,
    0x5F, 0xE1, 0x3E, 0x3A, 0x8C, 0x64, 0xB1, 0x46, 0x1E, 0xA1, 0x8C, 0xCF, 0x58, 0x1E, 0xFF, 0x94,
    0x3F, 0x4D, 0x22, 0x67, 0x94, 0x6D, 0x32, 0x51, 0x74, 0x59, 0x4F, 0x36, 0x14, 0x2D, 0xE9, 0x10,
    0x6A, 0x92, 0xA1, 0x74, 0xD2, 0xCD, 0xAC, 0xEB, 0x59, 0x57, 0x48, 0xFB, 0x15, 0xB2, 0x6E, 0x85,
    0xA2, 0x5D, 0x23, 0xD4, 0x5B, 0x6C, 0x55, 0x35, 0x07, 0xA1, 0x93, 0x8F, 0xF2, 0x4B, 0x67, 0x2D,
    0x31, 0x1E, 0xF1, 0x5E, 0x7C, 0x66, 0x79, 0x20, 0x10, 0x2E, 0x97, 0x51, 0xCE, 0xCF, 0x99, 0xDA,
    0x7C, 0x7C, 0xAF, 0x0F, 0x4D, 0x3A, 0x54, 0x4B, 0x85, 0x61, 0x27, 0x19, 0x76, 0xD2, 0x7E, 0x27,
    0xEB, 0x9E, 0x08, 0xED, 0xB6, 0x39, 0x13, 0xE2, 0x41, 0xBA, 0xBC, 0x80, 0x1A, 0x45, 0xDA, 0x22,
    0xFF, 0xE7, 0x35, 0xD2, 0xCB, 0xD7, 0x4E, 0x75, 0x37, 0xE3, 0xFD, 0xB0, 0x50, 0xE5, 0xE3, 0x35,
    0xC9, 0xFC, 0x37, 0x48, 0xFF, 0x1D, 0xE4, 0x7F, 0xFB, 0xB5, 0x33, 0x25, 0x7F, 0x89, 0xEC, 0x1F,
    0x53, 0xDC, 0xE7, 0xD6, 0xA7, 0xD7, 0x61, 0x5A, 0x08, 0xB2, 0x18, 0x63, 0xAC, 0x67, 0x8C, 0xF9,
    0xCB, 0x85, 0x45, 0x49, 0xB0, 0x00, 0x55, 0x04, 0x0B, 0xD5, 0x86, 0x0F, 0xCC, 0x68, 0xFD, 0x1A,
    0x16, 0xBE, 0x15, 0x2C, 0x90, 0x3B, 0x58, 0x48, 0xF7, 0x70, 0x0F, 0xC9, 0xE9, 0x5E, 0xDC, 0x5A,
    0x98, 0x63, 0x8C, 0x8D, 0x05, 0x7C, 0x84, 0x99, 0xFE, 0xDF, 0x0F, 0xB0, 0x42, 0xFE, 0xE5, 0x00,
    0x73, 0x0E, 0x3F, 0xE8, 0x61, 0x83, 0x2A, 0xEB, 0xA1, 0xAA, 0xCD, 0x5B, 0x3F, 0xED, 0x84, 0x56,
    0x36, 0x66, 0xAD, 0xAC, 0x95, 0x4F, 0xAA, 0x2E, 0x9F, 0xBF, 0x4C, 0x62, 0x3C, 0x26, 0x27, 0x88,
    0x76, 0x4E, 0x29, 0x8D, 0x73, 0x35, 0xD5, 0x51, 0x39, 0xCD, 0xE9, 0xCC, 0xA7, 0xFD, 0xE2, 0xBF,
    0x8E, 0x55, 0x1D, 0x9A, 0x34, 0x36, 0xA1, 0xAE, 0x24, 0x51, 0x68, 0xD6, 0x92, 0x53, 0x0A, 0xBB,
    0x79, 0xB2, 0x93, 0x5E, 0x62, 0x27, 0xBB, 0xC4, 0x46, 0xF8, 0xC2, 0x77, 0x6C, 0x9B, 0x8B, 0xAA,
    0xF9, 0x5C, 0x88, 0x53, 0x88, 0xA3, 0xF4, 0xF4, 0xEA, 0x0D, 0xDC, 0x02, 0xDF, 0x07, 0x1F, 0x5B,
    0x9E, 0x24, 0xB2, 0x84, 0x5A, 0xB4, 0xAA, 0x56, 0x68, 0xE4, 0xBD, 0x50, 0xCB, 0x7A, 0xC1, 0x49,
    0x4B, 0xB2, 0x4E, 0x45, 0xDE, 0xDA, 0x50, 0x36, 0xD6, 0x92, 0x0B, 0xB6, 0xF3, 0xCF, 0x9E, 0xCD,
    0xA6, 0xF7, 0x26, 0x9C, 0xDB, 0x63, 0xB4, 0x9B, 0x75, 0x4D, 0x32, 0xD8, 0x2C, 0x7D, 0x4C, 0x5A,
    0xA7, 0xBD, 0xF2, 0xC7, 0xCD, 0xA9, 0x8F, 0x89, 0x62, 0x94, 0x4E, 0xF8, 0x94, 0xA4, 0x33, 0xE7,
    0x32, 0x3C, 0xEC, 0x8A, 0xFF, 0x13, 0x07, 0xF1, 0x07, 0x83, 0x43, 0xDA, 0x1B, 0xD3, 0x26, 0x19,
    0x48, 0x4F, 0xA3, 0x27, 0xEB, 0x96, 0x91, 0xB7, 0x5C, 0x44, 0xE2, 0xF1, 0xF5, 0xBB, 0x5F, 0x83,
    0xC7, 0x60, 0xE0, 0x7A, 0x0C, 0x6B, 0x9C, 0xA3, 0x07, 0xBF, 0xDF, 0xC0, 0x1A, 0x78, 0xED, 0x84,
    0xF9, 0xDD, 0xC5, 0xB8, 0xFA, 0x7A, 0x6C, 0xD4, 0xC8, 0x1A, 0x14, 0x48, 0xE2, 0x25, 0x65, 0x8C,
    0xAD, 0xB3, 0xFA, 0xBD, 0xDE, 0x64, 0xBE, 0x51, 0x26, 0x7D, 0xD6, 0x4B, 0x9E, 0x65, 0x1D, 0xB2,
    0x01, 0xE9, 0x25, 0x5C, 0xFC, 0x0F, 0x94, 0x71, 0xC4, 0xDF, 0x38, 0xC2, 0x59, 0x8D, 0xD0, 0xA0,
    0x68, 0x7E, 0x93, 0xD0, 0xAC, 0x08, 0xD6, 0x6C, 0x6C, 0x9B, 0xB7, 0x0E, 0xCA, 0x18, 0x07, 0x69,
    0x3C, 0xD6, 0xA4, 0xAD, 0xBC, 0x16, 0xB8, 0x18, 0xF3, 0x78, 0x19, 0x9A, 0xA7, 0xA5, 0xF7, 0xCB,
    0x5A, 0x98, 0xA4, 0xB1, 0xF3, 0xBD, 0x03, 0xBB, 0xC7, 0x56, 0x9F, 0x27, 0xD3, 0x59, 0x1C, 0xCA,
    0x58, 0xBF, 0xF8, 0xF4, 0xE8, 0x15, 0xFA, 0x4C, 0x6A, 0xA1, 0xF5, 0x61, 0xEF, 0xF6, 0xED, 0x6F,
    0x6B, 0xF5, 0x95, 0x79, 0x03, 0x69, 0x8D, 0xA2, 0xC1, 0x2D, 0xB8, 0xC3, 0xB7, 0xCF, 0x54, 0xD2,
    0xC8, 0x1A, 0x05, 0xDC, 0x7D, 0x84, 0xA2, 0x41, 0xC2, 0xAB, 0x63, 0xB8, 0x73, 0xDB, 0xBB, 0x9D,
    0xA2, 0x96, 0x7C, 0x5B, 0xDB, 0xDB, 0x18, 0x97, 0x47, 0x8D, 0xF1, 0xE8, 0xB1, 0xB5, 0x7B, 0x3E,
    0xB3, 0xF3, 0x9B, 0x06, 0x7B, 0xAB, 0x97, 0x3D, 0xDB, 0x5C, 0x94, 0xB4, 0x87, 0x6C, 0xD1, 0x6E,
    0xD6, 0x16, 0xF2, 0xF6, 0x17, 0xB7, 0xBE, 0x65, 0x8D, 0x2C, 0x1E, 0x90, 0xC7, 0x09, 0x00, 0xE0,
    0x31, 0xF8, 0x14, 0x74, 0x90, 0xD4, 0xE0, 0x43, 0xAE, 0xFC, 0xD6, 0xAA, 0x8A, 0xFD, 0x36, 0x76,
    0x59, 0x27, 0x7B, 0xA1, 0x61, 0xBC, 0x13, 0xAC, 0x4A, 0xBB, 0xF2, 0xEF, 0x8E, 0x21, 0x0E, 0x69,
    0xAC, 0xC1, 0xFC, 0x3D, 0xB5, 0x5B, 0x57, 0x3E, 0x60, 0x03, 0x6E, 0xE0, 0x75, 0x83, 0x2F, 0x74,
    0x59, 0xE3, 0x6F, 0xC9, 0x6A, 0x93, 0x9C, 0xD1, 0xDB, 0x92, 0xC1, 0xBB, 0x27, 0x79, 0xE7, 0x04,
    0xCA, 0x73, 0xD4, 0xA5, 0xC2, 0x52, 0x20, 0x6F, 0xBD, 0xD8, 0x8E, 0xDF, 0x21, 0x58, 0x51, 0xDA,
    0xF1, 0x1C, 0x9E, 0x10, 0x07, 0xE6, 0x00, 0xAE, 0x4F, 0x88, 0xEF, 0xFC, 0x15, 0xB8, 0x7B, 0xF7,
    0xDB, 0x12, 0x06, 0x57, 0x09, 0xBF, 0xCD, 0xB2, 0xFD, 0xE9, 0xDF, 0xF8, 0xE4, 0xD1, 0xC5, 0x7F,
    0x08, 0xCB, 0xB2, 0x7D, 0x39, 0x86, 0xD8, 0xCF, 0xAE, 0xC3, 0x6F, 0x35, 0xF0, 0xE7, 0xFF, 0x17,
    0x78, 0xF4, 0x39, 0xB6, 0xB1, 0x35, 0x93, 0x34, 0x62, 0x94, 0x0E, 0x73, 0xFD, 0xAC, 0xA7, 0x68,
    0x66, 0x6F, 0xA1, 0x99, 0xCD, 0x85, 0x5A, 0x7E, 0x9A, 0x16, 0x7B, 0xE5, 0xE2, 0xAF, 0x5A, 0x0C,
    0x6E, 0x08, 0x58, 0x53, 0xB2, 0x04, 0xC6, 0x9E, 0x0A, 0xD3, 0x32, 0x0D, 0x94, 0xB5, 0xAC, 0xA7,
    0x6C, 0x96, 0x17, 0xEA, 0x55, 0x35, 0xF9, 0xF1, 0x1F, 0x1D, 0x91, 0xC4, 0x38, 0x42, 0x75, 0xAC,
    0x21, 0xA9, 0x1B, 0xE1, 0xF7, 0x5B, 0xDF, 0x3F, 0xAB, 0xDD, 0xBE, 0xA3, 0x1A, 0xC2, 0xB4, 0xED,
    0xC3, 0xD2, 0x5F, 0xB4, 0xC9, 0xDC, 0x5F, 0x9C, 0xFA, 0xB0, 0xA2, 0xC9, 0xFA, 0x53, 0x17, 0x16,
    0xEA, 0xBC, 0x0D, 0x75, 0x68, 0x43, 0x77, 0xD6, 0x86, 0xF8, 0xB3, 0x29, 0x8D, 0xBF, 0x35, 0x12,
    0x2E, 0x41, 0x79, 0xF9, 0x86, 0x42, 0x16, 0x71, 0x1E, 0xD7, 0x83, 0xBB, 0x91, 0x80, 0xBB, 0x39,
    0x28, 0xFF, 0x05, 0x28, 0xC6, 0x37, 0x14, 0xF5, 0x46, 0x52, 0xBB, 0x95, 0xD7, 0x33, 0x72, 0x3A,
    0x5D, 0x13, 0x19, 0x90, 0x7E, 0x06, 0xDE, 0xFA, 0x93, 0x20, 0x7B, 0x04, 0x92, 0xE6, 0x0D, 0x25,
    0x77, 0x1B, 0xFF, 0x9B, 0xF4, 0x1D, 0xD2, 0xBF, 0x8E, 0x07, 0xD7, 0xA4, 0xCF, 0xFE, 0x13, 0x28,
    0x56, 0x58, 0x9A, 0x9E, 0x37, 0x73, 0xE7, 0xFE, 0x47, 0xB2, 0x7F, 0x42, 0x71, 0xFF, 0x5A, 0x9C,
    0x6F, 0x24, 0x52, 0x0B, 0x2C, 0x53, 0xB6, 0x4C, 0xE0, 0x5A, 0x88, 0xEE, 0xE2, 0x1D, 0xAC, 0x00,
    0xB8, 0x03, 0xF0, 0x14, 0x90, 0xFE, 0xFD, 0x1A, 0xDB, 0x58, 0x7B, 0x22, 0x8D, 0x87, 0xB3, 0xC8,
    0xA5, 0x34, 0x4E, 0x59, 0x2F, 0x39, 0x52, 0xCA, 0x7A, 0xD9, 0x91, 0x8D, 0x74, 0x90, 0x7F, 0xC5,
    0x4E, 0x32, 0x08, 0x0F, 0x19, 0x25, 0x83, 0xB2, 0x94, 0x0E, 0x8C, 0x36, 0xE5, 0x1C, 0xDB, 0x64,
    0x17, 0xE6, 0xA8, 0x26, 0x53, 0xA8, 0xE7, 0x40, 0x92, 0x21, 0xD4, 0x1B, 0xEC, 0xB2, 0x3E, 0x34,
    0x3B, 0xAC, 0x4E, 0x0F, 0xDF, 0x26, 0xAC, 0x43, 0x53, 0xFC, 0xEE, 0x80, 0x4D, 0x29, 0xFF, 0xB7,
    0x1D, 0xAA, 0x8D, 0xFC, 0x27, 0x2D, 0xAA, 0x9D, 0xFC, 0xF7, 0x6A, 0x94, 0x93, 0x2C, 0x42, 0x18,
    0x64, 0x07, 0x08, 0xBD, 0x6C, 0x82, 0xD0, 0xCA, 0x06, 0x60, 0x05, 0xFC, 0xCF, 0x9F, 0x23, 0x55,
    0xD1, 0xE7, 0x49, 0x1C, 0xB7, 0xD1, 0xF1, 0xF9, 0x94, 0x0D, 0xE9, 0xD1, 0x56, 0x3A, 0x64, 0xD1,
    0x4E, 0x32, 0x86, 0xAF, 0x4C, 0x4C, 0xE5, 0xC3, 0x74, 0xE0, 0xB0, 0x2D, 0xFF, 0x72, 0xC7, 0xFE,
    0x49, 0xF8, 0xAB, 0x0D, 0x4F, 0x0E, 0xE1, 0x5F, 0x61, 0x3B, 0x84, 0x4B, 0x6C, 0xFB, 0x70, 0x40,
    0xD5, 0x16, 0x03, 0xCA, 0x26, 0xEF, 0xE1, 0x26, 0xF8, 0x33, 0x0D, 0x7C, 0xD2, 0xCE, 0xFB, 0xE3,
    0x2C, 0x36, 0xCB, 0xBF, 0x53, 0x4C, 0xBD, 0x64, 0x14, 0x5A, 0x0E, 0x2A, 0xEC, 0xEC, 0xB0, 0x31,
    0x2E, 0x4D, 0x36, 0xCA, 0xE5, 0xE6, 0xFF, 0x4F, 0xA1, 0xB8, 0xC4, 0x82, 0x24, 0x1B, 0xBE, 0xE5,
    0x81, 0x64, 0xB9, 0x45, 0x2F, 0xCA, 0x4D, 0xB3, 0x39, 0x7C, 0xD2, 0xC9, 0x2F, 0x9D, 0x5D, 0x16,
    0x47, 0x17, 0x07, 0x1B, 0xA1, 0x55, 0x29, 0x6B, 0xA5, 0x0D, 0xA1, 0xDE, 0x11, 0x9A, 0x89, 0x39,
    0xF6, 0x39, 0xF2, 0xEC, 0x14, 0x77, 0xF6, 0x55, 0x4D, 0x7A, 0x44, 0x7A, 0x40, 0x32, 0x22, 0x1D,
    0x16, 0x0F, 0xEE, 0x84, 0x86, 0xDD, 0x16, 0xDB, 0x39, 0x8A, 0x0E, 0x7C, 0xD4, 0xC2, 0xDF, 0x79,
    0x03, 0xE0, 0xF5, 0x90, 0xB5, 0x2C, 0xFD, 0xE6, 0xAC, 0x0C, 0x3C, 0x95, 0xF4, 0x92, 0x49, 0xDA,
    0xC9, 0xFB, 0x25, 0x22, 0x78, 0x0A, 0xC9, 0x84, 0x6F, 0xFE, 0xB7, 0xC5, 0x49, 0x8F, 0x99, 0x81,
    0x2D, 0x38, 0x2C, 0x06, 0xE9, 0x85, 0x56, 0xD2, 0xDB, 0x92, 0x76, 0x2E, 0xAE, 0x7C, 0x00, 0x91,
    0x9E, 0xB4, 0x25, 0x6B, 0xE4, 0x31, 0xF6, 0x45, 0x8C, 0x5D, 0xA8, 0xCB, 0x36, 0xD8, 0x78, 0x3B,
    0x99, 0x96, 0x62, 0x55, 0xCD, 0xE7, 0xA4, 0xE3, 0x5B, 0x42, 0x1B, 0x6C, 0x05, 0x17, 0x31, 0x8A,
    0xF1, 0x08, 0x20, 0xE9, 0x66, 0x7D, 0x03, 0x78, 0x6A, 0xD2, 0x65, 0xBE, 0x1E, 0xCF, 0x0B, 0x9F,
    0xD7, 0xAC, 0x5F, 0x3B, 0xCF, 0xDB, 0x1F, 0x92, 0x75, 0xD7, 0xE6, 0xF9, 0xBF, 0x5D, 0xD1, 0x81,
    0x66, 0x3C, 0x57, 0x14, 0x06, 0xF0, 0xDF, 0xCC, 0xD0, 0xC5, 0x54, 0x6E, 0x10, 0x5A, 0x2A, 0x1D,
    0x80, 0xA2, 0xC9, 0x06, 0x40, 0xED, 0xEE, 0xDE, 0xF7, 0xE8, 0x4B, 0x14, 0x45, 0xB0, 0x92, 0xE9,
    0x1B, 0x04, 0x0A, 0x40, 0x1E, 0xA1, 0x08, 0x82, 0xAD, 0x1D, 0x7D, 0x82, 0x7D, 0x84, 0xA1, 0xA0,
    0xC0, 0x60, 0x30, 0x74, 0x77, 0x6F, 0xAF, 0x29, 0xE2, 0x9F, 0x73, 0xAE, 0x1F, 0xF8, 0xAE, 0x0F,
    0x07, 0xBF, 0xBC, 0xC2, 0x4F, 0x2D, 0x7C, 0xEF, 0xD3, 0x84, 0xD4, 0xCE, 0x76, 0x70, 0x98, 0xFD,
    0xB7, 0x47, 0xF5, 0xF7, 0x80, 0xFA, 0xAF, 0xAC, 0x10, 0x47, 0x6C, 0x4C, 0xD8, 0xE7, 0x65, 0xB4,
    0xA3, 0xEA, 0xAD, 0xA9, 0x53, 0xBA, 0x10, 0x52, 0x4A, 0x6C, 0x68, 0xD8, 0x13, 0xA2, 0x31, 0xDB,
    0xE6, 0x88, 0xBA, 0x3B, 0x24, 0xD2, 0x39, 0xC7, 0x8A, 0x74, 0xF2, 0xE3, 0x2D, 0x57, 0xBF, 0x52,
    0x75, 0xBE, 0x98, 0x43, 0xAF, 0x4A, 0x27, 0x8B, 0xEE, 0x49, 0x1D, 0x37, 0xD8, 0x28, 0xD3, 0x59,
    0xF3, 0xFB, 0xCE, 0xDA, 0xCE, 0x9B, 0xBD, 0xD1, 0x64, 0xAA, 0x27, 0x87, 0x73, 0x8A, 0xCB, 0xFE,
    0x89, 0x22, 0xE6, 0xBC, 0xAF, 0x5F, 0x3C, 0x3C, 0xA0, 0x48, 0x97, 0xFC, 0x43, 0x88, 0x02, 0x0D,
    0x4B, 0xEE, 0x59, 0xB3, 0x62, 0xC7, 0x9E, 0x77, 0x46, 0x46, 0xC5, 0x90, 0x9F, 0xB2, 0x77, 0x48,
    0x31, 0x25, 0x45, 0x5C, 0x74, 0xDF, 0xBE, 0x5E, 0x5F, 0xC3, 0xB2, 0xDD, 0x76, 0x8B, 0xBC, 0x75,
    0x17, 0xDA, 0x10, 0x83, 0xC6, 0x32, 0xEF, 0xF6, 0xD8, 0x1C, 0xE7, 0x86, 0x33, 0x4D, 0x4A, 0x9D,
    0xE7, 0xF8, 0x5D, 0x6F, 0x52, 0x0E, 0xE5, 0xA0, 0xE8, 0xAB, 0x5E, 0xF1, 0x52, 0x1D, 0x51, 0x0D,
    0x28, 0xCF, 0x70, 0xF8, 0x07, 0x4D, 0x1A, 0xF1, 0xF3, 0x05, 0xF9, 0x0F, 0x42, 0x8B, 0xBA, 0xBD,
    0x23, 0xB4, 0xAB, 0x8C, 0x35, 0x1B, 0xDB, 0xF6, 0xAB, 0x93, 0x26, 0xA5, 0x41, 0x99, 0x2E, 0x11,
    0x50, 0xC6, 0x39, 0x8A, 0x2B, 0xB8, 0x81, 0xC3, 0xB8, 0x48, 0xE7, 0xD0, 0x3E, 0x35, 0x6E, 0x9B,
    0x28, 0x4C, 0x39, 0x7F, 0xF4, 0xCD, 0x89, 0xDD, 0xA3, 0xD5, 0x9F, 0xC5, 0xF4, 0x9C, 0x86, 0x26,
    0x45, 0x14, 0xAD, 0xAA, 0x55, 0xB3, 0x4D, 0x79, 0x3C, 0x67, 0x2E, 0x1E, 0xAD, 0xDD, 0x7B, 0xB3,
    0x73, 0x67, 0xB0, 0xB7, 0xC2, 0x3B, 0x18, 0x3F, 0x2C, 0x86, 0x0F, 0xCB, 0x1E, 0xAA, 0xFF, 0x3D,
    0xCE, 0x76, 0xB0, 0x98, 0xAD, 0x67, 0x43, 0x3B, 0x1B, 0xA1, 0x89, 0xCC, 0x67, 0x64, 0x91, 0x26,
    0x9F, 0xE6, 0x11, 0xFC, 0x01, 0x8E, 0x50, 0x44, 0xF0, 0x03, 0x13, 0x23, 0xF3, 0x59, 0x96, 0xA9,
    0xDF, 0xA6, 0x63, 0x6E, 0xCB, 0x55, 0xB9, 0x27, 0x97, 0x84, 0x56, 0x88, 0x37, 0xC1, 0xAA, 0xB1,
    0x6B, 0x7E, 0x1B, 0x43, 0x1A, 0xCA, 0x14, 0xC1, 0x9C, 0x89, 0xAE, 0xF8, 0x0F, 0xD3, 0xDB, 0xBF,
    0xCF, 0xC6, 0x62, 0x01, 0x03, 0xF1, 0x14, 0x00, 0xCD, 0x59, 0x31, 0x8C, 0xE4, 0xC8, 0x75, 0x7D,
    0x24, 0x71, 0x4B, 0x08, 0x04, 0x5C, 0x0E, 0x14, 0x9C, 0x70, 0xF0, 0x95, 0x03, 0x05, 0x0A, 0x6E,
    0xA7, 0x52, 0x05, 0x4D, 0x92, 0x67, 0x87, 0x0A, 0xAC, 0xC0, 0xB1, 0xED, 0x40, 0xF9, 0x26, 0x0E,
    0x26, 0xE8, 0x99, 0xE6, 0x49, 0x81, 0xD3, 0xCD, 0x1D, 0xD8, 0x79, 0xE4, 0xE0, 0x82, 0x09, 0x7A,
    0xA7, 0x6B, 0xAD, 0x50, 0x81, 0x98, 0x39, 0x70, 0x42, 0x03, 0x9B, 0xBB, 0x7C, 0xA0, 0x61, 0xAE,
    0x8F, 0xCD, 0x32, 0xDF, 0xAB, 0x99, 0xC6, 0xDC, 0x6A, 0x47, 0x06, 0x0E, 0x06, 0x64, 0x4E, 0xD5,
    0x2B, 0x6E, 0x37, 0xF9, 0xFF, 0xFB, 0x9F, 0xAF, 0xAA, 0x3E, 0x7B, 0x81, 0xB2, 0xFB, 0x47, 0x00,
    0xE6, 0x97, 0x81, 0x98, 0x8D, 0x78, 0x38, 0xE2, 0x76, 0xF8, 0x07, 0xAC, 0x3C, 0xCA, 0x1E, 0xA6,
    0x17, 0x76, 0xA8, 0x3A, 0x18, 0xF0, 0xB0, 0x42, 0x27, 0x6C, 0x84, 0x6D, 0x8C, 0xA3, 0x70, 0x00,
    0xF6, 0xE0, 0x71, 0x14, 0xDE, 0x09, 0xA7, 0x0B, 0x22, 0x0B, 0x40, 0x78, 0xC0, 0x7C, 0xC4, 0xE6,
    0xF7, 0x14, 0x79, 0xEF, 0x06, 0xBC, 0x17, 0xAF, 0x56, 0xA0, 0xE2, 0x07, 0xED, 0x50, 0x4E, 0x38,
    0x03, 0x4B, 0x11, 0x80, 0x7D, 0xE5, 0x81, 0xA3, 0xE9, 0x80, 0x89, 0x5E, 0xFF, 0xB8, 0x06, 0x80,
    0x1D, 0x00, 0xDE, 0x3D, 0x10, 0x3C, 0x66, 0x00, 0x82, 0xE4, 0xFA, 0x8D, 0x68, 0x01, 0x85, 0x77,
    0x3D, 0x8C, 0x37, 0x73, 0x76, 0x42, 0x11, 0xE3, 0xBC, 0xB9, 0x88, 0x3D, 0xC3, 0x44, 0xB6, 0x75,
    0x86, 0xC8, 0x00, 0x41, 0xDB, 0x46, 0xA1, 0x29, 0x30, 0x85, 0x55, 0xCB, 0x89, 0x02, 0xA2, 0x4D,
    0x05, 0x33, 0xB1, 0x2B, 0x0C, 0xF5, 0x7C, 0x24, 0x85, 0x0E, 0x34, 0x85, 0x2F, 0xCA, 0x0E, 0x37,
    0xA6, 0xC7, 0xB5, 0xC1, 0xD3, 0x83, 0x17, 0xA8, 0x17, 0x03, 0x50, 0xFA, 0xD4, 0x2B, 0xF9, 0x4C,
    0xDD, 0x22, 0xF5, 0x2B, 0xF9, 0x4C, 0x7D, 0x9F, 0xBA, 0x7C, 0xCE, 0xCC, 0xAC, 0x57, 0x07, 0xAA,
    0x27, 0x88, 0xC3, 0x40, 0xFC, 0x76, 0x64, 0x62, 0xBF, 0x09, 0x00, 0x8A, 0x7F, 0x23, 0x56, 0x6F,
    0x49, 0xD3, 0x76, 0xB3, 0x52, 0xB0, 0xD0, 0x94, 0x02, 0x98, 0x69, 0x32, 0x0F, 0x74, 0x50, 0x8E,
    0x0C, 0xD1, 0x44, 0x12, 0x77, 0xC2, 0x86, 0x77, 0xF0, 0x32, 0xD3, 0x67, 0xD3, 0x86, 0xBE, 0x18,
    0x99, 0x9E, 0x53, 0x04, 0xE2, 0x39, 0xAE, 0xC8, 0xE2, 0xA2, 0xA7, 0xD4, 0x09, 0x95, 0x39, 0xA3,
    0xDC, 0x7D, 0xAE, 0x28, 0x88, 0xCF, 0x8B, 0xE3, 0xB5, 0x70, 0x21, 0x91, 0x6C, 0x55, 0x36, 0x5B,
    0xC5, 0xE6, 0x94, 0x4D, 0x2B, 0xBC, 0x52, 0x46, 0x6B, 0xE1, 0xC2, 0xCC, 0x7E, 0x16, 0x70, 0x7A,
    0x54, 0xE3, 0x7B, 0x80, 0xC3, 0x24, 0x5C, 0xE5, 0xFD, 0xD0, 0xD1, 0xBB, 0x49, 0xD2, 0xDC, 0x50,
    0x34, 0xAC, 0x68, 0x38, 0x25, 0xB3, 0x41, 0xB6, 0xC8, 0x6F, 0x10, 0xCE, 0xF2, 0x7E, 0x7E, 0xE2,
    0xDD, 0x7E, 0xC4, 0x7B, 0xFE, 0x81, 0xF7, 0xFE, 0x89, 0xF7, 0x33, 0x61, 0xA1, 0xEF, 0x1D, 0x4C,
    0x4F, 0xE8, 0x70, 0x0D, 0x73, 0x89, 0xDA, 0x5D, 0x62, 0xAE, 0x2F, 0xB0, 0xBF, 0x28, 0xF2, 0x8E,
    0x30, 0x3D, 0x02, 0xBD, 0x09, 0xE4, 0x51, 0xFA, 0x48, 0x2A, 0x42, 0x91, 0xE6, 0x82, 0x06, 0x0F,
    0x38, 0x5D, 0x25, 0x7E, 0xB2, 0xAE, 0xCB, 0x6B, 0x14, 0xA3, 0x8C, 0x17, 0x83, 0xCC, 0x17, 0x5E,
    0x66, 0x4B, 0x0E, 0x81, 0x04, 0x79, 0xB5, 0xE9, 0x29, 0x50, 0x92, 0xE4, 0xF7, 0x06, 0x52, 0x9E,
    0x05, 0xF3, 0x24, 0xAA, 0x96, 0x56, 0xD5, 0x93, 0xD2, 0x35, 0x30, 0x4B, 0x92, 0x84, 0x26, 0x61,
    0x1A, 0x76, 0x64, 0x39, 0x70, 0xA0, 0xA1, 0xEB, 0x34, 0xFC, 0x0D, 0x3F, 0xEC, 0xFE, 0xC0, 0x0B,
    0x06, 0x27, 0x45, 0x8C, 0x65, 0x9C, 0xD1, 0xC6, 0xB7, 0x71, 0xAD, 0xE2, 0x84, 0x6C, 0x21, 0x81,
    0x33, 0x80, 0x7B, 0x98, 0xAE, 0x08, 0x74, 0xD6, 0x99, 0xCE, 0x7A, 0x50, 0xD4, 0x16, 0xB7, 0x60,
    0x22, 0x82, 0xCB, 0x67, 0x99, 0x5F, 0xAE, 0xAA, 0x01, 0xE0, 0xD5, 0x75, 0xDB, 0x71, 0xCC, 0xE3,
    0x6D, 0x1C, 0x44, 0x3A, 0xE9, 0x0D, 0xB8, 0x2D, 0xE3, 0x57, 0x8B, 0x08, 0xE5, 0x2B, 0xC9, 0x92,
    0xC7, 0xFC, 0x98, 0x8D, 0x89, 0x59, 0xA3, 0xFE, 0x82, 0x4E, 0x0C, 0xA9, 0x36, 0xC0, 0xA7, 0x96,
    0x0F, 0xEA, 0xEA, 0x07, 0xB8, 0xD9, 0xF3, 0x51, 0x39, 0x8B, 0x76, 0x46, 0x8C, 0xB0, 0x67, 0xD8,
    0x81, 0x27, 0xD5, 0x3B, 0xBA, 0x9A, 0x95, 0xEA, 0x0E, 0xF7, 0xE4, 0x37, 0xA1, 0x18, 0x73, 0x46,
    0x99, 0x8F, 0xC8, 0x87, 0xAC, 0xA3, 0x79, 0x99, 0x06, 0x0E, 0x40, 0xC9, 0xE9, 0x53, 0xC5, 0x33,
    0x49, 0x9F, 0x3A, 0x80, 0x51, 0x02, 0xD5, 0xE5, 0x12, 0xD3, 0xFD, 0x04, 0xB0, 0xB8, 0x01, 0x6E,
    0xD1, 0xBE, 0x2E, 0x67, 0x18, 0x26, 0x28, 0x3B, 0xBD, 0x07, 0x4C, 0x0C, 0x28, 0x63, 0x67, 0xE3,
    0x08, 0x13, 0x93, 0xFE, 0xBD, 0x9E, 0x74, 0xF4, 0xA0, 0xD7, 0x6F, 0x7B, 0xA9, 0xE6, 0xB7, 0x3D,
    0xC9, 0x3B, 0xD3, 0x91, 0xFA, 0x1B, 0x03, 0x14, 0x63, 0x36, 0x59, 0xA0, 0x18, 0xCA, 0xD1, 0x31,
    0x58, 0xD3, 0x37, 0xD4, 0x50, 0x83, 0x9A, 0x8E, 0x17, 0xA6, 0xA0, 0xFA, 0x55, 0x60, 0x4A, 0xCC,
    0xCF, 0x3C, 0xCD, 0x9A, 0x57, 0x69, 0x5E, 0xBD, 0xA1, 0x59, 0xB8, 0x89, 0x66, 0xE1, 0x06, 0x9A,
    0x45, 0xDB, 0xE3, 0x10, 0x7B, 0x34, 0xD4, 0x3A, 0xF9, 0xFE, 0x10, 0x3F, 0x00, 0x17, 0x4D, 0xBC,
    0xE4, 0xE0, 0xBE, 0x9C, 0x01, 0x32, 0x1D, 0x39, 0xE4, 0x6B, 0x87, 0x74, 0xFC, 0xFF, 0x24, 0x9F,
    0x24, 0x27, 0xBD, 0xF1, 0x09, 0x9C, 0xF9, 0x30, 0x8A, 0x69, 0xC3, 0xCE, 0xF8, 0x0D, 0x71, 0x00,
    0x60, 0x33, 0x46, 0xE4, 0x2A, 0x06, 0xD4, 0xB4, 0x1D, 0x51, 0xBA, 0x6A, 0x25, 0xAA, 0xC3, 0xDB,
    0x45, 0x0A, 0x4D, 0x6B, 0x7C, 0x0D, 0xFA, 0x4C, 0x78, 0x45, 0xCD, 0x13, 0xF3, 0x00, 0xF7, 0x09,
    0xB5, 0x66, 0x2D, 0x97, 0x07, 0xC3, 0xD5, 0x07, 0x25, 0x37, 0x9F, 0xA4, 0xFD, 0x9C, 0x83, 0xA7,
    0x53, 0x32, 0x84, 0x41, 0xCE, 0xC1, 0xF2, 0x0E, 0x4E, 0xEA, 0x82, 0x43, 0x9D, 0x16, 0x88, 0x5D,
    0x5A, 0x19, 0xF6, 0x69, 0xB8, 0x23, 0x67, 0xBA, 0x92, 0x82, 0x02, 0x4C, 0x27, 0x97, 0x06, 0x90,
    0x37, 0x80, 0x37, 0xB9, 0x24, 0xEF, 0x46, 0xF2, 0x22, 0xB5, 0x4F, 0x4D, 0xA7, 0x35, 0xA2, 0x01,
    0x49, 0xB7, 0x0B, 0xF8, 0x44, 0xEC, 0x08, 0xC7, 0xA8, 0xD8, 0x71, 0x0A, 0x88, 0x81, 0xAA, 0x1E,
    0x51, 0x4D, 0x40, 0x39, 0x03, 0x66, 0x01, 0x2C, 0x13, 0x73, 0x0F, 0xDC, 0x72, 0x6C, 0x81, 0xF7,
    0x01, 0xB0, 0xB6, 0x2F, 0xFE, 0x83, 0xE9, 0x35, 0xDE, 0xFC, 0xF3, 0x08, 0x34, 0xC5, 0xD8, 0x92,
    0x70, 0x9D, 0x87, 0x23, 0x19, 0xEF, 0xF0, 0xDF, 0x81, 0x5C, 0xF7, 0x38, 0x0D, 0x1C, 0x8F, 0x68,
    0x3B, 0x92, 0xBE, 0xC3, 0x8F, 0xC4, 0x7A, 0x02, 0x44, 0x5B, 0x23, 0xD9, 0x2B, 0xF2, 0x94, 0x01,
    0xA7, 0x30, 0x90, 0x1E, 0x56, 0x07, 0x13, 0x27, 0x26, 0x4E, 0x3A, 0xD2, 0xC4, 0xD3, 0xBF, 0xF5,
    0x4F, 0x5A, 0xBC, 0x81, 0x0C, 0xEE, 0x65, 0x4F, 0x32, 0x00, 0x30, 0xCB, 0x9A, 0x64, 0xA0, 0x0C,
    0xA1, 0x91, 0x0F, 0xAD, 0x87, 0x0F, 0xC3, 0xA8, 0x7B, 0xC8, 0xF5, 0xC8, 0x81, 0xD4, 0x94, 0xDD,
    0x39, 0x0D, 0x93, 0xD2, 0xC6, 0x7B, 0x4C, 0x1A, 0x92, 0x30, 0x61, 0x45, 0x4A, 0xEA, 0x89, 0xE0,
    0xF0, 0x50, 0x8F, 0x94, 0x91, 0xE7, 0xEE, 0x5D, 0x1E, 0xA9, 0x0A, 0xB8, 0x3E, 0xD7, 0x1E, 0x5C,
    0x0E, 0x34, 0x4E, 0x82, 0xC5, 0x68, 0xC1, 0x00, 0x1B, 0x61, 0x4D, 0x1C, 0x29, 0x9E, 0x22, 0xE1,
    0x40, 0x2C, 0x3D, 0xD1, 0xF4, 0x44, 0x4B, 0xCE, 0x5B, 0x6F, 0x01, 0x2C, 0xB0, 0x1E, 0x65, 0x40,
    0xF5, 0x3E, 0x3B, 0xF5, 0x94, 0xCF, 0x99, 0x69, 0xE2, 0xA6, 0x8C, 0xC8, 0x63, 0xD2, 0xF0, 0x7D,
    0x12, 0x52, 0x2B, 0xE7, 0xD4, 0x45, 0xFE, 0x5C, 0x42, 0x98, 0x89, 0x0F, 0x13, 0x92, 0x3F, 0x24,
    0x64, 0xFC, 0x58, 0x42, 0x62, 0x7C, 0xC0, 0xD8, 0xF1, 0xCE, 0x57, 0x5E, 0x1B, 0x8A, 0xF6, 0xB1,
    0x62, 0x43, 0x10, 0x6D, 0xD2, 0xA8, 0x3C, 0x34, 0x32, 0x59, 0x23, 0x3B, 0x3D, 0x6E, 0xF3, 0x87,
    0x18, 0xFB, 0xDF, 0xBB, 0xA1, 0x24, 0xD6, 0x89, 0xB4, 0xFC, 0x2B, 0x13, 0x00, 0x3E, 0xA8, 0x40,
    0xE7, 0xEF, 0x56, 0xA0, 0x77, 0xCC, 0xC8, 0xD7, 0xEE, 0xB9, 0xBD, 0xFD, 0x83, 0x0A, 0xF4, 0x86,
    0xD0, 0x92, 0xA8, 0xF3, 0x8F, 0x15, 0x68, 0x7E, 0xA9, 0x40, 0xB5, 0xB5, 0x92, 0x69, 0x5C, 0x71,
    0x8D, 0x1A, 0x57, 0xF8, 0x1A, 0x7B, 0xBC, 0x44, 0xC0, 0x11, 0xBB, 0x67, 0x79, 0x13, 0x2F, 0xBC,
    0x8B, 0x84, 0x83, 0xD0, 0x13, 0x4B, 0x61, 0x25, 0x34, 0xBD, 0xB0, 0x23, 0x5A, 0x62, 0x11, 0x17,
    0x40, 0x29, 0xD6, 0xB6, 0x59, 0xC5, 0xE9, 0x10, 0x7B, 0x13, 0x43, 0x1E, 0x44, 0x78, 0x52, 0x9B,
    0xD3, 0x83, 0x94, 0xA5, 0x5A, 0x36, 0x9A, 0x87, 0xFA, 0xB4, 0x96, 0xB5, 0x3B, 0xE2, 0x57, 0x81,
    0x86, 0x7E, 0x4D, 0xF7, 0xC5, 0xBF, 0x7A, 0xF2, 0x51, 0x06, 0xB3, 0x15, 0x3C, 0x96, 0x0B, 0xE7,
    0x1F, 0xA7, 0x22, 0xC5, 0x7A, 0x7A, 0x5C, 0x45, 0x84, 0x1F, 0x5F, 0x58, 0x6C, 0x14, 0x2E, 0xB9,
    0xCC, 0x6E, 0x3A, 0x6E, 0x6C, 0x71, 0x05, 0xEC, 0xFB, 0xF3, 0x69, 0xC0, 0x3D, 0xE6, 0x62, 0xCA,
    0x03, 0x26, 0x2C, 0xA5, 0xE7, 0xEE, 0xAA, 0x75, 0xAE, 0x49, 0xFB, 0xEA, 0x15, 0x69, 0xBE, 0xD4,
    0xEA, 0x56, 0x0B, 0xF7, 0x35, 0x29, 0xDF, 0x35, 0xA8, 0x7C, 0x16, 0x6C, 0x57, 0xF5, 0xE5, 0x60,
    0x46, 0xD3, 0x1D, 0xBA, 0x7C, 0xFD, 0xEB, 0xBF, 0x5F, 0x98, 0x72, 0xC9, 0xFD, 0xD5, 0xCF, 0x2F,
    0x85, 0x88, 0x9C, 0x6B, 0x19, 0x90, 0x02, 0xB6, 0xC6, 0x81, 0x2A, 0x28, 0x02, 0x0C, 0x2B, 0xA8,
    0x09, 0x6D, 0x8A, 0x47, 0x8F, 0xB3, 0x49, 0x92, 0x71, 0x0F, 0xD9, 0xFD, 0x87, 0x4E, 0x46, 0xCE,
    0x44, 0x14, 0x73, 0x1A, 0x82, 0x06, 0x33, 0x6B, 0x68, 0x75, 0x1B, 0x96, 0x26, 0x7D, 0x95, 0x9C,
    0x7A, 0xE3, 0x45, 0x40, 0x45, 0xC7, 0x1B, 0xDE, 0x41, 0x3F, 0xF9, 0x24, 0x0E, 0xAD, 0x0A, 0x29,
    0x70, 0x78, 0xBA, 0x52, 0xFD, 0x01, 0x27, 0xA6, 0xE6, 0x62, 0x4C, 0x83, 0x8E, 0xAF, 0x85, 0x08,
    0xDF, 0x19, 0x5E, 0x93, 0xF2, 0xD6, 0x36, 0x3D, 0x6D, 0x8D, 0xD5, 0x4B, 0xA0, 0xA3, 0x62, 0x24,
    0xB2, 0x79, 0xB6, 0x52, 0xAD, 0xBA, 0xB4, 0x9E, 0x68, 0x3A, 0x94, 0x9A, 0xC8, 0xC5, 0xFC, 0x22,
    0x6A, 0x6B, 0xFB, 0x77, 0xE6, 0xE7, 0xFD, 0x15, 0xA4, 0x8C, 0x27, 0xB8, 0x7F, 0x82, 0xCA, 0xAC,
    0x36, 0x9E, 0x4B, 0xB2, 0xD4, 0xB2, 0xB8, 0xA6, 0xF6, 0xE0, 0xC0, 0x5C, 0x5A, 0xF7, 0xA4, 0x01,
    0xF6, 0xBB, 0xCD, 0x01, 0x57, 0x6A, 0xCD, 0x63, 0xAB, 0x1F, 0xDB, 0x4E, 0x6D, 0xFF, 0xA4, 0x1D,
    0x53, 0x53, 0x1A, 0x67, 0xB5, 0xE9, 0x49, 0x4B, 0xD5, 0xEA, 0x63, 0xCB, 0x2F, 0x6D, 0x64, 0x2B,
    0x54, 0xBC, 0xEA, 0x00, 0x81, 0x07, 0xC9, 0x7F, 0xC0, 0xFF, 0x31, 0x3B, 0xCF, 0x90, 0x37, 0xBF,
    0x43, 0xDE, 0x3D, 0x43, 0xFE, 0xC2, 0xFF, 0xA3, 0xE4, 0xEF, 0x9E, 0x21, 0xFF, 0x0C, 0xFF, 0x27,
    0xE4, 0xBB, 0x0B, 0x79, 0x1D, 0xA2, 0x94, 0x8E, 0xCF, 0x85, 0x10, 0x9F, 0x74, 0x7C, 0x0A, 0xA3,
    0xEB, 0xAC, 0xF0, 0x73, 0x0A, 0x0F, 0x2F, 0x2B, 0xE2, 0x4E, 0x65, 0xEB, 0x4F, 0x4C, 0xF7, 0x64,
    0x9D, 0x02, 0x2E, 0xE8, 0x1E, 0xEA, 0xFB, 0xB8, 0x40, 0x8B, 0xBB, 0x02, 0x71, 0x8F, 0xFA, 0x97,
    0xFC, 0xA5, 0x7E, 0x31, 0x6F, 0x44, 0xFE, 0x48, 0xCE, 0xE5, 0xA4, 0x55, 0x75, 0xC0, 0xE9, 0xF1,
    0xBD, 0x0D, 0x50, 0xF1, 0x16, 0xD7, 0x87, 0x13, 0x79, 0x2F, 0x46, 0x09, 0x5E, 0x33, 0x42, 0xDE,
    0x29, 0xD1, 0x14, 0x08, 0x39, 0xDA, 0x34, 0x5B, 0xE5, 0x31, 0x5D, 0xD8, 0x3C, 0xD2, 0xD4, 0xEB,
    0xAC, 0x81, 0x4E, 0x66, 0x5D, 0xA8, 0x97, 0x5A, 0x87, 0x54, 0x9C, 0xEA, 0x42, 0xBD, 0xDA, 0xD6,
    0x10, 0x37, 0x4B, 0xE2, 0x3C, 0xB9, 0x22, 0x77, 0x4D, 0x4E, 0x5E, 0xA8, 0x17, 0x4D, 0x5E, 0x98,
    0xDE, 0x35, 0x67, 0x90, 0xB0, 0xA6, 0x91, 0xDE, 0x38, 0x2F, 0xC2, 0x06, 0x15, 0x91, 0xB8, 0x88,
    0x87, 0x38, 0x7C, 0xF4, 0xA5, 0x53, 0xC4, 0x44, 0x4A, 0x84, 0x44, 0x46, 0x44, 0x26, 0x02, 0x09,
    0xC8, 0xB9, 0x1C, 0xCB, 0xA9, 0x1C, 0xCA, 0x19, 0xB2, 0xD3, 0x59, 0xCF, 0x68, 0xC0, 0xA1, 0xB3,
    0x64, 0x93, 0x2F, 0xBC, 0xF8, 0x4D, 0x3E, 0x72, 0xE5, 0x1B, 0xE4, 0xE6, 0x02, 0xAC, 0x3C, 0x09,
    0xEB, 0xEF, 0xEE, 0x84, 0xD9, 0xF4, 0x58, 0x93, 0x18, 0x7F, 0x03, 0x1C, 0xD0, 0xBE, 0xAE, 0x16,
    0x4A, 0x60, 0x44, 0xF6, 0xF8, 0x38, 0xB2, 0x13, 0x6F, 0x8C, 0x2B, 0xFD, 0x8D, 0x8A, 0xEC, 0xF4,
    0xFA, 0xB3, 0x59, 0x35, 0xF4, 0x86, 0x2B, 0x23, 0xAC, 0x06, 0x92, 0x87, 0x81, 0xED, 0xC0, 0x6E,
    0xD1, 0xA4, 0xF0, 0x9D, 0x5C, 0x55, 0x2C, 0xC5, 0x67, 0x9D, 0xA4, 0x7A, 0x3A, 0x9D, 0x84, 0x94,
    0x9D, 0x3D, 0x23, 0x94, 0x48, 0x74, 0x62, 0x81, 0x3B, 0x9E, 0xD0, 0xC4, 0xC4, 0xA0, 0x68, 0x62,
    0x12, 0xD1, 0x99, 0x8F, 0x63, 0x01, 0x4A, 0x2D, 0x59, 0x07, 0xC0, 0x7A, 0x3E, 0x0E, 0xF7, 0xEE,
    0xC5, 0xAA, 0x05, 0xB9, 0x8A, 0x71, 0x12, 0x65, 0x9C, 0x56, 0x09, 0xF4, 0x33, 0xAA, 0x5F, 0xF1,
    0x47, 0xB0, 0xC8, 0x2D, 0x07, 0xD1, 0xA3, 0x62, 0x1A, 0x45, 0x82, 0xDD, 0xD3, 0x55, 0x5A, 0x03,
    0x80, 0x1B, 0xB1, 0xD8, 0x72, 0xA1, 0x0C, 0x1A, 0x65, 0xEE, 0xB1, 0x0E, 0x43, 0x9B, 0x52, 0x78,
    0x4C, 0x49, 0x9C, 0x38, 0x50, 0x9D, 0x77, 0x49, 0x89, 0x73, 0xAA, 0xBC, 0x27, 0xE0, 0xA6, 0x49,
    0x35, 0xE8, 0x22, 0x69, 0xD8, 0x51, 0x5A, 0x86, 0x9B, 0x69, 0x08, 0xC5, 0xE8, 0xBA, 0xC2, 0xD3,
    0xA5, 0xE1, 0x3E, 0x86, 0x6A, 0x70, 0xE0, 0xDF, 0x0E, 0xCD, 0xD6, 0x6F, 0x50, 0xBF, 0x58, 0xBB,
    0x36, 0x1E, 0x7C, 0x35, 0xB9, 0x1E, 0xC0, 0x2F, 0xE4, 0x89, 0xBA, 0xCB, 0xE3, 0x00, 0xF7, 0x1E,
    0xB8, 0xA7, 0x34, 0xB9, 0x9F, 0x9F, 0x59, 0xFD, 0xF4, 0x66, 0xB4, 0xDE, 0xF6, 0xC5, 0xE0, 0x50,
    0x0C, 0xDC, 0x60, 0x77, 0x28, 0x7C, 0x8D, 0xAA, 0x67, 0x35, 0xE0, 0xFA, 0x7B, 0x98, 0x48, 0xBF,
    0x7D, 0xBA, 0x96, 0xA5, 0xE3, 0xAC, 0xAD, 0x3A, 0x64, 0xA1, 0x18, 0x36, 0x3E, 0x7D, 0xBE, 0xF5,
    0x62, 0x2C, 0x87, 0x62, 0xC8, 0xC7, 0xC2, 0x17, 0x43, 0xE9, 0x3F, 0xF3, 0x27, 0xAD, 0x1C, 0x33,
    0xEF, 0x09, 0x52, 0xC4, 0x9C, 0x0F, 0x98, 0xB6, 0x1E, 0xF2, 0x9E, 0xBE, 0xF3, 0xA0, 0xC0, 0x35,
    0x23, 0x0B, 0xAF, 0xE8, 0x19, 0x0A, 0x95, 0x22, 0x71, 0x0B, 0xF8, 0xB1, 0x23, 0x30, 0xDF, 0x7D,
    0xCD, 0x78, 0x77, 0x80, 0x65, 0xD6, 0xAE, 0xA8, 0xC0, 0x1A, 0x33, 0x73, 0xA9, 0x05, 0x6D, 0x82,
    0xE3, 0xF3, 0x6A, 0x37, 0xD0, 0x73, 0xC1, 0x35, 0xE1, 0x6F, 0xB5, 0x4C, 0xBD, 0x1A, 0xF3, 0xB8,
    0x98, 0xE1, 0xD6, 0xC2, 0xED, 0xE0, 0x0E, 0x71, 0x3D, 0xC5, 0x35, 0x2D, 0x8A, 0x47, 0xFC, 0xB8,
    0xCD, 0x66, 0x17, 0xC7, 0x72, 0xED, 0x10, 0xF3, 0x68, 0x62, 0x9F, 0xC5, 0x5F, 0xAF, 0x26, 0xB2,
    0xFE, 0xAC, 0xCB, 0x11, 0xC8, 0xE6, 0x9A, 0xBA, 0xC4, 0xCD, 0xFE, 0x8D, 0x9E, 0xE3, 0x3D, 0x09,
    0x96, 0x74, 0x05, 0x98, 0x5F, 0xAD, 0xA6, 0xE7, 0x54, 0x9B, 0xA5, 0x86, 0x2D, 0x1F, 0x1E, 0xBB,
    0xAF, 0xF3, 0x50, 0xFC, 0xA6, 0x6B, 0x43, 0x1B, 0x8B, 0x08, 0xDB, 0xB7, 0x2B, 0x58, 0x05, 0xCE,
    0x14, 0x12, 0xCA, 0xC1, 0x76, 0x65, 0x67, 0x3A, 0xF2, 0xC7, 0x81, 0xCB, 0xC0, 0x02, 0xE0, 0x56,
    0x13, 0xED, 0x53, 0x34, 0xA8, 0xB3, 0x05, 0x2E, 0x4E, 0x28, 0x63, 0x8F, 0x83, 0x2F, 0xC6, 0x93,
    0x37, 0x43, 0xD5, 0xB7, 0xDE, 0xF4, 0xDB, 0xD9, 0x9F, 0x45, 0x6F, 0xCB, 0xDF, 0xF6, 0xD6, 0xFE,
    0x45, 0xE7, 0x6A, 0x83, 0x66, 0xB6, 0x68, 0x47, 0x87, 0xD6, 0x37, 0x9C, 0x7A, 0xE3, 0x11, 0xED,
    0x80, 0x31, 0xF7, 0x08, 0x55, 0x8F, 0xD3, 0x3D, 0x2E, 0xF5, 0x17, 0xF0, 0xBD, 0x6C, 0x55, 0x4B,
    0x1B, 0xCD, 0x42, 0xFA, 0xB6, 0xC7, 0x74, 0x0B, 0x7C, 0x33, 0x21, 0xFB, 0x96, 0x71, 0xAC, 0x28,
    0x96, 0x56, 0x2F, 0x29, 0xC5, 0x60, 0x50, 0x7A, 0xF3, 0x57, 0xA7, 0xA5, 0x3A, 0xC7, 0xA5, 0x98,
    0xD0, 0xC6, 0x15, 0x87, 0x78, 0x46, 0x29, 0x01, 0xED, 0x61, 0xBA, 0x23, 0x0C, 0xEE, 0x60, 0xF5,
    0xB2, 0x3B, 0xA1, 0xCE, 0x02, 0xF6, 0x59, 0xF8, 0xE9, 0x94, 0x87, 0x43, 0x28, 0x56, 0xD7, 0x17,
    0x67, 0x96, 0x55, 0x87, 0xC1, 0x44, 0x64, 0x71, 0x40, 0xEC, 0xCB, 0x05, 0xD8, 0xC8, 0x6D, 0xF8,
    0x5F, 0xE1, 0x76, 0x46, 0xF6, 0xCD, 0x7F, 0xCE, 0x13, 0xF2, 0x10, 0xC7, 0x80, 0x62, 0x3C, 0x7C,
    0xB5, 0xE1, 0xD0, 0xE4, 0x1B, 0x7A, 0xCA, 0xA7, 0x24, 0x32, 0x89, 0x87, 0x33, 0xE2, 0x86, 0x0B,
    0xAA, 0xA5, 0x88, 0xA3, 0x99, 0xCB, 0x38, 0x60, 0xD6, 0xDC, 0xA7, 0x4E, 0x02, 0x34, 0x71, 0x26,
    0x3E, 0x03, 0x9A, 0xC9, 0x68, 0x45, 0x46, 0x72, 0xDA, 0x90, 0x89, 0x82, 0x16, 0xCA, 0x33, 0x38,
    0x41, 0x28, 0xE8, 0xEA, 0x9D, 0x1D, 0x6C, 0x57, 0x8C, 0x0D, 0xF2, 0xB0, 0xDF, 0xFA, 0x1D, 0xF2,
    0xF1, 0x0E, 0xC5, 0x70, 0x87, 0xD2, 0x1F, 0x61, 0xBB, 0xF6, 0xCB, 0x7B, 0xD8, 0xC8, 0x74, 0x68,
    0x62, 0x6C, 0x4E, 0x63, 0xFC, 0xC0, 0xE9, 0x1D, 0x67, 0x19, 0xC9, 0x63, 0xBA, 0x38, 0x25, 0x7C,
    0xC4, 0xE9, 0x5A, 0x91, 0xE1, 0x21, 0x76, 0x70, 0xEF, 0x9C, 0x87, 0xEB, 0x2B, 0x8F, 0x56, 0x15,
    0x2F, 0x81, 0x13, 0x32, 0xD5, 0xE9, 0x47, 0x98, 0x7E, 0x03, 0x07, 0xAC, 0x19, 0x13, 0x15, 0xC3,
    0x96, 0xA1, 0xD8, 0xD1, 0x47, 0xAA, 0xFE, 0x78, 0x79, 0x02, 0x5E, 0xFE, 0x20, 0xB0, 0x48, 0x80,
    0x93, 0x06, 0xBB, 0x2D, 0x30, 0xCF, 0xA2, 0xB9, 0xC1, 0x8B, 0x4E, 0xBF, 0x48, 0x3C, 0xE9, 0x47,
    0xFC, 0x08, 0x6D, 0xF7, 0x06, 0x36, 0x4E, 0x78, 0x11, 0xFB, 0x6D, 0x8C, 0x93, 0xDB, 0x9C, 0xD4,
    0x95, 0x0F, 0x3B, 0xD3, 0x87, 0x6D, 0x03, 0x7F, 0xFD, 0xB1, 0x9F, 0xCE, 0xD9, 0xCB, 0xE8, 0x51,
    0x6D, 0xDD, 0x2C, 0x9B, 0x53, 0xB3, 0xD0, 0x69, 0x4D, 0xB6, 0x0D, 0x2F, 0xD4, 0x06, 0x69, 0xB5,
    0x93, 0x77, 0x13, 0x27, 0x0E, 0xF7, 0x82, 0xBF, 0xF3, 0xC0, 0x26, 0xC2, 0x0D, 0x58, 0x07, 0x16,
    0x67, 0x02, 0x99, 0x2A, 0x98, 0x62, 0x7C, 0x08, 0xE1, 0x17, 0x9C, 0x7E, 0x77, 0xB7, 0x8C, 0x65,
    0xA6, 0xD7, 0x01, 0x3C, 0xFE, 0x52, 0xEF, 0x20, 0x84, 0x78, 0xD9, 0xAC, 0xAE, 0xBE, 0xF3, 0x93,
    0xEC, 0x27, 0xF7, 0x1D, 0x4B, 0x80, 0x19, 0xC5, 0xBA, 0x46, 0x98, 0x61, 0x76, 0x9D, 0xC5, 0x64,
    0xFA, 0x1A, 0xA1, 0xF4, 0xDB, 0x5C, 0x2D, 0xFB, 0x7D, 0x1E, 0x36, 0x8D, 0x16, 0xA3, 0xC1, 0xCD,
    0x26, 0x2A, 0xB4, 0x7F, 0xFE, 0x76, 0x81, 0x95, 0x42, 0x34, 0xBB, 0xED, 0xEB, 0x8F, 0x6F, 0xC0,
    0x45, 0x0C, 0x84, 0x91, 0x21, 0xFF, 0x4B, 0x1C, 0xAA, 0xF8, 0x9B, 0xE8, 0xD1, 0xB2, 0xAC, 0xB7,
    0x3F, 0xF3, 0x40, 0x75, 0x09, 0x86, 0x1F, 0xA1, 0x5A, 0x90, 0x7E, 0x67, 0xC2, 0x8D, 0xE3, 0x96,
    0x69, 0x7B, 0x9C, 0x38, 0xAB, 0xE2, 0x72, 0x38, 0x5F, 0xD4, 0xFA, 0xBC, 0x70, 0x3E, 0xAE, 0xD6,
    0xCB, 0xCF, 0xD3, 0x00, 0x76, 0x17, 0xB8, 0x46, 0x3B, 0x9C, 0x96, 0x83, 0x3F, 0x2D, 0xA5, 0x37,
    0x7D, 0xE5, 0x4D, 0x57, 0xF5, 0xA6, 0x33, 0xBD, 0xD5, 0x0E, 0x51, 0xC6, 0x95, 0xCB, 0x57, 0xCA,
    0x0E, 0x9D, 0xE9, 0x61, 0x45, 0x5F, 0x2D, 0x36, 0x1C, 0xCE, 0x66, 0x76, 0x1B, 0x62, 0xCE, 0xC7,
    0xCA, 0x63, 0x2A, 0xC6, 0xAA, 0x47, 0xE0, 0x8F, 0x11, 0x5C, 0xD3, 0x4C, 0x97, 0x87, 0xCD, 0x22,
    0xB6, 0x4F, 0xBD, 0x05, 0x3F, 0x75, 0xE0, 0xA7, 0x0D, 0x4A, 0x6F, 0xBB, 0x3A, 0x95, 0x8A, 0x03,
    0x21, 0x59, 0x6B, 0xCF, 0x66, 0xF9, 0x7E, 0xD6, 0xCC, 0x07, 0xD6, 0xC0, 0x54, 0x3E, 0xC1, 0xB2,
    0xB7, 0x31, 0xC0, 0x6D, 0xBD, 0x76, 0xC0, 0xAE, 0x01, 0x7E, 0xCA, 0x60, 0x5A, 0x2E, 0x97, 0x31,
    0xE0, 0x98, 0xCD, 0xE0, 0xDF, 0xC4, 0x2D, 0xBF, 0x0C, 0x2E, 0x46, 0xEF, 0xE2, 0x99, 0x81, 0x16,
    0x31, 0x18, 0xE2, 0x88, 0x59, 0xF1, 0x4F, 0xC0, 0x4E, 0xB8, 0x57, 0xC9, 0x75, 0xE4, 0xCC, 0xF0,
    0x33, 0xB8, 0x8B, 0x4D, 0x28, 0x86, 0x62, 0x60, 0xBA, 0xCB, 0xB7, 0x81, 0x11, 0xFE, 0x32, 0x90,
    0x53, 0x1E, 0x11, 0xE3, 0xBB, 0x62, 0x7D, 0x4C, 0x1B, 0x68, 0x09, 0x93, 0xBA, 0x6C, 0xD0, 0x42,
    0xDA, 0x05, 0xF5, 0xE7, 0xB7, 0x3B, 0xFB, 0x53, 0xD4, 0x5D, 0x80, 0x3B, 0x6B, 0x51, 0x29, 0x07,
    0xEB, 0xAB, 0xBE, 0x18, 0x3E, 0xA1, 0xBC, 0xDB, 0xC8, 0x3E, 0x24, 0x95, 0x9B, 0xFE, 0x0B, 0x38,
    0xB4, 0x5F, 0x9E, 0x61, 0xD3, 0xFA, 0x4F, 0xE1, 0xBC, 0x7A, 0x0F, 0x33, 0xF3, 0x3E, 0xCC, 0xDC,
    0xA3, 0x31, 0x39, 0xDE, 0x17, 0x6A, 0xE4, 0x63, 0x16, 0x97, 0x0D, 0xF3, 0x38, 0x93, 0xED, 0x38,
    0x83, 0xFB, 0xEE, 0x8C, 0xCA, 0x17, 0x5A, 0x9C, 0x4A, 0xDF, 0x7E, 0xF9, 0x06, 0xA7, 0x85, 0x7B,
    0x49, 0x5C, 0x38, 0x93, 0x51, 0xD2, 0x4C, 0x4B, 0x61, 0x9F, 0x55, 0xEF, 0x5F, 0x7E, 0x7C, 0x9E,
    0x0A, 0x96, 0x6B, 0xE4, 0x71, 0x60, 0x54, 0x75, 0xB5, 0xC1, 0x75, 0xD5, 0xE3, 0x3A, 0x98, 0x1E,
    0x87, 0x31, 0xCE, 0x70, 0x5F, 0xC5, 0x09, 0xB8, 0x7E, 0x89, 0xB9, 0xC6, 0xCF, 0x7F, 0x08, 0x1D,
    0x97, 0x3D, 0xD5, 0xFD, 0xFE, 0x3D, 0x35, 0x6D, 0x7C, 0x1D, 0xE9, 0xBB, 0x8E, 0x7B, 0x38, 0xDD,
    0x50, 0xC1, 0x43, 0x5A, 0x70, 0x54, 0x30, 0xBD, 0x44, 0xDB, 0x1D, 0x15, 0x78, 0x4E, 0xAA, 0x21,
    0x9F, 0xB2, 0x51, 0xB3, 0xCD, 0xB7, 0x4A, 0x66, 0xE9, 0x2B, 0x2F, 0x29, 0x77, 0x16, 0x16, 0x6E,
    0x34, 0x23, 0xF0, 0x27, 0x9F, 0x37, 0xED, 0x17, 0x2F, 0x01, 0xA0, 0xED, 0x0F, 0xFC, 0xDE, 0x1B,
    0x5E, 0xC1, 0xEF, 0x71, 0x85, 0x06, 0xED, 0xE0, 0x3C, 0x74, 0x7C, 0x42, 0xF8, 0x23, 0xC4, 0xCB,
    0xA4, 0xF9, 0xA0, 0xBC, 0xFE, 0xBF, 0xFE, 0x3F, 0x1D, 0xE0, 0x4F, 0x01, 0xFC, 0xD3, 0x63, 0xE5,
    0x73, 0xD1, 0x49, 0x00, 0xFE, 0xB7, 0xCA, 0xE7, 0x7F, 0x00, 0x8C, 0x8C, 0x21, 0x8C, 0xDB, 0x3E,
    0x14, 0x87, 0xBF, 0xD4, 0xFA, 0xCB, 0xFA, 0x2F, 0x5B, 0x3C, 0x30, 0x78, 0xAB, 0x0F, 0x56, 0x53,
    0xDA, 0x14, 0x06, 0x24, 0x75, 0x74, 0x07, 0x46, 0x8F, 0x73, 0x30, 0x78, 0xA0, 0xA0, 0xA0, 0xBB,
    0x78, 0xE8, 0xE0, 0x8E, 0xA3, 0xC3, 0x43, 0xE5, 0xDA, 0x35, 0x96, 0x0E, 0x0C, 0x2E, 0x1C, 0x85,
    0xA3, 0x80, 0x82, 0x80, 0x5E, 0x3C, 0x6B, 0x2A, 0x58, 0xA5, 0x81, 0xF9, 0xFB, 0x59, 0xEF, 0xBD,
    0xCF, 0xB6, 0x81, 0xDA, 0xBB, 0xC6, 0xBB, 0x3F, 0x1B, 0x8C, 0xF7, 0x61, 0x1A, 0x39, 0xEF, 0x39,
    0x8D, 0x61, 0xF5, 0xA7, 0x72, 0x6E, 0xFD, 0xE1, 0x54, 0xFB, 0x22, 0xFD, 0x57, 0xE0, 0x15, 0x73,
    0x0A, 0xF6, 0x8C, 0x6C, 0xD0, 0x98, 0xC0, 0x82, 0x82, 0x5B, 0x40, 0x55, 0x99, 0xCB, 0xAC, 0x62,
    0x4A, 0x0E, 0x9C, 0xDF, 0x24, 0x8C, 0xA2, 0x9A, 0x2B, 0x8A, 0x05, 0x7B, 0xC3, 0x68, 0xD8, 0x94,
    0xE8, 0xD8, 0x9A, 0xCC, 0x99, 0xCC, 0x2E, 0x82, 0x9F, 0x72, 0x3B, 0x03, 0x50, 0x1F, 0x5D, 0xF6,
    0xB3, 0xCD, 0xBE, 0xB6, 0x4A, 0xBA, 0x69, 0x4C, 0xFE, 0x06, 0xF8, 0xFB, 0x73, 0x76, 0xF4, 0x74,
    0x74, 0xC6, 0xD7, 0xA3, 0x70, 0xC2, 0x0A, 0x2B, 0xAB, 0x18, 0x15, 0x48, 0x78, 0x4F, 0x1A, 0x28,
    0xC8, 0x59, 0xB3, 0x0B, 0x10, 0x83, 0x82, 0x24, 0x04, 0xE1, 0x7B, 0xE9, 0x3B, 0x0A, 0xC8, 0x43,
    0x60, 0x0D, 0x3B, 0xE8, 0x21, 0xA4, 0x23, 0x6A, 0x99, 0xB4, 0xD4, 0x23, 0xF5, 0x0B, 0xC2, 0x22,
    0x2B, 0x62, 0x08, 0xE1, 0x26, 0x3E, 0x9A, 0xB1, 0xF6, 0x8D, 0x6F, 0x5E, 0xEA, 0x41, 0xB7, 0x00,
    0x48, 0x88, 0x5B, 0xD4, 0x80, 0x1A, 0xD1, 0xBE, 0xD2, 0x03, 0x99, 0xA3, 0x84, 0x4B, 0x78, 0x77,
    0xB7, 0xDF, 0xFE, 0xDE, 0xDC, 0x44, 0xD5, 0x5D, 0x34, 0xC8, 0x6E, 0x3F, 0x19, 0xE2, 0x6E, 0x1B,
    0xF5, 0xD2, 0xFD, 0x87, 0xA1, 0xA6, 0x84, 0xBA, 0xE3, 0x13, 0x08, 0x3F, 0x30, 0x80, 0x6A, 0x9F,
    0x26, 0x3D, 0x68, 0x4A, 0xD1, 0x41, 0xC9, 0x3C, 0x76, 0x50, 0x50, 0xAA, 0x0A, 0x4A, 0xB6, 0x06,
    0x30, 0xD1, 0x61, 0x0B, 0x68, 0xDF, 0x0E, 0x80, 0x1C, 0xAF, 0x7A, 0x00, 0x44, 0x0B, 0x40, 0xEC,
    0x9A, 0x0E, 0xD0, 0xD7, 0xFE, 0x08, 0xAC, 0x94, 0x6B, 0x2C, 0x6C, 0x35, 0xAB, 0x47, 0x18, 0x4A,
    0x9E, 0x96, 0x4C, 0xFA, 0x82, 0xE3, 0x12, 0xD1, 0x96, 0xD1, 0xF1, 0x12, 0xE5, 0xCC, 0xF5, 0xE1,
    0x01, 0x5D, 0x85, 0xFF, 0x2C, 0x1F, 0x90, 0xE3, 0x37, 0xB0, 0x91, 0x13, 0x56, 0x92, 0x90, 0x32,
    0x83, 0x2F, 0x55, 0xF4, 0xEC, 0xC4, 0x3D, 0x32, 0x21, 0x49, 0x49, 0x73, 0x66, 0xCB, 0x20, 0xAF,
    0x88, 0x9E, 0x7F, 0x20, 0xEE, 0x93, 0xE0, 0x2F, 0x48, 0x82, 0x4E, 0xF3, 0x5D, 0x38, 0x7A, 0xE4,
    0x7F, 0x0C, 0x35, 0x0B, 0x52, 0xD6, 0xBC, 0x05, 0x70, 0xC2, 0x69, 0xFB, 0x99, 0xEF, 0x64, 0x28,
    0x24, 0x00, 0xAF, 0x99, 0xA2, 0x2B, 0xE9, 0x62, 0xB7, 0x62, 0xC3, 0x03, 0x00, 0xD4, 0x7E, 0x68,
    0xFC, 0x01, 0x80, 0x0B, 0x28, 0x60, 0x47, 0xD4, 0x22, 0x2C, 0x0A, 0xE6, 0x90, 0x43, 0xCF, 0xC4,
    0x21, 0x2B, 0x12, 0x48, 0x61, 0x0D, 0xFC, 0x1A, 0x66, 0xA4, 0x10, 0x27, 0x02, 0x00, 0x34, 0x90,
    0x01, 0x84, 0x54, 0x41, 0x00, 0x86, 0xBF, 0x99, 0x71, 0x3D, 0x8C, 0xDD, 0x05, 0x40, 0x6F, 0xEF,
    0x1D, 0x80, 0x7A, 0x57, 0xE1, 0xE1, 0xC5, 0xED, 0xED, 0x08, 0x01, 0x58, 0x58, 0x61, 0xD1, 0x01,
    0x90, 0xEB, 0x06, 0x87, 0x8B, 0xB8, 0x21, 0x00, 0x28, 0x08, 0x40, 0x00, 0x02, 0x23, 0xA1, 0xA0,
    0x1D, 0x02, 0x80, 0x81, 0x03, 0x60, 0xE0, 0x00, 0xEA, 0xD1, 0xE1, 0x5D, 0xDA, 0x9B, 0xF6, 0x39,
    0xC7, 0x0F, 0xE0, 0xFB, 0x3F, 0x1F, 0x3B, 0xB0, 0x4E, 0x2A, 0x9E, 0x69, 0xEA, 0x11, 0x65, 0x4D,
    0xD9, 0x52, 0x36, 0xD4, 0x0D, 0x6D, 0x83, 0x6D, 0x49, 0xD3, 0xC2, 0xE9, 0x1B, 0x58, 0x80, 0x48,
    0x14, 0x91, 0x47, 0x81, 0x2F, 0x41, 0xFE, 0x74, 0x5A, 0x99, 0xBA, 0xE0, 0x3C, 0x77, 0x68, 0x18,
    0xC3, 0xAE, 0x21, 0x07, 0xF2, 0x3F, 0x71, 0xB1, 0x90, 0x01, 0xE5, 0x50, 0xBF, 0x8C, 0x5C, 0x45,
    0xF0, 0x60, 0xC1, 0xEF, 0x11, 0x67, 0x2B, 0xA7, 0x37, 0xF0, 0x38, 0x89, 0xCB, 0xB3, 0xC2, 0xB4,
    0x63, 0x98, 0xAE, 0xDD, 0xFC, 0x59, 0x3A, 0xC0, 0x9F, 0xE2, 0x2D, 0xA9, 0x11, 0x61, 0x5F, 0x1B,
    0xDD, 0x53, 0xE5, 0x6E, 0x67, 0x19, 0x07, 0x8A, 0x86, 0x29, 0xB4, 0xE0, 0x11, 0x01, 0x65, 0x18,
    0x43, 0x0D, 0x16, 0x38, 0x8F, 0x32, 0x7A, 0x45, 0x53, 0xF0, 0xA4, 0x30, 0x49, 0xE5, 0x30, 0xF9,
    0x18, 0x6B, 0xBA, 0x06, 0xDF, 0x10, 0x0F, 0x6F, 0xBF, 0xD6, 0xAE, 0xF8, 0xD0, 0x8D, 0x68, 0xEA,
    0x61, 0xA7, 0x53, 0xD1, 0xE9, 0x1B, 0x0F, 0x69, 0x4F, 0x04, 0xAB, 0xDC, 0xEC, 0x35, 0xD5, 0x15,
    0x24, 0xD2, 0xC3, 0xBF, 0xF3, 0xAC, 0x82, 0x0A, 0xC2, 0x3C, 0xF8, 0x3C, 0xCF, 0xEC, 0x40, 0x8E,
    0x2A, 0xF8, 0x09, 0x6D, 0xC9, 0x41, 0xCB, 0x50, 0xC3, 0xD2, 0x58, 0xAC, 0xA5, 0xDB, 0x4A, 0xCE,
    0xB4, 0x99, 0x6C, 0xC0, 0xA0, 0xAE, 0xB0, 0x58, 0x3C, 0x89, 0x28, 0x82, 0x08, 0x32, 0x28, 0x57,
    0xBC, 0x9F, 0x77, 0x9C, 0x24, 0x91, 0xDE, 0x2A, 0x57, 0x4A, 0x53, 0x43, 0x03, 0x89, 0xCA, 0x89,
    0x1E, 0xED, 0x28, 0x39, 0x9A, 0x2D, 0xD3, 0x7C, 0xCB, 0xCF, 0xBD, 0x58, 0x76, 0x28, 0xC7, 0x2E,
    0x7C, 0x83, 0x1C, 0x20, 0x81, 0x87, 0x74, 0x24, 0xC2, 0xD3, 0x95, 0xA9, 0xAE, 0x41, 0x06, 0x74,
    0x60, 0xEE, 0xF8, 0xE3, 0xD4, 0x3B, 0x33, 0x2E, 0x68, 0x35, 0x39, 0x47, 0xC6, 0x30, 0x82, 0x63,
    0x44, 0x76, 0x32, 0xF7, 0xEA, 0x62, 0xA1, 0x1C, 0x05, 0xE8, 0x1F, 0xDC, 0x5B, 0xDD, 0x72, 0x3E,
    0x0D, 0x1C, 0x19, 0xDE, 0xBC, 0x34, 0x55, 0x0F, 0x27, 0x51, 0x5E, 0x7E, 0xD5, 0x34, 0x23, 0xD8,
    0xCF, 0xE6, 0xF0, 0x79, 0x3C, 0x25, 0xF9, 0x61, 0xD1, 0xCA, 0x30, 0xBB, 0x8F, 0xEE, 0x99, 0xE4,
    0x2B, 0xB1, 0xF4, 0x70, 0x97, 0xBD, 0xBC, 0x15, 0x1F, 0x14, 0x8A, 0xBB, 0xEC, 0xAC, 0x9D, 0x0A,
    0x9D, 0xC6, 0x8E, 0xF1, 0x5A, 0x44, 0xF5, 0xDB, 0x54, 0x2F, 0x42, 0x4B, 0xB4, 0x44, 0xBF, 0xE5,
    0xAC, 0xCC, 0xA4, 0x1F, 0x94, 0xF4, 0x32, 0xD5, 0xD8, 0x76, 0x98, 0x9F, 0xC9, 0x6E, 0xB2, 0x49,
    0x88, 0xB0, 0x50, 0x21, 0x15, 0x7C, 0x3F, 0xA6, 0x4A, 0x88, 0x28, 0xC3, 0xAB, 0xEB, 0xF5, 0x66,
    0x5B, 0xCB, 0x08, 0xFE, 0x2F, 0x6B, 0xE5, 0xFE, 0xBF, 0x00, 0x5D, 0x92, 0x31, 0xA8, 0x23, 0x55,
    0x14, 0x86, 0xBF, 0x9B, 0xF1, 0x19, 0x70, 0xC0, 0x6B, 0x23, 0x88, 0xA2, 0xB7, 0x17, 0x37, 0xD3,
    0xC3, 0xE6, 0xCD, 0xAD, 0x9F, 0x8D, 0xC8, 0xCE, 0x16, 0xDB, 0x57, 0x6E, 0xF1, 0x5A, 0x8B, 0x3C,
    0x32, 0xB0, 0xF6, 0x58, 0x68, 0xDF, 0xAE, 0xAF, 0xB6, 0x48, 0x11, 0x5F, 0xAE, 0xDB, 0x17, 0xD3,
    0x57, 0x03, 0x36, 0xDA, 0x5D, 0x70, 0xC0, 0x59, 0x99, 0xE4, 0x98, 0x73, 0x06, 0x35, 0xBB, 0x97,
    0xF0, 0x71, 0x26, 0x24, 0xF7, 0xFF, 0xCF, 0xFF, 0x0F, 0x72, 0x64, 0x31, 0x50, 0x4A, 0x76, 0x32,
    0x51, 0x0C, 0x78, 0xE9, 0xF1, 0x2D, 0xCB, 0x11, 0x36, 0xE8, 0xE4, 0x47, 0x18, 0xA1, 0x4C, 0x84,
    0x3D, 0x2E, 0xDB, 0xB4, 0xDE, 0x53, 0x74, 0xB0, 0x4C, 0x6C, 0x36, 0xFA, 0xAC, 0x4F, 0xC3, 0x06,
    0x1F, 0x79, 0xEF, 0xA7, 0x9B, 0x97, 0x37, 0xCD, 0xFD, 0x77, 0xF7, 0xD1, 0x4F, 0x61, 0xAA, 0x5E,
    0xC9, 0x0B, 0x89, 0x2C, 0xF2, 0x32, 0xAD, 0xD9, 0x01, 0x2E, 0xFB, 0xF6, 0x5A, 0x2F, 0x81, 0x1C,
    0x58, 0x15, 0x3D, 0xD4, 0x52, 0xFE, 0x2A, 0xDD, 0x50, 0x9F, 0xCE, 0xD3, 0xF2, 0x85, 0x74, 0xF9,
    0x70, 0x02, 0x76, 0x23, 0xA1, 0x42, 0xCF, 0x2F, 0x99, 0x70, 0x67, 0xD3, 0xB6, 0xC7, 0x4F, 0x36,
    0xD5, 0x09, 0x9F, 0xE7, 0xA9, 0xC5, 0xF7, 0xF3, 0x04, 0x3E, 0x61, 0xE7, 0x56, 0x6F, 0x28, 0x45,
    0xF4, 0xF6, 0x6E, 0x39, 0xC0, 0x11, 0x26, 0x8A, 0x0C, 0xB3, 0xDB, 0x9D, 0x3A, 0x65, 0xC0, 0x04,
    0xBC, 0x88, 0x74, 0x84, 0x33, 0x13, 0xEC, 0xD1, 0x33, 0x2A, 0x2A, 0x91, 0xA3, 0xBA, 0x13, 0x95,
    0x9C, 0x65, 0xF7, 0xC6, 0x2D, 0x14, 0xC9, 0x84, 0x13, 0xFE, 0xB5, 0x3B, 0x40, 0x21, 0x32, 0xAA,
    0xAC, 0xB4, 0x20, 0x22, 0x83, 0x51, 0xB8, 0xFA, 0xBA, 0x69, 0x42, 0xF2, 0x79, 0x2B, 0x7F, 0x75,
    0x3E, 0x1F, 0xE4, 0xCF, 0x1E, 0x0F, 0x45, 0x1F, 0x3A, 0x91, 0xDF, 0xBA, 0x4A, 0x99, 0xB8, 0x36,
    0xDB, 0x6B, 0xF4, 0x9E, 0x59, 0x6C, 0x2B, 0x7A, 0xCF, 0xAC, 0xB5, 0x33, 0x0E, 0xFF, 0x73, 0xCE,
    0x6E, 0x31, 0xB3, 0x57, 0x1E, 0x24, 0xA2, 0x82, 0xD8, 0x57, 0xEA, 0xB9, 0xD2, 0x0B, 0x1E, 0x62,
    0xE8, 0x5C, 0xA6, 0xE8, 0x17, 0x3D, 0x8B, 0xDE, 0x7D, 0x7F, 0x06, 0xD6, 0x93, 0x16, 0x58, 0x8B,
    0x48, 0x36, 0x70, 0x2B, 0x3D, 0x0B, 0xF9, 0xC3, 0x64, 0xA5, 0x3B, 0x68, 0x0C, 0x77, 0x60, 0xFA,
    0xEF, 0xA8, 0xFC, 0x23, 0x9D, 0xD6, 0xD4, 0xF1, 0xDD, 0x89, 0x20, 0xF6, 0xE3, 0xD3, 0x1C, 0x9A,
    0xA4, 0xA0, 0x6C, 0x3F, 0xC3, 0xC7, 0xB2, 0x7D, 0x44, 0xA0, 0x8C, 0x8F, 0xA9, 0xF0, 0xC0, 0x0A,
    0x3D, 0xEB, 0x0B, 0x6E, 0x2E, 0xB8, 0x33, 0x8E, 0x17, 0xBB, 0xE5, 0xB7, 0x77, 0x2B, 0x7A, 0x9B,
    0x13, 0xB0, 0x9D, 0xEA, 0x13, 0x3C, 0x58, 0x8B, 0x4E, 0xC5, 0xED, 0x5C, 0x3D, 0x71, 0x80, 0x3B,
    0xF2, 0xEC, 0xC7, 0xE6, 0x9B, 0x27, 0x94, 0x2D, 0x65, 0xE7, 0x9E, 0x7D, 0xD8, 0x3C, 0xFD, 0xA1,
    0xC8, 0x07, 0x99, 0x3E, 0x72, 0x37, 0x4D, 0xD3, 0xB4, 0x54, 0x56, 0xD6, 0x6A, 0x0E, 0xD9, 0xBA,
    0xAB, 0xEF, 0x0F, 0x73, 0xC8, 0x1D, 0xDC, 0x3D, 0x1D, 0xCD, 0xCE, 0x64, 0x76, 0x36, 0x66, 0x67,
    0x6D, 0x46, 0xAE, 0x8D, 0x95, 0xD3, 0xD8, 0xC2, 0x97, 0xE9, 0x20, 0xD1, 0x0B, 0x22, 0x2C, 0x8F,
    0xE8, 0x89, 0x73, 0xE2, 0xC8, 0xC9, 0xF2, 0x04, 0x7C, 0xAB, 0x88, 0x0A, 0x80, 0xE0, 0x9E, 0x47,
    0x15, 0x89, 0x41, 0xFE, 0xFE, 0x8A, 0xD5, 0x03, 0xC0, 0x63, 0xAE, 0xE0, 0xEE, 0xF9, 0x89, 0x8F,
    0x45, 0x7E, 0x67, 0x7B, 0x8C, 0xF0, 0xC1, 0x80, 0x89, 0x9A, 0x1A, 0xDF, 0x2A, 0x7E, 0xD6, 0xA2,
    0x06, 0x2D, 0x22, 0x8B, 0x82, 0x5A, 0x54, 0xC5, 0xEA, 0xD1, 0x70, 0x3E, 0xD1, 0x52, 0x71, 0x83,
    0x75, 0x39, 0x52, 0x24, 0xE5, 0xF2, 0xCC, 0x41, 0x8D, 0xB8, 0xAC, 0x4E, 0x8A, 0x5E, 0xAD, 0xDC,
    0x26, 0xBC, 0xFD, 0xD7, 0x7A, 0xA3, 0x82, 0xFF, 0x9A, 0xF9, 0x42, 0x51, 0xBF, 0x9A, 0x80, 0xCF,
    0x9B, 0x97, 0x6F, 0x35, 0x53, 0x69, 0x34, 0xD4, 0x92, 0xE6, 0xA0, 0x8D, 0xEF, 0x1B, 0x3F, 0x85,
    0x8B, 0x37, 0xFC, 0x84, 0x2A, 0x6E, 0xA3, 0x2A, 0xEA, 0x27, 0x52, 0x9E, 0x89, 0x0E, 0x01, 0x1D,
    0x2A, 0x93, 0xBB, 0xC6, 0x4D, 0xE8, 0x16, 0xD9, 0x38, 0xC2, 0x46, 0x7B, 0x63, 0x0F, 0xB5, 0x29,
    0x06, 0x18, 0xFE, 0xE5, 0xCA, 0x82, 0x58, 0xEB, 0xA2, 0x4C, 0x2C, 0x7A, 0x5D, 0x57, 0xB3, 0x68,
    0x55, 0xF0, 0xF5, 0x9B, 0x46, 0xE6, 0x2D, 0xFE, 0x01, 0x7C, 0xCF, 0x21, 0x6C, 0xDB, 0x50, 0x14,
    0x85, 0xE1, 0xCF, 0x79, 0x91, 0x02, 0xAC, 0xC5, 0x70, 0x1B, 0xE8, 0xC2, 0xA5, 0xA8, 0xA6, 0x05,
    0xD5, 0x62, 0x8E, 0x46, 0x32, 0x3A, 0x3E, 0x5C, 0x5A, 0xC5, 0x9C, 0x73, 0x3C, 0x85, 0xB4, 0x60,
    0x30, 0x52, 0x1F, 0x47, 0xE6, 0xC8, 0x78, 0x23, 0x06, 0x01, 0x05, 0x9D, 0xDE, 0xAE, 0x14, 0x2B,
    0x6C, 0x7B, 0xF7, 0x5C, 0xE9, 0x82, 0x73, 0xCE, 0xAF, 0x07, 0x2B, 0xDC, 0xEE, 0xF7, 0x5F, 0x4E,
    0xA5, 0x4C, 0x37, 0x58, 0x42, 0x9F, 0x86, 0x66, 0xBA, 0xFD, 0x99, 0x72, 0xEA, 0x53, 0xBF, 0xEA,
    0x6A, 0x8D, 0x75, 0xCC, 0x8D, 0xAD, 0xFB, 0x98, 0x3B, 0x0F, 0x9E, 0x01, 0xC9, 0x7E, 0xFF, 0x2D,
    0xBF, 0x94, 0x32, 0x52, 0x77, 0x97, 0xFC, 0xD5, 0x7A, 0x37, 0x5B, 0xA7, 0x98, 0xB1, 0x1A, 0x16,
    0x39, 0xE5, 0xF7, 0x43, 0x3B, 0x35, 0x79, 0x75, 0x4D, 0x57, 0xB9, 0xDD, 0x7F, 0x9D, 0x1E, 0x4B,
    0x39, 0x7F, 0x92, 0x72, 0xA5, 0x02, 0xA9, 0xD3, 0x64, 0xBB, 0xD1, 0x82, 0x9A, 0x86, 0xD0, 0x9A,
    0x1B, 0xB6, 0x84, 0xEE, 0xB9, 0xE3, 0x81, 0xD0, 0x33, 0x13, 0xA3, 0x50, 0x35, 0x58, 0x64, 0x29,
    0x14, 0xE9, 0xC9, 0x26, 0xAB, 0xC1, 0x12, 0xBB, 0x3E, 0x76, 0x8A, 0x1D, 0x62, 0x47, 0x3E, 0xBE,
    0xE2, 0x11, 0x9B, 0x8E, 0x3A, 0xB3, 0x98, 0xF0, 0x86, 0x1D, 0x9A, 0x9E, 0x04, 0xA8, 0x70, 0xE8,
    0x55, 0x25, 0x53, 0x3A, 0xB1, 0xD2, 0x6F, 0x9A, 0x4C, 0x8B, 0xD3, 0x25, 0xBA, 0x1A, 0x2E, 0x55,
    0x9F, 0xF1, 0xC1, 0xF5, 0xD9, 0xE2, 0xDA, 0x38, 0x52, 0x9D, 0x67, 0x6E, 0x6B, 0xE6, 0x16, 0x73,
    0xEF, 0xCC, 0x68, 0x3B, 0xD7, 0x57, 0x63, 0x33, 0x07, 0xCE, 0x97, 0x82, 0x28, 0xB2, 0xC3, 0x69,
    0xFE, 0x4F, 0xE6, 0x30, 0xF0, 0x32, 0x06, 0x7B, 0x4E, 0xEA, 0x58, 0x64, 0xEA, 0x52, 0xDE, 0xDA,
    0x5F, 0xC7, 0x1F, 0x87, 0xCC, 0x26, 0xEE, 0x55, 0xDC, 0xF2, 0xD5, 0x53, 0x0D, 0x56, 0x67, 0x9B,
    0x3F, 0x0E, 0xA5, 0x6B, 0xEE, 0xAD, 0xB7, 0xFF, 0x14, 0x58, 0x62, 0xAD, 0x94, 0xD2, 0x7F, 0x3F,
    0x3E, 0x4D, 0x34, 0xE7, 0xB8, 0x87, 0xB8, 0x3B, 0xDE, 0x41, 0x38, 0xFF, 0xA7, 0xA0, 0x04, 0xAB,
    0x7E, 0xB5, 0x18, 0x09, 0x3A, 0x4B, 0x29, 0xA2, 0x9A, 0xE8, 0xB1, 0x3B, 0x1E, 0x9F, 0xF2, 0x81,
    0x66, 0x68, 0x4B, 0x20, 0xEA, 0xE3, 0xF1, 0xEF, 0xD6, 0x81, 0x64, 0x79, 0x20, 0x76, 0x03, 0x00,
    0x85, 0xD3, 0x01, 0x84, 0x1D, 0x67, 0x17, 0xC6, 0xF1, 0xDF, 0xDC, 0xF9, 0xBE, 0x4E, 0xE5, 0x6A,
    0x26, 0x00, 0xA8, 0x1D, 0x28, 0x82, 0x24, 0x43, 0x15, 0xC5, 0xDE, 0x9D, 0x29, 0x00, 0x4A, 0x00,
    0x80, 0x02, 0x68, 0x29, 0x45, 0x90, 0xB2, 0xDB, 0x3B, 0x00, 0x80, 0x02, 0x00, 0x82, 0xA2, 0x16,
    0x5A, 0x04, 0xC1, 0x72, 0x07, 0x00, 0x30, 0x00, 0x14, 0x06, 0x28, 0x4A, 0xBD, 0x6A, 0xC4, 0xB4,
    0xEE, 0xE6, 0xF4, 0x8E, 0x6B, 0xB3, 0x22, 0x6D, 0xFA, 0x78, 0xFC, 0xDF, 0xE3, 0xCC, 0xBC, 0x0F,
    0xC7, 0xEB, 0x00, 0x71, 0x2D, 0x8B, 0xFD, 0x91, 0x45, 0x4F, 0xD9, 0xE6, 0x23, 0xB5, 0x55, 0x62,
    0xC3, 0xC4, 0x15, 0xBB, 0x88, 0x99, 0x26, 0x22, 0xD1, 0xC8, 0x13, 0x95, 0x62, 0xA0, 0xEC, 0xD6,
    0x3D, 0x45, 0x5F, 0xB6, 0xE4, 0x63, 0x8D, 0x55, 0x3A, 0x83, 0xE9, 0x1C, 0xF6, 0x33, 0x5C, 0x4C,
    0xD0, 0x24, 0x14, 0x31, 0x58, 0xD8, 0x03, 0xE2, 0xA0, 0x3E, 0x16, 0x24, 0x26, 0xB7, 0xF0, 0x26,
    0xCA, 0x88, 0x23, 0xE0, 0x9F, 0x91, 0xDE, 0xC4, 0x6D, 0x32, 0x7C, 0xF9, 0x61, 0x11, 0xFB, 0xFA,
    0xB7, 0x69, 0x93, 0xEF, 0x5F, 0x94, 0x17, 0x69, 0x73, 0x92, 0xE6, 0x93, 0x97, 0xE3, 0xA3, 0x6D,
    0x77, 0xDA, 0x7C, 0x36, 0x6F, 0x23, 0x7D, 0x1C, 0x2D, 0xC0, 0xFF, 0x70, 0x17, 0x15, 0x9A, 0x8E,
    0x6D, 0xCF, 0xCB, 0x51, 0x96, 0x92, 0x7C, 0x98, 0x15, 0xFD, 0xB9, 0xB2, 0x3B, 0x53, 0xA9, 0x34,
    0x11, 0xDD, 0x36, 0xA2, 0xFF, 0xEA, 0xF2, 0xB2, 0x3B, 0xD4, 0x63, 0x7D, 0xA8, 0xCB, 0xCB, 0x9F,
    0xBA, 0xB2, 0x2B, 0x15, 0xFD, 0x23, 0xF9, 0xB8, 0x91, 0xA5, 0x2B, 0xA6, 0x89, 0xEF, 0x12, 0xCD,
    0x40, 0xD5, 0x53, 0xB6, 0x14, 0x6E, 0xA5, 0x89, 0x99, 0x88, 0xE8, 0xF2, 0x59, 0x35, 0x94, 0xA3,
    0x55, 0x6A, 0x3A, 0x59, 0xDA, 0x39, 0x60, 0x8F, 0xC7, 0x0B, 0x2C, 0xB0, 0xCC, 0x74, 0xC4, 0x6D,
    0xEF, 0x1A, 0x76, 0x50, 0xF7, 0xBC, 0x58, 0x27, 0xA6, 0xD5, 0x5E, 0x96, 0xEC, 0x22, 0x46, 0x75,
    0xC4, 0xE0, 0x46, 0xDB, 0x88, 0xF6, 0xD0, 0x55, 0x45, 0x5F, 0x47, 0x0F, 0xF8, 0x99, 0xB4, 0xB8,
    0x59, 0x26, 0x6A, 0x57, 0x83, 0xBC, 0x5F, 0x0C, 0x0F, 0x39, 0x75, 0x72, 0xFA, 0xBC, 0x8E, 0xA9,
    0x88, 0xAE, 0x88, 0x76, 0x1B, 0xE3, 0xD3, 0x3F, 0x06, 0x49, 0x36, 0x62, 0x3D, 0x3F, 0xFC, 0xFA,
    0x93, 0xBB, 0xDF, 0x7C, 0xF0, 0xE4, 0x41, 0x33, 0xDD, 0xE9, 0x3C, 0x5E, 0xEF, 0x9B, 0x57, 0xDB,
    0xD8, 0xC5, 0xEE, 0x7A, 0x3B, 0x57, 0x03, 0x34, 0xAF, 0x88, 0x57, 0xB2, 0x91, 0x25, 0x32, 0xEF,
    0x58, 0xB7, 0x94, 0x38, 0xE1, 0xDE, 0x03, 0x3E, 0x3D, 0xE5, 0xD1, 0x13, 0xD6, 0x89, 0x7C, 0x74,
    0xAB, 0xE2, 0xBA, 0x1A, 0x55, 0x11, 0x7B, 0xCD, 0x17, 0x7F, 0x6E, 0x6D, 0xF2, 0x54, 0x39, 0x5F,
    0x70, 0x56, 0x4C, 0xF5, 0x32, 0xD6, 0xB5, 0x32, 0xB6, 0xB3, 0xEC, 0x87, 0xF7, 0x3A, 0x64, 0x8E,
    0xD1, 0x15, 0x2E, 0x30, 0x1F, 0xE3, 0xD6, 0xFD, 0xBF, 0xB6, 0x9A, 0x88, 0x25, 0x06, 0x3C, 0x7B,
    0x96, 0xDE, 0x21, 0x50, 0xF6, 0x94, 0x03, 0x75, 0xE2, 0x6C, 0xE2, 0x6A, 0xCF, 0x7C, 0x21, 0x4B,
    0x67, 0xF2, 0x71, 0x59, 0x89, 0xB2, 0x2B, 0xFB, 0x75, 0x5F, 0xB6, 0xF9, 0xB0, 0x6C, 0xD0, 0x86,
    0xE9, 0x7D, 0xBE, 0x87, 0xA7, 0x56, 0xC3, 0x95, 0x7C, 0xDC, 0x28, 0xFA, 0xDA, 0xE1, 0xBF, 0xB6,
    0x52, 0xF6, 0x8D, 0xA2, 0xDF, 0xC8, 0xC7, 0x2B, 0x59, 0x9A, 0xF8, 0x2B, 0xB1, 0x1B, 0x69, 0x7A,
    0xEA, 0x8E, 0x12, 0xCF, 0x98, 0x16, 0xBE, 0xAD, 0xE7, 0xD2, 0x94, 0xA5, 0x7B, 0x1E, 0xDF, 0xF7,
    0x64, 0xE3, 0xEA, 0xBE, 0x8F, 0xBC, 0xAD, 0x53, 0xCE, 0xB9, 0x07, 0xEB, 0x5F, 0xDB, 0xF2, 0x17,
    0x99, 0xC5, 0xCD, 0xEF, 0xEA, 0xCF, 0xDD, 0x68, 0x79, 0xEF, 0x32, 0xA6, 0x2A, 0x92, 0x53, 0x9E,
    0x6B, 0x62, 0x6C, 0x62, 0x28, 0x5A, 0x77, 0xC1, 0x2E, 0xF6, 0x07, 0x7B, 0x67, 0xED, 0x21, 0xAB,
    0x99, 0x6D, 0xAB, 0x98, 0x5E, 0x1F, 0x55, 0xC7, 0x7A, 0xC4, 0x35, 0xAA, 0x81, 0xD5, 0xDE, 0x71,
    0xB4, 0xE2, 0xB0, 0x36, 0x3F, 0x8A, 0xD7, 0xD7, 0xC9, 0x07, 0xB2, 0x9B, 0xCF, 0xF9, 0x64, 0x09,
    0x39, 0xDE, 0xCE, 0x66, 0xAA, 0x51, 0x76, 0xBD, 0x64, 0xDC, 0x1C, 0xBE, 0xC5, 0x9D, 0xCB, 0xCB,
    0xB6, 0x8C, 0x68, 0x41, 0xFA, 0x6F, 0x47, 0xA4, 0x83, 0xF1, 0x7F, 0x8D, 0xAD, 0x8D, 0xBF, 0x01,
};

static const EpdGlyph edslab_14_italicGlyphs[] = {
    { 0, 0, 161, 0, 0, 0, 0 }, // U+0020
    { 8, 21, 102, 0, 21, 42, 0 }, // !
    { 8, 6, 157, 3, 21, 12, 42 }, // "
    { 23, 21, 372, 1, 21, 121, 54 }, // #
    { 18, 27, 283, 0, 24, 122, 175 }, // $
    { 24, 21, 437, 2, 21, 126, 297 }, // %
    { 19, 21, 340, 1, 21, 100, 423 }, // &
    { 4, 6, 91, 3, 21, 6, 523 }, // '
    { 14, 32, 200, 1, 26, 112, 529 }, // (
    { 14, 32, 200, -1, 26, 112, 641 }, // )
    { 11, 10, 200, 3, 24, 28, 753 }, // *
    { 10, 8, 181, 1, 11, 20, 781 }, // +
    { 5, 7, 101, -1, 3, 9, 801 }, // ,
    { 10, 3, 181, 1, 9, 8, 810 }, // -
    { 4, 4, 102, 0, 4, 4, 818 }, // .
    { 15, 27, 183, -2, 21, 102, 822 }, // /
    { 17, 22, 283, 1, 21, 94, 924 }, // 0
    { 10, 21, 170, 0, 21, 53, 1018 }, // 1
    { 17, 21, 263, 0, 21, 90, 1071 }, // 2
    { 18, 21, 273, 0, 21, 95, 1161 }, // 3
    { 16, 21, 272, 0, 21, 84, 1256 }, // 4
    { 18, 21, 269, 0, 21, 95, 1340 }, // 5
    { 17, 21, 271, 0, 21, 90, 1435 }, // 6
    { 17, 21, 260, 1, 21, 90, 1525 }, // 7
    { 16, 21, 277, 1, 21, 84, 1615 }, // 8
    { 17, 21, 256, 0, 21, 90, 1699 }, // 9
    { 5, 13, 127, 1, 13, 17, 1789 }, // :
    { 5, 17, 126, 1, 13, 22, 1806 }, // ;
    { 15, 15, 257, 1, 15, 57, 1828 }, // <
    { 10, 6, 189, 1, 10, 15, 1885 }, // =
    { 15, 15, 257, 0, 15, 57, 1900 }, // >
    { 14, 22, 258, 3, 21, 77, 1957 }, // ?
    { 27, 25, 447, 1, 23, 169, 2034 }, // @
    { 24, 21, 416, 0, 21, 126, 2203 }, // A
    { 21, 21, 335, 0, 21, 111, 2329 }, // B
    { 20, 21, 329, 1, 21, 105, 2440 }, // C
    { 24, 21, 373, 0, 21, 126, 2545 }, // D
    { 22, 21, 322, 0, 21, 116, 2671 }, // E
    { 22, 21, 323, 0, 21, 116, 2787 }, // F
    { 19, 21, 331, 1, 21, 100, 2903 }, // G
    { 27, 21, 406, 0, 21, 142, 3003 }, // H
    { 13, 21, 175, 0, 21, 69, 3145 }, // I
    { 18, 21, 261, 0, 21, 95, 3214 }, // J
    { 23, 21, 349, 0, 21, 121, 3309 }, // K
    { 19, 21, 326, 0, 21, 100, 3430 }, // L
    { 30, 21, 462, 0, 21, 158, 3530 }, // M
    { 27, 21, 406, 0, 21, 142, 3688 }, // N
    { 23, 21, 380, 1, 21, 121, 3830 }, // O
    { 22, 21, 335, 0, 21, 116, 3951 }, // P
    { 23, 26, 410, 1, 21, 150, 4067 }, // Q
    { 22, 21, 358, 0, 21, 116, 4217 }, // R
    { 18, 21, 272, -1, 21, 95, 4333 }, // S
    { 21, 21, 351, 3, 21, 111, 4428 }, // T
    { 25, 21, 418, 3, 21, 132, 4539 }, // U
    { 25, 21, 416, 3, 21, 132, 4671 }, // V
    { 36, 21, 591, 3, 21, 189, 4803 }, // W
    { 25, 21, 381, 0, 21, 132, 4992 }, // X
    { 21, 21, 363, 3, 21, 111, 5124 }, // Y
    { 21, 21, 316, 0, 21, 111, 5235 }, // Z
    { 13, 28, 145, -2, 21, 91, 5346 }, // [
    { 5, 27, 182, 3, 21, 34, 5437 }, // <backslash>
    { 13, 28, 159, -2, 21, 91, 5471 }, // ]
    { 14, 11, 257, 2, 22, 39, 5562 }, // ^
    { 13, 3, 232, -1, 1, 10, 5601 }, // _
    { 4, 6, 117, 4, 24, 6, 5611 }, // `
    { 13, 13, 238, 0, 13, 43, 5617 }, // a
    { 15, 23, 269, 1, 23, 87, 5660 }, // b
    { 14, 13, 221, 0, 13, 46, 5747 }, // c
    { 16, 24, 267, 0, 23, 96, 5793 }, // d
    { 13, 13, 214, 0, 13, 43, 5889 }, // e
    { 14, 24, 164, -1, 21, 84, 5932 }, // f
    { 18, 22, 250, -2, 13, 99, 6016 }, // g
    { 17, 24, 280, -1, 23, 102, 6115 }, // h
    { 6, 19, 128, 0, 18, 29, 6217 }, // i
    { 11, 25, 111, -4, 18, 69, 6246 }, // j
    { 16, 23, 280, 0, 23, 92, 6315 }, // k
    { 7, 24, 142, 2, 23, 42, 6407 }, // l
    { 24, 14, 402, 0, 13, 84, 6449 }, // m
    { 16, 14, 285, 0, 13, 56, 6533 }, // n
    { 15, 13, 240, 0, 13, 49, 6589 }, // o
    { 19, 20, 255, -3, 13, 95, 6638 }, // p
    { 14, 20, 232, 0, 13, 70, 6733 }, // q
    { 15, 13, 223, 0, 13, 49, 6803 }, // r
    { 12, 13, 181, -1, 13, 39, 6852 }, // s
    { 12, 18, 190, 0, 18, 54, 6891 }, // t
    { 15, 13, 269, 0, 13, 49, 6945 }, // u
    { 19, 13, 296, 0, 13, 62, 6994 }, // v
    { 27, 13, 427, 0, 13, 88, 7056 }, // w
    { 18, 13, 290, 0, 13, 59, 7144 }, // x
    { 20, 20, 296, -1, 13, 100, 7203 }, // y
    { 14, 13, 226, 0, 13, 46, 7303 }, // z
    { 11, 28, 134, 0, 22, 77, 7349 }, // {
    { 9, 30, 85, -1, 26, 68, 7426 }, // |
    { 11, 28, 133, -3, 22, 77, 7494 }, // }
    { 11, 4, 229, 2, 10, 11, 7571 }, // ~
    { 0, 0, 161, 0, 0, 0, 0 }, // U+00A0
    { 7, 21, 108, 1, 21, 37, 0 }, // U+00A1
    { 14, 17, 221, 0, 15, 60, 37 }, // U+00A2
    { 15, 24, 243, 0, 21, 90, 97 }, // U+00A3
    { 15, 12, 233, 0, 15, 45, 187 }, // U+00A4
    { 21, 21, 363, 3, 21, 111, 232 }, // U+00A5
    { 6, 21, 112, 1, 21, 32, 343 }, // U+00A6
    { 13, 19, 196, -1, 19, 62, 375 }, // U+00A7
    { 6, 3, 187, 5, 21, 5, 437 }, // U+00A8
    { 23, 22, 401, 2, 20, 127, 442 }, // U+00A9
    { 10, 9, 170, 1, 17, 23, 569 }, // U+00AA
    { 10, 10, 191, 2, 14, 25, 592 }, // U+00AB
    { 13, 7, 252, 2, 12, 23, 617 }, // U+00AC
    { 10, 3, 181, 1, 9, 8, 640 }, // U+00AD
    { 23, 23, 401, 2, 21, 133, 648 }, // U+00AE
    { 7, 3, 187, 5, 21, 6, 781 }, // U+00AF
    { 6, 5, 196, 5, 21, 8, 787 }, // U+00B0
    { 10, 13, 234, 2, 14, 33, 795 }, // U+00B1
    { 11, 12, 182, 1, 21, 33, 828 }, // U+00B2
    { 12, 12, 188, 1, 21, 36, 861 }, // U+00B3
    { 4, 3, 187, 6, 21, 3, 897 }, // U+00B4
    { 18, 20, 268, -3, 13, 90, 900 }, // U+00B5
    { 16, 22, 261, 1, 21, 88, 990 }, // U+00B6
    { 5, 4, 102, 1, 11, 5, 1078 }, // U+00B7
    { 5, 3, 187, 1, -1, 4, 1083 }, // U+00B8
    { 6, 12, 124, 1, 21, 18, 1087 }, // U+00B9
    { 10, 9, 172, 1, 17, 23, 1105 }, // U+00BA
    { 10, 10, 191, 1, 14, 25, 1128 }, // U+00BB
    { 18, 24, 261, 0, 23, 108, 1153 }, // U+00BC
    { 19, 24, 262, 0, 23, 114, 1261 }, // U+00BD
    { 18, 24, 261, 0, 23, 108, 1375 }, // U+00BE
    { 15, 21, 258, 0, 21, 79, 1483 }, // U+00BF
    { 24, 23, 416, 0, 23, 138, 1562 }, // U+00C0
    { 24, 23, 416, 0, 23, 138, 1700 }, // U+00C1
    { 24, 23, 416, 0, 23, 138, 1838 }, // U+00C2
    { 24, 24, 416, 0, 24, 144, 1976 }, // U+00C3
    { 24, 23, 416, 0, 23, 138, 2120 }, // U+00C4
    { 24, 26, 416, 0, 26, 156, 2258 }, // U+00C5
    { 39, 21, 602, 0, 21, 205, 2414 }, // U+00C6
    { 20, 24, 329, 1, 21, 120, 2619 }, // U+00C7
    { 22, 23, 322, 0, 23, 127, 2739 }, // U+00C8
    { 22, 23, 322, 0, 23, 127, 2866 }, // U+00C9
    { 22, 23, 322, 0, 23, 127, 2993 }, // U+00CA
    { 22, 23, 322, 0, 23, 127, 3120 }, // U+00CB
    { 13, 23, 175, 0, 23, 75, 3247 }, // U+00CC
    { 13, 23, 175, 0, 23, 75, 3322 }, // U+00CD
    { 13, 23, 175, 0, 23, 75, 3397 }, // U+00CE
    { 13, 23, 175, 0, 23, 75, 3472 }, // U+00CF
    { 24, 21, 373, 0, 21, 126, 3547 }, // U+00D0
    { 27, 24, 406, 0, 24, 162, 3673 }, // U+00D1
    { 23, 24, 380, 1, 24, 138, 3835 }, // U+00D2
    { 23, 24, 380, 1, 24, 138, 3973 }, // U+00D3
    { 23, 24, 380, 1, 24, 138, 4111 }, // U+00D4
    { 23, 24, 380, 1, 24, 138, 4249 }, // U+00D5
    { 23, 23, 380, 1, 23, 133, 4387 }, // U+00D6
    { 9, 9, 233, 3, 13, 21, 4520 }, // U+00D7
    { 25, 24, 380, 0, 23, 150, 4541 }, // U+00D8
    { 25, 24, 418, 3, 24, 150, 4691 }, // U+00D9
    { 25, 24, 418, 3, 24, 150, 4841 }, // U+00DA
    { 25, 24, 418, 3, 24, 150, 4991 }, // U+00DB
    { 25, 23, 418, 3, 23, 144, 5141 }, // U+00DC
    { 21, 23, 363, 3, 23, 121, 5285 }, // U+00DD
    { 16, 22, 373, 0, 21, 88, 5406 }, // U+00DE
    { 13, 20, 252, 0, 20, 65, 5494 }, // U+00DF
    { 13, 16, 238, 0, 16, 52, 5559 }, // U+00E0
    { 13, 16, 238, 0, 16, 52, 5611 }, // U+00E1
    { 13, 16, 238, 0, 16, 52, 5663 }, // U+00E2
    { 13, 17, 238, 0, 17, 56, 5715 }, // U+00E3
    { 13, 16, 238, 0, 16, 52, 5771 }, // U+00E4
    { 13, 18, 238, 0, 18, 59, 5823 }, // U+00E5
    { 24, 13, 401, 0, 13, 78, 5882 }, // U+00E6
    { 14, 16, 221, 0, 13, 56, 5960 }, // U+00E7
    { 13, 16, 214, 0, 16, 52, 6016 }, // U+00E8
    { 13, 16, 214, 0, 16, 52, 6068 }, // U+00E9
    { 13, 16, 214, 0, 16, 52, 6120 }, // U+00EA
    { 13, 16, 214, 0, 16, 52, 6172 }, // U+00EB
    { 7, 17, 128, 0, 16, 30, 6224 }, // U+00EC
    { 7, 17, 128, 0, 16, 30, 6254 }, // U+00ED
    { 8, 17, 128, 0, 16, 34, 6284 }, // U+00EE
    { 8, 17, 128, 0, 16, 34, 6318 }, // U+00EF
    { 20, 24, 267, 0, 23, 120, 6352 }, // U+00F0
    { 16, 18, 285, 0, 17, 72, 6472 }, // U+00F1
    { 15, 16, 240, 0, 16, 60, 6544 }, // U+00F2
    { 15, 16, 240, 0, 16, 60, 6604 }, // U+00F3
    { 15, 16, 240, 0, 16, 60, 6664 }, // U+00F4
    { 15, 17, 240, 0, 17, 64, 6724 }, // U+00F5
    { 15, 16, 240, 0, 16, 60, 6788 }, // U+00F6
    { 9, 10, 233, 3, 14, 23, 6848 }, // U+00F7
    { 18, 17, 240, -2, 15, 77, 6871 }, // U+00F8
    { 15, 16, 269, 0, 16, 60, 6948 }, // U+00F9
    { 15, 16, 269, 0, 16, 60, 7008 }, // U+00FA
    { 15, 16, 269, 0, 16, 60, 7068 }, // U+00FB
    { 15, 16, 269, 0, 16, 60, 7128 }, // U+00FC
    { 20, 23, 296, -1, 16, 115, 7188 }, // U+00FD
    { 18, 30, 269, -2, 23, 135, 7303 }, // U+00FE
    { 20, 23, 296, -1, 16, 115, 7438 }, // U+00FF
    { 24, 23, 416, 0, 23, 138, 0 }, // U+0100
    { 13, 16, 238, 0, 16, 52, 138 }, // U+0101
    { 24, 24, 416, 0, 24, 144, 190 }, // U+0102
    { 13, 17, 238, 0, 17, 56, 334 }, // U+0103
    { 24, 25, 416, 0, 21, 150, 390 }, // U+0104
    { 13, 17, 238, 0, 13, 56, 540 }, // U+0105
    { 20, 24, 329, 1, 24, 120, 596 }, // U+0106
    { 14, 16, 221, 0, 16, 56, 716 }, // U+0107
    { 20, 24, 329, 1, 24, 120, 772 }, // U+0108
    { 14, 17, 221, 0, 17, 60, 892 }, // U+0109
    { 20, 24, 329, 1, 24, 120, 952 }, // U+010A
    { 14, 16, 221, 0, 16, 56, 1072 }, // U+010B
    { 20, 24, 329, 1, 24, 120, 1128 }, // U+010C
    { 14, 17, 221, 0, 17, 60, 1248 }, // U+010D
    { 24, 24, 373, 0, 24, 144, 1308 }, // U+010E
    { 21, 24, 267, 0, 23, 126, 1452 }, // U+010F
    { 24, 21, 373, 0, 21, 126, 1578 }, // U+0110
    { 20, 24, 267, 0, 23, 120, 1704 }, // U+0111
    { 22, 23, 322, 0, 23, 127, 1824 }, // U+0112
    { 13, 16, 214, 0, 16, 52, 1951 }, // U+0113
    { 22, 24, 322, 0, 24, 132, 2003 }, // U+0114
    { 13, 17, 214, 0, 17, 56, 2135 }, // U+0115
    { 22, 24, 322, 0, 24, 132, 2191 }, // U+0116
    { 13, 16, 214, 0, 16, 52, 2323 }, // U+0117
    { 22, 25, 322, 0, 21, 138, 2375 }, // U+0118
    { 13, 17, 214, 0, 13, 56, 2513 }, // U+0119
    { 22, 24, 322, 0, 24, 132, 2569 }, // U+011A
    { 13, 17, 214, 0, 17, 56, 2701 }, // U+011B
    { 19, 24, 331, 1, 24, 114, 2757 }, // U+011C
    { 18, 25, 250, -2, 16, 113, 2871 }, // U+011D
    { 19, 25, 331, 1, 25, 119, 2984 }, // U+011E
    { 18, 26, 250, -2, 17, 117, 3103 }, // U+011F
    { 19, 24, 331, 1, 24, 114, 3220 }, // U+0120
    { 18, 25, 250, -2, 16, 113, 3334 }, // U+0121
    { 19, 24, 331, 1, 21, 114, 3447 }, // U+0122
    { 18, 25, 250, -2, 13, 113, 3561 }, // U+0123
    { 27, 24, 406, 0, 24, 162, 3674 }, // U+0124
    { 17, 27, 280, -1, 26, 115, 3836 }, // U+0125
    { 27, 21, 406, 0, 21, 142, 3951 }, // U+0126
    { 17, 24, 280, -1, 23, 102, 4093 }, // U+0127
    { 13, 24, 178, 0, 24, 78, 4195 }, // U+0128
    { 9, 18, 128, 1, 17, 41, 4273 }, // U+0129
    { 13, 23, 175, 0, 23, 75, 4314 }, // U+012A
    { 8, 16, 128, 0, 15, 32, 4389 }, // U+012B
    { 13, 24, 175, 0, 24, 78, 4421 }, // U+012C
    { 8, 18, 133, 1, 17, 36, 4499 }, // U+012D
    { 13, 25, 175, 0, 21, 82, 4535 }, // U+012E
    { 6, 23, 128, 0, 18, 35, 4617 }, // U+012F
    { 13, 24, 175, 0, 24, 78, 4652 }, // U+0130
    { 6, 14, 128, 0, 13, 21, 4730 }, // U+0131
    { 28, 21, 418, 0, 21, 147, 4751 }, // U+0132
    { 14, 25, 225, 0, 18, 88, 4898 }, // U+0133
    { 18, 24, 261, 0, 24, 108, 4986 }, // U+0134
    { 11, 23, 112, -4, 16, 64, 5094 }, // U+0135
    { 23, 24, 349, 0, 21, 138, 5158 }, // U+0136
    { 16, 26, 280, 0, 23, 104, 5296 }, // U+0137
    { 19, 24, 326, 0, 24, 114, 5400 }, // U+0139
    { 8, 27, 142, 2, 26, 54, 5514 }, // U+013A
    { 19, 24, 326, 0, 21, 114, 5568 }, // U+013B
    { 9, 26, 142, 0, 23, 59, 5682 }, // U+013C
    { 19, 24, 326, 0, 24, 114, 5741 }, // U+013D
    { 11, 24, 142, 2, 23, 66, 5855 }, // U+013E
    { 23, 21, 396, 0, 21, 121, 5921 }, // U+013F
    { 11, 24, 212, 2, 23, 66, 6042 }, // U+0140
    { 19, 21, 326, 0, 21, 100, 6108 }, // U+0141
    { 10, 24, 142, -1, 23, 60, 6208 }, // U+0142
    { 27, 23, 406, 0, 23, 156, 6268 }, // U+0143
    { 16, 17, 285, 0, 16, 68, 6424 }, // U+0144
    { 27, 24, 406, 0, 21, 162, 6492 }, // U+0145
    { 16, 17, 285, 0, 13, 68, 6654 }, // U+0146
    { 27, 24, 406, 0, 24, 162, 6722 }, // U+0147
    { 16, 17, 285, 0, 16, 68, 6884 }, // U+0148
    { 19, 25, 309, -1, 24, 119, 6952 }, // U+0149
    { 27, 29, 405, 0, 21, 196, 7071 }, // U+014A
    { 16, 21, 285, 0, 13, 84, 7267 }, // U+014B
    { 23, 23, 380, 1, 23, 133, 7351 }, // U+014C
    { 15, 16, 240, 0, 16, 60, 7484 }, // U+014D
    { 23, 25, 380, 1, 25, 144, 7544 }, // U+014E
    { 15, 17, 240, 0, 17, 64, 7688 }, // U+014F
    { 23, 24, 380, 1, 24, 138, 7752 }, // U+0150
    { 15, 17, 240, 0, 17, 64, 7890 }, // U+0151
    { 41, 21, 646, 1, 21, 216, 7954 }, // U+0152
    { 25, 13, 413, 0, 13, 82, 8170 }, // U+0153
    { 22, 24, 358, 0, 24, 132, 8252 }, // U+0154
    { 15, 16, 223, 0, 16, 60, 8384 }, // U+0155
    { 22, 24, 358, 0, 21, 132, 8444 }, // U+0156
    { 15, 16, 223, 0, 13, 60, 8576 }, // U+0157
    { 22, 24, 358, 0, 24, 132, 8636 }, // U+0158
    { 15, 16, 223, 0, 16, 60, 8768 }, // U+0159
    { 18, 24, 272, -1, 24, 108, 8828 }, // U+015A
    { 12, 16, 181, -1, 16, 48, 8936 }, // U+015B
    { 18, 24, 272, -1, 24, 108, 8984 }, // U+015C
    { 12, 17, 181, -1, 17, 51, 9092 }, // U+015D
    { 18, 26, 272, -1, 21, 117, 9143 }, // U+015E
    { 12, 17, 181, -1, 13, 51, 9260 }, // U+015F
    { 18, 24, 272, -1, 24, 108, 9311 }, // U+0160
    { 12, 17, 181, -1, 17, 51, 9419 }, // U+0161
    { 21, 27, 351, 3, 21, 142, 9470 }, // U+0162
    { 12, 23, 190, 0, 18, 69, 9612 }, // U+0163
    { 21, 24, 351, 3, 24, 126, 9681 }, // U+0164
    { 17, 20, 197, 0, 20, 85, 9807 }, // U+0165
    { 21, 21, 351, 3, 21, 111, 9892 }, // U+0166
    { 12, 18, 190, 0, 18, 54, 10003 }, // U+0167
    { 25, 24, 418, 3, 24, 150, 10057 }, // U+0168
    { 15, 17, 269, 0, 17, 64, 10207 }, // U+0169
    { 25, 23, 418, 3, 23, 144, 10271 }, // U+016A
    { 15, 15, 269, 0, 15, 57, 10415 }, // U+016B
    { 25, 25, 418, 3, 25, 157, 10472 }, // U+016C
    { 15, 17, 269, 0, 17, 64, 10629 }, // U+016D
    { 25, 26, 418, 3, 26, 163, 10693 }, // U+016E
    { 15, 18, 269, 0, 18, 68, 10856 }, // U+016F
    { 25, 24, 418, 3, 24, 150, 10924 }, // U+0170
    { 15, 16, 269, 0, 16, 60, 11074 }, // U+0171
    { 25, 25, 418, 3, 21, 157, 11134 }, // U+0172
    { 15, 17, 269, 0, 13, 64, 11291 }, // U+0173
    { 36, 24, 591, 3, 24, 216, 11355 }, // U+0174
    { 27, 16, 427, 0, 16, 108, 11571 }, // U+0175
    { 21, 24, 363, 3, 24, 126, 11679 }, // U+0176
    { 20, 23, 296, -1, 16, 115, 11805 }, // U+0177
    { 21, 23, 363, 3, 23, 121, 11920 }, // U+0178
    { 21, 23, 316, 0, 23, 121, 12041 }, // U+0179
    { 14, 16, 226, 0, 16, 56, 12162 }, // U+017A
    { 21, 24, 316, 0, 24, 126, 12218 }, // U+017B
    { 14, 16, 226, 0, 16, 56, 12344 }, // U+017C
    { 21, 24, 316, 0, 24, 126, 12400 }, // U+017D
    { 14, 16, 226, 0, 16, 56, 12526 }, // U+017E
    { 24, 24, 416, 0, 24, 144, 0 }, // U+01CD
    { 13, 19, 238, 0, 19, 62, 144 }, // U+01CE
    { 12, 24, 175, 0, 24, 72, 206 }, // U+020A
    { 7, 20, 140, 1, 19, 35, 278 }, // U+020B
    { 18, 26, 272, -1, 21, 117, 313 }, // U+0218
    { 12, 17, 181, -1, 13, 51, 430 }, // U+0219
    { 21, 27, 351, 3, 21, 142, 481 }, // U+021A
    { 12, 23, 190, 0, 18, 69, 623 }, // U+021B
    { 4, 7, 0, 0, 21, 7, 0 }, // U+0301
    { 4, 7, 0, 0, 21, 7, 7 }, // U+0312
    { 4, 7, 0, 0, 21, 7, 14 }, // U+0313
    { 4, 7, 0, 0, 21, 7, 21 }, // U+0314
    { 4, 7, 0, 0, 21, 7, 28 }, // U+0315
    { 4, 7, 0, 0, 21, 7, 35 }, // U+0341
    { 4, 7, 0, 0, 21, 7, 42 }, // U+0343
    { 22, 25, 317, 0, 25, 138, 0 }, // U+0401
    { 19, 21, 320, 1, 21, 100, 138 }, // U+0404
    { 13, 21, 170, 0, 21, 69, 238 }, // U+0406
    { 13, 25, 180, 0, 25, 82, 307 }, // U+0407
    { 24, 21, 416, 0, 21, 126, 389 }, // U+0410
    { 21, 21, 336, 0, 21, 111, 515 }, // U+0411
    { 21, 21, 335, 0, 21, 111, 626 }, // U+0412
    { 20, 21, 294, 0, 21, 105, 737 }, // U+0413
    { 26, 25, 373, -1, 21, 163, 842 }, // U+0414
    { 22, 21, 322, 0, 21, 116, 1005 }, // U+0415
    { 35, 21, 523, -1, 21, 184, 1121 }, // U+0416
    { 18, 21, 290, 0, 21, 95, 1305 }, // U+0417
    { 25, 21, 405, 2, 21, 132, 1400 }, // U+0418
    { 25, 27, 405, 2, 27, 169, 1532 }, // U+0419
    { 23, 21, 344, 0, 21, 121, 1701 }, // U+041A
    { 26, 21, 372, -1, 21, 137, 1822 }, // U+041B
    { 30, 21, 462, 0, 21, 158, 1959 }, // U+041C
    { 27, 21, 406, 0, 21, 142, 2117 }, // U+041D
    { 22, 21, 371, 1, 21, 116, 2259 }, // U+041E
    { 27, 21, 406, 0, 21, 142, 2375 }, // U+041F
    { 22, 21, 335, 0, 21, 116, 2517 }, // U+0420
    { 19, 21, 320, 1, 21, 100, 2633 }, // U+0421
    { 21, 21, 351, 3, 21, 111, 2733 }, // U+0422
    { 23, 21, 390, 3, 21, 121, 2844 }, // U+0423
    { 24, 24, 375, 0, 22, 144, 2965 }, // U+0424
    { 25, 21, 381, 0, 21, 132, 3109 }, // U+0425
    { 27, 25, 406, 0, 21, 169, 3241 }, // U+0426
    { 22, 21, 367, 3, 21, 116, 3410 }, // U+0427
    { 36, 21, 557, 0, 21, 189, 3526 }, // U+0428
    { 36, 25, 558, 0, 21, 225, 3715 }, // U+0429
    { 21, 21, 368, 2, 21, 111, 3940 }, // U+042A
    { 33, 21, 507, 0, 21, 174, 4051 }, // U+042B
    { 20, 21, 330, 0, 21, 105, 4225 }, // U+042C
    { 20, 21, 316, 0, 21, 105, 4330 }, // U+042D
    { 33, 21, 520, 0, 21, 174, 4435 }, // U+042E
    { 25, 21, 358, -1, 21, 132, 4609 }, // U+042F
    { 14, 13, 224, -1, 13, 46, 4741 }, // U+0430
    { 15, 19, 209, -1, 19, 72, 4787 }, // U+0431
    { 14, 13, 237, 0, 13, 46, 4859 }, // U+0432
    { 14, 13, 225, 0, 13, 46, 4905 }, // U+0433
    { 17, 16, 283, -1, 13, 68, 4951 }, // U+0434
    { 12, 13, 200, 0, 13, 39, 5019 }, // U+0435
    { 25, 13, 402, -1, 13, 82, 5058 }, // U+0436
    { 13, 13, 193, -1, 13, 43, 5140 }, // U+0437
    { 14, 13, 275, 1, 13, 46, 5183 }, // U+0438
    { 14, 19, 275, 1, 19, 67, 5229 }, // U+0439
    { 16, 13, 279, 0, 13, 52, 5296 }, // U+043A
    { 16, 13, 277, -1, 13, 52, 5348 }, // U+043B
    { 22, 13, 352, 0, 13, 72, 5400 }, // U+043C
    { 18, 13, 288, 0, 13, 59, 5472 }, // U+043D
    { 14, 13, 240, 0, 13, 46, 5531 }, // U+043E
    { 18, 13, 288, 0, 13, 59, 5577 }, // U+043F
    { 18, 20, 265, -2, 13, 90, 5636 }, // U+0440
    { 13, 13, 212, 0, 13, 43, 5726 }, // U+0441
    { 15, 13, 238, 0, 13, 49, 5769 }, // U+0442
    { 20, 20, 287, -1, 13, 100, 5818 }, // U+0443
    { 17, 27, 284, 0, 20, 115, 5918 }, // U+0444
    { 18, 13, 290, 0, 13, 59, 6033 }, // U+0445
    { 18, 16, 289, 0, 13, 72, 6092 }, // U+0446
    { 16, 13, 267, 1, 13, 52, 6164 }, // U+0447
    { 24, 13, 383, 0, 13, 78, 6216 }, // U+0448
    { 24, 16, 384, 0, 13, 96, 6294 }, // U+0449
    { 15, 13, 255, 0, 13, 49, 6390 }, // U+044A
    { 22, 13, 358, 0, 13, 72, 6439 }, // U+044B
    { 14, 13, 233, 0, 13, 46, 6511 }, // U+044C
    { 14, 13, 211, -1, 13, 46, 6557 }, // U+044D
    { 22, 13, 357, 0, 13, 72, 6603 }, // U+044E
    { 17, 13, 258, -1, 13, 56, 6675 }, // U+044F
    { 12, 18, 205, 0, 18, 54, 6731 }, // U+0451
    { 13, 13, 216, 0, 13, 43, 6785 }, // U+0454
    { 7, 19, 128, 0, 18, 34, 6828 }, // U+0456
    { 8, 19, 138, 1, 18, 38, 6862 }, // U+0457
    { 20, 23, 295, 0, 23, 115, 6900 }, // U+0490
    { 15, 15, 225, 0, 15, 57, 7015 }, // U+0491
    { 0, 0, 233, 0, 0, 0, 0 }, // U+2002
    { 0, 0, 467, 0, 0, 0, 0 }, // U+2003
    { 0, 0, 93, 0, 0, 0, 0 }, // U+2009
    { 10, 3, 181, 1, 9, 8, 0 }, // U+2010
    { 10, 3, 181, 1, 9, 8, 8 }, // U+2011
    { 13, 3, 233, 1, 9, 10, 16 }, // U+2012
    { 13, 3, 233, 1, 9, 10, 26 }, // U+2013
    { 27, 3, 468, 1, 9, 21, 36 }, // U+2014
    { 31, 3, 467, -1, 9, 24, 57 }, // U+2015
    { 8, 21, 305, 6, 21, 42, 81 }, // U+2016
    { 5, 7, 101, 3, 22, 9, 123 }, // U+2018
    { 5, 7, 101, 3, 21, 9, 132 }, // U+2019
    { 5, 7, 101, -1, 3, 9, 141 }, // U+201A
    { 5, 7, 101, 3, 22, 9, 150 }, // U+201B
    { 9, 7, 167, 3, 22, 16, 159 }, // U+201C
    { 9, 7, 167, 3, 21, 16, 175 }, // U+201D
    { 10, 7, 167, -1, 3, 18, 191 }, // U+201E
    { 9, 7, 167, 3, 22, 16, 209 }, // U+201F
    { 8, 22, 250, 5, 21, 44, 225 }, // U+2020
    { 10, 22, 251, 3, 21, 55, 269 }, // U+2021
    { 8, 9, 196, 2, 13, 18, 324 }, // U+2022
    { 9, 10, 215, 2, 14, 23, 342 }, // U+2023
    { 4, 4, 102, 0, 4, 4, 365 }, // U+2024
    { 4, 4, 102, 0, 4, 4, 369 }, // U+2025
    { 18, 4, 341, 0, 4, 18, 373 }, // U+2026
    { 5, 4, 102, 1, 11, 5, 391 }, // U+2027
    { 26, 21, 574, 2, 21, 137, 396 }, // U+2030
    { 6, 7, 117, 2, 21, 11, 533 }, // U+2032
    { 10, 7, 173, 2, 21, 18, 544 }, // U+2033
    { 13, 7, 229, 2, 21, 23, 562 }, // U+2034
    { 5, 7, 101, 3, 21, 9, 585 }, // U+2035
    { 6, 10, 126, 2, 14, 15, 594 }, // U+2039
    { 6, 10, 126, 1, 14, 15, 609 }, // U+203A
    { 11, 3, 233, 2, 11, 9, 624 }, // U+2043
    { 12, 16, 140, 1, 15, 48, 633 }, // U+2044
    { 8, 9, 196, 2, 13, 18, 681 }, // U+204C
    { 8, 9, 196, 2, 13, 18, 699 }, // U+204D
    { 8, 9, 196, 2, 13, 18, 717 }, // U+2055
    { 12, 14, 194, 1, 22, 42, 0 }, // U+2070
    { 10, 12, 187, 1, 21, 30, 42 }, // U+2074
    { 11, 12, 185, 1, 21, 33, 72 }, // U+2075
    { 11, 12, 187, 1, 21, 33, 105 }, // U+2076
    { 10, 12, 180, 2, 21, 30, 138 }, // U+2077
    { 11, 12, 190, 1, 21, 33, 168 }, // U+2078
    { 11, 12, 177, 1, 21, 33, 201 }, // U+2079
    { 8, 7, 168, 2, 16, 14, 234 }, // U+207A
    { 8, 2, 168, 2, 14, 4, 248 }, // U+207B
    { 11, 14, 194, -1, 10, 39, 252 }, // U+2080
    { 7, 12, 124, -2, 9, 21, 291 }, // U+2081
    { 11, 12, 182, -2, 9, 33, 312 }, // U+2082
    { 11, 12, 188, -1, 9, 33, 345 }, // U+2083
    { 10, 12, 187, -1, 9, 30, 378 }, // U+2084
    { 11, 12, 185, -1, 9, 33, 408 }, // U+2085
    { 11, 12, 187, -1, 9, 33, 441 }, // U+2086
    { 11, 12, 180, -1, 9, 33, 474 }, // U+2087
    { 11, 12, 190, -1, 9, 33, 507 }, // U+2088
    { 11, 12, 177, -1, 9, 33, 540 }, // U+2089
    { 8, 7, 168, 0, 4, 14, 573 }, // U+208A
    { 8, 2, 168, 0, 2, 4, 587 }, // U+208B
    { 39, 21, 591, 0, 21, 205, 0 }, // U+20A9
    { 23, 21, 367, 0, 21, 121, 205 }, // U+20AC
    { 22, 21, 335, 0, 21, 116, 326 }, // U+20B1
    { 19, 21, 283, 0, 21, 100, 442 }, // U+20B4
    { 22, 21, 351, 2, 21, 116, 542 }, // U+20B8
    { 24, 22, 358, 0, 21, 132, 658 }, // U+20B9
    { 19, 21, 326, 0, 21, 100, 790 }, // U+20BA
    { 23, 21, 335, -1, 21, 121, 890 }, // U+20BD
    { 21, 27, 335, 0, 24, 142, 1011 }, // U+20BF
    { 14, 6, 271, -1, 12, 21, 0 }, // U+2190
    { 7, 19, 257, 6, 20, 34, 21 }, // U+2191
    { 15, 6, 271, 2, 12, 23, 55 }, // U+2192
    { 8, 20, 257, 3, 17, 40, 78 }, // U+2193
    { 15, 6, 261, 0, 12, 23, 118 }, // U+2194
    { 11, 28, 262, 3, 23, 77, 141 }, // U+2195
    { 13, 15, 315, 3, 16, 49, 218 }, // U+2196
    { 13, 15, 246, 1, 16, 49, 267 }, // U+2197
    { 13, 15, 315, 3, 16, 49, 316 }, // U+2198
    { 13, 15, 246, 1, 16, 49, 365 }, // U+2199
    { 15, 9, 288, 1, 13, 34, 414 }, // U+21D0
    { 9, 16, 281, 5, 17, 36, 448 }, // U+21D1
    { 15, 9, 288, 2, 13, 34, 484 }, // U+21D2
    { 9, 15, 281, 4, 16, 34, 518 }, // U+21D3
    { 18, 9, 280, 0, 13, 41, 552 }, // U+21D4
    { 23, 21, 422, 4, 21, 121, 0 }, // U+2200
    { 18, 21, 385, 4, 21, 95, 121 }, // U+2203
    { 12, 14, 274, 3, 16, 42, 216 }, // U+2205
    { 14, 15, 280, 1, 17, 53, 258 }, // U+2206
    { 14, 14, 280, 3, 15, 49, 311 }, // U+2207
    { 19, 22, 361, 2, 21, 105, 360 }, // U+2208
    { 13, 3, 261, 2, 10, 10, 465 }, // U+2212
    { 10, 13, 243, 3, 14, 33, 475 }, // U+2213
    { 11, 10, 200, 3, 24, 28, 508 }, // U+2217
    { 8, 8, 187, 2, 13, 16, 536 }, // U+2218
    { 8, 9, 196, 2, 13, 18, 552 }, // U+2219
    { 16, 14, 257, 1, 18, 56, 570 }, // U+221A
    { 17, 10, 292, 1, 14, 43, 626 }, // U+221E
    { 13, 16, 244, 1, 17, 52, 669 }, // U+2220
    { 6, 15, 293, 6, 17, 23, 721 }, // U+2225
    { 15, 15, 271, 0, 17, 57, 744 }, // U+2227
    { 14, 15, 271, 3, 17, 53, 801 }, // U+2228
    { 11, 12, 281, 3, 14, 33, 854 }, // U+2234
    { 11, 12, 281, 4, 14, 33, 887 }, // U+2235
    { 9, 8, 182, 1, 13, 18, 920 }, // U+2248
    { 11, 12, 181, 0, 13, 33, 938 }, // U+2260
    { 11, 10, 301, 4, 14, 28, 971 }, // U+2261
    { 16, 17, 257, 0, 15, 68, 999 }, // U+2264
    { 15, 17, 257, 0, 15, 64, 1067 }, // U+2265
    { 10, 15, 273, 3, 16, 38, 1131 }, // U+22A5
    { 5, 4, 102, 1, 11, 5, 1169 }, // U+22C5
};

static const EpdUnicodeInterval edslab_14_italicIntervals[] = {
    { 0x20, 0x7E, 0x0 },
    { 0xA0, 0x137, 0x5F },
    { 0x139, 0x17E, 0xF7 },
    { 0x1CD, 0x1CE, 0x13D },
    { 0x20A, 0x20B, 0x13F },
    { 0x218, 0x21B, 0x141 },
    { 0x301, 0x301, 0x145 },
    { 0x312, 0x315, 0x146 },
    { 0x341, 0x341, 0x14A },
    { 0x343, 0x343, 0x14B },
    { 0x401, 0x401, 0x14C },
    { 0x404, 0x404, 0x14D },
    { 0x406, 0x407, 0x14E },
    { 0x410, 0x44F, 0x150 },
    { 0x451, 0x451, 0x190 },
    { 0x454, 0x454, 0x191 },
    { 0x456, 0x457, 0x192 },
    { 0x490, 0x491, 0x194 },
    { 0x2002, 0x2003, 0x196 },
    { 0x2009, 0x2009, 0x198 },
    { 0x2010, 0x2016, 0x199 },
    { 0x2018, 0x2027, 0x1A0 },
    { 0x2030, 0x2030, 0x1B0 },
    { 0x2032, 0x2035, 0x1B1 },
    { 0x2039, 0x203A, 0x1B5 },
    { 0x2043, 0x2044, 0x1B7 },
    { 0x204C, 0x204D, 0x1B9 },
    { 0x2055, 0x2055, 0x1BB },
    { 0x2070, 0x2070, 0x1BC },
    { 0x2074, 0x207B, 0x1BD },
    { 0x2080, 0x208B, 0x1C5 },
    { 0x20A9, 0x20A9, 0x1D1 },
    { 0x20AC, 0x20AC, 0x1D2 },
    { 0x20B1, 0x20B1, 0x1D3 },
    { 0x20B4, 0x20B4, 0x1D4 },
    { 0x20B8, 0x20BA, 0x1D5 },
    { 0x20BD, 0x20BD, 0x1D8 },
    { 0x20BF, 0x20BF, 0x1D9 },
    { 0x2190, 0x2199, 0x1DA },
    { 0x21D0, 0x21D4, 0x1E4 },
    { 0x2200, 0x2200, 0x1E9 },
    { 0x2203, 0x2203, 0x1EA },
    { 0x2205, 0x2208, 0x1EB },
    { 0x2212, 0x2213, 0x1EF },
    { 0x2217, 0x221A, 0x1F1 },
    { 0x221E, 0x221E, 0x1F5 },
    { 0x2220, 0x2220, 0x1F6 },
    { 0x2225, 0x2225, 0x1F7 },
    { 0x2227, 0x2228, 0x1F8 },
    { 0x2234, 0x2235, 0x1FA },
    { 0x2248, 0x2248, 0x1FC },
    { 0x2260, 0x2261, 0x1FD },
    { 0x2264, 0x2265, 0x1FF },
    { 0x22A5, 0x22A5, 0x201 },
    { 0x22C5, 0x22C5, 0x202 },
};

static const EpdFontGroup edslab_14_italicGroups[] = {
    { 0, 3694, 8273, 95, 0 },
    { 3694, 2647, 8198, 96, 95 },
    { 6341, 3368, 13630, 126, 191 },
    { 9709, 400, 744, 8, 317 },
    { 10109, 11, 49, 7, 325 },
    { 10120, 3106, 7594, 74, 332 },
    { 13226, 452, 838, 38, 406 },
    { 13678, 460, 648, 21, 444 },
    { 14138, 639, 1218, 9, 465 },
    { 14777, 343, 684, 15, 474 },
    { 15120, 624, 1285, 26, 489 },
};

static const uint16_t edslab_14_italicKernLeftCodepoints[] = {
    0x0020, 0x0022, 0x002D, 0x0030, 0x0031, 0x0032, 0x0033, 0x0034, 0x0035, 0x0036, 0x0037, 0x0038,
    0x0039, 0x0041, 0x0042, 0x0043, 0x0044, 0x0045, 0x0046, 0x0047, 0x0048, 0x0049, 0x004A, 0x004B,
    0x004C, 0x004D, 0x004E, 0x004F, 0x0050, 0x0051, 0x0052, 0x0053, 0x0054, 0x0055, 0x0056, 0x0057,
    0x0059, 0x005A, 0x0061, 0x0062, 0x0063, 0x0064, 0x0065, 0x0066, 0x0067, 0x0068, 0x0069, 0x006A,
    0x006B, 0x006C, 0x006D, 0x006E, 0x006F, 0x0070, 0x0071, 0x0072, 0x0073, 0x0074, 0x0075, 0x0076,
    0x0077, 0x0079, 0x007A, 0x0401, 0x0410, 0x0411, 0x0412, 0x0413, 0x0414, 0x0415, 0x0416, 0x0417,
    0x0418, 0x0419, 0x041A, 0x041B, 0x041C, 0x041D, 0x041E, 0x041F, 0x0420, 0x0421, 0x0422, 0x0423,
    0x0424, 0x0425, 0x0426, 0x0427, 0x0428, 0x0429, 0x042A, 0x042B, 0x042C, 0x042D, 0x042E, 0x042F,
    0x0430, 0x0431, 0x0432, 0x0433, 0x0434, 0x0435, 0x0436, 0x0437, 0x0438, 0x0439, 0x043A, 0x043B,
    0x043C, 0x043D, 0x043E, 0x043F, 0x0440, 0x0441, 0x0442, 0x0443, 0x0444, 0x0445, 0x0446, 0x0447,
    0x0448, 0x0449, 0x044A, 0x044B, 0x044C, 0x044D, 0x044E, 0x044F, 0x0451,
};

static const uint8_t edslab_14_italicKernLeftClassIds[] = {
      1,   2,   3,   4,   5,   6,   7,   8,   9,  10,  11,  12,  13,  14,  15,  16,
     17,  18,  19,  20,  21,  22,  23,  24,  25,  26,  27,  28,  29,  30,  31,  32,
     33,  34,  35,  36,  37,  38,  39,  40,  41,  42,  43,  44,  45,  46,  47,  48,
     49,  50,  51,  52,  53,  54,  55,  56,  57,  58,  59,  60,  61,  62,  63,  64,
     65,  66,  67,  68,  69,  70,  71,  72,  73,  74,  75,  76,  77,  78,  79,  80,
     81,  82,  83,  84,  85,  86,  87,  88,  89,  90,  91,  92,  93,  94,  95,  96,
     97,  98,  99, 100, 101, 102, 103, 104, 105, 106, 107, 108, 109, 110, 111, 112,
    113, 114, 115, 116, 117, 118, 119, 120, 121, 122, 123, 124, 125, 126, 127, 128,
    129,
};

static const uint16_t edslab_14_italicKernRightCodepoints[] = {
    0x0022, 0x002D, 0x0030, 0x0031, 0x0032, 0x0033, 0x0034, 0x0035, 0x0036, 0x0037, 0x0038, 0x0039,
    0x0041, 0x0042, 0x0043, 0x0044, 0x0045, 0x0046, 0x0047, 0x0048, 0x0049, 0x004A, 0x004B, 0x004C,
    0x004D, 0x004E, 0x004F, 0x0050, 0x0051, 0x0052, 0x0053, 0x0054, 0x0055, 0x0056, 0x0057, 0x0059,
    0x005A, 0x0061, 0x0062, 0x0063, 0x0064, 0x0065, 0x0066, 0x0067, 0x0068, 0x0069, 0x006A, 0x006B,
    0x006C, 0x006D, 0x006E, 0x006F, 0x0070, 0x0071, 0x0072, 0x0073, 0x0074, 0x0075, 0x0076, 0x0077,
    0x0079, 0x007A, 0x0401, 0x0410, 0x0411, 0x0412, 0x0413, 0x0414, 0x0415, 0x0416, 0x0417, 0x0418,
    0x0419, 0x041A, 0x041B, 0x041C, 0x041D, 0x041E, 0x041F, 0x0420, 0x0421, 0x0422, 0x0423, 0x0424,
    0x0425, 0x0426, 0x0427, 0x0428, 0x0429, 0x042A, 0x042B, 0x042C, 0x042D, 0x042E, 0x042F, 0x0430,
    0x0431, 0x0432, 0x0433, 0x0434, 0x0435, 0x0436, 0x0437, 0x0438, 0x0439, 0x043A, 0x043B, 0x043C,
    0x043D, 0x043E, 0x043F, 0x0440, 0x0441, 0x0442, 0x0443, 0x0444, 0x0445, 0x0446, 0x0447, 0x0448,
    0x0449, 0x044A, 0x044B, 0x044C, 0x044D, 0x044E, 0x044F, 0x0451, 0x2025,
};

static const uint8_t edslab_14_italicKernRightClassIds[] = {
      1,   2,   3,   4,   5,   6,   7,   8,   9,  10,  11,  12,  13,  14,  15,  16,
     17,  18,  19,  20,  21,  22,  23,  24,  25,  26,  27,  28,  29,  30,  31,  32,
     33,  34,  35,  36,  37,  38,  39,  40,  41,  42,  43,  44,  45,  46,  47,  48,
     49,  50,  51,  52,  53,  54,  55,  56,  57,  58,  59,  60,  61,  62,  63,  64,
     65,  66,  67,  68,  69,  70,  71,  72,  73,  74,  75,  76,  77,  78,  79,  80,
     81,  82,  83,  84,  85,  86,  87,  88,  89,  90,  91,  92,  93,  94,  95,  96,
     97,  98,  99, 100, 101, 102, 103, 104, 105, 106, 107, 108, 109, 110, 111, 112,
    113, 114, 115, 116, 117, 118, 119, 120, 121, 122, 123, 124, 125, 126, 127, 128,
    129,
};

static const uint16_t edslab_14_italicKernRowOffsets[] = {
        0,     1,    77,   192,   204,   216,   228,   238,   248,   257,   267,   279,   290,   300,   355,   403,
      451,   501,   531,   582,   625,   659,   699,   731,   782,   827,   869,   921,   969,  1018,  1072,  1114,
     1160,  1214,  1268,  1322,  1376,  1430,  1480,  1508,  1530,  1556,  1584,  1608,  1636,  1665,  1692,  1720,
     1744,  1773,  1801,  1827,  1854,  1880,  1906,  1929,  1954,  1977,  2001,  2029,  2057,  2085,  2113,  2135,
     2153,  2220,  2267,  2314,  2380,  2427,  2446,  2506,  2557,  2598,  2634,  2684,  2718,  2752,  2787,  2840,
     2876,  2920,  2978,  3032,  3098,  3146,  3199,  3248,  3298,  3333,  3376,  3432,  3465,  3515,  3565,  3614,
     3650,  3674,  3696,  3721,  3748,  3782,  3807,  3841,  3864,  3898,  3928,  3955,  3989,  4009,  4033,  4064,
     4091,  4121,  4150,  4185,  4220,  4250,  4277,  4310,  4343,  4377,  4411,  4443,  4471,  4500,  4528,  4559,
     4593,  4621,
};

static const uint8_t edslab_14_italicKernSparseCols[] = {
     81,   2,   4,   5,   6,   7,   8,  10,  12,  14,  18,  21,  26,  28,  30,  37,
     38,  39,  40,  41,  42,  43,  44,  45,  46,  47,  48,  49,  50,  51,  52,  53,
     54,  55,  60,  61,  63,  67,  69,  70,  74,  77,  80,  83,  92,  94,  95,  96,
     97,  98,  99, 100, 101, 102, 105, 106, 107, 108, 109, 110, 111, 112, 113, 114,
    115, 116, 117, 118, 119, 120, 121, 122, 123, 124, 125, 126, 127,   3,   4,   5,
      6,   7,   8,   9,  10,  12,  13,  14,  15,  16,  17,  18,  19,  20,  21,  22,
     23,  24,  25,  26,  27,  29,  30,  31,  32,  33,  34,  35,  36,  37,  38,  39,
     42,  44,  45,  46,  47,  48,  49,  50,  51,  52,  53,  54,  55,  56,  57,  58,
     59,  60,  61,  62,  63,  64,  65,  66,  67,  68,  70,  71,  72,  73,  74,  75,
     76,  78,  79,  80,  81,  82,  83,  84,  85,  86,  87,  88,  89,  90,  91,  92,
     93,  94,  96,  97,  98,  99, 100, 101, 102, 103, 105, 106, 107, 108, 109, 110,
    111, 112, 113, 114, 116, 117, 118, 119, 120, 121, 122, 123, 124, 125, 126, 127,
      0,   1,   2,   4,   5,   6,   7,   8,   9,  10,  11, 128,   0,   1,   2,   3,
      4,   5,   6,   7,   8,   9,  10,  11,   0,   1,   2,   3,   4,   5,   6,   7,
      8,   9,  10,  11,   1,   2,   3,   4,   5,   6,   7,   8,   9, 128,   0,   1,
      2,   3,   4,   5,   6,   7,   9,  10,   1,   4,   5,   6,   7,   9,  10,  11,
    128,   1,   2,   3,   4,   5,   7,   9,  10,  11, 128,   1,   2,   3,   4,   5,
      6,   7,   8,   9,  10,  11, 128,   0,   1,   2,   3,   4,   5,   7,   9,  10,
     11, 128,   1,   2,   4,   5,   6,   7,   8,   9,  10, 128,   0,   1,  12,  13,
     14,  15,  16,  17,  18,  19,  20,  21,  22,  23,  24,  25,  26,  27,  28,  29,
     30,  31,  32,  33,  34,  35,  36,  37,  38,  39,  40,  41,  42,  43,  44,  45,
     46,  47,  48,  49,  50,  51,  52,  53,  54,  55,  56,  57,  58,  59,  60,  61,
     84, 116, 128,   1,  12,  13,  14,  15,  16,  17,  19,  20,  21,  22,  23,  24,
     25,  26,  27,  28,  29,  31,  32,  33,  34,  35,  36,  37,  38,  39,  40,  41,
     42,  43,  44,  45,  46,  47,  48,  49,  50,  51,  52,  53,  54,  55,  56,  60,
     84, 116, 128,   0,   1,  12,  13,  14,  15,  16,  17,  18,  19,  22,  23,  24,
     25,  26,  27,  29,  30,  31,  32,  33,  34,  35,  36,  37,  38,  41,  42,  43,
     44,  45,  46,  47,  48,  49,  50,  51,  52,  54,  56,  57,  58,  59,  60,  61,
     84, 116, 128,   1,  12,  13,  14,  16,  17,  18,  19,  20,  21,  22,  23,  24,
     25,  26,  27,  28,  29,  30,  31,  32,  33,  34,  35,  36,  37,  38,  39,  40,
     41,  42,  43,  44,  45,  46,  47,  49,  50,  51,  52,  53,  55,  56,  57,  58,
     59,  60,  84, 116, 128,   1,  12,  14,  18,  23,  26,  28,  31,  32,  33,  34,
     35,  37,  38,  43,  45,  46,  47,  48,  50,  51,  52,  53,  55,  56,  57,  58,
     59,  60, 116,   1,  12,  13,  14,  15,  16,  17,  18,  19,  20,  21,  22,  25,
     26,  27,  28,  29,  31,  32,  33,  34,  35,  36,  37,  38,  39,  40,  41,  42,
     43,  44,  45,  46,  47,  48,  49,  50,  51,  52,  53,  54,  55,  56,  57,  58,
     59,  60,  61,  84, 116, 128,   0,   1,  12,  13,  14,  15,  16,  17,  18,  19,
     20,  21,  22,  23,  24,  25,  27,  29,  30,  31,  32,  33,  34,  35,  36,  38,
     42,  43,  44,  46,  47,  48,  49,  50,  52,  54,  55,  58,  60,  61,  84, 116,
    128,   1,  12,  14,  18,  21,  26,  28,  30,  31,  32,  33,  34,  35,  36,  37,
     38,  39,  40,  41,  49,  50,  51,  52,  53,  54,  55,  56,  57,  58,  59,  60,
     61,  84, 116,   1,  12,  14,  18,  21,  26,  28,  30,  31,  32,  33,  34,  35,
     37,  38,  39,  40,  41,  42,  43,  44,  45,  46,  47,  48,  49,  50,  51,  52,
     53,  54,  55,  56,  57,  58,  59,  60,  61,  84, 116,   0,   1,  12,  26,  28,
     30,  31,  33,  34,  35,  36,  37,  38,  40,  41,  42,  43,  44,  45,  46,  47,
     48,  49,  50,  54,  55,  57,  60,  61,  84, 116, 128,   1,  12,  14,  15,  17,
     18,  19,  20,  21,  22,  23,  24,  25,  26,  27,  28,  29,  30,  31,  32,  33,
     34,  35,  36,  37,  38,  39,  40,  41,  42,  43,  44,  45,  46,  47,  48,  49,
     50,  51,  52,  53,  54,  55,  56,  57,  58,  59,  60,  61,  84, 116,   0,   1,
     12,  13,  14,  15,  16,  18,  19,  21,  22,  24,  25,  26,  28,  29,  30,  31,
     32,  33,  34,  35,  36,  37,  38,  42,  43,  45,  46,  47,  48,  49,  50,  51,
     52,  54,  55,  56,  57,  58,  59,  60,  61,  84, 116,   1,  12,  14,  18,  21,
     26,  28,  30,  31,  32,  33,  34,  35,  36,  37,  38,  39,  40,  41,  42,  43,
     44,  45,  46,  47,  48,  49,  50,  51,  52,  53,  54,  55,  56,  57,  58,  59,
     60,  61,  84, 116, 128,   1,  12,  13,  14,  15,  16,  17,  18,  20,  21,  23,
     24,  25,  26,  27,  28,  29,  30,  31,  32,  33,  34,  35,  36,  37,  38,  39,
     40,  41,  42,  43,  44,  45,  46,  47,  48,  49,  50,  51,  52,  53,  54,  55,
     56,  57,  58,  59,  60,  61,  84, 116, 128,   0,   1,  12,  13,  14,  15,  16,
     17,  19,  20,  21,  22,  23,  24,  25,  26,  27,  28,  29,  30,  31,  32,  33,
     34,  35,  36,  37,  38,  42,  43,  44,  45,  46,  47,  48,  49,  50,  51,  52,
     54,  55,  58,  59,  60,  61,  84, 116, 128,   0,   1,  12,  13,  14,  15,  16,
     17,  18,  19,  20,  21,  22,  23,  24,  25,  26,  27,  28,  29,  30,  31,  32,
     33,  34,  35,  36,  37,  38,  39,  40,  41,  43,  44,  45,  46,  47,  48,  49,
     50,  51,  53,  55,  56,  60,  61,  84, 116, 128,   0,   1,  12,  13,  14,  15,
     16,  17,  18,  19,  20,  21,  22,  23,  24,  25,  26,  27,  28,  29,  30,  31,
     32,  33,  34,  35,  36,  37,  38,  39,  40,  41,  42,  43,  44,  45,  46,  47,
     48,  49,  50,  51,  52,  53,  54,  55,  56,  57,  58,  59,  60,  61,  84, 116,
      0,   1,  12,  13,  14,  15,  17,  18,  19,  20,  21,  22,  23,  26,  27,  28,
     29,  31,  32,  33,  34,  35,  36,  37,  46,  47,  48,  49,  50,  51,  52,  53,
     54,  55,  56,  57,  58,  59,  60,  61,  84, 116,   0,   1,  12,  13,  14,  15,
     16,  17,  19,  20,  22,  23,  24,  25,  26,  27,  29,  30,  31,  32,  33,  34,
     35,  36,  38,  40,  41,  42,  43,  44,  45,  46,  47,  48,  49,  50,  52,  54,
     56,  57,  58,  59,  60,  61,  84, 116,   1,  12,  13,  14,  15,  16,  17,  18,
     19,  20,  21,  22,  23,  24,  25,  26,  27,  28,  29,  30,  31,  32,  33,  34,
     35,  36,  37,  38,  39,  40,  41,  42,  43,  44,  45,  46,  47,  48,  49,  50,
     51,  52,  53,  54,  55,  56,  57,  58,  59,  60,  61,  84, 116, 128,   1,  12,
     13,  14,  15,  16,  17,  18,  19,  20,  21,  22,  23,  24,  25,  26,  27,  28,
     29,  30,  31,  32,  33,  34,  35,  36,  37,  38,  39,  40,  41,  42,  43,  44,
     45,  46,  47,  48,  49,  50,  51,  52,  53,  54,  55,  56,  57,  58,  59,  60,
     61,  84, 116, 128,   1,  12,  13,  14,  15,  16,  17,  18,  19,  20,  21,  22,
     23,  24,  25,  26,  27,  28,  29,  30,  31,  32,  33,  34,  35,  36,  37,  38,
     39,  40,  41,  42,  43,  44,  45,  46,  47,  48,  49,  50,  51,  52,  53,  54,
     55,  56,  57,  58,  59,  60,  61,  84, 116, 128,   1,  12,  13,  14,  15,  16,
     17,  18,  19,  20,  21,  22,  23,  24,  25,  26,  27,  28,  29,  30,  31,  32,
     33,  34,  35,  36,  37,  38,  39,  40,  41,  42,  43,  44,  45,  46,  47,  48,
     49,  50,  51,  52,  53,  54,  55,  56,  57,  58,  59,  60,  61,  84, 116, 128,
      1,  12,  13,  14,  15,  16,  17,  18,  19,  20,  21,  22,  23,  24,  25,  26,
     27,  28,  29,  30,  31,  32,  33,  34,  35,  36,  37,  38,  39,  40,  41,  42,
     43,  44,  45,  46,  47,  48,  49,  50,  51,  52,  53,  54,  55,  56,  57,  58,
     59,  60,  61,  84, 116, 128,  12,  13,  14,  15,  16,  17,  18,  19,  20,  21,
     22,  23,  24,  25,  26,  27,  28,  29,  30,  31,  32,  33,  34,  35,  36,  37,
     38,  39,  40,  42,  43,  44,  45,  46,  47,  48,  49,  50,  51,  52,  54,  55,
     56,  57,  58,  59,  60,  61,  84, 116,   0,   1,  37,  38,  39,  40,  41,  42,
     43,  44,  45,  46,  47,  48,  49,  50,  51,  52,  53,  54,  55,  56,  57,  58,
     59,  60,  61, 116,   1,  37,  38,  41,  42,  43,  44,  46,  47,  48,  49,  50,
     52,  54,  56,  57,  58,  59,  60,  61, 116, 128,   0,   1,  37,  38,  39,  40,
     42,  43,  44,  46,  47,  48,  49,  50,  51,  52,  53,  54,  55,  56,  57,  58,
     59,  60,  61, 116,   1,  37,  38,  39,  40,  41,  42,  43,  44,  45,  46,  47,
     48,  49,  50,  51,  52,  53,  54,  55,  56,  57,  58,  59,  60,  61, 116, 128,
      0,   1,  37,  38,  42,  43,  44,  45,  46,  47,  48,  49,  50,  51,  52,  54,
     55,  56,  57,  58,  59,  60,  61, 116,   0,   1,  37,  38,  39,  40,  41,  42,
     43,  44,  46,  47,  48,  49,  50,  51,  52,  53,  54,  55,  56,  57,  58,  59,
     60,  61, 116, 128,   0,   1,  37,  38,  39,  40,  41,  42,  43,  44,  45,  46,
     47,  48,  49,  50,  51,  52,  53,  54,  55,  56,  57,  58,  59,  60,  61, 116,
    128,   0,   1,  37,  38,  39,  40,  41,  42,  43,  44,  45,  46,  47,  48,  49,
     50,  51,  52,  53,  54,  56,  57,  58,  59,  60,  61, 116,   0,   1,  37,  38,
     39,  40,  41,  42,  43,  44,  45,  46,  47,  48,  49,  50,  51,  52,  53,  54,
     55,  56,  57,  58,  59,  60,  61, 116,   0,   1,  38,  39,  40,  41,  43,  44,
     46,  47,  48,  49,  50,  51,  52,  53,  54,  55,  56,  58,  59,  60,  61, 116,
      0,   1,  37,  38,  39,  40,  41,  42,  43,  44,  45,  46,  47,  48,  49,  50,
     51,  52,  53,  54,  55,  56,  57,  58,  59,  60,  61, 116, 128,   0,  37,  38,
     39,  40,  41,  42,  43,  44,  45,  46,  47,  48,  49,  50,  51,  52,  53,  54,
     55,  56,  57,  58,  59,  60,  61, 116, 128,   0,   1,  37,  38,  39,  40,  42,
     43,  44,  45,  46,  47,  48,  49,  50,  51,  52,  54,  55,  56,  57,  58,  59,
     60,  61, 116,   0,   1,  37,  38,  39,  40,  41,  42,  43,  44,  45,  46,  47,
     48,  49,  50,  51,  52,  53,  54,  56,  57,  58,  59,  60,  61, 116,   0,   1,
     38,  40,  41,  42,  43,  44,  46,  47,  48,  49,  50,  51,  52,  53,  54,  55,
     56,  57,  58,  59,  60,  61, 116, 128,   0,   1,  37,  38,  39,  40,  41,  42,
     43,  44,  46,  47,  48,  49,  50,  52,  53,  54,  56,  57,  58,  59,  60,  61,
    116, 128,   0,   1,  38,  42,  43,  44,  46,  47,  48,  49,  50,  51,  52,  53,
     54,  55,  56,  57,  58,  59,  60,  61, 116,   0,   1,  37,  38,  39,  40,  41,
     42,  43,  44,  46,  47,  48,  49,  50,  51,  52,  53,  54,  56,  59,  60,  61,
    116, 128,   0,  37,  38,  40,  42,  43,  44,  45,  46,  47,  48,  49,  50,  52,
     54,  55,  56,  57,  58,  59,  60,  61, 116,   0,  37,  38,  42,  43,  44,  45,
     46,  47,  48,  49,  50,  51,  52,  53,  54,  55,  56,  57,  58,  59,  60,  61,
    116,   0,   1,  37,  38,  39,  40,  41,  42,  43,  44,  45,  46,  47,  48,  49,
     50,  51,  52,  53,  54,  55,  56,  57,  58,  59,  60,  61, 116,   1,  37,  38,
     39,  40,  41,  42,  43,  44,  45,  46,  47,  48,  49,  50,  51,  52,  53,  54,
     55,  56,  57,  58,  59,  60,  61, 116, 128,   1,  37,  38,  39,  40,  41,  42,
     43,  44,  45,  46,  47,  48,  49,  50,  51,  52,  53,  54,  55,  56,  57,  58,
     59,  60,  61, 116, 128,   1,  37,  38,  39,  40,  41,  42,  43,  44,  45,  46,
     47,  48,  49,  50,  51,  52,  53,  54,  55,  56,  57,  58,  59,  60,  61, 116,
    128,   0,  37,  38,  39,  42,  43,  44,  46,  47,  48,  50,  51,  52,  53,  54,
     56,  57,  58,  59,  60,  61, 116,   1,  63,  67,  70,  74,  77,  80,  81,  82,
     83,  86,  89,  92,  99, 106, 114, 118, 126,   0,   1,  62,  63,  64,  65,  66,
     67,  68,  69,  70,  71,  72,  73,  74,  75,  76,  77,  78,  79,  80,  81,  82,
     83,  85,  86,  87,  88,  89,  90,  91,  92,  93,  94,  95,  96,  97,  98,  99,
    100, 101, 102, 103, 104, 105, 106, 107, 108, 109, 110, 111, 112, 113, 114, 115,
    117, 118, 119, 120, 121, 122, 123, 124, 125, 126, 127, 128,   1,  62,  63,  64,
     65,  66,  67,  68,  70,  71,  72,  73,  75,  76,  78,  79,  80,  81,  82,  83,
     85,  86,  87,  88,  89,  90,  91,  92,  93,  94,  96,  99, 100, 102, 109, 111,
    112, 113, 114, 115, 118, 121, 122, 124, 125, 126, 127,   1,  62,  63,  64,  65,
     66,  67,  68,  69,  70,  71,  72,  73,  75,  76,  77,  78,  79,  80,  81,  82,
     83,  85,  86,  87,  88,  89,  90,  91,  92,  93,  95,  96,  99, 100, 103, 104,
    109, 111, 112, 113, 114, 115, 118, 121, 124, 127,   1,  62,  63,  64,  65,  66,
     67,  68,  69,  70,  71,  72,  73,  74,  75,  76,  77,  78,  79,  80,  81,  82,
     83,  85,  86,  87,  88,  89,  90,  91,  92,  93,  94,  95,  96,  97,  98,  99,
    100, 101, 102, 103, 104, 105, 106, 107, 108, 109, 110, 111, 112, 113, 114, 115,
    117, 118, 119, 120, 121, 122, 123, 124, 125, 126, 127, 128,   1,  62,  63,  64,
     65,  66,  67,  68,  69,  70,  71,  72,  73,  74,  75,  76,  77,  78,  79,  80,
     81,  82,  83,  85,  86,  87,  88,  89,  90,  92,  93,  94,  99, 101, 102, 103,
    104, 106, 109, 111, 114, 118, 121, 122, 123, 125, 126,   1,  63,  67,  69,  70,
     74,  77,  80,  81,  82,  86,  89,  92,  94,  99, 106, 114, 118, 126,   1,  62,
     63,  64,  65,  66,  67,  68,  69,  70,  71,  72,  73,  74,  75,  76,  77,  78,
     79,  80,  81,  82,  83,  85,  86,  87,  88,  89,  90,  91,  92,  93,  94,  95,
     97,  98,  99, 101, 102, 103, 104, 105, 106, 107, 108, 110, 111, 113, 114, 117,
    118, 119, 120, 121, 122, 123, 124, 125, 126, 128,   0,  62,  63,  64,  65,  66,
     67,  68,  69,  70,  71,  72,  73,  74,  75,  76,  78,  79,  81,  82,  83,  85,
     86,  87,  88,  89,  90,  91,  93,  94,  95,  96,  99, 100, 101, 102, 105, 106,
    109, 111, 112, 114, 115, 118, 120, 122, 123, 124, 126, 127, 128,   1,  63,  67,
     69,  70,  71,  72,  74,  77,  80,  81,  82,  83,  86,  89,  92,  94,  95,  98,
     99, 100, 101, 102, 103, 104, 105, 106, 109, 110, 111, 112, 113, 114, 115, 117,
    118, 121, 124, 125, 126, 127,   1,  63,  67,  69,  70,  71,  72,  74,  77,  80,
     81,  82,  83,  86,  89,  92,  94,  95,  99, 100, 101, 106, 109, 110, 111, 112,
    113, 114, 115, 117, 118, 121, 124, 125, 126, 127,   1,  63,  67,  69,  70,  71,
     72,  74,  77,  80,  81,  82,  83,  86,  89,  92,  94,  95,  96,  97,  98,  99,
    100, 101, 102, 103, 104, 105, 106, 107, 108, 109, 110, 111, 112, 113, 114, 115,
    117, 118, 119, 120, 121, 122, 123, 124, 125, 126, 127, 128,   1,  63,  67,  69,
     70,  71,  72,  74,  77,  80,  81,  82,  83,  86,  89,  92,  94,  95,  99, 101,
    102, 103, 104, 106, 109, 111, 112, 113, 114, 115, 118, 121, 124, 126,   1,  63,
     67,  69,  70,  71,  72,  74,  77,  80,  81,  82,  83,  86,  89,  92,  94,  95,
     99, 101, 102, 103, 104, 106, 109, 111, 112, 113, 114, 115, 118, 121, 124, 126,
      1,  63,  67,  69,  70,  71,  72,  74,  77,  80,  81,  82,  83,  86,  89,  92,
     94,  95,  99, 100, 101, 102, 103, 104, 106, 109, 111, 112, 113, 114, 115, 118,
    121, 124, 126,   0,  62,  63,  64,  65,  66,  67,  68,  69,  70,  71,  72,  73,
     74,  75,  76,  77,  78,  79,  80,  81,  82,  83,  85,  86,  87,  88,  89,  90,
     91,  93,  94,  95,  96,  97,  98,  99, 100, 102, 103, 104, 105, 106, 108, 109,
    112, 118, 121, 122, 124, 126, 127, 128,   1,  63,  67,  69,  70,  71,  72,  74,
     77,  80,  81,  82,  83,  86,  89,  92,  94,  99, 100, 101, 102, 103, 104, 106,
    109, 111, 112, 113, 114, 115, 117, 118, 121, 124, 126, 127,   1,  63,  67,  68,
     69,  70,  71,  72,  74,  80,  82,  83,  85,  86,  89,  91,  92,  94,  95,  96,
     99, 100, 101, 102, 105, 106, 107, 108, 109, 110, 111, 112, 115, 117, 118, 119,
    120, 122, 123, 124, 125, 126, 127, 128,   0,  62,  63,  64,  65,  66,  67,  68,
     69,  70,  71,  72,  73,  74,  75,  76,  77,  78,  79,  80,  81,  82,  83,  85,
     86,  87,  88,  89,  90,  91,  92,  93,  94,  95,  96,  97,  98,  99, 101, 102,
    103, 104, 105, 106, 107, 108, 110, 111, 112, 114, 115, 117, 118, 121, 123, 124,
    125, 126,   1,  63,  65,  67,  68,  69,  70,  71,  72,  74,  77,  79,  80,  81,
     82,  83,  86,  89,  90,  92,  94,  95,  96,  97,  98,  99, 100, 101, 102, 103,
    104, 105, 106, 107, 108, 109, 110, 111, 112, 113, 114, 115, 117, 118, 119, 120,
    121, 122, 123, 124, 125, 126, 127, 128,   1,  62,  63,  64,  65,  66,  67,  68,
     69,  70,  71,  72,  73,  74,  75,  76,  77,  78,  79,  80,  81,  82,  83,  85,
     86,  87,  88,  89,  90,  91,  92,  93,  94,  95,  96,  97,  98,  99, 100, 101,
    102, 103, 104, 105, 106, 107, 108, 109, 110, 111, 112, 113, 114, 115, 117, 118,
    119, 120, 121, 122, 123, 124, 125, 126, 127, 128,   1,  62,  63,  64,  65,  66,
     67,  68,  69,  70,  71,  72,  73,  74,  75,  76,  77,  78,  79,  80,  81,  82,
     83,  85,  86,  87,  89,  90,  91,  92,  93,  94,  96,  99, 100, 102, 103, 104,
    106, 109, 112, 113, 115, 118, 121, 125, 126, 127,   1,  12,  13,  14,  15,  16,
     17,  18,  19,  20,  21,  22,  23,  24,  25,  26,  27,  28,  29,  30,  31,  32,
     33,  34,  35,  36,  37,  38,  39,  40,  41,  42,  43,  44,  45,  46,  47,  48,
     49,  50,  51,  52,  53,  54,  55,  56,  57,  58,  59,  60,  61,  84, 116,   1,
     63,  67,  69,  70,  71,  72,  74,  77,  80,  81,  82,  83,  86,  89,  92,  93,
     94,  95,  97,  98,  99, 100, 101, 102, 103, 104, 105, 106, 107, 108, 109, 110,
    111, 112, 113, 114, 115, 117, 118, 119, 120, 121, 122, 123, 124, 125, 126, 127,
      1,  63,  67,  69,  70,  71,  72,  74,  77,  80,  81,  82,  83,  86,  89,  90,
     92,  93,  94,  95,  97,  98,  99, 100, 101, 102, 103, 104, 105, 106, 107, 108,
    109, 110, 111, 112, 113, 114, 115, 117, 118, 119, 120, 121, 122, 123, 124, 125,
    126, 127,   1,  63,  67,  69,  70,  71,  72,  74,  77,  81,  82,  83,  85,  86,
     89,  92,  94,  99, 101, 102, 103, 104, 106, 109, 111, 112, 113, 114, 115, 117,
    118, 123, 124, 125, 126,   1,  63,  67,  69,  70,  71,  72,  74,  77,  80,  81,
     82,  83,  86,  89,  92,  94,  97,  98,  99, 101, 102, 103, 104, 105, 106, 107,
    108, 109, 110, 111, 112, 113, 114, 115, 117, 118, 121, 122, 123, 124, 125, 126,
      0,   1,  62,  63,  64,  65,  66,  67,  68,  71,  72,  73,  75,  76,  77,  78,
     79,  80,  81,  82,  83,  85,  86,  87,  88,  89,  90,  91,  92,  93,  95,  96,
     97,  99, 100, 101, 103, 104, 105, 106, 109, 110, 111, 112, 113, 114, 115, 117,
    118, 121, 122, 123, 124, 126, 127, 128,   1,  63,  67,  71,  72,  74,  77,  80,
     81,  82,  83,  86,  89,  92,  94,  95,  99, 100, 101, 102, 103, 104, 105, 106,
    109, 111, 113, 114, 115, 118, 121, 123, 127,   0,   1,  62,  63,  64,  65,  66,
     67,  68,  70,  71,  72,  73,  75,  76,  77,  78,  79,  80,  81,  82,  83,  85,
     86,  87,  88,  89,  90,  91,  92,  93,  95,  96,  99, 100, 106, 109, 111, 112,
    113, 114, 115, 117, 118, 122, 123, 124, 125, 127, 128,   0,   1,  62,  63,  64,
     65,  66,  67,  68,  69,  70,  71,  72,  73,  74,  75,  76,  77,  78,  79,  80,
     81,  82,  83,  85,  86,  87,  88,  89,  90,  91,  92,  93,  94,  95,  96,  99,
    100, 101, 102, 106, 109, 112, 113, 121, 123, 124, 126, 127, 128,   0,   1,  62,
     63,  64,  65,  66,  67,  68,  69,  70,  71,  72,  73,  74,  75,  76,  77,  78,
     79,  80,  81,  82,  83,  85,  86,  87,  88,  89,  90,  91,  92,  93,  94,  96,
     98,  99, 100, 102, 106, 107, 108, 109, 112, 113, 122, 126, 127, 128,   1,  63,
     67,  69,  70,  71,  72,  74,  77,  80,  81,  82,  83,  86,  89,  92,  94,  95,
     99, 100, 101, 102, 103, 104, 106, 109, 111, 112, 113, 114, 115, 118, 121, 124,
    126, 127,   0,   1,  95,  99, 100, 101, 102, 103, 104, 105, 106, 107, 109, 111,
    112, 113, 114, 115, 118, 119, 121, 124, 126, 127,   0,   1,  96,  99, 100, 101,
    102, 105, 106, 109, 111, 112, 114, 115, 118, 121, 122, 123, 124, 126, 127, 128,
      0,  95,  96,  97,  98,  99, 100, 101, 102, 105, 106, 107, 108, 109, 111, 112,
    114, 115, 118, 121, 123, 124, 125, 126, 127,   0,  95,  97,  98,  99, 100, 101,
    102, 105, 106, 107, 108, 110, 111, 113, 114, 115, 117, 118, 119, 121, 122, 123,
    124, 125, 126, 128,   0,   1,  95,  96,  97,  98,  99, 100, 101, 102, 103, 104,
    105, 106, 107, 108, 109, 110, 111, 112, 113, 114, 115, 117, 118, 119, 120, 121,
    122, 123, 124, 125, 126, 127,   0,   1,  95,  96,  97,  98,  99, 100, 101, 105,
    106, 107, 108, 109, 110, 111, 112, 114, 115, 118, 123, 124, 125, 126, 127,   0,
      1,  95,  96,  97,  98,  99, 100, 101, 102, 103, 104, 105, 106, 107, 108, 109,
    110, 111, 112, 113, 114, 115, 117, 118, 119, 120, 121, 122, 123, 124, 125, 126,
    127,   0,   1,  96,  98,  99, 100, 101, 102, 103, 104, 105, 106, 107, 109, 111,
    112, 114, 115, 118, 123, 125, 127, 128,   0,   1,  95,  97,  98,  99, 100, 101,
    102, 103, 104, 105, 106, 107, 108, 109, 110, 111, 112, 113, 114, 115, 117, 118,
    119, 120, 121, 122, 123, 124, 125, 126, 127, 128,   0,   1,  95,  96,  97,  98,
     99, 100, 101, 102, 103, 104, 105, 106, 109, 110, 111, 112, 113, 114, 115, 117,
    118, 121, 123, 124, 125, 126, 127, 128,   0,   1,  95,  96,  97,  98,  99, 100,
    101, 102, 103, 104, 105, 106, 107, 109, 111, 112, 113, 114, 115, 118, 120, 122,
    124, 127, 128,   0,   1,  95,  96,  97,  98,  99, 100, 101, 102, 103, 104, 105,
    106, 107, 108, 109, 110, 111, 112, 113, 114, 115, 117, 118, 119, 120, 121, 122,
    123, 124, 125, 126, 127,   0,   1,  95,  96,  99, 100, 101, 102, 103, 104, 106,
    109, 111, 112, 114, 115, 118, 121, 124, 126,   0,   1,  95,  99, 100, 101, 102,
    103, 104, 105, 106, 108, 109, 111, 112, 113, 114, 115, 118, 121, 122, 124, 126,
    127,   0,  96,  97,  98,  99, 100, 101, 102, 103, 104, 105, 106, 107, 108, 109,
    110, 111, 112, 113, 114, 117, 118, 119, 120, 122, 123, 124, 125, 126, 127, 128,
      0,   1,  96,  99, 100, 101, 102, 103, 104, 105, 106, 108, 109, 110, 111, 112,
    113, 114, 115, 117, 118, 121, 122, 123, 124, 126, 127,   0,  95,  96,  97,  98,
     99, 101, 102, 103, 104, 105, 106, 107, 108, 109, 110, 111, 113, 114, 115, 117,
    118, 119, 120, 122, 123, 125, 126, 127, 128,   0,   1,  95,  96,  97,  98,  99,
    100, 101, 102, 103, 104, 105, 106, 107, 109, 111, 112, 113, 114, 115, 117, 118,
    121, 122, 123, 125, 126, 127,   0,   1,  95,  96,  97,  98,  99, 100, 101, 102,
    103, 104, 105, 106, 107, 108, 109, 110, 111, 112, 113, 114, 115, 117, 118, 119,
    120, 121, 122, 123, 124, 125, 126, 127, 128,   0,   1,  95,  96,  97,  98,  99,
    100, 101, 102, 103, 104, 105, 106, 107, 108, 109, 110, 111, 112, 113, 114, 115,
    117, 118, 119, 120, 121, 122, 123, 124, 125, 126, 127, 128,   0,  96,  97,  98,
     99, 100, 101, 102, 103, 104, 105, 106, 107, 108, 109, 110, 111, 112, 113, 114,
    117, 118, 119, 120, 122, 123, 125, 126, 127, 128,   1,  37,  38,  39,  40,  41,
     42,  43,  44,  45,  46,  47,  48,  49,  50,  51,  52,  53,  54,  55,  56,  57,
     58,  59,  60,  61, 116,   0,   1,  95,  97,  98,  99, 100, 101, 102, 103, 104,
    105, 106, 107, 108, 109, 110, 111, 112, 113, 114, 115, 117, 118, 119, 120, 121,
    122, 123, 124, 125, 126, 127,   0,   1,  95,  97,  98,  99, 100, 101, 102, 103,
    104, 105, 106, 107, 108, 109, 110, 111, 112, 113, 114, 115, 117, 118, 119, 120,
    121, 122, 123, 124, 125, 126, 127,   0,   1,  95,  96,  97,  98,  99, 100, 101,
    102, 103, 104, 105, 106, 107, 108, 109, 110, 111, 112, 113, 114, 115, 117, 118,
    119, 120, 121, 122, 123, 124, 125, 126, 127,   0,   1,  95,  96,  97,  98,  99,
    100, 101, 102, 103, 104, 105, 106, 107, 108, 109, 110, 111, 112, 113, 114, 115,
    117, 118, 119, 120, 121, 122, 123, 124, 125, 126, 127,   0,  96,  97,  98,  99,
    100, 101, 102, 103, 104, 105, 106, 107, 108, 109, 110, 111, 112, 113, 114, 115,
    117, 118, 119, 120, 121, 122, 123, 125, 126, 127, 128,   0,   1,  96,  99, 100,
    101, 102, 103, 104, 105, 106, 107, 108, 109, 111, 112, 113, 114, 115, 117, 118,
    120, 122, 123, 124, 125, 126, 127,   0,  95,  96,  97,  98,  99, 100, 101, 102,
    103, 104, 105, 106, 107, 108, 109, 110, 111, 112, 113, 114, 115, 118, 119, 121,
    122, 125, 127, 128,   0,  96,  97,  98,  99, 100, 101, 103, 104, 105, 106, 107,
    108, 109, 110, 111, 112, 114, 115, 117, 118, 119, 120, 122, 123, 125, 127, 128,
      0,   1,  96,  97,  98,  99, 100, 101, 102, 103, 104, 105, 106, 107, 108, 109,
    110, 111, 112, 114, 117, 118, 119, 120, 121, 122, 123, 125, 126, 127, 128,   0,
      1,  95,  96,  97,  98,  99, 100, 101, 102, 103, 104, 105, 106, 107, 108, 109,
    110, 111, 112, 113, 114, 115, 117, 118, 119, 120, 121, 122, 123, 124, 125, 126,
    127,   0,   1,  95,  96,  97,  98,  99, 100, 101, 102, 105, 106, 107, 108, 109,
    111, 112, 113, 114, 115, 118, 119, 122, 123, 124, 125, 126, 127,
};

static const int8_t edslab_14_italicKernSparseValues[] = {
     -10,   -9,   -9,   -9,  -33,  -19,   -9,  -19,  -37,  -19,   -9,   -5,  -28,  -14,   -9,  -14,
       9,  -19,  -19,  -19,   -5,  -19,    5,    5,    5,    5,    5,   -9,   -9,  -19,   -5,   -9,
     -14,   -5,   -9,   -5,  -51,  -33,   -5,  -14,  -42,  -14,   -9,   -5,   -9,  -19,  -33,  -23,
     -14,  -19,  -28,  -19,  -19,  -19,  -19,  -28,  -14,  -14,  -14,  -14,  -14,  -19,  -14,   -9,
     -19,  -14,   -9,   -9,   -9,   -9,   -5,   -9,   -9,  -14,  -14,  -14,  -19,  -19,   -5,  -14,
       5,   -9,    5,  -19,   -9,  -14,   -9,    5,  -14,  -19,  -19,    5,  -19,   -5,    9,  -14,
      -9,   -9,  -14,   -5,  -14,  -19,    5,  -28,  -23,  -51,  -37,  -47,   -5,    5,   -9,    5,
      -5,   -9,    5,   -9,  -14,   -9,   -9,   -9,    5,   -5,    5,  -14,    5,    5,    5,    5,
       5,   -9,   -5,  -14,  -19,  -14,  -14,   -9,  -14,  -14,   -5,  -14,  -14,  -14,   -5,   -9,
     -14,   -9,   -9,    5,   -9,  -14,    5,  -23,   -9,  -28,   -9,   -9,  -14,  -14,  -14,   -5,
      -9,    5,    5,   -5,   -5,  -14,    5,   -5,   -5,   -5,   -9,  -14,   -5,   -5,    9,   -5,
      -5,    9,    5,   -5,  -19,   -9,   -9,  -14,  -14,    9,   -9,   -9,   -5,   -9,   -9,    5,
      -5,    5,    9,   -9,  -14,    9,  -14,    5,   -9,   -5,    9,  -19,  -19,  -19,   -9,   -5,
      -5,  -14,  -14,  -23,   -9,  -14,  -14,   -9,   -9,   -9,   -5,   -5,   -9,  -14,   -9,  -19,
      -5,   -9,  -14,   -5,    5,   -5,   -5,   -9,  -14,    5,  -14,    5,  -19,   -9,  -14,   -5,
      -5,   -5,   -5,  -19,   -5,  -14,  -23,   -9,   -5,   -5,   -9,    5,   -9,   -9,   -9,   -5,
     -14,   -5,   -5,   -5,  -19,  -33,  -23,  -23,  -14,   -5,  -14,  -33,  -23,   -5,  -33,  -23,
     -33,  -37,  -23,   -9,  -28,  -14,  -37,  -19,   -5,   -5,   -5,   -9,  -19,  -19,   -9,   -9,
      -9,   -9,    5,    5,   -9,  -14,    5,  -14,    5,   -9,   -9,   -9,  -51,   -9,  -19,   -5,
     -33,   -5,   -9,   -9,  -42,   -9,   -9,   -9,  -14,   -9,   -9,  -19,  -47,   -9,  -33,  -14,
     -19,  -65,  -65, -103, -103,  -93,   -5,   -9,  -42,  -19,  -19,  -23,  -19,  -14,  -23,  -23,
     -23,  -28,  -47,  -23,  -23,  -33,  -23,  -19,  -23,  -14,  -28,  -28,  -56,  -51,  -42,  -14,
     -14,  -23,   -9,    9,  -19,   -5,    5,   -9,   -9,   -9,   -9,   -5,    9,   -9,   -9,   -5,
      -5,   -5,   -5,    5,   -5,  -14,  -23,  -28,  -23,  -33,   -5,   -5,  -14,    5,    5,    5,
      -5,   -5,   -9,    5,   -5,   -9,   -5,   -5,   -9,    5,   -5,    5,   -9,    5,    5,  -14,
      -5,   -9,   -9,   -5,   -5,  -28,   -9,   -5,   -9,   -9,   -5,   -5,  -19,  -14,   -9,   -9,
     -14,  -14,  -23,  -14,   -9,  -23,  -23,  -28,  -28,  -23,   -9,   -9,  -14,   -5,   -9,  -14,
     -23,   -5,   -9,  -14,  -19,  -19,  -14,   -5,  -19,  -19,   -9,  -14,  -14,  -19,  -28,  -14,
     -19,  -19,  -14,   14,  -33,   -5,    5,   -5,   -5,   14,   -9,   -5,    5,   -5,   -5,   -5,
      -5,    9,   -5,    9,   -9,    5,   -9,  -14,  -28,  -28,  -33,   -5,    5,   -5,    9,    9,
       5,    9,   -5,   -5,   23,    9,  -14,    5,    5,    5,    9,    5,    9,   14,   14,   14,
      14,    5,  -23,   -5,  -14,   -5,  -19,   -5,   -5,    5,   -5,   -5,  -14,  -19,  -19,  -14,
     -19,   -9,   -5,   -5,    5,   -5,   -5,   -5,   -5,    5,   -9,    5,    5,   -5,   -5,   -9,
      -5,  -19,   -5,   -9,  -70,   -5,  -14,   -9,   -5,   -5,   -9,   -9,   -5,  -19,   -5,   -5,
     -23,   -5,  -14,   -5,  -14,  -14,  -19,  -23,  -19,  -14,  -37,   -9,  -23,  -23,  -28,  -14,
     -42,  -14,   -5,   -9,  -14,   -9,  -28,  -28,  -33,  -19,  -28,  -28,  -19,  -19,   -9,  -14,
     -19,  -19,  -23,  -23,  -33,  -28,   -5,    5,  -33,  -19,   -5,   -9,  -14,   -9,    5,  -14,
      -5,   -5,   -9,   -5,   -9,   -9,  -14,  -14,   -5,  -28,  -28,  -37,  -33,  -37,  -19,  -23,
      -9,  -14,  -19,  -14,  -23,  -23,  -14,  -14,   -9,  -14,    5,   -5,  -14,  -14,  -19,  -14,
      -5,   -9,  -14,  -23,  -14,   -9,  -23,  -19,   -9,   -9,  -19,  -19,  -14,  -19,   -5,  -19,
     -28,  -19,  -19,  -19,  -19,  -19,  -23,  -19,  -19,  -19,  -14,  -14,  -19,  -28,  -23,  -23,
      -9,  -14,  -14,   -9,  -14,  -14,   -9,  -14,  -14,   -9,   -9,   -9,  -19,  -19,  -23,  -19,
     -14,  -19,  -19,  -19,  -14,  -19,   -9,   -9,  -19,  -23,   -9,  -19,  -14,  -14,  -19,  -19,
     -19,  -14,   -9,  -19,  -14,  -14,  -19,  -28,  -19,  -14,   -9,    5,    5,  -33,    5,    5,
       5,   -9,  -19,  -19,  -23,   -5,   -9,  -28,    5,    5,   -5,  -19,  -14,   14,   -5,  -23,
     -19,   -5,   -5,   -5,    5,    5,   -9,  -14,   -5,  -19,   -5,   -9,  -19,  -19,   -5,   -5,
     -19,   -5,   -5,   -5,   -5,   -5,   -5,   -5,  -28,   -5,  -19,    5,   -5,  -23,  -28,  -23,
     -28,  -28,   -5,   -5,  -19,   -5,   -5,   -5,  -14,   -9,   -5,  -14,  -23,  -14,  -23,  -14,
     -14,  -14,  -19,   -5,  -14,   -5,  -23,  -19,  -37,  -28,  -37,   -9,  -14,   -9,  -19,   -5,
     -19,   -9,  -19,   -5,   -5,   -9,   -5,   -5,   -5,   -5,   -5,  -14,  -14,   -5,   -5,  -75,
     -42,  -61,  -61,  -70,   -9,   -5,  -28,   -9,   -5,  -14,  -23,  -14,  -28,  -14,  -14,   -9,
     -19,   -9,   -5,  -14,  -19,  -33,  -28,  -33,  -14,  -19,   -9,   -9,  -14,  -14,  -14,   -9,
     -19,  -14,   -5,  -19,  -14,  -19,  -19,  -19,   -9,  -19,  -23,  -19,  -14,  -14,  -14,   -9,
      -9,  -14,  -14,  -14,   -9,  -14,   -9,  -14,  -14,   -5,  -14,   -9,  -14,  -14,  -14,  -14,
     -19,  -14,  -14,   -9,   -5,   -9,  -47,  -19,  -23,   -9,  -14,   -5,  -23,   -5,  -23,   -5,
      -5,  -14,  -33,   -5,  -19,   -5,   -9,  -19,  -19,  -19,  -14,  -14,   -5,  -33,  -33,  -23,
     -23,  -23,  -19,  -33,  -19,  -19,  -23,  -28,  -28,  -28,  -23,  -23,  -28,  -23,  -33,  -19,
     -19,  -19,  -19,  -19,  -23,  -19,  -19,  -33,  -19,  -14,    5,  -51,   -9,    5,  -14,  -14,
     -19,  -19,   -9,   -5,  -19,   -9,  -14,  -19,   -5,  -14,    5,  -23,   -5,  -23,  -28,  -42,
     -42,  -42,  -23,  -14,  -23,   -5,   -9,  -19,    5,   -5,  -19,  -14,   -9,   -9,   -5,   -9,
      -9,   -5,   -5,   -5,   -5,  -23,  -33,  -14,  -19,    5,  -14,  -79,   -5,    5,   -5,   -5,
      -5,    5,   -5,   -5,   -9,  -14,   -9,   -9,   -9,   -5,  -14,    5,   -5,    5,  -14,  -19,
     -19,  -23,  -14,   -9,  -37,  -23,  -23,  -14,  -28,  -37,  -19,    5,   -5,  -23,   -9,   -5,
      -9,  -19,  -14,   -5,    9,   -5,  -14,  -23,   -9,  -37,  -37,  -19,  -33,  -28,  -37,  -37,
     -37,  -33,  -23,  -28,  -23,  -28,  -42,  -33,  -33,  -37,  -33,  -47,  -33,  -37,  -33,  -65,
     -61,  -79,  -79,  -89,  -37,  -47,  -56,  -33,  -33,  -28,  -14,   -9,  -51,  -33,  -14,  -51,
     -61,  -47,  -37,  -33,  -28,  -33,  -42,  -19,  -33,  -28,  -33,  -33,  -33,  -37,  -51,  -37,
      -9,   -9,   -9,   -5,  -14,   -5,   -5,   -9,   -5,   -5,   -5,   -5,   -5,  -19,   -5,   -9,
      -5,  -23,  -23,  -37,  -37,  -37,   -5,   -5,  -19,  -14,  -28,  -14,   -9,   -9,  -14,   -9,
      -5,   -5,  -14,  -19,  -19,  -23,  -28,  -14,   -9,  -19,   -9,    5,  -28,   -9,   -5,   -9,
      -5,   -9,   -9,   -5,   -9,  -14,   -5,   -9,   -9,   -5,  -14,   -5,  -23,  -28,  -37,  -33,
     -37,   -5,  -28,    5,    5,  -14,   -9,  -14,   -9,  -14,  -19,  -19,  -14,  -14,  -19,  -19,
      -5,   -5,  -19,  -19,  -19,   -9,  -23,  -14,  -28,  -61,  -19,  -19,   -9,  -14,   -9,  -19,
      -9,   -9,  -33,   -9,  -14,   -9,   -9,  -23,   -9,  -14,   -9,   -9,  -19,  -23,  -23,  -28,
     -19,  -23,  -47,  -23,  -37,  -42,  -37,  -28,  -42,  -14,  -14,  -23,  -23,  -23,  -42,  -42,
     -33,  -28,  -37,  -51,  -37,  -23,  -33,  -33,  -33,  -42,  -47,  -19,  -42,  -28,  -19,  -70,
     -14,  -28,  -19,  -14,  -14,  -23,  -14,  -14,  -28,  -14,  -14,  -14,   -9,  -33,  -19,  -23,
     -14,  -19,  -19,  -23,  -23,  -23,  -19,  -23,  -42,  -33,  -37,  -28,  -28,  -33,  -47,  -28,
     -19,  -33,  -23,  -23,  -28,  -37,  -33,  -28,  -28,  -37,  -23,  -23,  -23,  -28,  -23,  -33,
     -33,  -28,  -42,  -23,  -28,  -98,   -9,  -37,   -9,  -14,  -14,  -42,  -19,  -14,  -47,   -9,
     -19,  -14,  -19,  -37,   -9,  -47,  -14,  -19,  -28,  -19,  -23,  -23,  -19,  -19,  -61,  -28,
     -61,  -56,  -51,  -37,  -56,  -23,  -33,  -47,  -28,  -28,  -61,  -51,  -61,  -47,  -51,  -51,
     -47,  -33,  -42,  -47,  -47,  -47,  -61,  -28,  -61,  -37,  -37,  -93,  -14,  -33,  -14,  -19,
     -14,  -37,  -14,   -9,  -42,  -14,  -14,  -19,  -19,  -42,  -23,  -37,  -14,  -19,  -19,  -19,
     -23,  -19,  -19,  -23,  -47,  -28,  -56,  -61,  -47,  -28,  -65,  -28,  -33,  -47,  -37,  -37,
     -47,  -47,  -51,  -37,  -47,  -47,  -42,  -33,  -37,  -47,  -37,  -51,  -56,  -23,  -51,  -42,
     -33,  -75,  -19,  -37,  -14,  -14,  -14,  -33,   -9,   -9,  -42,   -9,  -14,  -19,  -14,  -51,
     -19,  -42,  -19,  -28,  -19,  -23,  -23,  -23,  -23,  -28,  -65,  -33,  -56,  -56,  -56,  -51,
     -65,  -33,  -37,  -51,  -37,  -37,  -51,  -61,  -61,  -47,  -51,  -56,  -56,  -42,  -42,  -51,
     -51,  -51,  -61,  -23,  -65,  -47,  -28,   -5,  -28,   -9,   -5,   -5,  -19,   -5,   -5,   -9,
      -9,   -5,   -9,   -9,  -23,   -9,  -23,   -5,   -9,  -23,  -23,  -19,  -19,  -23,   -9,   -5,
     -28,   -9,   -5,  -14,   -5,  -19,  -19,  -33,  -23,  -23,  -14,  -14,   -9,  -28,  -19,   -5,
     -28,  -23,  -33,  -37,  -47,  -19,  -14,  -23,   -5,   -9,  -19,  -37,  -19,  -14,  -19,  -23,
     -19,  -23,  -19,  -33,  -23,  -37,  -19,  -23,  -28,  -23,  -19,  -19,  -14,  -28,  -28,  -37,
     -37,  -37,  -19,  -23,    5,   -9,  -28,    5,   -9,   -9,  -14,   -9,  -23,  -28,  -14,  -14,
     -14,  -14,   -5,   -5,   -9,   -9,  -19,   -9,  -19,   -5,   -5,    5,  -14,  -28,   -5,   -5,
      -5,   -9,  -19,  -19,  -19,  -23,  -14,  -14,   -5,   -9,   -5,  -14,   -5,  -14,   -9,  -14,
     -14,  -19,  -14,  -19,  -19,  -14,  -23,  -19,   -9,  -19,   -9,   -9,   -9,  -19,  -28,  -19,
     -23,  -14,  -14,  -19,  -23,   -9,  -14,   -9,  -19,  -23,  -28,  -23,  -33,  -19,  -19,   -5,
      -9,    5,  -19,  -33,  -19,   -9,  -14,   -5,  -14,  -19,  -19,  -14,   -9,   -5,  -14,  -14,
      -5,   -5,   -9,   -9,  -14,  -14,  -14,  -23,   23,   -5,  -23,   -5,  -19,  -19,  -19,  -33,
     -23,  -14,  -23,  -14,   -9,  -28,  -28,  -23,  -19,  -19,  -33,   -5,  -28,  -56,  -56,  -42,
     -75,  -19,  -51,   -9,  -14,   -5,  -19,  -37,  -19,   -9,  -14,  -14,   -5,  -23,   -5,    9,
     -33,  -33,  -14,  -23,  -19,   -5,  -19,  -23,  -19,   -9,   -9,   -9,   -9,  -14,  -19,  -23,
     -19,  -28,   -5,   -9,  -33,   -9,   -9,   -9,  -19,   -9,   -5,   -9,  -19,  -14,  -23,  -14,
     -14,   -9,  -14,   -5,  -14,  -19,  -19,  -23,  -23,  -33,   -9,  -19,  -14,  -19,   -9,  -28,
      -9,   -9,   -9,  -14,  -14,  -14,   -5,  -14,  -23,  -33,  -14,   -9,   -9,  -19,   -5,  -14,
      -5,  -19,  -19,  -28,  -28,  -33,  -14,  -14,    5,    9,  -28,    5,    5,    5,    5,   -9,
       9,  -19,  -23,   -5,   -5,    5,    5,    5,   -5,    5,   -9,   -9,   -9,   -9,   -9,  -14,
     -23,  -14,   -9,  -33,   -5,  -14,   -9,  -14,   -9,   -5,   -9,  -14,  -14,  -33,   -9,   -9,
      -9,   -9,   -5,   -9,   -9,  -14,  -14,  -19,  -23,  -28,   -9,  -14,   -5,   -5,  -19,  -28,
     -14,  -14,   -5,  -19,  -14,   -9,  -14,  -23,  -14,  -28,  -14,   -9,  -19,  -19,   -9,  -19,
      -5,  -19,  -19,  -28,  -28,  -19,   -9,  -14,   -5,   -5,   -5,   -5,  -33,   -5,   -9,  -19,
      -9,   -5,   -9,  -23,  -14,  -28,   -9,   -9,   -9,  -14,   -9,   -5,  -14,  -14,  -23,  -23,
     -28,   -5,   -9,  -14,   -9,   -9,  -33,   -5,   -9,   -5,  -14,   -5,  -14,   -9,  -19,  -14,
     -28,   -9,   -9,   -5,  -14,   -5,  -14,  -14,  -23,  -28,  -28,  -33,   -5,   -9,   -9,    9,
     -23,    5,    5,   -9,   -9,  -14,   -9,  -23,  -19,   -9,  -14,    5,   -9,    5,  -14,    5,
      -9,   -5,   -5,  -14,  -19,  -14,  -19,   -5,   -5,    5,   -9,  -28,    5,    5,    5,   -9,
     -14,  -14,   -9,  -23,  -23,   -9,   -9,   -9,    5,  -14,   -5,   -9,   -9,  -14,  -19,   -9,
     -19,   -5,   -9,    5,  -28,   -5,    5,  -14,   28,   -9,  -23,   -5,   -5,   -5,   19,    5,
      -5,   -5,   -5,   -5,   -5,   -5,   -5,   -5,   -5,   -9,   -5,  -23,  -33,   -5,   -5,   -5,
      -5,  -14,  -28,   -9,  -33,  -23,   -9,  -14,   -9,   -5,   -9,  -14,    5,   -5,   -5,   -9,
     -14,  -19,  -19,   -5,  -28,    5,   -9,   -9,   -9,    5,   -9,  -14,  -23,   -5,   -9,   -5,
      -9,    5,   -9,   -5,   -9,   -9,  -14,  -14,   -9,  -14,   -9,  -28,  -23,   -5,   -5,  -14,
     -23,  -14,  -23,   -5,   -5,    5,  -14,    5,   -9,    5,  -23,  -14,  -28,  -23,  -42,   -9,
     -14,  -14,   -9,   -9,  -33,  -14,   -9,   -9,  -14,   -5,  -14,   -9,  -14,  -19,  -28,  -14,
      -9,  -14,  -14,   -5,   -5,   -5,  -14,  -14,  -19,  -19,  -23,   -5,  -14,  -14,  -33,  -37,
     -19,  -19,  -28,  -28,  -33,  -28,   -5,  -19,  -37,  -28,  -19,  -23,  -23,   -9,  -23,  -19,
      -9,  -14,   -9,   -9,  -14,  -14,  -28,  -37,  -28,  -19,  -33,  -23,  -19,  -23,  -19,  -19,
     -28,  -37,  -14,  -23,  -33,  -23,  -19,  -23,  -28,   -9,  -19,  -23,  -14,  -14,   -5,  -14,
      -9,  -19,  -23,  -33,  -28,  -14,  -33,  -23,  -19,  -19,  -19,  -19,  -33,  -33,  -14,  -19,
     -33,  -33,  -23,  -23,  -28,  -14,  -19,  -28,   -9,   -9,  -14,  -14,  -14,  -19,  -23,  -28,
     -42,   -5,   -9,  -23,   -5,   -9,   -5,   -9,   -9,   -9,  -19,   -5,   -5,   -5,   -5,   -5,
      -5,   -5,   -9,   -9,  -14,   -9,   -9,   -5,  -19,  -19,   -9,   -5,   -5,   -5,   -5,   -9,
      -5,   -5,   -5,   -5,   -9,   -9,   -5,   -9,   -5,  -33,  -23,   -5,  -23,  -14,  -23,   -5,
     -23,  -19,   -9,  -23,  -33,  -33,  -23,   -5,  -19,   -5,  -28,  -19,  -19,  -23,  -65,  -51,
     -28,  -19,  -75,  -14,  -14,  -28,  -14,  -14,  -14,  -14,   -9,   -5,   -9,  -14,  -14,  -28,
     -14,  -23,  -19,  -28,  -28,  -14,  -14,  -14,  -14,  -14,  -14,  -28,  -14,  -37,  -42,  -23,
     -14,  -56,  -14,  -14,  -28,  -14,  -14,  -14,  -14,   -9,  -14,   -5,    5,   -5,  -14,   -5,
      -5,   -5,   -9,   -5,   -5,  -19,   -9,   -9,   -5,   -5,   -5,  -14,    5,  -14,  -28,    9,
      -9,  -19,   -5,   -9,   -9,   -5,  -14,    5,   -5,    5,   14,  -23,   14,    5,   14,   -5,
      14,    9,   -9,    9,   -5,    5,  -14,    5,   -5,   -5,   14,    5,   -5,  -14,   -5,   -5,
      -5,   -5,   -5,    5,   -5,  -14,  -14,   -5,   -5,   -5,   14,   -5,   -5,    5,   -5,  -14,
       5,   -9,  -19,   -5,   -5,   -9,   -5,   -5,    5,   -9,    5,   14,  -14,   14,    5,    5,
      14,   -5,   14,    9,   -5,    9,   -5,    5,    9,   14,  -14,   -5,  -75,   -5,   -5,   -5,
     -23,   -5,   -5,  -19,   -5,   -5,   -5,  -42,   -5,   -5,   -9,   -5,   -9,   -5,   -5,   -5,
      -5,   -5,   -5,   -5,   -5,   -5,   -5,   -5,  -19,   -5,  -19,  -37,  -28,  -19,  -28,  -56,
     -28,  -37,  -42,  -19,  -19,  -23,  -51,  -28,  -33,  -37,  -37,  -28,  -28,  -14,  -19,  -37,
     -28,  -28,  -28,  -28,  -14,  -23,  -23,  -28,  -28,  -42,  -28,  -19,   -9,   -5,  -23,   -5,
      -5,   -5,  -23,   -5,   -5,  -14,   -5,   -5,   -5,   -5,   -5,   -5,  -14,   -5,   -5,  -14,
      -5,  -19,   -9,   -5,   -9,   -5,   -5,   -5,   -5,  -14,   -5,   -9,   -9,   -9,   -9,   -9,
      -9,   -9,   -9,   -9,  -19,  -23,  -14,   -9,   -9,   -9,   -5,   -5,  -19,  -14,   -5,   -9,
      -5,   -9,   -5,   -5,  -14,   -9,   -5,   -5,   -5,   -9,   -9,   -5,   -5,   -5,   -5,   -5,
     -14,   -5,   -5,   -5,  -14,   -5,  -14,  -19,   -5,   -5,   -5,   -9,   -5,   -5,  -19,   -5,
      -5,  -19,   -5,  -19,  -19,   -5,  -19,   -5,   -5,  -14,   -5,   -5,  -14,   -5,   -5,   -5,
     -14,   -9,  -14,  -14,  -14,   -9,   -9,  -14,  -14,  -14,  -14,  -14,  -19,  -19,  -37,  -14,
     -42,  -14,  -14,  -14,  -14,  -14,  -14,  -14,  -14,   -5,  -14,   -5,  -28,   -5,   -5,   -5,
     -23,   -5,   -5,   -5,   -5,   -5,   -5,   -5,   -5,   -9,   -5,   -5,   -5,  -28,    5,   -5,
     -28,   -5,   -5,   -5,   -5,   -5,   -5,   -5,   -9,    5,   -9,    9,   -9,   -5,   -5,   -9,
       9,   -9,    9,   -5,    5,   -5,   -5,   -5,   -5,    5,   -5,    9,   -9,   -9,  -19,  -23,
      -5,   -5,   -5,   -5,   -9,  -14,   -5,   -9,  -19,   -9,  -19,   -9,   -9,   -5,  -14,  -14,
     -19,   -9,  -19,   -9,   -9,   -9,   -9,   -9,   -9,   -9,  -19,   -9,  -19,  -23,  -19,  -14,
     -37,  -23,   -9,   -9,   -9,   -9,   -9,  -19,  -19,  -14,   -5,   -5,   -5,   -9,   -5,   -9,
      -5,  -14,   -5,  -19,   -9,   -5,  -14,  -14,  -19,   -9,  -19,   -9,   -9,   -9,  -19,   -9,
     -19,  -23,  -19,  -14,  -37,  -23,   -9,   -9,   -9,   -9,    5,   -9,   -9,   -5,   -9,  -14,
     -14,   -5,   -5,  -14,   -5,  -19,  -14,  -14,   -5,   -9,   -9,   -5,    5,   -5,   -5,  -14,
       5,   -9,   -9,   -9,   -9,   -5,   -9,   -5,   -5,    5,   -5,  -14,    5,   -9,  -37,    5,
      -5,  -37,   -5,   -5,  -14,   -5,   -5,   -9,   -5,   -9,    5,   -5,   -9,  -14,  -19,   -9,
     -14,   -9,   -9,   -9,  -14,  -14,   -9,  -19,  -14,  -14,   -5,   -9,  -14,  -14,  -14,  -14,
     -14,   -9,   -9,   -9,   -5,  -14,   -5,  -14,  -23,   -5,  -33,  -23,   -5,   -9,   -9,  -23,
     -19,   -9,  -14,   -9,   -5,   -9,  -14,  -14,   -5,  -19,   -9,  -14,   -9,  -14,   -9,   -9,
     -14,  -14,   -9,  -14,  -14,   -9,   -5,  -14,   -5,  -14,  -28,   -5,  -33,  -19,   -5,   -9,
      -9,  -14,  -14,   -9,   -9,  -14,   -9,   -9,  -14,   -9,   -9,  -14,   -9,   -9,   -9,   -9,
      -9,   -9,   -9,   -9,   -9,   -9,   -9,   -9,   -9,   -5,  -19,   -5,   -9,  -19,  -14,  -33,
     -19,   -9,   -9,   -9,   -5,  -37,   -9,   -9,   -9,  -33,  -14,  -14,   -5,   -9,   -9,   -5,
      -9,   -5,   -9,    9,   -5,  -14,    9,  -14,  -28,   14,   -9,  -23,   -5,   -5,   -9,   -5,
      -5,   -9,   -5,   -5,   19,    5,    5,  -23,    5,    5,    9,    9,    5,  -19,   -5,    9,
       9,   -5,    5,   -5,    5,  -14,    5,   -9,   -9,  -19,  -14,   -5,   -9,   -9,   -9,   -5,
      -9,   -9,   -5,  -19,   -9,  -14,   -9,   -9,   -9,  -14,   -9,   -9,   -9,   -9,   -9,   -9,
      -5,  -19,   -5,  -14,  -19,   -9,   -9,  -28,  -14,   -5,   -9,   -5,  -14,  -75,  -37,   -9,
      -5,   -5,  -14,   -9,  -33,    5,  -23,    5,   -5,  -23,   -5,   -5,   -5,   -5,  -14,    5,
     -19,   -9,  -14,   -9,   -9,  -28,   -5,   -5,   -9,   -5,   -5,   -9,   -9,   -9,   -5,   -5,
      -5,   -5,   -9,  -14,   -9,  -37,   -9,  -19,   -9,   -5,  -23,   -5,   -5,   -5,  -23,   -5,
      -9,   -5,  -19,  -19,   -9,   -5,   -9,   -9,   -5,   -5,   -9,    5,   -9,  -28,   -5,   -5,
     -28,   -5,   -5,   -5,   -5,   -5,   -5,   -5,   -5,   -5,    5,   -9,   -5,  -19,  -19,  -14,
     -14,   -9,  -14,   -9,   -5,   -5,   -5,   -9,    5,  -14,   -5,   -9,  -19,   -9,   -5,   -9,
      -5,   -9,  -19,  -65,   -5,  -37,   -5,   -9,  -14,   -5,   -9,  -37,   -9,   -9,   -9,   -5,
     -14,   -9,  -19,   -9,   -5,   -9,  -28,  -28,  -19,  -19,  -14,  -42,  -14,  -28,  -19,   -9,
      -9,  -14,  -42,   -9,  -14,  -23,   -9,  -28,  -23,   -5,   -9,  -28,  -23,  -33,  -14,   -9,
      -9,  -19,  -28,  -28,  -28,  -33,  -14,  -23,  -33,  -14,  -89,   -9,   -9,   -9,  -42,  -14,
     -14,  -14,  -14,  -19,   -9,  -47,   -9,   -9,  -37,   -5,   -5,  -33,   -9,  -28,  -33,  -14,
     -28,   -5,   -5,   -9,   -9,   -9,  -23,  -19,  -28,  -65,  -51,  -51,  -56,  -75,  -47,  -61,
     -42,  -37,  -37,  -61,  -75,  -56,  -51,  -61,  -56,  -47,  -61,  -42,  -51,  -65,  -56,  -51,
     -61,  -51,  -47,  -56,  -61,  -65,  -61,  -79,  -47,  -47,    5,   -9,  -37,   -9,   -9,   -9,
     -33,   -9,   -9,   -9,  -14,  -14,  -19,   -9,  -14,   -5,   14,   -9,   -9,   19,   -5,  -23,
       5,   -5,  -28,   -9,   -5,   -5,   -5,   -5,  -19,   -5,   14,  -19,    9,    5,    5,    5,
     -19,    9,    9,    5,    5,   -5,   -5,   -5,   -9,    9,  -14,  -19,   -9,  -37,   -9,   -9,
      -9,  -37,   -9,   -9,  -23,   -9,   -9,   -9,   -9,  -51,   -9,  -37,   -9,  -19,  -19,  -23,
     -23,  -23,  -33,  -14,  -19,  -23,  -14,  -14,  -19,  -19,  -14,  -14,  -28,  -28,  -19,  -28,
     -19,  -14,  -23,  -28,  -14,  -14,  -14,  -28,  -28,  -51,  -51,  -56,  -14,  -23,  -23,   -9,
     -28,  -19,   -9,  -19,  -14,  -14,   -9,  -19,  -14,   -9,  -19,   -9,  -23,   -9,   -9,   -9,
      -9,   -9,  -14,  -14,  -19,   -9,  -14,   -9,  -19,  -14,  -14,   -9,   -9,   -9,   -5,   -9,
     -14,   -5,  -14,  -23,   -5,   -9,  -23,   -9,   -9,  -14,   -5,   -5,   -9,   -9,   -5,   -9,
      -9,  -19,  -28,   -9,  -14,  -14,  -14,   -9,  -28,  -14,   -5,  -19,  -19,  -19,   -9,   -5,
     -14,   -5,   -9,   -5,   -5,   -5,  -14,   -5,   -9,   -9,  -14,  -14,   -5,   -9,   -5,   -5,
      -9,   -5,  -14,   -5,   -9,  -19,   -5,   -5,  -23,   -5,   -5,   -9,   -5,   -5,   -5,   -5,
      -5,   -5,   -9,  -19,  -19,   -5,   -9,   -9,   -9,   -9,  -14,   -9,  -23,   -5,   -5,  -23,
      -9,   -9,   -5,  -14,   -9,   -5,   -5,   -5,   -5,   -5,  -14,   -5,   -9,  -19,   -9,   -5,
     -23,   -5,   -5,   -5,   -5,   -9,  -23,  -19,   -5,   -5,  -14,  -14,   -9,  -14,   -5,   -9,
     -19,   -9,  -19,   -9,  -14,   -9,   -5,   -5,  -19,   -5,   -5,   -9,   -9,   -5,   -9,   -5,
      -5,   -9,   -5,  -14,   -5,   -9,  -14,  -14,   -9,  -28,  -14,   -5,   -5,   -5,   -5,   -5,
     -23,    5,   -5,  -14,   -5,   -5,   -5,  -23,   -5,  -14,  -14,   -9,   -9,   -5,    5,   -5,
      -5,    5,  -47,  -37,    9,   -5,  -51,   -5,   -5,  -23,   -5,   -5,    5,   -5,    5,   23,
      -5,  -23,    9,   -5,   -5,   -5,   -5,   -5,   14,   -5,   -5,    9,    9,   -5,    9,   -5,
     -14,    5,   -5,   -5,    5,   -5,    9,   -5,   -9,  -19,  -19,   -5,   -5,   -5,   -5,   -9,
      -5,  -14,   -5,  -19,   -5,   -5,   -5,   -5,  -19,   -9,   -9,   -5,   -9,   -9,   -5,   -9,
      -9,  -14,   -9,  -14,  -14,  -19,  -14,   -5,   -5,  -23,    5,   -9,  -19,   -5,   -5,   -5,
     -23,   -9,   -5,  -19,  -14,   -9,   -5,   -9,    5,   -5,   -5,   14,  -47,  -42,    9,   -5,
     -51,   -5,   -5,  -28,   -5,   -5,    5,   -5,   14,   14,  -19,    9,   -5,    9,   -5,    9,
       5,   -5,    9,   -5,   -5,   -5,   -5,    5,   -5,    9,   -5,   -9,    5,   -5,  -33,   -5,
      -5,   -5,  -19,   -5,   -5,   -5,  -19,  -19,   -5,   -5,   -5,   -5,    9,   -5,   -5,    9,
      -5,  -19,   14,   -9,  -28,   -9,   -9,   -5,   -5,   -5,    5,   -9,   -5,    5,   14,  -19,
       9,   -5,    9,   -9,    9,    9,    5,    5,   -5,    9,   -5,    9,  -14,   -5,    5,   -9,
     -23,   -9,   -5,   -5,  -23,   -9,   -5,   -5,  -14,  -14,   -9,   -9,  -14,   -9,    9,   -9,
      -9,    5,   -9,  -23,   14,   -9,  -28,   -9,   -9,   -9,   -9,   -9,    5,   -9,   -5,   19,
      -5,  -23,    9,    5,  -19,   -5,   -5,    9,    5,    5,   -5,   -9,    9,  -14,   -9,  -23,
     -23,   -9,  -14,   -9,   -9,   -5,  -14,   -9,   -5,  -19,   -9,  -23,   -9,   -9,   -5,   -9,
     -19,   -5,   -9,   -9,  -14,  -14,  -14,  -14,  -19,   -5,   -9,  -23,  -14,  -28,  -19,  -14,
      -5,   -5,  -14,  -14,   -5,   -9,   -9,   -9,   -5,  -14,  -14,   -5,   -5,   -5,   -9,  -23,
      -5,   -9,  -23,   -5,  -33,   -5,  -14,   -9,   -5,   -9,   -9,    5,   14,  -19,   14,   -5,
       5,   -5,   -5,    9,   -5,    9,  -14,    9,  -14,    9,   -5,   -5,    5,   -5,    9,  -14,
     -14,    5,    9,   -5,   -5,   -9,    5,   -9,   -5,   -5,   -5,   -5,   -5,    5,   -9,    9,
      -5,    5,   -9,    5,   -5,    5,   -5,   -5,    5,   -9,  -19,   -5,   -9,  -37,   -5,  -14,
      -9,  -14,  -33,   -5,   -5,   -5,   -5,   -5,   -5,   -5,   -5,   -9,   -5,   -5,   -9,   -5,
      -5,   -5,  -19,  -23,  -19,  -19,   -9,   -9,  -14,  -14,  -14,  -14,  -14,  -14,  -23,  -19,
     -14,  -14,   -5,   -9,  -14,   -5,  -19,  -14,  -19,  -19,  -19,   -5,  -33,   -9,   -9,  -23,
      -9,   -9,  -14,   -5,   -5,  -14,  -14,    5,    5,   14,   -5,   -5,   -9,    9,   -9,   -9,
      -5,   -5,   -5,    9,   -5,   -5,    9,   -9,    9,   -9,   -5,   -5,   -5,   -5,    9,  -14,
      -9,   -5,   -5,   -5,   -9,   -9,   -9,   -9,   -5,   -5,  -14,   -5,   -9,   -9,   -9,   -9,
      -5,  -14,   -5,   -9,  -19,   -9,   -5,  -23,   -5,   -5,  -14,   -5,   -5,   -9,   -5,   -9,
      -5,  -14,   -5,    9,   -5,  -14,    9,   -5,    5,   -5,   -5,   -5,   -5,   -5,    5,   -9,
       5,   -9,   -5,   -9,   -5,   -5,    9,   -5,  -19,   -9,   -9,   -9,   -9,  -19,  -14,  -14,
     -14,  -28,  -28,   -9,   -5,  -14,   -9,   -9,   -9,  -19,   -9,  -19,  -28,  -19,   -9,  -28,
      -5,   -5,  -19,   -9,   -9,  -14,   -5,   -9,  -14,   -5,  -19,   -9,   -9,   -5,   -9,   -5,
     -14,   -9,   -9,   -9,  -28,  -28,   -9,   -9,   -9,   -5,  -23,   -9,  -19,  -19,  -14,   -9,
     -28,  -23,   -5,   -9,   -5,   -9,   -9,   -5,  -19,   -5,   -5,   -5,   -5,   -5,   -9,   -5,
      -9,   -5,  -14,   -9,   -9,   -9,   -5,   -5,  -19,   -5,   -9,  -19,   -9,  -37,   -5,   -5,
      -5,   -5,   -5,  -23,   -9,   -9,   -9,   -5,   -5,  -19,  -14,   -5,   -9,  -14,  -14,   -5,
      -5,   -5,   -5,  -14,   -5,  -19,   -5,  -14,  -28,  -19,   -5,  -28,   -5,   -5,  -14,   -5,
      -9,   -5,   -5,   -9,   -5,   -9,   -9,   -5,    5,  -14,   -5,   -9,   -5,   -5,   -9,   -5,
      -9,   -9,   -5,  -14,   -9,  -14,   -5,   -5,   -5,   -5,   -9,   -9,  -19,  -14,   -9,   -9,
      -9,   -9,   -5,   -9,   -5,  -19,  -14,  -14,   -5,  -14,  -14,  -19,   -5,   -5,   -9,   -5,
      -5,  -14,    9,  -14,  -14,  -28,    9,   -9,   -5,   -9,   -9,  -14,  -14,  -19,  -19,    5,
      -9,  -14,    5,   -9,  -14,  -14,  -19,   -5,   -9,   -9,   -9,   -5,   -5,   -9,    5,  -14,
     -14,   -9,    5,  -19,   -5,   -5,   -5,   -5,   -5,   -5,   -5,   -5,  -19,   -5,  -19,   -5,
      -5,  -14,  -14,   -5,   -9,   -5,   -5,   -5,   -9,   -5,   -5,  -23,   -9,    9,   -9,   -9,
     -23,  -19,   -5,   -9,   -5,   -9,  -14,   -5,  -14,   -5,   -9,   -9,   -5,   -9,    5,   -5,
     -19,   -5,   -5,   -9,   -9,   -9,   -9,    5,  -14,   -9,   -5,   -5,    5,   -5,   -5,  -14,
      -5,   -5,   -5,   -5,   -5,   -9,   -9,   -5,    5,   -5,    5,   -5,  -14,   -5,   -5,  -14,
      -5,   -5,   -5,   -5,   -5,    5,   -9,   -5,  -19,    5,   -9,   -9,  -37,   -9,  -19,   -9,
      -9,   -9,  -14,  -33,  -14,  -14,   -5,   -5,  -14,   -9,   -9,   -9,   -9,  -14,   -9,   -9,
      -9,   -5,  -19,  -14,   -9,   -9,  -23,   -9,  -23,   -9,  -14,  -19,   -5,  -14,  -14,  -47,
     -14,  -19,  -19,   -9,   -9,  -14,  -37,  -19,   -9,  -14,   -9,   -5,  -14,   -5,   -9,  -23,
      -9,   -9,   -9,   -9,   -5,   -9,   -9,  -14,  -14,  -28,  -14,  -23,  -23,    9,   -9,   -9,
     -28,    9,  -19,   -5,   -5,   -5,  -14,   -9,  -19,  -14,    5,  -19,   -9,    9,   -5,  -14,
      -9,  -14,   -9,  -14,  -14,   -9,  -14,   -9,    9,  -14,   -9,  -19,  -37,  -19,  -19,  -23,
     -14,  -19,  -19,   -9,  -19,  -14,  -28,  -14,  -14,  -23,  -14,  -19,  -19,  -14,  -14,  -19,
     -14,  -14,  -19,  -19,  -19,   -9,  -14,   -5,   -5,   -5,  -23,  -14,  -14,   -5,   -9,   -9,
      -5,  -14,   -5,   -5,   -5,   -5,   -9,   -5,   -9,  -14,   -9,   -5,  -19,   -5,   -5,   -5,
      -5,   -5,   -9,   -5,   -5,   -9,   -5,  -14,   -9,   -5,   -5,  -23,  -14,  -19,  -19,  -14,
     -14,   -5,  -14,   -5,   -5,  -14,   -5,  -14,   -9,   -5,   -9,  -19,   -5,  -14,   -5,   -5,
      -5,   -5,   -5,   -9,   -5,   -5,  -14,   -5,   -9,   -5,    5,   -5,   -5,  -23,  -14,   -9,
     -14,   -9,   -9,   -5,   -9,   -5,   -5,   -5,   -5,   -9,   -5,   -5,  -14,  -19,   -5,  -23,
      -5,   -5,   -5,   -5,   -5,  -19,   -5,   -9,   -5,   -9,   -9,  -14,   -5,   -5,   -5,  -23,
      -9,  -14,   -9,  -14,  -14,   -5,  -23,   -5,   -5,  -14,   -9,  -19,   -9,   -5,  -19,  -14,
      -5,  -19,   -5,   -5,   -5,   -5,   -5,  -14,   -5,   -9,   -9,  -14,    5,   -9,   -5,  -14,
       5,   -9,   -5,   -9,   -9,   -9,   -5,   -9,   -9,    9,   -9,  -19,    5,   -9,  -23,    5,
      -5,  -37,   -5,   -5,   -5,   -5,   -9,   -5,   -5,    5,   -9,   -5,   -9,    5,  -23,   -5,
      -9,   -5,  -14,  -14,   -5,   -9,   -9,   -5,   -9,   -5,   -5,   -5,  -14,  -14,   -5,  -14,
      -5,   -5,   -5,   -5,   -5,   -5,   -5,  -19,    5,    9,   -5,   -5,  -23,    9,   -5,   -5,
      -5,   -9,   -9,   -5,   -5,   -5,    9,   -5,  -14,    5,   -9,  -33,    5,  -37,   -5,   -5,
      -5,   -5,    9,   -5,  -14,   14,  -14,  -14,  -28,    5,   -5,   -5,   -5,   -9,   -9,   -5,
      -5,    5,   -9,   -9,    5,   -9,   -5,   -9,  -14,   -5,   -5,   -5,   -9,   -9,    5,   -9,
     -19,    5,    9,   -9,   -9,  -23,    5,  -14,   -5,   -5,   -5,  -14,   -9,  -14,   -9,    5,
      -9,  -14,    5,   -9,   -9,  -14,   -9,   -9,   -5,   -9,   -9,   -5,   -5,    5,  -14,  -14,
      -9,  -14,   -5,   -5,   -5,  -23,  -14,  -19,  -19,   -9,   -9,   -5,  -14,   -5,   -5,  -14,
      -5,  -14,   -5,   -5,  -19,  -19,   -5,  -28,   -5,   -5,   -5,   -5,   -5,   -5,   -5,   -9,
     -14,  -14,    5,   -5,    9,   -5,   -5,  -23,    9,   -9,   -5,   -5,  -14,   -9,   -5,    5,
      -9,    5,   -5,   -5,    5,  -14,   -5,   -9,   -9,   -5,   -5,   -9,    9,
};

static const EpdFontData edslab_14_italic = {
    edslab_14_italicBitmaps,
    edslab_14_italicGlyphs,
    edslab_14_italicIntervals,
    55,
    36,
    27,
    -9,
    true,
    edslab_14_italicGroups,
    11,
    nullptr,
    nullptr,  // kernLeftClasses: built-in fonts use the split arrays below
    nullptr,  // kernRightClasses
    edslab_14_italicKernLeftCodepoints,
    edslab_14_italicKernLeftClassIds,
    edslab_14_italicKernRightCodepoints,
    edslab_14_italicKernRightClassIds,
    nullptr,  // kernMatrix: built-in fonts use the sparse form below
    edslab_14_italicKernRowOffsets,
    edslab_14_italicKernSparseCols,
    edslab_14_italicKernSparseValues,
    129,
    129,
    129,
    129,
    nullptr,
    0,
};
