/**
 * generated by fontconvert.py
 * name: edslab_14_regular
 * size: 14
 * mode: 2-bit  compressed: true
 * Command used: fontconvert.py edslab_14_regular 14 ../builtinFonts/source/EdsLab/EdsLab-Regular.ttf --2bit --compress --pnum --zopfli
 */
#pragma once
#include "EpdFontData.h"

static const uint8_t edslab_14_regularBitmaps[12547] = {
    0xAD, 0x99, 0x01, 0xA4, 0x25, 0x4B, 0x7A, 0x80, 0xBF, 0xEE, 0x4A, 0x6E, 0xDB, 0x6D, 0xFB, 0x6A,
    0xB0, 0xB1, 0x1B, 0xE3, 0x6D, 0x3F, 0x04, 0x4B, 0xD6, 0x34, 0x04, 0x83, 0x7B, 0x4E, 0x77, 0x12,
    0x2C, 0x02, 0x41, 0x80, 0xC5, 0x0B, 0x16, 0x80, 0x1B, 0x2C, 0x06, 0x7D, 0xEE, 0xE9, 0x08, 0x00,
    0x72, 0x03, 0x00, 0x3C, 0x00, 0x82, 0x3C, 0x3C, 0xDC, 0x8D, 0x73, 0xE7, 0x14, 0x41, 0x00, 0xA9,
    0x15, 0x91, 0x10, 0x6C, 0x8B, 0x2B, 0x44, 0xB0, 0x85, 0x0A, 0x3D, 0x6F, 0xFB, 0x9C, 0x3F, 0xF5,
    0xD7, 0xBD, 0xC7, 0x9C, 0x79, 0xF3, 0x32, 0x6F, 0xC6, 0xA6, 0xBA, 0xFE, 0xAF, 0xAA, 0xAB, 0xFE,
    0xFA, 0xAB, 0xFE, 0x53, 0xFD, 0x57, 0xF7, 0x75, 0x87, 0xAF, 0x24, 0x6E, 0x97, 0xDB, 0x78, 0x96,
    0xA8, 0x5C, 0x19, 0xA8, 0x47, 0x33, 0x61, 0x7B, 0xE3, 0xB1, 0xA9, 0x81, 0x86, 0xDA, 0x75, 0x92,
    0x52, 0x06, 0x2B, 0x1A, 0x18, 0x68, 0xE1, 0x96, 0x35, 0x44, 0x56, 0x10, 0x18, 0xD0, 0xCE, 0x25,
    0xC3, 0x4C, 0x44, 0x8C, 0x2F, 0xC2, 0xA3, 0x39, 0x57, 0x4E, 0xD8, 0xD1, 0xF8, 0x6C, 0x13, 0xBE,
    0x22, 0xC5, 0xFE, 0xD8, 0x5B, 0x91, 0xD0, 0xF9, 0x8B, 0xF9, 0x1A, 0x86, 0x01, 0x2E, 0x93, 0x7C,
    0xF7, 0x12, 0x68, 0x81, 0xFA, 0x1E, 0x0A, 0x49, 0xB8, 0xD8, 0x7B, 0x28, 0x67, 0x60, 0x05, 0x34,
    0xBF, 0x97, 0xE4, 0x05, 0xB4, 0x03, 0x74, 0xDD, 0xCD, 0xC5, 0xA1, 0x11, 0x99, 0x4B, 0x91, 0xF1,
    0x0D, 0xFB, 0xE5, 0x48, 0x75, 0xE4, 0x62, 0x84, 0x4E, 0x9C, 0x75, 0xF0, 0xB2, 0x0A, 0x76, 0x84,
    0xB9, 0x08, 0x2D, 0x10, 0x89, 0x6B, 0xF2, 0xDD, 0x06, 0xB8, 0xAB, 0xC2, 0x42, 0xD6, 0x8C, 0x40,
    0x7D, 0x2C, 0x03, 0x00, 0x66, 0x52, 0x52, 0xB9, 0xFD, 0x04, 0xD8, 0x7F, 0x90, 0x45, 0x8B, 0x1F,
    0x4F, 0xD7, 0x40, 0x6B, 0xC7, 0x06, 0x58, 0xDB, 0xDE, 0xF6, 0x30, 0xA4, 0x02, 0x58, 0x72, 0x63,
    0x11, 0x2B, 0x55, 0x29, 0x43, 0xA9, 0x03, 0xCA, 0x1B, 0xB6, 0x13, 0xB4, 0x5F, 0x02, 0x22, 0x60,
    0xE2, 0xF7, 0x12, 0x1C, 0x50, 0x29, 0x8C, 0x57, 0x04, 0xA0, 0x98, 0x81, 0xF2, 0x08, 0xD8, 0x4F,
    0x7B, 0x58, 0x55, 0xBE, 0x72, 0x2F, 0xCA, 0x58, 0xB9, 0xC8, 0x4E, 0xD1, 0xD5, 0x63, 0xC4, 0xFE,
    0x13, 0x8B, 0x3A, 0x76, 0x4D, 0xB9, 0xD0, 0xFA, 0xA7, 0x47, 0x6A, 0x91, 0xBF, 0xEB, 0xD9, 0xCF,
    0xD6, 0xC5, 0x9C, 0x28, 0xFA, 0xBC, 0x77, 0x3D, 0x1B, 0x88, 0x98, 0x49, 0xEF, 0x2C, 0x3C, 0x83,
    0x15, 0x0C, 0x70, 0x0B, 0x33, 0xC4, 0x37, 0xF3, 0x6D, 0xCE, 0xBA, 0x03, 0xB0, 0x86, 0x06, 0xEC,
    0xA8, 0x03, 0xCD, 0x94, 0xB5, 0xAF, 0xA1, 0x49, 0xF7, 0x23, 0xF0, 0x49, 0xD6, 0x5C, 0xAB, 0x42,
    0xDE, 0xC4, 0x90, 0xEF, 0x57, 0xE4, 0x31, 0x50, 0x3F, 0x0C, 0x7B, 0xC8, 0x3E, 0xE7, 0x5C, 0xAF,
    0x34, 0x6B, 0xAF, 0xED, 0x69, 0xA0, 0xCD, 0x43, 0x76, 0x3A, 0xBC, 0xF2, 0x6A, 0xFB, 0x1A, 0x5E,
    0x00, 0x40, 0xD4, 0xFC, 0xE2, 0x7F, 0xA6, 0xAD, 0x4C, 0xB5, 0xF4, 0x29, 0xA7, 0x4A, 0xBA, 0xCD,
    0xED, 0x18, 0xAF, 0x97, 0xA4, 0xF4, 0x50, 0x1B, 0x0E, 0x87, 0xCB, 0xE7, 0x7F, 0x01, 0x68, 0x53,
    0x7A, 0xA6, 0xE1, 0x09, 0xFC, 0x0C, 0x3E, 0x87, 0x89, 0xC2, 0x53, 0x3E, 0x4C, 0xDE, 0x53, 0x83,
    0x85, 0xEF, 0xC0, 0x8F, 0xB2, 0x8F, 0xCF, 0xB3, 0x4A, 0x20, 0x6B, 0xE5, 0x25, 0x8E, 0x8F, 0x5A,
    0x1F, 0xC1, 0xC7, 0x59, 0xEB, 0x79, 0xF6, 0x95, 0x76, 0xA6, 0x14, 0xE9, 0xEB, 0xD8, 0x4C, 0xCD,
    0x58, 0xC6, 0x0E, 0x96, 0x01, 0x56, 0x3B, 0x58, 0xCF, 0xD0, 0x46, 0x68, 0xCE, 0x45, 0xDB, 0xB4,
    0x4F, 0x75, 0x54, 0x57, 0xC7, 0xE8, 0xD8, 0x22, 0xD9, 0x50, 0x5B, 0xE2, 0xC5, 0x9B, 0x77, 0x5F,
    0xD9, 0x3D, 0xAE, 0x5E, 0x61, 0x44, 0x9C, 0xF5, 0x4D, 0x68, 0x30, 0xB1, 0xA1, 0x58, 0x1A, 0x58,
    0xC8, 0x52, 0xCC, 0x60, 0x02, 0x34, 0x1E, 0xF6, 0x3D, 0xF5, 0x02, 0x7B, 0x8F, 0x39, 0x80, 0xF5,
    0xD0, 0xC2, 0x0F, 0xD7, 0x30, 0xAC, 0x92, 0x74, 0x22, 0x8B, 0x8A, 0x7D, 0x94, 0x1C, 0x48, 0x59,
    0x6B, 0xFB, 0xBA, 0xDA, 0x1E, 0x7B, 0x5A, 0x09, 0xF0, 0xBD, 0x05, 0xD8, 0x00, 0xCF, 0x80, 0xE6,
    0x24, 0xBF, 0x0B, 0xEB, 0x16, 0xEE, 0xEC, 0x7D, 0x35, 0x1B, 0x91, 0x89, 0xAB, 0x23, 0xD0, 0x02,
    0x7B, 0x28, 0x04, 0x8C, 0x80, 0xFD, 0x25, 0x74, 0x0D, 0xDC, 0x35, 0x14, 0x73, 0x43, 0x35, 0x35,
    0x58, 0xD7, 0xD0, 0xD1, 0x70, 0x97, 0x44, 0x8F, 0x07, 0x15, 0x68, 0x78, 0x43, 0x8C, 0x2C, 0x2A,
    0x7A, 0x10, 0x64, 0xE9, 0xE1, 0x2D, 0x91, 0xFB, 0x24, 0xD2, 0x17, 0xB4, 0x1E, 0x72, 0x70, 0xCE,
    0xC0, 0x70, 0x92, 0x4F, 0x60, 0xB7, 0x23, 0xED, 0xCD, 0x4D, 0xA3, 0x36, 0xC6, 0x62, 0x3F, 0x03,
    0x40, 0x2B, 0x3D, 0x22, 0xBE, 0x8A, 0x46, 0x63, 0x3F, 0x36, 0x10, 0x57, 0xF0, 0x64, 0x00, 0x76,
    0xED, 0x2B, 0xFE, 0x3E, 0xE9, 0x8A, 0x7F, 0x3A, 0x1D, 0x29, 0xE2, 0x02, 0xB7, 0x11, 0x06, 0x95,
    0x2F, 0x92, 0x0C, 0x30, 0xAF, 0x29, 0xA3, 0xF5, 0xCD, 0x64, 0x92, 0x1E, 0x57, 0xB3, 0xFA, 0xE0,
    0x54, 0xA0, 0x76, 0x79, 0x65, 0xB4, 0xC0, 0x0A, 0xD8, 0x01, 0x31, 0x2F, 0x0D, 0xE3, 0xDF, 0xBB,
    0x9B, 0xFD, 0x3D, 0x95, 0x1C, 0x69, 0xFC, 0x55, 0xDF, 0x51, 0xBB, 0x15, 0x46, 0xC5, 0xB7, 0x54,
    0xCE, 0xFA, 0xD6, 0x19, 0x11, 0x6A, 0x39, 0xD0, 0xDD, 0x5C, 0xF5, 0x1B, 0x8C, 0x9F, 0x29, 0x42,
    0x04, 0x95, 0xA8, 0xF5, 0xD4, 0x16, 0x52, 0x9F, 0xAB, 0xF5, 0xB7, 0x49, 0xB6, 0x8A, 0xFD, 0x94,
    0xF5, 0xDB, 0xAC, 0x5F, 0xB9, 0x1D, 0xE5, 0xA4, 0xFA, 0x27, 0x99, 0x93, 0xEC, 0x28, 0xE2, 0x1A,
    0x13, 0x9A, 0x9B, 0xAB, 0x50, 0xCB, 0x12, 0x8A, 0xBD, 0x0F, 0x40, 0x78, 0x92, 0x74, 0x5F, 0x60,
    0xDC, 0x40, 0x3D, 0x76, 0x7D, 0x8B, 0x95, 0x03, 0xA5, 0x4C, 0x00, 0xE4, 0xB8, 0x3A, 0xD5, 0x4E,
    0x37, 0x3C, 0x59, 0x96, 0xE1, 0xF9, 0xE7, 0x4F, 0xA0, 0x70, 0xD0, 0x38, 0x8A, 0x03, 0xD8, 0x09,
    0x5E, 0x42, 0x3D, 0xC1, 0x35, 0x59, 0x72, 0x5D, 0xDB, 0x68, 0x26, 0x54, 0x47, 0x75, 0x75, 0x8C,
    0xA4, 0x04, 0xA0, 0xE5, 0x67, 0x59, 0x45, 0x75, 0x4F, 0x2A, 0xFE, 0x54, 0x19, 0x4F, 0xB6, 0x73,
    0xDB, 0xF1, 0xB5, 0x6D, 0x1D, 0x73, 0x21, 0x13, 0xAD, 0x1C, 0x79, 0xD9, 0x5F, 0x8D, 0x33, 0xB5,
    0x8B, 0x18, 0x37, 0x27, 0xF9, 0x73, 0x2A, 0x07, 0x76, 0x24, 0x3F, 0xE4, 0x4B, 0x5E, 0x17, 0x5D,
    0x0F, 0x03, 0x70, 0x7B, 0x26, 0xD9, 0x0F, 0x60, 0x01, 0x0E, 0xC0, 0x0E, 0x00, 0xE0, 0xEA, 0xD8,
    0x03, 0xB5, 0xC8, 0x0C, 0x74, 0xF7, 0xBF, 0xBD, 0xEF, 0xB3, 0x42, 0xED, 0x31, 0x13, 0x10, 0xA9,
    0x47, 0xE0, 0x92, 0x86, 0x76, 0xE6, 0x19, 0x2B, 0xF6, 0x82, 0xE5, 0x92, 0x68, 0x5D, 0xDD, 0xBF,
    0x20, 0x18, 0x57, 0x8D, 0x5F, 0x80, 0xF1, 0xC6, 0x45, 0x5A, 0xC9, 0xC5, 0xF1, 0x27, 0x5A, 0x98,
    0x29, 0x35, 0x8E, 0xB3, 0x71, 0x5A, 0x2C, 0x5A, 0x54, 0xFD, 0xCE, 0xF8, 0x36, 0x58, 0xAE, 0x4B,
    0x99, 0x5F, 0xDD, 0xD1, 0x71, 0x35, 0x6E, 0xE7, 0xEC, 0xFA, 0xC5, 0x98, 0x97, 0x0E, 0x98, 0x59,
    0x09, 0xD2, 0xF3, 0x14, 0x68, 0x8E, 0x7F, 0x7B, 0x04, 0x7D, 0x85, 0xDE, 0x00, 0x46, 0x5C, 0xA6,
    0x07, 0x68, 0x27, 0xE5, 0x3A, 0x28, 0x87, 0x59, 0x39, 0xEF, 0x80, 0x22, 0xAC, 0x40, 0x1F, 0x18,
    0xA0, 0xF2, 0x4D, 0x0F, 0xB5, 0xB3, 0xF9, 0x57, 0xAA, 0x13, 0xDB, 0xBE, 0x9A, 0xA0, 0x13, 0x09,
    0xB0, 0xCD, 0x5E, 0x2F, 0x9A, 0x8B, 0x08, 0xFA, 0x94, 0x41, 0x87, 0x2A, 0xB4, 0xBD, 0x88, 0x46,
    0xEB, 0x89, 0x32, 0x93, 0x20, 0xBD, 0xF1, 0x34, 0x3E, 0xA1, 0x9C, 0x12, 0x8A, 0x70, 0x82, 0x51,
    0xA4, 0x8E, 0xA4, 0x32, 0x2A, 0x54, 0xEF, 0xA9, 0xAA, 0x10, 0x15, 0xB7, 0x8A, 0xE1, 0x04, 0x76,
    0x3A, 0x6C, 0xD6, 0x11, 0x41, 0x1E, 0x43, 0xED, 0x15, 0x5C, 0xC8, 0x0D, 0xEC, 0xE5, 0x80, 0x39,
    0xB0, 0xED, 0xAD, 0xA7, 0x76, 0x6D, 0x8F, 0x71, 0x6B, 0x12, 0x06, 0x28, 0xC7, 0x5B, 0x80, 0xF8,
    0x35, 0xC8, 0x1D, 0x83, 0x62, 0xAD, 0x68, 0x7B, 0x8A, 0xC9, 0x4E, 0x54, 0x93, 0x39, 0xF6, 0x57,
    0x8E, 0xBD, 0x88, 0x9A, 0xBF, 0x47, 0x24, 0x41, 0x99, 0xBF, 0x21, 0xB8, 0x8A, 0xCA, 0x62, 0x51,
    0xD2, 0x65, 0x36, 0xBD, 0xB2, 0x76, 0xCA, 0x2A, 0xD3, 0x3C, 0xD0, 0x9F, 0xF1, 0xAC, 0xB7, 0x1E,
    0x95, 0xB6, 0x57, 0x76, 0xAF, 0xAD, 0x5D, 0x05, 0xF2, 0x2C, 0x67, 0x33, 0xFA, 0x0C, 0xFD, 0xAD,
    0x4E, 0xA0, 0xCC, 0x83, 0x39, 0x83, 0xC8, 0xF2, 0x08, 0x0F, 0x7C, 0x3D, 0x52, 0x7E, 0x8D, 0xD7,
    0x96, 0xFF, 0x7F, 0xE7, 0x38, 0x87, 0xC8, 0x09, 0x39, 0x0E, 0xD9, 0xCB, 0x11, 0x73, 0x48, 0x91,
    0x68, 0x3D, 0x55, 0xDE, 0x23, 0x7F, 0xDA, 0x23, 0xFA, 0xF3, 0x3D, 0xAA, 0x25, 0x3E, 0x02, 0xE2,
    0xAD, 0x62, 0x50, 0xAC, 0x15, 0xBA, 0x47, 0xE1, 0x8D, 0x3D, 0x3A, 0x66, 0xF3, 0x88, 0x60, 0x25,
    0x3C, 0x50, 0xA7, 0x5F, 0xF1, 0x0D, 0x14, 0x91, 0xC3, 0x89, 0xDA, 0xF2, 0x01, 0x3C, 0x9F, 0x4B,
    0x52, 0x7A, 0x9F, 0xF7, 0x75, 0x29, 0x12, 0x55, 0x80, 0xF7, 0x92, 0x9F, 0x26, 0x79, 0x01, 0x41,
    0x65, 0xA0, 0x08, 0x6B, 0xCC, 0xD4, 0xDE, 0xB4, 0x7A, 0x96, 0x53, 0xEC, 0x23, 0x22, 0x46, 0x96,
    0x47, 0x1A, 0xCF, 0x16, 0xE5, 0xA2, 0xAC, 0x82, 0xB2, 0x71, 0xCA, 0x2D, 0x89, 0xBF, 0x58, 0x94,
    0xFF, 0x1E, 0x94, 0x22, 0xCA, 0xE3, 0x95, 0xF6, 0xCE, 0xD5, 0x94, 0x38, 0x95, 0x59, 0x9F, 0x98,
    0x39, 0x67, 0x0E, 0x99, 0xAB, 0x6F, 0x29, 0xBB, 0x16, 0x11, 0x9A, 0x83, 0xB2, 0x8A, 0x4A, 0x14,
    0x59, 0xE3, 0x37, 0xC7, 0x67, 0xAF, 0xCF, 0x03, 0x49, 0xE9, 0x11, 0x13, 0xB0, 0x0F, 0x12, 0xA1,
    0x90, 0x60, 0x16, 0x48, 0x62, 0x04, 0x6C, 0x2A, 0x7E, 0x35, 0xD2, 0xEE, 0x92, 0x3B, 0x9E, 0xEB,
    0x01, 0xF3, 0xCF, 0x81, 0x25, 0x15, 0x7E, 0x31, 0x41, 0x8B, 0x4D, 0xE5, 0xB5, 0x68, 0xED, 0xA8,
    0x85, 0x15, 0xB4, 0x30, 0x4B, 0x2E, 0x8A, 0x98, 0x0B, 0xF8, 0x86, 0x42, 0x04, 0xDD, 0xD8, 0x53,
    0x31, 0x65, 0x46, 0xA5, 0x59, 0xC8, 0x4F, 0x8E, 0x32, 0xAD, 0x43, 0xF9, 0xAF, 0x9E, 0x95, 0xAE,
    0x42, 0xE9, 0xE7, 0xCC, 0x4D, 0x66, 0x9B, 0x69, 0x9D, 0xD2, 0x4C, 0xCA, 0x22, 0x2A, 0xD9, 0x65,
    0x76, 0x99, 0xCD, 0x9D, 0xB2, 0x3E, 0x28, 0x4D, 0xFE, 0x85, 0xC9, 0x64, 0x93, 0x0F, 0x1E, 0xF2,
    0x59, 0xDB, 0xA3, 0x8F, 0xFA, 0x84, 0x9D, 0x28, 0x67, 0xDA, 0x5E, 0x7B, 0xD7, 0x40, 0xCB, 0x00,
    0xD8, 0x1C, 0x3A, 0xF5, 0x18, 0x81, 0xCA, 0xBD, 0xCD, 0x87, 0xDE, 0x07, 0xCD, 0x3C, 0x8A, 0xA6,
    0x87, 0x6B, 0xEA, 0x6C, 0xAD, 0xCC, 0x96, 0xF3, 0x2C, 0x8F, 0x33, 0xBE, 0x71, 0x66, 0x5F, 0xF9,
    0xD3, 0x21, 0x4D, 0x46, 0x3C, 0xD5, 0xCA, 0x37, 0x0F, 0xEE, 0xF9, 0x83, 0xCF, 0x83, 0x7B, 0x60,
    0xFF, 0x75, 0xBE, 0x5D, 0x7F, 0x98, 0x6F, 0x37, 0xEA, 0x5B, 0x11, 0xB3, 0x6F, 0xBB, 0xEC, 0x5B,
    0xBB, 0x51, 0xDF, 0xEC, 0x72, 0xE6, 0xDB, 0x94, 0x67, 0x0C, 0x00, 0xEC, 0x3E, 0x52, 0xAE, 0xAD,
    0xB2, 0x11, 0x65, 0x75, 0x50, 0xF2, 0xA7, 0xEA, 0xF9, 0xD9, 0x29, 0xFF, 0xA9, 0x27, 0x3B, 0xAA,
    0x24, 0x93, 0x78, 0xAA, 0x9F, 0xDA, 0x1B, 0x4F, 0x7E, 0x6D, 0x29, 0x73, 0xE4, 0xD8, 0xF1, 0xF5,
    0x99, 0x5F, 0x4E, 0xCA, 0x22, 0x9C, 0xC7, 0xD5, 0x59, 0x44, 0xD9, 0x53, 0x44, 0xB1, 0x3F, 0xF6,
    0x54, 0x22, 0x01, 0x7B, 0x7F, 0xB1, 0xD0, 0xC2, 0x8A, 0xD5, 0x23, 0x7E, 0x4B, 0x81, 0xBA, 0x05,
    0xF5, 0x3D, 0xC0, 0xFE, 0xBF, 0x80, 0x8B, 0xFD, 0x04, 0x94, 0x0B, 0x40, 0xA7, 0xB0, 0xFC, 0x30,
    0xA1, 0xBF, 0x4C, 0x60, 0xA5, 0x6D, 0xED, 0xCD, 0xC5, 0x31, 0x7F, 0x9E, 0x64, 0xF3, 0xD9, 0xAB,
    0x43, 0x46, 0x64, 0x60, 0x95, 0x11, 0x12, 0x2E, 0x49, 0xE0, 0x37, 0x82, 0x95, 0x90, 0xC1, 0xF9,
    0x9B, 0xFF, 0xF5, 0xDB, 0xED, 0x83, 0x89, 0x99, 0x94, 0x65, 0x62, 0x43, 0x11, 0xA0, 0x85, 0x19,
    0x56, 0xF0, 0x12, 0x16, 0x68, 0xFD, 0xD3, 0x80, 0xBA, 0xE6, 0x80, 0xFD, 0x2B, 0xDE, 0x98, 0xF7,
    0xE1, 0x1B, 0x24, 0x7F, 0x8F, 0x3C, 0x7E, 0x9B, 0x30, 0xC3, 0x2E, 0xE7, 0x6C, 0xA4, 0xCC, 0x06,
    0x8D, 0x1A, 0xEF, 0x1F, 0xBE, 0x01, 0x6D, 0x62, 0xE5, 0x6C, 0x8F, 0x1E, 0xB0, 0x90, 0x34, 0x56,
    0x9C, 0xDE, 0x39, 0xEC, 0x66, 0xE5, 0x2A, 0x28, 0xBB, 0x49, 0xD9, 0x78, 0xA5, 0x0E, 0x92, 0x05,
    0x13, 0xF2, 0xE1, 0x70, 0xAA, 0xD4, 0x23, 0xF5, 0x0C, 0xFA, 0x69, 0x8D, 0x5D, 0x60, 0x87, 0xF1,
    0x58, 0x9D, 0x5A, 0xDD, 0x69, 0x56, 0xD9, 0x9D, 0xC0, 0xBA, 0x55, 0x7D, 0x22, 0xAB, 0x86, 0xCA,
    0xC3, 0xC0, 0x60, 0xFB, 0xDA, 0xC1, 0x25, 0xB7, 0xB5, 0xB3, 0x23, 0x3C, 0x23, 0x56, 0xAE, 0x01,
    0x1A, 0x3D, 0x1B, 0xD7, 0x80, 0xFD, 0xA3, 0xA9, 0x9C, 0x36, 0x40, 0xFD, 0x57, 0xBE, 0x08, 0x3B,
    0xA0, 0xFA, 0x47, 0x47, 0x9C, 0x01, 0xF3, 0xDF, 0x8E, 0x9F, 0x07, 0xA0, 0x94, 0x9E, 0xED, 0x04,
    0x20, 0xD0, 0xF9, 0x53, 0xC5, 0x01, 0x6C, 0xD4, 0x61, 0xE8, 0xC4, 0x89, 0x3C, 0x92, 0x19, 0x9D,
    0x74, 0x93, 0x3B, 0x5A, 0xF2, 0x2C, 0x6E, 0x01, 0xCC, 0x7F, 0x04, 0xA0, 0xF8, 0xB5, 0x07, 0xD8,
    0xF6, 0xCA, 0x8E, 0xD7, 0x75, 0x71, 0x27, 0x1D, 0x6A, 0x37, 0xA3, 0x86, 0x37, 0xC0, 0x9A, 0x16,
    0x58, 0xD4, 0xA6, 0x06, 0xC7, 0xC4, 0x69, 0xA2, 0x47, 0x8A, 0x64, 0x54, 0x53, 0xD2, 0x48, 0x0A,
    0x76, 0x64, 0xA6, 0x83, 0x0D, 0x03, 0xB4, 0xCC, 0xEA, 0x62, 0x50, 0xAF, 0x3C, 0xF9, 0x6C, 0x05,
    0x01, 0xB8, 0xFB, 0x90, 0xE7, 0x4F, 0x64, 0xCC, 0x88, 0xD0, 0x91, 0x70, 0x20, 0x50, 0x46, 0xA0,
    0x9A, 0x80, 0x66, 0x3C, 0x39, 0x92, 0x9D, 0xCC, 0xEB, 0xF7, 0x40, 0x3B, 0x02, 0xD7, 0x6F, 0xB4,
    0x5B, 0x47, 0x39, 0xB6, 0x3D, 0x95, 0xBB, 0x23, 0x41, 0x8D, 0x3E, 0x60, 0x3F, 0x47, 0x3E, 0xFC,
    0xDA, 0xCF, 0x4F, 0xE0, 0x39, 0xFC, 0x08, 0x3E, 0x86, 0x8F, 0xC0, 0x42, 0xD5, 0x63, 0x46, 0x8C,
    0xA3, 0x70, 0x30, 0x41, 0x80, 0xCF, 0xB3, 0xD2, 0x65, 0xD6, 0xFB, 0x4E, 0x56, 0xAA, 0x4F, 0x7A,
    0x65, 0xD2, 0xF3, 0x30, 0x65, 0xA5, 0x9F, 0xC1, 0x27, 0xDB, 0x85, 0xD5, 0x87, 0x5F, 0x69, 0x54,
    0xCD, 0xE3, 0x93, 0xE0, 0xE0, 0xF3, 0x40, 0x31, 0x7D, 0x81, 0x71, 0x97, 0xD4, 0xFD, 0x0F, 0xF8,
    0x28, 0xF1, 0x12, 0xE3, 0xFE, 0x20, 0xAF, 0x09, 0xC9, 0xE9, 0x9A, 0x8E, 0x16, 0xDB, 0xDB, 0xBE,
    0x1A, 0x4B, 0x19, 0xA9, 0x25, 0x60, 0xFF, 0x70, 0xC1, 0x32, 0x00, 0x2B, 0x8A, 0xFD, 0x1D, 0xF6,
    0xCB, 0x3B, 0x3A, 0x56, 0x5C, 0x3E, 0xCA, 0xAA, 0x38, 0xD2, 0xCA, 0xDE, 0xD7, 0xAF, 0x1A, 0x07,
    0x70, 0x00, 0xE4, 0x71, 0x5E, 0xFB, 0x2E, 0xB9, 0x8A, 0x58, 0x11, 0xEC, 0xD4, 0x38, 0xDB, 0x9B,
    0xC9, 0xF6, 0x45, 0xB0, 0x3D, 0x2A, 0x51, 0xCB, 0x7C, 0xEF, 0x52, 0x7B, 0x4C, 0xFD, 0x5B, 0xE9,
    0x6D, 0x3D, 0x53, 0xC8, 0x0D, 0x56, 0x16, 0xBA, 0xF1, 0x9A, 0x0D, 0xCF, 0xB8, 0xE5, 0x5B, 0x44,
    0x38, 0x09, 0xB7, 0xC0, 0x86, 0x8F, 0x69, 0x6F, 0xAE, 0xB3, 0x5E, 0xB1, 0xF7, 0xEF, 0xBD, 0xA2,
    0x62, 0xFF, 0xD7, 0xBD, 0x15, 0xE9, 0xBB, 0x71, 0xDB, 0x6F, 0xF4, 0x6D, 0x94, 0x24, 0x9E, 0xC9,
    0x9C, 0x64, 0x43, 0xDB, 0x77, 0x7F, 0xB9, 0x1F, 0xAD, 0xFC, 0x32, 0x96, 0xF2, 0xE3, 0x50, 0xEC,
    0xC7, 0x5A, 0x42, 0xF3, 0x37, 0xF3, 0x8A, 0x61, 0xE0, 0x72, 0x2B, 0x87, 0x94, 0x07, 0x48, 0x79,
    0xCD, 0xF7, 0x9B, 0x71, 0x57, 0x4B, 0x4C, 0x3A, 0x6C, 0x7D, 0xF9, 0xE5, 0x62, 0xFC, 0x60, 0xFC,
    0x0B, 0xE3, 0xC9, 0x59, 0x03, 0x25, 0x65, 0xAD, 0xBF, 0x33, 0xFF, 0xBE, 0xA3, 0x73, 0x7C, 0x1B,
    0xB8, 0x9A, 0xF4, 0x07, 0x90, 0x85, 0x2A, 0x6E, 0xFF, 0x8D, 0x7C, 0x76, 0xD8, 0xBE, 0x72, 0x67,
    0xC8, 0x6D, 0x26, 0x6E, 0xA1, 0x96, 0x03, 0x34, 0xED, 0x7D, 0x02, 0x24, 0xFC, 0x0B, 0x50, 0x89,
    0xDC, 0x50, 0xFF, 0x4A, 0x66, 0x5A, 0x8A, 0x03, 0x2B, 0x58, 0x73, 0x09, 0x2D, 0xEB, 0x1C, 0xCF,
    0xFE, 0x62, 0xA1, 0x16, 0x09, 0xF9, 0x1D, 0xF2, 0xFE, 0xBB, 0xF8, 0x93, 0x19, 0xBB, 0x97, 0x3E,
    0xEF, 0x92, 0x33, 0xBA, 0x93, 0xFE, 0xFF, 0x12, 0x59, 0xCC, 0x41, 0x16, 0x0E, 0xF5, 0x68, 0x5D,
    0x3D, 0x02, 0x6C, 0xD9, 0xBB, 0xDA, 0x55, 0x6F, 0x5E, 0xDE, 0x2C, 0xC5, 0xCC, 0x2D, 0x4B, 0x12,
    0xA0, 0x5E, 0xEA, 0x85, 0xE1, 0x5D, 0xD7, 0x93, 0xB9, 0x8B, 0xAD, 0x3F, 0x00, 0x08, 0x8F, 0x6B,
    0xC6, 0xBE, 0x07, 0xFE, 0x58, 0xC2, 0x23, 0xFA, 0x83, 0xDE, 0x86, 0x84, 0x4F, 0x5D, 0xC2, 0x7E,
    0x4A, 0x90, 0x39, 0x21, 0xEC, 0x12, 0xC6, 0xB5, 0x8E, 0x68, 0x15, 0xF6, 0x07, 0xC8, 0x52, 0x1F,
    0x13, 0xCA, 0x99, 0x03, 0xC2, 0xA7, 0xBD, 0xFD, 0xE6, 0xEB, 0xC6, 0x46, 0x13, 0x0E, 0xCD, 0x7D,
    0x33, 0x23, 0xFB, 0xC3, 0x56, 0x68, 0xFC, 0x76, 0x6A, 0x47, 0x9B, 0xAE, 0xDA, 0xE5, 0x70, 0x7B,
    0x2F, 0xCA, 0x62, 0x67, 0xB3, 0x28, 0x8B, 0xE5, 0xF0, 0x74, 0x46, 0xB6, 0xD2, 0x37, 0x1F, 0xF0,
    0xC3, 0x6B, 0x38, 0xE4, 0xF0, 0xB9, 0xD9, 0xB2, 0xC1, 0x8E, 0xB7, 0x54, 0x2E, 0x62, 0x54, 0xBC,
    0x96, 0x7A, 0xAF, 0xED, 0x6D, 0xEA, 0xAF, 0x1F, 0xC3, 0xE7, 0x50, 0x9F, 0xCF, 0xF3, 0xF5, 0x61,
    0x9A, 0xC3, 0x57, 0xC3, 0x58, 0x84, 0x1C, 0xD6, 0x3D, 0x6F, 0x89, 0x2C, 0x64, 0x29, 0xE4, 0x4F,
    0xFA, 0x14, 0x3E, 0x1A, 0x46, 0x39, 0x9C, 0xE6, 0xAF, 0x84, 0xD9, 0x6D, 0x0E, 0x33, 0x9B, 0xC3,
    0xD0, 0x8A, 0xE4, 0xB0, 0xE4, 0x1D, 0x16, 0xD3, 0xFA, 0x64, 0x7B, 0x6C, 0x62, 0x6B, 0x5D, 0x63,
    0xFB, 0x6F, 0xD9, 0x9E, 0xAF, 0x64, 0x11, 0xCD, 0xB5, 0x8C, 0x9D, 0x84, 0x55, 0x31, 0x0F, 0xFC,
    0x74, 0x0D, 0xCD, 0x3D, 0x95, 0x8C, 0x3C, 0x8D, 0xB0, 0x7B, 0xCE, 0x6A, 0xC5, 0xD0, 0xCA, 0x5C,
    0xC9, 0xCD, 0xC5, 0xD7, 0x8D, 0x7D, 0xCB, 0xE6, 0x77, 0x6D, 0x7F, 0x99, 0x72, 0xFD, 0x8B, 0xC5,
    0x48, 0x64, 0x7F, 0x23, 0x7D, 0xE7, 0x55, 0xDE, 0xB5, 0x07, 0x76, 0xAC, 0x7D, 0xED, 0xAF, 0x26,
    0x23, 0xBF, 0x3E, 0xB2, 0xF7, 0x07, 0x59, 0xAC, 0xB8, 0x8C, 0xDA, 0x17, 0x33, 0xF9, 0x2F, 0xB3,
    0x32, 0x98, 0x09, 0x62, 0xE5, 0x60, 0x67, 0x47, 0x58, 0x35, 0x40, 0xBB, 0x06, 0x9A, 0x01, 0xB0,
    0x0B, 0x50, 0x45, 0xC0, 0x04, 0x90, 0xC5, 0x84, 0x6C, 0x22, 0x17, 0xB5, 0xAB, 0x67, 0xD4, 0x8C,
    0x5D, 0xB2, 0x21, 0xBB, 0x33, 0x13, 0x45, 0x6C, 0x56, 0x95, 0x87, 0x65, 0xDD, 0x5A, 0x07, 0x9B,
    0x55, 0xD3, 0xF4, 0xB0, 0x1E, 0xEC, 0x15, 0xD0, 0xCC, 0xF5, 0x01, 0xB0, 0xB1, 0x5A, 0x80, 0x3A,
    0x98, 0x39, 0x1B, 0x7E, 0x30, 0xAD, 0x97, 0x5A, 0xEE, 0x60, 0xDE, 0xC1, 0x3A, 0x40, 0xE3, 0xA1,
    0x1E, 0xB5, 0xCC, 0xF7, 0xDA, 0xAE, 0xFD, 0x27, 0x5D, 0x19, 0x75, 0x31, 0x2E, 0xC1, 0x4C, 0x2C,
    0x14, 0x81, 0x19, 0x62, 0x19, 0x40, 0x57, 0xC2, 0x50, 0xE9, 0xB0, 0xDA, 0x41, 0xA3, 0x9E, 0xE5,
    0x15, 0xD4, 0x47, 0xC0, 0x1C, 0x14, 0x0B, 0x50, 0xCC, 0x8A, 0x00, 0xE8, 0x80, 0xEF, 0xAB, 0xEE,
    0xB3, 0x56, 0x27, 0x3C, 0x9E, 0xDC, 0x16, 0x39, 0xA6, 0x1C, 0x39, 0x44, 0x13, 0x3F, 0xAB, 0x3D,
    0x6D, 0xCF, 0x1D, 0x65, 0xA4, 0x9E, 0xBE, 0xDD, 0x8E, 0xCD, 0x4B, 0x1A, 0xC9, 0x89, 0xDF, 0x61,
    0x2E, 0x27, 0xE3, 0xBF, 0x72, 0xB9, 0xCA, 0xB5, 0xDC, 0x51, 0x8F, 0xC6, 0xBD, 0xD5, 0xE7, 0x8B,
    0xC0, 0xE6, 0xB3, 0xF8, 0xAE, 0xF4, 0x67, 0x70, 0xC5, 0xE9, 0xDF, 0x19, 0xFE, 0x75, 0xAE, 0xCE,
    0xB2, 0x99, 0xE0, 0x15, 0x6C, 0x29, 0xC3, 0x5B, 0x5D, 0xE7, 0xD9, 0x61, 0x47, 0x7E, 0x0E, 0x17,
    0x3C, 0x79, 0xF9, 0x9F, 0x61, 0x7C, 0xD6, 0x03, 0xFF, 0x0B, 0xC5, 0x98, 0x0B, 0x68, 0x1C, 0xD7,
    0xD5, 0xC7, 0x7F, 0x33, 0xD7, 0xF1, 0x24, 0x19, 0x4B, 0x57, 0x80, 0x03, 0xF9, 0x88, 0xE4, 0x35,
    0xE0, 0x0F, 0xF4, 0x7D, 0x95, 0x35, 0x02, 0xD4, 0xB2, 0x50, 0xED, 0xCE, 0x75, 0x79, 0x84, 0x77,
    0x0D, 0x34, 0xE5, 0x51, 0xC0, 0x09, 0x94, 0x77, 0x83, 0x94, 0xD6, 0x01, 0x03, 0xBB, 0xDE, 0xEB,
    0x96, 0xF2, 0x0E, 0x51, 0x78, 0xBF, 0x0A, 0x86, 0x52, 0xA0, 0x3C, 0x4D, 0x31, 0x20, 0x40, 0xEE,
    0xDE, 0x52, 0x4A, 0x78, 0x67, 0x42, 0x81, 0x00, 0xA5, 0xCD, 0x34, 0xB8, 0x40, 0x09, 0x90, 0x4B,
    0x3B, 0x98, 0x75, 0x3C, 0xAB, 0xDB, 0x7B, 0xD8, 0xC5, 0x56, 0x1C, 0xDB, 0xA8, 0x6A, 0xB1, 0x66,
    0xCF, 0xF9, 0xE9, 0xCC, 0xDC, 0xF3, 0xF8, 0xEF, 0xCE, 0x1D, 0x7B, 0xD9, 0xBD, 0x76, 0x8F, 0xC1,
    0x63, 0x07, 0x2B, 0x20, 0x9E, 0x7C, 0xBC, 0x8B, 0xFE, 0xAC, 0xA5, 0xFC, 0xC5, 0x75, 0x86, 0x2B,
    0xEB, 0xEC, 0xAD, 0xBC, 0x44, 0xB3, 0x02, 0x73, 0x8F, 0xE7, 0xC4, 0xEB, 0x2B, 0x14, 0xEF, 0x5D,
    0x47, 0xF2, 0x92, 0x0F, 0x2A, 0x90, 0xDA, 0x53, 0xC0, 0xA8, 0x4A, 0xBF, 0x6C, 0x55, 0x35, 0x50,
    0xD5, 0x35, 0x55, 0x31, 0xB3, 0x32, 0xB8, 0x68, 0x12, 0x3F, 0xC9, 0xBE, 0xFF, 0xF3, 0x37, 0xDA,
    0x22, 0x44, 0xFB, 0x86, 0xA3, 0xB4, 0x00, 0x00, 0x5D, 0x34, 0x2B, 0xE3, 0x01, 0xE9, 0xE7, 0x8E,
    0x9C, 0xDB, 0x2C, 0xD2, 0x15, 0x47, 0x73, 0x95, 0xEC, 0x86, 0xE7, 0x4C, 0xB8, 0xCB, 0xD6, 0xFF,
    0xAD, 0x70, 0x9E, 0xD3, 0x84, 0x10, 0x4D, 0x10, 0xF2, 0x1A, 0xED, 0x94, 0xA7, 0x43, 0x32, 0xA1,
    0x0F, 0x77, 0xD8, 0x87, 0x92, 0x06, 0xF4, 0xCF, 0x3C, 0x64, 0x1F, 0x56, 0xA0, 0x82, 0x43, 0xC7,
    0x74, 0x27, 0x70, 0x30, 0xE0, 0xF1, 0xD3, 0x43, 0xD0, 0xC1, 0xCF, 0xD0, 0xCC, 0x0F, 0xE0, 0x61,
    0x9C, 0x1D, 0x98, 0x8B, 0x49, 0xB5, 0xC9, 0xCD, 0x4D, 0xD8, 0x82, 0xCE, 0x81, 0x29, 0x42, 0xB5,
    0x79, 0xDA, 0x6F, 0xE2, 0xB7, 0xD8, 0x28, 0xCD, 0x4E, 0x19, 0xAA, 0x3C, 0x54, 0x70, 0x6B, 0x89,
    0x8D, 0x0D, 0x76, 0xBA, 0x49, 0x95, 0x1F, 0x18, 0x78, 0xC7, 0xBD, 0xE3, 0x60, 0x3C, 0x01, 0xB4,
    0xC9, 0x2D, 0x5C, 0x85, 0x5B, 0x24, 0x0E, 0x96, 0x51, 0x14, 0x77, 0x33, 0x16, 0x68, 0x7A, 0xA9,
    0x5D, 0x56, 0xEE, 0x1C, 0xEE, 0x42, 0x66, 0xFB, 0xDC, 0xDC, 0xD0, 0x66, 0x95, 0x9D, 0x48, 0xD8,
    0xF8, 0x0A, 0x73, 0x97, 0xB0, 0x73, 0x41, 0x55, 0x8A, 0x9B, 0xCB, 0x49, 0xB3, 0x82, 0x5B, 0xA0,
    0xA8, 0x53, 0xAB, 0x80, 0x6C, 0xDE, 0x13, 0xE9, 0x3F, 0x9F, 0x35, 0x9F, 0x0B, 0xBA, 0xE6, 0xE2,
    0x40, 0x56, 0xF3, 0x96, 0xEE, 0x32, 0x1B, 0xCB, 0x74, 0x87, 0x74, 0xDE, 0x37, 0x2F, 0xBC, 0xF1,
    0x3D, 0x8C, 0xC1, 0x39, 0xF5, 0x7B, 0xA7, 0x3F, 0x72, 0xFD, 0x3E, 0xD1, 0x62, 0x10, 0x4F, 0x71,
    0x0E, 0x00, 0x42, 0x38, 0x88, 0x06, 0x3D, 0xE6, 0x76, 0x16, 0x42, 0x3C, 0xE0, 0x15, 0x80, 0x2C,
    0x4C, 0x80, 0xD1, 0xAF, 0xC6, 0x96, 0x74, 0x42, 0xE6, 0xC9, 0x1D, 0xEC, 0xA3, 0xFF, 0xFF, 0xD7,
    0x66, 0x9D, 0x5E, 0x19, 0x26, 0x9A, 0x6B, 0x19, 0xBD, 0xCC, 0xDE, 0xCE, 0x58, 0x50, 0xCE, 0x47,
    0xA6, 0xC2, 0xB5, 0xA4, 0xF2, 0x59, 0xA8, 0x85, 0xCA, 0xA4, 0xD5, 0xAD, 0x2C, 0x75, 0xA9, 0x8B,
    0x39, 0x4E, 0xB9, 0xAD, 0x8C, 0x7F, 0xBC, 0x6E, 0x2F, 0x96, 0x75, 0xA9, 0x63, 0x9F, 0xDD, 0x53,
    0xEB, 0x64, 0xD2, 0x93, 0x44, 0xFA, 0xCF, 0x67, 0xCD, 0xE6, 0xCE, 0x35, 0x10, 0x7C, 0xF0, 0xFF,
    0xC3, 0xB7, 0xCC, 0x5B, 0xF6, 0xDB, 0x9C, 0x22, 0x73, 0xF2, 0x12, 0x8D, 0xB3, 0x48, 0xAA, 0x21,
    0xC8, 0xF9, 0x94, 0xF5, 0x2B, 0xB6, 0xAB, 0xDC, 0x85, 0xC4, 0x91, 0x3A, 0x72, 0xC3, 0x90, 0xAC,
    0xE6, 0x1C, 0x6C, 0x26, 0xEE, 0xDD, 0x37, 0xDC, 0x28, 0xC8, 0xEE, 0x7D, 0xE5, 0x8A, 0x65, 0x1D,
    0x6E, 0x23, 0x9B, 0x36, 0x40, 0x66, 0x49, 0x5C, 0xB4, 0x37, 0x53, 0xD7, 0xBB, 0x62, 0xF2, 0xFB,
    0x2C, 0x77, 0xAF, 0x6A, 0x53, 0x56, 0xE2, 0xC1, 0xA8, 0xA7, 0xBB, 0xCD, 0xAB, 0x07, 0xD5, 0x76,
    0xFD, 0xCF, 0xF0, 0xE0, 0xC0, 0x8F, 0xAB, 0xA9, 0x07, 0x9E, 0xE6, 0xC9, 0x38, 0x4C, 0xF2, 0x10,
    0x26, 0x9D, 0xE8, 0xE5, 0x63, 0x5E, 0x44, 0xD7, 0xD1, 0xD3, 0xE8, 0xD0, 0x6B, 0xFE, 0x1D, 0x5F,
    0x6A, 0xA7, 0x83, 0xDE, 0x35, 0xDF, 0xF2, 0x23, 0x96, 0x1F, 0x7B, 0xBD, 0x6D, 0x82, 0x03, 0xE4,
    0x43, 0xF9, 0x81, 0xE9, 0xA6, 0x6E, 0x27, 0x11, 0xEB, 0xC6, 0x8D, 0x78, 0xC5, 0x64, 0xF7, 0x89,
    0x9B, 0xC3, 0x18, 0x9C, 0xC3, 0x7B, 0xDA, 0x96, 0xA2, 0x10, 0x8B, 0x81, 0xF7, 0x38, 0x07, 0xD0,
    0x02, 0x2C, 0x03, 0x9C, 0x39, 0x0A, 0xBA, 0x82, 0xAB, 0x98, 0x33, 0x78, 0xE5, 0x82, 0xAB, 0xB4,
    0xDC, 0x82, 0x75, 0x87, 0xB2, 0xB7, 0x1D, 0x79, 0x5A, 0x39, 0x16, 0x73, 0xE3, 0x58, 0xBB, 0x88,
    0xA3, 0x5B, 0x06, 0x3F, 0x7B, 0x4C, 0x6A, 0x70, 0xA9, 0x13, 0x58, 0x4A, 0xCF, 0x31, 0xE6, 0x2E,
    0x0B, 0xB6, 0x04, 0xEF, 0x06, 0x13, 0xDC, 0x83, 0x4B, 0x15, 0xC9, 0x5F, 0xD8, 0x41, 0xFD, 0x21,
    0x22, 0x33, 0xDC, 0x42, 0x93, 0x56, 0xAC, 0xD0, 0xB1, 0x6C, 0xD1, 0xC2, 0xED, 0xAC, 0x82, 0x5A,
    0x73, 0x3E, 0x75, 0x0B, 0x6C, 0xA4, 0x56, 0x07, 0x0F, 0x40, 0x19, 0x1C, 0x90, 0x5B, 0x60, 0x1D,
    0x60, 0x0F, 0x48, 0x6A, 0x40, 0x4D, 0x25, 0xDA, 0x36, 0x40, 0x6A, 0x25, 0x74, 0x00, 0x1F, 0xC1,
    0x9B, 0xE9, 0x9F, 0x31, 0xDD, 0x7C, 0xA0, 0x9C, 0x9E, 0xDE, 0xCA, 0x1D, 0xD4, 0xE7, 0xE4, 0x4D,
    0x5F, 0x93, 0x37, 0x5D, 0x3B, 0x72, 0xE5, 0xE4, 0x4D, 0xE3, 0x58, 0xD3, 0xA1, 0xA5, 0x2B, 0x85,
    0x1E, 0x5C, 0x52, 0x09, 0x1C, 0xBA, 0x05, 0x80, 0xCC, 0x81, 0xAE, 0x66, 0x9E, 0x98, 0x87, 0xD7,
    0x1E, 0xBA, 0xB6, 0x50, 0x42, 0x32, 0x85, 0xDC, 0x43, 0x61, 0x60, 0x08, 0x4C, 0x48, 0x4C, 0x43,
    0xE6, 0x1A, 0x94, 0xDB, 0x27, 0x73, 0x23, 0xD3, 0xB1, 0x9D, 0x70, 0x40, 0x1A, 0xEE, 0x02, 0x39,
    0x00, 0xCA, 0x00, 0xCC, 0xC2, 0xE0, 0x10, 0x56, 0x00, 0x45, 0x0D, 0xD0, 0xF7, 0x00, 0x83, 0x09,
    0xC0, 0x64, 0x1F, 0x48, 0x7C, 0x0F, 0x50, 0xBE, 0x04, 0xB2, 0xAA, 0x63, 0x20, 0x77, 0xDA, 0x89,
    0x82, 0xDC, 0xC9, 0xE0, 0xAC, 0x86, 0x32, 0x04, 0x0F, 0x23, 0xD9, 0xAB, 0xB4, 0x62, 0x49, 0x03,
    0x43, 0x94, 0x87, 0x12, 0x49, 0x28, 0x4C, 0x08, 0xA8, 0xD0, 0xCE, 0x08, 0xCA, 0x42, 0x24, 0x00,
    0xF9, 0x89, 0x2A, 0xC9, 0x0C, 0xC0, 0xB2, 0x03, 0x58, 0x5A, 0x3A, 0x49, 0x25, 0x67, 0xCF, 0x02,
    0x5C, 0x5F, 0x05, 0xF8, 0x65, 0x03, 0x70, 0xA9, 0x3E, 0x49, 0x3D, 0xCB, 0xBB, 0x10, 0x79, 0xA2,
    0x1A, 0x00, 0x20, 0xB7, 0x00, 0x2F, 0xEE, 0x3E, 0x62, 0x66, 0x4F, 0x4E, 0x95, 0xCC, 0x8D, 0x25,
    0x12, 0x84, 0x6A, 0x16, 0x50, 0x78, 0x06, 0x88, 0xF5, 0x1B, 0xA1, 0xD8, 0xBE, 0x70, 0x15, 0x26,
    0x43, 0x09, 0x44, 0x49, 0x29, 0x81, 0x88, 0x29, 0xE6, 0x41, 0xA5, 0x6D, 0x9C, 0xEA, 0x10, 0x49,
    0x12, 0xA0, 0x6D, 0x56, 0x0F, 0x40, 0x26, 0x2A, 0x2F, 0x81, 0x68, 0x9B, 0x48, 0x20, 0xF2, 0x5A,
    0x09, 0x68, 0x61, 0x2A, 0x81, 0x88, 0x1C, 0xC9, 0x08, 0x25, 0x3A, 0xF7, 0x61, 0xA0, 0x6A, 0xE8,
    0xB4, 0x30, 0x08, 0x81, 0x34, 0x88, 0xB0, 0x87, 0x01, 0xA7, 0xC3, 0x2E, 0x8C, 0xC3, 0x14, 0x35,
    0x65, 0x64, 0x74, 0x45, 0xEE, 0x0A, 0x83, 0x72, 0x7D, 0x22, 0x06, 0x90, 0xDA, 0x3D, 0x80, 0xE6,
    0x09, 0x90, 0x05, 0x06, 0x00, 0xFD, 0x99, 0x34, 0x92, 0x5A, 0xD7, 0x64, 0xB5, 0x3A, 0x30, 0xDB,
    0x8E, 0x71, 0x08, 0xC4, 0xF6, 0x77, 0xE7, 0xE9, 0x89, 0x07, 0x52, 0xC7, 0x1C, 0xD4, 0x00, 0x80,
    0xC8, 0xA8, 0x82, 0x40, 0x55, 0xA8, 0x87, 0x48, 0x6D, 0x04, 0x1C, 0x82, 0xA8, 0x9D, 0xA1, 0x82,
    0xA7, 0x20, 0xDA, 0x23, 0x3C, 0xEA, 0x0C, 0x1E, 0xA0, 0x42, 0x86, 0x3F, 0xA7, 0x91, 0x49, 0x0D,
    0x64, 0x5D, 0xE0, 0xD4, 0xA9, 0xE7, 0x34, 0xF2, 0xF4, 0x2A, 0x90, 0xAF, 0x3D, 0x9F, 0x69, 0xCA,
    0x26, 0x0E, 0x24, 0x54, 0xD5, 0xB3, 0x5F, 0x92, 0x93, 0x54, 0xA9, 0x53, 0xF6, 0xA8, 0xD9, 0xCA,
    0x2D, 0xEE, 0x9C, 0x3D, 0x75, 0xD4, 0xEC, 0x85, 0xCD, 0x85, 0xCD, 0xA3, 0xE6, 0x16, 0x21, 0x7C,
    0x09, 0x91, 0xA1, 0x86, 0x86, 0xD7, 0xA6, 0x42, 0x46, 0x42, 0xB4, 0x13, 0x66, 0x95, 0x50, 0x79,
    0x61, 0x22, 0x04, 0x3F, 0x12, 0x36, 0x33, 0x22, 0x3C, 0xB4, 0x9A, 0x0A, 0x51, 0xD5, 0xA3, 0x0E,
    0x25, 0x91, 0xA7, 0xA7, 0xB3, 0x29, 0xC2, 0xFB, 0x00, 0x4B, 0x67, 0x01, 0xA6, 0x9B, 0x40, 0xFA,
    0xA1, 0x07, 0x92, 0x4B, 0x06, 0x42, 0x8D, 0x0E, 0x3E, 0x34, 0x42, 0xD5, 0x42, 0x0F, 0x15, 0x10,
    0x7E, 0x61, 0x85, 0x9F, 0x54, 0xC2, 0x3F, 0x7A, 0x61, 0x35, 0x41, 0x38, 0x44, 0x58, 0x20, 0xD4,
    0x4E, 0xA8, 0x6A, 0x61, 0xD2, 0x08, 0xD9, 0x17, 0x52, 0x0A, 0xE9, 0xDC, 0x11, 0xE6, 0x53, 0xA1,
    0x9A, 0x12, 0x02, 0xCC, 0x38, 0x04, 0x44, 0x0E, 0xAC, 0x01, 0xB0, 0x02, 0x80, 0x86, 0xF9, 0x03,
    0xCB, 0x28, 0x04, 0x83, 0x3C, 0xC6, 0x35, 0xBA, 0x26, 0x9D, 0xCC, 0xBF, 0x47, 0xF4, 0x81, 0x82,
    0x01, 0xA0, 0xCD, 0x1E, 0x90, 0xDB, 0x06, 0xC8, 0xDC, 0xD7, 0x39, 0x5B, 0x9D, 0x65, 0xCE, 0xAA,
    0x3A, 0x06, 0xAE, 0x93, 0x4B, 0x37, 0x52, 0xE9, 0x3C, 0x9F, 0x32, 0x9F, 0xC8, 0x0B, 0x00, 0x2C,
    0x1E, 0xD2, 0xB3, 0x75, 0xA2, 0x7A, 0x5E, 0x04, 0xA0, 0x04, 0xE0, 0x27, 0x06, 0xE0, 0x63, 0x77,
    0x82, 0x7A, 0x12, 0xBF, 0x09, 0xA8, 0x76, 0x47, 0x78, 0xC5, 0x03, 0x59, 0x56, 0x09, 0x4F, 0x48,
    0x0F, 0x1F, 0x58, 0x80, 0xCF, 0x4E, 0xF2, 0x33, 0x81, 0x2D, 0x4D, 0x39, 0x42, 0xB7, 0x64, 0x4D,
    0x64, 0x8C, 0xE5, 0xCA, 0xE1, 0x83, 0x97, 0x91, 0xE4, 0xC2, 0x48, 0xE1, 0x14, 0x91, 0x37, 0x11,
    0x79, 0x99, 0xC8, 0xA3, 0x33, 0xA5, 0x0F, 0xA5, 0xC8, 0xA3, 0x15, 0x79, 0xCA, 0x8B, 0x3C, 0x5D,
    0x89, 0xA4, 0xC2, 0x08, 0xEF, 0x10, 0x99, 0x4C, 0x44, 0x5E, 0x56, 0x8B, 0xBC, 0x8E, 0x15, 0x79,
    0x25, 0x22, 0xAF, 0x15, 0x79, 0xDA, 0x8B, 0x3C, 0x2D, 0xF2, 0x28, 0xC6, 0x22, 0x6F, 0x28, 0xF2,
    0x58, 0xE5, 0xEB, 0x47, 0x0E, 0x80, 0xB2, 0x00, 0x00, 0x87, 0xBF, 0x3E, 0xA8, 0x0A, 0xB4, 0x39,
    0x16, 0x51, 0xB5, 0x30, 0x8D, 0xEC, 0x90, 0x78, 0x28, 0x60, 0x02, 0x3D, 0xF8, 0x2D, 0xB4, 0x50,
    0x54, 0xAF, 0x79, 0xC8, 0x43, 0x70, 0xC0, 0xF8, 0x3E, 0x40, 0x62, 0x1E, 0x29, 0xC9, 0x00, 0xD0,
    0xFF, 0x7D, 0x3D, 0xFE, 0x90, 0x9E, 0x16, 0x86, 0x30, 0x26, 0x11, 0x3D, 0x7F, 0xDF, 0x7E, 0x5C,
    0x4F, 0x0A, 0x80, 0x76, 0x00, 0xAB, 0x37, 0x01, 0x96, 0x96, 0x4E, 0xF2, 0xF3, 0x11, 0x0D, 0xC2,
    0x93, 0xD4, 0xB0, 0x06, 0xD0, 0x05, 0xB8, 0xCA, 0xA1, 0x1F, 0xBB, 0x64, 0x1F, 0xBA, 0xD4, 0xA3,
    0x2D, 0x13, 0x4A, 0x18, 0x32, 0x80, 0x82, 0x09, 0xE8, 0xEF, 0x3C, 0xFC, 0xB1, 0xEB, 0x0B, 0x0B,
    0x04, 0x80, 0x3B, 0x00, 0x83, 0x67, 0x41, 0x07, 0x3F, 0xC3, 0x12, 0xB0, 0xF1, 0x98, 0x7F, 0x14,
    0x76, 0x59, 0x4E, 0xF6, 0x59, 0x23, 0x8F, 0xAE, 0xCC, 0x1A, 0x89, 0x5B, 0x83, 0xB9, 0x4B, 0x9C,
    0xDA, 0x35, 0x32, 0xD6, 0x78, 0x3B, 0xE6, 0xD6, 0x5F, 0xAB, 0x07, 0x68, 0xF6, 0x78, 0x10, 0x4C,
    0xF8, 0xD4, 0x05, 0x55, 0x89, 0xBD, 0x5E, 0x85, 0x60, 0xEF, 0x1D, 0x70, 0x2F, 0xD8, 0x10, 0xEA,
    0xF0, 0xF9, 0x24, 0x24, 0xED, 0x01, 0x62, 0x31, 0x08, 0x5F, 0x34, 0xF1, 0xE2, 0xBD, 0x60, 0x1A,
    0x60, 0x11, 0xC8, 0x00, 0x20, 0x0D, 0x96, 0x3C, 0x78, 0xF4, 0xA5, 0x16, 0xCD, 0x00, 0xE8, 0x91,
    0x8C, 0xEF, 0xA0, 0xBF, 0xBC, 0x43, 0x49, 0x8F, 0xAD, 0xB9, 0xF7, 0x92, 0x03, 0x8A, 0x30, 0xAE,
    0xF2, 0xFB, 0x1D, 0x07, 0x40, 0x66, 0x40, 0x03, 0x0B, 0xC7, 0xEF, 0x81, 0x06, 0xBE, 0xE9, 0xE0,
    0xF2, 0xE5, 0xE3, 0xF7, 0xD8, 0x5B, 0x25, 0x39, 0xE8, 0xCA, 0xFF, 0xFE, 0xA4, 0x37, 0x76, 0x8F,
    0xDF, 0x07, 0x60, 0xB3, 0x82, 0xF3, 0xF6, 0x3F, 0xEB, 0xD1, 0x31, 0xB0, 0xE1, 0xE0, 0x7F, 0x1D,
    0xBC, 0xCC, 0x71, 0x7B, 0x49, 0x5D, 0x32, 0xB6, 0x3A, 0xF8, 0x58, 0x1C, 0x6B, 0x8B, 0x1B, 0x93,
    0x45, 0x06, 0x3D, 0x06, 0xD0, 0x1B, 0xB0, 0x95, 0x86, 0xE9, 0x38, 0x4C, 0xF5, 0xDF, 0x86, 0x91,
    0x7D, 0x7A, 0xFB, 0x48, 0x8F, 0x81, 0x70, 0xD8, 0xE7, 0xD5, 0x7E, 0x7A, 0xB0, 0x6D, 0xF7, 0x63,
    0xB7, 0x3F, 0x85, 0x26, 0x9B, 0xE8, 0xDF, 0x05, 0x0B, 0x00, 0x49, 0xD8, 0x45, 0x87, 0x96, 0xD2,
    0x5E, 0x67, 0xC8, 0x3A, 0x7B, 0xBC, 0x44, 0x03, 0x0F, 0x7D, 0x0F, 0x18, 0xB2, 0x42, 0xB1, 0x7B,
    0x5D, 0xF2, 0xA2, 0xCE, 0x0A, 0xFA, 0xC0, 0x16, 0xB0, 0x03, 0x74, 0x61, 0x0D, 0x20, 0x2A, 0x8B,
    0xB2, 0x3A, 0x1F, 0x4C, 0xA2, 0xA0, 0xA8, 0x66, 0x14, 0xA6, 0xD1, 0x06, 0x10, 0x2D, 0x8E, 0xEF,
    0xD8, 0xFD, 0x3C, 0x34, 0x31, 0x87, 0x15, 0x29, 0x65, 0xF3, 0xC8, 0xF9, 0x5B, 0xF0, 0x89, 0x7C,
    0x83, 0x3B, 0x6A, 0x3E, 0x31, 0xDF, 0xF0, 0xD3, 0xA3, 0xF6, 0x5F, 0x24, 0x33, 0x30, 0x25, 0xD0,
    0x31, 0xFA, 0xAB, 0x2F, 0xAB, 0x1B, 0xE5, 0x95, 0xC9, 0x59, 0x7C, 0xC6, 0xBA, 0x36, 0xAB, 0x6E,
    0x69, 0xE9, 0xE9, 0xEB, 0xD0, 0xAD, 0x2E, 0xEC, 0x3E, 0x6B, 0x7D, 0x0A, 0x04, 0xE0, 0xDC, 0x2B,
    0x70, 0x66, 0x0C, 0xDA, 0x3C, 0xC9, 0x93, 0xF1, 0xFB, 0x46, 0x87, 0x60, 0x4A, 0x3B, 0x32, 0x43,
    0xB4, 0xD9, 0x8B, 0xDE, 0x1C, 0xF2, 0x49, 0xF4, 0x21, 0x85, 0x29, 0x6F, 0xC8, 0x0E, 0xF9, 0xB4,
    0x49, 0xC3, 0xEB, 0x9E, 0xFE, 0x22, 0x8C, 0xDF, 0x83, 0xBF, 0xB6, 0x50, 0xFD, 0x90, 0xE9, 0x6B,
    0x13, 0xC2, 0x28, 0x98, 0x4E, 0xD3, 0x71, 0xDA, 0x29, 0x27, 0xFF, 0x5E, 0x3E, 0xCD, 0x43, 0xAB,
    0xA6, 0xA1, 0x65, 0xCA, 0x1A, 0xA0, 0x01, 0x90, 0x7B, 0x3F, 0xDB, 0x2B, 0xBB, 0x23, 0x86, 0x68,
    0xBB, 0x37, 0xFB, 0x99, 0x4B, 0xBC, 0x92, 0xBF, 0x72, 0x2E, 0xD7, 0x8B, 0xB8, 0x9E, 0xCF, 0xF7,
    0x0A, 0x1A, 0x58, 0x00, 0xD6, 0x8E, 0x59, 0x7F, 0x0E, 0xF8, 0xB1, 0x05, 0x63, 0x8E, 0x57, 0x7F,
    0xF9, 0x3C, 0x69, 0xBB, 0x89, 0xFA, 0xAE, 0x27, 0x4D, 0x8E, 0xD9, 0x03, 0xE0, 0x37, 0x0E, 0xDE,
    0xB2, 0xC7, 0xAC, 0x57, 0x2E, 0xB5, 0x10, 0xE2, 0x21, 0xB1, 0x72, 0x00, 0x00, 0xDC, 0x62, 0xFB,
    0x9E, 0x57, 0x21, 0x38, 0x7D, 0xB7, 0x74, 0x1D, 0x33, 0xAA, 0xD7, 0xB9, 0xEF, 0x7B, 0xAA, 0xF6,
    0x3D, 0x6D, 0x9B, 0x5E, 0x89, 0x2F, 0xDA, 0xC4, 0x77, 0xBC, 0xAA, 0x75, 0xBC, 0x67, 0x9D, 0x10,
    0x18, 0x6E, 0x37, 0x6C, 0x02, 0x00, 0xE4, 0xC0, 0xBC, 0x59, 0x30, 0x65, 0x25, 0xFE, 0xAC, 0x7B,
    0xAA, 0x6D, 0x5E, 0xE5, 0xD5, 0x76, 0xAD, 0xC2, 0x83, 0x03, 0xC6, 0xD5, 0x54, 0x6A, 0xC9, 0x0C,
    0xBC, 0xC0, 0xD1, 0xEB, 0xEF, 0x1E, 0xAA, 0xCF, 0x1D, 0x2C, 0xDF, 0x84, 0xA5, 0xA5, 0xE3, 0xD5,
    0xB3, 0x04, 0x5B, 0xB7, 0xE0, 0xD4, 0xD2, 0xF1, 0xF4, 0x53, 0x03, 0xA9, 0x03, 0x94, 0x85, 0x60,
    0x75, 0x70, 0xC1, 0x45, 0xA8, 0x9A, 0x96, 0xC4, 0x33, 0x81, 0x26, 0xF5, 0xB0, 0xAF, 0x6A, 0x18,
    0x64, 0x15, 0xF4, 0x45, 0x72, 0x47, 0x5B, 0xD0, 0xDB, 0x40, 0x7E, 0x00, 0xA8, 0xA9, 0xA0, 0x05,
    0x92, 0x89, 0xC0, 0x03, 0x52, 0xF0, 0xAA, 0xE4, 0xAE, 0x17, 0x16, 0x3A, 0x92, 0x96, 0x35, 0x3C,
    0x7A, 0x58, 0x3B, 0x06, 0xF4, 0xB3, 0x7C, 0xBB, 0x41, 0x87, 0x80, 0xAE, 0x3B, 0xF2, 0x98, 0xD5,
    0xDA, 0x24, 0x5E, 0x1B, 0xC4, 0x9B, 0xD9, 0xDF, 0x78, 0xEE, 0x66, 0xB7, 0x55, 0x8F, 0x82, 0xD1,
    0xF9, 0x84, 0x06, 0x9E, 0xE8, 0x97, 0x41, 0x3E, 0x22, 0x60, 0xB1, 0x8B, 0x44, 0xCF, 0xE7, 0xAD,
    0xFE, 0x0B, 0xC5, 0x9A, 0x01, 0x84, 0x25, 0x5B, 0x7A, 0xC7, 0x7F, 0x55, 0x67, 0x66, 0x2A, 0x6F,
    0xEB, 0x75, 0x9F, 0x41, 0x0F, 0x2F, 0x3B, 0x6F, 0xA6, 0x16, 0x8B, 0x97, 0x18, 0x53, 0x0F, 0x43,
    0x26, 0xAB, 0x6F, 0xD7, 0x99, 0xF7, 0x48, 0x00, 0x69, 0xF1, 0x5E, 0x60, 0xF1, 0x82, 0x45, 0xAC,
    0xD0, 0x8D, 0x15, 0x2B, 0x6E, 0xCF, 0xAD, 0xCD, 0x06, 0x80, 0x74, 0x22, 0x80, 0xA0, 0x03, 0xC2,
    0x26, 0x89, 0x21, 0x21, 0x1D, 0x7A, 0xDE, 0xAD, 0x78, 0x78, 0x40, 0x9C, 0xF5, 0x6C, 0x12, 0x89,
    0xD8, 0xC2, 0xC0, 0x7A, 0x78, 0x87, 0x14, 0xA9, 0xD9, 0xD4, 0xBD, 0x27, 0xF5, 0x9D, 0x2E, 0x7D,
    0x6F, 0xCF, 0xCC, 0xF4, 0x74, 0x77, 0xD6, 0xED, 0xAA, 0x73, 0x7E, 0x5D, 0x5D, 0x75, 0xEE, 0x57,
    0xFF, 0xFF, 0x77, 0xBA, 0xEB, 0x9E, 0x73, 0xEE, 0x85, 0x5B, 0xDB, 0x00, 0x85, 0x3B, 0xA1, 0xF2,
    0x55, 0xA0, 0x05, 0xC8, 0x6B, 0xE1, 0x96, 0x13, 0x8E, 0x5B, 0x61, 0x7B, 0x04, 0x44, 0x6E, 0x04,
    0x28, 0x57, 0x00, 0x89, 0xCD, 0x0C, 0xA4, 0x95, 0xAE, 0x40, 0x97, 0x69, 0xCF, 0xDC, 0x24, 0x35,
    0x14, 0xDE, 0x3B, 0x98, 0x78, 0xDF, 0x42, 0x27, 0x25, 0x6A, 0x60, 0x0F, 0xE5, 0xA0, 0x40, 0x1A,
    0xE4, 0xC6, 0x7B, 0x94, 0xEF, 0x8E, 0x19, 0x84, 0x4C, 0x1C, 0x7C, 0xF7, 0x80, 0xD8, 0x97, 0xA4,
    0xDE, 0xA1, 0x1F, 0x75, 0x68, 0xC6, 0xC0, 0x88, 0x68, 0xFA, 0x14, 0xFD, 0xF3, 0xA7, 0x14, 0x8C,
    0xD8, 0x1C, 0xEA, 0x28, 0x9A, 0x93, 0xFB, 0xA9, 0x4D, 0x9F, 0x67, 0x15, 0x00, 0xDC, 0xBC, 0x29,
    0x7C, 0xB0, 0xBB, 0xF0, 0xA4, 0xAB, 0x2B, 0xF4, 0x64, 0x6E, 0x42, 0xBD, 0x0B, 0x53, 0x07, 0x79,
    0x79, 0x79, 0x5F, 0xE7, 0xD3, 0xBF, 0xF5, 0x3A, 0xFD, 0x36, 0xE8, 0x77, 0xAF, 0xD1, 0xFF, 0x78,
    0x49, 0x7F, 0x56, 0x9E, 0xD2, 0x0F, 0xF0, 0x7E, 0xE0, 0x7B, 0x81, 0x87, 0x81, 0xC1, 0x87, 0x1E,
    0x7C, 0xAC, 0x0F, 0x3E, 0x62, 0x3F, 0x23, 0xFB, 0xC9, 0x1E, 0xA3, 0x13, 0x1F, 0xBD, 0xA7, 0x6F,
    0xFB, 0x03, 0x3D, 0xCF, 0x5D, 0xB4, 0x2D, 0x42, 0x90, 0x7A, 0x00, 0xAA, 0x1E, 0xFA, 0x4A, 0xF0,
    0x44, 0xE0, 0x80, 0xC8, 0x02, 0x37, 0xFC, 0x3E, 0x4C, 0xFD, 0x0C, 0x35, 0x63, 0x62, 0xB4, 0x25,
    0xAD, 0x72, 0x83, 0xAA, 0xB6, 0xE8, 0x31, 0x86, 0xB8, 0x0C, 0x0A, 0x9A, 0x57, 0x20, 0x5C, 0x18,
    0x0B, 0xB6, 0x40, 0xFC, 0x12, 0xD5, 0xBA, 0x26, 0xA9, 0xD5, 0xDC, 0xEC, 0x54, 0x4C, 0xBD, 0x97,
    0xF0, 0xCF, 0xE0, 0x0E, 0xB0, 0x09, 0x3C, 0x84, 0xC8, 0xEF, 0xA3, 0x7D, 0x47, 0x51, 0x3E, 0x66,
    0x8F, 0xFB, 0x1C, 0xF2, 0x16, 0x0D, 0x9C, 0x54, 0x89, 0xB9, 0xC7, 0x1D, 0xF2, 0xFD, 0xC7, 0xA1,
    0x5D, 0x34, 0xB5, 0x83, 0xDA, 0xF8, 0x6F, 0x80, 0x64, 0x1D, 0x80, 0x15, 0xE9, 0xDE, 0x00, 0x1E,
    0x03, 0x5F, 0x18, 0x22, 0x63, 0x2E, 0xA9, 0x1D, 0x06, 0x03, 0x6C, 0xAF, 0x48, 0x36, 0x43, 0xBA,
    0x37, 0xB8, 0x9C, 0xE4, 0x64, 0x0D, 0x88, 0x5B, 0x00, 0xB7, 0xCA, 0x74, 0x3F, 0x32, 0xF0, 0x57,
    0x83, 0x76, 0x2E, 0xA9, 0x9D, 0x6D, 0x03, 0xF0, 0x6B, 0xA5, 0x70, 0x5D, 0xC0, 0x35, 0xC0, 0x7B,
    0xFF, 0x2C, 0xD0, 0x97, 0x28, 0xCB, 0x4E, 0x23, 0x8C, 0x3A, 0x21, 0x45, 0x60, 0x66, 0x84, 0x69,
    0x25, 0x4C, 0x02, 0xD5, 0x31, 0xED, 0x12, 0x97, 0xAE, 0xA6, 0xA5, 0x50, 0x1B, 0x61, 0xB1, 0x88,
    0xB6, 0xE3, 0x08, 0x77, 0x19, 0xEE, 0x08, 0x33, 0x81, 0x17, 0x64, 0x06, 0xD0, 0xC6, 0xF4, 0x78,
    0x54, 0x31, 0xE0, 0x83, 0x80, 0x92, 0x01, 0x1F, 0x96, 0xD1, 0xF4, 0x4F, 0x0C, 0xDA, 0x7B, 0x43,
    0x51, 0x4E, 0x0C, 0x7B, 0x68, 0xC3, 0xA1, 0xA0, 0x39, 0x8D, 0x56, 0xB0, 0x47, 0x6E, 0x28, 0x7E,
    0x30, 0x2D, 0xD1, 0xFE, 0xA7, 0x0D, 0xB1, 0xFF, 0x4D, 0x47, 0xEE, 0xFD, 0xCF, 0x11, 0xFA, 0x1A,
    0x1A, 0x6E, 0xCF, 0x84, 0x4C, 0x02, 0x75, 0x25, 0x4C, 0xAC, 0x50, 0x39, 0x61, 0x14, 0x88, 0x9B,
    0x08, 0x9B, 0x63, 0x22, 0x5C, 0xBA, 0x1A, 0x07, 0x2A, 0xBB, 0x88, 0x50, 0xD0, 0xF3, 0xC6, 0x8C,
    0x70, 0x17, 0xE1, 0x73, 0x06, 0xAB, 0x1E, 0xB8, 0x7B, 0x0B, 0xDE, 0x9E, 0x8A, 0xD7, 0x57, 0x55,
    0x31, 0x28, 0xFE, 0xC4, 0x9E, 0xB8, 0x13, 0x73, 0xCD, 0x52, 0x15, 0x63, 0xE2, 0x4B, 0x6C, 0x89,
    0xAB, 0x60, 0xEA, 0xFA, 0x47, 0x80, 0x9E, 0x0D, 0xF0, 0xFD, 0x66, 0x03, 0x94, 0x45, 0x9D, 0x20,
    0x2E, 0x7B, 0xC0, 0x12, 0xBC, 0xEF, 0x06, 0x58, 0x78, 0x1D, 0x94, 0x5D, 0x60, 0x11, 0x39, 0xFA,
    0xD8, 0xC4, 0xBE, 0x8C, 0x7E, 0xD4, 0xEB, 0x2D, 0x53, 0xEF, 0xB2, 0x3F, 0x6D, 0x47, 0x8C, 0xC7,
    0x6C, 0x4E, 0xFC, 0xAC, 0x2F, 0x63, 0x18, 0xC3, 0x16, 0xEF, 0x64, 0xE5, 0x51, 0xEA, 0x9B, 0xBE,
    0x0D, 0xF7, 0x52, 0x20, 0xFB, 0x3B, 0x40, 0x77, 0x80, 0x6A, 0x56, 0xA3, 0x53, 0x51, 0xA9, 0x3F,
    0xAA, 0x7A, 0xA9, 0x7C, 0xCA, 0x79, 0xA5, 0x62, 0x80, 0xA8, 0x06, 0x28, 0x57, 0xA3, 0x12, 0x60,
    0x13, 0x36, 0xCE, 0x2B, 0x51, 0x5E, 0x54, 0x05, 0x48, 0xA0, 0x01, 0x97, 0xD7, 0x54, 0x2D, 0xB0,
    0x88, 0x0C, 0x28, 0x80, 0xB8, 0x04, 0x52, 0x01, 0x67, 0xCB, 0xFB, 0xA5, 0x6C, 0x7F, 0x1C, 0xE4,
    0xFD, 0x31, 0xBC, 0x0D, 0x6F, 0xC1, 0x08, 0xE0, 0xDA, 0x35, 0x40, 0x7D, 0xEF, 0x24, 0xA5, 0x66,
    0x45, 0x29, 0x7D, 0x04, 0x7F, 0x0D, 0x9B, 0xC0, 0xF9, 0x3B, 0xDE, 0x01, 0xF1, 0x5F, 0x00, 0xC9,
    0xD7, 0x16, 0x4F, 0xF6, 0x1A, 0xA6, 0x7E, 0x8E, 0x9A, 0x99, 0x9D, 0x52, 0x5B, 0x92, 0xF0, 0x64,
    0xB7, 0xC3, 0x93, 0x1D, 0xCC, 0xF2, 0x93, 0xBD, 0x0F, 0x34, 0x00, 0x9A, 0x43, 0xC1, 0x58, 0xB0,
    0x25, 0x90, 0x27, 0xBB, 0x3B, 0xF5, 0x64, 0x9F, 0x0F, 0xE1, 0xE3, 0x0A, 0x48, 0x9E, 0x00, 0x6F,
    0xBF, 0x07, 0x4C, 0xEA, 0x96, 0x48, 0x5C, 0x27, 0xCD, 0xE4, 0xDF, 0x49, 0x2B, 0x5D, 0xA2, 0x4D,
    0x52, 0x2D, 0x21, 0x9C, 0x53, 0xCD, 0x04, 0x52, 0x3F, 0x83, 0x2C, 0x7F, 0xD6, 0x03, 0x7A, 0xFC,
    0x04, 0x48, 0xBC, 0xDF, 0x27, 0xFD, 0xCA, 0xB7, 0xE4, 0x44, 0x33, 0x46, 0xB0, 0xC5, 0x26, 0xE4,
    0x6C, 0xC9, 0x51, 0x6E, 0x6F, 0x74, 0xA4, 0xDE, 0x3B, 0x98, 0xCE, 0x0D, 0x5C, 0x8B, 0x80, 0xF5,
    0xC4, 0x80, 0xF6, 0x40, 0x32, 0x07, 0xE2, 0x76, 0x45, 0xCE, 0x6F, 0x5E, 0x03, 0x1E, 0xDE, 0x01,
    0xB2, 0x0E, 0x48, 0x1D, 0xB0, 0xB3, 0x52, 0xFB, 0xCB, 0x03, 0x90, 0x15, 0x99, 0xC6, 0x30, 0xF4,
    0x79, 0x54, 0xAE, 0xDC, 0xEF, 0x4A, 0x0C, 0xB6, 0x8B, 0x31, 0xF4, 0xCA, 0x0D, 0xC6, 0x35, 0x62,
    0x05, 0x48, 0x0C, 0xC0, 0x75, 0x4E, 0x46, 0x17, 0xEC, 0x5A, 0x86, 0xCD, 0x7B, 0xB4, 0x77, 0xC7,
    0x54, 0x16, 0x46, 0xBC, 0x81, 0xDE, 0xFB, 0xD9, 0xC0, 0x70, 0xE6, 0x02, 0x5C, 0xBE, 0x57, 0x50,
    0xB6, 0xB6, 0x0B, 0x1B, 0x1B, 0xCC, 0x00, 0x3F, 0x68, 0xD3, 0x67, 0xD5, 0x6F, 0xB7, 0xE8, 0xA9,
    0x37, 0xBA, 0xC9, 0x2A, 0x5D, 0xA9, 0x4A, 0x46, 0x55, 0xAF, 0xAB, 0xBE, 0x53, 0x33, 0xDF, 0x31,
    0x2B, 0x7C, 0xA5, 0x7C, 0x77, 0x4C, 0x9A, 0x10, 0xC7, 0x09, 0x27, 0xA9, 0xEF, 0xB4, 0xB9, 0xF5,
    0x97, 0x1F, 0x7F, 0x14, 0x46, 0x4A, 0x9C, 0xD0, 0xF7, 0xDB, 0xC0, 0x70, 0xE6, 0x02, 0x5C, 0xBE,
    0x57, 0x61, 0x80, 0x22, 0x64, 0xFF, 0xE4, 0x19, 0xFD, 0x3B, 0x25, 0xD0, 0x7D, 0x23, 0x1C, 0xBD,
    0xE2, 0x09, 0xFE, 0xAF, 0xF3, 0x1E, 0x5F, 0x79, 0x8B, 0x9A, 0x25, 0x0E, 0xE5, 0xE8, 0x61, 0x69,
    0xDE, 0x80, 0xC2, 0xE3, 0x4D, 0x8F, 0x89, 0xB9, 0xFF, 0xB5, 0x7F, 0xFC, 0xAF, 0xFA, 0x90, 0xA0,
    0x5D, 0xD9, 0xB3, 0x77, 0x69, 0x73, 0x37, 0xA5, 0xF8, 0x17, 0x76, 0x67, 0x32, 0x35, 0x2F, 0x8C,
    0x88, 0x4D, 0x2C, 0xEA, 0x95, 0xA5, 0x46, 0xCD, 0xA0, 0xE3, 0xD6, 0x47, 0x79, 0x97, 0x77, 0xE7,
    0xBD, 0xC1, 0xAD, 0xED, 0x89, 0xFB, 0xEE, 0xC1, 0x0C, 0x4F, 0x66, 0xF4, 0xE9, 0xBD, 0xD4, 0x8D,
    0x6A, 0x1E, 0xAC, 0x6D, 0x1D, 0xE5, 0x6D, 0x5A, 0x9F, 0x37, 0x9E, 0x7D, 0xF0, 0x64, 0xB7, 0x70,
    0x59, 0xF9, 0xDA, 0x88, 0xEE, 0xBC, 0x91, 0x14, 0x71, 0xA9, 0x2A, 0x48, 0x4B, 0x5D, 0xA5, 0x25,
    0xC0, 0x84, 0x69, 0x95, 0x56, 0xC9, 0xE9, 0xDD, 0xAA, 0x2E, 0x6A, 0xA5, 0x6D, 0x52, 0x01, 0xA8,
    0x2A, 0x32, 0xE7, 0xBD, 0xC3, 0x59, 0x1A, 0xF1, 0xBE, 0x3B, 0xA6, 0xB2, 0xC0, 0xF8, 0xB2, 0xFC,
    0xE5, 0xC0, 0xD1, 0x12, 0xEF, 0xC3, 0xA1, 0xB2, 0x19, 0x51, 0xA3, 0xAC, 0xAE, 0x6F, 0xD7, 0xDE,
    0xAB, 0x30, 0x8C, 0x61, 0xE7, 0x39, 0x69, 0x29, 0x6E, 0xC5, 0x6F, 0x70, 0x0C, 0xC0, 0x94, 0x49,
    0x35, 0xAD, 0x26, 0x55, 0xF2, 0xA6, 0xDD, 0x26, 0x95, 0xEA, 0x92, 0x2A, 0x6A, 0x93, 0x0A, 0x5E,
    0xA8, 0xF1, 0x6F, 0x95, 0x28, 0x6F, 0x88, 0x66, 0x90, 0x1A, 0xB8, 0x53, 0xC1, 0xFB, 0xBB, 0x00,
    0xC4, 0xDE, 0x37, 0x52, 0x81, 0x73, 0xD5, 0xEF, 0x40, 0xF3, 0x7D, 0x70, 0x52, 0xC7, 0x61, 0xDD,
    0x44, 0xD5, 0xF9, 0x7E, 0x5E, 0xA5, 0xDE, 0x13, 0x4D, 0x1B, 0xAE, 0xB3, 0x5E, 0xBE, 0x7F, 0xA0,
    0x1B, 0xDD, 0x70, 0xD6, 0xEE, 0x7E, 0xDB, 0x4D, 0xEB, 0xBC, 0x14, 0xF7, 0x1D, 0x81, 0x28, 0xCB,
    0x04, 0x61, 0x27, 0x4C, 0x9C, 0x30, 0xAB, 0x84, 0x13, 0x7A, 0xFE, 0xB8, 0x13, 0xFE, 0xA7, 0x13,
    0x7A, 0x2F, 0x9C, 0xEF, 0xC8, 0xD5, 0x36, 0xA9, 0x7B, 0xD6, 0x71, 0x68, 0x4F, 0x13, 0xD8, 0x06,
    0x8E, 0x03, 0x47, 0x6F, 0x09, 0x8B, 0x1C, 0xEF, 0xC9, 0x66, 0xC2, 0xA4, 0x01, 0xB6, 0x00, 0x18,
    0x07, 0x3E, 0x79, 0xC5, 0xEC, 0xEE, 0x1C, 0xF8, 0xD0, 0xBB, 0x01, 0x66, 0x26, 0xBF, 0xBA, 0x1E,
    0x9F, 0x54, 0x3D, 0xA6, 0x75, 0x0F, 0xDF, 0xF6, 0x70, 0x47, 0x3D, 0xCA, 0xAD, 0x1E, 0x26, 0x17,
    0xE8, 0xBB, 0xF8, 0x2E, 0x9D, 0xF7, 0x88, 0x45, 0x63, 0x0D, 0xA1, 0x8B, 0xD0, 0x2F, 0x2C, 0xEA,
    0xD4, 0x40, 0x64, 0xC1, 0x7B, 0x06, 0x28, 0xFB, 0x0B, 0xC0, 0x41, 0x8F, 0xC8, 0x05, 0xF8, 0x7E,
    0x3B, 0x86, 0x32, 0x29, 0xEB, 0xCC, 0xF0, 0x7C, 0x62, 0xF4, 0x9B, 0xF7, 0x7D, 0xF9, 0x0F, 0x59,
    0x85, 0x2E, 0x68, 0x80, 0xA8, 0x06, 0xE2, 0x8A, 0x0B, 0x0A, 0x4C, 0x4B, 0xCD, 0x1D, 0xB8, 0x7E,
    0x0D, 0x50, 0xBF, 0x07, 0xE0, 0x04, 0xAC, 0x26, 0xA5, 0x33, 0xF0, 0xF4, 0x6A, 0xD1, 0x46, 0x56,
    0x07, 0xA4, 0x7C, 0xD0, 0x97, 0x52, 0xCA, 0x87, 0xA5, 0x36, 0x9C, 0x55, 0x4A, 0x74, 0x83, 0x72,
    0x04, 0x8D, 0x03, 0x95, 0xBD, 0x38, 0x55, 0x15, 0x58, 0xBE, 0xFA, 0xEA, 0x01, 0x41, 0xF3, 0xC0,
    0xA0, 0x7A, 0xE0, 0x42, 0xFC, 0x59, 0xE5, 0x40, 0x1B, 0xA7, 0xCD, 0xF6, 0x8B, 0xE7, 0xF7, 0x07,
    0xF1, 0x85, 0xAF, 0x20, 0x80, 0x86, 0x97, 0xF1, 0x3F, 0x02, 0x5F, 0x02, 0x73, 0x20, 0xEA, 0x80,
    0xB4, 0x01, 0x72, 0xC1, 0x48, 0xC0, 0x29, 0xBC, 0x27, 0x18, 0x07, 0x14, 0xDE, 0xFB, 0x2E, 0x40,
    0x5B, 0xB4, 0xE3, 0x7A, 0x03, 0x2F, 0x94, 0x16, 0xE6, 0xC3, 0x02, 0x6D, 0xD2, 0x90, 0x35, 0x6C,
    0x36, 0x7C, 0xF3, 0x85, 0x36, 0xCF, 0xC1, 0x1B, 0x0A, 0x20, 0x01, 0x40, 0x07, 0xAE, 0x01, 0xBE,
    0x0E, 0x63, 0xA0, 0x46, 0xA8, 0x3A, 0xC2, 0x88, 0x2A, 0xF0, 0xAB, 0x52, 0xF8, 0x6F, 0x56, 0xF8,
    0x85, 0x13, 0xDA, 0x36, 0x70, 0x2F, 0x30, 0x0F, 0xD4, 0x95, 0x50, 0xD5, 0xC2, 0xA8, 0x11, 0x72,
    0x14, 0x58, 0x04, 0x66, 0x4F, 0x85, 0xE9, 0x4C, 0xA8, 0x66, 0x78, 0x0F, 0x81, 0xEC, 0x41, 0x54,
    0x81, 0x92, 0x6A, 0x98, 0xDD, 0x6E, 0xF1, 0x13, 0x6F, 0xB2, 0x0B, 0x8C, 0xA3, 0xAE, 0x4C, 0x37,
    0xDA, 0x2C, 0xD6, 0xE8, 0xDE, 0x85, 0x4B, 0xA9, 0x1F, 0xFE, 0x64, 0x21, 0x05, 0xB8, 0x69, 0x84,
    0xBF, 0x5A, 0x2E, 0x7A, 0x86, 0xAB, 0xEC, 0x99, 0x8D, 0x9B, 0xB0, 0xFE, 0xBB, 0x04, 0x7D, 0x97,
    0xF4, 0xB7, 0x01, 0xC0, 0x64, 0x89, 0x45, 0xE0, 0xDD, 0xC0, 0xCD, 0xC0, 0x6F, 0x72, 0x8E, 0xAD,
    0xF8, 0x8D, 0xB9, 0xF0, 0xA7, 0xDE, 0x42, 0x22, 0xC3, 0x50, 0x94, 0x43, 0x68, 0x69, 0xCE, 0xC7,
    0x30, 0x1E, 0x15, 0x16, 0xE6, 0xCA, 0x32, 0x0A, 0xF0, 0x0F, 0x6F, 0x66, 0xF4, 0xE7, 0x81, 0x4E,
    0x32, 0x1E, 0x52, 0x8E, 0xE4, 0x1C, 0x49, 0x3A, 0x92, 0xDD, 0x37, 0xC0, 0x77, 0x6A, 0xDE, 0x83,
    0x39, 0x80, 0x3E, 0x13, 0x0F, 0x16, 0x5D, 0x02, 0x91, 0xB7, 0xA7, 0x39, 0x2C, 0xC7, 0x4F, 0xBC,
    0x37, 0xC8, 0x14, 0xB2, 0x46, 0xD7, 0xC4, 0x2D, 0xB9, 0x11, 0x37, 0x5B, 0x40, 0xCE, 0x18, 0xC2,
    0x22, 0x28, 0xA4, 0x65, 0x03, 0x24, 0xD5, 0xCB, 0x3C, 0xBE, 0x7A, 0xDC, 0x32, 0xBC, 0x8A, 0xCC,
    0xC0, 0x63, 0xD2, 0x10, 0x2D, 0x96, 0xC8, 0xC3, 0x5D, 0x86, 0x3B, 0x7E, 0x6C, 0x40, 0x04, 0xFC,
    0x68, 0x3F, 0xAC, 0x8A, 0x87, 0x55, 0xF4, 0xFD, 0x09, 0x7B, 0xE8, 0xF2, 0x30, 0x44, 0x55, 0x52,
    0xAD, 0xFC, 0x94, 0xDF, 0xE5, 0x7C, 0xDE, 0x5F, 0x4F, 0x87, 0x55, 0x74, 0x22, 0x6E, 0x02, 0xAA,
    0x72, 0x40, 0xEC, 0x6B, 0x00, 0x5F, 0x09, 0x27, 0xE6, 0xEA, 0x5C, 0xC5, 0xE5, 0x2E, 0x91, 0xAD,
    0x09, 0xCE, 0x0A, 0x73, 0x39, 0x67, 0x7C, 0xAB, 0x02, 0xF8, 0xFB, 0xC0, 0xFF, 0x2E, 0x85, 0x5F,
    0x72, 0x75, 0x9E, 0xD8, 0x30, 0xF0, 0x07, 0x55, 0x2F, 0xA8, 0x84, 0x3F, 0xE3, 0x72, 0x9E, 0x24,
    0xD2, 0xD4, 0x7B, 0x6F, 0x43, 0xE4, 0x70, 0x14, 0x3C, 0x84, 0x39, 0x5E, 0xF0, 0x11, 0x8E, 0x82,
    0x97, 0xB0, 0x0A, 0x19, 0x94, 0x29, 0x0B, 0x04, 0xA5, 0x1F, 0x5A, 0x20, 0x28, 0xFF, 0xA1, 0x05,
    0x82, 0x93, 0xCF, 0xBC, 0xEF, 0x5E, 0x3A, 0x5A, 0x5C, 0x5D, 0x7E, 0xC5, 0x72, 0x94, 0xD1, 0x49,
    0xE4, 0x0C, 0x78, 0x1C, 0xEE, 0x9B, 0x5A, 0xA2, 0x63, 0x05, 0xF1, 0x8C, 0x2C, 0xA8, 0x5A, 0x52,
    0xBA, 0x50, 0x1F, 0x4D, 0xF7, 0x23, 0x5F, 0xF6, 0xEE, 0xB5, 0x77, 0x45, 0x39, 0x2D, 0x7E, 0xD0,
    0xEE, 0x91, 0x75, 0x8C, 0x0F, 0xD1, 0x2D, 0x9B, 0x0D, 0x49, 0x2F, 0x24, 0x70, 0xD6, 0xB3, 0x85,
    0xFE, 0x7C, 0x07, 0x7D, 0x9B, 0x19, 0xEF, 0x84, 0xF6, 0x47, 0xE1, 0xB5, 0xCD, 0x71, 0x1C, 0x58,
    0x03, 0xE0, 0x5E, 0xE0, 0x66, 0xE0, 0x03, 0xC0, 0x7B, 0xDF, 0x2E, 0x7D, 0x12, 0xF4, 0x89, 0x15,
    0xC6, 0x4E, 0x48, 0x20, 0xCD, 0xE2, 0x38, 0x0E, 0xCC, 0x6C, 0x58, 0x17, 0x31, 0xC2, 0x16, 0xC9,
    0x69, 0x29, 0x54, 0x56, 0x18, 0xD7, 0xC2, 0xC8, 0x2D, 0xCF, 0x20, 0x96, 0xE6, 0x0E, 0xFA, 0x64,
    0xEE, 0x70, 0x37, 0xA8, 0xF8, 0x88, 0x59, 0xDA, 0xFA, 0xC9, 0x3C, 0x6B, 0x72, 0x5D, 0x69, 0x6D,
    0xDE, 0x7A, 0x79, 0x94, 0xE4, 0xBD, 0x94, 0x2B, 0xD3, 0xC9, 0x68, 0x29, 0x63, 0xBB, 0xB0, 0x2C,
    0x38, 0x3B, 0x43, 0x30, 0x05, 0x8C, 0xA1, 0x01, 0x3E, 0x33, 0x00, 0x7F, 0xB8, 0x94, 0x7F, 0xAE,
    0x30, 0xF3, 0xD1, 0x67, 0x25, 0x7B, 0x70, 0xED, 0xDC, 0x46, 0xD8, 0x3E, 0x99, 0x4C, 0x55, 0x80,
    0x12, 0xC8, 0xCA, 0x5B, 0xE2, 0xBD, 0x43, 0x3F, 0xBB, 0xD1, 0x91, 0xC3, 0x88, 0xD1, 0x80, 0x6B,
    0x02, 0xC8, 0x0C, 0x90, 0x3E, 0x03, 0x98, 0xFE, 0x0C, 0xB8, 0x31, 0xAD, 0x81, 0xB8, 0x03, 0x28,
    0x04, 0x9A, 0xF7, 0x7A, 0x98, 0xCD, 0x1E, 0x8C, 0xA0, 0x20, 0xDF, 0xBF, 0x31, 0x27, 0x0D, 0xCE,
    0x24, 0x3C, 0xF7, 0xE0, 0x21, 0xEC, 0x92, 0xFA, 0xB2, 0xF0, 0x6E, 0x14, 0xB5, 0x63, 0xBE, 0xB3,
    0x05, 0xD9, 0x33, 0x12, 0x5F, 0x72, 0xBB, 0x81, 0xA3, 0x87, 0x8C, 0x46, 0x8C, 0x73, 0xDF, 0x26,
    0x7E, 0x1F, 0x49, 0x00, 0xE9, 0x43, 0x86, 0x8F, 0x20, 0x60, 0x45, 0x3A, 0x37, 0xE0, 0x88, 0xE8,
    0x73, 0xA2, 0xC8, 0x9C, 0x57, 0xEA, 0x2A, 0x64, 0x01, 0x80, 0x03, 0x62, 0x3B, 0x74, 0xDB, 0x79,
    0xE5, 0x9D, 0x8C, 0x2C, 0x2C, 0xAC, 0xDD, 0x03, 0xD4, 0x13, 0x20, 0xB2, 0x2B, 0xCC, 0x6A, 0xF4,
    0x08, 0xFE, 0x03, 0x1E, 0xC2, 0xCD, 0xF3, 0xCA, 0x0E, 0xCB, 0x51, 0x01, 0x0D, 0x63, 0x46, 0x01,
    0xAE, 0xC7, 0x26, 0x3D, 0xF8, 0x7F, 0x41, 0x7B, 0x37, 0x60, 0x69, 0xFB, 0xFE, 0xA9, 0x6F, 0x8F,
    0x60, 0xE1, 0xC6, 0x2B, 0xFE, 0x7F, 0x5E, 0x9E, 0xF4, 0x6D, 0xF4, 0xB6, 0xFB, 0x92, 0xFE, 0xB8,
    0x53, 0xBE, 0x61, 0x3A, 0xA4, 0x9B, 0x43, 0x70, 0x60, 0x09, 0xD6, 0x83, 0x79, 0xD8, 0x14, 0x00,
    0x2B, 0xB2, 0x76, 0x13, 0xD8, 0x4D, 0x0D, 0x4F, 0xB4, 0xE1, 0x60, 0xA8, 0x75, 0x5F, 0xAD, 0xF7,
    0x20, 0x55, 0x9B, 0x57, 0xD5, 0x0D, 0x7A, 0x3B, 0xA1, 0xF6, 0x9E, 0x10, 0x53, 0xE2, 0xEA, 0x82,
    0x9A, 0xC5, 0x6A, 0xFC, 0xC3, 0x12, 0xA2, 0x5F, 0x39, 0xB7, 0xE6, 0x37, 0x27, 0xFC, 0xEB, 0xB7,
    0xB6, 0xDF, 0x9F, 0x3E, 0xFB, 0xFA, 0xAD, 0x7B, 0x92, 0x73, 0x7B, 0x94, 0x48, 0xC2, 0x2D, 0xEC,
    0xBD, 0x0B, 0xF0, 0xE5, 0xEF, 0x0B, 0xFF, 0xB9, 0x61, 0xD8, 0x96, 0xBF, 0x78, 0xA4, 0xAC, 0x38,
    0xBB, 0x14, 0x51, 0xB5, 0x30, 0xEE, 0x99, 0x11, 0x39, 0xC8, 0xA1, 0x85, 0x11, 0x7C, 0x0A, 0x1D,
    0xE4, 0xF6, 0xB6, 0x83, 0xD4, 0xFB, 0x0A, 0x98, 0x3E, 0x07, 0x36, 0xAE, 0xC3, 0x74, 0x0D, 0xBE,
    0xE8, 0xA0, 0xDC, 0xC6, 0x9B, 0xC2, 0x4A, 0x95, 0x78, 0xAF, 0xAD, 0x65, 0x6A, 0x53, 0xBB, 0x53,
    0x2B, 0xFF, 0xBF, 0x73, 0xA6, 0x76, 0x06, 0x85, 0x83, 0x05, 0x7F, 0xE1, 0x6E, 0xDC, 0x92, 0x9B,
    0x0E, 0xF6, 0x60, 0x4A, 0x24, 0x6E, 0x7E, 0xB6, 0xF3, 0x82, 0x9B, 0xA2, 0x91, 0x7A, 0x49, 0x17,
    0xDB, 0x1B, 0x00, 0x4F, 0x1E, 0x0A, 0x1F, 0x37, 0x0B, 0x47, 0xBA, 0xBA, 0x42, 0x47, 0xDB, 0xD7,
    0xE0, 0xC9, 0x66, 0x70, 0x45, 0x66, 0x2F, 0xE9, 0x2C, 0x02, 0x60, 0xBD, 0x12, 0x6E, 0x6C, 0x0B,
    0xD7, 0x2A, 0x61, 0x7C, 0x95, 0x7F, 0x79, 0xD1, 0x20, 0xE9, 0x9D, 0x6F, 0xC0, 0xDA, 0x3E, 0xC4,
    0xE6, 0x92, 0xEE, 0xD6, 0x9F, 0x00, 0xBC, 0xEB, 0x84, 0x9B, 0x56, 0xF8, 0xAD, 0xAB, 0xEC, 0xB1,
    0xF5, 0xEF, 0xC1, 0x3D, 0x07, 0xBF, 0x7E, 0x81, 0xDE, 0x7A, 0xB6, 0xF0, 0x73, 0x65, 0xFD, 0x81,
    0x12, 0x10, 0x1B, 0x61, 0x52, 0x32, 0x6C, 0xDE, 0x4C, 0xAC, 0xD4, 0x0B, 0xF5, 0x89, 0x02, 0xE2,
    0x72, 0x39, 0x0C, 0x65, 0xE0, 0xF0, 0x7E, 0x0E, 0xB0, 0xF6, 0x2E, 0xCB, 0x9B, 0xEF, 0x50, 0x0E,
    0xED, 0xDD, 0xC9, 0x41, 0x5A, 0x92, 0xB6, 0xB0, 0x47, 0x52, 0xA1, 0x3B, 0x38, 0x42, 0x59, 0xF4,
    0x11, 0xB4, 0x62, 0x2B, 0x1B, 0x05, 0x5B, 0x8E, 0xAD, 0x5C, 0xDA, 0xD3, 0x30, 0xCA, 0x48, 0x2C,
    0x8C, 0x19, 0x6B, 0x93, 0x56, 0xB0, 0xC9, 0x61, 0xF8, 0xB0, 0x97, 0xFB, 0x34, 0x49, 0x95, 0x01,
    0x99, 0x2C, 0xF4, 0x6E, 0x01, 0xFA, 0x83, 0x3A, 0xAE, 0xF7, 0x08, 0xB3, 0xA6, 0xC8, 0x1D, 0x01,
    0xC9, 0xE7, 0x15, 0x4D, 0x0B, 0xA8, 0x2F, 0x2B, 0xFE, 0xC9, 0x01, 0xB1, 0x37, 0x4C, 0x6A, 0x00,
    0x0F, 0x85, 0x65, 0x38, 0xA8, 0x40, 0x34, 0x91, 0x19, 0x16, 0x03, 0x13, 0xB5, 0xBB, 0xB0, 0xE4,
    0x3B, 0xE5, 0xB4, 0xAF, 0x86, 0x1F, 0x69, 0x95, 0xB6, 0xB4, 0xA8, 0x5A, 0x77, 0xB1, 0x23, 0x76,
    0xFA, 0x48, 0xD5, 0x44, 0x4D, 0x36, 0x12, 0xA9, 0xDD, 0x56, 0xAE, 0x2B, 0xD8, 0x1B, 0x65, 0x12,
    0x6D, 0x6B, 0xAC, 0x77, 0x80, 0xAC, 0x4D, 0x67, 0x80, 0x6E, 0x92, 0x0E, 0x48, 0x9D, 0x0A, 0xAA,
    0x9C, 0x78, 0x84, 0x0D, 0xC1, 0xDF, 0x86, 0xF7, 0x2B, 0x03, 0xC0, 0x30, 0x41, 0x11, 0x24, 0x35,
    0x69, 0x15, 0x3B, 0x74, 0x49, 0x4B, 0x21, 0x22, 0xC7, 0x90, 0xD3, 0x8A, 0x5D, 0x27, 0x0E, 0x2D,
    0x61, 0x5D, 0x08, 0x3C, 0xC0, 0xD3, 0x0B, 0xBC, 0x3F, 0x47, 0xE6, 0xE4, 0x5B, 0x23, 0xF7, 0xC0,
    0x97, 0xE2, 0xAF, 0xEA, 0xA1, 0x6A, 0x3A, 0x22, 0x47, 0x0B, 0x4D, 0xEC, 0x40, 0xCC, 0x31, 0x16,
    0x6B, 0x5B, 0x69, 0x05, 0x99, 0x2E, 0x21, 0x98, 0x4A, 0xE7, 0x80, 0x9A, 0x09, 0x3A, 0x20, 0x6A,
    0x05, 0x0E, 0x90, 0x17, 0xBC, 0x23, 0x6D, 0xEF, 0xE7, 0x25, 0x64, 0x73, 0x20, 0x69, 0x00, 0xA2,
    0xCF, 0x03, 0x56, 0x64, 0xF0, 0xF4, 0x1C, 0x23, 0xCC, 0x8C, 0x02, 0x1A, 0x28, 0xE8, 0x31, 0xC3,
    0x11, 0x37, 0x40, 0x52, 0x03, 0x59, 0x09, 0x14, 0x00, 0x1D, 0xA0, 0x1C, 0x90, 0x5A, 0x40, 0x2C,
    0xF0, 0xF8, 0xD4, 0x79, 0x5D, 0x11, 0x97, 0xB9, 0x21, 0xA9, 0x9E, 0xD2, 0x43, 0x82, 0x1E, 0x83,
    0x7B, 0xC3, 0x10, 0xD3, 0xFB, 0x79, 0x5F, 0x1A, 0x66, 0x8D, 0x6A, 0x0E, 0x52, 0x4B, 0x6E, 0x78,
    0x2A, 0xF7, 0x4A, 0xEB, 0xAF, 0xE5, 0x65, 0xF6, 0x29, 0x99, 0x0F, 0x1B, 0x10, 0x24, 0x0A, 0x56,
    0x25, 0x71, 0x03, 0x36, 0x2F, 0x22, 0x31, 0x4C, 0x7E, 0x92, 0x5D, 0x20, 0xB6, 0x00, 0x66, 0x35,
    0x3A, 0xA3, 0xCF, 0x61, 0x7C, 0x01, 0x9D, 0xFF, 0x07, 0x62, 0x60, 0x30, 0x58, 0x00, 0x28, 0x85,
    0x0E, 0x34, 0xE4, 0xE6, 0xE2, 0x28, 0x80, 0xFF, 0x66, 0xF3, 0x99, 0xF0, 0x85, 0x66, 0x51, 0x94,
    0x62, 0xA0, 0x58, 0x20, 0x00, 0x55, 0x9B, 0x4D, 0xFA, 0x2E, 0x7D, 0x80, 0x02, 0x8A, 0xA9, 0xCE,
    0x23, 0xCC, 0xA3, 0x2C, 0x8A, 0x62, 0x57, 0xF2, 0x08, 0xE9, 0x1B, 0x0C, 0x16, 0x0A, 0x5C, 0x04,
    0xD3, 0xCA, 0xEE, 0xBF, 0xD7, 0x76, 0x31, 0x16, 0x85, 0x9E, 0x9C, 0xFC, 0x5C, 0x5C, 0x07, 0x17,
    0x2E, 0x46, 0xA8, 0x77, 0x50, 0x01, 0x50, 0xC4, 0x48, 0x76, 0x82, 0x26, 0xC1, 0x55, 0x82, 0x9B,
    0x23, 0xCC, 0x5B, 0xAC, 0xD2, 0x15, 0x8A, 0x43, 0x83, 0x72, 0xCC, 0x13, 0x79, 0xA6, 0x1A, 0xD9,
    0xF4, 0xE5, 0x44, 0x17, 0x91, 0xF8, 0x12, 0x31, 0xB3, 0xE4, 0x5A, 0xCD, 0x7C, 0x56, 0x24, 0x3A,
    0xE5, 0x81, 0xA6, 0x8F, 0x50, 0xC4, 0xF2, 0x47, 0x87, 0x6B, 0xDE, 0x8D, 0xD4, 0x4E, 0xE3, 0x2C,
    0x76, 0xAA, 0x48, 0xEA, 0xF7, 0x8B, 0xDA, 0x16, 0xAD, 0xD5, 0x70, 0xAB, 0xFE, 0x75, 0xAB, 0xD3,
    0xBA, 0x7C, 0xFA, 0xDB, 0xD5, 0x83, 0x26, 0x86, 0xA9, 0xFA, 0xB9, 0x19, 0x41, 0x5F, 0x8C, 0xFF,
    0x7F, 0x7C, 0x75, 0x41, 0xE4, 0x14, 0xD3, 0xDF, 0xBE, 0xC8, 0x29, 0xBD, 0x18, 0xDF, 0xEC, 0xCF,
    0xCF, 0xA1, 0xEB, 0xBB, 0xB1, 0x7C, 0x7E, 0xEB, 0x50, 0xDC, 0x5B, 0x0C, 0x0F, 0xBD, 0x32, 0x22,
    0xA9, 0xEF, 0xD6, 0x8B, 0x86, 0x56, 0xFB, 0xC4, 0x7F, 0x19, 0x6C, 0x7A, 0x54, 0x77, 0x30, 0xFC,
    0xC0, 0x7A, 0x38, 0xE0, 0x6C, 0x81, 0x0E, 0x6A, 0x17, 0x99, 0xFE, 0x32, 0xA3, 0xA5, 0xD3, 0xEC,
    0xD7, 0x0F, 0xAA, 0x88, 0x23, 0x79, 0x1E, 0x20, 0xE1, 0x6C, 0x42, 0x31, 0x52, 0xC5, 0xAE, 0x8B,
    0xD4, 0xAE, 0x8E, 0x5B, 0x1F, 0xAE, 0xD8, 0xDC, 0x29, 0x63, 0xE7, 0xF5, 0xCC, 0xCD, 0x5B, 0x6D,
    0x6B, 0xDB, 0xC4, 0xB1, 0x8C, 0x3D, 0xE0, 0x2B, 0x93, 0xC8, 0xB9, 0x7F, 0x64, 0xB6, 0xD5, 0x3E,
    0x92, 0x32, 0x97, 0x32, 0xFE, 0x89, 0x3A, 0xD2, 0x13, 0x27, 0xF9, 0x04, 0xD7, 0x90, 0x60, 0x62,
    0xDD, 0xAB, 0x4F, 0x1A, 0x91, 0x9B, 0x0F, 0xCF, 0xFA, 0x32, 0x3F, 0x45, 0x6E, 0xF5, 0x7D, 0x29,
    0x62, 0x36, 0xEC, 0x01, 0xDF, 0x48, 0x4C, 0x7E, 0x03, 0xAB, 0xF9, 0xFB, 0xD7, 0xC6, 0xA2, 0x80,
    0x81, 0x78, 0x0A, 0x00, 0xC5, 0x96, 0x31, 0x8C, 0xE4, 0xB6, 0xF5, 0xC6, 0x3F, 0x0D, 0xFF, 0xFF,
    0x53, 0xCE, 0x02, 0xC2, 0x14, 0x29, 0x0E, 0x38, 0xC4, 0x6C, 0x52, 0xB8, 0xB0, 0x4F, 0x6D, 0x8A,
    0x9D, 0x11, 0xD7, 0x57, 0xB8, 0x4C, 0x5F, 0x39, 0x7D, 0xB3, 0x4D, 0x0A, 0x17, 0xB3, 0x3B, 0x02,
    0xDC, 0x03, 0x9B, 0xBE, 0x88, 0xFB, 0x26, 0x57, 0xA4, 0xD8, 0x62, 0xCE, 0x43, 0x20, 0x45, 0xCA,
    0xC8, 0x70, 0xE1, 0xC2, 0x8D, 0x92, 0x2C, 0x90, 0x22, 0x85, 0x09, 0x44, 0x81, 0xB5, 0x39, 0xCD,
    0xBC, 0xBC, 0x8F, 0x1A, 0xED, 0xDC, 0xDC, 0x79, 0xB3, 0xBE, 0x1C, 0x10, 0x73, 0xF4, 0xFD, 0x1E,
    0x45, 0x3D, 0x3E, 0x52, 0x14, 0x39, 0x24, 0x0A, 0xB4, 0x80, 0x3D, 0x8D, 0xC0, 0x3B, 0xB8, 0xC4,
    0x21, 0x89, 0xA6, 0x26, 0xC1, 0x34, 0x30, 0xB7, 0x98, 0xD5, 0x0A, 0xE0, 0x25, 0x88, 0x0C, 0x09,
    0xE9, 0xF6, 0x0E, 0xE8, 0x75, 0xC0, 0x21, 0x32, 0x0A, 0x69, 0x81, 0x8D, 0xEC, 0x60, 0xB6, 0x38,
    0xAB, 0x6D, 0x83, 0xBC, 0x29, 0xBD, 0xBA, 0x2C, 0xA0, 0x58, 0x43, 0x5B, 0xEB, 0x01, 0xA0, 0x23,
    0xBE, 0x15, 0x09, 0x23, 0xD2, 0x6D, 0x4F, 0xAC, 0x89, 0x05, 0xA1, 0xD5, 0x10, 0x6D, 0x0B, 0x13,
    0xCD, 0xCE, 0x97, 0x41, 0x83, 0x8A, 0xC7, 0x03, 0xE9, 0xD2, 0x7B, 0x98, 0xE6, 0x3F, 0xFF, 0xE8,
    0xF3, 0xAB, 0x87, 0x9D, 0x7B, 0xF6, 0xE3, 0xC3, 0xBB, 0xDF, 0x5F, 0x03, 0x46, 0x02, 0xA0, 0x6C,
    0x52, 0x07, 0x5A, 0x72, 0x11, 0xC9, 0x65, 0x4F, 0xF6, 0x6B, 0x45, 0x16, 0xE7, 0xF4, 0x89, 0x95,
    0x32, 0x6F, 0x9C, 0x07, 0x8A, 0x60, 0x03, 0x60, 0xEB, 0x42, 0x59, 0xFA, 0xBC, 0x05, 0x2A, 0x91,
    0x08, 0xAC, 0x44, 0x7A, 0x60, 0xE0, 0x95, 0x75, 0xC0, 0xB9, 0x56, 0x02, 0x2A, 0xE4, 0x2D, 0xDD,
    0x52, 0x6B, 0xC3, 0x44, 0x91, 0x90, 0x60, 0x1A, 0xE4, 0x23, 0xEE, 0xF8, 0x32, 0x37, 0x44, 0xF2,
    0x7B, 0x1C, 0x15, 0xE8, 0x89, 0x35, 0xB1, 0x9C, 0x90, 0x6E, 0xB3, 0x2E, 0xB9, 0x30, 0x68, 0x2D,
    0xAC, 0xA6, 0xE8, 0x09, 0xF1, 0xFA, 0xC0, 0xA5, 0x0F, 0xDF, 0xD2, 0x2F, 0x4E, 0x30, 0x84, 0x3E,
    0x60, 0x0D, 0xC2, 0x33, 0x00, 0x5D, 0xD0, 0x11, 0x57, 0xDF, 0xD1, 0x46, 0xCF, 0x1A, 0xA9, 0x8D,
    0x30, 0xB5, 0xB1, 0xA5, 0xB4, 0x78, 0xBE, 0xD7, 0x89, 0x0A, 0x6F, 0x2A, 0x91, 0x51, 0x05, 0x43,
    0x27, 0x60, 0xCE, 0x07, 0x09, 0x27, 0x77, 0x61, 0x79, 0x8B, 0x2B, 0xE2, 0xF7, 0x44, 0x9C, 0x90,
    0x11, 0x69, 0xB2, 0xE6, 0x84, 0xDC, 0xA6, 0x0E, 0x80, 0x3B, 0xE0, 0x33, 0xC5, 0x3B, 0xFF, 0x8B,
    0x95, 0x62, 0x25, 0x56, 0xF2, 0x07, 0x19, 0x70, 0x9B, 0x41, 0xE5, 0xB3, 0x88, 0x0A, 0x80, 0x0D,
    0x9A, 0x19, 0x58, 0xBB, 0xCB, 0x22, 0x27, 0x0D, 0xB0, 0xCD, 0xA2, 0x0D, 0xCC, 0x54, 0xA7, 0xB1,
    0xF2, 0xA0, 0xD3, 0x17, 0x71, 0x0B, 0xD0, 0xE9, 0xE6, 0x1F, 0x3D, 0xD2, 0x23, 0x11, 0x49, 0x8F,
    0x76, 0x67, 0xF2, 0x5B, 0x36, 0x3E, 0xEB, 0x8A, 0xED, 0x2C, 0xD2, 0xA5, 0x9D, 0x75, 0xE8, 0x00,
    0xE4, 0x8C, 0xFC, 0x09, 0x80, 0xA2, 0xD6, 0xCC, 0x09, 0xC3, 0xF8, 0x31, 0xF3, 0xC8, 0x41, 0x33,
    0x1F, 0x3C, 0xC4, 0xBC, 0x62, 0xC6, 0x39, 0xB8, 0x2D, 0x2A, 0x09, 0x76, 0x8B, 0xBC, 0x63, 0x46,
    0x23, 0xE0, 0x77, 0xDB, 0xF4, 0x51, 0x38, 0x4F, 0x58, 0x08, 0xAC, 0xB1, 0x80, 0xD6, 0xFE, 0x00,
    0x98, 0x4F, 0xAB, 0x77, 0xD6, 0xB3, 0x27, 0x91, 0x68, 0x00, 0xFC, 0x7F, 0x7F, 0xBB, 0xA2, 0x1D,
    0x61, 0x13, 0xFC, 0x7B, 0x80, 0x63, 0xE9, 0x0A, 0xEE, 0x3A, 0x1F, 0x90, 0x0B, 0x6B, 0x9C, 0xED,
    0x3C, 0x44, 0xB4, 0x30, 0x92, 0x92, 0x66, 0xE5, 0x16, 0xCA, 0x22, 0xD1, 0x3D, 0x27, 0xAB, 0x39,
    0xB9, 0x26, 0xB3, 0x8E, 0x34, 0x2D, 0x69, 0x03, 0x59, 0x82, 0x3C, 0x4F, 0xEC, 0xC9, 0x2F, 0x23,
    0xF9, 0x75, 0x43, 0x7E, 0x53, 0x93, 0x02, 0x72, 0x48, 0xEC, 0x38, 0xFA, 0xA6, 0x25, 0x91, 0xF9,
    0xCC, 0x03, 0x26, 0x98, 0x00, 0x64, 0x1D, 0xD7, 0x35, 0x36, 0x3B, 0x4C, 0x13, 0xE3, 0x90, 0x7E,
    0xB0, 0x1E, 0x8A, 0x18, 0x19, 0x90, 0xC8, 0xF8, 0x2B, 0x90, 0x03, 0x99, 0x47, 0xD2, 0x05, 0x72,
    0x05, 0xE5, 0x17, 0x03, 0xF9, 0x75, 0x24, 0x45, 0xC8, 0xDD, 0x59, 0x50, 0xF6, 0x79, 0x9B, 0x26,
    0x43, 0xF2, 0x47, 0x97, 0xD8, 0x27, 0x2E, 0x13, 0xE7, 0x0F, 0xC9, 0xAA, 0x84, 0x08, 0xDC, 0x96,
    0xCC, 0x3B, 0x40, 0x34, 0xC5, 0x3D, 0x4D, 0xA0, 0xEB, 0x5D, 0xCC, 0xBF, 0x37, 0x8B, 0x91, 0xB5,
    0xF2, 0xA7, 0xD6, 0x2B, 0xCF, 0x4B, 0x28, 0xAB, 0x2D, 0xDF, 0xB4, 0xE8, 0x48, 0x69, 0x01, 0x6C,
    0xA2, 0x74, 0x40, 0x26, 0x91, 0xE3, 0xA1, 0x32, 0x02, 0xD8, 0x21, 0x8D, 0x54, 0xB9, 0x4E, 0xC3,
    0x76, 0xB1, 0x4C, 0x63, 0x38, 0xA8, 0x69, 0x06, 0x13, 0x69, 0xCE, 0xF3, 0x86, 0xA6, 0xB4, 0x35,
    0x8D, 0x15, 0xD0, 0x98, 0x21, 0x99, 0xAC, 0x4B, 0x06, 0xB8, 0xC7, 0x88, 0x20, 0x75, 0x62, 0x32,
    0x07, 0xD2, 0x61, 0x8E, 0x7B, 0x28, 0x22, 0xDB, 0x89, 0x2C, 0x79, 0x03, 0xBE, 0xDC, 0x16, 0x1E,
    0xC8, 0x35, 0x30, 0xEE, 0x7D, 0xBA, 0x0D, 0x9E, 0xB5, 0xB0, 0x2D, 0x66, 0x7D, 0xDA, 0x1C, 0xCF,
    0xD3, 0xAA, 0x2A, 0xB1, 0x54, 0x5A, 0x7F, 0x95, 0x16, 0xF5, 0xB8, 0xC6, 0x5F, 0xE7, 0xF8, 0x74,
    0xF4, 0x1C, 0x6B, 0x71, 0x82, 0x5F, 0xA0, 0x48, 0xD1, 0x66, 0x29, 0x32, 0x56, 0x6C, 0x65, 0x6C,
    0x51, 0x98, 0xE2, 0xC8, 0x37, 0xED, 0xFF, 0xDB, 0xBC, 0xEF, 0xD1, 0x2E, 0x75, 0xD6, 0x4C, 0xDB,
    0x12, 0x12, 0xBA, 0x29, 0x37, 0x3B, 0xDE, 0xAA, 0xFA, 0x14, 0xE8, 0x1E, 0x88, 0x4C, 0xC0, 0x03,
    0xB9, 0x04, 0x36, 0xFC, 0x32, 0x5B, 0xAC, 0xBC, 0x6D, 0x50, 0x04, 0x9E, 0x51, 0xC2, 0x02, 0x8A,
    0x25, 0x30, 0xAB, 0x39, 0x5C, 0xE8, 0xBE, 0x03, 0xE9, 0xC1, 0xF2, 0xE5, 0x33, 0x4A, 0xD6, 0xDA,
    0x16, 0x79, 0xCB, 0x8F, 0x93, 0xCE, 0x28, 0xE3, 0x00, 0x8A, 0xA6, 0x6D, 0x02, 0xA7, 0xDB, 0x3C,
    0x21, 0x2A, 0x4E, 0xA0, 0xC0, 0x5B, 0xC1, 0x4A, 0x1C, 0x21, 0x82, 0x4A, 0xC2, 0x48, 0xD3, 0x62,
    0x16, 0xC1, 0x4D, 0xAE, 0x05, 0x3A, 0xE4, 0x81, 0xBE, 0x45, 0xCD, 0x6E, 0x5A, 0x0F, 0x38, 0x94,
    0x69, 0x02, 0xCC, 0xB1, 0x7F, 0x45, 0xCC, 0xDA, 0x5E, 0x89, 0x7F, 0x46, 0xF2, 0xA2, 0x25, 0xAB,
    0x86, 0x74, 0x81, 0x64, 0xA5, 0xAC, 0xAE, 0xE8, 0xFE, 0xE7, 0x41, 0x99, 0x49, 0xA7, 0xC4, 0xAA,
    0x26, 0x8D, 0x0C, 0x13, 0x93, 0xE7, 0xC4, 0xC7, 0x22, 0x35, 0xB2, 0xF4, 0x09, 0x8B, 0x1B, 0x7B,
    0x2A, 0x28, 0x6B, 0xEB, 0x5D, 0x60, 0x17, 0xF2, 0x66, 0xAD, 0x9C, 0xC5, 0x3E, 0xED, 0x37, 0x9D,
    0x12, 0x23, 0xBB, 0xC4, 0x7D, 0xF9, 0xE8, 0x33, 0xFA, 0xBB, 0x54, 0x37, 0xC5, 0x19, 0x63, 0x8E,
    0xF1, 0x53, 0x5B, 0xC7, 0x7D, 0x98, 0x06, 0x81, 0x84, 0x36, 0x1D, 0x80, 0xF3, 0x34, 0xBD, 0x4B,
    0x2C, 0xE8, 0x1E, 0x92, 0xE7, 0x5F, 0xA2, 0x32, 0x7B, 0xD1, 0xA4, 0xD7, 0xF0, 0x64, 0x85, 0x43,
    0x5E, 0xC2, 0xE4, 0xA3, 0xF5, 0x7B, 0xA5, 0xF3, 0xE7, 0xCA, 0x05, 0x4A, 0xE5, 0xC0, 0x98, 0x33,
    0x8E, 0xED, 0xD1, 0x98, 0xBF, 0xE9, 0x7F, 0xC2, 0x5B, 0xF0, 0x68, 0x3D, 0x02, 0x40, 0xF6, 0x1A,
    0xF1, 0x99, 0x08, 0xDD, 0x88, 0x3C, 0x68, 0xB5, 0x57, 0x60, 0x0E, 0x68, 0x14, 0xB3, 0x88, 0xA2,
    0xC1, 0x36, 0xDB, 0x34, 0x58, 0x89, 0x8E, 0x4A, 0x2E, 0x9F, 0xDE, 0xBB, 0x7C, 0xA6, 0xF0, 0x99,
    0xEC, 0x26, 0x9B, 0x8E, 0xAA, 0x28, 0xEA, 0x1F, 0xCA, 0xCA, 0x98, 0x76, 0x07, 0x8B, 0x74, 0x4D,
    0x36, 0xF9, 0xE9, 0xF5, 0x43, 0x59, 0x79, 0x25, 0x61, 0x4C, 0xEE, 0x0E, 0xFB, 0xCE, 0xF8, 0x79,
    0x47, 0x76, 0x73, 0xBC, 0x42, 0xBC, 0xCE, 0x4A, 0xE4, 0x32, 0x71, 0x60, 0x49, 0xB6, 0x21, 0x61,
    0x6B, 0xB2, 0x08, 0x64, 0x3E, 0xF1, 0xB6, 0xC4, 0xF9, 0xD1, 0x33, 0x17, 0xD6, 0x22, 0x2F, 0x21,
    0x92, 0x62, 0x85, 0xC9, 0x9A, 0x66, 0x9C, 0x58, 0xDF, 0xDB, 0x8A, 0xF4, 0x7B, 0x2B, 0x7E, 0x2C,
    0x77, 0xCD, 0x68, 0x4D, 0x1C, 0x2D, 0x26, 0xDB, 0x1D, 0xDF, 0x67, 0xF1, 0xD8, 0xEF, 0x2C, 0xA8,
    0x15, 0xC6, 0x49, 0xFD, 0x91, 0xEB, 0xDB, 0x7E, 0x11, 0xF4, 0xB8, 0x1B, 0xA9, 0x1F, 0x84, 0x78,
    0xF6, 0xE0, 0xAE, 0xFD, 0x23, 0x23, 0x0C, 0x71, 0x16, 0x52, 0x4B, 0xA9, 0x99, 0x74, 0xFC, 0x4C,
    0x07, 0x51, 0x7B, 0xFD, 0x60, 0x8B, 0x12, 0x7A, 0x3D, 0xE1, 0xA0, 0x29, 0x4C, 0xF3, 0x7F, 0xD3,
    0x42, 0xD3, 0xC7, 0x22, 0x09, 0x87, 0x6D, 0x21, 0x4E, 0xCB, 0x70, 0xD6, 0x2A, 0x78, 0xFA, 0x80,
    0x0D, 0x47, 0xA7, 0xDB, 0x96, 0xE1, 0x01, 0x11, 0x64, 0x9B, 0x9B, 0x64, 0x1D, 0x0B, 0xF3, 0x80,
    0x4D, 0x43, 0x8F, 0x30, 0xDB, 0xAA, 0xBB, 0x5A, 0x13, 0x59, 0x37, 0x0F, 0x45, 0xC3, 0x40, 0x79,
    0xB0, 0x35, 0xA3, 0xE6, 0xC1, 0x79, 0x36, 0x91, 0x8F, 0x53, 0x68, 0xB2, 0x9D, 0x96, 0xEF, 0xAD,
    0x4D, 0xE5, 0x6A, 0x47, 0xBF, 0x50, 0xEC, 0xEB, 0xE5, 0x29, 0xCE, 0x21, 0x2E, 0xF6, 0xED, 0xA0,
    0x62, 0xBB, 0x22, 0x28, 0x44, 0x5A, 0x5A, 0xAC, 0x6E, 0xC6, 0xFF, 0x70, 0x09, 0x10, 0xD2, 0xDC,
    0xF0, 0x9D, 0x8A, 0x40, 0x5A, 0x7F, 0xCC, 0xA9, 0x7C, 0xF4, 0xA1, 0xBF, 0xF2, 0x71, 0x22, 0x06,
    0x96, 0xCC, 0x22, 0x69, 0x1A, 0xB2, 0x08, 0xA4, 0xAD, 0x95, 0x3F, 0x2F, 0xA1, 0x5C, 0x5F, 0x90,
    0xD5, 0xC0, 0x2F, 0x5B, 0xB4, 0xE4, 0x4C, 0xEA, 0xB4, 0xA7, 0xD9, 0xD3, 0x01, 0x16, 0x4B, 0x8C,
    0x93, 0xF9, 0x39, 0xEC, 0xBF, 0x9E, 0xA3, 0xD2, 0xFC, 0xC9, 0x5E, 0xF3, 0x6C, 0x87, 0x52, 0x36,
    0x4D, 0x71, 0xE3, 0x02, 0x52, 0x7A, 0x94, 0x7C, 0x31, 0x1B, 0x80, 0x0D, 0x3F, 0xFD, 0x25, 0x6C,
    0x03, 0x94, 0x00, 0x4E, 0x56, 0x0D, 0x36, 0xD2, 0x43, 0xFC, 0x73, 0x0C, 0x28, 0xD1, 0xC3, 0x82,
    0xBB, 0x8D, 0x0A, 0x57, 0x70, 0x58, 0xA2, 0x42, 0x75, 0xBA, 0x85, 0x95, 0x0E, 0x99, 0xD4, 0x90,
    0xB4, 0x6F, 0xEB, 0xBD, 0x5F, 0xA9, 0x9C, 0xAA, 0x82, 0x95, 0x41, 0xC5, 0x32, 0xE7, 0xAD, 0xCF,
    0xC3, 0x28, 0xC7, 0x59, 0x03, 0x91, 0x9E, 0xFE, 0x7A, 0x59, 0x3F, 0x4F, 0xD7, 0x7B, 0xD6, 0xE3,
    0x95, 0x4B, 0x06, 0xA4, 0x10, 0x12, 0x28, 0xFD, 0x30, 0x47, 0x9A, 0xB5, 0xA3, 0x4C, 0xA3, 0x0A,
    0x79, 0xFA, 0x09, 0x63, 0xAA, 0x3A, 0x60, 0x3E, 0x29, 0xDB, 0xD4, 0x85, 0x44, 0xF7, 0x9B, 0x7E,
    0x8E, 0xE5, 0x52, 0x5F, 0x4C, 0xB6, 0x7A, 0x2D, 0x01, 0xBD, 0x16, 0x78, 0xE4, 0xEA, 0x75, 0x21,
    0x9D, 0xFA, 0x94, 0xB1, 0x6A, 0x64, 0x40, 0xD9, 0x27, 0x83, 0x85, 0x69, 0x2A, 0x0F, 0xD8, 0x4F,
    0x9B, 0xB4, 0x03, 0xFE, 0xF5, 0xCB, 0x08, 0x20, 0x7F, 0xF1, 0x4D, 0xDA, 0xDF, 0x44, 0x76, 0x50,
    0x17, 0x3B, 0x94, 0x00, 0x96, 0x79, 0x6B, 0x3D, 0x70, 0xC5, 0x7E, 0xE0, 0x93, 0x68, 0x1A, 0xF3,
    0x55, 0x5D, 0xB5, 0x95, 0xCC, 0xC4, 0xBB, 0xBA, 0x12, 0x7C, 0x8E, 0x07, 0x52, 0x3B, 0xE9, 0x9F,
    0x64, 0xEB, 0xF7, 0x31, 0x07, 0xD6, 0x90, 0x0E, 0xD2, 0x03, 0x17, 0x80, 0x7B, 0x04, 0xB7, 0xC8,
    0x3E, 0xB7, 0x32, 0xCC, 0xE4, 0x52, 0x7C, 0x11, 0xB4, 0x4E, 0xB0, 0xBE, 0x52, 0x49, 0xB0, 0xA7,
    0x2F, 0x82, 0x7D, 0xFA, 0xB7, 0x60, 0x7F, 0xF9, 0xC7, 0x60, 0xCF, 0xF2, 0x60, 0x9F, 0xAB, 0x06,
    0x55, 0x54, 0xE9, 0x04, 0xB4, 0x75, 0x3E, 0x98, 0xBA, 0xC0, 0xAC, 0x7D, 0x02, 0xB0, 0xCF, 0x65,
    0x8B, 0x29, 0xFD, 0x37, 0xB1, 0xE4, 0xA9, 0x44, 0xCA, 0xFA, 0x2D, 0xEC, 0xD3, 0x08, 0xFB, 0x71,
    0x80, 0xDD, 0xB4, 0xB0, 0xD2, 0xC3, 0xF2, 0x7C, 0x51, 0xF3, 0x74, 0x51, 0xAA, 0xEC, 0xBB, 0x32,
    0x14, 0x3B, 0xED, 0x74, 0x6F, 0x44, 0x1A, 0x0A, 0x73, 0xF3, 0xBA, 0x4E, 0xF6, 0x5A, 0x9A, 0xE6,
    0x17, 0xBD, 0x8E, 0x67, 0x67, 0xC4, 0xD1, 0xBB, 0x46, 0x31, 0x48, 0x8B, 0x72, 0xB0, 0x1D, 0x56,
    0xDA, 0x0D, 0x48, 0xB0, 0x2B, 0xF3, 0x6D, 0xB0, 0x1F, 0xFF, 0xE9, 0xAB, 0x60, 0x3F, 0x92, 0x8F,
    0x82, 0xFD, 0x70, 0xC7, 0xB9, 0x72, 0x45, 0x60, 0x8F, 0x34, 0x1B, 0x46, 0xF8, 0x51, 0xD3, 0xA4,
    0x4A, 0x12, 0xA1, 0x98, 0x3F, 0x92, 0x0C, 0xF9, 0x40, 0x71, 0xB3, 0xE6, 0x84, 0xAC, 0x2E, 0x57,
    0x38, 0x87, 0xAD, 0xAF, 0xD2, 0xF1, 0xDE, 0x50, 0x0D, 0x2D, 0xEF, 0x59, 0x5E, 0xEA, 0xF3, 0x42,
    0xFD, 0xE8, 0x2F, 0x22, 0x03, 0xC5, 0x38, 0xF7, 0x69, 0x6A, 0x67, 0x5B, 0xF4, 0x90, 0x95, 0x78,
    0xD7, 0xB9, 0x60, 0x83, 0x69, 0x79, 0x34, 0xB3, 0x1E, 0x54, 0x97, 0x6C, 0xBA, 0xD7, 0xF2, 0xD6,
    0xB1, 0xBF, 0xB0, 0x67, 0x5C, 0x56, 0x78, 0x4D, 0x32, 0x8C, 0xCA, 0xE4, 0x72, 0xEC, 0x77, 0x7D,
    0x81, 0x73, 0x3C, 0xC1, 0x15, 0x1E, 0xA2, 0x03, 0x26, 0xE9, 0x3D, 0xB4, 0xFC, 0x67, 0x28, 0x2F,
    0x2F, 0x60, 0x0F, 0xFD, 0x0E, 0x54, 0x37, 0xCF, 0x93, 0x3E, 0x9B, 0xCF, 0xD2, 0xA6, 0xF6, 0x5D,
    0x32, 0x12, 0x93, 0xA4, 0xB6, 0x12, 0x24, 0x28, 0x4C, 0x8B, 0x01, 0xB3, 0x88, 0x1E, 0xE8, 0xD4,
    0x60, 0x6D, 0x5A, 0x4E, 0xF2, 0x86, 0x13, 0x3E, 0x00, 0xCE, 0xD6, 0xD0, 0x5E, 0x03, 0x28, 0x76,
    0x0A, 0xB3, 0x25, 0x06, 0x45, 0xD6, 0x13, 0x51, 0xC1, 0x0A, 0x8F, 0x8A, 0x00, 0x3C, 0x29, 0x6B,
    0xC0, 0xD1, 0x2D, 0xEF, 0xB0, 0x4F, 0x55, 0xAD, 0x0A, 0x80, 0x69, 0x8E, 0xF5, 0xF8, 0x1A, 0x46,
    0x24, 0xB8, 0x17, 0x7F, 0xEF, 0x2A, 0xD3, 0x0C, 0x6B, 0xD3, 0x2C, 0x3A, 0xD3, 0x94, 0x2A, 0x47,
    0xF5, 0x9A, 0xD7, 0x79, 0x34, 0xAF, 0x9E, 0x7E, 0x31, 0x70, 0x0F, 0xC9, 0x44, 0x6A, 0xE4, 0xED,
    0xEB, 0x71, 0x2A, 0x49, 0x92, 0x61, 0xFC, 0x99, 0x58, 0x01, 0xFD, 0x1A, 0x58, 0x44, 0xC0, 0x35,
    0x40, 0x51, 0xD3, 0xA6, 0x7B, 0x96, 0xF3, 0xF9, 0xE8, 0x79, 0x3C, 0xAF, 0xEE, 0xD3, 0x34, 0x37,
    0x00, 0x9C, 0x4C, 0x3A, 0x2C, 0x20, 0x87, 0x5B, 0xD5, 0x0E, 0x45, 0x53, 0xF2, 0xDD, 0x80, 0xCD,
    0x37, 0x00, 0x5C, 0xD2, 0x34, 0xF0, 0xF2, 0xA1, 0x58, 0x09, 0x23, 0xE9, 0xBF, 0xC4, 0x9B, 0x52,
    0x98, 0xC2, 0x9E, 0x4F, 0xB7, 0x76, 0xA2, 0xF5, 0x73, 0xFA, 0xBC, 0x19, 0x8F, 0xA2, 0x01, 0x80,
    0x39, 0xA2, 0x88, 0x07, 0xD5, 0x75, 0xB8, 0x15, 0x64, 0xC7, 0xC2, 0x26, 0xCD, 0x96, 0x2E, 0xFD,
    0xD4, 0xE6, 0xB1, 0xD0, 0xB2, 0x42, 0x76, 0xE0, 0xE4, 0x95, 0x04, 0xEB, 0x61, 0x9A, 0x97, 0x20,
    0xD7, 0xC4, 0x96, 0xB7, 0x25, 0x61, 0x9F, 0x12, 0xCC, 0xAD, 0x4C, 0x23, 0xFA, 0x40, 0x44, 0x5A,
    0xC5, 0x00, 0x50, 0x47, 0x4B, 0x44, 0xAE, 0xF7, 0x7B, 0x4B, 0xA9, 0x4A, 0xBF, 0xB4, 0xF7, 0x68,
    0x2D, 0x55, 0x8B, 0x99, 0x5C, 0xC2, 0xC9, 0x80, 0xC5, 0xE9, 0x06, 0x27, 0x70, 0xFE, 0x27, 0xB0,
    0x35, 0x44, 0x42, 0x12, 0x0A, 0x95, 0xAD, 0xDF, 0x47, 0xE9, 0xAB, 0xD3, 0x1D, 0xAC, 0xF4, 0xC9,
    0x5F, 0xFC, 0x03, 0xA9, 0x95, 0xA5, 0x70, 0x9F, 0xFE, 0xFC, 0x74, 0x50, 0xF6, 0x58, 0xC0, 0x9E,
    0x46, 0x38, 0x58, 0x69, 0x61, 0x47, 0x7A, 0xFB, 0xA1, 0x72, 0x2A, 0xA7, 0x8F, 0xF2, 0x42, 0xFD,
    0x65, 0x70, 0x12, 0x95, 0xDC, 0x91, 0xB1, 0x92, 0x81, 0x7D, 0x2F, 0x5A, 0xF5, 0xAF, 0xC7, 0x3E,
    0x16, 0xFA, 0x6A, 0x5A, 0xE6, 0xB1, 0x51, 0x2D, 0xAD, 0x47, 0x6F, 0xFD, 0xAF, 0xA3, 0xF5, 0x55,
    0xAB, 0x35, 0x6B, 0xAD, 0x17, 0x9E, 0xC1, 0x84, 0x88, 0xA3, 0xB4, 0x69, 0x90, 0x4B, 0x0F, 0xD7,
    0xAC, 0xB1, 0xC0, 0x13, 0x2C, 0xE1, 0x34, 0xB4, 0x24, 0x8D, 0x7B, 0x3D, 0x50, 0xE1, 0x47, 0xFA,
    0x7C, 0xA5, 0x7E, 0x43, 0xF2, 0x9F, 0x49, 0xE3, 0x64, 0xA8, 0xFC, 0xC5, 0x1A, 0x4F, 0x3A, 0xF0,
    0x9D, 0xF5, 0xEA, 0x81, 0x35, 0x70, 0x8E, 0x77, 0xCB, 0xFA, 0xC2, 0xCA, 0x90, 0x49, 0x53, 0xD4,
    0x36, 0x1D, 0x75, 0x80, 0x2D, 0x04, 0xCE, 0xDB, 0xE3, 0x5F, 0x6D, 0x7B, 0xD3, 0x3D, 0x7B, 0x16,
    0x23, 0x80, 0xBB, 0x7D, 0x22, 0x57, 0xBB, 0xB6, 0x0F, 0xBC, 0xAF, 0x3A, 0x99, 0xD6, 0x05, 0x97,
    0xE2, 0xDB, 0x48, 0x64, 0x54, 0x0A, 0x7D, 0xC2, 0xA0, 0x5C, 0x97, 0xB8, 0xEB, 0x92, 0x81, 0xD7,
    0xBF, 0x01, 0x8D, 0x92, 0x21, 0x8C, 0xDB, 0x30, 0x14, 0x86, 0xBF, 0x26, 0xEA, 0x72, 0x52, 0xB6,
    0xF8, 0xC0, 0x60, 0x6F, 0x57, 0x30, 0x98, 0xA9, 0xA4, 0xC0, 0xC0, 0x6D, 0xC2, 0x46, 0xC7, 0x35,
    0x8E, 0x0B, 0x0A, 0x06, 0xEE, 0x66, 0x73, 0xCE, 0x75, 0x1C, 0x15, 0x1E, 0xD8, 0x76, 0x96, 0xC6,
    0xA5, 0xE3, 0xC8, 0x7C, 0xC4, 0x20, 0xA0, 0xC0, 0xAE, 0xE7, 0x65, 0xAD, 0x74, 0x9A, 0x2A, 0xAD,
    0xEF, 0xFD, 0xCA, 0xF7, 0xF2, 0xE9, 0x99, 0x58, 0x86, 0x94, 0xEB, 0xF4, 0xCD, 0x08, 0x39, 0x2F,
    0x07, 0x80, 0x34, 0x96, 0x3D, 0x82, 0x97, 0xF6, 0xA4, 0x33, 0x87, 0x0B, 0x8B, 0x37, 0xAD, 0xD2,
    0x7A, 0x75, 0x17, 0xA3, 0x92, 0x1B, 0x8E, 0x38, 0x4A, 0xF2, 0x50, 0xD1, 0x36, 0xA8, 0x0F, 0xE8,
    0xAE, 0xCF, 0x59, 0xDD, 0xF2, 0x65, 0x45, 0xD4, 0xE4, 0xA8, 0x77, 0xC8, 0x96, 0xCD, 0x12, 0x38,
    0x2F, 0xCF, 0x1E, 0x2F, 0x9F, 0xFF, 0xB6, 0x8E, 0x3A, 0x66, 0x5E, 0xD2, 0xE3, 0xEE, 0xFF, 0xFC,
    0xA4, 0x5F, 0x0C, 0x3A, 0xA4, 0x98, 0x0E, 0x4F, 0xB1, 0xDB, 0xD7, 0x0E, 0xE0, 0x99, 0x40, 0xEA,
    0x93, 0x4F, 0xFB, 0x64, 0x0F, 0x78, 0x0C, 0x8F, 0xE1, 0xF1, 0x4F, 0x0A, 0x57, 0x9B, 0x50, 0x7A,
    0x61, 0xC7, 0xE9, 0x3A, 0xC4, 0xBB, 0xEA, 0xC0, 0x2B, 0x03, 0x5D, 0xB2, 0xC2, 0xC2, 0x8F, 0xCA,
    0x0B, 0x03, 0xFB, 0x89, 0x5F, 0x00, 0x03, 0xC3, 0x9A, 0xF1, 0xEF, 0x1E, 0xF8, 0x5E, 0xF9, 0xC0,
    0xB8, 0x39, 0x00, 0xF5, 0xA1, 0xF0, 0x00, 0x94, 0x0E, 0x80, 0xCA, 0x3E, 0x39, 0x40, 0xFC, 0x4C,
    0x01, 0xB8, 0xFD, 0xE8, 0xB4, 0x83, 0x85, 0x30, 0xDD, 0x12, 0xD6, 0xA2, 0xEF, 0x3E, 0xC3, 0xB7,
    0x8C, 0xD7, 0xB0, 0x17, 0x26, 0x63, 0x32, 0x54, 0xEE, 0xEB, 0x8C, 0xD2, 0x17, 0x29, 0x2C, 0x99,
    0x7C, 0x42, 0xFF, 0x72, 0x53, 0x04, 0x0D, 0x33, 0x14, 0x92, 0x39, 0xD3, 0x2B, 0x71, 0xD3, 0xB4,
    0x33, 0xA9, 0xB6, 0x72, 0x37, 0x7F, 0x98, 0x5E, 0xBD, 0x15, 0x37, 0xAA, 0x69, 0xE5, 0x4C, 0x6E,
    0xD4, 0xD6, 0xCB, 0x9D, 0x9B, 0x3F, 0x98, 0xF7, 0x31, 0xDE, 0xAB, 0xED, 0x35, 0x3D, 0xB6, 0xB4,
    0xC2, 0xAE, 0x59, 0x23, 0xF2, 0x84, 0x85, 0xAC, 0xF0, 0x04, 0x16, 0xB9, 0x03, 0x1E, 0x7B, 0x7A,
    0x2D, 0x3E, 0x07, 0xA0, 0x30, 0xE4, 0xCD, 0xBA, 0x47, 0x40, 0x0B, 0x12, 0x76, 0xE0, 0x28, 0x2C,
    0xA5, 0xA1, 0x86, 0xE6, 0xA4, 0x81, 0x7F, 0xEF, 0xF8, 0x32, 0xF3, 0x1B, 0x74, 0x90, 0x81, 0x46,
    0x04, 0x51, 0x14, 0x86, 0xBF, 0x7B, 0x87, 0x46, 0xA6, 0x6D, 0x40, 0x88, 0x69, 0x37, 0x2C, 0xC2,
    0x1A, 0x61, 0x64, 0xB0, 0xD5, 0x7D, 0x88, 0xC6, 0x62, 0x64, 0x7A, 0x80, 0xD2, 0x40, 0x04, 0x69,
    0x1E, 0x24, 0x40, 0x08, 0x68, 0x10, 0x20, 0x9C, 0x47, 0x98, 0x47, 0x98, 0x07, 0x08, 0xFB, 0x00,
    0x3B, 0x7B, 0xBA, 0xDB, 0x42, 0x22, 0xE7, 0xF3, 0x1F, 0xCE, 0x39, 0x38, 0xFF, 0x6F, 0x07, 0xE2,
    0xB2, 0x99, 0x99, 0x2E, 0x67, 0x99, 0x51, 0xD7, 0x3F, 0x64, 0xB4, 0x39, 0xBD, 0x1F, 0xFA, 0x95,
    0x3F, 0x60, 0x06, 0x9F, 0x98, 0x2F, 0x82, 0x17, 0xF6, 0x13, 0xE6, 0x09, 0x6D, 0x82, 0xAA, 0x14,
    0xD7, 0x8E, 0x04, 0xBC, 0xAA, 0x4C, 0xD4, 0x1D, 0x15, 0x24, 0x6C, 0x18, 0xBF, 0xB2, 0x7B, 0x0F,
    0x41, 0x83, 0x11, 0xCF, 0xB1, 0x95, 0xF3, 0xCA, 0x45, 0x03, 0x1C, 0x12, 0xA8, 0xC4, 0xF4, 0x09,
    0x37, 0x39, 0x9C, 0xA9, 0xBB, 0x58, 0x74, 0x8F, 0xB4, 0xA7, 0xD4, 0x9E, 0x13, 0x96, 0xF1, 0xA2,
    0xB3, 0x6B, 0x54, 0x8B, 0x8A, 0x11, 0x33, 0x32, 0x5A, 0x3A, 0x2B, 0x81, 0x8B, 0x18, 0x31, 0x67,
    0xFB, 0xEA, 0xC8, 0xCA, 0x9E, 0x91, 0x38, 0x94, 0x50, 0x19, 0x97, 0x4D, 0x66, 0xA5, 0x36, 0xE2,
    0x35, 0x2D, 0x5D, 0x38, 0xB0, 0xB3, 0x66, 0xB2, 0x90, 0x9C, 0x7E, 0x6B, 0x24, 0xA7, 0x4D, 0xED,
    0x32, 0x5A, 0xD7, 0x50, 0x4F, 0xE9, 0x73, 0x23, 0x93, 0x77, 0x67, 0xDF, 0x08, 0x09, 0x29, 0xAF,
    0x74, 0xB5, 0xE9, 0x06, 0xD0, 0x15, 0xFC, 0x93, 0x44, 0xFD, 0x3B, 0x89, 0x15, 0xB7, 0x24, 0x7F,
    0xEA, 0xCE, 0xA9, 0x84, 0x03, 0x69, 0xD5, 0xE4, 0x81, 0x4C, 0x8D, 0x60, 0x85, 0xC8, 0xF1, 0x44,
    0xD8, 0x33, 0x86, 0xCC, 0xC8, 0x43, 0x21, 0xCF, 0x2A, 0x97, 0x2A, 0x07, 0x55, 0x43, 0x0A, 0x1F,
    0x04, 0x1D, 0x81, 0xC2, 0xF7, 0xD8, 0xA1, 0x21, 0x94, 0x00, 0x09, 0xA1, 0x9F, 0x64, 0x85, 0xF4,
    0x7A, 0xEC, 0x21, 0xCD, 0x44, 0xEB, 0x90, 0xFE, 0x4B, 0x76, 0x48, 0x03, 0x00, 0x9D, 0xD2, 0x01,
    0x84, 0xDC, 0x4C, 0x18, 0xC6, 0xF1, 0x7F, 0x12, 0x7B, 0x41, 0x30, 0x9F, 0x8F, 0x3B, 0x38, 0x1A,
    0x80, 0x16, 0x2E, 0x00, 0xB0, 0xBB, 0x09, 0x70, 0x28, 0x5A, 0x5C, 0xAA, 0xEE, 0x00, 0x94, 0x3A,
    0x38, 0x00, 0x48, 0x6D, 0x38, 0x40, 0xD1, 0x43, 0x17, 0x80, 0x96, 0x1E, 0x2C, 0x00, 0x38, 0x5C,
    0xBB, 0x51, 0x00, 0x68, 0x00, 0x80, 0x06, 0x07, 0x80, 0x94, 0x29, 0xE9, 0x49, 0xF2, 0x76, 0x66,
    0x6A, 0xD7, 0xAA, 0xA2, 0x0A, 0x3F, 0xAF, 0x27, 0x31, 0xCF, 0x0C, 0x6F, 0x2A, 0xD0, 0x13, 0x48,
    0xBF, 0x1D, 0xFC, 0x06, 0x7F, 0x84, 0x38, 0xF3, 0x5A, 0x02, 0x81, 0x04, 0x34, 0xC1, 0x57, 0x98,
    0xC3, 0x0D, 0xE1, 0x97, 0x92, 0x02, 0xA6, 0xA8, 0xD7, 0x15, 0x3D, 0xFB, 0xCF, 0xF3, 0xD3, 0xFF,
    0x97, 0x27, 0xEF, 0x4F, 0x16, 0x8D, 0x34, 0x7D, 0x32, 0xA8, 0x01, 0xC5, 0x91, 0xDF, 0x04, 0x35,
    0x44, 0xE5, 0xCC, 0x6B, 0xA3, 0x0A, 0xC2, 0xAA, 0x40, 0xAB, 0x92, 0x45, 0x9F, 0x1C, 0xCB, 0x71,
    0xB3, 0x1E, 0x16, 0x83, 0x8A, 0xE4, 0xB2, 0x96, 0x01, 0xEF, 0x5B, 0xCB, 0x6C, 0x0E, 0x70, 0xDF,
    0x72, 0x74, 0x0B, 0xB0, 0xAE, 0x89, 0x3B, 0x80, 0xB4, 0x42, 0xE9, 0xCD, 0xD0, 0x82, 0xBD, 0x13,
    0x61, 0x0D, 0x10, 0xC9, 0x15, 0x20, 0x32, 0x42, 0x38, 0x70, 0x51, 0xA2, 0x6A, 0x4C, 0x53, 0x0A,
    0x41, 0xC5, 0x2B, 0xA7, 0x3B, 0x2B, 0x11, 0x91, 0x8C, 0xD4, 0x08, 0x68, 0xC0, 0xE9, 0xF2, 0x1E,
    0x52, 0x27, 0x05, 0x00, 0x73, 0x67, 0x92, 0xE1, 0x35, 0xA8, 0x86, 0xB0, 0x21, 0x18, 0xB3, 0x8B,
    0x0A, 0xD6, 0xB6, 0x85, 0x3D, 0xB9, 0x43, 0x89, 0x48, 0xE9, 0xD4, 0xEC, 0xBF, 0xCC, 0xB3, 0x8F,
    0x2C, 0x3E, 0x8B, 0xAC, 0x61, 0x06, 0xCA, 0xCD, 0x6F, 0xB2, 0xF3, 0xE5, 0x6A, 0xF5, 0xC4, 0x25,
    0x89, 0xD5, 0x1B, 0x5C, 0x4D, 0xE7, 0x2C, 0x5D, 0xCE, 0x5F, 0xA9, 0xA4, 0xDD, 0xCA, 0x85, 0x94,
    0x84, 0xB6, 0x55, 0xD5, 0x7B, 0x3D, 0x31, 0xCC, 0x79, 0x00, 0x31, 0x6C, 0x11, 0x11, 0xA9, 0x1C,
    0x1C, 0x4A, 0x8D, 0x2F, 0x1F, 0xD8, 0xC9, 0xDC, 0x89, 0x05, 0x4C, 0x98, 0x42, 0x4C, 0x6A, 0x49,
    0xEE, 0xBC, 0x4F, 0x44, 0x22, 0xBD, 0x3D, 0xFE, 0xCA, 0xFD, 0x3C, 0x38, 0x34, 0x05, 0x33, 0x47,
    0x6B, 0x98, 0x62, 0xE0, 0x5F, 0x98, 0x42, 0x24, 0x97, 0x52, 0x45, 0x2D, 0xAA, 0xDA, 0xBC, 0x64,
    0x92, 0x93, 0x01, 0x6B, 0x0E, 0xAE, 0xF3, 0xF3, 0x25, 0x76, 0xD7, 0x34, 0xF9, 0x32, 0xCF, 0x5F,
    0x30, 0xC4, 0x22, 0x97, 0x6E, 0x7E, 0x64, 0x73, 0x0A, 0x67, 0x67, 0x0D, 0x34, 0xFE, 0xFD, 0xCA,
    0xBD, 0x4B, 0x46, 0xF0, 0xBF, 0x9F, 0xD5, 0xC6, 0x26, 0x68, 0xAC, 0x5E, 0x6B, 0xA5, 0x73, 0x16,
    0xCE, 0xB9, 0x67, 0x8D, 0x1F, 0x97, 0x6B, 0xC9, 0x94, 0x64, 0xC6, 0x60, 0x04, 0xE0, 0x3F, 0x52,
    0xA9, 0x70, 0x80, 0xE6, 0x0F, 0x9C, 0x75, 0x9C, 0x8A, 0xDC, 0x21, 0x63, 0x06, 0x4F, 0x7F, 0x65,
    0x07, 0x37, 0x4C, 0x44, 0x3A, 0x93, 0xBD, 0x85, 0x6B, 0x97, 0x6D, 0x78, 0x68, 0x29, 0x1C, 0x76,
    0xCB, 0xFA, 0x0D, 0x23, 0x76, 0xAA, 0xD1, 0x1C, 0x6A, 0x03, 0xBD, 0x65, 0x6A, 0x99, 0x6D, 0xA7,
    0x5B, 0x43, 0xA8, 0x11, 0x91, 0xC6, 0x30, 0xEE, 0x5E, 0xA3, 0x05, 0x24, 0x32, 0xAE, 0x9E, 0xBD,
    0xDB, 0x69, 0xDB, 0xBD, 0xFD, 0x04, 0x40, 0xED, 0x82, 0x88, 0x74, 0x16, 0xC9, 0x82, 0x9A, 0xB8,
    0x36, 0xF8, 0x8D, 0xC1, 0x6B, 0x37, 0x04, 0x06, 0xFB, 0xC1, 0xEE, 0xB1, 0xC5, 0xFE, 0x77, 0xD8,
    0x18, 0xD0, 0x96, 0x1B, 0x4B, 0xB1, 0xE5, 0xD6, 0xE0, 0x75, 0x86, 0xB8, 0xDD, 0xAC, 0xD2, 0x8F,
    0xDF, 0x2B, 0x7F, 0x02, 0x8D, 0xCD, 0x21, 0x8C, 0xD4, 0x50, 0x14, 0x46, 0xE1, 0xAF, 0xED, 0x2E,
    0x9B, 0x4C, 0x37, 0x5B, 0xCC, 0xE8, 0x1A, 0xFC, 0x58, 0x82, 0x98, 0xF7, 0xBC, 0x5A, 0x33, 0x41,
    0xE2, 0x15, 0x9E, 0xB0, 0x69, 0xBD, 0xF7, 0x0A, 0x35, 0x02, 0x7C, 0x42, 0xE0, 0x79, 0x55, 0xAF,
    0xAA, 0x57, 0x55, 0x8C, 0x40, 0x4C, 0x72, 0xE9, 0x66, 0x14, 0x21, 0x4C, 0xC8, 0xBD, 0xE2, 0x98,
    0xF3, 0x1F, 0x68, 0x32, 0xFD, 0xF6, 0xF0, 0x98, 0x7E, 0xC6, 0xA9, 0xCD, 0x54, 0xB8, 0xD5, 0x49,
    0xE5, 0xD3, 0xDC, 0xB9, 0x76, 0x5C, 0xFC, 0xED, 0xE1, 0xFD, 0x9C, 0x22, 0x4E, 0x34, 0x85, 0xDA,
    0xE6, 0xAA, 0xF5, 0xE1, 0x31, 0x4D, 0xFD, 0xB8, 0x01, 0xD4, 0x59, 0xE9, 0xB6, 0x87, 0xD3, 0x2E,
    0xC5, 0xF9, 0x2E, 0x5B, 0x64, 0x23, 0xAD, 0x7E, 0x1C, 0xA6, 0x8D, 0xEE, 0xBF, 0x6E, 0x98, 0x77,
    0xA5, 0xC5, 0x6B, 0x0C, 0x99, 0x98, 0x18, 0x0A, 0x69, 0xE2, 0xDD, 0x82, 0xEF, 0x48, 0xE8, 0x46,
    0x9A, 0x19, 0xBF, 0xF0, 0x84, 0x1E, 0x1B, 0xC0, 0xED, 0xC5, 0xAE, 0x63, 0x24, 0xB2, 0x2A, 0x68,
    0x9E, 0x2F, 0xCE, 0x1E, 0x67, 0xEA, 0x85, 0xB6, 0xD0, 0xE3, 0x09, 0x6F, 0x00, 0xF0, 0x16, 0x7B,
    0xF4, 0x99, 0xBB, 0x89, 0xFA, 0xAF, 0x6E, 0x20, 0xA8, 0xE2, 0xA5, 0x51, 0xF8, 0x08, 0x80, 0x0D,
    0x76, 0xF8, 0x4C, 0x75, 0xA2, 0x99, 0xFE, 0xE8, 0xA6, 0x85, 0x54, 0x18, 0x0A, 0x31, 0xB3, 0xCF,
    0x80, 0x4C, 0x5D, 0x68, 0x23, 0xCE, 0xE9, 0xF9, 0xF8, 0x65, 0x28, 0xF4, 0x2B, 0xDF, 0xAD, 0x5C,
    0x15, 0x00, 0x16, 0xCD, 0x59, 0x17, 0x52, 0x94, 0xAE, 0xD3, 0x3E, 0xFC, 0xF3, 0xC1, 0x0D, 0x1E,
    0x44, 0xC4, 0x78, 0x3C, 0x7E, 0x9B, 0xE9, 0x4E, 0x2B, 0x4F, 0x2B, 0x67, 0xEE, 0xE1, 0xDA, 0xC2,
    0xFA, 0x2F, 0x95, 0xB0, 0x16, 0x2D, 0x50, 0x71, 0xE3, 0x15, 0xF7, 0xFA, 0x88, 0x90, 0xD6, 0xA1,
    0xF2, 0x83, 0x6E, 0x4A, 0x11, 0x91, 0xBB, 0xE3, 0xF1, 0xAB, 0x9A, 0x7B, 0xE0, 0x37, 0x85, 0xD2,
    0x21, 0x8C, 0xDC, 0x46, 0x14, 0xC6, 0xF1, 0xDF, 0xAE, 0x4F, 0x75, 0x55, 0x2B, 0x99, 0x80, 0x80,
    0x56, 0x6A, 0xE4, 0x82, 0x82, 0x54, 0x8A, 0x64, 0x7A, 0x60, 0x77, 0x6D, 0xCE, 0x79, 0x69, 0x55,
    0x1C, 0x70, 0x60, 0x73, 0x6B, 0x8E, 0xC2, 0x51, 0x70, 0x48, 0x03, 0x0F, 0x38, 0x5D, 0x73, 0x64,
    0x4E, 0x6A, 0x5C, 0x34, 0x8D, 0x2C, 0x65, 0x2B, 0xDD, 0xEE, 0x74, 0xAD, 0x8B, 0x74, 0x3A, 0x35,
    0x69, 0xBF, 0xF9, 0xDE, 0x7F, 0xBE, 0x79, 0x7A, 0x7A, 0x68, 0x80, 0x5D, 0x22, 0x1D, 0xEF, 0x98,
    0x8D, 0x14, 0xFD, 0x22, 0x12, 0x1A, 0x07, 0x2A, 0x3A, 0x36, 0xD4, 0x29, 0xDD, 0x52, 0xA5, 0x74,
    0xA0, 0x6C, 0x16, 0x13, 0xA1, 0xCD, 0x22, 0x79, 0x9F, 0x0D, 0x64, 0x63, 0xD1, 0xB3, 0x8C, 0xA1,
    0xC5, 0x54, 0x42, 0xB7, 0x81, 0x57, 0x5B, 0xD8, 0x74, 0x50, 0x4E, 0xC8, 0x52, 0x34, 0x73, 0x00,
    0xA4, 0xB3, 0xFA, 0x34, 0x23, 0x32, 0xB9, 0x87, 0x87, 0x08, 0x29, 0x7D, 0x02, 0x3E, 0x8F, 0xF8,
    0x10, 0xF7, 0x9B, 0xC1, 0x77, 0x8F, 0x2D, 0xD3, 0x49, 0xF8, 0xF3, 0x56, 0xB5, 0x3C, 0x59, 0xE5,
    0x7F, 0xD8, 0x96, 0xC1, 0x76, 0x15, 0x9A, 0xD5, 0x14, 0xD4, 0x43, 0xA5, 0xEC, 0xDF, 0xAB, 0xD2,
    0xE4, 0xA7, 0x7D, 0x0B, 0xC0, 0xD7, 0x78, 0x8C, 0x0A, 0x75, 0xCB, 0xBE, 0xE7, 0xE3, 0x68, 0xF9,
    0x57, 0x94, 0x0D, 0x93, 0xBC, 0xDF, 0x0A, 0xCD, 0x5A, 0xA9, 0x52, 0xA7, 0xD4, 0xEC, 0x52, 0xEA,
    0x7F, 0x7D, 0xFB, 0xB6, 0xDD, 0x9F, 0xEF, 0xF3, 0xBB, 0xAD, 0xDE, 0xFE, 0x26, 0xA8, 0x84, 0x76,
    0x2D, 0xEF, 0x3B, 0xD9, 0x38, 0x59, 0x7C, 0x88, 0x7C, 0x1C, 0xD8, 0xF5, 0xD4, 0x0D, 0x25, 0x1E,
    0x71, 0xAF, 0x90, 0x8E, 0xE6, 0x75, 0x83, 0xA3, 0x3C, 0x66, 0x13, 0x87, 0x30, 0xD2, 0xD5, 0x2D,
    0x37, 0x35, 0x9E, 0xCE, 0x70, 0x87, 0x94, 0xE2, 0x27, 0xC0, 0x3D, 0xAA, 0x1E, 0x45, 0x64, 0xBD,
    0xBC, 0x65, 0xE5, 0x77, 0x3A, 0x55, 0x4A, 0x93, 0x62, 0x9E, 0x06, 0xEC, 0x53, 0x3A, 0x7B, 0x16,
    0x64, 0xFD, 0x7C, 0xE6, 0xD7, 0x5D, 0x42, 0x24, 0xBA, 0xFC, 0x30, 0xEC, 0xD2, 0x10, 0x92, 0xE2,
    0xE4, 0x1C, 0xAE, 0x3E, 0x0C, 0x77, 0x7D, 0xCA, 0xB8, 0xDE, 0xBE, 0xFB, 0xFE, 0xDD, 0xA3, 0x97,
    0x2F, 0xEA, 0xE9, 0xAB, 0xD7, 0x8B, 0xA6, 0x9A, 0x76, 0xB7, 0xE9, 0x98, 0x4E, 0xFB, 0x63, 0x7D,
    0x28, 0x46, 0xA8, 0x12, 0xFB, 0x44, 0x64, 0x31, 0x90, 0xF5, 0x64, 0x2D, 0x45, 0x43, 0xC0, 0x33,
    0x56, 0x2B, 0xCA, 0x4B, 0xF2, 0x89, 0x45, 0x04, 0xA0, 0x38, 0x54, 0xE3, 0xFC, 0xE5, 0xAE, 0x7F,
    0xFE, 0xFB, 0x7D, 0x57, 0x8C, 0x9B, 0x9B, 0x7C, 0xA8, 0xB6, 0x21, 0x6E, 0xE6, 0xCF, 0x58, 0x9E,
    0x76, 0xD3, 0xE2, 0xCD, 0x37, 0x0D, 0x17, 0x08, 0xD8, 0xA0, 0x63, 0x19, 0xC9, 0x07, 0x42, 0xF3,
    0xC5, 0xD6, 0x3E, 0x9D, 0xD4, 0xE7, 0x82, 0x37, 0x6F, 0xE2, 0x7F, 0x08, 0x84, 0x9E, 0x72, 0xA0,
    0x8E, 0x5C, 0x47, 0xBA, 0x03, 0x53, 0x67, 0x19, 0x37, 0xB2, 0xB1, 0x92, 0xF7, 0xA1, 0x09, 0x6D,
    0xD1, 0x97, 0xF2, 0x61, 0xEE, 0xBC, 0xB2, 0x88, 0xDF, 0xF2, 0x1A, 0x5E, 0x30, 0xAE, 0x2D, 0x63,
    0x75, 0xEE, 0x87, 0xE6, 0x3C, 0xD9, 0x87, 0x36, 0xEF, 0xCB, 0x26, 0x1B, 0x6B, 0x8B, 0xB8, 0xE6,
    0xD0, 0xD1, 0x4D, 0xD4, 0x91, 0x6A, 0x24, 0xF4, 0x14, 0x2D, 0x97, 0x6C, 0xF9, 0xD1, 0xBF, 0xB5,
    0x72, 0xB5, 0x72, 0xF3, 0xD4, 0x93, 0xE7, 0x5E, 0x6E, 0x75, 0xCF, 0x3F, 0x3B, 0x74, 0xC5, 0x96,
    0x27, 0xB8, 0xFE, 0x65, 0x7F, 0xC5, 0xC5, 0xC5, 0xFE, 0xE6, 0xFA, 0x39, 0x10, 0x78, 0x66, 0x97,
    0xFA, 0xB3, 0xBD, 0x63, 0xFC, 0x94, 0x0B, 0x02, 0x48, 0xE9, 0x70, 0xB6, 0x2F, 0xE7, 0x96, 0xA2,
    0x67, 0x4F, 0x3E, 0xB1, 0x6B, 0xE6, 0x4B, 0xDD, 0x70, 0x8D, 0x72, 0x60, 0x71, 0x7C, 0x10, 0x7A,
    0x96, 0x7D, 0x9D, 0x6E, 0xCD, 0xF5, 0x03, 0x36, 0x28, 0xC6, 0xCF, 0xCD, 0x15, 0xC3, 0xDD, 0xC2,
    0x87, 0x7B, 0x2F, 0x91, 0xA7, 0xD4, 0xCF, 0x25, 0xFA, 0x5F, 0xA7, 0x14, 0xCF, 0xC6, 0x45, 0xBD,
    0x5B, 0xFF, 0x03,
};

static const EpdGlyph edslab_14_regularGlyphs[] = {
    { 0, 0, 161, 0, 0, 0, 0 }, // U+0020
    { 3, 20, 102, 1, 20, 15, 0 }, // !
    { 7, 6, 157, 2, 20, 11, 15 }, // "
    { 20, 20, 372, 1, 20, 100, 26 }, // #
    { 16, 28, 294, 1, 24, 112, 126 }, // $
    { 25, 20, 437, 1, 20, 125, 238 }, // %
    { 18, 20, 340, 2, 20, 90, 363 }, // &
    { 3, 6, 91, 2, 20, 5, 453 }, // '
    { 10, 32, 200, 1, 26, 80, 458 }, // (
    { 10, 32, 200, 1, 26, 80, 538 }, // )
    { 11, 10, 200, 1, 24, 28, 618 }, // *
    { 8, 8, 181, 1, 11, 16, 646 }, // +
    { 4, 7, 102, 1, 3, 7, 662 }, // ,
    { 8, 3, 181, 1, 9, 6, 669 }, // -
    { 3, 3, 102, 1, 3, 3, 675 }, // .
    { 11, 27, 184, 0, 21, 75, 678 }, // /
    { 16, 20, 283, 1, 20, 80, 753 }, // 0
    { 8, 20, 170, 1, 20, 40, 833 }, // 1
    { 15, 20, 263, 0, 20, 75, 873 }, // 2
    { 16, 20, 274, 0, 20, 80, 948 }, // 3
    { 15, 20, 271, 1, 20, 75, 1028 }, // 4
    { 15, 20, 270, 1, 20, 75, 1103 }, // 5
    { 15, 21, 274, 1, 21, 79, 1178 }, // 6
    { 13, 20, 260, 1, 20, 65, 1257 }, // 7
    { 15, 20, 277, 1, 20, 75, 1322 }, // 8
    { 15, 22, 260, 1, 20, 83, 1397 }, // 9
    { 3, 13, 102, 1, 13, 10, 1480 }, // :
    { 4, 16, 102, 1, 13, 16, 1490 }, // ;
    { 14, 14, 257, 1, 15, 49, 1506 }, // <
    { 8, 6, 181, 1, 10, 12, 1555 }, // =
    { 13, 14, 257, 2, 15, 46, 1567 }, // >
    { 14, 22, 258, 1, 20, 77, 1613 }, // ?
    { 25, 25, 450, 2, 23, 157, 1690 }, // @
    { 23, 20, 416, 1, 20, 115, 1847 }, // A
    { 19, 20, 335, 1, 20, 95, 1962 }, // B
    { 19, 20, 329, 1, 20, 95, 2057 }, // C
    { 22, 20, 373, 1, 20, 110, 2152 }, // D
    { 18, 20, 322, 1, 20, 90, 2262 }, // E
    { 18, 20, 322, 1, 20, 90, 2352 }, // F
    { 19, 20, 331, 1, 20, 95, 2442 }, // G
    { 22, 20, 405, 1, 20, 110, 2537 }, // H
    { 8, 20, 175, 1, 20, 40, 2647 }, // I
    { 15, 20, 261, 0, 20, 75, 2687 }, // J
    { 21, 20, 349, 1, 20, 105, 2762 }, // K
    { 18, 20, 326, 1, 20, 90, 2867 }, // L
    { 26, 20, 462, 1, 20, 130, 2957 }, // M
    { 22, 20, 405, 1, 20, 110, 3087 }, // N
    { 21, 20, 380, 1, 20, 105, 3197 }, // O
    { 19, 20, 335, 1, 20, 95, 3302 }, // P
    { 24, 25, 410, 1, 20, 150, 3397 }, // Q
    { 21, 20, 358, 1, 20, 105, 3547 }, // R
    { 17, 20, 283, 0, 20, 85, 3652 }, // S
    { 20, 20, 351, 1, 20, 100, 3737 }, // T
    { 23, 20, 418, 1, 20, 115, 3837 }, // U
    { 23, 20, 416, 1, 20, 115, 3952 }, // V
    { 34, 20, 591, 1, 20, 170, 4067 }, // W
    { 21, 20, 381, 1, 20, 105, 4237 }, // X
    { 20, 20, 363, 1, 20, 100, 4342 }, // Y
    { 17, 20, 316, 1, 20, 85, 4442 }, // Z
    { 7, 28, 145, 1, 21, 49, 4527 }, // [
    { 11, 27, 184, 0, 21, 75, 4576 }, // <backslash>
    { 8, 28, 159, 0, 21, 56, 4651 }, // ]
    { 14, 10, 257, 1, 21, 35, 4707 }, // ^
    { 12, 3, 232, 1, 1, 9, 4742 }, // _
    { 5, 6, 117, 1, 24, 8, 4751 }, // `
    { 14, 14, 243, 0, 13, 49, 4759 }, // a
    { 15, 23, 269, 1, 23, 87, 4808 }, // b
    { 13, 13, 225, 1, 13, 43, 4895 }, // c
    { 15, 23, 267, 1, 23, 87, 4938 }, // d
    { 12, 13, 214, 0, 13, 39, 5025 }, // e
    { 11, 23, 165, 0, 20, 64, 5064 }, // f
    { 17, 22, 259, 0, 13, 94, 5128 }, // g
    { 16, 23, 280, 1, 23, 92, 5222 }, // h
    { 8, 18, 128, 0, 18, 36, 5314 }, // i
    { 7, 25, 111, -1, 18, 44, 5350 }, // j
    { 17, 23, 279, 1, 23, 98, 5394 }, // k
    { 7, 23, 142, 1, 23, 41, 5492 }, // l
    { 24, 13, 402, 1, 13, 78, 5533 }, // m
    { 16, 13, 285, 1, 13, 52, 5611 }, // n
    { 14, 13, 240, 1, 13, 46, 5663 }, // o
    { 15, 20, 255, 1, 13, 75, 5709 }, // p
    { 15, 20, 232, 1, 13, 75, 5784 }, // q
    { 12, 13, 224, 1, 13, 39, 5859 }, // r
    { 12, 13, 188, 0, 13, 39, 5898 }, // s
    { 12, 18, 197, 1, 18, 54, 5937 }, // t
    { 16, 13, 268, 1, 13, 52, 5991 }, // u
    { 17, 13, 296, 1, 13, 56, 6043 }, // v
    { 25, 13, 427, 1, 13, 82, 6099 }, // w
    { 15, 13, 290, 1, 13, 49, 6181 }, // x
    { 17, 20, 296, 1, 13, 85, 6230 }, // y
    { 12, 13, 226, 1, 13, 39, 6315 }, // z
    { 8, 28, 133, 0, 22, 56, 6354 }, // {
    { 3, 30, 85, 1, 26, 23, 6410 }, // |
    { 9, 28, 133, 0, 22, 63, 6433 }, // }
    { 10, 4, 229, 2, 10, 10, 6496 }, // ~
    { 0, 0, 161, 0, 0, 0, 0 }, // U+00A0
    { 3, 20, 102, 1, 20, 15, 0 }, // U+00A1
    { 13, 17, 225, 1, 15, 56, 15 }, // U+00A2
    { 12, 23, 243, 2, 20, 69, 71 }, // U+00A3
    { 13, 12, 233, 1, 15, 39, 140 }, // U+00A4
    { 20, 20, 363, 1, 20, 100, 179 }, // U+00A5
    { 3, 20, 85, 1, 20, 15, 279 }, // U+00A6
    { 11, 18, 203, 0, 19, 50, 294 }, // U+00A7
    { 6, 3, 187, 3, 21, 5, 344 }, // U+00A8
    { 22, 21, 401, 1, 20, 116, 349 }, // U+00A9
    { 11, 10, 174, 0, 18, 28, 465 }, // U+00AA
    { 9, 10, 191, 1, 14, 23, 493 }, // U+00AB
    { 12, 7, 252, 2, 12, 21, 516 }, // U+00AC
    { 8, 3, 181, 1, 9, 6, 537 }, // U+00AD
    { 22, 23, 401, 2, 21, 127, 543 }, // U+00AE
    { 6, 3, 187, 3, 21, 5, 670 }, // U+00AF
    { 5, 5, 196, 3, 21, 7, 675 }, // U+00B0
    { 8, 13, 233, 3, 14, 26, 682 }, // U+00B1
    { 10, 12, 182, 0, 21, 30, 708 }, // U+00B2
    { 10, 12, 188, 1, 21, 30, 738 }, // U+00B3
    { 4, 3, 187, 4, 21, 3, 768 }, // U+00B4
    { 16, 20, 268, 1, 13, 80, 771 }, // U+00B5
    { 15, 22, 261, 0, 20, 83, 851 }, // U+00B6
    { 4, 4, 102, 1, 11, 4, 934 }, // U+00B7
    { 4, 3, 187, 4, -1, 3, 938 }, // U+00B8
    { 5, 12, 124, 1, 21, 15, 941 }, // U+00B9
    { 12, 10, 172, 0, 18, 30, 956 }, // U+00BA
    { 9, 10, 191, 2, 14, 23, 986 }, // U+00BB
    { 18, 24, 261, 0, 23, 108, 1009 }, // U+00BC
    { 18, 24, 261, 0, 23, 108, 1117 }, // U+00BD
    { 19, 24, 261, 0, 23, 114, 1225 }, // U+00BE
    { 13, 21, 258, 1, 21, 69, 1339 }, // U+00BF
    { 23, 23, 416, 1, 23, 133, 1408 }, // U+00C0
    { 23, 23, 416, 1, 23, 133, 1541 }, // U+00C1
    { 23, 23, 416, 1, 23, 133, 1674 }, // U+00C2
    { 23, 24, 416, 1, 24, 138, 1807 }, // U+00C3
    { 23, 22, 416, 1, 22, 127, 1945 }, // U+00C4
    { 23, 25, 416, 1, 25, 144, 2072 }, // U+00C5
    { 35, 20, 602, 1, 20, 175, 2216 }, // U+00C6
    { 19, 23, 329, 1, 20, 110, 2391 }, // U+00C7
    { 18, 23, 322, 1, 23, 104, 2501 }, // U+00C8
    { 18, 23, 322, 1, 23, 104, 2605 }, // U+00C9
    { 18, 23, 322, 1, 23, 104, 2709 }, // U+00CA
    { 18, 22, 322, 1, 22, 99, 2813 }, // U+00CB
    { 8, 23, 175, 1, 23, 46, 2912 }, // U+00CC
    { 8, 23, 175, 1, 23, 46, 2958 }, // U+00CD
    { 8, 23, 175, 1, 23, 46, 3004 }, // U+00CE
    { 8, 22, 175, 1, 22, 44, 3050 }, // U+00CF
    { 23, 20, 373, 0, 20, 115, 3094 }, // U+00D0
    { 22, 24, 405, 1, 24, 132, 3209 }, // U+00D1
    { 21, 24, 380, 1, 24, 126, 3341 }, // U+00D2
    { 21, 24, 380, 1, 24, 126, 3467 }, // U+00D3
    { 21, 24, 380, 1, 24, 126, 3593 }, // U+00D4
    { 21, 24, 380, 1, 24, 126, 3719 }, // U+00D5
    { 21, 22, 380, 1, 22, 116, 3845 }, // U+00D6
    { 9, 9, 233, 3, 13, 21, 3961 }, // U+00D7
    { 21, 24, 380, 1, 22, 126, 3982 }, // U+00D8
    { 23, 24, 418, 1, 24, 138, 4108 }, // U+00D9
    { 23, 24, 418, 1, 24, 138, 4246 }, // U+00DA
    { 23, 24, 418, 1, 24, 138, 4384 }, // U+00DB
    { 23, 22, 418, 1, 22, 127, 4522 }, // U+00DC
    { 20, 23, 363, 1, 23, 115, 4649 }, // U+00DD
    { 13, 22, 373, 1, 21, 72, 4764 }, // U+00DE
    { 12, 19, 252, 1, 19, 57, 4836 }, // U+00DF
    { 14, 17, 243, 0, 16, 60, 4893 }, // U+00E0
    { 14, 17, 243, 0, 16, 60, 4953 }, // U+00E1
    { 14, 17, 243, 0, 16, 60, 5013 }, // U+00E2
    { 14, 18, 243, 0, 17, 63, 5073 }, // U+00E3
    { 14, 17, 243, 0, 16, 60, 5136 }, // U+00E4
    { 14, 19, 243, 0, 18, 67, 5196 }, // U+00E5
    { 24, 14, 406, 0, 13, 84, 5263 }, // U+00E6
    { 13, 16, 225, 1, 13, 52, 5347 }, // U+00E7
    { 12, 16, 214, 0, 16, 48, 5399 }, // U+00E8
    { 12, 16, 214, 0, 16, 48, 5447 }, // U+00E9
    { 12, 16, 214, 0, 16, 48, 5495 }, // U+00EA
    { 12, 16, 214, 0, 16, 48, 5543 }, // U+00EB
    { 7, 16, 128, 1, 16, 28, 5591 }, // U+00EC
    { 7, 16, 128, 1, 16, 28, 5619 }, // U+00ED
    { 7, 16, 128, 1, 16, 28, 5647 }, // U+00EE
    { 7, 16, 128, 1, 16, 28, 5675 }, // U+00EF
    { 16, 23, 267, 1, 23, 92, 5703 }, // U+00F0
    { 16, 17, 285, 1, 17, 68, 5795 }, // U+00F1
    { 14, 16, 240, 1, 16, 56, 5863 }, // U+00F2
    { 14, 16, 240, 1, 16, 56, 5919 }, // U+00F3
    { 14, 16, 240, 1, 16, 56, 5975 }, // U+00F4
    { 14, 17, 240, 1, 17, 60, 6031 }, // U+00F5
    { 14, 16, 240, 1, 16, 56, 6091 }, // U+00F6
    { 8, 10, 233, 3, 14, 20, 6147 }, // U+00F7
    { 15, 17, 240, 1, 15, 64, 6167 }, // U+00F8
    { 16, 16, 268, 1, 16, 64, 6231 }, // U+00F9
    { 16, 16, 268, 1, 16, 64, 6295 }, // U+00FA
    { 16, 16, 268, 1, 16, 64, 6359 }, // U+00FB
    { 16, 16, 268, 1, 16, 64, 6423 }, // U+00FC
    { 17, 23, 296, 1, 16, 98, 6487 }, // U+00FD
    { 15, 30, 269, 1, 23, 113, 6585 }, // U+00FE
    { 17, 23, 296, 1, 16, 98, 6698 }, // U+00FF
    { 23, 23, 416, 1, 23, 133, 0 }, // U+0100
    { 14, 17, 243, 0, 16, 60, 133 }, // U+0101
    { 23, 24, 416, 1, 24, 138, 193 }, // U+0102
    { 14, 18, 243, 0, 17, 63, 331 }, // U+0103
    { 23, 24, 416, 1, 20, 138, 394 }, // U+0104
    { 14, 17, 243, 0, 13, 60, 532 }, // U+0105
    { 19, 24, 329, 1, 24, 114, 592 }, // U+0106
    { 13, 16, 225, 1, 16, 52, 706 }, // U+0107
    { 19, 24, 329, 1, 24, 114, 758 }, // U+0108
    { 13, 17, 225, 1, 17, 56, 872 }, // U+0109
    { 19, 23, 329, 1, 23, 110, 928 }, // U+010A
    { 13, 16, 225, 1, 16, 52, 1038 }, // U+010B
    { 19, 24, 329, 1, 24, 114, 1090 }, // U+010C
    { 13, 17, 225, 1, 17, 56, 1204 }, // U+010D
    { 22, 24, 373, 1, 24, 132, 1260 }, // U+010E
    { 18, 23, 267, 1, 23, 104, 1392 }, // U+010F
    { 23, 20, 373, 0, 20, 115, 1496 }, // U+0110
    { 16, 23, 267, 1, 23, 92, 1611 }, // U+0111
    { 18, 23, 322, 1, 23, 104, 1703 }, // U+0112
    { 12, 16, 214, 0, 16, 48, 1807 }, // U+0113
    { 18, 24, 322, 1, 24, 108, 1855 }, // U+0114
    { 12, 17, 214, 0, 17, 51, 1963 }, // U+0115
    { 18, 23, 322, 1, 23, 104, 2014 }, // U+0116
    { 12, 16, 214, 0, 16, 48, 2118 }, // U+0117
    { 18, 24, 322, 1, 20, 108, 2166 }, // U+0118
    { 12, 17, 214, 0, 13, 51, 2274 }, // U+0119
    { 18, 24, 322, 1, 24, 108, 2325 }, // U+011A
    { 12, 17, 214, 0, 17, 51, 2433 }, // U+011B
    { 19, 24, 331, 1, 24, 114, 2484 }, // U+011C
    { 17, 25, 259, 0, 16, 107, 2598 }, // U+011D
    { 19, 25, 331, 1, 25, 119, 2705 }, // U+011E
    { 17, 26, 259, 0, 17, 111, 2824 }, // U+011F
    { 19, 23, 331, 1, 23, 110, 2935 }, // U+0120
    { 17, 25, 259, 0, 16, 107, 3045 }, // U+0121
    { 19, 23, 331, 1, 20, 110, 3152 }, // U+0122
    { 17, 25, 259, 0, 13, 107, 3262 }, // U+0123
    { 22, 24, 405, 1, 24, 132, 3369 }, // U+0124
    { 16, 26, 280, 1, 26, 104, 3501 }, // U+0125
    { 23, 20, 405, 1, 20, 115, 3605 }, // U+0126
    { 17, 23, 280, 1, 23, 98, 3720 }, // U+0127
    { 8, 24, 175, 1, 24, 48, 3818 }, // U+0128
    { 9, 17, 128, 0, 17, 39, 3866 }, // U+0129
    { 8, 23, 175, 1, 23, 46, 3905 }, // U+012A
    { 7, 16, 128, 1, 16, 28, 3951 }, // U+012B
    { 8, 24, 175, 1, 24, 48, 3979 }, // U+012C
    { 7, 17, 128, 1, 17, 30, 4027 }, // U+012D
    { 8, 24, 175, 1, 20, 48, 4057 }, // U+012E
    { 8, 22, 128, 0, 18, 44, 4105 }, // U+012F
    { 8, 23, 175, 1, 23, 46, 4149 }, // U+0130
    { 7, 13, 128, 1, 13, 23, 4195 }, // U+0131
    { 23, 20, 417, 1, 20, 115, 4218 }, // U+0132
    { 13, 25, 225, 0, 18, 82, 4333 }, // U+0133
    { 15, 24, 261, 0, 24, 90, 4415 }, // U+0134
    { 7, 23, 111, -1, 16, 41, 4505 }, // U+0135
    { 21, 23, 349, 1, 20, 121, 4546 }, // U+0136
    { 17, 26, 279, 1, 23, 111, 4667 }, // U+0137
    { 18, 24, 326, 1, 24, 108, 4778 }, // U+0139
    { 7, 26, 142, 1, 26, 46, 4886 }, // U+013A
    { 18, 23, 326, 1, 20, 104, 4932 }, // U+013B
    { 7, 26, 142, 1, 23, 46, 5036 }, // U+013C
    { 18, 24, 326, 1, 24, 108, 5082 }, // U+013D
    { 10, 23, 142, 1, 23, 58, 5190 }, // U+013E
    { 22, 20, 396, 1, 20, 110, 5248 }, // U+013F
    { 11, 23, 212, 1, 23, 64, 5358 }, // U+0140
    { 19, 20, 326, 1, 20, 95, 5422 }, // U+0141
    { 9, 23, 142, 1, 23, 52, 5517 }, // U+0142
    { 22, 23, 405, 1, 23, 127, 5569 }, // U+0143
    { 16, 16, 285, 1, 16, 64, 5696 }, // U+0144
    { 22, 23, 405, 1, 20, 127, 5760 }, // U+0145
    { 16, 16, 285, 1, 13, 64, 5887 }, // U+0146
    { 22, 24, 405, 1, 24, 132, 5951 }, // U+0147
    { 16, 17, 285, 1, 17, 68, 6083 }, // U+0148
    { 21, 25, 285, -3, 25, 132, 6151 }, // U+0149
    { 23, 28, 405, 1, 20, 161, 6283 }, // U+014A
    { 17, 22, 285, 1, 13, 94, 6444 }, // U+014B
    { 21, 23, 380, 1, 23, 121, 6538 }, // U+014C
    { 14, 16, 240, 1, 16, 56, 6659 }, // U+014D
    { 21, 25, 380, 1, 25, 132, 6715 }, // U+014E
    { 14, 17, 240, 1, 17, 60, 6847 }, // U+014F
    { 21, 24, 380, 1, 24, 126, 6907 }, // U+0150
    { 14, 17, 240, 1, 17, 60, 7033 }, // U+0151
    { 38, 20, 646, 1, 20, 190, 7093 }, // U+0152
    { 24, 13, 413, 1, 13, 78, 7283 }, // U+0153
    { 21, 24, 358, 1, 24, 126, 7361 }, // U+0154
    { 12, 16, 224, 1, 16, 48, 7487 }, // U+0155
    { 21, 23, 358, 1, 20, 121, 7535 }, // U+0156
    { 12, 16, 224, 1, 13, 48, 7656 }, // U+0157
    { 21, 24, 358, 1, 24, 126, 7704 }, // U+0158
    { 12, 16, 224, 1, 16, 48, 7830 }, // U+0159
    { 17, 24, 283, 0, 24, 102, 7878 }, // U+015A
    { 12, 16, 188, 0, 16, 48, 7980 }, // U+015B
    { 17, 24, 283, 0, 24, 102, 8028 }, // U+015C
    { 12, 17, 188, 0, 17, 51, 8130 }, // U+015D
    { 17, 24, 283, 0, 20, 102, 8181 }, // U+015E
    { 12, 17, 188, 0, 13, 51, 8283 }, // U+015F
    { 17, 24, 283, 0, 24, 102, 8334 }, // U+0160
    { 12, 17, 188, 0, 17, 51, 8436 }, // U+0161
    { 20, 26, 351, 1, 20, 130, 8487 }, // U+0162
    { 12, 23, 197, 1, 18, 69, 8617 }, // U+0163
    { 20, 24, 351, 1, 24, 120, 8686 }, // U+0164
    { 14, 20, 197, 1, 20, 70, 8806 }, // U+0165
    { 20, 20, 351, 1, 20, 100, 8876 }, // U+0166
    { 12, 18, 197, 1, 18, 54, 8976 }, // U+0167
    { 23, 24, 418, 1, 24, 138, 9030 }, // U+0168
    { 16, 17, 268, 1, 17, 68, 9168 }, // U+0169
    { 23, 23, 418, 1, 23, 133, 9236 }, // U+016A
    { 16, 15, 268, 1, 15, 60, 9369 }, // U+016B
    { 23, 25, 418, 1, 25, 144, 9429 }, // U+016C
    { 16, 17, 268, 1, 17, 68, 9573 }, // U+016D
    { 23, 25, 418, 1, 25, 144, 9641 }, // U+016E
    { 16, 18, 268, 1, 18, 72, 9785 }, // U+016F
    { 23, 24, 418, 1, 24, 138, 9857 }, // U+0170
    { 16, 16, 268, 1, 16, 64, 9995 }, // U+0171
    { 23, 24, 418, 1, 20, 138, 10059 }, // U+0172
    { 16, 17, 268, 1, 13, 68, 10197 }, // U+0173
    { 34, 24, 591, 1, 24, 204, 10265 }, // U+0174
    { 25, 16, 427, 1, 16, 100, 10469 }, // U+0175
    { 20, 24, 363, 1, 24, 120, 10569 }, // U+0176
    { 17, 23, 296, 1, 16, 98, 10689 }, // U+0177
    { 20, 22, 363, 1, 22, 110, 10787 }, // U+0178
    { 17, 23, 316, 1, 23, 98, 10897 }, // U+0179
    { 12, 16, 226, 1, 16, 48, 10995 }, // U+017A
    { 17, 23, 316, 1, 23, 98, 11043 }, // U+017B
    { 12, 16, 226, 1, 16, 48, 11141 }, // U+017C
    { 17, 24, 316, 1, 24, 102, 11189 }, // U+017D
    { 12, 16, 226, 1, 16, 48, 11291 }, // U+017E
    { 23, 24, 416, 1, 24, 138, 0 }, // U+01CD
    { 14, 20, 243, 0, 19, 70, 138 }, // U+01CE
    { 8, 24, 175, 1, 24, 48, 208 }, // U+020A
    { 8, 19, 128, 0, 19, 38, 256 }, // U+020B
    { 17, 24, 283, 0, 20, 102, 294 }, // U+0218
    { 12, 17, 188, 0, 13, 51, 396 }, // U+0219
    { 20, 26, 351, 1, 20, 130, 447 }, // U+021A
    { 12, 23, 197, 1, 18, 69, 577 }, // U+021B
    { 4, 7, 0, 1, 21, 7, 0 }, // U+0301
    { 4, 7, 0, 1, 21, 7, 7 }, // U+0312
    { 4, 7, 0, 1, 21, 7, 14 }, // U+0313
    { 4, 7, 0, 1, 21, 7, 21 }, // U+0314
    { 4, 7, 0, 1, 21, 7, 28 }, // U+0315
    { 4, 7, 0, 1, 21, 7, 35 }, // U+0341
    { 4, 7, 0, 1, 21, 7, 42 }, // U+0343
    { 18, 25, 317, 1, 25, 113, 0 }, // U+0401
    { 19, 20, 320, 1, 20, 95, 113 }, // U+0404
    { 8, 20, 170, 1, 20, 40, 208 }, // U+0406
    { 8, 25, 170, 1, 25, 50, 248 }, // U+0407
    { 23, 20, 416, 1, 20, 115, 298 }, // U+0410
    { 19, 20, 336, 1, 20, 95, 413 }, // U+0411
    { 19, 20, 335, 1, 20, 95, 508 }, // U+0412
    { 16, 20, 294, 1, 20, 80, 603 }, // U+0413
    { 20, 24, 373, 1, 20, 120, 683 }, // U+0414
    { 18, 20, 322, 1, 20, 90, 803 }, // U+0415
    { 33, 20, 523, 0, 20, 165, 893 }, // U+0416
    { 17, 20, 291, 1, 20, 85, 1058 }, // U+0417
    { 22, 20, 405, 1, 20, 110, 1143 }, // U+0418
    { 22, 27, 405, 1, 27, 149, 1253 }, // U+0419
    { 21, 20, 344, 1, 20, 105, 1402 }, // U+041A
    { 22, 20, 372, 0, 20, 110, 1507 }, // U+041B
    { 26, 20, 462, 1, 20, 130, 1617 }, // U+041C
    { 22, 20, 405, 1, 20, 110, 1747 }, // U+041D
    { 21, 20, 371, 1, 20, 105, 1857 }, // U+041E
    { 22, 20, 405, 1, 20, 110, 1962 }, // U+041F
    { 19, 20, 335, 1, 20, 95, 2072 }, // U+0420
    { 19, 20, 320, 1, 20, 95, 2167 }, // U+0421
    { 20, 20, 351, 1, 20, 100, 2262 }, // U+0422
    { 21, 20, 390, 1, 20, 105, 2362 }, // U+0423
    { 23, 24, 375, 1, 22, 138, 2467 }, // U+0424
    { 21, 20, 381, 1, 20, 105, 2605 }, // U+0425
    { 22, 24, 405, 1, 20, 132, 2710 }, // U+0426
    { 20, 20, 367, 1, 20, 100, 2842 }, // U+0427
    { 32, 20, 557, 1, 20, 160, 2942 }, // U+0428
    { 32, 24, 558, 1, 20, 192, 3102 }, // U+0429
    { 21, 20, 368, 1, 20, 105, 3294 }, // U+042A
    { 29, 20, 507, 1, 20, 145, 3399 }, // U+042B
    { 19, 20, 330, 1, 20, 95, 3544 }, // U+042C
    { 19, 20, 316, 1, 20, 95, 3639 }, // U+042D
    { 31, 20, 520, 1, 20, 155, 3734 }, // U+042E
    { 21, 20, 358, 0, 20, 105, 3889 }, // U+042F
    { 14, 14, 229, 0, 13, 49, 3994 }, // U+0430
    { 13, 19, 210, 1, 19, 62, 4043 }, // U+0431
    { 13, 13, 237, 1, 13, 43, 4105 }, // U+0432
    { 12, 13, 225, 1, 13, 39, 4148 }, // U+0433
    { 16, 16, 283, 1, 13, 64, 4187 }, // U+0434
    { 12, 13, 200, 0, 13, 39, 4251 }, // U+0435
    { 25, 13, 401, 0, 13, 82, 4290 }, // U+0436
    { 12, 13, 195, 0, 13, 39, 4372 }, // U+0437
    { 15, 13, 275, 1, 13, 49, 4411 }, // U+0438
    { 15, 19, 275, 1, 19, 72, 4460 }, // U+0439
    { 16, 13, 279, 1, 13, 52, 4532 }, // U+043A
    { 16, 13, 277, 0, 13, 52, 4584 }, // U+043B
    { 19, 13, 351, 1, 13, 62, 4636 }, // U+043C
    { 15, 13, 288, 1, 13, 49, 4698 }, // U+043D
    { 14, 13, 240, 1, 13, 46, 4747 }, // U+043E
    { 15, 13, 288, 1, 13, 49, 4793 }, // U+043F
    { 15, 20, 264, 1, 13, 75, 4842 }, // U+0440
    { 13, 13, 215, 1, 13, 43, 4917 }, // U+0441
    { 13, 13, 238, 1, 13, 43, 4960 }, // U+0442
    { 17, 20, 287, 1, 13, 85, 5003 }, // U+0443
    { 16, 27, 284, 1, 20, 108, 5088 }, // U+0444
    { 15, 13, 290, 1, 13, 49, 5196 }, // U+0445
    { 15, 16, 288, 1, 13, 60, 5245 }, // U+0446
    { 14, 13, 267, 1, 13, 46, 5305 }, // U+0447
    { 21, 13, 383, 1, 13, 69, 5351 }, // U+0448
    { 21, 16, 383, 1, 13, 84, 5420 }, // U+0449
    { 15, 13, 255, 1, 13, 49, 5504 }, // U+044A
    { 20, 13, 358, 1, 13, 65, 5553 }, // U+044B
    { 13, 13, 233, 1, 13, 43, 5618 }, // U+044C
    { 13, 13, 215, 0, 13, 43, 5661 }, // U+044D
    { 21, 13, 357, 1, 13, 69, 5704 }, // U+044E
    { 15, 13, 258, 0, 13, 49, 5773 }, // U+044F
    { 13, 18, 205, 0, 18, 59, 5822 }, // U+0451
    { 12, 13, 215, 1, 13, 39, 5881 }, // U+0454
    { 7, 18, 128, 1, 18, 32, 5920 }, // U+0456
    { 7, 18, 128, 1, 18, 32, 5952 }, // U+0457
    { 15, 23, 294, 1, 23, 87, 5984 }, // U+0490
    { 11, 15, 225, 1, 15, 42, 6071 }, // U+0491
    { 0, 0, 233, 0, 0, 0, 0 }, // U+2002
    { 0, 0, 467, 0, 0, 0, 0 }, // U+2003
    { 0, 0, 93, 0, 0, 0, 0 }, // U+2009
    { 8, 3, 181, 1, 9, 6, 0 }, // U+2010
    { 8, 3, 181, 1, 9, 6, 6 }, // U+2011
    { 11, 3, 233, 2, 9, 9, 12 }, // U+2012
    { 11, 3, 233, 2, 9, 9, 21 }, // U+2013
    { 25, 3, 467, 0, 9, 19, 30 }, // U+2014
    { 29, 3, 467, 0, 9, 22, 49 }, // U+2015
    { 7, 20, 240, 4, 20, 35, 71 }, // U+2016
    { 4, 7, 103, 1, 22, 7, 106 }, // U+2018
    { 4, 7, 103, 1, 20, 7, 113 }, // U+2019
    { 4, 7, 102, 1, 3, 7, 120 }, // U+201A
    { 4, 7, 103, 1, 22, 7, 127 }, // U+201B
    { 9, 7, 168, 1, 22, 16, 134 }, // U+201C
    { 9, 7, 168, 1, 20, 16, 150 }, // U+201D
    { 9, 7, 168, 1, 3, 16, 166 }, // U+201E
    { 9, 7, 168, 1, 22, 16, 182 }, // U+201F
    { 8, 22, 250, 4, 20, 44, 198 }, // U+2020
    { 8, 22, 250, 4, 20, 44, 242 }, // U+2021
    { 8, 9, 196, 2, 13, 18, 286 }, // U+2022
    { 7, 10, 215, 4, 14, 18, 304 }, // U+2023
    { 3, 3, 102, 1, 3, 3, 322 }, // U+2024
    { 3, 3, 102, 1, 3, 3, 325 }, // U+2025
    { 17, 3, 341, 1, 3, 13, 328 }, // U+2026
    { 4, 4, 102, 1, 11, 4, 341 }, // U+2027
    { 27, 20, 574, 1, 20, 135, 345 }, // U+2030
    { 5, 7, 117, 1, 21, 9, 480 }, // U+2032
    { 8, 7, 173, 1, 21, 14, 489 }, // U+2033
    { 12, 7, 229, 1, 21, 21, 503 }, // U+2034
    { 4, 7, 103, 0, 21, 7, 524 }, // U+2035
    { 5, 10, 126, 1, 14, 13, 531 }, // U+2039
    { 5, 10, 126, 2, 14, 13, 544 }, // U+203A
    { 10, 3, 233, 2, 11, 8, 557 }, // U+2043
    { 10, 16, 140, 2, 15, 40, 565 }, // U+2044
    { 8, 9, 196, 2, 13, 18, 605 }, // U+204C
    { 8, 9, 196, 2, 13, 18, 623 }, // U+204D
    { 8, 9, 196, 2, 13, 18, 641 }, // U+2055
    { 11, 12, 194, 0, 21, 33, 0 }, // U+2070
    { 9, 12, 187, 1, 21, 27, 33 }, // U+2074
    { 10, 12, 186, 0, 21, 30, 60 }, // U+2075
    { 11, 13, 189, 0, 22, 36, 90 }, // U+2076
    { 8, 12, 180, 1, 21, 24, 126 }, // U+2077
    { 10, 12, 190, 0, 21, 30, 150 }, // U+2078
    { 11, 13, 179, 0, 21, 36, 180 }, // U+2079
    { 8, 7, 168, 2, 16, 14, 216 }, // U+207A
    { 7, 3, 168, 2, 14, 6, 230 }, // U+207B
    { 11, 12, 194, 0, 9, 33, 236 }, // U+2080
    { 5, 12, 124, 1, 9, 15, 269 }, // U+2081
    { 10, 12, 182, 0, 9, 30, 284 }, // U+2082
    { 10, 12, 188, 1, 9, 30, 314 }, // U+2083
    { 9, 12, 187, 1, 9, 27, 344 }, // U+2084
    { 10, 12, 186, 0, 9, 30, 371 }, // U+2085
    { 11, 13, 189, 0, 10, 36, 401 }, // U+2086
    { 8, 12, 180, 1, 9, 24, 437 }, // U+2087
    { 10, 12, 190, 0, 9, 30, 461 }, // U+2088
    { 11, 13, 179, 0, 9, 36, 491 }, // U+2089
    { 8, 7, 168, 2, 4, 14, 527 }, // U+208A
    { 7, 3, 168, 2, 2, 6, 541 }, // U+208B
    { 36, 20, 591, 1, 20, 180, 0 }, // U+20A9
    { 23, 20, 367, 0, 20, 115, 180 }, // U+20AC
    { 21, 20, 335, 0, 20, 105, 295 }, // U+20B1
    { 17, 20, 283, 1, 20, 85, 400 }, // U+20B4
    { 20, 20, 351, 1, 20, 100, 485 }, // U+20B8
    { 21, 22, 358, 1, 21, 116, 585 }, // U+20B9
    { 19, 20, 326, 0, 20, 95, 701 }, // U+20BA
    { 20, 20, 335, 1, 20, 100, 796 }, // U+20BD
    { 19, 27, 335, 1, 24, 129, 896 }, // U+20BF
    { 15, 6, 271, -2, 12, 23, 0 }, // U+2190
    { 7, 19, 257, 5, 20, 34, 23 }, // U+2191
    { 15, 6, 271, 1, 12, 23, 57 }, // U+2192
    { 7, 20, 257, 5, 17, 35, 80 }, // U+2193
    { 16, 6, 261, -1, 12, 24, 115 }, // U+2194
    { 7, 28, 257, 5, 23, 49, 139 }, // U+2195
    { 13, 15, 280, 2, 16, 49, 188 }, // U+2196
    { 13, 15, 280, 2, 16, 49, 237 }, // U+2197
    { 13, 15, 280, 2, 16, 49, 286 }, // U+2198
    { 13, 15, 280, 2, 16, 49, 335 }, // U+2199
    { 15, 9, 280, 1, 13, 34, 384 }, // U+21D0
    { 10, 16, 280, 4, 17, 40, 418 }, // U+21D1
    { 15, 9, 280, 2, 13, 34, 458 }, // U+21D2
    { 10, 15, 280, 4, 16, 38, 492 }, // U+21D3
    { 18, 9, 280, 0, 13, 41, 530 }, // U+21D4
    { 24, 21, 416, 1, 21, 126, 0 }, // U+2200
    { 18, 21, 322, 1, 21, 95, 126 }, // U+2203
    { 13, 14, 271, 2, 16, 46, 221 }, // U+2205
    { 14, 15, 280, 2, 17, 53, 267 }, // U+2206
    { 14, 14, 280, 2, 15, 49, 320 }, // U+2207
    { 20, 22, 329, 0, 21, 110, 369 }, // U+2208
    { 12, 3, 261, 2, 10, 9, 479 }, // U+2212
    { 8, 13, 233, 3, 14, 26, 488 }, // U+2213
    { 10, 10, 200, 1, 24, 25, 514 }, // U+2217
    { 8, 8, 187, 2, 13, 16, 539 }, // U+2218
    { 8, 9, 196, 2, 13, 18, 555 }, // U+2219
    { 16, 14, 280, 0, 18, 56, 573 }, // U+221A
    { 16, 10, 289, 1, 14, 40, 629 }, // U+221E
    { 13, 16, 252, 2, 17, 52, 669 }, // U+2220
    { 6, 15, 247, 5, 17, 23, 721 }, // U+2225
    { 15, 15, 271, 1, 17, 57, 744 }, // U+2227
    { 15, 15, 271, 1, 17, 57, 801 }, // U+2228
    { 11, 12, 280, 3, 14, 33, 858 }, // U+2234
    { 11, 12, 280, 3, 14, 33, 891 }, // U+2235
    { 7, 8, 181, 2, 13, 14, 924 }, // U+2248
    { 9, 12, 181, 1, 13, 27, 938 }, // U+2260
    { 11, 10, 271, 3, 14, 28, 965 }, // U+2261
    { 14, 16, 257, 1, 15, 56, 993 }, // U+2264
    { 14, 16, 257, 1, 15, 56, 1049 }, // U+2265
    { 10, 15, 266, 3, 16, 38, 1105 }, // U+22A5
    { 4, 4, 102, 1, 11, 4, 1143 }, // U+22C5
};

static const EpdUnicodeInterval edslab_14_regularIntervals[] = {
    { 0x20, 0x7E, 0x0 },
    { 0xA0, 0x137, 0x5F },
    { 0x139, 0x17E, 0xF7 },
    { 0x1CD, 0x1CE, 0x13D },
    { 0x20A, 0x20B, 0x13F },
    { 0x218, 0x21B, 0x141 },
    { 0x301, 0x301, 0x145 },
    { 0x312, 0x315, 0x146 },
    { 0x341, 0x341, 0x14A },
    { 0x343, 0x343, 0x14B },
    { 0x401, 0x401, 0x14C },
    { 0x404, 0x404, 0x14D },
    { 0x406, 0x407, 0x14E },
    { 0x410, 0x44F, 0x150 },
    { 0x451, 0x451, 0x190 },
    { 0x454, 0x454, 0x191 },
    { 0x456, 0x457, 0x192 },
    { 0x490, 0x491, 0x194 },
    { 0x2002, 0x2003, 0x196 },
    { 0x2009, 0x2009, 0x198 },
    { 0x2010, 0x2016, 0x199 },
    { 0x2018, 0x2027, 0x1A0 },
    { 0x2030, 0x2030, 0x1B0 },
    { 0x2032, 0x2035, 0x1B1 },
    { 0x2039, 0x203A, 0x1B5 },
    { 0x2043, 0x2044, 0x1B7 },
    { 0x204C, 0x204D, 0x1B9 },
    { 0x2055, 0x2055, 0x1BB },
    { 0x2070, 0x2070, 0x1BC },
    { 0x2074, 0x207B, 0x1BD },
    { 0x2080, 0x208B, 0x1C5 },
    { 0x20A9, 0x20A9, 0x1D1 },
    { 0x20AC, 0x20AC, 0x1D2 },
    { 0x20B1, 0x20B1, 0x1D3 },
    { 0x20B4, 0x20B4, 0x1D4 },
    { 0x20B8, 0x20BA, 0x1D5 },
    { 0x20BD, 0x20BD, 0x1D8 },
    { 0x20BF, 0x20BF, 0x1D9 },
    { 0x2190, 0x2199, 0x1DA },
    { 0x21D0, 0x21D4, 0x1E4 },
    { 0x2200, 0x2200, 0x1E9 },
    { 0x2203, 0x2203, 0x1EA },
    { 0x2205, 0x2208, 0x1EB },
    { 0x2212, 0x2213, 0x1EF },
    { 0x2217, 0x221A, 0x1F1 },
    { 0x221E, 0x221E, 0x1F5 },
    { 0x2220, 0x2220, 0x1F6 },
    { 0x2225, 0x2225, 0x1F7 },
    { 0x2227, 0x2228, 0x1F8 },
    { 0x2234, 0x2235, 0x1FA },
    { 0x2248, 0x2248, 0x1FC },
    { 0x2260, 0x2261, 0x1FD },
    { 0x2264, 0x2265, 0x1FF },
    { 0x22A5, 0x22A5, 0x201 },
    { 0x22C5, 0x22C5, 0x202 },
};

static const EpdFontGroup edslab_14_regularGroups[] = {
    { 0, 2794, 7061, 95, 0 },
    { 2794, 2232, 7361, 96, 95 },
    { 5026, 2903, 12280, 126, 191 },
    { 7929, 320, 680, 8, 317 },
    { 8249, 11, 49, 7, 325 },
    { 8260, 2270, 6591, 74, 332 },
    { 10530, 346, 725, 38, 406 },
    { 10876, 289, 628, 21, 444 },
    { 11165, 519, 1087, 9, 465 },
    { 11684, 282, 656, 15, 474 },
    { 11966, 581, 1253, 26, 489 },
};

static const uint16_t edslab_14_regularKernLeftCodepoints[] = {
    0x0020, 0x0022, 0x002D, 0x0030, 0x0031, 0x0032, 0x0033, 0x0034, 0x0035, 0x0036, 0x0037, 0x0038,
    0x0039, 0x0041, 0x0042, 0x0043, 0x0044, 0x0045, 0x0046, 0x0047, 0x0048, 0x0049, 0x004A, 0x004B,
    0x004C, 0x004D, 0x004E, 0x004F, 0x0050, 0x0051, 0x0052, 0x0053, 0x0054, 0x0055, 0x0056, 0x0057,
    0x0059, 0x005A, 0x0061, 0x0062, 0x0063, 0x0064, 0x0065, 0x0066, 0x0067, 0x0068, 0x0069, 0x006A,
    0x006B, 0x006C, 0x006D, 0x006E, 0x006F, 0x0070, 0x0071, 0x0072, 0x0073, 0x0074, 0x0075, 0x0076,
    0x0077, 0x0079, 0x007A, 0x0401, 0x0410, 0x0411, 0x0412, 0x0413, 0x0414, 0x0415, 0x0416, 0x0417,
    0x0418, 0x0419, 0x041A, 0x041B, 0x041C, 0x041D, 0x041E, 0x041F, 0x0420, 0x0421, 0x0422, 0x0423,
    0x0424, 0x0425, 0x0426, 0x0427, 0x0428, 0x0429, 0x042A, 0x042B, 0x042C, 0x042D, 0x042E, 0x042F,
    0x0430, 0x0431, 0x0432, 0x0433, 0x0434, 0x0435, 0x0436, 0x0437, 0x0438, 0x0439, 0x043A, 0x043B,
    0x043C, 0x043D, 0x043E, 0x043F, 0x0440, 0x0441, 0x0442, 0x0443, 0x0444, 0x0445, 0x0446, 0x0447,
    0x0448, 0x0449, 0x044A, 0x044B, 0x044C, 0x044D, 0x044E, 0x044F, 0x0451,
};

static const uint8_t edslab_14_regularKernLeftClassIds[] = {
      1,   2,   3,   4,   5,   6,   7,   8,   9,  10,  11,  12,  13,  14,  15,  16,
     17,  18,  19,  20,  21,  22,  23,  24,  25,  26,  27,  28,  29,  30,  31,  32,
     33,  34,  35,  36,  37,  38,  39,  40,  41,  42,  43,  44,  45,  46,  47,  48,
     49,  50,  51,  52,  53,  54,  55,  56,  57,  58,  59,  60,  61,  62,  63,  64,
     65,  66,  67,  68,  69,  70,  71,  72,  73,  74,  75,  76,  77,  78,  79,  80,
     81,  82,  83,  84,  85,  86,  87,  88,  89,  90,  91,  92,  93,  94,  95,  96,
     97,  98,  99, 100, 101, 102, 103, 104, 105, 106, 107, 108, 109, 110, 111, 112,
    113, 114, 115, 116, 117, 118, 119, 120, 121, 122, 123, 124, 125, 126, 127, 128,
    129,
};

static const uint16_t edslab_14_regularKernRightCodepoints[] = {
    0x0022, 0x002D, 0x0030, 0x0031, 0x0032, 0x0033, 0x0034, 0x0035, 0x0036, 0x0037, 0x0038, 0x0039,
    0x0041, 0x0042, 0x0043, 0x0044, 0x0045, 0x0046, 0x0047, 0x0048, 0x0049, 0x004A, 0x004B, 0x004C,
    0x004D, 0x004E, 0x004F, 0x0050, 0x0051, 0x0052, 0x0053, 0x0054, 0x0055, 0x0056, 0x0057, 0x0059,
    0x005A, 0x0061, 0x0062, 0x0063, 0x0064, 0x0065, 0x0066, 0x0067, 0x0068, 0x0069, 0x006A, 0x006B,
    0x006C, 0x006D, 0x006E, 0x006F, 0x0070, 0x0071, 0x0072, 0x0073, 0x0074, 0x0075, 0x0076, 0x0077,
    0x0079, 0x007A, 0x0401, 0x0410, 0x0411, 0x0412, 0x0413, 0x0414, 0x0415, 0x0416, 0x0417, 0x0418,
    0x0419, 0x041A, 0x041B, 0x041C, 0x041D, 0x041E, 0x041F, 0x0420, 0x0421, 0x0422, 0x0423, 0x0424,
    0x0425, 0x0426, 0x0427, 0x0428, 0x0429, 0x042A, 0x042B, 0x042C, 0x042D, 0x042E, 0x042F, 0x0430,
    0x0431, 0x0432, 0x0433, 0x0434, 0x0435, 0x0436, 0x0437, 0x0438, 0x0439, 0x043A, 0x043B, 0x043C,
    0x043D, 0x043E, 0x043F, 0x0440, 0x0441, 0x0442, 0x0443, 0x0444, 0x0445, 0x0446, 0x0447, 0x0448,
    0x0449, 0x044A, 0x044B, 0x044C, 0x044D, 0x044E, 0x044F, 0x0451, 0x2025,
};

static const uint8_t edslab_14_regularKernRightClassIds[] = {
      1,   2,   3,   4,   5,   6,   7,   8,   9,  10,  11,  12,  13,  14,  15,  16,
     17,  18,  19,  20,  21,  22,  23,  24,  25,  26,  27,  28,  29,  30,  31,  32,
     33,  34,  35,  36,  37,  38,  39,  40,  41,  42,  43,  44,  45,  46,  47,  48,
     49,  50,  51,  52,  53,  54,  55,  56,  57,  58,  59,  60,  61,  62,  63,  64,
     65,  66,  67,  68,  69,  70,  71,  72,  73,  74,  75,  76,  77,  78,  79,  80,
     81,  82,  83,  84,  85,  86,  87,  88,  89,  90,  91,  92,  93,  94,  95,  96,
     97,  98,  99, 100, 101, 102, 103, 104, 105, 106, 107, 108, 109, 110, 111, 112,
    113, 114, 115, 116, 117, 118, 119, 120, 121, 122, 123, 124, 125, 126, 127, 128,
    129,
};

static const uint16_t edslab_14_regularKernRowOffsets[] = {
        0,     1,    77,   192,   204,   216,   228,   238,   248,   257,   267,   279,   290,   300,   355,   403,
      451,   501,   531,   582,   625,   659,   699,   731,   782,   827,   869,   921,   969,  1018,  1072,  1114,
     1160,  1214,  1268,  1322,  1376,  1430,  1480,  1508,  1530,  1556,  1584,  1608,  1636,  1665,  1692,  1720,
     1744,  1773,  1801,  1827,  1854,  1880,  1906,  1929,  1954,  1977,  2001,  2029,  2057,  2085,  2113,  2135,
     2153,  2220,  2267,  2314,  2380,  2427,  2446,  2506,  2557,  2598,  2634,  2684,  2718,  2752,  2787,  2840,
     2876,  2920,  2978,  3032,  3098,  3146,  3199,  3248,  3298,  3333,  3376,  3432,  3465,  3515,  3565,  3614,
     3650,  3674,  3696,  3721,  3748,  3782,  3807,  3841,  3864,  3898,  3928,  3955,  3989,  4009,  4033,  4064,
     4091,  4121,  4150,  4185,  4220,  4250,  4277,  4310,  4343,  4377,  4411,  4443,  4471,  4500,  4528,  4559,
     4593,  4621,
};

static const uint8_t edslab_14_regularKernSparseCols[] = {
     81,   2,   4,   5,   6,   7,   8,  10,  12,  14,  18,  21,  26,  28,  30,  37,
     38,  39,  40,  41,  42,  43,  44,  45,  46,  47,  48,  49,  50,  51,  52,  53,
     54,  55,  60,  61,  63,  67,  69,  70,  74,  77,  80,  83,  92,  94,  95,  96,
     97,  98,  99, 100, 101, 102, 105, 106, 107, 108, 109, 110, 111, 112, 113, 114,
    115, 116, 117, 118, 119, 120, 121, 122, 123, 124, 125, 126, 127,   3,   4,   5,
      6,   7,   8,   9,  10,  12,  13,  14,  15,  16,  17,  18,  19,  20,  21,  22,
     23,  24,  25,  26,  27,  29,  30,  31,  32,  33,  34,  35,  36,  37,  38,  39,
     42,  44,  45,  46,  47,  48,  49,  50,  51,  52,  53,  54,  55,  56,  57,  58,
     59,  60,  61,  62,  63,  64,  65,  66,  67,  68,  70,  71,  72,  73,  74,  75,
     76,  78,  79,  80,  81,  82,  83,  84,  85,  86,  87,  88,  89,  90,  91,  92,
     93,  94,  96,  97,  98,  99, 100, 101, 102, 103, 105, 106, 107, 108, 109, 110,
    111, 112, 113, 114, 116, 117, 118, 119, 120, 121, 122, 123, 124, 125, 126, 127,
      0,   1,   2,   4,   5,   6,   7,   8,   9,  10,  11, 128,   0,   1,   2,   3,
      4,   5,   6,   7,   8,   9,  10,  11,   0,   1,   2,   3,   4,   5,   6,   7,
      8,   9,  10,  11,   1,   2,   3,   4,   5,   6,   7,   8,   9, 128,   0,   1,
      2,   3,   4,   5,   6,   7,   9,  10,   1,   4,   5,   6,   7,   9,  10,  11,
    128,   1,   2,   3,   4,   5,   7,   9,  10,  11, 128,   1,   2,   3,   4,   5,
      6,   7,   8,   9,  10,  11, 128,   0,   1,   2,   3,   4,   5,   7,   9,  10,
     11, 128,   1,   2,   4,   5,   6,   7,   8,   9,  10, 128,   0,   1,  12,  13,
     14,  15,  16,  17,  18,  19,  20,  21,  22,  23,  24,  25,  26,  27,  28,  29,
     30,  31,  32,  33,  34,  35,  36,  37,  38,  39,  40,  41,  42,  43,  44,  45,
     46,  47,  48,  49,  50,  51,  52,  53,  54,  55,  56,  57,  58,  59,  60,  61,
     84, 116, 128,   1,  12,  13,  14,  15,  16,  17,  19,  20,  21,  22,  23,  24,
     25,  26,  27,  28,  29,  31,  32,  33,  34,  35,  36,  37,  38,  39,  40,  41,
     42,  43,  44,  45,  46,  47,  48,  49,  50,  51,  52,  53,  54,  55,  56,  60,
     84, 116, 128,   0,   1,  12,  13,  14,  15,  16,  17,  18,  19,  22,  23,  24,
     25,  26,  27,  29,  30,  31,  32,  33,  34,  35,  36,  37,  38,  41,  42,  43,
     44,  45,  46,  47,  48,  49,  50,  51,  52,  54,  56,  57,  58,  59,  60,  61,
     84, 116, 128,   1,  12,  13,  14,  16,  17,  18,  19,  20,  21,  22,  23,  24,
     25,  26,  27,  28,  29,  30,  31,  32,  33,  34,  35,  36,  37,  38,  39,  40,
     41,  42,  43,  44,  45,  46,  47,  49,  50,  51,  52,  53,  55,  56,  57,  58,
     59,  60,  84, 116, 128,   1,  12,  14,  18,  23,  26,  28,  31,  32,  33,  34,
     35,  37,  38,  43,  45,  46,  47,  48,  50,  51,  52,  53,  55,  56,  57,  58,
     59,  60, 116,   1,  12,  13,  14,  15,  16,  17,  18,  19,  20,  21,  22,  25,
     26,  27,  28,  29,  31,  32,  33,  34,  35,  36,  37,  38,  39,  40,  41,  42,
     43,  44,  45,  46,  47,  48,  49,  50,  51,  52,  53,  54,  55,  56,  57,  58,
     59,  60,  61,  84, 116, 128,   0,   1,  12,  13,  14,  15,  16,  17,  18,  19,
     20,  21,  22,  23,  24,  25,  27,  29,  30,  31,  32,  33,  34,  35,  36,  38,
     42,  43,  44,  46,  47,  48,  49,  50,  52,  54,  55,  58,  60,  61,  84, 116,
    128,   1,  12,  14,  18,  21,  26,  28,  30,  31,  32,  33,  34,  35,  36,  37,
     38,  39,  40,  41,  49,  50,  51,  52,  53,  54,  55,  56,  57,  58,  59,  60,
     61,  84, 116,   1,  12,  14,  18,  21,  26,  28,  30,  31,  32,  33,  34,  35,
     37,  38,  39,  40,  41,  42,  43,  44,  45,  46,  47,  48,  49,  50,  51,  52,
     53,  54,  55,  56,  57,  58,  59,  60,  61,  84, 116,   0,   1,  12,  26,  28,
     30,  31,  33,  34,  35,  36,  37,  38,  40,  41,  42,  43,  44,  45,  46,  47,
     48,  49,  50,  54,  55,  57,  60,  61,  84, 116, 128,   1,  12,  14,  15,  17,
     18,  19,  20,  21,  22,  23,  24,  25,  26,  27,  28,  29,  30,  31,  32,  33,
     34,  35,  36,  37,  38,  39,  40,  41,  42,  43,  44,  45,  46,  47,  48,  49,
     50,  51,  52,  53,  54,  55,  56,  57,  58,  59,  60,  61,  84, 116,   0,   1,
     12,  13,  14,  15,  16,  18,  19,  21,  22,  24,  25,  26,  28,  29,  30,  31,
     32,  33,  34,  35,  36,  37,  38,  42,  43,  45,  46,  47,  48,  49,  50,  51,
     52,  54,  55,  56,  57,  58,  59,  60,  61,  84, 116,   1,  12,  14,  18,  21,
     26,  28,  30,  31,  32,  33,  34,  35,  36,  37,  38,  39,  40,  41,  42,  43,
     44,  45,  46,  47,  48,  49,  50,  51,  52,  53,  54,  55,  56,  57,  58,  59,
     60,  61,  84, 116, 128,   1,  12,  13,  14,  15,  16,  17,  18,  20,  21,  23,
     24,  25,  26,  27,  28,  29,  30,  31,  32,  33,  34,  35,  36,  37,  38,  39,
     40,  41,  42,  43,  44,  45,  46,  47,  48,  49,  50,  51,  52,  53,  54,  55,
     56,  57,  58,  59,  60,  61,  84, 116, 128,   0,   1,  12,  13,  14,  15,  16,
     17,  19,  20,  21,  22,  23,  24,  25,  26,  27,  28,  29,  30,  31,  32,  33,
     34,  35,  36,  37,  38,  42,  43,  44,  45,  46,  47,  48,  49,  50,  51,  52,
     54,  55,  58,  59,  60,  61,  84, 116, 128,   0,   1,  12,  13,  14,  15,  16,
     17,  18,  19,  20,  21,  22,  23,  24,  25,  26,  27,  28,  29,  30,  31,  32,
     33,  34,  35,  36,  37,  38,  39,  40,  41,  43,  44,  45,  46,  47,  48,  49,
     50,  51,  53,  55,  56,  60,  61,  84, 116, 128,   0,   1,  12,  13,  14,  15,
     16,  17,  18,  19,  20,  21,  22,  23,  24,  25,  26,  27,  28,  29,  30,  31,
     32,  33,  34,  35,  36,  37,  38,  39,  40,  41,  42,  43,  44,  45,  46,  47,
     48,  49,  50,  51,  52,  53,  54,  55,  56,  57,  58,  59,  60,  61,  84, 116,
      0,   1,  12,  13,  14,  15,  17,  18,  19,  20,  21,  22,  23,  26,  27,  28,
     29,  31,  32,  33,  34,  35,  36,  37,  46,  47,  48,  49,  50,  51,  52,  53,
     54,  55,  56,  57,  58,  59,  60,  61,  84, 116,   0,   1,  12,  13,  14,  15,
     16,  17,  19,  20,  22,  23,  24,  25,  26,  27,  29,  30,  31,  32,  33,  34,
     35,  36,  38,  40,  41,  42,  43,  44,  45,  46,  47,  48,  49,  50,  52,  54,
     56,  57,  58,  59,  60,  61,  84, 116,   1,  12,  13,  14,  15,  16,  17,  18,
     19,  20,  21,  22,  23,  24,  25,  26,  27,  28,  29,  30,  31,  32,  33,  34,
     35,  36,  37,  38,  39,  40,  41,  42,  43,  44,  45,  46,  47,  48,  49,  50,
     51,  52,  53,  54,  55,  56,  57,  58,  59,  60,  61,  84, 116, 128,   1,  12,
     13,  14,  15,  16,  17,  18,  19,  20,  21,  22,  23,  24,  25,  26,  27,  28,
     29,  30,  31,  32,  33,  34,  35,  36,  37,  38,  39,  40,  41,  42,  43,  44,
     45,  46,  47,  48,  49,  50,  51,  52,  53,  54,  55,  56,  57,  58,  59,  60,
     61,  84, 116, 128,   1,  12,  13,  14,  15,  16,  17,  18,  19,  20,  21,  22,
     23,  24,  25,  26,  27,  28,  29,  30,  31,  32,  33,  34,  35,  36,  37,  38,
     39,  40,  41,  42,  43,  44,  45,  46,  47,  48,  49,  50,  51,  52,  53,  54,
     55,  56,  57,  58,  59,  60,  61,  84, 116, 128,   1,  12,  13,  14,  15,  16,
     17,  18,  19,  20,  21,  22,  23,  24,  25,  26,  27,  28,  29,  30,  31,  32,
     33,  34,  35,  36,  37,  38,  39,  40,  41,  42,  43,  44,  45,  46,  47,  48,
     49,  50,  51,  52,  53,  54,  55,  56,  57,  58,  59,  60,  61,  84, 116, 128,
      1,  12,  13,  14,  15,  16,  17,  18,  19,  20,  21,  22,  23,  24,  25,  26,
     27,  28,  29,  30,  31,  32,  33,  34,  35,  36,  37,  38,  39,  40,  41,  42,
     43,  44,  45,  46,  47,  48,  49,  50,  51,  52,  53,  54,  55,  56,  57,  58,
     59,  60,  61,  84, 116, 128,  12,  13,  14,  15,  16,  17,  18,  19,  20,  21,
     22,  23,  24,  25,  26,  27,  28,  29,  30,  31,  32,  33,  34,  35,  36,  37,
     38,  39,  40,  42,  43,  44,  45,  46,  47,  48,  49,  50,  51,  52,  54,  55,
     56,  57,  58,  59,  60,  61,  84, 116,   0,   1,  37,  38,  39,  40,  41,  42,
     43,  44,  45,  46,  47,  48,  49,  50,  51,  52,  53,  54,  55,  56,  57,  58,
     59,  60,  61, 116,   1,  37,  38,  41,  42,  43,  44,  46,  47,  48,  49,  50,
     52,  54,  56,  57,  58,  59,  60,  61, 116, 128,   0,   1,  37,  38,  39,  40,
     42,  43,  44,  46,  47,  48,  49,  50,  51,  52,  53,  54,  55,  56,  57,  58,
     59,  60,  61, 116,   1,  37,  38,  39,  40,  41,  42,  43,  44,  45,  46,  47,
     48,  49,  50,  51,  52,  53,  54,  55,  56,  57,  58,  59,  60,  61, 116, 128,
      0,   1,  37,  38,  42,  43,  44,  45,  46,  47,  48,  49,  50,  51,  52,  54,
     55,  56,  57,  58,  59,  60,  61, 116,   0,   1,  37,  38,  39,  40,  41,  42,
     43,  44,  46,  47,  48,  49,  50,  51,  52,  53,  54,  55,  56,  57,  58,  59,
     60,  61, 116, 128,   0,   1,  37,  38,  39,  40,  41,  42,  43,  44,  45,  46,
     47,  48,  49,  50,  51,  52,  53,  54,  55,  56,  57,  58,  59,  60,  61, 116,
    128,   0,   1,  37,  38,  39,  40,  41,  42,  43,  44,  45,  46,  47,  48,  49,
     50,  51,  52,  53,  54,  56,  57,  58,  59,  60,  61, 116,   0,   1,  37,  38,
     39,  40,  41,  42,  43,  44,  45,  46,  47,  48,  49,  50,  51,  52,  53,  54,
     55,  56,  57,  58,  59,  60,  61, 116,   0,   1,  38,  39,  40,  41,  43,  44,
     46,  47,  48,  49,  50,  51,  52,  53,  54,  55,  56,  58,  59,  60,  61, 116,
      0,   1,  37,  38,  39,  40,  41,  42,  43,  44,  45,  46,  47,  48,  49,  50,
     51,  52,  53,  54,  55,  56,  57,  58,  59,  60,  61, 116, 128,   0,  37,  38,
     39,  40,  41,  42,  43,  44,  45,  46,  47,  48,  49,  50,  51,  52,  53,  54,
     55,  56,  57,  58,  59,  60,  61, 116, 128,   0,   1,  37,  38,  39,  40,  42,
     43,  44,  45,  46,  47,  48,  49,  50,  51,  52,  54,  55,  56,  57,  58,  59,
     60,  61, 116,   0,   1,  37,  38,  39,  40,  41,  42,  43,  44,  45,  46,  47,
     48,  49,  50,  51,  52,  53,  54,  56,  57,  58,  59,  60,  61, 116,   0,   1,
     38,  40,  41,  42,  43,  44,  46,  47,  48,  49,  50,  51,  52,  53,  54,  55,
     56,  57,  58,  59,  60,  61, 116, 128,   0,   1,  37,  38,  39,  40,  41,  42,
     43,  44,  46,  47,  48,  49,  50,  52,  53,  54,  56,  57,  58,  59,  60,  61,
    116, 128,   0,   1,  38,  42,  43,  44,  46,  47,  48,  49,  50,  51,  52,  53,
     54,  55,  56,  57,  58,  59,  60,  61, 116,   0,   1,  37,  38,  39,  40,  41,
     42,  43,  44,  46,  47,  48,  49,  50,  51,  52,  53,  54,  56,  59,  60,  61,
    116, 128,   0,  37,  38,  40,  42,  43,  44,  45,  46,  47,  48,  49,  50,  52,
     54,  55,  56,  57,  58,  59,  60,  61, 116,   0,  37,  38,  42,  43,  44,  45,
     46,  47,  48,  49,  50,  51,  52,  53,  54,  55,  56,  57,  58,  59,  60,  61,
    116,   0,   1,  37,  38,  39,  40,  41,  42,  43,  44,  45,  46,  47,  48,  49,
     50,  51,  52,  53,  54,  55,  56,  57,  58,  59,  60,  61, 116,   1,  37,  38,
     39,  40,  41,  42,  43,  44,  45,  46,  47,  48,  49,  50,  51,  52,  53,  54,
     55,  56,  57,  58,  59,  60,  61, 116, 128,   1,  37,  38,  39,  40,  41,  42,
     43,  44,  45,  46,  47,  48,  49,  50,  51,  52,  53,  54,  55,  56,  57,  58,
     59,  60,  61, 116, 128,   1,  37,  38,  39,  40,  41,  42,  43,  44,  45,  46,
     47,  48,  49,  50,  51,  52,  53,  54,  55,  56,  57,  58,  59,  60,  61, 116,
    128,   0,  37,  38,  39,  42,  43,  44,  46,  47,  48,  50,  51,  52,  53,  54,
     56,  57,  58,  59,  60,  61, 116,   1,  63,  67,  70,  74,  77,  80,  81,  82,
     83,  86,  89,  92,  99, 106, 114, 118, 126,   0,   1,  62,  63,  64,  65,  66,
     67,  68,  69,  70,  71,  72,  73,  74,  75,  76,  77,  78,  79,  80,  81,  82,
     83,  85,  86,  87,  88,  89,  90,  91,  92,  93,  94,  95,  96,  97,  98,  99,
    100, 101, 102, 103, 104, 105, 106, 107, 108, 109, 110, 111, 112, 113, 114, 115,
    117, 118, 119, 120, 121, 122, 123, 124, 125, 126, 127, 128,   1,  62,  63,  64,
     65,  66,  67,  68,  70,  71,  72,  73,  75,  76,  78,  79,  80,  81,  82,  83,
     85,  86,  87,  88,  89,  90,  91,  92,  93,  94,  96,  99, 100, 102, 109, 111,
    112, 113, 114, 115, 118, 121, 122, 124, 125, 126, 127,   1,  62,  63,  64,  65,
     66,  67,  68,  69,  70,  71,  72,  73,  75,  76,  77,  78,  79,  80,  81,  82,
     83,  85,  86,  87,  88,  89,  90,  91,  92,  93,  95,  96,  99, 100, 103, 104,
    109, 111, 112, 113, 114, 115, 118, 121, 124, 127,   1,  62,  63,  64,  65,  66,
     67,  68,  69,  70,  71,  72,  73,  74,  75,  76,  77,  78,  79,  80,  81,  82,
     83,  85,  86,  87,  88,  89,  90,  91,  92,  93,  94,  95,  96,  97,  98,  99,
    100, 101, 102, 103, 104, 105, 106, 107, 108, 109, 110, 111, 112, 113, 114, 115,
    117, 118, 119, 120, 121, 122, 123, 124, 125, 126, 127, 128,   1,  62,  63,  64,
     65,  66,  67,  68,  69,  70,  71,  72,  73,  74,  75,  76,  77,  78,  79,  80,
     81,  82,  83,  85,  86,  87,  88,  89,  90,  92,  93,  94,  99, 101, 102, 103,
    104, 106, 109, 111, 114, 118, 121, 122, 123, 125, 126,   1,  63,  67,  69,  70,
     74,  77,  80,  81,  82,  86,  89,  92,  94,  99, 106, 114, 118, 126,   1,  62,
     63,  64,  65,  66,  67,  68,  69,  70,  71,  72,  73,  74,  75,  76,  77,  78,
     79,  80,  81,  82,  83,  85,  86,  87,  88,  89,  90,  91,  92,  93,  94,  95,
     97,  98,  99, 101, 102, 103, 104, 105, 106, 107, 108, 110, 111, 113, 114, 117,
    118, 119, 120, 121, 122, 123, 124, 125, 126, 128,   0,  62,  63,  64,  65,  66,
     67,  68,  69,  70,  71,  72,  73,  74,  75,  76,  78,  79,  81,  82,  83,  85,
     86,  87,  88,  89,  90,  91,  93,  94,  95,  96,  99, 100, 101, 102, 105, 106,
    109, 111, 112, 114, 115, 118, 120, 122, 123, 124, 126, 127, 128,   1,  63,  67,
     69,  70,  71,  72,  74,  77,  80,  81,  82,  83,  86,  89,  92,  94,  95,  98,
     99, 100, 101, 102, 103, 104, 105, 106, 109, 110, 111, 112, 113, 114, 115, 117,
    118, 121, 124, 125, 126, 127,   1,  63,  67,  69,  70,  71,  72,  74,  77,  80,
     81,  82,  83,  86,  89,  92,  94,  95,  99, 100, 101, 106, 109, 110, 111, 112,
    113, 114, 115, 117, 118, 121, 124, 125, 126, 127,   1,  63,  67,  69,  70,  71,
     72,  74,  77,  80,  81,  82,  83,  86,  89,  92,  94,  95,  96,  97,  98,  99,
    100, 101, 102, 103, 104, 105, 106, 107, 108, 109, 110, 111, 112, 113, 114, 115,
    117, 118, 119, 120, 121, 122, 123, 124, 125, 126, 127, 128,   1,  63,  67,  69,
     70,  71,  72,  74,  77,  80,  81,  82,  83,  86,  89,  92,  94,  95,  99, 101,
    102, 103, 104, 106, 109, 111, 112, 113, 114, 115, 118, 121, 124, 126,   1,  63,
     67,  69,  70,  71,  72,  74,  77,  80,  81,  82,  83,  86,  89,  92,  94,  95,
     99, 101, 102, 103, 104, 106, 109, 111, 112, 113, 114, 115, 118, 121, 124, 126,
      1,  63,  67,  69,  70,  71,  72,  74,  77,  80,  81,  82,  83,  86,  89,  92,
     94,  95,  99, 100, 101, 102, 103, 104, 106, 109, 111, 112, 113, 114, 115, 118,
    121, 124, 126,   0,  62,  63,  64,  65,  66,  67,  68,  69,  70,  71,  72,  73,
     74,  75,  76,  77,  78,  79,  80,  81,  82,  83,  85,  86,  87,  88,  89,  90,
     91,  93,  94,  95,  96,  97,  98,  99, 100, 102, 103, 104, 105, 106, 108, 109,
    112, 118, 121, 122, 124, 126, 127, 128,   1,  63,  67,  69,  70,  71,  72,  74,
     77,  80,  81,  82,  83,  86,  89,  92,  94,  99, 100, 101, 102, 103, 104, 106,
    109, 111, 112, 113, 114, 115, 117, 118, 121, 124, 126, 127,   1,  63,  67,  68,
     69,  70,  71,  72,  74,  80,  82,  83,  85,  86,  89,  91,  92,  94,  95,  96,
     99, 100, 101, 102, 105, 106, 107, 108, 109, 110, 111, 112, 115, 117, 118, 119,
    120, 122, 123, 124, 125, 126, 127, 128,   0,  62,  63,  64,  65,  66,  67,  68,
     69,  70,  71,  72,  73,  74,  75,  76,  77,  78,  79,  80,  81,  82,  83,  85,
     86,  87,  88,  89,  90,  91,  92,  93,  94,  95,  96,  97,  98,  99, 101, 102,
    103, 104, 105, 106, 107, 108, 110, 111, 112, 114, 115, 117, 118, 121, 123, 124,
    125, 126,   1,  63,  65,  67,  68,  69,  70,  71,  72,  74,  77,  79,  80,  81,
     82,  83,  86,  89,  90,  92,  94,  95,  96,  97,  98,  99, 100, 101, 102, 103,
    104, 105, 106, 107, 108, 109, 110, 111, 112, 113, 114, 115, 117, 118, 119, 120,
    121, 122, 123, 124, 125, 126, 127, 128,   1,  62,  63,  64,  65,  66,  67,  68,
     69,  70,  71,  72,  73,  74,  75,  76,  77,  78,  79,  80,  81,  82,  83,  85,
     86,  87,  88,  89,  90,  91,  92,  93,  94,  95,  96,  97,  98,  99, 100, 101,
    102, 103, 104, 105, 106, 107, 108, 109, 110, 111, 112, 113, 114, 115, 117, 118,
    119, 120, 121, 122, 123, 124, 125, 126, 127, 128,   1,  62,  63,  64,  65,  66,
     67,  68,  69,  70,  71,  72,  73,  74,  75,  76,  77,  78,  79,  80,  81,  82,
     83,  85,  86,  87,  89,  90,  91,  92,  93,  94,  96,  99, 100, 102, 103, 104,
    106, 109, 112, 113, 115, 118, 121, 125, 126, 127,   1,  12,  13,  14,  15,  16,
     17,  18,  19,  20,  21,  22,  23,  24,  25,  26,  27,  28,  29,  30,  31,  32,
     33,  34,  35,  36,  37,  38,  39,  40,  41,  42,  43,  44,  45,  46,  47,  48,
     49,  50,  51,  52,  53,  54,  55,  56,  57,  58,  59,  60,  61,  84, 116,   1,
     63,  67,  69,  70,  71,  72,  74,  77,  80,  81,  82,  83,  86,  89,  92,  93,
     94,  95,  97,  98,  99, 100, 101, 102, 103, 104, 105, 106, 107, 108, 109, 110,
    111, 112, 113, 114, 115, 117, 118, 119, 120, 121, 122, 123, 124, 125, 126, 127,
      1,  63,  67,  69,  70,  71,  72,  74,  77,  80,  81,  82,  83,  86,  89,  90,
     92,  93,  94,  95,  97,  98,  99, 100, 101, 102, 103, 104, 105, 106, 107, 108,
    109, 110, 111, 112, 113, 114, 115, 117, 118, 119, 120, 121, 122, 123, 124, 125,
    126, 127,   1,  63,  67,  69,  70,  71,  72,  74,  77,  81,  82,  83,  85,  86,
     89,  92,  94,  99, 101, 102, 103, 104, 106, 109, 111, 112, 113, 114, 115, 117,
    118, 123, 124, 125, 126,   1,  63,  67,  69,  70,  71,  72,  74,  77,  80,  81,
     82,  83,  86,  89,  92,  94,  97,  98,  99, 101, 102, 103, 104, 105, 106, 107,
    108, 109, 110, 111, 112, 113, 114, 115, 117, 118, 121, 122, 123, 124, 125, 126,
      0,   1,  62,  63,  64,  65,  66,  67,  68,  71,  72,  73,  75,  76,  77,  78,
     79,  80,  81,  82,  83,  85,  86,  87,  88,  89,  90,  91,  92,  93,  95,  96,
     97,  99, 100, 101, 103, 104, 105, 106, 109, 110, 111, 112, 113, 114, 115, 117,
    118, 121, 122, 123, 124, 126, 127, 128,   1,  63,  67,  71,  72,  74,  77,  80,
     81,  82,  83,  86,  89,  92,  94,  95,  99, 100, 101, 102, 103, 104, 105, 106,
    109, 111, 113, 114, 115, 118, 121, 123, 127,   0,   1,  62,  63,  64,  65,  66,
     67,  68,  70,  71,  72,  73,  75,  76,  77,  78,  79,  80,  81,  82,  83,  85,
     86,  87,  88,  89,  90,  91,  92,  93,  95,  96,  99, 100, 106, 109, 111, 112,
    113, 114, 115, 117, 118, 122, 123, 124, 125, 127, 128,   0,   1,  62,  63,  64,
     65,  66,  67,  68,  69,  70,  71,  72,  73,  74,  75,  76,  77,  78,  79,  80,
     81,  82,  83,  85,  86,  87,  88,  89,  90,  91,  92,  93,  94,  95,  96,  99,
    100, 101, 102, 106, 109, 112, 113, 121, 123, 124, 126, 127, 128,   0,   1,  62,
     63,  64,  65,  66,  67,  68,  69,  70,  71,  72,  73,  74,  75,  76,  77,  78,
     79,  80,  81,  82,  83,  85,  86,  87,  88,  89,  90,  91,  92,  93,  94,  96,
     98,  99, 100, 102, 106, 107, 108, 109, 112, 113, 122, 126, 127, 128,   1,  63,
     67,  69,  70,  71,  72,  74,  77,  80,  81,  82,  83,  86,  89,  92,  94,  95,
     99, 100, 101, 102, 103, 104, 106, 109, 111, 112, 113, 114, 115, 118, 121, 124,
    126, 127,   0,   1,  95,  99, 100, 101, 102, 103, 104, 105, 106, 107, 109, 111,
    112, 113, 114, 115, 118, 119, 121, 124, 126, 127,   0,   1,  96,  99, 100, 101,
    102, 105, 106, 109, 111, 112, 114, 115, 118, 121, 122, 123, 124, 126, 127, 128,
      0,  95,  96,  97,  98,  99, 100, 101, 102, 105, 106, 107, 108, 109, 111, 112,
    114, 115, 118, 121, 123, 124, 125, 126, 127,   0,  95,  97,  98,  99, 100, 101,
    102, 105, 106, 107, 108, 110, 111, 113, 114, 115, 117, 118, 119, 121, 122, 123,
    124, 125, 126, 128,   0,   1,  95,  96,  97,  98,  99, 100, 101, 102, 103, 104,
    105, 106, 107, 108, 109, 110, 111, 112, 113, 114, 115, 117, 118, 119, 120, 121,
    122, 123, 124, 125, 126, 127,   0,   1,  95,  96,  97,  98,  99, 100, 101, 105,
    106, 107, 108, 109, 110, 111, 112, 114, 115, 118, 123, 124, 125, 126, 127,   0,
      1,  95,  96,  97,  98,  99, 100, 101, 102, 103, 104, 105, 106, 107, 108, 109,
    110, 111, 112, 113, 114, 115, 117, 118, 119, 120, 121, 122, 123, 124, 125, 126,
    127,   0,   1,  96,  98,  99, 100, 101, 102, 103, 104, 105, 106, 107, 109, 111,
    112, 114, 115, 118, 123, 125, 127, 128,   0,   1,  95,  97,  98,  99, 100, 101,
    102, 103, 104, 105, 106, 107, 108, 109, 110, 111, 112, 113, 114, 115, 117, 118,
    119, 120, 121, 122, 123, 124, 125, 126, 127, 128,   0,   1,  95,  96,  97,  98,
     99, 100, 101, 102, 103, 104, 105, 106, 109, 110, 111, 112, 113, 114, 115, 117,
    118, 121, 123, 124, 125, 126, 127, 128,   0,   1,  95,  96,  97,  98,  99, 100,
    101, 102, 103, 104, 105, 106, 107, 109, 111, 112, 113, 114, 115, 118, 120, 122,
    124, 127, 128,   0,   1,  95,  96,  97,  98,  99, 100, 101, 102, 103, 104, 105,
    106, 107, 108, 109, 110, 111, 112, 113, 114, 115, 117, 118, 119, 120, 121, 122,
    123, 124, 125, 126, 127,   0,   1,  95,  96,  99, 100, 101, 102, 103, 104, 106,
    109, 111, 112, 114, 115, 118, 121, 124, 126,   0,   1,  95,  99, 100, 101, 102,
    103, 104, 105, 106, 108, 109, 111, 112, 113, 114, 115, 118, 121, 122, 124, 126,
    127,   0,  96,  97,  98,  99, 100, 101, 102, 103, 104, 105, 106, 107, 108, 109,
    110, 111, 112, 113, 114, 117, 118, 119, 120, 122, 123, 124, 125, 126, 127, 128,
      0,   1,  96,  99, 100, 101, 102, 103, 104, 105, 106, 108, 109, 110, 111, 112,
    113, 114, 115, 117, 118, 121, 122, 123, 124, 126, 127,   0,  95,  96,  97,  98,
     99, 101, 102, 103, 104, 105, 106, 107, 108, 109, 110, 111, 113, 114, 115, 117,
    118, 119, 120, 122, 123, 125, 126, 127, 128,   0,   1,  95,  96,  97,  98,  99,
    100, 101, 102, 103, 104, 105, 106, 107, 109, 111, 112, 113, 114, 115, 117, 118,
    121, 122, 123, 125, 126, 127,   0,   1,  95,  96,  97,  98,  99, 100, 101, 102,
    103, 104, 105, 106, 107, 108, 109, 110, 111, 112, 113, 114, 115, 117, 118, 119,
    120, 121, 122, 123, 124, 125, 126, 127, 128,   0,   1,  95,  96,  97,  98,  99,
    100, 101, 102, 103, 104, 105, 106, 107, 108, 109, 110, 111, 112, 113, 114, 115,
    117, 118, 119, 120, 121, 122, 123, 124, 125, 126, 127, 128,   0,  96,  97,  98,
     99, 100, 101, 102, 103, 104, 105, 106, 107, 108, 109, 110, 111, 112, 113, 114,
    117, 118, 119, 120, 122, 123, 125, 126, 127, 128,   1,  37,  38,  39,  40,  41,
     42,  43,  44,  45,  46,  47,  48,  49,  50,  51,  52,  53,  54,  55,  56,  57,
     58,  59,  60,  61, 116,   0,   1,  95,  97,  98,  99, 100, 101, 102, 103, 104,
    105, 106, 107, 108, 109, 110, 111, 112, 113, 114, 115, 117, 118, 119, 120, 121,
    122, 123, 124, 125, 126, 127,   0,   1,  95,  97,  98,  99, 100, 101, 102, 103,
    104, 105, 106, 107, 108, 109, 110, 111, 112, 113, 114, 115, 117, 118, 119, 120,
    121, 122, 123, 124, 125, 126, 127,   0,   1,  95,  96,  97,  98,  99, 100, 101,
    102, 103, 104, 105, 106, 107, 108, 109, 110, 111, 112, 113, 114, 115, 117, 118,
    119, 120, 121, 122, 123, 124, 125, 126, 127,   0,   1,  95,  96,  97,  98,  99,
    100, 101, 102, 103, 104, 105, 106, 107, 108, 109, 110, 111, 112, 113, 114, 115,
    117, 118, 119, 120, 121, 122, 123, 124, 125, 126, 127,   0,  96,  97,  98,  99,
    100, 101, 102, 103, 104, 105, 106, 107, 108, 109, 110, 111, 112, 113, 114, 115,
    117, 118, 119, 120, 121, 122, 123, 125, 126, 127, 128,   0,   1,  96,  99, 100,
    101, 102, 103, 104, 105, 106, 107, 108, 109, 111, 112, 113, 114, 115, 117, 118,
    120, 122, 123, 124, 125, 126, 127,   0,  95,  96,  97,  98,  99, 100, 101, 102,
    103, 104, 105, 106, 107, 108, 109, 110, 111, 112, 113, 114, 115, 118, 119, 121,
    122, 125, 127, 128,   0,  96,  97,  98,  99, 100, 101, 103, 104, 105, 106, 107,
    108, 109, 110, 111, 112, 114, 115, 117, 118, 119, 120, 122, 123, 125, 127, 128,
      0,   1,  96,  97,  98,  99, 100, 101, 102, 103, 104, 105, 106, 107, 108, 109,
    110, 111, 112, 114, 117, 118, 119, 120, 121, 122, 123, 125, 126, 127, 128,   0,
      1,  95,  96,  97,  98,  99, 100, 101, 102, 103, 104, 105, 106, 107, 108, 109,
    110, 111, 112, 113, 114, 115, 117, 118, 119, 120, 121, 122, 123, 124, 125, 126,
    127,   0,   1,  95,  96,  97,  98,  99, 100, 101, 102, 105, 106, 107, 108, 109,
    111, 112, 113, 114, 115, 118, 119, 122, 123, 124, 125, 126, 127,
};

static const int8_t edslab_14_regularKernSparseValues[] = {
     -10,   -9,   -9,   -9,  -33,  -19,   -9,  -19,  -37,  -19,   -9,   -5,  -28,  -14,   -9,  -14,
       9,  -19,  -19,  -19,   -5,  -19,    5,    5,    5,    5,    5,   -9,   -9,  -19,   -5,   -9,
     -14,   -5,   -9,   -5,  -51,  -33,   -5,  -14,  -42,  -14,   -9,   -5,   -9,  -19,  -33,  -23,
     -14,  -19,  -28,  -19,  -19,  -19,  -19,  -28,  -14,  -14,  -14,  -14,  -14,  -19,  -14,   -9,
     -19,  -14,   -9,   -9,   -9,   -9,   -5,   -9,   -9,  -14,  -14,  -14,  -19,  -19,   -5,  -14,
       5,   -9,    5,  -19,   -9,  -14,   -9,    5,  -14,  -19,  -19,    5,  -19,   -5,    9,  -14,
      -9,   -9,  -14,   -5,  -14,  -19,    5,  -28,  -23,  -51,  -37,  -47,   -5,    5,   -9,    5,
      -5,   -9,    5,   -9,  -14,   -9,   -9,   -9,    5,   -5,    5,  -14,    5,    5,    5,    5,
       5,   -9,   -5,  -14,  -19,  -14,  -14,   -9,  -14,  -14,   -5,  -14,  -14,  -14,   -5,   -9,
     -14,   -9,   -9,    5,   -9,  -14,    5,  -23,   -9,  -28,   -9,   -9,  -14,  -14,  -14,   -5,
      -9,    5,    5,   -5,   -5,  -14,    5,   -5,   -5,   -5,   -9,  -14,   -5,   -5,    9,   -5,
      -5,    9,    5,   -5,  -19,   -9,   -9,  -14,  -14,    9,   -9,   -9,   -5,   -9,   -9,    5,
      -5,    5,    9,   -9,  -14,    9,  -14,    5,   -9,   -5,    9,  -19,  -19,  -19,   -9,   -5,
      -5,  -14,  -14,  -23,   -9,  -14,  -14,   -9,   -9,   -9,   -5,   -5,   -9,  -14,   -9,  -19,
      -5,   -9,  -14,   -5,    5,   -5,   -5,   -9,  -14,    5,  -14,    5,  -19,   -9,  -14,   -5,
      -5,   -5,   -5,  -19,   -5,  -14,  -23,   -9,   -5,   -5,   -9,    5,   -9,   -9,   -9,   -5,
     -14,   -5,   -5,   -5,  -19,  -33,  -23,  -23,  -14,   -5,  -14,  -33,  -23,   -5,  -33,  -23,
     -33,  -37,  -23,   -9,  -28,  -14,  -37,  -19,   -5,   -5,   -5,   -9,  -19,  -19,   -9,   -9,
      -9,   -9,    5,    5,   -9,  -14,    5,  -14,    5,   -9,   -9,   -9,  -51,   -9,  -19,   -5,
     -33,   -5,   -9,   -9,  -42,   -9,   -9,   -9,  -14,   -9,   -9,  -19,  -47,   -9,  -33,  -14,
     -19,  -65,  -65, -103, -103,  -93,   -5,   -9,  -42,  -19,  -19,  -23,  -19,  -14,  -23,  -23,
     -23,  -28,  -47,  -23,  -23,  -33,  -23,  -19,  -23,  -14,  -28,  -28,  -56,  -51,  -42,  -14,
     -14,  -23,   -9,    9,  -19,   -5,    5,   -9,   -9,   -9,   -9,   -5,    9,   -9,   -9,   -5,
      -5,   -5,   -5,    5,   -5,  -14,  -23,  -28,  -23,  -33,   -5,   -5,  -14,    5,    5,    5,
      -5,   -5,   -9,    5,   -5,   -9,   -5,   -5,   -9,    5,   -5,    5,   -9,    5,    5,  -14,
      -5,   -9,   -9,   -5,   -5,  -28,   -9,   -5,   -9,   -9,   -5,   -5,  -19,  -14,   -9,   -9,
     -14,  -14,  -23,  -14,   -9,  -23,  -23,  -28,  -28,  -23,   -9,   -9,  -14,   -5,   -9,  -14,
     -23,   -5,   -9,  -14,  -19,  -19,  -14,   -5,  -19,  -19,   -9,  -14,  -14,  -19,  -28,  -14,
     -19,  -19,  -14,   14,  -33,   -5,    5,   -5,   -5,   14,   -9,   -5,    5,   -5,   -5,   -5,
      -5,    9,   -5,    9,   -9,    5,   -9,  -14,  -28,  -28,  -33,   -5,    5,   -5,    9,    9,
       5,    9,   -5,   -5,   23,    9,  -14,    5,    5,    5,    9,    5,    9,   14,   14,   14,
      14,    5,  -23,   -5,  -14,   -5,  -19,   -5,   -5,    5,   -5,   -5,  -14,  -19,  -19,  -14,
     -19,   -9,   -5,   -5,    5,   -5,   -5,   -5,   -5,    5,   -9,    5,    5,   -5,   -5,   -9,
      -5,  -19,   -5,   -9,  -70,   -5,  -14,   -9,   -5,   -5,   -9,   -9,   -5,  -19,   -5,   -5,
     -23,   -5,  -14,   -5,  -14,  -14,  -19,  -23,  -19,  -14,  -37,   -9,  -23,  -23,  -28,  -14,
     -42,  -14,   -5,   -9,  -14,   -9,  -28,  -28,  -33,  -19,  -28,  -28,  -19,  -19,   -9,  -14,
     -19,  -19,  -23,  -23,  -33,  -28,   -5,    5,  -33,  -19,   -5,   -9,  -14,   -9,    5,  -14,
      -5,   -5,   -9,   -5,   -9,   -9,  -14,  -14,   -5,  -28,  -28,  -37,  -33,  -37,  -19,  -23,
      -9,  -14,  -19,  -14,  -23,  -23,  -14,  -14,   -9,  -14,    5,   -5,  -14,  -14,  -19,  -14,
      -5,   -9,  -14,  -23,  -14,   -9,  -23,  -19,   -9,   -9,  -19,  -19,  -14,  -19,   -5,  -19,
     -28,  -19,  -19,  -19,  -19,  -19,  -23,  -19,  -19,  -19,  -14,  -14,  -19,  -28,  -23,  -23,
      -9,  -14,  -14,   -9,  -14,  -14,   -9,  -14,  -14,   -9,   -9,   -9,  -19,  -19,  -23,  -19,
     -14,  -19,  -19,  -19,  -14,  -19,   -9,   -9,  -19,  -23,   -9,  -19,  -14,  -14,  -19,  -19,
     -19,  -14,   -9,  -19,  -14,  -14,  -19,  -28,  -19,  -14,   -9,    5,    5,  -33,    5,    5,
       5,   -9,  -19,  -19,  -23,   -5,   -9,  -28,    5,    5,   -5,  -19,  -14,   14,   -5,  -23,
     -19,   -5,   -5,   -5,    5,    5,   -9,  -14,   -5,  -19,   -5,   -9,  -19,  -19,   -5,   -5,
     -19,   -5,   -5,   -5,   -5,   -5,   -5,   -5,  -28,   -5,  -19,    5,   -5,  -23,  -28,  -23,
     -28,  -28,   -5,   -5,  -19,   -5,   -5,   -5,  -14,   -9,   -5,  -14,  -23,  -14,  -23,  -14,
     -14,  -14,  -19,   -5,  -14,   -5,  -23,  -19,  -37,  -28,  -37,   -9,  -14,   -9,  -19,   -5,
     -19,   -9,  -19,   -5,   -5,   -9,   -5,   -5,   -5,   -5,   -5,  -14,  -14,   -5,   -5,  -75,
     -42,  -61,  -61,  -70,   -9,   -5,  -28,   -9,   -5,  -14,  -23,  -14,  -28,  -14,  -14,   -9,
     -19,   -9,   -5,  -14,  -19,  -33,  -28,  -33,  -14,  -19,   -9,   -9,  -14,  -14,  -14,   -9,
     -19,  -14,   -5,  -19,  -14,  -19,  -19,  -19,   -9,  -19,  -23,  -19,  -14,  -14,  -14,   -9,
      -9,  -14,  -14,  -14,   -9,  -14,   -9,  -14,  -14,   -5,  -14,   -9,  -14,  -14,  -14,  -14,
     -19,  -14,  -14,   -9,   -5,   -9,  -47,  -19,  -23,   -9,  -14,   -5,  -23,   -5,  -23,   -5,
      -5,  -14,  -33,   -5,  -19,   -5,   -9,  -19,  -19,  -19,  -14,  -14,   -5,  -33,  -33,  -23,
     -23,  -23,  -19,  -33,  -19,  -19,  -23,  -28,  -28,  -28,  -23,  -23,  -28,  -23,  -33,  -19,
     -19,  -19,  -19,  -19,  -23,  -19,  -19,  -33,  -19,  -14,    5,  -51,   -9,    5,  -14,  -14,
     -19,  -19,   -9,   -5,  -19,   -9,  -14,  -19,   -5,  -14,    5,  -23,   -5,  -23,  -28,  -42,
     -42,  -42,  -23,  -14,  -23,   -5,   -9,  -19,    5,   -5,  -19,  -14,   -9,   -9,   -5,   -9,
      -9,   -5,   -5,   -5,   -5,  -23,  -33,  -14,  -19,    5,  -14,  -79,   -5,    5,   -5,   -5,
      -5,    5,   -5,   -5,   -9,  -14,   -9,   -9,   -9,   -5,  -14,    5,   -5,    5,  -14,  -19,
     -19,  -23,  -14,   -9,  -37,  -23,  -23,  -14,  -28,  -37,  -19,    5,   -5,  -23,   -9,   -5,
      -9,  -19,  -14,   -5,    9,   -5,  -14,  -23,   -9,  -37,  -37,  -19,  -33,  -28,  -37,  -37,
     -37,  -33,  -23,  -28,  -23,  -28,  -42,  -33,  -33,  -37,  -33,  -47,  -33,  -37,  -33,  -65,
     -61,  -79,  -79,  -89,  -37,  -47,  -56,  -33,  -33,  -28,  -14,   -9,  -51,  -33,  -14,  -51,
     -61,  -47,  -37,  -33,  -28,  -33,  -42,  -19,  -33,  -28,  -33,  -33,  -33,  -37,  -51,  -37,
      -9,   -9,   -9,   -5,  -14,   -5,   -5,   -9,   -5,   -5,   -5,   -5,   -5,  -19,   -5,   -9,
      -5,  -23,  -23,  -37,  -37,  -37,   -5,   -5,  -19,  -14,  -28,  -14,   -9,   -9,  -14,   -9,
      -5,   -5,  -14,  -19,  -19,  -23,  -28,  -14,   -9,  -19,   -9,    5,  -28,   -9,   -5,   -9,
      -5,   -9,   -9,   -5,   -9,  -14,   -5,   -9,   -9,   -5,  -14,   -5,  -23,  -28,  -37,  -33,
     -37,   -5,  -28,    5,    5,  -14,   -9,  -14,   -9,  -14,  -19,  -19,  -14,  -14,  -19,  -19,
      -5,   -5,  -19,  -19,  -19,   -9,  -23,  -14,  -28,  -61,  -19,  -19,   -9,  -14,   -9,  -19,
      -9,   -9,  -33,   -9,  -14,   -9,   -9,  -23,   -9,  -14,   -9,   -9,  -19,  -23,  -23,  -28,
     -19,  -23,  -47,  -23,  -37,  -42,  -37,  -28,  -42,  -14,  -14,  -23,  -23,  -23,  -42,  -42,
     -33,  -28,  -37,  -51,  -37,  -23,  -33,  -33,  -33,  -42,  -47,  -19,  -42,  -28,  -19,  -70,
     -14,  -28,  -19,  -14,  -14,  -23,  -14,  -14,  -28,  -14,  -14,  -14,   -9,  -33,  -19,  -23,
     -14,  -19,  -19,  -23,  -23,  -23,  -19,  -23,  -42,  -33,  -37,  -28,  -28,  -33,  -47,  -28,
     -19,  -33,  -23,  -23,  -28,  -37,  -33,  -28,  -28,  -37,  -23,  -23,  -23,  -28,  -23,  -33,
     -33,  -28,  -42,  -23,  -28,  -98,   -9,  -37,   -9,  -14,  -14,  -42,  -19,  -14,  -47,   -9,
     -19,  -14,  -19,  -37,   -9,  -47,  -14,  -19,  -28,  -19,  -23,  -23,  -19,  -19,  -61,  -28,
     -61,  -56,  -51,  -37,  -56,  -23,  -33,  -47,  -28,  -28,  -61,  -51,  -61,  -47,  -51,  -51,
     -47,  -33,  -42,  -47,  -47,  -47,  -61,  -28,  -61,  -37,  -37,  -93,  -14,  -33,  -14,  -19,
     -14,  -37,  -14,   -9,  -42,  -14,  -14,  -19,  -19,  -42,  -23,  -37,  -14,  -19,  -19,  -19,
     -23,  -19,  -19,  -23,  -47,  -28,  -56,  -61,  -47,  -28,  -65,  -28,  -33,  -47,  -37,  -37,
     -47,  -47,  -51,  -37,  -47,  -47,  -42,  -33,  -37,  -47,  -37,  -51,  -56,  -23,  -51,  -42,
     -33,  -75,  -19,  -37,  -14,  -14,  -14,  -33,   -9,   -9,  -42,   -9,  -14,  -19,  -14,  -51,
     -19,  -42,  -19,  -28,  -19,  -23,  -23,  -23,  -23,  -28,  -65,  -33,  -56,  -56,  -56,  -51,
     -65,  -33,  -37,  -51,  -37,  -37,  -51,  -61,  -61,  -47,  -51,  -56,  -56,  -42,  -42,  -51,
     -51,  -51,  -61,  -23,  -65,  -47,  -28,   -5,  -28,   -9,   -5,   -5,  -19,   -5,   -5,   -9,
      -9,   -5,   -9,   -9,  -23,   -9,  -23,   -5,   -9,  -23,  -23,  -19,  -19,  -23,   -9,   -5,
     -28,   -9,   -5,  -14,   -5,  -19,  -19,  -33,  -23,  -23,  -14,  -14,   -9,  -28,  -19,   -5,
     -28,  -23,  -33,  -37,  -47,  -19,  -14,  -23,   -5,   -9,  -19,  -37,  -19,  -14,  -19,  -23,
     -19,  -23,  -19,  -33,  -23,  -37,  -19,  -23,  -28,  -23,  -19,  -19,  -14,  -28,  -28,  -37,
     -37,  -37,  -19,  -23,    5,   -9,  -28,    5,   -9,   -9,  -14,   -9,  -23,  -28,  -14,  -14,
     -14,  -14,   -5,   -5,   -9,   -9,  -19,   -9,  -19,   -5,   -5,    5,  -14,  -28,   -5,   -5,
      -5,   -9,  -19,  -19,  -19,  -23,  -14,  -14,   -5,   -9,   -5,  -14,   -5,  -14,   -9,  -14,
     -14,  -19,  -14,  -19,  -19,  -14,  -23,  -19,   -9,  -19,   -9,   -9,   -9,  -19,  -28,  -19,
     -23,  -14,  -14,  -19,  -23,   -9,  -14,   -9,  -19,  -23,  -28,  -23,  -33,  -19,  -19,   -5,
      -9,    5,  -19,  -33,  -19,   -9,  -14,   -5,  -14,  -19,  -19,  -14,   -9,   -5,  -14,  -14,
      -5,   -5,   -9,   -9,  -14,  -14,  -14,  -23,   23,   -5,  -23,   -5,  -19,  -19,  -19,  -33,
     -23,  -14,  -23,  -14,   -9,  -28,  -28,  -23,  -19,  -19,  -33,   -5,  -28,  -56,  -56,  -42,
     -75,  -19,  -51,   -9,  -14,   -5,  -19,  -37,  -19,   -9,  -14,  -14,   -5,  -23,   -5,    9,
     -33,  -33,  -14,  -23,  -19,   -5,  -19,  -23,  -19,   -9,   -9,   -9,   -9,  -14,  -19,  -23,
     -19,  -28,   -5,   -9,  -33,   -9,   -9,   -9,  -19,   -9,   -5,   -9,  -19,  -14,  -23,  -14,
     -14,   -9,  -14,   -5,  -14,  -19,  -19,  -23,  -23,  -33,   -9,  -19,  -14,  -19,   -9,  -28,
      -9,   -9,   -9,  -14,  -14,  -14,   -5,  -14,  -23,  -33,  -14,   -9,   -9,  -19,   -5,  -14,
      -5,  -19,  -19,  -28,  -28,  -33,  -14,  -14,    5,    9,  -28,    5,    5,    5,    5,   -9,
       9,  -19,  -23,   -5,   -5,    5,    5,    5,   -5,    5,   -9,   -9,   -9,   -9,   -9,  -14,
     -23,  -14,   -9,  -33,   -5,  -14,   -9,  -14,   -9,   -5,   -9,  -14,  -14,  -33,   -9,   -9,
      -9,   -9,   -5,   -9,   -9,  -14,  -14,  -19,  -23,  -28,   -9,  -14,   -5,   -5,  -19,  -28,
     -14,  -14,   -5,  -19,  -14,   -9,  -14,  -23,  -14,  -28,  -14,   -9,  -19,  -19,   -9,  -19,
      -5,  -19,  -19,  -28,  -28,  -19,   -9,  -14,   -5,   -5,   -5,   -5,  -33,   -5,   -9,  -19,
      -9,   -5,   -9,  -23,  -14,  -28,   -9,   -9,   -9,  -14,   -9,   -5,  -14,  -14,  -23,  -23,
     -28,   -5,   -9,  -14,   -9,   -9,  -33,   -5,   -9,   -5,  -14,   -5,  -14,   -9,  -19,  -14,
     -28,   -9,   -9,   -5,  -14,   -5,  -14,  -14,  -23,  -28,  -28,  -33,   -5,   -9,   -9,    9,
     -23,    5,    5,   -9,   -9,  -14,   -9,  -23,  -19,   -9,  -14,    5,   -9,    5,  -14,    5,
      -9,   -5,   -5,  -14,  -19,  -14,  -19,   -5,   -5,    5,   -9,  -28,    5,    5,    5,   -9,
     -14,  -14,   -9,  -23,  -23,   -9,   -9,   -9,    5,  -14,   -5,   -9,   -9,  -14,  -19,   -9,
     -19,   -5,   -9,    5,  -28,   -5,    5,  -14,   28,   -9,  -23,   -5,   -5,   -5,   19,    5,
      -5,   -5,   -5,   -5,   -5,   -5,   -5,   -5,   -5,   -9,   -5,  -23,  -33,   -5,   -5,   -5,
      -5,  -14,  -28,   -9,  -33,  -23,   -9,  -14,   -9,   -5,   -9,  -14,    5,   -5,   -5,   -9,
     -14,  -19,  -19,   -5,  -28,    5,   -9,   -9,   -9,    5,   -9,  -14,  -23,   -5,   -9,   -5,
      -9,    5,   -9,   -5,   -9,   -9,  -14,  -14,   -9,  -14,   -9,  -28,  -23,   -5,   -5,  -14,
     -23,  -14,  -23,   -5,   -5,    5,  -14,    5,   -9,    5,  -23,  -14,  -28,  -23,  -42,   -9,
     -14,  -14,   -9,   -9,  -33,  -14,   -9,   -9,  -14,   -5,  -14,   -9,  -14,  -19,  -28,  -14,
      -9,  -14,  -14,   -5,   -5,   -5,  -14,  -14,  -19,  -19,  -23,   -5,  -14,  -14,  -33,  -37,
     -19,  -19,  -28,  -28,  -33,  -28,   -5,  -19,  -37,  -28,  -19,  -23,  -23,   -9,  -23,  -19,
      -9,  -14,   -9,   -9,  -14,  -14,  -28,  -37,  -28,  -19,  -33,  -23,  -19,  -23,  -19,  -19,
     -28,  -37,  -14,  -23,  -33,  -23,  -19,  -23,  -28,   -9,  -19,  -23,  -14,  -14,   -5,  -14,
      -9,  -19,  -23,  -33,  -28,  -14,  -33,  -23,  -19,  -19,  -19,  -19,  -33,  -33,  -14,  -19,
     -33,  -33,  -23,  -23,  -28,  -14,  -19,  -28,   -9,   -9,  -14,  -14,  -14,  -19,  -23,  -28,
     -42,   -5,   -9,  -23,   -5,   -9,   -5,   -9,   -9,   -9,  -19,   -5,   -5,   -5,   -5,   -5,
      -5,   -5,   -9,   -9,  -14,   -9,   -9,   -5,  -19,  -19,   -9,   -5,   -5,   -5,   -5,   -9,
      -5,   -5,   -5,   -5,   -9,   -9,   -5,   -9,   -5,  -33,  -23,   -5,  -23,  -14,  -23,   -5,
     -23,  -19,   -9,  -23,  -33,  -33,  -23,   -5,  -19,   -5,  -28,  -19,  -19,  -23,  -65,  -51,
     -28,  -19,  -75,  -14,  -14,  -28,  -14,  -14,  -14,  -14,   -9,   -5,   -9,  -14,  -14,  -28,
     -14,  -23,  -19,  -28,  -28,  -14,  -14,  -14,  -14,  -14,  -14,  -28,  -14,  -37,  -42,  -23,
     -14,  -56,  -14,  -14,  -28,  -14,  -14,  -14,  -14,   -9,  -14,   -5,    5,   -5,  -14,   -5,
      -5,   -5,   -9,   -5,   -5,  -19,   -9,   -9,   -5,   -5,   -5,  -14,    5,  -14,  -28,    9,
      -9,  -19,   -5,   -9,   -9,   -5,  -14,    5,   -5,    5,   14,  -23,   14,    5,   14,   -5,
      14,    9,   -9,    9,   -5,    5,  -14,    5,   -5,   -5,   14,    5,   -5,  -14,   -5,   -5,
      -5,   -5,   -5,    5,   -5,  -14,  -14,   -5,   -5,   -5,   14,   -5,   -5,    5,   -5,  -14,
       5,   -9,  -19,   -5,   -5,   -9,   -5,   -5,    5,   -9,    5,   14,  -14,   14,    5,    5,
      14,   -5,   14,    9,   -5,    9,   -5,    5,    9,   14,  -14,   -5,  -75,   -5,   -5,   -5,
     -23,   -5,   -5,  -19,   -5,   -5,   -5,  -42,   -5,   -5,   -9,   -5,   -9,   -5,   -5,   -5,
      -5,   -5,   -5,   -5,   -5,   -5,   -5,   -5,  -19,   -5,  -19,  -37,  -28,  -19,  -28,  -56,
     -28,  -37,  -42,  -19,  -19,  -23,  -51,  -28,  -33,  -37,  -37,  -28,  -28,  -14,  -19,  -37,
     -28,  -28,  -28,  -28,  -14,  -23,  -23,  -28,  -28,  -42,  -28,  -19,   -9,   -5,  -23,   -5,
      -5,   -5,  -23,   -5,   -5,  -14,   -5,   -5,   -5,   -5,   -5,   -5,  -14,   -5,   -5,  -14,
      -5,  -19,   -9,   -5,   -9,   -5,   -5,   -5,   -5,  -14,   -5,   -9,   -9,   -9,   -9,   -9,
      -9,   -9,   -9,   -9,  -19,  -23,  -14,   -9,   -9,   -9,   -5,   -5,  -19,  -14,   -5,   -9,
      -5,   -9,   -5,   -5,  -14,   -9,   -5,   -5,   -5,   -9,   -9,   -5,   -5,   -5,   -5,   -5,
     -14,   -5,   -5,   -5,  -14,   -5,  -14,  -19,   -5,   -5,   -5,   -9,   -5,   -5,  -19,   -5,
      -5,  -19,   -5,  -19,  -19,   -5,  -19,   -5,   -5,  -14,   -5,   -5,  -14,   -5,   -5,   -5,
     -14,   -9,  -14,  -14,  -14,   -9,   -9,  -14,  -14,  -14,  -14,  -14,  -19,  -19,  -37,  -14,
     -42,  -14,  -14,  -14,  -14,  -14,  -14,  -14,  -14,   -5,  -14,   -5,  -28,   -5,   -5,   -5,
     -23,   -5,   -5,   -5,   -5,   -5,   -5,   -5,   -5,   -9,   -5,   -5,   -5,  -28,    5,   -5,
     -28,   -5,   -5,   -5,   -5,   -5,   -5,   -5,   -9,    5,   -9,    9,   -9,   -5,   -5,   -9,
       9,   -9,    9,   -5,    5,   -5,   -5,   -5,   -5,    5,   -5,    9,   -9,   -9,  -19,  -23,
      -5,   -5,   -5,   -5,   -9,  -14,   -5,   -9,  -19,   -9,  -19,   -9,   -9,   -5,  -14,  -14,
     -19,   -9,  -19,   -9,   -9,   -9,   -9,   -9,   -9,   -9,  -19,   -9,  -19,  -23,  -19,  -14,
     -37,  -23,   -9,   -9,   -9,   -9,   -9,  -19,  -19,  -14,   -5,   -5,   -5,   -9,   -5,   -9,
      -5,  -14,   -5,  -19,   -9,   -5,  -14,  -14,  -19,   -9,  -19,   -9,   -9,   -9,  -19,   -9,
     -19,  -23,  -19,  -14,  -37,  -23,   -9,   -9,   -9,   -9,    5,   -9,   -9,   -5,   -9,  -14,
     -14,   -5,   -5,  -14,   -5,  -19,  -14,  -14,   -5,   -9,   -9,   -5,    5,   -5,   -5,  -14,
       5,   -9,   -9,   -9,   -9,   -5,   -9,   -5,   -5,    5,   -5,  -14,    5,   -9,  -37,    5,
      -5,  -37,   -5,   -5,  -14,   -5,   -5,   -9,   -5,   -9,    5,   -5,   -9,  -14,  -19,   -9,
     -14,   -9,   -9,   -9,  -14,  -14,   -9,  -19,  -14,  -14,   -5,   -9,  -14,  -14,  -14,  -14,
     -14,   -9,   -9,   -9,   -5,  -14,   -5,  -14,  -23,   -5,  -33,  -23,   -5,   -9,   -9,  -23,
     -19,   -9,  -14,   -9,   -5,   -9,  -14,  -14,   -5,  -19,   -9,  -14,   -9,  -14,   -9,   -9,
     -14,  -14,   -9,  -14,  -14,   -9,   -5,  -14,   -5,  -14,  -28,   -5,  -33,  -19,   -5,   -9,
      -9,  -14,  -14,   -9,   -9,  -14,   -9,   -9,  -14,   -9,   -9,  -14,   -9,   -9,   -9,   -9,
      -9,   -9,   -9,   -9,   -9,   -9,   -9,   -9,   -9,   -5,  -19,   -5,   -9,  -19,  -14,  -33,
     -19,   -9,   -9,   -9,   -5,  -37,   -9,   -9,   -9,  -33,  -14,  -14,   -5,   -9,   -9,   -5,
      -9,   -5,   -9,    9,   -5,  -14,    9,  -14,  -28,   14,   -9,  -23,   -5,   -5,   -9,   -5,
      -5,   -9,   -5,   -5,   19,    5,    5,  -23,    5,    5,    9,    9,    5,  -19,   -5,    9,
       9,   -5,    5,   -5,    5,  -14,    5,   -9,   -9,  -19,  -14,   -5,   -9,   -9,   -9,   -5,
      -9,   -9,   -5,  -19,   -9,  -14,   -9,   -9,   -9,  -14,   -9,   -9,   -9,   -9,   -9,   -9,
      -5,  -19,   -5,  -14,  -19,   -9,   -9,  -28,  -14,   -5,   -9,   -5,  -14,  -75,  -37,   -9,
      -5,   -5,  -14,   -9,  -33,    5,  -23,    5,   -5,  -23,   -5,   -5,   -5,   -5,  -14,    5,
     -19,   -9,  -14,   -9,   -9,  -28,   -5,   -5,   -9,   -5,   -5,   -9,   -9,   -9,   -5,   -5,
      -5,   -5,   -9,  -14,   -9,  -37,   -9,  -19,   -9,   -5,  -23,   -5,   -5,   -5,  -23,   -5,
      -9,   -5,  -19,  -19,   -9,   -5,   -9,   -9,   -5,   -5,   -9,    5,   -9,  -28,   -5,   -5,
     -28,   -5,   -5,   -5,   -5,   -5,   -5,   -5,   -5,   -5,    5,   -9,   -5,  -19,  -19,  -14,
     -14,   -9,  -14,   -9,   -5,   -5,   -5,   -9,    5,  -14,   -5,   -9,  -19,   -9,   -5,   -9,
      -5,   -9,  -19,  -65,   -5,  -37,   -5,   -9,  -14,   -5,   -9,  -37,   -9,   -9,   -9,   -5,
     -14,   -9,  -19,   -9,   -5,   -9,  -28,  -28,  -19,  -19,  -14,  -42,  -14,  -28,  -19,   -9,
      -9,  -14,  -42,   -9,  -14,  -23,   -9,  -28,  -23,   -5,   -9,  -28,  -23,  -33,  -14,   -9,
      -9,  -19,  -28,  -28,  -28,  -33,  -14,  -23,  -33,  -14,  -89,   -9,   -9,   -9,  -42,  -14,
     -14,  -14,  -14,  -19,   -9,  -47,   -9,   -9,  -37,   -5,   -5,  -33,   -9,  -28,  -33,  -14,
     -28,   -5,   -5,   -9,   -9,   -9,  -23,  -19,  -28,  -65,  -51,  -51,  -56,  -75,  -47,  -61,
     -42,  -37,  -37,  -61,  -75,  -56,  -51,  -61,  -56,  -47,  -61,  -42,  -51,  -65,  -56,  -51,
     -61,  -51,  -47,  -56,  -61,  -65,  -61,  -79,  -47,  -47,    5,   -9,  -37,   -9,   -9,   -9,
     -33,   -9,   -9,   -9,  -14,  -14,  -19,   -9,  -14,   -5,   14,   -9,   -9,   19,   -5,  -23,
       5,   -5,  -28,   -9,   -5,   -5,   -5,   -5,  -19,   -5,   14,  -19,    9,    5,    5,    5,
     -19,    9,    9,    5,    5,   -5,   -5,   -5,   -9,    9,  -14,  -19,   -9,  -37,   -9,   -9,
      -9,  -37,   -9,   -9,  -23,   -9,   -9,   -9,   -9,  -51,   -9,  -37,   -9,  -19,  -19,  -23,
     -23,  -23,  -33,  -14,  -19,  -23,  -14,  -14,  -19,  -19,  -14,  -14,  -28,  -28,  -19,  -28,
     -19,  -14,  -23,  -28,  -14,  -14,  -14,  -28,  -28,  -51,  -51,  -56,  -14,  -23,  -23,   -9,
     -28,  -19,   -9,  -19,  -14,  -14,   -9,  -19,  -14,   -9,  -19,   -9,  -23,   -9,   -9,   -9,
      -9,   -9,  -14,  -14,  -19,   -9,  -14,   -9,  -19,  -14,  -14,   -9,   -9,   -9,   -5,   -9,
     -14,   -5,  -14,  -23,   -5,   -9,  -23,   -9,   -9,  -14,   -5,   -5,   -9,   -9,   -5,   -9,
      -9,  -19,  -28,   -9,  -14,  -14,  -14,   -9,  -28,  -14,   -5,  -19,  -19,  -19,   -9,   -5,
     -14,   -5,   -9,   -5,   -5,   -5,  -14,   -5,   -9,   -9,  -14,  -14,   -5,   -9,   -5,   -5,
      -9,   -5,  -14,   -5,   -9,  -19,   -5,   -5,  -23,   -5,   -5,   -9,   -5,   -5,   -5,   -5,
      -5,   -5,   -9,  -19,  -19,   -5,   -9,   -9,   -9,   -9,  -14,   -9,  -23,   -5,   -5,  -23,
      -9,   -9,   -5,  -14,   -9,   -5,   -5,   -5,   -5,   -5,  -14,   -5,   -9,  -19,   -9,   -5,
     -23,   -5,   -5,   -5,   -5,   -9,  -23,  -19,   -5,   -5,  -14,  -14,   -9,  -14,   -5,   -9,
     -19,   -9,  -19,   -9,  -14,   -9,   -5,   -5,  -19,   -5,   -5,   -9,   -9,   -5,   -9,   -5,
      -5,   -9,   -5,  -14,   -5,   -9,  -14,  -14,   -9,  -28,  -14,   -5,   -5,   -5,   -5,   -5,
     -23,    5,   -5,  -14,   -5,   -5,   -5,  -23,   -5,  -14,  -14,   -9,   -9,   -5,    5,   -5,
      -5,    5,  -47,  -37,    9,   -5,  -51,   -5,   -5,  -23,   -5,   -5,    5,   -5,    5,   23,
      -5,  -23,    9,   -5,   -5,   -5,   -5,   -5,   14,   -5,   -5,    9,    9,   -5,    9,   -5,
     -14,    5,   -5,   -5,    5,   -5,    9,   -5,   -9,  -19,  -19,   -5,   -5,   -5,   -5,   -9,
      -5,  -14,   -5,  -19,   -5,   -5,   -5,   -5,  -19,   -9,   -9,   -5,   -9,   -9,   -5,   -9,
      -9,  -14,   -9,  -14,  -14,  -19,  -14,   -5,   -5,  -23,    5,   -9,  -19,   -5,   -5,   -5,
     -23,   -9,   -5,  -19,  -14,   -9,   -5,   -9,    5,   -5,   -5,   14,  -47,  -42,    9,   -5,
     -51,   -5,   -5,  -28,   -5,   -5,    5,   -5,   14,   14,  -19,    9,   -5,    9,   -5,    9,
       5,   -5,    9,   -5,   -5,   -5,   -5,    5,   -5,    9,   -5,   -9,    5,   -5,  -33,   -5,
      -5,   -5,  -19,   -5,   -5,   -5,  -19,  -19,   -5,   -5,   -5,   -5,    9,   -5,   -5,    9,
      -5,  -19,   14,   -9,  -28,   -9,   -9,   -5,   -5,   -5,    5,   -9,   -5,    5,   14,  -19,
       9,   -5,    9,   -9,    9,    9,    5,    5,   -5,    9,   -5,    9,  -14,   -5,    5,   -9,
     -23,   -9,   -5,   -5,  -23,   -9,   -5,   -5,  -14,  -14,   -9,   -9,  -14,   -9,    9,   -9,
      -9,    5,   -9,  -23,   14,   -9,  -28,   -9,   -9,   -9,   -9,   -9,    5,   -9,   -5,   19,
      -5,  -23,    9,    5,  -19,   -5,   -5,    9,    5,    5,   -5,   -9,    9,  -14,   -9,  -23,
     -23,   -9,  -14,   -9,   -9,   -5,  -14,   -9,   -5,  -19,   -9,  -23,   -9,   -9,   -5,   -9,
     -19,   -5,   -9,   -9,  -14,  -14,  -14,  -14,  -19,   -5,   -9,  -23,  -14,  -28,  -19,  -14,
      -5,   -5,  -14,  -14,   -5,   -9,   -9,   -9,   -5,  -14,  -14,   -5,   -5,   -5,   -9,  -23,
      -5,   -9,  -23,   -5,  -33,   -5,  -14,   -9,   -5,   -9,   -9,    5,   14,  -19,   14,   -5,
       5,   -5,   -5,    9,   -5,    9,  -14,    9,  -14,    9,   -5,   -5,    5,   -5,    9,  -14,
     -14,    5,    9,   -5,   -5,   -9,    5,   -9,   -5,   -5,   -5,   -5,   -5,    5,   -9,    9,
      -5,    5,   -9,    5,   -5,    5,   -5,   -5,    5,   -9,  -19,   -5,   -9,  -37,   -5,  -14,
      -9,  -14,  -33,   -5,   -5,   -5,   -5,   -5,   -5,   -5,   -5,   -9,   -5,   -5,   -9,   -5,
      -5,   -5,  -19,  -23,  -19,  -19,   -9,   -9,  -14,  -14,  -14,  -14,  -14,  -14,  -23,  -19,
     -14,  -14,   -5,   -9,  -14,   -5,  -19,  -14,  -19,  -19,  -19,   -5,  -33,   -9,   -9,  -23,
      -9,   -9,  -14,   -5,   -5,  -14,  -14,    5,    5,   14,   -5,   -5,   -9,    9,   -9,   -9,
      -5,   -5,   -5,    9,   -5,   -5,    9,   -9,    9,   -9,   -5,   -5,   -5,   -5,    9,  -14,
      -9,   -5,   -5,   -5,   -9,   -9,   -9,   -9,   -5,   -5,  -14,   -5,   -9,   -9,   -9,   -9,
      -5,  -14,   -5,   -9,  -19,   -9,   -5,  -23,   -5,   -5,  -14,   -5,   -5,   -9,   -5,   -9,
      -5,  -14,   -5,    9,   -5,  -14,    9,   -5,    5,   -5,   -5,   -5,   -5,   -5,    5,   -9,
       5,   -9,   -5,   -9,   -5,   -5,    9,   -5,  -19,   -9,   -9,   -9,   -9,  -19,  -14,  -14,
     -14,  -28,  -28,   -9,   -5,  -14,   -9,   -9,   -9,  -19,   -9,  -19,  -28,  -19,   -9,  -28,
      -5,   -5,  -19,   -9,   -9,  -14,   -5,   -9,  -14,   -5,  -19,   -9,   -9,   -5,   -9,   -5,
     -14,   -9,   -9,   -9,  -28,  -28,   -9,   -9,   -9,   -5,  -23,   -9,  -19,  -19,  -14,   -9,
     -28,  -23,   -5,   -9,   -5,   -9,   -9,   -5,  -19,   -5,   -5,   -5,   -5,   -5,   -9,   -5,
      -9,   -5,  -14,   -9,   -9,   -9,   -5,   -5,  -19,   -5,   -9,  -19,   -9,  -37,   -5,   -5,
      -5,   -5,   -5,  -23,   -9,   -9,   -9,   -5,   -5,  -19,  -14,   -5,   -9,  -14,  -14,   -5,
      -5,   -5,   -5,  -14,   -5,  -19,   -5,  -14,  -28,  -19,   -5,  -28,   -5,   -5,  -14,   -5,
      -9,   -5,   -5,   -9,   -5,   -9,   -9,   -5,    5,  -14,   -5,   -9,   -5,   -5,   -9,   -5,
      -9,   -9,   -5,  -14,   -9,  -14,   -5,   -5,   -5,   -5,   -9,   -9,  -19,  -14,   -9,   -9,
      -9,   -9,   -5,   -9,   -5,  -19,  -14,  -14,   -5,  -14,  -14,  -19,   -5,   -5,   -9,   -5,
      -5,  -14,    9,  -14,  -14,  -28,    9,   -9,   -5,   -9,   -9,  -14,  -14,  -19,  -19,    5,
      -9,  -14,    5,   -9,  -14,  -14,  -19,   -5,   -9,   -9,   -9,   -5,   -5,   -9,    5,  -14,
     -14,   -9,    5,  -19,   -5,   -5,   -5,   -5,   -5,   -5,   -5,   -5,  -19,   -5,  -19,   -5,
      -5,  -14,  -14,   -5,   -9,   -5,   -5,   -5,   -9,   -5,   -5,  -23,   -9,    9,   -9,   -9,
     -23,  -19,   -5,   -9,   -5,   -9,  -14,   -5,  -14,   -5,   -9,   -9,   -5,   -9,    5,   -5,
     -19,   -5,   -5,   -9,   -9,   -9,   -9,    5,  -14,   -9,   -5,   -5,    5,   -5,   -5,  -14,
      -5,   -5,   -5,   -5,   -5,   -9,   -9,   -5,    5,   -5,    5,   -5,  -14,   -5,   -5,  -14,
      -5,   -5,   -5,   -5,   -5,    5,   -9,   -5,  -19,    5,   -9,   -9,  -37,   -9,  -19,   -9,
      -9,   -9,  -14,  -33,  -14,  -14,   -5,   -5,  -14,   -9,   -9,   -9,   -9,  -14,   -9,   -9,
      -9,   -5,  -19,  -14,   -9,   -9,  -23,   -9,  -23,   -9,  -14,  -19,   -5,  -14,  -14,  -47,
     -14,  -19,  -19,   -9,   -9,  -14,  -37,  -19,   -9,  -14,   -9,   -5,  -14,   -5,   -9,  -23,
      -9,   -9,   -9,   -9,   -5,   -9,   -9,  -14,  -14,  -28,  -14,  -23,  -23,    9,   -9,   -9,
     -28,    9,  -19,   -5,   -5,   -5,  -14,   -9,  -19,  -14,    5,  -19,   -9,    9,   -5,  -14,
      -9,  -14,   -9,  -14,  -14,   -9,  -14,   -9,    9,  -14,   -9,  -19,  -37,  -19,  -19,  -23,
     -14,  -19,  -19,   -9,  -19,  -14,  -28,  -14,  -14,  -23,  -14,  -19,  -19,  -14,  -14,  -19,
     -14,  -14,  -19,  -19,  -19,   -9,  -14,   -5,   -5,   -5,  -23,  -14,  -14,   -5,   -9,   -9,
      -5,  -14,   -5,   -5,   -5,   -5,   -9,   -5,   -9,  -14,   -9,   -5,  -19,   -5,   -5,   -5,
      -5,   -5,   -9,   -5,   -5,   -9,   -5,  -14,   -9,   -5,   -5,  -23,  -14,  -19,  -19,  -14,
     -14,   -5,  -14,   -5,   -5,  -14,   -5,  -14,   -9,   -5,   -9,  -19,   -5,  -14,   -5,   -5,
      -5,   -5,   -5,   -9,   -5,   -5,  -14,   -5,   -9,   -5,    5,   -5,   -5,  -23,  -14,   -9,
     -14,   -9,   -9,   -5,   -9,   -5,   -5,   -5,   -5,   -9,   -5,   -5,  -14,  -19,   -5,  -23,
      -5,   -5,   -5,   -5,   -5,  -19,   -5,   -9,   -5,   -9,   -9,  -14,   -5,   -5,   -5,  -23,
      -9,  -14,   -9,  -14,  -14,   -5,  -23,   -5,   -5,  -14,   -9,  -19,   -9,   -5,  -19,  -14,
      -5,  -19,   -5,   -5,   -5,   -5,   -5,  -14,   -5,   -9,   -9,  -14,    5,   -9,   -5,  -14,
       5,   -9,   -5,   -9,   -9,   -9,   -5,   -9,   -9,    9,   -9,  -19,    5,   -9,  -23,    5,
      -5,  -37,   -5,   -5,   -5,   -5,   -9,   -5,   -5,    5,   -9,   -5,   -9,    5,  -23,   -5,
      -9,   -5,  -14,  -14,   -5,   -9,   -9,   -5,   -9,   -5,   -5,   -5,  -14,  -14,   -5,  -14,
      -5,   -5,   -5,   -5,   -5,   -5,   -5,  -19,    5,    9,   -5,   -5,  -23,    9,   -5,   -5,
      -5,   -9,   -9,   -5,   -5,   -5,    9,   -5,  -14,    5,   -9,  -33,    5,  -37,   -5,   -5,
      -5,   -5,    9,   -5,  -14,   14,  -14,  -14,  -28,    5,   -5,   -5,   -5,   -9,   -9,   -5,
      -5,    5,   -9,   -9,    5,   -9,   -5,   -9,  -14,   -5,   -5,   -5,   -9,   -9,    5,   -9,
     -19,    5,    9,   -9,   -9,  -23,    5,  -14,   -5,   -5,   -5,  -14,   -9,  -14,   -9,    5,
      -9,  -14,    5,   -9,   -9,  -14,   -9,   -9,   -5,   -9,   -9,   -5,   -5,    5,  -14,  -14,
      -9,  -14,   -5,   -5,   -5,  -23,  -14,  -19,  -19,   -9,   -9,   -5,  -14,   -5,   -5,  -14,
      -5,  -14,   -5,   -5,  -19,  -19,   -5,  -28,   -5,   -5,   -5,   -5,   -5,   -5,   -5,   -9,
     -14,  -14,    5,   -5,    9,   -5,   -5,  -23,    9,   -9,   -5,   -5,  -14,   -9,   -5,    5,
      -9,    5,   -5,   -5,    5,  -14,   -5,   -9,   -9,   -5,   -5,   -9,    9,
};

static const EpdFontData edslab_14_regular = {
    edslab_14_regularBitmaps,
    edslab_14_regularGlyphs,
    edslab_14_regularIntervals,
    55,
    36,
    27,
    -9,
    true,
    edslab_14_regularGroups,
    11,
    nullptr,
    nullptr,  // kernLeftClasses: built-in fonts use the split arrays below
    nullptr,  // kernRightClasses
    edslab_14_regularKernLeftCodepoints,
    edslab_14_regularKernLeftClassIds,
    edslab_14_regularKernRightCodepoints,
    edslab_14_regularKernRightClassIds,
    nullptr,  // kernMatrix: built-in fonts use the sparse form below
    edslab_14_regularKernRowOffsets,
    edslab_14_regularKernSparseCols,
    edslab_14_regularKernSparseValues,
    129,
    129,
    129,
    129,
    nullptr,
    0,
};
