/**
 * generated by fontconvert.py
 * name: edslab_18_italic
 * size: 18
 * mode: 2-bit  compressed: true
 * Command used: fontconvert.py edslab_18_italic 18 ../builtinFonts/source/EdsLab/EdsLab-Italic.ttf --2bit --compress --pnum --zopfli
 */
#pragma once
#include "EpdFontData.h"

static const uint8_t edslab_18_italicBitmaps[21599] = {
    0xB5, 0x5A, 0x3D, 0x8C, 0xE4, 0xC8, 0x75, 0x2E, 0x92, 0xD8, 0x25, 0x64, 0x02, 0xE6, 0x05, 0x02,
    0x2C, 0xE8, 0x00, 0x53, 0xA1, 0x60, 0x03, 0x62, 0xEA, 0x40, 0x3B, 0x45, 0x4B, 0x81, 0x02, 0x07,
    0xBA, 0xC0, 0x99, 0x02, 0xA7, 0x86, 0x14, 0xAC, 0x03, 0x07, 0x0A, 0x76, 0x9B, 0x34, 0x14, 0x2A,
    0x99, 0x40, 0x39, 0x2E, 0xB8, 0xC4, 0x2B, 0xC0, 0x4A, 0x14, 0x18, 0xC6, 0x74, 0xB3, 0xCE, 0x17,
    0x2A, 0x10, 0xA1, 0xD4, 0x81, 0x69, 0xE9, 0x0C, 0x59, 0xA7, 0xC0, 0x65, 0xA3, 0x25, 0x71, 0xEF,
    0x8A, 0x7C, 0xAE, 0xEF, 0x7B, 0x24, 0x67, 0x7A, 0x77, 0xE6, 0x6E, 0x21, 0xDB, 0xD3, 0xEC, 0xF7,
    0x6A, 0xC8, 0xE2, 0xE3, 0xFB, 0xAB, 0xF7, 0x53, 0x6C, 0x53, 0x3B, 0x1C, 0xB6, 0x33, 0xB6, 0x31,
    0x6D, 0x3C, 0x8C, 0xE9, 0x8D, 0x59, 0x8C, 0x99, 0x71, 0x24, 0x01, 0x47, 0x3A, 0x99, 0xEC, 0x6C,
    0x32, 0x8F, 0x23, 0xF7, 0xA6, 0x18, 0x4D, 0x31, 0x98, 0xD2, 0x19, 0xFD, 0x7B, 0x64, 0x70, 0x77,
    0xEF, 0x4C, 0xDF, 0x99, 0x2B, 0x63, 0xCA, 0x9F, 0x87, 0xF2, 0x67, 0x53, 0xF9, 0xC1, 0xB9, 0xFA,
    0xC0, 0xD7, 0xDF, 0xF3, 0xF5, 0x37, 0xBC, 0xCD, 0x47, 0x1B, 0x6F, 0x88, 0xD3, 0x8C, 0x09, 0xB8,
    0xE3, 0x68, 0x92, 0x09, 0x38, 0x80, 0xAC, 0xC1, 0x3F, 0x91, 0xB0, 0xC1, 0x3F, 0x9C, 0x96, 0x79,
    0x12, 0xC7, 0x73, 0xAA, 0xCE, 0x98, 0x6F, 0xFF, 0xE8, 0xA3, 0x17, 0xFD, 0x47, 0xF1, 0x09, 0x82,
    0x3F, 0x67, 0x88, 0xA4, 0xBB, 0x97, 0x9C, 0x27, 0x39, 0x30, 0x49, 0x32, 0x24, 0x97, 0x6F, 0xE4,
    0x06, 0x53, 0xE3, 0x2E, 0xDE, 0x3E, 0x98, 0x56, 0xC9, 0x11, 0x93, 0xDC, 0x81, 0xE4, 0x20, 0x75,
    0x7A, 0xBE, 0x25, 0x87, 0x7F, 0xF2, 0xF1, 0x75, 0xAE, 0xF0, 0x8F, 0x6D, 0x54, 0x03, 0xFC, 0xDF,
    0xD4, 0x0A, 0x79, 0xCE, 0x02, 0xBC, 0x2D, 0xD7, 0xF1, 0x76, 0x11, 0x69, 0x4C, 0xC9, 0x47, 0xDA,
    0x0F, 0xCD, 0x53, 0x6F, 0x7A, 0xD2, 0x0A, 0xF1, 0x92, 0x4F, 0x27, 0x8C, 0xA1, 0x84, 0xE4, 0x5D,
    0x3E, 0x4C, 0x15, 0x62, 0x52, 0x32, 0x62, 0x84, 0x14, 0xFB, 0x05, 0x24, 0x2B, 0x01, 0x4A, 0x7A,
    0xA1, 0xC6, 0xFA, 0x85, 0xD3, 0x84, 0x0F, 0x6B, 0xF5, 0xC1, 0x4E, 0x59, 0x79, 0x42, 0xF8, 0x9C,
    0x4C, 0xDC, 0xE0, 0xAA, 0x39, 0xC5, 0x1B, 0x66, 0xD3, 0x0E, 0xA6, 0x9A, 0x28, 0x7D, 0x34, 0x9F,
    0x08, 0x08, 0x7C, 0x07, 0x0C, 0xAE, 0xCA, 0x53, 0x99, 0x33, 0x85, 0x9E, 0xEC, 0xC7, 0x29, 0x7F,
    0x02, 0x2E, 0xC4, 0x91, 0x67, 0x11, 0x0F, 0xA7, 0x28, 0xC7, 0x9C, 0x7C, 0x57, 0x5D, 0x7A, 0xC6,
    0x44, 0x6B, 0x92, 0x73, 0x39, 0x9A, 0x68, 0xFA, 0xD4, 0x57, 0x0E, 0x38, 0xF3, 0x50, 0x8C, 0x8D,
    0x0A, 0xEF, 0xC1, 0x85, 0x6B, 0x5D, 0xA0, 0x00, 0x82, 0xDB, 0x4C, 0x21, 0x53, 0x4E, 0xFA, 0xFF,
    0xD0, 0x95, 0xC3, 0xAA, 0x3F, 0xA7, 0xD8, 0x36, 0x35, 0x79, 0xE9, 0x53, 0xA1, 0x64, 0xA1, 0xC0,
    0xB3, 0x4D, 0x36, 0x55, 0x03, 0x9E, 0x90, 0x7B, 0x4B, 0x53, 0x94, 0xC3, 0x73, 0x93, 0x8D, 0x90,
    0xF8, 0x86, 0xD8, 0x36, 0x81, 0x96, 0x3E, 0x99, 0x23, 0xAC, 0x92, 0x04, 0xD3, 0xC3, 0x93, 0x33,
    0x48, 0xBB, 0xD0, 0xFE, 0x95, 0x44, 0xBA, 0x7F, 0x70, 0x6D, 0x52, 0x6A, 0xF4, 0xB1, 0x7C, 0x88,
    0x87, 0x09, 0xB8, 0x12, 0xC0, 0x2C, 0x98, 0x2F, 0x70, 0x1E, 0xCD, 0x0B, 0x58, 0x0E, 0x84, 0x3A,
    0xD6, 0xF3, 0xAA, 0x99, 0xC0, 0x33, 0x33, 0xD5, 0x2E, 0xB4, 0x94, 0xED, 0x70, 0x6B, 0x3D, 0x24,
    0xA1, 0x74, 0xA5, 0x4F, 0x26, 0xDB, 0xE4, 0xE7, 0xF4, 0xDC, 0xC6, 0xA9, 0x99, 0x8F, 0x9A, 0x5F,
    0xF2, 0x21, 0xF2, 0xD0, 0x7F, 0xD3, 0x45, 0x68, 0xA5, 0x91, 0x28, 0xED, 0x8C, 0x95, 0x52, 0x46,
    0xEE, 0x46, 0xD3, 0x06, 0xE8, 0x45, 0x66, 0x93, 0x8B, 0x9C, 0x25, 0xD2, 0x5C, 0x4C, 0xDF, 0x94,
    0x63, 0x39, 0x94, 0xAE, 0x72, 0x75, 0x57, 0x37, 0x56, 0x5D, 0x29, 0xA5, 0x9A, 0xA8, 0x1B, 0x03,
    0x85, 0x6C, 0xCC, 0xD1, 0x03, 0x67, 0x35, 0x9C, 0xF2, 0x4E, 0x65, 0xEA, 0x4D, 0x30, 0x71, 0x12,
    0xF6, 0x8B, 0x7E, 0x93, 0x8B, 0x33, 0x6A, 0x4E, 0xEB, 0x36, 0x1A, 0x2D, 0x69, 0x5F, 0x82, 0xE5,
    0x16, 0x5C, 0x5E, 0x68, 0x09, 0x1A, 0x12, 0x50, 0x52, 0x4A, 0x54, 0x79, 0xCA, 0xCF, 0xBB, 0x07,
    0x0B, 0x27, 0xEE, 0x97, 0xF3, 0xC6, 0x6C, 0x7F, 0xEF, 0x80, 0xB7, 0x7D, 0x22, 0xC9, 0x2A, 0x31,
    0x72, 0x48, 0x5E, 0x35, 0x36, 0xF0, 0x32, 0xC1, 0x69, 0x7F, 0xB4, 0xBD, 0x05, 0xCD, 0x03, 0xA0,
    0xBD, 0x94, 0x62, 0xDE, 0x48, 0xA5, 0xBB, 0x3E, 0x72, 0xEA, 0xE3, 0x56, 0x63, 0x1D, 0xEF, 0xDA,
    0xD4, 0x39, 0x91, 0x0B, 0xBD, 0xA8, 0xE7, 0xD3, 0x59, 0x4F, 0xA9, 0x40, 0xCA, 0xCD, 0xDF, 0x9A,
    0xFD, 0x2F, 0x1B, 0x22, 0x49, 0x67, 0x1E, 0x17, 0xEF, 0x77, 0xE5, 0x4F, 0x7F, 0xEA, 0x2A, 0x11,
    0x97, 0x4B, 0xBC, 0x45, 0xBC, 0x29, 0x24, 0x20, 0xCA, 0x34, 0x87, 0xAB, 0xD6, 0x7C, 0xE9, 0xC9,
    0xE7, 0x8C, 0xC1, 0xE2, 0x7C, 0x86, 0xA7, 0x77, 0xA6, 0x6A, 0x60, 0xD6, 0xDA, 0xD4, 0xB2, 0x58,
    0x59, 0x5A, 0x59, 0x70, 0xE1, 0x86, 0x12, 0x4F, 0x26, 0x1F, 0x2A, 0x5F, 0xFB, 0x6A, 0x2C, 0x5C,
    0xD9, 0x7C, 0xC5, 0x7C, 0xD9, 0x98, 0xDB, 0x69, 0x8F, 0x22, 0xC3, 0xBD, 0xEB, 0xBB, 0x2B, 0xB3,
    0xF3, 0x41, 0x75, 0x51, 0x71, 0x8C, 0x7A, 0xB4, 0x47, 0xB3, 0xB9, 0xCD, 0x13, 0xA3, 0xCF, 0x7C,
    0x78, 0xDA, 0x1F, 0xE3, 0xE2, 0x57, 0x01, 0xBE, 0x0B, 0xC0, 0x48, 0xCA, 0xB8, 0x47, 0xCB, 0xD1,
    0x34, 0xE6, 0x7F, 0x35, 0x8D, 0x36, 0xC7, 0xF2, 0x63, 0x3C, 0x63, 0x20, 0xCB, 0x04, 0x2A, 0x2A,
    0xA7, 0x44, 0x8C, 0xB1, 0x4C, 0x42, 0x02, 0x8D, 0xC3, 0x48, 0xE5, 0x90, 0x79, 0x78, 0x34, 0x7C,
    0x3A, 0x1F, 0x4B, 0x07, 0x58, 0x11, 0xD6, 0x0D, 0xA0, 0x65, 0x44, 0x57, 0x78, 0x60, 0x38, 0x56,
    0x78, 0x62, 0xF8, 0x03, 0xB4, 0x0D, 0x60, 0x6B, 0x0E, 0xB4, 0x69, 0x4B, 0x07, 0xB0, 0x0D, 0xEC,
    0x5E, 0x3B, 0x53, 0x8D, 0xA6, 0xF4, 0x58, 0x87, 0xC5, 0xF2, 0xAD, 0x85, 0x51, 0xFA, 0x8C, 0xC9,
    0x8C, 0x0F, 0x09, 0x19, 0xB5, 0x0B, 0x8F, 0x99, 0xB6, 0xE0, 0x91, 0x4C, 0x26, 0x65, 0x1A, 0xD4,
    0x23, 0xD7, 0x34, 0x88, 0x4C, 0x88, 0xA3, 0xEA, 0x90, 0x01, 0x22, 0x73, 0xD6, 0xE0, 0x68, 0xE9,
    0x22, 0xC7, 0x48, 0x72, 0xEA, 0x65, 0x22, 0xF9, 0xB7, 0x65, 0x88, 0xC4, 0x29, 0x72, 0x2E, 0x22,
    0xF4, 0xBE, 0x96, 0x77, 0x45, 0xC1, 0x2C, 0x33, 0xCA, 0x15, 0xE1, 0x81, 0xF0, 0xAD, 0x08, 0xF7,
    0x94, 0x42, 0x82, 0x14, 0x84, 0x2B, 0x8C, 0x0C, 0x8E, 0x7B, 0x0A, 0x68, 0xE9, 0xD5, 0x32, 0x60,
    0x32, 0x67, 0x70, 0x98, 0xCF, 0x5B, 0xF8, 0x7A, 0x87, 0x6B, 0xF4, 0x0C, 0xF1, 0x93, 0x08, 0x91,
    0x7A, 0x98, 0xF7, 0xA2, 0x06, 0x98, 0x0F, 0x84, 0xD0, 0xD4, 0x9A, 0xA5, 0x00, 0x39, 0x76, 0xFB,
    0x22, 0x82, 0x45, 0xC8, 0xEF, 0x96, 0x6E, 0x52, 0xD2, 0x2E, 0x94, 0x11, 0xCE, 0x93, 0x1F, 0x90,
    0x1D, 0xE9, 0x68, 0x56, 0x5E, 0x78, 0xCA, 0xBB, 0x12, 0x4C, 0xA5, 0x36, 0x76, 0x29, 0xAE, 0x08,
    0x0F, 0x84, 0x47, 0xC2, 0x60, 0x9E, 0x71, 0x5D, 0x9E, 0xC0, 0x30, 0x1C, 0xA1, 0x75, 0x64, 0x01,
    0xF9, 0x42, 0xA6, 0x2D, 0x0B, 0xEE, 0x1A, 0xC8, 0x08, 0x4B, 0xD2, 0xB7, 0x84, 0x9C, 0x94, 0x2E,
    0x80, 0xC5, 0x7F, 0xE3, 0xE9, 0xF5, 0x07, 0x1E, 0xB7, 0x65, 0x1E, 0xDC, 0xE7, 0x1E, 0xCC, 0x22,
    0x79, 0x54, 0x03, 0x52, 0x45, 0xDB, 0x94, 0x0E, 0x8C, 0x45, 0x98, 0x9F, 0x69, 0x3D, 0x66, 0x75,
    0x8B, 0x4A, 0x83, 0x9A, 0x11, 0xC2, 0x85, 0xF4, 0xEF, 0x30, 0x7B, 0xBA, 0x60, 0x79, 0x73, 0x63,
    0x23, 0x2B, 0xF4, 0x6A, 0xD9, 0x01, 0x4C, 0x8B, 0x23, 0xEC, 0xB4, 0x6A, 0x58, 0x61, 0x75, 0xB7,
    0x46, 0x50, 0xB8, 0xA9, 0x85, 0xC4, 0x5E, 0x92, 0x0C, 0xAC, 0x77, 0x78, 0x21, 0x9A, 0x77, 0x54,
    0x87, 0x84, 0x94, 0x7D, 0x7B, 0xFC, 0xF3, 0x4B, 0x56, 0x2E, 0x75, 0xA8, 0x9E, 0xD5, 0xDF, 0xAF,
    0xC3, 0xC7, 0x32, 0xD2, 0xD7, 0x67, 0xD8, 0x8B, 0x97, 0x27, 0xFA, 0xE1, 0x00, 0x3F, 0x6C, 0xC9,
    0xEA, 0x0C, 0xDF, 0x4B, 0x91, 0x34, 0x9B, 0xEC, 0x22, 0x2D, 0x3E, 0x5D, 0xA2, 0x10, 0x3F, 0xA1,
    0x83, 0xF4, 0x90, 0xD7, 0xBE, 0x34, 0x79, 0x40, 0x6D, 0x91, 0x44, 0xD8, 0x80, 0xC3, 0x13, 0xB9,
    0x9A, 0xC9, 0x4F, 0x50, 0xC8, 0x1A, 0x23, 0xB0, 0xC6, 0x38, 0x32, 0xF0, 0xB6, 0x86, 0x2E, 0x3F,
    0x98, 0x9E, 0xA5, 0xD1, 0xAC, 0xD5, 0x05, 0x3C, 0x66, 0x69, 0x38, 0x16, 0xB9, 0x80, 0xBB, 0xEC,
    0x60, 0x89, 0x14, 0x76, 0x8D, 0xD6, 0xDD, 0xAD, 0xFE, 0xC2, 0xEF, 0x3D, 0xC5, 0x36, 0x17, 0x53,
    0xA8, 0xC6, 0x7B, 0xA7, 0xF4, 0x00, 0xAC, 0xED, 0x22, 0xD1, 0x84, 0x76, 0xCF, 0x29, 0x40, 0x35,
    0x32, 0x88, 0x71, 0xF9, 0x1F, 0x38, 0x08, 0x88, 0xEB, 0x80, 0x76, 0x87, 0xB4, 0xD7, 0xC2, 0xD5,
    0xD4, 0x77, 0x95, 0xC7, 0x8A, 0x03, 0x9D, 0x16, 0x30, 0xE5, 0x7A, 0x2C, 0x26, 0x1C, 0xD5, 0x80,
    0x39, 0x78, 0x62, 0x20, 0x53, 0xC1, 0x9C, 0x08, 0x8F, 0xD4, 0xE4, 0x89, 0xEC, 0xB5, 0xB0, 0x32,
    0x75, 0xE8, 0x58, 0x43, 0x90, 0x11, 0x08, 0xD6, 0xD2, 0xCA, 0xCA, 0xA1, 0xC6, 0xB5, 0x92, 0x9E,
    0x6C, 0x47, 0xA8, 0xBB, 0x87, 0x13, 0x26, 0x01, 0x52, 0x41, 0xC6, 0xC2, 0xC1, 0xBE, 0xF9, 0x80,
    0xA5, 0x51, 0x70, 0x69, 0x14, 0x0E, 0xB0, 0x74, 0xB0, 0x78, 0xE5, 0xA0, 0x01, 0xDB, 0xC5, 0x99,
    0x89, 0x34, 0xD9, 0xD2, 0x54, 0x42, 0xFF, 0x6C, 0x51, 0xCB, 0x4C, 0x51, 0xCC, 0xC7, 0xFF, 0xD4,
    0xEC, 0x1E, 0x48, 0xDE, 0x2C, 0xAB, 0xC7, 0x2B, 0x56, 0xDB, 0x96, 0xAA, 0xB7, 0x43, 0x22, 0xAC,
    0xFE, 0x02, 0x39, 0x1C, 0xA0, 0xC4, 0x97, 0x4C, 0x7E, 0x76, 0xB0, 0xCE, 0x76, 0x8F, 0xCC, 0xE5,
    0x1F, 0x32, 0x5B, 0xCB, 0xCC, 0x96, 0x8E, 0xE5, 0x39, 0x7E, 0xC6, 0xB4, 0x79, 0x65, 0xCA, 0xDD,
    0xC4, 0xD8, 0x31, 0x31, 0xF2, 0xEF, 0x0B, 0xDB, 0x42, 0xA9, 0x47, 0x84, 0x82, 0x07, 0x07, 0x9A,
    0xEB, 0x2B, 0x26, 0x42, 0x69, 0xB6, 0x93, 0x19, 0x17, 0x7B, 0xCB, 0xF2, 0x83, 0xFE, 0x21, 0x7B,
    0x1E, 0xA3, 0x9D, 0x10, 0x17, 0x23, 0xE6, 0x2C, 0x62, 0xFC, 0xCF, 0x02, 0xF3, 0x7A, 0x77, 0xCF,
    0x9E, 0xF9, 0x6F, 0xFA, 0x74, 0xC2, 0xF9, 0xA4, 0xFF, 0x32, 0x3E, 0x5F, 0x0E, 0x8A, 0x79, 0xE3,
    0xEE, 0xCF, 0x6E, 0x85, 0x7D, 0x2A, 0xD7, 0x4C, 0x94, 0xB4, 0x72, 0xC3, 0xD0, 0x78, 0x80, 0x69,
    0x6E, 0x60, 0xA5, 0x40, 0x00, 0x9B, 0xBE, 0xB7, 0xBA, 0x68, 0xBF, 0x85, 0x6B, 0xF8, 0x97, 0x11,
    0xA7, 0xE4, 0xC9, 0x8A, 0xD6, 0x6C, 0x61, 0x2F, 0xBD, 0x58, 0x05, 0x10, 0x8C, 0x97, 0xEA, 0xA5,
    0x7E, 0x70, 0xAE, 0x26, 0x70, 0x06, 0x81, 0x40, 0xAF, 0xA5, 0x5B, 0x20, 0xEE, 0x69, 0x51, 0xC6,
    0x16, 0x3A, 0x31, 0xBA, 0x1B, 0xD3, 0xFA, 0x48, 0x7B, 0x01, 0x89, 0xC0, 0x62, 0x49, 0x15, 0x53,
    0x6D, 0x0B, 0xF0, 0x60, 0x92, 0x17, 0x0D, 0xC2, 0x1F, 0xCA, 0xDE, 0x73, 0x94, 0x81, 0x79, 0x08,
    0x61, 0x38, 0x1F, 0xCC, 0x9C, 0x88, 0x89, 0x06, 0x75, 0x66, 0x8A, 0x53, 0x8B, 0xA1, 0x6A, 0xCC,
    0x35, 0x9B, 0x88, 0x9A, 0x37, 0xC7, 0xC1, 0x15, 0x9C, 0x7A, 0x89, 0x73, 0x9E, 0x1B, 0x23, 0xBC,
    0xEB, 0x06, 0xCA, 0xE4, 0x20, 0x7E, 0x23, 0xD1, 0xB2, 0x0B, 0x2B, 0xF5, 0xF8, 0xB5, 0x4C, 0xF8,
    0x1C, 0x64, 0xC1, 0x3C, 0xE7, 0xA0, 0x0E, 0x5C, 0x45, 0xF6, 0xD7, 0xF3, 0x9C, 0x9F, 0x23, 0x3B,
    0xA5, 0x8C, 0xBD, 0x0C, 0x98, 0xFA, 0xF7, 0xA6, 0x96, 0x46, 0x35, 0xF8, 0xF8, 0xBD, 0xAD, 0x25,
    0x61, 0xFA, 0x54, 0x0C, 0x1A, 0xEB, 0x9F, 0x34, 0x6B, 0x51, 0x65, 0x5F, 0x36, 0xDF, 0x92, 0x88,
    0x19, 0xF4, 0x3F, 0x54, 0x63, 0x31, 0x84, 0xAB, 0x8B, 0xF8, 0x7B, 0xB1, 0x61, 0xAE, 0x80, 0x9A,
    0x26, 0xA5, 0xFB, 0x9B, 0x40, 0x5C, 0x8C, 0x8A, 0x4B, 0x37, 0x13, 0xDB, 0x6E, 0xCD, 0x98, 0x7B,
    0xE6, 0x27, 0x4E, 0xB9, 0xC6, 0x68, 0x37, 0x32, 0x5B, 0x8E, 0x1A, 0xDF, 0x2A, 0x87, 0x83, 0x3E,
    0x50, 0x3A, 0x35, 0x8F, 0x96, 0x1B, 0x9A, 0xDA, 0x33, 0x60, 0xAC, 0xF4, 0xF5, 0x5B, 0x0E, 0x0C,
    0x22, 0xBC, 0x17, 0xB8, 0x25, 0xE9, 0xBD, 0x50, 0x6E, 0x31, 0x37, 0x82, 0x1E, 0x38, 0x02, 0x01,
    0x06, 0xB0, 0x22, 0x90, 0x10, 0x48, 0x3A, 0x22, 0x50, 0xA7, 0xB1, 0x89, 0x40, 0x4B, 0x23, 0x7D,
    0x32, 0xC1, 0xCD, 0x30, 0xC2, 0x37, 0x3B, 0x93, 0x65, 0x06, 0x9B, 0x91, 0xA8, 0x72, 0x60, 0x24,
    0x11, 0xF5, 0x20, 0xF8, 0x31, 0x13, 0x2E, 0xD1, 0x9A, 0x35, 0x5B, 0x95, 0xA9, 0x44, 0xE3, 0xCE,
    0x14, 0xA4, 0xA5, 0x1F, 0x15, 0xA0, 0xF1, 0x05, 0xD3, 0x5A, 0x95, 0xFE, 0x44, 0xFF, 0x66, 0x82,
    0x59, 0x34, 0x85, 0x4F, 0x54, 0x82, 0x38, 0xA3, 0xFF, 0x68, 0xDF, 0x4C, 0x5D, 0xF1, 0x5F, 0x9E,
    0xC6, 0xEC, 0x06, 0xEB, 0x96, 0xD1, 0x98, 0x25, 0x28, 0x68, 0x2E, 0x24, 0xAD, 0xCB, 0xA8, 0xCB,
    0x3C, 0x10, 0x53, 0x20, 0x4F, 0x13, 0x55, 0x44, 0x64, 0x4C, 0xB5, 0x4E, 0x64, 0x1E, 0x46, 0xDB,
    0x94, 0xF5, 0xF6, 0x21, 0x82, 0xF7, 0x4C, 0xE9, 0xA9, 0xEE, 0x22, 0xD0, 0x2A, 0x99, 0x34, 0x08,
    0x03, 0x64, 0xAC, 0x61, 0xD0, 0x99, 0xC8, 0xB4, 0x2E, 0x2F, 0xD5, 0xFC, 0xAE, 0x73, 0x62, 0xA6,
    0x59, 0x68, 0x90, 0x98, 0xCB, 0x3D, 0x01, 0xB6, 0x03, 0xF5, 0x0F, 0xEF, 0x48, 0xD7, 0xE6, 0x4F,
    0x17, 0xFA, 0x86, 0xCF, 0x1B, 0xDE, 0x37, 0x37, 0xF6, 0xAD, 0x17, 0xC5, 0x94, 0x13, 0x17, 0x89,
    0x8B, 0x61, 0xDF, 0xF4, 0x50, 0x6F, 0xEB, 0xF6, 0x5E, 0xCB, 0x6A, 0x5D, 0x44, 0x0C, 0x85, 0xB5,
    0x6B, 0x5D, 0x78, 0x52, 0x36, 0x68, 0x10, 0xC8, 0x25, 0xB4, 0xB2, 0x9A, 0x44, 0x65, 0xD4, 0x25,
    0x63, 0x79, 0xE1, 0x12, 0xA9, 0x30, 0x93, 0xA2, 0x33, 0x51, 0xB2, 0x7A, 0xD4, 0xBB, 0x14, 0x48,
    0x59, 0x27, 0xF2, 0x77, 0x51, 0xAE, 0xA8, 0xA0, 0xC1, 0xE9, 0x4A, 0x67, 0x45, 0xFE, 0x01, 0xC3,
    0xD5, 0xF7, 0x19, 0xAE, 0xD5, 0x5E, 0xE9, 0x60, 0xD8, 0x8A, 0x1D, 0xA9, 0xDB, 0x6F, 0x2F, 0x2F,
    0x5E, 0xBC, 0xA0, 0x47, 0x81, 0xA6, 0x10, 0xBD, 0x11, 0xF3, 0xC9, 0xFF, 0x1F, 0xF3, 0xF6, 0x01,
    0xE6, 0x69, 0x11, 0x45, 0x47, 0xC2, 0x56, 0xDD, 0xBF, 0x57, 0x44, 0xBA, 0xEB, 0x72, 0x00, 0x05,
    0xF5, 0xB3, 0x44, 0x97, 0x5F, 0xB1, 0x70, 0x4D, 0xD6, 0xA3, 0xEE, 0xEA, 0x35, 0xB0, 0x35, 0x2B,
    0xF8, 0xAA, 0x61, 0x53, 0x6C, 0x95, 0xCD, 0x9A, 0x7E, 0x42, 0x8E, 0xEE, 0xD3, 0x23, 0xF9, 0x6E,
    0x5A, 0x22, 0xE8, 0x91, 0x88, 0x57, 0x94, 0xBF, 0x83, 0xA2, 0xA3, 0x8A, 0x30, 0xEB, 0xAA, 0x08,
    0xCC, 0x39, 0xE9, 0xC4, 0x0C, 0x5A, 0x7A, 0xBA, 0x4D, 0xEF, 0x56, 0xC6, 0xA8, 0x6B, 0x66, 0x2D,
    0x21, 0xD3, 0x56, 0x66, 0x93, 0x68, 0x44, 0x0A, 0x28, 0x73, 0xC6, 0x6D, 0x30, 0x80, 0x1E, 0x3D,
    0x57, 0x2D, 0x50, 0xEC, 0x83, 0x81, 0x15, 0x8A, 0xEA, 0x32, 0xD5, 0x81, 0x5A, 0x42, 0x07, 0x5E,
    0xFD, 0x9A, 0x03, 0xCA, 0x43, 0x41, 0xED, 0x96, 0xE2, 0xE4, 0xEE, 0xA0, 0x04, 0xD6, 0x20, 0xB1,
    0x2A, 0xB9, 0xE2, 0x60, 0xB3, 0x4D, 0x20, 0x09, 0x0E, 0x48, 0x82, 0x0F, 0xE6, 0x80, 0x0E, 0xD0,
    0x6E, 0x83, 0xC3, 0x66, 0xFD, 0x23, 0x07, 0xB4, 0x14, 0x84, 0x70, 0xB4, 0x55, 0x86, 0x01, 0xA4,
    0xCE, 0x31, 0xA0, 0xC8, 0x96, 0x6E, 0xA6, 0xCE, 0xA5, 0x5F, 0xA5, 0x9D, 0x32, 0xBE, 0xEE, 0x5F,
    0x8A, 0xCF, 0x3A, 0x0E, 0x5F, 0xC7, 0x2F, 0x85, 0xAB, 0xF1, 0x6D, 0xC8, 0x0A, 0xBF, 0xED, 0xCA,
    0xC4, 0x91, 0x8F, 0xE6, 0x53, 0x55, 0xCD, 0x42, 0xA4, 0xCE, 0xA7, 0x50, 0xCB, 0x04, 0x25, 0x4D,
    0xE2, 0x9B, 0xF8, 0x0F, 0x76, 0x38, 0xF5, 0xEE, 0x13, 0x97, 0x5D, 0xD4, 0x73, 0xF3, 0x88, 0x4B,
    0xCB, 0x92, 0xFF, 0x2B, 0x85, 0x94, 0xE1, 0x00, 0xEE, 0x01, 0x35, 0xCA, 0xEF, 0x4D, 0x42, 0xC5,
    0x50, 0x57, 0x28, 0x6B, 0xFD, 0xE6, 0x00, 0xD0, 0x0F, 0x34, 0x92, 0x2B, 0x9E, 0x22, 0xEE, 0xA8,
    0x91, 0x56, 0x6D, 0xA0, 0x4D, 0x6A, 0x60, 0x38, 0x62, 0x71, 0xEA, 0x54, 0xEF, 0xA2, 0x4B, 0x30,
    0x9F, 0x88, 0x7D, 0x3D, 0x2A, 0xEE, 0xC9, 0x74, 0xFE, 0x8B, 0x45, 0x97, 0xE1, 0x7F, 0xCA, 0x68,
    0xD4, 0xD4, 0x13, 0xF1, 0x92, 0x07, 0x62, 0x54, 0x1C, 0x1A, 0xC1, 0x4F, 0xEB, 0x5A, 0xB4, 0xC4,
    0x0D, 0x31, 0xC0, 0x05, 0x6E, 0x15, 0x63, 0x72, 0xFD, 0xE7, 0xD7, 0xD4, 0x74, 0xDC, 0x16, 0xA7,
    0xB6, 0x2B, 0x19, 0xA8, 0xF1, 0x52, 0x3A, 0x6A, 0x3D, 0x7B, 0xB9, 0x3A, 0x36, 0x51, 0x50, 0x34,
    0x19, 0x15, 0xE2, 0x75, 0x94, 0xF0, 0xD2, 0xA7, 0x87, 0x94, 0x91, 0xA8, 0x18, 0x88, 0xCA, 0x15,
    0xB9, 0x1D, 0xD1, 0x60, 0x9F, 0x1E, 0x0F, 0x1F, 0xA9, 0x93, 0xD4, 0x34, 0x1E, 0xCC, 0x74, 0x24,
    0x62, 0x3C, 0x3C, 0x6A, 0x3C, 0x0C, 0x46, 0x88, 0xC0, 0x2E, 0x39, 0x92, 0x73, 0x1C, 0x81, 0x60,
    0xC1, 0x05, 0xCA, 0x0D, 0x40, 0x3A, 0x12, 0x8B, 0x50, 0xD6, 0xA5, 0x3B, 0x80, 0x80, 0x19, 0x46,
    0xC9, 0xC7, 0x28, 0x02, 0x7E, 0x39, 0x42, 0x22, 0xB4, 0x2B, 0x3F, 0x19, 0x20, 0x06, 0xDE, 0x47,
    0x94, 0x1C, 0xD9, 0x2E, 0x0D, 0xBA, 0x50, 0x2B, 0x57, 0x78, 0xDD, 0x11, 0x2A, 0xC7, 0xCA, 0x41,
    0x80, 0x62, 0xC8, 0x7D, 0xDB, 0xD4, 0x1D, 0xF7, 0x8D, 0xA6, 0x99, 0x61, 0xA5, 0x74, 0x09, 0xF8,
    0x50, 0x49, 0x7B, 0xFA, 0x13, 0x84, 0x45, 0x01, 0xAD, 0xF2, 0x7E, 0x91, 0x46, 0x59, 0x45, 0x3E,
    0xEE, 0x52, 0x87, 0x8B, 0x51, 0xBB, 0xB7, 0xDF, 0xA7, 0x5D, 0xE7, 0xC7, 0x4D, 0xED, 0xED, 0x1A,
    0x38, 0x47, 0x9A, 0x51, 0xC3, 0x90, 0xAC, 0x1B, 0x5B, 0x03, 0xB5, 0xB1, 0xC5, 0xA8, 0x8E, 0x17,
    0xA9, 0x0B, 0x8D, 0x51, 0x32, 0xAA, 0x75, 0xA8, 0x84, 0x82, 0x83, 0x69, 0x8D, 0x51, 0x2F, 0x03,
    0x59, 0x56, 0x35, 0xA8, 0xC4, 0x6C, 0x98, 0x55, 0x09, 0x6B, 0x8C, 0xAA, 0x86, 0xB5, 0x1A, 0x2A,
    0xFD, 0x5A, 0x0F, 0xE5, 0x14, 0x16, 0x0A, 0x08, 0x9B, 0xD4, 0x33, 0x6C, 0x46, 0xF1, 0xC9, 0x33,
    0xB3, 0xF6, 0xAC, 0xC2, 0xD7, 0x6E, 0x8D, 0x51, 0xE5, 0xB0, 0x0A, 0x5C, 0xFC, 0xD7, 0xA4, 0x83,
    0xEC, 0xB7, 0x18, 0xB4, 0x6A, 0x47, 0xCA, 0x4D, 0x26, 0x49, 0xA2, 0xF7, 0xAB, 0xD4, 0xD6, 0x33,
    0x9F, 0x68, 0xA6, 0xD0, 0x4C, 0x35, 0x68, 0x4E, 0x91, 0x6B, 0xCD, 0x29, 0xF3, 0x5A, 0x7D, 0x36,
    0xC8, 0x29, 0xA6, 0x1F, 0xB8, 0x61, 0x55, 0x79, 0xE6, 0x94, 0x6C, 0x4A, 0x75, 0x37, 0x56, 0xBD,
    0x76, 0xA6, 0x02, 0xCC, 0x49, 0x5D, 0xF2, 0x50, 0x77, 0x44, 0xD6, 0xDC, 0x45, 0xEB, 0x6E, 0xD1,
    0xDA, 0x6E, 0xDE, 0x45, 0xE9, 0x44, 0xC4, 0xED, 0x76, 0xE8, 0xB2, 0xD5, 0xBC, 0xA4, 0xFB, 0xC0,
    0x4D, 0xED, 0xD8, 0x92, 0x94, 0x67, 0xB6, 0x5F, 0x39, 0x58, 0x19, 0x37, 0xC6, 0x4C, 0xAB, 0x8B,
    0xFB, 0xF1, 0x9A, 0x53, 0x18, 0xD4, 0x89, 0x64, 0x54, 0xA4, 0x91, 0x36, 0x9F, 0x89, 0xCC, 0xA2,
    0xA8, 0x55, 0x37, 0x68, 0xB7, 0x18, 0x4E, 0x21, 0x8E, 0xBA, 0xE6, 0x02, 0x51, 0x1A, 0x34, 0x02,
    0x9F, 0x61, 0xDA, 0xA4, 0x1F, 0x34, 0x61, 0x34, 0x44, 0x9A, 0xDB, 0x3F, 0x6E, 0xDE, 0xB4, 0x14,
    0x79, 0xF3, 0x6C, 0x4E, 0xCD, 0xAF, 0xB1, 0x52, 0x45, 0xC4, 0xD2, 0x40, 0x7D, 0x3B, 0xD2, 0x4E,
    0x54, 0x02, 0xD5, 0x1F, 0xD6, 0x5D, 0xB9, 0x39, 0x5A, 0x42, 0xE9, 0xE7, 0x9E, 0xA4, 0xB7, 0xCD,
    0x0E, 0x53, 0x29, 0x06, 0x57, 0xC4, 0xCA, 0x0F, 0x31, 0x65, 0x5E, 0xCD, 0xB1, 0xE2, 0x40, 0xDC,
    0x24, 0xC4, 0xD9, 0xA8, 0xDB, 0x13, 0xF9, 0x39, 0x67, 0x93, 0x92, 0x86, 0x72, 0x60, 0xEC, 0x9D,
    0xE1, 0xBD, 0x03, 0x04, 0x50, 0x56, 0x6C, 0x30, 0x5A, 0xF3, 0xFA, 0x95, 0x5D, 0xBE, 0x98, 0x20,
    0x66, 0x9E, 0xFF, 0x06, 0xBD, 0x02, 0x96, 0xD5, 0xEE, 0x33, 0x9D, 0x4A, 0x55, 0xD5, 0xAC, 0x5C,
    0x91, 0x10, 0x55, 0x17, 0x14, 0x3F, 0x7A, 0xE7, 0x5E, 0x23, 0x86, 0x37, 0x32, 0xA2, 0x7F, 0xD5,
    0x88, 0xD9, 0x44, 0x23, 0xD6, 0x7E, 0xEB, 0x71, 0x4B, 0x56, 0xDC, 0x44, 0xD7, 0x11, 0x39, 0xEA,
    0x8E, 0xBB, 0x29, 0xB4, 0xDE, 0xAC, 0xE8, 0xA4, 0xD6, 0x6B, 0x89, 0x70, 0xE8, 0x7E, 0x90, 0x66,
    0x80, 0xEE, 0x3D, 0x18, 0xB1, 0x7A, 0x7F, 0x6A, 0x19, 0xF7, 0x3D, 0x8C, 0x98, 0xCB, 0x00, 0x23,
    0xB2, 0x6F, 0x7E, 0x1B, 0x35, 0x7E, 0xBA, 0xEF, 0x1E, 0x7A, 0x98, 0xAD, 0xC0, 0xC2, 0x06, 0xB7,
    0xC7, 0xDB, 0x8D, 0x34, 0x3E, 0xF3, 0x2D, 0x42, 0xA3, 0xD0, 0x08, 0x61, 0x7B, 0x56, 0x1F, 0xF8,
    0x95, 0xD1, 0x78, 0xA4, 0xDE, 0xAD, 0x4D, 0xAA, 0xB6, 0xE1, 0x9A, 0xA6, 0xD7, 0x94, 0xFD, 0x39,
    0xC2, 0x5A, 0x17, 0x0C, 0x4B, 0x4A, 0xC0, 0x1E, 0x69, 0x37, 0xD7, 0x77, 0x53, 0x67, 0x32, 0xD2,
    0xA1, 0xB5, 0xFD, 0x0F, 0xCA, 0x8E, 0x73, 0x2B, 0xAA, 0x88, 0x7C, 0xCD, 0x97, 0xA6, 0x40, 0x50,
    0xDC, 0x15, 0xD1, 0xF8, 0x79, 0xF0, 0x9A, 0x34, 0x6F, 0x96, 0x9F, 0x56, 0x74, 0x6F, 0x7E, 0x5A,
    0xD1, 0x67, 0x2F, 0x92, 0xC3, 0x67, 0x2D, 0x12, 0xA6, 0xD6, 0x56, 0x82, 0x95, 0xC0, 0x2B, 0x4C,
    0xAE, 0xD8, 0xC1, 0x0D, 0x1A, 0xD9, 0x89, 0xD3, 0x69, 0x7B, 0x69, 0xC6, 0x53, 0xE0, 0x34, 0x3D,
    0x13, 0xE3, 0x20, 0xCB, 0xC4, 0xC5, 0x86, 0x07, 0x95, 0xA2, 0x74, 0x18, 0x12, 0xAF, 0x6F, 0xD9,
    0x30, 0x84, 0xC9, 0x15, 0xDB, 0x66, 0xC5, 0xBC, 0x44, 0x6E, 0x89, 0x67, 0x62, 0x3E, 0xB3, 0x1C,
    0x55, 0x4D, 0xA5, 0x67, 0xC7, 0x06, 0x0B, 0x70, 0xDD, 0x64, 0xF2, 0x83, 0x3F, 0xA2, 0x75, 0xE9,
    0xCB, 0xBA, 0x46, 0xA8, 0xB1, 0x14, 0x66, 0x66, 0x91, 0x40, 0xB0, 0x63, 0x48, 0x0B, 0xA0, 0xF2,
    0xF0, 0x19, 0x64, 0xF6, 0xA4, 0x7C, 0x6F, 0x2D, 0xB3, 0x51, 0x8B, 0xEF, 0xDE, 0xC9, 0xEE, 0x37,
    0x90, 0x67, 0xDE, 0xA6, 0x3D, 0xFA, 0xAD, 0x4C, 0xDA, 0x89, 0x93, 0x06, 0x6F, 0xC5, 0xC5, 0x45,
    0xAD, 0x99, 0x04, 0xE2, 0xB3, 0x5A, 0x39, 0x9D, 0xD4, 0xA2, 0x9A, 0xB0, 0x21, 0xDC, 0xDA, 0xAA,
    0x84, 0xD5, 0x54, 0xCB, 0xAC, 0xB8, 0x9F, 0x14, 0xB7, 0x5E, 0xB1, 0x1D, 0x56, 0xEC, 0x6E, 0xE5,
    0xEA, 0x58, 0x07, 0x53, 0xA6, 0xD6, 0x61, 0xDC, 0x59, 0xD6, 0x12, 0x1C, 0x37, 0x6C, 0xAF, 0x64,
    0xAD, 0x70, 0x19, 0x4F, 0x9C, 0x7A, 0x09, 0xDF, 0xB2, 0x20, 0xD8, 0xA8, 0x4B, 0x94, 0xFF, 0xB2,
    0x36, 0x06, 0x27, 0x6C, 0x60, 0x73, 0xBF, 0x9A, 0xD7, 0xEC, 0x5F, 0xA8, 0x1D, 0xB9, 0x56, 0xF3,
    0x11, 0xA2, 0x71, 0x7C, 0xCC, 0xFD, 0x6E, 0xB7, 0x90, 0x79, 0x95, 0xBB, 0xE6, 0x3B, 0x6F, 0xCA,
    0xCE, 0x7D, 0x81, 0x38, 0x9E, 0x39, 0x76, 0xC5, 0x90, 0x71, 0x4D, 0x82, 0x8F, 0xD2, 0xA5, 0xD4,
    0x03, 0x57, 0x56, 0x93, 0x22, 0x0A, 0x52, 0x77, 0xD6, 0x24, 0x93, 0xEA, 0xA3, 0x18, 0x8F, 0x71,
    0x5C, 0x77, 0xAA, 0xC3, 0x00, 0xFD, 0xE8, 0xAA, 0xC0, 0x9B, 0x8B, 0x70, 0xD2, 0xF1, 0xEF, 0x7C,
    0x64, 0x38, 0xE8, 0x18, 0x82, 0x40, 0x01, 0xB4, 0xB9, 0xD3, 0x7C, 0xAC, 0xBB, 0x8C, 0xCC, 0xAC,
    0x3A, 0xD6, 0x0D, 0x48, 0xD5, 0xAF, 0x0A, 0xB7, 0xD6, 0xAF, 0x2C, 0x26, 0xAB, 0x1D, 0x2F, 0xBA,
    0x38, 0x6A, 0xB7, 0xBE, 0x48, 0x1E, 0xE8, 0x78, 0xF0, 0x38, 0xD8, 0x1F, 0x27, 0x7B, 0x35, 0x5E,
    0x1A, 0x94, 0x58, 0xE1, 0x89, 0xDB, 0x75, 0x29, 0x5A, 0x69, 0x88, 0xAB, 0x99, 0x88, 0xA1, 0x9C,
    0x78, 0x33, 0xE2, 0xA4, 0x58, 0xF4, 0x7A, 0x16, 0x84, 0xB8, 0xF0, 0xAD, 0x76, 0x05, 0x4E, 0xAD,
    0xDB, 0xE3, 0xC9, 0x74, 0x7C, 0xD2, 0xCF, 0x75, 0x93, 0x48, 0xF7, 0xBE, 0x41, 0x85, 0x36, 0x24,
    0xAB, 0xB5, 0xCC, 0x5C, 0xC8, 0x60, 0x1F, 0x2B, 0xB9, 0x65, 0x13, 0x34, 0x63, 0xCC, 0x53, 0x40,
    0x53, 0x44, 0xF4, 0x46, 0x68, 0xBB, 0xA5, 0x54, 0x20, 0x61, 0x3B, 0x0A, 0xDA, 0xD3, 0x18, 0x34,
    0x50, 0x39, 0xAE, 0xAF, 0x7F, 0x29, 0x74, 0x76, 0xAE, 0x1D, 0x1D, 0x56, 0xB5, 0x15, 0x02, 0xD1,
    0xAA, 0xEA, 0x76, 0x5C, 0x9D, 0xF1, 0xE1, 0x6E, 0xFB, 0x70, 0x99, 0x9F, 0xEF, 0xA9, 0xD2, 0x7B,
    0x25, 0x26, 0x34, 0x59, 0x42, 0xC4, 0x05, 0x8C, 0x91, 0xBD, 0x40, 0x4F, 0xA8, 0x1C, 0xBE, 0xA5,
    0xED, 0xD1, 0x1E, 0x51, 0x0F, 0x7F, 0x49, 0xC3, 0xA8, 0xDE, 0x94, 0x1E, 0x21, 0x55, 0xF4, 0x7F,
    0x77, 0xE9, 0xF3, 0x7A, 0x69, 0x35, 0xC5, 0xA4, 0x97, 0xA2, 0xA2, 0x3F, 0x7A, 0xF1, 0xE2, 0x87,
    0xDE, 0xF4, 0xCA, 0x9F, 0x10, 0x41, 0x88, 0xC5, 0x64, 0x32, 0xB3, 0x1D, 0xCC, 0xF9, 0xC6, 0xE0,
    0xB6, 0xC7, 0x44, 0x82, 0xAE, 0x9A, 0xCB, 0x1E, 0xF3, 0x8A, 0x2D, 0x9F, 0x6A, 0xE7, 0x66, 0xD5,
    0x8B, 0x6E, 0x0E, 0xEA, 0xEE, 0xA0, 0xB6, 0xAC, 0x4A, 0xEE, 0x55, 0x92, 0xDD, 0x1D, 0x92, 0xE6,
    0x92, 0x64, 0x2B, 0x8E, 0xF5, 0xF4, 0xDF, 0x44, 0x46, 0xFF, 0x31, 0x7E, 0x9E, 0xC5, 0xCF, 0x57,
    0xE3, 0xE7, 0x49, 0xFC, 0x7C, 0x25, 0x7E, 0xAA, 0xF8, 0x29, 0xF1, 0x69, 0xCA, 0xA6, 0x68, 0x8A,
    0x2E, 0xEF, 0x72, 0x97, 0xE9, 0x67, 0x48, 0x87, 0x74, 0x4C, 0xC6, 0xC4, 0x9B, 0xED, 0xF3, 0x96,
    0xC9, 0x98, 0x89, 0xC3, 0x25, 0x7F, 0xC9, 0x67, 0xF1, 0xE7, 0x1E, 0xE6, 0xEF, 0xF9, 0x26, 0xEE,
    0xEB, 0x22, 0x67, 0xAF, 0x90, 0x2C, 0x6E, 0x49, 0xF6, 0xEC, 0x05, 0xCD, 0xF6, 0x57, 0x01, 0x70,
    0xDD, 0xF0, 0xC5, 0xEA, 0x2F, 0x5D, 0x9C, 0xF8, 0x01, 0xEA, 0x68, 0x70, 0xF5, 0xCC, 0x9C, 0x61,
    0xA5, 0x00, 0x3A, 0xCF, 0x40, 0xE0, 0x0A, 0xF3, 0x6B, 0x3C, 0xB9, 0x6C, 0x7E, 0x1C, 0x67, 0x36,
    0x56, 0x64, 0xC1, 0xB7, 0x15, 0x99, 0xC5, 0xF4, 0xF1, 0xD3, 0x1A, 0x8B, 0x0F, 0xB8, 0x7D, 0x1B,
    0x95, 0xA1, 0xF8, 0x54, 0x64, 0xCA, 0x7C, 0x1A, 0xB2, 0x61, 0x65, 0xF5, 0xA9, 0x84, 0x2C, 0x9E,
    0x2B, 0x3F, 0xCC, 0xCE, 0xB6, 0xC9, 0xFC, 0xF3, 0xC8, 0x6A, 0xE0, 0xB7, 0x1C, 0x83, 0x69, 0x47,
    0xF9, 0xA1, 0x48, 0x2B, 0xDF, 0x97, 0x6A, 0x4A, 0x5F, 0xA6, 0x0B, 0xA3, 0x53, 0x03, 0xC0, 0x00,
    0x49, 0xD0, 0x50, 0x0B, 0x1B, 0xD0, 0x0D, 0x9F, 0x7D, 0x79, 0x84, 0x0B, 0x90, 0x4C, 0xFD, 0xD9,
    0xA4, 0xDB, 0x9B, 0x3E, 0x97, 0xCD, 0xA6, 0x1E, 0xB0, 0x19, 0xE9, 0x99, 0x66, 0x8B, 0x61, 0x03,
    0xA5, 0x53, 0xC0, 0x1F, 0x01, 0x14, 0x03, 0x77, 0xBB, 0xEB, 0x01, 0xE5, 0x8A, 0x4F, 0xF8, 0x2A,
    0x26, 0x98, 0x83, 0x95, 0xA8, 0x86, 0x62, 0x61, 0x8C, 0xFC, 0x90, 0xEF, 0x68, 0x98, 0x31, 0x3B,
    0x10, 0x75, 0x85, 0x8F, 0x86, 0x42, 0x1E, 0x6B, 0xEA, 0xEE, 0x82, 0xBD, 0xAB, 0x9D, 0x3D, 0x4B,
    0xD0, 0x98, 0xEF, 0x46, 0x1E, 0x92, 0x28, 0xED, 0xBE, 0xF3, 0xC2, 0x17, 0x56, 0xFB, 0x4B, 0xEF,
    0x5C, 0x14, 0xBE, 0xB6, 0xB9, 0xD1, 0xBE, 0xFE, 0x56, 0xFB, 0x02, 0x5E, 0xFC, 0xD6, 0x2A, 0x91,
    0x9F, 0x47, 0x58, 0x71, 0x41, 0xF5, 0x80, 0x91, 0xCB, 0x6A, 0xC4, 0xFA, 0xE3, 0x6F, 0xEB, 0x00,
    0xB5, 0x72, 0xB0, 0x86, 0x90, 0x15, 0xD0, 0x15, 0x61, 0x0B, 0x15, 0x03, 0xB6, 0x64, 0x57, 0x22,
    0x1C, 0x72, 0x21, 0xB1, 0x1E, 0xB5, 0xEA, 0xDC, 0x82, 0xE6, 0x58, 0x6B, 0x5E, 0xA0, 0x3A, 0x3A,
    0x53, 0x73, 0xD7, 0x32, 0x64, 0x33, 0x9A, 0x2D, 0x76, 0x5A, 0x87, 0xBA, 0x81, 0xCE, 0x64, 0x5E,
    0xBF, 0x01, 0x9C, 0xB7, 0x2A, 0xCD, 0xB5, 0x75, 0x39, 0xAA, 0xBB, 0xA1, 0x40, 0x8A, 0xED, 0xCF,
    0x2B, 0x11, 0x54, 0xAC, 0x5B, 0x5A, 0x86, 0x28, 0x07, 0x38, 0xF4, 0x31, 0xF5, 0x77, 0x0D, 0x4A,
    0xC0, 0xCA, 0x9A, 0x55, 0x96, 0x82, 0xC9, 0xEC, 0xC5, 0x93, 0x59, 0xCB, 0x24, 0x02, 0xB7, 0x81,
    0xEA, 0xD6, 0x71, 0x2E, 0xBD, 0xE7, 0xB0, 0x87, 0x57, 0x28, 0xFF, 0x8B, 0x41, 0xF3, 0x0B, 0xDB,
    0x99, 0xFD, 0xAF, 0x90, 0xAF, 0x05, 0x3C, 0xEF, 0x93, 0x40, 0x57, 0x0A, 0x26, 0x3F, 0x27, 0xDA,
    0x3A, 0x1F, 0xB9, 0x34, 0x9F, 0x73, 0x71, 0x3E, 0x27, 0xC5, 0x1B, 0xC2, 0x80, 0x87, 0x65, 0x30,
    0xC0, 0x80, 0x3D, 0x47, 0x4B, 0x2B, 0xB3, 0x6F, 0x48, 0xFD, 0x77, 0xAE, 0x95, 0xD9, 0x08, 0xD5,
    0x5A, 0xDA, 0xAC, 0x09, 0x77, 0x68, 0x3E, 0xD6, 0x17, 0x4F, 0xE6, 0xB1, 0x90, 0xDB, 0x7E, 0x5D,
    0xF1, 0xAA, 0xBA, 0x9E, 0x5C, 0xB6, 0x83, 0x29, 0xEE, 0xFC, 0xD0, 0x4E, 0x9A, 0xAD, 0x33, 0x2B,
    0x48, 0xAE, 0x9C, 0x09, 0x97, 0xFB, 0x7F, 0x4F, 0xA0, 0x30, 0x79, 0xC5, 0x59, 0x94, 0xA1, 0x4B,
    0x98, 0xFF, 0x5B, 0x8F, 0xC8, 0xF1, 0xEB, 0xAD, 0x23, 0x89, 0x70, 0x62, 0xE2, 0xDB, 0x77, 0xCE,
    0xB6, 0xBD, 0x29, 0x4B, 0x67, 0x59, 0xDF, 0x4B, 0xF3, 0x69, 0x2D, 0x9F, 0x73, 0x22, 0x3C, 0xDE,
    0xFE, 0xBA, 0xA5, 0x96, 0x31, 0x15, 0x67, 0x57, 0x38, 0x30, 0xE4, 0x20, 0x37, 0x98, 0x77, 0xB2,
    0x29, 0x9F, 0x72, 0x9F, 0x68, 0x2F, 0x38, 0xB4, 0xBE, 0xF7, 0x99, 0xCF, 0x7D, 0x3E, 0x16, 0x43,
    0xE9, 0xF0, 0xA9, 0xBA, 0xBA, 0x41, 0xEB, 0x60, 0xDF, 0xB5, 0xE7, 0xDA, 0x27, 0x60, 0xBE, 0x21,
    0x2B, 0xF0, 0x69, 0x5A, 0xF8, 0xEE, 0x6B, 0x5E, 0x41, 0x03, 0x3E, 0xF0, 0xFB, 0xA6, 0x9B, 0x93,
    0xF7, 0xEE, 0x77, 0xDE, 0x89, 0xA4, 0xB9, 0x3E, 0xA6, 0xEA, 0x91, 0x13, 0xA8, 0xEA, 0xAD, 0x2E,
    0xA9, 0x03, 0xE1, 0xEB, 0x7A, 0x7D, 0x40, 0xBB, 0xB9, 0x7F, 0x68, 0x93, 0x13, 0xA6, 0xAC, 0xDE,
    0x87, 0xA6, 0xAB, 0xBF, 0x93, 0x05, 0xAC, 0xF6, 0x60, 0xF4, 0x6B, 0x01, 0xB0, 0xF4, 0x80, 0x2C,
    0x15, 0x5A, 0xDD, 0xA5, 0x64, 0x2E, 0x91, 0x9F, 0x11, 0x9A, 0x99, 0xAC, 0x1F, 0xC9, 0xC2, 0x81,
    0x0F, 0xBF, 0xFA, 0x43, 0x64, 0x30, 0xDB, 0xC7, 0x89, 0xAE, 0x46, 0x2D, 0x83, 0x37, 0xEE, 0x29,
    0x32, 0x6B, 0x93, 0x61, 0xBD, 0x36, 0x38, 0xAC, 0xDA, 0x8D, 0xC7, 0x6E, 0xA8, 0x87, 0x7E, 0x89,
    0xE4, 0xD6, 0xA3, 0xE2, 0xDD, 0x56, 0x8F, 0x33, 0x96, 0x4B, 0x71, 0x1D, 0x29, 0x3F, 0x96, 0xA6,
    0xC6, 0x9E, 0xF2, 0x53, 0xF1, 0x82, 0x67, 0x88, 0xFC, 0x0E, 0x6E, 0x5F, 0x8F, 0x99, 0xE8, 0x9B,
    0xAF, 0x34, 0x30, 0xD2, 0x80, 0x39, 0xC5, 0x78, 0x43, 0xCB, 0xCE, 0x18, 0x24, 0x4F, 0x11, 0x83,
    0xEE, 0x11, 0x1A, 0xE2, 0x12, 0xCA, 0x47, 0xC5, 0x7C, 0x15, 0x87, 0x80, 0x89, 0xC9, 0x09, 0x6F,
    0x3E, 0x99, 0xEF, 0x2C, 0x5D, 0xF5, 0x2B, 0xD3, 0xBF, 0x13, 0xA5, 0xC3, 0x0F, 0x1E, 0x47, 0x89,
    0x52, 0x22, 0x7B, 0xAC, 0x8D, 0x7A, 0xE4, 0x27, 0x95, 0x21, 0x72, 0xF3, 0x57, 0x02, 0x9E, 0xD8,
    0x57, 0xD7, 0x67, 0x83, 0xC6, 0x1D, 0x77, 0x83, 0xF5, 0xE3, 0xE6, 0xAD, 0x87, 0x0B, 0x6F, 0x4D,
    0x56, 0x6F, 0x05, 0xC4, 0x6B, 0x46, 0xF6, 0xEA, 0xFC, 0x09, 0x31, 0x9E, 0x99, 0x2D, 0xD0, 0x67,
    0xD4, 0xA1, 0x88, 0x4B, 0x35, 0x44, 0xBF, 0xB5, 0x6E, 0x64, 0xD5, 0xB0, 0xDC, 0x96, 0x64, 0x46,
    0x04, 0x5A, 0xCD, 0x2A, 0x75, 0x17, 0x81, 0x35, 0x3B, 0x80, 0xF1, 0x5B, 0xD8, 0x9E, 0xCB, 0x08,
    0xDB, 0x85, 0x4D, 0x3D, 0x46, 0xC3, 0x94, 0x42, 0x56, 0xD9, 0x53, 0xBC, 0x64, 0x04, 0xAA, 0x23,
    0xB2, 0xBF, 0x41, 0x73, 0xDC, 0x7E, 0x22, 0x94, 0xA6, 0xA9, 0x3C, 0x36, 0x57, 0xF2, 0x08, 0xCF,
    0x38, 0x72, 0x36, 0x8F, 0xC5, 0x48, 0x38, 0xE8, 0x6B, 0x35, 0x85, 0x38, 0xC9, 0x16, 0x51, 0x75,
    0x8F, 0x94, 0x23, 0x86, 0x89, 0x8C, 0x10, 0x4D, 0x5A, 0x3D, 0xBF, 0x59, 0x3A, 0xF9, 0xD3, 0xA5,
    0xA3, 0xBF, 0x39, 0x85, 0x9A, 0x9D, 0xBE, 0x8E, 0x2D, 0xE6, 0x5F, 0x8C, 0x89, 0xC8, 0x27, 0x43,
    0x1E, 0x4C, 0x3F, 0x20, 0x2E, 0x38, 0xFE, 0xD6, 0x8C, 0xB9, 0xE4, 0x0A, 0xCB, 0x0D, 0x81, 0xB1,
    0xA1, 0x9E, 0x09, 0x4E, 0xFA, 0xB6, 0x39, 0x62, 0xEB, 0xD2, 0xA8, 0x24, 0x30, 0x53, 0xC8, 0x82,
    0x08, 0xFE, 0xEF, 0x7B, 0x58, 0xD7, 0x66, 0x98, 0xC0, 0x13, 0x6C, 0xAB, 0xE5, 0x47, 0x1F, 0xB3,
    0xBE, 0x65, 0xC0, 0x8C, 0xE6, 0x4D, 0xFA, 0x2E, 0x93, 0x6F, 0x8A, 0xCF, 0x74, 0x1B, 0x83, 0x7B,
    0x41, 0x8E, 0x2E, 0x53, 0xB8, 0xCB, 0xD0, 0x4E, 0xF1, 0xEE, 0x4B, 0x21, 0xD1, 0xA0, 0xEF, 0x42,
    0x24, 0xBF, 0x95, 0xCF, 0xB5, 0x74, 0xA8, 0xA0, 0xF3, 0xA5, 0x9F, 0xCA, 0x81, 0xCD, 0xE5, 0xC4,
    0xF8, 0x71, 0x86, 0xC4, 0xD7, 0x2C, 0x4C, 0xCD, 0x63, 0x18, 0xA8, 0x62, 0x58, 0xB8, 0x89, 0xDF,
    0x63, 0xD4, 0x7B, 0xCF, 0xFE, 0x51, 0x4C, 0x81, 0xB2, 0x20, 0x79, 0x38, 0xA8, 0xB4, 0xEC, 0x33,
    0x02, 0xF3, 0xD5, 0xFE, 0x12, 0x05, 0xDF, 0xBB, 0x71, 0xCA, 0x41, 0x71, 0x85, 0xAB, 0x9B, 0xC2,
    0xD9, 0xA6, 0x74, 0xB6, 0xAB, 0xBB, 0xFA, 0x63, 0x31, 0x25, 0xDF, 0x3E, 0x8D, 0xD8, 0x7F, 0x11,
    0xDF, 0x47, 0x30, 0xF6, 0x3E, 0x02, 0xBE, 0x58, 0xE5, 0x5B, 0xD4, 0x82, 0x60, 0x88, 0x04, 0xB8,
    0x44, 0x61, 0xF8, 0x06, 0x51, 0x9A, 0xBB, 0xB2, 0x4C, 0xE8, 0x00, 0x8B, 0xA9, 0x5D, 0xBE, 0x70,
    0xE3, 0xC5, 0x97, 0x32, 0xF7, 0x3E, 0x91, 0xB1, 0x1E, 0x5A, 0x71, 0xA5, 0x4C, 0x3D, 0xE0, 0xB9,
    0x97, 0xAE, 0x8A, 0x5A, 0xE5, 0x2E, 0x45, 0x1A, 0xB8, 0x4D, 0x11, 0xC8, 0xE5, 0x4C, 0xDE, 0x4E,
    0x4C, 0xA0, 0xAD, 0xB6, 0xF3, 0xD4, 0xA4, 0xFD, 0x3A, 0x8C, 0x55, 0x7F, 0x9F, 0xEF, 0xB7, 0xFE,
    0x95, 0x19, 0x57, 0x1A, 0xC2, 0xDB, 0xDF, 0x97, 0xE5, 0x9A, 0xB0, 0x07, 0xF4, 0x7E, 0xE2, 0xE2,
    0x11, 0x4F, 0x0B, 0x06, 0x5D, 0x19, 0x4C, 0x84, 0xD9, 0x19, 0x11, 0xB4, 0x1C, 0xF8, 0xF3, 0x03,
    0x94, 0x53, 0x78, 0x68, 0xAF, 0xFB, 0xEC, 0xC1, 0x84, 0x13, 0x1F, 0x37, 0xA7, 0x53, 0xAF, 0x3B,
    0xE5, 0x99, 0x6F, 0xE9, 0x21, 0x6D, 0x31, 0xB6, 0x85, 0x67, 0x78, 0x74, 0xF1, 0xC0, 0xE0, 0x69,
    0x67, 0x5B, 0x7D, 0x9D, 0x8D, 0x03, 0x8C, 0x45, 0x91, 0xB5, 0x89, 0x0E, 0x8C, 0xD2, 0xCC, 0x63,
    0x95, 0xE7, 0xC0, 0x33, 0x7D, 0xC0, 0xA1, 0x2A, 0x39, 0x13, 0xFA, 0x54, 0x96, 0x4A, 0x46, 0x93,
    0x7B, 0xD0, 0xCD, 0x02, 0x1B, 0x95, 0x59, 0x7F, 0x9A, 0xCC, 0x9B, 0xAD, 0x27, 0xD1, 0x61, 0xEF,
    0xDF, 0x12, 0x61, 0xBB, 0xF7, 0xDB, 0xC0, 0xDE, 0x92, 0x8D, 0x71, 0xD3, 0x42, 0xD8, 0xF7, 0x05,
    0xB1, 0xE2, 0x9F, 0x45, 0x8C, 0xC8, 0xF7, 0xD8, 0xD2, 0x38, 0x83, 0x6A, 0x51, 0x86, 0x44, 0xA4,
    0xC9, 0x65, 0xA4, 0x33, 0xC3, 0x76, 0x43, 0x44, 0xBA, 0x03, 0xC0, 0xE6, 0x9F, 0xEE, 0x7F, 0x62,
    0x0A, 0x51, 0x57, 0x5D, 0x77, 0xB1, 0x43, 0xEE, 0x89, 0xCA, 0x81, 0x3E, 0x5D, 0xDD, 0xDD, 0xC5,
    0x6E, 0x4F, 0x44, 0x36, 0x28, 0x3A, 0x13, 0xD5, 0xFE, 0x9E, 0x1D, 0x2E, 0x4B, 0x68, 0xA8, 0x92,
    0x2F, 0x6B, 0x92, 0xBA, 0x29, 0x3C, 0x69, 0xF4, 0xEB, 0xAE, 0x88, 0x4E, 0x27, 0x0D, 0x16, 0x3C,
    0x23, 0xD6, 0xD8, 0xA0, 0x05, 0xF4, 0x10, 0xC5, 0xCB, 0xB1, 0x7A, 0x0B, 0xC7, 0xBB, 0xA8, 0x20,
    0x61, 0x1B, 0xBE, 0xFF, 0x68, 0xBC, 0xE3, 0x8E, 0x78, 0x8D, 0x96, 0xFB, 0x0A, 0xAA, 0xBA, 0x42,
    0xA3, 0xC7, 0x77, 0x39, 0xC1, 0x08, 0x80, 0xBA, 0xFC, 0xA9, 0xD1, 0xDE, 0x07, 0xE2, 0xBB, 0xD7,
    0x7B, 0xB2, 0xB2, 0xD9, 0xFA, 0x1E, 0x7E, 0xF7, 0xBE, 0xE7, 0x99, 0xF6, 0x39, 0xF5, 0x35, 0x9F,
    0xC4, 0x85, 0x94, 0xF8, 0x8B, 0x56, 0x8A, 0xDF, 0xFC, 0x2E, 0xD9, 0x8D, 0x9C, 0xD9, 0xC8, 0x71,
    0x4C, 0xCD, 0xAB, 0x0A, 0xFE, 0x7A, 0x4B, 0x7E, 0x6F, 0xF6, 0x33, 0x5C, 0xBB, 0xA7, 0x4E, 0xFD,
    0x19, 0xEE, 0xEF, 0x73, 0xF7, 0xED, 0xAE, 0xE5, 0x69, 0x63, 0xA7, 0xB9, 0x60, 0x93, 0xD2, 0x3E,
    0x51, 0x89, 0xF7, 0x0E, 0x6F, 0xEB, 0xF2, 0x28, 0xB5, 0x9E, 0xA3, 0x0D, 0xDA, 0x8E, 0xE7, 0xF2,
    0x7B, 0xFA, 0xE4, 0x4B, 0x05, 0x5E, 0x92, 0xBD, 0x51, 0x72, 0x6F, 0x0F, 0xCA, 0x85, 0xF9, 0x52,
    0x24, 0xB1, 0x24, 0xFE, 0xAA, 0x90, 0xEB, 0xB7, 0xCC, 0x8F, 0xCD, 0xFF, 0x00, 0xDD, 0xDA, 0x01,
    0xC4, 0x2D, 0x79, 0x9E, 0xDF, 0xFF, 0x57, 0x55, 0x4D, 0x77, 0xFD, 0x67, 0x6B, 0xA7, 0x6B, 0xD1,
    0xED, 0x3F, 0xB6, 0xDD, 0x5B, 0xC1, 0xA0, 0x6D, 0xFA, 0xDE, 0x1A, 0x2C, 0x6E, 0xE4, 0x79, 0x6E,
    0xD5, 0x4E, 0x10, 0xC0, 0xDE, 0x60, 0x40, 0x90, 0xC6, 0x20, 0x7A, 0x48, 0x37, 0x9A, 0x74, 0xE4,
    0xE9, 0xE7, 0x54, 0x76, 0xB1, 0x18, 0xE4, 0x62, 0x81, 0x25, 0x69, 0x04, 0xE3, 0x0E, 0xE9, 0x46,
    0xE3, 0x92, 0xBE, 0xF7, 0xD4, 0xEE, 0x62, 0x91, 0xA0, 0x66, 0x06, 0xBB, 0xC4, 0x4A, 0x65, 0xD3,
    0x6B, 0xB3, 0x88, 0xA9, 0xEE, 0xAE, 0x9D, 0xA9, 0xEE, 0xAE, 0x73, 0x7E, 0x39, 0xA7, 0xEA, 0xCC,
    0x93, 0xE7, 0xDA, 0x6D, 0x59, 0xAB, 0x7B, 0xA2, 0xFB, 0x71, 0x7E, 0x9F, 0xF7, 0xA9, 0x3A, 0xF7,
    0x7E, 0xBF, 0xBF, 0xEF, 0xA7, 0x7E, 0x55, 0x55, 0xE7, 0x77, 0x7E, 0xEE, 0x12, 0x6A, 0x81, 0x3D,
    0xDF, 0x00, 0x78, 0xC4, 0xCC, 0x2C, 0x9A, 0xC5, 0xD3, 0xF1, 0x95, 0x8C, 0x92, 0x41, 0x3A, 0xC8,
    0x06, 0x59, 0x2F, 0xEF, 0x8E, 0xAF, 0xA2, 0x55, 0xB6, 0xAA, 0x56, 0xD5, 0xA8, 0x6A, 0x1B, 0xB6,
    0x90, 0xD7, 0x57, 0x82, 0xB8, 0x7F, 0x8F, 0xF2, 0x87, 0x7B, 0xC2, 0xEF, 0x87, 0x26, 0xD9, 0x9D,
    0x97, 0x6D, 0x36, 0x9C, 0xE5, 0x4D, 0xDE, 0x5E, 0xE4, 0x75, 0xD9, 0x5C, 0x50, 0x79, 0x48, 0x65,
    0xE4, 0xAE, 0x81, 0x4B, 0x03, 0x55, 0x74, 0x94, 0x6F, 0xF5, 0xAF, 0x2B, 0x7F, 0xFC, 0xC3, 0x59,
    0x3E, 0x17, 0xA3, 0x74, 0xAE, 0x5A, 0x1E, 0xFE, 0x03, 0x64, 0x8D, 0x93, 0x3C, 0x05, 0xA2, 0x70,
    0x9F, 0x2C, 0x8C, 0x94, 0x61, 0xA6, 0xAA, 0x8F, 0x62, 0xE2, 0x32, 0x1A, 0x78, 0x04, 0xF3, 0x13,
    0x52, 0x85, 0x1D, 0x9B, 0x55, 0x66, 0x92, 0xC1, 0x49, 0xD2, 0x1E, 0xD9, 0x22, 0x1D, 0xF2, 0xD6,
    0x49, 0x8A, 0x45, 0x1A, 0x94, 0x35, 0xCF, 0xBD, 0xFC, 0xDC, 0xB7, 0x55, 0x6D, 0x08, 0x36, 0x4D,
    0x08, 0x5E, 0x7E, 0xF6, 0xC1, 0x03, 0xBF, 0xB4, 0x43, 0x39, 0x1F, 0x65, 0x00, 0x88, 0x6A, 0x51,
    0x93, 0xB4, 0xD2, 0x36, 0xFA, 0x20, 0xBC, 0xC2, 0xBF, 0x0F, 0x7F, 0xC2, 0x1B, 0xF1, 0xC0, 0x68,
    0x14, 0xF7, 0xDE, 0x91, 0xB4, 0xAB, 0x0C, 0x92, 0x2E, 0xEE, 0xC5, 0x63, 0xD6, 0x4A, 0xB6, 0xBB,
    0x56, 0x51, 0x7E, 0x3C, 0xB8, 0xE0, 0xA1, 0x97, 0xF8, 0x26, 0x4E, 0xFD, 0x0E, 0x61, 0xAC, 0xC2,
    0xBC, 0x62, 0x12, 0xC2, 0x60, 0x4F, 0x3A, 0xB0, 0x21, 0xEF, 0xA8, 0x6A, 0x55, 0x43, 0xD9, 0xDA,
    0x22, 0xEF, 0xA2, 0x79, 0x29, 0x29, 0x19, 0x91, 0x0E, 0x79, 0x87, 0x64, 0x2C, 0x1B, 0xC4, 0xF3,
    0x06, 0xEC, 0x66, 0xE4, 0x21, 0x84, 0xD0, 0x28, 0x56, 0x94, 0x47, 0xD4, 0x96, 0x68, 0x50, 0x2D,
    0x72, 0xDC, 0xB9, 0x62, 0xCF, 0xE6, 0x80, 0x1D, 0x3C, 0x02, 0xE6, 0xEB, 0xD8, 0x86, 0x11, 0x42,
    0x18, 0x10, 0xAD, 0x48, 0x86, 0x64, 0x48, 0x87, 0xAC, 0xCF, 0xBA, 0xBC, 0xCD, 0xDB, 0xA2, 0x2D,
    0x9A, 0xB2, 0xF6, 0xC4, 0xDF, 0xFF, 0xD9, 0x5F, 0xA9, 0x6C, 0x5C, 0x7A, 0x44, 0xBC, 0xBD, 0xAF,
    0x0C, 0x93, 0x37, 0x5C, 0x18, 0xDC, 0x88, 0x7A, 0x5F, 0x3F, 0x34, 0xD1, 0x80, 0x10, 0x6A, 0x21,
    0xF4, 0x49, 0xFF, 0xCA, 0x90, 0x36, 0xD1, 0x98, 0x31, 0xE6, 0xB5, 0x77, 0xF2, 0xD6, 0x90, 0xEF,
    0xFF, 0x71, 0x97, 0x85, 0xD0, 0x44, 0xDB, 0xD0, 0x90, 0xB6, 0x24, 0xED, 0xAF, 0x1F, 0xDA, 0x6B,
    0xD2, 0xE6, 0x42, 0xE1, 0xE8, 0x61, 0x16, 0x7A, 0xBC, 0xFE, 0xCE, 0x3B, 0xEF, 0x80, 0x57, 0xF6,
    0x35, 0x64, 0x21, 0x4C, 0xB0, 0xA9, 0x6D, 0x11, 0x8F, 0x64, 0x2D, 0x79, 0xB3, 0x26, 0x3D, 0x87,
    0x87, 0x0C, 0x70, 0x26, 0xEE, 0x6C, 0x76, 0x6E, 0x48, 0x9B, 0xA4, 0x2F, 0xE5, 0x72, 0x79, 0x9D,
    0x37, 0x99, 0x1B, 0xEE, 0x2A, 0xEA, 0xCC, 0x99, 0x77, 0x6D, 0xA4, 0xEE, 0x98, 0xBC, 0x20, 0xF5,
    0x6A, 0x34, 0x22, 0xF3, 0x76, 0x3C, 0xAC, 0x4C, 0x06, 0x3C, 0x63, 0x58, 0x78, 0xE3, 0xC4, 0x33,
    0x43, 0x3C, 0x7A, 0xC6, 0x6B, 0xDE, 0x36, 0x7B, 0xD1, 0xE0, 0xB5, 0xE3, 0x60, 0x8E, 0x3B, 0x67,
    0x8A, 0x50, 0x67, 0xB5, 0x9B, 0x70, 0x9B, 0xBC, 0xC1, 0x44, 0xD2, 0x93, 0x75, 0xD8, 0xD7, 0xD1,
    0x63, 0x28, 0x43, 0x18, 0x21, 0xDA, 0x7E, 0x04, 0x10, 0x87, 0x5A, 0xFA, 0x7B, 0xAD, 0x3C, 0xEE,
    0x88, 0x3A, 0x69, 0x68, 0xDD, 0x4E, 0x5A, 0xAF, 0x1D, 0xDA, 0xDB, 0x69, 0xE3, 0x5F, 0x6D, 0x7A,
    0xE5, 0x8F, 0x07, 0xCF, 0x7D, 0xFB, 0xDB, 0xB5, 0x48, 0xED, 0x97, 0x93, 0xDA, 0x45, 0x5E, 0x47,
    0x73, 0x25, 0xFD, 0xAB, 0xBD, 0xF2, 0x77, 0x06, 0x55, 0xDE, 0x29, 0x7E, 0x3C, 0xC9, 0xDE, 0x9F,
    0x25, 0xFD, 0xBB, 0x74, 0x77, 0xB8, 0xF7, 0xFF, 0x81, 0x5F, 0x7B, 0xF0, 0x60, 0xDE, 0x84, 0x30,
    0x6F, 0x0F, 0x0D, 0x23, 0xD1, 0xB1, 0x0D, 0xC4, 0x03, 0xD1, 0xBD, 0x32, 0xEC, 0xAB, 0xB0, 0xDF,
    0x84, 0x3D, 0x9E, 0x5F, 0xCD, 0x4E, 0x7F, 0x6E, 0xF6, 0xC7, 0xDF, 0x0D, 0x88, 0xF7, 0x6C, 0x5A,
    0xF2, 0x9E, 0x6C, 0xA0, 0x42, 0x3C, 0x31, 0xBF, 0xFC, 0xE0, 0x77, 0xCD, 0xE2, 0x21, 0x84, 0xE0,
    0xAE, 0xB4, 0x7D, 0x46, 0xD6, 0x54, 0xF2, 0xE6, 0x86, 0xA4, 0x2D, 0x15, 0x6E, 0x88, 0xDB, 0xC2,
    0x5D, 0x2F, 0x4A, 0x0E, 0x3C, 0x73, 0x26, 0xAD, 0x73, 0x17, 0xCE, 0xDC, 0x50, 0x78, 0xA8, 0x0A,
    0xFD, 0xC2, 0xD7, 0x72, 0x6E, 0x9B, 0xBC, 0x9D, 0xD5, 0xCE, 0x4D, 0x86, 0xB4, 0x71, 0xE1, 0x5D,
    0x7D, 0xD2, 0x1A, 0x5D, 0x1C, 0xF8, 0x87, 0xDF, 0x1A, 0x9C, 0x17, 0xBB, 0x28, 0xA4, 0x9D, 0xEA,
    0x57, 0xBF, 0xEF, 0x9F, 0x17, 0x8D, 0xA2, 0xC1, 0x25, 0x79, 0xBF, 0x76, 0x27, 0xD9, 0x51, 0x76,
    0x08, 0x7F, 0xFE, 0x4F, 0xC3, 0x93, 0x66, 0x7F, 0x0C, 0x38, 0x19, 0xA2, 0x0A, 0x36, 0x01, 0x59,
    0xF7, 0xC2, 0xDB, 0xDF, 0x7C, 0xF5, 0x9B, 0xF7, 0xCB, 0xC6, 0x95, 0x25, 0x92, 0x63, 0xEB, 0xC5,
    0x6F, 0x7D, 0xDC, 0x24, 0x21, 0xB4, 0x87, 0xD6, 0xC8, 0x4F, 0x63, 0x2D, 0xAF, 0x29, 0x50, 0x5E,
    0x0F, 0xF7, 0x7D, 0x55, 0x98, 0x55, 0x61, 0x22, 0xDB, 0xB3, 0x79, 0xAB, 0x35, 0x24, 0x5D, 0xD4,
    0x45, 0x7D, 0x7C, 0x50, 0xE2, 0x8E, 0xA4, 0x25, 0xC7, 0x1B, 0x64, 0x23, 0x9B, 0x5A, 0x32, 0xAD,
    0x21, 0x6F, 0xCB, 0x9C, 0xC9, 0xDD, 0x7D, 0xF0, 0x1F, 0x6D, 0xC2, 0x4E, 0x1C, 0x42, 0x17, 0x3D,
    0xF8, 0x41, 0xBB, 0x26, 0xBB, 0x20, 0x1E, 0xC8, 0x1A, 0xAA, 0x9A, 0xCD, 0xCC, 0x73, 0x5B, 0xEB,
    0x67, 0x69, 0x4D, 0x56, 0x93, 0x7B, 0xC9, 0x4D, 0x0F, 0x5D, 0xA8, 0x7E, 0x30, 0xC8, 0x42, 0xED,
    0xA9, 0x3A, 0x77, 0xCB, 0x05, 0x76, 0xAA, 0x79, 0xD1, 0x89, 0xF9, 0xA8, 0x77, 0x67, 0xF1, 0xE8,
    0x6C, 0x92, 0x0C, 0x2E, 0x16, 0x7D, 0x3C, 0x4A, 0x07, 0xDB, 0x41, 0xDA, 0xFB, 0x64, 0x90, 0x75,
    0x3E, 0x1C, 0xE4, 0x6D, 0xF4, 0x61, 0x7F, 0xD4, 0x9F, 0x75, 0x8A, 0x36, 0xFE, 0xA4, 0x53, 0x35,
    0xC9, 0x27, 0x43, 0x14, 0x9A, 0xE4, 0x2F, 0x42, 0x08, 0x73, 0xFA, 0xE3, 0x10, 0x5E, 0x99, 0xD3,
    0x76, 0x33, 0xE5, 0x63, 0xD6, 0x42, 0xBE, 0x6A, 0xB3, 0x68, 0x0D, 0x05, 0x28, 0x41, 0x05, 0xEE,
    0x82, 0x73, 0xE0, 0xF9, 0x10, 0x66, 0x4B, 0xAC, 0xA3, 0xE4, 0x07, 0x19, 0xAB, 0x83, 0x0C, 0x9B,
    0xA3, 0x6C, 0x9F, 0x90, 0xEE, 0x28, 0x6D, 0x75, 0x94, 0xF2, 0x28, 0xE9, 0x51, 0x3C, 0x9B, 0x2F,
    0x87, 0x23, 0xC7, 0xED, 0xE2, 0x28, 0xB7, 0x71, 0x7E, 0x8E, 0xB3, 0xA3, 0x5C, 0x9C, 0x1D, 0xE5,
    0x02, 0x0F, 0x1F, 0x62, 0x3C, 0xCA, 0xB0, 0x0C, 0xFD, 0x81, 0xE8, 0xFD, 0x81, 0xF8, 0xCF, 0x7A,
    0x92, 0x1F, 0xF5, 0x44, 0xBF, 0x51, 0x7B, 0x4A, 0xD5, 0x6C, 0x9B, 0x6D, 0xFD, 0x86, 0xBC, 0x2B,
    0xEA, 0xBB, 0x5E, 0x17, 0xED, 0xA3, 0xC7, 0x6E, 0x79, 0xD1, 0x99, 0x33, 0xAF, 0x2F, 0xE7, 0xFD,
    0x60, 0xD0, 0x1F, 0x0F, 0x6C, 0xDC, 0xFE, 0xFD, 0xFF, 0xB9, 0x99, 0xC1, 0xB6, 0x97, 0x7C, 0x3C,
    0xC9, 0xEB, 0x33, 0xB7, 0xDC, 0x5A, 0x46, 0xF7, 0x1D, 0x2F, 0xBA, 0xE3, 0x8E, 0x33, 0x83, 0xE2,
    0xF7, 0x3A, 0xE9, 0xDE, 0x7A, 0x02, 0xAB, 0xA5, 0x5A, 0xD9, 0xBF, 0x19, 0xE4, 0x3F, 0x3A, 0x9E,
    0xB0, 0xBB, 0xE5, 0x8A, 0x1F, 0xCD, 0x95, 0xEC, 0x83, 0x59, 0xF5, 0xBD, 0xC1, 0xDD, 0xAC, 0xF5,
    0xEB, 0xCF, 0x5C, 0x9D, 0xBF, 0xE2, 0xDD, 0xA2, 0x33, 0x38, 0xBB, 0xA6, 0x77, 0xC0, 0x6B, 0xE0,
    0x1D, 0xF0, 0x36, 0x18, 0x40, 0x0F, 0xD1, 0xA2, 0x71, 0xE7, 0x6B, 0xC4, 0xAD, 0x73, 0x92, 0xD6,
    0xBB, 0xBE, 0x73, 0xD0, 0x21, 0x1A, 0xB7, 0x73, 0xD2, 0xA5, 0xC3, 0x76, 0xCA, 0x9A, 0x62, 0xA0,
    0xF0, 0xC6, 0xC0, 0x79, 0xF4, 0x7E, 0xCF, 0xC3, 0xF4, 0xF7, 0x3B, 0xD1, 0x90, 0x7F, 0xAB, 0x95,
    0xB4, 0xE7, 0x49, 0x2B, 0x6F, 0xC6, 0x83, 0x16, 0xC9, 0xC7, 0x3F, 0x78, 0xCF, 0x59, 0x12, 0xC2,
    0x64, 0x24, 0xAB, 0xE3, 0x9E, 0x5C, 0xDA, 0x92, 0xCB, 0x6B, 0x51, 0xE8, 0x23, 0xE2, 0xD0, 0x7F,
    0xF6, 0x7D, 0xFE, 0xD5, 0xFA, 0xA0, 0x1F, 0x86, 0x63, 0x9F, 0xFF, 0x5B, 0x73, 0x71, 0xE8, 0xF3,
    0xBF, 0x73, 0x8B, 0xE2, 0x45, 0x37, 0x38, 0x7F, 0xF6, 0xA8, 0x0F, 0x39, 0x13, 0x0D, 0xD6, 0x5B,
    0x77, 0xD2, 0xC9, 0x1B, 0xAF, 0xD4, 0x0A, 0xE9, 0xC4, 0x99, 0xB2, 0x61, 0x34, 0x11, 0xF7, 0x71,
    0xE7, 0xED, 0xB4, 0x4D, 0x5A, 0x7D, 0x5E, 0xA7, 0xE1, 0xD8, 0xE7, 0x83, 0x76, 0x42, 0x18, 0x38,
    0xA9, 0xB4, 0x85, 0x9B, 0xE0, 0x21, 0x24, 0x1D, 0x14, 0xF7, 0xA1, 0xDC, 0x83, 0x57, 0x1A, 0x48,
    0xDA, 0x6B, 0xFA, 0xA7, 0x8B, 0x3E, 0xE2, 0x4C, 0x3E, 0xF9, 0xCE, 0x6D, 0x9B, 0x21, 0x1E, 0xF3,
    0xF0, 0x49, 0x97, 0x0E, 0x71, 0xF8, 0xDE, 0xCF, 0x7D, 0xEE, 0x39, 0x5B, 0x7C, 0x9E, 0xD2, 0x3F,
    0x38, 0xFA, 0x5C, 0xC4, 0x47, 0x9F, 0x2F, 0x8E, 0x3E, 0xD7, 0xC3, 0x41, 0x6F, 0x2F, 0x3E, 0x5F,
    0xA4, 0x3F, 0xF7, 0xD9, 0xA7, 0xF9, 0x8C, 0x7B, 0x27, 0xA3, 0xA5, 0x57, 0x12, 0xF7, 0x00, 0x20,
    0x7A, 0x13, 0xF1, 0x80, 0xE4, 0x4A, 0xB2, 0x0E, 0x65, 0x4B, 0x14, 0x90, 0xCD, 0xD8, 0x74, 0xC4,
    0x7B, 0x64, 0xE3, 0xE9, 0x33, 0x15, 0x51, 0x73, 0x49, 0xDE, 0xEE, 0xAE, 0x64, 0x4F, 0xD1, 0x6C,
    0x1B, 0x5B, 0x55, 0x08, 0x3B, 0x79, 0x08, 0xA3, 0x68, 0xBB, 0xAF, 0x41, 0xDA, 0x00, 0x49, 0xFB,
    0x24, 0xE3, 0x0E, 0x94, 0x61, 0xF8, 0x1B, 0x29, 0x8C, 0x20, 0xDA, 0x4F, 0x20, 0xF9, 0xAB, 0x19,
    0x64, 0xFD, 0xC2, 0x35, 0x35, 0xAA, 0xE6, 0x31, 0xD8, 0xD8, 0x80, 0xDD, 0xCA, 0x78, 0x52, 0x59,
    0x2B, 0xAB, 0x6A, 0xE4, 0xBD, 0xB2, 0x41, 0xD1, 0x1E, 0x5F, 0x54, 0xB5, 0xBC, 0xC5, 0x72, 0x29,
    0x21, 0x3A, 0x20, 0xF4, 0x24, 0x47, 0x0E, 0xA4, 0xA7, 0x96, 0x77, 0x24, 0x23, 0x65, 0xB3, 0x72,
    0xB3, 0x86, 0xB6, 0x43, 0x34, 0xDB, 0x84, 0xC1, 0x51, 0xB6, 0x47, 0x1E, 0x24, 0x1C, 0xB9, 0x08,
    0xEE, 0xE1, 0x9A, 0xF3, 0x69, 0x0B, 0xE4, 0x3E, 0xD7, 0xBA, 0xE7, 0xBF, 0x65, 0xDD, 0x0F, 0x1E,
    0xBC, 0xF5, 0xF9, 0xD4, 0x1D, 0x35, 0x40, 0xDA, 0x03, 0x37, 0x5F, 0x03, 0xEE, 0x9C, 0x9D, 0xEA,
    0x9C, 0xBE, 0x9C, 0x75, 0xDF, 0x4E, 0x5A, 0x10, 0x7E, 0xBB, 0x81, 0xF8, 0x8F, 0x7F, 0x02, 0x92,
    0x76, 0xFE, 0x72, 0x8F, 0xF3, 0xAF, 0x7C, 0x05, 0x38, 0x3B, 0x03, 0xEE, 0xDC, 0xF9, 0x72, 0xD7,
    0x0B, 0xAC, 0x61, 0xE0, 0x97, 0xBF, 0x01, 0xBC, 0xF0, 0x02, 0x70, 0xE3, 0x55, 0x20, 0x6B, 0xBE,
    0xBC, 0x3E, 0xAC, 0x75, 0x44, 0x61, 0x8D, 0xBA, 0x6C, 0xC4, 0xCB, 0x46, 0xF7, 0xE4, 0xC6, 0x5A,
    0x66, 0xDA, 0x93, 0xB6, 0xA7, 0x5A, 0xB3, 0x9E, 0xAC, 0x3D, 0x15, 0x9C, 0x75, 0xE4, 0xED, 0x5A,
    0xF5, 0xF2, 0xE6, 0x97, 0xEA, 0xB5, 0xF4, 0x65, 0xE3, 0xAA, 0xFE, 0xA2, 0xE5, 0xCA, 0x84, 0xB2,
    0xE1, 0xCA, 0x89, 0xB2, 0xE6, 0xCA, 0x8E, 0xAA, 0xE6, 0xCA, 0x93, 0xE5, 0xC9, 0xD0, 0xC9, 0x98,
    0xCD, 0xBA, 0xB1, 0xBA, 0x73, 0xDC, 0x68, 0x9C, 0x2C, 0x7A, 0x0C, 0x4E, 0x3E, 0xED, 0x00, 0x4B,
    0x59, 0x33, 0x38, 0x39, 0x36, 0xC3, 0xC9, 0xB6, 0xF7, 0x27, 0x38, 0x79, 0xF7, 0xC1, 0x04, 0x27,
    0x03, 0x7F, 0x36, 0x92, 0xF4, 0x54, 0x88, 0x3F, 0x19, 0x96, 0x8D, 0xD5, 0xCA, 0xC5, 0xF3, 0xCE,
    0xCB, 0xFB, 0x37, 0xF9, 0x6E, 0xF8, 0xF8, 0x70, 0x11, 0x6A, 0x9D, 0x4C, 0x3D, 0xFE, 0xB5, 0x4E,
    0xCE, 0xAE, 0x1B, 0x44, 0xDB, 0x7D, 0x83, 0x22, 0x84, 0xC9, 0xBA, 0x9F, 0x74, 0x5F, 0xDB, 0x36,
    0x8A, 0x81, 0xB2, 0x55, 0x35, 0xE4, 0xAD, 0xBD, 0x23, 0xE2, 0x19, 0x45, 0x93, 0x0C, 0x47, 0xC8,
    0x7A, 0x9C, 0x8C, 0xA5, 0x58, 0x51, 0x36, 0x3C, 0x39, 0x4F, 0xF0, 0xA9, 0xA8, 0x57, 0xB4, 0xA0,
    0xE8, 0xF0, 0x1F, 0xE4, 0x03, 0xD1, 0x2C, 0x9B, 0x49, 0x07, 0x49, 0xA8, 0x6D, 0x3A, 0x4E, 0xB3,
    0x0F, 0xE5, 0xDA, 0xCD, 0xF5, 0x2B, 0x3C, 0x15, 0xF0, 0x06, 0x30, 0x81, 0xA8, 0x07, 0x24, 0xED,
    0x75, 0xC4, 0xDD, 0xD5, 0xA7, 0xEB, 0xB4, 0xC5, 0xFC, 0x24, 0x98, 0x31, 0xAD, 0x18, 0x17, 0x44,
    0xA3, 0x68, 0x22, 0x7A, 0x53, 0x3C, 0x82, 0xE4, 0x84, 0xE1, 0x3A, 0xD2, 0x15, 0x59, 0x58, 0xBA,
    0x96, 0x1F, 0x30, 0xAE, 0x18, 0x3E, 0xC5, 0x98, 0xF2, 0x6F, 0x32, 0x66, 0x83, 0x0B, 0x2E, 0xF1,
    0x2E, 0x8F, 0x30, 0x7B, 0x79, 0xFF, 0xE0, 0xC1, 0x83, 0x69, 0x3D, 0x70, 0xA3, 0xB0, 0x02, 0xEE,
    0x81, 0x68, 0xB8, 0x5E, 0x5F, 0x56, 0x7F, 0xF1, 0x0B, 0x8B, 0xEE, 0x5F, 0xCF, 0xFF, 0xCC, 0xEB,
    0xE0, 0xCE, 0x8B, 0x5F, 0xFC, 0xC2, 0x4E, 0x77, 0xAE, 0xF3, 0x73, 0xF0, 0xE2, 0x17, 0xBF, 0xA2,
    0x33, 0x9C, 0xE3, 0x36, 0x0A, 0xAA, 0xB0, 0xBB, 0x9A, 0x86, 0x30, 0xBB, 0x6A, 0xD1, 0x44, 0x3C,
    0x92, 0x0C, 0x57, 0x4D, 0xDA, 0x5B, 0xAF, 0xC6, 0xC7, 0xD6, 0xAE, 0xAD, 0x68, 0x28, 0x8F, 0xAD,
    0xA6, 0xB2, 0xB6, 0x0D, 0x2E, 0xF1, 0x88, 0x4D, 0x38, 0xF6, 0x60, 0xB2, 0xE6, 0x7E, 0x0A, 0x05,
    0xCE, 0xF0, 0xF0, 0x17, 0x9C, 0xFB, 0xAB, 0xA8, 0xF0, 0x61, 0x23, 0xF9, 0x83, 0xF6, 0x17, 0x9B,
    0xBB, 0xAE, 0xC5, 0xFF, 0xA3, 0x13, 0xFF, 0x82, 0xF3, 0x56, 0x21, 0x84, 0x8F, 0xAC, 0x0C, 0xFD,
    0x89, 0x3B, 0xCC, 0x64, 0x61, 0xA5, 0xD0, 0x8A, 0x8E, 0xAC, 0x3A, 0xD1, 0x84, 0xBC, 0x17, 0x8F,
    0xC8, 0x06, 0xC9, 0x80, 0xF4, 0xC4, 0x64, 0xBC, 0x62, 0xDA, 0x23, 0x19, 0x8A, 0x0F, 0xBB, 0x85,
    0xE5, 0xCF, 0x56, 0xFE, 0xDA, 0x5B, 0x2D, 0xD2, 0xFE, 0x74, 0xB7, 0xEE, 0x14, 0x0D, 0xF2, 0xF6,
    0xEA, 0xA1, 0xA3, 0xAC, 0x51, 0xD5, 0x2A, 0x78, 0x6C, 0x61, 0x34, 0xB3, 0x41, 0x3A, 0x72, 0x89,
    0xB2, 0xE3, 0x11, 0x71, 0xA8, 0x97, 0x01, 0xBC, 0x9D, 0xAD, 0x23, 0xB8, 0xE3, 0x88, 0xF7, 0x00,
    0x8F, 0xD2, 0x06, 0xC4, 0x21, 0xAB, 0x41, 0xF2, 0x9F, 0x7F, 0x02, 0xA4, 0xFF, 0x68, 0x86, 0x2A,
    0x3C, 0xED, 0x9F, 0x84, 0x30, 0xA8, 0x42, 0x23, 0x3E, 0x96, 0x5F, 0x85, 0x56, 0xBC, 0x06, 0xEA,
    0xAD, 0x35, 0x84, 0x81, 0xAC, 0x47, 0x98, 0x56, 0xA7, 0xA3, 0x8F, 0x66, 0xF2, 0x96, 0x78, 0xDC,
    0xAF, 0x6F, 0x92, 0x61, 0x43, 0xB1, 0xBC, 0xA9, 0x1A, 0x45, 0xB3, 0x14, 0xDE, 0x2D, 0xA5, 0xA4,
    0x7D, 0x3E, 0xA8, 0x96, 0x52, 0xD3, 0x51, 0x85, 0xBC, 0x4B, 0xE6, 0xF5, 0x4D, 0x6B, 0xE7, 0x72,
    0x7D, 0xB3, 0xF5, 0x08, 0x45, 0xA3, 0xAA, 0x77, 0x28, 0x1B, 0x65, 0x3B, 0xA3, 0xAC, 0xE5, 0xDD,
    0x8C, 0x8A, 0xEC, 0xFD, 0x09, 0x15, 0xC9, 0x4F, 0x27, 0x6C, 0x88, 0xC3, 0x88, 0xC7, 0x08, 0x03,
    0x1E, 0x61, 0x3B, 0xAC, 0xC7, 0x57, 0x35, 0x58, 0x0E, 0xB2, 0xB2, 0x67, 0xBD, 0x60, 0x74, 0x20,
    0x6A, 0xFE, 0xDA, 0x0D, 0x13, 0x83, 0xF5, 0xBE, 0x7B, 0x1F, 0x65, 0x08, 0x3B, 0xA2, 0xF5, 0x9E,
    0x9C, 0xED, 0x45, 0xDB, 0x4E, 0xD5, 0x53, 0x0C, 0xB6, 0x35, 0xE9, 0x14, 0xCF, 0x88, 0xE7, 0x64,
    0x84, 0x5D, 0xD6, 0xC3, 0xE3, 0xBC, 0x5D, 0x50, 0x36, 0x70, 0x59, 0xB9, 0x8E, 0x4B, 0xF0, 0xE8,
    0x11, 0x98, 0xAF, 0x23, 0x9E, 0x16, 0x24, 0xC3, 0x63, 0xC8, 0xFA, 0x0D, 0x14, 0x6D, 0x55, 0x63,
    0x53, 0x97, 0x2D, 0xD1, 0x5E, 0x3E, 0x92, 0x4D, 0xD2, 0x3D, 0xDB, 0xFE, 0xD4, 0x31, 0x36, 0x21,
    0x4C, 0x78, 0x3A, 0xEC, 0x6B, 0xE0, 0x59, 0x60, 0x00, 0x71, 0x0F, 0xD2, 0xF6, 0xD3, 0x0B, 0xE3,
    0xC9, 0xC2, 0x92, 0x4F, 0x2F, 0x8C, 0xCB, 0xFF, 0x87, 0x85, 0xDD, 0xBB, 0x7E, 0x6B, 0xC8, 0x5F,
    0x04, 0x77, 0x9E, 0xF9, 0xE2, 0x1F, 0xB1, 0xB2, 0xEE, 0x61, 0xFB, 0xA3, 0x0E, 0xFE, 0x7B, 0x68,
    0x10, 0xB7, 0x97, 0x5F, 0xFC, 0xC2, 0x4E, 0x0F, 0x04, 0xC5, 0x4D, 0x70, 0xE3, 0xC6, 0x97, 0x60,
    0x0C, 0x46, 0xED, 0xD7, 0x64, 0xC3, 0x46, 0xBA, 0xDF, 0x8B, 0xC2, 0x48, 0xE8, 0x08, 0xAD, 0x34,
    0x0C, 0x8A, 0xBF, 0x98, 0x94, 0xBF, 0x35, 0xF9, 0x9A, 0x37, 0x01, 0xE0, 0x57, 0x00, 0x0F, 0xF1,
    0x7C, 0xF8, 0x28, 0x9E, 0x89, 0x43, 0x08, 0xFF, 0x75, 0xA0, 0x38, 0x30, 0xB4, 0x4B, 0xC6, 0x2C,
    0x90, 0xEC, 0x49, 0x02, 0xD9, 0x48, 0x1E, 0x1A, 0x65, 0x4B, 0xF5, 0x93, 0x56, 0x55, 0x13, 0xF2,
    0xCE, 0x63, 0x92, 0x39, 0xEB, 0xCD, 0xE4, 0x43, 0xDA, 0xC7, 0x13, 0x55, 0x9B, 0xF6, 0xC9, 0x40,
    0xB0, 0x30, 0x99, 0x0F, 0x4C, 0x7B, 0xF9, 0x20, 0xEB, 0xB2, 0x4E, 0xD5, 0xCA, 0xDB, 0x03, 0xF7,
    0x16, 0x26, 0x13, 0x65, 0x93, 0x75, 0x79, 0x4F, 0x75, 0x74, 0xA2, 0xE1, 0xB1, 0xF4, 0xFD, 0x3D,
    0xD1, 0x2C, 0x09, 0x13, 0xE9, 0x28, 0x0E, 0x3D, 0x45, 0xCF, 0xD2, 0xB5, 0x46, 0x14, 0x7A, 0xD9,
    0x9E, 0x74, 0x7D, 0x2E, 0x3A, 0xD4, 0x79, 0x60, 0xC3, 0xA6, 0x7E, 0x25, 0xBC, 0x87, 0x5B, 0x80,
    0xAF, 0x80, 0xFF, 0xFB, 0x24, 0x65, 0x75, 0xFA, 0x01, 0xBA, 0x0A, 0x33, 0xDB, 0x30, 0x55, 0x61,
    0x3A, 0x72, 0x34, 0x23, 0x9A, 0x2C, 0x8C, 0x27, 0xD1, 0x91, 0xC9, 0xB8, 0xEC, 0x92, 0x0C, 0xE2,
    0x71, 0xE5, 0xE9, 0x17, 0xEB, 0x95, 0xD9, 0xCF, 0xD9, 0x49, 0x7B, 0xE4, 0xAD, 0xAC, 0x5B, 0x99,
    0x1F, 0x59, 0x1C, 0xD8, 0xA2, 0x6C, 0x56, 0x56, 0xF5, 0x89, 0x14, 0x2D, 0x2E, 0x4F, 0xDC, 0xAD,
    0x8C, 0x66, 0xF2, 0x7E, 0x49, 0x2B, 0x1F, 0xC8, 0x06, 0xD2, 0x99, 0xAA, 0x25, 0x09, 0xBF, 0xFB,
    0xFF, 0x07, 0x08, 0x21, 0xCC, 0x50, 0x86, 0xD0, 0x43, 0x1C, 0xFE, 0x12, 0x4F, 0x4E, 0x52, 0x3E,
    0x59, 0x77, 0x5E, 0x7F, 0xB9, 0xEB, 0x8E, 0x1A, 0x20, 0x1B, 0x80, 0x5B, 0xAF, 0x01, 0x6F, 0xBF,
    0xF8, 0xE5, 0xAD, 0xFB, 0x53, 0x27, 0xEB, 0xBE, 0xC4, 0xF5, 0x3E, 0x05, 0xDC, 0x02, 0x2E, 0x80,
    0xE1, 0xEF, 0xB6, 0x42, 0xA3, 0x8D, 0x66, 0xE4, 0x57, 0x2B, 0x34, 0x7A, 0x24, 0x63, 0xD9, 0x22,
    0x9E, 0x36, 0x60, 0xDE, 0x81, 0x30, 0x82, 0x4D, 0x0F, 0xAA, 0xF6, 0xD3, 0x67, 0x5E, 0x2E, 0x81,
    0xC7, 0x7C, 0xDA, 0x0A, 0x8D, 0x07, 0xFB, 0x37, 0xFF, 0xDA, 0x0A, 0x0D, 0xCF, 0x41, 0x75, 0x25,
    0x97, 0xF0, 0x08, 0xE2, 0xF0, 0x31, 0x49, 0x08, 0xBD, 0x0F, 0xA5, 0x53, 0xF4, 0x53, 0xDE, 0x8D,
    0xFF, 0x92, 0xF3, 0xE4, 0x4F, 0xB9, 0x99, 0xFC, 0x97, 0x93, 0x3C, 0x93, 0xFE, 0x09, 0x37, 0xB3,
    0xEF, 0x73, 0x2B, 0xFB, 0x0E, 0x67, 0xF9, 0xAB, 0xBC, 0x9E, 0x7F, 0x93, 0xA1, 0x78, 0x55, 0xDA,
    0xDD, 0x7C, 0xC9, 0x2B, 0xB5, 0x6D, 0xD8, 0x11, 0xC2, 0xFD, 0x53, 0x8A, 0x27, 0xF3, 0xCC, 0x60,
    0xF3, 0xF4, 0x9B, 0x6C, 0x36, 0x3B, 0xB6, 0x21, 0x10, 0xFE, 0x3C, 0xD4, 0x42, 0xB3, 0xA9, 0xA3,
    0x60, 0x91, 0x20, 0x0E, 0x7F, 0xBC, 0x97, 0x84, 0x30, 0x4B, 0x7E, 0x1A, 0x7A, 0xC9, 0xB0, 0x6D,
    0xA5, 0x3F, 0x0B, 0xA3, 0xEC, 0xF4, 0x43, 0x51, 0x38, 0xC8, 0x6F, 0x84, 0x3A, 0x9F, 0x6D, 0xEB,
    0x62, 0xB2, 0xA9, 0xCB, 0xD1, 0x56, 0x35, 0x09, 0xAA, 0x39, 0xDD, 0xA9, 0x42, 0x98, 0x6C, 0x8E,
    0x05, 0x6D, 0xB7, 0xA1, 0xF1, 0xF8, 0xF9, 0x91, 0x1D, 0x9E, 0xFC, 0xA6, 0x2B, 0x5F, 0x17, 0x2A,
    0x6C, 0x97, 0xA9, 0xC7, 0x29, 0x19, 0xE2, 0x39, 0xE9, 0xCC, 0x98, 0xBD, 0x12, 0xE6, 0x24, 0x84,
    0x29, 0x7F, 0x2F, 0x19, 0xAB, 0x3A, 0x19, 0xDE, 0x90, 0x0C, 0xF3, 0xD2, 0xF2, 0x7E, 0xB6, 0xE9,
    0xC3, 0x0F, 0x42, 0xD8, 0x84, 0xEF, 0x85, 0x62, 0x8A, 0x3F, 0x22, 0x6B, 0xC8, 0x4F, 0xB1, 0x2F,
    0x3E, 0xA3, 0x98, 0x05, 0xFE, 0x65, 0x23, 0xFA, 0x61, 0x27, 0x72, 0xEF, 0xB3, 0x89, 0x79, 0xEF,
    0xAB, 0xD2, 0xF9, 0xA6, 0x7C, 0x73, 0xE1, 0x46, 0x3E, 0xFA, 0x7A, 0x54, 0x7F, 0x36, 0x71, 0xEF,
    0xDF, 0x17, 0x7D, 0xD0, 0xD3, 0x34, 0x9F, 0x4D, 0xBC, 0xA7, 0xF0, 0x0F, 0x5B, 0xEE, 0xB7, 0xB4,
    0x2D, 0xFF, 0xA9, 0xE6, 0xEB, 0x9F, 0x89, 0xAF, 0x4B, 0x8C, 0x53, 0x1C, 0x21, 0x74, 0xD1, 0x31,
    0x56, 0x08, 0xC3, 0x31, 0xDE, 0xF1, 0x1C, 0x3D, 0xC6, 0xAC, 0xEA, 0x68, 0xC2, 0x7C, 0xE9, 0xC0,
    0xE7, 0x3F, 0x9E, 0xB7, 0x21, 0x4C, 0xC7, 0x9C, 0x21, 0x84, 0xF1, 0x98, 0xE3, 0xC0, 0xE1, 0x90,
    0xE7, 0xFD, 0x09, 0x87, 0x5C, 0xEF, 0xCF, 0x58, 0xF3, 0x71, 0xCC, 0xB9, 0x93, 0xB4, 0x3B, 0xDB,
    0x61, 0xAB, 0x68, 0xB7, 0x21, 0x84, 0x2A, 0x84, 0x7A, 0xC9, 0x1F, 0x66, 0xD9, 0x14, 0x1F, 0x62,
    0xDD, 0x27, 0x0E, 0xEF, 0x51, 0x86, 0x3D, 0x21, 0x84, 0x26, 0xD9, 0x29, 0xDB, 0x6C, 0x90, 0x37,
    0x79, 0x2B, 0xAF, 0xCB, 0x06, 0x95, 0x93, 0xB8, 0x0B, 0x97, 0xAE, 0xF6, 0xD5, 0x5E, 0x57, 0x76,
    0xD1, 0x2C, 0x0F, 0x61, 0x94, 0xAE, 0xCF, 0x56, 0x1F, 0x71, 0xBA, 0x44, 0xC2, 0x39, 0xBC, 0x03,
    0x1E, 0xE2, 0xE2, 0x6A, 0x9A, 0x47, 0x1C, 0x1A, 0x65, 0x18, 0x85, 0x30, 0x27, 0x3B, 0xBB, 0xAC,
    0x5F, 0x9E, 0x37, 0x2F, 0xCB, 0xDA, 0x65, 0x15, 0xC2, 0xEE, 0xD4, 0xE6, 0x4B, 0x6C, 0x50, 0x71,
    0xBF, 0x6A, 0xD3, 0xB1, 0x08, 0xA1, 0xCB, 0x42, 0xA8, 0xA3, 0xED, 0xF8, 0xE4, 0x94, 0x8D, 0xE1,
    0x33, 0x8A, 0x79, 0x8E, 0x9F, 0x90, 0xFC, 0x76, 0xE3, 0xA9, 0xA8, 0xFE, 0x4C, 0x62, 0xC6, 0xBF,
    0xD5, 0x48, 0xFE, 0xA8, 0x15, 0x7F, 0xEB, 0xB3, 0x89, 0x37, 0x18, 0xBC, 0xE3, 0xF5, 0xAA, 0xDB,
    0x0C, 0xDB, 0x65, 0xB9, 0x5B, 0x7A, 0x5A, 0xEE, 0x96, 0xAF, 0xCB, 0xDA, 0xEA, 0x4A, 0xF5, 0x66,
    0x35, 0x96, 0x43, 0xC4, 0x99, 0x87, 0x86, 0xB8, 0xFB, 0x5B, 0xFD, 0xDB, 0x49, 0xF2, 0xBF, 0xE4,
    0x99, 0x67, 0x23, 0x55, 0x67, 0x33, 0xD8, 0x0E, 0xA7, 0x15, 0x99, 0x69, 0x2F, 0xEB, 0xE4, 0xED,
    0xE9, 0x55, 0x34, 0xCA, 0x5A, 0x55, 0xAB, 0xA8, 0xDE, 0x54, 0x8D, 0xCA, 0x41, 0xC4, 0xD3, 0x4F,
    0xCB, 0x7F, 0xB3, 0x3E, 0xE8, 0xDF, 0xED, 0xBF, 0x23, 0xDE, 0x81, 0x34, 0x5C, 0x87, 0xF3, 0x97,
    0x1B, 0xB8, 0x13, 0x5A, 0x78, 0x3D, 0xD4, 0x70, 0xF9, 0xE9, 0xB7, 0x9D, 0x13, 0xA2, 0x09, 0xC4,
    0x23, 0xA2, 0xF0, 0x67, 0x47, 0x14, 0x21, 0x0C, 0xD8, 0x2E, 0x48, 0x76, 0x8A, 0x9E, 0x6C, 0x38,
    0xFD, 0x94, 0xB3, 0xE0, 0x74, 0x6B, 0xAF, 0x9C, 0xA0, 0x68, 0xB8, 0xBB, 0x62, 0x43, 0x59, 0x2F,
    0xD8, 0xA0, 0xAA, 0x05, 0x54, 0x5D, 0x1A, 0xD6, 0xC8, 0xDB, 0x81, 0x2C, 0xEC, 0x36, 0x4B, 0x86,
    0xBE, 0xEC, 0x00, 0x10, 0xD5, 0xDF, 0x40, 0xD1, 0xBF, 0x83, 0xF3, 0x8F, 0x06, 0xBC, 0x5D, 0xB5,
    0xB8, 0xF7, 0x14, 0xF1, 0x3E, 0x0E, 0x9D, 0x24, 0xFC, 0xB3, 0x30, 0x49, 0xD6, 0x89, 0xB0, 0x72,
    0xB4, 0xA7, 0x6A, 0x3D, 0x5E, 0xD2, 0x3C, 0xA2, 0x72, 0xD4, 0x4B, 0x66, 0x1E, 0x2F, 0xFA, 0x48,
    0x34, 0x33, 0x9F, 0x9E, 0x71, 0xE2, 0xF1, 0xB8, 0x99, 0x0C, 0xA2, 0xE9, 0xA8, 0xDF, 0xDD, 0x37,
    0xC9, 0xDE, 0x36, 0xB4, 0x49, 0xA8, 0x43, 0x68, 0xE3, 0x00, 0x7E, 0x05, 0x05, 0xE4, 0x8B, 0xD4,
    0xC8, 0x1A, 0xE2, 0x75, 0x51, 0x6B, 0x20, 0x84, 0xD0, 0x26, 0x3B, 0x65, 0x7F, 0xF4, 0x64, 0xC8,
    0x5B, 0xC9, 0x50, 0x36, 0x07, 0xA9, 0x5C, 0x93, 0xB4, 0xDF, 0x90, 0x75, 0x15, 0x45, 0x5B, 0x35,
    0x36, 0x75, 0xD9, 0xC7, 0x7B, 0x79, 0x58, 0xBB, 0xDF, 0xB1, 0xF9, 0x08, 0x92, 0x16, 0x59, 0x8D,
    0x02, 0xCE, 0x7D, 0x5E, 0x89, 0xF2, 0x06, 0x77, 0x5B, 0xF4, 0x03, 0x51, 0xFD, 0xF7, 0x3E, 0xAF,
    0x44, 0xF7, 0x9E, 0x26, 0xDE, 0xE5, 0x64, 0x6F, 0xFD, 0x0B, 0xF2, 0x74, 0xE6, 0xAB, 0xEE, 0x7D,
    0x5E, 0xD9, 0x5E, 0x7A, 0x09, 0xE3, 0x80, 0x7B, 0xF7, 0x3F, 0xA7, 0x1C, 0x2F, 0xF0, 0x06, 0x77,
    0x4E, 0xAB, 0xFE, 0xAA, 0x30, 0x6D, 0xC2, 0xB8, 0xA4, 0x16, 0x8D, 0xA2, 0x01, 0x40, 0x03, 0x49,
    0x4F, 0x19, 0x7E, 0xB3, 0x13, 0x87, 0x10, 0xEA, 0x63, 0xAC, 0xDD, 0x32, 0xF8, 0xF7, 0x6C, 0x15,
    0x81, 0xD9, 0x66, 0x23, 0x9E, 0xA2, 0xB9, 0x72, 0xBC, 0xD0, 0x1C, 0xB5, 0x6C, 0x0F, 0xDA, 0x6F,
    0x5D, 0x4A, 0x3F, 0x98, 0x3D, 0x92, 0x7C, 0xD2, 0x2F, 0x5F, 0x7D, 0x9B, 0xE5, 0x8B, 0xAF, 0xB2,
    0x5F, 0x06, 0x7C, 0xE3, 0x14, 0xEC, 0x77, 0xC2, 0x7D, 0xDE, 0x00, 0xDF, 0x00, 0xDC, 0x82, 0x9B,
    0x90, 0x9F, 0x64, 0x33, 0x0A, 0xC3, 0xF6, 0x20, 0xFD, 0x76, 0x38, 0x48, 0x32, 0xC8, 0xBA, 0x65,
    0x6E, 0x37, 0x5B, 0xA4, 0x53, 0xB4, 0xCB, 0x35, 0xE6, 0x20, 0x65, 0x5D, 0xB4, 0x2A, 0x45, 0xA3,
    0x52, 0xD6, 0x36, 0x47, 0xD9, 0x2B, 0xDB, 0x74, 0xAF, 0x08, 0x21, 0x0C, 0x79, 0xD8, 0x6D, 0x87,
    0x28, 0x2C, 0xA7, 0x6A, 0xDA, 0x20, 0x87, 0xDB, 0x70, 0xF6, 0xB9, 0x25, 0x2A, 0xE0, 0x5F, 0xB7,
    0x44, 0x5D, 0x47, 0x54, 0xDF, 0xFB, 0xBC, 0x12, 0x81, 0x75, 0x6D, 0x60, 0x0F, 0x3E, 0xB7, 0x44,
    0x05, 0x70, 0x06, 0x3C, 0x04, 0x06, 0x24, 0xA1, 0x15, 0x42, 0x93, 0x2C, 0x4F, 0x38, 0x75, 0x1A,
    0xFA, 0x03, 0x38, 0xA6, 0xEC, 0x48, 0x07, 0x65, 0x43, 0x32, 0xA8, 0x90, 0x8C, 0x1E, 0xB3, 0x8C,
    0x1F, 0x44, 0xA7, 0xB9, 0xA8, 0x39, 0x1D, 0x16, 0xE4, 0x1D, 0x3C, 0x2A, 0xAE, 0xCF, 0x45, 0x6D,
    0x1E, 0x83, 0x6A, 0x5E, 0x31, 0x82, 0x72, 0x00, 0x45, 0xBB, 0xA2, 0x01, 0x15, 0xB0, 0x83, 0x17,
    0xE2, 0x09, 0xDE, 0xCD, 0x06, 0xD8, 0x6C, 0x5B, 0xA8, 0x02, 0x28, 0x46, 0xC0, 0xB6, 0x81, 0xD0,
    0x2D, 0xDA, 0x43, 0xD6, 0x5D, 0xA9, 0xBC, 0x5D, 0xF5, 0x2A, 0xC3, 0x49, 0xCB, 0x1A, 0x2A, 0x4F,
    0x2A, 0x97, 0xE5, 0x0E, 0xDB, 0x10, 0x5A, 0x8E, 0xDE, 0x11, 0xEA, 0x6C, 0x64, 0x16, 0x5F, 0xBB,
    0x7C, 0x5F, 0x69, 0x32, 0x9C, 0x34, 0x9A, 0xA4, 0x83, 0x78, 0x3C, 0x6A, 0x3A, 0xC8, 0x06, 0x79,
    0x27, 0x9F, 0x6D, 0x97, 0x13, 0x26, 0x50, 0xFC, 0xDB, 0x30, 0x51, 0xC4, 0xA1, 0xB1, 0xFA, 0x94,
    0xF5, 0x90, 0x77, 0xD7, 0xFA, 0x77, 0x4D, 0xCB, 0x06, 0xAA, 0x1A, 0x9E, 0xF3, 0xC4, 0x5F, 0xF2,
    0x87, 0xED, 0x82, 0x3F, 0x6A, 0x80, 0x2F, 0xEC, 0xB1, 0xFB, 0xDF, 0xE5, 0x5C, 0x31, 0x8C, 0xE6,
    0xC6, 0x75, 0xFE, 0xC8, 0xB9, 0x13, 0x63, 0x11, 0x3E, 0xAA, 0x38, 0x21, 0x4E, 0x2C, 0x89, 0x8D,
    0x0B, 0xC3, 0x38, 0x8B, 0x29, 0x5C, 0x5C, 0x92, 0xBD, 0xE3, 0xD8, 0x46, 0xAA, 0x14, 0xB9, 0x42,
    0x4A, 0x91, 0x22, 0x76, 0x2D, 0x15, 0x4A, 0x71, 0x85, 0x00, 0x9D, 0x96, 0x0C, 0x5C, 0xBA, 0xF0,
    0x16, 0xE9, 0x73, 0x85, 0x0A, 0xE7, 0x5C, 0xE8, 0x02, 0x28, 0x88, 0x0A, 0xFD, 0xCB, 0x31, 0x5C,
    0xA4, 0x70, 0x43, 0x18, 0x08, 0x52, 0x18, 0x08, 0x18, 0x4B, 0x85, 0x6C, 0x17, 0x61, 0x6C, 0x3A,
    0xA6, 0xE4, 0x21, 0x27, 0xFF, 0x7B, 0x1F, 0xFF, 0x5B, 0xEE, 0x79, 0xF7, 0x22, 0x21, 0xB7, 0x0A,
    0x7E, 0x79, 0xF0, 0xF3, 0x7D, 0xC3, 0xFB, 0x77, 0x39, 0xEF, 0x7D, 0xEF, 0x91, 0xF3, 0xF8, 0x66,
    0xF6, 0x00, 0xE0, 0xE9, 0x17, 0xA1, 0xAD, 0x99, 0x17, 0x9C, 0x14, 0x8A, 0xD0, 0x9F, 0x89, 0x08,
    0x83, 0x42, 0x34, 0x8F, 0x8A, 0xE6, 0x57, 0x5E, 0x31, 0xED, 0x88, 0x99, 0x9B, 0x14, 0xCB, 0xFA,
    0x58, 0xB1, 0x42, 0xA5, 0x38, 0x11, 0xE3, 0x11, 0xA5, 0xA0, 0xE9, 0x51, 0x5A, 0x00, 0x59, 0x87,
    0xA2, 0x06, 0x90, 0x3B, 0xF9, 0x40, 0xFE, 0x31, 0x13, 0x6C, 0x42, 0x08, 0x2D, 0x10, 0x6D, 0x21,
    0x74, 0x80, 0x11, 0xEC, 0x81, 0x64, 0x39, 0xB2, 0x16, 0x30, 0x03, 0x50, 0xD4, 0xC4, 0x8A, 0x97,
    0x86, 0x8C, 0x1D, 0x79, 0x54, 0xA1, 0x87, 0x88, 0x46, 0x70, 0x2B, 0x82, 0xA0, 0x08, 0x13, 0x06,
    0x18, 0xC5, 0x1E, 0x9F, 0x9F, 0xAD, 0x7C, 0x17, 0x87, 0x30, 0x9A, 0x3E, 0xF6, 0xA6, 0x85, 0x07,
    0xE0, 0xF1, 0x4A, 0xF0, 0x26, 0x84, 0x31, 0x7B, 0xCF, 0x0C, 0xA5, 0x35, 0xFD, 0xEB, 0x30, 0xBD,
    0xD7, 0x23, 0xEB, 0x3C, 0xAA, 0x2E, 0x7C, 0x2F, 0x84, 0x2A, 0x7C, 0x3B, 0xE4, 0x63, 0xFC, 0x01,
    0x00, 0xF4, 0xA6, 0x16, 0xC0, 0x90, 0x9F, 0xE2, 0x0F, 0xC5, 0x7B, 0x17, 0xCA, 0xA3, 0xFF, 0x88,
    0x3C, 0xDE, 0xBB, 0xF7, 0xE6, 0x05, 0xF0, 0x98, 0xD8, 0x6B, 0x48, 0xEA, 0x03, 0x98, 0x9F, 0x09,
    0x9F, 0x1D, 0xD0, 0xD8, 0xC7, 0xC1, 0xE7, 0xA7, 0x36, 0xEE, 0xB4, 0x25, 0x96, 0x68, 0x76, 0xE8,
    0x88, 0x79, 0x4D, 0x7C, 0x12, 0x8F, 0x81, 0x43, 0xD1, 0xE4, 0x2B, 0x00, 0xBE, 0x00, 0xE0, 0x00,
    0x80, 0xB0, 0x75, 0x17, 0x40, 0x74, 0x6B, 0x3D, 0x66, 0x6A, 0x39, 0x32, 0x29, 0x6D, 0x66, 0xA5,
    0x22, 0x84, 0x11, 0x80, 0x58, 0x0C, 0x24, 0xA2, 0x48, 0x8D, 0xBC, 0x07, 0x0A, 0x87, 0xB2, 0x16,
    0x82, 0x31, 0x43, 0x20, 0xF6, 0xAA, 0xB3, 0xE9, 0x05, 0x90, 0x76, 0x0B, 0xFD, 0x0A, 0xCA, 0x25,
    0xE9, 0x51, 0x52, 0x09, 0x78, 0x04, 0x58, 0xC2, 0xF2, 0xEB, 0x2D, 0x80, 0x37, 0x90, 0xF5, 0xCA,
    0x66, 0xEA, 0x95, 0x74, 0x13, 0x2C, 0xAA, 0x96, 0x8A, 0x59, 0xA0, 0xA0, 0x9A, 0x51, 0x13, 0x74,
    0x90, 0xCC, 0xD2, 0x0E, 0x5A, 0x8B, 0xB7, 0x01, 0xC4, 0xE1, 0x3D, 0xF9, 0xB1, 0x59, 0x7F, 0xA5,
    0x36, 0x13, 0x0A, 0x97, 0xF6, 0xC8, 0xEA, 0xCC, 0x21, 0xB3, 0xAA, 0x5A, 0x89, 0x9D, 0xB8, 0x29,
    0xE2, 0x90, 0xA7, 0x54, 0xE7, 0x55, 0x14, 0x6D, 0xE4, 0x91, 0x85, 0x30, 0x20, 0x09, 0xC1, 0x01,
    0xCD, 0x07, 0x74, 0x9F, 0x53, 0x78, 0xB6, 0x53, 0xB8, 0x7D, 0x5B, 0xC1, 0x5E, 0xDD, 0x7B, 0x06,
    0x3F, 0xF3, 0xE0, 0x62, 0xEF, 0x3A, 0xC0, 0xD4, 0xAD, 0x74, 0x2F, 0x8E, 0xC6, 0xA5, 0x25, 0xB5,
    0x42, 0x4A, 0x88, 0xF6, 0x3E, 0x10, 0xD9, 0x9E, 0x7B, 0x40, 0xC6, 0xA5, 0x8B, 0x63, 0xF0, 0xA9,
    0xAB, 0x0A, 0x07, 0x8C, 0xC0, 0xAC, 0x25, 0x9F, 0x60, 0xDB, 0x7F, 0x22, 0xED, 0x2D, 0x00, 0xBF,
    0x68, 0xC1, 0xA7, 0x2B, 0xAE, 0xE1, 0x82, 0xE3, 0xB1, 0xBF, 0x4F, 0xFC, 0x53, 0xB7, 0xF3, 0xE1,
    0xAA, 0x95, 0x21, 0x84, 0x0F, 0x16, 0x0C, 0xDD, 0x82, 0x13, 0x00, 0x0F, 0xA4, 0x81, 0x88, 0xE0,
    0x10, 0x09, 0x96, 0x2D, 0xA2, 0x91, 0x93, 0x4B, 0x3C, 0x00, 0x48, 0x7B, 0x28, 0xA7, 0x66, 0x87,
    0xC3, 0x03, 0x4C, 0x3A, 0xFE, 0x7B, 0xDA, 0x12, 0x33, 0x22, 0x59, 0x4F, 0x3A, 0x45, 0xF9, 0x32,
    0xAF, 0xE9, 0x0A, 0x4E, 0x56, 0xB5, 0xB2, 0x2B, 0x42, 0xCD, 0x3A, 0x86, 0x62, 0xEC, 0x49, 0x55,
    0x3A, 0x00, 0xC7, 0x54, 0x03, 0x1B, 0x20, 0x11, 0x96, 0x45, 0x5D, 0x0F, 0x34, 0x82, 0x0B, 0xE3,
    0xEF, 0x2D, 0x74, 0x4E, 0x0A, 0x49, 0x58, 0xE0, 0x2C, 0x5F, 0x56, 0xE8, 0x49, 0x64, 0x27, 0xB0,
    0x89, 0x5A, 0x01, 0x1F, 0x3B, 0x05, 0x53, 0x2B, 0xE8, 0xAC, 0x16, 0x8D, 0xA9, 0x5E, 0x73, 0xC8,
    0x80, 0x28, 0xFC, 0x64, 0x60, 0xF0, 0xF5, 0x00, 0x1A, 0x05, 0x33, 0x21, 0xEF, 0x80, 0x94, 0x06,
    0x67, 0x4E, 0xA1, 0xA8, 0xA5, 0x87, 0x12, 0x0B, 0xA8, 0xB1, 0x37, 0x09, 0x15, 0x50, 0x58, 0x85,
    0x8A, 0x06, 0x07, 0x81, 0x36, 0x09, 0xBC, 0x72, 0xD3, 0x0B, 0xFD, 0x53, 0xA5, 0x23, 0x74, 0x45,
    0xFB, 0x98, 0x1D, 0x96, 0x9C, 0xEB, 0xB0, 0xFC, 0x97, 0xAD, 0x62, 0xF1, 0x6B, 0xE2, 0x97, 0xDE,
    0x7C, 0xA4, 0xC3, 0xB6, 0x78, 0x86, 0xC3, 0xA2, 0xC5, 0x61, 0xC9, 0xC0, 0x20, 0x2D, 0xE8, 0xB0,
    0x38, 0x58, 0xBC, 0x34, 0xDF, 0xBB, 0xD7, 0x7C, 0x1C, 0x87, 0xDD, 0x78, 0xA9, 0x16, 0xB8, 0x1E,
    0x9C, 0xC0, 0xAB, 0xC1, 0xD2, 0x61, 0xDA, 0x36, 0x04, 0x7F, 0x06, 0xA8, 0xD9, 0xA0, 0xD5, 0xFF,
    0x9F, 0x0E, 0x5B, 0xBD, 0x81, 0x54, 0x81, 0x30, 0xEF, 0xBC, 0xE7, 0x4F, 0x03, 0x55, 0x1F, 0x09,
    0x83, 0x42, 0x34, 0xA8, 0x21, 0xD1, 0x5D, 0x1A, 0x02, 0x98, 0x05, 0xFA, 0x35, 0x24, 0x84, 0x34,
    0xE8, 0x73, 0x26, 0xDB, 0xC2, 0x40, 0xE8, 0xCF, 0x79, 0xCA, 0x15, 0xF6, 0xCC, 0x7B, 0x01, 0xB8,
    0x43, 0x6A, 0xDF, 0x21, 0xB5, 0x5E, 0xBD, 0x75, 0x6F, 0xA4, 0xB3, 0x06, 0x04, 0x02, 0xD2, 0xD0,
    0x6D, 0x8F, 0x16, 0xD9, 0xF6, 0x88, 0x43, 0x8D, 0x42, 0xBF, 0xF3, 0x66, 0xC2, 0x94, 0x76, 0x38,
    0xCE, 0x1C, 0x0E, 0x0B, 0x8B, 0xC3, 0x32, 0x84, 0x69, 0x39, 0xFC, 0x21, 0x16, 0xDE, 0x80, 0xA3,
    0xD2, 0x25, 0x43, 0x1E, 0x42, 0x9B, 0x86, 0x60, 0xA3, 0x46, 0x0D, 0xBA, 0x15, 0x59, 0x81, 0xFB,
    0xBC, 0xE5, 0xDE, 0xCE, 0xA9, 0xD0, 0x44, 0xD5, 0x87, 0x7D, 0xE7, 0xEB, 0x0A, 0x6E, 0x23, 0xFB,
    0x6A, 0x8F, 0x2C, 0x74, 0x48, 0x82, 0x43, 0x3C, 0xE3, 0x31, 0xF1, 0xB6, 0xB4, 0xB8, 0x55, 0x30,
    0x84, 0xC8, 0xEE, 0x39, 0x61, 0x6C, 0x07, 0xFC, 0x71, 0x3C, 0xF5, 0x38, 0xC8, 0xDA, 0x7F, 0x42,
    0x8C, 0x53, 0x88, 0x6A, 0x42, 0xBB, 0xCE, 0x61, 0x9E, 0xB4, 0x8F, 0x81, 0xA3, 0x5F, 0x01, 0x30,
    0x35, 0x10, 0xCB, 0xC5, 0x1C, 0xAF, 0xFD, 0xA4, 0x26, 0x28, 0xCF, 0xD2, 0xD8, 0xB7, 0xD6, 0x7A,
    0x00, 0xFB, 0x1E, 0x64, 0x91, 0xB5, 0x88, 0x7F, 0x50, 0x03, 0x33, 0x80, 0xEB, 0x00, 0xF0, 0xB8,
    0xEE, 0xCA, 0xD8, 0xAE, 0x9D, 0xF3, 0xC7, 0x9D, 0x42, 0x77, 0x9F, 0xF7, 0xE6, 0x17, 0x14, 0x9A,
    0xD9, 0x82, 0x89, 0x21, 0xDF, 0xC5, 0x67, 0x20, 0x9D, 0x11, 0x05, 0xA0, 0xE8, 0x80, 0xB2, 0x46,
    0x63, 0x81, 0xBC, 0x8E, 0x26, 0x6C, 0xC1, 0x9A, 0x51, 0x06, 0x23, 0x43, 0x05, 0xB2, 0x76, 0x21,
    0xE3, 0x2C, 0x16, 0x94, 0x32, 0x5B, 0x29, 0xE0, 0x70, 0x01, 0x7E, 0x53, 0x09, 0x1C, 0x12, 0x36,
    0x4C, 0xB4, 0x26, 0xA6, 0xB1, 0x5E, 0xE7, 0xC2, 0x78, 0x44, 0x26, 0xCC, 0xF7, 0x9A, 0x59, 0x35,
    0x8E, 0x8A, 0xD1, 0xCD, 0x83, 0x92, 0x33, 0x73, 0xAC, 0x3F, 0x54, 0xF9, 0x5A, 0x0D, 0x20, 0xFA,
    0x91, 0x53, 0x83, 0xEF, 0xAA, 0xE7, 0xBE, 0xE6, 0x81, 0x2A, 0xFC, 0xC6, 0x23, 0xD6, 0x48, 0x48,
    0x86, 0x68, 0x56, 0x1A, 0x36, 0x62, 0x04, 0x5E, 0x17, 0xE5, 0x45, 0x96, 0xE2, 0x1B, 0x91, 0x5E,
    0xD4, 0x97, 0x60, 0xC8, 0xDB, 0x9C, 0xA9, 0x8C, 0x03, 0x74, 0xCC, 0xB8, 0x7F, 0xF9, 0x68, 0x17,
    0x19, 0x6A, 0xBD, 0x5C, 0xF2, 0x43, 0x0B, 0xA8, 0xEF, 0xCC, 0x87, 0x21, 0x4C, 0x72, 0xE1, 0x27,
    0x82, 0xDA, 0xDF, 0xA8, 0xF9, 0x25, 0xE8, 0x97, 0x86, 0x55, 0x91, 0x16, 0xE9, 0xA8, 0x31, 0xD9,
    0x69, 0x4C, 0x59, 0xC9, 0xBF, 0x8F, 0xF4, 0x4A, 0x2E, 0x53, 0x68, 0x9F, 0x53, 0xF8, 0xF0, 0x9D,
    0x75, 0xF9, 0xA5, 0x6A, 0xF7, 0xDE, 0x3F, 0x4F, 0xE0, 0x73, 0x5A, 0x8C, 0x39, 0x10, 0xEE, 0xFE,
    0xB5, 0xD7, 0x6F, 0x54, 0xA5, 0x17, 0xB1, 0x47, 0x5E, 0xDA, 0xB5, 0xD4, 0x2A, 0x64, 0x84, 0x08,
    0x7B, 0xEF, 0x1E, 0xAC, 0xDF, 0xC2, 0x9E, 0x57, 0x79, 0x69, 0x9F, 0x1C, 0xB3, 0xD7, 0xE4, 0x2F,
    0x43, 0xBD, 0x43, 0x18, 0xD6, 0xD9, 0xD3, 0xDE, 0x38, 0xC0, 0xF3, 0xC5, 0x86, 0x19, 0xDF, 0x49,
    0xA9, 0x29, 0xC2, 0xD2, 0x12, 0xB7, 0x0B, 0xB1, 0x8E, 0x88, 0xEB, 0xF7, 0x89, 0xE8, 0xAE, 0x43,
    0x39, 0x99, 0x84, 0x9F, 0x1E, 0x65, 0x50, 0x53, 0xBB, 0x5D, 0xA7, 0x05, 0x26, 0xBE, 0xED, 0x71,
    0x94, 0xF4, 0x41, 0xA7, 0xC5, 0xF2, 0x22, 0xE9, 0x94, 0x6B, 0x76, 0xCC, 0xC0, 0x0E, 0xED, 0xCC,
    0x6B, 0x76, 0xC4, 0x22, 0xBA, 0xBB, 0x54, 0x52, 0xA5, 0xAD, 0x3B, 0xD9, 0xCF, 0xB6, 0xB3, 0xF1,
    0xCC, 0xDF, 0xE4, 0x0C, 0x9D, 0xB3, 0xB3, 0x4C, 0xEC, 0x9E, 0x97, 0x60, 0xA7, 0xC4, 0x32, 0x70,
    0xB9, 0xB3, 0xB9, 0x02, 0x07, 0x16, 0xB2, 0x38, 0xDE, 0x66, 0xE9, 0x54, 0x61, 0x14, 0x23, 0x1C,
    0x9A, 0x30, 0xC2, 0x48, 0xE7, 0xA4, 0x16, 0x02, 0xE0, 0xE8, 0x24, 0xF3, 0xB8, 0x72, 0xA0, 0xAC,
    0x5C, 0x81, 0x50, 0x0C, 0x20, 0x9B, 0x54, 0xCE, 0x22, 0x71, 0xBC, 0x7A, 0xB5, 0xF4, 0x27, 0x32,
    0xA2, 0x1C, 0x57, 0xE4, 0xF7, 0x0F, 0xCB, 0xE4, 0x3F, 0x9A, 0x0E, 0x48, 0x7F, 0x1E, 0x26, 0x66,
    0x2E, 0x90, 0xA0, 0x94, 0x78, 0xEE, 0x50, 0xAA, 0x99, 0xA5, 0xD8, 0x28, 0xB2, 0xB4, 0xA8, 0x20,
    0x9D, 0x43, 0x95, 0x1B, 0xB5, 0xCB, 0x03, 0xC7, 0x2A, 0x37, 0x2A, 0xBD, 0x8C, 0x56, 0x84, 0x2E,
    0x0E, 0xAE, 0x5C, 0x64, 0x0B, 0x96, 0x90, 0xAE, 0x7E, 0x4C, 0x27, 0xFE, 0xC3, 0x5F, 0xDE, 0xBB,
    0xF7, 0x46, 0xDA, 0x22, 0x9A, 0x93, 0x10, 0x86, 0xCC, 0x21, 0xF2, 0xDB, 0x4E, 0xBF, 0x5F, 0x4E,
    0x3C, 0xDF, 0x59, 0xD3, 0x89, 0x9B, 0x42, 0x24, 0x72, 0x56, 0xF9, 0xC2, 0xDD, 0xB3, 0x9D, 0x95,
    0xAC, 0x9D, 0xF5, 0xE3, 0x53, 0xCE, 0x6A, 0x1E, 0xE9, 0xAC, 0xE3, 0x9D, 0xB3, 0x0E, 0x4F, 0x39,
    0x2B, 0xDA, 0x39, 0xEB, 0x4B, 0xF3, 0x51, 0x3C, 0xD7, 0x74, 0x56, 0xB5, 0x76, 0x16, 0x6E, 0x7D,
    0x06, 0x66, 0x7C, 0x0E, 0xD9, 0xF1, 0x01, 0x9E, 0xCB, 0x47, 0x5C, 0x4B, 0x3A, 0xA9, 0xF4, 0xA9,
    0x13, 0x8B, 0x40, 0x8F, 0xC3, 0x9F, 0x1C, 0xD1, 0x48, 0xBD, 0x8D, 0x1C, 0x3D, 0x8F, 0xA4, 0xA3,
    0x2F, 0x59, 0xAF, 0xE0, 0x91, 0xD7, 0x3C, 0x0A, 0x4B, 0x72, 0x79, 0x30, 0xAA, 0xC2, 0x88, 0x2A,
    0x78, 0xE5, 0x31, 0xB2, 0x57, 0xB3, 0xFE, 0xD5, 0x1B, 0x53, 0x7F, 0xBB, 0x6C, 0xBF, 0x79, 0x19,
    0x45, 0x87, 0x72, 0x40, 0x39, 0xB2, 0xFC, 0xB3, 0x7C, 0x92, 0x4E, 0xAE, 0x9C, 0x6D, 0x3F, 0x4E,
    0x3E, 0x79, 0x2D, 0xC6, 0x17, 0xEF, 0xA1, 0xF0, 0xC8, 0xE4, 0x0A, 0x40, 0xF4, 0xE2, 0x2D, 0x5D,
    0x57, 0x4C, 0x34, 0xD6, 0x26, 0x89, 0x37, 0x1D, 0xE5, 0x4C, 0xC5, 0xFB, 0xB5, 0xE2, 0x8B, 0xD2,
    0x0F, 0x29, 0x5E, 0x3C, 0xA4, 0x78, 0x45, 0xC5, 0xB1, 0x61, 0x14, 0x88, 0xE2, 0xE2, 0xFB, 0x27,
    0xEF, 0xD5, 0x79, 0x70, 0x79, 0xA8, 0xCB, 0x16, 0x55, 0x8F, 0x86, 0xDA, 0x3E, 0x50, 0x98, 0xDA,
    0x52, 0x61, 0xCB, 0x42, 0x94, 0x5A, 0x37, 0xE8, 0xBC, 0x00, 0xE0, 0x32, 0xAE, 0x22, 0xC5, 0x75,
    0xA4, 0x35, 0x97, 0xF2, 0xA2, 0x60, 0x2F, 0x5A, 0xFD, 0x97, 0xE6, 0xEF, 0x3E, 0x50, 0xFF, 0x12,
    0x9E, 0x7A, 0x0E, 0x7D, 0xF6, 0xBD, 0x2E, 0x0B, 0x2E, 0x9E, 0x17, 0xEE, 0xAB, 0x81, 0xDC, 0x9F,
    0x61, 0xCA, 0x43, 0xDC, 0xE7, 0x23, 0x22, 0xE0, 0x93, 0xE4, 0x1B, 0x42, 0x5B, 0x0B, 0xE0, 0x3E,
    0x10, 0xF7, 0xCB, 0x1C, 0x73, 0x15, 0x53, 0x34, 0x47, 0x1E, 0xB7, 0x00, 0x20, 0x1B, 0x72, 0x5F,
    0x78, 0xF8, 0xC8, 0x47, 0x63, 0x3C, 0x98, 0xDE, 0xF4, 0x49, 0x9F, 0x74, 0x69, 0x9B, 0xB9, 0xCC,
    0x65, 0xEF, 0x67, 0x53, 0x3A, 0xFE, 0x01, 0x9E, 0xC1, 0x67, 0xF1, 0x3C, 0xEE, 0x80, 0xED, 0xCB,
    0x00, 0x6E, 0xE8, 0x65, 0x3E, 0x49, 0x4B, 0xCA, 0xB6, 0xEA, 0x9B, 0xD3, 0xDA, 0xB9, 0xBC, 0x2E,
    0x6C, 0x69, 0x4B, 0x94, 0x77, 0xCB, 0xA1, 0xE8, 0x23, 0xEA, 0x53, 0x05, 0x55, 0x48, 0x6E, 0x96,
    0x30, 0xAA, 0x66, 0x8D, 0x32, 0xC1, 0x99, 0x96, 0x1D, 0x6A, 0xB4, 0xEB, 0x44, 0xA3, 0x76, 0x58,
    0x56, 0x55, 0x45, 0xE5, 0x5B, 0xD5, 0x96, 0x9D, 0xCC, 0x9D, 0x74, 0x92, 0x8E, 0x1D, 0xB5, 0x45,
    0x2D, 0xC8, 0xB4, 0x53, 0x58, 0xB5, 0x48, 0x6D, 0x58, 0x3A, 0xF2, 0xED, 0x65, 0x76, 0x8A, 0x3A,
    0xAB, 0xD5, 0xAC, 0xC2, 0xE6, 0x56, 0x6D, 0x2B, 0x51, 0x90, 0xAB, 0x12, 0x25, 0x09, 0xAB, 0x50,
    0x5A, 0x1D, 0xE7, 0x50, 0x6B, 0x97, 0x1D, 0xB0, 0x91, 0xB0, 0xAF, 0x9C, 0xF0, 0xA0, 0x0F, 0x35,
    0x21, 0xC3, 0x88, 0x55, 0xCA, 0xC8, 0x2B, 0x9A, 0x05, 0xDD, 0xC2, 0x65, 0x09, 0xBF, 0xC2, 0x25,
    0x03, 0x4A, 0x97, 0xF4, 0x28, 0x6D, 0x64, 0x71, 0x09, 0x27, 0xAD, 0x6C, 0x4D, 0x70, 0x55, 0x6F,
    0x42, 0xDD, 0x6C, 0x85, 0x35, 0x3D, 0x0A, 0x2B, 0x3F, 0x27, 0xA6, 0x94, 0x62, 0xC6, 0x21, 0x32,
    0x47, 0xB1, 0x11, 0xE1, 0xC5, 0x28, 0x8F, 0xC2, 0x46, 0x5E, 0x2E, 0x36, 0xA2, 0x14, 0x62, 0xCA,
    0xBB, 0xA6, 0x47, 0x39, 0xC8, 0x6F, 0xF7, 0xC2, 0x99, 0x12, 0x41, 0x12, 0x32, 0x15, 0x6E, 0x99,
    0x37, 0x9E, 0x2A, 0x2D, 0x70, 0x33, 0xEC, 0x36, 0x17, 0x14, 0xDD, 0x49, 0x92, 0x16, 0xFF, 0xBB,
    0xD2, 0x9A, 0x8A, 0xBC, 0x14, 0x59, 0x30, 0x83, 0x52, 0xD9, 0x53, 0xD2, 0x11, 0xF4, 0x02, 0x5D,
    0x40, 0xB6, 0xD7, 0x92, 0xB4, 0x93, 0x73, 0x95, 0xB4, 0x72, 0x25, 0x0F, 0x55, 0xBE, 0x8E, 0xCB,
    0x3A, 0x70, 0xA9, 0x3C, 0xDF, 0xA4, 0xD4, 0x10, 0x38, 0x14, 0xB7, 0x8B, 0x4C, 0x1E, 0x4C, 0x0F,
    0x2D, 0x1A, 0x8B, 0x5C, 0x8B, 0xEF, 0xA9, 0xEA, 0x04, 0x66, 0xC6, 0xFA, 0xC0, 0x9F, 0x01, 0xF3,
    0x43, 0x20, 0x33, 0x0E, 0x08, 0x1D, 0x22, 0x3D, 0xD6, 0x61, 0x2C, 0xC7, 0xF9, 0x61, 0x8C, 0xE9,
    0xA1, 0x3B, 0x63, 0xFC, 0xAD, 0xC9, 0xE0, 0x52, 0xD6, 0x22, 0x6F, 0x1C, 0xCA, 0xC0, 0x99, 0x51,
    0x22, 0x59, 0x27, 0xCC, 0x32, 0xF8, 0x84, 0x38, 0x6E, 0xB1, 0xD6, 0x6B, 0x54, 0x35, 0x04, 0xE3,
    0x09, 0x8A, 0xA9, 0x68, 0x2B, 0x6E, 0x72, 0x0C, 0xF0, 0xC0, 0xDC, 0x28, 0x19, 0x15, 0xFB, 0xA2,
    0x23, 0x36, 0x56, 0x69, 0x7D, 0x77, 0x16, 0x40, 0xFA, 0x9F, 0x81, 0x81, 0x1C, 0xC2, 0xA8, 0x38,
    0x27, 0x5E, 0x71, 0xC4, 0xB4, 0x2C, 0x85, 0x1D, 0x03, 0x9C, 0x34, 0x15, 0x2D, 0xB1, 0xC4, 0x69,
    0xAC, 0x88, 0xF2, 0xC3, 0xC5, 0x57, 0x8F, 0xD4, 0xDC, 0xE2, 0x5B, 0xBD, 0xDE, 0xB9, 0x79, 0x68,
    0xF5, 0xEE, 0xCD, 0x42, 0x0D, 0x4D, 0x94, 0x3F, 0x00, 0x48, 0x00, 0xBD, 0x4C, 0x4C, 0x1D, 0x31,
    0x5B, 0x60, 0xD0, 0xD1, 0xFC, 0x22, 0x1F, 0xCE, 0xD5, 0xC6, 0xF3, 0x93, 0x80, 0xB3, 0x43, 0x26,
    0x04, 0x8B, 0xFC, 0xFB, 0x21, 0x00, 0xF9, 0xDF, 0x86, 0x59, 0xEC, 0x68, 0x00, 0x94, 0x5F, 0xF3,
    0x22, 0xB3, 0x5E, 0xA4, 0xF2, 0x56, 0xD1, 0xE7, 0xC1, 0x03, 0x08, 0x3F, 0x52, 0xB9, 0xB8, 0x6D,
    0xA3, 0x2A, 0x1C, 0xEA, 0xE0, 0x37, 0xAF, 0xA0, 0x0A, 0xAE, 0x6C, 0xD0, 0x04, 0x57, 0x4C, 0x08,
    0xC1, 0xA5, 0xDD, 0x83, 0x78, 0xA3, 0x9E, 0xD4, 0xAA, 0x05, 0xDB, 0xDB, 0x84, 0x1E, 0xAB, 0x7F,
    0x4D, 0x1C, 0xFD, 0x0B, 0x05, 0x4F, 0x18, 0x3F, 0xC2, 0xE2, 0xC7, 0xF9, 0xD5, 0x36, 0x72, 0x49,
    0xCB, 0x91, 0x2D, 0xE0, 0xD6, 0x90, 0xD7, 0x8F, 0xAE, 0xB6, 0x5D, 0x66, 0xC4, 0x16, 0x34, 0xE6,
    0x26, 0xB0, 0x11, 0x60, 0xB5, 0x6D, 0xC3, 0x6A, 0x9B, 0x47, 0x20, 0x20, 0xEA, 0x60, 0x1C, 0xD2,
    0x1A, 0x19, 0xE2, 0x19, 0xF2, 0x4C, 0x09, 0x3A, 0x61, 0x33, 0x48, 0x98, 0x08, 0x1F, 0xAE, 0x32,
    0x5F, 0xCD, 0xA7, 0xE2, 0x55, 0x7E, 0x72, 0xC6, 0x1C, 0x69, 0x51, 0xEA, 0x87, 0xC9, 0x4C, 0x7A,
    0xB4, 0xD7, 0x14, 0xAD, 0x46, 0xAA, 0x15, 0x6E, 0xAA, 0xE4, 0x14, 0xBA, 0x4B, 0xD9, 0x94, 0x12,
    0xB2, 0x42, 0x4A, 0xCE, 0x66, 0x05, 0xCB, 0x87, 0x84, 0x4E, 0xE4, 0x54, 0x09, 0x25, 0xA7, 0xC3,
    0xE2, 0x80, 0x68, 0xD6, 0x25, 0x5A, 0x87, 0xDC, 0xEA, 0xF4, 0x0C, 0x5C, 0xB9, 0xA2, 0x90, 0xBC,
    0x7D, 0xEA, 0xCD, 0xD8, 0xEE, 0x79, 0xF4, 0xC5, 0x33, 0xC4, 0x62, 0x98, 0xC0, 0x27, 0xAE, 0x1E,
    0x25, 0xEE, 0xA3, 0x44, 0x8F, 0x0A, 0x1D, 0x0E, 0xA3, 0x16, 0x9B, 0xD8, 0xC1, 0x1B, 0x39, 0x2C,
    0x7C, 0xFA, 0xA8, 0x7C, 0xE4, 0xFC, 0x14, 0x5C, 0x8E, 0x37, 0x20, 0xAE, 0x42, 0x31, 0x00, 0x11,
    0x16, 0xE2, 0x56, 0xCC, 0x91, 0x3A, 0xB2, 0x75, 0x06, 0x92, 0xBE, 0x15, 0x7F, 0x30, 0x3B, 0xEC,
    0x57, 0x48, 0x0E, 0xD7, 0x24, 0x92, 0xC5, 0xA4, 0x56, 0xA5, 0x44, 0x10, 0x6B, 0x12, 0x49, 0x26,
    0xD7, 0x54, 0xA2, 0xC4, 0x9A, 0xCC, 0x1D, 0x9B, 0x3B, 0x3A, 0x77, 0x7C, 0xEE, 0x08, 0xDD, 0x31,
    0x8A, 0x40, 0x3C, 0x8F, 0x53, 0x1E, 0x87, 0x3C, 0xD6, 0xAF, 0x35, 0xD1, 0x6F, 0xE5, 0x78, 0xA6,
    0x35, 0x7D, 0xD2, 0x26, 0x9D, 0xA9, 0x57, 0x7C, 0xEA, 0xB1, 0xE2, 0x93, 0xC7, 0x00, 0x89, 0x7D,
    0xA4, 0x47, 0x1F, 0x2D, 0x10, 0xA3, 0x33, 0x03, 0xF1, 0x17, 0xB5, 0x42, 0x70, 0x04, 0x3D, 0x4B,
    0xE6, 0xD5, 0x14, 0x82, 0x92, 0x54, 0xF2, 0x27, 0x12, 0x42, 0xC6, 0x1F, 0x4C, 0xCF, 0xDE, 0x20,
    0x42, 0xEE, 0x0E, 0x49, 0xDD, 0xF1, 0xFF, 0x7E, 0x8F, 0xA7, 0x23, 0xB2, 0x09, 0xD9, 0x7C, 0xCE,
    0x8D, 0xD9, 0xC3, 0x78, 0xD1, 0x49, 0x7E, 0xAC, 0x47, 0xE9, 0x10, 0x5C, 0x12, 0x5C, 0xFE, 0xF7,
    0xF5, 0x8D, 0xC2, 0x5E, 0x7A, 0xF8, 0xB6, 0xD6, 0x4F, 0x68, 0xE5, 0xF3, 0xBC, 0xC5, 0xB2, 0x05,
    0xEE, 0xF4, 0x1A, 0x4D, 0x6A, 0x89, 0xC8, 0x41, 0xB2, 0xB0, 0xAB, 0x19, 0xD4, 0xBB, 0x9A, 0x81,
    0x5B, 0x6A, 0x06, 0xA1, 0x5B, 0x42, 0x2A, 0xF4, 0x40, 0xAA, 0x9D, 0x71, 0x29, 0xFC, 0x7C, 0xE0,
    0xE9, 0x96, 0x78, 0x98, 0xD9, 0x31, 0x7D, 0x05, 0xE4, 0xDA, 0x29, 0xEB, 0xA5, 0x66, 0x90, 0xB7,
    0xAC, 0x19, 0x74, 0xA2, 0xB8, 0x86, 0x65, 0x32, 0x68, 0x27, 0x6B, 0x8D, 0x67, 0xC7, 0x61, 0xC2,
    0x21, 0x3B, 0x0D, 0x36, 0xBB, 0xFD, 0x1E, 0x13, 0x63, 0xB3, 0x70, 0x7E, 0x49, 0x89, 0x5B, 0x4F,
    0x66, 0xD3, 0xFF, 0x1A, 0xD9, 0x31, 0xFF, 0x3D, 0x32, 0x3E, 0xE3, 0x30, 0x80, 0x34, 0x87, 0x1E,
    0x24, 0xBA, 0x59, 0x6A, 0x06, 0x28, 0x7B, 0xCD, 0x75, 0x99, 0x3D, 0x72, 0xED, 0x88, 0xDE, 0xBC,
    0xB1, 0x7A, 0x8C, 0x0E, 0x4A, 0x53, 0x27, 0xD1, 0x2B, 0x35, 0x71, 0x13, 0xBE, 0xC1, 0x2A, 0x43,
    0x98, 0xF4, 0x86, 0x9D, 0x21, 0x9C, 0x1F, 0xAB, 0x97, 0x37, 0x8F, 0x7E, 0xD7, 0x17, 0x19, 0x0F,
    0x72, 0xAA, 0x6F, 0x03, 0x22, 0x5F, 0x9E, 0x6B, 0x33, 0xCB, 0x34, 0x6F, 0x82, 0x0D, 0xC1, 0xC5,
    0x81, 0x9B, 0x99, 0x7E, 0x37, 0x69, 0x57, 0xAD, 0xD6, 0xF3, 0x18, 0x30, 0x12, 0x98, 0xEF, 0x7C,
    0x72, 0x2E, 0xF8, 0x92, 0xBE, 0xB4, 0x1E, 0x52, 0x05, 0x8E, 0xAF, 0xB2, 0x06, 0xDB, 0xF5, 0xEB,
    0xA7, 0xCA, 0xA5, 0xEB, 0xBB, 0x26, 0xFA, 0x9D, 0xBD, 0x6B, 0x92, 0xAF, 0x0B, 0x3D, 0x91, 0xBE,
    0x7C, 0xE1, 0x2D, 0xB0, 0x7D, 0xA2, 0x77, 0x4D, 0x64, 0x05, 0x73, 0xD5, 0xA6, 0x5C, 0xC9, 0xDC,
    0x9D, 0x2C, 0x07, 0x3D, 0xBF, 0xBA, 0xB5, 0x9F, 0xC2, 0x47, 0x6E, 0xE9, 0x98, 0xCE, 0x16, 0xD9,
    0x54, 0x85, 0x6E, 0xB7, 0xC0, 0xDC, 0x08, 0xEF, 0x08, 0xDC, 0xEB, 0x2C, 0x2A, 0x52, 0x51, 0xAA,
    0x18, 0x53, 0x0E, 0x48, 0x96, 0xB4, 0x4B, 0x64, 0xDA, 0xCA, 0x69, 0xE6, 0xC4, 0xEB, 0x99, 0x8B,
    0xDE, 0xFC, 0x10, 0xD9, 0xFB, 0x71, 0x08, 0xC8, 0x26, 0x23, 0x92, 0x99, 0xBD, 0xFD, 0xDD, 0xBC,
    0xF7, 0xD7, 0x8B, 0x10, 0x69, 0x4D, 0xA4, 0xCB, 0xB4, 0xB3, 0x20, 0xF2, 0x87, 0x3B, 0x74, 0xE8,
    0xFA, 0xE6, 0x8C, 0xDF, 0xDF, 0x75, 0xFC, 0x27, 0x19, 0x7E, 0xDF, 0x58, 0x29, 0x9A, 0xAF, 0x34,
    0xBB, 0xB1, 0x92, 0x07, 0x27, 0xC1, 0x17, 0xD7, 0x27, 0xEB, 0x3C, 0x65, 0xB0, 0x04, 0x9C, 0xC0,
    0xB2, 0x72, 0x53, 0xA8, 0xCA, 0x11, 0x77, 0x85, 0xA6, 0xB3, 0x44, 0x1D, 0xCA, 0x0E, 0xC8, 0x7B,
    0x34, 0x56, 0x7E, 0x3F, 0xF6, 0x6A, 0x29, 0x33, 0xBE, 0x49, 0x23, 0x02, 0xC7, 0xCC, 0x87, 0x0F,
    0x8B, 0x5A, 0xA1, 0xC4, 0x1A, 0x0E, 0x15, 0x36, 0x1B, 0x05, 0xBF, 0x86, 0x78, 0x54, 0x30, 0xFD,
    0xB1, 0x40, 0xDA, 0x55, 0xBC, 0x77, 0x34, 0x7D, 0xA9, 0x6C, 0xE1, 0x80, 0x68, 0x46, 0x36, 0x68,
    0x46, 0x92, 0x88, 0x2A, 0xDD, 0x4E, 0x31, 0x54, 0x7C, 0xBF, 0x7F, 0x82, 0x4B, 0x66, 0x51, 0xF0,
    0x22, 0x46, 0x20, 0xA6, 0x18, 0xD4, 0x10, 0x4D, 0x04, 0x9D, 0x99, 0x50, 0x74, 0x69, 0x8F, 0xB4,
    0xD7, 0x7A, 0x57, 0x51, 0x4B, 0x78, 0x62, 0x25, 0x12, 0x19, 0x38, 0x6D, 0x4B, 0x1D, 0xBB, 0x96,
    0x91, 0xBB, 0x78, 0x46, 0x16, 0xE8, 0xC1, 0x16, 0xA8, 0xB8, 0x49, 0xF5, 0x76, 0xCC, 0xED, 0x7D,
    0x46, 0xE1, 0xE6, 0x9B, 0xE4, 0x70, 0xA9, 0x3B, 0x0C, 0xFB, 0xCE, 0xA1, 0x71, 0x57, 0x00, 0xD3,
    0xBE, 0x2E, 0xF4, 0xF9, 0xDD, 0xAD, 0x54, 0xD5, 0x17, 0xC6, 0x66, 0xF4, 0x67, 0x24, 0xEE, 0x3B,
    0x0A, 0xD9, 0xF3, 0x8C, 0xE0, 0x03, 0x85, 0x83, 0xB7, 0xF6, 0x9D, 0x4D, 0x3C, 0x7D, 0x55, 0xEC,
    0x78, 0x1B, 0xC0, 0xDB, 0x42, 0xE4, 0x2F, 0x3A, 0x20, 0x7E, 0xD7, 0xFD, 0x5F, 0xD9, 0x2C, 0x6D,
    0xD1, 0x0A, 0x9B, 0x73, 0xB3, 0x66, 0x93, 0x54, 0xED, 0xF6, 0x36, 0x91, 0x30, 0x9E, 0x50, 0xBB,
    0x9A, 0x27, 0x3B, 0xF2, 0x84, 0xAE, 0x51, 0x29, 0xCC, 0x7A, 0x3D, 0x19, 0x16, 0x22, 0xE5, 0x24,
    0xEA, 0x95, 0x4E, 0x29, 0x9B, 0x03, 0xB8, 0xB5, 0x90, 0x1A, 0x2B, 0x2C, 0xD4, 0x9A, 0x5E, 0x60,
    0x21, 0x98, 0x27, 0x85, 0x5D, 0x9D, 0x2C, 0x2C, 0x27, 0x41, 0xEB, 0xDB, 0xE4, 0x3A, 0xD5, 0x93,
    0xC3, 0x93, 0x93, 0x1E, 0x0B, 0xEF, 0x7A, 0x9D, 0x33, 0x4E, 0xE2, 0x81, 0x2F, 0x85, 0x8B, 0x43,
    0x78, 0xB2, 0xB8, 0x85, 0xC3, 0xED, 0x9C, 0xB3, 0xBC, 0xF3, 0xA8, 0x90, 0x93, 0xAB, 0x10, 0x47,
    0x61, 0xD6, 0xB1, 0xEF, 0x88, 0x91, 0x48, 0xC6, 0x65, 0xB7, 0x55, 0x32, 0x01, 0x55, 0x87, 0x8D,
    0x9E, 0x44, 0xE1, 0xA7, 0x2F, 0x07, 0xFB, 0xF4, 0xFC, 0xE2, 0x8B, 0x2F, 0x8E, 0x74, 0xE0, 0x6E,
    0xFF, 0x15, 0xDD, 0x18, 0x96, 0x93, 0x68, 0x2B, 0x9E, 0x08, 0x35, 0xF2, 0x10, 0x96, 0x9D, 0x57,
    0xC1, 0x85, 0xE0, 0x65, 0xA5, 0xE4, 0x5D, 0x8F, 0x29, 0xE9, 0x91, 0xFE, 0xA6, 0xC3, 0x46, 0x5C,
    0x18, 0x1C, 0x0E, 0xF3, 0x7A, 0x8B, 0x16, 0x9B, 0x12, 0x9C, 0x01, 0x16, 0xF4, 0x0B, 0x8E, 0xE2,
    0xD1, 0x99, 0x3C, 0xE5, 0x81, 0xAA, 0x97, 0x0D, 0x70, 0x24, 0xAE, 0x95, 0x52, 0xB7, 0xDC, 0x2B,
    0x79, 0x08, 0xAD, 0x59, 0x76, 0x6C, 0x89, 0x8F, 0x77, 0x7B, 0x29, 0xB3, 0x53, 0x73, 0xD0, 0x01,
    0xE1, 0x2D, 0x40, 0xFD, 0x3D, 0x13, 0x42, 0xB7, 0xDE, 0xE6, 0x96, 0x4C, 0x0A, 0x98, 0x09, 0x15,
    0xA2, 0x51, 0x41, 0x5D, 0x7A, 0xB8, 0x2C, 0x6C, 0x12, 0xBC, 0x82, 0x19, 0x75, 0xC2, 0x2F, 0x7A,
    0xA4, 0x1A, 0x3C, 0xC8, 0xC4, 0x08, 0x28, 0x1C, 0x89, 0xDF, 0xCD, 0xA8, 0x73, 0x74, 0xE4, 0xE9,
    0xF8, 0x89, 0x70, 0x4C, 0x8B, 0x2A, 0xC2, 0x6E, 0x81, 0xCF, 0xB2, 0x84, 0x5A, 0xBF, 0x21, 0x94,
    0xE7, 0xDF, 0x1F, 0x2B, 0x2D, 0x9C, 0xF6, 0xCD, 0x16, 0x92, 0xD0, 0x0A, 0xBB, 0x91, 0x50, 0x61,
    0xDC, 0xC3, 0x7F, 0x45, 0x14, 0xCF, 0x51, 0x53, 0x9B, 0xF0, 0x17, 0xA1, 0x37, 0x1A, 0x2D, 0xC5,
    0x20, 0xB5, 0x7D, 0xC7, 0xDA, 0xBE, 0x43, 0x09, 0x0E, 0xC0, 0x90, 0x60, 0x90, 0xF8, 0x9D, 0x10,
    0xCD, 0x68, 0xE6, 0xCB, 0xF3, 0x5D, 0xA0, 0x61, 0x15, 0xBE, 0xDF, 0x7B, 0x96, 0x68, 0x21, 0xE2,
    0x53, 0x65, 0xD7, 0xD4, 0xE2, 0x82, 0xD8, 0x52, 0x03, 0x79, 0x9F, 0x17, 0xAB, 0x68, 0x8B, 0xEC,
    0x2D, 0xC5, 0x9F, 0x38, 0x85, 0xEA, 0x54, 0x28, 0x62, 0xEF, 0x49, 0xBE, 0x7F, 0x1B, 0xC0, 0x4D,
    0xB7, 0xBB, 0xD7, 0x2E, 0x88, 0x5C, 0x12, 0x79, 0x92, 0x72, 0x3E, 0x77, 0x42, 0xE2, 0xE7, 0xC3,
    0x07, 0xD0, 0xCD, 0x3D, 0x0E, 0x29, 0xC7, 0xEB, 0x90, 0x0E, 0xCB, 0x6A, 0xDA, 0x46, 0xA5, 0x07,
    0xE2, 0x41, 0x2F, 0xFD, 0x94, 0x4A, 0x50, 0x22, 0xD0, 0x23, 0x83, 0xC8, 0x3C, 0xFC, 0x14, 0x7A,
    0x9D, 0x8E, 0xB3, 0x12, 0xCB, 0x45, 0xB5, 0x40, 0xE5, 0x56, 0x2F, 0x29, 0xEE, 0x33, 0x2A, 0x0B,
    0x3E, 0x4B, 0x1F, 0x3C, 0x44, 0x1B, 0x94, 0x2D, 0x12, 0x8F, 0x3C, 0x08, 0x33, 0xA9, 0xB2, 0x8F,
    0x57, 0xC2, 0xFB, 0xBB, 0xDC, 0xF2, 0x55, 0x96, 0xFF, 0x63, 0x71, 0x4F, 0xA8, 0xE5, 0xED, 0x21,
    0x99, 0x9B, 0x31, 0x6B, 0x63, 0x9F, 0x39, 0x8C, 0x5A, 0x24, 0x1B, 0x64, 0xC0, 0x23, 0x44, 0x61,
    0x16, 0x05, 0x5A, 0x20, 0xD7, 0x92, 0xDA, 0x3B, 0xDB, 0x63, 0x83, 0xB4, 0x6D, 0x42, 0x70, 0x65,
    0x08, 0x48, 0xC3, 0x7B, 0xAA, 0x8E, 0xF2, 0xF0, 0x9A, 0x03, 0x10, 0xB5, 0x1D, 0xE3, 0x6C, 0x2F,
    0xD8, 0xF8, 0x02, 0x5D, 0x6D, 0xBE, 0x03, 0x7C, 0x36, 0xB1, 0x00, 0x1E, 0x07, 0x23, 0x7B, 0x61,
    0xF9, 0xBA, 0x4D, 0x2C, 0x66, 0xAE, 0x16, 0x3A, 0xDD, 0x63, 0x63, 0x62, 0x69, 0x03, 0xC3, 0xCD,
    0xB8, 0x2D, 0x42, 0xDB, 0xAD, 0xA7, 0x44, 0xFE, 0x63, 0x77, 0x52, 0xF4, 0x7C, 0x16, 0x6C, 0xFB,
    0xC0, 0xDF, 0xE5, 0xC8, 0xC2, 0x7C, 0x7B, 0x19, 0xF4, 0x3E, 0x1E, 0x57, 0xE4, 0x64, 0x4C, 0x5B,
    0x16, 0xC8, 0x15, 0xFA, 0x42, 0x4B, 0x06, 0x02, 0x1E, 0xA6, 0xBF, 0xA9, 0xD0, 0x5D, 0x15, 0x0E,
    0x22, 0xFB, 0xD1, 0x96, 0x41, 0x16, 0x38, 0x73, 0x19, 0x64, 0x81, 0x47, 0x6F, 0x79, 0x7F, 0xF8,
    0x6F, 0xA2, 0xF8, 0x7E, 0x0E, 0x34, 0x04, 0xA1, 0xE7, 0xBC, 0x66, 0x96, 0xC1, 0x97, 0x51, 0xED,
    0xFA, 0x4F, 0x04, 0xAF, 0x12, 0x22, 0x5E, 0xFD, 0xAC, 0x4D, 0x4A, 0x55, 0x98, 0xD0, 0x70, 0x97,
    0xD1, 0xF9, 0x9B, 0x94, 0x1C, 0x50, 0xD4, 0xA9, 0x2B, 0x6C, 0xEA, 0x4A, 0x9B, 0xB9, 0xB2, 0x2E,
    0xEA, 0xE2, 0xC3, 0x80, 0x4C, 0xF7, 0xAB, 0x75, 0xD8, 0xB5, 0xE8, 0x08, 0x48, 0x5A, 0x56, 0x0C,
    0x32, 0x00, 0x9F, 0x03, 0xF8, 0xC0, 0x52, 0xFC, 0x67, 0xAB, 0x70, 0x03, 0xBB, 0xB6, 0xFF, 0xCE,
    0x30, 0x56, 0x47, 0xD2, 0x94, 0x33, 0xD3, 0x1F, 0xBE, 0xA2, 0xC4, 0x3E, 0xAB, 0xF2, 0x9A, 0xCA,
    0x03, 0xA5, 0xF9, 0xBA, 0x12, 0x0D, 0xA5, 0x7A, 0x77, 0x21, 0xB3, 0x5E, 0xC0, 0x3E, 0x73, 0xE7,
    0x03, 0x15, 0x26, 0xF9, 0xA2, 0xAE, 0x48, 0x71, 0x00, 0x20, 0x2E, 0x00, 0xC4, 0x09, 0x50, 0x37,
    0x80, 0x8E, 0xF8, 0x18, 0x94, 0x3E, 0xFD, 0xF1, 0x29, 0xFD, 0x9B, 0x67, 0x14, 0xEE, 0x1F, 0x28,
    0xFC, 0xD5, 0x0B, 0x1F, 0x95, 0xD2, 0xF2, 0x0C, 0x4A, 0x5F, 0x0A, 0xDF, 0x3D, 0x83, 0x52, 0x7B,
    0xEE, 0x6E, 0xB8, 0x3C, 0x04, 0x5B, 0xE8, 0x2B, 0xC6, 0x7C, 0x6A, 0x4F, 0xC5, 0x7A, 0x85, 0xEF,
    0x7A, 0x16, 0xDC, 0x57, 0xF2, 0xE9, 0x8F, 0xD2, 0x36, 0xEE, 0xB3, 0xD6, 0xF4, 0x59, 0x97, 0x76,
    0xE9, 0xDC, 0x38, 0x13, 0x82, 0x45, 0xA3, 0x03, 0x5D, 0x8D, 0xA8, 0x67, 0xF3, 0x75, 0x27, 0x10,
    0xFF, 0xFC, 0xC7, 0x56, 0xD0, 0x7C, 0x7F, 0x86, 0x9E, 0xDB, 0x17, 0x76, 0x0B, 0x54, 0x55, 0xF0,
    0x65, 0xF0, 0xAA, 0x61, 0x19, 0x46, 0xC1, 0x01, 0x4B, 0xBE, 0x22, 0x28, 0x83, 0x47, 0x9E, 0xBC,
    0x45, 0x8B, 0x37, 0xE3, 0x81, 0x68, 0x98, 0x1F, 0x12, 0xD3, 0x1D, 0xB6, 0xBB, 0x94, 0x51, 0xBA,
    0x8A, 0x59, 0x4B, 0xFE, 0x98, 0x45, 0xD6, 0xC4, 0xD2, 0x2E, 0xB8, 0x50, 0x7B, 0xB8, 0xE0, 0x44,
    0x94, 0x31, 0xB3, 0x8E, 0xEE, 0xCA, 0x7A, 0x20, 0xED, 0x81, 0xC4, 0x6B, 0x05, 0x0D, 0x26, 0xFC,
    0xDD, 0xEF, 0x07, 0xD2, 0x19, 0x3C, 0x58, 0x1D, 0xE8, 0x04, 0xE3, 0xF0, 0xD3, 0x65, 0x4E, 0xB8,
    0x0C, 0x18, 0x7F, 0x05, 0xC8, 0x5E, 0xB9, 0x03, 0x3C, 0x97, 0x0E, 0xC0, 0xEF, 0x45, 0x16, 0xD5,
    0x80, 0xD0, 0x37, 0x5B, 0xD1, 0x35, 0xFD, 0x56, 0x68, 0x71, 0x54, 0xFF, 0x62, 0x34, 0x55, 0xD1,
    0x22, 0x77, 0xBA, 0x36, 0xBD, 0x15, 0x85, 0xCD, 0x1D, 0x4A, 0xAD, 0x42, 0x8A, 0x9B, 0x2A, 0x11,
    0x33, 0x0A, 0x97, 0xCC, 0xFA, 0x14, 0xEF, 0xB3, 0x30, 0x35, 0x7D, 0x14, 0xF8, 0x07, 0x94, 0xD5,
    0xFC, 0xF0, 0xFF, 0xDC, 0xF2, 0xE9, 0x65, 0x97, 0xDB, 0x2B, 0x61, 0xC2, 0x20, 0xA2, 0xBF, 0x30,
    0x4E, 0x7B, 0x53, 0x03, 0x82, 0xA9, 0x55, 0x3C, 0x6E, 0x14, 0x50, 0x79, 0x62, 0xDE, 0x7D, 0xAA,
    0x39, 0xB6, 0x97, 0x00, 0x53, 0x5F, 0x03, 0xCC, 0xCF, 0xB4, 0x98, 0xD9, 0x03, 0x68, 0xEA, 0x0B,
    0x63, 0x3B, 0x3A, 0x82, 0xB6, 0x27, 0x6F, 0x13, 0x9F, 0xF9, 0x22, 0xF1, 0x73, 0x5F, 0x21, 0x66,
    0x1D, 0x31, 0xC2, 0xA7, 0x99, 0x75, 0x3C, 0x21, 0xE2, 0x4F, 0x1C, 0x80, 0xBB, 0x32, 0xF6, 0x91,
    0xF4, 0x5E, 0xB3, 0x00, 0x2E, 0xE1, 0xC2, 0xA8, 0xCF, 0xFE, 0x7A, 0x09, 0xE8, 0x03, 0xA2, 0xD6,
    0x0B, 0x59, 0x32, 0xFC, 0x14, 0x53, 0xCD, 0xF2, 0xEE, 0x3F, 0xF5, 0x40, 0xF4, 0xCB, 0x16, 0x30,
    0xFF, 0x76, 0x41, 0xB1, 0xFD, 0xE9, 0x25, 0xF0, 0x19, 0x9C, 0xC6, 0x2B, 0x0F, 0x2D, 0x4D, 0xDD,
    0x01, 0x70, 0x51, 0x51, 0x9B, 0xEA, 0xB3, 0x42, 0x44, 0xC2, 0xD7, 0xF6, 0xF5, 0xF2, 0x79, 0x56,
    0x13, 0x01, 0x9A, 0xB2, 0x6B, 0xF7, 0x3B, 0xEC, 0x5A, 0xEC, 0xEE, 0x2B, 0xAA, 0x37, 0xCA, 0x1A,
    0x46, 0x5F, 0x5D, 0x06, 0xA0, 0x72, 0xD2, 0xAF, 0x4B, 0x2D, 0x91, 0x68, 0xDF, 0x0A, 0x4B, 0x51,
    0x58, 0x52, 0x74, 0x2F, 0xCC, 0x68, 0x8E, 0xA8, 0x2C, 0x26, 0x5A, 0xFD, 0x66, 0xB2, 0x95, 0xFD,
    0xB8, 0x05, 0x26, 0x56, 0x60, 0xF2, 0x1F, 0xB6, 0xF4, 0x68, 0x05, 0x94, 0x7F, 0x4E, 0xAF, 0x69,
    0x19, 0x28, 0xE9, 0x90, 0x76, 0xEC, 0x6F, 0x92, 0xFE, 0x81, 0x97, 0xBC, 0xE9, 0x51, 0xD4, 0xEA,
    0x39, 0xD9, 0x27, 0x8E, 0x92, 0xA9, 0x9E, 0xEC, 0x18, 0xC7, 0xA4, 0xFD, 0x2D, 0x55, 0x86, 0x6F,
    0x89, 0x90, 0xDD, 0xD9, 0xF1, 0x60, 0x06, 0xF6, 0x0B, 0x1B, 0x0F, 0x49, 0xAF, 0xFD, 0xB6, 0x44,
    0x34, 0x66, 0x8E, 0x99, 0xE4, 0x66, 0xDB, 0xD7, 0x4B, 0x22, 0xE9, 0x3D, 0x22, 0x5F, 0x2E, 0x7B,
    0x7B, 0x06, 0xC0, 0x1F, 0xB3, 0xFF, 0xEB, 0x1E, 0x98, 0x3C, 0xFB, 0x62, 0x48, 0x18, 0x48, 0x8E,
    0x18, 0xB8, 0x2B, 0x0F, 0x05, 0xAB, 0xE5, 0x7A, 0xF6, 0x39, 0x07, 0x68, 0x9B, 0x69, 0xDC, 0xD2,
    0xBE, 0xB9, 0x60, 0x3C, 0x12, 0x91, 0x3E, 0x4B, 0xC4, 0xB5, 0x94, 0x89, 0x7D, 0x6B, 0xA4, 0xAE,
    0xED, 0xB6, 0x9F, 0xD4, 0x23, 0x48, 0xA7, 0xCE, 0x3C, 0xB6, 0xD2, 0x0C, 0x28, 0x3C, 0xB2, 0x56,
    0x7E, 0xB7, 0x9C, 0x50, 0x38, 0x21, 0xAE, 0x99, 0x84, 0x15, 0x78, 0x51, 0x55, 0x94, 0x9D, 0xE2,
    0xB1, 0x89, 0x3C, 0xEB, 0xFE, 0x95, 0x5A, 0x5E, 0xA5, 0x5D, 0x95, 0x2A, 0xAB, 0x99, 0x2B, 0x49,
    0xE3, 0x2B, 0x75, 0x59, 0xD5, 0xEA, 0x54, 0xF9, 0x08, 0x99, 0x33, 0x0A, 0xB2, 0xE7, 0x51, 0x90,
    0xBA, 0x11, 0x39, 0xB9, 0xEA, 0x91, 0x77, 0x58, 0xBF, 0x28, 0x05, 0xF2, 0xF0, 0x2F, 0x56, 0x20,
    0x8D, 0x1D, 0x9F, 0x7D, 0x21, 0x0C, 0x65, 0xF0, 0x84, 0x71, 0x0B, 0xBD, 0x18, 0x2E, 0x74, 0x57,
    0xC2, 0x37, 0xCB, 0xE6, 0x35, 0x44, 0xEB, 0x46, 0xBD, 0x11, 0x79, 0x81, 0xCE, 0x0C, 0xCA, 0x7B,
    0xD6, 0xE9, 0x4D, 0x5D, 0x38, 0xA5, 0x86, 0x74, 0x79, 0xAF, 0xB0, 0x70, 0x5D, 0x75, 0x4B, 0x98,
    0x12, 0xEC, 0xF9, 0xE9, 0xFC, 0xF1, 0xF9, 0xFF, 0x93, 0x47, 0xC3, 0x8B, 0xB1, 0xA4, 0x17, 0x11,
    0x64, 0xEE, 0x5C, 0xFF, 0x62, 0xBC, 0x32, 0x4C, 0x22, 0x38, 0x84, 0xDA, 0x84, 0x36, 0x0A, 0xC1,
    0x26, 0xA1, 0xDB, 0x02, 0x90, 0x74, 0x6A, 0x51, 0xC2, 0x48, 0x5C, 0x82, 0xD0, 0x0C, 0x38, 0x56,
    0xE5, 0x59, 0x43, 0xF4, 0x8C, 0x3A, 0x9F, 0xF4, 0x0A, 0x59, 0xAB, 0x2A, 0xE5, 0xEB, 0xF5, 0xAD,
    0x8A, 0xE3, 0x95, 0x9E, 0x30, 0x28, 0x14, 0xFD, 0x19, 0xEF, 0x30, 0xE5, 0xAA, 0x68, 0xF3, 0x45,
    0x46, 0xCE, 0x3B, 0xEA, 0x52, 0x54, 0x8D, 0x5B, 0x2D, 0x0D, 0xE7, 0x03, 0x96, 0xF6, 0x55, 0xBE,
    0x44, 0xFC, 0xC0, 0x29, 0x7C, 0xCB, 0xEE, 0xBF, 0x8F, 0x70, 0x8B, 0xDE, 0xE9, 0x14, 0xCC, 0xAA,
    0xB6, 0x50, 0x84, 0xC0, 0xDD, 0x10, 0x6B, 0xB8, 0x01, 0xB5, 0xE3, 0x0E, 0x20, 0xB6, 0xBC, 0xC3,
    0xD5, 0xFE, 0x17, 0xF8, 0xE4, 0xE6, 0x57, 0xE0, 0x57, 0xE0, 0x57, 0x78, 0x7C, 0x5F, 0x5D, 0xE5,
    0x57, 0x9E, 0x5F, 0x8D, 0xFC, 0x6A, 0x40, 0xB5, 0xFD, 0xFB, 0xB6, 0xEF, 0xF5, 0x68, 0xA8, 0x5F,
    0x20, 0xB0, 0x34, 0x81, 0xEC, 0xC1, 0xED, 0x75, 0x87, 0x45, 0xB0, 0xCE, 0x6C, 0x45, 0x2B, 0xC2,
    0x99, 0x16, 0x95, 0x4D, 0x5C, 0x3C, 0x21, 0x75, 0x69, 0xBF, 0x1B, 0x2A, 0x08, 0x09, 0x74, 0x0F,
    0xA0, 0x5E, 0x8B, 0x66, 0x14, 0x48, 0x06, 0xDC, 0x44, 0xD1, 0xE2, 0xA6, 0x0C, 0xA7, 0x5B, 0x05,
    0xFD, 0x83, 0x79, 0x29, 0xAA, 0xD7, 0xD4, 0x99, 0x7A, 0xDF, 0xA9, 0x63, 0xCB, 0xD7, 0x33, 0xE9,
    0x45, 0x51, 0x77, 0xED, 0xCB, 0x0C, 0xB7, 0xFB, 0x6B, 0x06, 0x23, 0xEC, 0x3D, 0x83, 0x9D, 0x88,
    0xD7, 0xEA, 0x1D, 0x83, 0x97, 0x2E, 0x88, 0xC1, 0xFF, 0x01, 0x74, 0x92, 0x21, 0x8C, 0xD4, 0x40,
    0x14, 0x86, 0x5F, 0x5B, 0xC2, 0x86, 0x54, 0x0C, 0x62, 0x1D, 0x17, 0xEA, 0xD5, 0x18, 0x04, 0x06,
    0x66, 0x12, 0x7C, 0x82, 0xF7, 0x1E, 0x24, 0x86, 0xDB, 0xF1, 0x98, 0xF3, 0x0A, 0x7D, 0x08, 0xCE,
    0x87, 0xA5, 0x83, 0x37, 0xF5, 0x98, 0x11, 0x27, 0xC0, 0x35, 0x50, 0xD1, 0x83, 0xDE, 0x0E, 0xFF,
    0xFB, 0x3B, 0x49, 0xC3, 0x05, 0x5E, 0xF3, 0xDE, 0xB7, 0xDB, 0xCC, 0xCC, 0xFF, 0xCF, 0xEB, 0x13,
    0xC4, 0xCB, 0x7B, 0xC2, 0xB8, 0x7A, 0xBA, 0xF2, 0xCD, 0xB8, 0xD2, 0xC5, 0x95, 0x9D, 0xFC, 0x33,
    0x5C, 0x1E, 0x0A, 0x53, 0x61, 0xD9, 0x57, 0xD8, 0xFC, 0x9E, 0xC8, 0xDD, 0x8F, 0x99, 0x34, 0x5F,
    0x16, 0xD2, 0x85, 0x5B, 0xF2, 0x20, 0x9F, 0xC9, 0x45, 0x0E, 0x8A, 0x7A, 0x12, 0xC7, 0xE5, 0xA3,
    0x38, 0x0F, 0x9A, 0x28, 0x36, 0x80, 0xD6, 0xEB, 0x4F, 0x2C, 0xBF, 0xBC, 0xFC, 0xA8, 0xCC, 0x08,
    0x08, 0xD7, 0xCA, 0xC4, 0xE5, 0x4C, 0x33, 0x40, 0x11, 0xB4, 0x01, 0x9C, 0x84, 0x67, 0xD5, 0x10,
    0x56, 0xAD, 0x0A, 0x12, 0x30, 0xA5, 0xA5, 0x57, 0xA2, 0x64, 0xA5, 0x96, 0xCA, 0xEF, 0xA5, 0x8E,
    0x57, 0x22, 0x3F, 0xA3, 0xD0, 0xC8, 0x5E, 0xFE, 0x8A, 0x47, 0x27, 0xAF, 0xEB, 0x21, 0x37, 0x37,
    0x63, 0xBD, 0x34, 0x83, 0x2C, 0xF4, 0xFC, 0x2A, 0x2F, 0x0D, 0xDE, 0x99, 0xEB, 0x66, 0x72, 0xBE,
    0x19, 0xDF, 0x42, 0x7C, 0x61, 0x9A, 0x04, 0xB5, 0x94, 0x3F, 0xE4, 0x7C, 0xC8, 0xEF, 0x72, 0x37,
    0xD7, 0x37, 0x22, 0xDA, 0xE0, 0x67, 0xC8, 0xAF, 0xF0, 0xF6, 0x22, 0xE0, 0xAF, 0x2F, 0x1D, 0x9B,
    0xE1, 0x69, 0x91, 0x1E, 0xD4, 0x63, 0x2B, 0xA0, 0x9E, 0xF4, 0x1E, 0x5B, 0xEE, 0x92, 0x48, 0x3B,
    0xAC, 0x69, 0xE2, 0x9A, 0x5D, 0x10, 0xB1, 0x9A, 0x5E, 0xEF, 0xC9, 0xA4, 0xF5, 0x73, 0xE4, 0x51,
    0xAF, 0x39, 0xF3, 0xC8, 0x9C, 0x27, 0xA9, 0x87, 0x76, 0x3C, 0x7B, 0xF2, 0xFA, 0x4C, 0x18, 0x6E,
    0xE8, 0xC7, 0x7E, 0xDC, 0xE1, 0x69, 0x53, 0x3B, 0x98, 0x68, 0x62, 0x17, 0xBB, 0x60, 0xBD, 0x13,
    0x3C, 0xEF, 0xDD, 0x64, 0xC7, 0x4A, 0xAF, 0x9C, 0x6F, 0xD6, 0xFE, 0x46, 0x69, 0x51, 0x47, 0xB1,
    0x49, 0xDA, 0x49, 0x1C, 0x0D, 0x1E, 0x59, 0x17, 0x35, 0x5A, 0xA1, 0xCA, 0x43, 0x56, 0x59, 0xAB,
    0x64, 0xD6, 0xC3, 0xA4, 0xB5, 0xCB, 0xDF, 0x85, 0xE7, 0x24, 0xE0, 0x7E, 0x3E, 0xF1, 0xE3, 0xE6,
    0xC0, 0x05, 0x91, 0x0B, 0x58, 0x4D, 0x7C, 0xC0, 0x6A, 0xF9, 0x86, 0xD7, 0xF1, 0x5A, 0x7B, 0xB8,
    0x95, 0xDD, 0x82, 0x63, 0x70, 0x0F, 0x1A, 0x09, 0x82, 0xAE, 0x7F, 0x93, 0x3B, 0x71, 0x4B, 0xF9,
    0x59, 0x6B, 0x93, 0xA8, 0xC1, 0x63, 0x6D, 0x0E, 0x15, 0xBC, 0xEF, 0x4E, 0xFD, 0x6C, 0x86, 0x7A,
    0x31, 0x51, 0x66, 0xB6, 0x6F, 0x52, 0x13, 0x17, 0x52, 0xC1, 0x0F, 0x4C, 0x0D, 0xD0, 0x64, 0xA3,
    0x3F, 0x21, 0x8F, 0x68, 0x72, 0x8F, 0x5B, 0xBB, 0x9C, 0xA1, 0x77, 0xBD, 0x49, 0x60, 0x4F, 0x9D,
    0xB0, 0x2A, 0x82, 0xEA, 0x35, 0x6B, 0x4C, 0x05, 0x1D, 0x31, 0x5A, 0x75, 0x52, 0x2B, 0x74, 0x0C,
    0x9E, 0x13, 0x69, 0xAF, 0xC6, 0x2A, 0xCF, 0xAF, 0x4A, 0x83, 0x05, 0xE3, 0x06, 0xFD, 0xC2, 0x44,
    0x5B, 0x30, 0x10, 0xEA, 0x75, 0x43, 0x57, 0x10, 0x08, 0xEB, 0x09, 0x87, 0xDC, 0x70, 0x58, 0x71,
    0xBE, 0xE2, 0x88, 0xE4, 0x20, 0x28, 0x7A, 0x82, 0xE3, 0xF0, 0xBF, 0x68, 0x8A, 0x78, 0x51, 0xF5,
    0xC4, 0x63, 0x61, 0xEC, 0x57, 0x54, 0xDB, 0x80, 0xC9, 0xB2, 0x65, 0x35, 0xAB, 0xCE, 0xAD, 0xF4,
    0xEB, 0x1C, 0x6F, 0x33, 0x9B, 0xEE, 0xCC, 0x2C, 0xD2, 0x86, 0x36, 0x5A, 0xDF, 0x46, 0xE7, 0x4D,
    0x74, 0xC1, 0x06, 0xFB, 0x2B, 0x8B, 0xC1, 0xBE, 0x9A, 0x23, 0x52, 0x64, 0x2E, 0xB0, 0x5F, 0xE7,
    0x3D, 0x60, 0xDF, 0x9F, 0x01, 0xF9, 0x12, 0x40, 0x0C, 0x00, 0x93, 0x77, 0xB0, 0x3F, 0x50, 0x7F,
    0xA0, 0xBE, 0x41, 0x9E, 0x41, 0x8F, 0x61, 0x0F, 0x43, 0x01, 0x03, 0x03, 0x03, 0x3D, 0x45, 0x00,
    0xDD, 0x9A, 0x87, 0xB2, 0xE4, 0x48, 0x56, 0x86, 0x8F, 0x4A, 0xCB, 0x28, 0x62, 0x14, 0x81, 0xF0,
    0x6E, 0x8D, 0xC2, 0xE3, 0x51, 0x78, 0x7C, 0x4B, 0x78, 0x0F, 0xF3, 0x0E, 0x78, 0xFF, 0x02, 0x3B,
    0x57, 0x5A, 0xF6, 0x01, 0x98, 0x37, 0xC0, 0x7B, 0xEF, 0x5D, 0xDF, 0x92, 0xF0, 0x1E, 0xB4, 0xF0,
    0x02, 0xC2, 0x7B, 0x50, 0x04, 0x05, 0xA8, 0x37, 0x24, 0x25, 0xE7, 0x8B, 0x3F, 0x75, 0xBB, 0xFA,
    0xEE, 0xDD, 0x1E, 0x83, 0xA7, 0xE6, 0xD6, 0xF9, 0x4F, 0x97, 0xA4, 0x3C, 0x36, 0x4F, 0x9E, 0x4C,
    0x8D, 0x99, 0xBD, 0x68, 0x1F, 0xE5, 0xD4, 0xEA, 0x66, 0x03, 0xDA, 0x64, 0x05, 0x3E, 0xDD, 0x2E,
    0x76, 0xEF, 0x53, 0x07, 0xFF, 0xAC, 0xF7, 0xC0, 0xB8, 0x7B, 0x11, 0x5C, 0x0C, 0x48, 0x2E, 0x96,
    0x2C, 0x0E, 0xDF, 0x6E, 0x27, 0x0D, 0x91, 0x46, 0x98, 0xAF, 0x21, 0x13, 0xE4, 0x3E, 0x88, 0xDF,
    0x5C, 0x38, 0x5C, 0x04, 0xB3, 0xC3, 0x60, 0x7C, 0x4A, 0x41, 0xD5, 0x09, 0x1A, 0x29, 0x61, 0xD7,
    0xD0, 0xFA, 0xF7, 0xED, 0x66, 0x37, 0x0E, 0x8F, 0xCD, 0x6E, 0x0D, 0x05, 0xBE, 0x6E, 0xFF, 0xC1,
    0x1F, 0xFC, 0xC1, 0xC5, 0xFA, 0xC0, 0x98, 0x16, 0x04, 0xAE, 0x4F, 0xBF, 0x37, 0x0C, 0xC3, 0xBF,
    0x2C, 0xF1, 0x1F, 0x77, 0x97, 0xBE, 0x3B, 0xE7, 0xBF, 0x4D, 0x58, 0x6F, 0xBD, 0x5F, 0x2F, 0xBB,
    0x64, 0x43, 0x74, 0xE3, 0x4A, 0x23, 0x25, 0x9F, 0x79, 0xE6, 0x4E, 0xA3, 0x67, 0x55, 0x71, 0x11,
    0x93, 0xDC, 0x32, 0xBA, 0x2A, 0xFE, 0xAF, 0x41, 0xAA, 0xD8, 0x1D, 0xB4, 0x57, 0x80, 0x0C, 0x01,
    0x83, 0x4D, 0x56, 0x4E, 0x86, 0x87, 0x8A, 0xC5, 0x90, 0x92, 0x86, 0xC6, 0xDA, 0xC1, 0x50, 0x2C,
    0x1C, 0x6A, 0xFA, 0xF5, 0x80, 0xD2, 0x2E, 0x62, 0xF3, 0x2F, 0x3E, 0x97, 0xA7, 0x8F, 0x6F, 0xB2,
    0x30, 0x84, 0x7C, 0x7A, 0x7C, 0xB3, 0xC9, 0xC7, 0x73, 0x7D, 0x0A, 0xBE, 0x03, 0x5F, 0xE9, 0x5D,
    0xF1, 0x6D, 0xB0, 0x49, 0xDF, 0x56, 0x5A, 0xE2, 0xB4, 0x36, 0xE0, 0xAE, 0xC5, 0x24, 0x13, 0xE9,
    0xEE, 0x4D, 0xD2, 0xA1, 0x76, 0x21, 0x1F, 0x64, 0x2F, 0xDD, 0xCB, 0x82, 0xD5, 0x1F, 0xE0, 0xBB,
    0x5C, 0xE9, 0xC0, 0xF7, 0x9E, 0x0E, 0x7C, 0xAF, 0x75, 0xE0, 0xFB, 0x9A, 0x75, 0xA8, 0xC8, 0x83,
    0x07, 0xD0, 0xA2, 0x8A, 0xC9, 0xBE, 0x28, 0x9B, 0xFE, 0x05, 0x57, 0x20, 0x0D, 0x44, 0xD2, 0x26,
    0x2D, 0xBB, 0xB3, 0x3C, 0x1F, 0x7D, 0xBF, 0x09, 0x4F, 0x0B, 0x72, 0x51, 0x52, 0xC1, 0x28, 0x26,
    0xFC, 0x82, 0x72, 0xFC, 0x11, 0x21, 0x85, 0xBA, 0x57, 0x4C, 0x89, 0x06, 0x21, 0x4E, 0x41, 0xEC,
    0x8A, 0x5F, 0x7C, 0x4B, 0x82, 0xF0, 0x2C, 0xD8, 0x6A, 0x68, 0x43, 0x76, 0x82, 0x6B, 0x66, 0x83,
    0xF4, 0xA0, 0x93, 0x00, 0x42, 0x48, 0x95, 0x7B, 0x30, 0x19, 0x4E, 0x4C, 0x23, 0x8C, 0x06, 0x64,
    0x83, 0xE1, 0xD5, 0x17, 0xBA, 0xD7, 0x3A, 0x83, 0x26, 0xC1, 0xAE, 0x19, 0x14, 0x3A, 0xC3, 0x88,
    0x76, 0xC4, 0x26, 0x99, 0x88, 0x83, 0xF0, 0x3C, 0x91, 0xA9, 0x8D, 0xC0, 0x00, 0xDC, 0xD6, 0xCA,
    0x7A, 0xA2, 0xD0, 0x36, 0x04, 0xE2, 0x85, 0xDD, 0x5A, 0x06, 0x89, 0x33, 0x68, 0x34, 0xE8, 0x13,
    0x7C, 0x03, 0x02, 0x48, 0xB8, 0x56, 0x3E, 0x9F, 0x01, 0x94, 0x04, 0x4E, 0x71, 0xFA, 0x5F, 0xE0,
    0xF8, 0xA6, 0x4A, 0x8C, 0x98, 0x17, 0x40, 0x39, 0xA0, 0x7C, 0x12, 0xA4, 0xF5, 0x2A, 0xAD, 0xEF,
    0x29, 0x3F, 0x48, 0xF9, 0xF1, 0xB5, 0x28, 0x7F, 0xBE, 0x53, 0x3E, 0x7B, 0x56, 0xF9, 0xC1, 0xF4,
    0x8F, 0xA8, 0xF5, 0x70, 0x05, 0x08, 0x22, 0x5E, 0x45, 0x63, 0x68, 0x5D, 0x9A, 0x01, 0x95, 0xF2,
    0xF9, 0x83, 0xED, 0xF9, 0x9E, 0x9F, 0xE4, 0xF9, 0x08, 0x23, 0x54, 0x79, 0xF3, 0x3A, 0x6B, 0xD7,
    0x55, 0xA5, 0xB8, 0x85, 0x30, 0x0B, 0x80, 0x5E, 0xA0, 0xB9, 0x70, 0x68, 0x1F, 0x9A, 0x83, 0xE1,
    0x46, 0x70, 0x37, 0x69, 0x5D, 0x83, 0xC9, 0x1D, 0xB3, 0xC4, 0xB1, 0x31, 0xE1, 0x7C, 0xA8, 0x7D,
    0x7B, 0x30, 0xAB, 0x2C, 0x80, 0x91, 0xF2, 0x3C, 0x88, 0xDE, 0x3C, 0x08, 0x43, 0xD6, 0x45, 0xA5,
    0x65, 0x6F, 0x6D, 0xF7, 0x99, 0x5B, 0x8D, 0xA0, 0xE8, 0x8F, 0x51, 0x66, 0x01, 0x73, 0x3A, 0xCA,
    0x77, 0x2A, 0x46, 0xD7, 0xCB, 0x4E, 0x12, 0xE4, 0x8F, 0xBA, 0xD1, 0xB7, 0x0C, 0xD1, 0x88, 0x4A,
    0xCC, 0x61, 0x9E, 0x47, 0xE5, 0x91, 0x99, 0x2A, 0xFB, 0xA7, 0x83, 0xF6, 0x18, 0x5E, 0xF2, 0xE0,
    0xB5, 0xE2, 0x7C, 0x05, 0x68, 0xDF, 0xFE, 0x7F, 0x7C, 0x61, 0x42, 0x50, 0xE7, 0x4C, 0x41, 0x58,
    0x9D, 0x34, 0x2E, 0xA8, 0x84, 0xCF, 0x9D, 0x84, 0x30, 0x95, 0xF8, 0xC5, 0xCA, 0x09, 0xF5, 0x12,
    0x58, 0xCB, 0x17, 0xF8, 0xFC, 0x02, 0x9F, 0x6E, 0xE8, 0x5B, 0x29, 0x03, 0x03, 0x41, 0x09, 0x51,
    0x8D, 0x21, 0x1F, 0xB3, 0x55, 0x7C, 0x39, 0x17, 0x03, 0x8B, 0x8D, 0x1E, 0x2E, 0x86, 0xBE, 0x83,
    0xE3, 0xE1, 0xE2, 0x57, 0x36, 0xB1, 0x96, 0x84, 0xF2, 0x5B, 0x97, 0xC8, 0x57, 0xE1, 0x9F, 0xFA,
    0xA0, 0x7B, 0xA4, 0xE5, 0x14, 0x6F, 0xCF, 0xC3, 0x52, 0x46, 0xEF, 0x4C, 0x69, 0x98, 0x70, 0x9F,
    0xBC, 0x11, 0x9A, 0xD3, 0x72, 0x58, 0x7F, 0x96, 0xCB, 0xB1, 0x1D, 0xBB, 0xC5, 0x2B, 0x1C, 0xE2,
    0x97, 0xC8, 0x2B, 0x5B, 0x92, 0xC8, 0x7F, 0x78, 0x3A, 0x19, 0x83, 0xDC, 0xBE, 0xD0, 0xD8, 0x4D,
    0x31, 0x28, 0x79, 0x1D, 0xEB, 0xD0, 0x25, 0x68, 0xD0, 0x86, 0xC6, 0xEA, 0xDD, 0x4E, 0xCE, 0x3B,
    0xCA, 0x0B, 0x54, 0xA7, 0xE2, 0xCF, 0x19, 0xE8, 0xCD, 0xC1, 0x21, 0x51, 0xF5, 0x40, 0x61, 0x96,
    0xF4, 0x62, 0x46, 0x9D, 0x74, 0x41, 0x23, 0x8F, 0xFB, 0x2D, 0x94, 0x60, 0x28, 0xF8, 0x8A, 0xB6,
    0xE6, 0x6E, 0xDD, 0x31, 0xA1, 0x70, 0x6E, 0x1F, 0x56, 0x19, 0x6D, 0xF8, 0xA4, 0x1F, 0x80, 0x72,
    0x94, 0xC5, 0xD0, 0x4C, 0x74, 0xD4, 0xB3, 0x9A, 0x37, 0xE4, 0x6A, 0xD5, 0x91, 0xD0, 0x01, 0xB1,
    0xF9, 0x1A, 0xB3, 0x25, 0xD5, 0x94, 0xAD, 0x50, 0xAD, 0x80, 0xB5, 0xB0, 0x3A, 0xB2, 0x9A, 0x2C,
    0x85, 0xCA, 0xDD, 0x45, 0x2B, 0xA1, 0x9B, 0x0D, 0xF6, 0x5A, 0x49, 0x4E, 0xFE, 0x33, 0xCE, 0xCB,
    0xFF, 0x59, 0xD3, 0xB6, 0xFC, 0x55, 0xCD, 0xDA, 0xF6, 0xF3, 0x26, 0x30, 0xD9, 0x72, 0xD0, 0x93,
    0x37, 0x1F, 0xB1, 0xA8, 0x98, 0xE4, 0xAD, 0xBA, 0x73, 0xF4, 0x90, 0x04, 0x66, 0x5B, 0x3A, 0x9F,
    0x56, 0x61, 0x3E, 0x93, 0xA0, 0xD9, 0x54, 0xB9, 0x2B, 0xD1, 0xD9, 0x05, 0x80, 0xEF, 0xDA, 0x40,
    0x2B, 0x7E, 0x55, 0xB2, 0x8A, 0x3F, 0x9C, 0x24, 0x2B, 0x74, 0xAA, 0x83, 0xBB, 0x09, 0x57, 0x61,
    0xAD, 0x85, 0x8C, 0xD6, 0x85, 0x85, 0x0C, 0x35, 0x13, 0xD0, 0xB5, 0x75, 0x8B, 0x3B, 0x85, 0xB2,
    0x6C, 0x54, 0x86, 0xCE, 0x31, 0x73, 0x14, 0xEE, 0x5A, 0xE9, 0x43, 0xAF, 0x75, 0xFF, 0xF3, 0xFF,
    0xD7, 0x2F, 0x74, 0x6C, 0xA9, 0x56, 0x9A, 0x35, 0x13, 0x2E, 0x8E, 0x1A, 0xA4, 0x75, 0x70, 0x3C,
    0xB9, 0x28, 0x90, 0x99, 0x8C, 0xC2, 0x8C, 0x81, 0xC2, 0x41, 0xA5, 0x29, 0x5B, 0x94, 0xA6, 0xD5,
    0x24, 0xEC, 0x1B, 0x30, 0xFB, 0x33, 0xB9, 0x31, 0xFF, 0x27, 0xB9, 0xB5, 0xA0, 0x4A, 0x81, 0xBB,
    0x66, 0x7B, 0xB1, 0xD8, 0x16, 0x93, 0xF6, 0x1C, 0x6B, 0x54, 0x1D, 0x8B, 0x14, 0x08, 0x79, 0x06,
    0x5B, 0x21, 0x37, 0x57, 0x9F, 0xF1, 0x8A, 0xDB, 0xEA, 0xF8, 0xCE, 0x99, 0x75, 0xC8, 0x6D, 0x1E,
    0xAD, 0x77, 0x2C, 0x5C, 0x6D, 0x2A, 0x55, 0x4A, 0x13, 0x10, 0x8B, 0x36, 0x23, 0x5E, 0x33, 0x5A,
    0x8A, 0x6E, 0x34, 0x18, 0xA3, 0x88, 0xC1, 0xDA, 0x1B, 0x31, 0xFC, 0x28, 0x3B, 0x51, 0x50, 0xB3,
    0x70, 0x95, 0x65, 0x77, 0x0C, 0x57, 0xB1, 0x51, 0x95, 0x80, 0xA8, 0xC4, 0xC9, 0x4A, 0x04, 0xE7,
    0x6B, 0x86, 0x18, 0x66, 0xB3, 0x0C, 0xD3, 0xD4, 0x54, 0x14, 0xC5, 0x70, 0x9B, 0xD4, 0x81, 0xD1,
    0xFA, 0x2E, 0x46, 0x4B, 0xD1, 0xC7, 0x30, 0x2A, 0x65, 0xBB, 0xF5, 0x31, 0x94, 0x6A, 0x61, 0x70,
    0xCB, 0x36, 0x18, 0x77, 0x14, 0x4C, 0xBE, 0x98, 0x18, 0xA7, 0x4E, 0xC8, 0x3E, 0x6A, 0x11, 0x5A,
    0x85, 0x99, 0xFB, 0x51, 0x82, 0x48, 0x07, 0xA4, 0xB7, 0xE8, 0x12, 0xEE, 0x08, 0x31, 0x49, 0xE1,
    0x92, 0x77, 0xD3, 0xDD, 0xFC, 0xD5, 0x84, 0xBD, 0xAC, 0x6F, 0xBF, 0x3B, 0x62, 0xA7, 0x3B, 0xBD,
    0x2F, 0xE0, 0xE6, 0xBA, 0x3B, 0xAD, 0xC5, 0x00, 0x57, 0x0E, 0xF9, 0x0C, 0x97, 0x4D, 0xC5, 0x54,
    0x0E, 0x68, 0xE9, 0x05, 0x7C, 0x6E, 0x9B, 0xCA, 0xB9, 0x62, 0x4C, 0x97, 0xCD, 0xEA, 0x06, 0x7B,
    0x12, 0xF4, 0x90, 0x27, 0xFA, 0x09, 0x0E, 0x8B, 0xEA, 0xCE, 0x5A, 0x05, 0xFB, 0x23, 0x08, 0xA5,
    0x8C, 0x93, 0xC7, 0x8F, 0x38, 0x5C, 0x73, 0x6D, 0xEC, 0x17, 0x74, 0xAF, 0xBC, 0x7E, 0xAB, 0xA0,
    0xC4, 0x16, 0x84, 0x92, 0xAB, 0x2E, 0xE4, 0x04, 0x47, 0xF8, 0x55, 0x6E, 0xF1, 0x09, 0x57, 0x71,
    0xC1, 0xAA, 0x8B, 0x62, 0xB8, 0xB6, 0x29, 0x78, 0x12, 0x92, 0xDF, 0x31, 0x63, 0x14, 0x81, 0x79,
    0x27, 0x31, 0x71, 0xED, 0x95, 0xE9, 0xB2, 0x41, 0x0C, 0x8A, 0x13, 0x14, 0x35, 0x7A, 0x81, 0xCF,
    0x35, 0x53, 0x80, 0xBB, 0x9E, 0x94, 0xCE, 0xA5, 0x18, 0x8C, 0x97, 0x3C, 0xD9, 0x2E, 0x83, 0x25,
    0x18, 0x46, 0x89, 0xD4, 0x8A, 0x21, 0x35, 0xA2, 0xBC, 0x5B, 0x31, 0x58, 0x8D, 0x11, 0x03, 0x46,
    0x5B, 0x0A, 0x83, 0xCD, 0x19, 0x8C, 0x7F, 0xBE, 0x39, 0x8C, 0xC0, 0x9B, 0x25, 0xDB, 0xEF, 0xE1,
    0x77, 0x6D, 0xD9, 0x68, 0x67, 0x59, 0xC5, 0x57, 0xED, 0xEB, 0x98, 0xD4, 0x7E, 0x0F, 0xE4, 0xB4,
    0x82, 0xED, 0xD1, 0x3B, 0x1D, 0x69, 0xDA, 0xA0, 0x3A, 0x58, 0x46, 0x54, 0xAC, 0x6A, 0xB4, 0xBC,
    0xC2, 0x36, 0xE2, 0x39, 0xE2, 0x2A, 0x4C, 0x1C, 0x1B, 0xC3, 0x7D, 0x04, 0x1D, 0x2F, 0xCB, 0x03,
    0xD5, 0xC0, 0x7A, 0x67, 0xEC, 0x61, 0x73, 0x92, 0x6F, 0x93, 0x7A, 0xDF, 0x8C, 0xB1, 0xF8, 0x4C,
    0xE9, 0x1A, 0x36, 0xAD, 0x6B, 0x5A, 0xDD, 0xD5, 0x6D, 0x11, 0x4A, 0x31, 0x53, 0x64, 0x30, 0x76,
    0x7D, 0x0D, 0xA1, 0xBC, 0x5C, 0x87, 0xB2, 0x7C, 0x38, 0x94, 0x3C, 0x59, 0xEB, 0x49, 0x31, 0x05,
    0x4C, 0xAB, 0x27, 0x89, 0xC3, 0x75, 0x28, 0xD1, 0x6A, 0x7B, 0xED, 0xA1, 0x94, 0xE0, 0xF3, 0xEB,
    0x09, 0x65, 0x7D, 0xD5, 0x67, 0x4E, 0x02, 0xB5, 0x23, 0xD9, 0x26, 0x41, 0xBB, 0xA0, 0x45, 0x1A,
    0xA0, 0x6C, 0x91, 0xA4, 0x5B, 0xC9, 0x59, 0x01, 0xA2, 0x8B, 0x71, 0xF9, 0x05, 0xEF, 0x24, 0xFD,
    0xA8, 0xD4, 0x6C, 0x80, 0xD8, 0x37, 0xBE, 0xBB, 0x79, 0x3D, 0xDB, 0x80, 0xF3, 0x6B, 0xD8, 0x06,
    0xBC, 0xDE, 0x23, 0x0C, 0x39, 0x2C, 0x9B, 0x79, 0x46, 0x8E, 0x97, 0x46, 0xCF, 0x57, 0xE5, 0xF5,
    0x1E, 0x61, 0x2C, 0xC7, 0x11, 0x46, 0xF6, 0xEC, 0x11, 0x46, 0x8D, 0x23, 0x8E, 0x23, 0x8C, 0x42,
    0xED, 0x6E, 0x84, 0x52, 0x89, 0x57, 0x11, 0xEE, 0x13, 0x80, 0x4F, 0x1F, 0x19, 0x30, 0x7D, 0x10,
    0xAE, 0x4F, 0x9A, 0xFF, 0xAC, 0x1D, 0x58, 0xF9, 0x9F, 0xB0, 0x03, 0xA3, 0xE6, 0xD1, 0xA6, 0x53,
    0xE9, 0xE8, 0x58, 0xEA, 0xB0, 0xF0, 0x6F, 0x05, 0xAD, 0x8E, 0xDF, 0x5B, 0x79, 0x27, 0x59, 0x15,
    0xEF, 0x58, 0xDF, 0xA4, 0x69, 0x31, 0xC2, 0xC6, 0x7D, 0xAC, 0xAC, 0xA8, 0xA3, 0x6D, 0x9A, 0x91,
    0x8B, 0x56, 0x3E, 0x5B, 0xA3, 0x7D, 0x5B, 0x34, 0xE9, 0x26, 0x5A, 0x51, 0x1F, 0x8A, 0xEF, 0xC2,
    0x72, 0x15, 0x16, 0x97, 0x88, 0x93, 0x50, 0xB7, 0x7F, 0x98, 0xB5, 0x0D, 0x78, 0x4E, 0x36, 0xD9,
    0xF4, 0x4F, 0xBA, 0xAD, 0x0E, 0xE3, 0xFD, 0x56, 0x8C, 0x93, 0x9C, 0xC3, 0x5E, 0xA1, 0x6E, 0x95,
    0x3E, 0xAA, 0xD7, 0xAA, 0x7C, 0x0C, 0x75, 0x9C, 0x87, 0x94, 0xDB, 0x67, 0xCD, 0xA8, 0xD0, 0x77,
    0xD9, 0x9C, 0x84, 0x38, 0x17, 0x6A, 0xFF, 0x07, 0xA1, 0x28, 0x07, 0xB7, 0x95, 0xBF, 0xA1, 0x6A,
    0xC0, 0x7C, 0xAC, 0xFD, 0x09, 0xF0, 0x86, 0x70, 0x38, 0xD2, 0x64, 0x70, 0xE9, 0x31, 0x9E, 0x8B,
    0xC8, 0x25, 0xB5, 0x0D, 0x35, 0x6E, 0xBD, 0xE1, 0xAF, 0xC5, 0xAB, 0x54, 0xBC, 0xCE, 0xDD, 0x94,
    0x5D, 0xAC, 0x9C, 0x29, 0x83, 0xA3, 0x65, 0x7B, 0xB3, 0xBE, 0x39, 0xC4, 0xCA, 0x76, 0x89, 0x85,
    0x59, 0xED, 0xD1, 0x13, 0xBB, 0x4E, 0x13, 0x96, 0x25, 0x30, 0x7D, 0x8A, 0x03, 0x48, 0xBB, 0x49,
    0x30, 0xCB, 0x3B, 0xDC, 0x15, 0xF8, 0x6A, 0x60, 0xC3, 0xA0, 0x80, 0x4D, 0x78, 0x6A, 0x46, 0xB8,
    0xF1, 0x63, 0xEF, 0xE0, 0x96, 0x9E, 0xE4, 0xAF, 0x3D, 0x97, 0x84, 0xF6, 0x08, 0x50, 0x40, 0x3E,
    0x9E, 0xB9, 0x17, 0x98, 0x59, 0x58, 0x2F, 0xC2, 0xA0, 0xEB, 0xE9, 0x8A, 0xFA, 0x8C, 0x4F, 0xA4,
    0x90, 0x5B, 0x0F, 0x60, 0x8F, 0x64, 0xC3, 0x66, 0xC6, 0xC7, 0x66, 0x15, 0xD7, 0x11, 0x1F, 0x6B,
    0xF6, 0x6D, 0xCA, 0xD1, 0x2A, 0x6C, 0x04, 0x0D, 0xF5, 0xC9, 0x52, 0x02, 0xF9, 0xFC, 0xC5, 0xF9,
    0xFF, 0x74, 0x45, 0xE7, 0x43, 0x45, 0x3F, 0x18, 0xA1, 0x82, 0x29, 0x81, 0x91, 0xE9, 0x0E, 0xA6,
    0x89, 0x4C, 0x19, 0xD1, 0x3E, 0x42, 0xEE, 0xE9, 0xC3, 0xEA, 0x3E, 0xC1, 0x75, 0xCC, 0x62, 0xD2,
    0x7D, 0x45, 0x91, 0xEB, 0xA3, 0xAB, 0x34, 0xC2, 0xCC, 0x0F, 0x00, 0x5A, 0xE9, 0xE8, 0x0A, 0xAB,
    0x81, 0x22, 0x82, 0xD2, 0x05, 0x50, 0x5F, 0x9F, 0x84, 0x26, 0x67, 0x71, 0x0D, 0xC7, 0xDE, 0x6F,
    0xAF, 0xB1, 0xF3, 0x47, 0x5F, 0x79, 0x4E, 0xC5, 0xB1, 0xF5, 0x01, 0xE8, 0xC3, 0x0C, 0x04, 0xE0,
    0xD8, 0x52, 0xC4, 0x88, 0xC7, 0xF8, 0x3A, 0x2E, 0x8A, 0xB5, 0xEC, 0x70, 0x7E, 0x92, 0x15, 0xD2,
    0x5D, 0xBC, 0x34, 0x27, 0xA1, 0xA4, 0x3E, 0xBC, 0xAE, 0x63, 0x8A, 0xAE, 0xCB, 0x90, 0xE3, 0x80,
    0x4E, 0x7C, 0xBC, 0x5E, 0x8A, 0x3F, 0x0E, 0x91, 0xE3, 0x75, 0x85, 0x91, 0xEB, 0xF0, 0xCA, 0x01,
    0x5D, 0x87, 0xD7, 0xF5, 0x83, 0x77, 0x6C, 0x64, 0xB0, 0xAE, 0xCB, 0xEA, 0x4A, 0x3C, 0xB9, 0xA1,
    0xEB, 0x57, 0x59, 0x71, 0x16, 0x7F, 0x5C, 0x8F, 0x0B, 0xF1, 0x61, 0xDA, 0x71, 0x3D, 0x2E, 0xC9,
    0x98, 0x76, 0x9D, 0x24, 0x6A, 0x5F, 0xFA, 0x2B, 0x5E, 0xA8, 0x6C, 0x39, 0x32, 0xE0, 0xCE, 0x87,
    0xBD, 0x7C, 0x28, 0x5E, 0x3E, 0x94, 0xD0, 0xFB, 0x3E, 0x14, 0x2F, 0x1F, 0x3D, 0xE0, 0x43, 0x78,
    0x4D, 0x9C, 0xD7, 0xE9, 0x43, 0xF1, 0x9A, 0x50, 0xCF, 0xF1, 0x61, 0x75, 0xF8, 0x70, 0x78, 0xD8,
    0x87, 0xD5, 0x73, 0x7C, 0x78, 0xFB, 0x80, 0x0F, 0x6F, 0xDE, 0xB8, 0x0F, 0xEF, 0x3E, 0xF9, 0x15,
    0x5F, 0x5C, 0xF3, 0xDD, 0x15, 0xDF, 0x3C, 0xE5, 0x5F, 0xA4, 0xEE, 0x52, 0xFF, 0x80, 0x55, 0xFD,
    0xE8, 0x02, 0x28, 0xE5, 0x2B, 0xC1, 0xA3, 0x24, 0xC2, 0x02, 0x7C, 0xD4, 0x6B, 0x69, 0x02, 0x58,
    0x93, 0x9E, 0x77, 0x86, 0x7C, 0x77, 0x00, 0x5E, 0x37, 0xC0, 0x73, 0xCF, 0x90, 0x1F, 0x3E, 0x00,
    0x97, 0xA2, 0xDA, 0x0E, 0x1E, 0xB9, 0xE3, 0xDC, 0x31, 0xFD, 0xC4, 0x6A, 0xF6, 0x49, 0x3D, 0xB1,
    0x57, 0x05, 0xF7, 0x98, 0x7A, 0x62, 0x63, 0xD6, 0x5C, 0x57, 0x5B, 0xB1, 0xD1, 0xB2, 0xF2, 0x60,
    0x15, 0xE5, 0x2C, 0xB2, 0xCD, 0x61, 0x2C, 0xBA, 0xCB, 0x60, 0xB1, 0x32, 0x1A, 0x53, 0x64, 0xF8,
    0x48, 0x80, 0xA3, 0xF1, 0x98, 0x74, 0x38, 0x60, 0x3D, 0x8A, 0xB8, 0x58, 0x39, 0x22, 0xB2, 0x3C,
    0x8A, 0x7E, 0xD1, 0x21, 0xE8, 0x17, 0x9D, 0x82, 0x7E, 0x72, 0xCC, 0xD3, 0x24, 0x59, 0x58, 0x54,
    0xA2, 0x83, 0xD2, 0x3B, 0x27, 0x69, 0x81, 0x95, 0xA3, 0x80, 0x55, 0xB0, 0xBC, 0x67, 0x7D, 0x4B,
    0x22, 0xE8, 0xD2, 0xE9, 0xA1, 0xF0, 0x46, 0xC8, 0xDC, 0xCA, 0x57, 0x64, 0xF8, 0x16, 0x2D, 0xA5,
    0x77, 0xE0, 0x74, 0x0E, 0x60, 0x6D, 0x2C, 0x8F, 0x57, 0x04, 0xEF, 0x3D, 0xCA, 0x37, 0x86, 0x13,
    0x64, 0x90, 0xCE, 0xAF, 0x37, 0x19, 0x72, 0xB9, 0xF7, 0xA6, 0xC0, 0xCD, 0x0C, 0x4F, 0x80, 0x1E,
    0x47, 0x23, 0x1D, 0x2B, 0xCA, 0x3F, 0xA7, 0x69, 0x62, 0x68, 0x73, 0xE9, 0x0C, 0x56, 0x0F, 0xC7,
    0xF6, 0xF3, 0xB1, 0xEA, 0xDF, 0xF7, 0xC7, 0x18, 0x3F, 0x0B, 0xA5, 0xE2, 0x55, 0xE1, 0xA7, 0x03,
    0xF8, 0x5C, 0xBF, 0x50, 0x64, 0xDC, 0xEB, 0xD5, 0x61, 0x87, 0xB0, 0xE0, 0x7F, 0xB8, 0x5A, 0x80,
    0x16, 0xDD, 0xE9, 0xAF, 0x68, 0xB8, 0xE0, 0xDE, 0xAC, 0x3C, 0xD7, 0xA6, 0x9C, 0xC0, 0xB3, 0x43,
    0xE5, 0x1C, 0x54, 0x9E, 0x7F, 0xD1, 0x0D, 0x90, 0xF7, 0x13, 0xA4, 0x2B, 0x02, 0x25, 0x86, 0xC8,
    0xFD, 0xFD, 0x9F, 0xBB, 0x59, 0xB0, 0x76, 0x02, 0xFA, 0x0E, 0x36, 0x5B, 0x90, 0x32, 0x10, 0x91,
    0x72, 0x52, 0x47, 0x79, 0x3A, 0xF6, 0x98, 0xBC, 0xBC, 0x91, 0x72, 0x19, 0xAC, 0x7A, 0xD6, 0x14,
    0x36, 0x59, 0xC5, 0xE2, 0xA7, 0x8B, 0x58, 0x22, 0x35, 0x47, 0xB6, 0x10, 0x4B, 0xBE, 0x15, 0xC3,
    0x71, 0xE2, 0xEA, 0x6C, 0x06, 0xEB, 0xE8, 0xF6, 0xDF, 0xB1, 0x55, 0x23, 0xB6, 0x6A, 0xFC, 0x4F,
    0xF7, 0x72, 0x38, 0x15, 0x67, 0xC7, 0x06, 0x7B, 0x5A, 0xD5, 0x8A, 0x79, 0x00, 0x92, 0x3D, 0x36,
    0x57, 0x67, 0x19, 0xD0, 0x0E, 0x3A, 0x75, 0x62, 0xA3, 0xA7, 0x06, 0xA9, 0x50, 0x3C, 0x7B, 0x27,
    0x27, 0x39, 0x09, 0x15, 0xAD, 0xC4, 0x51, 0x7C, 0x7E, 0xEC, 0x78, 0xF5, 0x24, 0x54, 0x56, 0xFB,
    0xB8, 0x4D, 0xAC, 0x8C, 0x4A, 0xCE, 0x5C, 0x3B, 0x9C, 0x63, 0x9E, 0x0A, 0x67, 0x02, 0x17, 0x91,
    0x23, 0x1B, 0x70, 0x8C, 0xC5, 0x3C, 0xBE, 0x08, 0xC9, 0x62, 0xB1, 0x4C, 0x84, 0xB4, 0xA8, 0xC2,
    0x64, 0x23, 0x0F, 0x19, 0x0C, 0x4B, 0xEF, 0x32, 0x95, 0x81, 0x40, 0x48, 0x0B, 0xAA, 0x07, 0x3E,
    0x0E, 0xCE, 0x3E, 0x1C, 0xD9, 0x9B, 0xFF, 0x84, 0x8C, 0x95, 0x88, 0x0E, 0xAC, 0x57, 0x8E, 0x32,
    0x2B, 0x5F, 0x40, 0x16, 0x9C, 0xF0, 0x4A, 0x9C, 0x71, 0x6E, 0x15, 0x16, 0xEC, 0x96, 0x4C, 0x0C,
    0x66, 0x90, 0x37, 0xAB, 0x3F, 0xE4, 0xCC, 0xD1, 0x56, 0x44, 0xAE, 0x56, 0x73, 0xD3, 0x23, 0x62,
    0x7D, 0xA3, 0x5C, 0xAB, 0x7C, 0xD4, 0xBF, 0x0B, 0xA1, 0xA9, 0xC2, 0x1F, 0x87, 0x2E, 0xDB, 0x70,
    0xB4, 0x5E, 0xB3, 0xF0, 0xFE, 0x44, 0xC6, 0x26, 0xFD, 0x44, 0xC6, 0x0D, 0x76, 0x22, 0xD3, 0x8A,
    0x4D, 0x47, 0xE8, 0x28, 0x8A, 0xD3, 0xDA, 0xC9, 0xD2, 0x7F, 0x73, 0x41, 0xB8, 0xC0, 0x8A, 0xD5,
    0xDA, 0x8E, 0x0A, 0x3C, 0x54, 0x4C, 0xD7, 0xBA, 0x81, 0xB0, 0x46, 0x38, 0x29, 0x21, 0x55, 0xE3,
    0xA4, 0x66, 0x06, 0xB8, 0x63, 0xC6, 0x8C, 0xB8, 0xE9, 0xEC, 0x9C, 0xA0, 0x2E, 0x06, 0xB7, 0x37,
    0xA9, 0xCA, 0x0C, 0x57, 0x48, 0x13, 0xB2, 0x62, 0x86, 0x4C, 0xD6, 0x62, 0x85, 0xC7, 0x8E, 0x40,
    0x07, 0x8C, 0x0E, 0x18, 0x55, 0x8C, 0x89, 0x67, 0xF4, 0xE8, 0x96, 0xE5, 0xA3, 0x5B, 0x56, 0x0E,
    0x44, 0xB7, 0xE9, 0xA9, 0x20, 0xCE, 0xBC, 0x62, 0x0C, 0x35, 0x43, 0x26, 0xC8, 0xC8, 0xA0, 0xB8,
    0x3F, 0xBF, 0x23, 0x5A, 0x22, 0x65, 0x91, 0xD2, 0x7D, 0x15, 0x51, 0x56, 0x68, 0x11, 0x6D, 0xE3,
    0xEB, 0x5D, 0xB9, 0x5E, 0xA9, 0xD4, 0x41, 0xE3, 0x31, 0x00, 0xCF, 0x5B, 0xCD, 0x63, 0x71, 0xED,
    0xBD, 0x89, 0x2F, 0x22, 0xF0, 0xB6, 0x56, 0xDC, 0xF5, 0xA8, 0xC5, 0x39, 0xCA, 0xBA, 0x6F, 0x74,
    0x32, 0xE9, 0xD1, 0x96, 0x8D, 0x65, 0x60, 0xCC, 0x2A, 0x40, 0xEB, 0x00, 0x7D, 0x84, 0xA0, 0x86,
    0xD7, 0x62, 0xA5, 0xBD, 0x3D, 0xBE, 0xAA, 0xE7, 0xE6, 0xF7, 0x73, 0xFA, 0x26, 0x8A, 0x57, 0x87,
    0x5E, 0x1E, 0xE4, 0x25, 0x5D, 0x92, 0xD5, 0x53, 0x71, 0xF5, 0x54, 0x5D, 0x6B, 0xF3, 0xAF, 0x07,
    0xBE, 0xF5, 0x6F, 0xEF, 0xD7, 0xB0, 0x8B, 0x6F, 0x6F, 0xD6, 0xB1, 0x6F, 0x73, 0x09, 0x03, 0x9B,
    0xA2, 0x84, 0xD9, 0xD1, 0xCE, 0x45, 0x48, 0x69, 0x94, 0xD6, 0x22, 0x64, 0xE0, 0x5E, 0xEC, 0x59,
    0x20, 0xEB, 0x1A, 0xED, 0x28, 0xCB, 0xE1, 0x36, 0xC7, 0xE0, 0x7C, 0x5E, 0x3D, 0xAA, 0x4C, 0x49,
    0x6D, 0x67, 0xD0, 0xF3, 0x78, 0x7B, 0x3E, 0x93, 0xEA, 0x55, 0xF8, 0xA2, 0x19, 0x3B, 0x8B, 0x15,
    0xBB, 0xF2, 0xD1, 0x0B, 0xC6, 0x85, 0xE0, 0xBB, 0x65, 0x8B, 0x7D, 0x7C, 0x65, 0xD8, 0xFE, 0x49,
    0xF5, 0xD9, 0xB5, 0xB5, 0x7D, 0xAD, 0xD7, 0x93, 0x63, 0x7B, 0xC9, 0x27, 0xB0, 0xEA, 0xC8, 0xE5,
    0xD8, 0xA0, 0x6D, 0xFE, 0xC0, 0x39, 0xF5, 0x55, 0x2D, 0x69, 0x30, 0xF7, 0x44, 0x39, 0x9B, 0x5C,
    0xDC, 0xE4, 0xB8, 0xC4, 0xC5, 0x64, 0x7D, 0x93, 0x63, 0xED, 0x39, 0xEC, 0x76, 0x4E, 0xEC, 0xD2,
    0x4F, 0x6E, 0x4B, 0xED, 0xA9, 0x3E, 0xD5, 0x8B, 0x55, 0x53, 0xEB, 0xB9, 0x3D, 0xF2, 0x1A, 0xC0,
    0xEB, 0x50, 0x0A, 0x29, 0xC2, 0x90, 0x4D, 0xD5, 0x8F, 0x75, 0xF9, 0xD4, 0x57, 0x4D, 0xFE, 0x2E,
    0x7F, 0xB4, 0xF8, 0xCD, 0xD9, 0xC9, 0x1F, 0x8E, 0xAD, 0x8F, 0xDA, 0xDC, 0x58, 0xB9, 0xBB, 0x8B,
    0x2A, 0xCE, 0xD3, 0xEB, 0xD9, 0xF6, 0x6F, 0xAF, 0x07, 0x0B, 0x53, 0xED, 0x1E, 0x1A, 0xED, 0x13,
    0x2C, 0x1D, 0xAC, 0xA2, 0xD1, 0x29, 0xFD, 0x66, 0xCB, 0xF1, 0x4D, 0xE2, 0xCA, 0xDE, 0xFB, 0xFC,
    0x97, 0x08, 0xF7, 0xC7, 0xDD, 0xB6, 0x34, 0xFC, 0xB2, 0xFB, 0x28, 0x0D, 0xEF, 0x08, 0x3B, 0xF9,
    0xD2, 0x23, 0x4D, 0x3B, 0xC4, 0x62, 0x86, 0xD6, 0xC3, 0x91, 0x9F, 0xC7, 0x2B, 0xAD, 0x3F, 0x82,
    0x06, 0x23, 0x7C, 0x6B, 0x6C, 0xF9, 0x6E, 0xF0, 0xA4, 0x3D, 0x7A, 0x5F, 0xBF, 0x71, 0xA8, 0x5B,
    0xBF, 0x71, 0xA8, 0x98, 0x1F, 0x43, 0x1E, 0xBB, 0x29, 0x68, 0x6C, 0xA9, 0x78, 0xEC, 0xB1, 0x1E,
    0xD6, 0x7B, 0x55, 0xBD, 0x4F, 0x25, 0x67, 0x4F, 0xB3, 0x36, 0x1C, 0xDA, 0x6A, 0xA8, 0xE9, 0x85,
    0xAA, 0xCA, 0x17, 0x9D, 0xC7, 0xF8, 0xE3, 0x6A, 0xCA, 0x7E, 0xBB, 0x5B, 0xB1, 0xE3, 0x94, 0x22,
    0x58, 0x39, 0xC1, 0xA7, 0x81, 0x35, 0x71, 0x4F, 0xD1, 0xB3, 0xDF, 0x52, 0x2A, 0xB5, 0x2B, 0x5B,
    0xB9, 0xDB, 0xF4, 0xB2, 0xAF, 0x0C, 0x6E, 0x4A, 0xDF, 0xB4, 0x3D, 0x16, 0xFD, 0xF2, 0xD6, 0x72,
    0x1E, 0xF2, 0x57, 0xCB, 0xD9, 0x53, 0x37, 0x0F, 0x93, 0xDB, 0xE0, 0x8F, 0x74, 0xBC, 0x3E, 0x3C,
    0xED, 0x06, 0x98, 0x27, 0x3C, 0x13, 0x8C, 0x2F, 0x3A, 0x9D, 0x2E, 0x58, 0xE6, 0xDF, 0xAE, 0x77,
    0xF0, 0xAF, 0x96, 0xF9, 0x2E, 0x25, 0xD7, 0x17, 0x68, 0xB8, 0xF8, 0x08, 0x65, 0xA0, 0xAA, 0xE8,
    0x3D, 0xFA, 0x35, 0x65, 0xA4, 0x96, 0xE2, 0xEA, 0x8F, 0x42, 0x95, 0xD4, 0xAB, 0xA5, 0x50, 0x52,
    0x37, 0x59, 0xA0, 0x27, 0x8A, 0x0C, 0x82, 0xDC, 0xA0, 0x9E, 0x31, 0x11, 0xE1, 0xBC, 0xBD, 0xC0,
    0x5C, 0xAA, 0x03, 0xE7, 0x73, 0x08, 0xF5, 0x48, 0x0E, 0xC5, 0x64, 0x9C, 0xEE, 0xFB, 0x63, 0x35,
    0x95, 0x14, 0x32, 0xBD, 0x0C, 0xB9, 0xC5, 0x6B, 0x4E, 0x8A, 0xE1, 0x4C, 0x9F, 0xD2, 0x32, 0x33,
    0xEB, 0xD1, 0x9F, 0x29, 0x9F, 0x9E, 0x5D, 0xF6, 0x4F, 0xB4, 0xDC, 0xA3, 0x3A, 0x8B, 0x3F, 0x54,
    0xAA, 0x6F, 0x4C, 0xCD, 0xFB, 0xAA, 0xDF, 0xE8, 0x75, 0x2A, 0x5E, 0xF0, 0x1B, 0xD2, 0x6B, 0xD5,
    0xE7, 0x57, 0x53, 0xBD, 0x9C, 0x4B, 0xC6, 0x5C, 0xF0, 0x5B, 0x8D, 0x14, 0x3B, 0xF9, 0x85, 0x0B,
    0xA7, 0xDB, 0xE9, 0xC2, 0xDF, 0xC9, 0x29, 0xA3, 0x44, 0x8A, 0x33, 0x38, 0x08, 0xF5, 0x55, 0x4D,
    0x3B, 0x64, 0x9D, 0xFB, 0x40, 0xAB, 0xC1, 0x83, 0x9D, 0x04, 0xA3, 0x38, 0x6C, 0x4E, 0x7B, 0x9C,
    0x58, 0x97, 0x7B, 0xE3, 0xF4, 0xAA, 0xE9, 0xB9, 0xB9, 0xDA, 0x10, 0xAF, 0x4F, 0xE9, 0xC7, 0xD0,
    0xFA, 0xC5, 0x73, 0xAB, 0x16, 0x8A, 0x5B, 0xA7, 0xBB, 0x83, 0x8E, 0x60, 0xB8, 0xB5, 0x61, 0x7D,
    0x69, 0x4A, 0xA6, 0x24, 0x43, 0x8A, 0xBC, 0x7C, 0x8C, 0x27, 0x72, 0x8E, 0xA2, 0x7E, 0xDE, 0xDD,
    0x4A, 0xF9, 0xC0, 0xA6, 0x9C, 0x72, 0x6D, 0xFD, 0xF1, 0x96, 0xBF, 0x80, 0x94, 0x3A, 0x97, 0xDC,
    0x4E, 0x4E, 0x56, 0x3F, 0x93, 0x74, 0x32, 0x5D, 0x95, 0x7C, 0x0A, 0x33, 0xE6, 0x89, 0x60, 0xB7,
    0x96, 0x7D, 0xB5, 0xF4, 0x1E, 0x6B, 0x22, 0xE4, 0x04, 0x2E, 0x0B, 0xBC, 0xB9, 0x76, 0x29, 0xC3,
    0xE9, 0x00, 0x26, 0x13, 0x07, 0x64, 0x47, 0x9F, 0x4A, 0x28, 0x7A, 0x0D, 0xB6, 0x02, 0x4C, 0x25,
    0xF2, 0x36, 0x9D, 0x81, 0x25, 0x9E, 0x05, 0xC5, 0x77, 0x57, 0xDC, 0xEF, 0x20, 0x7F, 0x9D, 0xB9,
    0x5F, 0x2B, 0x24, 0x16, 0xCF, 0x82, 0x51, 0x30, 0x08, 0x9A, 0x2B, 0xCF, 0xCA, 0x9D, 0x5F, 0xE3,
    0xFA, 0xC3, 0x17, 0x13, 0x10, 0xFA, 0x0E, 0xE8, 0x77, 0x28, 0x7D, 0xA5, 0x3E, 0xC9, 0x4B, 0xD0,
    0x62, 0x35, 0xE8, 0x06, 0xFD, 0x88, 0x4D, 0x43, 0xDC, 0xA7, 0xF8, 0x05, 0x75, 0xA1, 0x5F, 0xBF,
    0x6B, 0x77, 0xA2, 0x49, 0xC3, 0x4A, 0xF2, 0x79, 0x7F, 0xD2, 0x77, 0x99, 0x57, 0xF3, 0x72, 0x28,
    0xC6, 0x7C, 0x2C, 0xC6, 0xB2, 0x2B, 0x06, 0x12, 0x5F, 0xB4, 0x1C, 0xB2, 0xF1, 0x91, 0xA7, 0x3A,
    0xA7, 0x82, 0x55, 0x53, 0x0C, 0xBC, 0xEF, 0xE0, 0x2D, 0x7A, 0x4D, 0x0B, 0x32, 0xB6, 0xA7, 0xD5,
    0x8A, 0xBD, 0xEF, 0x2F, 0xEE, 0x4A, 0x25, 0x7F, 0x78, 0xA2, 0xE6, 0xE9, 0x41, 0xE1, 0x32, 0x0B,
    0xAF, 0x71, 0x27, 0x76, 0x07, 0x68, 0x02, 0xA5, 0xFB, 0x2B, 0xC3, 0x05, 0x1A, 0x66, 0x0F, 0x01,
    0x2B, 0x47, 0x36, 0xE7, 0xAC, 0x4B, 0x5A, 0xBD, 0xB6, 0xDE, 0x78, 0x6C, 0x7D, 0xEA, 0xC8, 0x6A,
    0x84, 0xB6, 0x93, 0x31, 0x04, 0x43, 0x67, 0xFF, 0xCA, 0xD5, 0x72, 0xC4, 0x53, 0x6D, 0xD3, 0x3A,
    0xF1, 0xFA, 0xCB, 0x9C, 0xF9, 0x95, 0xC0, 0x9C, 0x79, 0xA7, 0xF3, 0x0F, 0x16, 0x15, 0xB5, 0xAD,
    0xAF, 0x77, 0x66, 0xE6, 0x4F, 0x67, 0x66, 0x40, 0x8A, 0x53, 0xA4, 0xC0, 0xF3, 0xF9, 0x74, 0x08,
    0x6B, 0x3F, 0x35, 0xF9, 0x8A, 0xBE, 0x9F, 0x55, 0xAB, 0x7B, 0xAB, 0x76, 0xB2, 0xC3, 0x6D, 0x3E,
    0x54, 0xD5, 0x9D, 0x9C, 0x34, 0x74, 0xF2, 0x96, 0x46, 0xD2, 0x32, 0xFA, 0x19, 0xE7, 0x6C, 0x71,
    0x75, 0x28, 0x9F, 0xAC, 0x98, 0x0A, 0xD1, 0x0E, 0x50, 0x1E, 0x77, 0xE2, 0xBE, 0x77, 0x93, 0xFA,
    0xD9, 0xCD, 0x71, 0xF4, 0x99, 0x01, 0x76, 0xBD, 0x23, 0x53, 0x2E, 0x9B, 0x64, 0x14, 0xCD, 0x0B,
    0xA8, 0xF6, 0x05, 0x24, 0x20, 0x37, 0xE0, 0x8C, 0xA1, 0x65, 0x07, 0x6E, 0x7A, 0x82, 0x9E, 0xB3,
    0xC9, 0x85, 0xA6, 0x57, 0xF5, 0x3C, 0x81, 0x52, 0x37, 0x20, 0x46, 0xA3, 0x5A, 0x1F, 0x11, 0x4A,
    0xCB, 0xFA, 0x5F, 0xA0, 0x47, 0xF5, 0x46, 0xF4, 0x30, 0xB9, 0xFC, 0x1E, 0x2E, 0x11, 0x2F, 0x11,
    0x5F, 0xA2, 0xA6, 0x0C, 0x22, 0x25, 0x75, 0xA6, 0x42, 0x74, 0x85, 0xDC, 0x47, 0x2A, 0x18, 0xE1,
    0x6F, 0x8C, 0xCB, 0x23, 0xE4, 0xC2, 0x74, 0x58, 0x78, 0x73, 0x43, 0xB4, 0x9C, 0xC4, 0x68, 0xE5,
    0x73, 0x4E, 0x7F, 0x5A, 0x38, 0x61, 0x94, 0x3F, 0xB7, 0x54, 0xCB, 0x09, 0x68, 0x27, 0xD0, 0x15,
    0x3B, 0xA9, 0x07, 0x78, 0x7A, 0x90, 0x54, 0x76, 0x42, 0x7E, 0xAB, 0xC3, 0x77, 0x53, 0x08, 0xB0,
    0x86, 0xDF, 0xB0, 0x66, 0x70, 0xC4, 0x09, 0x83, 0x0E, 0x81, 0x58, 0x72, 0x84, 0x3A, 0x28, 0x2A,
    0x07, 0x1D, 0x12, 0xB5, 0x8D, 0x76, 0x45, 0x7B, 0xA2, 0x8D, 0xFE, 0x02, 0xB2, 0x92, 0x9D, 0xC2,
    0x70, 0x55, 0xE5, 0xD0, 0x40, 0xA2, 0x90, 0x23, 0xC1, 0x48, 0x95, 0x48, 0x43, 0x1E, 0xC2, 0xD4,
    0x95, 0x43, 0x86, 0x04, 0x82, 0x80, 0x06, 0x17, 0x1B, 0x43, 0x1B, 0xE3, 0xC6, 0xD2, 0xDE, 0xC6,
    0xD2, 0x8E, 0x07, 0xFA, 0x2E, 0x65, 0xEB, 0x90, 0xE9, 0xF5, 0x09, 0x04, 0x87, 0x5E, 0x91, 0x43,
    0xB2, 0x7D, 0x82, 0x9B, 0x44, 0x5E, 0x2D, 0xAC, 0x33, 0x13, 0x17, 0x1B, 0x35, 0xB3, 0xA9, 0xDF,
    0x55, 0xED, 0x8D, 0x03, 0xE7, 0xE1, 0x9E, 0x34, 0x7E, 0x09, 0x27, 0xB3, 0xBA, 0x5A, 0x4D, 0xF5,
    0xDD, 0xAD, 0x4E, 0x30, 0xD5, 0x6A, 0x65, 0x0D, 0x6D, 0x13, 0x57, 0x02, 0xB1, 0xB2, 0x00, 0xBC,
    0x6C, 0xAB, 0x32, 0x65, 0xCD, 0x98, 0x9B, 0xC9, 0x92, 0xCD, 0x96, 0x79, 0xB1, 0x4E, 0xD9, 0xB3,
    0x78, 0x2D, 0xD0, 0xEE, 0x62, 0xE0, 0x0C, 0xDE, 0x0D, 0xA1, 0x6F, 0x8D, 0x96, 0x67, 0x01, 0x5A,
    0x61, 0x9E, 0xD1, 0x67, 0x93, 0x85, 0x1A, 0x29, 0x1F, 0xA1, 0x98, 0xB5, 0x43, 0x75, 0x3B, 0x77,
    0x72, 0x96, 0x81, 0xF6, 0xDA, 0x2D, 0x59, 0xD9, 0xD4, 0x46, 0x03, 0xE5, 0xF4, 0xE6, 0x71, 0xC1,
    0x96, 0xEF, 0x52, 0x92, 0x2F, 0x63, 0x85, 0x9A, 0xEF, 0xE3, 0xB3, 0xBE, 0x7C, 0xC7, 0x6A, 0xF5,
    0xB7, 0x2C, 0xF6, 0xB6, 0x64, 0xB6, 0xAB, 0xCF, 0xF5, 0x56, 0x20, 0x7B, 0x2F, 0x5B, 0x81, 0xF3,
    0x0F, 0xFE, 0xE0, 0x77, 0x3F, 0xBB, 0x15, 0xC8, 0xAF, 0xB7, 0x02, 0xF7, 0x17, 0xDB, 0x6C, 0x3D,
    0x16, 0x5B, 0xFE, 0x4F, 0x03, 0x85, 0xBA, 0x45, 0xD7, 0x18, 0xEA, 0xFD, 0xDE, 0x62, 0xBB, 0x3C,
    0xB8, 0xD8, 0xDA, 0x07, 0x25, 0xEB, 0x69, 0xF5, 0xDF, 0x5F, 0xD2, 0x9A, 0xD5, 0xCE, 0xFD, 0x9C,
    0xCE, 0xD9, 0x9C, 0x4D, 0xBE, 0x4A, 0x0C, 0xFC, 0x57, 0x76, 0x55, 0xC3, 0x4A, 0x50, 0x7F, 0x7B,
    0x7D, 0xA9, 0xE6, 0xC4, 0x12, 0x7B, 0xA9, 0xF8, 0xD5, 0xB9, 0xFC, 0xD5, 0xB9, 0xF8, 0xCC, 0xC9,
    0x8E, 0x4F, 0x39, 0x5B, 0xED, 0x02, 0x56, 0x75, 0x7B, 0x14, 0x53, 0x4E, 0x24, 0x88, 0x0B, 0x1E,
    0x56, 0xF3, 0xE1, 0x7F, 0xA5, 0xFF, 0xFD, 0x35, 0xEF, 0xCB, 0xD8, 0x99, 0x37, 0x7A, 0xF4, 0xA4,
    0x75, 0x32, 0x55, 0x73, 0x13, 0x9E, 0x85, 0x86, 0x4C, 0x7A, 0xE0, 0xC0, 0x0A, 0xCD, 0xFF, 0x57,
    0xFD, 0x6F, 0xA1, 0x7C, 0x7E, 0x1A, 0xCD, 0xE6, 0xF7, 0xDC, 0xCE, 0x6A, 0x38, 0x91, 0x37, 0xB8,
    0x9D, 0xFD, 0x77, 0xAD, 0x92, 0x81, 0x86, 0x25, 0x47, 0x18, 0x85, 0xBF, 0xEE, 0x9E, 0x4D, 0xB1,
    0x1D, 0x2A, 0x00, 0x36, 0xC9, 0x16, 0xC0, 0x18, 0x4C, 0x2F, 0x82, 0xC5, 0xDC, 0x5B, 0x15, 0xC1,
    0x22, 0xB0, 0xCF, 0x11, 0x00, 0x8B, 0xE0, 0x5E, 0x53, 0x00, 0x04, 0xC9, 0x23, 0x04, 0x41, 0xDC,
    0x10, 0x00, 0x83, 0x49, 0xBA, 0x64, 0x5E, 0xA0, 0xE7, 0x0D, 0x6A, 0xC9, 0x03, 0x54, 0x92, 0x46,
    0x8B, 0x9E, 0xFB, 0xA7, 0xFB, 0x9F, 0x18, 0x9B, 0x84, 0x2C, 0x6C, 0xF5, 0xF9, 0x39, 0xFD, 0x9F,
    0x73, 0x7E, 0x70, 0x3A, 0x39, 0x7A, 0x39, 0x5E, 0xCA, 0xF1, 0x81, 0x3C, 0x39, 0x1C, 0x0E, 0x9D,
    0xAC, 0x7F, 0x72, 0xF7, 0x26, 0x3F, 0x3B, 0xDC, 0xBF, 0x78, 0x29, 0xF7, 0x2F, 0x3D, 0x10, 0x95,
    0xD6, 0xF7, 0xBD, 0x97, 0xBF, 0xDF, 0xF4, 0xC0, 0xC6, 0x8D, 0x49, 0xEF, 0x16, 0x50, 0xC7, 0x36,
    0x76, 0x6C, 0xE9, 0x83, 0x44, 0x61, 0x8F, 0x8D, 0x3E, 0xAD, 0x9F, 0x0D, 0x8E, 0x1D, 0xCF, 0x00,
    0x33, 0xB8, 0xD2, 0x15, 0x97, 0xDB, 0x65, 0x77, 0xCE, 0x29, 0xF0, 0xDF, 0x94, 0xAE, 0x4E, 0xDB,
    0x78, 0xD5, 0xD5, 0x65, 0xDB, 0xE4, 0xFE, 0xF3, 0x51, 0xBE, 0x9E, 0xC4, 0x96, 0xBD, 0x19, 0x6C,
    0x9C, 0xFC, 0xCD, 0x7C, 0x0F, 0x1B, 0x46, 0x57, 0x95, 0x9D, 0x49, 0xCF, 0x1A, 0xF4, 0xF2, 0xDE,
    0xFD, 0x26, 0xDD, 0xEF, 0xE2, 0x5E, 0x1F, 0xDB, 0x74, 0xBD, 0xA8, 0xE7, 0x75, 0x3E, 0xAD, 0x23,
    0xFC, 0xDF, 0x41, 0x1E, 0x81, 0x55, 0x38, 0x38, 0x87, 0x0D, 0x8F, 0xE5, 0x3B, 0x27, 0x63, 0x27,
    0x85, 0x2B, 0x18, 0x15, 0x85, 0xAA, 0x50, 0xE7, 0x15, 0xCD, 0x40, 0x93, 0x30, 0x89, 0x36, 0xAE,
    0xB0, 0x41, 0xA3, 0x0F, 0x69, 0xB8, 0x50, 0xC0, 0x4B, 0xA0, 0xE8, 0xAC, 0xE1, 0x35, 0xBA, 0x66,
    0xF9, 0xE1, 0xCF, 0x50, 0x89, 0x84, 0x5A, 0x84, 0x35, 0xAF, 0x63, 0x03, 0x58, 0xC0, 0xE9, 0xE8,
    0x21, 0x36, 0xE8, 0x1D, 0x9D, 0x1D, 0x70, 0x05, 0x67, 0xC7, 0x6F, 0xB9, 0x94, 0x4C, 0x2F, 0xC3,
    0x3F, 0x4E, 0xEA, 0x24, 0xA8, 0x02, 0xF0, 0x01, 0x8D, 0x04, 0x27, 0xC9, 0x4B, 0xEE, 0x25, 0xCB,
    0x8A, 0x41, 0x2B, 0x41, 0x37, 0xAB, 0x03, 0x9A, 0x80, 0xC9, 0xB4, 0x33, 0xAD, 0x04, 0x2B, 0xD9,
    0xCA, 0xE4, 0x64, 0x70, 0x47, 0xBA, 0x82, 0x0F, 0x3C, 0x07, 0xE0, 0x11, 0x3E, 0xF6, 0xA9, 0x8F,
    0xDB, 0x37, 0xD9, 0x9A, 0x7F, 0xE9, 0xA3, 0xCD, 0xCD, 0xD4, 0xA7, 0xAE, 0xB4, 0x73, 0x1F, 0xBB,
    0xDC, 0x4E, 0x5B, 0x6C, 0x6C, 0xB2, 0xFA, 0x62, 0x1F, 0xF6, 0xF0, 0xE1, 0x11, 0xCE, 0x00, 0x44,
    0x12, 0x3D, 0xD0, 0x88, 0x14, 0xEE, 0x00, 0x9B, 0x4D, 0xA9, 0x27, 0xC0, 0xC5, 0x7A, 0x6C, 0x0A,
    0xE0, 0xA9, 0x46, 0x9B, 0x81, 0x2D, 0x75, 0x71, 0x49, 0x49, 0x53, 0x7C, 0x50, 0xA9, 0x1D, 0x7A,
    0x56, 0x92, 0x2E, 0xD3, 0x0C, 0xE0, 0x44, 0x34, 0x4D, 0x2B, 0x93, 0x29, 0x00, 0xFC, 0x18, 0xED,
    0x00, 0xA8, 0x9A, 0x9E, 0xFC, 0x8A, 0xFA, 0x3F, 0x15, 0x51, 0xD2, 0x1B, 0x91, 0x04, 0x30, 0xDB,
    0xEC, 0x26, 0xA0, 0x99, 0x7C, 0x68, 0x05, 0x30, 0x65, 0x8B, 0xFD, 0x23, 0x82, 0x1D, 0xF6, 0xB8,
    0xD7, 0x09, 0xBA, 0x74, 0x4D, 0xB7, 0x12, 0x1F, 0x66, 0xFC, 0x6D, 0x82, 0x9F, 0xF9, 0x09, 0xFF,
    0x4B, 0xA4, 0x9A, 0xE9, 0xE9, 0x3F, 0x0B, 0x4B, 0x1A, 0x2F, 0x77, 0x66, 0x4D, 0xE3, 0x64, 0xFE,
    0x08, 0x1E, 0x7F, 0x43, 0x2D, 0x5F, 0x65, 0x80, 0x57, 0x8C, 0x55, 0x69, 0x06, 0xA3, 0x5D, 0xBF,
    0xE0, 0x04, 0x5D, 0x3E, 0x67, 0xDC, 0x55, 0x65, 0x6C, 0x6E, 0x8B, 0xB9, 0x19, 0xEC, 0x8B, 0xE4,
    0x2C, 0x17, 0x4F, 0x39, 0x51, 0x75, 0x95, 0x3F, 0x5E, 0xF4, 0xCD, 0x62, 0xD8, 0x2D, 0x8E, 0xD1,
    0xDC, 0xDC, 0x16, 0xFB, 0xE2, 0x66, 0x70, 0xD6, 0xA4, 0x8B, 0xA7, 0x76, 0xB1, 0x55, 0xBC, 0x17,
    0xBA, 0xE4, 0x07, 0x9F, 0xBA, 0xE8, 0xD8, 0xF0, 0x0A, 0xA0, 0xE2, 0x7D, 0x76, 0xD5, 0x6C, 0xC6,
    0x2E, 0x7A, 0xDC, 0xD0, 0x96, 0x26, 0x33, 0x68, 0xDF, 0x30, 0xB4, 0xD1, 0x2E, 0x9B, 0x7A, 0xAE,
    0xE6, 0xB6, 0xF8, 0xB8, 0xE5, 0x13, 0x15, 0xBE, 0x38, 0x1C, 0x62, 0x2F, 0x92, 0x64, 0x19, 0xF4,
    0xF1, 0x25, 0x30, 0xC2, 0x92, 0xC5, 0x24, 0xB0, 0xC0, 0x06, 0xB8, 0x06, 0x8A, 0x76, 0x4A, 0xAB,
    0xE9, 0x74, 0xAD, 0xF5, 0xAB, 0xFE, 0xB5, 0xBE, 0x00, 0x4E, 0x78, 0x7B, 0xE5, 0xDE, 0x81, 0xE1,
    0x2F, 0xAD, 0x92, 0x81, 0x86, 0x1B, 0x41, 0x1C, 0x87, 0xBF, 0x99, 0xE1, 0x16, 0x43, 0x07, 0x0A,
    0xAE, 0x9A, 0x40, 0x81, 0xDE, 0xDE, 0x02, 0x14, 0x7B, 0x97, 0x79, 0x82, 0x02, 0x05, 0xA0, 0x6F,
    0xD0, 0xA2, 0x08, 0xB6, 0x97, 0x79, 0x84, 0xD2, 0x57, 0x28, 0x34, 0xA1, 0x77, 0x08, 0x42, 0x4F,
    0x32, 0x50, 0x00, 0x9D, 0x37, 0xE8, 0x00, 0xAA, 0x85, 0x45, 0x90, 0xC6, 0x25, 0xD3, 0x89, 0x5D,
    0x9C, 0xDE, 0xE1, 0x50, 0x33, 0x5F, 0xF0, 0x43, 0xF6, 0xF7, 0x9F, 0xFF, 0xC7, 0xD1, 0x27, 0x98,
    0x24, 0xC4, 0xDA, 0xB8, 0xC2, 0x2B, 0x6F, 0x90, 0x61, 0x80, 0x88, 0x75, 0x47, 0x18, 0x23, 0xC3,
    0x3B, 0x94, 0x9F, 0x93, 0x41, 0xDB, 0x31, 0x86, 0x9A, 0x9A, 0x4A, 0xAC, 0x31, 0x29, 0x20, 0x3E,
    0x03, 0x68, 0x07, 0x95, 0x85, 0x15, 0xC8, 0x04, 0xC5, 0x77, 0x18, 0x0E, 0xA0, 0x79, 0x8A, 0x68,
    0x4B, 0x94, 0xAF, 0x31, 0xB6, 0x66, 0x34, 0x5D, 0xBA, 0x51, 0x4A, 0x1E, 0xE6, 0x40, 0xDB, 0x71,
    0xBC, 0x85, 0x2A, 0xC1, 0x2A, 0x05, 0xB6, 0x53, 0x47, 0x04, 0x11, 0x40, 0x66, 0x94, 0xCF, 0xA4,
    0x88, 0x9A, 0xED, 0x80, 0x0A, 0x30, 0x80, 0xEE, 0x31, 0xBC, 0xA5, 0x64, 0xC1, 0x35, 0xA3, 0x59,
    0x8B, 0xDE, 0x5B, 0xF2, 0x0F, 0x4C, 0x2E, 0x9D, 0x58, 0x2B, 0x7F, 0x38, 0xDA, 0x4A, 0x67, 0x80,
    0xF2, 0xF8, 0x03, 0x67, 0xE9, 0x86, 0x89, 0x3D, 0xE7, 0x1A, 0xC3, 0x3C, 0xD3, 0x92, 0xE1, 0x11,
    0x57, 0xD4, 0x34, 0xCC, 0xA9, 0x66, 0x91, 0x62, 0x0F, 0x45, 0x4A, 0xE1, 0x68, 0x3A, 0xF3, 0xDD,
    0x4C, 0x06, 0xA8, 0x81, 0x05, 0xD0, 0x82, 0x7A, 0x58, 0xCC, 0x70, 0x03, 0xFB, 0x15, 0x32, 0x6A,
    0x97, 0x7B, 0xB8, 0xC2, 0x1E, 0xD0, 0xB6, 0xF0, 0x43, 0xD4, 0xF6, 0x06, 0x95, 0x36, 0x0C, 0xDD,
    0x05, 0x35, 0x43, 0xC6, 0x5D, 0x9F, 0x4C, 0x49, 0x73, 0x7B, 0x96, 0x27, 0x3B, 0x58, 0x5E, 0x3A,
    0x19, 0x65, 0x50, 0x8E, 0xA8, 0x21, 0x1A, 0xC8, 0x88, 0x8C, 0x0A, 0xDA, 0x69, 0xAF, 0xB6, 0x5F,
    0x3D, 0xAB, 0x8F, 0x0E, 0x0A, 0xFB, 0x0C, 0x43, 0x4D, 0xC9, 0x19, 0x0B, 0x86, 0xBF, 0xBB, 0x59,
    0x78, 0x0C, 0x0D, 0x2C, 0x60, 0xC3, 0x24, 0xC5, 0x7C, 0x45, 0x8B, 0x8C, 0xE4, 0x0B, 0x7D, 0xF2,
    0x3F, 0xF6, 0x2F, 0xF6, 0x62, 0x49, 0xC9, 0x09, 0x35, 0x2F, 0x18, 0x33, 0xE7, 0x8A, 0x96, 0x28,
    0x72, 0x73, 0xE9, 0x9F, 0xFF, 0x9C, 0xDC, 0xA0, 0xF7, 0x70, 0x71, 0xE9, 0x69, 0x65, 0x10, 0x21,
    0xE7, 0x5E, 0x04, 0x90, 0x1E, 0x0A, 0x07, 0x15, 0xC8, 0x0D, 0x54, 0x01, 0xB1, 0x03, 0x1D, 0xE0,
    0x14, 0x4D, 0x8D, 0xE1, 0x7C, 0xFA, 0x85, 0x49, 0xDA, 0x21, 0x53, 0x0A, 0x22, 0xEF, 0x04, 0x86,
    0xC0, 0x35, 0xC8, 0x08, 0xC6, 0xC2, 0xE8, 0xD0, 0x7D, 0x4F, 0x97, 0x6B, 0xDB, 0xC3, 0x6B, 0x06,
    0x2C, 0x68, 0xBA, 0xB7, 0x4C, 0xB6, 0xF7, 0x73, 0x64, 0x21, 0x81, 0xFA, 0x01, 0xE6, 0x25, 0x9C,
    0x0D, 0x60, 0x5D, 0xA2, 0xC2, 0x03, 0xDC, 0x4C, 0x9D, 0x9B, 0x22, 0xDE, 0xF2, 0xF2, 0x9B, 0x25,
    0xEF, 0x11, 0xF1, 0x6A, 0x79, 0xC7, 0xCB, 0xFC, 0xFD, 0xFB, 0xBD, 0x6C, 0x95, 0xEF, 0xDE, 0x18,
    0x06, 0xBD, 0x93, 0x23, 0x7B, 0x4A, 0x73, 0xC7, 0xC9, 0x13, 0x1A, 0x16, 0xBD, 0x93, 0x96, 0xEC,
    0xA4, 0xEF, 0x9D, 0xB4, 0x30, 0x00, 0x6A, 0x60, 0x0E, 0x22, 0x76, 0x65, 0x0C, 0x50, 0x02, 0x63,
    0xA0, 0xED, 0x3A, 0x16, 0xFF, 0xFA, 0xF8, 0xE7, 0x4D, 0xCE, 0x0B, 0xA7, 0xF2, 0x29, 0x6C, 0x91,
    0x39, 0x58, 0xF4, 0x1E, 0x99, 0xD6, 0xE8, 0x5F, 0x3B, 0xCE, 0xA9, 0x6E, 0xB9, 0x38, 0xA0, 0xA1,
    0xB9, 0xE3, 0xA2, 0x0A, 0x87, 0x7F, 0xE8, 0x3C, 0xEC, 0x90, 0xD1, 0x38, 0x1D, 0x8A, 0xCE, 0x43,
    0x7F, 0xBF, 0x87, 0xF6, 0x41, 0x1E, 0xFE, 0x05, 0x6D, 0x95, 0x2F, 0xAC, 0xE4, 0x54, 0x18, 0xC5,
    0x4F, 0xDB, 0x3C, 0x9A, 0x6C, 0xC5, 0x35, 0x8C, 0x59, 0x44, 0x0D, 0x0A, 0x53, 0x9F, 0x00, 0xF7,
    0xAE, 0x5D, 0x35, 0x62, 0x07, 0x83, 0x37, 0x20, 0x9E, 0x4F, 0x96, 0xD7, 0xE2, 0xCD, 0x86, 0x04,
    0x1F, 0x12, 0x48, 0x96, 0x31, 0x58, 0xC4, 0xCE, 0xEB, 0x75, 0x48, 0xEA, 0x0D, 0x15, 0x60, 0x50,
    0x4D, 0x68, 0x42, 0x37, 0xDC, 0xF6, 0xE3, 0xFB, 0xD3, 0x64, 0x1E, 0xFB, 0x68, 0x66, 0xFA, 0x3B,
    0x77, 0xDE, 0xF4, 0xE6, 0x7C, 0xE7, 0x9E, 0xCC, 0x03, 0xD1, 0x08, 0x6C, 0x80, 0x23, 0x62, 0x3D,
    0x20, 0x23, 0xD1, 0x1B, 0xEB, 0x88, 0x42, 0xF5, 0x8A, 0x72, 0x02, 0x4A, 0xD6, 0xF0, 0x40, 0xC1,
    0xDA, 0x89, 0xBE, 0xB0, 0x9E, 0x81, 0x9A, 0x75, 0x96, 0x4C, 0xFB, 0x36, 0x28, 0xF3, 0x05, 0x68,
    0x9B, 0xA0, 0xCF, 0xC9, 0xDF, 0xD6, 0xA6, 0x83, 0x8B, 0x00, 0x12, 0x2F, 0xEB, 0x0E, 0xBC, 0xBC,
    0x79, 0xF1, 0xFA, 0xF4, 0xD9, 0x77, 0xCF, 0xBF, 0x3D, 0x7D, 0x74, 0x38, 0xD6, 0x94, 0xD3, 0xE2,
    0x26, 0x4F, 0xCF, 0x68, 0x6A, 0xF4, 0x36, 0xF9, 0xAD, 0xA0, 0x09, 0xB8, 0x43, 0x1D, 0x5D, 0x94,
    0x2D, 0x81, 0x16, 0x3E, 0xB8, 0x28, 0x5B, 0x8A, 0x8F, 0x16, 0xD5, 0xE0, 0x06, 0xD3, 0x2B, 0xEB,
    0x26, 0x02, 0x3D, 0xC5, 0xFB, 0x82, 0xE6, 0x3A, 0x12, 0xF1, 0x6B, 0x78, 0x59, 0xD1, 0x52, 0x3F,
    0x23, 0xEA, 0x80, 0xFA, 0x97, 0x89, 0xCD, 0x24, 0xC8, 0xE5, 0x7E, 0x1D, 0x50, 0xFC, 0xB5, 0x98,
    0xFE, 0x8D, 0x87, 0xFC, 0x7B, 0x32, 0x4D, 0x6C, 0x9E, 0x06, 0xD5, 0x15, 0x81, 0x75, 0x34, 0xBD,
    0x02, 0x39, 0x05, 0xD5, 0x65, 0x62, 0xBD, 0x89, 0xB2, 0x81, 0x65, 0x38, 0xBB, 0x6E, 0xE9, 0x95,
    0x3D, 0x48, 0xAB, 0xB0, 0x27, 0x92, 0x47, 0x0A, 0xBE, 0xB5, 0x11, 0x70, 0x33, 0x20, 0x6E, 0x3D,
    0xEB, 0x8A, 0xD9, 0x83, 0x19, 0x91, 0xAD, 0x4C, 0xC7, 0x16, 0x16, 0x59, 0x5B, 0x5E, 0x90, 0xA7,
    0xF8, 0x9A, 0x81, 0x4A, 0x28, 0x71, 0x0B, 0xC5, 0x18, 0x47, 0xA7, 0x57, 0xA3, 0xB4, 0xCF, 0x65,
    0xC9, 0x58, 0x77, 0x2E, 0x10, 0x61, 0xCE, 0x51, 0xEF, 0x74, 0x23, 0x80, 0x0F, 0x81, 0x6A, 0x66,
    0xAE, 0x40, 0x21, 0xEF, 0x05, 0xC8, 0x68, 0x40, 0x33, 0xEE, 0x76, 0x3B, 0x66, 0xBD, 0xDB, 0xCF,
    0x7A, 0x1D, 0xC7, 0x13, 0xD1, 0x5B, 0x03, 0x0D, 0x86, 0x25, 0x3F, 0x1F, 0xCE, 0xE7, 0x6F, 0x52,
    0x49, 0xEC, 0x72, 0xDD, 0x2A, 0x45, 0x8F, 0x6C, 0xD1, 0x13, 0xCA, 0x67, 0x81, 0x4B, 0xEC, 0x3C,
    0xDD, 0xD5, 0x89, 0x0D, 0x2E, 0x2B, 0x0A, 0x6B, 0x41, 0x39, 0x02, 0xE5, 0x8C, 0x8A, 0xD1, 0x8E,
    0xE6, 0x3D, 0x28, 0x16, 0xC0, 0xFD, 0x79, 0xFE, 0xD1, 0xFC, 0xDA, 0x78, 0x86, 0xA0, 0xF0, 0x78,
    0x88, 0xD6, 0x70, 0x6F, 0xB8, 0xD8, 0x67, 0x36, 0x75, 0x6F, 0x90, 0xE8, 0xF4, 0xFA, 0x40, 0xBC,
    0xE7, 0x24, 0x45, 0x76, 0x1A, 0x64, 0x33, 0x48, 0x02, 0x5E, 0xFB, 0x79, 0x51, 0x4F, 0x6F, 0xA0,
    0xCE, 0xAD, 0xB1, 0xD6, 0x6D, 0xB0, 0xC3, 0x5A, 0xCC, 0xA5, 0x46, 0xEF, 0x72, 0xB4, 0x8B, 0x26,
    0x13, 0x90, 0xD1, 0x76, 0x04, 0x5A, 0x3D, 0x96, 0x5E, 0xEF, 0xBE, 0xBB, 0x7A, 0xBB, 0x03, 0xF0,
    0x14, 0x5F, 0xE9, 0xFA, 0xDE, 0x4A, 0xAA, 0x4E, 0xFD, 0x80, 0xF7, 0x12, 0x6A, 0xB5, 0x50, 0x5A,
    0xD0, 0x3D, 0xFD, 0xBE, 0x1F, 0x33, 0xAD, 0x3B, 0x4A, 0x45, 0xAA, 0x22, 0x7C, 0xC0, 0x1B, 0x01,
    0x90, 0x5C, 0x27, 0x58, 0x6E, 0x82, 0x6C, 0x7E, 0x7C, 0x77, 0x6E, 0xA4, 0x87, 0xC8, 0x0C, 0x36,
    0x89, 0x9D, 0x84, 0x4D, 0x74, 0x45, 0xB9, 0x63, 0x54, 0x54, 0x83, 0xC2, 0xC5, 0xFF, 0x43, 0xD0,
    0x3E, 0x0D, 0x3D, 0xB1, 0x83, 0x3F, 0xC2, 0x81, 0x02, 0x0E, 0xCF, 0xCF, 0xAF, 0x4F, 0x5A, 0x8A,
    0x0D, 0x0F, 0xAE, 0xA0, 0xD1, 0x4F, 0x46, 0x37, 0xE1, 0xB0, 0x9D, 0x4E, 0xB7, 0xC9, 0x5C, 0xE5,
    0xAB, 0x11, 0x3D, 0xB2, 0x4D, 0x47, 0x8F, 0xF9, 0x2A, 0xFC, 0x3A, 0x22, 0x13, 0x2F, 0x9F, 0xEC,
    0xD6, 0x56, 0x63, 0x96, 0xCC, 0x63, 0x39, 0x43, 0x7B, 0x72, 0x3B, 0x32, 0xC9, 0x22, 0xB3, 0xA6,
    0x28, 0xB7, 0xA0, 0x5D, 0x29, 0x16, 0x08, 0x3B, 0x1B, 0xBC, 0x09, 0x58, 0x85, 0xDE, 0x42, 0x12,
    0xB6, 0xC2, 0x56, 0xA4, 0x9D, 0x8E, 0xEF, 0x8E, 0x1A, 0x5D, 0x13, 0x13, 0xBE, 0xD8, 0xBE, 0x87,
    0xFB, 0x67, 0xD6, 0xD2, 0x54, 0x34, 0x6A, 0x6B, 0x0A, 0xB2, 0xE2, 0xE1, 0x85, 0x8E, 0xB9, 0x42,
    0x91, 0x0C, 0xCB, 0x1E, 0xF5, 0x63, 0x64, 0xFF, 0x4D, 0x7C, 0xBE, 0xF9, 0x29, 0x32, 0xB4, 0x77,
    0x4F, 0xF8, 0xFE, 0x83, 0x78, 0x7E, 0x2B, 0x96, 0x9F, 0x7C, 0xBE, 0x27, 0x3E, 0x20, 0x13, 0xC4,
    0x2F, 0x09, 0x52, 0x2F, 0x62, 0x78, 0xE2, 0xEF, 0x08, 0xF4, 0x2B, 0xEF, 0x3F, 0xEE, 0xFE, 0x8D,
    0xCD, 0xD3, 0x58, 0xCF, 0x3E, 0x05, 0x2E, 0x02, 0x9E, 0xE3, 0x7C, 0x3E, 0x5F, 0xD0, 0x5B, 0x57,
    0xC9, 0x00, 0x67, 0xA1, 0x19, 0x97, 0x9D, 0x9B, 0xED, 0x94, 0x51, 0x50, 0x42, 0xBA, 0xDB, 0x6A,
    0x92, 0xB2, 0xA7, 0xF1, 0x22, 0xEC, 0x6C, 0xB2, 0x26, 0x18, 0x3D, 0x8C, 0xBD, 0x8D, 0x9A, 0x27,
    0x9B, 0xF5, 0x76, 0xB6, 0x29, 0x69, 0x30, 0x6E, 0x50, 0x6E, 0xAF, 0xAE, 0x45, 0x93, 0x43, 0x34,
    0x0E, 0x0A, 0x3F, 0x35, 0x93, 0xD1, 0x0B, 0xB9, 0x52, 0xA7, 0xA3, 0xF0, 0xFA, 0xC3, 0x16, 0x14,
    0x4F, 0xFB, 0xB3, 0x2D, 0x65, 0xD3, 0xEB, 0x59, 0x68, 0x32, 0x86, 0x8F, 0x0D, 0x2F, 0x0D, 0x3F,
    0xE3, 0x9D, 0x1F, 0xAB, 0xCE, 0x30, 0xAA, 0xF1, 0x6A, 0x52, 0x14, 0x33, 0x60, 0xD6, 0x65, 0x8A,
    0x6C, 0x16, 0x25, 0x6F, 0xF9, 0xBC, 0x98, 0xE4, 0x85, 0x72, 0x54, 0xD4, 0x51, 0x06, 0xC8, 0x08,
    0xA8, 0xAE, 0x71, 0x6E, 0x06, 0xB2, 0xFF, 0x64, 0x6D, 0xD4, 0xB8, 0xDC, 0x80, 0xA6, 0xD3, 0x31,
    0x9B, 0xA0, 0x8F, 0x7B, 0x1B, 0x56, 0xE0, 0xE2, 0x9E, 0xAE, 0xF6, 0xB1, 0x0D, 0x92, 0x6D, 0xB9,
    0xA1, 0xB5, 0x23, 0xE9, 0x05, 0x11, 0xB6, 0x00, 0xF2, 0x11, 0xB8, 0xA2, 0x18, 0x0C, 0x51, 0xEE,
    0xFF, 0x02, 0x8D, 0xD2, 0x01, 0xA7, 0x14, 0x51, 0x18, 0xC6, 0xF1, 0xDF, 0xEC, 0xA6, 0xA9, 0xA6,
    0xEE, 0x40, 0x88, 0x9B, 0x3B, 0x01, 0x10, 0x77, 0xFB, 0x00, 0x7B, 0xCD, 0x7C, 0x84, 0x3E, 0x4A,
    0x08, 0x50, 0x76, 0xBF, 0x4F, 0x08, 0xE0, 0x42, 0xF7, 0x0E, 0x7D, 0x81, 0x05, 0x02, 0xB4, 0xB8,
    0x08, 0x68, 0x30, 0x58, 0xD9, 0xD9, 0x53, 0xE7, 0x1C, 0x76, 0xA5, 0x70, 0x1F, 0xEF, 0xFB, 0x30,
    0x73, 0xCE, 0x79, 0xFE, 0xEF, 0xE1, 0x00, 0xEF, 0x30, 0xDF, 0xA2, 0xF9, 0x1E, 0xC2, 0xAE, 0xF9,
    0x19, 0xC2, 0x58, 0xF6, 0x28, 0xA2, 0x65, 0xBD, 0x62, 0x34, 0xDB, 0xAB, 0x26, 0x8B, 0xC0, 0xA0,
    0x18, 0xCC, 0xB6, 0xE6, 0x9B, 0x54, 0xBD, 0xB2, 0x57, 0xAD, 0x63, 0xD5, 0x9D, 0x9A, 0x86, 0xCB,
    0x54, 0x57, 0x2C, 0xF9, 0x90, 0xEA, 0x9A, 0xB7, 0x8E, 0x2A, 0xA1, 0xEA, 0xDB, 0x10, 0xC2, 0x10,
    0x6D, 0x4B, 0x3C, 0xCC, 0x0B, 0x59, 0x55, 0x97, 0xC3, 0x4E, 0x79, 0x57, 0xA7, 0xBC, 0x18, 0x36,
    0x32, 0x1E, 0x47, 0x89, 0x95, 0x47, 0xF9, 0xFC, 0xC3, 0x6A, 0xB4, 0xD8, 0xC4, 0xD3, 0x8F, 0x9D,
    0xB4, 0x31, 0xEF, 0xCA, 0xDE, 0x7C, 0x13, 0x69, 0xBB, 0xF6, 0x36, 0x84, 0xB1, 0x8E, 0x23, 0xCF,
    0x3A, 0xCF, 0x9C, 0x14, 0xC3, 0x8B, 0x89, 0x32, 0x50, 0x7F, 0x5A, 0x27, 0x92, 0x11, 0x03, 0x45,
    0xEE, 0xC8, 0x8A, 0xB0, 0x48, 0x4B, 0x5D, 0xF6, 0xE2, 0xDD, 0x23, 0x31, 0x37, 0x1A, 0x5C, 0xE6,
    0x76, 0x85, 0x65, 0x8E, 0x76, 0xED, 0x9F, 0xC8, 0xD7, 0xBF, 0x68, 0xF6, 0x54, 0x43, 0x8E, 0x2B,
    0x70, 0x06, 0xED, 0x18, 0x6D, 0x8A, 0xB6, 0xC7, 0x62, 0x17, 0x6D, 0xC2, 0xC5, 0x0A, 0x9A, 0x1E,
    0xE5, 0x80, 0xD9, 0x1E, 0x6E, 0xA0, 0x5D, 0xA3, 0xDE, 0x60, 0x3E, 0xC2, 0x04, 0x2B, 0xB8, 0x90,
    0xC5, 0x7B, 0xCE, 0x0F, 0xB4, 0x21, 0xC7, 0xD5, 0xFB, 0x0C, 0xB8, 0xB9, 0x4E, 0x41, 0x31, 0x31,
    0x46, 0xAF, 0x3A, 0xA6, 0x1C, 0x53, 0x6F, 0x59, 0xAC, 0xB9, 0xC5, 0x52, 0xD6, 0x03, 0xB8, 0xFC,
    0x0F, 0xB2, 0x38, 0x21, 0x63, 0x8C, 0x2A, 0x4D, 0xB8, 0x83, 0x03, 0xB4, 0x5F, 0x50, 0x1F, 0x50,
    0x05, 0xD4, 0xD1, 0x9A, 0xD0, 0xF1, 0x30, 0xC0, 0xCB, 0x63, 0xF8, 0xC5, 0x31, 0x67, 0xCA, 0xD9,
    0x99, 0x92, 0x79, 0x37, 0xF9, 0xDA, 0x69, 0xDC, 0x0C, 0xAA, 0x6F, 0x3B, 0x9A, 0x09, 0x8B, 0x3D,
    0xDA, 0x64, 0x87, 0x68, 0x77, 0x78, 0xE2, 0xA8, 0x37, 0x28, 0x06, 0x94, 0x21, 0xBE, 0xF7, 0x68,
    0xAB, 0x01, 0xC9, 0xD2, 0x67, 0x5A, 0x30, 0x90, 0x37, 0x67, 0x3D, 0xE7, 0xA3, 0x22, 0x74, 0xF3,
    0xB0, 0xA9, 0xE3, 0x9B, 0xDD, 0xCF, 0xBF, 0xF6, 0xF7, 0x29, 0x4E, 0x58, 0x4B, 0xE1, 0x8F, 0xBA,
    0x68, 0xE9, 0x2A, 0x63, 0xB2, 0xF4, 0x19, 0x2D, 0x6F, 0xF9, 0x0B, 0x7B, 0x1F, 0xC4, 0xF9, 0xB7,
    0xBB, 0x45, 0xD8, 0x55, 0x61, 0x3B, 0x0B, 0x6B, 0x81, 0xA5, 0x93, 0x7A, 0x9E, 0x9A, 0xF5, 0x9C,
    0x29, 0x23, 0x62, 0xDD, 0x24, 0x5A, 0xDB, 0x53, 0x0F, 0xD9, 0xF3, 0x9F, 0xB4, 0xDA, 0xE5, 0x9D,
    0x7A, 0x1E, 0xC9, 0xFA, 0x0D, 0x9D, 0x94, 0x01, 0x84, 0xE5, 0x56, 0x14, 0x86, 0xBF, 0x24, 0x9D,
    0x89, 0x6E, 0xB4, 0x77, 0x31, 0x8B, 0x6D, 0x91, 0x62, 0x51, 0x45, 0x03, 0x50, 0xCC, 0xBE, 0x7B,
    0xB5, 0x00, 0xB0, 0x30, 0xA0, 0x50, 0x14, 0x0C, 0x2C, 0x40, 0xD1, 0x9D, 0x44, 0xA1, 0x28, 0x2C,
    0x50, 0x40, 0x07, 0xC5, 0x4C, 0x06, 0x00, 0x0A, 0xF3, 0x72, 0x29, 0x8A, 0x85, 0x14, 0x14, 0x85,
    0x00, 0x00, 0x73, 0x4B, 0xB4, 0x31, 0xBD, 0xC9, 0x69, 0x6E, 0x5E, 0x76, 0xCC, 0xDA, 0x76, 0xB7,
    0xF6, 0x7F, 0xE7, 0xFC, 0xE7, 0xE5, 0xE6, 0x9E, 0xFF, 0x3F, 0x1C, 0x22, 0xD2, 0xC1, 0x4C, 0xCF,
    0xEB, 0xC5, 0xF4, 0x14, 0x66, 0x8A, 0x07, 0x20, 0x71, 0xE0, 0x81, 0xAC, 0x83, 0x2D, 0xA0, 0x5A,
    0xD0, 0x40, 0x6E, 0x41, 0x9B, 0x5D, 0xE6, 0x32, 0x03, 0x50, 0x73, 0x99, 0x80, 0xEC, 0xBA, 0xAE,
    0xFD, 0xAE, 0x37, 0x68, 0x04, 0x4A, 0x7A, 0x00, 0x4F, 0xEA, 0x00, 0xC6, 0x45, 0x06, 0xCA, 0x45,
    0x26, 0x88, 0x14, 0x15, 0x40, 0x51, 0x69, 0x00, 0x94, 0xDD, 0xC2, 0x62, 0x3A, 0x02, 0x90, 0xFC,
    0xE1, 0x77, 0xF5, 0xAF, 0x1E, 0x80, 0x48, 0x1C, 0x00, 0xC7, 0xD2, 0x01, 0xD0, 0x88, 0x5D, 0x6B,
    0x05, 0x48, 0x80, 0xDB, 0xF1, 0x54, 0xD7, 0x17, 0xD7, 0xA7, 0xC3, 0x32, 0xCB, 0x6D, 0xE6, 0x95,
    0x9C, 0x85, 0xD6, 0x95, 0xF7, 0x67, 0x85, 0xF5, 0xFC, 0x35, 0xFC, 0xB2, 0xCB, 0xCE, 0xFD, 0xF6,
    0x3C, 0x00, 0xEC, 0xFF, 0x78, 0x48, 0x23, 0x3E, 0x11, 0xE9, 0xB3, 0x5E, 0x0D, 0xB9, 0x2D, 0x7C,
    0xC1, 0xC9, 0x89, 0x8E, 0x06, 0xBD, 0x49, 0x3A, 0xBD, 0x51, 0x56, 0x6B, 0xCD, 0xA6, 0xF0, 0x5C,
    0x2A, 0x17, 0x7B, 0x35, 0x3D, 0x76, 0x85, 0x48, 0xFB, 0x6E, 0x31, 0x71, 0x0B, 0x8F, 0x00, 0x1C,
    0x10, 0xF5, 0x40, 0xE2, 0x81, 0x74, 0x04, 0x94, 0x00, 0xF9, 0x0F, 0x06, 0x0A, 0x65, 0x41, 0x67,
    0x2D, 0x5C, 0x2E, 0x6B, 0x8C, 0x7B, 0xE6, 0xF0, 0x24, 0x8E, 0x91, 0xAC, 0xA3, 0x5C, 0x36, 0x66,
    0x8A, 0x99, 0xAC, 0x9E, 0xA9, 0xBD, 0x77, 0x74, 0x74, 0x64, 0x00, 0x58, 0x1E, 0x97, 0x17, 0xCB,
    0x95, 0x70, 0x39, 0xB4, 0x6D, 0x17, 0x81, 0x20, 0x35, 0xAC, 0xA2, 0x27, 0x69, 0x07, 0x5A, 0xD9,
    0x60, 0x59, 0xAD, 0xE6, 0xE9, 0xB4, 0x0E, 0x44, 0x34, 0x00, 0x38, 0x80, 0x2F, 0x58, 0x91, 0x8A,
    0x9C, 0x12, 0x9C, 0x27, 0xB3, 0xB3, 0x41, 0x0C, 0xB9, 0x4B, 0x46, 0x48, 0x06, 0xD5, 0x03, 0x5E,
    0x77, 0x81, 0xA5, 0x82, 0xC8, 0x4F, 0x00, 0x5F, 0x2E, 0xCC, 0x6D, 0x96, 0x19, 0xD5, 0x0B, 0xFC,
    0x2F, 0x77, 0x2A, 0x80, 0x45, 0xED, 0x81, 0x1A, 0x80, 0x32, 0x99, 0x80, 0xCB, 0xE5, 0x85, 0x5F,
    0xDC, 0x07, 0xD4, 0xCC, 0x3D, 0xC9, 0xCC, 0xAE, 0x11, 0x19, 0xE7, 0xEA, 0xEB, 0xBA, 0x3E, 0xBB,
    0x53, 0x9F, 0x2B, 0x99, 0x72, 0x19, 0xB9, 0x41, 0x01, 0x9B, 0x10, 0x1F, 0xC9, 0x99, 0x96, 0x61,
    0x0E, 0x06, 0x18, 0x88, 0x7A, 0x22, 0x07, 0x49, 0x0B, 0xA9, 0x25, 0xCA, 0xAC, 0x51, 0xDF, 0x3D,
    0xB3, 0x61, 0x63, 0xA9, 0x4C, 0x20, 0x8E, 0x54, 0x3C, 0xA5, 0x88, 0x29, 0x37, 0x25, 0x0F, 0x36,
    0x6F, 0xC3, 0x13, 0xE0, 0x6B, 0x88, 0xCE, 0xC8, 0xC4, 0x6C, 0x3E, 0xB7, 0x5F, 0x25, 0xD6, 0x2D,
    0xD1, 0x2B, 0x53, 0x4E, 0x14, 0x3D, 0x00, 0x10, 0x4D, 0xA8, 0xB0, 0x9B, 0xAE, 0x94, 0x4E, 0x42,
    0xB4, 0x22, 0xB6, 0x11, 0xA3, 0x3D, 0xB1, 0x61, 0x45, 0x2C, 0x02, 0x2A, 0x50, 0x0E, 0xF0, 0x31,
    0xC0, 0x43, 0x76, 0x0E, 0x70, 0xB3, 0x81, 0xD8, 0xB1, 0x1B, 0xF2, 0x6E, 0x6A, 0xE1, 0x50, 0x55,
    0x50, 0x28, 0x03, 0xEA, 0x0A, 0x48, 0x46, 0x00, 0xCF, 0x8A, 0x68, 0x4B, 0x63, 0x50, 0xF2, 0x9B,
    0x38, 0x0A, 0x91, 0x30, 0xFE, 0xB7, 0xF2, 0xEB, 0xC4, 0x16, 0xA1, 0x64, 0x44, 0xD0, 0x2B, 0x37,
    0x91, 0x54, 0x5B, 0xF4, 0x95, 0xFC, 0x3D, 0x2E, 0xDF, 0x81, 0x81, 0x54, 0xBE, 0x91, 0x16, 0x0E,
    0xB8, 0xC7, 0x0D, 0xDE, 0x01, 0xD0, 0x06, 0xD8, 0x02, 0x91, 0x07, 0x52, 0x07, 0xA8, 0xF6, 0x4D,
    0xCE, 0x45, 0x26, 0x54, 0xA0, 0x3B, 0x75, 0x7D, 0x4E, 0x9F, 0xFF, 0x9F, 0x1F, 0x9C, 0x03, 0x08,
    0x10, 0x8B, 0x81, 0x44, 0x2A, 0x48, 0xC5, 0x82, 0xFA, 0xBD, 0x83, 0xFC, 0x17, 0x07, 0xFA, 0xB3,
    0x1E, 0xCA, 0xE0, 0xB6, 0x65, 0x04, 0x4F, 0x49, 0x3C, 0xA0, 0x4D, 0xD2, 0x53, 0x54, 0xA9, 0x43,
    0x59, 0xD5, 0x92, 0x75, 0xB9, 0x25, 0x75, 0xDA, 0x90, 0xF4, 0xEF, 0x43, 0xD4, 0x01, 0xB0, 0x0F,
    0x54, 0xDA, 0x10, 0x0F, 0x85, 0x25, 0x71, 0xCA, 0x92, 0xB9, 0xAC, 0x43, 0xB5, 0x89, 0x23, 0xB7,
    0x8B, 0x4A, 0x14, 0xF4, 0x18, 0xD9, 0x42, 0x89, 0x07, 0xFD, 0xE9, 0x00, 0xC5, 0xCF, 0x0E, 0xD4,
    0x33, 0x07, 0xD9, 0x55, 0x0B, 0x89, 0xD8, 0x75, 0xBE, 0x48, 0x00, 0x26, 0x56, 0xEC, 0x1B, 0x50,
    0x76, 0x97, 0x11, 0xAF, 0xC4, 0x5B, 0x44, 0x46, 0x93, 0x74, 0x9A, 0xD4, 0xDD, 0x27, 0xAE, 0x3E,
    0x9C, 0x9B, 0x47, 0x94, 0xF5, 0x73, 0x1E, 0xBC, 0xBE, 0x19, 0xF4, 0x9A, 0xF7, 0x21, 0x7A, 0xFA,
    0x41, 0x7E, 0xED, 0xF2, 0x3F, 0xBB, 0xC8, 0xDC, 0x05, 0x32, 0x53, 0x35, 0x62, 0xCB, 0xEF, 0xAB,
    0x70, 0x8D, 0x03, 0xE0, 0x10, 0xF8, 0x89, 0xF7, 0x2E, 0xAE, 0x29, 0x44, 0xD0, 0x22, 0x90, 0x03,
    0x0F, 0xA1, 0x94, 0x91, 0x46, 0x3C, 0x17, 0xD7, 0x67, 0x64, 0x15, 0xE4, 0xAB, 0xFA, 0x71, 0x5D,
    0x9F, 0x36, 0x22, 0x2E, 0x24, 0x00, 0xFF, 0x71, 0xF6, 0xFC, 0x39, 0xBC, 0x03, 0x88, 0x00, 0x0A,
    0x20, 0x1E, 0x81, 0xC7, 0x1D, 0xA4, 0x23, 0x50, 0xB6, 0xB7, 0xFF, 0x0C, 0x80, 0xEA, 0x58, 0x8F,
    0x68, 0x2A, 0x40, 0x0D, 0x40, 0x24, 0x06, 0x28, 0x7A, 0x20, 0x9E, 0x00, 0xB4, 0x05, 0x52, 0xBB,
    0xA8, 0x2F, 0xB6, 0xF3, 0xA7, 0xEF, 0x11, 0x18, 0x80, 0x01, 0x60, 0xD7, 0xE0, 0xB8, 0x69, 0x68,
    0x5F, 0x94, 0xCD, 0x7A, 0x20, 0x19, 0x80, 0xA2, 0x83, 0xFD, 0xE9, 0xA5, 0x59, 0xC6, 0xB5, 0x89,
    0x4F, 0x00, 0xE2, 0xBA, 0xAE, 0x49, 0x45, 0x84, 0xBD, 0xD9, 0x09, 0xF6, 0x80, 0xE2, 0xCD, 0xB3,
    0x11, 0xB1, 0x21, 0x8F, 0x9B, 0xBA, 0xDA, 0x43, 0x57, 0x4D, 0xD5, 0x98, 0x27, 0xFC, 0x03,
};

static const EpdGlyph edslab_18_italicGlyphs[] = {
    { 0, 0, 207, 0, 0, 0, 0 }, // U+0020
    { 10, 27, 131, 0, 27, 68, 0 }, // !
    { 12, 8, 202, 3, 27, 24, 68 }, // "
    { 29, 27, 478, 1, 27, 196, 92 }, // #
    { 23, 36, 364, 0, 32, 207, 288 }, // $
    { 30, 27, 562, 3, 27, 203, 495 }, // %
    { 23, 27, 437, 2, 27, 156, 698 }, // &
    { 6, 8, 116, 3, 27, 12, 854 }, // '
    { 17, 42, 257, 2, 34, 179, 866 }, // (
    { 17, 42, 257, -1, 34, 179, 1045 }, // )
    { 14, 13, 257, 4, 31, 46, 1224 }, // *
    { 12, 11, 233, 1, 15, 33, 1270 }, // +
    { 6, 9, 130, -1, 4, 14, 1303 }, // ,
    { 12, 3, 233, 1, 11, 9, 1317 }, // -
    { 5, 5, 131, 0, 5, 7, 1326 }, // .
    { 19, 35, 235, -2, 27, 167, 1333 }, // /
    { 22, 28, 364, 1, 27, 154, 1500 }, // 0
    { 12, 27, 218, 0, 27, 81, 1654 }, // 1
    { 22, 27, 338, 0, 27, 149, 1735 }, // 2
    { 22, 27, 350, 1, 27, 149, 1884 }, // 3
    { 21, 27, 349, 0, 27, 142, 2033 }, // 4
    { 22, 27, 346, 1, 27, 149, 2175 }, // 5
    { 21, 27, 349, 1, 27, 142, 2324 }, // 6
    { 21, 27, 335, 2, 27, 142, 2466 }, // 7
    { 21, 27, 356, 1, 27, 142, 2608 }, // 8
    { 22, 27, 329, 0, 27, 149, 2750 }, // 9
    { 6, 17, 163, 2, 17, 26, 2899 }, // :
    { 7, 22, 162, 1, 17, 39, 2925 }, // ;
    { 19, 19, 330, 1, 19, 91, 2964 }, // <
    { 13, 7, 243, 1, 13, 23, 3055 }, // =
    { 19, 19, 331, 0, 19, 91, 3078 }, // >
    { 18, 28, 331, 4, 27, 126, 3169 }, // ?
    { 34, 33, 575, 2, 30, 281, 3295 }, // @
    { 31, 27, 535, 0, 27, 210, 3576 }, // A
    { 27, 27, 431, 0, 27, 183, 3786 }, // B
    { 25, 27, 423, 1, 27, 169, 3969 }, // C
    { 31, 27, 479, 0, 27, 210, 4138 }, // D
    { 28, 27, 413, 0, 27, 189, 4348 }, // E
    { 28, 27, 415, 0, 27, 189, 4537 }, // F
    { 25, 27, 425, 1, 27, 169, 4726 }, // G
    { 34, 27, 521, 0, 27, 230, 4895 }, // H
    { 16, 27, 225, 0, 27, 108, 5125 }, // I
    { 23, 27, 336, 0, 27, 156, 5233 }, // J
    { 30, 27, 449, 0, 27, 203, 5389 }, // K
    { 25, 27, 419, 0, 27, 169, 5592 }, // L
    { 39, 27, 594, 0, 27, 264, 5761 }, // M
    { 34, 27, 521, 0, 27, 230, 6025 }, // N
    { 28, 27, 488, 2, 27, 189, 6255 }, // O
    { 28, 27, 431, 0, 27, 189, 6444 }, // P
    { 29, 33, 527, 1, 27, 240, 6633 }, // Q
    { 28, 27, 461, 0, 27, 189, 6873 }, // R
    { 23, 27, 349, -1, 27, 156, 7062 }, // S
    { 27, 27, 451, 3, 27, 183, 7218 }, // T
    { 31, 27, 537, 4, 27, 210, 7401 }, // U
    { 31, 27, 535, 4, 27, 210, 7611 }, // V
    { 45, 27, 760, 4, 27, 304, 7821 }, // W
    { 32, 27, 490, 0, 27, 216, 8125 }, // X
    { 27, 27, 467, 4, 27, 183, 8341 }, // Y
    { 27, 27, 407, 0, 27, 183, 8524 }, // Z
    { 16, 36, 186, -2, 28, 144, 8707 }, // [
    { 7, 35, 234, 4, 27, 62, 8851 }, // <backslash>
    { 16, 36, 204, -2, 28, 144, 8913 }, // ]
    { 17, 14, 331, 3, 29, 60, 9057 }, // ^
    { 16, 3, 298, -1, 0, 12, 9117 }, // _
    { 5, 8, 150, 6, 31, 10, 9129 }, // `
    { 16, 17, 306, 0, 17, 68, 9139 }, // a
    { 19, 30, 346, 2, 30, 143, 9207 }, // b
    { 17, 17, 284, 0, 17, 73, 9350 }, // c
    { 21, 31, 343, 0, 30, 163, 9423 }, // d
    { 16, 17, 275, 0, 17, 68, 9586 }, // e
    { 19, 31, 211, -2, 27, 148, 9654 }, // f
    { 24, 28, 321, -3, 17, 168, 9802 }, // g
    { 22, 31, 360, -1, 30, 171, 9970 }, // h
    { 7, 25, 165, 1, 24, 44, 10141 }, // i
    { 14, 33, 143, -5, 24, 116, 10185 }, // j
    { 21, 30, 359, 0, 30, 158, 10301 }, // k
    { 9, 30, 182, 2, 30, 68, 10459 }, // l
    { 30, 18, 517, 0, 17, 135, 10527 }, // m
    { 21, 18, 366, 0, 17, 95, 10662 }, // n
    { 19, 17, 309, 0, 17, 81, 10757 }, // o
    { 23, 26, 328, -3, 17, 150, 10838 }, // p
    { 18, 26, 298, 0, 17, 117, 10988 }, // q
    { 19, 17, 286, 0, 17, 81, 11105 }, // r
    { 15, 17, 233, -1, 17, 64, 11186 }, // s
    { 14, 24, 244, 1, 24, 84, 11250 }, // t
    { 19, 17, 346, 1, 17, 81, 11334 }, // u
    { 23, 17, 381, 1, 17, 98, 11415 }, // v
    { 34, 17, 548, 1, 17, 145, 11513 }, // w
    { 23, 17, 373, 0, 17, 98, 11658 }, // x
    { 25, 26, 381, -1, 17, 163, 11756 }, // y
    { 18, 17, 291, 0, 17, 77, 11919 }, // z
    { 14, 36, 172, 0, 28, 126, 11996 }, // {
    { 12, 39, 109, -2, 33, 117, 12122 }, // |
    { 14, 37, 172, -3, 29, 130, 12239 }, // }
    { 15, 4, 294, 2, 13, 15, 12369 }, // ~
    { 0, 0, 207, 0, 0, 0, 0 }, // U+00A0
    { 9, 27, 139, 1, 27, 61, 0 }, // U+00A1
    { 17, 23, 284, 0, 20, 98, 61 }, // U+00A2
    { 19, 31, 312, 0, 27, 148, 159 }, // U+00A3
    { 18, 16, 300, 1, 19, 72, 307 }, // U+00A4
    { 27, 27, 467, 4, 27, 183, 379 }, // U+00A5
    { 7, 27, 143, 2, 27, 48, 562 }, // U+00A6
    { 16, 24, 252, -1, 25, 96, 610 }, // U+00A7
    { 7, 4, 240, 7, 27, 7, 706 }, // U+00A8
    { 29, 28, 515, 3, 26, 203, 713 }, // U+00A9
    { 13, 12, 219, 1, 22, 39, 916 }, // U+00AA
    { 13, 13, 246, 2, 18, 43, 955 }, // U+00AB
    { 16, 8, 324, 3, 14, 32, 998 }, // U+00AC
    { 12, 3, 233, 1, 11, 9, 1030 }, // U+00AD
    { 29, 29, 515, 3, 26, 211, 1039 }, // U+00AE
    { 9, 3, 240, 6, 27, 7, 1250 }, // U+00AF
    { 7, 7, 252, 7, 28, 13, 1257 }, // U+00B0
    { 13, 17, 301, 2, 18, 56, 1270 }, // U+00B1
    { 14, 17, 234, 1, 28, 60, 1326 }, // U+00B2
    { 14, 17, 241, 2, 28, 60, 1386 }, // U+00B3
    { 5, 4, 240, 8, 28, 5, 1446 }, // U+00B4
    { 24, 26, 345, -4, 17, 156, 1451 }, // U+00B5
    { 19, 29, 336, 2, 27, 138, 1607 }, // U+00B6
    { 5, 5, 131, 2, 14, 7, 1745 }, // U+00B7
    { 6, 4, 240, 2, -1, 6, 1752 }, // U+00B8
    { 8, 17, 159, 1, 28, 34, 1758 }, // U+00B9
    { 13, 12, 221, 1, 22, 39, 1792 }, // U+00BA
    { 13, 13, 246, 1, 18, 43, 1831 }, // U+00BB
    { 23, 30, 336, 0, 29, 173, 1874 }, // U+00BC
    { 24, 30, 337, 0, 29, 180, 2047 }, // U+00BD
    { 23, 30, 336, 0, 29, 173, 2227 }, // U+00BE
    { 18, 28, 331, 1, 28, 126, 2400 }, // U+00BF
    { 31, 31, 535, 0, 31, 241, 2526 }, // U+00C0
    { 31, 31, 535, 0, 31, 241, 2767 }, // U+00C1
    { 31, 31, 535, 0, 31, 241, 3008 }, // U+00C2
    { 31, 31, 535, 0, 31, 241, 3249 }, // U+00C3
    { 31, 30, 535, 0, 30, 233, 3490 }, // U+00C4
    { 31, 33, 535, 0, 33, 256, 3723 }, // U+00C5
    { 50, 27, 773, 0, 27, 338, 3979 }, // U+00C6
    { 25, 31, 423, 1, 27, 194, 4317 }, // U+00C7
    { 28, 31, 413, 0, 31, 217, 4511 }, // U+00C8
    { 28, 31, 413, 0, 31, 217, 4728 }, // U+00C9
    { 28, 31, 413, 0, 31, 217, 4945 }, // U+00CA
    { 28, 30, 413, 0, 30, 210, 5162 }, // U+00CB
    { 16, 31, 225, 0, 31, 124, 5372 }, // U+00CC
    { 16, 31, 225, 0, 31, 124, 5496 }, // U+00CD
    { 16, 31, 225, 0, 31, 124, 5620 }, // U+00CE
    { 16, 30, 225, 0, 30, 120, 5744 }, // U+00CF
    { 31, 27, 479, 0, 27, 210, 5864 }, // U+00D0
    { 34, 31, 521, 0, 31, 264, 6074 }, // U+00D1
    { 28, 31, 488, 2, 31, 217, 6338 }, // U+00D2
    { 28, 31, 488, 2, 31, 217, 6555 }, // U+00D3
    { 28, 31, 488, 2, 31, 217, 6772 }, // U+00D4
    { 28, 31, 488, 2, 31, 217, 6989 }, // U+00D5
    { 28, 30, 488, 2, 30, 210, 7206 }, // U+00D6
    { 13, 12, 300, 3, 17, 39, 7416 }, // U+00D7
    { 32, 31, 488, 0, 29, 248, 7455 }, // U+00D8
    { 31, 31, 537, 4, 31, 241, 7703 }, // U+00D9
    { 31, 31, 537, 4, 31, 241, 7944 }, // U+00DA
    { 31, 31, 537, 4, 31, 241, 8185 }, // U+00DB
    { 31, 30, 537, 4, 30, 233, 8426 }, // U+00DC
    { 27, 31, 467, 4, 31, 210, 8659 }, // U+00DD
    { 20, 27, 479, 0, 27, 135, 8869 }, // U+00DE
    { 17, 25, 324, 0, 25, 107, 9004 }, // U+00DF
    { 16, 21, 306, 0, 21, 84, 9111 }, // U+00E0
    { 16, 21, 306, 0, 21, 84, 9195 }, // U+00E1
    { 16, 21, 306, 0, 21, 84, 9279 }, // U+00E2
    { 16, 22, 306, 0, 22, 88, 9363 }, // U+00E3
    { 16, 20, 306, 0, 20, 80, 9451 }, // U+00E4
    { 16, 23, 306, 0, 23, 92, 9531 }, // U+00E5
    { 31, 17, 516, 0, 17, 132, 9623 }, // U+00E6
    { 17, 21, 284, 0, 17, 90, 9755 }, // U+00E7
    { 16, 21, 275, 0, 21, 84, 9845 }, // U+00E8
    { 16, 21, 275, 0, 21, 84, 9929 }, // U+00E9
    { 16, 21, 275, 0, 21, 84, 10013 }, // U+00EA
    { 16, 20, 275, 0, 20, 80, 10097 }, // U+00EB
    { 7, 22, 165, 1, 21, 39, 10177 }, // U+00EC
    { 8, 22, 165, 1, 21, 44, 10216 }, // U+00ED
    { 9, 22, 165, 1, 21, 50, 10260 }, // U+00EE
    { 9, 21, 165, 1, 20, 48, 10310 }, // U+00EF
    { 25, 31, 343, 0, 30, 194, 10358 }, // U+00F0
    { 21, 23, 366, 0, 22, 121, 10552 }, // U+00F1
    { 19, 21, 309, 0, 21, 100, 10673 }, // U+00F2
    { 19, 21, 309, 0, 21, 100, 10773 }, // U+00F3
    { 19, 21, 309, 0, 21, 100, 10873 }, // U+00F4
    { 19, 22, 309, 0, 22, 105, 10973 }, // U+00F5
    { 19, 20, 309, 0, 20, 95, 11078 }, // U+00F6
    { 11, 12, 300, 4, 17, 33, 11173 }, // U+00F7
    { 23, 21, 309, -2, 19, 121, 11206 }, // U+00F8
    { 19, 21, 346, 1, 21, 100, 11327 }, // U+00F9
    { 19, 21, 346, 1, 21, 100, 11427 }, // U+00FA
    { 19, 21, 346, 1, 21, 100, 11527 }, // U+00FB
    { 19, 21, 346, 1, 21, 100, 11627 }, // U+00FC
    { 25, 30, 381, -1, 21, 188, 11727 }, // U+00FD
    { 24, 39, 346, -3, 30, 234, 11915 }, // U+00FE
    { 25, 30, 381, -1, 21, 188, 12149 }, // U+00FF
    { 31, 30, 535, 0, 30, 233, 0 }, // U+0100
    { 16, 20, 306, 0, 20, 80, 233 }, // U+0101
    { 31, 31, 535, 0, 31, 241, 313 }, // U+0102
    { 16, 22, 306, 0, 22, 88, 554 }, // U+0103
    { 31, 32, 535, 0, 27, 248, 642 }, // U+0104
    { 16, 22, 306, 0, 17, 88, 890 }, // U+0105
    { 25, 31, 423, 1, 31, 194, 978 }, // U+0106
    { 17, 21, 284, 0, 21, 90, 1172 }, // U+0107
    { 25, 31, 423, 1, 31, 194, 1262 }, // U+0108
    { 17, 22, 284, 0, 22, 94, 1456 }, // U+0109
    { 25, 31, 423, 1, 31, 194, 1550 }, // U+010A
    { 17, 21, 284, 0, 21, 90, 1744 }, // U+010B
    { 25, 32, 423, 1, 32, 200, 1834 }, // U+010C
    { 17, 22, 284, 0, 22, 94, 2034 }, // U+010D
    { 31, 31, 479, 0, 31, 241, 2128 }, // U+010E
    { 26, 31, 343, 0, 30, 202, 2369 }, // U+010F
    { 31, 27, 479, 0, 27, 210, 2571 }, // U+0110
    { 25, 31, 343, 0, 30, 194, 2781 }, // U+0111
    { 28, 30, 413, 0, 30, 210, 2975 }, // U+0112
    { 16, 20, 275, 0, 20, 80, 3185 }, // U+0113
    { 28, 32, 413, 0, 32, 224, 3265 }, // U+0114
    { 16, 22, 275, 0, 22, 88, 3489 }, // U+0115
    { 28, 31, 413, 0, 31, 217, 3577 }, // U+0116
    { 16, 21, 275, 0, 21, 84, 3794 }, // U+0117
    { 28, 32, 413, 0, 27, 224, 3878 }, // U+0118
    { 16, 22, 275, 0, 17, 88, 4102 }, // U+0119
    { 28, 31, 413, 0, 31, 217, 4190 }, // U+011A
    { 16, 22, 275, 0, 22, 88, 4407 }, // U+011B
    { 25, 32, 425, 1, 32, 200, 4495 }, // U+011C
    { 24, 32, 321, -3, 21, 192, 4695 }, // U+011D
    { 25, 32, 425, 1, 32, 200, 4887 }, // U+011E
    { 24, 33, 321, -3, 22, 198, 5087 }, // U+011F
    { 25, 31, 425, 1, 31, 194, 5285 }, // U+0120
    { 24, 32, 321, -3, 21, 192, 5479 }, // U+0121
    { 25, 31, 425, 1, 27, 194, 5671 }, // U+0122
    { 24, 33, 321, -3, 17, 198, 5865 }, // U+0123
    { 34, 31, 521, 0, 31, 264, 6063 }, // U+0124
    { 22, 35, 360, -1, 34, 193, 6327 }, // U+0125
    { 34, 27, 521, 0, 27, 230, 6520 }, // U+0126
    { 22, 31, 360, -1, 30, 171, 6750 }, // U+0127
    { 16, 32, 229, 0, 32, 128, 6921 }, // U+0128
    { 12, 23, 165, 1, 22, 69, 7049 }, // U+0129
    { 16, 30, 225, 0, 30, 120, 7118 }, // U+012A
    { 9, 21, 165, 1, 20, 48, 7238 }, // U+012B
    { 16, 32, 225, 0, 32, 128, 7286 }, // U+012C
    { 11, 23, 171, 1, 22, 64, 7414 }, // U+012D
    { 16, 32, 225, 0, 27, 128, 7478 }, // U+012E
    { 8, 29, 165, 0, 24, 58, 7606 }, // U+012F
    { 16, 31, 225, 0, 31, 124, 7664 }, // U+0130
    { 7, 18, 165, 1, 17, 32, 7788 }, // U+0131
    { 35, 27, 537, 0, 27, 237, 7820 }, // U+0132
    { 17, 33, 290, 1, 24, 141, 8057 }, // U+0133
    { 23, 31, 336, 0, 31, 179, 8198 }, // U+0134
    { 14, 30, 143, -5, 21, 105, 8377 }, // U+0135
    { 30, 31, 449, 0, 27, 233, 8482 }, // U+0136
    { 21, 34, 359, 0, 30, 179, 8715 }, // U+0137
    { 25, 31, 419, 0, 31, 194, 8894 }, // U+0139
    { 10, 34, 182, 2, 34, 85, 9088 }, // U+013A
    { 25, 31, 419, 0, 27, 194, 9173 }, // U+013B
    { 11, 34, 182, 0, 30, 94, 9367 }, // U+013C
    { 25, 31, 419, 0, 31, 194, 9461 }, // U+013D
    { 15, 31, 182, 2, 30, 117, 9655 }, // U+013E
    { 30, 27, 509, 0, 27, 203, 9772 }, // U+013F
    { 14, 30, 272, 2, 30, 105, 9975 }, // U+0140
    { 25, 27, 419, 0, 27, 169, 10080 }, // U+0141
    { 12, 30, 182, -1, 30, 90, 10249 }, // U+0142
    { 34, 31, 521, 0, 31, 264, 10339 }, // U+0143
    { 21, 22, 366, 0, 21, 116, 10603 }, // U+0144
    { 34, 31, 521, 0, 27, 264, 10719 }, // U+0145
    { 21, 22, 366, 0, 17, 116, 10983 }, // U+0146
    { 34, 31, 521, 0, 31, 264, 11099 }, // U+0147
    { 21, 22, 366, 0, 21, 116, 11363 }, // U+0148
    { 24, 33, 398, -1, 32, 198, 11479 }, // U+0149
    { 34, 37, 521, 0, 27, 315, 11677 }, // U+014A
    { 21, 27, 366, 0, 17, 142, 11992 }, // U+014B
    { 28, 30, 488, 2, 30, 210, 12134 }, // U+014C
    { 19, 20, 309, 0, 20, 95, 12344 }, // U+014D
    { 28, 32, 488, 2, 32, 224, 12439 }, // U+014E
    { 19, 22, 309, 0, 22, 105, 12663 }, // U+014F
    { 28, 32, 488, 2, 32, 224, 12768 }, // U+0150
    { 19, 22, 309, 0, 22, 105, 12992 }, // U+0151
    { 52, 27, 830, 2, 27, 351, 13097 }, // U+0152
    { 32, 17, 531, 0, 17, 136, 13448 }, // U+0153
    { 28, 31, 461, 0, 31, 217, 13584 }, // U+0154
    { 19, 21, 286, 0, 21, 100, 13801 }, // U+0155
    { 28, 31, 461, 0, 27, 217, 13901 }, // U+0156
    { 19, 21, 286, 0, 17, 100, 14118 }, // U+0157
    { 28, 32, 461, 0, 32, 224, 14218 }, // U+0158
    { 19, 21, 286, 0, 21, 100, 14442 }, // U+0159
    { 23, 31, 349, -1, 31, 179, 14542 }, // U+015A
    { 15, 21, 233, -1, 21, 79, 14721 }, // U+015B
    { 23, 31, 349, -1, 31, 179, 14800 }, // U+015C
    { 15, 22, 233, -1, 22, 83, 14979 }, // U+015D
    { 23, 33, 349, -1, 27, 190, 15062 }, // U+015E
    { 15, 23, 233, -1, 17, 87, 15252 }, // U+015F
    { 23, 32, 349, -1, 32, 184, 15339 }, // U+0160
    { 15, 22, 233, -1, 22, 83, 15523 }, // U+0161
    { 27, 35, 451, 3, 27, 237, 15606 }, // U+0162
    { 14, 31, 244, 1, 24, 109, 15843 }, // U+0163
    { 27, 31, 451, 3, 31, 210, 15952 }, // U+0164
    { 21, 25, 253, 1, 25, 132, 16162 }, // U+0165
    { 27, 27, 451, 3, 27, 183, 16294 }, // U+0166
    { 15, 24, 244, 0, 24, 90, 16477 }, // U+0167
    { 31, 32, 537, 4, 32, 248, 16567 }, // U+0168
    { 19, 22, 346, 1, 22, 105, 16815 }, // U+0169
    { 31, 30, 537, 4, 30, 233, 16920 }, // U+016A
    { 19, 20, 346, 1, 20, 95, 17153 }, // U+016B
    { 31, 32, 537, 4, 32, 248, 17248 }, // U+016C
    { 19, 22, 346, 1, 22, 105, 17496 }, // U+016D
    { 31, 33, 537, 4, 33, 256, 17601 }, // U+016E
    { 19, 23, 346, 1, 23, 110, 17857 }, // U+016F
    { 31, 31, 537, 4, 31, 241, 17967 }, // U+0170
    { 19, 21, 346, 1, 21, 100, 18208 }, // U+0171
    { 31, 32, 537, 4, 27, 248, 18308 }, // U+0172
    { 19, 22, 346, 1, 17, 105, 18556 }, // U+0173
    { 45, 31, 760, 4, 31, 349, 18661 }, // U+0174
    { 34, 21, 548, 1, 21, 179, 19010 }, // U+0175
    { 27, 31, 467, 4, 31, 210, 19189 }, // U+0176
    { 25, 30, 381, -1, 21, 188, 19399 }, // U+0177
    { 27, 30, 467, 4, 30, 203, 19587 }, // U+0178
    { 27, 31, 407, 0, 31, 210, 19790 }, // U+0179
    { 18, 21, 291, 0, 21, 95, 20000 }, // U+017A
    { 27, 30, 407, 0, 30, 203, 20095 }, // U+017B
    { 18, 21, 291, 0, 21, 95, 20298 }, // U+017C
    { 27, 31, 407, 0, 31, 210, 20393 }, // U+017D
    { 18, 21, 291, 0, 21, 95, 20603 }, // U+017E
    { 31, 32, 535, 0, 32, 248, 0 }, // U+01CD
    { 16, 25, 306, 0, 25, 100, 248 }, // U+01CE
    { 16, 31, 225, 0, 31, 124, 348 }, // U+020A
    { 8, 25, 181, 2, 24, 50, 472 }, // U+020B
    { 23, 33, 349, -1, 27, 190, 522 }, // U+0218
    { 15, 23, 233, -1, 17, 87, 712 }, // U+0219
    { 27, 35, 451, 3, 27, 237, 799 }, // U+021A
    { 14, 31, 244, 1, 24, 109, 1036 }, // U+021B
    { 6, 9, 0, 0, 27, 14, 0 }, // U+0301
    { 6, 9, 0, 0, 27, 14, 14 }, // U+0312
    { 6, 9, 0, 0, 27, 14, 28 }, // U+0313
    { 6, 9, 0, 0, 27, 14, 42 }, // U+0314
    { 6, 9, 0, 0, 27, 14, 56 }, // U+0315
    { 6, 9, 0, 0, 27, 14, 70 }, // U+0341
    { 6, 9, 0, 0, 27, 14, 84 }, // U+0343
    { 28, 33, 407, 0, 33, 231, 0 }, // U+0401
    { 25, 27, 411, 1, 27, 169, 231 }, // U+0404
    { 16, 27, 218, 0, 27, 108, 400 }, // U+0406
    { 16, 33, 232, 1, 33, 132, 508 }, // U+0407
    { 31, 27, 535, 0, 27, 210, 640 }, // U+0410
    { 27, 27, 431, 0, 27, 183, 850 }, // U+0411
    { 27, 27, 431, 0, 27, 183, 1033 }, // U+0412
    { 26, 27, 378, 0, 27, 176, 1216 }, // U+0413
    { 33, 32, 480, -1, 27, 264, 1392 }, // U+0414
    { 28, 27, 413, 0, 27, 189, 1656 }, // U+0415
    { 45, 27, 673, -1, 27, 304, 1845 }, // U+0416
    { 23, 27, 373, 0, 27, 156, 2149 }, // U+0417
    { 31, 27, 521, 3, 27, 210, 2305 }, // U+0418
    { 31, 35, 521, 3, 35, 272, 2515 }, // U+0419
    { 30, 27, 443, 0, 27, 203, 2787 }, // U+041A
    { 33, 27, 478, -1, 27, 223, 2990 }, // U+041B
    { 39, 27, 594, 0, 27, 264, 3213 }, // U+041C
    { 34, 27, 521, 0, 27, 230, 3477 }, // U+041D
    { 29, 27, 476, 1, 27, 196, 3707 }, // U+041E
    { 34, 27, 521, 0, 27, 230, 3903 }, // U+041F
    { 28, 27, 431, 0, 27, 189, 4133 }, // U+0420
    { 25, 27, 411, 1, 27, 169, 4322 }, // U+0421
    { 27, 27, 451, 3, 27, 183, 4491 }, // U+0422
    { 29, 27, 502, 4, 27, 196, 4674 }, // U+0423
    { 30, 31, 482, 1, 29, 233, 4870 }, // U+0424
    { 32, 27, 490, 0, 27, 216, 5103 }, // U+0425
    { 34, 32, 521, 0, 27, 272, 5319 }, // U+0426
    { 27, 27, 472, 4, 27, 183, 5591 }, // U+0427
    { 47, 27, 716, 0, 27, 318, 5774 }, // U+0428
    { 47, 32, 718, 0, 27, 376, 6092 }, // U+0429
    { 26, 27, 473, 3, 27, 176, 6468 }, // U+042A
    { 43, 27, 652, 0, 27, 291, 6644 }, // U+042B
    { 26, 27, 425, 0, 27, 176, 6935 }, // U+042C
    { 26, 27, 406, 0, 27, 176, 7111 }, // U+042D
    { 43, 27, 668, 0, 27, 291, 7287 }, // U+042E
    { 32, 27, 460, -1, 27, 216, 7578 }, // U+042F
    { 17, 17, 288, -1, 17, 73, 7794 }, // U+0430
    { 19, 25, 269, -1, 25, 119, 7867 }, // U+0431
    { 18, 17, 305, 0, 17, 77, 7986 }, // U+0432
    { 18, 17, 289, 0, 17, 77, 8063 }, // U+0433
    { 21, 22, 364, -1, 17, 116, 8140 }, // U+0434
    { 16, 17, 257, 0, 17, 68, 8256 }, // U+0435
    { 32, 17, 517, -1, 17, 136, 8324 }, // U+0436
    { 16, 17, 248, -1, 17, 68, 8460 }, // U+0437
    { 18, 17, 353, 1, 17, 77, 8528 }, // U+0438
    { 18, 25, 353, 1, 25, 113, 8605 }, // U+0439
    { 21, 17, 359, 0, 17, 90, 8718 }, // U+043A
    { 21, 17, 356, -1, 17, 90, 8808 }, // U+043B
    { 28, 17, 452, 0, 17, 119, 8898 }, // U+043C
    { 23, 17, 371, 0, 17, 98, 9017 }, // U+043D
    { 18, 17, 309, 0, 17, 77, 9115 }, // U+043E
    { 23, 17, 371, 0, 17, 98, 9192 }, // U+043F
    { 23, 26, 340, -3, 17, 150, 9290 }, // U+0440
    { 17, 17, 272, 0, 17, 73, 9440 }, // U+0441
    { 19, 17, 306, 0, 17, 81, 9513 }, // U+0442
    { 25, 26, 369, -1, 17, 163, 9594 }, // U+0443
    { 22, 35, 365, 0, 26, 193, 9757 }, // U+0444
    { 23, 17, 373, 0, 17, 98, 9950 }, // U+0445
    { 23, 22, 371, 0, 17, 127, 10048 }, // U+0446
    { 20, 17, 343, 1, 17, 85, 10175 }, // U+0447
    { 31, 17, 493, 0, 17, 132, 10260 }, // U+0448
    { 31, 22, 493, 0, 17, 171, 10392 }, // U+0449
    { 19, 17, 328, 0, 17, 81, 10563 }, // U+044A
    { 29, 17, 461, 0, 17, 124, 10644 }, // U+044B
    { 18, 17, 299, 0, 17, 77, 10768 }, // U+044C
    { 18, 17, 272, -1, 17, 77, 10845 }, // U+044D
    { 28, 17, 459, 0, 17, 119, 10922 }, // U+044E
    { 22, 17, 332, -1, 17, 94, 11041 }, // U+044F
    { 16, 24, 263, 0, 24, 96, 11135 }, // U+0451
    { 17, 17, 277, 0, 17, 73, 11231 }, // U+0454
    { 8, 25, 165, 1, 24, 50, 11304 }, // U+0456
    { 11, 25, 177, 1, 24, 69, 11354 }, // U+0457
    { 26, 29, 379, 0, 29, 189, 11423 }, // U+0490
    { 19, 19, 289, 0, 19, 91, 11612 }, // U+0491
    { 0, 0, 300, 0, 0, 0, 0 }, // U+2002
    { 0, 0, 600, 0, 0, 0, 0 }, // U+2003
    { 0, 0, 120, 0, 0, 0, 0 }, // U+2009
    { 12, 3, 233, 1, 11, 9, 0 }, // U+2010
    { 12, 3, 233, 1, 11, 9, 9 }, // U+2011
    { 16, 3, 300, 1, 11, 12, 18 }, // U+2012
    { 16, 3, 300, 1, 11, 12, 30 }, // U+2013
    { 34, 3, 601, 2, 11, 26, 42 }, // U+2014
    { 39, 3, 600, -1, 11, 30, 68 }, // U+2015
    { 9, 27, 392, 8, 27, 61, 98 }, // U+2016
    { 6, 9, 130, 4, 28, 14, 159 }, // U+2018
    { 6, 9, 130, 4, 27, 14, 173 }, // U+2019
    { 6, 9, 130, -1, 4, 14, 187 }, // U+201A
    { 6, 9, 130, 4, 28, 14, 201 }, // U+201B
    { 12, 9, 214, 4, 28, 27, 215 }, // U+201C
    { 12, 9, 214, 4, 27, 27, 242 }, // U+201D
    { 12, 9, 214, -1, 4, 27, 269 }, // U+201E
    { 12, 9, 214, 4, 28, 27, 296 }, // U+201F
    { 11, 29, 322, 6, 27, 80, 323 }, // U+2020
    { 13, 30, 322, 4, 27, 98, 403 }, // U+2021
    { 10, 11, 252, 3, 17, 28, 501 }, // U+2022
    { 11, 13, 276, 3, 18, 36, 529 }, // U+2023
    { 5, 5, 131, 0, 5, 7, 565 }, // U+2024
    { 5, 5, 131, 0, 5, 7, 572 }, // U+2025
    { 23, 5, 438, 0, 5, 29, 579 }, // U+2026
    { 5, 5, 131, 2, 14, 7, 608 }, // U+2027
    { 33, 27, 738, 3, 27, 223, 615 }, // U+2030
    { 7, 10, 150, 3, 28, 18, 838 }, // U+2032
    { 12, 10, 222, 3, 28, 30, 856 }, // U+2033
    { 16, 10, 294, 3, 28, 40, 886 }, // U+2034
    { 6, 9, 130, 4, 27, 14, 926 }, // U+2035
    { 8, 13, 162, 2, 18, 26, 940 }, // U+2039
    { 8, 13, 162, 1, 18, 26, 966 }, // U+203A
    { 14, 3, 300, 3, 13, 11, 992 }, // U+2043
    { 15, 20, 180, 1, 19, 75, 1003 }, // U+2044
    { 10, 11, 252, 3, 17, 28, 1078 }, // U+204C
    { 10, 11, 252, 3, 17, 28, 1106 }, // U+204D
    { 10, 11, 252, 3, 17, 28, 1134 }, // U+2055
    { 14, 17, 249, 2, 28, 60, 0 }, // U+2070
    { 13, 17, 240, 1, 28, 56, 60 }, // U+2074
    { 14, 17, 238, 2, 28, 60, 116 }, // U+2075
    { 14, 17, 240, 2, 28, 60, 176 }, // U+2076
    { 14, 17, 231, 2, 28, 60, 236 }, // U+2077
    { 13, 17, 245, 2, 28, 56, 296 }, // U+2078
    { 14, 17, 228, 1, 28, 60, 352 }, // U+2079
    { 10, 9, 216, 3, 21, 23, 412 }, // U+207A
    { 10, 3, 216, 3, 18, 8, 435 }, // U+207B
    { 14, 17, 249, -1, 12, 60, 443 }, // U+2080
    { 8, 16, 159, -2, 12, 32, 503 }, // U+2081
    { 14, 16, 234, -2, 12, 56, 535 }, // U+2082
    { 14, 16, 241, -1, 12, 56, 591 }, // U+2083
    { 13, 16, 240, -2, 12, 52, 647 }, // U+2084
    { 14, 16, 238, -1, 12, 56, 699 }, // U+2085
    { 14, 16, 240, -1, 12, 56, 755 }, // U+2086
    { 14, 16, 231, -1, 12, 56, 811 }, // U+2087
    { 13, 16, 245, -1, 12, 52, 867 }, // U+2088
    { 14, 16, 228, -2, 12, 56, 919 }, // U+2089
    { 10, 9, 216, 0, 6, 23, 975 }, // U+208A
    { 10, 3, 216, 0, 3, 8, 998 }, // U+208B
    { 48, 27, 760, 1, 27, 324, 0 }, // U+20A9
    { 30, 27, 472, 0, 27, 203, 324 }, // U+20AC
    { 28, 27, 431, 0, 27, 189, 527 }, // U+20B1
    { 24, 27, 364, 0, 27, 162, 716 }, // U+20B4
    { 28, 27, 451, 2, 27, 189, 878 }, // U+20B8
    { 31, 28, 461, 0, 27, 217, 1067 }, // U+20B9
    { 25, 27, 419, 0, 27, 169, 1284 }, // U+20BA
    { 29, 27, 431, -1, 27, 196, 1453 }, // U+20BD
    { 27, 35, 431, 0, 31, 237, 1649 }, // U+20BF
    { 19, 8, 348, -2, 15, 38, 0 }, // U+2190
    { 9, 25, 330, 8, 26, 57, 38 }, // U+2191
    { 19, 8, 348, 2, 15, 38, 95 }, // U+2192
    { 9, 25, 330, 5, 21, 57, 133 }, // U+2193
    { 20, 8, 336, 0, 15, 40, 190 }, // U+2194
    { 13, 35, 337, 4, 29, 114, 230 }, // U+2195
    { 17, 18, 404, 4, 20, 77, 344 }, // U+2196
    { 16, 18, 316, 2, 20, 72, 421 }, // U+2197
    { 17, 18, 404, 4, 20, 77, 493 }, // U+2198
    { 17, 18, 316, 1, 20, 77, 570 }, // U+2199
    { 19, 12, 370, 2, 17, 57, 647 }, // U+21D0
    { 12, 19, 361, 6, 21, 57, 704 }, // U+21D1
    { 19, 12, 370, 3, 17, 57, 761 }, // U+21D2
    { 12, 20, 361, 5, 21, 60, 818 }, // U+21D3
    { 23, 12, 360, 0, 17, 69, 878 }, // U+21D4
    { 30, 26, 542, 5, 26, 195, 0 }, // U+2200
    { 23, 26, 495, 5, 26, 150, 195 }, // U+2203
    { 16, 17, 353, 3, 20, 68, 345 }, // U+2205
    { 18, 19, 360, 1, 22, 86, 413 }, // U+2206
    { 18, 19, 360, 4, 20, 86, 499 }, // U+2207
    { 24, 26, 464, 3, 26, 156, 585 }, // U+2208
    { 16, 3, 336, 3, 12, 12, 741 }, // U+2212
    { 12, 16, 313, 4, 18, 48, 753 }, // U+2213
    { 14, 13, 257, 4, 31, 46, 801 }, // U+2217
    { 10, 10, 240, 3, 16, 25, 847 }, // U+2218
    { 10, 11, 252, 3, 17, 28, 872 }, // U+2219
    { 20, 18, 330, 1, 23, 90, 900 }, // U+221A
    { 21, 12, 376, 2, 17, 63, 990 }, // U+221E
    { 17, 20, 314, 1, 22, 85, 1053 }, // U+2220
    { 8, 19, 376, 8, 21, 38, 1138 }, // U+2225
    { 19, 19, 348, 0, 21, 91, 1176 }, // U+2227
    { 19, 19, 348, 3, 21, 91, 1267 }, // U+2228
    { 14, 15, 361, 3, 18, 53, 1358 }, // U+2234
    { 14, 15, 361, 6, 18, 53, 1411 }, // U+2235
    { 11, 9, 233, 2, 16, 25, 1464 }, // U+2248
    { 13, 14, 233, 1, 16, 46, 1489 }, // U+2260
    { 14, 13, 386, 5, 18, 46, 1535 }, // U+2261
    { 20, 21, 331, 0, 19, 105, 1581 }, // U+2264
    { 19, 21, 331, 0, 19, 100, 1686 }, // U+2265
    { 13, 19, 350, 3, 21, 62, 1786 }, // U+22A5
    { 5, 5, 131, 2, 14, 7, 1848 }, // U+22C5
};

static const EpdUnicodeInterval edslab_18_italicIntervals[] = {
    { 0x20, 0x7E, 0x0 },
    { 0xA0, 0x137, 0x5F },
    { 0x139, 0x17E, 0xF7 },
    { 0x1CD, 0x1CE, 0x13D },
    { 0x20A, 0x20B, 0x13F },
    { 0x218, 0x21B, 0x141 },
    { 0x301, 0x301, 0x145 },
    { 0x312, 0x315, 0x146 },
    { 0x341, 0x341, 0x14A },
    { 0x343, 0x343, 0x14B },
    { 0x401, 0x401, 0x14C },
    { 0x404, 0x404, 0x14D },
    { 0x406, 0x407, 0x14E },
    { 0x410, 0x44F, 0x150 },
    { 0x451, 0x451, 0x190 },
    { 0x454, 0x454, 0x191 },
    { 0x456, 0x457, 0x192 },
    { 0x490, 0x491, 0x194 },
    { 0x2002, 0x2003, 0x196 },
    { 0x2009, 0x2009, 0x198 },
    { 0x2010, 0x2016, 0x199 },
    { 0x2018, 0x2027, 0x1A0 },
    { 0x2030, 0x2030, 0x1B0 },
    { 0x2032, 0x2035, 0x1B1 },
    { 0x2039, 0x203A, 0x1B5 },
    { 0x2043, 0x2044, 0x1B7 },
    { 0x204C, 0x204D, 0x1B9 },
    { 0x2055, 0x2055, 0x1BB },
    { 0x2070, 0x2070, 0x1BC },
    { 0x2074, 0x207B, 0x1BD },
    { 0x2080, 0x208B, 0x1C5 },
    { 0x20A9, 0x20A9, 0x1D1 },
    { 0x20AC, 0x20AC, 0x1D2 },
    { 0x20B1, 0x20B1, 0x1D3 },
    { 0x20B4, 0x20B4, 0x1D4 },
    { 0x20B8, 0x20BA, 0x1D5 },
    { 0x20BD, 0x20BD, 0x1D8 },
    { 0x20BF, 0x20BF, 0x1D9 },
    { 0x2190, 0x2199, 0x1DA },
    { 0x21D0, 0x21D4, 0x1E4 },
    { 0x2200, 0x2200, 0x1E9 },
    { 0x2203, 0x2203, 0x1EA },
    { 0x2205, 0x2208, 0x1EB },
    { 0x2212, 0x2213, 0x1EF },
    { 0x2217, 0x221A, 0x1F1 },
    { 0x221E, 0x221E, 0x1F5 },
    { 0x2220, 0x2220, 0x1F6 },
    { 0x2225, 0x2225, 0x1F7 },
    { 0x2227, 0x2228, 0x1F8 },
    { 0x2234, 0x2235, 0x1FA },
    { 0x2248, 0x2248, 0x1FC },
    { 0x2260, 0x2261, 0x1FD },
    { 0x2264, 0x2265, 0x1FF },
    { 0x22A5, 0x22A5, 0x201 },
    { 0x22C5, 0x22C5, 0x202 },
};

static const EpdFontGroup edslab_18_italicGroups[] = {
    { 0, 5053, 13246, 95, 0 },
    { 5053, 3774, 12908, 96, 95 },
    { 8827, 4751, 21812, 126, 191 },
    { 13578, 544, 1189, 8, 317 },
    { 14122, 22, 126, 7, 325 },
    { 14144, 4131, 12313, 74, 332 },
    { 18275, 622, 1293, 38, 406 },
    { 18897, 535, 1160, 21, 444 },
    { 19432, 858, 1954, 9, 465 },
    { 20290, 435, 1061, 15, 474 },
    { 20725, 874, 1994, 26, 489 },
};

static const uint16_t edslab_18_italicKernLeftCodepoints[] = {
    0x0020, 0x0022, 0x002D, 0x0030, 0x0031, 0x0032, 0x0033, 0x0034, 0x0035, 0x0036, 0x0037, 0x0038,
    0x0039, 0x0041, 0x0042, 0x0043, 0x0044, 0x0045, 0x0046, 0x0047, 0x0048, 0x0049, 0x004A, 0x004B,
    0x004C, 0x004D, 0x004E, 0x004F, 0x0050, 0x0051, 0x0052, 0x0053, 0x0054, 0x0055, 0x0056, 0x0057,
    0x0059, 0x005A, 0x0061, 0x0062, 0x0063, 0x0064, 0x0065, 0x0066, 0x0067, 0x0068, 0x0069, 0x006A,
    0x006B, 0x006C, 0x006D, 0x006E, 0x006F, 0x0070, 0x0071, 0x0072, 0x0073, 0x0074, 0x0075, 0x0076,
    0x0077, 0x0079, 0x007A, 0x0401, 0x0410, 0x0411, 0x0412, 0x0413, 0x0414, 0x0415, 0x0416, 0x0417,
    0x0418, 0x0419, 0x041A, 0x041B, 0x041C, 0x041D, 0x041E, 0x041F, 0x0420, 0x0421, 0x0422, 0x0423,
    0x0424, 0x0425, 0x0426, 0x0427, 0x0428, 0x0429, 0x042A, 0x042B, 0x042C, 0x042D, 0x042E, 0x042F,
    0x0430, 0x0431, 0x0432, 0x0433, 0x0434, 0x0435, 0x0436, 0x0437, 0x0438, 0x0439, 0x043A, 0x043B,
    0x043C, 0x043D, 0x043E, 0x043F, 0x0440, 0x0441, 0x0442, 0x0443, 0x0444, 0x0445, 0x0446, 0x0447,
    0x0448, 0x0449, 0x044A, 0x044B, 0x044C, 0x044D, 0x044E, 0x044F, 0x0451,
};

static const uint8_t edslab_18_italicKernLeftClassIds[] = {
      1,   2,   3,   4,   5,   6,   7,   8,   9,  10,  11,  12,  13,  14,  15,  16,
     17,  18,  19,  20,  21,  22,  23,  24,  25,  26,  27,  28,  29,  30,  31,  32,
     33,  34,  35,  36,  37,  38,  39,  40,  41,  42,  43,  44,  45,  46,  47,  48,
     49,  50,  51,  52,  53,  54,  55,  56,  57,  58,  59,  60,  61,  62,  63,  64,
     65,  66,  67,  68,  69,  70,  71,  72,  73,  74,  75,  76,  77,  78,  79,  80,
     81,  82,  83,  84,  85,  86,  87,  88,  89,  90,  91,  92,  93,  94,  95,  96,
     97,  98,  99, 100, 101, 102, 103, 104, 105, 106, 107, 108, 109, 110, 111, 112,
    113, 114, 115, 116, 117, 118, 119, 120, 121, 122, 123, 124, 125, 126, 127, 128,
    129,
};

static const uint16_t edslab_18_italicKernRightCodepoints[] = {
    0x0022, 0x002D, 0x0030, 0x0031, 0x0032, 0x0033, 0x0034, 0x0035, 0x0036, 0x0037, 0x0038, 0x0039,
    0x0041, 0x0042, 0x0043, 0x0044, 0x0045, 0x0046, 0x0047, 0x0048, 0x0049, 0x004A, 0x004B, 0x004C,
    0x004D, 0x004E, 0x004F, 0x0050, 0x0051, 0x0052, 0x0053, 0x0054, 0x0055, 0x0056, 0x0057, 0x0059,
    0x005A, 0x0061, 0x0062, 0x0063, 0x0064, 0x0065, 0x0066, 0x0067, 0x0068, 0x0069, 0x006A, 0x006B,
    0x006C, 0x006D, 0x006E, 0x006F, 0x0070, 0x0071, 0x0072, 0x0073, 0x0074, 0x0075, 0x0076, 0x0077,
    0x0079, 0x007A, 0x0401, 0x0410, 0x0411, 0x0412, 0x0413, 0x0414, 0x0415, 0x0416, 0x0417, 0x0418,
    0x0419, 0x041A, 0x041B, 0x041C, 0x041D, 0x041E, 0x041F, 0x0420, 0x0421, 0x0422, 0x0423, 0x0424,
    0x0425, 0x0426, 0x0427, 0x0428, 0x0429, 0x042A, 0x042B, 0x042C, 0x042D, 0x042E, 0x042F, 0x0430,
    0x0431, 0x0432, 0x0433, 0x0434, 0x0435, 0x0436, 0x0437, 0x0438, 0x0439, 0x043A, 0x043B, 0x043C,
    0x043D, 0x043E, 0x043F, 0x0440, 0x0441, 0x0442, 0x0443, 0x0444, 0x0445, 0x0446, 0x0447, 0x0448,
    0x0449, 0x044A, 0x044B, 0x044C, 0x044D, 0x044E, 0x044F, 0x0451, 0x2025,
};

static const uint8_t edslab_18_italicKernRightClassIds[] = {
      1,   2,   3,   4,   5,   6,   7,   8,   9,  10,  11,  12,  13,  14,  15,  16,
     17,  18,  19,  20,  21,  22,  23,  24,  25,  26,  27,  28,  29,  30,  31,  32,
     33,  34,  35,  36,  37,  38,  39,  40,  41,  42,  43,  44,  45,  46,  47,  48,
     49,  50,  51,  52,  53,  54,  55,  56,  57,  58,  59,  60,  61,  62,  63,  64,
     65,  66,  67,  68,  69,  70,  71,  72,  73,  74,  75,  76,  77,  78,  79,  80,
     81,  82,  83,  84,  85,  86,  87,  88,  89,  90,  91,  92,  93,  94,  95,  96,
     97,  98,  99, 100, 101, 102, 103, 104, 105, 106, 107, 108, 109, 110, 111, 112,
    113, 114, 115, 116, 117, 118, 119, 120, 121, 122, 123, 124, 125, 126, 127, 128,
    129,
};

static const uint16_t edslab_18_italicKernRowOffsets[] = {
        0,     1,    77,   192,   204,   216,   228,   238,   248,   257,   267,   279,   290,   300,   355,   403,
      451,   501,   531,   582,   625,   659,   699,   731,   782,   827,   869,   921,   969,  1018,  1072,  1114,
     1160,  1214,  1268,  1322,  1376,  1430,  1480,  1508,  1530,  1556,  1584,  1608,  1636,  1665,  1692,  1720,
     1744,  1773,  1801,  1827,  1854,  1880,  1906,  1929,  1954,  1977,  2001,  2029,  2057,  2085,  2113,  2135,
     2153,  2220,  2267,  2314,  2380,  2427,  2446,  2506,  2557,  2598,  2634,  2684,  2718,  2752,  2787,  2840,
     2876,  2920,  2978,  3032,  3098,  3146,  3199,  3248,  3298,  3333,  3376,  3432,  3465,  3515,  3565,  3614,
     3650,  3674,  3696,  3721,  3748,  3782,  3807,  3841,  3864,  3898,  3928,  3955,  3989,  4009,  4033,  4064,
     4091,  4121,  4150,  4185,  4220,  4250,  4277,  4310,  4343,  4377,  4411,  4443,  4471,  4500,  4528,  4559,
     4593,  4621,
};

static const uint8_t edslab_18_italicKernSparseCols[] = {
     81,   2,   4,   5,   6,   7,   8,  10,  12,  14,  18,  21,  26,  28,  30,  37,
     38,  39,  40,  41,  42,  43,  44,  45,  46,  47,  48,  49,  50,  51,  52,  53,
     54,  55,  60,  61,  63,  67,  69,  70,  74,  77,  80,  83,  92,  94,  95,  96,
     97,  98,  99, 100, 101, 102, 105, 106, 107, 108, 109, 110, 111, 112, 113, 114,
    115, 116, 117, 118, 119, 120, 121, 122, 123, 124, 125, 126, 127,   3,   4,   5,
      6,   7,   8,   9,  10,  12,  13,  14,  15,  16,  17,  18,  19,  20,  21,  22,
     23,  24,  25,  26,  27,  29,  30,  31,  32,  33,  34,  35,  36,  37,  38,  39,
     42,  44,  45,  46,  47,  48,  49,  50,  51,  52,  53,  54,  55,  56,  57,  58,
     59,  60,  61,  62,  63,  64,  65,  66,  67,  68,  70,  71,  72,  73,  74,  75,
     76,  78,  79,  80,  81,  82,  83,  84,  85,  86,  87,  88,  89,  90,  91,  92,
     93,  94,  96,  97,  98,  99, 100, 101, 102, 103, 105, 106, 107, 108, 109, 110,
    111, 112, 113, 114, 116, 117, 118, 119, 120, 121, 122, 123, 124, 125, 126, 127,
      0,   1,   2,   4,   5,   6,   7,   8,   9,  10,  11, 128,   0,   1,   2,   3,
      4,   5,   6,   7,   8,   9,  10,  11,   0,   1,   2,   3,   4,   5,   6,   7,
      8,   9,  10,  11,   1,   2,   3,   4,   5,   6,   7,   8,   9, 128,   0,   1,
      2,   3,   4,   5,   6,   7,   9,  10,   1,   4,   5,   6,   7,   9,  10,  11,
    128,   1,   2,   3,   4,   5,   7,   9,  10,  11, 128,   1,   2,   3,   4,   5,
      6,   7,   8,   9,  10,  11, 128,   0,   1,   2,   3,   4,   5,   7,   9,  10,
     11, 128,   1,   2,   4,   5,   6,   7,   8,   9,  10, 128,   0,   1,  12,  13,
     14,  15,  16,  17,  18,  19,  20,  21,  22,  23,  24,  25,  26,  27,  28,  29,
     30,  31,  32,  33,  34,  35,  36,  37,  38,  39,  40,  41,  42,  43,  44,  45,
     46,  47,  48,  49,  50,  51,  52,  53,  54,  55,  56,  57,  58,  59,  60,  61,
     84, 116, 128,   1,  12,  13,  14,  15,  16,  17,  19,  20,  21,  22,  23,  24,
     25,  26,  27,  28,  29,  31,  32,  33,  34,  35,  36,  37,  38,  39,  40,  41,
     42,  43,  44,  45,  46,  47,  48,  49,  50,  51,  52,  53,  54,  55,  56,  60,
     84, 116, 128,   0,   1,  12,  13,  14,  15,  16,  17,  18,  19,  22,  23,  24,
     25,  26,  27,  29,  30,  31,  32,  33,  34,  35,  36,  37,  38,  41,  42,  43,
     44,  45,  46,  47,  48,  49,  50,  51,  52,  54,  56,  57,  58,  59,  60,  61,
     84, 116, 128,   1,  12,  13,  14,  16,  17,  18,  19,  20,  21,  22,  23,  24,
     25,  26,  27,  28,  29,  30,  31,  32,  33,  34,  35,  36,  37,  38,  39,  40,
     41,  42,  43,  44,  45,  46,  47,  49,  50,  51,  52,  53,  55,  56,  57,  58,
     59,  60,  84, 116, 128,   1,  12,  14,  18,  23,  26,  28,  31,  32,  33,  34,
     35,  37,  38,  43,  45,  46,  47,  48,  50,  51,  52,  53,  55,  56,  57,  58,
     59,  60, 116,   1,  12,  13,  14,  15,  16,  17,  18,  19,  20,  21,  22,  25,
     26,  27,  28,  29,  31,  32,  33,  34,  35,  36,  37,  38,  39,  40,  41,  42,
     43,  44,  45,  46,  47,  48,  49,  50,  51,  52,  53,  54,  55,  56,  57,  58,
     59,  60,  61,  84, 116, 128,   0,   1,  12,  13,  14,  15,  16,  17,  18,  19,
     20,  21,  22,  23,  24,  25,  27,  29,  30,  31,  32,  33,  34,  35,  36,  38,
     42,  43,  44,  46,  47,  48,  49,  50,  52,  54,  55,  58,  60,  61,  84, 116,
    128,   1,  12,  14,  18,  21,  26,  28,  30,  31,  32,  33,  34,  35,  36,  37,
     38,  39,  40,  41,  49,  50,  51,  52,  53,  54,  55,  56,  57,  58,  59,  60,
     61,  84, 116,   1,  12,  14,  18,  21,  26,  28,  30,  31,  32,  33,  34,  35,
     37,  38,  39,  40,  41,  42,  43,  44,  45,  46,  47,  48,  49,  50,  51,  52,
     53,  54,  55,  56,  57,  58,  59,  60,  61,  84, 116,   0,   1,  12,  26,  28,
     30,  31,  33,  34,  35,  36,  37,  38,  40,  41,  42,  43,  44,  45,  46,  47,
     48,  49,  50,  54,  55,  57,  60,  61,  84, 116, 128,   1,  12,  14,  15,  17,
     18,  19,  20,  21,  22,  23,  24,  25,  26,  27,  28,  29,  30,  31,  32,  33,
     34,  35,  36,  37,  38,  39,  40,  41,  42,  43,  44,  45,  46,  47,  48,  49,
     50,  51,  52,  53,  54,  55,  56,  57,  58,  59,  60,  61,  84, 116,   0,   1,
     12,  13,  14,  15,  16,  18,  19,  21,  22,  24,  25,  26,  28,  29,  30,  31,
     32,  33,  34,  35,  36,  37,  38,  42,  43,  45,  46,  47,  48,  49,  50,  51,
     52,  54,  55,  56,  57,  58,  59,  60,  61,  84, 116,   1,  12,  14,  18,  21,
     26,  28,  30,  31,  32,  33,  34,  35,  36,  37,  38,  39,  40,  41,  42,  43,
     44,  45,  46,  47,  48,  49,  50,  51,  52,  53,  54,  55,  56,  57,  58,  59,
     60,  61,  84, 116, 128,   1,  12,  13,  14,  15,  16,  17,  18,  20,  21,  23,
     24,  25,  26,  27,  28,  29,  30,  31,  32,  33,  34,  35,  36,  37,  38,  39,
     40,  41,  42,  43,  44,  45,  46,  47,  48,  49,  50,  51,  52,  53,  54,  55,
     56,  57,  58,  59,  60,  61,  84, 116, 128,   0,   1,  12,  13,  14,  15,  16,
     17,  19,  20,  21,  22,  23,  24,  25,  26,  27,  28,  29,  30,  31,  32,  33,
     34,  35,  36,  37,  38,  42,  43,  44,  45,  46,  47,  48,  49,  50,  51,  52,
     54,  55,  58,  59,  60,  61,  84, 116, 128,   0,   1,  12,  13,  14,  15,  16,
     17,  18,  19,  20,  21,  22,  23,  24,  25,  26,  27,  28,  29,  30,  31,  32,
     33,  34,  35,  36,  37,  38,  39,  40,  41,  43,  44,  45,  46,  47,  48,  49,
     50,  51,  53,  55,  56,  60,  61,  84, 116, 128,   0,   1,  12,  13,  14,  15,
     16,  17,  18,  19,  20,  21,  22,  23,  24,  25,  26,  27,  28,  29,  30,  31,
     32,  33,  34,  35,  36,  37,  38,  39,  40,  41,  42,  43,  44,  45,  46,  47,
     48,  49,  50,  51,  52,  53,  54,  55,  56,  57,  58,  59,  60,  61,  84, 116,
      0,   1,  12,  13,  14,  15,  17,  18,  19,  20,  21,  22,  23,  26,  27,  28,
     29,  31,  32,  33,  34,  35,  36,  37,  46,  47,  48,  49,  50,  51,  52,  53,
     54,  55,  56,  57,  58,  59,  60,  61,  84, 116,   0,   1,  12,  13,  14,  15,
     16,  17,  19,  20,  22,  23,  24,  25,  26,  27,  29,  30,  31,  32,  33,  34,
     35,  36,  38,  40,  41,  42,  43,  44,  45,  46,  47,  48,  49,  50,  52,  54,
     56,  57,  58,  59,  60,  61,  84, 116,   1,  12,  13,  14,  15,  16,  17,  18,
     19,  20,  21,  22,  23,  24,  25,  26,  27,  28,  29,  30,  31,  32,  33,  34,
     35,  36,  37,  38,  39,  40,  41,  42,  43,  44,  45,  46,  47,  48,  49,  50,
     51,  52,  53,  54,  55,  56,  57,  58,  59,  60,  61,  84, 116, 128,   1,  12,
     13,  14,  15,  16,  17,  18,  19,  20,  21,  22,  23,  24,  25,  26,  27,  28,
     29,  30,  31,  32,  33,  34,  35,  36,  37,  38,  39,  40,  41,  42,  43,  44,
     45,  46,  47,  48,  49,  50,  51,  52,  53,  54,  55,  56,  57,  58,  59,  60,
     61,  84, 116, 128,   1,  12,  13,  14,  15,  16,  17,  18,  19,  20,  21,  22,
     23,  24,  25,  26,  27,  28,  29,  30,  31,  32,  33,  34,  35,  36,  37,  38,
     39,  40,  41,  42,  43,  44,  45,  46,  47,  48,  49,  50,  51,  52,  53,  54,
     55,  56,  57,  58,  59,  60,  61,  84, 116, 128,   1,  12,  13,  14,  15,  16,
     17,  18,  19,  20,  21,  22,  23,  24,  25,  26,  27,  28,  29,  30,  31,  32,
     33,  34,  35,  36,  37,  38,  39,  40,  41,  42,  43,  44,  45,  46,  47,  48,
     49,  50,  51,  52,  53,  54,  55,  56,  57,  58,  59,  60,  61,  84, 116, 128,
      1,  12,  13,  14,  15,  16,  17,  18,  19,  20,  21,  22,  23,  24,  25,  26,
     27,  28,  29,  30,  31,  32,  33,  34,  35,  36,  37,  38,  39,  40,  41,  42,
     43,  44,  45,  46,  47,  48,  49,  50,  51,  52,  53,  54,  55,  56,  57,  58,
     59,  60,  61,  84, 116, 128,  12,  13,  14,  15,  16,  17,  18,  19,  20,  21,
     22,  23,  24,  25,  26,  27,  28,  29,  30,  31,  32,  33,  34,  35,  36,  37,
     38,  39,  40,  42,  43,  44,  45,  46,  47,  48,  49,  50,  51,  52,  54,  55,
     56,  57,  58,  59,  60,  61,  84, 116,   0,   1,  37,  38,  39,  40,  41,  42,
     43,  44,  45,  46,  47,  48,  49,  50,  51,  52,  53,  54,  55,  56,  57,  58,
     59,  60,  61, 116,   1,  37,  38,  41,  42,  43,  44,  46,  47,  48,  49,  50,
     52,  54,  56,  57,  58,  59,  60,  61, 116, 128,   0,   1,  37,  38,  39,  40,
     42,  43,  44,  46,  47,  48,  49,  50,  51,  52,  53,  54,  55,  56,  57,  58,
     59,  60,  61, 116,   1,  37,  38,  39,  40,  41,  42,  43,  44,  45,  46,  47,
     48,  49,  50,  51,  52,  53,  54,  55,  56,  57,  58,  59,  60,  61, 116, 128,
      0,   1,  37,  38,  42,  43,  44,  45,  46,  47,  48,  49,  50,  51,  52,  54,
     55,  56,  57,  58,  59,  60,  61, 116,   0,   1,  37,  38,  39,  40,  41,  42,
     43,  44,  46,  47,  48,  49,  50,  51,  52,  53,  54,  55,  56,  57,  58,  59,
     60,  61, 116, 128,   0,   1,  37,  38,  39,  40,  41,  42,  43,  44,  45,  46,
     47,  48,  49,  50,  51,  52,  53,  54,  55,  56,  57,  58,  59,  60,  61, 116,
    128,   0,   1,  37,  38,  39,  40,  41,  42,  43,  44,  45,  46,  47,  48,  49,
     50,  51,  52,  53,  54,  56,  57,  58,  59,  60,  61, 116,   0,   1,  37,  38,
     39,  40,  41,  42,  43,  44,  45,  46,  47,  48,  49,  50,  51,  52,  53,  54,
     55,  56,  57,  58,  59,  60,  61, 116,   0,   1,  38,  39,  40,  41,  43,  44,
     46,  47,  48,  49,  50,  51,  52,  53,  54,  55,  56,  58,  59,  60,  61, 116,
      0,   1,  37,  38,  39,  40,  41,  42,  43,  44,  45,  46,  47,  48,  49,  50,
     51,  52,  53,  54,  55,  56,  57,  58,  59,  60,  61, 116, 128,   0,  37,  38,
     39,  40,  41,  42,  43,  44,  45,  46,  47,  48,  49,  50,  51,  52,  53,  54,
     55,  56,  57,  58,  59,  60,  61, 116, 128,   0,   1,  37,  38,  39,  40,  42,
     43,  44,  45,  46,  47,  48,  49,  50,  51,  52,  54,  55,  56,  57,  58,  59,
     60,  61, 116,   0,   1,  37,  38,  39,  40,  41,  42,  43,  44,  45,  46,  47,
     48,  49,  50,  51,  52,  53,  54,  56,  57,  58,  59,  60,  61, 116,   0,   1,
     38,  40,  41,  42,  43,  44,  46,  47,  48,  49,  50,  51,  52,  53,  54,  55,
     56,  57,  58,  59,  60,  61, 116, 128,   0,   1,  37,  38,  39,  40,  41,  42,
     43,  44,  46,  47,  48,  49,  50,  52,  53,  54,  56,  57,  58,  59,  60,  61,
    116, 128,   0,   1,  38,  42,  43,  44,  46,  47,  48,  49,  50,  51,  52,  53,
     54,  55,  56,  57,  58,  59,  60,  61, 116,   0,   1,  37,  38,  39,  40,  41,
     42,  43,  44,  46,  47,  48,  49,  50,  51,  52,  53,  54,  56,  59,  60,  61,
    116, 128,   0,  37,  38,  40,  42,  43,  44,  45,  46,  47,  48,  49,  50,  52,
     54,  55,  56,  57,  58,  59,  60,  61, 116,   0,  37,  38,  42,  43,  44,  45,
     46,  47,  48,  49,  50,  51,  52,  53,  54,  55,  56,  57,  58,  59,  60,  61,
    116,   0,   1,  37,  38,  39,  40,  41,  42,  43,  44,  45,  46,  47,  48,  49,
     50,  51,  52,  53,  54,  55,  56,  57,  58,  59,  60,  61, 116,   1,  37,  38,
     39,  40,  41,  42,  43,  44,  45,  46,  47,  48,  49,  50,  51,  52,  53,  54,
     55,  56,  57,  58,  59,  60,  61, 116, 128,   1,  37,  38,  39,  40,  41,  42,
     43,  44,  45,  46,  47,  48,  49,  50,  51,  52,  53,  54,  55,  56,  57,  58,
     59,  60,  61, 116, 128,   1,  37,  38,  39,  40,  41,  42,  43,  44,  45,  46,
     47,  48,  49,  50,  51,  52,  53,  54,  55,  56,  57,  58,  59,  60,  61, 116,
    128,   0,  37,  38,  39,  42,  43,  44,  46,  47,  48,  50,  51,  52,  53,  54,
     56,  57,  58,  59,  60,  61, 116,   1,  63,  67,  70,  74,  77,  80,  81,  82,
     83,  86,  89,  92,  99, 106, 114, 118, 126,   0,   1,  62,  63,  64,  65,  66,
     67,  68,  69,  70,  71,  72,  73,  74,  75,  76,  77,  78,  79,  80,  81,  82,
     83,  85,  86,  87,  88,  89,  90,  91,  92,  93,  94,  95,  96,  97,  98,  99,
    100, 101, 102, 103, 104, 105, 106, 107, 108, 109, 110, 111, 112, 113, 114, 115,
    117, 118, 119, 120, 121, 122, 123, 124, 125, 126, 127, 128,   1,  62,  63,  64,
     65,  66,  67,  68,  70,  71,  72,  73,  75,  76,  78,  79,  80,  81,  82,  83,
     85,  86,  87,  88,  89,  90,  91,  92,  93,  94,  96,  99, 100, 102, 109, 111,
    112, 113, 114, 115, 118, 121, 122, 124, 125, 126, 127,   1,  62,  63,  64,  65,
     66,  67,  68,  69,  70,  71,  72,  73,  75,  76,  77,  78,  79,  80,  81,  82,
     83,  85,  86,  87,  88,  89,  90,  91,  92,  93,  95,  96,  99, 100, 103, 104,
    109, 111, 112, 113, 114, 115, 118, 121, 124, 127,   1,  62,  63,  64,  65,  66,
     67,  68,  69,  70,  71,  72,  73,  74,  75,  76,  77,  78,  79,  80,  81,  82,
     83,  85,  86,  87,  88,  89,  90,  91,  92,  93,  94,  95,  96,  97,  98,  99,
    100, 101, 102, 103, 104, 105, 106, 107, 108, 109, 110, 111, 112, 113, 114, 115,
    117, 118, 119, 120, 121, 122, 123, 124, 125, 126, 127, 128,   1,  62,  63,  64,
     65,  66,  67,  68,  69,  70,  71,  72,  73,  74,  75,  76,  77,  78,  79,  80,
     81,  82,  83,  85,  86,  87,  88,  89,  90,  92,  93,  94,  99, 101, 102, 103,
    104, 106, 109, 111, 114, 118, 121, 122, 123, 125, 126,   1,  63,  67,  69,  70,
     74,  77,  80,  81,  82,  86,  89,  92,  94,  99, 106, 114, 118, 126,   1,  62,
     63,  64,  65,  66,  67,  68,  69,  70,  71,  72,  73,  74,  75,  76,  77,  78,
     79,  80,  81,  82,  83,  85,  86,  87,  88,  89,  90,  91,  92,  93,  94,  95,
     97,  98,  99, 101, 102, 103, 104, 105, 106, 107, 108, 110, 111, 113, 114, 117,
    118, 119, 120, 121, 122, 123, 124, 125, 126, 128,   0,  62,  63,  64,  65,  66,
     67,  68,  69,  70,  71,  72,  73,  74,  75,  76,  78,  79,  81,  82,  83,  85,
     86,  87,  88,  89,  90,  91,  93,  94,  95,  96,  99, 100, 101, 102, 105, 106,
    109, 111, 112, 114, 115, 118, 120, 122, 123, 124, 126, 127, 128,   1,  63,  67,
     69,  70,  71,  72,  74,  77,  80,  81,  82,  83,  86,  89,  92,  94,  95,  98,
     99, 100, 101, 102, 103, 104, 105, 106, 109, 110, 111, 112, 113, 114, 115, 117,
    118, 121, 124, 125, 126, 127,   1,  63,  67,  69,  70,  71,  72,  74,  77,  80,
     81,  82,  83,  86,  89,  92,  94,  95,  99, 100, 101, 106, 109, 110, 111, 112,
    113, 114, 115, 117, 118, 121, 124, 125, 126, 127,   1,  63,  67,  69,  70,  71,
     72,  74,  77,  80,  81,  82,  83,  86,  89,  92,  94,  95,  96,  97,  98,  99,
    100, 101, 102, 103, 104, 105, 106, 107, 108, 109, 110, 111, 112, 113, 114, 115,
    117, 118, 119, 120, 121, 122, 123, 124, 125, 126, 127, 128,   1,  63,  67,  69,
     70,  71,  72,  74,  77,  80,  81,  82,  83,  86,  89,  92,  94,  95,  99, 101,
    102, 103, 104, 106, 109, 111, 112, 113, 114, 115, 118, 121, 124, 126,   1,  63,
     67,  69,  70,  71,  72,  74,  77,  80,  81,  82,  83,  86,  89,  92,  94,  95,
     99, 101, 102, 103, 104, 106, 109, 111, 112, 113, 114, 115, 118, 121, 124, 126,
      1,  63,  67,  69,  70,  71,  72,  74,  77,  80,  81,  82,  83,  86,  89,  92,
     94,  95,  99, 100, 101, 102, 103, 104, 106, 109, 111, 112, 113, 114, 115, 118,
    121, 124, 126,   0,  62,  63,  64,  65,  66,  67,  68,  69,  70,  71,  72,  73,
     74,  75,  76,  77,  78,  79,  80,  81,  82,  83,  85,  86,  87,  88,  89,  90,
     91,  93,  94,  95,  96,  97,  98,  99, 100, 102, 103, 104, 105, 106, 108, 109,
    112, 118, 121, 122, 124, 126, 127, 128,   1,  63,  67,  69,  70,  71,  72,  74,
     77,  80,  81,  82,  83,  86,  89,  92,  94,  99, 100, 101, 102, 103, 104, 106,
    109, 111, 112, 113, 114, 115, 117, 118, 121, 124, 126, 127,   1,  63,  67,  68,
     69,  70,  71,  72,  74,  80,  82,  83,  85,  86,  89,  91,  92,  94,  95,  96,
     99, 100, 101, 102, 105, 106, 107, 108, 109, 110, 111, 112, 115, 117, 118, 119,
    120, 122, 123, 124, 125, 126, 127, 128,   0,  62,  63,  64,  65,  66,  67,  68,
     69,  70,  71,  72,  73,  74,  75,  76,  77,  78,  79,  80,  81,  82,  83,  85,
     86,  87,  88,  89,  90,  91,  92,  93,  94,  95,  96,  97,  98,  99, 101, 102,
    103, 104, 105, 106, 107, 108, 110, 111, 112, 114, 115, 117, 118, 121, 123, 124,
    125, 126,   1,  63,  65,  67,  68,  69,  70,  71,  72,  74,  77,  79,  80,  81,
     82,  83,  86,  89,  90,  92,  94,  95,  96,  97,  98,  99, 100, 101, 102, 103,
    104, 105, 106, 107, 108, 109, 110, 111, 112, 113, 114, 115, 117, 118, 119, 120,
    121, 122, 123, 124, 125, 126, 127, 128,   1,  62,  63,  64,  65,  66,  67,  68,
     69,  70,  71,  72,  73,  74,  75,  76,  77,  78,  79,  80,  81,  82,  83,  85,
     86,  87,  88,  89,  90,  91,  92,  93,  94,  95,  96,  97,  98,  99, 100, 101,
    102, 103, 104, 105, 106, 107, 108, 109, 110, 111, 112, 113, 114, 115, 117, 118,
    119, 120, 121, 122, 123, 124, 125, 126, 127, 128,   1,  62,  63,  64,  65,  66,
     67,  68,  69,  70,  71,  72,  73,  74,  75,  76,  77,  78,  79,  80,  81,  82,
     83,  85,  86,  87,  89,  90,  91,  92,  93,  94,  96,  99, 100, 102, 103, 104,
    106, 109, 112, 113, 115, 118, 121, 125, 126, 127,   1,  12,  13,  14,  15,  16,
     17,  18,  19,  20,  21,  22,  23,  24,  25,  26,  27,  28,  29,  30,  31,  32,
     33,  34,  35,  36,  37,  38,  39,  40,  41,  42,  43,  44,  45,  46,  47,  48,
     49,  50,  51,  52,  53,  54,  55,  56,  57,  58,  59,  60,  61,  84, 116,   1,
     63,  67,  69,  70,  71,  72,  74,  77,  80,  81,  82,  83,  86,  89,  92,  93,
     94,  95,  97,  98,  99, 100, 101, 102, 103, 104, 105, 106, 107, 108, 109, 110,
    111, 112, 113, 114, 115, 117, 118, 119, 120, 121, 122, 123, 124, 125, 126, 127,
      1,  63,  67,  69,  70,  71,  72,  74,  77,  80,  81,  82,  83,  86,  89,  90,
     92,  93,  94,  95,  97,  98,  99, 100, 101, 102, 103, 104, 105, 106, 107, 108,
    109, 110, 111, 112, 113, 114, 115, 117, 118, 119, 120, 121, 122, 123, 124, 125,
    126, 127,   1,  63,  67,  69,  70,  71,  72,  74,  77,  81,  82,  83,  85,  86,
     89,  92,  94,  99, 101, 102, 103, 104, 106, 109, 111, 112, 113, 114, 115, 117,
    118, 123, 124, 125, 126,   1,  63,  67,  69,  70,  71,  72,  74,  77,  80,  81,
     82,  83,  86,  89,  92,  94,  97,  98,  99, 101, 102, 103, 104, 105, 106, 107,
    108, 109, 110, 111, 112, 113, 114, 115, 117, 118, 121, 122, 123, 124, 125, 126,
      0,   1,  62,  63,  64,  65,  66,  67,  68,  71,  72,  73,  75,  76,  77,  78,
     79,  80,  81,  82,  83,  85,  86,  87,  88,  89,  90,  91,  92,  93,  95,  96,
     97,  99, 100, 101, 103, 104, 105, 106, 109, 110, 111, 112, 113, 114, 115, 117,
    118, 121, 122, 123, 124, 126, 127, 128,   1,  63,  67,  71,  72,  74,  77,  80,
     81,  82,  83,  86,  89,  92,  94,  95,  99, 100, 101, 102, 103, 104, 105, 106,
    109, 111, 113, 114, 115, 118, 121, 123, 127,   0,   1,  62,  63,  64,  65,  66,
     67,  68,  70,  71,  72,  73,  75,  76,  77,  78,  79,  80,  81,  82,  83,  85,
     86,  87,  88,  89,  90,  91,  92,  93,  95,  96,  99, 100, 106, 109, 111, 112,
    113, 114, 115, 117, 118, 122, 123, 124, 125, 127, 128,   0,   1,  62,  63,  64,
     65,  66,  67,  68,  69,  70,  71,  72,  73,  74,  75,  76,  77,  78,  79,  80,
     81,  82,  83,  85,  86,  87,  88,  89,  90,  91,  92,  93,  94,  95,  96,  99,
    100, 101, 102, 106, 109, 112, 113, 121, 123, 124, 126, 127, 128,   0,   1,  62,
     63,  64,  65,  66,  67,  68,  69,  70,  71,  72,  73,  74,  75,  76,  77,  78,
     79,  80,  81,  82,  83,  85,  86,  87,  88,  89,  90,  91,  92,  93,  94,  96,
     98,  99, 100, 102, 106, 107, 108, 109, 112, 113, 122, 126, 127, 128,   1,  63,
     67,  69,  70,  71,  72,  74,  77,  80,  81,  82,  83,  86,  89,  92,  94,  95,
     99, 100, 101, 102, 103, 104, 106, 109, 111, 112, 113, 114, 115, 118, 121, 124,
    126, 127,   0,   1,  95,  99, 100, 101, 102, 103, 104, 105, 106, 107, 109, 111,
    112, 113, 114, 115, 118, 119, 121, 124, 126, 127,   0,   1,  96,  99, 100, 101,
    102, 105, 106, 109, 111, 112, 114, 115, 118, 121, 122, 123, 124, 126, 127, 128,
      0,  95,  96,  97,  98,  99, 100, 101, 102, 105, 106, 107, 108, 109, 111, 112,
    114, 115, 118, 121, 123, 124, 125, 126, 127,   0,  95,  97,  98,  99, 100, 101,
    102, 105, 106, 107, 108, 110, 111, 113, 114, 115, 117, 118, 119, 121, 122, 123,
    124, 125, 126, 128,   0,   1,  95,  96,  97,  98,  99, 100, 101, 102, 103, 104,
    105, 106, 107, 108, 109, 110, 111, 112, 113, 114, 115, 117, 118, 119, 120, 121,
    122, 123, 124, 125, 126, 127,   0,   1,  95,  96,  97,  98,  99, 100, 101, 105,
    106, 107, 108, 109, 110, 111, 112, 114, 115, 118, 123, 124, 125, 126, 127,   0,
      1,  95,  96,  97,  98,  99, 100, 101, 102, 103, 104, 105, 106, 107, 108, 109,
    110, 111, 112, 113, 114, 115, 117, 118, 119, 120, 121, 122, 123, 124, 125, 126,
    127,   0,   1,  96,  98,  99, 100, 101, 102, 103, 104, 105, 106, 107, 109, 111,
    112, 114, 115, 118, 123, 125, 127, 128,   0,   1,  95,  97,  98,  99, 100, 101,
    102, 103, 104, 105, 106, 107, 108, 109, 110, 111, 112, 113, 114, 115, 117, 118,
    119, 120, 121, 122, 123, 124, 125, 126, 127, 128,   0,   1,  95,  96,  97,  98,
     99, 100, 101, 102, 103, 104, 105, 106, 109, 110, 111, 112, 113, 114, 115, 117,
    118, 121, 123, 124, 125, 126, 127, 128,   0,   1,  95,  96,  97,  98,  99, 100,
    101, 102, 103, 104, 105, 106, 107, 109, 111, 112, 113, 114, 115, 118, 120, 122,
    124, 127, 128,   0,   1,  95,  96,  97,  98,  99, 100, 101, 102, 103, 104, 105,
    106, 107, 108, 109, 110, 111, 112, 113, 114, 115, 117, 118, 119, 120, 121, 122,
    123, 124, 125, 126, 127,   0,   1,  95,  96,  99, 100, 101, 102, 103, 104, 106,
    109, 111, 112, 114, 115, 118, 121, 124, 126,   0,   1,  95,  99, 100, 101, 102,
    103, 104, 105, 106, 108, 109, 111, 112, 113, 114, 115, 118, 121, 122, 124, 126,
    127,   0,  96,  97,  98,  99, 100, 101, 102, 103, 104, 105, 106, 107, 108, 109,
    110, 111, 112, 113, 114, 117, 118, 119, 120, 122, 123, 124, 125, 126, 127, 128,
      0,   1,  96,  99, 100, 101, 102, 103, 104, 105, 106, 108, 109, 110, 111, 112,
    113, 114, 115, 117, 118, 121, 122, 123, 124, 126, 127,   0,  95,  96,  97,  98,
     99, 101, 102, 103, 104, 105, 106, 107, 108, 109, 110, 111, 113, 114, 115, 117,
    118, 119, 120, 122, 123, 125, 126, 127, 128,   0,   1,  95,  96,  97,  98,  99,
    100, 101, 102, 103, 104, 105, 106, 107, 109, 111, 112, 113, 114, 115, 117, 118,
    121, 122, 123, 125, 126, 127,   0,   1,  95,  96,  97,  98,  99, 100, 101, 102,
    103, 104, 105, 106, 107, 108, 109, 110, 111, 112, 113, 114, 115, 117, 118, 119,
    120, 121, 122, 123, 124, 125, 126, 127, 128,   0,   1,  95,  96,  97,  98,  99,
    100, 101, 102, 103, 104, 105, 106, 107, 108, 109, 110, 111, 112, 113, 114, 115,
    117, 118, 119, 120, 121, 122, 123, 124, 125, 126, 127, 128,   0,  96,  97,  98,
     99, 100, 101, 102, 103, 104, 105, 106, 107, 108, 109, 110, 111, 112, 113, 114,
    117, 118, 119, 120, 122, 123, 125, 126, 127, 128,   1,  37,  38,  39,  40,  41,
     42,  43,  44,  45,  46,  47,  48,  49,  50,  51,  52,  53,  54,  55,  56,  57,
     58,  59,  60,  61, 116,   0,   1,  95,  97,  98,  99, 100, 101, 102, 103, 104,
    105, 106, 107, 108, 109, 110, 111, 112, 113, 114, 115, 117, 118, 119, 120, 121,
    122, 123, 124, 125, 126, 127,   0,   1,  95,  97,  98,  99, 100, 101, 102, 103,
    104, 105, 106, 107, 108, 109, 110, 111, 112, 113, 114, 115, 117, 118, 119, 120,
    121, 122, 123, 124, 125, 126, 127,   0,   1,  95,  96,  97,  98,  99, 100, 101,
    102, 103, 104, 105, 106, 107, 108, 109, 110, 111, 112, 113, 114, 115, 117, 118,
    119, 120, 121, 122, 123, 124, 125, 126, 127,   0,   1,  95,  96,  97,  98,  99,
    100, 101, 102, 103, 104, 105, 106, 107, 108, 109, 110, 111, 112, 113, 114, 115,
    117, 118, 119, 120, 121, 122, 123, 124, 125, 126, 127,   0,  96,  97,  98,  99,
    100, 101, 102, 103, 104, 105, 106, 107, 108, 109, 110, 111, 112, 113, 114, 115,
    117, 118, 119, 120, 121, 122, 123, 125, 126, 127, 128,   0,   1,  96,  99, 100,
    101, 102, 103, 104, 105, 106, 107, 108, 109, 111, 112, 113, 114, 115, 117, 118,
    120, 122, 123, 124, 125, 126, 127,   0,  95,  96,  97,  98,  99, 100, 101, 102,
    103, 104, 105, 106, 107, 108, 109, 110, 111, 112, 113, 114, 115, 118, 119, 121,
    122, 125, 127, 128,   0,  96,  97,  98,  99, 100, 101, 103, 104, 105, 106, 107,
    108, 109, 110, 111, 112, 114, 115, 117, 118, 119, 120, 122, 123, 125, 127, 128,
      0,   1,  96,  97,  98,  99, 100, 101, 102, 103, 104, 105, 106, 107, 108, 109,
    110, 111, 112, 114, 117, 118, 119, 120, 121, 122, 123, 125, 126, 127, 128,   0,
      1,  95,  96,  97,  98,  99, 100, 101, 102, 103, 104, 105, 106, 107, 108, 109,
    110, 111, 112, 113, 114, 115, 117, 118, 119, 120, 121, 122, 123, 124, 125, 126,
    127,   0,   1,  95,  96,  97,  98,  99, 100, 101, 102, 105, 106, 107, 108, 109,
    111, 112, 113, 114, 115, 118, 119, 122, 123, 124, 125, 126, 127,
};

static const int8_t edslab_18_italicKernSparseValues[] = {
     -13,  -12,  -12,  -12,  -42,  -24,  -12,  -24,  -48,  -24,  -12,   -6,  -36,  -18,  -12,  -18,
      12,  -24,  -24,  -24,   -6,  -24,    6,    6,    6,    6,    6,  -12,  -12,  -24,   -6,  -12,
     -18,   -6,  -12,   -6,  -66,  -42,   -6,  -18,  -54,  -18,  -12,   -6,  -12,  -24,  -42,  -30,
     -18,  -24,  -36,  -24,  -24,  -24,  -24,  -36,  -18,  -18,  -18,  -18,  -18,  -24,  -18,  -12,
     -24,  -18,  -12,  -12,  -12,  -12,   -6,  -12,  -12,  -18,  -18,  -18,  -24,  -24,   -6,  -18,
       6,  -12,    6,  -24,  -12,  -18,  -12,    6,  -18,  -24,  -24,    6,  -24,   -6,   12,  -18,
     -12,  -12,  -18,   -6,  -18,  -24,    6,  -36,  -30,  -66,  -48,  -60,   -6,    6,  -12,    6,
      -6,  -12,    6,  -12,  -18,  -12,  -12,  -12,    6,   -6,    6,  -18,    6,    6,    6,    6,
       6,  -12,   -6,  -18,  -24,  -18,  -18,  -12,  -18,  -18,   -6,  -18,  -18,  -18,   -6,  -12,
     -18,  -12,  -12,    6,  -12,  -18,    6,  -30,  -12,  -36,  -12,  -12,  -18,  -18,  -18,   -6,
     -12,    6,    6,   -6,   -6,  -18,    6,   -6,   -6,   -6,  -12,  -18,   -6,   -6,   12,   -6,
      -6,   12,    6,   -6,  -24,  -12,  -12,  -18,  -18,   12,  -12,  -12,   -6,  -12,  -12,    6,
      -6,    6,   12,  -12,  -18,   12,  -18,    6,  -12,   -6,   12,  -24,  -24,  -24,  -12,   -6,
      -6,  -18,  -18,  -30,  -12,  -18,  -18,  -12,  -12,  -12,   -6,   -6,  -12,  -18,  -12,  -24,
      -6,  -12,  -18,   -6,    6,   -6,   -6,  -12,  -18,    6,  -18,    6,  -24,  -12,  -18,   -6,
      -6,   -6,   -6,  -24,   -6,  -18,  -30,  -12,   -6,   -6,  -12,    6,  -12,  -12,  -12,   -6,
     -18,   -6,   -6,   -6,  -24,  -42,  -30,  -30,  -18,   -6,  -18,  -42,  -30,   -6,  -42,  -30,
     -42,  -48,  -30,  -12,  -36,  -18,  -48,  -24,   -6,   -6,   -6,  -12,  -24,  -24,  -12,  -12,
     -12,  -12,    6,    6,  -12,  -18,    6,  -18,    6,  -12,  -12,  -12,  -66,  -12,  -24,   -6,
     -42,   -6,  -12,  -12,  -54,  -12,  -12,  -12,  -18,  -12,  -12,  -24,  -60,  -12,  -42,  -18,
     -24,  -84,  -84, -128, -128, -120,   -6,  -12,  -54,  -24,  -24,  -30,  -24,  -18,  -30,  -30,
     -30,  -36,  -60,  -30,  -30,  -42,  -30,  -24,  -30,  -18,  -36,  -36,  -72,  -66,  -54,  -18,
     -18,  -30,  -12,   12,  -24,   -6,    6,  -12,  -12,  -12,  -12,   -6,   12,  -12,  -12,   -6,
      -6,   -6,   -6,    6,   -6,  -18,  -30,  -36,  -30,  -42,   -6,   -6,  -18,    6,    6,    6,
      -6,   -6,  -12,    6,   -6,  -12,   -6,   -6,  -12,    6,   -6,    6,  -12,    6,    6,  -18,
      -6,  -12,  -12,   -6,   -6,  -36,  -12,   -6,  -12,  -12,   -6,   -6,  -24,  -18,  -12,  -12,
     -18,  -18,  -30,  -18,  -12,  -30,  -30,  -36,  -36,  -30,  -12,  -12,  -18,   -6,  -12,  -18,
     -30,   -6,  -12,  -18,  -24,  -24,  -18,   -6,  -24,  -24,  -12,  -18,  -18,  -24,  -36,  -18,
     -24,  -24,  -18,   18,  -42,   -6,    6,   -6,   -6,   18,  -12,   -6,    6,   -6,   -6,   -6,
      -6,   12,   -6,   12,  -12,    6,  -12,  -18,  -36,  -36,  -42,   -6,    6,   -6,   12,   12,
       6,   12,   -6,   -6,   30,   12,  -18,    6,    6,    6,   12,    6,   12,   18,   18,   18,
      18,    6,  -30,   -6,  -18,   -6,  -24,   -6,   -6,    6,   -6,   -6,  -18,  -24,  -24,  -18,
     -24,  -12,   -6,   -6,    6,   -6,   -6,   -6,   -6,    6,  -12,    6,    6,   -6,   -6,  -12,
      -6,  -24,   -6,  -12,  -90,   -6,  -18,  -12,   -6,   -6,  -12,  -12,   -6,  -24,   -6,   -6,
     -30,   -6,  -18,   -6,  -18,  -18,  -24,  -30,  -24,  -18,  -48,  -12,  -30,  -30,  -36,  -18,
     -54,  -18,   -6,  -12,  -18,  -12,  -36,  -36,  -42,  -24,  -36,  -36,  -24,  -24,  -12,  -18,
     -24,  -24,  -30,  -30,  -42,  -36,   -6,    6,  -42,  -24,   -6,  -12,  -18,  -12,    6,  -18,
      -6,   -6,  -12,   -6,  -12,  -12,  -18,  -18,   -6,  -36,  -36,  -48,  -42,  -48,  -24,  -30,
     -12,  -18,  -24,  -18,  -30,  -30,  -18,  -18,  -12,  -18,    6,   -6,  -18,  -18,  -24,  -18,
      -6,  -12,  -18,  -30,  -18,  -12,  -30,  -24,  -12,  -12,  -24,  -24,  -18,  -24,   -6,  -24,
     -36,  -24,  -24,  -24,  -24,  -24,  -30,  -24,  -24,  -24,  -18,  -18,  -24,  -36,  -30,  -30,
     -12,  -18,  -18,  -12,  -18,  -18,  -12,  -18,  -18,  -12,  -12,  -12,  -24,  -24,  -30,  -24,
     -18,  -24,  -24,  -24,  -18,  -24,  -12,  -12,  -24,  -30,  -12,  -24,  -18,  -18,  -24,  -24,
     -24,  -18,  -12,  -24,  -18,  -18,  -24,  -36,  -24,  -18,  -12,    6,    6,  -42,    6,    6,
       6,  -12,  -24,  -24,  -30,   -6,  -12,  -36,    6,    6,   -6,  -24,  -18,   18,   -6,  -30,
     -24,   -6,   -6,   -6,    6,    6,  -12,  -18,   -6,  -24,   -6,  -12,  -24,  -24,   -6,   -6,
     -24,   -6,   -6,   -6,   -6,   -6,   -6,   -6,  -36,   -6,  -24,    6,   -6,  -30,  -36,  -30,
     -36,  -36,   -6,   -6,  -24,   -6,   -6,   -6,  -18,  -12,   -6,  -18,  -30,  -18,  -30,  -18,
     -18,  -18,  -24,   -6,  -18,   -6,  -30,  -24,  -48,  -36,  -48,  -12,  -18,  -12,  -24,   -6,
     -24,  -12,  -24,   -6,   -6,  -12,   -6,   -6,   -6,   -6,   -6,  -18,  -18,   -6,   -6,  -96,
     -54,  -78,  -78,  -90,  -12,   -6,  -36,  -12,   -6,  -18,  -30,  -18,  -36,  -18,  -18,  -12,
     -24,  -12,   -6,  -18,  -24,  -42,  -36,  -42,  -18,  -24,  -12,  -12,  -18,  -18,  -18,  -12,
     -24,  -18,   -6,  -24,  -18,  -24,  -24,  -24,  -12,  -24,  -30,  -24,  -18,  -18,  -18,  -12,
     -12,  -18,  -18,  -18,  -12,  -18,  -12,  -18,  -18,   -6,  -18,  -12,  -18,  -18,  -18,  -18,
     -24,  -18,  -18,  -12,   -6,  -12,  -60,  -24,  -30,  -12,  -18,   -6,  -30,   -6,  -30,   -6,
      -6,  -18,  -42,   -6,  -24,   -6,  -12,  -24,  -24,  -24,  -18,  -18,   -6,  -42,  -42,  -30,
     -30,  -30,  -24,  -42,  -24,  -24,  -30,  -36,  -36,  -36,  -30,  -30,  -36,  -30,  -42,  -24,
     -24,  -24,  -24,  -24,  -30,  -24,  -24,  -42,  -24,  -18,    6,  -66,  -12,    6,  -18,  -18,
     -24,  -24,  -12,   -6,  -24,  -12,  -18,  -24,   -6,  -18,    6,  -30,   -6,  -30,  -36,  -54,
     -54,  -54,  -30,  -18,  -30,   -6,  -12,  -24,    6,   -6,  -24,  -18,  -12,  -12,   -6,  -12,
     -12,   -6,   -6,   -6,   -6,  -30,  -42,  -18,  -24,    6,  -18, -102,   -6,    6,   -6,   -6,
      -6,    6,   -6,   -6,  -12,  -18,  -12,  -12,  -12,   -6,  -18,    6,   -6,    6,  -18,  -24,
     -24,  -30,  -18,  -12,  -48,  -30,  -30,  -18,  -36,  -48,  -24,    6,   -6,  -30,  -12,   -6,
     -12,  -24,  -18,   -6,   12,   -6,  -18,  -30,  -12,  -48,  -48,  -24,  -42,  -36,  -48,  -48,
     -48,  -42,  -30,  -36,  -30,  -36,  -54,  -42,  -42,  -48,  -42,  -60,  -42,  -48,  -42,  -84,
     -78, -102, -102, -114,  -48,  -60,  -72,  -42,  -42,  -36,  -18,  -12,  -66,  -42,  -18,  -66,
     -78,  -60,  -48,  -42,  -36,  -42,  -54,  -24,  -42,  -36,  -42,  -42,  -42,  -48,  -66,  -48,
     -12,  -12,  -12,   -6,  -18,   -6,   -6,  -12,   -6,   -6,   -6,   -6,   -6,  -24,   -6,  -12,
      -6,  -30,  -30,  -48,  -48,  -48,   -6,   -6,  -24,  -18,  -36,  -18,  -12,  -12,  -18,  -12,
      -6,   -6,  -18,  -24,  -24,  -30,  -36,  -18,  -12,  -24,  -12,    6,  -36,  -12,   -6,  -12,
      -6,  -12,  -12,   -6,  -12,  -18,   -6,  -12,  -12,   -6,  -18,   -6,  -30,  -36,  -48,  -42,
     -48,   -6,  -36,    6,    6,  -18,  -12,  -18,  -12,  -18,  -24,  -24,  -18,  -18,  -24,  -24,
      -6,   -6,  -24,  -24,  -24,  -12,  -30,  -18,  -36,  -78,  -24,  -24,  -12,  -18,  -12,  -24,
     -12,  -12,  -42,  -12,  -18,  -12,  -12,  -30,  -12,  -18,  -12,  -12,  -24,  -30,  -30,  -36,
     -24,  -30,  -60,  -30,  -48,  -54,  -48,  -36,  -54,  -18,  -18,  -30,  -30,  -30,  -54,  -54,
     -42,  -36,  -48,  -66,  -48,  -30,  -42,  -42,  -42,  -54,  -60,  -24,  -54,  -36,  -24,  -90,
     -18,  -36,  -24,  -18,  -18,  -30,  -18,  -18,  -36,  -18,  -18,  -18,  -12,  -42,  -24,  -30,
     -18,  -24,  -24,  -30,  -30,  -30,  -24,  -30,  -54,  -42,  -48,  -36,  -36,  -42,  -60,  -36,
     -24,  -42,  -30,  -30,  -36,  -48,  -42,  -36,  -36,  -48,  -30,  -30,  -30,  -36,  -30,  -42,
     -42,  -36,  -54,  -30,  -36, -126,  -12,  -48,  -12,  -18,  -18,  -54,  -24,  -18,  -60,  -12,
     -24,  -18,  -24,  -48,  -12,  -60,  -18,  -24,  -36,  -24,  -30,  -30,  -24,  -24,  -78,  -36,
     -78,  -72,  -66,  -48,  -72,  -30,  -42,  -60,  -36,  -36,  -78,  -66,  -78,  -60,  -66,  -66,
     -60,  -42,  -54,  -60,  -60,  -60,  -78,  -36,  -78,  -48,  -48, -120,  -18,  -42,  -18,  -24,
     -18,  -48,  -18,  -12,  -54,  -18,  -18,  -24,  -24,  -54,  -30,  -48,  -18,  -24,  -24,  -24,
     -30,  -24,  -24,  -30,  -60,  -36,  -72,  -78,  -60,  -36,  -84,  -36,  -42,  -60,  -48,  -48,
     -60,  -60,  -66,  -48,  -60,  -60,  -54,  -42,  -48,  -60,  -48,  -66,  -72,  -30,  -66,  -54,
     -42,  -96,  -24,  -48,  -18,  -18,  -18,  -42,  -12,  -12,  -54,  -12,  -18,  -24,  -18,  -66,
     -24,  -54,  -24,  -36,  -24,  -30,  -30,  -30,  -30,  -36,  -84,  -42,  -72,  -72,  -72,  -66,
     -84,  -42,  -48,  -66,  -48,  -48,  -66,  -78,  -78,  -60,  -66,  -72,  -72,  -54,  -54,  -66,
     -66,  -66,  -78,  -30,  -84,  -60,  -36,   -6,  -36,  -12,   -6,   -6,  -24,   -6,   -6,  -12,
     -12,   -6,  -12,  -12,  -30,  -12,  -30,   -6,  -12,  -30,  -30,  -24,  -24,  -30,  -12,   -6,
     -36,  -12,   -6,  -18,   -6,  -24,  -24,  -42,  -30,  -30,  -18,  -18,  -12,  -36,  -24,   -6,
     -36,  -30,  -42,  -48,  -60,  -24,  -18,  -30,   -6,  -12,  -24,  -48,  -24,  -18,  -24,  -30,
     -24,  -30,  -24,  -42,  -30,  -48,  -24,  -30,  -36,  -30,  -24,  -24,  -18,  -36,  -36,  -48,
     -48,  -48,  -24,  -30,    6,  -12,  -36,    6,  -12,  -12,  -18,  -12,  -30,  -36,  -18,  -18,
     -18,  -18,   -6,   -6,  -12,  -12,  -24,  -12,  -24,   -6,   -6,    6,  -18,  -36,   -6,   -6,
      -6,  -12,  -24,  -24,  -24,  -30,  -18,  -18,   -6,  -12,   -6,  -18,   -6,  -18,  -12,  -18,
     -18,  -24,  -18,  -24,  -24,  -18,  -30,  -24,  -12,  -24,  -12,  -12,  -12,  -24,  -36,  -24,
     -30,  -18,  -18,  -24,  -30,  -12,  -18,  -12,  -24,  -30,  -36,  -30,  -42,  -24,  -24,   -6,
     -12,    6,  -24,  -42,  -24,  -12,  -18,   -6,  -18,  -24,  -24,  -18,  -12,   -6,  -18,  -18,
      -6,   -6,  -12,  -12,  -18,  -18,  -18,  -30,   30,   -6,  -30,   -6,  -24,  -24,  -24,  -42,
     -30,  -18,  -30,  -18,  -12,  -36,  -36,  -30,  -24,  -24,  -42,   -6,  -36,  -72,  -72,  -54,
     -96,  -24,  -66,  -12,  -18,   -6,  -24,  -48,  -24,  -12,  -18,  -18,   -6,  -30,   -6,   12,
     -42,  -42,  -18,  -30,  -24,   -6,  -24,  -30,  -24,  -12,  -12,  -12,  -12,  -18,  -24,  -30,
     -24,  -36,   -6,  -12,  -42,  -12,  -12,  -12,  -24,  -12,   -6,  -12,  -24,  -18,  -30,  -18,
     -18,  -12,  -18,   -6,  -18,  -24,  -24,  -30,  -30,  -42,  -12,  -24,  -18,  -24,  -12,  -36,
     -12,  -12,  -12,  -18,  -18,  -18,   -6,  -18,  -30,  -42,  -18,  -12,  -12,  -24,   -6,  -18,
      -6,  -24,  -24,  -36,  -36,  -42,  -18,  -18,    6,   12,  -36,    6,    6,    6,    6,  -12,
      12,  -24,  -30,   -6,   -6,    6,    6,    6,   -6,    6,  -12,  -12,  -12,  -12,  -12,  -18,
     -30,  -18,  -12,  -42,   -6,  -18,  -12,  -18,  -12,   -6,  -12,  -18,  -18,  -42,  -12,  -12,
     -12,  -12,   -6,  -12,  -12,  -18,  -18,  -24,  -30,  -36,  -12,  -18,   -6,   -6,  -24,  -36,
     -18,  -18,   -6,  -24,  -18,  -12,  -18,  -30,  -18,  -36,  -18,  -12,  -24,  -24,  -12,  -24,
      -6,  -24,  -24,  -36,  -36,  -24,  -12,  -18,   -6,   -6,   -6,   -6,  -42,   -6,  -12,  -24,
     -12,   -6,  -12,  -30,  -18,  -36,  -12,  -12,  -12,  -18,  -12,   -6,  -18,  -18,  -30,  -30,
     -36,   -6,  -12,  -18,  -12,  -12,  -42,   -6,  -12,   -6,  -18,   -6,  -18,  -12,  -24,  -18,
     -36,  -12,  -12,   -6,  -18,   -6,  -18,  -18,  -30,  -36,  -36,  -42,   -6,  -12,  -12,   12,
     -30,    6,    6,  -12,  -12,  -18,  -12,  -30,  -24,  -12,  -18,    6,  -12,    6,  -18,    6,
     -12,   -6,   -6,  -18,  -24,  -18,  -24,   -6,   -6,    6,  -12,  -36,    6,    6,    6,  -12,
     -18,  -18,  -12,  -30,  -30,  -12,  -12,  -12,    6,  -18,   -6,  -12,  -12,  -18,  -24,  -12,
     -24,   -6,  -12,    6,  -36,   -6,    6,  -18,   36,  -12,  -30,   -6,   -6,   -6,   24,    6,
      -6,   -6,   -6,   -6,   -6,   -6,   -6,   -6,   -6,  -12,   -6,  -30,  -42,   -6,   -6,   -6,
      -6,  -18,  -36,  -12,  -42,  -30,  -12,  -18,  -12,   -6,  -12,  -18,    6,   -6,   -6,  -12,
     -18,  -24,  -24,   -6,  -36,    6,  -12,  -12,  -12,    6,  -12,  -18,  -30,   -6,  -12,   -6,
     -12,    6,  -12,   -6,  -12,  -12,  -18,  -18,  -12,  -18,  -12,  -36,  -30,   -6,   -6,  -18,
     -30,  -18,  -30,   -6,   -6,    6,  -18,    6,  -12,    6,  -30,  -18,  -36,  -30,  -54,  -12,
     -18,  -18,  -12,  -12,  -42,  -18,  -12,  -12,  -18,   -6,  -18,  -12,  -18,  -24,  -36,  -18,
     -12,  -18,  -18,   -6,   -6,   -6,  -18,  -18,  -24,  -24,  -30,   -6,  -18,  -18,  -42,  -48,
     -24,  -24,  -36,  -36,  -42,  -36,   -6,  -24,  -48,  -36,  -24,  -30,  -30,  -12,  -30,  -24,
     -12,  -18,  -12,  -12,  -18,  -18,  -36,  -48,  -36,  -24,  -42,  -30,  -24,  -30,  -24,  -24,
     -36,  -48,  -18,  -30,  -42,  -30,  -24,  -30,  -36,  -12,  -24,  -30,  -18,  -18,   -6,  -18,
     -12,  -24,  -30,  -42,  -36,  -18,  -42,  -30,  -24,  -24,  -24,  -24,  -42,  -42,  -18,  -24,
     -42,  -42,  -30,  -30,  -36,  -18,  -24,  -36,  -12,  -12,  -18,  -18,  -18,  -24,  -30,  -36,
     -54,   -6,  -12,  -30,   -6,  -12,   -6,  -12,  -12,  -12,  -24,   -6,   -6,   -6,   -6,   -6,
      -6,   -6,  -12,  -12,  -18,  -12,  -12,   -6,  -24,  -24,  -12,   -6,   -6,   -6,   -6,  -12,
      -6,   -6,   -6,   -6,  -12,  -12,   -6,  -12,   -6,  -42,  -30,   -6,  -30,  -18,  -30,   -6,
     -30,  -24,  -12,  -30,  -42,  -42,  -30,   -6,  -24,   -6,  -36,  -24,  -24,  -30,  -84,  -66,
     -36,  -24,  -96,  -18,  -18,  -36,  -18,  -18,  -18,  -18,  -12,   -6,  -12,  -18,  -18,  -36,
     -18,  -30,  -24,  -36,  -36,  -18,  -18,  -18,  -18,  -18,  -18,  -36,  -18,  -48,  -54,  -30,
     -18,  -72,  -18,  -18,  -36,  -18,  -18,  -18,  -18,  -12,  -18,   -6,    6,   -6,  -18,   -6,
      -6,   -6,  -12,   -6,   -6,  -24,  -12,  -12,   -6,   -6,   -6,  -18,    6,  -18,  -36,   12,
     -12,  -24,   -6,  -12,  -12,   -6,  -18,    6,   -6,    6,   18,  -30,   18,    6,   18,   -6,
      18,   12,  -12,   12,   -6,    6,  -18,    6,   -6,   -6,   18,    6,   -6,  -18,   -6,   -6,
      -6,   -6,   -6,    6,   -6,  -18,  -18,   -6,   -6,   -6,   18,   -6,   -6,    6,   -6,  -18,
       6,  -12,  -24,   -6,   -6,  -12,   -6,   -6,    6,  -12,    6,   18,  -18,   18,    6,    6,
      18,   -6,   18,   12,   -6,   12,   -6,    6,   12,   18,  -18,   -6,  -96,   -6,   -6,   -6,
     -30,   -6,   -6,  -24,   -6,   -6,   -6,  -54,   -6,   -6,  -12,   -6,  -12,   -6,   -6,   -6,
      -6,   -6,   -6,   -6,   -6,   -6,   -6,   -6,  -24,   -6,  -24,  -48,  -36,  -24,  -36,  -72,
     -36,  -48,  -54,  -24,  -24,  -30,  -66,  -36,  -42,  -48,  -48,  -36,  -36,  -18,  -24,  -48,
     -36,  -36,  -36,  -36,  -18,  -30,  -30,  -36,  -36,  -54,  -36,  -24,  -12,   -6,  -30,   -6,
      -6,   -6,  -30,   -6,   -6,  -18,   -6,   -6,   -6,   -6,   -6,   -6,  -18,   -6,   -6,  -18,
      -6,  -24,  -12,   -6,  -12,   -6,   -6,   -6,   -6,  -18,   -6,  -12,  -12,  -12,  -12,  -12,
     -12,  -12,  -12,  -12,  -24,  -30,  -18,  -12,  -12,  -12,   -6,   -6,  -24,  -18,   -6,  -12,
      -6,  -12,   -6,   -6,  -18,  -12,   -6,   -6,   -6,  -12,  -12,   -6,   -6,   -6,   -6,   -6,
     -18,   -6,   -6,   -6,  -18,   -6,  -18,  -24,   -6,   -6,   -6,  -12,   -6,   -6,  -24,   -6,
      -6,  -24,   -6,  -24,  -24,   -6,  -24,   -6,   -6,  -18,   -6,   -6,  -18,   -6,   -6,   -6,
     -18,  -12,  -18,  -18,  -18,  -12,  -12,  -18,  -18,  -18,  -18,  -18,  -24,  -24,  -48,  -18,
     -54,  -18,  -18,  -18,  -18,  -18,  -18,  -18,  -18,   -6,  -18,   -6,  -36,   -6,   -6,   -6,
     -30,   -6,   -6,   -6,   -6,   -6,   -6,   -6,   -6,  -12,   -6,   -6,   -6,  -36,    6,   -6,
     -36,   -6,   -6,   -6,   -6,   -6,   -6,   -6,  -12,    6,  -12,   12,  -12,   -6,   -6,  -12,
      12,  -12,   12,   -6,    6,   -6,   -6,   -6,   -6,    6,   -6,   12,  -12,  -12,  -24,  -30,
      -6,   -6,   -6,   -6,  -12,  -18,   -6,  -12,  -24,  -12,  -24,  -12,  -12,   -6,  -18,  -18,
     -24,  -12,  -24,  -12,  -12,  -12,  -12,  -12,  -12,  -12,  -24,  -12,  -24,  -30,  -24,  -18,
     -48,  -30,  -12,  -12,  -12,  -12,  -12,  -24,  -24,  -18,   -6,   -6,   -6,  -12,   -6,  -12,
      -6,  -18,   -6,  -24,  -12,   -6,  -18,  -18,  -24,  -12,  -24,  -12,  -12,  -12,  -24,  -12,
     -24,  -30,  -24,  -18,  -48,  -30,  -12,  -12,  -12,  -12,    6,  -12,  -12,   -6,  -12,  -18,
     -18,   -6,   -6,  -18,   -6,  -24,  -18,  -18,   -6,  -12,  -12,   -6,    6,   -6,   -6,  -18,
       6,  -12,  -12,  -12,  -12,   -6,  -12,   -6,   -6,    6,   -6,  -18,    6,  -12,  -48,    6,
      -6,  -48,   -6,   -6,  -18,   -6,   -6,  -12,   -6,  -12,    6,   -6,  -12,  -18,  -24,  -12,
     -18,  -12,  -12,  -12,  -18,  -18,  -12,  -24,  -18,  -18,   -6,  -12,  -18,  -18,  -18,  -18,
     -18,  -12,  -12,  -12,   -6,  -18,   -6,  -18,  -30,   -6,  -42,  -30,   -6,  -12,  -12,  -30,
     -24,  -12,  -18,  -12,   -6,  -12,  -18,  -18,   -6,  -24,  -12,  -18,  -12,  -18,  -12,  -12,
     -18,  -18,  -12,  -18,  -18,  -12,   -6,  -18,   -6,  -18,  -36,   -6,  -42,  -24,   -6,  -12,
     -12,  -18,  -18,  -12,  -12,  -18,  -12,  -12,  -18,  -12,  -12,  -18,  -12,  -12,  -12,  -12,
     -12,  -12,  -12,  -12,  -12,  -12,  -12,  -12,  -12,   -6,  -24,   -6,  -12,  -24,  -18,  -42,
     -24,  -12,  -12,  -12,   -6,  -48,  -12,  -12,  -12,  -42,  -18,  -18,   -6,  -12,  -12,   -6,
     -12,   -6,  -12,   12,   -6,  -18,   12,  -18,  -36,   18,  -12,  -30,   -6,   -6,  -12,   -6,
      -6,  -12,   -6,   -6,   24,    6,    6,  -30,    6,    6,   12,   12,    6,  -24,   -6,   12,
      12,   -6,    6,   -6,    6,  -18,    6,  -12,  -12,  -24,  -18,   -6,  -12,  -12,  -12,   -6,
     -12,  -12,   -6,  -24,  -12,  -18,  -12,  -12,  -12,  -18,  -12,  -12,  -12,  -12,  -12,  -12,
      -6,  -24,   -6,  -18,  -24,  -12,  -12,  -36,  -18,   -6,  -12,   -6,  -18,  -96,  -48,  -12,
      -6,   -6,  -18,  -12,  -42,    6,  -30,    6,   -6,  -30,   -6,   -6,   -6,   -6,  -18,    6,
     -24,  -12,  -18,  -12,  -12,  -36,   -6,   -6,  -12,   -6,   -6,  -12,  -12,  -12,   -6,   -6,
      -6,   -6,  -12,  -18,  -12,  -48,  -12,  -24,  -12,   -6,  -30,   -6,   -6,   -6,  -30,   -6,
     -12,   -6,  -24,  -24,  -12,   -6,  -12,  -12,   -6,   -6,  -12,    6,  -12,  -36,   -6,   -6,
     -36,   -6,   -6,   -6,   -6,   -6,   -6,   -6,   -6,   -6,    6,  -12,   -6,  -24,  -24,  -18,
     -18,  -12,  -18,  -12,   -6,   -6,   -6,  -12,    6,  -18,   -6,  -12,  -24,  -12,   -6,  -12,
      -6,  -12,  -24,  -84,   -6,  -48,   -6,  -12,  -18,   -6,  -12,  -48,  -12,  -12,  -12,   -6,
     -18,  -12,  -24,  -12,   -6,  -12,  -36,  -36,  -24,  -24,  -18,  -54,  -18,  -36,  -24,  -12,
     -12,  -18,  -54,  -12,  -18,  -30,  -12,  -36,  -30,   -6,  -12,  -36,  -30,  -42,  -18,  -12,
     -12,  -24,  -36,  -36,  -36,  -42,  -18,  -30,  -42,  -18, -114,  -12,  -12,  -12,  -54,  -18,
     -18,  -18,  -18,  -24,  -12,  -60,  -12,  -12,  -48,   -6,   -6,  -42,  -12,  -36,  -42,  -18,
     -36,   -6,   -6,  -12,  -12,  -12,  -30,  -24,  -36,  -84,  -66,  -66,  -72,  -96,  -60,  -78,
     -54,  -48,  -48,  -78,  -96,  -72,  -66,  -78,  -72,  -60,  -78,  -54,  -66,  -84,  -72,  -66,
     -78,  -66,  -60,  -72,  -78,  -84,  -78, -102,  -60,  -60,    6,  -12,  -48,  -12,  -12,  -12,
     -42,  -12,  -12,  -12,  -18,  -18,  -24,  -12,  -18,   -6,   18,  -12,  -12,   24,   -6,  -30,
       6,   -6,  -36,  -12,   -6,   -6,   -6,   -6,  -24,   -6,   18,  -24,   12,    6,    6,    6,
     -24,   12,   12,    6,    6,   -6,   -6,   -6,  -12,   12,  -18,  -24,  -12,  -48,  -12,  -12,
     -12,  -48,  -12,  -12,  -30,  -12,  -12,  -12,  -12,  -66,  -12,  -48,  -12,  -24,  -24,  -30,
     -30,  -30,  -42,  -18,  -24,  -30,  -18,  -18,  -24,  -24,  -18,  -18,  -36,  -36,  -24,  -36,
     -24,  -18,  -30,  -36,  -18,  -18,  -18,  -36,  -36,  -66,  -66,  -72,  -18,  -30,  -30,  -12,
     -36,  -24,  -12,  -24,  -18,  -18,  -12,  -24,  -18,  -12,  -24,  -12,  -30,  -12,  -12,  -12,
     -12,  -12,  -18,  -18,  -24,  -12,  -18,  -12,  -24,  -18,  -18,  -12,  -12,  -12,   -6,  -12,
     -18,   -6,  -18,  -30,   -6,  -12,  -30,  -12,  -12,  -18,   -6,   -6,  -12,  -12,   -6,  -12,
     -12,  -24,  -36,  -12,  -18,  -18,  -18,  -12,  -36,  -18,   -6,  -24,  -24,  -24,  -12,   -6,
     -18,   -6,  -12,   -6,   -6,   -6,  -18,   -6,  -12,  -12,  -18,  -18,   -6,  -12,   -6,   -6,
     -12,   -6,  -18,   -6,  -12,  -24,   -6,   -6,  -30,   -6,   -6,  -12,   -6,   -6,   -6,   -6,
      -6,   -6,  -12,  -24,  -24,   -6,  -12,  -12,  -12,  -12,  -18,  -12,  -30,   -6,   -6,  -30,
     -12,  -12,   -6,  -18,  -12,   -6,   -6,   -6,   -6,   -6,  -18,   -6,  -12,  -24,  -12,   -6,
     -30,   -6,   -6,   -6,   -6,  -12,  -30,  -24,   -6,   -6,  -18,  -18,  -12,  -18,   -6,  -12,
     -24,  -12,  -24,  -12,  -18,  -12,   -6,   -6,  -24,   -6,   -6,  -12,  -12,   -6,  -12,   -6,
      -6,  -12,   -6,  -18,   -6,  -12,  -18,  -18,  -12,  -36,  -18,   -6,   -6,   -6,   -6,   -6,
     -30,    6,   -6,  -18,   -6,   -6,   -6,  -30,   -6,  -18,  -18,  -12,  -12,   -6,    6,   -6,
      -6,    6,  -60,  -48,   12,   -6,  -66,   -6,   -6,  -30,   -6,   -6,    6,   -6,    6,   30,
      -6,  -30,   12,   -6,   -6,   -6,   -6,   -6,   18,   -6,   -6,   12,   12,   -6,   12,   -6,
     -18,    6,   -6,   -6,    6,   -6,   12,   -6,  -12,  -24,  -24,   -6,   -6,   -6,   -6,  -12,
      -6,  -18,   -6,  -24,   -6,   -6,   -6,   -6,  -24,  -12,  -12,   -6,  -12,  -12,   -6,  -12,
     -12,  -18,  -12,  -18,  -18,  -24,  -18,   -6,   -6,  -30,    6,  -12,  -24,   -6,   -6,   -6,
     -30,  -12,   -6,  -24,  -18,  -12,   -6,  -12,    6,   -6,   -6,   18,  -60,  -54,   12,   -6,
     -66,   -6,   -6,  -36,   -6,   -6,    6,   -6,   18,   18,  -24,   12,   -6,   12,   -6,   12,
       6,   -6,   12,   -6,   -6,   -6,   -6,    6,   -6,   12,   -6,  -12,    6,   -6,  -42,   -6,
      -6,   -6,  -24,   -6,   -6,   -6,  -24,  -24,   -6,   -6,   -6,   -6,   12,   -6,   -6,   12,
      -6,  -24,   18,  -12,  -36,  -12,  -12,   -6,   -6,   -6,    6,  -12,   -6,    6,   18,  -24,
      12,   -6,   12,  -12,   12,   12,    6,    6,   -6,   12,   -6,   12,  -18,   -6,    6,  -12,
     -30,  -12,   -6,   -6,  -30,  -12,   -6,   -6,  -18,  -18,  -12,  -12,  -18,  -12,   12,  -12,
     -12,    6,  -12,  -30,   18,  -12,  -36,  -12,  -12,  -12,  -12,  -12,    6,  -12,   -6,   24,
      -6,  -30,   12,    6,  -24,   -6,   -6,   12,    6,    6,   -6,  -12,   12,  -18,  -12,  -30,
     -30,  -12,  -18,  -12,  -12,   -6,  -18,  -12,   -6,  -24,  -12,  -30,  -12,  -12,   -6,  -12,
     -24,   -6,  -12,  -12,  -18,  -18,  -18,  -18,  -24,   -6,  -12,  -30,  -18,  -36,  -24,  -18,
      -6,   -6,  -18,  -18,   -6,  -12,  -12,  -12,   -6,  -18,  -18,   -6,   -6,   -6,  -12,  -30,
      -6,  -12,  -30,   -6,  -42,   -6,  -18,  -12,   -6,  -12,  -12,    6,   18,  -24,   18,   -6,
       6,   -6,   -6,   12,   -6,   12,  -18,   12,  -18,   12,   -6,   -6,    6,   -6,   12,  -18,
     -18,    6,   12,   -6,   -6,  -12,    6,  -12,   -6,   -6,   -6,   -6,   -6,    6,  -12,   12,
      -6,    6,  -12,    6,   -6,    6,   -6,   -6,    6,  -12,  -24,   -6,  -12,  -48,   -6,  -18,
     -12,  -18,  -42,   -6,   -6,   -6,   -6,   -6,   -6,   -6,   -6,  -12,   -6,   -6,  -12,   -6,
      -6,   -6,  -24,  -30,  -24,  -24,  -12,  -12,  -18,  -18,  -18,  -18,  -18,  -18,  -30,  -24,
     -18,  -18,   -6,  -12,  -18,   -6,  -24,  -18,  -24,  -24,  -24,   -6,  -42,  -12,  -12,  -30,
     -12,  -12,  -18,   -6,   -6,  -18,  -18,    6,    6,   18,   -6,   -6,  -12,   12,  -12,  -12,
      -6,   -6,   -6,   12,   -6,   -6,   12,  -12,   12,  -12,   -6,   -6,   -6,   -6,   12,  -18,
     -12,   -6,   -6,   -6,  -12,  -12,  -12,  -12,   -6,   -6,  -18,   -6,  -12,  -12,  -12,  -12,
      -6,  -18,   -6,  -12,  -24,  -12,   -6,  -30,   -6,   -6,  -18,   -6,   -6,  -12,   -6,  -12,
      -6,  -18,   -6,   12,   -6,  -18,   12,   -6,    6,   -6,   -6,   -6,   -6,   -6,    6,  -12,
       6,  -12,   -6,  -12,   -6,   -6,   12,   -6,  -24,  -12,  -12,  -12,  -12,  -24,  -18,  -18,
     -18,  -36,  -36,  -12,   -6,  -18,  -12,  -12,  -12,  -24,  -12,  -24,  -36,  -24,  -12,  -36,
      -6,   -6,  -24,  -12,  -12,  -18,   -6,  -12,  -18,   -6,  -24,  -12,  -12,   -6,  -12,   -6,
     -18,  -12,  -12,  -12,  -36,  -36,  -12,  -12,  -12,   -6,  -30,  -12,  -24,  -24,  -18,  -12,
     -36,  -30,   -6,  -12,   -6,  -12,  -12,   -6,  -24,   -6,   -6,   -6,   -6,   -6,  -12,   -6,
     -12,   -6,  -18,  -12,  -12,  -12,   -6,   -6,  -24,   -6,  -12,  -24,  -12,  -48,   -6,   -6,
      -6,   -6,   -6,  -30,  -12,  -12,  -12,   -6,   -6,  -24,  -18,   -6,  -12,  -18,  -18,   -6,
      -6,   -6,   -6,  -18,   -6,  -24,   -6,  -18,  -36,  -24,   -6,  -36,   -6,   -6,  -18,   -6,
     -12,   -6,   -6,  -12,   -6,  -12,  -12,   -6,    6,  -18,   -6,  -12,   -6,   -6,  -12,   -6,
     -12,  -12,   -6,  -18,  -12,  -18,   -6,   -6,   -6,   -6,  -12,  -12,  -24,  -18,  -12,  -12,
     -12,  -12,   -6,  -12,   -6,  -24,  -18,  -18,   -6,  -18,  -18,  -24,   -6,   -6,  -12,   -6,
      -6,  -18,   12,  -18,  -18,  -36,   12,  -12,   -6,  -12,  -12,  -18,  -18,  -24,  -24,    6,
     -12,  -18,    6,  -12,  -18,  -18,  -24,   -6,  -12,  -12,  -12,   -6,   -6,  -12,    6,  -18,
     -18,  -12,    6,  -24,   -6,   -6,   -6,   -6,   -6,   -6,   -6,   -6,  -24,   -6,  -24,   -6,
      -6,  -18,  -18,   -6,  -12,   -6,   -6,   -6,  -12,   -6,   -6,  -30,  -12,   12,  -12,  -12,
     -30,  -24,   -6,  -12,   -6,  -12,  -18,   -6,  -18,   -6,  -12,  -12,   -6,  -12,    6,   -6,
     -24,   -6,   -6,  -12,  -12,  -12,  -12,    6,  -18,  -12,   -6,   -6,    6,   -6,   -6,  -18,
      -6,   -6,   -6,   -6,   -6,  -12,  -12,   -6,    6,   -6,    6,   -6,  -18,   -6,   -6,  -18,
      -6,   -6,   -6,   -6,   -6,    6,  -12,   -6,  -24,    6,  -12,  -12,  -48,  -12,  -24,  -12,
     -12,  -12,  -18,  -42,  -18,  -18,   -6,   -6,  -18,  -12,  -12,  -12,  -12,  -18,  -12,  -12,
     -12,   -6,  -24,  -18,  -12,  -12,  -30,  -12,  -30,  -12,  -18,  -24,   -6,  -18,  -18,  -60,
     -18,  -24,  -24,  -12,  -12,  -18,  -48,  -24,  -12,  -18,  -12,   -6,  -18,   -6,  -12,  -30,
     -12,  -12,  -12,  -12,   -6,  -12,  -12,  -18,  -18,  -36,  -18,  -30,  -30,   12,  -12,  -12,
     -36,   12,  -24,   -6,   -6,   -6,  -18,  -12,  -24,  -18,    6,  -24,  -12,   12,   -6,  -18,
     -12,  -18,  -12,  -18,  -18,  -12,  -18,  -12,   12,  -18,  -12,  -24,  -48,  -24,  -24,  -30,
     -18,  -24,  -24,  -12,  -24,  -18,  -36,  -18,  -18,  -30,  -18,  -24,  -24,  -18,  -18,  -24,
     -18,  -18,  -24,  -24,  -24,  -12,  -18,   -6,   -6,   -6,  -30,  -18,  -18,   -6,  -12,  -12,
      -6,  -18,   -6,   -6,   -6,   -6,  -12,   -6,  -12,  -18,  -12,   -6,  -24,   -6,   -6,   -6,
      -6,   -6,  -12,   -6,   -6,  -12,   -6,  -18,  -12,   -6,   -6,  -30,  -18,  -24,  -24,  -18,
     -18,   -6,  -18,   -6,   -6,  -18,   -6,  -18,  -12,   -6,  -12,  -24,   -6,  -18,   -6,   -6,
      -6,   -6,   -6,  -12,   -6,   -6,  -18,   -6,  -12,   -6,    6,   -6,   -6,  -30,  -18,  -12,
     -18,  -12,  -12,   -6,  -12,   -6,   -6,   -6,   -6,  -12,   -6,   -6,  -18,  -24,   -6,  -30,
      -6,   -6,   -6,   -6,   -6,  -24,   -6,  -12,   -6,  -12,  -12,  -18,   -6,   -6,   -6,  -30,
     -12,  -18,  -12,  -18,  -18,   -6,  -30,   -6,   -6,  -18,  -12,  -24,  -12,   -6,  -24,  -18,
      -6,  -24,   -6,   -6,   -6,   -6,   -6,  -18,   -6,  -12,  -12,  -18,    6,  -12,   -6,  -18,
       6,  -12,   -6,  -12,  -12,  -12,   -6,  -12,  -12,   12,  -12,  -24,    6,  -12,  -30,    6,
      -6,  -48,   -6,   -6,   -6,   -6,  -12,   -6,   -6,    6,  -12,   -6,  -12,    6,  -30,   -6,
     -12,   -6,  -18,  -18,   -6,  -12,  -12,   -6,  -12,   -6,   -6,   -6,  -18,  -18,   -6,  -18,
      -6,   -6,   -6,   -6,   -6,   -6,   -6,  -24,    6,   12,   -6,   -6,  -30,   12,   -6,   -6,
      -6,  -12,  -12,   -6,   -6,   -6,   12,   -6,  -18,    6,  -12,  -42,    6,  -48,   -6,   -6,
      -6,   -6,   12,   -6,  -18,   18,  -18,  -18,  -36,    6,   -6,   -6,   -6,  -12,  -12,   -6,
      -6,    6,  -12,  -12,    6,  -12,   -6,  -12,  -18,   -6,   -6,   -6,  -12,  -12,    6,  -12,
     -24,    6,   12,  -12,  -12,  -30,    6,  -18,   -6,   -6,   -6,  -18,  -12,  -18,  -12,    6,
     -12,  -18,    6,  -12,  -12,  -18,  -12,  -12,   -6,  -12,  -12,   -6,   -6,    6,  -18,  -18,
     -12,  -18,   -6,   -6,   -6,  -30,  -18,  -24,  -24,  -12,  -12,   -6,  -18,   -6,   -6,  -18,
      -6,  -18,   -6,   -6,  -24,  -24,   -6,  -36,   -6,   -6,   -6,   -6,   -6,   -6,   -6,  -12,
     -18,  -18,    6,   -6,   12,   -6,   -6,  -30,   12,  -12,   -6,   -6,  -18,  -12,   -6,    6,
     -12,    6,   -6,   -6,    6,  -18,   -6,  -12,  -12,   -6,   -6,  -12,   12,
};

static const EpdFontData edslab_18_italic = {
    edslab_18_italicBitmaps,
    edslab_18_italicGlyphs,
    edslab_18_italicIntervals,
    55,
    46,
    35,
    -11,
    true,
    edslab_18_italicGroups,
    11,
    nullptr,
    nullptr,  // kernLeftClasses: built-in fonts use the split arrays below
    nullptr,  // kernRightClasses
    edslab_18_italicKernLeftCodepoints,
    edslab_18_italicKernLeftClassIds,
    edslab_18_italicKernRightCodepoints,
    edslab_18_italicKernRightClassIds,
    nullptr,  // kernMatrix: built-in fonts use the sparse form below
    edslab_18_italicKernRowOffsets,
    edslab_18_italicKernSparseCols,
    edslab_18_italicKernSparseValues,
    129,
    129,
    129,
    129,
    nullptr,
    0,
};
