/**
 * generated by fontconvert.py
 * name: edslab_18_bold
 * size: 18
 * mode: 2-bit  compressed: true
 * Command used: fontconvert.py edslab_18_bold 18 ../builtinFonts/source/EdsLab/EdsLab-Bold.ttf --2bit --compress --pnum --zopfli
 */
#pragma once
#include "EpdFontData.h"

static const uint8_t edslab_18_boldBitmaps[20471] = {
    0xBD, 0x5A, 0x31, 0xCC, 0xE6, 0xC8, 0x59, 0x7E, 0x6D, 0xB3, 0xE7, 0x20, 0x4B, 0xF8, 0x0A, 0x4E,
    0x01, 0xAD, 0x90, 0x53, 0xD0, 0x21, 0x70, 0x4B, 0x67, 0x87, 0x26, 0x45, 0x0A, 0xB6, 0xD8, 0x6F,
    0x57, 0x68, 0x8B, 0x4D, 0x8F, 0xE0, 0xA7, 0xA4, 0x08, 0xB2, 0x25, 0x0A, 0xCA, 0x5C, 0x91, 0x55,
    0xDA, 0x74, 0x48, 0x41, 0x22, 0xBD, 0x14, 0xC5, 0x86, 0x14, 0x29, 0x28, 0xE2, 0x2B, 0x0E, 0xE8,
    0x70, 0xD0, 0xAE, 0x22, 0x44, 0x71, 0x46, 0xF1, 0xE5, 0xFC, 0xE7, 0x6C, 0x3F, 0xCC, 0xF3, 0xCC,
    0x7C, 0xBB, 0xDF, 0xFF, 0x7F, 0xDF, 0xFF, 0x73, 0xB7, 0xE4, 0xF2, 0xAD, 0xFD, 0x3C, 0xF3, 0xDB,
    0xF3, 0xBE, 0xF3, 0xCE, 0x3B, 0x33, 0xEF, 0x8C, 0x67, 0xB6, 0xE9, 0x3F, 0xFB, 0x3F, 0xB3, 0xB2,
    0xED, 0x46, 0x4C, 0x98, 0xBA, 0xB1, 0x6C, 0xF1, 0x7C, 0xBA, 0xE7, 0x32, 0xAB, 0x46, 0x43, 0xEB,
    0x68, 0x30, 0xD4, 0x66, 0x4D, 0x1F, 0x91, 0x3A, 0x47, 0x46, 0x8A, 0x49, 0x68, 0x93, 0x9D, 0x54,
    0x27, 0x9B, 0xE5, 0xD0, 0xEF, 0x22, 0x3D, 0x78, 0xB6, 0x1D, 0xAE, 0xAE, 0x0F, 0x96, 0xAE, 0x56,
    0x38, 0xCD, 0xD9, 0x6A, 0xA5, 0xA3, 0x7C, 0x71, 0x65, 0x38, 0x9A, 0x59, 0x06, 0x5F, 0x38, 0x0B,
    0xA1, 0xDF, 0x74, 0x91, 0x0E, 0xDD, 0x87, 0x4F, 0x70, 0x78, 0x74, 0xA9, 0x70, 0x8B, 0x50, 0xA7,
    0x8E, 0x62, 0xB0, 0x0C, 0x52, 0xE6, 0x28, 0xD9, 0x59, 0x86, 0xD1, 0xF8, 0x8B, 0xF8, 0x10, 0xD7,
    0xCC, 0x0B, 0x0C, 0xB2, 0x7E, 0xB1, 0x12, 0xC0, 0x66, 0xD5, 0xB5, 0x15, 0xBB, 0x2B, 0x85, 0x6A,
    0xD0, 0x5A, 0xE4, 0xB0, 0x0E, 0x68, 0x7F, 0x69, 0x90, 0x7C, 0x37, 0x12, 0xAB, 0x9D, 0x58, 0x60,
    0x77, 0x6F, 0x32, 0x60, 0xA7, 0x1D, 0xC0, 0x4C, 0xCD, 0xD8, 0x4C, 0x54, 0x2B, 0x03, 0x65, 0x62,
    0x0C, 0x92, 0x1C, 0x7E, 0x48, 0xC9, 0x41, 0x4E, 0x1D, 0xA0, 0x27, 0xF4, 0x33, 0x7A, 0x27, 0x98,
    0xA1, 0x6D, 0x00, 0x40, 0x96, 0xAC, 0x96, 0x02, 0x70, 0x05, 0x5D, 0xE1, 0xFA, 0x9E, 0x5A, 0x74,
    0x8B, 0x25, 0x30, 0x19, 0x50, 0xA7, 0x34, 0xA8, 0x04, 0x86, 0x7C, 0xE3, 0x6B, 0x60, 0xCA, 0x57,
    0x95, 0x50, 0x2C, 0xE5, 0x22, 0x9F, 0x65, 0x6B, 0x35, 0xCB, 0x6B, 0xE9, 0x5A, 0x4D, 0x21, 0xC1,
    0xCA, 0xE8, 0x15, 0xA4, 0x6F, 0x2C, 0xAF, 0x99, 0xA0, 0xF8, 0x2F, 0x64, 0x7F, 0x05, 0xFC, 0x1C,
    0x8E, 0xE9, 0xA5, 0x1F, 0xAB, 0xCA, 0x09, 0x90, 0x6D, 0x26, 0x13, 0xE6, 0x7C, 0x4D, 0x95, 0xCB,
    0x8A, 0xA5, 0xC1, 0x24, 0xB7, 0xCC, 0xC0, 0xAA, 0xC4, 0xCF, 0x01, 0xA8, 0xD2, 0x3F, 0x03, 0x94,
    0x09, 0xFF, 0xB2, 0xC7, 0x68, 0x99, 0xF8, 0xC9, 0x42, 0x17, 0x5B, 0x8C, 0x6F, 0xCD, 0xAA, 0x47,
    0x82, 0xDC, 0x27, 0x52, 0xE4, 0xFE, 0x55, 0xB6, 0x65, 0x5B, 0xC4, 0xCC, 0xF9, 0x9A, 0x00, 0x50,
    0x09, 0x91, 0x77, 0x6C, 0xE9, 0xB2, 0x62, 0x66, 0x09, 0x13, 0x7D, 0x46, 0xBF, 0x5F, 0xCB, 0xD1,
    0x34, 0xBC, 0x11, 0x82, 0x18, 0xE3, 0xD5, 0x55, 0x4F, 0xF7, 0x44, 0xAD, 0x77, 0x52, 0xC0, 0x58,
    0xC6, 0x44, 0xBE, 0x2D, 0xBD, 0xD1, 0xDD, 0xA2, 0x27, 0xD4, 0x9E, 0x02, 0xBE, 0xB2, 0xBD, 0x73,
    0xD2, 0x35, 0xA6, 0x74, 0x6D, 0xC6, 0x6E, 0x71, 0x7E, 0xEA, 0xCB, 0x2D, 0x5D, 0xD1, 0xE6, 0xF8,
    0xFA, 0x8A, 0x3A, 0x71, 0x55, 0x40, 0x6D, 0xC0, 0x8C, 0xDE, 0x1A, 0x4C, 0xDD, 0x60, 0x05, 0x86,
    0x66, 0x76, 0x82, 0x6D, 0x85, 0x17, 0x1D, 0xFA, 0x1C, 0x80, 0x93, 0x26, 0xCE, 0xD6, 0x01, 0x57,
    0xAB, 0x65, 0x78, 0x99, 0x6F, 0xA8, 0xCF, 0xFF, 0xB9, 0xB2, 0x59, 0x26, 0xAB, 0xA4, 0xCE, 0x60,
    0x89, 0xBB, 0xB3, 0xDD, 0xAC, 0x58, 0x55, 0x4B, 0x53, 0x6D, 0xD8, 0xA7, 0x35, 0x7E, 0x38, 0x6A,
    0xAC, 0xD4, 0x28, 0xD5, 0x10, 0x95, 0xE7, 0xE8, 0x34, 0x50, 0xBA, 0xBE, 0x70, 0xB7, 0xFE, 0xEE,
    0x94, 0x8F, 0xF9, 0x25, 0x27, 0xF9, 0x30, 0x18, 0x8D, 0x7D, 0x25, 0xDD, 0x83, 0x8F, 0xC0, 0x8C,
    0x54, 0xCE, 0x17, 0x7A, 0x38, 0xE8, 0xA1, 0xEC, 0xCB, 0xEC, 0xF8, 0xFB, 0x43, 0x5A, 0xCC, 0xC0,
    0x30, 0xB8, 0x7B, 0xF6, 0xE6, 0xA6, 0xA0, 0x27, 0x5B, 0xFF, 0xB0, 0x0A, 0xCA, 0x35, 0x20, 0xFD,
    0x10, 0x35, 0xD3, 0xDD, 0x9E, 0x58, 0x22, 0x6B, 0x2E, 0xDE, 0x37, 0x6B, 0xA7, 0x1A, 0x72, 0xB4,
    0xBF, 0x76, 0x46, 0xBA, 0x4A, 0xBF, 0x2A, 0xD1, 0x8C, 0x6A, 0x53, 0xF6, 0xC7, 0x62, 0x57, 0x93,
    0xAA, 0x0A, 0xB4, 0xF8, 0xF7, 0x2C, 0xFC, 0xF2, 0x59, 0xF7, 0x3B, 0xF9, 0xFC, 0x57, 0xF9, 0x47,
    0x9F, 0xCE, 0x25, 0xB0, 0x56, 0xC0, 0x96, 0x01, 0x53, 0x04, 0xF4, 0x64, 0xFE, 0xCD, 0xE7, 0x7C,
    0xCF, 0x7C, 0x41, 0x46, 0x8E, 0x3C, 0x5E, 0x07, 0xBC, 0xC0, 0xC9, 0xEF, 0xF4, 0xD5, 0xEB, 0x20,
    0x3B, 0x55, 0x63, 0x35, 0x74, 0x6D, 0x63, 0x5F, 0xB2, 0xC3, 0xE1, 0x70, 0x9A, 0xFD, 0x34, 0x0E,
    0x9B, 0x7E, 0x59, 0xEF, 0x8A, 0x60, 0x18, 0x74, 0x77, 0x19, 0xBC, 0xDC, 0xD0, 0xAF, 0xC1, 0x5B,
    0x8C, 0x2D, 0xF4, 0x20, 0xEF, 0xC5, 0x2C, 0x9D, 0x9D, 0x08, 0x3D, 0x3B, 0x9E, 0x88, 0xF0, 0xBE,
    0x25, 0x42, 0x87, 0x5F, 0x10, 0xC9, 0x4F, 0x45, 0x58, 0xD2, 0x1B, 0x11, 0xFB, 0x81, 0xBB, 0xDF,
    0xF5, 0x83, 0x64, 0x71, 0x58, 0x6A, 0xE0, 0x2A, 0x10, 0xC5, 0x0A, 0x92, 0x19, 0x5E, 0x75, 0x1B,
    0xBB, 0x44, 0x06, 0x2B, 0x17, 0x8B, 0xD1, 0xFA, 0xEE, 0xD9, 0x8C, 0x6C, 0xF0, 0x8E, 0x1A, 0x47,
    0x10, 0x27, 0xB4, 0x6C, 0x16, 0x8A, 0x17, 0x77, 0xA3, 0xCF, 0x23, 0x29, 0x2F, 0x5B, 0x51, 0x4F,
    0xEF, 0x75, 0x16, 0x8C, 0x6D, 0xB5, 0x2F, 0x2B, 0x55, 0xB9, 0xDE, 0x06, 0x8E, 0x26, 0xD6, 0x1C,
    0x1A, 0x38, 0x6C, 0x67, 0xE0, 0xCD, 0xF5, 0x04, 0x16, 0xBD, 0xDD, 0x45, 0xD9, 0x1B, 0x0D, 0x65,
    0x0F, 0x31, 0x30, 0xA8, 0xD3, 0x02, 0x38, 0x7B, 0xC0, 0xEE, 0xB1, 0x1F, 0xB0, 0x38, 0xFB, 0xCA,
    0xB5, 0x1A, 0x2C, 0x27, 0x64, 0x9B, 0x33, 0x3A, 0xDD, 0xAA, 0xF7, 0x4D, 0x51, 0x51, 0x31, 0xB7,
    0x24, 0x34, 0x33, 0xDD, 0x38, 0xF9, 0x29, 0x20, 0x02, 0xFB, 0x25, 0x56, 0x5A, 0x3F, 0x5A, 0x82,
    0x9D, 0x31, 0xC6, 0x65, 0xA8, 0x34, 0x15, 0xB8, 0x9A, 0x6E, 0xDD, 0xE8, 0x00, 0x3D, 0xE1, 0xC3,
    0xC3, 0xD3, 0x0D, 0x00, 0x6E, 0x43, 0x4E, 0xB4, 0x73, 0x7C, 0x70, 0x38, 0x34, 0x8A, 0xC8, 0xD4,
    0xA8, 0xC1, 0x4A, 0xED, 0x0A, 0xC2, 0x2B, 0x11, 0xD3, 0xC9, 0xE3, 0xBD, 0x26, 0x62, 0x14, 0xAE,
    0xC2, 0x30, 0x93, 0x11, 0x35, 0x74, 0xED, 0x38, 0xD1, 0xDD, 0x98, 0x6E, 0xD2, 0x56, 0x2D, 0xDD,
    0x33, 0x4F, 0x35, 0x73, 0xA0, 0x17, 0x38, 0x34, 0xBB, 0x6C, 0x58, 0x2D, 0x01, 0x30, 0xAB, 0x6D,
    0x18, 0x22, 0xB0, 0xD8, 0x1B, 0x51, 0x10, 0x13, 0x61, 0x26, 0x2C, 0x84, 0x95, 0x10, 0xC4, 0x58,
    0x98, 0x82, 0x05, 0xE6, 0x9B, 0x82, 0xC2, 0x42, 0xEC, 0x26, 0x15, 0x37, 0x38, 0x4C, 0xD0, 0x3A,
    0xCC, 0x41, 0x9D, 0xE5, 0x4A, 0x6C, 0xAE, 0xDD, 0xA2, 0xA0, 0x06, 0x7F, 0xFD, 0x39, 0x5E, 0x9A,
    0x2D, 0xDF, 0x73, 0xF9, 0x59, 0x2E, 0xFA, 0x73, 0x4C, 0x54, 0x8B, 0x0B, 0xB8, 0x1F, 0x0E, 0x8F,
    0x15, 0xBC, 0xEC, 0x6E, 0x04, 0x5E, 0x0A, 0x51, 0x0B, 0x35, 0x5A, 0xE8, 0x8D, 0xFF, 0x7A, 0x02,
    0x35, 0x40, 0xBE, 0x2B, 0x5B, 0xF0, 0x70, 0x4D, 0xBA, 0x89, 0x69, 0xCD, 0xE7, 0xAA, 0xA6, 0x55,
    0x13, 0xAB, 0x59, 0xEE, 0x87, 0x6E, 0x0B, 0x4B, 0x93, 0xB0, 0x14, 0x40, 0xF0, 0xED, 0x4B, 0xCA,
    0x5C, 0x51, 0x65, 0xAA, 0xE7, 0x25, 0x7C, 0xBF, 0xC2, 0xCE, 0xA9, 0xF0, 0x39, 0xE8, 0xEB, 0xD8,
    0xE9, 0x04, 0x35, 0xE7, 0xAB, 0x70, 0x71, 0xA8, 0x30, 0xF9, 0x8E, 0xD3, 0xDF, 0x5D, 0x9B, 0x55,
    0x9F, 0x02, 0x83, 0x55, 0xD2, 0xDF, 0x00, 0xD8, 0x1C, 0xBE, 0xB8, 0x82, 0xFA, 0x22, 0xEA, 0xC6,
    0x8F, 0x6A, 0xC6, 0x75, 0xAD, 0x1D, 0x9B, 0x80, 0x95, 0x9E, 0x54, 0x23, 0xDF, 0x96, 0x13, 0x7B,
    0x42, 0xBE, 0x59, 0x0A, 0xC6, 0x85, 0x66, 0x0F, 0x1E, 0x33, 0x40, 0xBD, 0x5E, 0xD6, 0x86, 0xF1,
    0x09, 0xAC, 0xB7, 0xC0, 0x05, 0xC5, 0xAB, 0xC5, 0x4F, 0xE2, 0x8A, 0xDD, 0xD4, 0xA8, 0xEE, 0x17,
    0xFC, 0x94, 0xEE, 0xC7, 0xC1, 0x54, 0x28, 0xDB, 0xCC, 0x6C, 0xCC, 0xDB, 0x0D, 0x21, 0x6F, 0x8C,
    0xDA, 0xE7, 0x3D, 0x1D, 0x78, 0xB3, 0x54, 0xDE, 0x9F, 0x8D, 0x49, 0x30, 0xD0, 0x40, 0x26, 0x2B,
    0xEE, 0x63, 0x2C, 0x70, 0xC0, 0x5C, 0x2E, 0x56, 0x72, 0x78, 0x6B, 0x64, 0xA7, 0x01, 0x46, 0xCB,
    0x56, 0xA7, 0xB8, 0x58, 0xB8, 0x32, 0x9C, 0x99, 0x79, 0x3A, 0x15, 0x03, 0xE6, 0xCA, 0x35, 0xD6,
    0xDA, 0x39, 0xB1, 0x9D, 0x03, 0x98, 0x15, 0x8F, 0x01, 0x36, 0xA9, 0x52, 0x7A, 0xD6, 0xF0, 0xAD,
    0xF2, 0x49, 0x82, 0x4D, 0x3A, 0x44, 0x60, 0xAE, 0x87, 0x6C, 0xD0, 0x0C, 0xEF, 0x9B, 0xB7, 0xC8,
    0x9B, 0x64, 0xB9, 0xBC, 0x58, 0xE1, 0xE0, 0x1C, 0xC8, 0x75, 0xC5, 0xCA, 0x1A, 0x25, 0xBB, 0x9F,
    0x01, 0x89, 0x86, 0x30, 0xBF, 0x07, 0x6C, 0x89, 0x5C, 0xB8, 0xAA, 0xF5, 0x52, 0xD4, 0xD5, 0x66,
    0x57, 0xA8, 0x59, 0x1A, 0xEA, 0x4C, 0x18, 0x0B, 0xAD, 0xC4, 0x4F, 0x61, 0xEF, 0x46, 0x8F, 0x63,
    0x30, 0xFE, 0x27, 0x1A, 0x52, 0xE9, 0x46, 0x74, 0xA5, 0x30, 0xB6, 0x2D, 0x56, 0xED, 0x4F, 0x30,
    0x19, 0x65, 0x9D, 0x07, 0x10, 0xEA, 0x42, 0xCF, 0x3D, 0xA4, 0x9D, 0xE7, 0x33, 0x98, 0xFF, 0xDD,
    0x7C, 0x73, 0x5F, 0xAE, 0xF3, 0x49, 0x92, 0x73, 0xCE, 0xC0, 0x77, 0xD3, 0x31, 0x6A, 0x2A, 0xF8,
    0x2A, 0x4E, 0xAA, 0xAD, 0xE8, 0xA3, 0xD9, 0xAC, 0x51, 0x75, 0x17, 0x1F, 0xEC, 0xC2, 0x9F, 0x7A,
    0x61, 0xDD, 0x6E, 0x94, 0x1A, 0x4D, 0x62, 0x52, 0x10, 0x54, 0x49, 0xA9, 0x25, 0x03, 0x4E, 0x7E,
    0xDF, 0xFB, 0xDE, 0xF7, 0x4E, 0xFF, 0xFC, 0xA6, 0xC6, 0x61, 0x4B, 0x58, 0x6E, 0xA9, 0x55, 0xF2,
    0x96, 0xDA, 0x08, 0x9F, 0xDD, 0x4C, 0x2A, 0xFD, 0x6B, 0xD3, 0x98, 0xC5, 0xFB, 0xF4, 0xE6, 0xC6,
    0x11, 0xEB, 0x17, 0xFB, 0x43, 0x77, 0xFD, 0x04, 0x9C, 0x01, 0x4B, 0x4E, 0x86, 0xF9, 0x8C, 0xDE,
    0x41, 0x47, 0x68, 0x5A, 0xF7, 0xEC, 0x5D, 0xA7, 0x48, 0x05, 0x0D, 0x2C, 0xA8, 0xF5, 0x75, 0x8C,
    0xA9, 0x3F, 0x45, 0x1F, 0xC2, 0x8A, 0xBE, 0x72, 0x8A, 0xE9, 0x1C, 0x1E, 0x3C, 0x72, 0x90, 0x8D,
    0xAC, 0xBE, 0x46, 0xD0, 0x2A, 0x08, 0x7F, 0xEA, 0x85, 0x4C, 0xFA, 0xAE, 0xB8, 0x00, 0x42, 0x2C,
    0xF2, 0x91, 0x4B, 0xAD, 0xAE, 0xFA, 0x96, 0x78, 0x75, 0xE8, 0xB4, 0x20, 0xDC, 0x5C, 0xF4, 0xC0,
    0x64, 0x11, 0xAD, 0x09, 0x71, 0x22, 0x7A, 0x64, 0xF9, 0xC6, 0x81, 0xD5, 0x70, 0x4D, 0xEC, 0x6C,
    0x89, 0x81, 0x31, 0x42, 0x5D, 0x72, 0x84, 0x2C, 0x86, 0xBE, 0x1A, 0x55, 0x61, 0xC6, 0x8F, 0x74,
    0x49, 0x77, 0x73, 0xCD, 0xED, 0x12, 0x8C, 0x72, 0x23, 0xDA, 0xC4, 0x65, 0xF7, 0x35, 0x2F, 0x01,
    0xAD, 0x0A, 0x62, 0x84, 0x44, 0x76, 0x4C, 0x14, 0xD7, 0x91, 0x12, 0x6D, 0x39, 0x1E, 0x13, 0x03,
    0xA5, 0xC6, 0xAE, 0x2F, 0xA7, 0x02, 0x75, 0x35, 0x34, 0x03, 0x8D, 0xFF, 0x57, 0xF4, 0xD5, 0xA4,
    0xE9, 0x90, 0xB3, 0x53, 0x0A, 0x54, 0x54, 0xB0, 0x46, 0x98, 0x73, 0xAC, 0xF4, 0xD4, 0x03, 0x8B,
    0x31, 0x5A, 0xAA, 0xE6, 0xF8, 0x0D, 0xD3, 0x1F, 0x66, 0xBF, 0x1D, 0xFA, 0x4D, 0x24, 0xBF, 0xE0,
    0x9A, 0x31, 0x97, 0x2D, 0x18, 0xEA, 0x1E, 0x31, 0xB1, 0x04, 0xFF, 0x50, 0x92, 0x01, 0x8D, 0xC3,
    0x95, 0x62, 0x98, 0x02, 0xCF, 0x81, 0x97, 0xC0, 0xAB, 0xF8, 0xCB, 0xD2, 0xA0, 0xE1, 0x2C, 0x4E,
    0x83, 0x83, 0xF3, 0x0D, 0xAD, 0x78, 0x45, 0x4F, 0x2E, 0xE7, 0x66, 0x24, 0x57, 0x53, 0x25, 0x85,
    0xCD, 0x58, 0x4A, 0x21, 0xFA, 0x7C, 0x09, 0x4C, 0x85, 0x0C, 0xE8, 0xBB, 0xD4, 0x85, 0xF8, 0x88,
    0xC3, 0x53, 0x2A, 0x54, 0x95, 0xFB, 0x37, 0x5C, 0x92, 0xB9, 0xEE, 0x25, 0x6B, 0x59, 0xEC, 0xA3,
    0xA2, 0xF2, 0xAC, 0x8E, 0x5B, 0x2D, 0xC7, 0x9F, 0xE0, 0xDB, 0x66, 0xCF, 0xF6, 0xC7, 0x21, 0x60,
    0xAF, 0x77, 0x71, 0x03, 0xF0, 0xEB, 0x8A, 0x84, 0xC1, 0xD3, 0xE2, 0x69, 0xB3, 0xF7, 0xF0, 0xE2,
    0x70, 0x05, 0x4D, 0x62, 0x89, 0x88, 0xF7, 0x9D, 0x14, 0xB2, 0x14, 0x24, 0x89, 0x8B, 0x16, 0x4F,
    0xBB, 0x88, 0x2E, 0x76, 0x3A, 0x9F, 0xA1, 0x97, 0x5C, 0x37, 0x8A, 0xAA, 0x49, 0x54, 0x7A, 0x2A,
    0x6E, 0xFC, 0x15, 0xDE, 0x61, 0xA4, 0x2D, 0xCF, 0xD1, 0xCB, 0x32, 0xD4, 0xA2, 0xDD, 0x44, 0xB3,
    0x68, 0xAF, 0xD5, 0xD9, 0x5F, 0xFA, 0x86, 0x90, 0xA8, 0xFC, 0x14, 0x8C, 0x48, 0xC0, 0xE9, 0x56,
    0x9F, 0x93, 0xD9, 0xAE, 0x71, 0xC5, 0x3E, 0xB6, 0x88, 0xAA, 0x49, 0xC4, 0xC9, 0x30, 0xD9, 0xFD,
    0x9A, 0xE8, 0x2F, 0xCC, 0xB7, 0xE1, 0x6B, 0xAA, 0xCF, 0xE9, 0x56, 0x16, 0xC9, 0x99, 0xB4, 0x1C,
    0xA7, 0xA8, 0xDF, 0x0F, 0xEB, 0xC4, 0x56, 0xE3, 0x18, 0x7D, 0x8A, 0x81, 0xCB, 0x9C, 0x18, 0xBB,
    0xDC, 0xDA, 0x79, 0x2F, 0x95, 0x7E, 0x40, 0xC6, 0x6A, 0x5E, 0xFE, 0x19, 0x9A, 0xE3, 0x97, 0xE6,
    0x19, 0x73, 0xE0, 0x3D, 0x30, 0xFA, 0xD0, 0x32, 0x93, 0x4C, 0x89, 0xB0, 0x88, 0x55, 0x18, 0x99,
    0xA5, 0x91, 0x13, 0x78, 0x8E, 0x50, 0x8B, 0x69, 0xA9, 0xB8, 0xEB, 0x6F, 0x72, 0x73, 0x3F, 0x33,
    0xDF, 0xA9, 0x3C, 0xF5, 0x9D, 0xEA, 0xCF, 0xF6, 0xD3, 0xF2, 0x65, 0x4F, 0xB0, 0xEF, 0x68, 0xEF,
    0x4D, 0xFB, 0x67, 0x31, 0xAB, 0x29, 0x06, 0xCE, 0x91, 0xF2, 0x4F, 0x20, 0x6D, 0x67, 0x68, 0x76,
    0x09, 0x01, 0x0C, 0x17, 0xD0, 0xE9, 0x39, 0xD4, 0x77, 0x49, 0x9D, 0xEB, 0xF7, 0xE5, 0x5E, 0xB4,
    0xEA, 0x9E, 0xDF, 0x13, 0x1C, 0x9C, 0x54, 0x04, 0xBA, 0xE6, 0x36, 0x92, 0xCF, 0x91, 0xB6, 0x5D,
    0xC2, 0x83, 0xB3, 0xD6, 0xE7, 0xF9, 0x2C, 0xE8, 0xCA, 0xF5, 0x55, 0xBF, 0x88, 0x8A, 0xFD, 0x77,
    0x0D, 0x07, 0x46, 0xC2, 0xD5, 0x0F, 0x87, 0xCD, 0x0A, 0x7E, 0x48, 0xEE, 0x56, 0xCD, 0x9E, 0x26,
    0x8D, 0x03, 0x0D, 0x87, 0xCD, 0x77, 0xEB, 0xDF, 0x39, 0x1F, 0x07, 0x25, 0xD0, 0xDF, 0xA2, 0xD6,
    0x53, 0x6F, 0x0F, 0x0E, 0x5D, 0x4F, 0x39, 0xCE, 0x0A, 0xA3, 0xA8, 0x9A, 0x44, 0x1A, 0x0E, 0x5D,
    0x9F, 0xE3, 0xF5, 0x70, 0x48, 0x51, 0x73, 0x38, 0x74, 0x61, 0x38, 0xAC, 0x7E, 0x38, 0x68, 0x40,
    0x42, 0x65, 0xFE, 0x01, 0x87, 0x74, 0xF8, 0x12, 0x9A, 0xEE, 0x62, 0x3A, 0xE2, 0xC1, 0xF3, 0xEB,
    0x47, 0x11, 0xFC, 0x1E, 0xC0, 0xE7, 0x67, 0xFE, 0xEE, 0x61, 0x36, 0xCC, 0x73, 0xF2, 0xDB, 0xE9,
    0x3F, 0xDA, 0xF7, 0x7F, 0xD5, 0xE3, 0x56, 0xA7, 0xFA, 0x95, 0x7D, 0xE7, 0x02, 0xD8, 0x6E, 0xC3,
    0xC1, 0x7D, 0x83, 0x72, 0xBA, 0x79, 0x5B, 0x40, 0x7D, 0x1B, 0x52, 0x4E, 0x7C, 0xE9, 0x0A, 0x2E,
    0x33, 0xBB, 0x91, 0xEB, 0xEC, 0xFD, 0x80, 0x89, 0xED, 0x39, 0xEA, 0xFB, 0x3A, 0x56, 0x08, 0x78,
    0xE8, 0xC7, 0xA6, 0xAA, 0x7B, 0x4E, 0x6A, 0xCB, 0x77, 0xF0, 0x31, 0x9B, 0x92, 0x4B, 0x20, 0x47,
    0x05, 0x8C, 0xD4, 0xAC, 0xA4, 0x08, 0x13, 0x29, 0xC5, 0x40, 0x2A, 0x50, 0x93, 0x9A, 0xCD, 0x48,
    0xD8, 0x3D, 0xA1, 0xF7, 0x34, 0x79, 0x5A, 0x48, 0x73, 0x29, 0xF1, 0x3E, 0xDD, 0x48, 0x96, 0x40,
    0x14, 0x7B, 0x32, 0xD4, 0x9E, 0x5A, 0x51, 0xF7, 0x4F, 0x35, 0xA9, 0xF9, 0xD1, 0xCA, 0x76, 0xAB,
    0x7E, 0xB6, 0xFA, 0x3D, 0x5B, 0x51, 0x8E, 0x99, 0x94, 0x62, 0x24, 0x45, 0x7B, 0x1D, 0xC6, 0xDA,
    0x45, 0xA2, 0xB8, 0x1F, 0xAC, 0xBF, 0x7E, 0x42, 0x7D, 0x93, 0x18, 0xA3, 0x0E, 0xA8, 0xC1, 0xDF,
    0x9D, 0xE4, 0x97, 0x31, 0xAB, 0x1F, 0x79, 0x39, 0x13, 0x5A, 0xB1, 0x33, 0xA1, 0x01, 0x8C, 0xD5,
    0x7F, 0xEF, 0x62, 0x7B, 0x1C, 0xF9, 0x2F, 0x99, 0x95, 0x2E, 0xA6, 0x10, 0x13, 0x6C, 0x79, 0x9F,
    0x18, 0xAD, 0x52, 0xA2, 0x99, 0xAD, 0xF9, 0x84, 0x09, 0xE7, 0x7E, 0xFC, 0x98, 0x89, 0x1C, 0x09,
    0xFE, 0x8E, 0x89, 0x04, 0x5F, 0x47, 0xCA, 0x44, 0x84, 0xFF, 0x58, 0x95, 0xE0, 0x4A, 0xCB, 0x27,
    0x2A, 0x8C, 0x3E, 0x91, 0xA3, 0xF7, 0x89, 0x14, 0xB5, 0x12, 0x0C, 0x50, 0x3E, 0x61, 0x8F, 0x8F,
    0x09, 0xBB, 0x3F, 0xE1, 0x9B, 0x21, 0x7A, 0xB6, 0x3D, 0x06, 0x40, 0x9B, 0xB1, 0xDE, 0x9B, 0xB0,
    0x30, 0x14, 0xDB, 0xC0, 0x43, 0xE0, 0x49, 0x4C, 0x07, 0xF8, 0x50, 0xB3, 0x1D, 0x43, 0xC7, 0x91,
    0xFB, 0xC0, 0xA3, 0xE7, 0x6A, 0x16, 0xB3, 0xEA, 0xE2, 0x7C, 0xF7, 0x9C, 0xA0, 0x16, 0x47, 0xE8,
    0xC5, 0xD6, 0x8D, 0x9E, 0xAB, 0xD9, 0x73, 0xB1, 0x7A, 0xCE, 0xE0, 0x39, 0xC1, 0x9F, 0x8A, 0x23,
    0xFC, 0x44, 0x4C, 0x3F, 0x89, 0xAB, 0xC0, 0x79, 0xE0, 0x14, 0x3E, 0xD4, 0x24, 0x8E, 0x55, 0xA1,
    0x23, 0x37, 0x81, 0x4B, 0xB1, 0xEC, 0x65, 0xB3, 0x2E, 0x6A, 0x6E, 0x35, 0x72, 0x79, 0xBA, 0x54,
    0xD3, 0x62, 0x09, 0x6D, 0xA6, 0xF8, 0x3C, 0x68, 0xF1, 0xD2, 0x4D, 0x25, 0x73, 0xF3, 0xDB, 0x59,
    0x4B, 0xDB, 0x66, 0xA0, 0xEC, 0xA6, 0x28, 0x9F, 0xEC, 0xEA, 0x2F, 0x31, 0x02, 0xF9, 0xED, 0xF7,
    0xDB, 0x74, 0x23, 0x4B, 0x90, 0x0B, 0x5A, 0x82, 0xCE, 0x50, 0x42, 0x28, 0xCF, 0xCF, 0x0E, 0x63,
    0xEC, 0x6D, 0xD1, 0xEC, 0xB0, 0x07, 0x3B, 0xDF, 0xCC, 0x0E, 0xC5, 0xD1, 0xE8, 0x6B, 0x4F, 0x18,
    0x3D, 0xAD, 0x9E, 0x14, 0x09, 0x0F, 0x57, 0x68, 0xFD, 0x7C, 0x1C, 0x8E, 0xB7, 0x06, 0x51, 0x75,
    0x89, 0x1A, 0x4F, 0x3E, 0xE7, 0x43, 0xCA, 0x49, 0x8B, 0x68, 0xF3, 0x34, 0x7B, 0xAA, 0x35, 0x29,
    0xD4, 0x9F, 0x67, 0x5C, 0x86, 0x70, 0x70, 0x5F, 0xC4, 0xF0, 0xAD, 0xF2, 0xA6, 0x59, 0x42, 0x7D,
    0x8F, 0x0D, 0x73, 0x6C, 0x19, 0xCB, 0xBC, 0x73, 0x2C, 0xF8, 0xCA, 0x82, 0xEB, 0x2C, 0x78, 0xD2,
    0x82, 0x63, 0x2D, 0xF8, 0xD9, 0x82, 0xDB, 0xDF, 0xB0, 0x1A, 0xE5, 0x9C, 0xF9, 0xBE, 0xF6, 0xF9,
    0xA2, 0x39, 0x06, 0xE5, 0x93, 0xD5, 0x2F, 0x06, 0x72, 0xA4, 0x1B, 0xF5, 0x27, 0xF8, 0xD6, 0xAA,
    0xF2, 0x80, 0x45, 0xE5, 0x57, 0x98, 0xD8, 0x4D, 0xF4, 0x65, 0x7E, 0x6C, 0x2D, 0x35, 0x17, 0xBC,
    0xFD, 0xE2, 0x98, 0xDC, 0xBE, 0xCF, 0x16, 0x7B, 0xD9, 0xF5, 0x7B, 0x58, 0x23, 0x43, 0x5C, 0xFC,
    0xD2, 0x73, 0x0E, 0xCF, 0x09, 0x36, 0xB1, 0x61, 0xF5, 0x5C, 0x8E, 0xE0, 0x7A, 0xF8, 0x66, 0x13,
    0x6F, 0xA7, 0x4D, 0xFC, 0xFC, 0x66, 0x13, 0x37, 0xF7, 0x37, 0x71, 0xC8, 0xC9, 0xAE, 0x71, 0xB3,
    0x89, 0x57, 0x4F, 0xA3, 0xC8, 0xCF, 0x14, 0xC5, 0x22, 0xCA, 0x57, 0x51, 0xBA, 0x9F, 0x4E, 0x1F,
    0xD1, 0x71, 0xDE, 0xE8, 0x55, 0x7A, 0xF7, 0xC1, 0xA6, 0x09, 0xE3, 0x93, 0xCD, 0x4F, 0x18, 0x22,
    0x45, 0x51, 0x4A, 0x4C, 0x24, 0xEB, 0x5A, 0x2B, 0x6F, 0x1E, 0x4C, 0xCE, 0xE1, 0x38, 0x90, 0x5B,
    0x47, 0xBB, 0xF6, 0x80, 0x60, 0xE8, 0x43, 0xA3, 0xC4, 0xC2, 0xE8, 0x87, 0x86, 0xF6, 0xE4, 0x60,
    0x72, 0x23, 0x96, 0xF8, 0xE5, 0x8D, 0x83, 0x49, 0xF7, 0xEA, 0x21, 0xF5, 0x88, 0xE4, 0xD6, 0xD0,
    0xA8, 0xFD, 0xBB, 0x94, 0xEC, 0x3B, 0x9D, 0xF3, 0xC2, 0xA3, 0x16, 0xF3, 0xDC, 0xBB, 0x72, 0x78,
    0xED, 0xBC, 0xE0, 0x3F, 0xA1, 0x7C, 0x6F, 0x3B, 0x3D, 0x98, 0xBC, 0xF7, 0xC8, 0x16, 0x2F, 0x78,
    0xF2, 0x3B, 0x29, 0x32, 0x17, 0xB7, 0xC8, 0x1F, 0xDD, 0xD8, 0xAF, 0x8F, 0x18, 0xDF, 0xCD, 0x87,
    0xF0, 0x3B, 0x08, 0x80, 0x52, 0x77, 0x31, 0xDB, 0x2E, 0x7A, 0xBA, 0x3F, 0x8E, 0xE0, 0x17, 0x39,
    0x5F, 0x2C, 0xAF, 0x8E, 0x6B, 0x19, 0x1F, 0xBE, 0xD8, 0xC3, 0x17, 0x7C, 0x38, 0xD5, 0x2A, 0x66,
    0x1D, 0xCE, 0x69, 0x40, 0x97, 0x7B, 0x1D, 0x61, 0x7C, 0xB3, 0x03, 0x90, 0x92, 0x6B, 0xDF, 0xEA,
    0xA1, 0x2B, 0x60, 0x24, 0x47, 0xDD, 0xB5, 0xC3, 0xFB, 0xBF, 0xF8, 0x59, 0xCF, 0xC7, 0xDA, 0x19,
    0x88, 0x6E, 0x94, 0xEB, 0xB8, 0x19, 0x42, 0xB9, 0x93, 0xEE, 0x70, 0xE8, 0x16, 0x6C, 0x0A, 0x79,
    0x54, 0xFE, 0xE6, 0x6D, 0x4F, 0xC0, 0xEB, 0xCD, 0xCE, 0x85, 0x4E, 0x99, 0x4F, 0x77, 0x36, 0x9A,
    0xA1, 0x9C, 0x4F, 0x77, 0x3E, 0xFC, 0x4E, 0x08, 0x15, 0xA2, 0x3F, 0xDD, 0x29, 0x49, 0x81, 0xFA,
    0x74, 0x27, 0x25, 0xC6, 0x7E, 0x33, 0x00, 0x74, 0x8B, 0xE7, 0x66, 0xF6, 0x2C, 0x75, 0x80, 0xEC,
    0xD1, 0x51, 0xEE, 0xED, 0x74, 0x84, 0xE1, 0x75, 0x3A, 0xC6, 0xA8, 0xF4, 0x53, 0x3C, 0xE6, 0x30,
    0xB4, 0x07, 0xCD, 0xC7, 0x35, 0xED, 0x4F, 0x31, 0xFB, 0x3A, 0x2B, 0x9E, 0xAA, 0x8E, 0xBA, 0x73,
    0x84, 0x36, 0x51, 0xD0, 0x0B, 0xED, 0x54, 0x8D, 0x56, 0x7C, 0xB2, 0x73, 0x3C, 0xD2, 0x2F, 0x3C,
    0xFB, 0x66, 0x58, 0x95, 0xBF, 0xAA, 0xFF, 0x04, 0x5D, 0xE2, 0xE3, 0xEE, 0x07, 0xA8, 0x1D, 0xC9,
    0xAF, 0x5D, 0x8F, 0x96, 0x7E, 0x60, 0x46, 0xF4, 0xDC, 0xCD, 0x62, 0x1A, 0x3C, 0x06, 0x18, 0x54,
    0x81, 0x08, 0x7F, 0x02, 0xA7, 0xD8, 0xFB, 0x04, 0x7F, 0x0B, 0x6E, 0xDC, 0xF7, 0x4A, 0xFF, 0x68,
    0xD7, 0xB1, 0x99, 0xAA, 0xFC, 0x6F, 0x9B, 0xE5, 0x1F, 0x7B, 0xFF, 0x54, 0x1F, 0x71, 0xA3, 0x0B,
    0xAF, 0xE7, 0x89, 0x2C, 0xF8, 0xA9, 0x00, 0x4F, 0x6B, 0xB6, 0x10, 0x44, 0x19, 0xA2, 0xBD, 0xDF,
    0x32, 0x4C, 0xFE, 0x9C, 0x2F, 0x9C, 0x0E, 0x45, 0x98, 0x7D, 0x9A, 0xAA, 0x31, 0x79, 0x5F, 0x2B,
    0x4D, 0x13, 0x4E, 0x4E, 0x6D, 0xB5, 0x7A, 0xCB, 0x81, 0x8B, 0xF4, 0x5E, 0xC3, 0xB8, 0x7F, 0xE0,
    0x61, 0x70, 0xB9, 0xEA, 0xEB, 0xBF, 0x99, 0xA8, 0xB3, 0x96, 0x16, 0xFC, 0xB3, 0xEC, 0x6E, 0x3E,
    0x81, 0xAC, 0x94, 0x55, 0x72, 0xA3, 0xDA, 0x79, 0xF2, 0x45, 0x0E, 0x27, 0x14, 0x1E, 0x86, 0x2C,
    0xA5, 0xAF, 0x92, 0xC4, 0x83, 0xB2, 0xA0, 0x5A, 0x05, 0xCD, 0x76, 0x2C, 0x96, 0xAB, 0xAB, 0xDD,
    0x0E, 0xDD, 0x64, 0x19, 0x0E, 0x61, 0x71, 0x76, 0x07, 0x81, 0xA3, 0xFB, 0x22, 0x3D, 0xC1, 0x8B,
    0xE8, 0xCA, 0xC5, 0x0D, 0xF4, 0x1A, 0x6C, 0xCD, 0xC8, 0xAA, 0x50, 0x35, 0x06, 0x36, 0xA7, 0x1F,
    0x21, 0x7B, 0x02, 0xF9, 0x4C, 0x7D, 0x3C, 0xE2, 0xEC, 0x47, 0xCB, 0x3E, 0x9A, 0x49, 0x8D, 0x37,
    0xBE, 0x0C, 0xFD, 0x19, 0xAD, 0x77, 0xBB, 0xF7, 0xF2, 0xF6, 0xF9, 0x88, 0xB1, 0xE7, 0xFE, 0x08,
    0x56, 0x69, 0xDE, 0xBB, 0x80, 0xAF, 0x0E, 0x87, 0x66, 0xAD, 0x06, 0x36, 0xAA, 0xC3, 0x18, 0x83,
    0xC3, 0xD4, 0x2F, 0xE2, 0xF7, 0x5B, 0xA7, 0x84, 0xDE, 0xEB, 0xE1, 0x25, 0x4E, 0x5E, 0xCE, 0xF7,
    0xBC, 0xEC, 0xF4, 0x52, 0xF3, 0xA2, 0xFF, 0x28, 0xE3, 0xCB, 0x08, 0xD5, 0x7E, 0xB8, 0x67, 0xB7,
    0xA4, 0xC2, 0x08, 0x4C, 0x70, 0x58, 0xDB, 0x17, 0x7B, 0xA9, 0xA0, 0xCA, 0x77, 0xE2, 0x6F, 0x86,
    0x83, 0x6E, 0xD0, 0x6C, 0x56, 0x80, 0x83, 0xB7, 0xF7, 0x07, 0xE2, 0x05, 0x5B, 0x95, 0x3D, 0x69,
    0xF2, 0x07, 0xE6, 0xC9, 0xA2, 0x40, 0xAC, 0x43, 0x74, 0xDB, 0x4E, 0x84, 0x1A, 0x0A, 0xB5, 0x37,
    0x85, 0x72, 0x0A, 0x4D, 0x17, 0x84, 0xF6, 0xBB, 0x84, 0x06, 0x7F, 0xF0, 0x1F, 0x59, 0x83, 0xB1,
    0xC3, 0xDC, 0x60, 0xB6, 0xFC, 0x0B, 0xBD, 0x58, 0x04, 0x0B, 0x62, 0x43, 0x29, 0xD8, 0x28, 0x12,
    0x29, 0x4C, 0x81, 0xAE, 0x50, 0x50, 0x63, 0x13, 0xA3, 0x98, 0x2C, 0xDE, 0xF3, 0xC5, 0xD2, 0x35,
    0x59, 0x9D, 0x5C, 0xBC, 0xFB, 0xFD, 0x56, 0xE7, 0xA8, 0xA6, 0xEF, 0x5A, 0xAB, 0x06, 0xB0, 0xD2,
    0x7F, 0x63, 0x96, 0xF6, 0x07, 0xF7, 0xC3, 0xAD, 0x5F, 0x35, 0x73, 0x05, 0x58, 0xAC, 0x0C, 0x79,
    0xD9, 0xC6, 0x55, 0x51, 0xA2, 0xD8, 0x18, 0xBE, 0xA5, 0xBB, 0x25, 0xC4, 0xF4, 0x1C, 0x5A, 0x17,
    0xF2, 0xA4, 0xE9, 0xE3, 0xC6, 0x09, 0x8C, 0xF9, 0xEA, 0x80, 0x93, 0x44, 0x07, 0x27, 0x09, 0x07,
    0x15, 0xA1, 0xE1, 0x77, 0x1F, 0x7A, 0x42, 0x2D, 0x28, 0x1C, 0x7C, 0xD0, 0xED, 0x7D, 0x07, 0x60,
    0xA8, 0x00, 0x4C, 0x05, 0x3E, 0xC1, 0x14, 0xA3, 0xEE, 0xDA, 0x52, 0xED, 0xDC, 0xAC, 0x27, 0xB8,
    0x11, 0xFF, 0x5C, 0x98, 0x7C, 0x5E, 0xDC, 0x69, 0x6D, 0x02, 0xA0, 0x15, 0x4E, 0xC2, 0xC5, 0xE1,
    0xAB, 0x66, 0x63, 0xB5, 0x32, 0x30, 0x67, 0x2C, 0x34, 0xD4, 0x17, 0x31, 0x72, 0x08, 0xE5, 0x41,
    0x9B, 0xE2, 0x28, 0x0B, 0x60, 0x3D, 0xEA, 0xDC, 0x01, 0x2E, 0xA5, 0xCB, 0x6B, 0x45, 0x0B, 0x9D,
    0xB6, 0xCD, 0x7E, 0xF1, 0x56, 0x00, 0xB0, 0x6A, 0x7F, 0xAA, 0x53, 0x3D, 0x1D, 0xF0, 0xE9, 0xAC,
    0xEF, 0xA1, 0x23, 0xB3, 0x53, 0x68, 0x4D, 0xC1, 0xF9, 0x8F, 0xAD, 0x99, 0x1C, 0x53, 0xA2, 0x95,
    0x6C, 0x4A, 0x2D, 0x11, 0x6D, 0xB6, 0x42, 0x99, 0xB2, 0x10, 0x73, 0x6B, 0x61, 0xFF, 0x1A, 0x7F,
    0x2B, 0x1C, 0xF7, 0x7F, 0x2E, 0x2C, 0xF6, 0xAE, 0x0F, 0x9B, 0x2A, 0xA9, 0xB0, 0x10, 0xB2, 0xF8,
    0xDE, 0x5B, 0xE2, 0x2E, 0xE6, 0x44, 0x2B, 0xAC, 0xCF, 0xB0, 0x15, 0xEA, 0x6A, 0xA6, 0x48, 0xB2,
    0xCF, 0xF0, 0xEF, 0x5A, 0x6B, 0xD2, 0xBB, 0x00, 0x3D, 0x87, 0xEF, 0xC3, 0xAC, 0xBC, 0xCE, 0x16,
    0x0B, 0xBF, 0x52, 0x5B, 0xF4, 0x18, 0x2C, 0x53, 0xF7, 0x51, 0x57, 0xB9, 0xCE, 0x37, 0x6B, 0x46,
    0x4D, 0xA7, 0x09, 0x0C, 0xC0, 0x39, 0x7C, 0x78, 0x38, 0xD0, 0x9E, 0xAF, 0xD0, 0xB4, 0xCD, 0xAA,
    0xED, 0x19, 0xEA, 0x22, 0x94, 0xB3, 0x52, 0xDF, 0x48, 0xCD, 0x5C, 0x77, 0x39, 0x28, 0xB5, 0x41,
    0xBD, 0x18, 0x5F, 0x71, 0x4F, 0x02, 0x5F, 0x73, 0xF7, 0xD7, 0x67, 0x43, 0xFD, 0x2E, 0x6D, 0xE7,
    0x5D, 0x01, 0xFD, 0xE9, 0xED, 0xF6, 0x87, 0x15, 0x72, 0x3E, 0xCF, 0xFD, 0xBB, 0x60, 0x51, 0xD4,
    0xE5, 0xFF, 0x4F, 0xE1, 0xEB, 0x3A, 0xA6, 0xF8, 0x00, 0x7E, 0x0B, 0xBC, 0x8E, 0x40, 0x4C, 0x84,
    0xD9, 0x6E, 0xDD, 0x4F, 0x6B, 0x9D, 0xD4, 0x72, 0x54, 0x17, 0xAF, 0x71, 0x21, 0x66, 0x7A, 0x9E,
    0xE2, 0xAB, 0x18, 0x4E, 0x0E, 0x92, 0xCD, 0x7B, 0xC8, 0xCA, 0x5F, 0x60, 0x70, 0xA8, 0x12, 0x58,
    0x6F, 0x0D, 0x41, 0xDF, 0xD3, 0x42, 0x57, 0x83, 0x13, 0x7F, 0xEF, 0x19, 0xDA, 0xAA, 0x3F, 0x1E,
    0xFD, 0x57, 0x42, 0x6D, 0xD5, 0x46, 0xE8, 0x2B, 0x9E, 0x4D, 0xD4, 0x9A, 0x57, 0x24, 0x2B, 0xAF,
    0xF9, 0x8F, 0x8B, 0xEB, 0xE3, 0x07, 0x08, 0x16, 0xE1, 0x2A, 0xDC, 0x88, 0xFF, 0xFD, 0x76, 0x63,
    0x6F, 0x6B, 0xC2, 0xD8, 0xAB, 0x85, 0x83, 0x70, 0xD2, 0xF8, 0x21, 0x5A, 0x31, 0x73, 0x04, 0xE6,
    0x0E, 0xB7, 0xCF, 0x8A, 0x4F, 0xF7, 0x47, 0xF9, 0x75, 0x0D, 0x4C, 0x39, 0xFA, 0xD7, 0x98, 0x62,
    0x70, 0x18, 0xA3, 0x35, 0x1D, 0x09, 0xC6, 0x33, 0xDD, 0x98, 0x6F, 0xBC, 0xB2, 0x95, 0x7F, 0x9A,
    0xAA, 0x86, 0x85, 0x95, 0xC2, 0xC6, 0xEA, 0x24, 0xF7, 0x5C, 0xFB, 0xA3, 0x04, 0x93, 0xBB, 0xB8,
    0x9E, 0xEA, 0x06, 0x4D, 0xF9, 0x83, 0x56, 0x85, 0x33, 0xAF, 0x72, 0xE2, 0x9F, 0xAC, 0xD7, 0xFC,
    0xFA, 0x8A, 0x9E, 0xBF, 0x65, 0x44, 0xFF, 0xA3, 0xAB, 0xB9, 0xD2, 0xDC, 0x56, 0xA1, 0x4F, 0xF7,
    0xA3, 0xFF, 0xD7, 0xDB, 0xFE, 0xFF, 0xCE, 0x5B, 0xFA, 0xBF, 0xC2, 0x7A, 0x19, 0xB7, 0xC7, 0x0E,
    0xBB, 0x59, 0xAD, 0x33, 0x9C, 0xE0, 0x2C, 0x5C, 0x85, 0x1B, 0xF1, 0xC7, 0x3B, 0x31, 0x86, 0x74,
    0xE2, 0xCF, 0xE8, 0xFF, 0xAE, 0xA3, 0xB7, 0x1B, 0x10, 0x2B, 0xF9, 0xBF, 0x40, 0xCD, 0x56, 0x58,
    0xE4, 0xE4, 0x35, 0x38, 0xF9, 0x1F, 0xE8, 0xCC, 0xFF, 0xF7, 0xB5, 0x7F, 0xF7, 0x4D, 0x5B, 0x34,
    0x6D, 0x37, 0x76, 0x2F, 0x33, 0x2D, 0x09, 0xB0, 0x57, 0x98, 0xC8, 0x00, 0xD6, 0xC0, 0x9B, 0x7D,
    0x07, 0x2F, 0x70, 0xFD, 0x6C, 0xF7, 0xFF, 0x0B, 0xC7, 0xC7, 0xF4, 0x6A, 0x88, 0xDE, 0x9A, 0x59,
    0xDB, 0xEA, 0x55, 0x84, 0xAF, 0xA8, 0xA6, 0x11, 0xE6, 0xC0, 0x8B, 0xD8, 0xB0, 0x8A, 0xD9, 0x29,
    0xF4, 0x7B, 0xE0, 0xEA, 0xCF, 0x1E, 0x8F, 0x4F, 0xE1, 0x6D, 0xC4, 0x20, 0x9C, 0xEC, 0xEF, 0x7F,
    0xD5, 0x3D, 0x3E, 0xBB, 0xD9, 0xE3, 0x35, 0x33, 0x44, 0xC7, 0x8F, 0x7B, 0x7F, 0xD8, 0xCD, 0x10,
    0x3E, 0x30, 0x82, 0x4F, 0x5D, 0xF8, 0xEF, 0x09, 0xC5, 0xCC, 0x39, 0xFB, 0x14, 0xF8, 0x4C, 0x6F,
    0x95, 0x4F, 0x12, 0x92, 0x95, 0x16, 0xE9, 0xE3, 0x2E, 0x99, 0xAB, 0xD6, 0xD5, 0x62, 0xB8, 0x06,
    0x5A, 0x00, 0x18, 0x09, 0xCB, 0x77, 0xF0, 0xAA, 0x5B, 0xB9, 0xD7, 0xB9, 0xE9, 0x3B, 0x91, 0x73,
    0x28, 0x21, 0xBA, 0x09, 0x31, 0xD4, 0x88, 0xAE, 0xCE, 0xCC, 0xF7, 0x21, 0x25, 0x80, 0x99, 0x30,
    0x10, 0xEA, 0x64, 0xEF, 0x54, 0x4F, 0xBB, 0x05, 0xAC, 0xB5, 0x19, 0x30, 0x9D, 0x81, 0x95, 0x5B,
    0x31, 0xC4, 0x54, 0x90, 0x11, 0x4A, 0x02, 0x67, 0x1C, 0x56, 0x15, 0x03, 0x27, 0xA1, 0x01, 0x5A,
    0xE1, 0xD4, 0x37, 0x81, 0xCF, 0x5C, 0x55, 0x2B, 0xE6, 0x6B, 0x9C, 0xC4, 0x13, 0x5F, 0xD5, 0x21,
    0x25, 0x44, 0x04, 0x2B, 0xFC, 0x86, 0x65, 0x75, 0x0E, 0x0F, 0x9A, 0x57, 0xFA, 0x3E, 0xBF, 0x05,
    0xDD, 0x58, 0x7A, 0xBF, 0x18, 0x10, 0x9C, 0xD3, 0xFF, 0x0C, 0xAF, 0x38, 0x7D, 0xD5, 0x68, 0x93,
    0x3D, 0xD2, 0xEA, 0xE1, 0x4A, 0x35, 0xBA, 0x1B, 0xF4, 0x5D, 0x00, 0xAC, 0x67, 0x10, 0x75, 0x9A,
    0xD8, 0xC6, 0x02, 0x98, 0x2B, 0x60, 0xAD, 0xC6, 0x87, 0x6B, 0x35, 0x64, 0x6B, 0xB5, 0xD8, 0xE3,
    0xD2, 0x7F, 0xF5, 0xD6, 0x31, 0xC7, 0xEC, 0x15, 0x36, 0x73, 0x50, 0xB5, 0x09, 0xAA, 0x3E, 0x42,
    0xF5, 0xF1, 0x33, 0x54, 0xC0, 0xCE, 0x39, 0x23, 0xE5, 0xFB, 0x6E, 0xAF, 0xED, 0x37, 0xCD, 0x62,
    0x8E, 0xE8, 0x0B, 0x37, 0x80, 0xD3, 0xDB, 0x19, 0x74, 0x38, 0xCF, 0xA7, 0x3B, 0xFA, 0xC7, 0x64,
    0x8B, 0xE1, 0x18, 0xAC, 0x5C, 0x82, 0xA7, 0xD0, 0xA1, 0x8F, 0x66, 0x6F, 0x4D, 0x43, 0x2D, 0xDC,
    0xBB, 0xD5, 0xCE, 0xF1, 0xE9, 0x66, 0xCF, 0x56, 0x6A, 0x49, 0x3F, 0x33, 0x66, 0xAB, 0xC6, 0x0A,
    0x67, 0xA8, 0x17, 0xDD, 0xF6, 0x8D, 0xC8, 0x0F, 0x25, 0x8F, 0x15, 0x76, 0x87, 0xEF, 0x60, 0xE8,
    0xFC, 0xB7, 0xC1, 0x7A, 0x8E, 0x4F, 0xF1, 0xE8, 0xCB, 0xE0, 0x2E, 0x48, 0xB6, 0x85, 0xFF, 0x84,
    0xA1, 0xFF, 0x4A, 0x7F, 0xDC, 0xAE, 0x28, 0xA7, 0x8A, 0xFB, 0x30, 0x4B, 0xA7, 0x4F, 0xC1, 0xB0,
    0xEF, 0x52, 0x2B, 0xF0, 0xBD, 0xD9, 0xA2, 0xC0, 0xFA, 0x66, 0x7B, 0x82, 0x42, 0x1E, 0x19, 0xEB,
    0x36, 0xA2, 0x86, 0xE3, 0xED, 0x84, 0x0F, 0x86, 0xAE, 0xF4, 0x0A, 0xFD, 0xF3, 0xED, 0x51, 0x8C,
    0xDA, 0x25, 0x58, 0x2E, 0xFA, 0x06, 0x83, 0xE4, 0x7B, 0x40, 0x36, 0x34, 0x34, 0x9E, 0x06, 0x54,
    0xFF, 0x83, 0xEF, 0xCF, 0xB4, 0xA1, 0xFC, 0x04, 0xCF, 0x37, 0xB4, 0xEA, 0x5D, 0xEE, 0x32, 0x26,
    0xF6, 0x4C, 0x89, 0x14, 0x9B, 0xBB, 0x34, 0xF1, 0xAC, 0xEE, 0x92, 0x91, 0x4B, 0xF8, 0xFC, 0xC7,
    0x1C, 0x41, 0xE6, 0x75, 0x93, 0x3E, 0xF6, 0xA9, 0xDA, 0xA8, 0xB8, 0x5C, 0xB9, 0x66, 0xAD, 0x74,
    0xD2, 0x52, 0xA1, 0x2D, 0x89, 0x43, 0x83, 0xFE, 0x41, 0x37, 0xE1, 0x43, 0xF7, 0xFA, 0xD3, 0x50,
    0x96, 0x57, 0xEB, 0x30, 0xEC, 0x21, 0x60, 0x0A, 0xE9, 0xF0, 0x3C, 0xE4, 0x51, 0xFE, 0xF7, 0x24,
    0x0B, 0xE9, 0x81, 0x74, 0x42, 0xFA, 0x3B, 0x95, 0x85, 0xCD, 0xD8, 0x04, 0xBB, 0x10, 0x1E, 0x5B,
    0x87, 0x07, 0xF4, 0x5F, 0xC6, 0xB7, 0xAD, 0x19, 0x12, 0x70, 0xBB, 0x25, 0xDD, 0xD9, 0x04, 0xD9,
    0xCA, 0x26, 0xC8, 0x57, 0x36, 0x01, 0xB7, 0xA6, 0xD2, 0xAD, 0xD4, 0xE9, 0x34, 0x9B, 0x26, 0x06,
    0x2B, 0x10, 0x41, 0x6B, 0x5B, 0x28, 0xD2, 0x35, 0x50, 0x13, 0x08, 0xCB, 0x8D, 0x58, 0xAC, 0xC4,
    0x7C, 0x51, 0xDA, 0x89, 0x46, 0x8F, 0xE8, 0xD7, 0x62, 0xA4, 0x68, 0xF1, 0x0B, 0x8A, 0x16, 0xDE,
    0x8B, 0xC1, 0x73, 0xCA, 0xD8, 0x51, 0xD7, 0xC5, 0xE5, 0xE5, 0x8B, 0x66, 0x33, 0xD4, 0xCD, 0x62,
    0xF8, 0x2A, 0x46, 0xC3, 0xD7, 0xD0, 0x53, 0xF4, 0xF8, 0x9D, 0x0C, 0xDA, 0x86, 0x1E, 0x75, 0x86,
    0x1A, 0x75, 0xC9, 0xAC, 0xDD, 0xE6, 0x0F, 0xDD, 0xCE, 0x80, 0xDF, 0x8F, 0xC5, 0x46, 0x39, 0x57,
    0x1A, 0xEC, 0xD2, 0x55, 0x9F, 0x5E, 0x11, 0xEC, 0xE1, 0x6E, 0xCD, 0xCA, 0xCB, 0x25, 0xA2, 0xB3,
    0x0C, 0xBC, 0xCE, 0x94, 0x50, 0x79, 0xA3, 0x82, 0xE2, 0x15, 0xF5, 0xAF, 0xFA, 0x5F, 0xE5, 0x94,
    0x2F, 0x5C, 0xD3, 0xC6, 0x97, 0xAD, 0xA9, 0xA3, 0x9B, 0x97, 0x71, 0xAA, 0x78, 0x69, 0xE5, 0xC6,
    0xAB, 0x5B, 0x0C, 0xED, 0x59, 0x86, 0x0B, 0x57, 0x0C, 0x16, 0xC1, 0x82, 0xDE, 0x37, 0xFB, 0x86,
    0x7D, 0x29, 0xDB, 0xA3, 0x1F, 0x00, 0x58, 0xF1, 0x11, 0x96, 0xEB, 0x18, 0x75, 0xED, 0xE6, 0xB7,
    0xFF, 0x05, 0xE5, 0x9A, 0x3F, 0xAC, 0xE4, 0xC6, 0x7D, 0xC7, 0xBF, 0x5C, 0xFA, 0xC4, 0x82, 0xC5,
    0x5C, 0x21, 0xC1, 0x71, 0xCE, 0x00, 0x5D, 0xB8, 0x4A, 0x60, 0xB0, 0x49, 0x93, 0x22, 0x19, 0x0A,
    0x02, 0x62, 0x20, 0x2E, 0xAC, 0xE2, 0xF6, 0x54, 0x5C, 0xA1, 0x00, 0xE9, 0x02, 0x04, 0xD7, 0xA6,
    0x48, 0x42, 0x3A, 0x2E, 0x5C, 0xFA, 0x0A, 0x2B, 0x45, 0x1A, 0xBB, 0x0C, 0x90, 0x42, 0x7D, 0x21,
    0x91, 0x4E, 0x8A, 0x14, 0x29, 0xCC, 0x20, 0x70, 0x2D, 0xFA, 0xCF, 0xE5, 0x9F, 0x8A, 0xA3, 0x21,
    0x4A, 0xE2, 0xF3, 0xCD, 0xCC, 0x37, 0xBF, 0xDF, 0x0C, 0x1F, 0xB5, 0xEF, 0xDE, 0xBB, 0xC3, 0x93,
    0x7C, 0x27, 0xE4, 0xE4, 0xB9, 0x9D, 0xEF, 0x67, 0x96, 0x33, 0xFC, 0xFD, 0x9B, 0xDD, 0x25, 0x77,
    0xEF, 0xD5, 0x5D, 0x3F, 0x71, 0xE6, 0xDC, 0x4F, 0x75, 0x07, 0xB4, 0xC3, 0xF5, 0xFF, 0x21, 0xF7,
    0xC0, 0x89, 0xB4, 0x1C, 0x91, 0xF3, 0xA1, 0x83, 0xE1, 0x43, 0xA2, 0x26, 0xD9, 0xD9, 0x47, 0x81,
    0x43, 0xFF, 0x0B, 0xDF, 0x0F, 0xFC, 0x17, 0xDF, 0x77, 0xFC, 0xAE, 0xCF, 0xC0, 0xD7, 0x3C, 0x92,
    0xC8, 0x53, 0x40, 0x26, 0x5E, 0x86, 0x2C, 0xB1, 0x69, 0x71, 0x3C, 0x2D, 0x1A, 0x38, 0xF0, 0xA1,
    0x57, 0xA3, 0x13, 0x90, 0x87, 0x0B, 0x8E, 0x0A, 0x36, 0x40, 0xCD, 0x19, 0xE8, 0xE9, 0x00, 0x52,
    0xCD, 0x7C, 0x4F, 0xE5, 0x9B, 0xFA, 0xF4, 0x5B, 0xAB, 0x48, 0x73, 0x53, 0x05, 0x49, 0x2C, 0x39,
    0x3C, 0x2E, 0xAF, 0xF0, 0xAD, 0x26, 0xCD, 0x5E, 0x57, 0x8E, 0x7C, 0xEB, 0xD8, 0x90, 0xE4, 0xC0,
    0x0F, 0x54, 0x3E, 0x56, 0xA1, 0x88, 0x4D, 0x3E, 0x00, 0xD4, 0x5E, 0x24, 0xBB, 0x8F, 0xAD, 0x95,
    0x40, 0xD1, 0xD4, 0x03, 0xCC, 0x58, 0x7F, 0xCC, 0x76, 0x2C, 0x49, 0x36, 0x07, 0x0D, 0x37, 0xE3,
    0xDB, 0x0E, 0x07, 0x7F, 0xF0, 0xC8, 0x57, 0x84, 0x4D, 0x9C, 0xC8, 0x21, 0xC8, 0xB1, 0x4C, 0x8B,
    0x98, 0x93, 0x01, 0x86, 0x64, 0x57, 0xFF, 0x3C, 0xD8, 0xB1, 0xEA, 0x60, 0x86, 0x97, 0x80, 0x1C,
    0xB1, 0x91, 0xCC, 0x49, 0x77, 0x25, 0xEE, 0xF0, 0xAD, 0xEC, 0xDE, 0xD9, 0x6D, 0x68, 0xA6, 0x33,
    0xD0, 0x4E, 0xFA, 0x80, 0x5D, 0xF4, 0x00, 0x2A, 0x97, 0x69, 0xB4, 0xC6, 0xE7, 0x8C, 0x95, 0x2C,
    0xBC, 0xE0, 0xC0, 0xEF, 0x3B, 0x01, 0xF8, 0x70, 0x51, 0xF4, 0x9C, 0xA1, 0xFE, 0x49, 0xF7, 0xE9,
    0x91, 0xF6, 0x68, 0x47, 0xF6, 0x46, 0xB8, 0x2D, 0xD0, 0xB8, 0x9E, 0x00, 0x36, 0x57, 0xFF, 0xC3,
    0xD6, 0x9E, 0xBC, 0xE2, 0x25, 0xFE, 0x12, 0x35, 0x89, 0x96, 0xEC, 0x28, 0x75, 0xF6, 0xA8, 0x86,
    0x80, 0xAC, 0xE9, 0xE5, 0xB8, 0x65, 0xD0, 0xE3, 0x4D, 0xDF, 0x73, 0x08, 0x59, 0xAF, 0x73, 0x63,
    0x40, 0x39, 0x72, 0x34, 0x23, 0xC9, 0xA1, 0x97, 0x5E, 0x93, 0xDD, 0x4B, 0x42, 0x6C, 0x73, 0x1E,
    0x46, 0x58, 0xEB, 0x5C, 0x67, 0x49, 0xBC, 0xC4, 0x05, 0x5F, 0xFA, 0x12, 0xAC, 0x45, 0xCB, 0xC6,
    0xF6, 0xF8, 0xCA, 0x57, 0x00, 0xA8, 0x53, 0x6D, 0xBA, 0x28, 0x56, 0x90, 0x5C, 0xD3, 0xCE, 0xDF,
    0xA2, 0x1E, 0x1E, 0x62, 0x3F, 0x04, 0x00, 0xD5, 0x84, 0x62, 0xC1, 0xEF, 0x36, 0x22, 0x66, 0xCA,
    0xE9, 0x33, 0x27, 0xC6, 0x2B, 0x12, 0x01, 0xB6, 0xB1, 0x0F, 0xFA, 0x4E, 0x0C, 0x43, 0x5C, 0x0D,
    0xB6, 0x79, 0x27, 0x23, 0x38, 0x54, 0x9D, 0x3B, 0x84, 0x8C, 0x8D, 0x19, 0x5C, 0x1E, 0xF0, 0x2E,
    0x94, 0x1E, 0xB8, 0x92, 0x01, 0x90, 0x75, 0xEF, 0x1C, 0x88, 0x7C, 0xAA, 0x3A, 0xB5, 0x53, 0x4E,
    0x62, 0x15, 0xFD, 0x54, 0x0F, 0x16, 0xD2, 0xC9, 0x4E, 0x2C, 0x8C, 0x25, 0x83, 0xF8, 0x2D, 0x96,
    0xAC, 0x9F, 0x24, 0x8E, 0x83, 0x9E, 0x5E, 0xCD, 0x7B, 0x9C, 0x7B, 0xDC, 0x29, 0x8F, 0x3D, 0x2F,
    0xCD, 0xF3, 0xBF, 0x15, 0xDB, 0xDB, 0xCD, 0x70, 0x8C, 0xEF, 0xB8, 0xFA, 0x7B, 0x0B, 0x2A, 0xA6,
    0x6E, 0xDF, 0x5F, 0xD0, 0xE6, 0xD2, 0xEF, 0x05, 0x58, 0x12, 0x15, 0xE9, 0x8C, 0xF4, 0xED, 0xA5,
    0x3F, 0xA2, 0xCA, 0x47, 0xB4, 0x66, 0xCC, 0x68, 0xC7, 0x9C, 0x1C, 0x8D, 0x74, 0x5D, 0xA7, 0x5D,
    0xC7, 0x39, 0xA9, 0x73, 0xBA, 0x26, 0xAD, 0xD5, 0x73, 0xA4, 0xBD, 0x72, 0x3C, 0x1E, 0xD1, 0x92,
    0x6C, 0x1E, 0x13, 0x00, 0x57, 0xC9, 0x11, 0x72, 0x02, 0x4F, 0x9A, 0x1E, 0x6B, 0xA0, 0xAD, 0x62,
    0xD0, 0x41, 0x46, 0x72, 0xD1, 0xA0, 0x84, 0x41, 0x68, 0xF9, 0x9F, 0x3D, 0x07, 0x80, 0x2B, 0x0E,
    0x9C, 0xA4, 0x6B, 0x21, 0x56, 0xE4, 0x24, 0xCF, 0x4A, 0x07, 0x23, 0xE4, 0xDF, 0x11, 0xE6, 0x03,
    0xE1, 0x48, 0xD4, 0x93, 0x45, 0x35, 0xF7, 0xBA, 0x51, 0x28, 0x66, 0xD1, 0x8D, 0x6D, 0x67, 0x61,
    0xE6, 0x7A, 0x6C, 0x1B, 0x4B, 0x8E, 0x55, 0x62, 0x27, 0xEC, 0x2C, 0x57, 0x54, 0xA3, 0xED, 0xAC,
    0x94, 0xBC, 0x1E, 0x65, 0x7D, 0xBE, 0x22, 0x9E, 0x97, 0xB9, 0xC6, 0x0E, 0x95, 0xD8, 0x0B, 0xAE,
    0x6F, 0xC4, 0xFE, 0xDC, 0x3B, 0xA2, 0x7C, 0xC4, 0xD9, 0x3E, 0x0A, 0xEA, 0x7F, 0x2E, 0x1F, 0x3A,
    0x64, 0xEC, 0xE2, 0xFB, 0x15, 0xFD, 0x12, 0xE3, 0x43, 0xC5, 0xFF, 0xED, 0xD9, 0xA5, 0x4D, 0xF2,
    0xDB, 0x26, 0x4D, 0x69, 0x93, 0x3C, 0xF6, 0x26, 0x65, 0x68, 0xC8, 0x61, 0x7F, 0xA0, 0x29, 0x97,
    0xDA, 0xD9, 0x77, 0xFE, 0xF8, 0x6F, 0xAD, 0xAB, 0xD6, 0xC3, 0xFD, 0x8C, 0xD8, 0x1F, 0x77, 0x78,
    0x9B, 0x74, 0xFB, 0xE3, 0x74, 0x2A, 0xA3, 0x18, 0x7A, 0x6C, 0x76, 0x82, 0xA1, 0x47, 0x4D, 0xC2,
    0x76, 0x92, 0x5D, 0x53, 0x0F, 0xB6, 0xAB, 0x07, 0xC8, 0x33, 0x5D, 0x8E, 0xCA, 0x0B, 0x16, 0x94,
    0xEC, 0x50, 0x7B, 0xC0, 0x8E, 0xD5, 0xD0, 0x36, 0xD2, 0xC9, 0xBD, 0x9B, 0x93, 0x1E, 0xCF, 0x29,
    0x5C, 0x7A, 0x21, 0xB6, 0x2B, 0xA0, 0xC9, 0xF5, 0x9C, 0xD2, 0x81, 0x62, 0xD1, 0x5E, 0x6B, 0xF0,
    0x63, 0x3D, 0x1B, 0x72, 0x2C, 0xA8, 0xF3, 0xAB, 0x1C, 0x35, 0xB3, 0x54, 0x55, 0x6C, 0x17, 0x2E,
    0xA3, 0xC3, 0xA9, 0x72, 0x53, 0xDC, 0x8D, 0x5A, 0x5C, 0x5B, 0x4B, 0x51, 0x8F, 0x4A, 0x94, 0xC7,
    0xDE, 0xDF, 0xA7, 0xB6, 0x71, 0xD3, 0x9E, 0xBF, 0x16, 0xFD, 0x13, 0x8E, 0xFD, 0xFD, 0xF4, 0x79,
    0xF4, 0x69, 0x15, 0xF7, 0x48, 0x77, 0xA0, 0x88, 0x51, 0xA9, 0x55, 0xAC, 0x4A, 0xBF, 0x0B, 0x77,
    0xE9, 0x55, 0xDA, 0x7D, 0x89, 0x51, 0x29, 0x54, 0xD0, 0xAB, 0xDC, 0x78, 0x4D, 0x04, 0xF9, 0xB3,
    0x92, 0xD3, 0xEB, 0xBE, 0x59, 0xEA, 0xD9, 0x8E, 0x6D, 0xD7, 0x83, 0xA3, 0xFE, 0x33, 0x57, 0xFE,
    0x63, 0x6C, 0x07, 0x76, 0xE9, 0xDD, 0xAF, 0x71, 0xBD, 0x1A, 0x10, 0xD0, 0xC3, 0xA3, 0x8D, 0x9D,
    0x20, 0xDA, 0xF7, 0x3D, 0x6A, 0x3A, 0xE9, 0x5C, 0xB4, 0x43, 0xDA, 0xF4, 0x55, 0x60, 0xAD, 0x00,
    0x5F, 0x0D, 0xE0, 0x9B, 0x13, 0xC8, 0x15, 0x64, 0xD0, 0x35, 0x8D, 0x76, 0x1D, 0x93, 0xAB, 0xCE,
    0xC5, 0x35, 0x6B, 0x95, 0xCE, 0xD1, 0xC6, 0xE1, 0x0A, 0x98, 0xCF, 0x80, 0x9B, 0x09, 0x7F, 0x93,
    0xC0, 0x88, 0x2C, 0xE0, 0x1F, 0x05, 0xB9, 0xCB, 0x1C, 0xC8, 0x62, 0x2D, 0x14, 0x66, 0x36, 0x8A,
    0x6A, 0xAA, 0x1D, 0x00, 0x3B, 0xF4, 0x8A, 0xF6, 0x3B, 0x54, 0x30, 0x77, 0x82, 0x2C, 0x98, 0x45,
    0x90, 0xBB, 0x7A, 0x14, 0x14, 0x6B, 0xDB, 0x09, 0xCC, 0x4C, 0x72, 0x40, 0x95, 0x60, 0xC7, 0x88,
    0x76, 0x00, 0xE2, 0x35, 0x4E, 0x91, 0x11, 0xB0, 0x1C, 0x32, 0x1F, 0x81, 0xDF, 0x89, 0x78, 0xD6,
    0xF9, 0xFD, 0x51, 0x42, 0xDF, 0x44, 0xF0, 0x2F, 0xEE, 0x0B, 0x0E, 0xA4, 0x66, 0x94, 0x93, 0x14,
    0x94, 0x7C, 0xD0, 0x37, 0xA4, 0xE1, 0x50, 0x77, 0x40, 0xCD, 0xA1, 0x1A, 0x00, 0xFB, 0x5E, 0x27,
    0xD0, 0xD3, 0x6C, 0x07, 0x50, 0x46, 0xD0, 0x8B, 0x45, 0x11, 0x34, 0x4D, 0xB4, 0x0E, 0x28, 0x97,
    0x03, 0x67, 0x4D, 0xB3, 0xD4, 0x6C, 0xEA, 0xB1, 0x5A, 0x6F, 0x34, 0x92, 0x9F, 0x1D, 0xD5, 0x4D,
    0x63, 0x3B, 0xA9, 0x26, 0x61, 0xA9, 0xF9, 0x29, 0x34, 0x3F, 0x85, 0xD1, 0x21, 0x70, 0x11, 0x00,
    0x4F, 0xEE, 0x11, 0x60, 0xD6, 0x08, 0x3B, 0x47, 0xB4, 0x3E, 0x81, 0x5D, 0x42, 0x3A, 0xA1, 0x9A,
    0x22, 0x0A, 0x97, 0x4E, 0xD4, 0x18, 0x32, 0x81, 0x66, 0xD0, 0x94, 0x84, 0x95, 0x88, 0xEA, 0x00,
    0xAA, 0x07, 0xA7, 0x17, 0x45, 0x41, 0xA1, 0x69, 0x70, 0x31, 0x84, 0x86, 0x6D, 0x15, 0xD5, 0xC8,
    0x5E, 0x3D, 0xFD, 0x73, 0xB0, 0x6A, 0xFB, 0x9B, 0xAB, 0x82, 0x66, 0x12, 0x64, 0xDE, 0x92, 0xB3,
    0x64, 0x1B, 0x51, 0x2C, 0x11, 0x66, 0x06, 0xAC, 0x3A, 0x8F, 0xB0, 0x03, 0x0C, 0x67, 0xD4, 0x5D,
    0x44, 0x81, 0x08, 0x7D, 0x0A, 0xF4, 0x1A, 0x1E, 0xE7, 0x24, 0xE9, 0x69, 0x9A, 0x78, 0xA5, 0x51,
    0x7F, 0xE3, 0x65, 0xE9, 0x07, 0xA4, 0x2B, 0x8F, 0xD1, 0x5C, 0xDA, 0xA0, 0xCF, 0x56, 0xA0, 0xE4,
    0x08, 0x54, 0x41, 0x57, 0x2D, 0x2A, 0x13, 0xCA, 0xB9, 0x15, 0xBF, 0x51, 0x16, 0x91, 0x72, 0xB1,
    0x93, 0x8C, 0x6C, 0x38, 0xF6, 0x73, 0x45, 0x72, 0x2E, 0xA9, 0x45, 0x17, 0x01, 0x6E, 0xA5, 0x9B,
    0x93, 0x23, 0x52, 0xB3, 0x5D, 0x62, 0x3D, 0x24, 0x9A, 0x29, 0xA2, 0xE7, 0xBC, 0x71, 0xD9, 0xB8,
    0x6E, 0x74, 0x91, 0x5F, 0xA6, 0xDF, 0x8A, 0xCC, 0xC8, 0x82, 0x6C, 0x94, 0xC6, 0xB3, 0x8B, 0x74,
    0x1C, 0x94, 0xF5, 0xD2, 0x8E, 0x69, 0xDF, 0xD2, 0xCE, 0xB5, 0x53, 0xBD, 0x28, 0x39, 0x98, 0x75,
    0xA3, 0x83, 0xA6, 0xD5, 0x14, 0x21, 0x9A, 0xD3, 0x87, 0x9A, 0x3B, 0xBE, 0xA1, 0x06, 0x0D, 0x49,
    0x76, 0x89, 0x6A, 0xB0, 0x56, 0x6A, 0xA1, 0x95, 0xE9, 0xC6, 0x15, 0x6A, 0x50, 0xE7, 0xD4, 0x90,
    0xAE, 0x2D, 0x1D, 0xEE, 0xF0, 0x07, 0xC0, 0xDD, 0xA0, 0x57, 0x28, 0x40, 0xE4, 0x6A, 0xAA, 0x20,
    0xBB, 0xBD, 0xE5, 0x3D, 0x9F, 0xE6, 0xAF, 0xF5, 0xB8, 0x66, 0x1D, 0xC2, 0x75, 0xEB, 0x30, 0xFD,
    0xA6, 0x75, 0x18, 0x9E, 0x67, 0x1D, 0x6E, 0x34, 0x5B, 0xDE, 0x53, 0x62, 0xBB, 0x24, 0xD2, 0x6D,
    0xF9, 0x72, 0x63, 0xF8, 0x42, 0xD7, 0x21, 0xF3, 0xD5, 0x98, 0xE2, 0x7F, 0x73, 0x50, 0x1A, 0x32,
    0xF1, 0x21, 0x9B, 0x8B, 0x75, 0x58, 0xBF, 0xD0, 0x75, 0xC0, 0xD7, 0xBE, 0x86, 0xD8, 0xBC, 0x8B,
    0xC8, 0xE8, 0xF7, 0x3C, 0xAF, 0xF1, 0xB9, 0xF0, 0xE2, 0xE7, 0x9F, 0xE1, 0xEA, 0xF7, 0xC3, 0x3B,
    0xEB, 0x69, 0x5D, 0xF6, 0xE3, 0x3D, 0xE7, 0xDF, 0x8A, 0xBA, 0xF4, 0xE9, 0x5A, 0x42, 0x2E, 0x8F,
    0x8F, 0xD7, 0x93, 0xB1, 0xDB, 0xC7, 0x92, 0x77, 0xF6, 0xE6, 0xD9, 0xF1, 0xF8, 0xE6, 0x92, 0x72,
    0x37, 0x42, 0xED, 0xC5, 0x3E, 0x4E, 0x35, 0xD8, 0xC7, 0x2B, 0x07, 0xE5, 0x56, 0x8B, 0x31, 0x8D,
    0x53, 0x3D, 0xD2, 0x38, 0xD5, 0xE4, 0x7C, 0xCC, 0xA1, 0x5A, 0x63, 0xB2, 0x3A, 0xEE, 0x8C, 0xDB,
    0xC6, 0x5A, 0x1F, 0x9F, 0xC6, 0xA9, 0x46, 0xDB, 0xB8, 0x08, 0x52, 0xA7, 0x6F, 0x4B, 0x3C, 0xC7,
    0xAD, 0x46, 0xDF, 0x57, 0x3B, 0xDB, 0xF8, 0x27, 0x3A, 0xDE, 0x6A, 0xF6, 0x5E, 0x1A, 0xDB, 0x94,
    0x47, 0x72, 0x3B, 0xEA, 0x5C, 0x8A, 0x33, 0xD5, 0x78, 0x1B, 0x6B, 0x0D, 0xD3, 0xF8, 0x0E, 0x6F,
    0x4B, 0x1D, 0x19, 0xF3, 0xDD, 0x6A, 0xA6, 0xED, 0x5A, 0x63, 0xE0, 0x5E, 0xBC, 0x32, 0x17, 0x24,
    0x9B, 0xE4, 0x79, 0x4A, 0x93, 0x2B, 0x72, 0x86, 0x63, 0xEF, 0x51, 0xB2, 0x43, 0x19, 0x60, 0x82,
    0x26, 0x88, 0x7A, 0x8D, 0xB0, 0x73, 0x84, 0x46, 0x97, 0x07, 0xF4, 0x03, 0x80, 0xBF, 0x8C, 0x31,
    0x01, 0x3B, 0x9A, 0xAB, 0xD0, 0x9D, 0x42, 0xCF, 0x4B, 0x39, 0xEE, 0x77, 0x59, 0x5F, 0x47, 0xED,
    0xF4, 0x50, 0xA7, 0xFE, 0xC0, 0xA1, 0xE0, 0x88, 0x9C, 0xDD, 0x41, 0x62, 0xB9, 0x47, 0xA0, 0x27,
    0xE9, 0x53, 0xB5, 0x16, 0x8D, 0x80, 0x54, 0x13, 0x15, 0xCF, 0xD2, 0xCB, 0x19, 0x11, 0xF3, 0xE9,
    0x7D, 0x99, 0x4D, 0x3E, 0x5E, 0x69, 0xB6, 0xEB, 0xEB, 0x7E, 0xB5, 0x2D, 0x67, 0xA0, 0xA5, 0xB6,
    0xCB, 0x2A, 0xBF, 0xC1, 0x1D, 0xEF, 0x50, 0x83, 0xCE, 0x2E, 0x29, 0x70, 0x95, 0x92, 0x1C, 0xAF,
    0x50, 0xB1, 0x73, 0x6C, 0x9E, 0x74, 0xD6, 0x65, 0xFB, 0xC9, 0xEF, 0x93, 0xA2, 0x3A, 0xBF, 0x6F,
    0xC8, 0xD7, 0x14, 0x7F, 0xCA, 0xE5, 0x05, 0xCC, 0xA2, 0xF9, 0x64, 0x9B, 0xAC, 0x53, 0xED, 0xC3,
    0x8B, 0x97, 0xC5, 0xCB, 0x2F, 0x43, 0xDA, 0xBB, 0xEF, 0xAA, 0x92, 0x2F, 0x5A, 0xFC, 0xD9, 0x6D,
    0xE4, 0x0E, 0x99, 0x07, 0x08, 0x9E, 0xB4, 0x3B, 0x3C, 0x66, 0xC4, 0x67, 0x7B, 0xC8, 0xB9, 0x3C,
    0x69, 0xFA, 0x9E, 0x6B, 0x1B, 0x50, 0xBD, 0x3C, 0x2F, 0x17, 0xB7, 0x01, 0x22, 0x67, 0x67, 0x38,
    0x3D, 0x27, 0x17, 0xD9, 0xAB, 0x4D, 0xF9, 0x70, 0x7C, 0x7E, 0xF6, 0x6B, 0x92, 0xA1, 0x03, 0x94,
    0xF4, 0x1B, 0xD9, 0x6D, 0x9C, 0x71, 0xA3, 0x7D, 0x70, 0xBC, 0x4B, 0x97, 0xBE, 0x9B, 0xB5, 0x21,
    0xB1, 0x64, 0x13, 0x99, 0x73, 0x88, 0xC4, 0x39, 0xDB, 0x31, 0xD1, 0x4E, 0x89, 0xF5, 0x4C, 0x9E,
    0xB2, 0xBA, 0xC4, 0x63, 0x9B, 0xE6, 0x61, 0x4F, 0x69, 0xA7, 0xDD, 0xDE, 0xA9, 0xFD, 0x03, 0xBB,
    0xCD, 0xFF, 0x1E, 0xCF, 0x16, 0xDF, 0x1E, 0x6F, 0x62, 0x77, 0x21, 0x9F, 0xD0, 0x40, 0xDB, 0xED,
    0x57, 0x22, 0x8B, 0x60, 0x3B, 0xA5, 0x21, 0x15, 0xA8, 0x1E, 0x06, 0x51, 0xB2, 0xFE, 0x37, 0x35,
    0x40, 0xFE, 0xC3, 0x77, 0x7E, 0x18, 0x39, 0xC2, 0x44, 0xCE, 0x91, 0x77, 0xE8, 0x70, 0xE3, 0xCD,
    0xB3, 0xD7, 0x33, 0x35, 0x6A, 0x16, 0x64, 0xE4, 0x39, 0x87, 0x8D, 0x53, 0xA2, 0x5D, 0x12, 0x6B,
    0x97, 0x68, 0x42, 0x62, 0xCE, 0x26, 0x32, 0xE3, 0x10, 0x89, 0x7E, 0x4A, 0xB4, 0x4B, 0x62, 0xE5,
    0x12, 0x4B, 0x26, 0xE6, 0xFC, 0x76, 0x64, 0xC6, 0x9F, 0x44, 0xA2, 0x67, 0xA2, 0xDD, 0x68, 0x36,
    0x16, 0x42, 0xD9, 0x56, 0xE4, 0x42, 0x92, 0xC0, 0x39, 0xDB, 0x8D, 0xB5, 0x32, 0xC5, 0x0B, 0xE4,
    0x0E, 0xDA, 0x0E, 0x3E, 0x02, 0x4C, 0xE8, 0x1B, 0xD5, 0x9A, 0x61, 0xBB, 0x1A, 0x4F, 0xFA, 0x64,
    0xBF, 0x54, 0x6B, 0x30, 0x2B, 0x6A, 0x0E, 0x25, 0x3B, 0x1C, 0x38, 0x55, 0x1E, 0x6A, 0xDD, 0xAA,
    0xBD, 0xCA, 0xD9, 0x59, 0x60, 0x5C, 0xDC, 0xC9, 0xC2, 0xF7, 0x83, 0x3A, 0x09, 0xEC, 0xD4, 0x09,
    0xA9, 0x76, 0xB3, 0xAB, 0x91, 0x96, 0x24, 0xE4, 0xDC, 0xCE, 0xDB, 0xAC, 0x6C, 0x36, 0xEB, 0x55,
    0x60, 0x57, 0x13, 0x04, 0xFD, 0x5C, 0x70, 0x84, 0x74, 0xBD, 0x1A, 0xA7, 0x9F, 0x46, 0xA9, 0xF1,
    0x56, 0x82, 0x55, 0x0D, 0x25, 0x4B, 0x15, 0xD7, 0xD3, 0x2B, 0x6F, 0xDB, 0x9C, 0xA4, 0x99, 0xB1,
    0xF9, 0xE4, 0x0B, 0x5D, 0xC9, 0xFD, 0x36, 0xD1, 0x21, 0xBB, 0x90, 0xA6, 0x79, 0x4A, 0x9A, 0x7D,
    0x0A, 0x90, 0xFF, 0x4F, 0xD2, 0x7C, 0xF9, 0x74, 0x1B, 0x73, 0x0E, 0x8A, 0x92, 0x93, 0xA2, 0x8E,
    0x4B, 0x8A, 0x74, 0x42, 0x9D, 0x4E, 0x67, 0x34, 0x96, 0x27, 0xD3, 0x65, 0x72, 0xB4, 0xB9, 0x8D,
    0x41, 0xD4, 0xEB, 0x53, 0x77, 0x33, 0xE1, 0xE9, 0x69, 0x2A, 0x9E, 0x92, 0x66, 0x7D, 0x31, 0xCD,
    0xE9, 0xB1, 0x34, 0xEB, 0x2B, 0xD3, 0x2C, 0x27, 0x2A, 0xAC, 0x0B, 0x8A, 0x96, 0x5E, 0xD1, 0xF7,
    0x2E, 0x62, 0x4F, 0x73, 0x7C, 0xD1, 0xD3, 0xDC, 0x5A, 0xF1, 0xFE, 0xA8, 0x30, 0x9C, 0x15, 0x15,
    0x17, 0xEC, 0x2B, 0x2B, 0x52, 0x9F, 0x26, 0x2B, 0x62, 0xF3, 0xEF, 0xC5, 0x66, 0xB1, 0xE5, 0x47,
    0x00, 0x9C, 0xD3, 0xAF, 0xB3, 0x9F, 0x67, 0x7E, 0xC3, 0xD3, 0xF3, 0x1B, 0xCF, 0xF3, 0xCB, 0x70,
    0x13, 0x65, 0xF7, 0xD7, 0xA8, 0x7F, 0x46, 0xB4, 0x8F, 0xD8, 0xD5, 0x24, 0x4A, 0x3A, 0x1C, 0x38,
    0xC7, 0xCF, 0x2E, 0x43, 0x0F, 0x4B, 0x36, 0xF6, 0x03, 0x36, 0x66, 0xF0, 0xC8, 0xF1, 0x07, 0xB8,
    0xD4, 0xBA, 0xA8, 0x87, 0x59, 0x5D, 0xAC, 0xA5, 0x8F, 0xFB, 0xFE, 0x43, 0xAF, 0xFE, 0xD4, 0xA1,
    0x2A, 0xA7, 0xB4, 0xEF, 0x83, 0xEE, 0xBB, 0x49, 0xFB, 0x5E, 0x33, 0xEE, 0x7B, 0xCB, 0x58, 0x17,
    0x3E, 0xD4, 0xBA, 0xE4, 0xFC, 0x57, 0xAD, 0x8B, 0x61, 0xAC, 0x4B, 0xED, 0x62, 0xD2, 0xED, 0x22,
    0x68, 0x32, 0x4E, 0x99, 0x20, 0xE7, 0xA0, 0x30, 0x8C, 0x75, 0xA9, 0x5D, 0xAC, 0x4B, 0xBF, 0x08,
    0xFA, 0x1F, 0x73, 0xD2, 0xBA, 0xFC, 0x07, 0x3B, 0xAD, 0x0B, 0x19, 0xEB, 0x42, 0x17, 0xEB, 0xC2,
    0x25, 0xD5, 0x65, 0x82, 0xF4, 0x22, 0xD5, 0xC5, 0x30, 0xD6, 0xC5, 0xA6, 0x30, 0xFB, 0x8F, 0xC8,
    0x78, 0x2D, 0x8B, 0x75, 0x31, 0x0D, 0xB4, 0x65, 0x7B, 0x8E, 0xB6, 0xB9, 0xF8, 0xFB, 0x64, 0x75,
    0xFA, 0x3B, 0x25, 0xC9, 0xE2, 0x03, 0xD2, 0x09, 0x91, 0x5F, 0x41, 0xBD, 0x12, 0xE8, 0xFF, 0x2E,
    0x67, 0x4C, 0x3F, 0x24, 0x3F, 0x5F, 0x3A, 0x61, 0x03, 0x14, 0xFB, 0xF7, 0xEA, 0xED, 0x7B, 0xF6,
    0x9A, 0x7E, 0xEB, 0xAD, 0x16, 0xC0, 0xCA, 0x58, 0xAB, 0x5E, 0x07, 0xAD, 0xEB, 0x27, 0xDF, 0xD3,
    0x0B, 0x65, 0x03, 0x64, 0x02, 0x1F, 0xD3, 0x25, 0x27, 0x65, 0xD6, 0x9F, 0x21, 0xB6, 0x62, 0xDE,
    0xF3, 0xBE, 0x50, 0x87, 0x5A, 0x49, 0xD2, 0xBE, 0xF6, 0xDB, 0x51, 0x07, 0x33, 0x3C, 0xF6, 0xBB,
    0xCC, 0x9C, 0x48, 0xA7, 0x42, 0xAE, 0x7D, 0xCA, 0xFB, 0x47, 0xBF, 0xFF, 0xC5, 0xAE, 0xC3, 0xCD,
    0x9B, 0x89, 0xDE, 0x5D, 0xCC, 0xDF, 0x33, 0xE5, 0xFB, 0xF5, 0x3F, 0xFF, 0x62, 0xE7, 0xDF, 0x26,
    0x84, 0xA8, 0xF9, 0x96, 0xFC, 0x96, 0xFB, 0xC7, 0x57, 0xFF, 0xBD, 0x8B, 0xBF, 0xAD, 0xFE, 0xD5,
    0x65, 0x3B, 0xC5, 0xD7, 0x8D, 0x5D, 0xC0, 0x11, 0x30, 0x2E, 0x8B, 0xF1, 0x85, 0x3C, 0x86, 0xCD,
    0x22, 0xA8, 0xA3, 0x8B, 0x7F, 0xEF, 0xD2, 0x72, 0x4E, 0x61, 0x0C, 0x0A, 0xC3, 0x4E, 0x51, 0x32,
    0x79, 0xF7, 0xD7, 0xC7, 0x75, 0xFF, 0xDE, 0x05, 0x4F, 0x13, 0xB2, 0x53, 0x59, 0x55, 0x08, 0x4E,
    0x19, 0x3B, 0x4E, 0xA8, 0x07, 0x11, 0x33, 0x89, 0x14, 0xB3, 0x48, 0x7E, 0x59, 0xD2, 0x84, 0x19,
    0xB7, 0xC5, 0x7A, 0x1A, 0x19, 0x76, 0x53, 0xDD, 0x53, 0x5C, 0xFE, 0xE9, 0x7D, 0x90, 0x1E, 0x24,
    0x1B, 0x92, 0x03, 0xC9, 0x91, 0xAB, 0x9D, 0xB8, 0x48, 0x77, 0xED, 0xA4, 0xCF, 0xB7, 0xE3, 0x69,
    0x4D, 0x7A, 0xBE, 0x6C, 0x1B, 0xE2, 0xB9, 0x9A, 0xC0, 0xB9, 0x24, 0xE7, 0x82, 0x5C, 0x64, 0x1C,
    0x7A, 0xAF, 0x73, 0xDB, 0x9A, 0x49, 0xBD, 0xF3, 0xEE, 0x9A, 0x9C, 0x99, 0x59, 0xA4, 0x54, 0xC9,
    0x57, 0x91, 0x83, 0xDB, 0x7E, 0x96, 0x28, 0x34, 0x44, 0x43, 0x4E, 0xA8, 0xC8, 0x19, 0xD5, 0x87,
    0xED, 0x8A, 0x6A, 0x32, 0x4E, 0xA4, 0x74, 0xE9, 0xA7, 0xD6, 0x92, 0x22, 0x56, 0xA5, 0x5D, 0x0A,
    0x07, 0x0E, 0x2A, 0x4D, 0x94, 0x4A, 0xE4, 0xDF, 0xFB, 0x30, 0xF4, 0x1A, 0x9B, 0x15, 0x99, 0x2B,
    0x7E, 0xCC, 0xF9, 0xC0, 0xA6, 0xEF, 0x80, 0xB0, 0x39, 0x4A, 0x2E, 0xD5, 0x79, 0xC6, 0x33, 0x19,
    0x3C, 0xE6, 0x72, 0xAA, 0xCF, 0x5D, 0xFE, 0xE8, 0x37, 0x75, 0x79, 0x58, 0xD4, 0x91, 0xBA, 0xAC,
    0x28, 0x62, 0xFB, 0x01, 0x19, 0x39, 0x3C, 0x4F, 0x97, 0xF5, 0x77, 0x57, 0x80, 0xBF, 0x58, 0x44,
    0x1E, 0xCD, 0x38, 0x90, 0x22, 0x67, 0x1C, 0x91, 0x93, 0xDD, 0xE5, 0xEA, 0xDE, 0xFB, 0x14, 0xD5,
    0xED, 0xCC, 0x15, 0x7E, 0x3F, 0xDA, 0xAB, 0xAB, 0xAD, 0xBA, 0x27, 0x62, 0xD9, 0xA9, 0x34, 0x9A,
    0x6A, 0xAC, 0xEE, 0xB0, 0xBB, 0x5C, 0x9E, 0x69, 0xAA, 0xDA, 0xB6, 0x12, 0x7B, 0x11, 0xC3, 0x14,
    0x81, 0x8E, 0x54, 0x3C, 0x90, 0xD1, 0x3F, 0xD7, 0x08, 0xFA, 0x15, 0xDA, 0x0B, 0xB2, 0x29, 0xA5,
    0x1B, 0x72, 0xAC, 0x53, 0x9F, 0x5B, 0xE9, 0xB5, 0xBC, 0x7A, 0xF9, 0xCB, 0x76, 0xA9, 0x47, 0x13,
    0xD8, 0x99, 0xB5, 0xBE, 0x5F, 0x92, 0x10, 0xCF, 0x3D, 0xB5, 0xB9, 0x92, 0x89, 0x76, 0x63, 0xBB,
    0x94, 0x91, 0x1C, 0x84, 0xFA, 0xC7, 0x37, 0x4D, 0x19, 0x08, 0x74, 0x6C, 0x8C, 0xE7, 0x90, 0x2F,
    0xFC, 0x71, 0x1F, 0xF8, 0xE1, 0x3D, 0x9F, 0x4E, 0xE7, 0x6A, 0x13, 0x35, 0x22, 0xF9, 0xC7, 0x2E,
    0x06, 0xA5, 0x1F, 0x9E, 0x75, 0xAA, 0xFE, 0xA2, 0x89, 0x05, 0x4D, 0x9B, 0xB0, 0xE1, 0x0D, 0x36,
    0xED, 0x0C, 0x59, 0x32, 0x88, 0xB0, 0xC3, 0xAD, 0x4B, 0x1F, 0x00, 0x9D, 0x88, 0xCC, 0xFE, 0x21,
    0xDA, 0x59, 0x68, 0xC3, 0xDD, 0x74, 0x1F, 0xA7, 0xF9, 0x79, 0x40, 0xED, 0xE1, 0x96, 0xAE, 0xD4,
    0xB2, 0xA5, 0x77, 0x70, 0x35, 0x9D, 0xDF, 0x9E, 0x58, 0x15, 0x7D, 0x9A, 0x26, 0x8A, 0x55, 0x27,
    0x02, 0x70, 0x20, 0x47, 0x94, 0xB1, 0xF0, 0xB1, 0xC8, 0x7A, 0x0F, 0xDB, 0x8E, 0x79, 0x80, 0x24,
    0x44, 0x90, 0xBC, 0x2C, 0x3F, 0x3D, 0x1E, 0x35, 0x8C, 0xAF, 0x69, 0x18, 0x1E, 0xD6, 0xDF, 0x65,
    0x53, 0x91, 0x21, 0xED, 0xD2, 0x81, 0x9C, 0xD4, 0x72, 0x03, 0xE4, 0x2E, 0x39, 0x3A, 0x8D, 0xC5,
    0x3E, 0x5F, 0x97, 0x85, 0xFA, 0xA8, 0xD4, 0xA5, 0xF5, 0x22, 0xEC, 0xD3, 0x57, 0x88, 0x4B, 0x2E,
    0xCF, 0x8C, 0xB8, 0x9C, 0x9E, 0x89, 0xCB, 0x6F, 0x7C, 0x03, 0x40, 0xDF, 0x8B, 0x90, 0x22, 0x2D,
    0xB1, 0x7B, 0x9B, 0x9F, 0xB9, 0xB7, 0x72, 0x46, 0xBE, 0xC6, 0x0F, 0xC9, 0x80, 0x9E, 0xA0, 0x03,
    0xBD, 0x3E, 0x5E, 0xF3, 0xC8, 0x9F, 0xF2, 0xE0, 0x94, 0x73, 0x3E, 0x70, 0x81, 0x3C, 0x7E, 0xAF,
    0xC1, 0x11, 0x20, 0x32, 0xAF, 0x1B, 0x74, 0x6B, 0x05, 0x97, 0xCF, 0x6A, 0xE7, 0xB6, 0x46, 0x52,
    0x10, 0x86, 0x9D, 0x7D, 0x6F, 0xE4, 0xA3, 0xE9, 0x33, 0xDA, 0x01, 0xCC, 0x7B, 0x5D, 0xCD, 0xA1,
    0x7E, 0x38, 0x90, 0xCD, 0x67, 0x35, 0x52, 0x04, 0xA8, 0x25, 0x0E, 0x27, 0xCA, 0x19, 0xB8, 0x61,
    0x55, 0x71, 0x41, 0x1F, 0xBC, 0xAE, 0x3A, 0xE2, 0x89, 0x5A, 0xE9, 0x77, 0xCC, 0x8C, 0xE4, 0x88,
    0x22, 0x6A, 0x15, 0xD5, 0x86, 0x3B, 0xA2, 0xED, 0x0C, 0x99, 0xED, 0x07, 0x5D, 0xC9, 0x2E, 0x6A,
    0x73, 0x49, 0xD3, 0xF1, 0x01, 0x6D, 0x5C, 0x1F, 0xCF, 0xBD, 0xCB, 0xFF, 0x89, 0x76, 0x88, 0x32,
    0xEA, 0x81, 0x7C, 0x8F, 0x40, 0xED, 0x8B, 0x15, 0x5B, 0x3B, 0xAC, 0xB6, 0x01, 0x4C, 0xB0, 0x80,
    0x2E, 0x15, 0xAD, 0xDF, 0xF6, 0x40, 0xCB, 0xB7, 0x1D, 0x40, 0x92, 0x4D, 0xD4, 0x21, 0xEA, 0x8C,
    0xFF, 0xE2, 0x83, 0x7E, 0x46, 0xCE, 0xA6, 0x5A, 0x90, 0x07, 0x18, 0x51, 0x7F, 0x5D, 0x7D, 0x23,
    0xBC, 0x6E, 0xCE, 0x1A, 0x72, 0x36, 0x1C, 0x76, 0x2D, 0x39, 0x52, 0xAB, 0xDA, 0xC5, 0xDF, 0x72,
    0x2E, 0xDD, 0x02, 0x64, 0x41, 0x23, 0xE2, 0x7D, 0x0D, 0x7D, 0x8D, 0x59, 0xC4, 0x84, 0x06, 0xEB,
    0x33, 0x8E, 0xFD, 0x04, 0x3B, 0x73, 0x40, 0x3D, 0xB3, 0x13, 0x07, 0x6C, 0x76, 0xE9, 0x92, 0x54,
    0x8B, 0xD6, 0x6C, 0xD6, 0x4F, 0xAF, 0x59, 0x3F, 0xEF, 0x46, 0x43, 0xB2, 0x2B, 0xC8, 0x80, 0x4C,
    0xED, 0xE1, 0x56, 0xF4, 0x4B, 0xE0, 0xF4, 0x66, 0x40, 0xA5, 0x66, 0xDC, 0x0D, 0xF7, 0xB8, 0xCB,
    0xF6, 0xD9, 0xB8, 0xCC, 0xA2, 0x23, 0x75, 0x69, 0xD8, 0x00, 0xF2, 0x3A, 0xD4, 0x92, 0x4F, 0xC8,
    0x2E, 0x64, 0xD9, 0x45, 0x03, 0xD1, 0x54, 0xBF, 0xB9, 0xAC, 0x76, 0x97, 0x49, 0x76, 0x97, 0xF5,
    0x89, 0xCB, 0x6A, 0x73, 0xC9, 0x53, 0x97, 0x37, 0x5E, 0xBD, 0x0D, 0xD8, 0x9F, 0x3B, 0x80, 0x8F,
    0xD6, 0x74, 0x31, 0xC8, 0x1C, 0x67, 0x1D, 0x8D, 0x38, 0x3C, 0xE6, 0x97, 0xFF, 0x24, 0x7E, 0x17,
    0xF5, 0x3B, 0xC2, 0x3E, 0xC9, 0xAF, 0xB9, 0x96, 0xDF, 0xF2, 0x5B, 0x0D, 0x50, 0x69, 0x82, 0x35,
    0x93, 0xA4, 0xD9, 0xE2, 0xB9, 0x64, 0x79, 0x13, 0x70, 0x38, 0x04, 0x64, 0x1E, 0x47, 0x7F, 0xE1,
    0x8F, 0x55, 0xF7, 0xE3, 0x32, 0xB8, 0xD0, 0xBE, 0x1A, 0xB5, 0x8D, 0x37, 0x7F, 0x1C, 0x62, 0x48,
    0x0D, 0xDA, 0x6D, 0xC3, 0xE8, 0x90, 0xF3, 0x01, 0x3D, 0x0A, 0x66, 0x24, 0x4A, 0x57, 0x88, 0x9A,
    0xD5, 0x04, 0x36, 0x66, 0xB1, 0x8B, 0x2A, 0x27, 0xD1, 0x5F, 0xB3, 0x13, 0x25, 0x33, 0x36, 0x25,
    0xDD, 0x81, 0x28, 0x38, 0x97, 0x44, 0xCE, 0x0F, 0x5B, 0x2F, 0xAA, 0x01, 0x9A, 0xFD, 0xF7, 0xF9,
    0x0E, 0xF6, 0x57, 0xFD, 0x7A, 0xFE, 0xB5, 0xF6, 0x80, 0xD3, 0xC6, 0xA8, 0x7D, 0xA7, 0x6A, 0x87,
    0xF3, 0x2F, 0xBD, 0xF4, 0x86, 0x4E, 0x34, 0x7B, 0x4C, 0xDF, 0xF0, 0xB8, 0x2B, 0x11, 0x4A, 0x78,
    0xD7, 0xD6, 0x52, 0x34, 0xC0, 0x48, 0x35, 0xF8, 0x56, 0xEF, 0xFF, 0x2C, 0x63, 0x0C, 0x2B, 0xA9,
    0x65, 0x10, 0x7D, 0x29, 0xBE, 0xB3, 0x60, 0xE6, 0xE8, 0x7D, 0xFC, 0x24, 0x92, 0xBE, 0xD1, 0x48,
    0xF8, 0xB9, 0x47, 0x52, 0xC7, 0x6A, 0xE8, 0x08, 0x19, 0x17, 0xD1, 0xE2, 0xCC, 0x03, 0xE4, 0xCF,
    0x3E, 0xEF, 0x48, 0x52, 0xCB, 0x3E, 0xD4, 0x18, 0x72, 0xBA, 0x73, 0x65, 0xF8, 0xD5, 0xE7, 0x1E,
    0x49, 0xA1, 0x31, 0x6C, 0x7B, 0x54, 0xED, 0x7B, 0x44, 0xDF, 0xF6, 0x74, 0x0C, 0xB0, 0xA2, 0x4C,
    0xDA, 0x89, 0x1E, 0x39, 0x7C, 0x99, 0x3F, 0xD0, 0x9B, 0x1E, 0x02, 0x76, 0x2A, 0x02, 0x50, 0xCF,
    0xE2, 0x0B, 0xD5, 0x6A, 0x44, 0x8D, 0xAB, 0x16, 0xA0, 0xF0, 0xF5, 0x0C, 0x71, 0x6F, 0x27, 0xE0,
    0xC0, 0x7E, 0x44, 0xFA, 0x6E, 0x02, 0x90, 0x9D, 0x68, 0xCB, 0xE8, 0x25, 0x6A, 0xED, 0x55, 0x2B,
    0xA7, 0x6A, 0xD6, 0x38, 0x9E, 0x81, 0xEC, 0x75, 0x2B, 0x5A, 0x4D, 0x7A, 0x6A, 0xF5, 0x11, 0x07,
    0x51, 0x52, 0x57, 0xD0, 0xC7, 0x52, 0xAD, 0xFB, 0x4B, 0x3B, 0xD6, 0x92, 0xAB, 0x8A, 0x53, 0xD1,
    0xF9, 0xF7, 0x55, 0xF2, 0xEB, 0x4A, 0xE8, 0x17, 0xE4, 0x24, 0x1B, 0x95, 0x51, 0x65, 0xC9, 0xF9,
    0xD3, 0xDE, 0x69, 0xF5, 0xBC, 0x5E, 0xAD, 0x83, 0xC8, 0x81, 0x22, 0xD9, 0x05, 0xD1, 0x63, 0xD4,
    0x59, 0x36, 0xB2, 0x8E, 0x0F, 0xE4, 0x0C, 0x92, 0xAB, 0xCA, 0xA4, 0xD2, 0xD1, 0xB5, 0xE9, 0x2B,
    0xE9, 0x75, 0x65, 0x6F, 0xCE, 0x7D, 0xF2, 0x37, 0x53, 0x41, 0x94, 0xFE, 0xAF, 0xDA, 0x17, 0x61,
    0x33, 0xFE, 0x0F, 0xE5, 0x5C, 0x31, 0x8C, 0xDD, 0x56, 0x76, 0xBD, 0xFC, 0x8C, 0x44, 0x64, 0x09,
    0x84, 0x2A, 0x3C, 0xD9, 0x24, 0x2A, 0x98, 0x62, 0x8B, 0xC4, 0x29, 0xD8, 0x66, 0x53, 0xE4, 0xD1,
    0xEB, 0x62, 0xCB, 0x9D, 0x62, 0xBE, 0x06, 0x81, 0x0A, 0xB9, 0x07, 0x92, 0xE9, 0x8B, 0x80, 0x44,
    0x8C, 0x20, 0x65, 0x54, 0xD8, 0x58, 0x60, 0x1B, 0xAB, 0x08, 0x90, 0xC2, 0x48, 0xD4, 0x03, 0x6B,
    0x91, 0x1B, 0x17, 0x29, 0x97, 0x0E, 0xB0, 0x70, 0x80, 0x14, 0xA6, 0x37, 0x6B, 0x08, 0x41, 0x02,
    0x98, 0xC6, 0x52, 0x16, 0xBF, 0x44, 0xBE, 0x93, 0x77, 0xEF, 0x25, 0xFF, 0xF0, 0xFF, 0xF9, 0x7F,
    0x34, 0x23, 0x6B, 0x04, 0x4B, 0x26, 0x3E, 0xCF, 0x21, 0x87, 0xFC, 0x8F, 0xF7, 0x9E, 0x7B, 0xDF,
    0xFB, 0x8F, 0xEF, 0x91, 0x43, 0xE4, 0x03, 0x44, 0x74, 0x96, 0x8B, 0x35, 0xAF, 0x46, 0xEE, 0x46,
    0xEE, 0x85, 0xBF, 0x0F, 0xBB, 0x71, 0x7E, 0x00, 0xA4, 0xCC, 0xD1, 0x80, 0x9C, 0x39, 0xEE, 0x51,
    0x32, 0x27, 0x6D, 0x56, 0x33, 0x9B, 0xC6, 0x34, 0xCC, 0x59, 0x9D, 0xB4, 0xCC, 0x28, 0x23, 0x2E,
    0xD0, 0x43, 0x1E, 0x72, 0x81, 0x0B, 0xA4, 0x81, 0x95, 0xE2, 0xF8, 0x43, 0x14, 0xD8, 0xE5, 0x2D,
    0x2E, 0x30, 0x02, 0x80, 0xF2, 0x94, 0x13, 0xE6, 0x9A, 0xC8, 0x30, 0x37, 0x5C, 0x1C, 0x11, 0x17,
    0x28, 0xE7, 0xF4, 0x44, 0x7C, 0x71, 0x57, 0xE0, 0x2D, 0xBC, 0x47, 0x74, 0xDB, 0x1E, 0x81, 0xAD,
    0x75, 0xB0, 0x8F, 0xE9, 0x60, 0x79, 0xC8, 0x85, 0x35, 0x73, 0x28, 0x1C, 0xF8, 0x40, 0x45, 0x21,
    0x5F, 0x22, 0xE2, 0xD3, 0xA2, 0xD5, 0x89, 0x83, 0xC6, 0x1F, 0x28, 0xAA, 0x1D, 0x50, 0x86, 0x81,
    0x02, 0x38, 0x88, 0x19, 0x4C, 0xB7, 0x18, 0x28, 0xAB, 0x18, 0x4A, 0x01, 0xE7, 0x4A, 0x56, 0x67,
    0xB8, 0x67, 0xD8, 0x48, 0x36, 0xB9, 0x8D, 0x30, 0xA0, 0xF5, 0x70, 0x37, 0x61, 0xFB, 0xEA, 0xD8,
    0xA1, 0xE3, 0xC6, 0x08, 0x07, 0x4F, 0x8A, 0x94, 0x79, 0x01, 0xAC, 0x25, 0x56, 0x6E, 0xF7, 0x48,
    0x3F, 0x9C, 0x2B, 0x7D, 0x74, 0x31, 0xE9, 0x99, 0x77, 0x4A, 0x8F, 0xE5, 0xF1, 0xCB, 0x90, 0xBE,
    0xF7, 0x1B, 0xA2, 0x3E, 0xAC, 0x89, 0x70, 0xDF, 0x41, 0xC1, 0xE5, 0x18, 0xE4, 0xE4, 0xC1, 0x8A,
    0x4F, 0x39, 0x5F, 0xB9, 0x66, 0x85, 0x1B, 0x8A, 0x1F, 0x65, 0x1D, 0xC5, 0x75, 0xD4, 0x3B, 0x08,
    0x7B, 0x95, 0x22, 0x84, 0x03, 0xC3, 0x90, 0xB5, 0x41, 0x4F, 0x28, 0x19, 0x52, 0x81, 0xD8, 0xC1,
    0x27, 0x85, 0x2D, 0x0B, 0x00, 0x95, 0x04, 0x21, 0xC6, 0x63, 0x34, 0xCE, 0xD3, 0x22, 0xD7, 0xF8,
    0x8E, 0xFA, 0x5E, 0x36, 0xB5, 0xCB, 0x0B, 0xEA, 0xDB, 0x8F, 0x3C, 0xEC, 0xD3, 0x37, 0xDF, 0xD2,
    0xB7, 0x1A, 0xF5, 0x6D, 0xB6, 0xF4, 0xED, 0xB6, 0xF4, 0x1D, 0x54, 0xDF, 0x63, 0x3C, 0x5B, 0x5F,
    0xF5, 0xA1, 0x51, 0x5E, 0xF4, 0xCA, 0xC1, 0xC4, 0xDD, 0xC8, 0x2D, 0x15, 0x9D, 0xBA, 0xC8, 0x86,
    0x54, 0xDF, 0x44, 0xEE, 0x8A, 0xE5, 0x6E, 0x46, 0xB9, 0xBF, 0x56, 0xB9, 0x59, 0xA8, 0xA8, 0x62,
    0xB1, 0x1A, 0x51, 0x8A, 0xB7, 0x58, 0xB4, 0x83, 0x94, 0x68, 0x31, 0xA6, 0x71, 0x3F, 0x5A, 0x22,
    0x14, 0xAD, 0x58, 0x6B, 0xAF, 0xC0, 0xC0, 0x3B, 0xAA, 0x50, 0xE6, 0xA8, 0x25, 0x0F, 0xE0, 0xAB,
    0xFB, 0x68, 0xE9, 0x64, 0xA0, 0x08, 0x29, 0xCB, 0x19, 0x0F, 0x2C, 0x30, 0x99, 0x56, 0xA9, 0x16,
    0xCA, 0x4A, 0x22, 0xDF, 0x92, 0x5C, 0xFC, 0x0F, 0x59, 0x37, 0x5E, 0x90, 0x9E, 0x43, 0xF9, 0x8C,
    0xF4, 0x7B, 0xAA, 0xFF, 0x64, 0xF3, 0x0F, 0x28, 0x61, 0x2B, 0xB3, 0x3C, 0x82, 0x04, 0x36, 0x40,
    0x45, 0x3E, 0xF2, 0x05, 0xEC, 0xF2, 0x04, 0xAC, 0x0F, 0x30, 0x68, 0x04, 0xD9, 0x10, 0xB1, 0x9A,
    0x77, 0x57, 0xEC, 0xCA, 0xA0, 0x3E, 0x8E, 0x1E, 0x46, 0x22, 0x01, 0xEE, 0xF2, 0x59, 0x1D, 0x8B,
    0x6A, 0x59, 0x72, 0x90, 0xE9, 0x9D, 0x5C, 0xEE, 0x92, 0x48, 0x51, 0x32, 0xE4, 0x74, 0x5D, 0xAD,
    0x53, 0xC8, 0x05, 0xD4, 0xB8, 0x1F, 0x52, 0xD6, 0x38, 0x36, 0xF6, 0x18, 0x39, 0x2B, 0xA4, 0x2D,
    0x91, 0xC7, 0xE5, 0x51, 0x8C, 0xFC, 0x34, 0xEA, 0x91, 0x2A, 0x6B, 0xAC, 0x50, 0x91, 0xE5, 0x4C,
    0xC0, 0x6F, 0x34, 0xA7, 0x91, 0xAA, 0xC5, 0x5C, 0x01, 0xC1, 0x5F, 0xF6, 0x9D, 0x37, 0xC5, 0x40,
    0x21, 0x72, 0x0A, 0x2D, 0x45, 0x56, 0xB4, 0x4C, 0x3A, 0x21, 0xD3, 0xA8, 0xB2, 0xD5, 0xA9, 0xB2,
    0x7F, 0x3D, 0x97, 0xED, 0x72, 0xCA, 0x56, 0xBB, 0x94, 0xB5, 0x97, 0x55, 0x96, 0xBD, 0x54, 0x1F,
    0x13, 0xCB, 0x45, 0x64, 0x29, 0x7B, 0x52, 0xB2, 0x12, 0xED, 0x4C, 0x59, 0xD6, 0x29, 0x75, 0x8A,
    0x71, 0x36, 0xAA, 0xB2, 0x37, 0xE7, 0xCA, 0xA6, 0x33, 0x65, 0xFF, 0x7C, 0xA6, 0x6C, 0x3C, 0x2A,
    0x6B, 0xE7, 0xCA, 0xEA, 0xB2, 0x16, 0x38, 0x6C, 0xE7, 0xA9, 0x9B, 0xE0, 0xDE, 0x7E, 0x65, 0x7F,
    0x06, 0x56, 0xB6, 0x9A, 0x94, 0xF5, 0xCF, 0x51, 0xD6, 0xFB, 0x97, 0x97, 0xA1, 0x2C, 0xF6, 0x2B,
    0xAB, 0xCB, 0xA2, 0x56, 0xD7, 0x46, 0xB8, 0x69, 0x53, 0x51, 0x56, 0xB3, 0x6D, 0x54, 0xF6, 0x43,
    0xA4, 0x59, 0x3B, 0x53, 0xF6, 0xE4, 0xF9, 0x95, 0x3D, 0xBA, 0x26, 0x7E, 0xC1, 0xE4, 0x4C, 0x06,
    0xA4, 0xBD, 0x08, 0x15, 0x58, 0xE5, 0xFE, 0xB3, 0xD7, 0x26, 0x75, 0xDF, 0x60, 0x67, 0x0B, 0x93,
    0xAB, 0xA3, 0x9A, 0xC4, 0x7E, 0x2B, 0x87, 0xF3, 0x31, 0x7F, 0xAF, 0x46, 0xE5, 0xE0, 0x2B, 0x55,
    0xD4, 0x47, 0x2B, 0x4C, 0xA8, 0x94, 0x4D, 0x4A, 0xDA, 0xD0, 0x3E, 0x19, 0x19, 0xED, 0xC8, 0x56,
    0x99, 0xCD, 0x3F, 0xC0, 0xFB, 0xCE, 0xB5, 0x46, 0xAE, 0xEA, 0xA1, 0x13, 0x66, 0x11, 0x84, 0x23,
    0xAB, 0xEC, 0x43, 0xD9, 0x73, 0x30, 0x5A, 0xA7, 0x5C, 0x94, 0x9B, 0x9C, 0x3D, 0x83, 0x8B, 0x91,
    0x91, 0xCF, 0xCB, 0x5B, 0x97, 0x1F, 0xDA, 0xD9, 0xF5, 0xD5, 0x9E, 0xC9, 0xBE, 0xD1, 0x5E, 0x65,
    0xBB, 0xE9, 0x8F, 0xE6, 0x77, 0x38, 0x30, 0x46, 0x48, 0x05, 0xCB, 0x35, 0xFE, 0x1E, 0x23, 0x9B,
    0xD0, 0x6F, 0xE3, 0x2F, 0xE6, 0xD8, 0x31, 0xFE, 0xDB, 0x84, 0xB1, 0x2D, 0x3E, 0x6E, 0x3D, 0x00,
    0x1F, 0xB7, 0x81, 0x5C, 0x37, 0x16, 0xE4, 0x30, 0x94, 0x1A, 0x11, 0xFE, 0xB0, 0x5B, 0xB9, 0x60,
    0x7A, 0x06, 0x73, 0x41, 0xF9, 0x64, 0x8D, 0x27, 0xDF, 0xBD, 0x8D, 0xFF, 0xA4, 0x44, 0xCC, 0x0F,
    0x1D, 0x82, 0x13, 0xE8, 0x3E, 0x88, 0x92, 0x55, 0xD8, 0x91, 0x2E, 0x72, 0x34, 0x57, 0xC6, 0x30,
    0x32, 0xF2, 0x91, 0x1B, 0xBA, 0x96, 0x7D, 0xB1, 0xBC, 0x8D, 0x9E, 0xC8, 0x54, 0x44, 0x99, 0x55,
    0x0E, 0x91, 0x0A, 0xFB, 0x28, 0x85, 0x69, 0xE2, 0xAC, 0x52, 0x36, 0xB5, 0x72, 0xD2, 0x00, 0x73,
    0x8E, 0xCF, 0xF0, 0x32, 0xD3, 0xE3, 0x64, 0xE6, 0x6C, 0xEA, 0xCD, 0xF2, 0xC6, 0xF2, 0x17, 0xC8,
    0xC7, 0xEB, 0xAF, 0xED, 0x19, 0xED, 0x5B, 0xDB, 0xAB, 0x9C, 0x6F, 0xF8, 0x63, 0x53, 0xA9, 0xFF,
    0x96, 0x66, 0x71, 0x52, 0xE4, 0x34, 0xBC, 0x66, 0x18, 0x69, 0x03, 0xBF, 0x38, 0x64, 0xAC, 0x68,
    0x2F, 0xC6, 0xD6, 0x99, 0xE6, 0x81, 0xBD, 0x08, 0x04, 0x63, 0x41, 0x63, 0x6F, 0x39, 0xCC, 0x1A,
    0x36, 0xBC, 0x10, 0x9B, 0x91, 0x0B, 0xA6, 0x67, 0x30, 0x67, 0xE4, 0x50, 0xC9, 0xF9, 0xA8, 0x24,
    0x5A, 0xFF, 0x23, 0xE5, 0xE0, 0x34, 0x5A, 0x9F, 0x71, 0xB4, 0x06, 0xED, 0x68, 0xC9, 0x02, 0x94,
    0x1B, 0xA8, 0x59, 0x7A, 0x16, 0x39, 0x8B, 0x6F, 0x41, 0x73, 0x7A, 0x1B, 0x89, 0x76, 0xA1, 0x38,
    0x70, 0x16, 0x5D, 0x39, 0xCB, 0x74, 0xFF, 0xB7, 0xB6, 0xCB, 0xD7, 0xEB, 0xEE, 0xB3, 0x4A, 0x0D,
    0xDF, 0x06, 0x15, 0xB1, 0xD5, 0xBB, 0x24, 0x33, 0xDC, 0x1E, 0x9C, 0x22, 0x0B, 0x6E, 0x65, 0xB9,
    0x50, 0xE0, 0x2C, 0xFC, 0x6A, 0xB9, 0xA4, 0xA2, 0xA2, 0x1F, 0xB0, 0x72, 0x0F, 0xF4, 0xB7, 0x79,
    0x6A, 0xA9, 0x7A, 0xF2, 0x24, 0xAA, 0xB1, 0xD4, 0xF6, 0x43, 0x6E, 0x22, 0xFD, 0x36, 0x2E, 0x1D,
    0xCA, 0xB5, 0x3C, 0x88, 0xDD, 0xB0, 0xF4, 0x8A, 0x29, 0xE7, 0x37, 0x51, 0xE5, 0x3C, 0x89, 0x4A,
    0x5A, 0xD8, 0x42, 0xBA, 0x27, 0x72, 0x13, 0x32, 0xF6, 0xCC, 0x16, 0xEB, 0x3B, 0xCD, 0x58, 0x34,
    0xEC, 0x22, 0xA7, 0x61, 0xED, 0x5B, 0x42, 0xE9, 0x9F, 0xA7, 0x61, 0x49, 0x7F, 0xCC, 0x1A, 0x0E,
    0xAC, 0x3A, 0x6B, 0xA8, 0x0D, 0x45, 0xCF, 0xE5, 0xF1, 0x8D, 0x83, 0x56, 0x1C, 0x59, 0x82, 0x8A,
    0x31, 0x6A, 0x14, 0x5F, 0x35, 0xF5, 0x88, 0x52, 0xF6, 0xA1, 0x9E, 0x5C, 0x08, 0x19, 0x92, 0x99,
    0x70, 0xED, 0x24, 0x5C, 0xC8, 0x37, 0xE1, 0x2F, 0x42, 0x38, 0xBD, 0xF0, 0x6E, 0x62, 0x63, 0x97,
    0x50, 0x5F, 0x76, 0x12, 0xED, 0x23, 0x00, 0xF5, 0x3E, 0x62, 0xC1, 0xCE, 0xFB, 0xFA, 0xEE, 0xEB,
    0xA9, 0x2D, 0xE7, 0x9A, 0x2B, 0x4B, 0xAF, 0x54, 0x08, 0x7A, 0x50, 0xB2, 0x4A, 0xDC, 0xCE, 0x5E,
    0x4D, 0x16, 0xF6, 0x5C, 0xB2, 0x5C, 0x5A, 0xEF, 0x82, 0x15, 0xF4, 0x92, 0xD4, 0x1B, 0xB1, 0xC8,
    0x32, 0x26, 0x1D, 0x63, 0x54, 0xBF, 0x72, 0x99, 0x79, 0x74, 0x40, 0x44, 0x36, 0x4B, 0xF5, 0xD7,
    0x95, 0xE2, 0x6E, 0xEA, 0xAA, 0x9E, 0xD8, 0x74, 0x67, 0x7A, 0x16, 0x2F, 0x24, 0x3D, 0x2F, 0x71,
    0x7F, 0x67, 0x36, 0x3B, 0xC9, 0xAB, 0x65, 0xD1, 0x6B, 0x27, 0x79, 0xD0, 0x3B, 0x67, 0x4B, 0xA6,
    0x55, 0x6A, 0xB8, 0x77, 0xAC, 0x9D, 0xE4, 0x41, 0x3B, 0xBB, 0x7F, 0x70, 0xB6, 0x77, 0x9C, 0x00,
    0xE5, 0x16, 0xE5, 0x4A, 0x25, 0x5D, 0x5B, 0x16, 0xA5, 0x7C, 0x2F, 0x2B, 0xB3, 0x5A, 0xC8, 0x34,
    0x42, 0xD2, 0x49, 0x2E, 0xCA, 0xD9, 0x9D, 0x73, 0x80, 0x94, 0x3B, 0xC9, 0x85, 0x76, 0x92, 0x25,
    0x51, 0x1C, 0x35, 0xDA, 0x49, 0xCE, 0xD7, 0x1D, 0x7D, 0xBA, 0xA6, 0xEE, 0x95, 0x8C, 0x68, 0x24,
    0x7F, 0x44, 0xE2, 0xD5, 0x34, 0x36, 0xA0, 0xDF, 0x4F, 0x3D, 0x30, 0xFA, 0x82, 0xA1, 0xA5, 0xE2,
    0xF3, 0x34, 0xEA, 0xD9, 0xA3, 0xC8, 0x69, 0xBF, 0xC6, 0x8E, 0x31, 0x94, 0xBF, 0x07, 0x78, 0x4B,
    0xBA, 0xEA, 0x40, 0x39, 0x16, 0x13, 0xAB, 0x15, 0x5F, 0xA3, 0x9A, 0xD2, 0x91, 0x85, 0x4F, 0xF9,
    0xA8, 0xF6, 0xC5, 0xC7, 0x9B, 0x49, 0x90, 0x69, 0x0E, 0x6E, 0x23, 0x37, 0x25, 0xBB, 0x94, 0x39,
    0x34, 0x8C, 0xEA, 0xB3, 0x87, 0xD2, 0x70, 0xD7, 0x3F, 0x35, 0x72, 0x66, 0x04, 0x0D, 0x9B, 0x44,
    0xE0, 0x26, 0x56, 0x6C, 0x7F, 0x1B, 0xD6, 0x4C, 0x7D, 0xC4, 0xE4, 0x01, 0xD5, 0x69, 0xBF, 0x80,
    0x0C, 0xC6, 0x91, 0x8F, 0xD5, 0xE6, 0xC8, 0x47, 0xB3, 0x63, 0xE4, 0x23, 0x70, 0xE6, 0xF4, 0xF3,
    0xF8, 0xB1, 0xE4, 0x7A, 0x77, 0xC3, 0xF1, 0xC3, 0xB7, 0x22, 0x7E, 0x51, 0x69, 0x18, 0xEB, 0x4C,
    0xFD, 0x91, 0xAC, 0x1C, 0xD6, 0x51, 0x0C, 0xF1, 0x15, 0xD8, 0xC1, 0x57, 0x29, 0x7E, 0xE7, 0xDE,
    0xFE, 0x9F, 0xCC, 0x6F, 0xFF, 0xCD, 0x99, 0xDB, 0x7F, 0xAE, 0x78, 0x95, 0x54, 0x3C, 0x2B, 0xA1,
    0x32, 0xDD, 0x58, 0xF1, 0x98, 0xBE, 0x65, 0x15, 0x4F, 0x97, 0x24, 0x5F, 0x57, 0x3F, 0xC5, 0x00,
    0x9F, 0xBF, 0x7A, 0x21, 0xE3, 0xB0, 0x7C, 0x5B, 0xDB, 0x43, 0x8F, 0xC3, 0x52, 0x53, 0xC8, 0x61,
    0xC1, 0xCF, 0x66, 0x61, 0x89, 0x37, 0xC3, 0x12, 0x6B, 0x58, 0x9C, 0xC4, 0x42, 0x8D, 0x50, 0x5C,
    0xCF, 0x9A, 0xC7, 0x00, 0x9F, 0xBC, 0xFC, 0xD0, 0x20, 0xDD, 0x11, 0x9A, 0x4A, 0xB6, 0x57, 0x14,
    0x20, 0x67, 0xB5, 0xB5, 0x7B, 0x6F, 0x25, 0x00, 0x1D, 0xFB, 0xC7, 0x85, 0x5E, 0x47, 0x4B, 0xA2,
    0x05, 0x63, 0x91, 0x33, 0x82, 0x81, 0x06, 0x06, 0x6D, 0xF8, 0xD5, 0x37, 0x65, 0x34, 0x42, 0x8B,
    0xA7, 0x6C, 0x0C, 0x4B, 0x33, 0xAE, 0x14, 0xED, 0xE0, 0x5B, 0x58, 0xD2, 0xB5, 0x3B, 0xAB, 0x43,
    0x0F, 0x44, 0xEC, 0xEE, 0xE5, 0x99, 0x97, 0xF3, 0x78, 0xB9, 0x5C, 0xDE, 0x61, 0x7E, 0xBE, 0xF2,
    0x27, 0xFB, 0x26, 0x7B, 0xF7, 0x31, 0xD1, 0x01, 0x9D, 0xAA, 0x04, 0x8E, 0xB6, 0xFF, 0x98, 0x25,
    0x7C, 0x58, 0xF7, 0x44, 0x70, 0xEB, 0x1A, 0x07, 0xC6, 0xFF, 0x15, 0xF4, 0x2F, 0x8D, 0x59, 0xE7,
    0x90, 0x03, 0x25, 0x58, 0x09, 0x36, 0x0E, 0xBF, 0xC8, 0x18, 0x29, 0x6E, 0xB9, 0x22, 0x44, 0x0E,
    0x87, 0x8B, 0xE2, 0xB1, 0x3D, 0x8C, 0x56, 0x29, 0xD0, 0x44, 0x28, 0xD7, 0x18, 0xA0, 0x72, 0xB8,
    0xD0, 0x3A, 0xF4, 0x06, 0x19, 0xA0, 0xF4, 0x81, 0x7E, 0x1F, 0x1F, 0x14, 0xBF, 0x4A, 0xBD, 0x63,
    0x7B, 0xA4, 0x83, 0xF9, 0x83, 0x76, 0x0D, 0xDF, 0x76, 0xFC, 0x74, 0xE4, 0xAF, 0x47, 0x86, 0xB2,
    0x3B, 0x7F, 0xB9, 0x64, 0x97, 0xC6, 0xF3, 0xF5, 0xC0, 0x79, 0xEC, 0xCE, 0x3F, 0x9E, 0xCE, 0xBF,
    0x3C, 0x4F, 0xF6, 0x3D, 0xCB, 0x0F, 0xAD, 0x3F, 0x06, 0x73, 0x4C, 0x1D, 0xFE, 0xA9, 0x20, 0x09,
    0x02, 0x25, 0xE3, 0x53, 0xC1, 0x87, 0x82, 0x60, 0x5C, 0x22, 0x3F, 0xD3, 0x45, 0xBD, 0x63, 0x19,
    0x81, 0x4A, 0xB0, 0x15, 0xEC, 0x1D, 0xAE, 0xEE, 0x30, 0x96, 0xC1, 0xE0, 0x30, 0xF7, 0x19, 0xD3,
    0x0B, 0xE2, 0x01, 0xDE, 0xF3, 0xED, 0xA1, 0x41, 0xEF, 0xA3, 0x59, 0xA3, 0x87, 0xD6, 0x21, 0x15,
    0xB5, 0x56, 0x47, 0x2F, 0x5D, 0x52, 0xD2, 0x80, 0x32, 0x3B, 0x10, 0x5F, 0xCF, 0x66, 0x9D, 0x63,
    0xCC, 0x57, 0xC9, 0x6B, 0x0F, 0xF4, 0xC2, 0x56, 0x2E, 0x6F, 0xFB, 0x1A, 0xDE, 0xE1, 0x01, 0x45,
    0x5D, 0x46, 0xC6, 0x16, 0x32, 0x07, 0x9B, 0x19, 0x67, 0x23, 0x1A, 0x51, 0x56, 0xD7, 0x94, 0xFE,
    0x82, 0x95, 0xBA, 0xD0, 0xFA, 0x9E, 0x5B, 0x7B, 0x5D, 0x33, 0xAB, 0x93, 0x99, 0x3A, 0x8E, 0xA4,
    0x1F, 0xCC, 0x16, 0x67, 0x8C, 0x07, 0x7A, 0x9E, 0x8F, 0x08, 0x83, 0xD9, 0xE2, 0xA6, 0x9C, 0xD7,
    0x97, 0x28, 0xD0, 0xA0, 0x27, 0xFE, 0x0C, 0x5C, 0x7F, 0xFD, 0x73, 0x3E, 0xF6, 0x1D, 0x1F, 0xAD,
    0x8F, 0xCE, 0x9B, 0xC2, 0x72, 0x40, 0x47, 0xE6, 0x47, 0xBD, 0x41, 0x9F, 0xA0, 0x8D, 0x50, 0x5F,
    0x91, 0xB5, 0x83, 0xDF, 0x5A, 0x9F, 0xED, 0x34, 0xA8, 0x63, 0xE4, 0x18, 0xD4, 0x5A, 0xFE, 0xBC,
    0x7D, 0xBE, 0xC1, 0xA8, 0x7D, 0xAE, 0xEF, 0x2D, 0xB9, 0xCF, 0x9B, 0xE9, 0x15, 0x99, 0x47, 0x3D,
    0x51, 0x41, 0x0B, 0x90, 0x67, 0xF9, 0xC6, 0xD2, 0x6B, 0xF9, 0x47, 0x2D, 0x1A, 0xDC, 0x87, 0x37,
    0x3C, 0x89, 0x68, 0x51, 0xAB, 0xCD, 0x17, 0x10, 0x79, 0xB8, 0xE1, 0xA3, 0x71, 0x1F, 0x8F, 0xCD,
    0xE6, 0x9B, 0x30, 0xFA, 0xC8, 0x29, 0xCF, 0x87, 0xC6, 0x09, 0xD4, 0x9F, 0x13, 0x59, 0xFE, 0x5C,
    0x91, 0x3B, 0x6C, 0x6A, 0x77, 0xC1, 0x7C, 0x38, 0x3C, 0x35, 0xB5, 0xA8, 0xB4, 0x51, 0x58, 0x70,
    0xC0, 0xF6, 0x31, 0xD7, 0x27, 0x6E, 0xF2, 0x74, 0x00, 0xC0, 0xBF, 0x4A, 0xC6, 0x7E, 0x0E, 0x46,
    0x0E, 0x7B, 0xE6, 0x9C, 0x22, 0xC7, 0x6C, 0x7F, 0xD2, 0x39, 0xFB, 0x78, 0x0C, 0xB6, 0x01, 0x90,
    0x00, 0x92, 0xD0, 0x11, 0x80, 0x5C, 0xED, 0x1F, 0xC8, 0xB1, 0x4E, 0x9C, 0xB6, 0x14, 0xF1, 0x43,
    0x23, 0x49, 0x1D, 0x0D, 0x64, 0x1A, 0x01, 0xD9, 0x95, 0x03, 0xC4, 0x8B, 0xA4, 0x1E, 0x7A, 0x86,
    0x61, 0x82, 0x9F, 0x0E, 0xDE, 0x49, 0xE3, 0x84, 0x8B, 0x2F, 0x0E, 0xF6, 0x1D, 0x07, 0x68, 0x19,
    0xBA, 0xB8, 0xF1, 0xD0, 0xC7, 0x0D, 0x65, 0xB5, 0x03, 0xA2, 0x4D, 0xB8, 0xC1, 0xF0, 0x97, 0x99,
    0x83, 0x0C, 0xF2, 0x28, 0x43, 0xC5, 0x5B, 0x3A, 0x5F, 0xCF, 0x29, 0x34, 0x8E, 0x7C, 0x04, 0x32,
    0x95, 0xFF, 0x65, 0x23, 0xB1, 0x1A, 0xB6, 0x81, 0x63, 0xC3, 0x02, 0x3E, 0x2F, 0x20, 0xDD, 0x86,
    0x60, 0x40, 0x4E, 0x41, 0x8F, 0xD2, 0xA9, 0x5C, 0xD4, 0x4E, 0x62, 0x63, 0x97, 0x68, 0x44, 0xDC,
    0xD0, 0x41, 0xB9, 0x00, 0x2C, 0xF7, 0x93, 0x2B, 0xF2, 0x0E, 0x79, 0x8A, 0x3A, 0xB2, 0x64, 0x8A,
    0x3C, 0x43, 0x15, 0xA2, 0x0A, 0xE4, 0xE3, 0xF1, 0x28, 0xFE, 0xA5, 0x3F, 0x37, 0x4C, 0xF5, 0xC3,
    0xA2, 0xCA, 0x50, 0x02, 0x79, 0x01, 0xBA, 0xD9, 0x91, 0xC6, 0xB2, 0xD9, 0x49, 0x2E, 0xEE, 0xD7,
    0xF1, 0xE8, 0xD0, 0x83, 0xE8, 0xE3, 0x28, 0x06, 0x31, 0x65, 0x3D, 0x93, 0x87, 0x86, 0xC9, 0xD9,
    0xC2, 0x14, 0x23, 0x65, 0xCA, 0x06, 0x62, 0x82, 0x55, 0x42, 0xA9, 0xD4, 0x28, 0x75, 0x4C, 0x6D,
    0xD2, 0x6B, 0xFF, 0x7A, 0x60, 0x22, 0x1F, 0x42, 0x0B, 0x25, 0x42, 0xAA, 0x94, 0x0B, 0x15, 0xBF,
    0x48, 0x99, 0xB2, 0x8F, 0x7B, 0xAE, 0x23, 0xE6, 0x61, 0xAF, 0xA9, 0x26, 0x14, 0xA1, 0x75, 0x84,
    0x7F, 0x40, 0xCD, 0xF4, 0x96, 0x4D, 0xB5, 0x00, 0x95, 0x5D, 0xA8, 0x13, 0x0A, 0x1B, 0x6D, 0x69,
    0x68, 0x57, 0xD7, 0xEC, 0xA7, 0xCF, 0xD9, 0x35, 0x33, 0xE8, 0x77, 0xE3, 0x70, 0xE4, 0xB0, 0x68,
    0xA5, 0xE3, 0x56, 0xCD, 0xB0, 0x15, 0xEC, 0x05, 0x07, 0xC6, 0x7F, 0xB7, 0x8C, 0x0B, 0x48, 0x99,
    0xF8, 0x2B, 0xEE, 0x9A, 0x15, 0x45, 0x05, 0x34, 0x19, 0x18, 0x0D, 0x4A, 0xF0, 0x92, 0x02, 0xF8,
    0xB4, 0x5B, 0xF7, 0xB8, 0x33, 0x06, 0xB2, 0x0C, 0x5E, 0x3F, 0x3E, 0x3F, 0xB2, 0xED, 0xAC, 0x0E,
    0xD9, 0x69, 0x5F, 0x44, 0x89, 0xCE, 0x10, 0xCB, 0x49, 0x2A, 0xD8, 0x4B, 0x27, 0xA4, 0x9B, 0x74,
    0x8B, 0xBB, 0xED, 0xE2, 0x28, 0xB0, 0x87, 0xA8, 0x60, 0xA7, 0x17, 0x03, 0xD7, 0x85, 0x93, 0x76,
    0xB3, 0x25, 0xFE, 0xE6, 0x1F, 0x7B, 0xEF, 0xB4, 0xC1, 0xCE, 0x26, 0xC9, 0x5E, 0x17, 0xE5, 0x28,
    0xD2, 0xCC, 0x88, 0x1B, 0xA1, 0xA4, 0x12, 0x32, 0xE5, 0xFA, 0xE7, 0x57, 0x95, 0xFC, 0xF0, 0x45,
    0x2B, 0xB9, 0x40, 0xEE, 0x5B, 0x8E, 0x57, 0xD8, 0xEA, 0x7D, 0xF1, 0x60, 0x52, 0x7D, 0x96, 0x4B,
    0xED, 0xE8, 0xC7, 0x7C, 0x7D, 0xBD, 0x12, 0x95, 0xDB, 0x19, 0x74, 0x63, 0xEF, 0x75, 0xD0, 0x5B,
    0x3F, 0x7F, 0x08, 0x6B, 0x5D, 0xA3, 0x6A, 0x5C, 0xCB, 0xD3, 0x35, 0x9E, 0xAD, 0x44, 0x97, 0x5B,
    0x6F, 0x90, 0xD3, 0x5A, 0xD6, 0x05, 0x5A, 0xBD, 0x13, 0xBD, 0x36, 0x29, 0xB7, 0x97, 0x55, 0x52,
    0xF5, 0xF1, 0x05, 0xF0, 0x9F, 0x8C, 0x0C, 0x65, 0x0F, 0xE9, 0xC6, 0x3E, 0xFD, 0xED, 0xF9, 0xDF,
    0x47, 0x7A, 0x86, 0x47, 0x99, 0x09, 0xB2, 0xEC, 0x67, 0xD1, 0xBA, 0x3F, 0xD5, 0xFA, 0xC3, 0x4B,
    0xEB, 0xE7, 0xB5, 0xFE, 0xE0, 0xF7, 0xFE, 0x10, 0xF4, 0xCA, 0xDE, 0xBD, 0xBD, 0xE7, 0xDA, 0x7B,
    0x6B, 0xAD, 0x3D, 0xD6, 0x3A, 0xCB, 0xE5, 0x46, 0x99, 0x68, 0x37, 0xF1, 0x4D, 0xE8, 0x38, 0x44,
    0xB0, 0x83, 0xFE, 0x4F, 0x09, 0x23, 0x95, 0x4A, 0xB9, 0xD0, 0xA0, 0xB1, 0x6A, 0x19, 0x7D, 0x3D,
    0x14, 0x29, 0x19, 0xA5, 0x62, 0x63, 0x2F, 0x2A, 0xCE, 0x5C, 0xC1, 0x54, 0x9B, 0x24, 0x37, 0xE0,
    0x59, 0x65, 0xC0, 0xCB, 0x6E, 0xE2, 0x9B, 0x7F, 0x1F, 0xF5, 0xE8, 0x62, 0x4B, 0x8B, 0xFB, 0x2D,
    0x51, 0xB4, 0x6F, 0xED, 0xD9, 0x24, 0x5E, 0x73, 0xE1, 0xD8, 0xED, 0x67, 0xAD, 0xC8, 0x12, 0xB8,
    0x35, 0x76, 0xAB, 0x71, 0x6B, 0xF4, 0xCB, 0x96, 0xFC, 0x9D, 0xDF, 0x7F, 0x92, 0x8B, 0x4B, 0xBC,
    0x72, 0xEF, 0xC1, 0xB3, 0xE3, 0x4F, 0x96, 0x2C, 0x71, 0x39, 0x1B, 0xE3, 0x04, 0xC8, 0xFC, 0x04,
    0x68, 0x80, 0xBC, 0x88, 0x84, 0x2B, 0x52, 0x6E, 0x84, 0x6F, 0xA1, 0x1F, 0x47, 0x94, 0x86, 0x69,
    0x84, 0x68, 0xE2, 0x72, 0xE4, 0x5A, 0xD9, 0xB4, 0xCA, 0x49, 0xAF, 0x1C, 0x59, 0x65, 0x1F, 0xA9,
    0xB0, 0x87, 0x52, 0x98, 0x8A, 0x5A, 0xD9, 0xB4, 0xCA, 0x71, 0xAF, 0x1C, 0x42, 0xD9, 0xC7, 0x4F,
    0x84, 0x3D, 0xFC, 0x52, 0x98, 0x0A, 0x28, 0x9B, 0x91, 0x23, 0x65, 0xD6, 0x82, 0x53, 0x99, 0xF5,
    0xD4, 0xAA, 0x37, 0x71, 0x36, 0x72, 0x22, 0xAC, 0x9A, 0x8C, 0xEE, 0x27, 0x1A, 0xDA, 0x9C, 0xB1,
    0x48, 0xDD, 0x5A, 0x4B, 0x63, 0xB2, 0x4E, 0xFB, 0x4A, 0xB0, 0xA1, 0xB7, 0x51, 0x25, 0x1C, 0x29,
    0x8A, 0x5E, 0xD0, 0x18, 0x50, 0xB8, 0x39, 0x06, 0x24, 0x66, 0xA9, 0xEE, 0xF4, 0x9A, 0xE9, 0x1E,
    0xD7, 0xAA, 0x7B, 0xC2, 0xD7, 0x9B, 0x8D, 0x64, 0x66, 0xA9, 0x72, 0xA1, 0x44, 0x83, 0xEC, 0xD4,
    0x19, 0xEB, 0xFF, 0x74, 0x5B, 0xFF, 0x7F, 0x7E, 0xC1, 0x63, 0x70, 0xAA, 0x3F, 0x7E, 0xCD, 0xFA,
    0x9B, 0xEA, 0x8D, 0xD3, 0x11, 0xD8, 0x94, 0xD1, 0xCE, 0xE6, 0x8A, 0xFD, 0x46, 0x58, 0xA7, 0x6A,
    0xD4, 0xC4, 0xCD, 0xFA, 0x12, 0x4D, 0x71, 0x7B, 0xAD, 0xEB, 0x8B, 0xFF, 0x55, 0x7F, 0xFA, 0xAC,
    0x1C, 0x2A, 0x46, 0x93, 0xAE, 0xE3, 0xF5, 0x64, 0x3B, 0x5E, 0x0F, 0xF1, 0x45, 0xA1, 0xF1, 0xBA,
    0x9A, 0xFA, 0x72, 0x2D, 0xD5, 0x18, 0xD4, 0x42, 0x59, 0xA3, 0xD4, 0xCE, 0x29, 0x69, 0x84, 0xA2,
    0xCD, 0x6E, 0x58, 0x2E, 0x14, 0xD1, 0x85, 0x97, 0xD0, 0x06, 0xFA, 0x88, 0x7A, 0x81, 0x96, 0x09,
    0x18, 0x94, 0x40, 0xF4, 0xBD, 0xCC, 0x1E, 0x83, 0x4B, 0x6D, 0x3C, 0xA4, 0x8E, 0x6A, 0x12, 0xAA,
    0x2E, 0x45, 0xFC, 0xF0, 0x17, 0xE1, 0x3D, 0x2E, 0x93, 0xD0, 0xCF, 0xA9, 0x18, 0x84, 0x12, 0x4D,
    0x3C, 0x2F, 0xE5, 0x4B, 0xBE, 0xBE, 0xC9, 0x66, 0xEF, 0x09, 0x47, 0x68, 0x48, 0x63, 0x74, 0x49,
    0xCE, 0x9E, 0xC1, 0x07, 0x87, 0x57, 0xD6, 0xB8, 0xE4, 0x92, 0xA6, 0x95, 0x60, 0xED, 0x30, 0x90,
    0x98, 0x2C, 0xD4, 0x93, 0x58, 0x30, 0x3A, 0x17, 0x33, 0x41, 0xB3, 0x85, 0x11, 0x7A, 0xA2, 0x6D,
    0x3A, 0x81, 0x4D, 0x59, 0x4E, 0x7D, 0x41, 0x42, 0xD3, 0x11, 0xE3, 0x3C, 0xD7, 0x8A, 0x62, 0x94,
    0xA1, 0xDC, 0xCA, 0x37, 0xB1, 0xE5, 0x52, 0x5A, 0xD3, 0xB1, 0x09, 0xBD, 0x14, 0x1A, 0x0E, 0x72,
    0xB3, 0xE5, 0xDB, 0xA2, 0x14, 0x42, 0x2E, 0xED, 0x9A, 0x90, 0x07, 0xA4, 0xBB, 0x68, 0x3C, 0x45,
    0x69, 0xFC, 0x9E, 0x94, 0x12, 0x0C, 0x52, 0x66, 0xD4, 0xCB, 0x8D, 0x45, 0xD2, 0x45, 0x70, 0x54,
    0x34, 0xDC, 0xBF, 0x58, 0xA0, 0xD6, 0x27, 0x7F, 0x4B, 0x2A, 0x30, 0x4D, 0xA3, 0xA1, 0xE3, 0x12,
    0x58, 0x74, 0x9D, 0x8F, 0x3C, 0xF3, 0xAE, 0x51, 0xE6, 0x40, 0x46, 0xB7, 0xC2, 0x69, 0xAA, 0xAC,
    0x34, 0x83, 0x87, 0x3A, 0xAB, 0x9D, 0x18, 0x28, 0x29, 0x69, 0x38, 0xED, 0x5B, 0xA4, 0x6B, 0xC8,
    0x15, 0xE2, 0x96, 0x07, 0xCD, 0x9A, 0xAC, 0x71, 0x32, 0xCA, 0xA3, 0x8B, 0x32, 0x56, 0x16, 0x68,
    0x96, 0xA1, 0xE3, 0xCB, 0xDD, 0xE5, 0xCB, 0x51, 0x4F, 0x4C, 0x7F, 0x27, 0x94, 0x60, 0x9C, 0xCD,
    0x6B, 0x99, 0x42, 0xD4, 0x4C, 0x05, 0xAC, 0xEC, 0xAC, 0x5F, 0xEE, 0xE9, 0x47, 0x6D, 0xC9, 0x47,
    0x47, 0x09, 0xCA, 0x08, 0x39, 0x7B, 0x17, 0x0F, 0xD2, 0xCC, 0x98, 0x56, 0xB5, 0x55, 0x1D, 0x0A,
    0x55, 0x05, 0x9B, 0xDA, 0xA6, 0x17, 0xD3, 0xD6, 0xDF, 0xA3, 0x2D, 0x1B, 0x69, 0xBA, 0xC8, 0xAE,
    0xB5, 0x75, 0xAB, 0xCE, 0x5B, 0xE7, 0xA2, 0xAD, 0x9D, 0x69, 0xAB, 0x25, 0xC5, 0xE2, 0xD8, 0xE0,
    0xB7, 0x44, 0x0F, 0x02, 0x96, 0x55, 0x05, 0xAE, 0xA4, 0xFB, 0xC8, 0xBB, 0x35, 0x9F, 0xDA, 0x8B,
    0x97, 0x94, 0x4C, 0x2A, 0x57, 0xC5, 0x05, 0x54, 0x2E, 0xC9, 0xB0, 0xCA, 0x85, 0x53, 0xF9, 0xF8,
    0x54, 0x65, 0x4B, 0x9E, 0xAA, 0xAC, 0xFE, 0xA8, 0xAE, 0x3E, 0x9A, 0x99, 0xAE, 0x11, 0x2A, 0x15,
    0x9B, 0xC9, 0x03, 0x6C, 0xAA, 0x66, 0x37, 0xD3, 0xA3, 0xE1, 0x0B, 0xCD, 0xE0, 0x60, 0x52, 0x39,
    0xE5, 0x0C, 0x4E, 0x36, 0x54, 0xCE, 0x6A, 0xC9, 0xE0, 0x51, 0x26, 0x08, 0xE1, 0xE2, 0x2A, 0xEF,
    0x97, 0x37, 0xE9, 0x55, 0xDE, 0x36, 0x94, 0xEE, 0x71, 0xAD, 0xF2, 0xAE, 0x53, 0x37, 0x51, 0x79,
    0x75, 0x42, 0x70, 0xCA, 0x9B, 0x00, 0xCD, 0xE8, 0x55, 0xAC, 0xEF, 0x83, 0x4D, 0x8F, 0xAF, 0x43,
    0xFA, 0xF4, 0x90, 0x86, 0x5B, 0xA7, 0xE2, 0xCB, 0x6C, 0xE5, 0xA1, 0x9E, 0xE4, 0x8D, 0xDB, 0x1D,
    0xF2, 0xB2, 0xB2, 0x9A, 0xBF, 0xAA, 0xAC, 0xE4, 0x7E, 0xE0, 0x60, 0xA6, 0xAC, 0x5E, 0x39, 0x02,
    0x44, 0x36, 0x3E, 0x98, 0x8F, 0x3B, 0x6A, 0xE1, 0xB4, 0xC3, 0x68, 0xC7, 0x1D, 0x5F, 0x3C, 0xF9,
    0xFB, 0x93, 0x47, 0xCB, 0xE5, 0x49, 0x13, 0x6A, 0xF2, 0xC4, 0x0D, 0xB7, 0x48, 0x63, 0x42, 0xE9,
    0x8E, 0xAA, 0xD0, 0xE9, 0xCE, 0xA8, 0x4C, 0xCC, 0x44, 0xA3, 0x5A, 0xBA, 0x33, 0x2A, 0xA8, 0x3B,
    0xA3, 0xAA, 0xB1, 0x2B, 0xFA, 0x68, 0xBD, 0x23, 0xA1, 0x54, 0xD9, 0x2F, 0xB6, 0xB3, 0xC0, 0x66,
    0x69, 0xF3, 0xEB, 0xEC, 0xB0, 0x60, 0xC3, 0xB6, 0xD1, 0xEA, 0x1D, 0xFE, 0x8C, 0x71, 0xD4, 0x9D,
    0xC5, 0x5C, 0x03, 0x8D, 0xE9, 0x2E, 0xDD, 0xB4, 0x69, 0x1A, 0x77, 0x36, 0xB5, 0x8E, 0x91, 0x53,
    0x62, 0x49, 0x62, 0x31, 0x3D, 0xC9, 0x86, 0x50, 0x8F, 0x00, 0x1F, 0x00, 0x3D, 0x71, 0xD4, 0xB0,
    0x8A, 0x07, 0xE2, 0x18, 0xA2, 0xD2, 0xA7, 0x8F, 0x12, 0x7D, 0xBA, 0x2D, 0xD7, 0x82, 0x08, 0xE9,
    0xFE, 0x8D, 0x9C, 0xE2, 0xE9, 0x89, 0xB7, 0x04, 0xE3, 0x53, 0x6F, 0x05, 0x6A, 0x1A, 0xB4, 0x64,
    0x79, 0xFA, 0x4D, 0xAF, 0x65, 0x39, 0xF4, 0x36, 0x04, 0x7A, 0xB1, 0xC7, 0xD3, 0xC7, 0x3B, 0xC4,
    0xC2, 0x54, 0x3B, 0xD7, 0xF3, 0xBE, 0x35, 0x04, 0xBD, 0x81, 0x37, 0x01, 0x3C, 0x51, 0x42, 0xAD,
    0x34, 0x28, 0x41, 0xEE, 0xFF, 0xEF, 0x20, 0xD7, 0xD9, 0xC6, 0x92, 0xC9, 0xE9, 0x2E, 0x64, 0x76,
    0x51, 0xC6, 0xA4, 0x67, 0x3A, 0x51, 0x91, 0x7B, 0x5A, 0x8A, 0x50, 0xAF, 0x54, 0x0B, 0xE9, 0x78,
    0x73, 0xDC, 0x09, 0x45, 0xBD, 0x50, 0x60, 0xE7, 0x83, 0xD0, 0xDE, 0x34, 0xFA, 0x5C, 0xE6, 0x4C,
    0xC5, 0x27, 0x83, 0x0C, 0x3B, 0x3F, 0x1E, 0xB4, 0x71, 0x12, 0x8A, 0xD0, 0x33, 0xF9, 0x68, 0x98,
    0xA8, 0xC8, 0x75, 0x20, 0xD6, 0xEF, 0xE6, 0xEF, 0x91, 0x15, 0x5F, 0xA2, 0x23, 0xAC, 0x00, 0xF1,
    0x29, 0x67, 0x28, 0xDD, 0xCF, 0x3A, 0x87, 0x20, 0xE5, 0x71, 0x31, 0x4F, 0xE6, 0x77, 0x4F, 0x9E,
    0x31, 0x73, 0xC0, 0x93, 0xEC, 0x04, 0xF4, 0xDB, 0xF0, 0xCA, 0xAB, 0x57, 0x7C, 0x8C, 0x46, 0x34,
    0x29, 0xF2, 0xF5, 0x70, 0xD0, 0xC2, 0x9E, 0x79, 0xE7, 0xB0, 0xA8, 0x93, 0x33, 0x2A, 0x3E, 0x7C,
    0x71, 0x2A, 0x52, 0xD8, 0x8D, 0xE1, 0xA2, 0xB8, 0x72, 0xF0, 0x47, 0xB9, 0x4C, 0xA9, 0xBF, 0x75,
    0xC8, 0x14, 0x7F, 0x3A, 0xFE, 0x62, 0x54, 0x4C, 0x63, 0x47, 0x9F, 0x1E, 0xBC, 0x66, 0xA9, 0xFB,
    0x20, 0xD9, 0x78, 0xD1, 0x29, 0xE0, 0xD4, 0xFD, 0x1C, 0x57, 0x2A, 0xFA, 0x34, 0xC6, 0x21, 0x58,
    0x68, 0x1B, 0x3C, 0xBD, 0xCE, 0x3E, 0x7B, 0xED, 0xA3, 0x1D, 0x3B, 0x93, 0xFC, 0xBA, 0xAB, 0xB4,
    0x5F, 0x0B, 0x8C, 0x93, 0x42, 0x48, 0x69, 0x21, 0x48, 0x7F, 0x43, 0xD0, 0x52, 0x6A, 0x46, 0x23,
    0x4D, 0x4E, 0x0C, 0x7B, 0x57, 0xCA, 0xE1, 0xBD, 0x42, 0x5A, 0xCF, 0x50, 0x2F, 0x7C, 0x9D, 0x7D,
    0xD6, 0xD6, 0x49, 0x34, 0xE7, 0x30, 0x17, 0x25, 0x5B, 0x90, 0x95, 0x50, 0x94, 0xB6, 0x1F, 0x39,
    0x87, 0x1B, 0x2B, 0x17, 0x10, 0xCA, 0x00, 0x58, 0x6D, 0x99, 0x47, 0xDB, 0xE8, 0x04, 0xAB, 0x31,
    0x4D, 0xFD, 0x4E, 0xC7, 0xAF, 0x23, 0x8E, 0x91, 0x4D, 0x23, 0xA0, 0x4E, 0x80, 0xCE, 0x00, 0xBD,
    0xA9, 0x42, 0x5D, 0x3B, 0x7A, 0x23, 0xC1, 0x6F, 0x28, 0x02, 0xF2, 0x05, 0xD0, 0x72, 0x24, 0xB8,
    0x08, 0x93, 0xFB, 0x30, 0xA5, 0x07, 0xF3, 0xE8, 0x36, 0x0C, 0x60, 0x63, 0xA0, 0x0F, 0xF8, 0x78,
    0x61, 0xD9, 0x12, 0xE2, 0x65, 0xEC, 0x88, 0x49, 0x3F, 0xE3, 0x71, 0x2B, 0xAE, 0xF5, 0xD3, 0xDB,
    0x6A, 0x11, 0xB4, 0x30, 0x6D, 0xED, 0x97, 0x85, 0x53, 0xA8, 0xE2, 0x4C, 0x40, 0xB9, 0xA1, 0x90,
    0xF7, 0x40, 0x4B, 0x99, 0x14, 0x1A, 0x18, 0x13, 0x3C, 0x49, 0x45, 0x14, 0xC9, 0x1F, 0x6D, 0xB1,
    0x45, 0x21, 0x26, 0xED, 0x17, 0xA5, 0xAA, 0xD0, 0x8D, 0xE7, 0x50, 0xA8, 0x56, 0x85, 0x34, 0x97,
    0xA2, 0x4E, 0x2F, 0x8A, 0x2C, 0xF5, 0x80, 0x3C, 0x04, 0xEA, 0x18, 0x68, 0x45, 0xA1, 0xFA, 0xE6,
    0xA4, 0xD0, 0x51, 0x82, 0x9A, 0x3D, 0x4A, 0x45, 0xA1, 0x93, 0x0B, 0x28, 0x94, 0x60, 0xA5, 0x4A,
    0x54, 0xAF, 0x82, 0x12, 0xE3, 0x62, 0xEA, 0xD9, 0x33, 0x63, 0xA9, 0xE0, 0x7A, 0xFE, 0xCE, 0x2B,
    0x2C, 0xBD, 0x30, 0x75, 0x22, 0xE9, 0x69, 0x68, 0x45, 0x33, 0xDC, 0xC7, 0x5E, 0xB7, 0x6A, 0xD1,
    0xC3, 0x96, 0x23, 0x83, 0x5A, 0xBD, 0x22, 0xD2, 0x83, 0xAA, 0xA7, 0x3F, 0xD3, 0xD3, 0x88, 0x9E,
    0xD9, 0x8A, 0x4E, 0x2E, 0x57, 0xF7, 0x98, 0x02, 0xD1, 0x93, 0x54, 0x81, 0xB1, 0xEE, 0xFD, 0xFE,
    0x5A, 0xCF, 0x17, 0x50, 0xF7, 0x8E, 0x0E, 0xF4, 0xD9, 0xFE, 0x8C, 0xEF, 0x36, 0xB4, 0x0E, 0xBE,
    0x48, 0xFD, 0x20, 0x4B, 0xB3, 0x9B, 0xDE, 0xBF, 0x3D, 0xB8, 0x8E, 0x9B, 0xBC, 0x5D, 0x1F, 0x6F,
    0xD1, 0xF8, 0x0A, 0xFF, 0xCB, 0x23, 0xEF, 0xF6, 0x70, 0x44, 0x3A, 0xAD, 0xBC, 0x8F, 0x74, 0x59,
    0x7F, 0x2F, 0xEC, 0x84, 0xA2, 0x46, 0xA9, 0x9E, 0x0F, 0xB8, 0x27, 0x39, 0xE3, 0xEF, 0x12, 0x2D,
    0xF6, 0x4C, 0x81, 0x00, 0xD8, 0x58, 0x8F, 0xED, 0x72, 0xDF, 0xB4, 0xCA, 0xBF, 0xFA, 0xC3, 0x02,
    0x8E, 0xE1, 0x5B, 0xB7, 0xE2, 0x18, 0x0B, 0x0E, 0xA5, 0x54, 0x51, 0x79, 0x4C, 0x35, 0x57, 0x6B,
    0x7A, 0x1D, 0xCB, 0x93, 0x7C, 0xAD, 0x34, 0x5F, 0xF5, 0x65, 0x57, 0x35, 0xC9, 0xE8, 0x79, 0x91,
    0x3D, 0x9D, 0xE0, 0x7E, 0xCD, 0x62, 0x93, 0xD1, 0xEF, 0x10, 0x3D, 0xF0, 0x3E, 0x72, 0xC0, 0xCA,
    0x7D, 0xC4, 0x30, 0xAC, 0xA1, 0x17, 0x00, 0x20, 0xE0, 0x31, 0x68, 0x14, 0x58, 0xFA, 0xBD, 0xBF,
    0xBD, 0x1A, 0x00, 0xE2, 0x08, 0xF0, 0x96, 0x03, 0xCB, 0x80, 0x63, 0x90, 0x44, 0x41, 0xC2, 0x20,
    0x71, 0xE0, 0x40, 0x5C, 0x91, 0xA2, 0x37, 0x87, 0x54, 0x23, 0x58, 0x0A, 0x9D, 0x28, 0x15, 0x4A,
    0x28, 0xAF, 0x48, 0xD1, 0x6F, 0x90, 0xBC, 0xDF, 0xB7, 0xFC, 0xEC, 0x1F, 0x3A, 0xF3, 0x01, 0xAC,
    0x63, 0xF0, 0xAA, 0xC9, 0xFB, 0xF6, 0x69, 0xF2, 0x66, 0x9A, 0xBC, 0xD2, 0x04, 0xA5, 0xDA, 0x2D,
    0x4C, 0xD4, 0x17, 0xDC, 0xD7, 0x54, 0x05, 0x52, 0xE1, 0xFF, 0x82, 0x26, 0xEB, 0x7F, 0x3C, 0xC5,
    0xD8, 0xE7, 0xDA, 0xC1, 0xDC, 0x41, 0xE3, 0x07, 0x55, 0x3D, 0x68, 0xE4, 0xAE, 0x96, 0x7B, 0xC7,
    0xA9, 0x8A, 0x89, 0x5C, 0x2B, 0x1F, 0x07, 0x22, 0xEA, 0xB4, 0x0D, 0x8F, 0x5B, 0x1E, 0xD9, 0xD1,
    0x9B, 0xDA, 0xC4, 0xA6, 0x1E, 0xEA, 0xD3, 0xFF, 0x83, 0x12, 0x30, 0xA7, 0xFA, 0x1B, 0x39, 0xFE,
    0x70, 0xA2, 0x66, 0xF6, 0x8A, 0x95, 0xD0, 0x3F, 0xBD, 0xC9, 0x25, 0xDA, 0x44, 0x07, 0xA6, 0x53,
    0x39, 0x81, 0x1C, 0x7E, 0xE0, 0x10, 0x78, 0x17, 0x3D, 0x61, 0xF0, 0xB6, 0xF0, 0x78, 0xA0, 0xDB,
    0x3D, 0x9B, 0x17, 0x5C, 0x18, 0x43, 0x87, 0x96, 0x7B, 0xAA, 0x0B, 0xBC, 0x5F, 0x0C, 0xEF, 0x78,
    0x7A, 0x43, 0xAC, 0x68, 0x60, 0x1D, 0x5E, 0xE7, 0x91, 0xA3, 0x7D, 0xFF, 0x3A, 0x09, 0xBA, 0xB0,
    0xFE, 0xCB, 0xE3, 0xD7, 0x39, 0x1E, 0xD7, 0x96, 0x47, 0x3A, 0x40, 0xBB, 0x89, 0x00, 0x5E, 0x4E,
    0x24, 0x9E, 0x9E, 0x46, 0x22, 0xA8, 0x13, 0x7D, 0x4F, 0xBC, 0xC9, 0xB6, 0x22, 0x62, 0x85, 0x09,
    0x3D, 0x03, 0x90, 0xFC, 0xF7, 0x77, 0xA1, 0xA6, 0x7C, 0x2F, 0x7F, 0x73, 0xF6, 0xFA, 0x55, 0xE1,
    0x30, 0x14, 0x21, 0x82, 0x79, 0x7C, 0xB2, 0x97, 0x58, 0x53, 0x28, 0x90, 0xF0, 0xA8, 0x37, 0x73,
    0xFE, 0x79, 0xA7, 0x9C, 0xB5, 0xB3, 0xBF, 0x03, 0x08, 0xDF, 0xFD, 0x2E, 0xC4, 0x89, 0x6E, 0xA6,
    0xA7, 0x9D, 0x5B, 0x34, 0x7C, 0xE0, 0x51, 0xAB, 0xDB, 0x13, 0x62, 0x48, 0x5E, 0x7A, 0xBB, 0x46,
    0x06, 0x63, 0x54, 0x06, 0x65, 0xF4, 0x23, 0xB7, 0x0C, 0x00, 0x7E, 0xFB, 0x9D, 0x88, 0x0E, 0xEC,
    0xDA, 0xF9, 0x05, 0xD6, 0x13, 0xC1, 0x00, 0x5E, 0x72, 0x44, 0x54, 0xD9, 0x57, 0x41, 0xF1, 0x66,
    0x54, 0xBC, 0xD7, 0xC9, 0xBD, 0x04, 0x77, 0xAF, 0xCF, 0x15, 0xF7, 0x47, 0xC5, 0x69, 0x52, 0x3C,
    0xDE, 0x52, 0x9C, 0xA2, 0x52, 0x39, 0x6C, 0x94, 0xE3, 0x89, 0xEB, 0x91, 0x2B, 0x07, 0x18, 0x38,
    0x1C, 0x5B, 0xF8, 0x8D, 0x23, 0x90, 0x66, 0xFD, 0x8D, 0xAD, 0x08, 0x40, 0x22, 0x70, 0x97, 0x13,
    0xC9, 0xD0, 0xE9, 0xA0, 0x52, 0x56, 0x09, 0xEA, 0x76, 0x4A, 0xBA, 0x1C, 0x28, 0xC9, 0x52, 0xE4,
    0xEB, 0x4D, 0x0F, 0xD5, 0x7A, 0x3B, 0x90, 0xF1, 0x15, 0xED, 0x1A, 0x47, 0xB2, 0xA2, 0xE4, 0x6D,
    0x42, 0xB5, 0xDE, 0xF6, 0x66, 0xDB, 0x0B, 0xD4, 0xB2, 0x7D, 0x8C, 0x23, 0x99, 0x5A, 0xBA, 0x96,
    0x3D, 0x4A, 0x59, 0xFB, 0x00, 0xAD, 0x1A, 0x81, 0x9C, 0x42, 0xB0, 0xEE, 0xA5, 0xAC, 0x11, 0x34,
    0x26, 0x7C, 0x8C, 0xB7, 0xA7, 0xE9, 0xF9, 0xF8, 0xB1, 0xA5, 0x05, 0xF4, 0xE1, 0x00, 0xF3, 0x5B,
    0xB0, 0xC7, 0x12, 0x27, 0xF3, 0x6B, 0x50, 0x30, 0xE8, 0xA8, 0x5C, 0xF6, 0x09, 0x52, 0x47, 0x12,
    0xCF, 0xA2, 0x44, 0xCE, 0xE1, 0xE4, 0x13, 0x51, 0x16, 0x65, 0xD2, 0xF0, 0x36, 0x3C, 0xA4, 0x59,
    0x65, 0x1A, 0x71, 0xEA, 0x47, 0x70, 0x05, 0x67, 0xDA, 0x6E, 0xBD, 0x0B, 0x32, 0x8D, 0x76, 0xBA,
    0xF1, 0xB1, 0x75, 0x17, 0x81, 0x2A, 0xF3, 0xE9, 0x40, 0xD1, 0x23, 0x68, 0x0F, 0xFD, 0x4B, 0xE7,
    0xAD, 0x85, 0x6A, 0x88, 0x4E, 0x7F, 0x8E, 0xC6, 0x89, 0x48, 0x7D, 0x27, 0x58, 0xA7, 0xC0, 0x7D,
    0xF4, 0x1A, 0x7E, 0x34, 0xEB, 0x47, 0x4F, 0x7C, 0x54, 0xE4, 0xA1, 0x1D, 0xB7, 0xCB, 0xD3, 0x97,
    0x01, 0x65, 0x7B, 0xCC, 0x0B, 0xE4, 0xA2, 0x80, 0x2E, 0x87, 0x4A, 0x3A, 0xC8, 0xAB, 0x45, 0x2B,
    0x93, 0xB9, 0x5F, 0x8A, 0xFE, 0x4D, 0x81, 0xDA, 0xA1, 0x4C, 0x5D, 0xD3, 0xD6, 0x46, 0x8C, 0xD4,
    0xE1, 0x31, 0x0E, 0x0D, 0xCA, 0x3B, 0xC3, 0xE1, 0x02, 0xA9, 0xDB, 0x88, 0x3B, 0xCE, 0xF2, 0x0C,
    0xE2, 0x3F, 0x47, 0xA7, 0xE1, 0x8D, 0x8C, 0x0B, 0xE1, 0x19, 0x50, 0xF3, 0x15, 0xEE, 0xB7, 0x6C,
    0x4F, 0xF2, 0x18, 0x77, 0x06, 0x7D, 0x72, 0x02, 0xEE, 0x23, 0xD7, 0xB6, 0xE1, 0xF4, 0xEE, 0xB3,
    0xB8, 0xCA, 0x4E, 0x8A, 0x9F, 0xEC, 0xE1, 0xE8, 0x24, 0x5A, 0x4F, 0xBD, 0x2A, 0x9A, 0xD1, 0x25,
    0xA7, 0x6D, 0xA1, 0x99, 0x73, 0xA4, 0xDE, 0x0E, 0x2A, 0xCC, 0xA4, 0x27, 0xFB, 0x0E, 0xFC, 0x58,
    0x5B, 0x01, 0xFF, 0x0C, 0xDD, 0xC2, 0xFB, 0xDE, 0xC9, 0x70, 0xC4, 0x35, 0xD3, 0x74, 0x5C, 0x9A,
    0xD4, 0x47, 0xD3, 0x12, 0x2A, 0x0E, 0xB7, 0x07, 0xE9, 0x49, 0xFB, 0x10, 0x73, 0x02, 0x2B, 0x31,
    0xFD, 0x47, 0x91, 0x0B, 0x5F, 0xB6, 0x4C, 0x99, 0xDA, 0x93, 0xA0, 0x54, 0x01, 0x73, 0xBD, 0xBA,
    0xEA, 0x3A, 0x5C, 0x8E, 0xB8, 0x6D, 0x7A, 0xD6, 0x5D, 0xAA, 0x3E, 0xDA, 0x92, 0xA8, 0xEF, 0xAC,
    0x89, 0x67, 0x2D, 0xBB, 0xD8, 0x66, 0xEC, 0x13, 0x99, 0x53, 0xCC, 0x1D, 0x2E, 0x51, 0x7E, 0x1F,
    0xEF, 0x51, 0x56, 0xB1, 0x07, 0xA6, 0x66, 0x07, 0x92, 0x86, 0x5B, 0xA2, 0xB8, 0x8B, 0x7A, 0x76,
    0x90, 0x5B, 0xA1, 0x60, 0xE0, 0xC4, 0xF5, 0xAD, 0xA9, 0x59, 0x6A, 0x56, 0xD3, 0x03, 0x34, 0xFE,
    0xB9, 0x78, 0x28, 0x4A, 0x0A, 0x26, 0xDA, 0x1A, 0xF5, 0x8C, 0x51, 0x37, 0x35, 0x3C, 0xDE, 0x21,
    0x07, 0x39, 0xAE, 0xF9, 0xAB, 0xF1, 0xD7, 0x28, 0x1D, 0x8E, 0x21, 0xD5, 0x30, 0x76, 0xB3, 0xBA,
    0xBE, 0xB8, 0x26, 0x14, 0x7F, 0x96, 0x6B, 0xA9, 0x1A, 0x9F, 0xCF, 0x34, 0x22, 0x3F, 0x7E, 0xF5,
    0xE3, 0xA3, 0x69, 0xE8, 0xF7, 0x82, 0xED, 0xD4, 0x44, 0x1B, 0x00, 0x18, 0x76, 0xE0, 0x17, 0xCB,
    0x65, 0xD6, 0x9B, 0x8A, 0x2B, 0xAB, 0xC3, 0x05, 0x2A, 0x87, 0x01, 0xF2, 0xF5, 0x38, 0x8B, 0x51,
    0x5F, 0x1A, 0x56, 0x8E, 0x5D, 0x9E, 0x0E, 0x62, 0x76, 0xB0, 0x3D, 0xE7, 0x60, 0xA1, 0x07, 0x6B,
    0xF2, 0xA0, 0x2F, 0x8D, 0xE8, 0xDB, 0xD4, 0xC6, 0x2E, 0xCF, 0xFB, 0x7F, 0x1D, 0x9E, 0xB8, 0xD9,
    0xA9, 0xF1, 0xFA, 0x63, 0x02, 0x00, 0x67, 0xE0, 0xFD, 0x6C, 0x20, 0xA4, 0x59, 0x47, 0x78, 0x0B,
    0x35, 0xB9, 0xF0, 0x95, 0x7A, 0x75, 0xBD, 0x38, 0x1A, 0x69, 0x88, 0x90, 0x86, 0x48, 0x91, 0x26,
    0x7C, 0x6A, 0x31, 0xE8, 0x03, 0xDB, 0x67, 0x80, 0xC8, 0xBB, 0xAB, 0x37, 0x26, 0x22, 0x59, 0xFB,
    0xCA, 0x49, 0x76, 0xF6, 0x9F, 0xEF, 0x5C, 0xBD, 0x64, 0x0F, 0x92, 0x74, 0x5D, 0x33, 0xE3, 0x5E,
    0xE5, 0x7B, 0xE5, 0x84, 0xE3, 0xE1, 0x63, 0x42, 0xE1, 0x20, 0xE9, 0x5F, 0x8E, 0x70, 0xFF, 0x0F,
    0xBD, 0x93, 0x01, 0x86, 0xDD, 0x40, 0x1C, 0xC6, 0x7F, 0x49, 0xD4, 0x53, 0x41, 0x8A, 0xAD, 0x62,
    0x31, 0x47, 0x08, 0x00, 0x85, 0x99, 0x23, 0x14, 0xFB, 0x76, 0xF1, 0xD0, 0x23, 0xBC, 0x23, 0x24,
    0xF4, 0x0A, 0xDB, 0x6B, 0xF4, 0x08, 0x4D, 0x8E, 0x90, 0xDE, 0x20, 0x37, 0xD8, 0x20, 0xAB, 0xD9,
    0x35, 0xC9, 0xD7, 0xCC, 0xE4, 0x69, 0xDF, 0xD6, 0x6B, 0x29, 0xF4, 0x33, 0xFF, 0xEF, 0x47, 0x98,
    0x1F, 0xFC, 0x27, 0x90, 0xB8, 0xB7, 0x84, 0xEC, 0x86, 0x25, 0x32, 0x7B, 0xF6, 0x91, 0x68, 0xDC,
    0xD8, 0xF4, 0x1B, 0x6D, 0xBB, 0xF1, 0x95, 0x8B, 0x68, 0x34, 0x9C, 0x38, 0x9E, 0xE8, 0x5F, 0xF0,
    0x9D, 0x4E, 0x3E, 0x29, 0x32, 0x97, 0xEA, 0xC0, 0xC2, 0x2B, 0x8A, 0xCC, 0xD4, 0x74, 0x51, 0x3B,
    0xD8, 0x28, 0xAA, 0xFA, 0x32, 0x8A, 0x9A, 0xB6, 0x98, 0x02, 0x55, 0xE7, 0x41, 0x94, 0x8A, 0x6C,
    0x89, 0x9A, 0xFD, 0x9D, 0x80, 0x9D, 0x24, 0x39, 0x28, 0x02, 0x5B, 0x30, 0x81, 0x1D, 0xD8, 0xC0,
    0x21, 0x68, 0xA0, 0x1C, 0x82, 0x06, 0x82, 0x48, 0x35, 0xAC, 0xA2, 0x5B, 0xDD, 0xC3, 0x61, 0xB9,
    0x91, 0x3C, 0xAC, 0xF5, 0x27, 0xE2, 0xF3, 0x1E, 0x64, 0xA2, 0xB1, 0x0E, 0x7A, 0xE2, 0x7D, 0xC8,
    0x46, 0xCE, 0xD3, 0x4C, 0xB0, 0x93, 0x1C, 0x85, 0xD4, 0x61, 0xA4, 0x01, 0xF3, 0x58, 0x4D, 0x98,
    0xBE, 0xF0, 0x6B, 0x85, 0x2B, 0x8D, 0x3C, 0xB9, 0xD6, 0xB2, 0xA1, 0xAA, 0x71, 0xE7, 0x51, 0x1B,
    0xCA, 0xC5, 0x32, 0x6B, 0x7D, 0x6B, 0x96, 0xB6, 0x91, 0xD4, 0x59, 0x49, 0x83, 0xD1, 0x77, 0x0D,
    0xA9, 0x5C, 0x53, 0x73, 0x05, 0x33, 0x89, 0xC8, 0xD4, 0x16, 0x0F, 0xBD, 0xF9, 0x34, 0x7C, 0xBC,
    0x7D, 0xD4, 0x59, 0x12, 0xF1, 0xAF, 0xE7, 0x56, 0x7B, 0x9D, 0x85, 0x0F, 0x24, 0x9E, 0x6C, 0xA1,
    0x10, 0xE5, 0x43, 0x6B, 0xF3, 0xEE, 0x2A, 0x71, 0x40, 0x39, 0x61, 0x17, 0xAC, 0xB0, 0x72, 0xEF,
    0xE5, 0xF8, 0xDB, 0xB9, 0x47, 0x3E, 0x9C, 0x6A, 0x66, 0x5B, 0x5E, 0xA9, 0x27, 0x48, 0xE3, 0x46,
    0x0A, 0x49, 0x23, 0xA5, 0x24, 0xBF, 0x0A, 0xF7, 0xCD, 0x42, 0xD3, 0x91, 0x09, 0xB5, 0x24, 0x42,
    0x8E, 0x34, 0x76, 0xF2, 0x15, 0xD5, 0xBF, 0x9E, 0x99, 0x9D, 0x37, 0xCD, 0xB3, 0x83, 0x5C, 0x5A,
    0x20, 0x91, 0xD4, 0xC3, 0x75, 0xF0, 0x44, 0x00, 0x18, 0x39, 0x20, 0x51, 0xFB, 0x26, 0xBE, 0x98,
    0xC6, 0x41, 0xD5, 0x6A, 0x6B, 0x40, 0xB5, 0x6A, 0xD2, 0xB5, 0x9F, 0xF6, 0x47, 0x51, 0x29, 0x88,
    0x4A, 0x49, 0x13, 0xBB, 0xCD, 0x76, 0xD4, 0x13, 0x3F, 0x63, 0x7B, 0x08, 0x37, 0x43, 0xCB, 0xC5,
    0x0E, 0x95, 0x7A, 0x20, 0x69, 0x16, 0x72, 0xA9, 0x37, 0xD2, 0x68, 0x25, 0x6F, 0xFB, 0x6B, 0x6F,
    0xBB, 0xDC, 0xDB, 0x89, 0x9B, 0x52, 0x3D, 0x85, 0xE4, 0x52, 0x69, 0xE4, 0xA8, 0x99, 0xB5, 0x6C,
    0x9D, 0xC9, 0xB6, 0x89, 0xEC, 0xE3, 0x41, 0x56, 0x5A, 0x8C, 0xE4, 0x77, 0xD2, 0x48, 0xB3, 0x38,
    0x8A, 0x01, 0xCC, 0x3A, 0x65, 0x0B, 0xB6, 0x86, 0x0A, 0x14, 0x33, 0x5C, 0xC6, 0xE7, 0xC3, 0xBC,
    0x3F, 0x0E, 0xF1, 0xB9, 0x98, 0xDF, 0x00, 0x2B, 0xE0, 0xFF, 0x21, 0x39, 0xCC, 0x37, 0x40, 0x26,
    0xF9, 0xCB, 0x88, 0x39, 0xBF, 0x97, 0x4F, 0x11, 0xC5, 0xB0, 0xA1, 0x8F, 0x30, 0x6D, 0x44, 0x59,
    0x87, 0x7E, 0x0D, 0xE9, 0x0C, 0xD9, 0x85, 0x91, 0xF4, 0x62, 0xEE, 0x96, 0x7D, 0xF8, 0x7E, 0x61,
    0x92, 0x2F, 0xD9, 0x9C, 0x6A, 0xA5, 0xB2, 0x65, 0x1D, 0xDD, 0x29, 0x95, 0x16, 0xB6, 0xFF, 0x6E,
    0x24, 0x57, 0x0D, 0xA7, 0x7F, 0xB8, 0x18, 0xD9, 0x76, 0xD0, 0x9D, 0x76, 0xE0, 0xF8, 0x01, 0xD3,
    0x6F, 0xD8, 0xFF, 0xE0, 0xFF, 0x87, 0xFF, 0x1F, 0xF6, 0x7F, 0xB0, 0x7F, 0x60, 0x7F, 0x60, 0x7F,
    0x43, 0x3D, 0x03, 0x07, 0xC3, 0x40, 0x89, 0x01, 0x00, 0xDD, 0x9A, 0x3F, 0x8C, 0x24, 0xC7, 0x75,
    0xC6, 0xDF, 0x4C, 0x7B, 0xB7, 0x83, 0x01, 0xDC, 0xD1, 0x81, 0x80, 0x18, 0xB4, 0x03, 0xC5, 0xEA,
    0x54, 0x91, 0xAB, 0x6D, 0xC2, 0x70, 0xE0, 0x40, 0x1B, 0xEC, 0x70, 0x61, 0x6F, 0xB0, 0x89, 0x23,
    0x19, 0xC6, 0xE6, 0x51, 0xB5, 0xA1, 0xC0, 0xA1, 0x18, 0xE8, 0xC0, 0xC0, 0x81, 0x1C, 0x1A, 0x4C,
    0x98, 0x03, 0x06, 0xBA, 0xE8, 0x0B, 0x18, 0xB2, 0x6D, 0xE1, 0x22, 0x07, 0x6C, 0x80, 0x3C, 0x28,
    0x50, 0xC0, 0x12, 0xD4, 0x67, 0xF6, 0x82, 0x5D, 0xF5, 0xB9, 0xDE, 0x7B, 0x3D, 0x73, 0x33, 0x3B,
    0x33, 0xBB, 0x77, 0x47, 0x9F, 0x65, 0xAB, 0x6F, 0xE6, 0xFB, 0xBD, 0x99, 0xAB, 0x7A, 0xF5, 0xA7,
    0xAB, 0xAB, 0x5E, 0xD5, 0x2C, 0xD1, 0x9F, 0xD2, 0x48, 0x44, 0x78, 0x16, 0x44, 0xE3, 0xD6, 0x96,
    0xEF, 0xE5, 0xB2, 0xE0, 0xEB, 0x50, 0x9F, 0xE0, 0xE9, 0xFA, 0x43, 0x10, 0x6A, 0x5A, 0x1C, 0x28,
    0xD1, 0x31, 0x05, 0xD0, 0x1D, 0xD1, 0xE4, 0x67, 0x5D, 0x9F, 0xCC, 0x75, 0xE0, 0x5F, 0xCB, 0x3D,
    0x55, 0x2B, 0xA2, 0x5B, 0x7C, 0x4D, 0x44, 0x39, 0xC0, 0xF9, 0x4D, 0x42, 0xAF, 0x45, 0x8F, 0x94,
    0x21, 0xAE, 0xDB, 0x40, 0x2B, 0x38, 0x5A, 0x45, 0x2A, 0x22, 0x51, 0x06, 0xAA, 0x46, 0xA2, 0x25,
    0xC8, 0x78, 0xF9, 0x64, 0xBB, 0x84, 0x48, 0xAD, 0x23, 0xA2, 0xBF, 0x27, 0x30, 0x34, 0xB7, 0x3F,
    0x85, 0xE7, 0xEB, 0xF5, 0x05, 0x6D, 0x52, 0xB6, 0x9D, 0xC0, 0x7A, 0x81, 0x19, 0x92, 0xFC, 0x98,
    0xAA, 0x29, 0xA1, 0x75, 0x05, 0x12, 0xE0, 0x72, 0x74, 0x94, 0xA3, 0x59, 0x22, 0xAE, 0x2D, 0x88,
    0x5A, 0x00, 0x81, 0xA8, 0x4C, 0x18, 0xB8, 0x22, 0x40, 0x43, 0x44, 0xEF, 0x63, 0x24, 0xC2, 0xCE,
    0xF5, 0x21, 0xD6, 0x0B, 0xD0, 0xDB, 0xBD, 0x52, 0x5E, 0xEC, 0x5C, 0x86, 0x26, 0xC2, 0x33, 0x6C,
    0xDF, 0xFC, 0x79, 0x73, 0x01, 0xD8, 0x7D, 0x73, 0x56, 0xF6, 0xF0, 0x7D, 0xDF, 0xEC, 0xE7, 0xC0,
    0x37, 0xB7, 0xDD, 0x13, 0x09, 0x87, 0x99, 0xE3, 0xCC, 0x49, 0xF8, 0x1E, 0xA2, 0x30, 0x03, 0x84,
    0x39, 0x50, 0x33, 0x8B, 0x80, 0x46, 0x38, 0xC1, 0x31, 0xAB, 0xC1, 0xF6, 0x4C, 0xE3, 0x8D, 0x67,
    0xDA, 0xBE, 0x1A, 0x98, 0x70, 0xC5, 0x38, 0x93, 0x1D, 0x2E, 0x51, 0xE7, 0x51, 0xDC, 0xF1, 0x8B,
    0xDD, 0xAD, 0xAF, 0xD8, 0x61, 0x01, 0x00, 0xEE, 0x15, 0x2B, 0xE8, 0xA0, 0x31, 0x4C, 0xCF, 0xEE,
    0xB8, 0x08, 0xBD, 0xC7, 0xEC, 0x88, 0x0B, 0x5F, 0x4D, 0xA9, 0x4D, 0xBF, 0x20, 0xBA, 0x8E, 0x97,
    0xE0, 0xDA, 0x26, 0x39, 0x45, 0x0B, 0xB0, 0x79, 0x14, 0x3C, 0x96, 0xAF, 0x27, 0x19, 0xE4, 0xF9,
    0x31, 0x10, 0x9D, 0x02, 0x10, 0x6B, 0x01, 0x06, 0x45, 0x54, 0xA0, 0x21, 0xF6, 0x09, 0x27, 0x29,
    0xDB, 0x5E, 0x60, 0xBC, 0xA0, 0x52, 0x94, 0x7B, 0x9F, 0x8C, 0x02, 0xFD, 0x13, 0xCD, 0x27, 0x35,
    0x43, 0x2D, 0x08, 0x24, 0xF0, 0x82, 0x48, 0x82, 0x3B, 0x05, 0x3A, 0xC5, 0xA8, 0x08, 0xD2, 0x94,
    0x5B, 0x48, 0x05, 0x33, 0x01, 0xBF, 0x4F, 0x62, 0x4E, 0x52, 0x32, 0x24, 0xBB, 0x60, 0xFC, 0x1F,
    0x6C, 0xCA, 0xCD, 0x7E, 0x53, 0x22, 0x09, 0x06, 0x41, 0xAC, 0xB5, 0x80, 0xEE, 0x50, 0xD3, 0x48,
    0x5D, 0xDB, 0x8E, 0xC7, 0xAC, 0x39, 0x50, 0xA2, 0x77, 0xA7, 0xA9, 0xDC, 0xA4, 0x00, 0x8E, 0x6A,
    0x06, 0xB9, 0x8E, 0x62, 0x71, 0x1D, 0xD6, 0x9C, 0x3B, 0x9F, 0xD8, 0xD5, 0xEB, 0x60, 0x35, 0x1E,
    0x41, 0x31, 0xEC, 0xC1, 0x0B, 0xCA, 0x3D, 0x54, 0xBD, 0xC0, 0x74, 0x0A, 0x27, 0xB0, 0x0A, 0x34,
    0x8C, 0xB5, 0xCC, 0xCD, 0x6B, 0x3C, 0x74, 0xD5, 0xDC, 0xE6, 0xE3, 0xF8, 0x44, 0xF0, 0xC9, 0xFF,
    0xAF, 0x15, 0xA7, 0x00, 0x7C, 0x82, 0x01, 0xDC, 0xA3, 0xE6, 0xD9, 0x0D, 0x3E, 0x4A, 0xFD, 0xF3,
    0x3E, 0x9E, 0xF3, 0x23, 0xE0, 0x16, 0xA0, 0x02, 0x52, 0xA4, 0x4F, 0xA6, 0x99, 0x92, 0x95, 0x34,
    0x99, 0xF0, 0x6C, 0x16, 0x58, 0x20, 0x83, 0xD3, 0xA9, 0xEF, 0x33, 0xAC, 0xB4, 0x7A, 0x0B, 0xFC,
    0x16, 0x55, 0x20, 0xB9, 0x6C, 0x44, 0x3B, 0xA8, 0xD9, 0xEA, 0xF3, 0xB3, 0x1D, 0x2C, 0x62, 0x16,
    0x62, 0xEA, 0x24, 0x29, 0xA6, 0xCE, 0x93, 0x63, 0x89, 0xA1, 0xD2, 0xA9, 0xB2, 0xCB, 0xE1, 0x56,
    0xF3, 0x6C, 0xB9, 0x04, 0xE5, 0x93, 0x98, 0xF5, 0x02, 0x94, 0xB1, 0xA9, 0x2B, 0xC8, 0x32, 0xC8,
    0xF4, 0x29, 0x9F, 0x22, 0xD1, 0xE2, 0x83, 0xC8, 0x26, 0xE1, 0x8C, 0xEC, 0xB3, 0xA0, 0x66, 0x31,
    0xD8, 0xFF, 0x9C, 0x64, 0x14, 0xB7, 0xBF, 0x1C, 0x0C, 0x46, 0x02, 0x40, 0x16, 0xDE, 0x60, 0x10,
    0xD3, 0xC0, 0x17, 0xE8, 0xC5, 0x2C, 0xB8, 0xE1, 0xB5, 0x98, 0x59, 0x20, 0x3A, 0xC7, 0x9D, 0x46,
    0x19, 0x3C, 0xBA, 0x80, 0xA0, 0xF5, 0xA7, 0x15, 0x9E, 0x5E, 0xA3, 0x91, 0xF9, 0xD6, 0x15, 0x03,
    0x8F, 0xBA, 0x5D, 0x5D, 0x89, 0x2E, 0x64, 0x61, 0x95, 0xBA, 0x35, 0x92, 0x8D, 0x58, 0x83, 0x28,
    0x6A, 0xD1, 0x8E, 0x16, 0xEB, 0xBF, 0x81, 0xD7, 0x66, 0xEB, 0xA2, 0xF1, 0x4A, 0x57, 0xD3, 0xD2,
    0xB1, 0x6D, 0x7A, 0xA2, 0x72, 0xE2, 0x48, 0xA0, 0x1D, 0x0A, 0x2E, 0xD7, 0xE7, 0xD2, 0x6F, 0x4B,
    0x56, 0xA9, 0xDB, 0xC8, 0xF5, 0x8C, 0x5A, 0x69, 0x2A, 0xE0, 0x85, 0xD5, 0x4C, 0x3B, 0x13, 0xF0,
    0xDC, 0x01, 0x19, 0xEE, 0x2E, 0xE4, 0x69, 0xC3, 0xFC, 0x2C, 0xCD, 0x34, 0x33, 0x5B, 0xE5, 0x02,
    0x5F, 0x08, 0x33, 0xFC, 0x44, 0xB8, 0x42, 0x21, 0x2C, 0x27, 0xA5, 0x19, 0x94, 0x6D, 0x2F, 0x5C,
    0xC0, 0x09, 0x33, 0xD4, 0xC2, 0x22, 0x92, 0xB0, 0x9A, 0x94, 0x66, 0x50, 0xA2, 0x9F, 0xE9, 0x66,
    0x92, 0x32, 0xCC, 0x9C, 0xE8, 0xEC, 0x86, 0xEB, 0xE7, 0xA9, 0x00, 0x0F, 0xBB, 0x6E, 0x66, 0x33,
    0x93, 0x84, 0x44, 0xA6, 0x61, 0x3B, 0xD1, 0x2D, 0x95, 0x5D, 0x16, 0x99, 0xE5, 0xDD, 0x6D, 0x60,
    0x16, 0xF3, 0x70, 0xCB, 0x80, 0x7E, 0x1E, 0x80, 0xB5, 0xF0, 0xEC, 0x82, 0xE8, 0x78, 0x3F, 0x99,
    0xFD, 0x7E, 0x5A, 0x9E, 0xE8, 0xA7, 0x6A, 0xA6, 0x9D, 0xF9, 0x7F, 0xB9, 0x9F, 0x00, 0x9C, 0x02,
    0xB7, 0xF1, 0x1C, 0x2F, 0xB9, 0x89, 0x39, 0x9C, 0xD4, 0x18, 0xC4, 0xB0, 0x13, 0x83, 0x3D, 0x27,
    0xE4, 0xE8, 0x18, 0x25, 0x6A, 0x86, 0x0D, 0xC4, 0x40, 0x54, 0xC0, 0x29, 0xBC, 0x62, 0x64, 0x0C,
    0xD5, 0xC4, 0x70, 0x79, 0x60, 0x50, 0x06, 0xC1, 0x52, 0x41, 0xA8, 0x15, 0x8D, 0xA0, 0xFD, 0xAC,
    0x66, 0xD8, 0x67, 0x13, 0xF7, 0xB7, 0xF9, 0xF5, 0x04, 0x80, 0x2A, 0x08, 0x0A, 0x0C, 0x8C, 0x1C,
    0x3D, 0x63, 0x11, 0x6B, 0x8D, 0x77, 0xE0, 0x4E, 0x92, 0xA7, 0xC1, 0xF6, 0xB9, 0x2E, 0xE1, 0xD6,
    0xD1, 0x5B, 0x90, 0x5E, 0x8F, 0xF1, 0x61, 0x2E, 0x94, 0x67, 0xCB, 0x20, 0xC4, 0x07, 0x33, 0xD3,
    0xFC, 0xF3, 0x24, 0xD5, 0x8F, 0xA3, 0x48, 0x03, 0x38, 0x0B, 0x2F, 0xAC, 0xD0, 0x09, 0xCF, 0x23,
    0x09, 0x01, 0x9D, 0x50, 0x27, 0x0D, 0xB5, 0x0B, 0x36, 0x3A, 0x22, 0xED, 0x17, 0x2F, 0x53, 0x51,
    0xEA, 0xAE, 0x29, 0x19, 0x08, 0x97, 0x0B, 0xC8, 0x2E, 0x81, 0xD7, 0x4D, 0x48, 0xA6, 0x79, 0xC4,
    0xA8, 0xD1, 0x93, 0x11, 0xC3, 0x0E, 0x64, 0xBF, 0x9D, 0x74, 0x90, 0xE1, 0x73, 0x36, 0x0A, 0x64,
    0xF8, 0x47, 0x36, 0x32, 0xFC, 0x15, 0x72, 0x36, 0x16, 0xF8, 0x72, 0x12, 0x83, 0x9F, 0x7F, 0x35,
    0x0C, 0x7A, 0x35, 0x0A, 0x38, 0x35, 0x72, 0xD4, 0x6A, 0x2C, 0x23, 0xA9, 0x41, 0x97, 0x1B, 0x83,
    0x1E, 0x31, 0x24, 0x82, 0x48, 0xC1, 0xC0, 0xE5, 0x66, 0x1E, 0x9C, 0x1E, 0x31, 0x78, 0x8C, 0x9E,
    0x22, 0x3B, 0xD3, 0xF1, 0x4F, 0xF2, 0x3C, 0xBC, 0x39, 0xF9, 0x7A, 0x88, 0xEB, 0xF5, 0xFA, 0x86,
    0xF9, 0x76, 0xFE, 0x37, 0xF5, 0x7B, 0xAC, 0x1D, 0x44, 0x15, 0x46, 0xB9, 0xDD, 0x72, 0x93, 0xAB,
    0xDD, 0x20, 0x53, 0xB6, 0x83, 0x68, 0x56, 0xB2, 0x21, 0xEB, 0x8A, 0x48, 0x44, 0xAD, 0xAF, 0x38,
    0x75, 0x35, 0x1A, 0x2F, 0x8B, 0x84, 0xED, 0x38, 0x6F, 0x90, 0x35, 0x26, 0x8B, 0x32, 0x5E, 0x96,
    0x50, 0x9C, 0x08, 0x64, 0xF6, 0x92, 0xCC, 0xF9, 0x66, 0x2F, 0xB3, 0xCF, 0xB9, 0x84, 0xB9, 0x3C,
    0xDD, 0x0E, 0xF6, 0x4B, 0xAD, 0x0B, 0xB5, 0x52, 0xB3, 0xB9, 0x9E, 0xDB, 0xED, 0x60, 0xB9, 0xB3,
    0x1D, 0xF4, 0xA7, 0xC8, 0x91, 0xEB, 0x7A, 0xF7, 0x96, 0xBD, 0x7B, 0xBE, 0x93, 0x5B, 0x06, 0xDD,
    0x64, 0x30, 0xD0, 0x2B, 0x26, 0x05, 0x88, 0xDB, 0x78, 0x8B, 0x46, 0xB7, 0x95, 0x8E, 0x41, 0x6D,
    0x27, 0x30, 0xC7, 0x60, 0x15, 0x9A, 0xF2, 0x7D, 0xCE, 0x27, 0x5E, 0x04, 0x41, 0x31, 0x28, 0xEA,
    0x04, 0x8E, 0x09, 0xB5, 0xB6, 0xAF, 0x03, 0xAE, 0x0B, 0x03, 0xC0, 0x49, 0xBC, 0xD6, 0x61, 0x44,
    0xB3, 0x39, 0x8C, 0x58, 0xEE, 0x1D, 0x46, 0x2C, 0x0F, 0x0E, 0x23, 0x9A, 0x04, 0xDA, 0xA2, 0x3E,
    0xC4, 0x7E, 0x12, 0xC9, 0x27, 0x9D, 0x20, 0x90, 0xD1, 0xF7, 0x43, 0x3D, 0x8C, 0xB0, 0x4D, 0x11,
    0xB7, 0x87, 0x11, 0x99, 0x1E, 0x46, 0xDC, 0xBE, 0x3A, 0x8C, 0xA8, 0x5E, 0x1D, 0x46, 0xB0, 0x8B,
    0x6A, 0x7B, 0x3B, 0xE0, 0x8F, 0xE3, 0x69, 0xDA, 0x82, 0xDC, 0x7A, 0x99, 0xBB, 0xCA, 0x7B, 0x20,
    0x0D, 0x29, 0xFF, 0xF7, 0xC0, 0x33, 0x20, 0xE9, 0x24, 0x77, 0x02, 0x00, 0x64, 0x21, 0x38, 0xC5,
    0x35, 0x9E, 0xD3, 0x13, 0x8E, 0xD0, 0x5B, 0xDE, 0xE8, 0x34, 0xD2, 0x75, 0x12, 0x03, 0x95, 0x03,
    0x65, 0x51, 0x83, 0x47, 0x5E, 0x7D, 0x59, 0x0A, 0x75, 0x4B, 0xC5, 0x28, 0x03, 0xA3, 0xD6, 0xA8,
    0x1A, 0xCE, 0x08, 0x6D, 0xA7, 0x9D, 0x6F, 0x3C, 0x1C, 0xB3, 0x18, 0xD0, 0x30, 0x57, 0x11, 0x7B,
    0x07, 0x1B, 0x4B, 0x04, 0x21, 0x61, 0x52, 0xB6, 0xA3, 0x52, 0xDD, 0x9C, 0x91, 0xED, 0xC5, 0x3D,
    0xA9, 0x1B, 0x7C, 0x8C, 0x66, 0x77, 0x94, 0xD9, 0x39, 0x5B, 0x05, 0x3F, 0xBB, 0x6B, 0x84, 0xD2,
    0x9A, 0x87, 0xC8, 0xCB, 0xA5, 0x8E, 0x52, 0x7C, 0x94, 0x50, 0x02, 0x90, 0x59, 0x49, 0x1F, 0xBD,
    0x0C, 0xC0, 0x37, 0x98, 0xA8, 0xC0, 0x47, 0xD6, 0x59, 0xF0, 0xD0, 0xB1, 0x2E, 0x47, 0x6D, 0x7C,
    0xE2, 0x02, 0xCE, 0x76, 0x89, 0x64, 0xBB, 0xD6, 0x31, 0x4D, 0x8F, 0x9A, 0x59, 0x79, 0x65, 0x79,
    0xC8, 0x46, 0xFF, 0x7F, 0x93, 0x7E, 0x93, 0x5F, 0xFC, 0x11, 0xDC, 0xEC, 0xBF, 0x29, 0xD0, 0x48,
    0x79, 0x19, 0x22, 0x97, 0xBF, 0xAD, 0x8F, 0xD4, 0x4F, 0xE2, 0xA4, 0x16, 0xE8, 0xB5, 0xFE, 0x2F,
    0xEA, 0xC7, 0xDB, 0x69, 0xA4, 0x0D, 0x38, 0x8A, 0x27, 0x76, 0xA4, 0x22, 0xAE, 0xA9, 0x9C, 0xB8,
    0x79, 0xFC, 0x24, 0x5A, 0x39, 0x08, 0xAC, 0xA5, 0x00, 0xFC, 0x9B, 0xF8, 0xB1, 0xDF, 0x42, 0xBB,
    0x77, 0x0E, 0x7C, 0x27, 0x46, 0x0E, 0xCF, 0x58, 0xA2, 0xDB, 0x42, 0xBE, 0xDC, 0x49, 0x52, 0x21,
    0xD2, 0x36, 0xBB, 0x3A, 0x53, 0xD7, 0x5A, 0xD0, 0x40, 0x9B, 0x62, 0x39, 0x26, 0x8D, 0xB4, 0x6E,
    0x3D, 0xAD, 0xB0, 0x86, 0x86, 0x9C, 0x27, 0xF0, 0xAE, 0x97, 0xED, 0x77, 0xCB, 0xCD, 0x1A, 0xF5,
    0xD8, 0x5A, 0x46, 0x72, 0x95, 0x8F, 0xF0, 0x07, 0xFF, 0x0C, 0x20, 0x03, 0xA6, 0xA3, 0xE0, 0x23,
    0xD3, 0xAB, 0x78, 0xC9, 0x45, 0x67, 0x81, 0x5E, 0x0B, 0x35, 0x83, 0xE0, 0x14, 0x1D, 0xAD, 0x12,
    0xEC, 0x48, 0x6D, 0x82, 0x01, 0x90, 0x50, 0x28, 0x32, 0x05, 0x59, 0xFC, 0x8A, 0x41, 0x97, 0x99,
    0x80, 0x1E, 0x00, 0xD7, 0xE5, 0xA1, 0x79, 0x09, 0x00, 0xE3, 0x71, 0x73, 0xA7, 0x69, 0xD7, 0x61,
    0x6E, 0x9E, 0x1C, 0x48, 0xFE, 0x61, 0x98, 0x3C, 0x44, 0xAE, 0xE2, 0x7A, 0xCD, 0x81, 0xEC, 0xF6,
    0x9A, 0x1E, 0x37, 0xBF, 0x5F, 0xF7, 0xE5, 0x13, 0xFD, 0x21, 0x98, 0x6F, 0xDD, 0x7D, 0xB4, 0xB9,
    0xF2, 0x37, 0x30, 0xCF, 0xFF, 0x65, 0x73, 0xE6, 0x74, 0x92, 0xFF, 0x14, 0x2E, 0x84, 0x7F, 0x39,
    0xD1, 0x43, 0xA4, 0xFC, 0x14, 0xC5, 0x93, 0x12, 0x6E, 0xE6, 0x30, 0x73, 0x4A, 0x0C, 0xEB, 0x75,
    0x1B, 0x13, 0xD9, 0x86, 0x72, 0x81, 0x5A, 0x48, 0x27, 0xB8, 0x10, 0x4A, 0xFA, 0xC5, 0xB5, 0xE6,
    0xCF, 0xA0, 0xFE, 0x94, 0x7E, 0x66, 0xA3, 0xFC, 0x7A, 0xE7, 0x14, 0x76, 0x7A, 0xD8, 0xD2, 0x98,
    0x50, 0x07, 0xD6, 0xA6, 0x1D, 0xDF, 0xCF, 0x02, 0xE2, 0xD6, 0x82, 0xDF, 0x5A, 0x61, 0x6B, 0x41,
    0x2D, 0x89, 0x8B, 0xC5, 0x92, 0xD0, 0x78, 0xB6, 0xC8, 0x76, 0x1B, 0xCB, 0x3C, 0x68, 0xD9, 0x6E,
    0x2F, 0xAF, 0xC6, 0xD9, 0xFF, 0xB0, 0x1D, 0x44, 0x73, 0x2B, 0x93, 0x6E, 0xAD, 0x7E, 0x63, 0x85,
    0x9D, 0x3E, 0xA0, 0xA3, 0xD0, 0x5E, 0x61, 0xF7, 0x6F, 0x0A, 0x20, 0x2A, 0xE0, 0x15, 0x41, 0x01,
    0x69, 0xF1, 0xCD, 0xFE, 0x4E, 0xC0, 0x3E, 0xB6, 0x13, 0xE0, 0x94, 0xF3, 0x0E, 0x02, 0x72, 0xED,
    0xED, 0x2E, 0x7A, 0x81, 0xC4, 0x75, 0x88, 0x35, 0xE7, 0xD9, 0x46, 0xC1, 0xD8, 0x0E, 0xC0, 0x02,
    0x2F, 0xAE, 0xE1, 0xA9, 0x9C, 0x24, 0x46, 0x2B, 0x65, 0x09, 0x97, 0xF5, 0x68, 0x15, 0x05, 0x1C,
    0x0A, 0x0E, 0x32, 0xC4, 0xFE, 0xB8, 0x9E, 0x23, 0xF1, 0xB4, 0xE2, 0xC1, 0x49, 0x5F, 0x9C, 0xC2,
    0x4E, 0xB0, 0x0E, 0x81, 0xE4, 0x13, 0x2F, 0x8B, 0x5A, 0x7C, 0x5A, 0x27, 0x25, 0xB4, 0x3D, 0x71,
    0xBC, 0x60, 0xF8, 0xC4, 0x7E, 0xA4, 0x0A, 0x4F, 0x6F, 0x25, 0x2C, 0x10, 0x27, 0xD9, 0xAB, 0xE0,
    0x6D, 0xA0, 0xF9, 0xB4, 0x92, 0x00, 0xD9, 0xF8, 0xDC, 0x91, 0x98, 0xD2, 0x77, 0x9D, 0x98, 0x92,
    0x6B, 0x52, 0xD3, 0x02, 0x40, 0x2D, 0x77, 0x49, 0xF6, 0x01, 0x4E, 0xCF, 0x95, 0x7A, 0x5A, 0xC2,
    0xB3, 0x29, 0xE7, 0xCE, 0x76, 0x64, 0xB3, 0x08, 0x12, 0xFE, 0xB2, 0x59, 0x8E, 0x12, 0xC8, 0xB2,
    0x29, 0x41, 0x6F, 0x06, 0x36, 0x4D, 0xBF, 0x39, 0x29, 0x5E, 0xDB, 0x6E, 0x6E, 0xC2, 0xA6, 0x8D,
    0xAF, 0x65, 0x92, 0x7D, 0x65, 0x9A, 0xD9, 0xC3, 0x9E, 0xDF, 0x6D, 0x69, 0xFB, 0x75, 0x90, 0x9A,
    0x95, 0xF3, 0x21, 0xCA, 0xB6, 0xBE, 0x4B, 0x6D, 0xC5, 0x6E, 0xDB, 0xE6, 0x28, 0x1F, 0xA8, 0xC5,
    0x5C, 0x6D, 0xFB, 0x41, 0x7A, 0xA7, 0xDF, 0xEB, 0xB3, 0x39, 0xF4, 0xA4, 0x12, 0x02, 0x2B, 0x58,
    0x88, 0x22, 0xC3, 0x8B, 0x75, 0x72, 0x9B, 0x83, 0xA4, 0x8F, 0x82, 0x62, 0x3A, 0x09, 0xAE, 0x16,
    0x23, 0xC3, 0x5D, 0xCA, 0xB7, 0x19, 0xC6, 0x64, 0x15, 0x2B, 0x05, 0x59, 0x85, 0x19, 0x74, 0xD4,
    0xF6, 0x02, 0x38, 0x45, 0xC3, 0xD0, 0x4E, 0x38, 0xCF, 0x04, 0x58, 0x05, 0xC1, 0x2F, 0xE5, 0x91,
    0x85, 0x9E, 0xB5, 0x5B, 0x78, 0x46, 0x05, 0xC7, 0x38, 0x8F, 0xC4, 0xE0, 0xE1, 0xAA, 0x3F, 0xA0,
    0x16, 0x40, 0x47, 0x25, 0x78, 0x14, 0xBF, 0xB4, 0x23, 0x95, 0x7D, 0x31, 0x25, 0xE1, 0x4A, 0xB6,
    0x98, 0x68, 0x85, 0x24, 0x86, 0xC5, 0xF2, 0x29, 0x15, 0x1C, 0x4B, 0x2D, 0x52, 0x26, 0xF9, 0xF7,
    0x36, 0xBA, 0x16, 0x40, 0x67, 0x00, 0xF8, 0x12, 0xDF, 0xC2, 0x2F, 0x51, 0xB7, 0x0D, 0xD1, 0x82,
    0xA3, 0x9B, 0x65, 0x4C, 0x92, 0xB1, 0xDC, 0x26, 0x59, 0x21, 0xEA, 0xE6, 0x64, 0xC9, 0x1D, 0x9B,
    0x73, 0x97, 0x16, 0x3C, 0x2A, 0xAB, 0xEF, 0x92, 0x1A, 0xAE, 0x81, 0xE5, 0x82, 0x5A, 0x20, 0x12,
    0xC2, 0x35, 0x08, 0xFD, 0x12, 0x0D, 0x57, 0xDB, 0xA1, 0xA1, 0xD6, 0xA1, 0x26, 0x2B, 0xA2, 0x1F,
    0x5B, 0xFE, 0x0F, 0xCB, 0x49, 0x4C, 0xB8, 0x91, 0x9B, 0x12, 0xB5, 0xBA, 0x0B, 0xDD, 0x1D, 0x48,
    0x61, 0xF8, 0x9A, 0x05, 0x22, 0x8E, 0xA5, 0x7B, 0x2F, 0xAE, 0xDB, 0x2E, 0x0B, 0x64, 0x58, 0x6C,
    0x97, 0x01, 0x70, 0x2C, 0xF5, 0xD6, 0xEA, 0xB2, 0xB8, 0xB6, 0x3E, 0x0B, 0x54, 0xA8, 0x70, 0x0E,
    0xCF, 0x79, 0xFB, 0xAD, 0x97, 0x3A, 0xC9, 0x48, 0x60, 0xEB, 0x9E, 0xA4, 0xC5, 0x16, 0x75, 0xCA,
    0x76, 0x4F, 0x88, 0x4E, 0x8A, 0x04, 0x82, 0xC0, 0x74, 0x20, 0x05, 0x00, 0x7F, 0x44, 0xCF, 0xEC,
    0x8B, 0x5B, 0xCF, 0x53, 0x59, 0x79, 0x4F, 0xAD, 0x7B, 0xA5, 0xAD, 0x28, 0x54, 0x1B, 0xD1, 0xBA,
    0x94, 0x91, 0x7F, 0xFB, 0x52, 0x6A, 0x0A, 0x77, 0xA8, 0xF2, 0xA4, 0xEC, 0xE9, 0x27, 0x49, 0x7F,
    0xDA, 0x50, 0x25, 0xE7, 0x11, 0x1C, 0x02, 0xCB, 0x40, 0x91, 0x41, 0x71, 0x57, 0x04, 0xB2, 0x7D,
    0x16, 0x89, 0x7B, 0x8D, 0x00, 0x1C, 0xCA, 0xF3, 0xF5, 0x9A, 0x67, 0xB2, 0x3F, 0x21, 0xEB, 0x29,
    0x90, 0x09, 0xD7, 0xA8, 0xB7, 0xB7, 0x49, 0x47, 0x41, 0xF2, 0x5C, 0xA7, 0x77, 0x86, 0x01, 0xF0,
    0x15, 0x7E, 0x36, 0xF3, 0xAB, 0x99, 0xDF, 0x09, 0xCF, 0x6E, 0x70, 0x33, 0xE0, 0xE5, 0x05, 0x65,
    0xF8, 0xF9, 0x4B, 0xD9, 0x59, 0xE1, 0x9B, 0xEF, 0x50, 0x33, 0xB7, 0x6B, 0x2D, 0xC0, 0x73, 0x22,
    0xD3, 0x4B, 0xCF, 0x09, 0xCB, 0xD1, 0x46, 0x9E, 0x14, 0x8C, 0x2F, 0xA7, 0xD5, 0x44, 0x3F, 0xE0,
    0x9F, 0x8B, 0xB2, 0xF0, 0xB7, 0x68, 0x3F, 0xBB, 0xB9, 0xFB, 0xF3, 0x08, 0xA4, 0xF2, 0xF0, 0x19,
    0xD0, 0x22, 0x03, 0x1C, 0xA2, 0x89, 0x4C, 0x3B, 0xAD, 0x06, 0x66, 0xD9, 0x53, 0x7B, 0x47, 0x39,
    0x5B, 0x80, 0x37, 0xC0, 0x68, 0x5E, 0xDC, 0x4C, 0xC6, 0x65, 0xD3, 0x8F, 0x9A, 0xE4, 0xCC, 0x62,
    0x20, 0x2B, 0x63, 0x76, 0x24, 0x8B, 0x40, 0x4F, 0xAE, 0xB1, 0xA0, 0x25, 0x6C, 0x93, 0x21, 0xDD,
    0x1F, 0x18, 0x20, 0x94, 0xC0, 0x98, 0x03, 0xC9, 0x0F, 0x0F, 0x68, 0x2A, 0x06, 0xD6, 0x4A, 0xD4,
    0x8A, 0x62, 0xA0, 0xAB, 0xB0, 0x4C, 0x9A, 0x85, 0x5C, 0xB4, 0x10, 0xAD, 0x44, 0x2D, 0x6B, 0xC4,
    0x97, 0x49, 0x81, 0x2F, 0x44, 0x0B, 0xD6, 0x20, 0x3A, 0x89, 0xFA, 0xE2, 0xAE, 0xCE, 0xD0, 0x15,
    0x7C, 0x0B, 0x9C, 0x28, 0xB1, 0x06, 0x56, 0x8A, 0x54, 0x38, 0x22, 0x50, 0x99, 0xB4, 0x7D, 0xCE,
    0x0F, 0xA5, 0x05, 0xEA, 0xCD, 0x3E, 0x74, 0x85, 0x29, 0xE9, 0xA2, 0xED, 0x48, 0xAF, 0xDF, 0x43,
    0x0D, 0x11, 0x0C, 0x26, 0x3A, 0xD4, 0xAB, 0x60, 0xC2, 0x65, 0xF2, 0xDF, 0x0E, 0xC4, 0x3E, 0xBB,
    0x1D, 0x1D, 0x44, 0x27, 0xD1, 0xC0, 0xFA, 0x79, 0x64, 0x5D, 0x6A, 0xC4, 0x8B, 0xBF, 0xA6, 0xAB,
    0x78, 0xD1, 0x7E, 0xEA, 0x00, 0x6F, 0xC1, 0x6A, 0xD0, 0xC8, 0xC4, 0x44, 0x49, 0x73, 0x5E, 0x03,
    0x80, 0xE1, 0x88, 0xD2, 0x4D, 0xB8, 0x49, 0x5A, 0x8C, 0x05, 0xEB, 0x70, 0x5C, 0xCB, 0x5D, 0xF5,
    0x49, 0xCF, 0x2B, 0xD6, 0xD6, 0x72, 0x1B, 0x2D, 0xB7, 0xB1, 0x33, 0x70, 0x49, 0x2B, 0xD4, 0x49,
    0x53, 0x71, 0x49, 0x11, 0xE4, 0x18, 0x60, 0xFB, 0xFB, 0x97, 0x23, 0xC3, 0xE8, 0xA9, 0x85, 0xBF,
    0xC2, 0xB0, 0x40, 0xB8, 0xC8, 0x30, 0xA5, 0x97, 0xF4, 0x9E, 0xE2, 0x53, 0x46, 0x04, 0xBE, 0x4B,
    0x08, 0x2D, 0x7E, 0xCD, 0x30, 0xF8, 0x9C, 0x51, 0x20, 0x67, 0xE4, 0x41, 0xB0, 0x1C, 0x13, 0x52,
    0x8B, 0xE9, 0x3A, 0x5C, 0x00, 0x9E, 0x1B, 0x79, 0x1C, 0x81, 0x07, 0xF4, 0xA1, 0x5E, 0x85, 0x45,
    0x9A, 0x0D, 0xB2, 0xC0, 0xB1, 0xCA, 0xAC, 0x69, 0x55, 0x4C, 0x0A, 0xE0, 0x98, 0xEE, 0xA4, 0xE4,
    0x62, 0xCB, 0x97, 0xB5, 0x74, 0xAE, 0x3B, 0x54, 0x2A, 0xD1, 0x70, 0xDF, 0x8E, 0x94, 0x6F, 0x56,
    0xCC, 0xC6, 0xC4, 0x2B, 0x74, 0xD6, 0x53, 0xEB, 0x5B, 0x39, 0x17, 0x6A, 0xA8, 0x1C, 0x78, 0x01,
    0xDA, 0x15, 0xFE, 0x4E, 0xFE, 0x57, 0xD2, 0x49, 0x0E, 0xC9, 0xCB, 0x5E, 0xC4, 0x9F, 0x1C, 0xDC,
    0xD2, 0xA9, 0x09, 0x2C, 0xCD, 0xBE, 0xDB, 0x06, 0x3D, 0xAE, 0x6F, 0xD2, 0xA0, 0xB6, 0xBF, 0x1D,
    0x09, 0x77, 0xD0, 0x58, 0xB1, 0x67, 0x19, 0x3F, 0xC6, 0x8B, 0x76, 0xCA, 0x50, 0x17, 0x21, 0x03,
    0x65, 0x48, 0x6E, 0x96, 0x2C, 0x8B, 0x7D, 0x91, 0xEF, 0xB2, 0x98, 0x45, 0xE2, 0x74, 0xCF, 0x39,
    0x07, 0x30, 0xB0, 0x74, 0xBA, 0xEE, 0xC4, 0x76, 0x38, 0xB1, 0x30, 0x5C, 0x10, 0x01, 0xFE, 0x40,
    0xA8, 0x92, 0xD8, 0x01, 0x03, 0xAD, 0x80, 0x28, 0x9D, 0x4B, 0xDC, 0x55, 0xB5, 0xF5, 0x84, 0xBA,
    0x75, 0x49, 0xD0, 0xD0, 0xFB, 0x09, 0x44, 0xBB, 0xD2, 0x68, 0x60, 0xF9, 0x63, 0xB2, 0x3E, 0x91,
    0x73, 0x34, 0x92, 0x37, 0x07, 0xE2, 0xDC, 0xB9, 0xE5, 0xDC, 0xB9, 0xFE, 0xBE, 0x7C, 0x1C, 0x6F,
    0x3D, 0x3E, 0x08, 0xE5, 0x8E, 0x1C, 0xAD, 0xF4, 0xE3, 0xD5, 0x47, 0x20, 0x83, 0x09, 0x51, 0x14,
    0xAA, 0x4D, 0xD2, 0x35, 0xDC, 0x7B, 0xF8, 0x85, 0x2C, 0xC9, 0x44, 0xA6, 0xCF, 0x23, 0x51, 0xE5,
    0x57, 0x13, 0xCF, 0xE2, 0x45, 0xD2, 0x62, 0xE2, 0xF0, 0x3A, 0x0F, 0x1C, 0xEF, 0x65, 0x91, 0x03,
    0xC0, 0x25, 0x78, 0xF2, 0x5A, 0x68, 0xB4, 0x08, 0x69, 0x9D, 0x45, 0x12, 0x32, 0xA2, 0x55, 0x60,
    0x2D, 0x27, 0xD6, 0x62, 0x14, 0xDB, 0x13, 0x2D, 0x2E, 0x4C, 0xD2, 0xB2, 0xE7, 0xAC, 0xE5, 0x7F,
    0xC1, 0x25, 0x05, 0x38, 0x05, 0xA4, 0xE2, 0x90, 0x84, 0xAD, 0xC6, 0xDB, 0x97, 0x92, 0x15, 0xB5,
    0xA8, 0x13, 0xED, 0xB6, 0xFA, 0x47, 0x86, 0x95, 0x0E, 0x74, 0xD1, 0xDE, 0x49, 0x45, 0xD0, 0xD1,
    0x12, 0xD0, 0x63, 0x45, 0x80, 0x2A, 0xD6, 0xC6, 0x8C, 0xE6, 0x3F, 0xE0, 0xDA, 0xCE, 0x74, 0xB6,
    0x87, 0x33, 0x9D, 0xF1, 0x68, 0x4C, 0xC7, 0x67, 0xA4, 0xBC, 0x82, 0xAB, 0xEA, 0x37, 0x9C, 0xC6,
    0xF4, 0x76, 0x30, 0x1D, 0x3A, 0x03, 0xFB, 0x1B, 0x38, 0xF5, 0x93, 0xEB, 0xA6, 0xA4, 0x95, 0xEE,
    0x5C, 0xE9, 0xCE, 0xE4, 0x78, 0x4D, 0x38, 0x4E, 0x90, 0xDA, 0xE2, 0x98, 0x56, 0x13, 0x65, 0xDC,
    0xED, 0xDC, 0x32, 0x83, 0xA6, 0x62, 0xED, 0x2C, 0xDC, 0x59, 0xEB, 0xF1, 0x9C, 0x63, 0x32, 0x34,
    0x9B, 0xF4, 0x99, 0xAE, 0x14, 0x18, 0x92, 0x12, 0xBC, 0xDA, 0xFA, 0xFD, 0xD6, 0xA7, 0xA4, 0x7F,
    0x22, 0x79, 0x21, 0x7E, 0x20, 0x3E, 0x21, 0xFE, 0x5B, 0x29, 0xEB, 0x81, 0x49, 0xE8, 0x26, 0xAD,
    0x11, 0xB2, 0xFA, 0xBC, 0xA9, 0xA6, 0xE7, 0x3D, 0xE5, 0x3D, 0x35, 0x1B, 0x70, 0x7D, 0xED, 0x81,
    0xFE, 0xB4, 0x41, 0x28, 0x80, 0x7B, 0x72, 0x15, 0x52, 0x77, 0x49, 0x58, 0xB8, 0x23, 0x31, 0xC9,
    0x12, 0x4F, 0xDB, 0x8E, 0x00, 0x74, 0xD4, 0xB2, 0x54, 0x2C, 0x3A, 0xF4, 0xA4, 0x83, 0x0B, 0xE0,
    0x9E, 0x20, 0x54, 0xF8, 0xC9, 0x71, 0x70, 0x31, 0xF8, 0x0B, 0x29, 0x88, 0x6F, 0xF6, 0xDB, 0x82,
    0x83, 0xCC, 0xA7, 0xF6, 0x05, 0x4E, 0x5F, 0x52, 0xDE, 0x07, 0x80, 0x3B, 0x45, 0xAE, 0xC8, 0x9F,
    0xE9, 0x5C, 0x29, 0x81, 0xE1, 0xF7, 0xA5, 0x54, 0x29, 0xF9, 0x83, 0x5E, 0xEE, 0x14, 0x49, 0x2E,
    0x7B, 0x9C, 0x7C, 0x6F, 0x80, 0x9A, 0xEE, 0xCB, 0xA7, 0x2F, 0x89, 0x70, 0xE3, 0x59, 0x5E, 0x5E,
    0x24, 0x01, 0xAF, 0x13, 0xC0, 0xC0, 0x32, 0xB1, 0xF0, 0x6E, 0x3B, 0x47, 0x92, 0xA5, 0x4A, 0x5A,
    0xD6, 0x6E, 0x20, 0xA7, 0xB2, 0x2C, 0x13, 0x4B, 0x9F, 0x24, 0xCA, 0x04, 0x64, 0x30, 0x1D, 0x05,
    0x4F, 0x58, 0xEF, 0x45, 0x39, 0xBB, 0x95, 0x19, 0x7B, 0x2D, 0x00, 0x46, 0x05, 0x66, 0x3C, 0x53,
    0xFC, 0x2A, 0x21, 0x90, 0xFD, 0x4A, 0x60, 0x7E, 0xB7, 0xC5, 0x55, 0xFC, 0x10, 0x5F, 0xC5, 0x4B,
    0x70, 0x4A, 0x4C, 0x8C, 0x9F, 0x09, 0x42, 0x26, 0xE8, 0x04, 0x87, 0x73, 0x3A, 0x17, 0xCE, 0x2E,
    0x48, 0x0A, 0x96, 0x50, 0x87, 0x25, 0xB2, 0xA0, 0x61, 0xE1, 0xA0, 0x69, 0x77, 0xE7, 0xC2, 0x05,
    0x75, 0xDB, 0xBE, 0xAD, 0x65, 0x5E, 0x00, 0xF0, 0x91, 0x6E, 0xB6, 0x32, 0xA0, 0xA7, 0x02, 0x72,
    0x2E, 0x80, 0x94, 0xE7, 0xEE, 0x16, 0x9C, 0x11, 0xB5, 0xE9, 0x09, 0xCD, 0x8F, 0xAC, 0x44, 0x22,
    0xFB, 0xF2, 0x64, 0x0D, 0x97, 0xD7, 0x84, 0xC6, 0xBA, 0x25, 0x6A, 0xCD, 0xC1, 0x79, 0x8B, 0xB9,
    0x2E, 0x9D, 0x7A, 0x46, 0xA0, 0x73, 0xF4, 0x0C, 0x8B, 0x98, 0xB0, 0x84, 0x0C, 0xAB, 0x3C, 0xA1,
    0xBF, 0x0A, 0x05, 0x9E, 0x62, 0xC8, 0x82, 0xFC, 0x92, 0x91, 0xF1, 0x64, 0xBD, 0x9A, 0xA4, 0x2A,
    0x59, 0x60, 0x0F, 0x87, 0x88, 0xB6, 0xA7, 0x3C, 0x48, 0xCA, 0x62, 0x9A, 0xF3, 0x5D, 0xC5, 0x1B,
    0xF6, 0x02, 0xFC, 0x4E, 0x97, 0xDA, 0xDF, 0x6A, 0x23, 0x3D, 0x97, 0x97, 0xC0, 0xA5, 0xD3, 0x39,
    0x00, 0xB2, 0x2C, 0x00, 0x90, 0xB1, 0xE4, 0xFC, 0x4C, 0xE4, 0x41, 0x8F, 0xB1, 0x66, 0xC9, 0xD2,
    0x77, 0x49, 0xB8, 0x30, 0x11, 0xC3, 0x52, 0x26, 0x49, 0xB1, 0x9B, 0xE9, 0xAC, 0x7D, 0x91, 0xFE,
    0xE1, 0x0B, 0xC0, 0xE0, 0xE7, 0x40, 0x89, 0x02, 0xC8, 0xC7, 0x24, 0x34, 0xAD, 0xF8, 0x21, 0xE7,
    0xF1, 0x8D, 0x6A, 0x50, 0x4B, 0xBE, 0x93, 0xEB, 0x1D, 0x6F, 0x87, 0x58, 0xB6, 0xCB, 0x7B, 0xD8,
    0x2C, 0xEF, 0xD7, 0xBB, 0xCB, 0x7B, 0x72, 0xF5, 0x29, 0x01, 0x70, 0xF7, 0x84, 0xDD, 0xFF, 0x50,
    0x96, 0xF7, 0x66, 0xBB, 0xBC, 0x8B, 0x97, 0x9D, 0xE5, 0x9D, 0xFE, 0x95, 0xF7, 0xE5, 0x12, 0xB1,
    0x24, 0x83, 0x3F, 0x72, 0x8B, 0x06, 0xB2, 0x7C, 0x43, 0xF9, 0xF5, 0x77, 0x8F, 0xFC, 0x05, 0xF9,
    0xC5, 0x02, 0x3E, 0xBD, 0x08, 0x83, 0x9E, 0xC3, 0x54, 0x79, 0xD7, 0x7E, 0xE9, 0xF1, 0xCD, 0x90,
    0x34, 0xD9, 0xA4, 0x7F, 0x9C, 0x3B, 0x92, 0xC4, 0xF3, 0xF4, 0x9B, 0x40, 0xD9, 0x03, 0xAF, 0x78,
    0x91, 0xC1, 0x67, 0xEC, 0x70, 0xA0, 0xED, 0x5E, 0xA4, 0x70, 0xAC, 0xA5, 0x3B, 0x35, 0xB1, 0xCB,
    0xEF, 0x46, 0xF5, 0xE1, 0x5F, 0xCD, 0xFE, 0x5E, 0xFF, 0x2A, 0x97, 0x2F, 0xC3, 0x8D, 0xC7, 0xBD,
    0x8B, 0xCF, 0xDF, 0x65, 0x52, 0x79, 0xE4, 0xCD, 0x07, 0x01, 0xC0, 0xB4, 0xF7, 0xFE, 0x6F, 0xBD,
    0x94, 0x21, 0x88, 0xFC, 0x46, 0x14, 0xC6, 0x7F, 0xD9, 0x14, 0x72, 0x10, 0x31, 0x9E, 0x42, 0x53,
    0x6F, 0xE2, 0xD5, 0xC4, 0xD7, 0xFC, 0x45, 0x97, 0xCA, 0x7A, 0x73, 0x5E, 0x75, 0x42, 0x6D, 0x4D,
    0x7D, 0xBD, 0x5E, 0xAF, 0x12, 0x38, 0x51, 0x71, 0x26, 0x50, 0xCF, 0x86, 0x3B, 0xB9, 0xA2, 0x03,
    0x97, 0xB2, 0x03, 0x9D, 0xE4, 0x6B, 0x86, 0xDC, 0x1E, 0xD7, 0xDE, 0xD1, 0x2D, 0x07, 0xFD, 0xBF,
    0xBC, 0x09, 0xBF, 0xF7, 0xBE, 0x6F, 0xE6, 0x89, 0x09, 0xD9, 0xEF, 0xF7, 0x7A, 0x15, 0x6F, 0xCB,
    0x4B, 0x7D, 0xB5, 0x97, 0xE2, 0xD3, 0xA5, 0xE1, 0xFF, 0x05, 0xF6, 0x97, 0xF8, 0x56, 0x97, 0x88,
    0x57, 0xE8, 0x7B, 0xFF, 0x7F, 0xE4, 0x0E, 0x33, 0xD4, 0xA3, 0xED, 0xBB, 0x5E, 0xA3, 0xBC, 0x7C,
    0x37, 0xD6, 0x6D, 0xDD, 0x76, 0x1B, 0x7B, 0x9B, 0x94, 0xD6, 0x71, 0xC3, 0xDF, 0x7A, 0xC3, 0xD6,
    0x7B, 0x6F, 0xEF, 0x8E, 0xAF, 0xCD, 0x30, 0xD7, 0x0F, 0x8B, 0xBD, 0x8B, 0xDD, 0x7D, 0xD4, 0xEF,
    0x8B, 0x52, 0xA8, 0x3B, 0x2D, 0xF5, 0x8F, 0x61, 0xCD, 0x15, 0x9E, 0x3B, 0x7F, 0xCA, 0x3E, 0x26,
    0x5B, 0xF7, 0x53, 0x70, 0x85, 0xBF, 0xA1, 0x7D, 0x47, 0xFD, 0x6D, 0xBE, 0xA8, 0x57, 0x4E, 0xCE,
    0x23, 0xFF, 0x48, 0xC9, 0xBF, 0xE4, 0x77, 0xF3, 0xA7, 0xD4, 0xFC, 0x78, 0x5E, 0x3F, 0xFC, 0xC3,
    0x66, 0xBE, 0x80, 0x4C, 0x03, 0x85, 0x26, 0x2A, 0xCD, 0xD4, 0x5A, 0xB0, 0xD2, 0xCB, 0x4A, 0xB5,
    0x51, 0x24, 0xE9, 0x59, 0xF7, 0x33, 0x29, 0x5A, 0x08, 0x20, 0xD0, 0x80, 0xD2, 0x80, 0x46, 0x1A,
    0xA5, 0x20, 0x0D, 0x12, 0x0A, 0xA8, 0x67, 0x81, 0x09, 0x1A, 0xD2, 0xD5, 0xBD, 0xB9, 0xDA, 0x8D,
    0xCB, 0x71, 0x17, 0x56, 0x0A, 0xE5, 0x22, 0x6F, 0xA3, 0xD1, 0xF6, 0xDE, 0x3A, 0x9B, 0xFA, 0xDA,
    0x4F, 0x17, 0xC8, 0x05, 0x94, 0x52, 0x93, 0x2F, 0x40, 0x2D, 0x0D, 0xE5, 0x0C, 0x38, 0xC9, 0x9B,
    0x08, 0x74, 0x43, 0x15, 0xAA, 0x00, 0xA8, 0x2D, 0x63, 0xED, 0x13, 0x34, 0x45, 0xB4, 0x17, 0x70,
    0xC3, 0xB3, 0xA4, 0x1E, 0x48, 0x83, 0x12, 0xE0, 0xA4, 0x3F, 0xD4, 0x00, 0x56, 0x7A, 0x12, 0x80,
    0x91, 0xEE, 0x96, 0x04, 0xB9, 0x94, 0x26, 0x24, 0xD3, 0x64, 0x62, 0xB9, 0x24, 0x17, 0x55, 0xB0,
    0x1A, 0x13, 0xD4, 0x93, 0x14, 0x12, 0xD8, 0x27, 0x29, 0xD9, 0x70, 0x8F, 0x3A, 0xC8, 0x03, 0xFA,
    0x35, 0xEE, 0x14, 0x13, 0xDC, 0x87, 0x9D, 0x16, 0xD8, 0xE9, 0x9B, 0x29, 0x97, 0x83, 0x5C, 0x65,
    0x48, 0x40, 0xA1, 0x32, 0xE6, 0xB2, 0x50, 0xCE, 0xB9, 0x7E, 0x49, 0x60, 0xD6, 0x5A, 0xF3, 0x0F,
    0x69, 0x02, 0xD2, 0x32, 0xA7, 0x09, 0xD8, 0x34, 0x03, 0xEB, 0x29, 0xD4, 0x0D, 0x19, 0xF9, 0x58,
    0x4C, 0xC6, 0x9B, 0xB1, 0x1A, 0xEA, 0xDE, 0xB6, 0xAE, 0xE9, 0xB8, 0x05, 0x32, 0xC8, 0x1F, 0xA6,
    0xE2, 0x1C, 0xCD, 0x79, 0x32, 0x27, 0x5F, 0x1D, 0x7D, 0x7D, 0x1C, 0xED, 0xA1, 0x77, 0xAE, 0xEF,
    0x5C, 0x7B, 0x5B, 0xB1, 0x79, 0x9A, 0xD5, 0x14, 0x8A, 0xF3, 0x3C, 0x9B, 0xF3, 0x6A, 0x3D, 0x9D,
    0x43, 0x75, 0x3C, 0x4F, 0xF5, 0xF1, 0xE4, 0xED, 0xE1, 0x38, 0x3A, 0x77, 0x1C, 0x3A, 0x77, 0xE8,
    0x6F, 0xAB, 0x2F, 0xDB, 0xCD, 0x5F, 0x0F, 0x9D, 0x4F, 0x8F, 0xF5, 0xD5, 0x68, 0x7B, 0xD7, 0x7E,
    0x05, 0x29, 0x4A, 0x2A, 0x5C, 0xA6, 0x5C, 0x46, 0x36, 0xD8, 0x60, 0x56, 0xCA, 0x84, 0xA3, 0xA2,
    0x04, 0x18, 0x98, 0x98, 0x11, 0xEA, 0xE5, 0xEB, 0x58, 0x47, 0xF9, 0x95, 0x9A, 0x99, 0x89, 0x01,
    0x78, 0xFE, 0x45, 0xF9, 0xD7, 0x0B, 0x6E, 0x80, 0xAA, 0x05, 0xDB, 0x83, 0x6B, 0x41, 0x90, 0x2D,
    0x90, 0x47, 0x28, 0x02, 0x18, 0x0F, 0xD5, 0xF8, 0x9F, 0x64, 0xDB, 0xAE, 0x0C, 0x64, 0xF0, 0x81,
    0x6F, 0xFB, 0xF3, 0xED, 0xF9, 0x0B, 0xAD, 0x92, 0x31, 0x8E, 0xD4, 0x30, 0x14, 0x86, 0xFF, 0x24,
    0xA0, 0x14, 0x29, 0x5C, 0x53, 0xB9, 0xA7, 0xF1, 0x11, 0x9E, 0xCF, 0x43, 0xC3, 0x0D, 0xD6, 0xE6,
    0x06, 0x4B, 0xC3, 0x19, 0x56, 0xCB, 0x21, 0xEC, 0x23, 0x98, 0x62, 0xFB, 0x20, 0x41, 0xCD, 0x14,
    0x41, 0x0A, 0xE0, 0xE4, 0xE7, 0xC5, 0xA3, 0x19, 0x76, 0x0B, 0x1A, 0x58, 0xC7, 0x5F, 0xF3, 0xFB,
    0x97, 0xDE, 0x3C, 0xCD, 0x87, 0xD7, 0x11, 0x03, 0x57, 0x18, 0x12, 0xEE, 0x27, 0xA3, 0x64, 0xC9,
    0x09, 0xA6, 0xEC, 0x98, 0x4E, 0x1B, 0xC6, 0x27, 0x1C, 0x99, 0xBE, 0xCD, 0xC1, 0xDB, 0x22, 0x25,
    0x64, 0x43, 0x62, 0xE4, 0x86, 0x8E, 0x0B, 0xDA, 0xE9, 0x2A, 0x30, 0x2A, 0x46, 0x11, 0x85, 0x15,
    0xBD, 0x32, 0xFE, 0xA8, 0xB0, 0x9F, 0x2B, 0xE4, 0x5D, 0x05, 0xC9, 0x7C, 0xE1, 0xE8, 0x37, 0x84,
    0xF9, 0x82, 0x21, 0xFD, 0x95, 0x02, 0x34, 0xBE, 0x7A, 0x18, 0xAE, 0x0A, 0xD1, 0x7F, 0xD0, 0x1E,
    0x9C, 0x72, 0x7E, 0xBD, 0x51, 0xC2, 0x6D, 0xC8, 0x42, 0x46, 0xC3, 0x1D, 0x1D, 0xBF, 0x00, 0x6F,
    0x57, 0x0C, 0x24, 0xCC, 0x9E, 0xB2, 0x2B, 0x36, 0x8B, 0xB7, 0x39, 0xA5, 0x05, 0xE4, 0xAE, 0xD0,
    0x33, 0x4A, 0xDC, 0x61, 0xF2, 0xA6, 0xEC, 0x4A, 0x82, 0x76, 0x8A, 0x6E, 0x45, 0x62, 0x62, 0x05,
    0xD2, 0x0C, 0x5E, 0x0E, 0xBA, 0x1D, 0x7D, 0xC5, 0xB0, 0xE8, 0xF2, 0xC7, 0x4C, 0x1D, 0x2D, 0x1E,
    0x1A, 0x6F, 0x18, 0x74, 0xB5, 0x05, 0xE6, 0x04, 0x5B, 0x20, 0x11, 0x1D, 0x0B, 0x26, 0xAE, 0x70,
    0xDC, 0x20, 0x31, 0x69, 0x4D, 0x94, 0x00, 0xF7, 0xA0, 0x43, 0x58, 0x61, 0x35, 0x0F, 0xBF, 0xE8,
    0xE9, 0x45, 0xC7, 0xBA, 0x46, 0xF2, 0x21, 0x0A, 0xE9, 0x8F, 0xB7, 0x9E, 0xB3, 0x52, 0xB4, 0x57,
    0x21, 0x0F, 0x09, 0x09, 0xCE, 0x6F, 0x30, 0xF1, 0xFA, 0x33, 0x63, 0x5B, 0x33, 0x5B, 0xA5, 0xE7,
    0xB7, 0x7C, 0x03, 0xD7, 0xA6, 0x84, 0xF7, 0x84, 0x50, 0x5B, 0x5C, 0xD0, 0x33, 0xA2, 0xBB, 0x43,
    0x57, 0x8F, 0xFB, 0x71, 0xBF, 0x23, 0xEB, 0xF9, 0x9E, 0x13, 0xBD, 0xF7, 0xF7, 0x7F, 0xC2, 0xE7,
    0xFC, 0xF3, 0x59, 0x8E, 0xCF, 0xFC, 0xE5, 0x63, 0x3B, 0x1D, 0x67, 0x18, 0x6E, 0x70, 0x24, 0xA4,
    0xA4, 0x28, 0x5E, 0x27, 0x46, 0x97, 0x5F, 0x41, 0x22, 0x90, 0x3C, 0x46, 0x02, 0xEE, 0x90, 0xE6,
    0x04, 0xC3, 0x08, 0x59, 0x5F, 0x6A, 0xC3, 0xE6, 0xE0, 0x15, 0xF2, 0x8A, 0x79, 0x04, 0x3A, 0x02,
    0xC3, 0x06, 0x98, 0x05, 0x90, 0x19, 0x48, 0xF4, 0x4A, 0xC1, 0x9B, 0x74, 0x02, 0x26, 0x0D, 0xC7,
    0xA5, 0x53, 0x9C, 0x9F, 0x16, 0x57, 0xDC, 0xC9, 0x90, 0x65, 0xE4, 0xD1, 0x59, 0xCF, 0xF2, 0x0D,
    0x8A, 0x51, 0x9C, 0x12, 0x14, 0x56, 0x0C, 0x7B, 0xC5, 0xF4, 0xBD, 0xC2, 0x7E, 0xAA, 0x08, 0xFF,
    0x28, 0x6D, 0x83, 0x8B, 0xB2, 0x63, 0x22, 0x23, 0x10, 0xAE, 0xD2, 0xBE, 0x68, 0xE2, 0x5A, 0x15,
    0x57, 0x05, 0x7D, 0x22, 0xEE, 0x82, 0x9E, 0x84, 0xD1, 0xCC, 0x2E, 0x21, 0xB7, 0xDD, 0xFF, 0x4B,
    0x5E, 0x9C, 0xE5, 0x5D, 0x9B, 0xBC, 0x73, 0x93, 0x37, 0x22, 0x01, 0x3A, 0xAF, 0xC5, 0x63, 0x8B,
    0x6D, 0x7E, 0xE4, 0x6F, 0xF3, 0x54, 0x32, 0x9B, 0xBF, 0x8D, 0x98, 0x5A, 0x66, 0x58, 0x21, 0x24,
    0xD2, 0x03, 0x23, 0x71, 0x76, 0x98, 0x4A, 0x8A, 0x29, 0x6A, 0xDE, 0x3A, 0x1D, 0x67, 0xE5, 0x16,
    0x86, 0x2B, 0x84, 0x3B, 0xD4, 0x59, 0xEC, 0xB0, 0xCD, 0xE1, 0x03, 0x6D, 0x5D, 0x3D, 0x36, 0xCF,
    0xE6, 0xF1, 0x6F, 0xB5, 0xD4, 0x2F, 0x70, 0xE3, 0x46, 0x14, 0x06, 0xF0, 0x4F, 0xD6, 0x24, 0x99,
    0x5E, 0x80, 0x0A, 0xEA, 0x82, 0x12, 0xA1, 0x92, 0x2B, 0x30, 0x2D, 0xAA, 0xB6, 0x1C, 0x34, 0x20,
    0xBA, 0x80, 0x03, 0xE1, 0xC8, 0x1C, 0x49, 0x1C, 0x95, 0x84, 0xF3, 0x14, 0x84, 0x93, 0xAE, 0x38,
    0x12, 0x39, 0x5C, 0x81, 0x3B, 0x72, 0xA4, 0xDB, 0x19, 0xB9, 0xA3, 0xE4, 0xBC, 0xFA, 0xBA, 0xEF,
    0x3D, 0x8F, 0xDD, 0xF3, 0xC5, 0xD3, 0x90, 0xEE, 0x24, 0xFE, 0xBD, 0x8D, 0xDE, 0xBE, 0xEC, 0x3F,
    0x99, 0xDC, 0x02, 0x4D, 0x8F, 0x9C, 0x0C, 0x1A, 0xFB, 0x70, 0x88, 0x79, 0x88, 0x33, 0x8E, 0x1A,
    0xDF, 0xF0, 0x1A, 0x0B, 0x4E, 0xC8, 0x6E, 0xE3, 0x55, 0x46, 0x87, 0x5C, 0xF2, 0xCA, 0x11, 0x60,
    0x8B, 0x0B, 0x46, 0x60, 0x15, 0x00, 0xDF, 0xE1, 0x92, 0x33, 0x50, 0x0D, 0x5A, 0xBB, 0x20, 0x55,
    0x54, 0x01, 0xC5, 0x13, 0xE5, 0xB9, 0xE6, 0xAD, 0x36, 0x6C, 0x21, 0x3F, 0x87, 0x16, 0x48, 0xCF,
    0x99, 0x9F, 0xC8, 0x3F, 0x25, 0x5E, 0xF3, 0x91, 0x7F, 0x93, 0x7F, 0x48, 0x7C, 0xC8, 0xA9, 0x6F,
    0x58, 0xF3, 0x5D, 0xB3, 0xB9, 0x8D, 0xF5, 0x15, 0x32, 0xFE, 0x4C, 0x57, 0x8E, 0xE5, 0x84, 0xA3,
    0x3A, 0xFF, 0x8E, 0xFF, 0xE2, 0x2F, 0x64, 0x39, 0xF2, 0xA8, 0x4E, 0xDD, 0x30, 0xA6, 0x62, 0x7C,
    0x97, 0xEA, 0xA0, 0xE4, 0x84, 0x05, 0xE9, 0x00, 0xA0, 0xE0, 0x88, 0x8C, 0x84, 0xB4, 0x4B, 0x06,
    0x80, 0xB3, 0xC6, 0x17, 0x1C, 0x00, 0x1F, 0x35, 0xCE, 0xD9, 0x03, 0xCD, 0x56, 0xE3, 0x05, 0x3B,
    0xA0, 0x9A, 0xA0, 0x4D, 0xE3, 0x80, 0xDD, 0xE0, 0x47, 0x21, 0x23, 0xD9, 0x6B, 0x57, 0xF7, 0x15,
    0x55, 0x92, 0x49, 0xCF, 0xBB, 0x35, 0x9D, 0x6E, 0x6E, 0xC6, 0x0E, 0x39, 0xDB, 0xDD, 0xE6, 0x01,
    0x68, 0x3A, 0x14, 0x92, 0xEB, 0x93, 0x93, 0xD8, 0x16, 0x24, 0x19, 0x17, 0xAE, 0xA4, 0x95, 0x59,
    0x89, 0xD3, 0xAE, 0xDA, 0x08, 0x2C, 0x9B, 0x4D, 0x2D, 0x2B, 0xD1, 0xBC, 0x01, 0xD0, 0xBC, 0xDE,
    0xF2, 0x74, 0x52, 0x62, 0x9B, 0xF2, 0xD2, 0xC6, 0xD5, 0x3A, 0x3B, 0x59, 0xD5, 0x57, 0xB2, 0x2C,
    0x07, 0x94, 0x03, 0x16, 0xB4, 0x43, 0x82, 0x54, 0xA5, 0x1C, 0x1E, 0xEF, 0xDE, 0xB2, 0xDB, 0x55,
    0xD2, 0xF5, 0x93, 0xBA, 0x7A, 0x4F, 0x0E, 0xE2, 0x39, 0xE7, 0xDD, 0xFF, 0xFB, 0xD5, 0x98, 0x0D,
    0x76, 0xD4, 0x16, 0x18, 0x7D, 0x62, 0xE2, 0xB6, 0x49, 0x6C, 0x49, 0x0A, 0x28, 0x03, 0x90, 0x47,
    0xED, 0x7C, 0x8A, 0xF6, 0x4C, 0x7B, 0xCA, 0x21, 0x65, 0x9D, 0xD0, 0xB5, 0x19, 0x83, 0xE1, 0x94,
    0x09, 0x28, 0x37, 0xF5, 0x35, 0xA0, 0x99, 0x2F, 0xE2, 0x6C, 0xBD, 0xB9, 0x82, 0x4E, 0x37, 0x9C,
    0x02, 0xE7, 0xBA, 0x43, 0x0D, 0xED, 0x32, 0x90, 0xBA, 0x64, 0x76, 0x85, 0x6C, 0x44, 0x2F, 0xE7,
    0xD0, 0x0C, 0x45, 0x90, 0xDB, 0x5B, 0x8C, 0x52, 0xF6, 0xD5, 0x95, 0xC4, 0x80, 0x6C, 0x9B, 0x4D,
    0xFC, 0xCB, 0x4F, 0xA9, 0xF3, 0x1E, 0xA7, 0x9E, 0x36, 0x3D, 0xF4, 0xB0, 0xE5, 0x00, 0xF4, 0x33,
    0xC8, 0x5B, 0x53, 0x84, 0x6A, 0x94, 0xCA, 0x2B, 0xDE, 0xBD, 0x61, 0x28, 0xF4, 0x20, 0x73, 0x3B,
    0x3E, 0xAF, 0x47, 0xF0, 0x4A, 0x76, 0x9C, 0x56, 0xE2, 0x59, 0xD2, 0x84, 0x63, 0x7D, 0xBB, 0xA5,
    0xBB, 0xD8, 0xA2, 0x38, 0x02, 0x48, 0x00, 0xFF, 0x3F, 0x3A, 0x71, 0x0A, 0x0F, 0x46, 0x61, 0x30,
    0x71, 0x76, 0x43, 0xCE, 0x35, 0x90, 0xEB, 0x7A, 0x7E, 0x04, 0x16, 0xE4, 0x2C, 0x66, 0xBF, 0x25,
    0x7F, 0xBA, 0x4F, 0x2D, 0x59, 0x69, 0xF2, 0x93, 0x7E, 0x7F, 0x9C, 0x33, 0xE0, 0x35, 0x9F, 0x0E,
    0x7F, 0x17, 0x9F, 0x84, 0xDF, 0xF7, 0x7D, 0xC9, 0x43, 0x31, 0x9A, 0xAB, 0x9D, 0x3E, 0x24, 0x3F,
    0xDE, 0x3F, 0x70, 0x48, 0xEA, 0x79, 0x9A, 0x33, 0xCC, 0xF7, 0xE2, 0xC7, 0x87, 0x19, 0x62, 0x9F,
    0xD3, 0x5C, 0xD0, 0xA9, 0x60, 0x67, 0xFA, 0xDE, 0xAC, 0xC2, 0xD7, 0xEA, 0x6A, 0x6C, 0xDC, 0xD2,
    0x7F, 0x70, 0x65, 0x64, 0x5B, 0xE9, 0x25, 0xA1, 0x13, 0x73, 0x12, 0x62, 0xC6, 0x88, 0xD7, 0xF7,
    0xF7, 0x2D, 0xAA, 0x01, 0xDA, 0xFE, 0xE3, 0xF2, 0xE9, 0xFD, 0x3C, 0x7D, 0x85, 0xCF, 0x7C, 0x97,
    0xD0, 0xD9, 0x7F, 0x47, 0xA5, 0xDA, 0xF3, 0xE8, 0x90, 0x08, 0x80, 0xC3, 0xF7, 0x65, 0xF8, 0x96,
    0xFB, 0xCC, 0x1F, 0x0E, 0x99, 0x73, 0x2B, 0x7C, 0xC0, 0x2E, 0x13, 0xF8, 0x66, 0x5F, 0x5A, 0xB7,
    0xEC, 0x33, 0xD2, 0x5C, 0xEA, 0xFA, 0x76, 0xB4, 0xB3, 0x3A, 0xC9, 0x97, 0xAF, 0xBD, 0x11, 0x64,
    0xF8, 0x1B, 0x4E, 0x5A, 0xAC, 0xDC, 0x2A, 0x97, 0x51, 0xC9, 0x9F, 0xE3, 0xC2, 0x28, 0x34, 0x33,
    0xF3, 0x69, 0x9C, 0x56, 0x31, 0x7A, 0xC3, 0x29, 0xE3, 0xD1, 0x6B, 0xDF, 0x90, 0x51, 0x98, 0x8D,
    0xE8, 0x15, 0x52, 0x58, 0xAE, 0x37, 0xD7, 0x2F, 0x7C, 0xED, 0x51, 0x43, 0x1B, 0x8F, 0xD1, 0x62,
    0x7C, 0x34, 0xD8, 0x1B, 0x93, 0x11, 0xB1, 0xE4, 0x5D, 0xBD, 0x26, 0x40, 0x87, 0x85, 0xA2, 0xBF,
    0xA7, 0xC8, 0x2D, 0xA5, 0x14, 0x74, 0xB8, 0x32, 0x19, 0xB3, 0xC1, 0x16, 0xA9, 0xE6, 0x5B, 0x76,
    0x3A, 0xCE, 0x0F, 0x4A, 0x15, 0x94, 0x95, 0x51, 0x7E, 0xD6, 0xAB, 0x0C, 0x0E, 0x4B, 0x1B, 0xA7,
    0x33, 0xA3, 0x53, 0x66, 0x28, 0xA3, 0x32, 0xBB, 0xDD, 0x8A, 0x9E, 0xE7, 0x1F, 0x9D, 0xD4, 0x31,
    0xA8, 0xEC, 0x44, 0x14, 0xC6, 0xF1, 0x5F, 0xB2, 0x62, 0xF0, 0x46, 0x88, 0x8D, 0x60, 0x97, 0x56,
    0x78, 0x62, 0xEC, 0x11, 0x92, 0xBE, 0x7E, 0xB1, 0xBD, 0xAF, 0xB6, 0xB2, 0xB4, 0x10, 0x92, 0xBE,
    0xB2, 0x6F, 0x6C, 0x65, 0x1B, 0xED, 0x9B, 0x4D, 0x5F, 0xDD, 0xDE, 0x26, 0x7D, 0x95, 0x62, 0x85,
    0x55, 0x36, 0x3B, 0xDE, 0x39, 0xB0, 0xA8, 0x88, 0xF0, 0xEE, 0x0D, 0xD9, 0x3F, 0xC3, 0x0C, 0x73,
    0xBE, 0x6F, 0xBF, 0x39, 0x13, 0xE0, 0x7B, 0x94, 0x17, 0x34, 0xE9, 0xF9, 0x99, 0x32, 0xBA, 0x8C,
    0x6A, 0x1F, 0xC7, 0xD1, 0x05, 0x3E, 0x07, 0xBC, 0xE3, 0xEC, 0x70, 0x55, 0x27, 0x6D, 0x9A, 0xFB,
    0xF4, 0xF4, 0xE6, 0xF6, 0x63, 0x79, 0xF5, 0xBA, 0x17, 0xF8, 0x00, 0x34, 0x43, 0x70, 0xD5, 0xA7,
    0x94, 0xAE, 0xC1, 0x14, 0xDC, 0x7D, 0x3A, 0x8E, 0x8F, 0x1B, 0x34, 0x33, 0x7C, 0x44, 0xF9, 0xF3,
    0xEB, 0x14, 0xB3, 0xF3, 0x29, 0xAD, 0x7D, 0x5A, 0x9A, 0x34, 0x54, 0xBB, 0xE2, 0xC2, 0xAF, 0x77,
    0x13, 0x03, 0x5F, 0x2B, 0x56, 0xC5, 0x35, 0xBF, 0x75, 0x36, 0x30, 0x84, 0x8D, 0xB5, 0xCD, 0x5C,
    0xCA, 0xDB, 0xF8, 0xCD, 0x8D, 0x1F, 0x14, 0x67, 0x3E, 0x56, 0xCC, 0x7C, 0xC2, 0xA6, 0x7C, 0x41,
    0x1A, 0xAF, 0xF0, 0xE9, 0x10, 0x3E, 0xBD, 0x83, 0xC3, 0x80, 0xFA, 0x0F, 0x3C, 0x8B, 0xD1, 0x65,
    0xB4, 0x69, 0xA1, 0x09, 0xA4, 0x35, 0xE3, 0xCC, 0xC3, 0xE3, 0x8E, 0x43, 0x42, 0x91, 0x57, 0x4C,
    0x1B, 0xBA, 0x2B, 0xEA, 0x5B, 0xAC, 0xCC, 0xC8, 0xBB, 0xF5, 0x67, 0x34, 0x1B, 0xAA, 0x19, 0x05,
    0x3C, 0xC4, 0xBE, 0x21, 0x0B, 0xAC, 0xFF, 0x51, 0xE9, 0x33, 0x4E, 0x69, 0x56, 0xA6, 0xDF, 0x06,
    0x55, 0x42, 0x7B, 0x45, 0xBF, 0x45, 0x49, 0x0E, 0x69, 0xA0, 0xB9, 0xA1, 0xBB, 0xE0, 0xB4, 0xA1,
    0x5F, 0xD0, 0x00, 0x28, 0xA0, 0x81, 0xE9, 0x3D, 0xDC, 0x45, 0xF9, 0x10, 0x2A, 0xB2, 0x64, 0x88,
    0xEB, 0xEE, 0x86, 0xC2, 0xDA, 0x3D, 0x8F, 0x95, 0xE2, 0x04, 0x1F, 0x42, 0x01, 0xD5, 0x82, 0x76,
    0x8B, 0x62, 0xFF, 0xEB, 0x30, 0x62, 0x0A, 0x8D, 0xFA, 0xA7, 0x3D, 0x42, 0xCC, 0xB8, 0xFF, 0xEF,
    0xD0, 0x8A, 0xE2, 0x21, 0x53, 0x5D, 0x50, 0x0E, 0x32, 0x41, 0x03, 0xA6, 0x71, 0x1C, 0x87, 0x22,
    0x7A, 0xA5, 0x0A, 0xB6, 0xC1, 0x29, 0x0D, 0xE8, 0x62, 0x5C, 0x07, 0xCB, 0xA0, 0xE9, 0x78, 0x3C,
    0xCE, 0x5A, 0x50, 0xF9, 0xF7, 0x73, 0x40, 0xB3, 0x44, 0xA8, 0xD2, 0xC5, 0x21, 0xDD, 0x34, 0x29,
    0xB7, 0x58, 0x5A, 0xDF, 0xA4, 0xF4, 0xDC, 0x64, 0xBB, 0x97, 0xFC, 0x8A, 0xB7, 0x6F, 0xE1, 0x33,
    0xF0, 0xA5, 0x7C, 0xA5, 0xA6, 0xD9, 0x94, 0x9B, 0x3B, 0x78, 0x0D, 0x26, 0xE2, 0x78, 0x63, 0xFC,
    0x8F, 0xF9, 0xCD, 0xB7, 0xC7, 0xE3, 0x69, 0x81, 0x0E, 0x7C, 0x01, 0xF0, 0x52, 0x1F, 0xE5, 0xBE,
    0xEB, 0xE3, 0x46, 0x45, 0x46, 0x8A, 0xB4, 0x73, 0x3A, 0xD3, 0x3D, 0x51, 0x0F, 0x14, 0xF8, 0x8A,
    0x07, 0x6C, 0x31, 0x53, 0xFE, 0x3E, 0x8E, 0x8F, 0x8B, 0x08, 0x74, 0xD3, 0xA6, 0xBF, 0xBF, 0x0E,
    0x37, 0x71, 0x48, 0x69, 0x08, 0xBB, 0xE9, 0xBE, 0x16, 0x11, 0x6F, 0x0E, 0x7F, 0x1E, 0x8F, 0xBF,
    0x3C, 0x89, 0x2A, 0x33, 0xDF, 0x51, 0x03, 0xF8, 0x0B, 0x9D, 0x94, 0x37, 0x10, 0xAF, 0x4C, 0x15,
    0xC5, 0x7F, 0x80, 0x23, 0x33, 0xFE, 0x0B, 0x1A, 0x73, 0xC2, 0xD6, 0x48, 0x5F, 0xE8, 0x62, 0xEE,
    0xCC, 0x56, 0x5F, 0x5F, 0x18, 0xFB, 0x19, 0x03, 0x18, 0x4B, 0xB3, 0xFD, 0xAB, 0xFF, 0x7D, 0x67,
    0x00, 0x73, 0x56, 0xCC, 0x59, 0x31, 0x34, 0xE6, 0x75, 0x86, 0x02, 0xFD, 0x80, 0xF3, 0xBD, 0x33,
    0xFC, 0x1F, 0x2F, 0xC7, 0x33, 0x7B, 0xCF, 0xDD, 0x70, 0xF7, 0x9E, 0xE5, 0xEE, 0x0E, 0xD2, 0x02,
    0xD2, 0x72, 0x37, 0x9F, 0xAA, 0x86, 0x7C, 0x03, 0xF5, 0x70, 0x5A, 0xA0, 0xEB, 0xA1, 0x98, 0x21,
    0x8C, 0x50, 0x4D, 0x10, 0x24, 0x29, 0x42, 0x69, 0x3F, 0x40, 0x61, 0xEF, 0x58, 0xFB, 0x16, 0x32,
    0x91, 0x0A, 0x4C, 0x99, 0x7D, 0xA2, 0xF6, 0xB4, 0x82, 0x13, 0x16, 0x8B, 0x7D, 0x33, 0x94, 0xB3,
    0x7D, 0x88, 0x21, 0x82, 0x93, 0x3A, 0xB5, 0x45, 0xBA, 0x01, 0xFB, 0x45, 0xBD, 0x7D, 0x2E, 0xD5,
    0xE0, 0x84, 0xC2, 0x48, 0xB5, 0x61, 0x74, 0x5A, 0x6E, 0xF1, 0xD3, 0xC5, 0x47, 0x40, 0xC6, 0x76,
    0x07, 0x76, 0x02, 0x6E, 0xE4, 0xB3, 0x19, 0x6E, 0x65, 0xFC, 0x21, 0x77, 0x62, 0xAF, 0xDE, 0x9D,
    0xF7, 0x6C, 0xBA, 0x95, 0xEF, 0x7A, 0x1E, 0xE0, 0x49, 0x90, 0xBC, 0xED, 0xA5, 0x50, 0xA9, 0x6B,
    0x13, 0x17, 0x2F, 0xF7, 0x7C, 0xA1, 0x4E, 0x54, 0x73, 0x50, 0x1D, 0x46, 0xA9, 0x6F, 0xBE, 0xA6,
    0xA6, 0x6F, 0xBE, 0xB7, 0x86, 0xBE, 0xF9, 0xCF, 0x14, 0xFA, 0xA0, 0xA1, 0xB9, 0x4A, 0xAD, 0xDA,
    0x52, 0x8F, 0x89, 0xD2, 0x3B, 0x82, 0x34, 0x53, 0x49, 0x23, 0xA7, 0xD3, 0xC6, 0xCD, 0x78, 0x09,
    0xC6, 0xCB, 0x31, 0x1A, 0x0C, 0xD5, 0x40, 0xA2, 0x1E, 0x57, 0x76, 0xC0, 0x75, 0x8E, 0x40, 0xE1,
    0x2A, 0x52, 0x6A, 0x01, 0xC2, 0x5F, 0x56, 0x87, 0xFF, 0x54, 0x80, 0xBE, 0xA2, 0x9A, 0x44, 0xB5,
    0x7A, 0x32, 0xD1, 0x0C, 0xE4, 0x92, 0x22, 0xBE, 0xF5, 0xC9, 0xF2, 0x5A, 0xAC, 0xAF, 0x95, 0x46,
    0x92, 0x30, 0x6F, 0x97, 0x99, 0x7D, 0x75, 0x8F, 0xDC, 0x77, 0xED, 0x19, 0xF6, 0x6C, 0xA8, 0x55,
    0x0D, 0xDD, 0x57, 0x85, 0x15, 0x37, 0xA0, 0x7A, 0xDC, 0xEA, 0x85, 0x66, 0xE0, 0xA4, 0x08, 0x64,
    0x1A, 0x81, 0xD4, 0xE1, 0xDE, 0x60, 0xEE, 0x30, 0x5E, 0x71, 0x7C, 0x9D, 0xEB, 0x78, 0xC0, 0x3A,
    0x7F, 0x05, 0x4B, 0x3B, 0xBA, 0xB1, 0x2A, 0xC8, 0x07, 0xF1, 0xD7, 0x26, 0xCD, 0x4A, 0xA1, 0xDA,
    0xEF, 0x3B, 0xAC, 0xFB, 0xF5, 0x4C, 0xBB, 0x1B, 0x20, 0xDB, 0xAC, 0x40, 0xBA, 0xDA, 0x39, 0xAB,
    0x1D, 0xFB, 0xEE, 0xF1, 0x6E, 0xCE, 0x21, 0x1C, 0xAE, 0xDF, 0x5D, 0x04, 0x5E, 0x40, 0xB3, 0x00,
    0x4D, 0x5D, 0x09, 0xAF, 0x9C, 0x1C, 0xA3, 0x36, 0xD5, 0x68, 0x3D, 0x64, 0x70, 0x29, 0x14, 0xAE,
    0xD1, 0x02, 0x99, 0xA4, 0x19, 0x38, 0x64, 0xEB, 0x5B, 0x88, 0x1D, 0xDE, 0x76, 0x34, 0x80, 0xAE,
    0xDE, 0xDB, 0xD3, 0xF4, 0xF9, 0x63, 0xFE, 0x45, 0xFA, 0xFB, 0x31, 0xCF, 0x3B, 0x6B, 0x8C, 0x22,
    0x62, 0x3B, 0x7D, 0xF2, 0xBF, 0x63, 0x21, 0x4D, 0x41, 0x5A, 0x4A, 0x69, 0x4A, 0xF7, 0xB7, 0x37,
    0x54, 0xD2, 0x6C, 0x2B, 0xFE, 0xF3, 0x78, 0xCC, 0xDF, 0x18, 0xC7, 0x6B, 0xF1, 0xBC, 0x8D, 0x5C,
    0x75, 0xA5, 0x31, 0x28, 0x76, 0xAF, 0x9F, 0xBB, 0xCC, 0xAD, 0xF9, 0xE3, 0x14, 0x14, 0x0B, 0xF5,
    0xE9, 0x06, 0xEF, 0xAD, 0xC9, 0xFC, 0x2A, 0xB4, 0x50, 0xED, 0xF7, 0x7F, 0x98, 0xC7, 0xA5, 0x56,
    0x72, 0x4D, 0x24, 0x1A, 0x5C, 0x58, 0x43, 0x8A, 0x90, 0x99, 0xC9, 0xCD, 0x14, 0xDB, 0xF9, 0x0A,
    0x94, 0x11, 0xA0, 0x1A, 0xCC, 0xA1, 0x37, 0x37, 0xED, 0xF1, 0x6A, 0x11, 0x90, 0xA4, 0x2B, 0x50,
    0xBC, 0x7A, 0x71, 0xC4, 0x2F, 0x67, 0x47, 0x6B, 0x3A, 0x1E, 0x8C, 0xEB, 0x0B, 0x74, 0xFD, 0x91,
    0xE0, 0xA2, 0xF7, 0xEC, 0x4F, 0x3D, 0xE5, 0x0A, 0x89, 0x96, 0x6E, 0xB3, 0x9E, 0xD4, 0x16, 0xE6,
    0xA1, 0x32, 0xC7, 0x10, 0x9B, 0xB9, 0x8A, 0x61, 0x0C, 0xB1, 0x9C, 0xAE, 0xF2, 0x54, 0xC6, 0xB0,
    0x69, 0xEB, 0x62, 0xE9, 0xD5, 0xF1, 0x64, 0xEE, 0x53, 0x6D, 0x12, 0x34, 0x63, 0x35, 0x71, 0x33,
    0x4E, 0x35, 0x50, 0x5A, 0xB7, 0x89, 0x97, 0x57, 0x90, 0xA9, 0x86, 0xD3, 0xE6, 0xF9, 0xE5, 0x21,
    0xE7, 0xAD, 0x15, 0x4C, 0xC5, 0x41, 0x18, 0x0A, 0xFD, 0x23, 0x37, 0x8C, 0x8F, 0x03, 0x89, 0xB0,
    0x58, 0x0B, 0xB9, 0xD3, 0x16, 0x1A, 0xAD, 0x18, 0x2F, 0x35, 0x0C, 0x5A, 0xA0, 0xFB, 0xED, 0x0A,
    0xFA, 0x9A, 0x48, 0xF4, 0x2A, 0x91, 0x29, 0x51, 0x9B, 0x6F, 0xFB, 0xCF, 0xBB, 0x19, 0xCB, 0x99,
    0x10, 0xAB, 0x48, 0x39, 0x85, 0x48, 0xB1, 0x74, 0x03, 0xA7, 0xB5, 0xEB, 0xC9, 0xD6, 0xBC, 0x26,
    0x1D, 0x30, 0xD2, 0x9A, 0xA4, 0xAE, 0x5A, 0xB2, 0xB9, 0xEB, 0xC9, 0xD7, 0x66, 0xA4, 0x58, 0x42,
    0xA4, 0x9C, 0xBD, 0x37, 0x16, 0x0B, 0x61, 0x3C, 0xAD, 0x74, 0x43, 0x26, 0x5C, 0xD4, 0x57, 0xA9,
    0x46, 0x1F, 0x11, 0xE8, 0x5B, 0x1B, 0x34, 0xFF, 0x59, 0x20, 0x68, 0xDE, 0x4F, 0xB5, 0x9F, 0xEF,
    0xA4, 0x01, 0x32, 0xF5, 0x90, 0xAA, 0x06, 0xFE, 0xC1, 0x05, 0x89, 0x6B, 0xE6, 0xA8, 0x79, 0xB7,
    0x3C, 0x72, 0x37, 0x24, 0x40, 0xD9, 0xA7, 0x4B, 0x18, 0xB3, 0xD5, 0x56, 0x0D, 0xD9, 0xF2, 0x64,
    0x78, 0x93, 0xCD, 0xFD, 0x6B, 0xF3, 0x8E, 0x49, 0xB8, 0x07, 0xF2, 0x43, 0x6F, 0xD7, 0x4E, 0x6A,
    0x8C, 0xF6, 0xB9, 0xA7, 0xFF, 0x2D, 0x41, 0x6E, 0xF9, 0xF4, 0xC5, 0x64, 0x78, 0x49, 0xB9, 0x1D,
    0xC3, 0xF7, 0xE3, 0x27, 0xD8, 0x42, 0x3A, 0x43, 0xB6, 0xF0, 0xF6, 0xC7, 0x56, 0x24, 0xD5, 0xD7,
    0xEC, 0xAC, 0x33, 0xF6, 0x37, 0x5A, 0x11, 0xF7, 0x17, 0x95, 0xF7, 0x1C, 0x90, 0xB4, 0xDC, 0x68,
    0x6F, 0x7F, 0xFB, 0xDB, 0xDF, 0x76, 0xAF, 0xB1, 0x8D, 0x0B, 0xDE, 0x04, 0xE4, 0x13, 0x10, 0x66,
    0x97, 0x71, 0x82, 0x4A, 0x3D, 0xA9, 0x56, 0x77, 0x86, 0xBD, 0x53, 0xBA, 0xCE, 0x61, 0x05, 0x9A,
    0x05, 0xCF, 0xB7, 0x0E, 0x9D, 0x3D, 0x76, 0x37, 0xBF, 0xB1, 0x1B, 0xDD, 0x9D, 0x5F, 0x74, 0x3E,
    0x77, 0x73, 0x90, 0xF4, 0x26, 0x13, 0x26, 0x7F, 0x2A, 0x84, 0xDA, 0xEB, 0x93, 0x7B, 0xF2, 0x25,
    0xC9, 0xDD, 0x6E, 0xEF, 0x46, 0x77, 0x37, 0xDC, 0x1D, 0x01, 0xCD, 0x1E, 0xCF, 0x97, 0x15, 0xC7,
    0xE4, 0x8E, 0xB6, 0x8E, 0x15, 0xF7, 0x63, 0x04, 0x07, 0x85, 0xFF, 0x9F, 0xCF, 0x57, 0x9E, 0x23,
    0x29, 0x66, 0x07, 0xF1, 0xB4, 0x1A, 0x42, 0xFF, 0xC8, 0xE6, 0x1C, 0x37, 0x1A, 0x40, 0xD5, 0x76,
    0xA3, 0xA2, 0x62, 0x37, 0x56, 0xED, 0x13,
};

static const EpdGlyph edslab_18_boldGlyphs[] = {
    { 0, 0, 207, 0, 0, 0, 0 }, // U+0020
    { 6, 29, 155, 1, 28, 44, 0 }, // !
    { 10, 10, 226, 1, 28, 25, 44 }, // "
    { 28, 29, 502, 1, 28, 203, 69 }, // #
    { 22, 37, 402, 1, 32, 204, 272 }, // $
    { 33, 29, 586, 1, 28, 240, 476 }, // %
    { 24, 29, 461, 2, 28, 174, 716 }, // &
    { 5, 10, 140, 1, 28, 13, 890 }, // '
    { 14, 45, 281, 1, 36, 158, 903 }, // (
    { 14, 45, 281, 1, 36, 158, 1061 }, // )
    { 16, 15, 281, 0, 33, 60, 1219 }, // *
    { 12, 13, 257, 1, 16, 39, 1279 }, // +
    { 6, 10, 155, 1, 5, 15, 1318 }, // ,
    { 12, 5, 257, 1, 13, 15, 1333 }, // -
    { 6, 6, 155, 1, 5, 9, 1348 }, // .
    { 14, 38, 260, 1, 29, 133, 1357 }, // /
    { 22, 29, 388, 1, 28, 160, 1490 }, // 0
    { 12, 29, 242, 1, 28, 87, 1650 }, // 1
    { 20, 29, 362, 1, 28, 145, 1737 }, // 2
    { 21, 29, 376, 0, 28, 153, 1882 }, // 3
    { 21, 29, 373, 0, 28, 153, 2035 }, // 4
    { 21, 29, 371, 1, 28, 153, 2188 }, // 5
    { 21, 29, 377, 0, 28, 153, 2341 }, // 6
    { 19, 29, 359, 1, 28, 138, 2494 }, // 7
    { 20, 29, 380, 1, 28, 145, 2632 }, // 8
    { 21, 29, 358, 1, 28, 153, 2777 }, // 9
    { 6, 19, 155, 1, 18, 29, 2930 }, // :
    { 6, 23, 155, 1, 18, 35, 2959 }, // ;
    { 18, 20, 354, 1, 20, 90, 2994 }, // <
    { 12, 9, 257, 1, 14, 27, 3084 }, // =
    { 18, 20, 354, 1, 20, 90, 3111 }, // >
    { 19, 29, 356, 1, 28, 138, 3201 }, // ?
    { 34, 35, 603, 1, 31, 298, 3339 }, // @
    { 31, 29, 559, 1, 28, 225, 3637 }, // A
    { 26, 29, 455, 1, 28, 189, 3862 }, // B
    { 26, 29, 447, 1, 28, 189, 4051 }, // C
    { 29, 29, 503, 1, 28, 211, 4240 }, // D
    { 24, 29, 437, 1, 28, 174, 4451 }, // E
    { 24, 29, 438, 1, 28, 174, 4625 }, // F
    { 25, 29, 449, 1, 28, 182, 4799 }, // G
    { 30, 29, 545, 1, 28, 218, 4981 }, // H
    { 12, 29, 249, 1, 28, 87, 5199 }, // I
    { 20, 29, 359, 1, 28, 145, 5286 }, // J
    { 27, 29, 472, 1, 28, 196, 5431 }, // K
    { 25, 29, 443, 1, 28, 182, 5627 }, // L
    { 35, 29, 617, 1, 28, 254, 5809 }, // M
    { 30, 29, 545, 1, 28, 218, 6063 }, // N
    { 28, 29, 512, 1, 28, 203, 6281 }, // O
    { 26, 29, 455, 1, 28, 189, 6484 }, // P
    { 32, 35, 551, 1, 28, 280, 6673 }, // Q
    { 28, 29, 484, 1, 28, 203, 6953 }, // R
    { 21, 29, 388, 1, 28, 153, 7156 }, // S
    { 26, 29, 475, 1, 28, 189, 7309 }, // T
    { 31, 29, 561, 1, 28, 225, 7498 }, // U
    { 31, 29, 559, 1, 28, 225, 7723 }, // V
    { 45, 29, 784, 1, 28, 327, 7948 }, // W
    { 28, 29, 514, 1, 28, 203, 8275 }, // X
    { 27, 29, 491, 1, 28, 196, 8478 }, // Y
    { 24, 29, 431, 1, 28, 174, 8674 }, // Z
    { 11, 38, 210, 1, 29, 105, 8848 }, // [
    { 14, 38, 260, 1, 29, 133, 8953 }, // <backslash>
    { 11, 38, 228, 0, 29, 105, 9086 }, // ]
    { 18, 15, 354, 1, 29, 68, 9191 }, // ^
    { 16, 5, 322, 1, 1, 20, 9259 }, // _
    { 9, 10, 174, 0, 33, 23, 9279 }, // `
    { 19, 19, 337, 1, 18, 91, 9302 }, // a
    { 21, 32, 370, 0, 31, 168, 9393 }, // b
    { 18, 19, 313, 1, 18, 86, 9561 }, // c
    { 21, 33, 367, 1, 31, 174, 9647 }, // d
    { 17, 19, 299, 1, 18, 81, 9821 }, // e
    { 15, 33, 236, 0, 28, 124, 9902 }, // f
    { 21, 30, 356, 0, 18, 158, 10026 }, // g
    { 22, 33, 384, 1, 31, 182, 10184 }, // h
    { 11, 27, 189, 0, 25, 75, 10366 }, // i
    { 11, 35, 167, -2, 25, 97, 10441 }, // j
    { 22, 32, 383, 1, 31, 176, 10538 }, // k
    { 11, 32, 206, 1, 31, 88, 10714 }, // l
    { 32, 20, 541, 1, 18, 160, 10802 }, // m
    { 22, 20, 390, 1, 18, 110, 10962 }, // n
    { 19, 19, 333, 1, 18, 91, 11072 }, // o
    { 20, 28, 352, 0, 18, 140, 11163 }, // p
    { 20, 28, 322, 1, 18, 140, 11303 }, // q
    { 17, 19, 311, 1, 18, 81, 11443 }, // r
    { 16, 19, 265, 0, 18, 76, 11524 }, // s
    { 16, 26, 277, 0, 25, 104, 11600 }, // t
    { 22, 19, 369, 0, 18, 105, 11704 }, // u
    { 23, 19, 405, 0, 18, 110, 11809 }, // v
    { 34, 19, 572, 0, 18, 162, 11919 }, // w
    { 21, 19, 397, 1, 18, 100, 12081 }, // x
    { 23, 28, 404, 0, 18, 161, 12181 }, // y
    { 17, 19, 315, 1, 18, 81, 12342 }, // z
    { 12, 38, 196, -1, 29, 114, 12423 }, // {
    { 5, 41, 133, 1, 34, 52, 12537 }, // |
    { 12, 38, 196, 0, 29, 114, 12589 }, // }
    { 15, 6, 318, 2, 14, 23, 12703 }, // ~
    { 0, 0, 207, 0, 0, 0, 0 }, // U+00A0
    { 6, 29, 155, 1, 28, 44, 0 }, // U+00A1
    { 18, 24, 313, 1, 21, 108, 44 }, // U+00A2
    { 17, 33, 336, 1, 28, 141, 152 }, // U+00A3
    { 18, 19, 324, 0, 21, 86, 293 }, // U+00A4
    { 27, 29, 491, 1, 28, 196, 379 }, // U+00A5
    { 5, 29, 133, 1, 28, 37, 575 }, // U+00A6
    { 14, 25, 284, 1, 25, 88, 612 }, // U+00A7
    { 9, 5, 264, 3, 28, 12, 700 }, // U+00A8
    { 29, 30, 539, 2, 27, 218, 712 }, // U+00A9
    { 15, 13, 247, -1, 23, 49, 930 }, // U+00AA
    { 14, 16, 270, 1, 20, 56, 979 }, // U+00AB
    { 17, 10, 348, 2, 16, 43, 1035 }, // U+00AC
    { 12, 5, 257, 1, 13, 15, 1078 }, // U+00AD
    { 30, 31, 539, 2, 28, 233, 1093 }, // U+00AE
    { 9, 5, 264, 3, 28, 12, 1326 }, // U+00AF
    { 8, 8, 276, 3, 29, 16, 1338 }, // U+00B0
    { 11, 19, 324, 4, 19, 53, 1354 }, // U+00B1
    { 13, 17, 257, 0, 28, 56, 1407 }, // U+00B2
    { 15, 17, 266, -1, 28, 64, 1463 }, // U+00B3
    { 7, 5, 264, 4, 28, 9, 1527 }, // U+00B4
    { 22, 28, 369, 0, 18, 154, 1536 }, // U+00B5
    { 19, 31, 360, -1, 28, 148, 1690 }, // U+00B6
    { 6, 6, 155, 1, 14, 9, 1838 }, // U+00B7
    { 7, 5, 264, 4, -1, 9, 1847 }, // U+00B8
    { 8, 17, 183, 1, 28, 34, 1856 }, // U+00B9
    { 15, 12, 245, 0, 22, 45, 1890 }, // U+00BA
    { 13, 16, 270, 1, 20, 52, 1935 }, // U+00BB
    { 25, 32, 360, -1, 30, 200, 1987 }, // U+00BC
    { 25, 32, 360, -1, 30, 200, 2187 }, // U+00BD
    { 26, 32, 360, -2, 30, 208, 2387 }, // U+00BE
    { 19, 29, 356, 1, 28, 138, 2595 }, // U+00BF
    { 31, 33, 559, 1, 32, 256, 2733 }, // U+00C0
    { 31, 33, 559, 1, 32, 256, 2989 }, // U+00C1
    { 31, 33, 559, 1, 32, 256, 3245 }, // U+00C2
    { 31, 33, 559, 1, 32, 256, 3501 }, // U+00C3
    { 31, 32, 559, 1, 31, 248, 3757 }, // U+00C4
    { 31, 35, 559, 1, 34, 272, 4005 }, // U+00C5
    { 47, 29, 797, 1, 28, 341, 4277 }, // U+00C6
    { 26, 33, 447, 1, 28, 215, 4618 }, // U+00C7
    { 24, 33, 437, 1, 32, 198, 4833 }, // U+00C8
    { 24, 33, 437, 1, 32, 198, 5031 }, // U+00C9
    { 24, 33, 437, 1, 32, 198, 5229 }, // U+00CA
    { 24, 32, 437, 1, 31, 192, 5427 }, // U+00CB
    { 12, 33, 249, 1, 32, 99, 5619 }, // U+00CC
    { 12, 33, 249, 1, 32, 99, 5718 }, // U+00CD
    { 12, 33, 249, 1, 32, 99, 5817 }, // U+00CE
    { 12, 32, 249, 1, 31, 96, 5916 }, // U+00CF
    { 30, 29, 503, 0, 28, 218, 6012 }, // U+00D0
    { 30, 33, 545, 1, 32, 248, 6230 }, // U+00D1
    { 28, 33, 512, 1, 32, 231, 6478 }, // U+00D2
    { 28, 33, 512, 1, 32, 231, 6709 }, // U+00D3
    { 28, 33, 512, 1, 32, 231, 6940 }, // U+00D4
    { 28, 33, 512, 1, 32, 231, 7171 }, // U+00D5
    { 28, 32, 512, 1, 31, 224, 7402 }, // U+00D6
    { 13, 14, 324, 3, 18, 46, 7626 }, // U+00D7
    { 28, 34, 512, 1, 31, 238, 7672 }, // U+00D8
    { 31, 33, 561, 1, 32, 256, 7910 }, // U+00D9
    { 31, 33, 561, 1, 32, 256, 8166 }, // U+00DA
    { 31, 33, 561, 1, 32, 256, 8422 }, // U+00DB
    { 31, 32, 561, 1, 31, 248, 8678 }, // U+00DC
    { 27, 32, 491, 1, 31, 216, 8926 }, // U+00DD
    { 18, 29, 503, 1, 28, 131, 9142 }, // U+00DE
    { 16, 27, 348, 1, 26, 108, 9273 }, // U+00DF
    { 19, 23, 337, 1, 22, 110, 9381 }, // U+00E0
    { 19, 23, 337, 1, 22, 110, 9491 }, // U+00E1
    { 19, 23, 337, 1, 22, 110, 9601 }, // U+00E2
    { 19, 24, 337, 1, 23, 114, 9711 }, // U+00E3
    { 19, 23, 337, 1, 22, 110, 9825 }, // U+00E4
    { 19, 26, 337, 1, 25, 124, 9935 }, // U+00E5
    { 32, 19, 546, 1, 18, 152, 10059 }, // U+00E6
    { 18, 23, 313, 1, 18, 104, 10211 }, // U+00E7
    { 17, 23, 299, 1, 22, 98, 10315 }, // U+00E8
    { 17, 23, 299, 1, 22, 98, 10413 }, // U+00E9
    { 17, 23, 299, 1, 22, 98, 10511 }, // U+00EA
    { 17, 22, 299, 1, 21, 94, 10609 }, // U+00EB
    { 11, 23, 189, 0, 22, 64, 10703 }, // U+00EC
    { 11, 24, 189, 0, 23, 66, 10767 }, // U+00ED
    { 11, 24, 189, 0, 23, 66, 10833 }, // U+00EE
    { 11, 23, 189, 0, 22, 64, 10899 }, // U+00EF
    { 22, 33, 367, 1, 31, 182, 10963 }, // U+00F0
    { 22, 24, 390, 1, 22, 132, 11145 }, // U+00F1
    { 19, 23, 333, 1, 22, 110, 11277 }, // U+00F2
    { 19, 23, 333, 1, 22, 110, 11387 }, // U+00F3
    { 19, 23, 333, 1, 22, 110, 11497 }, // U+00F4
    { 19, 24, 333, 1, 23, 114, 11607 }, // U+00F5
    { 19, 22, 333, 1, 21, 105, 11721 }, // U+00F6
    { 11, 14, 324, 4, 18, 39, 11826 }, // U+00F7
    { 22, 25, 333, -1, 21, 138, 11865 }, // U+00F8
    { 22, 23, 369, 0, 22, 127, 12003 }, // U+00F9
    { 22, 23, 369, 0, 22, 127, 12130 }, // U+00FA
    { 22, 23, 369, 0, 22, 127, 12257 }, // U+00FB
    { 22, 23, 369, 0, 22, 127, 12384 }, // U+00FC
    { 23, 32, 404, 0, 22, 184, 12511 }, // U+00FD
    { 20, 41, 370, 1, 31, 205, 12695 }, // U+00FE
    { 23, 32, 404, 0, 22, 184, 12900 }, // U+00FF
    { 31, 32, 559, 1, 31, 248, 0 }, // U+0100
    { 19, 23, 337, 0, 22, 110, 248 }, // U+0101
    { 31, 33, 559, 1, 32, 256, 358 }, // U+0102
    { 19, 24, 337, 1, 23, 114, 614 }, // U+0103
    { 32, 34, 559, 1, 28, 272, 728 }, // U+0104
    { 19, 24, 337, 1, 18, 114, 1000 }, // U+0105
    { 26, 33, 447, 1, 32, 215, 1114 }, // U+0106
    { 18, 23, 313, 1, 22, 104, 1329 }, // U+0107
    { 26, 33, 447, 1, 32, 215, 1433 }, // U+0108
    { 18, 23, 313, 1, 22, 104, 1648 }, // U+0109
    { 26, 33, 447, 1, 32, 215, 1752 }, // U+010A
    { 18, 23, 313, 1, 22, 104, 1967 }, // U+010B
    { 26, 34, 447, 1, 33, 221, 2071 }, // U+010C
    { 18, 24, 313, 1, 23, 108, 2292 }, // U+010D
    { 29, 33, 503, 1, 32, 240, 2400 }, // U+010E
    { 24, 33, 367, 1, 31, 198, 2640 }, // U+010F
    { 30, 29, 503, 0, 28, 218, 2838 }, // U+0110
    { 22, 33, 367, 1, 31, 182, 3056 }, // U+0111
    { 24, 32, 437, 1, 31, 192, 3238 }, // U+0112
    { 17, 22, 299, 1, 21, 94, 3430 }, // U+0113
    { 24, 34, 437, 1, 33, 204, 3524 }, // U+0114
    { 17, 24, 299, 1, 23, 102, 3728 }, // U+0115
    { 24, 33, 437, 1, 32, 198, 3830 }, // U+0116
    { 17, 23, 299, 1, 22, 98, 4028 }, // U+0117
    { 25, 34, 437, 1, 28, 213, 4126 }, // U+0118
    { 17, 23, 299, 1, 18, 98, 4339 }, // U+0119
    { 24, 33, 437, 1, 32, 198, 4437 }, // U+011A
    { 17, 24, 299, 1, 23, 102, 4635 }, // U+011B
    { 25, 33, 449, 1, 32, 207, 4737 }, // U+011C
    { 21, 35, 356, 0, 23, 184, 4944 }, // U+011D
    { 25, 34, 449, 1, 33, 213, 5128 }, // U+011E
    { 21, 35, 356, 0, 23, 184, 5341 }, // U+011F
    { 25, 33, 449, 1, 32, 207, 5525 }, // U+0120
    { 21, 34, 356, 0, 22, 179, 5732 }, // U+0121
    { 25, 33, 449, 1, 28, 207, 5911 }, // U+0122
    { 21, 34, 356, 0, 18, 179, 6118 }, // U+0123
    { 30, 33, 545, 1, 32, 248, 6297 }, // U+0124
    { 22, 37, 384, 1, 35, 204, 6545 }, // U+0125
    { 31, 29, 545, 0, 28, 225, 6749 }, // U+0126
    { 23, 33, 384, 0, 31, 190, 6974 }, // U+0127
    { 13, 34, 249, 1, 33, 111, 7164 }, // U+0128
    { 13, 25, 189, 0, 23, 82, 7275 }, // U+0129
    { 12, 32, 249, 1, 31, 96, 7357 }, // U+012A
    { 12, 24, 189, 0, 22, 72, 7453 }, // U+012B
    { 12, 34, 249, 1, 33, 102, 7525 }, // U+012C
    { 11, 24, 189, 0, 23, 66, 7627 }, // U+012D
    { 12, 34, 249, 1, 28, 102, 7693 }, // U+012E
    { 11, 31, 189, 0, 25, 86, 7795 }, // U+012F
    { 12, 33, 249, 1, 32, 99, 7881 }, // U+0130
    { 11, 20, 189, 0, 18, 55, 7980 }, // U+0131
    { 32, 29, 560, 1, 28, 232, 8035 }, // U+0132
    { 18, 35, 314, 0, 25, 158, 8267 }, // U+0133
    { 20, 33, 359, 1, 32, 165, 8425 }, // U+0134
    { 10, 32, 167, -2, 22, 80, 8590 }, // U+0135
    { 27, 33, 472, 1, 28, 223, 8670 }, // U+0136
    { 22, 36, 383, 1, 31, 198, 8893 }, // U+0137
    { 25, 33, 443, 1, 32, 207, 9091 }, // U+0139
    { 11, 37, 206, 1, 35, 102, 9298 }, // U+013A
    { 25, 33, 443, 1, 28, 207, 9400 }, // U+013B
    { 11, 36, 206, 1, 31, 99, 9607 }, // U+013C
    { 25, 33, 443, 1, 32, 207, 9706 }, // U+013D
    { 14, 33, 206, 1, 31, 116, 9913 }, // U+013E
    { 29, 29, 533, 1, 28, 211, 10029 }, // U+013F
    { 16, 32, 296, 1, 31, 128, 10240 }, // U+0140
    { 26, 29, 443, 1, 28, 189, 10368 }, // U+0141
    { 14, 32, 206, 0, 31, 112, 10557 }, // U+0142
    { 30, 32, 545, 1, 31, 240, 10669 }, // U+0143
    { 22, 24, 390, 1, 22, 132, 10909 }, // U+0144
    { 30, 33, 545, 1, 28, 248, 11041 }, // U+0145
    { 22, 24, 390, 1, 18, 132, 11289 }, // U+0146
    { 30, 33, 545, 1, 32, 248, 11421 }, // U+0147
    { 22, 24, 390, 1, 22, 132, 11669 }, // U+0148
    { 28, 35, 390, -5, 33, 245, 11801 }, // U+0149
    { 30, 40, 545, 1, 28, 300, 12046 }, // U+014A
    { 23, 29, 390, 1, 18, 167, 12346 }, // U+014B
    { 28, 32, 512, 1, 31, 224, 12513 }, // U+014C
    { 19, 22, 333, 1, 21, 105, 12737 }, // U+014D
    { 28, 34, 512, 1, 33, 238, 12842 }, // U+014E
    { 19, 24, 333, 1, 23, 114, 13080 }, // U+014F
    { 28, 33, 512, 1, 32, 231, 13194 }, // U+0150
    { 19, 23, 333, 1, 22, 110, 13425 }, // U+0151
    { 50, 29, 854, 1, 28, 363, 13535 }, // U+0152
    { 33, 19, 554, 1, 18, 157, 13898 }, // U+0153
    { 28, 33, 484, 1, 32, 231, 14055 }, // U+0154
    { 17, 23, 311, 1, 22, 98, 14286 }, // U+0155
    { 28, 33, 484, 1, 28, 231, 14384 }, // U+0156
    { 17, 23, 311, 1, 18, 98, 14615 }, // U+0157
    { 28, 34, 484, 1, 33, 238, 14713 }, // U+0158
    { 17, 23, 311, 1, 22, 98, 14951 }, // U+0159
    { 21, 33, 388, 1, 32, 174, 15049 }, // U+015A
    { 16, 23, 265, 0, 22, 92, 15223 }, // U+015B
    { 21, 33, 388, 1, 32, 174, 15315 }, // U+015C
    { 16, 23, 265, 0, 22, 92, 15489 }, // U+015D
    { 21, 35, 388, 1, 28, 184, 15581 }, // U+015E
    { 16, 24, 265, 0, 18, 96, 15765 }, // U+015F
    { 21, 34, 388, 1, 33, 179, 15861 }, // U+0160
    { 16, 24, 265, 0, 23, 96, 16040 }, // U+0161
    { 26, 36, 475, 1, 28, 234, 16136 }, // U+0162
    { 16, 33, 277, 0, 25, 132, 16370 }, // U+0163
    { 26, 33, 475, 1, 32, 215, 16502 }, // U+0164
    { 20, 27, 277, 0, 26, 135, 16717 }, // U+0165
    { 26, 29, 475, 1, 28, 189, 16852 }, // U+0166
    { 16, 26, 277, 0, 25, 104, 17041 }, // U+0167
    { 31, 34, 561, 1, 33, 264, 17145 }, // U+0168
    { 22, 24, 369, 0, 23, 132, 17409 }, // U+0169
    { 31, 32, 561, 1, 31, 248, 17541 }, // U+016A
    { 22, 23, 369, 0, 22, 127, 17789 }, // U+016B
    { 31, 34, 561, 1, 33, 264, 17916 }, // U+016C
    { 22, 24, 369, 0, 23, 132, 18180 }, // U+016D
    { 31, 35, 561, 1, 34, 272, 18312 }, // U+016E
    { 22, 25, 369, 0, 24, 138, 18584 }, // U+016F
    { 31, 33, 561, 1, 32, 256, 18722 }, // U+0170
    { 22, 23, 369, 0, 22, 127, 18978 }, // U+0171
    { 31, 34, 561, 1, 28, 264, 19105 }, // U+0172
    { 22, 24, 369, 0, 18, 132, 19369 }, // U+0173
    { 45, 33, 784, 1, 32, 372, 19501 }, // U+0174
    { 34, 23, 572, 0, 22, 196, 19873 }, // U+0175
    { 27, 33, 491, 1, 32, 223, 20069 }, // U+0176
    { 23, 32, 404, 0, 22, 184, 20292 }, // U+0177
    { 27, 32, 491, 1, 31, 216, 20476 }, // U+0178
    { 24, 33, 431, 1, 32, 198, 20692 }, // U+0179
    { 17, 23, 315, 1, 22, 98, 20890 }, // U+017A
    { 24, 32, 431, 1, 31, 192, 20988 }, // U+017B
    { 17, 23, 315, 1, 22, 98, 21180 }, // U+017C
    { 24, 33, 431, 1, 32, 198, 21278 }, // U+017D
    { 17, 23, 315, 1, 22, 98, 21476 }, // U+017E
    { 31, 34, 559, 1, 33, 264, 0 }, // U+01CD
    { 19, 27, 337, 1, 26, 129, 264 }, // U+01CE
    { 12, 33, 249, 1, 32, 99, 393 }, // U+020A
    { 12, 28, 189, -1, 26, 84, 492 }, // U+020B
    { 21, 35, 388, 1, 28, 184, 576 }, // U+0218
    { 16, 24, 265, 0, 18, 96, 760 }, // U+0219
    { 26, 36, 475, 1, 28, 234, 856 }, // U+021A
    { 16, 33, 277, 0, 25, 132, 1090 }, // U+021B
    { 6, 10, 0, -1, 28, 15, 0 }, // U+0301
    { 6, 10, 0, -1, 28, 15, 15 }, // U+0312
    { 6, 10, 0, -1, 28, 15, 30 }, // U+0313
    { 6, 10, 0, -1, 28, 15, 45 }, // U+0314
    { 6, 10, 0, -1, 28, 15, 60 }, // U+0315
    { 6, 10, 0, -1, 28, 15, 75 }, // U+0341
    { 6, 10, 0, -1, 28, 15, 90 }, // U+0343
    { 24, 35, 431, 1, 34, 210, 0 }, // U+0401
    { 26, 29, 435, 1, 28, 189, 210 }, // U+0404
    { 12, 29, 242, 1, 28, 87, 399 }, // U+0406
    { 13, 34, 242, 1, 33, 111, 486 }, // U+0407
    { 31, 29, 559, 1, 28, 225, 597 }, // U+0410
    { 26, 29, 455, 1, 28, 189, 822 }, // U+0411
    { 26, 29, 455, 1, 28, 189, 1011 }, // U+0412
    { 22, 29, 402, 1, 28, 160, 1200 }, // U+0413
    { 28, 34, 503, 1, 28, 238, 1360 }, // U+0414
    { 24, 29, 437, 1, 28, 174, 1598 }, // U+0415
    { 43, 29, 697, 0, 28, 312, 1772 }, // U+0416
    { 23, 29, 398, 0, 28, 167, 2084 }, // U+0417
    { 30, 29, 545, 1, 28, 218, 2251 }, // U+0418
    { 30, 37, 545, 1, 36, 278, 2469 }, // U+0419
    { 27, 29, 466, 1, 28, 196, 2747 }, // U+041A
    { 29, 29, 502, 1, 28, 211, 2943 }, // U+041B
    { 35, 29, 617, 1, 28, 254, 3154 }, // U+041C
    { 30, 29, 545, 1, 28, 218, 3408 }, // U+041D
    { 28, 29, 500, 1, 28, 203, 3626 }, // U+041E
    { 30, 29, 545, 1, 28, 218, 3829 }, // U+041F
    { 26, 29, 455, 1, 28, 189, 4047 }, // U+0420
    { 26, 29, 435, 1, 28, 189, 4236 }, // U+0421
    { 26, 29, 475, 1, 28, 189, 4425 }, // U+0422
    { 29, 29, 526, 1, 28, 211, 4614 }, // U+0423
    { 30, 33, 506, 1, 30, 248, 4825 }, // U+0424
    { 28, 29, 514, 1, 28, 203, 5073 }, // U+0425
    { 30, 34, 545, 1, 28, 255, 5276 }, // U+0426
    { 27, 29, 496, 1, 28, 196, 5531 }, // U+0427
    { 43, 29, 740, 1, 28, 312, 5727 }, // U+0428
    { 43, 34, 741, 1, 28, 366, 6039 }, // U+0429
    { 29, 29, 497, 1, 28, 211, 6405 }, // U+042A
    { 39, 29, 676, 1, 28, 283, 6616 }, // U+042B
    { 26, 29, 449, 1, 28, 189, 6899 }, // U+042C
    { 25, 29, 430, 0, 28, 182, 7088 }, // U+042D
    { 41, 29, 692, 1, 28, 298, 7270 }, // U+042E
    { 28, 29, 484, 0, 28, 203, 7568 }, // U+042F
    { 19, 19, 319, 1, 18, 91, 7771 }, // U+0430
    { 17, 27, 294, 0, 26, 115, 7862 }, // U+0431
    { 18, 19, 328, 1, 18, 86, 7977 }, // U+0432
    { 17, 19, 313, 1, 18, 81, 8063 }, // U+0433
    { 21, 23, 388, 1, 18, 121, 8144 }, // U+0434
    { 17, 19, 281, 1, 18, 81, 8265 }, // U+0435
    { 32, 19, 540, 1, 18, 152, 8346 }, // U+0436
    { 16, 19, 275, 0, 18, 76, 8498 }, // U+0437
    { 21, 19, 377, 0, 18, 100, 8574 }, // U+0438
    { 21, 27, 377, 0, 26, 142, 8674 }, // U+0439
    { 21, 19, 382, 1, 18, 100, 8816 }, // U+043A
    { 22, 19, 380, 0, 18, 105, 8916 }, // U+043B
    { 26, 19, 476, 1, 18, 124, 9021 }, // U+043C
    { 21, 19, 395, 1, 18, 100, 9145 }, // U+043D
    { 19, 19, 333, 1, 18, 91, 9245 }, // U+043E
    { 21, 19, 395, 1, 18, 100, 9336 }, // U+043F
    { 20, 28, 364, 1, 18, 140, 9436 }, // U+0440
    { 18, 19, 301, 1, 18, 86, 9576 }, // U+0441
    { 18, 19, 330, 0, 18, 86, 9662 }, // U+0442
    { 23, 28, 392, 0, 18, 161, 9748 }, // U+0443
    { 22, 37, 389, 1, 27, 204, 9909 }, // U+0444
    { 21, 19, 397, 1, 18, 100, 10113 }, // U+0445
    { 21, 23, 395, 1, 18, 121, 10213 }, // U+0446
    { 20, 19, 367, 1, 18, 95, 10334 }, // U+0447
    { 28, 19, 517, 1, 18, 133, 10429 }, // U+0448
    { 29, 23, 517, 1, 18, 167, 10562 }, // U+0449
    { 20, 19, 352, 0, 18, 95, 10729 }, // U+044A
    { 27, 19, 485, 1, 18, 129, 10824 }, // U+044B
    { 18, 19, 323, 1, 18, 86, 10953 }, // U+044C
    { 17, 19, 301, 0, 18, 81, 11039 }, // U+044D
    { 28, 19, 483, 1, 18, 133, 11120 }, // U+044E
    { 20, 19, 356, 0, 18, 95, 11253 }, // U+044F
    { 17, 25, 287, 1, 24, 107, 11348 }, // U+0451
    { 18, 19, 301, 1, 18, 86, 11455 }, // U+0454
    { 11, 27, 189, -1, 25, 75, 11541 }, // U+0456
    { 11, 26, 189, 0, 24, 72, 11616 }, // U+0457
    { 21, 31, 402, 1, 30, 163, 11688 }, // U+0490
    { 16, 21, 313, 1, 20, 84, 11851 }, // U+0491
    { 0, 0, 300, 0, 0, 0, 0 }, // U+2002
    { 0, 0, 600, 0, 0, 0, 0 }, // U+2003
    { 0, 0, 120, 0, 0, 0, 0 }, // U+2009
    { 12, 5, 257, 1, 13, 15, 0 }, // U+2010
    { 12, 5, 257, 1, 13, 15, 15 }, // U+2011
    { 16, 5, 324, 1, 13, 20, 30 }, // U+2012
    { 16, 5, 324, 1, 13, 20, 50 }, // U+2013
    { 34, 5, 624, -1, 13, 43, 70 }, // U+2014
    { 39, 5, 624, -1, 13, 49, 113 }, // U+2015
    { 10, 29, 333, 5, 28, 73, 162 }, // U+2016
    { 6, 10, 156, 1, 28, 15, 235 }, // U+2018
    { 6, 10, 156, 1, 28, 15, 250 }, // U+2019
    { 6, 10, 155, 1, 5, 15, 265 }, // U+201A
    { 6, 10, 156, 1, 28, 15, 280 }, // U+201B
    { 12, 10, 240, 1, 28, 30, 295 }, // U+201C
    { 12, 10, 240, 1, 28, 30, 325 }, // U+201D
    { 12, 10, 240, 1, 5, 30, 355 }, // U+201E
    { 12, 10, 240, 1, 28, 30, 385 }, // U+201F
    { 10, 31, 346, 5, 28, 78, 415 }, // U+2020
    { 10, 31, 346, 5, 28, 78, 493 }, // U+2021
    { 13, 13, 276, 1, 18, 43, 571 }, // U+2022
    { 12, 15, 300, 4, 19, 45, 614 }, // U+2023
    { 6, 6, 155, 1, 5, 9, 659 }, // U+2024
    { 6, 6, 155, 1, 5, 9, 668 }, // U+2025
    { 24, 6, 462, 1, 5, 36, 677 }, // U+2026
    { 6, 6, 155, 1, 14, 9, 713 }, // U+2027
    { 36, 29, 762, 1, 28, 261, 722 }, // U+2030
    { 7, 12, 174, 1, 29, 21, 983 }, // U+2032
    { 12, 12, 246, 1, 29, 36, 1004 }, // U+2033
    { 16, 12, 318, 1, 29, 48, 1040 }, // U+2034
    { 7, 11, 156, -1, 28, 20, 1088 }, // U+2035
    { 8, 16, 186, 1, 20, 32, 1108 }, // U+2039
    { 8, 16, 186, 2, 20, 32, 1140 }, // U+203A
    { 14, 5, 324, 2, 14, 18, 1172 }, // U+2043
    { 14, 22, 204, 2, 20, 77, 1190 }, // U+2044
    { 13, 13, 276, 1, 18, 43, 1267 }, // U+204C
    { 13, 13, 276, 1, 18, 43, 1310 }, // U+204D
    { 13, 13, 276, 1, 18, 43, 1353 }, // U+2055
    { 14, 19, 273, 0, 29, 67, 0 }, // U+2070
    { 13, 17, 264, 0, 28, 56, 67 }, // U+2074
    { 14, 17, 263, 0, 28, 60, 123 }, // U+2075
    { 13, 17, 266, 0, 28, 56, 183 }, // U+2076
    { 12, 17, 255, 1, 28, 51, 239 }, // U+2077
    { 13, 17, 269, 1, 28, 56, 290 }, // U+2078
    { 13, 17, 254, 0, 28, 56, 346 }, // U+2079
    { 11, 10, 240, 1, 22, 28, 402 }, // U+207A
    { 11, 4, 240, 1, 19, 11, 430 }, // U+207B
    { 14, 19, 273, 0, 13, 67, 441 }, // U+2080
    { 8, 18, 183, 1, 13, 36, 508 }, // U+2081
    { 13, 18, 257, 0, 13, 59, 544 }, // U+2082
    { 15, 18, 266, -1, 13, 68, 603 }, // U+2083
    { 13, 18, 264, 0, 13, 59, 671 }, // U+2084
    { 14, 18, 263, 0, 13, 63, 730 }, // U+2085
    { 13, 18, 266, 0, 13, 59, 793 }, // U+2086
    { 12, 18, 255, 1, 13, 54, 852 }, // U+2087
    { 13, 18, 269, 1, 13, 59, 906 }, // U+2088
    { 13, 18, 254, 0, 13, 59, 965 }, // U+2089
    { 11, 10, 240, 1, 6, 28, 1024 }, // U+208A
    { 11, 4, 240, 1, 3, 11, 1052 }, // U+208B
    { 46, 29, 784, 1, 28, 334, 0 }, // U+20A9
    { 31, 29, 496, -1, 28, 225, 334 }, // U+20AC
    { 28, 29, 455, -1, 28, 203, 559 }, // U+20B1
    { 23, 29, 388, 0, 28, 167, 762 }, // U+20B4
    { 27, 29, 475, 1, 28, 196, 929 }, // U+20B8
    { 29, 29, 484, 0, 27, 211, 1125 }, // U+20B9
    { 27, 29, 443, -1, 28, 196, 1336 }, // U+20BA
    { 28, 29, 455, -1, 28, 203, 1532 }, // U+20BD
    { 26, 37, 455, 1, 32, 241, 1735 }, // U+20BF
    { 20, 9, 372, -3, 16, 45, 0 }, // U+2190
    { 10, 28, 354, 5, 28, 70, 45 }, // U+2191
    { 21, 9, 372, 1, 16, 48, 115 }, // U+2192
    { 10, 27, 354, 5, 22, 68, 163 }, // U+2193
    { 22, 9, 360, -2, 16, 50, 231 }, // U+2194
    { 10, 38, 354, 5, 30, 95, 281 }, // U+2195
    { 19, 20, 384, 1, 21, 95, 376 }, // U+2196
    { 18, 20, 384, 2, 21, 90, 471 }, // U+2197
    { 18, 20, 384, 2, 21, 90, 561 }, // U+2198
    { 19, 20, 384, 1, 21, 95, 651 }, // U+2199
    { 21, 14, 384, 0, 18, 74, 746 }, // U+21D0
    { 14, 22, 384, 4, 23, 77, 820 }, // U+21D1
    { 22, 14, 384, 1, 18, 77, 897 }, // U+21D2
    { 14, 21, 384, 4, 21, 74, 974 }, // U+21D3
    { 25, 14, 384, -1, 18, 88, 1048 }, // U+21D4
    { 32, 28, 559, 1, 27, 224, 0 }, // U+2200
    { 24, 28, 437, 1, 27, 168, 224 }, // U+2203
    { 18, 19, 372, 2, 21, 86, 392 }, // U+2205
    { 21, 20, 384, 1, 23, 105, 478 }, // U+2206
    { 21, 20, 384, 1, 20, 105, 583 }, // U+2207
    { 26, 30, 447, 1, 28, 195, 688 }, // U+2208
    { 17, 5, 360, 2, 13, 22, 883 }, // U+2212
    { 12, 18, 324, 3, 19, 54, 905 }, // U+2213
    { 16, 15, 281, 0, 32, 60, 959 }, // U+2217
    { 11, 11, 264, 2, 17, 31, 1019 }, // U+2218
    { 13, 12, 276, 1, 17, 39, 1050 }, // U+2219
    { 22, 19, 384, 0, 23, 105, 1089 }, // U+221A
    { 23, 14, 396, 0, 18, 81, 1194 }, // U+221E
    { 19, 22, 348, 1, 23, 105, 1275 }, // U+2220
    { 9, 21, 342, 5, 22, 48, 1380 }, // U+2225
    { 20, 21, 372, 1, 22, 105, 1428 }, // U+2227
    { 20, 21, 372, 1, 22, 105, 1533 }, // U+2228
    { 16, 17, 384, 3, 19, 68, 1638 }, // U+2234
    { 16, 17, 384, 3, 19, 68, 1706 }, // U+2235
    { 11, 12, 257, 1, 18, 33, 1774 }, // U+2248
    { 13, 16, 257, 1, 17, 52, 1807 }, // U+2260
    { 15, 15, 372, 3, 19, 57, 1859 }, // U+2261
    { 19, 22, 354, 0, 20, 105, 1916 }, // U+2264
    { 19, 22, 354, 1, 20, 105, 2021 }, // U+2265
    { 14, 21, 366, 4, 22, 74, 2126 }, // U+22A5
    { 6, 6, 155, 1, 14, 9, 2200 }, // U+22C5
};

static const EpdUnicodeInterval edslab_18_boldIntervals[] = {
    { 0x20, 0x7E, 0x0 },
    { 0xA0, 0x137, 0x5F },
    { 0x139, 0x17E, 0xF7 },
    { 0x1CD, 0x1CE, 0x13D },
    { 0x20A, 0x20B, 0x13F },
    { 0x218, 0x21B, 0x141 },
    { 0x301, 0x301, 0x145 },
    { 0x312, 0x315, 0x146 },
    { 0x341, 0x341, 0x14A },
    { 0x343, 0x343, 0x14B },
    { 0x401, 0x401, 0x14C },
    { 0x404, 0x404, 0x14D },
    { 0x406, 0x407, 0x14E },
    { 0x410, 0x44F, 0x150 },
    { 0x451, 0x451, 0x190 },
    { 0x454, 0x454, 0x191 },
    { 0x456, 0x457, 0x192 },
    { 0x490, 0x491, 0x194 },
    { 0x2002, 0x2003, 0x196 },
    { 0x2009, 0x2009, 0x198 },
    { 0x2010, 0x2016, 0x199 },
    { 0x2018, 0x2027, 0x1A0 },
    { 0x2030, 0x2030, 0x1B0 },
    { 0x2032, 0x2035, 0x1B1 },
    { 0x2039, 0x203A, 0x1B5 },
    { 0x2043, 0x2044, 0x1B7 },
    { 0x204C, 0x204D, 0x1B9 },
    { 0x2055, 0x2055, 0x1BB },
    { 0x2070, 0x2070, 0x1BC },
    { 0x2074, 0x207B, 0x1BD },
    { 0x2080, 0x208B, 0x1C5 },
    { 0x20A9, 0x20A9, 0x1D1 },
    { 0x20AC, 0x20AC, 0x1D2 },
    { 0x20B1, 0x20B1, 0x1D3 },
    { 0x20B4, 0x20B4, 0x1D4 },
    { 0x20B8, 0x20BA, 0x1D5 },
    { 0x20BD, 0x20BD, 0x1D8 },
    { 0x20BF, 0x20BF, 0x1D9 },
    { 0x2190, 0x2199, 0x1DA },
    { 0x21D0, 0x21D4, 0x1E4 },
    { 0x2200, 0x2200, 0x1E9 },
    { 0x2203, 0x2203, 0x1EA },
    { 0x2205, 0x2208, 0x1EB },
    { 0x2212, 0x2213, 0x1EF },
    { 0x2217, 0x221A, 0x1F1 },
    { 0x221E, 0x221E, 0x1F5 },
    { 0x2220, 0x2220, 0x1F6 },
    { 0x2225, 0x2225, 0x1F7 },
    { 0x2227, 0x2228, 0x1F8 },
    { 0x2234, 0x2235, 0x1FA },
    { 0x2248, 0x2248, 0x1FC },
    { 0x2260, 0x2261, 0x1FD },
    { 0x2264, 0x2265, 0x1FF },
    { 0x22A5, 0x22A5, 0x201 },
    { 0x22C5, 0x22C5, 0x202 },
};

static const EpdFontGroup edslab_18_boldGroups[] = {
    { 0, 4562, 13609, 95, 0 },
    { 4562, 3601, 13802, 96, 95 },
    { 8163, 5069, 22988, 126, 191 },
    { 13232, 511, 1280, 8, 317 },
    { 13743, 26, 140, 7, 325 },
    { 13769, 3542, 12690, 74, 332 },
    { 17311, 535, 1526, 38, 406 },
    { 17846, 493, 1221, 21, 444 },
    { 18339, 746, 2057, 9, 465 },
    { 19085, 460, 1270, 15, 474 },
    { 19545, 926, 2350, 26, 489 },
};

static const uint16_t edslab_18_boldKernLeftCodepoints[] = {
    0x0020, 0x0022, 0x002D, 0x0030, 0x0031, 0x0032, 0x0033, 0x0034, 0x0035, 0x0036, 0x0037, 0x0038,
    0x0039, 0x0041, 0x0042, 0x0043, 0x0044, 0x0045, 0x0046, 0x0047, 0x0048, 0x0049, 0x004A, 0x004B,
    0x004C, 0x004D, 0x004E, 0x004F, 0x0050, 0x0051, 0x0052, 0x0053, 0x0054, 0x0055, 0x0056, 0x0057,
    0x0059, 0x005A, 0x0061, 0x0062, 0x0063, 0x0064, 0x0065, 0x0066, 0x0067, 0x0068, 0x0069, 0x006A,
    0x006B, 0x006C, 0x006D, 0x006E, 0x006F, 0x0070, 0x0071, 0x0072, 0x0073, 0x0074, 0x0075, 0x0076,
    0x0077, 0x0079, 0x007A, 0x0401, 0x0410, 0x0411, 0x0412, 0x0413, 0x0414, 0x0415, 0x0416, 0x0417,
    0x0418, 0x0419, 0x041A, 0x041B, 0x041C, 0x041D, 0x041E, 0x041F, 0x0420, 0x0421, 0x0422, 0x0423,
    0x0424, 0x0425, 0x0426, 0x0427, 0x0428, 0x0429, 0x042A, 0x042B, 0x042C, 0x042D, 0x042E, 0x042F,
    0x0430, 0x0431, 0x0432, 0x0433, 0x0434, 0x0435, 0x0436, 0x0437, 0x0438, 0x0439, 0x043A, 0x043B,
    0x043C, 0x043D, 0x043E, 0x043F, 0x0440, 0x0441, 0x0442, 0x0443, 0x0444, 0x0445, 0x0446, 0x0447,
    0x0448, 0x0449, 0x044A, 0x044B, 0x044C, 0x044D, 0x044E, 0x044F, 0x0451,
};

static const uint8_t edslab_18_boldKernLeftClassIds[] = {
      1,   2,   3,   4,   5,   6,   7,   8,   9,  10,  11,  12,  13,  14,  15,  16,
     17,  18,  19,  20,  21,  22,  23,  24,  25,  26,  27,  28,  29,  30,  31,  32,
     33,  34,  35,  36,  37,  38,  39,  40,  41,  42,  43,  44,  45,  46,  47,  48,
     49,  50,  51,  52,  53,  54,  55,  56,  57,  58,  59,  60,  61,  62,  63,  64,
     65,  66,  67,  68,  69,  70,  71,  72,  73,  74,  75,  76,  77,  78,  79,  80,
     81,  82,  83,  84,  85,  86,  87,  88,  89,  90,  91,  92,  93,  94,  95,  96,
     97,  98,  99, 100, 101, 102, 103, 104, 105, 106, 107, 108, 109, 110, 111, 112,
    113, 114, 115, 116, 117, 118, 119, 120, 121, 122, 123, 124, 125, 126, 127, 128,
    129,
};

static const uint16_t edslab_18_boldKernRightCodepoints[] = {
    0x0022, 0x002D, 0x0030, 0x0031, 0x0032, 0x0033, 0x0034, 0x0035, 0x0036, 0x0037, 0x0038, 0x0039,
    0x0041, 0x0042, 0x0043, 0x0044, 0x0045, 0x0046, 0x0047, 0x0048, 0x0049, 0x004A, 0x004B, 0x004C,
    0x004D, 0x004E, 0x004F, 0x0050, 0x0051, 0x0052, 0x0053, 0x0054, 0x0055, 0x0056, 0x0057, 0x0059,
    0x005A, 0x0061, 0x0062, 0x0063, 0x0064, 0x0065, 0x0066, 0x0067, 0x0068, 0x0069, 0x006A, 0x006B,
    0x006C, 0x006D, 0x006E, 0x006F, 0x0070, 0x0071, 0x0072, 0x0073, 0x0074, 0x0075, 0x0076, 0x0077,
    0x0079, 0x007A, 0x0401, 0x0410, 0x0411, 0x0412, 0x0413, 0x0414, 0x0415, 0x0416, 0x0417, 0x0418,
    0x0419, 0x041A, 0x041B, 0x041C, 0x041D, 0x041E, 0x041F, 0x0420, 0x0421, 0x0422, 0x0423, 0x0424,
    0x0425, 0x0426, 0x0427, 0x0428, 0x0429, 0x042A, 0x042B, 0x042C, 0x042D, 0x042E, 0x042F, 0x0430,
    0x0431, 0x0432, 0x0433, 0x0434, 0x0435, 0x0436, 0x0437, 0x0438, 0x0439, 0x043A, 0x043B, 0x043C,
    0x043D, 0x043E, 0x043F, 0x0440, 0x0441, 0x0442, 0x0443, 0x0444, 0x0445, 0x0446, 0x0447, 0x0448,
    0x0449, 0x044A, 0x044B, 0x044C, 0x044D, 0x044E, 0x044F, 0x0451, 0x2025,
};

static const uint8_t edslab_18_boldKernRightClassIds[] = {
      1,   2,   3,   4,   5,   6,   7,   8,   9,  10,  11,  12,  13,  14,  15,  16,
     17,  18,  19,  20,  21,  22,  23,  24,  25,  26,  27,  28,  29,  30,  31,  32,
     33,  34,  35,  36,  37,  38,  39,  40,  41,  42,  43,  44,  45,  46,  47,  48,
     49,  50,  51,  52,  53,  54,  55,  56,  57,  58,  59,  60,  61,  62,  63,  64,
     65,  66,  67,  68,  69,  70,  71,  72,  73,  74,  75,  76,  77,  78,  79,  80,
     81,  82,  83,  84,  85,  86,  87,  88,  89,  90,  91,  92,  93,  94,  95,  96,
     97,  98,  99, 100, 101, 102, 103, 104, 105, 106, 107, 108, 109, 110, 111, 112,
    113, 114, 115, 116, 117, 118, 119, 120, 121, 122, 123, 124, 125, 126, 127, 128,
    129,
};

static const uint16_t edslab_18_boldKernRowOffsets[] = {
        0,     1,    77,   192,   204,   216,   228,   238,   248,   257,   267,   279,   290,   300,   355,   403,
      451,   501,   531,   582,   625,   659,   699,   731,   782,   827,   869,   921,   969,  1018,  1072,  1114,
     1160,  1214,  1268,  1322,  1376,  1430,  1480,  1508,  1530,  1556,  1584,  1608,  1636,  1665,  1692,  1720,
     1744,  1773,  1801,  1827,  1854,  1880,  1906,  1929,  1954,  1977,  2001,  2029,  2057,  2085,  2113,  2135,
     2153,  2220,  2267,  2314,  2380,  2427,  2446,  2506,  2557,  2598,  2634,  2684,  2718,  2752,  2787,  2840,
     2876,  2920,  2978,  3032,  3098,  3146,  3199,  3248,  3298,  3333,  3376,  3432,  3465,  3515,  3565,  3614,
     3650,  3674,  3696,  3721,  3748,  3782,  3807,  3841,  3864,  3898,  3928,  3955,  3989,  4009,  4033,  4064,
     4091,  4121,  4150,  4185,  4220,  4250,  4277,  4310,  4343,  4377,  4411,  4443,  4471,  4500,  4528,  4559,
     4593,  4621,
};

static const uint8_t edslab_18_boldKernSparseCols[] = {
     81,   2,   4,   5,   6,   7,   8,  10,  12,  14,  18,  21,  26,  28,  30,  37,
     38,  39,  40,  41,  42,  43,  44,  45,  46,  47,  48,  49,  50,  51,  52,  53,
     54,  55,  60,  61,  63,  67,  69,  70,  74,  77,  80,  83,  92,  94,  95,  96,
     97,  98,  99, 100, 101, 102, 105, 106, 107, 108, 109, 110, 111, 112, 113, 114,
    115, 116, 117, 118, 119, 120, 121, 122, 123, 124, 125, 126, 127,   3,   4,   5,
      6,   7,   8,   9,  10,  12,  13,  14,  15,  16,  17,  18,  19,  20,  21,  22,
     23,  24,  25,  26,  27,  29,  30,  31,  32,  33,  34,  35,  36,  37,  38,  39,
     42,  44,  45,  46,  47,  48,  49,  50,  51,  52,  53,  54,  55,  56,  57,  58,
     59,  60,  61,  62,  63,  64,  65,  66,  67,  68,  70,  71,  72,  73,  74,  75,
     76,  78,  79,  80,  81,  82,  83,  84,  85,  86,  87,  88,  89,  90,  91,  92,
     93,  94,  96,  97,  98,  99, 100, 101, 102, 103, 105, 106, 107, 108, 109, 110,
    111, 112, 113, 114, 116, 117, 118, 119, 120, 121, 122, 123, 124, 125, 126, 127,
      0,   1,   2,   4,   5,   6,   7,   8,   9,  10,  11, 128,   0,   1,   2,   3,
      4,   5,   6,   7,   8,   9,  10,  11,   0,   1,   2,   3,   4,   5,   6,   7,
      8,   9,  10,  11,   1,   2,   3,   4,   5,   6,   7,   8,   9, 128,   0,   1,
      2,   3,   4,   5,   6,   7,   9,  10,   1,   4,   5,   6,   7,   9,  10,  11,
    128,   1,   2,   3,   4,   5,   7,   9,  10,  11, 128,   1,   2,   3,   4,   5,
      6,   7,   8,   9,  10,  11, 128,   0,   1,   2,   3,   4,   5,   7,   9,  10,
     11, 128,   1,   2,   4,   5,   6,   7,   8,   9,  10, 128,   0,   1,  12,  13,
     14,  15,  16,  17,  18,  19,  20,  21,  22,  23,  24,  25,  26,  27,  28,  29,
     30,  31,  32,  33,  34,  35,  36,  37,  38,  39,  40,  41,  42,  43,  44,  45,
     46,  47,  48,  49,  50,  51,  52,  53,  54,  55,  56,  57,  58,  59,  60,  61,
     84, 116, 128,   1,  12,  13,  14,  15,  16,  17,  19,  20,  21,  22,  23,  24,
     25,  26,  27,  28,  29,  31,  32,  33,  34,  35,  36,  37,  38,  39,  40,  41,
     42,  43,  44,  45,  46,  47,  48,  49,  50,  51,  52,  53,  54,  55,  56,  60,
     84, 116, 128,   0,   1,  12,  13,  14,  15,  16,  17,  18,  19,  22,  23,  24,
     25,  26,  27,  29,  30,  31,  32,  33,  34,  35,  36,  37,  38,  41,  42,  43,
     44,  45,  46,  47,  48,  49,  50,  51,  52,  54,  56,  57,  58,  59,  60,  61,
     84, 116, 128,   1,  12,  13,  14,  16,  17,  18,  19,  20,  21,  22,  23,  24,
     25,  26,  27,  28,  29,  30,  31,  32,  33,  34,  35,  36,  37,  38,  39,  40,
     41,  42,  43,  44,  45,  46,  47,  49,  50,  51,  52,  53,  55,  56,  57,  58,
     59,  60,  84, 116, 128,   1,  12,  14,  18,  23,  26,  28,  31,  32,  33,  34,
     35,  37,  38,  43,  45,  46,  47,  48,  50,  51,  52,  53,  55,  56,  57,  58,
     59,  60, 116,   1,  12,  13,  14,  15,  16,  17,  18,  19,  20,  21,  22,  25,
     26,  27,  28,  29,  31,  32,  33,  34,  35,  36,  37,  38,  39,  40,  41,  42,
     43,  44,  45,  46,  47,  48,  49,  50,  51,  52,  53,  54,  55,  56,  57,  58,
     59,  60,  61,  84, 116, 128,   0,   1,  12,  13,  14,  15,  16,  17,  18,  19,
     20,  21,  22,  23,  24,  25,  27,  29,  30,  31,  32,  33,  34,  35,  36,  38,
     42,  43,  44,  46,  47,  48,  49,  50,  52,  54,  55,  58,  60,  61,  84, 116,
    128,   1,  12,  14,  18,  21,  26,  28,  30,  31,  32,  33,  34,  35,  36,  37,
     38,  39,  40,  41,  49,  50,  51,  52,  53,  54,  55,  56,  57,  58,  59,  60,
     61,  84, 116,   1,  12,  14,  18,  21,  26,  28,  30,  31,  32,  33,  34,  35,
     37,  38,  39,  40,  41,  42,  43,  44,  45,  46,  47,  48,  49,  50,  51,  52,
     53,  54,  55,  56,  57,  58,  59,  60,  61,  84, 116,   0,   1,  12,  26,  28,
     30,  31,  33,  34,  35,  36,  37,  38,  40,  41,  42,  43,  44,  45,  46,  47,
     48,  49,  50,  54,  55,  57,  60,  61,  84, 116, 128,   1,  12,  14,  15,  17,
     18,  19,  20,  21,  22,  23,  24,  25,  26,  27,  28,  29,  30,  31,  32,  33,
     34,  35,  36,  37,  38,  39,  40,  41,  42,  43,  44,  45,  46,  47,  48,  49,
     50,  51,  52,  53,  54,  55,  56,  57,  58,  59,  60,  61,  84, 116,   0,   1,
     12,  13,  14,  15,  16,  18,  19,  21,  22,  24,  25,  26,  28,  29,  30,  31,
     32,  33,  34,  35,  36,  37,  38,  42,  43,  45,  46,  47,  48,  49,  50,  51,
     52,  54,  55,  56,  57,  58,  59,  60,  61,  84, 116,   1,  12,  14,  18,  21,
     26,  28,  30,  31,  32,  33,  34,  35,  36,  37,  38,  39,  40,  41,  42,  43,
     44,  45,  46,  47,  48,  49,  50,  51,  52,  53,  54,  55,  56,  57,  58,  59,
     60,  61,  84, 116, 128,   1,  12,  13,  14,  15,  16,  17,  18,  20,  21,  23,
     24,  25,  26,  27,  28,  29,  30,  31,  32,  33,  34,  35,  36,  37,  38,  39,
     40,  41,  42,  43,  44,  45,  46,  47,  48,  49,  50,  51,  52,  53,  54,  55,
     56,  57,  58,  59,  60,  61,  84, 116, 128,   0,   1,  12,  13,  14,  15,  16,
     17,  19,  20,  21,  22,  23,  24,  25,  26,  27,  28,  29,  30,  31,  32,  33,
     34,  35,  36,  37,  38,  42,  43,  44,  45,  46,  47,  48,  49,  50,  51,  52,
     54,  55,  58,  59,  60,  61,  84, 116, 128,   0,   1,  12,  13,  14,  15,  16,
     17,  18,  19,  20,  21,  22,  23,  24,  25,  26,  27,  28,  29,  30,  31,  32,
     33,  34,  35,  36,  37,  38,  39,  40,  41,  43,  44,  45,  46,  47,  48,  49,
     50,  51,  53,  55,  56,  60,  61,  84, 116, 128,   0,   1,  12,  13,  14,  15,
     16,  17,  18,  19,  20,  21,  22,  23,  24,  25,  26,  27,  28,  29,  30,  31,
     32,  33,  34,  35,  36,  37,  38,  39,  40,  41,  42,  43,  44,  45,  46,  47,
     48,  49,  50,  51,  52,  53,  54,  55,  56,  57,  58,  59,  60,  61,  84, 116,
      0,   1,  12,  13,  14,  15,  17,  18,  19,  20,  21,  22,  23,  26,  27,  28,
     29,  31,  32,  33,  34,  35,  36,  37,  46,  47,  48,  49,  50,  51,  52,  53,
     54,  55,  56,  57,  58,  59,  60,  61,  84, 116,   0,   1,  12,  13,  14,  15,
     16,  17,  19,  20,  22,  23,  24,  25,  26,  27,  29,  30,  31,  32,  33,  34,
     35,  36,  38,  40,  41,  42,  43,  44,  45,  46,  47,  48,  49,  50,  52,  54,
     56,  57,  58,  59,  60,  61,  84, 116,   1,  12,  13,  14,  15,  16,  17,  18,
     19,  20,  21,  22,  23,  24,  25,  26,  27,  28,  29,  30,  31,  32,  33,  34,
     35,  36,  37,  38,  39,  40,  41,  42,  43,  44,  45,  46,  47,  48,  49,  50,
     51,  52,  53,  54,  55,  56,  57,  58,  59,  60,  61,  84, 116, 128,   1,  12,
     13,  14,  15,  16,  17,  18,  19,  20,  21,  22,  23,  24,  25,  26,  27,  28,
     29,  30,  31,  32,  33,  34,  35,  36,  37,  38,  39,  40,  41,  42,  43,  44,
     45,  46,  47,  48,  49,  50,  51,  52,  53,  54,  55,  56,  57,  58,  59,  60,
     61,  84, 116, 128,   1,  12,  13,  14,  15,  16,  17,  18,  19,  20,  21,  22,
     23,  24,  25,  26,  27,  28,  29,  30,  31,  32,  33,  34,  35,  36,  37,  38,
     39,  40,  41,  42,  43,  44,  45,  46,  47,  48,  49,  50,  51,  52,  53,  54,
     55,  56,  57,  58,  59,  60,  61,  84, 116, 128,   1,  12,  13,  14,  15,  16,
     17,  18,  19,  20,  21,  22,  23,  24,  25,  26,  27,  28,  29,  30,  31,  32,
     33,  34,  35,  36,  37,  38,  39,  40,  41,  42,  43,  44,  45,  46,  47,  48,
     49,  50,  51,  52,  53,  54,  55,  56,  57,  58,  59,  60,  61,  84, 116, 128,
      1,  12,  13,  14,  15,  16,  17,  18,  19,  20,  21,  22,  23,  24,  25,  26,
     27,  28,  29,  30,  31,  32,  33,  34,  35,  36,  37,  38,  39,  40,  41,  42,
     43,  44,  45,  46,  47,  48,  49,  50,  51,  52,  53,  54,  55,  56,  57,  58,
     59,  60,  61,  84, 116, 128,  12,  13,  14,  15,  16,  17,  18,  19,  20,  21,
     22,  23,  24,  25,  26,  27,  28,  29,  30,  31,  32,  33,  34,  35,  36,  37,
     38,  39,  40,  42,  43,  44,  45,  46,  47,  48,  49,  50,  51,  52,  54,  55,
     56,  57,  58,  59,  60,  61,  84, 116,   0,   1,  37,  38,  39,  40,  41,  42,
     43,  44,  45,  46,  47,  48,  49,  50,  51,  52,  53,  54,  55,  56,  57,  58,
     59,  60,  61, 116,   1,  37,  38,  41,  42,  43,  44,  46,  47,  48,  49,  50,
     52,  54,  56,  57,  58,  59,  60,  61, 116, 128,   0,   1,  37,  38,  39,  40,
     42,  43,  44,  46,  47,  48,  49,  50,  51,  52,  53,  54,  55,  56,  57,  58,
     59,  60,  61, 116,   1,  37,  38,  39,  40,  41,  42,  43,  44,  45,  46,  47,
     48,  49,  50,  51,  52,  53,  54,  55,  56,  57,  58,  59,  60,  61, 116, 128,
      0,   1,  37,  38,  42,  43,  44,  45,  46,  47,  48,  49,  50,  51,  52,  54,
     55,  56,  57,  58,  59,  60,  61, 116,   0,   1,  37,  38,  39,  40,  41,  42,
     43,  44,  46,  47,  48,  49,  50,  51,  52,  53,  54,  55,  56,  57,  58,  59,
     60,  61, 116, 128,   0,   1,  37,  38,  39,  40,  41,  42,  43,  44,  45,  46,
     47,  48,  49,  50,  51,  52,  53,  54,  55,  56,  57,  58,  59,  60,  61, 116,
    128,   0,   1,  37,  38,  39,  40,  41,  42,  43,  44,  45,  46,  47,  48,  49,
     50,  51,  52,  53,  54,  56,  57,  58,  59,  60,  61, 116,   0,   1,  37,  38,
     39,  40,  41,  42,  43,  44,  45,  46,  47,  48,  49,  50,  51,  52,  53,  54,
     55,  56,  57,  58,  59,  60,  61, 116,   0,   1,  38,  39,  40,  41,  43,  44,
     46,  47,  48,  49,  50,  51,  52,  53,  54,  55,  56,  58,  59,  60,  61, 116,
      0,   1,  37,  38,  39,  40,  41,  42,  43,  44,  45,  46,  47,  48,  49,  50,
     51,  52,  53,  54,  55,  56,  57,  58,  59,  60,  61, 116, 128,   0,  37,  38,
     39,  40,  41,  42,  43,  44,  45,  46,  47,  48,  49,  50,  51,  52,  53,  54,
     55,  56,  57,  58,  59,  60,  61, 116, 128,   0,   1,  37,  38,  39,  40,  42,
     43,  44,  45,  46,  47,  48,  49,  50,  51,  52,  54,  55,  56,  57,  58,  59,
     60,  61, 116,   0,   1,  37,  38,  39,  40,  41,  42,  43,  44,  45,  46,  47,
     48,  49,  50,  51,  52,  53,  54,  56,  57,  58,  59,  60,  61, 116,   0,   1,
     38,  40,  41,  42,  43,  44,  46,  47,  48,  49,  50,  51,  52,  53,  54,  55,
     56,  57,  58,  59,  60,  61, 116, 128,   0,   1,  37,  38,  39,  40,  41,  42,
     43,  44,  46,  47,  48,  49,  50,  52,  53,  54,  56,  57,  58,  59,  60,  61,
    116, 128,   0,   1,  38,  42,  43,  44,  46,  47,  48,  49,  50,  51,  52,  53,
     54,  55,  56,  57,  58,  59,  60,  61, 116,   0,   1,  37,  38,  39,  40,  41,
     42,  43,  44,  46,  47,  48,  49,  50,  51,  52,  53,  54,  56,  59,  60,  61,
    116, 128,   0,  37,  38,  40,  42,  43,  44,  45,  46,  47,  48,  49,  50,  52,
     54,  55,  56,  57,  58,  59,  60,  61, 116,   0,  37,  38,  42,  43,  44,  45,
     46,  47,  48,  49,  50,  51,  52,  53,  54,  55,  56,  57,  58,  59,  60,  61,
    116,   0,   1,  37,  38,  39,  40,  41,  42,  43,  44,  45,  46,  47,  48,  49,
     50,  51,  52,  53,  54,  55,  56,  57,  58,  59,  60,  61, 116,   1,  37,  38,
     39,  40,  41,  42,  43,  44,  45,  46,  47,  48,  49,  50,  51,  52,  53,  54,
     55,  56,  57,  58,  59,  60,  61, 116, 128,   1,  37,  38,  39,  40,  41,  42,
     43,  44,  45,  46,  47,  48,  49,  50,  51,  52,  53,  54,  55,  56,  57,  58,
     59,  60,  61, 116, 128,   1,  37,  38,  39,  40,  41,  42,  43,  44,  45,  46,
     47,  48,  49,  50,  51,  52,  53,  54,  55,  56,  57,  58,  59,  60,  61, 116,
    128,   0,  37,  38,  39,  42,  43,  44,  46,  47,  48,  50,  51,  52,  53,  54,
     56,  57,  58,  59,  60,  61, 116,   1,  63,  67,  70,  74,  77,  80,  81,  82,
     83,  86,  89,  92,  99, 106, 114, 118, 126,   0,   1,  62,  63,  64,  65,  66,
     67,  68,  69,  70,  71,  72,  73,  74,  75,  76,  77,  78,  79,  80,  81,  82,
     83,  85,  86,  87,  88,  89,  90,  91,  92,  93,  94,  95,  96,  97,  98,  99,
    100, 101, 102, 103, 104, 105, 106, 107, 108, 109, 110, 111, 112, 113, 114, 115,
    117, 118, 119, 120, 121, 122, 123, 124, 125, 126, 127, 128,   1,  62,  63,  64,
     65,  66,  67,  68,  70,  71,  72,  73,  75,  76,  78,  79,  80,  81,  82,  83,
     85,  86,  87,  88,  89,  90,  91,  92,  93,  94,  96,  99, 100, 102, 109, 111,
    112, 113, 114, 115, 118, 121, 122, 124, 125, 126, 127,   1,  62,  63,  64,  65,
     66,  67,  68,  69,  70,  71,  72,  73,  75,  76,  77,  78,  79,  80,  81,  82,
     83,  85,  86,  87,  88,  89,  90,  91,  92,  93,  95,  96,  99, 100, 103, 104,
    109, 111, 112, 113, 114, 115, 118, 121, 124, 127,   1,  62,  63,  64,  65,  66,
     67,  68,  69,  70,  71,  72,  73,  74,  75,  76,  77,  78,  79,  80,  81,  82,
     83,  85,  86,  87,  88,  89,  90,  91,  92,  93,  94,  95,  96,  97,  98,  99,
    100, 101, 102, 103, 104, 105, 106, 107, 108, 109, 110, 111, 112, 113, 114, 115,
    117, 118, 119, 120, 121, 122, 123, 124, 125, 126, 127, 128,   1,  62,  63,  64,
     65,  66,  67,  68,  69,  70,  71,  72,  73,  74,  75,  76,  77,  78,  79,  80,
     81,  82,  83,  85,  86,  87,  88,  89,  90,  92,  93,  94,  99, 101, 102, 103,
    104, 106, 109, 111, 114, 118, 121, 122, 123, 125, 126,   1,  63,  67,  69,  70,
     74,  77,  80,  81,  82,  86,  89,  92,  94,  99, 106, 114, 118, 126,   1,  62,
     63,  64,  65,  66,  67,  68,  69,  70,  71,  72,  73,  74,  75,  76,  77,  78,
     79,  80,  81,  82,  83,  85,  86,  87,  88,  89,  90,  91,  92,  93,  94,  95,
     97,  98,  99, 101, 102, 103, 104, 105, 106, 107, 108, 110, 111, 113, 114, 117,
    118, 119, 120, 121, 122, 123, 124, 125, 126, 128,   0,  62,  63,  64,  65,  66,
     67,  68,  69,  70,  71,  72,  73,  74,  75,  76,  78,  79,  81,  82,  83,  85,
     86,  87,  88,  89,  90,  91,  93,  94,  95,  96,  99, 100, 101, 102, 105, 106,
    109, 111, 112, 114, 115, 118, 120, 122, 123, 124, 126, 127, 128,   1,  63,  67,
     69,  70,  71,  72,  74,  77,  80,  81,  82,  83,  86,  89,  92,  94,  95,  98,
     99, 100, 101, 102, 103, 104, 105, 106, 109, 110, 111, 112, 113, 114, 115, 117,
    118, 121, 124, 125, 126, 127,   1,  63,  67,  69,  70,  71,  72,  74,  77,  80,
     81,  82,  83,  86,  89,  92,  94,  95,  99, 100, 101, 106, 109, 110, 111, 112,
    113, 114, 115, 117, 118, 121, 124, 125, 126, 127,   1,  63,  67,  69,  70,  71,
     72,  74,  77,  80,  81,  82,  83,  86,  89,  92,  94,  95,  96,  97,  98,  99,
    100, 101, 102, 103, 104, 105, 106, 107, 108, 109, 110, 111, 112, 113, 114, 115,
    117, 118, 119, 120, 121, 122, 123, 124, 125, 126, 127, 128,   1,  63,  67,  69,
     70,  71,  72,  74,  77,  80,  81,  82,  83,  86,  89,  92,  94,  95,  99, 101,
    102, 103, 104, 106, 109, 111, 112, 113, 114, 115, 118, 121, 124, 126,   1,  63,
     67,  69,  70,  71,  72,  74,  77,  80,  81,  82,  83,  86,  89,  92,  94,  95,
     99, 101, 102, 103, 104, 106, 109, 111, 112, 113, 114, 115, 118, 121, 124, 126,
      1,  63,  67,  69,  70,  71,  72,  74,  77,  80,  81,  82,  83,  86,  89,  92,
     94,  95,  99, 100, 101, 102, 103, 104, 106, 109, 111, 112, 113, 114, 115, 118,
    121, 124, 126,   0,  62,  63,  64,  65,  66,  67,  68,  69,  70,  71,  72,  73,
     74,  75,  76,  77,  78,  79,  80,  81,  82,  83,  85,  86,  87,  88,  89,  90,
     91,  93,  94,  95,  96,  97,  98,  99, 100, 102, 103, 104, 105, 106, 108, 109,
    112, 118, 121, 122, 124, 126, 127, 128,   1,  63,  67,  69,  70,  71,  72,  74,
     77,  80,  81,  82,  83,  86,  89,  92,  94,  99, 100, 101, 102, 103, 104, 106,
    109, 111, 112, 113, 114, 115, 117, 118, 121, 124, 126, 127,   1,  63,  67,  68,
     69,  70,  71,  72,  74,  80,  82,  83,  85,  86,  89,  91,  92,  94,  95,  96,
     99, 100, 101, 102, 105, 106, 107, 108, 109, 110, 111, 112, 115, 117, 118, 119,
    120, 122, 123, 124, 125, 126, 127, 128,   0,  62,  63,  64,  65,  66,  67,  68,
     69,  70,  71,  72,  73,  74,  75,  76,  77,  78,  79,  80,  81,  82,  83,  85,
     86,  87,  88,  89,  90,  91,  92,  93,  94,  95,  96,  97,  98,  99, 101, 102,
    103, 104, 105, 106, 107, 108, 110, 111, 112, 114, 115, 117, 118, 121, 123, 124,
    125, 126,   1,  63,  65,  67,  68,  69,  70,  71,  72,  74,  77,  79,  80,  81,
     82,  83,  86,  89,  90,  92,  94,  95,  96,  97,  98,  99, 100, 101, 102, 103,
    104, 105, 106, 107, 108, 109, 110, 111, 112, 113, 114, 115, 117, 118, 119, 120,
    121, 122, 123, 124, 125, 126, 127, 128,   1,  62,  63,  64,  65,  66,  67,  68,
     69,  70,  71,  72,  73,  74,  75,  76,  77,  78,  79,  80,  81,  82,  83,  85,
     86,  87,  88,  89,  90,  91,  92,  93,  94,  95,  96,  97,  98,  99, 100, 101,
    102, 103, 104, 105, 106, 107, 108, 109, 110, 111, 112, 113, 114, 115, 117, 118,
    119, 120, 121, 122, 123, 124, 125, 126, 127, 128,   1,  62,  63,  64,  65,  66,
     67,  68,  69,  70,  71,  72,  73,  74,  75,  76,  77,  78,  79,  80,  81,  82,
     83,  85,  86,  87,  89,  90,  91,  92,  93,  94,  96,  99, 100, 102, 103, 104,
    106, 109, 112, 113, 115, 118, 121, 125, 126, 127,   1,  12,  13,  14,  15,  16,
     17,  18,  19,  20,  21,  22,  23,  24,  25,  26,  27,  28,  29,  30,  31,  32,
     33,  34,  35,  36,  37,  38,  39,  40,  41,  42,  43,  44,  45,  46,  47,  48,
     49,  50,  51,  52,  53,  54,  55,  56,  57,  58,  59,  60,  61,  84, 116,   1,
     63,  67,  69,  70,  71,  72,  74,  77,  80,  81,  82,  83,  86,  89,  92,  93,
     94,  95,  97,  98,  99, 100, 101, 102, 103, 104, 105, 106, 107, 108, 109, 110,
    111, 112, 113, 114, 115, 117, 118, 119, 120, 121, 122, 123, 124, 125, 126, 127,
      1,  63,  67,  69,  70,  71,  72,  74,  77,  80,  81,  82,  83,  86,  89,  90,
     92,  93,  94,  95,  97,  98,  99, 100, 101, 102, 103, 104, 105, 106, 107, 108,
    109, 110, 111, 112, 113, 114, 115, 117, 118, 119, 120, 121, 122, 123, 124, 125,
    126, 127,   1,  63,  67,  69,  70,  71,  72,  74,  77,  81,  82,  83,  85,  86,
     89,  92,  94,  99, 101, 102, 103, 104, 106, 109, 111, 112, 113, 114, 115, 117,
    118, 123, 124, 125, 126,   1,  63,  67,  69,  70,  71,  72,  74,  77,  80,  81,
     82,  83,  86,  89,  92,  94,  97,  98,  99, 101, 102, 103, 104, 105, 106, 107,
    108, 109, 110, 111, 112, 113, 114, 115, 117, 118, 121, 122, 123, 124, 125, 126,
      0,   1,  62,  63,  64,  65,  66,  67,  68,  71,  72,  73,  75,  76,  77,  78,
     79,  80,  81,  82,  83,  85,  86,  87,  88,  89,  90,  91,  92,  93,  95,  96,
     97,  99, 100, 101, 103, 104, 105, 106, 109, 110, 111, 112, 113, 114, 115, 117,
    118, 121, 122, 123, 124, 126, 127, 128,   1,  63,  67,  71,  72,  74,  77,  80,
     81,  82,  83,  86,  89,  92,  94,  95,  99, 100, 101, 102, 103, 104, 105, 106,
    109, 111, 113, 114, 115, 118, 121, 123, 127,   0,   1,  62,  63,  64,  65,  66,
     67,  68,  70,  71,  72,  73,  75,  76,  77,  78,  79,  80,  81,  82,  83,  85,
     86,  87,  88,  89,  90,  91,  92,  93,  95,  96,  99, 100, 106, 109, 111, 112,
    113, 114, 115, 117, 118, 122, 123, 124, 125, 127, 128,   0,   1,  62,  63,  64,
     65,  66,  67,  68,  69,  70,  71,  72,  73,  74,  75,  76,  77,  78,  79,  80,
     81,  82,  83,  85,  86,  87,  88,  89,  90,  91,  92,  93,  94,  95,  96,  99,
    100, 101, 102, 106, 109, 112, 113, 121, 123, 124, 126, 127, 128,   0,   1,  62,
     63,  64,  65,  66,  67,  68,  69,  70,  71,  72,  73,  74,  75,  76,  77,  78,
     79,  80,  81,  82,  83,  85,  86,  87,  88,  89,  90,  91,  92,  93,  94,  96,
     98,  99, 100, 102, 106, 107, 108, 109, 112, 113, 122, 126, 127, 128,   1,  63,
     67,  69,  70,  71,  72,  74,  77,  80,  81,  82,  83,  86,  89,  92,  94,  95,
     99, 100, 101, 102, 103, 104, 106, 109, 111, 112, 113, 114, 115, 118, 121, 124,
    126, 127,   0,   1,  95,  99, 100, 101, 102, 103, 104, 105, 106, 107, 109, 111,
    112, 113, 114, 115, 118, 119, 121, 124, 126, 127,   0,   1,  96,  99, 100, 101,
    102, 105, 106, 109, 111, 112, 114, 115, 118, 121, 122, 123, 124, 126, 127, 128,
      0,  95,  96,  97,  98,  99, 100, 101, 102, 105, 106, 107, 108, 109, 111, 112,
    114, 115, 118, 121, 123, 124, 125, 126, 127,   0,  95,  97,  98,  99, 100, 101,
    102, 105, 106, 107, 108, 110, 111, 113, 114, 115, 117, 118, 119, 121, 122, 123,
    124, 125, 126, 128,   0,   1,  95,  96,  97,  98,  99, 100, 101, 102, 103, 104,
    105, 106, 107, 108, 109, 110, 111, 112, 113, 114, 115, 117, 118, 119, 120, 121,
    122, 123, 124, 125, 126, 127,   0,   1,  95,  96,  97,  98,  99, 100, 101, 105,
    106, 107, 108, 109, 110, 111, 112, 114, 115, 118, 123, 124, 125, 126, 127,   0,
      1,  95,  96,  97,  98,  99, 100, 101, 102, 103, 104, 105, 106, 107, 108, 109,
    110, 111, 112, 113, 114, 115, 117, 118, 119, 120, 121, 122, 123, 124, 125, 126,
    127,   0,   1,  96,  98,  99, 100, 101, 102, 103, 104, 105, 106, 107, 109, 111,
    112, 114, 115, 118, 123, 125, 127, 128,   0,   1,  95,  97,  98,  99, 100, 101,
    102, 103, 104, 105, 106, 107, 108, 109, 110, 111, 112, 113, 114, 115, 117, 118,
    119, 120, 121, 122, 123, 124, 125, 126, 127, 128,   0,   1,  95,  96,  97,  98,
     99, 100, 101, 102, 103, 104, 105, 106, 109, 110, 111, 112, 113, 114, 115, 117,
    118, 121, 123, 124, 125, 126, 127, 128,   0,   1,  95,  96,  97,  98,  99, 100,
    101, 102, 103, 104, 105, 106, 107, 109, 111, 112, 113, 114, 115, 118, 120, 122,
    124, 127, 128,   0,   1,  95,  96,  97,  98,  99, 100, 101, 102, 103, 104, 105,
    106, 107, 108, 109, 110, 111, 112, 113, 114, 115, 117, 118, 119, 120, 121, 122,
    123, 124, 125, 126, 127,   0,   1,  95,  96,  99, 100, 101, 102, 103, 104, 106,
    109, 111, 112, 114, 115, 118, 121, 124, 126,   0,   1,  95,  99, 100, 101, 102,
    103, 104, 105, 106, 108, 109, 111, 112, 113, 114, 115, 118, 121, 122, 124, 126,
    127,   0,  96,  97,  98,  99, 100, 101, 102, 103, 104, 105, 106, 107, 108, 109,
    110, 111, 112, 113, 114, 117, 118, 119, 120, 122, 123, 124, 125, 126, 127, 128,
      0,   1,  96,  99, 100, 101, 102, 103, 104, 105, 106, 108, 109, 110, 111, 112,
    113, 114, 115, 117, 118, 121, 122, 123, 124, 126, 127,   0,  95,  96,  97,  98,
     99, 101, 102, 103, 104, 105, 106, 107, 108, 109, 110, 111, 113, 114, 115, 117,
    118, 119, 120, 122, 123, 125, 126, 127, 128,   0,   1,  95,  96,  97,  98,  99,
    100, 101, 102, 103, 104, 105, 106, 107, 109, 111, 112, 113, 114, 115, 117, 118,
    121, 122, 123, 125, 126, 127,   0,   1,  95,  96,  97,  98,  99, 100, 101, 102,
    103, 104, 105, 106, 107, 108, 109, 110, 111, 112, 113, 114, 115, 117, 118, 119,
    120, 121, 122, 123, 124, 125, 126, 127, 128,   0,   1,  95,  96,  97,  98,  99,
    100, 101, 102, 103, 104, 105, 106, 107, 108, 109, 110, 111, 112, 113, 114, 115,
    117, 118, 119, 120, 121, 122, 123, 124, 125, 126, 127, 128,   0,  96,  97,  98,
     99, 100, 101, 102, 103, 104, 105, 106, 107, 108, 109, 110, 111, 112, 113, 114,
    117, 118, 119, 120, 122, 123, 125, 126, 127, 128,   1,  37,  38,  39,  40,  41,
     42,  43,  44,  45,  46,  47,  48,  49,  50,  51,  52,  53,  54,  55,  56,  57,
     58,  59,  60,  61, 116,   0,   1,  95,  97,  98,  99, 100, 101, 102, 103, 104,
    105, 106, 107, 108, 109, 110, 111, 112, 113, 114, 115, 117, 118, 119, 120, 121,
    122, 123, 124, 125, 126, 127,   0,   1,  95,  97,  98,  99, 100, 101, 102, 103,
    104, 105, 106, 107, 108, 109, 110, 111, 112, 113, 114, 115, 117, 118, 119, 120,
    121, 122, 123, 124, 125, 126, 127,   0,   1,  95,  96,  97,  98,  99, 100, 101,
    102, 103, 104, 105, 106, 107, 108, 109, 110, 111, 112, 113, 114, 115, 117, 118,
    119, 120, 121, 122, 123, 124, 125, 126, 127,   0,   1,  95,  96,  97,  98,  99,
    100, 101, 102, 103, 104, 105, 106, 107, 108, 109, 110, 111, 112, 113, 114, 115,
    117, 118, 119, 120, 121, 122, 123, 124, 125, 126, 127,   0,  96,  97,  98,  99,
    100, 101, 102, 103, 104, 105, 106, 107, 108, 109, 110, 111, 112, 113, 114, 115,
    117, 118, 119, 120, 121, 122, 123, 125, 126, 127, 128,   0,   1,  96,  99, 100,
    101, 102, 103, 104, 105, 106, 107, 108, 109, 111, 112, 113, 114, 115, 117, 118,
    120, 122, 123, 124, 125, 126, 127,   0,  95,  96,  97,  98,  99, 100, 101, 102,
    103, 104, 105, 106, 107, 108, 109, 110, 111, 112, 113, 114, 115, 118, 119, 121,
    122, 125, 127, 128,   0,  96,  97,  98,  99, 100, 101, 103, 104, 105, 106, 107,
    108, 109, 110, 111, 112, 114, 115, 117, 118, 119, 120, 122, 123, 125, 127, 128,
      0,   1,  96,  97,  98,  99, 100, 101, 102, 103, 104, 105, 106, 107, 108, 109,
    110, 111, 112, 114, 117, 118, 119, 120, 121, 122, 123, 125, 126, 127, 128,   0,
      1,  95,  96,  97,  98,  99, 100, 101, 102, 103, 104, 105, 106, 107, 108, 109,
    110, 111, 112, 113, 114, 115, 117, 118, 119, 120, 121, 122, 123, 124, 125, 126,
    127,   0,   1,  95,  96,  97,  98,  99, 100, 101, 102, 105, 106, 107, 108, 109,
    111, 112, 113, 114, 115, 118, 119, 122, 123, 124, 125, 126, 127,
};

static const int8_t edslab_18_boldKernSparseValues[] = {
     -13,  -12,  -12,  -12,  -42,  -24,  -12,  -24,  -48,  -24,  -12,   -6,  -36,  -18,  -12,  -18,
      12,  -24,  -24,  -24,   -6,  -24,    6,    6,    6,    6,    6,  -12,  -12,  -24,   -6,  -12,
     -18,   -6,  -12,   -6,  -66,  -42,   -6,  -18,  -54,  -18,  -12,   -6,  -12,  -24,  -42,  -30,
     -18,  -24,  -36,  -24,  -24,  -24,  -24,  -36,  -18,  -18,  -18,  -18,  -18,  -24,  -18,  -12,
     -24,  -18,  -12,  -12,  -12,  -12,   -6,  -12,  -12,  -18,  -18,  -18,  -24,  -24,   -6,  -18,
       6,  -12,    6,  -24,  -12,  -18,  -12,    6,  -18,  -24,  -24,    6,  -24,   -6,   12,  -18,
     -12,  -12,  -18,   -6,  -18,  -24,    6,  -36,  -30,  -66,  -48,  -60,   -6,    6,  -12,    6,
      -6,  -12,    6,  -12,  -18,  -12,  -12,  -12,    6,   -6,    6,  -18,    6,    6,    6,    6,
       6,  -12,   -6,  -18,  -24,  -18,  -18,  -12,  -18,  -18,   -6,  -18,  -18,  -18,   -6,  -12,
     -18,  -12,  -12,    6,  -12,  -18,    6,  -30,  -12,  -36,  -12,  -12,  -18,  -18,  -18,   -6,
     -12,    6,    6,   -6,   -6,  -18,    6,   -6,   -6,   -6,  -12,  -18,   -6,   -6,   12,   -6,
      -6,   12,    6,   -6,  -24,  -12,  -12,  -18,  -18,   12,  -12,  -12,   -6,  -12,  -12,    6,
      -6,    6,   12,  -12,  -18,   12,  -18,    6,  -12,   -6,   12,  -24,  -24,  -24,  -12,   -6,
      -6,  -18,  -18,  -30,  -12,  -18,  -18,  -12,  -12,  -12,   -6,   -6,  -12,  -18,  -12,  -24,
      -6,  -12,  -18,   -6,    6,   -6,   -6,  -12,  -18,    6,  -18,    6,  -24,  -12,  -18,   -6,
      -6,   -6,   -6,  -24,   -6,  -18,  -30,  -12,   -6,   -6,  -12,    6,  -12,  -12,  -12,   -6,
     -18,   -6,   -6,   -6,  -24,  -42,  -30,  -30,  -18,   -6,  -18,  -42,  -30,   -6,  -42,  -30,
     -42,  -48,  -30,  -12,  -36,  -18,  -48,  -24,   -6,   -6,   -6,  -12,  -24,  -24,  -12,  -12,
     -12,  -12,    6,    6,  -12,  -18,    6,  -18,    6,  -12,  -12,  -12,  -66,  -12,  -24,   -6,
     -42,   -6,  -12,  -12,  -54,  -12,  -12,  -12,  -18,  -12,  -12,  -24,  -60,  -12,  -42,  -18,
     -24,  -84,  -84, -128, -128, -120,   -6,  -12,  -54,  -24,  -24,  -30,  -24,  -18,  -30,  -30,
     -30,  -36,  -60,  -30,  -30,  -42,  -30,  -24,  -30,  -18,  -36,  -36,  -72,  -66,  -54,  -18,
     -18,  -30,  -12,   12,  -24,   -6,    6,  -12,  -12,  -12,  -12,   -6,   12,  -12,  -12,   -6,
      -6,   -6,   -6,    6,   -6,  -18,  -30,  -36,  -30,  -42,   -6,   -6,  -18,    6,    6,    6,
      -6,   -6,  -12,    6,   -6,  -12,   -6,   -6,  -12,    6,   -6,    6,  -12,    6,    6,  -18,
      -6,  -12,  -12,   -6,   -6,  -36,  -12,   -6,  -12,  -12,   -6,   -6,  -24,  -18,  -12,  -12,
     -18,  -18,  -30,  -18,  -12,  -30,  -30,  -36,  -36,  -30,  -12,  -12,  -18,   -6,  -12,  -18,
     -30,   -6,  -12,  -18,  -24,  -24,  -18,   -6,  -24,  -24,  -12,  -18,  -18,  -24,  -36,  -18,
     -24,  -24,  -18,   18,  -42,   -6,    6,   -6,   -6,   18,  -12,   -6,    6,   -6,   -6,   -6,
      -6,   12,   -6,   12,  -12,    6,  -12,  -18,  -36,  -36,  -42,   -6,    6,   -6,   12,   12,
       6,   12,   -6,   -6,   30,   12,  -18,    6,    6,    6,   12,    6,   12,   18,   18,   18,
      18,    6,  -30,   -6,  -18,   -6,  -24,   -6,   -6,    6,   -6,   -6,  -18,  -24,  -24,  -18,
     -24,  -12,   -6,   -6,    6,   -6,   -6,   -6,   -6,    6,  -12,    6,    6,   -6,   -6,  -12,
      -6,  -24,   -6,  -12,  -90,   -6,  -18,  -12,   -6,   -6,  -12,  -12,   -6,  -24,   -6,   -6,
     -30,   -6,  -18,   -6,  -18,  -18,  -24,  -30,  -24,  -18,  -48,  -12,  -30,  -30,  -36,  -18,
     -54,  -18,   -6,  -12,  -18,  -12,  -36,  -36,  -42,  -24,  -36,  -36,  -24,  -24,  -12,  -18,
     -24,  -24,  -30,  -30,  -42,  -36,   -6,    6,  -42,  -24,   -6,  -12,  -18,  -12,    6,  -18,
      -6,   -6,  -12,   -6,  -12,  -12,  -18,  -18,   -6,  -36,  -36,  -48,  -42,  -48,  -24,  -30,
     -12,  -18,  -24,  -18,  -30,  -30,  -18,  -18,  -12,  -18,    6,   -6,  -18,  -18,  -24,  -18,
      -6,  -12,  -18,  -30,  -18,  -12,  -30,  -24,  -12,  -12,  -24,  -24,  -18,  -24,   -6,  -24,
     -36,  -24,  -24,  -24,  -24,  -24,  -30,  -24,  -24,  -24,  -18,  -18,  -24,  -36,  -30,  -30,
     -12,  -18,  -18,  -12,  -18,  -18,  -12,  -18,  -18,  -12,  -12,  -12,  -24,  -24,  -30,  -24,
     -18,  -24,  -24,  -24,  -18,  -24,  -12,  -12,  -24,  -30,  -12,  -24,  -18,  -18,  -24,  -24,
     -24,  -18,  -12,  -24,  -18,  -18,  -24,  -36,  -24,  -18,  -12,    6,    6,  -42,    6,    6,
       6,  -12,  -24,  -24,  -30,   -6,  -12,  -36,    6,    6,   -6,  -24,  -18,   18,   -6,  -30,
     -24,   -6,   -6,   -6,    6,    6,  -12,  -18,   -6,  -24,   -6,  -12,  -24,  -24,   -6,   -6,
     -24,   -6,   -6,   -6,   -6,   -6,   -6,   -6,  -36,   -6,  -24,    6,   -6,  -30,  -36,  -30,
     -36,  -36,   -6,   -6,  -24,   -6,   -6,   -6,  -18,  -12,   -6,  -18,  -30,  -18,  -30,  -18,
     -18,  -18,  -24,   -6,  -18,   -6,  -30,  -24,  -48,  -36,  -48,  -12,  -18,  -12,  -24,   -6,
     -24,  -12,  -24,   -6,   -6,  -12,   -6,   -6,   -6,   -6,   -6,  -18,  -18,   -6,   -6,  -96,
     -54,  -78,  -78,  -90,  -12,   -6,  -36,  -12,   -6,  -18,  -30,  -18,  -36,  -18,  -18,  -12,
     -24,  -12,   -6,  -18,  -24,  -42,  -36,  -42,  -18,  -24,  -12,  -12,  -18,  -18,  -18,  -12,
     -24,  -18,   -6,  -24,  -18,  -24,  -24,  -24,  -12,  -24,  -30,  -24,  -18,  -18,  -18,  -12,
     -12,  -18,  -18,  -18,  -12,  -18,  -12,  -18,  -18,   -6,  -18,  -12,  -18,  -18,  -18,  -18,
     -24,  -18,  -18,  -12,   -6,  -12,  -60,  -24,  -30,  -12,  -18,   -6,  -30,   -6,  -30,   -6,
      -6,  -18,  -42,   -6,  -24,   -6,  -12,  -24,  -24,  -24,  -18,  -18,   -6,  -42,  -42,  -30,
     -30,  -30,  -24,  -42,  -24,  -24,  -30,  -36,  -36,  -36,  -30,  -30,  -36,  -30,  -42,  -24,
     -24,  -24,  -24,  -24,  -30,  -24,  -24,  -42,  -24,  -18,    6,  -66,  -12,    6,  -18,  -18,
     -24,  -24,  -12,   -6,  -24,  -12,  -18,  -24,   -6,  -18,    6,  -30,   -6,  -30,  -36,  -54,
     -54,  -54,  -30,  -18,  -30,   -6,  -12,  -24,    6,   -6,  -24,  -18,  -12,  -12,   -6,  -12,
     -12,   -6,   -6,   -6,   -6,  -30,  -42,  -18,  -24,    6,  -18, -102,   -6,    6,   -6,   -6,
      -6,    6,   -6,   -6,  -12,  -18,  -12,  -12,  -12,   -6,  -18,    6,   -6,    6,  -18,  -24,
     -24,  -30,  -18,  -12,  -48,  -30,  -30,  -18,  -36,  -48,  -24,    6,   -6,  -30,  -12,   -6,
     -12,  -24,  -18,   -6,   12,   -6,  -18,  -30,  -12,  -48,  -48,  -24,  -42,  -36,  -48,  -48,
     -48,  -42,  -30,  -36,  -30,  -36,  -54,  -42,  -42,  -48,  -42,  -60,  -42,  -48,  -42,  -84,
     -78, -102, -102, -114,  -48,  -60,  -72,  -42,  -42,  -36,  -18,  -12,  -66,  -42,  -18,  -66,
     -78,  -60,  -48,  -42,  -36,  -42,  -54,  -24,  -42,  -36,  -42,  -42,  -42,  -48,  -66,  -48,
     -12,  -12,  -12,   -6,  -18,   -6,   -6,  -12,   -6,   -6,   -6,   -6,   -6,  -24,   -6,  -12,
      -6,  -30,  -30,  -48,  -48,  -48,   -6,   -6,  -24,  -18,  -36,  -18,  -12,  -12,  -18,  -12,
      -6,   -6,  -18,  -24,  -24,  -30,  -36,  -18,  -12,  -24,  -12,    6,  -36,  -12,   -6,  -12,
      -6,  -12,  -12,   -6,  -12,  -18,   -6,  -12,  -12,   -6,  -18,   -6,  -30,  -36,  -48,  -42,
     -48,   -6,  -36,    6,    6,  -18,  -12,  -18,  -12,  -18,  -24,  -24,  -18,  -18,  -24,  -24,
      -6,   -6,  -24,  -24,  -24,  -12,  -30,  -18,  -36,  -78,  -24,  -24,  -12,  -18,  -12,  -24,
     -12,  -12,  -42,  -12,  -18,  -12,  -12,  -30,  -12,  -18,  -12,  -12,  -24,  -30,  -30,  -36,
     -24,  -30,  -60,  -30,  -48,  -54,  -48,  -36,  -54,  -18,  -18,  -30,  -30,  -30,  -54,  -54,
     -42,  -36,  -48,  -66,  -48,  -30,  -42,  -42,  -42,  -54,  -60,  -24,  -54,  -36,  -24,  -90,
     -18,  -36,  -24,  -18,  -18,  -30,  -18,  -18,  -36,  -18,  -18,  -18,  -12,  -42,  -24,  -30,
     -18,  -24,  -24,  -30,  -30,  -30,  -24,  -30,  -54,  -42,  -48,  -36,  -36,  -42,  -60,  -36,
     -24,  -42,  -30,  -30,  -36,  -48,  -42,  -36,  -36,  -48,  -30,  -30,  -30,  -36,  -30,  -42,
     -42,  -36,  -54,  -30,  -36, -126,  -12,  -48,  -12,  -18,  -18,  -54,  -24,  -18,  -60,  -12,
     -24,  -18,  -24,  -48,  -12,  -60,  -18,  -24,  -36,  -24,  -30,  -30,  -24,  -24,  -78,  -36,
     -78,  -72,  -66,  -48,  -72,  -30,  -42,  -60,  -36,  -36,  -78,  -66,  -78,  -60,  -66,  -66,
     -60,  -42,  -54,  -60,  -60,  -60,  -78,  -36,  -78,  -48,  -48, -120,  -18,  -42,  -18,  -24,
     -18,  -48,  -18,  -12,  -54,  -18,  -18,  -24,  -24,  -54,  -30,  -48,  -18,  -24,  -24,  -24,
     -30,  -24,  -24,  -30,  -60,  -36,  -72,  -78,  -60,  -36,  -84,  -36,  -42,  -60,  -48,  -48,
     -60,  -60,  -66,  -48,  -60,  -60,  -54,  -42,  -48,  -60,  -48,  -66,  -72,  -30,  -66,  -54,
     -42,  -96,  -24,  -48,  -18,  -18,  -18,  -42,  -12,  -12,  -54,  -12,  -18,  -24,  -18,  -66,
     -24,  -54,  -24,  -36,  -24,  -30,  -30,  -30,  -30,  -36,  -84,  -42,  -72,  -72,  -72,  -66,
     -84,  -42,  -48,  -66,  -48,  -48,  -66,  -78,  -78,  -60,  -66,  -72,  -72,  -54,  -54,  -66,
     -66,  -66,  -78,  -30,  -84,  -60,  -36,   -6,  -36,  -12,   -6,   -6,  -24,   -6,   -6,  -12,
     -12,   -6,  -12,  -12,  -30,  -12,  -30,   -6,  -12,  -30,  -30,  -24,  -24,  -30,  -12,   -6,
     -36,  -12,   -6,  -18,   -6,  -24,  -24,  -42,  -30,  -30,  -18,  -18,  -12,  -36,  -24,   -6,
     -36,  -30,  -42,  -48,  -60,  -24,  -18,  -30,   -6,  -12,  -24,  -48,  -24,  -18,  -24,  -30,
     -24,  -30,  -24,  -42,  -30,  -48,  -24,  -30,  -36,  -30,  -24,  -24,  -18,  -36,  -36,  -48,
     -48,  -48,  -24,  -30,    6,  -12,  -36,    6,  -12,  -12,  -18,  -12,  -30,  -36,  -18,  -18,
     -18,  -18,   -6,   -6,  -12,  -12,  -24,  -12,  -24,   -6,   -6,    6,  -18,  -36,   -6,   -6,
      -6,  -12,  -24,  -24,  -24,  -30,  -18,  -18,   -6,  -12,   -6,  -18,   -6,  -18,  -12,  -18,
     -18,  -24,  -18,  -24,  -24,  -18,  -30,  -24,  -12,  -24,  -12,  -12,  -12,  -24,  -36,  -24,
     -30,  -18,  -18,  -24,  -30,  -12,  -18,  -12,  -24,  -30,  -36,  -30,  -42,  -24,  -24,   -6,
     -12,    6,  -24,  -42,  -24,  -12,  -18,   -6,  -18,  -24,  -24,  -18,  -12,   -6,  -18,  -18,
      -6,   -6,  -12,  -12,  -18,  -18,  -18,  -30,   30,   -6,  -30,   -6,  -24,  -24,  -24,  -42,
     -30,  -18,  -30,  -18,  -12,  -36,  -36,  -30,  -24,  -24,  -42,   -6,  -36,  -72,  -72,  -54,
     -96,  -24,  -66,  -12,  -18,   -6,  -24,  -48,  -24,  -12,  -18,  -18,   -6,  -30,   -6,   12,
     -42,  -42,  -18,  -30,  -24,   -6,  -24,  -30,  -24,  -12,  -12,  -12,  -12,  -18,  -24,  -30,
     -24,  -36,   -6,  -12,  -42,  -12,  -12,  -12,  -24,  -12,   -6,  -12,  -24,  -18,  -30,  -18,
     -18,  -12,  -18,   -6,  -18,  -24,  -24,  -30,  -30,  -42,  -12,  -24,  -18,  -24,  -12,  -36,
     -12,  -12,  -12,  -18,  -18,  -18,   -6,  -18,  -30,  -42,  -18,  -12,  -12,  -24,   -6,  -18,
      -6,  -24,  -24,  -36,  -36,  -42,  -18,  -18,    6,   12,  -36,    6,    6,    6,    6,  -12,
      12,  -24,  -30,   -6,   -6,    6,    6,    6,   -6,    6,  -12,  -12,  -12,  -12,  -12,  -18,
     -30,  -18,  -12,  -42,   -6,  -18,  -12,  -18,  -12,   -6,  -12,  -18,  -18,  -42,  -12,  -12,
     -12,  -12,   -6,  -12,  -12,  -18,  -18,  -24,  -30,  -36,  -12,  -18,   -6,   -6,  -24,  -36,
     -18,  -18,   -6,  -24,  -18,  -12,  -18,  -30,  -18,  -36,  -18,  -12,  -24,  -24,  -12,  -24,
      -6,  -24,  -24,  -36,  -36,  -24,  -12,  -18,   -6,   -6,   -6,   -6,  -42,   -6,  -12,  -24,
     -12,   -6,  -12,  -30,  -18,  -36,  -12,  -12,  -12,  -18,  -12,   -6,  -18,  -18,  -30,  -30,
     -36,   -6,  -12,  -18,  -12,  -12,  -42,   -6,  -12,   -6,  -18,   -6,  -18,  -12,  -24,  -18,
     -36,  -12,  -12,   -6,  -18,   -6,  -18,  -18,  -30,  -36,  -36,  -42,   -6,  -12,  -12,   12,
     -30,    6,    6,  -12,  -12,  -18,  -12,  -30,  -24,  -12,  -18,    6,  -12,    6,  -18,    6,
     -12,   -6,   -6,  -18,  -24,  -18,  -24,   -6,   -6,    6,  -12,  -36,    6,    6,    6,  -12,
     -18,  -18,  -12,  -30,  -30,  -12,  -12,  -12,    6,  -18,   -6,  -12,  -12,  -18,  -24,  -12,
     -24,   -6,  -12,    6,  -36,   -6,    6,  -18,   36,  -12,  -30,   -6,   -6,   -6,   24,    6,
      -6,   -6,   -6,   -6,   -6,   -6,   -6,   -6,   -6,  -12,   -6,  -30,  -42,   -6,   -6,   -6,
      -6,  -18,  -36,  -12,  -42,  -30,  -12,  -18,  -12,   -6,  -12,  -18,    6,   -6,   -6,  -12,
     -18,  -24,  -24,   -6,  -36,    6,  -12,  -12,  -12,    6,  -12,  -18,  -30,   -6,  -12,   -6,
     -12,    6,  -12,   -6,  -12,  -12,  -18,  -18,  -12,  -18,  -12,  -36,  -30,   -6,   -6,  -18,
     -30,  -18,  -30,   -6,   -6,    6,  -18,    6,  -12,    6,  -30,  -18,  -36,  -30,  -54,  -12,
     -18,  -18,  -12,  -12,  -42,  -18,  -12,  -12,  -18,   -6,  -18,  -12,  -18,  -24,  -36,  -18,
     -12,  -18,  -18,   -6,   -6,   -6,  -18,  -18,  -24,  -24,  -30,   -6,  -18,  -18,  -42,  -48,
     -24,  -24,  -36,  -36,  -42,  -36,   -6,  -24,  -48,  -36,  -24,  -30,  -30,  -12,  -30,  -24,
     -12,  -18,  -12,  -12,  -18,  -18,  -36,  -48,  -36,  -24,  -42,  -30,  -24,  -30,  -24,  -24,
     -36,  -48,  -18,  -30,  -42,  -30,  -24,  -30,  -36,  -12,  -24,  -30,  -18,  -18,   -6,  -18,
     -12,  -24,  -30,  -42,  -36,  -18,  -42,  -30,  -24,  -24,  -24,  -24,  -42,  -42,  -18,  -24,
     -42,  -42,  -30,  -30,  -36,  -18,  -24,  -36,  -12,  -12,  -18,  -18,  -18,  -24,  -30,  -36,
     -54,   -6,  -12,  -30,   -6,  -12,   -6,  -12,  -12,  -12,  -24,   -6,   -6,   -6,   -6,   -6,
      -6,   -6,  -12,  -12,  -18,  -12,  -12,   -6,  -24,  -24,  -12,   -6,   -6,   -6,   -6,  -12,
      -6,   -6,   -6,   -6,  -12,  -12,   -6,  -12,   -6,  -42,  -30,   -6,  -30,  -18,  -30,   -6,
     -30,  -24,  -12,  -30,  -42,  -42,  -30,   -6,  -24,   -6,  -36,  -24,  -24,  -30,  -84,  -66,
     -36,  -24,  -96,  -18,  -18,  -36,  -18,  -18,  -18,  -18,  -12,   -6,  -12,  -18,  -18,  -36,
     -18,  -30,  -24,  -36,  -36,  -18,  -18,  -18,  -18,  -18,  -18,  -36,  -18,  -48,  -54,  -30,
     -18,  -72,  -18,  -18,  -36,  -18,  -18,  -18,  -18,  -12,  -18,   -6,    6,   -6,  -18,   -6,
      -6,   -6,  -12,   -6,   -6,  -24,  -12,  -12,   -6,   -6,   -6,  -18,    6,  -18,  -36,   12,
     -12,  -24,   -6,  -12,  -12,   -6,  -18,    6,   -6,    6,   18,  -30,   18,    6,   18,   -6,
      18,   12,  -12,   12,   -6,    6,  -18,    6,   -6,   -6,   18,    6,   -6,  -18,   -6,   -6,
      -6,   -6,   -6,    6,   -6,  -18,  -18,   -6,   -6,   -6,   18,   -6,   -6,    6,   -6,  -18,
       6,  -12,  -24,   -6,   -6,  -12,   -6,   -6,    6,  -12,    6,   18,  -18,   18,    6,    6,
      18,   -6,   18,   12,   -6,   12,   -6,    6,   12,   18,  -18,   -6,  -96,   -6,   -6,   -6,
     -30,   -6,   -6,  -24,   -6,   -6,   -6,  -54,   -6,   -6,  -12,   -6,  -12,   -6,   -6,   -6,
      -6,   -6,   -6,   -6,   -6,   -6,   -6,   -6,  -24,   -6,  -24,  -48,  -36,  -24,  -36,  -72,
     -36,  -48,  -54,  -24,  -24,  -30,  -66,  -36,  -42,  -48,  -48,  -36,  -36,  -18,  -24,  -48,
     -36,  -36,  -36,  -36,  -18,  -30,  -30,  -36,  -36,  -54,  -36,  -24,  -12,   -6,  -30,   -6,
      -6,   -6,  -30,   -6,   -6,  -18,   -6,   -6,   -6,   -6,   -6,   -6,  -18,   -6,   -6,  -18,
      -6,  -24,  -12,   -6,  -12,   -6,   -6,   -6,   -6,  -18,   -6,  -12,  -12,  -12,  -12,  -12,
     -12,  -12,  -12,  -12,  -24,  -30,  -18,  -12,  -12,  -12,   -6,   -6,  -24,  -18,   -6,  -12,
      -6,  -12,   -6,   -6,  -18,  -12,   -6,   -6,   -6,  -12,  -12,   -6,   -6,   -6,   -6,   -6,
     -18,   -6,   -6,   -6,  -18,   -6,  -18,  -24,   -6,   -6,   -6,  -12,   -6,   -6,  -24,   -6,
      -6,  -24,   -6,  -24,  -24,   -6,  -24,   -6,   -6,  -18,   -6,   -6,  -18,   -6,   -6,   -6,
     -18,  -12,  -18,  -18,  -18,  -12,  -12,  -18,  -18,  -18,  -18,  -18,  -24,  -24,  -48,  -18,
     -54,  -18,  -18,  -18,  -18,  -18,  -18,  -18,  -18,   -6,  -18,   -6,  -36,   -6,   -6,   -6,
     -30,   -6,   -6,   -6,   -6,   -6,   -6,   -6,   -6,  -12,   -6,   -6,   -6,  -36,    6,   -6,
     -36,   -6,   -6,   -6,   -6,   -6,   -6,   -6,  -12,    6,  -12,   12,  -12,   -6,   -6,  -12,
      12,  -12,   12,   -6,    6,   -6,   -6,   -6,   -6,    6,   -6,   12,  -12,  -12,  -24,  -30,
      -6,   -6,   -6,   -6,  -12,  -18,   -6,  -12,  -24,  -12,  -24,  -12,  -12,   -6,  -18,  -18,
     -24,  -12,  -24,  -12,  -12,  -12,  -12,  -12,  -12,  -12,  -24,  -12,  -24,  -30,  -24,  -18,
     -48,  -30,  -12,  -12,  -12,  -12,  -12,  -24,  -24,  -18,   -6,   -6,   -6,  -12,   -6,  -12,
      -6,  -18,   -6,  -24,  -12,   -6,  -18,  -18,  -24,  -12,  -24,  -12,  -12,  -12,  -24,  -12,
     -24,  -30,  -24,  -18,  -48,  -30,  -12,  -12,  -12,  -12,    6,  -12,  -12,   -6,  -12,  -18,
     -18,   -6,   -6,  -18,   -6,  -24,  -18,  -18,   -6,  -12,  -12,   -6,    6,   -6,   -6,  -18,
       6,  -12,  -12,  -12,  -12,   -6,  -12,   -6,   -6,    6,   -6,  -18,    6,  -12,  -48,    6,
      -6,  -48,   -6,   -6,  -18,   -6,   -6,  -12,   -6,  -12,    6,   -6,  -12,  -18,  -24,  -12,
     -18,  -12,  -12,  -12,  -18,  -18,  -12,  -24,  -18,  -18,   -6,  -12,  -18,  -18,  -18,  -18,
     -18,  -12,  -12,  -12,   -6,  -18,   -6,  -18,  -30,   -6,  -42,  -30,   -6,  -12,  -12,  -30,
     -24,  -12,  -18,  -12,   -6,  -12,  -18,  -18,   -6,  -24,  -12,  -18,  -12,  -18,  -12,  -12,
     -18,  -18,  -12,  -18,  -18,  -12,   -6,  -18,   -6,  -18,  -36,   -6,  -42,  -24,   -6,  -12,
     -12,  -18,  -18,  -12,  -12,  -18,  -12,  -12,  -18,  -12,  -12,  -18,  -12,  -12,  -12,  -12,
     -12,  -12,  -12,  -12,  -12,  -12,  -12,  -12,  -12,   -6,  -24,   -6,  -12,  -24,  -18,  -42,
     -24,  -12,  -12,  -12,   -6,  -48,  -12,  -12,  -12,  -42,  -18,  -18,   -6,  -12,  -12,   -6,
     -12,   -6,  -12,   12,   -6,  -18,   12,  -18,  -36,   18,  -12,  -30,   -6,   -6,  -12,   -6,
      -6,  -12,   -6,   -6,   24,    6,    6,  -30,    6,    6,   12,   12,    6,  -24,   -6,   12,
      12,   -6,    6,   -6,    6,  -18,    6,  -12,  -12,  -24,  -18,   -6,  -12,  -12,  -12,   -6,
     -12,  -12,   -6,  -24,  -12,  -18,  -12,  -12,  -12,  -18,  -12,  -12,  -12,  -12,  -12,  -12,
      -6,  -24,   -6,  -18,  -24,  -12,  -12,  -36,  -18,   -6,  -12,   -6,  -18,  -96,  -48,  -12,
      -6,   -6,  -18,  -12,  -42,    6,  -30,    6,   -6,  -30,   -6,   -6,   -6,   -6,  -18,    6,
     -24,  -12,  -18,  -12,  -12,  -36,   -6,   -6,  -12,   -6,   -6,  -12,  -12,  -12,   -6,   -6,
      -6,   -6,  -12,  -18,  -12,  -48,  -12,  -24,  -12,   -6,  -30,   -6,   -6,   -6,  -30,   -6,
     -12,   -6,  -24,  -24,  -12,   -6,  -12,  -12,   -6,   -6,  -12,    6,  -12,  -36,   -6,   -6,
     -36,   -6,   -6,   -6,   -6,   -6,   -6,   -6,   -6,   -6,    6,  -12,   -6,  -24,  -24,  -18,
     -18,  -12,  -18,  -12,   -6,   -6,   -6,  -12,    6,  -18,   -6,  -12,  -24,  -12,   -6,  -12,
      -6,  -12,  -24,  -84,   -6,  -48,   -6,  -12,  -18,   -6,  -12,  -48,  -12,  -12,  -12,   -6,
     -18,  -12,  -24,  -12,   -6,  -12,  -36,  -36,  -24,  -24,  -18,  -54,  -18,  -36,  -24,  -12,
     -12,  -18,  -54,  -12,  -18,  -30,  -12,  -36,  -30,   -6,  -12,  -36,  -30,  -42,  -18,  -12,
     -12,  -24,  -36,  -36,  -36,  -42,  -18,  -30,  -42,  -18, -114,  -12,  -12,  -12,  -54,  -18,
     -18,  -18,  -18,  -24,  -12,  -60,  -12,  -12,  -48,   -6,   -6,  -42,  -12,  -36,  -42,  -18,
     -36,   -6,   -6,  -12,  -12,  -12,  -30,  -24,  -36,  -84,  -66,  -66,  -72,  -96,  -60,  -78,
     -54,  -48,  -48,  -78,  -96,  -72,  -66,  -78,  -72,  -60,  -78,  -54,  -66,  -84,  -72,  -66,
     -78,  -66,  -60,  -72,  -78,  -84,  -78, -102,  -60,  -60,    6,  -12,  -48,  -12,  -12,  -12,
     -42,  -12,  -12,  -12,  -18,  -18,  -24,  -12,  -18,   -6,   18,  -12,  -12,   24,   -6,  -30,
       6,   -6,  -36,  -12,   -6,   -6,   -6,   -6,  -24,   -6,   18,  -24,   12,    6,    6,    6,
     -24,   12,   12,    6,    6,   -6,   -6,   -6,  -12,   12,  -18,  -24,  -12,  -48,  -12,  -12,
     -12,  -48,  -12,  -12,  -30,  -12,  -12,  -12,  -12,  -66,  -12,  -48,  -12,  -24,  -24,  -30,
     -30,  -30,  -42,  -18,  -24,  -30,  -18,  -18,  -24,  -24,  -18,  -18,  -36,  -36,  -24,  -36,
     -24,  -18,  -30,  -36,  -18,  -18,  -18,  -36,  -36,  -66,  -66,  -72,  -18,  -30,  -30,  -12,
     -36,  -24,  -12,  -24,  -18,  -18,  -12,  -24,  -18,  -12,  -24,  -12,  -30,  -12,  -12,  -12,
     -12,  -12,  -18,  -18,  -24,  -12,  -18,  -12,  -24,  -18,  -18,  -12,  -12,  -12,   -6,  -12,
     -18,   -6,  -18,  -30,   -6,  -12,  -30,  -12,  -12,  -18,   -6,   -6,  -12,  -12,   -6,  -12,
     -12,  -24,  -36,  -12,  -18,  -18,  -18,  -12,  -36,  -18,   -6,  -24,  -24,  -24,  -12,   -6,
     -18,   -6,  -12,   -6,   -6,   -6,  -18,   -6,  -12,  -12,  -18,  -18,   -6,  -12,   -6,   -6,
     -12,   -6,  -18,   -6,  -12,  -24,   -6,   -6,  -30,   -6,   -6,  -12,   -6,   -6,   -6,   -6,
      -6,   -6,  -12,  -24,  -24,   -6,  -12,  -12,  -12,  -12,  -18,  -12,  -30,   -6,   -6,  -30,
     -12,  -12,   -6,  -18,  -12,   -6,   -6,   -6,   -6,   -6,  -18,   -6,  -12,  -24,  -12,   -6,
     -30,   -6,   -6,   -6,   -6,  -12,  -30,  -24,   -6,   -6,  -18,  -18,  -12,  -18,   -6,  -12,
     -24,  -12,  -24,  -12,  -18,  -12,   -6,   -6,  -24,   -6,   -6,  -12,  -12,   -6,  -12,   -6,
      -6,  -12,   -6,  -18,   -6,  -12,  -18,  -18,  -12,  -36,  -18,   -6,   -6,   -6,   -6,   -6,
     -30,    6,   -6,  -18,   -6,   -6,   -6,  -30,   -6,  -18,  -18,  -12,  -12,   -6,    6,   -6,
      -6,    6,  -60,  -48,   12,   -6,  -66,   -6,   -6,  -30,   -6,   -6,    6,   -6,    6,   30,
      -6,  -30,   12,   -6,   -6,   -6,   -6,   -6,   18,   -6,   -6,   12,   12,   -6,   12,   -6,
     -18,    6,   -6,   -6,    6,   -6,   12,   -6,  -12,  -24,  -24,   -6,   -6,   -6,   -6,  -12,
      -6,  -18,   -6,  -24,   -6,   -6,   -6,   -6,  -24,  -12,  -12,   -6,  -12,  -12,   -6,  -12,
     -12,  -18,  -12,  -18,  -18,  -24,  -18,   -6,   -6,  -30,    6,  -12,  -24,   -6,   -6,   -6,
     -30,  -12,   -6,  -24,  -18,  -12,   -6,  -12,    6,   -6,   -6,   18,  -60,  -54,   12,   -6,
     -66,   -6,   -6,  -36,   -6,   -6,    6,   -6,   18,   18,  -24,   12,   -6,   12,   -6,   12,
       6,   -6,   12,   -6,   -6,   -6,   -6,    6,   -6,   12,   -6,  -12,    6,   -6,  -42,   -6,
      -6,   -6,  -24,   -6,   -6,   -6,  -24,  -24,   -6,   -6,   -6,   -6,   12,   -6,   -6,   12,
      -6,  -24,   18,  -12,  -36,  -12,  -12,   -6,   -6,   -6,    6,  -12,   -6,    6,   18,  -24,
      12,   -6,   12,  -12,   12,   12,    6,    6,   -6,   12,   -6,   12,  -18,   -6,    6,  -12,
     -30,  -12,   -6,   -6,  -30,  -12,   -6,   -6,  -18,  -18,  -12,  -12,  -18,  -12,   12,  -12,
     -12,    6,  -12,  -30,   18,  -12,  -36,  -12,  -12,  -12,  -12,  -12,    6,  -12,   -6,   24,
      -6,  -30,   12,    6,  -24,   -6,   -6,   12,    6,    6,   -6,  -12,   12,  -18,  -12,  -30,
     -30,  -12,  -18,  -12,  -12,   -6,  -18,  -12,   -6,  -24,  -12,  -30,  -12,  -12,   -6,  -12,
     -24,   -6,  -12,  -12,  -18,  -18,  -18,  -18,  -24,   -6,  -12,  -30,  -18,  -36,  -24,  -18,
      -6,   -6,  -18,  -18,   -6,  -12,  -12,  -12,   -6,  -18,  -18,   -6,   -6,   -6,  -12,  -30,
      -6,  -12,  -30,   -6,  -42,   -6,  -18,  -12,   -6,  -12,  -12,    6,   18,  -24,   18,   -6,
       6,   -6,   -6,   12,   -6,   12,  -18,   12,  -18,   12,   -6,   -6,    6,   -6,   12,  -18,
     -18,    6,   12,   -6,   -6,  -12,    6,  -12,   -6,   -6,   -6,   -6,   -6,    6,  -12,   12,
      -6,    6,  -12,    6,   -6,    6,   -6,   -6,    6,  -12,  -24,   -6,  -12,  -48,   -6,  -18,
     -12,  -18,  -42,   -6,   -6,   -6,   -6,   -6,   -6,   -6,   -6,  -12,   -6,   -6,  -12,   -6,
      -6,   -6,  -24,  -30,  -24,  -24,  -12,  -12,  -18,  -18,  -18,  -18,  -18,  -18,  -30,  -24,
     -18,  -18,   -6,  -12,  -18,   -6,  -24,  -18,  -24,  -24,  -24,   -6,  -42,  -12,  -12,  -30,
     -12,  -12,  -18,   -6,   -6,  -18,  -18,    6,    6,   18,   -6,   -6,  -12,   12,  -12,  -12,
      -6,   -6,   -6,   12,   -6,   -6,   12,  -12,   12,  -12,   -6,   -6,   -6,   -6,   12,  -18,
     -12,   -6,   -6,   -6,  -12,  -12,  -12,  -12,   -6,   -6,  -18,   -6,  -12,  -12,  -12,  -12,
      -6,  -18,   -6,  -12,  -24,  -12,   -6,  -30,   -6,   -6,  -18,   -6,   -6,  -12,   -6,  -12,
      -6,  -18,   -6,   12,   -6,  -18,   12,   -6,    6,   -6,   -6,   -6,   -6,   -6,    6,  -12,
       6,  -12,   -6,  -12,   -6,   -6,   12,   -6,  -24,  -12,  -12,  -12,  -12,  -24,  -18,  -18,
     -18,  -36,  -36,  -12,   -6,  -18,  -12,  -12,  -12,  -24,  -12,  -24,  -36,  -24,  -12,  -36,
      -6,   -6,  -24,  -12,  -12,  -18,   -6,  -12,  -18,   -6,  -24,  -12,  -12,   -6,  -12,   -6,
     -18,  -12,  -12,  -12,  -36,  -36,  -12,  -12,  -12,   -6,  -30,  -12,  -24,  -24,  -18,  -12,
     -36,  -30,   -6,  -12,   -6,  -12,  -12,   -6,  -24,   -6,   -6,   -6,   -6,   -6,  -12,   -6,
     -12,   -6,  -18,  -12,  -12,  -12,   -6,   -6,  -24,   -6,  -12,  -24,  -12,  -48,   -6,   -6,
      -6,   -6,   -6,  -30,  -12,  -12,  -12,   -6,   -6,  -24,  -18,   -6,  -12,  -18,  -18,   -6,
      -6,   -6,   -6,  -18,   -6,  -24,   -6,  -18,  -36,  -24,   -6,  -36,   -6,   -6,  -18,   -6,
     -12,   -6,   -6,  -12,   -6,  -12,  -12,   -6,    6,  -18,   -6,  -12,   -6,   -6,  -12,   -6,
     -12,  -12,   -6,  -18,  -12,  -18,   -6,   -6,   -6,   -6,  -12,  -12,  -24,  -18,  -12,  -12,
     -12,  -12,   -6,  -12,   -6,  -24,  -18,  -18,   -6,  -18,  -18,  -24,   -6,   -6,  -12,   -6,
      -6,  -18,   12,  -18,  -18,  -36,   12,  -12,   -6,  -12,  -12,  -18,  -18,  -24,  -24,    6,
     -12,  -18,    6,  -12,  -18,  -18,  -24,   -6,  -12,  -12,  -12,   -6,   -6,  -12,    6,  -18,
     -18,  -12,    6,  -24,   -6,   -6,   -6,   -6,   -6,   -6,   -6,   -6,  -24,   -6,  -24,   -6,
      -6,  -18,  -18,   -6,  -12,   -6,   -6,   -6,  -12,   -6,   -6,  -30,  -12,   12,  -12,  -12,
     -30,  -24,   -6,  -12,   -6,  -12,  -18,   -6,  -18,   -6,  -12,  -12,   -6,  -12,    6,   -6,
     -24,   -6,   -6,  -12,  -12,  -12,  -12,    6,  -18,  -12,   -6,   -6,    6,   -6,   -6,  -18,
      -6,   -6,   -6,   -6,   -6,  -12,  -12,   -6,    6,   -6,    6,   -6,  -18,   -6,   -6,  -18,
      -6,   -6,   -6,   -6,   -6,    6,  -12,   -6,  -24,    6,  -12,  -12,  -48,  -12,  -24,  -12,
     -12,  -12,  -18,  -42,  -18,  -18,   -6,   -6,  -18,  -12,  -12,  -12,  -12,  -18,  -12,  -12,
     -12,   -6,  -24,  -18,  -12,  -12,  -30,  -12,  -30,  -12,  -18,  -24,   -6,  -18,  -18,  -60,
     -18,  -24,  -24,  -12,  -12,  -18,  -48,  -24,  -12,  -18,  -12,   -6,  -18,   -6,  -12,  -30,
     -12,  -12,  -12,  -12,   -6,  -12,  -12,  -18,  -18,  -36,  -18,  -30,  -30,   12,  -12,  -12,
     -36,   12,  -24,   -6,   -6,   -6,  -18,  -12,  -24,  -18,    6,  -24,  -12,   12,   -6,  -18,
     -12,  -18,  -12,  -18,  -18,  -12,  -18,  -12,   12,  -18,  -12,  -24,  -48,  -24,  -24,  -30,
     -18,  -24,  -24,  -12,  -24,  -18,  -36,  -18,  -18,  -30,  -18,  -24,  -24,  -18,  -18,  -24,
     -18,  -18,  -24,  -24,  -24,  -12,  -18,   -6,   -6,   -6,  -30,  -18,  -18,   -6,  -12,  -12,
      -6,  -18,   -6,   -6,   -6,   -6,  -12,   -6,  -12,  -18,  -12,   -6,  -24,   -6,   -6,   -6,
      -6,   -6,  -12,   -6,   -6,  -12,   -6,  -18,  -12,   -6,   -6,  -30,  -18,  -24,  -24,  -18,
     -18,   -6,  -18,   -6,   -6,  -18,   -6,  -18,  -12,   -6,  -12,  -24,   -6,  -18,   -6,   -6,
      -6,   -6,   -6,  -12,   -6,   -6,  -18,   -6,  -12,   -6,    6,   -6,   -6,  -30,  -18,  -12,
     -18,  -12,  -12,   -6,  -12,   -6,   -6,   -6,   -6,  -12,   -6,   -6,  -18,  -24,   -6,  -30,
      -6,   -6,   -6,   -6,   -6,  -24,   -6,  -12,   -6,  -12,  -12,  -18,   -6,   -6,   -6,  -30,
     -12,  -18,  -12,  -18,  -18,   -6,  -30,   -6,   -6,  -18,  -12,  -24,  -12,   -6,  -24,  -18,
      -6,  -24,   -6,   -6,   -6,   -6,   -6,  -18,   -6,  -12,  -12,  -18,    6,  -12,   -6,  -18,
       6,  -12,   -6,  -12,  -12,  -12,   -6,  -12,  -12,   12,  -12,  -24,    6,  -12,  -30,    6,
      -6,  -48,   -6,   -6,   -6,   -6,  -12,   -6,   -6,    6,  -12,   -6,  -12,    6,  -30,   -6,
     -12,   -6,  -18,  -18,   -6,  -12,  -12,   -6,  -12,   -6,   -6,   -6,  -18,  -18,   -6,  -18,
      -6,   -6,   -6,   -6,   -6,   -6,   -6,  -24,    6,   12,   -6,   -6,  -30,   12,   -6,   -6,
      -6,  -12,  -12,   -6,   -6,   -6,   12,   -6,  -18,    6,  -12,  -42,    6,  -48,   -6,   -6,
      -6,   -6,   12,   -6,  -18,   18,  -18,  -18,  -36,    6,   -6,   -6,   -6,  -12,  -12,   -6,
      -6,    6,  -12,  -12,    6,  -12,   -6,  -12,  -18,   -6,   -6,   -6,  -12,  -12,    6,  -12,
     -24,    6,   12,  -12,  -12,  -30,    6,  -18,   -6,   -6,   -6,  -18,  -12,  -18,  -12,    6,
     -12,  -18,    6,  -12,  -12,  -18,  -12,  -12,   -6,  -12,  -12,   -6,   -6,    6,  -18,  -18,
     -12,  -18,   -6,   -6,   -6,  -30,  -18,  -24,  -24,  -12,  -12,   -6,  -18,   -6,   -6,  -18,
      -6,  -18,   -6,   -6,  -24,  -24,   -6,  -36,   -6,   -6,   -6,   -6,   -6,   -6,   -6,  -12,
     -18,  -18,    6,   -6,   12,   -6,   -6,  -30,   12,  -12,   -6,   -6,  -18,  -12,   -6,    6,
     -12,    6,   -6,   -6,    6,  -18,   -6,  -12,  -12,   -6,   -6,  -12,   12,
};

static const EpdFontData edslab_18_bold = {
    edslab_18_boldBitmaps,
    edslab_18_boldGlyphs,
    edslab_18_boldIntervals,
    55,
    46,
    35,
    -11,
    true,
    edslab_18_boldGroups,
    11,
    nullptr,
    nullptr,  // kernLeftClasses: built-in fonts use the split arrays below
    nullptr,  // kernRightClasses
    edslab_18_boldKernLeftCodepoints,
    edslab_18_boldKernLeftClassIds,
    edslab_18_boldKernRightCodepoints,
    edslab_18_boldKernRightClassIds,
    nullptr,  // kernMatrix: built-in fonts use the sparse form below
    edslab_18_boldKernRowOffsets,
    edslab_18_boldKernSparseCols,
    edslab_18_boldKernSparseValues,
    129,
    129,
    129,
    129,
    nullptr,
    0,
};
