/**
 * generated by fontconvert.py
 * name: edslab_18_bolditalic
 * size: 18
 * mode: 2-bit  compressed: true
 * Command used: fontconvert.py edslab_18_bolditalic 18 ../builtinFonts/source/EdsLab/EdsLab-BoldItalic.ttf --2bit --compress --pnum --zopfli
 */
#pragma once
#include "EpdFontData.h"

static const uint8_t edslab_18_bolditalicBitmaps[25472] = {
    0xBC, 0x57, 0x31, 0x8C, 0xE5, 0x48, 0x11, 0xED, 0xFF, 0xCD, 0xAE, 0x05, 0x0E, 0xBC, 0x01, 0x2B,
    0x21, 0x26, 0x70, 0x4E, 0x40, 0x27, 0x84, 0x48, 0x6D, 0xF2, 0x64, 0x82, 0xFB, 0x9B, 0x10, 0x6C,
    0x1E, 0x4D, 0x1E, 0xB5, 0x25, 0x02, 0xD2, 0x4D, 0x20, 0x25, 0x81, 0x64, 0xF3, 0x80, 0x04, 0xDA,
    0x5A, 0x42, 0x82, 0x33, 0x42, 0x1B, 0x63, 0x89, 0xDB, 0x80, 0xE8, 0x7C, 0xC2, 0x27, 0x79, 0x99,
    0xB6, 0x1F, 0xF5, 0x9E, 0x3C, 0x9E, 0x3F, 0xDA, 0x15, 0x12, 0xC9, 0x79, 0xEC, 0xE7, 0x6E, 0xFF,
    0x72, 0xD5, 0xAB, 0xAA, 0xEA, 0x6A, 0x8F, 0xAB, 0xB3, 0x6B, 0xEC, 0x5C, 0x9C, 0x9F, 0x5D, 0x98,
    0xF6, 0x33, 0x8E, 0x2E, 0x0D, 0x2E, 0xF5, 0x0E, 0x3C, 0x4F, 0xE8, 0x4E, 0x68, 0xCF, 0x70, 0x85,
    0x9D, 0x1B, 0xCF, 0x72, 0x75, 0x55, 0xE6, 0x59, 0x2F, 0xCE, 0x8E, 0xCA, 0x5E, 0x5A, 0x78, 0x46,
    0xE9, 0x68, 0x3A, 0xE7, 0xEF, 0xE1, 0xEF, 0xB7, 0x70, 0xBF, 0x86, 0xFB, 0x1C, 0xBE, 0xCE, 0xF1,
    0x1F, 0x4B, 0xFC, 0x72, 0x49, 0x5F, 0xCE, 0xE9, 0x77, 0x13, 0x5E, 0x4F, 0xF6, 0x8A, 0x37, 0x23,
    0xBD, 0xDD, 0xC3, 0xE8, 0xD0, 0x39, 0x67, 0x13, 0x33, 0x61, 0x77, 0x74, 0x67, 0xD8, 0xCD, 0x26,
    0xC5, 0x6A, 0x77, 0x9B, 0x94, 0xD9, 0x39, 0xDA, 0xA4, 0xA9, 0x00, 0x1E, 0xD9, 0x45, 0xDD, 0x17,
    0x97, 0x74, 0x9F, 0x8F, 0xFB, 0x25, 0x7E, 0xB8, 0xE0, 0x37, 0xB7, 0xCE, 0xA5, 0x43, 0x5D, 0x71,
    0xAD, 0xCE, 0x26, 0x95, 0xD4, 0xAD, 0x52, 0xE7, 0xC1, 0x63, 0x7D, 0x50, 0xFB, 0x89, 0xFA, 0x97,
    0xE9, 0x4A, 0x9D, 0xBB, 0x56, 0xE7, 0x3E, 0xA7, 0x8E, 0x93, 0x86, 0xCE, 0xD5, 0x0B, 0xC3, 0xA0,
    0xA3, 0x99, 0x85, 0x9A, 0x79, 0x61, 0x18, 0x0D, 0x6E, 0xB0, 0x51, 0x0D, 0x30, 0xBA, 0xFA, 0x30,
    0xBD, 0xBA, 0x34, 0xBB, 0x66, 0x63, 0xD0, 0x8B, 0xED, 0x04, 0xEA, 0xA5, 0xB9, 0x32, 0x17, 0x14,
    0xFE, 0x23, 0xC7, 0xB4, 0xD9, 0x29, 0x2E, 0x0A, 0x3C, 0xF0, 0x2F, 0xC3, 0x08, 0x7C, 0x65, 0x36,
    0x00, 0x98, 0x58, 0x82, 0xBD, 0xEE, 0x9E, 0x25, 0xD0, 0xCC, 0x73, 0xC8, 0x64, 0xDC, 0xCD, 0x87,
    0x8E, 0x54, 0x42, 0xCF, 0x71, 0xB2, 0x71, 0x18, 0x92, 0x8D, 0xD1, 0xA7, 0xD9, 0x08, 0xB5, 0xF4,
    0x7A, 0x73, 0x41, 0x9E, 0x57, 0x90, 0x9A, 0x44, 0xC5, 0x4C, 0x82, 0x0C, 0x0B, 0x37, 0xE1, 0x4A,
    0xBC, 0xD9, 0x5A, 0x17, 0x47, 0xBA, 0x31, 0x90, 0x73, 0x09, 0xCC, 0x67, 0xB4, 0x74, 0x28, 0x53,
    0x38, 0xCC, 0x75, 0xAE, 0x56, 0xA6, 0xB6, 0xCC, 0x75, 0x36, 0x65, 0x5D, 0x91, 0x19, 0x16, 0xB4,
    0x65, 0x8E, 0x23, 0x83, 0x59, 0x2F, 0x90, 0x7D, 0xFF, 0x0D, 0x9D, 0x4A, 0xFF, 0xC1, 0x3F, 0x21,
    0x77, 0xF0, 0x57, 0xEA, 0x0F, 0x00, 0x5F, 0x33, 0x2E, 0x8B, 0x57, 0x14, 0xDF, 0xB6, 0x61, 0x7A,
    0xFE, 0x7B, 0x8E, 0xD0, 0x03, 0x2D, 0x03, 0xF8, 0x6B, 0x60, 0x20, 0xB5, 0x06, 0xF4, 0xB4, 0xDC,
    0xC2, 0x06, 0x13, 0xAD, 0x73, 0x1A, 0x1A, 0xE6, 0x77, 0x46, 0xAB, 0xB2, 0xF9, 0x06, 0xAE, 0xB6,
    0xE7, 0xE9, 0x6F, 0x76, 0x27, 0x83, 0x77, 0x60, 0x32, 0x0A, 0x58, 0x65, 0xA7, 0xC1, 0x5E, 0x73,
    0x72, 0xD7, 0xAC, 0x25, 0xC6, 0xD0, 0x5E, 0x0D, 0xE0, 0x6B, 0x93, 0x2B, 0x15, 0xED, 0x53, 0xFA,
    0x68, 0x48, 0xC7, 0x7A, 0xF1, 0xD3, 0x43, 0xE8, 0x56, 0xE0, 0x7D, 0x6A, 0x15, 0x96, 0xE7, 0xA4,
    0xAA, 0xB8, 0xA8, 0x28, 0xAE, 0x66, 0x1B, 0xD1, 0x54, 0xB5, 0x0A, 0x9D, 0x74, 0xB8, 0x86, 0xBC,
    0xA9, 0x6B, 0xA2, 0x7E, 0x86, 0x1C, 0x5D, 0x89, 0x98, 0x9D, 0x31, 0x5E, 0x6B, 0x66, 0xBF, 0x99,
    0x2B, 0xFC, 0x02, 0x46, 0xA2, 0xC0, 0xBB, 0xCD, 0xE2, 0x7C, 0xC2, 0xDF, 0x57, 0x17, 0x07, 0x87,
    0xFB, 0xCC, 0xC5, 0x19, 0x59, 0xF6, 0xA3, 0xF3, 0x18, 0x99, 0xDE, 0xDA, 0xB4, 0x86, 0xD5, 0xB4,
    0xB6, 0x2C, 0x6A, 0x39, 0x03, 0x55, 0xD7, 0x19, 0xD8, 0xD2, 0xC4, 0x52, 0x7F, 0x13, 0x66, 0x0B,
    0x88, 0x9F, 0xC3, 0x64, 0x7F, 0x63, 0x1C, 0x62, 0x9F, 0xFA, 0xD4, 0x89, 0x94, 0x8E, 0x33, 0x09,
    0x31, 0x3A, 0x66, 0x92, 0x94, 0xC6, 0x9D, 0x72, 0xB3, 0xEA, 0x91, 0xA2, 0x4E, 0xFA, 0x94, 0xE2,
    0x23, 0x3F, 0x5F, 0x3F, 0xB7, 0x48, 0xEA, 0x47, 0x26, 0x81, 0x12, 0x79, 0x07, 0x06, 0xF3, 0x5A,
    0x56, 0x10, 0xC7, 0x27, 0x90, 0x04, 0x03, 0xE1, 0xFA, 0x07, 0x0A, 0x1F, 0x40, 0x05, 0xCD, 0xA1,
    0x54, 0x21, 0x15, 0xBB, 0xB3, 0xC2, 0x09, 0x69, 0x5D, 0x1F, 0x64, 0x2A, 0x05, 0x95, 0x0A, 0xAF,
    0x8E, 0x9F, 0x13, 0x92, 0xA2, 0x2D, 0xBE, 0xB2, 0xA2, 0x56, 0x24, 0xB5, 0xFB, 0x7A, 0xA6, 0xC6,
    0x4E, 0x3E, 0x3D, 0x40, 0xA4, 0x9E, 0xF0, 0x94, 0x8E, 0x7F, 0x0A, 0xE1, 0x29, 0xC4, 0xC3, 0x1F,
    0xF4, 0x9F, 0x86, 0x87, 0xA0, 0xCA, 0x90, 0x27, 0x8A, 0x4C, 0xDC, 0xA3, 0x28, 0xDB, 0x92, 0x90,
    0x1F, 0x7A, 0x7E, 0x66, 0xA1, 0x54, 0x74, 0x35, 0xEA, 0x91, 0xAC, 0x74, 0xF2, 0xE7, 0x38, 0x8A,
    0xD5, 0xAE, 0xEC, 0xCE, 0xBF, 0xCA, 0x3F, 0x2B, 0xEF, 0xB7, 0x85, 0x0B, 0xD0, 0x03, 0x6B, 0x05,
    0x8C, 0x67, 0xA0, 0xB5, 0xF9, 0x10, 0x81, 0x25, 0x00, 0x53, 0x48, 0x5F, 0x0F, 0x3F, 0x0A, 0xEF,
    0x3A, 0xC7, 0x2E, 0x10, 0x4D, 0xCF, 0xB3, 0x2F, 0x4C, 0xFD, 0xCC, 0xCC, 0xEB, 0x7A, 0x76, 0xF7,
    0xED, 0xAD, 0x07, 0xC6, 0x00, 0x5D, 0x43, 0x60, 0x2D, 0xC5, 0x5D, 0x96, 0x95, 0x6E, 0x4C, 0xCE,
    0x4B, 0x65, 0x25, 0xDA, 0x6C, 0x4D, 0xAE, 0x72, 0x3D, 0xF9, 0xD1, 0x77, 0x3F, 0x70, 0xCF, 0x2E,
    0x97, 0x4F, 0xDE, 0x2B, 0x47, 0xBF, 0x84, 0x25, 0x5A, 0xC5, 0x35, 0x9D, 0x3B, 0x0E, 0x2F, 0x8C,
    0x2D, 0x11, 0x84, 0xD3, 0x4A, 0x2C, 0x32, 0xB1, 0x9C, 0x89, 0xF5, 0x44, 0x6C, 0x06, 0x62, 0xE8,
    0xFF, 0x97, 0xF8, 0x72, 0x25, 0x3E, 0x5E, 0x89, 0x77, 0x8F, 0xE2, 0x1B, 0xF1, 0x2C, 0xF1, 0x62,
    0xDF, 0xAD, 0x88, 0xB5, 0xC4, 0xBD, 0xC4, 0x83, 0xC4, 0x13, 0xC1, 0xFD, 0x9F, 0xE2, 0x7F, 0x12,
    0xBE, 0x20, 0xB0, 0xDF, 0xAA, 0x5F, 0x06, 0x35, 0x62, 0xAD, 0xC2, 0xCA, 0x70, 0x72, 0x0D, 0x7E,
    0x8B, 0xD9, 0x45, 0x6D, 0x91, 0x18, 0x2C, 0xF1, 0xCC, 0x73, 0x95, 0xD5, 0xDC, 0xD7, 0x72, 0x25,
    0xD6, 0x99, 0x69, 0xAC, 0x67, 0x62, 0x33, 0x11, 0xBD, 0x61, 0x99, 0xC3, 0x28, 0x64, 0x0D, 0x08,
    0xEB, 0x25, 0x1A, 0x36, 0x33, 0xD1, 0x4F, 0xC4, 0x30, 0x52, 0x26, 0xF5, 0x61, 0x62, 0x95, 0x85,
    0x99, 0xF5, 0xE3, 0x57, 0x2E, 0xDB, 0xDA, 0xCC, 0x2E, 0x36, 0xDD, 0xFB, 0x00, 0x6B, 0x28, 0x41,
    0xEB, 0x03, 0x6F, 0x0C, 0xD9, 0x3A, 0xBC, 0xD1, 0x09, 0xBA, 0x7A, 0xF7, 0x52, 0xCD, 0xB8, 0xDB,
    0xAF, 0x96, 0xBB, 0x9C, 0x5A, 0x7F, 0xC1, 0x6B, 0x23, 0x25, 0x52, 0x21, 0x11, 0x5D, 0xDA, 0xF2,
    0x48, 0xB8, 0xE1, 0x35, 0x91, 0x0E, 0xC9, 0xEC, 0xD7, 0x60, 0x9B, 0xE7, 0x7B, 0x46, 0xA2, 0x8B,
    0x40, 0xCB, 0xB6, 0xCA, 0x8B, 0x11, 0x5A, 0xF6, 0x16, 0x2A, 0x4A, 0xA3, 0xE8, 0xB1, 0x7F, 0x5D,
    0x92, 0x3E, 0x41, 0x9A, 0xCC, 0xF7, 0xEB, 0x4C, 0x0D, 0x95, 0xC6, 0x95, 0x85, 0xED, 0x8D, 0x0C,
    0xC9, 0x84, 0xD6, 0xD7, 0xBE, 0x8A, 0xF7, 0x85, 0xE1, 0xD2, 0xAA, 0xE1, 0xCC, 0x21, 0x1F, 0x97,
    0xD8, 0xE4, 0x1F, 0xE5, 0x34, 0x2C, 0x34, 0xAC, 0xC1, 0x12, 0x66, 0x43, 0x62, 0xFB, 0x27, 0x86,
    0x6F, 0x2F, 0x17, 0x43, 0x6D, 0x7C, 0x11, 0xDA, 0x81, 0x0F, 0xA4, 0x87, 0x9A, 0x34, 0x9A, 0x78,
    0x61, 0x10, 0xBE, 0xB4, 0xB7, 0xA6, 0x63, 0x2F, 0x6E, 0x68, 0x81, 0x5B, 0xB7, 0x16, 0xAB, 0xEC,
    0x88, 0xE5, 0x4A, 0x04, 0x2D, 0x9F, 0xA8, 0x66, 0x4F, 0x01, 0x91, 0xCC, 0x4B, 0x89, 0xBA, 0x24,
    0x0C, 0xA3, 0x70, 0x38, 0x90, 0x9B, 0x66, 0xCB, 0x4C, 0xA4, 0xDE, 0xDE, 0x68, 0x93, 0x85, 0x01,
    0x2E, 0x6C, 0x97, 0x24, 0x22, 0x98, 0x45, 0x6D, 0x30, 0x02, 0x72, 0xEF, 0x4E, 0xF9, 0x3C, 0xDE,
    0x95, 0xFE, 0x42, 0x58, 0x0B, 0x83, 0x78, 0x42, 0xFD, 0x52, 0x58, 0x29, 0x17, 0x5E, 0x98, 0xFE,
    0xBD, 0x91, 0xE1, 0x5F, 0x0C, 0x4B, 0x30, 0xC7, 0xCD, 0xCA, 0x2C, 0xC7, 0xB9, 0x32, 0xC4, 0x60,
    0xA9, 0x28, 0xB8, 0x8B, 0x32, 0x45, 0xAF, 0x3F, 0xDE, 0x06, 0x30, 0x5F, 0xC2, 0x51, 0x38, 0x44,
    0xE1, 0xE1, 0x44, 0xDC, 0xE9, 0x1B, 0x58, 0x05, 0x70, 0xB8, 0x17, 0x1E, 0x44, 0xE1, 0xC0, 0xC2,
    0x30, 0xEF, 0x58, 0x0A, 0x2B, 0x43, 0x33, 0xB3, 0x5A, 0x27, 0x61, 0x6D, 0x91, 0xFD, 0xA7, 0x1F,
    0x4F, 0xC2, 0x80, 0xAD, 0x95, 0xE2, 0x59, 0x8A, 0x37, 0x8E, 0xA9, 0xF3, 0x27, 0x97, 0x3B, 0x79,
    0xAA, 0x4D, 0x81, 0x6B, 0xE2, 0x29, 0x21, 0xA1, 0x9E, 0x3F, 0x7F, 0x8C, 0x2D, 0xF7, 0x9C, 0xDA,
    0xB2, 0xAF, 0xD8, 0x86, 0xBD, 0x18, 0x99, 0xA2, 0xA7, 0xB1, 0x3D, 0xA9, 0xC6, 0x1A, 0x50, 0x7F,
    0x62, 0x52, 0x8B, 0x5D, 0xF4, 0xBD, 0x25, 0xDE, 0xAF, 0x24, 0x1C, 0x27, 0x22, 0xB7, 0x5E, 0x7D,
    0x06, 0x35, 0x93, 0xFA, 0xFD, 0x6D, 0xB9, 0xDE, 0xA0, 0x33, 0x13, 0x72, 0x0E, 0x54, 0xEA, 0x0D,
    0xD1, 0x06, 0x7C, 0x78, 0x8D, 0x2E, 0xAC, 0xAC, 0xE4, 0x38, 0x91, 0x15, 0x99, 0x72, 0x57, 0xE6,
    0x58, 0xD8, 0x25, 0xAD, 0x44, 0xF1, 0x24, 0xF7, 0x72, 0x73, 0x41, 0x4B, 0x24, 0x6C, 0xAF, 0x60,
    0x83, 0x63, 0x01, 0x71, 0xB1, 0x6A, 0x65, 0xD3, 0x94, 0x08, 0x22, 0xEF, 0x08, 0x46, 0x75, 0xC7,
    0xCB, 0xE5, 0x12, 0xA7, 0xC7, 0xAA, 0x93, 0x2C, 0x49, 0xEE, 0x1B, 0xD2, 0x1E, 0xF5, 0xF0, 0x9D,
    0x8A, 0x1C, 0x5D, 0x33, 0x62, 0x53, 0x79, 0xB2, 0x35, 0xAA, 0xA2, 0x1A, 0xBC, 0xC2, 0x44, 0x87,
    0xC3, 0xC4, 0x24, 0xFA, 0x89, 0x09, 0x6D, 0x26, 0x6A, 0xF3, 0x44, 0x16, 0x1C, 0x7A, 0x9E, 0x69,
    0x2E, 0xD1, 0xED, 0x35, 0x10, 0xE8, 0x34, 0x7D, 0x5F, 0xA5, 0x0C, 0xA6, 0xEC, 0xC3, 0x1D, 0xDA,
    0x86, 0xD3, 0x5E, 0xAB, 0xBE, 0x0F, 0x23, 0x91, 0xD1, 0x46, 0xC7, 0x8A, 0x40, 0x6B, 0xE3, 0x02,
    0x4A, 0xE0, 0xF6, 0xB8, 0xCA, 0x8E, 0x4A, 0x38, 0x63, 0xEF, 0x27, 0xAA, 0x84, 0x1B, 0xDE, 0x4E,
    0x47, 0x7F, 0x68, 0x69, 0x91, 0x34, 0xD6, 0x57, 0x18, 0xD9, 0x94, 0xA2, 0xF2, 0xDE, 0x4C, 0x25,
    0x05, 0xA6, 0x8A, 0x38, 0xD7, 0x0B, 0xC7, 0x6A, 0x96, 0x42, 0x3F, 0xF1, 0x49, 0x9C, 0xEA, 0x6C,
    0x9A, 0xC6, 0x1A, 0xED, 0x0D, 0x86, 0x12, 0xD4, 0x53, 0x08, 0x9D, 0x01, 0xDD, 0xC4, 0x57, 0x68,
    0x5F, 0xB8, 0x2F, 0xCE, 0xE0, 0x9E, 0x53, 0x6C, 0x0C, 0x80, 0x29, 0x4C, 0x1D, 0x7B, 0x2E, 0x06,
    0x97, 0x2C, 0x24, 0x1F, 0x7F, 0x89, 0x5E, 0x14, 0x48, 0x90, 0xA4, 0x4A, 0xB5, 0x1C, 0xFB, 0x41,
    0x21, 0xA6, 0xA7, 0x67, 0xAA, 0xB5, 0xB3, 0x75, 0xAB, 0xFB, 0xEC, 0x51, 0x8D, 0x6C, 0xBD, 0xD7,
    0xFF, 0xBF, 0x39, 0x2E, 0x4D, 0xF6, 0x9C, 0xDA, 0xCE, 0xD5, 0x15, 0xF3, 0xE7, 0x5F, 0x3C, 0x2F,
    0xAE, 0xD2, 0x56, 0xE3, 0x0D, 0x33, 0x5B, 0x75, 0x3D, 0xB1, 0x09, 0x85, 0xD6, 0x7D, 0xDF, 0xE9,
    0xF8, 0xDE, 0xC3, 0x16, 0xDC, 0xA8, 0xCB, 0x64, 0x1B, 0x60, 0xB4, 0xC1, 0xF6, 0x30, 0x58, 0x39,
    0x18, 0xF6, 0x76, 0x09, 0xB5, 0x70, 0x89, 0xD3, 0x89, 0x33, 0xD6, 0x87, 0xEE, 0x55, 0x62, 0x51,
    0x61, 0x93, 0x2D, 0xE7, 0x27, 0x82, 0xF3, 0x4C, 0xC1, 0xD4, 0xD8, 0xE5, 0x75, 0x61, 0xFC, 0xF1,
    0xDB, 0xB7, 0x6F, 0xFC, 0xF1, 0x0D, 0xA2, 0xAB, 0x77, 0x3F, 0x14, 0x95, 0xD4, 0x12, 0x31, 0x0A,
    0x57, 0xA2, 0x57, 0xDF, 0x2A, 0xA4, 0xDA, 0x45, 0xB4, 0xC7, 0x2E, 0xE2, 0xC8, 0x8F, 0x24, 0xBA,
    0xC7, 0x3D, 0x66, 0xBB, 0xDA, 0x63, 0x5A, 0x0E, 0xC7, 0xE3, 0xA9, 0x86, 0x7E, 0x7B, 0xEC, 0xE4,
    0x3F, 0x25, 0xB0, 0x54, 0x16, 0x56, 0x0A, 0x3A, 0xED, 0xC1, 0x8D, 0xC1, 0x1C, 0x3E, 0x5E, 0x12,
    0xB7, 0xF0, 0x26, 0x5B, 0x2E, 0x6B, 0xC1, 0x42, 0x98, 0x63, 0x6B, 0xA1, 0x7F, 0xC1, 0x8E, 0x4B,
    0x67, 0x3B, 0xF2, 0x61, 0x00, 0x16, 0xAA, 0x1F, 0x76, 0xED, 0xF1, 0xF1, 0x6B, 0x9B, 0xC1, 0xD7,
    0xCE, 0x26, 0x90, 0x37, 0xB7, 0x4A, 0x88, 0x41, 0xCD, 0x69, 0x43, 0xF0, 0x1A, 0x2D, 0x4A, 0xB1,
    0x01, 0x8F, 0x3B, 0x2D, 0x36, 0xB5, 0x32, 0xF9, 0x45, 0x7E, 0xA0, 0xDE, 0x9A, 0x83, 0x55, 0x81,
    0xF8, 0xC3, 0x2B, 0xB5, 0x14, 0xCC, 0x34, 0xDE, 0xEB, 0x43, 0x9B, 0x75, 0xCA, 0x14, 0x3F, 0x6B,
    0xC9, 0x22, 0x4C, 0x4C, 0x8D, 0x9F, 0xAD, 0x20, 0x6B, 0xF0, 0xFF, 0x38, 0x23, 0xC4, 0x68, 0x57,
    0xD9, 0xA8, 0x44, 0x60, 0x2C, 0x73, 0xC9, 0x3A, 0x8D, 0x93, 0xBE, 0x69, 0x52, 0x1B, 0x26, 0x7D,
    0xD6, 0xFC, 0x59, 0x03, 0x3F, 0xBA, 0xE7, 0x26, 0x53, 0xE4, 0x30, 0x50, 0x78, 0x28, 0x73, 0xB0,
    0x1A, 0xDD, 0x07, 0x15, 0xAB, 0xBC, 0x5A, 0x62, 0xFF, 0xDF, 0xE2, 0xAD, 0x18, 0xE6, 0x76, 0x2B,
    0x29, 0x5F, 0x5F, 0xEF, 0x7B, 0x57, 0xAC, 0x0B, 0x6F, 0xC1, 0xDB, 0x2D, 0x22, 0x64, 0x0A, 0x44,
    0x89, 0xFB, 0x66, 0x6D, 0x89, 0x82, 0x62, 0x0B, 0x52, 0xE4, 0xCF, 0x93, 0xF8, 0x8B, 0xF4, 0xDA,
    0xE2, 0xEF, 0x1B, 0x6C, 0x40, 0x62, 0x4B, 0x9E, 0xC4, 0x06, 0xDA, 0xED, 0x9B, 0xD0, 0x6B, 0xC1,
    0x66, 0xD3, 0x6B, 0xBD, 0xB0, 0xA1, 0xA1, 0x31, 0x22, 0xA1, 0x09, 0xD2, 0x33, 0xE0, 0xB7, 0xF1,
    0x9F, 0xD8, 0x1E, 0xCE, 0xF7, 0x7D, 0x73, 0x6E, 0xAE, 0xB5, 0xEF, 0x25, 0x44, 0x20, 0xA1, 0xF8,
    0xCE, 0x37, 0xB9, 0xBF, 0xAE, 0xCF, 0x9C, 0x99, 0x39, 0x73, 0x66, 0xE6, 0x9C, 0x87, 0xDF, 0x05,
    0xD2, 0xF4, 0x5C, 0xF2, 0xC5, 0xD4, 0xF4, 0xE5, 0x14, 0x14, 0x53, 0x0D, 0x81, 0x79, 0xEC, 0xAC,
    0xC7, 0x0A, 0x2E, 0x4C, 0xA1, 0x74, 0xCC, 0xCD, 0x1A, 0xDB, 0x28, 0xD7, 0xC7, 0x65, 0x90, 0xBB,
    0x5C, 0x4E, 0x52, 0x63, 0x4E, 0xD5, 0xC8, 0x6B, 0xA4, 0xA3, 0xD4, 0x66, 0x57, 0x87, 0xD9, 0xFB,
    0x7F, 0xA4, 0xCA, 0xE1, 0xA0, 0x83, 0xD6, 0xB5, 0xB2, 0xB8, 0x0D, 0x77, 0x2F, 0x91, 0x72, 0x6A,
    0x87, 0xAA, 0xDB, 0x23, 0x63, 0x62, 0xCA, 0xC8, 0x3C, 0x93, 0x52, 0xF9, 0x82, 0x96, 0x4C, 0x1A,
    0x99, 0xCB, 0xA6, 0x5D, 0x89, 0x56, 0xD7, 0xAF, 0xE6, 0x6E, 0x20, 0xD3, 0x8C, 0x4C, 0x69, 0x18,
    0x9B, 0x26, 0xFD, 0xBA, 0x15, 0x93, 0x9A, 0x2A, 0x04, 0x2E, 0x33, 0xED, 0x89, 0xB1, 0xE9, 0x12,
    0x3C, 0xE9, 0xBD, 0xF5, 0xE4, 0xD2, 0x93, 0x71, 0x03, 0x2A, 0xEE, 0xD1, 0x2F, 0xC0, 0xC4, 0x82,
    0x2D, 0x35, 0xF7, 0x05, 0x6C, 0x4E, 0x5E, 0xE3, 0xD5, 0x68, 0x71, 0x40, 0x6A, 0xA6, 0x6A, 0x27,
    0x92, 0x06, 0x0C, 0x48, 0x87, 0x77, 0x80, 0x74, 0x78, 0x2B, 0x49, 0x89, 0x17, 0xD7, 0x42, 0xA8,
    0xB1, 0x02, 0xAE, 0x8E, 0x3B, 0x5F, 0x14, 0xB6, 0x60, 0x39, 0xE9, 0x99, 0xD8, 0x72, 0x94, 0x98,
    0x4E, 0xC6, 0xCF, 0x39, 0xA6, 0x94, 0xC6, 0x99, 0x91, 0x6F, 0x96, 0x80, 0x6E, 0x08, 0xC5, 0x42,
    0x18, 0x4D, 0xFF, 0x4F, 0x5C, 0x4E, 0x4C, 0x0E, 0xBA, 0x35, 0x20, 0x79, 0xA5, 0x9E, 0x17, 0xE0,
    0xA4, 0x45, 0xA0, 0x9C, 0x59, 0xAB, 0x30, 0x73, 0x2C, 0x16, 0xE5, 0x45, 0xCD, 0x84, 0x84, 0xE4,
    0xEE, 0xDE, 0x46, 0x89, 0xEB, 0x3B, 0x06, 0x27, 0xC9, 0xE9, 0x08, 0x77, 0x99, 0xAF, 0xB3, 0x17,
    0x32, 0xF0, 0xE6, 0x4B, 0xA4, 0x8E, 0x42, 0x15, 0xF6, 0x09, 0xDE, 0xD1, 0x6C, 0x2C, 0x57, 0x8D,
    0x09, 0x6F, 0x6A, 0x35, 0x80, 0xA5, 0x6F, 0x85, 0x94, 0x09, 0x5B, 0x38, 0x5B, 0x3F, 0x6F, 0xD5,
    0x4C, 0x5C, 0x24, 0x8A, 0x67, 0x23, 0xFC, 0xEB, 0x2D, 0xD8, 0x57, 0x00, 0x4B, 0xE2, 0x17, 0x90,
    0x1E, 0x71, 0xB4, 0x5A, 0xE5, 0x13, 0x56, 0x63, 0x31, 0xE6, 0xF6, 0x88, 0x3C, 0x80, 0x82, 0x8D,
    0x12, 0x53, 0xC6, 0x59, 0xE4, 0x05, 0xAD, 0x5C, 0xD3, 0x3C, 0xDD, 0x77, 0xF7, 0xF0, 0xD9, 0x47,
    0x66, 0x8C, 0x66, 0x9B, 0xA3, 0xBD, 0x56, 0x31, 0x68, 0x28, 0xD0, 0x72, 0xD8, 0x15, 0x15, 0x72,
    0x2E, 0x6E, 0x3B, 0xD5, 0x04, 0x62, 0x64, 0x3D, 0x99, 0x74, 0x23, 0x23, 0x1B, 0xC8, 0xB8, 0x64,
    0xF6, 0xC8, 0x6C, 0x34, 0x9D, 0xFE, 0x9E, 0xCF, 0xF4, 0x66, 0x1A, 0x51, 0x5F, 0x17, 0xB1, 0x82,
    0xA6, 0xCA, 0x3A, 0x6A, 0x56, 0x89, 0xBE, 0x0C, 0x4A, 0x25, 0xFB, 0x56, 0x21, 0x53, 0x5E, 0x5B,
    0x82, 0xF8, 0xD6, 0x9D, 0xDD, 0xAD, 0xE9, 0xCC, 0xA3, 0xAF, 0x4F, 0xD9, 0x2E, 0x62, 0x54, 0x81,
    0x23, 0x15, 0x70, 0x67, 0xB5, 0x94, 0xEE, 0x7E, 0x2B, 0x8C, 0x7E, 0xEB, 0xFB, 0x9D, 0x63, 0x1A,
    0x71, 0x77, 0x74, 0xD5, 0x5F, 0x1C, 0x33, 0x89, 0xE2, 0x28, 0xBF, 0xBD, 0xD3, 0x2C, 0xBD, 0x2B,
    0xE8, 0x38, 0x09, 0x4B, 0x21, 0x27, 0x5F, 0x69, 0xBA, 0x42, 0x66, 0x84, 0x9C, 0xEC, 0x5D, 0x17,
    0xC5, 0xAD, 0xAF, 0x53, 0xED, 0x8E, 0xF8, 0x4D, 0xE6, 0xD9, 0xFE, 0xBF, 0xCF, 0x93, 0x38, 0xDE,
    0xD4, 0x2D, 0x34, 0x2A, 0xB1, 0x92, 0xEB, 0x7A, 0xE9, 0xA0, 0xE2, 0xE1, 0x16, 0x95, 0x96, 0x6B,
    0xDC, 0x5D, 0xDF, 0x2B, 0x61, 0x57, 0x3F, 0xF5, 0x91, 0x79, 0xE3, 0xCE, 0xAE, 0x51, 0x37, 0xC3,
    0xD3, 0xE8, 0x43, 0x9E, 0x90, 0x97, 0xD3, 0xED, 0x32, 0x4D, 0x5A, 0x97, 0xB5, 0x9C, 0x1C, 0xD8,
    0xC7, 0x44, 0xDD, 0x69, 0x36, 0x05, 0xC8, 0xAF, 0x30, 0x06, 0x78, 0x72, 0xD7, 0x00, 0xF0, 0x73,
    0xB5, 0x7A, 0xFA, 0x8A, 0x9E, 0xD6, 0xB3, 0x89, 0x64, 0x7D, 0xB1, 0x33, 0xBE, 0xE6, 0xD6, 0x22,
    0x73, 0xBA, 0x40, 0x94, 0x55, 0xF1, 0x78, 0x92, 0x98, 0xAD, 0x82, 0x8A, 0x87, 0x18, 0x99, 0x6C,
    0x60, 0x45, 0x54, 0x62, 0x0E, 0xDE, 0x81, 0xED, 0x13, 0x6F, 0x4B, 0xB7, 0x67, 0xD6, 0x9B, 0x16,
    0xF4, 0xF2, 0x7C, 0x7F, 0x47, 0xFE, 0x79, 0xD9, 0x64, 0x38, 0xAD, 0x32, 0x9A, 0x61, 0xA5, 0xE9,
    0xA4, 0xF7, 0xF3, 0x91, 0x99, 0x65, 0x3D, 0x85, 0x48, 0x8B, 0xF1, 0xF5, 0xC8, 0x8C, 0x6E, 0x41,
    0x1B, 0xDC, 0x84, 0x5D, 0xEF, 0x36, 0x6C, 0xC0, 0x68, 0x86, 0x6E, 0x45, 0x6B, 0x5D, 0x57, 0x5F,
    0xEE, 0x22, 0x6E, 0x48, 0x31, 0x03, 0x07, 0x96, 0x29, 0x9F, 0xDB, 0x3B, 0xD7, 0x49, 0xD0, 0x98,
    0x29, 0x98, 0x4E, 0xCC, 0x42, 0x73, 0x92, 0xA1, 0x12, 0xA4, 0x80, 0x4A, 0x44, 0xBE, 0xEA, 0xC3,
    0x39, 0xA9, 0x7D, 0x08, 0x0F, 0x40, 0x87, 0xE4, 0x87, 0xAA, 0xC8, 0x9C, 0x48, 0x76, 0xC9, 0x5D,
    0x90, 0xA8, 0x53, 0xE7, 0x72, 0x3A, 0x19, 0x24, 0x24, 0x07, 0x93, 0xA7, 0x75, 0x4E, 0xE4, 0x6A,
    0x44, 0x3B, 0x82, 0xDC, 0xED, 0xEE, 0xEE, 0xF9, 0xA6, 0xE5, 0xB0, 0x12, 0x2E, 0x82, 0xCC, 0x61,
    0x21, 0x70, 0x74, 0x01, 0x25, 0xB8, 0x85, 0x72, 0x24, 0x54, 0x0E, 0x83, 0xA0, 0x47, 0xF2, 0x0C,
    0x8D, 0x97, 0xAC, 0x06, 0xF9, 0xBD, 0xB5, 0x80, 0xC4, 0xEA, 0x00, 0x98, 0x38, 0x00, 0x13, 0xAE,
    0x26, 0xC4, 0x7F, 0xD6, 0x2A, 0x28, 0x27, 0x64, 0xC3, 0x3C, 0xB6, 0xA4, 0x6D, 0xBB, 0x2E, 0x11,
    0xFE, 0xF1, 0x43, 0xA8, 0x3D, 0x62, 0x45, 0x5C, 0x80, 0x3F, 0x0A, 0x08, 0x3D, 0x27, 0xF6, 0xF8,
    0xB6, 0x0E, 0x37, 0x06, 0x6A, 0x3B, 0xB7, 0x1A, 0x58, 0x37, 0x5C, 0x21, 0x96, 0xD8, 0x44, 0xB5,
    0x67, 0x5E, 0xC7, 0x95, 0xBB, 0x62, 0x02, 0x83, 0xAC, 0x5B, 0x50, 0xAE, 0xC4, 0xF9, 0x07, 0xAC,
    0x1D, 0xD5, 0x82, 0xF8, 0x13, 0xE1, 0xCE, 0xCD, 0x8F, 0xDD, 0xF5, 0x11, 0x38, 0x09, 0xCB, 0x29,
    0x9A, 0xE6, 0x06, 0xDF, 0xE6, 0x4C, 0x8B, 0xC9, 0x68, 0xA3, 0xE2, 0x73, 0xA3, 0x99, 0x0A, 0xDB,
    0x68, 0xA9, 0xDC, 0x9D, 0xE7, 0x62, 0x23, 0x31, 0x61, 0x4E, 0xA2, 0xE1, 0x1C, 0x2A, 0x07, 0x6A,
    0x44, 0xBE, 0xC4, 0xA9, 0x1D, 0xA0, 0x56, 0xAE, 0x75, 0x1B, 0xF2, 0x52, 0x87, 0x5D, 0xB0, 0xBD,
    0xCE, 0xC0, 0x82, 0x7C, 0x39, 0x18, 0xF8, 0x60, 0xE7, 0x9B, 0x3D, 0x3F, 0x9F, 0x08, 0xC5, 0x48,
    0x7B, 0x96, 0x03, 0x63, 0x79, 0x33, 0x54, 0x8A, 0xD0, 0x8D, 0xA0, 0x23, 0xB4, 0x0E, 0xEA, 0x5C,
    0xA9, 0x61, 0x53, 0x4A, 0xF7, 0x4A, 0xCE, 0x98, 0xC8, 0x8B, 0x5D, 0x95, 0x9D, 0x60, 0x6A, 0xAC,
    0x0C, 0xEC, 0x9D, 0x40, 0xBD, 0xEF, 0xA8, 0xDF, 0xB6, 0x61, 0x2E, 0xBB, 0xD8, 0x9E, 0xB9, 0x2B,
    0xFF, 0x36, 0xFA, 0x6F, 0xCF, 0xD6, 0x4C, 0xA7, 0xEE, 0x53, 0xED, 0xD3, 0xD5, 0x72, 0xB6, 0x9F,
    0x93, 0xDD, 0x8B, 0xF5, 0x62, 0x9C, 0x59, 0x8A, 0x16, 0xEF, 0xCA, 0xD9, 0x5D, 0xC2, 0x77, 0xCD,
    0xC4, 0x19, 0x66, 0xEB, 0xD9, 0x6C, 0x28, 0x27, 0xB2, 0x10, 0x10, 0x2C, 0x54, 0xD1, 0x6D, 0x98,
    0x26, 0xD5, 0x51, 0x45, 0x03, 0xCF, 0x70, 0x74, 0xD9, 0x7C, 0x62, 0xE1, 0xD0, 0x5F, 0x55, 0xD3,
    0xF5, 0x52, 0x8F, 0x8C, 0x71, 0x64, 0x07, 0xB7, 0x8D, 0x6F, 0x07, 0xEF, 0xDA, 0x5D, 0xB4, 0xA3,
    0xB7, 0x7A, 0xD4, 0xEE, 0xD8, 0x7C, 0x3F, 0x38, 0x1F, 0xD8, 0x35, 0x36, 0xFE, 0xCC, 0x4C, 0xCA,
    0x53, 0x48, 0x5D, 0xF8, 0x13, 0x4E, 0xDE, 0x43, 0xEA, 0x1E, 0x43, 0xAA, 0xC5, 0x90, 0xCA, 0xA6,
    0xAC, 0x14, 0x46, 0x86, 0xEA, 0x52, 0x24, 0xAD, 0x26, 0x32, 0xA9, 0x95, 0x0B, 0x4D, 0x9D, 0xEE,
    0xF9, 0xEA, 0x59, 0x67, 0xB6, 0x7B, 0xDA, 0x99, 0xE2, 0xB0, 0x46, 0x2A, 0x6A, 0x3D, 0x01, 0xB5,
    0xBE, 0x1A, 0xA4, 0x9E, 0xD1, 0x23, 0x69, 0x35, 0x75, 0xBD, 0x54, 0xB3, 0x9A, 0x42, 0x6A, 0xBE,
    0x29, 0xA4, 0xC2, 0xB2, 0x35, 0x35, 0x91, 0x3A, 0x23, 0xB3, 0x2B, 0x0E, 0xC4, 0x90, 0xDA, 0xED,
    0xAE, 0x8C, 0x2A, 0xAA, 0xA2, 0x8C, 0xB3, 0xCF, 0x57, 0x31, 0x94, 0x5D, 0x95, 0xDE, 0xED, 0x7A,
    0x6C, 0x14, 0x24, 0x52, 0xA5, 0xEC, 0xDA, 0x26, 0xF1, 0x32, 0x56, 0xE2, 0x2A, 0xBD, 0x53, 0x6B,
    0xFD, 0x70, 0xA4, 0xD7, 0x3A, 0xB0, 0x5E, 0xFD, 0x9A, 0x6E, 0xF0, 0x9A, 0x63, 0x28, 0x66, 0x61,
    0x39, 0x09, 0xBD, 0xE9, 0x87, 0x79, 0x12, 0xBD, 0xC3, 0xE6, 0x68, 0x2D, 0x31, 0xB1, 0x9A, 0x98,
    0x9A, 0xDC, 0xE1, 0xB2, 0x53, 0x53, 0x90, 0x98, 0xDB, 0x67, 0x05, 0x75, 0xA8, 0xC4, 0x44, 0xE8,
    0xC9, 0xA0, 0x7F, 0x88, 0x67, 0x2E, 0xEE, 0xE2, 0x01, 0x79, 0x90, 0xD3, 0xEF, 0x37, 0x19, 0xBA,
    0xE7, 0xB7, 0x8E, 0xB1, 0x14, 0xB1, 0x88, 0x3D, 0x53, 0x9E, 0xF7, 0x6C, 0x90, 0x73, 0x09, 0xD5,
    0x41, 0x76, 0x1D, 0xC7, 0x5D, 0xEB, 0x6C, 0x94, 0x5F, 0x01, 0xC0, 0x02, 0x6A, 0x27, 0x0F, 0x06,
    0x96, 0x7E, 0x2E, 0xFE, 0xFE, 0x0C, 0x38, 0x3B, 0xB6, 0x0A, 0xBA, 0xDC, 0x6D, 0x1E, 0xEF, 0xEE,
    0xBE, 0x32, 0xE5, 0x19, 0xFF, 0xF7, 0x29, 0x0F, 0xED, 0x79, 0xE1, 0xB8, 0xB2, 0xE7, 0x04, 0x19,
    0x5D, 0x2E, 0x57, 0x58, 0x49, 0x7B, 0xD6, 0x4C, 0x7C, 0xD0, 0x03, 0xA6, 0xD2, 0xD8, 0xFD, 0x61,
    0x4E, 0x7D, 0xF1, 0x2E, 0x45, 0xB6, 0x0A, 0xF3, 0x45, 0x58, 0x4C, 0xC2, 0x83, 0x5D, 0x81, 0x6E,
    0x57, 0xE0, 0x77, 0x4E, 0x1D, 0xF1, 0xA7, 0x41, 0x87, 0xD0, 0xD8, 0x7E, 0x36, 0x36, 0xE8, 0x2D,
    0xA5, 0x3D, 0x53, 0xFB, 0x8B, 0x95, 0x85, 0x37, 0x14, 0x52, 0x6C, 0x3A, 0xDC, 0xCC, 0xE1, 0xAA,
    0xEC, 0x21, 0x84, 0xC6, 0x87, 0x45, 0x71, 0xDD, 0x9E, 0x1E, 0xC4, 0x6C, 0x7B, 0x5A, 0xC3, 0x9E,
    0x7F, 0x69, 0x97, 0x59, 0xA1, 0xF8, 0x07, 0x52, 0xA2, 0xBD, 0x9C, 0x5C, 0x09, 0xC2, 0xCA, 0x06,
    0x62, 0x71, 0x2D, 0xA9, 0xFF, 0x67, 0xF6, 0xBF, 0xBF, 0xDA, 0x7F, 0xFC, 0x7A, 0xFB, 0xEF, 0xD1,
    0xFE, 0x3C, 0x61, 0x0C, 0x78, 0x47, 0xC1, 0x0F, 0xF6, 0x9F, 0x1C, 0x6B, 0xDA, 0x1F, 0x76, 0x61,
    0x92, 0xD9, 0xCA, 0xFE, 0xD6, 0xCB, 0xFE, 0xDD, 0x20, 0xFB, 0x37, 0x9E, 0x74, 0x54, 0x53, 0xC4,
    0xDF, 0xE1, 0x90, 0xE5, 0xDC, 0xB4, 0xDC, 0xDE, 0x36, 0x6B, 0x61, 0xFF, 0xDC, 0x8C, 0xF6, 0xCF,
    0x6C, 0xF3, 0xDC, 0x68, 0x91, 0xFD, 0x3B, 0xB5, 0xA1, 0xD8, 0x88, 0x88, 0x79, 0x5B, 0x6C, 0x40,
    0x6A, 0x0D, 0xB3, 0xEA, 0x6E, 0x10, 0x31, 0x20, 0x3C, 0x27, 0x45, 0xD9, 0xC9, 0x25, 0x7F, 0x1B,
    0xC0, 0xF7, 0x3A, 0xAF, 0x2D, 0x17, 0xD7, 0xAB, 0x9A, 0x84, 0xF2, 0x60, 0x05, 0x0A, 0xB5, 0xB7,
    0xB5, 0xC0, 0xBC, 0x17, 0xB1, 0x00, 0x60, 0xD9, 0x6F, 0x29, 0xD6, 0x17, 0x63, 0x00, 0x04, 0x77,
    0xCE, 0x92, 0x75, 0x8A, 0x36, 0x39, 0x1B, 0x20, 0xCA, 0x0F, 0x63, 0xE1, 0x21, 0xF9, 0x58, 0xB1,
    0xEA, 0x95, 0x0F, 0x1C, 0xCF, 0x6F, 0x5D, 0x08, 0xD6, 0xEA, 0x00, 0xCD, 0x47, 0x21, 0xDC, 0xDF,
    0x2F, 0x4D, 0x8B, 0xEE, 0xE3, 0xD2, 0xD5, 0xB8, 0xF7, 0x31, 0xF3, 0xF2, 0x46, 0x3E, 0xD1, 0xDE,
    0x6F, 0xDE, 0x87, 0x97, 0xAF, 0xD8, 0x87, 0x05, 0xC7, 0x7C, 0xAB, 0x39, 0x94, 0xE0, 0x82, 0x63,
    0x66, 0xF0, 0xAE, 0xBD, 0x0F, 0xA0, 0x8A, 0xB5, 0x7D, 0x38, 0xDC, 0xEC, 0x34, 0x9E, 0xAD, 0x5E,
    0x99, 0x0A, 0x0C, 0x8C, 0x88, 0xFF, 0xA1, 0xF5, 0x98, 0x7B, 0x3C, 0xC3, 0xAB, 0xD4, 0xB7, 0xF4,
    0x51, 0xCE, 0x64, 0x6A, 0x32, 0xFA, 0x96, 0x11, 0x87, 0x4C, 0xEC, 0xD6, 0x5C, 0xC0, 0xEC, 0x60,
    0x56, 0x7D, 0xCB, 0x39, 0x5F, 0x62, 0x86, 0x9B, 0x1D, 0x19, 0x5E, 0x7C, 0xD0, 0xDC, 0xA5, 0x8D,
    0x4A, 0x8C, 0x26, 0xEE, 0x4D, 0x09, 0x67, 0x18, 0xB9, 0x36, 0x1F, 0x2F, 0xB3, 0xEB, 0x89, 0xFA,
    0xA0, 0x53, 0x66, 0xEF, 0xC3, 0x78, 0xEB, 0x63, 0x88, 0x5D, 0xA6, 0xD8, 0xF4, 0x5A, 0xBC, 0x47,
    0xF2, 0x79, 0x2C, 0xAE, 0x5B, 0x92, 0x12, 0xFE, 0x03, 0x72, 0xED, 0x25, 0x39, 0xE3, 0x4A, 0xF8,
    0x2E, 0x94, 0xD0, 0xF5, 0x3E, 0xB9, 0x66, 0x90, 0xE0, 0x92, 0x4E, 0xF2, 0xF2, 0x43, 0xC2, 0x3F,
    0xB3, 0xF7, 0xA5, 0xD5, 0xB4, 0x30, 0x18, 0x43, 0x7A, 0x6A, 0x04, 0x0C, 0x1E, 0xA9, 0x44, 0x46,
    0xBF, 0x6C, 0xFA, 0x35, 0x1B, 0xE5, 0x03, 0x19, 0xC3, 0x44, 0xC9, 0xA4, 0x31, 0xCB, 0xFB, 0x03,
    0x6F, 0xF0, 0x20, 0x58, 0xC9, 0xD6, 0x1F, 0xCC, 0x62, 0x34, 0xE3, 0x78, 0x86, 0xA8, 0x39, 0xB7,
    0x62, 0x2A, 0x13, 0xAA, 0x25, 0x42, 0x66, 0x15, 0xBA, 0x8B, 0x49, 0x09, 0xC5, 0xCC, 0xAB, 0x1C,
    0xD4, 0x43, 0x35, 0xC3, 0x49, 0x66, 0x69, 0x60, 0x81, 0x46, 0xC5, 0x77, 0xE4, 0x27, 0x2A, 0xC4,
    0x42, 0xFB, 0xFF, 0xBD, 0xED, 0x6D, 0x76, 0xCB, 0x02, 0x1F, 0x13, 0xFF, 0xD4, 0xD4, 0xBA, 0xC2,
    0x2C, 0x32, 0x5B, 0xA5, 0xB3, 0x66, 0x60, 0x12, 0x87, 0x20, 0xC3, 0x14, 0xF9, 0x8B, 0x8D, 0x6A,
    0xE4, 0xD2, 0xFB, 0xD7, 0x0D, 0x93, 0x27, 0xDF, 0x7D, 0xB8, 0x53, 0x2F, 0x78, 0x97, 0xFD, 0xD9,
    0x4E, 0xD5, 0x04, 0x72, 0x36, 0x66, 0x27, 0xD4, 0x64, 0x6A, 0x67, 0x93, 0xBF, 0xE7, 0x4B, 0xB6,
    0x9D, 0x5D, 0x47, 0xF9, 0x9A, 0xAF, 0x67, 0xFC, 0x85, 0x7C, 0x31, 0x27, 0xF6, 0xFB, 0xBB, 0xD4,
    0x5B, 0x4D, 0x89, 0xFD, 0xE1, 0x2A, 0x0D, 0x07, 0x29, 0xEC, 0xBD, 0x59, 0x4A, 0xC6, 0xE6, 0xD2,
    0x49, 0xE1, 0x98, 0xB0, 0xD9, 0xE0, 0x3C, 0x33, 0x28, 0x6A, 0x5B, 0x99, 0x59, 0x2D, 0x7E, 0x05,
    0x0F, 0x56, 0x9D, 0xE5, 0x26, 0xEA, 0x1F, 0xC6, 0x5E, 0x9C, 0x57, 0x9F, 0x4E, 0xBC, 0xF7, 0x41,
    0xD4, 0x96, 0x85, 0x32, 0x7B, 0x32, 0xE9, 0x81, 0x41, 0x2F, 0xF6, 0x02, 0xDD, 0x3F, 0x79, 0x58,
    0x03, 0xC3, 0xE6, 0xC3, 0x86, 0x87, 0xEE, 0x0C, 0xCD, 0x53, 0xA6, 0xD6, 0x46, 0x0D, 0xFC, 0x33,
    0x37, 0xA9, 0x7D, 0x6A, 0xD1, 0xC6, 0x6B, 0xB4, 0xB1, 0x0F, 0x5C, 0xB8, 0xF9, 0x99, 0x8B, 0x38,
    0x13, 0xAD, 0xEE, 0xBF, 0x8E, 0x13, 0x84, 0x54, 0x12, 0x31, 0x33, 0x97, 0xBB, 0x58, 0x35, 0xA6,
    0x4E, 0x77, 0x14, 0x73, 0xB3, 0x5D, 0x52, 0xD4, 0xA9, 0xD4, 0xBB, 0xE9, 0xA2, 0xC7, 0xB3, 0x06,
    0x59, 0xE9, 0x47, 0x35, 0xB3, 0xD2, 0x54, 0x81, 0x63, 0x11, 0xD3, 0xD9, 0x1C, 0x99, 0x49, 0xF3,
    0x2B, 0x55, 0x2D, 0xD4, 0xC0, 0x4E, 0x4B, 0xAB, 0x37, 0x61, 0x0B, 0x7C, 0xD6, 0xBD, 0x3A, 0xDD,
    0xDB, 0x3B, 0x74, 0x02, 0x0E, 0xCC, 0xEB, 0x3E, 0x34, 0x38, 0x37, 0x20, 0x7C, 0x49, 0xA1, 0xB3,
    0x2D, 0x5E, 0x24, 0xCB, 0x36, 0xA1, 0x1A, 0xCB, 0x89, 0x1B, 0xD3, 0xE7, 0x46, 0xC3, 0x11, 0x9B,
    0xFD, 0xE8, 0xF2, 0xE5, 0x9B, 0x32, 0x9B, 0x41, 0xD8, 0x44, 0xEC, 0x85, 0x1D, 0x11, 0x21, 0xE0,
    0x90, 0xD1, 0xD8, 0xAF, 0xE1, 0x4E, 0x54, 0x4F, 0xFF, 0x4B, 0x2C, 0xCD, 0x37, 0xB9, 0x88, 0xA8,
    0x9F, 0x96, 0x80, 0xBD, 0xFB, 0x4E, 0xAB, 0xB3, 0xEE, 0x8E, 0x2D, 0x97, 0x83, 0xA4, 0x3E, 0xA1,
    0xB3, 0x4F, 0x28, 0x33, 0x17, 0xFC, 0xFF, 0xE4, 0xCF, 0x8D, 0xC6, 0x4E, 0x7C, 0xEC, 0x8B, 0xB7,
    0xB9, 0x8B, 0x3D, 0xF4, 0x4F, 0xEC, 0x9A, 0x87, 0x1C, 0x7B, 0x75, 0xBB, 0xE3, 0x16, 0xC3, 0x4C,
    0xE2, 0xA7, 0xF8, 0xAD, 0x5F, 0x28, 0x5C, 0xAF, 0xBD, 0x8C, 0xE5, 0xD0, 0xC6, 0xC8, 0xA7, 0x43,
    0x1B, 0xA3, 0xF4, 0x0E, 0x86, 0xB4, 0x20, 0x4D, 0x93, 0x74, 0xDE, 0x29, 0x89, 0xE4, 0xF4, 0x9A,
    0xB3, 0xA2, 0xE3, 0x38, 0x24, 0x5F, 0x3F, 0x8E, 0x2E, 0xC4, 0xE9, 0xFC, 0x6E, 0x8E, 0xF7, 0x78,
    0x9A, 0xF0, 0xD4, 0x78, 0xAA, 0x96, 0x4F, 0x8F, 0xA7, 0xE4, 0x53, 0x0C, 0x78, 0xF2, 0x91, 0xCF,
    0xE4, 0x4F, 0x16, 0x9E, 0xD0, 0xAE, 0xE6, 0x93, 0x2E, 0x7C, 0x56, 0x3C, 0x67, 0x3E, 0xC9, 0x86,
    0xE7, 0xB4, 0xF3, 0x31, 0x3E, 0x1D, 0x9F, 0x3F, 0x3E, 0xE1, 0x04, 0x8F, 0xC5, 0x90, 0x54, 0xA5,
    0x04, 0x58, 0xE4, 0x38, 0x4D, 0x12, 0x4D, 0xF3, 0xD0, 0x1A, 0xBA, 0x1C, 0xA7, 0x79, 0x9C, 0xAB,
    0x4F, 0xF3, 0x35, 0x3A, 0xED, 0x48, 0x8E, 0xE3, 0x90, 0x1C, 0xC6, 0x79, 0x9D, 0xED, 0x2A, 0x9B,
    0x3D, 0x6F, 0x6D, 0x14, 0x17, 0x2F, 0xDC, 0xC6, 0xAE, 0xD7, 0xC8, 0x6C, 0xF6, 0x90, 0x98, 0x7D,
    0x81, 0x02, 0xE3, 0x3F, 0x77, 0x0C, 0xCB, 0xAC, 0xAD, 0x6B, 0xCF, 0x3B, 0xEF, 0x4C, 0xA2, 0xDA,
    0x9A, 0x82, 0x6C, 0xD5, 0x10, 0x44, 0x6D, 0xEA, 0xA0, 0xBD, 0xEF, 0x87, 0x51, 0x86, 0x27, 0xC1,
    0xBF, 0xEA, 0x32, 0xDE, 0xBF, 0x18, 0x48, 0x1A, 0x43, 0x34, 0x18, 0xBB, 0xF0, 0x5F, 0x33, 0x56,
    0x13, 0xFE, 0x2B, 0xC3, 0x7F, 0xE1, 0xE7, 0x67, 0x43, 0x96, 0x76, 0xAD, 0x9B, 0x75, 0xB8, 0xFC,
    0x2E, 0x1A, 0x8C, 0xB8, 0xD4, 0xBA, 0x63, 0x9A, 0x6F, 0xF1, 0xBB, 0x40, 0x58, 0x59, 0x84, 0xE0,
    0x84, 0xAA, 0x3E, 0xFC, 0x1D, 0x87, 0x72, 0x10, 0x24, 0x90, 0xB1, 0xB1, 0xBF, 0xC1, 0x40, 0x13,
    0x49, 0x61, 0xBF, 0xB2, 0xE9, 0xBC, 0xD7, 0x5D, 0xCD, 0x7D, 0xF6, 0xCC, 0x32, 0x84, 0xF5, 0x23,
    0x67, 0xF5, 0xC1, 0xD1, 0x87, 0x5C, 0xAF, 0x24, 0x07, 0xBD, 0xCA, 0x7E, 0x1F, 0xEC, 0x0C, 0x01,
    0x43, 0x62, 0xBC, 0x3E, 0x6A, 0xB6, 0x9E, 0xED, 0x93, 0x06, 0x31, 0x2A, 0xDB, 0x53, 0xEC, 0x71,
    0x41, 0x11, 0x67, 0x91, 0x0C, 0x7B, 0x7F, 0xBE, 0x04, 0x75, 0x07, 0x92, 0xAD, 0x81, 0xE4, 0x4B,
    0x81, 0x12, 0xB2, 0xB4, 0xBF, 0x92, 0x36, 0xFA, 0x8A, 0x21, 0xF1, 0xA5, 0x85, 0x98, 0xF7, 0x23,
    0x6B, 0xFD, 0x18, 0x3C, 0xF3, 0xE4, 0x6C, 0xC2, 0x40, 0x73, 0x1A, 0x5E, 0xBF, 0x5C, 0x70, 0x21,
    0x14, 0x25, 0x3C, 0xDA, 0x1A, 0x4F, 0x47, 0x17, 0xF4, 0x48, 0xA6, 0xD3, 0x6F, 0x21, 0x88, 0x36,
    0x43, 0xB9, 0x07, 0x85, 0xF1, 0xAC, 0x3F, 0xF3, 0x6B, 0x05, 0xE8, 0xB9, 0xED, 0xCA, 0xA8, 0x3B,
    0xF5, 0xC4, 0x46, 0xD2, 0x09, 0x86, 0x26, 0x7D, 0xDA, 0x4C, 0x6F, 0xBA, 0xD8, 0xE3, 0x31, 0x51,
    0x1A, 0x70, 0x2A, 0x07, 0x6B, 0x3E, 0x37, 0x4A, 0xEB, 0xE1, 0xC3, 0x1B, 0x8E, 0x41, 0xE0, 0x87,
    0x0D, 0x9B, 0x59, 0xC6, 0x94, 0xE7, 0x82, 0x7C, 0x07, 0x7C, 0xC9, 0x9E, 0x04, 0x7A, 0xD3, 0xF3,
    0x95, 0x32, 0x21, 0xD7, 0x33, 0xA3, 0xDA, 0xA9, 0xF6, 0x7B, 0xFB, 0x5C, 0xA1, 0x94, 0xC9, 0x38,
    0x77, 0x4D, 0x9C, 0x2C, 0x3F, 0x2C, 0x99, 0x96, 0x31, 0xA5, 0x51, 0x3D, 0xEB, 0x55, 0xA8, 0xAE,
    0x21, 0xBC, 0xB0, 0xFE, 0x82, 0xFB, 0xA6, 0x18, 0x82, 0xE7, 0xAC, 0x43, 0x19, 0x15, 0xEC, 0xE4,
    0x93, 0xBB, 0x3B, 0x8C, 0xF8, 0x9B, 0x18, 0xED, 0xEF, 0x82, 0x3E, 0xEE, 0xAD, 0x66, 0x71, 0x9E,
    0x19, 0x77, 0x31, 0xEE, 0xE5, 0x8F, 0x7A, 0x3F, 0x0A, 0x24, 0x75, 0xA3, 0x72, 0x3F, 0xA2, 0x52,
    0xF5, 0xC5, 0x49, 0xFF, 0x82, 0xD9, 0xE0, 0xCF, 0x36, 0xAA, 0xE5, 0x5B, 0x47, 0xB5, 0x30, 0x9D,
    0x76, 0xDA, 0x90, 0x76, 0x5C, 0xFC, 0xDF, 0xDB, 0xEF, 0xE2, 0xBA, 0xF3, 0xEE, 0x5C, 0x76, 0x43,
    0xE3, 0xED, 0xA1, 0x37, 0x5F, 0xC0, 0x3E, 0xDC, 0x56, 0xFA, 0xB6, 0x92, 0x21, 0x6F, 0x1F, 0xD6,
    0x1C, 0xF6, 0xA6, 0x93, 0x7B, 0xBD, 0xDB, 0xF7, 0x0F, 0x14, 0x37, 0xDE, 0xE2, 0x62, 0xDF, 0x48,
    0x80, 0xCC, 0xE9, 0xCF, 0xF9, 0x7A, 0x66, 0x67, 0x83, 0xA0, 0x97, 0x4D, 0x03, 0x70, 0x20, 0x46,
    0xDF, 0x6A, 0x2E, 0xD6, 0x2F, 0x2B, 0xAE, 0x2F, 0x3B, 0x32, 0x75, 0x80, 0xB5, 0x81, 0x9A, 0x2E,
    0xF4, 0x2B, 0xBE, 0xF9, 0x85, 0xFE, 0xB6, 0x11, 0x38, 0x0E, 0x00, 0xFD, 0xE1, 0x27, 0xF7, 0xA6,
    0xFE, 0x70, 0x00, 0xDD, 0x17, 0x02, 0x87, 0x0F, 0xB7, 0x93, 0xFA, 0x64, 0x3B, 0x8B, 0x56, 0x2F,
    0xB2, 0xB9, 0x6A, 0x6F, 0x0B, 0x3C, 0x5E, 0xA2, 0x3E, 0x6B, 0x92, 0x4A, 0x0A, 0xFC, 0xE2, 0x9A,
    0xD4, 0xF1, 0xB5, 0x8E, 0xAA, 0x00, 0xE8, 0x6F, 0x48, 0x77, 0xD1, 0x87, 0x47, 0x09, 0xDA, 0x52,
    0xF8, 0x81, 0xC3, 0x4D, 0x81, 0xBE, 0xDF, 0x4D, 0x48, 0x79, 0xD8, 0x42, 0x03, 0x2D, 0xDC, 0x51,
    0xBD, 0xE3, 0x5B, 0x0D, 0x60, 0x9A, 0x1E, 0x54, 0x5D, 0x6F, 0xDD, 0x38, 0xB5, 0xF6, 0x49, 0xF7,
    0xCB, 0x93, 0xFD, 0xB8, 0xB4, 0x3D, 0x41, 0x4E, 0xBD, 0x05, 0x8A, 0x0D, 0xC8, 0x56, 0xD0, 0x8E,
    0xE6, 0x7B, 0xC2, 0x9D, 0xC1, 0x90, 0x4E, 0x29, 0xBB, 0x4A, 0x16, 0x2F, 0x55, 0x2B, 0x5C, 0xE8,
    0xC3, 0xF3, 0xC3, 0x1D, 0x02, 0xA6, 0x1B, 0xDC, 0x44, 0x0B, 0x08, 0x71, 0x63, 0xC6, 0xF8, 0x65,
    0x78, 0x7E, 0x05, 0x5B, 0x57, 0x06, 0xBB, 0xE7, 0x8F, 0x32, 0x74, 0x52, 0xCB, 0x77, 0xCA, 0x85,
    0x99, 0xBB, 0xCA, 0x28, 0x3F, 0xCC, 0xA7, 0x67, 0xCF, 0x5C, 0xE9, 0x58, 0xE7, 0x49, 0x13, 0xEF,
    0x3C, 0xC2, 0xD9, 0xF1, 0xA1, 0x31, 0xBE, 0xFE, 0x1A, 0xE5, 0xF6, 0x6B, 0xD7, 0x28, 0x7F, 0x0F,
    0xD7, 0x2A, 0xD8, 0xCF, 0x46, 0xD2, 0x17, 0x6F, 0x6D, 0xEC, 0x31, 0x0F, 0x8D, 0x69, 0x69, 0x49,
    0xFA, 0xEC, 0x68, 0x8A, 0xD7, 0x1B, 0x64, 0x23, 0x3D, 0x2C, 0x11, 0x33, 0x18, 0xE1, 0x86, 0xBE,
    0x82, 0x07, 0x16, 0xFF, 0x61, 0xAF, 0xEA, 0x53, 0xF9, 0x5F, 0x78, 0x75, 0x69, 0x74, 0x53, 0xA7,
    0xEE, 0xF0, 0xED, 0x75, 0xF1, 0xCD, 0x72, 0xB3, 0x86, 0x53, 0xAC, 0xFE, 0xA9, 0x7E, 0x66, 0x3F,
    0xAE, 0x5E, 0xCE, 0x15, 0x6C, 0x32, 0x35, 0xB6, 0x96, 0x36, 0x74, 0xB6, 0x04, 0x79, 0x3B, 0x9B,
    0x2F, 0x28, 0xD9, 0xE0, 0x5E, 0x99, 0x0D, 0xB9, 0x0D, 0x58, 0x64, 0x7A, 0x10, 0x62, 0xEA, 0xC4,
    0x20, 0xF2, 0xD9, 0xA2, 0x71, 0xAE, 0xF6, 0x59, 0x0E, 0xF6, 0x61, 0x63, 0x01, 0xDA, 0x6D, 0xF4,
    0xEB, 0x7F, 0x47, 0xCD, 0x84, 0x53, 0x80, 0x95, 0x9B, 0x76, 0xF7, 0x8B, 0x6E, 0xCC, 0xF6, 0xFA,
    0x6C, 0x5F, 0xD8, 0xD6, 0xD8, 0xA8, 0xF3, 0x2D, 0x9B, 0x1D, 0x97, 0xF3, 0xC3, 0xFE, 0xDC, 0x5E,
    0x85, 0xC2, 0xA0, 0xC4, 0x09, 0x20, 0xBD, 0x2F, 0xB1, 0x1A, 0x38, 0x9E, 0x8D, 0x01, 0x73, 0x20,
    0x72, 0x75, 0x62, 0xC4, 0xA6, 0x0F, 0xC8, 0x8B, 0x66, 0x29, 0x1D, 0xD6, 0x5A, 0x6C, 0xC3, 0x63,
    0xC0, 0x2C, 0xE0, 0x10, 0x66, 0x9B, 0x6F, 0x75, 0xF3, 0xCB, 0x30, 0xDF, 0x30, 0xA3, 0x66, 0x6B,
    0x80, 0x7D, 0xB7, 0x77, 0xB6, 0x04, 0xEB, 0x34, 0x01, 0xE7, 0xD2, 0xDA, 0x72, 0xB9, 0xFA, 0x51,
    0x37, 0x74, 0xCB, 0x09, 0xD2, 0x99, 0x96, 0x70, 0x2F, 0x7A, 0x7E, 0xB0, 0x77, 0x6D, 0x80, 0x83,
    0xE9, 0x5E, 0x1B, 0x9D, 0x9F, 0x74, 0xC0, 0x2C, 0x1B, 0x06, 0x10, 0x2E, 0x01, 0xEA, 0xAB, 0x0E,
    0x4C, 0x62, 0xFE, 0x6F, 0x63, 0x82, 0x0C, 0xA9, 0xFD, 0x76, 0x90, 0x20, 0x85, 0xC6, 0x41, 0xC3,
    0xE8, 0xA4, 0x33, 0xCB, 0x27, 0xAE, 0x08, 0xE6, 0xEC, 0x99, 0xF1, 0x62, 0x2F, 0xBE, 0x37, 0x5B,
    0xB1, 0xED, 0xED, 0x17, 0x18, 0x84, 0x37, 0x3A, 0x0B, 0x94, 0xA7, 0xE5, 0x14, 0x08, 0x1A, 0xCE,
    0x3B, 0xC8, 0x16, 0xC8, 0x65, 0x65, 0xF9, 0x80, 0x4B, 0x77, 0x33, 0xB6, 0xBD, 0x31, 0xF7, 0xEB,
    0x4B, 0xE8, 0x24, 0x5D, 0xB7, 0xBD, 0xB7, 0x96, 0x4C, 0x51, 0xBC, 0x31, 0xF8, 0xBF, 0x07, 0x19,
    0x85, 0xAA, 0xDF, 0xB5, 0xC7, 0x07, 0x63, 0xD6, 0x7C, 0x91, 0xD3, 0xFB, 0x5D, 0x0F, 0xBF, 0x16,
    0x90, 0x10, 0xF8, 0x7F, 0xDC, 0xCE, 0xE1, 0xFF, 0xB0, 0x3E, 0xAC, 0x90, 0x73, 0x35, 0xB0, 0x25,
    0x5C, 0x84, 0xB1, 0x27, 0x8C, 0x10, 0xE3, 0xBF, 0x79, 0xD4, 0x04, 0x7C, 0x6A, 0xF5, 0x57, 0xF6,
    0x6F, 0xA0, 0x23, 0x40, 0x50, 0xD2, 0x0D, 0x34, 0xFC, 0x31, 0x2B, 0x2B, 0x6D, 0xDC, 0xFF, 0x62,
    0x6A, 0x26, 0x77, 0x66, 0x1B, 0x13, 0x8F, 0x8B, 0x7D, 0x64, 0x6B, 0x88, 0x54, 0xE5, 0x1A, 0xB4,
    0x53, 0x2C, 0xD8, 0x5F, 0xE7, 0x6A, 0x00, 0xC1, 0xBD, 0x43, 0x1E, 0xCC, 0xD1, 0x52, 0xCD, 0x00,
    0x82, 0x4B, 0x89, 0x55, 0xF0, 0xAF, 0x9E, 0x42, 0xE6, 0x6E, 0x5D, 0x18, 0xEE, 0x51, 0x47, 0x95,
    0xC7, 0xF3, 0xCA, 0x3D, 0x90, 0xE7, 0xFB, 0xDB, 0x6A, 0x33, 0x90, 0x24, 0x7E, 0x2F, 0x1B, 0x61,
    0xEF, 0xE1, 0xE3, 0xB3, 0x7D, 0x66, 0x1B, 0x5E, 0xB0, 0x83, 0xD8, 0xF9, 0x03, 0xFB, 0xEB, 0x3D,
    0x48, 0x72, 0xC1, 0x3E, 0x4F, 0x8F, 0x7D, 0x3A, 0x79, 0x02, 0xF5, 0xBA, 0x2C, 0xAA, 0xF5, 0x16,
    0x53, 0x15, 0x2F, 0xEF, 0xC4, 0xDB, 0x3B, 0x1B, 0x77, 0xAE, 0xD9, 0xBF, 0x74, 0x21, 0xB1, 0xB5,
    0x27, 0x86, 0x14, 0x13, 0xB6, 0xAD, 0x9F, 0x04, 0x33, 0x31, 0x76, 0xC3, 0x7F, 0x68, 0xCB, 0xB7,
    0xA8, 0xEF, 0x60, 0xC7, 0xE2, 0x05, 0x7A, 0xBC, 0x43, 0x12, 0xC8, 0xAB, 0x7B, 0x1E, 0x4D, 0x6F,
    0xBA, 0x5F, 0x92, 0xEB, 0xC6, 0x09, 0x43, 0xE6, 0x4F, 0x82, 0xA1, 0x5E, 0x1B, 0xFF, 0xB8, 0x71,
    0xE3, 0xD3, 0xA8, 0x68, 0x6D, 0xB1, 0x6D, 0xBF, 0xFE, 0x1A, 0x79, 0xF2, 0xD3, 0x62, 0xCE, 0x56,
    0xDC, 0x9A, 0x2C, 0xA7, 0x6C, 0x2D, 0x1F, 0x1F, 0xE6, 0xD2, 0x6C, 0xCA, 0x8D, 0xF7, 0x22, 0xEB,
    0xA4, 0x0B, 0x1A, 0xB0, 0xBA, 0x63, 0xA8, 0xEE, 0x18, 0xDA, 0xD9, 0x23, 0x05, 0xFD, 0xDE, 0x7E,
    0xBA, 0x5F, 0xF1, 0xD6, 0xF0, 0xB2, 0xCB, 0x46, 0x77, 0x5A, 0x41, 0x11, 0x4C, 0x66, 0x30, 0xC5,
    0x04, 0x4A, 0x6B, 0xDE, 0x6C, 0x3F, 0x5C, 0x2D, 0xC5, 0x76, 0x6F, 0xFF, 0x76, 0x93, 0x1E, 0xB1,
    0x97, 0xD0, 0x6D, 0xE8, 0xD2, 0x14, 0x18, 0x71, 0xC5, 0x99, 0x4C, 0x80, 0x3C, 0x40, 0x43, 0x08,
    0x83, 0x2E, 0x80, 0xEF, 0xDA, 0x8B, 0xA7, 0x41, 0xE1, 0x09, 0x36, 0x1E, 0x3F, 0x28, 0x21, 0x70,
    0x7B, 0xEF, 0xFC, 0x72, 0xC0, 0xD4, 0x29, 0x91, 0xB4, 0x1E, 0xF0, 0x19, 0xDD, 0xB6, 0x8C, 0x57,
    0x0B, 0x95, 0xA9, 0xC8, 0x1B, 0x33, 0x9B, 0xB4, 0xE9, 0xF7, 0xDE, 0xAE, 0x10, 0xB8, 0xF7, 0x26,
    0x94, 0x81, 0x4B, 0xBE, 0x0D, 0x52, 0x84, 0xE7, 0x62, 0x6D, 0x90, 0x03, 0xA2, 0x40, 0xAF, 0x73,
    0x10, 0xA6, 0xB0, 0x3E, 0x74, 0x92, 0x70, 0x6F, 0x2C, 0xC8, 0xB0, 0x30, 0x46, 0x1B, 0xA5, 0x40,
    0x97, 0x60, 0xE8, 0x06, 0xC4, 0x4A, 0xB3, 0x91, 0x41, 0xFC, 0x1F, 0xAD, 0xD1, 0x3F, 0xB4, 0xFA,
    0x74, 0xAF, 0x3E, 0x83, 0x34, 0x7A, 0x3B, 0x99, 0xA5, 0xA2, 0x44, 0xA5, 0x4D, 0xE1, 0xA1, 0x9C,
    0x63, 0x69, 0x9E, 0x1E, 0x15, 0x6A, 0x14, 0x21, 0xCD, 0x93, 0xD0, 0xB1, 0xCF, 0xB2, 0x79, 0x2B,
    0x8E, 0xFD, 0x7E, 0x36, 0x8C, 0x2B, 0x63, 0x75, 0x63, 0x80, 0x3D, 0xE5, 0x59, 0x9B, 0xFD, 0x00,
    0xA7, 0x6D, 0x67, 0x7B, 0xB9, 0x7A, 0xB3, 0xCD, 0x6B, 0xE0, 0x9B, 0xFE, 0x5A, 0xB9, 0xDD, 0x34,
    0x1C, 0x12, 0x25, 0x2B, 0xA9, 0x69, 0xF8, 0x1D, 0xCE, 0xF9, 0xA4, 0x99, 0xBB, 0xB0, 0x55, 0x55,
    0xC8, 0xF6, 0x27, 0xB4, 0xE7, 0x82, 0x78, 0xF0, 0x87, 0x9C, 0x8D, 0x4B, 0xEA, 0xEF, 0xCC, 0xA6,
    0xF9, 0x9C, 0x72, 0x74, 0x87, 0x29, 0xB5, 0x0D, 0x90, 0x3C, 0xDF, 0x4F, 0xE8, 0xB7, 0xA5, 0xC6,
    0xB4, 0xD0, 0x5B, 0x62, 0xE8, 0x86, 0x0D, 0x5C, 0xB0, 0x1C, 0xC9, 0xFE, 0x94, 0xC2, 0xD8, 0x87,
    0x94, 0xA2, 0xFB, 0xB9, 0x82, 0xC7, 0xCB, 0x85, 0x60, 0x93, 0xC4, 0x1D, 0x04, 0x14, 0x9E, 0x29,
    0x23, 0x2F, 0xB8, 0xD2, 0xA2, 0x87, 0xAE, 0x34, 0xFD, 0x20, 0x69, 0xBB, 0x01, 0xFC, 0xDF, 0x53,
    0x7F, 0xCD, 0x3F, 0xDB, 0x4D, 0xDF, 0x49, 0xEA, 0xF6, 0x6D, 0x9D, 0x81, 0x50, 0xDA, 0x41, 0xBA,
    0x13, 0xE3, 0x52, 0x4A, 0xB2, 0xDD, 0x85, 0xE9, 0xAC, 0x88, 0xAB, 0x2B, 0xAE, 0x96, 0xCC, 0xD5,
    0x2A, 0x8D, 0xAB, 0xFB, 0x91, 0xD3, 0x8E, 0x4B, 0x3E, 0x26, 0x36, 0x16, 0xE3, 0xC5, 0xDA, 0x72,
    0x28, 0xCC, 0xCF, 0x99, 0xFB, 0x06, 0xA4, 0x73, 0xC2, 0xE6, 0xF3, 0xAA, 0x3E, 0x86, 0xCD, 0x0C,
    0x51, 0xE9, 0xAA, 0xCF, 0x05, 0xBD, 0xE4, 0x59, 0x9F, 0x1C, 0x9F, 0x49, 0x9F, 0xC2, 0x3F, 0xE5,
    0x78, 0xBD, 0x92, 0xF4, 0x6D, 0xAB, 0xD9, 0x0C, 0xAD, 0x10, 0x2D, 0xF6, 0xD8, 0xD7, 0x16, 0x9E,
    0x77, 0xC6, 0xBB, 0xE3, 0x6B, 0x6F, 0x5F, 0x37, 0xFA, 0x67, 0x52, 0x6B, 0x8D, 0xAD, 0x93, 0x0E,
    0xF3, 0xBE, 0x3B, 0x5C, 0x0F, 0xC4, 0xE7, 0x10, 0x2E, 0xF2, 0x18, 0x2E, 0x6E, 0xFF, 0xC5, 0xC9,
    0x31, 0x03, 0xF3, 0x74, 0xF8, 0x26, 0xFB, 0xAA, 0xBF, 0xF1, 0x2B, 0xCB, 0x37, 0x26, 0x75, 0x90,
    0x71, 0x53, 0x4B, 0x28, 0xB1, 0xC9, 0x67, 0x30, 0x1D, 0x67, 0x56, 0x0E, 0xCC, 0xFD, 0xF9, 0xE1,
    0x2F, 0x25, 0x88, 0x2B, 0x87, 0x78, 0xB2, 0x8F, 0xD5, 0xFF, 0xEC, 0xD0, 0x00, 0xFC, 0x09, 0x95,
    0x94, 0x2D, 0x6F, 0xD4, 0x39, 0x3F, 0x87, 0xD7, 0xEA, 0x95, 0xA5, 0xDF, 0x9A, 0xAC, 0x20, 0xD7,
    0x6F, 0x9C, 0x92, 0xF0, 0xAE, 0xE1, 0x81, 0x7B, 0xA6, 0x02, 0xF5, 0xF7, 0x93, 0x50, 0x42, 0x7C,
    0x07, 0xF9, 0xC0, 0x7F, 0x03, 0xB4, 0x95, 0x01, 0xA4, 0xEE, 0xC8, 0x15, 0xC7, 0x7F, 0x49, 0xDE,
    0x7D, 0x41, 0x5A, 0x29, 0xBC, 0xB6, 0xB6, 0x08, 0xC0, 0xA2, 0x04, 0x16, 0xA0, 0x66, 0x74, 0x01,
    0x0B, 0x8B, 0x77, 0x5B, 0x14, 0x00, 0x80, 0xEE, 0x02, 0xA0, 0xFB, 0x26, 0x14, 0x00, 0x0A, 0xA0,
    0xF0, 0x60, 0x0B, 0x0A, 0x05, 0x80, 0xDE, 0x49, 0xBB, 0x80, 0x62, 0x63, 0x29, 0x14, 0x44, 0x2D,
    0xA5, 0x8B, 0x3B, 0x25, 0x4F, 0xF3, 0xBC, 0x64, 0xFE, 0xCD, 0xCC, 0x7C, 0x6E, 0xAB, 0x05, 0xD0,
    0x98, 0xF3, 0xFB, 0xC1, 0x7C, 0xBE, 0x73, 0x72, 0xCE, 0x4C, 0xE8, 0x67, 0x4C, 0x40, 0x65, 0x2D,
    0xB8, 0x09, 0xC0, 0xCD, 0xF8, 0x19, 0x5D, 0x6B, 0xBA, 0x56, 0x25, 0x5B, 0x8B, 0xA6, 0xAC, 0x48,
    0x7B, 0xD2, 0x9D, 0xF4, 0xC7, 0x6D, 0x0D, 0x3B, 0xE3, 0x86, 0x09, 0xB7, 0xE5, 0x56, 0xFC, 0x0A,
    0xB4, 0x1B, 0xD0, 0x05, 0x60, 0xB8, 0x50, 0x2B, 0xC2, 0x10, 0xB5, 0xE0, 0xA3, 0x42, 0x25, 0x69,
    0x6F, 0xA4, 0xC7, 0xBD, 0x8B, 0xE6, 0xCB, 0xAD, 0xDF, 0xCD, 0xEB, 0x30, 0x04, 0x37, 0xD9, 0x71,
    0x75, 0x16, 0xB3, 0x7A, 0x2E, 0x28, 0x21, 0x3E, 0xC3, 0x84, 0x68, 0x26, 0x13, 0xA3, 0xE6, 0x41,
    0xD2, 0xD4, 0x5F, 0xA0, 0x91, 0x3F, 0xC0, 0x6B, 0x81, 0x6E, 0xBF, 0xFD, 0x4F, 0x01, 0xB8, 0x0D,
    0x68, 0x24, 0xA0, 0x97, 0x26, 0x18, 0x32, 0x4D, 0xC8, 0x5C, 0xC5, 0xC5, 0xAF, 0x62, 0x2E, 0xF2,
    0x19, 0xA4, 0x3A, 0x01, 0x25, 0x1A, 0x69, 0xC9, 0x9C, 0xB9, 0xD1, 0x65, 0x7E, 0x4F, 0xF7, 0x90,
    0x2A, 0x4F, 0x3C, 0x13, 0xDB, 0xC2, 0x23, 0xB1, 0xCB, 0xEC, 0x0B, 0xF7, 0xCC, 0x2D, 0x71, 0x48,
    0xBC, 0xFB, 0xE4, 0xCD, 0xFD, 0xC7, 0x18, 0x49, 0x01, 0xB3, 0x67, 0xBE, 0x95, 0x56, 0x9C, 0x12,
    0x7B, 0xCD, 0xC0, 0x28, 0x0B, 0x0C, 0x11, 0xA0, 0xFA, 0x15, 0x4F, 0xCF, 0xEF, 0xE0, 0xD3, 0x66,
    0xA7, 0x3E, 0x9A, 0xE8, 0xBF, 0xD9, 0xAB, 0xFC, 0x0B, 0x2F, 0x4D, 0xB8, 0x6F, 0x04, 0x42, 0x54,
    0x27, 0x8E, 0xFA, 0xC0, 0x27, 0x88, 0x3A, 0xD6, 0x27, 0x95, 0x74, 0xD0, 0x26, 0x0C, 0x92, 0xF0,
    0x7F, 0xDA, 0xFD, 0xF4, 0x0A, 0x0C, 0xDF, 0x87, 0x6F, 0x91, 0x9F, 0x51, 0x9A, 0x9D, 0x64, 0x93,
    0xBD, 0x94, 0x6B, 0x55, 0xF1, 0x94, 0xFC, 0xC2, 0xBF, 0xE1, 0x67, 0x7A, 0x09, 0x26, 0x94, 0xBA,
    0xCC, 0x96, 0x5A, 0x4C, 0x6A, 0xB5, 0x5B, 0x4B, 0xB1, 0x39, 0xF3, 0xEE, 0x6C, 0x72, 0xEE, 0xAD,
    0xBA, 0xF2, 0x72, 0x34, 0x1C, 0xC9, 0xB5, 0x7C, 0x48, 0x46, 0x5A, 0x4A, 0x1B, 0xA4, 0xFD, 0xE6,
    0xED, 0xE6, 0x00, 0xC3, 0xCD, 0xE3, 0xCD, 0x26, 0x79, 0xBD, 0x79, 0xB9, 0x79, 0x06, 0x70, 0x99,
    0xE0, 0x8B, 0x5F, 0xE8, 0xCF, 0xD9, 0x5E, 0xCA, 0xD6, 0xFF, 0x38, 0x96, 0x34, 0xD2, 0x6A, 0x62,
    0x6A, 0x5A, 0x7B, 0xAD, 0x23, 0xF5, 0xAA, 0xDF, 0xF3, 0xDA, 0x18, 0x02, 0x63, 0xE0, 0xBF, 0x9E,
    0xA7, 0x0D, 0x43, 0xD9, 0x50, 0xA6, 0x7A, 0xC5, 0x2C, 0xFF, 0x3E, 0x13, 0x3C, 0xD7, 0x96, 0x93,
    0xCE, 0x09, 0xD8, 0x2A, 0xE2, 0x6C, 0xBD, 0x63, 0x68, 0x0E, 0xEE, 0xA8, 0xA5, 0x89, 0x4A, 0xDA,
    0xA8, 0x73, 0x27, 0xDE, 0xE9, 0xA4, 0x5F, 0xBB, 0x48, 0xBF, 0x54, 0x17, 0x56, 0x4E, 0x86, 0xB7,
    0x55, 0xEA, 0xCE, 0xBB, 0xFD, 0x82, 0x02, 0x5D, 0x42, 0xE5, 0x2F, 0x7C, 0x87, 0x6E, 0xC3, 0xD1,
    0x04, 0x1E, 0xE8, 0x02, 0x62, 0x5C, 0x4A, 0xC7, 0x8D, 0x22, 0x74, 0xFA, 0x1A, 0x78, 0x86, 0x31,
    0x38, 0x59, 0xE7, 0x79, 0xFF, 0x7D, 0x80, 0x1F, 0x68, 0x2D, 0xC5, 0x4A, 0xC9, 0x43, 0x79, 0x77,
    0x5C, 0x9B, 0xDD, 0x9E, 0xA7, 0x36, 0x4F, 0x6B, 0x1F, 0x00, 0x81, 0x99, 0xAA, 0xCF, 0x2F, 0x10,
    0x71, 0x9A, 0x87, 0xB9, 0x3E, 0x6A, 0x29, 0xF4, 0x4B, 0x1B, 0xBA, 0x73, 0xD8, 0xBA, 0xB5, 0x5F,
    0xC6, 0xD0, 0x6F, 0x6D, 0xE8, 0x67, 0x33, 0x9B, 0xD0, 0x86, 0x71, 0xF2, 0x93, 0x5B, 0x9A, 0x60,
    0x90, 0x35, 0xF6, 0x72, 0x25, 0xA0, 0x0D, 0xAF, 0xEA, 0xE4, 0x6E, 0x7D, 0xC8, 0xEE, 0x97, 0x6C,
    0xDB, 0xCF, 0xC9, 0xED, 0x7A, 0xFD, 0xAA, 0x92, 0xED, 0x17, 0x83, 0x43, 0x8B, 0x9B, 0x1E, 0x30,
    0xD6, 0x49, 0xD5, 0xC1, 0x38, 0x0F, 0xDA, 0xDB, 0x8D, 0x61, 0xAD, 0x35, 0x0D, 0x4B, 0x39, 0x2A,
    0x7E, 0x7A, 0x4A, 0xB3, 0xD2, 0xD7, 0x95, 0xDF, 0x28, 0xBD, 0x9F, 0x80, 0x2E, 0x4F, 0x0E, 0xF0,
    0x49, 0xB4, 0x59, 0x2B, 0x95, 0x0E, 0x1A, 0x9D, 0xB4, 0x21, 0x66, 0x77, 0x69, 0xD6, 0xFF, 0x7E,
    0x60, 0x7E, 0x7C, 0xC5, 0xEB, 0x3C, 0xC6, 0x0C, 0xD2, 0x7E, 0xC5, 0x06, 0x40, 0x35, 0x7F, 0x40,
    0x3B, 0x6F, 0x0C, 0x5F, 0x04, 0xDC, 0xEB, 0x90, 0x2A, 0xEE, 0xA4, 0x65, 0x54, 0xD9, 0xDB, 0x4B,
    0x73, 0x77, 0x45, 0x73, 0xFA, 0x89, 0xC3, 0x58, 0x7E, 0xD1, 0x5B, 0x7E, 0xD8, 0x96, 0x49, 0xBB,
    0xBF, 0xBF, 0xB7, 0x46, 0xD2, 0x9C, 0x30, 0xB9, 0x0B, 0x36, 0x01, 0xE0, 0x09, 0x55, 0x04, 0xEA,
    0x84, 0xEA, 0x25, 0x77, 0xF7, 0xF7, 0x1F, 0x8F, 0xD2, 0x6A, 0x4A, 0x2C, 0xA6, 0x8C, 0x70, 0x75,
    0x4F, 0x7E, 0x5C, 0x29, 0xA7, 0xBB, 0x95, 0xE7, 0x2E, 0x97, 0xEB, 0xF1, 0xD7, 0x3A, 0xA0, 0xD3,
    0xC4, 0x20, 0x30, 0xA9, 0x73, 0xB2, 0xF8, 0xB4, 0x4D, 0x73, 0xA5, 0xB4, 0xCD, 0x2C, 0xCD, 0x79,
    0x79, 0x1F, 0xD7, 0x6E, 0xEF, 0xE7, 0x66, 0x1F, 0x42, 0x1F, 0xFA, 0xB9, 0xDE, 0xFB, 0x30, 0x2E,
    0x43, 0xB6, 0x99, 0xC7, 0xA9, 0x0B, 0x97, 0xA7, 0x94, 0x41, 0x1F, 0x5C, 0x4A, 0x7D, 0xEA, 0xD7,
    0xE4, 0x9D, 0x61, 0xF1, 0xD6, 0x75, 0x01, 0x33, 0x7B, 0xFB, 0xAA, 0xC9, 0x9E, 0x1E, 0x9A, 0xCD,
    0xCA, 0xBA, 0xE9, 0x6C, 0xE2, 0x1B, 0xE1, 0xBE, 0xD4, 0x1F, 0xF5, 0xCF, 0x13, 0xF3, 0xA8, 0x59,
    0x8F, 0x47, 0xB9, 0x28, 0x7C, 0xB9, 0x04, 0x2A, 0xCD, 0xB7, 0xF4, 0x2C, 0x8D, 0xE2, 0x6F, 0x75,
    0x00, 0xB7, 0x03, 0x9B, 0x36, 0xCA, 0xE6, 0x21, 0xCC, 0x33, 0x0A, 0xEF, 0xFD, 0x26, 0xF1, 0x2E,
    0xBD, 0x8A, 0x60, 0xD2, 0x5A, 0x8D, 0x16, 0x6C, 0xB7, 0x0F, 0x87, 0xF9, 0xFD, 0x67, 0x9F, 0x99,
    0xC3, 0x84, 0xE7, 0x16, 0x44, 0x8E, 0x4A, 0xE5, 0xFD, 0xFD, 0x34, 0xBE, 0xAC, 0xA4, 0xA3, 0x2E,
    0x5F, 0x87, 0xED, 0x8A, 0x40, 0xB7, 0x41, 0x9F, 0x22, 0x94, 0x18, 0xD6, 0xF4, 0x8A, 0xED, 0x20,
    0xCD, 0xA3, 0x34, 0x19, 0xC9, 0xA6, 0xE0, 0xB9, 0x16, 0x46, 0xED, 0x78, 0x1D, 0xC4, 0xFA, 0xAC,
    0x0E, 0x52, 0x1C, 0xD0, 0xEC, 0x30, 0x84, 0x9C, 0xFF, 0x20, 0xD0, 0x46, 0x2B, 0x4B, 0x1A, 0xF2,
    0x71, 0xEE, 0x9E, 0x5A, 0xE4, 0xAE, 0x40, 0x3A, 0x6F, 0xFF, 0x7F, 0xC0, 0xB8, 0x82, 0x6C, 0x9E,
    0xCA, 0x31, 0x82, 0xD1, 0x7C, 0x45, 0x4A, 0xE0, 0x8A, 0x36, 0xC7, 0xCF, 0xE9, 0x57, 0x3F, 0xB9,
    0x34, 0x1A, 0x76, 0xD0, 0x99, 0x53, 0x40, 0xD4, 0x07, 0xED, 0x96, 0x72, 0x1D, 0x67, 0xC0, 0x2D,
    0xA3, 0x2E, 0xFB, 0x79, 0xD4, 0xC4, 0x5D, 0x9A, 0x23, 0xCB, 0xA8, 0x9B, 0xA6, 0xEF, 0x0A, 0x8C,
    0x6C, 0x5D, 0xD4, 0xC4, 0x24, 0x92, 0xDC, 0xA5, 0x13, 0x7C, 0xA4, 0x3D, 0x40, 0x91, 0x2E, 0xE9,
    0xA4, 0x4F, 0xCA, 0x97, 0x54, 0xA5, 0x13, 0x93, 0x6F, 0x99, 0x9F, 0xE8, 0xED, 0x74, 0x49, 0x69,
    0x86, 0xB3, 0xA6, 0x34, 0x28, 0x8F, 0xB2, 0xED, 0x31, 0xC6, 0x36, 0xD2, 0xEE, 0x00, 0x74, 0x5B,
    0x56, 0x7F, 0x53, 0xF8, 0x4F, 0x0D, 0x6B, 0xD6, 0x58, 0x64, 0x96, 0xA2, 0xDB, 0x6D, 0x6B, 0xB3,
    0x78, 0x9E, 0x67, 0x36, 0x1F, 0x81, 0x4A, 0x89, 0x6D, 0x22, 0x7D, 0xE6, 0x78, 0x21, 0x62, 0x12,
    0xF3, 0x96, 0x33, 0xF3, 0xC0, 0x67, 0xBA, 0x4C, 0x73, 0x71, 0xCF, 0x3B, 0xB7, 0xFC, 0xAB, 0x40,
    0x9D, 0xC9, 0x8B, 0xFE, 0xF1, 0x22, 0xFD, 0xE3, 0x0A, 0x0C, 0x8F, 0x0B, 0x30, 0x66, 0x9A, 0xC7,
    0x39, 0x51, 0x99, 0x7E, 0x02, 0x5C, 0xA6, 0xF7, 0x36, 0x13, 0x40, 0x4A, 0x8C, 0xE5, 0x20, 0xC6,
    0xCC, 0x33, 0x9F, 0xC7, 0x03, 0x68, 0x12, 0xBB, 0xD5, 0x6C, 0x6E, 0xF7, 0x9B, 0x5B, 0xC7, 0xA9,
    0x39, 0xFB, 0x63, 0x08, 0x66, 0xF6, 0xA0, 0x15, 0x2D, 0x79, 0x2C, 0xE6, 0xD4, 0x2A, 0x33, 0x61,
    0x2C, 0x06, 0x1C, 0x78, 0x88, 0x70, 0xC2, 0x41, 0x95, 0xF2, 0x9E, 0xAF, 0xE5, 0x34, 0xE1, 0x57,
    0xDA, 0xF2, 0x65, 0xC5, 0x2C, 0xC2, 0xE1, 0x78, 0xB8, 0xE2, 0xC4, 0xA3, 0xEA, 0xE2, 0x63, 0xDA,
    0xBC, 0xE1, 0xA4, 0xD5, 0x97, 0x6B, 0x98, 0x7A, 0xFA, 0x94, 0x66, 0xD9, 0x69, 0x42, 0xFA, 0x02,
    0x89, 0xAE, 0xDC, 0x36, 0x6B, 0x2D, 0x85, 0x14, 0x7D, 0x19, 0x64, 0xC6, 0xBF, 0xED, 0x98, 0x8F,
    0x56, 0x7E, 0xD4, 0x4F, 0x7C, 0xF0, 0x6D, 0xF2, 0x53, 0x69, 0x29, 0x9A, 0x93, 0xEA, 0x22, 0xC6,
    0x22, 0x33, 0x15, 0xD9, 0xA2, 0x4C, 0x5C, 0x91, 0x2F, 0x8A, 0x45, 0x27, 0x55, 0x51, 0x3B, 0x91,
    0xEA, 0xE9, 0x57, 0xD2, 0x90, 0x9A, 0xF9, 0x3D, 0xEA, 0x1D, 0x6F, 0xBD, 0x35, 0x9A, 0x62, 0x2D,
    0x9C, 0x7E, 0x79, 0xB4, 0xC2, 0xEB, 0xA3, 0x6D, 0x88, 0x40, 0xBF, 0xBA, 0x24, 0xF3, 0x07, 0x9D,
    0x80, 0xFF, 0xF0, 0x3C, 0x80, 0xD8, 0xFF, 0xE3, 0x52, 0x73, 0x98, 0xAF, 0x2E, 0x75, 0x9B, 0x3E,
    0xDC, 0xA1, 0xFF, 0x6B, 0x9E, 0x0D, 0xF3, 0xC5, 0x25, 0x7B, 0x6D, 0xCC, 0x8A, 0xD0, 0x05, 0x9A,
    0xDC, 0x80, 0x3C, 0x7C, 0xCA, 0xDF, 0xBF, 0xEA, 0x52, 0x35, 0x53, 0xEB, 0xFC, 0x7F, 0xD7, 0xF7,
    0x97, 0xCF, 0xFF, 0xD5, 0xBE, 0x15, 0xC3, 0x68, 0x6E, 0x15, 0xE1, 0xF1, 0x6F, 0x2E, 0x06, 0x59,
    0xC8, 0x4D, 0x56, 0x48, 0x44, 0xC2, 0x69, 0x69, 0x70, 0xDF, 0x60, 0x03, 0xBD, 0x74, 0x05, 0x7B,
    0x91, 0xD8, 0xE2, 0x7A, 0x51, 0x2C, 0x05, 0x75, 0x6C, 0x92, 0x82, 0x82, 0xE6, 0x0A, 0x92, 0xFA,
    0x5A, 0xAA, 0x50, 0x50, 0x50, 0xE5, 0x19, 0x22, 0x2A, 0x0A, 0x2C, 0x24, 0x68, 0x28, 0xCE, 0x22,
    0x2C, 0x29, 0x52, 0xC4, 0x20, 0xE7, 0xD6, 0x7B, 0x79, 0x7E, 0x83, 0xE7, 0x9B, 0x79, 0xFA, 0xF7,
    0xBF, 0xBD, 0x15, 0x21, 0xB9, 0x4B, 0x2E, 0x59, 0xAC, 0xDD, 0x99, 0xF1, 0x9F, 0x5B, 0xCF, 0xCC,
    0xE7, 0xF7, 0xBF, 0xF9, 0xDE, 0xBC, 0x17, 0xE4, 0x27, 0x2F, 0x0B, 0xC4, 0xA6, 0xDF, 0xF2, 0xE3,
    0x0B, 0xD7, 0x6F, 0xF9, 0x49, 0xED, 0x23, 0xE1, 0x5F, 0xC5, 0xA6, 0xEA, 0x07, 0x9D, 0xDC, 0x39,
    0xF5, 0x19, 0x64, 0x3A, 0x92, 0xB0, 0xCB, 0x55, 0x12, 0x48, 0xC0, 0x58, 0xC6, 0x1C, 0xA4, 0xB0,
    0xAF, 0x01, 0x04, 0xF1, 0x78, 0x44, 0x14, 0x12, 0xA6, 0x57, 0x29, 0xF5, 0xA9, 0x97, 0x72, 0x3D,
    0xA7, 0x8C, 0x4A, 0xBF, 0x29, 0xBF, 0xE5, 0x97, 0x89, 0x92, 0x81, 0x60, 0x3C, 0x65, 0x4F, 0x4B,
    0x8C, 0x25, 0x0A, 0x17, 0xD5, 0xE4, 0x9B, 0x3D, 0xA3, 0x94, 0x88, 0xB4, 0x88, 0x4F, 0x40, 0x82,
    0x97, 0xC8, 0x4A, 0x14, 0x20, 0x55, 0x82, 0x5A, 0xB2, 0xA9, 0x91, 0xA8, 0x6A, 0x32, 0xEE, 0xEB,
    0xA6, 0x1E, 0x2A, 0x26, 0x54, 0xBD, 0x35, 0x65, 0xD4, 0xCC, 0x82, 0x29, 0xE1, 0x0F, 0xA6, 0x5A,
    0x3C, 0x56, 0x03, 0xDE, 0x5F, 0xFB, 0x3A, 0xBE, 0x12, 0x5C, 0x7C, 0xB8, 0xA9, 0x9D, 0xBE, 0xBF,
    0x6C, 0xE1, 0xD7, 0xE4, 0xFD, 0xFD, 0x1B, 0xEF, 0xAF, 0xD2, 0xF7, 0xD7, 0x7E, 0xDC, 0xF7, 0x17,
    0xDF, 0x8B, 0x04, 0x9D, 0xEE, 0x05, 0x32, 0xC2, 0x7F, 0xBD, 0x2D, 0x82, 0x91, 0x65, 0x8C, 0x3F,
    0x0D, 0x31, 0xA1, 0x6A, 0x91, 0xCF, 0x27, 0x4B, 0x5A, 0x46, 0xDA, 0x8E, 0x67, 0xAD, 0x81, 0x82,
    0x3D, 0xE8, 0xE7, 0x0B, 0x4B, 0x3D, 0x50, 0xE1, 0xDB, 0x9E, 0x72, 0xEF, 0x20, 0xC6, 0x0D, 0xBE,
    0x36, 0x1C, 0xBB, 0xA9, 0x96, 0xDA, 0x83, 0x25, 0x41, 0xC6, 0x12, 0xCB, 0x29, 0x0B, 0x77, 0x46,
    0x0D, 0xC6, 0x85, 0xC8, 0x15, 0x30, 0x33, 0x84, 0x2F, 0x1B, 0xCA, 0x01, 0x5A, 0x00, 0x7B, 0xCC,
    0xA8, 0xA2, 0x71, 0x84, 0x8A, 0x86, 0xD0, 0xB9, 0x83, 0x91, 0x46, 0x23, 0x5B, 0x6D, 0xA4, 0x16,
    0xDE, 0xA9, 0x51, 0xCD, 0x6E, 0x80, 0xD1, 0x8E, 0x20, 0xC8, 0x02, 0x49, 0x3D, 0xE9, 0x5F, 0x77,
    0x6A, 0xA4, 0xAC, 0x1C, 0x5A, 0xD6, 0x4E, 0x25, 0x8C, 0xC2, 0xDB, 0x48, 0xA8, 0x2F, 0x8E, 0xEF,
    0x22, 0x44, 0x9D, 0x26, 0xAD, 0xAE, 0xAE, 0x46, 0xEA, 0x38, 0xA8, 0x6F, 0x46, 0x64, 0xC5, 0x2A,
    0x37, 0xE0, 0xE2, 0xF2, 0x9F, 0x1B, 0xA0, 0x84, 0x41, 0x74, 0xE4, 0xCE, 0xC0, 0x8C, 0xC1, 0x69,
    0x20, 0x5A, 0x31, 0x44, 0x38, 0x0E, 0x04, 0xE1, 0x78, 0x25, 0x88, 0x83, 0x89, 0x9D, 0x9C, 0x19,
    0x49, 0x78, 0x0C, 0xBA, 0x82, 0xD7, 0x88, 0x4F, 0xF8, 0x5C, 0x80, 0x5A, 0x9E, 0x0B, 0xA0, 0x7E,
    0x48, 0x87, 0xF8, 0x80, 0x41, 0x18, 0x1C, 0x96, 0x20, 0xF3, 0x10, 0xF1, 0xE9, 0x6E, 0x2C, 0x50,
    0xF9, 0x08, 0x80, 0xC4, 0xBF, 0x57, 0x03, 0xDE, 0x81, 0x1C, 0x4F, 0x57, 0x80, 0xBA, 0xB9, 0x23,
    0x2A, 0xD9, 0x91, 0x5E, 0xC5, 0x83, 0xDE, 0x92, 0xDF, 0x0F, 0xA4, 0xEE, 0x7F, 0xF9, 0xC6, 0x35,
    0x5F, 0xCE, 0xA9, 0xE9, 0x2B, 0x22, 0x10, 0xA3, 0x19, 0xA9, 0x25, 0x48, 0x39, 0x10, 0x03, 0x74,
    0xF1, 0x13, 0xBE, 0x32, 0xAB, 0x87, 0x1B, 0x3B, 0xAB, 0x17, 0x9B, 0x62, 0x3C, 0xDF, 0x80, 0x60,
    0xF5, 0x0A, 0x30, 0x12, 0xDC, 0x78, 0x05, 0x64, 0x67, 0x37, 0x0A, 0xCA, 0x2B, 0xE1, 0xF8, 0xF8,
    0xC4, 0x1B, 0x30, 0xD9, 0x2A, 0xCC, 0xC0, 0xC0, 0xC9, 0x41, 0xF3, 0x0C, 0x20, 0xB9, 0x29, 0x66,
    0x03, 0x49, 0xF3, 0x34, 0xA0, 0xEC, 0x46, 0xC1, 0x52, 0x28, 0x0C, 0xB0, 0x12, 0x48, 0x19, 0x68,
    0x95, 0xF9, 0x04, 0x70, 0x35, 0x6E, 0x14, 0x3C, 0xDC, 0x2C, 0x11, 0x40, 0xB9, 0x99, 0x23, 0x88,
    0xED, 0x5F, 0xB6, 0x35, 0xB5, 0x01, 0x69, 0xEF, 0xC6, 0xC0, 0xB4, 0x1B, 0x05, 0x74, 0xFF, 0x42,
    0xE5, 0x6A, 0xEC, 0x5D, 0xE2, 0x83, 0x86, 0x92, 0x10, 0xC1, 0xE5, 0x4D, 0xAC, 0x11, 0x60, 0x46,
    0x47, 0xCF, 0x40, 0xE6, 0xE3, 0xE3, 0x57, 0xBC, 0x01, 0x6D, 0xE0, 0x44, 0xB0, 0x11, 0x9B, 0x02,
    0x6E, 0x37, 0x06, 0x3A, 0x5B, 0xA0, 0x89, 0x03, 0xFD, 0x28, 0x81, 0x75, 0xA2, 0x01, 0x64, 0xA2,
    0x64, 0xD5, 0x79, 0x76, 0x22, 0x2D, 0x3F, 0xF9, 0xF7, 0x23, 0xA1, 0xC1, 0x35, 0xA6, 0xDC, 0x88,
    0xCA, 0x40, 0xAF, 0x87, 0xC2, 0xA3, 0xB7, 0x05, 0xD4, 0x5E, 0x6A, 0xAA, 0xC9, 0xE8, 0x21, 0x54,
    0x3B, 0x40, 0x59, 0xA6, 0xA6, 0xF8, 0x7A, 0xA5, 0xDD, 0xD7, 0x7B, 0xD4, 0x4E, 0xA8, 0x57, 0x35,
    0x00, 0x40, 0x8F, 0xB1, 0xDC, 0x80, 0xE5, 0x8B, 0x3B, 0x3C, 0x6B, 0x60, 0xA3, 0x85, 0x89, 0xC1,
    0xB0, 0x28, 0x8A, 0x40, 0x50, 0xA1, 0xDB, 0x85, 0x3D, 0x13, 0xB0, 0xDE, 0xAA, 0xB1, 0x2B, 0xFB,
    0xFC, 0x90, 0x52, 0x51, 0xB0, 0xEF, 0x19, 0x52, 0x36, 0x6D, 0x30, 0x76, 0x51, 0xCB, 0x40, 0x3E,
    0x3E, 0xE6, 0x46, 0x63, 0x65, 0xF1, 0xD5, 0x99, 0x6E, 0x28, 0xB1, 0x46, 0x00, 0x9C, 0x9B, 0x4E,
    0xA3, 0x0E, 0xA6, 0x2D, 0xE2, 0xCC, 0x74, 0x2E, 0x9A, 0xF6, 0xBA, 0x58, 0xB7, 0x7E, 0x8D, 0x31,
    0x6C, 0xED, 0xC1, 0x9A, 0xB6, 0xF0, 0x0D, 0x5A, 0xBC, 0xFC, 0xBA, 0x57, 0x8C, 0xA1, 0x07, 0xF4,
    0x18, 0x8F, 0xDC, 0x16, 0x9E, 0x8B, 0xE1, 0x36, 0xF6, 0xE2, 0x89, 0xDC, 0x81, 0x3E, 0x24, 0x4F,
    0x6D, 0xA7, 0x3A, 0x46, 0xEE, 0x6F, 0x18, 0x0E, 0x2F, 0xAA, 0x22, 0x3E, 0x9C, 0xA7, 0x0B, 0xEE,
    0x6F, 0x14, 0x0E, 0xC9, 0xF7, 0x9A, 0x83, 0x82, 0x5E, 0xF2, 0x70, 0x93, 0xF2, 0x3F, 0x6A, 0xE2,
    0xC2, 0xBD, 0x1C, 0xD0, 0x38, 0x40, 0xEE, 0x83, 0x08, 0x64, 0x0D, 0x81, 0x7C, 0x2D, 0x49, 0x13,
    0xCD, 0xC1, 0xD2, 0x10, 0x22, 0x88, 0x58, 0xE3, 0xF6, 0x4A, 0x6E, 0xC2, 0x72, 0x40, 0xED, 0x29,
    0x21, 0x26, 0x8B, 0x1F, 0x41, 0x9B, 0x18, 0x48, 0x62, 0x26, 0x75, 0xD6, 0xA2, 0x17, 0x61, 0xC2,
    0xE6, 0x2E, 0xAB, 0x6B, 0x05, 0xFE, 0x78, 0x78, 0x2E, 0x83, 0x6C, 0x62, 0x7C, 0xB5, 0x3C, 0x8B,
    0xFD, 0xF3, 0x18, 0xE4, 0x8B, 0xF2, 0xAD, 0x0F, 0xA8, 0x74, 0xEB, 0x73, 0x18, 0x1F, 0xBE, 0x6E,
    0xF7, 0xA2, 0x21, 0x1E, 0xEC, 0x0B, 0x17, 0x8D, 0x91, 0xF0, 0xD5, 0x3B, 0xE5, 0x59, 0xE3, 0x4B,
    0xD8, 0x5B, 0xA0, 0xF5, 0x6A, 0xC1, 0x16, 0xC1, 0x02, 0xCE, 0x78, 0x1F, 0x34, 0x7E, 0xD5, 0x08,
    0xC8, 0x05, 0x7C, 0xCB, 0x0C, 0xA3, 0x35, 0xA5, 0x1A, 0x81, 0x2A, 0x35, 0x56, 0xBA, 0x75, 0x77,
    0xB1, 0x24, 0x8D, 0x3A, 0x59, 0x62, 0xC5, 0x62, 0xC9, 0xD5, 0x93, 0x25, 0xE8, 0x40, 0x0E, 0xB4,
    0x23, 0x06, 0x23, 0xE7, 0xC6, 0xBE, 0x8D, 0x2B, 0x12, 0x3E, 0x3E, 0xE1, 0x25, 0x26, 0x21, 0x9F,
    0xC2, 0x20, 0xFB, 0x26, 0xCE, 0x66, 0x5C, 0x90, 0x5D, 0xB7, 0x1A, 0xAB, 0xD6, 0xED, 0xDF, 0xBD,
    0x1A, 0xFC, 0xD1, 0x0C, 0xBD, 0x8B, 0x7D, 0xFB, 0x77, 0x67, 0x6B, 0xDF, 0x3E, 0xBC, 0xFF, 0x6D,
    0xED, 0xE0, 0x2E, 0x94, 0x08, 0x66, 0x35, 0x7B, 0xDD, 0xC1, 0x3A, 0x62, 0xED, 0xCC, 0x13, 0x31,
    0x5B, 0x9F, 0x4A, 0x90, 0xCC, 0x3D, 0x8C, 0x1E, 0x46, 0x82, 0xDD, 0x4C, 0xD0, 0xAB, 0x7A, 0x82,
    0x91, 0x72, 0xB5, 0x20, 0xCB, 0x34, 0x14, 0x1E, 0x59, 0xA6, 0x6B, 0x1E, 0x90, 0x65, 0xE6, 0x53,
    0x46, 0xCA, 0xB9, 0xDF, 0x71, 0x87, 0x2C, 0xBD, 0x10, 0xC5, 0x01, 0x88, 0xB8, 0xB1, 0xED, 0x01,
    0x54, 0x3D, 0xB9, 0x1E, 0x40, 0x55, 0x9E, 0x7B, 0x00, 0x55, 0xAC, 0xDC, 0x01, 0xA8, 0x9C, 0x95,
    0x3E, 0x51, 0x6A, 0x86, 0x44, 0x6A, 0xA3, 0x82, 0xD9, 0x46, 0x86, 0x0B, 0x36, 0x3A, 0xEA, 0x40,
    0x3A, 0x42, 0x2A, 0x65, 0x6C, 0x78, 0x03, 0x30, 0x10, 0xBB, 0x4D, 0x0C, 0x57, 0xC9, 0xCC, 0xBE,
    0xA8, 0x9D, 0xEA, 0xAE, 0x46, 0x6E, 0xB4, 0xB2, 0x65, 0xA0, 0x97, 0x2A, 0x11, 0x54, 0x52, 0x15,
    0x08, 0x7E, 0x74, 0x87, 0x01, 0x65, 0x10, 0xEF, 0x70, 0x13, 0x29, 0x2B, 0x39, 0xCB, 0xF1, 0x70,
    0x10, 0x65, 0x84, 0x5A, 0xCE, 0xAA, 0xAB, 0x49, 0xB5, 0xF2, 0xBD, 0x56, 0x70, 0x80, 0xD6, 0x3D,
    0x4F, 0x67, 0x9A, 0x3B, 0xE8, 0x84, 0x1B, 0xE8, 0x94, 0x95, 0x18, 0x66, 0x41, 0x90, 0x44, 0x46,
    0xF5, 0x6C, 0x3B, 0xB5, 0xF2, 0x3E, 0xB0, 0xB9, 0xDC, 0x50, 0x2E, 0xEF, 0x47, 0xC2, 0xE3, 0x18,
    0xAE, 0x0D, 0x91, 0x41, 0xB9, 0x6A, 0xA0, 0x3D, 0x75, 0xB5, 0xD6, 0xEB, 0x13, 0x49, 0x4D, 0x68,
    0xEC, 0x1F, 0x22, 0x87, 0xD2, 0xB6, 0x65, 0x6D, 0xDB, 0x36, 0x13, 0xED, 0x51, 0xF2, 0x12, 0xC7,
    0xF8, 0x0A, 0xC1, 0xB9, 0x62, 0xD4, 0xEF, 0xB8, 0xBB, 0x8C, 0xC3, 0xA0, 0x98, 0xB7, 0x7B, 0x1C,
    0xA6, 0xA7, 0x81, 0xC3, 0xFA, 0x5F, 0x70, 0xE8, 0x14, 0x87, 0xF0, 0xF1, 0x70, 0x38, 0xA2, 0xC3,
    0xFC, 0x8D, 0x5A, 0xE7, 0x6C, 0xEB, 0x41, 0x9E, 0x9F, 0x30, 0x1E, 0x76, 0xD7, 0x8C, 0x07, 0xF7,
    0x85, 0x1D, 0x0F, 0xD9, 0xD4, 0x42, 0x57, 0xDE, 0x59, 0xDE, 0x2B, 0xF4, 0xDB, 0xBC, 0x40, 0xF3,
    0xF5, 0x38, 0xF8, 0x2F, 0x13, 0x0E, 0xD4, 0x18, 0x1E, 0xEF, 0x0F, 0x46, 0x6E, 0x47, 0xE8, 0x52,
    0x75, 0x76, 0xDD, 0x38, 0x78, 0x74, 0x22, 0x80, 0x61, 0xAB, 0xCF, 0xF2, 0xCF, 0x2C, 0xFF, 0xDD,
    0x3E, 0xFF, 0x2C, 0xE6, 0x6F, 0xDF, 0x8B, 0xAB, 0xF9, 0x9B, 0xFE, 0xDC, 0xF2, 0x4F, 0x28, 0x99,
    0x0A, 0xCA, 0x96, 0xB6, 0x2F, 0x03, 0x0F, 0xD2, 0xA1, 0x4A, 0xB1, 0x79, 0x33, 0x53, 0xCA, 0x0B,
    0x2A, 0x60, 0xCB, 0x4C, 0xED, 0x7B, 0x4C, 0xD5, 0xCF, 0x16, 0xFA, 0x3A, 0xDD, 0xA7, 0x27, 0x5D,
    0x5F, 0x8D, 0x46, 0xAD, 0x9B, 0x89, 0xA1, 0xE1, 0x5E, 0xBD, 0x9E, 0x8B, 0x91, 0xB3, 0x5C, 0xB1,
    0x54, 0x6B, 0x71, 0x79, 0xE3, 0x94, 0x27, 0x09, 0x70, 0xA4, 0x54, 0x8C, 0x82, 0xE5, 0x57, 0x8A,
    0xA6, 0x27, 0xD4, 0x27, 0xE4, 0xC8, 0x62, 0xB8, 0x81, 0x52, 0xFE, 0xC5, 0x8A, 0x1A, 0x5E, 0x84,
    0x4C, 0xA2, 0x13, 0x02, 0x95, 0xAE, 0x28, 0xDD, 0x3C, 0x6E, 0x46, 0x1A, 0x64, 0xF4, 0x65, 0x9E,
    0x36, 0xBB, 0xC0, 0xB6, 0x6A, 0xE6, 0x85, 0x63, 0xE5, 0x30, 0x50, 0xBF, 0x50, 0x9A, 0x3A, 0xA9,
    0x39, 0xB9, 0x2F, 0x02, 0x1E, 0x9F, 0xAD, 0xF5, 0x42, 0x82, 0x69, 0x86, 0x77, 0xCB, 0xBD, 0x36,
    0x8C, 0x52, 0x6E, 0xE2, 0x99, 0x26, 0x23, 0x69, 0x0E, 0xF0, 0x5A, 0xC8, 0x59, 0xA4, 0x1B, 0x65,
    0x24, 0x20, 0xED, 0x05, 0x33, 0x2B, 0x7D, 0x79, 0x49, 0x0B, 0x74, 0xD1, 0x88, 0x04, 0xBC, 0xFB,
    0x2B, 0x5D, 0xAE, 0x6C, 0x5E, 0xAC, 0x07, 0xCD, 0x67, 0xA1, 0x59, 0x2C, 0x65, 0x4D, 0x0C, 0x12,
    0xA3, 0x16, 0x43, 0xEA, 0x9B, 0xDC, 0x08, 0x9C, 0xE0, 0x5E, 0x9B, 0x78, 0x03, 0x68, 0x00, 0x09,
    0x18, 0x3B, 0x18, 0x8D, 0x1A, 0x89, 0x31, 0x30, 0xA3, 0x36, 0xB1, 0xFF, 0x94, 0x89, 0x11, 0x8C,
    0xAD, 0xA4, 0xAB, 0x31, 0xB2, 0x2C, 0xB2, 0xB2, 0xFC, 0xD0, 0x98, 0xED, 0xDC, 0x53, 0x39, 0x19,
    0x69, 0xAB, 0xCD, 0x00, 0x77, 0xB1, 0xAE, 0x86, 0x1A, 0x88, 0xA0, 0x58, 0xCD, 0x5F, 0xBE, 0x89,
    0x1C, 0x6E, 0x78, 0xA0, 0x56, 0x89, 0x13, 0x8A, 0x89, 0xF5, 0x4E, 0x86, 0xD8, 0x37, 0x8B, 0x6D,
    0x3C, 0x85, 0x25, 0x71, 0x8F, 0xA0, 0x6D, 0x7B, 0x50, 0x2F, 0x3E, 0x00, 0xCA, 0x30, 0x04, 0x50,
    0x0F, 0xA6, 0xFF, 0x03, 0x45, 0xB4, 0x46, 0x7C, 0xD8, 0x8C, 0xFC, 0x60, 0xF3, 0x02, 0x1C, 0xB9,
    0xE0, 0x08, 0x54, 0x7B, 0x63, 0x81, 0x4A, 0xBE, 0x7F, 0xB5, 0x27, 0x1F, 0xF1, 0xF9, 0xC0, 0x29,
    0x3E, 0x7F, 0xB8, 0x75, 0x73, 0x07, 0x52, 0xF6, 0x58, 0xEF, 0xA0, 0x56, 0x70, 0x70, 0x35, 0xA2,
    0x3F, 0xF5, 0x51, 0x42, 0x42, 0x54, 0xF9, 0xAA, 0xBA, 0x44, 0x04, 0xC9, 0xFE, 0x28, 0xA1, 0xB5,
    0x37, 0x6D, 0xF4, 0xB6, 0xC1, 0xC2, 0xF0, 0x87, 0xAD, 0x0C, 0x68, 0xE0, 0x61, 0x7A, 0x50, 0xDD,
    0x42, 0x7F, 0xC2, 0xA3, 0x84, 0xF6, 0x58, 0x93, 0xB1, 0x22, 0xEF, 0x1F, 0x6B, 0x35, 0x19, 0x30,
    0x32, 0xB3, 0x87, 0x64, 0xD2, 0xF3, 0x25, 0x09, 0x0F, 0x1B, 0x58, 0xC2, 0x21, 0xCB, 0x21, 0xDD,
    0x64, 0x31, 0xA6, 0x52, 0xA5, 0x06, 0x95, 0x38, 0x8C, 0xD4, 0x67, 0x2C, 0xE4, 0x3B, 0xC7, 0x01,
    0xBD, 0x62, 0x93, 0x8E, 0x8A, 0x20, 0x33, 0x5A, 0x89, 0x1D, 0xAB, 0x12, 0xB5, 0x43, 0x30, 0x6E,
    0x04, 0xD9, 0x7F, 0x1C, 0x86, 0x60, 0xCE, 0x4D, 0x6A, 0xD2, 0xFF, 0xFA, 0xD5, 0x7E, 0x69, 0x3C,
    0x8A, 0x98, 0xC8, 0x89, 0xE0, 0xB5, 0x9C, 0x89, 0x7D, 0x39, 0x6D, 0xA2, 0xC6, 0x39, 0xDC, 0x61,
    0xC7, 0x28, 0xE8, 0x1C, 0x48, 0x85, 0xED, 0xA8, 0xF3, 0x90, 0x6F, 0x62, 0x82, 0x28, 0xB8, 0x77,
    0x9B, 0x68, 0xEA, 0xA9, 0x64, 0x6A, 0x37, 0xD1, 0xF0, 0x58, 0xF1, 0xFB, 0x76, 0x28, 0x4E, 0x84,
    0x38, 0xF3, 0xEA, 0xCC, 0xFD, 0xF5, 0x22, 0xF6, 0xA2, 0xB7, 0x54, 0xAD, 0x99, 0x61, 0x3B, 0x08,
    0x58, 0x21, 0x62, 0xA9, 0x10, 0xD7, 0x64, 0x58, 0x4A, 0xF0, 0x1D, 0x41, 0x69, 0x0B, 0x3E, 0x09,
    0x92, 0xCD, 0x4B, 0xF8, 0x6C, 0x13, 0x19, 0x0E, 0xFC, 0xAE, 0xC4, 0x4D, 0x35, 0x25, 0x0C, 0x10,
    0xA9, 0x15, 0xAC, 0xDA, 0xB1, 0xE5, 0x5F, 0x8B, 0xDF, 0x09, 0xA2, 0xE4, 0x87, 0x3C, 0xED, 0x42,
    0x83, 0x7D, 0xEC, 0x10, 0xAB, 0x67, 0x36, 0x5B, 0x04, 0x3B, 0x1E, 0xAF, 0xBA, 0x7C, 0xF3, 0xE9,
    0xB9, 0x4C, 0xE1, 0x08, 0xA3, 0x3B, 0xD8, 0xB1, 0xA4, 0x8C, 0x41, 0xFA, 0x18, 0x2E, 0x3B, 0x3C,
    0x39, 0xE1, 0x24, 0xBA, 0x7C, 0xF4, 0xA9, 0x5D, 0xDE, 0x92, 0x25, 0xAB, 0x7B, 0x67, 0xA6, 0x84,
    0x3F, 0x9A, 0x28, 0x15, 0xDC, 0xB3, 0x73, 0x90, 0xBA, 0xF0, 0x4C, 0xD1, 0xC5, 0x55, 0xD5, 0x18,
    0xEC, 0x26, 0x32, 0x6B, 0x51, 0xC9, 0xDD, 0xB3, 0x48, 0x15, 0x74, 0x12, 0x93, 0x42, 0x11, 0xE0,
    0x5C, 0xC4, 0xDB, 0xA4, 0x2C, 0x70, 0xC7, 0xF3, 0x33, 0xCC, 0x17, 0x23, 0x27, 0xB1, 0xD1, 0x83,
    0x7E, 0x0E, 0xDC, 0x60, 0xAE, 0x60, 0xE6, 0xDF, 0x33, 0x7C, 0xDE, 0xE1, 0x3F, 0xF2, 0x9B, 0xDC,
    0x89, 0xCB, 0x07, 0x9E, 0xB8, 0x93, 0x9C, 0x79, 0xDA, 0x0C, 0x71, 0xCD, 0x0C, 0x50, 0xCC, 0xC8,
    0xCC, 0x68, 0x24, 0x0C, 0xB9, 0x48, 0x42, 0x91, 0x26, 0x30, 0xC2, 0x71, 0x3D, 0xBD, 0x8C, 0x90,
    0xDC, 0x98, 0x78, 0x6A, 0x87, 0x96, 0xDD, 0xC5, 0x5D, 0x16, 0x9F, 0x6C, 0x07, 0xE8, 0x70, 0x4D,
    0x54, 0xF2, 0x39, 0x9F, 0xCB, 0x83, 0x11, 0xA6, 0xC3, 0x4C, 0xE9, 0x2E, 0x88, 0x72, 0xE5, 0x3A,
    0xE2, 0x1D, 0xE7, 0x27, 0xCF, 0xDA, 0x25, 0x63, 0x2A, 0x66, 0xB4, 0x60, 0xCA, 0x99, 0x5E, 0xB8,
    0x7F, 0xD8, 0x47, 0x33, 0x31, 0xD1, 0x77, 0xA8, 0x5E, 0x70, 0x54, 0xF1, 0x47, 0xDC, 0x17, 0x12,
    0x57, 0xC6, 0xA0, 0xF8, 0x38, 0xF0, 0x18, 0x1A, 0x9B, 0xF5, 0x31, 0xDF, 0xB4, 0x8D, 0xAC, 0x00,
    0x8D, 0x83, 0x59, 0x1D, 0xD8, 0xB7, 0x7E, 0x13, 0x09, 0xA6, 0xB0, 0x2D, 0x34, 0x1D, 0x0D, 0x29,
    0x77, 0x58, 0xE5, 0x60, 0xC9, 0x5F, 0x0F, 0x38, 0xA0, 0x5C, 0xD9, 0x91, 0xDA, 0x28, 0xCE, 0x04,
    0x81, 0x91, 0x5E, 0x94, 0x58, 0xDE, 0xA6, 0x2A, 0x9C, 0x70, 0x83, 0x65, 0x08, 0x8E, 0xFF, 0xA6,
    0xDA, 0xEB, 0xBA, 0xA0, 0x83, 0xF6, 0x2D, 0x5C, 0xB6, 0x28, 0xB7, 0xCF, 0xD6, 0x65, 0x31, 0x28,
    0x46, 0xB1, 0xB3, 0xE3, 0x05, 0xE7, 0xF5, 0xAA, 0xCB, 0x7B, 0x4F, 0xCF, 0xE5, 0x4F, 0x7F, 0x23,
    0x7C, 0x1F, 0xE3, 0x1B, 0x42, 0xEA, 0xFF, 0x33, 0xF3, 0xC6, 0x44, 0xAE, 0x11, 0x24, 0xEB, 0x5E,
    0x0E, 0xA6, 0x06, 0x6A, 0x59, 0x7E, 0x7E, 0x8C, 0x73, 0xF3, 0xE9, 0x35, 0xE7, 0xE6, 0xAB, 0x87,
    0x54, 0xB3, 0xFC, 0x54, 0xDC, 0x14, 0x88, 0x99, 0x6E, 0xDD, 0xA6, 0x72, 0x94, 0xE1, 0xE0, 0x9A,
    0x17, 0x82, 0x74, 0x81, 0xF4, 0x51, 0xCE, 0x8E, 0xE0, 0xDB, 0x73, 0xEC, 0x51, 0xF3, 0xA5, 0x13,
    0xF6, 0x6C, 0x3F, 0x25, 0x6F, 0x03, 0x94, 0xA8, 0xEA, 0xC8, 0xF5, 0x3B, 0x9E, 0xF2, 0xF3, 0xB9,
    0x0E, 0xCB, 0x27, 0x7C, 0x08, 0xD1, 0xEE, 0xE1, 0x94, 0xF1, 0x9C, 0x7D, 0x34, 0xD5, 0x7C, 0xEF,
    0x13, 0x3F, 0x24, 0x71, 0x9D, 0xB2, 0x91, 0xE9, 0x92, 0xCA, 0x98, 0xBD, 0xE4, 0x5B, 0xB3, 0xB6,
    0x2C, 0x78, 0xBE, 0xAC, 0xCE, 0x6E, 0x8B, 0x6A, 0x0F, 0xF7, 0x6B, 0xBB, 0x03, 0x85, 0x66, 0xC1,
    0x23, 0xDB, 0xA8, 0x11, 0x55, 0xAB, 0x62, 0xD6, 0x06, 0xD5, 0xD9, 0xE9, 0x2A, 0x5E, 0x24, 0x42,
    0xA9, 0x2B, 0x19, 0x1A, 0xC6, 0xB8, 0xAB, 0xB4, 0xBB, 0x5A, 0x8F, 0x12, 0xF7, 0x5E, 0x49, 0xFC,
    0xF2, 0x9A, 0x6B, 0x51, 0xB3, 0xEE, 0x31, 0x87, 0x13, 0x7E, 0x64, 0x0B, 0x50, 0x8C, 0x55, 0x5B,
    0xEB, 0xB7, 0xE2, 0xE8, 0x74, 0x41, 0x3D, 0x8E, 0xD7, 0xCE, 0x57, 0x58, 0x81, 0xD7, 0x58, 0xB1,
    0x22, 0x20, 0x87, 0xAD, 0x6E, 0xE7, 0xB5, 0x9B, 0xA1, 0xB2, 0x4B, 0x45, 0xF6, 0x2A, 0x93, 0x32,
    0x10, 0x0F, 0x42, 0xE6, 0xDA, 0x41, 0xFC, 0xB6, 0xBD, 0xC4, 0xE1, 0x36, 0x39, 0x10, 0xF7, 0x72,
    0xCB, 0xF2, 0x1E, 0x25, 0x59, 0xCC, 0x8D, 0x9B, 0xDC, 0x09, 0x51, 0xFE, 0x65, 0xCA, 0x2F, 0xD7,
    0xEC, 0x53, 0x9E, 0x5A, 0x48, 0xC7, 0x0B, 0xE4, 0x2C, 0x4F, 0xB3, 0xFD, 0xC4, 0x62, 0x8A, 0x22,
    0x9B, 0xE3, 0x82, 0xCE, 0x85, 0x46, 0xD0, 0x1A, 0x05, 0xAB, 0x19, 0x24, 0x2B, 0xE5, 0xA1, 0xC4,
    0xF1, 0x66, 0x2E, 0xBC, 0xF0, 0xC5, 0x89, 0x76, 0x5C, 0x89, 0x90, 0xC6, 0x70, 0x10, 0xB1, 0x6E,
    0x22, 0xF3, 0xE8, 0x48, 0xD7, 0xCB, 0x16, 0x64, 0x15, 0xEE, 0xF0, 0x58, 0xD8, 0x44, 0x1C, 0x28,
    0x41, 0xFF, 0xAA, 0xD2, 0xE6, 0x26, 0x03, 0x87, 0x83, 0x19, 0xC6, 0x05, 0xBC, 0xA0, 0xE1, 0xB2,
    0xCB, 0x0B, 0xB7, 0x66, 0xDC, 0xE4, 0xE6, 0x72, 0xBE, 0xE4, 0x72, 0xF7, 0x98, 0x4B, 0x5F, 0xCF,
    0x54, 0xCF, 0xD1, 0x25, 0xF7, 0x57, 0x5C, 0xEE, 0x66, 0x25, 0xFB, 0x72, 0x6F, 0x67, 0x9A, 0x13,
    0xE6, 0xEE, 0x8A, 0xCB, 0xB3, 0x36, 0x64, 0x4C, 0x4F, 0x72, 0x99, 0x5E, 0xEB, 0xF2, 0x9A, 0x2C,
    0xAB, 0xD7, 0x85, 0x9A, 0xBE, 0x2B, 0xCF, 0xE0, 0x49, 0xE7, 0x80, 0xEC, 0x1C, 0x2E, 0x37, 0x51,
    0x18, 0x55, 0x5C, 0x12, 0x8E, 0xE8, 0xE6, 0x4F, 0x09, 0xDD, 0x6F, 0x7E, 0x0B, 0x63, 0xEA, 0x80,
    0x36, 0x5C, 0xC9, 0x72, 0x7D, 0x4A, 0x59, 0x26, 0x8D, 0xCE, 0xD9, 0xD5, 0x88, 0x3D, 0xBE, 0x5B,
    0xA7, 0x6F, 0xD0, 0xA5, 0xFF, 0x53, 0x80, 0xE4, 0x97, 0x5E, 0xC5, 0x1B, 0xD7, 0x5F, 0x4F, 0x57,
    0xAE, 0x9F, 0x40, 0x26, 0x18, 0x0E, 0xFC, 0x9E, 0x86, 0xCC, 0x7A, 0x94, 0x44, 0x1B, 0x51, 0x8C,
    0x0D, 0x9A, 0x70, 0x17, 0x93, 0xE8, 0x54, 0x69, 0x6B, 0xC8, 0xF1, 0x44, 0x09, 0xEF, 0xF8, 0x2D,
    0x09, 0x3C, 0x0F, 0x5B, 0xFC, 0x69, 0xA8, 0x16, 0x64, 0xE0, 0xC6, 0x5A, 0x3A, 0x54, 0xE8, 0xD6,
    0xA5, 0x1C, 0x08, 0x2D, 0xA4, 0x25, 0xC5, 0xD6, 0xD2, 0x87, 0xA7, 0xDA, 0x95, 0xB6, 0x32, 0x86,
    0x2F, 0xAF, 0x76, 0x14, 0xDB, 0x3F, 0x63, 0xE3, 0xA1, 0x52, 0xE2, 0xF5, 0x35, 0x3A, 0xBC, 0xCA,
    0x71, 0x7F, 0x80, 0x3F, 0x87, 0xCC, 0x66, 0xF9, 0xD3, 0x1F, 0x20, 0x49, 0x72, 0x98, 0xF3, 0x78,
    0x25, 0x07, 0xF9, 0x8D, 0x40, 0x27, 0xD2, 0xFB, 0x42, 0xBF, 0x6B, 0xD5, 0x66, 0x97, 0xC8, 0x7C,
    0x93, 0xB3, 0x18, 0xE5, 0x24, 0xB2, 0x9A, 0x74, 0xEF, 0x85, 0xCA, 0x4D, 0x8E, 0x22, 0x79, 0xA0,
    0x72, 0x3D, 0xE1, 0x7F, 0xEA, 0x54, 0x82, 0x08, 0x65, 0x54, 0xB0, 0x93, 0xDD, 0x94, 0xA5, 0x5C,
    0x6C, 0xDF, 0xC4, 0x48, 0xB7, 0x45, 0x52, 0x0E, 0x12, 0x49, 0xFB, 0x99, 0x47, 0x92, 0x4E, 0x64,
    0x5C, 0xDC, 0xC8, 0x38, 0x85, 0x16, 0x53, 0xB3, 0xFB, 0x8C, 0x23, 0xB1, 0xAB, 0xFE, 0xAE, 0x48,
    0xC7, 0x22, 0xD1, 0x0B, 0xE7, 0xDF, 0x7E, 0xF6, 0x91, 0xA4, 0x90, 0x18, 0x29, 0xB6, 0xED, 0x0D,
    0xE6, 0x04, 0x62, 0xC1, 0x8E, 0x67, 0xA1, 0x34, 0x1C, 0xD5, 0x94, 0xF2, 0x2A, 0x2A, 0x79, 0x25,
    0xD0, 0xDD, 0xF5, 0x36, 0xA5, 0x2C, 0x6E, 0x44, 0xD5, 0x13, 0x7A, 0x09, 0x4E, 0x58, 0x1E, 0x6B,
    0xF3, 0x96, 0x5F, 0xD3, 0xCC, 0xDE, 0x09, 0x48, 0xF3, 0x4F, 0xC0, 0xBD, 0xFD, 0x60, 0x81, 0x62,
    0xF8, 0xAB, 0x79, 0x50, 0xD5, 0xC3, 0x39, 0x37, 0xA2, 0xCA, 0xA0, 0x11, 0xF9, 0x83, 0xF3, 0xF0,
    0x68, 0x46, 0x74, 0x6E, 0x10, 0xFB, 0x77, 0xA8, 0x95, 0xED, 0xDF, 0x58, 0x1F, 0xE5, 0xF7, 0x15,
    0xD6, 0xDA, 0x32, 0x02, 0x93, 0x5E, 0xF8, 0x83, 0x1D, 0x4F, 0x90, 0xA8, 0x17, 0x90, 0xBB, 0xB7,
    0xA6, 0x8F, 0xBD, 0x70, 0x87, 0xE4, 0x0E, 0xF2, 0xAD, 0x20, 0x92, 0x79, 0x40, 0x63, 0x04, 0x53,
    0xA5, 0x6C, 0x85, 0xCA, 0x04, 0x25, 0x28, 0xE4, 0x81, 0x52, 0x18, 0x99, 0x37, 0xB9, 0x43, 0xA1,
    0x4E, 0x83, 0xE4, 0x91, 0xCA, 0xBB, 0xDB, 0xD3, 0xA5, 0xD2, 0xA3, 0xE1, 0xC1, 0x77, 0x6C, 0xF9,
    0xDE, 0x5B, 0xA5, 0xAF, 0x19, 0x8D, 0xF3, 0x9F, 0x73, 0x07, 0x70, 0xC9, 0xA4, 0x45, 0x19, 0x63,
    0x8D, 0xD2, 0x62, 0xB5, 0x28, 0x21, 0xF7, 0x97, 0xF7, 0x84, 0xC4, 0x55, 0x05, 0xA5, 0x8B, 0xF7,
    0xF9, 0x0B, 0xFE, 0x56, 0xFF, 0x03, 0xED, 0x7C, 0x3F, 0x8C, 0xE5, 0xD6, 0x75, 0xFE, 0x21, 0xF9,
    0xDB, 0x25, 0x64, 0x02, 0xE6, 0xAF, 0xF0, 0xC4, 0x08, 0x16, 0x31, 0x5D, 0xB8, 0x08, 0x0C, 0xC4,
    0xEC, 0x9B, 0x90, 0x8E, 0x0A, 0x17, 0x2E, 0x3C, 0xC5, 0xBE, 0x55, 0x31, 0x85, 0x9A, 0x74, 0x0E,
    0x30, 0x7D, 0x13, 0x32, 0x36, 0x90, 0x14, 0x29, 0xBC, 0x01, 0x2C, 0xA7, 0xB4, 0x0B, 0xF7, 0x72,
    0x8F, 0x58, 0xA4, 0xA0, 0x00, 0x29, 0x52, 0x84, 0xB6, 0xA3, 0x38, 0x80, 0x0B, 0x13, 0xB6, 0x36,
    0x2E, 0x1C, 0x40, 0x37, 0x08, 0x65, 0x71, 0x56, 0x24, 0xBF, 0xBC, 0xF3, 0xDD, 0x43, 0xCE, 0x7B,
    0x33, 0xBB, 0x2B, 0xD9, 0xD6, 0xEE, 0x4A, 0x1A, 0x0F, 0x1E, 0xCF, 0x77, 0xB8, 0x9C, 0x79, 0xBC,
    0xE7, 0xFB, 0xCE, 0xBD, 0xBC, 0xFF, 0xB8, 0x22, 0x22, 0x05, 0x9C, 0x82, 0x3A, 0xFD, 0xB1, 0x93,
    0x02, 0x1D, 0x9D, 0x0C, 0x4B, 0x69, 0x0E, 0x88, 0x92, 0xAF, 0xCE, 0xC9, 0xEA, 0x04, 0x40, 0x49,
    0x27, 0x02, 0x6A, 0x3A, 0xF1, 0x8C, 0x96, 0x4E, 0x3A, 0x35, 0xDE, 0xC9, 0x87, 0xA6, 0xA3, 0x53,
    0xF5, 0x95, 0xBF, 0x05, 0xDA, 0xC2, 0xF9, 0xBF, 0xAE, 0xBD, 0x13, 0x41, 0x72, 0x3A, 0xC9, 0x2C,
    0xD9, 0xE0, 0xFF, 0x5A, 0xD2, 0x91, 0xC5, 0xBA, 0xD8, 0xBD, 0x3C, 0xF1, 0xAF, 0x01, 0xD0, 0x01,
    0x80, 0x79, 0x8F, 0xA1, 0x3A, 0x8B, 0xBF, 0x37, 0x58, 0xA0, 0x74, 0xD6, 0x13, 0x2D, 0xF1, 0xA8,
    0x97, 0x4B, 0x11, 0xFD, 0xFA, 0x60, 0xEF, 0x9C, 0x34, 0x0F, 0xB4, 0xD4, 0x6F, 0x4A, 0x01, 0x08,
    0x4D, 0xA5, 0x8E, 0x9A, 0x06, 0x8B, 0xD0, 0x34, 0x98, 0xC5, 0x1B, 0x39, 0xD9, 0x95, 0x22, 0xD0,
    0x40, 0x18, 0x96, 0x06, 0x19, 0xAB, 0xC9, 0xF5, 0x77, 0x2B, 0xF5, 0xA0, 0x57, 0xF1, 0x1D, 0xB4,
    0x01, 0xA4, 0x69, 0x83, 0x45, 0xAA, 0x56, 0xEE, 0x00, 0x2D, 0x2F, 0xC4, 0x00, 0xEA, 0x74, 0x16,
    0x94, 0xB9, 0x0B, 0x20, 0x45, 0x1B, 0x62, 0x7F, 0x3D, 0x86, 0x32, 0x80, 0x1F, 0x14, 0x00, 0x1C,
    0x4D, 0x86, 0xDF, 0xC0, 0x85, 0x4B, 0xD9, 0x90, 0xC3, 0x42, 0x26, 0xF1, 0x3C, 0x85, 0xA3, 0x39,
    0xBF, 0x76, 0xD7, 0xB4, 0x59, 0x25, 0x59, 0xE4, 0xF1, 0xDA, 0x94, 0xAB, 0x36, 0xF5, 0x87, 0xA4,
    0xCD, 0xB0, 0x6A, 0x33, 0x3E, 0x7F, 0x6D, 0xA6, 0xC8, 0x49, 0x30, 0x25, 0xBD, 0xC6, 0xD7, 0x99,
    0x40, 0xCD, 0x22, 0x92, 0x60, 0x32, 0x16, 0x1A, 0xA0, 0xA6, 0x0E, 0x01, 0x82, 0x55, 0xA0, 0x87,
    0xBF, 0xBF, 0x40, 0x29, 0x66, 0xB9, 0xE9, 0xE4, 0xB3, 0x4C, 0xCE, 0x9C, 0x78, 0x34, 0x27, 0xDD,
    0x1C, 0xB7, 0x3A, 0xBD, 0xDE, 0x67, 0x6F, 0xB2, 0x2B, 0x35, 0xE6, 0xDE, 0x87, 0x54, 0x63, 0x94,
    0xD3, 0x4C, 0x69, 0xAC, 0x94, 0x42, 0x9E, 0x36, 0xA2, 0xB1, 0x4F, 0xBE, 0x68, 0xC3, 0x61, 0x79,
    0xF2, 0x07, 0x6A, 0x6F, 0x03, 0x83, 0x30, 0xC6, 0xC5, 0x38, 0xAA, 0x25, 0x51, 0xE8, 0x24, 0xC7,
    0xFD, 0xDB, 0xE8, 0xA5, 0x19, 0x55, 0x8B, 0x40, 0xD3, 0xAA, 0xE8, 0x23, 0x94, 0x0A, 0xC9, 0xAC,
    0x37, 0x69, 0xD3, 0x49, 0xEF, 0xD0, 0xB2, 0x71, 0xBA, 0x5D, 0x7A, 0x71, 0xA4, 0x30, 0xF9, 0x5A,
    0x42, 0x73, 0x04, 0x78, 0x02, 0x34, 0xAA, 0xF6, 0x7D, 0xA9, 0x54, 0x83, 0x45, 0x8A, 0xC9, 0xEB,
    0x8C, 0x52, 0xB2, 0x49, 0x52, 0x5C, 0xDC, 0xC3, 0x20, 0x4A, 0x08, 0x98, 0xE3, 0xCC, 0xA8, 0x1C,
    0x18, 0xBD, 0xB2, 0x35, 0x25, 0x98, 0x2C, 0x46, 0x12, 0xCD, 0x72, 0x58, 0x1D, 0x40, 0xA7, 0x01,
    0x3A, 0x25, 0x75, 0x8C, 0xD0, 0x65, 0x63, 0xBC, 0x48, 0x3A, 0xA4, 0xA3, 0x64, 0x2E, 0x73, 0x12,
    0xDC, 0x67, 0x33, 0x5B, 0xF4, 0xC7, 0xC6, 0xC9, 0x97, 0xA4, 0x18, 0xA4, 0xEA, 0xF2, 0x65, 0xAF,
    0x4F, 0x0A, 0x40, 0xBF, 0x69, 0x96, 0x90, 0x8C, 0xE5, 0x4B, 0x49, 0x4A, 0xDD, 0xA1, 0xD6, 0xC5,
    0x44, 0x98, 0x61, 0x39, 0x7E, 0x5F, 0xF5, 0xF0, 0xE9, 0xD7, 0xC0, 0xDA, 0x4B, 0x15, 0x37, 0xC3,
    0x83, 0x33, 0xF4, 0x52, 0xCD, 0x8C, 0x1A, 0xFD, 0x01, 0xB3, 0xF1, 0xC2, 0xA2, 0x1F, 0x32, 0x7B,
    0xA7, 0x64, 0xF9, 0xAC, 0x5C, 0x14, 0xF7, 0x19, 0x33, 0xCB, 0x28, 0x59, 0x96, 0x6A, 0x12, 0x09,
    0xE6, 0x85, 0xD1, 0x91, 0xD9, 0x76, 0x63, 0x76, 0x88, 0xF0, 0xA0, 0x1A, 0x63, 0x28, 0xB3, 0x93,
    0x32, 0x3B, 0xC8, 0xED, 0xFE, 0x31, 0xCC, 0xFE, 0xC9, 0x15, 0x66, 0xCB, 0xEB, 0xCC, 0xDA, 0x4F,
    0x6C, 0x6D, 0xBC, 0xF1, 0xEC, 0xCF, 0xCE, 0x51, 0x7B, 0x66, 0xA7, 0xEB, 0xCC, 0x5E, 0xBC, 0x8A,
    0xEE, 0x2A, 0xB3, 0xF5, 0x33, 0x66, 0x56, 0x3E, 0x28, 0xB3, 0x16, 0x63, 0xB7, 0x86, 0x96, 0xA9,
    0x39, 0xBF, 0xB8, 0xCA, 0x6C, 0x88, 0x87, 0xCD, 0x18, 0xA3, 0x24, 0xB3, 0xE9, 0x13, 0x99, 0xFD,
    0x63, 0x65, 0xB6, 0x78, 0x22, 0xB3, 0x73, 0xCE, 0x5B, 0x37, 0xF0, 0xA1, 0x8F, 0x47, 0xCC, 0x2E,
    0xC6, 0xEC, 0x68, 0xCC, 0xCA, 0x25, 0xB3, 0x80, 0x32, 0xEB, 0x1B, 0x05, 0x0C, 0x7A, 0xCB, 0x10,
    0x2D, 0x99, 0x85, 0x67, 0xD6, 0x37, 0x0A, 0xD9, 0xA8, 0x50, 0xB3, 0x7C, 0xC1, 0x15, 0x66, 0xAB,
    0xDF, 0x8E, 0xD9, 0xD3, 0x27, 0x30, 0x3B, 0xBE, 0x0F, 0xB3, 0x73, 0xCE, 0xDE, 0xCA, 0x5A, 0x2B,
    0x33, 0xA7, 0xE6, 0x2D, 0x5E, 0x2F, 0x25, 0x83, 0x56, 0x3F, 0x60, 0x08, 0xB6, 0x26, 0x21, 0xF9,
    0xB0, 0x9A, 0x04, 0x79, 0x2D, 0x6B, 0x89, 0x52, 0xC1, 0xA3, 0xE4, 0x93, 0x39, 0x49, 0xCF, 0x53,
    0x40, 0xDB, 0x06, 0x73, 0x66, 0xDF, 0xFC, 0xB2, 0xE5, 0x35, 0xA7, 0xE7, 0xD3, 0x67, 0x77, 0xCE,
    0xA6, 0x19, 0xB5, 0x04, 0x4C, 0x74, 0x5E, 0xD7, 0xDF, 0xD6, 0x68, 0xD3, 0x45, 0x24, 0x80, 0xA8,
    0x3C, 0x1A, 0x13, 0xDB, 0x1B, 0x1E, 0xE6, 0x2C, 0x4A, 0x85, 0x3A, 0xB3, 0x39, 0xF1, 0x64, 0x97,
    0x12, 0x3A, 0xCB, 0xEA, 0xCC, 0xD6, 0x7A, 0xE9, 0xF5, 0x94, 0x8D, 0xE7, 0xDE, 0xC9, 0xE8, 0x8C,
    0xA4, 0x8D, 0x71, 0x4B, 0xEE, 0x4C, 0x14, 0x65, 0x22, 0x40, 0xEB, 0x9D, 0x04, 0x25, 0x1B, 0x5A,
    0x56, 0xB8, 0x93, 0xE6, 0xCD, 0xDD, 0x19, 0xC6, 0x35, 0x08, 0xFD, 0x57, 0x3A, 0x96, 0x49, 0x18,
    0xCC, 0xB9, 0x30, 0x32, 0x82, 0xC6, 0x37, 0xDB, 0xE8, 0x3D, 0x38, 0x85, 0xD8, 0xC3, 0xED, 0x66,
    0xAD, 0x98, 0x15, 0xA1, 0x7B, 0xCD, 0xC3, 0xEC, 0xB3, 0x88, 0x7C, 0x36, 0xAF, 0x8F, 0x0A, 0xF8,
    0xE6, 0xE0, 0xC1, 0x11, 0xBE, 0xB2, 0x87, 0xEA, 0x02, 0x49, 0xAF, 0xD2, 0x20, 0xED, 0x58, 0x1A,
    0xDF, 0x0F, 0x60, 0xB3, 0xF5, 0xE0, 0x7C, 0x26, 0x69, 0xC9, 0xC4, 0x50, 0x63, 0x46, 0xCB, 0xB3,
    0xDC, 0x31, 0xE4, 0xA2, 0x27, 0x0F, 0x97, 0x90, 0x39, 0x52, 0x50, 0x28, 0x0C, 0xBE, 0x4D, 0x59,
    0xCE, 0xF0, 0x50, 0x24, 0xF3, 0xD1, 0xA5, 0x1E, 0x22, 0x80, 0x82, 0x9F, 0x8F, 0xC9, 0x60, 0x11,
    0x3E, 0x5B, 0xAD, 0x53, 0xCC, 0xAB, 0x63, 0x5A, 0x67, 0x30, 0xAD, 0x73, 0x98, 0xD6, 0xB7, 0x5E,
    0x7E, 0xCE, 0x5A, 0xBB, 0x23, 0xAD, 0x59, 0xAC, 0x5B, 0x05, 0x28, 0x64, 0x81, 0xE1, 0x10, 0x1E,
    0x9C, 0x3E, 0xA2, 0xC5, 0xA8, 0x8F, 0xA0, 0xD4, 0x5F, 0x78, 0x08, 0x61, 0x7B, 0xA9, 0xF0, 0x5C,
    0xB5, 0xA6, 0xC8, 0xEE, 0x08, 0x0B, 0x22, 0xA5, 0x47, 0xBB, 0xA1, 0x65, 0xC0, 0x8A, 0xD4, 0x7F,
    0x87, 0xD2, 0xB7, 0x7D, 0x60, 0x7C, 0x86, 0x25, 0x75, 0xA7, 0xF6, 0x2A, 0xAD, 0x61, 0xB4, 0xE2,
    0x62, 0x68, 0x2D, 0x60, 0x6C, 0x98, 0x98, 0x12, 0x2B, 0xA6, 0xF3, 0x6E, 0xB7, 0x3B, 0xE8, 0x91,
    0x66, 0x83, 0xA1, 0xB3, 0x52, 0x1B, 0x32, 0x6A, 0xAA, 0x6D, 0xA8, 0xB2, 0xB6, 0xD4, 0x7A, 0xD7,
    0xAC, 0xC5, 0x2D, 0x37, 0xA5, 0x9B, 0x23, 0x64, 0x39, 0x96, 0xCD, 0x90, 0xF8, 0x89, 0x65, 0x50,
    0x1A, 0x6C, 0xEC, 0x11, 0xE1, 0x3E, 0xDA, 0x78, 0x96, 0xAA, 0x4B, 0x47, 0x29, 0x3A, 0x25, 0xB5,
    0xCB, 0xF5, 0x42, 0x71, 0x69, 0x1E, 0xEC, 0x76, 0x5A, 0x82, 0xCF, 0x68, 0x71, 0x5E, 0x93, 0x7C,
    0x4F, 0x7F, 0x99, 0xA9, 0x9E, 0x09, 0x30, 0x4A, 0xE4, 0x73, 0xCD, 0xA7, 0xD5, 0x89, 0xDC, 0x25,
    0x16, 0x5F, 0x9E, 0x3C, 0x62, 0x34, 0x74, 0xC4, 0x0C, 0xDD, 0x0D, 0x62, 0x3F, 0x76, 0x69, 0xBB,
    0x37, 0x79, 0x2D, 0xF1, 0xD2, 0x98, 0x0E, 0xA1, 0x4A, 0x10, 0x60, 0x78, 0xBA, 0x3A, 0x6C, 0x3F,
    0x3F, 0xF4, 0x10, 0x2C, 0x86, 0xB3, 0xDC, 0x20, 0xFE, 0x25, 0x50, 0x93, 0xB6, 0x36, 0xF4, 0xE0,
    0x77, 0x04, 0x3A, 0x78, 0x4A, 0x6D, 0xEC, 0xB8, 0x52, 0x5F, 0xA3, 0x4D, 0x3E, 0x1C, 0xEA, 0x6F,
    0x08, 0xB5, 0x2C, 0xA2, 0xDD, 0x22, 0x98, 0x3C, 0x26, 0x2B, 0x8E, 0x86, 0xBC, 0x55, 0xF3, 0x54,
    0x32, 0x7D, 0x10, 0xA9, 0xDE, 0x1B, 0x94, 0x8F, 0xC1, 0xEE, 0xAC, 0x11, 0xDB, 0xA0, 0xE4, 0xD6,
    0x29, 0x65, 0x7F, 0xC3, 0x09, 0x11, 0xBD, 0x31, 0x57, 0xDE, 0xC4, 0x2A, 0x70, 0xF7, 0x44, 0x24,
    0x9C, 0xD5, 0x05, 0x47, 0x01, 0x4A, 0x46, 0x5E, 0x6B, 0x00, 0x4F, 0xB5, 0x1E, 0x6C, 0xE9, 0x91,
    0xCC, 0x84, 0x1C, 0x84, 0xA6, 0xAA, 0x15, 0x80, 0xDE, 0x73, 0xB1, 0xD8, 0xBC, 0x50, 0xEB, 0x27,
    0x3A, 0x1C, 0x07, 0x12, 0x7B, 0x28, 0x16, 0x7D, 0xDA, 0x33, 0x79, 0xD2, 0x21, 0x40, 0xAB, 0xC4,
    0x44, 0x20, 0x2F, 0x87, 0x83, 0xC6, 0xA0, 0x36, 0xFE, 0x72, 0x67, 0xA0, 0x84, 0x0F, 0x05, 0x7B,
    0x9A, 0x6E, 0x0F, 0xE9, 0x06, 0xFD, 0x1E, 0x6E, 0xED, 0x2A, 0x05, 0xFD, 0xF3, 0xC2, 0xB1, 0x27,
    0x53, 0xB0, 0x57, 0xD4, 0x72, 0x34, 0x80, 0x36, 0x63, 0xFB, 0x5C, 0xA6, 0xA8, 0x25, 0x85, 0xC4,
    0x5A, 0x94, 0xC9, 0x0A, 0xE6, 0x29, 0xAD, 0xB7, 0xC9, 0x83, 0xA0, 0xD1, 0x2E, 0xA4, 0x26, 0x5B,
    0x49, 0xC8, 0x6C, 0x50, 0x65, 0xD3, 0x62, 0x2C, 0x55, 0x7C, 0x31, 0xF3, 0x92, 0xCF, 0x80, 0x86,
    0xC0, 0xBC, 0xD8, 0xD2, 0x20, 0x9D, 0x42, 0xFC, 0x2D, 0x8B, 0x8D, 0x9A, 0xDA, 0x12, 0x5A, 0x41,
    0x49, 0x95, 0xC1, 0x61, 0x5A, 0xC4, 0x80, 0x87, 0x6C, 0x52, 0x00, 0xBF, 0x1A, 0x24, 0x30, 0xF2,
    0x5F, 0x1C, 0x4D, 0xD5, 0x5B, 0x7A, 0x37, 0x9B, 0xFE, 0x60, 0xE7, 0x96, 0xD7, 0x66, 0x02, 0xEF,
    0x63, 0xC9, 0xEE, 0x6E, 0x9D, 0xA1, 0x65, 0x0E, 0xED, 0xA1, 0x69, 0x35, 0x74, 0xF5, 0xF4, 0x40,
    0xC7, 0x1A, 0x82, 0x65, 0xD7, 0x58, 0xFE, 0x4C, 0xBC, 0x1D, 0x9C, 0x2F, 0x6D, 0xA9, 0x44, 0xE1,
    0xFB, 0xC2, 0x9F, 0x29, 0x62, 0x9C, 0x4B, 0x42, 0x50, 0xD5, 0x79, 0xB5, 0x55, 0x28, 0x20, 0x9E,
    0x9F, 0xF1, 0x32, 0x76, 0x00, 0xFC, 0x7E, 0x93, 0xB8, 0x0B, 0xE0, 0xD8, 0x97, 0xCE, 0x07, 0x81,
    0x7B, 0x84, 0xC4, 0xF3, 0x91, 0xC4, 0xC3, 0xA1, 0xC4, 0xC5, 0x33, 0x97, 0x38, 0xD2, 0xA7, 0xB8,
    0xF0, 0x39, 0x4E, 0x9A, 0x6D, 0x2A, 0x69, 0x51, 0x08, 0xBD, 0xD2, 0x09, 0x7E, 0x41, 0xC9, 0x18,
    0x2D, 0xBF, 0x8D, 0x42, 0x7C, 0x70, 0x89, 0xE1, 0x25, 0x9E, 0x1F, 0x27, 0xF1, 0xDC, 0x0C, 0xCF,
    0x58, 0x62, 0xFB, 0x09, 0x07, 0x9B, 0x42, 0xF5, 0xE0, 0xCF, 0xCE, 0x49, 0xCC, 0xF5, 0xEA, 0xAB,
    0x2A, 0x3C, 0xFC, 0xBA, 0x6A, 0x8B, 0xF2, 0x4A, 0xF5, 0x4D, 0x9D, 0xDE, 0xFA, 0x4A, 0xF5, 0xBD,
    0xFD, 0xFC, 0xAB, 0x6F, 0x40, 0x2B, 0x69, 0x4B, 0xC8, 0x3B, 0x42, 0xC1, 0xB3, 0xDB, 0xF8, 0xF1,
    0x75, 0x51, 0x3F, 0xDE, 0xF5, 0xF6, 0x48, 0xB8, 0x86, 0xDF, 0x1D, 0x51, 0xB8, 0x8F, 0x5D, 0xBB,
    0x6B, 0x83, 0x50, 0x86, 0x67, 0x8F, 0x74, 0x89, 0x46, 0xC2, 0xF3, 0x17, 0xAE, 0xBC, 0x2A, 0x5C,
    0xFB, 0x28, 0xE1, 0x06, 0xB9, 0xA3, 0xC2, 0xE9, 0xCF, 0xB6, 0x38, 0x92, 0xF3, 0x46, 0xFC, 0xCE,
    0xD2, 0xF4, 0xB2, 0x4E, 0x85, 0x55, 0x42, 0xEB, 0xE3, 0xD8, 0xAA, 0xC2, 0x61, 0x07, 0x8C, 0x25,
    0x32, 0x27, 0x83, 0x39, 0x05, 0x79, 0xCA, 0x81, 0x59, 0x4B, 0xA4, 0x4E, 0x2B, 0xAA, 0x7E, 0xC1,
    0x55, 0x27, 0xCC, 0xEA, 0xD4, 0x21, 0x30, 0x71, 0x6D, 0x45, 0x5E, 0x5A, 0xEE, 0x0A, 0xCB, 0x17,
    0xCF, 0xD6, 0xE5, 0x89, 0x27, 0x63, 0x39, 0xE1, 0xB0, 0xC5, 0x7A, 0x2C, 0xE1, 0xB1, 0x33, 0x58,
    0x11, 0x33, 0xA7, 0x04, 0x98, 0x6E, 0xF1, 0xB1, 0xD3, 0xDB, 0x43, 0x0F, 0x9D, 0x75, 0x7E, 0x94,
    0x8D, 0x74, 0x34, 0x29, 0x53, 0xE6, 0x03, 0xD3, 0xCD, 0x6E, 0x9C, 0xD3, 0xD9, 0x56, 0x80, 0x6C,
    0xC2, 0xCF, 0x3B, 0x9D, 0xBF, 0xF1, 0x49, 0xA3, 0x45, 0xC6, 0xDD, 0x2D, 0x08, 0x2E, 0xE0, 0x44,
    0xEA, 0x34, 0xDE, 0x19, 0xD5, 0x11, 0x3A, 0x4C, 0x1A, 0x5B, 0xB3, 0xA2, 0x6A, 0x4A, 0x4C, 0xF6,
    0x73, 0x27, 0x21, 0xAA, 0x17, 0x9D, 0x24, 0x3C, 0x4F, 0xC0, 0x79, 0x5F, 0xDA, 0x17, 0x9A, 0xF6,
    0x32, 0xD1, 0xBC, 0x8F, 0x9A, 0xB6, 0x34, 0x6B, 0xC5, 0x61, 0x59, 0xC8, 0x00, 0xED, 0xF9, 0x85,
    0x27, 0xA1, 0x66, 0xE0, 0x1D, 0xA3, 0xD6, 0xEF, 0x7F, 0xA5, 0x71, 0x92, 0xCE, 0x1A, 0x4E, 0x3A,
    0xAA, 0xCD, 0x06, 0x3F, 0xBB, 0xA1, 0x36, 0xDF, 0xDB, 0x4E, 0x9D, 0xAA, 0x55, 0xDB, 0xB0, 0xAE,
    0xA3, 0xD5, 0x53, 0xD4, 0xB7, 0x9A, 0x7F, 0x17, 0x7C, 0x3B, 0xC7, 0x12, 0x60, 0xCC, 0x31, 0xEF,
    0x6D, 0x81, 0x49, 0x30, 0xA9, 0x6D, 0x7A, 0xF6, 0x41, 0x28, 0x71, 0x27, 0xEF, 0x27, 0x71, 0xB3,
    0x4A, 0xDC, 0x98, 0xC4, 0x14, 0xE4, 0x2B, 0x93, 0x08, 0xDE, 0x03, 0x90, 0xA8, 0xF3, 0x2B, 0x00,
    0xE9, 0x28, 0x01, 0xE0, 0x1D, 0xB9, 0x87, 0xDD, 0xEE, 0xEE, 0xA3, 0x25, 0x8E, 0x3E, 0x62, 0x12,
    0x53, 0x88, 0xC7, 0x4B, 0x49, 0xDB, 0xF0, 0x5F, 0x00, 0xF5, 0xF1, 0x4B, 0x5A, 0xFA, 0xF7, 0x28,
    0xA8, 0x49, 0x89, 0xE7, 0x29, 0xA5, 0x9C, 0x04, 0xA7, 0x12, 0xE0, 0xAB, 0x4E, 0x22, 0xFC, 0x9C,
    0x37, 0x6D, 0x25, 0xFD, 0x99, 0x9F, 0x22, 0xEF, 0xBC, 0xBE, 0x85, 0x19, 0x8E, 0x53, 0x8C, 0x4D,
    0x33, 0xA5, 0x31, 0xB8, 0x4E, 0x4A, 0x9A, 0x6E, 0xD1, 0x2C, 0x56, 0x99, 0x13, 0x33, 0x94, 0xC6,
    0x64, 0xC9, 0xD4, 0x50, 0x97, 0xAB, 0x93, 0xEC, 0x9D, 0x69, 0xA0, 0x37, 0x23, 0xF7, 0xD2, 0x98,
    0xD1, 0xB1, 0xC5, 0xAD, 0xD3, 0x08, 0x59, 0x9B, 0xE2, 0xD5, 0x36, 0x03, 0xCA, 0xFC, 0xBB, 0x0B,
    0xA7, 0x0A, 0x73, 0x8E, 0xF6, 0x4A, 0x1E, 0x5F, 0x84, 0x16, 0x85, 0x07, 0x0B, 0x12, 0xCD, 0x2C,
    0x06, 0x8F, 0x64, 0x62, 0x19, 0x58, 0x84, 0xEC, 0x42, 0xE3, 0xAB, 0x79, 0xA4, 0xA8, 0x2F, 0x9B,
    0xB2, 0x00, 0xFC, 0x6B, 0xD8, 0xFA, 0x56, 0xFE, 0x11, 0xE3, 0x20, 0xD8, 0xDD, 0x4D, 0x30, 0xA5,
    0xFA, 0x19, 0x8B, 0xFD, 0x67, 0x91, 0x0A, 0xFA, 0xF9, 0xFA, 0x22, 0xD1, 0xAC, 0x9F, 0x78, 0xD2,
    0x1B, 0xA5, 0x23, 0x3F, 0x83, 0xDE, 0x20, 0xDF, 0x7F, 0x7E, 0x23, 0x05, 0xF4, 0x93, 0xA3, 0x4C,
    0x2F, 0x7C, 0x9C, 0xA7, 0xB7, 0x4A, 0x89, 0xC6, 0x8C, 0x4F, 0xE4, 0xD6, 0xAF, 0x89, 0x08, 0xE6,
    0x8F, 0x5E, 0xC4, 0x69, 0x5B, 0x48, 0xDA, 0x55, 0x92, 0x72, 0xD4, 0x37, 0x49, 0xBC, 0xF6, 0xF7,
    0x16, 0xBF, 0xBC, 0xD2, 0x5C, 0x51, 0x3A, 0xB9, 0xAA, 0xB4, 0x1E, 0x36, 0xA5, 0x5D, 0x60, 0x3B,
    0xF8, 0xCC, 0xBA, 0xFD, 0x3D, 0xF9, 0xE8, 0x05, 0x2C, 0x33, 0x1B, 0x8F, 0xED, 0x3E, 0xF3, 0xBA,
    0xB0, 0x2D, 0x59, 0xAD, 0xAB, 0x68, 0xE8, 0x05, 0xAC, 0xE2, 0x7F, 0x6D, 0xCF, 0xE0, 0x14, 0x75,
    0x86, 0x76, 0xFF, 0xF9, 0x22, 0x6A, 0xD1, 0x4F, 0x19, 0x40, 0x0B, 0x1A, 0x41, 0x0B, 0x69, 0x39,
    0xA1, 0x9F, 0x32, 0x45, 0x6B, 0x9F, 0xA5, 0xCC, 0x5A, 0xC9, 0x7A, 0x2D, 0x4E, 0xD1, 0x4A, 0x55,
    0x3E, 0x62, 0x21, 0xB2, 0xFB, 0xE8, 0x51, 0x93, 0x8F, 0x72, 0x90, 0xF1, 0x47, 0xD1, 0xA5, 0xD3,
    0x13, 0x33, 0xDE, 0x74, 0x2E, 0x00, 0xD4, 0x8C, 0x88, 0x1E, 0xC3, 0x62, 0xBF, 0x8D, 0xB7, 0xE3,
    0x6A, 0x27, 0x03, 0x3C, 0xD9, 0xDD, 0xC3, 0x1A, 0x60, 0x68, 0x9E, 0xC5, 0x85, 0x92, 0xC1, 0x31,
    0x68, 0x53, 0x26, 0x84, 0x58, 0xAC, 0x11, 0xBD, 0x44, 0xBD, 0x85, 0xDE, 0x68, 0x44, 0x30, 0x6A,
    0xB2, 0x41, 0x8F, 0x6C, 0x30, 0xFE, 0xD5, 0x33, 0x72, 0x24, 0xEF, 0xF5, 0x37, 0x92, 0xD1, 0xD3,
    0x91, 0x0D, 0xE9, 0xE0, 0x39, 0xC9, 0x5C, 0xEA, 0xFC, 0x83, 0x2D, 0x77, 0xFA, 0xDB, 0x0D, 0x27,
    0x69, 0x94, 0x3C, 0x94, 0xE6, 0x85, 0x20, 0x7F, 0xF9, 0x28, 0xC9, 0x42, 0x12, 0x33, 0xBC, 0xD2,
    0x4C, 0x64, 0xF2, 0x5B, 0x00, 0xF4, 0xCF, 0x81, 0xAF, 0x40, 0x95, 0x54, 0x3A, 0xBF, 0xBC, 0x75,
    0xCB, 0xE5, 0x8E, 0xEF, 0xF7, 0x7D, 0x46, 0x82, 0x53, 0x81, 0x24, 0x43, 0x84, 0x32, 0x9B, 0xF6,
    0x26, 0x1F, 0xB9, 0x03, 0x2D, 0x18, 0x25, 0xED, 0x3C, 0x87, 0x63, 0x88, 0xA9, 0x58, 0x22, 0x8C,
    0x15, 0x22, 0x0C, 0x6A, 0xDC, 0x4B, 0x4B, 0x70, 0xEE, 0xA2, 0x99, 0xE3, 0x68, 0x5D, 0x0A, 0x9E,
    0xA4, 0xE8, 0x92, 0xC9, 0xCF, 0xEA, 0x54, 0xED, 0xDE, 0x34, 0x6D, 0x3A, 0x08, 0xEA, 0xCC, 0xED,
    0x4D, 0xBE, 0x37, 0x65, 0xF1, 0x9B, 0x40, 0xB5, 0x09, 0xD5, 0xE8, 0x0D, 0x10, 0x2D, 0x92, 0x8E,
    0x3E, 0x61, 0x68, 0x8E, 0x12, 0xE6, 0x73, 0xE7, 0x4A, 0x81, 0x2F, 0x7E, 0xA7, 0xA6, 0x14, 0xB9,
    0x33, 0x1E, 0xF4, 0x49, 0x6D, 0x69, 0x39, 0xB0, 0x25, 0xA5, 0x77, 0x79, 0xCD, 0x6B, 0x29, 0xB8,
    0x02, 0x0C, 0x79, 0xB7, 0x7B, 0x69, 0x16, 0x13, 0xCF, 0x94, 0x33, 0xD9, 0x4C, 0x33, 0x93, 0xC9,
    0xC0, 0x04, 0x32, 0xF0, 0x22, 0x11, 0x0A, 0x83, 0x6D, 0x14, 0x67, 0x12, 0xE5, 0xD4, 0x87, 0xFF,
    0x8E, 0x5A, 0x21, 0x40, 0xA9, 0x10, 0x42, 0x14, 0x34, 0x50, 0x7D, 0x8A, 0xAB, 0x34, 0xCB, 0xAE,
    0x19, 0xB6, 0x6E, 0x78, 0xEA, 0x87, 0x1E, 0x11, 0x30, 0xDB, 0xE8, 0xC9, 0x16, 0x39, 0x44, 0x1A,
    0x1D, 0x59, 0xB4, 0x92, 0xFE, 0xDA, 0x49, 0xCE, 0x99, 0xAF, 0x61, 0x7F, 0x38, 0x36, 0x86, 0x41,
    0xE5, 0x6C, 0xBE, 0x4E, 0xD9, 0xD1, 0x83, 0xFD, 0x7E, 0xDE, 0x9B, 0x87, 0x4D, 0x21, 0xF2, 0x91,
    0x78, 0xD8, 0x58, 0xCE, 0xD7, 0x1A, 0xCB, 0x2F, 0x55, 0xDA, 0xB6, 0xF6, 0x9C, 0x5A, 0x69, 0xC0,
    0x6D, 0x51, 0x2C, 0xDC, 0x1B, 0xC0, 0xB4, 0x61, 0x41, 0x1C, 0x15, 0xFF, 0x4E, 0x71, 0x5F, 0x5F,
    0x02, 0x5C, 0x9C, 0xEA, 0xBD, 0x22, 0x74, 0xA2, 0x98, 0xA2, 0x54, 0x2C, 0xAB, 0x89, 0xBA, 0x78,
    0x65, 0x42, 0x24, 0xBE, 0x16, 0x21, 0xB7, 0xAE, 0x2B, 0x06, 0x22, 0x6C, 0xFA, 0x8A, 0x1A, 0xD9,
    0x28, 0xD2, 0x50, 0xF5, 0x4D, 0xF1, 0x37, 0x1E, 0x17, 0x8D, 0x8E, 0x85, 0x22, 0xF1, 0x99, 0x23,
    0x2A, 0xDB, 0xD6, 0x86, 0x1C, 0xE0, 0x29, 0xE9, 0xC8, 0x1C, 0xD8, 0x98, 0x64, 0x0F, 0xC1, 0x0A,
    0x9E, 0x61, 0x66, 0x93, 0x92, 0xB2, 0x1B, 0xA7, 0xE5, 0xEF, 0x89, 0x5F, 0x5E, 0xD8, 0x19, 0x5B,
    0xE4, 0x30, 0x2B, 0x24, 0x71, 0x1E, 0x2D, 0xF7, 0x13, 0x5E, 0xF6, 0xA1, 0x65, 0x2C, 0x51, 0x4E,
    0x7B, 0x82, 0xFA, 0xB8, 0x83, 0xFE, 0xA8, 0x6E, 0xFA, 0x6C, 0xD6, 0xB2, 0x4D, 0x59, 0x07, 0xB4,
    0x3F, 0x77, 0x60, 0xDF, 0xD1, 0x24, 0xC8, 0xFE, 0x07, 0xEF, 0x94, 0x92, 0xFF, 0x2F, 0xB4, 0xA6,
    0x83, 0x23, 0x43, 0xB3, 0x36, 0xC6, 0xAC, 0x69, 0x55, 0xE2, 0x41, 0x2D, 0xDA, 0x8A, 0x52, 0x17,
    0xFF, 0x51, 0x9E, 0xE0, 0xDB, 0xC5, 0xDB, 0x43, 0x81, 0xA9, 0x80, 0xAB, 0x30, 0xE6, 0xE8, 0x1A,
    0x8C, 0x29, 0xCA, 0x06, 0x78, 0xD7, 0x7A, 0xC5, 0x5B, 0x39, 0xE7, 0x75, 0x00, 0x7B, 0x34, 0x0F,
    0x51, 0x13, 0x40, 0x1B, 0xCE, 0x5E, 0xFB, 0x91, 0xC0, 0x48, 0x0B, 0x03, 0x16, 0x42, 0x75, 0x7F,
    0xDC, 0x8A, 0xAC, 0x31, 0x60, 0x14, 0x48, 0x64, 0xB0, 0x78, 0x98, 0x1F, 0x51, 0xE9, 0x0C, 0xD2,
    0xA3, 0xBA, 0x97, 0x19, 0x58, 0xA5, 0x23, 0x50, 0xF3, 0x94, 0xD2, 0xF3, 0xF9, 0xD5, 0x69, 0xE9,
    0x39, 0x3D, 0x5D, 0xB1, 0x75, 0x67, 0x83, 0x4E, 0x68, 0x08, 0xB5, 0x81, 0x86, 0x1C, 0x4D, 0xAA,
    0x69, 0xD6, 0x07, 0x4D, 0x9B, 0x60, 0xFF, 0xE9, 0x52, 0x74, 0x9F, 0xD6, 0x54, 0xE7, 0xC7, 0x9E,
    0x9C, 0xEB, 0xC3, 0xF3, 0xC9, 0x8F, 0x17, 0x2D, 0x80, 0xDE, 0xBC, 0xEA, 0x94, 0xD6, 0xE6, 0x3F,
    0x05, 0x93, 0x7E, 0x9A, 0xD9, 0xDA, 0x06, 0x52, 0xF6, 0x09, 0x61, 0x6E, 0xFD, 0xEE, 0xCC, 0xBE,
    0xC6, 0x1A, 0xDD, 0xED, 0xEE, 0x39, 0xF4, 0xF8, 0xAD, 0xFA, 0xDF, 0xC7, 0xBD, 0xB2, 0xDE, 0x8E,
    0xC3, 0xB6, 0xAB, 0x3D, 0x6E, 0xBB, 0x78, 0xFC, 0x80, 0x6D, 0x9E, 0xB6, 0x7D, 0x21, 0xB1, 0xE6,
    0xD7, 0xF2, 0xEB, 0xBA, 0x2D, 0x7B, 0xD3, 0x5F, 0xD8, 0x14, 0xA9, 0xF3, 0x3C, 0xFA, 0xD2, 0x2E,
    0x47, 0xC9, 0xDC, 0x7D, 0xCC, 0x25, 0x09, 0xE1, 0x87, 0x9D, 0x09, 0x3A, 0x0E, 0x39, 0x3F, 0x0D,
    0xD2, 0x36, 0x49, 0xF3, 0xFA, 0x24, 0xF8, 0xC6, 0x28, 0x78, 0x71, 0x08, 0xF0, 0xA2, 0x0B, 0x10,
    0xBB, 0x10, 0x49, 0x1F, 0x2D, 0x69, 0xB7, 0x3F, 0xDA, 0x68, 0xCE, 0xEB, 0x4D, 0x89, 0x4D, 0x0D,
    0x53, 0xE2, 0x71, 0x6A, 0xFC, 0xB3, 0x08, 0x26, 0x7F, 0x34, 0xFA, 0xE4, 0x1A, 0x6D, 0x11, 0xC2,
    0x52, 0x7B, 0x43, 0x23, 0xD4, 0x18, 0x35, 0x4A, 0x8D, 0xCC, 0x63, 0x24, 0xAB, 0xEF, 0xBF, 0xA4,
    0x35, 0x13, 0x8C, 0xDB, 0xEF, 0x79, 0x56, 0xA3, 0xD1, 0x23, 0xC7, 0x38, 0x8A, 0x83, 0xE7, 0x37,
    0xEE, 0x1F, 0xBB, 0xA4, 0x65, 0x1C, 0xAF, 0x24, 0x1B, 0xCB, 0x62, 0x34, 0x8B, 0xF1, 0x2C, 0x95,
    0xA1, 0x51, 0xBC, 0xE1, 0x55, 0xAE, 0x3F, 0xA5, 0xE9, 0xC9, 0xE3, 0x38, 0x45, 0x83, 0xAB, 0x59,
    0xBF, 0x8D, 0x47, 0xC2, 0x3E, 0x1D, 0x53, 0x97, 0x8E, 0xDA, 0x99, 0x4B, 0x5D, 0xE6, 0xE2, 0x9A,
    0x3C, 0xBB, 0xEB, 0x59, 0xDF, 0xFC, 0xB7, 0x71, 0x3D, 0x8B, 0x54, 0x93, 0xF5, 0x33, 0x52, 0xE0,
    0x00, 0x38, 0x28, 0xDF, 0x48, 0xBF, 0x55, 0x3D, 0x28, 0x1F, 0xBF, 0xD5, 0x76, 0xF0, 0x30, 0x79,
    0xB6, 0xE1, 0x61, 0x26, 0xE7, 0xD6, 0x57, 0x32, 0x05, 0x95, 0x71, 0xAA, 0x4B, 0x19, 0x26, 0x85,
    0xD4, 0x83, 0x9D, 0x05, 0x6F, 0x1F, 0xE7, 0xB2, 0x53, 0xE6, 0xC9, 0x70, 0xEA, 0x0C, 0x6E, 0x55,
    0xEF, 0xEC, 0x76, 0xE7, 0x2E, 0x27, 0x6D, 0x7D, 0x41, 0xB8, 0x92, 0xC4, 0x1B, 0x97, 0xA9, 0x1D,
    0x9F, 0xC2, 0xE3, 0xBB, 0x2A, 0x21, 0x57, 0xAF, 0x5A, 0x6E, 0x0E, 0x8B, 0x75, 0x94, 0x3E, 0xFB,
    0x7D, 0x7C, 0xDC, 0xF6, 0x37, 0x48, 0x86, 0x81, 0x9D, 0xC2, 0xFC, 0x55, 0x27, 0x2F, 0x3C, 0xB2,
    0x05, 0x31, 0x2E, 0x99, 0xB7, 0xC6, 0x25, 0xA3, 0x94, 0xE3, 0x2D, 0x0A, 0xF6, 0xB8, 0xCF, 0xD1,
    0x27, 0xCE, 0x4F, 0x68, 0xB9, 0xAC, 0xF7, 0x13, 0x5A, 0xA3, 0xD8, 0x84, 0xD6, 0x24, 0x36, 0x67,
    0xB9, 0xAC, 0x73, 0x96, 0xA0, 0xC0, 0xEA, 0xD4, 0x3E, 0x21, 0x81, 0x96, 0x4E, 0x00, 0xF4, 0x36,
    0x55, 0x59, 0x38, 0x3A, 0x11, 0xF2, 0x91, 0xC9, 0x19, 0x2D, 0xE9, 0x44, 0xEA, 0xA2, 0x39, 0x59,
    0xC8, 0x5A, 0x3C, 0x45, 0x90, 0xC2, 0x31, 0x49, 0x50, 0x17, 0xBD, 0x3A, 0x82, 0x56, 0xC3, 0xD0,
    0x7E, 0x73, 0x6F, 0xF3, 0x58, 0x85, 0x6B, 0x5A, 0x36, 0x20, 0xF9, 0x04, 0x75, 0x74, 0x36, 0xC8,
    0x26, 0xB4, 0x12, 0xA0, 0x64, 0xEC, 0x91, 0x39, 0x5A, 0x52, 0xEB, 0x93, 0x02, 0x36, 0x94, 0x6A,
    0x16, 0xAB, 0x95, 0xC5, 0xBA, 0xE9, 0x3C, 0x9F, 0xC5, 0x46, 0xD7, 0x93, 0x39, 0x0C, 0x62, 0x5B,
    0xCB, 0xEE, 0x2F, 0x1B, 0xFA, 0xAA, 0x54, 0x3E, 0xF1, 0x96, 0x84, 0x78, 0x17, 0x90, 0x90, 0x4A,
    0x46, 0xDE, 0xBE, 0x8A, 0xEF, 0xE8, 0x00, 0x51, 0x3B, 0xFB, 0x5A, 0x18, 0x4E, 0x41, 0xD1, 0x76,
    0x2A, 0x41, 0xC5, 0xE9, 0x6E, 0x4E, 0x44, 0xE9, 0x29, 0xCA, 0xBD, 0xA3, 0xEA, 0xB2, 0xFD, 0xDA,
    0x77, 0x56, 0x22, 0x7C, 0xBE, 0xC0, 0x14, 0xC1, 0x55, 0xB4, 0x0D, 0x46, 0xDA, 0x41, 0xD0, 0x71,
    0x34, 0x42, 0x51, 0x44, 0x4C, 0x14, 0x91, 0x1B, 0x22, 0x4A, 0x3A, 0x98, 0x28, 0xB9, 0x63, 0x10,
    0xFC, 0x3B, 0xCB, 0xDD, 0xDA, 0x1C, 0x5C, 0x99, 0x8A, 0x6F, 0xBA, 0x66, 0x94, 0x50, 0x67, 0x55,
    0xC5, 0xA4, 0xA1, 0x0D, 0xCF, 0x71, 0x4F, 0x05, 0x1A, 0x7F, 0x6F, 0x81, 0x28, 0x8D, 0x59, 0x38,
    0xFF, 0x26, 0xC0, 0x67, 0xB6, 0x12, 0xE1, 0xF2, 0x15, 0x83, 0xE0, 0xAE, 0x15, 0xAD, 0xF8, 0xFB,
    0x9E, 0x68, 0xBD, 0x64, 0x36, 0x29, 0x04, 0xEB, 0x77, 0xAA, 0xB8, 0x41, 0xBF, 0x89, 0x7B, 0x53,
    0x6B, 0x5C, 0x34, 0xFC, 0xF0, 0x72, 0x5D, 0x17, 0xBE, 0xDE, 0xB1, 0xC6, 0x35, 0xC3, 0x61, 0x8D,
    0xAB, 0x0F, 0x65, 0x0D, 0xB2, 0x45, 0x54, 0xD6, 0x41, 0x15, 0x2C, 0xDC, 0xD5, 0xA9, 0xDF, 0xDF,
    0xA7, 0xC6, 0x9D, 0x1E, 0x76, 0x60, 0x32, 0x0F, 0xC5, 0x11, 0x64, 0x47, 0xAB, 0x42, 0x36, 0x72,
    0xA8, 0x6A, 0xC2, 0xE7, 0xE4, 0x03, 0xFF, 0xDC, 0x5E, 0x42, 0x28, 0xE9, 0x78, 0x1B, 0x93, 0x02,
    0xB0, 0x78, 0x80, 0xC8, 0x0B, 0x58, 0xCE, 0x40, 0x3A, 0x42, 0x42, 0xEB, 0xA1, 0x54, 0x08, 0x50,
    0x46, 0x5C, 0xBE, 0x93, 0x15, 0x66, 0x51, 0x37, 0x9E, 0x14, 0x58, 0xF2, 0x78, 0x66, 0x16, 0x9C,
    0xCD, 0xA7, 0xE9, 0x45, 0xA9, 0xD9, 0x91, 0xEA, 0x37, 0x10, 0x22, 0xA0, 0xF3, 0xD0, 0xC6, 0xD6,
    0x0D, 0x39, 0xBD, 0xA1, 0xCD, 0x8C, 0x0E, 0xA8, 0xBF, 0x6F, 0x99, 0xC8, 0xEC, 0xB3, 0x05, 0xF7,
    0xE3, 0xB1, 0xAF, 0xA4, 0xD7, 0x9D, 0xDE, 0x9C, 0xAC, 0x33, 0x07, 0x9B, 0xD3, 0x7A, 0x0C, 0xAE,
    0x39, 0xB2, 0x7B, 0x16, 0xAD, 0xD4, 0x95, 0xA4, 0x76, 0x6B, 0x5F, 0xC5, 0x0A, 0x6D, 0x25, 0xCE,
    0xBD, 0x6D, 0xED, 0x19, 0x67, 0x4B, 0x74, 0x66, 0xC3, 0x83, 0x75, 0x99, 0x14, 0xD6, 0xDD, 0x31,
    0xCC, 0xE1, 0x88, 0x0D, 0xF9, 0xB2, 0xE9, 0x1A, 0x92, 0xB9, 0xAD, 0x4E, 0x31, 0x97, 0xBB, 0x80,
    0xAC, 0xCF, 0xEA, 0x97, 0xAC, 0xD4, 0x91, 0x16, 0xB6, 0x26, 0x1F, 0x11, 0x3C, 0x65, 0xCC, 0x1C,
    0x3F, 0x4B, 0x46, 0xCD, 0x32, 0xE7, 0x31, 0x37, 0x2C, 0x7A, 0x5E, 0x67, 0x42, 0x28, 0xDA, 0xC2,
    0xA0, 0x21, 0x6A, 0x62, 0x80, 0x92, 0x18, 0x41, 0x69, 0x62, 0x5E, 0x16, 0x4E, 0xD8, 0xC8, 0xE8,
    0x92, 0xB7, 0x9A, 0x9C, 0x89, 0xD9, 0xB3, 0x28, 0x89, 0x66, 0xAC, 0x2E, 0x77, 0x2F, 0x56, 0xDC,
    0xD1, 0x8A, 0xDF, 0x31, 0x4A, 0x2C, 0x62, 0x4B, 0xDE, 0x16, 0x66, 0x7B, 0xF0, 0xB6, 0x67, 0xA0,
    0x86, 0x9D, 0x50, 0xAE, 0x51, 0x03, 0xCA, 0x76, 0x97, 0x2D, 0xC9, 0x22, 0x31, 0xD2, 0x49, 0x22,
    0x64, 0x4E, 0x42, 0xE4, 0x6A, 0x34, 0x27, 0x17, 0x35, 0xF3, 0xDE, 0xC4, 0x13, 0x2B, 0x43, 0xA1,
    0x4B, 0x57, 0xFA, 0xD6, 0x44, 0x4F, 0xDE, 0x62, 0xBD, 0x5B, 0x70, 0xF8, 0xD6, 0x44, 0x5E, 0xBF,
    0x26, 0xC4, 0xD7, 0x67, 0x8F, 0xB0, 0x06, 0xC7, 0x58, 0x4F, 0xD0, 0x59, 0xF1, 0x2E, 0xFC, 0x3F,
    0xDB, 0xA2, 0x9A, 0x2D, 0x09, 0x1A, 0xFB, 0x99, 0xB2, 0x8F, 0xAB, 0xEC, 0xB7, 0x1F, 0x3F, 0xF6,
    0xB9, 0xE7, 0x69, 0x4E, 0xD8, 0x20, 0x75, 0xA6, 0x43, 0xB1, 0xF0, 0x17, 0x4A, 0xAF, 0x43, 0xF5,
    0x74, 0x74, 0x08, 0x8C, 0xF7, 0x08, 0x83, 0xF1, 0xDE, 0x13, 0x53, 0xB4, 0xC4, 0xC2, 0x23, 0xFF,
    0x90, 0xA7, 0x2C, 0x5F, 0x00, 0xC0, 0x76, 0x19, 0x83, 0xCB, 0x48, 0xA6, 0x43, 0x33, 0x51, 0x87,
    0xC0, 0x74, 0x88, 0x58, 0x63, 0xD0, 0xC6, 0x0B, 0xF9, 0xEC, 0x52, 0xD3, 0x21, 0x1B, 0xAE, 0xF2,
    0x6F, 0xF8, 0x24, 0xFE, 0xC5, 0xF8, 0x0F, 0x57, 0xFE, 0x17, 0xA9, 0x1E, 0xC9, 0xBF, 0x93, 0x8C,
    0xFC, 0xB7, 0x9E, 0x7F, 0x1C, 0xF0, 0x8F, 0xC7, 0xF1, 0xCF, 0x74, 0xCB, 0xC8, 0x3A, 0xB7, 0xD3,
    0x2D, 0x36, 0x78, 0x8A, 0x6D, 0x05, 0xC1, 0xA9, 0x74, 0x53, 0xA8, 0xD1, 0xC6, 0xB8, 0x9F, 0x2D,
    0xE9, 0x2C, 0x11, 0xD2, 0x71, 0x6F, 0x8C, 0xFA, 0x03, 0xFE, 0xE3, 0x59, 0xA9, 0x9F, 0x8A, 0x41,
    0x8A, 0xC1, 0xA8, 0xB7, 0x97, 0x3B, 0x8F, 0xA9, 0x3F, 0xC7, 0x5B, 0x5A, 0x10, 0xBD, 0x68, 0xF3,
    0xA0, 0xF9, 0x7A, 0x56, 0xD9, 0xA8, 0xCA, 0xC6, 0xA4, 0x5A, 0xFA, 0xF5, 0x2C, 0x65, 0x4E, 0xD9,
    0x0E, 0x52, 0xE6, 0x48, 0x86, 0x75, 0x1F, 0x69, 0x33, 0xB0, 0xF1, 0x51, 0xD6, 0xC1, 0xD6, 0x58,
    0x8D, 0x1F, 0x65, 0x59, 0x55, 0x78, 0x9D, 0x60, 0xFB, 0x26, 0x9B, 0x1F, 0xFB, 0x33, 0x93, 0xE5,
    0x27, 0xFE, 0xCC, 0xC4, 0xF9, 0x09, 0xB8, 0x87, 0x34, 0x77, 0x76, 0xA6, 0xE5, 0x13, 0x13, 0xEA,
    0xA7, 0xFE, 0xC9, 0x6D, 0x72, 0xFD, 0xAB, 0x3F, 0x33, 0xD1, 0x8E, 0xCE, 0xF0, 0x2D, 0x65, 0xDD,
    0xCE, 0x02, 0x7C, 0x6D, 0xD8, 0xCE, 0x94, 0x3E, 0x7F, 0x66, 0x62, 0xDA, 0x40, 0xDE, 0x24, 0xF5,
    0xB7, 0x5D, 0x85, 0xB5, 0xFD, 0xA9, 0x56, 0xBD, 0xEC, 0x2C, 0xF5, 0x22, 0xFB, 0x51, 0xA0, 0x49,
    0xBD, 0xEE, 0x5C, 0x8D, 0x0E, 0x28, 0x2B, 0x4D, 0xF6, 0x8A, 0x67, 0x26, 0xBE, 0x0D, 0xF8, 0x2D,
    0x05, 0xEC, 0x8C, 0xF7, 0x5F, 0x24, 0xB0, 0x5D, 0xC5, 0x5D, 0x0A, 0xFF, 0x38, 0x1D, 0xD6, 0x57,
    0x77, 0x67, 0x55, 0x47, 0x5F, 0x33, 0x01, 0xFE, 0x41, 0x15, 0x95, 0x04, 0xB3, 0x7F, 0x2D, 0x36,
    0x02, 0x37, 0xB5, 0x0E, 0x36, 0x62, 0xCA, 0x9D, 0x39, 0x9A, 0x13, 0xD7, 0x9C, 0x18, 0xDC, 0xE8,
    0xEA, 0xB8, 0x7B, 0xF8, 0x0B, 0x1A, 0x64, 0x01, 0xBF, 0xE1, 0xF5, 0x1E, 0x30, 0x9F, 0xA1, 0x4C,
    0x01, 0x7C, 0x17, 0x58, 0x58, 0xED, 0x12, 0x60, 0x64, 0xE2, 0x68, 0x77, 0xC6, 0x27, 0x4F, 0x75,
    0x71, 0x65, 0xEE, 0x7A, 0x38, 0x7E, 0x58, 0x17, 0xED, 0xF6, 0x26, 0x92, 0xA1, 0x6D, 0xDB, 0x02,
    0x56, 0x6C, 0xB9, 0x09, 0xF9, 0x0C, 0x9D, 0x0D, 0xC5, 0x7B, 0x8F, 0x95, 0x22, 0xBB, 0x17, 0xDB,
    0x56, 0x89, 0x10, 0x94, 0xCC, 0xD6, 0xC3, 0x3C, 0xC6, 0x28, 0xF7, 0xB8, 0xA7, 0x1A, 0x97, 0x6D,
    0x71, 0xA2, 0xE8, 0x0C, 0x4B, 0xFF, 0xC0, 0x7C, 0x4B, 0xFC, 0x56, 0xAF, 0xDA, 0xE7, 0x15, 0x5A,
    0x45, 0x27, 0x0D, 0x27, 0x35, 0x1C, 0xEF, 0xC6, 0xA9, 0x55, 0xB7, 0xE2, 0x17, 0x78, 0xCB, 0x7C,
    0xA8, 0x6A, 0xCE, 0xE4, 0xCF, 0xA8, 0xB5, 0x3B, 0x93, 0x02, 0xEC, 0xCD, 0x28, 0xDD, 0x0D, 0xA0,
    0x6C, 0x13, 0x6D, 0x40, 0xB2, 0x5C, 0x7B, 0x19, 0xB8, 0x01, 0xDE, 0xD2, 0xFE, 0xF4, 0xAC, 0x9C,
    0x2F, 0x6A, 0x10, 0xBE, 0x8A, 0x7F, 0x5C, 0x24, 0x9F, 0xE2, 0x49, 0x72, 0x97, 0xEA, 0xAA, 0xC2,
    0x6D, 0xE7, 0x33, 0xB8, 0xA2, 0x69, 0xD7, 0xA9, 0x14, 0xD4, 0x66, 0x4E, 0xF0, 0x0A, 0xD9, 0x62,
    0x75, 0x94, 0xF5, 0x4D, 0xF0, 0xF9, 0x13, 0x4D, 0x2D, 0xDE, 0xC0, 0x48, 0xAC, 0x49, 0x6D, 0x88,
    0xE3, 0x44, 0x8B, 0x8F, 0x13, 0xAD, 0x69, 0xCF, 0x3F, 0x5C, 0x9A, 0xC9, 0xB0, 0x99, 0x75, 0x51,
    0xD0, 0x59, 0x27, 0x8E, 0x23, 0x25, 0xBF, 0xE9, 0xDC, 0xE3, 0xDC, 0x78, 0x6C, 0x66, 0x8F, 0x85,
    0x15, 0x2E, 0xEB, 0x6E, 0x52, 0xF6, 0x57, 0xD9, 0xFA, 0xD0, 0xCA, 0x66, 0xEB, 0xCA, 0x37, 0x6F,
    0x3C, 0xD5, 0xEC, 0xB7, 0x74, 0x38, 0xFE, 0xFF, 0x05, 0xF8, 0x45, 0xE4, 0x5D, 0x1F, 0x6E, 0xE1,
    0xD6, 0x3D, 0xD0, 0xBF, 0xC8, 0x8C, 0xFA, 0x51, 0xEE, 0x40, 0x34, 0x7C, 0xDF, 0xA1, 0x57, 0x08,
    0x48, 0xA5, 0x67, 0xFB, 0xAF, 0x78, 0xA6, 0x4D, 0xB2, 0x0D, 0x31, 0xEC, 0x6E, 0x0D, 0xBF, 0xD2,
    0x26, 0xF4, 0x49, 0x78, 0xCD, 0xA7, 0x27, 0x7A, 0x21, 0x1E, 0xEE, 0x8A, 0xD7, 0x71, 0xC5, 0x0B,
    0x7E, 0x36, 0x3E, 0x73, 0xCA, 0xBE, 0x12, 0xAB, 0x6E, 0xA1, 0x2C, 0x39, 0x9E, 0xA1, 0xD3, 0x95,
    0xD8, 0xAF, 0xAF, 0xEF, 0x65, 0x78, 0xAD, 0x26, 0xDF, 0x4B, 0xE8, 0xF9, 0x8D, 0x17, 0x16, 0xDE,
    0x96, 0x7E, 0xAD, 0x8D, 0x7A, 0x13, 0x8C, 0x9E, 0x8F, 0xC0, 0x06, 0x34, 0x7C, 0xD7, 0x64, 0x6F,
    0x26, 0xD1, 0xCE, 0x55, 0x19, 0x48, 0x84, 0x0B, 0x86, 0xCF, 0x46, 0x68, 0x12, 0xB9, 0x03, 0xB0,
    0xEC, 0x92, 0x75, 0xBA, 0x02, 0xDE, 0x05, 0x7B, 0xF3, 0xCE, 0xD9, 0xA2, 0xB7, 0x9E, 0x7D, 0x48,
    0xEC, 0xDD, 0x05, 0xEB, 0x3D, 0xDD, 0xE1, 0xF2, 0x41, 0x45, 0x9E, 0x83, 0x79, 0xE1, 0x25, 0xDB,
    0x6E, 0xBB, 0x0D, 0x3F, 0xB6, 0x91, 0xB4, 0x86, 0x73, 0x0E, 0xA6, 0x6F, 0x08, 0x66, 0x29, 0x09,
    0xDE, 0x98, 0x0D, 0x7E, 0xB8, 0x31, 0x6B, 0xBD, 0x3A, 0x23, 0xCB, 0x3A, 0xD7, 0xEC, 0xE2, 0x1F,
    0x6E, 0xE8, 0x25, 0x0D, 0x41, 0x73, 0x8D, 0xD9, 0xFF, 0x67, 0xCC, 0xF6, 0x64, 0x36, 0xFF, 0x5D,
    0x99, 0xB5, 0x97, 0xA6, 0x9C, 0xCD, 0x5A, 0x47, 0x0F, 0x59, 0x7F, 0x66, 0xCB, 0xB4, 0x03, 0x66,
    0x83, 0x4B, 0x66, 0x6F, 0x79, 0x66, 0xFD, 0x33, 0x10, 0xC6, 0x2C, 0xBF, 0x52, 0xB2, 0xFB, 0x1F,
    0x80, 0xD9, 0xC4, 0x27, 0x91, 0x0D, 0x1F, 0x3E, 0xD6, 0xEC, 0xD9, 0x4F, 0x75, 0xF8, 0x8A, 0xAC,
    0xAD, 0x66, 0x47, 0x47, 0xD3, 0x35, 0xB7, 0x31, 0x3C, 0x45, 0x4E, 0xB5, 0xE8, 0xD6, 0x06, 0x61,
    0x9D, 0x10, 0x8C, 0xDC, 0x51, 0x13, 0xBD, 0x54, 0xE4, 0xAD, 0xB2, 0x21, 0x9E, 0x35, 0x17, 0xDD,
    0x27, 0x4B, 0x0F, 0x06, 0x1B, 0x4E, 0x2A, 0x00, 0xA6, 0xC3, 0x97, 0xA0, 0x9E, 0x2E, 0xFD, 0x7E,
    0xAC, 0x30, 0x7B, 0x98, 0x8A, 0x23, 0xA8, 0xDE, 0xBC, 0x87, 0xDD, 0xD9, 0x58, 0xD5, 0x11, 0x24,
    0x19, 0x1B, 0x9D, 0x43, 0x4B, 0x07, 0x94, 0xD1, 0xCC, 0xCC, 0x88, 0xE7, 0x27, 0x2C, 0x5F, 0x8E,
    0x4F, 0x58, 0xBE, 0x34, 0xE8, 0xDF, 0xEF, 0xBF, 0x7D, 0x39, 0x5E, 0x50, 0xBD, 0x87, 0x57, 0x14,
    0x28, 0xAD, 0x9F, 0x66, 0xDB, 0x20, 0x64, 0xD4, 0xDB, 0x4F, 0x6C, 0x45, 0xB1, 0x9B, 0xF7, 0x47,
    0x0B, 0xD0, 0x25, 0x61, 0x51, 0xC3, 0x05, 0x42, 0xC9, 0x1F, 0xBD, 0x01, 0xA6, 0x00, 0x5A, 0x3D,
    0x2A, 0xBF, 0x8E, 0x5A, 0x7F, 0x76, 0xD9, 0x3D, 0x66, 0xB7, 0x60, 0xF0, 0x4F, 0xD9, 0x90, 0x4C,
    0x99, 0x8B, 0x27, 0x9D, 0x7B, 0xCF, 0x2F, 0xCE, 0x87, 0x1C, 0x70, 0x29, 0xD0, 0x69, 0x53, 0x1B,
    0x34, 0xE3, 0xB6, 0x70, 0xB9, 0xFD, 0xBD, 0xF3, 0xE9, 0x9B, 0x33, 0xBE, 0x68, 0x20, 0x91, 0xA1,
    0x65, 0x14, 0xAC, 0xBC, 0xE5, 0x27, 0x4E, 0x9B, 0x70, 0x10, 0xF9, 0xFF, 0x5A, 0xB7, 0xEF, 0xF4,
    0x12, 0xB3, 0xDB, 0x90, 0x70, 0xC6, 0x2E, 0xE5, 0x8C, 0x5D, 0xCA, 0xB9, 0xBA, 0x8C, 0x36, 0xAF,
    0x49, 0x7F, 0x49, 0xBB, 0xEE, 0x5C, 0x81, 0xDE, 0x52, 0x65, 0xB8, 0xBA, 0x27, 0xC6, 0xAC, 0x85,
    0xE6, 0x25, 0xD1, 0xF8, 0xF4, 0xDF, 0x54, 0x16, 0x8D, 0x4E, 0x7D, 0x95, 0x86, 0xA4, 0x2A, 0xFD,
    0x40, 0xB7, 0x3E, 0x0B, 0x29, 0xD1, 0x07, 0x27, 0x7B, 0x30, 0xB2, 0x1B, 0x59, 0xC9, 0x3E, 0x66,
    0xF9, 0x88, 0xEC, 0x97, 0x2F, 0x08, 0xB6, 0x8E, 0x3A, 0x37, 0xBE, 0x91, 0x5D, 0x08, 0x58, 0xDE,
    0x97, 0x6C, 0xFC, 0x8E, 0x64, 0xFF, 0xA9, 0x48, 0xF2, 0xE8, 0x0D, 0x13, 0x29, 0xE0, 0xF4, 0xC8,
    0x00, 0x97, 0x03, 0xFD, 0x2D, 0xBC, 0x52, 0x1E, 0xAE, 0xA0, 0xC6, 0xD8, 0xDD, 0xCD, 0x81, 0x29,
    0xFF, 0x2E, 0x50, 0xC0, 0x1F, 0x3A, 0xD9, 0x9C, 0x2C, 0xF1, 0x9C, 0x70, 0xDA, 0x08, 0x43, 0xA8,
    0xE4, 0x9D, 0x2F, 0x0C, 0xA9, 0xDC, 0x89, 0xA5, 0xD3, 0xE2, 0x9D, 0x6A, 0x31, 0xBD, 0x01, 0xCB,
    0xFC, 0x09, 0xCE, 0xFA, 0x5D, 0x85, 0x8A, 0xB8, 0x6E, 0x0D, 0xA5, 0xC6, 0xEC, 0x91, 0x16, 0xB6,
    0x74, 0xAE, 0xBD, 0x69, 0xEB, 0x31, 0xFA, 0x99, 0x37, 0x0B, 0xDD, 0x66, 0xF2, 0xE9, 0xF0, 0x5F,
    0x6D, 0x1A, 0xDF, 0x32, 0x21, 0x52, 0x27, 0x56, 0x67, 0xB1, 0xAC, 0x88, 0x66, 0xD3, 0x43, 0x4F,
    0x28, 0x45, 0x72, 0xEC, 0x0C, 0xA6, 0xD3, 0xB6, 0x85, 0xB2, 0xD8, 0x9C, 0xDE, 0x2E, 0x35, 0xAD,
    0x39, 0x5A, 0x82, 0x74, 0xB6, 0xFB, 0x25, 0xD8, 0x1F, 0xBC, 0x0D, 0x3A, 0xDF, 0xAF, 0xB2, 0x17,
    0x06, 0x6D, 0x32, 0xAB, 0x23, 0x05, 0x00, 0x3C, 0x29, 0x1B, 0x07, 0xCD, 0x43, 0x31, 0x7A, 0x5E,
    0x1C, 0xF4, 0x57, 0x7F, 0xE5, 0xD6, 0x16, 0x3B, 0x79, 0x97, 0xAD, 0xCD, 0x8F, 0x80, 0xBD, 0x2D,
    0x1B, 0xEE, 0x54, 0x65, 0x0F, 0x5D, 0xED, 0x67, 0x17, 0x39, 0x9B, 0x34, 0x9C, 0x64, 0xB2, 0x15,
    0x8A, 0x78, 0x52, 0x9B, 0xEC, 0xED, 0xE0, 0x7B, 0xA7, 0x6A, 0x73, 0xA7, 0xA7, 0x97, 0x9B, 0xFC,
    0xB9, 0x36, 0x93, 0xCD, 0x67, 0xF8, 0x2F, 0xEB, 0x34, 0xA7, 0xB0, 0x69, 0x00, 0x1D, 0xE4, 0x34,
    0x63, 0x66, 0x6B, 0x69, 0x8F, 0xFC, 0x6F, 0x0B, 0xAD, 0x26, 0x78, 0xA5, 0xDE, 0xDC, 0x55, 0x37,
    0x55, 0xA9, 0x1D, 0x33, 0xDB, 0x8F, 0x12, 0x7C, 0x3B, 0x61, 0x5B, 0x7E, 0xA9, 0x94, 0x3C, 0x4B,
    0xA5, 0x0A, 0x99, 0x4C, 0xA0, 0xBF, 0x58, 0x1D, 0x0C, 0xE6, 0x98, 0x88, 0xDB, 0xEE, 0x42, 0xFC,
    0x74, 0x29, 0x6E, 0x7C, 0x2D, 0xBB, 0x1B, 0x9C, 0x8A, 0xFF, 0x8F, 0x0D, 0x25, 0x40, 0xD3, 0xA9,
    0x35, 0x1D, 0x95, 0xB1, 0xF3, 0x67, 0xAF, 0xA0, 0xFC, 0x19, 0xED, 0xBA, 0x60, 0xC4, 0x88, 0x5A,
    0xEF, 0x24, 0xDF, 0x5A, 0x9D, 0xF5, 0x52, 0x0C, 0xF1, 0x52, 0xBE, 0x3E, 0xFE, 0x41, 0xCA, 0xE0,
    0x7B, 0x6A, 0xD3, 0x99, 0x97, 0xFD, 0xE2, 0xC1, 0x9F, 0xD3, 0xCE, 0xD6, 0xFF, 0x96, 0x02, 0x5F,
    0x7D, 0xF6, 0x82, 0x46, 0x18, 0x56, 0xB1, 0x1C, 0xD1, 0x96, 0x3A, 0x28, 0x5C, 0x49, 0x0B, 0xE0,
    0x0F, 0xF2, 0x91, 0x15, 0xA3, 0xA4, 0x82, 0x6D, 0x2D, 0x7B, 0x0E, 0xAD, 0x28, 0x55, 0xB8, 0x79,
    0x72, 0x0C, 0x57, 0xE4, 0xC8, 0xDA, 0xD5, 0xE9, 0xCD, 0x29, 0x36, 0xC7, 0x2E, 0xD9, 0x18, 0x89,
    0xBD, 0x91, 0xDF, 0x41, 0xA3, 0xE9, 0x48, 0xA3, 0xDC, 0x34, 0xB2, 0x09, 0xCB, 0x6C, 0x0C, 0xF1,
    0xA3, 0xC7, 0x57, 0xAB, 0xA4, 0xDF, 0xB6, 0x11, 0xD8, 0xF8, 0x24, 0xEF, 0x69, 0xDB, 0x2B, 0xAF,
    0xFA, 0x5B, 0x87, 0xFB, 0xD2, 0xCF, 0x97, 0x4B, 0xBF, 0xF1, 0x01, 0xE4, 0x40, 0x1D, 0x00, 0x65,
    0x00, 0x8C, 0x39, 0x1F, 0xDD, 0xA3, 0x84, 0xC0, 0x50, 0xD8, 0x24, 0x62, 0xB4, 0xFA, 0x0D, 0x7D,
    0x47, 0xF5, 0x31, 0x49, 0xF0, 0xF2, 0x7C, 0x2A, 0xDC, 0x77, 0xC8, 0x91, 0x03, 0xA5, 0x88, 0x30,
    0x91, 0x29, 0x8D, 0x21, 0x51, 0xBF, 0x69, 0x39, 0x6A, 0x4C, 0x31, 0x6B, 0x8B, 0xCE, 0x6B, 0xF9,
    0x7B, 0x33, 0x73, 0x81, 0xE3, 0xFE, 0x5F, 0xCE, 0xCA, 0x0D, 0xFD, 0xE6, 0x8D, 0x45, 0x59, 0xE1,
    0x77, 0xE1, 0x9B, 0x0B, 0x03, 0xDB, 0x9B, 0x10, 0xDC, 0xCA, 0xA1, 0xFE, 0x18, 0x21, 0x04, 0xBF,
    0x52, 0xD2, 0x31, 0x99, 0x43, 0xA8, 0xE8, 0x2A, 0x7F, 0x3A, 0x85, 0x7A, 0x85, 0x7E, 0xA6, 0x9B,
    0x73, 0x17, 0x1F, 0x77, 0xE1, 0x02, 0x7C, 0x8D, 0xD1, 0xC7, 0x73, 0xD5, 0x09, 0x5E, 0x26, 0x2B,
    0xD1, 0x82, 0x56, 0xD0, 0x38, 0xFA, 0x1A, 0x30, 0xD0, 0x99, 0xCF, 0xA5, 0x60, 0xF2, 0x07, 0x25,
    0x1B, 0x25, 0x7D, 0x06, 0x02, 0x9F, 0x21, 0x9C, 0x64, 0x30, 0x42, 0xE1, 0xF6, 0xFE, 0x68, 0xBE,
    0x0E, 0x8D, 0x9D, 0xF9, 0x2D, 0x03, 0xB5, 0x9F, 0x13, 0x43, 0xA9, 0x6A, 0xD3, 0x06, 0x9D, 0x09,
    0xF3, 0x9E, 0x63, 0xFE, 0x4C, 0x99, 0x32, 0x3C, 0x71, 0xA3, 0x45, 0x5D, 0x61, 0xDA, 0x7F, 0x62,
    0xD4, 0x0D, 0x46, 0xBE, 0x62, 0xD0, 0x36, 0x18, 0xFE, 0x08, 0xF7, 0x33, 0xB4, 0x7B, 0xC2, 0x03,
    0xAD, 0x8F, 0xAD, 0xE6, 0x00, 0xDA, 0x0A, 0x5D, 0xE1, 0xD4, 0x01, 0x3A, 0x7D, 0x76, 0x37, 0x3F,
    0x02, 0x7A, 0x0E, 0x01, 0x7F, 0x82, 0xEA, 0x97, 0xE0, 0xFF, 0xE5, 0xBC, 0x14, 0xEF, 0x2A, 0x17,
    0xFE, 0xDB, 0xE9, 0x8C, 0x05, 0x06, 0xAA, 0xEE, 0x72, 0x90, 0x55, 0xF4, 0x39, 0x48, 0x29, 0xDA,
    0xCC, 0xF3, 0x89, 0x32, 0x03, 0xCB, 0x07, 0x7B, 0x9E, 0x68, 0xFA, 0x5A, 0xCC, 0x9F, 0xAA, 0x8F,
    0x37, 0x00, 0x37, 0x83, 0x78, 0x4E, 0xA9, 0x1C, 0xD0, 0xDB, 0xC2, 0x6A, 0xDB, 0x00, 0x9C, 0x1C,
    0x80, 0xC7, 0x5A, 0xF1, 0xA4, 0x79, 0x47, 0xCE, 0x70, 0x97, 0x72, 0xA7, 0x93, 0x2D, 0x22, 0x0F,
    0x94, 0x56, 0xAA, 0x9E, 0xF2, 0x91, 0x3C, 0x49, 0xE6, 0x08, 0x5E, 0x92, 0x64, 0xF6, 0x98, 0x91,
    0xE7, 0xC0, 0x64, 0x33, 0x99, 0x28, 0x11, 0xB1, 0xB2, 0xBC, 0x2E, 0xA6, 0xE3, 0xE2, 0x19, 0x52,
    0x0E, 0xA2, 0x51, 0x5F, 0xAD, 0xD8, 0x5A, 0x18, 0x44, 0xB6, 0x6C, 0x3C, 0x05, 0x88, 0xB8, 0x86,
    0x8B, 0x1C, 0xF1, 0x90, 0x3B, 0x63, 0x61, 0x23, 0x21, 0x24, 0x07, 0x83, 0xD6, 0x84, 0x0D, 0x5C,
    0x84, 0x59, 0x21, 0x78, 0x69, 0x11, 0xAD, 0x35, 0x11, 0x98, 0xDD, 0x96, 0xD8, 0x21, 0xC4, 0x77,
    0xBD, 0x4A, 0x06, 0x85, 0x6F, 0x40, 0x14, 0xDE, 0xE0, 0xAD, 0x9A, 0x7F, 0x9B, 0x58, 0xCE, 0xB7,
    0x47, 0x02, 0x1C, 0xA3, 0x40, 0xE7, 0xA1, 0xB5, 0xE7, 0xA8, 0x3D, 0xF4, 0xAF, 0x8F, 0xAB, 0x59,
    0x71, 0x82, 0xBA, 0xE9, 0xD4, 0x7F, 0x9D, 0xF2, 0x56, 0x3F, 0x83, 0x28, 0x60, 0x3A, 0xE8, 0x20,
    0xE7, 0x68, 0x4D, 0x68, 0xFB, 0xF9, 0xFC, 0xE7, 0x09, 0xC1, 0x3C, 0x11, 0x23, 0x98, 0xBE, 0x0F,
    0x4D, 0xDF, 0x0E, 0x9F, 0x6C, 0x7D, 0xE5, 0xA4, 0xF4, 0xD8, 0x18, 0x1E, 0xBD, 0xBF, 0xC4, 0x96,
    0x19, 0x97, 0x98, 0xC3, 0xE6, 0x52, 0x57, 0xD4, 0xED, 0xEF, 0xE3, 0x1E, 0x5B, 0x6B, 0x25, 0x6A,
    0xDF, 0x8F, 0x6D, 0x6A, 0x49, 0x71, 0x1C, 0x89, 0x05, 0x1C, 0x5A, 0xC0, 0x09, 0x2C, 0xB0, 0x0F,
    0xE5, 0x72, 0xE5, 0xEF, 0x1D, 0xD8, 0xBD, 0x63, 0x65, 0x73, 0x7F, 0x64, 0xCB, 0x6E, 0xB7, 0x83,
    0x15, 0x17, 0x72, 0xFC, 0x3F, 0x4E, 0x2D, 0x86, 0xB3, 0x6D, 0x2D, 0xB3, 0x98, 0x93, 0x75, 0x61,
    0x50, 0x2F, 0x05, 0x6A, 0x42, 0x6E, 0x8F, 0xA1, 0x99, 0x77, 0x18, 0xA2, 0x29, 0xD4, 0xC9, 0xD6,
    0x14, 0x12, 0x0F, 0x0C, 0x0E, 0xCE, 0x7A, 0xEF, 0x29, 0x9B, 0xA0, 0x31, 0xED, 0x03, 0xF4, 0x59,
    0x1F, 0xA3, 0xCE, 0xBB, 0x0C, 0xF6, 0x16, 0x46, 0x5B, 0xA9, 0x69, 0x56, 0xC3, 0x5A, 0xF5, 0x97,
    0xC7, 0xFB, 0x6F, 0xA3, 0xF9, 0x66, 0x51, 0x5E, 0xAE, 0x0B, 0x53, 0x29, 0x4D, 0xFF, 0x0C, 0x28,
    0xCF, 0xFE, 0xC5, 0x59, 0x2F, 0xB4, 0x23, 0xB2, 0xD4, 0x1A, 0xE4, 0xCD, 0xCA, 0xF6, 0xBB, 0xB7,
    0x4A, 0xEB, 0x16, 0x15, 0xD3, 0x33, 0xA1, 0xFE, 0xFF, 0x00, 0x55, 0x54, 0x21, 0x70, 0xDC, 0x48,
    0x10, 0x9C, 0x3D, 0xBD, 0x5F, 0xE0, 0x80, 0x90, 0x2B, 0xC0, 0x40, 0x1C, 0x2D, 0x47, 0x5A, 0x8E,
    0x7D, 0x26, 0x06, 0xE1, 0x15, 0x60, 0x8E, 0x24, 0x8E, 0x42, 0xCC, 0xC3, 0x43, 0x42, 0x53, 0x15,
    0x67, 0xC5, 0xD1, 0x11, 0x73, 0x91, 0x70, 0x01, 0xC5, 0x25, 0x57, 0xA4, 0xED, 0x4C, 0xEF, 0x48,
    0xCE, 0x79, 0xEB, 0xD4, 0x3D, 0xE7, 0xF2, 0x4C, 0x77, 0xAF, 0xC6, 0x16, 0x3D, 0x4F, 0xD5, 0x59,
    0xF2, 0x89, 0xBE, 0xB7, 0xA2, 0x81, 0xB1, 0xF8, 0x65, 0x2B, 0xAA, 0x69, 0x2F, 0xCE, 0xC6, 0x35,
    0x16, 0x2B, 0x3C, 0xD6, 0xBD, 0x29, 0xED, 0x05, 0xAC, 0xB8, 0xDE, 0x8B, 0x03, 0x10, 0x72, 0x51,
    0x02, 0x9D, 0x8D, 0x59, 0x60, 0x5A, 0x7E, 0xDA, 0x8A, 0x76, 0x88, 0x36, 0x1A, 0x7D, 0x3B, 0x58,
    0x53, 0x68, 0x46, 0x16, 0x45, 0x12, 0x3F, 0x5A, 0x93, 0xD4, 0x53, 0x16, 0x7F, 0x3D, 0x7D, 0x9C,
    0x37, 0x29, 0xF3, 0x11, 0xB7, 0xC2, 0x29, 0x67, 0x43, 0x05, 0x0B, 0x1A, 0x3A, 0xAE, 0xFC, 0xC2,
    0x26, 0xED, 0x38, 0xB0, 0xE0, 0x54, 0xA7, 0x86, 0xAE, 0xE3, 0x2F, 0x7A, 0x7C, 0x36, 0xC3, 0x84,
    0x96, 0x05, 0x21, 0xB2, 0x95, 0x10, 0x75, 0x98, 0x81, 0x5B, 0x34, 0xBA, 0x4B, 0x8D, 0xBA, 0x05,
    0xE8, 0x77, 0xC9, 0xEE, 0x2F, 0xAE, 0x64, 0xCF, 0x3A, 0xA8, 0x16, 0xFB, 0x5B, 0xA6, 0x06, 0x34,
    0x1F, 0xEE, 0xD0, 0x3B, 0x48, 0xEC, 0x5D, 0x92, 0xB6, 0x97, 0x9B, 0xFC, 0x33, 0x85, 0x52, 0xA1,
    0xAB, 0x56, 0x41, 0xF0, 0xA3, 0x83, 0x34, 0xBD, 0xFA, 0x6B, 0xFB, 0x52, 0x61, 0x68, 0xF1, 0x8D,
    0xE1, 0xC6, 0x0C, 0x35, 0x5E, 0x30, 0x1E, 0x52, 0x88, 0x41, 0xE4, 0x2A, 0x50, 0xB2, 0x67, 0x8E,
    0x41, 0x01, 0xA3, 0xC6, 0xFB, 0x33, 0x6B, 0xCE, 0x41, 0x0D, 0xDD, 0x3C, 0x7E, 0x0F, 0x4C, 0xD2,
    0x13, 0x3A, 0x73, 0x10, 0xB3, 0x5D, 0x04, 0x86, 0xA6, 0xBF, 0x37, 0x28, 0x12, 0x61, 0x55, 0x28,
    0x33, 0x30, 0xD0, 0x91, 0x50, 0xCD, 0x6F, 0xC0, 0x7C, 0xF5, 0xC8, 0xA4, 0x0A, 0xA6, 0x68, 0xA0,
    0x99, 0xAF, 0xE3, 0xB3, 0xBC, 0xD7, 0xD9, 0xC5, 0x6E, 0x45, 0x16, 0x8E, 0xAF, 0x34, 0x53, 0xEC,
    0x7E, 0x56, 0xFD, 0x2D, 0x5D, 0xF3, 0xB6, 0xDA, 0x55, 0xDA, 0x24, 0x31, 0xC9, 0xD7, 0x95, 0xAA,
    0xE5, 0xA2, 0x8A, 0x94, 0xE2, 0x67, 0x52, 0x25, 0xEA, 0x34, 0xFA, 0x79, 0xD1, 0xC1, 0xF6, 0x31,
    0x23, 0xB4, 0x86, 0xC4, 0x21, 0x00, 0x23, 0x97, 0xF6, 0xBE, 0x2B, 0x7B, 0xC9, 0x4D, 0x3A, 0x3D,
    0x80, 0x2B, 0x94, 0x83, 0x69, 0x7A, 0x47, 0x0A, 0xB4, 0xC0, 0xCA, 0x3D, 0x29, 0xB1, 0x57, 0xC9,
    0x96, 0x0D, 0x36, 0x33, 0xE2, 0x75, 0xDB, 0xA2, 0x39, 0x0B, 0xD8, 0x9A, 0x46, 0x80, 0x11, 0x5D,
    0xA4, 0x90, 0xF2, 0xF6, 0xCB, 0x7E, 0x96, 0xFF, 0xEC, 0x5E, 0xEA, 0x41, 0xE8, 0xD6, 0x2B, 0xA9,
    0x63, 0x6E, 0x04, 0x2D, 0xEB, 0x37, 0x9C, 0x69, 0xE5, 0x93, 0x5D, 0x3F, 0x60, 0xFE, 0x16, 0xEE,
    0x9F, 0x8D, 0x7C, 0x30, 0xBD, 0xFD, 0xB4, 0x9B, 0x99, 0x8E, 0x78, 0x48, 0x44, 0x29, 0x4C, 0xAC,
    0x1A, 0x33, 0xFD, 0x8F, 0xC9, 0x16, 0x32, 0xAF, 0x4B, 0x41, 0x28, 0x57, 0xA7, 0xB0, 0x68, 0x57,
    0x89, 0x70, 0x25, 0x85, 0x8E, 0x54, 0x50, 0x65, 0xA1, 0x14, 0x77, 0x2B, 0x0B, 0x49, 0xFD, 0xF9,
    0x00, 0x7D, 0x4D, 0x4E, 0xE1, 0xF7, 0x7D, 0xA2, 0xA1, 0x55, 0x3C, 0x83, 0x56, 0xF4, 0xE2, 0xD8,
    0x96, 0xAD, 0x4B, 0xA4, 0x3C, 0xE8, 0x60, 0xA1, 0x3E, 0x85, 0x3D, 0x78, 0x56, 0xA3, 0xA5, 0x79,
    0x47, 0xED, 0xF3, 0x1D, 0x4E, 0xF7, 0x73, 0xDB, 0x15, 0x90, 0xE3, 0x1C, 0x03, 0x5F, 0xF3, 0x84,
    0x50, 0xAC, 0xF4, 0x6C, 0x9B, 0xC4, 0x35, 0xBA, 0xA4, 0x6A, 0xBE, 0xA4, 0x7A, 0x32, 0xB2, 0x84,
    0xDE, 0xA8, 0xD9, 0x68, 0x30, 0x3A, 0x5F, 0xDE, 0x4F, 0x7C, 0x47, 0xE8, 0x8C, 0x02, 0xF1, 0x0E,
    0x8F, 0x24, 0xFB, 0x4B, 0x77, 0x8C, 0xF8, 0x46, 0x07, 0xC0, 0xD4, 0xED, 0x94, 0x9B, 0x95, 0x4D,
    0x7C, 0xD3, 0xE9, 0x4D, 0x27, 0x64, 0x4A, 0x62, 0xE7, 0x8B, 0xBA, 0x52, 0x03, 0x2D, 0x9F, 0xDE,
    0x74, 0xD1, 0xF1, 0xE1, 0x25, 0xF6, 0x7C, 0x5A, 0x7D, 0x22, 0xD0, 0x7D, 0x48, 0x27, 0x29, 0x56,
    0x1B, 0x7E, 0xB4, 0x87, 0x29, 0x55, 0xC5, 0xFD, 0xA8, 0xA7, 0xE3, 0x52, 0x8F, 0xE5, 0xE2, 0xC7,
    0xE3, 0xE2, 0x5F, 0x1F, 0x26, 0x0F, 0x8C, 0x15, 0x70, 0x2E, 0x81, 0xE0, 0xA2, 0x5D, 0x85, 0x83,
    0xFC, 0xEB, 0x1F, 0xED, 0x3F, 0x89, 0x57, 0xA9, 0xBF, 0x63, 0xFE, 0xC2, 0xFF, 0x47, 0xFF, 0x8F,
    0xFD, 0x1F, 0xFB, 0x1F, 0xFC, 0x5F, 0xE4, 0x1F, 0xD8, 0x1F, 0xA8, 0x67, 0xE0, 0x60, 0x18, 0x28,
    0x31, 0x00, 0xED, 0x5B, 0x01, 0xA4, 0x26, 0x59, 0x76, 0xBE, 0x55, 0xE5, 0x75, 0xB1, 0x85, 0x0A,
    0xB6, 0x37, 0x24, 0xA8, 0xC5, 0x0A, 0x04, 0x05, 0x81, 0x80, 0xAA, 0x18, 0x2C, 0x16, 0x79, 0xE8,
    0xBF, 0x1F, 0x1A, 0x0F, 0x02, 0x66, 0xF1, 0x00, 0x04, 0x72, 0x6B, 0xB2, 0x58, 0xC0, 0x34, 0xB6,
    0x13, 0x04, 0x59, 0x04, 0x04, 0x00, 0x80, 0xB8, 0x35, 0x33, 0x08, 0x82, 0xAD, 0x65, 0x3B, 0x8B,
    0x60, 0x0B, 0xD3, 0x59, 0x31, 0xE8, 0x5A, 0x5B, 0x6F, 0xB6, 0x5E, 0xE6, 0x56, 0x9D, 0xDC, 0xEF,
    0x7C, 0xB7, 0xBA, 0xE6, 0xDF, 0x37, 0xFD, 0x6C, 0x26, 0x3B, 0x24, 0xB2, 0xBF, 0xF7, 0xEE, 0x77,
    0xFE, 0xE9, 0xAA, 0xBA, 0xE7, 0x7C, 0xE7, 0xDC, 0x73, 0xCF, 0x3D, 0xF5, 0xC6, 0x18, 0x93, 0xB4,
    0x17, 0x06, 0x9F, 0x72, 0x6A, 0x7A, 0x60, 0x3D, 0x89, 0x62, 0x13, 0xB1, 0x1E, 0x5C, 0x0B, 0xBC,
    0x30, 0x5F, 0xC7, 0x37, 0xC1, 0xA7, 0x7F, 0x83, 0x8D, 0x62, 0xF7, 0x06, 0x1F, 0xCB, 0xCB, 0xD3,
    0x49, 0xC2, 0x0D, 0xB8, 0x59, 0x4C, 0xF8, 0xED, 0x22, 0xB6, 0x26, 0x11, 0x83, 0x5F, 0xFD, 0xA4,
    0x11, 0xB3, 0x1D, 0xB7, 0x88, 0x22, 0x82, 0xDB, 0xF3, 0x88, 0x05, 0xD0, 0x1C, 0x58, 0xAE, 0xA7,
    0xD3, 0x09, 0xB8, 0xF0, 0xFA, 0x6A, 0x8E, 0x38, 0x11, 0xEB, 0x88, 0x4D, 0x40, 0xD8, 0xD3, 0x8C,
    0x11, 0x07, 0x63, 0x6C, 0x6F, 0x1E, 0xBB, 0xA0, 0x9E, 0xDB, 0xD5, 0x6D, 0x8D, 0x15, 0x3E, 0xD7,
    0x9D, 0x23, 0x3E, 0x37, 0xF2, 0x9C, 0xF3, 0x42, 0x33, 0x07, 0x63, 0xA9, 0xDC, 0x68, 0x4A, 0xF9,
    0x8F, 0xA7, 0x32, 0x99, 0x66, 0x33, 0xA6, 0x99, 0x8D, 0x9B, 0xA1, 0x45, 0x22, 0x3D, 0x94, 0xC8,
    0x44, 0x75, 0xC8, 0x37, 0x83, 0x29, 0x4B, 0x1F, 0xE0, 0x51, 0xAF, 0xBA, 0x92, 0xBA, 0xD5, 0xE8,
    0xD4, 0xFE, 0x1E, 0xBC, 0x3A, 0x9D, 0x2E, 0xA9, 0xA5, 0xA1, 0xD2, 0x80, 0x89, 0x00, 0x13, 0xFF,
    0xC4, 0xD4, 0x5E, 0xD9, 0xAC, 0x36, 0x90, 0xD7, 0x96, 0xD2, 0x99, 0x62, 0x33, 0xB9, 0xDC, 0x9D,
    0x9C, 0x37, 0x29, 0x14, 0x9B, 0xA8, 0x26, 0xF4, 0xD0, 0x89, 0x4C, 0xE2, 0x60, 0x02, 0xE6, 0x1D,
    0x30, 0xA8, 0xB3, 0x30, 0xD0, 0x4D, 0xF4, 0xCD, 0x3E, 0xB4, 0x74, 0x0D, 0xFD, 0x92, 0xE9, 0xB0,
    0x61, 0xC0, 0x73, 0x72, 0x0F, 0x22, 0x38, 0xEC, 0xD4, 0x97, 0xB3, 0x92, 0x4F, 0xE6, 0x49, 0x3B,
    0xD5, 0xE6, 0x30, 0x18, 0x50, 0x6D, 0x38, 0x99, 0x05, 0xD3, 0x4E, 0x07, 0xFA, 0x72, 0xA8, 0xDB,
    0x70, 0x87, 0xEB, 0x19, 0x63, 0xCD, 0x18, 0xAE, 0xA9, 0xBA, 0xBF, 0x32, 0xC7, 0x27, 0x6A, 0x7A,
    0x7E, 0xF3, 0x63, 0x79, 0x01, 0x25, 0xCF, 0x35, 0xA5, 0x92, 0xF7, 0x34, 0xA5, 0x92, 0x1C, 0xCE,
    0x94, 0xE4, 0xB0, 0x2B, 0x89, 0x98, 0xA0, 0xA6, 0xBF, 0xAE, 0xE4, 0x1E, 0x05, 0xA5, 0xAC, 0x31,
    0xC0, 0x64, 0xDB, 0x05, 0xA1, 0x50, 0xEF, 0xC2, 0x63, 0x91, 0x56, 0x85, 0x04, 0x0A, 0x33, 0x8A,
    0xA3, 0x90, 0xAF, 0xD2, 0xF3, 0x39, 0xDE, 0x51, 0xA8, 0x67, 0x47, 0x27, 0xDB, 0xD1, 0xD2, 0xCD,
    0xD2, 0xD3, 0xD1, 0x89, 0x74, 0x14, 0x32, 0x09, 0x57, 0x41, 0x28, 0x56, 0x53, 0x2D, 0xBC, 0x3B,
    0x06, 0x7C, 0x73, 0x77, 0xBA, 0x86, 0x79, 0x1A, 0xB8, 0x2A, 0x08, 0xA3, 0x8A, 0x21, 0xB0, 0x71,
    0xEE, 0x7D, 0xA9, 0xD0, 0x93, 0x78, 0x06, 0x42, 0x86, 0x01, 0x95, 0x80, 0x49, 0xF7, 0xCA, 0x68,
    0x08, 0x34, 0xB8, 0x10, 0x83, 0x85, 0x80, 0xC1, 0xE1, 0x19, 0x18, 0x9C, 0xAC, 0x86, 0x03, 0x97,
    0xFA, 0x81, 0x0D, 0x67, 0x22, 0xAE, 0x46, 0x97, 0xFC, 0x15, 0x54, 0xC0, 0x0A, 0x61, 0x90, 0x46,
    0x6C, 0x4D, 0xBE, 0x9C, 0x2F, 0x79, 0xE2, 0xFD, 0x25, 0x7F, 0x07, 0xAE, 0x98, 0x51, 0x88, 0x53,
    0x5C, 0xF2, 0x9E, 0x4B, 0xDE, 0x01, 0x17, 0xC8, 0x74, 0x68, 0xBE, 0xD2, 0xA7, 0xD9, 0x4A, 0x8F,
    0xE6, 0x9E, 0xD6, 0x15, 0xC0, 0x91, 0xD7, 0xEA, 0x92, 0x9F, 0x74, 0xC9, 0x3F, 0x93, 0x91, 0xEA,
    0x4A, 0xAF, 0xCC, 0xA9, 0x91, 0xC0, 0x99, 0xA8, 0x9A, 0xD4, 0x10, 0x5A, 0xA2, 0xCC, 0xD1, 0x3E,
    0x1F, 0x71, 0xA3, 0x9D, 0x37, 0x42, 0x3B, 0x53, 0xC5, 0x4E, 0xD9, 0x3C, 0x52, 0x1B, 0x7F, 0x53,
    0xA1, 0x6D, 0x99, 0xC0, 0x83, 0x94, 0xED, 0x12, 0x1D, 0x33, 0x1D, 0x76, 0x16, 0xFC, 0x4E, 0x5C,
    0xEE, 0xDB, 0x59, 0xBD, 0xCD, 0xCE, 0xF1, 0xB0, 0xB3, 0x7A, 0x9B, 0x9D, 0xDD, 0xC3, 0x76, 0x8A,
    0x27, 0x2C, 0xBC, 0x7C, 0x8E, 0xA0, 0x36, 0x5E, 0x4F, 0x6A, 0x62, 0x09, 0xE8, 0x4C, 0x35, 0xAA,
    0x81, 0xF5, 0xB8, 0xFB, 0x31, 0x3D, 0x83, 0x6C, 0x23, 0xAC, 0x0A, 0x79, 0x04, 0xAF, 0x50, 0x10,
    0xCA, 0xE5, 0x0C, 0xE6, 0xCF, 0xE7, 0xEB, 0x9A, 0xD0, 0x44, 0x18, 0x15, 0x60, 0x50, 0x5C, 0x95,
    0x31, 0x83, 0xC4, 0xE5, 0xA9, 0x46, 0x10, 0x8E, 0x35, 0x48, 0x12, 0x9B, 0xB7, 0x08, 0x23, 0xFD,
    0x66, 0x6F, 0x5B, 0x3A, 0x0C, 0x53, 0xC0, 0x6B, 0x98, 0x84, 0x46, 0xD8, 0x37, 0x42, 0x1F, 0xED,
    0x71, 0x2A, 0xAC, 0xB8, 0x9E, 0xC6, 0x50, 0x28, 0x20, 0xB4, 0x34, 0x21, 0x91, 0x68, 0x44, 0x2A,
    0xD1, 0x8C, 0x4C, 0xA2, 0x05, 0x64, 0xC4, 0xF6, 0xE4, 0x04, 0x0F, 0x23, 0x1D, 0xD2, 0x92, 0x10,
    0xDC, 0x0A, 0x01, 0x17, 0x92, 0x94, 0xDC, 0x93, 0x16, 0xFD, 0x06, 0xAF, 0x5F, 0xDC, 0xDC, 0x9D,
    0x4E, 0x37, 0x41, 0xE5, 0x52, 0xA2, 0x11, 0x15, 0x80, 0x79, 0x9C, 0x61, 0x7C, 0x08, 0x4D, 0xCF,
    0xF9, 0x76, 0xA1, 0x83, 0x8C, 0x89, 0x5B, 0xC8, 0x46, 0x77, 0xDF, 0x77, 0x5B, 0x08, 0xFF, 0xF8,
    0xFF, 0x68, 0xFF, 0xCE, 0x45, 0x66, 0x27, 0x52, 0x22, 0x14, 0x8A, 0x73, 0x79, 0x12, 0xC8, 0xD8,
    0xC7, 0x55, 0xDE, 0x2A, 0xF0, 0x7A, 0x71, 0x2D, 0x97, 0x57, 0xF2, 0x24, 0x97, 0x57, 0xAA, 0x7C,
    0x17, 0xEC, 0x29, 0xA5, 0x55, 0x43, 0xC7, 0x20, 0x37, 0x0C, 0x65, 0x99, 0xB3, 0x35, 0x91, 0x18,
    0xAC, 0x3E, 0xF7, 0xB9, 0xF4, 0xD4, 0x5E, 0x0A, 0x5F, 0x47, 0x06, 0x0A, 0x79, 0xDF, 0xBB, 0x65,
    0x67, 0xE3, 0xF5, 0x67, 0x32, 0xA8, 0x48, 0x46, 0x46, 0xCA, 0x4C, 0x2D, 0x94, 0x21, 0xCA, 0x7A,
    0x90, 0x27, 0x12, 0x2F, 0xCF, 0x64, 0xCB, 0x65, 0x5F, 0x3A, 0xB2, 0x20, 0x68, 0x49, 0x90, 0x1D,
    0x18, 0x90, 0x20, 0xC5, 0xF6, 0x94, 0x21, 0x38, 0xFD, 0xA1, 0xAF, 0xA4, 0xA3, 0xFC, 0x67, 0x62,
    0x54, 0xFE, 0xA0, 0x35, 0xF5, 0x47, 0x9B, 0xFE, 0x93, 0xFD, 0xC8, 0x9B, 0xE6, 0x13, 0x6F, 0x9E,
    0xCA, 0x13, 0x63, 0x03, 0x36, 0xB2, 0x18, 0xA4, 0x06, 0xAB, 0x69, 0x60, 0x4A, 0xA0, 0x4D, 0xA3,
    0x31, 0xD7, 0xA7, 0x22, 0x3E, 0x60, 0x67, 0xD2, 0xCD, 0x64, 0x90, 0xF3, 0x3B, 0x83, 0x92, 0x46,
    0x18, 0xE3, 0x6A, 0x4F, 0x16, 0xB3, 0x34, 0x35, 0xAF, 0xE4, 0xC5, 0x8D, 0x68, 0xCD, 0x92, 0xE9,
    0x22, 0xE3, 0x8C, 0xFD, 0x01, 0x1A, 0xA1, 0x88, 0x9E, 0xDF, 0x7B, 0x93, 0x2E, 0x6A, 0x4F, 0x4A,
    0x26, 0x3E, 0xB3, 0x27, 0x4C, 0x5C, 0xE7, 0x60, 0x92, 0x79, 0x11, 0x44, 0x9C, 0xA5, 0x99, 0x2C,
    0x82, 0x37, 0x69, 0xAF, 0x6B, 0x8A, 0x19, 0x51, 0x0B, 0x26, 0x37, 0x99, 0x5A, 0x5E, 0x5C, 0xCB,
    0x40, 0xC5, 0x5A, 0x93, 0x93, 0xE5, 0x24, 0x3A, 0xE1, 0x0F, 0x05, 0x96, 0x20, 0x1A, 0x30, 0x59,
    0xA7, 0x02, 0xB6, 0x6F, 0xC4, 0x04, 0x4C, 0x6A, 0xF7, 0x08, 0x31, 0x17, 0xC8, 0x1D, 0x8D, 0xBC,
    0x60, 0x2C, 0x8A, 0x18, 0x15, 0x52, 0x0A, 0x03, 0x1E, 0x41, 0xF6, 0x2B, 0xD9, 0xB8, 0xDC, 0xED,
    0xAF, 0xB8, 0x19, 0x26, 0xF2, 0x53, 0xEE, 0x86, 0x99, 0x7C, 0x5B, 0x85, 0xB6, 0xDC, 0x0A, 0xAF,
    0x4B, 0xA8, 0x59, 0xCA, 0x45, 0xD7, 0x90, 0x1B, 0xCB, 0x19, 0x42, 0x2A, 0x3D, 0x84, 0x6C, 0x2B,
    0x24, 0xE6, 0xFB, 0xCA, 0xC7, 0x84, 0x6F, 0x67, 0x9D, 0x38, 0x5F, 0x65, 0x50, 0xA1, 0x90, 0x48,
    0x6C, 0x29, 0x1B, 0x26, 0x86, 0xB0, 0x60, 0x62, 0x08, 0x93, 0x0A, 0x70, 0x1D, 0x4B, 0xBC, 0x5A,
    0x98, 0x2C, 0x35, 0x80, 0x45, 0x85, 0x19, 0xC2, 0xA6, 0xBA, 0x27, 0x10, 0xF0, 0x09, 0xDE, 0x5D,
    0xA2, 0x90, 0xCF, 0x2A, 0x08, 0xF2, 0xBF, 0x0A, 0xAF, 0x1C, 0x83, 0xD6, 0xED, 0x35, 0x4D, 0x23,
    0x6F, 0x22, 0x7D, 0xA6, 0x60, 0x4E, 0xFC, 0xFA, 0x3B, 0x32, 0x71, 0x91, 0x7C, 0xC4, 0xED, 0x95,
    0xD8, 0x28, 0x2E, 0xC0, 0xEF, 0x03, 0xC3, 0x93, 0x12, 0xB9, 0xBB, 0xA4, 0x29, 0x83, 0x01, 0x32,
    0xD1, 0x48, 0x6B, 0xB9, 0x3D, 0x30, 0xC1, 0xA4, 0x52, 0x28, 0xDF, 0x99, 0xD4, 0x1B, 0x13, 0xAC,
    0xCC, 0x8A, 0x5C, 0x12, 0x1A, 0xCF, 0x64, 0x1D, 0x26, 0x10, 0x7B, 0x03, 0xB5, 0xDF, 0x23, 0x6E,
    0xC8, 0x13, 0x5C, 0x0F, 0x23, 0x70, 0x52, 0x04, 0x0F, 0x7B, 0x09, 0x7C, 0x20, 0x8F, 0x1E, 0xD5,
    0x24, 0xBA, 0xEB, 0x56, 0xFF, 0x29, 0xBA, 0xED, 0x56, 0xB2, 0xEA, 0xBE, 0x0B, 0x4A, 0x60, 0x77,
    0x2E, 0xA3, 0x62, 0xB2, 0xE9, 0x2E, 0x18, 0x37, 0xDA, 0x43, 0xA8, 0x76, 0xA1, 0xDE, 0xB7, 0xDE,
    0x0B, 0xFB, 0x2A, 0x6E, 0xBD, 0xB6, 0xE7, 0xF4, 0x60, 0x94, 0xFB, 0xBB, 0xEC, 0x1B, 0x95, 0xB4,
    0x4A, 0x33, 0x5C, 0x49, 0x01, 0xD9, 0x81, 0xB6, 0x6B, 0xC2, 0xE2, 0x4A, 0x4F, 0x54, 0xC8, 0x3D,
    0x2E, 0xE3, 0x66, 0x9C, 0x0A, 0x73, 0x23, 0x2E, 0x83, 0x30, 0xAB, 0x00, 0x4B, 0x71, 0xBD, 0x9A,
    0x8A, 0xEB, 0x69, 0x63, 0x41, 0x61, 0x40, 0x29, 0x4D, 0x75, 0x10, 0x34, 0xC9, 0xA5, 0x74, 0xBA,
    0xF5, 0x36, 0x3F, 0x96, 0x56, 0x63, 0xA5, 0xF9, 0xB9, 0x84, 0xED, 0x17, 0x41, 0xAA, 0x99, 0x0F,
    0x61, 0x22, 0x33, 0x8F, 0x50, 0x95, 0x8C, 0x3C, 0x46, 0x3D, 0x62, 0xF1, 0xDB, 0xC3, 0x50, 0xB5,
    0x09, 0x1E, 0xA8, 0xE9, 0x35, 0x16, 0xC8, 0x0B, 0x34, 0xA4, 0xE8, 0xF7, 0x23, 0xC3, 0x63, 0x0D,
    0x0F, 0x2B, 0x4F, 0x0C, 0x03, 0x3F, 0xA1, 0xFF, 0x04, 0xD5, 0xB2, 0x6C, 0x14, 0xFB, 0x78, 0xDE,
    0x48, 0xC0, 0x1E, 0xEF, 0x4D, 0xC5, 0x4E, 0xC6, 0x7D, 0x02, 0x31, 0x93, 0x66, 0x49, 0xE5, 0x47,
    0x2A, 0x6E, 0x95, 0xCF, 0xA5, 0x5C, 0x94, 0x9B, 0x32, 0x7C, 0x81, 0x11, 0x06, 0x1B, 0x92, 0x9D,
    0xAA, 0x59, 0xF9, 0x49, 0x45, 0x86, 0x7A, 0x52, 0x11, 0x0A, 0x42, 0x84, 0xCD, 0x6E, 0x05, 0x1D,
    0x4A, 0x57, 0xB3, 0x87, 0xC6, 0x8C, 0xF2, 0xCE, 0x0E, 0xE4, 0xEE, 0x82, 0x89, 0x9A, 0xD1, 0x41,
    0x87, 0xD0, 0x73, 0xD2, 0x9D, 0x8B, 0xD1, 0x8D, 0xED, 0x5E, 0xAA, 0x3D, 0x95, 0x13, 0xCB, 0x35,
    0xAE, 0x09, 0x96, 0x6C, 0xBA, 0x9B, 0x70, 0xD5, 0xA4, 0x67, 0xA2, 0xDF, 0x4F, 0xA6, 0x22, 0x42,
    0x5A, 0x71, 0x13, 0x68, 0xD5, 0x5B, 0xF0, 0x1C, 0x5C, 0xC5, 0x95, 0x77, 0xB5, 0x3D, 0x61, 0x45,
    0x92, 0xAF, 0x9C, 0x1D, 0x8E, 0xE5, 0xDC, 0x4C, 0x02, 0xB4, 0xCD, 0xA4, 0xE7, 0xC2, 0xCC, 0x10,
    0x62, 0x12, 0xD8, 0x83, 0x33, 0x3F, 0x17, 0x98, 0x04, 0x04, 0x9A, 0xB0, 0x38, 0x81, 0xC5, 0x4A,
    0xAC, 0x85, 0x30, 0x47, 0x0E, 0xAA, 0x89, 0x13, 0x93, 0x96, 0xE3, 0x30, 0x15, 0x29, 0xA1, 0x30,
    0xE8, 0xC4, 0xA4, 0x23, 0x14, 0x13, 0x87, 0x11, 0xA0, 0x22, 0x83, 0xE0, 0x28, 0x70, 0x3D, 0x41,
    0x60, 0xA7, 0x61, 0x04, 0x54, 0x12, 0x8B, 0x5B, 0x2A, 0x93, 0xC7, 0xBA, 0xBD, 0x92, 0x57, 0x4F,
    0xC1, 0x96, 0x5D, 0x99, 0x81, 0xA8, 0x71, 0x9B, 0x41, 0x99, 0x30, 0xE4, 0x9B, 0xC6, 0x4B, 0xCF,
    0xB8, 0x96, 0xBE, 0x9A, 0xE9, 0xB6, 0xDD, 0x7D, 0xFB, 0xAA, 0xB3, 0x3D, 0xD1, 0x29, 0x4A, 0x17,
    0xB1, 0x15, 0x60, 0x42, 0x84, 0xF6, 0x8A, 0xD9, 0x46, 0x0C, 0x0F, 0xD5, 0xD3, 0x6A, 0xBD, 0xE0,
    0x84, 0x61, 0x30, 0x34, 0xCA, 0xEE, 0xA0, 0xAA, 0x54, 0x82, 0x12, 0xF5, 0xF6, 0x29, 0xFC, 0x9A,
    0x45, 0x75, 0x13, 0xA0, 0xC6, 0x8F, 0xBA, 0x1B, 0x17, 0x43, 0x53, 0x7C, 0xE7, 0x87, 0x82, 0x3A,
    0x9B, 0xC2, 0xBA, 0x0B, 0x9E, 0xD5, 0x27, 0x9D, 0xDD, 0x7D, 0xCE, 0xD9, 0xC5, 0xC3, 0xCE, 0xE6,
    0x21, 0xF7, 0xCC, 0xD9, 0xAB, 0x39, 0xCE, 0x4B, 0xFB, 0xC1, 0x90, 0x9E, 0xA2, 0x30, 0x7C, 0xA1,
    0x8F, 0x1F, 0x70, 0xF6, 0xF8, 0xE5, 0x9C, 0x6D, 0xCE, 0x9D, 0x4D, 0xDB, 0x9F, 0x2B, 0x1E, 0x67,
    0x4B, 0xD9, 0xB1, 0xE7, 0xF9, 0x4B, 0x06, 0xCE, 0xBE, 0xA3, 0x1D, 0x77, 0x25, 0xF6, 0xA9, 0x69,
    0xBB, 0xED, 0x69, 0xBA, 0x04, 0x64, 0x57, 0x48, 0x0D, 0xAF, 0x24, 0x06, 0x8F, 0x8F, 0xA1, 0x3D,
    0x47, 0xEC, 0x98, 0xAB, 0x61, 0x77, 0x19, 0x0E, 0x18, 0x0F, 0x96, 0xDF, 0xE3, 0x39, 0x72, 0xAD,
    0xD3, 0xD8, 0xE3, 0x50, 0xA6, 0xA6, 0x02, 0x61, 0xE0, 0x81, 0xF7, 0xDB, 0x67, 0x56, 0x8D, 0x4B,
    0xCF, 0xDA, 0x67, 0xF5, 0xE7, 0xDB, 0x67, 0x66, 0x6F, 0x9F, 0xB5, 0x47, 0xFB, 0x6C, 0x3C, 0xDA,
    0x67, 0x5F, 0x70, 0x62, 0x1C, 0xCF, 0x60, 0x38, 0x80, 0x7C, 0xA9, 0xDB, 0x0F, 0xF8, 0xA6, 0xC6,
    0xAD, 0x71, 0xED, 0xE7, 0xDB, 0x67, 0xF2, 0xF6, 0xF6, 0xD9, 0xB6, 0xB7, 0xCF, 0x62, 0xB4, 0xAE,
    0x04, 0xDF, 0x9C, 0x81, 0x7D, 0x19, 0x72, 0xDE, 0xB3, 0xC5, 0x76, 0x99, 0x98, 0x62, 0x71, 0x2D,
    0x0E, 0x0D, 0xB3, 0xB4, 0xD9, 0xAA, 0xC5, 0x53, 0xAC, 0x52, 0x8B, 0x07, 0x0E, 0xC3, 0xD5, 0x6F,
    0x78, 0x18, 0x86, 0xAF, 0x15, 0xDC, 0x19, 0x48, 0x47, 0x68, 0x31, 0x3E, 0x95, 0x17, 0x80, 0xA8,
    0xBB, 0xC8, 0x7A, 0xC0, 0x91, 0x6E, 0xFB, 0x5C, 0x64, 0x89, 0x38, 0x37, 0x01, 0x51, 0xAB, 0x35,
    0xB1, 0x54, 0x0B, 0x6D, 0x21, 0x14, 0x68, 0x97, 0xAA, 0x81, 0xEB, 0xA1, 0x10, 0xE7, 0xA8, 0x96,
    0xB8, 0xD8, 0xBC, 0x1A, 0x05, 0x5B, 0xD4, 0x37, 0xF9, 0x46, 0xD5, 0x33, 0xA1, 0xB6, 0xA9, 0xEC,
    0x3B, 0xF9, 0x7B, 0xD4, 0x49, 0x3E, 0x8A, 0x71, 0xF1, 0xCF, 0x2B, 0xAD, 0x78, 0x4D, 0xBB, 0x1B,
    0x89, 0x16, 0x0B, 0xAD, 0xAB, 0xF6, 0x2E, 0x99, 0xB4, 0x24, 0x6B, 0xC3, 0x98, 0x74, 0xFB, 0x66,
    0x4D, 0x4A, 0xEC, 0xBF, 0xF3, 0x72, 0xE8, 0x4B, 0xDC, 0xE2, 0xDD, 0xA4, 0x31, 0x95, 0xEE, 0xAC,
    0x7F, 0xF8, 0x40, 0xA0, 0x7E, 0x83, 0x64, 0x25, 0xC8, 0xC7, 0x31, 0x3E, 0x63, 0x87, 0x86, 0x7B,
    0xF9, 0x67, 0x9A, 0x83, 0xDD, 0x9A, 0xAD, 0x8F, 0x64, 0x4A, 0x65, 0x08, 0x66, 0xDB, 0x39, 0x17,
    0xE4, 0x93, 0xCA, 0x97, 0x9E, 0x0C, 0x54, 0x33, 0xFC, 0x58, 0xF8, 0x7A, 0x04, 0xE6, 0x1E, 0xD5,
    0xC5, 0x1C, 0xD0, 0xF6, 0xA0, 0xA5, 0x00, 0xD6, 0x01, 0x17, 0x6D, 0x74, 0x9A, 0x72, 0xB6, 0x3D,
    0xAB, 0x2D, 0x3B, 0xE8, 0xC9, 0x6D, 0x6C, 0xA6, 0x60, 0x5A, 0x22, 0x7D, 0xE3, 0x03, 0x6D, 0x85,
    0xB4, 0x95, 0xB4, 0xAE, 0xB7, 0xAB, 0x29, 0x64, 0x93, 0xD7, 0x32, 0x33, 0x2C, 0xA5, 0xA7, 0x7A,
    0xAB, 0x9E, 0xBB, 0xA2, 0x39, 0x57, 0xF2, 0x03, 0x73, 0xB8, 0x37, 0xFA, 0x17, 0xFA, 0x9F, 0x63,
    0x29, 0x82, 0x7F, 0xEB, 0x55, 0xC8, 0xCE, 0x04, 0x14, 0xD8, 0x39, 0x9E, 0x76, 0x71, 0xE3, 0x83,
    0x70, 0xE2, 0xE1, 0x8A, 0xE7, 0xAB, 0x5C, 0xB8, 0x5A, 0xB0, 0xBD, 0xC8, 0xC8, 0x89, 0x3E, 0xDC,
    0x63, 0xED, 0x13, 0x51, 0x34, 0x96, 0x53, 0xD0, 0x97, 0x67, 0x4E, 0xA4, 0x17, 0x29, 0xEC, 0xEE,
    0xD8, 0x3D, 0xA3, 0xE6, 0x50, 0xE3, 0x91, 0x9E, 0x16, 0xCB, 0xDB, 0x2B, 0xCF, 0x39, 0x8D, 0x9D,
    0xE8, 0xF5, 0x44, 0x7A, 0x86, 0x41, 0x86, 0x74, 0xCA, 0xD3, 0x1F, 0x5D, 0xFC, 0xD8, 0x2E, 0x26,
    0x91, 0x97, 0x5A, 0xA3, 0xD1, 0x1A, 0x2B, 0x0B, 0x05, 0x27, 0xF3, 0x2E, 0x4C, 0xB4, 0xEF, 0x37,
    0x2F, 0x32, 0xFE, 0xAF, 0xED, 0x3B, 0xD8, 0x2A, 0xE5, 0xC9, 0xB1, 0x79, 0xDA, 0x5D, 0x70, 0x14,
    0x96, 0x43, 0xE0, 0xA7, 0x98, 0x89, 0x9A, 0x9D, 0xCE, 0x85, 0x6A, 0x17, 0xFE, 0xE0, 0xB9, 0xF2,
    0x04, 0x66, 0x80, 0x58, 0x37, 0xCD, 0x81, 0x9D, 0x13, 0x51, 0xB2, 0x90, 0x6C, 0xD8, 0xFF, 0xA4,
    0xA2, 0xA9, 0xB0, 0xAB, 0x96, 0x29, 0x92, 0x91, 0x14, 0xB8, 0x12, 0x73, 0x4F, 0xBA, 0x8A, 0x03,
    0xD5, 0x97, 0xF5, 0x02, 0x1C, 0x53, 0x81, 0x6A, 0x22, 0x02, 0x54, 0xB5, 0xA1, 0x4F, 0x1D, 0x31,
    0x97, 0x8D, 0xC9, 0xF0, 0x71, 0x7B, 0xBE, 0x1F, 0x81, 0x47, 0xA2, 0x8B, 0x28, 0x8A, 0x50, 0xF1,
    0x6C, 0x3F, 0x92, 0x37, 0xB8, 0x1D, 0xEB, 0x46, 0x23, 0x03, 0x46, 0xE9, 0xBF, 0xEE, 0xD6, 0xEA,
    0x17, 0x98, 0xEC, 0xF0, 0x05, 0xD7, 0x47, 0xBB, 0x79, 0xD3, 0x6E, 0x3C, 0x98, 0x27, 0x03, 0xB4,
    0x92, 0x5F, 0xD4, 0x54, 0x7E, 0x69, 0xC1, 0x01, 0xE3, 0x80, 0x84, 0xA8, 0xD1, 0x07, 0x2B, 0xAC,
    0xDD, 0x49, 0x0D, 0xBF, 0xF0, 0x12, 0xC6, 0x05, 0x2F, 0xF1, 0xD1, 0x31, 0xBC, 0x44, 0xC3, 0xE2,
    0xB8, 0xA4, 0xE1, 0x17, 0x5E, 0xA2, 0xBC, 0xF0, 0x12, 0x92, 0x83, 0x4B, 0xF0, 0x85, 0x0C, 0x55,
    0x33, 0x2F, 0x71, 0xFA, 0x45, 0x2F, 0xE1, 0x17, 0x5E, 0x32, 0x1C, 0xC5, 0xFD, 0xDE, 0xAB, 0xD9,
    0xAF, 0x57, 0xAF, 0xF2, 0xFA, 0x68, 0x2C, 0x23, 0x4F, 0x5E, 0x9C, 0xD0, 0x3F, 0xDA, 0xA3, 0x8F,
    0x09, 0xCA, 0x52, 0x62, 0xE9, 0xE1, 0xDE, 0xFA, 0xE5, 0xB7, 0x41, 0x7C, 0xFF, 0x3F, 0x23, 0x3E,
    0x7D, 0x90, 0xF8, 0xC8, 0xAA, 0x3E, 0xF2, 0x20, 0x3E, 0x7F, 0x90, 0x78, 0xB2, 0xCA, 0x2F, 0x07,
    0xF1, 0xE5, 0x83, 0xC4, 0x47, 0x56, 0xF9, 0xC8, 0xAF, 0x9E, 0xF8, 0xE3, 0x93, 0x2F, 0xC4, 0xF3,
    0xB4, 0x70, 0xB4, 0xE7, 0xCF, 0xD3, 0x03, 0x3F, 0x5F, 0xFB, 0xE1, 0xDE, 0x64, 0xD8, 0xA1, 0x3C,
    0x00, 0x45, 0xC2, 0xAD, 0x2E, 0xBA, 0x6A, 0x54, 0x8B, 0xEA, 0x01, 0xA0, 0xE7, 0x6A, 0xC0, 0x07,
    0xE7, 0x2F, 0x0D, 0x22, 0x6C, 0xC7, 0xFB, 0x9F, 0xFD, 0xB5, 0x48, 0x7C, 0x2B, 0x42, 0x58, 0xF6,
    0x77, 0x22, 0x7C, 0x25, 0x12, 0xDF, 0x88, 0x80, 0x47, 0x00, 0xF3, 0x2C, 0x93, 0xAB, 0x02, 0x2E,
    0xE3, 0xCB, 0x90, 0xF8, 0x2E, 0x84, 0x1C, 0x75, 0x16, 0xE3, 0xB6, 0xBF, 0x08, 0xE1, 0x17, 0xC6,
    0x1D, 0x53, 0xC3, 0xB9, 0xDC, 0x50, 0x66, 0x04, 0xAA, 0x65, 0x47, 0x00, 0x1A, 0xEE, 0x12, 0x31,
    0xCF, 0x1C, 0xE1, 0x17, 0xA3, 0x23, 0x3A, 0xF0, 0xE8, 0xF3, 0x53, 0x8E, 0x76, 0x1F, 0x6B, 0x9E,
    0x44, 0x1F, 0x0C, 0x54, 0xF3, 0x41, 0x03, 0xE3, 0x8E, 0x5C, 0xC0, 0xC2, 0x48, 0x88, 0xDA, 0x47,
    0xD9, 0x53, 0x26, 0x35, 0x8C, 0x39, 0xF2, 0xC3, 0x90, 0x23, 0x49, 0x47, 0xC4, 0x65, 0x2B, 0xB5,
    0x25, 0x5D, 0x47, 0xBC, 0x15, 0x9E, 0xDA, 0x92, 0x38, 0x6A, 0x4B, 0xF6, 0x54, 0xDB, 0x48, 0xE1,
    0xD5, 0x11, 0x6B, 0xEF, 0x1D, 0xA1, 0xB6, 0xA5, 0x47, 0x70, 0xCD, 0xD9, 0x1B, 0x79, 0xE3, 0x29,
    0x87, 0x7C, 0x1E, 0x40, 0x46, 0x49, 0xE6, 0x91, 0x9B, 0xE5, 0x0B, 0x6A, 0xD8, 0xE4, 0xB7, 0x1D,
    0x26, 0xD9, 0x11, 0x26, 0xD3, 0x7F, 0x2F, 0x4C, 0x68, 0x0F, 0x8B, 0xAE, 0xF8, 0x02, 0x6A, 0x89,
    0x6F, 0x59, 0xA3, 0x1F, 0x7A, 0x36, 0xBB, 0x27, 0x9C, 0x62, 0x12, 0x99, 0xF5, 0x99, 0xCD, 0xA2,
    0x4E, 0xA8, 0x3C, 0x5B, 0x88, 0x84, 0x62, 0x35, 0x7F, 0x19, 0x93, 0xC9, 0xC5, 0xE9, 0xF4, 0x6C,
    0xE5, 0x92, 0x89, 0x80, 0x3C, 0x42, 0xA8, 0x01, 0x67, 0xA7, 0x83, 0xB3, 0xF3, 0x80, 0x1B, 0x12,
    0x8D, 0xC5, 0xBE, 0xD6, 0xE6, 0x40, 0x8B, 0x53, 0x4E, 0xB5, 0x69, 0xA5, 0x26, 0x8B, 0xA9, 0xA9,
    0x4A, 0xA9, 0x96, 0x7C, 0x71, 0xB3, 0x9B, 0xEE, 0x48, 0x9C, 0x74, 0x14, 0x69, 0x92, 0x7A, 0x27,
    0xBE, 0xB5, 0x89, 0xBB, 0xBE, 0xC4, 0x86, 0xA7, 0xE3, 0x33, 0x0D, 0x8A, 0xA4, 0x19, 0xB3, 0x40,
    0xCC, 0xA5, 0x8B, 0x0D, 0xD0, 0xB6, 0x5C, 0x35, 0x0C, 0xE1, 0xB5, 0x7A, 0xE6, 0x71, 0x20, 0x15,
    0xAA, 0x9B, 0x09, 0x7E, 0x5C, 0x1F, 0xC5, 0xED, 0x24, 0x5D, 0x14, 0x31, 0x11, 0x45, 0x28, 0x19,
    0xFD, 0x5B, 0xEC, 0xE2, 0x0A, 0x71, 0x8B, 0x62, 0xB9, 0xD0, 0xF5, 0x28, 0xB6, 0x67, 0x88, 0xCA,
    0x4C, 0x45, 0x31, 0xA0, 0x1E, 0x18, 0x23, 0x43, 0x75, 0x14, 0x1D, 0xFA, 0xBA, 0x5A, 0x25, 0x62,
    0x68, 0xC6, 0x44, 0xE0, 0x70, 0xD1, 0xD0, 0x86, 0x01, 0xD6, 0x23, 0xB2, 0xD1, 0x82, 0x7E, 0x26,
    0x53, 0xEC, 0x72, 0x4A, 0x24, 0xA3, 0x85, 0x46, 0x5B, 0xAC, 0x1A, 0x94, 0x3A, 0x8A, 0x85, 0xD2,
    0x07, 0x1E, 0x79, 0x29, 0x8C, 0xA0, 0x50, 0x33, 0x72, 0x18, 0xFD, 0x6C, 0x77, 0xDD, 0x21, 0x45,
    0x6B, 0xD1, 0xCA, 0xA0, 0xCE, 0xD5, 0x0F, 0xB4, 0xE2, 0x6D, 0xFD, 0xA9, 0x72, 0xD9, 0x85, 0x15,
    0x37, 0x40, 0x90, 0x57, 0xA7, 0x67, 0x7E, 0xCF, 0x04, 0x10, 0x52, 0x0A, 0xC7, 0x61, 0x85, 0xC7,
    0x81, 0x39, 0x56, 0xC8, 0x8C, 0x95, 0x98, 0x15, 0x11, 0x79, 0xF4, 0x03, 0xBE, 0xB2, 0x66, 0xE2,
    0xA1, 0xC3, 0x24, 0x9D, 0xF4, 0x90, 0x4D, 0xFD, 0x61, 0x7C, 0x23, 0xD3, 0x7C, 0xB2, 0xC1, 0xDB,
    0xEC, 0x55, 0x5A, 0x86, 0xC1, 0x04, 0x83, 0x58, 0xD1, 0x0B, 0x84, 0x74, 0x63, 0x42, 0xC4, 0x9C,
    0xB8, 0x77, 0x6F, 0xE4, 0x25, 0xA2, 0x15, 0xF4, 0x55, 0x18, 0x90, 0x65, 0xB2, 0xBB, 0x30, 0x80,
    0xA5, 0x2E, 0x01, 0x1B, 0xEA, 0xD5, 0x6A, 0x41, 0x4C, 0x0C, 0x99, 0x84, 0xC9, 0x82, 0x8D, 0xAE,
    0x2B, 0xC2, 0xF0, 0x63, 0xB7, 0x0D, 0x0E, 0x0C, 0x5B, 0x0C, 0xB5, 0xFC, 0x5C, 0xC6, 0x7C, 0x63,
    0x5B, 0x39, 0x79, 0x72, 0xF6, 0xC7, 0x1C, 0x56, 0x17, 0x06, 0xCE, 0x9F, 0x8C, 0x6E, 0x68, 0xF7,
    0x0F, 0xC6, 0xC8, 0xAC, 0x8C, 0x7C, 0x0C, 0x57, 0x30, 0x7C, 0x3A, 0xDD, 0x8D, 0x6A, 0x79, 0x2A,
    0x63, 0xB3, 0xF0, 0x70, 0xD5, 0xE8, 0x49, 0x6B, 0x72, 0x38, 0x76, 0x61, 0x18, 0xB4, 0xE5, 0x0C,
    0x9B, 0x7A, 0x37, 0xA4, 0xD2, 0xDA, 0xBB, 0x6B, 0x1C, 0x06, 0xD8, 0xE8, 0xDD, 0x8F, 0x0B, 0x6E,
    0xE1, 0xBA, 0x19, 0x40, 0xB8, 0x87, 0xA7, 0x57, 0x0C, 0x5B, 0x72, 0x73, 0xFB, 0x6C, 0x0B, 0x74,
    0x06, 0x2A, 0x9A, 0x31, 0x5F, 0x79, 0x9F, 0xC5, 0x7D, 0x56, 0xD3, 0x05, 0xBE, 0xCA, 0xCB, 0x6B,
    0x24, 0xD8, 0x0C, 0x99, 0x35, 0xF7, 0xE1, 0x8C, 0x79, 0xA3, 0x9D, 0x82, 0x59, 0xAD, 0x74, 0xC2,
    0x72, 0x66, 0xD1, 0xC7, 0x6F, 0x29, 0x86, 0x37, 0x8F, 0xF7, 0xE1, 0xF1, 0x57, 0x78, 0x49, 0xA1,
    0x99, 0x2A, 0x47, 0x63, 0xB6, 0x60, 0x46, 0x61, 0x52, 0x77, 0x71, 0x38, 0xFE, 0x5C, 0x87, 0x7F,
    0x0E, 0xD3, 0xC0, 0x3B, 0x56, 0x83, 0x96, 0x83, 0x12, 0xA7, 0x71, 0x51, 0x08, 0x29, 0x3B, 0xC6,
    0x0B, 0xF7, 0xD2, 0x8E, 0x7B, 0x4F, 0x50, 0x3A, 0xBE, 0x9C, 0xB3, 0x5A, 0x49, 0xB9, 0x1E, 0x3E,
    0x96, 0x1E, 0xCC, 0x23, 0x7F, 0xC0, 0x82, 0xB8, 0x2B, 0x94, 0x73, 0xAA, 0x2D, 0xF1, 0xB0, 0x13,
    0x68, 0x76, 0x59, 0x2A, 0x8C, 0x73, 0xAD, 0x63, 0x83, 0x71, 0x6A, 0x90, 0xEB, 0x74, 0xAC, 0x46,
    0xA8, 0x5B, 0x8F, 0xEF, 0xB6, 0x7A, 0x94, 0x48, 0xDC, 0xC7, 0xC6, 0x54, 0x67, 0xD1, 0x92, 0xE3,
    0xFD, 0x84, 0x26, 0xC6, 0x6A, 0x0A, 0x03, 0x1E, 0xD3, 0x37, 0x1C, 0x62, 0x0E, 0x6E, 0x6D, 0x28,
    0x73, 0x10, 0xA3, 0xDF, 0x44, 0xBF, 0x31, 0x30, 0xBD, 0x3E, 0x13, 0x53, 0x83, 0xDF, 0x12, 0x76,
    0xE5, 0xBA, 0xF2, 0x1C, 0x96, 0xA4, 0xCC, 0x95, 0xFC, 0x08, 0x31, 0x21, 0xBE, 0x86, 0x80, 0x19,
    0x6A, 0x79, 0x5F, 0x84, 0xAB, 0xE5, 0x1A, 0xE4, 0x9C, 0xE4, 0x53, 0x29, 0xB5, 0x66, 0xB4, 0x9F,
    0x4A, 0xED, 0xCD, 0x71, 0xAE, 0xA0, 0x30, 0x40, 0x50, 0x2B, 0xF6, 0x45, 0xC6, 0x4D, 0x3A, 0xAE,
    0xB6, 0x72, 0x6D, 0xE4, 0xCF, 0x55, 0x98, 0x4A, 0x8F, 0xA5, 0xF9, 0xA8, 0x19, 0xCB, 0x25, 0x5B,
    0xFF, 0xC2, 0x88, 0xFB, 0xE0, 0xFA, 0xEE, 0x9D, 0x4D, 0x8C, 0xC8, 0xF7, 0x44, 0x3E, 0x14, 0x08,
    0xB9, 0xC8, 0x07, 0x08, 0x0B, 0x8F, 0x58, 0x92, 0x39, 0xD0, 0x51, 0xE0, 0xE0, 0x84, 0xA3, 0xA4,
    0x3C, 0x07, 0x09, 0xEC, 0x35, 0x31, 0x0B, 0xE6, 0xEB, 0x53, 0xE9, 0x8A, 0xC9, 0x48, 0x5B, 0xFC,
    0x30, 0x15, 0xF8, 0x72, 0xC5, 0xB0, 0x60, 0xF0, 0xD1, 0xAB, 0x8F, 0x83, 0xE9, 0x09, 0xB2, 0x85,
    0x35, 0x58, 0x3C, 0x2F, 0x6F, 0x56, 0x46, 0x5A, 0x03, 0x7D, 0x2B, 0xD1, 0xCA, 0xF7, 0x63, 0x18,
    0xD2, 0x65, 0x5B, 0x23, 0x1D, 0xB4, 0x6D, 0x6B, 0xDF, 0x88, 0xB1, 0x21, 0xFC, 0x12, 0xF1, 0xA9,
    0x64, 0xB2, 0x64, 0x5B, 0x19, 0x86, 0xB5, 0x96, 0x39, 0x5F, 0x9D, 0x4C, 0xF9, 0x2A, 0xAF, 0xA7,
    0x42, 0xE4, 0x66, 0x2A, 0x65, 0x0D, 0xD6, 0xC8, 0xD2, 0x0C, 0xA5, 0x04, 0xC7, 0x55, 0xD2, 0xDB,
    0x97, 0xB5, 0x18, 0xB7, 0x05, 0x9E, 0x64, 0x6D, 0x66, 0x0C, 0x83, 0x01, 0xF1, 0x43, 0xE2, 0x83,
    0x31, 0x59, 0x18, 0xE6, 0x62, 0x31, 0xFB, 0x9B, 0xF4, 0x1E, 0x86, 0x80, 0x59, 0xCD, 0x42, 0x5F,
    0xB9, 0x1A, 0x89, 0x78, 0x41, 0x37, 0x66, 0x09, 0x63, 0x16, 0xC7, 0x5B, 0x91, 0x31, 0xB9, 0xF9,
    0x85, 0xDC, 0xB6, 0xA6, 0xFE, 0xA5, 0xF4, 0x6C, 0x0A, 0x91, 0x4B, 0x8C, 0x58, 0x28, 0x96, 0xEB,
    0x9A, 0x61, 0x33, 0x63, 0x94, 0xDE, 0x62, 0xEC, 0x9A, 0x7F, 0x6D, 0x1F, 0xCB, 0x0F, 0x9A, 0x9F,
    0x4D, 0x8D, 0xF8, 0x46, 0x26, 0x8B, 0x30, 0x1A, 0x9C, 0x2C, 0xA5, 0xB4, 0x2E, 0x68, 0xB9, 0x70,
    0xA3, 0x1F, 0xE3, 0x58, 0x22, 0x5A, 0x74, 0xEC, 0xB1, 0x94, 0x9C, 0x3E, 0x42, 0xC7, 0x96, 0x15,
    0xBA, 0xE6, 0xFF, 0x24, 0x8C, 0xE9, 0xC6, 0xC3, 0x09, 0x4F, 0x19, 0x7A, 0xBC, 0x58, 0xC2, 0x98,
    0xBC, 0x3F, 0x67, 0xAB, 0x09, 0xD3, 0xE5, 0xEB, 0x65, 0x23, 0x43, 0x81, 0xCE, 0x5B, 0x5F, 0xA0,
    0xFE, 0x30, 0xA5, 0x0C, 0xCA, 0x6B, 0x9F, 0xF0, 0x5D, 0xFA, 0x98, 0xC2, 0x80, 0xA0, 0x8D, 0x12,
    0xEC, 0xA4, 0xCF, 0xD8, 0xAA, 0xE8, 0x93, 0x1B, 0xDC, 0x02, 0x6B, 0x65, 0x0A, 0x3F, 0xB0, 0x71,
    0x76, 0x32, 0x02, 0x57, 0x0D, 0xE6, 0xE6, 0xB5, 0x88, 0x0B, 0x68, 0xFF, 0x45, 0x36, 0x58, 0xE9,
    0x3E, 0x92, 0xC5, 0x01, 0x3F, 0x14, 0xAD, 0xCC, 0xA5, 0x93, 0x4E, 0xB1, 0xB5, 0x50, 0x38, 0xD8,
    0x6F, 0xBE, 0x21, 0x4F, 0x98, 0xFC, 0xF5, 0x77, 0xD1, 0x5F, 0xA7, 0xBF, 0xB3, 0xFE, 0xF2, 0x75,
    0xAE, 0x47, 0x28, 0xA7, 0x20, 0x47, 0xDA, 0x0C, 0x80, 0x30, 0x9E, 0x01, 0xC9, 0xCD, 0x14, 0xF8,
    0xD0, 0xBD, 0xC6, 0xF5, 0xBA, 0x1B, 0x6B, 0x8D, 0x70, 0x7B, 0x92, 0x36, 0x80, 0x30, 0x44, 0x08,
    0x6E, 0x07, 0xF5, 0x52, 0x30, 0x8B, 0xAD, 0x16, 0x40, 0xD0, 0x24, 0xF0, 0x02, 0x45, 0x02, 0x25,
    0xD0, 0x01, 0xA0, 0xCE, 0x18, 0xA0, 0x45, 0x09, 0xC7, 0x25, 0x8E, 0x55, 0x53, 0xAF, 0x99, 0x37,
    0xC1, 0x62, 0xCD, 0xE4, 0x95, 0xF3, 0xE5, 0x66, 0xCA, 0xB5, 0x5A, 0x4C, 0xBE, 0x05, 0x1D, 0x32,
    0x74, 0x0B, 0xB2, 0xB5, 0x41, 0x32, 0xB3, 0x3D, 0xFB, 0x71, 0xA5, 0xB7, 0x83, 0xA9, 0x66, 0x74,
    0xDC, 0xA6, 0x66, 0xBB, 0x92, 0xBE, 0x12, 0xBE, 0x96, 0x5E, 0xB9, 0xB3, 0x98, 0x9B, 0x0D, 0xCE,
    0x13, 0x81, 0x8D, 0x84, 0x4C, 0xC1, 0x44, 0x08, 0xF9, 0xF9, 0x14, 0x6D, 0x94, 0xC3, 0xC6, 0x30,
    0x91, 0xDA, 0x38, 0x24, 0x00, 0x34, 0xF3, 0x34, 0x4D, 0xA7, 0x84, 0x6C, 0xA3, 0x71, 0xDB, 0xDB,
    0x6D, 0x2C, 0xEF, 0xDB, 0x58, 0xAC, 0x5A, 0x62, 0x55, 0x62, 0x65, 0x66, 0x8A, 0x5A, 0x09, 0x62,
    0xCC, 0x1F, 0xC9, 0xDD, 0x4D, 0x80, 0x04, 0x71, 0xD1, 0xA2, 0x8F, 0x9D, 0x28, 0xC4, 0x53, 0xAF,
    0x02, 0xA6, 0xE1, 0xE1, 0x36, 0x25, 0xC4, 0xD3, 0x6D, 0xC1, 0x86, 0x42, 0xAD, 0xE1, 0xF5, 0x37,
    0x30, 0x99, 0xF1, 0xBC, 0xBF, 0x76, 0xAA, 0x99, 0xEF, 0x9A, 0x5F, 0xC9, 0xF3, 0x87, 0x9B, 0xCF,
    0x17, 0xF2, 0x13, 0x80, 0xD6, 0x00, 0x9A, 0xAA, 0xEE, 0x01, 0xFC, 0x74, 0x67, 0x98, 0x9E, 0x2C,
    0xD6, 0xA7, 0xE8, 0x52, 0x7D, 0xE9, 0xA6, 0x12, 0x0D, 0xE3, 0xE0, 0xA7, 0x7A, 0x0C, 0x3C, 0x3E,
    0xE2, 0xBB, 0xA9, 0xA6, 0xE7, 0x0C, 0xFB, 0x30, 0x98, 0x3F, 0x35, 0x16, 0x91, 0x04, 0x3F, 0x69,
    0x39, 0x0A, 0x4D, 0xB5, 0xD1, 0x37, 0xC2, 0x4F, 0x91, 0x13, 0xC4, 0x95, 0x3F, 0x06, 0xFB, 0x53,
    0x79, 0xB6, 0xD8, 0xEF, 0x49, 0x31, 0xBB, 0x77, 0xB6, 0x72, 0x76, 0xD9, 0x5A, 0x4E, 0x5F, 0xF8,
    0x87, 0xAB, 0x1C, 0x66, 0x03, 0x8F, 0xB6, 0xDC, 0x4C, 0x0A, 0x28, 0x8A, 0xE8, 0xC6, 0x44, 0x06,
    0x51, 0x6D, 0x98, 0x61, 0x00, 0x39, 0xF2, 0x8E, 0x8C, 0x85, 0xF8, 0x14, 0xA6, 0x3C, 0xF3, 0xE6,
    0xE6, 0x2E, 0xDC, 0xB7, 0x22, 0x04, 0xC0, 0xAD, 0x1D, 0x03, 0x88, 0x06, 0x45, 0x8A, 0xC5, 0x0F,
    0x78, 0x47, 0xC0, 0x81, 0x7C, 0x47, 0x19, 0x92, 0xF7, 0x17, 0x85, 0xD7, 0x13, 0xC0, 0x09, 0xAB,
    0xB1, 0xBD, 0x3D, 0xDD, 0x12, 0x8C, 0xC2, 0xAA, 0x50, 0x2F, 0xF7, 0x5E, 0x74, 0x24, 0xAD, 0x28,
    0x37, 0x7F, 0xAD, 0xD7, 0xBB, 0xBF, 0xDB, 0x0C, 0x60, 0x2F, 0x07, 0xA7, 0xCF, 0xB5, 0x58, 0x8B,
    0x3B, 0x13, 0x3F, 0x4F, 0xF4, 0xAB, 0xDE, 0x80, 0xB8, 0x3A, 0x1F, 0xA3, 0x2F, 0x79, 0x4F, 0x1C,
    0x5B, 0xAD, 0x70, 0x07, 0xEE, 0x82, 0x8C, 0x8B, 0x81, 0xBD, 0x38, 0x6E, 0x8B, 0xB9, 0x7C, 0x7B,
    0xAD, 0x7D, 0xE9, 0x0B, 0x5F, 0xAC, 0xD5, 0x5C, 0xF8, 0x6C, 0xAD, 0x27, 0x6C, 0x85, 0xBA, 0x21,
    0xFA, 0x66, 0xA8, 0xE6, 0x1C, 0x63, 0xF8, 0x6F, 0xCD, 0x54, 0x4F, 0xD5, 0xDC, 0x04, 0x74, 0x53,
    0x2D, 0xF6, 0x13, 0xE9, 0x4B, 0x91, 0x58, 0x5F, 0xAF, 0x3C, 0x95, 0xB0, 0x2C, 0x38, 0x9F, 0x3C,
    0x91, 0xE3, 0xF0, 0xF7, 0xFB, 0x72, 0xA9, 0x26, 0xB2, 0x2F, 0x38, 0xED, 0x63, 0x42, 0x59, 0x4B,
    0x9A, 0xF0, 0x65, 0x01, 0x75, 0x29, 0x2A, 0x2F, 0xC0, 0xA6, 0xEF, 0xD1, 0xAF, 0xE4, 0x3B, 0x38,
    0xA2, 0xA7, 0xF2, 0x5A, 0xE9, 0x11, 0x21, 0xEF, 0x3B, 0xE1, 0xE4, 0x96, 0x4C, 0xDB, 0xBD, 0x1B,
    0xC8, 0x13, 0x09, 0xF9, 0xD9, 0x40, 0xC1, 0x85, 0x9D, 0x9D, 0xFE, 0x11, 0xC0, 0xD8, 0x68, 0x85,
    0xD7, 0x55, 0x58, 0xA8, 0x1B, 0xF2, 0x34, 0x4A, 0xD2, 0x5C, 0xFA, 0x7B, 0x19, 0x71, 0xBE, 0x9F,
    0x11, 0xBF, 0x7C, 0xB6, 0x68, 0x99, 0x2D, 0x5E, 0x3C, 0xD3, 0x6C, 0xA1, 0x84, 0x59, 0x82, 0x03,
    0x0C, 0x84, 0x9E, 0x11, 0x42, 0xB0, 0x11, 0x3A, 0x85, 0x77, 0xA1, 0x7C, 0xAE, 0x15, 0x15, 0xC2,
    0xDB, 0x09, 0x94, 0x94, 0x0D, 0xCA, 0x5D, 0xAD, 0xD0, 0x2D, 0xD7, 0xB3, 0x29, 0xC7, 0x02, 0x55,
    0xEB, 0x3E, 0xCA, 0x95, 0x60, 0x5D, 0x70, 0x25, 0x60, 0x34, 0x1C, 0xEB, 0xCF, 0x36, 0xF6, 0x3F,
    0x2E, 0x0F, 0x67, 0xC4, 0x71, 0xD4, 0x98, 0x19, 0x40, 0x89, 0x15, 0xBE, 0x74, 0x58, 0x20, 0x28,
    0x1F, 0x6E, 0xAB, 0x64, 0x83, 0x20, 0x5B, 0x2D, 0x1B, 0xA8, 0x79, 0xB6, 0x5E, 0x84, 0x5D, 0x87,
    0xC5, 0x2E, 0xDF, 0xA4, 0x17, 0x3E, 0x91, 0xF8, 0xCA, 0x2F, 0x55, 0x61, 0x28, 0x17, 0x15, 0x6C,
    0xCF, 0x93, 0x1F, 0xCA, 0x45, 0x6C, 0x9E, 0x7C, 0xB3, 0x1D, 0x1B, 0xF4, 0x78, 0x80, 0x92, 0xD5,
    0x8C, 0x85, 0x57, 0xBA, 0xEC, 0xAB, 0xEB, 0x15, 0x86, 0x0B, 0x49, 0xB2, 0x14, 0x7A, 0xE3, 0xCE,
    0x05, 0x7A, 0xAF, 0xF9, 0x75, 0x55, 0x97, 0xFB, 0xAA, 0x5E, 0xBD, 0x5D, 0xD5, 0xE2, 0x61, 0x55,
    0x29, 0x9C, 0xA9, 0x0A, 0xE1, 0x4B, 0xA8, 0x6A, 0xA2, 0x5F, 0xA3, 0xE0, 0xDA, 0x28, 0x08, 0x41,
    0xFF, 0xAE, 0xB3, 0xD6, 0x16, 0x51, 0x1C, 0x46, 0x0E, 0xF6, 0x67, 0x21, 0x51, 0xD9, 0xF7, 0x67,
    0x63, 0xDC, 0xF5, 0xDD, 0x13, 0x83, 0x72, 0x78, 0xC0, 0x85, 0xB3, 0x9E, 0x5D, 0x30, 0xAC, 0x41,
    0xFB, 0x62, 0xC5, 0xC1, 0x0C, 0xFD, 0xA2, 0xC2, 0x5F, 0xC8, 0xCB, 0x1B, 0x5F, 0xEF, 0x75, 0xFD,
    0x80, 0xA1, 0xB5, 0x22, 0x1F, 0xD3, 0xC7, 0x4C, 0x04, 0x03, 0x30, 0x0B, 0x88, 0xFF, 0x16, 0xB0,
    0x4F, 0x03, 0x6A, 0x2E, 0xBD, 0xBE, 0x6B, 0x11, 0xF0, 0xEC, 0x79, 0xDE, 0x5E, 0xB2, 0xDD, 0x29,
    0xB0, 0x5D, 0x71, 0x02, 0xA2, 0xE5, 0xD0, 0xF0, 0x5C, 0xED, 0xD9, 0x0A, 0xAD, 0x3C, 0xDB, 0xCF,
    0x78, 0x5D, 0x06, 0x2C, 0x17, 0xD7, 0x83, 0x1F, 0x37, 0xCB, 0x4F, 0x94, 0x9E, 0x49, 0x56, 0xBE,
    0x3F, 0xE6, 0x9B, 0x8D, 0x2D, 0x21, 0x8E, 0xA9, 0x78, 0xEA, 0xA5, 0x4A, 0x65, 0x71, 0xE8, 0x99,
    0xD7, 0xA1, 0x08, 0xB5, 0x50, 0x15, 0x48, 0x0D, 0x26, 0xD7, 0x99, 0x75, 0x5A, 0x23, 0xBD, 0x46,
    0x7C, 0xE9, 0x75, 0x36, 0x9D, 0x4A, 0xE7, 0x71, 0xEC, 0x02, 0x31, 0xAA, 0xB9, 0x05, 0x23, 0xE0,
    0xD9, 0x25, 0x19, 0xF2, 0xED, 0xA9, 0x4C, 0xC5, 0x62, 0x2C, 0x86, 0x7A, 0xFE, 0xDA, 0xDF, 0x83,
    0xD0, 0x32, 0x96, 0xE3, 0x13, 0x1D, 0x71, 0x71, 0xB2, 0x43, 0xDE, 0x86, 0x59, 0xB0, 0xB8, 0x3B,
    0x77, 0x7B, 0x23, 0x98, 0xDB, 0x53, 0x8B, 0x12, 0xFA, 0x24, 0x3C, 0x66, 0x7A, 0x53, 0xC8, 0x60,
    0x52, 0x55, 0x6B, 0x45, 0xE0, 0x61, 0xDD, 0x01, 0x2B, 0xD1, 0x5A, 0x0F, 0xB5, 0x0A, 0x9C, 0x36,
    0xB9, 0xD1, 0xC0, 0xAD, 0x23, 0x4C, 0x51, 0xF7, 0x1A, 0xE2, 0xA6, 0x68, 0x65, 0x45, 0x20, 0xE2,
    0x21, 0x9A, 0x07, 0xDC, 0xBF, 0xAD, 0x9A, 0xE1, 0xE5, 0xFB, 0x9B, 0x49, 0xA4, 0x33, 0xD8, 0x90,
    0x72, 0x09, 0xAC, 0xFE, 0xAD, 0xBC, 0xB2, 0x2B, 0x4B, 0x45, 0xD6, 0x79, 0x8E, 0xB9, 0x64, 0x81,
    0x8D, 0x01, 0xE7, 0x47, 0xF2, 0x31, 0x1B, 0x1D, 0x24, 0x17, 0x0A, 0xEA, 0xA5, 0x95, 0x68, 0xDC,
    0xDC, 0x61, 0xF5, 0xDB, 0x21, 0xD3, 0xC7, 0xE7, 0x1E, 0x63, 0x81, 0xF1, 0xD5, 0x35, 0x46, 0xB6,
    0x93, 0x70, 0x21, 0xB9, 0xC0, 0xBD, 0x13, 0xAA, 0x5E, 0x34, 0x21, 0x5E, 0xFF, 0xC2, 0xDE, 0x9A,
    0x46, 0x8F, 0x6B, 0x8D, 0x1E, 0xD1, 0x6A, 0x4D, 0x46, 0xC5, 0x5C, 0xC1, 0x88, 0xE4, 0xF2, 0xC2,
    0x04, 0xD9, 0xE2, 0xD0, 0x29, 0x9D, 0xA9, 0xE6, 0x30, 0x94, 0xA3, 0x60, 0xE7, 0xFB, 0x3A, 0x83,
    0xFC, 0xAB, 0x3E, 0x4B, 0x26, 0x18, 0xCB, 0x07, 0x4B, 0x96, 0xDB, 0xD3, 0x77, 0x07, 0xAE, 0x31,
    0x46, 0x13, 0x87, 0x11, 0x8F, 0xFF, 0x16, 0x1E, 0x6F, 0xDF, 0x56, 0xB2, 0xB4, 0xC6, 0x5C, 0xA8,
    0x63, 0x04, 0xAF, 0x7B, 0xE1, 0x91, 0x7F, 0x8A, 0x1B, 0x7D, 0xB3, 0x19, 0x2B, 0xF8, 0xF9, 0xEE,
    0x86, 0x62, 0x22, 0x10, 0x9B, 0xC7, 0x97, 0xCB, 0x28, 0x54, 0x4A, 0xB4, 0xB8, 0x10, 0xCA, 0xF5,
    0xA7, 0xA6, 0x11, 0xFC, 0xD4, 0xD2, 0x96, 0x77, 0xCA, 0xC6, 0xF3, 0x6F, 0x15, 0xB7, 0x5B, 0xF9,
    0x99, 0x54, 0x9F, 0x6D, 0xE5, 0x2F, 0x7D, 0xD2, 0x5E, 0xC2, 0x6D, 0xE8, 0x03, 0xC6, 0x2B, 0xFF,
    0x58, 0xB0, 0x93, 0x66, 0x6F, 0x7B, 0xEC, 0x2D, 0xDE, 0x36, 0x57, 0xD8, 0xD7, 0x3A, 0x54, 0x86,
    0xFB, 0x87, 0x62, 0xEA, 0xEF, 0xFD, 0x4F, 0x02, 0x07, 0xCC, 0xFC, 0x2B, 0x9D, 0xCB, 0x87, 0x3B,
    0xB8, 0xFF, 0x6B, 0xFE, 0x27, 0x01, 0x5E, 0xAC, 0xA3, 0x63, 0xE7, 0xC5, 0xA4, 0x3A, 0x6A, 0xEF,
    0x45, 0x47, 0xAF, 0xD5, 0xFD, 0x93, 0x7D, 0xA2, 0x86, 0xE3, 0x78, 0xCC, 0xC2, 0xAD, 0xD5, 0xC5,
    0xF1, 0xBC, 0x6A, 0x41, 0xAE, 0xA2, 0x06, 0xAA, 0x80, 0x6E, 0x00, 0x71, 0x84, 0x9D, 0xFF, 0x05,
    0xB5, 0x94, 0x21, 0xAC, 0xE4, 0x54, 0x1B, 0x86, 0x9F, 0x4E, 0xFF, 0xBB, 0xDD, 0x6C, 0x45, 0x7F,
    0xB3, 0x0A, 0x71, 0x7C, 0x02, 0xA9, 0xC1, 0x2E, 0xA7, 0x1E, 0xB3, 0x62, 0x07, 0xCB, 0x7A, 0xB3,
    0x3E, 0x21, 0x9C, 0x06, 0x8B, 0x58, 0x04, 0x3E, 0x78, 0x83, 0x57, 0x2D, 0x41, 0xAC, 0xC0, 0x4C,
    0x20, 0xE8, 0x5B, 0x40, 0xAC, 0x3D, 0x1B, 0x9A, 0xDC, 0x93, 0xDC, 0xD3, 0xBE, 0x7C, 0xCD, 0x74,
    0x12, 0x26, 0xBB, 0x24, 0x2B, 0xE0, 0x6B, 0x9F, 0xE4, 0xA4, 0xDF, 0xFB, 0xBC, 0x33, 0x93, 0xCC,
    0xCC, 0xCD, 0xF1, 0xF8, 0xB4, 0x95, 0x26, 0x7F, 0xE6, 0x64, 0x8C, 0xEF, 0x7A, 0xF6, 0xF8, 0x78,
    0x3C, 0x62, 0x07, 0xF5, 0x41, 0x52, 0x37, 0x48, 0xC2, 0x10, 0xFF, 0xB8, 0xB8, 0x39, 0x9E, 0xE7,
    0x59, 0xAB, 0xF3, 0x64, 0xBF, 0x1F, 0xD2, 0x5B, 0x87, 0x79, 0x0F, 0xDB, 0xE0, 0x74, 0x99, 0xFE,
    0x62, 0x4A, 0x9D, 0xD7, 0x65, 0xF8, 0xDB, 0x71, 0x68, 0xE2, 0x7F, 0x71, 0xF3, 0xFC, 0x90, 0xAA,
    0xD4, 0x44, 0x3F, 0x85, 0x79, 0x98, 0x87, 0x18, 0xA6, 0xB6, 0x2F, 0x63, 0x93, 0xFD, 0x76, 0x25,
    0x17, 0xDD, 0x14, 0xC6, 0xC0, 0x43, 0x0E, 0xA9, 0x5E, 0x9A, 0xD5, 0xAD, 0x2E, 0xD7, 0xB9, 0x89,
    0xAD, 0xA5, 0x1E, 0xF1, 0x2E, 0x97, 0xE7, 0x0F, 0x2C, 0xDB, 0xF6, 0x55, 0x0A, 0x7D, 0x13, 0x85,
    0xFF, 0x63, 0x25, 0xDC, 0xAB, 0x1B, 0xA4, 0x0D, 0xC2, 0xEB, 0x95, 0xF6, 0xAB, 0x44, 0x19, 0x3D,
    0x4D, 0xD6, 0xE8, 0xB5, 0x73, 0xAF, 0xDE, 0xBD, 0x11, 0xEE, 0x37, 0xCB, 0xBF, 0xCA, 0x84, 0x2A,
    0xF2, 0x90, 0x9E, 0xAD, 0xAB, 0x5E, 0x86, 0x53, 0x23, 0x4D, 0x6E, 0x63, 0xD1, 0x58, 0xE7, 0x61,
    0xDC, 0xBA, 0xDB, 0xDF, 0xCF, 0x5D, 0x8F, 0xF8, 0x8E, 0xF7, 0x7D, 0x5D, 0xEA, 0x08, 0xCD, 0x85,
    0x09, 0xDC, 0x89, 0x9B, 0x17, 0xBF, 0xD2, 0x58, 0xCE, 0xC0, 0x19, 0xAD, 0x41, 0xE8, 0x60, 0x00,
    0x64, 0xAC, 0x67, 0x8A, 0x05, 0x0E, 0x19, 0xCA, 0x0B, 0x09, 0xAA, 0x79, 0xAB, 0x34, 0xAE, 0x2A,
    0xCF, 0xB4, 0x23, 0xF8, 0x8D, 0x1E, 0x1E, 0x77, 0xB0, 0x17, 0xEE, 0xEC, 0x85, 0x9F, 0x2D, 0x4F,
    0x91, 0x66, 0x23, 0x16, 0xC6, 0xC1, 0xB0, 0xD2, 0xEB, 0x42, 0xE3, 0xAD, 0x42, 0xE3, 0x66, 0xF8,
    0x16, 0xAF, 0x65, 0x27, 0x13, 0x0C, 0xAB, 0xBC, 0x7E, 0x9F, 0x09, 0x8A, 0x67, 0xC0, 0x0D, 0x68,
    0xAA, 0x94, 0x9C, 0xB2, 0xE5, 0x83, 0x96, 0x61, 0xBB, 0xF3, 0xA0, 0x14, 0x14, 0x5B, 0x8D, 0xF5,
    0x0A, 0x50, 0x74, 0xA6, 0x4C, 0xBB, 0xAA, 0x8E, 0x4A, 0x13, 0xB5, 0x92, 0x21, 0x1A, 0x69, 0x6C,
    0xB4, 0xE0, 0x34, 0x19, 0xD0, 0xCE, 0xE0, 0x7B, 0x78, 0x02, 0xFC, 0xDF, 0xA8, 0xA6, 0x36, 0xF9,
    0x14, 0x66, 0x1F, 0x5D, 0x7F, 0x7D, 0x2E, 0x12, 0x5F, 0xD2, 0xA6, 0x7A, 0x3D, 0xA8, 0xF7, 0xA9,
    0x59, 0x4B, 0xF5, 0x61, 0x76, 0x4B, 0xA5, 0xCE, 0xC7, 0x26, 0x97, 0x62, 0x0F, 0xD5, 0x93, 0x9F,
    0x43, 0x1A, 0xE6, 0xED, 0x8B, 0xC4, 0x07, 0x6B, 0x47, 0x98, 0xA0, 0x90, 0x26, 0x34, 0x42, 0x25,
    0xCD, 0x07, 0x75, 0xE0, 0xA4, 0x4D, 0x82, 0xCD, 0xAE, 0x17, 0x20, 0x8C, 0x55, 0x6E, 0x32, 0x30,
    0xF4, 0x55, 0xF6, 0x11, 0x50, 0x57, 0xE5, 0xCD, 0x46, 0x7D, 0x93, 0x36, 0x1B, 0x9D, 0xC2, 0x1B,
    0xF5, 0xC0, 0x20, 0xFD, 0x22, 0x00, 0x2F, 0x7D, 0xBD, 0xD9, 0x38, 0x2D, 0x9B, 0x0D, 0x0F, 0x34,
    0xB5, 0x33, 0xE7, 0xF1, 0xF1, 0xC5, 0x0A, 0x80, 0x7E, 0x94, 0x46, 0xA0, 0xD0, 0x4B, 0x69, 0x02,
    0x4A, 0x99, 0x29, 0xA0, 0x5A, 0xC3, 0xD4, 0x6E, 0xBB, 0x26, 0xAB, 0x77, 0x3A, 0x41, 0x3B, 0x0B,
    0x7F, 0x3F, 0x81, 0x7F, 0x23, 0xC2, 0xDD, 0x04, 0xC3, 0xCF, 0x62, 0xF8, 0x73, 0x02, 0xFD, 0xA0,
    0x4E, 0xAF, 0x4F, 0x66, 0x17, 0x92, 0x7E, 0x1A, 0xCD, 0x46, 0xD2, 0xE7, 0xBD, 0xD9, 0x04, 0x49,
    0xE0, 0x12, 0xAD, 0xB4, 0x80, 0x8F, 0x3C, 0xD0, 0xF7, 0x13, 0x00, 0x9F, 0x74, 0x84, 0x0E, 0x51,
    0x2C, 0x94, 0x99, 0x6A, 0xA6, 0x89, 0xB8, 0x13, 0x7E, 0xC4, 0x75, 0x00, 0xF0, 0x3F, 0x0B, 0x59,
    0x4D, 0x08, 0x23, 0x0A, 0x5D, 0xB1, 0x88, 0x72, 0x59, 0xA8, 0xEE, 0x32, 0xCD, 0xDD, 0x8C, 0xBB,
    0x8D, 0xF8, 0xDB, 0x13, 0xEE, 0xD3, 0x91, 0x4B, 0x7E, 0x13, 0x5E, 0x7E, 0x63, 0x86, 0x3D, 0x97,
    0x79, 0xE6, 0x84, 0xCE, 0x24, 0x99, 0xB5, 0x2C, 0xA6, 0x99, 0xEB, 0x6E, 0x4D, 0xF6, 0xB7, 0xB7,
    0xD1, 0xCC, 0x57, 0xA7, 0x5D, 0xED, 0xAA, 0xE4, 0xB2, 0xB7, 0xAB, 0x4D, 0x4D, 0x6C, 0x4F, 0xA1,
    0xFF, 0x68, 0x5F, 0x14, 0x23, 0xD5, 0x88, 0x1B, 0x09, 0xFD, 0x41, 0x7D, 0x2D, 0xDA, 0x84, 0x4F,
    0x34, 0x2B, 0xF5, 0x4A, 0xB9, 0x40, 0x86, 0x2F, 0xE0, 0xC3, 0x3D, 0x7E, 0xE8, 0x29, 0x4F, 0x94,
    0x91, 0x2A, 0x6F, 0x81, 0x5A, 0xDD, 0x41, 0xA3, 0x89, 0x96, 0x37, 0xB1, 0x9D, 0xF0, 0x1D, 0x4F,
    0xE0, 0x63, 0x80, 0xED, 0x7F, 0xF7, 0x99, 0x97, 0x72, 0x30, 0x06, 0x29, 0x6D, 0xEC, 0x1F, 0x83,
    0xB6, 0x03, 0x42, 0x0F, 0xC8, 0x38, 0x64, 0xA0, 0x4A, 0x40, 0x13, 0x01, 0x3F, 0x02, 0xA1, 0xDB,
    0x97, 0x65, 0x06, 0xEA, 0xF9, 0x6A, 0x39, 0x74, 0x50, 0xAC, 0x57, 0x4B, 0x37, 0x5D, 0x96, 0x6E,
    0x33, 0x0B, 0x78, 0xEF, 0x5F, 0xCF, 0xBF, 0x1B, 0xFB, 0x0B, 0xAD, 0x52, 0x21, 0x6C, 0xDD, 0x30,
    0x14, 0xBC, 0xC4, 0x52, 0x0D, 0x02, 0xCC, 0x35, 0x10, 0x5E, 0x62, 0x8E, 0x1C, 0x8D, 0x8C, 0x96,
    0x93, 0x72, 0xCE, 0xE7, 0x70, 0x54, 0x30, 0x8D, 0x0E, 0x0D, 0xAC, 0x64, 0x9C, 0x34, 0xE6, 0xC8,
    0x9C, 0xCC, 0x78, 0x03, 0x35, 0xC8, 0xA4, 0x00, 0x3B, 0x6F, 0x67, 0x77, 0x5F, 0xAB, 0xA6, 0x8E,
    0x4C, 0xFD, 0x79, 0xF7, 0x41, 0xEC, 0xBB, 0xDC, 0x3D, 0x1D, 0x86, 0x2F, 0xC0, 0x2C, 0x11, 0x9B,
    0xE4, 0x51, 0xBE, 0x1E, 0xFA, 0x50, 0xC5, 0xE4, 0xA1, 0xCC, 0x01, 0xD5, 0x12, 0x6E, 0x41, 0x71,
    0x18, 0x8A, 0xC7, 0x48, 0xA8, 0xDD, 0x63, 0xCA, 0x6E, 0x9D, 0x93, 0x8B, 0x3E, 0xCC, 0x22, 0x30,
    0x52, 0x30, 0x92, 0xDE, 0x7F, 0x3C, 0x07, 0x0C, 0xE1, 0x32, 0x20, 0x19, 0x4A, 0x52, 0xD7, 0xF6,
    0xDF, 0xC2, 0x70, 0xCE, 0x41, 0x1F, 0xB6, 0x71, 0x8A, 0x13, 0x39, 0x08, 0xDE, 0xF3, 0x00, 0x36,
    0x52, 0x24, 0x13, 0xBF, 0xEF, 0x52, 0x70, 0x23, 0x84, 0xA8, 0xE0, 0x97, 0x81, 0xB1, 0xDE, 0x50,
    0x4A, 0x16, 0x22, 0x0C, 0x9F, 0xB7, 0x04, 0x7A, 0x00, 0x34, 0x31, 0xE5, 0xF7, 0x30, 0x71, 0x5B,
    0xB7, 0xE0, 0x78, 0x6E, 0xA5, 0xE2, 0x4A, 0xEE, 0x48, 0xE0, 0x9F, 0xA5, 0xBE, 0xFC, 0x28, 0x23,
    0x1F, 0x9D, 0xC7, 0xDD, 0xC8, 0x49, 0x79, 0x69, 0xF7, 0x92, 0x4B, 0x73, 0xF6, 0xCB, 0x94, 0x99,
    0x25, 0x6D, 0x30, 0xC9, 0x63, 0x0E, 0x3E, 0xF8, 0xD5, 0xF5, 0x3C, 0x47, 0xA7, 0x2B, 0x91, 0xD2,
    0xA0, 0xE9, 0xF5, 0xE9, 0x7B, 0x73, 0x04, 0xDC, 0x0A, 0x08, 0xF5, 0x69, 0x4A, 0xB7, 0xA8, 0x09,
    0xB0, 0xA1, 0xC7, 0x68, 0x5E, 0xD5, 0x5F, 0x37, 0xA1, 0x65, 0x81, 0x93, 0x04, 0x91, 0x4C, 0x17,
    0xBB, 0xE2, 0xA3, 0xB3, 0xCE, 0xAA, 0xDE, 0xA6, 0x96, 0x45, 0x13, 0xF3, 0x29, 0xD1, 0x05, 0x93,
    0x5C, 0xF7, 0x61, 0xA2, 0x5F, 0x7D, 0xCF, 0x32, 0x4B, 0xED, 0x3E, 0xF0, 0xE6, 0x04, 0xF9, 0x51,
    0x9D, 0xB7, 0xD9, 0x24, 0xB5, 0xCF, 0x61, 0xE4, 0x16, 0x55, 0xC3, 0x6E, 0xE3, 0x9C, 0x99, 0x29,
    0x4F, 0xCC, 0x34, 0xC8, 0x63, 0xF4, 0x34, 0xF3, 0x00, 0xBF, 0x6C, 0x1F, 0xA5, 0xAF, 0xD1, 0x4A,
    0x86, 0x3E, 0x17, 0xC0, 0x05, 0xFA, 0xE1, 0x5C, 0xCB, 0x77, 0x27, 0xA7, 0x93, 0xDA, 0x4E, 0x4F,
    0x0C, 0xB5, 0x25, 0xB9, 0xBE, 0xBF, 0xFF, 0xF3, 0xF2, 0x35, 0xDB, 0xD0, 0x82, 0xC7, 0x41, 0x02,
    0xC8, 0xB6, 0x9C, 0x15, 0xA4, 0x73, 0x3C, 0xDA, 0x3C, 0x80, 0x0E, 0x50, 0x29, 0xD6, 0xC6, 0x49,
    0xE0, 0x78, 0x59, 0x3B, 0xDD, 0xCA, 0x8E, 0x6E, 0xF1, 0x6D, 0x05, 0x5B, 0xC0, 0xF3, 0x82, 0x0F,
    0x97, 0xA5, 0xFB, 0x04, 0x2D, 0xD4, 0xA2, 0x7F, 0x49, 0x98, 0xCE, 0xE1, 0xC6, 0x70, 0xA7, 0x36,
    0x4C, 0xC9, 0x89, 0x44, 0x22, 0x34, 0x40, 0xA4, 0x0E, 0x22, 0x65, 0x24, 0x00, 0x9B, 0x01, 0x72,
    0x54, 0x65, 0xBA, 0x03, 0x70, 0x8D, 0x4F, 0xF2, 0xF5, 0xD6, 0x7B, 0x74, 0x01, 0xBB, 0x94, 0xB6,
    0x67, 0xFB, 0xBF, 0x92, 0xF8, 0x72, 0xA7, 0x0D, 0x61, 0x1F, 0xB9, 0xA5, 0x4F, 0x61, 0x64, 0xAF,
    0xA7, 0xC3, 0x06, 0xFB, 0x3F, 0xBD, 0x26, 0x94, 0x9C, 0x84, 0x04, 0xFA, 0x4C, 0x34, 0x97, 0x9F,
    0x75, 0x3B, 0xF5, 0x6E, 0xDF, 0xF5, 0x6E, 0xC3, 0x4A, 0xB9, 0x74, 0x7B, 0xA5, 0x5E, 0xA6, 0xD6,
    0x31, 0xC8, 0xBB, 0xA2, 0x8E, 0xF1, 0x98, 0x5A, 0xBF, 0x1F, 0x4F, 0xD8, 0x57, 0xE9, 0x37, 0x7D,
    0x0F, 0xBD, 0xCC, 0xFF, 0x7C, 0x6D, 0xDA, 0xEB, 0xF0, 0x42, 0xC7, 0xEB, 0x53, 0xC7, 0x55, 0x56,
    0x59, 0x1F, 0x26, 0x53, 0x3F, 0x12, 0xEB, 0x44, 0x5F, 0xF6, 0xA7, 0x4F, 0x6E, 0xA5, 0x97, 0x4B,
    0xCF, 0x63, 0xDF, 0x33, 0xA3, 0x94, 0xEE, 0x07, 0xD3, 0x09, 0x6C, 0xFD, 0x7E, 0x9E, 0x76, 0xBD,
    0x9B, 0xA8, 0x8E, 0xDE, 0xF5, 0xB5, 0x75, 0x5D, 0xEF, 0x96, 0x99, 0xCC, 0xAB, 0x76, 0xFD, 0x17,
    0x75, 0x95, 0x3F, 0x8C, 0xE3, 0x44, 0x18, 0xC5, 0x1F, 0xB6, 0x82, 0x85, 0x52, 0x78, 0x9B, 0x08,
    0xA1, 0x2B, 0xD2, 0x57, 0xEE, 0x25, 0x24, 0xBB, 0xA7, 0xE0, 0x8A, 0xF5, 0xAD, 0xC4, 0x16, 0x5B,
    0x51, 0xA7, 0x6F, 0xB0, 0xFB, 0x86, 0x2B, 0xB8, 0xBE, 0xDF, 0xED, 0xEB, 0x99, 0x8E, 0xD6, 0x12,
    0xBA, 0x1A, 0x0B, 0x5D, 0x03, 0x34, 0x06, 0x65, 0x21, 0x41, 0xE3, 0xF9, 0xF8, 0xFE, 0x85, 0x68,
    0x4F, 0x62, 0xA4, 0xEC, 0x6F, 0x5E, 0xEC, 0x1D, 0xCF, 0x9B, 0xF7, 0x22, 0x23, 0x50, 0x06, 0xDA,
    0x09, 0x15, 0xD1, 0xCC, 0x62, 0x05, 0xC2, 0x8C, 0xAD, 0x08, 0xA2, 0x04, 0x30, 0x6B, 0xA2, 0x49,
    0x45, 0x61, 0x22, 0xE2, 0x8E, 0x6E, 0x51, 0xD2, 0x82, 0xCD, 0xF0, 0xDC, 0xF1, 0x04, 0xD8, 0xB2,
    0x40, 0x88, 0x40, 0xC1, 0xA2, 0x16, 0x41, 0x23, 0xF0, 0x09, 0x75, 0x68, 0x58, 0x14, 0x04, 0x13,
    0x2D, 0x1D, 0x51, 0x66, 0x40, 0x2F, 0x87, 0x9F, 0x8F, 0xA8, 0x93, 0x8A, 0x08, 0xFA, 0xFE, 0x84,
    0xFD, 0x51, 0xFE, 0xF7, 0x3A, 0x58, 0xFC, 0x41, 0xF4, 0x75, 0x6E, 0x05, 0xD8, 0xCB, 0xDF, 0x9A,
    0xC5, 0x9F, 0x94, 0x59, 0x5C, 0x06, 0x8B, 0x4D, 0x3F, 0x3C, 0x1F, 0xCE, 0xF7, 0xEB, 0x1D, 0xF5,
    0xB7, 0x00, 0xDA, 0xA5, 0x9D, 0xAB, 0xB4, 0x4D, 0x32, 0xBD, 0xDE, 0x96, 0x30, 0x5C, 0xC5, 0x89,
    0x45, 0x1A, 0x7E, 0xE2, 0xC5, 0x8F, 0x22, 0xC2, 0xF5, 0xCA, 0x11, 0xBB, 0xFE, 0x81, 0x72, 0x7F,
    0x47, 0xF4, 0xAE, 0x7F, 0x0D, 0xD9, 0x50, 0x42, 0x49, 0x04, 0x1D, 0x5B, 0xBE, 0x5E, 0xD0, 0xEA,
    0x42, 0x9D, 0x25, 0x13, 0x15, 0x4D, 0xEC, 0x70, 0x31, 0x51, 0x52, 0x64, 0x31, 0x5F, 0x44, 0xC7,
    0x22, 0x5E, 0x84, 0x79, 0xF7, 0xF1, 0x8A, 0x3E, 0x08, 0x0A, 0x22, 0xFD, 0xAE, 0x61, 0xCA, 0x12,
    0xB6, 0x45, 0x54, 0x74, 0x7E, 0x13, 0x92, 0x6C, 0xA1, 0xD3, 0x83, 0x6A, 0xF9, 0x53, 0x25, 0xCD,
    0x07, 0x62, 0x4F, 0x16, 0xAD, 0x4F, 0x76, 0xBA, 0xF5, 0x52, 0x90, 0x8C, 0xF1, 0x75, 0x29, 0x90,
    0x48, 0x04, 0xD9, 0x4F, 0x34, 0x01, 0x9B, 0x87, 0x73, 0x2F, 0x8E, 0x2A, 0xD1, 0x8B, 0x7F, 0x3F,
    0xDB, 0x43, 0x29, 0xFA, 0x59, 0x75, 0xC0, 0xEE, 0xB0, 0xF6, 0x3D, 0x00, 0xCB, 0xE6, 0x0B, 0x66,
    0x86, 0x16, 0x64, 0x4B, 0xA3, 0x66, 0x5C, 0xD2, 0x8C, 0x92, 0xE7, 0x05, 0xE5, 0xFE, 0x90, 0xAF,
    0xDB, 0x95, 0x95, 0xD4, 0x74, 0x65, 0x0B, 0x01, 0x07, 0x91, 0xF6, 0x80, 0xD1, 0x99, 0x2E, 0xA1,
    0xA0, 0x54, 0x50, 0x2C, 0xE9, 0x6F, 0x65, 0x45, 0xBF, 0x08, 0x27, 0xD9, 0xB7, 0x2D, 0x24, 0x8B,
    0xB4, 0x73, 0x6D, 0x7A, 0xAA, 0xE9, 0x47, 0x61, 0x74, 0x1D, 0xF7, 0xC6, 0x11, 0xE5, 0x2A, 0x07,
    0x09, 0x5B, 0x70, 0x75, 0x83, 0x47, 0x3F, 0x80, 0x68, 0x46, 0xCF, 0x60, 0x9E, 0xDD, 0xD7, 0x11,
    0x3A, 0xF6, 0x8B, 0xB1, 0x71, 0xB6, 0xF3, 0x47, 0x9C, 0x14, 0xBB, 0xF0, 0xDE, 0xA4, 0x65, 0x84,
    0xC1, 0xCD, 0x05, 0x22, 0x5C, 0x29, 0xE3, 0x53, 0xBB, 0x12, 0xF4, 0xE9, 0xA5, 0x6D, 0xA6, 0xB6,
    0x30, 0x1A, 0x3E, 0x2A, 0xEA, 0x64, 0xE9, 0x82, 0x46, 0x0C, 0x11, 0xB8, 0xA0, 0xC3, 0xB7, 0xF2,
    0xDB, 0xF0, 0x76, 0x78, 0xFF, 0xA3, 0xC1, 0x3D, 0x8E, 0x8D, 0x01, 0x07, 0x35, 0xE2, 0xE7, 0xE7,
    0x18, 0x1C, 0x96, 0x76, 0xBB, 0xFC, 0xB7, 0xF5, 0xFD, 0x8C, 0x81, 0xD1, 0x5C, 0x20, 0xD7, 0x64,
    0xDA, 0xE6, 0xFE, 0x9E, 0xA2, 0xA5, 0xD1, 0xA1, 0xB6, 0x6D, 0x16, 0x1E, 0xDD, 0x41, 0x4F, 0xCA,
    0x23, 0xE8, 0x9C, 0xA8, 0x3F, 0xE2, 0xFE, 0xB9, 0x0F, 0xEF, 0xDF, 0x64, 0x79, 0x04, 0xC5, 0x22,
    0xA3, 0x99, 0x40, 0x23, 0xC7, 0xD0, 0x32, 0xBB, 0x32, 0xF9, 0x8F, 0xDD, 0x9A, 0x8D, 0x17, 0x2C,
    0xF3, 0x4B, 0x56, 0xAB, 0x33, 0x19, 0xB7, 0xCE, 0xFA, 0xC2, 0x93, 0xF1, 0x7F, 0x33, 0x7B, 0x91,
    0x5D, 0xAB, 0x45, 0x91, 0x88, 0xFE, 0x51, 0x06, 0xFA, 0x4B, 0x1B, 0x40, 0x44, 0xCA, 0x3E, 0x10,
    0xBD, 0xF3, 0x88, 0x20, 0xE3, 0x4B, 0x6B, 0xAF, 0x4D, 0x9E, 0x64, 0xF2, 0xDD, 0x23, 0x0F, 0xCA,
    0x1A, 0xB3, 0xF7, 0x26, 0x44, 0x7C, 0x2E, 0xAB, 0x3D, 0xD2, 0x6F, 0x8F, 0x4F, 0x74, 0xF2, 0xE5,
    0x72, 0x62, 0x93, 0xBF, 0xCB, 0x2D, 0x27, 0x9E, 0xE8, 0x38, 0xB9, 0xCF, 0x10, 0xDD, 0x20, 0xC9,
    0x44, 0x1B, 0x29, 0x16, 0xB3, 0x2E, 0x2C, 0xCA, 0xEE, 0xC5, 0xD6, 0xB7, 0xEB, 0x21, 0xC8, 0x24,
    0x3F, 0xD1, 0xE8, 0x7E, 0x29, 0xBA, 0xE1, 0x10, 0xDD, 0xF1, 0x30, 0x9B, 0x65, 0x77, 0xDD, 0x4A,
    0xA4, 0x37, 0x96, 0x76, 0x73, 0x1C, 0x46, 0x6D, 0xEA, 0x7E, 0xA5, 0x51, 0xAB, 0x5A, 0x8B, 0x9B,
    0x41, 0x43, 0xCC, 0x66, 0xB8, 0x94, 0x87, 0xB2, 0x3B, 0x56, 0x6F, 0x71, 0x1D, 0xD2, 0x84, 0x78,
    0x45, 0x6B, 0xF0, 0xB6, 0xEF, 0xC8, 0xCA, 0x2F, 0xC2, 0x60, 0xE1, 0x1A, 0xF0, 0x4D, 0xB2, 0xEA,
    0x24, 0x6C, 0x82, 0xA2, 0x56, 0x6F, 0x82, 0xFC, 0x03, 0x18, 0x2B, 0x70, 0x83, 0xCF, 0xBE, 0x4A,
    0x9B, 0xB0, 0x98, 0xCD, 0x19, 0xAF, 0x48, 0xD1, 0x0A, 0xDE, 0x0A, 0x7E, 0x05, 0x18, 0x6A, 0xE9,
    0xA6, 0x11, 0x88, 0x35, 0x71, 0x6E, 0xF0, 0xFE, 0x4E, 0xEC, 0xAE, 0xEF, 0x87, 0xA9, 0xB5, 0x30,
    0x07, 0x43, 0x50, 0x8C, 0x64, 0xB0, 0x13, 0xFD, 0x00, 0x23, 0xC1, 0x0B, 0x1B, 0x8D, 0xF6, 0xBE,
    0xEA, 0xEF, 0x98, 0xBA, 0x72, 0x7B, 0x34, 0xEE, 0x4F, 0xD0, 0x47, 0xD4, 0xC2, 0x68, 0x5D, 0x0B,
    0xD1, 0xBA, 0x46, 0xCC, 0xD6, 0xDF, 0x66, 0x61, 0x62, 0x76, 0xA8, 0x28, 0x7A, 0xE0, 0xE6, 0x5D,
    0x3C, 0x96, 0xC2, 0xD9, 0x98, 0xB5, 0xDE, 0x7D, 0xDF, 0x79, 0xBD, 0xED, 0x68, 0xC9, 0xFA, 0x19,
    0x9C, 0x43, 0x36, 0x92, 0x72, 0xF7, 0x70, 0xBE, 0x15, 0x6E, 0x0E, 0xCF, 0x1D, 0xAC, 0x0F, 0xB3,
    0x70, 0x6F, 0xF5, 0xF0, 0x68, 0x9C, 0x36, 0x36, 0x9D, 0x71, 0x3F, 0x19, 0x9B, 0x68, 0x6C, 0x2F,
    0x37, 0x52, 0xEE, 0x8C, 0x24, 0x36, 0x85, 0xC9, 0x99, 0x35, 0xD6, 0xFE, 0x40, 0xD6, 0xD0, 0x42,
    0x39, 0x5A, 0xAA, 0xD4, 0x31, 0xE1, 0x1F, 0xF1, 0xA7, 0x4D, 0xB6, 0x57, 0xFC, 0x6A, 0xF3, 0xE1,
    0xE4, 0x7E, 0x17, 0xAF, 0x72, 0xF4, 0xF3, 0x5E, 0x9C, 0x7C, 0xBD, 0x5E, 0xFB, 0x3E, 0x24, 0xA6,
    0xCE, 0xA1, 0x6F, 0xF6, 0x4A, 0xB8, 0xD8, 0x0F, 0xA2, 0x61, 0x56, 0xB2, 0x1F, 0x7F, 0x93, 0x79,
    0x0C, 0xD2, 0x64, 0x0C, 0x0B, 0x24, 0xEA, 0x7B, 0xE9, 0x88, 0xC7, 0x3A, 0xF8, 0xB6, 0x83, 0xDB,
    0x11, 0x66, 0xAD, 0xE0, 0x0A, 0x1D, 0x45, 0x32, 0x96, 0x2F, 0xF9, 0x2F, 0x94, 0x93, 0x21, 0x8C,
    0xD4, 0x50, 0x10, 0x86, 0xBF, 0xB6, 0x24, 0x9B, 0xEC, 0x23, 0x79, 0x8A, 0x84, 0x60, 0x6A, 0x50,
    0x40, 0xA8, 0xC1, 0x92, 0xD6, 0xEB, 0xAB, 0x3A, 0x71, 0x5E, 0xE1, 0x55, 0x9F, 0x57, 0x18, 0x3C,
    0xE2, 0xD4, 0x22, 0xB0, 0xB8, 0xD6, 0xAB, 0x7A, 0xCC, 0x93, 0xE4, 0x54, 0xC5, 0x8A, 0x1E, 0x74,
    0x3B, 0xF4, 0x4F, 0xDB, 0x64, 0x09, 0xEA, 0xFE, 0xCC, 0xFC, 0x79, 0xC9, 0x4C, 0xFE, 0x7F, 0x66,
    0x92, 0x47, 0x82, 0x90, 0x23, 0xCC, 0x22, 0x67, 0x0B, 0xAA, 0xD2, 0xC4, 0xB9, 0x98, 0xC3, 0xA5,
    0xAE, 0x6B, 0x18, 0x11, 0x3E, 0xB0, 0x21, 0x05, 0x17, 0x28, 0x7A, 0xDA, 0x21, 0xB5, 0xB3, 0xB3,
    0xE9, 0x68, 0xBF, 0x68, 0xC1, 0x14, 0xCC, 0x24, 0x17, 0xD2, 0x49, 0x91, 0x2D, 0x31, 0x72, 0x38,
    0xE3, 0x06, 0x85, 0x5F, 0x22, 0x92, 0xF7, 0x8A, 0xA2, 0xA3, 0x5C, 0x22, 0xB0, 0x22, 0x41, 0xC8,
    0x7A, 0xC4, 0x67, 0x0A, 0x33, 0x9B, 0x11, 0x5B, 0x28, 0xF5, 0xE6, 0x45, 0x5D, 0xDF, 0x0D, 0x00,
    0x3E, 0x88, 0x9F, 0x03, 0xE9, 0xFD, 0x26, 0xED, 0xAF, 0xA4, 0xA5, 0xBB, 0x4B, 0x37, 0x15, 0x2D,
    0x8A, 0xFF, 0xA6, 0x6A, 0xAD, 0x6F, 0x2C, 0x14, 0x33, 0x7E, 0xC4, 0x45, 0xB2, 0x40, 0x02, 0x3C,
    0x83, 0x0A, 0x3E, 0x92, 0xC4, 0xAD, 0xD3, 0xDB, 0x02, 0x1A, 0x71, 0xB7, 0x9E, 0xC5, 0x3D, 0xD6,
    0xB7, 0x23, 0xE9, 0x80, 0xEB, 0xE0, 0x2B, 0xC7, 0x7D, 0x76, 0x0F, 0x72, 0xC4, 0x7A, 0x32, 0x1B,
    0xF0, 0x36, 0xF2, 0xCA, 0xEE, 0x65, 0xAB, 0x94, 0xB7, 0xF4, 0xC8, 0xF6, 0x1C, 0xD1, 0xEC, 0x1A,
    0x1E, 0xBF, 0x67, 0x44, 0x0B, 0x68, 0x03, 0x25, 0xA5, 0x32, 0xA0, 0x2D, 0x68, 0x59, 0xD3, 0xAE,
    0xE4, 0x96, 0x6C, 0x2C, 0x52, 0x5A, 0x47, 0x6E, 0xE0, 0x24, 0x3B, 0x40, 0x12, 0x10, 0xC8, 0x2A,
    0xC0, 0x3D, 0x02, 0xA5, 0xF5, 0x1B, 0x15, 0xD6, 0x41, 0x6E, 0x01, 0xBC, 0xF5, 0xA2, 0x33, 0x1C,
    0xEF, 0x26, 0xE0, 0x60, 0x40, 0xA2, 0x32, 0xED, 0x00, 0x14, 0x23, 0xE0, 0x67, 0xE9, 0x98, 0x84,
    0xD4, 0x4E, 0xA9, 0x4A, 0x1E, 0xD5, 0x1E, 0xB6, 0xBD, 0x39, 0xEA, 0x61, 0x95, 0xB4, 0xA3, 0xA8,
    0x97, 0x41, 0x07, 0x5E, 0x54, 0x8A, 0x5A, 0x0B, 0xA4, 0xF6, 0xB3, 0x5A, 0x3D, 0xF2, 0x69, 0x17,
    0x52, 0xAB, 0xC4, 0x65, 0x23, 0xC3, 0xDD, 0x5A, 0x7B, 0xE3, 0xD9, 0x91, 0x20, 0xBF, 0x4E, 0x2D,
    0x51, 0xD5, 0x51, 0xD5, 0xCB, 0xBF, 0x83, 0x35, 0xC3, 0xAE, 0xEC, 0x0C, 0x48, 0xB5, 0x21, 0xF6,
    0xD0, 0x6D, 0x6B, 0x7B, 0xD1, 0xC1, 0xA2, 0xCA, 0x3A, 0xB4, 0xC8, 0x69, 0x77, 0x1A, 0xE9, 0xA6,
    0xD5, 0x6E, 0xE3, 0x82, 0x6C, 0x86, 0x4D, 0x51, 0xE7, 0x90, 0x8B, 0xFC, 0x76, 0xE7, 0x36, 0x4A,
    0xBE, 0x5B, 0x8D, 0xFC, 0xF7, 0x69, 0x53, 0xCB, 0xD7, 0xBD, 0x03, 0x3A, 0xF1, 0xF5, 0xC5, 0xDD,
    0xB8, 0x1B, 0x88, 0x77, 0x0B, 0xCA, 0x2F, 0x75, 0x5D, 0x61, 0x0B, 0xFA, 0xCC, 0xC4, 0xDE, 0xC4,
    0xA5, 0x05, 0xA4, 0xA3, 0xF7, 0xC1, 0xC4, 0xAC, 0x5C, 0x3E, 0x9C, 0x4E, 0x01, 0xAF, 0x2A, 0x99,
    0xF8, 0x0A, 0x19, 0xE0, 0x65, 0x3A, 0x80, 0x8D, 0x64, 0x36, 0xE3, 0xD7, 0x6F, 0x13, 0xDF, 0x9A,
    0x7D, 0x4E, 0xA7, 0x0B, 0x4F, 0xC9, 0xE4, 0xE6, 0x06, 0xE0, 0x25, 0xC2, 0x7B, 0xF4, 0xF1, 0x3E,
    0x75, 0xE8, 0x0F, 0x0C, 0x88, 0x27, 0xC4, 0x06, 0x68, 0x57, 0xBD, 0xAD, 0x12, 0x5F, 0xB6, 0x9E,
    0x37, 0xA7, 0x53, 0xDB, 0xA1, 0x2A, 0xC2, 0x3B, 0x36, 0x64, 0xBF, 0xA7, 0xA7, 0xE5, 0x1F, 0x39,
    0xE9, 0x26, 0x16, 0xBC, 0xCD, 0x64, 0x36, 0x81, 0x6E, 0x5D, 0x76, 0xE0, 0x59, 0xF1, 0x1A, 0x52,
    0xE0, 0x07, 0x1C, 0x02, 0xC9, 0x63, 0x5D, 0xDF, 0x46, 0x74, 0x50, 0x3B, 0xE3, 0x4D, 0xC3, 0x52,
    0x98, 0x40, 0x33, 0x82, 0xD3, 0x51, 0x84, 0xB5, 0x76, 0x41, 0x27, 0xB6, 0x91, 0x74, 0x3E, 0x9D,
    0xBE, 0xC5, 0x55, 0xA5, 0x83, 0xBF, 0xB3, 0x00, 0x52, 0xF0, 0xC0, 0x05, 0x00, 0x9D, 0x95, 0x3F,
    0x8C, 0xDC, 0x44, 0x14, 0xC6, 0x7F, 0xEB, 0x23, 0x58, 0x68, 0x25, 0x4C, 0x91, 0x14, 0x04, 0x90,
    0xA1, 0x8D, 0x90, 0xDC, 0x52, 0x20, 0xC6, 0x88, 0x5E, 0x50, 0x70, 0x7D, 0xDF, 0x40, 0x2F, 0x81,
    0xC6, 0xA2, 0xA1, 0xBD, 0xBE, 0xA2, 0xBE, 0xBE, 0xA0, 0x1B, 0x93, 0x14, 0xB4, 0x46, 0x14, 0x14,
    0x69, 0x2C, 0x41, 0x47, 0x91, 0x01, 0xB9, 0x70, 0x82, 0xED, 0xC7, 0x7C, 0x1A, 0x1F, 0xB9, 0x95,
    0x56, 0x27, 0x91, 0x4F, 0xFB, 0xBE, 0x79, 0x3B, 0x7A, 0xFF, 0x76, 0xDE, 0x9B, 0x59, 0x67, 0x06,
    0xA2, 0x3B, 0x14, 0xC2, 0x00, 0x07, 0xEB, 0xC0, 0x8D, 0x70, 0x61, 0x80, 0x8B, 0x50, 0x6E, 0x40,
    0x3D, 0xC3, 0x71, 0x01, 0x2A, 0x4B, 0x90, 0x72, 0x94, 0x32, 0x21, 0xC3, 0x84, 0x08, 0x14, 0x52,
    0x46, 0x72, 0x0C, 0xEB, 0x01, 0xB1, 0xE2, 0x81, 0x1F, 0x0A, 0x6B, 0x41, 0x11, 0x15, 0x18, 0x68,
    0xA6, 0x72, 0x45, 0xA8, 0xE6, 0x6A, 0xC9, 0xCA, 0xA2, 0x2C, 0x28, 0x63, 0xA3, 0x78, 0x0A, 0xAD,
    0x02, 0x72, 0xE8, 0x01, 0x01, 0x53, 0x60, 0x21, 0xE4, 0x78, 0x34, 0x66, 0xEC, 0xCA, 0x76, 0xA3,
    0x2C, 0x27, 0x8A, 0x33, 0xA1, 0x3B, 0xBF, 0xF4, 0x10, 0x7A, 0x4E, 0x97, 0x47, 0x9D, 0x16, 0xE0,
    0xCC, 0x52, 0xC8, 0xED, 0xFC, 0x92, 0x4D, 0xEE, 0x5E, 0xF6, 0xD0, 0xE7, 0xD2, 0xDE, 0x59, 0x27,
    0x02, 0xF7, 0xBE, 0xF8, 0x18, 0xBC, 0x19, 0x3A, 0x73, 0xB5, 0x62, 0xA5, 0xB1, 0xB0, 0xE2, 0x62,
    0x30, 0xC2, 0x4F, 0x66, 0x6D, 0xF8, 0x7E, 0xB3, 0xCE, 0x3E, 0x5F, 0x42, 0x67, 0x21, 0x86, 0x2E,
    0x58, 0x6F, 0xAD, 0xB7, 0xC2, 0x70, 0x5B, 0xBD, 0xD1, 0xA8, 0x75, 0x41, 0x6D, 0x73, 0xAA, 0xF7,
    0xCD, 0xFA, 0x39, 0x27, 0xF8, 0x48, 0xF4, 0x8D, 0x68, 0x43, 0x6D, 0x54, 0x0B, 0x94, 0xBB, 0xB4,
    0x5E, 0x9D, 0x1F, 0xA1, 0x56, 0xA7, 0x1B, 0x9B, 0xC1, 0x3D, 0x5D, 0x20, 0x3C, 0xD9, 0xC0, 0xBE,
    0x33, 0x0A, 0xC3, 0xBA, 0x8B, 0x0D, 0xEB, 0x35, 0x17, 0xA3, 0xA6, 0x24, 0x36, 0x89, 0x66, 0x97,
    0x68, 0x09, 0x89, 0x36, 0x2F, 0x42, 0xDF, 0x57, 0x6A, 0xED, 0x22, 0xAB, 0x89, 0x52, 0xB6, 0x1A,
    0x37, 0x3F, 0x70, 0xB0, 0x56, 0xA9, 0xAC, 0x57, 0x56, 0xFF, 0xD8, 0x00, 0xF7, 0xFB, 0x06, 0x34,
    0xFF, 0xE4, 0xE1, 0x9B, 0xD1, 0xE4, 0x45, 0x54, 0xD8, 0x08, 0x14, 0xFB, 0x9C, 0x75, 0xE2, 0x80,
    0xF0, 0x09, 0xC2, 0x87, 0x08, 0xAF, 0x71, 0x03, 0x39, 0xC8, 0x1B, 0x25, 0xBD, 0x02, 0x97, 0xA7,
    0x37, 0xA8, 0x10, 0x0A, 0x1B, 0xF9, 0xDA, 0x38, 0x5A, 0xA7, 0x3A, 0xEA, 0x0D, 0x15, 0xE2, 0x17,
    0xB4, 0x84, 0xA8, 0x85, 0xD0, 0xE7, 0xE5, 0xB4, 0xA1, 0x79, 0xF2, 0xCF, 0x2F, 0xA7, 0x96, 0x43,
    0x5E, 0x26, 0xE0, 0x3E, 0x6E, 0x05, 0x5C, 0x57, 0x19, 0xBA, 0x19, 0x65, 0xFE, 0xC9, 0x07, 0x79,
    0x59, 0x87, 0xB7, 0x04, 0xA8, 0xF3, 0xA2, 0xE3, 0xDC, 0xF2, 0xDD, 0x5A, 0xD8, 0xA1, 0xDA, 0x07,
    0x99, 0xF5, 0x41, 0xF4, 0x72, 0x40, 0x84, 0x63, 0x3E, 0xFE, 0x21, 0x49, 0x2F, 0x41, 0x78, 0x78,
    0x05, 0xCD, 0x08, 0x6E, 0x90, 0xD0, 0xE4, 0xC1, 0x6A, 0x93, 0x28, 0x1D, 0x18, 0x12, 0x0E, 0x92,
    0x8D, 0x8C, 0x8B, 0x45, 0xC2, 0xC5, 0xAF, 0xCB, 0x8F, 0x29, 0xE6, 0x52, 0x9B, 0xAD, 0x49, 0xE6,
    0x22, 0xF9, 0x96, 0x66, 0xBD, 0x37, 0x9B, 0x92, 0x44, 0x67, 0xCF, 0x86, 0xF7, 0xDC, 0x93, 0x4E,
    0x53, 0x8C, 0xEF, 0xE0, 0x01, 0x07, 0x1B, 0x8F, 0x36, 0xD7, 0xB6, 0xB8, 0xC7, 0x8B, 0x3F, 0x2C,
    0xBE, 0x58, 0xFC, 0xD3, 0xC9, 0xD9, 0x58, 0x27, 0xCF, 0xE7, 0xF0, 0x55, 0x5B, 0x58, 0xAC, 0x6C,
    0x69, 0x6C, 0x75, 0xB6, 0x06, 0x7D, 0x96, 0x60, 0x73, 0x50, 0xAC, 0xBE, 0xDA, 0xA0, 0x05, 0x30,
    0x8B, 0xEA, 0x99, 0xB8, 0x14, 0x53, 0x6D, 0xD7, 0x3F, 0x24, 0x8E, 0x00, 0xCD, 0x20, 0x56, 0x46,
    0xE5, 0x14, 0x5B, 0x76, 0xD2, 0xD8, 0x16, 0xAB, 0xDA, 0xFC, 0xD9, 0x22, 0x8B, 0xDF, 0x66, 0x59,
    0xDB, 0x74, 0x33, 0x36, 0x6A, 0xF5, 0xCB, 0xB6, 0x38, 0xF1, 0x3E, 0x24, 0x8F, 0xBA, 0x74, 0x48,
    0x85, 0xCD, 0xB6, 0xE6, 0xA7, 0xAD, 0xAD, 0xC5, 0xBD, 0x13, 0x8F, 0x6E, 0x0C, 0x93, 0x8B, 0x7E,
    0x70, 0xB1, 0x49, 0xEC, 0xA3, 0x8B, 0xEE, 0x85, 0x6D, 0x36, 0x36, 0x66, 0x3A, 0x6A, 0x71, 0x77,
    0x61, 0x9B, 0x3A, 0xE5, 0xC7, 0xE6, 0x0F, 0x4E, 0x71, 0x6C, 0x81, 0x5A, 0x79, 0x7D, 0x44, 0xAD,
    0xD6, 0x0F, 0x6B, 0xE1, 0xB8, 0x69, 0x7F, 0xF9, 0x9F, 0xFB, 0xB9, 0xAA, 0xDC, 0xDD, 0x9D, 0x10,
    0xCC, 0xF5, 0xAF, 0xFC, 0x41, 0xF8, 0xA0, 0x7B, 0x79, 0x32, 0xFB, 0x3B, 0x9E, 0x2F, 0xDA, 0x84,
    0x7A, 0x90, 0x2F, 0xE0, 0x9A, 0x4B, 0x00, 0x9A, 0xBF, 0xC5, 0xEE, 0x2F, 0xEB, 0x34, 0xDE, 0x79,
    0x86, 0xFD, 0xA8, 0x2B, 0xE3, 0x22, 0xBA, 0x46, 0x13, 0xE5, 0x46, 0xB5, 0xE8, 0x73, 0x5C, 0xA9,
    0x67, 0x6D, 0x36, 0x91, 0x42, 0x2C, 0xB3, 0x62, 0x80, 0x89, 0x8C, 0xA2, 0xE5, 0xD0, 0x36, 0x3D,
    0x17, 0x73, 0xE8, 0x93, 0x9B, 0x1B, 0x93, 0x97, 0x8B, 0xC9, 0x29, 0xB9, 0x35, 0x31, 0x45, 0x70,
    0xB1, 0x5C, 0x09, 0x43, 0x0A, 0x61, 0x7D, 0x61, 0x9F, 0x5A, 0x8B, 0x3D, 0x31, 0x08, 0x3F, 0x6F,
    0xE0, 0x9E, 0x2D, 0x89, 0x6C, 0xDE, 0x9F, 0xA7, 0x2A, 0xCF, 0xCC, 0xA0, 0xD2, 0x7B, 0xC8, 0x7F,
    0x3C, 0x7F, 0xB2, 0xE3, 0xF5, 0x36, 0x8F, 0x8F, 0x8B, 0x49, 0xF4, 0xA2, 0xE9, 0x62, 0x73, 0x16,
    0x1A, 0x0C, 0xD7, 0x96, 0x31, 0xF4, 0xD5, 0x6C, 0x49, 0x7C, 0x77, 0x9C, 0xDE, 0xE6, 0xD0, 0xDE,
    0xE3, 0x70, 0xE5, 0xBA, 0x72, 0x4A, 0xFB, 0x8B, 0x24, 0xD9, 0x4C, 0x40, 0xCB, 0x39, 0x28, 0x76,
    0x35, 0x40, 0x13, 0x95, 0x33, 0xCF, 0x41, 0xB1, 0x9B, 0xBE, 0x5F, 0x52, 0x6E, 0x9E, 0xDA, 0xF4,
    0x34, 0xAF, 0x94, 0xF3, 0xB7, 0x1C, 0x86, 0x77, 0xA9, 0xB7, 0x05, 0x6F, 0x73, 0x92, 0x89, 0xE3,
    0x2F, 0x0A, 0xFD, 0x16, 0xF0, 0xC6, 0x1E, 0xC8, 0xF5, 0xF7, 0x2E, 0x83, 0x66, 0x2E, 0xD6, 0xF9,
    0x91, 0x1D, 0x1F, 0x86, 0x17, 0x57, 0x7A, 0xD0, 0x25, 0x3E, 0xBF, 0x0A, 0x5D, 0x35, 0xE5, 0x54,
    0x65, 0xCF, 0x7F, 0x30, 0xB3, 0xE5, 0xB6, 0x5C, 0x5E, 0x5E, 0x7E, 0x79, 0xD7, 0x77, 0x09, 0x37,
    0x68, 0x45, 0xC7, 0x51, 0x1C, 0xC4, 0xB5, 0xE9, 0xE0, 0x2C, 0x8F, 0xE4, 0x28, 0x35, 0x8F, 0xC6,
    0x00, 0x85, 0x54, 0x8E, 0x52, 0xA9, 0x4C, 0x8E, 0xA5, 0x4D, 0xC8, 0xD1, 0xB8, 0x31, 0xDF, 0xED,
    0x69, 0x64, 0xB5, 0xCF, 0x18, 0x7E, 0xE6, 0xD1, 0xF5, 0x75, 0x98, 0xF0, 0x7A, 0xA4, 0xC5, 0x9B,
    0x9C, 0x64, 0xC9, 0x7D, 0x84, 0x80, 0x60, 0xA3, 0xF8, 0x34, 0xC0, 0x8C, 0x02, 0x58, 0xA7, 0xCC,
    0xB7, 0xB3, 0x55, 0xFB, 0x56, 0x7B, 0x5A, 0xED, 0xAE, 0x0E, 0x27, 0x85, 0xEB, 0x61, 0x16, 0x6F,
    0xD7, 0xE9, 0xA9, 0x79, 0x67, 0xFF, 0x5F, 0x12, 0x97, 0x66, 0xF2, 0x7A, 0xD0, 0xEA, 0xF8, 0x5F,
    0x59, 0x14, 0xEA, 0xB6, 0x80, 0x50, 0x45, 0x37, 0xF9, 0x29, 0x44, 0x3F, 0x3E, 0x6C, 0xFF, 0x05,
};

static const EpdGlyph edslab_18_bolditalicGlyphs[] = {
    { 0, 0, 207, 0, 0, 0, 0 }, // U+0020
    { 12, 29, 155, -1, 28, 87, 0 }, // !
    { 12, 10, 226, 3, 28, 30, 87 }, // "
    { 31, 29, 503, 0, 28, 225, 117 }, // #
    { 24, 37, 402, 0, 32, 222, 342 }, // $
    { 31, 29, 586, 3, 28, 225, 564 }, // %
    { 25, 29, 461, 1, 28, 182, 789 }, // &
    { 7, 10, 140, 3, 28, 18, 971 }, // '
    { 19, 45, 282, 1, 36, 214, 989 }, // (
    { 19, 45, 282, -2, 36, 214, 1203 }, // )
    { 16, 15, 281, 3, 33, 60, 1417 }, // *
    { 14, 13, 257, 0, 17, 46, 1477 }, // +
    { 8, 10, 155, -2, 5, 20, 1523 }, // ,
    { 14, 5, 257, 0, 13, 18, 1543 }, // -
    { 7, 6, 155, -1, 5, 11, 1561 }, // .
    { 21, 38, 260, -3, 29, 200, 1572 }, // /
    { 24, 29, 388, 0, 28, 174, 1772 }, // 0
    { 14, 29, 242, -1, 28, 102, 1946 }, // 1
    { 23, 29, 362, -1, 28, 167, 2048 }, // 2
    { 24, 29, 376, 0, 28, 174, 2215 }, // 3
    { 22, 29, 373, -1, 28, 160, 2389 }, // 4
    { 24, 29, 371, 0, 28, 174, 2549 }, // 5
    { 23, 29, 377, 0, 28, 167, 2723 }, // 6
    { 24, 29, 359, 0, 28, 174, 2890 }, // 7
    { 23, 29, 380, 0, 28, 167, 3064 }, // 8
    { 23, 29, 358, 0, 28, 167, 3231 }, // 9
    { 10, 19, 155, -1, 18, 48, 3398 }, // :
    { 9, 23, 185, 0, 18, 52, 3446 }, // ;
    { 20, 20, 355, 1, 20, 100, 3498 }, // <
    { 15, 9, 265, 0, 14, 34, 3598 }, // =
    { 21, 20, 355, -1, 20, 105, 3632 }, // >
    { 19, 29, 356, 3, 28, 138, 3737 }, // ?
    { 36, 35, 603, 1, 31, 315, 3875 }, // @
    { 33, 29, 559, -1, 28, 240, 4190 }, // A
    { 29, 29, 455, -1, 28, 211, 4430 }, // B
    { 26, 29, 447, 1, 28, 189, 4641 }, // C
    { 33, 29, 503, -1, 28, 240, 4830 }, // D
    { 30, 29, 437, -1, 28, 218, 5070 }, // E
    { 30, 29, 439, -1, 28, 218, 5288 }, // F
    { 27, 29, 449, 0, 28, 196, 5506 }, // G
    { 36, 29, 545, -1, 28, 261, 5702 }, // H
    { 18, 29, 250, -1, 28, 131, 5963 }, // I
    { 25, 29, 359, -1, 28, 182, 6094 }, // J
    { 32, 29, 472, -1, 28, 232, 6276 }, // K
    { 26, 29, 443, -1, 28, 189, 6508 }, // L
    { 41, 29, 618, -1, 28, 298, 6697 }, // M
    { 36, 29, 545, -1, 28, 261, 6995 }, // N
    { 30, 29, 512, 1, 28, 218, 7256 }, // O
    { 30, 29, 455, -1, 28, 218, 7474 }, // P
    { 31, 35, 551, 0, 28, 272, 7692 }, // Q
    { 30, 29, 484, -1, 28, 218, 7964 }, // R
    { 25, 29, 388, -1, 28, 182, 8182 }, // S
    { 28, 29, 475, 3, 28, 203, 8364 }, // T
    { 33, 29, 561, 3, 28, 240, 8567 }, // U
    { 33, 29, 559, 3, 28, 240, 8807 }, // V
    { 47, 29, 784, 3, 28, 341, 9047 }, // W
    { 34, 29, 514, -1, 28, 247, 9388 }, // X
    { 29, 29, 491, 3, 28, 211, 9635 }, // Y
    { 29, 29, 431, -1, 28, 211, 9846 }, // Z
    { 18, 38, 211, -3, 29, 171, 10057 }, // [
    { 9, 38, 260, 3, 29, 86, 10228 }, // <backslash>
    { 17, 38, 229, -3, 29, 162, 10314 }, // ]
    { 19, 15, 354, 2, 29, 72, 10476 }, // ^
    { 18, 5, 322, -2, 1, 23, 10548 }, // _
    { 6, 10, 174, 5, 33, 15, 10571 }, // `
    { 19, 19, 337, -1, 18, 91, 10586 }, // a
    { 20, 32, 370, 1, 31, 160, 10677 }, // b
    { 19, 19, 313, -1, 18, 91, 10837 }, // c
    { 23, 33, 367, -1, 31, 190, 10928 }, // d
    { 18, 19, 299, -1, 18, 86, 11118 }, // e
    { 21, 33, 236, -3, 28, 174, 11204 }, // f
    { 25, 30, 357, -3, 18, 188, 11378 }, // g
    { 23, 33, 384, -2, 31, 190, 11566 }, // h
    { 9, 27, 189, 0, 25, 61, 11756 }, // i
    { 15, 35, 167, -5, 25, 132, 11817 }, // j
    { 23, 32, 383, -1, 31, 184, 11949 }, // k
    { 10, 32, 206, 2, 31, 80, 12133 }, // l
    { 32, 20, 541, -1, 18, 160, 12213 }, // m
    { 23, 20, 390, -1, 18, 115, 12373 }, // n
    { 20, 19, 333, -1, 18, 95, 12488 }, // o
    { 25, 28, 352, -4, 18, 175, 12583 }, // p
    { 20, 28, 322, -1, 18, 140, 12758 }, // q
    { 20, 19, 312, -1, 18, 95, 12898 }, // r
    { 18, 19, 265, -2, 18, 86, 12993 }, // s
    { 15, 26, 277, 0, 25, 98, 13079 }, // t
    { 21, 19, 369, 0, 18, 100, 13177 }, // u
    { 25, 19, 405, 0, 18, 119, 13277 }, // v
    { 36, 19, 572, 0, 18, 171, 13396 }, // w
    { 25, 19, 397, -1, 18, 119, 13567 }, // x
    { 27, 28, 404, -2, 18, 189, 13686 }, // y
    { 20, 19, 315, -1, 18, 95, 13875 }, // z
    { 16, 38, 196, -1, 29, 152, 13970 }, // {
    { 13, 41, 133, -2, 34, 134, 14122 }, // |
    { 15, 38, 196, -4, 29, 143, 14256 }, // }
    { 17, 6, 318, 1, 14, 26, 14399 }, // ~
    { 0, 0, 207, 0, 0, 0, 0 }, // U+00A0
    { 11, 29, 161, 0, 28, 80, 0 }, // U+00A1
    { 19, 24, 313, -1, 21, 114, 80 }, // U+00A2
    { 21, 33, 336, -1, 28, 174, 194 }, // U+00A3
    { 20, 19, 324, 0, 21, 95, 368 }, // U+00A4
    { 29, 29, 491, 3, 28, 211, 463 }, // U+00A5
    { 9, 29, 166, 1, 28, 66, 674 }, // U+00A6
    { 17, 25, 284, -1, 25, 107, 740 }, // U+00A7
    { 9, 5, 264, 6, 28, 12, 847 }, // U+00A8
    { 30, 30, 539, 2, 27, 225, 859 }, // U+00A9
    { 15, 12, 248, 0, 22, 45, 1084 }, // U+00AA
    { 15, 16, 270, 1, 20, 60, 1129 }, // U+00AB
    { 17, 10, 349, 2, 16, 43, 1189 }, // U+00AC
    { 14, 5, 257, 0, 13, 18, 1232 }, // U+00AD
    { 30, 31, 539, 2, 28, 233, 1250 }, // U+00AE
    { 11, 5, 264, 5, 28, 14, 1483 }, // U+00AF
    { 8, 8, 276, 6, 29, 16, 1497 }, // U+00B0
    { 15, 19, 325, 1, 19, 72, 1513 }, // U+00B1
    { 16, 17, 258, 0, 28, 68, 1585 }, // U+00B2
    { 16, 17, 266, 1, 28, 68, 1653 }, // U+00B3
    { 9, 5, 264, 6, 28, 12, 1721 }, // U+00B4
    { 26, 29, 369, -5, 18, 189, 1733 }, // U+00B5
    { 21, 31, 360, 1, 28, 163, 1922 }, // U+00B6
    { 7, 6, 155, 1, 14, 11, 2085 }, // U+00B7
    { 8, 5, 264, 1, -1, 10, 2096 }, // U+00B8
    { 10, 17, 183, 0, 28, 43, 2106 }, // U+00B9
    { 14, 12, 246, 1, 22, 42, 2149 }, // U+00BA
    { 15, 16, 270, 0, 20, 60, 2191 }, // U+00BB
    { 25, 32, 360, -1, 30, 200, 2251 }, // U+00BC
    { 26, 32, 361, -1, 30, 208, 2451 }, // U+00BD
    { 25, 32, 360, -1, 30, 200, 2659 }, // U+00BE
    { 19, 29, 356, 0, 28, 138, 2859 }, // U+00BF
    { 33, 33, 559, -1, 32, 273, 2997 }, // U+00C0
    { 33, 33, 559, -1, 32, 273, 3270 }, // U+00C1
    { 33, 33, 559, -1, 32, 273, 3543 }, // U+00C2
    { 33, 33, 559, -1, 32, 273, 3816 }, // U+00C3
    { 33, 32, 559, -1, 31, 264, 4089 }, // U+00C4
    { 33, 35, 559, -1, 34, 289, 4353 }, // U+00C5
    { 52, 29, 797, -1, 28, 377, 4642 }, // U+00C6
    { 26, 33, 447, 1, 28, 215, 5019 }, // U+00C7
    { 30, 33, 437, -1, 32, 248, 5234 }, // U+00C8
    { 30, 33, 437, -1, 32, 248, 5482 }, // U+00C9
    { 30, 33, 437, -1, 32, 248, 5730 }, // U+00CA
    { 30, 32, 437, -1, 31, 240, 5978 }, // U+00CB
    { 18, 33, 250, -1, 32, 149, 6218 }, // U+00CC
    { 18, 33, 250, -1, 32, 149, 6367 }, // U+00CD
    { 18, 33, 250, -1, 32, 149, 6516 }, // U+00CE
    { 18, 32, 250, -1, 31, 144, 6665 }, // U+00CF
    { 33, 29, 503, -1, 28, 240, 6809 }, // U+00D0
    { 36, 33, 545, -1, 32, 297, 7049 }, // U+00D1
    { 30, 33, 512, 1, 32, 248, 7346 }, // U+00D2
    { 30, 33, 512, 1, 32, 248, 7594 }, // U+00D3
    { 30, 33, 512, 1, 32, 248, 7842 }, // U+00D4
    { 30, 33, 512, 1, 32, 248, 8090 }, // U+00D5
    { 30, 32, 512, 1, 31, 240, 8338 }, // U+00D6
    { 14, 14, 324, 3, 18, 49, 8578 }, // U+00D7
    { 34, 34, 512, -1, 31, 289, 8627 }, // U+00D8
    { 33, 33, 561, 3, 32, 273, 8916 }, // U+00D9
    { 33, 33, 561, 3, 32, 273, 9189 }, // U+00DA
    { 33, 33, 561, 3, 32, 273, 9462 }, // U+00DB
    { 33, 32, 561, 3, 31, 264, 9735 }, // U+00DC
    { 29, 32, 491, 3, 31, 232, 9999 }, // U+00DD
    { 22, 29, 503, -1, 28, 160, 10231 }, // U+00DE
    { 19, 27, 348, -1, 26, 129, 10391 }, // U+00DF
    { 19, 23, 337, -1, 22, 110, 10520 }, // U+00E0
    { 19, 23, 337, -1, 22, 110, 10630 }, // U+00E1
    { 19, 23, 337, -1, 22, 110, 10740 }, // U+00E2
    { 19, 24, 337, -1, 23, 114, 10850 }, // U+00E3
    { 19, 23, 337, -1, 22, 110, 10964 }, // U+00E4
    { 19, 25, 337, -1, 24, 119, 11074 }, // U+00E5
    { 33, 19, 547, -1, 18, 157, 11193 }, // U+00E6
    { 19, 23, 313, -1, 18, 110, 11350 }, // U+00E7
    { 18, 23, 299, -1, 22, 104, 11460 }, // U+00E8
    { 18, 23, 299, -1, 22, 104, 11564 }, // U+00E9
    { 18, 23, 299, -1, 22, 104, 11668 }, // U+00EA
    { 18, 22, 299, -1, 21, 99, 11772 }, // U+00EB
    { 10, 24, 189, 0, 22, 60, 11871 }, // U+00EC
    { 11, 24, 189, 0, 23, 66, 11931 }, // U+00ED
    { 11, 23, 189, 0, 22, 64, 11997 }, // U+00EE
    { 11, 23, 189, 0, 22, 64, 12061 }, // U+00EF
    { 27, 33, 367, -1, 31, 223, 12125 }, // U+00F0
    { 23, 24, 390, -1, 22, 138, 12348 }, // U+00F1
    { 20, 23, 333, -1, 22, 115, 12486 }, // U+00F2
    { 20, 23, 333, -1, 22, 115, 12601 }, // U+00F3
    { 20, 23, 333, -1, 22, 115, 12716 }, // U+00F4
    { 20, 24, 333, -1, 23, 120, 12831 }, // U+00F5
    { 20, 22, 333, -1, 21, 110, 12951 }, // U+00F6
    { 13, 14, 324, 3, 18, 46, 13061 }, // U+00F7
    { 25, 25, 333, -2, 21, 157, 13107 }, // U+00F8
    { 21, 23, 369, 0, 22, 121, 13264 }, // U+00F9
    { 21, 23, 369, 0, 22, 121, 13385 }, // U+00FA
    { 21, 23, 369, 0, 22, 121, 13506 }, // U+00FB
    { 21, 23, 369, 0, 22, 121, 13627 }, // U+00FC
    { 27, 32, 404, -2, 22, 216, 13748 }, // U+00FD
    { 24, 41, 370, -3, 31, 246, 13964 }, // U+00FE
    { 27, 32, 404, -2, 22, 216, 14210 }, // U+00FF
    { 33, 32, 559, -1, 31, 264, 0 }, // U+0100
    { 19, 23, 337, -1, 22, 110, 264 }, // U+0101
    { 33, 33, 559, -1, 32, 273, 374 }, // U+0102
    { 19, 24, 337, -1, 23, 114, 647 }, // U+0103
    { 33, 34, 559, -1, 28, 281, 761 }, // U+0104
    { 19, 23, 337, -1, 18, 110, 1042 }, // U+0105
    { 26, 33, 447, 1, 32, 215, 1152 }, // U+0106
    { 19, 23, 313, -1, 22, 110, 1367 }, // U+0107
    { 26, 33, 447, 1, 32, 215, 1477 }, // U+0108
    { 19, 23, 313, -1, 22, 110, 1692 }, // U+0109
    { 26, 33, 447, 1, 32, 215, 1802 }, // U+010A
    { 19, 23, 313, -1, 22, 110, 2017 }, // U+010B
    { 26, 33, 447, 1, 32, 215, 2127 }, // U+010C
    { 19, 24, 313, -1, 23, 114, 2342 }, // U+010D
    { 33, 33, 503, -1, 32, 273, 2456 }, // U+010E
    { 28, 33, 367, -1, 31, 231, 2729 }, // U+010F
    { 33, 29, 503, -1, 28, 240, 2960 }, // U+0110
    { 27, 33, 367, -1, 31, 223, 3200 }, // U+0111
    { 30, 32, 437, -1, 31, 240, 3423 }, // U+0112
    { 18, 22, 299, -1, 21, 99, 3663 }, // U+0113
    { 30, 34, 437, -1, 33, 255, 3762 }, // U+0114
    { 18, 24, 299, -1, 23, 108, 4017 }, // U+0115
    { 30, 33, 437, -1, 32, 248, 4125 }, // U+0116
    { 18, 23, 299, -1, 22, 104, 4373 }, // U+0117
    { 30, 34, 437, -1, 28, 255, 4477 }, // U+0118
    { 18, 24, 299, -1, 18, 108, 4732 }, // U+0119
    { 30, 33, 437, -1, 32, 248, 4840 }, // U+011A
    { 18, 24, 299, -1, 23, 108, 5088 }, // U+011B
    { 27, 33, 449, 0, 32, 223, 5196 }, // U+011C
    { 25, 35, 357, -3, 23, 219, 5419 }, // U+011D
    { 27, 34, 449, 0, 33, 230, 5638 }, // U+011E
    { 25, 35, 357, -3, 23, 219, 5868 }, // U+011F
    { 27, 33, 449, 0, 32, 223, 6087 }, // U+0120
    { 25, 34, 357, -3, 22, 213, 6310 }, // U+0121
    { 27, 33, 449, 0, 28, 223, 6523 }, // U+0122
    { 25, 34, 357, -3, 18, 213, 6746 }, // U+0123
    { 36, 33, 545, -1, 32, 297, 6959 }, // U+0124
    { 23, 37, 384, -2, 35, 213, 7256 }, // U+0125
    { 36, 29, 545, -1, 28, 261, 7469 }, // U+0126
    { 23, 33, 384, -2, 31, 190, 7730 }, // U+0127
    { 19, 34, 249, -1, 33, 162, 7920 }, // U+0128
    { 14, 25, 189, 0, 23, 88, 8082 }, // U+0129
    { 18, 32, 250, -1, 31, 144, 8170 }, // U+012A
    { 12, 24, 189, 0, 22, 72, 8314 }, // U+012B
    { 18, 34, 250, -1, 33, 153, 8386 }, // U+012C
    { 13, 24, 189, 0, 23, 78, 8539 }, // U+012D
    { 18, 34, 250, -1, 28, 153, 8617 }, // U+012E
    { 10, 31, 188, -1, 25, 78, 8770 }, // U+012F
    { 18, 33, 250, -1, 32, 149, 8848 }, // U+0130
    { 9, 20, 189, 0, 18, 45, 8997 }, // U+0131
    { 37, 29, 561, -1, 28, 269, 9042 }, // U+0132
    { 19, 35, 314, 0, 25, 167, 9311 }, // U+0133
    { 25, 33, 359, -1, 32, 207, 9478 }, // U+0134
    { 15, 32, 167, -5, 22, 120, 9685 }, // U+0135
    { 32, 33, 472, -1, 28, 264, 9805 }, // U+0136
    { 23, 36, 383, -1, 31, 207, 10069 }, // U+0137
    { 26, 33, 443, -1, 32, 215, 10276 }, // U+0139
    { 12, 37, 206, 2, 35, 111, 10491 }, // U+013A
    { 26, 33, 443, -1, 28, 215, 10602 }, // U+013B
    { 13, 36, 206, -1, 31, 117, 10817 }, // U+013C
    { 26, 33, 443, -1, 32, 215, 10934 }, // U+013D
    { 16, 33, 206, 2, 31, 132, 11149 }, // U+013E
    { 31, 29, 533, -1, 28, 225, 11281 }, // U+013F
    { 15, 32, 296, 2, 31, 120, 11506 }, // U+0140
    { 27, 29, 443, -1, 28, 196, 11626 }, // U+0141
    { 14, 32, 206, 0, 31, 112, 11822 }, // U+0142
    { 36, 32, 545, -1, 31, 288, 11934 }, // U+0143
    { 23, 24, 390, -1, 22, 138, 12222 }, // U+0144
    { 36, 33, 545, -1, 28, 297, 12360 }, // U+0145
    { 23, 24, 390, -1, 18, 138, 12657 }, // U+0146
    { 36, 33, 545, -1, 32, 297, 12795 }, // U+0147
    { 23, 24, 390, -1, 22, 138, 13092 }, // U+0148
    { 26, 35, 419, -2, 33, 228, 13230 }, // U+0149
    { 36, 40, 545, -1, 28, 360, 13458 }, // U+014A
    { 23, 29, 390, -1, 18, 167, 13818 }, // U+014B
    { 30, 32, 512, 1, 31, 240, 13985 }, // U+014C
    { 20, 22, 333, -1, 21, 110, 14225 }, // U+014D
    { 30, 34, 512, 1, 33, 255, 14335 }, // U+014E
    { 20, 24, 333, -1, 23, 120, 14590 }, // U+014F
    { 30, 33, 512, 1, 32, 248, 14710 }, // U+0150
    { 20, 23, 333, -1, 22, 115, 14958 }, // U+0151
    { 54, 29, 854, 1, 28, 392, 15073 }, // U+0152
    { 34, 19, 554, -1, 18, 162, 15465 }, // U+0153
    { 30, 33, 484, -1, 32, 248, 15627 }, // U+0154
    { 20, 23, 312, -1, 22, 115, 15875 }, // U+0155
    { 30, 33, 484, -1, 28, 248, 15990 }, // U+0156
    { 20, 23, 312, -1, 18, 115, 16238 }, // U+0157
    { 30, 34, 484, -1, 33, 255, 16353 }, // U+0158
    { 20, 23, 312, -1, 22, 115, 16608 }, // U+0159
    { 25, 33, 388, -1, 32, 207, 16723 }, // U+015A
    { 18, 23, 265, -2, 22, 104, 16930 }, // U+015B
    { 25, 33, 388, -1, 32, 207, 17034 }, // U+015C
    { 18, 23, 265, -2, 22, 104, 17241 }, // U+015D
    { 25, 35, 388, -1, 28, 219, 17345 }, // U+015E
    { 18, 24, 265, -2, 18, 108, 17564 }, // U+015F
    { 25, 34, 388, -1, 33, 213, 17672 }, // U+0160
    { 18, 24, 265, -2, 23, 108, 17885 }, // U+0161
    { 28, 36, 475, 3, 28, 252, 17993 }, // U+0162
    { 15, 33, 277, 0, 25, 124, 18245 }, // U+0163
    { 28, 33, 475, 3, 32, 231, 18369 }, // U+0164
    { 23, 27, 277, 0, 26, 156, 18600 }, // U+0165
    { 28, 29, 475, 3, 28, 203, 18756 }, // U+0166
    { 16, 26, 277, -1, 25, 104, 18959 }, // U+0167
    { 33, 34, 561, 3, 33, 281, 19063 }, // U+0168
    { 21, 23, 369, 0, 22, 121, 19344 }, // U+0169
    { 33, 32, 561, 3, 31, 264, 19465 }, // U+016A
    { 21, 23, 369, 0, 22, 121, 19729 }, // U+016B
    { 33, 34, 561, 3, 33, 281, 19850 }, // U+016C
    { 21, 24, 369, 0, 23, 126, 20131 }, // U+016D
    { 33, 35, 561, 3, 34, 289, 20257 }, // U+016E
    { 21, 25, 369, 0, 24, 132, 20546 }, // U+016F
    { 33, 33, 561, 3, 32, 273, 20678 }, // U+0170
    { 21, 23, 369, 0, 22, 121, 20951 }, // U+0171
    { 33, 34, 561, 3, 28, 281, 21072 }, // U+0172
    { 21, 24, 369, 0, 18, 126, 21353 }, // U+0173
    { 47, 33, 784, 3, 32, 388, 21479 }, // U+0174
    { 36, 23, 572, 0, 22, 207, 21867 }, // U+0175
    { 29, 33, 491, 3, 32, 240, 22074 }, // U+0176
    { 27, 32, 404, -2, 22, 216, 22314 }, // U+0177
    { 29, 32, 491, 3, 31, 232, 22530 }, // U+0178
    { 29, 33, 431, -1, 32, 240, 22762 }, // U+0179
    { 20, 23, 315, -1, 22, 115, 23002 }, // U+017A
    { 29, 32, 431, -1, 31, 232, 23117 }, // U+017B
    { 20, 23, 315, -1, 22, 115, 23349 }, // U+017C
    { 29, 33, 431, -1, 32, 240, 23464 }, // U+017D
    { 20, 23, 315, -1, 22, 115, 23704 }, // U+017E
    { 33, 33, 559, -1, 32, 273, 0 }, // U+01CD
    { 19, 27, 337, -1, 26, 129, 273 }, // U+01CE
    { 17, 33, 250, -1, 32, 141, 402 }, // U+020A
    { 10, 28, 202, 1, 26, 70, 543 }, // U+020B
    { 25, 35, 388, -1, 28, 219, 613 }, // U+0218
    { 18, 24, 265, -2, 18, 108, 832 }, // U+0219
    { 28, 36, 475, 3, 28, 252, 940 }, // U+021A
    { 15, 33, 277, 0, 25, 124, 1192 }, // U+021B
    { 8, 10, 0, -1, 28, 20, 0 }, // U+0301
    { 8, 10, 0, -1, 28, 20, 20 }, // U+0312
    { 8, 10, 0, -1, 28, 20, 40 }, // U+0313
    { 8, 10, 0, -1, 28, 20, 60 }, // U+0314
    { 8, 10, 0, -1, 28, 20, 80 }, // U+0315
    { 8, 10, 0, -1, 28, 20, 100 }, // U+0341
    { 8, 10, 0, -1, 28, 20, 120 }, // U+0343
    { 30, 35, 431, -1, 34, 263, 0 }, // U+0401
    { 27, 29, 435, 0, 28, 196, 263 }, // U+0404
    { 18, 29, 243, -1, 28, 131, 459 }, // U+0406
    { 18, 34, 253, 0, 33, 153, 590 }, // U+0407
    { 33, 29, 559, -1, 28, 240, 743 }, // U+0410
    { 29, 29, 455, -1, 28, 211, 983 }, // U+0411
    { 29, 29, 455, -1, 28, 211, 1194 }, // U+0412
    { 27, 29, 402, -1, 28, 196, 1405 }, // U+0413
    { 35, 34, 504, -2, 28, 298, 1601 }, // U+0414
    { 30, 29, 437, -1, 28, 218, 1899 }, // U+0415
    { 47, 29, 697, -2, 28, 341, 2117 }, // U+0416
    { 25, 29, 398, -1, 28, 182, 2458 }, // U+0417
    { 33, 29, 545, 2, 28, 240, 2640 }, // U+0418
    { 33, 37, 545, 2, 36, 306, 2880 }, // U+0419
    { 32, 29, 466, -1, 28, 232, 3186 }, // U+041A
    { 35, 29, 503, -2, 28, 254, 3418 }, // U+041B
    { 41, 29, 618, -1, 28, 298, 3672 }, // U+041C
    { 36, 29, 545, -1, 28, 261, 3970 }, // U+041D
    { 30, 29, 500, 1, 28, 218, 4231 }, // U+041E
    { 36, 29, 545, -1, 28, 261, 4449 }, // U+041F
    { 30, 29, 455, -1, 28, 218, 4710 }, // U+0420
    { 27, 29, 435, 0, 28, 196, 4928 }, // U+0421
    { 28, 29, 475, 3, 28, 203, 5124 }, // U+0422
    { 31, 29, 526, 3, 28, 225, 5327 }, // U+0423
    { 32, 33, 506, 0, 30, 264, 5552 }, // U+0424
    { 34, 29, 514, -1, 28, 247, 5816 }, // U+0425
    { 36, 34, 545, -1, 28, 306, 6063 }, // U+0426
    { 29, 29, 496, 3, 28, 211, 6369 }, // U+0427
    { 49, 29, 741, -1, 28, 356, 6580 }, // U+0428
    { 49, 34, 742, -1, 28, 417, 6936 }, // U+0429
    { 28, 29, 497, 2, 28, 203, 7353 }, // U+042A
    { 45, 29, 676, -1, 28, 327, 7556 }, // U+042B
    { 28, 29, 449, -1, 28, 203, 7883 }, // U+042C
    { 28, 29, 430, -1, 28, 203, 8086 }, // U+042D
    { 44, 29, 692, -1, 28, 319, 8289 }, // U+042E
    { 34, 29, 484, -2, 28, 247, 8608 }, // U+042F
    { 18, 19, 319, -1, 18, 86, 8855 }, // U+0430
    { 20, 27, 294, -1, 26, 135, 8941 }, // U+0431
    { 20, 19, 329, -1, 18, 95, 9076 }, // U+0432
    { 20, 19, 313, -1, 18, 95, 9171 }, // U+0433
    { 23, 23, 388, -2, 18, 133, 9266 }, // U+0434
    { 17, 19, 281, -1, 18, 81, 9399 }, // U+0435
    { 33, 19, 540, -1, 18, 157, 9480 }, // U+0436
    { 17, 19, 275, -1, 18, 81, 9637 }, // U+0437
    { 20, 19, 377, 0, 18, 95, 9718 }, // U+0438
    { 20, 27, 377, 0, 26, 135, 9813 }, // U+0439
    { 23, 19, 383, -1, 18, 110, 9948 }, // U+043A
    { 22, 19, 380, -2, 18, 105, 10058 }, // U+043B
    { 30, 19, 476, -1, 18, 143, 10163 }, // U+043C
    { 25, 19, 395, -1, 18, 119, 10306 }, // U+043D
    { 20, 19, 333, -1, 18, 95, 10425 }, // U+043E
    { 25, 19, 395, -1, 18, 119, 10520 }, // U+043F
    { 25, 28, 364, -4, 18, 175, 10639 }, // U+0440
    { 19, 19, 301, -1, 18, 91, 10814 }, // U+0441
    { 20, 19, 330, 0, 18, 95, 10905 }, // U+0442
    { 27, 28, 392, -2, 18, 189, 11000 }, // U+0443
    { 24, 37, 389, -1, 27, 222, 11189 }, // U+0444
    { 25, 19, 397, -1, 18, 119, 11411 }, // U+0445
    { 25, 23, 395, -1, 18, 144, 11530 }, // U+0446
    { 21, 19, 367, 1, 18, 100, 11674 }, // U+0447
    { 33, 19, 517, -1, 18, 157, 11774 }, // U+0448
    { 33, 23, 517, -1, 18, 190, 11931 }, // U+0449
    { 20, 19, 352, 0, 18, 95, 12121 }, // U+044A
    { 31, 19, 485, -1, 18, 148, 12216 }, // U+044B
    { 20, 19, 323, -1, 18, 95, 12364 }, // U+044C
    { 19, 19, 301, -1, 18, 91, 12459 }, // U+044D
    { 30, 19, 483, -1, 18, 143, 12550 }, // U+044E
    { 24, 19, 356, -2, 18, 114, 12693 }, // U+044F
    { 17, 26, 287, -1, 25, 111, 12807 }, // U+0451
    { 19, 19, 301, -1, 18, 91, 12918 }, // U+0454
    { 10, 27, 189, 0, 25, 68, 13009 }, // U+0456
    { 12, 27, 199, 0, 25, 81, 13077 }, // U+0457
    { 28, 31, 403, -1, 30, 217, 13158 }, // U+0490
    { 21, 21, 313, -1, 20, 111, 13375 }, // U+0491
    { 0, 0, 300, 0, 0, 0, 0 }, // U+2002
    { 0, 0, 600, 0, 0, 0, 0 }, // U+2003
    { 0, 0, 120, 0, 0, 0, 0 }, // U+2009
    { 14, 5, 257, 0, 13, 18, 0 }, // U+2010
    { 14, 5, 257, 0, 13, 18, 18 }, // U+2011
    { 17, 5, 324, 1, 13, 22, 36 }, // U+2012
    { 17, 5, 324, 1, 13, 22, 58 }, // U+2013
    { 35, 5, 626, 1, 13, 44, 80 }, // U+2014
    { 41, 5, 624, -2, 13, 52, 124 }, // U+2015
    { 10, 29, 421, 8, 28, 73, 176 }, // U+2016
    { 8, 10, 156, 3, 28, 20, 249 }, // U+2018
    { 8, 10, 157, 3, 28, 20, 269 }, // U+2019
    { 8, 10, 155, -2, 5, 20, 289 }, // U+201A
    { 8, 10, 156, 3, 28, 20, 309 }, // U+201B
    { 14, 10, 240, 3, 28, 35, 329 }, // U+201C
    { 14, 10, 241, 3, 28, 35, 364 }, // U+201D
    { 14, 10, 240, -2, 5, 35, 399 }, // U+201E
    { 14, 10, 240, 3, 28, 35, 434 }, // U+201F
    { 13, 31, 346, 5, 27, 101, 469 }, // U+2020
    { 15, 31, 346, 3, 27, 117, 570 }, // U+2021
    { 12, 13, 276, 2, 18, 39, 687 }, // U+2022
    { 14, 15, 300, 2, 19, 53, 726 }, // U+2023
    { 7, 6, 155, -1, 5, 11, 779 }, // U+2024
    { 7, 6, 155, -1, 5, 11, 790 }, // U+2025
    { 25, 6, 462, -1, 5, 38, 801 }, // U+2026
    { 7, 6, 155, 1, 14, 11, 839 }, // U+2027
    { 34, 29, 762, 3, 28, 247, 850 }, // U+2030
    { 9, 12, 174, 2, 29, 27, 1097 }, // U+2032
    { 14, 12, 246, 2, 29, 42, 1124 }, // U+2033
    { 18, 12, 318, 2, 29, 54, 1166 }, // U+2034
    { 8, 11, 157, 1, 28, 22, 1220 }, // U+2035
    { 10, 16, 186, 1, 20, 40, 1242 }, // U+2039
    { 10, 16, 186, 0, 20, 40, 1282 }, // U+203A
    { 16, 5, 324, 2, 14, 20, 1322 }, // U+2043
    { 17, 22, 204, 0, 20, 94, 1342 }, // U+2044
    { 12, 13, 276, 2, 18, 39, 1436 }, // U+204C
    { 12, 13, 276, 2, 18, 39, 1475 }, // U+204D
    { 12, 13, 276, 2, 18, 39, 1514 }, // U+2055
    { 16, 19, 273, 1, 29, 76, 0 }, // U+2070
    { 15, 17, 265, 0, 28, 64, 76 }, // U+2074
    { 16, 17, 263, 1, 28, 68, 140 }, // U+2075
    { 15, 17, 267, 1, 28, 64, 208 }, // U+2076
    { 16, 17, 255, 1, 28, 68, 272 }, // U+2077
    { 15, 17, 269, 1, 28, 64, 340 }, // U+2078
    { 15, 17, 254, 1, 28, 64, 404 }, // U+2079
    { 12, 10, 240, 2, 22, 30, 468 }, // U+207A
    { 12, 4, 240, 2, 19, 12, 498 }, // U+207B
    { 16, 19, 273, -2, 13, 76, 510 }, // U+2080
    { 10, 18, 183, -3, 13, 45, 586 }, // U+2081
    { 16, 18, 258, -3, 13, 72, 631 }, // U+2082
    { 16, 18, 266, -2, 13, 72, 703 }, // U+2083
    { 15, 18, 265, -3, 13, 68, 775 }, // U+2084
    { 16, 18, 263, -2, 13, 72, 843 }, // U+2085
    { 15, 18, 267, -2, 13, 68, 915 }, // U+2086
    { 16, 18, 255, -2, 13, 72, 983 }, // U+2087
    { 15, 18, 269, -2, 13, 68, 1055 }, // U+2088
    { 15, 18, 254, -2, 13, 68, 1123 }, // U+2089
    { 12, 10, 240, -1, 6, 30, 1191 }, // U+208A
    { 12, 4, 240, -1, 3, 12, 1221 }, // U+208B
    { 50, 29, 784, 0, 28, 363, 0 }, // U+20A9
    { 32, 29, 496, -1, 28, 232, 363 }, // U+20AC
    { 30, 29, 455, -1, 28, 218, 595 }, // U+20B1
    { 26, 29, 388, -1, 28, 189, 813 }, // U+20B4
    { 29, 29, 475, 2, 28, 211, 1002 }, // U+20B8
    { 33, 29, 484, -1, 27, 240, 1213 }, // U+20B9
    { 26, 29, 443, -1, 28, 189, 1453 }, // U+20BA
    { 31, 29, 455, -2, 28, 225, 1642 }, // U+20BD
    { 29, 37, 455, -1, 32, 269, 1867 }, // U+20BF
    { 21, 9, 372, -3, 16, 48, 0 }, // U+2190
    { 12, 28, 354, 6, 28, 84, 48 }, // U+2191
    { 21, 9, 373, 1, 16, 48, 132 }, // U+2192
    { 11, 27, 354, 4, 22, 75, 180 }, // U+2193
    { 22, 9, 360, -1, 16, 50, 255 }, // U+2194
    { 15, 38, 354, 3, 30, 143, 305 }, // U+2195
    { 19, 20, 430, 3, 21, 95, 448 }, // U+2196
    { 18, 20, 338, 1, 21, 90, 543 }, // U+2197
    { 19, 20, 430, 3, 21, 95, 633 }, // U+2198
    { 19, 20, 338, 0, 21, 95, 728 }, // U+2199
    { 22, 14, 396, 0, 18, 77, 823 }, // U+21D0
    { 14, 22, 385, 5, 23, 77, 900 }, // U+21D1
    { 22, 14, 396, 2, 18, 77, 977 }, // U+21D2
    { 14, 21, 385, 4, 21, 74, 1054 }, // U+21D3
    { 25, 14, 384, -1, 18, 88, 1128 }, // U+21D4
    { 33, 28, 571, 4, 27, 231, 0 }, // U+2200
    { 25, 28, 524, 4, 27, 175, 231 }, // U+2203
    { 17, 19, 377, 3, 21, 81, 406 }, // U+2205
    { 20, 20, 384, 0, 23, 100, 487 }, // U+2206
    { 21, 20, 384, 3, 20, 105, 587 }, // U+2207
    { 26, 30, 488, 2, 28, 195, 692 }, // U+2208
    { 18, 5, 360, 2, 13, 23, 887 }, // U+2212
    { 14, 18, 334, 3, 19, 63, 910 }, // U+2213
    { 16, 15, 281, 3, 32, 60, 973 }, // U+2217
    { 12, 11, 264, 2, 17, 33, 1033 }, // U+2218
    { 12, 12, 276, 2, 17, 36, 1066 }, // U+2219
    { 22, 19, 356, 0, 23, 105, 1102 }, // U+221A
    { 23, 14, 400, 1, 18, 81, 1207 }, // U+221E
    { 19, 22, 335, 0, 23, 105, 1288 }, // U+2220
    { 9, 21, 405, 8, 22, 48, 1393 }, // U+2225
    { 21, 21, 372, -1, 22, 111, 1441 }, // U+2227
    { 20, 21, 372, 3, 22, 105, 1552 }, // U+2228
    { 15, 17, 386, 3, 19, 64, 1657 }, // U+2234
    { 15, 17, 386, 5, 19, 64, 1721 }, // U+2235
    { 13, 12, 257, 1, 18, 39, 1785 }, // U+2248
    { 15, 16, 257, 0, 17, 60, 1824 }, // U+2260
    { 15, 15, 415, 5, 19, 57, 1884 }, // U+2261
    { 22, 22, 355, -1, 20, 121, 1941 }, // U+2264
    { 21, 22, 355, -1, 20, 116, 2062 }, // U+2265
    { 14, 21, 379, 3, 22, 74, 2178 }, // U+22A5
    { 7, 7, 155, 1, 15, 13, 2252 }, // U+22C5
};

static const EpdUnicodeInterval edslab_18_bolditalicIntervals[] = {
    { 0x20, 0x7E, 0x0 },
    { 0xA0, 0x137, 0x5F },
    { 0x139, 0x17E, 0xF7 },
    { 0x1CD, 0x1CE, 0x13D },
    { 0x20A, 0x20B, 0x13F },
    { 0x218, 0x21B, 0x141 },
    { 0x301, 0x301, 0x145 },
    { 0x312, 0x315, 0x146 },
    { 0x341, 0x341, 0x14A },
    { 0x343, 0x343, 0x14B },
    { 0x401, 0x401, 0x14C },
    { 0x404, 0x404, 0x14D },
    { 0x406, 0x407, 0x14E },
    { 0x410, 0x44F, 0x150 },
    { 0x451, 0x451, 0x190 },
    { 0x454, 0x454, 0x191 },
    { 0x456, 0x457, 0x192 },
    { 0x490, 0x491, 0x194 },
    { 0x2002, 0x2003, 0x196 },
    { 0x2009, 0x2009, 0x198 },
    { 0x2010, 0x2016, 0x199 },
    { 0x2018, 0x2027, 0x1A0 },
    { 0x2030, 0x2030, 0x1B0 },
    { 0x2032, 0x2035, 0x1B1 },
    { 0x2039, 0x203A, 0x1B5 },
    { 0x2043, 0x2044, 0x1B7 },
    { 0x204C, 0x204D, 0x1B9 },
    { 0x2055, 0x2055, 0x1BB },
    { 0x2070, 0x2070, 0x1BC },
    { 0x2074, 0x207B, 0x1BD },
    { 0x2080, 0x208B, 0x1C5 },
    { 0x20A9, 0x20A9, 0x1D1 },
    { 0x20AC, 0x20AC, 0x1D2 },
    { 0x20B1, 0x20B1, 0x1D3 },
    { 0x20B4, 0x20B4, 0x1D4 },
    { 0x20B8, 0x20BA, 0x1D5 },
    { 0x20BD, 0x20BD, 0x1D8 },
    { 0x20BF, 0x20BF, 0x1D9 },
    { 0x2190, 0x2199, 0x1DA },
    { 0x21D0, 0x21D4, 0x1E4 },
    { 0x2200, 0x2200, 0x1E9 },
    { 0x2203, 0x2203, 0x1EA },
    { 0x2205, 0x2208, 0x1EB },
    { 0x2212, 0x2213, 0x1EF },
    { 0x2217, 0x221A, 0x1F1 },
    { 0x221E, 0x221E, 0x1F5 },
    { 0x2220, 0x2220, 0x1F6 },
    { 0x2225, 0x2225, 0x1F7 },
    { 0x2227, 0x2228, 0x1F8 },
    { 0x2234, 0x2235, 0x1FA },
    { 0x2248, 0x2248, 0x1FC },
    { 0x2260, 0x2261, 0x1FD },
    { 0x2264, 0x2265, 0x1FF },
    { 0x22A5, 0x22A5, 0x201 },
    { 0x22C5, 0x22C5, 0x202 },
};

static const EpdFontGroup edslab_18_bolditalicGroups[] = {
    { 0, 5909, 15334, 95, 0 },
    { 5909, 4353, 15511, 96, 95 },
    { 10262, 5876, 25366, 126, 191 },
    { 16138, 639, 1430, 8, 317 },
    { 16777, 25, 140, 7, 325 },
    { 16802, 4894, 14177, 74, 332 },
    { 21696, 746, 1712, 38, 406 },
    { 22442, 550, 1274, 21, 444 },
    { 22992, 924, 2268, 9, 465 },
    { 23916, 561, 1317, 15, 474 },
    { 24477, 995, 2471, 26, 489 },
};

static const uint16_t edslab_18_bolditalicKernLeftCodepoints[] = {
    0x0020, 0x0022, 0x002D, 0x0030, 0x0031, 0x0032, 0x0033, 0x0034, 0x0035, 0x0036, 0x0037, 0x0038,
    0x0039, 0x0041, 0x0042, 0x0043, 0x0044, 0x0045, 0x0046, 0x0047, 0x0048, 0x0049, 0x004A, 0x004B,
    0x004C, 0x004D, 0x004E, 0x004F, 0x0050, 0x0051, 0x0052, 0x0053, 0x0054, 0x0055, 0x0056, 0x0057,
    0x0059, 0x005A, 0x0061, 0x0062, 0x0063, 0x0064, 0x0065, 0x0066, 0x0067, 0x0068, 0x0069, 0x006A,
    0x006B, 0x006C, 0x006D, 0x006E, 0x006F, 0x0070, 0x0071, 0x0072, 0x0073, 0x0074, 0x0075, 0x0076,
    0x0077, 0x0079, 0x007A, 0x0401, 0x0410, 0x0411, 0x0412, 0x0413, 0x0414, 0x0415, 0x0416, 0x0417,
    0x0418, 0x0419, 0x041A, 0x041B, 0x041C, 0x041D, 0x041E, 0x041F, 0x0420, 0x0421, 0x0422, 0x0423,
    0x0424, 0x0425, 0x0426, 0x0427, 0x0428, 0x0429, 0x042A, 0x042B, 0x042C, 0x042D, 0x042E, 0x042F,
    0x0430, 0x0431, 0x0432, 0x0433, 0x0434, 0x0435, 0x0436, 0x0437, 0x0438, 0x0439, 0x043A, 0x043B,
    0x043C, 0x043D, 0x043E, 0x043F, 0x0440, 0x0441, 0x0442, 0x0443, 0x0444, 0x0445, 0x0446, 0x0447,
    0x0448, 0x0449, 0x044A, 0x044B, 0x044C, 0x044D, 0x044E, 0x044F, 0x0451,
};

static const uint8_t edslab_18_bolditalicKernLeftClassIds[] = {
      1,   2,   3,   4,   5,   6,   7,   8,   9,  10,  11,  12,  13,  14,  15,  16,
     17,  18,  19,  20,  21,  22,  23,  24,  25,  26,  27,  28,  29,  30,  31,  32,
     33,  34,  35,  36,  37,  38,  39,  40,  41,  42,  43,  44,  45,  46,  47,  48,
     49,  50,  51,  52,  53,  54,  55,  56,  57,  58,  59,  60,  61,  62,  63,  64,
     65,  66,  67,  68,  69,  70,  71,  72,  73,  74,  75,  76,  77,  78,  79,  80,
     81,  82,  83,  84,  85,  86,  87,  88,  89,  90,  91,  92,  93,  94,  95,  96,
     97,  98,  99, 100, 101, 102, 103, 104, 105, 106, 107, 108, 109, 110, 111, 112,
    113, 114, 115, 116, 117, 118, 119, 120, 121, 122, 123, 124, 125, 126, 127, 128,
    129,
};

static const uint16_t edslab_18_bolditalicKernRightCodepoints[] = {
    0x0022, 0x002D, 0x0030, 0x0031, 0x0032, 0x0033, 0x0034, 0x0035, 0x0036, 0x0037, 0x0038, 0x0039,
    0x0041, 0x0042, 0x0043, 0x0044, 0x0045, 0x0046, 0x0047, 0x0048, 0x0049, 0x004A, 0x004B, 0x004C,
    0x004D, 0x004E, 0x004F, 0x0050, 0x0051, 0x0052, 0x0053, 0x0054, 0x0055, 0x0056, 0x0057, 0x0059,
    0x005A, 0x0061, 0x0062, 0x0063, 0x0064, 0x0065, 0x0066, 0x0067, 0x0068, 0x0069, 0x006A, 0x006B,
    0x006C, 0x006D, 0x006E, 0x006F, 0x0070, 0x0071, 0x0072, 0x0073, 0x0074, 0x0075, 0x0076, 0x0077,
    0x0079, 0x007A, 0x0401, 0x0410, 0x0411, 0x0412, 0x0413, 0x0414, 0x0415, 0x0416, 0x0417, 0x0418,
    0x0419, 0x041A, 0x041B, 0x041C, 0x041D, 0x041E, 0x041F, 0x0420, 0x0421, 0x0422, 0x0423, 0x0424,
    0x0425, 0x0426, 0x0427, 0x0428, 0x0429, 0x042A, 0x042B, 0x042C, 0x042D, 0x042E, 0x042F, 0x0430,
    0x0431, 0x0432, 0x0433, 0x0434, 0x0435, 0x0436, 0x0437, 0x0438, 0x0439, 0x043A, 0x043B, 0x043C,
    0x043D, 0x043E, 0x043F, 0x0440, 0x0441, 0x0442, 0x0443, 0x0444, 0x0445, 0x0446, 0x0447, 0x0448,
    0x0449, 0x044A, 0x044B, 0x044C, 0x044D, 0x044E, 0x044F, 0x0451, 0x2025,
};

static const uint8_t edslab_18_bolditalicKernRightClassIds[] = {
      1,   2,   3,   4,   5,   6,   7,   8,   9,  10,  11,  12,  13,  14,  15,  16,
     17,  18,  19,  20,  21,  22,  23,  24,  25,  26,  27,  28,  29,  30,  31,  32,
     33,  34,  35,  36,  37,  38,  39,  40,  41,  42,  43,  44,  45,  46,  47,  48,
     49,  50,  51,  52,  53,  54,  55,  56,  57,  58,  59,  60,  61,  62,  63,  64,
     65,  66,  67,  68,  69,  70,  71,  72,  73,  74,  75,  76,  77,  78,  79,  80,
     81,  82,  83,  84,  85,  86,  87,  88,  89,  90,  91,  92,  93,  94,  95,  96,
     97,  98,  99, 100, 101, 102, 103, 104, 105, 106, 107, 108, 109, 110, 111, 112,
    113, 114, 115, 116, 117, 118, 119, 120, 121, 122, 123, 124, 125, 126, 127, 128,
    129,
};

static const uint16_t edslab_18_bolditalicKernRowOffsets[] = {
        0,     1,    77,   192,   204,   216,   228,   238,   248,   257,   267,   279,   290,   300,   355,   403,
      451,   501,   531,   582,   625,   659,   699,   731,   782,   827,   869,   921,   969,  1018,  1072,  1114,
     1160,  1214,  1268,  1322,  1376,  1430,  1480,  1508,  1530,  1556,  1584,  1608,  1636,  1665,  1692,  1720,
     1744,  1773,  1801,  1827,  1854,  1880,  1906,  1929,  1954,  1977,  2001,  2029,  2057,  2085,  2113,  2135,
     2153,  2220,  2267,  2314,  2380,  2427,  2446,  2506,  2557,  2598,  2634,  2684,  2718,  2752,  2787,  2840,
     2876,  2920,  2978,  3032,  3098,  3146,  3199,  3248,  3298,  3333,  3376,  3432,  3465,  3515,  3565,  3614,
     3650,  3674,  3696,  3721,  3748,  3782,  3807,  3841,  3864,  3898,  3928,  3955,  3989,  4009,  4033,  4064,
     4091,  4121,  4150,  4185,  4220,  4250,  4277,  4310,  4343,  4377,  4411,  4443,  4471,  4500,  4528,  4559,
     4593,  4621,
};

static const uint8_t edslab_18_bolditalicKernSparseCols[] = {
     81,   2,   4,   5,   6,   7,   8,  10,  12,  14,  18,  21,  26,  28,  30,  37,
     38,  39,  40,  41,  42,  43,  44,  45,  46,  47,  48,  49,  50,  51,  52,  53,
     54,  55,  60,  61,  63,  67,  69,  70,  74,  77,  80,  83,  92,  94,  95,  96,
     97,  98,  99, 100, 101, 102, 105, 106, 107, 108, 109, 110, 111, 112, 113, 114,
    115, 116, 117, 118, 119, 120, 121, 122, 123, 124, 125, 126, 127,   3,   4,   5,
      6,   7,   8,   9,  10,  12,  13,  14,  15,  16,  17,  18,  19,  20,  21,  22,
     23,  24,  25,  26,  27,  29,  30,  31,  32,  33,  34,  35,  36,  37,  38,  39,
     42,  44,  45,  46,  47,  48,  49,  50,  51,  52,  53,  54,  55,  56,  57,  58,
     59,  60,  61,  62,  63,  64,  65,  66,  67,  68,  70,  71,  72,  73,  74,  75,
     76,  78,  79,  80,  81,  82,  83,  84,  85,  86,  87,  88,  89,  90,  91,  92,
     93,  94,  96,  97,  98,  99, 100, 101, 102, 103, 105, 106, 107, 108, 109, 110,
    111, 112, 113, 114, 116, 117, 118, 119, 120, 121, 122, 123, 124, 125, 126, 127,
      0,   1,   2,   4,   5,   6,   7,   8,   9,  10,  11, 128,   0,   1,   2,   3,
      4,   5,   6,   7,   8,   9,  10,  11,   0,   1,   2,   3,   4,   5,   6,   7,
      8,   9,  10,  11,   1,   2,   3,   4,   5,   6,   7,   8,   9, 128,   0,   1,
      2,   3,   4,   5,   6,   7,   9,  10,   1,   4,   5,   6,   7,   9,  10,  11,
    128,   1,   2,   3,   4,   5,   7,   9,  10,  11, 128,   1,   2,   3,   4,   5,
      6,   7,   8,   9,  10,  11, 128,   0,   1,   2,   3,   4,   5,   7,   9,  10,
     11, 128,   1,   2,   4,   5,   6,   7,   8,   9,  10, 128,   0,   1,  12,  13,
     14,  15,  16,  17,  18,  19,  20,  21,  22,  23,  24,  25,  26,  27,  28,  29,
     30,  31,  32,  33,  34,  35,  36,  37,  38,  39,  40,  41,  42,  43,  44,  45,
     46,  47,  48,  49,  50,  51,  52,  53,  54,  55,  56,  57,  58,  59,  60,  61,
     84, 116, 128,   1,  12,  13,  14,  15,  16,  17,  19,  20,  21,  22,  23,  24,
     25,  26,  27,  28,  29,  31,  32,  33,  34,  35,  36,  37,  38,  39,  40,  41,
     42,  43,  44,  45,  46,  47,  48,  49,  50,  51,  52,  53,  54,  55,  56,  60,
     84, 116, 128,   0,   1,  12,  13,  14,  15,  16,  17,  18,  19,  22,  23,  24,
     25,  26,  27,  29,  30,  31,  32,  33,  34,  35,  36,  37,  38,  41,  42,  43,
     44,  45,  46,  47,  48,  49,  50,  51,  52,  54,  56,  57,  58,  59,  60,  61,
     84, 116, 128,   1,  12,  13,  14,  16,  17,  18,  19,  20,  21,  22,  23,  24,
     25,  26,  27,  28,  29,  30,  31,  32,  33,  34,  35,  36,  37,  38,  39,  40,
     41,  42,  43,  44,  45,  46,  47,  49,  50,  51,  52,  53,  55,  56,  57,  58,
     59,  60,  84, 116, 128,   1,  12,  14,  18,  23,  26,  28,  31,  32,  33,  34,
     35,  37,  38,  43,  45,  46,  47,  48,  50,  51,  52,  53,  55,  56,  57,  58,
     59,  60, 116,   1,  12,  13,  14,  15,  16,  17,  18,  19,  20,  21,  22,  25,
     26,  27,  28,  29,  31,  32,  33,  34,  35,  36,  37,  38,  39,  40,  41,  42,
     43,  44,  45,  46,  47,  48,  49,  50,  51,  52,  53,  54,  55,  56,  57,  58,
     59,  60,  61,  84, 116, 128,   0,   1,  12,  13,  14,  15,  16,  17,  18,  19,
     20,  21,  22,  23,  24,  25,  27,  29,  30,  31,  32,  33,  34,  35,  36,  38,
     42,  43,  44,  46,  47,  48,  49,  50,  52,  54,  55,  58,  60,  61,  84, 116,
    128,   1,  12,  14,  18,  21,  26,  28,  30,  31,  32,  33,  34,  35,  36,  37,
     38,  39,  40,  41,  49,  50,  51,  52,  53,  54,  55,  56,  57,  58,  59,  60,
     61,  84, 116,   1,  12,  14,  18,  21,  26,  28,  30,  31,  32,  33,  34,  35,
     37,  38,  39,  40,  41,  42,  43,  44,  45,  46,  47,  48,  49,  50,  51,  52,
     53,  54,  55,  56,  57,  58,  59,  60,  61,  84, 116,   0,   1,  12,  26,  28,
     30,  31,  33,  34,  35,  36,  37,  38,  40,  41,  42,  43,  44,  45,  46,  47,
     48,  49,  50,  54,  55,  57,  60,  61,  84, 116, 128,   1,  12,  14,  15,  17,
     18,  19,  20,  21,  22,  23,  24,  25,  26,  27,  28,  29,  30,  31,  32,  33,
     34,  35,  36,  37,  38,  39,  40,  41,  42,  43,  44,  45,  46,  47,  48,  49,
     50,  51,  52,  53,  54,  55,  56,  57,  58,  59,  60,  61,  84, 116,   0,   1,
     12,  13,  14,  15,  16,  18,  19,  21,  22,  24,  25,  26,  28,  29,  30,  31,
     32,  33,  34,  35,  36,  37,  38,  42,  43,  45,  46,  47,  48,  49,  50,  51,
     52,  54,  55,  56,  57,  58,  59,  60,  61,  84, 116,   1,  12,  14,  18,  21,
     26,  28,  30,  31,  32,  33,  34,  35,  36,  37,  38,  39,  40,  41,  42,  43,
     44,  45,  46,  47,  48,  49,  50,  51,  52,  53,  54,  55,  56,  57,  58,  59,
     60,  61,  84, 116, 128,   1,  12,  13,  14,  15,  16,  17,  18,  20,  21,  23,
     24,  25,  26,  27,  28,  29,  30,  31,  32,  33,  34,  35,  36,  37,  38,  39,
     40,  41,  42,  43,  44,  45,  46,  47,  48,  49,  50,  51,  52,  53,  54,  55,
     56,  57,  58,  59,  60,  61,  84, 116, 128,   0,   1,  12,  13,  14,  15,  16,
     17,  19,  20,  21,  22,  23,  24,  25,  26,  27,  28,  29,  30,  31,  32,  33,
     34,  35,  36,  37,  38,  42,  43,  44,  45,  46,  47,  48,  49,  50,  51,  52,
     54,  55,  58,  59,  60,  61,  84, 116, 128,   0,   1,  12,  13,  14,  15,  16,
     17,  18,  19,  20,  21,  22,  23,  24,  25,  26,  27,  28,  29,  30,  31,  32,
     33,  34,  35,  36,  37,  38,  39,  40,  41,  43,  44,  45,  46,  47,  48,  49,
     50,  51,  53,  55,  56,  60,  61,  84, 116, 128,   0,   1,  12,  13,  14,  15,
     16,  17,  18,  19,  20,  21,  22,  23,  24,  25,  26,  27,  28,  29,  30,  31,
     32,  33,  34,  35,  36,  37,  38,  39,  40,  41,  42,  43,  44,  45,  46,  47,
     48,  49,  50,  51,  52,  53,  54,  55,  56,  57,  58,  59,  60,  61,  84, 116,
      0,   1,  12,  13,  14,  15,  17,  18,  19,  20,  21,  22,  23,  26,  27,  28,
     29,  31,  32,  33,  34,  35,  36,  37,  46,  47,  48,  49,  50,  51,  52,  53,
     54,  55,  56,  57,  58,  59,  60,  61,  84, 116,   0,   1,  12,  13,  14,  15,
     16,  17,  19,  20,  22,  23,  24,  25,  26,  27,  29,  30,  31,  32,  33,  34,
     35,  36,  38,  40,  41,  42,  43,  44,  45,  46,  47,  48,  49,  50,  52,  54,
     56,  57,  58,  59,  60,  61,  84, 116,   1,  12,  13,  14,  15,  16,  17,  18,
     19,  20,  21,  22,  23,  24,  25,  26,  27,  28,  29,  30,  31,  32,  33,  34,
     35,  36,  37,  38,  39,  40,  41,  42,  43,  44,  45,  46,  47,  48,  49,  50,
     51,  52,  53,  54,  55,  56,  57,  58,  59,  60,  61,  84, 116, 128,   1,  12,
     13,  14,  15,  16,  17,  18,  19,  20,  21,  22,  23,  24,  25,  26,  27,  28,
     29,  30,  31,  32,  33,  34,  35,  36,  37,  38,  39,  40,  41,  42,  43,  44,
     45,  46,  47,  48,  49,  50,  51,  52,  53,  54,  55,  56,  57,  58,  59,  60,
     61,  84, 116, 128,   1,  12,  13,  14,  15,  16,  17,  18,  19,  20,  21,  22,
     23,  24,  25,  26,  27,  28,  29,  30,  31,  32,  33,  34,  35,  36,  37,  38,
     39,  40,  41,  42,  43,  44,  45,  46,  47,  48,  49,  50,  51,  52,  53,  54,
     55,  56,  57,  58,  59,  60,  61,  84, 116, 128,   1,  12,  13,  14,  15,  16,
     17,  18,  19,  20,  21,  22,  23,  24,  25,  26,  27,  28,  29,  30,  31,  32,
     33,  34,  35,  36,  37,  38,  39,  40,  41,  42,  43,  44,  45,  46,  47,  48,
     49,  50,  51,  52,  53,  54,  55,  56,  57,  58,  59,  60,  61,  84, 116, 128,
      1,  12,  13,  14,  15,  16,  17,  18,  19,  20,  21,  22,  23,  24,  25,  26,
     27,  28,  29,  30,  31,  32,  33,  34,  35,  36,  37,  38,  39,  40,  41,  42,
     43,  44,  45,  46,  47,  48,  49,  50,  51,  52,  53,  54,  55,  56,  57,  58,
     59,  60,  61,  84, 116, 128,  12,  13,  14,  15,  16,  17,  18,  19,  20,  21,
     22,  23,  24,  25,  26,  27,  28,  29,  30,  31,  32,  33,  34,  35,  36,  37,
     38,  39,  40,  42,  43,  44,  45,  46,  47,  48,  49,  50,  51,  52,  54,  55,
     56,  57,  58,  59,  60,  61,  84, 116,   0,   1,  37,  38,  39,  40,  41,  42,
     43,  44,  45,  46,  47,  48,  49,  50,  51,  52,  53,  54,  55,  56,  57,  58,
     59,  60,  61, 116,   1,  37,  38,  41,  42,  43,  44,  46,  47,  48,  49,  50,
     52,  54,  56,  57,  58,  59,  60,  61, 116, 128,   0,   1,  37,  38,  39,  40,
     42,  43,  44,  46,  47,  48,  49,  50,  51,  52,  53,  54,  55,  56,  57,  58,
     59,  60,  61, 116,   1,  37,  38,  39,  40,  41,  42,  43,  44,  45,  46,  47,
     48,  49,  50,  51,  52,  53,  54,  55,  56,  57,  58,  59,  60,  61, 116, 128,
      0,   1,  37,  38,  42,  43,  44,  45,  46,  47,  48,  49,  50,  51,  52,  54,
     55,  56,  57,  58,  59,  60,  61, 116,   0,   1,  37,  38,  39,  40,  41,  42,
     43,  44,  46,  47,  48,  49,  50,  51,  52,  53,  54,  55,  56,  57,  58,  59,
     60,  61, 116, 128,   0,   1,  37,  38,  39,  40,  41,  42,  43,  44,  45,  46,
     47,  48,  49,  50,  51,  52,  53,  54,  55,  56,  57,  58,  59,  60,  61, 116,
    128,   0,   1,  37,  38,  39,  40,  41,  42,  43,  44,  45,  46,  47,  48,  49,
     50,  51,  52,  53,  54,  56,  57,  58,  59,  60,  61, 116,   0,   1,  37,  38,
     39,  40,  41,  42,  43,  44,  45,  46,  47,  48,  49,  50,  51,  52,  53,  54,
     55,  56,  57,  58,  59,  60,  61, 116,   0,   1,  38,  39,  40,  41,  43,  44,
     46,  47,  48,  49,  50,  51,  52,  53,  54,  55,  56,  58,  59,  60,  61, 116,
      0,   1,  37,  38,  39,  40,  41,  42,  43,  44,  45,  46,  47,  48,  49,  50,
     51,  52,  53,  54,  55,  56,  57,  58,  59,  60,  61, 116, 128,   0,  37,  38,
     39,  40,  41,  42,  43,  44,  45,  46,  47,  48,  49,  50,  51,  52,  53,  54,
     55,  56,  57,  58,  59,  60,  61, 116, 128,   0,   1,  37,  38,  39,  40,  42,
     43,  44,  45,  46,  47,  48,  49,  50,  51,  52,  54,  55,  56,  57,  58,  59,
     60,  61, 116,   0,   1,  37,  38,  39,  40,  41,  42,  43,  44,  45,  46,  47,
     48,  49,  50,  51,  52,  53,  54,  56,  57,  58,  59,  60,  61, 116,   0,   1,
     38,  40,  41,  42,  43,  44,  46,  47,  48,  49,  50,  51,  52,  53,  54,  55,
     56,  57,  58,  59,  60,  61, 116, 128,   0,   1,  37,  38,  39,  40,  41,  42,
     43,  44,  46,  47,  48,  49,  50,  52,  53,  54,  56,  57,  58,  59,  60,  61,
    116, 128,   0,   1,  38,  42,  43,  44,  46,  47,  48,  49,  50,  51,  52,  53,
     54,  55,  56,  57,  58,  59,  60,  61, 116,   0,   1,  37,  38,  39,  40,  41,
     42,  43,  44,  46,  47,  48,  49,  50,  51,  52,  53,  54,  56,  59,  60,  61,
    116, 128,   0,  37,  38,  40,  42,  43,  44,  45,  46,  47,  48,  49,  50,  52,
     54,  55,  56,  57,  58,  59,  60,  61, 116,   0,  37,  38,  42,  43,  44,  45,
     46,  47,  48,  49,  50,  51,  52,  53,  54,  55,  56,  57,  58,  59,  60,  61,
    116,   0,   1,  37,  38,  39,  40,  41,  42,  43,  44,  45,  46,  47,  48,  49,
     50,  51,  52,  53,  54,  55,  56,  57,  58,  59,  60,  61, 116,   1,  37,  38,
     39,  40,  41,  42,  43,  44,  45,  46,  47,  48,  49,  50,  51,  52,  53,  54,
     55,  56,  57,  58,  59,  60,  61, 116, 128,   1,  37,  38,  39,  40,  41,  42,
     43,  44,  45,  46,  47,  48,  49,  50,  51,  52,  53,  54,  55,  56,  57,  58,
     59,  60,  61, 116, 128,   1,  37,  38,  39,  40,  41,  42,  43,  44,  45,  46,
     47,  48,  49,  50,  51,  52,  53,  54,  55,  56,  57,  58,  59,  60,  61, 116,
    128,   0,  37,  38,  39,  42,  43,  44,  46,  47,  48,  50,  51,  52,  53,  54,
     56,  57,  58,  59,  60,  61, 116,   1,  63,  67,  70,  74,  77,  80,  81,  82,
     83,  86,  89,  92,  99, 106, 114, 118, 126,   0,   1,  62,  63,  64,  65,  66,
     67,  68,  69,  70,  71,  72,  73,  74,  75,  76,  77,  78,  79,  80,  81,  82,
     83,  85,  86,  87,  88,  89,  90,  91,  92,  93,  94,  95,  96,  97,  98,  99,
    100, 101, 102, 103, 104, 105, 106, 107, 108, 109, 110, 111, 112, 113, 114, 115,
    117, 118, 119, 120, 121, 122, 123, 124, 125, 126, 127, 128,   1,  62,  63,  64,
     65,  66,  67,  68,  70,  71,  72,  73,  75,  76,  78,  79,  80,  81,  82,  83,
     85,  86,  87,  88,  89,  90,  91,  92,  93,  94,  96,  99, 100, 102, 109, 111,
    112, 113, 114, 115, 118, 121, 122, 124, 125, 126, 127,   1,  62,  63,  64,  65,
     66,  67,  68,  69,  70,  71,  72,  73,  75,  76,  77,  78,  79,  80,  81,  82,
     83,  85,  86,  87,  88,  89,  90,  91,  92,  93,  95,  96,  99, 100, 103, 104,
    109, 111, 112, 113, 114, 115, 118, 121, 124, 127,   1,  62,  63,  64,  65,  66,
     67,  68,  69,  70,  71,  72,  73,  74,  75,  76,  77,  78,  79,  80,  81,  82,
     83,  85,  86,  87,  88,  89,  90,  91,  92,  93,  94,  95,  96,  97,  98,  99,
    100, 101, 102, 103, 104, 105, 106, 107, 108, 109, 110, 111, 112, 113, 114, 115,
    117, 118, 119, 120, 121, 122, 123, 124, 125, 126, 127, 128,   1,  62,  63,  64,
     65,  66,  67,  68,  69,  70,  71,  72,  73,  74,  75,  76,  77,  78,  79,  80,
     81,  82,  83,  85,  86,  87,  88,  89,  90,  92,  93,  94,  99, 101, 102, 103,
    104, 106, 109, 111, 114, 118, 121, 122, 123, 125, 126,   1,  63,  67,  69,  70,
     74,  77,  80,  81,  82,  86,  89,  92,  94,  99, 106, 114, 118, 126,   1,  62,
     63,  64,  65,  66,  67,  68,  69,  70,  71,  72,  73,  74,  75,  76,  77,  78,
     79,  80,  81,  82,  83,  85,  86,  87,  88,  89,  90,  91,  92,  93,  94,  95,
     97,  98,  99, 101, 102, 103, 104, 105, 106, 107, 108, 110, 111, 113, 114, 117,
    118, 119, 120, 121, 122, 123, 124, 125, 126, 128,   0,  62,  63,  64,  65,  66,
     67,  68,  69,  70,  71,  72,  73,  74,  75,  76,  78,  79,  81,  82,  83,  85,
     86,  87,  88,  89,  90,  91,  93,  94,  95,  96,  99, 100, 101, 102, 105, 106,
    109, 111, 112, 114, 115, 118, 120, 122, 123, 124, 126, 127, 128,   1,  63,  67,
     69,  70,  71,  72,  74,  77,  80,  81,  82,  83,  86,  89,  92,  94,  95,  98,
     99, 100, 101, 102, 103, 104, 105, 106, 109, 110, 111, 112, 113, 114, 115, 117,
    118, 121, 124, 125, 126, 127,   1,  63,  67,  69,  70,  71,  72,  74,  77,  80,
     81,  82,  83,  86,  89,  92,  94,  95,  99, 100, 101, 106, 109, 110, 111, 112,
    113, 114, 115, 117, 118, 121, 124, 125, 126, 127,   1,  63,  67,  69,  70,  71,
     72,  74,  77,  80,  81,  82,  83,  86,  89,  92,  94,  95,  96,  97,  98,  99,
    100, 101, 102, 103, 104, 105, 106, 107, 108, 109, 110, 111, 112, 113, 114, 115,
    117, 118, 119, 120, 121, 122, 123, 124, 125, 126, 127, 128,   1,  63,  67,  69,
     70,  71,  72,  74,  77,  80,  81,  82,  83,  86,  89,  92,  94,  95,  99, 101,
    102, 103, 104, 106, 109, 111, 112, 113, 114, 115, 118, 121, 124, 126,   1,  63,
     67,  69,  70,  71,  72,  74,  77,  80,  81,  82,  83,  86,  89,  92,  94,  95,
     99, 101, 102, 103, 104, 106, 109, 111, 112, 113, 114, 115, 118, 121, 124, 126,
      1,  63,  67,  69,  70,  71,  72,  74,  77,  80,  81,  82,  83,  86,  89,  92,
     94,  95,  99, 100, 101, 102, 103, 104, 106, 109, 111, 112, 113, 114, 115, 118,
    121, 124, 126,   0,  62,  63,  64,  65,  66,  67,  68,  69,  70,  71,  72,  73,
     74,  75,  76,  77,  78,  79,  80,  81,  82,  83,  85,  86,  87,  88,  89,  90,
     91,  93,  94,  95,  96,  97,  98,  99, 100, 102, 103, 104, 105, 106, 108, 109,
    112, 118, 121, 122, 124, 126, 127, 128,   1,  63,  67,  69,  70,  71,  72,  74,
     77,  80,  81,  82,  83,  86,  89,  92,  94,  99, 100, 101, 102, 103, 104, 106,
    109, 111, 112, 113, 114, 115, 117, 118, 121, 124, 126, 127,   1,  63,  67,  68,
     69,  70,  71,  72,  74,  80,  82,  83,  85,  86,  89,  91,  92,  94,  95,  96,
     99, 100, 101, 102, 105, 106, 107, 108, 109, 110, 111, 112, 115, 117, 118, 119,
    120, 122, 123, 124, 125, 126, 127, 128,   0,  62,  63,  64,  65,  66,  67,  68,
     69,  70,  71,  72,  73,  74,  75,  76,  77,  78,  79,  80,  81,  82,  83,  85,
     86,  87,  88,  89,  90,  91,  92,  93,  94,  95,  96,  97,  98,  99, 101, 102,
    103, 104, 105, 106, 107, 108, 110, 111, 112, 114, 115, 117, 118, 121, 123, 124,
    125, 126,   1,  63,  65,  67,  68,  69,  70,  71,  72,  74,  77,  79,  80,  81,
     82,  83,  86,  89,  90,  92,  94,  95,  96,  97,  98,  99, 100, 101, 102, 103,
    104, 105, 106, 107, 108, 109, 110, 111, 112, 113, 114, 115, 117, 118, 119, 120,
    121, 122, 123, 124, 125, 126, 127, 128,   1,  62,  63,  64,  65,  66,  67,  68,
     69,  70,  71,  72,  73,  74,  75,  76,  77,  78,  79,  80,  81,  82,  83,  85,
     86,  87,  88,  89,  90,  91,  92,  93,  94,  95,  96,  97,  98,  99, 100, 101,
    102, 103, 104, 105, 106, 107, 108, 109, 110, 111, 112, 113, 114, 115, 117, 118,
    119, 120, 121, 122, 123, 124, 125, 126, 127, 128,   1,  62,  63,  64,  65,  66,
     67,  68,  69,  70,  71,  72,  73,  74,  75,  76,  77,  78,  79,  80,  81,  82,
     83,  85,  86,  87,  89,  90,  91,  92,  93,  94,  96,  99, 100, 102, 103, 104,
    106, 109, 112, 113, 115, 118, 121, 125, 126, 127,   1,  12,  13,  14,  15,  16,
     17,  18,  19,  20,  21,  22,  23,  24,  25,  26,  27,  28,  29,  30,  31,  32,
     33,  34,  35,  36,  37,  38,  39,  40,  41,  42,  43,  44,  45,  46,  47,  48,
     49,  50,  51,  52,  53,  54,  55,  56,  57,  58,  59,  60,  61,  84, 116,   1,
     63,  67,  69,  70,  71,  72,  74,  77,  80,  81,  82,  83,  86,  89,  92,  93,
     94,  95,  97,  98,  99, 100, 101, 102, 103, 104, 105, 106, 107, 108, 109, 110,
    111, 112, 113, 114, 115, 117, 118, 119, 120, 121, 122, 123, 124, 125, 126, 127,
      1,  63,  67,  69,  70,  71,  72,  74,  77,  80,  81,  82,  83,  86,  89,  90,
     92,  93,  94,  95,  97,  98,  99, 100, 101, 102, 103, 104, 105, 106, 107, 108,
    109, 110, 111, 112, 113, 114, 115, 117, 118, 119, 120, 121, 122, 123, 124, 125,
    126, 127,   1,  63,  67,  69,  70,  71,  72,  74,  77,  81,  82,  83,  85,  86,
     89,  92,  94,  99, 101, 102, 103, 104, 106, 109, 111, 112, 113, 114, 115, 117,
    118, 123, 124, 125, 126,   1,  63,  67,  69,  70,  71,  72,  74,  77,  80,  81,
     82,  83,  86,  89,  92,  94,  97,  98,  99, 101, 102, 103, 104, 105, 106, 107,
    108, 109, 110, 111, 112, 113, 114, 115, 117, 118, 121, 122, 123, 124, 125, 126,
      0,   1,  62,  63,  64,  65,  66,  67,  68,  71,  72,  73,  75,  76,  77,  78,
     79,  80,  81,  82,  83,  85,  86,  87,  88,  89,  90,  91,  92,  93,  95,  96,
     97,  99, 100, 101, 103, 104, 105, 106, 109, 110, 111, 112, 113, 114, 115, 117,
    118, 121, 122, 123, 124, 126, 127, 128,   1,  63,  67,  71,  72,  74,  77,  80,
     81,  82,  83,  86,  89,  92,  94,  95,  99, 100, 101, 102, 103, 104, 105, 106,
    109, 111, 113, 114, 115, 118, 121, 123, 127,   0,   1,  62,  63,  64,  65,  66,
     67,  68,  70,  71,  72,  73,  75,  76,  77,  78,  79,  80,  81,  82,  83,  85,
     86,  87,  88,  89,  90,  91,  92,  93,  95,  96,  99, 100, 106, 109, 111, 112,
    113, 114, 115, 117, 118, 122, 123, 124, 125, 127, 128,   0,   1,  62,  63,  64,
     65,  66,  67,  68,  69,  70,  71,  72,  73,  74,  75,  76,  77,  78,  79,  80,
     81,  82,  83,  85,  86,  87,  88,  89,  90,  91,  92,  93,  94,  95,  96,  99,
    100, 101, 102, 106, 109, 112, 113, 121, 123, 124, 126, 127, 128,   0,   1,  62,
     63,  64,  65,  66,  67,  68,  69,  70,  71,  72,  73,  74,  75,  76,  77,  78,
     79,  80,  81,  82,  83,  85,  86,  87,  88,  89,  90,  91,  92,  93,  94,  96,
     98,  99, 100, 102, 106, 107, 108, 109, 112, 113, 122, 126, 127, 128,   1,  63,
     67,  69,  70,  71,  72,  74,  77,  80,  81,  82,  83,  86,  89,  92,  94,  95,
     99, 100, 101, 102, 103, 104, 106, 109, 111, 112, 113, 114, 115, 118, 121, 124,
    126, 127,   0,   1,  95,  99, 100, 101, 102, 103, 104, 105, 106, 107, 109, 111,
    112, 113, 114, 115, 118, 119, 121, 124, 126, 127,   0,   1,  96,  99, 100, 101,
    102, 105, 106, 109, 111, 112, 114, 115, 118, 121, 122, 123, 124, 126, 127, 128,
      0,  95,  96,  97,  98,  99, 100, 101, 102, 105, 106, 107, 108, 109, 111, 112,
    114, 115, 118, 121, 123, 124, 125, 126, 127,   0,  95,  97,  98,  99, 100, 101,
    102, 105, 106, 107, 108, 110, 111, 113, 114, 115, 117, 118, 119, 121, 122, 123,
    124, 125, 126, 128,   0,   1,  95,  96,  97,  98,  99, 100, 101, 102, 103, 104,
    105, 106, 107, 108, 109, 110, 111, 112, 113, 114, 115, 117, 118, 119, 120, 121,
    122, 123, 124, 125, 126, 127,   0,   1,  95,  96,  97,  98,  99, 100, 101, 105,
    106, 107, 108, 109, 110, 111, 112, 114, 115, 118, 123, 124, 125, 126, 127,   0,
      1,  95,  96,  97,  98,  99, 100, 101, 102, 103, 104, 105, 106, 107, 108, 109,
    110, 111, 112, 113, 114, 115, 117, 118, 119, 120, 121, 122, 123, 124, 125, 126,
    127,   0,   1,  96,  98,  99, 100, 101, 102, 103, 104, 105, 106, 107, 109, 111,
    112, 114, 115, 118, 123, 125, 127, 128,   0,   1,  95,  97,  98,  99, 100, 101,
    102, 103, 104, 105, 106, 107, 108, 109, 110, 111, 112, 113, 114, 115, 117, 118,
    119, 120, 121, 122, 123, 124, 125, 126, 127, 128,   0,   1,  95,  96,  97,  98,
     99, 100, 101, 102, 103, 104, 105, 106, 109, 110, 111, 112, 113, 114, 115, 117,
    118, 121, 123, 124, 125, 126, 127, 128,   0,   1,  95,  96,  97,  98,  99, 100,
    101, 102, 103, 104, 105, 106, 107, 109, 111, 112, 113, 114, 115, 118, 120, 122,
    124, 127, 128,   0,   1,  95,  96,  97,  98,  99, 100, 101, 102, 103, 104, 105,
    106, 107, 108, 109, 110, 111, 112, 113, 114, 115, 117, 118, 119, 120, 121, 122,
    123, 124, 125, 126, 127,   0,   1,  95,  96,  99, 100, 101, 102, 103, 104, 106,
    109, 111, 112, 114, 115, 118, 121, 124, 126,   0,   1,  95,  99, 100, 101, 102,
    103, 104, 105, 106, 108, 109, 111, 112, 113, 114, 115, 118, 121, 122, 124, 126,
    127,   0,  96,  97,  98,  99, 100, 101, 102, 103, 104, 105, 106, 107, 108, 109,
    110, 111, 112, 113, 114, 117, 118, 119, 120, 122, 123, 124, 125, 126, 127, 128,
      0,   1,  96,  99, 100, 101, 102, 103, 104, 105, 106, 108, 109, 110, 111, 112,
    113, 114, 115, 117, 118, 121, 122, 123, 124, 126, 127,   0,  95,  96,  97,  98,
     99, 101, 102, 103, 104, 105, 106, 107, 108, 109, 110, 111, 113, 114, 115, 117,
    118, 119, 120, 122, 123, 125, 126, 127, 128,   0,   1,  95,  96,  97,  98,  99,
    100, 101, 102, 103, 104, 105, 106, 107, 109, 111, 112, 113, 114, 115, 117, 118,
    121, 122, 123, 125, 126, 127,   0,   1,  95,  96,  97,  98,  99, 100, 101, 102,
    103, 104, 105, 106, 107, 108, 109, 110, 111, 112, 113, 114, 115, 117, 118, 119,
    120, 121, 122, 123, 124, 125, 126, 127, 128,   0,   1,  95,  96,  97,  98,  99,
    100, 101, 102, 103, 104, 105, 106, 107, 108, 109, 110, 111, 112, 113, 114, 115,
    117, 118, 119, 120, 121, 122, 123, 124, 125, 126, 127, 128,   0,  96,  97,  98,
     99, 100, 101, 102, 103, 104, 105, 106, 107, 108, 109, 110, 111, 112, 113, 114,
    117, 118, 119, 120, 122, 123, 125, 126, 127, 128,   1,  37,  38,  39,  40,  41,
     42,  43,  44,  45,  46,  47,  48,  49,  50,  51,  52,  53,  54,  55,  56,  57,
     58,  59,  60,  61, 116,   0,   1,  95,  97,  98,  99, 100, 101, 102, 103, 104,
    105, 106, 107, 108, 109, 110, 111, 112, 113, 114, 115, 117, 118, 119, 120, 121,
    122, 123, 124, 125, 126, 127,   0,   1,  95,  97,  98,  99, 100, 101, 102, 103,
    104, 105, 106, 107, 108, 109, 110, 111, 112, 113, 114, 115, 117, 118, 119, 120,
    121, 122, 123, 124, 125, 126, 127,   0,   1,  95,  96,  97,  98,  99, 100, 101,
    102, 103, 104, 105, 106, 107, 108, 109, 110, 111, 112, 113, 114, 115, 117, 118,
    119, 120, 121, 122, 123, 124, 125, 126, 127,   0,   1,  95,  96,  97,  98,  99,
    100, 101, 102, 103, 104, 105, 106, 107, 108, 109, 110, 111, 112, 113, 114, 115,
    117, 118, 119, 120, 121, 122, 123, 124, 125, 126, 127,   0,  96,  97,  98,  99,
    100, 101, 102, 103, 104, 105, 106, 107, 108, 109, 110, 111, 112, 113, 114, 115,
    117, 118, 119, 120, 121, 122, 123, 125, 126, 127, 128,   0,   1,  96,  99, 100,
    101, 102, 103, 104, 105, 106, 107, 108, 109, 111, 112, 113, 114, 115, 117, 118,
    120, 122, 123, 124, 125, 126, 127,   0,  95,  96,  97,  98,  99, 100, 101, 102,
    103, 104, 105, 106, 107, 108, 109, 110, 111, 112, 113, 114, 115, 118, 119, 121,
    122, 125, 127, 128,   0,  96,  97,  98,  99, 100, 101, 103, 104, 105, 106, 107,
    108, 109, 110, 111, 112, 114, 115, 117, 118, 119, 120, 122, 123, 125, 127, 128,
      0,   1,  96,  97,  98,  99, 100, 101, 102, 103, 104, 105, 106, 107, 108, 109,
    110, 111, 112, 114, 117, 118, 119, 120, 121, 122, 123, 125, 126, 127, 128,   0,
      1,  95,  96,  97,  98,  99, 100, 101, 102, 103, 104, 105, 106, 107, 108, 109,
    110, 111, 112, 113, 114, 115, 117, 118, 119, 120, 121, 122, 123, 124, 125, 126,
    127,   0,   1,  95,  96,  97,  98,  99, 100, 101, 102, 105, 106, 107, 108, 109,
    111, 112, 113, 114, 115, 118, 119, 122, 123, 124, 125, 126, 127,
};

static const int8_t edslab_18_bolditalicKernSparseValues[] = {
     -13,  -12,  -12,  -12,  -42,  -24,  -12,  -24,  -48,  -24,  -12,   -6,  -36,  -18,  -12,  -18,
      12,  -24,  -24,  -24,   -6,  -24,    6,    6,    6,    6,    6,  -12,  -12,  -24,   -6,  -12,
     -18,   -6,  -12,   -6,  -66,  -42,   -6,  -18,  -54,  -18,  -12,   -6,  -12,  -24,  -42,  -30,
     -18,  -24,  -36,  -24,  -24,  -24,  -24,  -36,  -18,  -18,  -18,  -18,  -18,  -24,  -18,  -12,
     -24,  -18,  -12,  -12,  -12,  -12,   -6,  -12,  -12,  -18,  -18,  -18,  -24,  -24,   -6,  -18,
       6,  -12,    6,  -24,  -12,  -18,  -12,    6,  -18,  -24,  -24,    6,  -24,   -6,   12,  -18,
     -12,  -12,  -18,   -6,  -18,  -24,    6,  -36,  -30,  -66,  -48,  -60,   -6,    6,  -12,    6,
      -6,  -12,    6,  -12,  -18,  -12,  -12,  -12,    6,   -6,    6,  -18,    6,    6,    6,    6,
       6,  -12,   -6,  -18,  -24,  -18,  -18,  -12,  -18,  -18,   -6,  -18,  -18,  -18,   -6,  -12,
     -18,  -12,  -12,    6,  -12,  -18,    6,  -30,  -12,  -36,  -12,  -12,  -18,  -18,  -18,   -6,
     -12,    6,    6,   -6,   -6,  -18,    6,   -6,   -6,   -6,  -12,  -18,   -6,   -6,   12,   -6,
      -6,   12,    6,   -6,  -24,  -12,  -12,  -18,  -18,   12,  -12,  -12,   -6,  -12,  -12,    6,
      -6,    6,   12,  -12,  -18,   12,  -18,    6,  -12,   -6,   12,  -24,  -24,  -24,  -12,   -6,
      -6,  -18,  -18,  -30,  -12,  -18,  -18,  -12,  -12,  -12,   -6,   -6,  -12,  -18,  -12,  -24,
      -6,  -12,  -18,   -6,    6,   -6,   -6,  -12,  -18,    6,  -18,    6,  -24,  -12,  -18,   -6,
      -6,   -6,   -6,  -24,   -6,  -18,  -30,  -12,   -6,   -6,  -12,    6,  -12,  -12,  -12,   -6,
     -18,   -6,   -6,   -6,  -24,  -42,  -30,  -30,  -18,   -6,  -18,  -42,  -30,   -6,  -42,  -30,
     -42,  -48,  -30,  -12,  -36,  -18,  -48,  -24,   -6,   -6,   -6,  -12,  -24,  -24,  -12,  -12,
     -12,  -12,    6,    6,  -12,  -18,    6,  -18,    6,  -12,  -12,  -12,  -66,  -12,  -24,   -6,
     -42,   -6,  -12,  -12,  -54,  -12,  -12,  -12,  -18,  -12,  -12,  -24,  -60,  -12,  -42,  -18,
     -24,  -84,  -84, -128, -128, -120,   -6,  -12,  -54,  -24,  -24,  -30,  -24,  -18,  -30,  -30,
     -30,  -36,  -60,  -30,  -30,  -42,  -30,  -24,  -30,  -18,  -36,  -36,  -72,  -66,  -54,  -18,
     -18,  -30,  -12,   12,  -24,   -6,    6,  -12,  -12,  -12,  -12,   -6,   12,  -12,  -12,   -6,
      -6,   -6,   -6,    6,   -6,  -18,  -30,  -36,  -30,  -42,   -6,   -6,  -18,    6,    6,    6,
      -6,   -6,  -12,    6,   -6,  -12,   -6,   -6,  -12,    6,   -6,    6,  -12,    6,    6,  -18,
      -6,  -12,  -12,   -6,   -6,  -36,  -12,   -6,  -12,  -12,   -6,   -6,  -24,  -18,  -12,  -12,
     -18,  -18,  -30,  -18,  -12,  -30,  -30,  -36,  -36,  -30,  -12,  -12,  -18,   -6,  -12,  -18,
     -30,   -6,  -12,  -18,  -24,  -24,  -18,   -6,  -24,  -24,  -12,  -18,  -18,  -24,  -36,  -18,
     -24,  -24,  -18,   18,  -42,   -6,    6,   -6,   -6,   18,  -12,   -6,    6,   -6,   -6,   -6,
      -6,   12,   -6,   12,  -12,    6,  -12,  -18,  -36,  -36,  -42,   -6,    6,   -6,   12,   12,
       6,   12,   -6,   -6,   30,   12,  -18,    6,    6,    6,   12,    6,   12,   18,   18,   18,
      18,    6,  -30,   -6,  -18,   -6,  -24,   -6,   -6,    6,   -6,   -6,  -18,  -24,  -24,  -18,
     -24,  -12,   -6,   -6,    6,   -6,   -6,   -6,   -6,    6,  -12,    6,    6,   -6,   -6,  -12,
      -6,  -24,   -6,  -12,  -90,   -6,  -18,  -12,   -6,   -6,  -12,  -12,   -6,  -24,   -6,   -6,
     -30,   -6,  -18,   -6,  -18,  -18,  -24,  -30,  -24,  -18,  -48,  -12,  -30,  -30,  -36,  -18,
     -54,  -18,   -6,  -12,  -18,  -12,  -36,  -36,  -42,  -24,  -36,  -36,  -24,  -24,  -12,  -18,
     -24,  -24,  -30,  -30,  -42,  -36,   -6,    6,  -42,  -24,   -6,  -12,  -18,  -12,    6,  -18,
      -6,   -6,  -12,   -6,  -12,  -12,  -18,  -18,   -6,  -36,  -36,  -48,  -42,  -48,  -24,  -30,
     -12,  -18,  -24,  -18,  -30,  -30,  -18,  -18,  -12,  -18,    6,   -6,  -18,  -18,  -24,  -18,
      -6,  -12,  -18,  -30,  -18,  -12,  -30,  -24,  -12,  -12,  -24,  -24,  -18,  -24,   -6,  -24,
     -36,  -24,  -24,  -24,  -24,  -24,  -30,  -24,  -24,  -24,  -18,  -18,  -24,  -36,  -30,  -30,
     -12,  -18,  -18,  -12,  -18,  -18,  -12,  -18,  -18,  -12,  -12,  -12,  -24,  -24,  -30,  -24,
     -18,  -24,  -24,  -24,  -18,  -24,  -12,  -12,  -24,  -30,  -12,  -24,  -18,  -18,  -24,  -24,
     -24,  -18,  -12,  -24,  -18,  -18,  -24,  -36,  -24,  -18,  -12,    6,    6,  -42,    6,    6,
       6,  -12,  -24,  -24,  -30,   -6,  -12,  -36,    6,    6,   -6,  -24,  -18,   18,   -6,  -30,
     -24,   -6,   -6,   -6,    6,    6,  -12,  -18,   -6,  -24,   -6,  -12,  -24,  -24,   -6,   -6,
     -24,   -6,   -6,   -6,   -6,   -6,   -6,   -6,  -36,   -6,  -24,    6,   -6,  -30,  -36,  -30,
     -36,  -36,   -6,   -6,  -24,   -6,   -6,   -6,  -18,  -12,   -6,  -18,  -30,  -18,  -30,  -18,
     -18,  -18,  -24,   -6,  -18,   -6,  -30,  -24,  -48,  -36,  -48,  -12,  -18,  -12,  -24,   -6,
     -24,  -12,  -24,   -6,   -6,  -12,   -6,   -6,   -6,   -6,   -6,  -18,  -18,   -6,   -6,  -96,
     -54,  -78,  -78,  -90,  -12,   -6,  -36,  -12,   -6,  -18,  -30,  -18,  -36,  -18,  -18,  -12,
     -24,  -12,   -6,  -18,  -24,  -42,  -36,  -42,  -18,  -24,  -12,  -12,  -18,  -18,  -18,  -12,
     -24,  -18,   -6,  -24,  -18,  -24,  -24,  -24,  -12,  -24,  -30,  -24,  -18,  -18,  -18,  -12,
     -12,  -18,  -18,  -18,  -12,  -18,  -12,  -18,  -18,   -6,  -18,  -12,  -18,  -18,  -18,  -18,
     -24,  -18,  -18,  -12,   -6,  -12,  -60,  -24,  -30,  -12,  -18,   -6,  -30,   -6,  -30,   -6,
      -6,  -18,  -42,   -6,  -24,   -6,  -12,  -24,  -24,  -24,  -18,  -18,   -6,  -42,  -42,  -30,
     -30,  -30,  -24,  -42,  -24,  -24,  -30,  -36,  -36,  -36,  -30,  -30,  -36,  -30,  -42,  -24,
     -24,  -24,  -24,  -24,  -30,  -24,  -24,  -42,  -24,  -18,    6,  -66,  -12,    6,  -18,  -18,
     -24,  -24,  -12,   -6,  -24,  -12,  -18,  -24,   -6,  -18,    6,  -30,   -6,  -30,  -36,  -54,
     -54,  -54,  -30,  -18,  -30,   -6,  -12,  -24,    6,   -6,  -24,  -18,  -12,  -12,   -6,  -12,
     -12,   -6,   -6,   -6,   -6,  -30,  -42,  -18,  -24,    6,  -18, -102,   -6,    6,   -6,   -6,
      -6,    6,   -6,   -6,  -12,  -18,  -12,  -12,  -12,   -6,  -18,    6,   -6,    6,  -18,  -24,
     -24,  -30,  -18,  -12,  -48,  -30,  -30,  -18,  -36,  -48,  -24,    6,   -6,  -30,  -12,   -6,
     -12,  -24,  -18,   -6,   12,   -6,  -18,  -30,  -12,  -48,  -48,  -24,  -42,  -36,  -48,  -48,
     -48,  -42,  -30,  -36,  -30,  -36,  -54,  -42,  -42,  -48,  -42,  -60,  -42,  -48,  -42,  -84,
     -78, -102, -102, -114,  -48,  -60,  -72,  -42,  -42,  -36,  -18,  -12,  -66,  -42,  -18,  -66,
     -78,  -60,  -48,  -42,  -36,  -42,  -54,  -24,  -42,  -36,  -42,  -42,  -42,  -48,  -66,  -48,
     -12,  -12,  -12,   -6,  -18,   -6,   -6,  -12,   -6,   -6,   -6,   -6,   -6,  -24,   -6,  -12,
      -6,  -30,  -30,  -48,  -48,  -48,   -6,   -6,  -24,  -18,  -36,  -18,  -12,  -12,  -18,  -12,
      -6,   -6,  -18,  -24,  -24,  -30,  -36,  -18,  -12,  -24,  -12,    6,  -36,  -12,   -6,  -12,
      -6,  -12,  -12,   -6,  -12,  -18,   -6,  -12,  -12,   -6,  -18,   -6,  -30,  -36,  -48,  -42,
     -48,   -6,  -36,    6,    6,  -18,  -12,  -18,  -12,  -18,  -24,  -24,  -18,  -18,  -24,  -24,
      -6,   -6,  -24,  -24,  -24,  -12,  -30,  -18,  -36,  -78,  -24,  -24,  -12,  -18,  -12,  -24,
     -12,  -12,  -42,  -12,  -18,  -12,  -12,  -30,  -12,  -18,  -12,  -12,  -24,  -30,  -30,  -36,
     -24,  -30,  -60,  -30,  -48,  -54,  -48,  -36,  -54,  -18,  -18,  -30,  -30,  -30,  -54,  -54,
     -42,  -36,  -48,  -66,  -48,  -30,  -42,  -42,  -42,  -54,  -60,  -24,  -54,  -36,  -24,  -90,
     -18,  -36,  -24,  -18,  -18,  -30,  -18,  -18,  -36,  -18,  -18,  -18,  -12,  -42,  -24,  -30,
     -18,  -24,  -24,  -30,  -30,  -30,  -24,  -30,  -54,  -42,  -48,  -36,  -36,  -42,  -60,  -36,
     -24,  -42,  -30,  -30,  -36,  -48,  -42,  -36,  -36,  -48,  -30,  -30,  -30,  -36,  -30,  -42,
     -42,  -36,  -54,  -30,  -36, -126,  -12,  -48,  -12,  -18,  -18,  -54,  -24,  -18,  -60,  -12,
     -24,  -18,  -24,  -48,  -12,  -60,  -18,  -24,  -36,  -24,  -30,  -30,  -24,  -24,  -78,  -36,
     -78,  -72,  -66,  -48,  -72,  -30,  -42,  -60,  -36,  -36,  -78,  -66,  -78,  -60,  -66,  -66,
     -60,  -42,  -54,  -60,  -60,  -60,  -78,  -36,  -78,  -48,  -48, -120,  -18,  -42,  -18,  -24,
     -18,  -48,  -18,  -12,  -54,  -18,  -18,  -24,  -24,  -54,  -30,  -48,  -18,  -24,  -24,  -24,
     -30,  -24,  -24,  -30,  -60,  -36,  -72,  -78,  -60,  -36,  -84,  -36,  -42,  -60,  -48,  -48,
     -60,  -60,  -66,  -48,  -60,  -60,  -54,  -42,  -48,  -60,  -48,  -66,  -72,  -30,  -66,  -54,
     -42,  -96,  -24,  -48,  -18,  -18,  -18,  -42,  -12,  -12,  -54,  -12,  -18,  -24,  -18,  -66,
     -24,  -54,  -24,  -36,  -24,  -30,  -30,  -30,  -30,  -36,  -84,  -42,  -72,  -72,  -72,  -66,
     -84,  -42,  -48,  -66,  -48,  -48,  -66,  -78,  -78,  -60,  -66,  -72,  -72,  -54,  -54,  -66,
     -66,  -66,  -78,  -30,  -84,  -60,  -36,   -6,  -36,  -12,   -6,   -6,  -24,   -6,   -6,  -12,
     -12,   -6,  -12,  -12,  -30,  -12,  -30,   -6,  -12,  -30,  -30,  -24,  -24,  -30,  -12,   -6,
     -36,  -12,   -6,  -18,   -6,  -24,  -24,  -42,  -30,  -30,  -18,  -18,  -12,  -36,  -24,   -6,
     -36,  -30,  -42,  -48,  -60,  -24,  -18,  -30,   -6,  -12,  -24,  -48,  -24,  -18,  -24,  -30,
     -24,  -30,  -24,  -42,  -30,  -48,  -24,  -30,  -36,  -30,  -24,  -24,  -18,  -36,  -36,  -48,
     -48,  -48,  -24,  -30,    6,  -12,  -36,    6,  -12,  -12,  -18,  -12,  -30,  -36,  -18,  -18,
     -18,  -18,   -6,   -6,  -12,  -12,  -24,  -12,  -24,   -6,   -6,    6,  -18,  -36,   -6,   -6,
      -6,  -12,  -24,  -24,  -24,  -30,  -18,  -18,   -6,  -12,   -6,  -18,   -6,  -18,  -12,  -18,
     -18,  -24,  -18,  -24,  -24,  -18,  -30,  -24,  -12,  -24,  -12,  -12,  -12,  -24,  -36,  -24,
     -30,  -18,  -18,  -24,  -30,  -12,  -18,  -12,  -24,  -30,  -36,  -30,  -42,  -24,  -24,   -6,
     -12,    6,  -24,  -42,  -24,  -12,  -18,   -6,  -18,  -24,  -24,  -18,  -12,   -6,  -18,  -18,
      -6,   -6,  -12,  -12,  -18,  -18,  -18,  -30,   30,   -6,  -30,   -6,  -24,  -24,  -24,  -42,
     -30,  -18,  -30,  -18,  -12,  -36,  -36,  -30,  -24,  -24,  -42,   -6,  -36,  -72,  -72,  -54,
     -96,  -24,  -66,  -12,  -18,   -6,  -24,  -48,  -24,  -12,  -18,  -18,   -6,  -30,   -6,   12,
     -42,  -42,  -18,  -30,  -24,   -6,  -24,  -30,  -24,  -12,  -12,  -12,  -12,  -18,  -24,  -30,
     -24,  -36,   -6,  -12,  -42,  -12,  -12,  -12,  -24,  -12,   -6,  -12,  -24,  -18,  -30,  -18,
     -18,  -12,  -18,   -6,  -18,  -24,  -24,  -30,  -30,  -42,  -12,  -24,  -18,  -24,  -12,  -36,
     -12,  -12,  -12,  -18,  -18,  -18,   -6,  -18,  -30,  -42,  -18,  -12,  -12,  -24,   -6,  -18,
      -6,  -24,  -24,  -36,  -36,  -42,  -18,  -18,    6,   12,  -36,    6,    6,    6,    6,  -12,
      12,  -24,  -30,   -6,   -6,    6,    6,    6,   -6,    6,  -12,  -12,  -12,  -12,  -12,  -18,
     -30,  -18,  -12,  -42,   -6,  -18,  -12,  -18,  -12,   -6,  -12,  -18,  -18,  -42,  -12,  -12,
     -12,  -12,   -6,  -12,  -12,  -18,  -18,  -24,  -30,  -36,  -12,  -18,   -6,   -6,  -24,  -36,
     -18,  -18,   -6,  -24,  -18,  -12,  -18,  -30,  -18,  -36,  -18,  -12,  -24,  -24,  -12,  -24,
      -6,  -24,  -24,  -36,  -36,  -24,  -12,  -18,   -6,   -6,   -6,   -6,  -42,   -6,  -12,  -24,
     -12,   -6,  -12,  -30,  -18,  -36,  -12,  -12,  -12,  -18,  -12,   -6,  -18,  -18,  -30,  -30,
     -36,   -6,  -12,  -18,  -12,  -12,  -42,   -6,  -12,   -6,  -18,   -6,  -18,  -12,  -24,  -18,
     -36,  -12,  -12,   -6,  -18,   -6,  -18,  -18,  -30,  -36,  -36,  -42,   -6,  -12,  -12,   12,
     -30,    6,    6,  -12,  -12,  -18,  -12,  -30,  -24,  -12,  -18,    6,  -12,    6,  -18,    6,
     -12,   -6,   -6,  -18,  -24,  -18,  -24,   -6,   -6,    6,  -12,  -36,    6,    6,    6,  -12,
     -18,  -18,  -12,  -30,  -30,  -12,  -12,  -12,    6,  -18,   -6,  -12,  -12,  -18,  -24,  -12,
     -24,   -6,  -12,    6,  -36,   -6,    6,  -18,   36,  -12,  -30,   -6,   -6,   -6,   24,    6,
      -6,   -6,   -6,   -6,   -6,   -6,   -6,   -6,   -6,  -12,   -6,  -30,  -42,   -6,   -6,   -6,
      -6,  -18,  -36,  -12,  -42,  -30,  -12,  -18,  -12,   -6,  -12,  -18,    6,   -6,   -6,  -12,
     -18,  -24,  -24,   -6,  -36,    6,  -12,  -12,  -12,    6,  -12,  -18,  -30,   -6,  -12,   -6,
     -12,    6,  -12,   -6,  -12,  -12,  -18,  -18,  -12,  -18,  -12,  -36,  -30,   -6,   -6,  -18,
     -30,  -18,  -30,   -6,   -6,    6,  -18,    6,  -12,    6,  -30,  -18,  -36,  -30,  -54,  -12,
     -18,  -18,  -12,  -12,  -42,  -18,  -12,  -12,  -18,   -6,  -18,  -12,  -18,  -24,  -36,  -18,
     -12,  -18,  -18,   -6,   -6,   -6,  -18,  -18,  -24,  -24,  -30,   -6,  -18,  -18,  -42,  -48,
     -24,  -24,  -36,  -36,  -42,  -36,   -6,  -24,  -48,  -36,  -24,  -30,  -30,  -12,  -30,  -24,
     -12,  -18,  -12,  -12,  -18,  -18,  -36,  -48,  -36,  -24,  -42,  -30,  -24,  -30,  -24,  -24,
     -36,  -48,  -18,  -30,  -42,  -30,  -24,  -30,  -36,  -12,  -24,  -30,  -18,  -18,   -6,  -18,
     -12,  -24,  -30,  -42,  -36,  -18,  -42,  -30,  -24,  -24,  -24,  -24,  -42,  -42,  -18,  -24,
     -42,  -42,  -30,  -30,  -36,  -18,  -24,  -36,  -12,  -12,  -18,  -18,  -18,  -24,  -30,  -36,
     -54,   -6,  -12,  -30,   -6,  -12,   -6,  -12,  -12,  -12,  -24,   -6,   -6,   -6,   -6,   -6,
      -6,   -6,  -12,  -12,  -18,  -12,  -12,   -6,  -24,  -24,  -12,   -6,   -6,   -6,   -6,  -12,
      -6,   -6,   -6,   -6,  -12,  -12,   -6,  -12,   -6,  -42,  -30,   -6,  -30,  -18,  -30,   -6,
     -30,  -24,  -12,  -30,  -42,  -42,  -30,   -6,  -24,   -6,  -36,  -24,  -24,  -30,  -84,  -66,
     -36,  -24,  -96,  -18,  -18,  -36,  -18,  -18,  -18,  -18,  -12,   -6,  -12,  -18,  -18,  -36,
     -18,  -30,  -24,  -36,  -36,  -18,  -18,  -18,  -18,  -18,  -18,  -36,  -18,  -48,  -54,  -30,
     -18,  -72,  -18,  -18,  -36,  -18,  -18,  -18,  -18,  -12,  -18,   -6,    6,   -6,  -18,   -6,
      -6,   -6,  -12,   -6,   -6,  -24,  -12,  -12,   -6,   -6,   -6,  -18,    6,  -18,  -36,   12,
     -12,  -24,   -6,  -12,  -12,   -6,  -18,    6,   -6,    6,   18,  -30,   18,    6,   18,   -6,
      18,   12,  -12,   12,   -6,    6,  -18,    6,   -6,   -6,   18,    6,   -6,  -18,   -6,   -6,
      -6,   -6,   -6,    6,   -6,  -18,  -18,   -6,   -6,   -6,   18,   -6,   -6,    6,   -6,  -18,
       6,  -12,  -24,   -6,   -6,  -12,   -6,   -6,    6,  -12,    6,   18,  -18,   18,    6,    6,
      18,   -6,   18,   12,   -6,   12,   -6,    6,   12,   18,  -18,   -6,  -96,   -6,   -6,   -6,
     -30,   -6,   -6,  -24,   -6,   -6,   -6,  -54,   -6,   -6,  -12,   -6,  -12,   -6,   -6,   -6,
      -6,   -6,   -6,   -6,   -6,   -6,   -6,   -6,  -24,   -6,  -24,  -48,  -36,  -24,  -36,  -72,
     -36,  -48,  -54,  -24,  -24,  -30,  -66,  -36,  -42,  -48,  -48,  -36,  -36,  -18,  -24,  -48,
     -36,  -36,  -36,  -36,  -18,  -30,  -30,  -36,  -36,  -54,  -36,  -24,  -12,   -6,  -30,   -6,
      -6,   -6,  -30,   -6,   -6,  -18,   -6,   -6,   -6,   -6,   -6,   -6,  -18,   -6,   -6,  -18,
      -6,  -24,  -12,   -6,  -12,   -6,   -6,   -6,   -6,  -18,   -6,  -12,  -12,  -12,  -12,  -12,
     -12,  -12,  -12,  -12,  -24,  -30,  -18,  -12,  -12,  -12,   -6,   -6,  -24,  -18,   -6,  -12,
      -6,  -12,   -6,   -6,  -18,  -12,   -6,   -6,   -6,  -12,  -12,   -6,   -6,   -6,   -6,   -6,
     -18,   -6,   -6,   -6,  -18,   -6,  -18,  -24,   -6,   -6,   -6,  -12,   -6,   -6,  -24,   -6,
      -6,  -24,   -6,  -24,  -24,   -6,  -24,   -6,   -6,  -18,   -6,   -6,  -18,   -6,   -6,   -6,
     -18,  -12,  -18,  -18,  -18,  -12,  -12,  -18,  -18,  -18,  -18,  -18,  -24,  -24,  -48,  -18,
     -54,  -18,  -18,  -18,  -18,  -18,  -18,  -18,  -18,   -6,  -18,   -6,  -36,   -6,   -6,   -6,
     -30,   -6,   -6,   -6,   -6,   -6,   -6,   -6,   -6,  -12,   -6,   -6,   -6,  -36,    6,   -6,
     -36,   -6,   -6,   -6,   -6,   -6,   -6,   -6,  -12,    6,  -12,   12,  -12,   -6,   -6,  -12,
      12,  -12,   12,   -6,    6,   -6,   -6,   -6,   -6,    6,   -6,   12,  -12,  -12,  -24,  -30,
      -6,   -6,   -6,   -6,  -12,  -18,   -6,  -12,  -24,  -12,  -24,  -12,  -12,   -6,  -18,  -18,
     -24,  -12,  -24,  -12,  -12,  -12,  -12,  -12,  -12,  -12,  -24,  -12,  -24,  -30,  -24,  -18,
     -48,  -30,  -12,  -12,  -12,  -12,  -12,  -24,  -24,  -18,   -6,   -6,   -6,  -12,   -6,  -12,
      -6,  -18,   -6,  -24,  -12,   -6,  -18,  -18,  -24,  -12,  -24,  -12,  -12,  -12,  -24,  -12,
     -24,  -30,  -24,  -18,  -48,  -30,  -12,  -12,  -12,  -12,    6,  -12,  -12,   -6,  -12,  -18,
     -18,   -6,   -6,  -18,   -6,  -24,  -18,  -18,   -6,  -12,  -12,   -6,    6,   -6,   -6,  -18,
       6,  -12,  -12,  -12,  -12,   -6,  -12,   -6,   -6,    6,   -6,  -18,    6,  -12,  -48,    6,
      -6,  -48,   -6,   -6,  -18,   -6,   -6,  -12,   -6,  -12,    6,   -6,  -12,  -18,  -24,  -12,
     -18,  -12,  -12,  -12,  -18,  -18,  -12,  -24,  -18,  -18,   -6,  -12,  -18,  -18,  -18,  -18,
     -18,  -12,  -12,  -12,   -6,  -18,   -6,  -18,  -30,   -6,  -42,  -30,   -6,  -12,  -12,  -30,
     -24,  -12,  -18,  -12,   -6,  -12,  -18,  -18,   -6,  -24,  -12,  -18,  -12,  -18,  -12,  -12,
     -18,  -18,  -12,  -18,  -18,  -12,   -6,  -18,   -6,  -18,  -36,   -6,  -42,  -24,   -6,  -12,
     -12,  -18,  -18,  -12,  -12,  -18,  -12,  -12,  -18,  -12,  -12,  -18,  -12,  -12,  -12,  -12,
     -12,  -12,  -12,  -12,  -12,  -12,  -12,  -12,  -12,   -6,  -24,   -6,  -12,  -24,  -18,  -42,
     -24,  -12,  -12,  -12,   -6,  -48,  -12,  -12,  -12,  -42,  -18,  -18,   -6,  -12,  -12,   -6,
     -12,   -6,  -12,   12,   -6,  -18,   12,  -18,  -36,   18,  -12,  -30,   -6,   -6,  -12,   -6,
      -6,  -12,   -6,   -6,   24,    6,    6,  -30,    6,    6,   12,   12,    6,  -24,   -6,   12,
      12,   -6,    6,   -6,    6,  -18,    6,  -12,  -12,  -24,  -18,   -6,  -12,  -12,  -12,   -6,
     -12,  -12,   -6,  -24,  -12,  -18,  -12,  -12,  -12,  -18,  -12,  -12,  -12,  -12,  -12,  -12,
      -6,  -24,   -6,  -18,  -24,  -12,  -12,  -36,  -18,   -6,  -12,   -6,  -18,  -96,  -48,  -12,
      -6,   -6,  -18,  -12,  -42,    6,  -30,    6,   -6,  -30,   -6,   -6,   -6,   -6,  -18,    6,
     -24,  -12,  -18,  -12,  -12,  -36,   -6,   -6,  -12,   -6,   -6,  -12,  -12,  -12,   -6,   -6,
      -6,   -6,  -12,  -18,  -12,  -48,  -12,  -24,  -12,   -6,  -30,   -6,   -6,   -6,  -30,   -6,
     -12,   -6,  -24,  -24,  -12,   -6,  -12,  -12,   -6,   -6,  -12,    6,  -12,  -36,   -6,   -6,
     -36,   -6,   -6,   -6,   -6,   -6,   -6,   -6,   -6,   -6,    6,  -12,   -6,  -24,  -24,  -18,
     -18,  -12,  -18,  -12,   -6,   -6,   -6,  -12,    6,  -18,   -6,  -12,  -24,  -12,   -6,  -12,
      -6,  -12,  -24,  -84,   -6,  -48,   -6,  -12,  -18,   -6,  -12,  -48,  -12,  -12,  -12,   -6,
     -18,  -12,  -24,  -12,   -6,  -12,  -36,  -36,  -24,  -24,  -18,  -54,  -18,  -36,  -24,  -12,
     -12,  -18,  -54,  -12,  -18,  -30,  -12,  -36,  -30,   -6,  -12,  -36,  -30,  -42,  -18,  -12,
     -12,  -24,  -36,  -36,  -36,  -42,  -18,  -30,  -42,  -18, -114,  -12,  -12,  -12,  -54,  -18,
     -18,  -18,  -18,  -24,  -12,  -60,  -12,  -12,  -48,   -6,   -6,  -42,  -12,  -36,  -42,  -18,
     -36,   -6,   -6,  -12,  -12,  -12,  -30,  -24,  -36,  -84,  -66,  -66,  -72,  -96,  -60,  -78,
     -54,  -48,  -48,  -78,  -96,  -72,  -66,  -78,  -72,  -60,  -78,  -54,  -66,  -84,  -72,  -66,
     -78,  -66,  -60,  -72,  -78,  -84,  -78, -102,  -60,  -60,    6,  -12,  -48,  -12,  -12,  -12,
     -42,  -12,  -12,  -12,  -18,  -18,  -24,  -12,  -18,   -6,   18,  -12,  -12,   24,   -6,  -30,
       6,   -6,  -36,  -12,   -6,   -6,   -6,   -6,  -24,   -6,   18,  -24,   12,    6,    6,    6,
     -24,   12,   12,    6,    6,   -6,   -6,   -6,  -12,   12,  -18,  -24,  -12,  -48,  -12,  -12,
     -12,  -48,  -12,  -12,  -30,  -12,  -12,  -12,  -12,  -66,  -12,  -48,  -12,  -24,  -24,  -30,
     -30,  -30,  -42,  -18,  -24,  -30,  -18,  -18,  -24,  -24,  -18,  -18,  -36,  -36,  -24,  -36,
     -24,  -18,  -30,  -36,  -18,  -18,  -18,  -36,  -36,  -66,  -66,  -72,  -18,  -30,  -30,  -12,
     -36,  -24,  -12,  -24,  -18,  -18,  -12,  -24,  -18,  -12,  -24,  -12,  -30,  -12,  -12,  -12,
     -12,  -12,  -18,  -18,  -24,  -12,  -18,  -12,  -24,  -18,  -18,  -12,  -12,  -12,   -6,  -12,
     -18,   -6,  -18,  -30,   -6,  -12,  -30,  -12,  -12,  -18,   -6,   -6,  -12,  -12,   -6,  -12,
     -12,  -24,  -36,  -12,  -18,  -18,  -18,  -12,  -36,  -18,   -6,  -24,  -24,  -24,  -12,   -6,
     -18,   -6,  -12,   -6,   -6,   -6,  -18,   -6,  -12,  -12,  -18,  -18,   -6,  -12,   -6,   -6,
     -12,   -6,  -18,   -6,  -12,  -24,   -6,   -6,  -30,   -6,   -6,  -12,   -6,   -6,   -6,   -6,
      -6,   -6,  -12,  -24,  -24,   -6,  -12,  -12,  -12,  -12,  -18,  -12,  -30,   -6,   -6,  -30,
     -12,  -12,   -6,  -18,  -12,   -6,   -6,   -6,   -6,   -6,  -18,   -6,  -12,  -24,  -12,   -6,
     -30,   -6,   -6,   -6,   -6,  -12,  -30,  -24,   -6,   -6,  -18,  -18,  -12,  -18,   -6,  -12,
     -24,  -12,  -24,  -12,  -18,  -12,   -6,   -6,  -24,   -6,   -6,  -12,  -12,   -6,  -12,   -6,
      -6,  -12,   -6,  -18,   -6,  -12,  -18,  -18,  -12,  -36,  -18,   -6,   -6,   -6,   -6,   -6,
     -30,    6,   -6,  -18,   -6,   -6,   -6,  -30,   -6,  -18,  -18,  -12,  -12,   -6,    6,   -6,
      -6,    6,  -60,  -48,   12,   -6,  -66,   -6,   -6,  -30,   -6,   -6,    6,   -6,    6,   30,
      -6,  -30,   12,   -6,   -6,   -6,   -6,   -6,   18,   -6,   -6,   12,   12,   -6,   12,   -6,
     -18,    6,   -6,   -6,    6,   -6,   12,   -6,  -12,  -24,  -24,   -6,   -6,   -6,   -6,  -12,
      -6,  -18,   -6,  -24,   -6,   -6,   -6,   -6,  -24,  -12,  -12,   -6,  -12,  -12,   -6,  -12,
     -12,  -18,  -12,  -18,  -18,  -24,  -18,   -6,   -6,  -30,    6,  -12,  -24,   -6,   -6,   -6,
     -30,  -12,   -6,  -24,  -18,  -12,   -6,  -12,    6,   -6,   -6,   18,  -60,  -54,   12,   -6,
     -66,   -6,   -6,  -36,   -6,   -6,    6,   -6,   18,   18,  -24,   12,   -6,   12,   -6,   12,
       6,   -6,   12,   -6,   -6,   -6,   -6,    6,   -6,   12,   -6,  -12,    6,   -6,  -42,   -6,
      -6,   -6,  -24,   -6,   -6,   -6,  -24,  -24,   -6,   -6,   -6,   -6,   12,   -6,   -6,   12,
      -6,  -24,   18,  -12,  -36,  -12,  -12,   -6,   -6,   -6,    6,  -12,   -6,    6,   18,  -24,
      12,   -6,   12,  -12,   12,   12,    6,    6,   -6,   12,   -6,   12,  -18,   -6,    6,  -12,
     -30,  -12,   -6,   -6,  -30,  -12,   -6,   -6,  -18,  -18,  -12,  -12,  -18,  -12,   12,  -12,
     -12,    6,  -12,  -30,   18,  -12,  -36,  -12,  -12,  -12,  -12,  -12,    6,  -12,   -6,   24,
      -6,  -30,   12,    6,  -24,   -6,   -6,   12,    6,    6,   -6,  -12,   12,  -18,  -12,  -30,
     -30,  -12,  -18,  -12,  -12,   -6,  -18,  -12,   -6,  -24,  -12,  -30,  -12,  -12,   -6,  -12,
     -24,   -6,  -12,  -12,  -18,  -18,  -18,  -18,  -24,   -6,  -12,  -30,  -18,  -36,  -24,  -18,
      -6,   -6,  -18,  -18,   -6,  -12,  -12,  -12,   -6,  -18,  -18,   -6,   -6,   -6,  -12,  -30,
      -6,  -12,  -30,   -6,  -42,   -6,  -18,  -12,   -6,  -12,  -12,    6,   18,  -24,   18,   -6,
       6,   -6,   -6,   12,   -6,   12,  -18,   12,  -18,   12,   -6,   -6,    6,   -6,   12,  -18,
     -18,    6,   12,   -6,   -6,  -12,    6,  -12,   -6,   -6,   -6,   -6,   -6,    6,  -12,   12,
      -6,    6,  -12,    6,   -6,    6,   -6,   -6,    6,  -12,  -24,   -6,  -12,  -48,   -6,  -18,
     -12,  -18,  -42,   -6,   -6,   -6,   -6,   -6,   -6,   -6,   -6,  -12,   -6,   -6,  -12,   -6,
      -6,   -6,  -24,  -30,  -24,  -24,  -12,  -12,  -18,  -18,  -18,  -18,  -18,  -18,  -30,  -24,
     -18,  -18,   -6,  -12,  -18,   -6,  -24,  -18,  -24,  -24,  -24,   -6,  -42,  -12,  -12,  -30,
     -12,  -12,  -18,   -6,   -6,  -18,  -18,    6,    6,   18,   -6,   -6,  -12,   12,  -12,  -12,
      -6,   -6,   -6,   12,   -6,   -6,   12,  -12,   12,  -12,   -6,   -6,   -6,   -6,   12,  -18,
     -12,   -6,   -6,   -6,  -12,  -12,  -12,  -12,   -6,   -6,  -18,   -6,  -12,  -12,  -12,  -12,
      -6,  -18,   -6,  -12,  -24,  -12,   -6,  -30,   -6,   -6,  -18,   -6,   -6,  -12,   -6,  -12,
      -6,  -18,   -6,   12,   -6,  -18,   12,   -6,    6,   -6,   -6,   -6,   -6,   -6,    6,  -12,
       6,  -12,   -6,  -12,   -6,   -6,   12,   -6,  -24,  -12,  -12,  -12,  -12,  -24,  -18,  -18,
     -18,  -36,  -36,  -12,   -6,  -18,  -12,  -12,  -12,  -24,  -12,  -24,  -36,  -24,  -12,  -36,
      -6,   -6,  -24,  -12,  -12,  -18,   -6,  -12,  -18,   -6,  -24,  -12,  -12,   -6,  -12,   -6,
     -18,  -12,  -12,  -12,  -36,  -36,  -12,  -12,  -12,   -6,  -30,  -12,  -24,  -24,  -18,  -12,
     -36,  -30,   -6,  -12,   -6,  -12,  -12,   -6,  -24,   -6,   -6,   -6,   -6,   -6,  -12,   -6,
     -12,   -6,  -18,  -12,  -12,  -12,   -6,   -6,  -24,   -6,  -12,  -24,  -12,  -48,   -6,   -6,
      -6,   -6,   -6,  -30,  -12,  -12,  -12,   -6,   -6,  -24,  -18,   -6,  -12,  -18,  -18,   -6,
      -6,   -6,   -6,  -18,   -6,  -24,   -6,  -18,  -36,  -24,   -6,  -36,   -6,   -6,  -18,   -6,
     -12,   -6,   -6,  -12,   -6,  -12,  -12,   -6,    6,  -18,   -6,  -12,   -6,   -6,  -12,   -6,
     -12,  -12,   -6,  -18,  -12,  -18,   -6,   -6,   -6,   -6,  -12,  -12,  -24,  -18,  -12,  -12,
     -12,  -12,   -6,  -12,   -6,  -24,  -18,  -18,   -6,  -18,  -18,  -24,   -6,   -6,  -12,   -6,
      -6,  -18,   12,  -18,  -18,  -36,   12,  -12,   -6,  -12,  -12,  -18,  -18,  -24,  -24,    6,
     -12,  -18,    6,  -12,  -18,  -18,  -24,   -6,  -12,  -12,  -12,   -6,   -6,  -12,    6,  -18,
     -18,  -12,    6,  -24,   -6,   -6,   -6,   -6,   -6,   -6,   -6,   -6,  -24,   -6,  -24,   -6,
      -6,  -18,  -18,   -6,  -12,   -6,   -6,   -6,  -12,   -6,   -6,  -30,  -12,   12,  -12,  -12,
     -30,  -24,   -6,  -12,   -6,  -12,  -18,   -6,  -18,   -6,  -12,  -12,   -6,  -12,    6,   -6,
     -24,   -6,   -6,  -12,  -12,  -12,  -12,    6,  -18,  -12,   -6,   -6,    6,   -6,   -6,  -18,
      -6,   -6,   -6,   -6,   -6,  -12,  -12,   -6,    6,   -6,    6,   -6,  -18,   -6,   -6,  -18,
      -6,   -6,   -6,   -6,   -6,    6,  -12,   -6,  -24,    6,  -12,  -12,  -48,  -12,  -24,  -12,
     -12,  -12,  -18,  -42,  -18,  -18,   -6,   -6,  -18,  -12,  -12,  -12,  -12,  -18,  -12,  -12,
     -12,   -6,  -24,  -18,  -12,  -12,  -30,  -12,  -30,  -12,  -18,  -24,   -6,  -18,  -18,  -60,
     -18,  -24,  -24,  -12,  -12,  -18,  -48,  -24,  -12,  -18,  -12,   -6,  -18,   -6,  -12,  -30,
     -12,  -12,  -12,  -12,   -6,  -12,  -12,  -18,  -18,  -36,  -18,  -30,  -30,   12,  -12,  -12,
     -36,   12,  -24,   -6,   -6,   -6,  -18,  -12,  -24,  -18,    6,  -24,  -12,   12,   -6,  -18,
     -12,  -18,  -12,  -18,  -18,  -12,  -18,  -12,   12,  -18,  -12,  -24,  -48,  -24,  -24,  -30,
     -18,  -24,  -24,  -12,  -24,  -18,  -36,  -18,  -18,  -30,  -18,  -24,  -24,  -18,  -18,  -24,
     -18,  -18,  -24,  -24,  -24,  -12,  -18,   -6,   -6,   -6,  -30,  -18,  -18,   -6,  -12,  -12,
      -6,  -18,   -6,   -6,   -6,   -6,  -12,   -6,  -12,  -18,  -12,   -6,  -24,   -6,   -6,   -6,
      -6,   -6,  -12,   -6,   -6,  -12,   -6,  -18,  -12,   -6,   -6,  -30,  -18,  -24,  -24,  -18,
     -18,   -6,  -18,   -6,   -6,  -18,   -6,  -18,  -12,   -6,  -12,  -24,   -6,  -18,   -6,   -6,
      -6,   -6,   -6,  -12,   -6,   -6,  -18,   -6,  -12,   -6,    6,   -6,   -6,  -30,  -18,  -12,
     -18,  -12,  -12,   -6,  -12,   -6,   -6,   -6,   -6,  -12,   -6,   -6,  -18,  -24,   -6,  -30,
      -6,   -6,   -6,   -6,   -6,  -24,   -6,  -12,   -6,  -12,  -12,  -18,   -6,   -6,   -6,  -30,
     -12,  -18,  -12,  -18,  -18,   -6,  -30,   -6,   -6,  -18,  -12,  -24,  -12,   -6,  -24,  -18,
      -6,  -24,   -6,   -6,   -6,   -6,   -6,  -18,   -6,  -12,  -12,  -18,    6,  -12,   -6,  -18,
       6,  -12,   -6,  -12,  -12,  -12,   -6,  -12,  -12,   12,  -12,  -24,    6,  -12,  -30,    6,
      -6,  -48,   -6,   -6,   -6,   -6,  -12,   -6,   -6,    6,  -12,   -6,  -12,    6,  -30,   -6,
     -12,   -6,  -18,  -18,   -6,  -12,  -12,   -6,  -12,   -6,   -6,   -6,  -18,  -18,   -6,  -18,
      -6,   -6,   -6,   -6,   -6,   -6,   -6,  -24,    6,   12,   -6,   -6,  -30,   12,   -6,   -6,
      -6,  -12,  -12,   -6,   -6,   -6,   12,   -6,  -18,    6,  -12,  -42,    6,  -48,   -6,   -6,
      -6,   -6,   12,   -6,  -18,   18,  -18,  -18,  -36,    6,   -6,   -6,   -6,  -12,  -12,   -6,
      -6,    6,  -12,  -12,    6,  -12,   -6,  -12,  -18,   -6,   -6,   -6,  -12,  -12,    6,  -12,
     -24,    6,   12,  -12,  -12,  -30,    6,  -18,   -6,   -6,   -6,  -18,  -12,  -18,  -12,    6,
     -12,  -18,    6,  -12,  -12,  -18,  -12,  -12,   -6,  -12,  -12,   -6,   -6,    6,  -18,  -18,
     -12,  -18,   -6,   -6,   -6,  -30,  -18,  -24,  -24,  -12,  -12,   -6,  -18,   -6,   -6,  -18,
      -6,  -18,   -6,   -6,  -24,  -24,   -6,  -36,   -6,   -6,   -6,   -6,   -6,   -6,   -6,  -12,
     -18,  -18,    6,   -6,   12,   -6,   -6,  -30,   12,  -12,   -6,   -6,  -18,  -12,   -6,    6,
     -12,    6,   -6,   -6,    6,  -18,   -6,  -12,  -12,   -6,   -6,  -12,   12,
};

static const EpdFontData edslab_18_bolditalic = {
    edslab_18_bolditalicBitmaps,
    edslab_18_bolditalicGlyphs,
    edslab_18_bolditalicIntervals,
    55,
    46,
    35,
    -11,
    true,
    edslab_18_bolditalicGroups,
    11,
    nullptr,
    nullptr,  // kernLeftClasses: built-in fonts use the split arrays below
    nullptr,  // kernRightClasses
    edslab_18_bolditalicKernLeftCodepoints,
    edslab_18_bolditalicKernLeftClassIds,
    edslab_18_bolditalicKernRightCodepoints,
    edslab_18_bolditalicKernRightClassIds,
    nullptr,  // kernMatrix: built-in fonts use the sparse form below
    edslab_18_bolditalicKernRowOffsets,
    edslab_18_bolditalicKernSparseCols,
    edslab_18_bolditalicKernSparseValues,
    129,
    129,
    129,
    129,
    nullptr,
    0,
};
