/**
 * generated by fontconvert.py
 * name: edslab_12_bolditalic
 * size: 12
 * mode: 2-bit  compressed: true
 * Command used: fontconvert.py edslab_12_bolditalic 12 ../builtinFonts/source/EdsLab/EdsLab-BoldItalic.ttf --2bit --compress --pnum --zopfli
 */
#pragma once
#include "EpdFontData.h"

static const uint8_t edslab_12_bolditalicBitmaps[14779] = {
    0xAD, 0x59, 0x45, 0xB4, 0xE5, 0x4A, 0x57, 0xDE, 0x49, 0xBA, 0xC9, 0x20, 0x6B, 0x51, 0xB8, 0x43,
    0x70, 0x87, 0x0C, 0xF1, 0xAE, 0xC2, 0xDD, 0x19, 0xE1, 0x36, 0xC7, 0x9D, 0xBE, 0x15, 0xDC, 0x65,
    0x8C, 0x4F, 0xF1, 0x21, 0x76, 0xEF, 0x49, 0xE1, 0x0E, 0x85, 0x3B, 0x04, 0x77, 0x08, 0xEF, 0xCF,
    0x7A, 0x2B, 0xFD, 0x77, 0x25, 0xC5, 0xF7, 0xED, 0xBA, 0xE7, 0xF4, 0x79, 0x8D, 0xCB, 0x4D, 0xF6,
    0x97, 0xD3, 0x49, 0xD5, 0xF6, 0x5D, 0xB5, 0x93, 0x96, 0x43, 0x76, 0x49, 0x15, 0x8E, 0x7A, 0x6B,
    0xD6, 0x66, 0x69, 0x96, 0x76, 0xE9, 0xE6, 0x2E, 0x9A, 0xC0, 0xE3, 0xA1, 0x0C, 0xA3, 0x1D, 0xAD,
    0x7B, 0x7B, 0xB1, 0xD9, 0x9E, 0xFC, 0x7E, 0x4A, 0x77, 0x69, 0xDF, 0x44, 0xAC, 0xDC, 0x89, 0xC8,
    0x8D, 0x24, 0xE0, 0x5D, 0x45, 0x4C, 0xF5, 0x2A, 0x52, 0x6D, 0xCD, 0x22, 0x52, 0xAF, 0xC0, 0x26,
    0xE3, 0xCF, 0x5D, 0xA1, 0x48, 0x3F, 0x5A, 0xE1, 0xD4, 0x1B, 0xA0, 0xE7, 0x54, 0x8B, 0xDB, 0x8B,
    0x78, 0xC5, 0x49, 0xB1, 0x81, 0x6C, 0x91, 0x76, 0x36, 0x41, 0xC4, 0xC4, 0x7E, 0x04, 0x86, 0xC1,
    0x89, 0x0C, 0x8E, 0x53, 0x39, 0x99, 0xC4, 0xE9, 0xF2, 0xBA, 0x79, 0xC6, 0xA4, 0x54, 0xE7, 0x7C,
    0x34, 0xAB, 0x4C, 0x98, 0xF7, 0x08, 0xB3, 0x1E, 0xEB, 0x4C, 0x28, 0xD1, 0xE5, 0x6F, 0x16, 0x3C,
    0x73, 0xE2, 0xC1, 0xB6, 0x9A, 0x36, 0x70, 0x4D, 0xAF, 0x24, 0x55, 0x7A, 0x0C, 0x25, 0x6F, 0x21,
    0xE7, 0x90, 0x7E, 0x86, 0xCC, 0x71, 0xC8, 0xBB, 0x54, 0xDE, 0x29, 0x5B, 0x6A, 0x56, 0x65, 0xD7,
    0x07, 0x31, 0x39, 0x5A, 0x07, 0xFD, 0x16, 0x08, 0xF2, 0xCD, 0xB2, 0x8B, 0xDC, 0x36, 0x2F, 0x24,
    0x58, 0xD9, 0xBC, 0x6C, 0x05, 0x76, 0x7F, 0x0F, 0x2D, 0xF3, 0xF4, 0x27, 0x41, 0xC0, 0xFE, 0xD3,
    0xA0, 0x65, 0x9F, 0x8A, 0x7E, 0xC7, 0xEB, 0xD2, 0x0B, 0x69, 0x3A, 0x44, 0x9A, 0x17, 0x69, 0x73,
    0xFB, 0xB2, 0x15, 0x8C, 0xCC, 0xEF, 0x44, 0x58, 0xD1, 0xFF, 0x62, 0x1C, 0x20, 0xE7, 0x03, 0xA3,
    0x17, 0xE8, 0xFB, 0x72, 0x30, 0xDD, 0x9B, 0xBC, 0x4A, 0xBD, 0xC9, 0x04, 0x16, 0x32, 0xFD, 0x05,
    0x86, 0x67, 0x28, 0x6A, 0x70, 0x13, 0x7E, 0xFF, 0x74, 0xD5, 0xE9, 0x0C, 0x8E, 0x10, 0x08, 0x91,
    0x4A, 0x2E, 0x3A, 0x16, 0x21, 0xFA, 0xF3, 0x64, 0x42, 0xFF, 0xE3, 0x07, 0x7C, 0xEB, 0x26, 0x7A,
    0xC9, 0x66, 0x8C, 0x1D, 0x12, 0xC6, 0x9A, 0x55, 0x86, 0x97, 0xC3, 0x70, 0x93, 0x73, 0xC2, 0x8C,
    0xBF, 0x38, 0xF0, 0xC0, 0xC2, 0x73, 0x27, 0xB9, 0xD3, 0xB8, 0x55, 0xA0, 0xCE, 0x15, 0xAE, 0xD4,
    0x97, 0x92, 0x61, 0x96, 0x85, 0x2E, 0x13, 0x03, 0x8A, 0x5B, 0x2B, 0xA4, 0x2C, 0x8C, 0x04, 0x08,
    0xA3, 0xFA, 0x40, 0xBD, 0xA8, 0xCC, 0xBF, 0x4F, 0x7C, 0xC6, 0x31, 0x3A, 0x7E, 0x29, 0x2C, 0x6B,
    0xB0, 0x96, 0x0C, 0x7A, 0x37, 0xD0, 0x83, 0x2B, 0xB1, 0xFD, 0xD5, 0xA0, 0x0A, 0xBE, 0x80, 0x5E,
    0xB4, 0xF5, 0x19, 0x27, 0x52, 0x7F, 0x2D, 0xF5, 0x2C, 0x59, 0x8A, 0x82, 0x3B, 0x3D, 0xCD, 0xF9,
    0x17, 0x25, 0xCF, 0xBA, 0x37, 0x09, 0xB3, 0x96, 0xF2, 0xCF, 0xB7, 0xD3, 0xB8, 0xA8, 0xFC, 0x07,
    0x8F, 0x5F, 0xA9, 0xCF, 0x0B, 0x82, 0xDA, 0xE7, 0x11, 0xE7, 0x94, 0x67, 0x9F, 0xC3, 0x1B, 0xFF,
    0x8B, 0x30, 0x67, 0x3F, 0x4A, 0x0D, 0xDE, 0xE0, 0xBE, 0x80, 0x13, 0xF7, 0x99, 0xC2, 0x33, 0xCF,
    0xDE, 0xD9, 0xD1, 0xC3, 0xBB, 0x8F, 0xE4, 0x56, 0x5E, 0xE9, 0xD9, 0x73, 0xDC, 0x0E, 0x76, 0x7C,
    0x7B, 0x1A, 0x04, 0x29, 0x4D, 0x84, 0x12, 0xB4, 0x9C, 0x3A, 0xE3, 0xDE, 0x23, 0xD0, 0x17, 0x83,
    0x68, 0x1B, 0x6D, 0x9C, 0xFF, 0x57, 0x8F, 0x7F, 0x18, 0xF4, 0x89, 0x20, 0x79, 0x05, 0xE4, 0xF1,
    0xA0, 0xF9, 0xBE, 0xD5, 0x47, 0x93, 0xDA, 0x55, 0x76, 0x98, 0x7B, 0x82, 0x67, 0x4E, 0xC8, 0xAB,
    0x1B, 0x2B, 0x4A, 0x77, 0x48, 0xDF, 0x1D, 0x94, 0x4E, 0xC8, 0xF1, 0x13, 0xA2, 0xE7, 0xE1, 0x18,
    0xEB, 0xFA, 0x68, 0xE3, 0x04, 0x83, 0x33, 0x6A, 0x62, 0x43, 0x29, 0x7C, 0xB3, 0x48, 0x8E, 0x92,
    0x43, 0x95, 0x03, 0xA3, 0xDA, 0x8F, 0xF4, 0x2E, 0xD8, 0x58, 0xE1, 0xE9, 0x59, 0x05, 0xAC, 0xEE,
    0x54, 0x4E, 0xB0, 0x92, 0x9A, 0x7E, 0x19, 0x3D, 0x4F, 0x27, 0x35, 0x26, 0xF7, 0x60, 0xE4, 0x73,
    0x92, 0x1D, 0x47, 0x92, 0x13, 0x86, 0xDC, 0x54, 0x7F, 0xC1, 0x49, 0xE7, 0xAC, 0x19, 0x66, 0x21,
    0xFB, 0x1E, 0xC1, 0x67, 0x55, 0x63, 0x9A, 0x59, 0xAB, 0x0F, 0x1B, 0xE0, 0x55, 0xEB, 0x9A, 0x19,
    0x75, 0x1F, 0x7D, 0xA1, 0x20, 0xA8, 0xDF, 0x2A, 0xE7, 0x1D, 0x84, 0xB9, 0xDD, 0x52, 0xF2, 0x91,
    0x95, 0x03, 0xE7, 0xF4, 0x20, 0xB8, 0x1B, 0x34, 0xCB, 0xAB, 0x7F, 0xDA, 0x52, 0x78, 0xD7, 0xA0,
    0x66, 0x79, 0x00, 0xBA, 0x95, 0x6E, 0x9E, 0x30, 0x1E, 0xFC, 0x5C, 0x9F, 0x77, 0xB8, 0x29, 0x0A,
    0x9E, 0x33, 0x21, 0xD6, 0x92, 0x01, 0x1E, 0xA4, 0x0A, 0xCC, 0x62, 0x9E, 0xCE, 0x32, 0xFC, 0x62,
    0x94, 0xE9, 0x43, 0x43, 0xBD, 0x9B, 0xD0, 0xA2, 0x78, 0xFA, 0x19, 0x65, 0x03, 0xB9, 0xA0, 0x0D,
    0xB4, 0x5E, 0x16, 0x01, 0x93, 0x17, 0x10, 0x62, 0x0F, 0xF2, 0x60, 0x4C, 0x5B, 0x27, 0x50, 0x52,
    0x0B, 0xE9, 0x12, 0x4A, 0x01, 0xDB, 0x1D, 0x94, 0x43, 0x9D, 0xF3, 0x5C, 0xE4, 0x35, 0x4A, 0x57,
    0xFA, 0x45, 0xEA, 0x07, 0x3B, 0x11, 0xBE, 0x04, 0xFD, 0xE0, 0xFB, 0x4A, 0xFD, 0xB7, 0x92, 0x67,
    0x75, 0x54, 0x09, 0xE9, 0x9B, 0x90, 0xBE, 0x09, 0xF1, 0xFC, 0xD4, 0xFE, 0x0F, 0x50, 0xA3, 0xE0,
    0x07, 0x9A, 0x7D, 0xEC, 0x96, 0x09, 0x3C, 0xEE, 0x40, 0x49, 0xA9, 0x9D, 0xEF, 0x10, 0x2F, 0xEF,
    0x3C, 0x75, 0x86, 0x7A, 0x88, 0x4B, 0x1E, 0x29, 0x7F, 0x07, 0xA5, 0x16, 0x44, 0xFF, 0x14, 0x1F,
    0xB2, 0x5A, 0xAD, 0xD3, 0x68, 0xCA, 0x73, 0x35, 0x32, 0x8C, 0xE5, 0xF6, 0x7E, 0x6F, 0xC3, 0xF9,
    0x36, 0x67, 0xBC, 0x34, 0xD7, 0xD6, 0x6A, 0x6F, 0xB0, 0x27, 0x70, 0x51, 0x07, 0xCD, 0xD5, 0xDA,
    0x2E, 0xD8, 0x1F, 0x36, 0x33, 0xC3, 0xDE, 0x00, 0x99, 0xA3, 0xC9, 0x19, 0xB9, 0x65, 0x16, 0xE6,
    0x19, 0xF2, 0x0D, 0xD4, 0xCD, 0xDE, 0x0D, 0x97, 0x78, 0x30, 0x55, 0xA4, 0x43, 0x0E, 0x4C, 0xEA,
    0xA3, 0xA5, 0x5D, 0xDB, 0xD5, 0xC4, 0x6A, 0x43, 0xCA, 0xA5, 0xC1, 0x15, 0xB2, 0xAE, 0xDA, 0x86,
    0xB1, 0x59, 0x87, 0xD8, 0x2F, 0x86, 0x63, 0x60, 0x7B, 0x35, 0x7D, 0x6B, 0xFC, 0x7C, 0xD8, 0x70,
    0x8B, 0xB4, 0x3C, 0xE4, 0x44, 0xD7, 0x33, 0x05, 0xC0, 0x0A, 0xE9, 0x07, 0x2E, 0xDD, 0xD2, 0xCE,
    0x72, 0xF9, 0x3B, 0x57, 0x62, 0x17, 0xFA, 0x38, 0x04, 0xE3, 0xCE, 0xF7, 0x1F, 0x4A, 0x1F, 0xF8,
    0x64, 0x40, 0xE9, 0xBE, 0xA3, 0xDE, 0xA9, 0x18, 0x25, 0x66, 0xE6, 0xC8, 0xCC, 0x2A, 0x17, 0xE6,
    0x1B, 0x88, 0x2B, 0x1D, 0x57, 0xAA, 0x09, 0x43, 0xCC, 0xCE, 0x28, 0x09, 0xD7, 0x0E, 0x0B, 0x03,
    0x73, 0x28, 0xA7, 0xD7, 0xB3, 0x86, 0x49, 0x8D, 0x0E, 0xE0, 0x12, 0xC5, 0x54, 0xCC, 0xF4, 0x33,
    0xA7, 0x2D, 0x98, 0x1E, 0xA5, 0xDB, 0x2F, 0x17, 0x1B, 0x75, 0xD9, 0xE3, 0xE2, 0x8B, 0x78, 0x69,
    0x6C, 0x9D, 0x17, 0x3B, 0xDE, 0x21, 0x08, 0x3B, 0x6C, 0xFB, 0x61, 0xF1, 0x65, 0xED, 0x33, 0x50,
    0xC3, 0x47, 0x15, 0xCA, 0x08, 0xD2, 0xBA, 0x2E, 0x94, 0x28, 0x3E, 0x74, 0xDC, 0x38, 0x8B, 0x96,
    0xA4, 0x41, 0x2D, 0x79, 0xDD, 0x92, 0x49, 0xE0, 0xC9, 0xE5, 0x9D, 0x15, 0x32, 0x53, 0x87, 0x83,
    0xD1, 0x6F, 0xD6, 0xD7, 0x7D, 0x52, 0x6F, 0x1D, 0xAA, 0xCB, 0x25, 0x33, 0xE2, 0x61, 0x1A, 0x64,
    0xEB, 0x43, 0x7A, 0x24, 0x9F, 0x86, 0xDF, 0x8F, 0x05, 0x81, 0x4B, 0xB7, 0x4D, 0xC6, 0xD3, 0xD4,
    0xCD, 0xC3, 0xBB, 0x6F, 0xC9, 0x04, 0x5B, 0x2F, 0xC9, 0xFC, 0x78, 0x6E, 0xE6, 0x04, 0x6E, 0xFF,
    0x1C, 0x4E, 0x5D, 0xFE, 0x4E, 0x6A, 0xFA, 0xA9, 0xED, 0x0E, 0x6D, 0xD5, 0xC7, 0xAB, 0xD4, 0x41,
    0xDA, 0xFC, 0x3D, 0x39, 0x50, 0x6C, 0x76, 0x54, 0xE1, 0x2F, 0xF4, 0x49, 0x26, 0x0E, 0xF7, 0xE8,
    0x84, 0x0E, 0xE1, 0x94, 0x2E, 0x07, 0xA0, 0xF9, 0x13, 0xA2, 0xFD, 0x26, 0xA2, 0x37, 0x11, 0x78,
    0x70, 0x83, 0xAF, 0x90, 0xF2, 0xCC, 0x4A, 0x22, 0x15, 0x56, 0x2B, 0x36, 0x32, 0x20, 0x7A, 0xA6,
    0x32, 0x6D, 0x49, 0xBA, 0xC0, 0x43, 0x87, 0xEC, 0x3A, 0x2E, 0xD6, 0xDC, 0x96, 0x0B, 0x4A, 0x86,
    0x15, 0x84, 0x95, 0xDA, 0x24, 0x78, 0x0A, 0x23, 0x99, 0x56, 0x32, 0x28, 0x38, 0x00, 0x33, 0x4B,
    0x2C, 0xF8, 0x93, 0x61, 0x2C, 0x30, 0xB1, 0xC9, 0xD8, 0xB9, 0xB6, 0x24, 0xA9, 0x15, 0xD6, 0x8A,
    0xD5, 0x85, 0xDF, 0xFD, 0x6C, 0xE9, 0x49, 0x0F, 0x10, 0x00, 0x8D, 0x9B, 0x9E, 0xD0, 0x0E, 0x08,
    0xB2, 0x9C, 0x8B, 0x9C, 0x9E, 0x1B, 0x0E, 0x6E, 0x17, 0x76, 0x28, 0x08, 0x71, 0xE4, 0xD6, 0xE4,
    0x20, 0x8C, 0xA5, 0xF3, 0x1F, 0xC1, 0x28, 0xAF, 0xC8, 0xE2, 0x1A, 0x46, 0xF8, 0x70, 0x22, 0x3B,
    0x08, 0xA5, 0x16, 0x32, 0x20, 0x9B, 0x69, 0xC2, 0x37, 0x2B, 0x26, 0xF5, 0x6B, 0x66, 0xD0, 0x75,
    0xE5, 0x84, 0xD0, 0x40, 0x3B, 0x4C, 0x24, 0x76, 0x33, 0xB9, 0x11, 0x35, 0x3B, 0xBC, 0xFE, 0xBE,
    0x01, 0x46, 0xB9, 0xD3, 0x3C, 0xE1, 0x8E, 0xA7, 0x68, 0x1D, 0x71, 0xD2, 0x65, 0x5B, 0x6D, 0x84,
    0x58, 0x1A, 0x16, 0x45, 0x2D, 0x2B, 0xA6, 0xA9, 0xC4, 0x43, 0x81, 0x52, 0x77, 0x72, 0xB8, 0x85,
    0x4C, 0xC0, 0xD9, 0x7F, 0xE4, 0x44, 0x00, 0x71, 0xCE, 0x48, 0x70, 0xF4, 0x1F, 0x03, 0xC2, 0x55,
    0xE5, 0x0C, 0x55, 0x42, 0xAE, 0x42, 0x0E, 0xB2, 0x88, 0x41, 0xA1, 0x14, 0xA7, 0xF0, 0xFF, 0x2B,
    0xA3, 0xAC, 0x56, 0xDC, 0x87, 0x38, 0x56, 0x81, 0x73, 0xB5, 0xB3, 0x33, 0xF7, 0x73, 0x03, 0x9B,
    0xB7, 0xD8, 0x6C, 0x70, 0x11, 0xDC, 0xC3, 0x1E, 0x16, 0x42, 0x21, 0xAC, 0x72, 0xF7, 0xF1, 0xE8,
    0x73, 0xBC, 0x29, 0x30, 0xE4, 0x70, 0xA2, 0xE3, 0x3C, 0xC1, 0x3A, 0xF6, 0xA6, 0x01, 0xDA, 0xF4,
    0x6B, 0x75, 0x94, 0x86, 0xA9, 0xAC, 0xE9, 0x9F, 0x76, 0xA8, 0xAF, 0xA0, 0x13, 0x2E, 0x34, 0x06,
    0x51, 0xDA, 0xF9, 0x4B, 0x94, 0x37, 0x9D, 0xCE, 0x0B, 0x2D, 0xD2, 0x0B, 0x19, 0xA9, 0x55, 0xBD,
    0xC3, 0x45, 0x6F, 0xA8, 0xF7, 0x69, 0x60, 0xB9, 0x4C, 0xBC, 0xA8, 0x7D, 0x37, 0x6A, 0xDC, 0x79,
    0xD7, 0xBC, 0xA5, 0x95, 0x97, 0xDD, 0x25, 0xA9, 0xA5, 0x50, 0x92, 0xB6, 0x5A, 0xBD, 0x38, 0x9A,
    0x4E, 0x0D, 0xE8, 0xCF, 0xFD, 0xBC, 0x73, 0xBB, 0x67, 0x3B, 0xB7, 0xFD, 0x77, 0x76, 0xEE, 0xEA,
    0x7A, 0xE7, 0x36, 0x19, 0xD0, 0xDF, 0xC3, 0x25, 0x41, 0x6F, 0x2E, 0x70, 0x47, 0x48, 0xD7, 0xC0,
    0xF9, 0xDC, 0x70, 0x21, 0x04, 0x60, 0xB9, 0x59, 0x58, 0xE6, 0x9F, 0x65, 0xE2, 0xD9, 0x91, 0x69,
    0xAD, 0x29, 0xCB, 0x7A, 0xE5, 0x62, 0x4F, 0xFD, 0xA8, 0x6D, 0x3E, 0x80, 0xD0, 0x12, 0xB2, 0x19,
    0x81, 0xC8, 0x25, 0x6C, 0x62, 0x5B, 0xF7, 0x9E, 0xBB, 0x00, 0x3F, 0x74, 0xA1, 0x70, 0x1F, 0xCE,
    0xF1, 0x84, 0x75, 0xB3, 0x22, 0xEF, 0x4F, 0x5F, 0xB6, 0x02, 0x0F, 0x95, 0x9C, 0xAA, 0x44, 0x2C,
    0x5E, 0x21, 0xD6, 0xC0, 0xC4, 0x49, 0xDA, 0x80, 0x8C, 0xD3, 0x02, 0x74, 0x43, 0xF1, 0x8B, 0x46,
    0x48, 0xE3, 0xA3, 0xD1, 0xA1, 0x4C, 0x0A, 0x23, 0x3C, 0x57, 0xA2, 0xFE, 0xA5, 0x26, 0x5F, 0xE7,
    0x5A, 0xF5, 0x61, 0x10, 0xD4, 0x44, 0xC8, 0x69, 0xE3, 0x65, 0x3D, 0x20, 0x70, 0xB9, 0xA1, 0x1D,
    0x49, 0xA8, 0xA5, 0x4D, 0x15, 0xDB, 0x05, 0x68, 0x61, 0x92, 0x34, 0x19, 0xF7, 0x77, 0x94, 0xB6,
    0xAE, 0x83, 0x03, 0x2F, 0x93, 0xF3, 0x27, 0x8C, 0xB2, 0x3F, 0xBE, 0x43, 0x82, 0xED, 0x7F, 0x63,
    0xDD, 0xB9, 0xFE, 0xE5, 0x39, 0x41, 0x2E, 0xD6, 0x47, 0x86, 0xBD, 0xCE, 0x25, 0xDE, 0xA9, 0xC4,
    0xFB, 0xC3, 0xEA, 0x95, 0x17, 0xBA, 0x98, 0x37, 0x70, 0xA9, 0xF5, 0x42, 0x63, 0x99, 0x7E, 0x9E,
    0x0A, 0xF0, 0xE2, 0x78, 0xA1, 0x2E, 0x13, 0x2F, 0x4B, 0xC9, 0xC9, 0xB5, 0xE4, 0x64, 0x2A, 0x39,
    0xC9, 0xEC, 0xA0, 0x2E, 0xE5, 0xE2, 0x9D, 0xE6, 0xE4, 0x10, 0x34, 0x19, 0x4D, 0xE4, 0xC5, 0x77,
    0x8B, 0x15, 0xEA, 0xB2, 0x5A, 0xA1, 0x2E, 0xC9, 0xAB, 0xF5, 0x7B, 0xC9, 0xC9, 0xA9, 0xE4, 0xA4,
    0x2D, 0x6E, 0x1F, 0x8A, 0xDF, 0xFB, 0x92, 0x93, 0x66, 0xD3, 0xFA, 0x6B, 0xF5, 0xE2, 0x9A, 0xF5,
    0x5C, 0x83, 0x7D, 0x56, 0x3D, 0xF3, 0x5C, 0x1F, 0xA8, 0xA2, 0x6E, 0x95, 0x86, 0x2D, 0x4D, 0x95,
    0xE8, 0xFF, 0x44, 0x21, 0xCA, 0x7B, 0x57, 0xCE, 0x49, 0x81, 0xCC, 0xC9, 0x9A, 0xBE, 0x61, 0xFF,
    0x20, 0x26, 0x7A, 0xC7, 0x6E, 0x6E, 0xAE, 0x33, 0xD9, 0x25, 0x69, 0xB5, 0x06, 0x27, 0x3C, 0x7F,
    0x7E, 0x9D, 0x3C, 0xCA, 0x3A, 0xA9, 0x31, 0x66, 0x99, 0x11, 0x9F, 0x55, 0xC2, 0x89, 0x58, 0x27,
    0xAD, 0xB9, 0x55, 0x31, 0xB2, 0xF0, 0x9E, 0x9C, 0xC3, 0x7C, 0x8D, 0x74, 0xB6, 0xDA, 0x77, 0x95,
    0x8C, 0x05, 0x1D, 0xB0, 0x48, 0xE7, 0xAA, 0x1D, 0xF8, 0x98, 0xA1, 0xC7, 0x5E, 0x94, 0x60, 0x9C,
    0xD4, 0xBB, 0x76, 0x5A, 0x87, 0x3A, 0xF9, 0xA6, 0xB4, 0x55, 0x14, 0xAE, 0xC8, 0x3B, 0xB4, 0xF7,
    0x0E, 0x58, 0x49, 0x02, 0x76, 0x21, 0xE1, 0x09, 0x32, 0x81, 0xC5, 0xF3, 0x74, 0x81, 0x9D, 0x0D,
    0x1B, 0xC1, 0xB5, 0x66, 0x89, 0xA8, 0x41, 0x35, 0x17, 0x49, 0x2E, 0x39, 0xD3, 0x1B, 0xA8, 0x32,
    0x9F, 0xE6, 0x2E, 0x1B, 0xAB, 0xD9, 0x89, 0xCD, 0xFA, 0xEF, 0xFB, 0x41, 0xFE, 0x37, 0x7E, 0x68,
    0x16, 0xC5, 0x4B, 0x95, 0xB1, 0xBE, 0x5E, 0x89, 0x7E, 0xD8, 0x1F, 0x6B, 0x7D, 0x25, 0xFA, 0xC1,
    0x6F, 0x40, 0x2C, 0xA9, 0xEC, 0x0A, 0xFF, 0x82, 0x0E, 0x38, 0x54, 0x36, 0x79, 0x7A, 0x07, 0x0E,
    0x03, 0xC1, 0x22, 0x7A, 0xD4, 0x6E, 0x23, 0xDC, 0x6F, 0x2E, 0x91, 0x9A, 0xAF, 0xB4, 0x06, 0xAC,
    0xE9, 0xAA, 0x07, 0xF4, 0xC5, 0xC0, 0x65, 0xCE, 0x6A, 0x6A, 0xB9, 0x76, 0x2B, 0xFE, 0xD4, 0xBC,
    0xA9, 0xA9, 0x13, 0xCB, 0x6D, 0x51, 0xF0, 0x84, 0x5B, 0xF6, 0x9C, 0xA9, 0x5E, 0x9B, 0xF9, 0xA3,
    0xD0, 0x7F, 0x3A, 0xA1, 0xC2, 0x05, 0xB4, 0xF9, 0xEB, 0x14, 0xE2, 0xB9, 0xD6, 0x15, 0x7A, 0x85,
    0x67, 0x05, 0x0F, 0x68, 0xA9, 0x45, 0x57, 0x60, 0xA1, 0x8C, 0x60, 0x28, 0x64, 0x44, 0x2D, 0xD2,
    0xB2, 0x1C, 0xC9, 0x31, 0x91, 0x65, 0xB5, 0x91, 0x5D, 0xBD, 0x16, 0x04, 0x43, 0x0A, 0x53, 0x24,
    0xDF, 0x16, 0x38, 0x72, 0xD8, 0x30, 0x72, 0x00, 0x37, 0xE6, 0xC0, 0xDF, 0x3D, 0x30, 0x50, 0x12,
    0x9C, 0x34, 0x41, 0x8D, 0x27, 0x1F, 0x93, 0x28, 0x8A, 0x02, 0xD9, 0x25, 0xD3, 0x03, 0x74, 0x77,
    0xE9, 0x60, 0x6C, 0x16, 0xCA, 0x25, 0x46, 0x2D, 0x70, 0x86, 0x54, 0x7F, 0xD0, 0x1C, 0x20, 0xB8,
    0x55, 0x49, 0xF5, 0x4E, 0xF7, 0x3D, 0xBA, 0xBE, 0x18, 0x6B, 0x76, 0x7A, 0xB5, 0xDD, 0xAA, 0xDD,
    0xB6, 0x0F, 0x44, 0xFF, 0x2C, 0x43, 0xFA, 0x9D, 0x68, 0x36, 0x45, 0x0E, 0x24, 0xC7, 0x22, 0x77,
    0xAE, 0x72, 0xA2, 0x64, 0x94, 0x55, 0x82, 0xEC, 0x61, 0xA9, 0x33, 0x1B, 0x2F, 0x8B, 0x93, 0xC2,
    0xFD, 0x22, 0x27, 0x5E, 0xE1, 0x9E, 0x04, 0x7D, 0xAA, 0xCC, 0x66, 0xA8, 0xDE, 0x9A, 0xA7, 0xAB,
    0x2E, 0x45, 0xED, 0x0B, 0x2B, 0x38, 0x55, 0xC9, 0xFC, 0xD9, 0x46, 0x1F, 0xA7, 0xFE, 0xC7, 0x37,
    0xA6, 0xFA, 0x3E, 0x7C, 0x49, 0xA9, 0x6A, 0x2B, 0xE9, 0x8E, 0x3A, 0x9E, 0x64, 0x4F, 0xD4, 0x32,
    0x89, 0xC6, 0xDD, 0x6E, 0x64, 0x28, 0x94, 0x92, 0x23, 0xAF, 0xB3, 0x4C, 0x98, 0x4E, 0x67, 0x4D,
    0xAA, 0xF5, 0xA8, 0x06, 0xCA, 0xA4, 0xE3, 0x73, 0x82, 0x58, 0xC9, 0x5B, 0x0D, 0x6C, 0xB6, 0x86,
    0xAB, 0x42, 0xEA, 0x38, 0xFD, 0x18, 0x38, 0x69, 0x52, 0x43, 0xAD, 0x9A, 0x38, 0x5C, 0x99, 0x68,
    0x15, 0x27, 0xCA, 0x83, 0x8D, 0xC0, 0x76, 0xD5, 0xC5, 0x3F, 0x4E, 0x7C, 0x38, 0xD2, 0x8F, 0x87,
    0x86, 0xE7, 0xE0, 0xE9, 0x77, 0xC5, 0x44, 0x46, 0x36, 0xFF, 0x24, 0x9D, 0xF2, 0x65, 0x79, 0xF3,
    0xF9, 0x7D, 0xF3, 0x8A, 0xDC, 0x3D, 0x60, 0x23, 0x4B, 0x65, 0x67, 0x32, 0x9F, 0xD8, 0xAA, 0x7A,
    0xDA, 0x69, 0x27, 0xCA, 0x4C, 0xE4, 0xBA, 0xAA, 0x5C, 0xC2, 0x7F, 0x90, 0x75, 0x4D, 0xDE, 0x0A,
    0x94, 0xAC, 0xD3, 0x2A, 0xBD, 0xC0, 0x56, 0xAD, 0x98, 0x5D, 0xB3, 0xF0, 0xAB, 0xEF, 0x92, 0xCC,
    0x5C, 0x4E, 0x67, 0x86, 0xC5, 0x48, 0xC7, 0x42, 0x61, 0xE0, 0x38, 0xB7, 0xA7, 0x0C, 0x9A, 0x5D,
    0x1D, 0xF2, 0x90, 0xC5, 0x62, 0xC6, 0x7E, 0x06, 0xD8, 0x73, 0x7B, 0x25, 0x0A, 0xEA, 0x91, 0x83,
    0x16, 0x3D, 0xBE, 0xDA, 0xFA, 0xB9, 0xEF, 0x33, 0x87, 0x21, 0xAD, 0xD1, 0xB3, 0x65, 0x37, 0xC4,
    0x57, 0x0A, 0xC3, 0x93, 0xCA, 0xF6, 0x8E, 0xD5, 0x68, 0xF5, 0x7C, 0x24, 0xEA, 0x95, 0x24, 0x6F,
    0x2A, 0xB7, 0x38, 0xBE, 0x18, 0xC7, 0xBB, 0xE1, 0x78, 0x84, 0x63, 0xC0, 0xD1, 0xE3, 0x30, 0x0E,
    0xC7, 0xC8, 0xA3, 0x0B, 0x5D, 0x68, 0x71, 0x34, 0xB1, 0x89, 0x15, 0xC3, 0xC2, 0x89, 0xFE, 0xBA,
    0xE5, 0xB8, 0x92, 0xDB, 0xCC, 0xD2, 0x46, 0x8A, 0x2E, 0x72, 0xCD, 0x58, 0x7A, 0x96, 0xB3, 0xDC,
    0x73, 0xC3, 0x72, 0xCB, 0x34, 0x60, 0x18, 0xEB, 0x50, 0xF2, 0xB6, 0x67, 0xA9, 0x72, 0x3F, 0x4C,
    0x7C, 0x03, 0x06, 0x83, 0x47, 0x50, 0x78, 0x10, 0xE2, 0xBB, 0x8A, 0x81, 0xE9, 0xFB, 0x94, 0x77,
    0x38, 0x76, 0xE2, 0x62, 0xCB, 0x83, 0x4C, 0x3D, 0x4A, 0x28, 0x73, 0x37, 0x3E, 0x20, 0xD7, 0x4B,
    0x35, 0x1D, 0x88, 0x03, 0xBB, 0xB9, 0x1D, 0xD9, 0x06, 0xFB, 0x04, 0xD4, 0x80, 0xE0, 0x40, 0x52,
    0xB7, 0x9E, 0xCA, 0xAB, 0xB2, 0x7E, 0x67, 0x38, 0x7F, 0x56, 0xB8, 0x50, 0x79, 0x09, 0x23, 0x65,
    0x04, 0x4E, 0xF9, 0x64, 0x67, 0x82, 0x0D, 0xFD, 0xD8, 0x87, 0x81, 0xBF, 0x18, 0x0D, 0x70, 0xA6,
    0x74, 0x3F, 0x1E, 0x7C, 0x49, 0x05, 0x2D, 0xB2, 0x67, 0x57, 0x18, 0x62, 0xBC, 0xBE, 0x24, 0x2F,
    0x9C, 0x01, 0xF5, 0x5D, 0x45, 0xA3, 0xEF, 0xE9, 0xD5, 0xF8, 0x59, 0x40, 0x06, 0x36, 0x72, 0xE0,
    0xCF, 0x4D, 0x80, 0xD9, 0x0B, 0x69, 0x09, 0x1A, 0x81, 0x1E, 0x82, 0xAA, 0xA2, 0xD5, 0xB5, 0x66,
    0xFD, 0xD3, 0x19, 0x7C, 0x67, 0xF0, 0x8D, 0x66, 0x31, 0xA1, 0x0F, 0xE6, 0x5E, 0x97, 0x9E, 0xBA,
    0x38, 0xE8, 0xE2, 0xEC, 0x38, 0xC9, 0x80, 0x31, 0x46, 0xF7, 0xE2, 0x7E, 0x2C, 0x39, 0xC2, 0x1A,
    0x83, 0x67, 0xCC, 0xEC, 0xFB, 0x60, 0xF1, 0xD8, 0xB2, 0x45, 0x43, 0xF1, 0xBE, 0x92, 0x1D, 0x6F,
    0x87, 0x9C, 0x0C, 0xAA, 0x9E, 0x7A, 0x83, 0xB8, 0x2D, 0xF1, 0xDB, 0x87, 0xF9, 0xD9, 0x28, 0xFD,
    0xD7, 0x69, 0xB2, 0xD0, 0xBB, 0xB5, 0x7E, 0xEB, 0x48, 0x4A, 0x65, 0x6B, 0x2B, 0x9D, 0xD3, 0xF3,
    0xDF, 0x44, 0xA8, 0xEC, 0x6B, 0x32, 0x7C, 0xA4, 0x28, 0xF2, 0x3A, 0x8E, 0x96, 0x1D, 0x5E, 0x4A,
    0xAB, 0x38, 0xFD, 0x60, 0x46, 0xA1, 0xC1, 0xB7, 0x5C, 0xD8, 0xF9, 0x2E, 0x45, 0x40, 0x6A, 0xD4,
    0xC7, 0x84, 0xE5, 0xB5, 0x34, 0x93, 0x0C, 0xC8, 0x6F, 0x89, 0xD0, 0xEB, 0x04, 0xE8, 0x33, 0xFC,
    0x60, 0x5E, 0x20, 0x94, 0xDF, 0x49, 0xE8, 0x05, 0x7E, 0xBB, 0x95, 0xF2, 0xDA, 0xCB, 0x21, 0xFA,
    0x59, 0x45, 0x26, 0x10, 0xDC, 0x58, 0x81, 0x4A, 0xDB, 0x4D, 0x92, 0x42, 0xD4, 0x97, 0x74, 0x82,
    0x10, 0x6E, 0x3A, 0xA4, 0xA3, 0x7C, 0xD9, 0x80, 0x1E, 0x4B, 0x03, 0xA2, 0x2A, 0xFC, 0xFA, 0xDC,
    0xCE, 0x5D, 0xF4, 0xBB, 0xD9, 0xA6, 0x64, 0xD2, 0x94, 0x3A, 0x5D, 0x6D, 0x2A, 0x2C, 0xA2, 0x66,
    0x36, 0x01, 0x01, 0x1C, 0x7D, 0x98, 0x82, 0xC1, 0xD1, 0x8F, 0x70, 0xB7, 0x3A, 0xDC, 0x47, 0x1B,
    0xDF, 0xC0, 0x49, 0xB5, 0x94, 0xD5, 0x1C, 0xA3, 0xE9, 0xEE, 0x01, 0x95, 0x7E, 0x55, 0x7B, 0x06,
    0xE7, 0xBF, 0xF3, 0xB9, 0x0D, 0xE7, 0x83, 0x13, 0xD7, 0x17, 0xBB, 0x69, 0xC9, 0x7B, 0xC6, 0x20,
    0x28, 0x9D, 0x1D, 0x4F, 0xBA, 0x18, 0xE2, 0x69, 0xC8, 0x94, 0xE4, 0x0E, 0x51, 0x48, 0x79, 0x03,
    0x89, 0xB0, 0x15, 0x00, 0x31, 0x40, 0xF5, 0x81, 0xDC, 0xDF, 0x3C, 0xC4, 0xDA, 0x4F, 0xB5, 0x87,
    0x4D, 0x7E, 0x1F, 0x56, 0x18, 0x13, 0xBB, 0xC5, 0xAC, 0xFD, 0x46, 0x53, 0x79, 0xD0, 0x44, 0x73,
    0x31, 0x42, 0xB3, 0x06, 0xDE, 0xA1, 0x61, 0x36, 0x3C, 0xC0, 0xFC, 0xE9, 0xAB, 0x76, 0x86, 0x82,
    0x35, 0x42, 0x0C, 0x58, 0x13, 0x57, 0xBE, 0x5C, 0xB6, 0xC8, 0x64, 0x6C, 0x08, 0x73, 0x3F, 0xF2,
    0xF3, 0x02, 0x5F, 0x09, 0x4C, 0xB4, 0x8E, 0xE1, 0xB3, 0x52, 0xD0, 0x1E, 0xFD, 0xEA, 0x83, 0xDF,
    0x81, 0x11, 0xB2, 0x17, 0x1B, 0x34, 0xFB, 0xC8, 0x73, 0x04, 0xC7, 0x45, 0x37, 0xC6, 0x83, 0x4D,
    0x7C, 0xBD, 0x56, 0xD0, 0xA7, 0x2E, 0x01, 0xA0, 0x4E, 0xA4, 0xD9, 0x1E, 0x1D, 0x74, 0x26, 0xB1,
    0xBF, 0xD4, 0x6D, 0xED, 0x5C, 0x47, 0x01, 0x75, 0x14, 0xFB, 0xD0, 0xCD, 0x83, 0xC3, 0x38, 0xB8,
    0xD4, 0x8A, 0xE6, 0x3D, 0x74, 0xF6, 0xAE, 0xCF, 0x47, 0xF9, 0xB8, 0xC9, 0xE0, 0x9F, 0xFA, 0x95,
    0x93, 0x76, 0x6D, 0x90, 0x98, 0x84, 0xDE, 0xB1, 0x2C, 0x00, 0x74, 0x25, 0x3A, 0x35, 0x0C, 0xA1,
    0x33, 0xEF, 0x70, 0x81, 0x32, 0x89, 0x83, 0x57, 0x42, 0xC4, 0x8C, 0xA3, 0x64, 0xF0, 0x55, 0xB7,
    0x61, 0x8F, 0x33, 0xF8, 0xB2, 0x01, 0xFD, 0x75, 0x04, 0xE3, 0xD8, 0x52, 0xA5, 0xD9, 0x86, 0x61,
    0xEC, 0x2F, 0xE5, 0xC7, 0xC5, 0x88, 0xC4, 0x12, 0x64, 0x66, 0x1A, 0x50, 0x7D, 0x5C, 0x17, 0x09,
    0xA8, 0xCF, 0x0E, 0xC4, 0x72, 0x60, 0xA8, 0xE8, 0x96, 0x08, 0xB7, 0x20, 0x9F, 0x3F, 0x34, 0x4A,
    0x42, 0x8E, 0x6D, 0x95, 0xD4, 0xCF, 0x2D, 0x47, 0x16, 0x53, 0x7C, 0x16, 0xA5, 0x2A, 0xCF, 0xB0,
    0xD4, 0xE4, 0x34, 0xB8, 0x34, 0xC4, 0x8F, 0xEA, 0x69, 0xF8, 0x2C, 0xD3, 0xFA, 0x96, 0xCD, 0x7A,
    0x57, 0xAF, 0x13, 0x9B, 0xA7, 0x88, 0x9B, 0xF2, 0x4A, 0xE4, 0x70, 0x59, 0xFD, 0x7D, 0x0E, 0x13,
    0xBF, 0x78, 0xBB, 0x4B, 0x12, 0x32, 0x03, 0xDF, 0x73, 0xB1, 0xC8, 0x14, 0xB8, 0x33, 0xC7, 0x21,
    0x8F, 0xDD, 0x2E, 0x7E, 0x9E, 0xC2, 0x14, 0x31, 0x36, 0x64, 0xCD, 0x0E, 0xAE, 0x2E, 0x30, 0x4D,
    0x73, 0x84, 0xA4, 0xE6, 0xBD, 0x7B, 0xF9, 0x48, 0x39, 0x80, 0xDA, 0x1D, 0x05, 0xB1, 0xC3, 0xA2,
    0x29, 0xC1, 0x1C, 0x05, 0xA4, 0x5A, 0x44, 0xA1, 0x0E, 0x01, 0xD5, 0x60, 0x1D, 0x4C, 0x3C, 0x71,
    0x5B, 0xA3, 0xED, 0x65, 0x4F, 0x5C, 0x08, 0xBA, 0xDF, 0x69, 0x97, 0x4D, 0xDA, 0xBB, 0xD9, 0xEF,
    0xA8, 0xB7, 0x65, 0x4A, 0x60, 0xB1, 0xE4, 0xD4, 0xCD, 0x76, 0xB1, 0xAE, 0x5D, 0xA6, 0x85, 0xA9,
    0x9C, 0xD7, 0x9D, 0xFF, 0x99, 0xF2, 0x22, 0x4A, 0xFF, 0xE9, 0x8B, 0x98, 0x5F, 0xE7, 0x17, 0xF2,
    0x0C, 0x76, 0xBF, 0xA6, 0x85, 0xF2, 0x25, 0xBA, 0x6C, 0xE1, 0x60, 0x54, 0x77, 0xDD, 0x55, 0xB3,
    0x6B, 0x8F, 0x1A, 0x90, 0x3B, 0x86, 0xFF, 0x9F, 0x03, 0x7D, 0x7E, 0x6E, 0xA2, 0x35, 0xAF, 0x4C,
    0x3A, 0x87, 0xF4, 0x98, 0xB8, 0x7F, 0xA1, 0xF8, 0xFC, 0x32, 0x24, 0x94, 0x80, 0x59, 0xF1, 0xB0,
    0x85, 0x07, 0x53, 0x97, 0x43, 0xBF, 0x03, 0xF8, 0x72, 0x84, 0x9A, 0x63, 0x18, 0x3C, 0xB7, 0x03,
    0x6B, 0x02, 0xE0, 0xD3, 0x58, 0x9B, 0xD3, 0xB9, 0xEF, 0x32, 0xCF, 0xF5, 0x07, 0x18, 0xF1, 0x40,
    0xDF, 0x7B, 0x68, 0x5E, 0x4E, 0xE7, 0x1E, 0x85, 0xB7, 0xA4, 0xB9, 0xCF, 0x9D, 0x8E, 0x14, 0xB2,
    0x98, 0x9F, 0x4C, 0xF2, 0xF0, 0x43, 0xCF, 0x9F, 0xBD, 0x1F, 0x42, 0xFF, 0x01, 0x5C, 0xE0, 0x6A,
    0xDD, 0xE2, 0x0F, 0x10, 0x25, 0x7C, 0x18, 0x37, 0x87, 0xFE, 0x9B, 0xC5, 0xF2, 0x83, 0x22, 0xF7,
    0xFA, 0x5B, 0x9E, 0x97, 0xED, 0x9E, 0x6F, 0xE8, 0x33, 0x39, 0x40, 0xC3, 0x66, 0x7E, 0xE9, 0x76,
    0x7F, 0xDE, 0xEB, 0xF9, 0x6D, 0x42, 0x73, 0x81, 0xD1, 0xC7, 0xF9, 0x9F, 0x7E, 0x37, 0x60, 0xEE,
    0x5C, 0xA5, 0x4F, 0x87, 0xF3, 0xB2, 0x80, 0x85, 0xE7, 0x67, 0xCB, 0x43, 0x70, 0xA7, 0xEC, 0x7F,
    0x67, 0xCB, 0xA7, 0x2C, 0xC7, 0xD3, 0x2C, 0x3C, 0xAD, 0xBB, 0x57, 0x3E, 0x5D, 0x94, 0xE7, 0x59,
    0xA9, 0x2C, 0x1B, 0xD9, 0x12, 0x30, 0x48, 0xF1, 0xB3, 0x7D, 0x5E, 0x7E, 0xD8, 0x8F, 0xF2, 0x40,
    0xFE, 0x15, 0xC5, 0x98, 0x47, 0x98, 0xED, 0x38, 0x5A, 0x86, 0x5F, 0x5B, 0xDD, 0xED, 0xA1, 0x05,
    0x23, 0x72, 0xEA, 0x20, 0x72, 0x06, 0xB1, 0x7F, 0xFA, 0x96, 0x44, 0xDE, 0x91, 0x73, 0x86, 0x0D,
    0x39, 0x67, 0xA8, 0x5B, 0xF6, 0xD0, 0x3B, 0x72, 0x5A, 0x93, 0xD3, 0xAE, 0xD9, 0x31, 0xA1, 0xAA,
    0x8E, 0xC8, 0x19, 0x3C, 0xB0, 0x23, 0x9A, 0x9C, 0xB9, 0x62, 0x30, 0xF3, 0xB8, 0xE7, 0xCA, 0xFE,
    0xB1, 0x74, 0x4F, 0xD5, 0xE4, 0x70, 0x03, 0x7D, 0x7D, 0xF4, 0xBD, 0x3E, 0xE9, 0xFF, 0xBF, 0xCF,
    0x3A, 0xF2, 0x49, 0x4D, 0x52, 0x4B, 0xB7, 0xA8, 0x44, 0x50, 0x49, 0xA5, 0x2E, 0xE9, 0x49, 0x8F,
    0x66, 0x34, 0xD1, 0x46, 0x37, 0xB8, 0xC1, 0x07, 0x4F, 0xCF, 0x81, 0x4B, 0x68, 0x13, 0xA8, 0x09,
    0xFA, 0x95, 0x56, 0x0E, 0xA1, 0x13, 0x19, 0xCC, 0xBF, 0xFF, 0xCD, 0x60, 0xBF, 0xFF, 0x2F, 0xF0,
    0x66, 0xD8, 0x15, 0xF0, 0x16, 0xFC, 0x73, 0x27, 0x38, 0x59, 0x31, 0xB7, 0x17, 0x3A, 0x99, 0xE0,
    0x26, 0x70, 0x0A, 0x70, 0x18, 0x68, 0x25, 0xD1, 0xED, 0xD2, 0x7F, 0x96, 0x30, 0xBF, 0x33, 0x62,
    0x22, 0x55, 0x22, 0x34, 0xB2, 0xD1, 0xCA, 0x0A, 0x1E, 0xAE, 0x75, 0x06, 0x5C, 0x1C, 0x95, 0xC1,
    0x89, 0x04, 0xFF, 0x53, 0xBB, 0x44, 0xB0, 0x33, 0xB8, 0x09, 0x1A, 0xA0, 0x50, 0x07, 0x1D, 0xCC,
    0xAD, 0x5B, 0x41, 0xC9, 0x8A, 0x7A, 0xF5, 0x82, 0x8E, 0xE7, 0x98, 0xE1, 0xA5, 0x98, 0x5F, 0x9B,
    0xD1, 0x92, 0x70, 0xB2, 0x70, 0xFE, 0x95, 0xE7, 0x7C, 0xF4, 0x7E, 0x01, 0xF0, 0xF2, 0x1B, 0x92,
    0xBD, 0x3C, 0x2B, 0x4B, 0x2F, 0x9F, 0x24, 0xB3, 0x5A, 0xD8, 0xFD, 0x73, 0x93, 0x21, 0xAB, 0x19,
    0x36, 0x33, 0x41, 0x6F, 0x23, 0xF8, 0x3E, 0x80, 0xDF, 0xAA, 0x7B, 0xC6, 0x1F, 0xB1, 0x50, 0xD1,
    0x8B, 0xCC, 0x05, 0x09, 0xEC, 0x00, 0x4A, 0x96, 0x23, 0x3A, 0x99, 0xA1, 0xCE, 0x68, 0x99, 0xCF,
    0x58, 0x2E, 0x76, 0xE0, 0xB8, 0x5D, 0xDD, 0x76, 0xC1, 0x07, 0x8F, 0x87, 0x6F, 0x98, 0x1B, 0xC9,
    0x6A, 0xBA, 0xD9, 0xC5, 0x67, 0x74, 0x7C, 0xA4, 0x93, 0xB1, 0x93, 0x64, 0x9E, 0x5B, 0x2C, 0xFB,
    0x78, 0xA9, 0x7B, 0x4D, 0xB2, 0x32, 0x69, 0x49, 0x1F, 0xD0, 0xA6, 0xD3, 0x6E, 0xEC, 0x65, 0xB0,
    0x2B, 0x70, 0x36, 0x1E, 0xC6, 0x77, 0x0A, 0xF0, 0x0D, 0x2B, 0xC5, 0x53, 0x22, 0xD8, 0xF1, 0x89,
    0x04, 0x17, 0x90, 0x69, 0xD3, 0xE3, 0x3F, 0x72, 0x42, 0x17, 0x0F, 0xD9, 0x62, 0x3E, 0x6E, 0x3E,
    0x37, 0x3C, 0xAD, 0xC7, 0x6C, 0xC2, 0x0D, 0xF3, 0x92, 0xD9, 0x84, 0x67, 0x5C, 0x08, 0x86, 0x53,
    0x07, 0x86, 0xEF, 0xF4, 0xF0, 0xF4, 0x7E, 0x3D, 0x7C, 0xE7, 0x0D, 0x4E, 0xED, 0x2B, 0xD3, 0x29,
    0x37, 0xB4, 0x8C, 0x09, 0xD7, 0x6C, 0xAA, 0xBE, 0x42, 0x76, 0xA0, 0x7B, 0xFE, 0xB1, 0x15, 0x1A,
    0x91, 0x09, 0xB0, 0x1B, 0xD0, 0xFC, 0x3C, 0x66, 0xC5, 0x5C, 0x62, 0x36, 0x4E, 0x6E, 0x72, 0x7A,
    0x46, 0x2F, 0x78, 0x99, 0xDE, 0xED, 0xB3, 0x02, 0xEF, 0x13, 0xF8, 0xBB, 0xA8, 0xFE, 0x3D, 0x5A,
    0x89, 0xBD, 0x70, 0xD8, 0xF0, 0x12, 0xCC, 0x73, 0x74, 0x9F, 0x42, 0xDB, 0xE0, 0x65, 0xDD, 0x47,
    0x2F, 0x19, 0xCE, 0x61, 0xE7, 0xE2, 0x25, 0xEE, 0xA3, 0x97, 0x08, 0x4D, 0x00, 0xF6, 0x8A, 0x00,
    0xBA, 0x9A, 0xF9, 0x7F, 0xFC, 0x86, 0x85, 0xFA, 0xCA, 0xA0, 0x44, 0xE6, 0x4B, 0xF4, 0xAD, 0xBD,
    0x1E, 0xF3, 0x6C, 0xBC, 0xE1, 0x70, 0x2A, 0x7E, 0xA4, 0xE5, 0xA4, 0x8B, 0xA7, 0xB6, 0x64, 0x9E,
    0x2D, 0x37, 0x8D, 0x8C, 0x8E, 0x53, 0x63, 0xC2, 0xC9, 0x7E, 0x5D, 0xFF, 0xCB, 0x39, 0x27, 0x87,
    0xDF, 0x59, 0x17, 0xBC, 0xFC, 0xFA, 0xED, 0x84, 0x1D, 0x71, 0x11, 0xF3, 0xFC, 0x63, 0x42, 0xE9,
    0xB6, 0x00, 0xBD, 0x0C, 0x40, 0xF3, 0x13, 0x80, 0xCB, 0x3E, 0xFB, 0x45, 0x07, 0x1F, 0x7F, 0x35,
    0xF6, 0xE1, 0x23, 0xE1, 0xDD, 0xE0, 0x04, 0x6E, 0xB2, 0xF7, 0xDC, 0x87, 0x95, 0xC8, 0x42, 0x33,
    0xD3, 0x26, 0x9A, 0x9F, 0xC6, 0x0B, 0xE5, 0xD8, 0x04, 0x0E, 0x51, 0x49, 0xEA, 0x7E, 0x2D, 0xE9,
    0x21, 0x3D, 0xDA, 0x26, 0x74, 0xE4, 0x10, 0xBA, 0x05, 0xF7, 0x92, 0xE1, 0x44, 0x95, 0xA3, 0xDA,
    0x2D, 0x94, 0x64, 0x25, 0x0B, 0xDD, 0x84, 0x1B, 0x38, 0x04, 0x64, 0xE2, 0x73, 0x12, 0xA4, 0x17,
    0x35, 0xE9, 0xA4, 0x1B, 0x9D, 0x0C, 0x7A, 0xA5, 0x8B, 0x25, 0x34, 0xEE, 0x7B, 0x05, 0xFC, 0xC7,
    0x09, 0xAD, 0x28, 0x61, 0x1F, 0x67, 0x05, 0x17, 0x74, 0x1B, 0x2B, 0xDD, 0x4A, 0x46, 0x17, 0x98,
    0xDC, 0xEC, 0x58, 0x77, 0x1F, 0x23, 0x22, 0xD8, 0x02, 0x67, 0xE7, 0x0D, 0x0F, 0x54, 0x70, 0x02,
    0x25, 0x3D, 0x70, 0x01, 0x70, 0x0E, 0xC0, 0x37, 0xC8, 0xDC, 0x8A, 0x24, 0xBD, 0xCB, 0xEE, 0xF2,
    0x22, 0xD3, 0xAE, 0xF1, 0xA8, 0x68, 0x77, 0x95, 0x13, 0x9B, 0x76, 0x97, 0xBA, 0x15, 0x76, 0x41,
    0x57, 0x24, 0xA0, 0x37, 0x30, 0x17, 0xBB, 0xCE, 0xAB, 0xB0, 0x19, 0xDE, 0xED, 0x33, 0x31, 0x83,
    0x8F, 0x3E, 0x3A, 0xF4, 0x64, 0xA2, 0xE5, 0x06, 0xDD, 0xAC, 0x53, 0xB3, 0x5F, 0xDA, 0x49, 0x8D,
    0x2A, 0xAA, 0xD8, 0x45, 0x3D, 0xF4, 0xA9, 0x4F, 0xCD, 0x2F, 0xA3, 0x05, 0xF7, 0x25, 0xC3, 0x33,
    0xBA, 0x8C, 0x1B, 0x16, 0xBF, 0x1D, 0x57, 0xCC, 0x8B, 0x1E, 0xE1, 0xC5, 0x1F, 0x81, 0xF9, 0x06,
    0xAC, 0x0C, 0x75, 0xB6, 0xA3, 0x17, 0x6E, 0x9C, 0xF3, 0xAD, 0x89, 0x4F, 0x1D, 0x00, 0x40, 0x2D,
    0x40, 0x37, 0x03, 0x24, 0xA0, 0x29, 0x68, 0xA7, 0x2B, 0xA8, 0xB1, 0x20, 0xBE, 0x03, 0x74, 0xD1,
    0x81, 0x8E, 0x37, 0xF7, 0x54, 0x69, 0xF1, 0xA1, 0x7F, 0x55, 0x12, 0xE8, 0xFE, 0x54, 0xC0, 0x7C,
    0xFF, 0x2D, 0xF0, 0xEE, 0xEB, 0xE1, 0xF4, 0xE2, 0x04, 0x66, 0x91, 0x41, 0xFD, 0xF7, 0x0E, 0x1D,
    0x39, 0xC5, 0x04, 0x25, 0x3C, 0x46, 0x27, 0xF7, 0xE4, 0xD6, 0x4B, 0xF0, 0x49, 0x24, 0xF6, 0xAF,
    0x92, 0x2E, 0xD2, 0x6D, 0x2A, 0x62, 0x06, 0x3D, 0xE0, 0xE9, 0xE1, 0xB4, 0xCB, 0x30, 0xBB, 0x09,
    0x95, 0x2E, 0x1F, 0x47, 0xC7, 0xD9, 0x60, 0x3E, 0x46, 0x76, 0xB7, 0x56, 0x36, 0x00, 0x68, 0x25,
    0x83, 0x92, 0xEA, 0x39, 0x01, 0x76, 0x00, 0x0E, 0x01, 0x90, 0x09, 0xF8, 0xEC, 0x04, 0xB0, 0xC2,
    0x23, 0x08, 0x9C, 0xA8, 0xD5, 0x0C, 0x4E, 0x16, 0x1F, 0xB4, 0xDC, 0xFD, 0xB1, 0x9D, 0x43, 0xB3,
    0x42, 0x9B, 0xA1, 0x59, 0x80, 0xCF, 0x04, 0x96, 0x7A, 0x9D, 0x76, 0x06, 0x9D, 0xC0, 0x47, 0x5A,
    0x09, 0xE8, 0x05, 0xDC, 0x08, 0x9E, 0x27, 0xC2, 0x25, 0x6E, 0xB8, 0xC0, 0x0E, 0x07, 0x7C, 0xE8,
    0x45, 0xF0, 0x92, 0xE9, 0xE4, 0x47, 0xAE, 0x57, 0x19, 0x0E, 0xC0, 0x4A, 0xBD, 0x7A, 0x64, 0x00,
    0x94, 0x0C, 0x80, 0xAE, 0x34, 0x7F, 0x13, 0x01, 0xFF, 0xC3, 0x85, 0xBD, 0x19, 0x81, 0x4D, 0x4F,
    0xD0, 0xE4, 0x2E, 0x81, 0x5A, 0x0A, 0x75, 0x52, 0x33, 0x18, 0x91, 0x9D, 0x4E, 0x64, 0x81, 0xDD,
    0x2C, 0xC3, 0x06, 0x99, 0x26, 0xC3, 0x8A, 0x97, 0xA0, 0x65, 0xEA, 0x05, 0x23, 0xE3, 0x1D, 0x02,
    0x66, 0x00, 0xF0, 0x6F, 0x39, 0x43, 0xBC, 0xCB, 0x0C, 0xCB, 0xDD, 0x65, 0x70, 0x00, 0x1C, 0x86,
    0x9A, 0x21, 0x3E, 0x9C, 0x0C, 0xF9, 0xA5, 0xD5, 0x2B, 0xD5, 0x0C, 0xE3, 0xC3, 0xC9, 0xF0, 0xE5,
    0x03, 0x40, 0x75, 0xB1, 0x32, 0x3C, 0x9C, 0x0C, 0x8F, 0x02, 0xE0, 0x07, 0x80, 0xEF, 0x89, 0x00,
    0xFD, 0xF0, 0x10, 0xD7, 0x86, 0x15, 0x25, 0xC7, 0x9A, 0xEB, 0x2B, 0x9F, 0x24, 0x22, 0x73, 0x0D,
    0xE0, 0x69, 0x53, 0xCD, 0x70, 0x56, 0xAF, 0x98, 0x5B, 0xF1, 0x12, 0x95, 0x4A, 0x92, 0xF1, 0x02,
    0xA8, 0x61, 0x56, 0xA0, 0xE6, 0xC9, 0x50, 0x23, 0xED, 0xE7, 0xF6, 0x56, 0x52, 0x95, 0x2B, 0x6B,
    0x0D, 0xF6, 0xEA, 0x9A, 0xC4, 0x88, 0xDC, 0x9E, 0xA1, 0xC6, 0x93, 0x54, 0xAB, 0x69, 0x24, 0xF1,
    0xDE, 0xB0, 0x82, 0x24, 0x5C, 0xCD, 0x29, 0x13, 0x9E, 0x1A, 0xB5, 0xF4, 0xA9, 0x39, 0x4B, 0x9F,
    0xEB, 0x2B, 0x70, 0x78, 0x1E, 0xB4, 0xC8, 0x80, 0x17, 0x19, 0x91, 0x60, 0x27, 0x95, 0x51, 0xA9,
    0x4B, 0x74, 0x93, 0x19, 0xD1, 0xA3, 0x8D, 0x10, 0x5C, 0x00, 0x3C, 0x6F, 0x0E, 0x03, 0x2F, 0xC6,
    0x45, 0xDC, 0x60, 0x67, 0x0E, 0xA5, 0x5D, 0xA6, 0xAD, 0xB1, 0xDC, 0x16, 0xC0, 0x44, 0xC0, 0x01,
    0xBC, 0x2B, 0x00, 0x3A, 0x02, 0x6A, 0x84, 0x12, 0xAA, 0xA2, 0xA9, 0x61, 0x4C, 0xE4, 0x1C, 0x3B,
    0xEC, 0x70, 0x03, 0x99, 0x3B, 0x9E, 0xD7, 0xC6, 0xBD, 0xC8, 0x50, 0x10, 0x38, 0x88, 0xC0, 0x0A,
    0x90, 0xAF, 0xD0, 0x64, 0x74, 0x6C, 0x17, 0x4C, 0xF4, 0x22, 0x32, 0xF4, 0x3B, 0x42, 0x05, 0xB4,
    0x09, 0xE8, 0x5E, 0x28, 0x37, 0x35, 0x01, 0x76, 0x7E, 0x81, 0xDC, 0xDE, 0xEE, 0x7D, 0x00, 0xB7,
    0xBC, 0x30, 0x6E, 0x5D, 0x44, 0x8D, 0x88, 0x50, 0x5C, 0x8A, 0x47, 0x71, 0x70, 0xA1, 0x0C, 0xCF,
    0x71, 0x9C, 0xC1, 0x05, 0xE4, 0xE3, 0x68, 0x96, 0x32, 0xFC, 0xDE, 0xA5, 0x8C, 0x40, 0x93, 0xE8,
    0xEE, 0xAF, 0x83, 0x9A, 0x30, 0xF3, 0x7D, 0x75, 0x78, 0xFC, 0x7D, 0xB0, 0xCB, 0x7D, 0x75, 0x10,
    0x91, 0x1F, 0xA1, 0x30, 0xD3, 0xEC, 0x14, 0x30, 0xB1, 0x91, 0xA1, 0xF4, 0xF1, 0xB1, 0xF4, 0xB1,
    0x63, 0xA1, 0x99, 0xF0, 0xA0, 0x2B, 0xBB, 0xC9, 0x4A, 0xA1, 0xDB, 0x40, 0x8F, 0x6E, 0xA5, 0xBE,
    0x42, 0x95, 0x19, 0xDC, 0x50, 0xD8, 0x57, 0xA3, 0x95, 0x76, 0xC1, 0x16, 0x3B, 0x91, 0x89, 0x3A,
    0xF1, 0x85, 0xFF, 0x00, 0xD0, 0x2C, 0x33, 0x80, 0x92, 0x09, 0x90, 0xBF, 0xF8, 0x12, 0x11, 0x90,
    0x84, 0x08, 0x8D, 0xCC, 0xC8, 0x06, 0x26, 0x63, 0x22, 0xD8, 0xB5, 0xEE, 0x9C, 0x50, 0x77, 0x7D,
    0xB0, 0x03, 0x78, 0x17, 0x5D, 0x00, 0x6F, 0xC6, 0xB2, 0xEB, 0x75, 0xF2, 0xC0, 0x99, 0x9A, 0x3D,
    0x70, 0xD1, 0xE6, 0x1E, 0xC8, 0xAC, 0x67, 0x75, 0x77, 0xB8, 0xA8, 0x3B, 0x9F, 0x8B, 0x29, 0x2E,
    0x53, 0x53, 0x65, 0xF0, 0x32, 0x98, 0x05, 0x7A, 0x19, 0xBA, 0xBA, 0x0B, 0x6A, 0x06, 0x30, 0x03,
    0xA0, 0x23, 0x34, 0x87, 0x7F, 0x00, 0x7B, 0x5C, 0x5A, 0x63, 0xBB, 0x05, 0x9B, 0xF4, 0x8C, 0x5A,
    0xCC, 0x48, 0x93, 0xDD, 0x00, 0xD9, 0x43, 0x75, 0x61, 0xAD, 0x1E, 0xB9, 0xA0, 0xDA, 0x14, 0x93,
    0x79, 0x85, 0x2E, 0x5D, 0x82, 0x19, 0xFB, 0x80, 0x8F, 0x7E, 0x6A, 0xA5, 0xB4, 0xCB, 0x74, 0x22,
    0x13, 0x1C, 0x56, 0x00, 0x35, 0x1D, 0xDD, 0xF8, 0x86, 0xDD, 0x4D, 0x1F, 0xA7, 0x68, 0x6C, 0x64,
    0x77, 0xEB, 0xEE, 0xDA, 0x6D, 0x7B, 0x2B, 0x6E, 0x5D, 0x04, 0xEC, 0x04, 0xF4, 0xF3, 0xEB, 0xBA,
    0x6D, 0xC5, 0xED, 0x81, 0x1F, 0x9B, 0xFB, 0x28, 0x40, 0xF2, 0x11, 0xDD, 0xF1, 0x8D, 0x79, 0x2A,
    0x6E, 0xB3, 0x9A, 0x51, 0xF9, 0x81, 0xBA, 0x01, 0xF0, 0x91, 0x09, 0xF0, 0xA9, 0xB8, 0x6D, 0x14,
    0xB7, 0x88, 0xFC, 0xDB, 0x21, 0xA9, 0x15, 0xBD, 0x98, 0x89, 0x36, 0xDB, 0x78, 0xE5, 0xD6, 0xBF,
    0x91, 0x5B, 0x45, 0x75, 0x53, 0x75, 0x26, 0xA7, 0x37, 0xEB, 0xD6, 0x34, 0x98, 0x4F, 0x09, 0x5E,
    0xA2, 0x11, 0x74, 0xC6, 0xAD, 0x1C, 0x84, 0x9B, 0x37, 0x78, 0xC7, 0x77, 0xE5, 0x75, 0xB6, 0x09,
    0x9E, 0x90, 0x67, 0x67, 0x1A, 0x29, 0x85, 0x7A, 0xE7, 0x80, 0xFB, 0x87, 0x56, 0x02, 0x87, 0xA0,
    0x24, 0xB2, 0x62, 0x24, 0xB6, 0x0B, 0xFE, 0x4F, 0xA2, 0x4A, 0x88, 0x19, 0xBB, 0x49, 0x65, 0x13,
    0xF5, 0x68, 0x92, 0x89, 0x26, 0xFA, 0x58, 0x28, 0xD8, 0xC1, 0xFC, 0x46, 0xC6, 0x05, 0xF3, 0x37,
    0x89, 0x1E, 0x53, 0x0B, 0x3B, 0x09, 0x2A, 0xA3, 0x36, 0x5C, 0xAA, 0x8D, 0x23, 0x4E, 0xEA, 0x11,
    0x6B, 0x19, 0xE1, 0xED, 0x79, 0xDD, 0xCD, 0x0C, 0x1C, 0xD7, 0x98, 0x97, 0xDF, 0xF9, 0x13, 0x49,
    0x65, 0xDD, 0xCB, 0xD4, 0x4B, 0xB0, 0x32, 0xAA, 0x04, 0x99, 0x6E, 0xA2, 0x59, 0xD0, 0x23, 0xED,
    0x7C, 0xA4, 0x89, 0xA8, 0x74, 0xA4, 0x8D, 0x74, 0x3B, 0x87, 0xE3, 0x2F, 0x41, 0x7D, 0xE7, 0x1D,
    0x21, 0x96, 0xEB, 0x76, 0x67, 0xC4, 0xD7, 0xB7, 0x89, 0x03, 0x98, 0xE7, 0xBF, 0x20, 0x53, 0xF2,
    0xCC, 0xD0, 0x8A, 0xD4, 0x55, 0xFD, 0x3C, 0xC7, 0x65, 0x7E, 0x9D, 0xE1, 0x6F, 0xCC, 0xC3, 0xC9,
    0xD0, 0x45, 0x00, 0x97, 0xC0, 0xCB, 0x22, 0x35, 0x83, 0x7D, 0xA1, 0x33, 0xBC, 0xE7, 0x97, 0x02,
    0xF8, 0x9A, 0x61, 0xBD, 0xF5, 0x70, 0xE6, 0xC1, 0x02, 0xDC, 0x00, 0x2F, 0xB7, 0xDF, 0xE8, 0xBF,
    0xA4, 0x26, 0xB7, 0x19, 0xD6, 0x2E, 0xC1, 0xA5, 0x19, 0xA1, 0x77, 0x03, 0xF8, 0x03, 0xE0, 0x32,
    0x60, 0xE6, 0x82, 0x54, 0x30, 0x16, 0xC4, 0x23, 0x8A, 0xF9, 0x9B, 0xFC, 0x2F, 0x89, 0x5C, 0x75,
    0xFD, 0x53, 0x4D, 0x89, 0x84, 0x5D, 0x53, 0xF9, 0x6A, 0xDA, 0xCD, 0x2C, 0xBB, 0x5E, 0xAA, 0x13,
    0x2F, 0x35, 0x89, 0xD9, 0x4C, 0x24, 0x33, 0xA9, 0xC9, 0x8E, 0x36, 0x3A, 0x11, 0xBC, 0xCC, 0xAF,
    0xFB, 0x97, 0x5A, 0x55, 0xB3, 0xBE, 0x94, 0x46, 0x84, 0xB6, 0xF6, 0xF9, 0x86, 0x41, 0x6D, 0xAE,
    0xF4, 0xA3, 0x93, 0x15, 0x2D, 0x0B, 0x46, 0xB6, 0x5D, 0x82, 0xD9, 0x24, 0xD8, 0xE4, 0x83, 0x4B,
    0x3D, 0xEE, 0x7F, 0x4B, 0xAF, 0xB5, 0xF6, 0xEB, 0x65, 0xAC, 0x7D, 0x68, 0x8E, 0xDF, 0x6F, 0xDA,
    0x04, 0xFD, 0x4C, 0x2B, 0x19, 0x25, 0x1B, 0x6A, 0xEA, 0x69, 0x0E, 0x1B, 0x5D, 0xED, 0xB3, 0xE2,
    0x86, 0x8C, 0x67, 0x97, 0xDA, 0x25, 0x12, 0x8A, 0xF4, 0x7C, 0x09, 0x2C, 0xB5, 0x16, 0x37, 0xD1,
    0x94, 0xDA, 0xD7, 0xEC, 0x35, 0x6F, 0x73, 0xED, 0xA7, 0x82, 0x9A, 0xC1, 0x64, 0xE8, 0xD7, 0xBB,
    0xF7, 0x6E, 0x3E, 0x21, 0x60, 0x6F, 0x05, 0x4E, 0x04, 0xFA, 0x4C, 0x73, 0x5D, 0x7F, 0xA0, 0xFD,
    0x85, 0x5D, 0x6F, 0xAD, 0xFE, 0xB1, 0x0F, 0xA9, 0xDE, 0x7C, 0xC3, 0x42, 0x73, 0xB7, 0xDE, 0xFC,
    0x34, 0xA8, 0x0C, 0xDD, 0xE9, 0xAE, 0x19, 0xFA, 0x74, 0xF7, 0xF9, 0xBF, 0x61, 0x6A, 0x24, 0xEC,
    0xCE, 0x5A, 0xC6, 0xBD, 0xCE, 0x49, 0xDA, 0x93, 0xF7, 0x2A, 0x75, 0x63, 0x9F, 0x55, 0x6A, 0x0E,
    0x22, 0x92, 0xB4, 0x14, 0xDA, 0xC2, 0xC9, 0x07, 0x99, 0x1B, 0x7C, 0xBB, 0xE5, 0x6E, 0xF4, 0xB2,
    0x6F, 0xB1, 0x92, 0xBD, 0x97, 0x5B, 0xA0, 0xE8, 0xCE, 0xAA, 0x1A, 0x4C, 0xB2, 0x83, 0x8D, 0x36,
    0xB8, 0x00, 0x9E, 0xA3, 0xC2, 0x87, 0xE2, 0x5F, 0x79, 0x89, 0x95, 0x8C, 0x96, 0x04, 0x5B, 0x80,
    0x0C, 0x6D, 0x82, 0x26, 0x00, 0x8F, 0x06, 0x74, 0xA4, 0x8B, 0x3C, 0x31, 0x21, 0x79, 0x0F, 0x64,
    0xA6, 0xDE, 0x46, 0xEF, 0x44, 0xBC, 0x6C, 0x5E, 0x56, 0xCF, 0x3B, 0xFA, 0xE1, 0xDC, 0x49, 0x36,
    0x92, 0x5A, 0x09, 0xF0, 0xA9, 0xA8, 0xA9, 0x94, 0xD8, 0xB7, 0xE9, 0xF9, 0xC5, 0x44, 0x4F, 0xB8,
    0x44, 0xBF, 0xBC, 0x4D, 0xCF, 0x7F, 0xEA, 0x57, 0xF0, 0x73, 0x19, 0x6F, 0xC3, 0x93, 0xD5, 0xA8,
    0x26, 0x9F, 0xFA, 0x78, 0x78, 0xFD, 0xBF, 0x66, 0x43, 0x3F, 0xFA, 0xF1, 0xE9, 0xC0, 0x67, 0x36,
    0x49, 0x8D, 0x2E, 0xBE, 0xB9, 0xC7, 0xDB, 0x49, 0x2F, 0xEE, 0xFC, 0xCD, 0x3D, 0xAA, 0xBF, 0xD2,
    0x64, 0x3F, 0xBF, 0xD9, 0xDE, 0x74, 0x33, 0xA0, 0x33, 0x60, 0x24, 0x01, 0x05, 0x8D, 0x4C, 0xD0,
    0xCE, 0x1C, 0xA1, 0xD2, 0x11, 0xF6, 0xF6, 0x04, 0x22, 0x13, 0x4A, 0x64, 0xC4, 0x24, 0x13, 0xB1,
    0x71, 0x87, 0x0B, 0x3B, 0x3C, 0x76, 0xC0, 0xE3, 0x02, 0x1E, 0xBF, 0x63, 0x38, 0x80, 0x2B, 0x4F,
    0x36, 0x05, 0xED, 0x66, 0x07, 0xE0, 0xEA, 0x3B, 0xA3, 0xDA, 0x12, 0x75, 0xDD, 0x48, 0xEC, 0xEE,
    0xAC, 0x93, 0x19, 0x51, 0x0B, 0xB9, 0x9D, 0x9B, 0xA5, 0x9D, 0xDB, 0x45, 0xA5, 0x76, 0xAE, 0xFF,
    0x60, 0x17, 0x4D, 0x7E, 0xD3, 0xB9, 0x5F, 0x8B, 0xBA, 0x05, 0xB8, 0x3E, 0xE7, 0xAB, 0xDC, 0x4A,
    0x73, 0x67, 0xE5, 0x44, 0x33, 0x97, 0x77, 0x1D, 0x3D, 0xB9, 0xB0, 0xD7, 0xD0, 0x8D, 0x1E, 0x13,
    0x3D, 0x36, 0xFA, 0xD8, 0x07, 0x5B, 0xD7, 0xF3, 0x42, 0x23, 0x03, 0xF0, 0x99, 0xC0, 0x5C, 0xFB,
    0xF0, 0xC4, 0x02, 0xC7, 0x7A, 0xFD, 0x36, 0xD7, 0x1F, 0xCF, 0x7D, 0x9D, 0xAB, 0x3F, 0x57, 0xFE,
    0xE9, 0x75, 0xEB, 0xF5, 0x1B, 0xD5, 0xEB, 0xAB, 0x7A, 0xFD, 0x07, 0x11, 0x27, 0xC7, 0x73, 0x7F,
    0x85, 0xBB, 0xCD, 0xDF, 0x7D, 0x2D, 0x98, 0x0C, 0xF6, 0x1E, 0xBC, 0xBF, 0x94, 0x66, 0xA6, 0x49,
    0x78, 0x09, 0xBD, 0xB0, 0x0F, 0x15, 0x77, 0x2B, 0xDA, 0xC0, 0xD5, 0x66, 0xA0, 0x95, 0x43, 0xA0,
    0x94, 0xD1, 0x4B, 0x86, 0xCD, 0x64, 0xDA, 0xC5, 0xAF, 0xA8, 0xB4, 0x66, 0xD4, 0xDF, 0xCF, 0x99,
    0x4E, 0xC6, 0x82, 0x8F, 0x5D, 0x50, 0x9B, 0x4E, 0xC7, 0x25, 0x21, 0x12, 0xF0, 0xCF, 0x2D, 0xF0,
    0x14, 0xD7, 0x5B, 0x17, 0x41, 0x4D, 0xF4, 0x7F, 0x27, 0xF1, 0x30, 0xEE, 0x8A, 0x52, 0x17, 0xA2,
    0x89, 0x2E, 0xD8, 0xC1, 0x07, 0x17, 0x3C, 0x45, 0x9E, 0x1E, 0xFF, 0x31, 0x1B, 0x5E, 0x24, 0xBA,
    0x5D, 0xDD, 0xEA, 0x87, 0x12, 0x13, 0x15, 0xE9, 0x6F, 0xDD, 0x4B, 0x6D, 0x80, 0x2E, 0x81, 0x5B,
    0xE8, 0x97, 0xC3, 0xDD, 0xD7, 0x03, 0x98, 0x97, 0x52, 0xEB, 0xFF, 0xE5, 0x5E, 0xEA, 0x1D, 0xC0,
    0x29, 0x98, 0x2C, 0x32, 0xDA, 0xAC, 0x25, 0xDA, 0x75, 0x07, 0x17, 0x6D, 0x86, 0x33, 0x95, 0xA0,
    0xD7, 0x13, 0x78, 0x13, 0xC1, 0x7F, 0x43, 0x29, 0x38, 0x00, 0x76, 0x05, 0xCC, 0x1B, 0x7C, 0x4C,
    0x47, 0x78, 0xC4, 0x0D, 0x90, 0x7B, 0x40, 0x32, 0x70, 0x98, 0x01, 0x37, 0x50, 0x58, 0xEA, 0x47,
    0xE8, 0x27, 0xD0, 0x63, 0x7D, 0xF6, 0xB5, 0x6C, 0x69, 0x1B, 0x4A, 0xEB, 0x11, 0x2F, 0xCB, 0xAE,
    0x95, 0x3E, 0x6C, 0x9C, 0xD1, 0x73, 0x81, 0x27, 0x73, 0xB2, 0xEB, 0x72, 0x57, 0x6E, 0x36, 0xB5,
    0xB4, 0x22, 0x69, 0x57, 0xF4, 0xFF, 0xB3, 0xE2, 0x03, 0x78, 0xA0, 0x07, 0xCE, 0x80, 0x4B, 0x60,
    0xE5, 0x6A, 0x6B, 0xFE, 0x3D, 0x80, 0x92, 0x80, 0xC9, 0xDF, 0xFF, 0xFF, 0x79, 0x74, 0xFF, 0x07,
    0xCD, 0x9A, 0x31, 0x90, 0xDE, 0xC6, 0x75, 0xC7, 0x7F, 0x00, 0x48, 0x21, 0x09, 0x66, 0xBC, 0x2E,
    0xA8, 0x4C, 0x32, 0x9E, 0x78, 0x9B, 0x14, 0x69, 0xEC, 0xED, 0x27, 0x16, 0x17, 0xB6, 0x0B, 0x17,
    0x29, 0xE8, 0x42, 0x5D, 0xDA, 0xF4, 0x6C, 0x52, 0xD2, 0x07, 0x38, 0x2A, 0x5D, 0xD8, 0x45, 0xFA,
    0x78, 0xD2, 0xA4, 0x64, 0xE3, 0x42, 0x33, 0xE1, 0x1D, 0x10, 0x6B, 0x26, 0x4D, 0x1A, 0x38, 0x4E,
    0x26, 0xA5, 0x11, 0x5B, 0x93, 0xC2, 0x2E, 0xB4, 0x91, 0x11, 0x19, 0x0A, 0x17, 0x78, 0xC1, 0x5B,
    0xE0, 0x3E, 0xF2, 0x2E, 0x3A, 0x8A, 0xA2, 0x24, 0x52, 0x12, 0xF6, 0xBF, 0x28, 0x4E, 0xD8, 0xDF,
    0xFF, 0xBD, 0xC5, 0xEE, 0x5B, 0x7C, 0x02, 0x64, 0x04, 0x32, 0x19, 0x00, 0x2B, 0x3D, 0xE0, 0x84,
    0xA4, 0x35, 0x50, 0x48, 0x0B, 0x54, 0xD2, 0x03, 0xE6, 0x17, 0xAA, 0xFE, 0x87, 0xAA, 0x8D, 0x19,
    0x80, 0xB5, 0x1A, 0x21, 0x8B, 0x65, 0x80, 0x62, 0x56, 0xAD, 0x42, 0x31, 0x81, 0x11, 0x99, 0xC1,
    0x25, 0x6D, 0x44, 0x22, 0xAC, 0x10, 0xC9, 0x22, 0x2C, 0x78, 0xA9, 0x2B, 0x19, 0x1B, 0xC1, 0xC8,
    0xB0, 0x2B, 0x66, 0x01, 0xBB, 0x40, 0x17, 0xC9, 0x25, 0x52, 0xC8, 0x4A, 0x39, 0x36, 0x64, 0xDD,
    0xD6, 0xCB, 0x8A, 0x91, 0x05, 0xD7, 0x46, 0x3C, 0x5B, 0x2B, 0xB6, 0x26, 0x52, 0x6B, 0xAB, 0xA6,
    0x0B, 0x20, 0x1B, 0x83, 0xEA, 0xFF, 0x8E, 0x89, 0xBF, 0x7E, 0x0E, 0xFE, 0xE1, 0xB3, 0xE6, 0xFF,
    0xAA, 0xA9, 0x71, 0x0F, 0x77, 0x0F, 0xF7, 0x27, 0xB2, 0xC3, 0x43, 0xF1, 0xDC, 0x1E, 0xAC, 0xF0,
    0x2A, 0xE2, 0x0E, 0x54, 0xAD, 0xAA, 0xED, 0x93, 0x42, 0x33, 0x92, 0x7F, 0x62, 0xFA, 0xAF, 0x03,
    0x0D, 0xF0, 0x00, 0x28, 0x07, 0xC0, 0xB4, 0x80, 0x7B, 0x17, 0x4A, 0x91, 0x56, 0x79, 0x06, 0xBA,
    0xD6, 0x8E, 0x79, 0xA4, 0x0C, 0x65, 0xA0, 0x1C, 0xCD, 0x40, 0x35, 0xD8, 0x9E, 0xAC, 0x75, 0x35,
    0xE0, 0xB9, 0x49, 0x5A, 0xBE, 0x84, 0xEB, 0x71, 0xAD, 0x9D, 0xE8, 0xA8, 0xD4, 0x53, 0x2E, 0x12,
    0xC0, 0xAD, 0x35, 0x64, 0x13, 0x14, 0x23, 0x54, 0x3D, 0xB8, 0x85, 0x4C, 0xA4, 0x2E, 0x44, 0x5A,
    0x33, 0xB9, 0xD6, 0xF6, 0xAE, 0x76, 0x75, 0x86, 0x87, 0xA3, 0xDD, 0xC1, 0xF7, 0x0D, 0x4E, 0x16,
    0x8C, 0x4C, 0xE4, 0x7B, 0x7C, 0x7B, 0xC5, 0x1F, 0x80, 0x6E, 0x82, 0x4C, 0x69, 0x6D, 0xA2, 0xAD,
    0xED, 0x98, 0x45, 0x8A, 0x50, 0x3C, 0x4D, 0x4B, 0xFD, 0xE9, 0x68, 0x6B, 0xD0, 0x5C, 0xD9, 0x19,
    0x7C, 0x04, 0x11, 0x94, 0xB6, 0x0A, 0x76, 0xA3, 0xB5, 0xCF, 0x41, 0x9B, 0x73, 0x19, 0x5B, 0xFB,
    0x23, 0xF4, 0xC9, 0x28, 0x6D, 0x4F, 0xF7, 0xEB, 0x6E, 0xCC, 0xD6, 0x7D, 0x0E, 0x14, 0x63, 0x35,
    0x52, 0x0D, 0xA6, 0xE7, 0xB5, 0xDE, 0xB5, 0xCF, 0xA4, 0xAD, 0xF9, 0xFD, 0x67, 0xD0, 0x02, 0xE4,
    0x03, 0x14, 0x03, 0x7C, 0x65, 0x7E, 0x42, 0xFB, 0xDC, 0xB1, 0x7D, 0x23, 0x00, 0xB6, 0x05, 0xEE,
    0xCF, 0x69, 0x26, 0xD4, 0x78, 0xA5, 0x15, 0x91, 0x31, 0x97, 0xD6, 0x8E, 0xA5, 0x4E, 0x07, 0x93,
    0x02, 0xDC, 0x53, 0x1D, 0xB4, 0xF5, 0xB3, 0x68, 0xFD, 0x8D, 0xB4, 0xF6, 0x1B, 0x60, 0xA6, 0x9D,
    0xD6, 0x1D, 0xB4, 0x9F, 0x68, 0x26, 0xE4, 0xBF, 0x51, 0xE5, 0x1C, 0x14, 0xF0, 0x47, 0x49, 0x23,
    0xD9, 0xA6, 0x02, 0xA6, 0xCF, 0xA4, 0x57, 0x2F, 0x0A, 0x50, 0x63, 0x06, 0xD5, 0x6A, 0xC4, 0x73,
    0x68, 0x39, 0xD2, 0xA4, 0xFB, 0xB3, 0x4D, 0x07, 0xCE, 0xC1, 0xF4, 0x44, 0xB0, 0x49, 0x7D, 0xAD,
    0xDA, 0x91, 0xCD, 0xE4, 0x91, 0x7C, 0xC6, 0x4E, 0x78, 0x11, 0x19, 0x68, 0x36, 0x45, 0xF5, 0x5D,
    0x80, 0x72, 0x02, 0xAA, 0x08, 0x18, 0x95, 0x2F, 0xA9, 0x64, 0xF3, 0x03, 0x95, 0xB7, 0x21, 0x9F,
    0x02, 0x14, 0x41, 0xE5, 0xFD, 0x11, 0xFB, 0xF8, 0xB7, 0x03, 0x22, 0xA3, 0xDA, 0x1C, 0x30, 0xC1,
    0xF4, 0xD8, 0xDE, 0x28, 0xDE, 0x26, 0x3E, 0xB1, 0x2A, 0xA4, 0xC7, 0x6F, 0xD2, 0x76, 0xE0, 0x44,
    0x46, 0x8C, 0x4A, 0xBE, 0xA6, 0xAC, 0x70, 0xA3, 0xD5, 0xF6, 0x89, 0x55, 0x3B, 0xA8, 0x9A, 0x2B,
    0x56, 0xAD, 0xA8, 0xBA, 0x55, 0xAD, 0xBA, 0x25, 0x59, 0x7D, 0x74, 0x69, 0xD8, 0xB5, 0xAA, 0x8D,
    0x5A, 0xCD, 0x96, 0x64, 0x75, 0x4E, 0x56, 0xC7, 0x64, 0xB5, 0xFE, 0x28, 0xAB, 0x12, 0x00, 0x95,
    0x4C, 0x46, 0x75, 0xC9, 0x21, 0x45, 0x38, 0xC4, 0x3E, 0x1E, 0xF9, 0xF4, 0x56, 0x71, 0x91, 0xCB,
    0xF7, 0x4E, 0xD6, 0x24, 0x6A, 0x79, 0xD9, 0xF1, 0x6D, 0xBB, 0x49, 0x82, 0x77, 0xF5, 0xD3, 0xD3,
    0x50, 0x81, 0x5B, 0x95, 0x9A, 0x4E, 0x04, 0x16, 0x80, 0x78, 0x29, 0x59, 0xA4, 0xEA, 0xF3, 0x19,
    0xD3, 0xAB, 0xC7, 0x36, 0x59, 0x4C, 0xC2, 0xEB, 0x6F, 0xE2, 0x67, 0xBD, 0xBA, 0x58, 0xC8, 0x5A,
    0x85, 0xCE, 0xF6, 0xDE, 0x89, 0x78, 0x59, 0xBD, 0x2C, 0x9E, 0x2F, 0xFB, 0xF6, 0x91, 0x93, 0x68,
    0x24, 0xE4, 0x52, 0xC3, 0x9D, 0xDB, 0x80, 0x5F, 0x01, 0x37, 0xBF, 0x1C, 0xBE, 0x6F, 0x7C, 0x9D,
    0xBB, 0x8F, 0x94, 0xCF, 0x05, 0x24, 0x21, 0x8E, 0xCD, 0x33, 0x11, 0x01, 0x28, 0x7A, 0xA0, 0x1C,
    0x5E, 0x0E, 0x62, 0xAE, 0x8B, 0x02, 0x76, 0x7C, 0x1E, 0xBE, 0x97, 0x02, 0x04, 0x5F, 0x03, 0x68,
    0x54, 0x1E, 0x80, 0x9B, 0x76, 0x32, 0xF3, 0x2C, 0xB2, 0x40, 0x16, 0x28, 0xB6, 0x6B, 0x04, 0x9B,
    0xF6, 0xC7, 0x91, 0x97, 0x02, 0x7B, 0xE7, 0x0E, 0x6E, 0x26, 0xED, 0x5C, 0xCF, 0x37, 0x07, 0x4D,
    0x0B, 0xF8, 0x01, 0x90, 0x09, 0x72, 0x7D, 0x86, 0x4B, 0xCB, 0x75, 0x6D, 0x87, 0x7C, 0xA6, 0x1C,
    0xCB, 0x63, 0x5F, 0x31, 0xBA, 0x52, 0x67, 0xF5, 0xB1, 0x34, 0x5B, 0x19, 0xCE, 0x76, 0x71, 0xD2,
    0x5F, 0x80, 0xE9, 0x1B, 0x15, 0x5F, 0x63, 0x5B, 0xDF, 0xE3, 0x6B, 0x3B, 0x65, 0x2B, 0xE6, 0x58,
    0xAE, 0x47, 0xB8, 0xBF, 0x72, 0x94, 0x0C, 0x74, 0x40, 0xFE, 0xB8, 0x87, 0x4A, 0x04, 0xBC, 0x4A,
    0xF7, 0x50, 0xB4, 0xAE, 0x19, 0xC9, 0xA7, 0x62, 0xA4, 0x08, 0xA5, 0x8A, 0xE9, 0xC9, 0xD7, 0xAE,
    0xA5, 0x14, 0x01, 0x23, 0x33, 0xD8, 0x7F, 0x47, 0xEF, 0x56, 0x15, 0x19, 0x70, 0x0F, 0x25, 0x70,
    0x46, 0x19, 0x88, 0x14, 0x81, 0x35, 0xCD, 0x1A, 0x85, 0xDF, 0xBC, 0xC2, 0x6B, 0xBA, 0xC6, 0xC1,
    0x77, 0xEF, 0x1C, 0xDE, 0x68, 0x46, 0xC8, 0x64, 0x01, 0x7B, 0xC4, 0xB6, 0xCF, 0xD4, 0x65, 0xA1,
    0x2E, 0xAB, 0xF0, 0x51, 0x2E, 0xCD, 0x0B, 0xB9, 0x2C, 0x86, 0x00, 0xC5, 0xE3, 0x01, 0x32, 0x69,
    0xA1, 0x94, 0xE6, 0x70, 0x29, 0xEA, 0x72, 0x56, 0x97, 0x61, 0x77, 0x39, 0x50, 0x4C, 0x27, 0x97,
    0xC9, 0xD6, 0x7B, 0xEF, 0x82, 0x1D, 0x3E, 0xB9, 0xCB, 0xD7, 0x54, 0x4C, 0x7D, 0xD4, 0x08, 0xFA,
    0xAC, 0x23, 0x8D, 0xBF, 0xEE, 0x86, 0x62, 0xA1, 0x52, 0x83, 0xE5, 0x60, 0x86, 0xCF, 0x26, 0x8D,
    0x00, 0xBC, 0x71, 0x29, 0xE5, 0xDA, 0x80, 0xFB, 0x7C, 0xD3, 0x98, 0x75, 0x33, 0x98, 0x8F, 0xC8,
    0xDB, 0x67, 0x38, 0x3B, 0x6D, 0x0B, 0xDC, 0x05, 0xB8, 0xC3, 0x67, 0x6F, 0x6B, 0x43, 0x1E, 0xE9,
    0xAE, 0xD9, 0x3A, 0x03, 0x98, 0xD3, 0x34, 0x55, 0x01, 0x97, 0x14, 0x69, 0x55, 0xE4, 0xE7, 0x22,
    0x90, 0x16, 0x0D, 0x9D, 0xB8, 0x7A, 0x47, 0xF2, 0x0A, 0x76, 0xEF, 0x5C, 0xBB, 0x77, 0x6A, 0x0C,
    0xD4, 0x5F, 0x0D, 0x1E, 0x9C, 0x76, 0x22, 0x02, 0x34, 0x7B, 0xD7, 0xED, 0xDD, 0xB2, 0x8F, 0x19,
    0xE1, 0x7C, 0xEF, 0x1E, 0x41, 0x16, 0xD3, 0x5D, 0x36, 0xA7, 0xCE, 0x4B, 0xEB, 0xA4, 0xA7, 0x91,
    0xD6, 0xA7, 0xAE, 0xF6, 0x09, 0xA6, 0xD4, 0x61, 0x02, 0xDD, 0xDB, 0x3F, 0x51, 0xB8, 0x34, 0xB1,
    0xEF, 0xEB, 0x20, 0xDA, 0xD8, 0xDB, 0xD9, 0xD1, 0x2E, 0xBA, 0x16, 0x91, 0x90, 0xDA, 0x5A, 0x4C,
    0xD9, 0x5C, 0x84, 0x2D, 0x70, 0xA1, 0xD0, 0x16, 0xCA, 0xB1, 0x08, 0xD5, 0xB8, 0x25, 0x6E, 0x68,
    0x16, 0x33, 0x77, 0xD1, 0xC4, 0x2E, 0x56, 0x33, 0x24, 0xBF, 0x74, 0x37, 0xF8, 0x2D, 0x44, 0xE4,
    0x87, 0x5B, 0xB7, 0x8A, 0xDC, 0xEB, 0x35, 0xE4, 0x72, 0xE9, 0xB7, 0x7D, 0xB6, 0xDF, 0xF3, 0xEB,
    0x7E, 0xCF, 0x9F, 0xCF, 0xEF, 0x05, 0x20, 0x35, 0x27, 0xAF, 0xAE, 0xA6, 0xFC, 0x6D, 0x4B, 0x25,
    0xF5, 0xD6, 0x9E, 0xF2, 0xD9, 0x5D, 0xF7, 0x99, 0xDA, 0xB3, 0x7D, 0xDA, 0x1F, 0x42, 0xB3, 0xC0,
    0x91, 0x5C, 0x75, 0xBA, 0xE7, 0x34, 0x8D, 0x73, 0x98, 0xE1, 0x6A, 0x5C, 0x0F, 0xFA, 0xA3, 0x25,
    0x76, 0x6D, 0xCA, 0xDA, 0x68, 0x53, 0xAE, 0x7F, 0xE9, 0x9D, 0xD4, 0x77, 0x25, 0x55, 0x20, 0x23,
    0x8D, 0xBE, 0x19, 0x98, 0xFE, 0xB8, 0x6C, 0x9B, 0x8A, 0xA5, 0xEF, 0xE2, 0x47, 0x7C, 0xA0, 0xD2,
    0xB1, 0x22, 0x3E, 0x22, 0x82, 0xAC, 0xCA, 0x70, 0xFA, 0x23, 0xFD, 0x3B, 0x8E, 0xEB, 0x2C, 0x0D,
    0x1D, 0x8F, 0x2B, 0x9B, 0xF5, 0xF2, 0xD2, 0x36, 0x7A, 0xD5, 0x76, 0x71, 0xD1, 0xC7, 0xA6, 0xEF,
    0x7A, 0xB3, 0xFD, 0x6B, 0x5B, 0x57, 0xFB, 0xDA, 0xE3, 0xEB, 0x66, 0xF0, 0xC3, 0x57, 0x6B, 0x2D,
    0x6F, 0xFC, 0x8A, 0xFB, 0x54, 0x43, 0x7C, 0xCD, 0xE0, 0x3A, 0x6C, 0xC4, 0x8D, 0x34, 0x3D, 0xDD,
    0x35, 0x3B, 0xDB, 0x85, 0x6A, 0x33, 0xE0, 0x07, 0xB6, 0x31, 0x3F, 0xCD, 0x58, 0xC5, 0x80, 0x6E,
    0x76, 0x3D, 0xD9, 0x54, 0xCC, 0xC5, 0x44, 0x6D, 0x46, 0x1B, 0x5C, 0xD8, 0xB3, 0x59, 0x0D, 0xD5,
    0x90, 0x5C, 0x4E, 0x66, 0xB2, 0xE3, 0x57, 0xF1, 0xFB, 0xFA, 0x47, 0x31, 0xE8, 0xF5, 0x29, 0x46,
    0xF5, 0xED, 0x8D, 0x01, 0x14, 0xA9, 0xD2, 0x1A, 0xBE, 0xEA, 0xC2, 0x97, 0xC9, 0xB2, 0x75, 0xF5,
    0x95, 0xF7, 0x5D, 0xEF, 0x4E, 0xDD, 0xDD, 0xD3, 0x6C, 0xD1, 0xEE, 0x7C, 0xEF, 0xE2, 0x93, 0xF9,
    0x7F, 0x3B, 0x75, 0xD1, 0xB4, 0x69, 0xE2, 0xDB, 0x3A, 0x9F, 0x20, 0x3A, 0x8A, 0x40, 0x36, 0xBB,
    0xBA, 0x1C, 0xB5, 0xEB, 0x6D, 0x8F, 0x97, 0xBF, 0xDB, 0x4B, 0xF6, 0x1F, 0xC8, 0x02, 0x8D, 0x7C,
    0x53, 0x46, 0x28, 0x07, 0x8B, 0x19, 0x7D, 0x6B, 0x7A, 0x4F, 0xC6, 0x2D, 0xFC, 0xF7, 0xA5, 0x6E,
    0x7E, 0x2A, 0x75, 0xF7, 0x53, 0xC1, 0xF4, 0x7E, 0x6B, 0x0D, 0xB6, 0x3D, 0xC3, 0xD5, 0xE7, 0xF8,
    0x3A, 0xE2, 0xD9, 0x5B, 0xF3, 0xB3, 0x19, 0xFF, 0xAF, 0x13, 0xEE, 0x6F, 0x26, 0x74, 0xA8, 0xD4,
    0xBE, 0x33, 0x92, 0xCB, 0x40, 0x21, 0x2D, 0xD9, 0x0A, 0x8A, 0x7E, 0xEC, 0x95, 0xC9, 0xA1, 0x3D,
    0x04, 0xC0, 0xA3, 0x96, 0x4E, 0x72, 0xAE, 0x12, 0xAF, 0x88, 0xBA, 0x21, 0x9F, 0x70, 0x6A, 0xC8,
    0xEB, 0xF3, 0xBD, 0xA6, 0xD1, 0x53, 0x0D, 0xF8, 0xD6, 0xF5, 0xB8, 0x7D, 0x81, 0x8E, 0xA4, 0x41,
    0xD1, 0x04, 0xFB, 0x91, 0x6E, 0xC2, 0x05, 0x7C, 0xAA, 0xD2, 0x52, 0x89, 0x83, 0x19, 0x9E, 0x9A,
    0x5B, 0xED, 0xD3, 0x09, 0xBC, 0x75, 0x91, 0xDE, 0x95, 0x19, 0x3B, 0x80, 0x88, 0x4F, 0x39, 0xD9,
    0x34, 0x93, 0xC5, 0x8B, 0xAE, 0xC0, 0x6E, 0x00, 0xDB, 0x76, 0x35, 0xB8, 0x6F, 0x2F, 0x80, 0xBB,
    0x17, 0x00, 0xDF, 0xF4, 0xAA, 0xEA, 0x8B, 0x46, 0xC6, 0xA4, 0x01, 0xE8, 0xDE, 0x9A, 0x80, 0x35,
    0x81, 0xC7, 0x2C, 0xAA, 0x1E, 0xEF, 0xB4, 0x32, 0x6E, 0x1A, 0xF1, 0xD2, 0xCA, 0x4C, 0x23, 0x6D,
    0x17, 0x36, 0x5D, 0x5C, 0x7B, 0xE9, 0x38, 0x0F, 0xC7, 0xA4, 0x03, 0x9A, 0x1A, 0xA4, 0x07, 0xB9,
    0x61, 0xED, 0x68, 0x80, 0xB3, 0x2E, 0x72, 0x2E, 0x91, 0x28, 0xF3, 0xD6, 0x40, 0x22, 0x59, 0xDA,
    0xF5, 0x16, 0xF2, 0x75, 0xA5, 0x98, 0x1B, 0x8A, 0xE0, 0xFF, 0xCA, 0xAF, 0x3E, 0x36, 0x8B, 0x9B,
    0x1A, 0x79, 0x98, 0xA2, 0x80, 0xBB, 0xDC, 0x05, 0xB3, 0x09, 0x28, 0x46, 0x10, 0xF5, 0x21, 0xEB,
    0x51, 0x42, 0xA5, 0x3F, 0x4A, 0xA3, 0xE2, 0x92, 0x5C, 0x3D, 0xC0, 0x37, 0x57, 0x32, 0x76, 0xA5,
    0x7A, 0xCD, 0xBE, 0x9B, 0xCD, 0x14, 0xA9, 0xB6, 0x1C, 0xBC, 0x88, 0xF4, 0xCD, 0xA5, 0xB4, 0x38,
    0x78, 0x00, 0x33, 0x26, 0x60, 0xD2, 0x71, 0x39, 0x9F, 0x28, 0x2E, 0x53, 0x54, 0x5E, 0x5F, 0xD0,
    0xAE, 0xBF, 0x63, 0x5D, 0x4F, 0xD3, 0xE3, 0x5B, 0x00, 0x44, 0xF8, 0xBC, 0x71, 0x95, 0x2B, 0x4D,
    0x27, 0xB8, 0x0D, 0xD0, 0x81, 0xD4, 0x99, 0xB4, 0xCF, 0x7E, 0xF7, 0xF3, 0x6B, 0xAE, 0x22, 0x55,
    0x54, 0x35, 0x03, 0xB6, 0xE6, 0x2E, 0x80, 0x49, 0x27, 0x86, 0xF0, 0x52, 0x62, 0x5E, 0x3D, 0x09,
    0xF5, 0x54, 0x84, 0x50, 0xFC, 0x77, 0x28, 0x7F, 0x39, 0x94, 0xBF, 0xEA, 0xAB, 0xFF, 0xE8, 0x8F,
    0x38, 0x5F, 0x0F, 0x35, 0x4D, 0x7B, 0x84, 0xFA, 0x8F, 0x8F, 0x38, 0x27, 0xC6, 0x03, 0xF2, 0xA0,
    0xDC, 0x31, 0x71, 0xBB, 0xD6, 0x07, 0xE4, 0x49, 0x1B, 0x28, 0x6B, 0x85, 0x35, 0xBD, 0xD2, 0x9A,
    0x96, 0x05, 0xF6, 0x05, 0xEA, 0x00, 0x26, 0x11, 0x93, 0x90, 0x49, 0xCC, 0x34, 0x27, 0x6D, 0x51,
    0xEC, 0x09, 0x3B, 0x1F, 0xB1, 0x4C, 0xD7, 0xD5, 0x19, 0xF2, 0xCE, 0x68, 0xDF, 0x0A, 0xEE, 0x5B,
    0xFD, 0x89, 0xFC, 0x8C, 0x63, 0x07, 0xF1, 0x3D, 0xB7, 0x80, 0x4E, 0x9E, 0x9E, 0x26, 0x09, 0xFB,
    0x90, 0x01, 0xB0, 0x13, 0xE0, 0xA2, 0x4A, 0x20, 0x79, 0x26, 0x17, 0xA0, 0x52, 0x31, 0x2B, 0x50,
    0x2E, 0x27, 0xD6, 0x48, 0x11, 0x54, 0x46, 0x27, 0x22, 0x7B, 0x84, 0x0F, 0xE4, 0x9A, 0x4D, 0xE5,
    0xFA, 0xA6, 0x40, 0xD3, 0x2A, 0xCB, 0x05, 0x79, 0xC4, 0xA4, 0x5D, 0xF8, 0xEE, 0xCC, 0x1F, 0x3E,
    0x3D, 0x31, 0x16, 0x8A, 0x45, 0xCD, 0x03, 0xB6, 0xE6, 0x72, 0x8D, 0x44, 0x86, 0xB7, 0x15, 0x5B,
    0xC2, 0x5E, 0x22, 0x4D, 0x09, 0xDD, 0xC4, 0xC4, 0x6D, 0x97, 0xD4, 0x39, 0xD9, 0xBB, 0xA6, 0x4E,
    0x5B, 0x84, 0xD3, 0x00, 0xE0, 0xCD, 0xA0, 0x5D, 0x53, 0x85, 0xB4, 0x45, 0x14, 0x93, 0x76, 0xE7,
    0x79, 0x6C, 0x80, 0xC8, 0x72, 0x96, 0xBA, 0xEE, 0x1C, 0x48, 0x34, 0x64, 0xB3, 0x7A, 0x57, 0x00,
    0xBB, 0x97, 0x48, 0x66, 0x86, 0x46, 0xDA, 0x32, 0x75, 0x75, 0x31, 0x25, 0x30, 0xE0, 0x0D, 0x8A,
    0x59, 0xDA, 0x52, 0x24, 0x54, 0x22, 0xD3, 0x2D, 0xF9, 0xF6, 0x4C, 0xCC, 0xA7, 0x6C, 0xCE, 0xA7,
    0x7C, 0x3E, 0x95, 0x42, 0xDA, 0x46, 0xBF, 0x56, 0xB1, 0x59, 0xB4, 0xE9, 0x43, 0x92, 0x17, 0xBE,
    0x00, 0x5E, 0xEE, 0xA7, 0xC5, 0x18, 0xAF, 0x02, 0xDF, 0x4B, 0x4A, 0x02, 0x2C, 0xE6, 0xEE, 0x64,
    0x8C, 0x35, 0xFF, 0x78, 0x63, 0xF2, 0x0F, 0xE9, 0xE4, 0x8D, 0xAD, 0x8F, 0x6C, 0xF1, 0xBB, 0x41,
    0x95, 0x66, 0xB7, 0xFB, 0x47, 0x5F, 0x9C, 0xD4, 0xFD, 0xAE, 0x87, 0x33, 0xF2, 0xE9, 0x89, 0xC3,
    0xAB, 0x2E, 0x8B, 0x69, 0x77, 0x58, 0x7C, 0x64, 0xEA, 0xB2, 0xFA, 0xF4, 0x96, 0x24, 0xE9, 0xB9,
    0xFC, 0x8E, 0x00, 0xF0, 0x7B, 0x7C, 0xC4, 0x3F, 0xEE, 0x07, 0xA9, 0x96, 0x90, 0x5A, 0xA5, 0xC5,
    0x84, 0x74, 0x72, 0xB1, 0x2A, 0xAE, 0x45, 0x2B, 0x1F, 0x5C, 0x9B, 0x0A, 0x19, 0x0F, 0x1E, 0x4F,
    0x2E, 0x63, 0xD3, 0x17, 0x9B, 0x0C, 0xA5, 0x0C, 0xBE, 0xE7, 0x0B, 0x34, 0x65, 0xEA, 0x42, 0x5A,
    0x00, 0xCC, 0xD1, 0xD5, 0xAA, 0x58, 0x9E, 0xEE, 0x9A, 0xA4, 0xAC, 0x47, 0xF7, 0x02, 0xD3, 0x69,
    0x29, 0x23, 0xF0, 0x08, 0x98, 0x8F, 0x76, 0x94, 0x50, 0xE5, 0xD1, 0xFC, 0x0C, 0x34, 0x13, 0x64,
    0x32, 0x1F, 0x1F, 0x35, 0xBA, 0xF4, 0x91, 0xBD, 0xB6, 0x53, 0x35, 0x51, 0x44, 0x33, 0x90, 0x45,
    0xD7, 0x42, 0xF4, 0xB0, 0xDB, 0x5C, 0x92, 0xC9, 0x78, 0x48, 0x36, 0xAB, 0xCB, 0x69, 0xD1, 0xE7,
    0x69, 0x24, 0x87, 0xA6, 0xC6, 0xF7, 0x7E, 0xCC, 0x45, 0x1F, 0x17, 0x29, 0x45, 0x46, 0xE8, 0x96,
    0x63, 0xC9, 0xB3, 0x0B, 0xB8, 0x05, 0x44, 0x43, 0x20, 0xBD, 0x99, 0xEC, 0x60, 0xFB, 0x6A, 0xD4,
    0xE2, 0xD1, 0xEB, 0xCE, 0x92, 0x2A, 0x41, 0xDB, 0xFB, 0xBE, 0xA9, 0xAD, 0xAC, 0x18, 0x99, 0xF7,
    0xAA, 0x8E, 0x07, 0x6F, 0x00, 0x4D, 0x04, 0x7C, 0x80, 0x5C, 0x3E, 0xFC, 0xDC, 0x71, 0x6D, 0x55,
    0x63, 0x1F, 0x82, 0x59, 0x48, 0x39, 0xEC, 0x76, 0xE4, 0xEA, 0xB9, 0x91, 0x4D, 0x04, 0xDC, 0x04,
    0xF8, 0xF1, 0x40, 0x76, 0x8A, 0x2C, 0x22, 0x63, 0xB1, 0x5E, 0x22, 0xDB, 0x9E, 0x2C, 0xFA, 0x1A,
    0x96, 0x84, 0x7C, 0xF1, 0x34, 0x6D, 0x92, 0x5C, 0x91, 0x8B, 0x44, 0x3B, 0x76, 0x89, 0x76, 0xB8,
    0x46, 0xBB, 0x02, 0x85, 0x40, 0xB5, 0x80, 0x99, 0xC1, 0xBF, 0x40, 0x80, 0xB3, 0x6E, 0xCE, 0x45,
    0x24, 0xEA, 0x83, 0xDF, 0x4A, 0x37, 0x9D, 0xC8, 0xAF, 0x44, 0x64, 0xCE, 0x15, 0xD5, 0xC3, 0x54,
    0x2A, 0xAE, 0x27, 0x9B, 0x34, 0xCA, 0x7A, 0xF3, 0xE3, 0x14, 0xE9, 0x33, 0xE0, 0x84, 0x9E, 0x22,
    0xDE, 0x89, 0x90, 0xA2, 0x2E, 0x22, 0xC4, 0xFD, 0x66, 0x25, 0x42, 0xF6, 0x61, 0x04, 0xD4, 0xD3,
    0xFF, 0xCC, 0x80, 0x66, 0xE1, 0xFD, 0x09, 0x50, 0x6F, 0x3F, 0x0F, 0xFC, 0x41, 0xAD, 0xD9, 0x78,
    0x27, 0x60, 0x6B, 0xCD, 0x48, 0x11, 0x70, 0xC9, 0x67, 0x27, 0x22, 0xC9, 0xAB, 0x88, 0x48, 0xCA,
    0x8E, 0x88, 0xEC, 0x93, 0xA9, 0xD3, 0x70, 0xFE, 0x85, 0x84, 0x42, 0xE4, 0x3D, 0x99, 0x4C, 0xB0,
    0xF2, 0xAD, 0x69, 0xF3, 0xBB, 0xA4, 0xF3, 0x88, 0xC8, 0xE4, 0xD9, 0xD5, 0x88, 0x04, 0x8F, 0x9D,
    0xA9, 0x37, 0xE7, 0x4B, 0x39, 0x6E, 0xDE, 0x45, 0x06, 0x23, 0x73, 0x93, 0xEA, 0x2D, 0x3B, 0x9F,
    0x3E, 0x47, 0x31, 0xFF, 0xFF, 0x5F, 0x37, 0x94, 0xAF, 0x47, 0xC0, 0xB6, 0x78, 0x70, 0x49, 0x4F,
    0x3B, 0xF1, 0x85, 0x6A, 0x1E, 0xA1, 0x11, 0x99, 0x92, 0x0E, 0xD0, 0x69, 0xBA, 0x89, 0x45, 0x48,
    0x3A, 0xAB, 0x66, 0x47, 0x85, 0xFE, 0x65, 0xF2, 0x99, 0xE5, 0x7B, 0xA9, 0x42, 0x8F, 0xE8, 0x11,
    0x6E, 0xDE, 0xB4, 0xB6, 0x03, 0xF0, 0xE6, 0xE9, 0xA7, 0xC9, 0x42, 0xD2, 0xA6, 0x38, 0x54, 0x22,
    0x23, 0x72, 0x6F, 0x20, 0x9A, 0x3E, 0x9B, 0x33, 0xF2, 0x19, 0xF2, 0xA7, 0x4E, 0x42, 0x3E, 0x2D,
    0x88, 0x68, 0x7B, 0x25, 0xDC, 0x6B, 0xE2, 0x8E, 0xB0, 0x93, 0x2B, 0xBB, 0xCA, 0xDC, 0x5C, 0xA3,
    0xB7, 0x1F, 0x4F, 0xFF, 0x08, 0xB2, 0x00, 0x50, 0xBC, 0x57, 0x03, 0xC4, 0x57, 0x98, 0x89, 0xDB,
    0xB7, 0xA1, 0x5A, 0x12, 0x64, 0x31, 0xBF, 0x40, 0x26, 0xA8, 0x7A, 0xC0, 0x02, 0x59, 0xF7, 0x2E,
    0x38, 0x25, 0xEF, 0x44, 0xC8, 0x16, 0x9A, 0x5A, 0x67, 0xB6, 0x8A, 0xA7, 0x0C, 0x29, 0x58, 0x2A,
    0xF2, 0xB7, 0x1C, 0xE5, 0xBA, 0x53, 0x78, 0xEE, 0x47, 0x20, 0x5F, 0xB8, 0x05, 0xE7, 0x38, 0x15,
    0x0F, 0x11, 0x5F, 0x97, 0x33, 0x5E, 0x24, 0xEC, 0xEB, 0x5F, 0x9E, 0xDC, 0x65, 0xB5, 0x8E, 0x67,
    0xC9, 0xBA, 0x8D, 0x72, 0x36, 0x12, 0x5D, 0x1D, 0x5D, 0xFF, 0xA6, 0x5D, 0xA9, 0x64, 0xA4, 0x9B,
    0xFE, 0xAC, 0x98, 0xCE, 0xF3, 0xA9, 0x93, 0xD0, 0xC8, 0x60, 0xD7, 0xCB, 0x0D, 0xE7, 0xCF, 0x7B,
    0xC8, 0x64, 0x04, 0x2B, 0xCB, 0x41, 0x17, 0x6F, 0xA4, 0x7B, 0x37, 0xD1, 0x0D, 0x37, 0xD1, 0x3D,
    0x7A, 0x06, 0xDD, 0x6D, 0xB0, 0x3D, 0xCD, 0x98, 0x49, 0x78, 0x42, 0x37, 0xDC, 0x4C, 0xF7, 0x9A,
    0x0E, 0xE6, 0x65, 0x05, 0x11, 0x21, 0xFF, 0x5C, 0x98, 0x4C, 0x0F, 0xB8, 0xD3, 0xE7, 0xDA, 0x07,
    0xA4, 0x50, 0x3C, 0x0F, 0x5E, 0x31, 0xEE, 0xB1, 0x06, 0x2E, 0x46, 0xC0, 0xD5, 0x2F, 0x87, 0xF8,
    0x4E, 0xFA, 0xF0, 0x66, 0x6B, 0xC5, 0xBC, 0x9E, 0xE3, 0x21, 0xEB, 0xA6, 0x3F, 0x2D, 0xA7, 0x47,
    0x1B, 0xE6, 0xC3, 0x03, 0xD3, 0x8B, 0x48, 0x48, 0xD2, 0xA8, 0x3C, 0xCA, 0xE6, 0x62, 0x8C, 0xFA,
    0xF5, 0xF9, 0xCD, 0x22, 0x64, 0x35, 0x45, 0x80, 0x5D, 0xCA, 0x11, 0xA8, 0x92, 0x0C, 0x57, 0x0E,
    0x31, 0x36, 0xC9, 0x93, 0x63, 0x62, 0x0D, 0xA5, 0x52, 0x57, 0xBB, 0x04, 0x00, 0x50, 0x72, 0x60,
    0x06, 0xF2, 0xF4, 0xCC, 0x1E, 0xE0, 0xCB, 0x57, 0x4E, 0xA8, 0x8D, 0xF4, 0x9D, 0xB4, 0x9D, 0xD4,
    0x57, 0xCE, 0xDD, 0xDF, 0x0E, 0xBE, 0x08, 0xBE, 0x1C, 0xBD, 0x0C, 0x4E, 0xDA, 0x6A, 0x61, 0x47,
    0x30, 0x2D, 0x6E, 0x5F, 0x8B, 0xF3, 0xC7, 0x6D, 0x7A, 0xFC, 0xCB, 0xF2, 0xF2, 0x0D, 0x7E, 0xC2,
    0xDB, 0x45, 0x60, 0xDA, 0x5A, 0x28, 0xC7, 0x6C, 0x6C, 0xE4, 0xA7, 0x43, 0x97, 0x8A, 0x8C, 0x1A,
    0xD3, 0x5F, 0xF9, 0xC4, 0xAA, 0xF8, 0x6C, 0xFC, 0x6C, 0x06, 0xF0, 0x32, 0xE0, 0xA4, 0xA5, 0x5A,
    0x3E, 0x29, 0xAB, 0x9B, 0x81, 0xBB, 0x2A, 0x7E, 0x3A, 0x01, 0x7F, 0x3C, 0x6B, 0x9A, 0x2F, 0xA7,
    0xEF, 0x01, 0x56, 0x82, 0x93, 0xD1, 0xC9, 0x70, 0x0A, 0xB8, 0x93, 0xE9, 0xAE, 0x44, 0x2F, 0xD1,
    0xF4, 0xD1, 0x3C, 0x9E, 0xAA, 0x54, 0x23, 0xC1, 0xED, 0xD7, 0x81, 0xBD, 0x4A, 0xE5, 0x71, 0x54,
    0xD6, 0xFF, 0x7C, 0xA8, 0xB0, 0xAD, 0x91, 0x51, 0xD7, 0xBD, 0xF4, 0x04, 0x22, 0xE9, 0x4B, 0x9E,
    0x86, 0x30, 0x9F, 0x76, 0x55, 0xA6, 0x22, 0x1C, 0x6A, 0x7B, 0xCA, 0x4D, 0xDB, 0x34, 0x50, 0xAB,
    0x7F, 0xE0, 0x34, 0x3C, 0x7A, 0x6F, 0x37, 0xED, 0x95, 0xD8, 0x0E, 0x74, 0x60, 0x3E, 0xFC, 0xCB,
    0xA8, 0xC8, 0xC7, 0xEF, 0x82, 0x3D, 0x70, 0xFF, 0x43, 0x00, 0x7B, 0xAF, 0xC6, 0x0B, 0xFC, 0xE3,
    0x42, 0x13, 0xA4, 0xEF, 0x86, 0xAD, 0xF5, 0x92, 0x3E, 0x60, 0x9A, 0xDE, 0xD5, 0xB6, 0xF5, 0xB5,
    0xAB, 0x3D, 0xDA, 0x3C, 0x0D, 0xFE, 0x9B, 0x69, 0x3E, 0xF7, 0x6E, 0x6B, 0xE5, 0xE2, 0xDB, 0xA3,
    0x70, 0xA5, 0x99, 0xF6, 0x78, 0xBF, 0x12, 0x0F, 0x2E, 0x82, 0x8F, 0x34, 0x72, 0x03, 0x7F, 0xFB,
    0x2C, 0xFE, 0x3B, 0x77, 0x12, 0x7F, 0x84, 0xDD, 0x8B, 0x97, 0x5F, 0xFC, 0xE2, 0x95, 0xB8, 0x78,
    0xFD, 0x75, 0xF0, 0x2B, 0xB8, 0x99, 0xE6, 0xBF, 0x5E, 0x24, 0x13, 0xF9, 0x00, 0x60, 0x82, 0xEA,
    0x9F, 0x24, 0xB5, 0x03, 0x78, 0xF9, 0xE7, 0x7B, 0xAF, 0xC4, 0x4F, 0x36, 0x42, 0x35, 0x81, 0xF9,
    0xEB, 0x04, 0xD5, 0xFC, 0xF2, 0x45, 0x3C, 0x99, 0x19, 0xC0, 0x07, 0xF0, 0x22, 0xAF, 0x26, 0x2F,
    0x55, 0x04, 0x3B, 0xD1, 0xC8, 0x27, 0xE7, 0xF7, 0xD2, 0x9B, 0xE7, 0x60, 0x2E, 0xAE, 0x31, 0x2B,
    0xAD, 0x6A, 0x35, 0x26, 0xDA, 0x27, 0xCC, 0x7A, 0x29, 0x33, 0xD8, 0x31, 0x5B, 0xC1, 0xAC, 0x0F,
    0x23, 0x94, 0x22, 0x01, 0x32, 0x91, 0x1A, 0xF8, 0xCA, 0xBF, 0x9D, 0x4A, 0x1E, 0xCC, 0xAE, 0x35,
    0xD0, 0x8C, 0xDD, 0x8D, 0xF4, 0x5E, 0x1B, 0x67, 0x27, 0x7A, 0xBB, 0xB5, 0xD7, 0x34, 0xFA, 0x3F,
    0x81, 0x54, 0x9F, 0x05, 0x00, 0xF2, 0xD4, 0x1D, 0x29, 0xF1, 0x52, 0xBB, 0x39, 0x93, 0xE8, 0x05,
    0x33, 0xE6, 0x12, 0x1B, 0xC1, 0x85, 0x5C, 0xE6, 0x32, 0xE0, 0xB7, 0x4B, 0x6D, 0x34, 0x81, 0x0B,
    0xED, 0x25, 0x10, 0x29, 0xA6, 0x4C, 0xA6, 0x7C, 0x26, 0x9F, 0x8B, 0xC7, 0x53, 0xFA, 0x95, 0x62,
    0x3B, 0x6F, 0x54, 0x23, 0x59, 0x34, 0xBF, 0x9C, 0x95, 0x33, 0xDA, 0x7F, 0x9A, 0x5D, 0x0B, 0x8B,
    0xFB, 0xFE, 0x7E, 0x62, 0xF4, 0xC4, 0x73, 0xE0, 0xE2, 0x82, 0x25, 0x02, 0x4D, 0x44, 0x26, 0xC0,
    0xCF, 0x48, 0xD0, 0x3E, 0x20, 0x83, 0xF6, 0x23, 0x5D, 0x0F, 0xB8, 0x9E, 0xAE, 0xD6, 0xBE, 0xA5,
    0x01, 0xD0, 0x91, 0x0F, 0xD8, 0x66, 0x71, 0x73, 0xB3, 0x74, 0xD1, 0x84, 0x2E, 0x76, 0xD1, 0x05,
    0x89, 0xD5, 0xE8, 0x83, 0xAF, 0xCB, 0xD0, 0x85, 0x86, 0x22, 0xC8, 0xB4, 0x50, 0x7C, 0x20, 0x1F,
    0x44, 0x8A, 0xC7, 0x1F, 0x48, 0x20, 0x97, 0xF7, 0x65, 0x24, 0x93, 0x9F, 0x49, 0x0F, 0xF2, 0x7D,
    0xA9, 0x41, 0x10, 0x60, 0x43, 0x01, 0x78, 0xF2, 0x05, 0xAF, 0x03, 0x72, 0x69, 0xF1, 0xF2, 0x8E,
    0x86, 0xE2, 0x2D, 0x99, 0x1B, 0xF9, 0x8E, 0x4C, 0xC5, 0xCC, 0x4A, 0x16, 0xF3, 0x08, 0x4B, 0x19,
    0xE0, 0xC2, 0x0C, 0xD0, 0xA8, 0x3B, 0xDF, 0x1D, 0xCB, 0x15, 0x66, 0x52, 0x09, 0x2A, 0x37, 0xEC,
    0x8F, 0x85, 0xCC, 0x87, 0x94, 0x32, 0x5D, 0xFD, 0xA1, 0x5E, 0x8E, 0xCA, 0xDC, 0xAC, 0x3F, 0x90,
    0xC1, 0xC6, 0x4A, 0x7A, 0xBB, 0x6C, 0xC2, 0xB9, 0x0E, 0x79, 0xA6, 0xCE, 0x9B, 0x6A, 0x04, 0xAF,
    0x0F, 0xF4, 0xF7, 0x5B, 0x70, 0x1D, 0x60, 0x17, 0xC0, 0x5C, 0x1B, 0xBC, 0x87, 0x5B, 0x4A, 0x16,
    0x1B, 0x40, 0x22, 0xD0, 0x4D, 0x7B, 0x18, 0x01, 0xFE, 0x1E, 0xC8, 0x92, 0xC1, 0xDF, 0xBC, 0x04,
    0x83, 0x79, 0x00, 0xCA, 0x1E, 0x44, 0x24, 0x9E, 0x64, 0xCE, 0x26, 0x4C, 0xC8, 0x03, 0xBE, 0xCF,
    0x7E, 0xBC, 0x5B, 0x8F, 0x97, 0x8F, 0x76, 0x3D, 0xA4, 0xBC, 0xE7, 0x0B, 0x50, 0x4D, 0xC7, 0x9A,
    0x47, 0x53, 0x43, 0xB6, 0x72, 0x5B, 0xAB, 0x37, 0xD3, 0xDA, 0x71, 0x13, 0x7F, 0xF9, 0xFF, 0xD5,
    0xA0, 0x72, 0x1C, 0xEE, 0x06, 0x0A, 0x91, 0xA1, 0x14, 0xE9, 0x2B, 0x6D, 0xBD, 0x60, 0xDE, 0x89,
    0xDC, 0xBE, 0x17, 0xC0, 0x2B, 0xC7, 0x6D, 0x8A, 0xE8, 0x30, 0xC1, 0xE3, 0xD3, 0x7F, 0xB8, 0x6E,
    0x6D, 0x01, 0xF2, 0xF6, 0x25, 0x92, 0x02, 0xE4, 0x23, 0x14, 0xE3, 0x0B, 0xD2, 0xDA, 0x47, 0x40,
    0x35, 0xBC, 0x1C, 0x5A, 0xF3, 0xBD, 0x17, 0x26, 0xFD, 0x3F, 0x45, 0x91, 0x21, 0xAC, 0x14, 0x31,
    0x14, 0x45, 0xCF, 0x4C, 0x09, 0x23, 0x2A, 0x06, 0x6F, 0x6A, 0x51, 0xD4, 0x27, 0x40, 0x9B, 0xE0,
    0xDD, 0xF7, 0xDE, 0x61, 0xBF, 0x20, 0x4C, 0xBD, 0xC2, 0x1B, 0xBC, 0x47, 0xFE, 0xFD, 0x3B, 0x5E,
    0x4D, 0x82, 0x4F, 0x2A, 0xF0, 0xA9, 0xA8, 0x58, 0x92, 0xCE, 0x5C, 0xB6, 0xBB, 0x9B, 0x90, 0x9E,
    0x7B, 0x54, 0x73, 0xFB, 0xD2, 0x07, 0xE6, 0xF7, 0x0A, 0x8C, 0x8A, 0x00, 0x07, 0x00, 0x2F, 0x00,
    0xFE, 0x00, 0x08, 0xFA, 0xEF, 0x49, 0x11, 0x98, 0x95, 0x00, 0xFF, 0x73, 0x05, 0x96, 0x79, 0x03,
    0xF6, 0x39, 0xC3, 0xD8, 0xA6, 0x02, 0xA6, 0x98, 0x02, 0xB3, 0x54, 0xC1, 0x49, 0x17, 0x08, 0x52,
    0x83, 0x57, 0x68, 0x0C, 0x0D, 0x76, 0x82, 0xA2, 0x55, 0x5E, 0xC4, 0xAC, 0xED, 0x6E, 0x3E, 0x38,
    0x70, 0x27, 0xB0, 0x15, 0xCC, 0x06, 0x00, 0x4B, 0x66, 0x54, 0xC3, 0xE8, 0xC0, 0xE4, 0x85, 0xE1,
    0x7C, 0x30, 0xE9, 0x60, 0xD6, 0x8E, 0x4F, 0x8D, 0xC0, 0x35, 0xE6, 0x1A, 0x29, 0xF6, 0xD8, 0xFA,
    0x0A, 0x43, 0xC4, 0x5E, 0xDB, 0x0A, 0xCF, 0xBF, 0x06, 0x1D, 0x83, 0xF6, 0xDE, 0xE0, 0x12, 0x3E,
    0x12, 0x78, 0xF0, 0x1D, 0x4E, 0x1D, 0x5A, 0x67, 0xB8, 0x74, 0x82, 0xD2, 0xD2, 0x89, 0xE3, 0x66,
    0x8B, 0xAB, 0x1F, 0x9F, 0xC1, 0xAF, 0x21, 0x87, 0x3C, 0x65, 0xBB, 0xCD, 0x6B, 0x3F, 0x2E, 0xF9,
    0x1F, 0xBE, 0xF8, 0x62, 0x13, 0x6F, 0xF5, 0x07, 0x82, 0x0E, 0x90, 0xC4, 0xD8, 0x58, 0xA2, 0x29,
    0xF8, 0xAE, 0xC0, 0x54, 0x00, 0x73, 0xE9, 0xEA, 0xD7, 0x90, 0x36, 0xF0, 0xAA, 0xC0, 0xD7, 0x06,
    0x8C, 0x3B, 0x6F, 0xE0, 0x84, 0x87, 0x17, 0x02, 0x34, 0x42, 0x9C, 0xFA, 0x04, 0x2A, 0x38, 0x29,
    0x31, 0xEA, 0x2F, 0x30, 0xAF, 0x80, 0x4F, 0xC0, 0x67, 0x80, 0x6F, 0xC0, 0xA0, 0x6C, 0x75, 0x99,
    0xD5, 0x7C, 0x6C, 0x7E, 0x7B, 0x72, 0x07, 0x56, 0x99, 0x73, 0x7D, 0x6F, 0xEA, 0x69, 0xAC, 0x67,
    0x95, 0x45, 0x9B, 0xEB, 0x9F, 0x85, 0x5D, 0x71, 0xF4, 0x4A, 0x95, 0x9B, 0x96, 0xAE, 0x97, 0xE1,
    0x62, 0x72, 0x1B, 0xAB, 0xC9, 0x4F, 0xA6, 0x0C, 0x11, 0x53, 0xE0, 0xAE, 0x29, 0x03, 0xF6, 0xA6,
    0xED, 0xF1, 0xF4, 0x5D, 0xEE, 0xA6, 0x04, 0xF8, 0x08, 0x84, 0xAB, 0x26, 0x55, 0xB0, 0x77, 0x15,
    0x00, 0x80, 0x13, 0xC0, 0x05, 0x18, 0x6F, 0x9D, 0x2B, 0xC0, 0x3B, 0xC6, 0x8A, 0x29, 0x9D, 0x29,
    0xB3, 0x68, 0x3D, 0x2B, 0x9D, 0x15, 0xE7, 0x95, 0x2B, 0x8F, 0x95, 0x7C, 0x29, 0xC1, 0x94, 0x30,
    0xE5, 0xA0, 0xCD, 0x2B, 0xD9, 0x9D, 0xFB, 0x08, 0x73, 0xC2, 0xC3, 0x27, 0xF8, 0x07, 0xE3, 0x6E,
    0xD0, 0x3F, 0x60, 0x7F, 0x40, 0xBF, 0x41, 0x9F, 0xC1, 0x96, 0x81, 0x81, 0x81, 0x16, 0x3C, 0x00,
    0xC5, 0x98, 0x3F, 0x8C, 0xE5, 0xD4, 0x77, 0xC7, 0xBF, 0xB6, 0x77, 0x7F, 0xD6, 0x4F, 0x96, 0xE2,
    0xAD, 0x83, 0x12, 0x37, 0x29, 0x92, 0x22, 0xB9, 0xBD, 0x84, 0xB8, 0x17, 0x48, 0x47, 0xB1, 0x5B,
    0x6C, 0x4F, 0x93, 0x06, 0xA5, 0xA0, 0x97, 0xD8, 0x67, 0x23, 0x7A, 0xB1, 0x7D, 0xDF, 0xA7, 0x49,
    0x39, 0x33, 0x36, 0xA1, 0xD8, 0x82, 0x62, 0x1D, 0x28, 0x52, 0xA4, 0xC0, 0x21, 0xAB, 0x50, 0x50,
    0x70, 0x01, 0x47, 0x78, 0xE1, 0xDA, 0x27, 0xE7, 0x7B, 0x3C, 0xDE, 0xD9, 0x19, 0x0D, 0x0B, 0x89,
    0x22, 0x7E, 0xFB, 0xDE, 0xFD, 0x1C, 0x6B, 0xF6, 0xDD, 0x7B, 0xFE, 0xCE, 0x39, 0xF7, 0x0D, 0x50,
    0x97, 0x1D, 0xE0, 0xEF, 0x0F, 0x8A, 0x7A, 0x80, 0x88, 0x6C, 0x86, 0x4C, 0xB1, 0x42, 0x7F, 0x72,
    0x86, 0xA6, 0x53, 0xB8, 0x0E, 0x09, 0x2E, 0x00, 0xF0, 0x06, 0x5D, 0x68, 0x45, 0x3A, 0x22, 0xA0,
    0x17, 0x01, 0x56, 0x00, 0x48, 0x07, 0xB2, 0x84, 0x6A, 0xC8, 0x17, 0x3D, 0xC2, 0x8B, 0x48, 0xD7,
    0x2A, 0x82, 0x01, 0x59, 0xBF, 0x00, 0x95, 0x3E, 0x71, 0xAF, 0xAA, 0x0C, 0xCD, 0x58, 0x24, 0x54,
    0x53, 0x15, 0x51, 0x8D, 0xF5, 0xA8, 0x3B, 0xDC, 0xA0, 0x7B, 0x77, 0x3D, 0xFC, 0xC4, 0x95, 0x9E,
    0x0B, 0x53, 0x7B, 0x89, 0x3F, 0xC2, 0x0F, 0xF0, 0xC1, 0xCD, 0xD9, 0x86, 0x5A, 0x24, 0xA1, 0x10,
    0x99, 0x80, 0xF7, 0xB7, 0x00, 0x88, 0x80, 0x3E, 0xD0, 0x03, 0xDA, 0xEF, 0x02, 0xDF, 0x1E, 0x97,
    0xEF, 0x13, 0x70, 0x6E, 0x56, 0xDA, 0x3B, 0x5B, 0xF8, 0xF6, 0x6A, 0x23, 0xDF, 0x01, 0xFF, 0xFC,
    0x41, 0x9E, 0xD6, 0x7C, 0x4E, 0x78, 0x70, 0x0F, 0x40, 0x2E, 0xA9, 0xB0, 0xF7, 0xCD, 0xED, 0xEB,
    0xD5, 0xF6, 0x7C, 0xE6, 0xBB, 0x88, 0xD0, 0xED, 0xBD, 0x50, 0x39, 0xD0, 0x10, 0x70, 0x97, 0x0C,
    0xCA, 0x42, 0x3A, 0x65, 0x25, 0x83, 0xB2, 0xFE, 0x92, 0xF4, 0x1F, 0x93, 0x6D, 0x3D, 0x2A, 0xB7,
    0x6A, 0x62, 0xD0, 0xCA, 0x08, 0x14, 0x0B, 0x59, 0xC5, 0x62, 0x06, 0x1D, 0x5B, 0x78, 0x00, 0xD9,
    0xD2, 0x49, 0x6C, 0xA6, 0x34, 0xD1, 0x00, 0x2F, 0xA1, 0x92, 0xA9, 0x15, 0xD4, 0x32, 0xEE, 0x64,
    0xEE, 0x92, 0x21, 0x53, 0x30, 0xFA, 0xD9, 0xAC, 0x01, 0x50, 0xB8, 0x2E, 0x8F, 0x37, 0x13, 0xE8,
    0x65, 0xB3, 0x24, 0x4C, 0x4C, 0xE0, 0x8C, 0x15, 0xE5, 0x82, 0x84, 0xDC, 0x30, 0xAB, 0x8A, 0x22,
    0xAA, 0x73, 0x4D, 0x64, 0x02, 0x87, 0x56, 0x01, 0xC5, 0x33, 0x80, 0xF9, 0x24, 0x66, 0xEA, 0x48,
    0xD4, 0x91, 0x18, 0xE4, 0x74, 0x14, 0x89, 0xC2, 0x07, 0x86, 0x54, 0x7D, 0xE0, 0x96, 0xD1, 0x40,
    0x1D, 0xF1, 0x36, 0x1D, 0xFA, 0xDC, 0x4C, 0xB7, 0xE8, 0x88, 0x86, 0x8C, 0x50, 0x1D, 0xC5, 0xA4,
    0x3A, 0x8A, 0x51, 0x75, 0x64, 0xE1, 0xD2, 0x0F, 0x5C, 0xC3, 0x89, 0x38, 0x27, 0x6E, 0x14, 0xE2,
    0x72, 0xC0, 0x33, 0x01, 0xED, 0x8E, 0x3D, 0x21, 0x22, 0x6A, 0xCF, 0x0B, 0x26, 0x1E, 0xC2, 0xA3,
    0x2F, 0x48, 0xC6, 0xD7, 0x8E, 0xD8, 0xD9, 0xF2, 0x10, 0x2A, 0xC9, 0x67, 0x6A, 0x29, 0x22, 0x0F,
    0x2F, 0x27, 0xB2, 0x1A, 0xC9, 0x7A, 0xA0, 0x92, 0xA6, 0xCB, 0x95, 0x9E, 0x9F, 0xC2, 0x89, 0x9F,
    0xAA, 0x85, 0x45, 0xDF, 0x90, 0xD8, 0xE9, 0xCC, 0x62, 0xAF, 0x7C, 0x43, 0x5F, 0xC0, 0x23, 0xEC,
    0xFF, 0x7E, 0x97, 0x5F, 0x3E, 0x11, 0x27, 0x9F, 0xC9, 0xAC, 0xD2, 0xAB, 0x8C, 0x90, 0xCD, 0xCB,
    0xC7, 0x2A, 0xCB, 0xA5, 0x88, 0x9A, 0x19, 0xE4, 0x6B, 0x11, 0x9B, 0x89, 0xC6, 0x14, 0xB1, 0xEF,
    0xA8, 0xE7, 0xC9, 0x57, 0x76, 0xB6, 0xFB, 0xE6, 0x9B, 0x99, 0xB2, 0x11, 0x89, 0x94, 0x7B, 0xBC,
    0x90, 0x9B, 0xD1, 0x40, 0x39, 0xF7, 0xB1, 0x07, 0xA8, 0x71, 0xF0, 0x60, 0x1C, 0x5C, 0xA0, 0xF4,
    0xF6, 0xC2, 0x9D, 0x37, 0x94, 0xEE, 0xEF, 0x71, 0x76, 0x46, 0xF9, 0x6E, 0xE8, 0x97, 0x4A, 0xA2,
    0x13, 0xB4, 0xB1, 0x96, 0xD8, 0xAC, 0x70, 0x43, 0x2D, 0x53, 0x35, 0xF1, 0x3C, 0x45, 0x23, 0xAB,
    0x39, 0xC8, 0x62, 0x6F, 0xBB, 0x6C, 0x61, 0xF1, 0xCE, 0x68, 0x08, 0x17, 0xB2, 0xC7, 0x7B, 0x00,
    0x36, 0xA0, 0x96, 0x85, 0x48, 0x04, 0x8D, 0x40, 0x4F, 0xF8, 0x1D, 0x8E, 0xD5, 0xE0, 0xBB, 0x32,
    0xC1, 0x89, 0x58, 0x1E, 0x06, 0x64, 0xFD, 0x73, 0x7E, 0x36, 0x9A, 0xDE, 0x29, 0x53, 0xD5, 0x32,
    0x16, 0xC2, 0x24, 0xD6, 0xC9, 0x9A, 0x00, 0x8B, 0x12, 0x3D, 0x99, 0xC9, 0x02, 0x0D, 0xC9, 0xF3,
    0x59, 0x59, 0x7F, 0x3F, 0xA3, 0x8C, 0xFE, 0xD3, 0xA8, 0x09, 0xD7, 0xB8, 0xA0, 0xFA, 0x3C, 0x15,
    0x13, 0xEA, 0xCF, 0xE6, 0x52, 0xF9, 0xE5, 0xA8, 0xF9, 0xAF, 0x25, 0xB0, 0xD3, 0x6C, 0x50, 0xBA,
    0xC5, 0x18, 0x73, 0xF6, 0x8C, 0xA1, 0x20, 0x51, 0xD0, 0x52, 0x3C, 0xC4, 0x03, 0x65, 0xCA, 0xA3,
    0xF2, 0x9C, 0xDE, 0xA2, 0x95, 0x41, 0xE9, 0xCC, 0x97, 0xEF, 0x1E, 0xFC, 0x49, 0xAC, 0x62, 0x25,
    0x0C, 0x90, 0x4D, 0x99, 0xC9, 0xEA, 0xA5, 0x63, 0x03, 0x1E, 0x99, 0xC1, 0x3E, 0x00, 0xEE, 0xED,
    0x15, 0xCA, 0xFB, 0x51, 0xE9, 0xDB, 0x81, 0x94, 0xCE, 0x0C, 0x9F, 0x8C, 0x51, 0xD9, 0x7F, 0x34,
    0x2B, 0xB7, 0x6C, 0x51, 0xA6, 0x2C, 0x91, 0x50, 0x66, 0x0B, 0x99, 0x2B, 0x13, 0x37, 0xA9, 0xAE,
    0x56, 0xBA, 0xDE, 0x9A, 0xA4, 0xEB, 0x6C, 0x02, 0xC8, 0x8C, 0x5A, 0x19, 0x77, 0x72, 0xDB, 0x39,
    0xC8, 0xF5, 0xC5, 0xE6, 0x99, 0x64, 0x1B, 0x22, 0x73, 0x65, 0x39, 0xE9, 0xCF, 0x50, 0x8D, 0x45,
    0x64, 0xAD, 0x1D, 0xA4, 0xB5, 0xEA, 0x35, 0x5C, 0x50, 0xAF, 0xEF, 0x78, 0xD4, 0x23, 0xCE, 0x4F,
    0xF4, 0xB7, 0x4F, 0x1C, 0x02, 0xED, 0x4C, 0xAF, 0xDD, 0x58, 0x28, 0x21, 0xF4, 0x2D, 0x81, 0xFA,
    0x7C, 0xCA, 0x64, 0x06, 0xD8, 0x27, 0x39, 0x3D, 0x80, 0x66, 0x45, 0x25, 0xD6, 0xB5, 0x1D, 0x45,
    0x1F, 0xDA, 0x0B, 0xC0, 0xFB, 0x4F, 0xD6, 0x73, 0x15, 0xCD, 0x17, 0x33, 0xCB, 0x52, 0x53, 0xC4,
    0x46, 0x51, 0x48, 0xA7, 0xE2, 0x3C, 0x97, 0x2C, 0x99, 0xBF, 0xD9, 0x42, 0xF1, 0x80, 0xD6, 0x99,
    0xC9, 0xD8, 0x6D, 0x46, 0x6E, 0xC2, 0xA2, 0xD6, 0x8B, 0x75, 0x1F, 0xA1, 0x08, 0x14, 0x5C, 0x3D,
    0xC5, 0xC6, 0x27, 0x5A, 0x2A, 0x1B, 0x1D, 0xE2, 0x1B, 0xCD, 0x2E, 0x5C, 0xB7, 0x8B, 0xC0, 0x56,
    0x00, 0xAF, 0x22, 0xA8, 0x00, 0x1C, 0x85, 0x88, 0x58, 0x16, 0x4C, 0xF4, 0xBB, 0x58, 0xF7, 0x56,
    0x48, 0xE3, 0x76, 0x71, 0x06, 0xEC, 0x36, 0x62, 0xB7, 0x91, 0xB6, 0x38, 0x19, 0x68, 0x8B, 0x37,
    0x11, 0x2E, 0x53, 0xBA, 0xC1, 0xB2, 0x32, 0xDA, 0xC1, 0x8C, 0x4B, 0x57, 0x25, 0x14, 0x09, 0xD9,
    0x06, 0x0E, 0xA4, 0x9E, 0x61, 0x45, 0x4B, 0xC3, 0xE0, 0x77, 0xFD, 0xFA, 0x3A, 0x78, 0x32, 0x9E,
    0x1B, 0x93, 0x92, 0x8E, 0xFB, 0xC0, 0x8D, 0x6E, 0x40, 0x33, 0xA1, 0x9E, 0xB3, 0xBE, 0xE3, 0xF1,
    0x9B, 0x35, 0x8D, 0xD9, 0xCA, 0x3E, 0x28, 0x85, 0xFF, 0x0E, 0x91, 0x91, 0x2F, 0xC5, 0xE0, 0x70,
    0xFE, 0x5A, 0x0C, 0xEC, 0xE9, 0x10, 0x2D, 0x2E, 0xD5, 0xEF, 0xFA, 0xED, 0x07, 0x48, 0x37, 0x63,
    0x70, 0xE5, 0x7C, 0xFE, 0xAA, 0x18, 0x88, 0xC8, 0x63, 0x63, 0x42, 0x76, 0x18, 0x92, 0x09, 0xED,
    0x30, 0x75, 0xE4, 0xD5, 0x45, 0xE2, 0x82, 0xCC, 0x93, 0xC5, 0x7F, 0x36, 0x8E, 0x4C, 0xC2, 0xF3,
    0x5D, 0xE3, 0x75, 0x52, 0xB9, 0xE9, 0x7E, 0xE9, 0x17, 0x68, 0x67, 0x50, 0xEE, 0x57, 0xA2, 0xFA,
    0xB8, 0x12, 0x65, 0x76, 0x25, 0x5A, 0x50, 0xB2, 0x23, 0x56, 0xA3, 0xC5, 0x42, 0x75, 0x67, 0xE1,
    0xC6, 0xB0, 0x23, 0x5E, 0xBE, 0x12, 0x05, 0xFC, 0xC5, 0xCD, 0x2B, 0x51, 0x7E, 0x79, 0x25, 0xDA,
    0x6B, 0x25, 0x1A, 0x5A, 0xE2, 0x2C, 0x5B, 0x8A, 0x29, 0xE5, 0x73, 0x31, 0x3D, 0x2C, 0x62, 0x16,
    0x58, 0xA2, 0x30, 0xA8, 0x56, 0x45, 0x65, 0x18, 0xAD, 0xA1, 0x1F, 0x68, 0x0C, 0x1D, 0x70, 0x35,
    0x8A, 0x4A, 0x3A, 0x5E, 0xED, 0x88, 0xD4, 0x31, 0xF4, 0x16, 0x49, 0xAB, 0xF4, 0x20, 0x82, 0x62,
    0xE1, 0xB6, 0x2C, 0xD9, 0xA7, 0x93, 0xD9, 0xB9, 0x5A, 0x44, 0x5A, 0x8B, 0x85, 0x2F, 0x22, 0xF9,
    0x0E, 0x15, 0x35, 0x1F, 0x9B, 0x26, 0x09, 0x46, 0x50, 0x7F, 0x22, 0x8B, 0x45, 0x71, 0xA7, 0xB4,
    0x9E, 0xD9, 0x8C, 0x2F, 0x22, 0xE7, 0x57, 0x70, 0xD3, 0x33, 0xF2, 0x88, 0x63, 0x7F, 0x49, 0x45,
    0xF6, 0x4F, 0x3F, 0xB1, 0x7B, 0x59, 0x66, 0xF6, 0x01, 0xBF, 0xD6, 0x9F, 0x08, 0xEA, 0xB1, 0x19,
    0x34, 0x3E, 0x5D, 0xA3, 0x2F, 0xD6, 0x70, 0xD3, 0xB1, 0x6E, 0x9B, 0xEE, 0x9C, 0x0C, 0xA4, 0xD7,
    0x88, 0x9E, 0xD0, 0xEA, 0xEB, 0x9C, 0x66, 0x8F, 0xE9, 0xB5, 0xD9, 0xE6, 0xF6, 0x88, 0x62, 0x9F,
    0x74, 0xFF, 0xB8, 0x3D, 0x86, 0xB9, 0x7A, 0x23, 0x95, 0x7D, 0x82, 0xCC, 0xE0, 0xC5, 0x2B, 0x42,
    0x96, 0x5C, 0x59, 0x2C, 0x05, 0x0B, 0x2E, 0x55, 0xB4, 0x7D, 0x73, 0xDC, 0xD0, 0xB7, 0xE1, 0x85,
    0xED, 0x6E, 0x21, 0xEB, 0x48, 0x7A, 0x63, 0x3F, 0x2B, 0x32, 0x49, 0x36, 0x4F, 0x57, 0x65, 0x3D,
    0xF6, 0x4A, 0xDF, 0x31, 0x7A, 0x1B, 0xF4, 0x04, 0xBF, 0xF1, 0xDD, 0xAE, 0xC6, 0xC4, 0x83, 0x6E,
    0xEF, 0x21, 0xBF, 0xC3, 0xEF, 0x8F, 0xD8, 0xD5, 0xFC, 0x25, 0xD1, 0xC1, 0xFC, 0xD9, 0x45, 0x13,
    0x4C, 0x38, 0xE3, 0x5E, 0xF5, 0x9F, 0x4A, 0xF2, 0xF2, 0x91, 0xA4, 0x56, 0xDE, 0x96, 0x85, 0x2D,
    0x91, 0xA5, 0xE6, 0x59, 0x65, 0x86, 0x93, 0x75, 0x6D, 0xE2, 0x0C, 0x35, 0x87, 0x5F, 0x35, 0x97,
    0x09, 0xA5, 0xC8, 0x82, 0x9C, 0xC0, 0xFB, 0xFF, 0x35, 0x5B, 0x8D, 0x5E, 0x83, 0x25, 0x5B, 0x0C,
    0x1B, 0x1F, 0x6A, 0x89, 0xAC, 0x02, 0xD9, 0xF8, 0x60, 0xF1, 0xA8, 0x65, 0x12, 0xB1, 0x88, 0x24,
    0xAA, 0xD9, 0x6F, 0xAA, 0x7B, 0x38, 0xB2, 0xE5, 0xFA, 0x83, 0x5D, 0xDB, 0x2C, 0x44, 0x3C, 0x7C,
    0x8F, 0x0E, 0x0D, 0x0D, 0xFB, 0x5D, 0x6E, 0x8F, 0xD0, 0x6E, 0x35, 0x90, 0xCC, 0xE8, 0xEB, 0x0F,
    0xF5, 0xC0, 0x80, 0xD9, 0x69, 0x16, 0x2B, 0xAB, 0xFE, 0x23, 0x5A, 0x16, 0xA8, 0x9B, 0x0F, 0xFF,
    0x5B, 0x9B, 0xBB, 0x5F, 0xB7, 0xD9, 0xFF, 0xB2, 0xCD, 0xEB, 0xAF, 0xDB, 0xCC, 0x87, 0x5F, 0xB5,
    0xF9, 0xC8, 0xF4, 0x8D, 0x07, 0x4B, 0xFA, 0xF1, 0x43, 0x11, 0x62, 0xBB, 0xBC, 0xCD, 0x39, 0x33,
    0xDA, 0xEC, 0x74, 0x8A, 0xBF, 0xB9, 0x79, 0x9B, 0x3D, 0xBE, 0x89, 0xDC, 0xFA, 0x2D, 0x61, 0xF9,
    0xE5, 0x6F, 0x09, 0xD4, 0x31, 0x61, 0x57, 0x33, 0x66, 0xA6, 0x49, 0xF6, 0xDA, 0xDF, 0x6F, 0xE3,
    0x60, 0x78, 0xE0, 0x0E, 0x19, 0xF6, 0xB2, 0xF1, 0x87, 0x04, 0x38, 0xA1, 0x4C, 0xBD, 0x86, 0xC8,
    0x2C, 0xA8, 0xAC, 0x8B, 0xCB, 0xCC, 0x33, 0x68, 0x07, 0xA5, 0x5A, 0x71, 0xC8, 0x59, 0xCF, 0xB4,
    0xAF, 0x2D, 0x7A, 0xA6, 0xD9, 0xE4, 0x82, 0x85, 0xEA, 0x89, 0xCC, 0x16, 0xA0, 0x72, 0x97, 0xCF,
    0xD8, 0x10, 0xAF, 0x0A, 0xD3, 0x2C, 0x43, 0x7D, 0xD5, 0x41, 0x89, 0x57, 0xC5, 0xE0, 0xB7, 0x7F,
    0x53, 0xCA, 0x85, 0x8E, 0x89, 0x98, 0xF5, 0x03, 0xDB, 0xC4, 0xA4, 0xAE, 0x57, 0x51, 0xFD, 0x2D,
    0x66, 0x62, 0xC9, 0x02, 0x4F, 0x29, 0x44, 0x0C, 0x33, 0x4A, 0x82, 0x01, 0x38, 0x1A, 0x7D, 0x3D,
    0xFE, 0xB9, 0x75, 0x19, 0x40, 0xE0, 0xC7, 0x72, 0xDD, 0xFB, 0x66, 0x25, 0xD2, 0x81, 0x17, 0x4E,
    0xF3, 0xA3, 0xB2, 0xC9, 0xB8, 0xA1, 0x97, 0x85, 0xDE, 0x14, 0x97, 0xD3, 0xB1, 0x9E, 0x33, 0x61,
    0x5B, 0xF1, 0x1D, 0x47, 0x8F, 0xEB, 0x7A, 0xA0, 0x51, 0x19, 0x12, 0x4F, 0x85, 0x7F, 0x6B, 0xA1,
    0x0A, 0xEB, 0xF3, 0x94, 0xAD, 0x1C, 0x72, 0xB2, 0xF1, 0xD2, 0xCB, 0x68, 0x51, 0x59, 0xAB, 0x5D,
    0x26, 0x4A, 0x17, 0x54, 0x32, 0x19, 0x9A, 0xC2, 0x72, 0x46, 0xBE, 0xAA, 0xF5, 0xC5, 0x86, 0x66,
    0x66, 0xBB, 0xB5, 0x4E, 0x6C, 0x5F, 0xD4, 0xCD, 0xE1, 0x50, 0xF2, 0x24, 0x26, 0x4C, 0x65, 0x65,
    0xFF, 0xE9, 0xF6, 0x5A, 0x0D, 0xCC, 0xFF, 0x6A, 0x59, 0x4F, 0xA4, 0x15, 0x11, 0x33, 0x47, 0x6E,
    0x24, 0x84, 0x9B, 0xE0, 0xB9, 0x89, 0x7B, 0x07, 0xA0, 0xB0, 0xAC, 0x57, 0x13, 0x59, 0x0F, 0x9A,
    0xA9, 0x3B, 0x1C, 0x16, 0x38, 0xEB, 0x69, 0x54, 0x9F, 0x4A, 0xDE, 0x61, 0x67, 0x66, 0xD8, 0x0D,
    0x96, 0xDF, 0x76, 0x02, 0x6F, 0x96, 0x25, 0xE7, 0xCB, 0x78, 0x81, 0xAC, 0x5F, 0xED, 0xB9, 0x91,
    0x04, 0xDF, 0x25, 0x9C, 0x32, 0x5D, 0xE5, 0x73, 0xD0, 0x58, 0xAF, 0xAB, 0x99, 0x58, 0x05, 0x77,
    0x83, 0xF9, 0x8A, 0x76, 0x40, 0x23, 0x7A, 0xAC, 0x1A, 0xB9, 0x05, 0xD0, 0x91, 0x5A, 0x12, 0x1A,
    0x61, 0x0E, 0x7A, 0x9B, 0x44, 0x27, 0x5D, 0x8F, 0x8E, 0x89, 0xC4, 0x69, 0x24, 0x9C, 0x45, 0x13,
    0xFE, 0xB0, 0x81, 0x49, 0x0C, 0x34, 0x5A, 0xD7, 0xC8, 0xB8, 0x65, 0xA9, 0x1A, 0x32, 0x91, 0x2E,
    0x17, 0x09, 0x85, 0xC8, 0x50, 0xC4, 0xDA, 0x96, 0x97, 0x3D, 0x58, 0xAD, 0x2C, 0xDC, 0x33, 0x56,
    0xFB, 0x1A, 0x90, 0x6A, 0x2E, 0xED, 0x27, 0x77, 0x2D, 0x48, 0x05, 0x57, 0xDC, 0x97, 0xB7, 0x8B,
    0x08, 0x6C, 0xC1, 0xCB, 0xA6, 0x6B, 0x45, 0x2B, 0x6C, 0x1A, 0xEC, 0x17, 0xBA, 0x3E, 0x59, 0xD0,
    0x68, 0x6E, 0x7D, 0x3E, 0x5B, 0x6E, 0xCF, 0x55, 0x93, 0xC8, 0xD6, 0xEC, 0x6B, 0x75, 0xC0, 0x23,
    0x0F, 0x9C, 0x71, 0x01, 0x00, 0x4B, 0x52, 0x92, 0x46, 0xA6, 0x9E, 0x2E, 0x5C, 0x77, 0xD2, 0x13,
    0xF5, 0x40, 0x3D, 0xAF, 0xC5, 0x3D, 0x1F, 0x16, 0x2F, 0x8B, 0x3A, 0x55, 0x6C, 0xA1, 0x58, 0xDD,
    0x8F, 0x12, 0x0B, 0xF1, 0x3F, 0xC8, 0xA4, 0xA6, 0xFE, 0x20, 0x23, 0xEA, 0xAF, 0xBF, 0x5E, 0x60,
    0x76, 0x03, 0xB5, 0xA5, 0xCB, 0x89, 0x05, 0xBE, 0xFF, 0x99, 0x89, 0x75, 0x9F, 0xCF, 0xF8, 0xDB,
    0xA5, 0xF9, 0xF0, 0xA7, 0xC7, 0xFD, 0x77, 0x32, 0xCB, 0xD4, 0x7E, 0x2E, 0x51, 0x06, 0xF7, 0x96,
    0xC4, 0x13, 0xD0, 0x4F, 0x85, 0xA4, 0x5A, 0x95, 0x76, 0xE7, 0x7F, 0x16, 0x38, 0x9C, 0x33, 0xBE,
    0x13, 0xB2, 0xF4, 0x28, 0x5F, 0x5A, 0x99, 0xBD, 0x06, 0x62, 0x83, 0xD7, 0x18, 0xB5, 0x93, 0x1F,
    0xDA, 0xB1, 0xEF, 0xEA, 0x7F, 0x95, 0xAE, 0x7E, 0x22, 0xA1, 0x7E, 0x2A, 0x68, 0x84, 0xAB, 0x85,
    0x4B, 0x9A, 0x85, 0xF9, 0x1C, 0x7E, 0xEA, 0x07, 0xDF, 0xC9, 0xD0, 0x42, 0x06, 0xCC, 0xD5, 0x80,
    0xA5, 0x09, 0xB0, 0x22, 0x5C, 0x98, 0xD2, 0xFF, 0xD3, 0x39, 0xE5, 0xD6, 0xA7, 0x6A, 0x95, 0x54,
    0x25, 0x59, 0x90, 0x04, 0x50, 0x41, 0x0B, 0x73, 0x61, 0x4D, 0x6C, 0x28, 0x16, 0xCE, 0x1F, 0xFF,
    0x0F, 0x7E, 0xF3, 0xA9, 0x5D, 0xDD, 0xDC, 0xAE, 0xF5, 0x08, 0x91, 0xC8, 0x95, 0x51, 0x7A, 0xF6,
    0x75, 0x76, 0x72, 0xFD, 0xF9, 0x23, 0xFE, 0xBD, 0x40, 0x57, 0x6A, 0xBA, 0xF7, 0x66, 0xD7, 0x49,
    0x74, 0xB1, 0x1F, 0x7D, 0xF4, 0xC1, 0xC7, 0x52, 0x8F, 0x12, 0x54, 0x82, 0x9A, 0x1C, 0xFC, 0x06,
    0xC8, 0x28, 0x93, 0xF2, 0x7B, 0x19, 0xED, 0xA6, 0x3B, 0x20, 0xFF, 0x51, 0xBE, 0x1C, 0x50, 0xFC,
    0xB7, 0xDC, 0x57, 0xC6, 0x8B, 0xA6, 0x53, 0xFE, 0xB5, 0xD2, 0x6F, 0xBC, 0xD0, 0xB4, 0x6B, 0x6E,
    0x2C, 0x94, 0xE5, 0x56, 0x4B, 0x57, 0xAD, 0x8D, 0x84, 0x2A, 0x35, 0x02, 0xA4, 0x22, 0xEE, 0x30,
    0x93, 0xEC, 0xC6, 0x59, 0x18, 0x62, 0x35, 0x2A, 0x6A, 0xDE, 0x5A, 0xEA, 0x45, 0x37, 0x1B, 0x1A,
    0x76, 0x2B, 0xBA, 0x29, 0x4C, 0xEB, 0x50, 0x4F, 0x6E, 0x70, 0x5D, 0x3D, 0x7A, 0x54, 0xBA, 0x34,
    0x84, 0xB6, 0x5C, 0xE7, 0xBB, 0x1E, 0x4E, 0x56, 0xD4, 0x32, 0x23, 0x97, 0x8E, 0x9F, 0x55, 0xA5,
    0x8A, 0x40, 0xBC, 0xAC, 0x74, 0x51, 0xE4, 0x73, 0x39, 0x29, 0xAA, 0x57, 0x29, 0xED, 0x09, 0x91,
    0x8D, 0x10, 0x96, 0x64, 0xDB, 0xA9, 0x1E, 0xBB, 0xD3, 0x37, 0x86, 0xA0, 0xF0, 0xC1, 0x2E, 0x7F,
    0xE8, 0x33, 0xBB, 0x59, 0x2D, 0xC4, 0x04, 0x6C, 0x5B, 0xB0, 0x79, 0xA2, 0x3A, 0x0E, 0x38, 0x51,
    0x78, 0xC3, 0x06, 0xBC, 0xEC, 0x53, 0x50, 0x9F, 0x82, 0x9E, 0x0C, 0x8F, 0x4C, 0x17, 0xD0, 0xDA,
    0xFA, 0x2B, 0xF8, 0xEE, 0x02, 0x5E, 0x12, 0x6A, 0x0B, 0x93, 0xEA, 0xDC, 0x1B, 0x79, 0xC7, 0x75,
    0xE6, 0x9B, 0x90, 0x4E, 0x0E, 0x0F, 0x4F, 0x77, 0x8F, 0x4B, 0xD7, 0x8B, 0x55, 0xB3, 0xC3, 0xEA,
    0xA2, 0xCA, 0x72, 0xD3, 0x44, 0x54, 0x52, 0xEC, 0xE0, 0x54, 0xDF, 0x00, 0xF7, 0x66, 0x52, 0xF0,
    0x5B, 0x78, 0xF3, 0x24, 0x02, 0xF5, 0xD3, 0x51, 0xF1, 0x6D, 0x07, 0xA6, 0x9C, 0x5B, 0x88, 0x74,
    0x5C, 0xA5, 0x19, 0xB8, 0xBB, 0xF5, 0x68, 0x83, 0xF8, 0xF0, 0x20, 0x29, 0xEA, 0x49, 0x01, 0x3C,
    0x04, 0x8A, 0x4D, 0x97, 0x00, 0xF9, 0x05, 0x00, 0x2E, 0xB5, 0xE7, 0x0F, 0x36, 0x9B, 0x62, 0x2E,
    0x92, 0xAA, 0x9F, 0xB6, 0xAD, 0xFE, 0x97, 0xB9, 0x77, 0x6F, 0x47, 0xEF, 0x0B, 0x5B, 0x27, 0x2D,
    0xC4, 0xE4, 0x3F, 0xFB, 0x62, 0x71, 0x42, 0xC3, 0x64, 0xC8, 0xE4, 0xF9, 0x3E, 0xE9, 0x1C, 0x57,
    0x80, 0x5D, 0x87, 0xB9, 0x58, 0x17, 0x09, 0x12, 0xD4, 0x0F, 0x85, 0xD0, 0x40, 0xFF, 0x2D, 0x6F,
    0xAA, 0x42, 0x13, 0x56, 0x5A, 0xBA, 0xF0, 0x29, 0x1D, 0x81, 0xDD, 0x7A, 0xDA, 0xE7, 0x35, 0x8B,
    0xD1, 0x25, 0xB4, 0x3A, 0x70, 0x6E, 0x2F, 0xC0, 0x57, 0xD7, 0x82, 0x88, 0xEE, 0x65, 0x3E, 0x0D,
    0x40, 0x66, 0x79, 0x8C, 0x07, 0xA8, 0x4C, 0x1B, 0x88, 0xAD, 0xAF, 0xD4, 0x83, 0xE9, 0xB2, 0x1C,
    0xC7, 0x13, 0xAA, 0xE9, 0x02, 0x95, 0xAC, 0x28, 0x24, 0x69, 0x30, 0x2C, 0x1B, 0x9D, 0xAD, 0x86,
    0x4E, 0xF8, 0xFF, 0x94, 0xA9, 0x5A, 0x5B, 0x32, 0xF5, 0xFF, 0x26, 0x23, 0xBB, 0xEA, 0x0A, 0x32,
    0xA9, 0x35, 0x64, 0x3E, 0x37, 0x1F, 0x26, 0x14, 0xB3, 0x7B, 0x93, 0x03, 0xC8, 0xBF, 0x35, 0x93,
    0x05, 0x67, 0x99, 0x8D, 0x70, 0xC5, 0x76, 0xC9, 0xEB, 0xA7, 0xB5, 0xB7, 0x9F, 0xA6, 0xCD, 0x4E,
    0xF9, 0x8A, 0xD3, 0x8E, 0x33, 0xF9, 0xEF, 0x91, 0xF1, 0x03, 0xE3, 0x99, 0x91, 0x09, 0x1F, 0x75,
    0x0D, 0x68, 0x75, 0x9D, 0x25, 0xD8, 0x5A, 0x65, 0xC5, 0xF5, 0xB9, 0xD1, 0x70, 0x6E, 0x84, 0xD6,
    0x6C, 0x9B, 0x50, 0xCA, 0xC8, 0x60, 0xCB, 0xE0, 0x04, 0x3B, 0xC1, 0x39, 0x4A, 0x96, 0x91, 0xB7,
    0x01, 0x46, 0x5C, 0xE4, 0x9D, 0x91, 0x7C, 0x6A, 0x31, 0x7F, 0x3A, 0x28, 0x1B, 0xA5, 0x17, 0x79,
    0x97, 0x61, 0xDF, 0x9A, 0x99, 0x67, 0xB9, 0xC8, 0xD3, 0x78, 0x8A, 0xAD, 0xA3, 0xC4, 0xB3, 0xDD,
    0x82, 0x2E, 0xBF, 0xD5, 0x82, 0x67, 0xC0, 0xFB, 0xEA, 0xA9, 0xAC, 0x1C, 0xD3, 0xA8, 0x87, 0x3E,
    0xD4, 0x83, 0xEF, 0xFE, 0x28, 0x12, 0xB0, 0x2F, 0xDC, 0x41, 0x8B, 0x53, 0xB6, 0xDA, 0x94, 0x73,
    0xBC, 0x0A, 0x6C, 0x56, 0xF7, 0xBD, 0x3E, 0xAD, 0xA5, 0x24, 0xB0, 0x50, 0x36, 0x20, 0xF9, 0x20,
    0xCA, 0x73, 0x78, 0xF6, 0x59, 0x65, 0x2E, 0x8B, 0xB2, 0xD8, 0xF9, 0xFD, 0x82, 0x15, 0xC5, 0x77,
    0x6B, 0x9E, 0xE0, 0x37, 0xB1, 0x7E, 0xA7, 0x51, 0x52, 0xBE, 0xB6, 0x02, 0x36, 0xD4, 0x7B, 0x49,
    0x6A, 0xE1, 0xA2, 0xD6, 0x75, 0xE5, 0xE4, 0x42, 0x15, 0x3D, 0x4A, 0x11, 0x14, 0xBA, 0x20, 0x1B,
    0xDE, 0x9B, 0x4F, 0x90, 0x9F, 0x65, 0xE8, 0xFF, 0x5D, 0x06, 0x7F, 0x5F, 0x06, 0xBC, 0xFE, 0x3A,
    0xD6, 0x73, 0xA4, 0x33, 0xDC, 0xBB, 0xF7, 0x1B, 0x67, 0xE0, 0xAD, 0x7D, 0x44, 0xFE, 0x43, 0x17,
    0x6F, 0x4D, 0xE3, 0x8B, 0x3E, 0xE2, 0x5E, 0xEA, 0x23, 0x08, 0x5A, 0xE9, 0xB1, 0x9C, 0xB2, 0xE0,
    0xBB, 0x76, 0xE8, 0x87, 0x5A, 0x5F, 0xF6, 0xF7, 0xD7, 0xC0, 0x86, 0xD6, 0x8E, 0x7E, 0xFC, 0xCB,
    0x70, 0xF7, 0x4E, 0xD3, 0xFA, 0xFE, 0xEF, 0x5E, 0x07, 0x7B, 0xEB, 0xD8, 0x8E, 0xD5, 0xB8, 0x7F,
    0xCA, 0x3E, 0xF7, 0xC0, 0x4F, 0x3E, 0x56, 0x76, 0x8B, 0x9F, 0x21, 0x22, 0x86, 0x98, 0x11, 0x37,
    0xEF, 0xAC, 0xFF, 0x3F, 0x7F, 0x79, 0x47, 0xCE, 0x01, 0x3F, 0x5D, 0xDD, 0x45, 0x70, 0x7C, 0xC5,
    0x7C, 0xE5, 0x5D, 0xE4, 0x7F, 0x00, 0x8C, 0x8C, 0x31, 0x68, 0x14, 0x41, 0x14, 0x86, 0xBF, 0xDB,
    0x41, 0x4E, 0x18, 0x70, 0x52, 0xD8, 0x8F, 0x3D, 0x26, 0xD3, 0xA4, 0xCD, 0xCD, 0x58, 0x8B, 0x60,
    0xDF, 0xD8, 0xF7, 0x29, 0x13, 0x67, 0xC0, 0x1E, 0xED, 0xFB, 0x1E, 0x8B, 0x60, 0x75, 0xC9, 0x0E,
    0x58, 0x5A, 0xB8, 0x60, 0x99, 0x66, 0xFB, 0xE6, 0x06, 0x5D, 0xF4, 0x20, 0xBB, 0xF7, 0x9C, 0xBB,
    0xE3, 0x34, 0x01, 0x0B, 0xFF, 0xFD, 0x98, 0xF7, 0xFE, 0x9F, 0xFD, 0x9F, 0x97, 0x5C, 0x89, 0xF5,
    0x3D, 0x2C, 0x4E, 0x36, 0x7E, 0xCB, 0xF4, 0x67, 0x89, 0x52, 0x35, 0xB6, 0xBB, 0x57, 0xB6, 0x5A,
    0xC7, 0x07, 0xA3, 0xDD, 0x8D, 0xE1, 0x62, 0xF9, 0x7F, 0xDF, 0x0C, 0x93, 0x1C, 0x91, 0x36, 0xB4,
    0x5C, 0x62, 0x83, 0x4F, 0x31, 0x79, 0x16, 0x2C, 0x39, 0x3A, 0xB8, 0xB0, 0x77, 0x0F, 0xFF, 0x9C,
    0x55, 0xFB, 0x3E, 0xB9, 0x1A, 0xD4, 0x44, 0x42, 0x2B, 0x5C, 0xD6, 0xFA, 0x9B, 0xE0, 0x25, 0x45,
    0x49, 0x3E, 0xB2, 0xA8, 0xAD, 0x5A, 0x3B, 0xBA, 0x1F, 0x86, 0x43, 0xF8, 0xEF, 0x3A, 0x17, 0xB0,
    0x84, 0xF5, 0x16, 0x2B, 0xC9, 0x49, 0x70, 0x42, 0x53, 0x50, 0x3D, 0xAA, 0x63, 0x9E, 0xB7, 0xE8,
    0x8C, 0x49, 0x98, 0xB0, 0xC5, 0x82, 0x83, 0xC5, 0x8E, 0xA7, 0x70, 0xDF, 0xCF, 0xA5, 0xD7, 0xD2,
    0x69, 0xC9, 0xFB, 0x83, 0x0C, 0xCC, 0xCA, 0x96, 0xFD, 0x35, 0xBF, 0x21, 0x4E, 0xB4, 0xD3, 0xE1,
    0x5A, 0xE2, 0x11, 0xF0, 0x01, 0x3D, 0xE2, 0x04, 0x2F, 0xC4, 0xCA, 0x84, 0x5F, 0x63, 0x7B, 0xF6,
    0xD2, 0x01, 0xDD, 0x63, 0x46, 0x8C, 0x60, 0x25, 0xD9, 0x09, 0xD7, 0xB1, 0x80, 0x53, 0xB0, 0xC1,
    0x67, 0x9F, 0x4E, 0xFE, 0xCE, 0x17, 0x43, 0x5D, 0x3F, 0x8F, 0xD5, 0xBD, 0x5B, 0xD7, 0xA0, 0xE9,
    0x4F, 0x30, 0xA9, 0xBA, 0xEC, 0x68, 0x24, 0xD8, 0x8C, 0x91, 0xCE, 0x07, 0xBC, 0x94, 0x08, 0x6F,
    0x55, 0x99, 0x60, 0xA9, 0xBE, 0x8F, 0x30, 0xAA, 0x1F, 0x03, 0x4C, 0xFA, 0xB6, 0x87, 0x56, 0xBE,
    0x66, 0xF0, 0xE2, 0x12, 0xE8, 0xC1, 0x03, 0xB0, 0x71, 0x23, 0xCC, 0x46, 0x11, 0x50, 0x3F, 0x37,
    0xD2, 0x33, 0xFF, 0x55, 0x7C, 0xC1, 0xDC, 0x76, 0xF1, 0x0A, 0xFB, 0xA5, 0x93, 0x73, 0xFC, 0xCB,
    0xB2, 0xF9, 0x48, 0x3B, 0x97, 0xA9, 0x30, 0x29, 0x91, 0xDC, 0xAC, 0x69, 0x25, 0xD0, 0x35, 0x45,
    0x75, 0x3A, 0x9B, 0xE0, 0x38, 0x06, 0xF8, 0x16, 0x9A, 0xBB, 0xAC, 0x56, 0x41, 0xAF, 0x30, 0xD7,
    0xB8, 0x25, 0xC7, 0x57, 0xEC, 0xF2, 0x57, 0x34, 0x77, 0x2B, 0xD4, 0xEA, 0x1A, 0xBD, 0x5A, 0x62,
    0x6E, 0x06, 0xDC, 0x4D, 0xE1, 0xF8, 0x53, 0xC7, 0x5E, 0x3A, 0xDB, 0xCE, 0x65, 0x93, 0x1D, 0xCF,
    0x01, 0x9E, 0xD1, 0xAB, 0xDE, 0x76, 0x31, 0xB4, 0xC1, 0x67, 0x93, 0xE6, 0xA1, 0xE1, 0x31, 0x4F,
    0x30, 0xC1, 0x66, 0x53, 0x4C, 0xEF, 0xD3, 0x19, 0xE7, 0xBC, 0xC6, 0xCB, 0x10, 0xA5, 0x54, 0x00,
    0x38, 0x85, 0x25, 0xB3, 0x01, 0xD5, 0xA3, 0x33, 0x16, 0x16, 0x30, 0x32, 0x2B, 0xA8, 0x0E, 0x93,
    0x71, 0x70, 0x06, 0xBF, 0x27, 0x01, 0x54, 0x88, 0x33, 0x56, 0xC8, 0x97, 0x02, 0x00, 0xE5, 0x90,
    0x01, 0x66, 0x44, 0x31, 0x10, 0x86, 0xFF, 0x49, 0x90, 0x12, 0x04, 0x54, 0x01, 0x39, 0xC2, 0xBB,
    0xC0, 0xEE, 0x7B, 0xCF, 0xEE, 0x05, 0x0A, 0x55, 0xF4, 0x2A, 0xE5, 0x65, 0x4F, 0xD0, 0xCB, 0x14,
    0xC5, 0xB2, 0xD3, 0x1B, 0x04, 0x80, 0x42, 0x8E, 0x30, 0x08, 0x5E, 0xB5, 0xDB, 0xE9, 0x58, 0x45,
    0x01, 0x05, 0xA0, 0xF2, 0xC3, 0xFC, 0x13, 0x7C, 0xF3, 0x01, 0x20, 0x9D, 0xA3, 0x72, 0xDE, 0xB7,
    0xAD, 0x93, 0x47, 0x92, 0x17, 0x92, 0xEE, 0x5A, 0xF7, 0x75, 0x0D, 0x7C, 0xCC, 0xF3, 0x74, 0x46,
    0xEE, 0x00, 0x00, 0xD7, 0x10, 0x2B, 0x86, 0x8A, 0x13, 0xBB, 0x0F, 0x0E, 0x6F, 0x25, 0x3F, 0x95,
    0x49, 0x65, 0xD1, 0x86, 0x0C, 0x28, 0x5B, 0x48, 0x57, 0x8B, 0x7D, 0xF4, 0x15, 0x5E, 0x8B, 0xB7,
    0x95, 0x13, 0x90, 0x5C, 0x91, 0x8C, 0xA1, 0x0E, 0x5A, 0xE2, 0x19, 0x18, 0x1A, 0x69, 0xF7, 0x6D,
    0x8D, 0xE5, 0x39, 0x69, 0x19, 0xB4, 0x4D, 0x3B, 0xD9, 0x92, 0x6C, 0x5C, 0x1B, 0x03, 0x67, 0x9D,
    0xC3, 0x8A, 0xAC, 0xCD, 0x7A, 0x44, 0x46, 0x9A, 0x31, 0x02, 0x47, 0x90, 0xC0, 0x5F, 0x8A, 0x0C,
    0x6C, 0xAD, 0x00, 0x48, 0x61, 0xD8, 0x69, 0x5F, 0xB3, 0xE7, 0xFC, 0xC0, 0x49, 0x31, 0x69, 0x39,
    0x46, 0xEE, 0xB1, 0xAC, 0x79, 0x3E, 0x7D, 0x61, 0xE8, 0xC0, 0xC9, 0x18, 0x24, 0x1D, 0x7A, 0x42,
    0xCF, 0x96, 0x9D, 0x24, 0x95, 0xA0, 0x6D, 0xE3, 0x79, 0xCC, 0x06, 0x8F, 0xD8, 0x81, 0x5B, 0x90,
    0xE0, 0xE6, 0x1D, 0x36, 0x5A, 0x8C, 0x3C, 0x30, 0xAE, 0xEF, 0x7E, 0xC6, 0xBF, 0xFB, 0x09, 0x3D,
    0x0A, 0xD9, 0x73, 0xCD, 0x57, 0xCF, 0x9E, 0x03, 0xC7, 0xB2, 0xC8, 0x22, 0xA6, 0xCB, 0x18, 0xC2,
    0xAB, 0x44, 0x16, 0x22, 0x41, 0x34, 0x81, 0x97, 0x1B, 0x0F, 0x65, 0xF4, 0xBC, 0xA8, 0xC5, 0x20,
    0x3F, 0xBD, 0xAE, 0x08, 0x0D, 0x43, 0xB1, 0x2D, 0xB4, 0xE1, 0x5E, 0x80, 0xDF, 0xDE, 0xFE, 0xA9,
    0xFF, 0x6F, 0x75, 0xD2, 0x01, 0x86, 0xDD, 0x5E, 0x14, 0xC7, 0xF1, 0xEF, 0x4D, 0xF8, 0x87, 0xFF,
    0x43, 0x60, 0x06, 0x03, 0x02, 0x05, 0x2D, 0xB2, 0x83, 0xDE, 0x2C, 0x61, 0x60, 0xBA, 0x86, 0x2A,
    0x74, 0x07, 0x4D, 0xAA, 0x1B, 0xE8, 0x12, 0x0A, 0xA8, 0xC2, 0xAC, 0x60, 0x26, 0xE9, 0x0E, 0x1E,
    0x0C, 0x28, 0xFA, 0x30, 0x94, 0x16, 0x82, 0x68, 0x33, 0x75, 0x93, 0x5F, 0xEF, 0xB9, 0xF1, 0xFA,
    0xB4, 0x34, 0x66, 0x3E, 0x8E, 0xBC, 0xCB, 0xEF, 0x9C, 0x73, 0x93, 0x6B, 0xE2, 0x96, 0x4A, 0x43,
    0xAE, 0x91, 0xD5, 0x8A, 0x42, 0xA3, 0x13, 0xB5, 0x3A, 0x5A, 0x72, 0x91, 0x4F, 0xE0, 0x29, 0x44,
    0x31, 0x5A, 0xB1, 0x13, 0xE5, 0x1E, 0x7C, 0x53, 0x8A, 0x6A, 0x80, 0xBA, 0xAB, 0xDB, 0xC6, 0x37,
    0xD4, 0xB3, 0xBE, 0x7C, 0xD7, 0x27, 0xE1, 0xB5, 0x3D, 0xC7, 0x62, 0x85, 0xF2, 0xE3, 0x5C, 0xBD,
    0x99, 0xE0, 0xF1, 0xF5, 0xB7, 0x9F, 0xF1, 0xEF, 0x3D, 0xFD, 0x72, 0xDB, 0x86, 0xA0, 0x40, 0xAF,
    0xF4, 0x04, 0x28, 0xD4, 0x95, 0x02, 0x2C, 0xB2, 0x5C, 0x53, 0xB1, 0xB2, 0x0B, 0xA9, 0x08, 0xEC,
    0x26, 0x80, 0x6C, 0x4E, 0x4D, 0x00, 0x4E, 0xF7, 0x40, 0x25, 0x01, 0xBD, 0xD4, 0xD9, 0xE1, 0x7A,
    0xB0, 0x63, 0xE5, 0x40, 0xB9, 0x37, 0xEB, 0x8E, 0xAA, 0x29, 0x24, 0xBD, 0xA6, 0x8C, 0xA6, 0xD3,
    0x2B, 0xB0, 0x00, 0x94, 0x29, 0xB3, 0x96, 0x6C, 0x38, 0x69, 0x04, 0x56, 0x38, 0x83, 0xBE, 0xA1,
    0x05, 0x7F, 0xC8, 0x16, 0xA8, 0xD2, 0xCF, 0x85, 0xB4, 0xB7, 0x94, 0x07, 0x40, 0xD2, 0xDB, 0xE4,
    0x8C, 0x8B, 0x2E, 0xEC, 0x82, 0x24, 0x4A, 0xFD, 0x6D, 0x15, 0x59, 0x93, 0x4B, 0x0A, 0x98, 0xA1,
    0x95, 0x0E, 0xA6, 0xE5, 0xDF, 0x00, 0x10, 0x4E, 0xBA, 0xF9, 0xA4, 0x57, 0x87, 0x1D, 0xDC, 0x6C,
    0x00, 0xFE, 0xD3, 0x94, 0xBA, 0x4D, 0xC3, 0x36, 0x6E, 0xC1, 0x77, 0xD9, 0x44, 0xD5, 0x65, 0x63,
    0x04, 0xF0, 0x8D, 0x45, 0x0D, 0xF5, 0x91, 0xCE, 0xC5, 0x7F, 0xCB, 0x55, 0x63, 0xB0, 0x01, 0xCF,
    0x8D, 0x80, 0x6F, 0xB2, 0x79, 0x1B, 0xBB, 0xB4, 0xE1, 0x32, 0x3D, 0x60, 0x95, 0x42, 0xA2, 0x32,
    0x6A, 0x5E, 0x31, 0x7B, 0x6E, 0x98, 0x2F, 0x08, 0xBC, 0x23, 0x42, 0x62, 0x6B, 0x32, 0x4B, 0x4C,
    0x40, 0x3E, 0xFE, 0x41, 0x71, 0x00, 0x76, 0x7B, 0xB6, 0xA1, 0xDB, 0xA0, 0x89, 0x5E, 0x91, 0x4C,
    0x01, 0xDC, 0x40, 0xAD, 0x43, 0x76, 0x77, 0xF5, 0x42, 0x7B, 0x77, 0xFD, 0xF5, 0x5A, 0x8D, 0x7B,
    0x79, 0xF7, 0x4C, 0x4D, 0xBE, 0x4A, 0x3F, 0x86, 0x42, 0x4A, 0x5D, 0x13, 0xA3, 0xA3, 0x2E, 0x44,
    0x3F, 0xF4, 0xDB, 0xE6, 0xF6, 0xD0, 0x6F, 0xB7, 0x97, 0x52, 0x42, 0x3E, 0x9B, 0x2E, 0xA4, 0x76,
    0xC2, 0x23, 0xEB, 0x67, 0xBD, 0xB1, 0xCD, 0xF5, 0xC1, 0x76, 0xE6, 0x27, 0xCE, 0xAF, 0xF8, 0xBF,
    0x03, 0x09, 0xD0, 0x0A, 0x2E, 0x2D, 0xBE, 0x1C, 0x60, 0x5B, 0x59, 0xDD, 0x5C, 0x80, 0xD7, 0xCA,
    0x6E, 0xBB, 0xA9, 0xF5, 0x32, 0xC2, 0x19, 0xB4, 0x7D, 0xE0, 0x89, 0x14, 0xF0, 0xF6, 0xCE, 0x6F,
    0x73, 0xE3, 0x2E, 0x63, 0x50, 0xB1, 0xCF, 0x0C, 0x6F, 0x6B, 0x6E, 0x8F, 0x74, 0xA7, 0xAF, 0x22,
    0xE0, 0xA2, 0xAB, 0xC5, 0x38, 0xA5, 0x1C, 0x6F, 0x41, 0xA6, 0xDF, 0x84, 0x5B, 0x33, 0x0B, 0x69,
    0xAA, 0xE9, 0x34, 0xDB, 0x43, 0x4A, 0xC1, 0x5E, 0x4C, 0x40, 0xFF, 0x79, 0x34, 0x65, 0x66, 0xFF,
    0xFA, 0x2A, 0x38, 0x37, 0x9E, 0x02, 0xC7, 0x36, 0x26, 0xCB, 0x0F, 0x16, 0x1F, 0x2C, 0x3D, 0x50,
    0x27, 0x9A, 0x74, 0xE7, 0x6E, 0xC6, 0xB3, 0x1B, 0xB7, 0xC8, 0x44, 0x2F, 0x8D, 0x2C, 0x14, 0x33,
    0x81, 0x2C, 0x31, 0xB9, 0x40, 0x3E, 0xC6, 0xBA, 0x3A, 0xFC, 0x9E, 0x92, 0xC8, 0x3D, 0xD4, 0x29,
    0xEC, 0x18, 0xFB, 0x0B, 0x75, 0xCF, 0x81, 0x86, 0xDC, 0x7C, 0x14, 0x05, 0xF0, 0x5F, 0x26, 0xEB,
    0xCB, 0x7E, 0xA6, 0x95, 0x45, 0x17, 0xBA, 0xD5, 0x2C, 0x0A, 0x40, 0x9E, 0x60, 0x26, 0x79, 0x84,
    0x85, 0x05, 0x60, 0x1F, 0xA0, 0x80, 0x02, 0x96, 0xE4, 0xB1, 0x8A, 0x65, 0xF2, 0x08, 0x81, 0x52,
    0xA0, 0xC1, 0x82, 0x42, 0x83, 0x94, 0xC1, 0x4C, 0xFF, 0xCD, 0xA5, 0x5A, 0x68, 0xFD, 0xCF, 0x71,
    0x73, 0xEF, 0x3D, 0xF7, 0x1C, 0xD1, 0x53, 0x0C, 0x34, 0x29, 0x4D, 0x2B, 0xC7, 0x6D, 0x4B, 0x06,
    0x3C, 0x64, 0x73, 0x71, 0xAC, 0x4E, 0x37, 0xCF, 0xF9, 0x58, 0x0C, 0xDB, 0xF5, 0x95, 0x7D, 0xD9,
    0x56, 0x6A, 0xB5, 0xBD, 0x9D, 0x47, 0xAF, 0x70, 0x89, 0x5A, 0x97, 0xD2, 0x70, 0x48, 0xA9, 0x67,
    0x87, 0x5B, 0xAE, 0x7F, 0x49, 0x9E, 0x7C, 0x74, 0xB4, 0x64, 0xF3, 0x66, 0x7D, 0xF9, 0x94, 0x8F,
    0x37, 0xCF, 0xCD, 0x52, 0x4D, 0x65, 0xFF, 0x1F, 0xF4, 0x1B, 0xE1, 0xBC, 0xE6, 0xCE, 0x91, 0xBF,
    0x6D, 0xCB, 0x36, 0x73, 0x49, 0x46, 0xD9, 0x6A, 0x06, 0x69, 0xD2, 0xDD, 0xD9, 0x0B, 0xEC, 0x78,
    0xE4, 0x89, 0xA3, 0xC0, 0x22, 0x9B, 0x6D, 0x02, 0xF2, 0x49, 0x3E, 0x2A, 0x06, 0xDB, 0x41, 0x35,
    0xEA, 0x66, 0xF5, 0xA0, 0xE4, 0x82, 0x97, 0xE8, 0x26, 0x9A, 0x99, 0x60, 0xBD, 0xF0, 0xFA, 0x8C,
    0x8E, 0x50, 0xD9, 0xCE, 0xE4, 0x27, 0xFC, 0x40, 0x83, 0x17, 0x80, 0x37, 0x6C, 0x52, 0x2B, 0x4F,
    0x41, 0x8A, 0x44, 0xF5, 0x95, 0xA6, 0x15, 0xD2, 0xFC, 0x48, 0x9C, 0x86, 0x45, 0x83, 0xFF, 0x01,
    0x97, 0xD8, 0xA3, 0xE9, 0x29, 0x47, 0x8A, 0x85, 0xEC, 0x84, 0x03, 0xEA, 0xCF, 0x94, 0x71, 0x9C,
    0xFC, 0xF6, 0xF4, 0x1E, 0x70, 0x81, 0x3D, 0x0E, 0x6C, 0x4E, 0x14, 0x33, 0xD5, 0x48, 0xD7, 0xBA,
    0x3E, 0x53, 0x1F, 0xFF, 0xFC, 0x43, 0x37, 0xF3, 0xB6, 0x05, 0x3C, 0x90, 0xCD, 0x61, 0x95, 0xE6,
    0x6A, 0x65, 0xF3, 0xFD, 0xFE, 0x2E, 0x6A, 0xF4, 0x31, 0x8F, 0xBD, 0x2B, 0x16, 0xF9, 0xD9, 0x36,
    0xB5, 0x75, 0x1A, 0x6E, 0xBE, 0xB5, 0xC5, 0x17, 0x7F, 0x05, 0xEF, 0xB0, 0xD3, 0xA4, 0xD4, 0xAE,
    0x1C, 0xAF, 0xEF, 0xBB, 0x39, 0x6A, 0xF4, 0xEC, 0xC4, 0xFE, 0x5F, 0xB7, 0xAB, 0x6D, 0x9D, 0xC6,
    0x35, 0x62, 0x0D, 0xB2, 0x70, 0x45, 0xEF, 0x56, 0x3E, 0xF8, 0xA0, 0x4C, 0xE9, 0xAC, 0x4E, 0x29,
    0x69, 0x3E, 0xDD, 0x1F, 0xFA, 0xF8, 0x12, 0x33, 0xB1, 0x25, 0x74, 0x3F, 0x01, 0x7D, 0x91, 0x21,
    0x8C, 0xED, 0x44, 0x14, 0x86, 0xBF, 0xB6, 0xF7, 0x6E, 0x49, 0x1A, 0x98, 0x15, 0xE0, 0x48, 0x6A,
    0x08, 0x06, 0x92, 0xF1, 0x84, 0xB7, 0x33, 0x0E, 0xC9, 0x8A, 0xB7, 0xDE, 0x2B, 0x2C, 0x66, 0xDF,
    0x8C, 0x57, 0xEB, 0x15, 0xFA, 0x69, 0xE4, 0xCB, 0xEB, 0xE0, 0x4D, 0x83, 0x17, 0x05, 0x83, 0x40,
    0x30, 0x81, 0x9B, 0xD0, 0xB0, 0xD3, 0xFE, 0xB4, 0x6F, 0x6F, 0xF6, 0x5D, 0x03, 0xA7, 0xFF, 0xFF,
    0x4D, 0x3A, 0x93, 0xFF, 0x88, 0x73, 0xB4, 0xD0, 0x2B, 0x5D, 0xB2, 0xCB, 0x34, 0xA7, 0x5D, 0x6D,
    0xA6, 0x96, 0x34, 0xC1, 0xC6, 0x74, 0x26, 0x01, 0xE7, 0xD9, 0x1C, 0x00, 0x9B, 0x56, 0xC0, 0xFC,
    0x54, 0x80, 0xEE, 0xD7, 0x19, 0x68, 0xFF, 0x3A, 0x01, 0x8D, 0x32, 0x50, 0x69, 0x84, 0xBD, 0x23,
    0x3B, 0x23, 0x3B, 0x01, 0xBD, 0xAF, 0xB5, 0x60, 0xD2, 0x6E, 0xCE, 0xB6, 0xD2, 0xB3, 0xB9, 0xB8,
    0x7F, 0xB9, 0xB9, 0x9C, 0x7D, 0x99, 0x87, 0xEB, 0x7A, 0x9D, 0x8D, 0x66, 0xA7, 0x3C, 0xD8, 0xB9,
    0x84, 0xB2, 0x94, 0x37, 0xCA, 0x65, 0xF8, 0xF9, 0xDD, 0x8D, 0xC6, 0xAF, 0x56, 0x00, 0x0E, 0xC0,
    0x87, 0x80, 0x05, 0x9C, 0x87, 0x21, 0x81, 0x46, 0xEA, 0xC7, 0x4C, 0xF3, 0xE7, 0x89, 0xEE, 0x97,
    0xBD, 0xF1, 0x82, 0x95, 0x70, 0x92, 0x1F, 0xA4, 0xC4, 0xB9, 0x82, 0x94, 0x9C, 0x14, 0x7B, 0x09,
    0x33, 0xBE, 0xA5, 0xCD, 0x65, 0xCB, 0xCC, 0x54, 0x5B, 0x16, 0x4D, 0x10, 0x12, 0xB8, 0x08, 0x3D,
    0xF0, 0x11, 0x70, 0x00, 0xAC, 0x1E, 0x60, 0xD0, 0x42, 0x2D, 0x89, 0x76, 0x26, 0xC4, 0x3E, 0x63,
    0x92, 0x4B, 0x3B, 0xA0, 0x8B, 0x0E, 0x60, 0xEF, 0x7B, 0x09, 0x00, 0xE7, 0x77, 0x8C, 0x34, 0xDE,
    0x64, 0xBA, 0xA9, 0x29, 0x98, 0x54, 0x49, 0x4A, 0x04, 0xC9, 0xD3, 0x4B, 0x38, 0xAD, 0x41, 0xEB,
    0xD6, 0xBE, 0x57, 0xB2, 0xBB, 0x62, 0x75, 0xA2, 0xCE, 0x38, 0xF9, 0x20, 0x06, 0xD1, 0x8E, 0x74,
    0x89, 0xAB, 0x08, 0x2F, 0xF8, 0xE0, 0xFE, 0xB6, 0x57, 0x76, 0xCA, 0x46, 0xD1, 0x6A, 0xDC, 0x67,
    0xF2, 0x77, 0x6C, 0x32, 0xD5, 0x2D, 0xF5, 0x8C, 0x59, 0xB1, 0xDF, 0xF1, 0xB5, 0xE1, 0xE6, 0x15,
    0xAE, 0xD0, 0x4D, 0x00, 0x6D, 0xA1, 0x5F, 0x71, 0x22, 0x6C, 0x5A, 0x09, 0x85, 0x7E, 0x02, 0x80,
    0xBB, 0x97, 0xD4, 0x9A, 0x69, 0x36, 0xB7, 0xE3, 0x79, 0x39, 0x1E, 0x2C, 0x1C, 0x6E, 0xE0, 0xC5,
    0x3D, 0xB8, 0x02, 0x66, 0x86, 0x26, 0x03, 0x0F, 0xC0, 0xED, 0x91, 0x56, 0xC3, 0xD4, 0x4B, 0x27,
    0xF7, 0xC7, 0x63, 0x71, 0x5D, 0x2E, 0xEE, 0xDB, 0x5C, 0xAC, 0x54, 0x8C, 0x94, 0xEB, 0xC5, 0x45,
    0x00, 0xF8, 0x18, 0xEE, 0x61, 0xA1, 0x99, 0xE9, 0x32, 0x36, 0x11, 0xDE, 0xFF, 0xF5, 0x89, 0xA0,
    0x32, 0xA8, 0x38, 0x95, 0xBB, 0xDB, 0x7F, 0xF2, 0x7F, 0x7D, 0x1C, 0x3C, 0x98, 0x04, 0x76, 0x02,
    0x97, 0x21, 0x9C, 0x60, 0x2D, 0x54, 0x65, 0xA1, 0x39, 0x05, 0xDA, 0xEC, 0x7C, 0x37, 0xD9, 0x68,
    0x92, 0x49, 0x36, 0x76, 0x93, 0xA3, 0xC9, 0x57, 0xD4, 0xFE, 0xC0, 0x81, 0x7B, 0x4C, 0x7C, 0x4B,
    0x9F, 0x1C, 0xCE, 0xDB, 0x18, 0x30, 0x69, 0xC1, 0x8C, 0x85, 0x76, 0x5B, 0x76, 0xF3, 0x98, 0xA9,
    0x34, 0x81, 0x46, 0x18, 0x12, 0x38, 0x0F, 0x9F, 0x03, 0x9E, 0x7D, 0xF4, 0x33, 0x4C, 0x5C, 0xD6,
    0xF7, 0x75, 0x5A, 0xDA, 0xFC, 0xA6, 0x99, 0xAE, 0xF1, 0x07, 0xFC, 0x4D, 0x9D, 0x5F, 0x35, 0xF9,
    0xCB, 0x6A, 0xE2, 0xB2, 0x7E, 0x84, 0xC2, 0xAE, 0x6B, 0x80, 0xAB, 0xDF, 0x62, 0x2F, 0xDF, 0xFD,
    0x4E, 0xFB, 0x0D, 0x4E, 0xD8, 0x95, 0xEA, 0x08, 0x40, 0x1B, 0x31, 0xD1, 0x69, 0x74, 0x4A, 0x5F,
    0xAC, 0x31, 0x28, 0x0D, 0x8A, 0x83, 0xBC, 0x85, 0x4F, 0x01, 0x90, 0xF2, 0x93, 0x5E, 0xBF, 0xFE,
    0xE1, 0x99, 0x4F, 0x02, 0x3E, 0x83, 0xAB, 0x02, 0x21, 0xD3, 0xAE, 0x9E, 0x30, 0x6D, 0x07, 0x98,
    0xBC, 0x79, 0x81, 0x4A, 0x11, 0xEC, 0x0C, 0xB5, 0x3C, 0x84, 0xE4, 0x24, 0x1F, 0x34, 0xF3, 0xC9,
    0xB6, 0xE7, 0xEA, 0x01, 0x9A, 0x77, 0x4F, 0x11, 0xDC, 0x09, 0xF6, 0x20, 0xC3, 0xF4, 0x94, 0x1E,
    0x46, 0xBA, 0xE5, 0xF9, 0x70, 0x23, 0x58, 0xC9, 0x1B, 0x89, 0xE3, 0xDD, 0x1D, 0x00, 0xE5, 0xFF,
    0xE4, 0x94, 0x9F, 0x74, 0xDC, 0x07, 0x9E, 0x9C, 0x3F, 0xF2, 0x2F,
};

static const EpdGlyph edslab_12_bolditalicGlyphs[] = {
    { 0, 0, 138, 0, 0, 0, 0 }, // U+0020
    { 8, 20, 103, -1, 19, 40, 0 }, // !
    { 8, 6, 151, 2, 19, 12, 40 }, // "
    { 21, 20, 335, 0, 19, 105, 52 }, // #
    { 16, 25, 268, 0, 22, 100, 157 }, // $
    { 21, 20, 391, 2, 19, 105, 257 }, // %
    { 18, 20, 308, 0, 19, 90, 362 }, // &
    { 5, 6, 94, 2, 19, 8, 452 }, // '
    { 13, 30, 188, 0, 24, 98, 460 }, // (
    { 13, 30, 188, -2, 24, 98, 558 }, // )
    { 11, 10, 188, 2, 22, 28, 656 }, // *
    { 10, 9, 171, 0, 11, 23, 684 }, // +
    { 5, 7, 104, -1, 3, 9, 707 }, // ,
    { 10, 3, 171, 0, 8, 8, 716 }, // -
    { 5, 4, 104, -1, 3, 5, 724 }, // .
    { 14, 25, 174, -2, 19, 88, 729 }, // /
    { 16, 20, 258, 0, 19, 80, 817 }, // 0
    { 10, 20, 162, -1, 19, 50, 897 }, // 1
    { 16, 20, 241, -1, 19, 80, 947 }, // 2
    { 16, 20, 250, 0, 19, 80, 1027 }, // 3
    { 15, 20, 248, -1, 19, 75, 1107 }, // 4
    { 16, 20, 248, 0, 19, 80, 1182 }, // 5
    { 16, 20, 251, 0, 19, 80, 1262 }, // 6
    { 16, 20, 239, 0, 19, 80, 1342 }, // 7
    { 15, 20, 254, 0, 19, 75, 1422 }, // 8
    { 15, 20, 238, 0, 19, 75, 1497 }, // 9
    { 7, 13, 104, -1, 12, 23, 1572 }, // :
    { 6, 16, 123, 0, 12, 24, 1595 }, // ;
    { 14, 13, 236, 0, 13, 46, 1619 }, // <
    { 10, 6, 176, 0, 9, 15, 1665 }, // =
    { 15, 13, 236, -1, 13, 49, 1680 }, // >
    { 13, 20, 237, 2, 19, 65, 1729 }, // ?
    { 24, 23, 402, 1, 21, 138, 1794 }, // @
    { 22, 20, 372, -1, 19, 110, 1932 }, // A
    { 20, 20, 303, -1, 19, 100, 2042 }, // B
    { 18, 20, 298, 0, 19, 90, 2142 }, // C
    { 22, 20, 336, -1, 19, 110, 2232 }, // D
    { 20, 20, 292, -1, 19, 100, 2342 }, // E
    { 20, 20, 292, -1, 19, 100, 2442 }, // F
    { 18, 20, 300, 0, 19, 90, 2542 }, // G
    { 25, 20, 364, -1, 19, 125, 2632 }, // H
    { 12, 20, 166, -1, 19, 60, 2757 }, // I
    { 17, 20, 240, -1, 19, 85, 2817 }, // J
    { 22, 20, 315, -1, 19, 110, 2902 }, // K
    { 18, 20, 295, -1, 19, 90, 3012 }, // L
    { 28, 20, 412, -1, 19, 140, 3102 }, // M
    { 25, 20, 364, -1, 19, 125, 3242 }, // N
    { 20, 20, 342, 1, 19, 100, 3367 }, // O
    { 21, 20, 303, -1, 19, 105, 3467 }, // P
    { 21, 24, 367, 0, 19, 126, 3572 }, // Q
    { 21, 20, 323, -1, 19, 105, 3698 }, // R
    { 17, 20, 258, -1, 19, 85, 3803 }, // S
    { 19, 20, 317, 2, 19, 95, 3888 }, // T
    { 22, 20, 374, 2, 19, 110, 3983 }, // U
    { 22, 20, 372, 2, 19, 110, 4093 }, // V
    { 32, 20, 522, 2, 19, 160, 4203 }, // W
    { 23, 20, 342, -1, 19, 115, 4363 }, // X
    { 19, 20, 327, 2, 19, 95, 4478 }, // Y
    { 20, 20, 287, -1, 19, 100, 4573 }, // Z
    { 12, 26, 140, -2, 19, 78, 4673 }, // [
    { 6, 25, 174, 2, 19, 38, 4751 }, // <backslash>
    { 12, 26, 152, -2, 19, 78, 4789 }, // ]
    { 13, 10, 236, 1, 19, 33, 4867 }, // ^
    { 12, 3, 215, -1, 0, 9, 4900 }, // _
    { 5, 6, 116, 3, 21, 8, 4909 }, // `
    { 13, 13, 225, -1, 12, 43, 4917 }, // a
    { 13, 22, 246, 1, 21, 72, 4960 }, // b
    { 13, 13, 208, -1, 12, 43, 5032 }, // c
    { 16, 23, 244, -1, 21, 92, 5075 }, // d
    { 12, 13, 200, -1, 12, 39, 5167 }, // e
    { 14, 22, 157, -2, 19, 77, 5206 }, // f
    { 17, 20, 238, -2, 12, 85, 5283 }, // g
    { 15, 23, 256, -1, 21, 87, 5368 }, // h
    { 6, 18, 126, 0, 17, 27, 5455 }, // i
    { 11, 23, 111, -4, 16, 64, 5482 }, // j
    { 16, 22, 255, -1, 21, 88, 5546 }, // k
    { 7, 22, 138, 1, 21, 39, 5634 }, // l
    { 22, 14, 360, -1, 12, 77, 5673 }, // m
    { 16, 14, 260, -1, 12, 56, 5750 }, // n
    { 14, 13, 222, -1, 12, 46, 5806 }, // o
    { 17, 19, 235, -3, 12, 81, 5852 }, // p
    { 14, 19, 215, -1, 12, 67, 5933 }, // q
    { 14, 13, 208, -1, 12, 46, 6000 }, // r
    { 12, 13, 177, -1, 12, 39, 6046 }, // s
    { 10, 18, 184, 0, 17, 45, 6085 }, // t
    { 14, 13, 246, 0, 12, 46, 6130 }, // u
    { 17, 13, 270, 0, 12, 56, 6176 }, // v
    { 24, 13, 382, 0, 12, 78, 6232 }, // w
    { 17, 13, 265, -1, 12, 56, 6310 }, // x
    { 18, 19, 270, -1, 12, 86, 6366 }, // y
    { 14, 13, 210, -1, 12, 46, 6452 }, // z
    { 11, 26, 130, -1, 19, 72, 6498 }, // {
    { 9, 27, 89, -2, 23, 61, 6570 }, // |
    { 11, 26, 131, -3, 19, 72, 6631 }, // }
    { 11, 5, 212, 1, 10, 14, 6703 }, // ~
    { 0, 0, 138, 0, 0, 0, 0 }, // U+00A0
    { 7, 20, 107, 0, 19, 35, 0 }, // U+00A1
    { 13, 16, 208, -1, 14, 52, 35 }, // U+00A2
    { 15, 23, 224, -1, 19, 87, 87 }, // U+00A3
    { 13, 13, 216, 0, 14, 43, 174 }, // U+00A4
    { 19, 20, 328, 2, 19, 95, 217 }, // U+00A5
    { 7, 20, 110, 0, 19, 35, 312 }, // U+00A6
    { 12, 17, 190, -1, 17, 51, 347 }, // U+00A7
    { 6, 4, 176, 4, 19, 6, 398 }, // U+00A8
    { 21, 20, 360, 1, 18, 105, 404 }, // U+00A9
    { 10, 9, 165, 0, 15, 23, 509 }, // U+00AA
    { 10, 10, 180, 1, 13, 25, 532 }, // U+00AB
    { 12, 6, 232, 1, 10, 18, 557 }, // U+00AC
    { 10, 3, 171, 0, 8, 8, 575 }, // U+00AD
    { 21, 21, 360, 1, 19, 111, 583 }, // U+00AE
    { 8, 3, 176, 3, 18, 6, 694 }, // U+00AF
    { 6, 5, 184, 4, 19, 8, 700 }, // U+00B0
    { 10, 13, 216, 1, 13, 33, 708 }, // U+00B1
    { 11, 12, 172, 0, 19, 33, 741 }, // U+00B2
    { 11, 12, 177, 0, 19, 33, 774 }, // U+00B3
    { 6, 3, 176, 4, 18, 5, 807 }, // U+00B4
    { 17, 19, 246, -3, 12, 81, 812 }, // U+00B5
    { 15, 21, 240, 0, 19, 79, 893 }, // U+00B6
    { 6, 4, 104, 0, 10, 6, 972 }, // U+00B7
    { 6, 4, 176, 0, 0, 6, 978 }, // U+00B8
    { 7, 12, 122, 0, 19, 21, 984 }, // U+00B9
    { 10, 9, 164, 0, 15, 23, 1005 }, // U+00BA
    { 10, 10, 180, 0, 13, 25, 1028 }, // U+00BB
    { 17, 22, 240, -1, 21, 94, 1053 }, // U+00BC
    { 18, 22, 240, -1, 21, 99, 1147 }, // U+00BD
    { 17, 22, 240, -1, 21, 94, 1246 }, // U+00BE
    { 13, 20, 238, 0, 19, 65, 1340 }, // U+00BF
    { 22, 22, 372, -1, 21, 121, 1405 }, // U+00C0
    { 22, 22, 372, -1, 21, 121, 1526 }, // U+00C1
    { 22, 22, 372, -1, 21, 121, 1647 }, // U+00C2
    { 22, 22, 372, -1, 21, 121, 1768 }, // U+00C3
    { 22, 22, 372, -1, 21, 121, 1889 }, // U+00C4
    { 22, 24, 372, -1, 23, 132, 2010 }, // U+00C5
    { 35, 20, 532, -1, 19, 175, 2142 }, // U+00C6
    { 18, 23, 298, 0, 19, 104, 2317 }, // U+00C7
    { 20, 22, 292, -1, 21, 110, 2421 }, // U+00C8
    { 20, 22, 292, -1, 21, 110, 2531 }, // U+00C9
    { 20, 22, 292, -1, 21, 110, 2641 }, // U+00CA
    { 20, 22, 292, -1, 21, 110, 2751 }, // U+00CB
    { 12, 22, 166, -1, 21, 66, 2861 }, // U+00CC
    { 12, 22, 166, -1, 21, 66, 2927 }, // U+00CD
    { 12, 22, 166, -1, 21, 66, 2993 }, // U+00CE
    { 12, 22, 166, -1, 21, 66, 3059 }, // U+00CF
    { 22, 20, 336, -1, 19, 110, 3125 }, // U+00D0
    { 25, 22, 364, -1, 21, 138, 3235 }, // U+00D1
    { 20, 22, 342, 1, 21, 110, 3373 }, // U+00D2
    { 20, 22, 342, 1, 21, 110, 3483 }, // U+00D3
    { 20, 22, 342, 1, 21, 110, 3593 }, // U+00D4
    { 20, 22, 342, 1, 21, 110, 3703 }, // U+00D5
    { 20, 22, 342, 1, 21, 110, 3813 }, // U+00D6
    { 10, 9, 216, 2, 12, 23, 3923 }, // U+00D7
    { 23, 24, 342, -1, 21, 138, 3946 }, // U+00D8
    { 22, 22, 374, 2, 21, 121, 4084 }, // U+00D9
    { 22, 22, 374, 2, 21, 121, 4205 }, // U+00DA
    { 22, 22, 374, 2, 21, 121, 4326 }, // U+00DB
    { 22, 22, 374, 2, 21, 121, 4447 }, // U+00DC
    { 19, 22, 327, 2, 21, 105, 4568 }, // U+00DD
    { 15, 20, 336, -1, 19, 75, 4673 }, // U+00DE
    { 13, 18, 232, -1, 17, 59, 4748 }, // U+00DF
    { 13, 16, 225, -1, 15, 52, 4807 }, // U+00E0
    { 13, 15, 225, -1, 14, 49, 4859 }, // U+00E1
    { 13, 16, 225, -1, 15, 52, 4908 }, // U+00E2
    { 13, 16, 225, -1, 15, 52, 4960 }, // U+00E3
    { 13, 15, 225, -1, 14, 49, 5012 }, // U+00E4
    { 13, 17, 225, -1, 16, 56, 5061 }, // U+00E5
    { 23, 13, 364, -1, 12, 75, 5117 }, // U+00E6
    { 13, 16, 208, -1, 12, 52, 5192 }, // U+00E7
    { 12, 16, 200, -1, 15, 48, 5244 }, // U+00E8
    { 12, 16, 200, -1, 15, 48, 5292 }, // U+00E9
    { 12, 16, 200, -1, 15, 48, 5340 }, // U+00EA
    { 12, 15, 200, -1, 14, 45, 5388 }, // U+00EB
    { 7, 15, 126, 0, 14, 27, 5433 }, // U+00EC
    { 7, 16, 126, 0, 15, 28, 5460 }, // U+00ED
    { 8, 15, 126, 0, 14, 30, 5488 }, // U+00EE
    { 7, 15, 126, 0, 14, 27, 5518 }, // U+00EF
    { 19, 23, 244, -1, 21, 110, 5545 }, // U+00F0
    { 16, 17, 260, -1, 15, 68, 5655 }, // U+00F1
    { 14, 16, 222, -1, 15, 56, 5723 }, // U+00F2
    { 14, 16, 222, -1, 15, 56, 5779 }, // U+00F3
    { 14, 16, 222, -1, 15, 56, 5835 }, // U+00F4
    { 14, 16, 222, -1, 15, 56, 5891 }, // U+00F5
    { 14, 15, 222, -1, 14, 53, 5947 }, // U+00F6
    { 9, 9, 216, 2, 12, 21, 6000 }, // U+00F7
    { 17, 17, 222, -2, 14, 73, 6021 }, // U+00F8
    { 14, 15, 246, 0, 14, 53, 6094 }, // U+00F9
    { 14, 15, 246, 0, 14, 53, 6147 }, // U+00FA
    { 14, 16, 246, 0, 15, 56, 6200 }, // U+00FB
    { 14, 16, 246, 0, 15, 56, 6256 }, // U+00FC
    { 18, 21, 270, -1, 14, 95, 6312 }, // U+00FD
    { 16, 28, 246, -2, 21, 112, 6407 }, // U+00FE
    { 18, 22, 270, -1, 15, 99, 6519 }, // U+00FF
    { 22, 22, 372, -1, 21, 121, 0 }, // U+0100
    { 13, 15, 225, -1, 14, 49, 121 }, // U+0101
    { 22, 22, 372, -1, 21, 121, 170 }, // U+0102
    { 13, 16, 225, -1, 15, 52, 291 }, // U+0103
    { 22, 23, 372, -1, 19, 127, 343 }, // U+0104
    { 13, 16, 225, -1, 12, 52, 470 }, // U+0105
    { 18, 22, 298, 0, 21, 99, 522 }, // U+0106
    { 13, 16, 208, -1, 15, 52, 621 }, // U+0107
    { 18, 22, 298, 0, 21, 99, 673 }, // U+0108
    { 13, 16, 208, -1, 15, 52, 772 }, // U+0109
    { 18, 22, 298, 0, 21, 99, 824 }, // U+010A
    { 13, 16, 208, -1, 15, 52, 923 }, // U+010B
    { 18, 22, 298, 0, 21, 99, 975 }, // U+010C
    { 13, 16, 208, -1, 15, 52, 1074 }, // U+010D
    { 22, 22, 336, -1, 21, 121, 1126 }, // U+010E
    { 19, 23, 244, -1, 21, 110, 1247 }, // U+010F
    { 22, 20, 336, -1, 19, 110, 1357 }, // U+0110
    { 19, 23, 244, -1, 21, 110, 1467 }, // U+0111
    { 20, 22, 292, -1, 21, 110, 1577 }, // U+0112
    { 12, 15, 200, -1, 14, 45, 1687 }, // U+0113
    { 20, 23, 292, -1, 22, 115, 1732 }, // U+0114
    { 12, 16, 200, -1, 15, 48, 1847 }, // U+0115
    { 20, 23, 292, -1, 22, 115, 1895 }, // U+0116
    { 12, 15, 200, -1, 14, 45, 2010 }, // U+0117
    { 20, 23, 292, -1, 19, 115, 2055 }, // U+0118
    { 12, 16, 200, -1, 12, 48, 2170 }, // U+0119
    { 20, 22, 292, -1, 21, 110, 2218 }, // U+011A
    { 12, 16, 200, -1, 15, 48, 2328 }, // U+011B
    { 18, 22, 300, 0, 21, 99, 2376 }, // U+011C
    { 17, 23, 238, -2, 15, 98, 2475 }, // U+011D
    { 18, 23, 300, 0, 22, 104, 2573 }, // U+011E
    { 17, 23, 238, -2, 15, 98, 2677 }, // U+011F
    { 18, 22, 300, 0, 21, 99, 2775 }, // U+0120
    { 17, 23, 238, -2, 15, 98, 2874 }, // U+0121
    { 18, 23, 300, 0, 19, 104, 2972 }, // U+0122
    { 17, 23, 238, -2, 12, 98, 3076 }, // U+0123
    { 25, 22, 364, -1, 21, 138, 3174 }, // U+0124
    { 15, 25, 256, -1, 23, 94, 3312 }, // U+0125
    { 25, 20, 364, -1, 19, 125, 3406 }, // U+0126
    { 15, 23, 256, -1, 21, 87, 3531 }, // U+0127
    { 13, 22, 166, -1, 21, 72, 3618 }, // U+0128
    { 10, 16, 126, 0, 15, 40, 3690 }, // U+0129
    { 12, 22, 166, -1, 21, 66, 3730 }, // U+012A
    { 8, 15, 126, 0, 14, 30, 3796 }, // U+012B
    { 12, 23, 166, -1, 22, 69, 3826 }, // U+012C
    { 9, 16, 126, 0, 15, 36, 3895 }, // U+012D
    { 12, 23, 166, -1, 19, 69, 3931 }, // U+012E
    { 7, 20, 126, -1, 16, 35, 4000 }, // U+012F
    { 12, 23, 166, -1, 22, 69, 4035 }, // U+0130
    { 6, 13, 126, 0, 12, 20, 4104 }, // U+0131
    { 25, 20, 374, -1, 19, 125, 4124 }, // U+0132
    { 13, 23, 209, 0, 16, 75, 4249 }, // U+0133
    { 17, 22, 240, -1, 21, 94, 4324 }, // U+0134
    { 11, 21, 111, -4, 14, 58, 4418 }, // U+0135
    { 22, 23, 315, -1, 19, 127, 4476 }, // U+0136
    { 16, 25, 255, -1, 21, 100, 4603 }, // U+0137
    { 18, 22, 295, -1, 21, 99, 4703 }, // U+0139
    { 9, 25, 138, 1, 23, 57, 4802 }, // U+013A
    { 18, 23, 295, -1, 19, 104, 4859 }, // U+013B
    { 9, 24, 138, -1, 21, 54, 4963 }, // U+013C
    { 18, 22, 295, -1, 21, 99, 5017 }, // U+013D
    { 11, 21, 138, 1, 21, 58, 5116 }, // U+013E
    { 21, 20, 355, -1, 19, 105, 5174 }, // U+013F
    { 10, 22, 198, 1, 21, 55, 5279 }, // U+0140
    { 18, 20, 295, -1, 19, 90, 5334 }, // U+0141
    { 10, 22, 138, 0, 21, 55, 5424 }, // U+0142
    { 25, 22, 364, -1, 21, 138, 5479 }, // U+0143
    { 16, 16, 260, -1, 14, 64, 5617 }, // U+0144
    { 25, 23, 364, -1, 19, 144, 5681 }, // U+0145
    { 16, 16, 260, -1, 12, 64, 5825 }, // U+0146
    { 25, 22, 364, -1, 21, 138, 5889 }, // U+0147
    { 16, 16, 260, -1, 14, 64, 6027 }, // U+0148
    { 18, 24, 280, -2, 22, 108, 6091 }, // U+0149
    { 25, 27, 364, -1, 19, 169, 6199 }, // U+014A
    { 16, 20, 260, -1, 12, 80, 6368 }, // U+014B
    { 20, 22, 342, 1, 21, 110, 6448 }, // U+014C
    { 14, 15, 222, -1, 14, 53, 6558 }, // U+014D
    { 20, 23, 342, 1, 22, 115, 6611 }, // U+014E
    { 14, 16, 222, -1, 15, 56, 6726 }, // U+014F
    { 20, 22, 342, 1, 21, 110, 6782 }, // U+0150
    { 14, 16, 222, -1, 15, 56, 6892 }, // U+0151
    { 36, 20, 569, 1, 19, 180, 6948 }, // U+0152
    { 23, 13, 370, -1, 12, 75, 7128 }, // U+0153
    { 21, 22, 323, -1, 21, 116, 7203 }, // U+0154
    { 14, 16, 208, -1, 15, 56, 7319 }, // U+0155
    { 21, 23, 323, -1, 19, 121, 7375 }, // U+0156
    { 14, 15, 208, -1, 12, 53, 7496 }, // U+0157
    { 21, 22, 323, -1, 21, 116, 7549 }, // U+0158
    { 14, 16, 208, -1, 15, 56, 7665 }, // U+0159
    { 17, 22, 258, -1, 21, 94, 7721 }, // U+015A
    { 12, 16, 177, -1, 15, 48, 7815 }, // U+015B
    { 17, 22, 258, -1, 21, 94, 7863 }, // U+015C
    { 12, 16, 177, -1, 15, 48, 7957 }, // U+015D
    { 17, 24, 258, -1, 19, 102, 8005 }, // U+015E
    { 12, 16, 177, -1, 12, 48, 8107 }, // U+015F
    { 17, 22, 258, -1, 21, 94, 8155 }, // U+0160
    { 12, 16, 177, -1, 15, 48, 8249 }, // U+0161
    { 19, 25, 317, 2, 19, 119, 8297 }, // U+0162
    { 10, 23, 184, 0, 17, 58, 8416 }, // U+0163
    { 19, 22, 317, 2, 21, 105, 8474 }, // U+0164
    { 16, 18, 184, 0, 17, 72, 8579 }, // U+0165
    { 19, 20, 317, 2, 19, 95, 8651 }, // U+0166
    { 11, 18, 184, -1, 17, 50, 8746 }, // U+0167
    { 22, 23, 374, 2, 22, 127, 8796 }, // U+0168
    { 14, 16, 246, 0, 15, 56, 8923 }, // U+0169
    { 22, 22, 374, 2, 21, 121, 8979 }, // U+016A
    { 14, 15, 246, 0, 14, 53, 9100 }, // U+016B
    { 22, 23, 374, 2, 22, 127, 9153 }, // U+016C
    { 14, 16, 246, 0, 15, 56, 9280 }, // U+016D
    { 22, 24, 374, 2, 23, 132, 9336 }, // U+016E
    { 14, 17, 246, 0, 16, 60, 9468 }, // U+016F
    { 22, 22, 374, 2, 21, 121, 9528 }, // U+0170
    { 14, 15, 246, 0, 14, 53, 9649 }, // U+0171
    { 22, 23, 374, 2, 19, 127, 9702 }, // U+0172
    { 14, 16, 246, 0, 12, 56, 9829 }, // U+0173
    { 32, 22, 522, 2, 21, 176, 9885 }, // U+0174
    { 24, 15, 382, 0, 14, 90, 10061 }, // U+0175
    { 19, 24, 327, 2, 23, 114, 10151 }, // U+0176
    { 18, 23, 270, -1, 16, 104, 10265 }, // U+0177
    { 19, 22, 327, 2, 21, 105, 10369 }, // U+0178
    { 20, 22, 287, -1, 21, 110, 10474 }, // U+0179
    { 14, 15, 210, -1, 14, 53, 10584 }, // U+017A
    { 20, 22, 287, -1, 21, 110, 10637 }, // U+017B
    { 14, 16, 210, -1, 15, 56, 10747 }, // U+017C
    { 20, 22, 287, -1, 21, 110, 10803 }, // U+017D
    { 14, 15, 210, -1, 14, 53, 10913 }, // U+017E
    { 22, 22, 372, -1, 21, 121, 0 }, // U+01CD
    { 13, 18, 225, -1, 17, 59, 121 }, // U+01CE
    { 12, 22, 166, -1, 21, 66, 180 }, // U+020A
    { 7, 18, 135, 0, 17, 32, 246 }, // U+020B
    { 17, 24, 258, -1, 19, 102, 278 }, // U+0218
    { 12, 16, 177, -1, 12, 48, 380 }, // U+0219
    { 19, 25, 317, 2, 19, 119, 428 }, // U+021A
    { 10, 23, 184, 0, 17, 58, 547 }, // U+021B
    { 6, 7, 0, -1, 19, 11, 0 }, // U+0301
    { 6, 7, 0, -1, 19, 11, 11 }, // U+0312
    { 6, 7, 0, -1, 19, 11, 22 }, // U+0313
    { 6, 7, 0, -1, 19, 11, 33 }, // U+0314
    { 6, 7, 0, -1, 19, 11, 44 }, // U+0315
    { 6, 7, 0, -1, 19, 11, 55 }, // U+0341
    { 6, 7, 0, -1, 19, 11, 66 }, // U+0343
    { 20, 23, 288, -1, 22, 115, 0 }, // U+0401
    { 18, 20, 290, 0, 19, 90, 115 }, // U+0404
    { 12, 20, 162, -1, 19, 60, 205 }, // U+0406
    { 12, 23, 169, 0, 22, 69, 265 }, // U+0407
    { 22, 20, 372, -1, 19, 110, 334 }, // U+0410
    { 20, 20, 304, -1, 19, 100, 444 }, // U+0411
    { 20, 20, 303, -1, 19, 100, 544 }, // U+0412
    { 19, 20, 268, -1, 19, 95, 644 }, // U+0413
    { 24, 24, 336, -2, 19, 144, 739 }, // U+0414
    { 20, 20, 292, -1, 19, 100, 883 }, // U+0415
    { 31, 20, 464, -1, 19, 155, 983 }, // U+0416
    { 17, 20, 265, -1, 19, 85, 1138 }, // U+0417
    { 23, 20, 363, 1, 19, 115, 1223 }, // U+0418
    { 23, 25, 363, 1, 24, 144, 1338 }, // U+0419
    { 22, 20, 311, -1, 19, 110, 1482 }, // U+041A
    { 23, 20, 335, -1, 19, 115, 1592 }, // U+041B
    { 28, 20, 412, -1, 19, 140, 1707 }, // U+041C
    { 25, 20, 364, -1, 19, 125, 1847 }, // U+041D
    { 21, 20, 334, 0, 19, 105, 1972 }, // U+041E
    { 25, 20, 364, -1, 19, 125, 2077 }, // U+041F
    { 21, 20, 303, -1, 19, 105, 2202 }, // U+0420
    { 18, 20, 290, 0, 19, 90, 2307 }, // U+0421
    { 19, 20, 317, 2, 19, 95, 2397 }, // U+0422
    { 21, 20, 350, 2, 19, 105, 2492 }, // U+0423
    { 21, 22, 338, 0, 20, 116, 2597 }, // U+0424
    { 23, 20, 342, -1, 19, 115, 2713 }, // U+0425
    { 25, 24, 364, -1, 19, 150, 2828 }, // U+0426
    { 20, 20, 331, 2, 19, 100, 2978 }, // U+0427
    { 33, 20, 494, -1, 19, 165, 3078 }, // U+0428
    { 33, 24, 494, -1, 19, 198, 3243 }, // U+0429
    { 19, 20, 331, 1, 19, 95, 3441 }, // U+042A
    { 30, 20, 451, -1, 19, 150, 3536 }, // U+042B
    { 19, 20, 299, -1, 19, 95, 3686 }, // U+042C
    { 19, 20, 286, -1, 19, 95, 3781 }, // U+042D
    { 30, 20, 462, -1, 19, 150, 3876 }, // U+042E
    { 22, 20, 323, -1, 19, 110, 4026 }, // U+042F
    { 13, 13, 213, -1, 12, 43, 4136 }, // U+0430
    { 14, 18, 196, -1, 17, 63, 4179 }, // U+0431
    { 14, 13, 219, -1, 12, 46, 4242 }, // U+0432
    { 14, 13, 208, -1, 12, 46, 4288 }, // U+0433
    { 16, 17, 259, -2, 12, 68, 4334 }, // U+0434
    { 12, 13, 188, -1, 12, 39, 4402 }, // U+0435
    { 22, 13, 360, -1, 12, 72, 4441 }, // U+0436
    { 12, 13, 183, -1, 12, 39, 4513 }, // U+0437
    { 14, 13, 252, 0, 12, 46, 4552 }, // U+0438
    { 14, 18, 252, 0, 17, 63, 4598 }, // U+0439
    { 16, 13, 255, -1, 12, 52, 4661 }, // U+043A
    { 15, 13, 253, -1, 12, 49, 4713 }, // U+043B
    { 21, 13, 317, -1, 12, 69, 4762 }, // U+043C
    { 17, 13, 263, -1, 12, 56, 4831 }, // U+043D
    { 14, 13, 222, -1, 12, 46, 4887 }, // U+043E
    { 17, 13, 263, -1, 12, 56, 4933 }, // U+043F
    { 17, 19, 243, -3, 12, 81, 4989 }, // U+0440
    { 13, 13, 200, -1, 12, 43, 5070 }, // U+0441
    { 13, 13, 220, 0, 12, 43, 5113 }, // U+0442
    { 19, 19, 262, -2, 12, 91, 5156 }, // U+0443
    { 16, 25, 260, -1, 18, 100, 5247 }, // U+0444
    { 17, 13, 265, -1, 12, 56, 5347 }, // U+0445
    { 17, 17, 263, -1, 12, 73, 5403 }, // U+0446
    { 15, 13, 245, 0, 12, 49, 5476 }, // U+0447
    { 22, 13, 344, -1, 12, 72, 5525 }, // U+0448
    { 22, 17, 344, -1, 12, 94, 5597 }, // U+0449
    { 13, 13, 235, 0, 12, 43, 5691 }, // U+044A
    { 21, 13, 323, -1, 12, 69, 5734 }, // U+044B
    { 14, 13, 216, -1, 12, 46, 5803 }, // U+044C
    { 13, 13, 200, -1, 12, 43, 5849 }, // U+044D
    { 21, 13, 322, -1, 12, 69, 5892 }, // U+044E
    { 16, 13, 238, -1, 12, 52, 5961 }, // U+044F
    { 12, 17, 192, -1, 16, 51, 6013 }, // U+0451
    { 13, 13, 200, -1, 12, 43, 6064 }, // U+0454
    { 7, 18, 126, 0, 17, 32, 6107 }, // U+0456
    { 8, 18, 132, 0, 17, 36, 6139 }, // U+0457
    { 19, 21, 268, -1, 20, 100, 6175 }, // U+0490
    { 14, 14, 208, -1, 13, 49, 6275 }, // U+0491
    { 0, 0, 200, 0, 0, 0, 0 }, // U+2002
    { 0, 0, 400, 0, 0, 0, 0 }, // U+2003
    { 0, 0, 80, 0, 0, 0, 0 }, // U+2009
    { 10, 3, 171, 0, 8, 8, 0 }, // U+2010
    { 10, 3, 171, 0, 8, 8, 8 }, // U+2011
    { 12, 3, 216, 0, 8, 9, 16 }, // U+2012
    { 12, 3, 216, 0, 8, 9, 25 }, // U+2013
    { 23, 3, 418, 1, 8, 18, 34 }, // U+2014
    { 27, 3, 416, -1, 8, 21, 52 }, // U+2015
    { 7, 20, 280, 5, 19, 35, 73 }, // U+2016
    { 5, 7, 104, 2, 19, 9, 108 }, // U+2018
    { 5, 7, 104, 2, 19, 9, 117 }, // U+2019
    { 5, 7, 104, -1, 3, 9, 126 }, // U+201A
    { 5, 7, 104, 2, 19, 9, 135 }, // U+201B
    { 9, 7, 160, 2, 19, 16, 144 }, // U+201C
    { 9, 7, 160, 2, 19, 16, 160 }, // U+201D
    { 9, 7, 160, -1, 3, 16, 176 }, // U+201E
    { 9, 7, 160, 2, 19, 16, 192 }, // U+201F
    { 9, 21, 230, 3, 19, 48, 208 }, // U+2020
    { 10, 21, 231, 2, 19, 53, 256 }, // U+2021
    { 9, 9, 184, 1, 12, 21, 309 }, // U+2022
    { 10, 10, 200, 1, 13, 25, 330 }, // U+2023
    { 5, 4, 104, -1, 3, 5, 355 }, // U+2024
    { 5, 4, 104, -1, 3, 5, 360 }, // U+2025
    { 17, 4, 308, -1, 3, 17, 365 }, // U+2026
    { 6, 4, 104, 0, 10, 6, 382 }, // U+2027
    { 23, 20, 508, 2, 19, 115, 388 }, // U+2030
    { 7, 8, 116, 1, 19, 14, 503 }, // U+2032
    { 10, 8, 164, 1, 19, 20, 517 }, // U+2033
    { 13, 8, 212, 1, 19, 26, 537 }, // U+2034
    { 6, 8, 104, 0, 19, 12, 563 }, // U+2035
    { 6, 10, 124, 1, 13, 15, 575 }, // U+2039
    { 7, 10, 124, 0, 13, 18, 590 }, // U+203A
    { 11, 3, 216, 1, 9, 9, 608 }, // U+2043
    { 12, 16, 136, 0, 14, 48, 617 }, // U+2044
    { 9, 9, 184, 1, 12, 21, 665 }, // U+204C
    { 9, 9, 184, 1, 12, 21, 686 }, // U+204D
    { 9, 9, 184, 1, 12, 21, 707 }, // U+2055
    { 10, 14, 182, 1, 20, 35, 0 }, // U+2070
    { 10, 12, 176, 0, 19, 30, 35 }, // U+2074
    { 11, 12, 175, 0, 19, 33, 65 }, // U+2075
    { 11, 12, 178, 0, 19, 33, 98 }, // U+2076
    { 10, 12, 170, 1, 19, 30, 131 }, // U+2077
    { 10, 12, 179, 1, 19, 30, 161 }, // U+2078
    { 11, 12, 170, 0, 19, 33, 191 }, // U+2079
    { 9, 7, 160, 1, 15, 16, 224 }, // U+207A
    { 9, 3, 160, 1, 13, 7, 240 }, // U+207B
    { 10, 14, 182, -1, 10, 35, 247 }, // U+2080
    { 7, 12, 122, -2, 9, 21, 282 }, // U+2081
    { 11, 12, 172, -2, 9, 33, 303 }, // U+2082
    { 11, 12, 177, -2, 9, 33, 336 }, // U+2083
    { 10, 12, 176, -2, 9, 30, 369 }, // U+2084
    { 11, 12, 175, -2, 9, 33, 399 }, // U+2085
    { 11, 12, 178, -2, 9, 33, 432 }, // U+2086
    { 10, 12, 170, -1, 9, 30, 465 }, // U+2087
    { 10, 12, 179, -1, 9, 30, 495 }, // U+2088
    { 11, 12, 170, -2, 9, 33, 525 }, // U+2089
    { 9, 7, 160, -1, 5, 16, 558 }, // U+208A
    { 9, 3, 160, -1, 3, 7, 574 }, // U+208B
    { 34, 20, 523, 0, 19, 170, 0 }, // U+20A9
    { 22, 20, 330, -1, 19, 110, 170 }, // U+20AC
    { 21, 20, 303, -1, 19, 105, 280 }, // U+20B1
    { 18, 20, 258, -1, 19, 90, 385 }, // U+20B4
    { 20, 20, 317, 1, 19, 100, 475 }, // U+20B8
    { 22, 19, 323, -1, 18, 105, 575 }, // U+20B9
    { 18, 20, 295, -1, 19, 90, 680 }, // U+20BA
    { 21, 20, 304, -1, 19, 105, 770 }, // U+20BD
    { 20, 25, 303, -1, 21, 125, 875 }, // U+20BF
    { 14, 6, 248, -2, 10, 21, 0 }, // U+2190
    { 8, 19, 236, 4, 19, 38, 21 }, // U+2191
    { 14, 6, 248, 1, 10, 21, 59 }, // U+2192
    { 8, 19, 236, 2, 15, 38, 80 }, // U+2193
    { 15, 6, 240, -1, 10, 23, 118 }, // U+2194
    { 10, 25, 236, 2, 20, 63, 141 }, // U+2195
    { 13, 14, 287, 2, 14, 46, 204 }, // U+2196
    { 13, 14, 225, 0, 14, 46, 250 }, // U+2197
    { 13, 14, 287, 2, 14, 46, 296 }, // U+2198
    { 13, 14, 225, 0, 14, 46, 342 }, // U+2199
    { 15, 9, 264, 0, 12, 34, 388 }, // U+21D0
    { 10, 14, 257, 3, 15, 35, 422 }, // U+21D1
    { 15, 9, 264, 1, 12, 34, 457 }, // U+21D2
    { 10, 14, 257, 2, 14, 35, 491 }, // U+21D3
    { 17, 9, 256, -1, 12, 39, 526 }, // U+21D4
    { 21, 19, 381, 3, 18, 100, 0 }, // U+2200
    { 16, 19, 349, 3, 18, 76, 100 }, // U+2203
    { 12, 13, 252, 2, 14, 39, 176 }, // U+2205
    { 14, 14, 256, 0, 15, 49, 215 }, // U+2206
    { 14, 14, 256, 2, 14, 49, 264 }, // U+2207
    { 18, 19, 325, 1, 18, 86, 313 }, // U+2208
    { 12, 3, 240, 1, 9, 9, 399 }, // U+2212
    { 10, 11, 223, 2, 12, 28, 408 }, // U+2213
    { 11, 10, 188, 2, 21, 28, 436 }, // U+2217
    { 9, 7, 176, 1, 11, 16, 464 }, // U+2218
    { 9, 9, 184, 1, 12, 21, 480 }, // U+2219
    { 15, 13, 238, 0, 16, 49, 501 }, // U+221A
    { 16, 10, 267, 0, 12, 40, 550 }, // U+221E
    { 12, 14, 223, 1, 15, 42, 590 }, // U+2220
    { 6, 14, 270, 5, 15, 21, 632 }, // U+2225
    { 15, 14, 248, -1, 15, 53, 653 }, // U+2227
    { 14, 14, 248, 2, 15, 49, 706 }, // U+2228
    { 10, 12, 257, 2, 13, 30, 755 }, // U+2234
    { 11, 12, 257, 3, 13, 33, 785 }, // U+2235
    { 9, 8, 172, 0, 12, 18, 818 }, // U+2248
    { 10, 12, 172, 0, 12, 30, 836 }, // U+2260
    { 10, 9, 277, 3, 12, 23, 866 }, // U+2261
    { 15, 15, 236, -1, 13, 57, 889 }, // U+2264
    { 15, 15, 236, -1, 13, 57, 946 }, // U+2265
    { 11, 14, 252, 1, 15, 39, 1003 }, // U+22A5
    { 6, 5, 104, 0, 10, 8, 1042 }, // U+22C5
};

static const EpdUnicodeInterval edslab_12_bolditalicIntervals[] = {
    { 0x20, 0x7E, 0x0 },
    { 0xA0, 0x137, 0x5F },
    { 0x139, 0x17E, 0xF7 },
    { 0x1CD, 0x1CE, 0x13D },
    { 0x20A, 0x20B, 0x13F },
    { 0x218, 0x21B, 0x141 },
    { 0x301, 0x301, 0x145 },
    { 0x312, 0x315, 0x146 },
    { 0x341, 0x341, 0x14A },
    { 0x343, 0x343, 0x14B },
    { 0x401, 0x401, 0x14C },
    { 0x404, 0x404, 0x14D },
    { 0x406, 0x407, 0x14E },
    { 0x410, 0x44F, 0x150 },
    { 0x451, 0x451, 0x190 },
    { 0x454, 0x454, 0x191 },
    { 0x456, 0x457, 0x192 },
    { 0x490, 0x491, 0x194 },
    { 0x2002, 0x2003, 0x196 },
    { 0x2009, 0x2009, 0x198 },
    { 0x2010, 0x2016, 0x199 },
    { 0x2018, 0x2027, 0x1A0 },
    { 0x2030, 0x2030, 0x1B0 },
    { 0x2032, 0x2035, 0x1B1 },
    { 0x2039, 0x203A, 0x1B5 },
    { 0x2043, 0x2044, 0x1B7 },
    { 0x204C, 0x204D, 0x1B9 },
    { 0x2055, 0x2055, 0x1BB },
    { 0x2070, 0x2070, 0x1BC },
    { 0x2074, 0x207B, 0x1BD },
    { 0x2080, 0x208B, 0x1C5 },
    { 0x20A9, 0x20A9, 0x1D1 },
    { 0x20AC, 0x20AC, 0x1D2 },
    { 0x20B1, 0x20B1, 0x1D3 },
    { 0x20B4, 0x20B4, 0x1D4 },
    { 0x20B8, 0x20BA, 0x1D5 },
    { 0x20BD, 0x20BD, 0x1D8 },
    { 0x20BF, 0x20BF, 0x1D9 },
    { 0x2190, 0x2199, 0x1DA },
    { 0x21D0, 0x21D4, 0x1E4 },
    { 0x2200, 0x2200, 0x1E9 },
    { 0x2203, 0x2203, 0x1EA },
    { 0x2205, 0x2208, 0x1EB },
    { 0x2212, 0x2213, 0x1EF },
    { 0x2217, 0x221A, 0x1F1 },
    { 0x221E, 0x221E, 0x1F5 },
    { 0x2220, 0x2220, 0x1F6 },
    { 0x2225, 0x2225, 0x1F7 },
    { 0x2227, 0x2228, 0x1F8 },
    { 0x2234, 0x2235, 0x1FA },
    { 0x2248, 0x2248, 0x1FC },
    { 0x2260, 0x2261, 0x1FD },
    { 0x2264, 0x2265, 0x1FF },
    { 0x22A5, 0x22A5, 0x201 },
    { 0x22C5, 0x22C5, 0x202 },
};

static const EpdFontGroup edslab_12_bolditalicGroups[] = {
    { 0, 3410, 7328, 95, 0 },
    { 3410, 2510, 7203, 96, 95 },
    { 5920, 3482, 11976, 126, 191 },
    { 9402, 372, 668, 8, 317 },
    { 9774, 18, 98, 7, 325 },
    { 9792, 2790, 6830, 74, 332 },
    { 12582, 440, 868, 38, 406 },
    { 13022, 276, 672, 21, 444 },
    { 13298, 530, 1079, 9, 465 },
    { 13828, 345, 648, 15, 474 },
    { 14173, 606, 1161, 26, 489 },
};

static const uint16_t edslab_12_bolditalicKernLeftCodepoints[] = {
    0x0020, 0x0022, 0x002D, 0x0030, 0x0031, 0x0032, 0x0033, 0x0034, 0x0035, 0x0036, 0x0037, 0x0038,
    0x0039, 0x0041, 0x0042, 0x0043, 0x0044, 0x0045, 0x0046, 0x0047, 0x0048, 0x0049, 0x004A, 0x004B,
    0x004C, 0x004D, 0x004E, 0x004F, 0x0050, 0x0051, 0x0052, 0x0053, 0x0054, 0x0055, 0x0056, 0x0057,
    0x0059, 0x005A, 0x0061, 0x0062, 0x0063, 0x0064, 0x0065, 0x0066, 0x0067, 0x0068, 0x0069, 0x006A,
    0x006B, 0x006C, 0x006D, 0x006E, 0x006F, 0x0070, 0x0071, 0x0072, 0x0073, 0x0074, 0x0075, 0x0076,
    0x0077, 0x0079, 0x007A, 0x0401, 0x0410, 0x0411, 0x0412, 0x0413, 0x0414, 0x0415, 0x0416, 0x0417,
    0x0418, 0x0419, 0x041A, 0x041B, 0x041C, 0x041D, 0x041E, 0x041F, 0x0420, 0x0421, 0x0422, 0x0423,
    0x0424, 0x0425, 0x0426, 0x0427, 0x0428, 0x0429, 0x042A, 0x042B, 0x042C, 0x042D, 0x042E, 0x042F,
    0x0430, 0x0431, 0x0432, 0x0433, 0x0434, 0x0435, 0x0436, 0x0437, 0x0438, 0x0439, 0x043A, 0x043B,
    0x043C, 0x043D, 0x043E, 0x043F, 0x0440, 0x0441, 0x0442, 0x0443, 0x0444, 0x0445, 0x0446, 0x0447,
    0x0448, 0x0449, 0x044A, 0x044B, 0x044C, 0x044D, 0x044E, 0x044F, 0x0451,
};

static const uint8_t edslab_12_bolditalicKernLeftClassIds[] = {
      1,   2,   3,   4,   5,   6,   7,   8,   9,  10,  11,  12,  13,  14,  15,  16,
     17,  18,  19,  20,  21,  22,  23,  24,  25,  26,  27,  28,  29,  30,  31,  32,
     33,  34,  35,  36,  37,  38,  39,  40,  41,  42,  43,  44,  45,  46,  47,  48,
     49,  50,  51,  52,  53,  54,  55,  56,  57,  58,  59,  60,  61,  62,  63,  64,
     65,  66,  67,  68,  69,  70,  71,  72,  73,  74,  75,  76,  77,  78,  79,  80,
     81,  82,  83,  84,  85,  86,  87,  88,  89,  90,  91,  92,  93,  94,  95,  96,
     97,  98,  99, 100, 101, 102, 103, 104, 105, 106, 107, 108, 109, 110, 111, 112,
    113, 114, 115, 116, 117, 118, 119, 120, 121, 122, 123, 124, 125, 126, 127, 128,
    129,
};

static const uint16_t edslab_12_bolditalicKernRightCodepoints[] = {
    0x0022, 0x002D, 0x0030, 0x0031, 0x0032, 0x0033, 0x0034, 0x0035, 0x0036, 0x0037, 0x0038, 0x0039,
    0x0041, 0x0042, 0x0043, 0x0044, 0x0045, 0x0046, 0x0047, 0x0048, 0x0049, 0x004A, 0x004B, 0x004C,
    0x004D, 0x004E, 0x004F, 0x0050, 0x0051, 0x0052, 0x0053, 0x0054, 0x0055, 0x0056, 0x0057, 0x0059,
    0x005A, 0x0061, 0x0062, 0x0063, 0x0064, 0x0065, 0x0066, 0x0067, 0x0068, 0x0069, 0x006A, 0x006B,
    0x006C, 0x006D, 0x006E, 0x006F, 0x0070, 0x0071, 0x0072, 0x0073, 0x0074, 0x0075, 0x0076, 0x0077,
    0x0079, 0x007A, 0x0401, 0x0410, 0x0411, 0x0412, 0x0413, 0x0414, 0x0415, 0x0416, 0x0417, 0x0418,
    0x0419, 0x041A, 0x041B, 0x041C, 0x041D, 0x041E, 0x041F, 0x0420, 0x0421, 0x0422, 0x0423, 0x0424,
    0x0425, 0x0426, 0x0427, 0x0428, 0x0429, 0x042A, 0x042B, 0x042C, 0x042D, 0x042E, 0x042F, 0x0430,
    0x0431, 0x0432, 0x0433, 0x0434, 0x0435, 0x0436, 0x0437, 0x0438, 0x0439, 0x043A, 0x043B, 0x043C,
    0x043D, 0x043E, 0x043F, 0x0440, 0x0441, 0x0442, 0x0443, 0x0444, 0x0445, 0x0446, 0x0447, 0x0448,
    0x0449, 0x044A, 0x044B, 0x044C, 0x044D, 0x044E, 0x044F, 0x0451, 0x2025,
};

static const uint8_t edslab_12_bolditalicKernRightClassIds[] = {
      1,   2,   3,   4,   5,   6,   7,   8,   9,  10,  11,  12,  13,  14,  15,  16,
     17,  18,  19,  20,  21,  22,  23,  24,  25,  26,  27,  28,  29,  30,  31,  32,
     33,  34,  35,  36,  37,  38,  39,  40,  41,  42,  43,  44,  45,  46,  47,  48,
     49,  50,  51,  52,  53,  54,  55,  56,  57,  58,  59,  60,  61,  62,  63,  64,
     65,  66,  67,  68,  69,  70,  71,  72,  73,  74,  75,  76,  77,  78,  79,  80,
     81,  82,  83,  84,  85,  86,  87,  88,  89,  90,  91,  92,  93,  94,  95,  96,
     97,  98,  99, 100, 101, 102, 103, 104, 105, 106, 107, 108, 109, 110, 111, 112,
    113, 114, 115, 116, 117, 118, 119, 120, 121, 122, 123, 124, 125, 126, 127, 128,
    129,
};

static const uint16_t edslab_12_bolditalicKernRowOffsets[] = {
        0,     1,    77,   192,   204,   216,   228,   238,   248,   257,   267,   279,   290,   300,   355,   403,
      451,   501,   531,   582,   625,   659,   699,   731,   782,   827,   869,   921,   969,  1018,  1072,  1114,
     1160,  1214,  1268,  1322,  1376,  1430,  1480,  1508,  1530,  1556,  1584,  1608,  1636,  1665,  1692,  1720,
     1744,  1773,  1801,  1827,  1854,  1880,  1906,  1929,  1954,  1977,  2001,  2029,  2057,  2085,  2113,  2135,
     2153,  2220,  2267,  2314,  2380,  2427,  2446,  2506,  2557,  2598,  2634,  2684,  2718,  2752,  2787,  2840,
     2876,  2920,  2978,  3032,  3098,  3146,  3199,  3248,  3298,  3333,  3376,  3432,  3465,  3515,  3565,  3614,
     3650,  3674,  3696,  3721,  3748,  3782,  3807,  3841,  3864,  3898,  3928,  3955,  3989,  4009,  4033,  4064,
     4091,  4121,  4150,  4185,  4220,  4250,  4277,  4310,  4343,  4377,  4411,  4443,  4471,  4500,  4528,  4559,
     4593,  4621,
};

static const uint8_t edslab_12_bolditalicKernSparseCols[] = {
     81,   2,   4,   5,   6,   7,   8,  10,  12,  14,  18,  21,  26,  28,  30,  37,
     38,  39,  40,  41,  42,  43,  44,  45,  46,  47,  48,  49,  50,  51,  52,  53,
     54,  55,  60,  61,  63,  67,  69,  70,  74,  77,  80,  83,  92,  94,  95,  96,
     97,  98,  99, 100, 101, 102, 105, 106, 107, 108, 109, 110, 111, 112, 113, 114,
    115, 116, 117, 118, 119, 120, 121, 122, 123, 124, 125, 126, 127,   3,   4,   5,
      6,   7,   8,   9,  10,  12,  13,  14,  15,  16,  17,  18,  19,  20,  21,  22,
     23,  24,  25,  26,  27,  29,  30,  31,  32,  33,  34,  35,  36,  37,  38,  39,
     42,  44,  45,  46,  47,  48,  49,  50,  51,  52,  53,  54,  55,  56,  57,  58,
     59,  60,  61,  62,  63,  64,  65,  66,  67,  68,  70,  71,  72,  73,  74,  75,
     76,  78,  79,  80,  81,  82,  83,  84,  85,  86,  87,  88,  89,  90,  91,  92,
     93,  94,  96,  97,  98,  99, 100, 101, 102, 103, 105, 106, 107, 108, 109, 110,
    111, 112, 113, 114, 116, 117, 118, 119, 120, 121, 122, 123, 124, 125, 126, 127,
      0,   1,   2,   4,   5,   6,   7,   8,   9,  10,  11, 128,   0,   1,   2,   3,
      4,   5,   6,   7,   8,   9,  10,  11,   0,   1,   2,   3,   4,   5,   6,   7,
      8,   9,  10,  11,   1,   2,   3,   4,   5,   6,   7,   8,   9, 128,   0,   1,
      2,   3,   4,   5,   6,   7,   9,  10,   1,   4,   5,   6,   7,   9,  10,  11,
    128,   1,   2,   3,   4,   5,   7,   9,  10,  11, 128,   1,   2,   3,   4,   5,
      6,   7,   8,   9,  10,  11, 128,   0,   1,   2,   3,   4,   5,   7,   9,  10,
     11, 128,   1,   2,   4,   5,   6,   7,   8,   9,  10, 128,   0,   1,  12,  13,
     14,  15,  16,  17,  18,  19,  20,  21,  22,  23,  24,  25,  26,  27,  28,  29,
     30,  31,  32,  33,  34,  35,  36,  37,  38,  39,  40,  41,  42,  43,  44,  45,
     46,  47,  48,  49,  50,  51,  52,  53,  54,  55,  56,  57,  58,  59,  60,  61,
     84, 116, 128,   1,  12,  13,  14,  15,  16,  17,  19,  20,  21,  22,  23,  24,
     25,  26,  27,  28,  29,  31,  32,  33,  34,  35,  36,  37,  38,  39,  40,  41,
     42,  43,  44,  45,  46,  47,  48,  49,  50,  51,  52,  53,  54,  55,  56,  60,
     84, 116, 128,   0,   1,  12,  13,  14,  15,  16,  17,  18,  19,  22,  23,  24,
     25,  26,  27,  29,  30,  31,  32,  33,  34,  35,  36,  37,  38,  41,  42,  43,
     44,  45,  46,  47,  48,  49,  50,  51,  52,  54,  56,  57,  58,  59,  60,  61,
     84, 116, 128,   1,  12,  13,  14,  16,  17,  18,  19,  20,  21,  22,  23,  24,
     25,  26,  27,  28,  29,  30,  31,  32,  33,  34,  35,  36,  37,  38,  39,  40,
     41,  42,  43,  44,  45,  46,  47,  49,  50,  51,  52,  53,  55,  56,  57,  58,
     59,  60,  84, 116, 128,   1,  12,  14,  18,  23,  26,  28,  31,  32,  33,  34,
     35,  37,  38,  43,  45,  46,  47,  48,  50,  51,  52,  53,  55,  56,  57,  58,
     59,  60, 116,   1,  12,  13,  14,  15,  16,  17,  18,  19,  20,  21,  22,  25,
     26,  27,  28,  29,  31,  32,  33,  34,  35,  36,  37,  38,  39,  40,  41,  42,
     43,  44,  45,  46,  47,  48,  49,  50,  51,  52,  53,  54,  55,  56,  57,  58,
     59,  60,  61,  84, 116, 128,   0,   1,  12,  13,  14,  15,  16,  17,  18,  19,
     20,  21,  22,  23,  24,  25,  27,  29,  30,  31,  32,  33,  34,  35,  36,  38,
     42,  43,  44,  46,  47,  48,  49,  50,  52,  54,  55,  58,  60,  61,  84, 116,
    128,   1,  12,  14,  18,  21,  26,  28,  30,  31,  32,  33,  34,  35,  36,  37,
     38,  39,  40,  41,  49,  50,  51,  52,  53,  54,  55,  56,  57,  58,  59,  60,
     61,  84, 116,   1,  12,  14,  18,  21,  26,  28,  30,  31,  32,  33,  34,  35,
     37,  38,  39,  40,  41,  42,  43,  44,  45,  46,  47,  48,  49,  50,  51,  52,
     53,  54,  55,  56,  57,  58,  59,  60,  61,  84, 116,   0,   1,  12,  26,  28,
     30,  31,  33,  34,  35,  36,  37,  38,  40,  41,  42,  43,  44,  45,  46,  47,
     48,  49,  50,  54,  55,  57,  60,  61,  84, 116, 128,   1,  12,  14,  15,  17,
     18,  19,  20,  21,  22,  23,  24,  25,  26,  27,  28,  29,  30,  31,  32,  33,
     34,  35,  36,  37,  38,  39,  40,  41,  42,  43,  44,  45,  46,  47,  48,  49,
     50,  51,  52,  53,  54,  55,  56,  57,  58,  59,  60,  61,  84, 116,   0,   1,
     12,  13,  14,  15,  16,  18,  19,  21,  22,  24,  25,  26,  28,  29,  30,  31,
     32,  33,  34,  35,  36,  37,  38,  42,  43,  45,  46,  47,  48,  49,  50,  51,
     52,  54,  55,  56,  57,  58,  59,  60,  61,  84, 116,   1,  12,  14,  18,  21,
     26,  28,  30,  31,  32,  33,  34,  35,  36,  37,  38,  39,  40,  41,  42,  43,
     44,  45,  46,  47,  48,  49,  50,  51,  52,  53,  54,  55,  56,  57,  58,  59,
     60,  61,  84, 116, 128,   1,  12,  13,  14,  15,  16,  17,  18,  20,  21,  23,
     24,  25,  26,  27,  28,  29,  30,  31,  32,  33,  34,  35,  36,  37,  38,  39,
     40,  41,  42,  43,  44,  45,  46,  47,  48,  49,  50,  51,  52,  53,  54,  55,
     56,  57,  58,  59,  60,  61,  84, 116, 128,   0,   1,  12,  13,  14,  15,  16,
     17,  19,  20,  21,  22,  23,  24,  25,  26,  27,  28,  29,  30,  31,  32,  33,
     34,  35,  36,  37,  38,  42,  43,  44,  45,  46,  47,  48,  49,  50,  51,  52,
     54,  55,  58,  59,  60,  61,  84, 116, 128,   0,   1,  12,  13,  14,  15,  16,
     17,  18,  19,  20,  21,  22,  23,  24,  25,  26,  27,  28,  29,  30,  31,  32,
     33,  34,  35,  36,  37,  38,  39,  40,  41,  43,  44,  45,  46,  47,  48,  49,
     50,  51,  53,  55,  56,  60,  61,  84, 116, 128,   0,   1,  12,  13,  14,  15,
     16,  17,  18,  19,  20,  21,  22,  23,  24,  25,  26,  27,  28,  29,  30,  31,
     32,  33,  34,  35,  36,  37,  38,  39,  40,  41,  42,  43,  44,  45,  46,  47,
     48,  49,  50,  51,  52,  53,  54,  55,  56,  57,  58,  59,  60,  61,  84, 116,
      0,   1,  12,  13,  14,  15,  17,  18,  19,  20,  21,  22,  23,  26,  27,  28,
     29,  31,  32,  33,  34,  35,  36,  37,  46,  47,  48,  49,  50,  51,  52,  53,
     54,  55,  56,  57,  58,  59,  60,  61,  84, 116,   0,   1,  12,  13,  14,  15,
     16,  17,  19,  20,  22,  23,  24,  25,  26,  27,  29,  30,  31,  32,  33,  34,
     35,  36,  38,  40,  41,  42,  43,  44,  45,  46,  47,  48,  49,  50,  52,  54,
     56,  57,  58,  59,  60,  61,  84, 116,   1,  12,  13,  14,  15,  16,  17,  18,
     19,  20,  21,  22,  23,  24,  25,  26,  27,  28,  29,  30,  31,  32,  33,  34,
     35,  36,  37,  38,  39,  40,  41,  42,  43,  44,  45,  46,  47,  48,  49,  50,
     51,  52,  53,  54,  55,  56,  57,  58,  59,  60,  61,  84, 116, 128,   1,  12,
     13,  14,  15,  16,  17,  18,  19,  20,  21,  22,  23,  24,  25,  26,  27,  28,
     29,  30,  31,  32,  33,  34,  35,  36,  37,  38,  39,  40,  41,  42,  43,  44,
     45,  46,  47,  48,  49,  50,  51,  52,  53,  54,  55,  56,  57,  58,  59,  60,
     61,  84, 116, 128,   1,  12,  13,  14,  15,  16,  17,  18,  19,  20,  21,  22,
     23,  24,  25,  26,  27,  28,  29,  30,  31,  32,  33,  34,  35,  36,  37,  38,
     39,  40,  41,  42,  43,  44,  45,  46,  47,  48,  49,  50,  51,  52,  53,  54,
     55,  56,  57,  58,  59,  60,  61,  84, 116, 128,   1,  12,  13,  14,  15,  16,
     17,  18,  19,  20,  21,  22,  23,  24,  25,  26,  27,  28,  29,  30,  31,  32,
     33,  34,  35,  36,  37,  38,  39,  40,  41,  42,  43,  44,  45,  46,  47,  48,
     49,  50,  51,  52,  53,  54,  55,  56,  57,  58,  59,  60,  61,  84, 116, 128,
      1,  12,  13,  14,  15,  16,  17,  18,  19,  20,  21,  22,  23,  24,  25,  26,
     27,  28,  29,  30,  31,  32,  33,  34,  35,  36,  37,  38,  39,  40,  41,  42,
     43,  44,  45,  46,  47,  48,  49,  50,  51,  52,  53,  54,  55,  56,  57,  58,
     59,  60,  61,  84, 116, 128,  12,  13,  14,  15,  16,  17,  18,  19,  20,  21,
     22,  23,  24,  25,  26,  27,  28,  29,  30,  31,  32,  33,  34,  35,  36,  37,
     38,  39,  40,  42,  43,  44,  45,  46,  47,  48,  49,  50,  51,  52,  54,  55,
     56,  57,  58,  59,  60,  61,  84, 116,   0,   1,  37,  38,  39,  40,  41,  42,
     43,  44,  45,  46,  47,  48,  49,  50,  51,  52,  53,  54,  55,  56,  57,  58,
     59,  60,  61, 116,   1,  37,  38,  41,  42,  43,  44,  46,  47,  48,  49,  50,
     52,  54,  56,  57,  58,  59,  60,  61, 116, 128,   0,   1,  37,  38,  39,  40,
     42,  43,  44,  46,  47,  48,  49,  50,  51,  52,  53,  54,  55,  56,  57,  58,
     59,  60,  61, 116,   1,  37,  38,  39,  40,  41,  42,  43,  44,  45,  46,  47,
     48,  49,  50,  51,  52,  53,  54,  55,  56,  57,  58,  59,  60,  61, 116, 128,
      0,   1,  37,  38,  42,  43,  44,  45,  46,  47,  48,  49,  50,  51,  52,  54,
     55,  56,  57,  58,  59,  60,  61, 116,   0,   1,  37,  38,  39,  40,  41,  42,
     43,  44,  46,  47,  48,  49,  50,  51,  52,  53,  54,  55,  56,  57,  58,  59,
     60,  61, 116, 128,   0,   1,  37,  38,  39,  40,  41,  42,  43,  44,  45,  46,
     47,  48,  49,  50,  51,  52,  53,  54,  55,  56,  57,  58,  59,  60,  61, 116,
    128,   0,   1,  37,  38,  39,  40,  41,  42,  43,  44,  45,  46,  47,  48,  49,
     50,  51,  52,  53,  54,  56,  57,  58,  59,  60,  61, 116,   0,   1,  37,  38,
     39,  40,  41,  42,  43,  44,  45,  46,  47,  48,  49,  50,  51,  52,  53,  54,
     55,  56,  57,  58,  59,  60,  61, 116,   0,   1,  38,  39,  40,  41,  43,  44,
     46,  47,  48,  49,  50,  51,  52,  53,  54,  55,  56,  58,  59,  60,  61, 116,
      0,   1,  37,  38,  39,  40,  41,  42,  43,  44,  45,  46,  47,  48,  49,  50,
     51,  52,  53,  54,  55,  56,  57,  58,  59,  60,  61, 116, 128,   0,  37,  38,
     39,  40,  41,  42,  43,  44,  45,  46,  47,  48,  49,  50,  51,  52,  53,  54,
     55,  56,  57,  58,  59,  60,  61, 116, 128,   0,   1,  37,  38,  39,  40,  42,
     43,  44,  45,  46,  47,  48,  49,  50,  51,  52,  54,  55,  56,  57,  58,  59,
     60,  61, 116,   0,   1,  37,  38,  39,  40,  41,  42,  43,  44,  45,  46,  47,
     48,  49,  50,  51,  52,  53,  54,  56,  57,  58,  59,  60,  61, 116,   0,   1,
     38,  40,  41,  42,  43,  44,  46,  47,  48,  49,  50,  51,  52,  53,  54,  55,
     56,  57,  58,  59,  60,  61, 116, 128,   0,   1,  37,  38,  39,  40,  41,  42,
     43,  44,  46,  47,  48,  49,  50,  52,  53,  54,  56,  57,  58,  59,  60,  61,
    116, 128,   0,   1,  38,  42,  43,  44,  46,  47,  48,  49,  50,  51,  52,  53,
     54,  55,  56,  57,  58,  59,  60,  61, 116,   0,   1,  37,  38,  39,  40,  41,
     42,  43,  44,  46,  47,  48,  49,  50,  51,  52,  53,  54,  56,  59,  60,  61,
    116, 128,   0,  37,  38,  40,  42,  43,  44,  45,  46,  47,  48,  49,  50,  52,
     54,  55,  56,  57,  58,  59,  60,  61, 116,   0,  37,  38,  42,  43,  44,  45,
     46,  47,  48,  49,  50,  51,  52,  53,  54,  55,  56,  57,  58,  59,  60,  61,
    116,   0,   1,  37,  38,  39,  40,  41,  42,  43,  44,  45,  46,  47,  48,  49,
     50,  51,  52,  53,  54,  55,  56,  57,  58,  59,  60,  61, 116,   1,  37,  38,
     39,  40,  41,  42,  43,  44,  45,  46,  47,  48,  49,  50,  51,  52,  53,  54,
     55,  56,  57,  58,  59,  60,  61, 116, 128,   1,  37,  38,  39,  40,  41,  42,
     43,  44,  45,  46,  47,  48,  49,  50,  51,  52,  53,  54,  55,  56,  57,  58,
     59,  60,  61, 116, 128,   1,  37,  38,  39,  40,  41,  42,  43,  44,  45,  46,
     47,  48,  49,  50,  51,  52,  53,  54,  55,  56,  57,  58,  59,  60,  61, 116,
    128,   0,  37,  38,  39,  42,  43,  44,  46,  47,  48,  50,  51,  52,  53,  54,
     56,  57,  58,  59,  60,  61, 116,   1,  63,  67,  70,  74,  77,  80,  81,  82,
     83,  86,  89,  92,  99, 106, 114, 118, 126,   0,   1,  62,  63,  64,  65,  66,
     67,  68,  69,  70,  71,  72,  73,  74,  75,  76,  77,  78,  79,  80,  81,  82,
     83,  85,  86,  87,  88,  89,  90,  91,  92,  93,  94,  95,  96,  97,  98,  99,
    100, 101, 102, 103, 104, 105, 106, 107, 108, 109, 110, 111, 112, 113, 114, 115,
    117, 118, 119, 120, 121, 122, 123, 124, 125, 126, 127, 128,   1,  62,  63,  64,
     65,  66,  67,  68,  70,  71,  72,  73,  75,  76,  78,  79,  80,  81,  82,  83,
     85,  86,  87,  88,  89,  90,  91,  92,  93,  94,  96,  99, 100, 102, 109, 111,
    112, 113, 114, 115, 118, 121, 122, 124, 125, 126, 127,   1,  62,  63,  64,  65,
     66,  67,  68,  69,  70,  71,  72,  73,  75,  76,  77,  78,  79,  80,  81,  82,
     83,  85,  86,  87,  88,  89,  90,  91,  92,  93,  95,  96,  99, 100, 103, 104,
    109, 111, 112, 113, 114, 115, 118, 121, 124, 127,   1,  62,  63,  64,  65,  66,
     67,  68,  69,  70,  71,  72,  73,  74,  75,  76,  77,  78,  79,  80,  81,  82,
     83,  85,  86,  87,  88,  89,  90,  91,  92,  93,  94,  95,  96,  97,  98,  99,
    100, 101, 102, 103, 104, 105, 106, 107, 108, 109, 110, 111, 112, 113, 114, 115,
    117, 118, 119, 120, 121, 122, 123, 124, 125, 126, 127, 128,   1,  62,  63,  64,
     65,  66,  67,  68,  69,  70,  71,  72,  73,  74,  75,  76,  77,  78,  79,  80,
     81,  82,  83,  85,  86,  87,  88,  89,  90,  92,  93,  94,  99, 101, 102, 103,
    104, 106, 109, 111, 114, 118, 121, 122, 123, 125, 126,   1,  63,  67,  69,  70,
     74,  77,  80,  81,  82,  86,  89,  92,  94,  99, 106, 114, 118, 126,   1,  62,
     63,  64,  65,  66,  67,  68,  69,  70,  71,  72,  73,  74,  75,  76,  77,  78,
     79,  80,  81,  82,  83,  85,  86,  87,  88,  89,  90,  91,  92,  93,  94,  95,
     97,  98,  99, 101, 102, 103, 104, 105, 106, 107, 108, 110, 111, 113, 114, 117,
    118, 119, 120, 121, 122, 123, 124, 125, 126, 128,   0,  62,  63,  64,  65,  66,
     67,  68,  69,  70,  71,  72,  73,  74,  75,  76,  78,  79,  81,  82,  83,  85,
     86,  87,  88,  89,  90,  91,  93,  94,  95,  96,  99, 100, 101, 102, 105, 106,
    109, 111, 112, 114, 115, 118, 120, 122, 123, 124, 126, 127, 128,   1,  63,  67,
     69,  70,  71,  72,  74,  77,  80,  81,  82,  83,  86,  89,  92,  94,  95,  98,
     99, 100, 101, 102, 103, 104, 105, 106, 109, 110, 111, 112, 113, 114, 115, 117,
    118, 121, 124, 125, 126, 127,   1,  63,  67,  69,  70,  71,  72,  74,  77,  80,
     81,  82,  83,  86,  89,  92,  94,  95,  99, 100, 101, 106, 109, 110, 111, 112,
    113, 114, 115, 117, 118, 121, 124, 125, 126, 127,   1,  63,  67,  69,  70,  71,
     72,  74,  77,  80,  81,  82,  83,  86,  89,  92,  94,  95,  96,  97,  98,  99,
    100, 101, 102, 103, 104, 105, 106, 107, 108, 109, 110, 111, 112, 113, 114, 115,
    117, 118, 119, 120, 121, 122, 123, 124, 125, 126, 127, 128,   1,  63,  67,  69,
     70,  71,  72,  74,  77,  80,  81,  82,  83,  86,  89,  92,  94,  95,  99, 101,
    102, 103, 104, 106, 109, 111, 112, 113, 114, 115, 118, 121, 124, 126,   1,  63,
     67,  69,  70,  71,  72,  74,  77,  80,  81,  82,  83,  86,  89,  92,  94,  95,
     99, 101, 102, 103, 104, 106, 109, 111, 112, 113, 114, 115, 118, 121, 124, 126,
      1,  63,  67,  69,  70,  71,  72,  74,  77,  80,  81,  82,  83,  86,  89,  92,
     94,  95,  99, 100, 101, 102, 103, 104, 106, 109, 111, 112, 113, 114, 115, 118,
    121, 124, 126,   0,  62,  63,  64,  65,  66,  67,  68,  69,  70,  71,  72,  73,
     74,  75,  76,  77,  78,  79,  80,  81,  82,  83,  85,  86,  87,  88,  89,  90,
     91,  93,  94,  95,  96,  97,  98,  99, 100, 102, 103, 104, 105, 106, 108, 109,
    112, 118, 121, 122, 124, 126, 127, 128,   1,  63,  67,  69,  70,  71,  72,  74,
     77,  80,  81,  82,  83,  86,  89,  92,  94,  99, 100, 101, 102, 103, 104, 106,
    109, 111, 112, 113, 114, 115, 117, 118, 121, 124, 126, 127,   1,  63,  67,  68,
     69,  70,  71,  72,  74,  80,  82,  83,  85,  86,  89,  91,  92,  94,  95,  96,
     99, 100, 101, 102, 105, 106, 107, 108, 109, 110, 111, 112, 115, 117, 118, 119,
    120, 122, 123, 124, 125, 126, 127, 128,   0,  62,  63,  64,  65,  66,  67,  68,
     69,  70,  71,  72,  73,  74,  75,  76,  77,  78,  79,  80,  81,  82,  83,  85,
     86,  87,  88,  89,  90,  91,  92,  93,  94,  95,  96,  97,  98,  99, 101, 102,
    103, 104, 105, 106, 107, 108, 110, 111, 112, 114, 115, 117, 118, 121, 123, 124,
    125, 126,   1,  63,  65,  67,  68,  69,  70,  71,  72,  74,  77,  79,  80,  81,
     82,  83,  86,  89,  90,  92,  94,  95,  96,  97,  98,  99, 100, 101, 102, 103,
    104, 105, 106, 107, 108, 109, 110, 111, 112, 113, 114, 115, 117, 118, 119, 120,
    121, 122, 123, 124, 125, 126, 127, 128,   1,  62,  63,  64,  65,  66,  67,  68,
     69,  70,  71,  72,  73,  74,  75,  76,  77,  78,  79,  80,  81,  82,  83,  85,
     86,  87,  88,  89,  90,  91,  92,  93,  94,  95,  96,  97,  98,  99, 100, 101,
    102, 103, 104, 105, 106, 107, 108, 109, 110, 111, 112, 113, 114, 115, 117, 118,
    119, 120, 121, 122, 123, 124, 125, 126, 127, 128,   1,  62,  63,  64,  65,  66,
     67,  68,  69,  70,  71,  72,  73,  74,  75,  76,  77,  78,  79,  80,  81,  82,
     83,  85,  86,  87,  89,  90,  91,  92,  93,  94,  96,  99, 100, 102, 103, 104,
    106, 109, 112, 113, 115, 118, 121, 125, 126, 127,   1,  12,  13,  14,  15,  16,
     17,  18,  19,  20,  21,  22,  23,  24,  25,  26,  27,  28,  29,  30,  31,  32,
     33,  34,  35,  36,  37,  38,  39,  40,  41,  42,  43,  44,  45,  46,  47,  48,
     49,  50,  51,  52,  53,  54,  55,  56,  57,  58,  59,  60,  61,  84, 116,   1,
     63,  67,  69,  70,  71,  72,  74,  77,  80,  81,  82,  83,  86,  89,  92,  93,
     94,  95,  97,  98,  99, 100, 101, 102, 103, 104, 105, 106, 107, 108, 109, 110,
    111, 112, 113, 114, 115, 117, 118, 119, 120, 121, 122, 123, 124, 125, 126, 127,
      1,  63,  67,  69,  70,  71,  72,  74,  77,  80,  81,  82,  83,  86,  89,  90,
     92,  93,  94,  95,  97,  98,  99, 100, 101, 102, 103, 104, 105, 106, 107, 108,
    109, 110, 111, 112, 113, 114, 115, 117, 118, 119, 120, 121, 122, 123, 124, 125,
    126, 127,   1,  63,  67,  69,  70,  71,  72,  74,  77,  81,  82,  83,  85,  86,
     89,  92,  94,  99, 101, 102, 103, 104, 106, 109, 111, 112, 113, 114, 115, 117,
    118, 123, 124, 125, 126,   1,  63,  67,  69,  70,  71,  72,  74,  77,  80,  81,
     82,  83,  86,  89,  92,  94,  97,  98,  99, 101, 102, 103, 104, 105, 106, 107,
    108, 109, 110, 111, 112, 113, 114, 115, 117, 118, 121, 122, 123, 124, 125, 126,
      0,   1,  62,  63,  64,  65,  66,  67,  68,  71,  72,  73,  75,  76,  77,  78,
     79,  80,  81,  82,  83,  85,  86,  87,  88,  89,  90,  91,  92,  93,  95,  96,
     97,  99, 100, 101, 103, 104, 105, 106, 109, 110, 111, 112, 113, 114, 115, 117,
    118, 121, 122, 123, 124, 126, 127, 128,   1,  63,  67,  71,  72,  74,  77,  80,
     81,  82,  83,  86,  89,  92,  94,  95,  99, 100, 101, 102, 103, 104, 105, 106,
    109, 111, 113, 114, 115, 118, 121, 123, 127,   0,   1,  62,  63,  64,  65,  66,
     67,  68,  70,  71,  72,  73,  75,  76,  77,  78,  79,  80,  81,  82,  83,  85,
     86,  87,  88,  89,  90,  91,  92,  93,  95,  96,  99, 100, 106, 109, 111, 112,
    113, 114, 115, 117, 118, 122, 123, 124, 125, 127, 128,   0,   1,  62,  63,  64,
     65,  66,  67,  68,  69,  70,  71,  72,  73,  74,  75,  76,  77,  78,  79,  80,
     81,  82,  83,  85,  86,  87,  88,  89,  90,  91,  92,  93,  94,  95,  96,  99,
    100, 101, 102, 106, 109, 112, 113, 121, 123, 124, 126, 127, 128,   0,   1,  62,
     63,  64,  65,  66,  67,  68,  69,  70,  71,  72,  73,  74,  75,  76,  77,  78,
     79,  80,  81,  82,  83,  85,  86,  87,  88,  89,  90,  91,  92,  93,  94,  96,
     98,  99, 100, 102, 106, 107, 108, 109, 112, 113, 122, 126, 127, 128,   1,  63,
     67,  69,  70,  71,  72,  74,  77,  80,  81,  82,  83,  86,  89,  92,  94,  95,
     99, 100, 101, 102, 103, 104, 106, 109, 111, 112, 113, 114, 115, 118, 121, 124,
    126, 127,   0,   1,  95,  99, 100, 101, 102, 103, 104, 105, 106, 107, 109, 111,
    112, 113, 114, 115, 118, 119, 121, 124, 126, 127,   0,   1,  96,  99, 100, 101,
    102, 105, 106, 109, 111, 112, 114, 115, 118, 121, 122, 123, 124, 126, 127, 128,
      0,  95,  96,  97,  98,  99, 100, 101, 102, 105, 106, 107, 108, 109, 111, 112,
    114, 115, 118, 121, 123, 124, 125, 126, 127,   0,  95,  97,  98,  99, 100, 101,
    102, 105, 106, 107, 108, 110, 111, 113, 114, 115, 117, 118, 119, 121, 122, 123,
    124, 125, 126, 128,   0,   1,  95,  96,  97,  98,  99, 100, 101, 102, 103, 104,
    105, 106, 107, 108, 109, 110, 111, 112, 113, 114, 115, 117, 118, 119, 120, 121,
    122, 123, 124, 125, 126, 127,   0,   1,  95,  96,  97,  98,  99, 100, 101, 105,
    106, 107, 108, 109, 110, 111, 112, 114, 115, 118, 123, 124, 125, 126, 127,   0,
      1,  95,  96,  97,  98,  99, 100, 101, 102, 103, 104, 105, 106, 107, 108, 109,
    110, 111, 112, 113, 114, 115, 117, 118, 119, 120, 121, 122, 123, 124, 125, 126,
    127,   0,   1,  96,  98,  99, 100, 101, 102, 103, 104, 105, 106, 107, 109, 111,
    112, 114, 115, 118, 123, 125, 127, 128,   0,   1,  95,  97,  98,  99, 100, 101,
    102, 103, 104, 105, 106, 107, 108, 109, 110, 111, 112, 113, 114, 115, 117, 118,
    119, 120, 121, 122, 123, 124, 125, 126, 127, 128,   0,   1,  95,  96,  97,  98,
     99, 100, 101, 102, 103, 104, 105, 106, 109, 110, 111, 112, 113, 114, 115, 117,
    118, 121, 123, 124, 125, 126, 127, 128,   0,   1,  95,  96,  97,  98,  99, 100,
    101, 102, 103, 104, 105, 106, 107, 109, 111, 112, 113, 114, 115, 118, 120, 122,
    124, 127, 128,   0,   1,  95,  96,  97,  98,  99, 100, 101, 102, 103, 104, 105,
    106, 107, 108, 109, 110, 111, 112, 113, 114, 115, 117, 118, 119, 120, 121, 122,
    123, 124, 125, 126, 127,   0,   1,  95,  96,  99, 100, 101, 102, 103, 104, 106,
    109, 111, 112, 114, 115, 118, 121, 124, 126,   0,   1,  95,  99, 100, 101, 102,
    103, 104, 105, 106, 108, 109, 111, 112, 113, 114, 115, 118, 121, 122, 124, 126,
    127,   0,  96,  97,  98,  99, 100, 101, 102, 103, 104, 105, 106, 107, 108, 109,
    110, 111, 112, 113, 114, 117, 118, 119, 120, 122, 123, 124, 125, 126, 127, 128,
      0,   1,  96,  99, 100, 101, 102, 103, 104, 105, 106, 108, 109, 110, 111, 112,
    113, 114, 115, 117, 118, 121, 122, 123, 124, 126, 127,   0,  95,  96,  97,  98,
     99, 101, 102, 103, 104, 105, 106, 107, 108, 109, 110, 111, 113, 114, 115, 117,
    118, 119, 120, 122, 123, 125, 126, 127, 128,   0,   1,  95,  96,  97,  98,  99,
    100, 101, 102, 103, 104, 105, 106, 107, 109, 111, 112, 113, 114, 115, 117, 118,
    121, 122, 123, 125, 126, 127,   0,   1,  95,  96,  97,  98,  99, 100, 101, 102,
    103, 104, 105, 106, 107, 108, 109, 110, 111, 112, 113, 114, 115, 117, 118, 119,
    120, 121, 122, 123, 124, 125, 126, 127, 128,   0,   1,  95,  96,  97,  98,  99,
    100, 101, 102, 103, 104, 105, 106, 107, 108, 109, 110, 111, 112, 113, 114, 115,
    117, 118, 119, 120, 121, 122, 123, 124, 125, 126, 127, 128,   0,  96,  97,  98,
     99, 100, 101, 102, 103, 104, 105, 106, 107, 108, 109, 110, 111, 112, 113, 114,
    117, 118, 119, 120, 122, 123, 125, 126, 127, 128,   1,  37,  38,  39,  40,  41,
     42,  43,  44,  45,  46,  47,  48,  49,  50,  51,  52,  53,  54,  55,  56,  57,
     58,  59,  60,  61, 116,   0,   1,  95,  97,  98,  99, 100, 101, 102, 103, 104,
    105, 106, 107, 108, 109, 110, 111, 112, 113, 114, 115, 117, 118, 119, 120, 121,
    122, 123, 124, 125, 126, 127,   0,   1,  95,  97,  98,  99, 100, 101, 102, 103,
    104, 105, 106, 107, 108, 109, 110, 111, 112, 113, 114, 115, 117, 118, 119, 120,
    121, 122, 123, 124, 125, 126, 127,   0,   1,  95,  96,  97,  98,  99, 100, 101,
    102, 103, 104, 105, 106, 107, 108, 109, 110, 111, 112, 113, 114, 115, 117, 118,
    119, 120, 121, 122, 123, 124, 125, 126, 127,   0,   1,  95,  96,  97,  98,  99,
    100, 101, 102, 103, 104, 105, 106, 107, 108, 109, 110, 111, 112, 113, 114, 115,
    117, 118, 119, 120, 121, 122, 123, 124, 125, 126, 127,   0,  96,  97,  98,  99,
    100, 101, 102, 103, 104, 105, 106, 107, 108, 109, 110, 111, 112, 113, 114, 115,
    117, 118, 119, 120, 121, 122, 123, 125, 126, 127, 128,   0,   1,  96,  99, 100,
    101, 102, 103, 104, 105, 106, 107, 108, 109, 111, 112, 113, 114, 115, 117, 118,
    120, 122, 123, 124, 125, 126, 127,   0,  95,  96,  97,  98,  99, 100, 101, 102,
    103, 104, 105, 106, 107, 108, 109, 110, 111, 112, 113, 114, 115, 118, 119, 121,
    122, 125, 127, 128,   0,  96,  97,  98,  99, 100, 101, 103, 104, 105, 106, 107,
    108, 109, 110, 111, 112, 114, 115, 117, 118, 119, 120, 122, 123, 125, 127, 128,
      0,   1,  96,  97,  98,  99, 100, 101, 102, 103, 104, 105, 106, 107, 108, 109,
    110, 111, 112, 114, 117, 118, 119, 120, 121, 122, 123, 125, 126, 127, 128,   0,
      1,  95,  96,  97,  98,  99, 100, 101, 102, 103, 104, 105, 106, 107, 108, 109,
    110, 111, 112, 113, 114, 115, 117, 118, 119, 120, 121, 122, 123, 124, 125, 126,
    127,   0,   1,  95,  96,  97,  98,  99, 100, 101, 102, 105, 106, 107, 108, 109,
    111, 112, 113, 114, 115, 118, 119, 122, 123, 124, 125, 126, 127,
};

static const int8_t edslab_12_bolditalicKernSparseValues[] = {
      -8,   -8,   -8,   -8,  -28,  -16,   -8,  -16,  -32,  -16,   -8,   -4,  -24,  -12,   -8,  -12,
       8,  -16,  -16,  -16,   -4,  -16,    4,    4,    4,    4,    4,   -8,   -8,  -16,   -4,   -8,
     -12,   -4,   -8,   -4,  -44,  -28,   -4,  -12,  -36,  -12,   -8,   -4,   -8,  -16,  -28,  -20,
     -12,  -16,  -24,  -16,  -16,  -16,  -16,  -24,  -12,  -12,  -12,  -12,  -12,  -16,  -12,   -8,
     -16,  -12,   -8,   -8,   -8,   -8,   -4,   -8,   -8,  -12,  -12,  -12,  -16,  -16,   -4,  -12,
       4,   -8,    4,  -16,   -8,  -12,   -8,    4,  -12,  -16,  -16,    4,  -16,   -4,    8,  -12,
      -8,   -8,  -12,   -4,  -12,  -16,    4,  -24,  -20,  -44,  -32,  -40,   -4,    4,   -8,    4,
      -4,   -8,    4,   -8,  -12,   -8,   -8,   -8,    4,   -4,    4,  -12,    4,    4,    4,    4,
       4,   -8,   -4,  -12,  -16,  -12,  -12,   -8,  -12,  -12,   -4,  -12,  -12,  -12,   -4,   -8,
     -12,   -8,   -8,    4,   -8,  -12,    4,  -20,   -8,  -24,   -8,   -8,  -12,  -12,  -12,   -4,
      -8,    4,    4,   -4,   -4,  -12,    4,   -4,   -4,   -4,   -8,  -12,   -4,   -4,    8,   -4,
      -4,    8,    4,   -4,  -16,   -8,   -8,  -12,  -12,    8,   -8,   -8,   -4,   -8,   -8,    4,
      -4,    4,    8,   -8,  -12,    8,  -12,    4,   -8,   -4,    8,  -16,  -16,  -16,   -8,   -4,
      -4,  -12,  -12,  -20,   -8,  -12,  -12,   -8,   -8,   -8,   -4,   -4,   -8,  -12,   -8,  -16,
      -4,   -8,  -12,   -4,    4,   -4,   -4,   -8,  -12,    4,  -12,    4,  -16,   -8,  -12,   -4,
      -4,   -4,   -4,  -16,   -4,  -12,  -20,   -8,   -4,   -4,   -8,    4,   -8,   -8,   -8,   -4,
     -12,   -4,   -4,   -4,  -16,  -28,  -20,  -20,  -12,   -4,  -12,  -28,  -20,   -4,  -28,  -20,
     -28,  -32,  -20,   -8,  -24,  -12,  -32,  -16,   -4,   -4,   -4,   -8,  -16,  -16,   -8,   -8,
      -8,   -8,    4,    4,   -8,  -12,    4,  -12,    4,   -8,   -8,   -8,  -44,   -8,  -16,   -4,
     -28,   -4,   -8,   -8,  -36,   -8,   -8,   -8,  -12,   -8,   -8,  -16,  -40,   -8,  -28,  -12,
     -16,  -56,  -56,  -88,  -88,  -80,   -4,   -8,  -36,  -16,  -16,  -20,  -16,  -12,  -20,  -20,
     -20,  -24,  -40,  -20,  -20,  -28,  -20,  -16,  -20,  -12,  -24,  -24,  -48,  -44,  -36,  -12,
     -12,  -20,   -8,    8,  -16,   -4,    4,   -8,   -8,   -8,   -8,   -4,    8,   -8,   -8,   -4,
      -4,   -4,   -4,    4,   -4,  -12,  -20,  -24,  -20,  -28,   -4,   -4,  -12,    4,    4,    4,
      -4,   -4,   -8,    4,   -4,   -8,   -4,   -4,   -8,    4,   -4,    4,   -8,    4,    4,  -12,
      -4,   -8,   -8,   -4,   -4,  -24,   -8,   -4,   -8,   -8,   -4,   -4,  -16,  -12,   -8,   -8,
     -12,  -12,  -20,  -12,   -8,  -20,  -20,  -24,  -24,  -20,   -8,   -8,  -12,   -4,   -8,  -12,
     -20,   -4,   -8,  -12,  -16,  -16,  -12,   -4,  -16,  -16,   -8,  -12,  -12,  -16,  -24,  -12,
     -16,  -16,  -12,   12,  -28,   -4,    4,   -4,   -4,   12,   -8,   -4,    4,   -4,   -4,   -4,
      -4,    8,   -4,    8,   -8,    4,   -8,  -12,  -24,  -24,  -28,   -4,    4,   -4,    8,    8,
       4,    8,   -4,   -4,   20,    8,  -12,    4,    4,    4,    8,    4,    8,   12,   12,   12,
      12,    4,  -20,   -4,  -12,   -4,  -16,   -4,   -4,    4,   -4,   -4,  -12,  -16,  -16,  -12,
     -16,   -8,   -4,   -4,    4,   -4,   -4,   -4,   -4,    4,   -8,    4,    4,   -4,   -4,   -8,
      -4,  -16,   -4,   -8,  -60,   -4,  -12,   -8,   -4,   -4,   -8,   -8,   -4,  -16,   -4,   -4,
     -20,   -4,  -12,   -4,  -12,  -12,  -16,  -20,  -16,  -12,  -32,   -8,  -20,  -20,  -24,  -12,
     -36,  -12,   -4,   -8,  -12,   -8,  -24,  -24,  -28,  -16,  -24,  -24,  -16,  -16,   -8,  -12,
     -16,  -16,  -20,  -20,  -28,  -24,   -4,    4,  -28,  -16,   -4,   -8,  -12,   -8,    4,  -12,
      -4,   -4,   -8,   -4,   -8,   -8,  -12,  -12,   -4,  -24,  -24,  -32,  -28,  -32,  -16,  -20,
      -8,  -12,  -16,  -12,  -20,  -20,  -12,  -12,   -8,  -12,    4,   -4,  -12,  -12,  -16,  -12,
      -4,   -8,  -12,  -20,  -12,   -8,  -20,  -16,   -8,   -8,  -16,  -16,  -12,  -16,   -4,  -16,
     -24,  -16,  -16,  -16,  -16,  -16,  -20,  -16,  -16,  -16,  -12,  -12,  -16,  -24,  -20,  -20,
      -8,  -12,  -12,   -8,  -12,  -12,   -8,  -12,  -12,   -8,   -8,   -8,  -16,  -16,  -20,  -16,
     -12,  -16,  -16,  -16,  -12,  -16,   -8,   -8,  -16,  -20,   -8,  -16,  -12,  -12,  -16,  -16,
     -16,  -12,   -8,  -16,  -12,  -12,  -16,  -24,  -16,  -12,   -8,    4,    4,  -28,    4,    4,
       4,   -8,  -16,  -16,  -20,   -4,   -8,  -24,    4,    4,   -4,  -16,  -12,   12,   -4,  -20,
     -16,   -4,   -4,   -4,    4,    4,   -8,  -12,   -4,  -16,   -4,   -8,  -16,  -16,   -4,   -4,
     -16,   -4,   -4,   -4,   -4,   -4,   -4,   -4,  -24,   -4,  -16,    4,   -4,  -20,  -24,  -20,
     -24,  -24,   -4,   -4,  -16,   -4,   -4,   -4,  -12,   -8,   -4,  -12,  -20,  -12,  -20,  -12,
     -12,  -12,  -16,   -4,  -12,   -4,  -20,  -16,  -32,  -24,  -32,   -8,  -12,   -8,  -16,   -4,
     -16,   -8,  -16,   -4,   -4,   -8,   -4,   -4,   -4,   -4,   -4,  -12,  -12,   -4,   -4,  -64,
     -36,  -52,  -52,  -60,   -8,   -4,  -24,   -8,   -4,  -12,  -20,  -12,  -24,  -12,  -12,   -8,
     -16,   -8,   -4,  -12,  -16,  -28,  -24,  -28,  -12,  -16,   -8,   -8,  -12,  -12,  -12,   -8,
     -16,  -12,   -4,  -16,  -12,  -16,  -16,  -16,   -8,  -16,  -20,  -16,  -12,  -12,  -12,   -8,
      -8,  -12,  -12,  -12,   -8,  -12,   -8,  -12,  -12,   -4,  -12,   -8,  -12,  -12,  -12,  -12,
     -16,  -12,  -12,   -8,   -4,   -8,  -40,  -16,  -20,   -8,  -12,   -4,  -20,   -4,  -20,   -4,
      -4,  -12,  -28,   -4,  -16,   -4,   -8,  -16,  -16,  -16,  -12,  -12,   -4,  -28,  -28,  -20,
     -20,  -20,  -16,  -28,  -16,  -16,  -20,  -24,  -24,  -24,  -20,  -20,  -24,  -20,  -28,  -16,
     -16,  -16,  -16,  -16,  -20,  -16,  -16,  -28,  -16,  -12,    4,  -44,   -8,    4,  -12,  -12,
     -16,  -16,   -8,   -4,  -16,   -8,  -12,  -16,   -4,  -12,    4,  -20,   -4,  -20,  -24,  -36,
     -36,  -36,  -20,  -12,  -20,   -4,   -8,  -16,    4,   -4,  -16,  -12,   -8,   -8,   -4,   -8,
      -8,   -4,   -4,   -4,   -4,  -20,  -28,  -12,  -16,    4,  -12,  -68,   -4,    4,   -4,   -4,
      -4,    4,   -4,   -4,   -8,  -12,   -8,   -8,   -8,   -4,  -12,    4,   -4,    4,  -12,  -16,
     -16,  -20,  -12,   -8,  -32,  -20,  -20,  -12,  -24,  -32,  -16,    4,   -4,  -20,   -8,   -4,
      -8,  -16,  -12,   -4,    8,   -4,  -12,  -20,   -8,  -32,  -32,  -16,  -28,  -24,  -32,  -32,
     -32,  -28,  -20,  -24,  -20,  -24,  -36,  -28,  -28,  -32,  -28,  -40,  -28,  -32,  -28,  -56,
     -52,  -68,  -68,  -76,  -32,  -40,  -48,  -28,  -28,  -24,  -12,   -8,  -44,  -28,  -12,  -44,
     -52,  -40,  -32,  -28,  -24,  -28,  -36,  -16,  -28,  -24,  -28,  -28,  -28,  -32,  -44,  -32,
      -8,   -8,   -8,   -4,  -12,   -4,   -4,   -8,   -4,   -4,   -4,   -4,   -4,  -16,   -4,   -8,
      -4,  -20,  -20,  -32,  -32,  -32,   -4,   -4,  -16,  -12,  -24,  -12,   -8,   -8,  -12,   -8,
      -4,   -4,  -12,  -16,  -16,  -20,  -24,  -12,   -8,  -16,   -8,    4,  -24,   -8,   -4,   -8,
      -4,   -8,   -8,   -4,   -8,  -12,   -4,   -8,   -8,   -4,  -12,   -4,  -20,  -24,  -32,  -28,
     -32,   -4,  -24,    4,    4,  -12,   -8,  -12,   -8,  -12,  -16,  -16,  -12,  -12,  -16,  -16,
      -4,   -4,  -16,  -16,  -16,   -8,  -20,  -12,  -24,  -52,  -16,  -16,   -8,  -12,   -8,  -16,
      -8,   -8,  -28,   -8,  -12,   -8,   -8,  -20,   -8,  -12,   -8,   -8,  -16,  -20,  -20,  -24,
     -16,  -20,  -40,  -20,  -32,  -36,  -32,  -24,  -36,  -12,  -12,  -20,  -20,  -20,  -36,  -36,
     -28,  -24,  -32,  -44,  -32,  -20,  -28,  -28,  -28,  -36,  -40,  -16,  -36,  -24,  -16,  -60,
     -12,  -24,  -16,  -12,  -12,  -20,  -12,  -12,  -24,  -12,  -12,  -12,   -8,  -28,  -16,  -20,
     -12,  -16,  -16,  -20,  -20,  -20,  -16,  -20,  -36,  -28,  -32,  -24,  -24,  -28,  -40,  -24,
     -16,  -28,  -20,  -20,  -24,  -32,  -28,  -24,  -24,  -32,  -20,  -20,  -20,  -24,  -20,  -28,
     -28,  -24,  -36,  -20,  -24,  -84,   -8,  -32,   -8,  -12,  -12,  -36,  -16,  -12,  -40,   -8,
     -16,  -12,  -16,  -32,   -8,  -40,  -12,  -16,  -24,  -16,  -20,  -20,  -16,  -16,  -52,  -24,
     -52,  -48,  -44,  -32,  -48,  -20,  -28,  -40,  -24,  -24,  -52,  -44,  -52,  -40,  -44,  -44,
     -40,  -28,  -36,  -40,  -40,  -40,  -52,  -24,  -52,  -32,  -32,  -80,  -12,  -28,  -12,  -16,
     -12,  -32,  -12,   -8,  -36,  -12,  -12,  -16,  -16,  -36,  -20,  -32,  -12,  -16,  -16,  -16,
     -20,  -16,  -16,  -20,  -40,  -24,  -48,  -52,  -40,  -24,  -56,  -24,  -28,  -40,  -32,  -32,
     -40,  -40,  -44,  -32,  -40,  -40,  -36,  -28,  -32,  -40,  -32,  -44,  -48,  -20,  -44,  -36,
     -28,  -64,  -16,  -32,  -12,  -12,  -12,  -28,   -8,   -8,  -36,   -8,  -12,  -16,  -12,  -44,
     -16,  -36,  -16,  -24,  -16,  -20,  -20,  -20,  -20,  -24,  -56,  -28,  -48,  -48,  -48,  -44,
     -56,  -28,  -32,  -44,  -32,  -32,  -44,  -52,  -52,  -40,  -44,  -48,  -48,  -36,  -36,  -44,
     -44,  -44,  -52,  -20,  -56,  -40,  -24,   -4,  -24,   -8,   -4,   -4,  -16,   -4,   -4,   -8,
      -8,   -4,   -8,   -8,  -20,   -8,  -20,   -4,   -8,  -20,  -20,  -16,  -16,  -20,   -8,   -4,
     -24,   -8,   -4,  -12,   -4,  -16,  -16,  -28,  -20,  -20,  -12,  -12,   -8,  -24,  -16,   -4,
     -24,  -20,  -28,  -32,  -40,  -16,  -12,  -20,   -4,   -8,  -16,  -32,  -16,  -12,  -16,  -20,
     -16,  -20,  -16,  -28,  -20,  -32,  -16,  -20,  -24,  -20,  -16,  -16,  -12,  -24,  -24,  -32,
     -32,  -32,  -16,  -20,    4,   -8,  -24,    4,   -8,   -8,  -12,   -8,  -20,  -24,  -12,  -12,
     -12,  -12,   -4,   -4,   -8,   -8,  -16,   -8,  -16,   -4,   -4,    4,  -12,  -24,   -4,   -4,
      -4,   -8,  -16,  -16,  -16,  -20,  -12,  -12,   -4,   -8,   -4,  -12,   -4,  -12,   -8,  -12,
     -12,  -16,  -12,  -16,  -16,  -12,  -20,  -16,   -8,  -16,   -8,   -8,   -8,  -16,  -24,  -16,
     -20,  -12,  -12,  -16,  -20,   -8,  -12,   -8,  -16,  -20,  -24,  -20,  -28,  -16,  -16,   -4,
      -8,    4,  -16,  -28,  -16,   -8,  -12,   -4,  -12,  -16,  -16,  -12,   -8,   -4,  -12,  -12,
      -4,   -4,   -8,   -8,  -12,  -12,  -12,  -20,   20,   -4,  -20,   -4,  -16,  -16,  -16,  -28,
     -20,  -12,  -20,  -12,   -8,  -24,  -24,  -20,  -16,  -16,  -28,   -4,  -24,  -48,  -48,  -36,
     -64,  -16,  -44,   -8,  -12,   -4,  -16,  -32,  -16,   -8,  -12,  -12,   -4,  -20,   -4,    8,
     -28,  -28,  -12,  -20,  -16,   -4,  -16,  -20,  -16,   -8,   -8,   -8,   -8,  -12,  -16,  -20,
     -16,  -24,   -4,   -8,  -28,   -8,   -8,   -8,  -16,   -8,   -4,   -8,  -16,  -12,  -20,  -12,
     -12,   -8,  -12,   -4,  -12,  -16,  -16,  -20,  -20,  -28,   -8,  -16,  -12,  -16,   -8,  -24,
      -8,   -8,   -8,  -12,  -12,  -12,   -4,  -12,  -20,  -28,  -12,   -8,   -8,  -16,   -4,  -12,
      -4,  -16,  -16,  -24,  -24,  -28,  -12,  -12,    4,    8,  -24,    4,    4,    4,    4,   -8,
       8,  -16,  -20,   -4,   -4,    4,    4,    4,   -4,    4,   -8,   -8,   -8,   -8,   -8,  -12,
     -20,  -12,   -8,  -28,   -4,  -12,   -8,  -12,   -8,   -4,   -8,  -12,  -12,  -28,   -8,   -8,
      -8,   -8,   -4,   -8,   -8,  -12,  -12,  -16,  -20,  -24,   -8,  -12,   -4,   -4,  -16,  -24,
     -12,  -12,   -4,  -16,  -12,   -8,  -12,  -20,  -12,  -24,  -12,   -8,  -16,  -16,   -8,  -16,
      -4,  -16,  -16,  -24,  -24,  -16,   -8,  -12,   -4,   -4,   -4,   -4,  -28,   -4,   -8,  -16,
      -8,   -4,   -8,  -20,  -12,  -24,   -8,   -8,   -8,  -12,   -8,   -4,  -12,  -12,  -20,  -20,
     -24,   -4,   -8,  -12,   -8,   -8,  -28,   -4,   -8,   -4,  -12,   -4,  -12,   -8,  -16,  -12,
     -24,   -8,   -8,   -4,  -12,   -4,  -12,  -12,  -20,  -24,  -24,  -28,   -4,   -8,   -8,    8,
     -20,    4,    4,   -8,   -8,  -12,   -8,  -20,  -16,   -8,  -12,    4,   -8,    4,  -12,    4,
      -8,   -4,   -4,  -12,  -16,  -12,  -16,   -4,   -4,    4,   -8,  -24,    4,    4,    4,   -8,
     -12,  -12,   -8,  -20,  -20,   -8,   -8,   -8,    4,  -12,   -4,   -8,   -8,  -12,  -16,   -8,
     -16,   -4,   -8,    4,  -24,   -4,    4,  -12,   24,   -8,  -20,   -4,   -4,   -4,   16,    4,
      -4,   -4,   -4,   -4,   -4,   -4,   -4,   -4,   -4,   -8,   -4,  -20,  -28,   -4,   -4,   -4,
      -4,  -12,  -24,   -8,  -28,  -20,   -8,  -12,   -8,   -4,   -8,  -12,    4,   -4,   -4,   -8,
     -12,  -16,  -16,   -4,  -24,    4,   -8,   -8,   -8,    4,   -8,  -12,  -20,   -4,   -8,   -4,
      -8,    4,   -8,   -4,   -8,   -8,  -12,  -12,   -8,  -12,   -8,  -24,  -20,   -4,   -4,  -12,
     -20,  -12,  -20,   -4,   -4,    4,  -12,    4,   -8,    4,  -20,  -12,  -24,  -20,  -36,   -8,
     -12,  -12,   -8,   -8,  -28,  -12,   -8,   -8,  -12,   -4,  -12,   -8,  -12,  -16,  -24,  -12,
      -8,  -12,  -12,   -4,   -4,   -4,  -12,  -12,  -16,  -16,  -20,   -4,  -12,  -12,  -28,  -32,
     -16,  -16,  -24,  -24,  -28,  -24,   -4,  -16,  -32,  -24,  -16,  -20,  -20,   -8,  -20,  -16,
      -8,  -12,   -8,   -8,  -12,  -12,  -24,  -32,  -24,  -16,  -28,  -20,  -16,  -20,  -16,  -16,
     -24,  -32,  -12,  -20,  -28,  -20,  -16,  -20,  -24,   -8,  -16,  -20,  -12,  -12,   -4,  -12,
      -8,  -16,  -20,  -28,  -24,  -12,  -28,  -20,  -16,  -16,  -16,  -16,  -28,  -28,  -12,  -16,
     -28,  -28,  -20,  -20,  -24,  -12,  -16,  -24,   -8,   -8,  -12,  -12,  -12,  -16,  -20,  -24,
     -36,   -4,   -8,  -20,   -4,   -8,   -4,   -8,   -8,   -8,  -16,   -4,   -4,   -4,   -4,   -4,
      -4,   -4,   -8,   -8,  -12,   -8,   -8,   -4,  -16,  -16,   -8,   -4,   -4,   -4,   -4,   -8,
      -4,   -4,   -4,   -4,   -8,   -8,   -4,   -8,   -4,  -28,  -20,   -4,  -20,  -12,  -20,   -4,
     -20,  -16,   -8,  -20,  -28,  -28,  -20,   -4,  -16,   -4,  -24,  -16,  -16,  -20,  -56,  -44,
     -24,  -16,  -64,  -12,  -12,  -24,  -12,  -12,  -12,  -12,   -8,   -4,   -8,  -12,  -12,  -24,
     -12,  -20,  -16,  -24,  -24,  -12,  -12,  -12,  -12,  -12,  -12,  -24,  -12,  -32,  -36,  -20,
     -12,  -48,  -12,  -12,  -24,  -12,  -12,  -12,  -12,   -8,  -12,   -4,    4,   -4,  -12,   -4,
      -4,   -4,   -8,   -4,   -4,  -16,   -8,   -8,   -4,   -4,   -4,  -12,    4,  -12,  -24,    8,
      -8,  -16,   -4,   -8,   -8,   -4,  -12,    4,   -4,    4,   12,  -20,   12,    4,   12,   -4,
      12,    8,   -8,    8,   -4,    4,  -12,    4,   -4,   -4,   12,    4,   -4,  -12,   -4,   -4,
      -4,   -4,   -4,    4,   -4,  -12,  -12,   -4,   -4,   -4,   12,   -4,   -4,    4,   -4,  -12,
       4,   -8,  -16,   -4,   -4,   -8,   -4,   -4,    4,   -8,    4,   12,  -12,   12,    4,    4,
      12,   -4,   12,    8,   -4,    8,   -4,    4,    8,   12,  -12,   -4,  -64,   -4,   -4,   -4,
     -20,   -4,   -4,  -16,   -4,   -4,   -4,  -36,   -4,   -4,   -8,   -4,   -8,   -4,   -4,   -4,
      -4,   -4,   -4,   -4,   -4,   -4,   -4,   -4,  -16,   -4,  -16,  -32,  -24,  -16,  -24,  -48,
     -24,  -32,  -36,  -16,  -16,  -20,  -44,  -24,  -28,  -32,  -32,  -24,  -24,  -12,  -16,  -32,
     -24,  -24,  -24,  -24,  -12,  -20,  -20,  -24,  -24,  -36,  -24,  -16,   -8,   -4,  -20,   -4,
      -4,   -4,  -20,   -4,   -4,  -12,   -4,   -4,   -4,   -4,   -4,   -4,  -12,   -4,   -4,  -12,
      -4,  -16,   -8,   -4,   -8,   -4,   -4,   -4,   -4,  -12,   -4,   -8,   -8,   -8,   -8,   -8,
      -8,   -8,   -8,   -8,  -16,  -20,  -12,   -8,   -8,   -8,   -4,   -4,  -16,  -12,   -4,   -8,
      -4,   -8,   -4,   -4,  -12,   -8,   -4,   -4,   -4,   -8,   -8,   -4,   -4,   -4,   -4,   -4,
     -12,   -4,   -4,   -4,  -12,   -4,  -12,  -16,   -4,   -4,   -4,   -8,   -4,   -4,  -16,   -4,
      -4,  -16,   -4,  -16,  -16,   -4,  -16,   -4,   -4,  -12,   -4,   -4,  -12,   -4,   -4,   -4,
     -12,   -8,  -12,  -12,  -12,   -8,   -8,  -12,  -12,  -12,  -12,  -12,  -16,  -16,  -32,  -12,
     -36,  -12,  -12,  -12,  -12,  -12,  -12,  -12,  -12,   -4,  -12,   -4,  -24,   -4,   -4,   -4,
     -20,   -4,   -4,   -4,   -4,   -4,   -4,   -4,   -4,   -8,   -4,   -4,   -4,  -24,    4,   -4,
     -24,   -4,   -4,   -4,   -4,   -4,   -4,   -4,   -8,    4,   -8,    8,   -8,   -4,   -4,   -8,
       8,   -8,    8,   -4,    4,   -4,   -4,   -4,   -4,    4,   -4,    8,   -8,   -8,  -16,  -20,
      -4,   -4,   -4,   -4,   -8,  -12,   -4,   -8,  -16,   -8,  -16,   -8,   -8,   -4,  -12,  -12,
     -16,   -8,  -16,   -8,   -8,   -8,   -8,   -8,   -8,   -8,  -16,   -8,  -16,  -20,  -16,  -12,
     -32,  -20,   -8,   -8,   -8,   -8,   -8,  -16,  -16,  -12,   -4,   -4,   -4,   -8,   -4,   -8,
      -4,  -12,   -4,  -16,   -8,   -4,  -12,  -12,  -16,   -8,  -16,   -8,   -8,   -8,  -16,   -8,
     -16,  -20,  -16,  -12,  -32,  -20,   -8,   -8,   -8,   -8,    4,   -8,   -8,   -4,   -8,  -12,
     -12,   -4,   -4,  -12,   -4,  -16,  -12,  -12,   -4,   -8,   -8,   -4,    4,   -4,   -4,  -12,
       4,   -8,   -8,   -8,   -8,   -4,   -8,   -4,   -4,    4,   -4,  -12,    4,   -8,  -32,    4,
      -4,  -32,   -4,   -4,  -12,   -4,   -4,   -8,   -4,   -8,    4,   -4,   -8,  -12,  -16,   -8,
     -12,   -8,   -8,   -8,  -12,  -12,   -8,  -16,  -12,  -12,   -4,   -8,  -12,  -12,  -12,  -12,
     -12,   -8,   -8,   -8,   -4,  -12,   -4,  -12,  -20,   -4,  -28,  -20,   -4,   -8,   -8,  -20,
     -16,   -8,  -12,   -8,   -4,   -8,  -12,  -12,   -4,  -16,   -8,  -12,   -8,  -12,   -8,   -8,
     -12,  -12,   -8,  -12,  -12,   -8,   -4,  -12,   -4,  -12,  -24,   -4,  -28,  -16,   -4,   -8,
      -8,  -12,  -12,   -8,   -8,  -12,   -8,   -8,  -12,   -8,   -8,  -12,   -8,   -8,   -8,   -8,
      -8,   -8,   -8,   -8,   -8,   -8,   -8,   -8,   -8,   -4,  -16,   -4,   -8,  -16,  -12,  -28,
     -16,   -8,   -8,   -8,   -4,  -32,   -8,   -8,   -8,  -28,  -12,  -12,   -4,   -8,   -8,   -4,
      -8,   -4,   -8,    8,   -4,  -12,    8,  -12,  -24,   12,   -8,  -20,   -4,   -4,   -8,   -4,
      -4,   -8,   -4,   -4,   16,    4,    4,  -20,    4,    4,    8,    8,    4,  -16,   -4,    8,
       8,   -4,    4,   -4,    4,  -12,    4,   -8,   -8,  -16,  -12,   -4,   -8,   -8,   -8,   -4,
      -8,   -8,   -4,  -16,   -8,  -12,   -8,   -8,   -8,  -12,   -8,   -8,   -8,   -8,   -8,   -8,
      -4,  -16,   -4,  -12,  -16,   -8,   -8,  -24,  -12,   -4,   -8,   -4,  -12,  -64,  -32,   -8,
      -4,   -4,  -12,   -8,  -28,    4,  -20,    4,   -4,  -20,   -4,   -4,   -4,   -4,  -12,    4,
     -16,   -8,  -12,   -8,   -8,  -24,   -4,   -4,   -8,   -4,   -4,   -8,   -8,   -8,   -4,   -4,
      -4,   -4,   -8,  -12,   -8,  -32,   -8,  -16,   -8,   -4,  -20,   -4,   -4,   -4,  -20,   -4,
      -8,   -4,  -16,  -16,   -8,   -4,   -8,   -8,   -4,   -4,   -8,    4,   -8,  -24,   -4,   -4,
     -24,   -4,   -4,   -4,   -4,   -4,   -4,   -4,   -4,   -4,    4,   -8,   -4,  -16,  -16,  -12,
     -12,   -8,  -12,   -8,   -4,   -4,   -4,   -8,    4,  -12,   -4,   -8,  -16,   -8,   -4,   -8,
      -4,   -8,  -16,  -56,   -4,  -32,   -4,   -8,  -12,   -4,   -8,  -32,   -8,   -8,   -8,   -4,
     -12,   -8,  -16,   -8,   -4,   -8,  -24,  -24,  -16,  -16,  -12,  -36,  -12,  -24,  -16,   -8,
      -8,  -12,  -36,   -8,  -12,  -20,   -8,  -24,  -20,   -4,   -8,  -24,  -20,  -28,  -12,   -8,
      -8,  -16,  -24,  -24,  -24,  -28,  -12,  -20,  -28,  -12,  -76,   -8,   -8,   -8,  -36,  -12,
     -12,  -12,  -12,  -16,   -8,  -40,   -8,   -8,  -32,   -4,   -4,  -28,   -8,  -24,  -28,  -12,
     -24,   -4,   -4,   -8,   -8,   -8,  -20,  -16,  -24,  -56,  -44,  -44,  -48,  -64,  -40,  -52,
     -36,  -32,  -32,  -52,  -64,  -48,  -44,  -52,  -48,  -40,  -52,  -36,  -44,  -56,  -48,  -44,
     -52,  -44,  -40,  -48,  -52,  -56,  -52,  -68,  -40,  -40,    4,   -8,  -32,   -8,   -8,   -8,
     -28,   -8,   -8,   -8,  -12,  -12,  -16,   -8,  -12,   -4,   12,   -8,   -8,   16,   -4,  -20,
       4,   -4,  -24,   -8,   -4,   -4,   -4,   -4,  -16,   -4,   12,  -16,    8,    4,    4,    4,
     -16,    8,    8,    4,    4,   -4,   -4,   -4,   -8,    8,  -12,  -16,   -8,  -32,   -8,   -8,
      -8,  -32,   -8,   -8,  -20,   -8,   -8,   -8,   -8,  -44,   -8,  -32,   -8,  -16,  -16,  -20,
     -20,  -20,  -28,  -12,  -16,  -20,  -12,  -12,  -16,  -16,  -12,  -12,  -24,  -24,  -16,  -24,
     -16,  -12,  -20,  -24,  -12,  -12,  -12,  -24,  -24,  -44,  -44,  -48,  -12,  -20,  -20,   -8,
     -24,  -16,   -8,  -16,  -12,  -12,   -8,  -16,  -12,   -8,  -16,   -8,  -20,   -8,   -8,   -8,
      -8,   -8,  -12,  -12,  -16,   -8,  -12,   -8,  -16,  -12,  -12,   -8,   -8,   -8,   -4,   -8,
     -12,   -4,  -12,  -20,   -4,   -8,  -20,   -8,   -8,  -12,   -4,   -4,   -8,   -8,   -4,   -8,
      -8,  -16,  -24,   -8,  -12,  -12,  -12,   -8,  -24,  -12,   -4,  -16,  -16,  -16,   -8,   -4,
     -12,   -4,   -8,   -4,   -4,   -4,  -12,   -4,   -8,   -8,  -12,  -12,   -4,   -8,   -4,   -4,
      -8,   -4,  -12,   -4,   -8,  -16,   -4,   -4,  -20,   -4,   -4,   -8,   -4,   -4,   -4,   -4,
      -4,   -4,   -8,  -16,  -16,   -4,   -8,   -8,   -8,   -8,  -12,   -8,  -20,   -4,   -4,  -20,
      -8,   -8,   -4,  -12,   -8,   -4,   -4,   -4,   -4,   -4,  -12,   -4,   -8,  -16,   -8,   -4,
     -20,   -4,   -4,   -4,   -4,   -8,  -20,  -16,   -4,   -4,  -12,  -12,   -8,  -12,   -4,   -8,
     -16,   -8,  -16,   -8,  -12,   -8,   -4,   -4,  -16,   -4,   -4,   -8,   -8,   -4,   -8,   -4,
      -4,   -8,   -4,  -12,   -4,   -8,  -12,  -12,   -8,  -24,  -12,   -4,   -4,   -4,   -4,   -4,
     -20,    4,   -4,  -12,   -4,   -4,   -4,  -20,   -4,  -12,  -12,   -8,   -8,   -4,    4,   -4,
      -4,    4,  -40,  -32,    8,   -4,  -44,   -4,   -4,  -20,   -4,   -4,    4,   -4,    4,   20,
      -4,  -20,    8,   -4,   -4,   -4,   -4,   -4,   12,   -4,   -4,    8,    8,   -4,    8,   -4,
     -12,    4,   -4,   -4,    4,   -4,    8,   -4,   -8,  -16,  -16,   -4,   -4,   -4,   -4,   -8,
      -4,  -12,   -4,  -16,   -4,   -4,   -4,   -4,  -16,   -8,   -8,   -4,   -8,   -8,   -4,   -8,
      -8,  -12,   -8,  -12,  -12,  -16,  -12,   -4,   -4,  -20,    4,   -8,  -16,   -4,   -4,   -4,
     -20,   -8,   -4,  -16,  -12,   -8,   -4,   -8,    4,   -4,   -4,   12,  -40,  -36,    8,   -4,
     -44,   -4,   -4,  -24,   -4,   -4,    4,   -4,   12,   12,  -16,    8,   -4,    8,   -4,    8,
       4,   -4,    8,   -4,   -4,   -4,   -4,    4,   -4,    8,   -4,   -8,    4,   -4,  -28,   -4,
      -4,   -4,  -16,   -4,   -4,   -4,  -16,  -16,   -4,   -4,   -4,   -4,    8,   -4,   -4,    8,
      -4,  -16,   12,   -8,  -24,   -8,   -8,   -4,   -4,   -4,    4,   -8,   -4,    4,   12,  -16,
       8,   -4,    8,   -8,    8,    8,    4,    4,   -4,    8,   -4,    8,  -12,   -4,    4,   -8,
     -20,   -8,   -4,   -4,  -20,   -8,   -4,   -4,  -12,  -12,   -8,   -8,  -12,   -8,    8,   -8,
      -8,    4,   -8,  -20,   12,   -8,  -24,   -8,   -8,   -8,   -8,   -8,    4,   -8,   -4,   16,
      -4,  -20,    8,    4,  -16,   -4,   -4,    8,    4,    4,   -4,   -8,    8,  -12,   -8,  -20,
     -20,   -8,  -12,   -8,   -8,   -4,  -12,   -8,   -4,  -16,   -8,  -20,   -8,   -8,   -4,   -8,
     -16,   -4,   -8,   -8,  -12,  -12,  -12,  -12,  -16,   -4,   -8,  -20,  -12,  -24,  -16,  -12,
      -4,   -4,  -12,  -12,   -4,   -8,   -8,   -8,   -4,  -12,  -12,   -4,   -4,   -4,   -8,  -20,
      -4,   -8,  -20,   -4,  -28,   -4,  -12,   -8,   -4,   -8,   -8,    4,   12,  -16,   12,   -4,
       4,   -4,   -4,    8,   -4,    8,  -12,    8,  -12,    8,   -4,   -4,    4,   -4,    8,  -12,
     -12,    4,    8,   -4,   -4,   -8,    4,   -8,   -4,   -4,   -4,   -4,   -4,    4,   -8,    8,
      -4,    4,   -8,    4,   -4,    4,   -4,   -4,    4,   -8,  -16,   -4,   -8,  -32,   -4,  -12,
      -8,  -12,  -28,   -4,   -4,   -4,   -4,   -4,   -4,   -4,   -4,   -8,   -4,   -4,   -8,   -4,
      -4,   -4,  -16,  -20,  -16,  -16,   -8,   -8,  -12,  -12,  -12,  -12,  -12,  -12,  -20,  -16,
     -12,  -12,   -4,   -8,  -12,   -4,  -16,  -12,  -16,  -16,  -16,   -4,  -28,   -8,   -8,  -20,
      -8,   -8,  -12,   -4,   -4,  -12,  -12,    4,    4,   12,   -4,   -4,   -8,    8,   -8,   -8,
      -4,   -4,   -4,    8,   -4,   -4,    8,   -8,    8,   -8,   -4,   -4,   -4,   -4,    8,  -12,
      -8,   -4,   -4,   -4,   -8,   -8,   -8,   -8,   -4,   -4,  -12,   -4,   -8,   -8,   -8,   -8,
      -4,  -12,   -4,   -8,  -16,   -8,   -4,  -20,   -4,   -4,  -12,   -4,   -4,   -8,   -4,   -8,
      -4,  -12,   -4,    8,   -4,  -12,    8,   -4,    4,   -4,   -4,   -4,   -4,   -4,    4,   -8,
       4,   -8,   -4,   -8,   -4,   -4,    8,   -4,  -16,   -8,   -8,   -8,   -8,  -16,  -12,  -12,
     -12,  -24,  -24,   -8,   -4,  -12,   -8,   -8,   -8,  -16,   -8,  -16,  -24,  -16,   -8,  -24,
      -4,   -4,  -16,   -8,   -8,  -12,   -4,   -8,  -12,   -4,  -16,   -8,   -8,   -4,   -8,   -4,
     -12,   -8,   -8,   -8,  -24,  -24,   -8,   -8,   -8,   -4,  -20,   -8,  -16,  -16,  -12,   -8,
     -24,  -20,   -4,   -8,   -4,   -8,   -8,   -4,  -16,   -4,   -4,   -4,   -4,   -4,   -8,   -4,
      -8,   -4,  -12,   -8,   -8,   -8,   -4,   -4,  -16,   -4,   -8,  -16,   -8,  -32,   -4,   -4,
      -4,   -4,   -4,  -20,   -8,   -8,   -8,   -4,   -4,  -16,  -12,   -4,   -8,  -12,  -12,   -4,
      -4,   -4,   -4,  -12,   -4,  -16,   -4,  -12,  -24,  -16,   -4,  -24,   -4,   -4,  -12,   -4,
      -8,   -4,   -4,   -8,   -4,   -8,   -8,   -4,    4,  -12,   -4,   -8,   -4,   -4,   -8,   -4,
      -8,   -8,   -4,  -12,   -8,  -12,   -4,   -4,   -4,   -4,   -8,   -8,  -16,  -12,   -8,   -8,
      -8,   -8,   -4,   -8,   -4,  -16,  -12,  -12,   -4,  -12,  -12,  -16,   -4,   -4,   -8,   -4,
      -4,  -12,    8,  -12,  -12,  -24,    8,   -8,   -4,   -8,   -8,  -12,  -12,  -16,  -16,    4,
      -8,  -12,    4,   -8,  -12,  -12,  -16,   -4,   -8,   -8,   -8,   -4,   -4,   -8,    4,  -12,
     -12,   -8,    4,  -16,   -4,   -4,   -4,   -4,   -4,   -4,   -4,   -4,  -16,   -4,  -16,   -4,
      -4,  -12,  -12,   -4,   -8,   -4,   -4,   -4,   -8,   -4,   -4,  -20,   -8,    8,   -8,   -8,
     -20,  -16,   -4,   -8,   -4,   -8,  -12,   -4,  -12,   -4,   -8,   -8,   -4,   -8,    4,   -4,
     -16,   -4,   -4,   -8,   -8,   -8,   -8,    4,  -12,   -8,   -4,   -4,    4,   -4,   -4,  -12,
      -4,   -4,   -4,   -4,   -4,   -8,   -8,   -4,    4,   -4,    4,   -4,  -12,   -4,   -4,  -12,
      -4,   -4,   -4,   -4,   -4,    4,   -8,   -4,  -16,    4,   -8,   -8,  -32,   -8,  -16,   -8,
      -8,   -8,  -12,  -28,  -12,  -12,   -4,   -4,  -12,   -8,   -8,   -8,   -8,  -12,   -8,   -8,
      -8,   -4,  -16,  -12,   -8,   -8,  -20,   -8,  -20,   -8,  -12,  -16,   -4,  -12,  -12,  -40,
     -12,  -16,  -16,   -8,   -8,  -12,  -32,  -16,   -8,  -12,   -8,   -4,  -12,   -4,   -8,  -20,
      -8,   -8,   -8,   -8,   -4,   -8,   -8,  -12,  -12,  -24,  -12,  -20,  -20,    8,   -8,   -8,
     -24,    8,  -16,   -4,   -4,   -4,  -12,   -8,  -16,  -12,    4,  -16,   -8,    8,   -4,  -12,
      -8,  -12,   -8,  -12,  -12,   -8,  -12,   -8,    8,  -12,   -8,  -16,  -32,  -16,  -16,  -20,
     -12,  -16,  -16,   -8,  -16,  -12,  -24,  -12,  -12,  -20,  -12,  -16,  -16,  -12,  -12,  -16,
     -12,  -12,  -16,  -16,  -16,   -8,  -12,   -4,   -4,   -4,  -20,  -12,  -12,   -4,   -8,   -8,
      -4,  -12,   -4,   -4,   -4,   -4,   -8,   -4,   -8,  -12,   -8,   -4,  -16,   -4,   -4,   -4,
      -4,   -4,   -8,   -4,   -4,   -8,   -4,  -12,   -8,   -4,   -4,  -20,  -12,  -16,  -16,  -12,
     -12,   -4,  -12,   -4,   -4,  -12,   -4,  -12,   -8,   -4,   -8,  -16,   -4,  -12,   -4,   -4,
      -4,   -4,   -4,   -8,   -4,   -4,  -12,   -4,   -8,   -4,    4,   -4,   -4,  -20,  -12,   -8,
     -12,   -8,   -8,   -4,   -8,   -4,   -4,   -4,   -4,   -8,   -4,   -4,  -12,  -16,   -4,  -20,
      -4,   -4,   -4,   -4,   -4,  -16,   -4,   -8,   -4,   -8,   -8,  -12,   -4,   -4,   -4,  -20,
      -8,  -12,   -8,  -12,  -12,   -4,  -20,   -4,   -4,  -12,   -8,  -16,   -8,   -4,  -16,  -12,
      -4,  -16,   -4,   -4,   -4,   -4,   -4,  -12,   -4,   -8,   -8,  -12,    4,   -8,   -4,  -12,
       4,   -8,   -4,   -8,   -8,   -8,   -4,   -8,   -8,    8,   -8,  -16,    4,   -8,  -20,    4,
      -4,  -32,   -4,   -4,   -4,   -4,   -8,   -4,   -4,    4,   -8,   -4,   -8,    4,  -20,   -4,
      -8,   -4,  -12,  -12,   -4,   -8,   -8,   -4,   -8,   -4,   -4,   -4,  -12,  -12,   -4,  -12,
      -4,   -4,   -4,   -4,   -4,   -4,   -4,  -16,    4,    8,   -4,   -4,  -20,    8,   -4,   -4,
      -4,   -8,   -8,   -4,   -4,   -4,    8,   -4,  -12,    4,   -8,  -28,    4,  -32,   -4,   -4,
      -4,   -4,    8,   -4,  -12,   12,  -12,  -12,  -24,    4,   -4,   -4,   -4,   -8,   -8,   -4,
      -4,    4,   -8,   -8,    4,   -8,   -4,   -8,  -12,   -4,   -4,   -4,   -8,   -8,    4,   -8,
     -16,    4,    8,   -8,   -8,  -20,    4,  -12,   -4,   -4,   -4,  -12,   -8,  -12,   -8,    4,
      -8,  -12,    4,   -8,   -8,  -12,   -8,   -8,   -4,   -8,   -8,   -4,   -4,    4,  -12,  -12,
      -8,  -12,   -4,   -4,   -4,  -20,  -12,  -16,  -16,   -8,   -8,   -4,  -12,   -4,   -4,  -12,
      -4,  -12,   -4,   -4,  -16,  -16,   -4,  -24,   -4,   -4,   -4,   -4,   -4,   -4,   -4,   -8,
     -12,  -12,    4,   -4,    8,   -4,   -4,  -20,    8,   -8,   -4,   -4,  -12,   -8,   -4,    4,
      -8,    4,   -4,   -4,    4,  -12,   -4,   -8,   -8,   -4,   -4,   -8,    8,
};

static const EpdFontData edslab_12_bolditalic = {
    edslab_12_bolditalicBitmaps,
    edslab_12_bolditalicGlyphs,
    edslab_12_bolditalicIntervals,
    55,
    31,
    23,
    -8,
    true,
    edslab_12_bolditalicGroups,
    11,
    nullptr,
    nullptr,  // kernLeftClasses: built-in fonts use the split arrays below
    nullptr,  // kernRightClasses
    edslab_12_bolditalicKernLeftCodepoints,
    edslab_12_bolditalicKernLeftClassIds,
    edslab_12_bolditalicKernRightCodepoints,
    edslab_12_bolditalicKernRightClassIds,
    nullptr,  // kernMatrix: built-in fonts use the sparse form below
    edslab_12_bolditalicKernRowOffsets,
    edslab_12_bolditalicKernSparseCols,
    edslab_12_bolditalicKernSparseValues,
    129,
    129,
    129,
    129,
    nullptr,
    0,
};
