/**
 * generated by fontconvert.py
 * name: edslab_18_regular
 * size: 18
 * mode: 2-bit  compressed: true
 * Command used: fontconvert.py edslab_18_regular 18 ../builtinFonts/source/EdsLab/EdsLab-Regular.ttf --2bit --compress --pnum --zopfli
 */
#pragma once
#include "EpdFontData.h"

static const uint8_t edslab_18_regularBitmaps[17049] = {
    0xBD, 0x59, 0x31, 0x90, 0xE5, 0xC6, 0x71, 0x7D, 0x00, 0xC4, 0x83, 0x8B, 0x08, 0xC0, 0x40, 0x74,
    0x95, 0xB9, 0xAE, 0x82, 0x03, 0x47, 0x72, 0x99, 0x48, 0x9C, 0xA8, 0x8A, 0xBC, 0x19, 0x53, 0x79,
    0xD9, 0xC1, 0x59, 0x79, 0xE0, 0xC4, 0x74, 0xB0, 0xA9, 0x02, 0xF2, 0x03, 0xB2, 0x03, 0x05, 0x4E,
    0x36, 0x50, 0x39, 0xBE, 0x80, 0x01, 0xEB, 0x14, 0x50, 0x01, 0x83, 0x0B, 0x6E, 0x3F, 0x60, 0x2B,
    0x74, 0x40, 0xD8, 0x2E, 0x47, 0x0E, 0x04, 0x53, 0xEB, 0xB2, 0x25, 0x05, 0x86, 0x4C, 0xB8, 0x84,
    0x95, 0x06, 0x68, 0xE3, 0xF5, 0xCC, 0xDF, 0xC5, 0xBF, 0xBD, 0xBD, 0x25, 0x79, 0x47, 0x62, 0x81,
    0xF7, 0x66, 0x31, 0xDD, 0x33, 0x3D, 0x8D, 0x9E, 0x1E, 0xCC, 0x87, 0x79, 0xC6, 0x01, 0xBC, 0x25,
    0x22, 0x6F, 0x39, 0x73, 0xFC, 0x07, 0x18, 0x44, 0x13, 0x80, 0x1D, 0xE2, 0x11, 0xC0, 0x39, 0x92,
    0x01, 0x80, 0xBB, 0xA2, 0x5E, 0x29, 0xED, 0x41, 0xB1, 0xAC, 0xC3, 0xAB, 0x3F, 0x5A, 0x1E, 0x7D,
    0xF4, 0x8B, 0x87, 0xB9, 0xF0, 0x18, 0x02, 0xB1, 0xBE, 0xB4, 0x40, 0xDA, 0xA1, 0x04, 0x90, 0xB5,
    0x30, 0x00, 0xF2, 0x2B, 0xDA, 0x01, 0x28, 0x6A, 0x9C, 0x03, 0x14, 0x73, 0x80, 0xE8, 0x71, 0x4C,
    0xB7, 0xD9, 0xB0, 0xE9, 0x9C, 0xF5, 0x79, 0x0B, 0x56, 0x90, 0x68, 0xFC, 0x33, 0xB1, 0x94, 0x4B,
    0x20, 0x16, 0x91, 0x0E, 0xD9, 0x8A, 0x13, 0x8A, 0x11, 0xF7, 0x66, 0x94, 0x2D, 0xB0, 0x87, 0xB1,
    0x94, 0x32, 0x38, 0xE0, 0x2B, 0x8A, 0x34, 0x90, 0x98, 0xF7, 0xC4, 0x64, 0x21, 0x42, 0x2E, 0x2D,
    0x80, 0x13, 0x99, 0x01, 0xE0, 0x54, 0xB4, 0xAA, 0x74, 0xC4, 0x48, 0x88, 0x6C, 0xEB, 0x5A, 0xB3,
    0x2D, 0x15, 0xEF, 0x2B, 0x1A, 0x8A, 0xD6, 0x65, 0x0D, 0x34, 0x36, 0xBF, 0xC4, 0xC9, 0x82, 0x54,
    0x44, 0x46, 0x36, 0xB3, 0xD8, 0xDB, 0x2D, 0xC7, 0x1B, 0x6C, 0xBC, 0x39, 0x43, 0xFC, 0x10, 0xC8,
    0xC5, 0x21, 0x1D, 0x00, 0x23, 0xA2, 0x76, 0x55, 0xB6, 0xB2, 0x45, 0x0B, 0xCC, 0x28, 0xB4, 0x65,
    0xC7, 0x7E, 0xAC, 0xE7, 0x0A, 0x9E, 0x17, 0x70, 0x8C, 0xE5, 0xF7, 0x69, 0x65, 0x55, 0x37, 0xEF,
    0x90, 0x4B, 0x59, 0x12, 0x3A, 0x36, 0x93, 0x89, 0xCD, 0x01, 0xEF, 0x5A, 0x36, 0xE7, 0x8D, 0xF6,
    0x5C, 0xB6, 0x27, 0x97, 0x7E, 0x40, 0x22, 0x2D, 0x55, 0x13, 0x11, 0x8A, 0x2E, 0xE9, 0x98, 0x52,
    0xD5, 0x65, 0x7D, 0x3C, 0x01, 0xB1, 0x5B, 0x15, 0x1C, 0x90, 0x8C, 0x9E, 0xD3, 0xC1, 0x73, 0xDE,
    0xB3, 0x9E, 0xCD, 0x51, 0x9E, 0xCD, 0xC5, 0xD4, 0xA7, 0x7F, 0xB4, 0xBD, 0x6F, 0x01, 0x6C, 0x3F,
    0x92, 0x0B, 0xF8, 0x61, 0x01, 0x46, 0xB1, 0xB1, 0xBF, 0x0F, 0x0E, 0x88, 0x87, 0xDB, 0xE0, 0xAC,
    0xD8, 0x6C, 0x9C, 0x5C, 0xB6, 0x5A, 0xA6, 0x51, 0xD1, 0x6F, 0x27, 0x8E, 0xE6, 0x1F, 0x29, 0x54,
    0x58, 0x51, 0x9F, 0x9B, 0x36, 0x6F, 0xCF, 0x51, 0xF4, 0x79, 0xEB, 0x90, 0x8E, 0x79, 0xED, 0x10,
    0xBB, 0xC2, 0x3A, 0x40, 0x4A, 0x36, 0x66, 0xF6, 0x6C, 0xAC, 0x70, 0x30, 0x2D, 0xB2, 0x11, 0xE5,
    0x88, 0x53, 0xA7, 0xB1, 0xB1, 0x20, 0x12, 0x99, 0x2A, 0x8B, 0x13, 0xA9, 0x4D, 0xEB, 0xC2, 0x01,
    0xFC, 0x0E, 0xF0, 0x36, 0xB0, 0x20, 0x19, 0x91, 0x77, 0x8C, 0xDA, 0x1D, 0x4D, 0x8B, 0x19, 0xEA,
    0x74, 0x5A, 0x5E, 0xF3, 0x9E, 0x01, 0x6F, 0x9F, 0x03, 0x4F, 0x58, 0x79, 0xF3, 0x64, 0xD5, 0x4E,
    0x4F, 0x03, 0xCA, 0x17, 0x35, 0x75, 0xB3, 0x9E, 0x01, 0x4C, 0x77, 0xCD, 0x40, 0xA5, 0x23, 0xCB,
    0x06, 0xC4, 0xB3, 0x8A, 0xD3, 0x1D, 0x7F, 0x00, 0xBC, 0x07, 0xB5, 0xB7, 0x45, 0xAA, 0x92, 0xAC,
    0x31, 0xA0, 0x7E, 0xD6, 0x21, 0xE9, 0x69, 0x07, 0x67, 0xAD, 0xD3, 0x9E, 0xDF, 0x07, 0xEE, 0x03,
    0xE6, 0xC6, 0x59, 0x1D, 0xAC, 0x9B, 0x29, 0x19, 0x39, 0xCE, 0x9E, 0xE4, 0x30, 0x80, 0xB2, 0x46,
    0xC5, 0x9A, 0x64, 0x42, 0x3E, 0xA0, 0xD2, 0x39, 0xFA, 0x27, 0xD0, 0xC3, 0xF8, 0xEB, 0x0F, 0xCD,
    0x3D, 0xEC, 0x4C, 0x69, 0x1B, 0x11, 0xCB, 0x47, 0x16, 0x4B, 0x0F, 0x32, 0xFF, 0xE7, 0x7D, 0xD6,
    0x07, 0xD9, 0xA3, 0x41, 0x8B, 0x38, 0x7F, 0x6E, 0x6F, 0xBE, 0x0D, 0x81, 0xD8, 0xC6, 0x96, 0x78,
    0x13, 0xEF, 0xB1, 0xA3, 0x6B, 0x31, 0xCD, 0x4B, 0x40, 0x0A, 0x20, 0xB7, 0x40, 0x0E, 0xAC, 0x32,
    0xEA, 0x7D, 0xAC, 0xB7, 0xF1, 0x3D, 0x00, 0x23, 0x80, 0x01, 0x88, 0x06, 0x20, 0xEE, 0x80, 0xA4,
    0x05, 0xD2, 0x16, 0xC8, 0x6A, 0x2F, 0x5E, 0x3C, 0xA5, 0xF2, 0x78, 0xA3, 0xD2, 0x03, 0xC9, 0x56,
    0xC5, 0x1E, 0xAB, 0x50, 0xFC, 0xBD, 0x8D, 0xCA, 0x6B, 0x00, 0x70, 0x4F, 0xCE, 0x34, 0x3E, 0x19,
    0x1A, 0x82, 0x64, 0x46, 0xD5, 0xE6, 0x03, 0xF2, 0xBE, 0x68, 0x91, 0x8C, 0xA6, 0x46, 0x3C, 0xE9,
    0x90, 0x77, 0xCC, 0x55, 0xCC, 0x69, 0x3B, 0x8D, 0xE7, 0xE7, 0x83, 0xCA, 0xA9, 0x86, 0xEA, 0x96,
    0x6C, 0x45, 0xDB, 0xCB, 0xD8, 0xB2, 0xF6, 0x01, 0xF6, 0x86, 0x52, 0x9C, 0xB7, 0x40, 0x5C, 0x38,
    0xF1, 0x62, 0xA7, 0xC8, 0xE0, 0x4F, 0xBC, 0x2A, 0x3D, 0xD0, 0xC8, 0x82, 0x44, 0x44, 0xDA, 0x6C,
    0x44, 0x35, 0x30, 0x94, 0x87, 0xBC, 0x46, 0x3A, 0xAD, 0x90, 0x70, 0x76, 0x27, 0xEE, 0x15, 0xAC,
    0x80, 0x00, 0xD9, 0x48, 0x6F, 0x0D, 0x00, 0x2A, 0xE6, 0x5F, 0xA9, 0x81, 0x62, 0xE6, 0x4C, 0x1E,
    0x80, 0x42, 0x2C, 0xD0, 0x8C, 0x40, 0xC2, 0xDB, 0xD9, 0x44, 0xC9, 0x0E, 0x78, 0xA0, 0xB9, 0xC9,
    0xE0, 0x0A, 0x1E, 0x3D, 0x7A, 0xE4, 0x8C, 0x88, 0x78, 0xC8, 0xC3, 0xC2, 0x11, 0x00, 0xE0, 0x04,
    0x63, 0x72, 0x03, 0x22, 0xED, 0x71, 0x38, 0xCC, 0x76, 0x39, 0x18, 0x91, 0xCB, 0x05, 0x41, 0x6A,
    0x64, 0x5E, 0xA3, 0x98, 0x10, 0xA4, 0xB1, 0x27, 0x54, 0x04, 0x73, 0x0C, 0x3B, 0xE2, 0x6C, 0x74,
    0x58, 0x23, 0x8A, 0x91, 0xF9, 0xB7, 0xC7, 0x0A, 0x9C, 0xEB, 0x17, 0x41, 0x2B, 0x74, 0x42, 0xC8,
    0x09, 0x25, 0xA1, 0x62, 0xC5, 0x62, 0xD8, 0xF9, 0x0A, 0xF9, 0xC0, 0xC9, 0xDB, 0x19, 0x9A, 0xB8,
    0xC2, 0x02, 0x43, 0xA3, 0x0C, 0xA7, 0x8D, 0x59, 0xEF, 0xC3, 0xD0, 0x74, 0x03, 0xE1, 0xD8, 0xAE,
    0x41, 0xAD, 0x78, 0x36, 0x7C, 0xAB, 0xF9, 0x50, 0xC3, 0x4B, 0x81, 0x8F, 0xA2, 0xDB, 0x00, 0x47,
    0x77, 0x3B, 0xFC, 0xEA, 0x2F, 0x68, 0xAC, 0x8C, 0x04, 0x01, 0x7E, 0xF8, 0x5D, 0x69, 0x69, 0x74,
    0x0F, 0xE8, 0x42, 0xE1, 0xD7, 0x4F, 0x5D, 0xCF, 0xE1, 0x8E, 0x20, 0x72, 0x6F, 0x02, 0xC9, 0x64,
    0x2C, 0xB2, 0xA1, 0xE8, 0x51, 0xF5, 0xCC, 0x7D, 0x75, 0xC4, 0xFC, 0x87, 0x13, 0x86, 0x3B, 0x5E,
    0xE7, 0xFA, 0x2D, 0x33, 0x50, 0xD2, 0xCF, 0xF2, 0x6F, 0x55, 0x97, 0xCC, 0x48, 0x07, 0xE6, 0x1F,
    0x46, 0x49, 0x3C, 0x16, 0x35, 0xA2, 0x1F, 0x6F, 0xDC, 0x7B, 0x4F, 0x7A, 0x9C, 0x1B, 0x59, 0x30,
    0xB3, 0x29, 0x19, 0x51, 0xF6, 0x52, 0xAF, 0x1A, 0x02, 0xC4, 0xD3, 0xCC, 0x7E, 0xDD, 0x15, 0x3C,
    0x21, 0xBC, 0x4F, 0x33, 0x0C, 0xCD, 0x60, 0x1E, 0x1B, 0xF2, 0x11, 0x55, 0x1F, 0x53, 0x17, 0x95,
    0xCC, 0x21, 0xE6, 0x19, 0x98, 0xD7, 0xA0, 0x6B, 0xE8, 0xA1, 0xC3, 0x3D, 0xC1, 0x81, 0xAD, 0x1F,
    0xFC, 0x91, 0x5E, 0x45, 0x4F, 0x41, 0x59, 0x63, 0x0F, 0x0F, 0x75, 0x3E, 0x84, 0x47, 0x32, 0x3E,
    0x4F, 0x6C, 0xB9, 0xD9, 0x64, 0x46, 0x5F, 0xE2, 0x64, 0xB1, 0x88, 0xE8, 0xE7, 0x54, 0x64, 0x46,
    0x3E, 0x42, 0x18, 0x91, 0xA6, 0x36, 0x16, 0x45, 0xCB, 0x98, 0x08, 0xC0, 0x7F, 0x0B, 0x56, 0xE4,
    0x63, 0x24, 0x48, 0x28, 0xAC, 0x6A, 0x19, 0x23, 0xA0, 0x5C, 0xEF, 0x59, 0x53, 0xAF, 0x9A, 0x7B,
    0x20, 0xEB, 0x1C, 0x90, 0xF6, 0x8E, 0xDD, 0x5C, 0x03, 0x2B, 0xFA, 0xCA, 0xA2, 0xE8, 0xCA, 0x1E,
    0x4D, 0xCD, 0x09, 0x81, 0x58, 0x64, 0xF2, 0x16, 0x28, 0x1C, 0xDA, 0x5B, 0xB8, 0x68, 0x55, 0xB5,
    0xE1, 0x12, 0xD0, 0x50, 0x97, 0xB3, 0x90, 0xAD, 0x60, 0x24, 0x4C, 0xD7, 0xCE, 0x3E, 0xE7, 0xD8,
    0x2B, 0x46, 0x2F, 0x85, 0x1D, 0xFD, 0xEC, 0x38, 0x0E, 0xC7, 0xA6, 0x26, 0x36, 0xAA, 0xB3, 0x67,
    0xE4, 0xB8, 0x87, 0x6F, 0xB3, 0xA9, 0x1D, 0x90, 0x76, 0x7E, 0x44, 0x2D, 0x8C, 0x2D, 0x2E, 0xBF,
    0xBB, 0x20, 0x55, 0x33, 0x1A, 0xA9, 0x81, 0xE8, 0x01, 0x10, 0xB2, 0x34, 0x80, 0x50, 0x7E, 0x0B,
    0xA2, 0x7F, 0xBC, 0x79, 0x7C, 0x7C, 0x13, 0x8D, 0xD6, 0x54, 0x78, 0x73, 0xAD, 0xFD, 0x9E, 0xCF,
    0xA9, 0x49, 0x1D, 0x66, 0x75, 0xBC, 0xB0, 0xC0, 0xD4, 0x2C, 0x16, 0x28, 0xC6, 0x50, 0xC8, 0x69,
    0x53, 0x55, 0x07, 0x08, 0x13, 0x9C, 0x15, 0x14, 0xD1, 0x62, 0x50, 0x63, 0x03, 0xA1, 0x29, 0xA4,
    0xED, 0xF5, 0x62, 0x03, 0x5C, 0x95, 0x3F, 0x0E, 0xCF, 0x36, 0xCC, 0x8C, 0x44, 0x8B, 0x55, 0x47,
    0x85, 0x39, 0x14, 0x43, 0xBA, 0x42, 0x63, 0x15, 0xB4, 0x86, 0x15, 0x9B, 0x82, 0x37, 0xB4, 0x3F,
    0x34, 0x35, 0x42, 0xE5, 0x17, 0x8B, 0x9C, 0x4F, 0xC4, 0xF0, 0x59, 0x37, 0x36, 0x12, 0xCC, 0x80,
    0xA9, 0x1D, 0x9D, 0xA7, 0x70, 0x4E, 0xF8, 0x4B, 0x5D, 0xAB, 0x43, 0xA8, 0x09, 0x3B, 0x76, 0x07,
    0xF3, 0xE9, 0xD0, 0x64, 0xF6, 0x79, 0x8E, 0xA2, 0xA0, 0x28, 0xC1, 0x6E, 0x61, 0x73, 0xBC, 0x4A,
    0x30, 0x2D, 0xA1, 0xF3, 0xA5, 0x70, 0x0F, 0xD1, 0x47, 0x9C, 0xB9, 0xD4, 0x60, 0x78, 0xA8, 0x97,
    0x98, 0xE3, 0xD8, 0xF6, 0x0C, 0x9C, 0xBA, 0xA0, 0x12, 0x49, 0x18, 0x03, 0x75, 0x35, 0xD2, 0x91,
    0x0F, 0x8C, 0xF6, 0x37, 0x3E, 0xD0, 0xD7, 0x9B, 0x36, 0x12, 0xB1, 0x91, 0x43, 0x5E, 0x27, 0xD4,
    0x9E, 0x51, 0xAE, 0x95, 0xD9, 0x80, 0x0A, 0xF7, 0x91, 0x74, 0xAB, 0x82, 0xC1, 0xFB, 0x88, 0x2D,
    0x1C, 0x8C, 0xE5, 0x44, 0x86, 0x43, 0x59, 0xAF, 0x85, 0x52, 0x58, 0x70, 0x88, 0xC5, 0x17, 0xE8,
    0x52, 0x5F, 0xC8, 0xDB, 0x50, 0x28, 0x2C, 0x0B, 0x96, 0x4D, 0x52, 0x1D, 0x0B, 0x4A, 0x1B, 0xB3,
    0xD0, 0x70, 0xE2, 0xCC, 0xD8, 0xA3, 0xB2, 0xB9, 0x88, 0x79, 0xC7, 0xC1, 0xB4, 0x89, 0x4C, 0x05,
    0xD3, 0x48, 0x87, 0x77, 0x6D, 0x2A, 0x1D, 0x8D, 0x04, 0xF0, 0x57, 0x40, 0xE6, 0x58, 0xF0, 0x4F,
    0x32, 0x1C, 0xD2, 0x86, 0x82, 0x99, 0x80, 0x48, 0x27, 0xAE, 0xFC, 0xF0, 0x95, 0x46, 0x35, 0x1A,
    0xCD, 0xF1, 0xBA, 0x8E, 0x2F, 0xDE, 0x3F, 0x95, 0xB4, 0x47, 0x6C, 0xA4, 0x0F, 0xCD, 0x50, 0x81,
    0x2F, 0x94, 0xA3, 0x72, 0xF2, 0x7F, 0x4E, 0x39, 0x1D, 0x66, 0xE5, 0xAC, 0xDF, 0x2B, 0xEB, 0x74,
    0xD7, 0xA0, 0x33, 0x35, 0xD9, 0xD8, 0xA2, 0x25, 0x57, 0x3E, 0xAB, 0x60, 0xF1, 0x0F, 0x33, 0x72,
    0x3E, 0xDF, 0xC4, 0x2B, 0x6B, 0x42, 0x19, 0xC3, 0x8A, 0x26, 0xFE, 0xF9, 0xE8, 0x6E, 0xC9, 0x3F,
    0x2E, 0xB5, 0x90, 0x8D, 0x99, 0xD6, 0x47, 0x09, 0x1B, 0x6C, 0xC2, 0xFE, 0x63, 0x56, 0x13, 0xAE,
    0x12, 0x18, 0x97, 0x3C, 0xC2, 0xD3, 0xCC, 0x71, 0x5E, 0x80, 0x28, 0xB6, 0x22, 0x76, 0x70, 0x5C,
    0xAB, 0x89, 0xC9, 0x44, 0x8C, 0x1C, 0x11, 0x37, 0x30, 0xD6, 0xDA, 0x54, 0x25, 0x4F, 0x3B, 0x68,
    0x0B, 0x8A, 0xBD, 0xA2, 0xAF, 0xF5, 0xF2, 0x8B, 0x62, 0xA5, 0x68, 0x6E, 0xE0, 0x8E, 0x18, 0xCD,
    0xC4, 0xCC, 0xA9, 0x0D, 0x6A, 0x95, 0xD4, 0x6A, 0x9B, 0x6E, 0x9A, 0x6A, 0x1D, 0xFF, 0x0C, 0xB0,
    0xDA, 0x46, 0x72, 0xB6, 0xF6, 0x98, 0x50, 0x7E, 0xE0, 0xF3, 0x4D, 0x86, 0xA2, 0x25, 0x1A, 0x4B,
    0xAC, 0x34, 0x25, 0x79, 0x9F, 0x9F, 0x2B, 0xBA, 0xE7, 0x61, 0x90, 0xD9, 0x29, 0x1A, 0x8F, 0x35,
    0xC2, 0x5B, 0x08, 0x3E, 0xC8, 0x46, 0x0A, 0x26, 0xB3, 0x7A, 0x43, 0x3A, 0x4E, 0x3F, 0xA3, 0xAB,
    0x4A, 0xEA, 0x1F, 0x47, 0x29, 0x67, 0x08, 0x76, 0x92, 0xA4, 0x43, 0x45, 0x72, 0xDA, 0xFA, 0x89,
    0x28, 0xA1, 0x69, 0x49, 0xC1, 0xAB, 0x48, 0x47, 0xA5, 0xD8, 0x29, 0x21, 0xD0, 0xB9, 0xA7, 0x9D,
    0x27, 0x73, 0x37, 0xED, 0x8E, 0xF4, 0xDC, 0xB6, 0xCD, 0x64, 0x54, 0xCA, 0x7B, 0xA5, 0xAA, 0x25,
    0xA5, 0x12, 0x2C, 0x0B, 0x76, 0x1E, 0x59, 0xED, 0x3C, 0x06, 0x01, 0x2A, 0xDD, 0xC4, 0x0F, 0xEF,
    0xF0, 0x23, 0x75, 0x8F, 0x31, 0xD4, 0xDE, 0x89, 0x6E, 0x8B, 0xEF, 0x2E, 0x7C, 0xD3, 0xDB, 0x5A,
    0x45, 0x90, 0x61, 0x8B, 0x1A, 0x9C, 0x37, 0x30, 0x7E, 0x78, 0xB7, 0x85, 0xEE, 0x18, 0x79, 0xFF,
    0x0B, 0x23, 0x0D, 0x38, 0x46, 0x86, 0xE8, 0x19, 0x42, 0x48, 0x68, 0x78, 0x44, 0xD2, 0xA1, 0x18,
    0x34, 0x6C, 0x46, 0x86, 0x68, 0x34, 0xE9, 0x64, 0x9F, 0x8C, 0x65, 0x59, 0xC3, 0xEC, 0xE3, 0xDD,
    0xED, 0x21, 0x5A, 0x88, 0x6C, 0x51, 0x65, 0xCC, 0x4E, 0xD1, 0x78, 0xAC, 0x89, 0x45, 0x47, 0xD4,
    0x10, 0xDD, 0x27, 0x8B, 0x3E, 0x7E, 0xF6, 0x3B, 0xAA, 0x0D, 0x1D, 0xED, 0x11, 0x30, 0x0A, 0x7B,
    0xB5, 0x33, 0x11, 0x69, 0x9F, 0x66, 0x1F, 0x27, 0x2D, 0x5E, 0x98, 0x85, 0xC7, 0x4D, 0x7E, 0x59,
    0xED, 0xDF, 0x62, 0x3F, 0xD9, 0x9F, 0x2F, 0x6B, 0x7F, 0x13, 0xC9, 0x01, 0xA0, 0x00, 0x24, 0x2F,
    0x04, 0xDF, 0x24, 0xB8, 0x1B, 0x90, 0xF6, 0x5C, 0xE2, 0xBB, 0x8A, 0x39, 0xDB, 0x74, 0x68, 0xB8,
    0x80, 0x2D, 0x48, 0xFC, 0x8F, 0x3B, 0x8B, 0x85, 0xDF, 0xD8, 0x1C, 0x93, 0x9A, 0xDA, 0x80, 0x14,
    0x3B, 0xA5, 0x6C, 0x50, 0x2A, 0x3B, 0xA5, 0xC6, 0x92, 0xE2, 0x19, 0xA4, 0x6C, 0x54, 0xD2, 0x2A,
    0xB8, 0xA6, 0x26, 0x2D, 0x32, 0x85, 0x69, 0xA0, 0xF4, 0x0F, 0x7A, 0x57, 0xFC, 0x32, 0xB4, 0x20,
    0xEB, 0xB7, 0xBF, 0x97, 0x05, 0x8A, 0x47, 0xA5, 0xC8, 0x29, 0x21, 0xD0, 0xF9, 0x3D, 0x4B, 0xAA,
    0x32, 0x7D, 0x0E, 0x46, 0x94, 0x0A, 0xB1, 0xA4, 0x74, 0x7A, 0xD6, 0x04, 0x71, 0xF8, 0xBA, 0xF0,
    0xC1, 0xCD, 0x94, 0xF2, 0x48, 0x53, 0x8A, 0xF0, 0x38, 0xA0, 0x3A, 0x29, 0xA5, 0xE1, 0x2C, 0xE4,
    0x2C, 0xD4, 0x00, 0x87, 0x02, 0xA1, 0xCB, 0x9A, 0x01, 0xA0, 0xE5, 0x11, 0x81, 0x6E, 0x4B, 0x58,
    0x70, 0x33, 0x90, 0x7F, 0xC6, 0x42, 0x03, 0x94, 0xFF, 0xCA, 0x82, 0xA9, 0x51, 0xFD, 0x2D, 0x0B,
    0x79, 0x07, 0x49, 0x58, 0x48, 0x87, 0xD8, 0x69, 0x21, 0x99, 0xD2, 0x51, 0x0B, 0x98, 0xF3, 0xDE,
    0x17, 0x2A, 0x53, 0xFB, 0x42, 0x29, 0xF0, 0x85, 0xDC, 0x85, 0x42, 0x3A, 0x86, 0x42, 0xFC, 0x30,
    0x14, 0x80, 0x2F, 0x5C, 0x50, 0x6F, 0xEB, 0xBC, 0xB8, 0x59, 0x98, 0x03, 0xCB, 0x81, 0x6B, 0x32,
    0xC7, 0x1B, 0x66, 0xF0, 0xE0, 0x79, 0x99, 0x3C, 0xBB, 0x39, 0x70, 0x15, 0xB8, 0x6C, 0xC9, 0x1C,
    0x29, 0x99, 0x03, 0xF5, 0x1C, 0x3B, 0xCF, 0x58, 0x02, 0x57, 0xD6, 0x73, 0xD9, 0x7A, 0xCE, 0x7B,
    0xCF, 0xC9, 0xE8, 0x39, 0x72, 0x9E, 0xB1, 0x04, 0x36, 0x7F, 0xE6, 0xB9, 0xF8, 0xC4, 0x73, 0xF6,
    0x3F, 0x9E, 0x13, 0xF1, 0x1C, 0xAD, 0xAC, 0x03, 0x69, 0x02, 0x9B, 0xC0, 0x0C, 0xDD, 0xB0, 0xF5,
    0x4C, 0xC3, 0xEB, 0xD0, 0x4A, 0x3D, 0x34, 0x0D, 0x3A, 0x24, 0x33, 0x75, 0x91, 0x8F, 0xBA, 0x23,
    0xD0, 0x6C, 0x59, 0x74, 0x9A, 0x3A, 0xB3, 0xC1, 0x78, 0x97, 0xED, 0x48, 0xF1, 0x78, 0x4E, 0x8A,
    0xA6, 0x10, 0x46, 0xCF, 0xA3, 0x20, 0x19, 0xF4, 0x42, 0x2B, 0xA1, 0xCD, 0xD0, 0x43, 0x36, 0x68,
    0x7F, 0xEC, 0x3D, 0x96, 0x83, 0x2D, 0x28, 0xD5, 0xB2, 0x60, 0x67, 0xB0, 0x5A, 0xB8, 0x06, 0x2B,
    0x4A, 0x7D, 0xBD, 0xB4, 0x9D, 0xB8, 0xEB, 0x37, 0x22, 0xEC, 0x15, 0xCD, 0x2D, 0xA8, 0xB5, 0x91,
    0x23, 0x16, 0xD3, 0xE6, 0xED, 0xCB, 0xAE, 0xF8, 0x9B, 0xB3, 0x97, 0xB2, 0xB4, 0xA9, 0xA1, 0xD7,
    0x76, 0x07, 0x07, 0x1F, 0x46, 0x15, 0x5C, 0x7C, 0xF0, 0x31, 0x82, 0x0B, 0x10, 0x3C, 0x82, 0xE0,
    0x20, 0xEC, 0xBD, 0xBF, 0x10, 0xDC, 0x77, 0xE8, 0xF4, 0x4E, 0xA6, 0xBC, 0x5D, 0xE5, 0x77, 0x40,
    0xD2, 0xEB, 0x36, 0x02, 0xE9, 0x94, 0x0C, 0xDA, 0xFE, 0x9C, 0x0D, 0xDA, 0x5F, 0xB5, 0x42, 0x36,
    0xD2, 0xC3, 0xAD, 0xDA, 0x93, 0xCB, 0xB5, 0x7D, 0xEA, 0xF6, 0x31, 0xD8, 0xEF, 0xFC, 0x78, 0x1E,
    0xAA, 0x11, 0xEA, 0xC3, 0x87, 0xCA, 0x45, 0x3D, 0x2A, 0x67, 0xFF, 0x41, 0x0E, 0x93, 0x1D, 0xDA,
    0x88, 0xE7, 0xD7, 0xC3, 0x93, 0x0A, 0x8F, 0xCA, 0xD3, 0xE0, 0x63, 0xD5, 0x29, 0x61, 0xF6, 0xB4,
    0xF3, 0x64, 0x9E, 0x45, 0xBB, 0xAD, 0x64, 0xEA, 0x80, 0xD0, 0x8A, 0x6F, 0x13, 0xDA, 0x83, 0x9F,
    0x3F, 0x4A, 0x65, 0xAB, 0x94, 0x77, 0x4A, 0x69, 0xC8, 0xCB, 0xE3, 0x76, 0x01, 0x40, 0xA0, 0x7D,
    0x7C, 0x46, 0x32, 0xDF, 0xD1, 0xA5, 0xB0, 0x94, 0x9E, 0x94, 0x49, 0x4B, 0x8A, 0x17, 0x8E, 0xF9,
    0xD2, 0x6F, 0xEC, 0x7A, 0xF5, 0xC3, 0xC4, 0xC7, 0x15, 0xCF, 0x3A, 0x7D, 0x76, 0x37, 0xBE, 0x65,
    0xE0, 0x99, 0xDF, 0x32, 0x2C, 0xA9, 0x59, 0xFE, 0x9C, 0x6E, 0x12, 0xFD, 0xEF, 0x0D, 0xF5, 0x2B,
    0xB2, 0xED, 0xCF, 0xEC, 0xA5, 0xD7, 0x69, 0x7F, 0x4F, 0xD1, 0x28, 0xDE, 0x67, 0x5B, 0x5A, 0xAE,
    0x6C, 0xD1, 0xE3, 0x9E, 0xE8, 0x1E, 0x66, 0x46, 0x4C, 0x7B, 0x82, 0x6D, 0xA2, 0x47, 0x7B, 0x4C,
    0x9A, 0x1A, 0xF3, 0xA7, 0xE8, 0x01, 0xE9, 0x15, 0x0B, 0x12, 0xF0, 0xB5, 0x93, 0xA6, 0xCC, 0x63,
    0xBA, 0x75, 0x6F, 0x05, 0x17, 0xD4, 0xBE, 0x2E, 0xD6, 0x3D, 0x5F, 0x0F, 0xEC, 0x03, 0x57, 0x80,
    0x7E, 0xF1, 0x32, 0xD6, 0xA7, 0xF0, 0x92, 0x57, 0xAD, 0x3B, 0x77, 0x34, 0x94, 0x99, 0x79, 0xFA,
    0xC8, 0x18, 0xE1, 0x27, 0x4B, 0x47, 0x8E, 0x9B, 0x4B, 0xDC, 0x3E, 0xAE, 0x38, 0xEC, 0x31, 0xC2,
    0x1E, 0xD3, 0xF7, 0x97, 0x85, 0xFE, 0xD8, 0x8F, 0xA9, 0x7D, 0x5F, 0x45, 0x1B, 0xFA, 0xEE, 0x82,
    0x2D, 0x03, 0xB0, 0x6C, 0x6D, 0x9E, 0x10, 0x4F, 0x9B, 0x3D, 0x2F, 0x66, 0x36, 0xB7, 0xD9, 0x13,
    0x1B, 0x6D, 0x22, 0x7C, 0x04, 0x0B, 0x21, 0xA5, 0xDC, 0xED, 0xAF, 0xF7, 0xD8, 0x9B, 0x3D, 0x77,
    0xFC, 0x9B, 0xF1, 0x68, 0x4F, 0x8E, 0xA6, 0xF7, 0x5C, 0xB5, 0x9E, 0x0D, 0x59, 0xC4, 0xDB, 0x9C,
    0x1F, 0xE6, 0xDF, 0x55, 0x31, 0x12, 0xCB, 0x22, 0x8D, 0x8A, 0xA5, 0x66, 0xBF, 0x51, 0x58, 0x86,
    0x38, 0x8E, 0x39, 0x14, 0x2B, 0xF5, 0x5E, 0xFA, 0x4B, 0xEF, 0x69, 0x03, 0xE4, 0xFA, 0x2A, 0xA0,
    0xE3, 0xCE, 0x7F, 0xA2, 0x7B, 0x6E, 0xDA, 0x5D, 0xFC, 0xCD, 0xC8, 0x61, 0x71, 0x28, 0xE5, 0x9F,
    0x4E, 0x1C, 0x34, 0x9D, 0x64, 0xE0, 0x48, 0x1C, 0x68, 0x85, 0x99, 0x95, 0x14, 0x3A, 0xC7, 0x8E,
    0x2A, 0x7E, 0x53, 0x6D, 0xA0, 0xA3, 0x75, 0x5A, 0xD4, 0x01, 0x9F, 0x47, 0x13, 0x4A, 0x5B, 0xE9,
    0x48, 0xE2, 0x71, 0x95, 0xD4, 0x61, 0x9B, 0x30, 0x2F, 0xE8, 0xA0, 0x1F, 0xF4, 0xC8, 0xFE, 0x65,
    0x52, 0xDF, 0xFC, 0x53, 0x87, 0xF4, 0x67, 0xA3, 0x16, 0x7F, 0xDA, 0x22, 0xF9, 0xF5, 0x10, 0xDE,
    0x75, 0x90, 0xE8, 0xC3, 0x5D, 0xA9, 0xD6, 0x15, 0x15, 0x7E, 0x79, 0x82, 0xA8, 0x6B, 0x23, 0x2D,
    0x5A, 0xF0, 0x58, 0xC2, 0x7C, 0x36, 0xE2, 0xE8, 0xAC, 0x63, 0x82, 0xB1, 0x34, 0x9E, 0xE6, 0xD2,
    0xF8, 0xCC, 0xE7, 0xE2, 0x64, 0x52, 0x0D, 0xCC, 0xD1, 0x4C, 0x6A, 0x92, 0x89, 0x64, 0xFE, 0x6E,
    0x08, 0xEF, 0x57, 0xDE, 0x06, 0x4B, 0x8A, 0x17, 0x04, 0xDA, 0xDC, 0x0C, 0x22, 0xE6, 0x93, 0x61,
    0xA3, 0x3E, 0xD3, 0x93, 0xA1, 0xE9, 0xD0, 0x51, 0xE8, 0xF6, 0x60, 0xC4, 0x5E, 0x5D, 0xA6, 0x56,
    0x89, 0xBB, 0x41, 0x9C, 0x9E, 0xC7, 0x84, 0xC5, 0x47, 0x6A, 0x13, 0x82, 0xB3, 0x66, 0x43, 0x2C,
    0x56, 0xD7, 0xFB, 0xE5, 0x74, 0x88, 0x27, 0xB0, 0x5D, 0x3F, 0xE3, 0x9D, 0x0F, 0xC5, 0x7D, 0xE1,
    0x0D, 0x0C, 0xB9, 0x71, 0x51, 0xCA, 0x9D, 0x52, 0x3A, 0xBE, 0x48, 0x4A, 0xA1, 0xF9, 0x4F, 0x93,
    0x11, 0x4E, 0xC9, 0x23, 0x64, 0xAF, 0x3D, 0xD1, 0xB4, 0x44, 0xC1, 0xEB, 0xBA, 0xFA, 0x86, 0xCF,
    0x2B, 0xAC, 0xBC, 0x0E, 0x74, 0x01, 0x8E, 0x2B, 0xCB, 0x1B, 0x95, 0x8E, 0x98, 0x6F, 0x2A, 0x9B,
    0xF6, 0x10, 0x05, 0x0F, 0xB4, 0xD2, 0x69, 0xA5, 0x33, 0x3D, 0xB1, 0xFA, 0xC5, 0xD3, 0xBB, 0xF2,
    0x4A, 0x6A, 0x11, 0xEB, 0x80, 0xAF, 0xF4, 0x14, 0x41, 0x25, 0xF6, 0xC7, 0x00, 0x68, 0xCC, 0x7B,
    0xE1, 0x63, 0xDB, 0xDB, 0xE1, 0xC3, 0x5B, 0xCE, 0xCB, 0xFA, 0x6F, 0x78, 0x69, 0xEB, 0x3F, 0xD2,
    0xC5, 0x7D, 0xF8, 0x2D, 0x8F, 0xD7, 0xE3, 0x8D, 0xD2, 0x1F, 0xD3, 0x47, 0x1B, 0xA5, 0x94, 0x51,
    0xBB, 0x51, 0x52, 0x85, 0x71, 0xAB, 0xC4, 0x5E, 0x36, 0x4A, 0x99, 0x05, 0x22, 0x34, 0x62, 0x2B,
    0x69, 0x91, 0x7F, 0xB5, 0x67, 0xC3, 0x88, 0xB5, 0x80, 0x05, 0x90, 0xF4, 0x57, 0x3F, 0xF4, 0x3A,
    0x9A, 0xF4, 0x36, 0xED, 0x2B, 0x01, 0xF0, 0x73, 0x5B, 0x3C, 0xA4, 0x2D, 0x92, 0x2E, 0x1E, 0xA8,
    0x37, 0xD2, 0xD6, 0x27, 0xB8, 0x8F, 0xF5, 0x7C, 0x42, 0xC3, 0x3F, 0x06, 0x32, 0xF0, 0x69, 0x1D,
    0x2E, 0xD3, 0x96, 0x6D, 0xDE, 0xF1, 0x4B, 0x7B, 0x32, 0x24, 0x43, 0x34, 0x46, 0xCD, 0x05, 0xA7,
    0xA0, 0x66, 0x40, 0x8E, 0x8A, 0x2F, 0xC9, 0xB9, 0x4D, 0x7B, 0x7C, 0x43, 0x83, 0x33, 0x5A, 0x21,
    0x62, 0x40, 0xE6, 0xCB, 0x8F, 0x06, 0xE8, 0xE6, 0x65, 0xC7, 0x8A, 0xF7, 0x0F, 0xC0, 0xB4, 0xB5,
    0x56, 0xFC, 0xBD, 0x88, 0x2D, 0xE4, 0x7F, 0xA5, 0x4E, 0xC5, 0xEE, 0x2D, 0x78, 0xF8, 0xCD, 0x65,
    0x47, 0xF8, 0x92, 0x7B, 0xE7, 0x5F, 0x35, 0x3D, 0x92, 0xDF, 0x86, 0x2F, 0x8D, 0x7C, 0x9B, 0x2E,
    0xB9, 0x8B, 0x4A, 0x87, 0x15, 0x92, 0x89, 0x86, 0x39, 0xCA, 0x6D, 0x41, 0xEF, 0x8D, 0x9C, 0xB9,
    0x8E, 0x72, 0x42, 0x0D, 0x11, 0x69, 0x93, 0x9F, 0x89, 0x20, 0xE9, 0xAB, 0x0B, 0xE0, 0xF4, 0x92,
    0xCD, 0x75, 0xB9, 0xC8, 0x58, 0xF6, 0xF1, 0x64, 0x2C, 0xDC, 0x1E, 0x78, 0x3C, 0x03, 0x70, 0x9B,
    0x8B, 0xFF, 0xEF, 0xA1, 0x69, 0xE6, 0xF1, 0x2A, 0xE7, 0x28, 0x1F, 0x73, 0x71, 0x2C, 0x97, 0xC3,
    0xCF, 0xFE, 0xF9, 0x42, 0x10, 0x50, 0xEA, 0x0B, 0x42, 0x79, 0x69, 0x10, 0x8B, 0x34, 0xC8, 0x44,
    0x68, 0x64, 0x24, 0xEC, 0xC8, 0xF8, 0xD5, 0x64, 0x26, 0xB8, 0x63, 0x98, 0xE1, 0x6B, 0x2B, 0xCA,
    0xF9, 0x61, 0xF1, 0x81, 0x35, 0x63, 0x22, 0x52, 0x3A, 0x9C, 0x8E, 0xD9, 0x05, 0x4E, 0x2F, 0x90,
    0xC8, 0xC2, 0xDB, 0xD6, 0x74, 0x79, 0x5B, 0x21, 0xED, 0xCE, 0x91, 0xF4, 0x7C, 0x6D, 0x12, 0x91,
    0xC3, 0xD5, 0xBB, 0xF0, 0x9B, 0x53, 0x05, 0xD4, 0xA6, 0x4D, 0x87, 0xDC, 0x7F, 0x35, 0xB4, 0xA8,
    0x46, 0x20, 0x5B, 0x00, 0x23, 0x1D, 0x9A, 0x8F, 0x06, 0xB8, 0x84, 0x57, 0x0F, 0x17, 0x77, 0x34,
    0x62, 0x7B, 0x19, 0x91, 0xAB, 0x0B, 0x0E, 0x5F, 0xEA, 0xFA, 0x23, 0xB6, 0x33, 0x85, 0xEF, 0x19,
    0x00, 0xFB, 0x4E, 0xF5, 0x5B, 0xD1, 0x4F, 0x1D, 0x7D, 0x23, 0x0E, 0xE9, 0x14, 0xCB, 0x37, 0x90,
    0xF5, 0xBA, 0x54, 0xB7, 0x30, 0xCF, 0xC2, 0x54, 0x6B, 0x93, 0x29, 0xD6, 0x65, 0x5A, 0x26, 0x8D,
    0xE3, 0x1E, 0x28, 0x7E, 0xB0, 0x60, 0x45, 0x0B, 0x62, 0x07, 0xE8, 0xFD, 0xFF, 0x56, 0x19, 0xE9,
    0x90, 0xFD, 0x52, 0x64, 0x44, 0x51, 0x73, 0xA7, 0x65, 0x00, 0x2C, 0xD8, 0xE9, 0xF3, 0xDE, 0xAB,
    0x5F, 0x1A, 0x2D, 0x57, 0x35, 0xE2, 0x19, 0x66, 0xC4, 0xE9, 0x44, 0x5D, 0xE9, 0x11, 0xF9, 0x1D,
    0xD0, 0xEF, 0x3E, 0x3A, 0x7B, 0xE1, 0xE8, 0x26, 0x30, 0xBA, 0x7F, 0x2D, 0xB3, 0x9A, 0x84, 0x64,
    0xE1, 0xEC, 0x9A, 0x50, 0xB4, 0x5C, 0xD3, 0x3F, 0x37, 0x88, 0xB4, 0xF9, 0xCF, 0x57, 0xC8, 0x96,
    0x15, 0xE2, 0x25, 0xE5, 0xF7, 0x0E, 0x9E, 0x6B, 0x21, 0x1C, 0x6A, 0xAA, 0xF4, 0x34, 0x33, 0xB9,
    0xF3, 0x94, 0x3A, 0x96, 0x16, 0x7B, 0x4B, 0xC7, 0x99, 0x96, 0xE7, 0xE6, 0x33, 0x52, 0x22, 0x2D,
    0xCF, 0x17, 0xC8, 0x7D, 0xAF, 0x95, 0xF5, 0x7D, 0xB1, 0x46, 0x70, 0x32, 0xBD, 0x0C, 0x07, 0x1A,
    0x69, 0xB7, 0x90, 0xF7, 0xBC, 0x57, 0xAF, 0x20, 0x40, 0xF2, 0xD9, 0xAC, 0x0F, 0xBB, 0x26, 0x74,
    0x2B, 0xB0, 0x96, 0x11, 0xCD, 0xA4, 0xC7, 0x06, 0x26, 0xC2, 0x93, 0x6F, 0x8B, 0xB4, 0xBB, 0x79,
    0x85, 0xD2, 0xD1, 0x8B, 0x7D, 0x55, 0xA3, 0xE9, 0x51, 0x51, 0xEC, 0x25, 0x9D, 0x62, 0xBD, 0x4B,
    0x9B, 0xEF, 0xCB, 0x19, 0x67, 0x97, 0xFC, 0x97, 0x4C, 0x95, 0xE8, 0xE7, 0x92, 0x59, 0xF8, 0x50,
    0x1C, 0xA4, 0x4B, 0x27, 0x24, 0x23, 0x2A, 0x1B, 0x39, 0xEA, 0x18, 0xE0, 0xC5, 0x59, 0xA4, 0x35,
    0x13, 0x96, 0x33, 0xB2, 0x43, 0xD3, 0x7B, 0x2E, 0xBB, 0xA6, 0x6E, 0x7A, 0x1A, 0x31, 0x43, 0x5E,
    0x5E, 0xDC, 0x69, 0x56, 0x8C, 0x39, 0x47, 0x72, 0xCE, 0xC1, 0xB2, 0x8F, 0x17, 0x18, 0x8B, 0x8A,
    0x13, 0xAA, 0xAC, 0x67, 0xA0, 0xD0, 0xCF, 0x9A, 0x1B, 0xD0, 0x7B, 0x5A, 0xAB, 0x72, 0xAA, 0x91,
    0x51, 0x57, 0x5B, 0xD1, 0xF6, 0x9A, 0xBA, 0xBA, 0x80, 0x30, 0x73, 0xD3, 0xD2, 0x56, 0xB3, 0xB9,
    0xCF, 0xEB, 0x23, 0xE2, 0xDB, 0xF3, 0x7F, 0x58, 0x1D, 0x28, 0x37, 0x87, 0xFC, 0x5F, 0x73, 0x15,
    0xD1, 0xF5, 0xE4, 0x8E, 0x98, 0x12, 0x69, 0xB7, 0x80, 0xD3, 0xB1, 0x04, 0x33, 0xAC, 0xE6, 0x5A,
    0x18, 0x66, 0xDD, 0xCA, 0x42, 0x34, 0x13, 0x3F, 0x37, 0x4F, 0x1B, 0xCD, 0xE7, 0x9A, 0xD9, 0x35,
    0xC7, 0x6B, 0xB6, 0x67, 0xDE, 0xBF, 0x7B, 0x7D, 0x78, 0xB5, 0xF9, 0x10, 0xC8, 0xC5, 0x29, 0xAC,
    0x3E, 0xE8, 0xE5, 0x53, 0x5D, 0xBA, 0xE7, 0x44, 0xEC, 0x79, 0x32, 0xE1, 0x9C, 0x71, 0x4B, 0x6B,
    0x9F, 0x77, 0x31, 0xB2, 0x0E, 0x57, 0xD4, 0x5C, 0xD2, 0x86, 0xB6, 0xF8, 0xCF, 0x66, 0x28, 0xEB,
    0x64, 0x28, 0x11, 0xAF, 0xEC, 0xDF, 0xFD, 0x52, 0x61, 0x2E, 0x5B, 0x80, 0x7B, 0xD2, 0xFB, 0x57,
    0xC5, 0xC8, 0x15, 0x80, 0x2B, 0xEC, 0xCA, 0x3F, 0xFF, 0xEB, 0x29, 0x63, 0x03, 0xFC, 0x5C, 0xFD,
    0x1A, 0x10, 0xDF, 0xDA, 0x97, 0xBB, 0xBA, 0xEE, 0xB0, 0xCB, 0x1D, 0xAE, 0xD8, 0xC5, 0x53, 0xC4,
    0x1C, 0xDC, 0x48, 0x8F, 0x6C, 0xB1, 0x32, 0x70, 0x96, 0x6C, 0x91, 0x61, 0xF6, 0x25, 0x70, 0x44,
    0xD9, 0x22, 0x76, 0x68, 0xF4, 0x19, 0xEA, 0xB2, 0x26, 0xFF, 0x2E, 0x35, 0xB2, 0x25, 0x16, 0xCB,
    0x39, 0x20, 0xC3, 0x16, 0x63, 0x47, 0x61, 0xBF, 0xFD, 0x0C, 0x1F, 0x60, 0xAB, 0xB0, 0xBD, 0x28,
    0x74, 0xFF, 0xEA, 0x77, 0xAF, 0x55, 0xD8, 0x6A, 0x72, 0x10, 0x4E, 0xB7, 0x99, 0xD3, 0xF5, 0x26,
    0xB3, 0xE9, 0x89, 0x26, 0xEC, 0x53, 0x35, 0x74, 0xD2, 0x91, 0xC8, 0xF9, 0x31, 0x85, 0x42, 0xEE,
    0x58, 0xE0, 0x44, 0x9B, 0xD9, 0x4B, 0xE4, 0x18, 0xE2, 0xEC, 0x68, 0x81, 0x69, 0x68, 0x33, 0x1A,
    0x54, 0xC6, 0x9A, 0x9A, 0x5D, 0xEF, 0xCB, 0xBA, 0x62, 0x63, 0xED, 0x5C, 0xB4, 0xFA, 0x92, 0xF1,
    0xCF, 0x6E, 0x3D, 0x59, 0xF8, 0x74, 0xCA, 0x3E, 0x65, 0x21, 0xFD, 0x6C, 0x5C, 0x4F, 0xDA, 0x23,
    0x43, 0xA2, 0x66, 0x44, 0xD2, 0xC7, 0xD2, 0xA9, 0x55, 0x5D, 0xD8, 0xDC, 0x35, 0x6D, 0xD8, 0xDA,
    0x99, 0x1A, 0x0D, 0x2B, 0xE4, 0x13, 0x71, 0xD7, 0x00, 0xD1, 0x70, 0xFD, 0x0E, 0xD7, 0x4C, 0xEE,
    0xBA, 0x52, 0x6A, 0xC5, 0x62, 0x41, 0xA3, 0x42, 0x89, 0xF7, 0x58, 0x1B, 0xE4, 0xA8, 0x21, 0xF2,
    0x13, 0x91, 0x0D, 0x0C, 0xA0, 0x37, 0x27, 0x45, 0x47, 0xC4, 0xCC, 0xE1, 0x61, 0x47, 0xCF, 0xC2,
    0xA8, 0x67, 0xCB, 0x3A, 0xD5, 0x1F, 0x97, 0xF3, 0x9E, 0xDE, 0xCC, 0x5B, 0x7A, 0xB3, 0xBC, 0xFA,
    0x64, 0x1B, 0x4F, 0x1C, 0x2D, 0xDC, 0x9E, 0x38, 0xCF, 0xC4, 0xCA, 0x11, 0xCD, 0x48, 0x2C, 0x07,
    0x62, 0xDE, 0x2B, 0x7A, 0x2F, 0x2B, 0x52, 0x35, 0xD3, 0x81, 0x15, 0xEF, 0xA8, 0x73, 0x64, 0x02,
    0x90, 0x09, 0x05, 0xA3, 0xC5, 0xEA, 0x80, 0x65, 0x3A, 0x5C, 0x0E, 0xF9, 0xE0, 0x60, 0x5A, 0x0E,
    0x1B, 0xFA, 0xE9, 0x98, 0x76, 0x75, 0x40, 0x63, 0xC1, 0x2D, 0x6B, 0x3A, 0xC1, 0x15, 0xBD, 0xFE,
    0x9E, 0xEF, 0xC4, 0x7F, 0x2D, 0xD0, 0x0B, 0xA9, 0x6E, 0x3B, 0xF7, 0x80, 0xBB, 0xFB, 0x8C, 0x74,
    0x55, 0xA9, 0x6A, 0x9E, 0x0C, 0xF9, 0xE9, 0x73, 0x69, 0xE1, 0x1C, 0xEC, 0x22, 0x1D, 0x3E, 0x70,
    0x9F, 0xEB, 0xD8, 0x59, 0x9C, 0xF4, 0x88, 0xC7, 0x67, 0x19, 0x70, 0x38, 0x43, 0x60, 0xFB, 0xFB,
    0x15, 0x70, 0x32, 0x22, 0x1B, 0x59, 0x38, 0xAA, 0x0D, 0x27, 0x6E, 0x9C, 0xF1, 0xC8, 0x2E, 0x76,
    0x16, 0x11, 0x77, 0xDC, 0x53, 0xDA, 0x4E, 0xC5, 0x62, 0x6D, 0xD4, 0xE3, 0xFF, 0x01, 0xDD, 0x9A,
    0x01, 0x84, 0x27, 0x59, 0x7E, 0xC7, 0x3F, 0x55, 0xEF, 0x66, 0x6A, 0x2F, 0x75, 0x37, 0x6F, 0xD0,
    0x61, 0xEF, 0x6E, 0xA7, 0xEB, 0x00, 0x49, 0xDC, 0x74, 0x2D, 0x12, 0x59, 0xF1, 0xEF, 0xAE, 0xDA,
    0x2C, 0x0E, 0x8B, 0x2C, 0xEE, 0x02, 0xB0, 0x83, 0x80, 0x8B, 0x98, 0xC5, 0xA0, 0xD1, 0x3B, 0x55,
    0x49, 0x10, 0x2C, 0x6E, 0x40, 0x00, 0x0C, 0x2E, 0x9C, 0x5E, 0x4C, 0x87, 0x46, 0x63, 0xB6, 0xFF,
    0x4F, 0x96, 0x1C, 0x42, 0xB6, 0x92, 0x10, 0x08, 0xB6, 0xF6, 0x76, 0xE3, 0xC4, 0x62, 0xDF, 0x6E,
    0x6A, 0xA5, 0x66, 0xF7, 0xFD, 0xEB, 0x97, 0x7A, 0xAF, 0x6A, 0xBB, 0xFB, 0x3F, 0x99, 0xBD, 0x9B,
    0x9B, 0x4C, 0xAF, 0x9B, 0x79, 0xF3, 0x7F, 0xDF, 0xCF, 0xFB, 0xBF, 0xF7, 0xDE, 0xEF, 0xF7, 0xFB,
    0x56, 0xF7, 0x5F, 0x75, 0x4F, 0xF5, 0x42, 0x44, 0x16, 0x50, 0x3C, 0xA0, 0x11, 0x35, 0x9C, 0xF4,
    0xBF, 0xF8, 0x16, 0x6A, 0xC8, 0x1B, 0xBD, 0xCA, 0xBA, 0xFC, 0xBD, 0x7F, 0xED, 0x8B, 0x17, 0x1B,
    0x77, 0x1C, 0x35, 0x47, 0xAB, 0x71, 0xCD, 0x9D, 0xE9, 0xFE, 0xFD, 0x38, 0xCF, 0xB8, 0x7E, 0x34,
    0xEE, 0x73, 0x7E, 0x7F, 0x3C, 0x9E, 0xE3, 0xEA, 0xE6, 0x69, 0x2C, 0x4A, 0x88, 0xA5, 0x46, 0x4B,
    0x47, 0xFE, 0xA1, 0xA3, 0xC0, 0xF7, 0x9E, 0x82, 0x43, 0x0A, 0x38, 0xDB, 0xB5, 0x88, 0xF9, 0xA2,
    0x53, 0xC0, 0xC3, 0xF4, 0xCA, 0x88, 0x7C, 0xD1, 0x2F, 0x2C, 0x41, 0x0B, 0xE8, 0x15, 0x24, 0x3D,
    0x5C, 0x83, 0xEF, 0x1E, 0x41, 0xB7, 0x55, 0xBD, 0xDF, 0x3E, 0x23, 0x43, 0x9D, 0xB4, 0x39, 0xBA,
    0x4C, 0x6B, 0x8D, 0x32, 0x27, 0x7D, 0x7C, 0x9F, 0x34, 0x39, 0xE3, 0x7A, 0xB9, 0x55, 0xFD, 0x77,
    0xE3, 0xF7, 0x5F, 0x83, 0xE7, 0x01, 0x44, 0xAC, 0x12, 0x31, 0xEB, 0x88, 0x56, 0x90, 0xB6, 0x20,
    0x90, 0x19, 0xA8, 0x6A, 0x8A, 0x12, 0x72, 0xC3, 0x12, 0xD0, 0x2D, 0x0E, 0x48, 0x6C, 0xDC, 0x03,
    0xAA, 0x4F, 0x2C, 0x80, 0xD3, 0x0D, 0xC0, 0x71, 0x6E, 0x00, 0x8A, 0x0A, 0x50, 0x32, 0x36, 0x7B,
    0x1F, 0x40, 0x79, 0x09, 0x78, 0x98, 0x2D, 0xA7, 0x08, 0x4B, 0xEB, 0x70, 0x27, 0x0D, 0x80, 0xB3,
    0x13, 0x91, 0x7C, 0x80, 0x96, 0x81, 0xBC, 0xCC, 0x58, 0x90, 0x94, 0x0B, 0xE2, 0x91, 0xB0, 0x09,
    0xA4, 0x5F, 0xAC, 0xBD, 0xB8, 0x1C, 0xE7, 0xB5, 0x59, 0xA0, 0x42, 0x2F, 0x7C, 0xFF, 0xCF, 0xAC,
    0xCE, 0x44, 0x88, 0x45, 0x80, 0xB4, 0x06, 0x65, 0x7E, 0x67, 0x5E, 0xDF, 0x21, 0xAB, 0xFD, 0xB9,
    0x78, 0x3C, 0x0F, 0xBB, 0x87, 0xBB, 0x87, 0x84, 0x68, 0xB7, 0x81, 0x48, 0x44, 0x4A, 0xD0, 0x1F,
    0x90, 0xB5, 0xB0, 0x03, 0x38, 0xE8, 0x80, 0x1C, 0xD5, 0x00, 0x89, 0xD1, 0x25, 0x10, 0xB7, 0x9B,
    0x44, 0xCB, 0x5B, 0xD8, 0x05, 0xBA, 0x76, 0xEC, 0xBE, 0xC0, 0x36, 0xDB, 0x2C, 0x0E, 0xE9, 0x79,
    0x9D, 0xAB, 0x36, 0xEA, 0x70, 0x6C, 0xDA, 0xD8, 0xF2, 0x13, 0x2E, 0xD9, 0x60, 0x5C, 0xAF, 0x61,
    0x9E, 0xDC, 0x3C, 0x8C, 0x3A, 0xE0, 0xEA, 0x0B, 0x38, 0x12, 0x16, 0x0B, 0x6E, 0x72, 0x89, 0xDD,
    0x4D, 0xB2, 0x7A, 0x17, 0xAB, 0xCB, 0x58, 0x9A, 0xB8, 0x9D, 0xD3, 0xCE, 0x45, 0x70, 0x13, 0x70,
    0xA1, 0xC0, 0xEF, 0xB4, 0x27, 0xE5, 0x4E, 0xC5, 0xA7, 0x3D, 0x64, 0x4B, 0xF8, 0x5E, 0x12, 0xEC,
    0x92, 0x8A, 0x61, 0x67, 0xE4, 0x0B, 0x63, 0xBF, 0x91, 0x18, 0xB6, 0xAF, 0x8F, 0xAE, 0xDE, 0xEB,
    0xB8, 0xF0, 0xC3, 0x1F, 0x96, 0x5C, 0x8E, 0x78, 0xED, 0x52, 0x64, 0xB7, 0x94, 0x3D, 0xD6, 0x3F,
    0x77, 0xC5, 0xCB, 0x6D, 0xA5, 0x9B, 0xEC, 0xDF, 0xFA, 0xC4, 0xAE, 0x62, 0xBB, 0xC3, 0xC1, 0x25,
    0xBE, 0x1B, 0x01, 0x3F, 0xDA, 0xDF, 0x77, 0x95, 0x48, 0xE8, 0xC0, 0xFD, 0xFD, 0x07, 0x22, 0x6E,
    0x7A, 0xC1, 0xC5, 0xE1, 0x16, 0xA1, 0xA0, 0x01, 0x48, 0x87, 0x7D, 0x69, 0xA0, 0x68, 0x42, 0x51,
    0x2B, 0x60, 0x20, 0x38, 0xCE, 0xCB, 0xF4, 0xDF, 0xF7, 0xFF, 0x8E, 0xD4, 0xE8, 0x97, 0x45, 0xAC,
    0x6A, 0x73, 0x0E, 0xB8, 0x1B, 0xD9, 0xED, 0x11, 0x57, 0xE8, 0xF7, 0x46, 0x7C, 0x93, 0xBB, 0x77,
    0x03, 0xF6, 0xFA, 0x11, 0xCF, 0xB1, 0xE8, 0x46, 0xEC, 0xB2, 0xDD, 0xB1, 0x94, 0x5B, 0x6C, 0x8F,
    0x93, 0x9B, 0xB0, 0x38, 0xE2, 0x20, 0x85, 0xBD, 0xF1, 0x40, 0x52, 0x73, 0x77, 0xC1, 0x81, 0x32,
    0xF4, 0x63, 0xDD, 0xD1, 0xFB, 0x7F, 0x69, 0xB3, 0x97, 0x85, 0xE5, 0x4B, 0xAD, 0xFE, 0xC7, 0x7D,
    0x36, 0x52, 0x33, 0xA7, 0x8D, 0xA6, 0x22, 0xA8, 0x6E, 0x85, 0x92, 0x74, 0x28, 0x70, 0x2E, 0x77,
    0x2E, 0x7E, 0xFF, 0xA7, 0xE2, 0xC4, 0x41, 0x56, 0xFF, 0x7E, 0xF3, 0xDA, 0x6B, 0xCF, 0xDF, 0xCE,
    0x0D, 0x28, 0x7B, 0xFA, 0x7A, 0xF3, 0xB3, 0xDB, 0x22, 0xD6, 0x97, 0x6D, 0xD7, 0xE6, 0xA7, 0xB6,
    0xBF, 0x3F, 0xAF, 0x5E, 0x1C, 0xCA, 0xFC, 0xA3, 0x76, 0x2F, 0xEA, 0x6E, 0xB0, 0x7B, 0x83, 0x05,
    0xEC, 0xC1, 0x11, 0x91, 0x25, 0x6D, 0xA8, 0xCA, 0xA4, 0x27, 0x33, 0xBC, 0x0E, 0x1D, 0x0B, 0xCB,
    0xE2, 0xB3, 0xFD, 0xBB, 0x22, 0xAE, 0x10, 0xF7, 0x7B, 0xFB, 0xCE, 0xEF, 0x49, 0x1A, 0xB2, 0x72,
    0x5C, 0x8E, 0xEE, 0x11, 0x89, 0xE5, 0x4F, 0x1D, 0x5C, 0x85, 0x4B, 0xA0, 0x41, 0xBF, 0xC6, 0xE6,
    0x1E, 0x7B, 0xD9, 0x87, 0xDD, 0x45, 0xA9, 0x35, 0x19, 0xDB, 0x2C, 0x50, 0x36, 0x16, 0xB3, 0xA6,
    0x62, 0xD1, 0x8F, 0xA0, 0x1D, 0xB9, 0x61, 0x70, 0x2C, 0x0D, 0x4E, 0xC6, 0x56, 0xBA, 0x4A, 0xFE,
    0x43, 0x6A, 0x97, 0x0E, 0xF1, 0x38, 0x06, 0xE0, 0xD7, 0x55, 0x2A, 0x91, 0x26, 0x91, 0x51, 0xB4,
    0x97, 0xC2, 0x4B, 0xE5, 0x65, 0xB9, 0x2E, 0xD5, 0xC9, 0x6A, 0xE6, 0x25, 0xF5, 0x12, 0x79, 0xE1,
    0x82, 0x7A, 0xDB, 0xC0, 0xE3, 0x91, 0xE8, 0xC5, 0x72, 0x83, 0x25, 0x52, 0x4A, 0xB9, 0x43, 0x5E,
    0x16, 0xEC, 0x71, 0x84, 0x70, 0x07, 0xFD, 0xA5, 0xFF, 0xEE, 0xDC, 0x16, 0x9B, 0xAC, 0x20, 0x97,
    0x9A, 0x3D, 0xD5, 0x60, 0xD7, 0xFF, 0xF9, 0xB9, 0xB0, 0xE6, 0xF7, 0xFC, 0xF6, 0xF8, 0xA9, 0x2A,
    0x2F, 0xD3, 0x3C, 0x47, 0xB7, 0x89, 0xCB, 0xEA, 0xA5, 0x6E, 0xB3, 0xB7, 0x7B, 0xFD, 0x2F, 0xAE,
    0x7A, 0xD9, 0xAE, 0x32, 0xD3, 0x67, 0xB4, 0xCF, 0x51, 0x5F, 0x06, 0x10, 0x4E, 0x55, 0x3F, 0xAA,
    0xDE, 0x08, 0xDA, 0x7B, 0x8D, 0x2C, 0xB7, 0x34, 0xAA, 0x55, 0x56, 0x6C, 0x62, 0xD2, 0x51, 0x75,
    0x99, 0x5B, 0xC8, 0x79, 0xDD, 0xC2, 0x36, 0x9D, 0x85, 0xBB, 0xAA, 0xB5, 0xD0, 0x69, 0x63, 0x89,
    0x6D, 0x8E, 0x45, 0x35, 0x7B, 0x58, 0xD2, 0x5A, 0x44, 0xD0, 0x78, 0xDD, 0x02, 0x2C, 0x8B, 0xA0,
    0x47, 0x41, 0x2D, 0x68, 0xE1, 0xB2, 0xD7, 0xC7, 0x52, 0xF3, 0x61, 0x50, 0xEB, 0x35, 0x7E, 0xEF,
    0xB8, 0xD6, 0xA8, 0x77, 0xA4, 0x13, 0x9B, 0xDE, 0x79, 0xD1, 0x89, 0xD5, 0x0B, 0x76, 0x60, 0x6B,
    0x41, 0x0E, 0x8B, 0x0D, 0xAF, 0x47, 0xF8, 0x19, 0x5F, 0x3C, 0x71, 0x4B, 0xDC, 0xA1, 0x0C, 0x99,
    0x21, 0xAD, 0xA3, 0x15, 0x68, 0xD2, 0x16, 0x76, 0x42, 0xD5, 0x7B, 0x2C, 0xD0, 0xF4, 0xEC, 0x8E,
    0x6A, 0xA9, 0x44, 0xB8, 0xEC, 0xB5, 0x10, 0x07, 0x4C, 0x0A, 0x1D, 0x80, 0x6A, 0x00, 0x74, 0x09,
    0xB0, 0x0D, 0x40, 0x0F, 0x10, 0x49, 0x0B, 0xF8, 0x8F, 0xDB, 0xE9, 0xC2, 0xA5, 0xA0, 0xFA, 0x46,
    0xD0, 0x1E, 0x5E, 0x23, 0xB3, 0xBC, 0xB2, 0x47, 0xD5, 0x2A, 0x9B, 0x7D, 0xF4, 0xB9, 0x49, 0xED,
    0x45, 0xF9, 0x71, 0x9D, 0x59, 0xC8, 0xD8, 0xB3, 0xB0, 0x43, 0x67, 0x61, 0x2F, 0x5C, 0xE7, 0x5E,
    0xD7, 0x96, 0x68, 0xBA, 0xCE, 0xED, 0x1E, 0x96, 0xC4, 0x84, 0xEB, 0x5C, 0x7B, 0xCD, 0x00, 0xCB,
    0x76, 0xD0, 0xBD, 0xA0, 0xDD, 0xE9, 0x75, 0x86, 0x0D, 0x80, 0x21, 0x14, 0x35, 0x0B, 0xDC, 0x65,
    0xAD, 0xBD, 0xB5, 0x2E, 0x0E, 0x88, 0xBC, 0x24, 0x3D, 0x90, 0x59, 0x40, 0x0C, 0xA8, 0x01, 0xD0,
    0x1D, 0x50, 0x18, 0xA0, 0x02, 0x58, 0xC1, 0xC5, 0xD2, 0x41, 0x5E, 0x8F, 0xA2, 0x4D, 0x90, 0x63,
    0xC8, 0x4C, 0x51, 0x53, 0xD5, 0x99, 0xDC, 0x11, 0x12, 0x11, 0x07, 0xD7, 0xE5, 0x16, 0xC0, 0x55,
    0xA6, 0x96, 0xCD, 0xD4, 0x33, 0x93, 0x3A, 0xA0, 0x12, 0xB3, 0xC6, 0x42, 0xDA, 0x40, 0xC4, 0x06,
    0x44, 0x9F, 0x77, 0x81, 0xEA, 0x53, 0x17, 0x98, 0xD8, 0x55, 0x60, 0xDA, 0x1E, 0x07, 0x6A, 0x53,
    0x04, 0xE6, 0x3E, 0x3F, 0x50, 0x94, 0x99, 0x09, 0xF1, 0xD0, 0x0D, 0xC0, 0x40, 0x6A, 0x27, 0x73,
    0xAA, 0x03, 0xE2, 0x91, 0x3D, 0xF8, 0x37, 0xC1, 0x6F, 0x2A, 0x22, 0xC1, 0xE4, 0x48, 0x01, 0x32,
    0xCF, 0x12, 0x8A, 0x7A, 0xF2, 0x5C, 0x94, 0xDE, 0x1A, 0xF3, 0xCF, 0x3B, 0xB0, 0x0A, 0x25, 0xF8,
    0xB3, 0x21, 0x86, 0x88, 0xC5, 0xCB, 0xFD, 0x04, 0xA2, 0x92, 0xA9, 0xD0, 0x72, 0xDD, 0xF7, 0x55,
    0x1E, 0xCE, 0xB7, 0x3C, 0x2E, 0xDF, 0xC9, 0x03, 0x7D, 0x7F, 0xB6, 0xBF, 0x7F, 0x3E, 0xBE, 0x2F,
    0x30, 0xB5, 0xBC, 0x9C, 0xF8, 0x47, 0x66, 0xA2, 0x3D, 0x98, 0xFD, 0x36, 0x4F, 0xA5, 0xEF, 0xA8,
    0xBB, 0x04, 0x80, 0x5A, 0x5D, 0x09, 0x4C, 0x5F, 0xBD, 0x3B, 0x31, 0xEE, 0x9E, 0xEE, 0xAF, 0xF7,
    0xE5, 0x92, 0xD0, 0xAC, 0x9D, 0x78, 0xD0, 0x3E, 0xCD, 0x9F, 0xEB, 0xD3, 0x96, 0xD7, 0x13, 0x9F,
    0x6F, 0x26, 0x5E, 0xBB, 0x3D, 0xF1, 0x0F, 0xCC, 0xC4, 0xAC, 0x7C, 0x8A, 0xAF, 0x43, 0xF0, 0xA3,
    0xC4, 0x37, 0xE3, 0xC7, 0xED, 0xC9, 0xB8, 0x10, 0x7B, 0x32, 0x46, 0x3A, 0xB4, 0x21, 0xF4, 0x68,
    0xE8, 0x4F, 0xC6, 0xAA, 0x77, 0xA7, 0x63, 0xFB, 0x56, 0xE0, 0x6F, 0xD5, 0x90, 0xDA, 0x2A, 0x8C,
    0x01, 0x74, 0x53, 0x94, 0xF3, 0x98, 0xCC, 0x64, 0xF5, 0x3C, 0xA6, 0x18, 0x47, 0xF3, 0x98, 0x8A,
    0xB4, 0x99, 0xC7, 0x0C, 0x28, 0xEB, 0x4D, 0x5A, 0x60, 0x75, 0x3A, 0x8E, 0x1D, 0x51, 0x1F, 0xC6,
    0xC1, 0x0F, 0x6E, 0xDE, 0x9F, 0x88, 0xC8, 0x6A, 0x1E, 0xFB, 0x65, 0x99, 0xC7, 0xD9, 0x99, 0x71,
    0x5E, 0x43, 0xF6, 0xE3, 0x69, 0x5C, 0x94, 0xA0, 0xDF, 0x99, 0xC6, 0x4B, 0x20, 0x7D, 0x77, 0xAA,
    0x7F, 0x05, 0xA8, 0x8F, 0xC2, 0x38, 0x72, 0x40, 0x2C, 0x61, 0xFC, 0xE6, 0x70, 0x1B, 0xFE, 0x5C,
    0xC6, 0x0F, 0xDD, 0x1D, 0x13, 0x72, 0x2F, 0xC5, 0xB7, 0xB5, 0x31, 0x5C, 0x17, 0x6F, 0x5A, 0x64,
    0x05, 0x95, 0x88, 0x94, 0x91, 0xDC, 0xE2, 0x7A, 0xA3, 0x1C, 0xA4, 0x56, 0x5B, 0x50, 0x36, 0x33,
    0x5E, 0x8B, 0xD2, 0x6B, 0x05, 0xC4, 0xF6, 0xF8, 0xF4, 0xF6, 0x8D, 0xFB, 0xA5, 0x3A, 0xED, 0xB9,
    0x19, 0xB4, 0x98, 0xB4, 0x06, 0xC8, 0x1A, 0xE0, 0x27, 0x69, 0x07, 0x38, 0xB5, 0x02, 0xD5, 0x23,
    0x0D, 0xB9, 0xA5, 0x08, 0x55, 0x25, 0x22, 0x03, 0x90, 0xCB, 0x2D, 0x20, 0x6D, 0x21, 0xF8, 0xF4,
    0x5A, 0x02, 0x6C, 0x01, 0x90, 0x71, 0x3A, 0x93, 0xD4, 0x00, 0xCA, 0xCC, 0xC6, 0xDC, 0xA4, 0x55,
    0x50, 0x1C, 0xF0, 0x7F, 0xF5, 0xA7, 0xBF, 0xA2, 0x74, 0x7F, 0x76, 0x5D, 0x1D, 0xF0, 0x30, 0xBA,
    0x96, 0xEB, 0x47, 0xC3, 0xFE, 0xFE, 0xBE, 0x3B, 0x5B, 0x15, 0x44, 0x53, 0xCD, 0x67, 0x1C, 0x65,
    0x3C, 0x19, 0x95, 0x5F, 0xE4, 0xF4, 0x6B, 0xB1, 0x68, 0x01, 0x0E, 0x6E, 0x3C, 0x19, 0x95, 0x5F,
    0xBE, 0x0C, 0x70, 0x74, 0x04, 0x70, 0xE3, 0x89, 0xA8, 0x39, 0xB2, 0xD0, 0xC1, 0x2E, 0x2C, 0x10,
    0xB1, 0xD3, 0x0B, 0xC7, 0xFF, 0xE7, 0x75, 0x1A, 0x67, 0x03, 0xF6, 0xE0, 0x10, 0xEC, 0x39, 0x04,
    0xBF, 0x06, 0x0E, 0xF5, 0xCF, 0xA4, 0xC9, 0xE3, 0x0F, 0x1E, 0x45, 0xA4, 0x6F, 0x94, 0xC9, 0xF7,
    0x1F, 0x7F, 0xE4, 0x42, 0x44, 0xEE, 0x01, 0x9E, 0xD2, 0x41, 0xEE, 0x29, 0x40, 0x01, 0x17, 0xC5,
    0x04, 0x92, 0xDB, 0x89, 0x89, 0x9B, 0x18, 0xAD, 0x26, 0xB2, 0x0C, 0x0C, 0x12, 0x98, 0x97, 0x13,
    0xB3, 0x7A, 0xA2, 0x36, 0x22, 0xEB, 0xDC, 0x5F, 0x4E, 0x64, 0x5E, 0x5F, 0xDF, 0x9F, 0x97, 0xEB,
    0xF1, 0xAA, 0x99, 0xAB, 0x89, 0xAA, 0x9F, 0x98, 0xD9, 0xC0, 0x48, 0x0C, 0xDF, 0x5E, 0xEE, 0xEF,
    0x8B, 0x9C, 0xD6, 0x3F, 0xFB, 0x01, 0x54, 0xBB, 0x19, 0xA8, 0xDD, 0xD5, 0xC0, 0xCD, 0xFC, 0x6E,
    0xE0, 0xF7, 0xD2, 0x1E, 0x90, 0xD5, 0xB3, 0xD1, 0x4B, 0x22, 0xA1, 0x2E, 0x15, 0x58, 0x07, 0x22,
    0x4D, 0x28, 0x0B, 0xB1, 0x13, 0x87, 0x7E, 0xA2, 0x5B, 0xCD, 0xAC, 0x66, 0xE6, 0x66, 0xA2, 0x6E,
    0x26, 0x26, 0x76, 0x62, 0xEC, 0x26, 0x32, 0xCC, 0xAC, 0xCA, 0x89, 0xB9, 0x99, 0xA8, 0xDB, 0x89,
    0xAA, 0x9B, 0x18, 0xB9, 0x89, 0x0C, 0x33, 0x8B, 0x3F, 0x99, 0x98, 0xBD, 0x33, 0x31, 0xFD, 0x68,
    0xA2, 0x92, 0xC0, 0xE0, 0x7B, 0xBA, 0xA1, 0xCD, 0x2C, 0x66, 0x66, 0x06, 0xE0, 0x16, 0xA1, 0xD9,
    0x09, 0x47, 0x13, 0x16, 0x41, 0xBF, 0x23, 0x7E, 0x31, 0x99, 0x7F, 0x14, 0x19, 0xD1, 0xC2, 0xD8,
    0x73, 0x87, 0x1A, 0x20, 0x16, 0x74, 0x07, 0x54, 0x75, 0xD6, 0x00, 0x59, 0x53, 0xD4, 0x40, 0x6A,
    0x0B, 0x00, 0x65, 0x6F, 0x02, 0xC4, 0xDD, 0x5B, 0x00, 0x51, 0xEF, 0x00, 0x70, 0xBF, 0x0C, 0xF3,
    0xCE, 0xF9, 0xDC, 0x1C, 0x65, 0x8E, 0x39, 0x67, 0x48, 0x6D, 0xC8, 0xA7, 0x56, 0x21, 0x3B, 0xD2,
    0x90, 0x39, 0xC8, 0xA7, 0xCA, 0xE6, 0x3A, 0xE7, 0xAA, 0x61, 0x23, 0x28, 0x7B, 0x13, 0x0E, 0x27,
    0xD8, 0x2F, 0x37, 0x16, 0x82, 0xF9, 0xD0, 0xD1, 0x6F, 0xB8, 0xB1, 0x3F, 0x0B, 0x8A, 0x0B, 0xAA,
    0xDE, 0x09, 0x48, 0x55, 0x0D, 0x90, 0x4B, 0xF3, 0xE4, 0x7E, 0xC5, 0xB4, 0x39, 0x04, 0x28, 0xAC,
    0x05, 0xD8, 0x5D, 0x06, 0xDC, 0xC8, 0x0C, 0xC0, 0xF5, 0x27, 0xF9, 0x5B, 0x31, 0x8A, 0x00, 0x48,
    0xDF, 0xA8, 0x01, 0x92, 0xEF, 0x97, 0x4F, 0xFE, 0xF7, 0xE0, 0x15, 0xDA, 0xE2, 0xA5, 0x2E, 0x7F,
    0xD7, 0xA6, 0x62, 0x94, 0xA0, 0xA4, 0xD4, 0xD2, 0x14, 0xEF, 0xDA, 0x42, 0x75, 0xDF, 0xA0, 0x61,
    0x6E, 0x94, 0x41, 0xE3, 0x26, 0x1C, 0x4C, 0x6D, 0x08, 0xF3, 0x6A, 0x13, 0xEC, 0x4A, 0x1D, 0x52,
    0x48, 0xB0, 0xAB, 0x26, 0xBB, 0x5A, 0x82, 0xDD, 0xFC, 0xA3, 0x60, 0x77, 0xF9, 0xB2, 0xB7, 0x1B,
    0x0D, 0xC1, 0x6E, 0xD2, 0x07, 0xBB, 0xDA, 0x06, 0xBB, 0x85, 0x09, 0xCE, 0x04, 0x8F, 0x78, 0x15,
    0x90, 0x76, 0x01, 0x59, 0x1B, 0xEC, 0x16, 0x75, 0xB0, 0x2B, 0xC1, 0xAE, 0x72, 0xC1, 0xEE, 0x1B,
    0x36, 0xD8, 0x95, 0x26, 0xD8, 0x95, 0x32, 0xD8, 0x95, 0x60, 0x57, 0x4D, 0x76, 0xB5, 0x04, 0xBB,
    0xC5, 0xCF, 0x82, 0xDD, 0x6A, 0xB2, 0x7B, 0x85, 0xFB, 0xDA, 0xF6, 0xFD, 0xFF, 0x57, 0x56, 0x4E,
    0x4C, 0x0D, 0x7C, 0xF9, 0xEF, 0x62, 0x0E, 0x50, 0x96, 0xAF, 0x8C, 0x2B, 0x20, 0x69, 0xE1, 0x78,
    0x66, 0x05, 0xA4, 0xCD, 0xFC, 0x3B, 0x92, 0x81, 0xDC, 0xF7, 0x1A, 0xB4, 0x85, 0x25, 0x90, 0xAC,
    0xFC, 0x0B, 0xA2, 0xE9, 0xD6, 0x08, 0xB9, 0x48, 0x03, 0x10, 0x2F, 0xEF, 0x11, 0x5A, 0x54, 0x4E,
    0xD4, 0xF5, 0xBA, 0xFF, 0x1D, 0x9E, 0x6E, 0xDF, 0x17, 0x26, 0x50, 0xD4, 0x13, 0xFF, 0xBE, 0x0D,
    0x88, 0x9B, 0xDD, 0xA7, 0xDB, 0x77, 0xF9, 0x4A, 0x40, 0x64, 0x6D, 0x20, 0xED, 0xC1, 0xD3, 0xED,
    0x77, 0xB2, 0x8B, 0x0D, 0x1A, 0x37, 0x01, 0xCA, 0x7C, 0xD9, 0x43, 0x77, 0x06, 0x48, 0xDB, 0x10,
    0x3B, 0x33, 0x50, 0xD4, 0x14, 0x65, 0x18, 0x56, 0x0F, 0x78, 0xE8, 0xAE, 0xD6, 0x1E, 0xBA, 0xFB,
    0xFD, 0x50, 0x14, 0x00, 0xE4, 0x43, 0x80, 0x76, 0x01, 0x49, 0x07, 0xC1, 0xE0, 0x23, 0xC1, 0x3F,
    0xBA, 0xBC, 0xFF, 0xA1, 0xFB, 0x06, 0xC0, 0xE2, 0x01, 0xF2, 0xD7, 0x72, 0x0F, 0xDE, 0x16, 0x69,
    0xF9, 0x43, 0x2E, 0xBA, 0x51, 0xB8, 0xE9, 0x25, 0xF3, 0x92, 0xD6, 0xA3, 0x28, 0xF3, 0x25, 0x92,
    0xF8, 0x55, 0xCD, 0x28, 0x3B, 0xA3, 0x44, 0x6E, 0x0C, 0x25, 0xED, 0x18, 0x6A, 0x78, 0x70, 0xA2,
    0x20, 0xEE, 0xDB, 0x35, 0x4E, 0x3A, 0x44, 0x56, 0xC8, 0xA7, 0x4B, 0xC4, 0x14, 0x63, 0xCF, 0x27,
    0x7E, 0x2A, 0x7E, 0x3E, 0xAC, 0xBB, 0xA2, 0x65, 0x25, 0x03, 0x22, 0x52, 0x8F, 0xBD, 0x91, 0x36,
    0xB7, 0x62, 0xB4, 0x95, 0x3A, 0xE9, 0x7C, 0x0F, 0x63, 0x3F, 0xE7, 0xD7, 0x44, 0x6A, 0xBF, 0xD7,
    0xE5, 0xD3, 0xE5, 0x46, 0x19, 0x2F, 0x0D, 0x10, 0x59, 0x00, 0x0B, 0xD1, 0xF2, 0x03, 0x48, 0x44,
    0x40, 0x8B, 0x18, 0x74, 0x9D, 0x35, 0xE8, 0x32, 0x69, 0xF9, 0x1A, 0xCA, 0x2F, 0x8F, 0x12, 0x89,
    0x58, 0xF4, 0xF0, 0xA6, 0xA5, 0xA8, 0x95, 0xE5, 0x26, 0xA3, 0xBC, 0x3E, 0x49, 0x78, 0x9B, 0x59,
    0x8A, 0xBF, 0x15, 0x29, 0x33, 0xF9, 0x64, 0xAC, 0x40, 0xCA, 0xE3, 0x92, 0xA9, 0xD9, 0x39, 0xD1,
    0x94, 0x32, 0xAE, 0xCF, 0x35, 0x5B, 0x6C, 0x81, 0x74, 0x17, 0xB8, 0x72, 0x05, 0xD8, 0xB8, 0x70,
    0xAE, 0xD9, 0xF2, 0xB8, 0x81, 0xE5, 0x3F, 0x18, 0xF8, 0xE4, 0x73, 0x43, 0xD4, 0x4A, 0x49, 0x74,
    0xEB, 0x77, 0xCF, 0x35, 0xE5, 0xD7, 0x9F, 0x01, 0xB6, 0xB6, 0x80, 0x67, 0x9E, 0x39, 0xD7, 0x44,
    0xD4, 0x40, 0x72, 0x08, 0x7C, 0xF3, 0x1B, 0xC0, 0x37, 0xBC, 0x24, 0x47, 0x30, 0x3A, 0x3C, 0xCF,
    0xBC, 0x21, 0xF2, 0xD8, 0x7D, 0xF0, 0x44, 0x86, 0x10, 0x3F, 0x17, 0x29, 0x7D, 0x8A, 0xAA, 0xCE,
    0xCC, 0x98, 0xC5, 0x0E, 0x24, 0x8D, 0x4F, 0xE4, 0x50, 0x2D, 0x91, 0xFA, 0xB8, 0x0F, 0xCF, 0xFA,
    0xE5, 0x63, 0x11, 0xB1, 0x5A, 0xEE, 0x7C, 0xE2, 0x59, 0x34, 0xCA, 0xBF, 0x6F, 0x2B, 0xFC, 0x3A,
    0x21, 0xAB, 0x9B, 0x39, 0x40, 0xED, 0x0B, 0xA8, 0xEA, 0xC4, 0xFA, 0x1A, 0xEE, 0x84, 0x67, 0xED,
    0x3F, 0x97, 0x9F, 0x89, 0x94, 0xF1, 0x30, 0x56, 0xE2, 0x6B, 0x98, 0x1B, 0xD7, 0xEF, 0xA1, 0xA6,
    0x67, 0xF6, 0x5D, 0xDE, 0xC6, 0x7D, 0x51, 0xE2, 0x8E, 0xE1, 0x68, 0x05, 0xB8, 0x33, 0x7D, 0x05,
    0x1C, 0x03, 0x45, 0xC9, 0xD1, 0xB8, 0xCF, 0xF9, 0xFD, 0xB1, 0x48, 0x43, 0x3E, 0x40, 0xD2, 0x42,
    0x6A, 0x40, 0x97, 0x90, 0x01, 0x5B, 0x80, 0x06, 0xD2, 0x12, 0x12, 0x03, 0xD7, 0x3F, 0x40, 0x4D,
    0x5E, 0xCB, 0xA2, 0xD1, 0xA6, 0x22, 0x69, 0xDE, 0x42, 0xB5, 0x0E, 0x65, 0xBD, 0x97, 0xB9, 0xB7,
    0x0E, 0x78, 0x0B, 0xA8, 0xA0, 0x2E, 0x4C, 0x62, 0xB5, 0x48, 0xA3, 0x44, 0x4A, 0xAA, 0x2E, 0xC4,
    0x09, 0xF1, 0x34, 0xF0, 0x2D, 0x1E, 0x4B, 0xCC, 0x50, 0xEF, 0x8E, 0x81, 0x83, 0x03, 0xA8, 0x37,
    0x1E, 0x4F, 0xCC, 0x6B, 0xD7, 0xA0, 0xB3, 0x81, 0x8F, 0x23, 0x9E, 0x32, 0xC4, 0x0D, 0x91, 0x05,
    0xCB, 0xB2, 0x46, 0x5A, 0xC4, 0xA2, 0x7E, 0xE5, 0x4B, 0xCA, 0x58, 0x0C, 0xC7, 0x25, 0xD6, 0x9F,
    0x55, 0x0D, 0x71, 0xFD, 0x28, 0xC7, 0x63, 0x4B, 0xBA, 0xCB, 0x95, 0x2B, 0x6C, 0x5C, 0x78, 0x94,
    0xE3, 0xE3, 0x87, 0x39, 0xDF, 0x62, 0xD4, 0x47, 0xA9, 0x9C, 0xB4, 0x07, 0xD0, 0x03, 0xC0, 0x85,
    0x63, 0x00, 0x5E, 0x90, 0xF2, 0x3E, 0x2D, 0xE0, 0xA1, 0x34, 0xBF, 0x37, 0x6A, 0x2C, 0xB2, 0x84,
    0x54, 0x44, 0x20, 0x6F, 0x23, 0x81, 0xA2, 0xA4, 0x80, 0x63, 0xBC, 0xAE, 0x82, 0xBA, 0xFB, 0x95,
    0x15, 0xF3, 0x9E, 0x2A, 0xEC, 0x0F, 0x67, 0x95, 0x80, 0x16, 0x59, 0x76, 0x28, 0x91, 0xBC, 0x87,
    0xEB, 0x5D, 0xDA, 0x82, 0x6A, 0x17, 0xA0, 0xFB, 0x17, 0x60, 0x73, 0xE7, 0x10, 0xAE, 0x6A, 0x0B,
    0xCF, 0x86, 0x4B, 0xBF, 0x6C, 0x91, 0x5F, 0xC8, 0x0A, 0x19, 0x1B, 0x6A, 0xA0, 0xA8, 0x55, 0x4F,
    0x66, 0x94, 0x45, 0x3F, 0xB4, 0x88, 0x18, 0xFD, 0x5F, 0xA3, 0xA4, 0xC3, 0x28, 0xF1, 0xF0, 0xA0,
    0x1B, 0x1D, 0xF9, 0x10, 0x6C, 0xB6, 0xBE, 0xBA, 0x9E, 0xBC, 0x8D, 0x07, 0x5F, 0x73, 0xC5, 0x31,
    0xE4, 0xF5, 0x0A, 0x32, 0xE3, 0x40, 0x9F, 0x91, 0x30, 0x17, 0x56, 0xC3, 0xBE, 0x70, 0x22, 0xF5,
    0x67, 0x43, 0x94, 0x10, 0x0F, 0x2C, 0x10, 0xB5, 0xA7, 0xF7, 0xB8, 0xF3, 0x4A, 0xA4, 0xDA, 0xFB,
    0x6F, 0x6F, 0xE7, 0x94, 0xE8, 0x6B, 0x51, 0x0D, 0xCB, 0xBF, 0x32, 0xF0, 0x3F, 0xBF, 0x30, 0x44,
    0xCD, 0xB2, 0x84, 0x7A, 0xE3, 0xBC, 0xB2, 0x7D, 0xFD, 0xD9, 0xD3, 0x9B, 0xDA, 0x79, 0xE5, 0xB8,
    0x4D, 0xD4, 0x81, 0x5D, 0xFB, 0xE3, 0x34, 0xD6, 0xE7, 0x01, 0x6A, 0x20, 0xB6, 0xA4, 0xF2, 0x86,
    0x65, 0x29, 0xD3, 0x83, 0x41, 0xD2, 0x3E, 0x92, 0x5A, 0x37, 0x4A, 0x4C, 0x5E, 0xEB, 0x0F, 0xDB,
    0xA2, 0x2C, 0xFE, 0xC6, 0x16, 0x1C, 0x2B, 0x5B, 0xC4, 0x6E, 0x94, 0xC4, 0x8E, 0xF2, 0xAA, 0x49,
    0x6C, 0x2E, 0x65, 0xDA, 0xEA, 0x15, 0x99, 0x49, 0x1D, 0xCB, 0x5A, 0x8B, 0x08, 0xB9, 0xAF, 0x63,
    0x99, 0x4A, 0xCD, 0x1E, 0xC0, 0x65, 0x42, 0x3B, 0x0C, 0x1A, 0x66, 0x58, 0x04, 0xDD, 0x04, 0xC4,
    0xC6, 0x62, 0xD6, 0x54, 0x59, 0xF4, 0x23, 0x68, 0x47, 0x6E, 0x88, 0x1D, 0x4B, 0x03, 0xD3, 0x53,
    0xD2, 0xF0, 0xE7, 0x6B, 0x84, 0x3F, 0x5F, 0x83, 0xAD, 0x33, 0x79, 0x77, 0x83, 0xBE, 0x72, 0xDE,
    0xD9, 0xFF, 0xE9, 0x34, 0xFB, 0xE4, 0xFA, 0x43, 0x00, 0xF5, 0x76, 0x0D, 0x44, 0x94, 0x5F, 0x5D,
    0x76, 0xA6, 0xBC, 0xE6, 0x44, 0xE1, 0x2B, 0xBC, 0xF2, 0x69, 0x09, 0xA0, 0x01, 0xD8, 0x0A, 0xBA,
    0x11, 0xB2, 0x53, 0x88, 0x95, 0x3E, 0xA8, 0xF3, 0xCA, 0x8A, 0xC8, 0xC1, 0x4D, 0x1F, 0x8A, 0xC2,
    0x87, 0x25, 0xAF, 0x13, 0x0B, 0xDA, 0xE8, 0x76, 0xD4, 0x46, 0x1B, 0x48, 0x6C, 0x7E, 0xF2, 0x4C,
    0x35, 0xEE, 0x2B, 0x00, 0x77, 0x0C, 0xB0, 0x5A, 0x01, 0x54, 0x0E, 0xA0, 0xE8, 0x00, 0x72, 0x0B,
    0xA0, 0xCF, 0x3C, 0x02, 0xCD, 0x83, 0xFA, 0xA3, 0x29, 0x4B, 0x20, 0xFB, 0x63, 0x07, 0x68, 0xE9,
    0x81, 0x54, 0x5A, 0x20, 0x1A, 0x4A, 0x60, 0x59, 0x03, 0xD2, 0x78, 0xB1, 0x80, 0xFA, 0xF5, 0xE5,
    0xE3, 0x65, 0x8B, 0xFA, 0x5C, 0x06, 0x94, 0x88, 0xD4, 0x6A, 0x45, 0xDE, 0x2A, 0x4B, 0x62, 0x47,
    0x51, 0xFD, 0x28, 0x91, 0x1B, 0x85, 0x35, 0xF1, 0x73, 0x1D, 0x71, 0xAF, 0x9C, 0xDF, 0x27, 0xFE,
    0x84, 0x88, 0x18, 0xF5, 0xBE, 0x08, 0xAA, 0xAD, 0x3E, 0x60, 0x05, 0x3C, 0x8C, 0xFC, 0x80, 0x33,
    0xCD, 0x5A, 0x80, 0x8F, 0x83, 0xF2, 0x1B, 0x7E, 0xD9, 0xFF, 0x17, 0xDD, 0x9C, 0x01, 0xA4, 0x26,
    0xEB, 0x79, 0xC7, 0x7F, 0x33, 0xB3, 0xE7, 0x8E, 0x64, 0x64, 0xE7, 0x62, 0x6F, 0x48, 0xB6, 0xF7,
    0x0E, 0x14, 0x11, 0xE7, 0xEE, 0x14, 0xC5, 0x96, 0x73, 0xEF, 0x4C, 0x5A, 0x85, 0x42, 0x4F, 0xF5,
    0xAE, 0x02, 0x0D, 0x04, 0xA4, 0x64, 0x83, 0x45, 0xD4, 0xCD, 0x99, 0x11, 0x08, 0xC0, 0x41, 0x1B,
    0x14, 0x04, 0x41, 0x9C, 0x5B, 0xB2, 0x65, 0xE9, 0xD2, 0x9C, 0x33, 0xD3, 0x5E, 0x40, 0x90, 0x49,
    0xAA, 0x8A, 0x22, 0x23, 0xD9, 0x36, 0x4D, 0x2F, 0x3A, 0x4D, 0x26, 0x32, 0x7B, 0xF3, 0x7E, 0xDF,
    0xD3, 0xEF, 0x79, 0xDE, 0x71, 0xF6, 0xFB, 0xCE, 0xDE, 0xB3, 0xBB, 0x77, 0xF7, 0xEC, 0xF2, 0xED,
    0x6B, 0xDE, 0xFF, 0xEF, 0xDD, 0x33, 0x33, 0xEF, 0x3C, 0xF3, 0x7F, 0x9E, 0xEF, 0xCC, 0x37, 0xF3,
    0x7D, 0x67, 0x81, 0x1B, 0xFB, 0x00, 0x04, 0x32, 0x6E, 0xB0, 0x92, 0x76, 0x83, 0x85, 0xF4, 0x46,
    0x64, 0x30, 0x04, 0xBF, 0x1D, 0x8D, 0xD1, 0xAF, 0x9D, 0x31, 0x1E, 0x16, 0xC6, 0xA4, 0x3F, 0x31,
    0xA6, 0x6D, 0x61, 0xCC, 0xDB, 0xA2, 0x56, 0x16, 0x65, 0xD6, 0x2A, 0x2B, 0xD2, 0x4E, 0xB9, 0x24,
    0x19, 0x80, 0xC0, 0x11, 0x8D, 0x40, 0xB8, 0xE2, 0x04, 0xFA, 0x8F, 0xC0, 0x01, 0x89, 0x88, 0x2C,
    0x81, 0x74, 0x45, 0x01, 0x32, 0x65, 0x09, 0x3A, 0x59, 0xD1, 0xEA, 0x74, 0xA0, 0x13, 0x36, 0x40,
    0xDA, 0xC3, 0xC2, 0x42, 0xB0, 0x7D, 0x75, 0x0E, 0x91, 0x01, 0x95, 0xB3, 0xA4, 0x10, 0xF0, 0xF2,
    0xF9, 0x23, 0x08, 0x9A, 0x7B, 0x10, 0x8B, 0xD8, 0x71, 0x5A, 0xD2, 0x3A, 0xEB, 0x48, 0xCB, 0xB8,
    0xE7, 0x12, 0xD1, 0x00, 0xC1, 0x4A, 0x02, 0xDD, 0x2B, 0x5D, 0xBE, 0x37, 0x50, 0xD4, 0xD1, 0xC0,
    0x01, 0x2B, 0xF9, 0xFA, 0xA9, 0x1C, 0x90, 0x0D, 0x14, 0xDF, 0x12, 0x29, 0x33, 0xF9, 0xA5, 0xD4,
    0xB1, 0x94, 0x27, 0x25, 0xBE, 0x45, 0xF5, 0xAE, 0x67, 0xF7, 0xEE, 0x86, 0xB1, 0x54, 0xDD, 0x93,
    0x19, 0x2C, 0x17, 0x65, 0x70, 0xFC, 0x91, 0x06, 0x7F, 0x78, 0x74, 0xF4, 0x3C, 0x0C, 0xBE, 0x1D,
    0xD5, 0x70, 0x27, 0xAE, 0xE1, 0xE0, 0x7B, 0x40, 0xBE, 0x04, 0x92, 0xE9, 0xB9, 0x59, 0xFD, 0x32,
    0xD7, 0xAA, 0xB5, 0xA8, 0xF5, 0x0C, 0x66, 0xD2, 0x7B, 0xC4, 0x33, 0xC3, 0xFA, 0x1C, 0x67, 0x07,
    0x30, 0x67, 0x5F, 0xFB, 0xF3, 0x81, 0x50, 0xA7, 0xCB, 0xEE, 0xFF, 0xC5, 0x40, 0x51, 0xCE, 0xCE,
    0x72, 0xEC, 0x9D, 0x4D, 0x06, 0x0A, 0xAA, 0x5F, 0x97, 0x85, 0xFC, 0x56, 0xDA, 0x44, 0x7E, 0x24,
    0x2D, 0x5F, 0xB2, 0x48, 0x49, 0x55, 0xA2, 0xD3, 0x18, 0xB2, 0x5A, 0xA5, 0x84, 0xA0, 0x7C, 0x10,
    0x57, 0x52, 0x9F, 0x6E, 0xC9, 0x4D, 0xA9, 0xCD, 0x8B, 0x05, 0x54, 0x6A, 0x40, 0x20, 0x87, 0xDC,
    0xEC, 0x22, 0x07, 0xC9, 0x90, 0x0E, 0x1A, 0x4C, 0xD6, 0xAA, 0x16, 0xA5, 0x6A, 0x05, 0x84, 0x83,
    0xF7, 0xFF, 0xD8, 0xD4, 0x3D, 0x52, 0xFD, 0x36, 0x07, 0xA6, 0x85, 0xD7, 0x5A, 0x35, 0xEB, 0x80,
    0xEF, 0x24, 0x23, 0xE0, 0xA2, 0x05, 0x9A, 0x19, 0xE9, 0xC8, 0x07, 0x0A, 0x51, 0x37, 0x62, 0x9F,
    0x9A, 0x5C, 0x0E, 0x21, 0xEC, 0x2C, 0x6C, 0x0B, 0xFA, 0x93, 0x1A, 0xF0, 0x7D, 0x22, 0x91, 0x2E,
    0x15, 0x19, 0xF3, 0x3E, 0x9C, 0x8A, 0x12, 0x77, 0x02, 0x77, 0x17, 0x80, 0x5B, 0xEB, 0x0B, 0xE0,
    0x04, 0x4B, 0xE3, 0xDD, 0xD5, 0x76, 0x4E, 0xB7, 0x0F, 0x45, 0x3A, 0x5F, 0xDB, 0x61, 0xE9, 0x2B,
    0x48, 0x75, 0x77, 0x50, 0xBD, 0x75, 0x5D, 0x75, 0xFF, 0xCA, 0x76, 0x78, 0x52, 0x62, 0x45, 0xBE,
    0x7B, 0x1B, 0xBE, 0xBA, 0x0B, 0x5C, 0x94, 0x2F, 0xBE, 0xC5, 0xB5, 0x6A, 0xD2, 0xAA, 0x06, 0x6C,
    0x85, 0x23, 0x00, 0x51, 0x0D, 0x71, 0x0B, 0xC1, 0x45, 0xB9, 0xE1, 0xAB, 0xE1, 0xFA, 0x6D, 0xF0,
    0x76, 0x43, 0x5C, 0xAA, 0xB2, 0x1D, 0x9E, 0xBC, 0x7A, 0x05, 0x76, 0x6F, 0xF9, 0xD0, 0xA3, 0xFA,
    0x02, 0xAB, 0x24, 0xFA, 0x97, 0x16, 0x80, 0xDF, 0x9A, 0xB2, 0xC7, 0x69, 0x6B, 0x44, 0xE4, 0x9E,
    0x87, 0x74, 0x54, 0x0A, 0x07, 0x0E, 0xAE, 0x8A, 0x81, 0xA6, 0x35, 0x64, 0x83, 0x21, 0x1E, 0x0D,
    0xA1, 0x33, 0x30, 0xE3, 0xD8, 0xE3, 0xC0, 0xA3, 0x78, 0x3C, 0x0E, 0x36, 0xF6, 0x73, 0xEB, 0x73,
    0x46, 0xA3, 0x21, 0xED, 0x0D, 0x55, 0xAB, 0x88, 0x65, 0x8E, 0x6C, 0x8E, 0x73, 0x8E, 0x7A, 0xBE,
    0xE4, 0x41, 0xBA, 0x34, 0x15, 0xEF, 0xFA, 0x86, 0xDE, 0x36, 0x1D, 0xD6, 0xB4, 0x3F, 0xAB, 0x41,
    0x37, 0x6B, 0x7E, 0xBF, 0x80, 0x50, 0xA4, 0xF1, 0xD7, 0x1A, 0xC8, 0xFB, 0x40, 0xCC, 0xD2, 0x42,
    0xCD, 0x55, 0x5D, 0x98, 0xBA, 0x87, 0x74, 0xC1, 0xBC, 0x4D, 0x65, 0xDB, 0xDB, 0xBE, 0x91, 0xBF,
    0x54, 0x34, 0xA3, 0x26, 0x30, 0x77, 0x70, 0x73, 0x4C, 0xEE, 0x59, 0xD6, 0xEF, 0x83, 0x51, 0x46,
    0xC8, 0x95, 0xE2, 0x23, 0x7E, 0x45, 0x5A, 0x23, 0xF9, 0xE0, 0x19, 0x3B, 0xCF, 0x60, 0xE1, 0x49,
    0x63, 0x34, 0x31, 0xE6, 0xA5, 0x67, 0x56, 0x7B, 0xA6, 0xAD, 0xC8, 0x26, 0x8F, 0x1A, 0x4F, 0x0A,
    0xCF, 0xCD, 0xED, 0xF3, 0x72, 0x73, 0xBE, 0x6A, 0xE6, 0xC2, 0x33, 0x9A, 0x3C, 0xB3, 0xC1, 0x18,
    0x48, 0xCB, 0x67, 0x9B, 0xA3, 0x23, 0x91, 0xD3, 0xF8, 0xE7, 0xF3, 0x39, 0x9B, 0x8B, 0x9D, 0x13,
    0x55, 0xAE, 0x4B, 0x79, 0x46, 0x0B, 0x78, 0x22, 0x7D, 0xAE, 0xB9, 0x98, 0x2C, 0x17, 0x3D, 0x70,
    0xE3, 0x1D, 0x00, 0x71, 0xB3, 0xFA, 0xFA, 0x72, 0x5E, 0x2B, 0x53, 0x1C, 0xF0, 0xB0, 0x7E, 0xD7,
    0x94, 0x73, 0x55, 0xF7, 0xDD, 0x54, 0x07, 0x3C, 0x89, 0xBA, 0x75, 0xFD, 0xF2, 0xF2, 0xE8, 0xE8,
    0xC8, 0xAD, 0x47, 0x15, 0xC8, 0x84, 0x76, 0x8E, 0xBE, 0x03, 0x37, 0xEF, 0x11, 0xC9, 0x52, 0xCF,
    0xAC, 0x2C, 0xBA, 0xB4, 0xAD, 0x88, 0xBB, 0x63, 0xA2, 0xDE, 0x11, 0x0D, 0x22, 0x32, 0x77, 0xE9,
    0x1D, 0x70, 0x8C, 0x19, 0x52, 0x17, 0x6D, 0x3C, 0xA4, 0x22, 0x5D, 0x24, 0x52, 0x52, 0x8D, 0x10,
    0x94, 0x3B, 0x40, 0xD4, 0x5E, 0x06, 0xC2, 0xFE, 0xAD, 0x07, 0x7E, 0xE4, 0xFD, 0x36, 0xF8, 0x11,
    0xD5, 0xAF, 0xDB, 0x7B, 0xFF, 0x50, 0x1C, 0xD8, 0x0B, 0xAA, 0xBB, 0x18, 0x5F, 0xE6, 0x96, 0x94,
    0xAA, 0x69, 0xAD, 0x1A, 0xB0, 0x0D, 0x8E, 0x00, 0x90, 0x6A, 0x2F, 0x21, 0xE0, 0x42, 0xDC, 0xD8,
    0x8E, 0xB3, 0x8E, 0x5A, 0x55, 0xBC, 0xDE, 0x51, 0x89, 0x46, 0xD5, 0xF0, 0xF0, 0xD9, 0x3D, 0xF8,
    0x75, 0x39, 0xCF, 0xAF, 0xDD, 0xDE, 0x2C, 0xD8, 0xBC, 0xDC, 0xBE, 0x05, 0xF0, 0x66, 0xE7, 0x6B,
    0x65, 0x8B, 0xAA, 0x64, 0xFF, 0x55, 0xB8, 0xD5, 0x43, 0xDE, 0x42, 0x02, 0x70, 0x31, 0x95, 0x32,
    0xDF, 0xB8, 0x90, 0xF4, 0xAA, 0xAF, 0x5B, 0x16, 0xAE, 0xEF, 0xAA, 0xEE, 0xEF, 0xD8, 0x21, 0xE4,
    0x90, 0xF9, 0x4D, 0x8F, 0xBD, 0x01, 0x0A, 0xA4, 0x23, 0x1B, 0xEC, 0x8D, 0xD1, 0x98, 0x0E, 0x10,
    0x4C, 0x59, 0x0B, 0x4C, 0x45, 0xA9, 0xE3, 0xC2, 0x32, 0x79, 0x70, 0xFE, 0x9B, 0xB0, 0x4C, 0x64,
    0x5D, 0x6D, 0x9B, 0xE2, 0xC0, 0xB4, 0xF0, 0x5A, 0xAB, 0x66, 0x9D, 0x6A, 0x32, 0x02, 0x27, 0xD1,
    0x12, 0x42, 0x87, 0x1E, 0x77, 0xB4, 0x18, 0x3A, 0x62, 0x73, 0x96, 0xAB, 0xD2, 0x03, 0x9F, 0x03,
    0x60, 0xA9, 0x12, 0xBE, 0x5F, 0xAA, 0x06, 0x35, 0x90, 0x2C, 0xE3, 0x09, 0x1A, 0xF9, 0x89, 0x23,
    0x34, 0x03, 0xE3, 0x29, 0x94, 0x4B, 0x7A, 0x9E, 0x27, 0xFE, 0xBA, 0xFA, 0x51, 0x1A, 0xDB, 0xDA,
    0x68, 0x0A, 0x1D, 0x44, 0x22, 0x13, 0xEA, 0x6D, 0x0F, 0xD9, 0x37, 0x97, 0x40, 0x56, 0xA2, 0xDA,
    0x81, 0xFD, 0xFC, 0xBF, 0x21, 0xB2, 0x70, 0x92, 0x0F, 0x44, 0x46, 0xB2, 0x9A, 0xAB, 0x8E, 0xC2,
    0x62, 0x39, 0x00, 0x4E, 0x38, 0x31, 0xCF, 0x1B, 0x1B, 0x57, 0x35, 0xE1, 0x82, 0x62, 0xE4, 0xE6,
    0x44, 0xAA, 0x49, 0x21, 0x58, 0x69, 0x09, 0x9F, 0x3E, 0x3A, 0x04, 0x82, 0x2E, 0x56, 0x03, 0xC7,
    0x0C, 0x40, 0x44, 0xB5, 0x5A, 0xA8, 0x66, 0xE3, 0x76, 0x64, 0xC1, 0xDA, 0x65, 0x06, 0x20, 0xF9,
    0x56, 0x0F, 0x44, 0xD2, 0x02, 0xDC, 0x60, 0xEB, 0x72, 0x31, 0xB7, 0xA8, 0x7D, 0xA0, 0x41, 0xB9,
    0x45, 0x59, 0x60, 0x6F, 0x4D, 0xAF, 0x6C, 0x9F, 0xFF, 0x5B, 0xE0, 0x73, 0x34, 0x98, 0xAD, 0xFE,
    0xEC, 0x6B, 0xD3, 0x2D, 0xF4, 0xF9, 0x6D, 0x15, 0xDE, 0x35, 0x9D, 0x4C, 0x07, 0x53, 0x0A, 0x0F,
    0xFE, 0xA9, 0x36, 0x04, 0x3F, 0xEE, 0x8C, 0x51, 0x7D, 0x1B, 0x10, 0x19, 0x34, 0x86, 0xF6, 0x2C,
    0x71, 0xD8, 0x29, 0x3D, 0x33, 0x45, 0xDB, 0x1A, 0xF5, 0x5A, 0xF8, 0xBD, 0x96, 0x0B, 0x9A, 0xFF,
    0xFC, 0xF8, 0x79, 0xCB, 0xCE, 0x19, 0x08, 0xF5, 0xFE, 0x3B, 0x28, 0xF7, 0x69, 0x6A, 0x40, 0x3A,
    0x95, 0x01, 0x88, 0x9E, 0x42, 0x9A, 0x9E, 0xE8, 0x37, 0xB2, 0xB0, 0xB4, 0x11, 0x2D, 0x29, 0xEA,
    0x68, 0x22, 0x6B, 0xA3, 0x81, 0xF4, 0x89, 0x45, 0xA4, 0x4D, 0x7F, 0xB1, 0x92, 0x64, 0xB9, 0x92,
    0x70, 0x59, 0x88, 0xB3, 0x34, 0x9C, 0x25, 0xC5, 0x7C, 0xD8, 0x99, 0x5F, 0xFE, 0xDB, 0x95, 0x73,
    0x2B, 0x56, 0xAD, 0x88, 0xAC, 0xD1, 0xD6, 0x3F, 0x92, 0xEA, 0xFC, 0x3A, 0x57, 0xF3, 0xBC, 0x77,
    0xBA, 0xFE, 0x99, 0x79, 0x5E, 0xFC, 0x79, 0x0F, 0x50, 0x8C, 0xA6, 0xE7, 0xBC, 0x57, 0x92, 0xF0,
    0x81, 0xDE, 0xF8, 0xEE, 0xA3, 0xDF, 0x55, 0xE5, 0x13, 0xB0, 0xB0, 0x8A, 0x9F, 0x2B, 0xAA, 0x4E,
    0x7B, 0x58, 0x12, 0x0F, 0xE0, 0x88, 0x3E, 0xBE, 0x7E, 0x7E, 0xF9, 0xED, 0xE8, 0xC3, 0xB2, 0x90,
    0x21, 0x94, 0x7A, 0xA5, 0x34, 0xF5, 0x0E, 0xFB, 0x79, 0xD7, 0x1F, 0x8C, 0xDD, 0x9D, 0xAA, 0xBD,
    0x93, 0x96, 0x22, 0x83, 0x5F, 0x70, 0x3C, 0xCB, 0x72, 0x3A, 0x4F, 0xD2, 0xDE, 0x29, 0x86, 0xE1,
    0x6B, 0x55, 0x7F, 0x2B, 0xAD, 0xFD, 0x4D, 0x5E, 0x31, 0x51, 0x3C, 0xC9, 0x24, 0xD2, 0xD1, 0x0C,
    0xE4, 0x87, 0x3B, 0x37, 0xCA, 0x4C, 0xEA, 0xD5, 0x72, 0xE1, 0xB1, 0x15, 0x42, 0x21, 0xFA, 0x89,
    0x51, 0x53, 0x23, 0x3D, 0x32, 0x10, 0x3D, 0x76, 0x91, 0x32, 0x94, 0x9A, 0x13, 0xAE, 0x50, 0xEE,
    0x05, 0xED, 0xB5, 0xB8, 0x4D, 0xA5, 0x0C, 0x17, 0x5C, 0x78, 0x6C, 0x43, 0xD4, 0xDE, 0x4D, 0xEA,
    0x4A, 0xCA, 0x62, 0x49, 0x32, 0x7D, 0xDC, 0x08, 0x5B, 0x4E, 0x2E, 0x3E, 0x95, 0x0C, 0x70, 0x1B,
    0xAE, 0xC3, 0xF7, 0x61, 0x24, 0xEE, 0x48, 0x87, 0xD5, 0xA2, 0x83, 0xD3, 0xF6, 0x71, 0xE2, 0xAC,
    0x7D, 0x9C, 0x51, 0x4B, 0xD8, 0x42, 0x4F, 0x38, 0x10, 0xF5, 0x00, 0xDC, 0x82, 0xBB, 0xF0, 0xEA,
    0xC5, 0xBB, 0xFA, 0x74, 0x36, 0x86, 0xB2, 0x92, 0x35, 0x06, 0x4A, 0x1C, 0x40, 0xF4, 0x22, 0xB8,
    0xEF, 0x19, 0x8C, 0xE7, 0x70, 0x82, 0xB8, 0xC7, 0xE1, 0x20, 0xED, 0x70, 0x2C, 0x21, 0x6B, 0x71,
    0x54, 0x75, 0xD0, 0x68, 0xFC, 0xB9, 0xC8, 0x92, 0x15, 0x63, 0x91, 0x51, 0xC9, 0xCD, 0x65, 0xA9,
    0x59, 0xFB, 0x7A, 0x3A, 0x20, 0xDA, 0x75, 0xCC, 0x5A, 0x93, 0x3A, 0x11, 0xE9, 0x13, 0x79, 0x6F,
    0x48, 0x24, 0x1A, 0x28, 0x9E, 0xB8, 0x4B, 0x59, 0xE8, 0x6F, 0x16, 0x4E, 0x28, 0xE0, 0x23, 0xFB,
    0x09, 0x34, 0x0B, 0x68, 0x1C, 0xE4, 0x3D, 0x7A, 0x0A, 0x44, 0x7F, 0x0F, 0xA4, 0x09, 0x70, 0x29,
    0x28, 0x31, 0x73, 0x4D, 0x30, 0x81, 0xE8, 0x99, 0xE4, 0x8A, 0x8A, 0x7B, 0x48, 0xE2, 0xFE, 0x58,
    0xDD, 0xAA, 0xD4, 0xAA, 0xA2, 0xA3, 0x29, 0x53, 0x35, 0x29, 0x52, 0x87, 0xCC, 0x1E, 0x0E, 0x89,
    0x26, 0x92, 0xD7, 0xD9, 0x8D, 0x89, 0xA4, 0xF5, 0x0B, 0xE9, 0x53, 0x2E, 0xAF, 0xE6, 0xF5, 0xDB,
    0x52, 0x16, 0xC2, 0xD5, 0x49, 0x13, 0x90, 0x8A, 0x9C, 0x01, 0x0E, 0x1A, 0x14, 0xA1, 0x33, 0x24,
    0x83, 0x21, 0xEF, 0x0C, 0x4D, 0xA9, 0x08, 0x17, 0x28, 0x92, 0xD1, 0x90, 0x77, 0x86, 0xA6, 0x56,
    0x2C, 0x65, 0x52, 0x88, 0x88, 0xE1, 0x9F, 0xED, 0xA7, 0xE2, 0x3F, 0xF0, 0x5C, 0x92, 0xF4, 0xF8,
    0x0B, 0xC0, 0x3A, 0xC2, 0xD1, 0x10, 0x38, 0x03, 0x33, 0x8E, 0x5F, 0x29, 0x15, 0x55, 0xD2, 0xFA,
    0xCF, 0xD5, 0x0D, 0x99, 0x94, 0x8A, 0x78, 0x02, 0x1F, 0xDF, 0xEC, 0x2E, 0xC4, 0x9D, 0x21, 0x69,
    0xE1, 0x22, 0xDE, 0x6C, 0x14, 0xD2, 0xAE, 0x4B, 0xDA, 0xEB, 0xCF, 0xEA, 0x95, 0x08, 0x44, 0xBF,
    0x5A, 0xA0, 0x09, 0xAA, 0x55, 0xBA, 0x95, 0xE8, 0x5A, 0x67, 0xAF, 0xD6, 0x60, 0x64, 0xC5, 0x49,
    0xE5, 0xFB, 0x7F, 0x20, 0xD2, 0x1E, 0x2C, 0x56, 0x92, 0xBB, 0x95, 0xE8, 0x99, 0x17, 0x00, 0x6F,
    0xA9, 0x7C, 0x5F, 0x65, 0x50, 0x89, 0xDB, 0xB5, 0x87, 0x6D, 0x2A, 0xBC, 0x61, 0xF6, 0x0D, 0x67,
    0x14, 0xC7, 0x8B, 0xD2, 0x77, 0x4C, 0xDD, 0xBA, 0x1E, 0xD9, 0x63, 0x14, 0xD1, 0x36, 0x2B, 0x03,
    0xC1, 0x40, 0xD8, 0x11, 0xB5, 0x54, 0x35, 0x4D, 0x4F, 0x35, 0x10, 0x5D, 0xD0, 0x72, 0xFA, 0x3B,
    0x6F, 0x0B, 0x7C, 0x20, 0x6D, 0x39, 0xBD, 0xBD, 0xC8, 0x55, 0xD8, 0x83, 0xE7, 0xE8, 0x49, 0x38,
    0xD9, 0x3F, 0x3B, 0xE2, 0x1A, 0xB8, 0x7D, 0x1B, 0xE0, 0x5A, 0xFB, 0xA0, 0x7E, 0xD8, 0x8A, 0xFA,
    0xA9, 0x6A, 0xD4, 0x20, 0x9A, 0x01, 0xA2, 0xD3, 0x9E, 0xAC, 0x7A, 0x3A, 0xF7, 0xCB, 0x6B, 0xFD,
    0xF5, 0xB9, 0xF3, 0x74, 0x5D, 0x4A, 0xD4, 0x3B, 0x4E, 0xCA, 0xD9, 0x8D, 0x33, 0xC0, 0x71, 0x61,
    0xB8, 0xE3, 0xE1, 0x3C, 0xA6, 0xC7, 0xEE, 0xF0, 0x8E, 0x87, 0x3B, 0x03, 0xEF, 0x18, 0xA2, 0xED,
    0x14, 0xB3, 0x69, 0x54, 0x4F, 0x6B, 0xC4, 0x10, 0x75, 0xD1, 0x10, 0xF7, 0xD1, 0x10, 0xB6, 0x1F,
    0xC7, 0xB4, 0x42, 0x1C, 0x6C, 0x28, 0x05, 0x8F, 0xD4, 0xDF, 0x33, 0x9D, 0x4C, 0x47, 0xD3, 0x4E,
    0xB5, 0x2A, 0x81, 0x40, 0x00, 0x62, 0xD3, 0xCC, 0xB4, 0xA8, 0x54, 0x5F, 0xFF, 0xE8, 0xD9, 0x5E,
    0x33, 0x2D, 0xD6, 0xF5, 0xF3, 0xCD, 0xCA, 0x9C, 0xA6, 0x10, 0x6D, 0x5E, 0xE3, 0x89, 0x64, 0x69,
    0x73, 0x16, 0xE7, 0x2D, 0x2D, 0xC5, 0x60, 0x0A, 0x42, 0x24, 0x24, 0x42, 0x5E, 0xF1, 0x56, 0xC1,
    0xA5, 0x8F, 0xDE, 0x7E, 0x24, 0x77, 0x24, 0xF7, 0x80, 0x1D, 0x7C, 0xCB, 0x66, 0xBE, 0x3D, 0xF3,
    0x5D, 0x15, 0x59, 0x30, 0xDF, 0xFD, 0x32, 0xB3, 0x36, 0x22, 0xDD, 0x7C, 0x17, 0x3E, 0x78, 0x2E,
    0x27, 0x4F, 0xB7, 0x98, 0x59, 0xCD, 0xCC, 0x5B, 0xCF, 0xB4, 0xF3, 0x8C, 0x07, 0xCF, 0xD0, 0x79,
    0xB2, 0x9C, 0x59, 0x95, 0x9E, 0x79, 0xEB, 0x99, 0xF6, 0x9E, 0xD1, 0xE8, 0x19, 0x38, 0x4F, 0x96,
    0x33, 0x8B, 0x3F, 0xF5, 0xCC, 0x7E, 0xE8, 0x99, 0xFC, 0xAF, 0x67, 0x24, 0x9E, 0x81, 0xF8, 0xBB,
    0x78, 0x9A, 0x99, 0xC5, 0xCC, 0xAC, 0x05, 0x52, 0xE6, 0xAB, 0x11, 0x7B, 0xF3, 0xD9, 0x36, 0x75,
    0xD3, 0x23, 0x3F, 0x97, 0x05, 0x72, 0x71, 0x37, 0xE1, 0x2F, 0xAF, 0x81, 0xE4, 0xF5, 0xE6, 0x63,
    0xA0, 0x77, 0x67, 0x4E, 0xF0, 0x9C, 0xCC, 0x84, 0x7C, 0xAE, 0xD0, 0xF9, 0x68, 0x77, 0x54, 0xC2,
    0xB6, 0xC7, 0xDA, 0x3F, 0xD6, 0x9E, 0xD7, 0x3C, 0xB8, 0xF4, 0x52, 0x57, 0x70, 0x50, 0x96, 0x10,
    0xFC, 0xAC, 0x06, 0x2A, 0x80, 0x5D, 0xE0, 0xB9, 0x39, 0x9F, 0x63, 0xAD, 0xAA, 0x3D, 0x5A, 0x43,
    0xE1, 0x91, 0xD5, 0x86, 0x74, 0xC3, 0xFC, 0x3D, 0x9E, 0xB2, 0x25, 0x53, 0xB2, 0x04, 0xD2, 0x65,
    0x65, 0x09, 0x9A, 0x6F, 0x4E, 0x8A, 0x3E, 0x9A, 0x14, 0x75, 0xE0, 0x14, 0xF0, 0x0C, 0x48, 0xC5,
    0xB1, 0x3C, 0x34, 0x34, 0xBD, 0x21, 0xEF, 0x5F, 0xDA, 0x2A, 0xB1, 0x16, 0xB7, 0x4F, 0xC7, 0xDF,
    0xF7, 0xE0, 0xED, 0xDA, 0xB3, 0x68, 0xAD, 0xB8, 0x7C, 0x75, 0xF9, 0xF2, 0xF2, 0xF5, 0x85, 0x15,
    0x18, 0x56, 0x39, 0x1F, 0x5B, 0xB5, 0xD4, 0xFE, 0x4B, 0x35, 0x16, 0xE6, 0x97, 0x39, 0x90, 0x95,
    0x4F, 0xAA, 0xA9, 0xE9, 0x57, 0x4F, 0x0B, 0x34, 0x95, 0x16, 0x4E, 0xF1, 0xC9, 0xA3, 0x5A, 0x71,
    0x55, 0x0E, 0x81, 0x78, 0xFE, 0x6E, 0xE9, 0x0A, 0x3D, 0x48, 0x47, 0xE6, 0x88, 0x16, 0x6A, 0x21,
    0xE9, 0x68, 0xBB, 0x67, 0x1D, 0x90, 0x75, 0x45, 0x0D, 0x24, 0x43, 0x01, 0x10, 0x0D, 0x07, 0x8A,
    0x70, 0x3C, 0x56, 0x04, 0x93, 0x53, 0xE0, 0x1E, 0x85, 0x79, 0xCB, 0x79, 0xBF, 0x79, 0x96, 0x79,
    0xCE, 0xF9, 0x08, 0xC9, 0x60, 0xC7, 0xD3, 0xA3, 0x87, 0x32, 0xC7, 0x02, 0xB9, 0x8F, 0x6C, 0x8E,
    0x73, 0x8E, 0x7A, 0xF3, 0x6B, 0xD7, 0xE4, 0x4B, 0x08, 0x75, 0xB3, 0x54, 0x64, 0x22, 0xEF, 0xC3,
    0x25, 0x45, 0x49, 0xC5, 0x09, 0xE4, 0xF5, 0x42, 0xD3, 0xEE, 0x20, 0x5D, 0x13, 0xFB, 0x99, 0xAD,
    0xB5, 0xED, 0x6C, 0x8F, 0x44, 0xF7, 0xB5, 0x59, 0x6C, 0x3E, 0xD8, 0x63, 0x50, 0x5C, 0x0B, 0x7B,
    0x45, 0x26, 0x9D, 0xF7, 0xB0, 0x56, 0x84, 0x4B, 0xB6, 0xDD, 0x43, 0xFB, 0x66, 0xF5, 0xDD, 0xA4,
    0x9E, 0x8D, 0x9C, 0xBF, 0x59, 0xFD, 0xDC, 0xDC, 0x0C, 0xFE, 0xAC, 0x54, 0x44, 0xFF, 0x5E, 0x2B,
    0xE2, 0x1F, 0x96, 0x8A, 0xE4, 0x8B, 0x58, 0x45, 0x7E, 0x66, 0xEB, 0xDD, 0xDC, 0xF9, 0x63, 0x20,
    0xFD, 0x4B, 0x95, 0xB7, 0x80, 0x6B, 0xEF, 0x02, 0x9F, 0xFB, 0xD2, 0xF3, 0x72, 0xD3, 0x0E, 0x9A,
    0x8A, 0x36, 0x1F, 0xC7, 0x3C, 0x36, 0xD3, 0x12, 0x1B, 0xCF, 0xD1, 0xA6, 0x2D, 0x14, 0xB3, 0x7D,
    0x36, 0x9E, 0x3D, 0xB4, 0xF1, 0x7C, 0x9A, 0x3A, 0x7E, 0x6D, 0x3E, 0x73, 0x1D, 0x33, 0x9B, 0x61,
    0xE3, 0xD9, 0x1F, 0x1B, 0xCF, 0x96, 0xD9, 0x78, 0x76, 0x51, 0x0F, 0xDC, 0x3E, 0x66, 0xBC, 0xB1,
    0xFD, 0xC6, 0x3C, 0x9B, 0xF3, 0x6F, 0x1C, 0xB7, 0x28, 0x81, 0xD8, 0x8F, 0x33, 0x95, 0xD4, 0xC7,
    0x69, 0x39, 0x29, 0x7C, 0xFC, 0x91, 0x03, 0xE6, 0xF3, 0x42, 0x6A, 0x12, 0x37, 0x8F, 0xF3, 0xE5,
    0xDF, 0x49, 0xBF, 0xF3, 0xC5, 0x7F, 0xBB, 0x71, 0xA3, 0xDA, 0xF0, 0x67, 0xCD, 0x37, 0x33, 0xF2,
    0xE6, 0x3D, 0x73, 0x75, 0xFE, 0x2E, 0xC8, 0xB4, 0xEA, 0xB5, 0xFA, 0x5D, 0xB4, 0x69, 0xAB, 0xE6,
    0x57, 0xC4, 0x9D, 0x66, 0x62, 0x41, 0xD4, 0x2F, 0x20, 0x75, 0x44, 0x83, 0xC3, 0x26, 0x38, 0xCB,
    0x79, 0x3D, 0xF8, 0xED, 0xC1, 0xEF, 0xCF, 0x3C, 0x5F, 0x3C, 0x24, 0x7E, 0xFE, 0xCE, 0x1F, 0x4F,
    0x4A, 0x7F, 0xFC, 0x11, 0xE0, 0x2E, 0xD6, 0x06, 0xD3, 0xC0, 0x23, 0xEA, 0x00, 0x8D, 0xF3, 0x9E,
    0x87, 0xD4, 0x1E, 0x03, 0x38, 0x48, 0x9C, 0x81, 0x85, 0xC7, 0xC1, 0x23, 0xAE, 0xF0, 0x07, 0xEB,
    0x5B, 0xC6, 0x0E, 0x6C, 0x16, 0x8F, 0xDA, 0x70, 0x0F, 0x7F, 0x11, 0x36, 0xE4, 0xAD, 0x21, 0xED,
    0x0C, 0xF1, 0x60, 0x88, 0x46, 0x43, 0xE8, 0x0C, 0xCC, 0x38, 0x09, 0x0F, 0x15, 0xC5, 0x1F, 0x0D,
    0x3A, 0x61, 0x2E, 0xBD, 0x22, 0x91, 0x56, 0x11, 0x2E, 0x21, 0xEC, 0x1F, 0x7C, 0x3F, 0x7E, 0x07,
    0x9A, 0xBA, 0xEA, 0xE5, 0xA7, 0xF6, 0x3C, 0x60, 0x11, 0x49, 0x79, 0x1C, 0x4D, 0x1C, 0xEB, 0x73,
    0xB3, 0xC7, 0xDD, 0x98, 0xBE, 0xF7, 0xE1, 0xB7, 0x11, 0x19, 0xAC, 0x6F, 0xB7, 0x21, 0x04, 0x0E,
    0x80, 0x70, 0x4E, 0x71, 0x6F, 0x88, 0x5B, 0x9E, 0xDE, 0x9C, 0xD9, 0x18, 0xEB, 0x16, 0x5C, 0xD2,
    0x41, 0x5A, 0x43, 0x06, 0x70, 0x69, 0x47, 0x95, 0xE4, 0x0D, 0x43, 0x34, 0x19, 0xE8, 0x3D, 0xD8,
    0xFA, 0x02, 0xBB, 0xBE, 0x0B, 0x97, 0x07, 0x5F, 0x64, 0x17, 0xE4, 0xE1, 0xE6, 0x9F, 0xA0, 0x5C,
    0x33, 0x7D, 0x4B, 0xE5, 0xAA, 0xDC, 0x87, 0xC0, 0x7E, 0xF3, 0xC7, 0x2B, 0x9D, 0x48, 0x47, 0xC2,
    0x05, 0x59, 0xAB, 0x06, 0x14, 0xE5, 0xE6, 0x03, 0x0B, 0x66, 0xCD, 0xFC, 0x5C, 0xBD, 0x6A, 0xB4,
    0x2C, 0x15, 0xCD, 0x72, 0x1F, 0x48, 0xC4, 0xFE, 0xF5, 0x59, 0x19, 0x01, 0x92, 0x85, 0x8F, 0xDF,
    0x34, 0xF7, 0xFB, 0xB4, 0x9F, 0x31, 0x2D, 0x4C, 0xDF, 0x06, 0x32, 0x1B, 0x57, 0x65, 0xD6, 0xF3,
    0x8A, 0x90, 0xEA, 0x49, 0x12, 0x5A, 0x3C, 0x16, 0xDB, 0x43, 0x2F, 0xB7, 0xA0, 0xB9, 0x4F, 0x22,
    0xD2, 0x66, 0xFF, 0xD9, 0x0C, 0x79, 0x1D, 0x0D, 0x39, 0xE1, 0x8A, 0x68, 0xDC, 0xC4, 0x72, 0xA8,
    0x91, 0xC0, 0x2B, 0xBA, 0x7B, 0x32, 0x42, 0xE0, 0x32, 0x70, 0x59, 0xB9, 0xE2, 0x2F, 0xFE, 0x6A,
    0x4A, 0xD4, 0x8A, 0x46, 0x43, 0xFC, 0xC4, 0xDA, 0x17, 0xFC, 0x7F, 0xD9, 0x01, 0x61, 0x7B, 0x1B,
    0x80, 0xED, 0xF0, 0x24, 0x28, 0x21, 0xE9, 0xFD, 0x1F, 0x1B, 0xDC, 0xFA, 0x1D, 0xE0, 0x62, 0x7C,
    0xD9, 0x82, 0x33, 0xDF, 0x68, 0xEB, 0x8F, 0xAC, 0x7D, 0x2C, 0x7B, 0x17, 0xE4, 0xC4, 0xC6, 0x21,
    0xD2, 0x12, 0x32, 0xE0, 0x4D, 0x73, 0x7E, 0x1F, 0xE0, 0xFF, 0xBA, 0x07, 0xF5, 0x73, 0x99, 0x2D,
    0xAA, 0x9C, 0xD3, 0x3F, 0x51, 0xE9, 0x21, 0xAA, 0x2F, 0xAC, 0x72, 0xC4, 0x5A, 0xBB, 0x09, 0xE7,
    0x6F, 0xFB, 0x36, 0xF1, 0x8E, 0x62, 0xA7, 0x44, 0x01, 0x2F, 0x1C, 0x76, 0xAB, 0xBF, 0x89, 0x73,
    0xDA, 0xC6, 0x75, 0x0C, 0x92, 0xDA, 0x90, 0x96, 0x1E, 0xA6, 0xAF, 0x42, 0x78, 0xEE, 0x2F, 0x5F,
    0x77, 0xDA, 0x1F, 0xF3, 0x8B, 0xDA, 0xCD, 0xDD, 0x85, 0x2E, 0x9C, 0x02, 0x91, 0x91, 0x46, 0x7A,
    0x92, 0x73, 0x8B, 0x50, 0xC5, 0xBF, 0xE6, 0x93, 0x5B, 0x86, 0xB0, 0x33, 0x50, 0x02, 0x5B, 0x9F,
    0x88, 0xEB, 0x26, 0xC1, 0x00, 0xB7, 0xA2, 0x0D, 0xB9, 0x7D, 0x2A, 0x83, 0x9A, 0xCA, 0xA9, 0xD8,
    0x84, 0x8F, 0x17, 0xB7, 0x26, 0xEA, 0x34, 0x66, 0xB5, 0x79, 0x6D, 0x66, 0x3F, 0x57, 0xE7, 0xF6,
    0x3E, 0xE5, 0x71, 0xD9, 0xF0, 0xE9, 0xBF, 0x79, 0x16, 0xE7, 0xC2, 0xF7, 0x3E, 0xAC, 0x37, 0x9D,
    0x7B, 0xF6, 0x52, 0xDC, 0x4B, 0xA5, 0xDD, 0x4D, 0x97, 0xD7, 0x4F, 0xCB, 0x71, 0xD2, 0x52, 0xFC,
    0xDE, 0x40, 0x23, 0x1D, 0x57, 0xAD, 0x14, 0xF7, 0x5F, 0x01, 0x20, 0x76, 0xA9, 0x31, 0xBD, 0xF9,
    0x15, 0xE3, 0xE5, 0xD8, 0x19, 0x3F, 0xC1, 0x3E, 0x9C, 0xFF, 0x47, 0xBA, 0xCE, 0x87, 0xFF, 0xC2,
    0xB8, 0x00, 0xE2, 0x1E, 0x4E, 0x66, 0x56, 0x40, 0xD2, 0x41, 0x51, 0x42, 0xDA, 0x42, 0xAE, 0xBD,
    0x86, 0x74, 0x80, 0x06, 0x88, 0x17, 0xBA, 0x40, 0x20, 0x56, 0x15, 0x90, 0x8B, 0x74, 0xCA, 0xB0,
    0xB9, 0xAF, 0x08, 0xCA, 0xDF, 0x45, 0xB7, 0xFE, 0x1A, 0xF0, 0xC6, 0xF1, 0x6D, 0x60, 0x37, 0xEB,
    0x81, 0x2B, 0x41, 0x09, 0x32, 0x84, 0xD2, 0x6E, 0xA8, 0xD6, 0xC9, 0x53, 0xE8, 0xA8, 0x71, 0x85,
    0x8E, 0xA6, 0xC5, 0xEA, 0xB1, 0xA4, 0x92, 0xFF, 0x90, 0x9A, 0x64, 0x19, 0x4A, 0x09, 0x91, 0x38,
    0x60, 0x83, 0x2F, 0xB5, 0xE7, 0x37, 0x4A, 0x20, 0xB6, 0x9F, 0x85, 0x47, 0xF5, 0x8B, 0xF3, 0x39,
    0xC1, 0xDF, 0x59, 0xC4, 0xF5, 0x9B, 0xC6, 0xE8, 0x43, 0x77, 0xF6, 0xFF, 0x26, 0x78, 0x99, 0x7D,
    0xDF, 0x61, 0x1F, 0x48, 0x19, 0x80, 0xE4, 0x83, 0xB5, 0xEF, 0xEE, 0x2F, 0x79, 0x71, 0x39, 0xE0,
    0x93, 0xF8, 0xF6, 0xD7, 0xAD, 0xE7, 0xB7, 0x0F, 0x37, 0x59, 0xB4, 0x9E, 0x3B, 0xBC, 0xCC, 0xB9,
    0xE0, 0x73, 0xA6, 0x1F, 0xA8, 0x04, 0xDF, 0x28, 0x55, 0xDF, 0x57, 0x45, 0x54, 0xB8, 0xF2, 0x22,
    0x33, 0xF2, 0xEE, 0x5D, 0xAC, 0x4D, 0x83, 0xE7, 0x2F, 0x3D, 0xC3, 0x9F, 0xBD, 0xD4, 0xAF, 0x06,
    0x7E, 0xD5, 0x02, 0xE1, 0xCF, 0x55, 0x23, 0x7B, 0xBC, 0x1B, 0xFE, 0xC9, 0xF3, 0x76, 0xFD, 0x07,
    0x32, 0xBB, 0xFE, 0xF2, 0xBA, 0x4A, 0xEA, 0x41, 0x32, 0x33, 0x2A, 0x3D, 0xAF, 0xB6, 0x9E, 0x59,
    0x69, 0x2E, 0x07, 0xD2, 0x6E, 0xE8, 0xF3, 0xA9, 0xED, 0x3D, 0x00, 0x76, 0x4D, 0x3F, 0x65, 0xFA,
    0x15, 0xD3, 0xAF, 0xC3, 0x43, 0x9F, 0x72, 0xCA, 0x4C, 0x08, 0xDF, 0xAF, 0x99, 0x5B, 0xFC, 0x85,
    0x0E, 0x2C, 0x35, 0xE6, 0x51, 0x2A, 0x62, 0x43, 0x39, 0x1D, 0x06, 0x52, 0xEA, 0x30, 0x9C, 0x20,
    0x94, 0x5A, 0xCD, 0x0A, 0xFC, 0x27, 0x7B, 0xE6, 0xE1, 0x62, 0x1E, 0x56, 0xE6, 0x5E, 0xFC, 0x81,
    0x77, 0xBA, 0x80, 0xF4, 0x5F, 0x7D, 0x12, 0x8A, 0x9A, 0xF4, 0xFD, 0x01, 0xDD, 0x27, 0x6B, 0xC9,
    0xBE, 0x31, 0xEA, 0x29, 0x91, 0x76, 0xE4, 0x5F, 0x98, 0x2C, 0x41, 0x49, 0x4F, 0x81, 0x53, 0x10,
    0x0F, 0x54, 0x2C, 0x74, 0xA5, 0x6E, 0x74, 0xCC, 0x81, 0xEE, 0x42, 0x38, 0xE1, 0x28, 0x2C, 0x49,
    0x38, 0x1B, 0x16, 0x00, 0xC7, 0xC1, 0x44, 0x5E, 0x56, 0x00, 0x55, 0x38, 0x92, 0xB5, 0x0B, 0x80,
    0xC2, 0x6C, 0x73, 0x00, 0xF9, 0x37, 0x7B, 0x92, 0x1F, 0x4F, 0x00, 0xE9, 0x0F, 0x3A, 0xE2, 0x9F,
    0x8D, 0x36, 0xFC, 0x49, 0x4B, 0xF4, 0x9B, 0x01, 0x20, 0xD6, 0xAC, 0x58, 0x72, 0x57, 0xA8, 0xD1,
    0x24, 0x01, 0xA1, 0x00, 0x62, 0xFE, 0x04, 0x36, 0x2C, 0x01, 0x58, 0x02, 0x0D, 0xD6, 0x82, 0x43,
    0x4F, 0x0B, 0xDF, 0xDA, 0xE5, 0xD9, 0x65, 0xF6, 0x52, 0x6F, 0x66, 0x1B, 0x8F, 0xAA, 0xAB, 0x25,
    0x99, 0xE6, 0x41, 0xEA, 0x74, 0x10, 0x4D, 0x64, 0x0B, 0x12, 0x33, 0x24, 0x5F, 0xDA, 0xA9, 0x2E,
    0x29, 0x1A, 0x2B, 0xC3, 0x86, 0xAA, 0x28, 0x8B, 0x5A, 0x7D, 0x3D, 0xC9, 0xEB, 0x0A, 0xC8, 0xDB,
    0x45, 0xD6, 0x2E, 0x81, 0xF4, 0x47, 0x6E, 0xB5, 0xE8, 0xE0, 0xA7, 0x53, 0xF2, 0x53, 0x1D, 0xC4,
    0xBF, 0x1A, 0x57, 0x8B, 0x85, 0x3E, 0xAC, 0x16, 0x8B, 0xB6, 0x0F, 0xC5, 0x27, 0xB3, 0x9B, 0xCF,
    0xA5, 0x69, 0xE7, 0x33, 0x29, 0xEA, 0x39, 0xF8, 0xB0, 0x37, 0xC4, 0x77, 0x7C, 0xDC, 0x6F, 0x1A,
    0x76, 0x53, 0x40, 0x74, 0x1E, 0x69, 0x37, 0xC1, 0xD2, 0x12, 0x44, 0xA3, 0xD9, 0xB3, 0x69, 0x8A,
    0xD2, 0x86, 0x15, 0x90, 0xF6, 0x58, 0x24, 0x43, 0x38, 0xA1, 0x69, 0xF2, 0x76, 0xB8, 0xB4, 0x53,
    0x9C, 0xE8, 0xF6, 0x50, 0x14, 0xAA, 0x64, 0x4B, 0x43, 0xEA, 0x0C, 0xF1, 0xF8, 0x4C, 0xF7, 0x61,
    0x22, 0xC6, 0x0D, 0x6C, 0x3C, 0x18, 0xFB, 0x87, 0xD3, 0x07, 0x63, 0x32, 0x50, 0xC8, 0x20, 0x93,
    0xA9, 0x53, 0x65, 0xA1, 0xD6, 0x73, 0x40, 0xE8, 0xA0, 0xB0, 0x62, 0xCC, 0xEB, 0x78, 0x80, 0xB4,
    0x4D, 0xFB, 0xF9, 0x43, 0x0D, 0xE2, 0x21, 0x3F, 0xFD, 0x0F, 0x39, 0xC2, 0xA9, 0x02, 0x70, 0x27,
    0xAA, 0x8B, 0x85, 0x6A, 0xE5, 0x54, 0x8B, 0x51, 0x35, 0x1F, 0x30, 0x2B, 0x4C, 0x5B, 0xD5, 0x5C,
    0xD5, 0x7C, 0x4A, 0xCC, 0xF4, 0xEC, 0x0F, 0x2D, 0x71, 0x32, 0x01, 0x89, 0xF4, 0x40, 0x30, 0xDF,
    0x22, 0x5F, 0xBA, 0x64, 0x78, 0xE3, 0x9A, 0xE1, 0x53, 0xAF, 0x6F, 0x7F, 0x16, 0x82, 0x7D, 0xD5,
    0xA8, 0x7B, 0xF0, 0xFC, 0x21, 0x9D, 0x3F, 0x3A, 0x94, 0x71, 0x43, 0x81, 0xAC, 0x57, 0x2D, 0x5A,
    0x55, 0xE1, 0x35, 0x88, 0xCC, 0xDC, 0x64, 0xC4, 0x56, 0x9A, 0xD1, 0xAD, 0xAA, 0xC0, 0xE6, 0xCA,
    0xFC, 0xA1, 0x95, 0x4E, 0x35, 0x5D, 0x5B, 0xD9, 0xB4, 0xF3, 0xEB, 0x97, 0x77, 0x6C, 0xA5, 0xB3,
    0x95, 0xAE, 0xE8, 0x55, 0xAB, 0xFF, 0x79, 0xE8, 0x8F, 0x92, 0xA3, 0x16, 0x92, 0x12, 0x52, 0xE0,
    0x12, 0x88, 0xC8, 0x24, 0x73, 0x77, 0xA4, 0x83, 0xA3, 0x68, 0x1D, 0x62, 0x47, 0xB2, 0x20, 0xF2,
    0x0E, 0x9A, 0x92, 0x60, 0x01, 0xF1, 0x84, 0xCB, 0x7A, 0x5C, 0x51, 0xE3, 0xC4, 0x7F, 0xCB, 0xD2,
    0x3A, 0x84, 0xE5, 0x03, 0x1F, 0xA2, 0x7A, 0x2B, 0x7C, 0x08, 0x80, 0xA4, 0xF6, 0x5E, 0x70, 0x51,
    0x3E, 0x5C, 0xDF, 0x03, 0xFF, 0xC9, 0x00, 0x66, 0x34, 0xC0, 0x56, 0xB8, 0x71, 0xEB, 0x16, 0x5C,
    0xEB, 0xBC, 0x1B, 0xC1, 0xC5, 0xB8, 0xF1, 0xFF, 0xBC, 0x91, 0x41, 0x8E, 0xD3, 0x40, 0x10, 0x45,
    0x5F, 0xDB, 0xC3, 0x78, 0x11, 0xA1, 0x9E, 0x2D, 0x80, 0xD4, 0x5C, 0x00, 0xBC, 0x65, 0x31, 0xC2,
    0x7D, 0x84, 0x2C, 0xB8, 0x05, 0x67, 0x20, 0xF1, 0x11, 0x66, 0xC5, 0x21, 0x86, 0x3B, 0xE0, 0xBE,
    0x00, 0x52, 0x8E, 0xE0, 0x05, 0x2C, 0xD8, 0x19, 0xC8, 0xC2, 0x33, 0x72, 0x52, 0xF4, 0x57, 0x32,
    0x19, 0x8D, 0x05, 0x12, 0x62, 0xC1, 0x97, 0xAB, 0x5E, 0x5A, 0xA5, 0xFA, 0x55, 0x51, 0x81, 0x8B,
    0x4B, 0x24, 0x97, 0x7A, 0x01, 0x7E, 0xA6, 0x03, 0x9B, 0x78, 0xE0, 0x2B, 0x7E, 0xAB, 0xB5, 0xA5,
    0x23, 0x37, 0x02, 0x8D, 0x1D, 0xFB, 0x6D, 0x40, 0x2A, 0x6E, 0x47, 0x81, 0xF2, 0xFB, 0x24, 0x50,
    0x0D, 0x7B, 0x01, 0xBF, 0x59, 0x0B, 0x84, 0xA4, 0x01, 0x1A, 0x13, 0x92, 0xB8, 0xCE, 0x15, 0x71,
    0x47, 0x25, 0x03, 0x37, 0x51, 0x6E, 0x65, 0x33, 0x52, 0x4C, 0xB2, 0xB9, 0xBD, 0xBE, 0x16, 0x17,
    0x66, 0x26, 0x23, 0x9F, 0x69, 0x40, 0xDD, 0x42, 0xA3, 0x88, 0x20, 0xA3, 0x4E, 0xB5, 0x5E, 0x36,
    0x1A, 0x29, 0x1B, 0x64, 0x64, 0x36, 0xA0, 0x34, 0x27, 0x4B, 0x07, 0x5C, 0x7A, 0x75, 0x5D, 0xAA,
    0x45, 0x33, 0xDD, 0x92, 0xB9, 0x5C, 0xF7, 0x05, 0x2A, 0x33, 0x34, 0x38, 0xE1, 0xDB, 0xB0, 0xC1,
    0xC7, 0xAA, 0xE7, 0x8C, 0x72, 0x00, 0x97, 0x93, 0x93, 0x9D, 0xDF, 0x7F, 0x1C, 0x68, 0xDA, 0xFC,
    0x5C, 0xA9, 0xF0, 0xFE, 0x94, 0x56, 0x84, 0x5C, 0xF8, 0x60, 0x16, 0x83, 0xFD, 0xB0, 0xB6, 0xB2,
    0xF8, 0x29, 0x22, 0xF1, 0x02, 0x46, 0x8A, 0xCF, 0x54, 0x25, 0x67, 0x2E, 0x72, 0x5C, 0x4F, 0x1F,
    0x13, 0xFF, 0xF6, 0xDD, 0x3B, 0xB4, 0x9A, 0xBD, 0x78, 0xCD, 0xF3, 0xC7, 0x5C, 0x38, 0x4E, 0xAA,
    0x7B, 0x9A, 0x91, 0xE6, 0x6F, 0xDC, 0x6C, 0x43, 0x37, 0x50, 0x5F, 0xF1, 0xCC, 0x6E, 0xC0, 0x99,
    0x59, 0x4F, 0x95, 0xF3, 0x88, 0xDF, 0x52, 0xEC, 0x08, 0x09, 0x56, 0x34, 0x11, 0x1A, 0x1A, 0xEE,
    0xB2, 0x28, 0x85, 0x96, 0xE3, 0x41, 0xA0, 0xDC, 0x47, 0xA1, 0xDB, 0x2F, 0xD1, 0x1D, 0xF5, 0xE2,
    0xA9, 0x6D, 0xD1, 0x6B, 0x07, 0x2A, 0x21, 0xD5, 0x87, 0x9E, 0xF4, 0x04, 0xE5, 0x06, 0xE5, 0x37,
    0x40, 0xD0, 0x6F, 0xD6, 0x31, 0xF4, 0x9C, 0x9B, 0xEE, 0x60, 0x3B, 0x0A, 0xED, 0x03, 0xDA, 0x6D,
    0x26, 0x9F, 0x94, 0x43, 0xBC, 0xDF, 0xE5, 0x12, 0xDD, 0xF1, 0x86, 0x85, 0x59, 0x0A, 0x5F, 0xBB,
    0xA1, 0xCE, 0x67, 0xAA, 0x29, 0x32, 0xD1, 0x7F, 0xA1, 0xB2, 0x2B, 0x6D, 0x07, 0xE7, 0xB2, 0x5C,
    0x6C, 0xC1, 0x4D, 0x01, 0xA6, 0x10, 0x33, 0xBF, 0xBD, 0x1B, 0x73, 0xDF, 0x90, 0xEB, 0xF1, 0xC1,
    0x08, 0x1F, 0x21, 0x00, 0x2F, 0xC1, 0x24, 0x4B, 0x0F, 0x31, 0xE9, 0x00, 0x7E, 0x86, 0xB7, 0xC2,
    0xA3, 0x88, 0x00, 0xFF, 0x1D, 0xA5, 0x59, 0x9A, 0xE3, 0x0F, 0x2A, 0x7B, 0xA4, 0x2A, 0x21, 0x2D,
    0x5A, 0x24, 0x1F, 0x0F, 0x40, 0xBA, 0x80, 0x62, 0x38, 0x38, 0xCF, 0xC3, 0x6C, 0x3A, 0xC5, 0xAC,
    0x36, 0x8F, 0xE9, 0x2E, 0x8A, 0xA9, 0x18, 0x9D, 0xD9, 0x96, 0xCE, 0x7A, 0x7E, 0x8D, 0x1B, 0x77,
    0x60, 0x03, 0x00, 0xB3, 0x63, 0xF8, 0xEF, 0xF0, 0xDF, 0x61, 0xBF, 0x83, 0x3E, 0x83, 0x1E, 0x43,
    0x0D, 0x83, 0x09, 0x03, 0x03, 0x03, 0x3D, 0x45, 0x00, 0xED, 0x99, 0x47, 0x8C, 0xA6, 0xCA, 0x76,
    0xC7, 0xFF, 0xC0, 0x7D, 0x83, 0x64, 0x16, 0x38, 0x67, 0x9B, 0xAD, 0x33, 0x5B, 0xC7, 0x29, 0x64,
    0xEF, 0x9D, 0xF7, 0x5B, 0x67, 0xF7, 0xD2, 0x71, 0x1A, 0x2C, 0xEF, 0x1C, 0x7B, 0xE5, 0xAD, 0x73,
    0xCE, 0x39, 0x4D, 0x37, 0x5C, 0xCD, 0x5E, 0x83, 0xE4, 0xBD, 0x84, 0xF4, 0x9C, 0x63, 0x5D, 0x0F,
    0x96, 0x68, 0x4F, 0xC1, 0x71, 0xFD, 0x4F, 0xF1, 0xC1, 0xF7, 0x75, 0x7C, 0x37, 0x8D, 0xD3, 0xAB,
    0xDB, 0xFC, 0x7F, 0x67, 0x3E, 0x2A, 0x9C, 0xA2, 0x8A, 0xAA, 0x53, 0x5C, 0xE0, 0x59, 0x34, 0x02,
    0x90, 0xC4, 0x6D, 0x1A, 0x7E, 0xD9, 0x53, 0x2B, 0x3E, 0xB9, 0xA0, 0xB5, 0x2A, 0x98, 0xED, 0xB6,
    0xFE, 0x9A, 0x2A, 0xEE, 0x55, 0x96, 0x3D, 0x55, 0xFD, 0xFD, 0x71, 0x3D, 0x6D, 0xEB, 0x3B, 0x97,
    0xDF, 0xF8, 0x8D, 0xDF, 0x70, 0xC7, 0x5E, 0x21, 0x6A, 0x97, 0x06, 0x28, 0x44, 0xE6, 0xE0, 0x6E,
    0x13, 0x4B, 0x85, 0x7A, 0x48, 0x27, 0x20, 0xB3, 0xF9, 0x00, 0x24, 0x63, 0xD9, 0x51, 0x4D, 0x45,
    0xAD, 0x01, 0xC4, 0xF6, 0xF2, 0x63, 0x76, 0x70, 0x56, 0xBD, 0x52, 0xAD, 0x55, 0x4D, 0x45, 0x2D,
    0x3A, 0x2F, 0x7F, 0x94, 0x5B, 0x66, 0xE1, 0xA3, 0x4B, 0x5C, 0x24, 0x0D, 0x4A, 0x0B, 0x3E, 0xA6,
    0x1E, 0x99, 0xC8, 0xC2, 0x12, 0x72, 0x01, 0x11, 0x1B, 0xFE, 0xE0, 0xF0, 0x7E, 0xFE, 0xB6, 0x7A,
    0xFC, 0x20, 0x49, 0xE2, 0xFC, 0xDF, 0xF1, 0x68, 0x89, 0xB8, 0xF0, 0xF7, 0xDE, 0xEB, 0xDF, 0x6A,
    0x40, 0x2D, 0xEC, 0xDD, 0x4E, 0x23, 0x83, 0x12, 0x62, 0x15, 0xD1, 0xEB, 0x51, 0x99, 0xFC, 0x87,
    0x53, 0xA6, 0x76, 0x56, 0x66, 0xC3, 0x95, 0x32, 0xEF, 0x8C, 0xB2, 0xEC, 0x4C, 0x13, 0x1E, 0x59,
    0xD1, 0x91, 0x35, 0xF2, 0x9E, 0x5C, 0x90, 0x59, 0x56, 0xE3, 0x90, 0xB0, 0xA2, 0xD8, 0x73, 0x02,
    0xF8, 0x8F, 0xC8, 0xB1, 0x1A, 0x09, 0x4F, 0x2F, 0x0F, 0x03, 0x81, 0x82, 0xAC, 0x00, 0x56, 0x66,
    0xBA, 0x30, 0x02, 0xAC, 0xB0, 0x05, 0xC0, 0x11, 0x9E, 0xD5, 0x05, 0x2D, 0xCB, 0x3A, 0xF8, 0xA8,
    0x29, 0x37, 0xD9, 0x8A, 0x6C, 0x5A, 0xAB, 0x82, 0x03, 0x77, 0x4B, 0xA3, 0x6F, 0x7C, 0x60, 0x1A,
    0x2F, 0xBF, 0x44, 0x15, 0x69, 0xB0, 0xD5, 0xF0, 0x39, 0x4E, 0x4B, 0xCD, 0x54, 0x5C, 0xA9, 0x9A,
    0x7B, 0xF4, 0x6A, 0xCF, 0x99, 0xB9, 0x7A, 0xF7, 0xA7, 0xA1, 0xFE, 0x35, 0x76, 0x95, 0x4A, 0xEF,
    0xF6, 0xCC, 0x59, 0x04, 0xDF, 0x26, 0x2D, 0x7B, 0xCF, 0x0B, 0x18, 0xEB, 0xDD, 0xD4, 0x52, 0xCF,
    0x7A, 0x68, 0x0D, 0xAA, 0x83, 0x6A, 0xB8, 0x1B, 0xF2, 0x2F, 0xAA, 0xF5, 0x3D, 0x1E, 0x9E, 0x3F,
    0xEC, 0xA1, 0x9C, 0x26, 0x66, 0x33, 0xA7, 0xF2, 0x69, 0x14, 0x7C, 0xD0, 0x22, 0x62, 0x8F, 0x25,
    0x11, 0xF5, 0xEC, 0x14, 0xC8, 0x3B, 0x66, 0x7E, 0x37, 0x68, 0xEE, 0x40, 0x51, 0x1D, 0xA3, 0xC4,
    0x31, 0x4C, 0xC0, 0xD3, 0x80, 0x67, 0x01, 0xCF, 0x03, 0x5C, 0xC0, 0xA4, 0x88, 0x46, 0x85, 0x68,
    0xB2, 0xA7, 0xD0, 0x4E, 0x25, 0x77, 0xE3, 0x97, 0x88, 0xE8, 0xE7, 0xFE, 0xE7, 0xAF, 0xBB, 0xB9,
    0x08, 0x87, 0x82, 0xB8, 0xDB, 0xE4, 0x9B, 0x99, 0x70, 0xBC, 0xC0, 0xB9, 0x4B, 0x33, 0xD1, 0xCA,
    0x17, 0x9A, 0xB9, 0xA5, 0x59, 0x37, 0xDE, 0x34, 0x3D, 0xCD, 0x62, 0xF0, 0xA6, 0x54, 0x34, 0xD3,
    0x29, 0xB1, 0xE9, 0x0C, 0xA6, 0x68, 0x49, 0x6C, 0x31, 0x42, 0x53, 0xFD, 0xA3, 0xB6, 0xEE, 0x83,
    0x59, 0x7E, 0xF4, 0x1D, 0x69, 0xD4, 0x8A, 0xE5, 0xF5, 0x6B, 0x99, 0xD4, 0xCC, 0x85, 0x29, 0xDC,
    0xFF, 0x6B, 0x23, 0x6F, 0xCB, 0x61, 0xE5, 0x11, 0x94, 0x5D, 0x58, 0xC3, 0xB3, 0x89, 0x4E, 0xB1,
    0x3F, 0xF4, 0x21, 0xB5, 0x9B, 0x99, 0xD0, 0x8C, 0x27, 0x32, 0x66, 0x73, 0xE1, 0xA7, 0xC8, 0x6D,
    0x26, 0xBC, 0xF9, 0x59, 0xE9, 0xA0, 0xE6, 0xFC, 0xA4, 0x7A, 0x9A, 0xF7, 0x6A, 0xD6, 0x59, 0x67,
    0xA4, 0xD3, 0x29, 0xE9, 0x59, 0x48, 0xA5, 0x66, 0x21, 0x88, 0x67, 0xA8, 0xC9, 0x5D, 0xE8, 0x13,
    0xE4, 0xAF, 0xC3, 0x40, 0x34, 0x48, 0xC3, 0x34, 0x1D, 0x91, 0x3A, 0x5D, 0xC0, 0x66, 0x14, 0x0D,
    0x50, 0xAB, 0x1A, 0xE4, 0xAA, 0x6F, 0x6D, 0x1B, 0xCD, 0x4C, 0xD1, 0xBD, 0x85, 0xA5, 0x58, 0xB8,
    0x57, 0xD5, 0x07, 0xC2, 0x27, 0xB4, 0xE5, 0x2C, 0x1B, 0x6A, 0xDE, 0xDD, 0xD4, 0x42, 0xD7, 0x61,
    0xD3, 0x98, 0x06, 0x68, 0xB5, 0xDD, 0x45, 0x7D, 0x98, 0xD4, 0x9F, 0x9E, 0xBE, 0x5D, 0x07, 0x47,
    0x51, 0x48, 0xA7, 0x34, 0x2B, 0x5B, 0xE9, 0x74, 0x25, 0xF0, 0x20, 0x93, 0x95, 0xD9, 0xBF, 0x05,
    0x16, 0x2F, 0x03, 0xCD, 0x37, 0x04, 0x2E, 0xB9, 0x32, 0x76, 0x81, 0xC9, 0x18, 0x98, 0x0F, 0x81,
    0x65, 0x17, 0x58, 0x57, 0x81, 0x0B, 0x94, 0xB1, 0x0B, 0x4C, 0x6D, 0x60, 0xDE, 0x07, 0x96, 0x5D,
    0x60, 0x8D, 0xC0, 0x39, 0x50, 0xA6, 0x95, 0x76, 0x65, 0xBF, 0xB2, 0x41, 0x22, 0x1C, 0x07, 0x04,
    0xCE, 0x2B, 0xF1, 0xD5, 0x80, 0x0E, 0xF2, 0xD7, 0x20, 0x52, 0x16, 0x4D, 0xD6, 0xAF, 0x73, 0xA5,
    0x21, 0x63, 0x59, 0xA0, 0xE9, 0xEC, 0xAF, 0x71, 0x3B, 0xFD, 0x5F, 0x7D, 0x2E, 0xEB, 0x0B, 0x7A,
    0x0A, 0x3A, 0xDB, 0x22, 0xF8, 0xAA, 0xC8, 0xAC, 0xA2, 0xEC, 0x15, 0x6D, 0x45, 0xC4, 0x33, 0x88,
    0x6C, 0x54, 0x94, 0xBD, 0xA2, 0x6D, 0x88, 0x45, 0x26, 0x42, 0x44, 0x14, 0x6F, 0xEB, 0xAF, 0x12,
    0xF6, 0xFD, 0x05, 0xD9, 0xB0, 0xBE, 0x6A, 0xC7, 0x88, 0x47, 0x45, 0xE4, 0x14, 0x58, 0x71, 0xF9,
    0xA4, 0x22, 0xEA, 0xAC, 0x0B, 0xAF, 0x95, 0xA2, 0x90, 0xEA, 0xF0, 0x3A, 0x99, 0xB0, 0x1C, 0x9E,
    0x02, 0x3F, 0x1C, 0xD6, 0xE6, 0xE7, 0x27, 0x70, 0x1F, 0x1E, 0x26, 0x45, 0x14, 0x10, 0x8F, 0xC4,
    0x17, 0x26, 0x96, 0x38, 0xCF, 0x14, 0x46, 0x7A, 0x7F, 0xB9, 0x52, 0x1A, 0x22, 0x9D, 0x41, 0x88,
    0x07, 0x90, 0xB2, 0x4F, 0x34, 0x72, 0x1A, 0x0D, 0x74, 0x72, 0xE9, 0xA0, 0xA1, 0xB5, 0x61, 0x14,
    0x23, 0x0A, 0x9F, 0x68, 0x42, 0x43, 0xC7, 0xF9, 0x15, 0x8D, 0x16, 0x28, 0xFF, 0x8A, 0x86, 0x69,
    0xB8, 0x20, 0x86, 0xA9, 0x21, 0x09, 0x8D, 0xD4, 0xC6, 0x4E, 0x8D, 0x64, 0x4A, 0x47, 0x35, 0x30,
    0xE7, 0x43, 0x30, 0x6A, 0xD3, 0x04, 0xA3, 0x14, 0x04, 0x23, 0x77, 0xAB, 0x91, 0x8E, 0xAB, 0x11,
    0xFF, 0xDC, 0x6A, 0x00, 0xEF, 0xD6, 0xD8, 0xF6, 0xE4, 0xEE, 0x6E, 0xE3, 0x2E, 0xC2, 0x85, 0x55,
    0xEA, 0x7D, 0x53, 0x98, 0x6E, 0xF3, 0x83, 0xAA, 0xFF, 0x5E, 0xFF, 0xF1, 0x39, 0x72, 0xA1, 0x83,
    0x19, 0x42, 0x53, 0x8F, 0x41, 0xDF, 0xBC, 0xC2, 0x21, 0x99, 0x39, 0x82, 0xC8, 0x47, 0xDD, 0xE3,
    0x8A, 0xDE, 0xA3, 0xE8, 0x35, 0x12, 0xCE, 0xAC, 0x09, 0x8F, 0xEC, 0x9C, 0x88, 0xC7, 0x4B, 0x22,
    0x9A, 0xD6, 0x5D, 0xF7, 0x21, 0xAC, 0x39, 0xD7, 0x72, 0x6B, 0x2D, 0x6B, 0x9D, 0x6B, 0x0B, 0x99,
    0xD5, 0xF6, 0xD8, 0x7A, 0x2C, 0x07, 0x5F, 0x50, 0xD2, 0xB3, 0xCD, 0xCF, 0xE0, 0xB5, 0x84, 0xD4,
    0x9D, 0x72, 0x1F, 0x94, 0xFF, 0xD9, 0xBC, 0x7F, 0x50, 0x64, 0x8F, 0x51, 0x1B, 0x79, 0xEF, 0xF1,
    0xB9, 0xA3, 0x16, 0xD3, 0x51, 0xFC, 0x5C, 0x79, 0xFD, 0xCF, 0x8B, 0xD0, 0xFE, 0xBB, 0x50, 0x3A,
    0x70, 0xAA, 0xC0, 0x99, 0x34, 0x40, 0xA6, 0xC7, 0xD5, 0x9A, 0x35, 0x47, 0x72, 0x81, 0xB3, 0x3E,
    0x71, 0x7A, 0x5C, 0xB5, 0x1C, 0xD5, 0xA2, 0xA3, 0x9A, 0x8A, 0x1A, 0x8E, 0xAB, 0xE1, 0x54, 0x75,
    0xF9, 0x58, 0x83, 0x5B, 0x9E, 0x73, 0x55, 0x13, 0xB4, 0xA1, 0xEA, 0x14, 0xF9, 0x25, 0x5D, 0xB8,
    0x5D, 0x32, 0x6B, 0x44, 0x26, 0x3D, 0x4A, 0x0B, 0xA3, 0xE3, 0x9E, 0x86, 0x03, 0x57, 0xC9, 0xE3,
    0xAA, 0xA6, 0xEE, 0x14, 0x4E, 0x83, 0xB6, 0x1B, 0xF8, 0x56, 0xE2, 0x23, 0x15, 0x08, 0xE0, 0x8D,
    0x83, 0x03, 0x7E, 0x13, 0x61, 0xCB, 0x70, 0xA7, 0xD8, 0x76, 0x96, 0x6D, 0xC1, 0xE6, 0xA9, 0xB3,
    0xAC, 0x90, 0x84, 0xFD, 0x92, 0x31, 0x41, 0x36, 0xD0, 0xE2, 0x2F, 0x45, 0xC3, 0x6C, 0xBC, 0xCD,
    0x42, 0x26, 0x3C, 0xCE, 0x4B, 0x6C, 0x53, 0x04, 0xC5, 0x8F, 0x4C, 0x44, 0xFE, 0xC2, 0x12, 0xE9,
    0xAB, 0xD5, 0x99, 0x9E, 0x88, 0xA4, 0x23, 0x20, 0x8D, 0xA2, 0x56, 0xC5, 0x15, 0xE5, 0xF7, 0x22,
    0x47, 0xB8, 0x74, 0x24, 0x44, 0x06, 0xC2, 0x84, 0x8C, 0xD9, 0x35, 0x15, 0x74, 0xF6, 0x4E, 0xC2,
    0x04, 0x7C, 0x76, 0xFB, 0xEB, 0x44, 0x16, 0x42, 0x38, 0xB4, 0x9E, 0xBA, 0xC7, 0x5F, 0x98, 0xA8,
    0xB5, 0x0C, 0x6F, 0x0D, 0xA5, 0xE8, 0x3D, 0xA3, 0x19, 0xA6, 0xF1, 0x44, 0x8B, 0x1A, 0xA4, 0xA9,
    0x2E, 0x95, 0x65, 0xE3, 0x94, 0x79, 0xF7, 0x18, 0x0F, 0xF9, 0x0F, 0xE5, 0xD7, 0xFA, 0xB6, 0xFA,
    0x43, 0x7B, 0x0E, 0x71, 0x68, 0x7F, 0xF3, 0x67, 0xF3, 0x8F, 0xFE, 0x56, 0xC1, 0xFF, 0x87, 0xFA,
    0x47, 0x15, 0xB1, 0xA7, 0x80, 0xA9, 0x34, 0x42, 0x2F, 0x3A, 0xE4, 0x1C, 0x1F, 0x0B, 0xD3, 0xE8,
    0xB4, 0x6D, 0x35, 0x34, 0x8E, 0x66, 0xA2, 0x4D, 0x26, 0xC2, 0xFC, 0xB8, 0x5D, 0xB7, 0x53, 0x22,
    0x95, 0x8A, 0x88, 0x17, 0xEC, 0xD0, 0x1F, 0xF7, 0x2C, 0xE6, 0xA5, 0xDD, 0x8A, 0xB3, 0x32, 0x87,
    0xAD, 0x6A, 0x6D, 0x68, 0x6B, 0x56, 0x9D, 0xD0, 0x01, 0x8C, 0xA7, 0xBB, 0x27, 0xD7, 0xE3, 0xFB,
    0xDB, 0xFF, 0x6C, 0xDE, 0xBB, 0x15, 0x68, 0xCA, 0x1F, 0xE1, 0x93, 0x46, 0x44, 0xB7, 0xFF, 0x53,
    0xAC, 0xDF, 0x52, 0xDE, 0x3D, 0x2E, 0x03, 0xEA, 0x00, 0xD3, 0xA0, 0xF0, 0x28, 0x46, 0x0D, 0x87,
    0x32, 0x11, 0x22, 0x12, 0x61, 0x04, 0x84, 0xCF, 0xFE, 0xF5, 0x77, 0xBD, 0x6E, 0x68, 0xF9, 0x0D,
    0xBB, 0xBB, 0x1C, 0xAF, 0xDB, 0x66, 0x1C, 0x46, 0xF1, 0xB0, 0x4A, 0xFC, 0x5F, 0x36, 0x65, 0x4B,
    0xDD, 0xDD, 0xE6, 0x83, 0x0F, 0x2A, 0xF9, 0xF8, 0x83, 0xDA, 0x4C, 0x1C, 0x52, 0xFE, 0x2E, 0x4C,
    0xBE, 0x45, 0xBA, 0x1F, 0xEC, 0xD0, 0x53, 0x17, 0x1B, 0xBD, 0x07, 0x78, 0x10, 0x1A, 0xAC, 0x10,
    0x32, 0x07, 0x48, 0xA7, 0xF7, 0xCE, 0x06, 0x45, 0x3A, 0x2A, 0xE2, 0x49, 0x01, 0x77, 0x3F, 0x34,
    0xCB, 0x56, 0xA0, 0x1C, 0xA2, 0xD0, 0xCB, 0x98, 0xBA, 0x40, 0xA1, 0x1F, 0xB8, 0xD7, 0x0D, 0xF8,
    0x2E, 0x0B, 0x6E, 0xEB, 0xEE, 0x07, 0x6D, 0x89, 0xC8, 0xF5, 0x66, 0x49, 0xB7, 0x59, 0xE3, 0x21,
    0x5F, 0xEA, 0xB6, 0x12, 0xF3, 0x66, 0xD5, 0x9B, 0x65, 0x1E, 0xB4, 0xCE, 0x6F, 0x97, 0xCD, 0xDC,
    0x36, 0x09, 0x74, 0xD6, 0xAB, 0xD5, 0xEC, 0x91, 0xE7, 0xDE, 0xF3, 0x4D, 0xDF, 0x55, 0xBC, 0x78,
    0xEB, 0x2B, 0x73, 0x85, 0x3D, 0x8A, 0x9D, 0xDE, 0xD3, 0x57, 0xE6, 0x29, 0x78, 0xAB, 0xDA, 0x04,
    0x2F, 0x11, 0xB5, 0xD7, 0xCC, 0xCB, 0xC9, 0x16, 0xE9, 0x1C, 0x49, 0x66, 0xC4, 0x52, 0xE9, 0xC1,
    0xB5, 0x63, 0x57, 0x33, 0x4B, 0x4D, 0x46, 0x6A, 0xE4, 0xB2, 0x66, 0xF3, 0xEC, 0x99, 0xEA, 0xD3,
    0x10, 0xBA, 0x02, 0xED, 0xAE, 0x4C, 0xE6, 0x48, 0xCF, 0x6F, 0x86, 0xAC, 0x91, 0xFB, 0x1C, 0x1C,
    0xFE, 0x37, 0x4C, 0x3E, 0x30, 0x1E, 0xAD, 0xBB, 0xEC, 0x1A, 0xA9, 0xE8, 0x34, 0x72, 0x5A, 0x65,
    0x0F, 0x3C, 0xD9, 0xBE, 0x48, 0x9D, 0xC9, 0x45, 0xB0, 0xF4, 0xE8, 0xA2, 0xD6, 0x7A, 0xCA, 0x72,
    0x88, 0xF4, 0x70, 0x43, 0x2B, 0xD5, 0xB3, 0x16, 0xAD, 0x7C, 0x0C, 0xD1, 0xAE, 0x43, 0x19, 0xCE,
    0x43, 0xDE, 0x5A, 0x0F, 0x48, 0x70, 0x21, 0x14, 0x4B, 0x68, 0x5D, 0x85, 0x23, 0x94, 0xB7, 0xE6,
    0x70, 0xA6, 0x82, 0xC8, 0xFA, 0xF4, 0xEF, 0xB4, 0x1C, 0x6E, 0x5B, 0x5B, 0xD9, 0x93, 0xFA, 0xCC,
    0xD6, 0xC6, 0xDE, 0x6E, 0xB1, 0xF9, 0xB2, 0x1E, 0x07, 0xBD, 0x95, 0x6C, 0x3E, 0x23, 0xF4, 0x43,
    0xC4, 0x86, 0x73, 0xDA, 0x69, 0x7F, 0x0F, 0x67, 0x4C, 0xFC, 0xAE, 0x3E, 0xA1, 0x4C, 0x14, 0x26,
    0x40, 0x9A, 0xA3, 0x8F, 0x27, 0xC9, 0xF8, 0xC0, 0x7B, 0x7C, 0xFA, 0x99, 0x45, 0x2A, 0x42, 0x6B,
    0xF1, 0xC8, 0x02, 0x70, 0x16, 0x90, 0x8E, 0x20, 0xF2, 0x41, 0x51, 0x74, 0x0A, 0x53, 0x29, 0x6A,
    0x28, 0x16, 0x45, 0xE4, 0x88, 0xCF, 0x4A, 0x26, 0xC2, 0xA4, 0x96, 0x28, 0x65, 0x80, 0x11, 0x97,
    0x4B, 0x43, 0xC4, 0x0B, 0x88, 0xA8, 0xFD, 0x6B, 0xB0, 0x47, 0x40, 0xAE, 0xAF, 0x28, 0x8F, 0xC3,
    0x79, 0x95, 0x0E, 0x78, 0x4B, 0xFD, 0x8B, 0xBC, 0x44, 0xEC, 0x6A, 0xBE, 0xFC, 0xA6, 0x85, 0x7E,
    0xA6, 0x38, 0xE7, 0x8D, 0x67, 0x9B, 0x9C, 0x33, 0x06, 0x30, 0x3F, 0x23, 0x52, 0x15, 0xF2, 0xEF,
    0xD2, 0xA4, 0x52, 0x5D, 0x55, 0x58, 0xD3, 0x2F, 0xE9, 0x10, 0x80, 0x5E, 0xD4, 0x23, 0x0A, 0xDD,
    0x8E, 0xAA, 0x44, 0x2E, 0x90, 0x8F, 0xEA, 0x3D, 0x4C, 0xB6, 0xA0, 0xAE, 0xA5, 0x6F, 0x45, 0xC6,
    0xB6, 0x4F, 0x9D, 0x00, 0xF3, 0x0C, 0x9C, 0xF3, 0x01, 0x1C, 0xAE, 0xE7, 0xFE, 0x3A, 0x07, 0xAE,
    0x0C, 0x30, 0x97, 0x3E, 0x4F, 0x7E, 0xD8, 0xFB, 0xCB, 0x6B, 0x4E, 0xED, 0x0B, 0x8A, 0xE3, 0xEC,
    0x5C, 0xE8, 0x4E, 0x4B, 0x31, 0x07, 0x89, 0x66, 0x24, 0x22, 0x23, 0xC5, 0x51, 0x84, 0x37, 0xCA,
    0x46, 0x8F, 0x47, 0x07, 0x29, 0x3B, 0x3D, 0xE7, 0xB5, 0xAC, 0xA0, 0x0D, 0x63, 0x2C, 0xEE, 0x70,
    0xF9, 0xFB, 0xC7, 0x17, 0x1E, 0xBA, 0x44, 0xEC, 0x76, 0x71, 0xDC, 0x8E, 0x04, 0x06, 0xE6, 0x96,
    0x9C, 0x6F, 0x72, 0xB9, 0x89, 0x3B, 0x48, 0x34, 0x79, 0xD1, 0x65, 0x5C, 0xB6, 0xA4, 0x83, 0x7D,
    0x43, 0x70, 0xC6, 0x65, 0x6D, 0xE1, 0xE8, 0x55, 0xA6, 0xCF, 0xBB, 0x1A, 0x69, 0x7F, 0x89, 0x64,
    0xE0, 0xF4, 0x12, 0x91, 0xC3, 0x35, 0xB8, 0xF5, 0x6D, 0xAF, 0x81, 0xC6, 0x74, 0xA9, 0xCD, 0x45,
    0xFA, 0x44, 0xA4, 0xE2, 0xC0, 0x94, 0x2E, 0x91, 0x4E, 0x04, 0xA5, 0x04, 0x16, 0xF2, 0x42, 0x89,
    0xDC, 0xE6, 0x9D, 0x86, 0xF5, 0x2E, 0xEF, 0x34, 0x4E, 0x97, 0xFC, 0xC5, 0x44, 0xD6, 0x2F, 0x35,
    0x42, 0x8F, 0xC3, 0x0E, 0xA6, 0x6F, 0x84, 0xE8, 0xBC, 0x14, 0x17, 0xA2, 0x73, 0xA3, 0x2B, 0x54,
    0x59, 0xE5, 0x5D, 0xCA, 0x30, 0x3D, 0x3C, 0xE9, 0xEF, 0x7F, 0xE6, 0x19, 0xDB, 0xBF, 0x6E, 0x5D,
    0x22, 0x02, 0x19, 0xCD, 0x44, 0xB6, 0x36, 0x1B, 0xC8, 0xB2, 0xE1, 0x5C, 0xCC, 0x45, 0x9A, 0x52,
    0xA4, 0x2F, 0x91, 0xD9, 0x2F, 0x43, 0x62, 0x3F, 0xD5, 0x5F, 0xFA, 0x82, 0xD6, 0xD2, 0xF8, 0xAB,
    0xF3, 0x57, 0xD8, 0xF7, 0x00, 0xF7, 0x96, 0xBF, 0x0C, 0xD2, 0xA9, 0x14, 0xB1, 0x99, 0x48, 0xC7,
    0x75, 0x53, 0x2C, 0x8A, 0xCE, 0x8B, 0xA1, 0xB4, 0xBE, 0xD5, 0x48, 0xBC, 0x24, 0x94, 0x8C, 0x52,
    0xBC, 0xF4, 0x62, 0xBE, 0xC1, 0x4B, 0xEB, 0x7D, 0x7A, 0xC7, 0x79, 0x79, 0x35, 0x7A, 0x91, 0x81,
    0xD2, 0x51, 0x2A, 0x2F, 0x0B, 0xF2, 0x7F, 0x48, 0x1C, 0xF2, 0x25, 0x19, 0xBD, 0xC0, 0xA2, 0x00,
    0x26, 0x94, 0xEB, 0x59, 0xB3, 0x94, 0x09, 0xC8, 0x34, 0x16, 0xF8, 0x0D, 0xEC, 0xE9, 0xC3, 0x69,
    0x5C, 0xAC, 0x91, 0x6E, 0x97, 0xC4, 0xE6, 0x83, 0x7E, 0x5A, 0xF2, 0x22, 0x40, 0xF2, 0xCA, 0x01,
    0x1C, 0x48, 0x4A, 0xE7, 0x85, 0x77, 0x39, 0x55, 0x7D, 0xE3, 0x23, 0x3C, 0x27, 0xCA, 0xF3, 0xAF,
    0x10, 0xE9, 0xCE, 0x2F, 0xBD, 0x94, 0xCE, 0x4B, 0x36, 0xC4, 0xE2, 0xA1, 0x12, 0xAD, 0x5B, 0x73,
    0xFE, 0x98, 0x14, 0x2A, 0x8D, 0x97, 0xD2, 0xCB, 0x77, 0x1B, 0xEF, 0x69, 0x2D, 0xC8, 0xC5, 0xCC,
    0x5E, 0xB2, 0xD1, 0x8B, 0x8C, 0xE1, 0xE3, 0xA9, 0x5B, 0x3F, 0x9D, 0x02, 0xF4, 0x57, 0x1A, 0xE8,
    0x99, 0x6B, 0x88, 0x89, 0xD7, 0x63, 0xFA, 0xDA, 0xD2, 0xEB, 0xFC, 0x15, 0x7D, 0x14, 0xF3, 0x82,
    0x30, 0x92, 0x10, 0xC5, 0xAC, 0xC8, 0x26, 0x45, 0x3C, 0x28, 0x80, 0x1D, 0x22, 0x1D, 0xAF, 0x53,
    0xE8, 0x5E, 0xBF, 0x8B, 0xBE, 0xD7, 0x37, 0x45, 0x44, 0x8E, 0xE5, 0x76, 0x16, 0x56, 0x96, 0xCB,
    0x2E, 0x28, 0x17, 0x9D, 0xDF, 0x03, 0xFB, 0x35, 0xA1, 0x1C, 0xE2, 0x85, 0x0B, 0x6D, 0xCD, 0xED,
    0xA4, 0x6C, 0x66, 0xCE, 0x71, 0x76, 0xF3, 0x48, 0xF4, 0x37, 0xBD, 0xAB, 0xF9, 0xB4, 0x44, 0xC6,
    0xB2, 0x5A, 0x8B, 0xD6, 0xA7, 0x2F, 0xF1, 0x2E, 0xDA, 0xEE, 0xBB, 0x17, 0xFA, 0xE7, 0x76, 0x69,
    0x9B, 0xFA, 0xAF, 0x21, 0x1F, 0x15, 0x81, 0x84, 0x0E, 0xFA, 0xA6, 0x13, 0x87, 0xD4, 0x26, 0x23,
    0x62, 0x3E, 0xC9, 0x88, 0x0D, 0xE1, 0x54, 0x22, 0x4A, 0xE2, 0xEF, 0x32, 0xDF, 0xCC, 0x12, 0x1A,
    0x29, 0xBD, 0xE6, 0x22, 0xFA, 0x4E, 0x1B, 0xC2, 0xD0, 0xFB, 0x45, 0xA4, 0x3B, 0x16, 0x9C, 0x5D,
    0x73, 0xF6, 0xF5, 0x9C, 0x01, 0xBE, 0xDB, 0x13, 0x37, 0xA4, 0x2B, 0xE0, 0xCF, 0x66, 0x00, 0xEE,
    0xE8, 0xE2, 0xBF, 0xAF, 0xC2, 0x86, 0xF5, 0x67, 0x3E, 0x9F, 0x63, 0xFE, 0x58, 0xA4, 0xE7, 0xB3,
    0x51, 0xDF, 0x77, 0xF1, 0xEE, 0xE5, 0x47, 0xB2, 0xB7, 0xFD, 0xAE, 0x3C, 0xD3, 0x90, 0xC4, 0xCA,
    0xA4, 0xEA, 0xA8, 0x98, 0x75, 0x6B, 0x3C, 0x47, 0xEC, 0xD5, 0x84, 0x0F, 0x4D, 0x4D, 0xAA, 0x87,
    0x87, 0x7C, 0xF0, 0xDA, 0x73, 0xD9, 0x4A, 0x6D, 0xB9, 0x7D, 0xE2, 0x8B, 0xA7, 0x1A, 0x80, 0xF6,
    0x87, 0x7B, 0x13, 0xB5, 0x76, 0x54, 0x33, 0x52, 0x4B, 0x4B, 0xCD, 0x07, 0xD5, 0x8E, 0x5A, 0xAA,
    0xB2, 0x68, 0x86, 0x16, 0x40, 0xF1, 0xB5, 0x8E, 0xF7, 0x64, 0xC2, 0x61, 0xC9, 0x88, 0x96, 0x0A,
    0xFC, 0xC7, 0x44, 0xCD, 0x67, 0x55, 0xA1, 0xC2, 0x3C, 0xA4, 0x51, 0x7B, 0xC1, 0xC6, 0xC3, 0xAB,
    0xAE, 0x5B, 0xF2, 0xB5, 0x29, 0x1C, 0x4C, 0x67, 0xA2, 0x05, 0x35, 0x8C, 0x7E, 0x41, 0x32, 0x28,
    0x1B, 0xA7, 0xEB, 0xED, 0x6D, 0xBD, 0xD2, 0xBB, 0xA6, 0x32, 0x9C, 0x9D, 0x3D, 0x4B, 0xE5, 0x4B,
    0x7D, 0xE6, 0x10, 0x4B, 0x98, 0xA0, 0xB2, 0x68, 0xEF, 0xAA, 0x47, 0x3D, 0xC9, 0xC5, 0x9D, 0xAA,
    0xC8, 0x4B, 0x71, 0xBB, 0x40, 0x38, 0xD4, 0xE6, 0xEB, 0x26, 0x20, 0xE7, 0x3E, 0x91, 0x72, 0x3C,
    0x62, 0x61, 0xC5, 0x0B, 0xD4, 0xD2, 0xDF, 0xC2, 0x5D, 0xCD, 0xA7, 0x25, 0x44, 0x5E, 0x88, 0xEC,
    0x72, 0xD7, 0x6B, 0xFD, 0xEE, 0x45, 0x4E, 0x93, 0xF6, 0xE1, 0x0E, 0xF9, 0x88, 0xD8, 0x5C, 0xDC,
    0x2E, 0x1A, 0x3F, 0xDC, 0x94, 0xD1, 0x4B, 0xA4, 0xA1, 0x6A, 0xD8, 0xD3, 0x29, 0xE9, 0x72, 0x5A,
    0x53, 0x2E, 0x6E, 0x17, 0xB1, 0xA5, 0xBB, 0x85, 0x10, 0x80, 0xE2, 0x83, 0x81, 0x68, 0x72, 0xA7,
    0xF8, 0x6F, 0x6A, 0x16, 0x9A, 0xEE, 0x86, 0xDE, 0xDE, 0xC5, 0x19, 0x1C, 0xCB, 0x37, 0x1A, 0x1E,
    0xA8, 0x8C, 0x48, 0x43, 0xB1, 0xE0, 0xA6, 0xEE, 0x25, 0xDA, 0xA3, 0x21, 0xA7, 0xBF, 0x6D, 0x13,
    0xA2, 0xF3, 0x72, 0x7D, 0xF7, 0x6E, 0xB0, 0x6D, 0x18, 0x27, 0x90, 0x7F, 0xAC, 0x14, 0x62, 0x03,
    0xD6, 0x1D, 0x72, 0x51, 0xC0, 0xDC, 0x01, 0xBD, 0x27, 0xCC, 0xC9, 0xAA, 0x65, 0x54, 0x2C, 0x95,
    0xA2, 0xC3, 0x7A, 0x9D, 0xC6, 0x80, 0x6C, 0x24, 0x38, 0xE8, 0xD6, 0xF2, 0xF5, 0x5A, 0x9D, 0xE1,
    0xBF, 0xD7, 0x47, 0x35, 0xB2, 0x1A, 0xB4, 0x3C, 0x5A, 0x49, 0x53, 0x88, 0x58, 0xD3, 0x64, 0x13,
    0xBB, 0xF8, 0x34, 0xAC, 0x8E, 0x35, 0x9F, 0xC1, 0x76, 0x85, 0x59, 0x75, 0xF5, 0xA5, 0xFE, 0xBE,
    0xA9, 0x32, 0x86, 0x3A, 0x43, 0xC6, 0xE7, 0xD4, 0x4E, 0x10, 0x8B, 0x27, 0xD2, 0x10, 0xB5, 0xF0,
    0x5F, 0x71, 0x88, 0x6F, 0xD3, 0x09, 0x6D, 0xA3, 0x51, 0x42, 0xD1, 0x79, 0x74, 0xC8, 0x86, 0xC4,
    0x16, 0x0D, 0x52, 0x1B, 0xC2, 0x84, 0x9B, 0x08, 0xF7, 0xB6, 0x9C, 0xA1, 0x5C, 0xA8, 0x45, 0xE4,
    0x6D, 0x11, 0x61, 0x47, 0xD9, 0x82, 0x07, 0xDB, 0xC3, 0xE7, 0x88, 0xD8, 0x68, 0x7B, 0x35, 0xB3,
    0x11, 0x3C, 0x75, 0x9F, 0x88, 0xFE, 0x96, 0xEC, 0xC3, 0x5D, 0x52, 0x9E, 0xC2, 0xCB, 0xD7, 0x78,
    0xF9, 0xA3, 0xE7, 0x5E, 0x96, 0xC9, 0x88, 0xAD, 0xAD, 0x97, 0xA2, 0xF3, 0x12, 0xF7, 0x5F, 0xCA,
    0x05, 0x17, 0xE4, 0x49, 0xDA, 0xC3, 0xDB, 0xE6, 0x63, 0x0B, 0x6F, 0xA3, 0xC6, 0x74, 0xD9, 0x1E,
    0xDE, 0x9E, 0x8D, 0xC0, 0xD9, 0xB2, 0x6D, 0x4F, 0xA6, 0x8F, 0x5D, 0x5D, 0xC1, 0x2D, 0xC0, 0xB7,
    0xBB, 0x70, 0x94, 0x5F, 0xAF, 0xF9, 0xDE, 0xED, 0x89, 0xE5, 0x19, 0x4B, 0x39, 0xFE, 0x79, 0x63,
    0x4B, 0x75, 0x83, 0x76, 0x40, 0x6D, 0x91, 0x3C, 0xFA, 0xC7, 0x38, 0xAB, 0x43, 0x5B, 0xFD, 0xD9,
    0x97, 0x3A, 0xF3, 0x67, 0xA1, 0x8B, 0x7C, 0xBE, 0x83, 0xD8, 0xE4, 0xEE, 0xFF, 0x96, 0x58, 0xB4,
    0x43, 0xC8, 0x29, 0x85, 0x9C, 0x26, 0xD0, 0xF7, 0x37, 0x21, 0x22, 0xF6, 0x48, 0x98, 0xBE, 0x1A,
    0xC0, 0x0F, 0xDF, 0x38, 0x22, 0x61, 0xBB, 0xDE, 0xC5, 0x11, 0xE9, 0xBF, 0x00, 0xA4, 0x93, 0x01,
    0x67, 0xDD, 0x50, 0x18, 0x86, 0x9F, 0x9B, 0xCC, 0x82, 0x8C, 0xEF, 0xA2, 0x03, 0x43, 0x06, 0x18,
    0x34, 0x81, 0x02, 0x92, 0xE6, 0x68, 0x51, 0x0C, 0xDB, 0xEF, 0x28, 0x28, 0x60, 0xB8, 0x9C, 0x6C,
    0x30, 0x80, 0xFE, 0x84, 0x62, 0xE0, 0x82, 0x02, 0x0A, 0x96, 0xC3, 0x30, 0x80, 0xFC, 0x84, 0xFC,
    0x84, 0x83, 0xE0, 0x8E, 0x73, 0xEF, 0xB7, 0x53, 0xB9, 0xD5, 0xB5, 0xAB, 0xA1, 0x7B, 0xF3, 0x9E,
    0xE3, 0x39, 0xDF, 0x79, 0xF3, 0x22, 0x44, 0x35, 0x3C, 0xF2, 0x7A, 0xBD, 0xBE, 0x52, 0x55, 0x7F,
    0xBB, 0x1E, 0xF2, 0x2C, 0xA3, 0x7B, 0xDD, 0xC3, 0xFA, 0x4E, 0x97, 0x7A, 0xA7, 0xE1, 0x9E, 0x42,
    0xFB, 0x9C, 0x07, 0x32, 0xC4, 0x94, 0x1C, 0x63, 0x3B, 0xEB, 0xAC, 0xAB, 0x22, 0xA9, 0x51, 0xD3,
    0x9B, 0x8A, 0x92, 0x15, 0x47, 0x40, 0x83, 0xF2, 0x70, 0xF2, 0xD7, 0x5B, 0xF3, 0xE8, 0x42, 0xCC,
    0x54, 0x26, 0xE3, 0x71, 0x3A, 0xDA, 0xAF, 0x1B, 0xFB, 0x33, 0x44, 0x57, 0x89, 0x8F, 0x47, 0xFD,
    0x30, 0x45, 0xF7, 0xEF, 0xA7, 0x78, 0x8C, 0x81, 0x55, 0xE6, 0x8E, 0x52, 0x03, 0x34, 0xE9, 0xA0,
    0xE2, 0x9F, 0xBA, 0xFA, 0x57, 0x21, 0x9E, 0x47, 0xB6, 0x3A, 0x44, 0x9F, 0xEF, 0x2E, 0xF1, 0x3C,
    0xD3, 0x1F, 0xF9, 0x9F, 0xDA, 0x98, 0x99, 0xC3, 0x4F, 0xD4, 0x2E, 0x49, 0x15, 0x51, 0xD7, 0xAA,
    0x8F, 0xB6, 0x3A, 0xCD, 0x50, 0xE8, 0x90, 0xA9, 0x61, 0x09, 0x30, 0x42, 0x00, 0xED, 0x50, 0x8F,
    0x6E, 0x51, 0xED, 0x74, 0x87, 0x4E, 0x68, 0xC7, 0x16, 0x46, 0x30, 0x50, 0xAB, 0x6A, 0x3D, 0x6F,
    0x08, 0xA9, 0x53, 0x5A, 0x27, 0xFE, 0xCF, 0x7D, 0x9E, 0x1F, 0xD0, 0xA3, 0x46, 0xCD, 0x31, 0x8B,
    0xFE, 0x92, 0xE4, 0x0A, 0x10, 0x0D, 0x64, 0x1E, 0x68, 0x55, 0x91, 0x11, 0xB0, 0xC6, 0x9A, 0xC2,
    0x01, 0x5B, 0x8A, 0xAE, 0x72, 0x40, 0x40, 0x5C, 0x6B, 0xF6, 0x60, 0xD9, 0xC3, 0x0E, 0xE0, 0x3B,
    0xD5, 0xE7, 0x00, 0x60, 0xBB, 0xFE, 0x24, 0x00, 0x54, 0xBA, 0x4B, 0x27, 0x80, 0x5C, 0x37, 0xB1,
    0x18, 0xE0, 0xDC, 0xC4, 0x62, 0x00, 0x28, 0xDC, 0xCB, 0x6F, 0x00, 0x54, 0xCE, 0xAA, 0x01, 0x68,
    0x4F, 0x54, 0x07, 0x00, 0x9B, 0x6E, 0x72, 0x0F, 0xB0, 0xCB, 0x7D, 0xA2, 0x1D, 0x10, 0x64, 0x58,
    0x84, 0x0B, 0x48, 0x82, 0xB8, 0x24, 0xBC, 0x83, 0x74, 0x12, 0x97, 0x86, 0x57, 0x90, 0xF9, 0x3D,
    0xC8, 0x98, 0x8F, 0xE9, 0xE6, 0x16, 0x5C, 0x36, 0x65, 0x53, 0x84, 0xCA, 0x25, 0xAA, 0x63, 0x0C,
    0xB7, 0x86, 0x5E, 0xC7, 0x6B, 0x78, 0x0D, 0x6F, 0x7E, 0x55, 0x1D, 0xE4, 0x46, 0x8C, 0x50, 0xD2,
    0x50, 0x73, 0xC3, 0xC4, 0x12, 0x20, 0x3F, 0xED, 0xE4, 0xCC, 0x49, 0x6E, 0x4A, 0xA1, 0x29, 0xA8,
    0x0F, 0xB9, 0xA9, 0x99, 0x56, 0x2C, 0x0F, 0x98, 0xAF, 0xBF, 0x0C, 0x72, 0xF6, 0x63, 0x90, 0xFC,
    0xD4, 0x95, 0x92, 0x77, 0x4D, 0x21, 0xA6, 0x3E, 0x94, 0x18, 0x2A, 0x63, 0xAA, 0x89, 0xB1, 0x17,
    0xDC, 0x7D, 0xD6, 0x96, 0x8A, 0x86, 0x4F, 0x00, 0x4B, 0x2E, 0x16, 0x3E, 0xF5, 0x32, 0xB6, 0xC6,
    0x52, 0x0C, 0x99, 0x4F, 0x3C, 0xD7, 0xBC, 0x05, 0xC3, 0xC0, 0x44, 0xA0, 0xA7, 0x70, 0x32, 0x58,
    0xB3, 0x65, 0xC3, 0x48, 0x07, 0xC4, 0x9F, 0xB7, 0x53, 0x55, 0x77, 0xBB, 0x00, 0xA8, 0x61, 0x05,
    0x13, 0x0B, 0x4F, 0x3A, 0x90, 0x39, 0xC4, 0x50, 0x40, 0xC3, 0xEF, 0xE1, 0x12, 0xB6, 0x01, 0xE9,
    0x22, 0x9C, 0xA8, 0x28, 0x57, 0x00, 0x00, 0xA4, 0x92, 0x81, 0x86, 0x1B, 0x51, 0x14, 0x86, 0xBF,
    0x99, 0xD5, 0x8D, 0x76, 0xB4, 0x17, 0x0A, 0x68, 0x67, 0xA0, 0xA0, 0x36, 0x09, 0x14, 0xC1, 0x4C,
    0x9A, 0x27, 0xA8, 0x82, 0x02, 0x58, 0x00, 0x0B, 0x20, 0x08, 0x66, 0xEC, 0x7D, 0x84, 0x7D, 0x84,
    0x02, 0xDA, 0x81, 0x6C, 0x19, 0x2C, 0xC2, 0xE6, 0x11, 0xE6, 0x11, 0x06, 0x80, 0x45, 0x0E, 0x2E,
    0x22, 0xC9, 0xE6, 0xF4, 0xDE, 0x36, 0x92, 0xAA, 0x96, 0x52, 0xF3, 0x5D, 0xE6, 0xFE, 0xE7, 0x1C,
    0xEE, 0xF1, 0xFF, 0xD1, 0xBD, 0x25, 0xD9, 0x3A, 0xB2, 0x49, 0x49, 0x4E, 0xC6, 0x0C, 0x43, 0x43,
    0xCF, 0x0A, 0x67, 0xE1, 0x2C, 0x7F, 0x39, 0x36, 0xE8, 0xA1, 0x1E, 0xFA, 0x42, 0x7F, 0xCF, 0xCF,
    0xE1, 0xE7, 0x89, 0x7C, 0x55, 0x30, 0xC2, 0x40, 0x28, 0x25, 0x12, 0x39, 0x6B, 0xC5, 0x58, 0x19,
    0x22, 0x25, 0xB2, 0xAF, 0x37, 0xAA, 0x0A, 0x72, 0xE0, 0xD9, 0x06, 0xA3, 0x46, 0x77, 0xA6, 0xFE,
    0x62, 0xE0, 0x84, 0xDA, 0x64, 0xEE, 0x60, 0x01, 0x83, 0xA3, 0xF6, 0x8E, 0xB4, 0xA0, 0xCA, 0xB6,
    0x2E, 0x56, 0xCB, 0x95, 0x8D, 0xD5, 0x19, 0x5B, 0xF6, 0x79, 0x9D, 0xF3, 0x74, 0x0A, 0xDF, 0xEE,
    0xED, 0x76, 0xE5, 0x1E, 0x29, 0x1D, 0xA9, 0x60, 0x3C, 0xB7, 0x98, 0x29, 0x83, 0x82, 0xD2, 0x6C,
    0x9D, 0xDF, 0x4C, 0x75, 0x57, 0xD7, 0x0B, 0x98, 0x81, 0x10, 0x75, 0x7E, 0x0D, 0x7A, 0x16, 0x03,
    0x29, 0xE4, 0x7F, 0x96, 0x63, 0x9D, 0x18, 0xED, 0x06, 0xB8, 0x9C, 0x3C, 0xC0, 0x28, 0xC5, 0x25,
    0xDA, 0x79, 0x71, 0xCC, 0xA2, 0xA1, 0x2F, 0x98, 0x00, 0x69, 0x45, 0x35, 0xD4, 0xF0, 0x30, 0x3F,
    0x32, 0xD4, 0xAE, 0x62, 0xE6, 0x78, 0x25, 0xBC, 0x08, 0x60, 0x1A, 0xB2, 0x82, 0xEB, 0xEC, 0x61,
    0x15, 0xEF, 0x3F, 0xC0, 0xF3, 0x4B, 0x2E, 0x1A, 0x46, 0x45, 0x24, 0x99, 0xB6, 0xD1, 0x57, 0xF8,
    0x08, 0x72, 0xE0, 0x6A, 0x73, 0x73, 0xAD, 0xED, 0xF1, 0x5A, 0xD7, 0x56, 0x75, 0x79, 0xB0, 0x85,
    0x21, 0xD5, 0xC1, 0x96, 0x64, 0x72, 0x4B, 0xEF, 0x77, 0x4B, 0x96, 0x41, 0x0B, 0xB5, 0xD0, 0x93,
    0x51, 0x91, 0x1C, 0x2C, 0x51, 0xE6, 0x98, 0xBF, 0x7C, 0xF3, 0xCF, 0x2A, 0xE7, 0xFE, 0xCD, 0xAB,
    0xAE, 0x8C, 0xDC, 0x94, 0xD9, 0x94, 0x1C, 0x4A, 0x70, 0xC4, 0x42, 0x66, 0xA3, 0x47, 0x4C, 0xCB,
    0x18, 0x1A, 0x46, 0x42, 0xBE, 0xA9, 0x17, 0xAA, 0xBB, 0xF7, 0xBA, 0x7B, 0x5B, 0xEF, 0x88, 0x84,
    0xDE, 0x92, 0x0C, 0x16, 0x44, 0x7B, 0x1B, 0xA9, 0x83, 0x12, 0x52, 0x30, 0x9E, 0x4B, 0xD2, 0x92,
    0x72, 0xF8, 0xE0, 0xCE, 0xD5, 0x12, 0x3A, 0x05, 0x23, 0x14, 0xC2, 0x5A, 0xE2, 0x4E, 0x92, 0xA5,
    0x64, 0x48, 0xF5, 0x8F, 0x79, 0x78, 0xE9, 0xB5, 0xEE, 0xC9, 0xA7, 0x35, 0x14, 0x47, 0xED, 0x0D,
    0xD9, 0x8F, 0x30, 0xAC, 0x63, 0xBD, 0xF9, 0x8F, 0x30, 0xDC, 0x81, 0x10, 0x07, 0xD7, 0x49, 0x26,
    0x18, 0xE8, 0x43, 0x0E, 0x0D, 0x21, 0xC5, 0x6D, 0xD8, 0xEF, 0x94, 0x84, 0x95, 0x0C, 0xB8, 0xFB,
    0x99, 0x04, 0xFF, 0x93, 0xAC, 0xC4, 0x68, 0x3B, 0xA6, 0x69, 0xB8, 0x08, 0x2E, 0x9F, 0x62, 0xB0,
    0xFE, 0x3E, 0x1A, 0x25, 0x03, 0x00, 0xBD, 0x94, 0x2F, 0x6C, 0xD5, 0x50, 0x14, 0xC6, 0xBF, 0xB6,
    0x6C, 0x2F, 0x59, 0x45, 0x0D, 0x33, 0x9B, 0x78, 0x96, 0x61, 0xEA, 0xD5, 0x2D, 0x5E, 0xB0, 0x90,
    0xBD, 0x09, 0x0C, 0x1E, 0x48, 0x36, 0x9F, 0xB0, 0xD6, 0xE0, 0x0D, 0xF3, 0x41, 0x90, 0x6C, 0xCF,
    0xCC, 0x0B, 0x5E, 0x4B, 0x90, 0x08, 0xEA, 0x55, 0x49, 0x86, 0x60, 0xEA, 0x86, 0xBC, 0x84, 0x02,
    0x6D, 0x0F, 0xE7, 0x4F, 0xC6, 0x68, 0x1A, 0x02, 0x18, 0x6E, 0xDE, 0xFB, 0x7E, 0x27, 0x3D, 0xE7,
    0x7E, 0xF7, 0xF6, 0xDE, 0x77, 0x9E, 0xA3, 0x0E, 0x48, 0x0B, 0x44, 0x44, 0x95, 0xC6, 0xAE, 0xBA,
    0x89, 0xF3, 0x5A, 0x63, 0xAC, 0x00, 0x94, 0x0D, 0x10, 0xF3, 0x37, 0x07, 0x40, 0x1E, 0x48, 0x6A,
    0xC0, 0x65, 0x16, 0xCF, 0x2B, 0x20, 0xAD, 0x10, 0x7E, 0x6B, 0x01, 0x57, 0x70, 0x8E, 0x3D, 0xD6,
    0xE2, 0x05, 0x8E, 0x1B, 0x44, 0x9E, 0xE3, 0x12, 0xC0, 0xCC, 0x63, 0xD6, 0xBC, 0x06, 0x7A, 0x60,
    0xFB, 0xC1, 0xCB, 0xC5, 0xE1, 0xF3, 0xBD, 0xC5, 0xC1, 0xD9, 0x22, 0xCB, 0xFB, 0x19, 0x79, 0x57,
    0x11, 0xA3, 0xCA, 0x87, 0x88, 0x1A, 0x57, 0x97, 0x5D, 0x4C, 0x95, 0x14, 0xA6, 0xD9, 0xBC, 0xE0,
    0x69, 0x10, 0x03, 0xC7, 0xC6, 0x6C, 0xC7, 0xC3, 0x59, 0xCC, 0x15, 0xB2, 0xF9, 0x13, 0xC4, 0x75,
    0xCA, 0x71, 0xCE, 0x33, 0x43, 0x6A, 0x93, 0xAA, 0x64, 0x1F, 0xF2, 0x69, 0x44, 0x5D, 0x52, 0x90,
    0xF8, 0xC4, 0x1F, 0x5A, 0x84, 0xEB, 0x15, 0x64, 0x44, 0x9F, 0xD7, 0x08, 0xDA, 0xDE, 0xE2, 0x2F,
    0x1E, 0xE8, 0x3B, 0x8D, 0x03, 0xE2, 0x98, 0xD6, 0xD0, 0x41, 0xF2, 0xA6, 0xDE, 0xE2, 0xB2, 0x02,
    0x5C, 0x63, 0x71, 0x2E, 0x71, 0x6D, 0xB1, 0x2B, 0xF4, 0xAD, 0x75, 0xEC, 0x92, 0x16, 0x84, 0x44,
    0x94, 0x31, 0xE7, 0x4C, 0xA9, 0xCA, 0x2F, 0xB1, 0xBB, 0x16, 0x6B, 0x4E, 0xB5, 0x40, 0x24, 0x2B,
    0xF1, 0x37, 0xF6, 0xC6, 0xA4, 0x56, 0xEA, 0xF9, 0xE1, 0xA9, 0xDE, 0x03, 0x6C, 0xB6, 0xEE, 0x3A,
    0xBD, 0xA1, 0xD9, 0x3A, 0xE8, 0x30, 0x5A, 0xDD, 0x00, 0xCB, 0x77, 0x30, 0xB6, 0x4C, 0xF3, 0xD3,
    0xB3, 0x37, 0xEA, 0x01, 0xDE, 0xD1, 0xF5, 0x6D, 0xB2, 0xB8, 0x0D, 0x12, 0xAF, 0x11, 0x77, 0x52,
    0x48, 0x44, 0x52, 0x13, 0x30, 0x0B, 0x7B, 0x9F, 0x4B, 0x7B, 0x3A, 0x64, 0x0A, 0x6A, 0x0D, 0x84,
    0xE5, 0xAB, 0xC7, 0xCB, 0x73, 0x57, 0x91, 0x77, 0x44, 0xEF, 0x6B, 0xC5, 0xBB, 0x46, 0x6E, 0x1C,
    0x91, 0x87, 0x41, 0x1F, 0xBE, 0xBD, 0x86, 0x3E, 0x8C, 0xAD, 0x64, 0x5E, 0x09, 0x02, 0x2A, 0xCC,
    0x1B, 0x8A, 0x35, 0xE3, 0x6A, 0x79, 0x0E, 0x68, 0xC9, 0x3F, 0x43, 0x4D, 0xA6, 0xC0, 0x26, 0x7D,
    0x65, 0x2D, 0xE5, 0x22, 0x42, 0x5D, 0x65, 0xC6, 0x9F, 0x4E, 0xA7, 0x0C, 0xAA, 0xB9, 0xAA, 0x03,
    0x30, 0xD6, 0x15, 0x48, 0x86, 0x37, 0x05, 0x8E, 0x48, 0x76, 0x2E, 0x6E, 0x81, 0xC8, 0x28, 0x9B,
    0x16, 0xE3, 0xD9, 0x3B, 0xAA, 0x4E, 0x3B, 0x23, 0x45, 0xAA, 0xFE, 0x49, 0x8B, 0x70, 0xC0, 0xCC,
    0x2E, 0x89, 0xB5, 0x01, 0xB6, 0xC4, 0x88, 0x74, 0x54, 0x63, 0x74, 0x76, 0x8C, 0x63, 0x1C, 0x08,
    0x36, 0x32, 0x08, 0x80, 0xFF, 0x06, 0xE9, 0x1F, 0xF2, 0x88, 0xFA, 0x83, 0x8D, 0xDC, 0x23, 0x38,
    0x5C, 0x2E, 0x4F, 0xF7, 0x61, 0xFF, 0x08, 0xD7, 0x23, 0x03, 0x10, 0x94, 0x5E, 0x80, 0xC4, 0x6F,
    0xAF, 0x16, 0x8B, 0xA3, 0x0E, 0x58, 0xC9, 0x51, 0x29, 0xE0, 0xB2, 0xFC, 0x9E, 0x34, 0xC3, 0xB1,
    0xA2, 0x39, 0xC6, 0x33, 0xA9, 0x2C, 0x34, 0x37, 0x37, 0xA4, 0x99, 0x22, 0x87, 0x60, 0x73, 0xD0,
    0x3B, 0xA3, 0xD6, 0x50, 0x2B, 0x3E, 0x41, 0x72, 0x49, 0xAD, 0x98, 0x79, 0x45, 0xD8, 0x2A, 0xD0,
    0x19, 0x7A, 0x43, 0x6E, 0x70, 0xD9, 0xBE, 0x60, 0x5E, 0x75, 0x77, 0xE9, 0x0C, 0xC9, 0xF7, 0xD6,
    0x51, 0x87, 0x88, 0xBC, 0x20, 0x20, 0xEB, 0xDF, 0xDB, 0xD3, 0xDF, 0xCD, 0xDF, 0xFF, 0xEC, 0x76,
    0x7A, 0x9B, 0xC1, 0x48, 0x89, 0x86, 0x17, 0x80, 0xA3, 0x8F, 0x92, 0xDA, 0xBB, 0xFF, 0xB3, 0xF2,
    0x96, 0xE0, 0xCD, 0x13, 0xA9, 0x7C, 0xA4, 0x95, 0x8E, 0xDF, 0x24, 0x13, 0xD4, 0xBA, 0xFE, 0xD4,
    0x7A, 0x23, 0x63, 0x68, 0x38, 0xC2, 0xD6, 0xC5, 0xD5, 0x72, 0x79, 0x51, 0x59, 0x03, 0xFE, 0x82,
    0x69, 0x73, 0x6A, 0x77, 0x95, 0x36, 0x6F, 0x5E, 0x2B, 0xE2, 0x51, 0x73, 0x4E, 0xF0, 0xC7, 0xE6,
    0x54, 0xFC, 0xAE, 0x39, 0x73, 0xEF, 0xEA, 0x1B, 0x6C, 0x3F, 0x3C, 0xCD, 0x26, 0x25, 0xBC, 0x79,
    0x4C, 0x0F, 0x19, 0xFB, 0xAA, 0x7E, 0xAC, 0x7A, 0xE5, 0x97, 0xAA, 0x94, 0xE5, 0xA2, 0xB5, 0xFE,
    0x3D, 0x7A, 0xD1, 0xA8, 0x15, 0x0D, 0x3A, 0x51, 0x4C, 0x34, 0xD4, 0xEC, 0x4C, 0x2B, 0x8F, 0x6A,
    0xA8, 0x83, 0x6A, 0xA3, 0x6A, 0x59, 0xAB, 0x1F, 0x54, 0x73, 0x55, 0x37, 0xD1, 0x13, 0x5D, 0xA5,
    0x17, 0x8D, 0x3B, 0xDD, 0x83, 0xD7, 0xFD, 0x14, 0xB6, 0xB7, 0xE9, 0x9E, 0x4D, 0x7F, 0x00, 0x95,
    0x91, 0x3D, 0x4A, 0xC5, 0x40, 0x10, 0xC7, 0x27, 0x6F, 0x85, 0x07, 0x46, 0xDC, 0x46, 0xB0, 0xB0,
    0x48, 0x2B, 0x58, 0xAC, 0x85, 0xA5, 0x9A, 0xBD, 0x8F, 0xAD, 0xAD, 0x6C, 0x8E, 0xE0, 0x45, 0xEC,
    0x2D, 0xC4, 0x2C, 0x78, 0x81, 0xBD, 0x81, 0x29, 0x04, 0xDB, 0x14, 0xAF, 0x88, 0x90, 0xBC, 0x71,
    0xFE, 0xB3, 0x24, 0xF8, 0xBA, 0x38, 0x49, 0x7E, 0x64, 0x3E, 0xFF, 0xFB, 0x41, 0xB0, 0x22, 0x0A,
    0x4A, 0xA0, 0x0E, 0xCC, 0xBD, 0x02, 0x2E, 0x12, 0xB3, 0x79, 0x13, 0xCB, 0xBE, 0x1A, 0xC2, 0x64,
    0xE2, 0x9A, 0xA7, 0xF0, 0x73, 0xE3, 0x25, 0xE0, 0xA8, 0x65, 0xE6, 0x0E, 0x48, 0x70, 0x97, 0x04,
    0x6C, 0xDD, 0xC4, 0x87, 0x1F, 0x37, 0xDA, 0xDE, 0xA4, 0xA2, 0x99, 0xFB, 0x12, 0x19, 0xBF, 0x15,
    0x74, 0xEE, 0x93, 0x79, 0xAC, 0x04, 0x83, 0x11, 0x37, 0xD1, 0x33, 0x99, 0xBF, 0xAB, 0x76, 0xC3,
    0xFD, 0x8B, 0x89, 0xFF, 0x7D, 0xAE, 0xB2, 0x5E, 0x24, 0x5F, 0x62, 0x2F, 0xF5, 0x00, 0xEC, 0x05,
    0x6E, 0x12, 0x54, 0x23, 0x00, 0xF7, 0x34, 0x20, 0x6D, 0x93, 0x60, 0xDB, 0x0B, 0x0A, 0x64, 0x28,
    0x00, 0x4E, 0xCF, 0xB5, 0x13, 0x18, 0x74, 0xD3, 0x04, 0xD4, 0x1E, 0x4D, 0x34, 0xDB, 0x23, 0xD1,
    0xC5, 0x5E, 0xA2, 0x9C, 0x07, 0x5B, 0xE9, 0xAE, 0xE5, 0x7B, 0x7F, 0xA5, 0xCD, 0x98, 0x27, 0x56,
    0x51, 0x9B, 0xD0, 0x6D, 0x76, 0x52, 0xD1, 0x49, 0x65, 0x43, 0xD4, 0x12, 0xD1, 0x2D, 0x2D, 0xA6,
    0xFF, 0x21, 0x8B, 0xAA, 0xA6, 0x4A, 0x4E, 0x2A, 0xA8, 0x33, 0x74, 0x96, 0x2E, 0xAE, 0x7D, 0x93,
    0x2A, 0xF9, 0xB1, 0x93, 0x6A, 0xAA, 0x76, 0x89, 0xCA, 0x1B, 0xF9, 0x8E, 0x08, 0x1B, 0x5B, 0x16,
    0x8A, 0x30, 0x54, 0x55, 0x56, 0x75, 0x55, 0x58, 0xE7, 0x60, 0xA0, 0x6E, 0xDC, 0xB6, 0x90, 0x40,
    0xA9, 0x43, 0xBC, 0x9E, 0x96, 0xA3, 0x42, 0xE7, 0x31, 0x2D, 0x76, 0x0D, 0xA0, 0xCB, 0x30, 0x6E,
    0x0C, 0x08, 0x70, 0x15, 0xEA, 0x6A, 0x02, 0x25, 0x28, 0x9E, 0xED, 0x8C, 0xE8, 0x89, 0x0A, 0xF6,
    0x86, 0x93, 0xE5, 0xBE, 0x96, 0xAA, 0x8F, 0xB8, 0xE6, 0x3D, 0x90, 0xBD, 0x23, 0x16, 0xF3, 0x40,
    0xC2, 0xFA, 0x76, 0x0A, 0x75, 0x35, 0x81, 0x23, 0x3C, 0x94, 0x5D, 0x23, 0x71, 0xFE, 0xFD, 0xE5,
    0x78, 0x28, 0xB9, 0xDB, 0x70, 0x43, 0x7C, 0x78, 0x23, 0x0D, 0xD1, 0x09, 0x99, 0x88, 0xDB, 0x2E,
    0x55, 0xC2, 0xA9, 0x5A, 0x90, 0xB8, 0xED, 0x43, 0x04, 0x73, 0x24, 0x67, 0x4D, 0x83, 0xCA, 0xDC,
    0x95, 0xED, 0x17, 0x9C, 0x94, 0x01, 0xA4, 0x25, 0x55, 0x18, 0xC7, 0x7F, 0x33, 0xD3, 0xDD, 0xD1,
    0x8E, 0xCC, 0xC3, 0x86, 0x0A, 0x13, 0x02, 0xA4, 0x01, 0x80, 0xBA, 0xE7, 0x08, 0x00, 0x82, 0x1E,
    0x00, 0x10, 0xF2, 0x20, 0x80, 0xB0, 0x6F, 0xE7, 0x10, 0x00, 0x5A, 0x00, 0xC0, 0x43, 0x68, 0x67,
    0xB1, 0x21, 0x84, 0xF7, 0xEE, 0x3D, 0x2C, 0x00, 0x8C, 0x10, 0x84, 0x06, 0x25, 0x82, 0x9D, 0x32,
    0x74, 0x76, 0xDF, 0xB9, 0xF7, 0x6B, 0xBE, 0x3D, 0x2E, 0xD7, 0xB6, 0x3D, 0xD9, 0xEF, 0x7E, 0xDF,
    0xFF, 0xFB, 0xCE, 0x9C, 0x33, 0xFF, 0xFF, 0xFF, 0x1A, 0x33, 0x22, 0x23, 0x2C, 0x70, 0xE8, 0x0F,
    0xF7, 0xF7, 0x61, 0x81, 0x3C, 0x00, 0xC5, 0x04, 0x11, 0xA8, 0x46, 0xD8, 0x00, 0xF5, 0x00, 0x06,
    0x68, 0x3C, 0x18, 0x9B, 0xAA, 0x91, 0x25, 0x80, 0x7A, 0x69, 0x7B, 0xA0, 0x7A, 0xD6, 0xF7, 0x31,
    0xDD, 0xAB, 0x1C, 0x0A, 0xC5, 0x0C, 0x10, 0x29, 0x27, 0x80, 0x9D, 0xD2, 0x00, 0x9D, 0xD2, 0xA0,
    0x24, 0xAD, 0x03, 0x68, 0x9D, 0x01, 0xA0, 0xF6, 0x2A, 0xA5, 0xA2, 0x3B, 0x00, 0x8A, 0x3F, 0x63,
    0xEA, 0x7F, 0xCF, 0x00, 0x64, 0x32, 0x01, 0x70, 0xA6, 0x8E, 0x81, 0xAD, 0x78, 0x52, 0x77, 0x80,
    0x68, 0x4C, 0x09, 0xF7, 0x7D, 0xFF, 0xF0, 0xD9, 0x45, 0x40, 0xBD, 0x1C, 0x23, 0x37, 0x62, 0x25,
    0x22, 0x07, 0xBC, 0xB5, 0x30, 0x1C, 0xAE, 0xDF, 0x8C, 0xFF, 0x56, 0x49, 0xEA, 0xC7, 0x7E, 0x00,
    0x78, 0xFB, 0xE2, 0xCB, 0x4C, 0x24, 0x94, 0xCB, 0xBA, 0x19, 0x9B, 0xC9, 0x58, 0x13, 0xEE, 0x11,
    0xE3, 0x55, 0x31, 0x5D, 0x5D, 0x56, 0xC3, 0xF9, 0x65, 0x6B, 0xCF, 0xCF, 0xAF, 0xB8, 0x34, 0x81,
    0xD8, 0x4E, 0xE5, 0xDC, 0x3C, 0xDD, 0x8E, 0x46, 0xC4, 0xBD, 0xDF, 0x3D, 0xE5, 0x28, 0xDE, 0x05,
    0xF8, 0x0E, 0x20, 0x00, 0x79, 0x04, 0x8A, 0x3D, 0x50, 0x09, 0x50, 0xFF, 0xE2, 0xA0, 0xFD, 0xC4,
    0x83, 0x29, 0x47, 0x58, 0xA8, 0x21, 0xE6, 0x81, 0x25, 0xA3, 0x3A, 0xDB, 0x50, 0x8D, 0x18, 0xF4,
    0x89, 0xB9, 0x66, 0x01, 0x6F, 0x16, 0x18, 0xDE, 0x3C, 0x3D, 0x3D, 0xB5, 0x00, 0xE8, 0x72, 0x6C,
    0x75, 0xE3, 0xF9, 0x91, 0x6A, 0xA4, 0x43, 0x6F, 0x4B, 0x04, 0xC4, 0x2C, 0xA0, 0xA4, 0x89, 0x3E,
    0x09, 0xD5, 0x5F, 0x3B, 0x54, 0x3C, 0xD9, 0x48, 0x86, 0x08, 0xC9, 0x64, 0xB2, 0x9B, 0xA2, 0x10,
    0xB9, 0x00, 0x94, 0xD7, 0xC2, 0x73, 0x5D, 0x10, 0x4B, 0x33, 0xEB, 0x8D, 0x2A, 0x50, 0x07, 0x20,
    0x62, 0x46, 0xB4, 0x6D, 0x5D, 0x6A, 0x00, 0x9F, 0xA7, 0xC6, 0x8B, 0x4D, 0x8D, 0x72, 0xDC, 0x1C,
    0xFF, 0x71, 0xD2, 0x03, 0x60, 0x26, 0xE0, 0x0E, 0x75, 0x04, 0x0C, 0xB9, 0x00, 0x9B, 0xB4, 0x19,
    0x41, 0xFF, 0x76, 0x04, 0x7D, 0xFC, 0x33, 0xE4, 0xFA, 0xD8, 0xD0, 0x4B, 0x5A, 0x7D, 0xDF, 0x7F,
    0x7B, 0xD6, 0x5F, 0x6C, 0x65, 0x5A, 0x12, 0x0E, 0x11, 0x48, 0x79, 0xB6, 0x3F, 0x6C, 0x05, 0x38,
    0x24, 0x1F, 0x01, 0x6B, 0x38, 0x59, 0xAF, 0x38, 0x5F, 0xB7, 0xEA, 0x8F, 0x46, 0x02, 0xB9, 0x0C,
    0x54, 0x32, 0xD3, 0x89, 0x70, 0x6F, 0xDD, 0xF1, 0xDE, 0xFA, 0x75, 0x58, 0x83, 0x56, 0x7E, 0x41,
    0xBB, 0xE7, 0xBC, 0xB1, 0x73, 0xE9, 0xA7, 0x42, 0xF3, 0x87, 0xCA, 0x99, 0x2D, 0x55, 0x20, 0x45,
    0xBE, 0xA7, 0x16, 0xDF, 0xCA, 0x68, 0x64, 0xEA, 0x64, 0x5E, 0x70, 0xC9, 0x46, 0x86, 0x52, 0x2C,
    0x9F, 0x91, 0x42, 0xBD, 0x43, 0xAD, 0xD0, 0x00, 0x7C, 0x00, 0xC9, 0x0C, 0x77, 0x01, 0x02, 0xC0,
    0x04, 0xE4, 0x0A, 0xC5, 0x00, 0x27, 0xA5, 0x87, 0x0F, 0x6B, 0x07, 0x6D, 0x6D, 0xA1, 0x7E, 0x02,
    0x14, 0x3B, 0x80, 0xC8, 0x21, 0x36, 0xF6, 0x0B, 0x47, 0x29, 0x7F, 0x49, 0xA0, 0x11, 0x91, 0x1D,
    0xE6, 0x47, 0xF9, 0x6D, 0x8B, 0xA1, 0x73, 0xC6, 0x76, 0xE8, 0xAB, 0xAC, 0x73, 0x6B, 0x8D, 0x15,
    0xDF, 0xD9, 0xF6, 0x5A, 0x44, 0xA8, 0xE5, 0x5A, 0xA2, 0xFE, 0x61, 0x19, 0xE1, 0x0E, 0x2B, 0x38,
    0xC4, 0x1B, 0x00, 0xC6, 0x02, 0x1B, 0x20, 0x8B, 0x40, 0x39, 0x01, 0xF5, 0xF0, 0x2A, 0xD7, 0x45,
    0xF6, 0xD4, 0x0A, 0xB7, 0xFB, 0xFE, 0x01, 0x73, 0xF3, 0x7F, 0x7E, 0xF0, 0x00, 0x40, 0x80, 0x5C,
    0x2C, 0x14, 0xE2, 0xA1, 0x54, 0xA8, 0x7F, 0x1E, 0xA1, 0x79, 0x3C, 0x81, 0xF9, 0x2A, 0x80, 0x51,
    0xB5, 0x0D, 0x3B, 0x88, 0x74, 0xE4, 0x11, 0x63, 0x8B, 0x99, 0xD6, 0x97, 0x13, 0xB5, 0xAF, 0x07,
    0xAA, 0xB1, 0xF1, 0x14, 0x93, 0x71, 0x14, 0xE1, 0x1D, 0xC8, 0x46, 0x00, 0x6E, 0x01, 0xCE, 0x58,
    0xF2, 0xD0, 0x7A, 0x8A, 0x59, 0xCF, 0x4D, 0xD5, 0x48, 0x3D, 0x14, 0x13, 0x8D, 0xCF, 0x03, 0xC6,
    0x66, 0xCA, 0xC7, 0x8E, 0x0D, 0x74, 0x44, 0x30, 0x1F, 0x07, 0x68, 0x1F, 0xCF, 0xEA, 0x60, 0x82,
    0xEA, 0xC9, 0x90, 0x5C, 0x25, 0x7F, 0x99, 0x00, 0xEC, 0x21, 0xC5, 0x6D, 0xA0, 0x51, 0xB3, 0x0E,
    0x56, 0xDC, 0x18, 0xAF, 0x91, 0x59, 0x43, 0x39, 0x6A, 0xBD, 0x45, 0xEE, 0xB4, 0x0E, 0x6B, 0xDD,
    0xE3, 0xA6, 0x58, 0x91, 0x34, 0x54, 0xEB, 0xB6, 0xA6, 0xEB, 0xAE, 0xBD, 0xF9, 0xDD, 0xAF, 0xB0,
    0x40, 0x65, 0x75, 0xD9, 0xFE, 0xE4, 0x33, 0x50, 0xA6, 0x62, 0xA0, 0xF4, 0xFD, 0xA3, 0x5F, 0x45,
    0xE2, 0x92, 0xDC, 0x85, 0x40, 0x9A, 0x1F, 0xFD, 0xF1, 0x4D, 0xE5, 0xA8, 0x21, 0x83, 0xE5, 0x6D,
    0xBA, 0xAF, 0x1F, 0x1A, 0x2D, 0x52, 0xBC, 0xF4, 0xDA, 0x61, 0xAD, 0x7B, 0x40, 0x52, 0x1C, 0x48,
    0x6F, 0x6C, 0xB9, 0x03, 0xBA, 0xE1, 0x68, 0x28, 0x74, 0x68, 0x47, 0xC0, 0x38, 0xA0, 0x0E, 0x40,
    0x26, 0x16, 0x68, 0xE6, 0x97, 0x8D, 0xED, 0x00, 0xE4, 0xBE, 0x15, 0x09, 0x28, 0xB0, 0x7C, 0x07,
    0x3F, 0xE5, 0x04, 0xE0, 0x0A, 0x12, 0x27, 0xD5, 0x0E, 0x60, 0xEB, 0x74, 0x0C, 0x2F, 0x8E, 0x96,
    0xA4, 0x95, 0xEF, 0x93, 0xF2, 0xD1, 0x20, 0x3A, 0xCC, 0x87, 0x43, 0xDF, 0x03, 0x94, 0x22, 0x92,
    0x20, 0x5B, 0x3E, 0xB8, 0xB0, 0x02, 0xDA, 0x57, 0xAF, 0xAD, 0x88, 0xD7, 0x3A, 0xDB, 0xF6, 0x6E,
    0x45, 0xEB, 0xCD, 0x60, 0x7C, 0xF3, 0xCF, 0x1C, 0x00,
};

static const EpdGlyph edslab_18_regularGlyphs[] = {
    { 0, 0, 207, 0, 0, 0, 0 }, // U+0020
    { 4, 27, 131, 2, 27, 27, 0 }, // !
    { 8, 8, 202, 2, 27, 16, 27 }, // "
    { 26, 27, 478, 2, 27, 176, 43 }, // #
    { 21, 36, 378, 1, 31, 189, 219 }, // $
    { 31, 27, 562, 2, 27, 210, 408 }, // %
    { 22, 27, 437, 3, 27, 149, 618 }, // &
    { 3, 8, 116, 2, 27, 6, 767 }, // '
    { 12, 42, 257, 2, 34, 126, 773 }, // (
    { 12, 42, 257, 2, 34, 126, 899 }, // )
    { 13, 13, 257, 2, 31, 43, 1025 }, // *
    { 11, 11, 233, 2, 15, 31, 1068 }, // +
    { 5, 9, 131, 2, 4, 12, 1099 }, // ,
    { 11, 3, 233, 2, 11, 9, 1111 }, // -
    { 4, 5, 131, 2, 5, 5, 1120 }, // .
    { 13, 35, 236, 1, 27, 114, 1125 }, // /
    { 20, 27, 364, 1, 27, 135, 1239 }, // 0
    { 10, 27, 218, 2, 27, 68, 1374 }, // 1
    { 19, 27, 338, 1, 27, 129, 1442 }, // 2
    { 20, 27, 352, 1, 27, 135, 1571 }, // 3
    { 19, 27, 349, 1, 27, 129, 1706 }, // 4
    { 19, 27, 347, 1, 27, 129, 1835 }, // 5
    { 19, 27, 353, 1, 27, 129, 1964 }, // 6
    { 17, 27, 335, 2, 27, 115, 2093 }, // 7
    { 18, 27, 356, 2, 27, 122, 2208 }, // 8
    { 19, 28, 334, 1, 27, 133, 2330 }, // 9
    { 4, 17, 131, 2, 17, 17, 2463 }, // :
    { 5, 22, 131, 2, 17, 28, 2480 }, // ;
    { 17, 18, 330, 1, 19, 77, 2508 }, // <
    { 11, 7, 233, 2, 13, 20, 2585 }, // =
    { 17, 18, 330, 2, 19, 77, 2605 }, // >
    { 17, 28, 332, 2, 27, 119, 2682 }, // ?
    { 33, 33, 579, 2, 30, 273, 2801 }, // @
    { 30, 27, 535, 2, 27, 203, 3074 }, // A
    { 24, 27, 431, 1, 27, 162, 3277 }, // B
    { 24, 27, 423, 1, 27, 162, 3439 }, // C
    { 28, 27, 479, 1, 27, 189, 3601 }, // D
    { 23, 27, 413, 1, 27, 156, 3790 }, // E
    { 22, 27, 414, 2, 27, 149, 3946 }, // F
    { 24, 27, 425, 1, 27, 162, 4095 }, // G
    { 29, 27, 521, 2, 27, 196, 4257 }, // H
    { 10, 27, 225, 2, 27, 68, 4453 }, // I
    { 18, 27, 335, 1, 27, 122, 4521 }, // J
    { 26, 27, 448, 2, 27, 176, 4643 }, // K
    { 23, 27, 419, 2, 27, 156, 4819 }, // L
    { 33, 27, 593, 2, 27, 223, 4975 }, // M
    { 29, 27, 521, 2, 27, 196, 5198 }, // N
    { 27, 27, 488, 2, 27, 183, 5394 }, // O
    { 24, 27, 431, 2, 27, 162, 5577 }, // P
    { 31, 33, 527, 1, 27, 256, 5739 }, // Q
    { 27, 27, 460, 2, 27, 183, 5995 }, // R
    { 21, 27, 364, 0, 27, 142, 6178 }, // S
    { 25, 27, 451, 2, 27, 169, 6320 }, // T
    { 30, 27, 537, 2, 27, 203, 6489 }, // U
    { 30, 27, 535, 2, 27, 203, 6692 }, // V
    { 44, 27, 760, 2, 27, 297, 6895 }, // W
    { 27, 27, 490, 2, 27, 183, 7192 }, // X
    { 25, 27, 467, 2, 27, 169, 7375 }, // Y
    { 23, 27, 407, 1, 27, 156, 7544 }, // Z
    { 9, 36, 186, 2, 28, 81, 7700 }, // [
    { 13, 35, 236, 1, 27, 114, 7781 }, // <backslash>
    { 9, 36, 204, 1, 28, 81, 7895 }, // ]
    { 17, 14, 330, 2, 29, 60, 7976 }, // ^
    { 15, 3, 298, 2, 0, 12, 8036 }, // _
    { 7, 8, 150, 1, 31, 14, 8048 }, // `
    { 17, 18, 313, 1, 17, 77, 8062 }, // a
    { 19, 30, 346, 1, 30, 143, 8139 }, // b
    { 16, 17, 289, 1, 17, 68, 8282 }, // c
    { 19, 30, 343, 1, 30, 143, 8350 }, // d
    { 15, 17, 275, 1, 17, 64, 8493 }, // e
    { 14, 31, 212, 0, 27, 109, 8557 }, // f
    { 21, 29, 332, 0, 17, 153, 8666 }, // g
    { 20, 30, 360, 1, 30, 150, 8819 }, // h
    { 9, 24, 165, 1, 24, 54, 8969 }, // i
    { 9, 33, 143, -1, 24, 75, 9023 }, // j
    { 20, 30, 359, 2, 30, 150, 9098 }, // k
    { 9, 30, 182, 1, 30, 68, 9248 }, // l
    { 30, 17, 517, 2, 17, 128, 9316 }, // m
    { 20, 17, 366, 2, 17, 85, 9444 }, // n
    { 17, 17, 309, 1, 17, 73, 9529 }, // o
    { 19, 26, 328, 1, 17, 124, 9602 }, // p
    { 19, 26, 298, 1, 17, 124, 9726 }, // q
    { 16, 17, 287, 2, 17, 68, 9850 }, // r
    { 15, 17, 241, -1, 17, 64, 9918 }, // s
    { 16, 24, 253, 1, 24, 96, 9982 }, // t
    { 21, 17, 345, 1, 17, 90, 10078 }, // u
    { 22, 17, 381, 1, 17, 94, 10168 }, // v
    { 33, 17, 548, 1, 17, 141, 10262 }, // w
    { 20, 17, 373, 2, 17, 85, 10403 }, // x
    { 22, 26, 380, 1, 17, 143, 10488 }, // y
    { 15, 17, 291, 2, 17, 64, 10631 }, // z
    { 10, 36, 172, 0, 28, 90, 10695 }, // {
    { 3, 39, 109, 2, 33, 30, 10785 }, // |
    { 11, 36, 172, 0, 28, 99, 10815 }, // }
    { 13, 4, 294, 3, 13, 13, 10914 }, // ~
    { 0, 0, 207, 0, 0, 0, 0 }, // U+00A0
    { 4, 27, 131, 2, 27, 27, 0 }, // U+00A1
    { 16, 23, 289, 1, 20, 92, 27 }, // U+00A2
    { 16, 30, 312, 2, 27, 120, 119 }, // U+00A3
    { 15, 16, 300, 2, 19, 60, 239 }, // U+00A4
    { 25, 27, 467, 2, 27, 169, 299 }, // U+00A5
    { 3, 27, 109, 2, 27, 21, 468 }, // U+00A6
    { 14, 24, 260, 0, 25, 84, 489 }, // U+00A7
    { 7, 4, 240, 4, 27, 7, 573 }, // U+00A8
    { 28, 28, 515, 3, 26, 196, 580 }, // U+00A9
    { 14, 11, 223, 0, 21, 39, 776 }, // U+00AA
    { 12, 13, 246, 2, 18, 39, 815 }, // U+00AB
    { 15, 8, 324, 2, 14, 30, 854 }, // U+00AC
    { 11, 3, 233, 2, 11, 9, 884 }, // U+00AD
    { 28, 28, 515, 3, 26, 196, 893 }, // U+00AE
    { 7, 3, 240, 4, 27, 6, 1089 }, // U+00AF
    { 6, 7, 252, 4, 28, 11, 1095 }, // U+00B0
    { 10, 17, 300, 4, 18, 43, 1106 }, // U+00B1
    { 11, 17, 233, 1, 28, 47, 1149 }, // U+00B2
    { 12, 17, 242, 1, 28, 51, 1196 }, // U+00B3
    { 5, 4, 240, 5, 28, 5, 1247 }, // U+00B4
    { 21, 26, 345, 1, 17, 137, 1252 }, // U+00B5
    { 18, 29, 336, 0, 27, 131, 1389 }, // U+00B6
    { 5, 5, 131, 2, 14, 7, 1520 }, // U+00B7
    { 5, 4, 240, 5, -1, 5, 1527 }, // U+00B8
    { 6, 17, 159, 1, 28, 26, 1532 }, // U+00B9
    { 13, 11, 221, 1, 21, 36, 1558 }, // U+00BA
    { 12, 13, 246, 2, 18, 39, 1594 }, // U+00BB
    { 24, 30, 336, 0, 29, 180, 1633 }, // U+00BC
    { 24, 30, 336, 0, 29, 180, 1813 }, // U+00BD
    { 24, 30, 336, 0, 29, 180, 1993 }, // U+00BE
    { 17, 28, 332, 2, 28, 119, 2173 }, // U+00BF
    { 30, 31, 535, 2, 31, 233, 2292 }, // U+00C0
    { 30, 31, 535, 2, 31, 233, 2525 }, // U+00C1
    { 30, 31, 535, 2, 31, 233, 2758 }, // U+00C2
    { 30, 31, 535, 2, 31, 233, 2991 }, // U+00C3
    { 30, 30, 535, 2, 30, 225, 3224 }, // U+00C4
    { 30, 33, 535, 2, 33, 248, 3449 }, // U+00C5
    { 45, 27, 773, 2, 27, 304, 3697 }, // U+00C6
    { 24, 31, 423, 1, 27, 186, 4001 }, // U+00C7
    { 23, 31, 413, 1, 31, 179, 4187 }, // U+00C8
    { 23, 31, 413, 1, 31, 179, 4366 }, // U+00C9
    { 23, 31, 413, 1, 31, 179, 4545 }, // U+00CA
    { 23, 30, 413, 1, 30, 173, 4724 }, // U+00CB
    { 10, 31, 225, 2, 31, 78, 4897 }, // U+00CC
    { 10, 31, 225, 2, 31, 78, 4975 }, // U+00CD
    { 10, 31, 225, 2, 31, 78, 5053 }, // U+00CE
    { 10, 30, 225, 2, 30, 75, 5131 }, // U+00CF
    { 29, 27, 479, 1, 27, 196, 5206 }, // U+00D0
    { 29, 31, 521, 2, 31, 225, 5402 }, // U+00D1
    { 27, 31, 488, 2, 31, 210, 5627 }, // U+00D2
    { 27, 31, 488, 2, 31, 210, 5837 }, // U+00D3
    { 27, 31, 488, 2, 31, 210, 6047 }, // U+00D4
    { 27, 31, 488, 2, 31, 210, 6257 }, // U+00D5
    { 27, 30, 488, 2, 30, 203, 6467 }, // U+00D6
    { 11, 12, 300, 4, 17, 33, 6670 }, // U+00D7
    { 27, 31, 488, 2, 29, 210, 6703 }, // U+00D8
    { 30, 31, 537, 2, 31, 233, 6913 }, // U+00D9
    { 30, 31, 537, 2, 31, 233, 7146 }, // U+00DA
    { 30, 31, 537, 2, 31, 233, 7379 }, // U+00DB
    { 30, 30, 537, 2, 30, 225, 7612 }, // U+00DC
    { 25, 31, 467, 2, 31, 194, 7837 }, // U+00DD
    { 17, 27, 479, 2, 27, 115, 8031 }, // U+00DE
    { 15, 25, 324, 2, 25, 94, 8146 }, // U+00DF
    { 17, 22, 313, 1, 21, 94, 8240 }, // U+00E0
    { 17, 22, 313, 1, 21, 94, 8334 }, // U+00E1
    { 17, 22, 313, 1, 21, 94, 8428 }, // U+00E2
    { 17, 23, 313, 1, 22, 98, 8522 }, // U+00E3
    { 17, 21, 313, 1, 20, 90, 8620 }, // U+00E4
    { 17, 24, 313, 1, 23, 102, 8710 }, // U+00E5
    { 31, 18, 522, 1, 17, 140, 8812 }, // U+00E6
    { 16, 21, 289, 1, 17, 84, 8952 }, // U+00E7
    { 15, 21, 275, 1, 21, 79, 9036 }, // U+00E8
    { 15, 21, 275, 1, 21, 79, 9115 }, // U+00E9
    { 15, 21, 275, 1, 21, 79, 9194 }, // U+00EA
    { 15, 20, 275, 1, 20, 75, 9273 }, // U+00EB
    { 9, 21, 165, 1, 21, 48, 9348 }, // U+00EC
    { 9, 21, 165, 1, 21, 48, 9396 }, // U+00ED
    { 9, 21, 165, 1, 21, 48, 9444 }, // U+00EE
    { 9, 20, 165, 1, 20, 45, 9492 }, // U+00EF
    { 21, 30, 343, 1, 30, 158, 9537 }, // U+00F0
    { 20, 22, 366, 2, 22, 110, 9695 }, // U+00F1
    { 17, 21, 309, 1, 21, 90, 9805 }, // U+00F2
    { 17, 21, 309, 1, 21, 90, 9895 }, // U+00F3
    { 17, 21, 309, 1, 21, 90, 9985 }, // U+00F4
    { 17, 22, 309, 1, 22, 94, 10075 }, // U+00F5
    { 17, 20, 309, 1, 20, 85, 10169 }, // U+00F6
    { 10, 12, 300, 4, 17, 30, 10254 }, // U+00F7
    { 19, 21, 309, 1, 19, 100, 10284 }, // U+00F8
    { 21, 21, 345, 1, 21, 111, 10384 }, // U+00F9
    { 21, 21, 345, 1, 21, 111, 10495 }, // U+00FA
    { 21, 21, 345, 1, 21, 111, 10606 }, // U+00FB
    { 21, 21, 345, 1, 21, 111, 10717 }, // U+00FC
    { 22, 30, 380, 1, 21, 165, 10828 }, // U+00FD
    { 19, 39, 346, 1, 30, 186, 10993 }, // U+00FE
    { 22, 30, 380, 1, 21, 165, 11179 }, // U+00FF
    { 30, 30, 535, 2, 30, 225, 0 }, // U+0100
    { 17, 21, 313, 1, 20, 90, 225 }, // U+0101
    { 30, 31, 535, 2, 31, 233, 315 }, // U+0102
    { 17, 23, 313, 1, 22, 98, 548 }, // U+0103
    { 30, 32, 535, 2, 27, 240, 646 }, // U+0104
    { 18, 22, 313, 1, 17, 99, 886 }, // U+0105
    { 24, 31, 423, 1, 31, 186, 985 }, // U+0106
    { 16, 21, 289, 1, 21, 84, 1171 }, // U+0107
    { 24, 32, 423, 1, 32, 192, 1255 }, // U+0108
    { 16, 22, 289, 1, 22, 88, 1447 }, // U+0109
    { 24, 31, 423, 1, 31, 186, 1535 }, // U+010A
    { 16, 21, 289, 1, 21, 84, 1721 }, // U+010B
    { 24, 32, 423, 1, 32, 192, 1805 }, // U+010C
    { 16, 22, 289, 1, 22, 88, 1997 }, // U+010D
    { 28, 31, 479, 1, 31, 217, 2085 }, // U+010E
    { 23, 30, 343, 1, 30, 173, 2302 }, // U+010F
    { 29, 27, 479, 1, 27, 196, 2475 }, // U+0110
    { 21, 30, 343, 1, 30, 158, 2671 }, // U+0111
    { 23, 30, 413, 1, 30, 173, 2829 }, // U+0112
    { 15, 20, 275, 1, 20, 75, 3002 }, // U+0113
    { 23, 32, 413, 1, 32, 184, 3077 }, // U+0114
    { 15, 22, 275, 1, 22, 83, 3261 }, // U+0115
    { 23, 31, 413, 1, 31, 179, 3344 }, // U+0116
    { 15, 21, 275, 1, 21, 79, 3523 }, // U+0117
    { 23, 32, 413, 1, 27, 184, 3602 }, // U+0118
    { 15, 22, 275, 1, 17, 83, 3786 }, // U+0119
    { 23, 31, 413, 1, 31, 179, 3869 }, // U+011A
    { 15, 22, 275, 1, 22, 83, 4048 }, // U+011B
    { 24, 32, 425, 1, 32, 192, 4131 }, // U+011C
    { 21, 33, 332, 0, 21, 174, 4323 }, // U+011D
    { 24, 32, 425, 1, 32, 192, 4497 }, // U+011E
    { 21, 34, 332, 0, 22, 179, 4689 }, // U+011F
    { 24, 31, 425, 1, 31, 186, 4868 }, // U+0120
    { 21, 33, 332, 0, 21, 174, 5054 }, // U+0121
    { 24, 31, 425, 1, 27, 186, 5228 }, // U+0122
    { 21, 33, 332, 0, 17, 174, 5414 }, // U+0123
    { 29, 31, 521, 2, 31, 225, 5588 }, // U+0124
    { 20, 34, 360, 1, 34, 170, 5813 }, // U+0125
    { 30, 27, 521, 1, 27, 203, 5983 }, // U+0126
    { 21, 30, 360, 1, 30, 158, 6186 }, // U+0127
    { 10, 32, 225, 2, 32, 80, 6344 }, // U+0128
    { 11, 22, 165, 0, 22, 61, 6424 }, // U+0129
    { 10, 30, 225, 2, 30, 75, 6485 }, // U+012A
    { 9, 20, 165, 1, 20, 45, 6560 }, // U+012B
    { 10, 32, 225, 2, 32, 80, 6605 }, // U+012C
    { 9, 22, 165, 1, 22, 50, 6685 }, // U+012D
    { 10, 32, 225, 2, 27, 80, 6735 }, // U+012E
    { 9, 29, 165, 1, 24, 66, 6815 }, // U+012F
    { 10, 31, 225, 2, 31, 78, 6881 }, // U+0130
    { 9, 17, 165, 1, 17, 39, 6959 }, // U+0131
    { 30, 27, 536, 2, 27, 203, 6998 }, // U+0132
    { 16, 33, 290, 1, 24, 132, 7201 }, // U+0133
    { 18, 31, 335, 1, 31, 140, 7333 }, // U+0134
    { 9, 30, 143, -1, 21, 68, 7473 }, // U+0135
    { 26, 31, 448, 2, 27, 202, 7541 }, // U+0136
    { 20, 34, 359, 2, 30, 170, 7743 }, // U+0137
    { 23, 31, 419, 2, 31, 179, 7913 }, // U+0139
    { 9, 34, 182, 1, 34, 77, 8092 }, // U+013A
    { 23, 31, 419, 2, 27, 179, 8169 }, // U+013B
    { 9, 34, 182, 1, 30, 77, 8348 }, // U+013C
    { 23, 31, 419, 2, 31, 179, 8425 }, // U+013D
    { 13, 30, 182, 1, 30, 98, 8604 }, // U+013E
    { 27, 27, 509, 2, 27, 183, 8702 }, // U+013F
    { 14, 30, 272, 1, 30, 105, 8885 }, // U+0140
    { 24, 27, 419, 1, 27, 162, 8990 }, // U+0141
    { 11, 30, 182, 1, 30, 83, 9152 }, // U+0142
    { 29, 31, 521, 2, 31, 225, 9235 }, // U+0143
    { 20, 21, 366, 2, 21, 105, 9460 }, // U+0144
    { 29, 31, 521, 2, 27, 225, 9565 }, // U+0145
    { 20, 21, 366, 2, 17, 105, 9790 }, // U+0146
    { 29, 31, 521, 2, 31, 225, 9895 }, // U+0147
    { 20, 22, 366, 2, 22, 110, 10120 }, // U+0148
    { 26, 32, 366, -4, 32, 208, 10230 }, // U+0149
    { 29, 37, 521, 2, 27, 269, 10438 }, // U+014A
    { 21, 27, 366, 2, 17, 142, 10707 }, // U+014B
    { 27, 30, 488, 2, 30, 203, 10849 }, // U+014C
    { 17, 20, 309, 1, 20, 85, 11052 }, // U+014D
    { 27, 32, 488, 2, 32, 216, 11137 }, // U+014E
    { 17, 22, 309, 1, 22, 94, 11353 }, // U+014F
    { 27, 32, 488, 2, 32, 216, 11447 }, // U+0150
    { 17, 22, 309, 1, 22, 94, 11663 }, // U+0151
    { 48, 27, 830, 2, 27, 324, 11757 }, // U+0152
    { 31, 17, 530, 1, 17, 132, 12081 }, // U+0153
    { 27, 31, 460, 2, 31, 210, 12213 }, // U+0154
    { 16, 21, 287, 2, 21, 84, 12423 }, // U+0155
    { 27, 31, 460, 2, 27, 210, 12507 }, // U+0156
    { 16, 21, 287, 2, 17, 84, 12717 }, // U+0157
    { 27, 32, 460, 2, 32, 216, 12801 }, // U+0158
    { 16, 21, 287, 2, 21, 84, 13017 }, // U+0159
    { 21, 31, 364, 0, 31, 163, 13101 }, // U+015A
    { 15, 21, 241, -1, 21, 79, 13264 }, // U+015B
    { 21, 32, 364, 0, 32, 168, 13343 }, // U+015C
    { 15, 22, 241, -1, 22, 83, 13511 }, // U+015D
    { 21, 33, 364, 0, 27, 174, 13594 }, // U+015E
    { 15, 23, 241, -1, 17, 87, 13768 }, // U+015F
    { 21, 32, 364, 0, 32, 168, 13855 }, // U+0160
    { 15, 22, 241, -1, 22, 83, 14023 }, // U+0161
    { 25, 35, 451, 2, 27, 219, 14106 }, // U+0162
    { 16, 30, 253, 1, 24, 120, 14325 }, // U+0163
    { 25, 31, 451, 2, 31, 194, 14445 }, // U+0164
    { 19, 25, 253, 1, 25, 119, 14639 }, // U+0165
    { 25, 27, 451, 2, 27, 169, 14758 }, // U+0166
    { 16, 24, 253, 1, 24, 96, 14927 }, // U+0167
    { 30, 32, 537, 2, 32, 240, 15023 }, // U+0168
    { 21, 22, 345, 1, 22, 116, 15263 }, // U+0169
    { 30, 30, 537, 2, 30, 225, 15379 }, // U+016A
    { 21, 20, 345, 1, 20, 105, 15604 }, // U+016B
    { 30, 32, 537, 2, 32, 240, 15709 }, // U+016C
    { 21, 22, 345, 1, 22, 116, 15949 }, // U+016D
    { 30, 33, 537, 2, 33, 248, 16065 }, // U+016E
    { 21, 23, 345, 1, 23, 121, 16313 }, // U+016F
    { 30, 31, 537, 2, 31, 233, 16434 }, // U+0170
    { 21, 21, 345, 1, 21, 111, 16667 }, // U+0171
    { 30, 32, 537, 2, 27, 240, 16778 }, // U+0172
    { 21, 22, 345, 1, 17, 116, 17018 }, // U+0173
    { 44, 31, 760, 2, 31, 341, 17134 }, // U+0174
    { 33, 21, 548, 1, 21, 174, 17475 }, // U+0175
    { 25, 31, 467, 2, 31, 194, 17649 }, // U+0176
    { 22, 30, 380, 1, 21, 165, 17843 }, // U+0177
    { 25, 30, 467, 2, 30, 188, 18008 }, // U+0178
    { 23, 31, 407, 1, 31, 179, 18196 }, // U+0179
    { 15, 21, 291, 2, 21, 79, 18375 }, // U+017A
    { 23, 30, 407, 1, 30, 173, 18454 }, // U+017B
    { 15, 21, 291, 2, 21, 79, 18627 }, // U+017C
    { 23, 31, 407, 1, 31, 179, 18706 }, // U+017D
    { 15, 21, 291, 2, 21, 79, 18885 }, // U+017E
    { 30, 32, 535, 2, 32, 240, 0 }, // U+01CD
    { 17, 26, 313, 1, 25, 111, 240 }, // U+01CE
    { 10, 31, 225, 2, 31, 78, 351 }, // U+020A
    { 10, 25, 165, 0, 25, 63, 429 }, // U+020B
    { 21, 33, 364, 0, 27, 174, 492 }, // U+0218
    { 15, 23, 241, -1, 17, 87, 666 }, // U+0219
    { 25, 35, 451, 2, 27, 219, 753 }, // U+021A
    { 16, 30, 253, 1, 24, 120, 972 }, // U+021B
    { 5, 9, 0, 2, 27, 12, 0 }, // U+0301
    { 5, 9, 0, 2, 27, 12, 12 }, // U+0312
    { 5, 9, 0, 2, 27, 12, 24 }, // U+0313
    { 5, 9, 0, 2, 27, 12, 36 }, // U+0314
    { 5, 9, 0, 2, 27, 12, 48 }, // U+0315
    { 5, 9, 0, 2, 27, 12, 60 }, // U+0341
    { 5, 9, 0, 2, 27, 12, 72 }, // U+0343
    { 23, 33, 407, 1, 33, 190, 0 }, // U+0401
    { 24, 27, 411, 1, 27, 162, 190 }, // U+0404
    { 10, 27, 218, 2, 27, 68, 352 }, // U+0406
    { 11, 32, 218, 2, 32, 88, 420 }, // U+0407
    { 30, 27, 535, 2, 27, 203, 508 }, // U+0410
    { 24, 27, 431, 1, 27, 162, 711 }, // U+0411
    { 24, 27, 431, 1, 27, 162, 873 }, // U+0412
    { 20, 27, 378, 2, 27, 135, 1035 }, // U+0413
    { 26, 32, 479, 2, 27, 208, 1170 }, // U+0414
    { 23, 27, 413, 1, 27, 156, 1378 }, // U+0415
    { 42, 27, 673, 0, 27, 284, 1534 }, // U+0416
    { 21, 27, 374, 1, 27, 142, 1818 }, // U+0417
    { 29, 27, 521, 2, 27, 196, 1960 }, // U+0418
    { 29, 35, 521, 2, 35, 254, 2156 }, // U+0419
    { 26, 27, 442, 2, 27, 176, 2410 }, // U+041A
    { 27, 27, 478, 0, 27, 183, 2586 }, // U+041B
    { 33, 27, 593, 2, 27, 223, 2769 }, // U+041C
    { 29, 27, 521, 2, 27, 196, 2992 }, // U+041D
    { 27, 27, 476, 1, 27, 183, 3188 }, // U+041E
    { 29, 27, 521, 2, 27, 196, 3371 }, // U+041F
    { 24, 27, 431, 2, 27, 162, 3567 }, // U+0420
    { 24, 27, 411, 1, 27, 162, 3729 }, // U+0421
    { 25, 27, 451, 2, 27, 169, 3891 }, // U+0422
    { 27, 27, 502, 2, 27, 183, 4060 }, // U+0423
    { 29, 31, 482, 1, 29, 225, 4243 }, // U+0424
    { 27, 27, 490, 2, 27, 183, 4468 }, // U+0425
    { 29, 32, 521, 2, 27, 232, 4651 }, // U+0426
    { 26, 27, 472, 2, 27, 176, 4883 }, // U+0427
    { 42, 27, 716, 2, 27, 284, 5059 }, // U+0428
    { 41, 32, 717, 2, 27, 328, 5343 }, // U+0429
    { 27, 27, 473, 2, 27, 183, 5671 }, // U+042A
    { 37, 27, 652, 2, 27, 250, 5854 }, // U+042B
    { 24, 27, 425, 2, 27, 162, 6104 }, // U+042C
    { 24, 27, 406, 0, 27, 162, 6266 }, // U+042D
    { 39, 27, 668, 2, 27, 264, 6428 }, // U+042E
    { 27, 27, 460, 0, 27, 183, 6692 }, // U+042F
    { 17, 18, 295, 1, 17, 77, 6875 }, // U+0430
    { 16, 25, 270, 1, 25, 100, 6952 }, // U+0431
    { 17, 17, 304, 1, 17, 73, 7052 }, // U+0432
    { 15, 17, 289, 2, 17, 64, 7125 }, // U+0433
    { 20, 21, 364, 2, 17, 105, 7189 }, // U+0434
    { 15, 17, 257, 1, 17, 64, 7294 }, // U+0435
    { 31, 17, 516, 1, 17, 132, 7358 }, // U+0436
    { 15, 17, 251, 0, 17, 64, 7490 }, // U+0437
    { 20, 17, 353, 1, 17, 85, 7554 }, // U+0438
    { 20, 25, 353, 1, 25, 125, 7639 }, // U+0439
    { 20, 17, 358, 2, 17, 85, 7764 }, // U+043A
    { 20, 17, 356, 0, 17, 85, 7849 }, // U+043B
    { 25, 17, 452, 2, 17, 107, 7934 }, // U+043C
    { 20, 17, 371, 2, 17, 85, 8041 }, // U+043D
    { 17, 17, 309, 1, 17, 73, 8126 }, // U+043E
    { 19, 17, 371, 2, 17, 81, 8199 }, // U+043F
    { 19, 26, 340, 1, 17, 124, 8280 }, // U+0440
    { 16, 17, 277, 1, 17, 68, 8404 }, // U+0441
    { 17, 17, 306, 1, 17, 73, 8472 }, // U+0442
    { 22, 26, 368, 1, 17, 143, 8545 }, // U+0443
    { 21, 34, 365, 1, 25, 179, 8688 }, // U+0444
    { 20, 17, 373, 2, 17, 85, 8867 }, // U+0445
    { 20, 22, 371, 2, 17, 110, 8952 }, // U+0446
    { 19, 17, 343, 1, 17, 81, 9062 }, // U+0447
    { 27, 17, 493, 2, 17, 115, 9143 }, // U+0448
    { 27, 21, 493, 2, 17, 142, 9258 }, // U+0449
    { 19, 17, 328, 1, 17, 81, 9400 }, // U+044A
    { 25, 17, 461, 2, 17, 107, 9481 }, // U+044B
    { 16, 17, 299, 2, 17, 68, 9588 }, // U+044C
    { 16, 17, 277, 1, 17, 68, 9656 }, // U+044D
    { 26, 17, 459, 2, 17, 111, 9724 }, // U+044E
    { 18, 17, 332, 1, 17, 77, 9835 }, // U+044F
    { 15, 23, 263, 1, 23, 87, 9912 }, // U+0451
    { 16, 17, 277, 1, 17, 68, 9999 }, // U+0454
    { 10, 24, 165, 0, 24, 60, 10067 }, // U+0456
    { 8, 23, 165, 1, 23, 46, 10127 }, // U+0457
    { 20, 29, 378, 2, 29, 145, 10173 }, // U+0490
    { 15, 19, 289, 2, 19, 72, 10318 }, // U+0491
    { 0, 0, 300, 0, 0, 0, 0 }, // U+2002
    { 0, 0, 600, 0, 0, 0, 0 }, // U+2003
    { 0, 0, 120, 0, 0, 0, 0 }, // U+2009
    { 11, 3, 233, 2, 11, 9, 0 }, // U+2010
    { 11, 3, 233, 2, 11, 9, 9 }, // U+2011
    { 14, 3, 300, 2, 11, 11, 18 }, // U+2012
    { 14, 3, 300, 2, 11, 11, 29 }, // U+2013
    { 33, 3, 600, 0, 11, 25, 40 }, // U+2014
    { 38, 3, 600, 0, 11, 29, 65 }, // U+2015
    { 8, 27, 309, 6, 27, 54, 94 }, // U+2016
    { 5, 9, 132, 1, 28, 12, 148 }, // U+2018
    { 5, 9, 132, 2, 27, 12, 160 }, // U+2019
    { 5, 9, 131, 2, 4, 12, 172 }, // U+201A
    { 5, 9, 132, 1, 28, 12, 184 }, // U+201B
    { 11, 9, 216, 1, 28, 25, 196 }, // U+201C
    { 11, 9, 216, 2, 27, 25, 221 }, // U+201D
    { 11, 9, 216, 2, 4, 25, 246 }, // U+201E
    { 11, 9, 216, 1, 28, 25, 271 }, // U+201F
    { 10, 29, 322, 5, 27, 73, 296 }, // U+2020
    { 10, 29, 322, 5, 27, 73, 369 }, // U+2021
    { 11, 11, 252, 2, 17, 31, 442 }, // U+2022
    { 9, 13, 276, 5, 18, 30, 473 }, // U+2023
    { 4, 5, 131, 2, 5, 5, 503 }, // U+2024
    { 4, 5, 131, 2, 5, 5, 508 }, // U+2025
    { 22, 5, 438, 2, 5, 28, 513 }, // U+2026
    { 5, 5, 131, 2, 14, 7, 541 }, // U+2027
    { 35, 27, 738, 2, 27, 237, 548 }, // U+2030
    { 5, 10, 150, 2, 28, 13, 785 }, // U+2032
    { 10, 10, 222, 2, 28, 25, 798 }, // U+2033
    { 14, 10, 294, 2, 28, 35, 823 }, // U+2034
    { 5, 9, 132, 0, 27, 12, 858 }, // U+2035
    { 6, 13, 162, 2, 18, 20, 870 }, // U+2039
    { 6, 13, 162, 2, 18, 20, 890 }, // U+203A
    { 13, 3, 300, 3, 13, 10, 910 }, // U+2043
    { 12, 20, 180, 3, 19, 60, 920 }, // U+2044
    { 11, 11, 252, 2, 17, 31, 980 }, // U+204C
    { 11, 11, 252, 2, 17, 31, 1011 }, // U+204D
    { 11, 11, 252, 2, 17, 31, 1042 }, // U+2055
    { 13, 17, 249, 1, 28, 56, 0 }, // U+2070
    { 12, 17, 240, 1, 28, 51, 56 }, // U+2074
    { 12, 17, 239, 1, 28, 51, 107 }, // U+2075
    { 12, 17, 242, 1, 28, 51, 158 }, // U+2076
    { 11, 17, 231, 1, 28, 47, 209 }, // U+2077
    { 12, 17, 245, 1, 28, 51, 256 }, // U+2078
    { 12, 17, 230, 1, 28, 51, 307 }, // U+2079
    { 10, 9, 216, 2, 21, 23, 358 }, // U+207A
    { 9, 2, 216, 2, 17, 5, 381 }, // U+207B
    { 13, 16, 249, 1, 12, 52, 386 }, // U+2080
    { 6, 16, 159, 1, 12, 24, 438 }, // U+2081
    { 11, 16, 233, 1, 12, 44, 462 }, // U+2082
    { 12, 16, 242, 1, 12, 48, 506 }, // U+2083
    { 12, 16, 240, 1, 12, 48, 554 }, // U+2084
    { 12, 16, 239, 1, 12, 48, 602 }, // U+2085
    { 12, 17, 242, 1, 13, 51, 650 }, // U+2086
    { 11, 16, 231, 1, 12, 44, 701 }, // U+2087
    { 12, 16, 245, 1, 12, 48, 745 }, // U+2088
    { 12, 17, 230, 1, 12, 51, 793 }, // U+2089
    { 10, 9, 216, 2, 6, 23, 844 }, // U+208A
    { 9, 2, 216, 2, 2, 5, 867 }, // U+208B
    { 45, 27, 760, 1, 27, 304, 0 }, // U+20A9
    { 29, 27, 472, 0, 27, 196, 304 }, // U+20AC
    { 26, 27, 431, 0, 27, 176, 500 }, // U+20B1
    { 22, 27, 364, 1, 27, 149, 676 }, // U+20B4
    { 25, 27, 451, 2, 27, 169, 825 }, // U+20B8
    { 28, 28, 460, 1, 27, 196, 994 }, // U+20B9
    { 25, 27, 419, 0, 27, 169, 1190 }, // U+20BA
    { 26, 27, 431, 0, 27, 176, 1359 }, // U+20BD
    { 24, 35, 431, 1, 31, 210, 1535 }, // U+20BF
    { 18, 8, 348, -2, 15, 36, 0 }, // U+2190
    { 8, 25, 330, 6, 26, 50, 36 }, // U+2191
    { 19, 8, 348, 2, 15, 38, 86 }, // U+2192
    { 8, 26, 330, 6, 22, 52, 124 }, // U+2193
    { 20, 8, 336, -1, 15, 40, 176 }, // U+2194
    { 8, 35, 330, 6, 29, 70, 216 }, // U+2195
    { 17, 18, 360, 2, 20, 77, 286 }, // U+2196
    { 16, 18, 360, 3, 20, 72, 363 }, // U+2197
    { 16, 18, 360, 3, 20, 72, 435 }, // U+2198
    { 17, 18, 360, 2, 20, 77, 507 }, // U+2199
    { 19, 12, 360, 1, 17, 57, 584 }, // U+21D0
    { 12, 19, 360, 5, 21, 57, 641 }, // U+21D1
    { 19, 12, 360, 2, 17, 57, 698 }, // U+21D2
    { 12, 20, 360, 5, 21, 60, 755 }, // U+21D3
    { 23, 12, 360, 0, 17, 69, 815 }, // U+21D4
    { 30, 26, 535, 2, 26, 195, 0 }, // U+2200
    { 23, 26, 413, 2, 26, 150, 195 }, // U+2203
    { 16, 17, 348, 3, 20, 68, 345 }, // U+2205
    { 18, 19, 360, 2, 22, 86, 413 }, // U+2206
    { 18, 19, 360, 2, 20, 86, 499 }, // U+2207
    { 25, 26, 423, 1, 26, 163, 585 }, // U+2208
    { 15, 3, 336, 3, 12, 12, 748 }, // U+2212
    { 11, 16, 300, 4, 18, 44, 760 }, // U+2213
    { 13, 13, 257, 2, 31, 43, 804 }, // U+2217
    { 9, 10, 240, 3, 16, 23, 847 }, // U+2218
    { 11, 11, 252, 2, 17, 31, 870 }, // U+2219
    { 20, 18, 360, 1, 23, 90, 901 }, // U+221A
    { 21, 12, 372, 1, 17, 63, 991 }, // U+221E
    { 17, 20, 324, 2, 22, 85, 1054 }, // U+2220
    { 8, 19, 318, 6, 21, 38, 1139 }, // U+2225
    { 19, 19, 348, 1, 21, 91, 1177 }, // U+2227
    { 19, 19, 348, 1, 21, 91, 1268 }, // U+2228
    { 14, 15, 360, 4, 18, 53, 1359 }, // U+2234
    { 14, 15, 360, 4, 18, 53, 1412 }, // U+2235
    { 9, 9, 233, 2, 16, 21, 1465 }, // U+2248
    { 11, 14, 233, 2, 16, 39, 1486 }, // U+2260
    { 14, 13, 348, 4, 18, 46, 1525 }, // U+2261
    { 18, 21, 330, 1, 19, 95, 1571 }, // U+2264
    { 17, 21, 330, 2, 19, 90, 1666 }, // U+2265
    { 13, 19, 342, 4, 21, 62, 1756 }, // U+22A5
    { 6, 5, 131, 1, 14, 8, 1818 }, // U+22C5
};

static const EpdUnicodeInterval edslab_18_regularIntervals[] = {
    { 0x20, 0x7E, 0x0 },
    { 0xA0, 0x137, 0x5F },
    { 0x139, 0x17E, 0xF7 },
    { 0x1CD, 0x1CE, 0x13D },
    { 0x20A, 0x20B, 0x13F },
    { 0x218, 0x21B, 0x141 },
    { 0x301, 0x301, 0x145 },
    { 0x312, 0x315, 0x146 },
    { 0x341, 0x341, 0x14A },
    { 0x343, 0x343, 0x14B },
    { 0x401, 0x401, 0x14C },
    { 0x404, 0x404, 0x14D },
    { 0x406, 0x407, 0x14E },
    { 0x410, 0x44F, 0x150 },
    { 0x451, 0x451, 0x190 },
    { 0x454, 0x454, 0x191 },
    { 0x456, 0x457, 0x192 },
    { 0x490, 0x491, 0x194 },
    { 0x2002, 0x2003, 0x196 },
    { 0x2009, 0x2009, 0x198 },
    { 0x2010, 0x2016, 0x199 },
    { 0x2018, 0x2027, 0x1A0 },
    { 0x2030, 0x2030, 0x1B0 },
    { 0x2032, 0x2035, 0x1B1 },
    { 0x2039, 0x203A, 0x1B5 },
    { 0x2043, 0x2044, 0x1B7 },
    { 0x204C, 0x204D, 0x1B9 },
    { 0x2055, 0x2055, 0x1BB },
    { 0x2070, 0x2070, 0x1BC },
    { 0x2074, 0x207B, 0x1BD },
    { 0x2080, 0x208B, 0x1C5 },
    { 0x20A9, 0x20A9, 0x1D1 },
    { 0x20AC, 0x20AC, 0x1D2 },
    { 0x20B1, 0x20B1, 0x1D3 },
    { 0x20B4, 0x20B4, 0x1D4 },
    { 0x20B8, 0x20BA, 0x1D5 },
    { 0x20BD, 0x20BD, 0x1D8 },
    { 0x20BF, 0x20BF, 0x1D9 },
    { 0x2190, 0x2199, 0x1DA },
    { 0x21D0, 0x21D4, 0x1E4 },
    { 0x2200, 0x2200, 0x1E9 },
    { 0x2203, 0x2203, 0x1EA },
    { 0x2205, 0x2208, 0x1EB },
    { 0x2212, 0x2213, 0x1EF },
    { 0x2217, 0x221A, 0x1F1 },
    { 0x221E, 0x221E, 0x1F5 },
    { 0x2220, 0x2220, 0x1F6 },
    { 0x2225, 0x2225, 0x1F7 },
    { 0x2227, 0x2228, 0x1F8 },
    { 0x2234, 0x2235, 0x1FA },
    { 0x2248, 0x2248, 0x1FC },
    { 0x2260, 0x2261, 0x1FD },
    { 0x2264, 0x2265, 0x1FF },
    { 0x22A5, 0x22A5, 0x201 },
    { 0x22C5, 0x22C5, 0x202 },
};

static const EpdFontGroup edslab_18_regularGroups[] = {
    { 0, 3966, 11798, 95, 0 },
    { 3966, 3085, 12274, 96, 95 },
    { 7051, 3805, 20370, 126, 191 },
    { 10856, 443, 1209, 8, 317 },
    { 11299, 22, 126, 7, 325 },
    { 11321, 2884, 10976, 74, 332 },
    { 14205, 490, 1203, 38, 406 },
    { 14695, 447, 926, 21, 444 },
    { 15142, 697, 1864, 9, 465 },
    { 15839, 356, 925, 15, 474 },
    { 16195, 854, 2006, 26, 489 },
};

static const uint16_t edslab_18_regularKernLeftCodepoints[] = {
    0x0020, 0x0022, 0x002D, 0x0030, 0x0031, 0x0032, 0x0033, 0x0034, 0x0035, 0x0036, 0x0037, 0x0038,
    0x0039, 0x0041, 0x0042, 0x0043, 0x0044, 0x0045, 0x0046, 0x0047, 0x0048, 0x0049, 0x004A, 0x004B,
    0x004C, 0x004D, 0x004E, 0x004F, 0x0050, 0x0051, 0x0052, 0x0053, 0x0054, 0x0055, 0x0056, 0x0057,
    0x0059, 0x005A, 0x0061, 0x0062, 0x0063, 0x0064, 0x0065, 0x0066, 0x0067, 0x0068, 0x0069, 0x006A,
    0x006B, 0x006C, 0x006D, 0x006E, 0x006F, 0x0070, 0x0071, 0x0072, 0x0073, 0x0074, 0x0075, 0x0076,
    0x0077, 0x0079, 0x007A, 0x0401, 0x0410, 0x0411, 0x0412, 0x0413, 0x0414, 0x0415, 0x0416, 0x0417,
    0x0418, 0x0419, 0x041A, 0x041B, 0x041C, 0x041D, 0x041E, 0x041F, 0x0420, 0x0421, 0x0422, 0x0423,
    0x0424, 0x0425, 0x0426, 0x0427, 0x0428, 0x0429, 0x042A, 0x042B, 0x042C, 0x042D, 0x042E, 0x042F,
    0x0430, 0x0431, 0x0432, 0x0433, 0x0434, 0x0435, 0x0436, 0x0437, 0x0438, 0x0439, 0x043A, 0x043B,
    0x043C, 0x043D, 0x043E, 0x043F, 0x0440, 0x0441, 0x0442, 0x0443, 0x0444, 0x0445, 0x0446, 0x0447,
    0x0448, 0x0449, 0x044A, 0x044B, 0x044C, 0x044D, 0x044E, 0x044F, 0x0451,
};

static const uint8_t edslab_18_regularKernLeftClassIds[] = {
      1,   2,   3,   4,   5,   6,   7,   8,   9,  10,  11,  12,  13,  14,  15,  16,
     17,  18,  19,  20,  21,  22,  23,  24,  25,  26,  27,  28,  29,  30,  31,  32,
     33,  34,  35,  36,  37,  38,  39,  40,  41,  42,  43,  44,  45,  46,  47,  48,
     49,  50,  51,  52,  53,  54,  55,  56,  57,  58,  59,  60,  61,  62,  63,  64,
     65,  66,  67,  68,  69,  70,  71,  72,  73,  74,  75,  76,  77,  78,  79,  80,
     81,  82,  83,  84,  85,  86,  87,  88,  89,  90,  91,  92,  93,  94,  95,  96,
     97,  98,  99, 100, 101, 102, 103, 104, 105, 106, 107, 108, 109, 110, 111, 112,
    113, 114, 115, 116, 117, 118, 119, 120, 121, 122, 123, 124, 125, 126, 127, 128,
    129,
};

static const uint16_t edslab_18_regularKernRightCodepoints[] = {
    0x0022, 0x002D, 0x0030, 0x0031, 0x0032, 0x0033, 0x0034, 0x0035, 0x0036, 0x0037, 0x0038, 0x0039,
    0x0041, 0x0042, 0x0043, 0x0044, 0x0045, 0x0046, 0x0047, 0x0048, 0x0049, 0x004A, 0x004B, 0x004C,
    0x004D, 0x004E, 0x004F, 0x0050, 0x0051, 0x0052, 0x0053, 0x0054, 0x0055, 0x0056, 0x0057, 0x0059,
    0x005A, 0x0061, 0x0062, 0x0063, 0x0064, 0x0065, 0x0066, 0x0067, 0x0068, 0x0069, 0x006A, 0x006B,
    0x006C, 0x006D, 0x006E, 0x006F, 0x0070, 0x0071, 0x0072, 0x0073, 0x0074, 0x0075, 0x0076, 0x0077,
    0x0079, 0x007A, 0x0401, 0x0410, 0x0411, 0x0412, 0x0413, 0x0414, 0x0415, 0x0416, 0x0417, 0x0418,
    0x0419, 0x041A, 0x041B, 0x041C, 0x041D, 0x041E, 0x041F, 0x0420, 0x0421, 0x0422, 0x0423, 0x0424,
    0x0425, 0x0426, 0x0427, 0x0428, 0x0429, 0x042A, 0x042B, 0x042C, 0x042D, 0x042E, 0x042F, 0x0430,
    0x0431, 0x0432, 0x0433, 0x0434, 0x0435, 0x0436, 0x0437, 0x0438, 0x0439, 0x043A, 0x043B, 0x043C,
    0x043D, 0x043E, 0x043F, 0x0440, 0x0441, 0x0442, 0x0443, 0x0444, 0x0445, 0x0446, 0x0447, 0x0448,
    0x0449, 0x044A, 0x044B, 0x044C, 0x044D, 0x044E, 0x044F, 0x0451, 0x2025,
};

static const uint8_t edslab_18_regularKernRightClassIds[] = {
      1,   2,   3,   4,   5,   6,   7,   8,   9,  10,  11,  12,  13,  14,  15,  16,
     17,  18,  19,  20,  21,  22,  23,  24,  25,  26,  27,  28,  29,  30,  31,  32,
     33,  34,  35,  36,  37,  38,  39,  40,  41,  42,  43,  44,  45,  46,  47,  48,
     49,  50,  51,  52,  53,  54,  55,  56,  57,  58,  59,  60,  61,  62,  63,  64,
     65,  66,  67,  68,  69,  70,  71,  72,  73,  74,  75,  76,  77,  78,  79,  80,
     81,  82,  83,  84,  85,  86,  87,  88,  89,  90,  91,  92,  93,  94,  95,  96,
     97,  98,  99, 100, 101, 102, 103, 104, 105, 106, 107, 108, 109, 110, 111, 112,
    113, 114, 115, 116, 117, 118, 119, 120, 121, 122, 123, 124, 125, 126, 127, 128,
    129,
};

static const uint16_t edslab_18_regularKernRowOffsets[] = {
        0,     1,    77,   192,   204,   216,   228,   238,   248,   257,   267,   279,   290,   300,   355,   403,
      451,   501,   531,   582,   625,   659,   699,   731,   782,   827,   869,   921,   969,  1018,  1072,  1114,
     1160,  1214,  1268,  1322,  1376,  1430,  1480,  1508,  1530,  1556,  1584,  1608,  1636,  1665,  1692,  1720,
     1744,  1773,  1801,  1827,  1854,  1880,  1906,  1929,  1954,  1977,  2001,  2029,  2057,  2085,  2113,  2135,
     2153,  2220,  2267,  2314,  2380,  2427,  2446,  2506,  2557,  2598,  2634,  2684,  2718,  2752,  2787,  2840,
     2876,  2920,  2978,  3032,  3098,  3146,  3199,  3248,  3298,  3333,  3376,  3432,  3465,  3515,  3565,  3614,
     3650,  3674,  3696,  3721,  3748,  3782,  3807,  3841,  3864,  3898,  3928,  3955,  3989,  4009,  4033,  4064,
     4091,  4121,  4150,  4185,  4220,  4250,  4277,  4310,  4343,  4377,  4411,  4443,  4471,  4500,  4528,  4559,
     4593,  4621,
};

static const uint8_t edslab_18_regularKernSparseCols[] = {
     81,   2,   4,   5,   6,   7,   8,  10,  12,  14,  18,  21,  26,  28,  30,  37,
     38,  39,  40,  41,  42,  43,  44,  45,  46,  47,  48,  49,  50,  51,  52,  53,
     54,  55,  60,  61,  63,  67,  69,  70,  74,  77,  80,  83,  92,  94,  95,  96,
     97,  98,  99, 100, 101, 102, 105, 106, 107, 108, 109, 110, 111, 112, 113, 114,
    115, 116, 117, 118, 119, 120, 121, 122, 123, 124, 125, 126, 127,   3,   4,   5,
      6,   7,   8,   9,  10,  12,  13,  14,  15,  16,  17,  18,  19,  20,  21,  22,
     23,  24,  25,  26,  27,  29,  30,  31,  32,  33,  34,  35,  36,  37,  38,  39,
     42,  44,  45,  46,  47,  48,  49,  50,  51,  52,  53,  54,  55,  56,  57,  58,
     59,  60,  61,  62,  63,  64,  65,  66,  67,  68,  70,  71,  72,  73,  74,  75,
     76,  78,  79,  80,  81,  82,  83,  84,  85,  86,  87,  88,  89,  90,  91,  92,
     93,  94,  96,  97,  98,  99, 100, 101, 102, 103, 105, 106, 107, 108, 109, 110,
    111, 112, 113, 114, 116, 117, 118, 119, 120, 121, 122, 123, 124, 125, 126, 127,
      0,   1,   2,   4,   5,   6,   7,   8,   9,  10,  11, 128,   0,   1,   2,   3,
      4,   5,   6,   7,   8,   9,  10,  11,   0,   1,   2,   3,   4,   5,   6,   7,
      8,   9,  10,  11,   1,   2,   3,   4,   5,   6,   7,   8,   9, 128,   0,   1,
      2,   3,   4,   5,   6,   7,   9,  10,   1,   4,   5,   6,   7,   9,  10,  11,
    128,   1,   2,   3,   4,   5,   7,   9,  10,  11, 128,   1,   2,   3,   4,   5,
      6,   7,   8,   9,  10,  11, 128,   0,   1,   2,   3,   4,   5,   7,   9,  10,
     11, 128,   1,   2,   4,   5,   6,   7,   8,   9,  10, 128,   0,   1,  12,  13,
     14,  15,  16,  17,  18,  19,  20,  21,  22,  23,  24,  25,  26,  27,  28,  29,
     30,  31,  32,  33,  34,  35,  36,  37,  38,  39,  40,  41,  42,  43,  44,  45,
     46,  47,  48,  49,  50,  51,  52,  53,  54,  55,  56,  57,  58,  59,  60,  61,
     84, 116, 128,   1,  12,  13,  14,  15,  16,  17,  19,  20,  21,  22,  23,  24,
     25,  26,  27,  28,  29,  31,  32,  33,  34,  35,  36,  37,  38,  39,  40,  41,
     42,  43,  44,  45,  46,  47,  48,  49,  50,  51,  52,  53,  54,  55,  56,  60,
     84, 116, 128,   0,   1,  12,  13,  14,  15,  16,  17,  18,  19,  22,  23,  24,
     25,  26,  27,  29,  30,  31,  32,  33,  34,  35,  36,  37,  38,  41,  42,  43,
     44,  45,  46,  47,  48,  49,  50,  51,  52,  54,  56,  57,  58,  59,  60,  61,
     84, 116, 128,   1,  12,  13,  14,  16,  17,  18,  19,  20,  21,  22,  23,  24,
     25,  26,  27,  28,  29,  30,  31,  32,  33,  34,  35,  36,  37,  38,  39,  40,
     41,  42,  43,  44,  45,  46,  47,  49,  50,  51,  52,  53,  55,  56,  57,  58,
     59,  60,  84, 116, 128,   1,  12,  14,  18,  23,  26,  28,  31,  32,  33,  34,
     35,  37,  38,  43,  45,  46,  47,  48,  50,  51,  52,  53,  55,  56,  57,  58,
     59,  60, 116,   1,  12,  13,  14,  15,  16,  17,  18,  19,  20,  21,  22,  25,
     26,  27,  28,  29,  31,  32,  33,  34,  35,  36,  37,  38,  39,  40,  41,  42,
     43,  44,  45,  46,  47,  48,  49,  50,  51,  52,  53,  54,  55,  56,  57,  58,
     59,  60,  61,  84, 116, 128,   0,   1,  12,  13,  14,  15,  16,  17,  18,  19,
     20,  21,  22,  23,  24,  25,  27,  29,  30,  31,  32,  33,  34,  35,  36,  38,
     42,  43,  44,  46,  47,  48,  49,  50,  52,  54,  55,  58,  60,  61,  84, 116,
    128,   1,  12,  14,  18,  21,  26,  28,  30,  31,  32,  33,  34,  35,  36,  37,
     38,  39,  40,  41,  49,  50,  51,  52,  53,  54,  55,  56,  57,  58,  59,  60,
     61,  84, 116,   1,  12,  14,  18,  21,  26,  28,  30,  31,  32,  33,  34,  35,
     37,  38,  39,  40,  41,  42,  43,  44,  45,  46,  47,  48,  49,  50,  51,  52,
     53,  54,  55,  56,  57,  58,  59,  60,  61,  84, 116,   0,   1,  12,  26,  28,
     30,  31,  33,  34,  35,  36,  37,  38,  40,  41,  42,  43,  44,  45,  46,  47,
     48,  49,  50,  54,  55,  57,  60,  61,  84, 116, 128,   1,  12,  14,  15,  17,
     18,  19,  20,  21,  22,  23,  24,  25,  26,  27,  28,  29,  30,  31,  32,  33,
     34,  35,  36,  37,  38,  39,  40,  41,  42,  43,  44,  45,  46,  47,  48,  49,
     50,  51,  52,  53,  54,  55,  56,  57,  58,  59,  60,  61,  84, 116,   0,   1,
     12,  13,  14,  15,  16,  18,  19,  21,  22,  24,  25,  26,  28,  29,  30,  31,
     32,  33,  34,  35,  36,  37,  38,  42,  43,  45,  46,  47,  48,  49,  50,  51,
     52,  54,  55,  56,  57,  58,  59,  60,  61,  84, 116,   1,  12,  14,  18,  21,
     26,  28,  30,  31,  32,  33,  34,  35,  36,  37,  38,  39,  40,  41,  42,  43,
     44,  45,  46,  47,  48,  49,  50,  51,  52,  53,  54,  55,  56,  57,  58,  59,
     60,  61,  84, 116, 128,   1,  12,  13,  14,  15,  16,  17,  18,  20,  21,  23,
     24,  25,  26,  27,  28,  29,  30,  31,  32,  33,  34,  35,  36,  37,  38,  39,
     40,  41,  42,  43,  44,  45,  46,  47,  48,  49,  50,  51,  52,  53,  54,  55,
     56,  57,  58,  59,  60,  61,  84, 116, 128,   0,   1,  12,  13,  14,  15,  16,
     17,  19,  20,  21,  22,  23,  24,  25,  26,  27,  28,  29,  30,  31,  32,  33,
     34,  35,  36,  37,  38,  42,  43,  44,  45,  46,  47,  48,  49,  50,  51,  52,
     54,  55,  58,  59,  60,  61,  84, 116, 128,   0,   1,  12,  13,  14,  15,  16,
     17,  18,  19,  20,  21,  22,  23,  24,  25,  26,  27,  28,  29,  30,  31,  32,
     33,  34,  35,  36,  37,  38,  39,  40,  41,  43,  44,  45,  46,  47,  48,  49,
     50,  51,  53,  55,  56,  60,  61,  84, 116, 128,   0,   1,  12,  13,  14,  15,
     16,  17,  18,  19,  20,  21,  22,  23,  24,  25,  26,  27,  28,  29,  30,  31,
     32,  33,  34,  35,  36,  37,  38,  39,  40,  41,  42,  43,  44,  45,  46,  47,
     48,  49,  50,  51,  52,  53,  54,  55,  56,  57,  58,  59,  60,  61,  84, 116,
      0,   1,  12,  13,  14,  15,  17,  18,  19,  20,  21,  22,  23,  26,  27,  28,
     29,  31,  32,  33,  34,  35,  36,  37,  46,  47,  48,  49,  50,  51,  52,  53,
     54,  55,  56,  57,  58,  59,  60,  61,  84, 116,   0,   1,  12,  13,  14,  15,
     16,  17,  19,  20,  22,  23,  24,  25,  26,  27,  29,  30,  31,  32,  33,  34,
     35,  36,  38,  40,  41,  42,  43,  44,  45,  46,  47,  48,  49,  50,  52,  54,
     56,  57,  58,  59,  60,  61,  84, 116,   1,  12,  13,  14,  15,  16,  17,  18,
     19,  20,  21,  22,  23,  24,  25,  26,  27,  28,  29,  30,  31,  32,  33,  34,
     35,  36,  37,  38,  39,  40,  41,  42,  43,  44,  45,  46,  47,  48,  49,  50,
     51,  52,  53,  54,  55,  56,  57,  58,  59,  60,  61,  84, 116, 128,   1,  12,
     13,  14,  15,  16,  17,  18,  19,  20,  21,  22,  23,  24,  25,  26,  27,  28,
     29,  30,  31,  32,  33,  34,  35,  36,  37,  38,  39,  40,  41,  42,  43,  44,
     45,  46,  47,  48,  49,  50,  51,  52,  53,  54,  55,  56,  57,  58,  59,  60,
     61,  84, 116, 128,   1,  12,  13,  14,  15,  16,  17,  18,  19,  20,  21,  22,
     23,  24,  25,  26,  27,  28,  29,  30,  31,  32,  33,  34,  35,  36,  37,  38,
     39,  40,  41,  42,  43,  44,  45,  46,  47,  48,  49,  50,  51,  52,  53,  54,
     55,  56,  57,  58,  59,  60,  61,  84, 116, 128,   1,  12,  13,  14,  15,  16,
     17,  18,  19,  20,  21,  22,  23,  24,  25,  26,  27,  28,  29,  30,  31,  32,
     33,  34,  35,  36,  37,  38,  39,  40,  41,  42,  43,  44,  45,  46,  47,  48,
     49,  50,  51,  52,  53,  54,  55,  56,  57,  58,  59,  60,  61,  84, 116, 128,
      1,  12,  13,  14,  15,  16,  17,  18,  19,  20,  21,  22,  23,  24,  25,  26,
     27,  28,  29,  30,  31,  32,  33,  34,  35,  36,  37,  38,  39,  40,  41,  42,
     43,  44,  45,  46,  47,  48,  49,  50,  51,  52,  53,  54,  55,  56,  57,  58,
     59,  60,  61,  84, 116, 128,  12,  13,  14,  15,  16,  17,  18,  19,  20,  21,
     22,  23,  24,  25,  26,  27,  28,  29,  30,  31,  32,  33,  34,  35,  36,  37,
     38,  39,  40,  42,  43,  44,  45,  46,  47,  48,  49,  50,  51,  52,  54,  55,
     56,  57,  58,  59,  60,  61,  84, 116,   0,   1,  37,  38,  39,  40,  41,  42,
     43,  44,  45,  46,  47,  48,  49,  50,  51,  52,  53,  54,  55,  56,  57,  58,
     59,  60,  61, 116,   1,  37,  38,  41,  42,  43,  44,  46,  47,  48,  49,  50,
     52,  54,  56,  57,  58,  59,  60,  61, 116, 128,   0,   1,  37,  38,  39,  40,
     42,  43,  44,  46,  47,  48,  49,  50,  51,  52,  53,  54,  55,  56,  57,  58,
     59,  60,  61, 116,   1,  37,  38,  39,  40,  41,  42,  43,  44,  45,  46,  47,
     48,  49,  50,  51,  52,  53,  54,  55,  56,  57,  58,  59,  60,  61, 116, 128,
      0,   1,  37,  38,  42,  43,  44,  45,  46,  47,  48,  49,  50,  51,  52,  54,
     55,  56,  57,  58,  59,  60,  61, 116,   0,   1,  37,  38,  39,  40,  41,  42,
     43,  44,  46,  47,  48,  49,  50,  51,  52,  53,  54,  55,  56,  57,  58,  59,
     60,  61, 116, 128,   0,   1,  37,  38,  39,  40,  41,  42,  43,  44,  45,  46,
     47,  48,  49,  50,  51,  52,  53,  54,  55,  56,  57,  58,  59,  60,  61, 116,
    128,   0,   1,  37,  38,  39,  40,  41,  42,  43,  44,  45,  46,  47,  48,  49,
     50,  51,  52,  53,  54,  56,  57,  58,  59,  60,  61, 116,   0,   1,  37,  38,
     39,  40,  41,  42,  43,  44,  45,  46,  47,  48,  49,  50,  51,  52,  53,  54,
     55,  56,  57,  58,  59,  60,  61, 116,   0,   1,  38,  39,  40,  41,  43,  44,
     46,  47,  48,  49,  50,  51,  52,  53,  54,  55,  56,  58,  59,  60,  61, 116,
      0,   1,  37,  38,  39,  40,  41,  42,  43,  44,  45,  46,  47,  48,  49,  50,
     51,  52,  53,  54,  55,  56,  57,  58,  59,  60,  61, 116, 128,   0,  37,  38,
     39,  40,  41,  42,  43,  44,  45,  46,  47,  48,  49,  50,  51,  52,  53,  54,
     55,  56,  57,  58,  59,  60,  61, 116, 128,   0,   1,  37,  38,  39,  40,  42,
     43,  44,  45,  46,  47,  48,  49,  50,  51,  52,  54,  55,  56,  57,  58,  59,
     60,  61, 116,   0,   1,  37,  38,  39,  40,  41,  42,  43,  44,  45,  46,  47,
     48,  49,  50,  51,  52,  53,  54,  56,  57,  58,  59,  60,  61, 116,   0,   1,
     38,  40,  41,  42,  43,  44,  46,  47,  48,  49,  50,  51,  52,  53,  54,  55,
     56,  57,  58,  59,  60,  61, 116, 128,   0,   1,  37,  38,  39,  40,  41,  42,
     43,  44,  46,  47,  48,  49,  50,  52,  53,  54,  56,  57,  58,  59,  60,  61,
    116, 128,   0,   1,  38,  42,  43,  44,  46,  47,  48,  49,  50,  51,  52,  53,
     54,  55,  56,  57,  58,  59,  60,  61, 116,   0,   1,  37,  38,  39,  40,  41,
     42,  43,  44,  46,  47,  48,  49,  50,  51,  52,  53,  54,  56,  59,  60,  61,
    116, 128,   0,  37,  38,  40,  42,  43,  44,  45,  46,  47,  48,  49,  50,  52,
     54,  55,  56,  57,  58,  59,  60,  61, 116,   0,  37,  38,  42,  43,  44,  45,
     46,  47,  48,  49,  50,  51,  52,  53,  54,  55,  56,  57,  58,  59,  60,  61,
    116,   0,   1,  37,  38,  39,  40,  41,  42,  43,  44,  45,  46,  47,  48,  49,
     50,  51,  52,  53,  54,  55,  56,  57,  58,  59,  60,  61, 116,   1,  37,  38,
     39,  40,  41,  42,  43,  44,  45,  46,  47,  48,  49,  50,  51,  52,  53,  54,
     55,  56,  57,  58,  59,  60,  61, 116, 128,   1,  37,  38,  39,  40,  41,  42,
     43,  44,  45,  46,  47,  48,  49,  50,  51,  52,  53,  54,  55,  56,  57,  58,
     59,  60,  61, 116, 128,   1,  37,  38,  39,  40,  41,  42,  43,  44,  45,  46,
     47,  48,  49,  50,  51,  52,  53,  54,  55,  56,  57,  58,  59,  60,  61, 116,
    128,   0,  37,  38,  39,  42,  43,  44,  46,  47,  48,  50,  51,  52,  53,  54,
     56,  57,  58,  59,  60,  61, 116,   1,  63,  67,  70,  74,  77,  80,  81,  82,
     83,  86,  89,  92,  99, 106, 114, 118, 126,   0,   1,  62,  63,  64,  65,  66,
     67,  68,  69,  70,  71,  72,  73,  74,  75,  76,  77,  78,  79,  80,  81,  82,
     83,  85,  86,  87,  88,  89,  90,  91,  92,  93,  94,  95,  96,  97,  98,  99,
    100, 101, 102, 103, 104, 105, 106, 107, 108, 109, 110, 111, 112, 113, 114, 115,
    117, 118, 119, 120, 121, 122, 123, 124, 125, 126, 127, 128,   1,  62,  63,  64,
     65,  66,  67,  68,  70,  71,  72,  73,  75,  76,  78,  79,  80,  81,  82,  83,
     85,  86,  87,  88,  89,  90,  91,  92,  93,  94,  96,  99, 100, 102, 109, 111,
    112, 113, 114, 115, 118, 121, 122, 124, 125, 126, 127,   1,  62,  63,  64,  65,
     66,  67,  68,  69,  70,  71,  72,  73,  75,  76,  77,  78,  79,  80,  81,  82,
     83,  85,  86,  87,  88,  89,  90,  91,  92,  93,  95,  96,  99, 100, 103, 104,
    109, 111, 112, 113, 114, 115, 118, 121, 124, 127,   1,  62,  63,  64,  65,  66,
     67,  68,  69,  70,  71,  72,  73,  74,  75,  76,  77,  78,  79,  80,  81,  82,
     83,  85,  86,  87,  88,  89,  90,  91,  92,  93,  94,  95,  96,  97,  98,  99,
    100, 101, 102, 103, 104, 105, 106, 107, 108, 109, 110, 111, 112, 113, 114, 115,
    117, 118, 119, 120, 121, 122, 123, 124, 125, 126, 127, 128,   1,  62,  63,  64,
     65,  66,  67,  68,  69,  70,  71,  72,  73,  74,  75,  76,  77,  78,  79,  80,
     81,  82,  83,  85,  86,  87,  88,  89,  90,  92,  93,  94,  99, 101, 102, 103,
    104, 106, 109, 111, 114, 118, 121, 122, 123, 125, 126,   1,  63,  67,  69,  70,
     74,  77,  80,  81,  82,  86,  89,  92,  94,  99, 106, 114, 118, 126,   1,  62,
     63,  64,  65,  66,  67,  68,  69,  70,  71,  72,  73,  74,  75,  76,  77,  78,
     79,  80,  81,  82,  83,  85,  86,  87,  88,  89,  90,  91,  92,  93,  94,  95,
     97,  98,  99, 101, 102, 103, 104, 105, 106, 107, 108, 110, 111, 113, 114, 117,
    118, 119, 120, 121, 122, 123, 124, 125, 126, 128,   0,  62,  63,  64,  65,  66,
     67,  68,  69,  70,  71,  72,  73,  74,  75,  76,  78,  79,  81,  82,  83,  85,
     86,  87,  88,  89,  90,  91,  93,  94,  95,  96,  99, 100, 101, 102, 105, 106,
    109, 111, 112, 114, 115, 118, 120, 122, 123, 124, 126, 127, 128,   1,  63,  67,
     69,  70,  71,  72,  74,  77,  80,  81,  82,  83,  86,  89,  92,  94,  95,  98,
     99, 100, 101, 102, 103, 104, 105, 106, 109, 110, 111, 112, 113, 114, 115, 117,
    118, 121, 124, 125, 126, 127,   1,  63,  67,  69,  70,  71,  72,  74,  77,  80,
     81,  82,  83,  86,  89,  92,  94,  95,  99, 100, 101, 106, 109, 110, 111, 112,
    113, 114, 115, 117, 118, 121, 124, 125, 126, 127,   1,  63,  67,  69,  70,  71,
     72,  74,  77,  80,  81,  82,  83,  86,  89,  92,  94,  95,  96,  97,  98,  99,
    100, 101, 102, 103, 104, 105, 106, 107, 108, 109, 110, 111, 112, 113, 114, 115,
    117, 118, 119, 120, 121, 122, 123, 124, 125, 126, 127, 128,   1,  63,  67,  69,
     70,  71,  72,  74,  77,  80,  81,  82,  83,  86,  89,  92,  94,  95,  99, 101,
    102, 103, 104, 106, 109, 111, 112, 113, 114, 115, 118, 121, 124, 126,   1,  63,
     67,  69,  70,  71,  72,  74,  77,  80,  81,  82,  83,  86,  89,  92,  94,  95,
     99, 101, 102, 103, 104, 106, 109, 111, 112, 113, 114, 115, 118, 121, 124, 126,
      1,  63,  67,  69,  70,  71,  72,  74,  77,  80,  81,  82,  83,  86,  89,  92,
     94,  95,  99, 100, 101, 102, 103, 104, 106, 109, 111, 112, 113, 114, 115, 118,
    121, 124, 126,   0,  62,  63,  64,  65,  66,  67,  68,  69,  70,  71,  72,  73,
     74,  75,  76,  77,  78,  79,  80,  81,  82,  83,  85,  86,  87,  88,  89,  90,
     91,  93,  94,  95,  96,  97,  98,  99, 100, 102, 103, 104, 105, 106, 108, 109,
    112, 118, 121, 122, 124, 126, 127, 128,   1,  63,  67,  69,  70,  71,  72,  74,
     77,  80,  81,  82,  83,  86,  89,  92,  94,  99, 100, 101, 102, 103, 104, 106,
    109, 111, 112, 113, 114, 115, 117, 118, 121, 124, 126, 127,   1,  63,  67,  68,
     69,  70,  71,  72,  74,  80,  82,  83,  85,  86,  89,  91,  92,  94,  95,  96,
     99, 100, 101, 102, 105, 106, 107, 108, 109, 110, 111, 112, 115, 117, 118, 119,
    120, 122, 123, 124, 125, 126, 127, 128,   0,  62,  63,  64,  65,  66,  67,  68,
     69,  70,  71,  72,  73,  74,  75,  76,  77,  78,  79,  80,  81,  82,  83,  85,
     86,  87,  88,  89,  90,  91,  92,  93,  94,  95,  96,  97,  98,  99, 101, 102,
    103, 104, 105, 106, 107, 108, 110, 111, 112, 114, 115, 117, 118, 121, 123, 124,
    125, 126,   1,  63,  65,  67,  68,  69,  70,  71,  72,  74,  77,  79,  80,  81,
     82,  83,  86,  89,  90,  92,  94,  95,  96,  97,  98,  99, 100, 101, 102, 103,
    104, 105, 106, 107, 108, 109, 110, 111, 112, 113, 114, 115, 117, 118, 119, 120,
    121, 122, 123, 124, 125, 126, 127, 128,   1,  62,  63,  64,  65,  66,  67,  68,
     69,  70,  71,  72,  73,  74,  75,  76,  77,  78,  79,  80,  81,  82,  83,  85,
     86,  87,  88,  89,  90,  91,  92,  93,  94,  95,  96,  97,  98,  99, 100, 101,
    102, 103, 104, 105, 106, 107, 108, 109, 110, 111, 112, 113, 114, 115, 117, 118,
    119, 120, 121, 122, 123, 124, 125, 126, 127, 128,   1,  62,  63,  64,  65,  66,
     67,  68,  69,  70,  71,  72,  73,  74,  75,  76,  77,  78,  79,  80,  81,  82,
     83,  85,  86,  87,  89,  90,  91,  92,  93,  94,  96,  99, 100, 102, 103, 104,
    106, 109, 112, 113, 115, 118, 121, 125, 126, 127,   1,  12,  13,  14,  15,  16,
     17,  18,  19,  20,  21,  22,  23,  24,  25,  26,  27,  28,  29,  30,  31,  32,
     33,  34,  35,  36,  37,  38,  39,  40,  41,  42,  43,  44,  45,  46,  47,  48,
     49,  50,  51,  52,  53,  54,  55,  56,  57,  58,  59,  60,  61,  84, 116,   1,
     63,  67,  69,  70,  71,  72,  74,  77,  80,  81,  82,  83,  86,  89,  92,  93,
     94,  95,  97,  98,  99, 100, 101, 102, 103, 104, 105, 106, 107, 108, 109, 110,
    111, 112, 113, 114, 115, 117, 118, 119, 120, 121, 122, 123, 124, 125, 126, 127,
      1,  63,  67,  69,  70,  71,  72,  74,  77,  80,  81,  82,  83,  86,  89,  90,
     92,  93,  94,  95,  97,  98,  99, 100, 101, 102, 103, 104, 105, 106, 107, 108,
    109, 110, 111, 112, 113, 114, 115, 117, 118, 119, 120, 121, 122, 123, 124, 125,
    126, 127,   1,  63,  67,  69,  70,  71,  72,  74,  77,  81,  82,  83,  85,  86,
     89,  92,  94,  99, 101, 102, 103, 104, 106, 109, 111, 112, 113, 114, 115, 117,
    118, 123, 124, 125, 126,   1,  63,  67,  69,  70,  71,  72,  74,  77,  80,  81,
     82,  83,  86,  89,  92,  94,  97,  98,  99, 101, 102, 103, 104, 105, 106, 107,
    108, 109, 110, 111, 112, 113, 114, 115, 117, 118, 121, 122, 123, 124, 125, 126,
      0,   1,  62,  63,  64,  65,  66,  67,  68,  71,  72,  73,  75,  76,  77,  78,
     79,  80,  81,  82,  83,  85,  86,  87,  88,  89,  90,  91,  92,  93,  95,  96,
     97,  99, 100, 101, 103, 104, 105, 106, 109, 110, 111, 112, 113, 114, 115, 117,
    118, 121, 122, 123, 124, 126, 127, 128,   1,  63,  67,  71,  72,  74,  77,  80,
     81,  82,  83,  86,  89,  92,  94,  95,  99, 100, 101, 102, 103, 104, 105, 106,
    109, 111, 113, 114, 115, 118, 121, 123, 127,   0,   1,  62,  63,  64,  65,  66,
     67,  68,  70,  71,  72,  73,  75,  76,  77,  78,  79,  80,  81,  82,  83,  85,
     86,  87,  88,  89,  90,  91,  92,  93,  95,  96,  99, 100, 106, 109, 111, 112,
    113, 114, 115, 117, 118, 122, 123, 124, 125, 127, 128,   0,   1,  62,  63,  64,
     65,  66,  67,  68,  69,  70,  71,  72,  73,  74,  75,  76,  77,  78,  79,  80,
     81,  82,  83,  85,  86,  87,  88,  89,  90,  91,  92,  93,  94,  95,  96,  99,
    100, 101, 102, 106, 109, 112, 113, 121, 123, 124, 126, 127, 128,   0,   1,  62,
     63,  64,  65,  66,  67,  68,  69,  70,  71,  72,  73,  74,  75,  76,  77,  78,
     79,  80,  81,  82,  83,  85,  86,  87,  88,  89,  90,  91,  92,  93,  94,  96,
     98,  99, 100, 102, 106, 107, 108, 109, 112, 113, 122, 126, 127, 128,   1,  63,
     67,  69,  70,  71,  72,  74,  77,  80,  81,  82,  83,  86,  89,  92,  94,  95,
     99, 100, 101, 102, 103, 104, 106, 109, 111, 112, 113, 114, 115, 118, 121, 124,
    126, 127,   0,   1,  95,  99, 100, 101, 102, 103, 104, 105, 106, 107, 109, 111,
    112, 113, 114, 115, 118, 119, 121, 124, 126, 127,   0,   1,  96,  99, 100, 101,
    102, 105, 106, 109, 111, 112, 114, 115, 118, 121, 122, 123, 124, 126, 127, 128,
      0,  95,  96,  97,  98,  99, 100, 101, 102, 105, 106, 107, 108, 109, 111, 112,
    114, 115, 118, 121, 123, 124, 125, 126, 127,   0,  95,  97,  98,  99, 100, 101,
    102, 105, 106, 107, 108, 110, 111, 113, 114, 115, 117, 118, 119, 121, 122, 123,
    124, 125, 126, 128,   0,   1,  95,  96,  97,  98,  99, 100, 101, 102, 103, 104,
    105, 106, 107, 108, 109, 110, 111, 112, 113, 114, 115, 117, 118, 119, 120, 121,
    122, 123, 124, 125, 126, 127,   0,   1,  95,  96,  97,  98,  99, 100, 101, 105,
    106, 107, 108, 109, 110, 111, 112, 114, 115, 118, 123, 124, 125, 126, 127,   0,
      1,  95,  96,  97,  98,  99, 100, 101, 102, 103, 104, 105, 106, 107, 108, 109,
    110, 111, 112, 113, 114, 115, 117, 118, 119, 120, 121, 122, 123, 124, 125, 126,
    127,   0,   1,  96,  98,  99, 100, 101, 102, 103, 104, 105, 106, 107, 109, 111,
    112, 114, 115, 118, 123, 125, 127, 128,   0,   1,  95,  97,  98,  99, 100, 101,
    102, 103, 104, 105, 106, 107, 108, 109, 110, 111, 112, 113, 114, 115, 117, 118,
    119, 120, 121, 122, 123, 124, 125, 126, 127, 128,   0,   1,  95,  96,  97,  98,
     99, 100, 101, 102, 103, 104, 105, 106, 109, 110, 111, 112, 113, 114, 115, 117,
    118, 121, 123, 124, 125, 126, 127, 128,   0,   1,  95,  96,  97,  98,  99, 100,
    101, 102, 103, 104, 105, 106, 107, 109, 111, 112, 113, 114, 115, 118, 120, 122,
    124, 127, 128,   0,   1,  95,  96,  97,  98,  99, 100, 101, 102, 103, 104, 105,
    106, 107, 108, 109, 110, 111, 112, 113, 114, 115, 117, 118, 119, 120, 121, 122,
    123, 124, 125, 126, 127,   0,   1,  95,  96,  99, 100, 101, 102, 103, 104, 106,
    109, 111, 112, 114, 115, 118, 121, 124, 126,   0,   1,  95,  99, 100, 101, 102,
    103, 104, 105, 106, 108, 109, 111, 112, 113, 114, 115, 118, 121, 122, 124, 126,
    127,   0,  96,  97,  98,  99, 100, 101, 102, 103, 104, 105, 106, 107, 108, 109,
    110, 111, 112, 113, 114, 117, 118, 119, 120, 122, 123, 124, 125, 126, 127, 128,
      0,   1,  96,  99, 100, 101, 102, 103, 104, 105, 106, 108, 109, 110, 111, 112,
    113, 114, 115, 117, 118, 121, 122, 123, 124, 126, 127,   0,  95,  96,  97,  98,
     99, 101, 102, 103, 104, 105, 106, 107, 108, 109, 110, 111, 113, 114, 115, 117,
    118, 119, 120, 122, 123, 125, 126, 127, 128,   0,   1,  95,  96,  97,  98,  99,
    100, 101, 102, 103, 104, 105, 106, 107, 109, 111, 112, 113, 114, 115, 117, 118,
    121, 122, 123, 125, 126, 127,   0,   1,  95,  96,  97,  98,  99, 100, 101, 102,
    103, 104, 105, 106, 107, 108, 109, 110, 111, 112, 113, 114, 115, 117, 118, 119,
    120, 121, 122, 123, 124, 125, 126, 127, 128,   0,   1,  95,  96,  97,  98,  99,
    100, 101, 102, 103, 104, 105, 106, 107, 108, 109, 110, 111, 112, 113, 114, 115,
    117, 118, 119, 120, 121, 122, 123, 124, 125, 126, 127, 128,   0,  96,  97,  98,
     99, 100, 101, 102, 103, 104, 105, 106, 107, 108, 109, 110, 111, 112, 113, 114,
    117, 118, 119, 120, 122, 123, 125, 126, 127, 128,   1,  37,  38,  39,  40,  41,
     42,  43,  44,  45,  46,  47,  48,  49,  50,  51,  52,  53,  54,  55,  56,  57,
     58,  59,  60,  61, 116,   0,   1,  95,  97,  98,  99, 100, 101, 102, 103, 104,
    105, 106, 107, 108, 109, 110, 111, 112, 113, 114, 115, 117, 118, 119, 120, 121,
    122, 123, 124, 125, 126, 127,   0,   1,  95,  97,  98,  99, 100, 101, 102, 103,
    104, 105, 106, 107, 108, 109, 110, 111, 112, 113, 114, 115, 117, 118, 119, 120,
    121, 122, 123, 124, 125, 126, 127,   0,   1,  95,  96,  97,  98,  99, 100, 101,
    102, 103, 104, 105, 106, 107, 108, 109, 110, 111, 112, 113, 114, 115, 117, 118,
    119, 120, 121, 122, 123, 124, 125, 126, 127,   0,   1,  95,  96,  97,  98,  99,
    100, 101, 102, 103, 104, 105, 106, 107, 108, 109, 110, 111, 112, 113, 114, 115,
    117, 118, 119, 120, 121, 122, 123, 124, 125, 126, 127,   0,  96,  97,  98,  99,
    100, 101, 102, 103, 104, 105, 106, 107, 108, 109, 110, 111, 112, 113, 114, 115,
    117, 118, 119, 120, 121, 122, 123, 125, 126, 127, 128,   0,   1,  96,  99, 100,
    101, 102, 103, 104, 105, 106, 107, 108, 109, 111, 112, 113, 114, 115, 117, 118,
    120, 122, 123, 124, 125, 126, 127,   0,  95,  96,  97,  98,  99, 100, 101, 102,
    103, 104, 105, 106, 107, 108, 109, 110, 111, 112, 113, 114, 115, 118, 119, 121,
    122, 125, 127, 128,   0,  96,  97,  98,  99, 100, 101, 103, 104, 105, 106, 107,
    108, 109, 110, 111, 112, 114, 115, 117, 118, 119, 120, 122, 123, 125, 127, 128,
      0,   1,  96,  97,  98,  99, 100, 101, 102, 103, 104, 105, 106, 107, 108, 109,
    110, 111, 112, 114, 117, 118, 119, 120, 121, 122, 123, 125, 126, 127, 128,   0,
      1,  95,  96,  97,  98,  99, 100, 101, 102, 103, 104, 105, 106, 107, 108, 109,
    110, 111, 112, 113, 114, 115, 117, 118, 119, 120, 121, 122, 123, 124, 125, 126,
    127,   0,   1,  95,  96,  97,  98,  99, 100, 101, 102, 105, 106, 107, 108, 109,
    111, 112, 113, 114, 115, 118, 119, 122, 123, 124, 125, 126, 127,
};

static const int8_t edslab_18_regularKernSparseValues[] = {
     -13,  -12,  -12,  -12,  -42,  -24,  -12,  -24,  -48,  -24,  -12,   -6,  -36,  -18,  -12,  -18,
      12,  -24,  -24,  -24,   -6,  -24,    6,    6,    6,    6,    6,  -12,  -12,  -24,   -6,  -12,
     -18,   -6,  -12,   -6,  -66,  -42,   -6,  -18,  -54,  -18,  -12,   -6,  -12,  -24,  -42,  -30,
     -18,  -24,  -36,  -24,  -24,  -24,  -24,  -36,  -18,  -18,  -18,  -18,  -18,  -24,  -18,  -12,
     -24,  -18,  -12,  -12,  -12,  -12,   -6,  -12,  -12,  -18,  -18,  -18,  -24,  -24,   -6,  -18,
       6,  -12,    6,  -24,  -12,  -18,  -12,    6,  -18,  -24,  -24,    6,  -24,   -6,   12,  -18,
     -12,  -12,  -18,   -6,  -18,  -24,    6,  -36,  -30,  -66,  -48,  -60,   -6,    6,  -12,    6,
      -6,  -12,    6,  -12,  -18,  -12,  -12,  -12,    6,   -6,    6,  -18,    6,    6,    6,    6,
       6,  -12,   -6,  -18,  -24,  -18,  -18,  -12,  -18,  -18,   -6,  -18,  -18,  -18,   -6,  -12,
     -18,  -12,  -12,    6,  -12,  -18,    6,  -30,  -12,  -36,  -12,  -12,  -18,  -18,  -18,   -6,
     -12,    6,    6,   -6,   -6,  -18,    6,   -6,   -6,   -6,  -12,  -18,   -6,   -6,   12,   -6,
      -6,   12,    6,   -6,  -24,  -12,  -12,  -18,  -18,   12,  -12,  -12,   -6,  -12,  -12,    6,
      -6,    6,   12,  -12,  -18,   12,  -18,    6,  -12,   -6,   12,  -24,  -24,  -24,  -12,   -6,
      -6,  -18,  -18,  -30,  -12,  -18,  -18,  -12,  -12,  -12,   -6,   -6,  -12,  -18,  -12,  -24,
      -6,  -12,  -18,   -6,    6,   -6,   -6,  -12,  -18,    6,  -18,    6,  -24,  -12,  -18,   -6,
      -6,   -6,   -6,  -24,   -6,  -18,  -30,  -12,   -6,   -6,  -12,    6,  -12,  -12,  -12,   -6,
     -18,   -6,   -6,   -6,  -24,  -42,  -30,  -30,  -18,   -6,  -18,  -42,  -30,   -6,  -42,  -30,
     -42,  -48,  -30,  -12,  -36,  -18,  -48,  -24,   -6,   -6,   -6,  -12,  -24,  -24,  -12,  -12,
     -12,  -12,    6,    6,  -12,  -18,    6,  -18,    6,  -12,  -12,  -12,  -66,  -12,  -24,   -6,
     -42,   -6,  -12,  -12,  -54,  -12,  -12,  -12,  -18,  -12,  -12,  -24,  -60,  -12,  -42,  -18,
     -24,  -84,  -84, -128, -128, -120,   -6,  -12,  -54,  -24,  -24,  -30,  -24,  -18,  -30,  -30,
     -30,  -36,  -60,  -30,  -30,  -42,  -30,  -24,  -30,  -18,  -36,  -36,  -72,  -66,  -54,  -18,
     -18,  -30,  -12,   12,  -24,   -6,    6,  -12,  -12,  -12,  -12,   -6,   12,  -12,  -12,   -6,
      -6,   -6,   -6,    6,   -6,  -18,  -30,  -36,  -30,  -42,   -6,   -6,  -18,    6,    6,    6,
      -6,   -6,  -12,    6,   -6,  -12,   -6,   -6,  -12,    6,   -6,    6,  -12,    6,    6,  -18,
      -6,  -12,  -12,   -6,   -6,  -36,  -12,   -6,  -12,  -12,   -6,   -6,  -24,  -18,  -12,  -12,
     -18,  -18,  -30,  -18,  -12,  -30,  -30,  -36,  -36,  -30,  -12,  -12,  -18,   -6,  -12,  -18,
     -30,   -6,  -12,  -18,  -24,  -24,  -18,   -6,  -24,  -24,  -12,  -18,  -18,  -24,  -36,  -18,
     -24,  -24,  -18,   18,  -42,   -6,    6,   -6,   -6,   18,  -12,   -6,    6,   -6,   -6,   -6,
      -6,   12,   -6,   12,  -12,    6,  -12,  -18,  -36,  -36,  -42,   -6,    6,   -6,   12,   12,
       6,   12,   -6,   -6,   30,   12,  -18,    6,    6,    6,   12,    6,   12,   18,   18,   18,
      18,    6,  -30,   -6,  -18,   -6,  -24,   -6,   -6,    6,   -6,   -6,  -18,  -24,  -24,  -18,
     -24,  -12,   -6,   -6,    6,   -6,   -6,   -6,   -6,    6,  -12,    6,    6,   -6,   -6,  -12,
      -6,  -24,   -6,  -12,  -90,   -6,  -18,  -12,   -6,   -6,  -12,  -12,   -6,  -24,   -6,   -6,
     -30,   -6,  -18,   -6,  -18,  -18,  -24,  -30,  -24,  -18,  -48,  -12,  -30,  -30,  -36,  -18,
     -54,  -18,   -6,  -12,  -18,  -12,  -36,  -36,  -42,  -24,  -36,  -36,  -24,  -24,  -12,  -18,
     -24,  -24,  -30,  -30,  -42,  -36,   -6,    6,  -42,  -24,   -6,  -12,  -18,  -12,    6,  -18,
      -6,   -6,  -12,   -6,  -12,  -12,  -18,  -18,   -6,  -36,  -36,  -48,  -42,  -48,  -24,  -30,
     -12,  -18,  -24,  -18,  -30,  -30,  -18,  -18,  -12,  -18,    6,   -6,  -18,  -18,  -24,  -18,
      -6,  -12,  -18,  -30,  -18,  -12,  -30,  -24,  -12,  -12,  -24,  -24,  -18,  -24,   -6,  -24,
     -36,  -24,  -24,  -24,  -24,  -24,  -30,  -24,  -24,  -24,  -18,  -18,  -24,  -36,  -30,  -30,
     -12,  -18,  -18,  -12,  -18,  -18,  -12,  -18,  -18,  -12,  -12,  -12,  -24,  -24,  -30,  -24,
     -18,  -24,  -24,  -24,  -18,  -24,  -12,  -12,  -24,  -30,  -12,  -24,  -18,  -18,  -24,  -24,
     -24,  -18,  -12,  -24,  -18,  -18,  -24,  -36,  -24,  -18,  -12,    6,    6,  -42,    6,    6,
       6,  -12,  -24,  -24,  -30,   -6,  -12,  -36,    6,    6,   -6,  -24,  -18,   18,   -6,  -30,
     -24,   -6,   -6,   -6,    6,    6,  -12,  -18,   -6,  -24,   -6,  -12,  -24,  -24,   -6,   -6,
     -24,   -6,   -6,   -6,   -6,   -6,   -6,   -6,  -36,   -6,  -24,    6,   -6,  -30,  -36,  -30,
     -36,  -36,   -6,   -6,  -24,   -6,   -6,   -6,  -18,  -12,   -6,  -18,  -30,  -18,  -30,  -18,
     -18,  -18,  -24,   -6,  -18,   -6,  -30,  -24,  -48,  -36,  -48,  -12,  -18,  -12,  -24,   -6,
     -24,  -12,  -24,   -6,   -6,  -12,   -6,   -6,   -6,   -6,   -6,  -18,  -18,   -6,   -6,  -96,
     -54,  -78,  -78,  -90,  -12,   -6,  -36,  -12,   -6,  -18,  -30,  -18,  -36,  -18,  -18,  -12,
     -24,  -12,   -6,  -18,  -24,  -42,  -36,  -42,  -18,  -24,  -12,  -12,  -18,  -18,  -18,  -12,
     -24,  -18,   -6,  -24,  -18,  -24,  -24,  -24,  -12,  -24,  -30,  -24,  -18,  -18,  -18,  -12,
     -12,  -18,  -18,  -18,  -12,  -18,  -12,  -18,  -18,   -6,  -18,  -12,  -18,  -18,  -18,  -18,
     -24,  -18,  -18,  -12,   -6,  -12,  -60,  -24,  -30,  -12,  -18,   -6,  -30,   -6,  -30,   -6,
      -6,  -18,  -42,   -6,  -24,   -6,  -12,  -24,  -24,  -24,  -18,  -18,   -6,  -42,  -42,  -30,
     -30,  -30,  -24,  -42,  -24,  -24,  -30,  -36,  -36,  -36,  -30,  -30,  -36,  -30,  -42,  -24,
     -24,  -24,  -24,  -24,  -30,  -24,  -24,  -42,  -24,  -18,    6,  -66,  -12,    6,  -18,  -18,
     -24,  -24,  -12,   -6,  -24,  -12,  -18,  -24,   -6,  -18,    6,  -30,   -6,  -30,  -36,  -54,
     -54,  -54,  -30,  -18,  -30,   -6,  -12,  -24,    6,   -6,  -24,  -18,  -12,  -12,   -6,  -12,
     -12,   -6,   -6,   -6,   -6,  -30,  -42,  -18,  -24,    6,  -18, -102,   -6,    6,   -6,   -6,
      -6,    6,   -6,   -6,  -12,  -18,  -12,  -12,  -12,   -6,  -18,    6,   -6,    6,  -18,  -24,
     -24,  -30,  -18,  -12,  -48,  -30,  -30,  -18,  -36,  -48,  -24,    6,   -6,  -30,  -12,   -6,
     -12,  -24,  -18,   -6,   12,   -6,  -18,  -30,  -12,  -48,  -48,  -24,  -42,  -36,  -48,  -48,
     -48,  -42,  -30,  -36,  -30,  -36,  -54,  -42,  -42,  -48,  -42,  -60,  -42,  -48,  -42,  -84,
     -78, -102, -102, -114,  -48,  -60,  -72,  -42,  -42,  -36,  -18,  -12,  -66,  -42,  -18,  -66,
     -78,  -60,  -48,  -42,  -36,  -42,  -54,  -24,  -42,  -36,  -42,  -42,  -42,  -48,  -66,  -48,
     -12,  -12,  -12,   -6,  -18,   -6,   -6,  -12,   -6,   -6,   -6,   -6,   -6,  -24,   -6,  -12,
      -6,  -30,  -30,  -48,  -48,  -48,   -6,   -6,  -24,  -18,  -36,  -18,  -12,  -12,  -18,  -12,
      -6,   -6,  -18,  -24,  -24,  -30,  -36,  -18,  -12,  -24,  -12,    6,  -36,  -12,   -6,  -12,
      -6,  -12,  -12,   -6,  -12,  -18,   -6,  -12,  -12,   -6,  -18,   -6,  -30,  -36,  -48,  -42,
     -48,   -6,  -36,    6,    6,  -18,  -12,  -18,  -12,  -18,  -24,  -24,  -18,  -18,  -24,  -24,
      -6,   -6,  -24,  -24,  -24,  -12,  -30,  -18,  -36,  -78,  -24,  -24,  -12,  -18,  -12,  -24,
     -12,  -12,  -42,  -12,  -18,  -12,  -12,  -30,  -12,  -18,  -12,  -12,  -24,  -30,  -30,  -36,
     -24,  -30,  -60,  -30,  -48,  -54,  -48,  -36,  -54,  -18,  -18,  -30,  -30,  -30,  -54,  -54,
     -42,  -36,  -48,  -66,  -48,  -30,  -42,  -42,  -42,  -54,  -60,  -24,  -54,  -36,  -24,  -90,
     -18,  -36,  -24,  -18,  -18,  -30,  -18,  -18,  -36,  -18,  -18,  -18,  -12,  -42,  -24,  -30,
     -18,  -24,  -24,  -30,  -30,  -30,  -24,  -30,  -54,  -42,  -48,  -36,  -36,  -42,  -60,  -36,
     -24,  -42,  -30,  -30,  -36,  -48,  -42,  -36,  -36,  -48,  -30,  -30,  -30,  -36,  -30,  -42,
     -42,  -36,  -54,  -30,  -36, -126,  -12,  -48,  -12,  -18,  -18,  -54,  -24,  -18,  -60,  -12,
     -24,  -18,  -24,  -48,  -12,  -60,  -18,  -24,  -36,  -24,  -30,  -30,  -24,  -24,  -78,  -36,
     -78,  -72,  -66,  -48,  -72,  -30,  -42,  -60,  -36,  -36,  -78,  -66,  -78,  -60,  -66,  -66,
     -60,  -42,  -54,  -60,  -60,  -60,  -78,  -36,  -78,  -48,  -48, -120,  -18,  -42,  -18,  -24,
     -18,  -48,  -18,  -12,  -54,  -18,  -18,  -24,  -24,  -54,  -30,  -48,  -18,  -24,  -24,  -24,
     -30,  -24,  -24,  -30,  -60,  -36,  -72,  -78,  -60,  -36,  -84,  -36,  -42,  -60,  -48,  -48,
     -60,  -60,  -66,  -48,  -60,  -60,  -54,  -42,  -48,  -60,  -48,  -66,  -72,  -30,  -66,  -54,
     -42,  -96,  -24,  -48,  -18,  -18,  -18,  -42,  -12,  -12,  -54,  -12,  -18,  -24,  -18,  -66,
     -24,  -54,  -24,  -36,  -24,  -30,  -30,  -30,  -30,  -36,  -84,  -42,  -72,  -72,  -72,  -66,
     -84,  -42,  -48,  -66,  -48,  -48,  -66,  -78,  -78,  -60,  -66,  -72,  -72,  -54,  -54,  -66,
     -66,  -66,  -78,  -30,  -84,  -60,  -36,   -6,  -36,  -12,   -6,   -6,  -24,   -6,   -6,  -12,
     -12,   -6,  -12,  -12,  -30,  -12,  -30,   -6,  -12,  -30,  -30,  -24,  -24,  -30,  -12,   -6,
     -36,  -12,   -6,  -18,   -6,  -24,  -24,  -42,  -30,  -30,  -18,  -18,  -12,  -36,  -24,   -6,
     -36,  -30,  -42,  -48,  -60,  -24,  -18,  -30,   -6,  -12,  -24,  -48,  -24,  -18,  -24,  -30,
     -24,  -30,  -24,  -42,  -30,  -48,  -24,  -30,  -36,  -30,  -24,  -24,  -18,  -36,  -36,  -48,
     -48,  -48,  -24,  -30,    6,  -12,  -36,    6,  -12,  -12,  -18,  -12,  -30,  -36,  -18,  -18,
     -18,  -18,   -6,   -6,  -12,  -12,  -24,  -12,  -24,   -6,   -6,    6,  -18,  -36,   -6,   -6,
      -6,  -12,  -24,  -24,  -24,  -30,  -18,  -18,   -6,  -12,   -6,  -18,   -6,  -18,  -12,  -18,
     -18,  -24,  -18,  -24,  -24,  -18,  -30,  -24,  -12,  -24,  -12,  -12,  -12,  -24,  -36,  -24,
     -30,  -18,  -18,  -24,  -30,  -12,  -18,  -12,  -24,  -30,  -36,  -30,  -42,  -24,  -24,   -6,
     -12,    6,  -24,  -42,  -24,  -12,  -18,   -6,  -18,  -24,  -24,  -18,  -12,   -6,  -18,  -18,
      -6,   -6,  -12,  -12,  -18,  -18,  -18,  -30,   30,   -6,  -30,   -6,  -24,  -24,  -24,  -42,
     -30,  -18,  -30,  -18,  -12,  -36,  -36,  -30,  -24,  -24,  -42,   -6,  -36,  -72,  -72,  -54,
     -96,  -24,  -66,  -12,  -18,   -6,  -24,  -48,  -24,  -12,  -18,  -18,   -6,  -30,   -6,   12,
     -42,  -42,  -18,  -30,  -24,   -6,  -24,  -30,  -24,  -12,  -12,  -12,  -12,  -18,  -24,  -30,
     -24,  -36,   -6,  -12,  -42,  -12,  -12,  -12,  -24,  -12,   -6,  -12,  -24,  -18,  -30,  -18,
     -18,  -12,  -18,   -6,  -18,  -24,  -24,  -30,  -30,  -42,  -12,  -24,  -18,  -24,  -12,  -36,
     -12,  -12,  -12,  -18,  -18,  -18,   -6,  -18,  -30,  -42,  -18,  -12,  -12,  -24,   -6,  -18,
      -6,  -24,  -24,  -36,  -36,  -42,  -18,  -18,    6,   12,  -36,    6,    6,    6,    6,  -12,
      12,  -24,  -30,   -6,   -6,    6,    6,    6,   -6,    6,  -12,  -12,  -12,  -12,  -12,  -18,
     -30,  -18,  -12,  -42,   -6,  -18,  -12,  -18,  -12,   -6,  -12,  -18,  -18,  -42,  -12,  -12,
     -12,  -12,   -6,  -12,  -12,  -18,  -18,  -24,  -30,  -36,  -12,  -18,   -6,   -6,  -24,  -36,
     -18,  -18,   -6,  -24,  -18,  -12,  -18,  -30,  -18,  -36,  -18,  -12,  -24,  -24,  -12,  -24,
      -6,  -24,  -24,  -36,  -36,  -24,  -12,  -18,   -6,   -6,   -6,   -6,  -42,   -6,  -12,  -24,
     -12,   -6,  -12,  -30,  -18,  -36,  -12,  -12,  -12,  -18,  -12,   -6,  -18,  -18,  -30,  -30,
     -36,   -6,  -12,  -18,  -12,  -12,  -42,   -6,  -12,   -6,  -18,   -6,  -18,  -12,  -24,  -18,
     -36,  -12,  -12,   -6,  -18,   -6,  -18,  -18,  -30,  -36,  -36,  -42,   -6,  -12,  -12,   12,
     -30,    6,    6,  -12,  -12,  -18,  -12,  -30,  -24,  -12,  -18,    6,  -12,    6,  -18,    6,
     -12,   -6,   -6,  -18,  -24,  -18,  -24,   -6,   -6,    6,  -12,  -36,    6,    6,    6,  -12,
     -18,  -18,  -12,  -30,  -30,  -12,  -12,  -12,    6,  -18,   -6,  -12,  -12,  -18,  -24,  -12,
     -24,   -6,  -12,    6,  -36,   -6,    6,  -18,   36,  -12,  -30,   -6,   -6,   -6,   24,    6,
      -6,   -6,   -6,   -6,   -6,   -6,   -6,   -6,   -6,  -12,   -6,  -30,  -42,   -6,   -6,   -6,
      -6,  -18,  -36,  -12,  -42,  -30,  -12,  -18,  -12,   -6,  -12,  -18,    6,   -6,   -6,  -12,
     -18,  -24,  -24,   -6,  -36,    6,  -12,  -12,  -12,    6,  -12,  -18,  -30,   -6,  -12,   -6,
     -12,    6,  -12,   -6,  -12,  -12,  -18,  -18,  -12,  -18,  -12,  -36,  -30,   -6,   -6,  -18,
     -30,  -18,  -30,   -6,   -6,    6,  -18,    6,  -12,    6,  -30,  -18,  -36,  -30,  -54,  -12,
     -18,  -18,  -12,  -12,  -42,  -18,  -12,  -12,  -18,   -6,  -18,  -12,  -18,  -24,  -36,  -18,
     -12,  -18,  -18,   -6,   -6,   -6,  -18,  -18,  -24,  -24,  -30,   -6,  -18,  -18,  -42,  -48,
     -24,  -24,  -36,  -36,  -42,  -36,   -6,  -24,  -48,  -36,  -24,  -30,  -30,  -12,  -30,  -24,
     -12,  -18,  -12,  -12,  -18,  -18,  -36,  -48,  -36,  -24,  -42,  -30,  -24,  -30,  -24,  -24,
     -36,  -48,  -18,  -30,  -42,  -30,  -24,  -30,  -36,  -12,  -24,  -30,  -18,  -18,   -6,  -18,
     -12,  -24,  -30,  -42,  -36,  -18,  -42,  -30,  -24,  -24,  -24,  -24,  -42,  -42,  -18,  -24,
     -42,  -42,  -30,  -30,  -36,  -18,  -24,  -36,  -12,  -12,  -18,  -18,  -18,  -24,  -30,  -36,
     -54,   -6,  -12,  -30,   -6,  -12,   -6,  -12,  -12,  -12,  -24,   -6,   -6,   -6,   -6,   -6,
      -6,   -6,  -12,  -12,  -18,  -12,  -12,   -6,  -24,  -24,  -12,   -6,   -6,   -6,   -6,  -12,
      -6,   -6,   -6,   -6,  -12,  -12,   -6,  -12,   -6,  -42,  -30,   -6,  -30,  -18,  -30,   -6,
     -30,  -24,  -12,  -30,  -42,  -42,  -30,   -6,  -24,   -6,  -36,  -24,  -24,  -30,  -84,  -66,
     -36,  -24,  -96,  -18,  -18,  -36,  -18,  -18,  -18,  -18,  -12,   -6,  -12,  -18,  -18,  -36,
     -18,  -30,  -24,  -36,  -36,  -18,  -18,  -18,  -18,  -18,  -18,  -36,  -18,  -48,  -54,  -30,
     -18,  -72,  -18,  -18,  -36,  -18,  -18,  -18,  -18,  -12,  -18,   -6,    6,   -6,  -18,   -6,
      -6,   -6,  -12,   -6,   -6,  -24,  -12,  -12,   -6,   -6,   -6,  -18,    6,  -18,  -36,   12,
     -12,  -24,   -6,  -12,  -12,   -6,  -18,    6,   -6,    6,   18,  -30,   18,    6,   18,   -6,
      18,   12,  -12,   12,   -6,    6,  -18,    6,   -6,   -6,   18,    6,   -6,  -18,   -6,   -6,
      -6,   -6,   -6,    6,   -6,  -18,  -18,   -6,   -6,   -6,   18,   -6,   -6,    6,   -6,  -18,
       6,  -12,  -24,   -6,   -6,  -12,   -6,   -6,    6,  -12,    6,   18,  -18,   18,    6,    6,
      18,   -6,   18,   12,   -6,   12,   -6,    6,   12,   18,  -18,   -6,  -96,   -6,   -6,   -6,
     -30,   -6,   -6,  -24,   -6,   -6,   -6,  -54,   -6,   -6,  -12,   -6,  -12,   -6,   -6,   -6,
      -6,   -6,   -6,   -6,   -6,   -6,   -6,   -6,  -24,   -6,  -24,  -48,  -36,  -24,  -36,  -72,
     -36,  -48,  -54,  -24,  -24,  -30,  -66,  -36,  -42,  -48,  -48,  -36,  -36,  -18,  -24,  -48,
     -36,  -36,  -36,  -36,  -18,  -30,  -30,  -36,  -36,  -54,  -36,  -24,  -12,   -6,  -30,   -6,
      -6,   -6,  -30,   -6,   -6,  -18,   -6,   -6,   -6,   -6,   -6,   -6,  -18,   -6,   -6,  -18,
      -6,  -24,  -12,   -6,  -12,   -6,   -6,   -6,   -6,  -18,   -6,  -12,  -12,  -12,  -12,  -12,
     -12,  -12,  -12,  -12,  -24,  -30,  -18,  -12,  -12,  -12,   -6,   -6,  -24,  -18,   -6,  -12,
      -6,  -12,   -6,   -6,  -18,  -12,   -6,   -6,   -6,  -12,  -12,   -6,   -6,   -6,   -6,   -6,
     -18,   -6,   -6,   -6,  -18,   -6,  -18,  -24,   -6,   -6,   -6,  -12,   -6,   -6,  -24,   -6,
      -6,  -24,   -6,  -24,  -24,   -6,  -24,   -6,   -6,  -18,   -6,   -6,  -18,   -6,   -6,   -6,
     -18,  -12,  -18,  -18,  -18,  -12,  -12,  -18,  -18,  -18,  -18,  -18,  -24,  -24,  -48,  -18,
     -54,  -18,  -18,  -18,  -18,  -18,  -18,  -18,  -18,   -6,  -18,   -6,  -36,   -6,   -6,   -6,
     -30,   -6,   -6,   -6,   -6,   -6,   -6,   -6,   -6,  -12,   -6,   -6,   -6,  -36,    6,   -6,
     -36,   -6,   -6,   -6,   -6,   -6,   -6,   -6,  -12,    6,  -12,   12,  -12,   -6,   -6,  -12,
      12,  -12,   12,   -6,    6,   -6,   -6,   -6,   -6,    6,   -6,   12,  -12,  -12,  -24,  -30,
      -6,   -6,   -6,   -6,  -12,  -18,   -6,  -12,  -24,  -12,  -24,  -12,  -12,   -6,  -18,  -18,
     -24,  -12,  -24,  -12,  -12,  -12,  -12,  -12,  -12,  -12,  -24,  -12,  -24,  -30,  -24,  -18,
     -48,  -30,  -12,  -12,  -12,  -12,  -12,  -24,  -24,  -18,   -6,   -6,   -6,  -12,   -6,  -12,
      -6,  -18,   -6,  -24,  -12,   -6,  -18,  -18,  -24,  -12,  -24,  -12,  -12,  -12,  -24,  -12,
     -24,  -30,  -24,  -18,  -48,  -30,  -12,  -12,  -12,  -12,    6,  -12,  -12,   -6,  -12,  -18,
     -18,   -6,   -6,  -18,   -6,  -24,  -18,  -18,   -6,  -12,  -12,   -6,    6,   -6,   -6,  -18,
       6,  -12,  -12,  -12,  -12,   -6,  -12,   -6,   -6,    6,   -6,  -18,    6,  -12,  -48,    6,
      -6,  -48,   -6,   -6,  -18,   -6,   -6,  -12,   -6,  -12,    6,   -6,  -12,  -18,  -24,  -12,
     -18,  -12,  -12,  -12,  -18,  -18,  -12,  -24,  -18,  -18,   -6,  -12,  -18,  -18,  -18,  -18,
     -18,  -12,  -12,  -12,   -6,  -18,   -6,  -18,  -30,   -6,  -42,  -30,   -6,  -12,  -12,  -30,
     -24,  -12,  -18,  -12,   -6,  -12,  -18,  -18,   -6,  -24,  -12,  -18,  -12,  -18,  -12,  -12,
     -18,  -18,  -12,  -18,  -18,  -12,   -6,  -18,   -6,  -18,  -36,   -6,  -42,  -24,   -6,  -12,
     -12,  -18,  -18,  -12,  -12,  -18,  -12,  -12,  -18,  -12,  -12,  -18,  -12,  -12,  -12,  -12,
     -12,  -12,  -12,  -12,  -12,  -12,  -12,  -12,  -12,   -6,  -24,   -6,  -12,  -24,  -18,  -42,
     -24,  -12,  -12,  -12,   -6,  -48,  -12,  -12,  -12,  -42,  -18,  -18,   -6,  -12,  -12,   -6,
     -12,   -6,  -12,   12,   -6,  -18,   12,  -18,  -36,   18,  -12,  -30,   -6,   -6,  -12,   -6,
      -6,  -12,   -6,   -6,   24,    6,    6,  -30,    6,    6,   12,   12,    6,  -24,   -6,   12,
      12,   -6,    6,   -6,    6,  -18,    6,  -12,  -12,  -24,  -18,   -6,  -12,  -12,  -12,   -6,
     -12,  -12,   -6,  -24,  -12,  -18,  -12,  -12,  -12,  -18,  -12,  -12,  -12,  -12,  -12,  -12,
      -6,  -24,   -6,  -18,  -24,  -12,  -12,  -36,  -18,   -6,  -12,   -6,  -18,  -96,  -48,  -12,
      -6,   -6,  -18,  -12,  -42,    6,  -30,    6,   -6,  -30,   -6,   -6,   -6,   -6,  -18,    6,
     -24,  -12,  -18,  -12,  -12,  -36,   -6,   -6,  -12,   -6,   -6,  -12,  -12,  -12,   -6,   -6,
      -6,   -6,  -12,  -18,  -12,  -48,  -12,  -24,  -12,   -6,  -30,   -6,   -6,   -6,  -30,   -6,
     -12,   -6,  -24,  -24,  -12,   -6,  -12,  -12,   -6,   -6,  -12,    6,  -12,  -36,   -6,   -6,
     -36,   -6,   -6,   -6,   -6,   -6,   -6,   -6,   -6,   -6,    6,  -12,   -6,  -24,  -24,  -18,
     -18,  -12,  -18,  -12,   -6,   -6,   -6,  -12,    6,  -18,   -6,  -12,  -24,  -12,   -6,  -12,
      -6,  -12,  -24,  -84,   -6,  -48,   -6,  -12,  -18,   -6,  -12,  -48,  -12,  -12,  -12,   -6,
     -18,  -12,  -24,  -12,   -6,  -12,  -36,  -36,  -24,  -24,  -18,  -54,  -18,  -36,  -24,  -12,
     -12,  -18,  -54,  -12,  -18,  -30,  -12,  -36,  -30,   -6,  -12,  -36,  -30,  -42,  -18,  -12,
     -12,  -24,  -36,  -36,  -36,  -42,  -18,  -30,  -42,  -18, -114,  -12,  -12,  -12,  -54,  -18,
     -18,  -18,  -18,  -24,  -12,  -60,  -12,  -12,  -48,   -6,   -6,  -42,  -12,  -36,  -42,  -18,
     -36,   -6,   -6,  -12,  -12,  -12,  -30,  -24,  -36,  -84,  -66,  -66,  -72,  -96,  -60,  -78,
     -54,  -48,  -48,  -78,  -96,  -72,  -66,  -78,  -72,  -60,  -78,  -54,  -66,  -84,  -72,  -66,
     -78,  -66,  -60,  -72,  -78,  -84,  -78, -102,  -60,  -60,    6,  -12,  -48,  -12,  -12,  -12,
     -42,  -12,  -12,  -12,  -18,  -18,  -24,  -12,  -18,   -6,   18,  -12,  -12,   24,   -6,  -30,
       6,   -6,  -36,  -12,   -6,   -6,   -6,   -6,  -24,   -6,   18,  -24,   12,    6,    6,    6,
     -24,   12,   12,    6,    6,   -6,   -6,   -6,  -12,   12,  -18,  -24,  -12,  -48,  -12,  -12,
     -12,  -48,  -12,  -12,  -30,  -12,  -12,  -12,  -12,  -66,  -12,  -48,  -12,  -24,  -24,  -30,
     -30,  -30,  -42,  -18,  -24,  -30,  -18,  -18,  -24,  -24,  -18,  -18,  -36,  -36,  -24,  -36,
     -24,  -18,  -30,  -36,  -18,  -18,  -18,  -36,  -36,  -66,  -66,  -72,  -18,  -30,  -30,  -12,
     -36,  -24,  -12,  -24,  -18,  -18,  -12,  -24,  -18,  -12,  -24,  -12,  -30,  -12,  -12,  -12,
     -12,  -12,  -18,  -18,  -24,  -12,  -18,  -12,  -24,  -18,  -18,  -12,  -12,  -12,   -6,  -12,
     -18,   -6,  -18,  -30,   -6,  -12,  -30,  -12,  -12,  -18,   -6,   -6,  -12,  -12,   -6,  -12,
     -12,  -24,  -36,  -12,  -18,  -18,  -18,  -12,  -36,  -18,   -6,  -24,  -24,  -24,  -12,   -6,
     -18,   -6,  -12,   -6,   -6,   -6,  -18,   -6,  -12,  -12,  -18,  -18,   -6,  -12,   -6,   -6,
     -12,   -6,  -18,   -6,  -12,  -24,   -6,   -6,  -30,   -6,   -6,  -12,   -6,   -6,   -6,   -6,
      -6,   -6,  -12,  -24,  -24,   -6,  -12,  -12,  -12,  -12,  -18,  -12,  -30,   -6,   -6,  -30,
     -12,  -12,   -6,  -18,  -12,   -6,   -6,   -6,   -6,   -6,  -18,   -6,  -12,  -24,  -12,   -6,
     -30,   -6,   -6,   -6,   -6,  -12,  -30,  -24,   -6,   -6,  -18,  -18,  -12,  -18,   -6,  -12,
     -24,  -12,  -24,  -12,  -18,  -12,   -6,   -6,  -24,   -6,   -6,  -12,  -12,   -6,  -12,   -6,
      -6,  -12,   -6,  -18,   -6,  -12,  -18,  -18,  -12,  -36,  -18,   -6,   -6,   -6,   -6,   -6,
     -30,    6,   -6,  -18,   -6,   -6,   -6,  -30,   -6,  -18,  -18,  -12,  -12,   -6,    6,   -6,
      -6,    6,  -60,  -48,   12,   -6,  -66,   -6,   -6,  -30,   -6,   -6,    6,   -6,    6,   30,
      -6,  -30,   12,   -6,   -6,   -6,   -6,   -6,   18,   -6,   -6,   12,   12,   -6,   12,   -6,
     -18,    6,   -6,   -6,    6,   -6,   12,   -6,  -12,  -24,  -24,   -6,   -6,   -6,   -6,  -12,
      -6,  -18,   -6,  -24,   -6,   -6,   -6,   -6,  -24,  -12,  -12,   -6,  -12,  -12,   -6,  -12,
     -12,  -18,  -12,  -18,  -18,  -24,  -18,   -6,   -6,  -30,    6,  -12,  -24,   -6,   -6,   -6,
     -30,  -12,   -6,  -24,  -18,  -12,   -6,  -12,    6,   -6,   -6,   18,  -60,  -54,   12,   -6,
     -66,   -6,   -6,  -36,   -6,   -6,    6,   -6,   18,   18,  -24,   12,   -6,   12,   -6,   12,
       6,   -6,   12,   -6,   -6,   -6,   -6,    6,   -6,   12,   -6,  -12,    6,   -6,  -42,   -6,
      -6,   -6,  -24,   -6,   -6,   -6,  -24,  -24,   -6,   -6,   -6,   -6,   12,   -6,   -6,   12,
      -6,  -24,   18,  -12,  -36,  -12,  -12,   -6,   -6,   -6,    6,  -12,   -6,    6,   18,  -24,
      12,   -6,   12,  -12,   12,   12,    6,    6,   -6,   12,   -6,   12,  -18,   -6,    6,  -12,
     -30,  -12,   -6,   -6,  -30,  -12,   -6,   -6,  -18,  -18,  -12,  -12,  -18,  -12,   12,  -12,
     -12,    6,  -12,  -30,   18,  -12,  -36,  -12,  -12,  -12,  -12,  -12,    6,  -12,   -6,   24,
      -6,  -30,   12,    6,  -24,   -6,   -6,   12,    6,    6,   -6,  -12,   12,  -18,  -12,  -30,
     -30,  -12,  -18,  -12,  -12,   -6,  -18,  -12,   -6,  -24,  -12,  -30,  -12,  -12,   -6,  -12,
     -24,   -6,  -12,  -12,  -18,  -18,  -18,  -18,  -24,   -6,  -12,  -30,  -18,  -36,  -24,  -18,
      -6,   -6,  -18,  -18,   -6,  -12,  -12,  -12,   -6,  -18,  -18,   -6,   -6,   -6,  -12,  -30,
      -6,  -12,  -30,   -6,  -42,   -6,  -18,  -12,   -6,  -12,  -12,    6,   18,  -24,   18,   -6,
       6,   -6,   -6,   12,   -6,   12,  -18,   12,  -18,   12,   -6,   -6,    6,   -6,   12,  -18,
     -18,    6,   12,   -6,   -6,  -12,    6,  -12,   -6,   -6,   -6,   -6,   -6,    6,  -12,   12,
      -6,    6,  -12,    6,   -6,    6,   -6,   -6,    6,  -12,  -24,   -6,  -12,  -48,   -6,  -18,
     -12,  -18,  -42,   -6,   -6,   -6,   -6,   -6,   -6,   -6,   -6,  -12,   -6,   -6,  -12,   -6,
      -6,   -6,  -24,  -30,  -24,  -24,  -12,  -12,  -18,  -18,  -18,  -18,  -18,  -18,  -30,  -24,
     -18,  -18,   -6,  -12,  -18,   -6,  -24,  -18,  -24,  -24,  -24,   -6,  -42,  -12,  -12,  -30,
     -12,  -12,  -18,   -6,   -6,  -18,  -18,    6,    6,   18,   -6,   -6,  -12,   12,  -12,  -12,
      -6,   -6,   -6,   12,   -6,   -6,   12,  -12,   12,  -12,   -6,   -6,   -6,   -6,   12,  -18,
     -12,   -6,   -6,   -6,  -12,  -12,  -12,  -12,   -6,   -6,  -18,   -6,  -12,  -12,  -12,  -12,
      -6,  -18,   -6,  -12,  -24,  -12,   -6,  -30,   -6,   -6,  -18,   -6,   -6,  -12,   -6,  -12,
      -6,  -18,   -6,   12,   -6,  -18,   12,   -6,    6,   -6,   -6,   -6,   -6,   -6,    6,  -12,
       6,  -12,   -6,  -12,   -6,   -6,   12,   -6,  -24,  -12,  -12,  -12,  -12,  -24,  -18,  -18,
     -18,  -36,  -36,  -12,   -6,  -18,  -12,  -12,  -12,  -24,  -12,  -24,  -36,  -24,  -12,  -36,
      -6,   -6,  -24,  -12,  -12,  -18,   -6,  -12,  -18,   -6,  -24,  -12,  -12,   -6,  -12,   -6,
     -18,  -12,  -12,  -12,  -36,  -36,  -12,  -12,  -12,   -6,  -30,  -12,  -24,  -24,  -18,  -12,
     -36,  -30,   -6,  -12,   -6,  -12,  -12,   -6,  -24,   -6,   -6,   -6,   -6,   -6,  -12,   -6,
     -12,   -6,  -18,  -12,  -12,  -12,   -6,   -6,  -24,   -6,  -12,  -24,  -12,  -48,   -6,   -6,
      -6,   -6,   -6,  -30,  -12,  -12,  -12,   -6,   -6,  -24,  -18,   -6,  -12,  -18,  -18,   -6,
      -6,   -6,   -6,  -18,   -6,  -24,   -6,  -18,  -36,  -24,   -6,  -36,   -6,   -6,  -18,   -6,
     -12,   -6,   -6,  -12,   -6,  -12,  -12,   -6,    6,  -18,   -6,  -12,   -6,   -6,  -12,   -6,
     -12,  -12,   -6,  -18,  -12,  -18,   -6,   -6,   -6,   -6,  -12,  -12,  -24,  -18,  -12,  -12,
     -12,  -12,   -6,  -12,   -6,  -24,  -18,  -18,   -6,  -18,  -18,  -24,   -6,   -6,  -12,   -6,
      -6,  -18,   12,  -18,  -18,  -36,   12,  -12,   -6,  -12,  -12,  -18,  -18,  -24,  -24,    6,
     -12,  -18,    6,  -12,  -18,  -18,  -24,   -6,  -12,  -12,  -12,   -6,   -6,  -12,    6,  -18,
     -18,  -12,    6,  -24,   -6,   -6,   -6,   -6,   -6,   -6,   -6,   -6,  -24,   -6,  -24,   -6,
      -6,  -18,  -18,   -6,  -12,   -6,   -6,   -6,  -12,   -6,   -6,  -30,  -12,   12,  -12,  -12,
     -30,  -24,   -6,  -12,   -6,  -12,  -18,   -6,  -18,   -6,  -12,  -12,   -6,  -12,    6,   -6,
     -24,   -6,   -6,  -12,  -12,  -12,  -12,    6,  -18,  -12,   -6,   -6,    6,   -6,   -6,  -18,
      -6,   -6,   -6,   -6,   -6,  -12,  -12,   -6,    6,   -6,    6,   -6,  -18,   -6,   -6,  -18,
      -6,   -6,   -6,   -6,   -6,    6,  -12,   -6,  -24,    6,  -12,  -12,  -48,  -12,  -24,  -12,
     -12,  -12,  -18,  -42,  -18,  -18,   -6,   -6,  -18,  -12,  -12,  -12,  -12,  -18,  -12,  -12,
     -12,   -6,  -24,  -18,  -12,  -12,  -30,  -12,  -30,  -12,  -18,  -24,   -6,  -18,  -18,  -60,
     -18,  -24,  -24,  -12,  -12,  -18,  -48,  -24,  -12,  -18,  -12,   -6,  -18,   -6,  -12,  -30,
     -12,  -12,  -12,  -12,   -6,  -12,  -12,  -18,  -18,  -36,  -18,  -30,  -30,   12,  -12,  -12,
     -36,   12,  -24,   -6,   -6,   -6,  -18,  -12,  -24,  -18,    6,  -24,  -12,   12,   -6,  -18,
     -12,  -18,  -12,  -18,  -18,  -12,  -18,  -12,   12,  -18,  -12,  -24,  -48,  -24,  -24,  -30,
     -18,  -24,  -24,  -12,  -24,  -18,  -36,  -18,  -18,  -30,  -18,  -24,  -24,  -18,  -18,  -24,
     -18,  -18,  -24,  -24,  -24,  -12,  -18,   -6,   -6,   -6,  -30,  -18,  -18,   -6,  -12,  -12,
      -6,  -18,   -6,   -6,   -6,   -6,  -12,   -6,  -12,  -18,  -12,   -6,  -24,   -6,   -6,   -6,
      -6,   -6,  -12,   -6,   -6,  -12,   -6,  -18,  -12,   -6,   -6,  -30,  -18,  -24,  -24,  -18,
     -18,   -6,  -18,   -6,   -6,  -18,   -6,  -18,  -12,   -6,  -12,  -24,   -6,  -18,   -6,   -6,
      -6,   -6,   -6,  -12,   -6,   -6,  -18,   -6,  -12,   -6,    6,   -6,   -6,  -30,  -18,  -12,
     -18,  -12,  -12,   -6,  -12,   -6,   -6,   -6,   -6,  -12,   -6,   -6,  -18,  -24,   -6,  -30,
      -6,   -6,   -6,   -6,   -6,  -24,   -6,  -12,   -6,  -12,  -12,  -18,   -6,   -6,   -6,  -30,
     -12,  -18,  -12,  -18,  -18,   -6,  -30,   -6,   -6,  -18,  -12,  -24,  -12,   -6,  -24,  -18,
      -6,  -24,   -6,   -6,   -6,   -6,   -6,  -18,   -6,  -12,  -12,  -18,    6,  -12,   -6,  -18,
       6,  -12,   -6,  -12,  -12,  -12,   -6,  -12,  -12,   12,  -12,  -24,    6,  -12,  -30,    6,
      -6,  -48,   -6,   -6,   -6,   -6,  -12,   -6,   -6,    6,  -12,   -6,  -12,    6,  -30,   -6,
     -12,   -6,  -18,  -18,   -6,  -12,  -12,   -6,  -12,   -6,   -6,   -6,  -18,  -18,   -6,  -18,
      -6,   -6,   -6,   -6,   -6,   -6,   -6,  -24,    6,   12,   -6,   -6,  -30,   12,   -6,   -6,
      -6,  -12,  -12,   -6,   -6,   -6,   12,   -6,  -18,    6,  -12,  -42,    6,  -48,   -6,   -6,
      -6,   -6,   12,   -6,  -18,   18,  -18,  -18,  -36,    6,   -6,   -6,   -6,  -12,  -12,   -6,
      -6,    6,  -12,  -12,    6,  -12,   -6,  -12,  -18,   -6,   -6,   -6,  -12,  -12,    6,  -12,
     -24,    6,   12,  -12,  -12,  -30,    6,  -18,   -6,   -6,   -6,  -18,  -12,  -18,  -12,    6,
     -12,  -18,    6,  -12,  -12,  -18,  -12,  -12,   -6,  -12,  -12,   -6,   -6,    6,  -18,  -18,
     -12,  -18,   -6,   -6,   -6,  -30,  -18,  -24,  -24,  -12,  -12,   -6,  -18,   -6,   -6,  -18,
      -6,  -18,   -6,   -6,  -24,  -24,   -6,  -36,   -6,   -6,   -6,   -6,   -6,   -6,   -6,  -12,
     -18,  -18,    6,   -6,   12,   -6,   -6,  -30,   12,  -12,   -6,   -6,  -18,  -12,   -6,    6,
     -12,    6,   -6,   -6,    6,  -18,   -6,  -12,  -12,   -6,   -6,  -12,   12,
};

static const EpdFontData edslab_18_regular = {
    edslab_18_regularBitmaps,
    edslab_18_regularGlyphs,
    edslab_18_regularIntervals,
    55,
    46,
    35,
    -11,
    true,
    edslab_18_regularGroups,
    11,
    nullptr,
    nullptr,  // kernLeftClasses: built-in fonts use the split arrays below
    nullptr,  // kernRightClasses
    edslab_18_regularKernLeftCodepoints,
    edslab_18_regularKernLeftClassIds,
    edslab_18_regularKernRightCodepoints,
    edslab_18_regularKernRightClassIds,
    nullptr,  // kernMatrix: built-in fonts use the sparse form below
    edslab_18_regularKernRowOffsets,
    edslab_18_regularKernSparseCols,
    edslab_18_regularKernSparseValues,
    129,
    129,
    129,
    129,
    nullptr,
    0,
};
