/**
 * generated by fontconvert.py
 * name: edslab_16_regular
 * size: 16
 * mode: 2-bit  compressed: true
 * Command used: fontconvert.py edslab_16_regular 16 ../builtinFonts/source/EdsLab/EdsLab-Regular.ttf --2bit --compress --pnum --zopfli
 */
#pragma once
#include "EpdFontData.h"

static const uint8_t edslab_16_regularBitmaps[15940] = {
    0xB5, 0x99, 0x01, 0xA4, 0x2D, 0xD7, 0x7A, 0x80, 0xBF, 0xD9, 0xF3, 0x6E, 0xB6, 0x97, 0xA1, 0x13,
    0x24, 0xA2, 0xE2, 0x75, 0x8A, 0x47, 0xA5, 0xEF, 0x25, 0x03, 0x2D, 0x45, 0xEE, 0x5E, 0x2B, 0xA0,
    0x28, 0x5C, 0x64, 0xE7, 0xF2, 0x2E, 0x6E, 0x01, 0x25, 0x38, 0xC5, 0x43, 0x70, 0xCF, 0x9E, 0xD1,
    0x02, 0x8A, 0x04, 0x69, 0xD1, 0x20, 0xC5, 0x2B, 0xAD, 0xE2, 0x16, 0x45, 0xB0, 0xCF, 0xDE, 0xF3,
    0x5E, 0x01, 0x0F, 0x9D, 0x78, 0x8D, 0x22, 0xC8, 0x78, 0xCD, 0xED, 0x93, 0x3E, 0xBC, 0x69, 0x33,
    0xB7, 0x99, 0x73, 0xBB, 0xF6, 0xAC, 0xAE, 0xFF, 0x5F, 0x7B, 0xDF, 0xB3, 0xCF, 0xBD, 0x49, 0xEE,
    0x69, 0xDA, 0xEC, 0xBB, 0xE6, 0xFB, 0xE7, 0xAC, 0xF9, 0xD7, 0x5A, 0xFF, 0xFF, 0xAF, 0x7F, 0xD6,
    0xCC, 0xAC, 0xBB, 0x7E, 0xEC, 0x07, 0xA7, 0xDE, 0x9F, 0x8E, 0x8B, 0xE3, 0x7F, 0x24, 0x03, 0x79,
    0xCD, 0xAC, 0xA7, 0xB0, 0xA4, 0x3D, 0x25, 0xA4, 0x1D, 0x06, 0xE6, 0x2D, 0x0B, 0xC8, 0x5A, 0x56,
    0x3C, 0x77, 0xFB, 0xC3, 0xE5, 0xE6, 0x35, 0xE3, 0xC3, 0xCF, 0x45, 0x52, 0x5A, 0x46, 0x28, 0xA5,
    0x35, 0x46, 0x5A, 0xB3, 0x90, 0xD6, 0x9C, 0x4A, 0x6B, 0xD6, 0xD2, 0xDA, 0xCB, 0xAF, 0x8F, 0x7C,
    0xFD, 0x7C, 0x79, 0xF2, 0xE1, 0x8D, 0x2F, 0x1D, 0xA4, 0x61, 0x05, 0x79, 0xC3, 0x19, 0xC0, 0x1F,
    0x09, 0xD6, 0x97, 0x70, 0xE2, 0x3F, 0x21, 0xF5, 0x7E, 0x22, 0x9F, 0x5E, 0xDF, 0x36, 0x65, 0x43,
    0xD6, 0x1A, 0xE9, 0x62, 0xB1, 0x47, 0x72, 0xC3, 0x00, 0xD2, 0x39, 0xE4, 0x2D, 0x30, 0x9B, 0xE4,
    0xB4, 0x12, 0x26, 0xDB, 0x1D, 0xC2, 0x1A, 0xC8, 0x3A, 0x50, 0x63, 0x61, 0x78, 0x11, 0x18, 0xAF,
    0x0B, 0x16, 0x30, 0x1B, 0x4A, 0x4B, 0xD6, 0x17, 0x0F, 0x5E, 0xF7, 0xDD, 0xDC, 0x7B, 0x5F, 0x73,
    0xE2, 0xC7, 0xC7, 0xCC, 0x10, 0xCC, 0x7C, 0xCD, 0x6F, 0x43, 0xE1, 0x07, 0x36, 0x60, 0x7E, 0xE9,
    0x70, 0xB0, 0x61, 0x93, 0x38, 0x70, 0x98, 0xD9, 0x00, 0x23, 0x65, 0xDA, 0xEB, 0x5F, 0x99, 0xC6,
    0x62, 0x91, 0x37, 0x50, 0xBD, 0xBA, 0x2B, 0x82, 0x28, 0xFD, 0x58, 0x5A, 0x98, 0x7B, 0x71, 0x00,
    0x96, 0xAC, 0x44, 0xC0, 0x8E, 0xA5, 0x08, 0x97, 0xF9, 0x16, 0x66, 0x63, 0x50, 0x83, 0xB4, 0x0F,
    0x8D, 0x60, 0xDE, 0xBB, 0x38, 0x13, 0x0E, 0x23, 0x51, 0x1A, 0x29, 0xA1, 0xA8, 0xF5, 0x2F, 0x63,
    0x37, 0x6A, 0x86, 0x1A, 0xC2, 0x46, 0xCD, 0xE2, 0x6F, 0xD4, 0xC8, 0x2C, 0x1C, 0x54, 0xBE, 0x23,
    0x99, 0xFE, 0xB2, 0x23, 0x1D, 0x78, 0x46, 0x27, 0x48, 0xE7, 0x27, 0x9E, 0x89, 0xAD, 0xE0, 0x04,
    0x5E, 0xEA, 0xA4, 0x41, 0xFE, 0x71, 0x07, 0x65, 0xD0, 0x5E, 0x5F, 0x4F, 0x1C, 0xEB, 0x35, 0x15,
    0xEB, 0x91, 0xB2, 0x19, 0x47, 0xF2, 0x6E, 0x70, 0xA4, 0xF7, 0x7B, 0x47, 0xE2, 0xBB, 0x0A, 0xAA,
    0xC6, 0x34, 0x6C, 0x9B, 0x7C, 0x7A, 0xC3, 0x77, 0x33, 0xEF, 0xFF, 0x75, 0xE0, 0x64, 0x4A, 0xDC,
    0x18, 0x7F, 0xF0, 0x87, 0x24, 0x7D, 0xB0, 0x5D, 0xA6, 0xD5, 0xC0, 0x5A, 0xFE, 0x4A, 0x3B, 0x99,
    0xEA, 0xDC, 0x52, 0xC2, 0x02, 0x4E, 0xA5, 0x5A, 0x8A, 0x83, 0xF1, 0xA8, 0xB8, 0x43, 0xFD, 0xA9,
    0xAA, 0x19, 0x9D, 0xD8, 0xBC, 0x26, 0x6B, 0xC5, 0x6E, 0xC9, 0xB8, 0x33, 0xF1, 0x9C, 0xBC, 0x15,
    0xB7, 0xF8, 0x7B, 0xE0, 0x37, 0x55, 0xBF, 0x92, 0xF0, 0xC8, 0x28, 0xA2, 0xB3, 0x86, 0x45, 0x6C,
    0xD9, 0x30, 0xD7, 0xDA, 0x59, 0x2F, 0x46, 0x20, 0x33, 0x74, 0xB9, 0x0C, 0xD2, 0x20, 0x5C, 0x4D,
    0xD5, 0xC4, 0x79, 0xAB, 0x56, 0xD6, 0x94, 0x16, 0x03, 0x4E, 0xE2, 0x94, 0x75, 0x94, 0x35, 0x1B,
    0xF8, 0x1D, 0xF4, 0xB7, 0x90, 0xF2, 0xD2, 0xE2, 0x3B, 0x66, 0x3B, 0x65, 0x7E, 0x9C, 0xF9, 0x36,
    0x30, 0x9C, 0x87, 0x9A, 0x78, 0x69, 0xD6, 0x5F, 0x14, 0xBD, 0x09, 0xFA, 0x9B, 0xF7, 0x25, 0xFD,
    0x63, 0xB9, 0x83, 0xC7, 0x53, 0xF1, 0x12, 0xAF, 0xF0, 0xC7, 0xC0, 0x72, 0x79, 0x23, 0x2A, 0xC9,
    0xED, 0x09, 0xDF, 0x86, 0x1C, 0x7E, 0x03, 0x5E, 0xD1, 0xF2, 0xA6, 0xBA, 0xD8, 0x93, 0x74, 0xCC,
    0x5A, 0xD2, 0x86, 0x79, 0x4D, 0x66, 0x45, 0xE5, 0xD7, 0xE0, 0xA5, 0x83, 0xD6, 0x0F, 0xA1, 0x3F,
    0x68, 0x35, 0x07, 0xAD, 0xD8, 0xD1, 0x41, 0xEB, 0x59, 0x20, 0x9B, 0x80, 0xAD, 0xEF, 0x48, 0xA7,
    0x5B, 0x23, 0x59, 0xCF, 0x44, 0xD1, 0x60, 0x62, 0x66, 0xE9, 0xAD, 0x78, 0x0A, 0xF3, 0x76, 0x2D,
    0x79, 0xE2, 0x02, 0xFA, 0x11, 0x66, 0x8F, 0x42, 0x2F, 0xA8, 0x8A, 0x2A, 0x6B, 0xB3, 0x52, 0x3A,
    0xD0, 0xB9, 0xD6, 0x4E, 0x67, 0xD2, 0xBD, 0x0E, 0xA4, 0x43, 0xFA, 0x5E, 0xCA, 0x4D, 0xF1, 0xFE,
    0xEB, 0x94, 0x9B, 0xF7, 0xAD, 0xF7, 0x4D, 0x28, 0x7C, 0x6F, 0xB2, 0x24, 0xDE, 0xF7, 0xCC, 0xA7,
    0x5B, 0x4E, 0xA6, 0xD6, 0xCB, 0x14, 0x1B, 0x0A, 0x28, 0x6D, 0x6E, 0x29, 0xEA, 0x6B, 0xC8, 0x54,
    0x69, 0x82, 0x40, 0x05, 0x30, 0x01, 0xA9, 0x03, 0xCA, 0x3E, 0xDE, 0xBF, 0x14, 0x3B, 0xC0, 0xB7,
    0x90, 0xCA, 0xB5, 0xBC, 0x43, 0xDB, 0x3C, 0x6D, 0x25, 0x0A, 0x75, 0xC4, 0x72, 0x79, 0xBB, 0x96,
    0xB5, 0x2E, 0x22, 0x0F, 0x40, 0x71, 0x6D, 0xB9, 0xDC, 0x02, 0x38, 0x90, 0xEC, 0x46, 0xC2, 0x17,
    0xC7, 0x99, 0x49, 0x55, 0xA6, 0x55, 0xFE, 0x6D, 0x81, 0x83, 0xA7, 0xFF, 0xCE, 0x03, 0x98, 0x1A,
    0xC4, 0x58, 0x89, 0x16, 0x12, 0xB7, 0x0B, 0x7C, 0x4B, 0xEA, 0x34, 0xFA, 0x45, 0x43, 0x55, 0x67,
    0xD3, 0xBB, 0x9E, 0x99, 0xF7, 0x23, 0x94, 0x62, 0x29, 0xF3, 0xEE, 0x60, 0xA1, 0x11, 0x6C, 0x03,
    0x12, 0x1F, 0x90, 0x7E, 0x16, 0x90, 0xFF, 0x2C, 0xA0, 0xFC, 0xD3, 0x80, 0x4A, 0xBA, 0x73, 0x01,
    0xE9, 0x10, 0x90, 0x75, 0x01, 0x45, 0x13, 0x60, 0x08, 0xF0, 0x4B, 0x0D, 0xA0, 0x84, 0x50, 0x80,
    0xD4, 0x3D, 0x86, 0xA0, 0x02, 0x72, 0x55, 0x90, 0x06, 0x3D, 0x1B, 0x71, 0x7F, 0xB9, 0x54, 0x85,
    0x2F, 0xC6, 0xBD, 0xBF, 0x0E, 0xF0, 0xBE, 0x13, 0x9B, 0x1D, 0x62, 0x1B, 0x1A, 0xCC, 0xAB, 0xFB,
    0x7B, 0xEB, 0xE0, 0xEF, 0x0B, 0xEA, 0xAF, 0x26, 0xA9, 0x17, 0x8F, 0xBC, 0x63, 0x36, 0x25, 0x5E,
    0xA2, 0x5C, 0x4A, 0x67, 0xB9, 0x2D, 0x6C, 0x80, 0x01, 0xB8, 0x2E, 0xB8, 0x93, 0x4D, 0x96, 0xF5,
    0xD6, 0x0F, 0xF8, 0x07, 0xB7, 0x76, 0xF8, 0x9A, 0x8A, 0x09, 0x0A, 0xEB, 0x64, 0x06, 0x03, 0xB2,
    0x66, 0x14, 0xBC, 0x2F, 0xA3, 0xDD, 0x11, 0x2C, 0xA0, 0xB4, 0x45, 0xCD, 0x36, 0xA6, 0x8F, 0x26,
    0x12, 0x2F, 0x4C, 0x16, 0x79, 0xA6, 0xC9, 0xB1, 0x5C, 0x2E, 0x1D, 0xBA, 0x7C, 0xA4, 0xBD, 0xC6,
    0x5E, 0xBD, 0x08, 0x2D, 0x30, 0xC0, 0x02, 0x58, 0x03, 0x7A, 0x13, 0x44, 0x8F, 0xB2, 0x26, 0xAA,
    0x94, 0x36, 0xAA, 0x9C, 0x01, 0xC7, 0x3D, 0xB4, 0xF1, 0x32, 0xE5, 0x39, 0xE2, 0x66, 0x4B, 0x76,
    0x7E, 0x32, 0x50, 0x34, 0x89, 0xA3, 0x14, 0x6D, 0x03, 0x0B, 0x16, 0x02, 0x3D, 0xD3, 0xBA, 0x5C,
    0xAE, 0xCE, 0xCF, 0x4F, 0xFA, 0xD8, 0x22, 0x97, 0xE8, 0x98, 0xEE, 0xA9, 0x1D, 0x15, 0xA1, 0x38,
    0xF1, 0x70, 0x14, 0x0F, 0x15, 0x2E, 0xC0, 0x9E, 0x41, 0x89, 0xB1, 0xF2, 0x00, 0x38, 0x7F, 0x23,
    0xB4, 0x95, 0x09, 0xE1, 0x64, 0x22, 0xE0, 0x5C, 0xE7, 0xA7, 0xA1, 0x90, 0xFE, 0x4C, 0x8D, 0x63,
    0x25, 0xE1, 0x93, 0x5E, 0x04, 0x39, 0xD2, 0x8B, 0x55, 0x68, 0xD8, 0xD6, 0xE2, 0xEE, 0x82, 0xA0,
    0x5A, 0xD6, 0xF8, 0x3A, 0x3F, 0x3F, 0xF9, 0x55, 0x1D, 0x3A, 0x78, 0xCB, 0x72, 0x32, 0xE6, 0x16,
    0x69, 0x06, 0x94, 0xDC, 0x81, 0x85, 0xE0, 0x0E, 0x86, 0x64, 0xA4, 0x6C, 0x5F, 0xE8, 0xC9, 0x64,
    0xA0, 0xC4, 0xEB, 0xF3, 0xD6, 0x42, 0x5C, 0xCD, 0x80, 0x78, 0x7A, 0x8A, 0xC7, 0x73, 0xCA, 0xE5,
    0xDF, 0xB3, 0x6C, 0xF0, 0x6C, 0x79, 0x99, 0x57, 0x78, 0x93, 0x67, 0x00, 0xBE, 0x0F, 0x89, 0xD8,
    0x27, 0x8F, 0x2E, 0xC8, 0x06, 0xD8, 0x5A, 0x15, 0xC6, 0xCA, 0xA1, 0x55, 0x5A, 0x47, 0x3E, 0x20,
    0x3A, 0xA2, 0x2B, 0x6D, 0xA4, 0xED, 0xC3, 0xB5, 0xF4, 0x78, 0x5D, 0xFD, 0x21, 0x50, 0x59, 0x51,
    0x3B, 0xD2, 0x9F, 0xED, 0x80, 0xB2, 0x85, 0x99, 0x93, 0x43, 0xCF, 0x67, 0x53, 0x1C, 0x57, 0x44,
    0x1F, 0xDB, 0x48, 0xDB, 0x64, 0x7B, 0x2E, 0xD3, 0xD0, 0x99, 0x7B, 0x27, 0xA3, 0x21, 0x71, 0xA7,
    0x70, 0x2A, 0x01, 0x08, 0x72, 0xF1, 0x5D, 0x08, 0x02, 0x87, 0x3E, 0x8C, 0xCA, 0x0E, 0xBC, 0x25,
    0x95, 0x58, 0x76, 0x12, 0xCF, 0x18, 0xB0, 0x72, 0x7F, 0x5C, 0x23, 0xFE, 0xBE, 0x8D, 0x44, 0x78,
    0x7F, 0x58, 0xF8, 0x16, 0xC0, 0x53, 0xFE, 0x13, 0x11, 0x89, 0x97, 0x59, 0x87, 0x6C, 0xFA, 0x8B,
    0xED, 0x28, 0x7A, 0x6D, 0xBC, 0xAB, 0x76, 0x71, 0xB1, 0x49, 0xFB, 0xB8, 0xF2, 0xCC, 0x1B, 0x5E,
    0x93, 0xC8, 0xE7, 0xF5, 0xDC, 0x77, 0xAC, 0x29, 0x28, 0xFC, 0xA8, 0xC9, 0x54, 0xBE, 0xBA, 0xC3,
    0xF0, 0x0A, 0x2F, 0xB3, 0xA0, 0xE0, 0x0E, 0xBF, 0x8E, 0xA1, 0xB0, 0x6B, 0xA0, 0x94, 0xAC, 0x91,
    0xAC, 0x52, 0x59, 0x3E, 0xD8, 0xAA, 0x5C, 0x69, 0xBD, 0xC3, 0x89, 0xB4, 0x8E, 0x21, 0xC8, 0x82,
    0x1D, 0x23, 0x15, 0x25, 0x1B, 0x76, 0x33, 0x5F, 0xAF, 0x30, 0x18, 0xFF, 0xD3, 0x7F, 0x77, 0x98,
    0x3A, 0x3B, 0x9F, 0x79, 0xC9, 0x61, 0xE0, 0xA4, 0x8E, 0x2B, 0xDE, 0x61, 0x85, 0x05, 0x75, 0x5F,
    0xEF, 0xE2, 0x72, 0xD0, 0x29, 0x91, 0x6C, 0x8C, 0x8E, 0x9D, 0xF8, 0x4F, 0xA3, 0x82, 0x8B, 0x62,
    0x52, 0x71, 0xD3, 0x83, 0x6A, 0x59, 0x11, 0xF9, 0x3F, 0x35, 0x22, 0x8A, 0x3F, 0x6B, 0x45, 0x94,
    0xBF, 0xDF, 0x89, 0x30, 0xEA, 0x33, 0x67, 0xB3, 0x51, 0x84, 0x18, 0x8A, 0x78, 0x7E, 0x86, 0xC6,
    0xBC, 0x8A, 0xF1, 0x30, 0xB0, 0x7F, 0x4C, 0x93, 0xDF, 0x5B, 0x9E, 0xE8, 0xBB, 0x96, 0xDE, 0x07,
    0x26, 0x08, 0x99, 0x4B, 0x55, 0x66, 0x07, 0x89, 0x93, 0xB2, 0x7F, 0xB2, 0xC3, 0x4A, 0x97, 0xBE,
    0x6B, 0xD5, 0x6B, 0x92, 0xBD, 0xB9, 0x77, 0x0F, 0x85, 0x8F, 0x0B, 0x83, 0x97, 0xE7, 0xCF, 0xF2,
    0x96, 0xD3, 0xFB, 0xFD, 0x4C, 0x69, 0x8E, 0x58, 0x1E, 0x9D, 0x2F, 0x94, 0x8E, 0xB0, 0x68, 0x9E,
    0xF4, 0xC8, 0xFA, 0x19, 0xB9, 0x93, 0xFA, 0xC4, 0x47, 0xFD, 0x5A, 0x98, 0x37, 0xC2, 0xEC, 0x88,
    0xB1, 0xA6, 0xA8, 0x85, 0x95, 0x8E, 0xB8, 0xD3, 0xD1, 0x07, 0xD4, 0x92, 0x98, 0x84, 0xEA, 0x54,
    0x0B, 0xFE, 0xD3, 0x93, 0x81, 0x74, 0x27, 0x7E, 0x48, 0x9A, 0xAD, 0x42, 0xBB, 0xB8, 0x86, 0x08,
    0x57, 0xC0, 0x4B, 0xAC, 0x01, 0x70, 0xCA, 0xF1, 0x31, 0xBA, 0x23, 0x46, 0xCD, 0x95, 0xD2, 0x08,
    0x74, 0x6E, 0x73, 0x2B, 0x33, 0x5B, 0xDA, 0x30, 0x0A, 0x5E, 0x47, 0x74, 0x50, 0x68, 0x44, 0x93,
    0xED, 0x04, 0x17, 0xF1, 0x19, 0xC4, 0xDA, 0xBB, 0xD1, 0xBB, 0x6D, 0xF4, 0xA5, 0x17, 0xA6, 0x83,
    0x10, 0xA7, 0x3C, 0x53, 0x2E, 0x94, 0xE6, 0x88, 0x65, 0xE4, 0x63, 0xF5, 0x8B, 0xA3, 0x56, 0xEE,
    0xA2, 0xB7, 0xAC, 0x13, 0x56, 0x4D, 0x18, 0xF1, 0xC4, 0x5F, 0x8A, 0x8F, 0x17, 0xA1, 0x08, 0xD7,
    0x96, 0x2B, 0x9D, 0x8E, 0xCB, 0xE0, 0x51, 0x04, 0x3D, 0x7D, 0xC8, 0x35, 0x0A, 0xAD, 0xFB, 0x32,
    0xBC, 0x78, 0xD1, 0x95, 0x76, 0x7F, 0x31, 0x9A, 0x20, 0xFE, 0xE4, 0x42, 0x35, 0x93, 0xA0, 0x5D,
    0x06, 0x8F, 0x42, 0xC6, 0x9D, 0xC9, 0x5D, 0xAE, 0xD0, 0xBA, 0x27, 0xE3, 0xF2, 0x03, 0x9A, 0xA3,
    0x7C, 0xE8, 0x74, 0x76, 0x46, 0x64, 0xA6, 0x76, 0xE4, 0x62, 0xA3, 0xCE, 0x60, 0x89, 0x01, 0x8C,
    0xCE, 0xEC, 0xCB, 0x5F, 0x9C, 0x0F, 0xC1, 0x90, 0x51, 0xFB, 0x73, 0x07, 0x92, 0x35, 0x6B, 0xE5,
    0x4A, 0x69, 0x94, 0x9A, 0x0F, 0x8D, 0xE6, 0x43, 0x2D, 0xA3, 0x6C, 0x43, 0x79, 0x3C, 0x1F, 0x1A,
    0x8C, 0xEF, 0xF7, 0x42, 0x8C, 0x7D, 0x6E, 0x77, 0x43, 0x0D, 0x1F, 0xB9, 0xBA, 0x90, 0xD8, 0x2C,
    0x83, 0x90, 0x78, 0x5E, 0x08, 0xB9, 0xF6, 0x35, 0xC4, 0xDE, 0x88, 0x63, 0xCB, 0x54, 0x84, 0x12,
    0x2E, 0xFD, 0x1F, 0x5F, 0x45, 0xE5, 0x7B, 0x54, 0x8E, 0x24, 0x64, 0x03, 0xB0, 0xF8, 0xDF, 0x1C,
    0xC3, 0xC5, 0x71, 0x7D, 0x84, 0x3B, 0x6B, 0x70, 0x46, 0x3E, 0x42, 0xEF, 0xDD, 0xED, 0x33, 0xEF,
    0x6B, 0xC2, 0xD4, 0xC6, 0x51, 0x1E, 0x5A, 0x7B, 0x5B, 0x0D, 0x2E, 0x1A, 0x02, 0x2B, 0x1B, 0x98,
    0xEC, 0x08, 0x9C, 0x0F, 0xC2, 0xBC, 0x15, 0x1A, 0x2B, 0x9C, 0x08, 0xFC, 0x6C, 0x27, 0xF4, 0xBE,
    0x15, 0xDE, 0x15, 0x9D, 0x29, 0x71, 0x81, 0x23, 0xA7, 0xA2, 0xC3, 0x42, 0x59, 0x2A, 0x0B, 0x65,
    0x6E, 0x95, 0x8D, 0x70, 0xFE, 0x63, 0x99, 0xBF, 0xF4, 0x73, 0x89, 0xD5, 0xCC, 0xB7, 0x81, 0x6C,
    0xAD, 0x10, 0x94, 0x1A, 0x58, 0x6D, 0xF5, 0x0D, 0xF2, 0x69, 0x2B, 0xCC, 0xEB, 0x48, 0xB9, 0xB7,
    0x6E, 0xD7, 0x5E, 0x7E, 0x07, 0x0E, 0x40, 0xE2, 0x7B, 0xEF, 0x80, 0x34, 0x64, 0x9C, 0x07, 0xF2,
    0x90, 0x72, 0xDE, 0x42, 0x21, 0xB9, 0xD3, 0x80, 0x09, 0xF2, 0xF3, 0x1E, 0x76, 0x41, 0xFE, 0x67,
    0x38, 0x46, 0xC9, 0x8D, 0x1D, 0xF3, 0x5E, 0x64, 0x45, 0xDE, 0x8A, 0x2C, 0xEB, 0xB2, 0x16, 0x99,
    0xB7, 0x15, 0x22, 0xD3, 0xDE, 0xA9, 0x4C, 0xFC, 0xA0, 0x92, 0x6D, 0x17, 0xA5, 0x69, 0xA2, 0x7C,
    0x9A, 0x28, 0xB9, 0x8A, 0x94, 0x58, 0x1D, 0xB2, 0xF0, 0x90, 0x86, 0x2A, 0x87, 0x28, 0x9C, 0x08,
    0xB1, 0x5E, 0x94, 0xF4, 0xEB, 0x64, 0x6F, 0xFB, 0xDE, 0xF4, 0x68, 0x39, 0x6A, 0x78, 0x14, 0x26,
    0x8A, 0xA2, 0x51, 0x91, 0x45, 0xE3, 0xD2, 0x68, 0x6B, 0xE2, 0x54, 0xB0, 0x89, 0xC2, 0x58, 0x15,
    0x79, 0xA3, 0x22, 0xBA, 0xBD, 0x8F, 0x02, 0xEC, 0xA2, 0x30, 0x51, 0x94, 0xD1, 0xD4, 0x7C, 0xD4,
    0x39, 0x4E, 0xA3, 0x48, 0xC6, 0xC3, 0x3A, 0x53, 0x1C, 0xD6, 0x99, 0x1D, 0xBA, 0x02, 0xD4, 0x79,
    0x0F, 0x45, 0x5B, 0x34, 0x30, 0x17, 0x8B, 0x82, 0xEA, 0x0A, 0xC0, 0xAD, 0x85, 0x6B, 0x27, 0x3C,
    0x55, 0x2E, 0xC6, 0x23, 0xBA, 0x0B, 0x9E, 0x46, 0xCD, 0xD8, 0xCA, 0x20, 0xD9, 0x19, 0x7B, 0xCB,
    0xB4, 0xE7, 0x38, 0x0A, 0x5B, 0x19, 0x51, 0x47, 0x57, 0x4B, 0x1E, 0x7B, 0xEE, 0xBC, 0x31, 0xA9,
    0xF5, 0x95, 0xB2, 0x88, 0xD9, 0xD2, 0x08, 0xB3, 0x23, 0x6A, 0x8D, 0x5E, 0x55, 0xCD, 0xF0, 0x6C,
    0x0D, 0xAD, 0xA4, 0x07, 0xE1, 0x64, 0xAF, 0x9E, 0x99, 0x71, 0x36, 0x39, 0xBE, 0x17, 0xA2, 0x55,
    0x07, 0x13, 0x63, 0x84, 0xD8, 0x1B, 0x1F, 0x63, 0x84, 0xB8, 0x95, 0xF6, 0xC4, 0x28, 0x11, 0x1D,
    0x26, 0x7A, 0x4F, 0x0C, 0x45, 0x14, 0x0B, 0xC6, 0x4B, 0xC2, 0x3D, 0x14, 0xDF, 0xE2, 0x94, 0xB5,
    0x3E, 0xD5, 0xA5, 0xB9, 0xB1, 0x71, 0x2B, 0xE8, 0x27, 0xA3, 0x74, 0x9D, 0xFE, 0xA2, 0x27, 0xEB,
    0x99, 0xF9, 0x56, 0x87, 0xF5, 0x35, 0x12, 0xB4, 0x29, 0x9A, 0xE4, 0xD1, 0xE5, 0x39, 0xAF, 0x01,
    0x89, 0xC6, 0xEF, 0x81, 0xD8, 0x72, 0x07, 0xA9, 0xDF, 0x39, 0x11, 0x54, 0x83, 0x8A, 0xA2, 0xBB,
    0x08, 0xED, 0xA8, 0x2F, 0x20, 0xFB, 0xD0, 0xDA, 0x27, 0x87, 0xB6, 0x14, 0x9D, 0xC4, 0x6B, 0x50,
    0x9D, 0xB2, 0x0D, 0x61, 0xBE, 0x39, 0x6A, 0xD8, 0x9C, 0xF2, 0xEC, 0xB1, 0x85, 0x27, 0xAF, 0x8F,
    0x96, 0x9C, 0x6E, 0x2D, 0x4B, 0xCE, 0x83, 0x51, 0x82, 0xEA, 0x7B, 0x61, 0x59, 0x53, 0xFA, 0x4E,
    0x67, 0x48, 0xDF, 0x85, 0xEB, 0x42, 0xF6, 0xFD, 0x74, 0xEB, 0xF0, 0xB0, 0xF9, 0xC7, 0x0D, 0x01,
    0xE5, 0xC3, 0x7D, 0xBF, 0x34, 0xEE, 0xFB, 0xF9, 0xB7, 0xE1, 0xA9, 0xFD, 0xBE, 0x5F, 0x03, 0x64,
    0x17, 0xDB, 0x5D, 0xE3, 0x17, 0xED, 0xFB, 0xE5, 0x61, 0xDF, 0xAF, 0x95, 0xF7, 0x54, 0xAB, 0x5B,
    0x8D, 0xC7, 0x3B, 0x97, 0xBB, 0x65, 0xB5, 0xBC, 0xD9, 0x8F, 0x94, 0xCC, 0xF6, 0xFC, 0x51, 0x60,
    0xF2, 0x57, 0x04, 0xC2, 0x37, 0x41, 0x79, 0x15, 0x05, 0x72, 0xEF, 0x22, 0xBF, 0xEA, 0xD1, 0xBA,
    0xE6, 0xFF, 0x51, 0x38, 0x92, 0x41, 0x05, 0x23, 0x7A, 0x38, 0xB4, 0xE6, 0x4C, 0xB3, 0x17, 0x13,
    0x3F, 0x88, 0xCB, 0x96, 0xB2, 0x81, 0x6C, 0xFA, 0x81, 0xE6, 0x96, 0xE4, 0x0A, 0xFB, 0x8F, 0xF7,
    0xCB, 0x2F, 0xD0, 0xFB, 0xB7, 0xEA, 0xF8, 0x8E, 0x7D, 0x78, 0xE3, 0x46, 0x85, 0x54, 0x20, 0x17,
    0x64, 0x22, 0x35, 0x7D, 0xF6, 0xDF, 0xDA, 0x52, 0xC8, 0x5A, 0x8A, 0x1A, 0xA9, 0x29, 0x39, 0xBE,
    0x71, 0xCE, 0x2E, 0xDE, 0xFE, 0x39, 0x4B, 0xC6, 0xA3, 0x2F, 0x83, 0x32, 0xED, 0x2E, 0xBE, 0x1A,
    0xE4, 0x1B, 0xE2, 0xE8, 0x8B, 0x22, 0xF5, 0x42, 0x66, 0x13, 0xC4, 0xF6, 0x7B, 0x3B, 0x1F, 0x9A,
    0x5A, 0xB4, 0x72, 0x76, 0x2B, 0x58, 0x5B, 0x76, 0xC1, 0xE0, 0x77, 0xD4, 0x57, 0x39, 0x64, 0x4C,
    0x3D, 0x3B, 0x05, 0x17, 0x38, 0xA8, 0x58, 0x07, 0xC6, 0x10, 0xAD, 0x02, 0xD7, 0x7B, 0x37, 0x92,
    0xE1, 0x94, 0x74, 0x7F, 0x23, 0x2C, 0xA2, 0x33, 0x75, 0xDA, 0x95, 0xFB, 0xFD, 0x81, 0xB4, 0x2D,
    0x02, 0x61, 0xDE, 0x66, 0x4D, 0x5E, 0x17, 0x56, 0xBC, 0x92, 0xDD, 0x32, 0x83, 0x3E, 0xBD, 0xEB,
    0xAC, 0x59, 0xA8, 0x8B, 0x85, 0x4D, 0xDB, 0xE8, 0xA5, 0x7C, 0x55, 0x44, 0x47, 0x17, 0xCC, 0xFE,
    0x23, 0xAE, 0x07, 0xA7, 0x24, 0xFF, 0x15, 0xDD, 0x5D, 0xC3, 0x7F, 0xEB, 0x59, 0xE1, 0xC0, 0x47,
    0xA7, 0x47, 0xA8, 0x1A, 0xF6, 0xC9, 0x6E, 0x6A, 0xD8, 0xCF, 0x9A, 0x45, 0x92, 0x26, 0x78, 0x18,
    0xF9, 0xDC, 0x74, 0xE3, 0xDA, 0xF6, 0x35, 0x0C, 0x71, 0x23, 0x61, 0x36, 0x8A, 0x7D, 0xF3, 0x3E,
    0x5A, 0x24, 0x36, 0x94, 0x56, 0x46, 0x5D, 0x01, 0x18, 0x27, 0xCC, 0x7B, 0x61, 0xD6, 0x5D, 0x9C,
    0xC7, 0xFA, 0xCD, 0x06, 0x48, 0x9C, 0x51, 0x6F, 0xE2, 0xBC, 0x89, 0xDF, 0x45, 0x1D, 0x23, 0x82,
    0xD3, 0x62, 0x78, 0x7D, 0x67, 0x93, 0xEA, 0xCF, 0xE3, 0x1B, 0xD3, 0x43, 0x4A, 0xEC, 0x95, 0x37,
    0xCF, 0x6D, 0xB0, 0x27, 0x71, 0xB0, 0x93, 0xA2, 0x21, 0xDF, 0x47, 0x32, 0x6B, 0x41, 0xA2, 0x24,
    0xA9, 0x10, 0x47, 0x59, 0x69, 0x94, 0xE2, 0xE8, 0x83, 0xD0, 0xC4, 0x78, 0x34, 0xC2, 0xBC, 0xBE,
    0x22, 0x93, 0xDB, 0x1F, 0x6A, 0x5E, 0xF8, 0x03, 0xC5, 0x22, 0xA7, 0xD8, 0x2D, 0x97, 0x37, 0xDD,
    0x88, 0x3E, 0x29, 0xC9, 0xDB, 0x1F, 0xED, 0x23, 0xE9, 0x81, 0x99, 0x43, 0xEA, 0x91, 0x7A, 0xF6,
    0xF5, 0xD3, 0xA5, 0xFA, 0x42, 0xEB, 0xED, 0xA3, 0xF5, 0x2F, 0x16, 0x0D, 0x2C, 0xA4, 0x7E, 0xE1,
    0x97, 0x97, 0x3E, 0x1D, 0xAA, 0x69, 0xE4, 0xEB, 0xFF, 0x93, 0xF5, 0xED, 0xBB, 0xF0, 0x0A, 0xBC,
    0xA4, 0x9B, 0xBC, 0x39, 0x64, 0x96, 0x79, 0x4D, 0xDA, 0x30, 0x6B, 0x49, 0x3A, 0xE8, 0x75, 0xEB,
    0xF8, 0x4D, 0x51, 0x92, 0xF2, 0x1D, 0xC8, 0x0F, 0x7A, 0xE9, 0x23, 0x7A, 0xFF, 0x70, 0xD0, 0xFB,
    0xFE, 0xA1, 0xB3, 0x6B, 0xC6, 0x4B, 0xC0, 0xBE, 0xA1, 0x62, 0xBC, 0x05, 0x20, 0x30, 0x6D, 0x41,
    0x9F, 0xF9, 0xEF, 0xC3, 0xF5, 0xEB, 0xF0, 0x7E, 0x01, 0x7D, 0x56, 0xA7, 0x6D, 0xDA, 0xCC, 0x9B,
    0xA4, 0xCF, 0x61, 0x78, 0x19, 0xEE, 0x88, 0x6D, 0x21, 0x7E, 0x56, 0xD2, 0x47, 0x0E, 0x83, 0xB1,
    0x45, 0x9D, 0x37, 0x59, 0x33, 0x6F, 0xD3, 0x2E, 0xF1, 0x6F, 0x93, 0x79, 0x47, 0xFE, 0x6F, 0x9E,
    0x9C, 0xD2, 0x3E, 0x2D, 0xC3, 0x84, 0x23, 0x91, 0xDD, 0xDB, 0x07, 0x77, 0x6B, 0x63, 0xF3, 0xFA,
    0x3A, 0x79, 0x7D, 0x27, 0x1C, 0xA7, 0x94, 0xB5, 0x49, 0xFC, 0x3F, 0x97, 0xFE, 0x23, 0x37, 0x9F,
    0xD2, 0x11, 0xA0, 0xAA, 0x81, 0x6D, 0x0B, 0xDC, 0xEA, 0x80, 0xF4, 0xAA, 0xF8, 0xB9, 0xB7, 0x92,
    0x44, 0x03, 0xE9, 0xF4, 0xEE, 0x4E, 0x12, 0xB7, 0x92, 0x0B, 0xA5, 0x0D, 0xC8, 0x9B, 0x80, 0xEC,
    0x18, 0x3D, 0xB9, 0xA0, 0xA8, 0x53, 0x27, 0x7A, 0x5E, 0x5A, 0x7C, 0xE4, 0x47, 0xD2, 0x0F, 0xF4,
    0xA9, 0x3D, 0x32, 0xF7, 0xDE, 0x86, 0x9D, 0xBA, 0xC6, 0xD8, 0xB4, 0x5D, 0x91, 0xB6, 0x0E, 0xEC,
    0x08, 0x1C, 0x0E, 0x07, 0x9C, 0x92, 0xD8, 0x70, 0xBD, 0x13, 0x3D, 0xD1, 0xE7, 0x64, 0xD4, 0x7C,
    0x14, 0x74, 0xC0, 0x6F, 0xE9, 0xC3, 0xEE, 0x6A, 0xA8, 0x7E, 0xDE, 0xCB, 0x98, 0x3D, 0xC5, 0xF9,
    0xDD, 0x9E, 0xD0, 0x6B, 0xCF, 0x4A, 0x2E, 0x38, 0xC1, 0x78, 0x19, 0x4E, 0xBC, 0x3B, 0x13, 0x84,
    0x58, 0xF6, 0x94, 0xE7, 0xDB, 0x07, 0x64, 0xFE, 0xBE, 0xB7, 0x6C, 0xDF, 0xDE, 0x68, 0xEC, 0x32,
    0x3F, 0x52, 0x7C, 0x3A, 0x61, 0x28, 0x39, 0xD3, 0xAD, 0xA4, 0x5C, 0x66, 0xAB, 0x96, 0x63, 0x17,
    0x66, 0xCE, 0x01, 0x67, 0x80, 0x21, 0xB3, 0xC5, 0xBD, 0xAD, 0xCD, 0xFC, 0x2E, 0xEE, 0x68, 0x97,
    0x9F, 0xE0, 0x77, 0xC9, 0x79, 0x35, 0xEB, 0xCB, 0xB0, 0x7C, 0x1E, 0x7F, 0x6E, 0x19, 0xDF, 0x87,
    0xF2, 0xBC, 0xFE, 0xE7, 0xC9, 0x13, 0xCB, 0xF7, 0x7A, 0x89, 0x40, 0x51, 0x43, 0x31, 0x96, 0x35,
    0xDE, 0x6F, 0x9B, 0x74, 0x3A, 0x99, 0x9A, 0xAC, 0x4B, 0x07, 0xF2, 0x26, 0x09, 0xA8, 0x19, 0xF7,
    0x68, 0x02, 0xB2, 0x76, 0x36, 0x90, 0x0E, 0x99, 0x06, 0xA1, 0x21, 0xBF, 0x3B, 0x41, 0x91, 0xDC,
    0x08, 0xB0, 0x40, 0x3E, 0xFD, 0xAD, 0xCE, 0xED, 0x8E, 0xEC, 0x97, 0xDE, 0xD7, 0xA5, 0xE5, 0xA4,
    0x5D, 0xC8, 0x62, 0x74, 0xAA, 0x6B, 0x51, 0x80, 0x2C, 0x4B, 0x45, 0x5B, 0x9E, 0xFF, 0xC0, 0xD7,
    0x73, 0xD1, 0xE3, 0xC4, 0xBF, 0xCD, 0x04, 0xE0, 0x6B, 0xE0, 0xBD, 0x06, 0xC8, 0xAE, 0x8A, 0x9F,
    0xF8, 0x9A, 0xEC, 0x63, 0x3F, 0x90, 0x4D, 0xEF, 0x3A, 0x32, 0x89, 0x75, 0xD6, 0xB2, 0x90, 0xAB,
    0x4F, 0x42, 0x58, 0xD0, 0xCC, 0x33, 0xDE, 0x53, 0xF6, 0x01, 0x59, 0x37, 0x6F, 0xC8, 0x3B, 0x29,
    0xE1, 0x04, 0x62, 0x76, 0xCB, 0xFC, 0xBC, 0xD1, 0x91, 0x7E, 0x45, 0x79, 0xC0, 0xCC, 0xC3, 0x06,
    0xEE, 0x30, 0x31, 0x05, 0x02, 0xD9, 0x94, 0x4D, 0xC9, 0x8A, 0xC5, 0x13, 0xFE, 0x9D, 0xFE, 0xAE,
    0xAB, 0xC6, 0xB2, 0xFB, 0xBA, 0xAE, 0x37, 0xDE, 0x1D, 0x50, 0xBD, 0x13, 0xB0, 0x91, 0x70, 0xB8,
    0x80, 0x9F, 0xF6, 0x01, 0xDE, 0x09, 0xA6, 0x00, 0x67, 0x02, 0xFA, 0xBC, 0x0E, 0x2A, 0x59, 0x13,
    0x90, 0xFE, 0x38, 0xB8, 0x9E, 0xFE, 0xA2, 0xF1, 0x3E, 0x91, 0x2C, 0x63, 0x75, 0x35, 0x47, 0xA5,
    0x5C, 0x29, 0x12, 0x9B, 0xF9, 0x14, 0x92, 0x1B, 0x7F, 0xD7, 0xFF, 0xCC, 0x0F, 0xBC, 0x37, 0x9D,
    0x78, 0x99, 0x99, 0x6E, 0xB6, 0x93, 0xB9, 0x69, 0x70, 0x31, 0xFE, 0xE3, 0xD5, 0x45, 0x9C, 0xAB,
    0x9D, 0xD5, 0xD9, 0xF2, 0x4D, 0xD9, 0xAB, 0xC8, 0xBA, 0xCD, 0x53, 0x93, 0xC5, 0xBF, 0xE7, 0xBB,
    0x30, 0xC8, 0xAD, 0x81, 0xAC, 0xD7, 0xE4, 0x44, 0x02, 0xC2, 0xFA, 0xAB, 0x21, 0x1D, 0x9E, 0x59,
    0xEF, 0xA9, 0xDA, 0x80, 0xB2, 0xA5, 0x1A, 0xF6, 0xCB, 0xC8, 0xB6, 0x35, 0x76, 0xDE, 0x6F, 0x48,
    0x06, 0x07, 0x6E, 0x84, 0xF5, 0xE1, 0x90, 0xBF, 0x57, 0xCC, 0x06, 0xB9, 0x2E, 0x7A, 0xA2, 0x2F,
    0xED, 0xA6, 0x59, 0x90, 0xFE, 0x2D, 0xDF, 0x07, 0x33, 0xC4, 0xD3, 0x81, 0x2D, 0x59, 0x87, 0x91,
    0x81, 0x0A, 0x1B, 0x90, 0xD7, 0x97, 0xA0, 0x75, 0x46, 0x54, 0xE4, 0x15, 0xFD, 0x96, 0x23, 0xF3,
    0xBE, 0x0B, 0xB3, 0x36, 0xD9, 0x2F, 0x9D, 0x6C, 0x31, 0x17, 0xBC, 0x3F, 0x80, 0xED, 0x07, 0x3D,
    0x99, 0x3F, 0xD7, 0x05, 0x25, 0x2E, 0x2D, 0x71, 0x91, 0x71, 0x82, 0x47, 0x97, 0x20, 0xC1, 0x4A,
    0x20, 0x4B, 0x95, 0x2E, 0x5A, 0xE2, 0xAB, 0x2E, 0x64, 0x5F, 0xB9, 0xD6, 0x3D, 0x7F, 0xDF, 0x82,
    0xF1, 0x8D, 0x62, 0x33, 0x9B, 0xC4, 0xC9, 0xE6, 0x3D, 0xFF, 0x6E, 0x9B, 0x0D, 0x69, 0x9B, 0xB5,
    0xA9, 0xA4, 0x93, 0xF8, 0xC2, 0xE3, 0x87, 0x58, 0x6C, 0xF1, 0xBE, 0xD1, 0xE3, 0x29, 0xDF, 0x51,
    0x7A, 0x47, 0xF5, 0xEA, 0x86, 0x35, 0x86, 0xD3, 0xF8, 0xC8, 0x0F, 0xA6, 0x80, 0xEC, 0xC3, 0xF3,
    0xC2, 0x04, 0x54, 0xF6, 0xD9, 0xFD, 0xA3, 0xC6, 0xD8, 0xCA, 0x96, 0xDE, 0xEB, 0xDE, 0x7E, 0x52,
    0x7F, 0x71, 0xFF, 0x87, 0xBE, 0x65, 0x9C, 0x2F, 0xB6, 0x21, 0x09, 0x47, 0x6E, 0xC3, 0x51, 0x67,
    0x6D, 0x61, 0xD3, 0xF3, 0x2D, 0x33, 0x5D, 0x6D, 0x3E, 0x61, 0xDB, 0xA5, 0x3E, 0xE2, 0xF9, 0x2E,
    0x89, 0x8F, 0x9E, 0x27, 0xA1, 0xC7, 0xE8, 0xA6, 0x06, 0xC9, 0x74, 0xCB, 0xBF, 0xC3, 0xD6, 0x7F,
    0x3C, 0xF2, 0xC2, 0x2E, 0x1B, 0x24, 0x15, 0xBD, 0xE2, 0xD6, 0x7D, 0x6E, 0xDF, 0xD3, 0x87, 0x55,
    0x32, 0x52, 0x5A, 0x1C, 0x06, 0x56, 0x9C, 0x11, 0xA4, 0x83, 0xF2, 0x4F, 0x46, 0xC8, 0xFF, 0xB1,
    0x87, 0xEC, 0x5F, 0x3A, 0x48, 0x25, 0xAC, 0xBA, 0x71, 0x81, 0x07, 0xD8, 0xE8, 0xCC, 0x1A, 0x89,
    0xB4, 0x64, 0xA5, 0x0D, 0x32, 0x74, 0xE8, 0x9B, 0xE7, 0xCF, 0x65, 0xCE, 0x7C, 0x13, 0x30, 0x1B,
    0x13, 0xDF, 0x66, 0x1D, 0xB8, 0xF4, 0x73, 0x7D, 0x75, 0x3C, 0x4B, 0x3F, 0xEB, 0x8B, 0x1A, 0xCC,
    0xFC, 0x83, 0xC1, 0x10, 0xE4, 0x1F, 0x34, 0x63, 0x05, 0x14, 0x6F, 0x35, 0xEE, 0x0C, 0xC8, 0x7F,
    0x55, 0x6F, 0x1C, 0x12, 0x62, 0xCC, 0x00, 0xA4, 0x41, 0xEA, 0xE4, 0x4E, 0x94, 0x1D, 0x80, 0x23,
    0xD7, 0x48, 0xCA, 0xA0, 0x82, 0x9B, 0x3B, 0x99, 0x72, 0x97, 0xB5, 0x60, 0xCA, 0x1A, 0x0A, 0x2F,
    0xAD, 0x9D, 0x34, 0x1D, 0xE3, 0x59, 0xAC, 0xD3, 0xAB, 0xAA, 0x77, 0x73, 0x37, 0xBF, 0x7F, 0xC3,
    0xFB, 0xDC, 0xF7, 0x8A, 0x6D, 0x2F, 0xCF, 0x8F, 0x21, 0xE0, 0x39, 0x47, 0xB0, 0x7F, 0x4D, 0xDE,
    0xB2, 0x92, 0x51, 0x0C, 0x65, 0x4D, 0x61, 0x0D, 0xE4, 0x4D, 0x25, 0xB3, 0x73, 0x76, 0xF8, 0xCF,
    0x72, 0x79, 0x4F, 0x4F, 0x64, 0xCF, 0x06, 0x2F, 0xD8, 0xB6, 0x80, 0x69, 0x80, 0xB2, 0x16, 0x00,
    0x2C, 0x20, 0xC1, 0x41, 0xFE, 0xEA, 0x18, 0xF0, 0x51, 0x2F, 0x2E, 0x35, 0x90, 0x4C, 0x20, 0xD1,
    0x6F, 0xE5, 0xD8, 0x2D, 0xAB, 0x66, 0xA4, 0xB2, 0x63, 0xB2, 0xE3, 0xB5, 0xF9, 0x80, 0x8C, 0xAC,
    0x49, 0x36, 0x89, 0xF5, 0x89, 0xCD, 0xBB, 0xB4, 0x33, 0x75, 0xDA, 0xF9, 0xE5, 0xCD, 0x2E, 0xE8,
    0xEB, 0x11, 0x9F, 0x03, 0xAC, 0x61, 0xFC, 0xCA, 0x32, 0xE8, 0xE7, 0x77, 0x1D, 0x8A, 0x9C, 0x30,
    0x3C, 0x49, 0x7F, 0x0D, 0x0B, 0xF1, 0x71, 0x7C, 0xE2, 0x6F, 0xA1, 0xDF, 0x70, 0xC9, 0x63, 0x3D,
    0x26, 0x97, 0x0B, 0x0E, 0xCE, 0xA0, 0x68, 0xA5, 0x9C, 0x81, 0x7B, 0x44, 0xE1, 0xB1, 0xE6, 0x83,
    0x74, 0xBB, 0xB0, 0x00, 0x59, 0xFB, 0xED, 0xF3, 0x8D, 0xAB, 0xE7, 0xF5, 0xFF, 0x00, 0xD5, 0x99,
    0x0B, 0x88, 0x1C, 0xC9, 0x7D, 0xC6, 0x7F, 0xD5, 0x2D, 0xA9, 0xF1, 0xB5, 0x4F, 0x2D, 0x40, 0xE2,
    0x1C, 0x24, 0x6F, 0x1F, 0x70, 0x80, 0x92, 0x68, 0xD5, 0x07, 0x1C, 0x68, 0x81, 0xD1, 0x76, 0x9D,
    0x0F, 0x62, 0xDE, 0x59, 0x40, 0x83, 0xC0, 0x22, 0xF8, 0x00, 0xF3, 0x8A, 0x01, 0x09, 0x10, 0xB0,
    0x04, 0xED, 0x4C, 0xE3, 0xF0, 0x32, 0x02, 0x4E, 0x81, 0xF0, 0x34, 0x70, 0x22, 0x18, 0x82, 0xB9,
    0x60, 0x2D, 0x20, 0x40, 0xC0, 0xEE, 0x4E, 0xF9, 0x8E, 0xB7, 0x81, 0xEB, 0xC4, 0x39, 0x07, 0x38,
    0x42, 0x9A, 0x8B, 0x14, 0x73, 0x01, 0xE2, 0xB2, 0x32, 0x8A, 0x5B, 0xA2, 0x67, 0xFE, 0xA9, 0xAA,
    0xDE, 0x61, 0x57, 0x52, 0x1C, 0x45, 0x5E, 0x11, 0x9D, 0x7A, 0xEB, 0xFF, 0x7D, 0xF5, 0xF8, 0xD7,
    0xD7, 0x5F, 0xD5, 0xCC, 0xD4, 0xB0, 0xD3, 0x1B, 0x22, 0x1B, 0xB0, 0xF5, 0xD4, 0x85, 0x02, 0x12,
    0xDD, 0xC7, 0xED, 0x75, 0x92, 0x76, 0xA2, 0xF3, 0xFB, 0x85, 0x29, 0xBF, 0xFD, 0x5E, 0x3D, 0x4A,
    0xDE, 0xAB, 0xBB, 0x44, 0xEB, 0xD6, 0x8D, 0x2D, 0xC2, 0xB5, 0xD9, 0x48, 0xDE, 0xD5, 0x6E, 0xBC,
    0xF1, 0x79, 0x3E, 0x9F, 0xEF, 0xAD, 0xEF, 0x69, 0x14, 0x77, 0x41, 0x66, 0xA8, 0x87, 0x63, 0x22,
    0x5B, 0xB8, 0x58, 0x75, 0xC1, 0x63, 0x51, 0x8A, 0x0D, 0xF1, 0xC6, 0x83, 0xB5, 0xD0, 0x7E, 0x56,
    0x74, 0x99, 0xD4, 0xB3, 0xDD, 0x78, 0xC3, 0xCF, 0x6F, 0xA0, 0xA8, 0xE0, 0x18, 0xE8, 0x01, 0xAA,
    0xC9, 0xCA, 0x5F, 0x55, 0x6A, 0xFE, 0x88, 0xB8, 0x3E, 0x4B, 0x52, 0x65, 0xA4, 0xA4, 0xDA, 0xFF,
    0xF9, 0x7A, 0xDC, 0xAC, 0x92, 0x4C, 0xFE, 0x93, 0xBC, 0xF8, 0x85, 0x19, 0x40, 0x03, 0x20, 0x62,
    0x32, 0xE9, 0x7A, 0xBC, 0xF8, 0x50, 0x1F, 0x9E, 0x5C, 0x50, 0x1D, 0xCC, 0x7C, 0xF1, 0x95, 0x92,
    0xD8, 0x42, 0xA1, 0xD3, 0x06, 0x32, 0x93, 0x19, 0x48, 0x9B, 0xB2, 0x82, 0xD8, 0x8E, 0x01, 0xD5,
    0xCE, 0x00, 0xE6, 0x1D, 0xC4, 0xE2, 0xAE, 0x5D, 0x54, 0xC3, 0xEF, 0x7E, 0x36, 0xDC, 0xC5, 0xFD,
    0xFD, 0x90, 0x55, 0x3C, 0x8E, 0xEA, 0xBB, 0x9F, 0x11, 0x26, 0x2F, 0xB0, 0x5D, 0x5C, 0x00, 0xFB,
    0x9A, 0x91, 0xDC, 0xC8, 0xDE, 0xBD, 0x73, 0x86, 0x33, 0x2B, 0x9C, 0x5A, 0x81, 0x65, 0xC8, 0x5C,
    0x8F, 0xB4, 0x67, 0x8E, 0x74, 0x2B, 0xAC, 0xAE, 0x90, 0x9D, 0x27, 0x2B, 0x6F, 0x2C, 0x15, 0xD2,
    0x25, 0xD2, 0xC1, 0x2A, 0x64, 0x6F, 0x91, 0xAD, 0xB0, 0xB4, 0xCC, 0xB5, 0x44, 0x1A, 0x00, 0x06,
    0x57, 0x07, 0x57, 0x01, 0x4E, 0xCE, 0x35, 0x10, 0xDD, 0x3B, 0xDC, 0x02, 0x4B, 0x90, 0x02, 0x57,
    0x41, 0xD5, 0x28, 0x03, 0x5C, 0x21, 0x26, 0x9A, 0xEB, 0x53, 0x1C, 0xE5, 0x6C, 0xDC, 0xBC, 0xC6,
    0xD7, 0xD9, 0x52, 0x36, 0xE6, 0x34, 0xD6, 0x91, 0x7E, 0x27, 0xB2, 0x71, 0xA3, 0xAA, 0xB7, 0xE3,
    0x06, 0xAD, 0x8C, 0x27, 0xD8, 0x23, 0x0B, 0xCA, 0xB8, 0x14, 0x50, 0xD5, 0x69, 0xA6, 0x9C, 0x8E,
    0x9C, 0xCE, 0x16, 0x6F, 0xC7, 0xBC, 0x4E, 0xF1, 0x6E, 0xFD, 0x1A, 0x09, 0x47, 0xE6, 0x9C, 0x22,
    0x32, 0xC0, 0x3B, 0xB0, 0x09, 0x34, 0xB0, 0x0C, 0xA9, 0x86, 0xE4, 0xAE, 0xBA, 0x03, 0x70, 0x59,
    0x2A, 0x16, 0x57, 0xDE, 0xB0, 0xBA, 0xC5, 0xB1, 0xA3, 0x64, 0x73, 0xCE, 0x1F, 0x65, 0xD3, 0x95,
    0x25, 0xFE, 0x42, 0xAA, 0xFC, 0xBA, 0x39, 0x3C, 0x1C, 0xA2, 0x8F, 0x29, 0x73, 0x33, 0xFE, 0xB8,
    0xC9, 0x7E, 0x5E, 0x97, 0x45, 0xD5, 0x8D, 0x70, 0xE8, 0xEA, 0xC9, 0xC7, 0x8D, 0x32, 0x8D, 0x1B,
    0x3D, 0x31, 0xBC, 0xD8, 0x8C, 0x45, 0xAC, 0x0F, 0x88, 0x9B, 0xFD, 0x31, 0x1C, 0xAE, 0xB9, 0xDE,
    0x30, 0x70, 0xF8, 0x27, 0x00, 0x6A, 0x22, 0x53, 0x20, 0x9D, 0x7F, 0x24, 0x40, 0x59, 0x91, 0xD7,
    0xD0, 0x41, 0x34, 0x25, 0xB6, 0xC0, 0x16, 0xC9, 0xCF, 0x45, 0xF4, 0x2A, 0x99, 0xDE, 0x54, 0x4D,
    0x46, 0xCE, 0x26, 0x57, 0xD2, 0x6A, 0xD9, 0xD1, 0x3B, 0xB1, 0x19, 0xB0, 0x20, 0x65, 0xE3, 0x7A,
    0xC0, 0x44, 0x9A, 0x28, 0x90, 0xF6, 0xB4, 0x79, 0x86, 0xD8, 0x9C, 0x77, 0xFE, 0x1D, 0x9D, 0x65,
    0x33, 0x25, 0x31, 0x19, 0x9B, 0xF1, 0x0F, 0x33, 0x9D, 0x5E, 0x97, 0xA8, 0xCB, 0x89, 0x7F, 0xF9,
    0x13, 0xD6, 0xCE, 0xA3, 0xA6, 0xA0, 0x5A, 0xD8, 0x81, 0xD4, 0x42, 0x7E, 0x57, 0x4D, 0x2A, 0x88,
    0x44, 0x66, 0x00, 0x85, 0xDC, 0x60, 0x71, 0x39, 0xF7, 0x56, 0xEC, 0x59, 0xFE, 0x46, 0xFF, 0xAC,
    0xFA, 0x5B, 0xFD, 0x07, 0xC4, 0xCD, 0x6E, 0xB9, 0xF8, 0x40, 0x8B, 0x18, 0x57, 0x7C, 0x73, 0x51,
    0xA2, 0x30, 0x71, 0x38, 0xDC, 0x1D, 0x4A, 0x67, 0xAC, 0xDE, 0x32, 0x57, 0xA3, 0x7A, 0x93, 0xE6,
    0x18, 0x6E, 0xB8, 0x26, 0xAD, 0x18, 0x91, 0x4C, 0x29, 0x34, 0x77, 0xD0, 0x96, 0xE6, 0xC1, 0xB0,
    0x11, 0x69, 0x4A, 0xB1, 0x7F, 0xF4, 0x91, 0x25, 0x31, 0x2C, 0xC1, 0x1D, 0xA2, 0x07, 0x44, 0x52,
    0xA3, 0x2C, 0xAC, 0xF4, 0xE5, 0x2A, 0xD3, 0xE2, 0x47, 0x4D, 0x32, 0xD7, 0x19, 0x4B, 0x0C, 0x88,
    0x9B, 0x58, 0x7A, 0xF8, 0x7E, 0xA3, 0xC6, 0x8C, 0x1B, 0x8A, 0x67, 0x81, 0xA5, 0x64, 0x64, 0x99,
    0xB0, 0x31, 0xBF, 0x24, 0x7F, 0x7D, 0x6D, 0x22, 0xFF, 0xD2, 0x5E, 0x3B, 0x39, 0x4B, 0xA7, 0xD7,
    0x00, 0x9E, 0x0D, 0x30, 0x11, 0x49, 0x44, 0x24, 0x77, 0x51, 0xEE, 0xC6, 0x78, 0x5F, 0x94, 0xBB,
    0x63, 0xA9, 0x0B, 0xE5, 0x82, 0x43, 0x59, 0x06, 0xCF, 0x1F, 0xD7, 0x44, 0x36, 0x72, 0xBD, 0xCA,
    0x80, 0x39, 0x3F, 0xE5, 0xE8, 0xD3, 0x7F, 0xDC, 0xBA, 0x29, 0x36, 0x6D, 0xDD, 0xD6, 0x72, 0x3B,
    0xA9, 0x6C, 0x6C, 0x9A, 0xC8, 0x38, 0x74, 0x75, 0xD7, 0xE3, 0xFA, 0x4F, 0x0C, 0x2F, 0x68, 0x4D,
    0xFD, 0x3E, 0x76, 0x9D, 0x6E, 0xC4, 0xB8, 0xA8, 0x16, 0xEF, 0x5B, 0xA6, 0xEB, 0xD4, 0x57, 0xD0,
    0x1A, 0x01, 0x20, 0x7B, 0x6E, 0x54, 0x01, 0x53, 0xED, 0x31, 0xE3, 0xB8, 0x8B, 0x65, 0xB6, 0x10,
    0x3B, 0x50, 0x1D, 0xB0, 0x1E, 0x7B, 0xB4, 0xD9, 0x00, 0x54, 0xB3, 0xEC, 0x30, 0x36, 0xEB, 0x01,
    0xAD, 0xC3, 0xF4, 0x3D, 0xE3, 0x30, 0x4B, 0x2B, 0x87, 0xCB, 0x99, 0x88, 0x61, 0x80, 0x2F, 0xEB,
    0x01, 0x6D, 0xC0, 0x9B, 0xC4, 0x62, 0x00, 0x35, 0xD4, 0xBF, 0xAF, 0xC3, 0x1E, 0x23, 0xE3, 0x31,
    0x0E, 0x98, 0x5E, 0x6A, 0x11, 0x9B, 0xDD, 0x49, 0x81, 0x65, 0x1B, 0x57, 0x30, 0xB8, 0xA9, 0x0C,
    0xDC, 0x0E, 0x59, 0xD6, 0x67, 0x45, 0x35, 0x99, 0xF6, 0x95, 0x1D, 0x48, 0x75, 0x32, 0x85, 0x9C,
    0xB2, 0x82, 0xF3, 0x84, 0x65, 0x61, 0x31, 0x58, 0x55, 0x3B, 0xBC, 0xA9, 0xBC, 0xF3, 0xF0, 0x1E,
    0x2F, 0xC5, 0x02, 0x44, 0x0D, 0x40, 0x5A, 0x01, 0x9C, 0x05, 0xE0, 0x4E, 0xE8, 0x7E, 0x18, 0x50,
    0xC2, 0xA8, 0x9A, 0x42, 0x10, 0x02, 0x38, 0x5F, 0x01, 0x94, 0x06, 0xAE, 0x30, 0xA9, 0x5E, 0xE3,
    0xFC, 0x11, 0xA1, 0x24, 0x93, 0x9F, 0x32, 0x81, 0x0B, 0x03, 0xF5, 0xEB, 0xB0, 0x93, 0x9F, 0x02,
    0x36, 0xCD, 0x40, 0x35, 0x4B, 0x0E, 0x63, 0x33, 0x70, 0x98, 0x54, 0xD6, 0x61, 0x16, 0xD5, 0x0E,
    0x97, 0x62, 0x11, 0xCB, 0x00, 0x32, 0x58, 0x0F, 0x68, 0x03, 0xDE, 0x04, 0xB1, 0xFD, 0x47, 0x17,
    0x5C, 0x89, 0x5A, 0x88, 0xBB, 0xC0, 0xA1, 0x0D, 0x84, 0x24, 0xA6, 0x21, 0x82, 0xB7, 0xD8, 0x4F,
    0x6D, 0x60, 0x5C, 0x11, 0xCD, 0x21, 0x9B, 0x42, 0x51, 0xC1, 0x08, 0xE8, 0xE0, 0xAD, 0x16, 0xB6,
    0x5C, 0x5C, 0xEB, 0x5C, 0x8C, 0xA0, 0x2D, 0xEF, 0x5D, 0x9A, 0x66, 0x22, 0xB5, 0x9A, 0x84, 0x45,
    0x5A, 0x00, 0xB8, 0x1A, 0x90, 0x41, 0x40, 0xE9, 0x7A, 0x9A, 0x07, 0xBA, 0x28, 0x81, 0x12, 0xD1,
    0x00, 0xD9, 0xA7, 0x06, 0x20, 0xBF, 0x5E, 0x03, 0x14, 0xDF, 0x6E, 0x00, 0x4A, 0xEF, 0x01, 0xB6,
    0x83, 0x4D, 0x3A, 0x3A, 0x40, 0xB5, 0x6C, 0x03, 0xF1, 0x94, 0x31, 0x90, 0x58, 0x4A, 0x20, 0x6D,
    0x82, 0xB7, 0xEC, 0xDE, 0xF0, 0xB2, 0x81, 0x42, 0x44, 0x1A, 0x28, 0x1D, 0x59, 0x18, 0x87, 0x64,
    0x66, 0xA0, 0x3A, 0x5F, 0xA0, 0x23, 0x9A, 0x02, 0x23, 0x7F, 0x5E, 0x71, 0x78, 0x7C, 0x41, 0xC4,
    0x90, 0x49, 0xB7, 0x4B, 0xC0, 0x71, 0xF6, 0xBD, 0x34, 0xD8, 0x03, 0x99, 0xDF, 0x79, 0xC2, 0xFC,
    0xEC, 0x77, 0x9A, 0xFF, 0xEC, 0xC5, 0x98, 0x7F, 0x13, 0x00, 0xBA, 0x80, 0xF1, 0xF5, 0x85, 0xEB,
    0x57, 0xC2, 0x7C, 0x6A, 0x1A, 0x80, 0xA5, 0x07, 0x35, 0xC0, 0x99, 0xA2, 0x7A, 0xA5, 0x76, 0x9E,
    0xBD, 0x2D, 0x0F, 0xF4, 0x4A, 0xBD, 0xE7, 0xBF, 0x07, 0x80, 0xFA, 0xE7, 0x40, 0xD1, 0x9F, 0xF4,
    0xAD, 0x1F, 0x06, 0xE2, 0xCE, 0x2B, 0xB5, 0x14, 0x17, 0xE2, 0xAE, 0x39, 0xC8, 0xAC, 0xAF, 0x79,
    0xB7, 0x2E, 0x7B, 0x38, 0x1C, 0x05, 0xC3, 0x91, 0x85, 0x55, 0xEF, 0xB9, 0xDA, 0xAD, 0xE5, 0x1F,
    0x98, 0xDD, 0x5A, 0x91, 0x34, 0xBE, 0xD6, 0x9B, 0xF7, 0xB5, 0xE0, 0x7F, 0x1A, 0x6A, 0x61, 0x09,
    0x7D, 0x4D, 0xB5, 0xAE, 0xE6, 0xF4, 0xB4, 0xF7, 0x36, 0x8A, 0x44, 0xC4, 0x84, 0xB5, 0x84, 0x5A,
    0x58, 0xCE, 0xB7, 0x2C, 0xF4, 0x2B, 0xFA, 0xD8, 0x42, 0xBF, 0xA8, 0x50, 0x0B, 0xEB, 0xFA, 0xC2,
    0x42, 0xBF, 0xB4, 0xFB, 0xA1, 0x36, 0x83, 0xE8, 0xBF, 0x2C, 0x9C, 0xA0, 0x03, 0xE6, 0xDE, 0x4B,
    0x58, 0xA3, 0xF8, 0x5A, 0x58, 0xA6, 0x78, 0xF7, 0x61, 0x89, 0x61, 0x45, 0x7B, 0x35, 0xFC, 0x81,
    0x1B, 0xF4, 0x6B, 0x90, 0x2F, 0x2F, 0x4F, 0x89, 0x67, 0xA8, 0x8E, 0xAC, 0x81, 0x11, 0x79, 0x05,
    0xAB, 0x94, 0x78, 0x1C, 0x41, 0xF8, 0x66, 0x06, 0xE8, 0x02, 0xB6, 0x4F, 0x61, 0xB7, 0x0F, 0xFB,
    0xCC, 0x51, 0xC0, 0x32, 0x60, 0x6E, 0x20, 0xD3, 0xA9, 0x85, 0x42, 0xC7, 0x33, 0x90, 0x70, 0xC7,
    0x0E, 0x72, 0x91, 0x06, 0xE7, 0x64, 0xBE, 0x97, 0x3B, 0x08, 0x78, 0x3B, 0xA0, 0x05, 0xB8, 0xBA,
    0xDB, 0x1B, 0x5C, 0x07, 0x08, 0xAF, 0x48, 0xDC, 0xC0, 0xEA, 0xE3, 0xC0, 0x93, 0xE0, 0x77, 0x3A,
    0xF6, 0x5B, 0xDB, 0x43, 0x03, 0xFC, 0x2E, 0xF8, 0xC3, 0x3D, 0xA9, 0x20, 0xBF, 0x77, 0x37, 0x38,
    0x0E, 0xB0, 0x0E, 0x60, 0x5F, 0xA6, 0x8D, 0xB7, 0x00, 0xBA, 0x70, 0x44, 0xBC, 0x4C, 0x1B, 0x04,
    0x07, 0x2F, 0xD9, 0x46, 0x6C, 0x50, 0x0D, 0x58, 0xFA, 0x7F, 0x0E, 0xDC, 0x5B, 0x3D, 0xB2, 0x3C,
    0x7F, 0xD9, 0xFB, 0xCF, 0x83, 0x35, 0x68, 0x88, 0xCC, 0x8B, 0x13, 0xBC, 0x41, 0x6C, 0xC9, 0x4E,
    0xBD, 0x38, 0x41, 0xC8, 0x96, 0x39, 0xFA, 0xE2, 0x04, 0x73, 0x11, 0xB9, 0x0B, 0x9E, 0xC4, 0x1F,
    0x88, 0xC3, 0xEF, 0x84, 0x63, 0x03, 0xD2, 0x2E, 0x10, 0xD2, 0x53, 0xA9, 0x03, 0x65, 0x26, 0x50,
    0x5A, 0x07, 0x8A, 0x9B, 0x9E, 0xEC, 0x89, 0x51, 0xA0, 0xF1, 0x1C, 0x88, 0x16, 0xD4, 0x8F, 0x3D,
    0x4E, 0xCD, 0x62, 0xFA, 0x3E, 0xB1, 0x42, 0x07, 0xDA, 0xC1, 0x53, 0xD2, 0x79, 0x13, 0xC3, 0x89,
    0x5D, 0x58, 0xDA, 0x35, 0x08, 0x79, 0xD5, 0x00, 0xAC, 0xDE, 0xAF, 0x01, 0x36, 0xC7, 0x06, 0x64,
    0xBA, 0x76, 0xB8, 0x14, 0x2B, 0x1D, 0x38, 0xBA, 0x28, 0x70, 0x62, 0xB6, 0x16, 0x49, 0x05, 0x2D,
    0x91, 0x98, 0x40, 0xBF, 0xB5, 0x81, 0xEE, 0xB7, 0x81, 0xEC, 0xAC, 0xA7, 0xB2, 0xA7, 0xDC, 0x04,
    0x4A, 0x9B, 0x40, 0xF1, 0x34, 0x90, 0xEA, 0x02, 0xB1, 0xD3, 0x53, 0xA9, 0x03, 0x65, 0x26, 0x50,
    0x62, 0x03, 0x45, 0x6D, 0x20, 0x66, 0x3D, 0x95, 0x3D, 0x15, 0xAD, 0xDF, 0x58, 0xB2, 0x16, 0x11,
    0x43, 0xDC, 0x93, 0x6A, 0x81, 0x54, 0x03, 0xC4, 0x15, 0x40, 0x64, 0x20, 0x1C, 0xBC, 0x8B, 0xA3,
    0x4F, 0x1E, 0xDD, 0x9A, 0x11, 0xCF, 0x61, 0x52, 0x65, 0x16, 0xF2, 0x3A, 0x37, 0x90, 0x78, 0x8F,
    0x44, 0xED, 0x08, 0xA0, 0xDB, 0x02, 0xD8, 0xEA, 0x00, 0x36, 0x02, 0xAE, 0xB6, 0xFB, 0xB0, 0xDB,
    0xC3, 0x8D, 0x3E, 0xB3, 0x9F, 0xD5, 0x2B, 0xF4, 0x6A, 0x69, 0x50, 0x8E, 0x67, 0xFE, 0x2E, 0x4C,
    0xBE, 0xBC, 0x3C, 0x5B, 0xDC, 0xBD, 0x77, 0x42, 0x54, 0x03, 0xC4, 0x86, 0xE0, 0xF6, 0x49, 0x87,
    0x3E, 0x3F, 0xCC, 0x7D, 0xCA, 0xA1, 0xFA, 0x7F, 0x73, 0x98, 0x18, 0x80, 0xD7, 0x2D, 0xC0, 0xCA,
    0x4A, 0x70, 0x38, 0xFB, 0x6A, 0xED, 0xE1, 0xF1, 0x23, 0x00, 0x92, 0x02, 0xEA, 0x9F, 0xFE, 0xC3,
    0xA3, 0xE9, 0xBE, 0x8A, 0xAF, 0x35, 0x00, 0x9C, 0xB9, 0xDA, 0xE3, 0x57, 0xF1, 0xB5, 0x66, 0x25,
    0x65, 0xA7, 0x30, 0xA5, 0x90, 0x75, 0xA4, 0x1D, 0xC5, 0x9C, 0xF1, 0xB8, 0xDA, 0xCA, 0xAA, 0x37,
    0x23, 0xF6, 0x5D, 0xB7, 0x7D, 0xBE, 0xEA, 0xFC, 0xDC, 0x5F, 0x4D, 0xBD, 0x73, 0xE9, 0x35, 0x4D,
    0x66, 0x1D, 0x7A, 0xE7, 0x91, 0x78, 0xE7, 0xC9, 0x6F, 0xBC, 0xF3, 0xDC, 0x78, 0xE7, 0xA5, 0xF6,
    0xCE, 0xE7, 0xDE, 0x79, 0xDC, 0x7A, 0xCF, 0xA9, 0xF5, 0x98, 0x1B, 0xEF, 0x79, 0x8C, 0xC7, 0x99,
    0x77, 0x1E, 0x4F, 0xBD, 0xF3, 0xAC, 0xF1, 0xCE, 0x0B, 0xE3, 0x9D, 0x4B, 0x70, 0xDE, 0x79, 0xE7,
    0x49, 0xBF, 0x3F, 0x61, 0xAF, 0xCA, 0x0F, 0xBD, 0xF3, 0x51, 0x70, 0x7E, 0x8A, 0xFD, 0x97, 0xAA,
    0x7B, 0xB6, 0x0B, 0xB7, 0x20, 0x62, 0x28, 0xC5, 0xEE, 0x92, 0x3B, 0x2D, 0xC2, 0x91, 0x65, 0x81,
    0x2D, 0x5E, 0x20, 0x75, 0xA8, 0x69, 0x20, 0x5A, 0x42, 0x74, 0x84, 0x9E, 0x6D, 0x88, 0x2D, 0x94,
    0x90, 0x34, 0x50, 0xD4, 0x14, 0x06, 0xD2, 0xF9, 0x77, 0x04, 0x50, 0x22, 0x2D, 0xC0, 0x49, 0xA9,
    0x7A, 0xBB, 0xFB, 0xCD, 0xAB, 0xFA, 0xE5, 0x9B, 0xDF, 0xD9, 0x35, 0xAF, 0x49, 0xBD, 0xF9, 0xBB,
    0x8C, 0xBD, 0x79, 0x91, 0xA7, 0xCD, 0x2F, 0x5C, 0xC7, 0x7F, 0x17, 0xE8, 0x68, 0xFA, 0x6A, 0xED,
    0x3C, 0x00, 0xA4, 0x47, 0x03, 0x25, 0xAF, 0xBF, 0x52, 0xE6, 0x95, 0x06, 0x48, 0x43, 0x3D, 0x7B,
    0xC6, 0xA3, 0x8A, 0x76, 0xDF, 0xA3, 0x8A, 0x7A, 0xF1, 0xA8, 0x22, 0x69, 0x0A, 0x0D, 0xB1, 0x1D,
    0x01, 0xAA, 0xED, 0x00, 0x76, 0xA6, 0x00, 0xA5, 0x05, 0xC2, 0x9D, 0x21, 0xAB, 0xFE, 0x67, 0x7C,
    0xF6, 0xA3, 0x8A, 0x01, 0x4F, 0xC7, 0x27, 0xD2, 0x72, 0x8E, 0xCB, 0xFA, 0x1C, 0x51, 0x7D, 0x0E,
    0xAC, 0x8B, 0x75, 0x17, 0x83, 0x27, 0x62, 0xC5, 0xC5, 0xE6, 0x39, 0x54, 0x73, 0x8E, 0x93, 0xD5,
    0x27, 0xF2, 0xF0, 0x29, 0x9D, 0xD3, 0x40, 0xFB, 0xE7, 0xF0, 0x48, 0x6A, 0x44, 0x2C, 0xF2, 0xB3,
    0x16, 0xD1, 0x5D, 0x1F, 0xFF, 0xD0, 0x86, 0xBE, 0x87, 0x62, 0x68, 0x27, 0x37, 0x10, 0xF1, 0xED,
    0x39, 0x72, 0x4F, 0x10, 0x5D, 0x56, 0x42, 0x11, 0x22, 0xD4, 0x5D, 0x5F, 0x18, 0x93, 0x36, 0xE4,
    0xB6, 0x00, 0xA9, 0x86, 0xD8, 0x2C, 0xBE, 0xA8, 0x51, 0x72, 0x83, 0x54, 0x3A, 0xB2, 0x7F, 0x13,
    0x32, 0x0A, 0xFD, 0x1A, 0x59, 0x85, 0x0B, 0x25, 0x52, 0x65, 0x8F, 0x6E, 0x55, 0xA5, 0xCE, 0xAA,
    0xF3, 0xAE, 0x7D, 0xCD, 0xC5, 0x86, 0xD3, 0x2D, 0x95, 0xFC, 0x63, 0x21, 0x9F, 0x77, 0xC9, 0x3C,
    0x0E, 0x72, 0xA8, 0x5D, 0xBD, 0xA4, 0x82, 0xF4, 0x05, 0xE9, 0x65, 0x35, 0x9C, 0xB9, 0x02, 0xC7,
    0x8E, 0x1F, 0x5C, 0x6F, 0x23, 0x05, 0xF9, 0x53, 0xD4, 0x27, 0x33, 0x94, 0xF9, 0xF1, 0xC1, 0xF5,
    0x0E, 0x1D, 0x83, 0xC1, 0x3A, 0x7C, 0xE3, 0xCD, 0x83, 0x6B, 0x25, 0x15, 0x7C, 0xFD, 0x7D, 0xA7,
    0xF5, 0x36, 0xBC, 0x7E, 0x13, 0x22, 0x7D, 0x60, 0xCD, 0x30, 0x7F, 0x16, 0x24, 0x26, 0x6E, 0xC6,
    0x2F, 0x25, 0x9A, 0xDF, 0x6A, 0x9C, 0xD0, 0x7B, 0x36, 0xB2, 0x5F, 0x23, 0xBB, 0x6E, 0x98, 0x42,
    0xF6, 0x81, 0xA3, 0x48, 0xE4, 0x03, 0x91, 0xD6, 0x89, 0x7A, 0x72, 0xBA, 0x1F, 0x7C, 0x36, 0xBC,
    0x70, 0x3E, 0x8C, 0x71, 0xCD, 0x65, 0xD6, 0xE0, 0x6E, 0xF0, 0x97, 0x96, 0xDB, 0xE5, 0xB7, 0xE4,
    0xDF, 0xE7, 0x97, 0xA6, 0xB9, 0xBB, 0xCD, 0x44, 0xEA, 0x23, 0xB3, 0xB8, 0x3D, 0x39, 0x67, 0x71,
    0x4D, 0x5A, 0x12, 0x11, 0x9D, 0x3F, 0xBC, 0x6C, 0x4A, 0x1D, 0xD7, 0x23, 0xE2, 0xBA, 0x03, 0xDD,
    0x02, 0x8B, 0xE8, 0xF0, 0x52, 0x4A, 0xBB, 0xF1, 0xC6, 0xE7, 0xF9, 0x7C, 0x2E, 0xB7, 0x84, 0xA5,
    0xE5, 0xFB, 0xDE, 0xF8, 0xDF, 0x04, 0xB2, 0x85, 0x6E, 0x4D, 0x2A, 0x2D, 0xF9, 0x97, 0x73, 0x4A,
    0x0A, 0xB6, 0xC9, 0x74, 0xE7, 0x42, 0x44, 0x2A, 0x1F, 0xB3, 0xE1, 0xD0, 0xB5, 0x61, 0x1B, 0x28,
    0x49, 0x75, 0x7E, 0x6F, 0xA2, 0x53, 0x99, 0xC1, 0xA4, 0x81, 0xC3, 0xBB, 0x3A, 0xCB, 0xC0, 0xE9,
    0x03, 0x6A, 0x7D, 0x2D, 0x74, 0xC2, 0x17, 0x06, 0xA5, 0xD7, 0x0E, 0xA6, 0xA5, 0x35, 0xDC, 0x37,
    0xF0, 0x57, 0xD5, 0x81, 0x74, 0xFA, 0x07, 0x03, 0x58, 0x80, 0x71, 0xE5, 0x95, 0xBE, 0xDF, 0x10,
    0xFF, 0x2F, 0xE5, 0x11, 0x91, 0xC0, 0x0E, 0xAC, 0xA1, 0x1A, 0x22, 0x43, 0x5C, 0x3D, 0xDF, 0x44,
    0x55, 0x11, 0x5B, 0x8E, 0x9E, 0xE1, 0xF8, 0xA1, 0xE7, 0x9B, 0x78, 0xE8, 0x10, 0x4B, 0x03, 0xBE,
    0xF6, 0x8D, 0xE7, 0xF4, 0x49, 0x59, 0x79, 0x68, 0x80, 0x3F, 0xB6, 0x40, 0xF4, 0xE9, 0xD4, 0x81,
    0xE5, 0x19, 0x30, 0xFE, 0xC2, 0x92, 0x88, 0x58, 0xF2, 0x87, 0xB7, 0x2C, 0xA5, 0x8E, 0x2D, 0x23,
    0x3F, 0xD0, 0x79, 0x68, 0x1F, 0x87, 0x8E, 0xD8, 0xB2, 0xED, 0xA1, 0xD4, 0x99, 0xA5, 0x78, 0x38,
    0x79, 0x44, 0x2A, 0x0F, 0xC4, 0xF9, 0xBC, 0xB1, 0xA3, 0xC9, 0x7F, 0x60, 0xA0, 0xFC, 0x57, 0x07,
    0x57, 0xC7, 0x1A, 0xAE, 0x7C, 0x13, 0x76, 0x8E, 0xCC, 0x35, 0xF2, 0xA1, 0x34, 0x7C, 0xE8, 0x3E,
    0x0D, 0xA4, 0x5E, 0x28, 0xAD, 0xE9, 0x48, 0x0D, 0x5B, 0xCF, 0x00, 0xF7, 0xF5, 0xB1, 0xAD, 0x45,
    0x18, 0xD7, 0x0E, 0x8A, 0x9A, 0x0C, 0x48, 0x76, 0x4F, 0x4E, 0x80, 0xF1, 0x74, 0xF7, 0x53, 0x34,
    0xA9, 0x4B, 0x9D, 0xD8, 0x1D, 0xD4, 0xB4, 0x83, 0xAE, 0x85, 0xAD, 0x45, 0xF8, 0xF6, 0x88, 0x68,
    0xEA, 0xC7, 0x7D, 0x9E, 0xCF, 0xF7, 0xF3, 0xFA, 0x13, 0xB8, 0x82, 0x54, 0xC3, 0x6B, 0x07, 0xD4,
    0x8A, 0x80, 0xCC, 0xC0, 0xCA, 0x26, 0xAC, 0x1D, 0x3F, 0x98, 0xD6, 0xD6, 0x51, 0xD4, 0xAF, 0xFF,
    0x8C, 0xE8, 0x93, 0xCE, 0x7F, 0x72, 0x9E, 0xD2, 0xDA, 0x7E, 0x1E, 0xAD, 0x63, 0xFE, 0xD4, 0xB5,
    0xF0, 0xD6, 0xFB, 0x07, 0xF3, 0x04, 0xAA, 0x26, 0x6A, 0x40, 0xEF, 0x3D, 0x0D, 0xDE, 0xEB, 0xAC,
    0x00, 0x0E, 0x01, 0xE4, 0x90, 0xCF, 0xC6, 0x28, 0x91, 0x8E, 0x64, 0x7E, 0x79, 0x4A, 0x56, 0x67,
    0x1D, 0x79, 0x55, 0xCC, 0x28, 0xD9, 0x2E, 0x59, 0x55, 0x6D, 0xC1, 0x6A, 0xD2, 0x38, 0xC8, 0x4D,
    0x41, 0x59, 0x52, 0x92, 0x77, 0x6C, 0x93, 0x59, 0xD5, 0x91, 0xF9, 0x19, 0xE1, 0xD7, 0xD0, 0x51,
    0x3E, 0x83, 0x75, 0xF6, 0x2E, 0x0B, 0x70, 0x1B, 0x60, 0x00, 0x00, 0x4C, 0x9A, 0x58, 0x7A, 0x78,
    0xA3, 0x51, 0x63, 0xE2, 0x86, 0xE2, 0x59, 0x60, 0x29, 0x89, 0x2C, 0x13, 0x94, 0x7F, 0x64, 0x8C,
    0x7F, 0x64, 0x8C, 0x7F, 0x64, 0xFC, 0xC4, 0xCF, 0x8B, 0xB0, 0xF6, 0xFB, 0xCB, 0x4F, 0x11, 0x27,
    0xFF, 0x91, 0xFC, 0x98, 0x89, 0x7C, 0xB8, 0x90, 0x7F, 0x7F, 0xFF, 0xCF, 0x86, 0x1C, 0x56, 0xFA,
    0x85, 0xCA, 0x87, 0x5F, 0xFC, 0x93, 0xEB, 0x1A, 0x94, 0x7A, 0xC1, 0xFB, 0x72, 0x18, 0x60, 0x99,
    0xC5, 0xB6, 0xAF, 0xC3, 0xC4, 0x22, 0x32, 0x99, 0x3A, 0x38, 0xD1, 0x71, 0xE9, 0x01, 0x5B, 0x64,
    0x35, 0x23, 0x32, 0x43, 0x49, 0x51, 0x91, 0xEB, 0x12, 0xD7, 0x18, 0x43, 0x6A, 0xB6, 0x21, 0x6E,
    0x3A, 0x07, 0xBF, 0x69, 0x41, 0xFD, 0xD6, 0x02, 0xE2, 0x61, 0x52, 0x03, 0xA5, 0x01, 0x37, 0xC1,
    0x03, 0xC0, 0x2A, 0x28, 0x3A, 0xC8, 0xDE, 0x6D, 0x1D, 0x7C, 0x6E, 0x21, 0x11, 0x83, 0x33, 0x04,
    0x8C, 0xAB, 0xC5, 0xA4, 0x4B, 0x0D, 0x10, 0xFF, 0x5F, 0xE1, 0x0B, 0xD1, 0xC4, 0x22, 0x53, 0xE2,
    0xF9, 0x8F, 0x66, 0xC4, 0x96, 0x7E, 0x37, 0xB4, 0x83, 0xCC, 0x38, 0x48, 0xF7, 0x83, 0x25, 0xF3,
    0x90, 0x57, 0x71, 0xE7, 0xF3, 0xC4, 0xCF, 0xF8, 0x5C, 0x5A, 0xE2, 0xBF, 0x97, 0x8A, 0x0D, 0xE0,
    0x19, 0x70, 0x1C, 0x00, 0xF5, 0x03, 0x0D, 0xD1, 0x2F, 0x0C, 0xA0, 0x5F, 0xCA, 0x5E, 0xFD, 0x37,
    0xD5, 0x9B, 0x01, 0x88, 0xDC, 0x56, 0x7A, 0xC7, 0x7F, 0x92, 0xBC, 0x9E, 0x34, 0xAA, 0x2D, 0x03,
    0x6B, 0x72, 0x34, 0x71, 0x94, 0xC2, 0xC1, 0x35, 0xED, 0x9E, 0x15, 0xC0, 0x85, 0x14, 0xEC, 0xD1,
    0x4B, 0x4B, 0x7B, 0x40, 0x01, 0xB6, 0xE0, 0xAD, 0x21, 0xA6, 0x75, 0x0B, 0x05, 0x4A, 0xDA, 0xB2,
    0x81, 0xBA, 0x6D, 0x20, 0xDE, 0x19, 0xF5, 0x0A, 0x14, 0x38, 0xE0, 0x0C, 0x84, 0x00, 0xA4, 0x90,
    0x00, 0xE1, 0xB8, 0x6B, 0x0A, 0x36, 0x40, 0x69, 0x81, 0xD9, 0x9D, 0x97, 0x6B, 0x01, 0xA0, 0x70,
    0x51, 0x8E, 0xBA, 0x05, 0x42, 0x39, 0xF5, 0x9A, 0x34, 0xBD, 0x96, 0xE3, 0xD4, 0x8B, 0x5C, 0x6B,
    0x7D, 0x1A, 0x7D, 0xD5, 0x7B, 0x4F, 0xD9, 0x9D, 0xB5, 0x37, 0x67, 0xDB, 0xBB, 0xC7, 0xAE, 0x15,
    0xBD, 0xDF, 0x5F, 0x99, 0x79, 0x7A, 0xEF, 0xFB, 0x7F, 0xEF, 0xAD, 0xDE, 0x68, 0x46, 0x86, 0x50,
    0x32, 0xD8, 0x12, 0x69, 0xB0, 0xD2, 0x5A, 0xB9, 0x20, 0x56, 0x06, 0xA2, 0x00, 0xA2, 0xF7, 0x34,
    0x40, 0xFC, 0x95, 0x1C, 0x20, 0xF9, 0x52, 0x01, 0x90, 0x06, 0x25, 0xC0, 0xBA, 0x5F, 0x03, 0x34,
    0x34, 0x80, 0x57, 0xB3, 0x0E, 0x04, 0x15, 0x63, 0x60, 0x50, 0x92, 0x02, 0x61, 0x41, 0x92, 0x41,
    0xF4, 0xD1, 0xCA, 0xAA, 0x86, 0x44, 0x44, 0x0A, 0x48, 0x3B, 0x29, 0x61, 0x6C, 0x2B, 0x33, 0x03,
    0xAF, 0x31, 0x3B, 0x34, 0xF8, 0x15, 0x30, 0xE2, 0xC2, 0x4D, 0xC5, 0xC2, 0xF8, 0xBC, 0x88, 0x26,
    0x92, 0xA6, 0x17, 0x4E, 0x9E, 0x87, 0x71, 0x03, 0x2F, 0x7D, 0x1D, 0x4F, 0xAE, 0x12, 0x4A, 0x43,
    0xF4, 0x2F, 0x42, 0x4C, 0xA2, 0x1E, 0x27, 0xCA, 0xE8, 0x8A, 0x27, 0x92, 0x45, 0xB7, 0xAF, 0x65,
    0xA9, 0x8A, 0xB2, 0x73, 0x44, 0xD9, 0x95, 0xAE, 0xAC, 0x91, 0x64, 0xA9, 0x27, 0xFF, 0x9C, 0xC8,
    0x07, 0xCD, 0xA0, 0x0D, 0x6A, 0x00, 0x38, 0x82, 0x02, 0x38, 0xEE, 0x6B, 0x80, 0xF0, 0x9D, 0x0C,
    0xC0, 0x6B, 0xD9, 0x4B, 0x3E, 0x36, 0xEE, 0xC8, 0xC7, 0xEC, 0x33, 0xF3, 0x71, 0x63, 0x3F, 0xF2,
    0xA1, 0x16, 0xA0, 0x3C, 0x06, 0x1B, 0x13, 0x48, 0x6B, 0x88, 0x8B, 0xED, 0xBC, 0xFC, 0xA7, 0x10,
    0x3D, 0x68, 0x5E, 0xEE, 0xDF, 0xBB, 0xDE, 0x6D, 0x2E, 0x54, 0x3B, 0xBC, 0x4F, 0x9C, 0xF7, 0xD1,
    0x4E, 0xEF, 0x6A, 0xC7, 0x5C, 0xD0, 0xCE, 0x7B, 0xE1, 0xBC, 0x97, 0x30, 0xC3, 0x38, 0x9E, 0xF7,
    0x3E, 0x71, 0xDE, 0x37, 0xEE, 0xF4, 0x0E, 0x80, 0x76, 0x92, 0x39, 0xF9, 0x7B, 0x4B, 0xBF, 0xB4,
    0x82, 0xF2, 0x24, 0xEF, 0xA7, 0x88, 0x4B, 0xC5, 0x4F, 0xF5, 0xA9, 0xF0, 0x45, 0xB2, 0xF8, 0xA3,
    0x4B, 0x59, 0x6A, 0xD3, 0xE0, 0xCA, 0x39, 0xC6, 0x3A, 0x7D, 0x47, 0xEA, 0x48, 0xBE, 0xD2, 0x78,
    0xE7, 0x6D, 0x13, 0xCF, 0x01, 0xCF, 0x00, 0x4B, 0x5B, 0x2D, 0x13, 0x59, 0x7E, 0xD1, 0xF2, 0x2C,
    0x80, 0x37, 0xDD, 0xC4, 0x3A, 0xC9, 0x41, 0xBE, 0xB7, 0x5A, 0x11, 0xCC, 0x4C, 0xF0, 0x51, 0x01,
    0x23, 0xE2, 0x0C, 0x86, 0xA4, 0x18, 0x8E, 0xEC, 0x79, 0x13, 0x00, 0x1A, 0xCB, 0xFA, 0x2E, 0x36,
    0x73, 0x74, 0x35, 0x47, 0x96, 0xA9, 0x65, 0xAC, 0x21, 0x52, 0x61, 0x09, 0x89, 0x0A, 0x66, 0x20,
    0xB6, 0xC7, 0x06, 0x62, 0x9B, 0x3F, 0x6F, 0xDA, 0xD2, 0x51, 0x41, 0xA8, 0x5C, 0xA0, 0xA7, 0x80,
    0x69, 0xCD, 0x40, 0x44, 0xC5, 0x9B, 0xAB, 0x3A, 0x55, 0x41, 0x3E, 0x22, 0xC8, 0x1B, 0x50, 0x35,
    0xD0, 0x17, 0x1A, 0x60, 0x0D, 0x4F, 0x75, 0xEF, 0x17, 0xA6, 0x9E, 0xA9, 0xCF, 0x6A, 0x0D, 0x7C,
    0x0E, 0x80, 0xB1, 0xE5, 0xB7, 0xB5, 0x6D, 0x5D, 0x1D, 0x42, 0xCF, 0x91, 0x82, 0x5F, 0xD2, 0x50,
    0xBC, 0x0C, 0xEC, 0x8F, 0x67, 0x37, 0xC2, 0x47, 0x38, 0x84, 0x6E, 0x8F, 0x02, 0x11, 0xB0, 0xB0,
    0x47, 0xA7, 0xDE, 0x37, 0x35, 0xC0, 0xAB, 0x00, 0x2C, 0x1D, 0x5E, 0xBF, 0xD7, 0x4B, 0x38, 0x6D,
    0x2A, 0xB2, 0x0F, 0xA3, 0xBB, 0xB8, 0x08, 0x70, 0xEA, 0x3A, 0xC0, 0x40, 0xD3, 0x6F, 0x22, 0xD2,
    0x2A, 0x43, 0xA9, 0xBA, 0x6B, 0xCD, 0xCA, 0x35, 0x21, 0x28, 0x60, 0xAA, 0x0D, 0xA3, 0xD2, 0x30,
    0xA8, 0x0C, 0x69, 0x2C, 0xD7, 0x2D, 0x87, 0x96, 0xE9, 0x1C, 0x13, 0xC7, 0xBB, 0x5E, 0x1F, 0xCE,
    0x9D, 0xD5, 0x6C, 0xB7, 0x16, 0x16, 0x86, 0x63, 0xDD, 0xF5, 0xB8, 0x2A, 0xAE, 0xF7, 0x3E, 0x12,
    0x48, 0x33, 0x83, 0x02, 0xF8, 0x42, 0x09, 0xF8, 0x0E, 0xC7, 0xB6, 0xF0, 0xD4, 0x16, 0x96, 0xE6,
    0x30, 0xFE, 0x6E, 0x69, 0x72, 0x53, 0x12, 0x6F, 0x5E, 0x2B, 0xE9, 0xDC, 0x97, 0x8C, 0xCC, 0xB9,
    0x8D, 0x41, 0xBD, 0x13, 0x0D, 0x41, 0xC9, 0xBA, 0x41, 0xAA, 0xA2, 0x92, 0x64, 0x73, 0x7A, 0x9B,
    0x50, 0x6E, 0x8A, 0x62, 0x7A, 0x75, 0xC3, 0x0C, 0x80, 0x7C, 0x88, 0x15, 0x31, 0xEB, 0xCE, 0xCA,
    0x8B, 0x52, 0xC2, 0x10, 0xC2, 0xC6, 0x0A, 0xE2, 0x24, 0x55, 0x56, 0x22, 0x6D, 0x25, 0xCC, 0xAD,
    0x04, 0x85, 0x93, 0xF2, 0xE4, 0xC8, 0xCA, 0xB8, 0xB5, 0xD1, 0xF7, 0xE2, 0xDE, 0xDB, 0x29, 0xC5,
    0xFC, 0xE9, 0x7D, 0x63, 0x89, 0xB2, 0xB2, 0x81, 0x91, 0x41, 0x63, 0x82, 0x58, 0x99, 0x96, 0x7D,
    0x48, 0x7D, 0x80, 0x3B, 0x32, 0xF5, 0x0B, 0x36, 0x49, 0xEF, 0x55, 0xB6, 0x93, 0x7B, 0x60, 0x3F,
    0x32, 0x95, 0x99, 0x4C, 0x29, 0x42, 0xC9, 0xB0, 0x10, 0x33, 0x78, 0x16, 0xDD, 0x88, 0xAE, 0x8C,
    0x82, 0x02, 0x86, 0x3B, 0xC1, 0x9D, 0xE8, 0xEA, 0xA9, 0xC0, 0xAC, 0x82, 0x0E, 0x05, 0xF0, 0x59,
    0x78, 0x76, 0xBB, 0x29, 0xDB, 0xFC, 0x76, 0x6F, 0xDE, 0xCA, 0x32, 0xBE, 0x14, 0x78, 0x7F, 0x7D,
    0x15, 0xA6, 0x66, 0xC5, 0xAB, 0x89, 0xBF, 0xD7, 0x92, 0x92, 0xB0, 0x4E, 0xA4, 0x9A, 0xAE, 0x88,
    0x48, 0x66, 0xCA, 0xAC, 0xEB, 0xB0, 0x01, 0xD6, 0x81, 0x94, 0x50, 0xC5, 0x1F, 0x4D, 0x55, 0x28,
    0x33, 0x98, 0x16, 0x70, 0xCC, 0xD3, 0x10, 0x05, 0xDA, 0xD9, 0xC1, 0x9B, 0x71, 0x70, 0x9E, 0x38,
    0x41, 0x90, 0x5D, 0x27, 0xF8, 0xEF, 0x12, 0x4F, 0x72, 0x18, 0xAB, 0xBD, 0x79, 0xE3, 0x19, 0xFA,
    0x55, 0x9C, 0x13, 0x07, 0x67, 0x8B, 0xC7, 0x80, 0xD3, 0xC0, 0x11, 0xF6, 0x64, 0xE7, 0xC0, 0xE2,
    0x07, 0x9E, 0xC3, 0x65, 0xB3, 0x5F, 0x24, 0x27, 0x36, 0xA5, 0x0F, 0x6F, 0xE6, 0xDF, 0x81, 0x00,
    0xF0, 0x4D, 0xC9, 0x20, 0x52, 0xE0, 0x81, 0xE7, 0x01, 0xFE, 0xB7, 0x0E, 0xC5, 0xA0, 0xBD, 0xAF,
    0xE1, 0x55, 0x05, 0xA7, 0xF6, 0x3E, 0x70, 0xF0, 0xD8, 0xDC, 0xFA, 0xF7, 0x5D, 0xF7, 0x99, 0x6A,
    0x79, 0x7E, 0xD5, 0x2D, 0xEC, 0x1A, 0x58, 0x13, 0xCC, 0x60, 0x46, 0x64, 0xE2, 0x21, 0xD6, 0x90,
    0x90, 0x02, 0x29, 0x23, 0xE0, 0xF4, 0xEE, 0xAB, 0x6E, 0xD7, 0x6F, 0x47, 0x11, 0xDD, 0xF4, 0x84,
    0x50, 0x4F, 0x2C, 0x47, 0x96, 0xA9, 0xA5, 0x5D, 0x75, 0xB5, 0x5D, 0x75, 0xB3, 0xC0, 0x84, 0x05,
    0xD3, 0xBB, 0x56, 0x5D, 0xB7, 0x55, 0x40, 0xF0, 0x57, 0xC0, 0xE3, 0x03, 0x20, 0xAE, 0x93, 0x0C,
    0x91, 0xA9, 0x0E, 0xDA, 0xD5, 0x56, 0x87, 0x45, 0x50, 0x11, 0x69, 0xAF, 0x43, 0x46, 0xDD, 0x43,
    0x77, 0x08, 0x73, 0xBF, 0x22, 0xA8, 0x42, 0x7B, 0x85, 0xD5, 0x44, 0xD7, 0x5A, 0x88, 0xBD, 0xE5,
    0x0E, 0x0A, 0x88, 0xDA, 0x6F, 0x28, 0x02, 0x91, 0x19, 0xE1, 0xFF, 0x88, 0x64, 0x89, 0x62, 0x35,
    0x1F, 0xC2, 0xA0, 0x58, 0x83, 0xA0, 0x1C, 0x75, 0x28, 0x52, 0x45, 0x9C, 0x27, 0x9B, 0x2F, 0x4A,
    0x36, 0x30, 0xF5, 0x58, 0x95, 0xAB, 0x30, 0x50, 0x97, 0xC1, 0x5E, 0x0F, 0xB0, 0x57, 0x3B, 0x60,
    0x9A, 0x1D, 0xD6, 0xC4, 0x3D, 0xE5, 0x6B, 0x38, 0x3E, 0xB0, 0x0B, 0x03, 0xC0, 0xEF, 0x1D, 0x74,
    0xF6, 0xFA, 0x69, 0x77, 0xDA, 0xF2, 0x08, 0x87, 0x31, 0x6F, 0xBF, 0x03, 0x50, 0x02, 0x2C, 0x1F,
    0x74, 0xB6, 0x0E, 0x5D, 0x6E, 0x12, 0x00, 0xCE, 0x59, 0xBE, 0xC2, 0x41, 0xA7, 0xC7, 0x99, 0x2C,
    0x01, 0x3F, 0x07, 0xF0, 0x2A, 0x00, 0x06, 0x7F, 0x68, 0xE5, 0xD8, 0x00, 0xEB, 0x98, 0x54, 0xCA,
    0x5E, 0xCC, 0xFD, 0xFB, 0xC9, 0xD9, 0xB2, 0x5F, 0x02, 0x35, 0x0F, 0x20, 0xDD, 0x85, 0x78, 0xA5,
    0x13, 0xE9, 0xB6, 0x6D, 0x29, 0x81, 0x87, 0x90, 0x3E, 0x88, 0x9D, 0x91, 0x39, 0x2F, 0xC1, 0xBF,
    0x01, 0xD1, 0x40, 0x01, 0x40, 0x0B, 0x20, 0x19, 0xF0, 0xA6, 0x06, 0xC2, 0xFB, 0xC5, 0x37, 0x25,
    0x23, 0xFC, 0x8E, 0x54, 0x84, 0xED, 0x1B, 0x0D, 0x61, 0xC9, 0xBA, 0xFB, 0x44, 0x1B, 0xEA, 0x7B,
    0xE2, 0xD2, 0x0D, 0xD2, 0x13, 0x22, 0x24, 0x65, 0x87, 0xB0, 0x30, 0x81, 0x45, 0xD2, 0xF4, 0xD2,
    0x05, 0x6D, 0xBE, 0xF9, 0x61, 0x02, 0x0C, 0xE1, 0x8A, 0x95, 0xF1, 0xAF, 0x88, 0x94, 0x5B, 0x62,
    0xDF, 0xBB, 0x4B, 0xD6, 0xBB, 0xEC, 0x8D, 0x60, 0xEA, 0x56, 0x6E, 0x27, 0xEE, 0xBD, 0x07, 0x97,
    0x3E, 0x88, 0x9D, 0x91, 0xED, 0x7E, 0x97, 0x02, 0x34, 0x47, 0x80, 0xD9, 0x63, 0x80, 0xB7, 0xEB,
    0x07, 0xF0, 0x69, 0x81, 0x7F, 0x4B, 0x66, 0xF8, 0xF2, 0x35, 0xC1, 0x6F, 0x48, 0x94, 0x6F, 0xE6,
    0xAE, 0x5F, 0xDE, 0x13, 0x4F, 0xDC, 0x54, 0xD1, 0x3F, 0xA6, 0xA2, 0xA3, 0xA6, 0x43, 0x50, 0x2F,
    0x78, 0x2A, 0xFD, 0x87, 0xEC, 0x6F, 0x7F, 0xA4, 0xAE, 0x0F, 0x11, 0xD1, 0xDD, 0xDE, 0x0D, 0xB3,
    0x5F, 0xF2, 0x10, 0x7B, 0x77, 0xA2, 0x6B, 0x61, 0xC1, 0x57, 0xE3, 0xBF, 0xC8, 0x7E, 0xF8, 0x03,
    0x8A, 0x35, 0x80, 0x71, 0xC6, 0x34, 0xE7, 0x0F, 0x0A, 0x82, 0x1F, 0xB3, 0xDF, 0xC6, 0x17, 0xD8,
    0x20, 0x69, 0xCD, 0xBE, 0x5F, 0x91, 0x9C, 0x3C, 0x4F, 0x32, 0xE3, 0x67, 0xBE, 0xF1, 0x60, 0x31,
    0x9C, 0x09, 0x38, 0x1B, 0x11, 0xCF, 0x18, 0x54, 0xFB, 0x16, 0xC9, 0x09, 0x8F, 0xCB, 0x21, 0xC3,
    0x6B, 0x26, 0x9E, 0xB0, 0x7A, 0xB0, 0x78, 0xF6, 0x2B, 0x06, 0x34, 0x66, 0xBF, 0x8E, 0x5F, 0x80,
    0x62, 0xA0, 0x89, 0x0A, 0xB3, 0x77, 0x07, 0xF0, 0xC0, 0x23, 0xD5, 0xB7, 0xF6, 0x16, 0x81, 0x6D,
    0x8D, 0xAB, 0x78, 0xE6, 0x60, 0xDF, 0xA2, 0x7D, 0xD0, 0x14, 0xC5, 0x22, 0x75, 0x2F, 0x5D, 0x1B,
    0x0B, 0xDD, 0x75, 0xCF, 0x2F, 0x01, 0xF6, 0x5B, 0x42, 0x7D, 0xA7, 0x54, 0x7E, 0x39, 0xD0, 0x78,
    0xA5, 0x5F, 0x9A, 0x90, 0x8C, 0x54, 0x44, 0xB9, 0x31, 0xF2, 0xFA, 0xD4, 0x3A, 0x11, 0x3B, 0xA3,
    0x8F, 0x8A, 0x49, 0xB5, 0x57, 0x45, 0x45, 0xD0, 0x98, 0x62, 0x8E, 0xE9, 0xB7, 0x69, 0x96, 0x34,
    0xD3, 0x3C, 0x69, 0x9E, 0x28, 0x16, 0x9A, 0xA0, 0x60, 0x72, 0xCF, 0xB2, 0xC9, 0xC4, 0x17, 0x26,
    0xAC, 0x77, 0x85, 0xBB, 0x4A, 0x03, 0x1F, 0xD7, 0x78, 0x52, 0xDA, 0x31, 0xF5, 0x14, 0x84, 0x39,
    0x2C, 0x5D, 0x86, 0x13, 0x8B, 0x04, 0x22, 0xAD, 0x29, 0x9E, 0xBD, 0xB8, 0x31, 0x7C, 0x90, 0x52,
    0x6D, 0x97, 0x73, 0x35, 0x5C, 0x99, 0x40, 0x93, 0xE2, 0x57, 0xC9, 0x47, 0xD7, 0xCA, 0x50, 0x24,
    0x63, 0xBA, 0x49, 0x90, 0x1F, 0x7F, 0xF9, 0xF9, 0xA5, 0xB0, 0x0D, 0x5B, 0x6F, 0xC4, 0xF0, 0x1E,
    0xFF, 0xAD, 0xFD, 0x62, 0x33, 0xAE, 0x93, 0xC2, 0x0D, 0xF9, 0xD6, 0xD4, 0xB9, 0x64, 0x67, 0x4F,
    0xAC, 0xE9, 0x38, 0x56, 0x1D, 0xBD, 0x19, 0x1D, 0x07, 0x95, 0x61, 0x94, 0x1B, 0xA6, 0xCA, 0xB0,
    0xA5, 0xE3, 0x27, 0x33, 0x43, 0x91, 0xDC, 0xF0, 0x9A, 0xA9, 0xD3, 0x7A, 0x4D, 0xC7, 0x9A, 0x35,
    0x53, 0x87, 0xA1, 0x65, 0x62, 0x19, 0x5B, 0x46, 0xCA, 0x52, 0x1B, 0x0E, 0xDE, 0x35, 0xCB, 0x6B,
    0x70, 0xCB, 0xAC, 0x68, 0xBE, 0xE4, 0x1D, 0x99, 0x2A, 0x88, 0x32, 0x80, 0x18, 0x80, 0xA5, 0x3D,
    0x2C, 0x6A, 0x5A, 0x1A, 0x7A, 0x8C, 0x5F, 0xEB, 0xB0, 0x61, 0x16, 0xBA, 0xA6, 0xC3, 0x3F, 0x95,
    0x1D, 0xA4, 0x31, 0x68, 0x3B, 0x34, 0x69, 0x87, 0x32, 0xCA, 0x08, 0x75, 0xA8, 0x3B, 0x04, 0xEF,
    0x76, 0x8B, 0x5A, 0xF0, 0xB1, 0x16, 0xF1, 0x24, 0x13, 0x61, 0x04, 0xD4, 0xFD, 0x7A, 0x40, 0xA0,
    0x01, 0x4E, 0x01, 0x70, 0xD6, 0xF2, 0x32, 0x60, 0x42, 0xEF, 0x49, 0x67, 0x09, 0x6B, 0xF5, 0x27,
    0xC8, 0xC7, 0x95, 0x61, 0x94, 0x39, 0x9A, 0x9B, 0xBE, 0x4B, 0x99, 0x98, 0xAD, 0x27, 0x25, 0x5E,
    0x81, 0xAF, 0x09, 0xF4, 0xFC, 0xA5, 0x65, 0x0F, 0x7B, 0xFF, 0xE7, 0x7E, 0xF8, 0x9C, 0x32, 0x04,
    0xE0, 0x8A, 0x65, 0x09, 0xFB, 0xEC, 0xD7, 0x2F, 0x09, 0x72, 0x06, 0x19, 0x78, 0x2F, 0x28, 0x80,
    0x7F, 0x9D, 0x1B, 0x7A, 0x0E, 0xE1, 0xD0, 0x3B, 0xFB, 0x17, 0x7B, 0x23, 0x4F, 0x05, 0xC5, 0x92,
    0xDD, 0x9F, 0xFF, 0x74, 0x3F, 0xF3, 0x10, 0xC3, 0xED, 0xC4, 0xF9, 0x73, 0x61, 0xEC, 0x59, 0x62,
    0x27, 0x89, 0x93, 0x23, 0xBB, 0xD7, 0x74, 0x7E, 0x71, 0x56, 0x7B, 0xC1, 0x59, 0xC6, 0xBA, 0xDD,
    0x92, 0x71, 0x86, 0xB1, 0x6D, 0x86, 0x9D, 0xE0, 0x81, 0x4A, 0xA4, 0x5C, 0xF1, 0x3E, 0xBB, 0xCE,
    0x6D, 0x6C, 0x36, 0xD8, 0x80, 0x54, 0x4A, 0x7A, 0xDA, 0xCF, 0x95, 0xC0, 0x04, 0x76, 0x67, 0x06,
    0x30, 0x2D, 0x2C, 0x73, 0x00, 0x51, 0x00, 0x33, 0x80, 0x41, 0x03, 0x10, 0x5B, 0xA6, 0x96, 0x4B,
    0xBB, 0xB6, 0xE3, 0x5F, 0x35, 0x0C, 0x0A, 0xC7, 0x93, 0xB3, 0x95, 0x95, 0x0B, 0x45, 0x6A, 0x2C,
    0xF7, 0x1C, 0xD4, 0x84, 0x33, 0x8E, 0x6E, 0xC0, 0xF0, 0xAE, 0x3D, 0x85, 0x54, 0xDB, 0x1D, 0x5A,
    0x82, 0x96, 0xA8, 0x25, 0x1D, 0xF2, 0xB9, 0x5D, 0x6A, 0xBE, 0x45, 0x52, 0x12, 0x16, 0xC0, 0x22,
    0x00, 0xF4, 0xF9, 0x2F, 0x00, 0xA9, 0xAC, 0x61, 0x69, 0xAC, 0x5C, 0x10, 0x6B, 0xDC, 0x97, 0x0C,
    0x6A, 0x7C, 0xD1, 0x56, 0x6E, 0x95, 0x56, 0x7E, 0x58, 0x5B, 0x29, 0x67, 0x4E, 0x52, 0x27, 0xB1,
    0xB6, 0x12, 0x16, 0x56, 0x82, 0xCA, 0x8A, 0xD7, 0x58, 0x61, 0xC3, 0x49, 0xAA, 0xAC, 0x44, 0xDA,
    0xCA, 0xA0, 0xB4, 0xE2, 0xD7, 0x56, 0x98, 0x39, 0x49, 0x9D, 0x24, 0xEE, 0x7E, 0x28, 0xAA, 0xED,
    0xAC, 0x0C, 0x9C, 0x78, 0x75, 0x1F, 0x3B, 0x97, 0xFB, 0xF0, 0xF1, 0x0A, 0xD8, 0x38, 0xDA, 0x2A,
    0xE4, 0x4D, 0x29, 0x78, 0xB3, 0xBD, 0x58, 0x11, 0x96, 0xF6, 0xC6, 0x12, 0xB3, 0x24, 0x30, 0xB9,
    0x07, 0x2E, 0xDD, 0x60, 0x5D, 0x89, 0x30, 0xCE, 0x3B, 0x24, 0xF9, 0xA3, 0x93, 0x06, 0x9A, 0xF9,
    0xBF, 0xA1, 0x40, 0xB3, 0xAF, 0x79, 0xB8, 0xEB, 0x16, 0x7A, 0x61, 0x01, 0x80, 0xC1, 0x6F, 0xCD,
    0xCF, 0x1C, 0x78, 0x94, 0x66, 0x4E, 0x78, 0x0C, 0xF0, 0xFF, 0x6B, 0x3B, 0xFC, 0x7D, 0xCD, 0xD8,
    0x15, 0x00, 0x64, 0x8E, 0xE3, 0x3B, 0x7F, 0x8A, 0xE7, 0x32, 0xF7, 0xBD, 0x25, 0x7F, 0x3E, 0xBD,
    0x0A, 0xE9, 0xC7, 0x52, 0xC3, 0x17, 0xE4, 0xF5, 0x19, 0xF8, 0x0D, 0xC3, 0x8E, 0x15, 0xA9, 0xFB,
    0xB8, 0x75, 0x7F, 0xEC, 0x6E, 0x47, 0x93, 0x65, 0x52, 0xD1, 0x71, 0x65, 0x18, 0x56, 0x8F, 0xD0,
    0x0C, 0x07, 0xF2, 0xFB, 0x15, 0x2F, 0xB3, 0x12, 0x5C, 0x77, 0x52, 0xEE, 0xCB, 0xC8, 0x16, 0x1D,
    0xE2, 0x02, 0xF0, 0xCA, 0x7B, 0xE2, 0x28, 0xC0, 0xC0, 0xFE, 0xEF, 0x32, 0xF6, 0x31, 0x20, 0x18,
    0x37, 0x00, 0x3F, 0xFF, 0xF5, 0xAD, 0x6F, 0x33, 0xE3, 0x4F, 0xBF, 0xB1, 0x9B, 0x61, 0xBF, 0x4B,
    0xCB, 0xA2, 0x12, 0xE2, 0x3C, 0xD6, 0xE6, 0xD4, 0x14, 0xF0, 0xEA, 0x11, 0x40, 0x33, 0x01, 0x98,
    0x34, 0x00, 0x6B, 0x96, 0xC3, 0x7A, 0x8E, 0xCD, 0x36, 0xD7, 0x5C, 0x4D, 0x77, 0x56, 0x0A, 0xF8,
    0xB5, 0x6B, 0x2D, 0xB4, 0x2D, 0xBB, 0x5E, 0x98, 0x9A, 0x1E, 0xFB, 0xDE, 0x5D, 0x24, 0x2B, 0xE7,
    0x61, 0x5A, 0xC3, 0x4B, 0x6F, 0xC3, 0xB8, 0xEA, 0x7F, 0xB0, 0x9E, 0xE6, 0xA9, 0x1A, 0x94, 0x1B,
    0x78, 0x55, 0x03, 0x4D, 0x0D, 0x93, 0x4F, 0x8B, 0xF9, 0xFF, 0x11, 0x7E, 0x65, 0xDE, 0x37, 0xF5,
    0x4C, 0x7D, 0x73, 0x1E, 0x14, 0xC7, 0x01, 0x36, 0xD6, 0xB7, 0xD7, 0xB8, 0xB8, 0x38, 0x84, 0x7E,
    0xD5, 0x11, 0x28, 0x96, 0xE0, 0xF6, 0xC4, 0xF8, 0x35, 0x55, 0xF7, 0xE8, 0x7B, 0x61, 0x11, 0xE0,
    0xE9, 0x57, 0x00, 0xCE, 0x96, 0x00, 0x9F, 0xBF, 0x7A, 0x08, 0x7D, 0x3F, 0x7D, 0xD9, 0x85, 0xF7,
    0x7C, 0x01, 0xBF, 0x9B, 0xED, 0xCD, 0xB3, 0x69, 0x31, 0x90, 0x6E, 0x6B, 0x6C, 0x17, 0xEE, 0xD0,
    0xBA, 0xF4, 0x2E, 0xDD, 0x58, 0x59, 0x69, 0x5C, 0x10, 0xA1, 0x86, 0x89, 0xF3, 0x6B, 0x0F, 0xFB,
    0x30, 0x3B, 0xFE, 0xBE, 0x8B, 0xDB, 0x1C, 0xE2, 0x8C, 0xD8, 0x43, 0xE7, 0xCC, 0x1E, 0x3A, 0xAB,
    0xDB, 0x87, 0xC3, 0x50, 0x44, 0xB2, 0xFA, 0xAE, 0xC3, 0xAE, 0x37, 0xDC, 0xE1, 0xCE, 0xD3, 0x76,
    0x34, 0xB6, 0xB6, 0xDD, 0x85, 0x4B, 0xB9, 0x3D, 0x8C, 0x33, 0x08, 0x6C, 0x38, 0x57, 0xC2, 0x02,
    0x22, 0x17, 0x64, 0x50, 0xC3, 0xD8, 0x85, 0xCE, 0xF4, 0xB5, 0x27, 0x67, 0xD8, 0xC3, 0x79, 0x9B,
    0xDB, 0xE6, 0x4D, 0x2E, 0xC2, 0xD6, 0xA6, 0x71, 0x2C, 0xBA, 0xCB, 0xD0, 0xFB, 0xF2, 0x46, 0xD9,
    0x25, 0xEB, 0x93, 0xCA, 0xAB, 0x36, 0xF0, 0x24, 0xA7, 0x6E, 0x40, 0xB4, 0xCD, 0xE6, 0x54, 0xA4,
    0x99, 0x93, 0x1B, 0x2B, 0xE7, 0xDD, 0x7B, 0x8C, 0x6C, 0x4D, 0xCC, 0x79, 0x25, 0xAF, 0x98, 0x56,
    0xDA, 0x8B, 0xB5, 0x6B, 0xB3, 0x70, 0x3D, 0x28, 0xF0, 0x14, 0x40, 0x90, 0x01, 0x84, 0xF6, 0x38,
    0xDA, 0xF1, 0x34, 0x48, 0x6D, 0x3E, 0x27, 0x5F, 0x6C, 0xDD, 0x13, 0x03, 0xCA, 0x30, 0xCE, 0x0C,
    0x23, 0x6D, 0x18, 0xCE, 0x31, 0xB2, 0x4C, 0x4C, 0x1D, 0x4F, 0xF0, 0x8D, 0x0F, 0xCB, 0x1C, 0xFF,
    0xE6, 0x85, 0x1A, 0xD3, 0x42, 0x63, 0xB9, 0x7E, 0xD7, 0x2D, 0x7D, 0x94, 0xCD, 0xDD, 0xCC, 0x17,
    0x13, 0x73, 0x33, 0x7F, 0xBB, 0x16, 0xD1, 0x48, 0x69, 0x98, 0x64, 0x36, 0xCC, 0x48, 0x41, 0x0C,
    0x2C, 0xC2, 0x86, 0xDF, 0x22, 0x5F, 0x15, 0xFD, 0xA6, 0xBC, 0x91, 0x87, 0x55, 0x90, 0x87, 0x79,
    0xA0, 0x43, 0x8D, 0xEA, 0x0A, 0xBB, 0x95, 0x4B, 0x37, 0x8C, 0x1B, 0x6D, 0xCA, 0xE1, 0xF3, 0x66,
    0x23, 0x74, 0xF6, 0xE0, 0x69, 0xF6, 0xE6, 0x8E, 0x58, 0x43, 0x0A, 0x9C, 0x05, 0x38, 0x71, 0x02,
    0x60, 0x29, 0x07, 0x08, 0x33, 0x00, 0xEF, 0x30, 0x8E, 0xAE, 0x5A, 0x86, 0x3F, 0x31, 0xB1, 0x03,
    0x7B, 0xF5, 0xEF, 0x8C, 0xBF, 0x02, 0x50, 0x02, 0x89, 0x14, 0x26, 0xCE, 0x96, 0xB0, 0x7D, 0x7D,
    0x9A, 0xC5, 0x9A, 0x30, 0x4F, 0x20, 0x28, 0x52, 0x83, 0x21, 0xB0, 0x6C, 0x40, 0xA2, 0x80, 0x28,
    0x07, 0x82, 0x56, 0x01, 0x63, 0xB9, 0x0A, 0x47, 0xA7, 0x33, 0xC0, 0x9B, 0x6A, 0x20, 0x2C, 0x01,
    0xBF, 0x02, 0xA8, 0x9F, 0x35, 0x38, 0x67, 0x60, 0x6C, 0x56, 0x89, 0x22, 0x2C, 0xA3, 0xDB, 0xBF,
    0x29, 0xE6, 0x3A, 0x26, 0x8A, 0x55, 0xF9, 0x10, 0x16, 0xDC, 0x58, 0xDA, 0x68, 0x16, 0xE1, 0xA8,
    0x14, 0x24, 0xD2, 0x30, 0x7E, 0x61, 0x83, 0x09, 0x29, 0x6B, 0x40, 0xAA, 0x20, 0xDE, 0x84, 0x81,
    0x14, 0xF0, 0x64, 0x0B, 0x8C, 0xD5, 0x62, 0xFF, 0x28, 0x66, 0xAA, 0xC6, 0x2A, 0x11, 0xE1, 0xA8,
    0x69, 0x8B, 0xCF, 0x03, 0xCC, 0x80, 0xE0, 0x2F, 0x81, 0x05, 0x4F, 0x1D, 0x9C, 0xAF, 0x21, 0xF0,
    0x77, 0x0A, 0xFF, 0xDD, 0x1C, 0xD8, 0x93, 0xAF, 0x03, 0xF3, 0x30, 0xBF, 0x0D, 0x01, 0x26, 0x00,
    0xE5, 0x1E, 0xCD, 0x00, 0xD0, 0x0F, 0xF8, 0x65, 0xA0, 0x04, 0x82, 0x2F, 0x29, 0xE0, 0xFB, 0x5B,
    0x13, 0x12, 0x0E, 0xCC, 0xB4, 0xF7, 0x6D, 0x0D, 0xAF, 0xF6, 0x77, 0x0B, 0x47, 0xF6, 0xE6, 0x55,
    0xCC, 0x56, 0x3A, 0xCE, 0x56, 0xC6, 0x2B, 0x17, 0xCA, 0x9A, 0x04, 0xBF, 0xE7, 0xDB, 0x1D, 0xBD,
    0xB7, 0xE8, 0x08, 0x3F, 0x11, 0x9A, 0x1F, 0x02, 0x21, 0x92, 0xA6, 0xE7, 0xAE, 0xDB, 0xB0, 0x1F,
    0x8C, 0xED, 0xDC, 0x5F, 0x07, 0xBC, 0x6C, 0xF7, 0x2B, 0x48, 0x7F, 0xF5, 0xB0, 0x57, 0x92, 0xDD,
    0xAF, 0x32, 0x5E, 0x57, 0x22, 0xD5, 0x95, 0x2C, 0xCC, 0x63, 0x15, 0x6C, 0x4E, 0xF1, 0xED, 0x8F,
    0xC1, 0x73, 0x23, 0x7F, 0xAE, 0xEF, 0xF0, 0x95, 0xBE, 0x33, 0x94, 0x02, 0xF8, 0xE3, 0xAC, 0xBF,
    0xAE, 0xBB, 0xC4, 0x1F, 0xC6, 0xEC, 0x2D, 0x00, 0xC7, 0x3D, 0xCD, 0xF1, 0xD0, 0x95, 0x63, 0x73,
    0xE5, 0xA9, 0xBD, 0xE4, 0x66, 0x3F, 0xBC, 0xBE, 0xA8, 0x00, 0x2F, 0x2F, 0x0C, 0x75, 0xBE, 0x37,
    0xAF, 0x0F, 0x33, 0xFE, 0x03, 0x0D, 0x67, 0xD2, 0x86, 0x9F, 0x7D, 0xE9, 0x6B, 0xBD, 0xC7, 0xA8,
    0xF3, 0x38, 0xC6, 0x97, 0x16, 0x56, 0x2B, 0x20, 0xFA, 0xB2, 0x06, 0x18, 0xFE, 0x87, 0x95, 0x33,
    0x63, 0x05, 0xF0, 0xCC, 0xC2, 0x8F, 0x7D, 0x06, 0x60, 0xC2, 0x3E, 0x4A, 0x83, 0x57, 0x59, 0xA1,
    0xC6, 0x96, 0x06, 0xFB, 0xCA, 0x3A, 0x04, 0x25, 0xA4, 0x30, 0x28, 0x20, 0xC9, 0x49, 0x8C, 0xA7,
    0xF6, 0x45, 0x01, 0x3C, 0x91, 0x1A, 0xE0, 0x49, 0xC9, 0x30, 0x46, 0x4B, 0x38, 0x5D, 0x15, 0xF0,
    0x7C, 0xAA, 0x61, 0x71, 0x01, 0xA6, 0x45, 0x20, 0x0E, 0x4F, 0x14, 0xDE, 0x98, 0xA0, 0x20, 0xB9,
    0x17, 0x4A, 0x52, 0x13, 0xD0, 0x14, 0xAF, 0xBD, 0x28, 0xAF, 0x31, 0x95, 0xEF, 0xD4, 0x3C, 0x39,
    0x0B, 0x2B, 0x58, 0x58, 0x01, 0x20, 0x92, 0x5E, 0x0E, 0x3E, 0x37, 0x1B, 0x7D, 0x6E, 0x14, 0xA1,
    0xC9, 0xCD, 0x87, 0x8C, 0x4D, 0x6E, 0x44, 0xEE, 0xCC, 0x8D, 0x89, 0x5D, 0x41, 0x24, 0xDA, 0x62,
    0x7F, 0xD3, 0xB2, 0x14, 0x64, 0x00, 0xA7, 0x42, 0x35, 0x97, 0x1D, 0xBF, 0x7E, 0x94, 0xB2, 0xF3,
    0x14, 0xF9, 0xFC, 0x13, 0xB3, 0x7E, 0xCB, 0xFE, 0xA6, 0xC8, 0x6D, 0x2E, 0x4C, 0x08, 0x7E, 0x7A,
    0x87, 0xFC, 0x8D, 0x15, 0x96, 0x1F, 0xA5, 0x3F, 0xB5, 0xED, 0x7F, 0xA6, 0xE3, 0xFF, 0x1A, 0x10,
    0xFC, 0x32, 0xE0, 0x7D, 0x1F, 0xE0, 0x99, 0x7D, 0x4E, 0x9D, 0xF7, 0xAB, 0x00, 0x04, 0xDF, 0xB2,
    0x12, 0xFE, 0x91, 0x95, 0xE8, 0xEC, 0xA3, 0x34, 0xBB, 0xF8, 0x0D, 0x05, 0xFE, 0x07, 0x1D, 0x82,
    0xF7, 0x80, 0xF0, 0xB7, 0x1F, 0x3E, 0x45, 0x15, 0x82, 0xD7, 0xBE, 0x23, 0x6F, 0x33, 0x95, 0x37,
    0x5D, 0x8A, 0x1E, 0xA1, 0x39, 0xF3, 0x1C, 0xF3, 0xF2, 0x73, 0xDB, 0x93, 0x08, 0x38, 0xC1, 0x3E,
    0x4F, 0x1C, 0xDB, 0x8B, 0xC5, 0xD2, 0xFC, 0xD3, 0xC7, 0xDB, 0x77, 0x91, 0x00, 0xA7, 0x72, 0xA7,
    0xF0, 0xF2, 0x19, 0xFA, 0x39, 0x15, 0x6D, 0xFD, 0xEB, 0xB4, 0x38, 0x37, 0x47, 0x17, 0xBB, 0x94,
    0x26, 0x05, 0x0B, 0xE3, 0xD7, 0xAC, 0x51, 0x53, 0xF0, 0x6A, 0x77, 0xB4, 0x06, 0x4D, 0xC7, 0xCA,
    0xCA, 0xA4, 0xA3, 0xCB, 0xCF, 0xA8, 0xE3, 0x04, 0xBF, 0xB2, 0x55, 0xAB, 0x35, 0x82, 0xFE, 0xB6,
    0x73, 0x68, 0x93, 0x14, 0x65, 0x41, 0x91, 0x10, 0x6A, 0x88, 0x74, 0x90, 0xC7, 0x1D, 0x61, 0x90,
    0x9B, 0x65, 0x39, 0x56, 0x26, 0x9B, 0x91, 0x8E, 0x74, 0x0A, 0xF8, 0x65, 0x94, 0x85, 0x7A, 0x08,
    0x78, 0x75, 0xAC, 0x82, 0x7C, 0x1D, 0xA0, 0x31, 0xCE, 0x1B, 0x80, 0xF5, 0x21, 0xFE, 0xFF, 0xD6,
    0x00, 0xC3, 0x35, 0xBC, 0xFF, 0x2B, 0x01, 0x92, 0x09, 0xFC, 0xC8, 0x1E, 0xC5, 0x0D, 0x88, 0x75,
    0x17, 0xD5, 0xD8, 0xB9, 0x09, 0xA1, 0x89, 0x3D, 0x83, 0xAD, 0x99, 0x0B, 0x70, 0xDA, 0x12, 0xFE,
    0x4C, 0xC1, 0xD6, 0xC7, 0x13, 0x11, 0x52, 0x52, 0xD1, 0x9D, 0x8E, 0x55, 0xA7, 0x17, 0x6F, 0x22,
    0xFA, 0x89, 0x4D, 0x15, 0x94, 0x9D, 0x76, 0xF0, 0x6B, 0x4F, 0xF2, 0xB0, 0x80, 0x26, 0xB8, 0xD5,
    0xC5, 0x0B, 0xEB, 0xC1, 0x27, 0x65, 0x9C, 0x41, 0x3A, 0x78, 0xBF, 0x4A, 0x81, 0xF4, 0xD7, 0x75,
    0x3D, 0x06, 0xE2, 0xAF, 0xEA, 0x66, 0x1D, 0x88, 0x7E, 0x90, 0x6D, 0x34, 0xC0, 0x40, 0x48, 0x2B,
    0x20, 0xE8, 0xB4, 0x04, 0xFC, 0xD6, 0xE4, 0x16, 0x68, 0x6C, 0x1A, 0x4C, 0x72, 0x00, 0xBE, 0x98,
    0x03, 0x5C, 0x3F, 0x63, 0x47, 0xC4, 0x8C, 0x86, 0xE5, 0x85, 0x4D, 0xB5, 0x30, 0x3D, 0xEF, 0x35,
    0x30, 0x33, 0xBB, 0x1D, 0x84, 0x3E, 0xB7, 0x61, 0x0E, 0x26, 0x6F, 0x30, 0x28, 0x52, 0x9B, 0xC5,
    0x91, 0xCD, 0x5B, 0x03, 0xB0, 0x51, 0x01, 0xA4, 0x2E, 0x43, 0x7D, 0x2F, 0xF7, 0xC9, 0xEE, 0x2B,
    0x3B, 0x1B, 0xAD, 0x6C, 0x91, 0x73, 0x00, 0x1F, 0x03, 0xC1, 0x97, 0x35, 0xD3, 0x12, 0x91, 0x69,
    0xD5, 0xE1, 0x64, 0x43, 0x97, 0xA5, 0x09, 0x51, 0xCE, 0xC8, 0x78, 0x49, 0x49, 0x32, 0x62, 0x95,
    0x9A, 0xB8, 0xC6, 0x10, 0xEA, 0x75, 0xDC, 0xC8, 0x05, 0x66, 0xD0, 0xBC, 0x5B, 0x25, 0x20, 0x06,
    0xD3, 0x1C, 0x48, 0x35, 0x90, 0x64, 0x06, 0x00, 0x43, 0xF0, 0x68, 0x20, 0x7A, 0xA1, 0xEE, 0xF0,
    0x41, 0x69, 0x12, 0xA7, 0xC1, 0x6B, 0xD9, 0xDE, 0x2E, 0x97, 0x00, 0x67, 0xAE, 0x1F, 0xC6, 0x1C,
    0x2D, 0x6E, 0xDD, 0xB8, 0xD8, 0xF0, 0x44, 0x1A, 0x0B, 0xF3, 0x93, 0x6D, 0x53, 0xC3, 0xA0, 0x34,
    0xB6, 0xF2, 0xB7, 0xFB, 0xE9, 0x28, 0x80, 0xDF, 0x60, 0x5E, 0xC7, 0xBC, 0x4E, 0xFF, 0x7A, 0xBB,
    0xE3, 0xF5, 0xD8, 0xBE, 0xAE, 0xEE, 0x7C, 0xFD, 0xD9, 0x58, 0xC3, 0x30, 0x55, 0x1D, 0x64, 0x65,
    0xE7, 0x03, 0xFF, 0x0B, 0x40, 0xD4, 0xDF, 0x2E, 0x2E, 0xDA, 0x38, 0x72, 0x53, 0x66, 0x2B, 0x63,
    0x5D, 0x33, 0x56, 0xB5, 0x37, 0xE3, 0xFC, 0xA0, 0xB2, 0x3D, 0xDA, 0x86, 0x5B, 0x08, 0x6A, 0x4F,
    0x45, 0x45, 0x50, 0xA4, 0x59, 0x50, 0xC8, 0xCA, 0x85, 0x42, 0x44, 0x6C, 0x81, 0xED, 0xBB, 0xB0,
    0xE7, 0x0F, 0xD0, 0xD2, 0xB1, 0xFE, 0x36, 0xEC, 0xC8, 0x1E, 0xED, 0x78, 0x9E, 0x02, 0xEF, 0x03,
    0x80, 0x2B, 0x00, 0x27, 0x0E, 0xD0, 0x93, 0x5A, 0x86, 0x3F, 0xD5, 0x10, 0xEF, 0xDD, 0xD7, 0xFF,
    0x03, 0xB5, 0xD2, 0x25, 0xA0, 0x2C, 0x55, 0x18, 0x07, 0xF0, 0xDF, 0xEC, 0x3C, 0xBF, 0x72, 0xB0,
    0x84, 0x46, 0x9C, 0xA1, 0x5F, 0x99, 0x43, 0xC7, 0x61, 0xB9, 0x91, 0x8E, 0xBB, 0xC3, 0x4E, 0xC6,
    0x13, 0x15, 0xED, 0x6C, 0x7F, 0xB6, 0xBD, 0xF0, 0xB4, 0xE0, 0x9E, 0x9F, 0xEB, 0xDC, 0xFD, 0x58,
    0xC3, 0xDD, 0xFE, 0x36, 0x72, 0x5C, 0x58, 0xDC, 0x0C, 0xCA, 0x9B, 0x40, 0xA7, 0x05, 0x0E, 0xF9,
    0x35, 0xA2, 0x05, 0x31, 0x04, 0x6B, 0x01, 0x36, 0x47, 0x03, 0xE9, 0x83, 0x01, 0x5C, 0xF6, 0xD2,
    0xE7, 0x50, 0x97, 0x87, 0xE0, 0x85, 0xCE, 0x31, 0x68, 0xB5, 0x28, 0x4E, 0xD9, 0x89, 0xF2, 0x90,
    0x1A, 0x9B, 0x3F, 0x57, 0x65, 0xD2, 0xC1, 0xEE, 0x83, 0x03, 0x52, 0x44, 0xEC, 0xA1, 0x8A, 0x88,
    0xCF, 0xA9, 0x19, 0xB7, 0xDF, 0x39, 0x69, 0xA3, 0x35, 0xF6, 0xA4, 0xA7, 0x17, 0xAC, 0x1D, 0xCF,
    0x36, 0xF6, 0xEE, 0x8C, 0x18, 0x48, 0xD1, 0xCE, 0x1E, 0xFA, 0xD7, 0xB0, 0xDC, 0x27, 0xED, 0xA1,
    0xC8, 0x7E, 0x8A, 0x22, 0x5E, 0x37, 0x17, 0xAD, 0xF4, 0x6D, 0x48, 0xAA, 0xBC, 0x4D, 0x6A, 0x8C,
    0x5C, 0x44, 0x34, 0xE9, 0xCC, 0xFB, 0x4D, 0x9D, 0x53, 0xB3, 0x22, 0x35, 0xCF, 0x8D, 0xFC, 0xBC,
    0xAA, 0xA9, 0x8B, 0x38, 0x50, 0xC5, 0x47, 0xED, 0xE6, 0x61, 0x79, 0x0A, 0xEC, 0x51, 0xF6, 0xCD,
    0x5D, 0x6C, 0x7E, 0x2B, 0x74, 0xBB, 0x39, 0x62, 0x30, 0x52, 0xE7, 0x90, 0xBF, 0xA5, 0xB5, 0xE3,
    0xB3, 0x86, 0x05, 0xA9, 0x71, 0xC5, 0x1E, 0x0F, 0x5D, 0x0F, 0x40, 0xAF, 0xB1, 0x7B, 0x8F, 0x7B,
    0x3F, 0x57, 0xFE, 0x81, 0xCE, 0xE8, 0x04, 0xBB, 0xA8, 0xE2, 0x73, 0x9D, 0x88, 0xA1, 0xB9, 0xE1,
    0x1B, 0xBB, 0x9B, 0xCB, 0x06, 0xE6, 0xF6, 0x54, 0x94, 0x9F, 0xD7, 0xE3, 0x58, 0xC5, 0xAD, 0xE3,
    0x50, 0x65, 0xA4, 0x3D, 0x28, 0x87, 0x19, 0xBD, 0x78, 0x9D, 0x4D, 0xBB, 0xD7, 0x51, 0xEC, 0x1E,
    0x60, 0xEE, 0x10, 0xD3, 0x8D, 0x75, 0xEA, 0xCA, 0x71, 0xAC, 0x8C, 0x63, 0x75, 0xFC, 0xAF, 0xCA,
    0xE6, 0x0E, 0xA5, 0x33, 0x77, 0xC5, 0x9E, 0xCD, 0x11, 0x91, 0x3D, 0x18, 0x5F, 0xFB, 0x29, 0x56,
    0x61, 0x07, 0x1C, 0x62, 0x53, 0x7C, 0xAE, 0x8A, 0x56, 0xEF, 0x86, 0x5D, 0x76, 0xA8, 0x3D, 0x8F,
    0x3A, 0x73, 0xD9, 0x69, 0x36, 0xC7, 0xE7, 0x5C, 0x34, 0x44, 0x2F, 0x5F, 0x30, 0xDB, 0xE7, 0x3A,
    0xF7, 0x72, 0x15, 0x61, 0xD3, 0x4F, 0x3B, 0x5D, 0xC6, 0x63, 0x38, 0x44, 0x8C, 0x71, 0x68, 0x9A,
    0xEB, 0xDD, 0x5E, 0x77, 0xED, 0xD0, 0x29, 0x95, 0xCE, 0x2C, 0xDF, 0x53, 0x29, 0xDE, 0xA2, 0xC2,
    0xFF, 0x91, 0xE3, 0xFB, 0x85, 0x14, 0xED, 0x2C, 0x7F, 0x13, 0xAB, 0x60, 0x19, 0x3C, 0x05, 0xFA,
    0x28, 0x1A, 0xE6, 0x06, 0xBF, 0x76, 0xC4, 0x60, 0xE2, 0xBB, 0x0F, 0xE6, 0xC9, 0xF7, 0xAF, 0x5D,
    0x8C, 0x9C, 0xF2, 0xC8, 0xCD, 0xDC, 0x9E, 0xCB, 0x72, 0x79, 0x7A, 0xB7, 0x4E, 0xAC, 0xF3, 0xE0,
    0x4F, 0x76, 0x68, 0x05, 0xCB, 0xB3, 0xE1, 0xFA, 0x7C, 0x07, 0xAB, 0x65, 0xF8, 0x0F, 0x84, 0xF5,
    0x0C, 0xBA, 0x0C, 0x36, 0x0C, 0x05, 0x0C, 0x0C, 0x0C, 0xB4, 0xE6, 0x03, 0x00, 0xD5, 0x99, 0x3F,
    0x6C, 0xE4, 0xC6, 0xF5, 0xC7, 0x1F, 0x97, 0x96, 0x89, 0xDF, 0xB1, 0xA0, 0x0B, 0x1F, 0x0E, 0x3F,
    0x18, 0x08, 0xEB, 0x20, 0xBE, 0xB0, 0x07, 0x62, 0x71, 0x12, 0x20, 0x48, 0xAB, 0xE2, 0xD6, 0x0B,
    0xE4, 0x8A, 0xED, 0xE1, 0x42, 0x6D, 0x0A, 0x4B, 0x24, 0x90, 0x32, 0x45, 0x5C, 0xC4, 0x6E, 0x52,
    0xD8, 0xC5, 0x19, 0x29, 0x2F, 0xC5, 0x35, 0x01, 0x56, 0x22, 0x1D, 0x97, 0x29, 0xCC, 0xC2, 0xAA,
    0xDC, 0x30, 0xC8, 0x29, 0x89, 0xE1, 0x86, 0x49, 0xB8, 0xF1, 0xC8, 0x19, 0xF2, 0xE5, 0x7D, 0xDF,
    0x70, 0xB5, 0x7B, 0x27, 0xE5, 0x7C, 0xB9, 0x08, 0x48, 0x4C, 0xED, 0x7C, 0xDE, 0x2C, 0x39, 0x7F,
    0xDE, 0xBC, 0x37, 0xF3, 0x66, 0x96, 0xA2, 0xA0, 0x7D, 0x9D, 0x68, 0xD6, 0xED, 0x93, 0xE4, 0xEE,
    0xD2, 0xF6, 0x62, 0xB9, 0x46, 0xC5, 0x62, 0x3D, 0x9F, 0x1F, 0x87, 0x2D, 0xD1, 0xFE, 0x93, 0xA0,
    0xA7, 0x21, 0xE5, 0x4C, 0x28, 0x35, 0x6A, 0xC5, 0xF4, 0xE0, 0x7A, 0x7C, 0x7B, 0xDB, 0x94, 0x36,
    0xBF, 0xED, 0x8D, 0x02, 0xBE, 0x20, 0xA2, 0x8C, 0x59, 0x1E, 0xF2, 0xF9, 0x5B, 0x8E, 0xC2, 0x81,
    0xE8, 0x84, 0x12, 0xF9, 0x9A, 0x53, 0x56, 0xCA, 0x23, 0x91, 0xE0, 0x91, 0x72, 0x45, 0xB8, 0x9C,
    0xF2, 0x62, 0x3E, 0xBF, 0x47, 0xF4, 0x0F, 0x66, 0xB7, 0xA1, 0xDD, 0x79, 0xEA, 0x4B, 0x1E, 0x2B,
    0x73, 0x65, 0x5A, 0x13, 0xC5, 0x65, 0xDC, 0x49, 0xAE, 0x44, 0x2F, 0x05, 0x7A, 0xBC, 0x2F, 0x99,
    0x94, 0xB9, 0x27, 0x0A, 0xAA, 0xD1, 0x10, 0x73, 0x2D, 0x9F, 0xC5, 0xDA, 0xCC, 0x3A, 0x7A, 0x81,
    0x8F, 0x54, 0xF4, 0x2D, 0xFC, 0x3A, 0x2A, 0x6D, 0x5C, 0x3F, 0x8A, 0x4A, 0x9A, 0xAE, 0x17, 0x6E,
    0x79, 0xDB, 0x26, 0x11, 0x3B, 0xDF, 0xD4, 0xA8, 0x62, 0xC1, 0x2A, 0x22, 0x36, 0x10, 0xC9, 0x27,
    0x35, 0x44, 0xFA, 0xB3, 0x06, 0x22, 0xFB, 0x51, 0x0B, 0x91, 0x87, 0x1D, 0xC4, 0xC9, 0xCC, 0x7A,
    0xC3, 0xA0, 0x7E, 0x60, 0xE9, 0x04, 0x7E, 0xE9, 0xA9, 0x40, 0xED, 0x4E, 0xAD, 0x13, 0xB7, 0x6A,
    0xEC, 0xE4, 0x7C, 0x7E, 0x58, 0xAB, 0x3B, 0x18, 0x0E, 0x10, 0x21, 0xF5, 0x0B, 0x2D, 0x4C, 0x83,
    0x54, 0x75, 0xF8, 0xA0, 0xA1, 0x59, 0x0F, 0xE3, 0x42, 0x37, 0xDA, 0x2B, 0xEE, 0x41, 0xB9, 0x84,
    0xDD, 0xA5, 0x60, 0xB6, 0xE4, 0x09, 0x77, 0x5B, 0x9D, 0x03, 0x57, 0x49, 0xD7, 0x71, 0x0D, 0x9F,
    0x86, 0xE8, 0x5F, 0xE9, 0x70, 0x3F, 0x60, 0x50, 0x14, 0x04, 0x93, 0x1A, 0x8C, 0x77, 0x98, 0x28,
    0xD3, 0x12, 0x2C, 0xD0, 0xE3, 0xFD, 0x51, 0x7B, 0xEF, 0xC1, 0xD1, 0x6C, 0xC9, 0x9D, 0x3E, 0xD5,
    0x36, 0xE9, 0x44, 0x99, 0xEF, 0x30, 0xDB, 0xC9, 0xEF, 0x2B, 0x1D, 0xF4, 0x39, 0xEC, 0x54, 0x13,
    0xCF, 0xE1, 0x85, 0xF4, 0x19, 0x9E, 0xD6, 0x87, 0x3B, 0x85, 0x3C, 0x5B, 0x74, 0xF0, 0xF2, 0x25,
    0x82, 0x0F, 0x04, 0x44, 0x37, 0x03, 0x78, 0x07, 0xF3, 0x6E, 0x42, 0x84, 0x3E, 0x9D, 0x67, 0x50,
    0xCC, 0xE7, 0xC5, 0x3D, 0xCA, 0xE8, 0xEB, 0x3F, 0xFB, 0x57, 0xF8, 0xC6, 0x0E, 0xDF, 0xDE, 0xE1,
    0x4A, 0x69, 0x95, 0x3D, 0x18, 0x74, 0xE0, 0xAC, 0x05, 0x17, 0xE7, 0xE8, 0x91, 0xB5, 0x77, 0x4F,
    0xAB, 0xCB, 0xF4, 0x2A, 0xFF, 0x5B, 0xB1, 0x28, 0x61, 0x27, 0x1F, 0x69, 0x81, 0xB6, 0xB9, 0xBD,
    0xE2, 0x53, 0x99, 0xDF, 0x41, 0x71, 0x46, 0x94, 0x34, 0x18, 0x97, 0xAE, 0x99, 0x1E, 0xA3, 0xD2,
    0xB5, 0x34, 0x48, 0x0E, 0x11, 0x45, 0x1E, 0x98, 0x8C, 0x32, 0xBF, 0x04, 0x9B, 0x8C, 0x2A, 0x91,
    0x28, 0x98, 0x85, 0x28, 0x86, 0x82, 0x59, 0xD2, 0xF9, 0x1C, 0x1F, 0xE6, 0x8F, 0x49, 0xCB, 0xA1,
    0x57, 0xCD, 0x15, 0x5F, 0xF0, 0x57, 0xAC, 0x75, 0x87, 0x19, 0xB7, 0x49, 0x8B, 0x62, 0x3D, 0x15,
    0x65, 0xE8, 0x5D, 0x89, 0xDE, 0x7A, 0xAF, 0x3E, 0xEC, 0x8B, 0x9C, 0xEA, 0xE2, 0xD0, 0x45, 0x8D,
    0x1C, 0x16, 0x74, 0xA2, 0xB9, 0x63, 0x71, 0x4C, 0x52, 0x22, 0x97, 0x47, 0x75, 0x5E, 0x60, 0x75,
    0x52, 0xF6, 0x7E, 0x9D, 0x8E, 0x18, 0x94, 0x24, 0x13, 0x59, 0xCD, 0x21, 0x22, 0xBC, 0xC6, 0xEF,
    0xD0, 0x8C, 0x71, 0xFB, 0xE2, 0xC7, 0x6C, 0x52, 0xA9, 0x5F, 0x4B, 0xBD, 0xB8, 0x11, 0x84, 0xAD,
    0xE2, 0xFF, 0xB4, 0x2B, 0x4C, 0x6C, 0x41, 0x5A, 0xD2, 0xDE, 0x9C, 0x49, 0xAA, 0x8F, 0x80, 0x2A,
    0x7C, 0xA8, 0x66, 0xED, 0xBC, 0xC2, 0x72, 0x59, 0xC5, 0x4B, 0xF8, 0xBA, 0x8F, 0x07, 0x59, 0x49,
    0x69, 0x9B, 0x8C, 0xEF, 0x71, 0x39, 0x63, 0x54, 0xFB, 0x8E, 0x74, 0x89, 0x9A, 0x01, 0x77, 0x10,
    0x21, 0xD6, 0x80, 0xA1, 0x64, 0x38, 0xC0, 0x84, 0xCD, 0x2C, 0x41, 0xE4, 0x5E, 0x0C, 0x2A, 0x66,
    0x56, 0x45, 0xD4, 0xA9, 0x48, 0x6A, 0x15, 0xB9, 0x51, 0x71, 0x4A, 0x10, 0x81, 0x53, 0x11, 0xF6,
    0x2A, 0xE2, 0x56, 0x45, 0x5A, 0xAB, 0xC8, 0x49, 0xC5, 0xA0, 0xE2, 0xAF, 0x56, 0xC5, 0x97, 0x9D,
    0x0A, 0xAE, 0xBD, 0x28, 0xBD, 0x20, 0xBA, 0x2D, 0x4A, 0x38, 0x04, 0xBD, 0x6E, 0xD6, 0xAB, 0x20,
    0x92, 0x0E, 0x49, 0xAE, 0x9E, 0x52, 0xBF, 0x97, 0x9C, 0x40, 0x64, 0x6C, 0x7D, 0xD8, 0x6D, 0x20,
    0xE8, 0x55, 0x40, 0xAF, 0x6F, 0xCC, 0xC0, 0xFC, 0x76, 0x72, 0xB9, 0x21, 0x2D, 0x75, 0x4F, 0x92,
    0x86, 0x85, 0x85, 0x11, 0x06, 0x03, 0x09, 0xA3, 0x1E, 0x4C, 0x1A, 0x30, 0x37, 0xE0, 0x48, 0xC2,
    0xBF, 0x0D, 0x20, 0x73, 0x03, 0x3E, 0x44, 0x99, 0x31, 0x70, 0x42, 0x4B, 0x47, 0x28, 0x43, 0xFB,
    0xCA, 0x4C, 0x99, 0x2A, 0x13, 0xA3, 0xAC, 0xC1, 0xE8, 0x23, 0xD8, 0x25, 0xFC, 0x12, 0x3A, 0xCC,
    0xB8, 0x11, 0x52, 0x65, 0x88, 0x71, 0x4D, 0x7C, 0x73, 0x3D, 0x5F, 0x9E, 0x21, 0x66, 0xC4, 0xF5,
    0xC4, 0xF0, 0x3F, 0x67, 0x03, 0x46, 0x9E, 0x35, 0xA8, 0x1F, 0x9B, 0x80, 0x63, 0x65, 0x82, 0xE5,
    0x59, 0x31, 0x22, 0xBE, 0xBF, 0xD6, 0x83, 0x38, 0x0D, 0xA8, 0x23, 0x9D, 0x48, 0x78, 0x92, 0x45,
    0xC2, 0x95, 0xD8, 0x69, 0xD3, 0xC9, 0xC4, 0xF9, 0x64, 0xF1, 0x41, 0x1D, 0x30, 0xB9, 0x73, 0x98,
    0xFC, 0x59, 0x50, 0xD2, 0x40, 0x66, 0x65, 0x56, 0x42, 0x26, 0x4D, 0xE1, 0x7D, 0xD9, 0x39, 0x95,
    0x01, 0xF7, 0x2A, 0xA9, 0x6A, 0xBD, 0xCC, 0x6B, 0x2F, 0x6F, 0x91, 0x97, 0xF4, 0x3C, 0x52, 0x2C,
    0xA9, 0xDE, 0x85, 0x15, 0xE1, 0xD7, 0x5D, 0xB9, 0x15, 0x28, 0x85, 0x29, 0xD0, 0xF9, 0xBA, 0xCF,
    0x2F, 0x24, 0x3A, 0xCE, 0x45, 0xB0, 0x5C, 0x5B, 0x81, 0x67, 0x2F, 0x20, 0x26, 0x25, 0x9E, 0xD4,
    0x8C, 0x82, 0x0A, 0x87, 0xBF, 0xD4, 0x1F, 0xFE, 0x3E, 0x3F, 0x1C, 0xF4, 0xF0, 0x57, 0x95, 0x49,
    0x87, 0x20, 0x9A, 0x62, 0xCB, 0xEA, 0x72, 0x3D, 0xB1, 0xE8, 0x31, 0xCE, 0xAD, 0xC0, 0x95, 0x03,
    0x8F, 0x94, 0xFB, 0x76, 0x87, 0x6E, 0xCB, 0x23, 0x5F, 0xD2, 0xD7, 0xCA, 0x05, 0x33, 0xEB, 0x5B,
    0x8B, 0xB5, 0x65, 0xDF, 0x0B, 0x55, 0xE8, 0x71, 0xEA, 0x5D, 0x35, 0x61, 0xBD, 0xBA, 0x49, 0x2C,
    0x30, 0xFE, 0xAD, 0xDD, 0x6E, 0x5E, 0xBC, 0xB0, 0xDD, 0xB6, 0xC7, 0x88, 0x1E, 0xC7, 0x8B, 0xB7,
    0x46, 0x2D, 0x5D, 0x28, 0xD3, 0x12, 0x4C, 0x6A, 0x30, 0xDE, 0x61, 0x02, 0xFA, 0xA7, 0x28, 0xA9,
    0x87, 0xA4, 0x19, 0x5A, 0x00, 0x47, 0xE3, 0xFB, 0x7B, 0x2E, 0x42, 0x25, 0x8D, 0x75, 0x97, 0x9C,
    0xFC, 0x98, 0x31, 0x37, 0xEA, 0xC7, 0x1E, 0x7E, 0x0C, 0x9C, 0x1E, 0xE2, 0x8F, 0xA5, 0x4F, 0x9C,
    0x1B, 0x72, 0x02, 0xE1, 0x91, 0xBB, 0x4F, 0x1C, 0xE2, 0xED, 0x15, 0xBA, 0xAF, 0x3D, 0xC4, 0x27,
    0x06, 0x7E, 0xCC, 0x0C, 0xFC, 0xC8, 0xDA, 0xA3, 0xDB, 0xFA, 0x71, 0x9C, 0xFC, 0xD8, 0x79, 0x0E,
    0xF3, 0x42, 0xCE, 0x58, 0x16, 0x5B, 0xE8, 0xC4, 0x07, 0xC2, 0xE0, 0x03, 0x12, 0xE2, 0xBA, 0x79,
    0xEA, 0x96, 0x4B, 0xBA, 0xC9, 0x4E, 0x9C, 0xCE, 0x25, 0xCA, 0xC5, 0x1A, 0xD1, 0x06, 0x9B, 0x65,
    0x6A, 0xC8, 0xE9, 0xA8, 0x8E, 0x60, 0x19, 0x64, 0x56, 0x7A, 0xD3, 0xC2, 0x65, 0x28, 0x10, 0xB6,
    0x61, 0x07, 0xA3, 0xEB, 0x0E, 0x6C, 0x75, 0x0B, 0x5E, 0x25, 0x25, 0xEC, 0x98, 0x1A, 0x61, 0x96,
    0x93, 0x86, 0x25, 0x30, 0x76, 0x60, 0x68, 0x95, 0x1D, 0x18, 0xB5, 0x1A, 0xBD, 0x6B, 0x1C, 0x3D,
    0x2A, 0x75, 0x98, 0x16, 0xCC, 0x1E, 0x83, 0x24, 0xC7, 0xA5, 0x69, 0xC3, 0xDA, 0x11, 0xDE, 0xBD,
    0x74, 0x47, 0xFD, 0xFB, 0x1A, 0xF3, 0xA8, 0x8F, 0x60, 0xD6, 0x68, 0xFC, 0x41, 0x97, 0xC2, 0x9F,
    0x52, 0x84, 0x29, 0x37, 0xBA, 0x53, 0x1D, 0xFB, 0xA8, 0xBE, 0x82, 0x88, 0x1B, 0x07, 0x11, 0x36,
    0x56, 0x45, 0x3B, 0x09, 0xB7, 0x23, 0xA2, 0xE6, 0x48, 0x4B, 0xD6, 0x39, 0x44, 0x5A, 0x67, 0xB5,
    0x6E, 0x37, 0x49, 0x2F, 0xE7, 0x5E, 0x4C, 0xC5, 0x5F, 0xFD, 0xBD, 0xB2, 0x44, 0x05, 0xEB, 0x24,
    0x7A, 0x99, 0xF9, 0xF1, 0x8E, 0x4A, 0x8B, 0xF5, 0x15, 0x75, 0x73, 0xEE, 0xC4, 0xB6, 0x9E, 0xB7,
    0xC7, 0x83, 0xBD, 0xEA, 0x1E, 0x2C, 0xE8, 0x60, 0xC1, 0x99, 0xC5, 0x74, 0x8F, 0xA4, 0x6A, 0xE8,
    0x0D, 0x60, 0x33, 0x54, 0x3F, 0xD1, 0x69, 0x94, 0x3B, 0x30, 0xE9, 0xC0, 0xB8, 0xDD, 0xE6, 0xFD,
    0xFD, 0xD3, 0x53, 0x41, 0xE0, 0x72, 0xB3, 0xA9, 0x1B, 0x37, 0x51, 0xAB, 0xCB, 0xA6, 0xA7, 0xA9,
    0x7D, 0x87, 0xCC, 0x9B, 0x83, 0x09, 0x8A, 0x77, 0x77, 0xFD, 0x7A, 0x43, 0x31, 0xF7, 0x26, 0xC5,
    0x14, 0xC0, 0x9E, 0x8C, 0x6A, 0x84, 0x6B, 0x76, 0xAD, 0x80, 0xF2, 0x62, 0x4D, 0x4F, 0x19, 0x81,
    0xCC, 0x63, 0x3C, 0xDA, 0xA7, 0x67, 0x33, 0xE8, 0x41, 0xB2, 0x4A, 0xA7, 0xAB, 0xB5, 0x22, 0x71,
    0x29, 0xE5, 0xE7, 0x0F, 0xFD, 0x41, 0xF1, 0x18, 0xEB, 0xF2, 0xF1, 0x3E, 0xE1, 0x7A, 0x06, 0xAF,
    0xAC, 0x1C, 0xAF, 0xC9, 0x8C, 0xD9, 0x6C, 0x73, 0x5E, 0xAF, 0xE0, 0xFE, 0xF9, 0xD4, 0x3B, 0x76,
    0xF5, 0x6F, 0x4E, 0x0E, 0x2E, 0x29, 0xE6, 0x73, 0xD1, 0x9E, 0x37, 0x97, 0xD9, 0xCD, 0xD5, 0xFE,
    0x67, 0xC7, 0x65, 0x66, 0x1A, 0xED, 0xF2, 0x6C, 0x6A, 0x22, 0xAE, 0xFF, 0x67, 0x33, 0xD3, 0xD0,
    0x96, 0x67, 0x7C, 0xE5, 0xA2, 0xE9, 0xCA, 0x9E, 0x91, 0xF1, 0xC5, 0x3C, 0x87, 0xE5, 0x99, 0xD0,
    0x26, 0xE5, 0x53, 0x7C, 0xA0, 0xA4, 0x6B, 0x78, 0x36, 0x3F, 0x10, 0x4A, 0xED, 0x52, 0xD9, 0xE1,
    0x7E, 0xE4, 0x40, 0x3A, 0x55, 0xE6, 0xCA, 0x6C, 0x87, 0xB9, 0xF2, 0x18, 0x0C, 0x9C, 0x58, 0x78,
    0x7E, 0x68, 0xD5, 0xF2, 0x0D, 0x78, 0xB1, 0xDD, 0xDF, 0x2E, 0x33, 0x3E, 0x08, 0x09, 0xFD, 0x7A,
    0x09, 0x5B, 0x7A, 0xC1, 0x0C, 0x5E, 0x71, 0x68, 0x46, 0x63, 0xEB, 0x94, 0x71, 0x53, 0x99, 0xA0,
    0xDA, 0x14, 0xCE, 0xCA, 0x29, 0x93, 0xD4, 0x53, 0x26, 0xBE, 0x92, 0xB9, 0x7C, 0x94, 0x6E, 0x0A,
    0x17, 0xA8, 0xAE, 0xEF, 0x40, 0x84, 0x66, 0xF3, 0xDA, 0xA1, 0xD6, 0x23, 0xC3, 0xEE, 0x70, 0x40,
    0x1D, 0x11, 0x6A, 0x3D, 0x2F, 0xA1, 0xF9, 0xA4, 0x36, 0xE8, 0x54, 0x61, 0xF6, 0xDA, 0x3E, 0xD7,
    0xB9, 0xE3, 0xEA, 0xCB, 0x19, 0x7A, 0x59, 0x23, 0x7D, 0xC5, 0x6C, 0x28, 0x1C, 0xDF, 0xAB, 0x5A,
    0x44, 0xE5, 0xC8, 0x12, 0x82, 0xEF, 0xB0, 0xE3, 0xA8, 0xB4, 0xBC, 0x65, 0xD0, 0xA6, 0xEE, 0x6D,
    0xCA, 0xB0, 0xA1, 0x00, 0xAA, 0x78, 0x62, 0x4F, 0x5B, 0xEC, 0xBE, 0x48, 0x6A, 0xB6, 0x25, 0x13,
    0x65, 0x6A, 0xBE, 0x2B, 0xCC, 0x29, 0x33, 0x14, 0x48, 0xCB, 0xD2, 0x91, 0xA5, 0x48, 0x7E, 0x99,
    0x36, 0xD3, 0xB4, 0xC3, 0xCF, 0x61, 0x6F, 0x19, 0xA8, 0x84, 0x0C, 0xB4, 0x2A, 0x61, 0xA5, 0x90,
    0x3F, 0xAC, 0x7A, 0xDD, 0xEE, 0x84, 0xE3, 0x74, 0x5E, 0xA7, 0xC2, 0x48, 0xA6, 0xA2, 0x69, 0x8C,
    0x4E, 0x37, 0x5D, 0x39, 0xDA, 0x5B, 0xDD, 0x83, 0x67, 0x9D, 0xDA, 0x0C, 0x62, 0xFA, 0x79, 0x3C,
    0x9B, 0xA2, 0xAF, 0x95, 0x4C, 0xEB, 0x33, 0xEB, 0x85, 0xCF, 0xA0, 0xCC, 0x36, 0x83, 0xC2, 0xDB,
    0xEA, 0xDB, 0x06, 0xB5, 0x8B, 0xB8, 0xC1, 0xB6, 0xA9, 0x07, 0xA1, 0x5D, 0x35, 0x54, 0xB1, 0xAD,
    0xAA, 0x50, 0xBE, 0x10, 0xE5, 0xB7, 0xC3, 0x11, 0xC2, 0x61, 0x05, 0x38, 0xE3, 0x0F, 0xE5, 0x55,
    0x0C, 0x7E, 0xDF, 0x65, 0xD2, 0x1E, 0x98, 0xD4, 0xCA, 0x72, 0x87, 0x35, 0x18, 0xB5, 0x60, 0x38,
    0x80, 0xE4, 0x97, 0x72, 0xAA, 0xA4, 0x6A, 0x5E, 0x08, 0x1D, 0xEE, 0x07, 0x16, 0x9C, 0x75, 0x60,
    0xD8, 0x82, 0x71, 0x0D, 0x26, 0xA0, 0xCD, 0x8C, 0xF0, 0xB4, 0x42, 0x6C, 0xCF, 0x1D, 0xA2, 0x7A,
    0xDC, 0x82, 0x81, 0x18, 0x3B, 0x66, 0xB9, 0xF1, 0x47, 0xA6, 0x44, 0x7C, 0x72, 0x0B, 0xFD, 0x4A,
    0x0A, 0x44, 0xEB, 0xE4, 0xAB, 0x87, 0x65, 0x6E, 0x92, 0xF2, 0x0D, 0xF9, 0xFE, 0xB6, 0xA4, 0x23,
    0xCA, 0xCA, 0x3C, 0xE0, 0x4F, 0x33, 0xFE, 0xCC, 0x45, 0xA3, 0x9E, 0x72, 0x30, 0xA0, 0x69, 0x3E,
    0x64, 0xB5, 0x34, 0x64, 0xA8, 0x1A, 0x29, 0x94, 0x36, 0x13, 0x68, 0x6C, 0x70, 0x46, 0xEA, 0xE9,
    0x88, 0x99, 0xAA, 0xF3, 0xAA, 0x94, 0x1E, 0x9A, 0x41, 0xCF, 0x21, 0x21, 0x7E, 0x9D, 0x69, 0x5A,
    0x49, 0xFE, 0x48, 0xC6, 0x97, 0x8B, 0x9A, 0xA9, 0x94, 0x89, 0x70, 0xDC, 0xA9, 0x5A, 0xAA, 0x78,
    0x34, 0x15, 0x73, 0x77, 0x67, 0x7D, 0xBF, 0x97, 0xC1, 0x58, 0x9F, 0xC4, 0x2F, 0x3E, 0x32, 0xB4,
    0xA1, 0xBF, 0xEF, 0x24, 0xAD, 0x20, 0xA5, 0x9C, 0x45, 0x79, 0xD4, 0x43, 0xDC, 0x46, 0x5A, 0x9E,
    0x2D, 0xEB, 0xF8, 0xF2, 0x6F, 0xCF, 0x40, 0xCB, 0xEB, 0xD2, 0xF2, 0x4C, 0x97, 0xA4, 0xA6, 0x84,
    0xD9, 0x7A, 0xEC, 0x0D, 0x73, 0x8B, 0xB3, 0xE0, 0x06, 0xEE, 0x12, 0x76, 0x83, 0xA0, 0x07, 0x3A,
    0xC1, 0x0C, 0x58, 0xAC, 0xA7, 0x6D, 0xBE, 0x55, 0x48, 0xA1, 0x70, 0x07, 0x0F, 0x88, 0x66, 0xEF,
    0x50, 0xD5, 0x50, 0x2C, 0x8D, 0xA7, 0x9F, 0x8F, 0x58, 0x02, 0x78, 0xC3, 0x6E, 0x9C, 0x24, 0x84,
    0x4C, 0xA4, 0x61, 0x3E, 0x97, 0xEF, 0xFE, 0x45, 0x52, 0x4E, 0xB1, 0x11, 0x93, 0x98, 0x98, 0x07,
    0x35, 0x49, 0xD6, 0x27, 0x2E, 0xE1, 0x3A, 0x1B, 0x54, 0xEC, 0x15, 0x3F, 0x74, 0xD1, 0x85, 0xC1,
    0xC9, 0x0F, 0xB3, 0x23, 0xEC, 0x56, 0x59, 0xA9, 0x3F, 0xCE, 0x2A, 0x61, 0xC8, 0x23, 0xC3, 0x8D,
    0x7E, 0x45, 0xA6, 0x3F, 0xE5, 0x8F, 0x3B, 0xA2, 0x3C, 0x18, 0xA9, 0xC7, 0xFB, 0xC2, 0x95, 0xFC,
    0xBD, 0x0A, 0x7C, 0xEF, 0x95, 0x13, 0xBB, 0x37, 0x1C, 0xEC, 0xAF, 0xF2, 0x2E, 0xE1, 0x2E, 0xB5,
    0x69, 0x23, 0x22, 0x6E, 0x83, 0x0A, 0x53, 0x63, 0xA4, 0xF4, 0xDD, 0xCA, 0x7C, 0x8B, 0xD2, 0xF2,
    0xFF, 0xA7, 0xB9, 0x48, 0x15, 0x14, 0x19, 0x89, 0xE6, 0x15, 0x1A, 0x57, 0xEB, 0xDD, 0x85, 0xDF,
    0xDE, 0x83, 0x92, 0x23, 0x05, 0xDC, 0x42, 0x4F, 0x27, 0x98, 0x39, 0xBA, 0xD3, 0x86, 0x08, 0xA6,
    0x09, 0x90, 0x01, 0xF9, 0x4A, 0xE0, 0x04, 0xBF, 0xEF, 0x05, 0x7F, 0xE8, 0x04, 0x5F, 0xD4, 0x02,
    0x2E, 0x01, 0x12, 0x0C, 0x74, 0x72, 0x10, 0x5A, 0xAA, 0x64, 0xF5, 0x09, 0x08, 0x2B, 0xCD, 0xE3,
    0x48, 0x17, 0x09, 0xC6, 0x12, 0x63, 0x5C, 0x74, 0x8F, 0xF4, 0xBA, 0xC9, 0xDE, 0xB8, 0x66, 0x47,
    0x8A, 0x65, 0x5D, 0xFC, 0x42, 0x46, 0x76, 0x4A, 0x14, 0xFF, 0xD6, 0x0A, 0x7E, 0xD7, 0x09, 0xD8,
    0x01, 0xA3, 0xC0, 0xE5, 0x82, 0x4E, 0x2C, 0x82, 0x49, 0x25, 0x08, 0x3F, 0x92, 0x09, 0x14, 0xFE,
    0xA9, 0x66, 0x0E, 0xE0, 0x43, 0x3A, 0xD6, 0x98, 0xEC, 0x21, 0x4F, 0x0A, 0xAC, 0xA6, 0xEC, 0x19,
    0x48, 0xCD, 0x84, 0x97, 0x32, 0xCA, 0x68, 0xBF, 0xA2, 0xEC, 0x20, 0x1B, 0x28, 0xB3, 0x71, 0x2F,
    0xD0, 0xA8, 0xD8, 0xE9, 0xAF, 0xC3, 0x6E, 0xE9, 0x28, 0x1A, 0x0E, 0x62, 0xA6, 0xC4, 0xC1, 0x0C,
    0xB9, 0xF0, 0x93, 0xF6, 0x74, 0x45, 0xF1, 0xC7, 0x6B, 0x27, 0xFC, 0x88, 0x3B, 0x61, 0x5D, 0x35,
    0x60, 0x56, 0x82, 0xB7, 0x08, 0x24, 0xA1, 0xEC, 0xE4, 0xE2, 0x68, 0x7D, 0xA5, 0xDA, 0x4D, 0xAC,
    0x73, 0xAE, 0x15, 0xCB, 0xFA, 0xF6, 0x80, 0xB5, 0x61, 0x69, 0x07, 0xCC, 0x1B, 0x9C, 0xCD, 0x77,
    0x1F, 0x00, 0x68, 0x6D, 0x30, 0xCC, 0x30, 0x17, 0x40, 0x45, 0x4F, 0x11, 0xB3, 0x49, 0x2F, 0xAA,
    0x26, 0x37, 0x51, 0x77, 0x4A, 0x41, 0x8F, 0x13, 0x3A, 0x56, 0xCE, 0x26, 0xE1, 0xBB, 0x58, 0xA6,
    0xC7, 0x73, 0x94, 0x43, 0x79, 0xD4, 0xD3, 0x43, 0x96, 0x42, 0xB6, 0xFE, 0x49, 0x8D, 0xE7, 0xC3,
    0x15, 0x35, 0xC6, 0x19, 0xB6, 0xD6, 0x9F, 0x73, 0x47, 0xEF, 0x8F, 0xBF, 0x74, 0x24, 0xF6, 0x3B,
    0xC5, 0x26, 0x96, 0xA3, 0x70, 0x6A, 0x04, 0x49, 0xB9, 0x0B, 0x7F, 0x2F, 0x47, 0x91, 0x91, 0xE2,
    0xF1, 0x3E, 0x8C, 0xCA, 0xAD, 0xB8, 0x7B, 0x34, 0x6A, 0xB4, 0x6B, 0xA1, 0x27, 0x22, 0xE6, 0x0D,
    0xA8, 0xB2, 0xD3, 0xC8, 0x0F, 0xEB, 0xDC, 0x84, 0xCD, 0x31, 0x85, 0x8D, 0x23, 0x32, 0x08, 0x8D,
    0x9B, 0xE4, 0x24, 0x1D, 0x51, 0x60, 0xE4, 0x79, 0x8B, 0x72, 0x3A, 0xF2, 0x43, 0x8B, 0x91, 0x3B,
    0x24, 0x39, 0x65, 0x39, 0x9B, 0x94, 0x2B, 0xA4, 0x7B, 0x49, 0x79, 0x0F, 0x8B, 0xED, 0xBA, 0x14,
    0x2C, 0x3F, 0xA5, 0x90, 0x1D, 0x12, 0x16, 0x07, 0xB3, 0xEE, 0x2F, 0xB7, 0x2D, 0xDD, 0x5F, 0xD3,
    0x8A, 0x92, 0x06, 0x67, 0x28, 0x8C, 0x07, 0xAF, 0x7A, 0x4D, 0x8E, 0xF5, 0x59, 0x40, 0xE9, 0x13,
    0xC2, 0x3A, 0x10, 0xFC, 0xC5, 0x12, 0x05, 0x78, 0x53, 0x46, 0x0C, 0x54, 0x8D, 0x00, 0xFB, 0x16,
    0x2A, 0x08, 0xA6, 0xC3, 0x7F, 0x00, 0x7D, 0x93, 0xEF, 0x5B, 0xC1, 0x67, 0x52, 0x2C, 0xE2, 0x5A,
    0xEE, 0x8D, 0x78, 0xB8, 0x67, 0x50, 0xA1, 0x03, 0x7A, 0x81, 0x6E, 0x87, 0x74, 0x0D, 0xA6, 0xB7,
    0xD9, 0x03, 0x25, 0xE3, 0xC8, 0x65, 0x5E, 0xDA, 0x54, 0xCC, 0x62, 0x25, 0x3E, 0x91, 0xC5, 0xB4,
    0xB0, 0x64, 0xED, 0x25, 0x1C, 0xEE, 0x1D, 0xE1, 0x69, 0x6E, 0x6C, 0xDC, 0xA6, 0xFD, 0x45, 0x05,
    0xFB, 0x30, 0x51, 0x85, 0xCD, 0x32, 0x70, 0xFF, 0xA2, 0x0F, 0x99, 0xB0, 0x44, 0x39, 0xD7, 0x1E,
    0xCC, 0x42, 0xC5, 0x62, 0xC0, 0xAF, 0x66, 0x87, 0xCD, 0x34, 0xC7, 0xB0, 0x52, 0x38, 0x29, 0x72,
    0x82, 0xD0, 0x4E, 0x39, 0xDC, 0x9B, 0x9E, 0xA2, 0xDC, 0x62, 0x88, 0xD6, 0x07, 0xCC, 0x58, 0x10,
    0x40, 0xD5, 0x6E, 0x70, 0xA7, 0xDD, 0x2B, 0x0E, 0xC2, 0x56, 0x6C, 0xF2, 0xBC, 0xB8, 0xB3, 0x9E,
    0x17, 0x07, 0x15, 0x8E, 0xBD, 0x0A, 0xD8, 0xE8, 0x49, 0xD0, 0x07, 0x55, 0x2B, 0x4A, 0x2A, 0xEE,
    0xB4, 0x32, 0x06, 0x6C, 0x6A, 0xB4, 0x03, 0xDD, 0x49, 0x7A, 0x01, 0x8D, 0xF7, 0x05, 0x05, 0x0B,
    0xE2, 0x8B, 0xEB, 0x47, 0xAD, 0x7F, 0xEC, 0xB9, 0x94, 0x35, 0xBC, 0x58, 0x23, 0x1E, 0x85, 0xED,
    0xBF, 0x4B, 0xD9, 0x24, 0xCF, 0x16, 0x6B, 0xDE, 0xB9, 0x44, 0xBF, 0x0E, 0x6A, 0x42, 0x40, 0xD1,
    0x3B, 0xB2, 0x09, 0x8B, 0xAA, 0x7A, 0x14, 0x7A, 0x41, 0x21, 0xB6, 0x59, 0xC8, 0x1F, 0x76, 0x74,
    0xE8, 0x3C, 0x09, 0xC2, 0x15, 0x5F, 0x27, 0x5E, 0x2E, 0xD5, 0x80, 0x8A, 0xA1, 0x38, 0x20, 0xB2,
    0xFB, 0x34, 0xE1, 0x41, 0x3E, 0x17, 0xE6, 0x6C, 0x81, 0x11, 0x73, 0xB6, 0x30, 0x82, 0xA4, 0xDC,
    0x20, 0x33, 0x41, 0xF1, 0x26, 0x63, 0x59, 0x0E, 0x40, 0x4B, 0xBB, 0x51, 0x0F, 0x71, 0xB0, 0x38,
    0x88, 0x6B, 0xD4, 0x9B, 0x78, 0x76, 0x00, 0xF2, 0xA8, 0xE4, 0x1A, 0xF7, 0xE3, 0x16, 0x0C, 0x3B,
    0x70, 0x06, 0x6A, 0x7E, 0x79, 0x76, 0xD8, 0xE4, 0xD8, 0xDF, 0xCB, 0xBC, 0xC3, 0x4F, 0x13, 0x90,
    0xC8, 0x47, 0xF9, 0xED, 0x61, 0x02, 0xED, 0xA1, 0x35, 0xB4, 0x85, 0x96, 0x50, 0x17, 0xAD, 0x40,
    0xA2, 0x05, 0xD4, 0x97, 0xDA, 0xDB, 0xD0, 0x71, 0x5E, 0x35, 0x19, 0xC5, 0x5D, 0x0A, 0xCF, 0x23,
    0x5A, 0xE4, 0xEC, 0xD3, 0xED, 0xB9, 0xC3, 0x98, 0xF7, 0x10, 0x34, 0xF1, 0xFC, 0x7C, 0x0A, 0x9A,
    0xD5, 0x63, 0x84, 0xDC, 0x43, 0x2B, 0x0C, 0xE5, 0xFB, 0xB2, 0x4E, 0x24, 0x9C, 0xC6, 0x75, 0x5E,
    0x46, 0xD2, 0x07, 0x5E, 0x03, 0xC4, 0xF5, 0xDB, 0x44, 0x4E, 0x77, 0xAC, 0xD5, 0xC4, 0xB3, 0x15,
    0xA8, 0xF7, 0x51, 0x66, 0xD6, 0x63, 0x87, 0x88, 0x44, 0x1F, 0xD4, 0x65, 0x46, 0x3B, 0xCC, 0x68,
    0x93, 0x0E, 0x99, 0xB1, 0x73, 0x45, 0x5F, 0x2D, 0xD6, 0x49, 0x23, 0xFB, 0x69, 0x29, 0x09, 0x73,
    0xA5, 0x0D, 0xDB, 0x10, 0xC6, 0xAC, 0x24, 0xBD, 0xB1, 0x68, 0xE9, 0x27, 0x61, 0xFB, 0xCA, 0xA3,
    0xB0, 0xFD, 0x4D, 0xB7, 0x58, 0x17, 0x2D, 0x73, 0x5A, 0x4A, 0xBD, 0xE6, 0x2E, 0x85, 0x62, 0x39,
    0xC8, 0x27, 0xAE, 0xA2, 0xD5, 0xA0, 0x25, 0x7D, 0x89, 0x73, 0x52, 0xB3, 0xAF, 0xC7, 0xC9, 0xB8,
    0x2E, 0x98, 0x35, 0x1D, 0xC9, 0x99, 0xE7, 0xC8, 0x47, 0x1F, 0x79, 0x1E, 0x95, 0xC9, 0xBA, 0x2A,
    0x43, 0xB8, 0xB6, 0x78, 0x4C, 0x41, 0xA5, 0xDB, 0x90, 0xC9, 0xD6, 0x87, 0x4D, 0x21, 0x01, 0xF6,
    0x44, 0x5A, 0x77, 0x1A, 0x7D, 0xAD, 0xA6, 0x61, 0x7E, 0x40, 0xF8, 0x7E, 0xFC, 0x74, 0x80, 0x85,
    0x75, 0x1B, 0x4A, 0x3A, 0x7C, 0x24, 0xE3, 0x2F, 0x69, 0x93, 0x4B, 0x7A, 0x58, 0x53, 0xFC, 0x8C,
    0xCF, 0xE7, 0x14, 0x31, 0x7E, 0x99, 0x3C, 0x7A, 0xDD, 0xEE, 0x3F, 0x7A, 0x7D, 0x53, 0x91, 0xCB,
    0x87, 0x75, 0x7C, 0xF5, 0xEF, 0xCF, 0xD1, 0x30, 0xD3, 0xF5, 0xD9, 0x29, 0x9E, 0xF8, 0x97, 0xF2,
    0xDC, 0xBF, 0x77, 0xBA, 0x8A, 0x1B, 0xFF, 0x97, 0x32, 0xEE, 0x0A, 0xC3, 0x7A, 0x7B, 0xF2, 0x9D,
    0x5F, 0x7F, 0xDA, 0x7D, 0xC6, 0xC9, 0xF7, 0x9F, 0xA5, 0x91, 0x21, 0xAC, 0xD4, 0x40, 0x10, 0x86,
    0xBF, 0xB6, 0xE2, 0x12, 0x4A, 0x52, 0x73, 0x02, 0xF5, 0xEA, 0x49, 0x8E, 0xF3, 0xC9, 0xF1, 0x76,
    0x78, 0x06, 0x81, 0x79, 0xE2, 0x35, 0x78, 0x6F, 0x4E, 0x20, 0xEF, 0x68, 0x1D, 0xDE, 0x0B, 0xF0,
    0x1A, 0x09, 0xBD, 0x75, 0xD8, 0x35, 0xF8, 0x7A, 0x4C, 0xC5, 0x89, 0x8A, 0x3D, 0x86, 0x9D, 0x77,
    0x39, 0x20, 0x97, 0x54, 0x10, 0xE6, 0x9F, 0xCD, 0xCC, 0x7C, 0x7F, 0xB7, 0x2B, 0xA6, 0x69, 0xEE,
    0x55, 0xC7, 0x94, 0x7F, 0x35, 0x8D, 0xA8, 0xAA, 0xB7, 0x73, 0xD5, 0x5B, 0xA0, 0xE7, 0x90, 0x4B,
    0x35, 0x68, 0x71, 0x01, 0x1A, 0x7E, 0x37, 0xD3, 0xED, 0xBF, 0x09, 0x0A, 0xA9, 0xB8, 0xC1, 0x89,
    0xF3, 0xCE, 0xD7, 0xB2, 0x47, 0x51, 0x5A, 0x56, 0x6C, 0xD8, 0x02, 0xBB, 0xAB, 0xF9, 0xFA, 0x7B,
    0x0C, 0x7C, 0xAA, 0xB2, 0xE1, 0xA6, 0xF0, 0xEE, 0xF5, 0xE0, 0xBE, 0x1D, 0x53, 0xD6, 0x77, 0xC3,
    0xBE, 0xEC, 0xB4, 0x0E, 0x29, 0xDB, 0x32, 0xAC, 0x0A, 0xBF, 0x29, 0x65, 0xFB, 0x04, 0x60, 0x8E,
    0xCF, 0xFD, 0xA7, 0xF0, 0x17, 0x69, 0x8A, 0xB7, 0xDF, 0x2F, 0xD3, 0xBC, 0x32, 0x99, 0xBF, 0x33,
    0xE7, 0x64, 0xC2, 0x3D, 0xD5, 0x09, 0xA7, 0xB4, 0xDA, 0x1D, 0xD4, 0xA7, 0x74, 0xDA, 0xAD, 0x95,
    0x32, 0x02, 0x40, 0x20, 0xA2, 0xA2, 0xA3, 0x9E, 0x34, 0xEA, 0xA0, 0x32, 0x11, 0x80, 0xBD, 0xEA,
    0xFE, 0xF1, 0x90, 0xA4, 0x24, 0x29, 0x49, 0x8F, 0xE3, 0x2E, 0xF1, 0x5C, 0x3B, 0x9E, 0x03, 0xB5,
    0x1E, 0xE9, 0x01, 0xF7, 0x23, 0x12, 0x81, 0x9E, 0x3E, 0x9B, 0x80, 0x88, 0x2B, 0x8E, 0xC0, 0xC4,
    0xBA, 0x18, 0xCF, 0x73, 0x39, 0x00, 0x5F, 0xB8, 0xAD, 0x3C, 0xD0, 0xBE, 0x3A, 0xD5, 0x56, 0xD7,
    0x3A, 0xAD, 0x05, 0x58, 0x68, 0x70, 0x00, 0x34, 0xBC, 0x07, 0x00, 0x4E, 0xF6, 0x06, 0x10, 0x6B,
    0x1D, 0x81, 0x7C, 0xB2, 0x37, 0xA0, 0x18, 0x7B, 0x0E, 0x01, 0x16, 0x63, 0xC4, 0x6D, 0xA1, 0x0C,
    0x13, 0x87, 0x67, 0x50, 0xF9, 0x09, 0x7D, 0x0A, 0x75, 0x17, 0xAD, 0xE2, 0xE8, 0xF9, 0x99, 0x6A,
    0x4B, 0xBA, 0x97, 0xFC, 0xAF, 0x54, 0x3A, 0x6D, 0xE1, 0x81, 0x5C, 0x3F, 0x86, 0x5C, 0x16, 0x5D,
    0x69, 0xFB, 0xB6, 0xFD, 0xB3, 0x24, 0xBF, 0x93, 0xC5, 0x87, 0xAE, 0x7C, 0x23, 0x55, 0x62, 0x09,
    0x26, 0x9A, 0xB0, 0x71, 0x33, 0xCC, 0x31, 0xCB, 0x3C, 0x33, 0xCD, 0x35, 0x7B, 0xC9, 0x92, 0x1E,
    0xE5, 0xC0, 0x0B, 0x36, 0xBC, 0x03, 0x90, 0xCC, 0x17, 0xBE, 0xF2, 0x8E, 0x88, 0xA3, 0xF2, 0x0B,
    0x9F, 0x79, 0x44, 0x08, 0x8C, 0x44, 0x5A, 0xCE, 0xCE, 0x91, 0x80, 0xD0, 0x34, 0x0F, 0xAA, 0x31,
    0x25, 0x00, 0x81, 0x3C, 0x50, 0x78, 0x4A, 0xA1, 0x82, 0x15, 0x6C, 0xE0, 0x33, 0x8C, 0x7F, 0x70,
    0x0D, 0x2F, 0x61, 0x87, 0x61, 0x60, 0x7E, 0xB1, 0xFF, 0xEB, 0xFE, 0x02, 0xAD, 0x91, 0x81, 0xA7,
    0x14, 0x51, 0x14, 0xC6, 0x7F, 0x77, 0x46, 0x0D, 0x96, 0x9D, 0x05, 0x02, 0x2C, 0x00, 0xD9, 0x67,
    0xC2, 0xC3, 0x60, 0xDE, 0xEE, 0xD0, 0x3F, 0x10, 0x5A, 0xE1, 0x41, 0x00, 0x01, 0x61, 0xB0, 0xE8,
    0x71, 0xFE, 0x8F, 0xE0, 0x01, 0xD8, 0xA1, 0x1D, 0x2C, 0x2D, 0x60, 0xE8, 0x1F, 0x18, 0x14, 0x00,
    0x97, 0x20, 0xC0, 0x21, 0x29, 0xBC, 0x9D, 0xD3, 0xBD, 0xF6, 0x55, 0x95, 0x10, 0x65, 0x3E, 0xE6,
    0xCE, 0x39, 0x9F, 0xF9, 0xDC, 0xEF, 0x97, 0x8C, 0xE4, 0x6D, 0x7F, 0xE1, 0xB4, 0xA1, 0xE9, 0x28,
    0x95, 0xCA, 0xB3, 0x08, 0x0A, 0x87, 0xF0, 0x19, 0x86, 0x61, 0x15, 0x0C, 0xC1, 0x46, 0x26, 0xCC,
    0x85, 0x95, 0xF0, 0x51, 0xD2, 0x37, 0x92, 0x3F, 0x94, 0xB3, 0x54, 0x0E, 0xA9, 0x98, 0xDD, 0x6C,
    0xDB, 0x0F, 0xA4, 0x12, 0x75, 0xEF, 0x2D, 0xAB, 0x9B, 0xDC, 0x34, 0xDF, 0x5E, 0x4F, 0xE1, 0xA4,
    0xDC, 0xEA, 0x3B, 0x97, 0x0A, 0x7B, 0xA8, 0x60, 0x01, 0x55, 0xC9, 0x61, 0xDE, 0xEA, 0x5D, 0xAB,
    0x79, 0x46, 0x6A, 0x43, 0x8E, 0x56, 0x34, 0x0D, 0xB3, 0xEE, 0x31, 0x9F, 0xAD, 0x3F, 0x26, 0xAA,
    0x34, 0x4A, 0xE9, 0x29, 0x3B, 0x36, 0x25, 0x3A, 0x6F, 0x87, 0x64, 0xAC, 0xCD, 0xFA, 0x6D, 0xDB,
    0xC7, 0x94, 0x09, 0x4C, 0x61, 0x01, 0x25, 0x74, 0xE0, 0x49, 0x7E, 0x1D, 0x4F, 0x8E, 0xAC, 0x76,
    0xFD, 0xDE, 0x0D, 0x1D, 0xBE, 0x71, 0xBE, 0xD8, 0xF5, 0x85, 0xD5, 0x57, 0x59, 0xAF, 0x78, 0x4F,
    0xA7, 0xE8, 0xDE, 0xF9, 0x60, 0x98, 0x8C, 0x64, 0xC1, 0xD9, 0xF6, 0x07, 0xBC, 0xF2, 0xDC, 0x73,
    0xAE, 0x31, 0xB1, 0xDC, 0xF0, 0xA5, 0x68, 0x0F, 0xD9, 0xF1, 0x1C, 0x1E, 0x74, 0x74, 0x8D, 0x1B,
    0x96, 0x97, 0x12, 0xFE, 0x09, 0xB8, 0x3A, 0x95, 0x54, 0x9E, 0xBC, 0x33, 0x8B, 0x6F, 0x57, 0xAF,
    0xD7, 0x66, 0xDF, 0x2A, 0xF4, 0x1B, 0xF6, 0x3F, 0x57, 0xF8, 0xBD, 0xC5, 0x30, 0x3F, 0x73, 0xFE,
    0xD4, 0xE2, 0xC8, 0x2B, 0xA6, 0x7F, 0x7C, 0x76, 0xD7, 0xA6, 0x21, 0x64, 0xB9, 0x93, 0x26, 0x1D,
    0x3A, 0xE7, 0x9F, 0xE2, 0x71, 0x03, 0x69, 0xCF, 0xBC, 0x76, 0x47, 0x26, 0x9E, 0x25, 0xEC, 0x79,
    0xA4, 0xF8, 0x4F, 0x6B, 0x6F, 0xE6, 0x57, 0xA6, 0xF7, 0xB7, 0x4A, 0x16, 0x0C, 0xF0, 0x02, 0xA7,
    0x24, 0x26, 0xDC, 0x36, 0x5D, 0x06, 0xCD, 0x22, 0x40, 0x2D, 0x5E, 0x0E, 0xD9, 0x58, 0x47, 0x7A,
    0x79, 0xA4, 0xC7, 0x6B, 0x49, 0xDE, 0x4B, 0x16, 0x00, 0xA6, 0x72, 0xF1, 0x97, 0x00, 0xB7, 0xE4,
    0x36, 0xC4, 0x00, 0xCA, 0x13, 0xC3, 0x19, 0x55, 0xF5, 0x1F, 0x19, 0x36, 0xA0, 0xB7, 0x77, 0xCD,
    0xEA, 0x1F, 0x9B, 0x2C, 0x62, 0x94, 0x4D, 0x12, 0x31, 0x06, 0x85, 0x43, 0xB1, 0x93, 0xC2, 0xE4,
    0x2A, 0x1B, 0x14, 0xFD, 0x9D, 0xE4, 0xF8, 0xEF, 0x24, 0xBF, 0x02, 0xAD, 0x92, 0x81, 0x66, 0xDD,
    0x50, 0x18, 0xC7, 0xFF, 0x49, 0xDC, 0x06, 0x19, 0x19, 0xDA, 0x61, 0xC3, 0x7D, 0x82, 0xED, 0xBC,
    0x41, 0x13, 0xC0, 0x80, 0xD5, 0xF4, 0xB4, 0x18, 0x06, 0x40, 0x87, 0x3E, 0x41, 0x9B, 0x0C, 0x7D,
    0x8E, 0x0D, 0x2D, 0xED, 0xDD, 0x2B, 0xDC, 0x2E, 0x79, 0x84, 0x3C, 0x42, 0xD0, 0xA2, 0x60, 0x07,
    0xA9, 0xA5, 0x73, 0x72, 0xBF, 0x7D, 0x7F, 0xB9, 0xDA, 0xA8, 0xD9, 0x36, 0x16, 0xF7, 0xFE, 0xCE,
    0x97, 0xFF, 0x77, 0x72, 0xBE, 0xF3, 0x9D, 0xF3, 0xCF, 0xC4, 0x21, 0xD2, 0x9F, 0x08, 0xA3, 0xB8,
    0x63, 0xF4, 0x6C, 0xD8, 0x41, 0xD2, 0x23, 0x78, 0x7F, 0x0D, 0x0F, 0xA4, 0xFC, 0xD7, 0x38, 0x1E,
    0xA3, 0x79, 0x8E, 0x4C, 0x79, 0x0C, 0x0E, 0x46, 0x5F, 0x74, 0xD8, 0x56, 0xA1, 0xC4, 0xB6, 0x01,
    0x2E, 0x39, 0x15, 0x47, 0x3A, 0xC9, 0x03, 0x71, 0x8D, 0x65, 0x5A, 0xA2, 0x43, 0xE1, 0xE7, 0x12,
    0x75, 0xD9, 0x90, 0x4A, 0xE1, 0x53, 0x49, 0x7A, 0xA3, 0x44, 0xD0, 0x85, 0x2E, 0x6A, 0xE3, 0x06,
    0x80, 0x8F, 0x5C, 0xE4, 0xF4, 0x3B, 0x60, 0x19, 0xB5, 0xA1, 0xD3, 0x6F, 0x0A, 0xF9, 0xD8, 0x9B,
    0x55, 0xD2, 0x54, 0x52, 0x48, 0xDD, 0x65, 0x12, 0xD7, 0x22, 0x80, 0x79, 0x53, 0x62, 0xA9, 0x95,
    0x81, 0xF4, 0x53, 0x8E, 0xA3, 0x25, 0xA3, 0xE4, 0x9B, 0xD6, 0xF7, 0x8C, 0x62, 0x01, 0xB2, 0x8E,
    0x51, 0xB4, 0x02, 0x8C, 0x63, 0x14, 0x72, 0xEF, 0x2D, 0xF8, 0x30, 0x62, 0x31, 0x04, 0xD5, 0x1D,
    0x07, 0x23, 0xC2, 0x57, 0xB9, 0x3E, 0xEC, 0x80, 0x68, 0x40, 0xB0, 0x9E, 0x7A, 0x04, 0x98, 0x92,
    0x3D, 0xB1, 0x41, 0x0E, 0x2C, 0xF8, 0x12, 0x60, 0x35, 0xD5, 0x44, 0xA4, 0x03, 0x0A, 0x1D, 0x1C,
    0x60, 0x07, 0x6B, 0x77, 0x00, 0xF4, 0xF7, 0xB9, 0x7A, 0xCC, 0x95, 0x80, 0xFD, 0x6A, 0x2D, 0xC0,
    0x15, 0xC6, 0x64, 0x4E, 0x62, 0x5E, 0x03, 0x69, 0x8E, 0xC4, 0x51, 0x61, 0x59, 0xAC, 0x00, 0x54,
    0x37, 0x87, 0x9E, 0x49, 0x91, 0x16, 0xDC, 0xA0, 0x6A, 0xA9, 0x88, 0x5C, 0x81, 0x94, 0x7C, 0x56,
    0x58, 0x5B, 0xB5, 0x45, 0x23, 0xF2, 0xDD, 0x91, 0x43, 0x0F, 0x03, 0x76, 0x34, 0x57, 0x2E, 0xA9,
    0xF8, 0xE5, 0xC1, 0xC9, 0x62, 0x71, 0xEE, 0xA9, 0x07, 0x3D, 0x19, 0x3B, 0x18, 0x7E, 0x05, 0xC3,
    0x15, 0xC8, 0x2B, 0x50, 0xC7, 0x5F, 0x71, 0x56, 0xEC, 0x2A, 0x53, 0xF1, 0xF7, 0xC4, 0x0B, 0x5D,
    0x20, 0x10, 0x59, 0x21, 0x5A, 0xED, 0x49, 0xAD, 0x47, 0x99, 0x36, 0x7A, 0x51, 0x51, 0x4B, 0xB8,
    0x19, 0x10, 0x3A, 0x8C, 0x50, 0x4D, 0xF4, 0xF1, 0x42, 0x60, 0x43, 0x7A, 0xA0, 0x5A, 0xE5, 0x78,
    0xD0, 0x4C, 0x0E, 0x20, 0x5B, 0x9F, 0x4D, 0xD0, 0x66, 0x0A, 0xA7, 0x08, 0xDD, 0xBC, 0x41, 0xDC,
    0x26, 0x2B, 0x5B, 0xD5, 0x21, 0x37, 0xCD, 0x92, 0x10, 0x3E, 0x6E, 0xE4, 0x60, 0x0B, 0xBB, 0xEF,
    0xD8, 0x5E, 0xB8, 0xE6, 0xA9, 0x32, 0xF8, 0x0C, 0x25, 0xF0, 0x7F, 0xB9, 0xB1, 0x38, 0x59, 0x5C,
    0x20, 0xFE, 0x51, 0x7E, 0x19, 0x10, 0x9E, 0xD9, 0xBD, 0xF3, 0xFB, 0x83, 0x00, 0xEC, 0x6E, 0xCE,
    0x03, 0xF1, 0x5B, 0xD6, 0xDA, 0xDD, 0x73, 0xB0, 0xC1, 0x9A, 0x4C, 0x9B, 0x83, 0xB7, 0x8B, 0xC5,
    0xC5, 0xEB, 0x2A, 0x16, 0xF1, 0x4F, 0x36, 0xCF, 0x34, 0x7D, 0x4A, 0x3D, 0x72, 0x64, 0xDC, 0x92,
    0x69, 0x8D, 0x3B, 0xBD, 0x97, 0x92, 0x8D, 0x0D, 0x20, 0x1B, 0xA8, 0x3E, 0x80, 0xCC, 0x48, 0x98,
    0x9C, 0x4C, 0x6B, 0x32, 0x69, 0xC8, 0xC8, 0x91, 0x61, 0xF7, 0x6A, 0xEB, 0x2E, 0xC7, 0x70, 0x5C,
    0x88, 0x43, 0xE1, 0x49, 0xD3, 0x01, 0x40, 0x30, 0xBD, 0x29, 0xDE, 0xDD, 0xEF, 0x9B, 0xFB, 0xD0,
    0x82, 0x5E, 0x6D, 0x89, 0x33, 0x86, 0xEC, 0xE6, 0xE9, 0x3A, 0x8B, 0xE7, 0xCC, 0x56, 0x42, 0xE3,
    0xC8, 0x4D, 0xAE, 0x59, 0x1A, 0x7C, 0xF3, 0xF1, 0x3A, 0xA7, 0x24, 0xFA, 0x91, 0xF4, 0xA7, 0xED,
    0xE9, 0x55, 0x99, 0x70, 0xE2, 0xDE, 0xBD, 0xAA, 0x1D, 0x3D, 0xF9, 0xE0, 0x4F, 0x78, 0x12, 0xCB,
    0x09, 0xFF, 0xD9, 0xBD, 0xEA, 0xFC, 0x91, 0x7F, 0x76, 0x6F, 0x92, 0x3F, 0xA2, 0x88, 0xAC, 0x4D,
    0xE9, 0xB0, 0x7F, 0x6B, 0xDF, 0x79, 0x44, 0x2D, 0x70, 0x49, 0x22, 0x9B, 0xD0, 0x4C, 0xE2, 0x6D,
    0x12, 0x3A, 0xF3, 0xD6, 0x1E, 0x3A, 0x44, 0x22, 0x32, 0x72, 0xA0, 0x1E, 0x08, 0x09, 0x53, 0x92,
    0x69, 0x4D, 0x26, 0x13, 0x8E, 0xCA, 0xBC, 0x24, 0x0B, 0xB0, 0xE2, 0x00, 0x56, 0xEF, 0xC6, 0x9D,
    0xFC, 0x62, 0x87, 0x98, 0x11, 0x3F, 0x01, 0x8D, 0x52, 0x01, 0x66, 0xF4, 0x60, 0x10, 0x7D, 0x49,
    0x7E, 0xF6, 0x27, 0xD5, 0x14, 0xA1, 0x28, 0x52, 0x40, 0xAB, 0x76, 0x73, 0x83, 0x26, 0xBD, 0x4D,
    0x2F, 0xD1, 0x26, 0x7A, 0x82, 0x1E, 0xA5, 0x27, 0xE8, 0x86, 0x5E, 0x20, 0x28, 0x05, 0x08, 0xA0,
    0x80, 0x0F, 0xC1, 0x87, 0x6C, 0xA6, 0x6F, 0xE6, 0xDB, 0x6A, 0x28, 0xBB, 0x7D, 0xC9, 0x7B, 0xDF,
    0x8E, 0xF7, 0x66, 0xBE, 0x59, 0x02, 0x22, 0xAA, 0x81, 0x94, 0xAC, 0x1A, 0x91, 0x6A, 0x2B, 0xA2,
    0xBF, 0x63, 0x32, 0x20, 0xE9, 0xD2, 0xA1, 0x18, 0xAF, 0xEF, 0x93, 0xEE, 0xD8, 0x83, 0x3D, 0x5A,
    0x15, 0x07, 0x4E, 0xDA, 0xA9, 0xCC, 0x20, 0x46, 0x95, 0x7D, 0xE2, 0xF8, 0xA4, 0x9B, 0xCF, 0xD2,
    0x67, 0xC3, 0x72, 0xE2, 0x19, 0x56, 0x1D, 0xD6, 0x28, 0x38, 0xAF, 0x2D, 0x29, 0x1D, 0xCB, 0x8D,
    0x1A, 0xF9, 0x72, 0xCF, 0xD2, 0xE7, 0x39, 0xFB, 0xFF, 0xFC, 0x54, 0x53, 0xE6, 0x56, 0x7D, 0xDC,
    0x02, 0x27, 0x00, 0xAA, 0x1E, 0x68, 0x3C, 0x4F, 0x17, 0x58, 0x4E, 0xC0, 0xBF, 0x47, 0x00, 0x05,
    0x03, 0x29, 0xCD, 0x78, 0x64, 0xB1, 0xD3, 0x24, 0x99, 0x75, 0x40, 0xC2, 0x54, 0x44, 0xA2, 0x26,
    0x9F, 0x81, 0x8B, 0x91, 0xDE, 0x44, 0xF2, 0x2C, 0x1D, 0xB0, 0x75, 0x88, 0x3C, 0x57, 0x77, 0x16,
    0xB7, 0x36, 0xBA, 0xC9, 0x18, 0xC6, 0x95, 0x2D, 0x70, 0x0B, 0xE0, 0x3F, 0x02, 0xD6, 0x64, 0x55,
    0x2F, 0x26, 0x33, 0x8B, 0x5F, 0xF7, 0xCF, 0xDF, 0xDB, 0xE9, 0x5D, 0x3E, 0x6C, 0x19, 0x0D, 0xF8,
    0x81, 0x0B, 0xDD, 0x99, 0xDE, 0x50, 0x03, 0xAF, 0xB4, 0x3D, 0x96, 0x3B, 0x6C, 0xA6, 0x7D, 0xB7,
    0x0B, 0x9B, 0x36, 0xE4, 0x29, 0x96, 0xB8, 0x54, 0x79, 0x21, 0x63, 0x11, 0xE9, 0x53, 0x15, 0x0D,
    0xC3, 0xC4, 0x4A, 0x33, 0x2C, 0xC2, 0xF0, 0x02, 0x57, 0xBC, 0x90, 0x5D, 0x6D, 0x2A, 0x43, 0x29,
    0x3E, 0x79, 0xEB, 0x0E, 0xBF, 0xD1, 0x5D, 0x8D, 0xE5, 0x57, 0x33, 0xA0, 0x11, 0xF1, 0x2A, 0x33,
    0x08, 0x69, 0x4D, 0xAC, 0x34, 0xC3, 0x22, 0x16, 0x36, 0xC4, 0x4F, 0xED, 0xE1, 0xF9, 0xE7, 0x1F,
    0xEF, 0x85, 0x8C, 0x2B, 0xE9, 0x23, 0xA9, 0xF1, 0x00, 0xE4, 0x08, 0xA8, 0xF9, 0x26, 0x94, 0x4E,
    0xFF, 0x8C, 0x2B, 0x28, 0x53, 0xC5, 0x72, 0x36, 0xB1, 0xD2, 0x0C, 0x8B, 0x58, 0x18, 0x8A, 0x2F,
    0x8D, 0xD1, 0x2F, 0x90, 0xDB, 0x46, 0x18, 0x05, 0xF0, 0x9F, 0xA5, 0xCC, 0x09, 0x18, 0x28, 0x20,
    0x99, 0x69, 0x49, 0x4D, 0x0A, 0x02, 0x92, 0x98, 0x16, 0x38, 0x5E, 0xCD, 0x84, 0x15, 0x15, 0xD4,
    0x9C, 0x07, 0x17, 0x04, 0xDC, 0xC5, 0x62, 0xE5, 0x9C, 0x04, 0x14, 0x95, 0x83, 0x02, 0xDF, 0x59,
    0xAC, 0xA0, 0x44, 0x1C, 0x99, 0x83, 0x46, 0x40, 0xC0, 0x9D, 0x91, 0xBD, 0xD5, 0x9E, 0x7A, 0xD3,
    0xBB, 0xB9, 0x36, 0xED, 0xEA, 0xDB, 0xB7, 0xDF, 0xDF, 0xF7, 0x76, 0xB4, 0x80, 0x7D, 0x6C, 0xCC,
    0xE3, 0xF0, 0xD7, 0x91, 0xF5, 0x08, 0x1C, 0xF1, 0x81, 0x01, 0x3B, 0xC9, 0x4B, 0x99, 0x40, 0xAA,
    0x2F, 0x63, 0x8C, 0x1D, 0xE5, 0x78, 0xB4, 0xCC, 0x5B, 0x65, 0x43, 0x7E, 0xB0, 0xA8, 0xC9, 0x3B,
    0x01, 0xB3, 0xA3, 0x35, 0x0C, 0xAE, 0x31, 0xC2, 0x00, 0x61, 0xD6, 0xC3, 0xF2, 0x6D, 0x07, 0x8B,
    0x1F, 0x0F, 0x50, 0xFE, 0xD6, 0x40, 0xF1, 0xA9, 0x86, 0x3C, 0x56, 0x10, 0x23, 0x88, 0x27, 0x00,
    0x21, 0x8E, 0xAB, 0x9A, 0x70, 0x25, 0x49, 0xDE, 0x47, 0x9F, 0xC5, 0x22, 0xC6, 0x38, 0xE1, 0x7F,
    0x75, 0x3E, 0x7B, 0xC4, 0x3C, 0xE1, 0x7D, 0x75, 0xF0, 0xEE, 0x6D, 0x9D, 0xC7, 0x58, 0x2F, 0x62,
    0x14, 0xAA, 0x58, 0x5D, 0x65, 0xB1, 0x39, 0xCE, 0x7F, 0x6D, 0xFA, 0x65, 0xDE, 0xF6, 0x57, 0x79,
    0xFB, 0x47, 0x5F, 0x34, 0xDB, 0xB6, 0x6C, 0x42, 0x13, 0xC6, 0xA9, 0xB3, 0x6D, 0xEC, 0x3D, 0x7D,
    0x57, 0x01, 0x59, 0x4D, 0xDE, 0x30, 0x3F, 0x50, 0x76, 0x2C, 0x8F, 0xAC, 0x77, 0xEC, 0xDE, 0x70,
    0x5C, 0x9A, 0x75, 0x65, 0x95, 0x77, 0x65, 0x53, 0xB4, 0xC5, 0xC8, 0x90, 0x77, 0xA3, 0x46, 0x3F,
    0x2A, 0x0F, 0xDB, 0x18, 0x4F, 0x69, 0x27, 0x3F, 0xE5, 0x52, 0x2D, 0xF5, 0xA4, 0xDE, 0x34, 0x93,
    0x66, 0xED, 0xD6, 0x89, 0x2B, 0x71, 0x26, 0xEE, 0xA4, 0x91, 0xB4, 0x26, 0x4D, 0xB8, 0xF8, 0xF9,
    0x27, 0x8C, 0xE3, 0x2D, 0x23, 0xD9, 0xC0, 0xD9, 0xEC, 0x2C, 0x1F, 0x08, 0x55, 0x1A, 0x28, 0xAB,
    0xD0, 0x50, 0xD6, 0x7B, 0x09, 0x6F, 0x70, 0xE1, 0x1A, 0x26, 0xB4, 0xDF, 0x6C, 0xBE, 0x1F, 0x31,
    0x8D, 0x4E, 0xF8, 0xA0, 0x7A, 0x33, 0xF5, 0x54, 0xB0, 0x6C, 0xC9, 0xAA, 0x79, 0x4F, 0xD1, 0x66,
    0x27, 0xCA, 0x46, 0xAC, 0x2C, 0x6A, 0x21, 0xFD, 0x45, 0xE5, 0x88, 0xCC, 0x12, 0xDD, 0xF3, 0xCD,
    0xE6, 0xBB, 0x6D, 0x8C, 0x5D, 0xDA, 0xCF, 0x37, 0x55, 0x88, 0xED, 0x68, 0x80, 0xCE, 0x64, 0x53,
    0x52, 0x6F, 0x0A, 0x7D, 0xE4, 0x19, 0xAB, 0x64, 0xAF, 0x56, 0x97, 0x21, 0x9E, 0xE6, 0xF1, 0x90,
    0xA5, 0x07, 0xE9, 0xC3, 0xCD, 0xE9, 0xD5, 0xEA, 0xE5, 0x54, 0x42, 0x71, 0xB4, 0x38, 0x5B, 0xCD,
    0xAB, 0x1F, 0xF2, 0x7A, 0xB4, 0xD1, 0x19, 0xC3, 0x31, 0x89, 0xF9, 0x60, 0x19, 0x6D, 0x63, 0xBD,
    0x8F, 0xCD, 0x68, 0xA3, 0xB3, 0x8C, 0x29, 0xA9, 0x42, 0x19, 0x0F, 0x84, 0x04, 0xBF, 0x40, 0x87,
    0x59, 0x82, 0xAC, 0x45, 0xDE, 0xA0, 0xA8, 0x51, 0x56, 0x3C, 0x2D, 0xF1, 0xFE, 0x35, 0xD6, 0x2B,
    0x94, 0x03, 0xF2, 0x1E, 0x0E, 0xC8, 0xCE, 0xD9, 0x49, 0x19, 0x3F, 0xC5, 0x3A, 0xC4, 0x18, 0xDB,
    0x6D, 0x7E, 0xCE, 0xBB, 0xAB, 0xD9, 0x90, 0x4D, 0x70, 0x1B, 0xDE, 0x16, 0x6E, 0x5B, 0x52, 0x33,
    0x98, 0x84, 0xE6, 0x2D, 0x8B, 0x9A, 0x80, 0x81, 0xBC, 0xFB, 0x3B, 0xB5, 0x7E, 0x9C, 0xDA, 0x92,
    0xDE, 0xA4, 0x09, 0xE3, 0xFE, 0xF8, 0xA2, 0x5B, 0x7D, 0xFE, 0x33, 0x7B, 0x7A, 0x77, 0xCF, 0x62,
    0x40, 0x99, 0x60, 0x71, 0x46, 0x08, 0x58, 0x27, 0xC6, 0x5D, 0xD9, 0x30, 0x14, 0xAD, 0xAC, 0xCF,
    0x3B, 0x79, 0x97, 0xF5, 0xC6, 0x60, 0x30, 0xA6, 0x77, 0x49, 0xF2, 0x83, 0x40, 0xB0, 0x66, 0x51,
    0xE1, 0x89, 0x04, 0x53, 0x98, 0x0A, 0x53, 0x4B, 0x6A, 0x9E, 0xC6, 0x12, 0xC1, 0x44, 0x95, 0x48,
    0x27, 0xFA, 0x49, 0x28, 0x04, 0x93, 0xF8, 0x74, 0x8D, 0xE2, 0xEE, 0x17, 0x4E, 0x97, 0x7C, 0xC1,
    0x15, 0x2B, 0xFF, 0xB8, 0xBE, 0xF6, 0xC5, 0xCE, 0xFA, 0xD2, 0x1B, 0x0F, 0xFD, 0xC7, 0xEB, 0x21,
    0xCF, 0xEB, 0x8B, 0x78, 0xFE, 0xEA, 0x82, 0x2F, 0x67, 0xF1, 0xF7, 0xED, 0xB7, 0xC8, 0x2A, 0x45,
    0xAD, 0xAC, 0xF6, 0xB1, 0x1B, 0xCD, 0x7B, 0x7A, 0x93, 0x9F, 0xD2, 0xCC, 0xD8, 0x6C, 0x36, 0x31,
    0xA6, 0x05, 0xFC, 0x9B, 0xFF, 0x04, 0xD7, 0xCC, 0x7B, 0xB6, 0xB5, 0xE2, 0xE8, 0xEE, 0x08, 0x35,
    0xA1, 0x62, 0xD1, 0x31, 0x3B, 0x63, 0x71, 0xB8, 0xEF, 0x0C, 0x78, 0x99, 0x5E, 0x2F, 0x6D, 0x78,
    0x86, 0xF0, 0xA8, 0x2D, 0x39, 0xCB, 0x03, 0xD9, 0x09, 0x37, 0x93, 0xCE, 0xBE, 0x32, 0x7F, 0xA8,
    0xF3, 0x0D, 0xF2, 0x18, 0x87, 0xB4, 0xC1, 0x9B, 0xFF, 0x67, 0x6B, 0xDB, 0x78, 0x1E, 0xED, 0x32,
    0xC6, 0xAB, 0x3F, 0x01,
};

static const EpdGlyph edslab_16_regularGlyphs[] = {
    { 0, 0, 184, 0, 0, 0, 0 }, // U+0020
    { 4, 24, 116, 2, 24, 24, 0 }, // !
    { 8, 7, 180, 2, 24, 14, 24 }, // "
    { 23, 24, 425, 2, 24, 138, 38 }, // #
    { 19, 32, 336, 1, 28, 152, 176 }, // $
    { 28, 24, 500, 2, 24, 168, 328 }, // %
    { 20, 24, 389, 2, 24, 120, 496 }, // &
    { 3, 7, 103, 2, 24, 6, 616 }, // '
    { 11, 37, 229, 2, 30, 102, 622 }, // (
    { 11, 37, 229, 2, 30, 102, 724 }, // )
    { 12, 11, 229, 1, 27, 33, 826 }, // *
    { 10, 10, 207, 2, 14, 25, 859 }, // +
    { 5, 8, 117, 2, 4, 10, 884 }, // ,
    { 10, 3, 207, 2, 10, 8, 894 }, // -
    { 4, 4, 117, 2, 4, 4, 902 }, // .
    { 12, 31, 210, 0, 24, 93, 906 }, // /
    { 18, 24, 323, 1, 24, 108, 999 }, // 0
    { 9, 24, 194, 2, 24, 54, 1107 }, // 1
    { 17, 24, 300, 1, 24, 102, 1161 }, // 2
    { 18, 24, 312, 1, 24, 108, 1263 }, // 3
    { 17, 24, 310, 1, 24, 102, 1371 }, // 4
    { 18, 24, 309, 1, 24, 108, 1473 }, // 5
    { 17, 24, 314, 1, 24, 102, 1581 }, // 6
    { 15, 24, 298, 2, 24, 90, 1683 }, // 7
    { 17, 24, 317, 2, 24, 102, 1773 }, // 8
    { 17, 25, 296, 1, 24, 107, 1875 }, // 9
    { 4, 15, 116, 2, 15, 15, 1982 }, // :
    { 5, 19, 117, 2, 15, 24, 1997 }, // ;
    { 16, 16, 293, 1, 17, 64, 2021 }, // <
    { 10, 7, 207, 2, 12, 18, 2085 }, // =
    { 15, 16, 293, 2, 17, 60, 2103 }, // >
    { 16, 25, 295, 1, 24, 100, 2163 }, // ?
    { 29, 29, 515, 2, 26, 211, 2263 }, // @
    { 27, 24, 475, 2, 24, 162, 2474 }, // A
    { 21, 24, 383, 2, 24, 126, 2636 }, // B
    { 21, 24, 376, 1, 24, 126, 2762 }, // C
    { 24, 24, 426, 2, 24, 144, 2888 }, // D
    { 20, 24, 367, 2, 24, 120, 3032 }, // E
    { 20, 24, 368, 2, 24, 120, 3152 }, // F
    { 21, 24, 378, 1, 24, 126, 3272 }, // G
    { 26, 24, 463, 2, 24, 156, 3398 }, // H
    { 9, 24, 200, 2, 24, 54, 3554 }, // I
    { 16, 24, 298, 1, 24, 96, 3608 }, // J
    { 23, 24, 398, 2, 24, 138, 3704 }, // K
    { 21, 24, 372, 2, 24, 126, 3842 }, // L
    { 30, 24, 527, 2, 24, 180, 3968 }, // M
    { 26, 24, 463, 2, 24, 156, 4148 }, // N
    { 24, 24, 434, 2, 24, 144, 4304 }, // O
    { 21, 24, 383, 2, 24, 126, 4448 }, // P
    { 27, 29, 468, 1, 24, 196, 4574 }, // Q
    { 23, 24, 409, 2, 24, 138, 4770 }, // R
    { 19, 24, 323, 0, 24, 114, 4908 }, // S
    { 22, 24, 401, 2, 24, 132, 5022 }, // T
    { 26, 24, 477, 2, 24, 156, 5154 }, // U
    { 27, 24, 475, 2, 24, 162, 5310 }, // V
    { 39, 24, 675, 2, 24, 234, 5472 }, // W
    { 24, 24, 435, 2, 24, 144, 5706 }, // X
    { 23, 24, 415, 2, 24, 138, 5850 }, // Y
    { 20, 24, 362, 2, 24, 120, 5988 }, // Z
    { 8, 33, 165, 2, 25, 66, 6108 }, // [
    { 12, 31, 210, 0, 24, 93, 6174 }, // <backslash>
    { 9, 33, 181, 0, 25, 75, 6267 }, // ]
    { 16, 12, 293, 1, 25, 48, 6342 }, // ^
    { 13, 3, 265, 2, 0, 10, 6390 }, // _
    { 6, 7, 133, 1, 28, 11, 6400 }, // `
    { 16, 16, 278, 1, 15, 64, 6411 }, // a
    { 17, 26, 307, 1, 26, 111, 6475 }, // b
    { 15, 15, 256, 1, 15, 57, 6586 }, // c
    { 17, 26, 304, 1, 26, 111, 6643 }, // d
    { 13, 15, 245, 1, 15, 49, 6754 }, // e
    { 12, 27, 188, 0, 24, 81, 6803 }, // f
    { 19, 25, 295, 0, 15, 119, 6884 }, // g
    { 19, 26, 320, 1, 26, 124, 7003 }, // h
    { 9, 21, 147, 0, 21, 48, 7127 }, // i
    { 8, 29, 127, -1, 21, 58, 7175 }, // j
    { 18, 26, 319, 2, 26, 117, 7233 }, // k
    { 9, 26, 162, 1, 26, 59, 7350 }, // l
    { 27, 15, 459, 2, 15, 102, 7409 }, // m
    { 18, 15, 325, 2, 15, 68, 7511 }, // n
    { 15, 15, 275, 1, 15, 57, 7579 }, // o
    { 17, 23, 291, 1, 15, 98, 7636 }, // p
    { 17, 23, 264, 1, 15, 98, 7734 }, // q
    { 14, 15, 255, 2, 15, 53, 7832 }, // r
    { 13, 15, 214, 0, 15, 49, 7885 }, // s
    { 14, 21, 224, 1, 21, 74, 7934 }, // t
    { 19, 15, 307, 0, 15, 72, 8008 }, // u
    { 20, 15, 339, 1, 15, 75, 8080 }, // v
    { 29, 15, 487, 1, 15, 109, 8155 }, // w
    { 18, 15, 331, 2, 15, 68, 8264 }, // x
    { 20, 23, 338, 0, 15, 115, 8332 }, // y
    { 14, 15, 259, 2, 15, 53, 8447 }, // z
    { 10, 32, 153, 0, 25, 80, 8500 }, // {
    { 3, 34, 97, 2, 29, 26, 8580 }, // |
    { 10, 32, 153, 0, 25, 80, 8606 }, // }
    { 12, 4, 261, 2, 12, 12, 8686 }, // ~
    { 0, 0, 184, 0, 0, 0, 0 }, // U+00A0
    { 4, 24, 116, 2, 24, 24, 0 }, // U+00A1
    { 15, 20, 256, 1, 18, 75, 24 }, // U+00A2
    { 14, 27, 277, 2, 24, 95, 99 }, // U+00A3
    { 14, 14, 267, 1, 17, 49, 194 }, // U+00A4
    { 23, 24, 415, 2, 24, 138, 243 }, // U+00A5
    { 3, 24, 97, 2, 24, 18, 381 }, // U+00A6
    { 12, 22, 231, 0, 22, 66, 399 }, // U+00A7
    { 7, 4, 213, 3, 24, 7, 465 }, // U+00A8
    { 25, 25, 458, 2, 23, 157, 472 }, // U+00A9
    { 12, 10, 198, 0, 19, 30, 629 }, // U+00AA
    { 10, 11, 219, 2, 16, 28, 659 }, // U+00AB
    { 14, 7, 288, 2, 13, 25, 687 }, // U+00AC
    { 10, 3, 207, 2, 10, 8, 712 }, // U+00AD
    { 26, 26, 458, 2, 23, 169, 720 }, // U+00AE
    { 6, 3, 213, 3, 24, 5, 889 }, // U+00AF
    { 5, 5, 224, 4, 24, 7, 894 }, // U+00B0
    { 9, 15, 267, 4, 16, 34, 901 }, // U+00B1
    { 10, 14, 207, 1, 24, 35, 935 }, // U+00B2
    { 11, 14, 215, 1, 24, 39, 970 }, // U+00B3
    { 5, 3, 213, 4, 24, 4, 1009 }, // U+00B4
    { 19, 23, 307, 0, 15, 110, 1013 }, // U+00B5
    { 16, 26, 299, 0, 24, 104, 1123 }, // U+00B6
    { 4, 4, 117, 2, 12, 4, 1227 }, // U+00B7
    { 5, 3, 213, 4, -2, 4, 1231 }, // U+00B8
    { 6, 14, 141, 1, 24, 21, 1235 }, // U+00B9
    { 12, 10, 197, 1, 19, 30, 1256 }, // U+00BA
    { 10, 11, 219, 2, 16, 28, 1286 }, // U+00BB
    { 21, 27, 299, 0, 26, 142, 1314 }, // U+00BC
    { 21, 27, 299, 0, 26, 142, 1456 }, // U+00BD
    { 22, 27, 299, 0, 26, 149, 1598 }, // U+00BE
    { 15, 25, 295, 2, 25, 94, 1747 }, // U+00BF
    { 27, 27, 475, 2, 27, 183, 1841 }, // U+00C0
    { 27, 27, 475, 2, 27, 183, 2024 }, // U+00C1
    { 27, 27, 475, 2, 27, 183, 2207 }, // U+00C2
    { 27, 27, 475, 2, 27, 183, 2390 }, // U+00C3
    { 27, 27, 475, 2, 27, 183, 2573 }, // U+00C4
    { 27, 29, 475, 2, 29, 196, 2756 }, // U+00C5
    { 40, 24, 687, 2, 24, 240, 2952 }, // U+00C6
    { 21, 27, 376, 1, 24, 142, 3192 }, // U+00C7
    { 20, 27, 367, 2, 27, 135, 3334 }, // U+00C8
    { 20, 27, 367, 2, 27, 135, 3469 }, // U+00C9
    { 20, 27, 367, 2, 27, 135, 3604 }, // U+00CA
    { 20, 27, 367, 2, 27, 135, 3739 }, // U+00CB
    { 9, 27, 200, 2, 27, 61, 3874 }, // U+00CC
    { 9, 27, 200, 2, 27, 61, 3935 }, // U+00CD
    { 9, 27, 200, 2, 27, 61, 3996 }, // U+00CE
    { 9, 27, 200, 2, 27, 61, 4057 }, // U+00CF
    { 26, 24, 426, 0, 24, 156, 4118 }, // U+00D0
    { 26, 27, 463, 2, 27, 176, 4274 }, // U+00D1
    { 24, 27, 434, 2, 27, 162, 4450 }, // U+00D2
    { 24, 27, 434, 2, 27, 162, 4612 }, // U+00D3
    { 24, 27, 434, 2, 27, 162, 4774 }, // U+00D4
    { 24, 28, 434, 2, 28, 168, 4936 }, // U+00D5
    { 24, 27, 434, 2, 27, 162, 5104 }, // U+00D6
    { 10, 10, 267, 4, 15, 25, 5266 }, // U+00D7
    { 24, 28, 434, 2, 26, 168, 5291 }, // U+00D8
    { 26, 27, 477, 2, 27, 176, 5459 }, // U+00D9
    { 26, 27, 477, 2, 27, 176, 5635 }, // U+00DA
    { 26, 27, 477, 2, 27, 176, 5811 }, // U+00DB
    { 26, 27, 477, 2, 27, 176, 5987 }, // U+00DC
    { 23, 27, 415, 2, 27, 156, 6163 }, // U+00DD
    { 15, 24, 426, 2, 24, 90, 6319 }, // U+00DE
    { 13, 22, 288, 2, 22, 72, 6409 }, // U+00DF
    { 16, 20, 278, 1, 19, 80, 6481 }, // U+00E0
    { 16, 20, 278, 1, 19, 80, 6561 }, // U+00E1
    { 16, 20, 278, 1, 19, 80, 6641 }, // U+00E2
    { 16, 20, 278, 1, 19, 80, 6721 }, // U+00E3
    { 16, 19, 278, 1, 18, 76, 6801 }, // U+00E4
    { 16, 21, 278, 1, 20, 84, 6877 }, // U+00E5
    { 27, 16, 464, 1, 15, 108, 6961 }, // U+00E6
    { 15, 18, 256, 1, 15, 68, 7069 }, // U+00E7
    { 13, 19, 245, 1, 19, 62, 7137 }, // U+00E8
    { 13, 19, 245, 1, 19, 62, 7199 }, // U+00E9
    { 13, 19, 245, 1, 19, 62, 7261 }, // U+00EA
    { 13, 18, 245, 1, 18, 59, 7323 }, // U+00EB
    { 9, 19, 147, 0, 19, 43, 7382 }, // U+00EC
    { 9, 19, 147, 0, 19, 43, 7425 }, // U+00ED
    { 9, 19, 147, 0, 19, 43, 7468 }, // U+00EE
    { 9, 18, 147, 0, 18, 41, 7511 }, // U+00EF
    { 19, 26, 304, 1, 26, 124, 7552 }, // U+00F0
    { 18, 19, 325, 2, 19, 86, 7676 }, // U+00F1
    { 15, 19, 275, 1, 19, 72, 7762 }, // U+00F2
    { 15, 19, 275, 1, 19, 72, 7834 }, // U+00F3
    { 15, 19, 275, 1, 19, 72, 7906 }, // U+00F4
    { 15, 19, 275, 1, 19, 72, 7978 }, // U+00F5
    { 15, 18, 275, 1, 18, 68, 8050 }, // U+00F6
    { 9, 11, 267, 4, 16, 25, 8118 }, // U+00F7
    { 17, 19, 275, 1, 17, 81, 8143 }, // U+00F8
    { 19, 19, 307, 0, 19, 91, 8224 }, // U+00F9
    { 19, 19, 307, 0, 19, 91, 8315 }, // U+00FA
    { 19, 19, 307, 0, 19, 91, 8406 }, // U+00FB
    { 19, 18, 307, 0, 18, 86, 8497 }, // U+00FC
    { 20, 27, 338, 0, 19, 135, 8583 }, // U+00FD
    { 17, 34, 307, 1, 26, 145, 8718 }, // U+00FE
    { 20, 26, 338, 0, 18, 130, 8863 }, // U+00FF
    { 27, 26, 475, 2, 26, 176, 0 }, // U+0100
    { 16, 19, 278, 1, 18, 76, 176 }, // U+0101
    { 27, 28, 475, 2, 28, 189, 252 }, // U+0102
    { 16, 21, 278, 1, 20, 84, 441 }, // U+0103
    { 27, 29, 475, 2, 24, 196, 525 }, // U+0104
    { 16, 20, 278, 1, 15, 80, 721 }, // U+0105
    { 21, 27, 376, 1, 27, 142, 801 }, // U+0106
    { 15, 19, 256, 1, 19, 72, 943 }, // U+0107
    { 21, 28, 376, 1, 28, 147, 1015 }, // U+0108
    { 15, 19, 256, 1, 19, 72, 1162 }, // U+0109
    { 21, 27, 376, 1, 27, 142, 1234 }, // U+010A
    { 15, 18, 256, 1, 18, 68, 1376 }, // U+010B
    { 21, 28, 376, 1, 28, 147, 1444 }, // U+010C
    { 15, 19, 256, 1, 19, 72, 1591 }, // U+010D
    { 24, 28, 426, 2, 28, 168, 1663 }, // U+010E
    { 20, 26, 304, 1, 26, 130, 1831 }, // U+010F
    { 26, 24, 426, 0, 24, 156, 1961 }, // U+0110
    { 19, 26, 304, 1, 26, 124, 2117 }, // U+0111
    { 20, 26, 367, 2, 26, 130, 2241 }, // U+0112
    { 13, 18, 245, 1, 18, 59, 2371 }, // U+0113
    { 20, 28, 367, 2, 28, 140, 2430 }, // U+0114
    { 13, 20, 245, 1, 20, 65, 2570 }, // U+0115
    { 20, 27, 367, 2, 27, 135, 2635 }, // U+0116
    { 13, 18, 245, 1, 18, 59, 2770 }, // U+0117
    { 20, 29, 367, 2, 24, 145, 2829 }, // U+0118
    { 13, 20, 245, 1, 15, 65, 2974 }, // U+0119
    { 20, 28, 367, 2, 28, 140, 3039 }, // U+011A
    { 13, 19, 245, 1, 19, 62, 3179 }, // U+011B
    { 21, 28, 378, 1, 28, 147, 3241 }, // U+011C
    { 19, 29, 295, 0, 19, 138, 3388 }, // U+011D
    { 21, 28, 378, 1, 28, 147, 3526 }, // U+011E
    { 19, 30, 295, 0, 20, 143, 3673 }, // U+011F
    { 21, 27, 378, 1, 27, 142, 3816 }, // U+0120
    { 19, 28, 295, 0, 18, 133, 3958 }, // U+0121
    { 21, 27, 378, 1, 24, 142, 4091 }, // U+0122
    { 19, 28, 295, 0, 15, 133, 4233 }, // U+0123
    { 26, 27, 463, 2, 27, 176, 4366 }, // U+0124
    { 19, 30, 320, 1, 30, 143, 4542 }, // U+0125
    { 27, 24, 463, 1, 24, 162, 4685 }, // U+0126
    { 20, 26, 320, 1, 26, 130, 4847 }, // U+0127
    { 9, 28, 200, 2, 28, 63, 4977 }, // U+0128
    { 9, 20, 147, 0, 20, 45, 5040 }, // U+0129
    { 9, 26, 200, 2, 26, 59, 5085 }, // U+012A
    { 9, 18, 147, 0, 18, 41, 5144 }, // U+012B
    { 9, 28, 200, 2, 28, 63, 5185 }, // U+012C
    { 9, 20, 147, 0, 20, 45, 5248 }, // U+012D
    { 9, 29, 200, 2, 24, 66, 5293 }, // U+012E
    { 9, 26, 147, 0, 21, 59, 5359 }, // U+012F
    { 9, 27, 200, 2, 27, 61, 5418 }, // U+0130
    { 9, 15, 147, 0, 15, 34, 5479 }, // U+0131
    { 27, 24, 477, 2, 24, 162, 5513 }, // U+0132
    { 15, 29, 258, 0, 21, 109, 5675 }, // U+0133
    { 16, 28, 298, 1, 28, 112, 5784 }, // U+0134
    { 8, 26, 127, -1, 18, 52, 5896 }, // U+0135
    { 23, 27, 398, 2, 24, 156, 5948 }, // U+0136
    { 18, 29, 319, 2, 26, 131, 6104 }, // U+0137
    { 21, 27, 372, 2, 27, 142, 6235 }, // U+0139
    { 9, 30, 162, 1, 30, 68, 6377 }, // U+013A
    { 21, 27, 372, 2, 24, 142, 6445 }, // U+013B
    { 9, 29, 162, 1, 26, 66, 6587 }, // U+013C
    { 21, 28, 372, 2, 28, 147, 6653 }, // U+013D
    { 12, 26, 162, 1, 26, 78, 6800 }, // U+013E
    { 25, 24, 452, 2, 24, 150, 6878 }, // U+013F
    { 13, 26, 242, 1, 26, 85, 7028 }, // U+0140
    { 22, 24, 372, 1, 24, 132, 7113 }, // U+0141
    { 11, 26, 162, 1, 26, 72, 7245 }, // U+0142
    { 26, 27, 463, 2, 27, 176, 7317 }, // U+0143
    { 18, 19, 325, 2, 19, 86, 7493 }, // U+0144
    { 26, 27, 463, 2, 24, 176, 7579 }, // U+0145
    { 18, 18, 325, 2, 15, 81, 7755 }, // U+0146
    { 26, 28, 463, 2, 28, 182, 7836 }, // U+0147
    { 18, 19, 325, 2, 19, 86, 8018 }, // U+0148
    { 23, 28, 325, -3, 28, 161, 8104 }, // U+0149
    { 26, 33, 463, 2, 24, 215, 8265 }, // U+014A
    { 19, 25, 325, 2, 15, 119, 8480 }, // U+014B
    { 24, 27, 434, 2, 27, 162, 8599 }, // U+014C
    { 15, 18, 275, 1, 18, 68, 8761 }, // U+014D
    { 24, 28, 434, 2, 28, 168, 8829 }, // U+014E
    { 15, 20, 275, 1, 20, 75, 8997 }, // U+014F
    { 24, 28, 434, 2, 28, 168, 9072 }, // U+0150
    { 15, 19, 275, 1, 19, 72, 9240 }, // U+0151
    { 43, 24, 737, 2, 24, 258, 9312 }, // U+0152
    { 28, 15, 471, 1, 15, 105, 9570 }, // U+0153
    { 23, 28, 409, 2, 28, 161, 9675 }, // U+0154
    { 14, 19, 255, 2, 19, 67, 9836 }, // U+0155
    { 23, 27, 409, 2, 24, 156, 9903 }, // U+0156
    { 14, 18, 255, 2, 15, 63, 10059 }, // U+0157
    { 23, 28, 409, 2, 28, 161, 10122 }, // U+0158
    { 14, 19, 255, 2, 19, 67, 10283 }, // U+0159
    { 19, 27, 323, 0, 27, 129, 10350 }, // U+015A
    { 13, 19, 214, 0, 19, 62, 10479 }, // U+015B
    { 19, 28, 323, 0, 28, 133, 10541 }, // U+015C
    { 13, 19, 214, 0, 19, 62, 10674 }, // U+015D
    { 19, 29, 323, 0, 24, 138, 10736 }, // U+015E
    { 13, 20, 214, 0, 15, 65, 10874 }, // U+015F
    { 19, 28, 323, 0, 28, 133, 10939 }, // U+0160
    { 13, 19, 214, 0, 19, 62, 11072 }, // U+0161
    { 22, 31, 401, 2, 24, 171, 11134 }, // U+0162
    { 14, 27, 224, 1, 21, 95, 11305 }, // U+0163
    { 22, 28, 401, 2, 28, 154, 11400 }, // U+0164
    { 16, 23, 224, 1, 23, 92, 11554 }, // U+0165
    { 22, 24, 401, 2, 24, 132, 11646 }, // U+0166
    { 14, 21, 224, 1, 21, 74, 11778 }, // U+0167
    { 26, 28, 477, 2, 28, 182, 11852 }, // U+0168
    { 19, 19, 307, 0, 19, 91, 12034 }, // U+0169
    { 26, 27, 477, 2, 27, 176, 12125 }, // U+016A
    { 19, 18, 307, 0, 18, 86, 12301 }, // U+016B
    { 26, 28, 477, 2, 28, 182, 12387 }, // U+016C
    { 19, 19, 307, 0, 19, 91, 12569 }, // U+016D
    { 26, 30, 477, 2, 30, 195, 12660 }, // U+016E
    { 19, 21, 307, 0, 21, 100, 12855 }, // U+016F
    { 26, 28, 477, 2, 28, 182, 12955 }, // U+0170
    { 19, 19, 307, 0, 19, 91, 13137 }, // U+0171
    { 26, 29, 477, 2, 24, 189, 13228 }, // U+0172
    { 19, 20, 307, 0, 15, 95, 13417 }, // U+0173
    { 39, 27, 675, 2, 27, 264, 13512 }, // U+0174
    { 29, 18, 487, 1, 18, 131, 13776 }, // U+0175
    { 23, 27, 415, 2, 27, 156, 13907 }, // U+0176
    { 20, 26, 338, 0, 18, 130, 14063 }, // U+0177
    { 23, 27, 415, 2, 27, 156, 14193 }, // U+0178
    { 20, 27, 362, 2, 27, 135, 14349 }, // U+0179
    { 14, 19, 259, 2, 19, 67, 14484 }, // U+017A
    { 20, 27, 362, 2, 27, 135, 14551 }, // U+017B
    { 14, 18, 259, 2, 18, 63, 14686 }, // U+017C
    { 20, 28, 362, 2, 28, 140, 14749 }, // U+017D
    { 14, 19, 259, 2, 19, 67, 14889 }, // U+017E
    { 27, 28, 475, 2, 28, 189, 0 }, // U+01CD
    { 16, 23, 278, 1, 22, 92, 189 }, // U+01CE
    { 9, 27, 200, 2, 27, 61, 281 }, // U+020A
    { 9, 22, 147, 0, 22, 50, 342 }, // U+020B
    { 19, 29, 323, 0, 24, 138, 392 }, // U+0218
    { 13, 20, 214, 0, 15, 65, 530 }, // U+0219
    { 22, 31, 401, 2, 24, 171, 595 }, // U+021A
    { 14, 27, 224, 1, 21, 95, 766 }, // U+021B
    { 5, 8, 0, 2, 24, 10, 0 }, // U+0301
    { 5, 8, 0, 2, 24, 10, 10 }, // U+0312
    { 5, 8, 0, 2, 24, 10, 20 }, // U+0313
    { 5, 8, 0, 2, 24, 10, 30 }, // U+0314
    { 5, 8, 0, 2, 24, 10, 40 }, // U+0315
    { 5, 8, 0, 2, 24, 10, 50 }, // U+0341
    { 5, 8, 0, 2, 24, 10, 60 }, // U+0343
    { 20, 29, 362, 2, 29, 145, 0 }, // U+0401
    { 22, 24, 365, 1, 24, 132, 145 }, // U+0404
    { 9, 24, 194, 2, 24, 54, 277 }, // U+0406
    { 9, 28, 194, 2, 28, 63, 331 }, // U+0407
    { 27, 24, 475, 2, 24, 162, 394 }, // U+0410
    { 21, 24, 383, 2, 24, 126, 556 }, // U+0411
    { 21, 24, 383, 2, 24, 126, 682 }, // U+0412
    { 18, 24, 336, 2, 24, 108, 808 }, // U+0413
    { 23, 28, 426, 2, 24, 161, 916 }, // U+0414
    { 20, 24, 367, 2, 24, 120, 1077 }, // U+0415
    { 38, 24, 598, 0, 24, 228, 1197 }, // U+0416
    { 19, 24, 332, 1, 24, 114, 1425 }, // U+0417
    { 26, 24, 463, 2, 24, 156, 1539 }, // U+0418
    { 26, 31, 463, 2, 31, 202, 1695 }, // U+0419
    { 23, 24, 393, 2, 24, 138, 1897 }, // U+041A
    { 24, 24, 425, 1, 24, 144, 2035 }, // U+041B
    { 30, 24, 527, 2, 24, 180, 2179 }, // U+041C
    { 26, 24, 463, 2, 24, 156, 2359 }, // U+041D
    { 24, 24, 423, 1, 24, 144, 2515 }, // U+041E
    { 26, 24, 463, 2, 24, 156, 2659 }, // U+041F
    { 21, 24, 383, 2, 24, 126, 2815 }, // U+0420
    { 21, 24, 365, 1, 24, 126, 2941 }, // U+0421
    { 22, 24, 401, 2, 24, 132, 3067 }, // U+0422
    { 24, 24, 446, 2, 24, 144, 3199 }, // U+0423
    { 26, 28, 429, 1, 26, 182, 3343 }, // U+0424
    { 24, 24, 435, 2, 24, 144, 3525 }, // U+0425
    { 26, 28, 463, 2, 24, 182, 3669 }, // U+0426
    { 23, 24, 419, 2, 24, 138, 3851 }, // U+0427
    { 37, 24, 637, 2, 24, 222, 3989 }, // U+0428
    { 36, 28, 637, 2, 24, 252, 4211 }, // U+0429
    { 24, 24, 420, 2, 24, 144, 4463 }, // U+042A
    { 33, 24, 579, 2, 24, 198, 4607 }, // U+042B
    { 21, 24, 378, 2, 24, 126, 4805 }, // U+042C
    { 22, 24, 360, 0, 24, 132, 4931 }, // U+042D
    { 35, 24, 594, 2, 24, 210, 5063 }, // U+042E
    { 23, 24, 409, 1, 24, 138, 5273 }, // U+042F
    { 16, 16, 262, 0, 15, 64, 5411 }, // U+0430
    { 14, 22, 240, 1, 22, 77, 5475 }, // U+0431
    { 15, 15, 270, 1, 15, 57, 5552 }, // U+0432
    { 13, 15, 256, 2, 15, 49, 5609 }, // U+0433
    { 18, 19, 324, 2, 15, 86, 5658 }, // U+0434
    { 13, 15, 229, 1, 15, 49, 5744 }, // U+0435
    { 27, 15, 459, 1, 15, 102, 5793 }, // U+0436
    { 13, 15, 223, 0, 15, 49, 5895 }, // U+0437
    { 18, 15, 314, 0, 15, 68, 5944 }, // U+0438
    { 18, 22, 314, 0, 22, 99, 6012 }, // U+0439
    { 18, 15, 318, 2, 15, 68, 6111 }, // U+043A
    { 19, 15, 316, 0, 15, 72, 6179 }, // U+043B
    { 22, 15, 402, 2, 15, 83, 6251 }, // U+043C
    { 17, 15, 330, 2, 15, 64, 6334 }, // U+043D
    { 15, 15, 275, 1, 15, 57, 6398 }, // U+043E
    { 17, 15, 330, 2, 15, 64, 6455 }, // U+043F
    { 17, 23, 302, 1, 15, 98, 6519 }, // U+0440
    { 15, 15, 246, 1, 15, 57, 6617 }, // U+0441
    { 15, 15, 272, 1, 15, 57, 6674 }, // U+0442
    { 20, 23, 327, 0, 15, 115, 6731 }, // U+0443
    { 19, 31, 325, 1, 23, 148, 6846 }, // U+0444
    { 18, 15, 331, 2, 15, 68, 6994 }, // U+0445
    { 18, 19, 330, 1, 15, 86, 7062 }, // U+0446
    { 17, 15, 305, 0, 15, 64, 7148 }, // U+0447
    { 24, 15, 438, 2, 15, 90, 7212 }, // U+0448
    { 25, 19, 438, 1, 15, 119, 7302 }, // U+0449
    { 17, 15, 292, 1, 15, 64, 7421 }, // U+044A
    { 22, 15, 410, 2, 15, 83, 7485 }, // U+044B
    { 14, 15, 266, 2, 15, 53, 7568 }, // U+044C
    { 15, 15, 246, 0, 15, 57, 7621 }, // U+044D
    { 23, 15, 408, 2, 15, 87, 7678 }, // U+044E
    { 16, 15, 295, 0, 15, 60, 7765 }, // U+044F
    { 14, 21, 234, 0, 21, 74, 7825 }, // U+0451
    { 14, 15, 246, 1, 15, 53, 7899 }, // U+0454
    { 9, 21, 147, 1, 21, 48, 7952 }, // U+0456
    { 8, 21, 147, 1, 21, 42, 8000 }, // U+0457
    { 18, 26, 336, 2, 26, 117, 8042 }, // U+0490
    { 13, 17, 256, 2, 17, 56, 8159 }, // U+0491
    { 0, 0, 267, 0, 0, 0, 0 }, // U+2002
    { 0, 0, 533, 0, 0, 0, 0 }, // U+2003
    { 0, 0, 107, 0, 0, 0, 0 }, // U+2009
    { 10, 3, 207, 2, 10, 8, 0 }, // U+2010
    { 10, 3, 207, 2, 10, 8, 8 }, // U+2011
    { 13, 3, 267, 2, 10, 10, 16 }, // U+2012
    { 13, 3, 267, 2, 10, 10, 26 }, // U+2013
    { 29, 3, 533, 0, 10, 22, 36 }, // U+2014
    { 34, 3, 533, 0, 10, 26, 58 }, // U+2015
    { 8, 24, 275, 5, 24, 48, 84 }, // U+2016
    { 5, 8, 117, 1, 25, 10, 132 }, // U+2018
    { 5, 8, 117, 2, 24, 10, 142 }, // U+2019
    { 5, 8, 117, 2, 4, 10, 152 }, // U+201A
    { 5, 8, 117, 1, 25, 10, 162 }, // U+201B
    { 11, 8, 192, 1, 25, 22, 172 }, // U+201C
    { 10, 8, 192, 2, 24, 20, 194 }, // U+201D
    { 10, 8, 192, 2, 4, 20, 214 }, // U+201E
    { 11, 8, 192, 1, 25, 22, 234 }, // U+201F
    { 8, 26, 286, 5, 24, 52, 256 }, // U+2020
    { 8, 26, 286, 5, 24, 52, 308 }, // U+2021
    { 9, 10, 224, 2, 15, 23, 360 }, // U+2022
    { 8, 12, 245, 4, 16, 24, 383 }, // U+2023
    { 4, 4, 117, 2, 4, 4, 407 }, // U+2024
    { 4, 4, 117, 2, 4, 4, 411 }, // U+2025
    { 20, 4, 389, 2, 4, 20, 415 }, // U+2026
    { 4, 4, 117, 2, 12, 4, 435 }, // U+2027
    { 31, 24, 656, 2, 24, 186, 439 }, // U+2030
    { 5, 8, 133, 1, 24, 10, 625 }, // U+2032
    { 9, 8, 197, 1, 24, 18, 635 }, // U+2033
    { 13, 8, 261, 1, 24, 26, 653 }, // U+2034
    { 5, 8, 117, 0, 24, 10, 679 }, // U+2035
    { 5, 11, 144, 2, 16, 14, 689 }, // U+2039
    { 5, 11, 144, 2, 16, 14, 703 }, // U+203A
    { 11, 3, 267, 3, 12, 9, 717 }, // U+2043
    { 10, 18, 160, 3, 17, 45, 726 }, // U+2044
    { 9, 10, 224, 2, 15, 23, 771 }, // U+204C
    { 9, 10, 224, 2, 15, 23, 794 }, // U+204D
    { 9, 10, 224, 2, 15, 23, 817 }, // U+2055
    { 11, 14, 221, 1, 24, 39, 0 }, // U+2070
    { 11, 14, 213, 1, 24, 39, 39 }, // U+2074
    { 11, 14, 212, 0, 24, 39, 78 }, // U+2075
    { 11, 15, 215, 1, 25, 42, 117 }, // U+2076
    { 9, 14, 205, 1, 24, 32, 159 }, // U+2077
    { 10, 14, 218, 1, 24, 35, 191 }, // U+2078
    { 11, 16, 205, 1, 24, 44, 226 }, // U+2079
    { 8, 8, 192, 2, 19, 16, 270 }, // U+207A
    { 8, 2, 192, 2, 16, 4, 286 }, // U+207B
    { 11, 15, 221, 1, 11, 42, 290 }, // U+2080
    { 6, 15, 141, 1, 11, 23, 332 }, // U+2081
    { 10, 15, 207, 1, 11, 38, 355 }, // U+2082
    { 11, 15, 215, 1, 11, 42, 393 }, // U+2083
    { 11, 15, 213, 1, 11, 42, 435 }, // U+2084
    { 11, 15, 212, 0, 11, 42, 477 }, // U+2085
    { 11, 15, 215, 1, 11, 42, 519 }, // U+2086
    { 9, 15, 205, 1, 11, 34, 561 }, // U+2087
    { 10, 15, 218, 1, 11, 38, 595 }, // U+2088
    { 11, 16, 205, 1, 11, 44, 633 }, // U+2089
    { 8, 8, 192, 2, 5, 16, 677 }, // U+208A
    { 8, 2, 192, 2, 2, 4, 693 }, // U+208B
    { 40, 24, 675, 1, 24, 240, 0 }, // U+20A9
    { 25, 24, 419, 0, 24, 150, 240 }, // U+20AC
    { 23, 24, 383, 0, 24, 138, 390 }, // U+20B1
    { 19, 24, 323, 1, 24, 114, 528 }, // U+20B4
    { 22, 24, 401, 2, 24, 132, 642 }, // U+20B8
    { 24, 25, 409, 1, 24, 150, 774 }, // U+20B9
    { 23, 24, 372, 0, 24, 138, 924 }, // U+20BA
    { 23, 24, 383, 0, 24, 138, 1062 }, // U+20BD
    { 21, 31, 383, 2, 27, 163, 1200 }, // U+20BF
    { 16, 8, 309, -2, 14, 32, 0 }, // U+2190
    { 8, 22, 293, 5, 23, 44, 32 }, // U+2191
    { 17, 8, 309, 2, 14, 34, 76 }, // U+2192
    { 8, 22, 293, 5, 19, 44, 110 }, // U+2193
    { 18, 8, 299, -1, 14, 36, 154 }, // U+2194
    { 8, 32, 293, 5, 26, 64, 190 }, // U+2195
    { 15, 16, 320, 2, 18, 60, 254 }, // U+2196
    { 15, 16, 320, 2, 18, 60, 314 }, // U+2197
    { 15, 17, 320, 2, 18, 64, 374 }, // U+2198
    { 15, 17, 320, 2, 18, 64, 438 }, // U+2199
    { 18, 12, 320, 1, 16, 54, 502 }, // U+21D0
    { 12, 18, 320, 4, 19, 54, 556 }, // U+21D1
    { 18, 12, 320, 1, 16, 54, 610 }, // U+21D2
    { 12, 17, 320, 4, 18, 51, 664 }, // U+21D3
    { 20, 12, 320, 0, 16, 60, 715 }, // U+21D4
    { 27, 24, 475, 1, 24, 162, 0 }, // U+2200
    { 21, 24, 367, 1, 24, 126, 162 }, // U+2203
    { 14, 15, 309, 3, 18, 53, 288 }, // U+2205
    { 16, 16, 320, 2, 19, 64, 341 }, // U+2206
    { 16, 16, 320, 2, 17, 64, 405 }, // U+2207
    { 22, 25, 376, 1, 24, 138, 469 }, // U+2208
    { 14, 3, 299, 2, 11, 11, 607 }, // U+2212
    { 10, 14, 267, 3, 16, 35, 618 }, // U+2213
    { 12, 13, 229, 1, 28, 39, 653 }, // U+2217
    { 9, 8, 213, 2, 14, 18, 692 }, // U+2218
    { 9, 10, 224, 2, 15, 23, 710 }, // U+2219
    { 18, 15, 320, 1, 20, 68, 733 }, // U+221A
    { 19, 10, 331, 1, 15, 48, 801 }, // U+221E
    { 14, 17, 288, 3, 19, 60, 849 }, // U+2220
    { 7, 17, 283, 5, 19, 30, 909 }, // U+2225
    { 17, 17, 309, 1, 19, 73, 939 }, // U+2227
    { 17, 17, 309, 1, 19, 73, 1012 }, // U+2228
    { 12, 14, 320, 4, 16, 42, 1085 }, // U+2234
    { 12, 14, 320, 4, 16, 42, 1127 }, // U+2235
    { 8, 9, 207, 2, 15, 18, 1169 }, // U+2248
    { 10, 12, 207, 1, 14, 30, 1187 }, // U+2260
    { 12, 12, 309, 4, 16, 36, 1217 }, // U+2261
    { 16, 19, 293, 1, 17, 76, 1253 }, // U+2264
    { 16, 19, 293, 1, 17, 76, 1329 }, // U+2265
    { 12, 16, 304, 3, 18, 48, 1405 }, // U+22A5
    { 4, 4, 117, 2, 12, 4, 1453 }, // U+22C5
};

static const EpdUnicodeInterval edslab_16_regularIntervals[] = {
    { 0x20, 0x7E, 0x0 },
    { 0xA0, 0x137, 0x5F },
    { 0x139, 0x17E, 0xF7 },
    { 0x1CD, 0x1CE, 0x13D },
    { 0x20A, 0x20B, 0x13F },
    { 0x218, 0x21B, 0x141 },
    { 0x301, 0x301, 0x145 },
    { 0x312, 0x315, 0x146 },
    { 0x341, 0x341, 0x14A },
    { 0x343, 0x343, 0x14B },
    { 0x401, 0x401, 0x14C },
    { 0x404, 0x404, 0x14D },
    { 0x406, 0x407, 0x14E },
    { 0x410, 0x44F, 0x150 },
    { 0x451, 0x451, 0x190 },
    { 0x454, 0x454, 0x191 },
    { 0x456, 0x457, 0x192 },
    { 0x490, 0x491, 0x194 },
    { 0x2002, 0x2003, 0x196 },
    { 0x2009, 0x2009, 0x198 },
    { 0x2010, 0x2016, 0x199 },
    { 0x2018, 0x2027, 0x1A0 },
    { 0x2030, 0x2030, 0x1B0 },
    { 0x2032, 0x2035, 0x1B1 },
    { 0x2039, 0x203A, 0x1B5 },
    { 0x2043, 0x2044, 0x1B7 },
    { 0x204C, 0x204D, 0x1B9 },
    { 0x2055, 0x2055, 0x1BB },
    { 0x2070, 0x2070, 0x1BC },
    { 0x2074, 0x207B, 0x1BD },
    { 0x2080, 0x208B, 0x1C5 },
    { 0x20A9, 0x20A9, 0x1D1 },
    { 0x20AC, 0x20AC, 0x1D2 },
    { 0x20B1, 0x20B1, 0x1D3 },
    { 0x20B4, 0x20B4, 0x1D4 },
    { 0x20B8, 0x20BA, 0x1D5 },
    { 0x20BD, 0x20BD, 0x1D8 },
    { 0x20BF, 0x20BF, 0x1D9 },
    { 0x2190, 0x2199, 0x1DA },
    { 0x21D0, 0x21D4, 0x1E4 },
    { 0x2200, 0x2200, 0x1E9 },
    { 0x2203, 0x2203, 0x1EA },
    { 0x2205, 0x2208, 0x1EB },
    { 0x2212, 0x2213, 0x1EF },
    { 0x2217, 0x221A, 0x1F1 },
    { 0x221E, 0x221E, 0x1F5 },
    { 0x2220, 0x2220, 0x1F6 },
    { 0x2225, 0x2225, 0x1F7 },
    { 0x2227, 0x2228, 0x1F8 },
    { 0x2234, 0x2235, 0x1FA },
    { 0x2248, 0x2248, 0x1FC },
    { 0x2260, 0x2261, 0x1FD },
    { 0x2264, 0x2265, 0x1FF },
    { 0x22A5, 0x22A5, 0x201 },
    { 0x22C5, 0x22C5, 0x202 },
};

static const EpdFontGroup edslab_16_regularGroups[] = {
    { 0, 3694, 9435, 95, 0 },
    { 3694, 2802, 9639, 96, 95 },
    { 6496, 3553, 16143, 126, 191 },
    { 10049, 425, 954, 8, 317 },
    { 10474, 19, 112, 7, 325 },
    { 10493, 3003, 8852, 74, 332 },
    { 13496, 404, 968, 38, 406 },
    { 13900, 399, 781, 21, 444 },
    { 14299, 636, 1440, 9, 465 },
    { 14935, 329, 813, 15, 474 },
    { 15264, 676, 1572, 26, 489 },
};

static const uint16_t edslab_16_regularKernLeftCodepoints[] = {
    0x0020, 0x0022, 0x002D, 0x0030, 0x0031, 0x0032, 0x0033, 0x0034, 0x0035, 0x0036, 0x0037, 0x0038,
    0x0039, 0x0041, 0x0042, 0x0043, 0x0044, 0x0045, 0x0046, 0x0047, 0x0048, 0x0049, 0x004A, 0x004B,
    0x004C, 0x004D, 0x004E, 0x004F, 0x0050, 0x0051, 0x0052, 0x0053, 0x0054, 0x0055, 0x0056, 0x0057,
    0x0059, 0x005A, 0x0061, 0x0062, 0x0063, 0x0064, 0x0065, 0x0066, 0x0067, 0x0068, 0x0069, 0x006A,
    0x006B, 0x006C, 0x006D, 0x006E, 0x006F, 0x0070, 0x0071, 0x0072, 0x0073, 0x0074, 0x0075, 0x0076,
    0x0077, 0x0079, 0x007A, 0x0401, 0x0410, 0x0411, 0x0412, 0x0413, 0x0414, 0x0415, 0x0416, 0x0417,
    0x0418, 0x0419, 0x041A, 0x041B, 0x041C, 0x041D, 0x041E, 0x041F, 0x0420, 0x0421, 0x0422, 0x0423,
    0x0424, 0x0425, 0x0426, 0x0427, 0x0428, 0x0429, 0x042A, 0x042B, 0x042C, 0x042D, 0x042E, 0x042F,
    0x0430, 0x0431, 0x0432, 0x0433, 0x0434, 0x0435, 0x0436, 0x0437, 0x0438, 0x0439, 0x043A, 0x043B,
    0x043C, 0x043D, 0x043E, 0x043F, 0x0440, 0x0441, 0x0442, 0x0443, 0x0444, 0x0445, 0x0446, 0x0447,
    0x0448, 0x0449, 0x044A, 0x044B, 0x044C, 0x044D, 0x044E, 0x044F, 0x0451,
};

static const uint8_t edslab_16_regularKernLeftClassIds[] = {
      1,   2,   3,   4,   5,   6,   7,   8,   9,  10,  11,  12,  13,  14,  15,  16,
     17,  18,  19,  20,  21,  22,  23,  24,  25,  26,  27,  28,  29,  30,  31,  32,
     33,  34,  35,  36,  37,  38,  39,  40,  41,  42,  43,  44,  45,  46,  47,  48,
     49,  50,  51,  52,  53,  54,  55,  56,  57,  58,  59,  60,  61,  62,  63,  64,
     65,  66,  67,  68,  69,  70,  71,  72,  73,  74,  75,  76,  77,  78,  79,  80,
     81,  82,  83,  84,  85,  86,  87,  88,  89,  90,  91,  92,  93,  94,  95,  96,
     97,  98,  99, 100, 101, 102, 103, 104, 105, 106, 107, 108, 109, 110, 111, 112,
    113, 114, 115, 116, 117, 118, 119, 120, 121, 122, 123, 124, 125, 126, 127, 128,
    129,
};

static const uint16_t edslab_16_regularKernRightCodepoints[] = {
    0x0022, 0x002D, 0x0030, 0x0031, 0x0032, 0x0033, 0x0034, 0x0035, 0x0036, 0x0037, 0x0038, 0x0039,
    0x0041, 0x0042, 0x0043, 0x0044, 0x0045, 0x0046, 0x0047, 0x0048, 0x0049, 0x004A, 0x004B, 0x004C,
    0x004D, 0x004E, 0x004F, 0x0050, 0x0051, 0x0052, 0x0053, 0x0054, 0x0055, 0x0056, 0x0057, 0x0059,
    0x005A, 0x0061, 0x0062, 0x0063, 0x0064, 0x0065, 0x0066, 0x0067, 0x0068, 0x0069, 0x006A, 0x006B,
    0x006C, 0x006D, 0x006E, 0x006F, 0x0070, 0x0071, 0x0072, 0x0073, 0x0074, 0x0075, 0x0076, 0x0077,
    0x0079, 0x007A, 0x0401, 0x0410, 0x0411, 0x0412, 0x0413, 0x0414, 0x0415, 0x0416, 0x0417, 0x0418,
    0x0419, 0x041A, 0x041B, 0x041C, 0x041D, 0x041E, 0x041F, 0x0420, 0x0421, 0x0422, 0x0423, 0x0424,
    0x0425, 0x0426, 0x0427, 0x0428, 0x0429, 0x042A, 0x042B, 0x042C, 0x042D, 0x042E, 0x042F, 0x0430,
    0x0431, 0x0432, 0x0433, 0x0434, 0x0435, 0x0436, 0x0437, 0x0438, 0x0439, 0x043A, 0x043B, 0x043C,
    0x043D, 0x043E, 0x043F, 0x0440, 0x0441, 0x0442, 0x0443, 0x0444, 0x0445, 0x0446, 0x0447, 0x0448,
    0x0449, 0x044A, 0x044B, 0x044C, 0x044D, 0x044E, 0x044F, 0x0451, 0x2025,
};

static const uint8_t edslab_16_regularKernRightClassIds[] = {
      1,   2,   3,   4,   5,   6,   7,   8,   9,  10,  11,  12,  13,  14,  15,  16,
     17,  18,  19,  20,  21,  22,  23,  24,  25,  26,  27,  28,  29,  30,  31,  32,
     33,  34,  35,  36,  37,  38,  39,  40,  41,  42,  43,  44,  45,  46,  47,  48,
     49,  50,  51,  52,  53,  54,  55,  56,  57,  58,  59,  60,  61,  62,  63,  64,
     65,  66,  67,  68,  69,  70,  71,  72,  73,  74,  75,  76,  77,  78,  79,  80,
     81,  82,  83,  84,  85,  86,  87,  88,  89,  90,  91,  92,  93,  94,  95,  96,
     97,  98,  99, 100, 101, 102, 103, 104, 105, 106, 107, 108, 109, 110, 111, 112,
    113, 114, 115, 116, 117, 118, 119, 120, 121, 122, 123, 124, 125, 126, 127, 128,
    129,
};

static const uint16_t edslab_16_regularKernRowOffsets[] = {
        0,     1,    77,   192,   204,   216,   228,   238,   248,   257,   267,   279,   290,   300,   355,   403,
      451,   501,   531,   582,   625,   659,   699,   731,   782,   827,   869,   921,   969,  1018,  1072,  1114,
     1160,  1214,  1268,  1322,  1376,  1430,  1480,  1508,  1530,  1556,  1584,  1608,  1636,  1665,  1692,  1720,
     1744,  1773,  1801,  1827,  1854,  1880,  1906,  1929,  1954,  1977,  2001,  2029,  2057,  2085,  2113,  2135,
     2153,  2220,  2267,  2314,  2380,  2427,  2446,  2506,  2557,  2598,  2634,  2684,  2718,  2752,  2787,  2840,
     2876,  2920,  2978,  3032,  3098,  3146,  3199,  3248,  3298,  3333,  3376,  3432,  3465,  3515,  3565,  3614,
     3650,  3674,  3696,  3721,  3748,  3782,  3807,  3841,  3864,  3898,  3928,  3955,  3989,  4009,  4033,  4064,
     4091,  4121,  4150,  4185,  4220,  4250,  4277,  4310,  4343,  4377,  4411,  4443,  4471,  4500,  4528,  4559,
     4593,  4621,
};

static const uint8_t edslab_16_regularKernSparseCols[] = {
     81,   2,   4,   5,   6,   7,   8,  10,  12,  14,  18,  21,  26,  28,  30,  37,
     38,  39,  40,  41,  42,  43,  44,  45,  46,  47,  48,  49,  50,  51,  52,  53,
     54,  55,  60,  61,  63,  67,  69,  70,  74,  77,  80,  83,  92,  94,  95,  96,
     97,  98,  99, 100, 101, 102, 105, 106, 107, 108, 109, 110, 111, 112, 113, 114,
    115, 116, 117, 118, 119, 120, 121, 122, 123, 124, 125, 126, 127,   3,   4,   5,
      6,   7,   8,   9,  10,  12,  13,  14,  15,  16,  17,  18,  19,  20,  21,  22,
     23,  24,  25,  26,  27,  29,  30,  31,  32,  33,  34,  35,  36,  37,  38,  39,
     42,  44,  45,  46,  47,  48,  49,  50,  51,  52,  53,  54,  55,  56,  57,  58,
     59,  60,  61,  62,  63,  64,  65,  66,  67,  68,  70,  71,  72,  73,  74,  75,
     76,  78,  79,  80,  81,  82,  83,  84,  85,  86,  87,  88,  89,  90,  91,  92,
     93,  94,  96,  97,  98,  99, 100, 101, 102, 103, 105, 106, 107, 108, 109, 110,
    111, 112, 113, 114, 116, 117, 118, 119, 120, 121, 122, 123, 124, 125, 126, 127,
      0,   1,   2,   4,   5,   6,   7,   8,   9,  10,  11, 128,   0,   1,   2,   3,
      4,   5,   6,   7,   8,   9,  10,  11,   0,   1,   2,   3,   4,   5,   6,   7,
      8,   9,  10,  11,   1,   2,   3,   4,   5,   6,   7,   8,   9, 128,   0,   1,
      2,   3,   4,   5,   6,   7,   9,  10,   1,   4,   5,   6,   7,   9,  10,  11,
    128,   1,   2,   3,   4,   5,   7,   9,  10,  11, 128,   1,   2,   3,   4,   5,
      6,   7,   8,   9,  10,  11, 128,   0,   1,   2,   3,   4,   5,   7,   9,  10,
     11, 128,   1,   2,   4,   5,   6,   7,   8,   9,  10, 128,   0,   1,  12,  13,
     14,  15,  16,  17,  18,  19,  20,  21,  22,  23,  24,  25,  26,  27,  28,  29,
     30,  31,  32,  33,  34,  35,  36,  37,  38,  39,  40,  41,  42,  43,  44,  45,
     46,  47,  48,  49,  50,  51,  52,  53,  54,  55,  56,  57,  58,  59,  60,  61,
     84, 116, 128,   1,  12,  13,  14,  15,  16,  17,  19,  20,  21,  22,  23,  24,
     25,  26,  27,  28,  29,  31,  32,  33,  34,  35,  36,  37,  38,  39,  40,  41,
     42,  43,  44,  45,  46,  47,  48,  49,  50,  51,  52,  53,  54,  55,  56,  60,
     84, 116, 128,   0,   1,  12,  13,  14,  15,  16,  17,  18,  19,  22,  23,  24,
     25,  26,  27,  29,  30,  31,  32,  33,  34,  35,  36,  37,  38,  41,  42,  43,
     44,  45,  46,  47,  48,  49,  50,  51,  52,  54,  56,  57,  58,  59,  60,  61,
     84, 116, 128,   1,  12,  13,  14,  16,  17,  18,  19,  20,  21,  22,  23,  24,
     25,  26,  27,  28,  29,  30,  31,  32,  33,  34,  35,  36,  37,  38,  39,  40,
     41,  42,  43,  44,  45,  46,  47,  49,  50,  51,  52,  53,  55,  56,  57,  58,
     59,  60,  84, 116, 128,   1,  12,  14,  18,  23,  26,  28,  31,  32,  33,  34,
     35,  37,  38,  43,  45,  46,  47,  48,  50,  51,  52,  53,  55,  56,  57,  58,
     59,  60, 116,   1,  12,  13,  14,  15,  16,  17,  18,  19,  20,  21,  22,  25,
     26,  27,  28,  29,  31,  32,  33,  34,  35,  36,  37,  38,  39,  40,  41,  42,
     43,  44,  45,  46,  47,  48,  49,  50,  51,  52,  53,  54,  55,  56,  57,  58,
     59,  60,  61,  84, 116, 128,   0,   1,  12,  13,  14,  15,  16,  17,  18,  19,
     20,  21,  22,  23,  24,  25,  27,  29,  30,  31,  32,  33,  34,  35,  36,  38,
     42,  43,  44,  46,  47,  48,  49,  50,  52,  54,  55,  58,  60,  61,  84, 116,
    128,   1,  12,  14,  18,  21,  26,  28,  30,  31,  32,  33,  34,  35,  36,  37,
     38,  39,  40,  41,  49,  50,  51,  52,  53,  54,  55,  56,  57,  58,  59,  60,
     61,  84, 116,   1,  12,  14,  18,  21,  26,  28,  30,  31,  32,  33,  34,  35,
     37,  38,  39,  40,  41,  42,  43,  44,  45,  46,  47,  48,  49,  50,  51,  52,
     53,  54,  55,  56,  57,  58,  59,  60,  61,  84, 116,   0,   1,  12,  26,  28,
     30,  31,  33,  34,  35,  36,  37,  38,  40,  41,  42,  43,  44,  45,  46,  47,
     48,  49,  50,  54,  55,  57,  60,  61,  84, 116, 128,   1,  12,  14,  15,  17,
     18,  19,  20,  21,  22,  23,  24,  25,  26,  27,  28,  29,  30,  31,  32,  33,
     34,  35,  36,  37,  38,  39,  40,  41,  42,  43,  44,  45,  46,  47,  48,  49,
     50,  51,  52,  53,  54,  55,  56,  57,  58,  59,  60,  61,  84, 116,   0,   1,
     12,  13,  14,  15,  16,  18,  19,  21,  22,  24,  25,  26,  28,  29,  30,  31,
     32,  33,  34,  35,  36,  37,  38,  42,  43,  45,  46,  47,  48,  49,  50,  51,
     52,  54,  55,  56,  57,  58,  59,  60,  61,  84, 116,   1,  12,  14,  18,  21,
     26,  28,  30,  31,  32,  33,  34,  35,  36,  37,  38,  39,  40,  41,  42,  43,
     44,  45,  46,  47,  48,  49,  50,  51,  52,  53,  54,  55,  56,  57,  58,  59,
     60,  61,  84, 116, 128,   1,  12,  13,  14,  15,  16,  17,  18,  20,  21,  23,
     24,  25,  26,  27,  28,  29,  30,  31,  32,  33,  34,  35,  36,  37,  38,  39,
     40,  41,  42,  43,  44,  45,  46,  47,  48,  49,  50,  51,  52,  53,  54,  55,
     56,  57,  58,  59,  60,  61,  84, 116, 128,   0,   1,  12,  13,  14,  15,  16,
     17,  19,  20,  21,  22,  23,  24,  25,  26,  27,  28,  29,  30,  31,  32,  33,
     34,  35,  36,  37,  38,  42,  43,  44,  45,  46,  47,  48,  49,  50,  51,  52,
     54,  55,  58,  59,  60,  61,  84, 116, 128,   0,   1,  12,  13,  14,  15,  16,
     17,  18,  19,  20,  21,  22,  23,  24,  25,  26,  27,  28,  29,  30,  31,  32,
     33,  34,  35,  36,  37,  38,  39,  40,  41,  43,  44,  45,  46,  47,  48,  49,
     50,  51,  53,  55,  56,  60,  61,  84, 116, 128,   0,   1,  12,  13,  14,  15,
     16,  17,  18,  19,  20,  21,  22,  23,  24,  25,  26,  27,  28,  29,  30,  31,
     32,  33,  34,  35,  36,  37,  38,  39,  40,  41,  42,  43,  44,  45,  46,  47,
     48,  49,  50,  51,  52,  53,  54,  55,  56,  57,  58,  59,  60,  61,  84, 116,
      0,   1,  12,  13,  14,  15,  17,  18,  19,  20,  21,  22,  23,  26,  27,  28,
     29,  31,  32,  33,  34,  35,  36,  37,  46,  47,  48,  49,  50,  51,  52,  53,
     54,  55,  56,  57,  58,  59,  60,  61,  84, 116,   0,   1,  12,  13,  14,  15,
     16,  17,  19,  20,  22,  23,  24,  25,  26,  27,  29,  30,  31,  32,  33,  34,
     35,  36,  38,  40,  41,  42,  43,  44,  45,  46,  47,  48,  49,  50,  52,  54,
     56,  57,  58,  59,  60,  61,  84, 116,   1,  12,  13,  14,  15,  16,  17,  18,
     19,  20,  21,  22,  23,  24,  25,  26,  27,  28,  29,  30,  31,  32,  33,  34,
     35,  36,  37,  38,  39,  40,  41,  42,  43,  44,  45,  46,  47,  48,  49,  50,
     51,  52,  53,  54,  55,  56,  57,  58,  59,  60,  61,  84, 116, 128,   1,  12,
     13,  14,  15,  16,  17,  18,  19,  20,  21,  22,  23,  24,  25,  26,  27,  28,
     29,  30,  31,  32,  33,  34,  35,  36,  37,  38,  39,  40,  41,  42,  43,  44,
     45,  46,  47,  48,  49,  50,  51,  52,  53,  54,  55,  56,  57,  58,  59,  60,
     61,  84, 116, 128,   1,  12,  13,  14,  15,  16,  17,  18,  19,  20,  21,  22,
     23,  24,  25,  26,  27,  28,  29,  30,  31,  32,  33,  34,  35,  36,  37,  38,
     39,  40,  41,  42,  43,  44,  45,  46,  47,  48,  49,  50,  51,  52,  53,  54,
     55,  56,  57,  58,  59,  60,  61,  84, 116, 128,   1,  12,  13,  14,  15,  16,
     17,  18,  19,  20,  21,  22,  23,  24,  25,  26,  27,  28,  29,  30,  31,  32,
     33,  34,  35,  36,  37,  38,  39,  40,  41,  42,  43,  44,  45,  46,  47,  48,
     49,  50,  51,  52,  53,  54,  55,  56,  57,  58,  59,  60,  61,  84, 116, 128,
      1,  12,  13,  14,  15,  16,  17,  18,  19,  20,  21,  22,  23,  24,  25,  26,
     27,  28,  29,  30,  31,  32,  33,  34,  35,  36,  37,  38,  39,  40,  41,  42,
     43,  44,  45,  46,  47,  48,  49,  50,  51,  52,  53,  54,  55,  56,  57,  58,
     59,  60,  61,  84, 116, 128,  12,  13,  14,  15,  16,  17,  18,  19,  20,  21,
     22,  23,  24,  25,  26,  27,  28,  29,  30,  31,  32,  33,  34,  35,  36,  37,
     38,  39,  40,  42,  43,  44,  45,  46,  47,  48,  49,  50,  51,  52,  54,  55,
     56,  57,  58,  59,  60,  61,  84, 116,   0,   1,  37,  38,  39,  40,  41,  42,
     43,  44,  45,  46,  47,  48,  49,  50,  51,  52,  53,  54,  55,  56,  57,  58,
     59,  60,  61, 116,   1,  37,  38,  41,  42,  43,  44,  46,  47,  48,  49,  50,
     52,  54,  56,  57,  58,  59,  60,  61, 116, 128,   0,   1,  37,  38,  39,  40,
     42,  43,  44,  46,  47,  48,  49,  50,  51,  52,  53,  54,  55,  56,  57,  58,
     59,  60,  61, 116,   1,  37,  38,  39,  40,  41,  42,  43,  44,  45,  46,  47,
     48,  49,  50,  51,  52,  53,  54,  55,  56,  57,  58,  59,  60,  61, 116, 128,
      0,   1,  37,  38,  42,  43,  44,  45,  46,  47,  48,  49,  50,  51,  52,  54,
     55,  56,  57,  58,  59,  60,  61, 116,   0,   1,  37,  38,  39,  40,  41,  42,
     43,  44,  46,  47,  48,  49,  50,  51,  52,  53,  54,  55,  56,  57,  58,  59,
     60,  61, 116, 128,   0,   1,  37,  38,  39,  40,  41,  42,  43,  44,  45,  46,
     47,  48,  49,  50,  51,  52,  53,  54,  55,  56,  57,  58,  59,  60,  61, 116,
    128,   0,   1,  37,  38,  39,  40,  41,  42,  43,  44,  45,  46,  47,  48,  49,
     50,  51,  52,  53,  54,  56,  57,  58,  59,  60,  61, 116,   0,   1,  37,  38,
     39,  40,  41,  42,  43,  44,  45,  46,  47,  48,  49,  50,  51,  52,  53,  54,
     55,  56,  57,  58,  59,  60,  61, 116,   0,   1,  38,  39,  40,  41,  43,  44,
     46,  47,  48,  49,  50,  51,  52,  53,  54,  55,  56,  58,  59,  60,  61, 116,
      0,   1,  37,  38,  39,  40,  41,  42,  43,  44,  45,  46,  47,  48,  49,  50,
     51,  52,  53,  54,  55,  56,  57,  58,  59,  60,  61, 116, 128,   0,  37,  38,
     39,  40,  41,  42,  43,  44,  45,  46,  47,  48,  49,  50,  51,  52,  53,  54,
     55,  56,  57,  58,  59,  60,  61, 116, 128,   0,   1,  37,  38,  39,  40,  42,
     43,  44,  45,  46,  47,  48,  49,  50,  51,  52,  54,  55,  56,  57,  58,  59,
     60,  61, 116,   0,   1,  37,  38,  39,  40,  41,  42,  43,  44,  45,  46,  47,
     48,  49,  50,  51,  52,  53,  54,  56,  57,  58,  59,  60,  61, 116,   0,   1,
     38,  40,  41,  42,  43,  44,  46,  47,  48,  49,  50,  51,  52,  53,  54,  55,
     56,  57,  58,  59,  60,  61, 116, 128,   0,   1,  37,  38,  39,  40,  41,  42,
     43,  44,  46,  47,  48,  49,  50,  52,  53,  54,  56,  57,  58,  59,  60,  61,
    116, 128,   0,   1,  38,  42,  43,  44,  46,  47,  48,  49,  50,  51,  52,  53,
     54,  55,  56,  57,  58,  59,  60,  61, 116,   0,   1,  37,  38,  39,  40,  41,
     42,  43,  44,  46,  47,  48,  49,  50,  51,  52,  53,  54,  56,  59,  60,  61,
    116, 128,   0,  37,  38,  40,  42,  43,  44,  45,  46,  47,  48,  49,  50,  52,
     54,  55,  56,  57,  58,  59,  60,  61, 116,   0,  37,  38,  42,  43,  44,  45,
     46,  47,  48,  49,  50,  51,  52,  53,  54,  55,  56,  57,  58,  59,  60,  61,
    116,   0,   1,  37,  38,  39,  40,  41,  42,  43,  44,  45,  46,  47,  48,  49,
     50,  51,  52,  53,  54,  55,  56,  57,  58,  59,  60,  61, 116,   1,  37,  38,
     39,  40,  41,  42,  43,  44,  45,  46,  47,  48,  49,  50,  51,  52,  53,  54,
     55,  56,  57,  58,  59,  60,  61, 116, 128,   1,  37,  38,  39,  40,  41,  42,
     43,  44,  45,  46,  47,  48,  49,  50,  51,  52,  53,  54,  55,  56,  57,  58,
     59,  60,  61, 116, 128,   1,  37,  38,  39,  40,  41,  42,  43,  44,  45,  46,
     47,  48,  49,  50,  51,  52,  53,  54,  55,  56,  57,  58,  59,  60,  61, 116,
    128,   0,  37,  38,  39,  42,  43,  44,  46,  47,  48,  50,  51,  52,  53,  54,
     56,  57,  58,  59,  60,  61, 116,   1,  63,  67,  70,  74,  77,  80,  81,  82,
     83,  86,  89,  92,  99, 106, 114, 118, 126,   0,   1,  62,  63,  64,  65,  66,
     67,  68,  69,  70,  71,  72,  73,  74,  75,  76,  77,  78,  79,  80,  81,  82,
     83,  85,  86,  87,  88,  89,  90,  91,  92,  93,  94,  95,  96,  97,  98,  99,
    100, 101, 102, 103, 104, 105, 106, 107, 108, 109, 110, 111, 112, 113, 114, 115,
    117, 118, 119, 120, 121, 122, 123, 124, 125, 126, 127, 128,   1,  62,  63,  64,
     65,  66,  67,  68,  70,  71,  72,  73,  75,  76,  78,  79,  80,  81,  82,  83,
     85,  86,  87,  88,  89,  90,  91,  92,  93,  94,  96,  99, 100, 102, 109, 111,
    112, 113, 114, 115, 118, 121, 122, 124, 125, 126, 127,   1,  62,  63,  64,  65,
     66,  67,  68,  69,  70,  71,  72,  73,  75,  76,  77,  78,  79,  80,  81,  82,
     83,  85,  86,  87,  88,  89,  90,  91,  92,  93,  95,  96,  99, 100, 103, 104,
    109, 111, 112, 113, 114, 115, 118, 121, 124, 127,   1,  62,  63,  64,  65,  66,
     67,  68,  69,  70,  71,  72,  73,  74,  75,  76,  77,  78,  79,  80,  81,  82,
     83,  85,  86,  87,  88,  89,  90,  91,  92,  93,  94,  95,  96,  97,  98,  99,
    100, 101, 102, 103, 104, 105, 106, 107, 108, 109, 110, 111, 112, 113, 114, 115,
    117, 118, 119, 120, 121, 122, 123, 124, 125, 126, 127, 128,   1,  62,  63,  64,
     65,  66,  67,  68,  69,  70,  71,  72,  73,  74,  75,  76,  77,  78,  79,  80,
     81,  82,  83,  85,  86,  87,  88,  89,  90,  92,  93,  94,  99, 101, 102, 103,
    104, 106, 109, 111, 114, 118, 121, 122, 123, 125, 126,   1,  63,  67,  69,  70,
     74,  77,  80,  81,  82,  86,  89,  92,  94,  99, 106, 114, 118, 126,   1,  62,
     63,  64,  65,  66,  67,  68,  69,  70,  71,  72,  73,  74,  75,  76,  77,  78,
     79,  80,  81,  82,  83,  85,  86,  87,  88,  89,  90,  91,  92,  93,  94,  95,
     97,  98,  99, 101, 102, 103, 104, 105, 106, 107, 108, 110, 111, 113, 114, 117,
    118, 119, 120, 121, 122, 123, 124, 125, 126, 128,   0,  62,  63,  64,  65,  66,
     67,  68,  69,  70,  71,  72,  73,  74,  75,  76,  78,  79,  81,  82,  83,  85,
     86,  87,  88,  89,  90,  91,  93,  94,  95,  96,  99, 100, 101, 102, 105, 106,
    109, 111, 112, 114, 115, 118, 120, 122, 123, 124, 126, 127, 128,   1,  63,  67,
     69,  70,  71,  72,  74,  77,  80,  81,  82,  83,  86,  89,  92,  94,  95,  98,
     99, 100, 101, 102, 103, 104, 105, 106, 109, 110, 111, 112, 113, 114, 115, 117,
    118, 121, 124, 125, 126, 127,   1,  63,  67,  69,  70,  71,  72,  74,  77,  80,
     81,  82,  83,  86,  89,  92,  94,  95,  99, 100, 101, 106, 109, 110, 111, 112,
    113, 114, 115, 117, 118, 121, 124, 125, 126, 127,   1,  63,  67,  69,  70,  71,
     72,  74,  77,  80,  81,  82,  83,  86,  89,  92,  94,  95,  96,  97,  98,  99,
    100, 101, 102, 103, 104, 105, 106, 107, 108, 109, 110, 111, 112, 113, 114, 115,
    117, 118, 119, 120, 121, 122, 123, 124, 125, 126, 127, 128,   1,  63,  67,  69,
     70,  71,  72,  74,  77,  80,  81,  82,  83,  86,  89,  92,  94,  95,  99, 101,
    102, 103, 104, 106, 109, 111, 112, 113, 114, 115, 118, 121, 124, 126,   1,  63,
     67,  69,  70,  71,  72,  74,  77,  80,  81,  82,  83,  86,  89,  92,  94,  95,
     99, 101, 102, 103, 104, 106, 109, 111, 112, 113, 114, 115, 118, 121, 124, 126,
      1,  63,  67,  69,  70,  71,  72,  74,  77,  80,  81,  82,  83,  86,  89,  92,
     94,  95,  99, 100, 101, 102, 103, 104, 106, 109, 111, 112, 113, 114, 115, 118,
    121, 124, 126,   0,  62,  63,  64,  65,  66,  67,  68,  69,  70,  71,  72,  73,
     74,  75,  76,  77,  78,  79,  80,  81,  82,  83,  85,  86,  87,  88,  89,  90,
     91,  93,  94,  95,  96,  97,  98,  99, 100, 102, 103, 104, 105, 106, 108, 109,
    112, 118, 121, 122, 124, 126, 127, 128,   1,  63,  67,  69,  70,  71,  72,  74,
     77,  80,  81,  82,  83,  86,  89,  92,  94,  99, 100, 101, 102, 103, 104, 106,
    109, 111, 112, 113, 114, 115, 117, 118, 121, 124, 126, 127,   1,  63,  67,  68,
     69,  70,  71,  72,  74,  80,  82,  83,  85,  86,  89,  91,  92,  94,  95,  96,
     99, 100, 101, 102, 105, 106, 107, 108, 109, 110, 111, 112, 115, 117, 118, 119,
    120, 122, 123, 124, 125, 126, 127, 128,   0,  62,  63,  64,  65,  66,  67,  68,
     69,  70,  71,  72,  73,  74,  75,  76,  77,  78,  79,  80,  81,  82,  83,  85,
     86,  87,  88,  89,  90,  91,  92,  93,  94,  95,  96,  97,  98,  99, 101, 102,
    103, 104, 105, 106, 107, 108, 110, 111, 112, 114, 115, 117, 118, 121, 123, 124,
    125, 126,   1,  63,  65,  67,  68,  69,  70,  71,  72,  74,  77,  79,  80,  81,
     82,  83,  86,  89,  90,  92,  94,  95,  96,  97,  98,  99, 100, 101, 102, 103,
    104, 105, 106, 107, 108, 109, 110, 111, 112, 113, 114, 115, 117, 118, 119, 120,
    121, 122, 123, 124, 125, 126, 127, 128,   1,  62,  63,  64,  65,  66,  67,  68,
     69,  70,  71,  72,  73,  74,  75,  76,  77,  78,  79,  80,  81,  82,  83,  85,
     86,  87,  88,  89,  90,  91,  92,  93,  94,  95,  96,  97,  98,  99, 100, 101,
    102, 103, 104, 105, 106, 107, 108, 109, 110, 111, 112, 113, 114, 115, 117, 118,
    119, 120, 121, 122, 123, 124, 125, 126, 127, 128,   1,  62,  63,  64,  65,  66,
     67,  68,  69,  70,  71,  72,  73,  74,  75,  76,  77,  78,  79,  80,  81,  82,
     83,  85,  86,  87,  89,  90,  91,  92,  93,  94,  96,  99, 100, 102, 103, 104,
    106, 109, 112, 113, 115, 118, 121, 125, 126, 127,   1,  12,  13,  14,  15,  16,
     17,  18,  19,  20,  21,  22,  23,  24,  25,  26,  27,  28,  29,  30,  31,  32,
     33,  34,  35,  36,  37,  38,  39,  40,  41,  42,  43,  44,  45,  46,  47,  48,
     49,  50,  51,  52,  53,  54,  55,  56,  57,  58,  59,  60,  61,  84, 116,   1,
     63,  67,  69,  70,  71,  72,  74,  77,  80,  81,  82,  83,  86,  89,  92,  93,
     94,  95,  97,  98,  99, 100, 101, 102, 103, 104, 105, 106, 107, 108, 109, 110,
    111, 112, 113, 114, 115, 117, 118, 119, 120, 121, 122, 123, 124, 125, 126, 127,
      1,  63,  67,  69,  70,  71,  72,  74,  77,  80,  81,  82,  83,  86,  89,  90,
     92,  93,  94,  95,  97,  98,  99, 100, 101, 102, 103, 104, 105, 106, 107, 108,
    109, 110, 111, 112, 113, 114, 115, 117, 118, 119, 120, 121, 122, 123, 124, 125,
    126, 127,   1,  63,  67,  69,  70,  71,  72,  74,  77,  81,  82,  83,  85,  86,
     89,  92,  94,  99, 101, 102, 103, 104, 106, 109, 111, 112, 113, 114, 115, 117,
    118, 123, 124, 125, 126,   1,  63,  67,  69,  70,  71,  72,  74,  77,  80,  81,
     82,  83,  86,  89,  92,  94,  97,  98,  99, 101, 102, 103, 104, 105, 106, 107,
    108, 109, 110, 111, 112, 113, 114, 115, 117, 118, 121, 122, 123, 124, 125, 126,
      0,   1,  62,  63,  64,  65,  66,  67,  68,  71,  72,  73,  75,  76,  77,  78,
     79,  80,  81,  82,  83,  85,  86,  87,  88,  89,  90,  91,  92,  93,  95,  96,
     97,  99, 100, 101, 103, 104, 105, 106, 109, 110, 111, 112, 113, 114, 115, 117,
    118, 121, 122, 123, 124, 126, 127, 128,   1,  63,  67,  71,  72,  74,  77,  80,
     81,  82,  83,  86,  89,  92,  94,  95,  99, 100, 101, 102, 103, 104, 105, 106,
    109, 111, 113, 114, 115, 118, 121, 123, 127,   0,   1,  62,  63,  64,  65,  66,
     67,  68,  70,  71,  72,  73,  75,  76,  77,  78,  79,  80,  81,  82,  83,  85,
     86,  87,  88,  89,  90,  91,  92,  93,  95,  96,  99, 100, 106, 109, 111, 112,
    113, 114, 115, 117, 118, 122, 123, 124, 125, 127, 128,   0,   1,  62,  63,  64,
     65,  66,  67,  68,  69,  70,  71,  72,  73,  74,  75,  76,  77,  78,  79,  80,
     81,  82,  83,  85,  86,  87,  88,  89,  90,  91,  92,  93,  94,  95,  96,  99,
    100, 101, 102, 106, 109, 112, 113, 121, 123, 124, 126, 127, 128,   0,   1,  62,
     63,  64,  65,  66,  67,  68,  69,  70,  71,  72,  73,  74,  75,  76,  77,  78,
     79,  80,  81,  82,  83,  85,  86,  87,  88,  89,  90,  91,  92,  93,  94,  96,
     98,  99, 100, 102, 106, 107, 108, 109, 112, 113, 122, 126, 127, 128,   1,  63,
     67,  69,  70,  71,  72,  74,  77,  80,  81,  82,  83,  86,  89,  92,  94,  95,
     99, 100, 101, 102, 103, 104, 106, 109, 111, 112, 113, 114, 115, 118, 121, 124,
    126, 127,   0,   1,  95,  99, 100, 101, 102, 103, 104, 105, 106, 107, 109, 111,
    112, 113, 114, 115, 118, 119, 121, 124, 126, 127,   0,   1,  96,  99, 100, 101,
    102, 105, 106, 109, 111, 112, 114, 115, 118, 121, 122, 123, 124, 126, 127, 128,
      0,  95,  96,  97,  98,  99, 100, 101, 102, 105, 106, 107, 108, 109, 111, 112,
    114, 115, 118, 121, 123, 124, 125, 126, 127,   0,  95,  97,  98,  99, 100, 101,
    102, 105, 106, 107, 108, 110, 111, 113, 114, 115, 117, 118, 119, 121, 122, 123,
    124, 125, 126, 128,   0,   1,  95,  96,  97,  98,  99, 100, 101, 102, 103, 104,
    105, 106, 107, 108, 109, 110, 111, 112, 113, 114, 115, 117, 118, 119, 120, 121,
    122, 123, 124, 125, 126, 127,   0,   1,  95,  96,  97,  98,  99, 100, 101, 105,
    106, 107, 108, 109, 110, 111, 112, 114, 115, 118, 123, 124, 125, 126, 127,   0,
      1,  95,  96,  97,  98,  99, 100, 101, 102, 103, 104, 105, 106, 107, 108, 109,
    110, 111, 112, 113, 114, 115, 117, 118, 119, 120, 121, 122, 123, 124, 125, 126,
    127,   0,   1,  96,  98,  99, 100, 101, 102, 103, 104, 105, 106, 107, 109, 111,
    112, 114, 115, 118, 123, 125, 127, 128,   0,   1,  95,  97,  98,  99, 100, 101,
    102, 103, 104, 105, 106, 107, 108, 109, 110, 111, 112, 113, 114, 115, 117, 118,
    119, 120, 121, 122, 123, 124, 125, 126, 127, 128,   0,   1,  95,  96,  97,  98,
     99, 100, 101, 102, 103, 104, 105, 106, 109, 110, 111, 112, 113, 114, 115, 117,
    118, 121, 123, 124, 125, 126, 127, 128,   0,   1,  95,  96,  97,  98,  99, 100,
    101, 102, 103, 104, 105, 106, 107, 109, 111, 112, 113, 114, 115, 118, 120, 122,
    124, 127, 128,   0,   1,  95,  96,  97,  98,  99, 100, 101, 102, 103, 104, 105,
    106, 107, 108, 109, 110, 111, 112, 113, 114, 115, 117, 118, 119, 120, 121, 122,
    123, 124, 125, 126, 127,   0,   1,  95,  96,  99, 100, 101, 102, 103, 104, 106,
    109, 111, 112, 114, 115, 118, 121, 124, 126,   0,   1,  95,  99, 100, 101, 102,
    103, 104, 105, 106, 108, 109, 111, 112, 113, 114, 115, 118, 121, 122, 124, 126,
    127,   0,  96,  97,  98,  99, 100, 101, 102, 103, 104, 105, 106, 107, 108, 109,
    110, 111, 112, 113, 114, 117, 118, 119, 120, 122, 123, 124, 125, 126, 127, 128,
      0,   1,  96,  99, 100, 101, 102, 103, 104, 105, 106, 108, 109, 110, 111, 112,
    113, 114, 115, 117, 118, 121, 122, 123, 124, 126, 127,   0,  95,  96,  97,  98,
     99, 101, 102, 103, 104, 105, 106, 107, 108, 109, 110, 111, 113, 114, 115, 117,
    118, 119, 120, 122, 123, 125, 126, 127, 128,   0,   1,  95,  96,  97,  98,  99,
    100, 101, 102, 103, 104, 105, 106, 107, 109, 111, 112, 113, 114, 115, 117, 118,
    121, 122, 123, 125, 126, 127,   0,   1,  95,  96,  97,  98,  99, 100, 101, 102,
    103, 104, 105, 106, 107, 108, 109, 110, 111, 112, 113, 114, 115, 117, 118, 119,
    120, 121, 122, 123, 124, 125, 126, 127, 128,   0,   1,  95,  96,  97,  98,  99,
    100, 101, 102, 103, 104, 105, 106, 107, 108, 109, 110, 111, 112, 113, 114, 115,
    117, 118, 119, 120, 121, 122, 123, 124, 125, 126, 127, 128,   0,  96,  97,  98,
     99, 100, 101, 102, 103, 104, 105, 106, 107, 108, 109, 110, 111, 112, 113, 114,
    117, 118, 119, 120, 122, 123, 125, 126, 127, 128,   1,  37,  38,  39,  40,  41,
     42,  43,  44,  45,  46,  47,  48,  49,  50,  51,  52,  53,  54,  55,  56,  57,
     58,  59,  60,  61, 116,   0,   1,  95,  97,  98,  99, 100, 101, 102, 103, 104,
    105, 106, 107, 108, 109, 110, 111, 112, 113, 114, 115, 117, 118, 119, 120, 121,
    122, 123, 124, 125, 126, 127,   0,   1,  95,  97,  98,  99, 100, 101, 102, 103,
    104, 105, 106, 107, 108, 109, 110, 111, 112, 113, 114, 115, 117, 118, 119, 120,
    121, 122, 123, 124, 125, 126, 127,   0,   1,  95,  96,  97,  98,  99, 100, 101,
    102, 103, 104, 105, 106, 107, 108, 109, 110, 111, 112, 113, 114, 115, 117, 118,
    119, 120, 121, 122, 123, 124, 125, 126, 127,   0,   1,  95,  96,  97,  98,  99,
    100, 101, 102, 103, 104, 105, 106, 107, 108, 109, 110, 111, 112, 113, 114, 115,
    117, 118, 119, 120, 121, 122, 123, 124, 125, 126, 127,   0,  96,  97,  98,  99,
    100, 101, 102, 103, 104, 105, 106, 107, 108, 109, 110, 111, 112, 113, 114, 115,
    117, 118, 119, 120, 121, 122, 123, 125, 126, 127, 128,   0,   1,  96,  99, 100,
    101, 102, 103, 104, 105, 106, 107, 108, 109, 111, 112, 113, 114, 115, 117, 118,
    120, 122, 123, 124, 125, 126, 127,   0,  95,  96,  97,  98,  99, 100, 101, 102,
    103, 104, 105, 106, 107, 108, 109, 110, 111, 112, 113, 114, 115, 118, 119, 121,
    122, 125, 127, 128,   0,  96,  97,  98,  99, 100, 101, 103, 104, 105, 106, 107,
    108, 109, 110, 111, 112, 114, 115, 117, 118, 119, 120, 122, 123, 125, 127, 128,
      0,   1,  96,  97,  98,  99, 100, 101, 102, 103, 104, 105, 106, 107, 108, 109,
    110, 111, 112, 114, 117, 118, 119, 120, 121, 122, 123, 125, 126, 127, 128,   0,
      1,  95,  96,  97,  98,  99, 100, 101, 102, 103, 104, 105, 106, 107, 108, 109,
    110, 111, 112, 113, 114, 115, 117, 118, 119, 120, 121, 122, 123, 124, 125, 126,
    127,   0,   1,  95,  96,  97,  98,  99, 100, 101, 102, 105, 106, 107, 108, 109,
    111, 112, 113, 114, 115, 118, 119, 122, 123, 124, 125, 126, 127,
};

static const int8_t edslab_16_regularKernSparseValues[] = {
     -11,  -11,  -11,  -11,  -37,  -21,  -11,  -21,  -43,  -21,  -11,   -5,  -32,  -16,  -11,  -16,
      11,  -21,  -21,  -21,   -5,  -21,    5,    5,    5,    5,    5,  -11,  -11,  -21,   -5,  -11,
     -16,   -5,  -11,   -5,  -59,  -37,   -5,  -16,  -48,  -16,  -11,   -5,  -11,  -21,  -37,  -27,
     -16,  -21,  -32,  -21,  -21,  -21,  -21,  -32,  -16,  -16,  -16,  -16,  -16,  -21,  -16,  -11,
     -21,  -16,  -11,  -11,  -11,  -11,   -5,  -11,  -11,  -16,  -16,  -16,  -21,  -21,   -5,  -16,
       5,  -11,    5,  -21,  -11,  -16,  -11,    5,  -16,  -21,  -21,    5,  -21,   -5,   11,  -16,
     -11,  -11,  -16,   -5,  -16,  -21,    5,  -32,  -27,  -59,  -43,  -53,   -5,    5,  -11,    5,
      -5,  -11,    5,  -11,  -16,  -11,  -11,  -11,    5,   -5,    5,  -16,    5,    5,    5,    5,
       5,  -11,   -5,  -16,  -21,  -16,  -16,  -11,  -16,  -16,   -5,  -16,  -16,  -16,   -5,  -11,
     -16,  -11,  -11,    5,  -11,  -16,    5,  -27,  -11,  -32,  -11,  -11,  -16,  -16,  -16,   -5,
     -11,    5,    5,   -5,   -5,  -16,    5,   -5,   -5,   -5,  -11,  -16,   -5,   -5,   11,   -5,
      -5,   11,    5,   -5,  -21,  -11,  -11,  -16,  -16,   11,  -11,  -11,   -5,  -11,  -11,    5,
      -5,    5,   11,  -11,  -16,   11,  -16,    5,  -11,   -5,   11,  -21,  -21,  -21,  -11,   -5,
      -5,  -16,  -16,  -27,  -11,  -16,  -16,  -11,  -11,  -11,   -5,   -5,  -11,  -16,  -11,  -21,
      -5,  -11,  -16,   -5,    5,   -5,   -5,  -11,  -16,    5,  -16,    5,  -21,  -11,  -16,   -5,
      -5,   -5,   -5,  -21,   -5,  -16,  -27,  -11,   -5,   -5,  -11,    5,  -11,  -11,  -11,   -5,
     -16,   -5,   -5,   -5,  -21,  -37,  -27,  -27,  -16,   -5,  -16,  -37,  -27,   -5,  -37,  -27,
     -37,  -43,  -27,  -11,  -32,  -16,  -43,  -21,   -5,   -5,   -5,  -11,  -21,  -21,  -11,  -11,
     -11,  -11,    5,    5,  -11,  -16,    5,  -16,    5,  -11,  -11,  -11,  -59,  -11,  -21,   -5,
     -37,   -5,  -11,  -11,  -48,  -11,  -11,  -11,  -16,  -11,  -11,  -21,  -53,  -11,  -37,  -16,
     -21,  -75,  -75, -117, -117, -107,   -5,  -11,  -48,  -21,  -21,  -27,  -21,  -16,  -27,  -27,
     -27,  -32,  -53,  -27,  -27,  -37,  -27,  -21,  -27,  -16,  -32,  -32,  -64,  -59,  -48,  -16,
     -16,  -27,  -11,   11,  -21,   -5,    5,  -11,  -11,  -11,  -11,   -5,   11,  -11,  -11,   -5,
      -5,   -5,   -5,    5,   -5,  -16,  -27,  -32,  -27,  -37,   -5,   -5,  -16,    5,    5,    5,
      -5,   -5,  -11,    5,   -5,  -11,   -5,   -5,  -11,    5,   -5,    5,  -11,    5,    5,  -16,
      -5,  -11,  -11,   -5,   -5,  -32,  -11,   -5,  -11,  -11,   -5,   -5,  -21,  -16,  -11,  -11,
     -16,  -16,  -27,  -16,  -11,  -27,  -27,  -32,  -32,  -27,  -11,  -11,  -16,   -5,  -11,  -16,
     -27,   -5,  -11,  -16,  -21,  -21,  -16,   -5,  -21,  -21,  -11,  -16,  -16,  -21,  -32,  -16,
     -21,  -21,  -16,   16,  -37,   -5,    5,   -5,   -5,   16,  -11,   -5,    5,   -5,   -5,   -5,
      -5,   11,   -5,   11,  -11,    5,  -11,  -16,  -32,  -32,  -37,   -5,    5,   -5,   11,   11,
       5,   11,   -5,   -5,   27,   11,  -16,    5,    5,    5,   11,    5,   11,   16,   16,   16,
      16,    5,  -27,   -5,  -16,   -5,  -21,   -5,   -5,    5,   -5,   -5,  -16,  -21,  -21,  -16,
     -21,  -11,   -5,   -5,    5,   -5,   -5,   -5,   -5,    5,  -11,    5,    5,   -5,   -5,  -11,
      -5,  -21,   -5,  -11,  -80,   -5,  -16,  -11,   -5,   -5,  -11,  -11,   -5,  -21,   -5,   -5,
     -27,   -5,  -16,   -5,  -16,  -16,  -21,  -27,  -21,  -16,  -43,  -11,  -27,  -27,  -32,  -16,
     -48,  -16,   -5,  -11,  -16,  -11,  -32,  -32,  -37,  -21,  -32,  -32,  -21,  -21,  -11,  -16,
     -21,  -21,  -27,  -27,  -37,  -32,   -5,    5,  -37,  -21,   -5,  -11,  -16,  -11,    5,  -16,
      -5,   -5,  -11,   -5,  -11,  -11,  -16,  -16,   -5,  -32,  -32,  -43,  -37,  -43,  -21,  -27,
     -11,  -16,  -21,  -16,  -27,  -27,  -16,  -16,  -11,  -16,    5,   -5,  -16,  -16,  -21,  -16,
      -5,  -11,  -16,  -27,  -16,  -11,  -27,  -21,  -11,  -11,  -21,  -21,  -16,  -21,   -5,  -21,
     -32,  -21,  -21,  -21,  -21,  -21,  -27,  -21,  -21,  -21,  -16,  -16,  -21,  -32,  -27,  -27,
     -11,  -16,  -16,  -11,  -16,  -16,  -11,  -16,  -16,  -11,  -11,  -11,  -21,  -21,  -27,  -21,
     -16,  -21,  -21,  -21,  -16,  -21,  -11,  -11,  -21,  -27,  -11,  -21,  -16,  -16,  -21,  -21,
     -21,  -16,  -11,  -21,  -16,  -16,  -21,  -32,  -21,  -16,  -11,    5,    5,  -37,    5,    5,
       5,  -11,  -21,  -21,  -27,   -5,  -11,  -32,    5,    5,   -5,  -21,  -16,   16,   -5,  -27,
     -21,   -5,   -5,   -5,    5,    5,  -11,  -16,   -5,  -21,   -5,  -11,  -21,  -21,   -5,   -5,
     -21,   -5,   -5,   -5,   -5,   -5,   -5,   -5,  -32,   -5,  -21,    5,   -5,  -27,  -32,  -27,
     -32,  -32,   -5,   -5,  -21,   -5,   -5,   -5,  -16,  -11,   -5,  -16,  -27,  -16,  -27,  -16,
     -16,  -16,  -21,   -5,  -16,   -5,  -27,  -21,  -43,  -32,  -43,  -11,  -16,  -11,  -21,   -5,
     -21,  -11,  -21,   -5,   -5,  -11,   -5,   -5,   -5,   -5,   -5,  -16,  -16,   -5,   -5,  -85,
     -48,  -69,  -69,  -80,  -11,   -5,  -32,  -11,   -5,  -16,  -27,  -16,  -32,  -16,  -16,  -11,
     -21,  -11,   -5,  -16,  -21,  -37,  -32,  -37,  -16,  -21,  -11,  -11,  -16,  -16,  -16,  -11,
     -21,  -16,   -5,  -21,  -16,  -21,  -21,  -21,  -11,  -21,  -27,  -21,  -16,  -16,  -16,  -11,
     -11,  -16,  -16,  -16,  -11,  -16,  -11,  -16,  -16,   -5,  -16,  -11,  -16,  -16,  -16,  -16,
     -21,  -16,  -16,  -11,   -5,  -11,  -53,  -21,  -27,  -11,  -16,   -5,  -27,   -5,  -27,   -5,
      -5,  -16,  -37,   -5,  -21,   -5,  -11,  -21,  -21,  -21,  -16,  -16,   -5,  -37,  -37,  -27,
     -27,  -27,  -21,  -37,  -21,  -21,  -27,  -32,  -32,  -32,  -27,  -27,  -32,  -27,  -37,  -21,
     -21,  -21,  -21,  -21,  -27,  -21,  -21,  -37,  -21,  -16,    5,  -59,  -11,    5,  -16,  -16,
     -21,  -21,  -11,   -5,  -21,  -11,  -16,  -21,   -5,  -16,    5,  -27,   -5,  -27,  -32,  -48,
     -48,  -48,  -27,  -16,  -27,   -5,  -11,  -21,    5,   -5,  -21,  -16,  -11,  -11,   -5,  -11,
     -11,   -5,   -5,   -5,   -5,  -27,  -37,  -16,  -21,    5,  -16,  -91,   -5,    5,   -5,   -5,
      -5,    5,   -5,   -5,  -11,  -16,  -11,  -11,  -11,   -5,  -16,    5,   -5,    5,  -16,  -21,
     -21,  -27,  -16,  -11,  -43,  -27,  -27,  -16,  -32,  -43,  -21,    5,   -5,  -27,  -11,   -5,
     -11,  -21,  -16,   -5,   11,   -5,  -16,  -27,  -11,  -43,  -43,  -21,  -37,  -32,  -43,  -43,
     -43,  -37,  -27,  -32,  -27,  -32,  -48,  -37,  -37,  -43,  -37,  -53,  -37,  -43,  -37,  -75,
     -69,  -91,  -91, -101,  -43,  -53,  -64,  -37,  -37,  -32,  -16,  -11,  -59,  -37,  -16,  -59,
     -69,  -53,  -43,  -37,  -32,  -37,  -48,  -21,  -37,  -32,  -37,  -37,  -37,  -43,  -59,  -43,
     -11,  -11,  -11,   -5,  -16,   -5,   -5,  -11,   -5,   -5,   -5,   -5,   -5,  -21,   -5,  -11,
      -5,  -27,  -27,  -43,  -43,  -43,   -5,   -5,  -21,  -16,  -32,  -16,  -11,  -11,  -16,  -11,
      -5,   -5,  -16,  -21,  -21,  -27,  -32,  -16,  -11,  -21,  -11,    5,  -32,  -11,   -5,  -11,
      -5,  -11,  -11,   -5,  -11,  -16,   -5,  -11,  -11,   -5,  -16,   -5,  -27,  -32,  -43,  -37,
     -43,   -5,  -32,    5,    5,  -16,  -11,  -16,  -11,  -16,  -21,  -21,  -16,  -16,  -21,  -21,
      -5,   -5,  -21,  -21,  -21,  -11,  -27,  -16,  -32,  -69,  -21,  -21,  -11,  -16,  -11,  -21,
     -11,  -11,  -37,  -11,  -16,  -11,  -11,  -27,  -11,  -16,  -11,  -11,  -21,  -27,  -27,  -32,
     -21,  -27,  -53,  -27,  -43,  -48,  -43,  -32,  -48,  -16,  -16,  -27,  -27,  -27,  -48,  -48,
     -37,  -32,  -43,  -59,  -43,  -27,  -37,  -37,  -37,  -48,  -53,  -21,  -48,  -32,  -21,  -80,
     -16,  -32,  -21,  -16,  -16,  -27,  -16,  -16,  -32,  -16,  -16,  -16,  -11,  -37,  -21,  -27,
     -16,  -21,  -21,  -27,  -27,  -27,  -21,  -27,  -48,  -37,  -43,  -32,  -32,  -37,  -53,  -32,
     -21,  -37,  -27,  -27,  -32,  -43,  -37,  -32,  -32,  -43,  -27,  -27,  -27,  -32,  -27,  -37,
     -37,  -32,  -48,  -27,  -32, -112,  -11,  -43,  -11,  -16,  -16,  -48,  -21,  -16,  -53,  -11,
     -21,  -16,  -21,  -43,  -11,  -53,  -16,  -21,  -32,  -21,  -27,  -27,  -21,  -21,  -69,  -32,
     -69,  -64,  -59,  -43,  -64,  -27,  -37,  -53,  -32,  -32,  -69,  -59,  -69,  -53,  -59,  -59,
     -53,  -37,  -48,  -53,  -53,  -53,  -69,  -32,  -69,  -43,  -43, -107,  -16,  -37,  -16,  -21,
     -16,  -43,  -16,  -11,  -48,  -16,  -16,  -21,  -21,  -48,  -27,  -43,  -16,  -21,  -21,  -21,
     -27,  -21,  -21,  -27,  -53,  -32,  -64,  -69,  -53,  -32,  -75,  -32,  -37,  -53,  -43,  -43,
     -53,  -53,  -59,  -43,  -53,  -53,  -48,  -37,  -43,  -53,  -43,  -59,  -64,  -27,  -59,  -48,
     -37,  -85,  -21,  -43,  -16,  -16,  -16,  -37,  -11,  -11,  -48,  -11,  -16,  -21,  -16,  -59,
     -21,  -48,  -21,  -32,  -21,  -27,  -27,  -27,  -27,  -32,  -75,  -37,  -64,  -64,  -64,  -59,
     -75,  -37,  -43,  -59,  -43,  -43,  -59,  -69,  -69,  -53,  -59,  -64,  -64,  -48,  -48,  -59,
     -59,  -59,  -69,  -27,  -75,  -53,  -32,   -5,  -32,  -11,   -5,   -5,  -21,   -5,   -5,  -11,
     -11,   -5,  -11,  -11,  -27,  -11,  -27,   -5,  -11,  -27,  -27,  -21,  -21,  -27,  -11,   -5,
     -32,  -11,   -5,  -16,   -5,  -21,  -21,  -37,  -27,  -27,  -16,  -16,  -11,  -32,  -21,   -5,
     -32,  -27,  -37,  -43,  -53,  -21,  -16,  -27,   -5,  -11,  -21,  -43,  -21,  -16,  -21,  -27,
     -21,  -27,  -21,  -37,  -27,  -43,  -21,  -27,  -32,  -27,  -21,  -21,  -16,  -32,  -32,  -43,
     -43,  -43,  -21,  -27,    5,  -11,  -32,    5,  -11,  -11,  -16,  -11,  -27,  -32,  -16,  -16,
     -16,  -16,   -5,   -5,  -11,  -11,  -21,  -11,  -21,   -5,   -5,    5,  -16,  -32,   -5,   -5,
      -5,  -11,  -21,  -21,  -21,  -27,  -16,  -16,   -5,  -11,   -5,  -16,   -5,  -16,  -11,  -16,
     -16,  -21,  -16,  -21,  -21,  -16,  -27,  -21,  -11,  -21,  -11,  -11,  -11,  -21,  -32,  -21,
     -27,  -16,  -16,  -21,  -27,  -11,  -16,  -11,  -21,  -27,  -32,  -27,  -37,  -21,  -21,   -5,
     -11,    5,  -21,  -37,  -21,  -11,  -16,   -5,  -16,  -21,  -21,  -16,  -11,   -5,  -16,  -16,
      -5,   -5,  -11,  -11,  -16,  -16,  -16,  -27,   27,   -5,  -27,   -5,  -21,  -21,  -21,  -37,
     -27,  -16,  -27,  -16,  -11,  -32,  -32,  -27,  -21,  -21,  -37,   -5,  -32,  -64,  -64,  -48,
     -85,  -21,  -59,  -11,  -16,   -5,  -21,  -43,  -21,  -11,  -16,  -16,   -5,  -27,   -5,   11,
     -37,  -37,  -16,  -27,  -21,   -5,  -21,  -27,  -21,  -11,  -11,  -11,  -11,  -16,  -21,  -27,
     -21,  -32,   -5,  -11,  -37,  -11,  -11,  -11,  -21,  -11,   -5,  -11,  -21,  -16,  -27,  -16,
     -16,  -11,  -16,   -5,  -16,  -21,  -21,  -27,  -27,  -37,  -11,  -21,  -16,  -21,  -11,  -32,
     -11,  -11,  -11,  -16,  -16,  -16,   -5,  -16,  -27,  -37,  -16,  -11,  -11,  -21,   -5,  -16,
      -5,  -21,  -21,  -32,  -32,  -37,  -16,  -16,    5,   11,  -32,    5,    5,    5,    5,  -11,
      11,  -21,  -27,   -5,   -5,    5,    5,    5,   -5,    5,  -11,  -11,  -11,  -11,  -11,  -16,
     -27,  -16,  -11,  -37,   -5,  -16,  -11,  -16,  -11,   -5,  -11,  -16,  -16,  -37,  -11,  -11,
     -11,  -11,   -5,  -11,  -11,  -16,  -16,  -21,  -27,  -32,  -11,  -16,   -5,   -5,  -21,  -32,
     -16,  -16,   -5,  -21,  -16,  -11,  -16,  -27,  -16,  -32,  -16,  -11,  -21,  -21,  -11,  -21,
      -5,  -21,  -21,  -32,  -32,  -21,  -11,  -16,   -5,   -5,   -5,   -5,  -37,   -5,  -11,  -21,
     -11,   -5,  -11,  -27,  -16,  -32,  -11,  -11,  -11,  -16,  -11,   -5,  -16,  -16,  -27,  -27,
     -32,   -5,  -11,  -16,  -11,  -11,  -37,   -5,  -11,   -5,  -16,   -5,  -16,  -11,  -21,  -16,
     -32,  -11,  -11,   -5,  -16,   -5,  -16,  -16,  -27,  -32,  -32,  -37,   -5,  -11,  -11,   11,
     -27,    5,    5,  -11,  -11,  -16,  -11,  -27,  -21,  -11,  -16,    5,  -11,    5,  -16,    5,
     -11,   -5,   -5,  -16,  -21,  -16,  -21,   -5,   -5,    5,  -11,  -32,    5,    5,    5,  -11,
     -16,  -16,  -11,  -27,  -27,  -11,  -11,  -11,    5,  -16,   -5,  -11,  -11,  -16,  -21,  -11,
     -21,   -5,  -11,    5,  -32,   -5,    5,  -16,   32,  -11,  -27,   -5,   -5,   -5,   21,    5,
      -5,   -5,   -5,   -5,   -5,   -5,   -5,   -5,   -5,  -11,   -5,  -27,  -37,   -5,   -5,   -5,
      -5,  -16,  -32,  -11,  -37,  -27,  -11,  -16,  -11,   -5,  -11,  -16,    5,   -5,   -5,  -11,
     -16,  -21,  -21,   -5,  -32,    5,  -11,  -11,  -11,    5,  -11,  -16,  -27,   -5,  -11,   -5,
     -11,    5,  -11,   -5,  -11,  -11,  -16,  -16,  -11,  -16,  -11,  -32,  -27,   -5,   -5,  -16,
     -27,  -16,  -27,   -5,   -5,    5,  -16,    5,  -11,    5,  -27,  -16,  -32,  -27,  -48,  -11,
     -16,  -16,  -11,  -11,  -37,  -16,  -11,  -11,  -16,   -5,  -16,  -11,  -16,  -21,  -32,  -16,
     -11,  -16,  -16,   -5,   -5,   -5,  -16,  -16,  -21,  -21,  -27,   -5,  -16,  -16,  -37,  -43,
     -21,  -21,  -32,  -32,  -37,  -32,   -5,  -21,  -43,  -32,  -21,  -27,  -27,  -11,  -27,  -21,
     -11,  -16,  -11,  -11,  -16,  -16,  -32,  -43,  -32,  -21,  -37,  -27,  -21,  -27,  -21,  -21,
     -32,  -43,  -16,  -27,  -37,  -27,  -21,  -27,  -32,  -11,  -21,  -27,  -16,  -16,   -5,  -16,
     -11,  -21,  -27,  -37,  -32,  -16,  -37,  -27,  -21,  -21,  -21,  -21,  -37,  -37,  -16,  -21,
     -37,  -37,  -27,  -27,  -32,  -16,  -21,  -32,  -11,  -11,  -16,  -16,  -16,  -21,  -27,  -32,
     -48,   -5,  -11,  -27,   -5,  -11,   -5,  -11,  -11,  -11,  -21,   -5,   -5,   -5,   -5,   -5,
      -5,   -5,  -11,  -11,  -16,  -11,  -11,   -5,  -21,  -21,  -11,   -5,   -5,   -5,   -5,  -11,
      -5,   -5,   -5,   -5,  -11,  -11,   -5,  -11,   -5,  -37,  -27,   -5,  -27,  -16,  -27,   -5,
     -27,  -21,  -11,  -27,  -37,  -37,  -27,   -5,  -21,   -5,  -32,  -21,  -21,  -27,  -75,  -59,
     -32,  -21,  -85,  -16,  -16,  -32,  -16,  -16,  -16,  -16,  -11,   -5,  -11,  -16,  -16,  -32,
     -16,  -27,  -21,  -32,  -32,  -16,  -16,  -16,  -16,  -16,  -16,  -32,  -16,  -43,  -48,  -27,
     -16,  -64,  -16,  -16,  -32,  -16,  -16,  -16,  -16,  -11,  -16,   -5,    5,   -5,  -16,   -5,
      -5,   -5,  -11,   -5,   -5,  -21,  -11,  -11,   -5,   -5,   -5,  -16,    5,  -16,  -32,   11,
     -11,  -21,   -5,  -11,  -11,   -5,  -16,    5,   -5,    5,   16,  -27,   16,    5,   16,   -5,
      16,   11,  -11,   11,   -5,    5,  -16,    5,   -5,   -5,   16,    5,   -5,  -16,   -5,   -5,
      -5,   -5,   -5,    5,   -5,  -16,  -16,   -5,   -5,   -5,   16,   -5,   -5,    5,   -5,  -16,
       5,  -11,  -21,   -5,   -5,  -11,   -5,   -5,    5,  -11,    5,   16,  -16,   16,    5,    5,
      16,   -5,   16,   11,   -5,   11,   -5,    5,   11,   16,  -16,   -5,  -85,   -5,   -5,   -5,
     -27,   -5,   -5,  -21,   -5,   -5,   -5,  -48,   -5,   -5,  -11,   -5,  -11,   -5,   -5,   -5,
      -5,   -5,   -5,   -5,   -5,   -5,   -5,   -5,  -21,   -5,  -21,  -43,  -32,  -21,  -32,  -64,
     -32,  -43,  -48,  -21,  -21,  -27,  -59,  -32,  -37,  -43,  -43,  -32,  -32,  -16,  -21,  -43,
     -32,  -32,  -32,  -32,  -16,  -27,  -27,  -32,  -32,  -48,  -32,  -21,  -11,   -5,  -27,   -5,
      -5,   -5,  -27,   -5,   -5,  -16,   -5,   -5,   -5,   -5,   -5,   -5,  -16,   -5,   -5,  -16,
      -5,  -21,  -11,   -5,  -11,   -5,   -5,   -5,   -5,  -16,   -5,  -11,  -11,  -11,  -11,  -11,
     -11,  -11,  -11,  -11,  -21,  -27,  -16,  -11,  -11,  -11,   -5,   -5,  -21,  -16,   -5,  -11,
      -5,  -11,   -5,   -5,  -16,  -11,   -5,   -5,   -5,  -11,  -11,   -5,   -5,   -5,   -5,   -5,
     -16,   -5,   -5,   -5,  -16,   -5,  -16,  -21,   -5,   -5,   -5,  -11,   -5,   -5,  -21,   -5,
      -5,  -21,   -5,  -21,  -21,   -5,  -21,   -5,   -5,  -16,   -5,   -5,  -16,   -5,   -5,   -5,
     -16,  -11,  -16,  -16,  -16,  -11,  -11,  -16,  -16,  -16,  -16,  -16,  -21,  -21,  -43,  -16,
     -48,  -16,  -16,  -16,  -16,  -16,  -16,  -16,  -16,   -5,  -16,   -5,  -32,   -5,   -5,   -5,
     -27,   -5,   -5,   -5,   -5,   -5,   -5,   -5,   -5,  -11,   -5,   -5,   -5,  -32,    5,   -5,
     -32,   -5,   -5,   -5,   -5,   -5,   -5,   -5,  -11,    5,  -11,   11,  -11,   -5,   -5,  -11,
      11,  -11,   11,   -5,    5,   -5,   -5,   -5,   -5,    5,   -5,   11,  -11,  -11,  -21,  -27,
      -5,   -5,   -5,   -5,  -11,  -16,   -5,  -11,  -21,  -11,  -21,  -11,  -11,   -5,  -16,  -16,
     -21,  -11,  -21,  -11,  -11,  -11,  -11,  -11,  -11,  -11,  -21,  -11,  -21,  -27,  -21,  -16,
     -43,  -27,  -11,  -11,  -11,  -11,  -11,  -21,  -21,  -16,   -5,   -5,   -5,  -11,   -5,  -11,
      -5,  -16,   -5,  -21,  -11,   -5,  -16,  -16,  -21,  -11,  -21,  -11,  -11,  -11,  -21,  -11,
     -21,  -27,  -21,  -16,  -43,  -27,  -11,  -11,  -11,  -11,    5,  -11,  -11,   -5,  -11,  -16,
     -16,   -5,   -5,  -16,   -5,  -21,  -16,  -16,   -5,  -11,  -11,   -5,    5,   -5,   -5,  -16,
       5,  -11,  -11,  -11,  -11,   -5,  -11,   -5,   -5,    5,   -5,  -16,    5,  -11,  -43,    5,
      -5,  -43,   -5,   -5,  -16,   -5,   -5,  -11,   -5,  -11,    5,   -5,  -11,  -16,  -21,  -11,
     -16,  -11,  -11,  -11,  -16,  -16,  -11,  -21,  -16,  -16,   -5,  -11,  -16,  -16,  -16,  -16,
     -16,  -11,  -11,  -11,   -5,  -16,   -5,  -16,  -27,   -5,  -37,  -27,   -5,  -11,  -11,  -27,
     -21,  -11,  -16,  -11,   -5,  -11,  -16,  -16,   -5,  -21,  -11,  -16,  -11,  -16,  -11,  -11,
     -16,  -16,  -11,  -16,  -16,  -11,   -5,  -16,   -5,  -16,  -32,   -5,  -37,  -21,   -5,  -11,
     -11,  -16,  -16,  -11,  -11,  -16,  -11,  -11,  -16,  -11,  -11,  -16,  -11,  -11,  -11,  -11,
     -11,  -11,  -11,  -11,  -11,  -11,  -11,  -11,  -11,   -5,  -21,   -5,  -11,  -21,  -16,  -37,
     -21,  -11,  -11,  -11,   -5,  -43,  -11,  -11,  -11,  -37,  -16,  -16,   -5,  -11,  -11,   -5,
     -11,   -5,  -11,   11,   -5,  -16,   11,  -16,  -32,   16,  -11,  -27,   -5,   -5,  -11,   -5,
      -5,  -11,   -5,   -5,   21,    5,    5,  -27,    5,    5,   11,   11,    5,  -21,   -5,   11,
      11,   -5,    5,   -5,    5,  -16,    5,  -11,  -11,  -21,  -16,   -5,  -11,  -11,  -11,   -5,
     -11,  -11,   -5,  -21,  -11,  -16,  -11,  -11,  -11,  -16,  -11,  -11,  -11,  -11,  -11,  -11,
      -5,  -21,   -5,  -16,  -21,  -11,  -11,  -32,  -16,   -5,  -11,   -5,  -16,  -85,  -43,  -11,
      -5,   -5,  -16,  -11,  -37,    5,  -27,    5,   -5,  -27,   -5,   -5,   -5,   -5,  -16,    5,
     -21,  -11,  -16,  -11,  -11,  -32,   -5,   -5,  -11,   -5,   -5,  -11,  -11,  -11,   -5,   -5,
      -5,   -5,  -11,  -16,  -11,  -43,  -11,  -21,  -11,   -5,  -27,   -5,   -5,   -5,  -27,   -5,
     -11,   -5,  -21,  -21,  -11,   -5,  -11,  -11,   -5,   -5,  -11,    5,  -11,  -32,   -5,   -5,
     -32,   -5,   -5,   -5,   -5,   -5,   -5,   -5,   -5,   -5,    5,  -11,   -5,  -21,  -21,  -16,
     -16,  -11,  -16,  -11,   -5,   -5,   -5,  -11,    5,  -16,   -5,  -11,  -21,  -11,   -5,  -11,
      -5,  -11,  -21,  -75,   -5,  -43,   -5,  -11,  -16,   -5,  -11,  -43,  -11,  -11,  -11,   -5,
     -16,  -11,  -21,  -11,   -5,  -11,  -32,  -32,  -21,  -21,  -16,  -48,  -16,  -32,  -21,  -11,
     -11,  -16,  -48,  -11,  -16,  -27,  -11,  -32,  -27,   -5,  -11,  -32,  -27,  -37,  -16,  -11,
     -11,  -21,  -32,  -32,  -32,  -37,  -16,  -27,  -37,  -16, -101,  -11,  -11,  -11,  -48,  -16,
     -16,  -16,  -16,  -21,  -11,  -53,  -11,  -11,  -43,   -5,   -5,  -37,  -11,  -32,  -37,  -16,
     -32,   -5,   -5,  -11,  -11,  -11,  -27,  -21,  -32,  -75,  -59,  -59,  -64,  -85,  -53,  -69,
     -48,  -43,  -43,  -69,  -85,  -64,  -59,  -69,  -64,  -53,  -69,  -48,  -59,  -75,  -64,  -59,
     -69,  -59,  -53,  -64,  -69,  -75,  -69,  -91,  -53,  -53,    5,  -11,  -43,  -11,  -11,  -11,
     -37,  -11,  -11,  -11,  -16,  -16,  -21,  -11,  -16,   -5,   16,  -11,  -11,   21,   -5,  -27,
       5,   -5,  -32,  -11,   -5,   -5,   -5,   -5,  -21,   -5,   16,  -21,   11,    5,    5,    5,
     -21,   11,   11,    5,    5,   -5,   -5,   -5,  -11,   11,  -16,  -21,  -11,  -43,  -11,  -11,
     -11,  -43,  -11,  -11,  -27,  -11,  -11,  -11,  -11,  -59,  -11,  -43,  -11,  -21,  -21,  -27,
     -27,  -27,  -37,  -16,  -21,  -27,  -16,  -16,  -21,  -21,  -16,  -16,  -32,  -32,  -21,  -32,
     -21,  -16,  -27,  -32,  -16,  -16,  -16,  -32,  -32,  -59,  -59,  -64,  -16,  -27,  -27,  -11,
     -32,  -21,  -11,  -21,  -16,  -16,  -11,  -21,  -16,  -11,  -21,  -11,  -27,  -11,  -11,  -11,
     -11,  -11,  -16,  -16,  -21,  -11,  -16,  -11,  -21,  -16,  -16,  -11,  -11,  -11,   -5,  -11,
     -16,   -5,  -16,  -27,   -5,  -11,  -27,  -11,  -11,  -16,   -5,   -5,  -11,  -11,   -5,  -11,
     -11,  -21,  -32,  -11,  -16,  -16,  -16,  -11,  -32,  -16,   -5,  -21,  -21,  -21,  -11,   -5,
     -16,   -5,  -11,   -5,   -5,   -5,  -16,   -5,  -11,  -11,  -16,  -16,   -5,  -11,   -5,   -5,
     -11,   -5,  -16,   -5,  -11,  -21,   -5,   -5,  -27,   -5,   -5,  -11,   -5,   -5,   -5,   -5,
      -5,   -5,  -11,  -21,  -21,   -5,  -11,  -11,  -11,  -11,  -16,  -11,  -27,   -5,   -5,  -27,
     -11,  -11,   -5,  -16,  -11,   -5,   -5,   -5,   -5,   -5,  -16,   -5,  -11,  -21,  -11,   -5,
     -27,   -5,   -5,   -5,   -5,  -11,  -27,  -21,   -5,   -5,  -16,  -16,  -11,  -16,   -5,  -11,
     -21,  -11,  -21,  -11,  -16,  -11,   -5,   -5,  -21,   -5,   -5,  -11,  -11,   -5,  -11,   -5,
      -5,  -11,   -5,  -16,   -5,  -11,  -16,  -16,  -11,  -32,  -16,   -5,   -5,   -5,   -5,   -5,
     -27,    5,   -5,  -16,   -5,   -5,   -5,  -27,   -5,  -16,  -16,  -11,  -11,   -5,    5,   -5,
      -5,    5,  -53,  -43,   11,   -5,  -59,   -5,   -5,  -27,   -5,   -5,    5,   -5,    5,   27,
      -5,  -27,   11,   -5,   -5,   -5,   -5,   -5,   16,   -5,   -5,   11,   11,   -5,   11,   -5,
     -16,    5,   -5,   -5,    5,   -5,   11,   -5,  -11,  -21,  -21,   -5,   -5,   -5,   -5,  -11,
      -5,  -16,   -5,  -21,   -5,   -5,   -5,   -5,  -21,  -11,  -11,   -5,  -11,  -11,   -5,  -11,
     -11,  -16,  -11,  -16,  -16,  -21,  -16,   -5,   -5,  -27,    5,  -11,  -21,   -5,   -5,   -5,
     -27,  -11,   -5,  -21,  -16,  -11,   -5,  -11,    5,   -5,   -5,   16,  -53,  -48,   11,   -5,
     -59,   -5,   -5,  -32,   -5,   -5,    5,   -5,   16,   16,  -21,   11,   -5,   11,   -5,   11,
       5,   -5,   11,   -5,   -5,   -5,   -5,    5,   -5,   11,   -5,  -11,    5,   -5,  -37,   -5,
      -5,   -5,  -21,   -5,   -5,   -5,  -21,  -21,   -5,   -5,   -5,   -5,   11,   -5,   -5,   11,
      -5,  -21,   16,  -11,  -32,  -11,  -11,   -5,   -5,   -5,    5,  -11,   -5,    5,   16,  -21,
      11,   -5,   11,  -11,   11,   11,    5,    5,   -5,   11,   -5,   11,  -16,   -5,    5,  -11,
     -27,  -11,   -5,   -5,  -27,  -11,   -5,   -5,  -16,  -16,  -11,  -11,  -16,  -11,   11,  -11,
     -11,    5,  -11,  -27,   16,  -11,  -32,  -11,  -11,  -11,  -11,  -11,    5,  -11,   -5,   21,
      -5,  -27,   11,    5,  -21,   -5,   -5,   11,    5,    5,   -5,  -11,   11,  -16,  -11,  -27,
     -27,  -11,  -16,  -11,  -11,   -5,  -16,  -11,   -5,  -21,  -11,  -27,  -11,  -11,   -5,  -11,
     -21,   -5,  -11,  -11,  -16,  -16,  -16,  -16,  -21,   -5,  -11,  -27,  -16,  -32,  -21,  -16,
      -5,   -5,  -16,  -16,   -5,  -11,  -11,  -11,   -5,  -16,  -16,   -5,   -5,   -5,  -11,  -27,
      -5,  -11,  -27,   -5,  -37,   -5,  -16,  -11,   -5,  -11,  -11,    5,   16,  -21,   16,   -5,
       5,   -5,   -5,   11,   -5,   11,  -16,   11,  -16,   11,   -5,   -5,    5,   -5,   11,  -16,
     -16,    5,   11,   -5,   -5,  -11,    5,  -11,   -5,   -5,   -5,   -5,   -5,    5,  -11,   11,
      -5,    5,  -11,    5,   -5,    5,   -5,   -5,    5,  -11,  -21,   -5,  -11,  -43,   -5,  -16,
     -11,  -16,  -37,   -5,   -5,   -5,   -5,   -5,   -5,   -5,   -5,  -11,   -5,   -5,  -11,   -5,
      -5,   -5,  -21,  -27,  -21,  -21,  -11,  -11,  -16,  -16,  -16,  -16,  -16,  -16,  -27,  -21,
     -16,  -16,   -5,  -11,  -16,   -5,  -21,  -16,  -21,  -21,  -21,   -5,  -37,  -11,  -11,  -27,
     -11,  -11,  -16,   -5,   -5,  -16,  -16,    5,    5,   16,   -5,   -5,  -11,   11,  -11,  -11,
      -5,   -5,   -5,   11,   -5,   -5,   11,  -11,   11,  -11,   -5,   -5,   -5,   -5,   11,  -16,
     -11,   -5,   -5,   -5,  -11,  -11,  -11,  -11,   -5,   -5,  -16,   -5,  -11,  -11,  -11,  -11,
      -5,  -16,   -5,  -11,  -21,  -11,   -5,  -27,   -5,   -5,  -16,   -5,   -5,  -11,   -5,  -11,
      -5,  -16,   -5,   11,   -5,  -16,   11,   -5,    5,   -5,   -5,   -5,   -5,   -5,    5,  -11,
       5,  -11,   -5,  -11,   -5,   -5,   11,   -5,  -21,  -11,  -11,  -11,  -11,  -21,  -16,  -16,
     -16,  -32,  -32,  -11,   -5,  -16,  -11,  -11,  -11,  -21,  -11,  -21,  -32,  -21,  -11,  -32,
      -5,   -5,  -21,  -11,  -11,  -16,   -5,  -11,  -16,   -5,  -21,  -11,  -11,   -5,  -11,   -5,
     -16,  -11,  -11,  -11,  -32,  -32,  -11,  -11,  -11,   -5,  -27,  -11,  -21,  -21,  -16,  -11,
     -32,  -27,   -5,  -11,   -5,  -11,  -11,   -5,  -21,   -5,   -5,   -5,   -5,   -5,  -11,   -5,
     -11,   -5,  -16,  -11,  -11,  -11,   -5,   -5,  -21,   -5,  -11,  -21,  -11,  -43,   -5,   -5,
      -5,   -5,   -5,  -27,  -11,  -11,  -11,   -5,   -5,  -21,  -16,   -5,  -11,  -16,  -16,   -5,
      -5,   -5,   -5,  -16,   -5,  -21,   -5,  -16,  -32,  -21,   -5,  -32,   -5,   -5,  -16,   -5,
     -11,   -5,   -5,  -11,   -5,  -11,  -11,   -5,    5,  -16,   -5,  -11,   -5,   -5,  -11,   -5,
     -11,  -11,   -5,  -16,  -11,  -16,   -5,   -5,   -5,   -5,  -11,  -11,  -21,  -16,  -11,  -11,
     -11,  -11,   -5,  -11,   -5,  -21,  -16,  -16,   -5,  -16,  -16,  -21,   -5,   -5,  -11,   -5,
      -5,  -16,   11,  -16,  -16,  -32,   11,  -11,   -5,  -11,  -11,  -16,  -16,  -21,  -21,    5,
     -11,  -16,    5,  -11,  -16,  -16,  -21,   -5,  -11,  -11,  -11,   -5,   -5,  -11,    5,  -16,
     -16,  -11,    5,  -21,   -5,   -5,   -5,   -5,   -5,   -5,   -5,   -5,  -21,   -5,  -21,   -5,
      -5,  -16,  -16,   -5,  -11,   -5,   -5,   -5,  -11,   -5,   -5,  -27,  -11,   11,  -11,  -11,
     -27,  -21,   -5,  -11,   -5,  -11,  -16,   -5,  -16,   -5,  -11,  -11,   -5,  -11,    5,   -5,
     -21,   -5,   -5,  -11,  -11,  -11,  -11,    5,  -16,  -11,   -5,   -5,    5,   -5,   -5,  -16,
      -5,   -5,   -5,   -5,   -5,  -11,  -11,   -5,    5,   -5,    5,   -5,  -16,   -5,   -5,  -16,
      -5,   -5,   -5,   -5,   -5,    5,  -11,   -5,  -21,    5,  -11,  -11,  -43,  -11,  -21,  -11,
     -11,  -11,  -16,  -37,  -16,  -16,   -5,   -5,  -16,  -11,  -11,  -11,  -11,  -16,  -11,  -11,
     -11,   -5,  -21,  -16,  -11,  -11,  -27,  -11,  -27,  -11,  -16,  -21,   -5,  -16,  -16,  -53,
     -16,  -21,  -21,  -11,  -11,  -16,  -43,  -21,  -11,  -16,  -11,   -5,  -16,   -5,  -11,  -27,
     -11,  -11,  -11,  -11,   -5,  -11,  -11,  -16,  -16,  -32,  -16,  -27,  -27,   11,  -11,  -11,
     -32,   11,  -21,   -5,   -5,   -5,  -16,  -11,  -21,  -16,    5,  -21,  -11,   11,   -5,  -16,
     -11,  -16,  -11,  -16,  -16,  -11,  -16,  -11,   11,  -16,  -11,  -21,  -43,  -21,  -21,  -27,
     -16,  -21,  -21,  -11,  -21,  -16,  -32,  -16,  -16,  -27,  -16,  -21,  -21,  -16,  -16,  -21,
     -16,  -16,  -21,  -21,  -21,  -11,  -16,   -5,   -5,   -5,  -27,  -16,  -16,   -5,  -11,  -11,
      -5,  -16,   -5,   -5,   -5,   -5,  -11,   -5,  -11,  -16,  -11,   -5,  -21,   -5,   -5,   -5,
      -5,   -5,  -11,   -5,   -5,  -11,   -5,  -16,  -11,   -5,   -5,  -27,  -16,  -21,  -21,  -16,
     -16,   -5,  -16,   -5,   -5,  -16,   -5,  -16,  -11,   -5,  -11,  -21,   -5,  -16,   -5,   -5,
      -5,   -5,   -5,  -11,   -5,   -5,  -16,   -5,  -11,   -5,    5,   -5,   -5,  -27,  -16,  -11,
     -16,  -11,  -11,   -5,  -11,   -5,   -5,   -5,   -5,  -11,   -5,   -5,  -16,  -21,   -5,  -27,
      -5,   -5,   -5,   -5,   -5,  -21,   -5,  -11,   -5,  -11,  -11,  -16,   -5,   -5,   -5,  -27,
     -11,  -16,  -11,  -16,  -16,   -5,  -27,   -5,   -5,  -16,  -11,  -21,  -11,   -5,  -21,  -16,
      -5,  -21,   -5,   -5,   -5,   -5,   -5,  -16,   -5,  -11,  -11,  -16,    5,  -11,   -5,  -16,
       5,  -11,   -5,  -11,  -11,  -11,   -5,  -11,  -11,   11,  -11,  -21,    5,  -11,  -27,    5,
      -5,  -43,   -5,   -5,   -5,   -5,  -11,   -5,   -5,    5,  -11,   -5,  -11,    5,  -27,   -5,
     -11,   -5,  -16,  -16,   -5,  -11,  -11,   -5,  -11,   -5,   -5,   -5,  -16,  -16,   -5,  -16,
      -5,   -5,   -5,   -5,   -5,   -5,   -5,  -21,    5,   11,   -5,   -5,  -27,   11,   -5,   -5,
      -5,  -11,  -11,   -5,   -5,   -5,   11,   -5,  -16,    5,  -11,  -37,    5,  -43,   -5,   -5,
      -5,   -5,   11,   -5,  -16,   16,  -16,  -16,  -32,    5,   -5,   -5,   -5,  -11,  -11,   -5,
      -5,    5,  -11,  -11,    5,  -11,   -5,  -11,  -16,   -5,   -5,   -5,  -11,  -11,    5,  -11,
     -21,    5,   11,  -11,  -11,  -27,    5,  -16,   -5,   -5,   -5,  -16,  -11,  -16,  -11,    5,
     -11,  -16,    5,  -11,  -11,  -16,  -11,  -11,   -5,  -11,  -11,   -5,   -5,    5,  -16,  -16,
     -11,  -16,   -5,   -5,   -5,  -27,  -16,  -21,  -21,  -11,  -11,   -5,  -16,   -5,   -5,  -16,
      -5,  -16,   -5,   -5,  -21,  -21,   -5,  -32,   -5,   -5,   -5,   -5,   -5,   -5,   -5,  -11,
     -16,  -16,    5,   -5,   11,   -5,   -5,  -27,   11,  -11,   -5,   -5,  -16,  -11,   -5,    5,
     -11,    5,   -5,   -5,    5,  -16,   -5,  -11,  -11,   -5,   -5,  -11,   11,
};

static const EpdFontData edslab_16_regular = {
    edslab_16_regularBitmaps,
    edslab_16_regularGlyphs,
    edslab_16_regularIntervals,
    55,
    41,
    31,
    -10,
    true,
    edslab_16_regularGroups,
    11,
    nullptr,
    nullptr,  // kernLeftClasses: built-in fonts use the split arrays below
    nullptr,  // kernRightClasses
    edslab_16_regularKernLeftCodepoints,
    edslab_16_regularKernLeftClassIds,
    edslab_16_regularKernRightCodepoints,
    edslab_16_regularKernRightClassIds,
    nullptr,  // kernMatrix: built-in fonts use the sparse form below
    edslab_16_regularKernRowOffsets,
    edslab_16_regularKernSparseCols,
    edslab_16_regularKernSparseValues,
    129,
    129,
    129,
    129,
    nullptr,
    0,
};
