/**
 * generated by fontconvert.py
 * name: edslab_ui_12_bold
 * size: 12
 * mode: 1-bit
 * Command used: fontconvert.py edslab_ui_12_bold 12 ../builtinFonts/source/EdsLab/EdsLab-Bold.ttf ../builtinFonts/source/NotoSansHebrew/NotoSansHebrew-Bold.ttf ../builtinFonts/source/NotoSansArabic/NotoSansArabic-Bold.ttf ../builtinFonts/source/Ubuntu/Ubuntu-Vietnamese-Bold.ttf --additional-intervals 0x05D0,0x05EA --additional-intervals 0x060C,0x060C --additional-intervals 0x061B,0x061B --additional-intervals 0x061F,0x061F --additional-intervals 0x0621,0x0621 --additional-intervals 0x0640,0x0640 --additional-intervals 0x0654,0x0654 --additional-intervals 0x0660,0x0669 --additional-intervals 0x06BA,0x06BA --additional-intervals 0x06D4,0x06D4 --additional-intervals 0x06D5,0x06D5 --additional-intervals 0x06F0,0x06F9 --additional-intervals 0xFB56,0xFB59 --additional-intervals 0xFB66,0xFB69 --additional-intervals 0xFB7A,0xFB7D --additional-intervals 0xFB88,0xFB95 --additional-intervals 0xFB9E,0xFB9F --additional-intervals 0xFBA6,0xFBB1 --additional-intervals 0xFBFC,0xFBFF --additional-intervals 0xFE80,0xFEFC
 */
#pragma once
#include "EpdFontData.h"

static const uint8_t edslab_ui_12_boldBitmaps[29188] = {
    0x73, 0x9C, 0xE7, 0x39, 0xCE, 0x73, 0x9C, 0xE7, 0x39, 0xC0, 0x77, 0xFE, 0xE0, 0xEF, 0xDF, 0xBF,
    0x7E, 0xFD, 0xC0, 0x07, 0x87, 0x81, 0xE1, 0xC0, 0x78, 0xF0, 0x1E, 0x3C, 0x07, 0x0F, 0x01, 0xC3,
    0xC7, 0xFF, 0xFD, 0xFF, 0xFF, 0x7F, 0xFF, 0xC3, 0x87, 0x81, 0xE1, 0xE0, 0x78, 0xF0, 0xFF, 0xFF,
    0xBF, 0xFF, 0xEF, 0xFF, 0xF8, 0xF0, 0xE0, 0x3C, 0x78, 0x0F, 0x1E, 0x03, 0x87, 0x81, 0xE1, 0xC0,
    0x03, 0x80, 0x07, 0x00, 0x0E, 0x00, 0xFF, 0x83, 0xFF, 0x8F, 0xFF, 0xBF, 0x1F, 0x78, 0x0E, 0xF0,
    0x3D, 0xE0, 0x1B, 0xE0, 0x03, 0xFC, 0x03, 0xFF, 0x03, 0xFF, 0x80, 0xFF, 0x00, 0x1F, 0x60, 0x1F,
    0xE0, 0x3F, 0xC0, 0x7F, 0xC3, 0xE7, 0xFF, 0xC7, 0xFF, 0x03, 0xF8, 0x01, 0xC0, 0x03, 0x80, 0x3F,
    0x0F, 0x01, 0xFE, 0x3C, 0x0F, 0xFD, 0xF0, 0x3C, 0xF7, 0x80, 0xE1, 0xDE, 0x03, 0x87, 0xF8, 0x0F,
    0x3F, 0xC0, 0x3F, 0xFF, 0x00, 0x7F, 0xFC, 0x00, 0xFD, 0xE0, 0x00, 0x07, 0xBF, 0x00, 0x3F, 0xFE,
    0x00, 0xFF, 0xFC, 0x03, 0xFC, 0xF0, 0x1E, 0xE1, 0xC0, 0x7B, 0x87, 0x01, 0xEF, 0x3C, 0x0F, 0x3F,
    0xF0, 0x3C, 0x7F, 0x80, 0xF0, 0xFC, 0x07, 0xF0, 0x0F, 0xF8, 0x07, 0xFC, 0x07, 0xC6, 0x03, 0xC0,
    0x01, 0xF0, 0x00, 0x78, 0x00, 0x3E, 0x00, 0x1F, 0x80, 0x1F, 0xC0, 0x1F, 0xF1, 0xCF, 0x7C, 0xEF,
    0x1F, 0x77, 0x8F, 0xFB, 0xC3, 0xFD, 0xF0, 0xFC, 0x7C, 0x7E, 0x3F, 0xFF, 0x0F, 0xFF, 0xC3, 0xFD,
    0xF0, 0xFF, 0xFF, 0xC0, 0x01, 0x00, 0xE0, 0x78, 0x3E, 0x1F, 0x0F, 0x83, 0xC1, 0xE0, 0x78, 0x3C,
    0x0F, 0x03, 0xC0, 0xE0, 0x38, 0x0E, 0x03, 0x80, 0xE0, 0x3C, 0x0F, 0x03, 0xC0, 0xF0, 0x1E, 0x07,
    0x80, 0xF0, 0x3C, 0x07, 0x80, 0xF8, 0x1E, 0x03, 0x80, 0x40, 0x40, 0x70, 0x3C, 0x1F, 0x03, 0xC1,
    0xF0, 0x78, 0x1E, 0x0F, 0x03, 0x81, 0xE0, 0xF0, 0x38, 0x1C, 0x0E, 0x07, 0x03, 0x83, 0xC1, 0xE0,
    0xF0, 0x78, 0x78, 0x3C, 0x3C, 0x3E, 0x1E, 0x3E, 0x1E, 0x0E, 0x02, 0x00, 0x0E, 0x0D, 0xD9, 0xFF,
    0x7F, 0xF7, 0xFC, 0xFF, 0xBF, 0xFB, 0xFE, 0x6E, 0xC1, 0xC0, 0x1C, 0x1C, 0xFF, 0xFF, 0xFF, 0x1C,
    0x1C, 0x1C, 0xFF, 0xFF, 0xFE, 0x40, 0xFF, 0xFF, 0xFF, 0x7F, 0xFE, 0xF0, 0x01, 0x81, 0xC0, 0xE0,
    0x70, 0x78, 0x38, 0x1C, 0x1E, 0x0E, 0x07, 0x07, 0x83, 0x81, 0xC0, 0xE0, 0xE0, 0x70, 0x38, 0x3C,
    0x1C, 0x0E, 0x0F, 0x07, 0x03, 0x81, 0xC0, 0xC0, 0x00, 0x0F, 0xE0, 0x3F, 0xE0, 0xFF, 0xE3, 0xE3,
    0xE7, 0x83, 0xDE, 0x03, 0xFC, 0x07, 0xF8, 0x0F, 0xE0, 0x0F, 0xC0, 0x1F, 0x80, 0x3F, 0x00, 0x7F,
    0x01, 0xFE, 0x03, 0xFC, 0x07, 0xBC, 0x1E, 0x7E, 0xFC, 0x7F, 0xF0, 0x7F, 0xC0, 0x7F, 0x00, 0xF8,
    0xF8, 0xF8, 0x38, 0x38, 0x38, 0x38, 0x38, 0x38, 0x38, 0x38, 0x38, 0x38, 0x38, 0x38, 0x38, 0x38,
    0xFF, 0xFF, 0xFF, 0x3F, 0xC3, 0xFF, 0x9F, 0xFD, 0xF1, 0xFF, 0x07, 0xF8, 0x3F, 0xC1, 0xE0, 0x0F,
    0x00, 0xF8, 0x0F, 0x81, 0xFC, 0x3F, 0xC3, 0xF8, 0x3F, 0x83, 0xF0, 0xFE, 0x07, 0xF0, 0x3F, 0xFF,
    0xFF, 0xFF, 0xFF, 0xF0, 0x3F, 0xFC, 0x7F, 0xF8, 0xFF, 0xF0, 0x03, 0xE0, 0x0F, 0x80, 0x3E, 0x00,
    0xF8, 0x03, 0xF8, 0x0F, 0xF8, 0x1F, 0xF8, 0x1F, 0xF8, 0x00, 0xF0, 0x00, 0xE0, 0x01, 0xC4, 0x03,
    0xBC, 0x0F, 0x7C, 0x3E, 0x7F, 0xF8, 0x7F, 0xE0, 0x7F, 0x80, 0x00, 0xE0, 0x07, 0x80, 0x3E, 0x00,
    0xF8, 0x07, 0xE0, 0x3F, 0x81, 0xFE, 0x07, 0xB8, 0x3E, 0xE1, 0xF3, 0x87, 0x8E, 0x3E, 0x38, 0xFF,
    0xFF, 0xFF, 0xFF, 0xFF, 0xC0, 0x38, 0x00, 0xE0, 0x0F, 0xF0, 0x3F, 0xC0, 0xFF, 0x3F, 0xF8, 0xFF,
    0xE3, 0xFF, 0x8E, 0x00, 0x38, 0x00, 0xE0, 0x03, 0x80, 0x0F, 0xF8, 0x3F, 0xF0, 0xFF, 0xE1, 0x0F,
    0xC0, 0x0F, 0x00, 0x1C, 0x00, 0x72, 0x01, 0xFC, 0x0F, 0xF8, 0x7D, 0xFF, 0xE3, 0xFF, 0x07, 0xF8,
    0x07, 0xF0, 0x7F, 0xE1, 0xFF, 0x8F, 0x9F, 0x7C, 0x3D, 0xE0, 0xF7, 0x81, 0xDF, 0xF8, 0xFF, 0xFB,
    0xFF, 0xEF, 0xC7, 0xFC, 0x0F, 0xF0, 0x1F, 0xC0, 0x7F, 0x03, 0xDE, 0x0F, 0x7C, 0x7C, 0xFF, 0xE1,
    0xFF, 0x03, 0xF8, 0xFF, 0xFF, 0xFF, 0xFF, 0xF0, 0x0F, 0x00, 0xF0, 0x1E, 0x01, 0xE0, 0x3C, 0x03,
    0xC0, 0x78, 0x07, 0x80, 0xF0, 0x0F, 0x00, 0xF0, 0x1E, 0x01, 0xE0, 0x3C, 0x03, 0xC0, 0x78, 0x07,
    0x80, 0x1F, 0xC1, 0xFF, 0x9F, 0xFC, 0xF9, 0xFF, 0x07, 0xF8, 0x1F, 0xC0, 0xFF, 0x0F, 0x7C, 0xFB,
    0xFF, 0x9F, 0xFD, 0xFF, 0xFF, 0x8F, 0xF8, 0x3F, 0x80, 0xFE, 0x0F, 0xF8, 0xFB, 0xFF, 0xDF, 0xFC,
    0x3F, 0xC0, 0x1F, 0xC0, 0xFF, 0x87, 0xFF, 0x3E, 0x3E, 0xF0, 0x7B, 0x80, 0xEE, 0x03, 0xF8, 0x0F,
    0xF0, 0x3F, 0xC1, 0xFF, 0x8F, 0xDF, 0xFF, 0x3F, 0xFC, 0x7F, 0xFF, 0x03, 0xBC, 0x1E, 0xF8, 0xF9,
    0xFF, 0xC7, 0xFE, 0x07, 0xF0, 0x77, 0xFE, 0xE0, 0x00, 0x00, 0x03, 0xBF, 0xF7, 0x00, 0xF7, 0xBD,
    0xE0, 0x00, 0x00, 0x67, 0xBD, 0xE7, 0x7B, 0x80, 0x00, 0x38, 0x07, 0xC0, 0xFE, 0x1F, 0xC3, 0xF8,
    0x3F, 0x03, 0xE0, 0x0F, 0xC0, 0x3F, 0x80, 0x7F, 0x00, 0xFE, 0x01, 0xF0, 0x03, 0x80, 0xFF, 0xFF,
    0xFF, 0xFF, 0xFF, 0xFF, 0x70, 0x03, 0xE0, 0x1F, 0xC0, 0x3F, 0x80, 0x7E, 0x00, 0xFC, 0x03, 0xE0,
    0x3F, 0x07, 0xE0, 0xFE, 0x1F, 0xC0, 0xF8, 0x07, 0x00, 0x00, 0x3F, 0xC3, 0xFF, 0x3F, 0xFD, 0xE1,
    0xEE, 0x07, 0x70, 0x3F, 0xC3, 0xC0, 0x3E, 0x03, 0xE0, 0x3F, 0x03, 0xE0, 0x3E, 0x01, 0xE0, 0x0F,
    0x00, 0x78, 0x03, 0xC0, 0x1E, 0x00, 0xF0, 0x07, 0x80, 0x3C, 0x00, 0x01, 0xFF, 0x00, 0x0F, 0xFF,
    0x80, 0x7F, 0xFF, 0xC1, 0xFC, 0x1F, 0xC3, 0xE0, 0x0F, 0x8F, 0x1F, 0x87, 0x9E, 0x7F, 0x8F, 0xF8,
    0xFF, 0x8F, 0xF1, 0xCF, 0x1F, 0xC3, 0xFE, 0x1F, 0x87, 0xFC, 0x3F, 0x1F, 0xF8, 0x7E, 0x3E, 0x70,
    0xFE, 0x70, 0xE3, 0xFC, 0xF7, 0xE7, 0xF9, 0xFF, 0xFF, 0x7B, 0xFF, 0xFC, 0xFB, 0xF7, 0xF0, 0xF8,
    0x03, 0x81, 0xFC, 0x1F, 0x01, 0xFF, 0xFE, 0x00, 0xFF, 0xF8, 0x00, 0x7F, 0xC0, 0x00, 0x07, 0xF8,
    0x00, 0x3F, 0xC0, 0x01, 0xFF, 0x00, 0x03, 0xF8, 0x00, 0x3F, 0xC0, 0x01, 0xFF, 0x00, 0x0F, 0x78,
    0x00, 0xFB, 0xE0, 0x07, 0x8F, 0x00, 0x3C, 0x78, 0x03, 0xC1, 0xE0, 0x1E, 0x0F, 0x01, 0xFF, 0xF8,
    0x0F, 0xFF, 0xE0, 0x7F, 0xFF, 0x07, 0x80, 0x3C, 0x3C, 0x01, 0xE7, 0xF0, 0x1F, 0xFF, 0x80, 0xFF,
    0xFC, 0x07, 0xF0, 0xFF, 0xFE, 0x3F, 0xFF, 0xCF, 0xFF, 0xF8, 0x70, 0x3E, 0x1C, 0x07, 0x87, 0x00,
    0xE1, 0xC0, 0x38, 0x70, 0x1E, 0x1C, 0x0F, 0x87, 0xFF, 0xC1, 0xFF, 0xF8, 0x7F, 0xFF, 0x1C, 0x07,
    0xC7, 0x00, 0xF1, 0xC0, 0x1C, 0x70, 0x0F, 0x1C, 0x07, 0xFF, 0xFF, 0xFF, 0xFF, 0xFB, 0xFF, 0xF8,
    0x07, 0xF8, 0x0F, 0xFF, 0x0F, 0xFF, 0xCF, 0xC3, 0xE7, 0x80, 0x77, 0xC0, 0x3B, 0xC0, 0x3D, 0xE0,
    0x06, 0xE0, 0x00, 0x70, 0x00, 0x38, 0x00, 0x1C, 0x00, 0x0F, 0x00, 0x07, 0x80, 0x03, 0xE0, 0x0E,
    0xF8, 0x0F, 0x7F, 0x0F, 0x9F, 0xFF, 0x87, 0xFF, 0x80, 0xFF, 0x80, 0xFF, 0xFE, 0x0F, 0xFF, 0xF8,
    0xFF, 0xFF, 0xC1, 0xC0, 0xFE, 0x1C, 0x03, 0xE1, 0xC0, 0x1F, 0x1C, 0x00, 0xF1, 0xC0, 0x0F, 0x1C,
    0x00, 0x71, 0xC0, 0x07, 0x1C, 0x00, 0x71, 0xC0, 0x07, 0x1C, 0x00, 0xF1, 0xC0, 0x0F, 0x1C, 0x01,
    0xF1, 0xC0, 0x3E, 0x1C, 0x0F, 0xEF, 0xFF, 0xFC, 0xFF, 0xFF, 0x8F, 0xFF, 0xE0, 0xFF, 0xFF, 0xFF,
    0xFF, 0xFF, 0xFF, 0x1C, 0x07, 0x1C, 0x07, 0x1C, 0x07, 0x1C, 0x00, 0x1C, 0x00, 0x1C, 0x00, 0x1F,
    0xFE, 0x1F, 0xFE, 0x1F, 0xFE, 0x1C, 0x00, 0x1C, 0x00, 0x1C, 0x00, 0x1C, 0x07, 0x1C, 0x07, 0xFF,
    0xFF, 0xFF, 0xFF, 0xFF, 0xFF, 0xFF, 0xFF, 0xFF, 0xFF, 0xFF, 0xFF, 0x38, 0x07, 0x38, 0x07, 0x38,
    0x07, 0x38, 0x00, 0x38, 0x00, 0x38, 0x00, 0x3F, 0xFE, 0x3F, 0xFE, 0x3F, 0xFE, 0x38, 0x00, 0x38,
    0x00, 0x38, 0x00, 0x38, 0x00, 0x38, 0x00, 0xFF, 0x00, 0xFF, 0x00, 0xFF, 0x00, 0x07, 0xF8, 0x0F,
    0xFF, 0x0F, 0xFF, 0xCF, 0xC3, 0xE7, 0x80, 0x77, 0xC0, 0x3B, 0xC0, 0x1D, 0xE0, 0x06, 0xE0, 0x00,
    0x70, 0x3F, 0xF8, 0x1F, 0xFC, 0x0F, 0xFF, 0x00, 0x3F, 0x80, 0x1F, 0xE0, 0x0E, 0xF8, 0x0F, 0x3F,
    0x1F, 0x9F, 0xFF, 0x87, 0xFF, 0x80, 0xFF, 0x80, 0xFF, 0x0F, 0xFF, 0xF0, 0xFF, 0xFF, 0x0F, 0xF3,
    0x80, 0x1C, 0x38, 0x01, 0xC3, 0x80, 0x1C, 0x38, 0x01, 0xC3, 0x80, 0x1C, 0x38, 0x01, 0xC3, 0xFF,
    0xFC, 0x3F, 0xFF, 0xC3, 0xFF, 0xFC, 0x38, 0x01, 0xC3, 0x80, 0x1C, 0x38, 0x01, 0xC3, 0x80, 0x1C,
    0x38, 0x01, 0xCF, 0xF0, 0xFF, 0xFF, 0x0F, 0xFF, 0xF0, 0xFF, 0xFF, 0xFF, 0xFF, 0x38, 0x38, 0x38,
    0x38, 0x38, 0x38, 0x38, 0x38, 0x38, 0x38, 0x38, 0x38, 0x38, 0x38, 0xFF, 0xFF, 0xFF, 0x3F, 0xF9,
    0xFF, 0xCF, 0xFE, 0x00, 0x70, 0x03, 0x80, 0x1C, 0x00, 0xE0, 0x07, 0x00, 0x38, 0x01, 0xC0, 0x0F,
    0xC0, 0x7E, 0x03, 0xF0, 0x1F, 0x81, 0xFE, 0x0F, 0xF8, 0xFF, 0xFF, 0x9F, 0xFC, 0x7F, 0x80, 0xFF,
    0x7F, 0xBF, 0xDF, 0xEF, 0xF7, 0xF8, 0xE1, 0xF0, 0x38, 0xF8, 0x0E, 0x7E, 0x03, 0xBF, 0x00, 0xFF,
    0x80, 0x3F, 0xE0, 0x0F, 0xFC, 0x03, 0xFF, 0x00, 0xFB, 0xE0, 0x3C, 0x78, 0x0E, 0x0E, 0x03, 0x83,
    0xC0, 0xE0, 0xF6, 0x38, 0x1D, 0xFF, 0xC7, 0xFF, 0xF1, 0xFF, 0xFC, 0x3E, 0xFF, 0x00, 0xFF, 0x00,
    0xFF, 0x00, 0x38, 0x00, 0x38, 0x00, 0x38, 0x00, 0x38, 0x00, 0x38, 0x00, 0x38, 0x00, 0x38, 0x00,
    0x38, 0x00, 0x38, 0x00, 0x38, 0x00, 0x38, 0x00, 0x38, 0x07, 0x38, 0x07, 0x38, 0x07, 0xFF, 0xFF,
    0xFF, 0xFF, 0xFF, 0xFF, 0xFC, 0x00, 0x7F, 0xF8, 0x00, 0xFF, 0xF8, 0x03, 0xF9, 0xF8, 0x0F, 0xC3,
    0xF0, 0x1F, 0x87, 0xF0, 0x7F, 0x0F, 0xF1, 0xFE, 0x1D, 0xE3, 0xDC, 0x3B, 0xEF, 0x38, 0x73, 0xFE,
    0x70, 0xE3, 0xF8, 0xE1, 0xC3, 0xE1, 0xC3, 0x87, 0xC3, 0x87, 0x07, 0x07, 0x0E, 0x00, 0x0E, 0x1C,
    0x00, 0x1C, 0x38, 0x00, 0x39, 0xFE, 0x03, 0xFF, 0xFC, 0x07, 0xFF, 0xF8, 0x0F, 0xF0, 0xFC, 0x0F,
    0xFF, 0xC0, 0xFF, 0xFE, 0x0F, 0xF3, 0xF0, 0x1C, 0x3F, 0x01, 0xC3, 0xF8, 0x1C, 0x3F, 0xC1, 0xC3,
    0xBE, 0x1C, 0x39, 0xE1, 0xC3, 0x9F, 0x1C, 0x38, 0xF9, 0xC3, 0x87, 0x9C, 0x38, 0x7D, 0xC3, 0x83,
    0xFC, 0x38, 0x1F, 0xC3, 0x80, 0xFC, 0x38, 0x0F, 0xCF, 0xF0, 0x7C, 0xFF, 0x03, 0xCF, 0xF0, 0x3C,
    0x07, 0xFC, 0x03, 0xFF, 0xE0, 0xFF, 0xFE, 0x3F, 0x8F, 0xC7, 0xC0, 0x7D, 0xF0, 0x07, 0xFC, 0x00,
    0x7F, 0x80, 0x0F, 0xE0, 0x00, 0xFC, 0x00, 0x1F, 0x80, 0x03, 0xF0, 0x00, 0x7F, 0x00, 0x1F, 0xE0,
    0x03, 0xFE, 0x00, 0xFB, 0xE0, 0x3E, 0x7F, 0x1F, 0xC7, 0xFF, 0xF0, 0x7F, 0xFC, 0x03, 0xFE, 0x00,
    0xFF, 0xFC, 0x7F, 0xFF, 0xBF, 0xFF, 0xE7, 0x01, 0xF3, 0x80, 0x79, 0xC0, 0x1C, 0xE0, 0x0E, 0x70,
    0x0F, 0x38, 0x0F, 0x9F, 0xFF, 0x8F, 0xFF, 0xC7, 0xFF, 0x83, 0x80, 0x01, 0xC0, 0x00, 0xE0, 0x00,
    0x70, 0x00, 0x38, 0x00, 0x7F, 0x80, 0x3F, 0xC0, 0x1F, 0xE0, 0x00, 0x07, 0xFC, 0x00, 0x7F, 0xFC,
    0x03, 0xFF, 0xF8, 0x1F, 0xC7, 0xF0, 0x7C, 0x07, 0xC3, 0xE0, 0x0F, 0x8F, 0x00, 0x1E, 0x3C, 0x00,
    0x78, 0xE0, 0x00, 0xE3, 0x80, 0x03, 0x8E, 0x00, 0x0E, 0x38, 0x04, 0x38, 0xF0, 0x39, 0xE3, 0xC1,
    0xF7, 0x8F, 0x83, 0xFE, 0x1F, 0x07, 0xF0, 0x7F, 0x1F, 0xC0, 0xFF, 0xFE, 0x01, 0xFF, 0xF8, 0x01,
    0xFF, 0xEF, 0x00, 0x03, 0xFC, 0x00, 0x07, 0xF0, 0x00, 0x1F, 0xC0, 0x00, 0x3E, 0xFF, 0xFC, 0x1F,
    0xFF, 0xE3, 0xFF, 0xFE, 0x1C, 0x07, 0xC3, 0x80, 0x78, 0x70, 0x07, 0x0E, 0x00, 0xE1, 0xC0, 0x3C,
    0x38, 0x0F, 0x87, 0xFF, 0xF0, 0xFF, 0xFC, 0x1F, 0xFE, 0x03, 0x87, 0x80, 0x70, 0xF0, 0x0E, 0x0F,
    0x01, 0xC1, 0xE4, 0x38, 0x1F, 0xFF, 0xE3, 0xFF, 0xFC, 0x3F, 0x7F, 0x83, 0xC0, 0x3F, 0xE1, 0xFF,
    0xEF, 0xFF, 0xBE, 0x1F, 0xF0, 0x3F, 0x80, 0xFF, 0x00, 0xBE, 0x00, 0xFF, 0x81, 0xFF, 0x81, 0xFF,
    0x81, 0xFF, 0x00, 0x7F, 0x00, 0x7E, 0x01, 0xF8, 0x07, 0xF0, 0x3F, 0xFF, 0xF7, 0xFF, 0x8F, 0xFC,
    0xFF, 0xFF, 0xFF, 0xFF, 0xFF, 0xFF, 0xFC, 0x38, 0x7E, 0x1C, 0x3F, 0x0E, 0x1C, 0x07, 0x00, 0x03,
    0x80, 0x01, 0xC0, 0x00, 0xE0, 0x00, 0x70, 0x00, 0x38, 0x00, 0x1C, 0x00, 0x0E, 0x00, 0x07, 0x00,
    0x03, 0x80, 0x01, 0xC0, 0x03, 0xFC, 0x01, 0xFE, 0x00, 0xFF, 0x00, 0xFF, 0x07, 0xFF, 0xF8, 0x3F,
    0xFF, 0xC1, 0xFE, 0x70, 0x03, 0x83, 0x80, 0x1C, 0x1C, 0x00, 0xE0, 0xE0, 0x07, 0x07, 0x00, 0x38,
    0x38, 0x01, 0xC1, 0xC0, 0x0E, 0x0E, 0x00, 0x70, 0x70, 0x03, 0x83, 0x80, 0x1C, 0x1E, 0x01, 0xE0,
    0xF0, 0x0F, 0x07, 0xC0, 0xF8, 0x1F, 0xFF, 0x80, 0x7F, 0xFC, 0x01, 0xFF, 0xC0, 0x07, 0xF8, 0x00,
    0xFE, 0x03, 0xFF, 0xF0, 0x1F, 0xFF, 0x80, 0xFE, 0x78, 0x03, 0xC3, 0xC0, 0x1E, 0x0F, 0x01, 0xE0,
    0x78, 0x0F, 0x03, 0xE0, 0xF0, 0x0F, 0x07, 0x80, 0x78, 0x3C, 0x01, 0xE3, 0xC0, 0x0F, 0x1E, 0x00,
    0x7D, 0xF0, 0x01, 0xEF, 0x00, 0x0F, 0xF8, 0x00, 0x3F, 0x80, 0x01, 0xFC, 0x00, 0x0F, 0xE0, 0x00,
    0x3E, 0x00, 0x01, 0xF0, 0x00, 0xFE, 0x07, 0x81, 0xFF, 0xF8, 0x1E, 0x07, 0xFF, 0xE0, 0xFC, 0x1F,
    0xCF, 0x03, 0xF0, 0x3C, 0x3C, 0x0F, 0xC0, 0xF0, 0xF0, 0x7F, 0x83, 0xC1, 0xE1, 0xFE, 0x1E, 0x07,
    0x87, 0xF8, 0x78, 0x1E, 0x1F, 0xE1, 0xE0, 0x3C, 0xF3, 0xCF, 0x00, 0xF3, 0xCF, 0x3C, 0x03, 0xCF,
    0x3C, 0xF0, 0x07, 0xF8, 0x7F, 0x80, 0x1F, 0xE1, 0xFE, 0x00, 0x7F, 0x87, 0xF8, 0x00, 0xFE, 0x1F,
    0xC0, 0x03, 0xF0, 0x3F, 0x00, 0x0F, 0xC0, 0xFC, 0x00, 0x1F, 0x03, 0xE0, 0x00, 0x78, 0x07, 0x80,
    0xFE, 0x0F, 0xFF, 0xC1, 0xFF, 0xF8, 0x3F, 0x8F, 0x8F, 0x80, 0xF1, 0xE0, 0x1F, 0x7C, 0x01, 0xFF,
    0x00, 0x1F, 0xC0, 0x03, 0xF8, 0x00, 0x3E, 0x00, 0x07, 0xC0, 0x01, 0xFC, 0x00, 0x7F, 0xC0, 0x1F,
    0x78, 0x03, 0xEF, 0x80, 0xF8, 0xF8, 0x3E, 0x0F, 0x9F, 0xC1, 0xFF, 0xF8, 0x3F, 0xFF, 0x07, 0xF0,
    0xFF, 0x3F, 0xFF, 0xCF, 0xFF, 0xF3, 0xFC, 0xF0, 0x7C, 0x1E, 0x1E, 0x07, 0xCF, 0x00, 0xF3, 0xC0,
    0x3F, 0xE0, 0x07, 0xF8, 0x01, 0xFC, 0x00, 0x3E, 0x00, 0x0F, 0x80, 0x01, 0xC0, 0x00, 0x70, 0x00,
    0x1C, 0x00, 0x07, 0x00, 0x01, 0xC0, 0x01, 0xFE, 0x00, 0x7F, 0x80, 0x1F, 0xE0, 0xFF, 0xFF, 0xFF,
    0xFF, 0xFF, 0xFF, 0x01, 0xEE, 0x07, 0xDC, 0x1F, 0x00, 0x7C, 0x00, 0xF0, 0x03, 0xE0, 0x0F, 0x80,
    0x1E, 0x00, 0x7C, 0x01, 0xF0, 0x07, 0xC0, 0x0F, 0x03, 0xBE, 0x07, 0xF8, 0x0F, 0xFF, 0xFF, 0xFF,
    0xFF, 0xFF, 0xF0, 0x3D, 0xFF, 0xFF, 0x0E, 0x1C, 0x38, 0x70, 0xE1, 0xC3, 0x87, 0x0E, 0x1C, 0x38,
    0x70, 0xE1, 0xC3, 0x87, 0x0E, 0x1C, 0x38, 0x7E, 0xFF, 0xFC, 0xC0, 0x70, 0x38, 0x1C, 0x0F, 0x03,
    0x81, 0xC0, 0xF0, 0x38, 0x1C, 0x0F, 0x03, 0x81, 0xC0, 0xE0, 0x38, 0x1C, 0x0E, 0x07, 0x81, 0xC0,
    0xE0, 0x78, 0x1C, 0x0E, 0x07, 0x01, 0x80, 0x79, 0xFF, 0xF8, 0x70, 0xE1, 0xC3, 0x87, 0x0E, 0x1C,
    0x38, 0x70, 0xE1, 0xC3, 0x87, 0x0E, 0x1C, 0x38, 0x70, 0xE1, 0xC3, 0xBF, 0xFF, 0xFC, 0x07, 0x00,
    0x3C, 0x03, 0xF0, 0x1F, 0x81, 0xFE, 0x1E, 0x70, 0xF3, 0xCF, 0x0F, 0x70, 0x7B, 0x81, 0xC0, 0xFF,
    0xFF, 0xFF, 0xFF, 0x80, 0xF9, 0xE7, 0x9E, 0x3C, 0xF0, 0x3F, 0x03, 0xFC, 0x1F, 0xF0, 0xE7, 0x87,
    0xFC, 0x3F, 0xE3, 0xFF, 0x1F, 0x38, 0xE1, 0xC7, 0x1F, 0xBF, 0xFD, 0xFF, 0xE7, 0xFF, 0x00, 0xF8,
    0x03, 0xE0, 0x0F, 0x80, 0x3E, 0x00, 0x38, 0x00, 0xE0, 0x03, 0x80, 0x0E, 0x00, 0x38, 0x00, 0xFF,
    0x83, 0xFF, 0x0F, 0xFE, 0x3C, 0x7C, 0xE0, 0xF3, 0x81, 0xCE, 0x07, 0x38, 0x1C, 0xF0, 0xF3, 0xE7,
    0xCF, 0xFE, 0x3F, 0xF8, 0xFF, 0x80, 0x1F, 0x87, 0xFE, 0x7F, 0xEF, 0x9E, 0xF0, 0xEE, 0x06, 0xE0,
    0x0E, 0x00, 0xF0, 0xEF, 0x9F, 0x7F, 0xE7, 0xFE, 0x1F, 0xC0, 0x03, 0xE0, 0x0F, 0x80, 0x3E, 0x00,
    0xF8, 0x00, 0xE0, 0x03, 0x80, 0x0E, 0x00, 0x38, 0x00, 0xE0, 0x7F, 0x87, 0xFE, 0x1F, 0xF8, 0xF9,
    0xE3, 0xC3, 0x8E, 0x0E, 0x38, 0x38, 0xE0, 0xE3, 0xC7, 0x8F, 0x9E, 0x1F, 0xFE, 0x7F, 0xF8, 0xFF,
    0xE0, 0x00, 0x00, 0x1F, 0x87, 0xFC, 0x7F, 0xEF, 0x9E, 0xF1, 0xEF, 0xFE, 0xFF, 0xEF, 0xFE, 0xF0,
    0x4F, 0x9E, 0x7F, 0xE7, 0xFE, 0x1F, 0x80, 0x0F, 0x83, 0xF8, 0x7F, 0x8E, 0xF1, 0xDC, 0x38, 0x87,
    0x03, 0xFC, 0x7F, 0x8F, 0xF0, 0x70, 0x0E, 0x01, 0xC0, 0x38, 0x07, 0x00, 0xE0, 0x1C, 0x03, 0x81,
    0xF0, 0x3E, 0x07, 0xC0, 0xF0, 0x00, 0x1F, 0xFC, 0xFF, 0xF7, 0xFF, 0xDE, 0x78, 0x70, 0xE1, 0xC3,
    0x87, 0x9E, 0x1F, 0xF8, 0x7F, 0xC3, 0xFE, 0x0F, 0x80, 0x3F, 0xFC, 0x7F, 0xFB, 0xFF, 0xEE, 0x07,
    0xF8, 0x0F, 0xF8, 0xFF, 0xFF, 0xE7, 0xFF, 0x0F, 0xF8, 0xF8, 0x01, 0xF0, 0x03, 0xE0, 0x07, 0xC0,
    0x03, 0x80, 0x07, 0x00, 0x0E, 0x00, 0x1C, 0x00, 0x38, 0x00, 0x7F, 0xC0, 0xFF, 0xC1, 0xFF, 0x83,
    0xCF, 0x07, 0x0E, 0x0E, 0x1C, 0x1C, 0x38, 0x38, 0x70, 0x70, 0xE0, 0xE1, 0xC7, 0xF3, 0xEF, 0xE7,
    0xDF, 0xCF, 0x80, 0x04, 0x00, 0x78, 0x78, 0x78, 0x78, 0x00, 0xF8, 0xF8, 0xF8, 0xB8, 0x38, 0x38,
    0x38, 0x38, 0x38, 0x3E, 0x3E, 0x3E, 0x1E, 0x1E, 0x3C, 0x78, 0xF3, 0xE7, 0xCF, 0x87, 0x0E, 0x1C,
    0x38, 0x70, 0xE1, 0xC3, 0x87, 0x0E, 0x1C, 0x3A, 0xFF, 0xFF, 0xDF, 0x00, 0xF8, 0x01, 0xF0, 0x03,
    0xE0, 0x05, 0xC0, 0x03, 0x80, 0x07, 0x00, 0x0E, 0x00, 0x1C, 0x00, 0x38, 0x00, 0x77, 0xF0, 0xEF,
    0xE1, 0xDF, 0xC3, 0xFE, 0x07, 0xF8, 0x0F, 0xF0, 0x1F, 0xF0, 0x3F, 0xE0, 0x7B, 0xC0, 0xE3, 0xFF,
    0xF7, 0xFF, 0xE7, 0xFF, 0xCF, 0x80, 0xF8, 0xF8, 0xF8, 0x38, 0x38, 0x38, 0x38, 0x38, 0x38, 0x38,
    0x38, 0x38, 0x38, 0x38, 0x38, 0x38, 0x38, 0x38, 0x3E, 0x3E, 0x3E, 0x1C, 0xFF, 0xEF, 0xC3, 0xFF,
    0xFF, 0x8F, 0xFF, 0xFE, 0x0F, 0x3E, 0x78, 0x38, 0x70, 0xE0, 0xE1, 0xC3, 0x83, 0x87, 0x0E, 0x0E,
    0x1C, 0x38, 0x38, 0x70, 0xE0, 0xE1, 0xC3, 0x8F, 0xE7, 0xCF, 0xBF, 0x9F, 0x3E, 0xFE, 0x7C, 0xF8,
    0x00, 0x00, 0x80, 0xFF, 0xE1, 0xFF, 0xE3, 0xFF, 0xC1, 0xE7, 0x83, 0x87, 0x07, 0x0E, 0x0E, 0x1C,
    0x1C, 0x38, 0x38, 0x70, 0x70, 0xE3, 0xF9, 0xF7, 0xF3, 0xEF, 0xE7, 0xC0, 0x02, 0x00, 0x1F, 0x87,
    0xFE, 0x7F, 0xEF, 0x9F, 0xF0, 0xFE, 0x07, 0xE0, 0x7E, 0x07, 0xF0, 0xFF, 0x9F, 0x7F, 0xE7, 0xFE,
    0x1F, 0x80, 0xFF, 0xE7, 0xFF, 0xBF, 0xFE, 0x79, 0xF3, 0xC7, 0x9C, 0x1C, 0xE0, 0xE7, 0x07, 0x38,
    0x79, 0xE7, 0xCF, 0xFC, 0x7F, 0xE3, 0xFE, 0x1C, 0x00, 0xE0, 0x07, 0x00, 0xFE, 0x07, 0xF0, 0x3F,
    0x80, 0x3F, 0xF3, 0xFF, 0xBF, 0xFD, 0xF3, 0xEF, 0x0F, 0x70, 0x3B, 0x81, 0xDC, 0x0E, 0xF0, 0x77,
    0xC7, 0x9F, 0xFC, 0xFF, 0xE3, 0xFF, 0x00, 0x38, 0x01, 0xC0, 0x0E, 0x03, 0xF8, 0x1F, 0xC0, 0xFE,
    0xFF, 0xDF, 0xFF, 0xFF, 0xDE, 0xF3, 0x9E, 0x71, 0x8E, 0x01, 0xC0, 0x38, 0x07, 0x03, 0xF8, 0x7F,
    0x0F, 0xE0, 0x3F, 0x8F, 0xF9, 0xFF, 0xB8, 0xF7, 0x9E, 0xFE, 0x0F, 0xF0, 0xFF, 0x73, 0xEE, 0x1D,
    0xFF, 0xBF, 0xF3, 0xFC, 0x08, 0x07, 0x00, 0xE0, 0x1C, 0x03, 0x81, 0xFE, 0x3F, 0xC7, 0xF8, 0x38,
    0x07, 0x00, 0xE0, 0x1C, 0x23, 0x9E, 0x73, 0xCF, 0x79, 0xFF, 0x3F, 0xC3, 0xF0, 0xF8, 0xF9, 0xF1,
    0xF3, 0xE3, 0xE1, 0xC1, 0xC3, 0x83, 0x87, 0x07, 0x0E, 0x0E, 0x1C, 0x1C, 0x38, 0x38, 0x78, 0xF0,
    0xFF, 0xF9, 0xFF, 0xF1, 0xFF, 0xE0, 0xFE, 0x7F, 0xFE, 0x7F, 0xFE, 0x7F, 0x3C, 0x3C, 0x3E, 0x7C,
    0x1E, 0x78, 0x1F, 0xF8, 0x0F, 0xF0, 0x0F, 0xF0, 0x07, 0xE0, 0x07, 0xE0, 0x03, 0xC0, 0x03, 0xC0,
    0xFE, 0x7C, 0xFF, 0xFC, 0xF9, 0xFF, 0xF9, 0xF3, 0xF9, 0xE3, 0xE3, 0xC3, 0xEF, 0xEF, 0x83, 0xDF,
    0xDE, 0x07, 0xBF, 0xBC, 0x07, 0xF7, 0xF0, 0x0F, 0xEF, 0xE0, 0x1F, 0xDF, 0xC0, 0x1F, 0x1F, 0x00,
    0x3E, 0x3E, 0x00, 0x3C, 0x78, 0x00, 0xF8, 0x7F, 0xF3, 0xFF, 0xDF, 0xCF, 0xF8, 0x1F, 0xE0, 0x3F,
    0x00, 0xF8, 0x03, 0xF0, 0x1F, 0xE0, 0xFF, 0x8F, 0xDF, 0xFF, 0x3F, 0xF8, 0x7C, 0xFC, 0x7F, 0xFC,
    0x7F, 0xFE, 0x7F, 0x1E, 0x3C, 0x1E, 0x3C, 0x0F, 0x7C, 0x0F, 0x78, 0x07, 0x78, 0x07, 0xF0, 0x07,
    0xF0, 0x03, 0xF0, 0x03, 0xE0, 0x03, 0xE0, 0x01, 0xE0, 0x33, 0xC0, 0x7F, 0xC0, 0x7F, 0x80, 0x3F,
    0x00, 0x3E, 0x00, 0xFF, 0xFF, 0xFF, 0xFF, 0xF3, 0xFE, 0x7D, 0xDF, 0x07, 0xC1, 0xF7, 0x7C, 0xFF,
    0x1F, 0xFF, 0xFF, 0xFF, 0xFE, 0x0F, 0x1F, 0x1C, 0x1C, 0x1C, 0x1C, 0x1C, 0x1C, 0x1C, 0x1C, 0x1C,
    0x7C, 0xF8, 0x7C, 0x1C, 0x1C, 0x1C, 0x1C, 0x1C, 0x1C, 0x1C, 0x1C, 0x1C, 0x1F, 0x0F, 0xFF, 0xFF,
    0xFF, 0xFF, 0xFF, 0xFF, 0xFF, 0xFF, 0xFF, 0xFF, 0x80, 0xF8, 0x3E, 0x0F, 0x03, 0x81, 0xC0, 0xE0,
    0x70, 0x78, 0x3C, 0x1E, 0x0F, 0x03, 0xE1, 0xF8, 0xF8, 0xF0, 0x78, 0x3C, 0x1E, 0x07, 0x03, 0x81,
    0xC0, 0xE0, 0xF0, 0xF8, 0xF8, 0x00, 0x00, 0x1F, 0x7F, 0xFF, 0xFF, 0x82, 0x00, 0x77, 0xFE, 0xE0,
    0x39, 0xCE, 0x73, 0x9C, 0xE7, 0x39, 0xCE, 0x73, 0x9C, 0xE0, 0x07, 0x00, 0x70, 0x3F, 0xC7, 0xFE,
    0xFF, 0xFF, 0xFF, 0xF7, 0xFE, 0x70, 0xE7, 0x0F, 0x74, 0xFF, 0xF7, 0xFF, 0x7F, 0xE3, 0xFC, 0x07,
    0x00, 0x70, 0x0F, 0x83, 0xF8, 0x7F, 0x8E, 0xE1, 0xDC, 0x38, 0x87, 0x03, 0xFC, 0x7F, 0x8F, 0xF0,
    0x70, 0x0E, 0x01, 0xC0, 0x38, 0x07, 0x00, 0xE0, 0x1C, 0x1F, 0xFF, 0xDF, 0xFF, 0xF7, 0xC0, 0xF8,
    0x0E, 0x00, 0x20, 0x27, 0x07, 0x7F, 0xF3, 0xFE, 0x3F, 0xC3, 0x8E, 0x38, 0xE3, 0x9E, 0x3F, 0xC7,
    0xFE, 0x7F, 0xF6, 0x06, 0x00, 0x00, 0xFF, 0x3F, 0xFF, 0xCF, 0xFF, 0xF3, 0xFC, 0xF0, 0x7C, 0x1E,
    0x1E, 0x07, 0x8F, 0x80, 0xF3, 0xC0, 0x3D, 0xF0, 0x07, 0xF8, 0x01, 0xFC, 0x03, 0xFF, 0xF0, 0xFF,
    0xFC, 0x3F, 0xFF, 0x0F, 0xFF, 0xC3, 0xFF, 0xF0, 0xFF, 0xFC, 0x01, 0xC0, 0x01, 0xFE, 0x00, 0x7F,
    0x80, 0x1F, 0xE0, 0xFF, 0xFF, 0xFF, 0x00, 0x0F, 0xFF, 0xFF, 0xF0, 0x7F, 0x7F, 0xFD, 0xFC, 0x7E,
    0x1F, 0xFB, 0xFF, 0xFF, 0xE3, 0xF1, 0xFF, 0xFF, 0xF7, 0xFF, 0x1F, 0x9F, 0xFF, 0x7F, 0x00, 0x4B,
    0xFF, 0xDE, 0x03, 0xFC, 0x00, 0xFF, 0xE0, 0x1F, 0xBF, 0x03, 0xC0, 0x78, 0x78, 0xF1, 0xC7, 0x3F,
    0xDC, 0xE3, 0xFC, 0xEE, 0x79, 0xCE, 0xE7, 0x3C, 0xEC, 0x71, 0x86, 0xC7, 0x00, 0x6E, 0x70, 0x46,
    0xE7, 0x8E, 0xEE, 0x7D, 0xEE, 0x73, 0xFD, 0xE7, 0x9F, 0x9C, 0x3C, 0x07, 0x81, 0xFF, 0xF0, 0x0F,
    0xFE, 0x00, 0x3F, 0xC0, 0x7C, 0x1F, 0x87, 0xE1, 0xF8, 0xFE, 0x3B, 0xCF, 0xFD, 0xFF, 0x7F, 0xC0,
    0x09, 0x8D, 0xCF, 0xEF, 0xFF, 0xF7, 0xF9, 0xFE, 0x7F, 0x1B, 0x84, 0xC0, 0xFF, 0xFF, 0xFF, 0xFF,
    0x80, 0x70, 0x0E, 0x01, 0xC0, 0xFF, 0xFF, 0xFF, 0x00, 0x70, 0x00, 0x1F, 0xF0, 0x03, 0xFF, 0xE0,
    0x3F, 0xFF, 0x83, 0xE0, 0x3E, 0x1F, 0xFE, 0xF1, 0xFF, 0xFB, 0xCE, 0x71, 0xCE, 0x73, 0x86, 0x77,
    0x9C, 0x73, 0xBC, 0xFF, 0x9F, 0xE7, 0xF8, 0xF7, 0x3B, 0x87, 0x39, 0xCF, 0xB9, 0xFF, 0x7F, 0xCF,
    0xF9, 0xFC, 0x3E, 0x03, 0xE0, 0xFF, 0xFE, 0x03, 0xFF, 0xE0, 0x0F, 0xFE, 0x00, 0x1F, 0xC0, 0x00,
    0xFF, 0xFF, 0xC0, 0x7B, 0xEF, 0xBE, 0x78, 0x38, 0x38, 0x38, 0xFF, 0xFF, 0xFF, 0x38, 0x38, 0x38,
    0x00, 0xFF, 0xFF, 0xFF, 0x7E, 0x7F, 0xB9, 0xDC, 0xFE, 0x70, 0x78, 0xF8, 0xF8, 0xFB, 0xF1, 0xFF,
    0xFF, 0xF0, 0x7F, 0x9F, 0xE0, 0xF8, 0x7C, 0x1F, 0x0F, 0xE1, 0xFC, 0x07, 0x61, 0xFC, 0xF7, 0xF8,
    0xFC, 0x39, 0xE7, 0x00, 0x38, 0xF8, 0x71, 0xF3, 0xE3, 0xE7, 0xC1, 0xCF, 0x83, 0x9F, 0x07, 0x3E,
    0x0E, 0x7C, 0x1C, 0xF8, 0x39, 0xF8, 0xF3, 0xFF, 0xFF, 0xFF, 0xFF, 0xFF, 0xFC, 0x00, 0x38, 0x00,
    0x70, 0x00, 0xE0, 0x01, 0xC0, 0x03, 0x80, 0x00, 0x1F, 0xFC, 0xFF, 0xF7, 0xFF, 0xDF, 0xFF, 0xFF,
    0xFF, 0xFF, 0xF7, 0xFF, 0xDF, 0xFF, 0x3F, 0xFC, 0x7F, 0xF0, 0x6F, 0xC0, 0x3F, 0x00, 0xFC, 0x03,
    0xF0, 0x0F, 0xC0, 0x3F, 0x00, 0xFC, 0x03, 0xF0, 0x0F, 0xC0, 0x3F, 0x00, 0xFC, 0x7F, 0xFE, 0xF0,
    0x79, 0xE7, 0x1C, 0xF7, 0x9C, 0xE7, 0x39, 0xCE, 0x73, 0xBF, 0xF0, 0x3C, 0x3F, 0xCF, 0xF3, 0x9C,
    0xE7, 0x3F, 0xCF, 0xF9, 0xFF, 0x7F, 0xC0, 0x98, 0x6E, 0x3F, 0x9F, 0xEF, 0xF7, 0xFB, 0xFD, 0xFC,
    0xDC, 0x4C, 0x00, 0xF0, 0x00, 0x78, 0x00, 0x3C, 0x00, 0x0E, 0x00, 0x07, 0x00, 0x03, 0x80, 0x01,
    0xC0, 0x00, 0xE0, 0x00, 0x70, 0xE0, 0x38, 0x73, 0x3E, 0x7B, 0xDF, 0x39, 0xEF, 0xBD, 0xF0, 0x1D,
    0xF8, 0x1F, 0xFC, 0x0E, 0xFE, 0x0F, 0xF7, 0x07, 0x7F, 0xC7, 0xBF, 0xE3, 0x81, 0xF1, 0xC0, 0xF8,
    0xC0, 0x7C, 0xF0, 0x00, 0x78, 0x00, 0x3C, 0x00, 0x0E, 0x00, 0x07, 0x00, 0x03, 0x80, 0x01, 0xC0,
    0x00, 0xE0, 0x00, 0x70, 0xE0, 0x38, 0x76, 0x3E, 0x7F, 0xDF, 0x3F, 0xFF, 0xBF, 0x38, 0x1F, 0x9C,
    0x1F, 0x0E, 0x0E, 0x1F, 0x0F, 0x3F, 0x07, 0x3F, 0x07, 0xBE, 0x63, 0x9F, 0xF1, 0xCF, 0xF8, 0xC7,
    0xFC, 0x7F, 0x80, 0x3F, 0xC0, 0x1F, 0xE0, 0x01, 0xF0, 0x01, 0xE0, 0x01, 0xF8, 0x00, 0xFE, 0x00,
    0x7F, 0x80, 0x03, 0xE0, 0x31, 0xF9, 0xBD, 0xF9, 0xCF, 0xFD, 0xE7, 0xFD, 0xF0, 0x5E, 0xF8, 0x1E,
    0xFC, 0x0E, 0xFE, 0x0F, 0xFF, 0x07, 0x7F, 0xC7, 0xBF, 0xE3, 0x81, 0xF1, 0xC0, 0xF8, 0xC0, 0x7C,
    0x03, 0x80, 0x3E, 0x01, 0xF0, 0x07, 0x00, 0x38, 0x01, 0xC0, 0x0E, 0x00, 0x70, 0x07, 0x80, 0xFC,
    0x0F, 0xC0, 0xFC, 0x07, 0x80, 0x78, 0x3B, 0xC1, 0xFE, 0x0F, 0xF8, 0x7B, 0xFF, 0xDF, 0xFC, 0x3F,
    0xC0, 0x00, 0xF0, 0x00, 0x03, 0x80, 0x01, 0xFE, 0x00, 0x0F, 0xF0, 0x00, 0x7F, 0x80, 0x00, 0xFE,
    0x00, 0x0F, 0xF0, 0x00, 0x7F, 0xC0, 0x03, 0xDE, 0x00, 0x3E, 0xF0, 0x01, 0xE3, 0xC0, 0x0F, 0x1E,
    0x00, 0xF0, 0x78, 0x07, 0x83, 0xC0, 0x7F, 0xFE, 0x03, 0xFF, 0xF8, 0x1F, 0xFF, 0xC1, 0xE0, 0x0F,
    0x0F, 0x00, 0x79, 0xFC, 0x07, 0xFF, 0xE0, 0x3F, 0xFF, 0x01, 0xFC, 0x00, 0x78, 0x00, 0x07, 0x80,
    0x01, 0xFE, 0x00, 0x0F, 0xF0, 0x00, 0x7F, 0xC0, 0x00, 0xFE, 0x00, 0x0F, 0xF0, 0x00, 0x7F, 0xC0,
    0x03, 0xDE, 0x00, 0x3E, 0xF8, 0x01, 0xE3, 0xC0, 0x0F, 0x1E, 0x00, 0xF0, 0x78, 0x07, 0x83, 0xC0,
    0x7F, 0xFE, 0x03, 0xFF, 0xF8, 0x1F, 0xFF, 0xC1, 0xE0, 0x0F, 0x0F, 0x00, 0x79, 0xFC, 0x07, 0xFF,
    0xE0, 0x3F, 0xFF, 0x01, 0xFC, 0x00, 0xF0, 0x00, 0x0F, 0xC0, 0x01, 0xFF, 0x00, 0x0F, 0xF0, 0x00,
    0x7F, 0xC0, 0x00, 0xFE, 0x00, 0x0F, 0xF0, 0x00, 0x7F, 0xC0, 0x03, 0xDE, 0x00, 0x3E, 0xF8, 0x01,
    0xE3, 0xC0, 0x0F, 0x1E, 0x00, 0xF0, 0x78, 0x07, 0x83, 0xC0, 0x7F, 0xFE, 0x03, 0xFF, 0xF8, 0x1F,
    0xFF, 0xC1, 0xE0, 0x0F, 0x0F, 0x00, 0x79, 0xFC, 0x07, 0xFF, 0xE0, 0x3F, 0xFF, 0x01, 0xFC, 0x01,
    0xEE, 0x00, 0x1F, 0xF0, 0x01, 0xFF, 0x00, 0x0F, 0xF0, 0x00, 0x7F, 0xC0, 0x00, 0xFE, 0x00, 0x0F,
    0xF0, 0x00, 0x7F, 0xC0, 0x03, 0xDE, 0x00, 0x3E, 0xF8, 0x01, 0xE3, 0xC0, 0x0F, 0x1E, 0x00, 0xF0,
    0x78, 0x07, 0x83, 0xC0, 0x7F, 0xFE, 0x03, 0xFF, 0xF8, 0x1F, 0xFF, 0xC1, 0xE0, 0x0F, 0x0F, 0x00,
    0x79, 0xFC, 0x07, 0xFF, 0xE0, 0x3F, 0xFF, 0x01, 0xFC, 0x00, 0xF8, 0x00, 0x0F, 0xE0, 0x01, 0xFE,
    0x00, 0x0F, 0xF0, 0x00, 0x7F, 0x80, 0x00, 0xFE, 0x00, 0x0F, 0xF0, 0x00, 0x7F, 0xC0, 0x03, 0xDE,
    0x00, 0x3E, 0xF0, 0x01, 0xE3, 0xC0, 0x0F, 0x1E, 0x00, 0xF0, 0x78, 0x07, 0x83, 0xC0, 0x7F, 0xFE,
    0x03, 0xFF, 0xF8, 0x1F, 0xFF, 0xC1, 0xE0, 0x0F, 0x0F, 0x00, 0x79, 0xFC, 0x07, 0xFF, 0xE0, 0x3F,
    0xFF, 0x01, 0xFC, 0x00, 0x70, 0x00, 0x07, 0xC0, 0x00, 0x3E, 0x00, 0x01, 0xF0, 0x00, 0x7F, 0x80,
    0x03, 0xFC, 0x00, 0x1F, 0xE0, 0x00, 0x3F, 0x80, 0x03, 0xFC, 0x00, 0x1F, 0xF0, 0x00, 0xF7, 0x80,
    0x0F, 0xBC, 0x00, 0x78, 0xF0, 0x03, 0xC7, 0x80, 0x3C, 0x1E, 0x01, 0xE0, 0xF0, 0x1F, 0xFF, 0x80,
    0xFF, 0xFE, 0x07, 0xFF, 0xF0, 0x78, 0x03, 0xC3, 0xC0, 0x1E, 0x7F, 0x01, 0xFF, 0xF8, 0x0F, 0xFF,
    0xC0, 0x7F, 0x07, 0xF3, 0xFF, 0xFE, 0x0F, 0xE7, 0xFF, 0xFC, 0x1F, 0xEF, 0xFF, 0xF8, 0x0F, 0xC3,
    0x80, 0x70, 0x3F, 0xC7, 0x00, 0xE0, 0x7F, 0x8E, 0x01, 0xC0, 0xFF, 0x1C, 0x00, 0x03, 0xCF, 0x38,
    0x00, 0x07, 0x9E, 0x70, 0x00, 0x0F, 0x3E, 0xFF, 0xF8, 0x3C, 0x3D, 0xFF, 0xF0, 0x78, 0x7B, 0xFF,
    0xE1, 0xFF, 0xFF, 0x00, 0x03, 0xFF, 0xFE, 0x00, 0x07, 0xFF, 0xFC, 0x03, 0x9E, 0x01, 0xF8, 0x07,
    0x3C, 0x03, 0xF0, 0x0F, 0xFC, 0x0F, 0xFF, 0xFF, 0xF8, 0x1F, 0xFF, 0xFF, 0xF0, 0x3F, 0xFF, 0xF0,
    0x07, 0xF8, 0x0F, 0xFF, 0x0F, 0xFF, 0xCF, 0xC3, 0xE7, 0x80, 0x77, 0xC0, 0x3B, 0xC0, 0x3D, 0xE0,
    0x06, 0xE0, 0x00, 0x70, 0x00, 0x38, 0x00, 0x1C, 0x00, 0x0F, 0x00, 0x07, 0x80, 0x03, 0xE0, 0x0E,
    0xF8, 0x0F, 0x3F, 0x0F, 0x9F, 0xFF, 0x83, 0xFF, 0x80, 0xFF, 0x80, 0x3C, 0x00, 0x1E, 0x00, 0x0E,
    0x00, 0x03, 0x80, 0x01, 0xC0, 0xFF, 0xFF, 0xFF, 0xFF, 0xFF, 0xFF, 0x1C, 0x07, 0x1C, 0x07, 0x1C,
    0x07, 0x1C, 0x00, 0x1C, 0x00, 0x1C, 0x00, 0x1F, 0xFE, 0x1F, 0xFE, 0x1F, 0xFE, 0x1C, 0x00, 0x1C,
    0x00, 0x1C, 0x00, 0x1C, 0x07, 0x1C, 0x07, 0xFF, 0xFF, 0xFF, 0xFF, 0xFF, 0xFF, 0x01, 0xC0, 0x01,
    0xC0, 0xFF, 0xFF, 0xFF, 0xFF, 0xFF, 0xFF, 0x1C, 0x07, 0x1C, 0x07, 0x1C, 0x07, 0x1C, 0x00, 0x1C,
    0x00, 0x1C, 0x00, 0x1F, 0xFE, 0x1F, 0xFE, 0x1F, 0xFE, 0x1C, 0x00, 0x1C, 0x00, 0x1C, 0x00, 0x1C,
    0x07, 0x1C, 0x07, 0xFF, 0xFF, 0xFF, 0xFF, 0xFF, 0xFF, 0x01, 0xC0, 0x03, 0xE0, 0xFF, 0xFF, 0xFF,
    0xFF, 0xFF, 0xFF, 0x1C, 0x07, 0x1C, 0x07, 0x1C, 0x07, 0x1C, 0x00, 0x1C, 0x00, 0x1C, 0x00, 0x1F,
    0xFE, 0x1F, 0xFE, 0x1F, 0xFE, 0x1C, 0x00, 0x1C, 0x00, 0x1C, 0x00, 0x1C, 0x07, 0x1C, 0x07, 0xFF,
    0xFF, 0xFF, 0xFF, 0xFF, 0xFF, 0x03, 0xE0, 0x07, 0xE0, 0xFF, 0xFF, 0xFF, 0xFF, 0xFF, 0xFF, 0x1C,
    0x07, 0x1C, 0x07, 0x1C, 0x07, 0x1C, 0x00, 0x1C, 0x00, 0x1C, 0x00, 0x1F, 0xFE, 0x1F, 0xFE, 0x1F,
    0xFE, 0x1C, 0x00, 0x1C, 0x00, 0x1C, 0x00, 0x1C, 0x07, 0x1C, 0x07, 0xFF, 0xFF, 0xFF, 0xFF, 0xFF,
    0xFF, 0x78, 0x38, 0xFF, 0xFF, 0xFF, 0x38, 0x38, 0x38, 0x38, 0x38, 0x38, 0x38, 0x38, 0x38, 0x38,
    0x38, 0x38, 0x38, 0x38, 0xFF, 0xFF, 0xFF, 0x3C, 0x38, 0xFF, 0xFF, 0xFF, 0x38, 0x38, 0x38, 0x38,
    0x38, 0x38, 0x38, 0x38, 0x38, 0x38, 0x38, 0x38, 0x38, 0x38, 0xFF, 0xFF, 0xFF, 0x38, 0x7C, 0xFF,
    0xFF, 0xFF, 0x38, 0x38, 0x38, 0x38, 0x38, 0x38, 0x38, 0x38, 0x38, 0x38, 0x38, 0x38, 0x38, 0x38,
    0xFF, 0xFF, 0xFF, 0x7C, 0x7E, 0xFF, 0xFF, 0xFF, 0x38, 0x38, 0x38, 0x38, 0x38, 0x38, 0x38, 0x38,
    0x38, 0x38, 0x38, 0x38, 0x38, 0x38, 0xFF, 0xFF, 0xFF, 0xFF, 0xFE, 0x0F, 0xFF, 0xF8, 0xFF, 0xFF,
    0xC1, 0xC0, 0xFC, 0x1C, 0x03, 0xE1, 0xC0, 0x1E, 0x1C, 0x00, 0xF1, 0xC0, 0x0F, 0x1C, 0x00, 0xFF,
    0xC0, 0x07, 0xFC, 0x00, 0x7F, 0xC0, 0x07, 0x1C, 0x00, 0xF1, 0xC0, 0x0F, 0x1C, 0x00, 0xF1, 0xC0,
    0x1E, 0x1C, 0x0F, 0xEF, 0xFF, 0xFC, 0xFF, 0xFF, 0x8F, 0xFF, 0xE0, 0x01, 0xFC, 0x00, 0x3F, 0xC0,
    0xFF, 0xBF, 0xFF, 0xC0, 0xFF, 0xFE, 0x0F, 0xF3, 0xF0, 0x1C, 0x3F, 0x01, 0xC3, 0xF8, 0x1C, 0x3F,
    0xC1, 0xC3, 0xBE, 0x1C, 0x39, 0xE1, 0xC3, 0x9F, 0x1C, 0x38, 0xF9, 0xC3, 0x87, 0x9C, 0x38, 0x7D,
    0xC3, 0x83, 0xFC, 0x38, 0x1F, 0xC3, 0x80, 0xFC, 0x38, 0x0F, 0xCF, 0xF0, 0x7C, 0xFF, 0x03, 0xCF,
    0xF0, 0x3C, 0x01, 0xE0, 0x00, 0x1C, 0x00, 0x1F, 0xE0, 0x0F, 0xFF, 0x03, 0xFF, 0xF0, 0xFE, 0x3F,
    0x1F, 0x01, 0xF7, 0xC0, 0x1F, 0xF0, 0x01, 0xFE, 0x00, 0x3F, 0x80, 0x03, 0xF0, 0x00, 0x7E, 0x00,
    0x0F, 0xC0, 0x01, 0xFC, 0x00, 0x7F, 0x80, 0x0F, 0xF8, 0x03, 0xEF, 0x80, 0xF9, 0xFC, 0x7F, 0x1F,
    0xFF, 0xC1, 0xFF, 0xF0, 0x0F, 0xF8, 0x00, 0x00, 0xF0, 0x00, 0x1C, 0x00, 0x0F, 0xE0, 0x07, 0xFF,
    0x03, 0xFF, 0xF0, 0x7E, 0x3F, 0x1F, 0x01, 0xF7, 0xC0, 0x1F, 0xF0, 0x01, 0xFE, 0x00, 0x3F, 0x80,
    0x03, 0xF0, 0x00, 0x7E, 0x00, 0x0F, 0xC0, 0x01, 0xFC, 0x00, 0x7F, 0x80, 0x0F, 0xF8, 0x03, 0xEF,
    0x80, 0xF9, 0xFC, 0x7F, 0x1F, 0xFF, 0xC1, 0xFF, 0xF0, 0x0F, 0xF8, 0x00, 0x00, 0xE0, 0x00, 0x3E,
    0x00, 0x0F, 0xE0, 0x07, 0xFF, 0x03, 0xFF, 0xF0, 0x7E, 0x3F, 0x1F, 0x01, 0xF7, 0xC0, 0x1F, 0xF0,
    0x01, 0xFE, 0x00, 0x3F, 0x80, 0x03, 0xF0, 0x00, 0x7E, 0x00, 0x0F, 0xC0, 0x01, 0xFC, 0x00, 0x7F,
    0x80, 0x0F, 0xF8, 0x03, 0xEF, 0x80, 0xF9, 0xFC, 0x7F, 0x1F, 0xFF, 0xC1, 0xFF, 0xF0, 0x0F, 0xF8,
    0x00, 0x03, 0xFC, 0x00, 0x7F, 0x00, 0x1F, 0xF0, 0x07, 0xFF, 0x81, 0xFF, 0xF8, 0x7C, 0x3F, 0x1F,
    0x01, 0xF7, 0xC0, 0x1F, 0xF0, 0x01, 0xFE, 0x00, 0x3F, 0x80, 0x03, 0xF0, 0x00, 0x7E, 0x00, 0x0F,
    0xC0, 0x01, 0xFC, 0x00, 0x7F, 0x80, 0x0F, 0xF8, 0x03, 0xEF, 0x80, 0xF9, 0xFC, 0x7E, 0x1F, 0xFF,
    0xC1, 0xFF, 0xF0, 0x0F, 0xF8, 0x00, 0x00, 0x00, 0x00, 0x3E, 0x00, 0x0F, 0xE0, 0x07, 0xFF, 0x01,
    0xFF, 0xF0, 0x7F, 0xFF, 0x1F, 0x01, 0xF3, 0xC0, 0x1E, 0xF0, 0x01, 0xFE, 0x00, 0x3F, 0x80, 0x07,
    0xF0, 0x00, 0x7E, 0x00, 0x0F, 0xC0, 0x01, 0xFC, 0x00, 0x7F, 0x80, 0x0F, 0xF8, 0x03, 0xEF, 0x80,
    0xF9, 0xF8, 0x7F, 0x1F, 0xFF, 0xC1, 0xFF, 0xF0, 0x0F, 0xF8, 0x00, 0x22, 0x3B, 0xBF, 0xEF, 0xE3,
    0xE3, 0xFB, 0xFE, 0xEE, 0x22, 0x00, 0x00, 0x00, 0x00, 0x00, 0x38, 0x1F, 0xF7, 0x8F, 0xFF, 0xF3,
    0xFF, 0xFC, 0xFE, 0x3F, 0x9F, 0x07, 0xF7, 0xC1, 0xFF, 0xF0, 0x3F, 0xFE, 0x0F, 0xBF, 0x83, 0xE3,
    0xF0, 0xF8, 0x7E, 0x3E, 0x0F, 0xC7, 0xC1, 0xFD, 0xF0, 0x7F, 0xFC, 0x0F, 0xFF, 0x03, 0xEF, 0xC0,
    0xF9, 0xFC, 0x7F, 0x3F, 0xFF, 0xCF, 0xFF, 0xF1, 0xEF, 0xF8, 0x18, 0x00, 0x00, 0x00, 0x00, 0x00,
    0xF0, 0x00, 0x03, 0x80, 0x3F, 0xDF, 0xFF, 0xFE, 0x0F, 0xFF, 0xF0, 0x7F, 0x9C, 0x00, 0xE0, 0xE0,
    0x07, 0x07, 0x00, 0x38, 0x38, 0x01, 0xC1, 0xC0, 0x0E, 0x0E, 0x00, 0x70, 0x70, 0x03, 0x83, 0x80,
    0x1C, 0x1C, 0x00, 0xE0, 0xE0, 0x07, 0x07, 0x80, 0x78, 0x3C, 0x03, 0xC1, 0xF0, 0x3E, 0x07, 0xFF,
    0xE0, 0x1F, 0xFF, 0x00, 0x7F, 0xF0, 0x01, 0xFE, 0x00, 0x00, 0x78, 0x00, 0x03, 0x80, 0x3F, 0xFD,
    0xFF, 0xFE, 0x0F, 0xFF, 0xF0, 0x7F, 0x9C, 0x00, 0xE0, 0xE0, 0x07, 0x07, 0x00, 0x38, 0x38, 0x01,
    0xC1, 0xC0, 0x0E, 0x0E, 0x00, 0x70, 0x70, 0x03, 0x83, 0x80, 0x1C, 0x1C, 0x00, 0xE0, 0xE0, 0x07,
    0x07, 0x80, 0x78, 0x3C, 0x03, 0xC1, 0xF0, 0x3E, 0x07, 0xFF, 0xE0, 0x1F, 0xFF, 0x00, 0x7F, 0xF0,
    0x01, 0xFE, 0x00, 0x00, 0x70, 0x00, 0x07, 0xC0, 0x3F, 0xF7, 0xFF, 0xFE, 0x0F, 0xFF, 0xF0, 0x7F,
    0x9C, 0x00, 0xE0, 0xE0, 0x07, 0x07, 0x00, 0x38, 0x38, 0x01, 0xC1, 0xC0, 0x0E, 0x0E, 0x00, 0x70,
    0x70, 0x03, 0x83, 0x80, 0x1C, 0x1C, 0x00, 0xE0, 0xE0, 0x07, 0x07, 0x80, 0x78, 0x3C, 0x03, 0xC1,
    0xF0, 0x3E, 0x07, 0xFF, 0xE0, 0x1F, 0xFF, 0x00, 0x7F, 0xF0, 0x01, 0xFE, 0x00, 0x00, 0xF8, 0x00,
    0x07, 0xC0, 0x3F, 0xFF, 0xFF, 0xFE, 0x0F, 0xFF, 0xF0, 0x7F, 0x9C, 0x00, 0xE0, 0xE0, 0x07, 0x07,
    0x00, 0x38, 0x38, 0x01, 0xC1, 0xC0, 0x0E, 0x0E, 0x00, 0x70, 0x70, 0x03, 0x83, 0x80, 0x1C, 0x1C,
    0x00, 0xE0, 0xE0, 0x07, 0x07, 0x80, 0x78, 0x3C, 0x03, 0xC1, 0xF0, 0x3E, 0x07, 0xFF, 0xE0, 0x1F,
    0xFF, 0x00, 0x7F, 0xF0, 0x01, 0xFE, 0x00, 0x00, 0xE0, 0x00, 0x70, 0x0F, 0xFF, 0xFF, 0xFC, 0xFF,
    0xFF, 0x3F, 0xCF, 0x07, 0xC1, 0xE1, 0xE0, 0x7C, 0xF0, 0x0F, 0x3C, 0x03, 0xFE, 0x00, 0x7F, 0x80,
    0x1F, 0xC0, 0x03, 0xE0, 0x00, 0xF8, 0x00, 0x1C, 0x00, 0x07, 0x00, 0x01, 0xC0, 0x00, 0x70, 0x00,
    0x1C, 0x00, 0x1F, 0xE0, 0x07, 0xF8, 0x01, 0xFE, 0x00, 0xE0, 0x07, 0x00, 0x38, 0x01, 0xC0, 0x0F,
    0xFC, 0x7F, 0xF3, 0xFF, 0xDE, 0x0E, 0xF0, 0x77, 0x81, 0xFC, 0x0F, 0xE0, 0xEF, 0x07, 0x78, 0xFB,
    0xFF, 0x9F, 0xF8, 0xE0, 0x07, 0x00, 0x38, 0x01, 0xC0, 0x00, 0xFE, 0x1F, 0xF3, 0xFE, 0x7F, 0xCF,
    0xBD, 0xFF, 0x3F, 0xE7, 0xF8, 0xFF, 0xDF, 0xFB, 0xFF, 0xF8, 0xFF, 0x1F, 0xFF, 0xFF, 0xF7, 0xFE,
    0xFF, 0x9D, 0xC0, 0x0E, 0x00, 0x70, 0x03, 0xC0, 0x7E, 0x07, 0xF8, 0x3F, 0xE1, 0xCF, 0x0F, 0xF8,
    0x7F, 0xC7, 0xFE, 0x3E, 0x71, 0xC3, 0x8E, 0x3F, 0x7F, 0xFB, 0xFF, 0xCF, 0xFE, 0x07, 0x00, 0x38,
    0x03, 0x80, 0x7E, 0x07, 0xF8, 0x3F, 0xE1, 0xCF, 0x0F, 0xF8, 0x7F, 0xC7, 0xFE, 0x3E, 0x71, 0xC3,
    0x8E, 0x3F, 0x7F, 0xFB, 0xFF, 0xCF, 0xFE, 0x0E, 0x00, 0x78, 0x07, 0xE0, 0x7F, 0x07, 0xF8, 0x3F,
    0xE1, 0xCF, 0x0F, 0xF8, 0x7F, 0xC7, 0xFE, 0x3E, 0x71, 0xC3, 0x8E, 0x3F, 0x7F, 0xFB, 0xFF, 0xCF,
    0xFE, 0x1F, 0xC1, 0xFE, 0x0F, 0xF0, 0x7F, 0x07, 0xFC, 0x3F, 0xE1, 0xCF, 0x0F, 0xF8, 0x7F, 0xC7,
    0xFE, 0x3E, 0x71, 0xC3, 0x8E, 0x3F, 0x7F, 0xFB, 0xFF, 0xCF, 0xDE, 0x1F, 0x00, 0xFC, 0x0F, 0xE0,
    0xFF, 0x07, 0xFC, 0x39, 0xE1, 0xFF, 0x0F, 0xF8, 0xFF, 0xC7, 0xCE, 0x38, 0x71, 0xC7, 0xEF, 0xFF,
    0x7F, 0xF9, 0xFF, 0xC0, 0x0E, 0x00, 0x78, 0x07, 0xC0, 0x1E, 0x03, 0xF0, 0x3F, 0xC1, 0xFF, 0x0E,
    0x78, 0x7F, 0xC3, 0xFE, 0x3F, 0xF1, 0xF3, 0x8E, 0x1C, 0x71, 0xFB, 0xFF, 0xDF, 0xFE, 0x7F, 0xF0,
    0x3F, 0x07, 0xE3, 0xFC, 0xFF, 0x9F, 0xF7, 0xFC, 0xE7, 0xF8, 0xE7, 0x1F, 0xC7, 0xBF, 0xFF, 0xFD,
    0xFF, 0xFF, 0xFF, 0xFF, 0xFF, 0xE1, 0xFC, 0x27, 0x3F, 0xF3, 0xFF, 0xFF, 0xFF, 0xFF, 0xFF, 0xE7,
    0xFF, 0xFE, 0x00, 0x3F, 0x87, 0xFE, 0x7F, 0xEF, 0x9E, 0xF0, 0xEE, 0x02, 0xE0, 0x0E, 0x00, 0xF0,
    0xEF, 0xFF, 0x7F, 0xE3, 0xFC, 0x1F, 0x80, 0xE0, 0x1E, 0x01, 0xC0, 0x1C, 0x00, 0xE0, 0x0E, 0x01,
    0xF8, 0x7F, 0xC7, 0xFE, 0xF9, 0xEF, 0x1E, 0xFF, 0xEF, 0xFE, 0xFF, 0xEF, 0x04, 0xF9, 0xE7, 0xFE,
    0x7F, 0xE1, 0xF8, 0x07, 0x00, 0xF0, 0x0E, 0x01, 0xF8, 0x7F, 0xC7, 0xFE, 0xF9, 0xEF, 0x1E, 0xFF,
    0xEF, 0xFE, 0xFF, 0xEF, 0x04, 0xF9, 0xE7, 0xFE, 0x7F, 0xE1, 0xF8, 0x0E, 0x01, 0xF0, 0x1F, 0x83,
    0xF8, 0x7F, 0xC7, 0xFE, 0xF9, 0xEF, 0x1E, 0xFF, 0xEF, 0xFE, 0xFF, 0xEF, 0x04, 0xF9, 0xE7, 0xFE,
    0x7F, 0xE1, 0xF8, 0x1F, 0x01, 0xF8, 0x1F, 0x87, 0xFC, 0x7F, 0xEF, 0x9E, 0xF1, 0xEF, 0xFE, 0xFF,
    0xEF, 0xFE, 0xF0, 0x4F, 0x9E, 0x7F, 0xE7, 0xFE, 0x1F, 0x80, 0x78, 0x38, 0x38, 0xFC, 0xF8, 0xF8,
    0xB8, 0x38, 0x38, 0x38, 0x38, 0x38, 0x3E, 0x3E, 0x3E, 0x1E, 0x1C, 0x3C, 0x38, 0xF8, 0xF8, 0xF8,
    0xB8, 0x38, 0x38, 0x38, 0x38, 0x38, 0x3E, 0x3E, 0x3E, 0x1E, 0x38, 0x7C, 0x7C, 0xFE, 0xF8, 0xF8,
    0xB8, 0x38, 0x38, 0x38, 0x38, 0x38, 0x3E, 0x3E, 0x3E, 0x1E, 0x7C, 0x7C, 0xFC, 0xF8, 0xF8, 0xB8,
    0x38, 0x38, 0x38, 0x38, 0x38, 0x3E, 0x3E, 0x3E, 0x1E, 0x03, 0xE0, 0x07, 0xC0, 0x0F, 0xF8, 0x07,
    0xF0, 0x0F, 0xE0, 0x1C, 0x00, 0x38, 0x00, 0x70, 0x00, 0xE0, 0x3F, 0xC1, 0xFF, 0x83, 0xFF, 0x0F,
    0x9E, 0x1E, 0x1C, 0x38, 0x38, 0x70, 0x70, 0xE0, 0xE1, 0xE3, 0xC3, 0xE7, 0xA3, 0xFF, 0xC7, 0xFF,
    0x87, 0xFF, 0x00, 0x00, 0x00, 0x06, 0xE0, 0x1F, 0xC0, 0x7F, 0x07, 0xFE, 0x0F, 0xFE, 0x1F, 0xFE,
    0x3F, 0xBC, 0x1E, 0x38, 0x38, 0x70, 0x70, 0xE0, 0xE1, 0xC1, 0xC3, 0x83, 0x87, 0x1F, 0xCF, 0xBF,
    0x9F, 0x7F, 0x3E, 0x00, 0x10, 0x0E, 0x00, 0xE0, 0x07, 0x03, 0xFC, 0x7F, 0xE7, 0xFE, 0xF9, 0xFF,
    0x0F, 0xE0, 0x7E, 0x07, 0xE0, 0x7F, 0x0F, 0xF9, 0xF7, 0xFE, 0x7F, 0xE1, 0xF8, 0x07, 0x00, 0x70,
    0x0E, 0x03, 0xFC, 0x7F, 0xE7, 0xFE, 0xF9, 0xFF, 0x0F, 0xE0, 0x7E, 0x07, 0xE0, 0x7F, 0x0F, 0xF9,
    0xF7, 0xFE, 0x7F, 0xE1, 0xF8, 0x06, 0x00, 0xF0, 0x1F, 0x81, 0xF8, 0x7F, 0xE7, 0xFE, 0xF9, 0xFF,
    0x0F, 0xE0, 0x7E, 0x07, 0xE0, 0x7F, 0x0F, 0xF9, 0xF7, 0xFE, 0x7F, 0xE1, 0xF8, 0x1D, 0xC1, 0xFC,
    0x3F, 0xC3, 0xF8, 0x3F, 0xC7, 0xFE, 0xF9, 0xFF, 0x0F, 0xE0, 0x7E, 0x07, 0xE0, 0x7F, 0x0F, 0xF9,
    0xF7, 0xFE, 0x7F, 0xE1, 0xF8, 0x1F, 0x81, 0xF8, 0x1F, 0x87, 0xFE, 0x7F, 0xEF, 0x9F, 0xF0, 0xFE,
    0x07, 0xE0, 0x7E, 0x07, 0xF0, 0xFF, 0x9F, 0x7F, 0xE7, 0xFE, 0x1F, 0x80, 0x18, 0x3C, 0x3C, 0xFF,
    0xFF, 0xFF, 0x3C, 0x3C, 0x18, 0x00, 0x10, 0x00, 0xE0, 0xFF, 0xCF, 0xFE, 0x3F, 0xF1, 0xF7, 0xE7,
    0xBF, 0x9D, 0xFE, 0x77, 0xB9, 0xFC, 0xE7, 0xE7, 0x9F, 0xBE, 0x7F, 0xF3, 0xFF, 0xCF, 0xFC, 0x18,
    0x00, 0x00, 0x00, 0x07, 0x80, 0x07, 0x83, 0xEF, 0xE7, 0xC7, 0xCF, 0x8F, 0x87, 0x07, 0x0E, 0x0E,
    0x1C, 0x1C, 0x38, 0x38, 0x70, 0x70, 0xE0, 0xE1, 0xE3, 0xC3, 0xFF, 0xE7, 0xFF, 0xC7, 0xFF, 0x80,
    0x03, 0xC0, 0x07, 0x03, 0xFF, 0xE7, 0xC7, 0xCF, 0x8F, 0x87, 0x07, 0x0E, 0x0E, 0x1C, 0x1C, 0x38,
    0x38, 0x70, 0x70, 0xE0, 0xE1, 0xE3, 0xC3, 0xFF, 0xE7, 0xFF, 0xC7, 0xFF, 0x80, 0x03, 0x80, 0x0F,
    0x80, 0x3F, 0x87, 0xF7, 0xCF, 0x8F, 0x9F, 0x1F, 0x0E, 0x0E, 0x1C, 0x1C, 0x38, 0x38, 0x70, 0x70,
    0xE0, 0xE1, 0xC1, 0xC3, 0xC7, 0x87, 0xFF, 0xCF, 0xFF, 0x8F, 0xFF, 0x00, 0x00, 0x0F, 0x80, 0x3F,
    0x87, 0xFF, 0xCF, 0x8F, 0x9F, 0x1F, 0x0E, 0x0E, 0x1C, 0x1C, 0x38, 0x38, 0x70, 0x70, 0xE0, 0xE1,
    0xC1, 0xC3, 0xC7, 0x87, 0xFF, 0xCF, 0xFF, 0x8F, 0xFF, 0x01, 0xC0, 0x03, 0xC0, 0xFF, 0xFF, 0xFC,
    0x7F, 0xFE, 0x7F, 0x1E, 0x3C, 0x1E, 0x3C, 0x0F, 0x7C, 0x0F, 0x78, 0x07, 0x78, 0x07, 0xF0, 0x07,
    0xF0, 0x03, 0xF0, 0x03, 0xE0, 0x03, 0xE0, 0x01, 0xE0, 0x33, 0xC0, 0x7F, 0xC0, 0x7F, 0x80, 0x3F,
    0x00, 0x3E, 0x00, 0xF8, 0x07, 0xC0, 0x3E, 0x01, 0xF0, 0x03, 0x80, 0x1C, 0x00, 0xE0, 0x07, 0x00,
    0x38, 0x01, 0xFE, 0x0F, 0xFC, 0x7F, 0xE3, 0xCF, 0x9C, 0x3C, 0xE0, 0xE7, 0x07, 0x38, 0x39, 0xE3,
    0xCF, 0x3E, 0x7F, 0xF3, 0xFF, 0x7F, 0xF3, 0x80, 0x1C, 0x00, 0xE0, 0x07, 0x00, 0x38, 0x01, 0xC0,
    0x00, 0x00, 0x00, 0x07, 0xE0, 0x07, 0xE0, 0xFF, 0xFF, 0xFC, 0x7F, 0xFE, 0x7F, 0x1E, 0x3C, 0x1E,
    0x3C, 0x0F, 0x7C, 0x0F, 0x78, 0x07, 0x78, 0x07, 0xF0, 0x07, 0xF0, 0x03, 0xF0, 0x03, 0xE0, 0x03,
    0xE0, 0x01, 0xE0, 0x33, 0xC0, 0x7F, 0xC0, 0x7F, 0x80, 0x3F, 0x00, 0x3E, 0x00, 0x01, 0xF8, 0x00,
    0x0F, 0xC0, 0x01, 0xFE, 0x00, 0x0F, 0xE0, 0x00, 0x7F, 0x80, 0x00, 0xFC, 0x00, 0x0F, 0xF0, 0x00,
    0x7F, 0x80, 0x03, 0xFE, 0x00, 0x3C, 0xF0, 0x01, 0xE7, 0xC0, 0x1F, 0x3E, 0x00, 0xF0, 0xF0, 0x07,
    0x87, 0xC0, 0x7F, 0xFE, 0x03, 0xFF, 0xF8, 0x1F, 0xFF, 0xC1, 0xE0, 0x0F, 0x0F, 0x00, 0x79, 0xFC,
    0x07, 0xFF, 0xE0, 0x3F, 0xFF, 0x01, 0xFC, 0x1F, 0x80, 0xFC, 0x0F, 0xE0, 0xFF, 0x07, 0xFC, 0x38,
    0xE1, 0xFF, 0x0F, 0xF8, 0xFF, 0xC7, 0xCE, 0x38, 0x71, 0xC7, 0xEF, 0xFF, 0x7F, 0xF9, 0xFB, 0xC0,
    0x03, 0x8E, 0x00, 0x0F, 0xE0, 0x01, 0xFF, 0x00, 0x0F, 0xF0, 0x00, 0x7F, 0xC0, 0x00, 0xFE, 0x00,
    0x0F, 0xF0, 0x00, 0x7F, 0xC0, 0x03, 0xDE, 0x00, 0x3E, 0xF8, 0x01, 0xE3, 0xC0, 0x0F, 0x1E, 0x00,
    0xF0, 0x78, 0x07, 0x83, 0xC0, 0x7F, 0xFE, 0x03, 0xFF, 0xF8, 0x1F, 0xFF, 0xC1, 0xE0, 0x0F, 0x0F,
    0x00, 0x79, 0xFC, 0x07, 0xFF, 0xE0, 0x3F, 0xFF, 0x01, 0xFC, 0x39, 0xC1, 0xFC, 0x07, 0xE0, 0x7E,
    0x07, 0xF8, 0x3F, 0xE1, 0xCF, 0x0F, 0xF8, 0x7F, 0xC7, 0xFE, 0x3E, 0x71, 0xC3, 0x8E, 0x3F, 0x7F,
    0xFB, 0xFF, 0xCF, 0xFE, 0x07, 0xF8, 0x00, 0x1F, 0xE0, 0x00, 0x7F, 0xC0, 0x00, 0x7F, 0x00, 0x03,
    0xFC, 0x00, 0x0F, 0xF8, 0x00, 0x3D, 0xE0, 0x01, 0xF7, 0xC0, 0x07, 0x8F, 0x00, 0x1E, 0x3C, 0x00,
    0xF0, 0x78, 0x03, 0xC1, 0xE0, 0x1F, 0xFF, 0x80, 0x7F, 0xFF, 0x01, 0xFF, 0xFC, 0x0F, 0x00, 0x78,
    0x3C, 0x01, 0xE3, 0xF8, 0x0F, 0xEF, 0xE0, 0x3F, 0xBF, 0x80, 0xFE, 0x00, 0x00, 0x38, 0x00, 0x00,
    0xE0, 0x00, 0x03, 0x80, 0x3F, 0x03, 0xFC, 0x1F, 0xF0, 0xE7, 0x87, 0xFC, 0x3F, 0xE3, 0xFF, 0x1F,
    0x38, 0xE1, 0xC7, 0x1F, 0xBF, 0xFD, 0xFF, 0xE7, 0xFF, 0x00, 0x38, 0x03, 0xC0, 0x1E, 0x01, 0xE0,
    0x00, 0xE0, 0x01, 0xFE, 0x01, 0xFF, 0xC3, 0xFF, 0xF1, 0xF8, 0xF9, 0xF0, 0x3D, 0xF0, 0x0E, 0xF0,
    0x0F, 0x78, 0x03, 0xB8, 0x00, 0x1C, 0x00, 0x0E, 0x00, 0x07, 0x00, 0x03, 0xC0, 0x01, 0xE0, 0x00,
    0xF8, 0x03, 0xBE, 0x03, 0xDF, 0xC3, 0xE7, 0xFF, 0xE1, 0xFF, 0xE0, 0x3F, 0xE0, 0x07, 0x00, 0xF0,
    0x0E, 0x03, 0xFC, 0x7F, 0xE7, 0xFE, 0xF9, 0xEF, 0x0E, 0xE0, 0x6E, 0x00, 0xE0, 0x0F, 0x0E, 0xF9,
    0xF7, 0xFE, 0x7F, 0xE1, 0xFC, 0x01, 0xC0, 0x01, 0xF0, 0x01, 0xFC, 0x01, 0xFF, 0x81, 0xFF, 0xF1,
    0xF0, 0xF9, 0xE0, 0x1D, 0xF0, 0x0E, 0xF0, 0x0F, 0x78, 0x01, 0xB8, 0x00, 0x1C, 0x00, 0x0E, 0x00,
    0x07, 0x00, 0x03, 0xC0, 0x01, 0xE0, 0x00, 0xF8, 0x03, 0xBE, 0x03, 0xDF, 0xC3, 0xE7, 0xFF, 0xE1,
    0xFF, 0xE0, 0x3F, 0xE0, 0x0E, 0x00, 0xF0, 0x1F, 0x03, 0xF8, 0x7F, 0xC7, 0xFE, 0xF9, 0xEF, 0x1E,
    0xE0, 0x6E, 0x00, 0xE0, 0x0F, 0x0E, 0xF9, 0xE7, 0xFE, 0x7F, 0xC1, 0xF8, 0x01, 0x80, 0x00, 0xE0,
    0x00, 0xFC, 0x01, 0xFF, 0x81, 0xFF, 0xE1, 0xFF, 0xF9, 0xF0, 0x3C, 0xF0, 0x0E, 0xF0, 0x0F, 0x78,
    0x03, 0xB8, 0x00, 0x1C, 0x00, 0x0E, 0x00, 0x07, 0x00, 0x03, 0xC0, 0x01, 0xE0, 0x00, 0xF8, 0x03,
    0x3E, 0x03, 0xDF, 0x83, 0xE7, 0xFF, 0xE1, 0xFF, 0xE0, 0x3F, 0xE0, 0x00, 0x00, 0xE0, 0x0E, 0x01,
    0xF8, 0x7F, 0xE7, 0xFE, 0xF9, 0xEF, 0x0E, 0xE0, 0x6E, 0x00, 0xE0, 0x0F, 0x0E, 0xF9, 0xF7, 0xFE,
    0x7F, 0xE1, 0xFC, 0x07, 0xE0, 0x01, 0xE0, 0x01, 0xFE, 0x03, 0xFF, 0xC3, 0xFF, 0xF3, 0xF0, 0xF9,
    0xE0, 0x1D, 0xF0, 0x0E, 0xF0, 0x0F, 0x78, 0x01, 0xB8, 0x00, 0x1C, 0x00, 0x0E, 0x00, 0x07, 0x00,
    0x03, 0xC0, 0x01, 0xE0, 0x00, 0xF8, 0x03, 0xBE, 0x03, 0xDF, 0xC3, 0xE7, 0xFF, 0xE1, 0xFF, 0xE0,
    0x3F, 0xE0, 0x1B, 0x81, 0xF8, 0x0F, 0x01, 0xF8, 0x3F, 0xE7, 0xFE, 0xF9, 0xEF, 0x0E, 0xE0, 0x6E,
    0x00, 0xE0, 0x0F, 0x0E, 0xF9, 0xF7, 0xFE, 0x7F, 0xE1, 0xFC, 0x01, 0xF8, 0x00, 0x0F, 0x00, 0xFF,
    0xFE, 0x0F, 0xFF, 0xF8, 0xFF, 0xFF, 0xC1, 0xC0, 0xFE, 0x1C, 0x03, 0xE1, 0xC0, 0x1F, 0x1C, 0x00,
    0xF1, 0xC0, 0x0F, 0x1C, 0x00, 0x71, 0xC0, 0x07, 0x1C, 0x00, 0x71, 0xC0, 0x07, 0x1C, 0x00, 0xF1,
    0xC0, 0x0F, 0x1C, 0x01, 0xF1, 0xC0, 0x1E, 0x1C, 0x07, 0xEF, 0xFF, 0xFC, 0xFF, 0xFF, 0x8F, 0xFF,
    0xE0, 0x03, 0xC0, 0x03, 0xE0, 0x03, 0xE0, 0x03, 0xE0, 0x00, 0xE6, 0x00, 0xEE, 0x00, 0xEE, 0x00,
    0xEE, 0x00, 0xEE, 0x1F, 0xEE, 0x7F, 0xE0, 0x7F, 0xE0, 0xF9, 0xE0, 0xF0, 0xE0, 0xE0, 0xE0, 0xE0,
    0xE0, 0xE0, 0xE0, 0xF1, 0xE0, 0xF9, 0xE0, 0x7F, 0xF8, 0x7F, 0xF8, 0x3F, 0xF8, 0x00, 0x00, 0xFF,
    0xFE, 0x0F, 0xFF, 0xF8, 0xFF, 0xFF, 0xC1, 0xC0, 0xFC, 0x1C, 0x03, 0xE1, 0xC0, 0x1E, 0x1C, 0x00,
    0xF1, 0xC0, 0x0F, 0x1C, 0x00, 0xFF, 0xC0, 0x07, 0xFC, 0x00, 0x7F, 0xC0, 0x07, 0x1C, 0x00, 0xF1,
    0xC0, 0x0F, 0x1C, 0x00, 0xF1, 0xC0, 0x1E, 0x1C, 0x0F, 0xEF, 0xFF, 0xFC, 0xFF, 0xFF, 0x8F, 0xFF,
    0xE0, 0x03, 0xE0, 0x07, 0xC0, 0x0F, 0xF8, 0x07, 0xF0, 0x0F, 0xE0, 0x1C, 0x00, 0x38, 0x00, 0x70,
    0x00, 0xE0, 0x3F, 0xC1, 0xFF, 0x83, 0xFF, 0x0F, 0x9E, 0x1E, 0x1C, 0x38, 0x38, 0x70, 0x70, 0xE0,
    0xE1, 0xE3, 0xC3, 0xE7, 0xA3, 0xFF, 0xC7, 0xFF, 0x87, 0xFF, 0x00, 0x00, 0x00, 0x07, 0xE0, 0x07,
    0xE0, 0xFF, 0xFF, 0xFF, 0xFF, 0xFF, 0xFF, 0x1C, 0x07, 0x1C, 0x07, 0x1C, 0x07, 0x1C, 0x00, 0x1C,
    0x00, 0x1C, 0x00, 0x1F, 0xFE, 0x1F, 0xFE, 0x1F, 0xFE, 0x1C, 0x00, 0x1C, 0x00, 0x1C, 0x00, 0x1C,
    0x07, 0x1C, 0x07, 0xFF, 0xFF, 0xFF, 0xFF, 0xFF, 0xFF, 0x3F, 0x03, 0xF0, 0x3F, 0x07, 0xF8, 0x7F,
    0xCF, 0xBE, 0xE1, 0xEF, 0xFE, 0xFF, 0xEF, 0xFE, 0xE0, 0xCF, 0x1E, 0xFF, 0xE7, 0xFC, 0x3F, 0x80,
    0x06, 0x70, 0x07, 0xF0, 0x07, 0xE0, 0xFF, 0xFF, 0xFF, 0xFF, 0xFF, 0xFF, 0x1C, 0x07, 0x1C, 0x07,
    0x1C, 0x07, 0x1C, 0x00, 0x1C, 0x00, 0x1C, 0x00, 0x1F, 0xFE, 0x1F, 0xFE, 0x1F, 0xFE, 0x1C, 0x00,
    0x1C, 0x00, 0x1C, 0x00, 0x1C, 0x07, 0x1C, 0x07, 0xFF, 0xFF, 0xFF, 0xFF, 0xFF, 0xFF, 0x39, 0x83,
    0xF8, 0x3F, 0x81, 0xF8, 0x3F, 0xC7, 0xFE, 0xF9, 0xEF, 0x1E, 0xFF, 0xEF, 0xFE, 0xFF, 0xEF, 0x04,
    0xF9, 0xE7, 0xFE, 0x7F, 0xE1, 0xF8, 0x00, 0x00, 0x01, 0xC0, 0x01, 0xC0, 0xFF, 0xFF, 0xFF, 0xFF,
    0xFF, 0xFF, 0x1C, 0x07, 0x1C, 0x07, 0x1C, 0x07, 0x1C, 0x00, 0x1C, 0x00, 0x1C, 0x00, 0x1F, 0xFE,
    0x1F, 0xFE, 0x1F, 0xFE, 0x1C, 0x00, 0x1C, 0x00, 0x1C, 0x00, 0x1C, 0x07, 0x1C, 0x07, 0xFF, 0xFF,
    0xFF, 0xFF, 0xFF, 0xFF, 0x0E, 0x00, 0xE0, 0x1F, 0x83, 0xFC, 0x7F, 0xEF, 0x9E, 0xF1, 0xEF, 0xFE,
    0xFF, 0xEF, 0xFE, 0xF0, 0x4F, 0x9E, 0x7F, 0xE7, 0xFE, 0x3F, 0x80, 0xFF, 0xFF, 0x7F, 0xFF, 0xBF,
    0xFF, 0xC3, 0x80, 0xE1, 0xC0, 0x70, 0xE0, 0x38, 0x70, 0x00, 0x38, 0x00, 0x1C, 0x00, 0x0F, 0xFF,
    0x07, 0xFF, 0x83, 0xFF, 0xC1, 0xC0, 0x00, 0xE0, 0x00, 0x70, 0x00, 0x38, 0x0E, 0x1C, 0x07, 0x7F,
    0xFF, 0xBF, 0xFF, 0xDF, 0xFF, 0xE0, 0x00, 0x70, 0x00, 0x78, 0x00, 0x3C, 0x1F, 0x87, 0xFC, 0x7F,
    0xEF, 0x9E, 0xF1, 0xEF, 0xFE, 0xFF, 0xEF, 0xFE, 0xF0, 0x4F, 0x9E, 0x7F, 0xE7, 0xFE, 0x1F, 0xE0,
    0x0E, 0x01, 0xE0, 0x0E, 0x07, 0xE0, 0x03, 0xC0, 0xFF, 0xFF, 0xFF, 0xFF, 0xFF, 0xFF, 0x1C, 0x07,
    0x1C, 0x07, 0x1C, 0x07, 0x1C, 0x00, 0x1C, 0x00, 0x1C, 0x00, 0x1F, 0xFE, 0x1F, 0xFE, 0x1F, 0xFE,
    0x1C, 0x00, 0x1C, 0x00, 0x1C, 0x00, 0x1C, 0x07, 0x1C, 0x07, 0xFF, 0xFF, 0xFF, 0xFF, 0xFF, 0xFF,
    0x3B, 0x83, 0xF8, 0x1F, 0x01, 0xF8, 0x3F, 0xC7, 0xFE, 0xFB, 0xEF, 0x1E, 0xFF, 0xEF, 0xFE, 0xFF,
    0xEF, 0x04, 0xF9, 0xE7, 0xFE, 0x7F, 0xE1, 0xF8, 0x01, 0xC0, 0x01, 0xF0, 0x01, 0xFC, 0x01, 0xFF,
    0xC1, 0xFF, 0xF1, 0xF0, 0xF9, 0xE0, 0x1D, 0xF0, 0x0E, 0xF0, 0x07, 0x78, 0x01, 0xB8, 0x00, 0x1C,
    0x0F, 0xFE, 0x07, 0xFF, 0x03, 0xFF, 0xC0, 0x0F, 0xE0, 0x07, 0xF8, 0x03, 0xBE, 0x03, 0xCF, 0xC7,
    0xE7, 0xFF, 0xE1, 0xFF, 0xE0, 0x3F, 0xE0, 0x07, 0x00, 0x3E, 0x00, 0xFC, 0x07, 0xFF, 0x3F, 0xFD,
    0xFF, 0xF7, 0x9E, 0x1C, 0x38, 0x70, 0xE1, 0xE7, 0x87, 0xFE, 0x1F, 0xF0, 0xFF, 0x83, 0xE0, 0x0F,
    0xFF, 0x1F, 0xFE, 0xFF, 0xFB, 0x81, 0xFE, 0x03, 0xFE, 0x3F, 0xFF, 0xF9, 0xFF, 0xC3, 0xFE, 0x00,
    0x07, 0x70, 0x03, 0xF8, 0x01, 0xFC, 0x00, 0xFF, 0x81, 0xFF, 0xE1, 0xFF, 0xF9, 0xFC, 0x7C, 0xF8,
    0x0E, 0xF8, 0x07, 0x78, 0x03, 0xBC, 0x00, 0xDC, 0x00, 0x0E, 0x07, 0xFF, 0x03, 0xFF, 0x81, 0xFF,
    0xE0, 0x07, 0xF0, 0x03, 0xFC, 0x01, 0xDF, 0x01, 0xEF, 0xE3, 0xF3, 0xFF, 0xF0, 0xFF, 0xF0, 0x1F,
    0xF0, 0x1C, 0xC0, 0x77, 0x01, 0xFC, 0x03, 0xF0, 0x1F, 0xFC, 0xFF, 0xF7, 0xFF, 0xDE, 0x78, 0x70,
    0xE1, 0xC3, 0x87, 0x9E, 0x1F, 0xF8, 0x7F, 0xC3, 0xFE, 0x0F, 0x80, 0x3F, 0xFC, 0x7F, 0xFB, 0xFF,
    0xEE, 0x07, 0xF8, 0x0F, 0xF8, 0xFF, 0xFF, 0xE7, 0xFF, 0x0F, 0xF8, 0x01, 0xC0, 0x00, 0xE0, 0x00,
    0xFC, 0x01, 0xFF, 0x81, 0xFF, 0xE1, 0xFF, 0xF9, 0xF0, 0x3D, 0xF0, 0x0E, 0xF0, 0x07, 0x78, 0x03,
    0xB8, 0x00, 0x1C, 0x0F, 0xFE, 0x07, 0xFF, 0x03, 0xFF, 0xC0, 0x0F, 0xE0, 0x07, 0xF8, 0x03, 0xBE,
    0x03, 0xCF, 0xC7, 0xE7, 0xFF, 0xE1, 0xFF, 0xE0, 0x3F, 0xE0, 0x02, 0x00, 0x1C, 0x00, 0x70, 0x07,
    0xFF, 0x3F, 0xFD, 0xFF, 0xF7, 0x9E, 0x1C, 0x38, 0x70, 0xE1, 0xE7, 0x87, 0xFE, 0x1F, 0xF0, 0xFF,
    0x83, 0xE0, 0x0F, 0xFF, 0x1F, 0xFE, 0xFF, 0xFB, 0x81, 0xFE, 0x03, 0xFE, 0x3F, 0xFF, 0xF9, 0xFF,
    0xC3, 0xFE, 0x00, 0x07, 0xF8, 0x0F, 0xFF, 0x0F, 0xFF, 0xCF, 0xC3, 0xE7, 0x80, 0x77, 0xC0, 0x3B,
    0xC0, 0x1D, 0xE0, 0x06, 0xE0, 0x00, 0x70, 0x3F, 0xF8, 0x1F, 0xFC, 0x0F, 0xFF, 0x00, 0x3F, 0x80,
    0x1F, 0xE0, 0x0E, 0xF8, 0x0F, 0x3F, 0xBF, 0x9F, 0xFF, 0x83, 0xFF, 0x80, 0x7F, 0x80, 0x3C, 0x00,
    0x1E, 0x00, 0x0E, 0x00, 0x1F, 0xFC, 0xFF, 0xF7, 0xFF, 0xDE, 0x78, 0x70, 0xE1, 0xC3, 0x87, 0x9E,
    0x1F, 0xF8, 0x7F, 0xC3, 0xFE, 0x0F, 0x80, 0x3F, 0xFC, 0x7F, 0xFB, 0xFF, 0xEE, 0x07, 0xF8, 0x0F,
    0xF8, 0xFF, 0xFF, 0xE7, 0xFF, 0x8F, 0xF8, 0x07, 0x80, 0x1C, 0x00, 0xE0, 0x00, 0x00, 0xF0, 0x00,
    0x1F, 0x80, 0xFF, 0xFF, 0xFF, 0xF0, 0xFF, 0xFF, 0x0F, 0xF3, 0x80, 0x1C, 0x38, 0x01, 0xC3, 0x80,
    0x1C, 0x38, 0x01, 0xC3, 0x80, 0x1C, 0x38, 0x01, 0xC3, 0xFF, 0xFC, 0x3F, 0xFF, 0xC3, 0xFF, 0xFC,
    0x38, 0x01, 0xC3, 0x80, 0x1C, 0x38, 0x01, 0xC3, 0x80, 0x1C, 0x38, 0x01, 0xCF, 0xF0, 0xFF, 0xFF,
    0x0F, 0xFF, 0xF0, 0xFF, 0x03, 0x80, 0x0F, 0x83, 0xFB, 0x07, 0xC0, 0x0F, 0x80, 0x1F, 0x00, 0x0E,
    0x00, 0x1C, 0x00, 0x38, 0x00, 0x70, 0x00, 0xE0, 0x01, 0xFF, 0x03, 0xFF, 0x07, 0xFE, 0x0F, 0x3C,
    0x1C, 0x38, 0x38, 0x70, 0x70, 0xE0, 0xE1, 0xC1, 0xC3, 0x83, 0x87, 0x1F, 0xCF, 0xBF, 0x9F, 0x7F,
    0x3E, 0x00, 0x10, 0xFF, 0x0F, 0xFF, 0xF0, 0xFF, 0xFF, 0x0F, 0xF3, 0x80, 0x1C, 0xFF, 0xF9, 0xCF,
    0xFF, 0x9C, 0xFF, 0xF9, 0xC3, 0x80, 0x1C, 0x38, 0x01, 0xC3, 0xFF, 0xFC, 0x3F, 0xFF, 0xC3, 0xFF,
    0xFC, 0x38, 0x01, 0xC3, 0x80, 0x1C, 0x38, 0x01, 0xC3, 0x80, 0x1C, 0x38, 0x01, 0xCF, 0xF0, 0xFF,
    0xFF, 0x0F, 0xFF, 0xF0, 0xFF, 0x78, 0x00, 0x7C, 0x00, 0x7C, 0x00, 0x7C, 0x00, 0x1C, 0x00, 0xFE,
    0x00, 0xFE, 0x00, 0xFE, 0x00, 0x1C, 0x00, 0x1F, 0xF0, 0x1F, 0xF8, 0x1F, 0xF8, 0x1E, 0x78, 0x1C,
    0x38, 0x1C, 0x38, 0x1C, 0x38, 0x1C, 0x38, 0x1C, 0x38, 0x1C, 0x38, 0x7F, 0x3E, 0x7F, 0x3E, 0x7F,
    0x3E, 0x00, 0x08, 0xFF, 0x7F, 0xBF, 0xDF, 0xEF, 0xF1, 0xC0, 0xE0, 0x70, 0x38, 0x1C, 0x0E, 0x07,
    0x03, 0x81, 0xC0, 0xE0, 0x70, 0x38, 0x1C, 0x0E, 0x1F, 0xEF, 0xF7, 0xF8, 0x7B, 0xBF, 0xFF, 0xDF,
    0xC7, 0xC3, 0xE1, 0x70, 0x38, 0x1C, 0x0E, 0x07, 0x03, 0x81, 0xF0, 0xF8, 0x7C, 0x1E, 0x7E, 0x7E,
    0xFF, 0xFF, 0xFF, 0x38, 0x38, 0x38, 0x38, 0x38, 0x38, 0x38, 0x38, 0x38, 0x38, 0x38, 0x38, 0x38,
    0x38, 0xFF, 0xFF, 0xFF, 0x7E, 0x7E, 0xFE, 0xF8, 0xF8, 0x38, 0x38, 0x38, 0x38, 0x38, 0x38, 0x3E,
    0x3F, 0x3F, 0x1E, 0xEF, 0xFF, 0x7E, 0xFF, 0xFF, 0xFF, 0x38, 0x38, 0x38, 0x38, 0x38, 0x38, 0x38,
    0x38, 0x38, 0x38, 0x38, 0x38, 0x38, 0x38, 0xFF, 0xFF, 0xFF, 0xEE, 0xFE, 0xFE, 0xFC, 0xF8, 0xF8,
    0xB8, 0x38, 0x38, 0x38, 0x38, 0x38, 0x3E, 0x3E, 0x3E, 0x1E, 0xFF, 0xFF, 0xFF, 0x38, 0x38, 0x38,
    0x38, 0x38, 0x38, 0x38, 0x38, 0x38, 0x38, 0x38, 0x38, 0x38, 0x38, 0xFF, 0xFF, 0xFF, 0x38, 0x38,
    0x38, 0x78, 0x78, 0x78, 0x78, 0x00, 0xF8, 0xF8, 0xF8, 0xB8, 0x38, 0x38, 0x38, 0x38, 0x38, 0x3A,
    0x3E, 0x3E, 0x3E, 0x38, 0x38, 0x38, 0x00, 0x38, 0x38, 0xFF, 0xFF, 0xFF, 0x38, 0x38, 0x38, 0x38,
    0x38, 0x38, 0x38, 0x38, 0x38, 0x38, 0x38, 0x38, 0x38, 0x38, 0xFF, 0xFF, 0xFF, 0xF8, 0xF8, 0xF8,
    0xB8, 0x38, 0x38, 0x38, 0x38, 0x38, 0x3E, 0x3E, 0x3E, 0x1E, 0xFF, 0x3F, 0xFF, 0xF9, 0xFF, 0xFF,
    0xCF, 0xFE, 0x70, 0x00, 0x73, 0x80, 0x03, 0x9C, 0x00, 0x1C, 0xE0, 0x00, 0xE7, 0x00, 0x07, 0x38,
    0x00, 0x39, 0xC0, 0x01, 0xCE, 0x00, 0x0E, 0x71, 0xC0, 0x73, 0x8E, 0x03, 0x9C, 0x70, 0x1C, 0xE3,
    0x81, 0xE7, 0x1E, 0x0F, 0x38, 0xF8, 0xFF, 0xFF, 0xFF, 0xBF, 0xDF, 0xF9, 0xFE, 0x7F, 0x80, 0x78,
    0x77, 0x8F, 0x78, 0xF7, 0x87, 0xF9, 0xFF, 0x9F, 0xF9, 0xF3, 0x87, 0x38, 0x73, 0x87, 0x38, 0x73,
    0x87, 0x38, 0x73, 0xE7, 0x3E, 0x73, 0xE7, 0x3E, 0x70, 0x07, 0x00, 0x70, 0x2F, 0x07, 0xF0, 0x7F,
    0x03, 0xE0, 0x07, 0x00, 0x7C, 0x0F, 0xFE, 0x7F, 0xF3, 0xFF, 0x80, 0x1C, 0x00, 0xE0, 0x07, 0x00,
    0x38, 0x01, 0xC0, 0x0E, 0x00, 0x70, 0x03, 0xF0, 0x1F, 0x80, 0xFC, 0x07, 0xE0, 0x7F, 0x83, 0xFE,
    0x3F, 0xFF, 0xE7, 0xFF, 0x1F, 0xE0, 0x3C, 0xFF, 0xF9, 0xF3, 0xE1, 0xC3, 0x87, 0x0E, 0x1C, 0x38,
    0x70, 0xE1, 0xC3, 0x87, 0x0E, 0xBF, 0xFF, 0xF7, 0xC0, 0xFF, 0x7F, 0xBF, 0xDF, 0xEF, 0xF7, 0xF8,
    0xE1, 0xF0, 0x38, 0xF8, 0x0E, 0x7E, 0x03, 0xBF, 0x00, 0xFF, 0x80, 0x3F, 0xE0, 0x0F, 0xFC, 0x03,
    0xFF, 0x00, 0xFB, 0xE0, 0x3C, 0x78, 0x0E, 0x0E, 0x03, 0x83, 0xC0, 0xE0, 0xF6, 0x38, 0x1D, 0xFF,
    0xC7, 0xFF, 0xF1, 0xFF, 0xFF, 0xBE, 0x01, 0xE0, 0x00, 0x70, 0x00, 0x3C, 0x00, 0xF8, 0x01, 0xF0,
    0x03, 0xE0, 0x05, 0xC0, 0x03, 0x80, 0x07, 0x00, 0x0E, 0x00, 0x1C, 0x00, 0x38, 0x00, 0x77, 0xF0,
    0xEF, 0xE1, 0xDF, 0xC3, 0xFE, 0x07, 0xF8, 0x0F, 0xF0, 0x1F, 0xF0, 0x3F, 0xE0, 0x7B, 0xC0, 0xE3,
    0xFF, 0xF7, 0xFF, 0xE7, 0xFF, 0xFF, 0x80, 0xE0, 0x03, 0xC0, 0x07, 0x00, 0x01, 0xC0, 0x03, 0xC0,
    0xFF, 0x80, 0xFF, 0x00, 0xFF, 0x00, 0x38, 0x00, 0x38, 0x00, 0x38, 0x00, 0x38, 0x00, 0x38, 0x00,
    0x38, 0x00, 0x38, 0x00, 0x38, 0x00, 0x38, 0x00, 0x38, 0x00, 0x38, 0x00, 0x38, 0x07, 0x38, 0x07,
    0x38, 0x07, 0xFF, 0xFF, 0xFF, 0xFF, 0xFF, 0xFF, 0x3C, 0x38, 0x78, 0xF8, 0xF8, 0xF8, 0x38, 0x38,
    0x38, 0x38, 0x38, 0x38, 0x38, 0x38, 0x38, 0x38, 0x38, 0x38, 0x38, 0x38, 0x38, 0x3E, 0x3E, 0x3E,
    0x00, 0xFF, 0x00, 0xFF, 0x00, 0xFF, 0x00, 0x38, 0x00, 0x38, 0x00, 0x38, 0x00, 0x38, 0x00, 0x38,
    0x00, 0x38, 0x00, 0x38, 0x00, 0x38, 0x00, 0x38, 0x00, 0x38, 0x00, 0x38, 0x00, 0x38, 0x07, 0x38,
    0x07, 0x38, 0x07, 0xFF, 0xFF, 0xFF, 0xFF, 0xFF, 0xFF, 0x03, 0xC0, 0x03, 0x80, 0x07, 0x80, 0xF8,
    0xF8, 0xF8, 0x38, 0x38, 0x38, 0x38, 0x38, 0x38, 0x38, 0x38, 0x38, 0x38, 0x38, 0x38, 0x38, 0x38,
    0x38, 0x3E, 0x3E, 0x3E, 0x3C, 0x78, 0x70, 0x07, 0xE0, 0x03, 0xC0, 0xFF, 0x80, 0xFF, 0x00, 0xFF,
    0x00, 0x38, 0x00, 0x38, 0x00, 0x38, 0x00, 0x38, 0x00, 0x38, 0x00, 0x38, 0x00, 0x38, 0x00, 0x38,
    0x00, 0x38, 0x00, 0x38, 0x00, 0x38, 0x00, 0x38, 0x07, 0x38, 0x07, 0x38, 0x07, 0xFF, 0xFF, 0xFF,
    0xFF, 0xFF, 0xFF, 0xF8, 0x3E, 0x0F, 0x80, 0xE6, 0x3B, 0x8E, 0xE3, 0xB8, 0xEE, 0x3B, 0x8E, 0x03,
    0x80, 0xE0, 0x38, 0x0E, 0x03, 0x80, 0xE0, 0x38, 0x0F, 0x83, 0xE0, 0xF8, 0x1C, 0x00, 0xFF, 0x00,
    0x1F, 0xE0, 0x03, 0xFC, 0x00, 0x1C, 0x00, 0x03, 0x80, 0x00, 0x70, 0x00, 0x0E, 0x00, 0x01, 0xC0,
    0x00, 0x38, 0x00, 0x07, 0x00, 0x18, 0xE0, 0x07, 0x9C, 0x00, 0xF3, 0x80, 0x0C, 0x70, 0x00, 0x0E,
    0x01, 0xC1, 0xC0, 0x38, 0x38, 0x07, 0x1F, 0xFF, 0xE3, 0xFF, 0xFC, 0x7F, 0xFF, 0x80, 0xF8, 0x1F,
    0x03, 0xE0, 0x1C, 0x03, 0x80, 0x70, 0x0E, 0x01, 0xC0, 0x38, 0x07, 0x00, 0xE2, 0x1C, 0xE3, 0x9C,
    0x73, 0x8E, 0x01, 0xC0, 0x38, 0x07, 0x00, 0xF8, 0x1F, 0x03, 0xE0, 0x38, 0x00, 0x7F, 0x80, 0x3F,
    0xC0, 0x1F, 0xE0, 0x03, 0x80, 0x01, 0xC0, 0x00, 0xF8, 0x00, 0x7E, 0x00, 0x3F, 0x00, 0x1F, 0x00,
    0x1F, 0x00, 0x1F, 0x00, 0x1F, 0x80, 0x0F, 0xC0, 0x03, 0xE0, 0x00, 0x70, 0x0E, 0x38, 0x07, 0x1C,
    0x03, 0xBF, 0xFF, 0xDF, 0xFF, 0xEF, 0xFF, 0xF0, 0x3E, 0x0F, 0x83, 0xE0, 0x38, 0x0E, 0x03, 0x80,
    0xE0, 0x3C, 0x0F, 0x83, 0xE1, 0xF0, 0xF8, 0x7E, 0x3F, 0x87, 0xE0, 0xB8, 0x0E, 0x03, 0x80, 0xF8,
    0x3E, 0x0F, 0x81, 0xC0, 0x00, 0x70, 0x00, 0x0F, 0x00, 0xFC, 0xEF, 0xFF, 0xC0, 0xFF, 0xFE, 0x0F,
    0xF3, 0xF0, 0x1C, 0x3F, 0x01, 0xC3, 0xF8, 0x1C, 0x3F, 0xC1, 0xC3, 0xBE, 0x1C, 0x39, 0xE1, 0xC3,
    0x9F, 0x1C, 0x38, 0xF9, 0xC3, 0x87, 0x9C, 0x38, 0x7D, 0xC3, 0x83, 0xFC, 0x38, 0x1F, 0xC3, 0x80,
    0xFC, 0x38, 0x0F, 0xCF, 0xF0, 0x7C, 0xFF, 0x03, 0xCF, 0xF0, 0x3C, 0x03, 0x80, 0x07, 0x03, 0xDF,
    0x07, 0xFF, 0x0F, 0xFF, 0x1F, 0xFE, 0x2F, 0xBC, 0x1C, 0x38, 0x38, 0x70, 0x70, 0xE0, 0xE1, 0xC1,
    0xC3, 0x8F, 0xE7, 0xDF, 0xCF, 0xBF, 0x9F, 0x00, 0x08, 0xFC, 0x0F, 0xFF, 0xC0, 0xFF, 0xFE, 0x0F,
    0xF3, 0xF0, 0x1C, 0x3F, 0x01, 0xC3, 0xF8, 0x1C, 0x3F, 0xC1, 0xC3, 0xBE, 0x1C, 0x39, 0xE1, 0xC3,
    0x9F, 0x1C, 0x38, 0xF9, 0xC3, 0x87, 0x9C, 0x38, 0x7D, 0xC3, 0x83, 0xFC, 0x38, 0x1F, 0xC3, 0x80,
    0xFC, 0x38, 0x0F, 0xCF, 0xF0, 0x7C, 0xFF, 0x03, 0xCF, 0xF7, 0x3C, 0x00, 0xF0, 0x00, 0x0E, 0x00,
    0x00, 0xE0, 0x00, 0xFF, 0xE1, 0xFF, 0xE3, 0xFF, 0xC1, 0xE7, 0x83, 0x87, 0x07, 0x0E, 0x0E, 0x1C,
    0x1C, 0x38, 0x38, 0x70, 0x70, 0xE3, 0xF9, 0xF7, 0xF3, 0xEF, 0xFF, 0xC0, 0x72, 0x01, 0xC0, 0x03,
    0x80, 0x01, 0xF8, 0x00, 0x0F, 0x00, 0xFC, 0x6F, 0xFF, 0xC0, 0xFF, 0xFE, 0x0F, 0xF3, 0xF0, 0x1C,
    0x3F, 0x01, 0xC3, 0xF8, 0x1C, 0x3F, 0xC1, 0xC3, 0xBE, 0x1C, 0x39, 0xE1, 0xC3, 0x9F, 0x1C, 0x38,
    0xF9, 0xC3, 0x87, 0x9C, 0x38, 0x7D, 0xC3, 0x83, 0xFC, 0x38, 0x1F, 0xC3, 0x80, 0xFC, 0x38, 0x0F,
    0xCF, 0xF0, 0x7C, 0xFF, 0x03, 0xCF, 0xF0, 0x3C, 0x0E, 0xC0, 0x1F, 0x80, 0x0E, 0x07, 0xFF, 0x0F,
    0xFF, 0x1F, 0xFE, 0x2F, 0xBC, 0x1C, 0x38, 0x38, 0x70, 0x70, 0xE0, 0xE1, 0xC1, 0xC3, 0x83, 0x87,
    0x1F, 0xCF, 0xBF, 0x9F, 0x7F, 0x3E, 0x00, 0x10, 0x60, 0x00, 0x1E, 0x00, 0x03, 0xE0, 0x00, 0x7C,
    0x00, 0x07, 0x00, 0x01, 0xE0, 0x00, 0x18, 0x00, 0x00, 0x00, 0x00, 0x00, 0x00, 0x00, 0x00, 0x00,
    0x3F, 0xF8, 0x07, 0xFF, 0x80, 0xFF, 0xF0, 0x07, 0x9E, 0x00, 0xE1, 0xC0, 0x1C, 0x38, 0x03, 0x87,
    0x00, 0x70, 0xE0, 0x0E, 0x1C, 0x01, 0xC3, 0x80, 0xFE, 0x7C, 0x1F, 0xCF, 0x83, 0xF9, 0xF0, 0x00,
    0x08, 0xFC, 0x0F, 0xFF, 0xC0, 0xFF, 0xFE, 0x0F, 0xF3, 0xF0, 0x1C, 0x3F, 0x01, 0xC3, 0xF8, 0x1C,
    0x3F, 0xC1, 0xC3, 0xBE, 0x1C, 0x39, 0xE1, 0xC3, 0x9F, 0x1C, 0x38, 0xF9, 0xC3, 0x87, 0x9C, 0x38,
    0x7D, 0xC3, 0x83, 0xFC, 0x38, 0x1F, 0xC3, 0x80, 0xFC, 0x38, 0x0F, 0xCF, 0xF0, 0x7C, 0xFF, 0x03,
    0xCF, 0xF0, 0x3F, 0x00, 0x00, 0x70, 0x00, 0x07, 0x00, 0x00, 0x70, 0x00, 0x07, 0x00, 0x00, 0xF0,
    0x00, 0x0F, 0x00, 0x00, 0xF0, 0xFF, 0xE0, 0xFF, 0xF0, 0xFF, 0xF0, 0x3C, 0xF0, 0x38, 0x70, 0x38,
    0x70, 0x38, 0x70, 0x38, 0x70, 0x38, 0x70, 0x38, 0x70, 0xFE, 0x7E, 0xFE, 0x7E, 0xFE, 0x7E, 0x00,
    0x1E, 0x00, 0x0E, 0x00, 0x0E, 0x00, 0x0E, 0x00, 0x1E, 0x00, 0x1E, 0x00, 0x1E, 0x03, 0xF0, 0x00,
    0x7E, 0x00, 0x3F, 0xF0, 0x0F, 0xFF, 0x03, 0xFF, 0xF0, 0xFC, 0x3F, 0x1E, 0x01, 0xF7, 0xC0, 0x1F,
    0xF0, 0x01, 0xFE, 0x00, 0x3F, 0x80, 0x03, 0xF0, 0x00, 0x7E, 0x00, 0x0F, 0xC0, 0x01, 0xFC, 0x00,
    0x7F, 0x80, 0x0F, 0xF0, 0x03, 0xEF, 0x00, 0xF9, 0xF8, 0x7E, 0x1F, 0xFF, 0xC1, 0xFF, 0xE0, 0x0F,
    0xF8, 0x00, 0x1F, 0x81, 0xF8, 0x3F, 0xC7, 0xFE, 0x7F, 0xEF, 0x9F, 0xF0, 0xFE, 0x07, 0xE0, 0x7E,
    0x07, 0xF0, 0xFF, 0x9F, 0x7F, 0xE7, 0xFE, 0x1F, 0x80, 0x03, 0xB8, 0x00, 0x7F, 0x00, 0x0F, 0xE0,
    0x03, 0xFE, 0x01, 0xFF, 0xF0, 0x7F, 0xFF, 0x1F, 0xC7, 0xE3, 0xE0, 0x3E, 0xF8, 0x03, 0xFE, 0x00,
    0x3F, 0xC0, 0x07, 0xF0, 0x00, 0x7E, 0x00, 0x0F, 0xC0, 0x01, 0xF8, 0x00, 0x3F, 0x80, 0x0F, 0xF0,
    0x01, 0xFF, 0x00, 0x7D, 0xF0, 0x1F, 0x3F, 0x8F, 0xE3, 0xFF, 0xF8, 0x3F, 0xFE, 0x01, 0xFF, 0x00,
    0x39, 0xC1, 0xF8, 0x1F, 0x83, 0xFC, 0x7F, 0xE7, 0xFE, 0xF9, 0xFF, 0x0F, 0xE0, 0x7E, 0x07, 0xE0,
    0x7F, 0x0F, 0xF9, 0xF7, 0xFE, 0x7F, 0xE1, 0xF8, 0x01, 0xF8, 0x00, 0x3E, 0x00, 0x0F, 0xC0, 0x03,
    0xFE, 0x01, 0xFF, 0xF0, 0x7F, 0xFF, 0x1F, 0xC7, 0xF3, 0xE0, 0x3E, 0xF8, 0x03, 0xFE, 0x00, 0x3F,
    0xC0, 0x07, 0xF0, 0x00, 0x7E, 0x00, 0x0F, 0xC0, 0x01, 0xFC, 0x00, 0x7F, 0x80, 0x0F, 0xF0, 0x03,
    0xEF, 0x00, 0xF9, 0xF8, 0x7F, 0x1F, 0xFF, 0xC1, 0xFF, 0xF0, 0x0F, 0xF8, 0x00, 0x0F, 0x81, 0xF8,
    0x1F, 0x03, 0xF8, 0x7F, 0xE7, 0xFE, 0xF9, 0xFF, 0x0F, 0xE0, 0x7E, 0x07, 0xE0, 0x7F, 0x0F, 0xF9,
    0xF7, 0xFE, 0x7F, 0xE1, 0xF8, 0x07, 0xFC, 0x7F, 0xFF, 0x8F, 0xFF, 0xBF, 0xFF, 0xCF, 0xFF, 0xFF,
    0xFF, 0xEF, 0xE3, 0xF1, 0xC0, 0x77, 0xC0, 0x7C, 0xE0, 0x3F, 0xC0, 0x1F, 0x70, 0x1F, 0xC0, 0x07,
    0xB8, 0x01, 0xE0, 0x03, 0xDC, 0x00, 0xE0, 0x00, 0xEF, 0xFF, 0x70, 0x00, 0x77, 0xFF, 0xB8, 0x00,
    0x3B, 0xFF, 0xDC, 0x00, 0x1D, 0xC0, 0x0F, 0x00, 0x1E, 0xE0, 0x07, 0x80, 0x0F, 0x70, 0x03, 0xE0,
    0x0F, 0xB8, 0x0E, 0xF8, 0x0F, 0x9C, 0x07, 0x7F, 0x1F, 0xCE, 0x03, 0x9F, 0xFF, 0xFF, 0xFF, 0xC7,
    0xFF, 0xDF, 0xFF, 0xE0, 0xFF, 0x8F, 0xFF, 0xF0, 0x1F, 0x87, 0xE1, 0xFF, 0xBF, 0xC7, 0xFF, 0xFF,
    0xBE, 0x7F, 0x9E, 0xF0, 0xFC, 0x7B, 0x81, 0xFF, 0xEE, 0x07, 0xFF, 0xB8, 0x1F, 0xFE, 0xF0, 0xFC,
    0x13, 0xE7, 0xF9, 0xE7, 0xFF, 0xFF, 0x9F, 0xFB, 0xFE, 0x1F, 0x87, 0xE0, 0x00, 0xF0, 0x00, 0x3C,
    0x03, 0xFF, 0xF0, 0x7F, 0xFF, 0x8F, 0xFF, 0xF8, 0x70, 0x1F, 0x0E, 0x01, 0xE1, 0xC0, 0x1C, 0x38,
    0x03, 0x87, 0x00, 0xF0, 0xE0, 0x3E, 0x1F, 0xFF, 0xC3, 0xFF, 0xF0, 0x7F, 0xF8, 0x0E, 0x1E, 0x01,
    0xC3, 0xC0, 0x38, 0x3C, 0x07, 0x07, 0x90, 0xE0, 0x7F, 0xFF, 0x8F, 0xFF, 0xF0, 0xFD, 0xFE, 0x0F,
    0x00, 0x0E, 0x01, 0xC3, 0xFF, 0x7F, 0xFF, 0xFF, 0xFF, 0xCE, 0x79, 0xC6, 0x38, 0x07, 0x00, 0xE0,
    0x1C, 0x0F, 0xE1, 0xFC, 0x3F, 0x80, 0xFF, 0xFC, 0x1F, 0xFF, 0xE3, 0xFF, 0xFE, 0x1C, 0x07, 0xC3,
    0x80, 0x78, 0x70, 0x07, 0x0E, 0x00, 0xE1, 0xC0, 0x3C, 0x38, 0x0F, 0x87, 0xFF, 0xF0, 0xFF, 0xFC,
    0x1F, 0xFE, 0x03, 0x87, 0x80, 0x70, 0xF0, 0x0E, 0x0F, 0x01, 0xC1, 0xE4, 0x38, 0x1F, 0xFF, 0xE3,
    0xFF, 0xFC, 0x3F, 0x7F, 0xFB, 0xC0, 0x1E, 0x00, 0x03, 0xC0, 0x00, 0x70, 0x00, 0xFF, 0xDF, 0xFF,
    0xFF, 0xDE, 0xF3, 0x9E, 0x71, 0x8E, 0x01, 0xC0, 0x38, 0x07, 0x03, 0xF8, 0x7F, 0x0F, 0xF0, 0x1C,
    0x03, 0x80, 0xE0, 0x0C, 0x00, 0x03, 0xF0, 0x00, 0x3C, 0x03, 0xFF, 0xF0, 0x7F, 0xFF, 0x8F, 0xFF,
    0xF8, 0x70, 0x1F, 0x0E, 0x01, 0xE1, 0xC0, 0x1C, 0x38, 0x03, 0x87, 0x00, 0xF0, 0xE0, 0x3E, 0x1F,
    0xFF, 0xC3, 0xFF, 0xF0, 0x7F, 0xF8, 0x0E, 0x1E, 0x01, 0xC3, 0xC0, 0x38, 0x3C, 0x07, 0x07, 0x90,
    0xE0, 0x7F, 0xFF, 0x8F, 0xFF, 0xF0, 0xFD, 0xFE, 0x0F, 0x00, 0x1B, 0x03, 0xE0, 0x38, 0x7F, 0xEF,
    0xFF, 0xFF, 0xEF, 0x79, 0xCF, 0x38, 0xC7, 0x00, 0xE0, 0x1C, 0x03, 0x81, 0xFC, 0x3F, 0x87, 0xF0,
    0x03, 0x80, 0x1E, 0x01, 0xFE, 0x1F, 0xFE, 0x7F, 0xFB, 0xE3, 0xFF, 0x03, 0xF8, 0x0F, 0xF0, 0x0B,
    0xE0, 0x0F, 0xF0, 0x1F, 0xF8, 0x3F, 0xF8, 0x1F, 0xF0, 0x07, 0xE0, 0x07, 0xE0, 0x1F, 0x80, 0x7F,
    0x03, 0xFF, 0xFF, 0x7F, 0xF8, 0xFF, 0xC0, 0x07, 0x00, 0xE0, 0x38, 0x1F, 0xC7, 0xFC, 0xFF, 0xDC,
    0x7B, 0xCF, 0x7F, 0x07, 0xF8, 0x7F, 0xB9, 0xF7, 0x0E, 0xFF, 0xDF, 0xF9, 0xFE, 0x07, 0x80, 0x3F,
    0x00, 0xFC, 0x0F, 0xFC, 0x7F, 0xFB, 0xE1, 0xFF, 0x03, 0xF8, 0x0F, 0xF0, 0x0B, 0xE0, 0x0F, 0xF8,
    0x1F, 0xFC, 0x1F, 0xF8, 0x1F, 0xF0, 0x07, 0xF0, 0x07, 0xE0, 0x1F, 0x80, 0x7F, 0x07, 0xFF, 0xFF,
    0x7F, 0xF8, 0xFF, 0xC0, 0x06, 0x01, 0xE0, 0x7E, 0x1F, 0xC7, 0xFC, 0xFF, 0xDC, 0x7B, 0xCF, 0x7F,
    0x07, 0xF8, 0x7F, 0xB9, 0xF7, 0x0E, 0xFF, 0xDF, 0xF9, 0xFE, 0x3F, 0xE1, 0xFF, 0xEF, 0xFF, 0xBE,
    0x1F, 0xF0, 0x3F, 0x80, 0xFF, 0x00, 0xBE, 0x00, 0xFF, 0x81, 0xFF, 0x81, 0xFF, 0x81, 0xFF, 0x00,
    0x7F, 0x00, 0x7E, 0x01, 0xF8, 0x07, 0xF0, 0x3F, 0xFF, 0xF7, 0xFF, 0x8F, 0xFC, 0x03, 0xC0, 0x1E,
    0x00, 0x78, 0x01, 0xC0, 0x3F, 0x8F, 0xF9, 0xFF, 0xB8, 0xF7, 0x9E, 0xFE, 0x0F, 0xF0, 0xFF, 0x73,
    0xEE, 0x1D, 0xFF, 0xBF, 0xF3, 0xFC, 0x1C, 0x03, 0x80, 0xE0, 0x0F, 0xC0, 0x1E, 0x03, 0xFE, 0x1F,
    0xFE, 0xFF, 0xFB, 0xE1, 0xFF, 0x03, 0xF8, 0x0F, 0xF0, 0x0B, 0xE0, 0x0F, 0xF8, 0x1F, 0xFC, 0x1F,
    0xF8, 0x1F, 0xF0, 0x07, 0xF0, 0x07, 0xE0, 0x1F, 0x80, 0x7F, 0x03, 0xFF, 0xFF, 0x7F, 0xF8, 0xFF,
    0xC0, 0x1B, 0x83, 0xF0, 0x3C, 0x1F, 0xC7, 0xFC, 0xFF, 0xDC, 0x7B, 0xCF, 0x7F, 0x07, 0xF8, 0x7F,
    0xB9, 0xF7, 0x0E, 0xFF, 0xDF, 0xF9, 0xFE, 0xFF, 0xFF, 0xFF, 0xFF, 0xFF, 0xFF, 0xFC, 0x38, 0x7E,
    0x1C, 0x3F, 0x0E, 0x1C, 0x07, 0x00, 0x03, 0x80, 0x01, 0xC0, 0x00, 0xE0, 0x00, 0x70, 0x00, 0x38,
    0x00, 0x1C, 0x00, 0x0E, 0x00, 0x07, 0x00, 0x03, 0x80, 0x01, 0xC0, 0x03, 0xFC, 0x01, 0xFE, 0x00,
    0xFF, 0x00, 0x00, 0x00, 0x0E, 0x00, 0x0F, 0x00, 0x07, 0x00, 0x03, 0x80, 0x00, 0x08, 0x07, 0x00,
    0xE0, 0x1C, 0x03, 0x81, 0xFE, 0x3F, 0xC7, 0xF8, 0x38, 0x07, 0x00, 0xE0, 0x1C, 0x23, 0x9E, 0x73,
    0xCF, 0x79, 0xFF, 0x3F, 0xC3, 0xF0, 0x00, 0x07, 0x00, 0xE0, 0x3C, 0x07, 0x00, 0x03, 0xF0, 0x00,
    0xF0, 0x3F, 0xFF, 0xFF, 0xFF, 0xFF, 0xFF, 0xFF, 0x0E, 0x1F, 0x87, 0x0F, 0xC3, 0x87, 0x01, 0xC0,
    0x00, 0xE0, 0x00, 0x70, 0x00, 0x38, 0x00, 0x1C, 0x00, 0x0E, 0x00, 0x07, 0x00, 0x03, 0x80, 0x01,
    0xC0, 0x00, 0xE0, 0x00, 0x70, 0x00, 0xFF, 0x00, 0x7F, 0x80, 0x3F, 0xC0, 0x00, 0x1C, 0xE0, 0x63,
    0x83, 0x8E, 0x0E, 0x38, 0x3B, 0xFC, 0xEF, 0xF0, 0x3F, 0xC0, 0x38, 0x00, 0xE0, 0x03, 0x80, 0x0E,
    0x10, 0x39, 0xE0, 0xE7, 0x83, 0xDE, 0x0F, 0xF8, 0x3F, 0xC0, 0x7E, 0x00, 0xFF, 0xFF, 0xFF, 0xFF,
    0xFF, 0xFF, 0xFC, 0x38, 0x7E, 0x1C, 0x3F, 0x0E, 0x1C, 0x07, 0x00, 0x03, 0x80, 0x01, 0xC0, 0x01,
    0xF8, 0x00, 0xFC, 0x00, 0x7E, 0x00, 0x1C, 0x00, 0x0E, 0x00, 0x07, 0x00, 0x03, 0x80, 0x01, 0xC0,
    0x03, 0xFC, 0x01, 0xFE, 0x00, 0xFF, 0x00, 0x08, 0x07, 0x00, 0xE0, 0x1C, 0x03, 0x81, 0xFE, 0x3F,
    0xC7, 0xF8, 0x38, 0x07, 0x00, 0xE0, 0x7F, 0xEF, 0xFF, 0xFF, 0xCE, 0x79, 0xFF, 0x3F, 0xC3, 0xF0,
    0x00, 0xEC, 0x00, 0x1F, 0xE0, 0x00, 0xFF, 0x01, 0xFF, 0x7F, 0xFF, 0xF0, 0x7F, 0xFF, 0x83, 0xFC,
    0xE0, 0x07, 0x07, 0x00, 0x38, 0x38, 0x01, 0xC1, 0xC0, 0x0E, 0x0E, 0x00, 0x70, 0x70, 0x03, 0x83,
    0x80, 0x1C, 0x1C, 0x00, 0xE0, 0xE0, 0x07, 0x07, 0x00, 0x38, 0x3C, 0x03, 0xC1, 0xE0, 0x1E, 0x0F,
    0x81, 0xF0, 0x3F, 0xFF, 0x00, 0xFF, 0xF8, 0x03, 0xFF, 0x80, 0x0F, 0xF0, 0x00, 0x00, 0x00, 0x1E,
    0xE0, 0x7F, 0xC0, 0xFF, 0x0F, 0xDF, 0x9F, 0x1F, 0x3E, 0x3E, 0x1C, 0x1C, 0x38, 0x38, 0x70, 0x70,
    0xE0, 0xE1, 0xC1, 0xC3, 0x83, 0x87, 0x8F, 0x0F, 0xFF, 0x9F, 0xFF, 0x1F, 0xFE, 0x01, 0xF8, 0x00,
    0x0F, 0xC0, 0x3F, 0xFF, 0xFF, 0xFE, 0x0F, 0xFF, 0xF0, 0x7F, 0x9C, 0x00, 0xE0, 0xE0, 0x07, 0x07,
    0x00, 0x38, 0x38, 0x01, 0xC1, 0xC0, 0x0E, 0x0E, 0x00, 0x70, 0x70, 0x03, 0x83, 0x80, 0x1C, 0x1C,
    0x00, 0xE0, 0xE0, 0x07, 0x07, 0x80, 0x78, 0x3C, 0x03, 0xC1, 0xF0, 0x3E, 0x07, 0xFF, 0xE0, 0x1F,
    0xFF, 0x00, 0x7F, 0xF0, 0x01, 0xFE, 0x00, 0x0F, 0xC0, 0x1F, 0x83, 0xFF, 0xE7, 0xC7, 0xCF, 0x8F,
    0x87, 0x07, 0x0E, 0x0E, 0x1C, 0x1C, 0x38, 0x38, 0x70, 0x70, 0xE0, 0xE1, 0xE3, 0xC3, 0xFF, 0xE7,
    0xFF, 0xC7, 0xFF, 0x80, 0x01, 0xDC, 0x00, 0x0F, 0xE0, 0x00, 0x7F, 0x01, 0xFF, 0xFF, 0xFF, 0xF0,
    0x7F, 0xFF, 0x83, 0xFC, 0xE0, 0x07, 0x07, 0x00, 0x38, 0x38, 0x01, 0xC1, 0xC0, 0x0E, 0x0E, 0x00,
    0x70, 0x70, 0x03, 0x83, 0x80, 0x1C, 0x1C, 0x00, 0xE0, 0xE0, 0x07, 0x07, 0x00, 0x38, 0x3C, 0x03,
    0xC1, 0xE0, 0x1E, 0x0F, 0x81, 0xF0, 0x3F, 0xFF, 0x00, 0xFF, 0xF8, 0x03, 0xFF, 0x80, 0x0F, 0xF0,
    0x00, 0x00, 0x00, 0x18, 0xC0, 0x3B, 0x80, 0x7F, 0x0F, 0xFF, 0x9F, 0xFF, 0x3E, 0x3E, 0x1C, 0x1C,
    0x38, 0x38, 0x70, 0x70, 0xE0, 0xE1, 0xC1, 0xC3, 0x83, 0x87, 0x8F, 0x0F, 0xFF, 0x9F, 0xFF, 0x1F,
    0xFE, 0x00, 0x70, 0x00, 0x07, 0xC0, 0x00, 0x3E, 0x00, 0x01, 0xF0, 0x0F, 0xF7, 0x7F, 0xFF, 0x83,
    0xFF, 0xFC, 0x1F, 0xE7, 0x00, 0x38, 0x38, 0x01, 0xC1, 0xC0, 0x0E, 0x0E, 0x00, 0x70, 0x70, 0x03,
    0x83, 0x80, 0x1C, 0x1C, 0x00, 0xE0, 0xE0, 0x07, 0x07, 0x00, 0x38, 0x38, 0x01, 0xC1, 0xE0, 0x1E,
    0x0F, 0x00, 0xF0, 0x7C, 0x0F, 0x81, 0xFF, 0xF8, 0x07, 0xFF, 0xC0, 0x1F, 0xFC, 0x00, 0x7F, 0x80,
    0x03, 0x80, 0x0F, 0x80, 0x1F, 0x00, 0x3E, 0x0F, 0xBF, 0x9F, 0x1F, 0x3E, 0x3E, 0x1C, 0x1C, 0x38,
    0x38, 0x70, 0x70, 0xE0, 0xE1, 0xC1, 0xC3, 0x83, 0x87, 0x8F, 0x0F, 0xFF, 0x9F, 0xFF, 0x1F, 0xFE,
    0x00, 0xFC, 0x00, 0x07, 0xC0, 0x3F, 0xFF, 0xFF, 0xFE, 0x0F, 0xFF, 0xF0, 0x7F, 0x9C, 0x00, 0xE0,
    0xE0, 0x07, 0x07, 0x00, 0x38, 0x38, 0x01, 0xC1, 0xC0, 0x0E, 0x0E, 0x00, 0x70, 0x70, 0x03, 0x83,
    0x80, 0x1C, 0x1C, 0x00, 0xE0, 0xE0, 0x07, 0x07, 0x80, 0x78, 0x3C, 0x03, 0xC1, 0xF0, 0x3E, 0x07,
    0xFF, 0xE0, 0x1F, 0xFF, 0x00, 0x7F, 0xF0, 0x01, 0xFE, 0x00, 0x07, 0xE0, 0x1F, 0x83, 0xFF, 0xE7,
    0xC7, 0xCF, 0x8F, 0x87, 0x07, 0x0E, 0x0E, 0x1C, 0x1C, 0x38, 0x38, 0x70, 0x70, 0xE0, 0xE1, 0xE3,
    0xC3, 0xFF, 0xE7, 0xFF, 0xC7, 0xFF, 0x80, 0xFF, 0x07, 0xFF, 0xF8, 0x3F, 0xFF, 0xC1, 0xFE, 0x70,
    0x03, 0x83, 0x80, 0x1C, 0x1C, 0x00, 0xE0, 0xE0, 0x07, 0x07, 0x00, 0x38, 0x38, 0x01, 0xC1, 0xC0,
    0x0E, 0x0E, 0x00, 0x70, 0x70, 0x03, 0x83, 0xC0, 0x3C, 0x1E, 0x01, 0xE0, 0xF8, 0x0F, 0x03, 0xF1,
    0xF0, 0x0F, 0xFF, 0x80, 0x3F, 0xF8, 0x00, 0xFF, 0x00, 0x00, 0xE0, 0x00, 0x07, 0x00, 0x00, 0x38,
    0x00, 0xF8, 0xF9, 0xF1, 0xF3, 0xE3, 0xE1, 0xC1, 0xC3, 0x83, 0x87, 0x07, 0x0E, 0x0E, 0x1C, 0x1C,
    0x38, 0x78, 0x79, 0xF4, 0xFF, 0xF9, 0xFF, 0xF1, 0xFF, 0xE0, 0x70, 0x01, 0xF0, 0x03, 0xC0, 0x00,
    0x07, 0x80, 0x00, 0x00, 0x3F, 0x00, 0x0F, 0xE0, 0xFC, 0x1F, 0xFF, 0x81, 0xE0, 0x7F, 0xFE, 0x0F,
    0xC1, 0xFC, 0xF0, 0x3F, 0x03, 0xC3, 0xC0, 0xFC, 0x0F, 0x0F, 0x07, 0xF8, 0x3C, 0x1E, 0x1F, 0xE1,
    0xE0, 0x78, 0x7F, 0x87, 0x81, 0xE1, 0xFE, 0x1E, 0x03, 0xCF, 0x3C, 0xF0, 0x0F, 0x3C, 0xF3, 0xC0,
    0x3C, 0xF3, 0xCF, 0x00, 0x7F, 0x87, 0xF8, 0x01, 0xFE, 0x1F, 0xE0, 0x07, 0xF8, 0x7F, 0x80, 0x0F,
    0xE1, 0xFC, 0x00, 0x3F, 0x03, 0xF0, 0x00, 0xFC, 0x0F, 0xC0, 0x01, 0xF0, 0x3E, 0x00, 0x07, 0x80,
    0x78, 0x00, 0x00, 0x38, 0x00, 0x00, 0xF8, 0x03, 0xFB, 0xFB, 0xFF, 0xF3, 0xE7, 0xFF, 0xE7, 0xCF,
    0xE7, 0x8F, 0x8F, 0x0F, 0xBF, 0xBE, 0x0F, 0x7F, 0x78, 0x1E, 0xFE, 0xF0, 0x1F, 0xDF, 0xC0, 0x3F,
    0xBF, 0x80, 0x7F, 0x7F, 0x00, 0x7C, 0x7C, 0x00, 0xF8, 0xF8, 0x00, 0xF1, 0xE0, 0x00, 0x01, 0xE0,
    0x00, 0xFC, 0x0F, 0xFF, 0xFF, 0xFC, 0xFF, 0xFF, 0x3F, 0xCF, 0x07, 0xC1, 0xE1, 0xE0, 0x7C, 0xF0,
    0x0F, 0x3C, 0x03, 0xFE, 0x00, 0x7F, 0x80, 0x1F, 0xC0, 0x03, 0xE0, 0x00, 0xF8, 0x00, 0x1C, 0x00,
    0x07, 0x00, 0x01, 0xC0, 0x00, 0x70, 0x00, 0x1C, 0x00, 0x1F, 0xE0, 0x07, 0xF8, 0x01, 0xFE, 0x00,
    0x03, 0xC0, 0x07, 0xE0, 0xFF, 0x7F, 0xFC, 0x7F, 0xFE, 0x7F, 0x1E, 0x3C, 0x1E, 0x3C, 0x0F, 0x7C,
    0x0F, 0x78, 0x07, 0x78, 0x07, 0xF0, 0x07, 0xF0, 0x03, 0xF0, 0x03, 0xE0, 0x03, 0xE0, 0x01, 0xE0,
    0x33, 0xC0, 0x7F, 0xC0, 0x7F, 0x80, 0x3F, 0x00, 0x3E, 0x00, 0x03, 0xE0, 0x00, 0xFC, 0x0F, 0xFF,
    0xFF, 0xFC, 0xFF, 0xFF, 0x3F, 0xCF, 0x07, 0xC1, 0xE1, 0xE0, 0x7C, 0xF0, 0x0F, 0x3C, 0x03, 0xFE,
    0x00, 0x7F, 0x80, 0x1F, 0xC0, 0x03, 0xE0, 0x00, 0xF8, 0x00, 0x1C, 0x00, 0x07, 0x00, 0x01, 0xC0,
    0x00, 0x70, 0x00, 0x1C, 0x00, 0x1F, 0xE0, 0x07, 0xF8, 0x01, 0xFE, 0x00, 0x03, 0x80, 0x07, 0x03,
    0xFF, 0xFF, 0xFF, 0xFF, 0xFF, 0xFC, 0x07, 0xB8, 0x1F, 0x70, 0x7C, 0x01, 0xF0, 0x03, 0xC0, 0x0F,
    0x80, 0x3E, 0x00, 0x78, 0x01, 0xF0, 0x07, 0xC0, 0x1F, 0x00, 0x3C, 0x0E, 0xF8, 0x1F, 0xE0, 0x3F,
    0xFF, 0xFF, 0xFF, 0xFF, 0xFF, 0xC0, 0x0E, 0x01, 0xC3, 0xFF, 0xFF, 0xFF, 0xFF, 0xCF, 0xF9, 0xF7,
    0x7C, 0x1F, 0x07, 0xDD, 0xF3, 0xFC, 0x7F, 0xFF, 0xFF, 0xFF, 0xF8, 0x03, 0x80, 0x07, 0x03, 0xFF,
    0xFF, 0xFF, 0xFF, 0xFF, 0xFC, 0x07, 0xB8, 0x1F, 0x70, 0x7C, 0x01, 0xF0, 0x03, 0xC0, 0x0F, 0x80,
    0x3E, 0x00, 0x78, 0x01, 0xF0, 0x07, 0xC0, 0x1F, 0x00, 0x3C, 0x0E, 0xF8, 0x1F, 0xE0, 0x3F, 0xFF,
    0xFF, 0xFF, 0xFF, 0xFF, 0xC0, 0x04, 0x01, 0xC0, 0x38, 0x7F, 0xFF, 0xFF, 0xFF, 0xF9, 0xFF, 0x3E,
    0xEF, 0x83, 0xE0, 0xFB, 0xBE, 0x7F, 0x8F, 0xFF, 0xFF, 0xFF, 0xFF, 0x07, 0xC0, 0x0F, 0x03, 0xFF,
    0xFF, 0xFF, 0xFF, 0xFF, 0xFC, 0x07, 0xB8, 0x1F, 0x70, 0x7C, 0x01, 0xF0, 0x03, 0xC0, 0x0F, 0x80,
    0x3E, 0x00, 0x78, 0x01, 0xF0, 0x07, 0xC0, 0x1F, 0x00, 0x3C, 0x0E, 0xF8, 0x1F, 0xE0, 0x3F, 0xFF,
    0xFF, 0xFF, 0xFF, 0xFF, 0xC0, 0x3F, 0x03, 0xC3, 0xFF, 0xFF, 0xFF, 0xFF, 0xCF, 0xF9, 0xF7, 0x7C,
    0x1F, 0x07, 0xDD, 0xF3, 0xFC, 0x7F, 0xFF, 0xFF, 0xFF, 0xF8, 0x03, 0x9C, 0x00, 0x1F, 0xE0, 0x00,
    0x7E, 0x00, 0x01, 0xF0, 0x00, 0x0F, 0x00, 0x03, 0xFC, 0x00, 0x1F, 0xE0, 0x00, 0xFF, 0x80, 0x01,
    0xFC, 0x00, 0x1F, 0xF0, 0x00, 0xF7, 0x80, 0x0F, 0xBC, 0x00, 0x78, 0xF0, 0x03, 0xC7, 0x80, 0x3C,
    0x1E, 0x01, 0xFF, 0xF0, 0x1F, 0xFF, 0xC0, 0xFF, 0xFE, 0x0F, 0x00, 0x78, 0x78, 0x03, 0xCF, 0xE0,
    0x3F, 0xFF, 0x01, 0xFF, 0xF8, 0x0F, 0xE0, 0x3B, 0x80, 0xFC, 0x03, 0xC0, 0x1C, 0x00, 0x00, 0x1F,
    0x81, 0xFE, 0x0F, 0xF8, 0x73, 0xC3, 0xFE, 0x1F, 0xF1, 0xFF, 0x8F, 0x9C, 0x70, 0xE3, 0x8F, 0xDF,
    0xFE, 0xFF, 0xF3, 0xFF, 0x80, 0x38, 0x38, 0x7C, 0x6E, 0xFF, 0xFF, 0xFF, 0x38, 0x38, 0x38, 0x38,
    0x38, 0x38, 0x38, 0x38, 0x38, 0x38, 0x38, 0x38, 0xFF, 0xFF, 0xFF, 0x38, 0x1E, 0x1F, 0x9D, 0xC0,
    0x03, 0xE1, 0xF0, 0xF8, 0x5C, 0x0E, 0x07, 0x03, 0x81, 0xC0, 0xE0, 0x7C, 0x3E, 0x1F, 0x07, 0x80,
    0x3F, 0xE1, 0xFF, 0xEF, 0xFF, 0xBE, 0x1F, 0xF0, 0x3F, 0x80, 0xFF, 0x00, 0xBE, 0x00, 0xFF, 0x81,
    0xFF, 0x81, 0xFF, 0x81, 0xFF, 0x00, 0x7F, 0x00, 0x7E, 0x01, 0xF8, 0x07, 0xF0, 0x3F, 0xFF, 0xF7,
    0xFF, 0x8F, 0xFC, 0x03, 0xC0, 0x1E, 0x00, 0x78, 0x01, 0xC0, 0x3F, 0x8F, 0xF9, 0xFF, 0xB8, 0xF7,
    0x9E, 0xFE, 0x0F, 0xF0, 0xFF, 0x73, 0xEE, 0x1D, 0xFF, 0xBF, 0xF3, 0xFC, 0x1C, 0x03, 0x80, 0xE0,
    0xFF, 0xFF, 0xFF, 0xFF, 0xFF, 0xFF, 0xFC, 0x38, 0x7E, 0x1C, 0x3F, 0x0E, 0x1C, 0x07, 0x00, 0x03,
    0x80, 0x01, 0xC0, 0x00, 0xE0, 0x00, 0x70, 0x00, 0x38, 0x00, 0x1C, 0x00, 0x0E, 0x00, 0x07, 0x00,
    0x03, 0x80, 0x01, 0xC0, 0x03, 0xFC, 0x01, 0xFE, 0x00, 0xFF, 0x00, 0x00, 0x00, 0x0E, 0x00, 0x0F,
    0x00, 0x07, 0x00, 0x03, 0x80, 0x00, 0x08, 0x07, 0x00, 0xE0, 0x1C, 0x03, 0x81, 0xFE, 0x3F, 0xC7,
    0xF8, 0x38, 0x07, 0x00, 0xE0, 0x1C, 0x23, 0x9E, 0x73, 0xCF, 0x79, 0xFF, 0x3F, 0xC3, 0xF0, 0x00,
    0x07, 0x00, 0xE0, 0x3C, 0x07, 0x00, 0x7C, 0x1F, 0x07, 0x81, 0xE0, 0x77, 0xFE, 0xF7, 0x79, 0x80,
    0x1F, 0x87, 0xF0, 0xFF, 0x3C, 0xF0, 0x78, 0xDF, 0xFB, 0xFF, 0x73, 0xC0, 0xFF, 0xBF, 0xEF, 0xF8,
    0xE3, 0xFF, 0xF7, 0xF8, 0xFC, 0x79, 0xE7, 0x9E, 0x73, 0xBC, 0xFF, 0x3C, 0x7C, 0xFF, 0xBF, 0x77,
    0xEF, 0x80, 0x3D, 0xF7, 0xFE, 0xF3, 0xCE, 0x70, 0x79, 0xE7, 0xF8, 0xFE, 0x0F, 0xC0, 0x77, 0xFE,
    0xF7, 0x79, 0x80, 0x77, 0xFE, 0xF7, 0x79, 0x80, 0x77, 0xFE, 0xF7, 0x79, 0x80, 0x77, 0xFE, 0xF7,
    0x79, 0x80, 0xF7, 0xBD, 0xC0, 0x71, 0xE3, 0xEF, 0xFF, 0xE0, 0x00, 0xE7, 0x1C, 0xF3, 0xFF, 0xDF,
    0x77, 0xFE, 0xF7, 0x79, 0x80, 0x77, 0xFE, 0xF7, 0x79, 0x80, 0x07, 0xB8, 0x07, 0xB8, 0x07, 0xB8,
    0xFF, 0xFF, 0xFF, 0xFF, 0xFF, 0xFF, 0x1C, 0x07, 0x1C, 0x07, 0x1C, 0x07, 0x1C, 0x00, 0x1C, 0x00,
    0x1C, 0x00, 0x1F, 0xFE, 0x1F, 0xFE, 0x1F, 0xFE, 0x1C, 0x00, 0x1C, 0x00, 0x1C, 0x00, 0x1C, 0x07,
    0x1C, 0x07, 0xFF, 0xFF, 0xFF, 0xFF, 0xFF, 0xFF, 0x07, 0xF8, 0x0F, 0xFF, 0x0F, 0xFF, 0xC7, 0xC3,
    0xE7, 0xC0, 0xF3, 0xC0, 0x3B, 0xC0, 0x3D, 0xE0, 0x1E, 0xF0, 0x00, 0x7F, 0xF8, 0x3F, 0xFC, 0x1F,
    0xFE, 0x0F, 0x00, 0x07, 0x80, 0x03, 0xE0, 0x0C, 0xF8, 0x0F, 0x7E, 0x0F, 0x9F, 0xFF, 0x87, 0xFF,
    0x80, 0xFF, 0x80, 0xFF, 0xFF, 0xFF, 0x38, 0x38, 0x38, 0x38, 0x38, 0x38, 0x38, 0x38, 0x38, 0x38,
    0x38, 0x38, 0x38, 0x38, 0xFF, 0xFF, 0xFF, 0x77, 0x9D, 0xE7, 0x79, 0xDE, 0x00, 0x1F, 0xE7, 0xF9,
    0xFE, 0x1C, 0x07, 0x01, 0xC0, 0x70, 0x1C, 0x07, 0x01, 0xC0, 0x70, 0x1C, 0x07, 0x01, 0xC0, 0x70,
    0x7F, 0x9F, 0xE7, 0xF8, 0x07, 0xF8, 0x00, 0x3F, 0xC0, 0x01, 0xFF, 0x00, 0x03, 0xF8, 0x00, 0x3F,
    0xC0, 0x01, 0xFF, 0x00, 0x0F, 0x78, 0x00, 0xFB, 0xE0, 0x07, 0x8F, 0x00, 0x3C, 0x78, 0x03, 0xC1,
    0xE0, 0x1E, 0x0F, 0x01, 0xFF, 0xF8, 0x0F, 0xFF, 0xE0, 0x7F, 0xFF, 0x07, 0x80, 0x3C, 0x3C, 0x01,
    0xE7, 0xF0, 0x1F, 0xFF, 0x80, 0xFF, 0xFC, 0x07, 0xF0, 0xFF, 0xFF, 0x3F, 0xFF, 0xCF, 0xFF, 0xF0,
    0x70, 0x1C, 0x1C, 0x07, 0x07, 0x01, 0xC1, 0xC0, 0x00, 0x70, 0x00, 0x1C, 0x00, 0x07, 0xFF, 0x81,
    0xFF, 0xF8, 0x7F, 0xFF, 0x1C, 0x07, 0xC7, 0x00, 0xF1, 0xC0, 0x1C, 0x70, 0x0F, 0x1C, 0x07, 0xFF,
    0xFF, 0xFF, 0xFF, 0xFB, 0xFF, 0xF8, 0xFF, 0xFE, 0x3F, 0xFF, 0xCF, 0xFF, 0xF8, 0x70, 0x3E, 0x1C,
    0x07, 0x87, 0x00, 0xE1, 0xC0, 0x38, 0x70, 0x1E, 0x1C, 0x0F, 0x87, 0xFF, 0xC1, 0xFF, 0xF8, 0x7F,
    0xFF, 0x1C, 0x07, 0xC7, 0x00, 0xF1, 0xC0, 0x1C, 0x70, 0x0F, 0x1C, 0x07, 0xFF, 0xFF, 0xFF, 0xFF,
    0xFB, 0xFF, 0xF8, 0xFF, 0xFF, 0xFF, 0xFF, 0xFF, 0xCE, 0x07, 0x38, 0x1C, 0xE0, 0x73, 0x80, 0x0E,
    0x00, 0x38, 0x00, 0xE0, 0x03, 0x80, 0x0E, 0x00, 0x38, 0x00, 0xE0, 0x03, 0x80, 0x0E, 0x00, 0x38,
    0x03, 0xFC, 0x0F, 0xF0, 0x3F, 0xC0, 0x3F, 0xFF, 0xE7, 0xFF, 0xFC, 0xFF, 0xFF, 0x87, 0x03, 0x80,
    0xE0, 0x70, 0x1C, 0x0E, 0x03, 0x81, 0xC0, 0x70, 0x38, 0x0E, 0x07, 0x03, 0xC0, 0xE0, 0x78, 0x1C,
    0x0F, 0x03, 0x81, 0xE0, 0x70, 0x38, 0x0E, 0x07, 0x01, 0xC0, 0xE0, 0x38, 0x3C, 0x07, 0x1F, 0xFF,
    0xFF, 0xFF, 0xFF, 0xFF, 0xFF, 0xFE, 0x00, 0x0F, 0xC0, 0x01, 0xF8, 0x00, 0x38, 0x00, 0x00, 0xFF,
    0xFF, 0xFF, 0xFF, 0xFF, 0xFF, 0x1C, 0x07, 0x1C, 0x07, 0x1C, 0x07, 0x1C, 0x00, 0x1C, 0x00, 0x1C,
    0x00, 0x1F, 0xFE, 0x1F, 0xFE, 0x1F, 0xFE, 0x1C, 0x00, 0x1C, 0x00, 0x1C, 0x00, 0x1C, 0x07, 0x1C,
    0x07, 0xFF, 0xFF, 0xFF, 0xFF, 0xFF, 0xFF, 0x7F, 0xBF, 0xDF, 0xE7, 0xFB, 0xFD, 0xFE, 0x7F, 0xBF,
    0xDF, 0xE0, 0xF8, 0x71, 0xF0, 0x0F, 0xC7, 0x1E, 0x00, 0x7E, 0x73, 0xE0, 0x03, 0xF7, 0x7C, 0x00,
    0x1F, 0xFF, 0x80, 0x01, 0xFF, 0xF8, 0x00, 0x3F, 0xFF, 0xC0, 0x03, 0xFF, 0xFC, 0x00, 0x7D, 0xFB,
    0xE0, 0x07, 0x8F, 0x9E, 0x00, 0x70, 0x70, 0xE0, 0x0F, 0x07, 0x0F, 0x06, 0xF0, 0x70, 0xF6, 0xEE,
    0x07, 0x07, 0x7F, 0xE3, 0xFC, 0x7F, 0xFE, 0x3F, 0xC7, 0xF7, 0xC3, 0xFC, 0x3E, 0x1F, 0xE0, 0x7F,
    0xF1, 0xFF, 0xF3, 0xE3, 0xE7, 0x03, 0xCE, 0x03, 0x9E, 0x07, 0x38, 0x1E, 0x00, 0x7C, 0x1F, 0xF0,
    0x3F, 0xF0, 0x7F, 0xF0, 0x03, 0xE0, 0x03, 0xC0, 0x03, 0xF8, 0x0F, 0xF8, 0x7E, 0xFF, 0xF8, 0xFF,
    0xF0, 0xFF, 0x80, 0xFF, 0x03, 0xFF, 0xF0, 0x3F, 0xFF, 0x07, 0xF3, 0x80, 0xFC, 0x38, 0x0F, 0xC3,
    0x81, 0xFC, 0x38, 0x3F, 0xC3, 0x87, 0xDC, 0x38, 0x79, 0xC3, 0x8F, 0x9C, 0x39, 0xF1, 0xC3, 0x9E,
    0x1C, 0x3B, 0xE1, 0xC3, 0xFC, 0x1C, 0x3F, 0x81, 0xC3, 0xF0, 0x1C, 0x3F, 0x01, 0xC3, 0xE0, 0xFF,
    0x3C, 0x0F, 0xF3, 0xC0, 0xFF, 0x03, 0x87, 0x00, 0x38, 0x70, 0x03, 0xDF, 0x00, 0x3F, 0xF0, 0x01,
    0xFE, 0x0F, 0xF7, 0xBF, 0xFF, 0x03, 0xFF, 0xF0, 0x7F, 0x38, 0x0F, 0xC3, 0x80, 0xFC, 0x38, 0x1F,
    0xC3, 0x83, 0xFC, 0x38, 0x7D, 0xC3, 0x87, 0x9C, 0x38, 0xF9, 0xC3, 0x9F, 0x1C, 0x39, 0xE1, 0xC3,
    0xBE, 0x1C, 0x3F, 0xC1, 0xC3, 0xF8, 0x1C, 0x3F, 0x01, 0xC3, 0xF0, 0x1C, 0x3E, 0x0F, 0xF3, 0xC0,
    0xFF, 0x3C, 0x0F, 0xF0, 0xFF, 0x7F, 0xBF, 0xDF, 0xEF, 0xF7, 0xF8, 0xE1, 0xF0, 0x38, 0xF8, 0x0E,
    0x7E, 0x03, 0xBF, 0x00, 0xFF, 0x80, 0x3F, 0xE0, 0x0F, 0xFC, 0x03, 0xFF, 0x00, 0xFB, 0xE0, 0x3C,
    0x78, 0x0E, 0x0E, 0x03, 0x83, 0xC0, 0xE0, 0xF6, 0x38, 0x1D, 0xFF, 0xC7, 0xFF, 0xF1, 0xFF, 0xFC,
    0x3E, 0x1F, 0xFF, 0xE3, 0xFF, 0xFC, 0x7F, 0xFF, 0x83, 0x81, 0xC0, 0x70, 0x38, 0x0E, 0x07, 0x01,
    0xC0, 0xE0, 0x38, 0x1C, 0x07, 0x03, 0x80, 0xE0, 0x70, 0x1C, 0x0E, 0x03, 0x81, 0xC0, 0x70, 0x38,
    0x0E, 0x07, 0x03, 0xC0, 0xE3, 0x78, 0x1C, 0xEF, 0x03, 0x9F, 0xC3, 0xFF, 0xF8, 0x7F, 0xBE, 0x0F,
    0xF0, 0xFC, 0x00, 0x7F, 0xF8, 0x00, 0xFF, 0xF8, 0x03, 0xF9, 0xF8, 0x0F, 0xC3, 0xF0, 0x1F, 0x87,
    0xF0, 0x7F, 0x0F, 0xF1, 0xFE, 0x1D, 0xE3, 0xDC, 0x3B, 0xEF, 0x38, 0x73, 0xFE, 0x70, 0xE3, 0xF8,
    0xE1, 0xC3, 0xE1, 0xC3, 0x87, 0xC3, 0x87, 0x07, 0x07, 0x0E, 0x00, 0x0E, 0x1C, 0x00, 0x1C, 0x38,
    0x00, 0x39, 0xFE, 0x03, 0xFF, 0xFC, 0x07, 0xFF, 0xF8, 0x0F, 0xF0, 0xFF, 0x0F, 0xFF, 0xF0, 0xFF,
    0xFF, 0x0F, 0xF3, 0x80, 0x1C, 0x38, 0x01, 0xC3, 0x80, 0x1C, 0x38, 0x01, 0xC3, 0x80, 0x1C, 0x38,
    0x01, 0xC3, 0xFF, 0xFC, 0x3F, 0xFF, 0xC3, 0xFF, 0xFC, 0x38, 0x01, 0xC3, 0x80, 0x1C, 0x38, 0x01,
    0xC3, 0x80, 0x1C, 0x38, 0x01, 0xCF, 0xF0, 0xFF, 0xFF, 0x0F, 0xFF, 0xF0, 0xFF, 0x07, 0xFC, 0x03,
    0xFF, 0xE0, 0xFF, 0xFE, 0x3F, 0x8F, 0xC7, 0xC0, 0x7D, 0xF0, 0x07, 0xFC, 0x00, 0x7F, 0x80, 0x0F,
    0xE0, 0x00, 0xFC, 0x00, 0x1F, 0x80, 0x03, 0xF0, 0x00, 0x7F, 0x00, 0x1F, 0xE0, 0x03, 0xFE, 0x00,
    0xFB, 0xE0, 0x3E, 0x7F, 0x1F, 0xC7, 0xFF, 0xF0, 0x7F, 0xFC, 0x03, 0xFE, 0x00, 0xFF, 0xFF, 0xFF,
    0xFF, 0xFF, 0xFF, 0xFF, 0xF3, 0x80, 0x1C, 0x38, 0x01, 0xC3, 0x80, 0x1C, 0x38, 0x01, 0xC3, 0x80,
    0x1C, 0x38, 0x01, 0xC3, 0x80, 0x1C, 0x38, 0x01, 0xC3, 0x80, 0x1C, 0x38, 0x01, 0xC3, 0x80, 0x1C,
    0x38, 0x01, 0xC3, 0x80, 0x1C, 0x38, 0x01, 0xCF, 0xF0, 0xFF, 0xFF, 0x0F, 0xFF, 0xF0, 0xFF, 0xFF,
    0xFC, 0x7F, 0xFF, 0xBF, 0xFF, 0xE7, 0x01, 0xF3, 0x80, 0x79, 0xC0, 0x1C, 0xE0, 0x0E, 0x70, 0x0F,
    0x38, 0x0F, 0x9F, 0xFF, 0x8F, 0xFF, 0xC7, 0xFF, 0x83, 0x80, 0x01, 0xC0, 0x00, 0xE0, 0x00, 0x70,
    0x00, 0x38, 0x00, 0x7F, 0x80, 0x3F, 0xC0, 0x1F, 0xE0, 0x00, 0x07, 0xF8, 0x0F, 0xFF, 0x0F, 0xFF,
    0xCF, 0xC3, 0xE7, 0x80, 0x77, 0xC0, 0x3B, 0xC0, 0x3D, 0xE0, 0x06, 0xE0, 0x00, 0x70, 0x00, 0x38,
    0x00, 0x1C, 0x00, 0x0F, 0x00, 0x07, 0x80, 0x03, 0xE0, 0x0E, 0xF8, 0x0F, 0x7F, 0x0F, 0x9F, 0xFF,
    0x87, 0xFF, 0x80, 0xFF, 0x80, 0xFF, 0xFF, 0xFF, 0xFF, 0xFF, 0xFF, 0xFC, 0x38, 0x7E, 0x1C, 0x3F,
    0x0E, 0x1C, 0x07, 0x00, 0x03, 0x80, 0x01, 0xC0, 0x00, 0xE0, 0x00, 0x70, 0x00, 0x38, 0x00, 0x1C,
    0x00, 0x0E, 0x00, 0x07, 0x00, 0x03, 0x80, 0x01, 0xC0, 0x03, 0xFC, 0x01, 0xFE, 0x00, 0xFF, 0x00,
    0xFF, 0x1F, 0xFF, 0xE3, 0xFF, 0xFC, 0x7F, 0x9F, 0x07, 0x81, 0xE0, 0xF0, 0x3E, 0x1E, 0x03, 0xC7,
    0x80, 0x78, 0xF0, 0x07, 0x9E, 0x00, 0xF7, 0x80, 0x0F, 0xF0, 0x00, 0xFE, 0x00, 0x1F, 0x80, 0x01,
    0xF0, 0x00, 0x3C, 0x00, 0xC7, 0x80, 0x3D, 0xF0, 0x07, 0xFC, 0x00, 0x7F, 0x00, 0x07, 0xC0, 0x00,
    0x03, 0xFC, 0x00, 0x3F, 0xC0, 0x03, 0xFC, 0x00, 0x7F, 0xE0, 0x1F, 0xFF, 0x83, 0xFF, 0xFC, 0x7C,
    0xE7, 0xEF, 0x8E, 0x1F, 0xF0, 0xE0, 0xFE, 0x0E, 0x0F, 0xE0, 0xE0, 0x7E, 0x0E, 0x07, 0xE0, 0xE0,
    0xFF, 0x0E, 0x0F, 0xF8, 0xE1, 0xF7, 0xCE, 0x7E, 0x3F, 0xFF, 0xC1, 0xFF, 0xF8, 0x07, 0xFE, 0x00,
    0x3F, 0xC0, 0x03, 0xFC, 0x00, 0x3F, 0xC0, 0xFE, 0x0F, 0xFF, 0xC1, 0xFF, 0xF8, 0x3F, 0x8F, 0x8F,
    0x80, 0xF1, 0xE0, 0x1F, 0x7C, 0x01, 0xFF, 0x00, 0x1F, 0xC0, 0x03, 0xF8, 0x00, 0x3E, 0x00, 0x07,
    0xC0, 0x01, 0xFC, 0x00, 0x7F, 0xC0, 0x1F, 0x78, 0x03, 0xEF, 0x80, 0xF8, 0xF8, 0x3E, 0x0F, 0x9F,
    0xC1, 0xFF, 0xF8, 0x3F, 0xFF, 0x07, 0xF0, 0xFF, 0x0F, 0xFF, 0xF0, 0xFF, 0xFF, 0x0F, 0xF3, 0x80,
    0x1C, 0x38, 0x01, 0xC3, 0x80, 0x1C, 0x38, 0x01, 0xC3, 0x80, 0x1C, 0x38, 0x01, 0xC3, 0x80, 0x1C,
    0x38, 0x01, 0xC3, 0x80, 0x1C, 0x38, 0x01, 0xC3, 0x80, 0x1C, 0x38, 0x01, 0xC3, 0x80, 0x1C, 0x38,
    0x01, 0xCF, 0xFF, 0xFF, 0xFF, 0xFF, 0xFF, 0xFF, 0xFF, 0x00, 0x00, 0x70, 0x00, 0x07, 0x00, 0x00,
    0x70, 0x00, 0x00, 0xFF, 0x3F, 0xFF, 0xCF, 0xFF, 0xF3, 0xFC, 0xE0, 0x1C, 0x38, 0x07, 0x0E, 0x01,
    0xC3, 0x80, 0x70, 0xF0, 0x1C, 0x3C, 0x07, 0x0F, 0x03, 0xC3, 0xF3, 0xF0, 0x7F, 0xFC, 0x0F, 0xFF,
    0x01, 0xFD, 0xC0, 0x00, 0x70, 0x00, 0x1C, 0x00, 0x07, 0x00, 0x0F, 0xF0, 0x03, 0xFC, 0x00, 0xFF,
    0xFF, 0x3F, 0xC7, 0xFF, 0xF9, 0xFE, 0x3F, 0xFF, 0xCF, 0xF1, 0xFE, 0x70, 0x0E, 0x01, 0xC3, 0x80,
    0x70, 0x0E, 0x1C, 0x03, 0x80, 0x70, 0xE0, 0x1C, 0x03, 0x87, 0x00, 0xE0, 0x1C, 0x38, 0x07, 0x00,
    0xE1, 0xC0, 0x38, 0x07, 0x0E, 0x01, 0xC0, 0x38, 0x70, 0x0E, 0x01, 0xC3, 0x80, 0x70, 0x0E, 0x1C,
    0x03, 0x80, 0x70, 0xE0, 0x1C, 0x03, 0x87, 0x00, 0xE0, 0x1C, 0x38, 0x07, 0x00, 0xE7, 0xFF, 0xFF,
    0xFF, 0xFF, 0xFF, 0xFF, 0xFF, 0xFF, 0xFF, 0xFF, 0xF0, 0xFF, 0x3F, 0xCF, 0xFF, 0xF3, 0xFC, 0xFF,
    0xFF, 0x3F, 0xCF, 0xF3, 0x80, 0x70, 0x1C, 0x38, 0x07, 0x01, 0xC3, 0x80, 0x70, 0x1C, 0x38, 0x07,
    0x01, 0xC3, 0x80, 0x70, 0x1C, 0x38, 0x07, 0x01, 0xC3, 0x80, 0x70, 0x1C, 0x38, 0x07, 0x01, 0xC3,
    0x80, 0x70, 0x1C, 0x38, 0x07, 0x01, 0xC3, 0x80, 0x70, 0x1C, 0x38, 0x07, 0x01, 0xC3, 0x80, 0x70,
    0x1C, 0x38, 0x07, 0x01, 0xCF, 0xFF, 0xFF, 0xFF, 0xFF, 0xFF, 0xFF, 0xFF, 0xFF, 0xFF, 0xFF, 0x00,
    0x00, 0x00, 0x70, 0x00, 0x00, 0x07, 0x00, 0x00, 0x00, 0x70, 0x00, 0x00, 0x00, 0xFF, 0xC0, 0x1F,
    0xF8, 0x03, 0xFF, 0x00, 0x77, 0x00, 0x0E, 0xE0, 0x01, 0xDC, 0x00, 0x3B, 0x80, 0x00, 0x70, 0x00,
    0x0E, 0x00, 0x01, 0xFF, 0xE0, 0x3F, 0xFF, 0x07, 0xFF, 0xF0, 0xE0, 0x3E, 0x1C, 0x03, 0xC3, 0x80,
    0x38, 0x70, 0x0F, 0x0E, 0x03, 0xE7, 0xFF, 0xFC, 0xFF, 0xFF, 0x1F, 0xFF, 0x80, 0xFF, 0x00, 0x3F,
    0xFF, 0xC0, 0x0F, 0xFF, 0xF0, 0x03, 0xFC, 0xE0, 0x00, 0x38, 0x38, 0x00, 0x0E, 0x0E, 0x00, 0x03,
    0x83, 0x80, 0x00, 0xE0, 0xE0, 0x00, 0x38, 0x38, 0x00, 0x0E, 0x0F, 0xFF, 0x83, 0x83, 0xFF, 0xF0,
    0xE0, 0xFF, 0xFE, 0x38, 0x38, 0x0F, 0x8E, 0x0E, 0x01, 0xE3, 0x83, 0x80, 0x38, 0xE0, 0xE0, 0x1E,
    0x38, 0x38, 0x0F, 0x8E, 0x3F, 0xFF, 0xEF, 0xFF, 0xFF, 0xF3, 0xFF, 0xFF, 0xF0, 0xFF, 0xFF, 0x00,
    0x7F, 0x80, 0x3F, 0xC0, 0x07, 0x00, 0x03, 0x80, 0x01, 0xC0, 0x00, 0xE0, 0x00, 0x70, 0x00, 0x38,
    0x00, 0x1F, 0xFF, 0x0F, 0xFF, 0xC7, 0xFF, 0xF3, 0x80, 0xF9, 0xC0, 0x3C, 0xE0, 0x0E, 0x70, 0x0F,
    0x38, 0x0F, 0xFF, 0xFF, 0xFF, 0xFF, 0xDF, 0xFF, 0x80, 0x1F, 0xF0, 0x1F, 0xFE, 0x1F, 0xFF, 0x8F,
    0x8F, 0xE7, 0x01, 0xF3, 0x80, 0x7D, 0xC0, 0x1E, 0xE0, 0x0F, 0x07, 0xFF, 0x83, 0xFF, 0xC1, 0xFF,
    0xE0, 0x00, 0xF0, 0x00, 0x78, 0x00, 0x3F, 0x80, 0x3F, 0xE0, 0x3E, 0xFC, 0x7E, 0x3F, 0xFF, 0x0F,
    0xFF, 0x03, 0xFE, 0x00, 0xFF, 0x03, 0xFC, 0x1F, 0xE1, 0xFF, 0xC3, 0xFC, 0x7F, 0xFC, 0x1C, 0x1F,
    0x87, 0xC3, 0x87, 0xC0, 0x7C, 0x70, 0xF0, 0x07, 0x8E, 0x1E, 0x00, 0x79, 0xC7, 0x80, 0x0F, 0x38,
    0xF0, 0x01, 0xE7, 0xFE, 0x00, 0x1C, 0xFF, 0xC0, 0x03, 0x9F, 0xF8, 0x00, 0x73, 0x8F, 0x00, 0x0E,
    0x71, 0xE0, 0x03, 0xCE, 0x1E, 0x00, 0x79, 0xC3, 0xE0, 0x1E, 0x38, 0x3F, 0x0F, 0xDF, 0xE3, 0xFF,
    0xF3, 0xFC, 0x3F, 0xFC, 0x7F, 0x83, 0xFE, 0x00, 0x07, 0xFF, 0xE3, 0xFF, 0xFC, 0xFF, 0xFF, 0x9F,
    0x03, 0x83, 0xC0, 0x70, 0x70, 0x0E, 0x0E, 0x01, 0xC1, 0xE0, 0x38, 0x3E, 0x07, 0x07, 0xFF, 0xE0,
    0x7F, 0xFC, 0x03, 0xFF, 0x80, 0x3C, 0x70, 0x07, 0x8E, 0x01, 0xE1, 0xC1, 0x3C, 0x38, 0xFF, 0x07,
    0x1F, 0xE3, 0xFD, 0xF8, 0x7F, 0xBE, 0x0F, 0xF0, 0x3F, 0x03, 0xFC, 0x1F, 0xF0, 0xE7, 0x87, 0xFC,
    0x3F, 0xE3, 0xFF, 0x1F, 0x38, 0xE1, 0xC7, 0x1F, 0xBF, 0xFD, 0xFF, 0xE7, 0xFF, 0x00, 0x01, 0xC0,
    0x3C, 0x1F, 0x8F, 0xE3, 0xF8, 0xFC, 0x1F, 0xE7, 0xFE, 0xFF, 0xFF, 0x7F, 0xC7, 0xF0, 0x7E, 0x0F,
    0xE3, 0xFE, 0x7B, 0xFF, 0x7F, 0xC7, 0xF0, 0xFF, 0xCF, 0xFE, 0xFF, 0xF3, 0x8F, 0x38, 0xF3, 0xFE,
    0x3F, 0xE3, 0xFF, 0x38, 0xF3, 0x8F, 0xFF, 0xFF, 0xFF, 0xFF, 0xE0, 0xFF, 0xFF, 0xFF, 0xFF, 0x9C,
    0x73, 0x8E, 0x71, 0xCE, 0x01, 0xC0, 0x38, 0x07, 0x03, 0xF8, 0x7F, 0x0F, 0xE0, 0x7F, 0xF1, 0xFF,
    0xC7, 0xFF, 0x07, 0x1C, 0x1C, 0x70, 0x71, 0xC3, 0xC7, 0x0F, 0x1C, 0x3C, 0x70, 0xF1, 0xCF, 0xFF,
    0xFF, 0xFF, 0xFF, 0xFF, 0x80, 0x7E, 0x01, 0xF8, 0x07, 0x00, 0x00, 0x1F, 0x87, 0xFC, 0x7F, 0xEF,
    0x9E, 0xF1, 0xEF, 0xFE, 0xFF, 0xEF, 0xFE, 0xF0, 0x4F, 0x9E, 0x7F, 0xE7, 0xFE, 0x1F, 0x80, 0x7C,
    0xFB, 0xF8, 0xFD, 0xF7, 0xF1, 0xFF, 0xEF, 0xE0, 0x3D, 0xDF, 0x00, 0x7F, 0xFC, 0x00, 0xFF, 0xF8,
    0x01, 0xFF, 0xF8, 0x07, 0xFF, 0xF0, 0x0F, 0x7D, 0xE0, 0xFC, 0x71, 0xFF, 0xFB, 0xFB, 0xFB, 0xE7,
    0xF3, 0xF7, 0xCF, 0xE7, 0xC0, 0x3F, 0x8F, 0xF9, 0xFF, 0xB8, 0xF7, 0x1E, 0x3F, 0x87, 0xF0, 0xFF,
    0x21, 0xFE, 0x3D, 0xFF, 0xBF, 0xE3, 0xF8, 0xF8, 0x73, 0xE3, 0xCF, 0x9F, 0x0E, 0x7C, 0x3B, 0xF0,
    0xEF, 0xC3, 0xFF, 0x0F, 0xFC, 0x3F, 0x70, 0xF9, 0xC3, 0xE7, 0xCF, 0x1F, 0x38, 0x7C, 0x18, 0x70,
    0x73, 0xC1, 0xFF, 0x03, 0xF8, 0x07, 0xC3, 0xE1, 0xCF, 0x8F, 0x3E, 0x7C, 0x39, 0xF0, 0xEF, 0xC3,
    0xBF, 0x0F, 0xFC, 0x3F, 0xF0, 0xFD, 0xC3, 0xE7, 0x0F, 0x9F, 0x3C, 0x7C, 0xE1, 0xF0, 0xFB, 0xF9,
    0xF7, 0xF3, 0xEF, 0xE1, 0xFF, 0x03, 0xFC, 0x07, 0xF8, 0x0F, 0xF8, 0x1F, 0xF0, 0x3D, 0xE0, 0x71,
    0xFF, 0xFB, 0xFF, 0xF3, 0xFF, 0xE7, 0xC0, 0x1F, 0xF8, 0x3F, 0xF0, 0x7F, 0xE0, 0x79, 0xC0, 0xF3,
    0x81, 0xE7, 0x03, 0xCE, 0x07, 0x9C, 0x0F, 0x38, 0xFE, 0x71, 0xF8, 0xFB, 0xF1, 0xF3, 0xC3, 0xE0,
    0xF8, 0x1F, 0xFE, 0x0F, 0xFF, 0x8F, 0xE7, 0xEF, 0xC3, 0xF7, 0xE1, 0xFF, 0xF0, 0xFF, 0xF8, 0x77,
    0xDC, 0x39, 0xCE, 0x1C, 0xE7, 0x3F, 0x8F, 0xFF, 0xC7, 0xFF, 0xE3, 0xF8, 0xF9, 0xFF, 0xE7, 0xFF,
    0x9F, 0xCE, 0x1C, 0x38, 0x70, 0xFF, 0xC3, 0xFF, 0x0F, 0xFC, 0x38, 0x70, 0xE1, 0xCF, 0xE7, 0xFF,
    0x9F, 0xFE, 0x7C, 0x1F, 0x87, 0xFE, 0x7F, 0xEF, 0x9F, 0xF0, 0xFE, 0x07, 0xE0, 0x7E, 0x07, 0xF0,
    0xFF, 0x9F, 0x7F, 0xE7, 0xFE, 0x1F, 0x80, 0xFF, 0xFF, 0xFF, 0xFF, 0xFF, 0xCE, 0x1C, 0x38, 0x70,
    0xE1, 0xC3, 0x87, 0x0E, 0x1C, 0x38, 0x70, 0xE1, 0xCF, 0xE7, 0xFF, 0x9F, 0xFE, 0x7C, 0xFF, 0xE7,
    0xFF, 0xBF, 0xFE, 0x79, 0xF3, 0xC7, 0x9C, 0x1C, 0xE0, 0xE7, 0x07, 0x38, 0x79, 0xE7, 0xCF, 0xFC,
    0x7F, 0xE3, 0xFE, 0x1C, 0x00, 0xE0, 0x07, 0x00, 0xFE, 0x07, 0xF0, 0x3F, 0x80, 0x1F, 0x87, 0xFE,
    0x7F, 0xEF, 0x9E, 0xF0, 0xEE, 0x06, 0xE0, 0x0E, 0x00, 0xF0, 0xEF, 0x9F, 0x7F, 0xE7, 0xFE, 0x1F,
    0xC0, 0xFF, 0xFF, 0xFF, 0xFF, 0xFE, 0x77, 0xE7, 0x7E, 0x77, 0x07, 0x00, 0x70, 0x07, 0x00, 0x70,
    0x3F, 0x83, 0xF8, 0x3F, 0x80, 0xFC, 0x7F, 0xFC, 0x7F, 0xFE, 0x7F, 0x1E, 0x3C, 0x1E, 0x3C, 0x0F,
    0x7C, 0x0F, 0x78, 0x07, 0x78, 0x07, 0xF0, 0x07, 0xF0, 0x03, 0xF0, 0x03, 0xE0, 0x03, 0xE0, 0x01,
    0xE0, 0x33, 0xC0, 0x7F, 0xC0, 0x7F, 0x80, 0x3F, 0x00, 0x3E, 0x00, 0x0F, 0x00, 0x1F, 0x00, 0x3E,
    0x00, 0x7C, 0x00, 0x38, 0x00, 0x70, 0x03, 0xF8, 0x1F, 0xFC, 0x7F, 0xFD, 0xFF, 0xFF, 0xCE, 0x7F,
    0x9C, 0xFE, 0x38, 0xFC, 0x71, 0xFC, 0xE7, 0xFD, 0xDF, 0x7F, 0xFC, 0x7F, 0xF0, 0x7F, 0xC0, 0x1C,
    0x00, 0x38, 0x00, 0x70, 0x03, 0xF8, 0x07, 0xF0, 0x0F, 0xE0, 0xF8, 0x7F, 0xF3, 0xFF, 0xDF, 0xCF,
    0xF8, 0x1F, 0xE0, 0x3F, 0x00, 0xF8, 0x03, 0xF0, 0x1F, 0xE0, 0xFF, 0x8F, 0xDF, 0xFF, 0x3F, 0xF8,
    0x7C, 0xF9, 0xFF, 0xE7, 0xFF, 0x9F, 0xCE, 0x1C, 0x38, 0x70, 0xE1, 0xC3, 0x87, 0x0E, 0x1C, 0x38,
    0x70, 0xE1, 0xCF, 0xFF, 0xFF, 0xFF, 0xFF, 0xFC, 0x00, 0x70, 0x01, 0xC0, 0x07, 0x00, 0x00, 0xF9,
    0xFF, 0xE7, 0xFF, 0x9F, 0xCE, 0x1C, 0x38, 0x70, 0xE1, 0xC3, 0xCF, 0x0F, 0xFC, 0x1F, 0xF0, 0x3F,
    0xC0, 0x1F, 0xC0, 0x7F, 0x01, 0xFC, 0xFB, 0xEF, 0xFF, 0x7D, 0xFF, 0xEF, 0xBF, 0x9C, 0x71, 0xC3,
    0x8E, 0x38, 0x71, 0xC7, 0x0E, 0x38, 0xE1, 0xC7, 0x1C, 0x38, 0xE3, 0x87, 0x1C, 0x73, 0xFF, 0xFF,
    0xFF, 0xFF, 0xFF, 0xFF, 0xFE, 0xFB, 0xEF, 0xFF, 0x7D, 0xFF, 0xEF, 0xBF, 0x9C, 0x71, 0xC3, 0x8E,
    0x38, 0x71, 0xC7, 0x0E, 0x38, 0xE1, 0xC7, 0x1C, 0x38, 0xE3, 0x87, 0x1C, 0x73, 0xFF, 0xFF, 0xFF,
    0xFF, 0xFF, 0xFF, 0xFE, 0x00, 0x01, 0xC0, 0x00, 0x38, 0x00, 0x07, 0x00, 0x00, 0x00, 0xFF, 0x83,
    0xFE, 0x0F, 0xF8, 0x3B, 0x80, 0xEE, 0x03, 0xBF, 0xC0, 0xFF, 0x83, 0xFF, 0x0E, 0x3C, 0x38, 0xF7,
    0xFF, 0xDF, 0xFE, 0x7F, 0xF0, 0xFE, 0x1F, 0xFF, 0x87, 0xFF, 0xE1, 0xFC, 0xE0, 0x1C, 0x38, 0x07,
    0x0F, 0xF1, 0xC3, 0xFE, 0x70, 0xFF, 0xDC, 0x38, 0xF7, 0x0E, 0x3D, 0xCF, 0xFF, 0x7F, 0xFF, 0x9F,
    0xFF, 0xC7, 0xC0, 0xFE, 0x0F, 0xE0, 0xFE, 0x03, 0x80, 0x38, 0x03, 0xFC, 0x3F, 0xE3, 0xFF, 0x38,
    0xF3, 0x8F, 0xFF, 0xFF, 0xFE, 0xFF, 0xC0, 0x1F, 0xC3, 0xFE, 0x7F, 0xE7, 0x9F, 0x78, 0xF7, 0xFF,
    0x0F, 0xF0, 0xFF, 0x30, 0xF7, 0x9F, 0x7F, 0xE3, 0xFE, 0x1F, 0x80, 0xF8, 0x7E, 0x3E, 0x3F, 0xEF,
    0x9F, 0xF8, 0xEF, 0x9F, 0x3B, 0xC3, 0xCF, 0xF0, 0x73, 0xF8, 0x1C, 0xFF, 0x07, 0x3B, 0xC3, 0xCE,
    0xF9, 0xFF, 0xFF, 0xFB, 0xFB, 0xFE, 0xFE, 0x7E, 0x00, 0x0F, 0xFC, 0x7F, 0xF3, 0xFF, 0xCF, 0x1C,
    0x38, 0x70, 0xF1, 0xC3, 0xFF, 0x07, 0xFC, 0x0F, 0xF1, 0xF9, 0xCF, 0xFF, 0xDF, 0x7F, 0x7D, 0xFC,
    0x3B, 0xC3, 0xFC, 0x3F, 0xC0, 0x00, 0x1F, 0x87, 0xFC, 0x7F, 0xEF, 0x9E, 0xF1, 0xEF, 0xFE, 0xFF,
    0xEF, 0xFE, 0xF0, 0x4F, 0x9E, 0x7F, 0xE7, 0xFE, 0x1F, 0x80, 0x1F, 0xC7, 0xFE, 0x7F, 0xEF, 0x8F,
    0xF0, 0xFF, 0xFA, 0xFF, 0x8F, 0xF8, 0xF0, 0x6F, 0x8F, 0x7F, 0xF7, 0xFE, 0x1F, 0xC0, 0x38, 0x7C,
    0x7C, 0x38, 0x00, 0xF8, 0xF8, 0xF8, 0xB8, 0x38, 0x38, 0x38, 0x38, 0x38, 0x3E, 0x3E, 0x3E, 0x1E,
    0xFE, 0xFE, 0xEE, 0x00, 0xF8, 0xF8, 0xF8, 0xB8, 0x38, 0x38, 0x38, 0x38, 0x38, 0x3E, 0x3E, 0x3E,
    0x1E, 0x00, 0x1F, 0xFF, 0xFF, 0xFF, 0xFF, 0xFF, 0x38, 0x00, 0xE0, 0x03, 0x80, 0x0E, 0x00, 0x38,
    0x00, 0xE0, 0x03, 0x80, 0x0E, 0x00, 0x38, 0x00, 0xE0, 0x03, 0x80, 0x0E, 0x00, 0x38, 0x00, 0xE0,
    0x0F, 0xF0, 0x3F, 0xC0, 0xFF, 0x00, 0x00, 0xFF, 0xFF, 0xFF, 0xFF, 0xF3, 0x80, 0x70, 0x0E, 0x01,
    0xC0, 0x38, 0x07, 0x00, 0xE0, 0x7F, 0x0F, 0xE1, 0xFC, 0x00, 0x7E, 0x0F, 0x1F, 0x07, 0x87, 0xC3,
    0xC3, 0xF3, 0xE0, 0xF9, 0xF0, 0x7E, 0xF0, 0x7F, 0xF8, 0x7F, 0xF8, 0x3D, 0xF8, 0x3E, 0x7C, 0x1F,
    0x1F, 0x0F, 0x0F, 0x87, 0x83, 0xE3, 0xC0, 0xFB, 0xE0, 0x7C, 0x3F, 0xC0, 0xFF, 0xE1, 0xFF, 0xC1,
    0xFF, 0xC0, 0x0F, 0x80, 0x1F, 0x00, 0x3E, 0x00, 0x7C, 0x00, 0xF8, 0x01, 0xF0, 0x03, 0xE3, 0xFF,
    0xEF, 0xFF, 0xFF, 0xFF, 0xBF, 0xFF, 0x00, 0x3E, 0x0F, 0xC7, 0xF8, 0xFE, 0x07, 0x81, 0xE0, 0x78,
    0x1E, 0x07, 0x81, 0xE0, 0xF9, 0xFE, 0xFF, 0xFE, 0xFF, 0x3C, 0x00, 0x7F, 0xFD, 0xFF, 0xF7, 0xFF,
    0xDF, 0xFE, 0x01, 0xF0, 0x07, 0xC0, 0x1F, 0x00, 0x7C, 0x01, 0xF0, 0x07, 0xC0, 0x1F, 0x00, 0x7C,
    0x01, 0xF0, 0x07, 0xC0, 0x1F, 0x00, 0xFF, 0xF3, 0xFF, 0xEF, 0xFF, 0xDF, 0xFF, 0x00, 0x3C, 0x00,
    0xF0, 0x03, 0xFE, 0x0F, 0xF8, 0x3F, 0xE0, 0xFF, 0x83, 0xFE, 0x0F, 0xF8, 0x3F, 0xE0, 0xFF, 0x83,
    0xC0, 0x7E, 0xFD, 0xFB, 0xF1, 0xE3, 0xC7, 0x8F, 0x1E, 0x3C, 0x78, 0xF1, 0xE3, 0xC7, 0x80, 0x7F,
    0xBF, 0xDF, 0xEF, 0xE3, 0xE1, 0xE0, 0xF0, 0x78, 0x7C, 0x1E, 0x0F, 0x07, 0x83, 0xE1, 0xF0, 0xF8,
    0x7F, 0xFC, 0x7F, 0xFE, 0x7F, 0xFE, 0x7F, 0xFF, 0x3C, 0x1F, 0x3C, 0x1F, 0x3C, 0x1F, 0x3C, 0x1F,
    0x3C, 0x1F, 0x3C, 0x1F, 0x3C, 0x1F, 0x3C, 0x1F, 0x3C, 0x1F, 0x3C, 0x1F, 0x3C, 0x1F, 0xF3, 0xF1,
    0xE7, 0xF3, 0xCF, 0xF7, 0x9F, 0xEF, 0x03, 0xFE, 0x07, 0xFC, 0x0F, 0xF8, 0x1F, 0xF0, 0x3F, 0xF0,
    0x7F, 0xE1, 0xF3, 0xFF, 0xE7, 0xFF, 0x87, 0xFE, 0x03, 0xF8, 0x00, 0x7E, 0xFD, 0xFB, 0xF1, 0xE3,
    0xC7, 0x8F, 0x1E, 0x7F, 0xE3, 0xFF, 0x9F, 0xFE, 0xFF, 0xF0, 0x0F, 0x80, 0x3C, 0x01, 0xE0, 0x0F,
    0x00, 0x78, 0x03, 0xC0, 0x1E, 0x00, 0xF0, 0x07, 0x80, 0x3C, 0x01, 0xE0, 0x0F, 0x00, 0x78, 0x03,
    0xC0, 0x1E, 0x00, 0xF0, 0x7F, 0x83, 0xFF, 0x1F, 0xF8, 0xFF, 0xE0, 0x1F, 0x00, 0x7C, 0x03, 0xE0,
    0x1F, 0x00, 0xF8, 0x07, 0xC0, 0x7C, 0xFF, 0xEF, 0xFE, 0x7F, 0xF3, 0xFE, 0x00, 0xF8, 0x03, 0xE0,
    0x0F, 0x80, 0x3E, 0x00, 0xFF, 0xFB, 0xFF, 0xEF, 0xFF, 0x9F, 0xFE, 0x00, 0xF0, 0x07, 0xC0, 0x1F,
    0x00, 0x78, 0x03, 0xE0, 0x0F, 0x80, 0x3C, 0x01, 0xF0, 0x07, 0xC0, 0x1E, 0x00, 0xF8, 0x00, 0xFF,
    0xF9, 0xFF, 0xFB, 0xFF, 0xFB, 0xFF, 0xF7, 0xC1, 0xEF, 0x83, 0xDF, 0x07, 0xBE, 0x0F, 0x7C, 0x1E,
    0xF8, 0x3D, 0xF0, 0x7B, 0xFF, 0xF7, 0xFF, 0xEF, 0xFF, 0xDF, 0xFF, 0x80, 0x78, 0xFC, 0x3C, 0xFF,
    0x1F, 0xFF, 0xC7, 0xFF, 0xF3, 0xF0, 0xF9, 0xF0, 0x7C, 0x78, 0x1E, 0x7C, 0x0F, 0x3E, 0x07, 0x9F,
    0x07, 0xCF, 0x03, 0xE7, 0x9F, 0xE7, 0xCF, 0xF3, 0xEF, 0xF1, 0xF7, 0xF0, 0x7E, 0xFD, 0xFB, 0xF1,
    0xE3, 0xC7, 0x8F, 0x1E, 0x3C, 0x78, 0xF1, 0xE3, 0xC7, 0x8F, 0x1E, 0x3C, 0x78, 0xF0, 0x7C, 0xFE,
    0xFF, 0x7F, 0x1F, 0x1F, 0x1F, 0x1F, 0x1F, 0x1F, 0x1F, 0xFF, 0xFF, 0xFF, 0xFF, 0x7F, 0xF8, 0x7F,
    0xFE, 0x7F, 0xFE, 0x7F, 0xFF, 0x3C, 0x1F, 0x3C, 0x0F, 0x7C, 0x0F, 0x7C, 0x0F, 0x7C, 0x0F, 0x7C,
    0x1F, 0x3C, 0x1F, 0x3F, 0xFE, 0x3F, 0xFE, 0x1F, 0xFC, 0x07, 0xF8, 0x00, 0x00, 0xF8, 0x3D, 0xF0,
    0x79, 0xE0, 0xF3, 0xC3, 0xE7, 0xC7, 0xCF, 0x8F, 0x9F, 0x1F, 0x1E, 0x3E, 0x3C, 0x78, 0x79, 0xF0,
    0xF3, 0xE1, 0xFF, 0x8F, 0xFE, 0x3F, 0xF8, 0x7F, 0xC0, 0xF8, 0x00, 0x00, 0x00, 0x3F, 0xC1, 0xFF,
    0xCF, 0xFF, 0xBF, 0xFE, 0xF0, 0x7F, 0xC1, 0xFF, 0x07, 0xFF, 0x0F, 0x7C, 0x3C, 0xF0, 0xF0, 0x83,
    0xC0, 0x0F, 0x00, 0x3C, 0x00, 0xF0, 0x03, 0xC0, 0x0F, 0x00, 0x3C, 0x00, 0xF0, 0x03, 0xC0, 0x0F,
    0x1F, 0xE0, 0x7F, 0xF1, 0xFF, 0xF3, 0xFF, 0xE7, 0x83, 0xEF, 0x07, 0xDF, 0x0F, 0xBF, 0x0F, 0x3E,
    0x3E, 0x3C, 0x7C, 0x01, 0xF9, 0xFF, 0xE7, 0xFF, 0x8F, 0xFE, 0x1F, 0xF8, 0x00, 0xF8, 0x3D, 0xF0,
    0xF7, 0xC7, 0xCF, 0x1F, 0x3E, 0x7C, 0xF9, 0xE1, 0xEF, 0x87, 0xFC, 0x1F, 0xF0, 0x3F, 0x80, 0xF8,
    0x03, 0xE0, 0x07, 0x80, 0x1F, 0x00, 0x7C, 0x00, 0xF0, 0x03, 0xC0, 0x0F, 0x80, 0x3E, 0x00, 0x78,
    0x7C, 0x3D, 0xF0, 0xF3, 0xE7, 0xCF, 0xDF, 0x1F, 0x7C, 0x3F, 0xE0, 0xFF, 0x81, 0xFC, 0x03, 0xE0,
    0x0F, 0x80, 0x1F, 0x0F, 0xFE, 0x7F, 0xF9, 0xFF, 0xE7, 0xFF, 0x80, 0xFF, 0xFF, 0xFF, 0xFF, 0xFF,
    0xFB, 0xFF, 0xE0, 0x03, 0xC0, 0x0F, 0x80, 0x1F, 0x7C, 0x3C, 0xF8, 0xF9, 0xF1, 0xF3, 0xE3, 0xC7,
    0xC7, 0x8F, 0x9F, 0x1F, 0x3E, 0x3E, 0x78, 0x7C, 0x00, 0xF8, 0x01, 0xF0, 0x03, 0xE0, 0x07, 0xC0,
    0x00, 0x7F, 0xC7, 0xFE, 0x7F, 0xF7, 0xFF, 0x00, 0xF0, 0x0F, 0x00, 0xF0, 0x0F, 0x00, 0xF0, 0x0F,
    0x00, 0xF0, 0x0F, 0x00, 0xF0, 0x0F, 0x00, 0xF0, 0xF9, 0xE7, 0xFE, 0x79, 0xFF, 0x9E, 0x7F, 0xEF,
    0x9F, 0xFB, 0xE7, 0xFE, 0xF1, 0xFF, 0xFC, 0x7F, 0xFE, 0x1E, 0xFF, 0x07, 0x9E, 0x03, 0xE7, 0xC0,
    0xF9, 0xFF, 0xFC, 0x3F, 0xFF, 0x07, 0xFF, 0x80, 0x7F, 0x80, 0x7F, 0xFC, 0x3F, 0xFF, 0x9F, 0xFF,
    0xC7, 0xFF, 0xF1, 0xF0, 0xF8, 0xF8, 0x7C, 0x7C, 0x3E, 0x3E, 0x1F, 0x1F, 0x0F, 0x8F, 0x87, 0xC7,
    0xC3, 0xE7, 0xE1, 0xF7, 0xE0, 0xFB, 0xF0, 0x7D, 0xF0, 0x3E, 0x23, 0xDF, 0xEF, 0xFD, 0xE0, 0x00,
    0x7C, 0xF1, 0xE7, 0xCF, 0x9F, 0x7E, 0x00, 0x00, 0x00, 0x00, 0x06, 0x1F, 0x7E, 0xFC, 0xF8, 0xE0,
    0x00, 0x01, 0xFF, 0x1F, 0xFF, 0xFF, 0xFF, 0xFF, 0x7C, 0x3B, 0xE0, 0x1F, 0xC0, 0x7F, 0x01, 0xFC,
    0x07, 0xE0, 0x0F, 0x00, 0x78, 0x00, 0x00, 0x0C, 0x01, 0xF8, 0x0F, 0xC0, 0x7E, 0x03, 0xE0, 0x06,
    0x00, 0x1F, 0x87, 0xF0, 0xFE, 0x3F, 0xC7, 0x80, 0xF0, 0x1F, 0x71, 0xFF, 0x7F, 0xFF, 0xFF, 0xFE,
    0x3E, 0x04, 0x00, 0xFF, 0xBF, 0xEF, 0xFF, 0xFE, 0xFE, 0x00, 0x38, 0xF3, 0x83, 0xA7, 0xDF, 0x98,
    0x00, 0x00, 0xC7, 0xBF, 0x7C, 0xE0, 0x00, 0x03, 0xCF, 0xBE, 0x79, 0xE7, 0x9F, 0x7D, 0xF7, 0xCF,
    0x3C, 0xF3, 0xCF, 0x3C, 0xF0, 0x00, 0x00, 0x07, 0x83, 0xBC, 0x3D, 0xF1, 0xEF, 0xFF, 0x3F, 0xF1,
    0xFF, 0x8F, 0xF0, 0x7C, 0x03, 0xE0, 0x1F, 0x00, 0x78, 0x03, 0xC0, 0x1E, 0x00, 0xF0, 0x07, 0x80,
    0x3C, 0x01, 0xE0, 0x00, 0x00, 0x00, 0x03, 0xC0, 0xFF, 0xBF, 0xFE, 0xFF, 0x7F, 0xFD, 0xFF, 0xF7,
    0xFF, 0xDF, 0xFE, 0x7C, 0x01, 0xF0, 0x03, 0xC0, 0x0F, 0x00, 0x3C, 0x00, 0xF0, 0x03, 0xC0, 0x0F,
    0x00, 0x3C, 0x00, 0xF0, 0x00, 0x00, 0x00, 0x00, 0x00, 0xF0, 0x1F, 0x03, 0xF0, 0x7E, 0x07, 0xC0,
    0x78, 0x07, 0xF0, 0x7F, 0x03, 0xF0, 0x3F, 0x07, 0xE0, 0x78, 0x0F, 0x80, 0xFF, 0xE7, 0xFE, 0x7F,
    0xF3, 0xFE, 0x03, 0x00, 0x07, 0x01, 0xFC, 0x3F, 0xE7, 0xFE, 0x7F, 0xF7, 0x9F, 0xF8, 0xFF, 0x0F,
    0xF0, 0xFF, 0x8F, 0x7F, 0xF7, 0xFE, 0x3F, 0xE1, 0xFC, 0x00, 0x07, 0xFF, 0x3F, 0xF9, 0xFF, 0xCF,
    0xFE, 0x00, 0xF0, 0x07, 0x80, 0x3C, 0x01, 0xE0, 0x0F, 0x00, 0x7C, 0x03, 0xE0, 0x0F, 0x00, 0x78,
    0x03, 0xC0, 0x1E, 0x00, 0xF0, 0x07, 0xC0, 0x10, 0x10, 0x11, 0xE0, 0x7B, 0xE0, 0xF7, 0xC3, 0xE7,
    0x87, 0xCF, 0x8F, 0x0F, 0x3E, 0x1E, 0x78, 0x3E, 0xF0, 0x7F, 0xE0, 0x7F, 0x80, 0xFF, 0x01, 0xFE,
    0x01, 0xF8, 0x03, 0xF0, 0x07, 0xE0, 0x07, 0x80, 0x0F, 0x00, 0x18, 0x00, 0x00, 0x00, 0x0F, 0x00,
    0x1F, 0x00, 0x3E, 0x00, 0xFC, 0x01, 0xFC, 0x03, 0xF8, 0x0F, 0xF0, 0x1F, 0xE0, 0x3F, 0xE0, 0xFB,
    0xC1, 0xE7, 0x83, 0xCF, 0x8F, 0x8F, 0x1E, 0x1E, 0x7C, 0x3E, 0xF8, 0x3D, 0xE0, 0x78, 0xC0, 0xC0,
    0x00, 0x01, 0xF8, 0x3F, 0xC7, 0xFC, 0xFF, 0xEF, 0x3E, 0xF1, 0xEF, 0xFE, 0xFF, 0xE7, 0xFE, 0x3F,
    0xE0, 0xFF, 0x01, 0xF0, 0x0F, 0x00, 0xF0, 0x0F, 0x00, 0xF0, 0x0F, 0x00, 0x00, 0x00, 0x01, 0xC0,
    0x00, 0xF8, 0x00, 0x3E, 0x78, 0x07, 0x9E, 0x01, 0xE7, 0x80, 0x7F, 0xE0, 0x1F, 0xF8, 0x07, 0xFE,
    0x01, 0xEF, 0x80, 0x79, 0xF0, 0x7E, 0x7F, 0xFF, 0x0F, 0xFF, 0x81, 0xFF, 0xC0, 0x1F, 0xC0, 0xFF,
    0xFF, 0xF8, 0x0C, 0x01, 0xC0, 0x7C, 0x1F, 0xC1, 0xFC, 0x7F, 0x9F, 0xFB, 0xCF, 0xF9, 0xFF, 0x3F,
    0xFF, 0xBF, 0xF7, 0xFC, 0x7F, 0x00, 0x00, 0x00, 0xC7, 0xBF, 0x7C, 0xE0, 0x00, 0x03, 0xCF, 0xBE,
    0x79, 0xE7, 0x9F, 0x7D, 0xF7, 0xCF, 0x3C, 0xF3, 0xCF, 0x3C, 0xF0, 0x00, 0x00, 0x07, 0x83, 0xBC,
    0x3D, 0xF1, 0xEF, 0xFF, 0x3F, 0xF1, 0xFF, 0x8F, 0xF0, 0x7C, 0x03, 0xE0, 0x1F, 0x00, 0x78, 0x03,
    0xC0, 0x1E, 0x00, 0xF0, 0x07, 0x80, 0x3C, 0x01, 0xE0, 0x00, 0x00, 0x00, 0x03, 0xC0, 0xFF, 0xBF,
    0xFE, 0xFF, 0x7F, 0xFD, 0xFF, 0xF7, 0xFF, 0xDF, 0xFE, 0x7C, 0x01, 0xF0, 0x03, 0xC0, 0x0F, 0x00,
    0x3C, 0x00, 0xF0, 0x03, 0xC0, 0x0F, 0x00, 0x3C, 0x00, 0xF0, 0x00, 0x00, 0x00, 0x00, 0x07, 0x9F,
    0x3D, 0xF9, 0xEF, 0xCF, 0xF8, 0x7F, 0xF9, 0xFF, 0xCF, 0xFF, 0x7F, 0xF3, 0xFC, 0x1F, 0x00, 0xF8,
    0x07, 0xC0, 0x1E, 0x00, 0xF0, 0x07, 0x80, 0x3C, 0x01, 0xE0, 0x00, 0x00, 0x03, 0x00, 0x1E, 0x00,
    0xF8, 0x01, 0xF0, 0x0F, 0xE0, 0x7F, 0xC1, 0xFF, 0x0F, 0xBE, 0x7C, 0x79, 0xE1, 0xF7, 0x87, 0xDE,
    0xCF, 0xFB, 0xBF, 0xFF, 0xF7, 0xFF, 0x9F, 0xFE, 0x3F, 0xF0, 0x1F, 0xC3, 0xFC, 0x3F, 0x87, 0xF8,
    0x78, 0x07, 0x80, 0x7C, 0x63, 0xFE, 0x3F, 0xF0, 0xFF, 0x0F, 0xC1, 0xF8, 0x3F, 0x03, 0xE0, 0x7C,
    0x07, 0xC0, 0x78, 0x01, 0x80, 0x10, 0x11, 0xE0, 0x7B, 0xE0, 0xF7, 0xC3, 0xE7, 0x87, 0xCF, 0x8F,
    0x0F, 0x3E, 0x1E, 0x78, 0x3E, 0xF0, 0x7F, 0xE0, 0x7F, 0x80, 0xFF, 0x01, 0xFE, 0x01, 0xF8, 0x03,
    0xF0, 0x07, 0xE0, 0x07, 0x80, 0x0F, 0x00, 0x18, 0x00, 0x00, 0x00, 0x0F, 0x00, 0x1F, 0x00, 0x3E,
    0x00, 0xFC, 0x01, 0xFC, 0x03, 0xF8, 0x0F, 0xF0, 0x1F, 0xE0, 0x3F, 0xE0, 0xFB, 0xC1, 0xE7, 0x83,
    0xCF, 0x8F, 0x8F, 0x1E, 0x1E, 0x7C, 0x3E, 0xF8, 0x3D, 0xE0, 0x78, 0xC0, 0xC0, 0x00, 0x01, 0xF8,
    0x3F, 0xC7, 0xFC, 0xFF, 0xEF, 0x3E, 0xF1, 0xEF, 0xFE, 0xFF, 0xE7, 0xFE, 0x3F, 0xE0, 0xFF, 0x01,
    0xF0, 0x0F, 0x00, 0xF0, 0x0F, 0x00, 0xF0, 0x0F, 0x01, 0xE0, 0x00, 0xFC, 0x00, 0x3F, 0x00, 0x1F,
    0xE0, 0x07, 0xF8, 0x01, 0xFE, 0x00, 0xFF, 0xC0, 0x3C, 0xF0, 0x1F, 0x3E, 0x07, 0x8F, 0x81, 0xE1,
    0xE0, 0xFF, 0xFC, 0x3F, 0xFF, 0x1F, 0xFF, 0xE7, 0xFF, 0xF9, 0xF0, 0x3E, 0xF8, 0x07, 0xFE, 0x01,
    0xF0, 0x00, 0x00, 0x03, 0x80, 0x01, 0xE0, 0x00, 0x78, 0x00, 0x1E, 0x00, 0x00, 0x00, 0x1F, 0x81,
    0xFF, 0x0F, 0xFC, 0x7F, 0xE0, 0x0F, 0x01, 0x7C, 0xFF, 0xEF, 0xFF, 0x7F, 0xFB, 0xC7, 0xDE, 0x3E,
    0xFF, 0xF7, 0xFF, 0x9F, 0xFC, 0x1E, 0x00, 0xE0, 0x07, 0x80, 0x3C, 0x01, 0xE0, 0x00, 0x00, 0x03,
    0xE0, 0x00, 0xFC, 0x00, 0x3F, 0x00, 0x03, 0xC0, 0x01, 0xE0, 0x00, 0x70, 0x00, 0x1E, 0x00, 0x0F,
    0xC0, 0x03, 0xF0, 0x01, 0xFE, 0x00, 0x7F, 0x80, 0x1F, 0xE0, 0x0F, 0xFC, 0x03, 0xCF, 0x01, 0xF3,
    0xE0, 0x78, 0xF8, 0x1E, 0x1E, 0x0F, 0xFF, 0xC3, 0xFF, 0xF1, 0xFF, 0xFE, 0x7F, 0xFF, 0x9F, 0x03,
    0xEF, 0x80, 0x7F, 0xE0, 0x1F, 0x0F, 0x80, 0x7E, 0x03, 0xF0, 0x07, 0x80, 0x78, 0x03, 0x80, 0x7E,
    0x07, 0xFC, 0x3F, 0xF1, 0xFF, 0x80, 0x3C, 0x05, 0xF3, 0xFF, 0xBF, 0xFD, 0xFF, 0xEF, 0x1F, 0x78,
    0xFB, 0xFF, 0xDF, 0xFE, 0x7F, 0xF0, 0x78, 0x00, 0x00, 0x03, 0x00, 0x01, 0xE0, 0x00, 0xF8, 0x03,
    0x7C, 0x01, 0xFE, 0x00, 0xFF, 0x00, 0x7F, 0x80, 0x1C, 0xE0, 0x02, 0x10, 0x00, 0x78, 0x00, 0x3F,
    0x00, 0x0F, 0xC0, 0x07, 0xF8, 0x01, 0xFE, 0x00, 0x7F, 0x80, 0x3F, 0xF0, 0x0F, 0x3C, 0x07, 0xCF,
    0x81, 0xE3, 0xE0, 0x78, 0x78, 0x3F, 0xFF, 0x0F, 0xFF, 0xC7, 0xFF, 0xF9, 0xFF, 0xFE, 0x7C, 0x0F,
    0xBE, 0x01, 0xFF, 0x80, 0x7C, 0x00, 0x08, 0x00, 0x3C, 0x00, 0xF8, 0x13, 0xE0, 0x77, 0x81, 0xF4,
    0x07, 0xF0, 0x0E, 0xE0, 0x08, 0xC0, 0x3F, 0x00, 0xFF, 0x81, 0xFF, 0x83, 0xFF, 0x00, 0x1E, 0x00,
    0xBE, 0x1F, 0xFC, 0x7F, 0xF8, 0xFF, 0xF1, 0xE3, 0xE3, 0xC7, 0xC7, 0xFF, 0x8F, 0xFF, 0x0F, 0xFE,
    0x03, 0xC0, 0x00, 0x00, 0x00, 0x0C, 0x00, 0x07, 0x80, 0x01, 0xF0, 0x00, 0xFE, 0x00, 0x7F, 0x00,
    0x3F, 0x00, 0x1F, 0xE0, 0x07, 0x38, 0x00, 0x84, 0x00, 0x1E, 0x00, 0x0F, 0xC0, 0x03, 0xF0, 0x01,
    0xFE, 0x00, 0x7F, 0x80, 0x1F, 0xE0, 0x0F, 0xFC, 0x03, 0xCF, 0x01, 0xF3, 0xE0, 0x78, 0xF8, 0x1E,
    0x1E, 0x0F, 0xFF, 0xC3, 0xFF, 0xF1, 0xFF, 0xFE, 0x7F, 0xFF, 0x9F, 0x03, 0xEF, 0x80, 0x7F, 0xE0,
    0x1F, 0x00, 0x00, 0x06, 0x00, 0x78, 0x03, 0xE0, 0x2F, 0x83, 0xBC, 0x3E, 0x43, 0xF8, 0x1D, 0xC0,
    0x46, 0x07, 0xE0, 0x7F, 0xC3, 0xFF, 0x1F, 0xF8, 0x03, 0xC0, 0x5F, 0x3F, 0xFB, 0xFF, 0xDF, 0xFE,
    0xF1, 0xF7, 0x8F, 0xBF, 0xFD, 0xFF, 0xE7, 0xFF, 0x07, 0x80, 0x00, 0x3E, 0x00, 0x0F, 0xC0, 0x03,
    0xF0, 0x00, 0x3C, 0x00, 0xDE, 0x00, 0x7F, 0x00, 0x3F, 0x00, 0x1F, 0xE0, 0x07, 0x38, 0x00, 0x84,
    0x00, 0x1E, 0x00, 0x0F, 0xC0, 0x03, 0xF0, 0x01, 0xFE, 0x00, 0x7F, 0x80, 0x1F, 0xE0, 0x0F, 0xFC,
    0x03, 0xCF, 0x01, 0xF3, 0xE0, 0x78, 0xF8, 0x1E, 0x1E, 0x0F, 0xFF, 0xC3, 0xFF, 0xF1, 0xFF, 0xFE,
    0x7F, 0xFF, 0x9F, 0x03, 0xEF, 0x80, 0x7F, 0xE0, 0x1F, 0x00, 0x60, 0x03, 0xF0, 0x0F, 0xC0, 0x07,
    0x02, 0x3C, 0x1D, 0xE0, 0xFF, 0x07, 0xF0, 0x1D, 0xC0, 0x23, 0x01, 0xF8, 0x0F, 0xF8, 0x3F, 0xF0,
    0xFF, 0xC0, 0x0F, 0x00, 0xBE, 0x3F, 0xF9, 0xFF, 0xE7, 0xFF, 0x9E, 0x3E, 0x78, 0xF9, 0xFF, 0xE7,
    0xFF, 0x8F, 0xFE, 0x07, 0x80, 0x00, 0x00, 0x01, 0xF6, 0x00, 0x7F, 0xC0, 0x3F, 0xE0, 0x06, 0x70,
    0x00, 0x30, 0x00, 0x1E, 0x00, 0x0F, 0xC0, 0x07, 0xF8, 0x01, 0xCE, 0x00, 0x21, 0x00, 0x07, 0x80,
    0x03, 0xF0, 0x00, 0xFC, 0x00, 0x7F, 0x80, 0x1F, 0xE0, 0x07, 0xF8, 0x03, 0xFF, 0x00, 0xF3, 0xC0,
    0x7C, 0xF8, 0x1E, 0x3E, 0x07, 0x87, 0x83, 0xFF, 0xF0, 0xFF, 0xFC, 0x7F, 0xFF, 0x9F, 0xFF, 0xE7,
    0xC0, 0xFB, 0xE0, 0x1F, 0xF8, 0x07, 0xC0, 0x1E, 0x61, 0xFF, 0x0F, 0xF8, 0x77, 0x80, 0x20, 0x03,
    0x80, 0x3E, 0x03, 0xF8, 0x1D, 0xC0, 0x46, 0x07, 0xE0, 0x7F, 0xC3, 0xFF, 0x1F, 0xF8, 0x03, 0xC0,
    0x5F, 0x3F, 0xFB, 0xFF, 0xDF, 0xFE, 0xF1, 0xF7, 0x8F, 0xBF, 0xFD, 0xFF, 0xE7, 0xFF, 0x07, 0x80,
    0x00, 0xC0, 0x00, 0x78, 0x00, 0x3F, 0x00, 0x1F, 0xE0, 0x07, 0x38, 0x00, 0x84, 0x00, 0x1E, 0x00,
    0x0F, 0xC0, 0x03, 0xF0, 0x01, 0xFE, 0x00, 0x7F, 0x80, 0x1F, 0xE0, 0x0F, 0xFC, 0x03, 0xCF, 0x01,
    0xF3, 0xE0, 0x78, 0xF8, 0x1E, 0x1E, 0x0F, 0xFF, 0xC3, 0xFF, 0xF1, 0xFF, 0xFE, 0x7F, 0xFF, 0x9F,
    0x03, 0xEF, 0x80, 0x7F, 0xE0, 0x1F, 0x00, 0x00, 0x00, 0x38, 0x00, 0x1E, 0x00, 0x07, 0x80, 0x01,
    0xE0, 0x00, 0x00, 0x00, 0x02, 0x00, 0x38, 0x03, 0xE0, 0x3F, 0x81, 0xDC, 0x04, 0x60, 0x7E, 0x07,
    0xFC, 0x3F, 0xF1, 0xFF, 0x80, 0x3C, 0x05, 0xF3, 0xFF, 0xBF, 0xFD, 0xFF, 0xEF, 0x1F, 0x78, 0xFB,
    0xFF, 0xDF, 0xFE, 0x7F, 0xF0, 0x78, 0x03, 0x80, 0x1E, 0x00, 0xF0, 0x07, 0x80, 0x00, 0x00, 0x00,
    0x00, 0x00, 0x0C, 0x00, 0x07, 0x80, 0x03, 0xE0, 0x01, 0xF0, 0x00, 0x38, 0x00, 0x77, 0xC0, 0x1F,
    0xE0, 0x07, 0xF8, 0x00, 0xFC, 0x00, 0x0C, 0x00, 0x07, 0x80, 0x03, 0xF0, 0x00, 0xFC, 0x00, 0x7F,
    0x80, 0x1F, 0xE0, 0x07, 0xF8, 0x03, 0xFF, 0x00, 0xF3, 0xC0, 0x7C, 0xF8, 0x1E, 0x3E, 0x07, 0x87,
    0x83, 0xFF, 0xF0, 0xFF, 0xFC, 0x7F, 0xFF, 0x9F, 0xFF, 0xE7, 0xC0, 0xFB, 0xE0, 0x1F, 0xF8, 0x07,
    0xC0, 0x00, 0xC0, 0x0F, 0x00, 0x78, 0x07, 0x80, 0x78, 0x01, 0x80, 0x73, 0x83, 0xFC, 0x1F, 0xE0,
    0x7E, 0x00, 0x00, 0x3F, 0x03, 0xFE, 0x1F, 0xF8, 0xFF, 0xC0, 0x1E, 0x02, 0xF9, 0xFF, 0xDF, 0xFE,
    0xFF, 0xF7, 0x8F, 0xBC, 0x7D, 0xFF, 0xEF, 0xFF, 0x3F, 0xF8, 0x3C, 0x00, 0x00, 0x00, 0x00, 0xC0,
    0x00, 0x78, 0x00, 0x1F, 0x00, 0x03, 0xE0, 0x00, 0x38, 0x00, 0x77, 0xC0, 0x1F, 0xE0, 0x07, 0xF8,
    0x00, 0xFC, 0x00, 0x0C, 0x00, 0x07, 0x80, 0x03, 0xF0, 0x00, 0xFC, 0x00, 0x7F, 0x80, 0x1F, 0xE0,
    0x07, 0xF8, 0x03, 0xFF, 0x00, 0xF3, 0xC0, 0x7C, 0xF8, 0x1E, 0x3E, 0x07, 0x87, 0x83, 0xFF, 0xF0,
    0xFF, 0xFC, 0x7F, 0xFF, 0x9F, 0xFF, 0xE7, 0xC0, 0xFB, 0xE0, 0x1F, 0xF8, 0x07, 0xC0, 0x00, 0x00,
    0x60, 0x07, 0x80, 0x3E, 0x00, 0xF8, 0x03, 0xC0, 0x73, 0x83, 0xFC, 0x1F, 0xE0, 0x7E, 0x00, 0x00,
    0x3F, 0x03, 0xFE, 0x1F, 0xF8, 0xFF, 0xC0, 0x1E, 0x02, 0xF9, 0xFF, 0xDF, 0xFE, 0xFF, 0xF7, 0x8F,
    0xBC, 0x7D, 0xFF, 0xEF, 0xFF, 0x3F, 0xF8, 0x3C, 0x00, 0x01, 0xC0, 0x00, 0xFC, 0x00, 0x3F, 0x00,
    0x01, 0xC0, 0x00, 0xF0, 0x00, 0x38, 0x00, 0x0C, 0x00, 0x1C, 0xF0, 0x07, 0xF8, 0x01, 0xFE, 0x00,
    0x3F, 0x00, 0x03, 0x00, 0x01, 0xE0, 0x00, 0xFC, 0x00, 0x3F, 0x00, 0x1F, 0xE0, 0x07, 0xF8, 0x01,
    0xFE, 0x00, 0xFF, 0xC0, 0x3C, 0xF0, 0x1F, 0x3E, 0x07, 0x8F, 0x81, 0xE1, 0xE0, 0xFF, 0xFC, 0x3F,
    0xFF, 0x1F, 0xFF, 0xE7, 0xFF, 0xF9, 0xF0, 0x3E, 0xF8, 0x07, 0xFE, 0x01, 0xF0, 0x00, 0x00, 0x7C,
    0x03, 0xF0, 0x1F, 0x80, 0x3C, 0x03, 0xC0, 0x1C, 0x03, 0x9C, 0x1F, 0xE0, 0xFF, 0x03, 0xF0, 0x00,
    0x01, 0xF8, 0x1F, 0xF0, 0xFF, 0xC7, 0xFE, 0x00, 0xF0, 0x17, 0xCF, 0xFE, 0xFF, 0xF7, 0xFF, 0xBC,
    0x7D, 0xE3, 0xEF, 0xFF, 0x7F, 0xF9, 0xFF, 0xC1, 0xE0, 0x03, 0x98, 0x01, 0xFF, 0x00, 0xFF, 0xC0,
    0x1F, 0xE0, 0x00, 0x00, 0x01, 0xCF, 0x00, 0x7F, 0x80, 0x1F, 0xE0, 0x03, 0xF0, 0x00, 0x30, 0x00,
    0x1E, 0x00, 0x0F, 0xC0, 0x03, 0xF0, 0x01, 0xFE, 0x00, 0x7F, 0x80, 0x1F, 0xE0, 0x0F, 0xFC, 0x03,
    0xCF, 0x01, 0xF3, 0xE0, 0x78, 0xF8, 0x1E, 0x1E, 0x0F, 0xFF, 0xC3, 0xFF, 0xF1, 0xFF, 0xFE, 0x7F,
    0xFF, 0x9F, 0x03, 0xEF, 0x80, 0x7F, 0xE0, 0x1F, 0x0E, 0x60, 0xFF, 0x8F, 0xF8, 0x37, 0x80, 0x00,
    0x0E, 0x70, 0x7F, 0x83, 0xFC, 0x0F, 0xC0, 0x00, 0x07, 0xE0, 0x7F, 0xC3, 0xFF, 0x1F, 0xF8, 0x03,
    0xC0, 0x5F, 0x3F, 0xFB, 0xFF, 0xDF, 0xFE, 0xF1, 0xF7, 0x8F, 0xBF, 0xFD, 0xFF, 0xE7, 0xFF, 0x07,
    0x80, 0x07, 0x3C, 0x01, 0xFE, 0x00, 0x7F, 0x80, 0x0F, 0xC0, 0x00, 0xC0, 0x00, 0x78, 0x00, 0x3F,
    0x00, 0x0F, 0xC0, 0x07, 0xF8, 0x01, 0xFE, 0x00, 0x7F, 0x80, 0x3F, 0xF0, 0x0F, 0x3C, 0x07, 0xCF,
    0x81, 0xE3, 0xE0, 0x78, 0x78, 0x3F, 0xFF, 0x0F, 0xFF, 0xC7, 0xFF, 0xF9, 0xFF, 0xFE, 0x7C, 0x0F,
    0xBE, 0x01, 0xFF, 0x80, 0x7C, 0x00, 0x00, 0x00, 0xE0, 0x00, 0x78, 0x00, 0x1E, 0x00, 0x07, 0x80,
    0x00, 0x00, 0x00, 0x00, 0x00, 0xE7, 0x07, 0xF8, 0x3F, 0xC0, 0xFC, 0x00, 0x00, 0x7E, 0x07, 0xFC,
    0x3F, 0xF1, 0xFF, 0x80, 0x3C, 0x05, 0xF3, 0xFF, 0xBF, 0xFD, 0xFF, 0xEF, 0x1F, 0x78, 0xFB, 0xFF,
    0xDF, 0xFE, 0x7F, 0xF0, 0x78, 0x03, 0x80, 0x1E, 0x00, 0xF0, 0x07, 0x80, 0x00, 0x00, 0xFF, 0xF7,
    0xFF, 0xBF, 0xFD, 0xFF, 0xEF, 0x00, 0x78, 0x03, 0xC0, 0x1F, 0xFC, 0xFF, 0xE7, 0xFF, 0x3F, 0xF9,
    0xE0, 0x0F, 0x00, 0x78, 0x03, 0xFF, 0xDF, 0xFF, 0xFF, 0xFF, 0xFF, 0xC0, 0x00, 0x1C, 0x01, 0xF0,
    0x0F, 0x80, 0x3C, 0x00, 0x80, 0x0F, 0x81, 0xFF, 0x1F, 0xF8, 0xFF, 0xEF, 0x8F, 0x78, 0x7F, 0xFF,
    0xFF, 0xFF, 0xFF, 0xFF, 0xC0, 0x3F, 0x08, 0xFF, 0xE7, 0xFF, 0x0F, 0xF8, 0x1F, 0x00, 0xE0, 0x0F,
    0x00, 0x7C, 0x03, 0xC0, 0x04, 0x00, 0x1F, 0x00, 0xF8, 0x07, 0xE0, 0x0F, 0x00, 0xF0, 0x07, 0x03,
    0xFF, 0xDF, 0xFE, 0xFF, 0xF7, 0xFF, 0xBC, 0x01, 0xE0, 0x0F, 0x00, 0x7F, 0xF3, 0xFF, 0x9F, 0xFC,
    0xFF, 0xE7, 0x80, 0x3C, 0x01, 0xE0, 0x0F, 0xFF, 0x7F, 0xFF, 0xFF, 0xFF, 0xFF, 0x1F, 0x00, 0xFC,
    0x07, 0xE0, 0x07, 0x00, 0x78, 0x03, 0x80, 0x3E, 0x07, 0xFC, 0x7F, 0xE3, 0xFF, 0xBE, 0x3D, 0xE1,
    0xFF, 0xFF, 0xFF, 0xFF, 0xFF, 0xFF, 0x00, 0xFC, 0x23, 0xFF, 0x9F, 0xFC, 0x3F, 0xE0, 0x7C, 0x00,
    0x00, 0x01, 0xEE, 0x1F, 0xF0, 0xFF, 0x82, 0x78, 0x00, 0x03, 0xFF, 0xDF, 0xFE, 0xFF, 0xF7, 0xFF,
    0xBC, 0x01, 0xE0, 0x0F, 0x00, 0x7F, 0xF3, 0xFF, 0x9F, 0xFC, 0xFF, 0xE7, 0x80, 0x3C, 0x01, 0xE0,
    0x0F, 0xFF, 0x7F, 0xFF, 0xFF, 0xFF, 0xFF, 0x1E, 0xC1, 0xFF, 0x1F, 0xF8, 0x67, 0x80, 0x00, 0x07,
    0xC0, 0xFF, 0x8F, 0xFC, 0x7F, 0xF7, 0xC7, 0xBC, 0x3F, 0xFF, 0xFF, 0xFF, 0xFF, 0xFF, 0xE0, 0x1F,
    0x84, 0x7F, 0xF3, 0xFF, 0x87, 0xFC, 0x0F, 0x80, 0x00, 0x00, 0x00, 0x60, 0x03, 0xC0, 0x1F, 0x06,
    0xF8, 0x3F, 0xC1, 0xFC, 0x0F, 0xF0, 0x39, 0xC0, 0x42, 0x0F, 0xFF, 0x3F, 0xFC, 0xFF, 0xF3, 0xFF,
    0xCF, 0x00, 0x3C, 0x00, 0xF0, 0x03, 0xFF, 0x8F, 0xFE, 0x3F, 0xF8, 0xFF, 0xE3, 0xC0, 0x0F, 0x00,
    0x3C, 0x00, 0xFF, 0xF3, 0xFF, 0xEF, 0xFF, 0xBF, 0xFE, 0x00, 0x18, 0x00, 0x38, 0x00, 0xF0, 0x13,
    0xE0, 0x7F, 0x03, 0xFC, 0x0F, 0xF0, 0x1E, 0xE0, 0x10, 0x80, 0x1F, 0x00, 0xFF, 0x83, 0xFF, 0x07,
    0xFF, 0x1F, 0x1E, 0x3C, 0x3E, 0x7F, 0xFC, 0xFF, 0xF9, 0xFF, 0xF3, 0xE0, 0x07, 0xE1, 0x07, 0xFF,
    0x0F, 0xFE, 0x07, 0xFC, 0x03, 0xE0, 0x00, 0x00, 0x0C, 0x00, 0xF0, 0x07, 0xC0, 0x7F, 0x07, 0xF0,
    0x7F, 0x07, 0xF8, 0x39, 0xC0, 0x84, 0x3F, 0xFD, 0xFF, 0xEF, 0xFF, 0x7F, 0xFB, 0xC0, 0x1E, 0x00,
    0xF0, 0x07, 0xFF, 0x3F, 0xF9, 0xFF, 0xCF, 0xFE, 0x78, 0x03, 0xC0, 0x1E, 0x00, 0xFF, 0xF7, 0xFF,
    0xFF, 0xFF, 0xFF, 0xF0, 0x00, 0xC0, 0x0F, 0x00, 0x7C, 0x05, 0xF0, 0x77, 0x8F, 0xD8, 0xFF, 0x07,
    0xB8, 0x10, 0x80, 0x7C, 0x0F, 0xF8, 0xFF, 0xC7, 0xFF, 0x7C, 0x7B, 0xC3, 0xFF, 0xFF, 0xFF, 0xFF,
    0xFF, 0xFE, 0x01, 0xF8, 0x47, 0xFF, 0x3F, 0xF8, 0x7F, 0xC0, 0xF8, 0x00, 0xF0, 0x07, 0xE0, 0x0F,
    0xC0, 0x0F, 0x06, 0x78, 0x3D, 0xC1, 0xF8, 0x0F, 0xF0, 0x39, 0xC0, 0x42, 0x0F, 0xFF, 0x3F, 0xFC,
    0xFF, 0xF3, 0xFF, 0xCF, 0x00, 0x3C, 0x00, 0xF0, 0x03, 0xFF, 0x8F, 0xFE, 0x3F, 0xF8, 0xFF, 0xE3,
    0xC0, 0x0F, 0x00, 0x3C, 0x00, 0xFF, 0xF3, 0xFF, 0xEF, 0xFF, 0xBF, 0xFE, 0x00, 0xF8, 0x03, 0xF0,
    0x0F, 0xC0, 0x8F, 0x07, 0x78, 0x7F, 0xC3, 0xFC, 0x0F, 0x70, 0x10, 0x80, 0x3E, 0x03, 0xFE, 0x1F,
    0xF8, 0x7F, 0xF3, 0xE3, 0xCF, 0x0F, 0xBF, 0xFE, 0xFF, 0xFB, 0xFF, 0xEF, 0x80, 0x3F, 0x08, 0x7F,
    0xF1, 0xFF, 0xC1, 0xFF, 0x01, 0xF0, 0x00, 0x01, 0xFF, 0x0F, 0xF8, 0xFF, 0x83, 0x38, 0x03, 0x00,
    0x3C, 0x03, 0xF0, 0x3F, 0xC1, 0xCE, 0x04, 0x21, 0xFF, 0xEF, 0xFF, 0x7F, 0xFB, 0xFF, 0xDE, 0x00,
    0xF0, 0x07, 0x80, 0x3F, 0xF9, 0xFF, 0xCF, 0xFE, 0x7F, 0xF3, 0xC0, 0x1E, 0x00, 0xF0, 0x07, 0xFF,
    0xBF, 0xFF, 0xFF, 0xFF, 0xFF, 0x80, 0x1E, 0xC1, 0xFF, 0x0F, 0xF8, 0x6F, 0x80, 0x20, 0x03, 0x80,
    0x7E, 0x07, 0xF8, 0x3D, 0xC0, 0x84, 0x03, 0xE0, 0x7F, 0xC7, 0xFE, 0x3F, 0xFB, 0xE3, 0xDE, 0x1F,
    0xFF, 0xFF, 0xFF, 0xFF, 0xFF, 0xF0, 0x0F, 0xC2, 0x3F, 0xF9, 0xFF, 0xC3, 0xFE, 0x07, 0xC0, 0x06,
    0x00, 0x78, 0x07, 0xE0, 0x7F, 0x83, 0x9C, 0x08, 0x43, 0xFF, 0xDF, 0xFE, 0xFF, 0xF7, 0xFF, 0xBC,
    0x01, 0xE0, 0x0F, 0x00, 0x7F, 0xF3, 0xFF, 0x9F, 0xFC, 0xFF, 0xE7, 0x80, 0x3C, 0x01, 0xE0, 0x0F,
    0xFF, 0x7F, 0xFF, 0xFF, 0xFF, 0xFF, 0x00, 0x00, 0x70, 0x07, 0xC0, 0x3E, 0x00, 0xF0, 0x02, 0x00,
    0x02, 0x00, 0x38, 0x07, 0xE0, 0x7F, 0x83, 0xDC, 0x08, 0x40, 0x3E, 0x07, 0xFC, 0x7F, 0xE3, 0xFF,
    0xBE, 0x3D, 0xE1, 0xFF, 0xFF, 0xFF, 0xFF, 0xFF, 0xFF, 0x00, 0xFC, 0x23, 0xFF, 0x9F, 0xFC, 0x3F,
    0xE0, 0x7C, 0x03, 0x80, 0x3C, 0x01, 0xF0, 0x0F, 0x00, 0x10, 0x00, 0xFB, 0xFF, 0xCF, 0x79, 0xC7,
    0x9E, 0x79, 0xE7, 0x9E, 0x79, 0xE7, 0x9E, 0x79, 0xE7, 0x9E, 0x79, 0xE7, 0x9E, 0x78, 0xF9, 0xF8,
    0xF3, 0xC7, 0x0E, 0x3E, 0x7C, 0xF9, 0xF3, 0xE7, 0xCF, 0x9F, 0x3E, 0x7C, 0xF9, 0xF3, 0xE0, 0x7B,
    0xDE, 0xF7, 0xBD, 0xEF, 0x7B, 0xDE, 0xF7, 0xBD, 0xEF, 0x7B, 0xC0, 0xE7, 0xBD, 0xE0, 0x03, 0xFF,
    0xFF, 0x91, 0xDF, 0xFF, 0xFF, 0xFF, 0xFF, 0xFF, 0xFF, 0xFF, 0xF0, 0x3B, 0xFF, 0x79, 0x00, 0x03,
    0xF0, 0x03, 0xFF, 0x03, 0xFF, 0xE0, 0xFF, 0xFC, 0x7E, 0x1F, 0x9F, 0x03, 0xEF, 0x80, 0x7F, 0xE0,
    0x1F, 0xF8, 0x07, 0xFE, 0x01, 0xFF, 0x80, 0x7F, 0xE0, 0x1F, 0xF8, 0x0F, 0x9F, 0x03, 0xE7, 0xF7,
    0xF8, 0xFF, 0xFC, 0x1F, 0xFE, 0x03, 0xFF, 0x00, 0x1E, 0x00, 0x07, 0x00, 0x01, 0xE0, 0x00, 0x78,
    0x00, 0x1E, 0x00, 0x02, 0x00, 0x0F, 0x80, 0xFF, 0x87, 0xFF, 0x1F, 0xFC, 0xF8, 0xFB, 0xE1, 0xEF,
    0x07, 0xBC, 0x1E, 0xF0, 0x7B, 0xE3, 0xEF, 0xCF, 0x9F, 0xFC, 0x3F, 0xF0, 0x7F, 0x80, 0x70, 0x01,
    0xC0, 0x0F, 0x80, 0x3E, 0x00, 0x78, 0x00, 0x80, 0x03, 0xE0, 0x00, 0xFC, 0x00, 0x3F, 0x00, 0x03,
    0xC0, 0x01, 0xE0, 0x00, 0x70, 0x00, 0x3F, 0x00, 0x3F, 0xF0, 0x3F, 0xFE, 0x0F, 0xFF, 0xC7, 0xE1,
    0xF9, 0xF0, 0x3E, 0xF8, 0x07, 0xFE, 0x01, 0xFF, 0x80, 0x7F, 0xE0, 0x1F, 0xF8, 0x07, 0xFE, 0x01,
    0xFF, 0x80, 0xF9, 0xF0, 0x3E, 0x7F, 0x7F, 0x8F, 0xFF, 0xC1, 0xFF, 0xE0, 0x3F, 0xF0, 0x01, 0xE0,
    0x00, 0x0F, 0x00, 0x3E, 0x00, 0xFC, 0x00, 0xF0, 0x07, 0x80, 0x1C, 0x00, 0xF8, 0x0F, 0xF8, 0x7F,
    0xF1, 0xFF, 0xCF, 0x8F, 0xBE, 0x1E, 0xF0, 0x7B, 0xC1, 0xEF, 0x07, 0xBE, 0x3E, 0xFC, 0xF9, 0xFF,
    0xC3, 0xFF, 0x07, 0xF8, 0x07, 0x00, 0x00, 0x00, 0x00, 0x00, 0xC0, 0x00, 0x78, 0x00, 0x3E, 0x00,
    0xDF, 0x00, 0x7F, 0x00, 0x3F, 0x00, 0x1F, 0xE0, 0x07, 0x38, 0x00, 0x84, 0x00, 0x3F, 0x00, 0x3F,
    0xF0, 0x3F, 0xFE, 0x0F, 0xFF, 0xC7, 0xE1, 0xF9, 0xF0, 0x3E, 0xF8, 0x07, 0xFE, 0x01, 0xFF, 0x80,
    0x7F, 0xE0, 0x1F, 0xF8, 0x07, 0xFE, 0x01, 0xFF, 0x80, 0xF9, 0xF0, 0x3E, 0x7F, 0x7F, 0x8F, 0xFF,
    0xC1, 0xFF, 0xE0, 0x3F, 0xF0, 0x01, 0xE0, 0x00, 0x00, 0x18, 0x00, 0x38, 0x00, 0xF8, 0x13, 0xE0,
    0x77, 0x01, 0xF4, 0x07, 0xF8, 0x0E, 0xE0, 0x08, 0xC0, 0x1F, 0x00, 0xFF, 0x83, 0xFF, 0x87, 0xFF,
    0x1F, 0x1F, 0x3E, 0x1E, 0x78, 0x3C, 0xF0, 0x79, 0xE0, 0xF3, 0xE3, 0xE7, 0xE7, 0xC7, 0xFF, 0x07,
    0xFE, 0x07, 0xF8, 0x03, 0x80, 0x00, 0x00, 0x00, 0x1C, 0x00, 0x07, 0x80, 0x01, 0xF0, 0x00, 0xFE,
    0x00, 0x7B, 0x00, 0x3F, 0x00, 0x1F, 0xE0, 0x07, 0x38, 0x00, 0x84, 0x00, 0x3F, 0x00, 0x3F, 0xF0,
    0x3F, 0xFE, 0x0F, 0xFF, 0xC7, 0xE1, 0xF9, 0xF0, 0x3E, 0xF8, 0x07, 0xFE, 0x01, 0xFF, 0x80, 0x7F,
    0xE0, 0x1F, 0xF8, 0x07, 0xFE, 0x01, 0xFF, 0x80, 0xF9, 0xF0, 0x3E, 0x7F, 0x7F, 0x8F, 0xFF, 0xC1,
    0xFF, 0xE0, 0x3F, 0xF0, 0x01, 0xE0, 0x00, 0x00, 0x80, 0x07, 0x00, 0x3E, 0x00, 0x7C, 0x02, 0xF0,
    0x1D, 0xC0, 0xF8, 0x07, 0xF8, 0x1D, 0xC0, 0x23, 0x00, 0xF8, 0x0F, 0xF8, 0x7F, 0xF1, 0xFF, 0xCF,
    0x8F, 0xBE, 0x1E, 0xF0, 0x7B, 0xC1, 0xEF, 0x07, 0xBE, 0x3E, 0xFC, 0xF9, 0xFF, 0xC3, 0xFF, 0x07,
    0xF8, 0x07, 0x00, 0x00, 0x3E, 0x00, 0x0F, 0xC0, 0x03, 0xF0, 0x00, 0x3C, 0x00, 0xDE, 0x00, 0x7B,
    0x80, 0x3F, 0x00, 0x1F, 0xE0, 0x07, 0x38, 0x00, 0x84, 0x00, 0x3F, 0x00, 0x3F, 0xF0, 0x3F, 0xFE,
    0x0F, 0xFF, 0xC7, 0xE1, 0xF9, 0xF0, 0x3E, 0xF8, 0x07, 0xFE, 0x01, 0xFF, 0x80, 0x7F, 0xE0, 0x1F,
    0xF8, 0x07, 0xFE, 0x01, 0xFF, 0x80, 0xF9, 0xF0, 0x3E, 0x7F, 0x7F, 0x8F, 0xFF, 0xC1, 0xFF, 0xE0,
    0x3F, 0xF0, 0x01, 0xE0, 0x00, 0x00, 0x60, 0x03, 0xE0, 0x0F, 0xC0, 0x07, 0x02, 0x3C, 0x1D, 0xE0,
    0xFF, 0x07, 0xF8, 0x1D, 0xC0, 0x23, 0x00, 0xF8, 0x0F, 0xF8, 0x7F, 0xF1, 0xFF, 0xCF, 0x8F, 0xBE,
    0x1E, 0xF0, 0x7B, 0xC1, 0xEF, 0x07, 0xBE, 0x3E, 0xFC, 0xF9, 0xFF, 0xC3, 0xFF, 0x07, 0xF8, 0x07,
    0x00, 0x00, 0x00, 0x01, 0xFF, 0x00, 0xFF, 0xC0, 0x3F, 0xE0, 0x06, 0x70, 0x00, 0x30, 0x00, 0x1E,
    0x00, 0x0F, 0xC0, 0x07, 0xF8, 0x01, 0xCE, 0x00, 0x21, 0x00, 0x0F, 0xC0, 0x0F, 0xFC, 0x0F, 0xFF,
    0x83, 0xFF, 0xF1, 0xF8, 0x7E, 0x7C, 0x0F, 0xBE, 0x01, 0xFF, 0x80, 0x7F, 0xE0, 0x1F, 0xF8, 0x07,
    0xFE, 0x01, 0xFF, 0x80, 0x7F, 0xE0, 0x3E, 0x7C, 0x0F, 0x9F, 0xDF, 0xE3, 0xFF, 0xF0, 0x7F, 0xF8,
    0x0F, 0xFC, 0x00, 0x78, 0x00, 0x1E, 0x60, 0xFF, 0x83, 0xFE, 0x0E, 0xF0, 0x02, 0x00, 0x1C, 0x00,
    0xF8, 0x07, 0xF8, 0x1D, 0xC0, 0x23, 0x00, 0xF8, 0x0F, 0xF8, 0x7F, 0xF1, 0xFF, 0xCF, 0x8F, 0xBE,
    0x1E, 0xF0, 0x7B, 0xC1, 0xEF, 0x07, 0xBE, 0x3E, 0xFC, 0xF9, 0xFF, 0xC3, 0xFF, 0x07, 0xF8, 0x07,
    0x00, 0x00, 0xC0, 0x00, 0x78, 0x00, 0x3F, 0x00, 0x1F, 0xE0, 0x07, 0x38, 0x00, 0x84, 0x00, 0x3F,
    0x00, 0x3F, 0xF0, 0x3F, 0xFE, 0x0F, 0xFF, 0xC7, 0xE1, 0xF9, 0xF0, 0x3E, 0xF8, 0x07, 0xFE, 0x01,
    0xFF, 0x80, 0x7F, 0xE0, 0x1F, 0xF8, 0x07, 0xFE, 0x01, 0xFF, 0x80, 0xF9, 0xF0, 0x3E, 0x7F, 0x7F,
    0x8F, 0xFF, 0xC1, 0xFF, 0xE0, 0x3F, 0xF0, 0x01, 0xE0, 0x00, 0x70, 0x00, 0x1E, 0x00, 0x07, 0x80,
    0x01, 0xE0, 0x00, 0x20, 0x00, 0x02, 0x00, 0x1C, 0x00, 0xF8, 0x07, 0xF8, 0x1D, 0xC0, 0x23, 0x00,
    0xF8, 0x0F, 0xF8, 0x7F, 0xF1, 0xFF, 0xCF, 0x8F, 0xBE, 0x1E, 0xF0, 0x7B, 0xC1, 0xEF, 0x07, 0xBE,
    0x3E, 0xFC, 0xF9, 0xFF, 0xC3, 0xFF, 0x07, 0xF8, 0x07, 0x00, 0x1C, 0x00, 0xF8, 0x03, 0xE0, 0x07,
    0x80, 0x08, 0x00, 0x00, 0x60, 0x00, 0x3C, 0x00, 0x1F, 0x00, 0x0F, 0x80, 0x03, 0xC3, 0xC0, 0x40,
    0xF0, 0x3F, 0x7C, 0x3F, 0xFE, 0x3F, 0xFF, 0x8F, 0xFF, 0xC7, 0xE1, 0xF9, 0xF0, 0x3E, 0xF8, 0x07,
    0xFE, 0x01, 0xFF, 0x80, 0x7F, 0xE0, 0x1F, 0xF8, 0x07, 0xFE, 0x01, 0xFF, 0x80, 0xF9, 0xF0, 0x3E,
    0x7F, 0x7F, 0x8F, 0xFF, 0xC1, 0xFF, 0xE0, 0x3F, 0xF0, 0x01, 0xE0, 0x00, 0x01, 0x00, 0x07, 0x80,
    0x1F, 0x00, 0x7C, 0x00, 0xE3, 0xC0, 0x87, 0x83, 0xEF, 0x1F, 0xFE, 0x7F, 0xFC, 0xFF, 0xF3, 0xE3,
    0xE7, 0xC3, 0xCF, 0x07, 0x9E, 0x0F, 0x3C, 0x1E, 0x7C, 0x7C, 0xFC, 0xF8, 0xFF, 0xE0, 0xFF, 0xC0,
    0xFF, 0x00, 0x70, 0x00, 0x01, 0x80, 0x00, 0xF0, 0x00, 0x3E, 0x00, 0x07, 0xC0, 0x00, 0xF3, 0xC0,
    0x18, 0xF0, 0x3F, 0x7C, 0x3F, 0xFE, 0x3F, 0xFF, 0x8F, 0xFF, 0xC7, 0xE1, 0xF9, 0xF0, 0x3E, 0xF8,
    0x07, 0xFE, 0x01, 0xFF, 0x80, 0x7F, 0xE0, 0x1F, 0xF8, 0x07, 0xFE, 0x01, 0xFF, 0x80, 0xF9, 0xF0,
    0x3E, 0x7F, 0x7F, 0x8F, 0xFF, 0xC1, 0xFF, 0xE0, 0x3F, 0xF0, 0x01, 0xE0, 0x00, 0x06, 0x00, 0x1E,
    0x00, 0x7C, 0x00, 0x3C, 0x00, 0x3B, 0xC0, 0x27, 0x83, 0xEF, 0x1F, 0xFE, 0x7F, 0xFC, 0xFF, 0xF3,
    0xE3, 0xE7, 0xC3, 0xCF, 0x07, 0x9E, 0x0F, 0x3C, 0x1E, 0x7C, 0x7C, 0xFC, 0xF8, 0xFF, 0xE0, 0xFF,
    0xC0, 0xFF, 0x00, 0x70, 0x00, 0x03, 0xE0, 0x00, 0xFC, 0x00, 0x3F, 0x00, 0x03, 0xC0, 0x01, 0xE3,
    0xC0, 0x70, 0xF0, 0x3F, 0x7C, 0x3F, 0xFE, 0x3F, 0xFF, 0x8F, 0xFF, 0xC7, 0xE1, 0xF9, 0xF0, 0x3E,
    0xF8, 0x07, 0xFE, 0x01, 0xFF, 0x80, 0x7F, 0xE0, 0x1F, 0xF8, 0x07, 0xFE, 0x01, 0xFF, 0x80, 0xF9,
    0xF0, 0x3E, 0x7F, 0x7F, 0x8F, 0xFF, 0xC1, 0xFF, 0xE0, 0x3F, 0xF0, 0x01, 0xE0, 0x00, 0x0F, 0x00,
    0x1F, 0x00, 0x3F, 0x00, 0x1E, 0x00, 0x7B, 0xC0, 0xE7, 0x83, 0xEF, 0x1F, 0xFE, 0x7F, 0xFC, 0xFF,
    0xF3, 0xE3, 0xE7, 0xC3, 0xCF, 0x07, 0x9E, 0x0F, 0x3C, 0x1E, 0x7C, 0x7C, 0xFC, 0xF8, 0xFF, 0xE0,
    0xFF, 0xC0, 0xFF, 0x00, 0x70, 0x00, 0x03, 0x98, 0x01, 0xFF, 0x00, 0xFF, 0x80, 0x1B, 0xCF, 0x00,
    0x03, 0xC0, 0xFD, 0xF0, 0xFF, 0xF8, 0xFF, 0xFE, 0x3F, 0xFF, 0x1F, 0x87, 0xE7, 0xC0, 0xFB, 0xE0,
    0x1F, 0xF8, 0x07, 0xFE, 0x01, 0xFF, 0x80, 0x7F, 0xE0, 0x1F, 0xF8, 0x07, 0xFE, 0x03, 0xE7, 0xC0,
    0xF9, 0xFD, 0xFE, 0x3F, 0xFF, 0x07, 0xFF, 0x80, 0xFF, 0xC0, 0x07, 0x80, 0x1E, 0x60, 0x7F, 0xC0,
    0xFF, 0x81, 0xDF, 0xE0, 0x03, 0xC1, 0xF7, 0x8F, 0xFF, 0x3F, 0xFE, 0x7F, 0xF9, 0xF1, 0xF3, 0xE1,
    0xE7, 0x83, 0xCF, 0x07, 0x9E, 0x0F, 0x3E, 0x3E, 0x7E, 0x7C, 0x7F, 0xF0, 0x7F, 0xE0, 0x7F, 0x80,
    0x38, 0x00, 0x00, 0x00, 0x00, 0x00, 0xF0, 0x00, 0x3C, 0x0F, 0xDF, 0x0F, 0xFF, 0x8F, 0xFF, 0xE3,
    0xFF, 0xF1, 0xF8, 0x7E, 0x7C, 0x0F, 0xBE, 0x01, 0xFF, 0x80, 0x7F, 0xE0, 0x1F, 0xF8, 0x07, 0xFE,
    0x01, 0xFF, 0x80, 0x7F, 0xE0, 0x3E, 0x7C, 0x0F, 0x9F, 0xDF, 0xE3, 0xFF, 0xF0, 0x7F, 0xF8, 0x0F,
    0xFC, 0x00, 0x78, 0x00, 0x1C, 0x00, 0x07, 0x80, 0x01, 0xE0, 0x00, 0x78, 0x00, 0x08, 0x00, 0x00,
    0x3C, 0x00, 0x78, 0x3E, 0xF1, 0xFF, 0xE7, 0xFF, 0xCF, 0xFF, 0x3E, 0x3E, 0x7C, 0x3C, 0xF0, 0x79,
    0xE0, 0xF3, 0xC1, 0xE7, 0xC7, 0xCF, 0xCF, 0x8F, 0xFE, 0x0F, 0xFC, 0x0F, 0xF0, 0x07, 0x00, 0x0E,
    0x00, 0x3E, 0x00, 0x7C, 0x00, 0x78, 0x00, 0x40, 0x00, 0x78, 0x1F, 0xF0, 0x3F, 0xE0, 0x7F, 0xC0,
    0xFF, 0x81, 0xFF, 0x03, 0xFE, 0x07, 0xFC, 0x0F, 0xF8, 0x1F, 0xF0, 0x3F, 0xE0, 0x7F, 0xC0, 0xFF,
    0x81, 0xEF, 0x87, 0xDF, 0xBF, 0xBF, 0xFE, 0x3F, 0xFC, 0x3F, 0xE0, 0x0F, 0x00, 0x1C, 0x00, 0x3C,
    0x00, 0x78, 0x00, 0xF0, 0x00, 0x80, 0x70, 0x7F, 0x8F, 0xF8, 0xFF, 0x8F, 0xF8, 0xFF, 0x8F, 0xF8,
    0xFF, 0x8F, 0xF8, 0xFF, 0x8F, 0xFC, 0xF7, 0xFF, 0x7F, 0xF3, 0xFF, 0x07, 0x80, 0x70, 0x0F, 0x80,
    0xF8, 0x0F, 0x00, 0x20, 0x07, 0xC0, 0x0F, 0xC0, 0x1F, 0x80, 0x0F, 0x00, 0x3C, 0x00, 0x70, 0x1E,
    0x07, 0xFC, 0x0F, 0xF8, 0x1F, 0xF0, 0x3F, 0xE0, 0x7F, 0xC0, 0xFF, 0x81, 0xFF, 0x03, 0xFE, 0x07,
    0xFC, 0x0F, 0xF8, 0x1F, 0xF0, 0x3F, 0xE0, 0x7B, 0xE1, 0xF7, 0xEF, 0xEF, 0xFF, 0x8F, 0xFF, 0x0F,
    0xF8, 0x03, 0xC0, 0x1F, 0x01, 0xF8, 0x0F, 0xC0, 0x38, 0x07, 0x80, 0x70, 0x70, 0x7F, 0x8F, 0xF8,
    0xFF, 0x8F, 0xF8, 0xFF, 0x8F, 0xF8, 0xFF, 0x8F, 0xF8, 0xFF, 0x8F, 0xFC, 0xF7, 0xFF, 0x7F, 0xF3,
    0xFF, 0x07, 0x80, 0x00, 0xC0, 0x00, 0x78, 0x00, 0x3E, 0x00, 0x1F, 0x00, 0x07, 0x83, 0xC0, 0xC0,
    0xF7, 0x81, 0xFF, 0xE0, 0x7F, 0xF8, 0x1F, 0xBE, 0x07, 0x8F, 0x81, 0xE3, 0xE0, 0x78, 0xF8, 0x1E,
    0x3E, 0x07, 0x8F, 0x81, 0xE3, 0xE0, 0x78, 0xF8, 0x1E, 0x3E, 0x07, 0x8F, 0x81, 0xE1, 0xF0, 0xF8,
    0x7E, 0xFE, 0x1F, 0xFF, 0x03, 0xFF, 0xC0, 0x7F, 0xC0, 0x03, 0xC0, 0x00, 0x03, 0x00, 0x0F, 0x00,
    0x1F, 0x00, 0x78, 0x00, 0xE1, 0xE0, 0x83, 0xDC, 0x1F, 0xFC, 0x7F, 0xF8, 0xFD, 0xF1, 0xE3, 0xE3,
    0xC7, 0xC7, 0x8F, 0x8F, 0x1F, 0x1E, 0x3E, 0x3C, 0x7C, 0x78, 0xFC, 0xF0, 0xFF, 0xE1, 0xFF, 0xC1,
    0xFF, 0x80, 0x78, 0x00, 0x06, 0x00, 0x03, 0xC0, 0x00, 0xF8, 0x00, 0x1F, 0x00, 0x01, 0xC3, 0xC0,
    0x20, 0xF7, 0x81, 0xFF, 0xE0, 0x7F, 0xF8, 0x1F, 0xBE, 0x07, 0x8F, 0x81, 0xE3, 0xE0, 0x78, 0xF8,
    0x1E, 0x3E, 0x07, 0x8F, 0x81, 0xE3, 0xE0, 0x78, 0xF8, 0x1E, 0x3E, 0x07, 0x8F, 0x81, 0xE1, 0xF0,
    0xF8, 0x7E, 0xFE, 0x1F, 0xFF, 0x03, 0xFF, 0xC0, 0x7F, 0xC0, 0x03, 0xC0, 0x00, 0x0C, 0x00, 0x3C,
    0x00, 0x7C, 0x00, 0x78, 0x00, 0x79, 0xE0, 0x43, 0xDC, 0x1F, 0xFC, 0x7F, 0xF8, 0xFD, 0xF1, 0xE3,
    0xE3, 0xC7, 0xC7, 0x8F, 0x8F, 0x1F, 0x1E, 0x3E, 0x3C, 0x7C, 0x78, 0xFC, 0xF0, 0xFF, 0xE1, 0xFF,
    0xC1, 0xFF, 0x80, 0x78, 0x00, 0x07, 0xC0, 0x01, 0xF8, 0x00, 0x7E, 0x00, 0x07, 0x80, 0x03, 0xC3,
    0xC0, 0xE0, 0xF7, 0x81, 0xFF, 0xE0, 0x7F, 0xF8, 0x1F, 0xBE, 0x07, 0x8F, 0x81, 0xE3, 0xE0, 0x78,
    0xF8, 0x1E, 0x3E, 0x07, 0x8F, 0x81, 0xE3, 0xE0, 0x78, 0xF8, 0x1E, 0x3E, 0x07, 0x8F, 0x81, 0xE1,
    0xF0, 0xF8, 0x7E, 0xFE, 0x1F, 0xFF, 0x03, 0xFF, 0xC0, 0x7F, 0xC0, 0x03, 0xC0, 0x00, 0x1F, 0x00,
    0x3F, 0x00, 0x3F, 0x00, 0x1C, 0x00, 0x79, 0xE0, 0xE3, 0xDC, 0x1F, 0xFC, 0x7F, 0xF8, 0xFD, 0xF1,
    0xE3, 0xE3, 0xC7, 0xC7, 0x8F, 0x8F, 0x1F, 0x1E, 0x3E, 0x3C, 0x7C, 0x78, 0xFC, 0xF0, 0xFF, 0xE1,
    0xFF, 0xC1, 0xFF, 0x80, 0x78, 0x00, 0x07, 0x30, 0x03, 0xFE, 0x01, 0xFF, 0x00, 0x37, 0x8F, 0x00,
    0x03, 0xDE, 0x07, 0xFF, 0x81, 0xFF, 0xE0, 0x7E, 0xF8, 0x1E, 0x3E, 0x07, 0x8F, 0x81, 0xE3, 0xE0,
    0x78, 0xF8, 0x1E, 0x3E, 0x07, 0x8F, 0x81, 0xE3, 0xE0, 0x78, 0xF8, 0x1E, 0x3E, 0x07, 0x87, 0xC3,
    0xE1, 0xFB, 0xF8, 0x7F, 0xFC, 0x0F, 0xFF, 0x01, 0xFF, 0x00, 0x0F, 0x00, 0x1E, 0xC0, 0x7F, 0xC0,
    0xFF, 0x81, 0x9E, 0xF0, 0x01, 0xEE, 0x0F, 0xFE, 0x3F, 0xFC, 0x7E, 0xF8, 0xF1, 0xF1, 0xE3, 0xE3,
    0xC7, 0xC7, 0x8F, 0x8F, 0x1F, 0x1E, 0x3E, 0x3C, 0x7E, 0x78, 0x7F, 0xF0, 0xFF, 0xE0, 0xFF, 0xC0,
    0x3C, 0x00, 0x00, 0x00, 0x00, 0x00, 0xF0, 0x00, 0x3D, 0xE0, 0x7F, 0xF8, 0x1F, 0xFE, 0x07, 0xEF,
    0x81, 0xE3, 0xE0, 0x78, 0xF8, 0x1E, 0x3E, 0x07, 0x8F, 0x81, 0xE3, 0xE0, 0x78, 0xF8, 0x1E, 0x3E,
    0x07, 0x8F, 0x81, 0xE3, 0xE0, 0x78, 0x7C, 0x3E, 0x1F, 0xBF, 0x87, 0xFF, 0xC0, 0xFF, 0xF0, 0x1F,
    0xF0, 0x00, 0xF0, 0x00, 0x38, 0x00, 0x0F, 0x00, 0x03, 0xC0, 0x00, 0xF0, 0x00, 0x10, 0x00, 0x00,
    0x1E, 0x00, 0x3D, 0xC1, 0xFF, 0xC7, 0xFF, 0x8F, 0xDF, 0x1E, 0x3E, 0x3C, 0x7C, 0x78, 0xF8, 0xF1,
    0xF1, 0xE3, 0xE3, 0xC7, 0xC7, 0x8F, 0xCF, 0x0F, 0xFE, 0x1F, 0xFC, 0x1F, 0xF8, 0x07, 0x80, 0x0E,
    0x00, 0x3E, 0x00, 0x7C, 0x00, 0xF0, 0x00, 0x40, 0x00, 0x0F, 0x80, 0x07, 0xC0, 0x03, 0xE0, 0x00,
    0xF0, 0x00, 0x00, 0xF8, 0x1F, 0xF8, 0x3E, 0x7C, 0x3E, 0x7C, 0x7C, 0x3E, 0x7C, 0x1E, 0xF8, 0x1F,
    0xF8, 0x0F, 0xF0, 0x0F, 0xE0, 0x07, 0xE0, 0x07, 0xC0, 0x03, 0xC0, 0x03, 0xC0, 0x03, 0xC0, 0x03,
    0xC0, 0x03, 0xC0, 0x03, 0xC0, 0x03, 0xC0, 0x0F, 0x80, 0x07, 0xC0, 0x01, 0xE0, 0x00, 0xF0, 0x00,
    0x00, 0x78, 0x1E, 0x7C, 0x3E, 0x3C, 0x3E, 0x3C, 0x3C, 0x3E, 0x3C, 0x1E, 0x78, 0x1E, 0x78, 0x1F,
    0x78, 0x0F, 0xF0, 0x0F, 0xF0, 0x07, 0xF0, 0x07, 0xE0, 0x07, 0xE0, 0x03, 0xE0, 0x03, 0xC0, 0x07,
    0xC0, 0x0F, 0x80, 0x3F, 0x80, 0x3F, 0x00, 0x3E, 0x00, 0xF8, 0x0F, 0x7C, 0x0F, 0x9F, 0x07, 0xCF,
    0x87, 0xC3, 0xE3, 0xE1, 0xF3, 0xE0, 0x7D, 0xF0, 0x1F, 0xF0, 0x0F, 0xF0, 0x03, 0xF8, 0x01, 0xF8,
    0x00, 0x7C, 0x00, 0x3E, 0x00, 0x1F, 0x00, 0x0F, 0x80, 0x07, 0xC0, 0x03, 0xE0, 0x01, 0xF0, 0x00,
    0x00, 0x00, 0x38, 0x00, 0x3C, 0x00, 0x1F, 0x00, 0x0F, 0x00, 0x01, 0x00, 0x70, 0x39, 0xF0, 0xFB,
    0xE1, 0xE3, 0xC7, 0xC7, 0xCF, 0x8F, 0x9E, 0x0F, 0x3C, 0x1F, 0xF8, 0x1F, 0xE0, 0x3F, 0xC0, 0x7F,
    0x00, 0x7E, 0x00, 0xFC, 0x00, 0xF0, 0x03, 0xE6, 0x7F, 0x9E, 0xFF, 0x3D, 0xFC, 0x7B, 0xE0, 0x60,
    0x07, 0xC0, 0x03, 0xF0, 0x00, 0xF8, 0x00, 0x1C, 0x00, 0x1C, 0x00, 0x0E, 0x03, 0xE0, 0x3D, 0xF0,
    0x3E, 0x7C, 0x1F, 0x3E, 0x1F, 0x0F, 0x8F, 0x87, 0xCF, 0x81, 0xF7, 0xC0, 0x7F, 0xC0, 0x3F, 0xC0,
    0x0F, 0xE0, 0x07, 0xE0, 0x01, 0xF0, 0x00, 0xF8, 0x00, 0x7C, 0x00, 0x3E, 0x00, 0x1F, 0x00, 0x0F,
    0x80, 0x07, 0xC0, 0x0F, 0x80, 0x3F, 0x00, 0xFC, 0x00, 0xF0, 0x07, 0x80, 0x1C, 0x07, 0x03, 0xBE,
    0x1F, 0xF8, 0x79, 0xE3, 0xE7, 0xCF, 0x9F, 0x3C, 0x3C, 0xF0, 0xFF, 0xC1, 0xFE, 0x07, 0xF8, 0x1F,
    0xC0, 0x3F, 0x00, 0xFC, 0x01, 0xE0, 0x0F, 0x83, 0xFC, 0x0F, 0xF0, 0x3F, 0x80, 0xF8, 0x00, 0x00,
    0x00, 0x03, 0xDC, 0x03, 0xFE, 0x03, 0xFE, 0x00, 0xCE, 0x00, 0x00, 0x03, 0xE0, 0x3D, 0xF0, 0x3E,
    0x7C, 0x1F, 0x3E, 0x1F, 0x0F, 0x8F, 0x87, 0xCF, 0x81, 0xF7, 0xC0, 0x7F, 0xC0, 0x3F, 0xC0, 0x0F,
    0xE0, 0x07, 0xE0, 0x01, 0xF0, 0x00, 0xF8, 0x00, 0x7C, 0x00, 0x3E, 0x00, 0x1F, 0x00, 0x0F, 0x80,
    0x07, 0xC0, 0x0E, 0x60, 0x7F, 0xC3, 0xFE, 0x06, 0xF0, 0x00, 0x01, 0xC0, 0xEF, 0x87, 0xFE, 0x1E,
    0x78, 0xF9, 0xF3, 0xE7, 0xCF, 0x0F, 0x3C, 0x3F, 0xF0, 0x7F, 0x81, 0xFE, 0x07, 0xF0, 0x0F, 0xC0,
    0x3F, 0x00, 0x78, 0x03, 0xE0, 0xFF, 0x03, 0xFC, 0x0F, 0xE0, 0x3E, 0x00, 0xFF, 0xFF, 0xFF, 0xFF,
    0xF0, 0x03, 0x37, 0x8C, 0x7B, 0xF3, 0x0C, 0x30, 0xC3, 0x0C, 0x30, 0xC3, 0x0C, 0x30, 0xC3, 0x00,
    0x00, 0x30, 0x37, 0xEC, 0xDB, 0x30, 0x60, 0xC1, 0x83, 0x06, 0x0C, 0x18, 0x30, 0x60, 0xC1, 0x83,
    0x00, 0x00, 0x61, 0x83, 0xF6, 0x66, 0xC1, 0x83, 0x06, 0x0C, 0x18, 0x30, 0x60, 0xC1, 0x83, 0x06,
    0x0C, 0x18, 0xFF, 0xFF, 0xFF, 0xFF, 0xFF, 0xFF, 0xFF, 0xFF, 0xFF, 0xFF, 0x80, 0xFF, 0xFF, 0xFF,
    0xFF, 0x80, 0xFF, 0xFF, 0xFF, 0xFF, 0xFF, 0xFF, 0xFF, 0xFF, 0xC0, 0xFF, 0xFF, 0xFF, 0xFF, 0xFF,
    0xFF, 0xFF, 0xFF, 0xFF, 0xFC, 0xEF, 0xDF, 0xBF, 0x7E, 0xFD, 0xFB, 0xF7, 0xEF, 0xDF, 0xBF, 0x7E,
    0xFD, 0xFB, 0xF7, 0xEF, 0xDF, 0xBF, 0x70, 0x31, 0xDC, 0xFF, 0xBD, 0xE0, 0x7F, 0xFE, 0xF7, 0xB8,
    0x80, 0xFF, 0xFF, 0xFE, 0x40, 0x31, 0xDC, 0xFF, 0xBD, 0xE0, 0x33, 0x1D, 0xDD, 0xCF, 0xFF, 0xFB,
    0xFD, 0xFE, 0x7F, 0xFF, 0xFF, 0xEF, 0xF7, 0xFB, 0xB8, 0x88, 0xFF, 0xFF, 0xFF, 0xFF, 0xFF, 0xEE,
    0x44, 0x33, 0x1D, 0xDD, 0xCF, 0xFF, 0xFB, 0xFD, 0xFE, 0x38, 0x70, 0xE7, 0xFF, 0xFF, 0xCE, 0x1C,
    0x38, 0x70, 0xE1, 0xC3, 0x87, 0x0E, 0x1C, 0x38, 0x70, 0xE1, 0xC0, 0x38, 0x70, 0xE7, 0xFF, 0xFF,
    0xCE, 0x1C, 0x38, 0x70, 0xE1, 0xC3, 0x9F, 0xFF, 0xFF, 0x38, 0x70, 0xE1, 0xC0, 0x3C, 0x7E, 0xFF,
    0xFF, 0xFF, 0xFF, 0x7E, 0x7E, 0x00, 0x80, 0xE0, 0xF0, 0xF8, 0xFE, 0xFE, 0xFC, 0xF8, 0xE0, 0xC0,
    0x7F, 0xFE, 0xF0, 0x7F, 0xFE, 0xF0, 0x79, 0xE7, 0xFD, 0xF7, 0xFE, 0xFB, 0xEF, 0x3C, 0xF0, 0x7F,
    0xFE, 0xF0, 0x3F, 0x0F, 0x00, 0x7F, 0x8F, 0x00, 0xFF, 0xCF, 0x00, 0xF3, 0xDE, 0x00, 0xE1, 0xDE,
    0x00, 0xE1, 0xDE, 0x00, 0xF3, 0xFC, 0x00, 0xFF, 0xFC, 0x00, 0x7F, 0xFC, 0x00, 0x3F, 0x78, 0x00,
    0x00, 0x7B, 0xF0, 0x00, 0xFF, 0xF8, 0x00, 0xFF, 0xFE, 0x00, 0xFF, 0x3F, 0x01, 0xEE, 0x3F, 0x01,
    0xEE, 0x3F, 0x01, 0xEF, 0x3F, 0x03, 0xCF, 0xFF, 0x03, 0xC7, 0xFF, 0x03, 0xC3, 0xFE, 0x38, 0xE3,
    0x9E, 0x71, 0xC7, 0x00, 0x3F, 0x1F, 0x8F, 0xCF, 0xE7, 0xE3, 0xF1, 0xF8, 0x00, 0x3F, 0xE3, 0xFE,
    0x3F, 0xE7, 0xFE, 0x7F, 0xC7, 0xFC, 0x7F, 0xC0, 0x00, 0x23, 0xBF, 0xF7, 0xF9, 0x80, 0x08, 0xCE,
    0xFF, 0xFD, 0xE7, 0x18, 0x40, 0x86, 0x39, 0xEF, 0xFF, 0xDC, 0xC4, 0x00, 0xFF, 0xFF, 0xFF, 0xFC,
    0x00, 0x00, 0xE0, 0x38, 0x1E, 0x07, 0x03, 0xC0, 0xE0, 0x78, 0x1C, 0x0F, 0x03, 0x80, 0xE0, 0x70,
    0x1C, 0x06, 0x00, 0x00, 0x3C, 0x7E, 0xFF, 0xFF, 0xFF, 0xFF, 0x7E, 0x7E, 0x00, 0x3C, 0x7E, 0xFF,
    0xFF, 0xFF, 0xFF, 0x7E, 0x7E, 0x00, 0x10, 0xFB, 0xF7, 0xE7, 0xC7, 0x00, 0x00, 0x00, 0x00, 0x07,
    0xC7, 0xCF, 0x9F, 0x3E, 0x3C, 0x78, 0x70, 0x3C, 0x7E, 0xFF, 0xFF, 0xFF, 0xFF, 0x7E, 0x7E, 0x00,
    0x08, 0x0F, 0x87, 0xF3, 0xDE, 0xE3, 0xB8, 0xFE, 0x1F, 0x87, 0xE3, 0xF8, 0xEF, 0x79, 0xFC, 0x3E,
    0x00, 0x00, 0x0F, 0x07, 0x87, 0xC7, 0xE3, 0xF3, 0xFB, 0xDD, 0xFF, 0xFF, 0x83, 0x83, 0xE1, 0xF0,
    0x3F, 0x8F, 0xE3, 0x80, 0xF0, 0x3F, 0x0F, 0xE0, 0x3C, 0x07, 0x61, 0xDF, 0xF7, 0xF8, 0xFC, 0x3F,
    0x3F, 0xDF, 0xFC, 0x7F, 0xF7, 0xFF, 0xDF, 0xC7, 0xE3, 0xFB, 0xDF, 0xE7, 0xE0, 0xFF, 0xFF, 0x07,
    0x0F, 0x0E, 0x1E, 0x1C, 0x3C, 0x38, 0x78, 0x70, 0xF0, 0x3F, 0x1F, 0xE7, 0x39, 0xCE, 0x7F, 0x9F,
    0xE7, 0xFB, 0xCF, 0xE1, 0xFF, 0xF7, 0xF8, 0xFC, 0x7E, 0x7F, 0xBC, 0xFC, 0x7E, 0x3F, 0xBF, 0xFE,
    0xFF, 0xE3, 0xFF, 0xDF, 0xCF, 0xC0, 0x18, 0x73, 0xFF, 0xFF, 0xE7, 0x0E, 0x00, 0xFF, 0xFF, 0xF8,
    0x08, 0x0F, 0x87, 0xF3, 0xDE, 0xE3, 0xB8, 0xFE, 0x1F, 0x87, 0xE3, 0xF8, 0xEF, 0x79, 0xFC, 0x3E,
    0x00, 0x00, 0xF7, 0x9C, 0xE7, 0x39, 0xCE, 0x73, 0xBF, 0xF0, 0x7E, 0x7F, 0xB9, 0xDC, 0xFE, 0x70,
    0x78, 0xF8, 0xF8, 0xFB, 0xF1, 0xFF, 0xFF, 0xF0, 0x7F, 0x9F, 0xE0, 0xF8, 0x7C, 0x1F, 0x0F, 0xE1,
    0xFC, 0x07, 0x61, 0xFC, 0xF7, 0xF8, 0xFC, 0x0F, 0x07, 0x87, 0xC7, 0xE3, 0xF3, 0xFB, 0xDD, 0xFF,
    0xFF, 0x83, 0x83, 0xE1, 0xF0, 0x3F, 0x8F, 0xE3, 0x80, 0xF0, 0x3F, 0x0F, 0xE0, 0x3C, 0x07, 0x61,
    0xDF, 0xF7, 0xF8, 0xFC, 0x3F, 0x3F, 0xDF, 0xFC, 0x7F, 0xF7, 0xFF, 0xDF, 0xC7, 0xE3, 0xFB, 0xDF,
    0xE7, 0xE0, 0xFF, 0xFF, 0x07, 0x0F, 0x0E, 0x1E, 0x1C, 0x3C, 0x38, 0x78, 0x70, 0xF0, 0x3F, 0x1F,
    0xE7, 0x39, 0xCE, 0x7F, 0x9F, 0xE7, 0xFB, 0xCF, 0xE1, 0xFF, 0xF7, 0xF8, 0xFC, 0x7E, 0x7F, 0xBC,
    0xFC, 0x7E, 0x3F, 0xBF, 0xFE, 0xFF, 0xE3, 0xFF, 0xDF, 0xCF, 0xC0, 0x18, 0x73, 0xFF, 0xFF, 0xE7,
    0x0E, 0x00, 0xFF, 0xFF, 0xF8, 0xFE, 0x07, 0x81, 0xFD, 0xFC, 0x0F, 0x03, 0xFB, 0xF8, 0x3F, 0x07,
    0xF1, 0xE0, 0x7E, 0x07, 0x83, 0xC0, 0xFC, 0x0F, 0x07, 0x81, 0xF8, 0x1E, 0x07, 0x07, 0xF8, 0x38,
    0x0F, 0x0F, 0xF0, 0xF0, 0xFF, 0xFF, 0xFF, 0xFF, 0xFF, 0xFF, 0xFF, 0xFF, 0xFF, 0xFF, 0xFF, 0xF8,
    0x79, 0xE7, 0x9E, 0x0F, 0xFF, 0xFF, 0xFF, 0xFF, 0xFF, 0xFF, 0xFF, 0xFF, 0xFF, 0xFF, 0xFF, 0x81,
    0xFC, 0x3F, 0x80, 0x03, 0xF0, 0x3F, 0x00, 0x07, 0xE0, 0x7E, 0x00, 0x07, 0xC0, 0xF8, 0x00, 0x0F,
    0x00, 0xF0, 0x00, 0x7F, 0xF1, 0xEF, 0xFF, 0x3D, 0xFF, 0xE7, 0xBC, 0x1C, 0xF7, 0x93, 0xDE, 0xF7,
    0x7B, 0xDE, 0xEF, 0x7B, 0xDD, 0xEF, 0x7B, 0xBD, 0xEF, 0x77, 0xBD, 0xEE, 0x6F, 0xBD, 0xC3, 0xF7,
    0xBF, 0xFC, 0xF7, 0xFF, 0x9E, 0xFF, 0xC0, 0x00, 0xFF, 0x00, 0x3F, 0xFC, 0x07, 0xFF, 0xE0, 0xFC,
    0x3E, 0x0F, 0x80, 0xE1, 0xF0, 0x0E, 0x1E, 0x01, 0xE7, 0xFF, 0xF6, 0xFF, 0xFE, 0x0F, 0xFF, 0xE0,
    0x1E, 0x00, 0x07, 0xFF, 0xC0, 0xFF, 0xFC, 0x0F, 0xFF, 0xC0, 0x1F, 0x00, 0x60, 0xF8, 0x0F, 0x0F,
    0xE1, 0xF0, 0x7F, 0xFE, 0x03, 0xFF, 0xC0, 0x0F, 0xF8, 0x7F, 0xFE, 0x1F, 0xFF, 0xC7, 0xFF, 0xFB,
    0xDF, 0xFF, 0xFF, 0xFF, 0xFF, 0xFF, 0xFF, 0xFF, 0xFF, 0xFF, 0xFF, 0xFF, 0xFF, 0xC7, 0xFF, 0xF1,
    0xFF, 0xF8, 0x7F, 0xF8, 0x1C, 0x00, 0x07, 0x00, 0x01, 0xC0, 0x00, 0x70, 0x00, 0x1C, 0x00, 0x1F,
    0xE0, 0x07, 0xF8, 0x01, 0xFE, 0x00, 0x1F, 0xF0, 0x7F, 0xF1, 0xFF, 0xF3, 0xC1, 0xE7, 0x01, 0xEE,
    0x03, 0xC0, 0x07, 0x7F, 0xFF, 0xFF, 0xFF, 0xFF, 0xFC, 0xFF, 0xC7, 0xFF, 0xFF, 0xFF, 0xFF, 0xFF,
    0xFC, 0x07, 0x78, 0x0F, 0xF8, 0x3C, 0xFF, 0xF9, 0xFF, 0xF0, 0xFF, 0x80, 0xFF, 0xFF, 0xFF, 0xFF,
    0xFF, 0xFF, 0xFC, 0x38, 0x7E, 0x1C, 0x3F, 0x0E, 0x1C, 0x07, 0x00, 0x03, 0x80, 0x01, 0xC0, 0x00,
    0xE0, 0x00, 0x70, 0x00, 0x38, 0x00, 0x1C, 0x00, 0x0E, 0x00, 0x07, 0x00, 0x03, 0x80, 0x3F, 0xFE,
    0x1F, 0xFF, 0x0F, 0xFF, 0x80, 0xFF, 0x00, 0xC0, 0x3F, 0xEF, 0xFF, 0xFE, 0xFF, 0xFF, 0xEF, 0xFF,
    0xFE, 0xFF, 0xFF, 0xEF, 0xFF, 0xFE, 0x1E, 0x03, 0xC1, 0xE0, 0x7C, 0x1F, 0xFF, 0x81, 0xFF, 0xF8,
    0x1F, 0xFE, 0x01, 0xE7, 0xC0, 0x1E, 0x3C, 0x01, 0xE3, 0xE0, 0x1E, 0x1E, 0xE7, 0xF9, 0xFF, 0xFF,
    0x8F, 0xEF, 0xF8, 0x7E, 0x7F, 0x83, 0xC0, 0x7F, 0x80, 0x3F, 0xC0, 0x1F, 0xE0, 0x03, 0x80, 0x01,
    0xC0, 0x00, 0xE3, 0xE0, 0x7F, 0xF1, 0xFF, 0xF8, 0xFF, 0xF8, 0x7E, 0x1E, 0x07, 0xFF, 0x1F, 0xFF,
    0x8F, 0xFF, 0x87, 0xF0, 0x00, 0x70, 0x0E, 0x38, 0x07, 0x1C, 0x03, 0xBF, 0xFF, 0xDF, 0xFF, 0xEF,
    0xFF, 0xF0, 0x7F, 0xFE, 0x1F, 0xFF, 0xE7, 0xFF, 0xFC, 0x70, 0x1F, 0x1C, 0x03, 0xC7, 0x00, 0x71,
    0xC0, 0x1C, 0x70, 0x0F, 0x1C, 0x07, 0xC7, 0xFF, 0xE1, 0xFF, 0xF8, 0x7F, 0xF8, 0x1C, 0x00, 0x3F,
    0xF0, 0x0F, 0xFC, 0x03, 0xFF, 0x00, 0x1C, 0x00, 0x1F, 0xE0, 0x07, 0xF8, 0x01, 0xFE, 0x00, 0x07,
    0x00, 0x01, 0xC0, 0x0F, 0xFF, 0xE3, 0xFF, 0xFC, 0xFF, 0xFF, 0x87, 0x03, 0xE1, 0xC0, 0x78, 0x70,
    0x0E, 0x1C, 0x03, 0x87, 0x01, 0xE1, 0xC0, 0xF8, 0x7F, 0xFC, 0x1F, 0xFF, 0x87, 0xFF, 0xF1, 0xC0,
    0x7C, 0x70, 0x0F, 0x1C, 0x01, 0xC7, 0x00, 0xF1, 0xC0, 0x7F, 0xFF, 0xFE, 0xFF, 0xFF, 0xBF, 0xFF,
    0x80, 0x70, 0x00, 0x1C, 0x00, 0x07, 0x00, 0x00, 0x18, 0x00, 0xFF, 0xEF, 0xFF, 0xFF, 0xFF, 0x38,
    0x00, 0x60, 0x00, 0x00, 0x30, 0xE3, 0xE7, 0xEF, 0xCE, 0x1C, 0x38, 0x70, 0xE1, 0xC3, 0x87, 0x0E,
    0x1C, 0x38, 0x70, 0xE0, 0x00, 0x61, 0xFF, 0xCF, 0xFF, 0xBF, 0xFE, 0x00, 0x70, 0x01, 0x00, 0x38,
    0x70, 0xE1, 0xC3, 0x87, 0x0E, 0x1C, 0x38, 0x70, 0xE1, 0xC3, 0x8F, 0xDF, 0xBE, 0x38, 0x30, 0x00,
    0x18, 0x30, 0x7F, 0xF3, 0xFF, 0xF7, 0xFF, 0xE3, 0x83, 0x83, 0x04, 0x00, 0x10, 0x71, 0xF3, 0xF7,
    0xE7, 0x0E, 0x1C, 0x38, 0x70, 0xE1, 0xC3, 0x87, 0x0E, 0x1C, 0x38, 0x70, 0xE1, 0xC7, 0xEF, 0xDF,
    0x1C, 0x10, 0x70, 0x07, 0xE0, 0x3F, 0x01, 0xF8, 0x07, 0xE0, 0x3F, 0x80, 0x3C, 0x00, 0xF0, 0x03,
    0xC0, 0x1F, 0x00, 0x7C, 0x01, 0xE0, 0x06, 0x00, 0x00, 0x00, 0xE0, 0x1F, 0x80, 0xFC, 0x03, 0xE0,
    0x3F, 0x03, 0xF8, 0x3E, 0x03, 0xE0, 0x3E, 0x03, 0xE0, 0x1E, 0x01, 0xE0, 0x06, 0x00, 0x00, 0x00,
    0x20, 0x07, 0x80, 0x3E, 0x00, 0xF8, 0x03, 0xE0, 0x0F, 0x80, 0x3C, 0x00, 0xFE, 0x03, 0xF0, 0x1F,
    0x80, 0xFC, 0x07, 0xE0, 0x0E, 0x00, 0x00, 0x00, 0x60, 0x07, 0x80, 0x3C, 0x03, 0xC0, 0x3C, 0x03,
    0xE0, 0x3E, 0x0F, 0xE0, 0x7E, 0x07, 0xE0, 0x3F, 0x01, 0xF8, 0x07, 0x80, 0x00, 0x00, 0x0C, 0x00,
    0x70, 0x03, 0xFF, 0xDF, 0xFF, 0xFF, 0xFD, 0xFF, 0xF3, 0xFF, 0xC7, 0x00, 0x0C, 0x00, 0x08, 0x0E,
    0x0F, 0x8F, 0xEF, 0xFF, 0xFC, 0xF8, 0x7C, 0x3E, 0x1F, 0x0F, 0x87, 0xC3, 0xE1, 0xF0, 0x00, 0xC0,
    0x03, 0x8F, 0xFF, 0x3F, 0xFE, 0xFF, 0xFF, 0xFF, 0xEF, 0xFF, 0x00, 0x38, 0x00, 0xC0, 0x3E, 0x1F,
    0x0F, 0x87, 0xC3, 0xE1, 0xF0, 0xF8, 0x7C, 0xFF, 0xFF, 0xDF, 0xC7, 0xC1, 0xC0, 0x40, 0x18, 0x0C,
    0x1C, 0x07, 0x1F, 0xFF, 0xCF, 0xFF, 0xEF, 0xFF, 0xFB, 0xFF, 0xF9, 0xFF, 0xFC, 0x70, 0x1C, 0x18,
    0x0C, 0x00, 0xFF, 0x83, 0xFF, 0xFE, 0x0F, 0xFF, 0xF8, 0x3F, 0xC7, 0x80, 0x78, 0x1E, 0x01, 0xE0,
    0x3F, 0xFF, 0x00, 0xFF, 0xFC, 0x01, 0xFF, 0xF0, 0x07, 0x87, 0x80, 0x1E, 0x1E, 0x00, 0x3C, 0xF0,
    0x00, 0xF3, 0xC0, 0x01, 0xFF, 0x00, 0x07, 0xF8, 0x00, 0x1F, 0xE0, 0x00, 0x3F, 0x00, 0x03, 0xFC,
    0x00, 0x0F, 0xE0, 0x00, 0x3F, 0x80, 0x00, 0xFF, 0xFF, 0xFF, 0xFF, 0xFF, 0xFF, 0xE0, 0x38, 0xE0,
    0x38, 0xE0, 0x38, 0x00, 0x38, 0x7F, 0xF8, 0x7F, 0xF8, 0x7F, 0xF8, 0x00, 0x38, 0x00, 0x38, 0x00,
    0x38, 0xE0, 0x38, 0xE0, 0x38, 0xE0, 0x38, 0xFF, 0xFF, 0xFF, 0xFF, 0xFF, 0xFF, 0x00, 0x61, 0xFF,
    0x3F, 0xF7, 0xFE, 0x7B, 0xFF, 0x7F, 0xFF, 0x7F, 0xEF, 0x7D, 0xF7, 0xFE, 0x7F, 0xE7, 0xF8, 0x00,
    0x00, 0x01, 0x00, 0x07, 0x00, 0x0E, 0x00, 0x3E, 0x00, 0x7C, 0x01, 0xFC, 0x03, 0xF8, 0x0F, 0x78,
    0x1E, 0xF0, 0x78, 0xF0, 0xFF, 0xE3, 0xFF, 0xE7, 0xFF, 0xCF, 0xFF, 0x80, 0x7F, 0xFC, 0xFF, 0xF9,
    0xFF, 0xF1, 0xFF, 0xC3, 0xC7, 0x83, 0xDE, 0x07, 0xBC, 0x07, 0xF0, 0x0F, 0xE0, 0x0F, 0x80, 0x1F,
    0x00, 0x1C, 0x00, 0x38, 0x00, 0x20, 0x00, 0x07, 0xFC, 0x03, 0xFF, 0xC1, 0xFF, 0xF8, 0xF8, 0x3E,
    0x7C, 0x07, 0x9E, 0x01, 0xE7, 0x00, 0x79, 0xC0, 0x00, 0x7F, 0xF8, 0x1F, 0xFE, 0x07, 0xFF, 0x81,
    0xC0, 0x00, 0x78, 0x00, 0x1F, 0x00, 0xE7, 0xE0, 0x3C, 0xFC, 0x0F, 0x1F, 0xFF, 0x83, 0xFF, 0xE0,
    0x7F, 0xF0, 0xFF, 0xFF, 0xFF, 0xFF, 0x80, 0x7F, 0xFF, 0xFF, 0xFF, 0x1C, 0x1C, 0xFF, 0xFF, 0xFF,
    0xFF, 0x1C, 0x1C, 0x0E, 0x0D, 0xD9, 0xFF, 0x7F, 0xE3, 0xF8, 0xFF, 0xBF, 0xF3, 0xFE, 0x0E, 0x01,
    0xC0, 0x3C, 0x7E, 0xFF, 0xE7, 0xFF, 0x7E, 0x3C, 0x18, 0x7E, 0xFF, 0xFF, 0xFF, 0xFF, 0xFF, 0x7E,
    0x18, 0x00, 0xFE, 0x03, 0xFC, 0x07, 0xF8, 0x1E, 0x00, 0x38, 0x00, 0xF0, 0x01, 0xC0, 0x13, 0x80,
    0x7F, 0x00, 0xFC, 0x01, 0xF8, 0x01, 0xF0, 0x01, 0xC0, 0x00, 0x1E, 0x70, 0x3F, 0xFC, 0x7F, 0xFE,
    0x7F, 0xFE, 0xF3, 0xCE, 0xFF, 0xDE, 0x7F, 0xFE, 0x7F, 0xFC, 0x3F, 0xF8, 0x00, 0x00, 0x00, 0x60,
    0x0F, 0x01, 0xF0, 0x1E, 0x03, 0xC0, 0x78, 0x0F, 0x81, 0xF0, 0x1E, 0x03, 0xC0, 0x78, 0x0F, 0xFE,
    0xFF, 0xE7, 0xFE, 0xEF, 0xDF, 0xBF, 0x7E, 0xFD, 0xFB, 0xF7, 0xEF, 0xDF, 0xBF, 0x7E, 0xFD, 0xC0,
    0x03, 0x80, 0x1E, 0x00, 0x7C, 0x03, 0xF0, 0x0F, 0xE0, 0x7F, 0x81, 0xFF, 0x07, 0xBC, 0x3C, 0xF0,
    0xF1, 0xE7, 0x87, 0x9E, 0x0F, 0xF0, 0x3C, 0xC0, 0x60, 0x30, 0x11, 0xC0, 0xF7, 0x83, 0xDE, 0x1E,
    0x3C, 0x78, 0xF3, 0xE3, 0xEF, 0x07, 0xBC, 0x1F, 0xE0, 0x3F, 0x80, 0xFC, 0x01, 0xF0, 0x07, 0x80,
    0x0E, 0x00, 0x04, 0x01, 0xC0, 0x38, 0x07, 0x00, 0x00, 0x00, 0x00, 0x00, 0x00, 0x71, 0xDE, 0x3F,
    0xC7, 0xB0, 0x60, 0x60, 0xDE, 0x3F, 0xC7, 0xB8, 0xE0, 0x00, 0x00, 0x00, 0x00, 0x00, 0x0E, 0x01,
    0xC0, 0x38, 0x02, 0x00, 0x03, 0xFF, 0xFF, 0xF7, 0x7F, 0xFF, 0xB3, 0x00, 0x03, 0x81, 0xDF, 0xFF,
    0xFF, 0xFF, 0xFF, 0xFF, 0xFF, 0x9C, 0x0E, 0x00, 0x00, 0xFF, 0xFF, 0xFF, 0xFF, 0xFF, 0xFF, 0xFF,
    0xFF, 0xFF, 0xFF, 0xFF, 0xC0, 0x00, 0x38, 0x07, 0xC0, 0xFE, 0x1F, 0xC1, 0xF8, 0x3F, 0x03, 0xE0,
    0x0F, 0xC0, 0x3F, 0x80, 0x7F, 0x00, 0xFE, 0x01, 0xF7, 0xFF, 0xBF, 0xF1, 0xFF, 0x80, 0xE0, 0x07,
    0xC0, 0x1F, 0x80, 0x7F, 0x00, 0xFE, 0x01, 0xF8, 0x03, 0xE0, 0x7F, 0x0F, 0xE1, 0xFC, 0x1F, 0x81,
    0xF0, 0x0F, 0xFF, 0x1F, 0xF8, 0xFF, 0xC0, 0x00, 0x01, 0xC0, 0x38, 0x07, 0x00, 0xE0, 0x1C, 0x03,
    0x80, 0x70, 0x0E, 0x01, 0xC0, 0x38, 0x7F, 0xEF, 0xFD, 0xFF, 0x80, 0xFF, 0xFF, 0x00, 0x00, 0x00,
    0x00, 0x00, 0x07, 0x9C, 0x00, 0x03, 0xCF, 0x00, 0x01, 0xE7, 0x80, 0x00, 0xF3, 0xC0, 0x00, 0x7F,
    0xE0, 0x00, 0x3F, 0xF0, 0x00, 0x1F, 0x7F, 0x00, 0xFF, 0x3F, 0xFF, 0xFF, 0x8F, 0xFF, 0xFF, 0x83,
    0xFF, 0xFF, 0x00, 0x3F, 0xFC, 0x00, 0x00, 0x00, 0x00, 0x01, 0xDC, 0x00, 0x00, 0xEE, 0x00, 0x00,
    0x77, 0x00, 0x00, 0x1F, 0x00, 0x00, 0x07, 0x00, 0x00, 0x03, 0x80, 0x00, 0x01, 0x80, 0x00, 0x70,
    0x00, 0x00, 0x00, 0xF0, 0x00, 0x00, 0x01, 0xE0, 0x00, 0x0E, 0x03, 0xC0, 0x00, 0x3E, 0x0F, 0x80,
    0x00, 0xFC, 0x1F, 0x00, 0x03, 0xF8, 0x1F, 0xC0, 0xFF, 0xFF, 0x3F, 0xFF, 0xFF, 0xFF, 0x3F, 0xFF,
    0xFD, 0xFE, 0x3F, 0xFF, 0xE1, 0xFC, 0x0F, 0xFC, 0x00, 0x00, 0x00, 0x00, 0x00, 0x00, 0x07, 0x60,
    0x00, 0x00, 0x0F, 0xE0, 0x00, 0x00, 0x1D, 0xC0, 0x00, 0x00, 0x1F, 0x00, 0x00, 0x00, 0x1C, 0x00,
    0x00, 0x00, 0x38, 0x00, 0x00, 0x00, 0x60, 0x00, 0x00, 0x0E, 0x3E, 0x1E, 0x1E, 0x1F, 0x1F, 0x0F,
    0x1F, 0xFF, 0xFE, 0xFE, 0xF8, 0x00, 0x00, 0x6E, 0xFE, 0xFE, 0x7C, 0x38, 0x38, 0x18, 0x0E, 0x00,
    0x78, 0x07, 0xC0, 0x3E, 0x01, 0xF0, 0x7F, 0xFB, 0xFF, 0xDF, 0xFF, 0xF3, 0xF0, 0x00, 0x00, 0x00,
    0xEE, 0x07, 0xF0, 0x3B, 0x80, 0xF8, 0x03, 0x80, 0x1C, 0x00, 0x60, 0x00, 0x00, 0x30, 0x00, 0x00,
    0x18, 0x00, 0x00, 0x0F, 0xC0, 0x00, 0x07, 0xE0, 0x00, 0x03, 0xB0, 0x00, 0x03, 0xF8, 0x00, 0x01,
    0xF8, 0x00, 0x00, 0x00, 0x1E, 0x70, 0x00, 0x0F, 0x3C, 0x00, 0x07, 0x9E, 0x00, 0x03, 0xCF, 0x00,
    0x01, 0xFF, 0x80, 0x00, 0xFF, 0xC0, 0x00, 0x7D, 0xFC, 0x03, 0xFC, 0xFF, 0xFF, 0xFE, 0x3F, 0xFF,
    0xFE, 0x0F, 0xFF, 0xFC, 0x00, 0xFF, 0xF0, 0x00, 0x00, 0x38, 0x00, 0x00, 0x00, 0x70, 0x00, 0x00,
    0x00, 0xFC, 0x00, 0x00, 0x00, 0xFC, 0x00, 0x00, 0x03, 0xB8, 0x00, 0x00, 0x0F, 0xF0, 0x00, 0x00,
    0x1F, 0xC0, 0x00, 0x00, 0x00, 0x00, 0x00, 0x70, 0x00, 0x00, 0x00, 0xF0, 0x00, 0x00, 0x01, 0xE0,
    0x00, 0x0E, 0x03, 0xC0, 0x00, 0x3E, 0x0F, 0x80, 0x00, 0xFC, 0x1F, 0x00, 0x03, 0xF8, 0x1F, 0xC0,
    0xFF, 0xFF, 0x3F, 0xFF, 0xFF, 0xFF, 0x3F, 0xFF, 0xFD, 0xFE, 0x3F, 0xFF, 0xE1, 0xFC, 0x0F, 0xFC,
    0x00, 0x00, 0x60, 0x60, 0x7E, 0x7E, 0x77, 0xFE, 0xFC, 0x00, 0x00, 0x1C, 0x3C, 0x3C, 0x3E, 0x3E,
    0x1E, 0x1E, 0x1E, 0xFE, 0xFE, 0xFC, 0xF8, 0x00, 0x1C, 0x00, 0xE0, 0x07, 0xE0, 0x3F, 0x81, 0xDC,
    0x1F, 0xC0, 0xFE, 0x00, 0x00, 0x00, 0x00, 0x70, 0x03, 0xC0, 0x3E, 0x01, 0xF0, 0x0F, 0x83, 0xFF,
    0xDF, 0xFE, 0xFF, 0xFF, 0x9F, 0x80, 0x00, 0x7F, 0x00, 0x7F, 0xF0, 0x1F, 0xFF, 0x8F, 0xFF, 0xE6,
    0x3F, 0xF0, 0x07, 0xFC, 0x0F, 0xFC, 0x1F, 0xF0, 0x1F, 0xC0, 0x1F, 0x80, 0x1F, 0x80, 0x0F, 0x92,
    0x07, 0x9F, 0x87, 0x87, 0xC3, 0xC1, 0x81, 0xE0, 0xE0, 0xF8, 0x20, 0x7C, 0x00, 0x1F, 0x80, 0xCF,
    0xFF, 0xF3, 0xFF, 0xF8, 0xFF, 0xFC, 0x0F, 0xF8, 0x7F, 0x00, 0x07, 0xFF, 0x00, 0x1F, 0xFF, 0x80,
    0xFF, 0xFE, 0x06, 0x3F, 0xF0, 0x00, 0x7F, 0xC0, 0x0F, 0xFC, 0x01, 0xFF, 0xC0, 0x1F, 0xCF, 0x01,
    0xF8, 0x7F, 0x9F, 0x83, 0xFE, 0xF9, 0x2F, 0xF7, 0x9F, 0xBF, 0xF8, 0x7C, 0x03, 0xC1, 0x80, 0x1E,
    0x0E, 0x00, 0xF8, 0x20, 0x07, 0xC0, 0x00, 0x1F, 0x80, 0xC0, 0xFF, 0xFF, 0x03, 0xFF, 0xF8, 0x0F,
    0xFF, 0xC0, 0x0F, 0xF8, 0x00, 0x7F, 0x00, 0x7F, 0xC0, 0x7F, 0xF0, 0x7F, 0xFE, 0x00, 0xFE, 0x00,
    0x7E, 0x03, 0xFE, 0xFF, 0xF8, 0xFF, 0xE0, 0xFF, 0x80, 0xFE, 0x00, 0x00, 0x00, 0x00, 0x00, 0x0E,
    0xE0, 0x0E, 0xE0, 0x0E, 0xE0, 0x07, 0xC0, 0x03, 0x80, 0x03, 0x80, 0x03, 0x00, 0x7F, 0x00, 0x0F,
    0xF8, 0x01, 0xFF, 0xC0, 0x3F, 0xFF, 0x00, 0x0F, 0xE0, 0x00, 0xFC, 0x00, 0xFF, 0x87, 0xFF, 0xFE,
    0xFF, 0xFF, 0xFF, 0xF3, 0xFF, 0xF8, 0x3F, 0x00, 0x00, 0x00, 0x00, 0x00, 0x19, 0x80, 0x07, 0xF8,
    0x00, 0xFF, 0x00, 0x07, 0x80, 0x00, 0xF0, 0x00, 0x1E, 0x00, 0x01, 0x80, 0x00, 0x18, 0x01, 0x80,
    0x1F, 0x81, 0xF8, 0x1D, 0xC3, 0xF8, 0x3F, 0x00, 0x00, 0x00, 0x00, 0x18, 0x07, 0x80, 0x7C, 0x03,
    0xE0, 0x3E, 0x01, 0xF0, 0x1F, 0x00, 0xF0, 0x0F, 0x7F, 0xF7, 0xFF, 0x7F, 0xE7, 0xFC, 0x06, 0x00,
    0x18, 0x00, 0x0C, 0x00, 0x07, 0xE0, 0x03, 0xF0, 0x01, 0xDC, 0x01, 0xFC, 0x00, 0xFC, 0x00, 0x00,
    0x00, 0x00, 0x00, 0x00, 0xC0, 0x01, 0xE0, 0x00, 0xF8, 0x00, 0x3E, 0x00, 0x1F, 0x00, 0x07, 0xC0,
    0x03, 0xE0, 0x00, 0xF0, 0x00, 0x7C, 0x1F, 0xFF, 0xCF, 0xFF, 0xE7, 0xFF, 0xFB, 0xFE, 0xF8, 0x18,
    0x00, 0x00, 0x00, 0xF0, 0x1E, 0x03, 0xC0, 0xDC, 0x3F, 0xC7, 0xF8, 0x66, 0x00, 0x00, 0x00, 0x04,
    0x03, 0xC0, 0xF8, 0x0F, 0x81, 0xF0, 0x1E, 0x03, 0xC0, 0x78, 0x1F, 0x03, 0xE0, 0xF8, 0x7F, 0x3F,
    0xC7, 0xF0, 0x78, 0x0C, 0x00, 0x00, 0x00, 0x0E, 0x00, 0x1E, 0x00, 0x38, 0x01, 0xDC, 0x03, 0xF8,
    0x07, 0x70, 0x06, 0x40, 0x00, 0x00, 0x00, 0x00, 0x04, 0x00, 0x3C, 0x00, 0xF8, 0x00, 0xF8, 0x01,
    0xF0, 0x01, 0xE0, 0x03, 0xFC, 0x07, 0xF8, 0x1F, 0xF8, 0x3F, 0xE0, 0xF8, 0x07, 0xF0, 0x3F, 0xC0,
    0x7F, 0x00, 0xF8, 0x00, 0xC0, 0x00, 0x0E, 0x01, 0xC0, 0x3F, 0x07, 0xF0, 0xEE, 0x3F, 0x87, 0xF0,
    0x00, 0x00, 0x00, 0x00, 0x04, 0x03, 0xC0, 0xF8, 0x0F, 0x81, 0xF0, 0x1E, 0x03, 0xC0, 0x78, 0x1F,
    0x03, 0xE0, 0xF8, 0x7F, 0x3F, 0xC7, 0xF0, 0x78, 0x0C, 0x00, 0x0C, 0x00, 0x18, 0x00, 0x3F, 0x00,
    0x7E, 0x00, 0xEC, 0x03, 0xF8, 0x07, 0xE0, 0x00, 0x00, 0x00, 0x00, 0x00, 0x00, 0x04, 0x00, 0x3C,
    0x00, 0xF8, 0x00, 0xF8, 0x01, 0xF0, 0x01, 0xE0, 0x03, 0xFC, 0x07, 0xF8, 0x1F, 0xF8, 0x3F, 0xE0,
    0xF8, 0x07, 0xF0, 0x3F, 0xC0, 0x7F, 0x00, 0xF8, 0x00, 0xC0, 0x00, 0x00, 0x00, 0x0C, 0x00, 0x00,
    0x7C, 0x00, 0x03, 0xF8, 0x00, 0x1F, 0xF0, 0x00, 0x7F, 0x80, 0x01, 0xFC, 0x00, 0x03, 0xE0, 0x00,
    0x07, 0xE0, 0x70, 0x0F, 0xE0, 0xF0, 0x07, 0xE1, 0xE0, 0x07, 0xC3, 0xC0, 0x07, 0xCF, 0x80, 0x07,
    0x9F, 0x00, 0x0F, 0x1F, 0xC0, 0x7E, 0x3F, 0xFF, 0xFC, 0x3F, 0xFF, 0xF8, 0x3F, 0xFF, 0xC0, 0x0F,
    0xFC, 0x00, 0x00, 0x00, 0x0C, 0x00, 0x00, 0x0F, 0x00, 0x00, 0x0F, 0xE0, 0x00, 0x0F, 0xF8, 0x00,
    0x0F, 0xF8, 0x00, 0x03, 0xF8, 0x00, 0x01, 0xF8, 0x00, 0x00, 0x7E, 0x00, 0x70, 0x0F, 0xC0, 0x1E,
    0x01, 0xF8, 0x07, 0x80, 0x3F, 0x01, 0xE0, 0x07, 0xC0, 0xF8, 0x00, 0xF8, 0x3E, 0x00, 0x1F, 0x07,
    0xF0, 0x1F, 0xF9, 0xFF, 0xFF, 0xFF, 0x3F, 0xFF, 0xFF, 0xC7, 0xFF, 0xFB, 0xF0, 0x3F, 0xF8, 0x00,
    0x00, 0xE0, 0x3E, 0x0F, 0xF1, 0xFF, 0x7F, 0xCF, 0xE0, 0xF8, 0x0F, 0xC0, 0x7E, 0x03, 0xF0, 0x1F,
    0x80, 0xF8, 0x07, 0xC0, 0x7C, 0xFF, 0xCF, 0xFC, 0xFF, 0x8F, 0xF0, 0xE0, 0x00, 0x00, 0x60, 0x07,
    0xC0, 0x3F, 0xC0, 0xFF, 0x87, 0xFC, 0x1F, 0xC0, 0x3E, 0x00, 0x7E, 0x00, 0x7E, 0x00, 0x7E, 0x00,
    0x7E, 0x00, 0x7C, 0x00, 0x7C, 0x00, 0xFC, 0x3F, 0xFF, 0x7F, 0xFF, 0xFF, 0xFF, 0xFE, 0xFF, 0x80,
    0x00, 0x00, 0x00, 0x30, 0x00, 0x00, 0xF0, 0x00, 0x07, 0xE0, 0x00, 0x3F, 0x80, 0x01, 0xFC, 0xC0,
    0x03, 0xE7, 0xC0, 0x03, 0x3F, 0x80, 0x01, 0xFF, 0x00, 0x07, 0xF8, 0x00, 0x1F, 0xC0, 0x00, 0x3E,
    0x00, 0x00, 0x7E, 0x07, 0x00, 0xFE, 0x0F, 0x00, 0x7E, 0x1E, 0x00, 0x7C, 0x3C, 0x00, 0x7C, 0xF8,
    0x00, 0x79, 0xF0, 0x00, 0xF1, 0xFC, 0x07, 0xE3, 0xFF, 0xFF, 0xC3, 0xFF, 0xFF, 0x83, 0xFF, 0xFC,
    0x00, 0xFF, 0xC0, 0x00, 0x00, 0x00, 0x30, 0x00, 0x00, 0x3C, 0x00, 0x00, 0x3F, 0x80, 0x00, 0x1F,
    0x80, 0x00, 0x1F, 0x8C, 0x00, 0x07, 0x8F, 0x00, 0x01, 0xCF, 0xE0, 0x00, 0x0F, 0xF8, 0x00, 0x0F,
    0xF8, 0x00, 0x03, 0xF8, 0x00, 0x01, 0xF8, 0x00, 0x00, 0x7E, 0x00, 0x70, 0x0F, 0xC0, 0x1E, 0x01,
    0xF8, 0x07, 0x80, 0x3F, 0x01, 0xE0, 0x07, 0xC0, 0xF8, 0x00, 0xF8, 0x3E, 0x00, 0x1F, 0x07, 0xF0,
    0x1F, 0xF9, 0xFF, 0xFF, 0xFF, 0x3F, 0xFF, 0xFF, 0xC7, 0xFF, 0xFB, 0xF0, 0x3F, 0xF8, 0x00, 0x00,
    0xC0, 0x1E, 0x03, 0xF8, 0x7F, 0x07, 0xE7, 0x3C, 0xF9, 0x9F, 0xE1, 0xFF, 0x3F, 0xE3, 0xF8, 0x1F,
    0x00, 0xFC, 0x03, 0xF0, 0x0F, 0xC0, 0x3F, 0x00, 0xF8, 0x03, 0xE0, 0x1F, 0x1F, 0xF8, 0xFF, 0xC7,
    0xFC, 0x3F, 0xC1, 0xC0, 0x00, 0x00, 0xC0, 0x03, 0xC0, 0x0F, 0xE0, 0x3F, 0x80, 0x7E, 0x30, 0x79,
    0xF0, 0x67, 0xF8, 0x0F, 0xF8, 0x3F, 0xE0, 0x7F, 0x00, 0x7C, 0x00, 0x7E, 0x00, 0x3F, 0x00, 0x1F,
    0x80, 0x0F, 0xC0, 0x07, 0xC0, 0x03, 0xE0, 0x03, 0xF0, 0x7F, 0xFE, 0x7F, 0xFF, 0x7F, 0xFF, 0x7F,
    0xBF, 0x70, 0x00, 0x00, 0x00, 0x00, 0x01, 0xC0, 0x00, 0xF8, 0x00, 0x3E, 0x78, 0x07, 0x9E, 0x01,
    0xE7, 0x80, 0x7F, 0xE0, 0x1F, 0xF8, 0x07, 0xFE, 0x01, 0xEF, 0x80, 0x79, 0xF0, 0x7E, 0x7F, 0xFF,
    0x0F, 0xFF, 0x81, 0xFF, 0xC0, 0x1F, 0xC0, 0x00, 0x03, 0x00, 0x00, 0x1F, 0x00, 0x00, 0x1E, 0x03,
    0xC0, 0x3C, 0x07, 0x80, 0x7C, 0x0F, 0x00, 0xFF, 0x3E, 0x01, 0xFF, 0x7C, 0x03, 0xFE, 0xF8, 0x07,
    0xFD, 0xF0, 0x0F, 0x01, 0xF0, 0x7E, 0x03, 0xFF, 0xF8, 0x03, 0xFF, 0xF0, 0x03, 0xFF, 0xC0, 0x01,
    0xFE, 0x00, 0x00, 0x0C, 0x01, 0xC0, 0x7C, 0x1F, 0xC1, 0xFC, 0x7F, 0x9F, 0xFB, 0xCF, 0xF9, 0xFF,
    0x3F, 0xFF, 0xBF, 0xF7, 0xFC, 0x7F, 0x00, 0x00, 0x0F, 0xC0, 0x1F, 0xF0, 0x1F, 0xF8, 0x0F, 0xFE,
    0x0F, 0x8F, 0x07, 0x87, 0xC3, 0xC3, 0xFD, 0xE0, 0xFF, 0xF8, 0x3F, 0xB8, 0x0F, 0xC0, 0x00, 0x00,
    0x1C, 0x78, 0xF1, 0xF3, 0xE3, 0xC7, 0x8F, 0xFF, 0xFF, 0xF7, 0xC1, 0x07, 0x0E, 0x3C, 0x38, 0x18,
    0x00, 0x78, 0x03, 0xF0, 0x77, 0xE3, 0xFF, 0xCF, 0xFF, 0xBF, 0xC7, 0xFE, 0x0F, 0xF0, 0x1F, 0xC0,
    0x1F, 0x80, 0x3F, 0x00, 0x3E, 0x00, 0x30, 0x00, 0x00, 0xC0, 0x00, 0x3C, 0x00, 0x0F, 0xC0, 0x01,
    0xFC, 0x00, 0x3F, 0xE0, 0x0F, 0xFE, 0x01, 0xEF, 0xE0, 0x3D, 0xFE, 0x07, 0xBF, 0xC0, 0xFF, 0x7D,
    0xFF, 0xEF, 0xFF, 0xFF, 0xFF, 0xFF, 0xFD, 0xFF, 0xFF, 0x06, 0x03, 0x80, 0x00, 0x78, 0x00, 0x1F,
    0xC0, 0x01, 0xFE, 0x00, 0x3F, 0xE0, 0x07, 0xDE, 0x00, 0x79, 0xE0, 0x07, 0x9E, 0x00, 0x7B, 0xC0,
    0x7F, 0xFF, 0xCF, 0xFF, 0xFE, 0xFF, 0xFF, 0xEF, 0xFF, 0xFE, 0x0F, 0x8F, 0x00, 0x7C, 0xF0, 0x07,
    0xFF, 0x00, 0x3F, 0xF0, 0x01, 0xFE, 0x00, 0x07, 0xC0, 0x0C, 0x00, 0x0F, 0x00, 0x1F, 0x80, 0x1F,
    0xC0, 0x3F, 0xE0, 0x3F, 0xF8, 0x79, 0xFC, 0x79, 0xFC, 0x7F, 0xFE, 0x3F, 0xDE, 0xFF, 0xDE, 0xFF,
    0xFE, 0xFF, 0xFE, 0xFF, 0xFC, 0x00, 0x60, 0x03, 0xE0, 0x07, 0xF0, 0x03, 0xFC, 0x03, 0xFE, 0x01,
    0xEF, 0x01, 0xF7, 0x80, 0xF3, 0xC0, 0x7B, 0xE0, 0xFF, 0xFF, 0x7F, 0xFF, 0xBF, 0xFF, 0xFF, 0xFF,
    0xE3, 0xC7, 0xC1, 0xF3, 0xE0, 0xFF, 0xE0, 0x3F, 0xF0, 0x0F, 0xF0, 0x01, 0xF0, 0x00, 0x01, 0xE0,
    0x00, 0x07, 0xE0, 0x00, 0x1F, 0xE0, 0x00, 0x7F, 0xC0, 0x01, 0xF7, 0xC0, 0x07, 0xC7, 0x80, 0x1F,
    0x8E, 0x00, 0x3C, 0x00, 0x00, 0xF8, 0x00, 0x01, 0xFE, 0x00, 0xFD, 0xFF, 0xFF, 0xFB, 0xFF, 0xFF,
    0xF1, 0xFF, 0xFF, 0xE0, 0x7F, 0xFC, 0x00, 0x00, 0x7E, 0x03, 0xFF, 0x8F, 0xFF, 0xCF, 0xFF, 0xEF,
    0xFF, 0xC7, 0xC0, 0x03, 0xC0, 0x01, 0xFC, 0x1C, 0xFF, 0xFE, 0x3F, 0xFF, 0x0F, 0xFF, 0x80, 0xFF,
    0x80, 0x1E, 0x00, 0x00, 0x7C, 0x00, 0x00, 0xE0, 0x00, 0x01, 0xC0, 0x00, 0x01, 0xF0, 0x00, 0x07,
    0xE0, 0x00, 0x0E, 0x00, 0x00, 0x00, 0xF0, 0x00, 0x03, 0xF0, 0x00, 0x0F, 0xF0, 0x00, 0x3F, 0xE0,
    0x00, 0xFB, 0xE0, 0x03, 0xE3, 0xC0, 0x0F, 0xC7, 0x00, 0x1E, 0x00, 0x00, 0x7C, 0x00, 0x00, 0xFF,
    0x00, 0x7E, 0xFF, 0xFF, 0xFD, 0xFF, 0xFF, 0xF8, 0xFF, 0xFF, 0xF0, 0x3F, 0xFE, 0x00, 0x1C, 0x00,
    0x1E, 0x00, 0x0C, 0x00, 0x07, 0x40, 0x03, 0xE0, 0x03, 0xF0, 0x00, 0xE0, 0x00, 0x00, 0xFC, 0x07,
    0xFF, 0x1F, 0xFF, 0x9F, 0xFF, 0xDF, 0xFF, 0x8F, 0x80, 0x07, 0x80, 0x03, 0xF8, 0x39, 0xFF, 0xFC,
    0x7F, 0xFE, 0x1F, 0xFF, 0x01, 0xFF, 0x00, 0x00, 0x07, 0xF0, 0x00, 0x7F, 0x80, 0x07, 0xFC, 0x00,
    0x7F, 0xC0, 0x03, 0xC0, 0x00, 0x3E, 0x01, 0xE1, 0xE0, 0x0F, 0x0F, 0xC0, 0x78, 0x3F, 0x87, 0xC0,
    0xFF, 0x3E, 0x03, 0xF9, 0xF0, 0x03, 0xCF, 0x80, 0x3E, 0x3F, 0x07, 0xF1, 0xFF, 0xFF, 0x07, 0xFF,
    0xF0, 0x1F, 0xFF, 0x00, 0x3F, 0xC0, 0x00, 0x00, 0x00, 0x01, 0xE0, 0x00, 0x07, 0x80, 0x70, 0x1E,
    0x01, 0xFE, 0xF8, 0x0F, 0xFF, 0xE0, 0x3F, 0xFF, 0x80, 0x3F, 0xFE, 0x00, 0x7C, 0x7E, 0x03, 0xE1,
    0xFF, 0xFF, 0x83, 0xFF, 0xFC, 0x07, 0xFF, 0xE0, 0x07, 0xFC, 0x00, 0x0E, 0x3E, 0x1E, 0x1E, 0x1F,
    0x1F, 0x0F, 0x1F, 0xFF, 0xFE, 0xFE, 0xF8, 0x00, 0x00, 0xE7, 0xFF, 0xFF, 0xE7, 0x0E, 0x00, 0x78,
    0x07, 0xC0, 0x3E, 0x01, 0xF0, 0x7F, 0xFB, 0xFF, 0xDF, 0xFF, 0xF3, 0xF0, 0x00, 0x00, 0x00, 0xE6,
    0x07, 0xF8, 0x3F, 0xC1, 0xDC, 0x00, 0x1F, 0x87, 0xF0, 0xFE, 0x3F, 0xC7, 0x80, 0xF0, 0x1F, 0x71,
    0xFF, 0x7F, 0xFF, 0xFF, 0xFE, 0x3E, 0x04, 0x00, 0x00, 0x1F, 0xE7, 0xF9, 0xBE, 0x00, 0x00, 0x01,
    0xE0, 0x78, 0x1E, 0x07, 0x81, 0xE0, 0x78, 0x1F, 0x07, 0xC1, 0xF0, 0x7C, 0x1F, 0x07, 0xC1, 0xF0,
    0x7C, 0x0F, 0x03, 0xC0, 0xF0, 0x00, 0x07, 0xF8, 0x7F, 0xC6, 0x78, 0x00, 0x01, 0xE0, 0x1E, 0x01,
    0xE0, 0x1E, 0x01, 0xF0, 0x1F, 0x01, 0xF0, 0x1F, 0x01, 0xF0, 0x1F, 0x01, 0xF0, 0x0F, 0x00, 0xF0,
    0x0F, 0x00, 0xF0, 0x0F, 0xE0, 0xFF, 0x0F, 0xF0, 0x7F, 0x00, 0x00, 0x7B, 0xEE, 0x3A, 0xFF, 0xFE,
    0x00, 0x79, 0xE7, 0x9E, 0x79, 0xE7, 0xDF, 0x7D, 0xF7, 0xDF, 0x7D, 0xF3, 0xCF, 0x3C, 0x78, 0x3E,
    0x0E, 0x03, 0x80, 0x7C, 0x3F, 0x0E, 0x01, 0xE0, 0x78, 0x1E, 0x07, 0x81, 0xF0, 0x7C, 0x1F, 0x07,
    0xC1, 0xF0, 0x7C, 0x1F, 0x03, 0xC0, 0xF0, 0x3C, 0x0F, 0x03, 0xF8, 0xFF, 0x3F, 0xC7, 0xF0, 0x00,
    0x0F, 0x01, 0xF0, 0x1C, 0x01, 0xD0, 0x0F, 0x81, 0xF8, 0x1C, 0x00, 0x00, 0x0F, 0x81, 0xFC, 0x3F,
    0xE7, 0xFE, 0x79, 0xE7, 0x9F, 0x7F, 0xF7, 0xFF, 0x7F, 0xF3, 0xFE, 0x03, 0xE1, 0xFE, 0xFF, 0xC7,
    0xF8, 0x7E, 0x07, 0x80, 0x0F, 0x00, 0x1F, 0x00, 0x1C, 0x00, 0x1D, 0x00, 0x0F, 0x80, 0x1F, 0x80,
    0x1C, 0x00, 0x00, 0x00, 0x0F, 0x80, 0x1F, 0xC0, 0x3F, 0xE0, 0x7F, 0xE0, 0x79, 0xE0, 0x79, 0xF0,
    0x7F, 0xFC, 0x7F, 0xFE, 0x7F, 0xFE, 0x3F, 0xFE, 0x03, 0xF8, 0x1F, 0xE0, 0xFF, 0xC0, 0x7F, 0x80,
    0x7E, 0x00, 0x78, 0x00, 0xF3, 0xCF, 0x3C, 0xF3, 0xCF, 0xBE, 0xFB, 0xEF, 0xBE, 0xFB, 0xEF, 0x9E,
    0x79, 0xE7, 0x80, 0x7B, 0xEE, 0x38, 0x7F, 0xFE, 0x00, 0xF0, 0x78, 0x3C, 0x1E, 0x0F, 0x87, 0xC3,
    0xE1, 0xF0, 0xF8, 0x7C, 0x3E, 0x0F, 0x07, 0x83, 0xC1, 0xE0, 0xFE, 0x7F, 0xBF, 0xCF, 0xE0, 0x03,
    0x83, 0xC1, 0xC0, 0xE8, 0x7C, 0x3E, 0x1C, 0x00, 0x0E, 0x00, 0x00, 0xF0, 0x3F, 0x8E, 0x03, 0xFC,
    0x3A, 0x3F, 0xE1, 0xF3, 0xFE, 0x1F, 0x9E, 0x00, 0x61, 0xF0, 0x0F, 0x0F, 0x00, 0x78, 0x7E, 0x03,
    0xC1, 0xFC, 0x3E, 0x07, 0xF9, 0xF0, 0x1F, 0xCF, 0x80, 0x1E, 0x7C, 0x01, 0xF1, 0xF8, 0x3F, 0x8F,
    0xFF, 0xF8, 0x3F, 0xFF, 0x80, 0xFF, 0xF8, 0x01, 0xFE, 0x00, 0x0E, 0x00, 0x00, 0x78, 0x00, 0x03,
    0x80, 0x00, 0x07, 0x40, 0x00, 0x1F, 0x00, 0x00, 0xFC, 0x00, 0x01, 0x80, 0x00, 0x1E, 0x00, 0x00,
    0x78, 0x07, 0x01, 0xE0, 0x1F, 0xEF, 0x80, 0xFF, 0xFE, 0x03, 0xFF, 0xF8, 0x03, 0xFF, 0xE0, 0x07,
    0xC7, 0xE0, 0x3E, 0x1F, 0xFF, 0xF8, 0x3F, 0xFF, 0xC0, 0x7F, 0xFE, 0x00, 0x7F, 0xC0, 0x00, 0x78,
    0xF3, 0x83, 0xA7, 0xDF, 0x98, 0x00, 0x1C, 0x78, 0xF1, 0xF3, 0xE3, 0xC7, 0x8F, 0xFF, 0xFF, 0xF7,
    0xC0, 0x00, 0x1E, 0x03, 0xE0, 0x38, 0x03, 0xA0, 0x3F, 0x03, 0xF0, 0x38, 0x00, 0x00, 0x1E, 0x01,
    0xE0, 0x1E, 0x01, 0xE0, 0x3E, 0x0F, 0xFE, 0xFF, 0xFF, 0xFF, 0xF7, 0xF0, 0x00, 0xF7, 0xBD, 0xEF,
    0x7B, 0xFF, 0xFF, 0xFF, 0xFF, 0xFF, 0xEF, 0x7B, 0xDE, 0xF0, 0x78, 0x3C, 0x1E, 0x0F, 0x87, 0xC3,
    0xE1, 0xF0, 0xF8, 0x7C, 0x3E, 0x0F, 0x07, 0x83, 0xC1, 0xE0, 0xFE, 0x7F, 0xBF, 0xCF, 0xE0, 0x00,
    0x00, 0x00, 0x00, 0x00, 0x00, 0x07, 0x9C, 0x00, 0x03, 0xCF, 0x00, 0x01, 0xE7, 0x80, 0x00, 0xF3,
    0xC0, 0x00, 0x7F, 0xE0, 0x00, 0x3F, 0xF0, 0x00, 0x1F, 0x7F, 0x00, 0xFF, 0x3F, 0xFF, 0xFF, 0x8F,
    0xFF, 0xFF, 0x83, 0xFF, 0xFF, 0x00, 0x3F, 0xFC, 0x00, 0x00, 0x00, 0x00, 0x00, 0x00, 0x00, 0x00,
    0x38, 0x00, 0x00, 0x1E, 0x00, 0x00, 0x1F, 0x00, 0x00, 0x07, 0x00, 0x00, 0x70, 0x00, 0x00, 0x00,
    0xF0, 0x00, 0x00, 0x01, 0xE0, 0x00, 0x0E, 0x03, 0xC0, 0x00, 0x3E, 0x0F, 0x80, 0x00, 0xFC, 0x1F,
    0x00, 0x03, 0xF8, 0x1F, 0xC0, 0xFF, 0xFF, 0x3F, 0xFF, 0xFF, 0xFF, 0x3F, 0xFF, 0xFD, 0xFE, 0x3F,
    0xFF, 0xE1, 0xFC, 0x0F, 0xFC, 0x00, 0x00, 0x00, 0x00, 0x00, 0x00, 0x00, 0x00, 0x00, 0x00, 0x03,
    0x80, 0x00, 0x00, 0x0F, 0x00, 0x00, 0x00, 0x1E, 0x00, 0x00, 0x00, 0x1C, 0x00, 0x00, 0x1C, 0x78,
    0xF1, 0xF3, 0xE3, 0xC7, 0x8F, 0xFF, 0xFF, 0xF7, 0xC0, 0x00, 0x0C, 0x3C, 0x78, 0x70, 0x1E, 0x01,
    0xE0, 0x1E, 0x01, 0xE0, 0x3E, 0x0F, 0xFE, 0xFF, 0xFF, 0xFF, 0xF7, 0xF0, 0x00, 0x00, 0x01, 0xC0,
    0x3C, 0x03, 0xE0, 0x1C, 0x00, 0x00, 0x07, 0x79, 0xFF, 0x1D, 0xE1, 0x98, 0x00, 0x03, 0x00, 0x70,
    0x1F, 0x07, 0xF0, 0x7F, 0x1F, 0xE7, 0xFE, 0xF3, 0xFE, 0x7F, 0xCF, 0xFF, 0xEF, 0xFD, 0xFF, 0x1F,
    0xC0, 0x00, 0x00, 0x00, 0x1E, 0xE0, 0x1F, 0xE0, 0x1F, 0xE0, 0x0C, 0xC0, 0x00, 0x00, 0x00, 0x00,
    0x01, 0xE0, 0x01, 0xF0, 0x07, 0xF0, 0x1F, 0xF0, 0x3F, 0xF0, 0x7F, 0xF0, 0x7D, 0xF0, 0xF8, 0xF0,
    0xF8, 0xF0, 0xFF, 0xF0, 0x7F, 0xF0, 0x7F, 0xFE, 0x3F, 0xFF, 0x02, 0x7F, 0x00, 0x3F, 0x00, 0x00,
    0x00, 0x00, 0x00, 0x00, 0x3B, 0x80, 0x00, 0x3D, 0xE0, 0x00, 0x1E, 0xF0, 0x00, 0x06, 0x30, 0xF3,
    0x80, 0x00, 0x79, 0xE0, 0x00, 0x3C, 0xF0, 0x00, 0x1E, 0x78, 0x00, 0x0F, 0xFC, 0x00, 0x07, 0xFE,
    0x00, 0x03, 0xEF, 0xE0, 0x1F, 0xE7, 0xFF, 0xFF, 0xF1, 0xFF, 0xFF, 0xF0, 0x7F, 0xFF, 0xE0, 0x07,
    0xFF, 0x80, 0x00, 0x00, 0x00, 0x00, 0x00, 0xF7, 0x00, 0x00, 0x01, 0xFE, 0x00, 0x00, 0x03, 0xFC,
    0x00, 0x00, 0x03, 0x30, 0x00, 0x0E, 0x00, 0x00, 0x00, 0x1E, 0x00, 0x00, 0x00, 0x3C, 0x00, 0x01,
    0xC0, 0x78, 0x00, 0x07, 0xC1, 0xF0, 0x00, 0x1F, 0x83, 0xE0, 0x00, 0x7F, 0x03, 0xF8, 0x1F, 0xFF,
    0xE7, 0xFF, 0xFF, 0xFF, 0xE7, 0xFF, 0xFF, 0xBF, 0xC7, 0xFF, 0xFC, 0x3F, 0x81, 0xFF, 0x80, 0x00,
    0x00, 0x3B, 0xBD, 0xEE, 0xF6, 0x30, 0x00, 0x38, 0x3C, 0x1E, 0x0F, 0x87, 0xC1, 0xE0, 0xF0, 0x79,
    0xFC, 0xFE, 0x7E, 0x3E, 0x00, 0x00, 0x00, 0x01, 0xDE, 0x0F, 0xF0, 0x7F, 0x81, 0x98, 0x00, 0x00,
    0x38, 0x01, 0xE0, 0x1F, 0x00, 0xF8, 0x07, 0xC1, 0xFF, 0xEF, 0xFF, 0x7F, 0xFF, 0xCF, 0xC0, 0x00,
    0x00, 0x00, 0x00, 0x00, 0x0E, 0x00, 0x00, 0x07, 0x80, 0x00, 0x03, 0x80, 0x00, 0x07, 0x70, 0x00,
    0x03, 0xF8, 0x00, 0x01, 0xDC, 0x00, 0x00, 0x66, 0x1E, 0x70, 0x00, 0x0F, 0x3C, 0x00, 0x07, 0x9E,
    0x00, 0x03, 0xCF, 0x00, 0x01, 0xFF, 0x80, 0x00, 0xFF, 0xC0, 0x00, 0x7D, 0xFC, 0x03, 0xFC, 0xFF,
    0xFF, 0xFE, 0x3F, 0xFF, 0xFE, 0x0F, 0xFF, 0xFC, 0x00, 0xFF, 0xF0, 0x00, 0x00, 0x00, 0x00, 0x00,
    0x00, 0x1C, 0x00, 0x00, 0x00, 0x78, 0x00, 0x00, 0x00, 0x70, 0x00, 0x00, 0x03, 0xB0, 0x00, 0x00,
    0x0F, 0xF0, 0x00, 0x00, 0x1F, 0xE0, 0x00, 0x00, 0x19, 0x80, 0x00, 0x70, 0x00, 0x00, 0x00, 0xF0,
    0x00, 0x00, 0x01, 0xE0, 0x00, 0x0E, 0x03, 0xC0, 0x00, 0x3E, 0x0F, 0x80, 0x00, 0xFC, 0x1F, 0x00,
    0x03, 0xF8, 0x1F, 0xC0, 0xFF, 0xFF, 0x3F, 0xFF, 0xFF, 0xFF, 0x3F, 0xFF, 0xFD, 0xFE, 0x3F, 0xFF,
    0xE1, 0xFC, 0x0F, 0xFC, 0x00, 0x00, 0x00, 0x38, 0x3C, 0x38, 0xEE, 0xFF, 0xFE, 0x66, 0x00, 0x1C,
    0x3C, 0x3C, 0x3E, 0x3E, 0x1E, 0x1E, 0x1E, 0xFE, 0xFE, 0xFC, 0xF8, 0x00, 0x00, 0x00, 0x78, 0x03,
    0xC0, 0x1E, 0x01, 0xB8, 0x1F, 0xE0, 0xFF, 0x03, 0x30, 0x00, 0x00, 0x70, 0x03, 0xC0, 0x3E, 0x01,
    0xF0, 0x0F, 0x83, 0xFF, 0xDF, 0xFE, 0xFF, 0xFF, 0x9F, 0x80, 0x00, 0x7E, 0x00, 0x7F, 0xE0, 0x1F,
    0xFF, 0x8F, 0xFF, 0xE6, 0x3F, 0xF0, 0x07, 0xF8, 0x0F, 0xFC, 0x1F, 0xF0, 0x1F, 0xC0, 0x1F, 0x80,
    0x1F, 0x80, 0x0F, 0x80, 0x0F, 0x87, 0x07, 0x87, 0x83, 0xC3, 0xC1, 0xE0, 0xE0, 0xF8, 0x00, 0x7C,
    0x00, 0x1F, 0x81, 0xCF, 0xFF, 0xE3, 0xFF, 0xF8, 0xFF, 0xFC, 0x1F, 0xF0, 0x7E, 0x00, 0x07, 0xFE,
    0x00, 0x1F, 0xFF, 0x80, 0xFF, 0xFE, 0x06, 0x3F, 0xF0, 0x00, 0x7F, 0x80, 0x0F, 0xFC, 0x01, 0xFF,
    0xC0, 0x1F, 0xDE, 0x01, 0xF8, 0xFF, 0x9F, 0x83, 0xFE, 0xF8, 0x0F, 0xFF, 0x87, 0x3F, 0x78, 0x78,
    0x03, 0xC3, 0xC0, 0x1E, 0x0E, 0x00, 0xF8, 0x00, 0x07, 0xC0, 0x00, 0x1F, 0x81, 0xC0, 0xFF, 0xFE,
    0x03, 0xFF, 0xF8, 0x0F, 0xFF, 0xC0, 0x1F, 0xF0, 0x00, 0x7F, 0x00, 0x7F, 0xC0, 0x7F, 0xF0, 0x7F,
    0xFE, 0x00, 0xFE, 0x00, 0x7E, 0x03, 0xFE, 0xFF, 0xF8, 0xFF, 0xE0, 0xFF, 0x80, 0xFE, 0x00, 0x00,
    0x00, 0x00, 0x00, 0x03, 0x80, 0x07, 0xC0, 0x07, 0xC0, 0x03, 0x80, 0x7F, 0x00, 0x0F, 0xF8, 0x01,
    0xFF, 0xC0, 0x3F, 0xFF, 0x00, 0x0F, 0xE0, 0x00, 0xFC, 0x00, 0xFF, 0x87, 0xFF, 0xFE, 0xFF, 0xFF,
    0xFF, 0xF3, 0xFF, 0xF8, 0x3F, 0x00, 0x00, 0x00, 0x00, 0x00, 0x06, 0x00, 0x01, 0xE0, 0x00, 0x3C,
    0x00, 0x03, 0x80, 0x00, 0x7E, 0x00, 0x7F, 0xE0, 0x1F, 0xFF, 0x8F, 0xFF, 0xE6, 0x3F, 0xF0, 0x07,
    0xF8, 0x0F, 0xFC, 0x1F, 0xF0, 0x1F, 0xC0, 0x1F, 0x80, 0x1F, 0x80, 0x0F, 0x80, 0x0F, 0x80, 0x07,
    0x80, 0x03, 0xC0, 0x01, 0xE0, 0x00, 0xF8, 0x00, 0x7C, 0x00, 0x1F, 0x81, 0xCF, 0xFF, 0xE3, 0xFF,
    0xF8, 0xFF, 0xFC, 0x1F, 0xF0, 0x7E, 0x00, 0x07, 0xFE, 0x00, 0x1F, 0xFF, 0x80, 0xFF, 0xFE, 0x06,
    0x3F, 0xF0, 0x00, 0x7F, 0x80, 0x0F, 0xFC, 0x01, 0xFF, 0xC0, 0x1F, 0xDE, 0x01, 0xF8, 0xFF, 0x9F,
    0x83, 0xFE, 0xF8, 0x0F, 0xFF, 0x80, 0x3F, 0x78, 0x00, 0x03, 0xC0, 0x00, 0x1E, 0x00, 0x00, 0xF8,
    0x00, 0x07, 0xC0, 0x00, 0x1F, 0x81, 0xC0, 0xFF, 0xFE, 0x03, 0xFF, 0xF8, 0x0F, 0xFF, 0xC0, 0x1F,
    0xF0, 0x00, 0x7F, 0x00, 0x7F, 0xC0, 0x7F, 0xF0, 0x7F, 0xFE, 0x00, 0xFE, 0x00, 0x7E, 0x03, 0xFE,
    0xFF, 0xF8, 0xFF, 0xE0, 0xFF, 0x80, 0xFE, 0x00, 0x00, 0x00, 0x7F, 0x00, 0x0F, 0xF8, 0x01, 0xFF,
    0xC0, 0x3F, 0xFF, 0x00, 0x0F, 0xE0, 0x00, 0xFC, 0x00, 0xFF, 0x87, 0xFF, 0xFE, 0xFF, 0xFF, 0xFF,
    0xF3, 0xFF, 0xF8, 0x3F, 0x00, 0x00, 0x00, 0x01, 0x80, 0x01, 0xE0, 0x00, 0xF0, 0x00, 0x78, 0x00,
    0x18, 0x00, 0x00, 0x01, 0xF8, 0x01, 0xFF, 0x80, 0x7F, 0xFE, 0x3F, 0xFF, 0x98, 0xFF, 0xC0, 0x1F,
    0xE0, 0x3F, 0xF0, 0x7F, 0xC0, 0x7F, 0x00, 0x7E, 0x00, 0x7E, 0x00, 0x3E, 0x00, 0x3E, 0x00, 0x1E,
    0x00, 0x0F, 0x00, 0x07, 0x80, 0x03, 0xE0, 0x01, 0xF0, 0x00, 0x7E, 0x07, 0x3F, 0xFF, 0x8F, 0xFF,
    0xE3, 0xFF, 0xF0, 0x7F, 0xC0, 0x01, 0x80, 0x00, 0x1E, 0x00, 0x00, 0xF0, 0x00, 0x07, 0x80, 0x00,
    0x18, 0x00, 0x00, 0x00, 0x01, 0xF8, 0x00, 0x1F, 0xF8, 0x00, 0x7F, 0xFE, 0x03, 0xFF, 0xF8, 0x18,
    0xFF, 0xC0, 0x01, 0xFE, 0x00, 0x3F, 0xF0, 0x07, 0xFF, 0x00, 0x7F, 0x78, 0x07, 0xE3, 0xFE, 0x7E,
    0x0F, 0xFB, 0xE0, 0x3F, 0xFE, 0x00, 0xFD, 0xE0, 0x00, 0x0F, 0x00, 0x00, 0x78, 0x00, 0x03, 0xE0,
    0x00, 0x1F, 0x00, 0x00, 0x7E, 0x07, 0x03, 0xFF, 0xF8, 0x0F, 0xFF, 0xE0, 0x3F, 0xFF, 0x00, 0x7F,
    0xC0, 0x00, 0x08, 0x00, 0x3C, 0x00, 0x3E, 0x00, 0x3C, 0x00, 0x18, 0x00, 0x00, 0x00, 0x00, 0x00,
    0x7F, 0x00, 0x7F, 0xC0, 0x7F, 0xF0, 0x7F, 0xFE, 0x00, 0xFE, 0x00, 0x7E, 0x03, 0xFE, 0xFF, 0xF8,
    0xFF, 0xE0, 0xFF, 0x80, 0xFE, 0x00, 0x00, 0x00, 0x08, 0x00, 0x07, 0x80, 0x00, 0xF0, 0x00, 0x1E,
    0x00, 0x01, 0x80, 0x00, 0x00, 0x00, 0x00, 0x00, 0x03, 0xF8, 0x00, 0x7F, 0xC0, 0x0F, 0xFE, 0x01,
    0xFF, 0xF8, 0x00, 0x7F, 0x00, 0x07, 0xE0, 0x07, 0xFC, 0x3F, 0xFF, 0xF7, 0xFF, 0xFF, 0xFF, 0x9F,
    0xFF, 0xC1, 0xF8, 0x00, 0x00, 0x00, 0x01, 0x80, 0x78, 0x07, 0xC0, 0x3E, 0x03, 0xE0, 0x1F, 0x01,
    0xF0, 0x0F, 0x00, 0xF7, 0xFF, 0x7F, 0xF7, 0xFE, 0x7F, 0xC0, 0x60, 0x01, 0x80, 0x03, 0xC0, 0x01,
    0xF0, 0x00, 0x7C, 0x00, 0x3E, 0x00, 0x0F, 0x80, 0x07, 0xC0, 0x01, 0xE0, 0x00, 0xF8, 0x3F, 0xFF,
    0x9F, 0xFF, 0xCF, 0xFF, 0xF7, 0xFD, 0xF0, 0x30, 0x00, 0x04, 0x00, 0xE0, 0x1F, 0x00, 0xF0, 0x06,
    0x00, 0x00, 0x01, 0x80, 0x78, 0x07, 0xC0, 0x3E, 0x03, 0xE0, 0x1F, 0x01, 0xF0, 0x0F, 0x00, 0xF7,
    0xFF, 0x7F, 0xF7, 0xFE, 0x7F, 0xC0, 0x60, 0x04, 0x00, 0x07, 0x00, 0x07, 0xC0, 0x01, 0xE0, 0x00,
    0x60, 0x00, 0x00, 0x00, 0x06, 0x00, 0x0F, 0x00, 0x07, 0xC0, 0x01, 0xF0, 0x00, 0xF8, 0x00, 0x3E,
    0x00, 0x1F, 0x00, 0x07, 0x80, 0x03, 0xE0, 0xFF, 0xFE, 0x7F, 0xFF, 0x3F, 0xFF, 0xDF, 0xF7, 0xC0,
    0xC0, 0x00, 0x01, 0x01, 0xE0, 0xF8, 0x1F, 0x07, 0xC0, 0xF0, 0x3C, 0x0F, 0x07, 0xC1, 0xF0, 0xF8,
    0xFE, 0xFF, 0x3F, 0x87, 0x81, 0x80, 0x01, 0x00, 0x0F, 0x00, 0x3E, 0x00, 0x3E, 0x00, 0x7C, 0x00,
    0x78, 0x00, 0xFF, 0x01, 0xFE, 0x07, 0xFE, 0x0F, 0xF8, 0x3E, 0x01, 0xFC, 0x0F, 0xF0, 0x1F, 0xC0,
    0x3E, 0x00, 0x30, 0x00, 0x03, 0x01, 0xE0, 0x78, 0x1E, 0x03, 0x00, 0x00, 0x00, 0x04, 0x07, 0x83,
    0xE0, 0x7C, 0x1F, 0x03, 0xC0, 0xF0, 0x3C, 0x1F, 0x07, 0xC3, 0xE3, 0xFB, 0xFC, 0xFE, 0x1E, 0x06,
    0x00, 0x02, 0x00, 0x0E, 0x00, 0x3E, 0x00, 0x38, 0x00, 0x70, 0x00, 0x00, 0x00, 0x00, 0x00, 0x80,
    0x07, 0x80, 0x1F, 0x00, 0x1F, 0x00, 0x3E, 0x00, 0x3C, 0x00, 0x7F, 0x80, 0xFF, 0x03, 0xFF, 0x07,
    0xFC, 0x1F, 0x00, 0xFE, 0x07, 0xF8, 0x0F, 0xE0, 0x1F, 0x00, 0x18, 0x00, 0x00, 0x00, 0x00, 0x00,
    0x07, 0x00, 0x00, 0x00, 0x07, 0x80, 0x00, 0x00, 0x03, 0xE0, 0x00, 0x60, 0x61, 0xF0, 0x00, 0xF8,
    0x3C, 0x78, 0x00, 0x3C, 0x3E, 0x3D, 0xE0, 0x1E, 0x1E, 0x1E, 0xF0, 0x0F, 0x8F, 0x0F, 0x78, 0x07,
    0xFF, 0xFF, 0xFC, 0x03, 0xFF, 0xFF, 0xFE, 0x01, 0xFF, 0xFF, 0xDF, 0x00, 0xFF, 0xDF, 0xCF, 0x80,
    0x78, 0x00, 0x03, 0xE0, 0xFC, 0x00, 0x01, 0xFF, 0xFC, 0x00, 0x00, 0x7F, 0xFE, 0x00, 0x00, 0x1F,
    0xFE, 0x00, 0x00, 0x03, 0xFC, 0x00, 0x00, 0x00, 0x00, 0x00, 0x00, 0x01, 0x00, 0x00, 0x00, 0x00,
    0x1E, 0x00, 0x00, 0x30, 0x30, 0x78, 0x00, 0x03, 0xE0, 0xF1, 0xE0, 0x00, 0x07, 0x87, 0xC7, 0x81,
    0xE0, 0x1E, 0x1E, 0x1E, 0x07, 0x80, 0x7C, 0x78, 0x7C, 0x1E, 0x01, 0xFF, 0xFF, 0xFE, 0xF8, 0x07,
    0xFF, 0xFF, 0xFF, 0xE0, 0x1F, 0xFF, 0xFF, 0xFF, 0x80, 0x7F, 0xEF, 0xEF, 0xFE, 0x01, 0xE0, 0x00,
    0x00, 0x7C, 0x1F, 0x80, 0x00, 0x01, 0xFF, 0xFC, 0x00, 0x00, 0x03, 0xFF, 0xF0, 0x00, 0x00, 0x07,
    0xFF, 0x80, 0x00, 0x00, 0x07, 0xF8, 0x00, 0x00, 0x00, 0x00, 0x00, 0x1C, 0x00, 0x00, 0xF8, 0x00,
    0x00, 0xF0, 0x40, 0xE1, 0xE1, 0xE1, 0xE3, 0xE3, 0xC3, 0xC7, 0xC7, 0x87, 0x87, 0x9F, 0x1F, 0x0F,
    0xFF, 0xFF, 0xFF, 0xFF, 0xFF, 0xFB, 0xFF, 0xFF, 0xF7, 0xBF, 0xBF, 0xC0, 0x00, 0x00, 0x00, 0x00,
    0x00, 0x0C, 0x00, 0x00, 0x03, 0xC0, 0x08, 0x1C, 0x3C, 0x01, 0xE1, 0xE1, 0xE0, 0x1E, 0x1E, 0x1E,
    0x01, 0xE1, 0xE1, 0xE0, 0x3E, 0x3E, 0x3E, 0x0F, 0xFF, 0xFF, 0xFE, 0xFF, 0xFF, 0xFF, 0xFF, 0xFF,
    0xFF, 0xFF, 0xF7, 0xF7, 0xF3, 0xE0, 0x00, 0x00, 0x00, 0x00, 0x00, 0x00, 0x00, 0x00, 0x00, 0x03,
    0x80, 0x00, 0x00, 0x03, 0xC0, 0x00, 0x00, 0x00, 0xE0, 0x00, 0x00, 0x01, 0xD8, 0x00, 0x00, 0x01,
    0xFE, 0x00, 0x00, 0x00, 0xFF, 0x00, 0x00, 0x00, 0x33, 0x0E, 0x00, 0x00, 0x00, 0x0F, 0x00, 0x00,
    0x00, 0x07, 0xC0, 0x00, 0xC0, 0xC3, 0xE0, 0x01, 0xF0, 0x78, 0xF0, 0x00, 0x78, 0x7C, 0x7B, 0xC0,
    0x3C, 0x3C, 0x3D, 0xE0, 0x1F, 0x1E, 0x1E, 0xF0, 0x0F, 0xFF, 0xFF, 0xF8, 0x07, 0xFF, 0xFF, 0xFC,
    0x03, 0xFF, 0xFF, 0xBE, 0x01, 0xFF, 0xBF, 0x9F, 0x00, 0xF0, 0x00, 0x07, 0xC1, 0xF8, 0x00, 0x03,
    0xFF, 0xF8, 0x00, 0x00, 0xFF, 0xFC, 0x00, 0x00, 0x3F, 0xFC, 0x00, 0x00, 0x07, 0xF8, 0x00, 0x00,
    0x00, 0x00, 0x00, 0x00, 0x00, 0x00, 0x00, 0x00, 0x1C, 0x00, 0x00, 0x00, 0x00, 0xF0, 0x00, 0x00,
    0x00, 0x01, 0xC0, 0x00, 0x00, 0x00, 0x1D, 0x80, 0x00, 0x00, 0x00, 0xFF, 0x00, 0x00, 0x00, 0x03,
    0xFC, 0x00, 0x00, 0x00, 0x06, 0x60, 0x00, 0x00, 0x00, 0x00, 0x01, 0x00, 0x00, 0x00, 0x00, 0x1E,
    0x00, 0x00, 0x30, 0x30, 0x78, 0x00, 0x03, 0xE0, 0xF1, 0xE0, 0x00, 0x07, 0x87, 0xC7, 0x81, 0xE0,
    0x1E, 0x1E, 0x1E, 0x07, 0x80, 0x7C, 0x78, 0x7C, 0x1E, 0x01, 0xFF, 0xFF, 0xFE, 0xF8, 0x07, 0xFF,
    0xFF, 0xFF, 0xE0, 0x1F, 0xFF, 0xFF, 0xFF, 0x80, 0x7F, 0xEF, 0xEF, 0xFE, 0x01, 0xE0, 0x00, 0x00,
    0x7C, 0x1F, 0x80, 0x00, 0x01, 0xFF, 0xFC, 0x00, 0x00, 0x03, 0xFF, 0xF0, 0x00, 0x00, 0x07, 0xFF,
    0x80, 0x00, 0x00, 0x07, 0xF8, 0x00, 0x00, 0x00, 0x00, 0x00, 0x00, 0x00, 0x3C, 0x00, 0x00, 0x78,
    0x00, 0x00, 0xF0, 0x00, 0x03, 0xF0, 0x00, 0x0F, 0xF0, 0x00, 0x1F, 0xE0, 0x00, 0x19, 0x8E, 0x00,
    0x00, 0x7C, 0x00, 0x00, 0x78, 0x20, 0x70, 0xF0, 0xF0, 0xF1, 0xF1, 0xE1, 0xE3, 0xE3, 0xC3, 0xC3,
    0xCF, 0x8F, 0x87, 0xFF, 0xFF, 0xFF, 0xFF, 0xFF, 0xFD, 0xFF, 0xFF, 0xFB, 0xDF, 0xDF, 0xE0, 0x00,
    0x00, 0x00, 0x00, 0x00, 0x00, 0x00, 0x01, 0xC0, 0x00, 0x00, 0x1E, 0x00, 0x00, 0x01, 0xC0, 0x00,
    0x00, 0x77, 0x00, 0x00, 0x07, 0xF8, 0x00, 0x00, 0x7F, 0x00, 0x00, 0x03, 0x30, 0x00, 0x00, 0x00,
    0x0C, 0x00, 0x00, 0x03, 0xC0, 0x08, 0x1C, 0x3C, 0x01, 0xE1, 0xE1, 0xE0, 0x1E, 0x1E, 0x1E, 0x01,
    0xE1, 0xE1, 0xE0, 0x3E, 0x3E, 0x3E, 0x0F, 0xFF, 0xFF, 0xFE, 0xFF, 0xFF, 0xFF, 0xFF, 0xFF, 0xFF,
    0xFF, 0xF7, 0xF7, 0xF3, 0xE0, 0x00, 0x00, 0x00, 0x00, 0x00, 0x00, 0x3F, 0x80, 0x00, 0x00, 0x1F,
    0xF8, 0x00, 0x0C, 0x07, 0xFF, 0x00, 0x07, 0xC1, 0xFF, 0xF0, 0x00, 0xF8, 0x7E, 0x3E, 0xF0, 0x0F,
    0x1F, 0x03, 0xDE, 0x01, 0xF7, 0xC0, 0xFB, 0xC0, 0x3F, 0xFF, 0xFE, 0xF8, 0x07, 0xFF, 0xFF, 0xDF,
    0x00, 0xFF, 0xFF, 0xF3, 0xE0, 0x1F, 0xFF, 0xF8, 0x7C, 0x03, 0xC3, 0xF8, 0x07, 0xC1, 0xF8, 0x00,
    0x00, 0xFF, 0xFE, 0x00, 0x00, 0x0F, 0xFF, 0xC0, 0x00, 0x00, 0xFF, 0xF0, 0x00, 0x00, 0x07, 0xF8,
    0x00, 0x00, 0x00, 0x00, 0x00, 0x00, 0x3F, 0x80, 0x00, 0x00, 0x01, 0xFF, 0x80, 0x00, 0x0C, 0x07,
    0xFF, 0x00, 0x00, 0x7C, 0x1F, 0xFF, 0x00, 0x00, 0xF8, 0x7E, 0x3E, 0x0F, 0x00, 0xF1, 0xF0, 0x3C,
    0x1E, 0x01, 0xF7, 0xC0, 0xF8, 0x3C, 0x03, 0xFF, 0xFF, 0xFC, 0xF8, 0x07, 0xFF, 0xFF, 0xFD, 0xF0,
    0x0F, 0xFF, 0xFF, 0xFB, 0xE0, 0x1F, 0xFF, 0xFF, 0xF7, 0xC0, 0x3C, 0x3F, 0x80, 0x07, 0xC1, 0xF8,
    0x00, 0x00, 0x0F, 0xFF, 0xE0, 0x00, 0x00, 0x0F, 0xFF, 0xC0, 0x00, 0x00, 0x0F, 0xFF, 0x00, 0x00,
    0x00, 0x07, 0xF8, 0x00, 0x00, 0x00, 0x00, 0x01, 0xF8, 0x00, 0x07, 0xFC, 0x10, 0x0F, 0xFE, 0x1E,
    0x1F, 0xFF, 0x1E, 0x3F, 0x1F, 0x3C, 0x7C, 0x1F, 0x3C, 0xF8, 0x1F, 0xFF, 0xF1, 0xFE, 0xFF, 0xFF,
    0xFE, 0xFF, 0xFF, 0xFC, 0xF7, 0xFF, 0xF0, 0x00, 0xFF, 0x80, 0x00, 0x01, 0xF8, 0x00, 0x00, 0x7F,
    0xC0, 0x10, 0x0F, 0xFE, 0x01, 0xE1, 0xFF, 0xF0, 0x1E, 0x3F, 0x1F, 0x03, 0xC7, 0xC1, 0xF0, 0x3C,
    0xF8, 0x1F, 0x0F, 0xFF, 0x1F, 0xFC, 0xFF, 0xFF, 0xFF, 0xEF, 0xFF, 0xFF, 0xFE, 0xF7, 0xFF, 0xFF,
    0xE0, 0x0F, 0xF8, 0x00, 0x00, 0x00, 0x00, 0x08, 0x00, 0x00, 0x00, 0x07, 0x80, 0x00, 0x00, 0x00,
    0xF8, 0x00, 0x00, 0x00, 0x1E, 0x00, 0x00, 0x00, 0x01, 0x80, 0x00, 0x00, 0x00, 0x00, 0x00, 0x00,
    0x00, 0x00, 0x00, 0x00, 0x00, 0x01, 0xFC, 0x00, 0x00, 0x00, 0xFF, 0xC0, 0x00, 0x60, 0x3F, 0xF8,
    0x00, 0x3E, 0x0F, 0xFF, 0x80, 0x07, 0xC3, 0xF1, 0xF7, 0x80, 0x78, 0xF8, 0x1E, 0xF0, 0x0F, 0xBE,
    0x07, 0xDE, 0x01, 0xFF, 0xFF, 0xF7, 0xC0, 0x3F, 0xFF, 0xFE, 0xF8, 0x07, 0xFF, 0xFF, 0x9F, 0x00,
    0xFF, 0xFF, 0xC3, 0xE0, 0x1E, 0x1F, 0xC0, 0x3E, 0x0F, 0xC0, 0x00, 0x07, 0xFF, 0xF0, 0x00, 0x00,
    0x7F, 0xFE, 0x00, 0x00, 0x07, 0xFF, 0x80, 0x00, 0x00, 0x3F, 0xC0, 0x00, 0x00, 0x00, 0x00, 0x00,
    0x08, 0x00, 0x00, 0x00, 0x00, 0x78, 0x00, 0x00, 0x00, 0x00, 0xF8, 0x00, 0x00, 0x00, 0x01, 0xE0,
    0x00, 0x00, 0x00, 0x01, 0x80, 0x00, 0x00, 0x00, 0x00, 0x00, 0x00, 0x00, 0x00, 0x00, 0x00, 0x00,
    0x00, 0x00, 0x1F, 0xC0, 0x00, 0x00, 0x00, 0xFF, 0xC0, 0x00, 0x06, 0x03, 0xFF, 0x80, 0x00, 0x3E,
    0x0F, 0xFF, 0x80, 0x00, 0x7C, 0x3F, 0x1F, 0x07, 0x80, 0x78, 0xF8, 0x1E, 0x0F, 0x00, 0xFB, 0xE0,
    0x7C, 0x1E, 0x01, 0xFF, 0xFF, 0xFE, 0x7C, 0x03, 0xFF, 0xFF, 0xFE, 0xF8, 0x07, 0xFF, 0xFF, 0xFD,
    0xF0, 0x0F, 0xFF, 0xFF, 0xFB, 0xE0, 0x1E, 0x1F, 0xC0, 0x03, 0xE0, 0xFC, 0x00, 0x00, 0x07, 0xFF,
    0xF0, 0x00, 0x00, 0x07, 0xFF, 0xE0, 0x00, 0x00, 0x07, 0xFF, 0x80, 0x00, 0x00, 0x03, 0xFC, 0x00,
    0x00, 0x00, 0x00, 0x00, 0x40, 0x00, 0x01, 0xE0, 0x00, 0x01, 0xF0, 0x00, 0x01, 0xE0, 0x00, 0x00,
    0xC0, 0x00, 0x00, 0x00, 0x00, 0x00, 0x00, 0x00, 0x01, 0xF8, 0x00, 0x07, 0xFC, 0x10, 0x0F, 0xFE,
    0x1E, 0x1F, 0xFF, 0x1E, 0x3F, 0x1F, 0x3C, 0x7C, 0x1F, 0x3C, 0xF8, 0x1F, 0xFF, 0xF1, 0xFE, 0xFF,
    0xFF, 0xFE, 0xFF, 0xFF, 0xFC, 0xF7, 0xFF, 0xF0, 0x00, 0xFF, 0x80, 0x00, 0x00, 0x40, 0x00, 0x00,
    0x1E, 0x00, 0x00, 0x01, 0xF0, 0x00, 0x00, 0x1E, 0x00, 0x00, 0x00, 0xC0, 0x00, 0x00, 0x00, 0x00,
    0x00, 0x00, 0x00, 0x00, 0x00, 0x1F, 0x80, 0x00, 0x07, 0xFC, 0x01, 0x00, 0xFF, 0xE0, 0x1E, 0x1F,
    0xFF, 0x01, 0xE3, 0xF1, 0xF0, 0x3C, 0x7C, 0x1F, 0x03, 0xCF, 0x81, 0xF0, 0xFF, 0xF1, 0xFF, 0xCF,
    0xFF, 0xFF, 0xFE, 0xFF, 0xFF, 0xFF, 0xEF, 0x7F, 0xFF, 0xFE, 0x00, 0xFF, 0x80, 0x00, 0x07, 0x00,
    0x00, 0x7C, 0x00, 0x03, 0xE0, 0x00, 0x0F, 0x00, 0x00, 0x78, 0x00, 0x03, 0xC0, 0x00, 0x1E, 0x00,
    0x00, 0xF0, 0x00, 0x07, 0x9F, 0xC0, 0x3D, 0xFF, 0x01, 0xFF, 0xFC, 0x0F, 0xFF, 0xE0, 0x7F, 0x0F,
    0x03, 0xF0, 0x78, 0x1F, 0x03, 0xCF, 0xFF, 0xFE, 0xFF, 0xFF, 0xE7, 0xFF, 0xFE, 0x3F, 0xFF, 0xE0,
    0x3F, 0xF0, 0x00, 0x07, 0x00, 0x00, 0x0F, 0x80, 0x00, 0x0F, 0x80, 0x00, 0x07, 0x80, 0x00, 0x07,
    0x80, 0x00, 0x07, 0x80, 0x00, 0x07, 0x80, 0x00, 0x07, 0x80, 0x00, 0x07, 0x9F, 0xC0, 0x07, 0xBF,
    0xE0, 0x07, 0xFF, 0xF0, 0x07, 0xFF, 0xF0, 0x07, 0xF0, 0xF0, 0x07, 0xE0, 0xF0, 0x07, 0xC0, 0xF0,
    0x7F, 0xFF, 0xFE, 0xFF, 0xFF, 0xFF, 0xFF, 0xFF, 0xFF, 0xFF, 0xFF, 0xFF, 0x1F, 0xF8, 0x00, 0x3C,
    0x00, 0x0F, 0x00, 0x03, 0xC0, 0x00, 0xF0, 0x00, 0x3C, 0x00, 0x0F, 0x00, 0x03, 0xC0, 0x00, 0xF0,
    0x60, 0x3C, 0xFF, 0x0F, 0x7F, 0xE3, 0xFF, 0xF8, 0xFF, 0xFF, 0x3F, 0x87, 0xCF, 0xC1, 0xF3, 0xE0,
    0xFF, 0xFF, 0xFE, 0xFF, 0xFF, 0xBF, 0xFF, 0x8F, 0xFF, 0x83, 0xF0, 0x00, 0x3C, 0x00, 0x00, 0xF0,
    0x00, 0x03, 0xC0, 0x00, 0x0F, 0x00, 0x00, 0x3C, 0x00, 0x00, 0xF0, 0x00, 0x03, 0xC0, 0x00, 0x0F,
    0x06, 0x00, 0x3C, 0xFF, 0x00, 0xF7, 0xFE, 0x03, 0xFF, 0xF8, 0x0F, 0xFF, 0xF0, 0x3F, 0x87, 0xC0,
    0xFC, 0x1F, 0x03, 0xE0, 0xFC, 0x3F, 0xFF, 0xFC, 0xFF, 0xFF, 0xFB, 0xFF, 0xFF, 0xEF, 0xFF, 0xBF,
    0xBF, 0x00, 0x00, 0x07, 0x00, 0x00, 0x7C, 0x18, 0x03, 0xE1, 0xE0, 0x0F, 0x0F, 0x00, 0x78, 0x78,
    0x03, 0xC1, 0x80, 0x1E, 0x00, 0x00, 0xF0, 0x00, 0x07, 0x9F, 0xC0, 0x3D, 0xFF, 0x01, 0xFF, 0xFC,
    0x0F, 0xFF, 0xE0, 0x7F, 0x0F, 0x03, 0xF0, 0x78, 0x1F, 0x03, 0xCF, 0xFF, 0xFE, 0xFF, 0xFF, 0xE7,
    0xFF, 0xFE, 0x3F, 0xFF, 0xE0, 0x3F, 0xF0, 0x00, 0x07, 0x00, 0x00, 0x0F, 0x82, 0x00, 0x0F, 0x8F,
    0x00, 0x07, 0x8F, 0x80, 0x07, 0x8F, 0x00, 0x07, 0x86, 0x00, 0x07, 0x80, 0x00, 0x07, 0x80, 0x00,
    0x07, 0x9F, 0xC0, 0x07, 0xBF, 0xE0, 0x07, 0xFF, 0xF0, 0x07, 0xFF, 0xF0, 0x07, 0xF0, 0xF0, 0x07,
    0xE0, 0xF0, 0x07, 0xC0, 0xF0, 0x7F, 0xFF, 0xFE, 0xFF, 0xFF, 0xFF, 0xFF, 0xFF, 0xFF, 0xFF, 0xFF,
    0xFF, 0x1F, 0xF8, 0x00, 0x3C, 0x00, 0x0F, 0x04, 0x03, 0xC3, 0x80, 0xF1, 0xF0, 0x3C, 0x78, 0x0F,
    0x0C, 0x03, 0xC0, 0x00, 0xF0, 0x60, 0x3C, 0xFF, 0x0F, 0x7F, 0xE3, 0xFF, 0xF8, 0xFF, 0xFF, 0x3F,
    0x87, 0xCF, 0xC1, 0xF3, 0xE0, 0xFF, 0xFF, 0xFE, 0xFF, 0xFF, 0xBF, 0xFF, 0x8F, 0xFF, 0x83, 0xF0,
    0x00, 0x3C, 0x00, 0x00, 0xF0, 0x40, 0x03, 0xC3, 0x80, 0x0F, 0x1F, 0x00, 0x3C, 0x78, 0x00, 0xF0,
    0xC0, 0x03, 0xC0, 0x00, 0x0F, 0x06, 0x00, 0x3C, 0xFF, 0x00, 0xF7, 0xFE, 0x03, 0xFF, 0xF8, 0x0F,
    0xFF, 0xF0, 0x3F, 0x87, 0xC0, 0xFC, 0x1F, 0x03, 0xE0, 0xFC, 0x3F, 0xFF, 0xFC, 0xFF, 0xFF, 0xFB,
    0xFF, 0xFF, 0xEF, 0xFF, 0xBF, 0xBF, 0x00, 0x00, 0x0F, 0xC0, 0x1F, 0xE0, 0x1F, 0xF0, 0x0F, 0xF8,
    0x07, 0x80, 0x03, 0xC0, 0x01, 0xE0, 0xC0, 0xFF, 0xE0, 0x3F, 0xF8, 0x0F, 0xFC, 0x0F, 0xF8, 0x07,
    0xE0, 0x07, 0xC0, 0x03, 0xC0, 0x03, 0xE0, 0x01, 0xE0, 0x00, 0xF0, 0x00, 0x78, 0x00, 0x3E, 0x00,
    0x0F, 0xC0, 0xE7, 0xFF, 0xF1, 0xFF, 0xF8, 0x7F, 0xFC, 0x0F, 0xF8, 0x07, 0xE0, 0x0F, 0xF8, 0x0F,
    0xFE, 0x07, 0xFF, 0x03, 0xC7, 0x81, 0xF3, 0xC0, 0x7F, 0xE0, 0x1F, 0xE0, 0x07, 0xFF, 0x07, 0xFF,
    0x8F, 0xFF, 0xEF, 0xFF, 0xE7, 0xC0, 0x07, 0xC0, 0x03, 0xC0, 0x01, 0xE0, 0x00, 0xF0, 0x00, 0x7E,
    0x0E, 0x3F, 0xFF, 0x0F, 0xFF, 0xC3, 0xFF, 0xE0, 0x7F, 0x80, 0x03, 0xC0, 0x7F, 0x07, 0xF8, 0x7F,
    0xC3, 0xE4, 0x1E, 0x00, 0xF0, 0x07, 0x86, 0x3F, 0xFF, 0xFF, 0xFF, 0xFF, 0xFF, 0xEF, 0xF8, 0x00,
    0x00, 0x03, 0xF0, 0x07, 0xFC, 0x07, 0xFF, 0x07, 0xFF, 0x83, 0xE3, 0xC1, 0xFB, 0xE0, 0x7F, 0xE0,
    0x1F, 0xF0, 0x7F, 0xFF, 0x3F, 0xFF, 0xDF, 0xFF, 0xEF, 0xCF, 0xF0, 0x00, 0x00, 0x03, 0x00, 0x03,
    0xC0, 0x01, 0xE0, 0x00, 0xF0, 0x00, 0x30, 0x00, 0x00, 0x00, 0x00, 0x00, 0x1F, 0x80, 0x3F, 0xC0,
    0x3F, 0xE0, 0x1F, 0xF0, 0x0F, 0x00, 0x07, 0x80, 0x03, 0xC1, 0x81, 0xFF, 0xC0, 0x7F, 0xF0, 0x1F,
    0xF8, 0x1F, 0xF0, 0x0F, 0xC0, 0x0F, 0x80, 0x07, 0x80, 0x07, 0xC0, 0x03, 0xC0, 0x01, 0xE0, 0x00,
    0xF0, 0x00, 0x7C, 0x00, 0x1F, 0x81, 0xCF, 0xFF, 0xE3, 0xFF, 0xF0, 0xFF, 0xF8, 0x1F, 0xF0, 0x01,
    0x80, 0x01, 0xE0, 0x00, 0xF0, 0x00, 0x78, 0x00, 0x18, 0x00, 0x00, 0x00, 0x1F, 0x80, 0x3F, 0xE0,
    0x3F, 0xF8, 0x1F, 0xFC, 0x0F, 0x1E, 0x07, 0xCF, 0x01, 0xFF, 0x80, 0x7F, 0x80, 0x1F, 0xFC, 0x1F,
    0xFE, 0x3F, 0xFF, 0xBF, 0xFF, 0x9F, 0x00, 0x1F, 0x00, 0x0F, 0x00, 0x07, 0x80, 0x03, 0xC0, 0x01,
    0xF8, 0x38, 0xFF, 0xFC, 0x3F, 0xFF, 0x0F, 0xFF, 0x81, 0xFE, 0x00, 0x03, 0x00, 0x3C, 0x01, 0xE0,
    0x0F, 0x00, 0x30, 0x00, 0x00, 0x0F, 0x01, 0xFC, 0x1F, 0xE1, 0xFF, 0x0F, 0x90, 0x78, 0x03, 0xC0,
    0x1E, 0x18, 0xFF, 0xFF, 0xFF, 0xFF, 0xFF, 0xFF, 0xBF, 0xE0, 0x00, 0x00, 0x00, 0x80, 0x00, 0xE0,
    0x00, 0xF8, 0x00, 0x78, 0x00, 0x18, 0x00, 0x00, 0x00, 0x0F, 0xC0, 0x1F, 0xF0, 0x1F, 0xFC, 0x1F,
    0xFE, 0x0F, 0x8F, 0x07, 0xEF, 0x81, 0xFF, 0x80, 0x7F, 0xC1, 0xFF, 0xFC, 0xFF, 0xFF, 0x7F, 0xFF,
    0xBF, 0x3F, 0xC0, 0x00, 0x00, 0x00, 0x00, 0x10, 0x00, 0x00, 0x1C, 0x00, 0x00, 0x1F, 0x00, 0x00,
    0x07, 0x80, 0x00, 0x01, 0x80, 0x00, 0x00, 0x00, 0x00, 0x00, 0xE0, 0x00, 0x01, 0xFC, 0x00, 0x01,
    0xFF, 0x00, 0x00, 0xFF, 0x80, 0x00, 0xFB, 0xEE, 0x00, 0x78, 0xF7, 0x80, 0x3E, 0x7B, 0xC0, 0x1F,
    0xFD, 0xE0, 0x0F, 0xFF, 0xF0, 0x03, 0xFF, 0xF8, 0x00, 0x7F, 0xBF, 0x80, 0x3F, 0x9F, 0xFF, 0xFF,
    0xC7, 0xFF, 0xFF, 0xC1, 0xFF, 0xFF, 0xC0, 0x1F, 0xFF, 0x00, 0x00, 0x00, 0x04, 0x00, 0x00, 0x00,
    0x38, 0x00, 0x00, 0x01, 0xF0, 0x00, 0x00, 0x07, 0x80, 0x00, 0x00, 0x0C, 0x00, 0x00, 0x00, 0x00,
    0x00, 0x00, 0x00, 0x00, 0x00, 0x00, 0x07, 0xC0, 0x00, 0x00, 0x3F, 0x81, 0xC0, 0x01, 0xFF, 0x07,
    0x80, 0x0F, 0xFC, 0x1E, 0x00, 0x3C, 0xF8, 0x78, 0x00, 0xF1, 0xE3, 0xE0, 0x03, 0xCF, 0x8F, 0x80,
    0x0F, 0xFC, 0x1F, 0xC0, 0x7F, 0xFE, 0x7F, 0xFF, 0xFF, 0xFC, 0xFF, 0xFF, 0xFF, 0xF1, 0xFF, 0xFF,
    0xFF, 0xC0, 0xFF, 0xE0, 0x00, 0x02, 0x00, 0x70, 0x0F, 0x80, 0x78, 0x03, 0x00, 0x00, 0x07, 0x81,
    0xFC, 0x3F, 0xE3, 0xFE, 0x7D, 0xF7, 0x8F, 0x7C, 0xF7, 0xFF, 0x7F, 0xF3, 0xFF, 0x0F, 0xFF, 0xFE,
    0xFF, 0xEF, 0xFC, 0xFF, 0x08, 0x00, 0x03, 0x00, 0x07, 0x80, 0x07, 0x80, 0x07, 0x80, 0x03, 0x00,
    0x00, 0x00, 0x00, 0x00, 0x0F, 0xC0, 0x1F, 0xE0, 0x3F, 0xE0, 0x3F, 0xF0, 0x7C, 0xF0, 0x78, 0xF0,
    0x7D, 0xF0, 0x3F, 0xF0, 0xFF, 0xFE, 0xFF, 0xFE, 0xFF, 0xFF, 0xFF, 0xFE, 0x00, 0x00, 0x00, 0x00,
    0x00, 0x01, 0xDE, 0x00, 0x1F, 0xE0, 0x01, 0xFE, 0x00, 0x0C, 0xC0, 0x00, 0x00, 0x00, 0x03, 0x00,
    0x00, 0xFC, 0x00, 0x1F, 0xE0, 0x03, 0xFE, 0x00, 0x3F, 0xF7, 0x87, 0xCF, 0x78, 0x7C, 0xF7, 0x87,
    0xFF, 0xF8, 0x3F, 0xFF, 0x83, 0xFF, 0xF8, 0x1F, 0xFF, 0x80, 0x1F, 0x7E, 0x07, 0xE7, 0xFF, 0xFC,
    0x3F, 0xFF, 0xC1, 0xFF, 0xF0, 0x07, 0xFC, 0x00, 0x00, 0x00, 0x00, 0x00, 0x1D, 0xE0, 0x00, 0x3F,
    0xE0, 0x00, 0x1D, 0xE0, 0x00, 0x0C, 0xC0, 0x00, 0x00, 0x00, 0x00, 0x07, 0x80, 0x00, 0x1F, 0xC0,
    0x00, 0x3F, 0xE0, 0x00, 0x3F, 0xF0, 0x00, 0x3D, 0xF0, 0x70, 0x78, 0xF0, 0x78, 0x7F, 0xFE, 0x78,
    0x3F, 0xFF, 0xF8, 0x3F, 0xFF, 0xF8, 0x1F, 0xFE, 0xF8, 0x01, 0xF8, 0xF8, 0x03, 0xE0, 0x7E, 0x0F,
    0xE0, 0x7F, 0xFF, 0xC0, 0x3F, 0xFF, 0x80, 0x1F, 0xFF, 0x00, 0x07, 0xFC, 0x00, 0x00, 0x01, 0xDC,
    0x3D, 0xE1, 0xDE, 0x18, 0xC0, 0x00, 0x07, 0x81, 0xFC, 0x3F, 0xE3, 0xFE, 0x7D, 0xF7, 0x8F, 0x7C,
    0xF7, 0xFF, 0x7F, 0xF3, 0xFF, 0x0F, 0xFF, 0xFE, 0xFF, 0xEF, 0xFC, 0xFF, 0x08, 0x00, 0x00, 0x00,
    0x1D, 0xE0, 0x1F, 0xE0, 0x1F, 0xE0, 0x0C, 0xC0, 0x00, 0x00, 0x00, 0x00, 0x0F, 0xC0, 0x1F, 0xE0,
    0x3F, 0xE0, 0x3F, 0xF0, 0x7C, 0xF0, 0x78, 0xF0, 0x7D, 0xF0, 0x3F, 0xF0, 0xFF, 0xFE, 0xFF, 0xFE,
    0xFF, 0xFF, 0xFF, 0xFE, 0x00, 0x00, 0x00, 0x00, 0x3C, 0x00, 0x00, 0x78, 0x00, 0x00, 0xF0, 0x00,
    0x01, 0xE0, 0x00, 0xC3, 0xC0, 0x07, 0xC7, 0x80, 0x0F, 0x8F, 0x00, 0x3C, 0x1E, 0x00, 0x3C, 0x3C,
    0xE0, 0x38, 0x79, 0xE0, 0xF8, 0xF3, 0xC7, 0xE1, 0xE7, 0x87, 0x83, 0xDF, 0x0C, 0x07, 0xBE, 0x00,
    0x0F, 0x3F, 0x80, 0xFE, 0x7F, 0xFF, 0xFC, 0x7F, 0xFF, 0xF0, 0x7F, 0xFF, 0xC0, 0x1F, 0xFC, 0x00,
    0x00, 0x00, 0x3C, 0x00, 0x00, 0x07, 0x80, 0x00, 0x00, 0xF0, 0x00, 0x00, 0x1E, 0x00, 0x00, 0xC3,
    0xC0, 0x00, 0x7C, 0x78, 0x00, 0x0F, 0x8F, 0x00, 0x03, 0xC1, 0xE0, 0x00, 0x3C, 0x3C, 0x0E, 0x03,
    0x87, 0x81, 0xE0, 0xF8, 0xF0, 0x3C, 0x7E, 0x1E, 0x07, 0x87, 0x83, 0xC1, 0xF0, 0xC0, 0x7C, 0x3E,
    0x00, 0x0F, 0x83, 0xF8, 0x0F, 0xFE, 0x7F, 0xFF, 0xFF, 0xE7, 0xFF, 0xFF, 0xFC, 0x7F, 0xFF, 0xDF,
    0x01, 0xFF, 0xC0, 0x00, 0x00, 0xE0, 0x3E, 0x0F, 0xF1, 0xFF, 0x7F, 0xCF, 0xE0, 0xF8, 0x0F, 0xC0,
    0x7E, 0x03, 0xF0, 0x1F, 0x80, 0xF8, 0x07, 0xC0, 0x7C, 0xFF, 0xCF, 0xFC, 0xFF, 0x8F, 0xF0, 0xE0,
    0x00, 0x00, 0x60, 0x07, 0xC0, 0x3F, 0xC0, 0xFF, 0x87, 0xFC, 0x1F, 0xC0, 0x3E, 0x00, 0x7E, 0x00,
    0x7E, 0x00, 0x7E, 0x00, 0x7E, 0x00, 0x7C, 0x00, 0x7C, 0x00, 0xFC, 0x3F, 0xFF, 0x7F, 0xFF, 0xFF,
    0xFF, 0xFE, 0xFF, 0x80, 0x00, 0x00, 0x07, 0x80, 0x01, 0xE0, 0x00, 0x78, 0x00, 0x1E, 0x00, 0x07,
    0x80, 0x01, 0xE0, 0x00, 0x78, 0x00, 0x1E, 0x00, 0x07, 0x80, 0x01, 0xE0, 0x00, 0x78, 0x00, 0x1E,
    0x00, 0x07, 0xDE, 0x01, 0xF7, 0x80, 0x7D, 0xE0, 0x1F, 0xF8, 0x07, 0xBE, 0x01, 0xEF, 0x80, 0x7B,
    0xE0, 0x3E, 0x7C, 0x1F, 0x1F, 0xFF, 0xC3, 0xFF, 0xE0, 0x7F, 0xF0, 0x07, 0xF0, 0x00, 0x00, 0x07,
    0x80, 0x00, 0x1E, 0x00, 0x00, 0x78, 0x00, 0x01, 0xE0, 0x00, 0x07, 0x80, 0x00, 0x1E, 0x00, 0x00,
    0x78, 0x00, 0x01, 0xE0, 0x00, 0x07, 0x80, 0x00, 0x1E, 0x00, 0x00, 0x78, 0x00, 0x01, 0xE0, 0x00,
    0x07, 0x81, 0xE0, 0x1F, 0x07, 0x80, 0x7C, 0x1E, 0x01, 0xFE, 0xF8, 0x07, 0xFF, 0xE0, 0x1F, 0xFF,
    0x80, 0x7F, 0xFE, 0x01, 0xE0, 0x7C, 0x1F, 0x81, 0xFF, 0xFC, 0x03, 0xFF, 0xF0, 0x07, 0xFF, 0x80,
    0x07, 0xF8, 0x00, 0x3C, 0x78, 0xF1, 0xE3, 0xC7, 0x8F, 0x1E, 0x3C, 0x78, 0xF1, 0xE3, 0xC7, 0xCF,
    0x7E, 0xFD, 0xFB, 0xE0, 0x00, 0x3C, 0x07, 0x80, 0xF0, 0x1E, 0x03, 0xC0, 0x78, 0x0F, 0x01, 0xE0,
    0x3C, 0x07, 0x80, 0xF0, 0x1E, 0x03, 0xE0, 0x7C, 0x0F, 0x87, 0xFE, 0xFF, 0xFF, 0xFF, 0xDF, 0x80,
    0x00, 0x00, 0x00, 0x7E, 0x07, 0xF8, 0x7F, 0xE7, 0xFF, 0x9C, 0x7C, 0x21, 0xE0, 0xFF, 0x1F, 0xFB,
    0xFF, 0xDF, 0xFF, 0xF8, 0x6F, 0x80, 0x78, 0x03, 0xC0, 0x1E, 0x00, 0xF0, 0x07, 0xC0, 0x1E, 0x00,
    0xF0, 0x07, 0x80, 0x3C, 0x00, 0x00, 0xF0, 0x00, 0x7F, 0x00, 0x3F, 0xE0, 0x0F, 0xFE, 0x03, 0xFB,
    0xC0, 0x7C, 0x78, 0x1F, 0xC7, 0x83, 0xFF, 0xFE, 0xFF, 0xFF, 0xFE, 0xFF, 0xFF, 0xCF, 0xFF, 0xF8,
    0x78, 0x0F, 0x00, 0x01, 0xE0, 0x00, 0x3E, 0x00, 0x07, 0xC0, 0x00, 0x78, 0x00, 0x0F, 0x00, 0x01,
    0xE0, 0x00, 0x3E, 0x00, 0x03, 0x80, 0x00, 0x01, 0xC0, 0x1F, 0x80, 0xFF, 0x07, 0xFE, 0x1F, 0xF8,
    0xF9, 0xF3, 0xC7, 0xFF, 0xFF, 0xFF, 0xFB, 0xFF, 0xEF, 0x7F, 0x00, 0x00, 0x01, 0xC0, 0x01, 0xF8,
    0x00, 0xFF, 0x00, 0x7F, 0xE0, 0x1E, 0xF8, 0x0F, 0x1F, 0x07, 0xE7, 0xC3, 0xFD, 0xFE, 0xFF, 0xFF,
    0xFF, 0xFF, 0xFE, 0x7F, 0xFC, 0x07, 0x80, 0x00, 0xC0, 0x00, 0x78, 0x00, 0x1E, 0x00, 0x07, 0x80,
    0x00, 0xC0, 0x00, 0x00, 0x00, 0x00, 0x70, 0x00, 0x3E, 0x00, 0x0F, 0x9E, 0x01, 0xE7, 0x80, 0x79,
    0xE0, 0x1F, 0xF8, 0x07, 0xFE, 0x01, 0xFF, 0x80, 0x7B, 0xE0, 0x1E, 0x7C, 0x1F, 0x9F, 0xFF, 0xC3,
    0xFF, 0xE0, 0x7F, 0xF0, 0x07, 0xF0, 0x00, 0x00, 0xC0, 0x00, 0x03, 0xC0, 0x00, 0x07, 0x80, 0x00,
    0x0F, 0x00, 0x00, 0x0C, 0x00, 0x00, 0x00, 0x00, 0x00, 0x00, 0xC0, 0x00, 0x07, 0xC0, 0x00, 0x07,
    0x80, 0xF0, 0x0F, 0x01, 0xE0, 0x1F, 0x03, 0xC0, 0x3F, 0xCF, 0x80, 0x7F, 0xDF, 0x00, 0xFF, 0xBE,
    0x01, 0xFF, 0x7C, 0x03, 0xC0, 0x7C, 0x1F, 0x80, 0xFF, 0xFE, 0x00, 0xFF, 0xFC, 0x00, 0xFF, 0xF0,
    0x00, 0x7F, 0x80, 0x00, 0x10, 0x71, 0xF1, 0xE1, 0x80, 0x07, 0x1E, 0x3C, 0x7C, 0xF8, 0xF1, 0xE3,
    0xFF, 0xFF, 0xFD, 0xF0, 0x00, 0x0C, 0x01, 0xE0, 0x1E, 0x01, 0xE0, 0x0C, 0x00, 0x00, 0x00, 0x01,
    0xE0, 0x1E, 0x01, 0xE0, 0x1E, 0x03, 0xE0, 0xFF, 0xEF, 0xFF, 0xFF, 0xFF, 0x7F, 0x00, 0x00, 0x0C,
    0x01, 0xC0, 0x7C, 0x1F, 0xC1, 0xFC, 0x7F, 0x9F, 0xFB, 0xCF, 0xF9, 0xFF, 0x3F, 0xFF, 0xBF, 0xF7,
    0xFC, 0x7F, 0x00, 0x00, 0x01, 0xE0, 0x01, 0xF0, 0x07, 0xF0, 0x1F, 0xF0, 0x3F, 0xF0, 0x7F, 0xF0,
    0x7D, 0xF0, 0xF8, 0xF0, 0xF8, 0xF0, 0xFF, 0xF0, 0x7F, 0xF0, 0x7F, 0xFE, 0x3F, 0xFF, 0x02, 0x7F,
    0x00, 0x3F, 0x00, 0x00, 0x0C, 0x00, 0x0F, 0x00, 0x1F, 0x80, 0x1F, 0xC0, 0x3F, 0xE0, 0x3F, 0xF8,
    0x79, 0xFC, 0x79, 0xFC, 0x7F, 0xFE, 0x3F, 0xDE, 0xFF, 0xDE, 0xFF, 0xFE, 0xFF, 0xFE, 0xFF, 0xFC,
    0x00, 0x60, 0x03, 0xE0, 0x07, 0xF0, 0x03, 0xFC, 0x03, 0xFE, 0x01, 0xEF, 0x01, 0xF7, 0x80, 0xF3,
    0xC0, 0x7B, 0xE0, 0xFF, 0xFF, 0x7F, 0xFF, 0xBF, 0xFF, 0xFF, 0xFF, 0xE3, 0xC7, 0xC1, 0xF3, 0xE0,
    0xFF, 0xE0, 0x3F, 0xF0, 0x0F, 0xF0, 0x01, 0xF0, 0x00, 0x00, 0x00, 0xF8, 0x1F, 0xC3, 0xFE, 0x7F,
    0xE7, 0x9E, 0x79, 0xF7, 0xFF, 0x7F, 0xF7, 0xFF, 0x3F, 0xE0, 0x3E, 0x1F, 0xEF, 0xFC, 0x7F, 0x87,
    0xE0, 0x78, 0x00, 0x00, 0x00, 0x0F, 0x80, 0x1F, 0xC0, 0x3F, 0xE0, 0x7F, 0xE0, 0x79, 0xE0, 0x79,
    0xF0, 0x7F, 0xFC, 0x7F, 0xFE, 0x7F, 0xFE, 0x3F, 0xFE, 0x03, 0xF8, 0x1F, 0xE0, 0xFF, 0xC0, 0x7F,
    0x80, 0x7E, 0x00, 0x78, 0x00, 0x00, 0x07, 0xF0, 0x00, 0x7F, 0x80, 0x07, 0xFC, 0x00, 0x7F, 0xC0,
    0x03, 0xC0, 0x00, 0x3E, 0x01, 0xE1, 0xE0, 0x0F, 0x0F, 0xC0, 0x78, 0x3F, 0x87, 0xC0, 0xFF, 0x3E,
    0x03, 0xF9, 0xF0, 0x03, 0xCF, 0x80, 0x3E, 0x3F, 0x07, 0xF1, 0xFF, 0xFF, 0x07, 0xFF, 0xF0, 0x1F,
    0xFF, 0x00, 0x3F, 0xC0, 0x00, 0x00, 0x00, 0x01, 0xE0, 0x00, 0x07, 0x80, 0x70, 0x1E, 0x01, 0xFE,
    0xF8, 0x0F, 0xFF, 0xE0, 0x3F, 0xFF, 0x80, 0x3F, 0xFE, 0x00, 0x7C, 0x7E, 0x03, 0xE1, 0xFF, 0xFF,
    0x83, 0xFF, 0xFC, 0x07, 0xFF, 0xE0, 0x07, 0xFC, 0x00, 0x00, 0x07, 0xF0, 0x00, 0x7F, 0x80, 0x07,
    0xFC, 0x00, 0x7F, 0xC0, 0x03, 0xC0, 0x00, 0x3E, 0x01, 0xE1, 0xE0, 0x0F, 0x0F, 0xC0, 0x78, 0x3F,
    0x87, 0xC0, 0xFF, 0x3E, 0x03, 0xF9, 0xF0, 0x03, 0xCF, 0x80, 0x3E, 0x3F, 0x07, 0xF1, 0xFF, 0xFF,
    0x07, 0xFF, 0xF0, 0x1F, 0xFF, 0x00, 0x3F, 0xC0, 0x00, 0x00, 0x00, 0x00, 0x00, 0x00, 0x73, 0x80,
    0x03, 0xFC, 0x00, 0x1F, 0xE0, 0x00, 0xE7, 0x00, 0x00, 0x00, 0x01, 0xE0, 0x00, 0x07, 0x80, 0x70,
    0x1E, 0x01, 0xFE, 0xF8, 0x0F, 0xFF, 0xE0, 0x3F, 0xFF, 0x80, 0x3F, 0xFE, 0x00, 0x7C, 0x7E, 0x03,
    0xE1, 0xFF, 0xFF, 0x83, 0xFF, 0xFC, 0x07, 0xFF, 0xE0, 0x07, 0xFC, 0x00, 0x00, 0x00, 0x00, 0x00,
    0x00, 0x00, 0xEE, 0x00, 0x07, 0xBC, 0x00, 0x1E, 0xF0, 0x00, 0x3B, 0x80, 0x00, 0x0E, 0x3E, 0x1E,
    0x1E, 0x1F, 0x1F, 0x0F, 0x1F, 0xFF, 0xFE, 0xFE, 0xF8, 0x00, 0x00, 0xE7, 0xFF, 0xFF, 0xE7, 0x0E,
    0x00, 0x78, 0x07, 0xC0, 0x3E, 0x01, 0xF0, 0x7F, 0xFB, 0xFF, 0xDF, 0xFF, 0xF3, 0xF0, 0x00, 0x00,
    0x00, 0xE6, 0x07, 0xF8, 0x3F, 0xC1, 0xDC, 0x00, 0x00, 0x00, 0x3F, 0xC0, 0x3F, 0xE1, 0x8D, 0xF3,
    0xC0, 0x01, 0xE0, 0x00, 0xF8, 0x38, 0x7C, 0x3E, 0x3E, 0x1F, 0xDF, 0x07, 0xFF, 0x00, 0xFF, 0x80,
    0x3F, 0xC0, 0x0F, 0xE0, 0x03, 0xF0, 0x03, 0xFC, 0x03, 0xFE, 0x03, 0xE7, 0x83, 0xFF, 0xC1, 0xFF,
    0xE0, 0xFF, 0xE0, 0x7F, 0xE0, 0x00, 0x00, 0x07, 0xF8, 0x00, 0x7F, 0xFC, 0x06, 0xFB, 0xC0, 0x00,
    0x3E, 0x00, 0x03, 0xE0, 0x30, 0x3E, 0x07, 0x83, 0xE0, 0x7C, 0x3E, 0x03, 0xE3, 0xE0, 0x1F, 0x3E,
    0x00, 0xFB, 0xE0, 0x07, 0xFE, 0x00, 0x7F, 0xE0, 0x03, 0xFE, 0x00, 0x1F, 0xE0, 0x01, 0xFE, 0x07,
    0xFF, 0xFC, 0x7F, 0xFF, 0xE7, 0xFD, 0xFE, 0x7F, 0x8F, 0xE0, 0x00, 0x00, 0x78, 0x01, 0xF0, 0x03,
    0x80, 0x07, 0x40, 0x0F, 0xC1, 0x9F, 0x8F, 0x38, 0x1E, 0x00, 0x3E, 0x38, 0x7C, 0xF8, 0xF9, 0xFD,
    0xF1, 0xFF, 0xC0, 0xFF, 0x80, 0xFF, 0x00, 0xFE, 0x00, 0xFC, 0x03, 0xFC, 0x0F, 0xF8, 0x3E, 0x78,
    0xFF, 0xF1, 0xFF, 0xE3, 0xFF, 0x87, 0xFE, 0x00, 0x3C, 0x00, 0x0F, 0x80, 0x01, 0xC0, 0x00, 0x3A,
    0x00, 0x03, 0xE7, 0x80, 0xFC, 0xF0, 0x1C, 0x1F, 0x00, 0x03, 0xE0, 0x60, 0x7C, 0x1E, 0x0F, 0x83,
    0xE1, 0xF0, 0x3E, 0x3E, 0x03, 0xE7, 0xC0, 0x3E, 0xF8, 0x03, 0xFF, 0x00, 0x7F, 0xE0, 0x07, 0xFC,
    0x00, 0x7F, 0x80, 0x0F, 0xF0, 0x7F, 0xFF, 0xCF, 0xFF, 0xFD, 0xFF, 0x7F, 0xBF, 0xC7, 0xF0, 0x00,
    0x00, 0x00, 0x30, 0x03, 0xC0, 0x0F, 0x00, 0x3E, 0x70, 0xFB, 0xE3, 0xEF, 0xEF, 0x9F, 0xFC, 0x1F,
    0xF0, 0x3F, 0xC0, 0x7F, 0x00, 0xFC, 0x07, 0xF8, 0x3F, 0xE1, 0xF3, 0xCF, 0xFF, 0x3F, 0xFC, 0xFF,
    0xE3, 0xFF, 0x00, 0x00, 0x1C, 0x00, 0xF0, 0x03, 0x80, 0x0E, 0x80, 0x3E, 0x00, 0xF8, 0x03, 0x80,
    0x00, 0x00, 0x78, 0x00, 0x0F, 0x00, 0x01, 0xF0, 0x00, 0x3E, 0x06, 0x07, 0xC1, 0xE0, 0xF8, 0x3E,
    0x1F, 0x03, 0xE3, 0xE0, 0x3E, 0x7C, 0x03, 0xEF, 0x80, 0x3F, 0xF0, 0x07, 0xFE, 0x00, 0x7F, 0xC0,
    0x07, 0xF8, 0x00, 0xFF, 0x07, 0xFF, 0xFC, 0xFF, 0xFF, 0xDF, 0xF7, 0xFB, 0xFC, 0x7F, 0x00, 0x00,
    0x01, 0xC0, 0x00, 0x78, 0x00, 0x0E, 0x00, 0x01, 0xD0, 0x00, 0x3E, 0x00, 0x07, 0xC0, 0x00, 0xE0,
    0x00, 0x00, 0x00, 0x30, 0x03, 0xC0, 0x0F, 0x00, 0x3E, 0x70, 0xFB, 0xE3, 0xEF, 0xEF, 0x9F, 0xFC,
    0x1F, 0xF0, 0x3F, 0xC0, 0x7F, 0x00, 0xFC, 0x07, 0xF8, 0x3F, 0xE1, 0xF3, 0xCF, 0xFF, 0x3F, 0xFC,
    0xFF, 0xE3, 0xFF, 0x00, 0x00, 0x78, 0x00, 0x0F, 0x00, 0x01, 0xF0, 0x00, 0x3E, 0x06, 0x07, 0xC1,
    0xE0, 0xF8, 0x3E, 0x1F, 0x03, 0xE3, 0xE0, 0x3E, 0x7C, 0x03, 0xEF, 0x80, 0x3F, 0xF0, 0x07, 0xFE,
    0x00, 0x7F, 0xC0, 0x07, 0xF8, 0x00, 0xFF, 0x07, 0xFF, 0xFC, 0xFF, 0xFF, 0xDF, 0xF7, 0xFB, 0xFC,
    0x7F, 0x00, 0x00, 0x00,
};

static const EpdGlyph edslab_ui_12_boldGlyphs[] = {
    { 0, 0, 0, 0, 0, 0, 0 }, // U+0000
    { 0, 0, 104, 0, 0, 0, 0 }, // U+000D
    { 0, 0, 138, 0, 0, 0, 0 }, // U+0020
    { 5, 20, 103, 0, 19, 13, 0 }, // !
    { 7, 6, 151, 1, 19, 6, 13 }, // "
    { 18, 20, 335, 1, 19, 45, 19 }, // #
    { 15, 25, 268, 0, 22, 47, 64 }, // $
    { 22, 20, 391, 1, 19, 55, 111 }, // %
    { 17, 20, 308, 1, 19, 43, 166 }, // &
    { 3, 6, 94, 1, 19, 3, 209 }, // '
    { 10, 30, 188, 1, 24, 38, 212 }, // (
    { 9, 30, 188, 1, 24, 34, 250 }, // )
    { 11, 10, 188, 0, 22, 14, 284 }, // *
    { 8, 8, 171, 1, 10, 8, 298 }, // +
    { 4, 7, 104, 1, 3, 4, 306 }, // ,
    { 8, 3, 171, 1, 8, 3, 310 }, // -
    { 5, 4, 104, 0, 3, 3, 313 }, // .
    { 9, 25, 174, 1, 19, 29, 316 }, // /
    { 15, 20, 258, 1, 19, 38, 345 }, // 0
    { 8, 20, 162, 1, 19, 20, 383 }, // 1
    { 13, 20, 241, 1, 19, 33, 403 }, // 2
    { 15, 20, 250, 0, 19, 38, 436 }, // 3
    { 14, 20, 248, 0, 19, 35, 474 }, // 4
    { 14, 20, 248, 0, 19, 35, 509 }, // 5
    { 14, 20, 251, 0, 19, 35, 544 }, // 6
    { 12, 20, 239, 1, 19, 30, 579 }, // 7
    { 13, 20, 254, 1, 19, 33, 609 }, // 8
    { 14, 20, 238, 1, 19, 35, 642 }, // 9
    { 5, 13, 103, 0, 12, 9, 677 }, // :
    { 5, 16, 104, 1, 12, 10, 686 }, // ;
    { 13, 13, 236, 0, 13, 22, 696 }, // <
    { 8, 6, 171, 1, 9, 6, 718 }, // =
    { 13, 13, 236, 0, 13, 22, 724 }, // >
    { 13, 20, 237, 1, 19, 33, 746 }, // ?
    { 23, 23, 402, 1, 21, 67, 779 }, // @
    { 21, 20, 372, 1, 19, 53, 846 }, // A
    { 18, 20, 303, 0, 19, 45, 899 }, // B
    { 17, 20, 298, 1, 19, 43, 944 }, // C
    { 20, 20, 336, 0, 19, 50, 987 }, // D
    { 16, 20, 292, 0, 19, 40, 1037 }, // E
    { 16, 20, 292, 1, 19, 40, 1077 }, // F
    { 17, 20, 300, 1, 19, 43, 1117 }, // G
    { 20, 20, 363, 1, 19, 50, 1160 }, // H
    { 8, 20, 166, 1, 19, 20, 1210 }, // I
    { 13, 20, 240, 1, 19, 33, 1230 }, // J
    { 18, 20, 315, 1, 19, 45, 1263 }, // K
    { 16, 20, 295, 1, 19, 40, 1308 }, // L
    { 23, 20, 412, 1, 19, 58, 1348 }, // M
    { 20, 20, 363, 1, 19, 50, 1406 }, // N
    { 19, 20, 342, 1, 19, 48, 1456 }, // O
    { 17, 20, 303, 1, 19, 43, 1504 }, // P
    { 22, 24, 367, 1, 19, 66, 1547 }, // Q
    { 19, 20, 323, 1, 19, 48, 1613 }, // R
    { 14, 20, 258, 1, 19, 35, 1661 }, // S
    { 17, 20, 317, 1, 19, 43, 1696 }, // T
    { 21, 20, 374, 1, 19, 53, 1739 }, // U
    { 21, 20, 372, 1, 19, 53, 1792 }, // V
    { 30, 20, 522, 1, 19, 75, 1845 }, // W
    { 19, 20, 342, 1, 19, 48, 1920 }, // X
    { 18, 20, 327, 1, 19, 45, 1968 }, // Y
    { 15, 20, 287, 1, 19, 38, 2013 }, // Z
    { 7, 26, 140, 1, 19, 23, 2051 }, // [
    { 9, 25, 174, 1, 19, 29, 2074 }, // <backslash>
    { 7, 26, 152, 0, 19, 23, 2103 }, // ]
    { 13, 10, 236, 0, 19, 17, 2126 }, // ^
    { 11, 3, 215, 1, 0, 5, 2143 }, // _
    { 6, 6, 116, 0, 21, 5, 2148 }, // `
    { 13, 13, 224, 0, 12, 22, 2153 }, // a
    { 14, 22, 246, 1, 21, 39, 2175 }, // b
    { 12, 13, 208, 1, 12, 20, 2214 }, // c
    { 14, 23, 244, 1, 21, 41, 2234 }, // d
    { 12, 13, 200, 1, 12, 20, 2275 }, // e
    { 11, 22, 157, 0, 19, 31, 2295 }, // f
    { 14, 20, 238, 1, 12, 35, 2326 }, // g
    { 15, 23, 256, 1, 21, 44, 2361 }, // h
    { 8, 18, 126, 0, 17, 18, 2405 }, // i
    { 7, 23, 111, -1, 16, 21, 2423 }, // j
    { 15, 22, 255, 1, 21, 42, 2444 }, // k
    { 8, 22, 138, 1, 21, 22, 2486 }, // l
    { 22, 14, 360, 1, 12, 39, 2508 }, // m
    { 15, 14, 260, 1, 12, 27, 2547 }, // n
    { 12, 13, 222, 1, 12, 20, 2574 }, // o
    { 13, 19, 234, 0, 12, 31, 2594 }, // p
    { 13, 19, 214, 1, 12, 31, 2625 }, // q
    { 11, 13, 208, 1, 12, 18, 2656 }, // r
    { 11, 13, 177, 0, 12, 18, 2674 }, // s
    { 11, 18, 184, 0, 17, 25, 2692 }, // t
    { 15, 13, 246, 0, 12, 25, 2717 }, // u
    { 16, 13, 270, 0, 12, 26, 2742 }, // v
    { 23, 13, 382, 0, 12, 38, 2768 }, // w
    { 14, 13, 264, 1, 12, 23, 2806 }, // x
    { 16, 19, 270, 0, 12, 38, 2829 }, // y
    { 11, 13, 210, 1, 12, 18, 2867 }, // z
    { 8, 25, 130, -1, 18, 25, 2885 }, // {
    { 3, 27, 89, 1, 23, 11, 2910 }, // |
    { 9, 25, 130, -1, 18, 29, 2921 }, // }
    { 10, 5, 212, 1, 10, 7, 2950 }, // ~
    { 0, 0, 138, 0, 0, 0, 2957 }, // U+00A0
    { 5, 20, 103, 0, 19, 13, 2957 }, // U+00A1
    { 12, 16, 208, 1, 14, 24, 2970 }, // U+00A2
    { 11, 23, 224, 1, 19, 32, 2994 }, // U+00A3
    { 12, 13, 216, 0, 14, 20, 3026 }, // U+00A4
    { 18, 20, 327, 1, 19, 45, 3046 }, // U+00A5
    { 3, 20, 89, 1, 19, 8, 3091 }, // U+00A6
    { 9, 17, 190, 1, 17, 20, 3099 }, // U+00A7
    { 6, 4, 176, 2, 19, 3, 3119 }, // U+00A8
    { 20, 20, 360, 1, 18, 50, 3122 }, // U+00A9
    { 10, 9, 165, 0, 15, 12, 3172 }, // U+00AA
    { 9, 10, 180, 1, 13, 12, 3184 }, // U+00AB
    { 11, 6, 232, 1, 10, 9, 3196 }, // U+00AC
    { 8, 3, 171, 1, 8, 3, 3205 }, // U+00AD
    { 21, 21, 360, 1, 19, 56, 3208 }, // U+00AE
    { 6, 3, 176, 2, 18, 3, 3264 }, // U+00AF
    { 6, 5, 184, 2, 19, 4, 3267 }, // U+00B0
    { 8, 13, 216, 2, 13, 13, 3271 }, // U+00B1
    { 9, 12, 172, 1, 19, 14, 3284 }, // U+00B2
    { 10, 12, 177, 0, 19, 15, 3298 }, // U+00B3
    { 6, 3, 176, 2, 18, 3, 3313 }, // U+00B4
    { 15, 19, 246, 0, 12, 36, 3316 }, // U+00B5
    { 14, 21, 240, -1, 19, 37, 3352 }, // U+00B6
    { 5, 4, 104, 0, 10, 3, 3389 }, // U+00B7
    { 6, 4, 176, 2, 0, 3, 3392 }, // U+00B8
    { 5, 12, 122, 1, 19, 8, 3395 }, // U+00B9
    { 10, 9, 164, 0, 15, 12, 3403 }, // U+00BA
    { 9, 10, 180, 1, 13, 12, 3415 }, // U+00BB
    { 17, 22, 240, -1, 21, 47, 3427 }, // U+00BC
    { 17, 22, 240, -1, 21, 47, 3474 }, // U+00BD
    { 17, 22, 240, -1, 21, 47, 3521 }, // U+00BE
    { 13, 20, 237, 0, 19, 33, 3568 }, // U+00BF
    { 21, 22, 372, 1, 21, 58, 3601 }, // U+00C0
    { 21, 22, 372, 1, 21, 58, 3659 }, // U+00C1
    { 21, 22, 372, 1, 21, 58, 3717 }, // U+00C2
    { 21, 22, 372, 1, 21, 58, 3775 }, // U+00C3
    { 21, 22, 372, 1, 21, 58, 3833 }, // U+00C4
    { 21, 24, 372, 1, 23, 63, 3891 }, // U+00C5
    { 31, 20, 532, 1, 19, 78, 3954 }, // U+00C6
    { 17, 23, 298, 1, 19, 49, 4032 }, // U+00C7
    { 16, 22, 292, 0, 21, 44, 4081 }, // U+00C8
    { 16, 22, 292, 0, 21, 44, 4125 }, // U+00C9
    { 16, 22, 292, 0, 21, 44, 4169 }, // U+00CA
    { 16, 22, 292, 0, 21, 44, 4213 }, // U+00CB
    { 8, 22, 166, 1, 21, 22, 4257 }, // U+00CC
    { 8, 22, 166, 1, 21, 22, 4279 }, // U+00CD
    { 8, 22, 166, 1, 21, 22, 4301 }, // U+00CE
    { 8, 22, 166, 1, 21, 22, 4323 }, // U+00CF
    { 20, 20, 336, 0, 19, 50, 4345 }, // U+00D0
    { 20, 22, 363, 1, 21, 55, 4395 }, // U+00D1
    { 19, 22, 342, 1, 21, 53, 4450 }, // U+00D2
    { 19, 22, 342, 1, 21, 53, 4503 }, // U+00D3
    { 19, 22, 342, 1, 21, 53, 4556 }, // U+00D4
    { 19, 22, 342, 1, 21, 53, 4609 }, // U+00D5
    { 19, 22, 342, 1, 21, 53, 4662 }, // U+00D6
    { 9, 9, 216, 2, 12, 11, 4715 }, // U+00D7
    { 19, 24, 342, 1, 21, 57, 4726 }, // U+00D8
    { 21, 22, 374, 1, 21, 58, 4783 }, // U+00D9
    { 21, 22, 374, 1, 21, 58, 4841 }, // U+00DA
    { 21, 22, 374, 1, 21, 58, 4899 }, // U+00DB
    { 21, 22, 374, 1, 21, 58, 4957 }, // U+00DC
    { 18, 22, 327, 1, 21, 50, 5015 }, // U+00DD
    { 13, 20, 336, 1, 19, 33, 5065 }, // U+00DE
    { 11, 18, 232, 1, 17, 25, 5098 }, // U+00DF
    { 13, 16, 224, 0, 15, 26, 5123 }, // U+00E0
    { 13, 16, 224, 0, 15, 26, 5149 }, // U+00E1
    { 13, 16, 224, 0, 15, 26, 5175 }, // U+00E2
    { 13, 16, 224, 0, 15, 26, 5201 }, // U+00E3
    { 13, 15, 224, 0, 14, 25, 5227 }, // U+00E4
    { 13, 17, 224, 0, 16, 28, 5252 }, // U+00E5
    { 21, 13, 364, 1, 12, 35, 5280 }, // U+00E6
    { 12, 16, 208, 1, 12, 24, 5315 }, // U+00E7
    { 12, 16, 200, 1, 15, 24, 5339 }, // U+00E8
    { 12, 16, 200, 1, 15, 24, 5363 }, // U+00E9
    { 12, 16, 200, 1, 15, 24, 5387 }, // U+00EA
    { 12, 15, 200, 1, 14, 23, 5411 }, // U+00EB
    { 8, 16, 126, 0, 15, 16, 5434 }, // U+00EC
    { 8, 16, 126, 0, 15, 16, 5450 }, // U+00ED
    { 8, 16, 126, 0, 15, 16, 5466 }, // U+00EE
    { 8, 15, 126, 0, 14, 15, 5482 }, // U+00EF
    { 15, 23, 244, 1, 21, 44, 5497 }, // U+00F0
    { 15, 17, 260, 1, 15, 32, 5541 }, // U+00F1
    { 12, 16, 222, 1, 15, 24, 5573 }, // U+00F2
    { 12, 16, 222, 1, 15, 24, 5597 }, // U+00F3
    { 12, 16, 222, 1, 15, 24, 5621 }, // U+00F4
    { 12, 16, 222, 1, 15, 24, 5645 }, // U+00F5
    { 12, 15, 222, 1, 14, 23, 5669 }, // U+00F6
    { 8, 9, 216, 2, 12, 9, 5692 }, // U+00F7
    { 14, 17, 222, 0, 14, 30, 5701 }, // U+00F8
    { 15, 15, 246, 0, 14, 29, 5731 }, // U+00F9
    { 15, 15, 246, 0, 14, 29, 5760 }, // U+00FA
    { 15, 16, 246, 0, 15, 30, 5789 }, // U+00FB
    { 15, 16, 246, 0, 15, 30, 5819 }, // U+00FC
    { 16, 21, 270, 0, 14, 42, 5849 }, // U+00FD
    { 13, 28, 246, 1, 21, 46, 5891 }, // U+00FE
    { 16, 22, 270, 0, 15, 44, 5937 }, // U+00FF
    { 21, 22, 372, 1, 21, 58, 5981 }, // U+0100
    { 13, 15, 224, 0, 14, 25, 6039 }, // U+0101
    { 21, 22, 372, 1, 21, 58, 6064 }, // U+0102
    { 13, 16, 224, 0, 15, 26, 6122 }, // U+0103
    { 22, 23, 372, 1, 19, 64, 6148 }, // U+0104
    { 13, 16, 224, 0, 12, 26, 6212 }, // U+0105
    { 17, 22, 298, 1, 21, 47, 6238 }, // U+0106
    { 12, 16, 208, 1, 15, 24, 6285 }, // U+0107
    { 17, 22, 298, 1, 21, 47, 6309 }, // U+0108
    { 12, 16, 208, 1, 15, 24, 6356 }, // U+0109
    { 17, 22, 298, 1, 21, 47, 6380 }, // U+010A
    { 12, 16, 208, 1, 15, 24, 6427 }, // U+010B
    { 17, 22, 298, 1, 21, 47, 6451 }, // U+010C
    { 12, 16, 208, 1, 15, 24, 6498 }, // U+010D
    { 20, 22, 336, 0, 21, 55, 6522 }, // U+010E
    { 16, 23, 244, 1, 21, 46, 6577 }, // U+010F
    { 20, 20, 336, 0, 19, 50, 6623 }, // U+0110
    { 15, 23, 244, 1, 21, 44, 6673 }, // U+0111
    { 16, 22, 292, 0, 21, 44, 6717 }, // U+0112
    { 12, 15, 200, 1, 14, 23, 6761 }, // U+0113
    { 16, 23, 292, 0, 22, 46, 6784 }, // U+0114
    { 12, 16, 200, 1, 15, 24, 6830 }, // U+0115
    { 16, 23, 292, 0, 22, 46, 6854 }, // U+0116
    { 12, 15, 200, 1, 14, 23, 6900 }, // U+0117
    { 17, 23, 292, 0, 19, 49, 6923 }, // U+0118
    { 12, 16, 200, 1, 12, 24, 6972 }, // U+0119
    { 16, 22, 292, 0, 21, 44, 6996 }, // U+011A
    { 12, 16, 200, 1, 15, 24, 7040 }, // U+011B
    { 17, 22, 300, 1, 21, 47, 7064 }, // U+011C
    { 14, 23, 238, 1, 15, 41, 7111 }, // U+011D
    { 17, 23, 300, 1, 22, 49, 7152 }, // U+011E
    { 14, 24, 238, 1, 16, 42, 7201 }, // U+011F
    { 17, 22, 300, 1, 21, 47, 7243 }, // U+0120
    { 14, 23, 238, 1, 15, 41, 7290 }, // U+0121
    { 17, 23, 300, 1, 19, 49, 7331 }, // U+0122
    { 14, 23, 238, 1, 12, 41, 7380 }, // U+0123
    { 20, 22, 363, 1, 21, 55, 7421 }, // U+0124
    { 15, 25, 256, 1, 23, 47, 7476 }, // U+0125
    { 20, 20, 363, 1, 19, 50, 7523 }, // U+0126
    { 16, 23, 256, -1, 21, 46, 7573 }, // U+0127
    { 9, 22, 166, 1, 21, 25, 7619 }, // U+0128
    { 9, 16, 126, 0, 15, 18, 7644 }, // U+0129
    { 8, 22, 166, 1, 21, 22, 7662 }, // U+012A
    { 8, 15, 126, -1, 14, 15, 7684 }, // U+012B
    { 8, 23, 166, 1, 22, 23, 7699 }, // U+012C
    { 8, 16, 126, 0, 15, 16, 7722 }, // U+012D
    { 8, 23, 166, 1, 19, 23, 7738 }, // U+012E
    { 8, 21, 126, 0, 17, 21, 7761 }, // U+012F
    { 8, 23, 166, 1, 22, 23, 7782 }, // U+0130
    { 8, 13, 126, 0, 12, 13, 7805 }, // U+0131
    { 21, 20, 374, 1, 19, 53, 7818 }, // U+0132
    { 12, 23, 209, 0, 16, 35, 7871 }, // U+0133
    { 13, 22, 240, 1, 21, 36, 7906 }, // U+0134
    { 7, 21, 111, -1, 14, 19, 7942 }, // U+0135
    { 18, 23, 315, 1, 19, 52, 7961 }, // U+0136
    { 15, 25, 255, 1, 21, 47, 8013 }, // U+0137
    { 16, 22, 295, 1, 21, 44, 8060 }, // U+0139
    { 8, 25, 138, 1, 23, 25, 8104 }, // U+013A
    { 16, 23, 295, 1, 19, 46, 8129 }, // U+013B
    { 8, 24, 138, 1, 21, 24, 8175 }, // U+013C
    { 16, 22, 295, 1, 21, 44, 8199 }, // U+013D
    { 10, 21, 138, 1, 21, 27, 8243 }, // U+013E
    { 19, 20, 355, 1, 19, 48, 8270 }, // U+013F
    { 11, 22, 198, 1, 21, 31, 8318 }, // U+0140
    { 17, 20, 295, 0, 19, 43, 8349 }, // U+0141
    { 10, 22, 138, 0, 21, 28, 8392 }, // U+0142
    { 20, 22, 363, 1, 21, 55, 8420 }, // U+0143
    { 15, 16, 260, 1, 14, 30, 8475 }, // U+0144
    { 20, 23, 363, 1, 19, 58, 8505 }, // U+0145
    { 15, 16, 260, 1, 12, 30, 8563 }, // U+0146
    { 20, 22, 363, 1, 21, 55, 8593 }, // U+0147
    { 15, 17, 260, 1, 15, 32, 8648 }, // U+0148
    { 19, 24, 260, -3, 22, 57, 8680 }, // U+0149
    { 20, 27, 363, 1, 19, 68, 8737 }, // U+014A
    { 16, 20, 260, 1, 12, 40, 8805 }, // U+014B
    { 19, 22, 342, 1, 21, 53, 8845 }, // U+014C
    { 12, 15, 222, 1, 14, 23, 8898 }, // U+014D
    { 19, 23, 342, 1, 22, 55, 8921 }, // U+014E
    { 12, 16, 222, 1, 15, 24, 8976 }, // U+014F
    { 19, 22, 342, 1, 21, 53, 9000 }, // U+0150
    { 12, 16, 222, 1, 15, 24, 9053 }, // U+0151
    { 33, 20, 569, 1, 19, 83, 9077 }, // U+0152
    { 22, 13, 370, 1, 12, 36, 9160 }, // U+0153
    { 19, 22, 323, 1, 21, 53, 9196 }, // U+0154
    { 11, 15, 208, 1, 14, 21, 9249 }, // U+0155
    { 19, 23, 323, 1, 19, 55, 9270 }, // U+0156
    { 11, 17, 208, 1, 12, 24, 9325 }, // U+0157
    { 19, 22, 323, 1, 21, 53, 9349 }, // U+0158
    { 11, 16, 208, 1, 15, 22, 9402 }, // U+0159
    { 14, 22, 258, 1, 21, 39, 9424 }, // U+015A
    { 11, 16, 177, 0, 15, 22, 9463 }, // U+015B
    { 14, 22, 258, 1, 21, 39, 9485 }, // U+015C
    { 11, 16, 177, 0, 15, 22, 9524 }, // U+015D
    { 14, 24, 258, 1, 19, 42, 9546 }, // U+015E
    { 11, 16, 177, 0, 12, 22, 9588 }, // U+015F
    { 14, 22, 258, 1, 21, 39, 9610 }, // U+0160
    { 11, 16, 177, 0, 15, 22, 9649 }, // U+0161
    { 17, 25, 317, 1, 19, 54, 9671 }, // U+0162
    { 11, 23, 184, 0, 17, 32, 9725 }, // U+0163
    { 17, 22, 317, 1, 21, 47, 9757 }, // U+0164
    { 14, 18, 184, 0, 17, 32, 9804 }, // U+0165
    { 17, 20, 317, 1, 19, 43, 9836 }, // U+0166
    { 11, 18, 184, 0, 17, 25, 9879 }, // U+0167
    { 21, 23, 374, 1, 22, 61, 9904 }, // U+0168
    { 15, 17, 246, 0, 16, 32, 9965 }, // U+0169
    { 21, 22, 374, 1, 21, 58, 9997 }, // U+016A
    { 15, 15, 246, 0, 14, 29, 10055 }, // U+016B
    { 21, 23, 374, 1, 22, 61, 10084 }, // U+016C
    { 15, 17, 246, 0, 16, 32, 10145 }, // U+016D
    { 21, 24, 374, 1, 23, 63, 10177 }, // U+016E
    { 15, 17, 246, 0, 16, 32, 10240 }, // U+016F
    { 21, 22, 374, 1, 21, 58, 10272 }, // U+0170
    { 15, 15, 246, 0, 14, 29, 10330 }, // U+0171
    { 21, 22, 374, 1, 19, 58, 10359 }, // U+0172
    { 15, 16, 246, 0, 12, 30, 10417 }, // U+0173
    { 30, 22, 522, 1, 21, 83, 10447 }, // U+0174
    { 23, 15, 382, 0, 14, 44, 10530 }, // U+0175
    { 18, 22, 327, 1, 21, 50, 10574 }, // U+0176
    { 16, 21, 270, 0, 14, 42, 10624 }, // U+0177
    { 18, 22, 327, 1, 21, 50, 10666 }, // U+0178
    { 15, 22, 287, 1, 21, 42, 10716 }, // U+0179
    { 11, 15, 210, 1, 14, 21, 10758 }, // U+017A
    { 15, 22, 287, 1, 21, 42, 10779 }, // U+017B
    { 11, 16, 210, 1, 15, 22, 10821 }, // U+017C
    { 15, 22, 287, 1, 21, 42, 10843 }, // U+017D
    { 11, 15, 210, 1, 14, 21, 10885 }, // U+017E
    { 21, 23, 372, 1, 22, 61, 10906 }, // U+01CD
    { 13, 18, 224, 0, 17, 30, 10967 }, // U+01CE
    { 8, 22, 166, 1, 21, 22, 10997 }, // U+020A
    { 9, 18, 126, -1, 17, 21, 11019 }, // U+020B
    { 14, 24, 258, 1, 19, 42, 11040 }, // U+0218
    { 11, 16, 177, 0, 12, 22, 11082 }, // U+0219
    { 17, 25, 317, 1, 19, 54, 11104 }, // U+021A
    { 11, 23, 184, 0, 17, 32, 11158 }, // U+021B
    { 9, 4, 0, -14, 19, 5, 11190 }, // U+0300
    { 5, 7, 0, -1, 19, 5, 11195 }, // U+0301
    { 11, 4, 0, -6, 19, 6, 11200 }, // U+0302
    { 11, 4, 0, -14, 19, 6, 11206 }, // U+0303
    { 10, 3, 0, -5, 18, 4, 11212 }, // U+0304
    { 10, 4, 0, -5, 19, 5, 11216 }, // U+0306
    { 6, 4, 0, -3, 20, 3, 11221 }, // U+0307
    { 10, 3, 0, -5, 19, 4, 11224 }, // U+0308
    { 7, 6, 0, -4, 21, 6, 11228 }, // U+030A
    { 12, 4, 0, -4, 19, 6, 11234 }, // U+030B
    { 11, 4, 0, -6, 19, 6, 11240 }, // U+030C
    { 5, 7, 0, -1, 19, 5, 11246 }, // U+0312
    { 5, 7, 0, -1, 19, 5, 11251 }, // U+0313
    { 5, 7, 0, -1, 19, 5, 11256 }, // U+0314
    { 5, 7, 0, -1, 19, 5, 11261 }, // U+0315
    { 5, 4, 0, -2, -2, 3, 11266 }, // U+0326
    { 6, 6, 0, -3, 0, 5, 11269 }, // U+0327
    { 6, 8, 0, -3, 2, 6, 11274 }, // U+0328
    { 5, 7, 0, -1, 19, 5, 11280 }, // U+0341
    { 5, 7, 0, -1, 19, 5, 11285 }, // U+0343
    { 0, 0, 0, 0, 0, 0, 11290 }, // U+034F
    { 16, 23, 288, 0, 22, 46, 11290 }, // U+0401
    { 17, 20, 290, 1, 19, 43, 11336 }, // U+0404
    { 8, 20, 162, 1, 19, 20, 11379 }, // U+0406
    { 10, 23, 162, 0, 22, 29, 11399 }, // U+0407
    { 21, 20, 372, 1, 19, 53, 11428 }, // U+0410
    { 18, 20, 304, 0, 19, 45, 11481 }, // U+0411
    { 18, 20, 303, 0, 19, 45, 11526 }, // U+0412
    { 14, 20, 268, 1, 19, 35, 11571 }, // U+0413
    { 19, 24, 336, 1, 19, 57, 11606 }, // U+0414
    { 16, 20, 292, 0, 19, 40, 11663 }, // U+0415
    { 28, 20, 464, 0, 19, 70, 11703 }, // U+0416
    { 15, 20, 265, 0, 19, 38, 11773 }, // U+0417
    { 20, 20, 363, 1, 19, 50, 11811 }, // U+0418
    { 20, 25, 363, 1, 24, 63, 11861 }, // U+0419
    { 18, 20, 311, 1, 19, 45, 11924 }, // U+041A
    { 19, 20, 335, 1, 19, 48, 11969 }, // U+041B
    { 23, 20, 412, 1, 19, 58, 12017 }, // U+041C
    { 20, 20, 363, 1, 19, 50, 12075 }, // U+041D
    { 19, 20, 334, 1, 19, 48, 12125 }, // U+041E
    { 20, 20, 363, 1, 19, 50, 12173 }, // U+041F
    { 17, 20, 303, 1, 19, 43, 12223 }, // U+0420
    { 17, 20, 290, 1, 19, 43, 12266 }, // U+0421
    { 17, 20, 317, 1, 19, 43, 12309 }, // U+0422
    { 19, 20, 350, 1, 19, 48, 12352 }, // U+0423
    { 20, 22, 338, 1, 20, 55, 12400 }, // U+0424
    { 19, 20, 342, 1, 19, 48, 12455 }, // U+0425
    { 20, 24, 363, 1, 19, 60, 12503 }, // U+0426
    { 18, 20, 330, 1, 19, 45, 12563 }, // U+0427
    { 29, 20, 494, 1, 19, 73, 12608 }, // U+0428
    { 28, 24, 494, 1, 19, 84, 12681 }, // U+0429
    { 19, 20, 331, 1, 19, 48, 12765 }, // U+042A
    { 26, 20, 450, 1, 19, 65, 12813 }, // U+042B
    { 17, 20, 299, 1, 19, 43, 12878 }, // U+042C
    { 17, 20, 286, 0, 19, 43, 12921 }, // U+042D
    { 27, 20, 462, 1, 19, 68, 12964 }, // U+042E
    { 19, 20, 323, -1, 19, 48, 13032 }, // U+042F
    { 13, 13, 212, 0, 12, 22, 13080 }, // U+0430
    { 11, 18, 196, 0, 17, 25, 13102 }, // U+0431
    { 12, 13, 219, 1, 12, 20, 13127 }, // U+0432
    { 11, 13, 208, 1, 12, 18, 13147 }, // U+0433
    { 14, 17, 259, 1, 12, 30, 13165 }, // U+0434
    { 12, 13, 188, 1, 12, 20, 13195 }, // U+0435
    { 23, 13, 360, 0, 12, 38, 13215 }, // U+0436
    { 11, 13, 183, 0, 12, 18, 13253 }, // U+0437
    { 14, 13, 252, 0, 12, 23, 13271 }, // U+0438
    { 14, 18, 252, 0, 17, 32, 13294 }, // U+0439
    { 15, 13, 255, 1, 12, 25, 13326 }, // U+043A
    { 15, 13, 253, -1, 12, 25, 13351 }, // U+043B
    { 17, 13, 317, 1, 12, 28, 13376 }, // U+043C
    { 14, 13, 263, 1, 12, 23, 13404 }, // U+043D
    { 12, 13, 222, 1, 12, 20, 13427 }, // U+043E
    { 14, 13, 263, 1, 12, 23, 13447 }, // U+043F
    { 13, 19, 242, 1, 12, 31, 13470 }, // U+0440
    { 12, 13, 200, 1, 12, 20, 13501 }, // U+0441
    { 12, 13, 220, 0, 12, 20, 13521 }, // U+0442
    { 16, 19, 262, -1, 12, 38, 13541 }, // U+0443
    { 15, 25, 260, 1, 18, 47, 13579 }, // U+0444
    { 14, 13, 264, 1, 12, 23, 13626 }, // U+0445
    { 14, 17, 263, 1, 12, 30, 13649 }, // U+0446
    { 14, 13, 245, 1, 12, 23, 13679 }, // U+0447
    { 19, 13, 344, 1, 12, 31, 13702 }, // U+0448
    { 19, 17, 344, 1, 12, 41, 13733 }, // U+0449
    { 14, 13, 235, 0, 12, 23, 13774 }, // U+044A
    { 18, 13, 323, 1, 12, 30, 13797 }, // U+044B
    { 12, 13, 216, 1, 12, 20, 13827 }, // U+044C
    { 12, 13, 200, -1, 12, 20, 13847 }, // U+044D
    { 18, 13, 322, 1, 12, 30, 13867 }, // U+044E
    { 14, 13, 237, -1, 12, 23, 13897 }, // U+044F
    { 12, 17, 192, 1, 16, 26, 13920 }, // U+0451
    { 12, 13, 200, 1, 12, 20, 13946 }, // U+0454
    { 8, 18, 126, 0, 17, 18, 13966 }, // U+0456
    { 8, 17, 126, 0, 16, 17, 13984 }, // U+0457
    { 14, 21, 268, 1, 20, 37, 14001 }, // U+0490
    { 11, 14, 208, 1, 13, 20, 14038 }, // U+0491
    { 17, 15, 270, 0, 15, 32, 14058 }, // U+05D0
    { 15, 15, 238, 0, 15, 29, 14090 }, // U+05D1
    { 10, 16, 165, 0, 15, 20, 14119 }, // U+05D2
    { 14, 15, 228, 0, 15, 27, 14139 }, // U+05D3
    { 14, 15, 263, 1, 15, 27, 14166 }, // U+05D4
    { 7, 15, 135, 0, 15, 14, 14193 }, // U+05D5
    { 9, 15, 148, 0, 15, 17, 14207 }, // U+05D6
    { 16, 15, 275, 0, 15, 30, 14224 }, // U+05D7
    { 15, 15, 264, 1, 15, 29, 14254 }, // U+05D8
    { 7, 9, 133, 0, 15, 8, 14283 }, // U+05D9
    { 13, 20, 228, 0, 15, 33, 14291 }, // U+05DA
    { 13, 15, 211, 0, 15, 25, 14324 }, // U+05DB
    { 14, 19, 222, 0, 19, 34, 14349 }, // U+05DC
    { 15, 15, 281, 1, 15, 29, 14383 }, // U+05DD
    { 17, 15, 281, 0, 15, 32, 14412 }, // U+05DE
    { 7, 20, 142, 0, 15, 18, 14444 }, // U+05DF
    { 8, 15, 162, 1, 15, 15, 14462 }, // U+05E0
    { 16, 15, 272, 0, 15, 30, 14477 }, // U+05E1
    { 15, 18, 252, 0, 16, 34, 14507 }, // U+05E2
    { 14, 20, 262, 1, 15, 35, 14541 }, // U+05E3
    { 15, 15, 251, 0, 15, 29, 14576 }, // U+05E4
    { 14, 20, 235, 0, 15, 35, 14605 }, // U+05E5
    { 14, 15, 237, 0, 15, 27, 14640 }, // U+05E6
    { 15, 20, 262, 1, 15, 38, 14667 }, // U+05E7
    { 12, 15, 217, 0, 15, 23, 14705 }, // U+05E8
    { 18, 15, 315, 1, 15, 34, 14728 }, // U+05E9
    { 17, 15, 289, 0, 15, 32, 14762 }, // U+05EA
    { 5, 8, 129, 1, 7, 5, 14794 }, // U+060C
    { 7, 19, 136, 0, 18, 17, 14799 }, // U+061B
    { 13, 20, 205, 0, 19, 33, 14816 }, // U+061F
    { 11, 13, 188, 0, 11, 18, 14849 }, // U+0621
    { 10, 5, 116, 0, 4, 7, 14867 }, // U+0640
    { 7, 7, 0, 0, 21, 7, 14874 }, // U+0654
    { 6, 7, 229, 4, 11, 6, 14881 }, // U+0660
    { 6, 19, 229, 4, 18, 15, 14887 }, // U+0661
    { 13, 19, 229, 1, 18, 31, 14902 }, // U+0662
    { 14, 19, 229, 0, 18, 34, 14933 }, // U+0663
    { 12, 19, 229, 1, 18, 29, 14967 }, // U+0664
    { 12, 14, 229, 1, 14, 21, 14996 }, // U+0665
    { 13, 19, 229, 1, 18, 31, 15017 }, // U+0666
    { 15, 19, 229, 0, 18, 36, 15048 }, // U+0667
    { 15, 19, 229, 0, 18, 36, 15084 }, // U+0668
    { 12, 18, 229, 1, 18, 27, 15120 }, // U+0669
    { 18, 16, 296, 0, 10, 36, 15147 }, // U+06BA
    { 7, 3, 130, 1, 3, 3, 15183 }, // U+06D4
    { 11, 15, 188, 0, 14, 21, 15186 }, // U+06D5
    { 6, 7, 229, 4, 11, 6, 15207 }, // U+06F0
    { 6, 19, 229, 4, 18, 15, 15213 }, // U+06F1
    { 13, 19, 229, 1, 18, 31, 15228 }, // U+06F2
    { 14, 19, 229, 0, 18, 34, 15259 }, // U+06F3
    { 13, 19, 229, 1, 18, 31, 15293 }, // U+06F4
    { 14, 17, 229, 0, 17, 30, 15324 }, // U+06F5
    { 12, 18, 229, 1, 17, 27, 15354 }, // U+06F6
    { 15, 19, 229, 0, 18, 36, 15381 }, // U+06F7
    { 15, 19, 229, 0, 18, 36, 15417 }, // U+06F8
    { 12, 18, 229, 1, 18, 27, 15453 }, // U+06F9
    { 18, 24, 288, 0, 18, 54, 15480 }, // U+1EA0
    { 13, 20, 221, 0, 14, 33, 15534 }, // U+1EA1
    { 18, 24, 288, 0, 24, 54, 15567 }, // U+1EA2
    { 13, 21, 221, 0, 20, 35, 15621 }, // U+1EA3
    { 18, 27, 288, 0, 27, 61, 15656 }, // U+1EA4
    { 15, 24, 221, 0, 23, 45, 15717 }, // U+1EA5
    { 18, 28, 288, 0, 28, 63, 15762 }, // U+1EA6
    { 13, 25, 221, 0, 24, 41, 15825 }, // U+1EA7
    { 18, 28, 288, 0, 28, 63, 15866 }, // U+1EA8
    { 14, 25, 221, 0, 24, 44, 15929 }, // U+1EA9
    { 18, 29, 288, 0, 29, 66, 15973 }, // U+1EAA
    { 13, 25, 221, 0, 24, 41, 16039 }, // U+1EAB
    { 18, 30, 288, 0, 24, 68, 16080 }, // U+1EAC
    { 13, 26, 221, 0, 20, 43, 16148 }, // U+1EAD
    { 18, 29, 288, 0, 29, 66, 16191 }, // U+1EAE
    { 13, 26, 221, 0, 25, 43, 16257 }, // U+1EAF
    { 18, 29, 288, 0, 29, 66, 16300 }, // U+1EB0
    { 13, 26, 221, 0, 25, 43, 16366 }, // U+1EB1
    { 18, 30, 288, 0, 30, 68, 16409 }, // U+1EB2
    { 13, 27, 221, 0, 26, 44, 16477 }, // U+1EB3
    { 18, 28, 288, 0, 28, 63, 16521 }, // U+1EB4
    { 13, 25, 221, 0, 24, 41, 16584 }, // U+1EB5
    { 18, 29, 288, 0, 23, 66, 16625 }, // U+1EB6
    { 13, 26, 221, 0, 20, 43, 16691 }, // U+1EB7
    { 13, 24, 242, 2, 18, 39, 16734 }, // U+1EB8
    { 13, 20, 234, 1, 14, 33, 16773 }, // U+1EB9
    { 13, 24, 242, 2, 24, 39, 16806 }, // U+1EBA
    { 13, 21, 234, 1, 20, 35, 16845 }, // U+1EBB
    { 13, 24, 242, 2, 24, 39, 16880 }, // U+1EBC
    { 13, 20, 234, 1, 19, 33, 16919 }, // U+1EBD
    { 14, 28, 242, 2, 28, 49, 16952 }, // U+1EBE
    { 15, 24, 234, 1, 23, 45, 17001 }, // U+1EBF
    { 13, 28, 242, 2, 28, 46, 17046 }, // U+1EC0
    { 13, 24, 234, 1, 23, 39, 17092 }, // U+1EC1
    { 14, 28, 242, 2, 28, 49, 17131 }, // U+1EC2
    { 14, 24, 234, 1, 23, 42, 17180 }, // U+1EC3
    { 13, 29, 242, 2, 29, 48, 17222 }, // U+1EC4
    { 13, 25, 234, 1, 24, 41, 17270 }, // U+1EC5
    { 13, 30, 242, 2, 24, 49, 17311 }, // U+1EC6
    { 13, 26, 234, 1, 20, 43, 17360 }, // U+1EC7
    { 6, 24, 126, 1, 24, 18, 17403 }, // U+1EC8
    { 7, 20, 116, 0, 20, 18, 17421 }, // U+1EC9
    { 5, 24, 126, 1, 18, 15, 17439 }, // U+1ECA
    { 5, 26, 116, 1, 20, 17, 17454 }, // U+1ECB
    { 18, 24, 316, 1, 18, 54, 17471 }, // U+1ECC
    { 14, 20, 243, 1, 14, 35, 17525 }, // U+1ECD
    { 18, 25, 316, 1, 24, 57, 17560 }, // U+1ECE
    { 14, 21, 243, 1, 20, 37, 17617 }, // U+1ECF
    { 18, 29, 316, 1, 28, 66, 17654 }, // U+1ED0
    { 15, 24, 243, 1, 23, 45, 17720 }, // U+1ED1
    { 18, 29, 316, 1, 28, 66, 17765 }, // U+1ED2
    { 14, 25, 243, 1, 24, 44, 17831 }, // U+1ED3
    { 18, 29, 316, 1, 28, 66, 17875 }, // U+1ED4
    { 14, 25, 243, 1, 24, 44, 17941 }, // U+1ED5
    { 18, 30, 316, 1, 29, 68, 17985 }, // U+1ED6
    { 14, 25, 243, 1, 24, 44, 18053 }, // U+1ED7
    { 18, 30, 316, 1, 24, 68, 18097 }, // U+1ED8
    { 14, 26, 243, 1, 20, 46, 18165 }, // U+1ED9
    { 18, 25, 316, 1, 24, 57, 18211 }, // U+1EDA
    { 15, 21, 243, 1, 20, 40, 18268 }, // U+1EDB
    { 18, 25, 316, 1, 24, 57, 18308 }, // U+1EDC
    { 15, 21, 243, 1, 20, 40, 18365 }, // U+1EDD
    { 18, 25, 316, 1, 24, 57, 18405 }, // U+1EDE
    { 15, 21, 243, 1, 20, 40, 18462 }, // U+1EDF
    { 18, 24, 316, 1, 23, 54, 18502 }, // U+1EE0
    { 15, 20, 243, 1, 19, 38, 18556 }, // U+1EE1
    { 18, 27, 316, 1, 21, 61, 18594 }, // U+1EE2
    { 15, 22, 243, 1, 16, 42, 18655 }, // U+1EE3
    { 15, 24, 283, 1, 18, 45, 18697 }, // U+1EE4
    { 12, 20, 236, 1, 14, 30, 18742 }, // U+1EE5
    { 15, 25, 283, 1, 24, 47, 18772 }, // U+1EE6
    { 12, 21, 236, 1, 20, 32, 18819 }, // U+1EE7
    { 18, 25, 299, 1, 24, 57, 18851 }, // U+1EE8
    { 15, 21, 250, 1, 20, 40, 18908 }, // U+1EE9
    { 18, 25, 299, 1, 24, 57, 18948 }, // U+1EEA
    { 15, 21, 250, 1, 20, 40, 19005 }, // U+1EEB
    { 18, 25, 299, 1, 24, 57, 19045 }, // U+1EEC
    { 15, 21, 250, 1, 20, 40, 19102 }, // U+1EED
    { 18, 24, 299, 1, 23, 54, 19142 }, // U+1EEE
    { 15, 20, 250, 1, 19, 38, 19196 }, // U+1EEF
    { 18, 27, 299, 1, 21, 61, 19234 }, // U+1EF0
    { 15, 22, 250, 1, 16, 42, 19295 }, // U+1EF1
    { 16, 23, 250, 0, 23, 46, 19337 }, // U+1EF2
    { 16, 25, 226, -1, 19, 50, 19383 }, // U+1EF3
    { 17, 24, 264, 0, 18, 51, 19433 }, // U+1EF4
    { 15, 19, 219, 0, 14, 36, 19484 }, // U+1EF5
    { 17, 24, 264, 0, 24, 51, 19520 }, // U+1EF6
    { 14, 25, 219, 0, 20, 44, 19571 }, // U+1EF7
    { 17, 24, 264, 0, 24, 51, 19615 }, // U+1EF8
    { 14, 24, 219, 0, 19, 42, 19666 }, // U+1EF9
    { 0, 0, 200, 0, 0, 0, 19708 }, // U+2002
    { 0, 0, 400, 0, 0, 0, 19708 }, // U+2003
    { 0, 0, 80, 0, 0, 0, 19708 }, // U+2009
    { 0, 0, 0, 0, 0, 0, 19708 }, // U+200B
    { 2, 18, 0, -1, 17, 5, 19708 }, // U+200C
    { 6, 19, 0, -3, 18, 15, 19713 }, // U+200D
    { 7, 19, 0, -1, 18, 17, 19728 }, // U+200E
    { 7, 19, 0, -6, 18, 17, 19745 }, // U+200F
    { 8, 3, 171, 1, 8, 3, 19762 }, // U+2010
    { 8, 3, 171, 1, 8, 3, 19765 }, // U+2011
    { 11, 3, 216, 1, 8, 5, 19768 }, // U+2012
    { 11, 3, 216, 1, 8, 5, 19773 }, // U+2013
    { 22, 3, 416, 0, 8, 9, 19778 }, // U+2014
    { 26, 3, 416, 0, 8, 10, 19787 }, // U+2015
    { 7, 20, 222, 3, 19, 18, 19797 }, // U+2016
    { 5, 7, 104, 0, 19, 5, 19815 }, // U+2018
    { 5, 7, 104, 0, 19, 5, 19820 }, // U+2019
    { 4, 7, 104, 1, 3, 4, 19825 }, // U+201A
    { 5, 7, 104, 0, 19, 5, 19829 }, // U+201B
    { 9, 7, 160, 0, 19, 8, 19834 }, // U+201C
    { 9, 7, 160, 0, 19, 8, 19842 }, // U+201D
    { 8, 7, 160, 1, 3, 7, 19850 }, // U+201E
    { 9, 7, 160, 0, 19, 8, 19857 }, // U+201F
    { 7, 20, 230, 3, 19, 18, 19865 }, // U+2020
    { 7, 20, 230, 3, 19, 18, 19883 }, // U+2021
    { 8, 9, 184, 1, 12, 9, 19901 }, // U+2022
    { 8, 10, 200, 3, 13, 10, 19910 }, // U+2023
    { 5, 4, 104, 0, 3, 3, 19920 }, // U+2024
    { 5, 4, 104, 0, 3, 3, 19923 }, // U+2025
    { 17, 4, 308, 0, 3, 9, 19926 }, // U+2026
    { 5, 4, 104, 0, 10, 3, 19935 }, // U+2027
    { 0, 0, 52, 0, 0, 0, 19938 }, // U+202F
    { 24, 20, 508, 1, 19, 60, 19938 }, // U+2030
    { 6, 8, 116, 0, 19, 6, 19998 }, // U+2032
    { 9, 8, 164, 0, 19, 9, 20004 }, // U+2033
    { 12, 8, 212, 0, 19, 12, 20013 }, // U+2034
    { 5, 8, 104, -1, 19, 5, 20025 }, // U+2035
    { 5, 10, 124, 1, 13, 7, 20030 }, // U+2039
    { 5, 10, 124, 1, 13, 7, 20037 }, // U+203A
    { 10, 3, 216, 1, 9, 4, 20044 }, // U+2043
    { 10, 16, 136, 1, 14, 20, 20048 }, // U+2044
    { 8, 9, 184, 1, 12, 9, 20068 }, // U+204C
    { 8, 9, 184, 1, 12, 9, 20077 }, // U+204D
    { 7, 19, 136, 0, 18, 17, 20086 }, // U+204F
    { 8, 9, 184, 1, 12, 9, 20103 }, // U+2055
    { 10, 14, 182, 0, 20, 18, 20112 }, // U+2070
    { 9, 12, 176, 0, 19, 14, 20130 }, // U+2074
    { 10, 12, 175, -1, 19, 15, 20144 }, // U+2075
    { 9, 12, 178, 0, 19, 14, 20159 }, // U+2076
    { 8, 12, 170, 1, 19, 12, 20173 }, // U+2077
    { 10, 12, 179, 0, 19, 15, 20185 }, // U+2078
    { 9, 12, 170, 0, 19, 14, 20200 }, // U+2079
    { 7, 7, 160, 1, 15, 7, 20214 }, // U+207A
    { 7, 3, 160, 1, 13, 3, 20221 }, // U+207B
    { 10, 14, 182, 0, 10, 18, 20224 }, // U+2080
    { 5, 12, 122, 1, 9, 8, 20242 }, // U+2081
    { 9, 12, 172, 1, 9, 14, 20250 }, // U+2082
    { 10, 12, 177, 0, 9, 15, 20264 }, // U+2083
    { 9, 12, 176, 0, 9, 14, 20279 }, // U+2084
    { 10, 12, 175, -1, 9, 15, 20293 }, // U+2085
    { 9, 12, 178, 0, 9, 14, 20308 }, // U+2086
    { 8, 12, 170, 1, 9, 12, 20322 }, // U+2087
    { 10, 12, 179, 0, 9, 15, 20334 }, // U+2088
    { 9, 12, 170, 0, 9, 14, 20349 }, // U+2089
    { 7, 7, 160, 1, 5, 7, 20363 }, // U+208A
    { 7, 3, 160, 1, 3, 3, 20370 }, // U+208B
    { 31, 20, 522, 1, 19, 78, 20373 }, // U+20A9
    { 19, 15, 346, 1, 15, 36, 20451 }, // U+20AA
    { 20, 20, 330, 0, 19, 50, 20487 }, // U+20AC
    { 18, 20, 303, 0, 19, 45, 20537 }, // U+20B1
    { 15, 20, 258, 0, 19, 38, 20582 }, // U+20B4
    { 17, 20, 317, 1, 19, 43, 20620 }, // U+20B8
    { 20, 19, 323, 0, 18, 48, 20663 }, // U+20B9
    { 17, 20, 295, 0, 19, 43, 20711 }, // U+20BA
    { 18, 20, 303, 0, 19, 45, 20754 }, // U+20BD
    { 18, 25, 303, 0, 21, 57, 20799 }, // U+20BF
    { 14, 6, 248, -2, 10, 11, 20856 }, // U+2190
    { 7, 19, 236, 3, 19, 17, 20867 }, // U+2191
    { 14, 6, 248, 1, 10, 11, 20884 }, // U+2192
    { 7, 19, 236, 3, 15, 17, 20895 }, // U+2193
    { 15, 6, 240, -1, 10, 12, 20912 }, // U+2194
    { 7, 25, 236, 3, 20, 22, 20924 }, // U+2195
    { 13, 14, 256, 1, 14, 23, 20946 }, // U+2196
    { 13, 14, 256, 1, 14, 23, 20969 }, // U+2197
    { 13, 14, 256, 1, 14, 23, 20992 }, // U+2198
    { 13, 14, 256, 1, 14, 23, 21015 }, // U+2199
    { 14, 9, 256, 0, 12, 16, 21038 }, // U+21D0
    { 9, 14, 256, 3, 15, 16, 21054 }, // U+21D1
    { 14, 9, 256, 1, 12, 16, 21070 }, // U+21D2
    { 9, 14, 256, 3, 14, 16, 21086 }, // U+21D3
    { 17, 9, 256, -1, 12, 20, 21102 }, // U+21D4
    { 22, 19, 372, 0, 18, 53, 21122 }, // U+2200
    { 16, 19, 292, 1, 18, 38, 21175 }, // U+2203
    { 12, 13, 248, 1, 14, 20, 21213 }, // U+2205
    { 15, 14, 256, 0, 15, 27, 21233 }, // U+2206
    { 15, 14, 256, 0, 14, 27, 21260 }, // U+2207
    { 18, 19, 298, 0, 18, 43, 21287 }, // U+2208
    { 11, 3, 240, 1, 9, 5, 21330 }, // U+2212
    { 8, 12, 216, 2, 13, 12, 21335 }, // U+2213
    { 11, 10, 188, 0, 21, 14, 21347 }, // U+2217
    { 8, 7, 176, 1, 11, 7, 21361 }, // U+2218
    { 8, 9, 184, 1, 12, 9, 21368 }, // U+2219
    { 15, 13, 256, 0, 16, 25, 21377 }, // U+221A
    { 16, 10, 264, 0, 12, 20, 21402 }, // U+221E
    { 12, 14, 232, 1, 15, 21, 21422 }, // U+2220
    { 7, 14, 228, 3, 15, 13, 21443 }, // U+2225
    { 14, 14, 248, 0, 15, 25, 21456 }, // U+2227
    { 14, 14, 248, 0, 15, 25, 21481 }, // U+2228
    { 11, 12, 256, 2, 13, 17, 21506 }, // U+2234
    { 11, 12, 256, 2, 13, 17, 21523 }, // U+2235
    { 7, 8, 171, 1, 12, 7, 21540 }, // U+2248
    { 9, 12, 171, 0, 12, 14, 21547 }, // U+2260
    { 10, 9, 248, 2, 12, 12, 21561 }, // U+2261
    { 13, 15, 236, 0, 13, 25, 21573 }, // U+2264
    { 13, 15, 236, 0, 13, 25, 21598 }, // U+2265
    { 11, 14, 244, 2, 15, 20, 21623 }, // U+22A5
    { 4, 4, 104, 1, 9, 2, 21643 }, // U+22C5
    { 25, 21, 410, 0, 12, 66, 21645 }, // U+FB56
    { 31, 19, 457, 0, 10, 74, 21711 }, // U+FB57
    { 8, 21, 144, 0, 12, 21, 21785 }, // U+FB58
    { 13, 18, 164, 0, 9, 30, 21806 }, // U+FB59
    { 25, 19, 410, 0, 18, 60, 21836 }, // U+FB66
    { 31, 19, 457, 0, 18, 74, 21896 }, // U+FB67
    { 8, 22, 127, 0, 21, 22, 21970 }, // U+FB68
    { 13, 19, 164, 0, 18, 31, 21992 }, // U+FB69
    { 17, 23, 275, 0, 13, 49, 22023 }, // U+FB7A
    { 21, 23, 304, 0, 13, 61, 22072 }, // U+FB7B
    { 16, 20, 252, 0, 11, 40, 22133 }, // U+FB7C
    { 19, 20, 262, 0, 11, 48, 22173 }, // U+FB7D
    { 12, 23, 207, 0, 22, 35, 22221 }, // U+FB88
    { 17, 23, 228, 0, 22, 49, 22256 }, // U+FB89
    { 11, 26, 164, -1, 20, 36, 22305 }, // U+FB8A
    { 15, 26, 180, -1, 20, 49, 22341 }, // U+FB8B
    { 11, 26, 164, -1, 20, 36, 22390 }, // U+FB8C
    { 15, 26, 180, -1, 20, 49, 22426 }, // U+FB8D
    { 23, 19, 364, 0, 18, 55, 22475 }, // U+FB8E
    { 26, 19, 381, 0, 18, 62, 22530 }, // U+FB8F
    { 12, 19, 182, 0, 18, 29, 22592 }, // U+FB90
    { 15, 19, 203, 0, 18, 36, 22621 }, // U+FB91
    { 23, 23, 364, 0, 22, 67, 22657 }, // U+FB92
    { 26, 23, 381, 0, 22, 75, 22724 }, // U+FB93
    { 13, 23, 182, -1, 22, 38, 22799 }, // U+FB94
    { 16, 23, 203, -1, 22, 46, 22837 }, // U+FB95
    { 18, 16, 296, 0, 10, 36, 22883 }, // U+FB9E
    { 23, 15, 322, 0, 9, 44, 22919 }, // U+FB9F
    { 11, 15, 188, 0, 14, 21, 22963 }, // U+FBA6
    { 17, 11, 234, 0, 10, 24, 22984 }, // U+FBA7
    { 7, 17, 127, 0, 12, 15, 23008 }, // U+FBA8
    { 15, 13, 206, 0, 6, 25, 23023 }, // U+FBA9
    { 19, 15, 308, 0, 14, 36, 23048 }, // U+FBAA
    { 20, 18, 274, 0, 12, 45, 23084 }, // U+FBAB
    { 16, 15, 256, 0, 14, 30, 23129 }, // U+FBAC
    { 17, 18, 228, 0, 12, 39, 23159 }, // U+FBAD
    { 23, 14, 377, 0, 13, 41, 23198 }, // U+FBAE
    { 17, 12, 224, 0, 4, 26, 23239 }, // U+FBAF
    { 23, 21, 377, 0, 20, 61, 23265 }, // U+FBB0
    { 17, 19, 224, 0, 11, 41, 23326 }, // U+FBB1
    { 21, 18, 328, 0, 12, 48, 23367 }, // U+FBFC
    { 22, 13, 320, 0, 7, 36, 23415 }, // U+FBFD
    { 8, 18, 144, 0, 12, 18, 23451 }, // U+FBFE
    { 13, 15, 164, 0, 9, 25, 23469 }, // U+FBFF
    { 11, 13, 188, 0, 11, 18, 23494 }, // U+FE80
    { 10, 23, 108, -2, 23, 29, 23512 }, // U+FE81
    { 12, 25, 127, -2, 24, 38, 23541 }, // U+FE82
    { 6, 25, 108, 0, 25, 19, 23579 }, // U+FE83
    { 10, 27, 127, 0, 26, 34, 23598 }, // U+FE84
    { 12, 24, 199, 0, 18, 36, 23632 }, // U+FE85
    { 16, 24, 210, 0, 18, 48, 23668 }, // U+FE86
    { 6, 27, 109, 1, 19, 21, 23716 }, // U+FE87
    { 9, 27, 127, 1, 19, 31, 23737 }, // U+FE88
    { 21, 19, 328, 0, 13, 50, 23768 }, // U+FE89
    { 22, 19, 320, 0, 13, 53, 23818 }, // U+FE8A
    { 7, 21, 127, 0, 20, 19, 23871 }, // U+FE8B
    { 12, 18, 154, 0, 17, 27, 23890 }, // U+FE8C
    { 5, 19, 109, 1, 19, 12, 23917 }, // U+FE8D
    { 9, 20, 127, 1, 19, 23, 23929 }, // U+FE8E
    { 25, 19, 410, 0, 12, 60, 23952 }, // U+FE8F
    { 31, 17, 457, 0, 10, 66, 24012 }, // U+FE90
    { 7, 18, 127, 0, 12, 16, 24078 }, // U+FE91
    { 12, 15, 154, 0, 9, 23, 24094 }, // U+FE92
    { 11, 21, 188, 0, 20, 29, 24117 }, // U+FE93
    { 16, 23, 222, 0, 22, 46, 24146 }, // U+FE94
    { 25, 16, 410, 0, 15, 50, 24192 }, // U+FE95
    { 31, 16, 457, 0, 15, 62, 24242 }, // U+FE96
    { 9, 19, 127, -1, 18, 22, 24304 }, // U+FE97
    { 13, 16, 164, 0, 15, 26, 24326 }, // U+FE98
    { 25, 19, 410, 0, 18, 60, 24352 }, // U+FE99
    { 31, 19, 457, 0, 18, 74, 24412 }, // U+FE9A
    { 8, 22, 127, 0, 21, 22, 24486 }, // U+FE9B
    { 13, 19, 164, 0, 18, 31, 24508 }, // U+FE9C
    { 17, 23, 275, 0, 13, 49, 24539 }, // U+FE9D
    { 21, 23, 296, 0, 13, 61, 24588 }, // U+FE9E
    { 16, 17, 252, 0, 11, 34, 24649 }, // U+FE9F
    { 19, 17, 262, 0, 11, 41, 24683 }, // U+FEA0
    { 17, 23, 275, 0, 13, 49, 24724 }, // U+FEA1
    { 21, 23, 296, 0, 13, 61, 24773 }, // U+FEA2
    { 16, 12, 252, 0, 11, 24, 24834 }, // U+FEA3
    { 19, 12, 262, 0, 11, 29, 24858 }, // U+FEA4
    { 17, 29, 275, 0, 19, 62, 24887 }, // U+FEA5
    { 21, 29, 296, 0, 19, 77, 24949 }, // U+FEA6
    { 16, 19, 252, 0, 18, 38, 25026 }, // U+FEA7
    { 19, 19, 262, 0, 18, 46, 25064 }, // U+FEA8
    { 12, 14, 207, 0, 13, 21, 25110 }, // U+FEA9
    { 17, 14, 228, 0, 13, 30, 25131 }, // U+FEAA
    { 12, 20, 207, 0, 19, 30, 25161 }, // U+FEAB
    { 17, 20, 228, 0, 19, 43, 25191 }, // U+FEAC
    { 10, 16, 164, -1, 10, 20, 25234 }, // U+FEAD
    { 15, 16, 180, -1, 10, 30, 25254 }, // U+FEAE
    { 10, 23, 164, -1, 17, 29, 25284 }, // U+FEAF
    { 15, 23, 180, -1, 17, 44, 25313 }, // U+FEB0
    { 33, 18, 548, 0, 12, 75, 25357 }, // U+FEB1
    { 38, 17, 576, 0, 11, 81, 25432 }, // U+FEB2
    { 23, 13, 380, 0, 12, 38, 25513 }, // U+FEB3
    { 28, 12, 408, 0, 11, 42, 25551 }, // U+FEB4
    { 33, 25, 548, 0, 19, 104, 25593 }, // U+FEB5
    { 38, 25, 576, 0, 19, 119, 25697 }, // U+FEB6
    { 23, 20, 380, 0, 19, 58, 25816 }, // U+FEB7
    { 28, 20, 408, 0, 19, 70, 25874 }, // U+FEB8
    { 35, 17, 569, 0, 11, 75, 25944 }, // U+FEB9
    { 39, 17, 577, 0, 11, 83, 26019 }, // U+FEBA
    { 24, 12, 390, 0, 11, 36, 26102 }, // U+FEBB
    { 28, 12, 402, 0, 11, 42, 26138 }, // U+FEBC
    { 35, 24, 569, 0, 18, 105, 26180 }, // U+FEBD
    { 39, 24, 577, 0, 18, 117, 26285 }, // U+FEBE
    { 24, 19, 390, 0, 18, 57, 26402 }, // U+FEBF
    { 28, 19, 402, 0, 18, 67, 26459 }, // U+FEC0
    { 21, 20, 338, 0, 19, 53, 26526 }, // U+FEC1
    { 24, 20, 344, 0, 19, 60, 26579 }, // U+FEC2
    { 18, 20, 295, 0, 19, 45, 26639 }, // U+FEC3
    { 22, 20, 305, 0, 19, 55, 26684 }, // U+FEC4
    { 21, 20, 338, 0, 19, 53, 26739 }, // U+FEC5
    { 24, 20, 344, 0, 19, 60, 26792 }, // U+FEC6
    { 18, 20, 295, 0, 19, 45, 26852 }, // U+FEC7
    { 22, 20, 305, 0, 19, 55, 26897 }, // U+FEC8
    { 17, 24, 228, 0, 14, 51, 26952 }, // U+FEC9
    { 17, 22, 228, 0, 12, 47, 27003 }, // U+FECA
    { 13, 14, 223, 0, 13, 23, 27050 }, // U+FECB
    { 17, 13, 221, -1, 12, 28, 27073 }, // U+FECC
    { 17, 31, 228, 0, 21, 66, 27101 }, // U+FECD
    { 17, 28, 228, 0, 18, 60, 27167 }, // U+FECE
    { 13, 20, 223, 0, 19, 33, 27227 }, // U+FECF
    { 17, 19, 221, -1, 18, 41, 27260 }, // U+FED0
    { 25, 22, 410, 0, 21, 69, 27301 }, // U+FED1
    { 30, 20, 446, 0, 19, 75, 27370 }, // U+FED2
    { 12, 22, 202, 0, 21, 33, 27445 }, // U+FED3
    { 16, 20, 212, 0, 19, 40, 27478 }, // U+FED4
    { 20, 23, 333, 0, 18, 58, 27518 }, // U+FED5
    { 24, 23, 342, 0, 16, 69, 27576 }, // U+FED6
    { 12, 22, 202, 0, 21, 33, 27645 }, // U+FED7
    { 16, 20, 212, 0, 19, 40, 27678 }, // U+FED8
    { 23, 20, 372, 0, 19, 58, 27718 }, // U+FED9
    { 27, 20, 390, 0, 19, 68, 27776 }, // U+FEDA
    { 12, 19, 182, 0, 18, 29, 27844 }, // U+FEDB
    { 15, 19, 203, 0, 18, 36, 27873 }, // U+FEDC
    { 18, 25, 296, 0, 19, 57, 27909 }, // U+FEDD
    { 22, 25, 316, 0, 19, 69, 27966 }, // U+FEDE
    { 7, 20, 119, 0, 19, 18, 28035 }, // U+FEDF
    { 11, 20, 138, 0, 19, 28, 28053 }, // U+FEE0
    { 13, 22, 219, 0, 12, 36, 28081 }, // U+FEE1
    { 19, 21, 264, 0, 11, 50, 28117 }, // U+FEE2
    { 14, 12, 233, 0, 11, 21, 28167 }, // U+FEE3
    { 18, 12, 250, 0, 11, 27, 28188 }, // U+FEE4
    { 18, 21, 296, 0, 15, 48, 28215 }, // U+FEE5
    { 23, 21, 322, 0, 15, 61, 28263 }, // U+FEE6
    { 7, 19, 127, 0, 18, 17, 28324 }, // U+FEE7
    { 12, 17, 154, 0, 16, 26, 28341 }, // U+FEE8
    { 11, 15, 188, 0, 14, 21, 28367 }, // U+FEE9
    { 16, 16, 222, 0, 15, 32, 28388 }, // U+FEEA
    { 16, 15, 256, 0, 14, 30, 28420 }, // U+FEEB
    { 17, 18, 228, 0, 12, 39, 28450 }, // U+FEEC
    { 12, 17, 199, 0, 11, 26, 28489 }, // U+FEED
    { 16, 17, 210, 0, 11, 34, 28515 }, // U+FEEE
    { 21, 18, 328, 0, 12, 48, 28549 }, // U+FEEF
    { 22, 13, 320, 0, 7, 36, 28597 }, // U+FEF0
    { 21, 24, 328, 0, 12, 63, 28633 }, // U+FEF1
    { 22, 19, 320, 0, 7, 53, 28696 }, // U+FEF2
    { 8, 18, 144, 0, 12, 18, 28749 }, // U+FEF3
    { 13, 15, 164, 0, 9, 25, 28767 }, // U+FEF4
    { 17, 21, 253, -2, 21, 45, 28792 }, // U+FEF5
    { 20, 22, 272, 0, 21, 55, 28837 }, // U+FEF6
    { 15, 23, 253, 0, 23, 44, 28892 }, // U+FEF7
    { 19, 24, 272, 1, 23, 57, 28936 }, // U+FEF8
    { 14, 27, 253, 1, 19, 48, 28993 }, // U+FEF9
    { 19, 27, 272, 1, 19, 65, 29041 }, // U+FEFA
    { 14, 19, 253, 1, 19, 34, 29106 }, // U+FEFB
    { 19, 20, 272, 1, 19, 48, 29140 }, // U+FEFC
};

static const EpdUnicodeInterval edslab_ui_12_boldIntervals[] = {
    { 0x0, 0x0, 0x0 },
    { 0xD, 0xD, 0x1 },
    { 0x20, 0x7E, 0x2 },
    { 0xA0, 0x137, 0x61 },
    { 0x139, 0x17E, 0xF9 },
    { 0x1CD, 0x1CE, 0x13F },
    { 0x20A, 0x20B, 0x141 },
    { 0x218, 0x21B, 0x143 },
    { 0x300, 0x304, 0x147 },
    { 0x306, 0x308, 0x14C },
    { 0x30A, 0x30C, 0x14F },
    { 0x312, 0x315, 0x152 },
    { 0x326, 0x328, 0x156 },
    { 0x341, 0x341, 0x159 },
    { 0x343, 0x343, 0x15A },
    { 0x34F, 0x34F, 0x15B },
    { 0x401, 0x401, 0x15C },
    { 0x404, 0x404, 0x15D },
    { 0x406, 0x407, 0x15E },
    { 0x410, 0x44F, 0x160 },
    { 0x451, 0x451, 0x1A0 },
    { 0x454, 0x454, 0x1A1 },
    { 0x456, 0x457, 0x1A2 },
    { 0x490, 0x491, 0x1A4 },
    { 0x5D0, 0x5EA, 0x1A6 },
    { 0x60C, 0x60C, 0x1C1 },
    { 0x61B, 0x61B, 0x1C2 },
    { 0x61F, 0x61F, 0x1C3 },
    { 0x621, 0x621, 0x1C4 },
    { 0x640, 0x640, 0x1C5 },
    { 0x654, 0x654, 0x1C6 },
    { 0x660, 0x669, 0x1C7 },
    { 0x6BA, 0x6BA, 0x1D1 },
    { 0x6D4, 0x6D5, 0x1D2 },
    { 0x6F0, 0x6F9, 0x1D4 },
    { 0x1EA0, 0x1EF9, 0x1DE },
    { 0x2002, 0x2003, 0x238 },
    { 0x2009, 0x2009, 0x23A },
    { 0x200B, 0x2016, 0x23B },
    { 0x2018, 0x2027, 0x247 },
    { 0x202F, 0x2030, 0x257 },
    { 0x2032, 0x2035, 0x259 },
    { 0x2039, 0x203A, 0x25D },
    { 0x2043, 0x2044, 0x25F },
    { 0x204C, 0x204D, 0x261 },
    { 0x204F, 0x204F, 0x263 },
    { 0x2055, 0x2055, 0x264 },
    { 0x2070, 0x2070, 0x265 },
    { 0x2074, 0x207B, 0x266 },
    { 0x2080, 0x208B, 0x26E },
    { 0x20A9, 0x20AA, 0x27A },
    { 0x20AC, 0x20AC, 0x27C },
    { 0x20B1, 0x20B1, 0x27D },
    { 0x20B4, 0x20B4, 0x27E },
    { 0x20B8, 0x20BA, 0x27F },
    { 0x20BD, 0x20BD, 0x282 },
    { 0x20BF, 0x20BF, 0x283 },
    { 0x2190, 0x2199, 0x284 },
    { 0x21D0, 0x21D4, 0x28E },
    { 0x2200, 0x2200, 0x293 },
    { 0x2203, 0x2203, 0x294 },
    { 0x2205, 0x2208, 0x295 },
    { 0x2212, 0x2213, 0x299 },
    { 0x2217, 0x221A, 0x29B },
    { 0x221E, 0x221E, 0x29F },
    { 0x2220, 0x2220, 0x2A0 },
    { 0x2225, 0x2225, 0x2A1 },
    { 0x2227, 0x2228, 0x2A2 },
    { 0x2234, 0x2235, 0x2A4 },
    { 0x2248, 0x2248, 0x2A6 },
    { 0x2260, 0x2261, 0x2A7 },
    { 0x2264, 0x2265, 0x2A9 },
    { 0x22A5, 0x22A5, 0x2AB },
    { 0x22C5, 0x22C5, 0x2AC },
    { 0xFB56, 0xFB59, 0x2AD },
    { 0xFB66, 0xFB69, 0x2B1 },
    { 0xFB7A, 0xFB7D, 0x2B5 },
    { 0xFB88, 0xFB95, 0x2B9 },
    { 0xFB9E, 0xFB9F, 0x2C7 },
    { 0xFBA6, 0xFBB1, 0x2C9 },
    { 0xFBFC, 0xFBFF, 0x2D5 },
    { 0xFE80, 0xFEFC, 0x2D9 },
};

static const uint16_t edslab_ui_12_boldKernLeftCodepoints[] = {
    0x0020, 0x0022, 0x002D, 0x0030, 0x0031, 0x0032, 0x0033, 0x0034, 0x0035, 0x0036, 0x0037, 0x0038,
    0x0039, 0x0041, 0x0042, 0x0043, 0x0044, 0x0045, 0x0046, 0x0047, 0x0048, 0x0049, 0x004A, 0x004B,
    0x004C, 0x004D, 0x004E, 0x004F, 0x0050, 0x0051, 0x0052, 0x0053, 0x0054, 0x0055, 0x0056, 0x0057,
    0x0059, 0x005A, 0x0061, 0x0062, 0x0063, 0x0064, 0x0065, 0x0066, 0x0067, 0x0068, 0x0069, 0x006A,
    0x006B, 0x006C, 0x006D, 0x006E, 0x006F, 0x0070, 0x0071, 0x0072, 0x0073, 0x0074, 0x0075, 0x0076,
    0x0077, 0x0079, 0x007A, 0x0401, 0x0410, 0x0411, 0x0412, 0x0413, 0x0414, 0x0415, 0x0416, 0x0417,
    0x0418, 0x0419, 0x041A, 0x041B, 0x041C, 0x041D, 0x041E, 0x041F, 0x0420, 0x0421, 0x0422, 0x0423,
    0x0424, 0x0425, 0x0426, 0x0427, 0x0428, 0x0429, 0x042A, 0x042B, 0x042C, 0x042D, 0x042E, 0x042F,
    0x0430, 0x0431, 0x0432, 0x0433, 0x0434, 0x0435, 0x0436, 0x0437, 0x0438, 0x0439, 0x043A, 0x043B,
    0x043C, 0x043D, 0x043E, 0x043F, 0x0440, 0x0441, 0x0442, 0x0443, 0x0444, 0x0445, 0x0446, 0x0447,
    0x0448, 0x0449, 0x044A, 0x044B, 0x044C, 0x044D, 0x044E, 0x044F, 0x0451, 0x05D0, 0x05D1, 0x05D2,
    0x05D3, 0x05D5, 0x05D6, 0x05D8, 0x05D9, 0x05DB, 0x05DC, 0x05DE, 0x05E0, 0x05E1, 0x05E2, 0x05E4,
    0x05E6, 0x05E8, 0x05E9, 0x05EA, 0xFB8C, 0xFEAD, 0xFEAE, 0xFEAF,
};

static const uint8_t edslab_ui_12_boldKernLeftClassIds[] = {
      1,   2,   3,   4,   5,   6,   7,   8,   9,  10,  11,  12,  13,  14,  15,  16,
     17,  18,  19,  20,  21,  22,  23,  24,  25,  26,  27,  28,  29,  30,  31,  32,
     33,  34,  35,  36,  37,  38,  39,  40,  41,  42,  43,  44,  45,  46,  47,  48,
     49,  50,  51,  52,  53,  54,  55,  56,  57,  58,  59,  60,  61,  62,  63,  64,
     65,  66,  67,  68,  69,  70,  71,  72,  73,  74,  75,  76,  77,  78,  79,  80,
     81,  82,  83,  84,  85,  86,  87,  88,  89,  90,  91,  92,  93,  94,  95,  96,
     97,  98,  99, 100, 101, 102, 103, 104, 105, 106, 107, 108, 109, 110, 111, 112,
    113, 114, 115, 116, 117, 118, 119, 120, 121, 122, 123, 124, 125, 126, 127, 128,
    129, 130, 131, 132, 133, 134, 135, 136, 137, 138, 139, 140, 141, 142, 143, 144,
    145, 146, 147, 148, 149, 149, 149, 149,
};

static const uint16_t edslab_ui_12_boldKernRightCodepoints[] = {
    0x0022, 0x002D, 0x0030, 0x0031, 0x0032, 0x0033, 0x0034, 0x0035, 0x0036, 0x0037, 0x0038, 0x0039,
    0x0041, 0x0042, 0x0043, 0x0044, 0x0045, 0x0046, 0x0047, 0x0048, 0x0049, 0x004A, 0x004B, 0x004C,
    0x004D, 0x004E, 0x004F, 0x0050, 0x0051, 0x0052, 0x0053, 0x0054, 0x0055, 0x0056, 0x0057, 0x0059,
    0x005A, 0x0061, 0x0062, 0x0063, 0x0064, 0x0065, 0x0066, 0x0067, 0x0068, 0x0069, 0x006A, 0x006B,
    0x006C, 0x006D, 0x006E, 0x006F, 0x0070, 0x0071, 0x0072, 0x0073, 0x0074, 0x0075, 0x0076, 0x0077,
    0x0079, 0x007A, 0x0401, 0x0410, 0x0411, 0x0412, 0x0413, 0x0414, 0x0415, 0x0416, 0x0417, 0x0418,
    0x0419, 0x041A, 0x041B, 0x041C, 0x041D, 0x041E, 0x041F, 0x0420, 0x0421, 0x0422, 0x0423, 0x0424,
    0x0425, 0x0426, 0x0427, 0x0428, 0x0429, 0x042A, 0x042B, 0x042C, 0x042D, 0x042E, 0x042F, 0x0430,
    0x0431, 0x0432, 0x0433, 0x0434, 0x0435, 0x0436, 0x0437, 0x0438, 0x0439, 0x043A, 0x043B, 0x043C,
    0x043D, 0x043E, 0x043F, 0x0440, 0x0441, 0x0442, 0x0443, 0x0444, 0x0445, 0x0446, 0x0447, 0x0448,
    0x0449, 0x044A, 0x044B, 0x044C, 0x044D, 0x044E, 0x044F, 0x0451, 0x05D0, 0x05D1, 0x05D2, 0x05D3,
    0x05D4, 0x05D6, 0x05D7, 0x05D8, 0x05D9, 0x05DA, 0x05DB, 0x05DC, 0x05DD, 0x05DE, 0x05E1, 0x05E2,
    0x05E3, 0x05E4, 0x05E5, 0x05E7, 0x05E8, 0x05E9, 0x05EA, 0x06D5, 0x2025, 0xFB8E, 0xFBA6, 0xFBAA,
    0xFE8D, 0xFEA3, 0xFEA9, 0xFEB1, 0xFEB3, 0xFEB9, 0xFEBB, 0xFEC1, 0xFEC3, 0xFEC9, 0xFECB, 0xFECD,
    0xFEDB, 0xFEDF, 0xFEE1, 0xFEE3, 0xFEEB,
};

static const uint8_t edslab_ui_12_boldKernRightClassIds[] = {
      1,   2,   3,   4,   5,   6,   7,   8,   9,  10,  11,  12,  13,  14,  15,  16,
     17,  18,  19,  20,  21,  22,  23,  24,  25,  26,  27,  28,  29,  30,  31,  32,
     33,  34,  35,  36,  37,  38,  39,  40,  41,  42,  43,  44,  45,  46,  47,  48,
     49,  50,  51,  52,  53,  54,  55,  56,  57,  58,  59,  60,  61,  62,  63,  64,
     65,  66,  67,  68,  69,  70,  71,  72,  73,  74,  75,  76,  77,  78,  79,  80,
     81,  82,  83,  84,  85,  86,  87,  88,  89,  90,  91,  92,  93,  94,  95,  96,
     97,  98,  99, 100, 101, 102, 103, 104, 105, 106, 107, 108, 109, 110, 111, 112,
    113, 114, 115, 116, 117, 118, 119, 120, 121, 122, 123, 124, 125, 126, 127, 128,
    129, 130, 131, 132, 133, 134, 135, 136, 137, 138, 139, 140, 141, 142, 143, 144,
    145, 146, 147, 148, 149, 150, 151, 152, 153, 152, 152, 152, 154, 152, 155, 155,
    155, 155, 155, 155, 155, 156, 154, 156, 152, 154, 152, 152, 152,
};

static const uint16_t edslab_ui_12_boldKernRowOffsets[] = {
        0,     1,    77,   192,   204,   216,   228,   238,   248,   257,   267,   279,   290,   300,   355,   403,
      451,   501,   531,   582,   625,   659,   699,   731,   782,   827,   869,   921,   969,  1018,  1072,  1114,
     1160,  1214,  1268,  1322,  1376,  1430,  1480,  1508,  1530,  1556,  1584,  1608,  1636,  1665,  1692,  1720,
     1744,  1773,  1801,  1827,  1854,  1880,  1906,  1929,  1954,  1977,  2001,  2029,  2057,  2085,  2113,  2135,
     2153,  2220,  2267,  2314,  2380,  2427,  2446,  2506,  2557,  2598,  2634,  2684,  2718,  2752,  2787,  2840,
     2876,  2920,  2978,  3032,  3098,  3146,  3199,  3248,  3298,  3333,  3376,  3432,  3465,  3515,  3565,  3614,
     3650,  3674,  3696,  3721,  3748,  3782,  3807,  3841,  3864,  3898,  3928,  3955,  3989,  4009,  4033,  4064,
     4091,  4121,  4150,  4185,  4220,  4250,  4277,  4310,  4343,  4377,  4411,  4443,  4471,  4500,  4528,  4559,
     4593,  4621,  4627,  4632,  4639,  4650,  4656,  4657,  4666,  4677,  4683,  4693,  4698,  4701,  4708,  4710,
     4717,  4724,  4734,  4741,  4751,  4755,
};

static const uint8_t edslab_ui_12_boldKernSparseCols[] = {
     81,   2,   4,   5,   6,   7,   8,  10,  12,  14,  18,  21,  26,  28,  30,  37,
     38,  39,  40,  41,  42,  43,  44,  45,  46,  47,  48,  49,  50,  51,  52,  53,
     54,  55,  60,  61,  63,  67,  69,  70,  74,  77,  80,  83,  92,  94,  95,  96,
     97,  98,  99, 100, 101, 102, 105, 106, 107, 108, 109, 110, 111, 112, 113, 114,
    115, 116, 117, 118, 119, 120, 121, 122, 123, 124, 125, 126, 127,   3,   4,   5,
      6,   7,   8,   9,  10,  12,  13,  14,  15,  16,  17,  18,  19,  20,  21,  22,
     23,  24,  25,  26,  27,  29,  30,  31,  32,  33,  34,  35,  36,  37,  38,  39,
     42,  44,  45,  46,  47,  48,  49,  50,  51,  52,  53,  54,  55,  56,  57,  58,
     59,  60,  61,  62,  63,  64,  65,  66,  67,  68,  70,  71,  72,  73,  74,  75,
     76,  78,  79,  80,  81,  82,  83,  84,  85,  86,  87,  88,  89,  90,  91,  92,
     93,  94,  96,  97,  98,  99, 100, 101, 102, 103, 105, 106, 107, 108, 109, 110,
    111, 112, 113, 114, 116, 117, 118, 119, 120, 121, 122, 123, 124, 125, 126, 127,
      0,   1,   2,   4,   5,   6,   7,   8,   9,  10,  11, 152,   0,   1,   2,   3,
      4,   5,   6,   7,   8,   9,  10,  11,   0,   1,   2,   3,   4,   5,   6,   7,
      8,   9,  10,  11,   1,   2,   3,   4,   5,   6,   7,   8,   9, 152,   0,   1,
      2,   3,   4,   5,   6,   7,   9,  10,   1,   4,   5,   6,   7,   9,  10,  11,
    152,   1,   2,   3,   4,   5,   7,   9,  10,  11, 152,   1,   2,   3,   4,   5,
      6,   7,   8,   9,  10,  11, 152,   0,   1,   2,   3,   4,   5,   7,   9,  10,
     11, 152,   1,   2,   4,   5,   6,   7,   8,   9,  10, 152,   0,   1,  12,  13,
     14,  15,  16,  17,  18,  19,  20,  21,  22,  23,  24,  25,  26,  27,  28,  29,
     30,  31,  32,  33,  34,  35,  36,  37,  38,  39,  40,  41,  42,  43,  44,  45,
     46,  47,  48,  49,  50,  51,  52,  53,  54,  55,  56,  57,  58,  59,  60,  61,
     84, 116, 152,   1,  12,  13,  14,  15,  16,  17,  19,  20,  21,  22,  23,  24,
     25,  26,  27,  28,  29,  31,  32,  33,  34,  35,  36,  37,  38,  39,  40,  41,
     42,  43,  44,  45,  46,  47,  48,  49,  50,  51,  52,  53,  54,  55,  56,  60,
     84, 116, 152,   0,   1,  12,  13,  14,  15,  16,  17,  18,  19,  22,  23,  24,
     25,  26,  27,  29,  30,  31,  32,  33,  34,  35,  36,  37,  38,  41,  42,  43,
     44,  45,  46,  47,  48,  49,  50,  51,  52,  54,  56,  57,  58,  59,  60,  61,
     84, 116, 152,   1,  12,  13,  14,  16,  17,  18,  19,  20,  21,  22,  23,  24,
     25,  26,  27,  28,  29,  30,  31,  32,  33,  34,  35,  36,  37,  38,  39,  40,
     41,  42,  43,  44,  45,  46,  47,  49,  50,  51,  52,  53,  55,  56,  57,  58,
     59,  60,  84, 116, 152,   1,  12,  14,  18,  23,  26,  28,  31,  32,  33,  34,
     35,  37,  38,  43,  45,  46,  47,  48,  50,  51,  52,  53,  55,  56,  57,  58,
     59,  60, 116,   1,  12,  13,  14,  15,  16,  17,  18,  19,  20,  21,  22,  25,
     26,  27,  28,  29,  31,  32,  33,  34,  35,  36,  37,  38,  39,  40,  41,  42,
     43,  44,  45,  46,  47,  48,  49,  50,  51,  52,  53,  54,  55,  56,  57,  58,
     59,  60,  61,  84, 116, 152,   0,   1,  12,  13,  14,  15,  16,  17,  18,  19,
     20,  21,  22,  23,  24,  25,  27,  29,  30,  31,  32,  33,  34,  35,  36,  38,
     42,  43,  44,  46,  47,  48,  49,  50,  52,  54,  55,  58,  60,  61,  84, 116,
    152,   1,  12,  14,  18,  21,  26,  28,  30,  31,  32,  33,  34,  35,  36,  37,
     38,  39,  40,  41,  49,  50,  51,  52,  53,  54,  55,  56,  57,  58,  59,  60,
     61,  84, 116,   1,  12,  14,  18,  21,  26,  28,  30,  31,  32,  33,  34,  35,
     37,  38,  39,  40,  41,  42,  43,  44,  45,  46,  47,  48,  49,  50,  51,  52,
     53,  54,  55,  56,  57,  58,  59,  60,  61,  84, 116,   0,   1,  12,  26,  28,
     30,  31,  33,  34,  35,  36,  37,  38,  40,  41,  42,  43,  44,  45,  46,  47,
     48,  49,  50,  54,  55,  57,  60,  61,  84, 116, 152,   1,  12,  14,  15,  17,
     18,  19,  20,  21,  22,  23,  24,  25,  26,  27,  28,  29,  30,  31,  32,  33,
     34,  35,  36,  37,  38,  39,  40,  41,  42,  43,  44,  45,  46,  47,  48,  49,
     50,  51,  52,  53,  54,  55,  56,  57,  58,  59,  60,  61,  84, 116,   0,   1,
     12,  13,  14,  15,  16,  18,  19,  21,  22,  24,  25,  26,  28,  29,  30,  31,
     32,  33,  34,  35,  36,  37,  38,  42,  43,  45,  46,  47,  48,  49,  50,  51,
     52,  54,  55,  56,  57,  58,  59,  60,  61,  84, 116,   1,  12,  14,  18,  21,
     26,  28,  30,  31,  32,  33,  34,  35,  36,  37,  38,  39,  40,  41,  42,  43,
     44,  45,  46,  47,  48,  49,  50,  51,  52,  53,  54,  55,  56,  57,  58,  59,
     60,  61,  84, 116, 152,   1,  12,  13,  14,  15,  16,  17,  18,  20,  21,  23,
     24,  25,  26,  27,  28,  29,  30,  31,  32,  33,  34,  35,  36,  37,  38,  39,
     40,  41,  42,  43,  44,  45,  46,  47,  48,  49,  50,  51,  52,  53,  54,  55,
     56,  57,  58,  59,  60,  61,  84, 116, 152,   0,   1,  12,  13,  14,  15,  16,
     17,  19,  20,  21,  22,  23,  24,  25,  26,  27,  28,  29,  30,  31,  32,  33,
     34,  35,  36,  37,  38,  42,  43,  44,  45,  46,  47,  48,  49,  50,  51,  52,
     54,  55,  58,  59,  60,  61,  84, 116, 152,   0,   1,  12,  13,  14,  15,  16,
     17,  18,  19,  20,  21,  22,  23,  24,  25,  26,  27,  28,  29,  30,  31,  32,
     33,  34,  35,  36,  37,  38,  39,  40,  41,  43,  44,  45,  46,  47,  48,  49,
     50,  51,  53,  55,  56,  60,  61,  84, 116, 152,   0,   1,  12,  13,  14,  15,
     16,  17,  18,  19,  20,  21,  22,  23,  24,  25,  26,  27,  28,  29,  30,  31,
     32,  33,  34,  35,  36,  37,  38,  39,  40,  41,  42,  43,  44,  45,  46,  47,
     48,  49,  50,  51,  52,  53,  54,  55,  56,  57,  58,  59,  60,  61,  84, 116,
      0,   1,  12,  13,  14,  15,  17,  18,  19,  20,  21,  22,  23,  26,  27,  28,
     29,  31,  32,  33,  34,  35,  36,  37,  46,  47,  48,  49,  50,  51,  52,  53,
     54,  55,  56,  57,  58,  59,  60,  61,  84, 116,   0,   1,  12,  13,  14,  15,
     16,  17,  19,  20,  22,  23,  24,  25,  26,  27,  29,  30,  31,  32,  33,  34,
     35,  36,  38,  40,  41,  42,  43,  44,  45,  46,  47,  48,  49,  50,  52,  54,
     56,  57,  58,  59,  60,  61,  84, 116,   1,  12,  13,  14,  15,  16,  17,  18,
     19,  20,  21,  22,  23,  24,  25,  26,  27,  28,  29,  30,  31,  32,  33,  34,
     35,  36,  37,  38,  39,  40,  41,  42,  43,  44,  45,  46,  47,  48,  49,  50,
     51,  52,  53,  54,  55,  56,  57,  58,  59,  60,  61,  84, 116, 152,   1,  12,
     13,  14,  15,  16,  17,  18,  19,  20,  21,  22,  23,  24,  25,  26,  27,  28,
     29,  30,  31,  32,  33,  34,  35,  36,  37,  38,  39,  40,  41,  42,  43,  44,
     45,  46,  47,  48,  49,  50,  51,  52,  53,  54,  55,  56,  57,  58,  59,  60,
     61,  84, 116, 152,   1,  12,  13,  14,  15,  16,  17,  18,  19,  20,  21,  22,
     23,  24,  25,  26,  27,  28,  29,  30,  31,  32,  33,  34,  35,  36,  37,  38,
     39,  40,  41,  42,  43,  44,  45,  46,  47,  48,  49,  50,  51,  52,  53,  54,
     55,  56,  57,  58,  59,  60,  61,  84, 116, 152,   1,  12,  13,  14,  15,  16,
     17,  18,  19,  20,  21,  22,  23,  24,  25,  26,  27,  28,  29,  30,  31,  32,
     33,  34,  35,  36,  37,  38,  39,  40,  41,  42,  43,  44,  45,  46,  47,  48,
     49,  50,  51,  52,  53,  54,  55,  56,  57,  58,  59,  60,  61,  84, 116, 152,
      1,  12,  13,  14,  15,  16,  17,  18,  19,  20,  21,  22,  23,  24,  25,  26,
     27,  28,  29,  30,  31,  32,  33,  34,  35,  36,  37,  38,  39,  40,  41,  42,
     43,  44,  45,  46,  47,  48,  49,  50,  51,  52,  53,  54,  55,  56,  57,  58,
     59,  60,  61,  84, 116, 152,  12,  13,  14,  15,  16,  17,  18,  19,  20,  21,
     22,  23,  24,  25,  26,  27,  28,  29,  30,  31,  32,  33,  34,  35,  36,  37,
     38,  39,  40,  42,  43,  44,  45,  46,  47,  48,  49,  50,  51,  52,  54,  55,
     56,  57,  58,  59,  60,  61,  84, 116,   0,   1,  37,  38,  39,  40,  41,  42,
     43,  44,  45,  46,  47,  48,  49,  50,  51,  52,  53,  54,  55,  56,  57,  58,
     59,  60,  61, 116,   1,  37,  38,  41,  42,  43,  44,  46,  47,  48,  49,  50,
     52,  54,  56,  57,  58,  59,  60,  61, 116, 152,   0,   1,  37,  38,  39,  40,
     42,  43,  44,  46,  47,  48,  49,  50,  51,  52,  53,  54,  55,  56,  57,  58,
     59,  60,  61, 116,   1,  37,  38,  39,  40,  41,  42,  43,  44,  45,  46,  47,
     48,  49,  50,  51,  52,  53,  54,  55,  56,  57,  58,  59,  60,  61, 116, 152,
      0,   1,  37,  38,  42,  43,  44,  45,  46,  47,  48,  49,  50,  51,  52,  54,
     55,  56,  57,  58,  59,  60,  61, 116,   0,   1,  37,  38,  39,  40,  41,  42,
     43,  44,  46,  47,  48,  49,  50,  51,  52,  53,  54,  55,  56,  57,  58,  59,
     60,  61, 116, 152,   0,   1,  37,  38,  39,  40,  41,  42,  43,  44,  45,  46,
     47,  48,  49,  50,  51,  52,  53,  54,  55,  56,  57,  58,  59,  60,  61, 116,
    152,   0,   1,  37,  38,  39,  40,  41,  42,  43,  44,  45,  46,  47,  48,  49,
     50,  51,  52,  53,  54,  56,  57,  58,  59,  60,  61, 116,   0,   1,  37,  38,
     39,  40,  41,  42,  43,  44,  45,  46,  47,  48,  49,  50,  51,  52,  53,  54,
     55,  56,  57,  58,  59,  60,  61, 116,   0,   1,  38,  39,  40,  41,  43,  44,
     46,  47,  48,  49,  50,  51,  52,  53,  54,  55,  56,  58,  59,  60,  61, 116,
      0,   1,  37,  38,  39,  40,  41,  42,  43,  44,  45,  46,  47,  48,  49,  50,
     51,  52,  53,  54,  55,  56,  57,  58,  59,  60,  61, 116, 152,   0,  37,  38,
     39,  40,  41,  42,  43,  44,  45,  46,  47,  48,  49,  50,  51,  52,  53,  54,
     55,  56,  57,  58,  59,  60,  61, 116, 152,   0,   1,  37,  38,  39,  40,  42,
     43,  44,  45,  46,  47,  48,  49,  50,  51,  52,  54,  55,  56,  57,  58,  59,
     60,  61, 116,   0,   1,  37,  38,  39,  40,  41,  42,  43,  44,  45,  46,  47,
     48,  49,  50,  51,  52,  53,  54,  56,  57,  58,  59,  60,  61, 116,   0,   1,
     38,  40,  41,  42,  43,  44,  46,  47,  48,  49,  50,  51,  52,  53,  54,  55,
     56,  57,  58,  59,  60,  61, 116, 152,   0,   1,  37,  38,  39,  40,  41,  42,
     43,  44,  46,  47,  48,  49,  50,  52,  53,  54,  56,  57,  58,  59,  60,  61,
    116, 152,   0,   1,  38,  42,  43,  44,  46,  47,  48,  49,  50,  51,  52,  53,
     54,  55,  56,  57,  58,  59,  60,  61, 116,   0,   1,  37,  38,  39,  40,  41,
     42,  43,  44,  46,  47,  48,  49,  50,  51,  52,  53,  54,  56,  59,  60,  61,
    116, 152,   0,  37,  38,  40,  42,  43,  44,  45,  46,  47,  48,  49,  50,  52,
     54,  55,  56,  57,  58,  59,  60,  61, 116,   0,  37,  38,  42,  43,  44,  45,
     46,  47,  48,  49,  50,  51,  52,  53,  54,  55,  56,  57,  58,  59,  60,  61,
    116,   0,   1,  37,  38,  39,  40,  41,  42,  43,  44,  45,  46,  47,  48,  49,
     50,  51,  52,  53,  54,  55,  56,  57,  58,  59,  60,  61, 116,   1,  37,  38,
     39,  40,  41,  42,  43,  44,  45,  46,  47,  48,  49,  50,  51,  52,  53,  54,
     55,  56,  57,  58,  59,  60,  61, 116, 152,   1,  37,  38,  39,  40,  41,  42,
     43,  44,  45,  46,  47,  48,  49,  50,  51,  52,  53,  54,  55,  56,  57,  58,
     59,  60,  61, 116, 152,   1,  37,  38,  39,  40,  41,  42,  43,  44,  45,  46,
     47,  48,  49,  50,  51,  52,  53,  54,  55,  56,  57,  58,  59,  60,  61, 116,
    152,   0,  37,  38,  39,  42,  43,  44,  46,  47,  48,  50,  51,  52,  53,  54,
     56,  57,  58,  59,  60,  61, 116,   1,  63,  67,  70,  74,  77,  80,  81,  82,
     83,  86,  89,  92,  99, 106, 114, 118, 126,   0,   1,  62,  63,  64,  65,  66,
     67,  68,  69,  70,  71,  72,  73,  74,  75,  76,  77,  78,  79,  80,  81,  82,
     83,  85,  86,  87,  88,  89,  90,  91,  92,  93,  94,  95,  96,  97,  98,  99,
    100, 101, 102, 103, 104, 105, 106, 107, 108, 109, 110, 111, 112, 113, 114, 115,
    117, 118, 119, 120, 121, 122, 123, 124, 125, 126, 127, 152,   1,  62,  63,  64,
     65,  66,  67,  68,  70,  71,  72,  73,  75,  76,  78,  79,  80,  81,  82,  83,
     85,  86,  87,  88,  89,  90,  91,  92,  93,  94,  96,  99, 100, 102, 109, 111,
    112, 113, 114, 115, 118, 121, 122, 124, 125, 126, 127,   1,  62,  63,  64,  65,
     66,  67,  68,  69,  70,  71,  72,  73,  75,  76,  77,  78,  79,  80,  81,  82,
     83,  85,  86,  87,  88,  89,  90,  91,  92,  93,  95,  96,  99, 100, 103, 104,
    109, 111, 112, 113, 114, 115, 118, 121, 124, 127,   1,  62,  63,  64,  65,  66,
     67,  68,  69,  70,  71,  72,  73,  74,  75,  76,  77,  78,  79,  80,  81,  82,
     83,  85,  86,  87,  88,  89,  90,  91,  92,  93,  94,  95,  96,  97,  98,  99,
    100, 101, 102, 103, 104, 105, 106, 107, 108, 109, 110, 111, 112, 113, 114, 115,
    117, 118, 119, 120, 121, 122, 123, 124, 125, 126, 127, 152,   1,  62,  63,  64,
     65,  66,  67,  68,  69,  70,  71,  72,  73,  74,  75,  76,  77,  78,  79,  80,
     81,  82,  83,  85,  86,  87,  88,  89,  90,  92,  93,  94,  99, 101, 102, 103,
    104, 106, 109, 111, 114, 118, 121, 122, 123, 125, 126,   1,  63,  67,  69,  70,
     74,  77,  80,  81,  82,  86,  89,  92,  94,  99, 106, 114, 118, 126,   1,  62,
     63,  64,  65,  66,  67,  68,  69,  70,  71,  72,  73,  74,  75,  76,  77,  78,
     79,  80,  81,  82,  83,  85,  86,  87,  88,  89,  90,  91,  92,  93,  94,  95,
     97,  98,  99, 101, 102, 103, 104, 105, 106, 107, 108, 110, 111, 113, 114, 117,
    118, 119, 120, 121, 122, 123, 124, 125, 126, 152,   0,  62,  63,  64,  65,  66,
     67,  68,  69,  70,  71,  72,  73,  74,  75,  76,  78,  79,  81,  82,  83,  85,
     86,  87,  88,  89,  90,  91,  93,  94,  95,  96,  99, 100, 101, 102, 105, 106,
    109, 111, 112, 114, 115, 118, 120, 122, 123, 124, 126, 127, 152,   1,  63,  67,
     69,  70,  71,  72,  74,  77,  80,  81,  82,  83,  86,  89,  92,  94,  95,  98,
     99, 100, 101, 102, 103, 104, 105, 106, 109, 110, 111, 112, 113, 114, 115, 117,
    118, 121, 124, 125, 126, 127,   1,  63,  67,  69,  70,  71,  72,  74,  77,  80,
     81,  82,  83,  86,  89,  92,  94,  95,  99, 100, 101, 106, 109, 110, 111, 112,
    113, 114, 115, 117, 118, 121, 124, 125, 126, 127,   1,  63,  67,  69,  70,  71,
     72,  74,  77,  80,  81,  82,  83,  86,  89,  92,  94,  95,  96,  97,  98,  99,
    100, 101, 102, 103, 104, 105, 106, 107, 108, 109, 110, 111, 112, 113, 114, 115,
    117, 118, 119, 120, 121, 122, 123, 124, 125, 126, 127, 152,   1,  63,  67,  69,
     70,  71,  72,  74,  77,  80,  81,  82,  83,  86,  89,  92,  94,  95,  99, 101,
    102, 103, 104, 106, 109, 111, 112, 113, 114, 115, 118, 121, 124, 126,   1,  63,
     67,  69,  70,  71,  72,  74,  77,  80,  81,  82,  83,  86,  89,  92,  94,  95,
     99, 101, 102, 103, 104, 106, 109, 111, 112, 113, 114, 115, 118, 121, 124, 126,
      1,  63,  67,  69,  70,  71,  72,  74,  77,  80,  81,  82,  83,  86,  89,  92,
     94,  95,  99, 100, 101, 102, 103, 104, 106, 109, 111, 112, 113, 114, 115, 118,
    121, 124, 126,   0,  62,  63,  64,  65,  66,  67,  68,  69,  70,  71,  72,  73,
     74,  75,  76,  77,  78,  79,  80,  81,  82,  83,  85,  86,  87,  88,  89,  90,
     91,  93,  94,  95,  96,  97,  98,  99, 100, 102, 103, 104, 105, 106, 108, 109,
    112, 118, 121, 122, 124, 126, 127, 152,   1,  63,  67,  69,  70,  71,  72,  74,
     77,  80,  81,  82,  83,  86,  89,  92,  94,  99, 100, 101, 102, 103, 104, 106,
    109, 111, 112, 113, 114, 115, 117, 118, 121, 124, 126, 127,   1,  63,  67,  68,
     69,  70,  71,  72,  74,  80,  82,  83,  85,  86,  89,  91,  92,  94,  95,  96,
     99, 100, 101, 102, 105, 106, 107, 108, 109, 110, 111, 112, 115, 117, 118, 119,
    120, 122, 123, 124, 125, 126, 127, 152,   0,  62,  63,  64,  65,  66,  67,  68,
     69,  70,  71,  72,  73,  74,  75,  76,  77,  78,  79,  80,  81,  82,  83,  85,
     86,  87,  88,  89,  90,  91,  92,  93,  94,  95,  96,  97,  98,  99, 101, 102,
    103, 104, 105, 106, 107, 108, 110, 111, 112, 114, 115, 117, 118, 121, 123, 124,
    125, 126,   1,  63,  65,  67,  68,  69,  70,  71,  72,  74,  77,  79,  80,  81,
     82,  83,  86,  89,  90,  92,  94,  95,  96,  97,  98,  99, 100, 101, 102, 103,
    104, 105, 106, 107, 108, 109, 110, 111, 112, 113, 114, 115, 117, 118, 119, 120,
    121, 122, 123, 124, 125, 126, 127, 152,   1,  62,  63,  64,  65,  66,  67,  68,
     69,  70,  71,  72,  73,  74,  75,  76,  77,  78,  79,  80,  81,  82,  83,  85,
     86,  87,  88,  89,  90,  91,  92,  93,  94,  95,  96,  97,  98,  99, 100, 101,
    102, 103, 104, 105, 106, 107, 108, 109, 110, 111, 112, 113, 114, 115, 117, 118,
    119, 120, 121, 122, 123, 124, 125, 126, 127, 152,   1,  62,  63,  64,  65,  66,
     67,  68,  69,  70,  71,  72,  73,  74,  75,  76,  77,  78,  79,  80,  81,  82,
     83,  85,  86,  87,  89,  90,  91,  92,  93,  94,  96,  99, 100, 102, 103, 104,
    106, 109, 112, 113, 115, 118, 121, 125, 126, 127,   1,  12,  13,  14,  15,  16,
     17,  18,  19,  20,  21,  22,  23,  24,  25,  26,  27,  28,  29,  30,  31,  32,
     33,  34,  35,  36,  37,  38,  39,  40,  41,  42,  43,  44,  45,  46,  47,  48,
     49,  50,  51,  52,  53,  54,  55,  56,  57,  58,  59,  60,  61,  84, 116,   1,
     63,  67,  69,  70,  71,  72,  74,  77,  80,  81,  82,  83,  86,  89,  92,  93,
     94,  95,  97,  98,  99, 100, 101, 102, 103, 104, 105, 106, 107, 108, 109, 110,
    111, 112, 113, 114, 115, 117, 118, 119, 120, 121, 122, 123, 124, 125, 126, 127,
      1,  63,  67,  69,  70,  71,  72,  74,  77,  80,  81,  82,  83,  86,  89,  90,
     92,  93,  94,  95,  97,  98,  99, 100, 101, 102, 103, 104, 105, 106, 107, 108,
    109, 110, 111, 112, 113, 114, 115, 117, 118, 119, 120, 121, 122, 123, 124, 125,
    126, 127,   1,  63,  67,  69,  70,  71,  72,  74,  77,  81,  82,  83,  85,  86,
     89,  92,  94,  99, 101, 102, 103, 104, 106, 109, 111, 112, 113, 114, 115, 117,
    118, 123, 124, 125, 126,   1,  63,  67,  69,  70,  71,  72,  74,  77,  80,  81,
     82,  83,  86,  89,  92,  94,  97,  98,  99, 101, 102, 103, 104, 105, 106, 107,
    108, 109, 110, 111, 112, 113, 114, 115, 117, 118, 121, 122, 123, 124, 125, 126,
      0,   1,  62,  63,  64,  65,  66,  67,  68,  71,  72,  73,  75,  76,  77,  78,
     79,  80,  81,  82,  83,  85,  86,  87,  88,  89,  90,  91,  92,  93,  95,  96,
     97,  99, 100, 101, 103, 104, 105, 106, 109, 110, 111, 112, 113, 114, 115, 117,
    118, 121, 122, 123, 124, 126, 127, 152,   1,  63,  67,  71,  72,  74,  77,  80,
     81,  82,  83,  86,  89,  92,  94,  95,  99, 100, 101, 102, 103, 104, 105, 106,
    109, 111, 113, 114, 115, 118, 121, 123, 127,   0,   1,  62,  63,  64,  65,  66,
     67,  68,  70,  71,  72,  73,  75,  76,  77,  78,  79,  80,  81,  82,  83,  85,
     86,  87,  88,  89,  90,  91,  92,  93,  95,  96,  99, 100, 106, 109, 111, 112,
    113, 114, 115, 117, 118, 122, 123, 124, 125, 127, 152,   0,   1,  62,  63,  64,
     65,  66,  67,  68,  69,  70,  71,  72,  73,  74,  75,  76,  77,  78,  79,  80,
     81,  82,  83,  85,  86,  87,  88,  89,  90,  91,  92,  93,  94,  95,  96,  99,
    100, 101, 102, 106, 109, 112, 113, 121, 123, 124, 126, 127, 152,   0,   1,  62,
     63,  64,  65,  66,  67,  68,  69,  70,  71,  72,  73,  74,  75,  76,  77,  78,
     79,  80,  81,  82,  83,  85,  86,  87,  88,  89,  90,  91,  92,  93,  94,  96,
     98,  99, 100, 102, 106, 107, 108, 109, 112, 113, 122, 126, 127, 152,   1,  63,
     67,  69,  70,  71,  72,  74,  77,  80,  81,  82,  83,  86,  89,  92,  94,  95,
     99, 100, 101, 102, 103, 104, 106, 109, 111, 112, 113, 114, 115, 118, 121, 124,
    126, 127,   0,   1,  95,  99, 100, 101, 102, 103, 104, 105, 106, 107, 109, 111,
    112, 113, 114, 115, 118, 119, 121, 124, 126, 127,   0,   1,  96,  99, 100, 101,
    102, 105, 106, 109, 111, 112, 114, 115, 118, 121, 122, 123, 124, 126, 127, 152,
      0,  95,  96,  97,  98,  99, 100, 101, 102, 105, 106, 107, 108, 109, 111, 112,
    114, 115, 118, 121, 123, 124, 125, 126, 127,   0,  95,  97,  98,  99, 100, 101,
    102, 105, 106, 107, 108, 110, 111, 113, 114, 115, 117, 118, 119, 121, 122, 123,
    124, 125, 126, 152,   0,   1,  95,  96,  97,  98,  99, 100, 101, 102, 103, 104,
    105, 106, 107, 108, 109, 110, 111, 112, 113, 114, 115, 117, 118, 119, 120, 121,
    122, 123, 124, 125, 126, 127,   0,   1,  95,  96,  97,  98,  99, 100, 101, 105,
    106, 107, 108, 109, 110, 111, 112, 114, 115, 118, 123, 124, 125, 126, 127,   0,
      1,  95,  96,  97,  98,  99, 100, 101, 102, 103, 104, 105, 106, 107, 108, 109,
    110, 111, 112, 113, 114, 115, 117, 118, 119, 120, 121, 122, 123, 124, 125, 126,
    127,   0,   1,  96,  98,  99, 100, 101, 102, 103, 104, 105, 106, 107, 109, 111,
    112, 114, 115, 118, 123, 125, 127, 152,   0,   1,  95,  97,  98,  99, 100, 101,
    102, 103, 104, 105, 106, 107, 108, 109, 110, 111, 112, 113, 114, 115, 117, 118,
    119, 120, 121, 122, 123, 124, 125, 126, 127, 152,   0,   1,  95,  96,  97,  98,
     99, 100, 101, 102, 103, 104, 105, 106, 109, 110, 111, 112, 113, 114, 115, 117,
    118, 121, 123, 124, 125, 126, 127, 152,   0,   1,  95,  96,  97,  98,  99, 100,
    101, 102, 103, 104, 105, 106, 107, 109, 111, 112, 113, 114, 115, 118, 120, 122,
    124, 127, 152,   0,   1,  95,  96,  97,  98,  99, 100, 101, 102, 103, 104, 105,
    106, 107, 108, 109, 110, 111, 112, 113, 114, 115, 117, 118, 119, 120, 121, 122,
    123, 124, 125, 126, 127,   0,   1,  95,  96,  99, 100, 101, 102, 103, 104, 106,
    109, 111, 112, 114, 115, 118, 121, 124, 126,   0,   1,  95,  99, 100, 101, 102,
    103, 104, 105, 106, 108, 109, 111, 112, 113, 114, 115, 118, 121, 122, 124, 126,
    127,   0,  96,  97,  98,  99, 100, 101, 102, 103, 104, 105, 106, 107, 108, 109,
    110, 111, 112, 113, 114, 117, 118, 119, 120, 122, 123, 124, 125, 126, 127, 152,
      0,   1,  96,  99, 100, 101, 102, 103, 104, 105, 106, 108, 109, 110, 111, 112,
    113, 114, 115, 117, 118, 121, 122, 123, 124, 126, 127,   0,  95,  96,  97,  98,
     99, 101, 102, 103, 104, 105, 106, 107, 108, 109, 110, 111, 113, 114, 115, 117,
    118, 119, 120, 122, 123, 125, 126, 127, 152,   0,   1,  95,  96,  97,  98,  99,
    100, 101, 102, 103, 104, 105, 106, 107, 109, 111, 112, 113, 114, 115, 117, 118,
    121, 122, 123, 125, 126, 127,   0,   1,  95,  96,  97,  98,  99, 100, 101, 102,
    103, 104, 105, 106, 107, 108, 109, 110, 111, 112, 113, 114, 115, 117, 118, 119,
    120, 121, 122, 123, 124, 125, 126, 127, 152,   0,   1,  95,  96,  97,  98,  99,
    100, 101, 102, 103, 104, 105, 106, 107, 108, 109, 110, 111, 112, 113, 114, 115,
    117, 118, 119, 120, 121, 122, 123, 124, 125, 126, 127, 152,   0,  96,  97,  98,
     99, 100, 101, 102, 103, 104, 105, 106, 107, 108, 109, 110, 111, 112, 113, 114,
    117, 118, 119, 120, 122, 123, 125, 126, 127, 152,   1,  37,  38,  39,  40,  41,
     42,  43,  44,  45,  46,  47,  48,  49,  50,  51,  52,  53,  54,  55,  56,  57,
     58,  59,  60,  61, 116,   0,   1,  95,  97,  98,  99, 100, 101, 102, 103, 104,
    105, 106, 107, 108, 109, 110, 111, 112, 113, 114, 115, 117, 118, 119, 120, 121,
    122, 123, 124, 125, 126, 127,   0,   1,  95,  97,  98,  99, 100, 101, 102, 103,
    104, 105, 106, 107, 108, 109, 110, 111, 112, 113, 114, 115, 117, 118, 119, 120,
    121, 122, 123, 124, 125, 126, 127,   0,   1,  95,  96,  97,  98,  99, 100, 101,
    102, 103, 104, 105, 106, 107, 108, 109, 110, 111, 112, 113, 114, 115, 117, 118,
    119, 120, 121, 122, 123, 124, 125, 126, 127,   0,   1,  95,  96,  97,  98,  99,
    100, 101, 102, 103, 104, 105, 106, 107, 108, 109, 110, 111, 112, 113, 114, 115,
    117, 118, 119, 120, 121, 122, 123, 124, 125, 126, 127,   0,  96,  97,  98,  99,
    100, 101, 102, 103, 104, 105, 106, 107, 108, 109, 110, 111, 112, 113, 114, 115,
    117, 118, 119, 120, 121, 122, 123, 125, 126, 127, 152,   0,   1,  96,  99, 100,
    101, 102, 103, 104, 105, 106, 107, 108, 109, 111, 112, 113, 114, 115, 117, 118,
    120, 122, 123, 124, 125, 126, 127,   0,  95,  96,  97,  98,  99, 100, 101, 102,
    103, 104, 105, 106, 107, 108, 109, 110, 111, 112, 113, 114, 115, 118, 119, 121,
    122, 125, 127, 152,   0,  96,  97,  98,  99, 100, 101, 103, 104, 105, 106, 107,
    108, 109, 110, 111, 112, 114, 115, 117, 118, 119, 120, 122, 123, 125, 127, 152,
      0,   1,  96,  97,  98,  99, 100, 101, 102, 103, 104, 105, 106, 107, 108, 109,
    110, 111, 112, 114, 117, 118, 119, 120, 121, 122, 123, 125, 126, 127, 152,   0,
      1,  95,  96,  97,  98,  99, 100, 101, 102, 103, 104, 105, 106, 107, 108, 109,
    110, 111, 112, 113, 114, 115, 117, 118, 119, 120, 121, 122, 123, 124, 125, 126,
    127,   0,   1,  95,  96,  97,  98,  99, 100, 101, 102, 105, 106, 107, 108, 109,
    111, 112, 113, 114, 115, 118, 119, 122, 123, 124, 125, 126, 127, 136, 138, 139,
    145, 147, 149, 131, 137, 142, 145, 148, 129, 135, 136, 138, 139, 141, 145, 129,
    132, 135, 137, 138, 140, 141, 142, 144, 145, 148, 129, 135, 140, 142, 145, 148,
    129, 131, 135, 137, 138, 144, 145, 146, 147, 148, 129, 132, 134, 135, 138, 140,
    141, 142, 145, 148, 150, 135, 138, 141, 142, 144, 145, 129, 130, 135, 137, 138,
    142, 144, 145, 149, 150, 138, 140, 141, 142, 145, 135, 136, 138, 135, 137, 139,
    142, 144, 145, 148, 135, 142, 137, 138, 139, 142, 144, 145, 149, 128, 129, 131,
    136, 140, 142, 145, 129, 135, 137, 138, 141, 142, 144, 145, 148, 150, 129, 135,
    138, 140, 142, 145, 148, 131, 133, 136, 138, 139, 141, 142, 143, 145, 149, 151,
    153, 154, 155,
};

static const int8_t edslab_ui_12_boldKernSparseValues[] = {
      -8,   -8,   -8,   -8,  -28,  -16,   -8,  -16,  -32,  -16,   -8,   -4,  -24,  -12,   -8,  -12,
       8,  -16,  -16,  -16,   -4,  -16,    4,    4,    4,    4,    4,   -8,   -8,  -16,   -4,   -8,
     -12,   -4,   -8,   -4,  -44,  -28,   -4,  -12,  -36,  -12,   -8,   -4,   -8,  -16,  -28,  -20,
     -12,  -16,  -24,  -16,  -16,  -16,  -16,  -24,  -12,  -12,  -12,  -12,  -12,  -16,  -12,   -8,
     -16,  -12,   -8,   -8,   -8,   -8,   -4,   -8,   -8,  -12,  -12,  -12,  -16,  -16,   -4,  -12,
       4,   -8,    4,  -16,   -8,  -12,   -8,    4,  -12,  -16,  -16,    4,  -16,   -4,    8,  -12,
      -8,   -8,  -12,   -4,  -12,  -16,    4,  -24,  -20,  -44,  -32,  -40,   -4,    4,   -8,    4,
      -4,   -8,    4,   -8,  -12,   -8,   -8,   -8,    4,   -4,    4,  -12,    4,    4,    4,    4,
       4,   -8,   -4,  -12,  -16,  -12,  -12,   -8,  -12,  -12,   -4,  -12,  -12,  -12,   -4,   -8,
     -12,   -8,   -8,    4,   -8,  -12,    4,  -20,   -8,  -24,   -8,   -8,  -12,  -12,  -12,   -4,
      -8,    4,    4,   -4,   -4,  -12,    4,   -4,   -4,   -4,   -8,  -12,   -4,   -4,    8,   -4,
      -4,    8,    4,   -4,  -16,   -8,   -8,  -12,  -12,    8,   -8,   -8,   -4,   -8,   -8,    4,
      -4,    4,    8,   -8,  -12,    8,  -12,    4,   -8,   -4,    8,  -16,  -16,  -16,   -8,   -4,
      -4,  -12,  -12,  -20,   -8,  -12,  -12,   -8,   -8,   -8,   -4,   -4,   -8,  -12,   -8,  -16,
      -4,   -8,  -12,   -4,    4,   -4,   -4,   -8,  -12,    4,  -12,    4,  -16,   -8,  -12,   -4,
      -4,   -4,   -4,  -16,   -4,  -12,  -20,   -8,   -4,   -4,   -8,    4,   -8,   -8,   -8,   -4,
     -12,   -4,   -4,   -4,  -16,  -28,  -20,  -20,  -12,   -4,  -12,  -28,  -20,   -4,  -28,  -20,
     -28,  -32,  -20,   -8,  -24,  -12,  -32,  -16,   -4,   -4,   -4,   -8,  -16,  -16,   -8,   -8,
      -8,   -8,    4,    4,   -8,  -12,    4,  -12,    4,   -8,   -8,   -8,  -44,   -8,  -16,   -4,
     -28,   -4,   -8,   -8,  -36,   -8,   -8,   -8,  -12,   -8,   -8,  -16,  -40,   -8,  -28,  -12,
     -16,  -56,  -56,  -88,  -88,  -80,   -4,   -8,  -36,  -16,  -16,  -20,  -16,  -12,  -20,  -20,
     -20,  -24,  -40,  -20,  -20,  -28,  -20,  -16,  -20,  -12,  -24,  -24,  -48,  -44,  -36,  -12,
     -12,  -20,   -8,    8,  -16,   -4,    4,   -8,   -8,   -8,   -8,   -4,    8,   -8,   -8,   -4,
      -4,   -4,   -4,    4,   -4,  -12,  -20,  -24,  -20,  -28,   -4,   -4,  -12,    4,    4,    4,
      -4,   -4,   -8,    4,   -4,   -8,   -4,   -4,   -8,    4,   -4,    4,   -8,    4,    4,  -12,
      -4,   -8,   -8,   -4,   -4,  -24,   -8,   -4,   -8,   -8,   -4,   -4,  -16,  -12,   -8,   -8,
     -12,  -12,  -20,  -12,   -8,  -20,  -20,  -24,  -24,  -20,   -8,   -8,  -12,   -4,   -8,  -12,
     -20,   -4,   -8,  -12,  -16,  -16,  -12,   -4,  -16,  -16,   -8,  -12,  -12,  -16,  -24,  -12,
     -16,  -16,  -12,   12,  -28,   -4,    4,   -4,   -4,   12,   -8,   -4,    4,   -4,   -4,   -4,
      -4,    8,   -4,    8,   -8,    4,   -8,  -12,  -24,  -24,  -28,   -4,    4,   -4,    8,    8,
       4,    8,   -4,   -4,   20,    8,  -12,    4,    4,    4,    8,    4,    8,   12,   12,   12,
      12,    4,  -20,   -4,  -12,   -4,  -16,   -4,   -4,    4,   -4,   -4,  -12,  -16,  -16,  -12,
     -16,   -8,   -4,   -4,    4,   -4,   -4,   -4,   -4,    4,   -8,    4,    4,   -4,   -4,   -8,
      -4,  -16,   -4,   -8,  -60,   -4,  -12,   -8,   -4,   -4,   -8,   -8,   -4,  -16,   -4,   -4,
     -20,   -4,  -12,   -4,  -12,  -12,  -16,  -20,  -16,  -12,  -32,   -8,  -20,  -20,  -24,  -12,
     -36,  -12,   -4,   -8,  -12,   -8,  -24,  -24,  -28,  -16,  -24,  -24,  -16,  -16,   -8,  -12,
     -16,  -16,  -20,  -20,  -28,  -24,   -4,    4,  -28,  -16,   -4,   -8,  -12,   -8,    4,  -12,
      -4,   -4,   -8,   -4,   -8,   -8,  -12,  -12,   -4,  -24,  -24,  -32,  -28,  -32,  -16,  -20,
      -8,  -12,  -16,  -12,  -20,  -20,  -12,  -12,   -8,  -12,    4,   -4,  -12,  -12,  -16,  -12,
      -4,   -8,  -12,  -20,  -12,   -8,  -20,  -16,   -8,   -8,  -16,  -16,  -12,  -16,   -4,  -16,
     -24,  -16,  -16,  -16,  -16,  -16,  -20,  -16,  -16,  -16,  -12,  -12,  -16,  -24,  -20,  -20,
      -8,  -12,  -12,   -8,  -12,  -12,   -8,  -12,  -12,   -8,   -8,   -8,  -16,  -16,  -20,  -16,
     -12,  -16,  -16,  -16,  -12,  -16,   -8,   -8,  -16,  -20,   -8,  -16,  -12,  -12,  -16,  -16,
     -16,  -12,   -8,  -16,  -12,  -12,  -16,  -24,  -16,  -12,   -8,    4,    4,  -28,    4,    4,
       4,   -8,  -16,  -16,  -20,   -4,   -8,  -24,    4,    4,   -4,  -16,  -12,   12,   -4,  -20,
     -16,   -4,   -4,   -4,    4,    4,   -8,  -12,   -4,  -16,   -4,   -8,  -16,  -16,   -4,   -4,
     -16,   -4,   -4,   -4,   -4,   -4,   -4,   -4,  -24,   -4,  -16,    4,   -4,  -20,  -24,  -20,
     -24,  -24,   -4,   -4,  -16,   -4,   -4,   -4,  -12,   -8,   -4,  -12,  -20,  -12,  -20,  -12,
     -12,  -12,  -16,   -4,  -12,   -4,  -20,  -16,  -32,  -24,  -32,   -8,  -12,   -8,  -16,   -4,
     -16,   -8,  -16,   -4,   -4,   -8,   -4,   -4,   -4,   -4,   -4,  -12,  -12,   -4,   -4,  -64,
     -36,  -52,  -52,  -60,   -8,   -4,  -24,   -8,   -4,  -12,  -20,  -12,  -24,  -12,  -12,   -8,
     -16,   -8,   -4,  -12,  -16,  -28,  -24,  -28,  -12,  -16,   -8,   -8,  -12,  -12,  -12,   -8,
     -16,  -12,   -4,  -16,  -12,  -16,  -16,  -16,   -8,  -16,  -20,  -16,  -12,  -12,  -12,   -8,
      -8,  -12,  -12,  -12,   -8,  -12,   -8,  -12,  -12,   -4,  -12,   -8,  -12,  -12,  -12,  -12,
     -16,  -12,  -12,   -8,   -4,   -8,  -40,  -16,  -20,   -8,  -12,   -4,  -20,   -4,  -20,   -4,
      -4,  -12,  -28,   -4,  -16,   -4,   -8,  -16,  -16,  -16,  -12,  -12,   -4,  -28,  -28,  -20,
     -20,  -20,  -16,  -28,  -16,  -16,  -20,  -24,  -24,  -24,  -20,  -20,  -24,  -20,  -28,  -16,
     -16,  -16,  -16,  -16,  -20,  -16,  -16,  -28,  -16,  -12,    4,  -44,   -8,    4,  -12,  -12,
     -16,  -16,   -8,   -4,  -16,   -8,  -12,  -16,   -4,  -12,    4,  -20,   -4,  -20,  -24,  -36,
     -36,  -36,  -20,  -12,  -20,   -4,   -8,  -16,    4,   -4,  -16,  -12,   -8,   -8,   -4,   -8,
      -8,   -4,   -4,   -4,   -4,  -20,  -28,  -12,  -16,    4,  -12,  -68,   -4,    4,   -4,   -4,
      -4,    4,   -4,   -4,   -8,  -12,   -8,   -8,   -8,   -4,  -12,    4,   -4,    4,  -12,  -16,
     -16,  -20,  -12,   -8,  -32,  -20,  -20,  -12,  -24,  -32,  -16,    4,   -4,  -20,   -8,   -4,
      -8,  -16,  -12,   -4,    8,   -4,  -12,  -20,   -8,  -32,  -32,  -16,  -28,  -24,  -32,  -32,
     -32,  -28,  -20,  -24,  -20,  -24,  -36,  -28,  -28,  -32,  -28,  -40,  -28,  -32,  -28,  -56,
     -52,  -68,  -68,  -76,  -32,  -40,  -48,  -28,  -28,  -24,  -12,   -8,  -44,  -28,  -12,  -44,
     -52,  -40,  -32,  -28,  -24,  -28,  -36,  -16,  -28,  -24,  -28,  -28,  -28,  -32,  -44,  -32,
      -8,   -8,   -8,   -4,  -12,   -4,   -4,   -8,   -4,   -4,   -4,   -4,   -4,  -16,   -4,   -8,
      -4,  -20,  -20,  -32,  -32,  -32,   -4,   -4,  -16,  -12,  -24,  -12,   -8,   -8,  -12,   -8,
      -4,   -4,  -12,  -16,  -16,  -20,  -24,  -12,   -8,  -16,   -8,    4,  -24,   -8,   -4,   -8,
      -4,   -8,   -8,   -4,   -8,  -12,   -4,   -8,   -8,   -4,  -12,   -4,  -20,  -24,  -32,  -28,
     -32,   -4,  -24,    4,    4,  -12,   -8,  -12,   -8,  -12,  -16,  -16,  -12,  -12,  -16,  -16,
      -4,   -4,  -16,  -16,  -16,   -8,  -20,  -12,  -24,  -52,  -16,  -16,   -8,  -12,   -8,  -16,
      -8,   -8,  -28,   -8,  -12,   -8,   -8,  -20,   -8,  -12,   -8,   -8,  -16,  -20,  -20,  -24,
     -16,  -20,  -40,  -20,  -32,  -36,  -32,  -24,  -36,  -12,  -12,  -20,  -20,  -20,  -36,  -36,
     -28,  -24,  -32,  -44,  -32,  -20,  -28,  -28,  -28,  -36,  -40,  -16,  -36,  -24,  -16,  -60,
     -12,  -24,  -16,  -12,  -12,  -20,  -12,  -12,  -24,  -12,  -12,  -12,   -8,  -28,  -16,  -20,
     -12,  -16,  -16,  -20,  -20,  -20,  -16,  -20,  -36,  -28,  -32,  -24,  -24,  -28,  -40,  -24,
     -16,  -28,  -20,  -20,  -24,  -32,  -28,  -24,  -24,  -32,  -20,  -20,  -20,  -24,  -20,  -28,
     -28,  -24,  -36,  -20,  -24,  -84,   -8,  -32,   -8,  -12,  -12,  -36,  -16,  -12,  -40,   -8,
     -16,  -12,  -16,  -32,   -8,  -40,  -12,  -16,  -24,  -16,  -20,  -20,  -16,  -16,  -52,  -24,
     -52,  -48,  -44,  -32,  -48,  -20,  -28,  -40,  -24,  -24,  -52,  -44,  -52,  -40,  -44,  -44,
     -40,  -28,  -36,  -40,  -40,  -40,  -52,  -24,  -52,  -32,  -32,  -80,  -12,  -28,  -12,  -16,
     -12,  -32,  -12,   -8,  -36,  -12,  -12,  -16,  -16,  -36,  -20,  -32,  -12,  -16,  -16,  -16,
     -20,  -16,  -16,  -20,  -40,  -24,  -48,  -52,  -40,  -24,  -56,  -24,  -28,  -40,  -32,  -32,
     -40,  -40,  -44,  -32,  -40,  -40,  -36,  -28,  -32,  -40,  -32,  -44,  -48,  -20,  -44,  -36,
     -28,  -64,  -16,  -32,  -12,  -12,  -12,  -28,   -8,   -8,  -36,   -8,  -12,  -16,  -12,  -44,
     -16,  -36,  -16,  -24,  -16,  -20,  -20,  -20,  -20,  -24,  -56,  -28,  -48,  -48,  -48,  -44,
     -56,  -28,  -32,  -44,  -32,  -32,  -44,  -52,  -52,  -40,  -44,  -48,  -48,  -36,  -36,  -44,
     -44,  -44,  -52,  -20,  -56,  -40,  -24,   -4,  -24,   -8,   -4,   -4,  -16,   -4,   -4,   -8,
      -8,   -4,   -8,   -8,  -20,   -8,  -20,   -4,   -8,  -20,  -20,  -16,  -16,  -20,   -8,   -4,
     -24,   -8,   -4,  -12,   -4,  -16,  -16,  -28,  -20,  -20,  -12,  -12,   -8,  -24,  -16,   -4,
     -24,  -20,  -28,  -32,  -40,  -16,  -12,  -20,   -4,   -8,  -16,  -32,  -16,  -12,  -16,  -20,
     -16,  -20,  -16,  -28,  -20,  -32,  -16,  -20,  -24,  -20,  -16,  -16,  -12,  -24,  -24,  -32,
     -32,  -32,  -16,  -20,    4,   -8,  -24,    4,   -8,   -8,  -12,   -8,  -20,  -24,  -12,  -12,
     -12,  -12,   -4,   -4,   -8,   -8,  -16,   -8,  -16,   -4,   -4,    4,  -12,  -24,   -4,   -4,
      -4,   -8,  -16,  -16,  -16,  -20,  -12,  -12,   -4,   -8,   -4,  -12,   -4,  -12,   -8,  -12,
     -12,  -16,  -12,  -16,  -16,  -12,  -20,  -16,   -8,  -16,   -8,   -8,   -8,  -16,  -24,  -16,
     -20,  -12,  -12,  -16,  -20,   -8,  -12,   -8,  -16,  -20,  -24,  -20,  -28,  -16,  -16,   -4,
      -8,    4,  -16,  -28,  -16,   -8,  -12,   -4,  -12,  -16,  -16,  -12,   -8,   -4,  -12,  -12,
      -4,   -4,   -8,   -8,  -12,  -12,  -12,  -20,   20,   -4,  -20,   -4,  -16,  -16,  -16,  -28,
     -20,  -12,  -20,  -12,   -8,  -24,  -24,  -20,  -16,  -16,  -28,   -4,  -24,  -48,  -48,  -36,
     -64,  -16,  -44,   -8,  -12,   -4,  -16,  -32,  -16,   -8,  -12,  -12,   -4,  -20,   -4,    8,
     -28,  -28,  -12,  -20,  -16,   -4,  -16,  -20,  -16,   -8,   -8,   -8,   -8,  -12,  -16,  -20,
     -16,  -24,   -4,   -8,  -28,   -8,   -8,   -8,  -16,   -8,   -4,   -8,  -16,  -12,  -20,  -12,
     -12,   -8,  -12,   -4,  -12,  -16,  -16,  -20,  -20,  -28,   -8,  -16,  -12,  -16,   -8,  -24,
      -8,   -8,   -8,  -12,  -12,  -12,   -4,  -12,  -20,  -28,  -12,   -8,   -8,  -16,   -4,  -12,
      -4,  -16,  -16,  -24,  -24,  -28,  -12,  -12,    4,    8,  -24,    4,    4,    4,    4,   -8,
       8,  -16,  -20,   -4,   -4,    4,    4,    4,   -4,    4,   -8,   -8,   -8,   -8,   -8,  -12,
     -20,  -12,   -8,  -28,   -4,  -12,   -8,  -12,   -8,   -4,   -8,  -12,  -12,  -28,   -8,   -8,
      -8,   -8,   -4,   -8,   -8,  -12,  -12,  -16,  -20,  -24,   -8,  -12,   -4,   -4,  -16,  -24,
     -12,  -12,   -4,  -16,  -12,   -8,  -12,  -20,  -12,  -24,  -12,   -8,  -16,  -16,   -8,  -16,
      -4,  -16,  -16,  -24,  -24,  -16,   -8,  -12,   -4,   -4,   -4,   -4,  -28,   -4,   -8,  -16,
      -8,   -4,   -8,  -20,  -12,  -24,   -8,   -8,   -8,  -12,   -8,   -4,  -12,  -12,  -20,  -20,
     -24,   -4,   -8,  -12,   -8,   -8,  -28,   -4,   -8,   -4,  -12,   -4,  -12,   -8,  -16,  -12,
     -24,   -8,   -8,   -4,  -12,   -4,  -12,  -12,  -20,  -24,  -24,  -28,   -4,   -8,   -8,    8,
     -20,    4,    4,   -8,   -8,  -12,   -8,  -20,  -16,   -8,  -12,    4,   -8,    4,  -12,    4,
      -8,   -4,   -4,  -12,  -16,  -12,  -16,   -4,   -4,    4,   -8,  -24,    4,    4,    4,   -8,
     -12,  -12,   -8,  -20,  -20,   -8,   -8,   -8,    4,  -12,   -4,   -8,   -8,  -12,  -16,   -8,
     -16,   -4,   -8,    4,  -24,   -4,    4,  -12,   24,   -8,  -20,   -4,   -4,   -4,   16,    4,
      -4,   -4,   -4,   -4,   -4,   -4,   -4,   -4,   -4,   -8,   -4,  -20,  -28,   -4,   -4,   -4,
      -4,  -12,  -24,   -8,  -28,  -20,   -8,  -12,   -8,   -4,   -8,  -12,    4,   -4,   -4,   -8,
     -12,  -16,  -16,   -4,  -24,    4,   -8,   -8,   -8,    4,   -8,  -12,  -20,   -4,   -8,   -4,
      -8,    4,   -8,   -4,   -8,   -8,  -12,  -12,   -8,  -12,   -8,  -24,  -20,   -4,   -4,  -12,
     -20,  -12,  -20,   -4,   -4,    4,  -12,    4,   -8,    4,  -20,  -12,  -24,  -20,  -36,   -8,
     -12,  -12,   -8,   -8,  -28,  -12,   -8,   -8,  -12,   -4,  -12,   -8,  -12,  -16,  -24,  -12,
      -8,  -12,  -12,   -4,   -4,   -4,  -12,  -12,  -16,  -16,  -20,   -4,  -12,  -12,  -28,  -32,
     -16,  -16,  -24,  -24,  -28,  -24,   -4,  -16,  -32,  -24,  -16,  -20,  -20,   -8,  -20,  -16,
      -8,  -12,   -8,   -8,  -12,  -12,  -24,  -32,  -24,  -16,  -28,  -20,  -16,  -20,  -16,  -16,
     -24,  -32,  -12,  -20,  -28,  -20,  -16,  -20,  -24,   -8,  -16,  -20,  -12,  -12,   -4,  -12,
      -8,  -16,  -20,  -28,  -24,  -12,  -28,  -20,  -16,  -16,  -16,  -16,  -28,  -28,  -12,  -16,
     -28,  -28,  -20,  -20,  -24,  -12,  -16,  -24,   -8,   -8,  -12,  -12,  -12,  -16,  -20,  -24,
     -36,   -4,   -8,  -20,   -4,   -8,   -4,   -8,   -8,   -8,  -16,   -4,   -4,   -4,   -4,   -4,
      -4,   -4,   -8,   -8,  -12,   -8,   -8,   -4,  -16,  -16,   -8,   -4,   -4,   -4,   -4,   -8,
      -4,   -4,   -4,   -4,   -8,   -8,   -4,   -8,   -4,  -28,  -20,   -4,  -20,  -12,  -20,   -4,
     -20,  -16,   -8,  -20,  -28,  -28,  -20,   -4,  -16,   -4,  -24,  -16,  -16,  -20,  -56,  -44,
     -24,  -16,  -64,  -12,  -12,  -24,  -12,  -12,  -12,  -12,   -8,   -4,   -8,  -12,  -12,  -24,
     -12,  -20,  -16,  -24,  -24,  -12,  -12,  -12,  -12,  -12,  -12,  -24,  -12,  -32,  -36,  -20,
     -12,  -48,  -12,  -12,  -24,  -12,  -12,  -12,  -12,   -8,  -12,   -4,    4,   -4,  -12,   -4,
      -4,   -4,   -8,   -4,   -4,  -16,   -8,   -8,   -4,   -4,   -4,  -12,    4,  -12,  -24,    8,
      -8,  -16,   -4,   -8,   -8,   -4,  -12,    4,   -4,    4,   12,  -20,   12,    4,   12,   -4,
      12,    8,   -8,    8,   -4,    4,  -12,    4,   -4,   -4,   12,    4,   -4,  -12,   -4,   -4,
      -4,   -4,   -4,    4,   -4,  -12,  -12,   -4,   -4,   -4,   12,   -4,   -4,    4,   -4,  -12,
       4,   -8,  -16,   -4,   -4,   -8,   -4,   -4,    4,   -8,    4,   12,  -12,   12,    4,    4,
      12,   -4,   12,    8,   -4,    8,   -4,    4,    8,   12,  -12,   -4,  -64,   -4,   -4,   -4,
     -20,   -4,   -4,  -16,   -4,   -4,   -4,  -36,   -4,   -4,   -8,   -4,   -8,   -4,   -4,   -4,
      -4,   -4,   -4,   -4,   -4,   -4,   -4,   -4,  -16,   -4,  -16,  -32,  -24,  -16,  -24,  -48,
     -24,  -32,  -36,  -16,  -16,  -20,  -44,  -24,  -28,  -32,  -32,  -24,  -24,  -12,  -16,  -32,
     -24,  -24,  -24,  -24,  -12,  -20,  -20,  -24,  -24,  -36,  -24,  -16,   -8,   -4,  -20,   -4,
      -4,   -4,  -20,   -4,   -4,  -12,   -4,   -4,   -4,   -4,   -4,   -4,  -12,   -4,   -4,  -12,
      -4,  -16,   -8,   -4,   -8,   -4,   -4,   -4,   -4,  -12,   -4,   -8,   -8,   -8,   -8,   -8,
      -8,   -8,   -8,   -8,  -16,  -20,  -12,   -8,   -8,   -8,   -4,   -4,  -16,  -12,   -4,   -8,
      -4,   -8,   -4,   -4,  -12,   -8,   -4,   -4,   -4,   -8,   -8,   -4,   -4,   -4,   -4,   -4,
     -12,   -4,   -4,   -4,  -12,   -4,  -12,  -16,   -4,   -4,   -4,   -8,   -4,   -4,  -16,   -4,
      -4,  -16,   -4,  -16,  -16,   -4,  -16,   -4,   -4,  -12,   -4,   -4,  -12,   -4,   -4,   -4,
     -12,   -8,  -12,  -12,  -12,   -8,   -8,  -12,  -12,  -12,  -12,  -12,  -16,  -16,  -32,  -12,
     -36,  -12,  -12,  -12,  -12,  -12,  -12,  -12,  -12,   -4,  -12,   -4,  -24,   -4,   -4,   -4,
     -20,   -4,   -4,   -4,   -4,   -4,   -4,   -4,   -4,   -8,   -4,   -4,   -4,  -24,    4,   -4,
     -24,   -4,   -4,   -4,   -4,   -4,   -4,   -4,   -8,    4,   -8,    8,   -8,   -4,   -4,   -8,
       8,   -8,    8,   -4,    4,   -4,   -4,   -4,   -4,    4,   -4,    8,   -8,   -8,  -16,  -20,
      -4,   -4,   -4,   -4,   -8,  -12,   -4,   -8,  -16,   -8,  -16,   -8,   -8,   -4,  -12,  -12,
     -16,   -8,  -16,   -8,   -8,   -8,   -8,   -8,   -8,   -8,  -16,   -8,  -16,  -20,  -16,  -12,
     -32,  -20,   -8,   -8,   -8,   -8,   -8,  -16,  -16,  -12,   -4,   -4,   -4,   -8,   -4,   -8,
      -4,  -12,   -4,  -16,   -8,   -4,  -12,  -12,  -16,   -8,  -16,   -8,   -8,   -8,  -16,   -8,
     -16,  -20,  -16,  -12,  -32,  -20,   -8,   -8,   -8,   -8,    4,   -8,   -8,   -4,   -8,  -12,
     -12,   -4,   -4,  -12,   -4,  -16,  -12,  -12,   -4,   -8,   -8,   -4,    4,   -4,   -4,  -12,
       4,   -8,   -8,   -8,   -8,   -4,   -8,   -4,   -4,    4,   -4,  -12,    4,   -8,  -32,    4,
      -4,  -32,   -4,   -4,  -12,   -4,   -4,   -8,   -4,   -8,    4,   -4,   -8,  -12,  -16,   -8,
     -12,   -8,   -8,   -8,  -12,  -12,   -8,  -16,  -12,  -12,   -4,   -8,  -12,  -12,  -12,  -12,
     -12,   -8,   -8,   -8,   -4,  -12,   -4,  -12,  -20,   -4,  -28,  -20,   -4,   -8,   -8,  -20,
     -16,   -8,  -12,   -8,   -4,   -8,  -12,  -12,   -4,  -16,   -8,  -12,   -8,  -12,   -8,   -8,
     -12,  -12,   -8,  -12,  -12,   -8,   -4,  -12,   -4,  -12,  -24,   -4,  -28,  -16,   -4,   -8,
      -8,  -12,  -12,   -8,   -8,  -12,   -8,   -8,  -12,   -8,   -8,  -12,   -8,   -8,   -8,   -8,
      -8,   -8,   -8,   -8,   -8,   -8,   -8,   -8,   -8,   -4,  -16,   -4,   -8,  -16,  -12,  -28,
     -16,   -8,   -8,   -8,   -4,  -32,   -8,   -8,   -8,  -28,  -12,  -12,   -4,   -8,   -8,   -4,
      -8,   -4,   -8,    8,   -4,  -12,    8,  -12,  -24,   12,   -8,  -20,   -4,   -4,   -8,   -4,
      -4,   -8,   -4,   -4,   16,    4,    4,  -20,    4,    4,    8,    8,    4,  -16,   -4,    8,
       8,   -4,    4,   -4,    4,  -12,    4,   -8,   -8,  -16,  -12,   -4,   -8,   -8,   -8,   -4,
      -8,   -8,   -4,  -16,   -8,  -12,   -8,   -8,   -8,  -12,   -8,   -8,   -8,   -8,   -8,   -8,
      -4,  -16,   -4,  -12,  -16,   -8,   -8,  -24,  -12,   -4,   -8,   -4,  -12,  -64,  -32,   -8,
      -4,   -4,  -12,   -8,  -28,    4,  -20,    4,   -4,  -20,   -4,   -4,   -4,   -4,  -12,    4,
     -16,   -8,  -12,   -8,   -8,  -24,   -4,   -4,   -8,   -4,   -4,   -8,   -8,   -8,   -4,   -4,
      -4,   -4,   -8,  -12,   -8,  -32,   -8,  -16,   -8,   -4,  -20,   -4,   -4,   -4,  -20,   -4,
      -8,   -4,  -16,  -16,   -8,   -4,   -8,   -8,   -4,   -4,   -8,    4,   -8,  -24,   -4,   -4,
     -24,   -4,   -4,   -4,   -4,   -4,   -4,   -4,   -4,   -4,    4,   -8,   -4,  -16,  -16,  -12,
     -12,   -8,  -12,   -8,   -4,   -4,   -4,   -8,    4,  -12,   -4,   -8,  -16,   -8,   -4,   -8,
      -4,   -8,  -16,  -56,   -4,  -32,   -4,   -8,  -12,   -4,   -8,  -32,   -8,   -8,   -8,   -4,
     -12,   -8,  -16,   -8,   -4,   -8,  -24,  -24,  -16,  -16,  -12,  -36,  -12,  -24,  -16,   -8,
      -8,  -12,  -36,   -8,  -12,  -20,   -8,  -24,  -20,   -4,   -8,  -24,  -20,  -28,  -12,   -8,
      -8,  -16,  -24,  -24,  -24,  -28,  -12,  -20,  -28,  -12,  -76,   -8,   -8,   -8,  -36,  -12,
     -12,  -12,  -12,  -16,   -8,  -40,   -8,   -8,  -32,   -4,   -4,  -28,   -8,  -24,  -28,  -12,
     -24,   -4,   -4,   -8,   -8,   -8,  -20,  -16,  -24,  -56,  -44,  -44,  -48,  -64,  -40,  -52,
     -36,  -32,  -32,  -52,  -64,  -48,  -44,  -52,  -48,  -40,  -52,  -36,  -44,  -56,  -48,  -44,
     -52,  -44,  -40,  -48,  -52,  -56,  -52,  -68,  -40,  -40,    4,   -8,  -32,   -8,   -8,   -8,
     -28,   -8,   -8,   -8,  -12,  -12,  -16,   -8,  -12,   -4,   12,   -8,   -8,   16,   -4,  -20,
       4,   -4,  -24,   -8,   -4,   -4,   -4,   -4,  -16,   -4,   12,  -16,    8,    4,    4,    4,
     -16,    8,    8,    4,    4,   -4,   -4,   -4,   -8,    8,  -12,  -16,   -8,  -32,   -8,   -8,
      -8,  -32,   -8,   -8,  -20,   -8,   -8,   -8,   -8,  -44,   -8,  -32,   -8,  -16,  -16,  -20,
     -20,  -20,  -28,  -12,  -16,  -20,  -12,  -12,  -16,  -16,  -12,  -12,  -24,  -24,  -16,  -24,
     -16,  -12,  -20,  -24,  -12,  -12,  -12,  -24,  -24,  -44,  -44,  -48,  -12,  -20,  -20,   -8,
     -24,  -16,   -8,  -16,  -12,  -12,   -8,  -16,  -12,   -8,  -16,   -8,  -20,   -8,   -8,   -8,
      -8,   -8,  -12,  -12,  -16,   -8,  -12,   -8,  -16,  -12,  -12,   -8,   -8,   -8,   -4,   -8,
     -12,   -4,  -12,  -20,   -4,   -8,  -20,   -8,   -8,  -12,   -4,   -4,   -8,   -8,   -4,   -8,
      -8,  -16,  -24,   -8,  -12,  -12,  -12,   -8,  -24,  -12,   -4,  -16,  -16,  -16,   -8,   -4,
     -12,   -4,   -8,   -4,   -4,   -4,  -12,   -4,   -8,   -8,  -12,  -12,   -4,   -8,   -4,   -4,
      -8,   -4,  -12,   -4,   -8,  -16,   -4,   -4,  -20,   -4,   -4,   -8,   -4,   -4,   -4,   -4,
      -4,   -4,   -8,  -16,  -16,   -4,   -8,   -8,   -8,   -8,  -12,   -8,  -20,   -4,   -4,  -20,
      -8,   -8,   -4,  -12,   -8,   -4,   -4,   -4,   -4,   -4,  -12,   -4,   -8,  -16,   -8,   -4,
     -20,   -4,   -4,   -4,   -4,   -8,  -20,  -16,   -4,   -4,  -12,  -12,   -8,  -12,   -4,   -8,
     -16,   -8,  -16,   -8,  -12,   -8,   -4,   -4,  -16,   -4,   -4,   -8,   -8,   -4,   -8,   -4,
      -4,   -8,   -4,  -12,   -4,   -8,  -12,  -12,   -8,  -24,  -12,   -4,   -4,   -4,   -4,   -4,
     -20,    4,   -4,  -12,   -4,   -4,   -4,  -20,   -4,  -12,  -12,   -8,   -8,   -4,    4,   -4,
      -4,    4,  -40,  -32,    8,   -4,  -44,   -4,   -4,  -20,   -4,   -4,    4,   -4,    4,   20,
      -4,  -20,    8,   -4,   -4,   -4,   -4,   -4,   12,   -4,   -4,    8,    8,   -4,    8,   -4,
     -12,    4,   -4,   -4,    4,   -4,    8,   -4,   -8,  -16,  -16,   -4,   -4,   -4,   -4,   -8,
      -4,  -12,   -4,  -16,   -4,   -4,   -4,   -4,  -16,   -8,   -8,   -4,   -8,   -8,   -4,   -8,
      -8,  -12,   -8,  -12,  -12,  -16,  -12,   -4,   -4,  -20,    4,   -8,  -16,   -4,   -4,   -4,
     -20,   -8,   -4,  -16,  -12,   -8,   -4,   -8,    4,   -4,   -4,   12,  -40,  -36,    8,   -4,
     -44,   -4,   -4,  -24,   -4,   -4,    4,   -4,   12,   12,  -16,    8,   -4,    8,   -4,    8,
       4,   -4,    8,   -4,   -4,   -4,   -4,    4,   -4,    8,   -4,   -8,    4,   -4,  -28,   -4,
      -4,   -4,  -16,   -4,   -4,   -4,  -16,  -16,   -4,   -4,   -4,   -4,    8,   -4,   -4,    8,
      -4,  -16,   12,   -8,  -24,   -8,   -8,   -4,   -4,   -4,    4,   -8,   -4,    4,   12,  -16,
       8,   -4,    8,   -8,    8,    8,    4,    4,   -4,    8,   -4,    8,  -12,   -4,    4,   -8,
     -20,   -8,   -4,   -4,  -20,   -8,   -4,   -4,  -12,  -12,   -8,   -8,  -12,   -8,    8,   -8,
      -8,    4,   -8,  -20,   12,   -8,  -24,   -8,   -8,   -8,   -8,   -8,    4,   -8,   -4,   16,
      -4,  -20,    8,    4,  -16,   -4,   -4,    8,    4,    4,   -4,   -8,    8,  -12,   -8,  -20,
     -20,   -8,  -12,   -8,   -8,   -4,  -12,   -8,   -4,  -16,   -8,  -20,   -8,   -8,   -4,   -8,
     -16,   -4,   -8,   -8,  -12,  -12,  -12,  -12,  -16,   -4,   -8,  -20,  -12,  -24,  -16,  -12,
      -4,   -4,  -12,  -12,   -4,   -8,   -8,   -8,   -4,  -12,  -12,   -4,   -4,   -4,   -8,  -20,
      -4,   -8,  -20,   -4,  -28,   -4,  -12,   -8,   -4,   -8,   -8,    4,   12,  -16,   12,   -4,
       4,   -4,   -4,    8,   -4,    8,  -12,    8,  -12,    8,   -4,   -4,    4,   -4,    8,  -12,
     -12,    4,    8,   -4,   -4,   -8,    4,   -8,   -4,   -4,   -4,   -4,   -4,    4,   -8,    8,
      -4,    4,   -8,    4,   -4,    4,   -4,   -4,    4,   -8,  -16,   -4,   -8,  -32,   -4,  -12,
      -8,  -12,  -28,   -4,   -4,   -4,   -4,   -4,   -4,   -4,   -4,   -8,   -4,   -4,   -8,   -4,
      -4,   -4,  -16,  -20,  -16,  -16,   -8,   -8,  -12,  -12,  -12,  -12,  -12,  -12,  -20,  -16,
     -12,  -12,   -4,   -8,  -12,   -4,  -16,  -12,  -16,  -16,  -16,   -4,  -28,   -8,   -8,  -20,
      -8,   -8,  -12,   -4,   -4,  -12,  -12,    4,    4,   12,   -4,   -4,   -8,    8,   -8,   -8,
      -4,   -4,   -4,    8,   -4,   -4,    8,   -8,    8,   -8,   -4,   -4,   -4,   -4,    8,  -12,
      -8,   -4,   -4,   -4,   -8,   -8,   -8,   -8,   -4,   -4,  -12,   -4,   -8,   -8,   -8,   -8,
      -4,  -12,   -4,   -8,  -16,   -8,   -4,  -20,   -4,   -4,  -12,   -4,   -4,   -8,   -4,   -8,
      -4,  -12,   -4,    8,   -4,  -12,    8,   -4,    4,   -4,   -4,   -4,   -4,   -4,    4,   -8,
       4,   -8,   -4,   -8,   -4,   -4,    8,   -4,  -16,   -8,   -8,   -8,   -8,  -16,  -12,  -12,
     -12,  -24,  -24,   -8,   -4,  -12,   -8,   -8,   -8,  -16,   -8,  -16,  -24,  -16,   -8,  -24,
      -4,   -4,  -16,   -8,   -8,  -12,   -4,   -8,  -12,   -4,  -16,   -8,   -8,   -4,   -8,   -4,
     -12,   -8,   -8,   -8,  -24,  -24,   -8,   -8,   -8,   -4,  -20,   -8,  -16,  -16,  -12,   -8,
     -24,  -20,   -4,   -8,   -4,   -8,   -8,   -4,  -16,   -4,   -4,   -4,   -4,   -4,   -8,   -4,
      -8,   -4,  -12,   -8,   -8,   -8,   -4,   -4,  -16,   -4,   -8,  -16,   -8,  -32,   -4,   -4,
      -4,   -4,   -4,  -20,   -8,   -8,   -8,   -4,   -4,  -16,  -12,   -4,   -8,  -12,  -12,   -4,
      -4,   -4,   -4,  -12,   -4,  -16,   -4,  -12,  -24,  -16,   -4,  -24,   -4,   -4,  -12,   -4,
      -8,   -4,   -4,   -8,   -4,   -8,   -8,   -4,    4,  -12,   -4,   -8,   -4,   -4,   -8,   -4,
      -8,   -8,   -4,  -12,   -8,  -12,   -4,   -4,   -4,   -4,   -8,   -8,  -16,  -12,   -8,   -8,
      -8,   -8,   -4,   -8,   -4,  -16,  -12,  -12,   -4,  -12,  -12,  -16,   -4,   -4,   -8,   -4,
      -4,  -12,    8,  -12,  -12,  -24,    8,   -8,   -4,   -8,   -8,  -12,  -12,  -16,  -16,    4,
      -8,  -12,    4,   -8,  -12,  -12,  -16,   -4,   -8,   -8,   -8,   -4,   -4,   -8,    4,  -12,
     -12,   -8,    4,  -16,   -4,   -4,   -4,   -4,   -4,   -4,   -4,   -4,  -16,   -4,  -16,   -4,
      -4,  -12,  -12,   -4,   -8,   -4,   -4,   -4,   -8,   -4,   -4,  -20,   -8,    8,   -8,   -8,
     -20,  -16,   -4,   -8,   -4,   -8,  -12,   -4,  -12,   -4,   -8,   -8,   -4,   -8,    4,   -4,
     -16,   -4,   -4,   -8,   -8,   -8,   -8,    4,  -12,   -8,   -4,   -4,    4,   -4,   -4,  -12,
      -4,   -4,   -4,   -4,   -4,   -8,   -8,   -4,    4,   -4,    4,   -4,  -12,   -4,   -4,  -12,
      -4,   -4,   -4,   -4,   -4,    4,   -8,   -4,  -16,    4,   -8,   -8,  -32,   -8,  -16,   -8,
      -8,   -8,  -12,  -28,  -12,  -12,   -4,   -4,  -12,   -8,   -8,   -8,   -8,  -12,   -8,   -8,
      -8,   -4,  -16,  -12,   -8,   -8,  -20,   -8,  -20,   -8,  -12,  -16,   -4,  -12,  -12,  -40,
     -12,  -16,  -16,   -8,   -8,  -12,  -32,  -16,   -8,  -12,   -8,   -4,  -12,   -4,   -8,  -20,
      -8,   -8,   -8,   -8,   -4,   -8,   -8,  -12,  -12,  -24,  -12,  -20,  -20,    8,   -8,   -8,
     -24,    8,  -16,   -4,   -4,   -4,  -12,   -8,  -16,  -12,    4,  -16,   -8,    8,   -4,  -12,
      -8,  -12,   -8,  -12,  -12,   -8,  -12,   -8,    8,  -12,   -8,  -16,  -32,  -16,  -16,  -20,
     -12,  -16,  -16,   -8,  -16,  -12,  -24,  -12,  -12,  -20,  -12,  -16,  -16,  -12,  -12,  -16,
     -12,  -12,  -16,  -16,  -16,   -8,  -12,   -4,   -4,   -4,  -20,  -12,  -12,   -4,   -8,   -8,
      -4,  -12,   -4,   -4,   -4,   -4,   -8,   -4,   -8,  -12,   -8,   -4,  -16,   -4,   -4,   -4,
      -4,   -4,   -8,   -4,   -4,   -8,   -4,  -12,   -8,   -4,   -4,  -20,  -12,  -16,  -16,  -12,
     -12,   -4,  -12,   -4,   -4,  -12,   -4,  -12,   -8,   -4,   -8,  -16,   -4,  -12,   -4,   -4,
      -4,   -4,   -4,   -8,   -4,   -4,  -12,   -4,   -8,   -4,    4,   -4,   -4,  -20,  -12,   -8,
     -12,   -8,   -8,   -4,   -8,   -4,   -4,   -4,   -4,   -8,   -4,   -4,  -12,  -16,   -4,  -20,
      -4,   -4,   -4,   -4,   -4,  -16,   -4,   -8,   -4,   -8,   -8,  -12,   -4,   -4,   -4,  -20,
      -8,  -12,   -8,  -12,  -12,   -4,  -20,   -4,   -4,  -12,   -8,  -16,   -8,   -4,  -16,  -12,
      -4,  -16,   -4,   -4,   -4,   -4,   -4,  -12,   -4,   -8,   -8,  -12,    4,   -8,   -4,  -12,
       4,   -8,   -4,   -8,   -8,   -8,   -4,   -8,   -8,    8,   -8,  -16,    4,   -8,  -20,    4,
      -4,  -32,   -4,   -4,   -4,   -4,   -8,   -4,   -4,    4,   -8,   -4,   -8,    4,  -20,   -4,
      -8,   -4,  -12,  -12,   -4,   -8,   -8,   -4,   -8,   -4,   -4,   -4,  -12,  -12,   -4,  -12,
      -4,   -4,   -4,   -4,   -4,   -4,   -4,  -16,    4,    8,   -4,   -4,  -20,    8,   -4,   -4,
      -4,   -8,   -8,   -4,   -4,   -4,    8,   -4,  -12,    4,   -8,  -28,    4,  -32,   -4,   -4,
      -4,   -4,    8,   -4,  -12,   12,  -12,  -12,  -24,    4,   -4,   -4,   -4,   -8,   -8,   -4,
      -4,    4,   -8,   -8,    4,   -8,   -4,   -8,  -12,   -4,   -4,   -4,   -8,   -8,    4,   -8,
     -16,    4,    8,   -8,   -8,  -20,    4,  -12,   -4,   -4,   -4,  -12,   -8,  -12,   -8,    4,
      -8,  -12,    4,   -8,   -8,  -12,   -8,   -8,   -4,   -8,   -8,   -4,   -4,    4,  -12,  -12,
      -8,  -12,   -4,   -4,   -4,  -20,  -12,  -16,  -16,   -8,   -8,   -4,  -12,   -4,   -4,  -12,
      -4,  -12,   -4,   -4,  -16,  -16,   -4,  -24,   -4,   -4,   -4,   -4,   -4,   -4,   -4,   -8,
     -12,  -12,    4,   -4,    8,   -4,   -4,  -20,    8,   -8,   -4,   -4,  -12,   -8,   -4,    4,
      -8,    4,   -4,   -4,    4,  -12,   -4,   -8,   -8,   -4,   -4,   -8,    8,   -8,   -4,   -1,
      -8,   -4,   -8,   -2,   -3,  -10,  -10,   -4,    3,   -3,  -10,   -2,   -5,   -6,   -4,  -16,
      -8,   -3,  -20,  -13,   -4,   -2,  -10,  -20,  -13,  -13,   -4,   -5,   -4,   -6,   -8,   -9,
      -3,   -2,   -8,  -15,   -1,   -9,   -6,   -3,   -3,   -2,  -24,   -8,   -6,   -6,   -6,  -12,
      -6,   -6,   -8,   -8,   -8,   -3,   -2,   -5,   -5,   -9,   -9,  -16,   -3,   -3,  -12,   -9,
      -3,  -18,   -5,    3,   -1,   -8,   -2,   -8,  -10,  -10,   -5,   -7,   -4,   -3,  -12,   -3,
      -3,   -5,   -2,   -9,   -6,   -4,   -6,   -8,   -6,   -6,  -14,   -3,   -6,   -2,   -4,   -3,
      -8,   -4,  -10,   -9,  -16,   -8,  -12,   -3,   -6,   -9,  -12,   -9,   -8,  -10,  -11,   -3,
     -11,   -6,   -9,   -6,   -6,  -19,  -20,   -7,   -3,   -3,  -15,  -16,  -16,   -4,   -8,  -16,
     -10,  -12,   20,
};

static const EpdFontData edslab_ui_12_bold = {
    edslab_ui_12_boldBitmaps,
    edslab_ui_12_boldGlyphs,
    edslab_ui_12_boldIntervals,
    82,
    31,
    23,
    -8,
    false,
    nullptr,
    0,
    nullptr,
    nullptr,  // kernLeftClasses: built-in fonts use the split arrays below
    nullptr,  // kernRightClasses
    edslab_ui_12_boldKernLeftCodepoints,
    edslab_ui_12_boldKernLeftClassIds,
    edslab_ui_12_boldKernRightCodepoints,
    edslab_ui_12_boldKernRightClassIds,
    nullptr,  // kernMatrix: built-in fonts use the sparse form below
    edslab_ui_12_boldKernRowOffsets,
    edslab_ui_12_boldKernSparseCols,
    edslab_ui_12_boldKernSparseValues,
    152,
    173,
    149,
    156,
    nullptr,
    0,
};
