/**
 * generated by fontconvert.py
 * name: edslab_12_regular
 * size: 12
 * mode: 2-bit  compressed: true
 * Command used: fontconvert.py edslab_12_regular 12 ../builtinFonts/source/EdsLab/EdsLab-Regular.ttf --2bit --compress --pnum --zopfli
 */
#pragma once
#include "EpdFontData.h"

static const uint8_t edslab_12_regularBitmaps[10179] = {
    0x95, 0x95, 0x31, 0xAC, 0xDC, 0xC8, 0x79, 0xC7, 0x7F, 0xC3, 0x71, 0x44, 0xE4, 0x08, 0x6B, 0x54,
    0x5C, 0x11, 0xE0, 0x74, 0x8F, 0x29, 0x52, 0x18, 0xC9, 0x69, 0xD9, 0x5C, 0xA1, 0x82, 0xBB, 0x9C,
    0xD8, 0x3D, 0x7C, 0x7D, 0x93, 0x94, 0x01, 0x0C, 0xF8, 0x54, 0xA8, 0x78, 0xC5, 0xAE, 0x96, 0x76,
    0x0A, 0xB7, 0xAF, 0x49, 0x9D, 0x14, 0x69, 0x22, 0x17, 0x52, 0xB1, 0xC5, 0x22, 0x59, 0x69, 0xC7,
    0x56, 0xE1, 0x22, 0x45, 0xE8, 0x2A, 0x2D, 0x11, 0x28, 0x40, 0xE0, 0x34, 0x5F, 0x70, 0x34, 0x6E,
    0x75, 0xC7, 0xB7, 0x5F, 0x66, 0x88, 0x7D, 0x4F, 0x92, 0xA2, 0xE7, 0x53, 0xF8, 0x7D, 0xFF, 0x1F,
    0x39, 0x33, 0x1F, 0x3F, 0x0E, 0x3F, 0x0E, 0x86, 0xF2, 0xE6, 0xC1, 0xC3, 0x71, 0xF3, 0x46, 0xEB,
    0x8C, 0x1A, 0xEE, 0x71, 0x0E, 0x35, 0x9B, 0x04, 0xE1, 0xCF, 0x8F, 0x8F, 0xBF, 0x69, 0x1B, 0x55,
    0x0D, 0x88, 0xE9, 0x41, 0xB2, 0x0E, 0xD3, 0xDB, 0x40, 0xD6, 0x45, 0x68, 0x3C, 0x98, 0x90, 0xB7,
    0x0E, 0x26, 0x14, 0xFE, 0x0C, 0x1C, 0xF7, 0x12, 0x6A, 0x12, 0xAF, 0x75, 0x4B, 0x0F, 0x94, 0xAA,
    0x7E, 0x41, 0x1E, 0x96, 0xD8, 0x70, 0x8E, 0x69, 0xCF, 0x81, 0x19, 0x50, 0xBC, 0x04, 0xBE, 0x1C,
    0x12, 0x3C, 0xD8, 0x0E, 0x90, 0x87, 0x93, 0x8C, 0xAC, 0xC8, 0xFB, 0x4A, 0x35, 0xDC, 0xD2, 0x57,
    0x6F, 0xE5, 0x2B, 0x0E, 0xFC, 0x0D, 0x34, 0xCA, 0x00, 0x87, 0xE2, 0x67, 0x02, 0x62, 0x7F, 0xDD,
    0x27, 0xBE, 0xE8, 0x60, 0xE7, 0x7E, 0x11, 0xD2, 0xA8, 0xF3, 0x70, 0xEB, 0x65, 0x09, 0xC0, 0xEC,
    0xD6, 0x4B, 0xA0, 0x6E, 0x8E, 0xC0, 0x6E, 0x97, 0x46, 0x86, 0x21, 0x0F, 0x18, 0x91, 0xF4, 0x4A,
    0x7D, 0xA2, 0x0D, 0x5B, 0xD7, 0x52, 0x84, 0x46, 0xE1, 0x23, 0x5F, 0x1C, 0x60, 0xDF, 0x93, 0xAB,
    0xE0, 0xDA, 0x3B, 0xD7, 0x0F, 0xCF, 0x03, 0xD8, 0x1E, 0xDC, 0x00, 0xF5, 0x1C, 0xD9, 0x38, 0x2F,
    0x92, 0x07, 0x91, 0xEC, 0x7F, 0x7A, 0x61, 0x1F, 0xB6, 0x34, 0xED, 0x82, 0x75, 0x5B, 0xEA, 0xB7,
    0x21, 0xD3, 0x9F, 0xCB, 0x74, 0xF0, 0xC7, 0xCC, 0xD8, 0xA6, 0xEA, 0xB9, 0xA9, 0xD4, 0xF7, 0xD9,
    0x20, 0x6F, 0xD8, 0x86, 0x73, 0x6A, 0xE6, 0x94, 0x38, 0x6F, 0x83, 0x11, 0x76, 0xCC, 0xF8, 0xDE,
    0x5F, 0xB3, 0x8D, 0xA7, 0x22, 0xF6, 0x4C, 0x21, 0x35, 0x9F, 0xF1, 0x29, 0xB7, 0x71, 0xD7, 0x76,
    0xC6, 0x3D, 0x6A, 0x96, 0x6C, 0x8C, 0xD8, 0xCE, 0xB5, 0x0B, 0xB6, 0xDC, 0x01, 0xE1, 0x8E, 0xF8,
    0xC5, 0xB7, 0xA1, 0x38, 0x12, 0x3D, 0x5E, 0xC4, 0x26, 0x82, 0x0D, 0x36, 0xE8, 0xA8, 0xA3, 0x0D,
    0xC9, 0x36, 0xE3, 0xF2, 0xF3, 0xA7, 0xA4, 0xF6, 0xC3, 0x71, 0x0B, 0x9E, 0x2C, 0x60, 0x5B, 0x72,
    0x28, 0xE0, 0x36, 0x7C, 0x1F, 0x3E, 0x83, 0xFB, 0xF0, 0x39, 0x3C, 0x80, 0x1E, 0x3A, 0xCC, 0x14,
    0x62, 0x3D, 0x39, 0x7C, 0x34, 0x85, 0xDC, 0x85, 0x1F, 0x4C, 0x21, 0x7F, 0xCA, 0xA9, 0x58, 0x23,
    0xAE, 0xAD, 0x58, 0x50, 0xA4, 0xCF, 0xDC, 0x6D, 0x30, 0xBD, 0x80, 0xBC, 0xAB, 0xD4, 0x9F, 0xC6,
    0x53, 0x5C, 0x8A, 0xB7, 0x3A, 0x4E, 0xF7, 0x2B, 0x8A, 0xBB, 0xD1, 0xD2, 0x6C, 0x33, 0x6D, 0x2B,
    0x3D, 0xCC, 0x79, 0x76, 0xCE, 0xE2, 0x9C, 0xF2, 0x0E, 0x15, 0x2C, 0x60, 0x87, 0x1D, 0xA8, 0x42,
    0x76, 0x49, 0xD9, 0xF1, 0x08, 0xB6, 0x38, 0xC1, 0x1D, 0x1F, 0x3F, 0x51, 0xD5, 0x46, 0x95, 0x24,
    0x58, 0x42, 0x26, 0xE0, 0x5A, 0x58, 0x01, 0xDA, 0x47, 0x5D, 0x02, 0x15, 0x90, 0xB7, 0x60, 0xC3,
    0x95, 0x36, 0x14, 0xED, 0x9C, 0x8A, 0x32, 0x8E, 0x67, 0x29, 0xCE, 0x08, 0xD8, 0x28, 0x17, 0xB5,
    0x88, 0xDA, 0x09, 0x46, 0x04, 0xDB, 0x09, 0xAE, 0x15, 0x16, 0x08, 0xBB, 0x28, 0x55, 0x0D, 0x49,
    0x20, 0x5C, 0xEB, 0xA3, 0x6F, 0x5A, 0x9C, 0x06, 0xA7, 0x8A, 0xD3, 0x23, 0x0E, 0xDE, 0x96, 0x76,
    0x14, 0xBF, 0x1C, 0x81, 0x0A, 0x28, 0xDE, 0x9A, 0xC7, 0xC3, 0x77, 0xE7, 0x01, 0xB0, 0x1E, 0xB0,
    0xC7, 0xE7, 0xB8, 0xD6, 0xF9, 0x33, 0x72, 0x5F, 0x93, 0xF9, 0x73, 0x60, 0xB3, 0xEF, 0xF9, 0x36,
    0xC6, 0x1D, 0x29, 0x39, 0x50, 0xB4, 0x82, 0x0D, 0x49, 0x4F, 0xA3, 0xEE, 0xC7, 0xF6, 0x8C, 0x8A,
    0x22, 0x8E, 0x4F, 0x85, 0xD6, 0x31, 0x3A, 0x9C, 0x83, 0x60, 0x7A, 0x6C, 0x20, 0x6F, 0x71, 0x70,
    0x06, 0xF5, 0xFB, 0xBB, 0x8D, 0x5E, 0x38, 0x3D, 0x54, 0xCC, 0x6B, 0x5C, 0xF4, 0x39, 0x65, 0xE9,
    0x57, 0xB9, 0x1E, 0x4A, 0x3D, 0xAC, 0x58, 0x6D, 0x28, 0x05, 0x17, 0x7D, 0xA0, 0x8C, 0xCD, 0xD8,
    0x99, 0x69, 0x1B, 0x9D, 0x78, 0xC5, 0x22, 0xAD, 0x7E, 0x0A, 0x04, 0x7B, 0x3D, 0xAB, 0x4D, 0xD4,
    0x92, 0x22, 0x54, 0x7E, 0x1D, 0x0A, 0xFD, 0x3A, 0x98, 0xC7, 0x3F, 0x6A, 0x21, 0xF7, 0x0F, 0x28,
    0x38, 0xE7, 0x36, 0x0B, 0x96, 0x94, 0x2A, 0x98, 0xA3, 0x07, 0x60, 0x33, 0x3E, 0x04, 0x48, 0xFB,
    0xD6, 0xF6, 0x74, 0x79, 0x67, 0x1C, 0xEF, 0x3F, 0xB8, 0x03, 0x77, 0x31, 0x07, 0xCA, 0x96, 0x67,
    0x14, 0x1D, 0x2B, 0x92, 0xC7, 0x0B, 0x2E, 0x49, 0x9D, 0x71, 0x88, 0xBB, 0x69, 0xE5, 0x40, 0xE2,
    0x43, 0x68, 0x20, 0xEF, 0xE1, 0x11, 0xD3, 0x69, 0x97, 0x3C, 0x5E, 0x3C, 0x4A, 0x68, 0xE0, 0x21,
    0x14, 0x47, 0xDF, 0xA8, 0x0C, 0x1C, 0x84, 0x3A, 0xFA, 0x17, 0x2C, 0x61, 0x48, 0xC3, 0x95, 0x67,
    0x07, 0x82, 0xE9, 0x92, 0xE3, 0x01, 0xB2, 0x1E, 0x2B, 0x98, 0x0B, 0xC8, 0xF4, 0x25, 0x50, 0xA9,
    0xB6, 0x98, 0x57, 0xE4, 0x03, 0x79, 0xF8, 0xA9, 0x5F, 0xE1, 0x32, 0x95, 0x92, 0xCF, 0x6C, 0xD8,
    0x16, 0xED, 0x7D, 0xDB, 0xD6, 0xE9, 0xA3, 0x52, 0xDB, 0xEE, 0x29, 0xFB, 0x31, 0xEB, 0x24, 0x7F,
    0xB9, 0x8C, 0x74, 0xD4, 0x27, 0x86, 0xC1, 0x71, 0x69, 0xC3, 0x2E, 0xD7, 0xBF, 0xFF, 0x2B, 0xBF,
    0x32, 0xFF, 0x94, 0x1F, 0x69, 0x80, 0x2F, 0x70, 0x01, 0xC0, 0x0E, 0xD0, 0xC2, 0xFE, 0xEF, 0xBE,
    0x0C, 0x50, 0xE8, 0x7F, 0x01, 0xCD, 0x11, 0xA8, 0x14, 0xC8, 0xD4, 0x83, 0xFD, 0xF7, 0x00, 0xF9,
    0x8B, 0x0E, 0xDC, 0x5F, 0xF6, 0x50, 0x22, 0xD7, 0x3B, 0x7B, 0x0D, 0x1B, 0xCE, 0x40, 0x55, 0x31,
    0x11, 0x7E, 0xDA, 0xF4, 0xF2, 0x96, 0xAC, 0x73, 0x60, 0x7A, 0x15, 0x9C, 0x4E, 0xD8, 0xAB, 0x76,
    0xAC, 0x55, 0x47, 0x6C, 0x60, 0x91, 0xE0, 0xAE, 0x51, 0x26, 0x3C, 0xC3, 0xAA, 0x1E, 0x12, 0x2E,
    0xAF, 0xFB, 0xF2, 0x76, 0xCA, 0x77, 0x85, 0x3C, 0x21, 0x7E, 0xDE, 0x14, 0x12, 0xF3, 0xF5, 0x50,
    0x1D, 0xC9, 0xE2, 0x85, 0xEB, 0xCC, 0x50, 0xC1, 0x79, 0x0D, 0xF7, 0xB7, 0xF0, 0x67, 0x02, 0xBC,
    0xA9, 0x01, 0xD8, 0x02, 0x35, 0x50, 0xC1, 0xBC, 0xE8, 0xCD, 0x98, 0xEE, 0xE3, 0x93, 0xA3, 0x8F,
    0x89, 0x2E, 0x58, 0x9F, 0x9E, 0xFA, 0x65, 0x1B, 0x91, 0xF7, 0x11, 0x46, 0x22, 0xD8, 0x24, 0x2C,
    0x13, 0xEA, 0xB7, 0x71, 0x7E, 0x3D, 0x2A, 0x11, 0xB6, 0x8B, 0xA8, 0xDA, 0xAB, 0x89, 0x5D, 0x24,
    0x8C, 0xEB, 0x28, 0x1B, 0xA8, 0x4F, 0xE2, 0x5A, 0xAA, 0x61, 0x52, 0x80, 0x77, 0x54, 0x27, 0xFD,
    0xE4, 0x77, 0x8F, 0x77, 0xE9, 0x7E, 0x3D, 0xC9, 0x41, 0x7D, 0x12, 0xD7, 0x52, 0x0D, 0x93, 0x80,
    0xF7, 0x49, 0xC7, 0x49, 0xA9, 0x40, 0x3E, 0x53, 0x95, 0xA2, 0x63, 0x5B, 0x41, 0x5D, 0x47, 0x6D,
    0xE1, 0x4F, 0x04, 0x98, 0x44, 0xA3, 0x42, 0xA5, 0x03, 0xB8, 0x6D, 0xD4, 0x3C, 0xAA, 0xF4, 0x94,
    0x45, 0xCF, 0xCE, 0xA8, 0x4A, 0x2A, 0x90, 0x8E, 0xE8, 0x38, 0xC1, 0x81, 0x0D, 0xEF, 0x85, 0xAA,
    0x9E, 0x00, 0xF6, 0x66, 0xBC, 0x4E, 0x95, 0xEC, 0x0F, 0xEF, 0xCB, 0x85, 0x6A, 0xAE, 0x0A, 0xEE,
    0xBD, 0xFE, 0x05, 0x4E, 0x4E, 0x3E, 0x5B, 0xB2, 0x8C, 0x6F, 0x70, 0x4B, 0x5B, 0x1D, 0x1B, 0x65,
    0x82, 0xA3, 0x08, 0x11, 0x0D, 0x11, 0x63, 0x84, 0x95, 0x88, 0x32, 0x44, 0xAC, 0x2F, 0x22, 0xF4,
    0x10, 0xD1, 0xAF, 0x22, 0xFC, 0x59, 0x04, 0x2E, 0xA1, 0xF0, 0x11, 0xB6, 0x4D, 0x78, 0x11, 0x53,
    0x19, 0x8D, 0xE0, 0x39, 0x11, 0x93, 0x1C, 0xFF, 0x2F, 0xD5, 0x49, 0x4F, 0x1E, 0x3F, 0xDE, 0x4D,
    0x9F, 0xD1, 0x43, 0x29, 0x1A, 0xA0, 0x11, 0x27, 0xA0, 0xB8, 0x03, 0x59, 0xE4, 0x82, 0xE2, 0xDF,
    0x52, 0xC5, 0xCB, 0x1F, 0xE3, 0xF2, 0x30, 0x77, 0xB8, 0x4C, 0x0E, 0x91, 0x7C, 0x23, 0x89, 0x4D,
    0x70, 0x5C, 0x19, 0xEF, 0xA5, 0x8E, 0x58, 0x95, 0x13, 0x7D, 0x6C, 0x6A, 0x88, 0x70, 0x92, 0x2A,
    0x3E, 0x26, 0x2C, 0x12, 0x9C, 0x8F, 0xC8, 0x43, 0x44, 0x26, 0x11, 0x8C, 0x09, 0x8B, 0x04, 0xF7,
    0xA3, 0x88, 0xFC, 0x45, 0x44, 0xF6, 0x55, 0x04, 0x9A, 0xD0, 0x04, 0x1D, 0x71, 0x09, 0x79, 0x48,
    0x2B, 0x00, 0xA3, 0x3A, 0x50, 0xF4, 0x3C, 0xA7, 0x02, 0xE7, 0x6B, 0xC8, 0xC3, 0x16, 0xB2, 0x6E,
    0x00, 0xD3, 0x0B, 0x20, 0xAF, 0x31, 0xF5, 0x4D, 0xA3, 0x53, 0x5C, 0x09, 0xA5, 0x9F, 0xEE, 0x9D,
    0xB2, 0x4C, 0xF9, 0x54, 0xB5, 0x8D, 0x3A, 0x38, 0x78, 0x16, 0x55, 0x46, 0xB9, 0x93, 0x66, 0x0E,
    0xB3, 0x73, 0x31, 0xD2, 0xE9, 0x37, 0xFE, 0x0F, 0x2E, 0xED, 0x94, 0x88, 0x6C, 0xCA, 0x39, 0xA5,
    0x67, 0x9A, 0x1B, 0x35, 0xD8, 0xC0, 0xF4, 0x7C, 0xA6, 0xA9, 0x20, 0x80, 0xBC, 0xC5, 0x81, 0x3F,
    0x32, 0xC2, 0x16, 0xF7, 0xC3, 0x8E, 0x9A, 0xFC, 0x37, 0x81, 0x12, 0xA3, 0x3E, 0xE5, 0x39, 0x82,
    0xD1, 0x53, 0xFE, 0x9F, 0x02, 0xE0, 0xAC, 0x07, 0xEC, 0xBF, 0x26, 0x1A, 0x05, 0xE0, 0xE3, 0xE9,
    0x0D, 0x12, 0x0E, 0x38, 0x58, 0x25, 0x94, 0x09, 0xEE, 0x1A, 0x67, 0x11, 0xE6, 0x19, 0xE9, 0x4D,
    0x22, 0x8E, 0x1E, 0xC7, 0x9C, 0x88, 0x32, 0xC1, 0xA5, 0x66, 0x1E, 0x22, 0xEC, 0x6F, 0x3B, 0x1D,
    0xD1, 0x10, 0xB1, 0xF6, 0x66, 0x7F, 0xC0, 0xA9, 0xFA, 0xCA, 0xE7, 0xA1, 0x9E, 0xEA, 0x67, 0xDA,
    0x1A, 0x28, 0x81, 0xFC, 0x3F, 0x81, 0xF5, 0x01, 0xF8, 0xB2, 0x05, 0xDB, 0x01, 0xF2, 0x83, 0xA8,
    0x18, 0x23, 0x0B, 0xF2, 0xDE, 0xA9, 0xB6, 0x46, 0x5F, 0xA1, 0xA7, 0x23, 0x7D, 0xE7, 0x24, 0x6C,
    0xE0, 0x83, 0xD5, 0xE8, 0x24, 0x1D, 0x23, 0x27, 0xB8, 0xD4, 0xFF, 0xA1, 0x28, 0x3C, 0x79, 0x9B,
    0x07, 0x0A, 0x6F, 0x3B, 0x1C, 0xE6, 0xC0, 0x0A, 0xD6, 0x3A, 0x40, 0xAE, 0x2D, 0xAF, 0x7F, 0x05,
    0xCE, 0x63, 0xFA, 0xFC, 0xB4, 0x6B, 0xE6, 0xC1, 0xF4, 0x14, 0x1E, 0xC1, 0xC1, 0x96, 0x19, 0xD4,
    0xD1, 0xE2, 0x79, 0x0B, 0x0E, 0x89, 0xF8, 0x79, 0x7F, 0xFA, 0xFB, 0x4C, 0xFF, 0x21, 0xA3, 0x1E,
    0x50, 0x80, 0xE7, 0xA0, 0x42, 0x83, 0xD5, 0x70, 0x75, 0x76, 0xB0, 0xF6, 0xD4, 0x29, 0xA1, 0x06,
    0xCE, 0xB1, 0x81, 0xAF, 0x02, 0x82, 0xED, 0xCC, 0x7F, 0x74, 0x46, 0x30, 0xBD, 0xFD, 0xAD, 0x64,
    0x1D, 0x88, 0x0D, 0xD1, 0x61, 0x93, 0xB7, 0xD1, 0xA1, 0x76, 0x7E, 0xE9, 0x7C, 0x3A, 0x27, 0x87,
    0xB3, 0x33, 0xEE, 0xCD, 0x00, 0x37, 0xA7, 0xAC, 0x81, 0x62, 0x89, 0x5B, 0x02, 0xF9, 0x81, 0x62,
    0x00, 0xEC, 0x40, 0x2E, 0x40, 0x26, 0xD8, 0x1E, 0x74, 0x74, 0x1A, 0x26, 0xC4, 0x96, 0xC0, 0x60,
    0x3B, 0x58, 0x16, 0x2D, 0xCC, 0xA6, 0x2C, 0x3B, 0xC0, 0xCA, 0x15, 0x8A, 0x03, 0x50, 0xCE, 0x81,
    0xB9, 0xF3, 0x70, 0xC8, 0x03, 0x99, 0x18, 0x21, 0x9E, 0xB7, 0xE8, 0x68, 0x55, 0x26, 0xBC, 0x4E,
    0x9A, 0x07, 0x06, 0x6C, 0x97, 0xF5, 0x18, 0x89, 0xD7, 0x6C, 0xA6, 0xA9, 0xCE, 0x80, 0xD9, 0x12,
    0x70, 0x02, 0xE4, 0x1D, 0x60, 0xC3, 0x0D, 0x68, 0xF4, 0x84, 0xB4, 0x66, 0x93, 0x04, 0x2B, 0x42,
    0x11, 0xA0, 0x02, 0x56, 0x60, 0x06, 0xB0, 0x1D, 0xB8, 0x16, 0x16, 0xC0, 0x08, 0x99, 0x30, 0x45,
    0x94, 0x50, 0xAF, 0xA2, 0x8E, 0xA7, 0xED, 0x6C, 0xDF, 0x0B, 0x1F, 0x6A, 0xFB, 0xFE, 0x0E, 0x7C,
    0x0E, 0xF7, 0xE1, 0x33, 0xF8, 0x3E, 0xDC, 0x86, 0x02, 0x6C, 0xF4, 0x96, 0x2C, 0x60, 0x02, 0xF4,
    0xF0, 0x14, 0x1E, 0xA4, 0xB8, 0x14, 0x74, 0x77, 0x8A, 0x2B, 0x20, 0x07, 0xEB, 0xC9, 0x5A, 0x4C,
    0xBB, 0xEF, 0x91, 0x0F, 0xB5, 0x18, 0x7B, 0x07, 0x6A, 0x38, 0x62, 0x7E, 0x83, 0xFD, 0xDB, 0x50,
    0xD0, 0x7F, 0xCA, 0xD3, 0xFB, 0xD4, 0x0F, 0xB8, 0xAB, 0x2A, 0xD1, 0x77, 0xF5, 0xFC, 0xCC, 0x65,
    0x47, 0x9C, 0x86, 0xDB, 0x59, 0xFF, 0x3D, 0xC4, 0x3C, 0x16, 0xF7, 0x3B, 0xB9, 0x87, 0xD4, 0xD1,
    0x33, 0xA9, 0x9E, 0x1C, 0x8B, 0xE1, 0x11, 0x70, 0x09, 0x28, 0xE0, 0x6E, 0xD2, 0xBA, 0xC7, 0xE9,
    0x25, 0xAE, 0xAD, 0x70, 0x14, 0xAD, 0xC3, 0x86, 0x6B, 0xF9, 0xD8, 0x0E, 0x25, 0x6E, 0x7F, 0xC9,
    0xED, 0xF2, 0x25, 0xB7, 0x8E, 0x94, 0xDA, 0xAD, 0x8C, 0x6C, 0xF8, 0x07, 0x81, 0xC9, 0xD9, 0xC0,
    0xDC, 0x48, 0xEC, 0xCF, 0x8E, 0x1E, 0x3B, 0x80, 0x1D, 0x81, 0xFA, 0xBD, 0xCA, 0x74, 0x49, 0xA9,
    0x23, 0x73, 0x76, 0x6C, 0xA9, 0x91, 0x37, 0xB4, 0x61, 0xC9, 0x8A, 0x91, 0x52, 0xF7, 0xED, 0xAD,
    0xCB, 0xB2, 0x9D, 0x5E, 0x2E, 0x2C, 0xD2, 0x26, 0x22, 0x6B, 0x4D, 0x7E, 0x0E, 0x35, 0x2C, 0x10,
    0x97, 0x1E, 0x06, 0xCF, 0xC9, 0xFE, 0x3B, 0xD8, 0x17, 0xC1, 0xFE, 0xCA, 0xDB, 0x40, 0xF4, 0x46,
    0x93, 0xDB, 0x70, 0xA3, 0xFF, 0x45, 0x8C, 0xF1, 0x00, 0xEC, 0x7F, 0xDC, 0x59, 0xD5, 0xBE, 0x68,
    0x47, 0x1C, 0xF5, 0xB5, 0xF2, 0xF6, 0x40, 0xA1, 0x82, 0x5B, 0xB7, 0x9C, 0x01, 0xA5, 0x27, 0xB6,
    0x5F, 0x51, 0x3C, 0xD1, 0x70, 0x8F, 0xBC, 0xAF, 0x31, 0x52, 0x13, 0xCB, 0xEB, 0x3F, 0xE9, 0x0A,
    0x55, 0xCF, 0x4F, 0xFE, 0xF1, 0xBB, 0x2B, 0x5C, 0xBD, 0x64, 0xAA, 0x70, 0x98, 0xE1, 0x6E, 0x30,
    0x15, 0x77, 0xA1, 0x92, 0xC7, 0xAF, 0xDC, 0x30, 0x03, 0xE0, 0x12, 0x7D, 0x37, 0xAA, 0xCF, 0xFB,
    0xAC, 0xB7, 0x62, 0x3A, 0x70, 0xE2, 0x84, 0x1B, 0xCC, 0xC8, 0xBA, 0xAB, 0xDA, 0xEF, 0x9C, 0x95,
    0x53, 0x26, 0xE5, 0x1D, 0xAE, 0x02, 0xB7, 0x8F, 0xD2, 0x80, 0xFB, 0x75, 0x8F, 0x43, 0xA2, 0x36,
    0x5E, 0xA5, 0xE9, 0x54, 0xCA, 0xF6, 0x3D, 0x73, 0x79, 0xCF, 0xDC, 0x2E, 0x9B, 0x6E, 0xEF, 0x55,
    0xBF, 0xD6, 0xCE, 0xB5, 0xCF, 0x33, 0x71, 0xD4, 0xDC, 0x8C, 0x98, 0xBA, 0x7D, 0x15, 0x11, 0x1E,
    0x5D, 0xC6, 0xF2, 0xE8, 0x54, 0x9E, 0xEA, 0x3B, 0xCB, 0x93, 0x5D, 0x2D, 0xC0, 0x2D, 0x5B, 0xA1,
    0x96, 0xC9, 0xE3, 0xF5, 0xD5, 0x02, 0xE4, 0xB2, 0xEA, 0x74, 0x7F, 0x70, 0x61, 0xE5, 0x38, 0x73,
    0xB8, 0x2B, 0x9F, 0xA5, 0xCD, 0x51, 0x07, 0xB7, 0xBE, 0x70, 0x70, 0xED, 0x2A, 0xC9, 0x6F, 0x1D,
    0x6B, 0x4A, 0xDD, 0x4D, 0x6B, 0x6F, 0xCB, 0xF2, 0xAD, 0x35, 0xB9, 0x8D, 0x9A, 0xB3, 0x4B, 0x6B,
    0x76, 0x5A, 0xBB, 0x50, 0xBF, 0xAD, 0xEC, 0x79, 0x8B, 0xD5, 0x70, 0x59, 0x05, 0xDD, 0x8B, 0xFB,
    0x95, 0x38, 0xD3, 0x3B, 0xF8, 0xBF, 0x0F, 0x29, 0x8E, 0x34, 0x4F, 0x42, 0x9D, 0x16, 0x33, 0xD5,
    0x05, 0xF9, 0x11, 0x3E, 0xE9, 0xA6, 0xB5, 0x24, 0xCD, 0x2F, 0xFB, 0x42, 0x3D, 0x50, 0xBC, 0x79,
    0xD7, 0x98, 0xFC, 0xED, 0x54, 0x17, 0x8E, 0xDE, 0xFD, 0xB0, 0xCF, 0x35, 0x18, 0xF5, 0xCA, 0x64,
    0xB8, 0x9B, 0xAC, 0x6D, 0xC8, 0x55, 0x3B, 0xB3, 0xFF, 0x45, 0xA7, 0xD2, 0x8C, 0x49, 0x45, 0x5B,
    0xB4, 0x36, 0x38, 0xB2, 0x7E, 0x86, 0x91, 0x39, 0x1C, 0x76, 0xB0, 0x1C, 0xA0, 0x11, 0x28, 0x3B,
    0x70, 0x01, 0x95, 0xD2, 0xAB, 0xA8, 0x54, 0xAD, 0x4A, 0xCC, 0x11, 0x2A, 0xF2, 0xB0, 0xEE, 0xE6,
    0xD8, 0xEE, 0x9F, 0xFB, 0x25, 0x46, 0x44, 0x06, 0xF8, 0xBD, 0xFC, 0x5E, 0xE0, 0x79, 0xFF, 0x2F,
    0x3D, 0x34, 0xA1, 0x09, 0x50, 0x85, 0xA6, 0x65, 0xDA, 0x43, 0xD0, 0xAF, 0x34, 0x24, 0xC5, 0xFF,
    0x14, 0x7C, 0x1D, 0x60, 0xED, 0x61, 0x46, 0x3A, 0x4F, 0xED, 0xD8, 0x7F, 0x1D, 0xB3, 0x6F, 0x9B,
    0x71, 0x1D, 0x9A, 0x31, 0xEB, 0xF2, 0x60, 0xA4, 0x68, 0x11, 0xE7, 0x39, 0x2F, 0xA1, 0x9E, 0xC3,
    0xBD, 0x1A, 0xDC, 0x36, 0x6A, 0x80, 0x5C, 0xC0, 0x76, 0x51, 0x01, 0x62, 0xD8, 0xA7, 0x25, 0xB8,
    0x4B, 0xC8, 0x07, 0x50, 0x95, 0xE8, 0x52, 0x74, 0x52, 0x79, 0x56, 0x98, 0x81, 0xBC, 0xA3, 0xF4,
    0xB2, 0x42, 0x8E, 0x8F, 0xD3, 0x10, 0x1F, 0x9B, 0xC1, 0x86, 0x77, 0xAC, 0x2D, 0x99, 0x93, 0xFB,
    0x77, 0xFB, 0xB3, 0x8E, 0xAD, 0xDC, 0x74, 0x7C, 0x4C, 0xC9, 0xEB, 0xD0, 0x7C, 0x32, 0x1B, 0xCC,
    0xC0, 0xCE, 0x76, 0x53, 0xFB, 0x8D, 0x44, 0x45, 0x3B, 0x07, 0xA8, 0x7E, 0x16, 0xBA, 0x47, 0x00,
    0xFF, 0x0B, 0xB5, 0x97, 0x01, 0x84, 0x24, 0xD9, 0x19, 0xC7, 0x7F, 0x55, 0x6F, 0x66, 0x2B, 0xB9,
    0xEA, 0x99, 0x37, 0xB8, 0xB0, 0x71, 0xBD, 0xD3, 0x23, 0x26, 0xAC, 0xDB, 0x9E, 0xE9, 0x89, 0xF4,
    0xC9, 0xA0, 0x7A, 0xBA, 0xF6, 0x82, 0x00, 0xB2, 0xC2, 0x09, 0x2E, 0x38, 0x01, 0x21, 0x48, 0x63,
    0x30, 0xDC, 0x4C, 0xBA, 0xB2, 0xC1, 0xE6, 0x08, 0x06, 0x0E, 0x01, 0x16, 0x10, 0x8B, 0x4C, 0xA3,
    0x31, 0x62, 0x6E, 0xE7, 0xDD, 0xAD, 0xDC, 0x01, 0xB6, 0x24, 0x38, 0xE4, 0x48, 0x5D, 0x2C, 0x61,
    0x97, 0x78, 0xBB, 0x5B, 0xDC, 0x24, 0x57, 0xDD, 0x5F, 0xDE, 0xBB, 0xDE, 0x1D, 0xBB, 0x37, 0x3B,
    0x3B, 0xB3, 0xB1, 0x53, 0xEF, 0xFB, 0x7E, 0xFD, 0x75, 0xBF, 0xFF, 0xF7, 0xFD, 0xBB, 0xEB, 0xF5,
    0x34, 0x33, 0xAC, 0xD6, 0xB1, 0x4F, 0x5E, 0xB4, 0x71, 0x71, 0xEE, 0x63, 0x1A, 0x9F, 0xE4, 0x5B,
    0x6F, 0xD8, 0x61, 0xFB, 0xBA, 0x6D, 0x33, 0x89, 0x61, 0x9B, 0xCE, 0x1B, 0xD6, 0xBD, 0x1E, 0x7E,
    0x9C, 0xD2, 0x86, 0x39, 0xB8, 0x49, 0x78, 0xCF, 0xA8, 0x5B, 0x46, 0x7D, 0x98, 0x2A, 0x83, 0x8B,
    0xAE, 0xF8, 0xF0, 0xF5, 0x91, 0xA8, 0xBA, 0xA5, 0x8B, 0x4B, 0x86, 0xD7, 0x01, 0xE8, 0xD1, 0x5B,
    0xAE, 0x4C, 0xFC, 0x36, 0xF5, 0xD0, 0xD4, 0x03, 0xE3, 0xA8, 0xA3, 0xF4, 0x52, 0x65, 0x7A, 0x73,
    0x03, 0x40, 0x2A, 0x2D, 0x46, 0x3C, 0x22, 0xC3, 0x01, 0x2A, 0x0F, 0x2D, 0x58, 0x57, 0xB3, 0xA1,
    0x53, 0x68, 0xAE, 0x01, 0xB3, 0x7B, 0xA0, 0x45, 0xAA, 0x09, 0x50, 0xE6, 0xC8, 0xD3, 0x09, 0xBA,
    0xF2, 0x08, 0x76, 0x72, 0x71, 0x58, 0xC5, 0x63, 0x96, 0xC2, 0xAC, 0x4D, 0xBA, 0x0A, 0x8D, 0x11,
    0x2D, 0xC9, 0xDA, 0xCA, 0xAC, 0x62, 0x3A, 0x98, 0xAE, 0x64, 0xB1, 0xA4, 0x04, 0x66, 0x01, 0xB3,
    0x1A, 0x66, 0x4E, 0xF9, 0x86, 0x59, 0xC8, 0x78, 0x6D, 0x9C, 0xC2, 0x30, 0x28, 0x50, 0x29, 0x75,
    0x66, 0x20, 0x62, 0x31, 0x18, 0x5F, 0xCE, 0x7A, 0xF1, 0x9B, 0x26, 0xDF, 0x9E, 0x0F, 0xF3, 0x77,
    0x4C, 0xA2, 0xB2, 0x15, 0x93, 0xC0, 0x13, 0xD8, 0x9E, 0x67, 0xFB, 0x9D, 0x9E, 0xBE, 0x6A, 0xF2,
    0xC5, 0x70, 0x1C, 0x64, 0x35, 0x88, 0xF0, 0x03, 0x26, 0xA3, 0xF0, 0x43, 0x1B, 0x19, 0xED, 0x01,
    0x73, 0x3D, 0x96, 0x2D, 0xBD, 0x15, 0x7A, 0x03, 0x5A, 0x9B, 0x7C, 0xEB, 0xAD, 0x14, 0xD4, 0x2B,
    0x7A, 0xB9, 0xB3, 0xB9, 0x61, 0x5B, 0x9D, 0x78, 0x36, 0x9C, 0x86, 0xBE, 0x58, 0x17, 0xF0, 0x28,
    0xA4, 0x92, 0x0A, 0x00, 0x62, 0xC9, 0xE0, 0xE6, 0xDB, 0x25, 0xAA, 0x60, 0x99, 0x38, 0x25, 0xCE,
    0x2E, 0xF4, 0xC7, 0xA1, 0x49, 0x6A, 0xA1, 0x29, 0xDA, 0x35, 0xF2, 0x41, 0xCF, 0x61, 0x7D, 0xE0,
    0x9E, 0xB6, 0x07, 0x7A, 0xEC, 0xFC, 0x6A, 0x17, 0x59, 0x5F, 0xAF, 0xD5, 0x18, 0xAC, 0xD6, 0xA2,
    0x85, 0x62, 0xA9, 0xFF, 0xE6, 0x3F, 0x8D, 0x86, 0x38, 0x53, 0x39, 0xCB, 0x93, 0x51, 0xBC, 0x26,
    0x19, 0x00, 0x88, 0x11, 0xF3, 0xEA, 0x1F, 0xFE, 0xB2, 0xA1, 0xF1, 0x4B, 0xAA, 0x9D, 0x3F, 0x4E,
    0x2A, 0xF0, 0xEF, 0x20, 0x3E, 0xA0, 0x39, 0x4F, 0x3B, 0x02, 0x17, 0x33, 0x30, 0xF4, 0xFE, 0xAB,
    0x01, 0x2B, 0x11, 0x5D, 0xF1, 0xC1, 0x32, 0x0C, 0x51, 0x86, 0xE8, 0x00, 0x66, 0xC1, 0x2B, 0x69,
    0xCF, 0x13, 0x97, 0x9C, 0x6F, 0x6B, 0x04, 0x9F, 0x9E, 0xCF, 0xCC, 0xAC, 0xCB, 0x17, 0x22, 0xF9,
    0xFD, 0xFD, 0x6B, 0xB9, 0x05, 0x9E, 0x95, 0x91, 0x54, 0x2D, 0xA9, 0xFA, 0x52, 0xC9, 0xE3, 0xD8,
    0x97, 0xAA, 0x2B, 0x55, 0x2C, 0x15, 0xEA, 0x79, 0x31, 0xAC, 0x76, 0x9B, 0xAB, 0xBD, 0xAA, 0x5E,
    0xFB, 0xEA, 0xAA, 0x4B, 0x54, 0xB2, 0x74, 0x81, 0x76, 0xC4, 0x4A, 0xE4, 0xE9, 0xEA, 0xA8, 0x64,
    0xFA, 0xAD, 0x2B, 0xF0, 0x61, 0x76, 0xBF, 0xD8, 0x2C, 0x97, 0x92, 0xFF, 0xD8, 0xCF, 0xCD, 0x6F,
    0x52, 0xA8, 0x80, 0x3A, 0x50, 0x7B, 0x66, 0x16, 0xD4, 0x02, 0xD3, 0x13, 0x95, 0x59, 0x22, 0x35,
    0x60, 0x36, 0x5E, 0xA1, 0x3E, 0xB3, 0xC2, 0xEA, 0xAA, 0x3F, 0xDD, 0x15, 0x0A, 0x91, 0xD0, 0xD0,
    0x53, 0x29, 0x2B, 0x21, 0x08, 0x9C, 0x66, 0xDE, 0xDF, 0x4B, 0x51, 0xBB, 0x17, 0x88, 0x7A, 0x31,
    0xB3, 0x73, 0x31, 0x4D, 0x66, 0x59, 0x65, 0x93, 0x81, 0x2A, 0x28, 0x1A, 0x84, 0x66, 0x3D, 0x50,
    0x69, 0x4F, 0x85, 0xEC, 0x0B, 0x40, 0xD7, 0x73, 0x1E, 0x18, 0x42, 0x68, 0x20, 0x3A, 0x00, 0x5E,
    0x01, 0x94, 0xCF, 0x82, 0x75, 0x9D, 0x37, 0x1B, 0x5F, 0x9A, 0x4D, 0xA2, 0xF4, 0x33, 0x62, 0xF5,
    0x7B, 0x66, 0x66, 0x6B, 0x34, 0x9B, 0x35, 0xFF, 0xCD, 0x60, 0x20, 0x42, 0x4E, 0x3D, 0x34, 0xD4,
    0xC2, 0x14, 0x01, 0x60, 0x19, 0xBA, 0x78, 0x02, 0xDF, 0x84, 0x79, 0xB8, 0x00, 0x09, 0x1C, 0x10,
    0x15, 0xB4, 0x52, 0x36, 0xC1, 0x72, 0xDE, 0xD2, 0xB1, 0x2C, 0xED, 0xB1, 0xD5, 0xBD, 0x77, 0x70,
    0x4E, 0xB6, 0x61, 0x15, 0xA0, 0x0E, 0x74, 0xC7, 0x40, 0x4B, 0x80, 0x50, 0x52, 0x50, 0x9F, 0x1A,
    0x88, 0x6E, 0xE5, 0xA0, 0x2F, 0x17, 0xD0, 0xC0, 0xC2, 0x12, 0x1B, 0x90, 0x90, 0xC0, 0x90, 0x79,
    0x10, 0x11, 0x02, 0x87, 0xC9, 0xCF, 0x4B, 0x94, 0x11, 0xE6, 0x1A, 0x82, 0x42, 0x2C, 0x5A, 0x3C,
    0x04, 0xA6, 0x00, 0x9A, 0x00, 0xED, 0xFF, 0xDF, 0xE3, 0xBF, 0x37, 0x76, 0x9E, 0xE7, 0xB1, 0x05,
    0x04, 0xB7, 0xD2, 0x33, 0x1A, 0xAF, 0x8A, 0x02, 0xE2, 0xB5, 0x1C, 0xA6, 0xE3, 0xEC, 0x8C, 0x3C,
    0xB8, 0x0A, 0x04, 0x9F, 0x9C, 0xD9, 0x29, 0xBC, 0x0A, 0xF0, 0x3E, 0xC0, 0x47, 0x00, 0xBF, 0x38,
    0x2B, 0xA3, 0x6E, 0xA5, 0xC4, 0x97, 0xAD, 0xD1, 0xE4, 0x31, 0x14, 0x12, 0xB0, 0xA8, 0xDB, 0xA9,
    0x7F, 0x24, 0xBE, 0x96, 0x25, 0x00, 0x5A, 0x99, 0x04, 0x60, 0x3E, 0x28, 0x12, 0x80, 0x0E, 0xB6,
    0x2B, 0x02, 0x09, 0x43, 0xFF, 0xC8, 0x90, 0x24, 0x01, 0x10, 0x19, 0x25, 0xE0, 0x5D, 0xC7, 0x09,
    0xA0, 0x0C, 0x3A, 0x01, 0x9C, 0x77, 0xB4, 0x07, 0x56, 0xA7, 0xA8, 0x0A, 0xEC, 0xCE, 0x75, 0x2E,
    0xC9, 0x8D, 0x1B, 0xD6, 0x3B, 0x4F, 0xFC, 0xC7, 0x84, 0x22, 0x85, 0xCE, 0x83, 0xB2, 0x05, 0x1B,
    0x09, 0xAC, 0xEE, 0xC2, 0xA2, 0x05, 0x9E, 0xCC, 0x12, 0xD8, 0x05, 0x12, 0xA0, 0x05, 0x9D, 0xB8,
    0x08, 0x2A, 0xDF, 0xE7, 0x7F, 0xF4, 0xBD, 0x19, 0x51, 0xCA, 0xE1, 0xDF, 0x64, 0x98, 0xB1, 0x2F,
    0x52, 0xF5, 0x5D, 0x2A, 0x43, 0xF2, 0x28, 0x39, 0x4C, 0x11, 0xE3, 0xD3, 0xD7, 0x4F, 0xE7, 0x44,
    0xFB, 0xCB, 0xBB, 0x37, 0xF6, 0x7C, 0x3F, 0x41, 0x0A, 0x2A, 0x83, 0x88, 0x97, 0x33, 0x2F, 0xCA,
    0xA0, 0xF6, 0xCE, 0xCB, 0x99, 0xF5, 0x8D, 0x2B, 0x50, 0xBB, 0xFE, 0x52, 0x66, 0xCD, 0x10, 0x21,
    0x95, 0x54, 0x9A, 0xE3, 0x96, 0xDF, 0x0D, 0x88, 0x99, 0x39, 0x85, 0x4E, 0xB3, 0x98, 0x9F, 0xAC,
    0x9A, 0xCB, 0xBE, 0x6B, 0x4E, 0x56, 0xF5, 0x45, 0xB6, 0xE9, 0x8A, 0x8C, 0x51, 0x86, 0x5F, 0x65,
    0x0E, 0x51, 0xE1, 0x10, 0x58, 0x07, 0x76, 0x3D, 0x36, 0x7F, 0x6A, 0x20, 0x11, 0x0F, 0xF5, 0x18,
    0x1B, 0x1E, 0x43, 0x0F, 0xAF, 0x53, 0xB9, 0x43, 0x2B, 0xBB, 0x74, 0x77, 0x67, 0x84, 0x9F, 0x07,
    0xEA, 0x6F, 0x19, 0xC4, 0xEF, 0x02, 0xD3, 0x53, 0x20, 0xA9, 0xB7, 0x32, 0x0E, 0xDA, 0xA2, 0x8C,
    0xAE, 0x3C, 0xD6, 0x3C, 0x74, 0xEA, 0x10, 0x19, 0x87, 0xD0, 0x3A, 0x50, 0x79, 0xAC, 0x79, 0xE8,
    0x1F, 0x3A, 0x44, 0xB7, 0x1C, 0xC2, 0x87, 0x0E, 0x88, 0x47, 0xD7, 0x48, 0x85, 0xF6, 0x88, 0x0C,
    0xE4, 0x00, 0x03, 0xC0, 0x7F, 0x41, 0x03, 0x91, 0x92, 0xB8, 0xE0, 0x26, 0xAD, 0x94, 0x46, 0xDA,
    0xC1, 0x49, 0x76, 0x21, 0xCC, 0x4B, 0x08, 0x0A, 0x0B, 0xD8, 0xA7, 0x10, 0x14, 0x5F, 0xED, 0x26,
    0x5E, 0xD7, 0x00, 0x9D, 0xFA, 0x5E, 0xFC, 0x94, 0xC9, 0x3C, 0xE8, 0x01, 0x14, 0x00, 0xF9, 0x51,
    0x0F, 0xDF, 0x91, 0x3C, 0xD7, 0xA3, 0x3C, 0xE2, 0xD1, 0x38, 0xEA, 0x61, 0x01, 0x55, 0x07, 0x1A,
    0x67, 0xF1, 0x11, 0xA2, 0xDF, 0x02, 0xB3, 0xF7, 0x80, 0x7A, 0x07, 0x68, 0x9D, 0x85, 0x47, 0x30,
    0x05, 0xA8, 0x9F, 0x9D, 0xD1, 0x1D, 0x9A, 0x9B, 0x1B, 0xEE, 0xF6, 0x6D, 0xC3, 0xB4, 0xF2, 0x0F,
    0xCA, 0xDE, 0x3A, 0x87, 0x57, 0x90, 0xB9, 0xED, 0x1F, 0xE5, 0x4E, 0x28, 0xBE, 0x65, 0x9F, 0x16,
    0x88, 0xB3, 0x53, 0xFF, 0x72, 0x76, 0xF1, 0x47, 0xCE, 0xAE, 0xE5, 0xED, 0xF6, 0xB0, 0x36, 0xB0,
    0x0E, 0x51, 0xEE, 0xEC, 0x1A, 0xA9, 0xB3, 0xEB, 0x38, 0xBB, 0xCE, 0x81, 0xB7, 0x2B, 0x9C, 0x9D,
    0xF6, 0x76, 0x2D, 0x6F, 0xB7, 0xE7, 0xED, 0x16, 0x00, 0xA0, 0x0D, 0x70, 0x1E, 0xA4, 0xA2, 0x2B,
    0xE2, 0xA1, 0x41, 0x99, 0xD3, 0x22, 0x4E, 0x89, 0xB2, 0xC8, 0x10, 0xA7, 0x2A, 0x47, 0x13, 0x1C,
    0xB0, 0x05, 0x7D, 0x29, 0x21, 0x92, 0x0C, 0xA8, 0x03, 0x5C, 0x04, 0x68, 0xBF, 0x0C, 0x8F, 0x82,
    0x06, 0xC1, 0x28, 0xF8, 0xE0, 0x29, 0x8F, 0x04, 0xE0, 0xD6, 0x99, 0x7D, 0x84, 0xCB, 0x00, 0x9F,
    0x9E, 0xD9, 0xF8, 0x14, 0x08, 0x0D, 0xA0, 0xD2, 0xAF, 0xFD, 0x83, 0x55, 0xA2, 0xF2, 0xB0, 0x20,
    0xB0, 0xAE, 0x66, 0xA8, 0x53, 0x48, 0x96, 0x81, 0xA5, 0x4D, 0x40, 0x5B, 0x20, 0xCA, 0xF1, 0x0E,
    0xC7, 0xE0, 0xD2, 0x5D, 0xA0, 0x2B, 0xB0, 0xF2, 0x38, 0x6E, 0x8F, 0xA9, 0x87, 0x79, 0x93, 0x5E,
    0x93, 0x8B, 0x4D, 0xEA, 0x4D, 0x6A, 0x9E, 0xBE, 0x6E, 0x37, 0x83, 0xE2, 0xB6, 0xA4, 0x87, 0xCA,
    0x05, 0x78, 0x70, 0x07, 0x19, 0x31, 0x6E, 0x30, 0xD2, 0x8E, 0xBE, 0x7E, 0x78, 0xC0, 0x97, 0x63,
    0x44, 0xCC, 0x38, 0xCE, 0x2B, 0x55, 0x54, 0x2A, 0x97, 0xD8, 0x88, 0x64, 0x5F, 0x8C, 0xB1, 0x57,
    0xA0, 0x09, 0x33, 0x00, 0xE1, 0x18, 0x2D, 0x66, 0x36, 0x2C, 0xA6, 0xB0, 0xC1, 0x0D, 0xAB, 0xEF,
    0xDA, 0x25, 0x6C, 0xE2, 0x22, 0xB4, 0xAD, 0x9D, 0x71, 0x5C, 0xFE, 0x1A, 0x60, 0x1A, 0xEA, 0x70,
    0xF1, 0x74, 0xE2, 0x29, 0xF8, 0x01, 0x5C, 0x4E, 0x4F, 0x25, 0x2E, 0xF3, 0xF0, 0x4F, 0x26, 0x8C,
    0x4E, 0x27, 0xFE, 0x09, 0xFC, 0x9C, 0x53, 0x29, 0xCF, 0xC3, 0x77, 0x7C, 0xF0, 0xED, 0xD3, 0xE8,
    0xBD, 0xE6, 0xB5, 0x03, 0x2F, 0xEB, 0x0B, 0xB3, 0xE1, 0xE7, 0x65, 0x9C, 0x4E, 0xF1, 0x20, 0x57,
    0x26, 0xF8, 0xF3, 0x43, 0x11, 0xA3, 0xDF, 0xF7, 0xEC, 0xF0, 0x30, 0x87, 0x84, 0x07, 0x85, 0x63,
    0x78, 0xBF, 0x54, 0xA6, 0xB5, 0x23, 0x7D, 0x49, 0xDD, 0x04, 0xD7, 0x0B, 0x00, 0xE7, 0xC6, 0x34,
    0x24, 0xDF, 0x0A, 0xEC, 0x90, 0xEB, 0x16, 0x26, 0x31, 0x84, 0x4E, 0x60, 0xDD, 0xEB, 0xE1, 0x38,
    0x65, 0x08, 0x16, 0x0C, 0x0C, 0x60, 0x91, 0xC3, 0xFB, 0xBF, 0x16, 0xE6, 0x09, 0xB6, 0x2F, 0x3E,
    0x36, 0x20, 0x81, 0x35, 0xAC, 0xF6, 0x2D, 0xF0, 0x2A, 0xAC, 0xC0, 0xE0, 0x14, 0xCA, 0x39, 0xF8,
    0x8C, 0x60, 0xFA, 0x64, 0x65, 0xF0, 0x3B, 0x1F, 0x27, 0xCA, 0x66, 0x38, 0x07, 0x8C, 0x10, 0xF4,
    0xD3, 0xAB, 0x88, 0x8A, 0x80, 0x98, 0x99, 0x63, 0xF6, 0xA6, 0x79, 0x3D, 0x9B, 0x4B, 0x9F, 0xBD,
    0xB7, 0x98, 0x2D, 0x66, 0xCF, 0xDE, 0x41, 0x95, 0xA0, 0x2A, 0xE0, 0xFB, 0x16, 0x12, 0xBE, 0x9E,
    0xA1, 0x6C, 0xD2, 0x90, 0x8A, 0x0E, 0x7B, 0xEC, 0x92, 0x60, 0x9F, 0xC8, 0x21, 0x9B, 0x6C, 0x51,
    0xD1, 0x90, 0xFD, 0xEC, 0xDC, 0xA8, 0x91, 0xB2, 0xD7, 0x86, 0x7F, 0x0C, 0x08, 0xAE, 0xE6, 0x8C,
    0x5A, 0x77, 0x10, 0x19, 0xA1, 0x4D, 0x0B, 0x7D, 0xCC, 0x12, 0xAB, 0xB7, 0xC5, 0x46, 0x05, 0xBD,
    0xC3, 0x63, 0x79, 0x74, 0x92, 0xBB, 0xEC, 0x5A, 0x92, 0x49, 0xB8, 0xDA, 0x9F, 0xE4, 0xE1, 0xB1,
    0xB4, 0x61, 0x70, 0x0A, 0xE5, 0x02, 0xFE, 0x58, 0x82, 0x93, 0x95, 0xEA, 0xAF, 0x59, 0xF4, 0x2E,
    0xD3, 0xD3, 0x27, 0x2B, 0x79, 0x8F, 0xE0, 0xBD, 0x93, 0x65, 0x01, 0x51, 0x1A, 0x20, 0x95, 0x54,
    0xB8, 0x2A, 0x04, 0x00, 0x5E, 0x21, 0xD8, 0xDF, 0x21, 0x92, 0x8A, 0xC6, 0xE5, 0x8A, 0x65, 0xF5,
    0x6F, 0x12, 0xFD, 0x63, 0x92, 0x8E, 0x76, 0xCD, 0x9A, 0x56, 0xB1, 0x8C, 0x36, 0xFE, 0x56, 0x97,
    0x6C, 0xED, 0x67, 0xAC, 0x00, 0x00, 0xCC, 0x00, 0x11, 0x00, 0xC8, 0xA3, 0xA5, 0x8F, 0x5B, 0x59,
    0x97, 0x48, 0x24, 0x0F, 0xF6, 0xAF, 0xE5, 0x04, 0x40, 0x0C, 0xCC, 0xBC, 0x60, 0xDF, 0x34, 0xF0,
    0x7A, 0x06, 0x73, 0xE9, 0x8B, 0xF5, 0x01, 0x7C, 0xCF, 0xBC, 0x78, 0x5F, 0x90, 0x82, 0x4A, 0x21,
    0x82, 0xFD, 0xAC, 0x5B, 0xF5, 0x4D, 0xB7, 0x0A, 0xF3, 0xC8, 0x04, 0x36, 0xCE, 0xB0, 0x3A, 0x65,
    0xA3, 0x01, 0x49, 0x07, 0x96, 0x12, 0xD0, 0xBB, 0xA0, 0x4B, 0x88, 0x2C, 0xA8, 0x1C, 0x94, 0x01,
    0x27, 0xBB, 0xD0, 0x00, 0x3D, 0x82, 0xA8, 0x84, 0x11, 0x20, 0x80, 0x3E, 0x2E, 0xFB, 0x05, 0x5A,
    0x46, 0xE8, 0xAC, 0x85, 0x26, 0xCE, 0x34, 0xCA, 0x1C, 0x66, 0xEA, 0x9E, 0x9B, 0x06, 0x7A, 0x7F,
    0xC4, 0x6C, 0xE3, 0x0E, 0x25, 0x1C, 0xC9, 0x2B, 0x00, 0x00, 0xF5, 0x02, 0xA6, 0xD2, 0x97, 0xF2,
    0x9E, 0xFF, 0x07, 0xB5, 0xD8, 0x01, 0x84, 0x25, 0xD9, 0x7E, 0xC7, 0xF1, 0x4F, 0xDD, 0x9A, 0x9D,
    0xCA, 0xCE, 0x9D, 0x9D, 0xD3, 0x64, 0xB1, 0xDE, 0xCE, 0xCE, 0x5D, 0x6C, 0x58, 0x36, 0x3B, 0x77,
    0xC9, 0xBC, 0x98, 0x70, 0x67, 0x6E, 0x6D, 0x12, 0x02, 0x21, 0x83, 0x6C, 0x02, 0x10, 0x04, 0xE4,
    0x85, 0x37, 0xBC, 0x25, 0x83, 0xEE, 0xED, 0x12, 0x08, 0xBC, 0xD0, 0x81, 0x08, 0x82, 0x41, 0x02,
    0xBD, 0x64, 0x16, 0x83, 0xF6, 0xB2, 0xBB, 0x5D, 0xC9, 0x02, 0x79, 0x8B, 0x7A, 0xE0, 0xC1, 0x4B,
    0x94, 0xD8, 0x10, 0xFB, 0xE0, 0xF0, 0xEE, 0xD2, 0x1B, 0xB7, 0xFB, 0xA4, 0xAA, 0xF4, 0xF4, 0xF6,
    0xEC, 0xEB, 0x76, 0x67, 0xBC, 0xDB, 0x5D, 0xFF, 0xDF, 0xAF, 0xEE, 0x54, 0x9D, 0xFA, 0xFF, 0xBE,
    0x4E, 0x55, 0xCD, 0xAD, 0x5B, 0x46, 0xA9, 0x62, 0xB0, 0xF9, 0x11, 0xA6, 0x09, 0x59, 0x2A, 0xC9,
    0x7F, 0x5A, 0x53, 0x7C, 0xD6, 0x10, 0xDE, 0x6D, 0x99, 0x88, 0xBC, 0xED, 0x01, 0x33, 0x33, 0x1E,
    0xBB, 0x41, 0x4A, 0x49, 0xD6, 0x59, 0x99, 0xD7, 0xF2, 0xBA, 0xA8, 0x8C, 0x9A, 0x40, 0xD6, 0xA6,
    0x28, 0xA4, 0xC1, 0xA4, 0xCA, 0x6E, 0x39, 0x3A, 0x12, 0x52, 0x7D, 0x6D, 0xD4, 0x5E, 0x12, 0xB3,
    0xDD, 0x18, 0xBE, 0x8C, 0x6F, 0x8B, 0xB3, 0xAE, 0x46, 0x71, 0xFA, 0xE8, 0x68, 0xBC, 0xF8, 0x00,
    0x72, 0x35, 0xF9, 0xCF, 0x6B, 0x7C, 0xEA, 0x34, 0xCD, 0xE8, 0x79, 0x68, 0xFE, 0x6F, 0xF7, 0xD1,
    0xF9, 0x34, 0x59, 0x55, 0xEB, 0x02, 0xB6, 0xAD, 0x06, 0x7A, 0x9A, 0x60, 0x7D, 0xF3, 0x81, 0xAB,
    0x70, 0x19, 0xAE, 0xC1, 0x09, 0x4C, 0xEC, 0x60, 0x46, 0x47, 0x71, 0xF2, 0x77, 0x03, 0x89, 0x78,
    0xA7, 0xF8, 0x2A, 0x2C, 0x8F, 0xB2, 0x72, 0x93, 0xAB, 0xBC, 0x70, 0x3C, 0x7C, 0x54, 0x93, 0x97,
    0x14, 0x98, 0x1E, 0x19, 0xA5, 0xD4, 0x86, 0x26, 0x5B, 0x4C, 0x79, 0x30, 0xE3, 0xF6, 0x1E, 0x6F,
    0x44, 0x9C, 0xD6, 0x02, 0x7B, 0x98, 0x61, 0xCA, 0x9D, 0x71, 0x9B, 0x2D, 0xFB, 0xE3, 0xBC, 0x7A,
    0x54, 0xDA, 0xE0, 0x3E, 0xAD, 0xCB, 0x47, 0x26, 0xA9, 0xD9, 0xCA, 0xE2, 0x63, 0x0F, 0x23, 0x43,
    0x79, 0xCC, 0x9D, 0x2C, 0x76, 0xDB, 0x47, 0x47, 0xA5, 0xAC, 0xE4, 0x4A, 0xCD, 0x2B, 0xF7, 0xB1,
    0xA6, 0xF4, 0x68, 0xF4, 0x8F, 0xB2, 0x4B, 0xAB, 0xD3, 0x41, 0x5E, 0x32, 0x5A, 0x53, 0x32, 0xEE,
    0xF3, 0x67, 0xAB, 0x93, 0x5D, 0xDA, 0xE0, 0xA5, 0x86, 0xBC, 0x22, 0x5B, 0x4F, 0xFA, 0xE8, 0x0F,
    0x89, 0x6C, 0xAC, 0x4E, 0xE7, 0x3F, 0x60, 0x13, 0x36, 0xD8, 0x4F, 0x69, 0xC7, 0x76, 0x4A, 0x87,
    0xF2, 0xDA, 0xF7, 0xAB, 0xCE, 0x8A, 0xB6, 0xB3, 0x2C, 0x76, 0xE6, 0x71, 0x6F, 0x9B, 0xBD, 0xCD,
    0x9E, 0xB6, 0x07, 0x27, 0x7B, 0x63, 0x67, 0x79, 0xD3, 0xD9, 0xB4, 0x1A, 0xBA, 0x0C, 0xFD, 0xE4,
    0x8B, 0x4E, 0x4B, 0xCC, 0x7A, 0x5D, 0xED, 0x74, 0xFD, 0x58, 0xAF, 0x74, 0x7A, 0x73, 0x94, 0x36,
    0x4D, 0xD2, 0xD2, 0x1D, 0x1F, 0xDB, 0x33, 0x13, 0x4F, 0xE9, 0xB1, 0x4D, 0x5B, 0x96, 0x26, 0x69,
    0xBF, 0xBA, 0x7C, 0x38, 0xE9, 0xBB, 0xEE, 0x98, 0xA7, 0x74, 0x74, 0x16, 0xE0, 0xDE, 0x00, 0xF8,
    0xA7, 0x3D, 0x56, 0x5A, 0x0D, 0xF8, 0xD6, 0x97, 0x8F, 0x0E, 0x6D, 0x3F, 0x0D, 0xF8, 0x5B, 0x91,
    0x99, 0x6F, 0xEB, 0x39, 0x00, 0x4B, 0xD3, 0xA8, 0xD7, 0x7E, 0x4A, 0xCB, 0xED, 0x4E, 0x79, 0x6D,
    0x76, 0x2C, 0x27, 0x4A, 0xA9, 0x1E, 0x54, 0xF3, 0x2D, 0x0D, 0x63, 0xBF, 0xF7, 0xE5, 0xEE, 0xC7,
    0xFD, 0xF1, 0x79, 0x32, 0xDA, 0x3D, 0xBE, 0x7F, 0xEF, 0x8E, 0x9A, 0x99, 0xB8, 0x9D, 0xFA, 0x7A,
    0xC0, 0x8C, 0xBB, 0x62, 0xE8, 0xCF, 0x21, 0x1B, 0x1B, 0xDC, 0xBE, 0x65, 0x88, 0x1E, 0xD7, 0x6B,
    0x89, 0xCE, 0x32, 0x45, 0x21, 0x3F, 0x92, 0x1D, 0xAC, 0x06, 0x38, 0x7D, 0xF3, 0xAC, 0x23, 0x1C,
    0xEE, 0xF3, 0xFA, 0xEA, 0xE4, 0x35, 0xA5, 0xBD, 0x83, 0x37, 0xF1, 0x00, 0x2B, 0x43, 0x4B, 0x76,
    0x86, 0x43, 0x22, 0x5C, 0xDD, 0xA1, 0xA8, 0xC8, 0xAC, 0x05, 0x66, 0xF4, 0xB7, 0x3C, 0x66, 0x63,
    0x25, 0x05, 0x59, 0x49, 0xD1, 0x70, 0xF5, 0x1D, 0x60, 0x7A, 0x54, 0x8E, 0x52, 0x8A, 0xE3, 0xC6,
    0xDE, 0x94, 0xD9, 0xAC, 0xD3, 0x1E, 0xAF, 0x44, 0x0C, 0x32, 0x4F, 0xD1, 0x34, 0x2D, 0x08, 0x7B,
    0x84, 0x3B, 0x84, 0x49, 0x69, 0x32, 0x6E, 0x7D, 0x9C, 0xA5, 0x14, 0x9F, 0xFC, 0xAF, 0x25, 0xE0,
    0xF5, 0x8A, 0xFD, 0x3F, 0x6A, 0x3A, 0xE2, 0x76, 0x5C, 0x2D, 0x05, 0xB3, 0x13, 0x15, 0xD5, 0x81,
    0x71, 0x8A, 0xC2, 0x76, 0xE5, 0x06, 0x26, 0x25, 0xE3, 0xF4, 0xB5, 0xF1, 0xA3, 0x54, 0xBF, 0xAD,
    0x68, 0x67, 0xB2, 0x38, 0x33, 0x8A, 0xD3, 0xF2, 0xD5, 0x66, 0x9C, 0x52, 0xE9, 0x7B, 0xFF, 0xC4,
    0xC6, 0x25, 0xEE, 0x7E, 0xCC, 0x64, 0xC1, 0xB8, 0x5D, 0x0F, 0xEB, 0xBD, 0x7B, 0x7C, 0xB7, 0x61,
    0xB2, 0x66, 0x56, 0x18, 0x55, 0x64, 0xE5, 0xFA, 0xE6, 0xF4, 0x0A, 0x5E, 0xB0, 0x4E, 0xCE, 0xF5,
    0xB0, 0x0D, 0x97, 0x60, 0x45, 0xF1, 0xFC, 0x6C, 0xE1, 0x69, 0xB6, 0x76, 0x52, 0xBE, 0x5A, 0x8F,
    0xD2, 0x21, 0x63, 0x5C, 0xC3, 0x55, 0x78, 0x1F, 0x3E, 0x47, 0x96, 0x91, 0x96, 0x5D, 0x0D, 0x16,
    0xC8, 0xEB, 0x33, 0x2D, 0xA5, 0x54, 0x87, 0xDD, 0xDD, 0x0F, 0x87, 0x7F, 0x9E, 0x6F, 0xDF, 0xB4,
    0x12, 0xF0, 0xDD, 0x9A, 0x8D, 0x7B, 0x0E, 0x91, 0x10, 0xCE, 0xD3, 0xF4, 0x0B, 0xA1, 0x63, 0x0C,
    0xF5, 0x4D, 0xE1, 0x9C, 0x25, 0xC5, 0xB0, 0x93, 0x62, 0xD1, 0x7E, 0x0B, 0xF6, 0x9F, 0x77, 0x77,
    0x07, 0xFB, 0xD5, 0x60, 0xE7, 0x25, 0xF3, 0xDA, 0xC9, 0xBC, 0x6F, 0x6E, 0x90, 0xD7, 0xA7, 0xF4,
    0xE3, 0xAF, 0xE5, 0x29, 0x95, 0x79, 0x1C, 0x57, 0x79, 0x7D, 0xF6, 0xF2, 0xD6, 0xFF, 0xE6, 0x5F,
    0xCC, 0x97, 0xD9, 0xC1, 0xC6, 0xCB, 0x5B, 0xB7, 0x7F, 0x1A, 0xDF, 0x2D, 0xFB, 0xD6, 0xC1, 0x39,
    0xCB, 0x10, 0x3C, 0xBD, 0xFA, 0xDB, 0xCB, 0x8D, 0x7B, 0xF3, 0x72, 0xFE, 0xED, 0x5E, 0x07, 0xD9,
    0xC1, 0xBC, 0x9D, 0xB7, 0xAB, 0x3B, 0x6C, 0x37, 0x7F, 0xB1, 0x73, 0x28, 0x7D, 0x7B, 0x5F, 0x5B,
    0xB4, 0x36, 0xEE, 0x7F, 0x34, 0x8F, 0x93, 0x6A, 0x75, 0x8F, 0x72, 0xA3, 0x7D, 0xB8, 0xDD, 0x4C,
    0xAB, 0x33, 0xFB, 0x0C, 0x0C, 0x79, 0x7D, 0xDE, 0x32, 0xEC, 0x35, 0x2A, 0xF3, 0x8A, 0xD7, 0xCC,
    0xDD, 0x04, 0x67, 0x77, 0xBA, 0xEA, 0x8A, 0x00, 0xAE, 0x78, 0xC1, 0x6A, 0xAE, 0xF3, 0x78, 0xC6,
    0x29, 0xA5, 0x65, 0x91, 0x52, 0x40, 0x78, 0x26, 0xBB, 0xD7, 0x5B, 0x3C, 0xB1, 0x85, 0x9B, 0xC1,
    0x96, 0xCD, 0xB4, 0x9C, 0xA6, 0x45, 0x5A, 0x5E, 0x4E, 0xD5, 0x4D, 0x8F, 0xE7, 0x96, 0xAF, 0x79,
    0x1F, 0x87, 0xF9, 0xF2, 0x51, 0xBE, 0x0C, 0x66, 0x67, 0x54, 0x3B, 0xEB, 0xEF, 0x2B, 0x27, 0xF5,
    0xC0, 0x64, 0x61, 0xDC, 0x98, 0xF1, 0x19, 0x74, 0x68, 0x1D, 0x18, 0xE1, 0xCC, 0xEA, 0x30, 0xE2,
    0x71, 0xDD, 0xDC, 0xB4, 0xD9, 0x85, 0x77, 0xD1, 0xA1, 0x7C, 0xA3, 0x09, 0x31, 0x44, 0xE7, 0x2C,
    0x59, 0xEC, 0xCF, 0x4D, 0x5A, 0xCE, 0x93, 0xC1, 0x82, 0x71, 0x2D, 0x98, 0x13, 0x2C, 0x09, 0x79,
    0x24, 0x4C, 0x6A, 0xC2, 0xF6, 0x0E, 0x21, 0x1D, 0x10, 0xDA, 0x2D, 0x42, 0x79, 0x83, 0x30, 0xE4,
    0x1A, 0x97, 0x82, 0xBC, 0xEA, 0xED, 0xB3, 0xAE, 0x55, 0x96, 0x3A, 0xF3, 0x29, 0x59, 0x83, 0x51,
    0x8D, 0x8C, 0xD5, 0x37, 0x69, 0x48, 0x06, 0x15, 0x8D, 0x30, 0x25, 0xEC, 0x13, 0x52, 0x2D, 0xFC,
    0x7B, 0x2B, 0x88, 0x82, 0xC7, 0x65, 0x8A, 0xF3, 0x26, 0xC5, 0x49, 0x25, 0xE0, 0x06, 0xAE, 0x63,
    0x54, 0x9D, 0xFC, 0x74, 0x49, 0xCB, 0x41, 0x82, 0xE7, 0xD2, 0xAC, 0xD7, 0xA3, 0xDD, 0xDD, 0x8F,
    0x87, 0x53, 0x6F, 0xEC, 0xA5, 0xB3, 0xAE, 0xB1, 0x33, 0xAE, 0x96, 0x75, 0xE4, 0xC9, 0x6B, 0x0A,
    0x5C, 0xF1, 0x8C, 0xA9, 0xA1, 0xBC, 0xE6, 0x3A, 0xD7, 0xBF, 0x79, 0x04, 0x59, 0x07, 0xC7, 0x21,
    0x89, 0x40, 0xC8, 0x85, 0x62, 0xA8, 0xCB, 0xC2, 0x15, 0xC1, 0xF9, 0xD5, 0x2A, 0xDA, 0x21, 0x78,
    0x30, 0xC1, 0x2A, 0xAB, 0x02, 0x59, 0xF3, 0xCB, 0x3B, 0x66, 0x83, 0xE9, 0x59, 0xF4, 0x30, 0x8E,
    0x69, 0xCE, 0xAB, 0x51, 0xDD, 0xD5, 0x99, 0x34, 0xF3, 0x64, 0x50, 0x5E, 0x9F, 0xD2, 0xE7, 0x9D,
    0x8E, 0x3A, 0x1D, 0x50, 0x34, 0x4C, 0x6B, 0xE6, 0x35, 0xBF, 0xFE, 0xCD, 0x98, 0xD0, 0xEB, 0xAD,
    0x2F, 0x77, 0x1F, 0xCD, 0xBB, 0xF8, 0xD0, 0x3C, 0x75, 0xC3, 0x2C, 0x1D, 0x64, 0xB1, 0x88, 0x37,
    0xE3, 0xED, 0x6F, 0xB6, 0x1D, 0xF9, 0x80, 0x97, 0xE1, 0x16, 0xDC, 0x27, 0x95, 0xD2, 0x32, 0xD5,
    0x9D, 0x85, 0x28, 0xAF, 0xC3, 0xB2, 0xB7, 0xBB, 0xBD, 0x85, 0xB2, 0xB3, 0xA2, 0xEE, 0x6C, 0x14,
    0x3B, 0xB3, 0xEC, 0xED, 0x6E, 0x6F, 0xE1, 0xF7, 0x3A, 0x2B, 0x3E, 0xEB, 0x6C, 0xF4, 0x8B, 0xCE,
    0xA4, 0xDE, 0xE6, 0x75, 0x5A, 0x0A, 0xBD, 0x15, 0xB5, 0xCC, 0xC9, 0x37, 0xEB, 0xE1, 0xF4, 0x0B,
    0x69, 0xF8, 0x16, 0x9B, 0xAE, 0xFE, 0x16, 0xBB, 0x10, 0x18, 0xB7, 0xE1, 0x3E, 0xEC, 0x3C, 0x1F,
    0x8F, 0x50, 0x72, 0x0D, 0xD7, 0xE1, 0x73, 0x78, 0x1F, 0x36, 0xB8, 0x18, 0xD4, 0x5B, 0x35, 0x01,
    0xD9, 0xF3, 0x71, 0xBE, 0x0C, 0x9B, 0xB0, 0x05, 0xBF, 0x09, 0xB7, 0xE1, 0x75, 0xE7, 0xFC, 0x0D,
    0xED, 0x87, 0xFE, 0x43, 0x80, 0x20, 0x9C, 0x6F, 0x43, 0x8E, 0x0B, 0x3C, 0x41, 0x5C, 0x3F, 0xCF,
    0x6E, 0xC1, 0xEC, 0x19, 0x27, 0xA3, 0xEA, 0x18, 0x1B, 0xEC, 0xFC, 0xB2, 0xB2, 0x0A, 0x8D, 0xEC,
    0x8F, 0x51, 0x1C, 0x1E, 0xDB, 0xF0, 0x54, 0x99, 0xA5, 0xB4, 0x30, 0x6E, 0x7D, 0x6A, 0x4A, 0x28,
    0x67, 0x14, 0xF5, 0x1E, 0xA3, 0x66, 0x41, 0xD6, 0x46, 0xC4, 0x6F, 0x6C, 0xD8, 0x36, 0xEC, 0x1D,
    0xC6, 0x4D, 0x98, 0x94, 0xC3, 0xB1, 0x43, 0x97, 0xA1, 0x5F, 0x7E, 0x34, 0xFC, 0x0E, 0x7E, 0xF2,
    0x2E, 0x63, 0xCF, 0x5E, 0x34, 0x8B, 0x43, 0x75, 0x9F, 0x9F, 0xBC, 0xCB, 0xE0, 0x52, 0x86, 0xF0,
    0x2F, 0x4F, 0x50, 0x46, 0x07, 0x17, 0xC4, 0x93, 0x65, 0xF2, 0x3F, 0xE8, 0x79, 0x2C, 0xAD, 0xA6,
    0xF2, 0xFB, 0x18, 0xFD, 0x0C, 0xF9, 0x5F, 0xA2, 0xB8, 0x75, 0x41, 0x54, 0xFE, 0x4B, 0xF6, 0x33,
    0xD9, 0x3F, 0xAC, 0x44, 0x1A, 0x86, 0x4F, 0x53, 0x4A, 0xFD, 0xB1, 0x93, 0x6E, 0x3D, 0x34, 0x8A,
    0xC2, 0xB4, 0xEF, 0x1A, 0x85, 0x3B, 0x14, 0x75, 0x64, 0xC8, 0x8B, 0x3C, 0x01, 0x1A, 0x48, 0x52,
    0x8A, 0x4F, 0xAD, 0x23, 0x91, 0xAC, 0x3D, 0x35, 0x7E, 0x46, 0x5E, 0x47, 0x26, 0x84, 0xBE, 0xDF,
    0xB8, 0xF1, 0x81, 0x28, 0x64, 0x47, 0x1F, 0x2E, 0xBE, 0xD3, 0xBD, 0x41, 0x7D, 0x92, 0x3F, 0x4A,
    0xD5, 0xA4, 0x35, 0x49, 0x8B, 0xFD, 0xA5, 0xBB, 0x3E, 0x8D, 0x37, 0xEC, 0x99, 0x37, 0x41, 0xD4,
    0x51, 0x89, 0xC2, 0xE0, 0x93, 0x5A, 0xBF, 0xBD, 0xE5, 0xAE, 0x4F, 0x16, 0x61, 0x18, 0x7F, 0xA8,
    0x3F, 0xF6, 0x0B, 0x7C, 0x04, 0x2D, 0xD4, 0xA4, 0x94, 0xAA, 0xDE, 0x0E, 0x04, 0xB6, 0x04, 0x26,
    0x4F, 0xDF, 0x76, 0x37, 0x04, 0xD9, 0x27, 0x7D, 0xE3, 0x45, 0x67, 0x47, 0xA5, 0xE0, 0x0E, 0x61,
    0x20, 0x15, 0x4A, 0x41, 0x51, 0x0B, 0xF2, 0x9F, 0x34, 0x69, 0x29, 0xD5, 0x9D, 0x6D, 0x97, 0x36,
    0x78, 0x48, 0xE9, 0x70, 0x5A, 0xA7, 0xFD, 0x18, 0xFE, 0x2D, 0x86, 0xAC, 0x0D, 0x9C, 0xAE, 0x47,
    0x0F, 0xA5, 0x78, 0x41, 0xF1, 0x22, 0xB2, 0x06, 0x59, 0xC5, 0xF9, 0x10, 0x03, 0x41, 0xE4, 0x23,
    0x1A, 0x6A, 0xB2, 0x4B, 0xC8, 0xDF, 0x87, 0x16, 0xB8, 0x18, 0xC2, 0x3E, 0x27, 0x52, 0xAE, 0x66,
    0x3B, 0x79, 0xB3, 0x7C, 0x85, 0x6C, 0xFF, 0xA0, 0x8F, 0x29, 0xA7, 0x65, 0x51, 0xCF, 0x86, 0xEB,
    0x3A, 0xAB, 0x66, 0x98, 0xA0, 0xF8, 0x1F, 0x6C, 0x1F, 0xE0, 0xFB, 0x15, 0x79, 0x83, 0xF8, 0x26,
    0x71, 0x26, 0x8B, 0x77, 0x15, 0x6D, 0x48, 0xA9, 0xCA, 0xD2, 0xD7, 0x4E, 0xDE, 0x2E, 0x8F, 0x8F,
    0xCC, 0x1F, 0xD5, 0xB3, 0xBE, 0x8B, 0xE9, 0x8E, 0xA2, 0xBF, 0xC6, 0x1B, 0x59, 0x9C, 0x89, 0xF3,
    0x0F, 0xDB, 0x71, 0x2A, 0x65, 0xB8, 0x56, 0xF1, 0xC6, 0x0E, 0xD6, 0x94, 0xFE, 0x91, 0xEC, 0x87,
    0xB2, 0x17, 0x56, 0xA7, 0xAF, 0x25, 0x0D, 0x8A, 0x9A, 0x31, 0xAE, 0x58, 0x1D, 0x0A, 0x0F, 0x65,
    0x35, 0x1B, 0x25, 0x2F, 0xD5, 0x14, 0xC8, 0x58, 0x07, 0xCD, 0xE8, 0x87, 0x3C, 0x66, 0x63, 0x35,
    0x46, 0x3A, 0xFE, 0x8B, 0x79, 0x1D, 0x7A, 0xC9, 0x6B, 0xCF, 0xAC, 0x79, 0x32, 0x08, 0x20, 0xAF,
    0x4E, 0xAE, 0x1F, 0x8C, 0x09, 0x4F, 0xEA, 0xE4, 0x5D, 0xC0, 0xA9, 0xDA, 0x09, 0xDA, 0xF0, 0xBB,
    0x6D, 0x91, 0xEA, 0x2C, 0x95, 0xD0, 0xD2, 0xC8, 0x6A, 0x5E, 0xBC, 0x6F, 0xE8, 0x8F, 0xF5, 0xF0,
    0x65, 0xC8, 0x85, 0x41, 0xC5, 0xB1, 0x2E, 0x3B, 0xFF, 0x71, 0x7C, 0x47, 0xD0, 0xEA, 0xE0, 0x74,
    0x74, 0x3A, 0xBC, 0xD5, 0x1C, 0x2F, 0xFE, 0x39, 0xBF, 0xD6, 0xE9, 0x2C, 0x8E, 0xB7, 0xBE, 0xEC,
    0x39, 0x56, 0xCC, 0xC9, 0x77, 0xDE, 0x2B, 0xDF, 0x49, 0xC3, 0x9C, 0xBC, 0xDB, 0x16, 0xA9, 0xE9,
    0x43, 0x95, 0x15, 0xF9, 0x57, 0x35, 0x79, 0x28, 0x61, 0x38, 0x68, 0x9E, 0x06, 0x0B, 0xE4, 0xF5,
    0xB3, 0xDA, 0xB8, 0x54, 0x54, 0x45, 0x6D, 0x5C, 0xE6, 0x8D, 0x20, 0x3B, 0xB0, 0xC5, 0x76, 0x5A,
    0x50, 0xA4, 0x8A, 0xBD, 0x5B, 0xB2, 0x1F, 0x7F, 0xC4, 0xBB, 0xA5, 0x74, 0xBC, 0x84, 0xF3, 0x96,
    0x6A, 0xAE, 0x48, 0x1D, 0xDF, 0xFE, 0xDF, 0x34, 0xBC, 0x87, 0x81, 0xB4, 0xB3, 0x35, 0xB0, 0xB5,
    0x26, 0xB2, 0xC3, 0xEC, 0x93, 0xD3, 0x6C, 0xEF, 0xDD, 0x63, 0xBF, 0x7D, 0x3E, 0xAE, 0x4C, 0xC9,
    0xE8, 0xAF, 0xAB, 0x63, 0x38, 0x9F, 0xB8, 0x20, 0xB8, 0xE6, 0x3E, 0x3F, 0x6A, 0x99, 0x56, 0xCF,
    0x07, 0xE8, 0x4D, 0xF8, 0x7B, 0xF8, 0x13, 0x78, 0xF9, 0xA2, 0xCE, 0xEC, 0x15, 0xBC, 0x5E, 0xF1,
    0x1B, 0x9D, 0x5E, 0xF4, 0x9C, 0x90, 0x7F, 0x05, 0x3F, 0x87, 0xFF, 0xBC, 0xA8, 0x09, 0x7C, 0xB9,
    0xE4, 0x77, 0x6A, 0x7E, 0xF0, 0x7C, 0x13, 0x78, 0x31, 0x93, 0xE5, 0x1D, 0x78, 0x03, 0x1E, 0x00,
    0x52, 0xF6, 0xEC, 0x50, 0xAE, 0xE2, 0x45, 0xDC, 0x00, 0x4E, 0x7D, 0xFA, 0x41, 0x09, 0x94, 0x25,
    0x52, 0x34, 0x97, 0xA7, 0xFA, 0xC9, 0x3A, 0xB0, 0x5D, 0x9A, 0x19, 0x97, 0x52, 0xED, 0x81, 0xBC,
    0xF6, 0x8B, 0x5A, 0x94, 0x37, 0xD9, 0x7F, 0x37, 0x59, 0x94, 0xB5, 0xF9, 0x4F, 0xE2, 0xA8, 0x21,
    0xE6, 0x75, 0x57, 0x3C, 0x2E, 0xAA, 0xAE, 0x98, 0x85, 0x72, 0x33, 0x94, 0xFD, 0xBA, 0x2F, 0x6E,
    0xDC, 0xF0, 0xF6, 0x4D, 0x84, 0x3B, 0x26, 0x33, 0x8C, 0x37, 0x85, 0x4D, 0x14, 0x07, 0xC6, 0x0B,
    0xE4, 0x0B, 0x45, 0xC4, 0x28, 0xCA, 0x5B, 0x78, 0x01, 0x4C, 0x4A, 0x78, 0xA7, 0x26, 0xC5, 0x49,
    0x99, 0x62, 0x8A, 0xD3, 0x2A, 0xC5, 0x50, 0xCD, 0xEB, 0xA9, 0xA2, 0xDE, 0x6E, 0xEE, 0xC8, 0x9B,
    0x1F, 0xB5, 0x9B, 0xB2, 0x18, 0xE3, 0x82, 0xAF, 0xE2, 0x57, 0x91, 0x4F, 0xDB, 0x7F, 0x6D, 0x99,
    0xD7, 0xF3, 0x9A, 0x69, 0x3D, 0xAF, 0x08, 0xD5, 0x14, 0x3D, 0x9F, 0xCB, 0xF7, 0x71, 0x69, 0xB8,
    0xA8, 0x43, 0xAA, 0x07, 0x2B, 0x6A, 0x0B, 0x79, 0x33, 0x6A, 0x65, 0xB1, 0xA8, 0x79, 0x3C, 0x80,
    0xDF, 0xC4, 0xCD, 0x4D, 0x84, 0x88, 0xA2, 0x19, 0x1A, 0x9C, 0x63, 0xF3, 0xF4, 0xC4, 0x8A, 0x8A,
    0x57, 0x1E, 0xDA, 0xAF, 0xE6, 0xCB, 0xED, 0x7A, 0xBE, 0x1C, 0x35, 0x45, 0x9D, 0xC5, 0x71, 0x25,
    0x86, 0xD2, 0x83, 0x09, 0xB3, 0x3B, 0xBC, 0x3D, 0x23, 0xEC, 0x11, 0x16, 0x14, 0x91, 0xBC, 0x19,
    0xDA, 0x18, 0x57, 0x5E, 0x9B, 0x10, 0x0E, 0x29, 0x16, 0xC8, 0x5E, 0x1F, 0x78, 0x2F, 0x0A, 0x35,
    0x2B, 0xC9, 0x4B, 0xC6, 0x86, 0x07, 0xBB, 0x5E, 0x51, 0x1E, 0xA3, 0x71, 0xCD, 0x14, 0x5B, 0x64,
    0x8B, 0x01, 0x4F, 0xA8, 0xB8, 0x8B, 0x25, 0xA3, 0x68, 0x18, 0x31, 0x61, 0xB6, 0xD5, 0xE9, 0xE8,
    0xC9, 0x5B, 0xA8, 0x0D, 0x1E, 0xD2, 0x48, 0x29, 0x76, 0x15, 0xC7, 0x4D, 0x9C, 0x96, 0xB6, 0x64,
    0x8B, 0x9E, 0x68, 0x52, 0xC6, 0x2D, 0xF1, 0x68, 0xB7, 0xDF, 0x65, 0x84, 0x62, 0x4D, 0xA9, 0x68,
    0x29, 0x57, 0xA7, 0x7A, 0xB3, 0x61, 0x5C, 0x92, 0xAD, 0x27, 0x39, 0xBB, 0x24, 0x8B, 0xCF, 0x94,
    0xFC, 0xFF, 0x8D, 0xCF, 0x81, 0x06, 0x14, 0x51, 0x14, 0x87, 0xF1, 0xDF, 0x9D, 0x89, 0xCB, 0x8E,
    0xBA, 0x10, 0x90, 0x2A, 0x40, 0x90, 0xED, 0x01, 0x46, 0x33, 0x7A, 0xA1, 0x20, 0x44, 0xD4, 0x00,
    0x01, 0xEC, 0x23, 0x04, 0x60, 0xC3, 0x42, 0x00, 0x74, 0xD5, 0x0B, 0x0C, 0x10, 0xC0, 0x40, 0x10,
    0x71, 0x11, 0xB6, 0xAC, 0xB9, 0x35, 0x55, 0x14, 0xA1, 0xF3, 0xFF, 0xBE, 0x03, 0x87, 0xE3, 0x1C,
    0x21, 0xA0, 0x79, 0x01, 0x9F, 0xE0, 0x09, 0xC0, 0xB0, 0x62, 0x5F, 0xD1, 0xD4, 0x91, 0xF6, 0x7D,
    0x26, 0xBE, 0x9B, 0x49, 0x0A, 0xB7, 0xBC, 0xA6, 0xD7, 0xF3, 0xD8, 0x4D, 0x6A, 0xAD, 0xC2, 0xD7,
    0xE3, 0x69, 0x6C, 0xB3, 0x36, 0xC7, 0x49, 0x93, 0x13, 0x61, 0xA9, 0x45, 0xAA, 0x3F, 0x9A, 0xB7,
    0x93, 0xA7, 0x5C, 0x07, 0x34, 0xAB, 0x54, 0xF3, 0xB5, 0x66, 0xB9, 0xA2, 0x84, 0x63, 0x49, 0x1F,
    0xCB, 0x3D, 0xA5, 0xFF, 0x4E, 0x53, 0xF6, 0xA7, 0xB5, 0xFB, 0xFC, 0x0C, 0x3B, 0xBB, 0xE9, 0xCE,
    0x4C, 0xBD, 0xD4, 0x4B, 0xF2, 0xEF, 0x6C, 0xB3, 0xE8, 0xEA, 0x74, 0xFF, 0x00, 0xC3, 0x38, 0xE4,
    0xF6, 0xEF, 0x9C, 0xC3, 0x39, 0xBC, 0x39, 0x6F, 0x57, 0x8C, 0xFB, 0x31, 0xE6, 0x5E, 0x33, 0xF7,
    0xC2, 0xD4, 0xE3, 0x36, 0xE2, 0x07, 0x3C, 0x3F, 0xE3, 0xD1, 0x44, 0x3B, 0xA3, 0xDC, 0xA5, 0xF4,
    0x42, 0x79, 0x20, 0x2E, 0xA9, 0xD6, 0x29, 0xD4, 0x2F, 0x40, 0xCC, 0x74, 0xD8, 0xD1, 0xAD, 0x86,
    0x53, 0xEE, 0xB7, 0x65, 0xF6, 0x07, 0x71, 0xE5, 0xC6, 0x2C, 0x6C, 0x2F, 0x0C, 0xAF, 0x96, 0xAE,
    0x8E, 0xF0, 0x52, 0xC8, 0xEA, 0xAF, 0x2A, 0x6D, 0x4E, 0x9B, 0xDA, 0xEC, 0xBF, 0x1D, 0xEA, 0x4F,
    0x01, 0xDA, 0x89, 0x88, 0x1D, 0xE8, 0x48, 0xBF, 0xA9, 0x97, 0x8D, 0xE4, 0x4F, 0x0E, 0xC9, 0x92,
    0x1E, 0x2E, 0xB1, 0xE6, 0x50, 0x47, 0x58, 0x98, 0x85, 0xEC, 0x1B, 0xDB, 0xF2, 0xA7, 0xC6, 0x64,
    0x03, 0x03, 0x31, 0x24, 0x00, 0xB5, 0x98, 0x3D, 0x8C, 0xE4, 0xC6, 0xD1, 0x86, 0x1F, 0x92, 0xFA,
    0x44, 0x40, 0x04, 0x54, 0xFA, 0x80, 0x0B, 0x0C, 0x08, 0x5E, 0x3A, 0x70, 0x66, 0xDD, 0x31, 0xBD,
    0xA0, 0x67, 0x87, 0xB6, 0x72, 0x48, 0x79, 0x62, 0xE7, 0x06, 0xAC, 0x44, 0xC1, 0x06, 0xB3, 0x5E,
    0xC2, 0x39, 0x60, 0xE5, 0x89, 0x15, 0x2B, 0xB1, 0x82, 0x0B, 0xC6, 0xC0, 0x4A, 0xDB, 0xF0, 0xE5,
    0x30, 0x1D, 0x39, 0x34, 0x83, 0x8B, 0x94, 0xB8, 0x00, 0x11, 0xF0, 0x9C, 0xC0, 0x9D, 0x72, 0x35,
    0x87, 0x9A, 0xB9, 0x5B, 0xAD, 0x0E, 0x92, 0x65, 0x71, 0xEA, 0x7D, 0x6A, 0xD9, 0x5D, 0xFD, 0xF2,
    0xAF, 0xA7, 0x89, 0x59, 0xDE, 0x78, 0x03, 0xE4, 0x4D, 0x96, 0x8D, 0x1B, 0xB3, 0xE9, 0xCA, 0x55,
    0x44, 0xC2, 0x22, 0x8E, 0x32, 0x8B, 0xB3, 0x22, 0xDC, 0x51, 0x48, 0xFA, 0xED, 0x17, 0x9F, 0x5C,
    0xA7, 0xF1, 0x7C, 0xB0, 0x6F, 0xBD, 0x6E, 0x90, 0x3E, 0xDB, 0xAD, 0x21, 0x6C, 0x5C, 0x4F, 0xE0,
    0x81, 0x02, 0xA9, 0x3B, 0x49, 0x81, 0x11, 0xD8, 0x02, 0x2B, 0x78, 0xAD, 0x86, 0x47, 0xD5, 0xC0,
    0x75, 0x6E, 0xA6, 0x34, 0xD6, 0xDA, 0x64, 0x93, 0xF0, 0x6D, 0x9F, 0xD4, 0x3B, 0x3C, 0xD6, 0x00,
    0xC0, 0xBC, 0xF7, 0xAA, 0x4A, 0xD6, 0x7B, 0xA0, 0x31, 0x20, 0xB7, 0x16, 0x8A, 0x7F, 0x44, 0x28,
    0x9F, 0xF6, 0x20, 0xBF, 0x1C, 0xA0, 0x46, 0xE1, 0x21, 0x17, 0x10, 0x08, 0xF0, 0x84, 0x33, 0x30,
    0x33, 0x32, 0x47, 0x5B, 0x44, 0x8A, 0x58, 0x76, 0xE4, 0xBD, 0x40, 0x36, 0x98, 0x22, 0x36, 0x63,
    0xBE, 0xD0, 0xAB, 0x84, 0x74, 0xE9, 0x47, 0xF0, 0x22, 0xCC, 0x86, 0x84, 0x7D, 0xDA, 0xAD, 0x5B,
    0x47, 0x19, 0x1D, 0xC5, 0x11, 0x65, 0xE7, 0x68, 0x5A, 0x77, 0xB9, 0xC5, 0xFD, 0x86, 0x84, 0xFE,
    0x68, 0x7A, 0x9E, 0x20, 0x47, 0xD4, 0x09, 0x9F, 0x25, 0xBF, 0x5D, 0xC2, 0xED, 0xB1, 0xAD, 0xEC,
    0x5E, 0x36, 0x8D, 0x77, 0x4C, 0xCD, 0x2C, 0x26, 0x09, 0xC5, 0x22, 0xF8, 0xAE, 0xB2, 0xE9, 0x20,
    0x31, 0x33, 0x9D, 0x81, 0x12, 0xB8, 0x17, 0x03, 0x0B, 0xB2, 0xDE, 0x91, 0xCF, 0x38, 0xDD, 0x9A,
    0xCE, 0x51, 0xB5, 0x0E, 0x4B, 0x2E, 0x33, 0x14, 0x78, 0x01, 0xFF, 0x8B, 0xA9, 0xB7, 0x36, 0xB1,
    0xA7, 0xA6, 0x4B, 0x62, 0x47, 0xE0, 0x1A, 0xD6, 0x84, 0x5C, 0x41, 0x62, 0xA8, 0xD2, 0x18, 0x0D,
    0x0D, 0xC0, 0x14, 0x36, 0x40, 0x76, 0x73, 0xF9, 0x1C, 0xA8, 0xCC, 0xAC, 0x83, 0xFA, 0x57, 0x56,
    0xF4, 0xF0, 0x90, 0x4B, 0x06, 0x08, 0x04, 0x14, 0x3E, 0x24, 0xB8, 0xF8, 0xD4, 0xD3, 0x63, 0x3E,
    0xD5, 0xD4, 0xFC, 0xF8, 0xA6, 0x17, 0x8B, 0xF5, 0xD8, 0x74, 0x9E, 0xAA, 0x81, 0x9B, 0x5D, 0x72,
    0xE8, 0xEA, 0xB6, 0xEC, 0xCF, 0xC8, 0xF4, 0x0C, 0x14, 0xCF, 0x50, 0xF6, 0xAC, 0xAD, 0x73, 0xC5,
    0xC3, 0x3E, 0x17, 0x40, 0x48, 0x7A, 0x07, 0xB6, 0x5E, 0xAF, 0xA5, 0x59, 0xCF, 0xCD, 0x73, 0x6C,
    0xA2, 0x9C, 0x1C, 0x32, 0x09, 0xAC, 0xA3, 0xC3, 0x1C, 0xF9, 0x97, 0x8E, 0xF2, 0xA9, 0x43, 0xDE,
    0x75, 0x9C, 0x17, 0x8E, 0xC9, 0x91, 0xAB, 0xA3, 0x8C, 0x0E, 0x69, 0x1D, 0xE7, 0x38, 0xA6, 0x04,
    0x4D, 0x88, 0xD8, 0x24, 0xAD, 0x83, 0xFF, 0xE3, 0x01, 0x08, 0x1B, 0x28, 0x4C, 0x81, 0x9B, 0x8E,
    0xE3, 0xF6, 0xE3, 0x1C, 0x32, 0x3D, 0x04, 0x66, 0x08, 0x55, 0x74, 0xAC, 0x71, 0x4C, 0x8E, 0x42,
    0x1D, 0x75, 0x74, 0x5C, 0x7D, 0xE4, 0xB0, 0x9D, 0x63, 0xB8, 0x74, 0xB4, 0x67, 0x0E, 0x24, 0xA1,
    0x6A, 0x1D, 0x45, 0x97, 0xF0, 0xB4, 0xB3, 0x29, 0x33, 0x07, 0x9F, 0x83, 0x99, 0xE7, 0x19, 0x15,
    0x45, 0x44, 0xBE, 0x37, 0xCE, 0x1C, 0x61, 0xE5, 0x68, 0x26, 0x6C, 0xAA, 0x06, 0x87, 0xB5, 0x50,
    0xAB, 0x45, 0x58, 0xAB, 0x28, 0x18, 0xB2, 0x23, 0x77, 0x9E, 0x53, 0xFD, 0x0D, 0xA9, 0xDB, 0xFA,
    0x3D, 0xA4, 0x8C, 0x2B, 0x41, 0x72, 0xDD, 0x39, 0xF9, 0x4A, 0x13, 0xD7, 0xD1, 0xB9, 0x7C, 0xB8,
    0x97, 0x36, 0x51, 0x98, 0x1E, 0x69, 0xD3, 0x0C, 0x81, 0x22, 0xDE, 0x0B, 0x33, 0x5B, 0x00, 0xC5,
    0xB7, 0xE3, 0x64, 0xC5, 0xDB, 0xFB, 0x96, 0xCC, 0x6C, 0xA4, 0x1A, 0xF8, 0x9C, 0x06, 0xA4, 0x0D,
    0x50, 0xC6, 0x2D, 0xE4, 0xFD, 0x08, 0xD9, 0x70, 0xE7, 0xDB, 0x35, 0xB7, 0xCD, 0xBD, 0x73, 0x5D,
    0x0D, 0x75, 0x3B, 0x8F, 0x9D, 0x5D, 0x66, 0x3F, 0xF3, 0x6D, 0x72, 0x2D, 0x67, 0xFA, 0x43, 0x70,
    0x3A, 0x53, 0x33, 0xEB, 0x5C, 0x3B, 0x81, 0xCF, 0x5C, 0xB5, 0x4B, 0x16, 0x3D, 0x12, 0xB2, 0x6B,
    0x31, 0x1B, 0xC5, 0xBE, 0x6A, 0x5F, 0xB5, 0xFA, 0xD0, 0xEC, 0xC9, 0x0F, 0x2F, 0x94, 0xB1, 0x81,
    0x8B, 0x00, 0x8F, 0xB7, 0xF0, 0x73, 0x05, 0x4E, 0x3A, 0xBD, 0x50, 0x02, 0xD0, 0xC0, 0xAA, 0x1A,
    0xB2, 0x29, 0x8D, 0x4B, 0x57, 0x67, 0xCB, 0x96, 0x26, 0x71, 0x12, 0x45, 0xE4, 0x3B, 0x6B, 0x6D,
    0xB3, 0x6C, 0x2A, 0x4C, 0x67, 0x14, 0xF1, 0xB0, 0xC4, 0x5D, 0x80, 0x32, 0xC2, 0x16, 0x85, 0xE0,
    0x0D, 0x9C, 0xA5, 0x7A, 0x29, 0x3B, 0x28, 0xFF, 0x08, 0xE4, 0xFF, 0x04, 0xB8, 0x4D, 0xB8, 0x4E,
    0x18, 0xA1, 0xFC, 0x83, 0x42, 0x61, 0x11, 0xD8, 0x03, 0x88, 0xC5, 0x05, 0x04, 0xE0, 0x03, 0x7B,
    0x46, 0x61, 0x66, 0x6D, 0xDD, 0x87, 0xAA, 0x5F, 0x11, 0x32, 0xDD, 0x12, 0xD8, 0xAA, 0x23, 0xDC,
    0xC1, 0xDC, 0x71, 0x9E, 0x4A, 0x52, 0xF1, 0x90, 0x86, 0x75, 0x6E, 0xB0, 0x03, 0xC2, 0x8B, 0xCE,
    0x36, 0x39, 0x67, 0x14, 0x03, 0x0A, 0x63, 0xD1, 0xC3, 0xA6, 0xEA, 0xE0, 0xD1, 0x23, 0x40, 0xAE,
    0x81, 0x42, 0x17, 0x50, 0xED, 0x80, 0x7A, 0x05, 0xAC, 0xA4, 0x85, 0x5D, 0x19, 0xC9, 0x35, 0x53,
    0x3C, 0x6F, 0x4F, 0xF7, 0xE0, 0xEE, 0xC4, 0xFE, 0x21, 0x38, 0xCD, 0x3C, 0x80, 0x70, 0xC2, 0xE9,
    0xC4, 0x05, 0x02, 0xF7, 0xA1, 0xEA, 0x1C, 0x85, 0x3F, 0x69, 0xB2, 0x79, 0x7C, 0xF3, 0x3C, 0x00,
    0xDC, 0xC5, 0xF1, 0x76, 0x2C, 0x7E, 0x6B, 0x5B, 0xD2, 0x6C, 0x82, 0xFE, 0x18, 0xC9, 0x5E, 0xDA,
    0x96, 0x6B, 0x59, 0xD2, 0x5C, 0x52, 0xC4, 0x1F, 0x23, 0x2D, 0x47, 0x5B, 0x12, 0x00, 0x84, 0x97,
    0x93, 0x59, 0x07, 0x66, 0xED, 0x8B, 0x4B, 0xC4, 0xFB, 0x09, 0x9C, 0x60, 0xB6, 0x4B, 0xB0, 0x0E,
    0xA5, 0xEC, 0x1D, 0x99, 0x3A, 0x38, 0x22, 0x1B, 0x1C, 0x55, 0x5F, 0x99, 0x59, 0x2B, 0xA9, 0xD8,
    0x26, 0x10, 0x8B, 0x4B, 0x12, 0x00, 0xE5, 0x95, 0xE9, 0x60, 0x9E, 0x06, 0xA7, 0x04, 0x97, 0x87,
    0x54, 0x1F, 0x92, 0xBC, 0x94, 0xCE, 0x0E, 0xE9, 0x33, 0x14, 0x9B, 0xD7, 0x8C, 0xE8, 0xA9, 0x5B,
    0x8E, 0x97, 0x24, 0xDC, 0xA3, 0xB9, 0xC4, 0x76, 0xC9, 0xFB, 0xCE, 0xEA, 0x73, 0x96, 0xCC, 0x92,
    0x93, 0xAB, 0xCB, 0x96, 0x17, 0x78, 0xD3, 0x96, 0x43, 0x80, 0x9D, 0x2B, 0x3C, 0x80, 0x33, 0x40,
    0x68, 0xCC, 0x92, 0x16, 0xCB, 0x37, 0x81, 0x87, 0x6F, 0x41, 0xB8, 0x80, 0x71, 0x4D, 0x35, 0x88,
    0x59, 0x9B, 0xDD, 0x3C, 0xC3, 0x26, 0x7E, 0xB1, 0x6F, 0x3D, 0xE5, 0x6E, 0x8A, 0x20, 0x69, 0x75,
    0x95, 0xC3, 0xDA, 0x2C, 0x5C, 0x1E, 0x26, 0xFB, 0x16, 0xF2, 0x41, 0x18, 0x21, 0x53, 0x31, 0x05,
    0x8E, 0x89, 0x25, 0xCD, 0x7D, 0xC7, 0xCA, 0x79, 0xB5, 0x3E, 0xBA, 0x54, 0xC9, 0xD3, 0xA6, 0x79,
    0xCD, 0x5E, 0xDE, 0x02, 0x34, 0x66, 0x9A, 0x9B, 0xA3, 0xEC, 0x11, 0xA4, 0x4D, 0xE0, 0x88, 0xD6,
    0x51, 0x0E, 0x8E, 0xCC, 0xCC, 0xE0, 0xED, 0x84, 0x64, 0x38, 0xDB, 0x51, 0xE3, 0x58, 0x39, 0x3E,
    0xDC, 0x38, 0xD6, 0x5A, 0x98, 0xD6, 0xD1, 0x91, 0xEF, 0x11, 0x8B, 0x6F, 0xE6, 0xC3, 0x6B, 0x68,
    0xF6, 0x89, 0xCA, 0x17, 0xFA, 0x10, 0x0D, 0x1E, 0xB9, 0x36, 0x7F, 0xDE, 0x57, 0xE3, 0xEF, 0x01,
    0xF2, 0x48, 0x15, 0x33, 0x8B, 0xD5, 0x9E, 0xA6, 0x63, 0x05, 0x7F, 0xD9, 0x63, 0x16, 0xA7, 0x62,
    0x18, 0x33, 0x55, 0x52, 0x3C, 0xC9, 0x34, 0x14, 0x7D, 0x6D, 0xDD, 0xEB, 0xB7, 0x98, 0xF5, 0xF3,
    0x93, 0x08, 0x29, 0xD2, 0x03, 0x54, 0xE1, 0x7A, 0xDE, 0xDD, 0x98, 0x8D, 0x73, 0xAF, 0x7A, 0x08,
    0x87, 0xE0, 0xC5, 0x30, 0x4D, 0x51, 0xDB, 0x34, 0xAB, 0x88, 0xE1, 0x25, 0x95, 0x9D, 0xAB, 0x0D,
    0x54, 0x04, 0xCC, 0x2C, 0x26, 0x29, 0xC5, 0xAC, 0x8F, 0xC8, 0xBA, 0xC3, 0xD5, 0x9C, 0xE7, 0x7D,
    0x40, 0xAF, 0x2C, 0xC5, 0x05, 0x04, 0x38, 0x47, 0xC5, 0x7A, 0xEF, 0x6D, 0x7A, 0x13, 0xA3, 0x1E,
    0x13, 0x59, 0x49, 0x19, 0x41, 0xDE, 0xAB, 0x81, 0xEA, 0x5F, 0x37, 0xC0, 0xDA, 0x2C, 0xC2, 0xC5,
    0xFA, 0xAF, 0xC3, 0xF2, 0x9C, 0xFE, 0x7F, 0x10, 0x9E, 0xB4, 0xEB, 0x68, 0xBA, 0xEE, 0xEB, 0xD6,
    0xB4, 0xEE, 0xCA, 0x7D, 0xDB, 0x58, 0xFF, 0x4E, 0xA6, 0xA0, 0x99, 0x7B, 0x5A, 0x4F, 0xAE, 0xA0,
    0xDE, 0x52, 0x5B, 0x5F, 0xEE, 0x31, 0x36, 0xAE, 0x09, 0xC9, 0x5D, 0xA5, 0x4B, 0x36, 0xC8, 0xA3,
    0x80, 0x6C, 0x5C, 0xA3, 0x6B, 0x70, 0xC5, 0xF3, 0x4E, 0xDC, 0xB6, 0x68, 0x37, 0x64, 0x36, 0xC2,
    0x55, 0xCF, 0xB2, 0x7D, 0xAF, 0xF1, 0x26, 0x46, 0x92, 0xA4, 0x19, 0xD1, 0x80, 0xDC, 0xB8, 0x2C,
    0x22, 0x7E, 0x01, 0x82, 0x92, 0x4E, 0x3E, 0x9D, 0x7A, 0x3A, 0xF1, 0xC2, 0x8C, 0x24, 0x82, 0x7C,
    0x53, 0x1B, 0xE1, 0xC1, 0x56, 0x58, 0xAB, 0x8C, 0xD2, 0xCB, 0xCE, 0xDA, 0xCC, 0x2C, 0x16, 0x26,
    0xEA, 0x9F, 0x5D, 0xA3, 0xB2, 0xDA, 0xA8, 0xD4, 0xA3, 0xFA, 0x71, 0x54, 0xF2, 0x4E, 0x05, 0xD4,
    0x54, 0x6C, 0x56, 0x61, 0x31, 0x49, 0x08, 0xCC, 0xB2, 0xE9, 0x20, 0xC2, 0x51, 0xA6, 0xEB, 0x98,
    0x94, 0xEF, 0xA9, 0xAD, 0xBF, 0xCC, 0x74, 0xCB, 0x56, 0x09, 0x87, 0xF0, 0xBF, 0x57, 0xF3, 0xCD,
    0xF3, 0xDE, 0xD3, 0x4F, 0x98, 0xC0, 0x5D, 0xDD, 0x35, 0xBB, 0x6D, 0x7A, 0xBB, 0xD9, 0x49, 0xBC,
    0x14, 0xCE, 0x04, 0x59, 0x82, 0x47, 0xD2, 0x6E, 0xD2, 0xAC, 0xBB, 0xFA, 0xE8, 0x9B, 0xF3, 0xEA,
    0xF5, 0xAF, 0x8F, 0xFF, 0x84, 0x8F, 0x15, 0x0E, 0xF1, 0x04, 0xBE, 0x3E, 0x7E, 0x6B, 0x36, 0x79,
    0x68, 0x08, 0x1E, 0x04, 0x5E, 0x0C, 0xB1, 0x14, 0x37, 0xDD, 0x7A, 0xBA, 0x8A, 0xEB, 0x29, 0xEF,
    0xCB, 0x98, 0x69, 0xD5, 0xA1, 0xD2, 0x72, 0x51, 0x43, 0x58, 0xC1, 0xC3, 0x00, 0xB2, 0x75, 0x8D,
    0x50, 0x2A, 0x14, 0xBD, 0x2B, 0x82, 0x97, 0xFD, 0xB4, 0x06, 0xB9, 0x85, 0x72, 0x04, 0x3C, 0x63,
    0x80, 0x70, 0xD2, 0xAF, 0xDF, 0xA7, 0xB2, 0x5B, 0xD6, 0x7F, 0xFA, 0xA0, 0xDB, 0x48, 0xD1, 0x8F,
    0x92, 0xA9, 0x0A, 0xB3, 0xFC, 0xEF, 0x21, 0xB5, 0x35, 0xDE, 0x57, 0x7A, 0x0D, 0x75, 0xFB, 0xF2,
    0x58, 0xD3, 0x59, 0xF6, 0xA5, 0xC5, 0xA4, 0xE2, 0xEF, 0x0A, 0xFF, 0x8E, 0x70, 0xD5, 0xC2, 0x23,
    0x52, 0x9E, 0xF7, 0xBD, 0xFD, 0x58, 0x73, 0xE7, 0xA9, 0xDD, 0xA7, 0xE3, 0xC3, 0x80, 0x62, 0x11,
    0xDC, 0x37, 0xAE, 0xEA, 0x36, 0x14, 0x36, 0xC1, 0xEF, 0x36, 0x40, 0x00, 0xEF, 0x4F, 0x32, 0x51,
    0x53, 0xAB, 0x1C, 0x82, 0xC7, 0xAB, 0x71, 0xFA, 0xB5, 0xF8, 0x5F, 0x0E, 0x03, 0x38, 0xE1, 0x37,
    0xB6, 0xC7, 0x6E, 0x51, 0x4D, 0x81, 0x8D, 0xF3, 0x4E, 0x8D, 0x8A, 0x53, 0xEC, 0x56, 0xEC, 0x99,
    0x69, 0x61, 0x71, 0x86, 0x40, 0xE0, 0x00, 0xEB, 0x12, 0x46, 0x07, 0x9B, 0x84, 0x90, 0x70, 0x1D,
    0x30, 0x1B, 0xD7, 0xD1, 0xAC, 0x73, 0x28, 0x1E, 0xC2, 0x1C, 0xD6, 0x79, 0xB1, 0x97, 0x0A, 0xC1,
    0xCB, 0xBC, 0xC8, 0x4B, 0x7C, 0x16, 0xD5, 0x36, 0x3C, 0xCC, 0xC6, 0x9F, 0x70, 0x81, 0x4D, 0x29,
    0x08, 0xAF, 0x71, 0xB1, 0xCA, 0x96, 0x35, 0xC8, 0x68, 0x9E, 0x61, 0x99, 0xDD, 0x22, 0x45, 0x5F,
    0x23, 0x55, 0x57, 0xB9, 0x4D, 0x5B, 0x44, 0x31, 0x1C, 0x55, 0xEB, 0x28, 0x53, 0x5B, 0xEA, 0x35,
    0xB5, 0x5B, 0x87, 0x8F, 0xE0, 0xC6, 0x62, 0x69, 0x16, 0x25, 0x9D, 0x22, 0xAE, 0x36, 0x50, 0xDA,
    0x44, 0xE6, 0x42, 0x03, 0x6F, 0x0D, 0x81, 0xF5, 0x53, 0x8B, 0xF5, 0xBB, 0x5E, 0x23, 0xF3, 0xBF,
    0x7B, 0x00, 0x28, 0x77, 0x34, 0xC6, 0xA6, 0xEA, 0x3E, 0x2D, 0xA2, 0x59, 0x8A, 0xC3, 0x9C, 0xDF,
    0xE4, 0xB1, 0xB1, 0xB6, 0x7C, 0x4E, 0xB9, 0xA7, 0x49, 0x5F, 0x8A, 0x61, 0xCB, 0xA0, 0x70, 0xB8,
    0x71, 0x23, 0x5C, 0xA2, 0xDE, 0x5E, 0x7A, 0x4D, 0x2B, 0xB1, 0x6A, 0x21, 0x35, 0x5D, 0x21, 0x2F,
    0x7F, 0xB4, 0x54, 0xD5, 0x8F, 0x3F, 0x06, 0xB8, 0xC5, 0xEE, 0xF6, 0x0E, 0xE5, 0x00, 0x44, 0xC8,
    0xE2, 0xE9, 0xAB, 0x0D, 0xDF, 0x57, 0x36, 0x1D, 0x04, 0x3F, 0x03, 0x35, 0x4B, 0x21, 0xF0, 0xCD,
    0x30, 0x4D, 0xF1, 0x1F, 0x85, 0x8F, 0x01, 0x67, 0xC3, 0x40, 0x1C, 0xC5, 0x7F, 0x6D, 0xBA, 0x76,
    0x44, 0x77, 0xFD, 0x00, 0xA1, 0x00, 0x43, 0xD7, 0x42, 0x11, 0x88, 0xCB, 0x87, 0x19, 0x06, 0x48,
    0x28, 0x86, 0x20, 0x03, 0xB0, 0xA1, 0xDF, 0x64, 0x31, 0x41, 0x50, 0x9C, 0x0D, 0x83, 0x21, 0x1F,
    0x21, 0xAC, 0x18, 0x20, 0x08, 0xC2, 0xCE, 0x6E, 0x17, 0xED, 0x88, 0xD9, 0xB6, 0xF7, 0x9E, 0xDF,
    0x3F, 0x2F, 0x1E, 0x9C, 0xD1, 0x47, 0x9B, 0xBA, 0x17, 0xAB, 0xB2, 0x47, 0xA3, 0x8E, 0xA7, 0xFE,
    0x57, 0x4C, 0xBD, 0x40, 0x2E, 0x73, 0x9D, 0xAC, 0x33, 0x0E, 0x3C, 0xFC, 0xB1, 0x67, 0xEA, 0x79,
    0x41, 0x20, 0xE5, 0x72, 0x99, 0xE7, 0x5A, 0x27, 0xC9, 0x7A, 0x9D, 0x65, 0xD0, 0xFF, 0xEE, 0x6F,
    0x04, 0x07, 0x9B, 0xF2, 0x7E, 0x2B, 0xF8, 0xD9, 0x27, 0xFC, 0xBE, 0x32, 0xA5, 0x29, 0xBF, 0x56,
    0x83, 0x70, 0xDE, 0x48, 0xDD, 0x79, 0xD5, 0x8C, 0xB7, 0x50, 0xD2, 0x62, 0x42, 0x53, 0x99, 0x54,
    0x53, 0x01, 0x1B, 0x5D, 0x74, 0x99, 0x84, 0x1B, 0x2D, 0x94, 0x2E, 0xDC, 0xB4, 0xC8, 0x2D, 0x5B,
    0xAE, 0x40, 0x1A, 0x1A, 0x68, 0xDD, 0x9B, 0x1A, 0x6A, 0xE7, 0xB1, 0xEA, 0xF8, 0xA4, 0x60, 0x27,
    0x6E, 0x2D, 0xA5, 0x11, 0x21, 0x8C, 0xF7, 0x73, 0x3A, 0x05, 0xE3, 0x3D, 0x90, 0xC8, 0x0F, 0xA0,
    0xD8, 0x89, 0x6E, 0xDB, 0x88, 0x37, 0x86, 0x75, 0x2D, 0x5E, 0x70, 0xCA, 0x8E, 0x13, 0x55, 0x88,
    0x3B, 0x44, 0x28, 0xCD, 0x39, 0xE0, 0xBE, 0x57, 0x23, 0x6F, 0xE1, 0x47, 0x11, 0xA3, 0x99, 0x17,
    0x2D, 0x32, 0xBF, 0x8A, 0x55, 0xAC, 0xB0, 0x2D, 0xF4, 0x62, 0xB5, 0x78, 0x50, 0xFE, 0x6B, 0x1A,
    0x3F, 0x63, 0x03, 0x5C, 0x6A, 0xED, 0x47, 0x33, 0x1C, 0x11, 0x5C, 0xAF, 0xDC, 0x21, 0xA8, 0x3A,
    0xB9, 0x68, 0xAB, 0x14, 0x63, 0x94, 0x0D, 0xA7, 0x78, 0xF8, 0x44, 0x54, 0x03, 0xE5, 0xA4, 0x13,
    0xCE, 0x8E, 0x95, 0x6F, 0x8F, 0xFF, 0xAB, 0x7D, 0x02, 0x94, 0x90, 0x01, 0x66, 0x03, 0x41, 0x14,
    0x86, 0xBF, 0x9D, 0xC1, 0x90, 0x49, 0x36, 0x3D, 0xC0, 0x6E, 0x16, 0x20, 0x48, 0x6A, 0x30, 0x6A,
    0x4B, 0xA2, 0x7B, 0x84, 0x5E, 0xA4, 0xEC, 0x11, 0xE6, 0x16, 0x05, 0xE8, 0x11, 0x16, 0x85, 0x52,
    0xEC, 0x11, 0x72, 0x84, 0xA2, 0x07, 0x08, 0x16, 0xA1, 0xBB, 0xA6, 0x2F, 0x13, 0xD1, 0xA2, 0xD0,
    0xDD, 0xDF, 0xF8, 0xE7, 0xBD, 0x79, 0xFF, 0x7B, 0xEF, 0x57, 0x27, 0x72, 0x4B, 0xAD, 0x83, 0xCF,
    0x7A, 0x97, 0x20, 0x64, 0xAD, 0x83, 0x04, 0x25, 0x45, 0x97, 0x1D, 0x75, 0x9B, 0xBB, 0x9D, 0xEB,
    0x5C, 0x8C, 0xB4, 0xF2, 0xC7, 0xE5, 0xC4, 0x1C, 0x01, 0x8B, 0x47, 0x66, 0xEF, 0x30, 0x03, 0xC3,
    0x8D, 0xA1, 0x5E, 0x61, 0x07, 0xB2, 0x37, 0xEC, 0x73, 0x53, 0xA8, 0xB0, 0x86, 0xBB, 0x89, 0xBD,
    0x69, 0xFC, 0x55, 0xB5, 0x34, 0x8D, 0x9A, 0x88, 0x23, 0x1B, 0x3C, 0x2F, 0xF4, 0x2A, 0x68, 0x72,
    0x0A, 0x3C, 0xF6, 0xC4, 0xFD, 0x0A, 0x27, 0x1A, 0x96, 0x6A, 0x64, 0x9F, 0xB8, 0x40, 0x88, 0xA4,
    0xCC, 0x89, 0x6D, 0x85, 0xD7, 0x8D, 0x93, 0x29, 0x75, 0xBF, 0xB1, 0xC1, 0x7E, 0x05, 0xE4, 0x6A,
    0xD8, 0xA6, 0x9E, 0x40, 0x86, 0xC6, 0xF0, 0x30, 0x6A, 0x34, 0xF1, 0x08, 0xE7, 0xB5, 0x96, 0x6C,
    0x74, 0xE3, 0x55, 0x5A, 0x8B, 0xF3, 0x29, 0x5C, 0x22, 0x12, 0x97, 0xEC, 0x58, 0xCC, 0x2F, 0x5F,
    0x11, 0xA5, 0x85, 0xE8, 0xF8, 0xB4, 0x04, 0x39, 0xEC, 0x50, 0x1F, 0x54, 0x50, 0x2B, 0x9C, 0x68,
    0x46, 0x04, 0xDC, 0xC2, 0x2B, 0xEA, 0x80, 0xF9, 0x24, 0x7B, 0x02, 0x03, 0xE9, 0xBD, 0x2F, 0xD3,
    0x00, 0x1D, 0x47, 0xDD, 0xD9, 0xB6, 0x74, 0xF5, 0x5F, 0x46, 0x09, 0x96, 0x03, 0x94, 0x3F, 0x65,
    0x75, 0xF9, 0x1F, 0xAF, 0x5A, 0x0E, 0x59, 0xAF, 0x1B, 0xC3, 0xE2, 0xE2, 0xD6, 0xC0, 0xF6, 0xEA,
    0x50, 0x9D, 0x53, 0x49, 0x65, 0xF5, 0xCB, 0xB0, 0xE1, 0x7B, 0x64, 0x05, 0x18, 0x00, 0x8D, 0x90,
    0x21, 0x6C, 0x14, 0x41, 0x14, 0x86, 0xBF, 0xBD, 0x29, 0x99, 0x84, 0x15, 0xA3, 0xEA, 0x08, 0xF5,
    0x69, 0xC2, 0xF9, 0xE4, 0xCA, 0x8E, 0x57, 0x84, 0x70, 0xC5, 0x5B, 0x10, 0xB5, 0x08, 0x92, 0x5D,
    0x01, 0x1A, 0x04, 0xF5, 0xB5, 0xD4, 0xD4, 0x20, 0x7B, 0xD9, 0x01, 0x2F, 0x06, 0x82, 0xCF, 0x96,
    0x20, 0xC8, 0x61, 0x26, 0xE9, 0x89, 0x2B, 0xEC, 0xDD, 0x63, 0x1E, 0xB9, 0xBB, 0xDE, 0x25, 0x08,
    0x26, 0xEF, 0xFF, 0x66, 0xDE, 0xCB, 0xCB, 0xBC, 0x3F, 0x4F, 0x12, 0x15, 0x46, 0xC2, 0xFA, 0x76,
    0x50, 0x7B, 0x46, 0x94, 0x0D, 0xBF, 0x03, 0x2F, 0x30, 0x81, 0xEB, 0x40, 0xC2, 0xC4, 0xE2, 0x5B,
    0x2C, 0x12, 0x4F, 0x4E, 0xC7, 0xAF, 0x4E, 0xC7, 0xAF, 0xBD, 0xB8, 0xBE, 0xCA, 0x11, 0xF9, 0x60,
    0x9B, 0x1C, 0x30, 0x72, 0xFE, 0xA5, 0xF3, 0xC8, 0xA7, 0x4E, 0x23, 0xCA, 0xD5, 0x95, 0x7C, 0xF9,
    0x2C, 0x11, 0x77, 0xC4, 0xC1, 0x08, 0x28, 0x2F, 0x71, 0x97, 0x80, 0x9D, 0x53, 0xCE, 0x00, 0x33,
    0xC3, 0x26, 0x60, 0x90, 0x30, 0x1D, 0x40, 0x3B, 0x87, 0x52, 0xA4, 0xA1, 0xF2, 0x36, 0x32, 0xA7,
    0xE8, 0x8A, 0x94, 0x31, 0x88, 0x40, 0x2D, 0xD2, 0x29, 0xA2, 0xFA, 0x81, 0x4A, 0xDB, 0x5A, 0x11,
    0xCF, 0xA0, 0x03, 0x98, 0x29, 0x26, 0x7A, 0x0F, 0x1B, 0xDB, 0xA1, 0xBF, 0xC0, 0xC9, 0x8D, 0xF6,
    0x75, 0x8A, 0x25, 0x7D, 0x25, 0x6F, 0xBC, 0x09, 0xD8, 0x90, 0x61, 0x42, 0x4E, 0xAF, 0xF5, 0x55,
    0x36, 0x19, 0x27, 0x18, 0x91, 0x1E, 0x33, 0x3D, 0x7F, 0x44, 0x4E, 0xF9, 0x27, 0x2A, 0x59, 0x83,
    0xF6, 0x06, 0x2B, 0x12, 0x5C, 0xB6, 0x79, 0x9F, 0x22, 0xED, 0x41, 0x22, 0x4B, 0x44, 0xFE, 0x8A,
    0xF6, 0x3B, 0xEB, 0xF7, 0x08, 0xC8, 0x3A, 0x3B, 0x82, 0x34, 0xF4, 0x83, 0x94, 0x9D, 0x85, 0xA2,
    0x5D, 0x20, 0xAB, 0x93, 0x4C, 0x70, 0x2A, 0x9D, 0xF1, 0x3F, 0xBA, 0xFB, 0xFE, 0xD9, 0x99, 0xFB,
    0xBA, 0x9F, 0x56, 0x4E, 0xC6, 0x1E, 0x70, 0xC1, 0x86, 0x3B, 0x0B, 0x6C, 0xC3, 0x90, 0x79, 0x2D,
    0x29, 0x3C, 0xDE, 0x1F, 0x1F, 0xFB, 0x9C, 0x3A, 0x32, 0x0E, 0xB0, 0xA1, 0x98, 0x60, 0xD5, 0x98,
    0x9D, 0x4E, 0xC8, 0xB5, 0x07, 0x0A, 0xA7, 0x28, 0x9B, 0x0C, 0x13, 0x32, 0x06, 0x5D, 0xBC, 0xF8,
    0x81, 0x44, 0xE9, 0xA9, 0x1B, 0x00, 0x9D, 0xA0, 0xDA, 0x75, 0xF0, 0xF1, 0xC2, 0x3F, 0x97, 0x5F,
    0xB4, 0x51, 0xF3, 0x02, 0xF3, 0x53, 0x7C, 0xBB, 0x7C, 0xC7, 0xD3, 0xDB, 0x1E, 0xA7, 0x3A, 0x9C,
    0x9E, 0x5F, 0x54, 0x22, 0x72, 0xBB, 0xFF, 0x5C, 0x1D, 0x6E, 0xED, 0x5F, 0xB1, 0xBB, 0xFF, 0x45,
    0xC6, 0xF2, 0xED, 0xD6, 0xC2, 0xFB, 0x2A, 0xF3, 0xF8, 0xD4, 0xAF, 0xD2, 0xC3, 0xE9, 0x66, 0xFF,
    0xF7, 0x76, 0xD0, 0x8A, 0x44, 0x6A, 0x91, 0x5E, 0xFB, 0x1E, 0x2A, 0xDC, 0x06, 0x07, 0x8A, 0x89,
    0x7E, 0x3F, 0x57, 0x2C, 0x36, 0x35, 0xDB, 0xEC, 0xD8, 0xB0, 0x8A, 0xA1, 0xAF, 0xB5, 0xA5, 0x55,
    0xCF, 0x5B, 0x33, 0xF6, 0x80, 0x3F, 0x75, 0xCE, 0x01, 0x86, 0x1C, 0x41, 0x14, 0x80, 0xE1, 0x6F,
    0x26, 0xCD, 0x2E, 0x6D, 0xB7, 0x16, 0x42, 0x30, 0xF4, 0x1E, 0x20, 0x49, 0x5F, 0x20, 0xD9, 0xAA,
    0x23, 0x04, 0xFA, 0x00, 0xB9, 0xC1, 0x02, 0x82, 0x24, 0xDB, 0x47, 0x0A, 0x20, 0x58, 0xA6, 0x8F,
    0xD0, 0x10, 0x00, 0xF6, 0x08, 0x85, 0xC6, 0x60, 0xA8, 0x78, 0x40, 0xB2, 0x8C, 0x87, 0xDF, 0xFF,
    0xFC, 0xAF, 0x14, 0x0E, 0xFC, 0x6C, 0xED, 0x00, 0xB8, 0x31, 0x7A, 0x5A, 0x6E, 0x5C, 0x1A, 0xEE,
    0xF0, 0xC1, 0x53, 0x6B, 0x25, 0x18, 0xDE, 0x5D, 0xAC, 0x87, 0x92, 0xE7, 0x41, 0x67, 0xA7, 0xD3,
    0x4B, 0x1E, 0x5A, 0x5B, 0x82, 0xE1, 0xDC, 0xCA, 0xE5, 0xEB, 0xFC, 0x4F, 0x7F, 0xE9, 0x8D, 0x72,
    0x0B, 0xE4, 0x22, 0xAF, 0xC6, 0xC5, 0xF0, 0xC2, 0xC6, 0x67, 0x12, 0x57, 0x8B, 0x5D, 0xE5, 0x99,
    0xF7, 0x80, 0xFD, 0x26, 0x9D, 0xF4, 0x55, 0xAA, 0xD1, 0x9C, 0xEC, 0x5F, 0xF4, 0xB3, 0x81, 0xEF,
    0xFC, 0x02, 0x78, 0xE4, 0x99, 0x8F, 0xA4, 0xD9, 0x9B, 0x95, 0x8D, 0x4F, 0x0C, 0x55, 0x1C, 0x6E,
    0xAE, 0x36, 0xBE, 0x80, 0x77, 0xE2, 0xAE, 0x46, 0x94, 0x8A, 0x07, 0x7E, 0xC7, 0x07, 0xC6, 0x45,
    0x5E, 0xE5, 0xD9, 0x35, 0x66, 0xF6, 0x7F, 0xA6, 0x92, 0x5A, 0x5B, 0xF3, 0x42, 0x30, 0x5C, 0xEC,
    0x4B, 0xBF, 0x8E, 0xF5, 0x78, 0x3E, 0x3C, 0xFE, 0x3F, 0xD7, 0xF7, 0xDC, 0x7B, 0x3B, 0x7D, 0x73,
    0x6C, 0x0D, 0x79, 0x09, 0x86, 0xC7, 0xBE, 0xBB, 0x7B, 0xDD, 0x1F, 0xCF, 0x63, 0xED, 0xD7, 0x7D,
    0xD9, 0x51, 0xD2, 0x34, 0xAD, 0x63, 0x6B, 0xF5, 0x07, 0xE7, 0x60, 0x78, 0xEC, 0xFF, 0x02, 0x7D,
    0x92, 0x81, 0x66, 0x1C, 0x51, 0x14, 0x86, 0xBF, 0x99, 0x69, 0xB2, 0xA9, 0x69, 0x3B, 0x8B, 0x96,
    0x22, 0x3A, 0x41, 0x11, 0x34, 0x19, 0x80, 0x62, 0xB7, 0x77, 0xAA, 0x2F, 0x10, 0x24, 0xA0, 0x68,
    0x1E, 0x21, 0x58, 0x14, 0x69, 0xE7, 0xEA, 0x13, 0xA4, 0xAF, 0x51, 0x30, 0x68, 0x75, 0x69, 0x23,
    0x57, 0xFB, 0x02, 0x53, 0x7D, 0x81, 0xAB, 0x05, 0x14, 0xAE, 0x74, 0x69, 0xC8, 0xEC, 0x9E, 0xDE,
    0x7B, 0xAD, 0xD8, 0x50, 0x3D, 0xF7, 0xFC, 0xFF, 0x9C, 0x73, 0xCE, 0xF9, 0x7F, 0x30, 0x32, 0xA3,
    0x94, 0x48, 0x79, 0x4D, 0x62, 0x07, 0x86, 0xAC, 0xCB, 0x3C, 0x99, 0xC4, 0xE2, 0x27, 0x22, 0x02,
    0x67, 0xB2, 0x80, 0x91, 0x7F, 0x8C, 0x79, 0x09, 0x0F, 0x98, 0x41, 0x81, 0x83, 0xFC, 0x4D, 0x07,
    0xD9, 0x57, 0x03, 0xE9, 0x2F, 0x0D, 0x08, 0x50, 0x46, 0x9A, 0x07, 0x95, 0xF4, 0xE2, 0xE1, 0xC8,
    0x4C, 0xC0, 0x9E, 0x07, 0x2B, 0xC8, 0x45, 0x02, 0xAE, 0xCD, 0x86, 0xE1, 0x76, 0x09, 0x59, 0xEA,
    0xD9, 0xDF, 0xCB, 0xC5, 0x56, 0x2F, 0xBA, 0xE3, 0xC2, 0xB5, 0xA3, 0xB6, 0x75, 0xED, 0x47, 0xD3,
    0x36, 0x4F, 0x9D, 0x7A, 0x6E, 0x1A, 0xA9, 0xD9, 0x27, 0xC6, 0x2D, 0x60, 0x17, 0x50, 0xC0, 0x27,
    0x0D, 0xBF, 0x0D, 0xE9, 0x37, 0x1B, 0xAD, 0x72, 0x3D, 0xA5, 0xA8, 0x8F, 0xA9, 0x64, 0x81, 0x12,
    0x89, 0x08, 0x75, 0x98, 0x85, 0x5D, 0xB8, 0x09, 0xB7, 0x41, 0x13, 0xB5, 0x6A, 0xE9, 0x15, 0x3C,
    0x6F, 0x00, 0xCD, 0x02, 0x12, 0x11, 0xCB, 0xC0, 0x26, 0x17, 0x94, 0x9A, 0x11, 0x0A, 0x76, 0xE8,
    0x61, 0xCC, 0x0C, 0x36, 0x02, 0x11, 0x09, 0x91, 0x7E, 0x49, 0xB1, 0xBD, 0x00, 0x38, 0x05, 0xA8,
    0x34, 0x05, 0xB9, 0x65, 0x97, 0x34, 0xAE, 0x1B, 0xB9, 0x40, 0xC4, 0xF9, 0x54, 0x73, 0x35, 0x07,
    0xC8, 0x4C, 0x66, 0x42, 0x1D, 0xBE, 0xA9, 0xE6, 0x10, 0x1C, 0xDB, 0xE7, 0xBA, 0x12, 0x33, 0x98,
    0x53, 0x48, 0xFD, 0xE4, 0xD2, 0xE0, 0x6A, 0x1C, 0x6B, 0x28, 0x63, 0xDB, 0xEE, 0xC8, 0xB6, 0xCA,
    0xAC, 0xB1, 0x7E, 0x52, 0xCE, 0x54, 0x1F, 0x5E, 0x39, 0x5B, 0x3F, 0x21, 0x13, 0x43, 0xF1, 0x4E,
    0x73, 0x1B, 0x78, 0x04, 0x3C, 0x06, 0x26, 0x40, 0x0B, 0x7B, 0x16, 0x3E, 0x18, 0xA8, 0x3C, 0xF2,
    0x9A, 0xAB, 0x28, 0xCF, 0x17, 0x34, 0x22, 0x66, 0xAA, 0x9E, 0x19, 0x57, 0xA5, 0x5D, 0xF8, 0x86,
    0x3E, 0xCC, 0x63, 0xB0, 0x05, 0xEF, 0x49, 0x2C, 0x03, 0x43, 0x01, 0x63, 0x98, 0x5E, 0xEB, 0x1A,
    0x71, 0x4A, 0xDC, 0x0F, 0xF3, 0xEF, 0xF7, 0x56, 0x87, 0x1B, 0x1A, 0xE0, 0x0C, 0xB8, 0xD4, 0xA4,
    0x3F, 0x0D, 0xD9, 0x17, 0x4B, 0xAE, 0x1D, 0x85, 0x77, 0x2E, 0x39, 0x66, 0xCC, 0xD8, 0x73, 0xC9,
    0x84, 0x3B, 0x00, 0x3C, 0xE4, 0x66, 0xEC, 0x47, 0xEC, 0xB0, 0xEB, 0xB9, 0x60, 0x1A, 0xEF, 0x83,
    0x2E, 0xFD, 0x6E, 0x48, 0xFE, 0x18, 0x90, 0x3A, 0xFA, 0x46, 0x7F, 0x20, 0xE9, 0x48, 0x2D, 0xD4,
    0xAC, 0xC6, 0x30, 0x61, 0x36, 0x30, 0x47, 0x59, 0xED, 0xD3, 0x17, 0xBE, 0xBD, 0x16, 0xB5, 0x97,
    0x04, 0xE1, 0xDD, 0xE1, 0x99, 0xBB, 0x3F, 0x84, 0xD7, 0xED, 0xCE, 0x16, 0x5B, 0xB4, 0xD2, 0x4B,
    0x9F, 0xE9, 0xC0, 0x9B, 0x6C, 0x03, 0x22, 0xC6, 0xE7, 0x6A, 0xB1, 0x52, 0x6F, 0x12, 0x7F, 0x0C,
    0x4F, 0x85, 0xE6, 0xD4, 0x9B, 0xC0, 0xC0, 0x12, 0xAA, 0xBC, 0x83, 0xCF, 0xB0, 0xD1, 0x48, 0x77,
    0xEF, 0xA0, 0x9E, 0x40, 0x55, 0xFB, 0xD5, 0xD5, 0xC5, 0x2B, 0xBF, 0x0D, 0x37, 0xA7, 0x9E, 0x42,
    0x73, 0x08, 0x85, 0xF4, 0x6B, 0x07, 0xFB, 0x0C, 0xC1, 0xFD, 0x2F, 0x95, 0x74, 0x4A, 0xCC, 0xA4,
    0x9F, 0xFE, 0x05,
};

static const EpdGlyph edslab_12_regularGlyphs[] = {
    { 0, 0, 138, 0, 0, 0, 0 }, // U+0020
    { 3, 17, 87, 1, 17, 13, 0 }, // !
    { 6, 5, 135, 1, 17, 8, 13 }, // "
    { 17, 17, 319, 1, 17, 73, 21 }, // #
    { 14, 23, 252, 1, 20, 81, 94 }, // $
    { 21, 17, 375, 1, 17, 90, 175 }, // %
    { 15, 17, 292, 2, 17, 64, 265 }, // &
    { 2, 5, 78, 1, 17, 3, 329 }, // '
    { 8, 27, 172, 1, 22, 54, 332 }, // (
    { 8, 27, 172, 1, 22, 54, 386 }, // )
    { 10, 8, 172, 0, 20, 20, 440 }, // *
    { 7, 7, 155, 1, 10, 13, 460 }, // +
    { 4, 6, 88, 1, 3, 6, 473 }, // ,
    { 7, 2, 155, 1, 7, 4, 479 }, // -
    { 3, 3, 88, 1, 3, 3, 483 }, // .
    { 9, 23, 158, 0, 18, 52, 486 }, // /
    { 14, 17, 242, 1, 17, 60, 538 }, // 0
    { 7, 17, 146, 1, 17, 30, 598 }, // 1
    { 12, 17, 225, 1, 17, 51, 628 }, // 2
    { 13, 17, 234, 1, 17, 56, 679 }, // 3
    { 13, 17, 232, 1, 17, 56, 735 }, // 4
    { 13, 17, 232, 1, 17, 56, 791 }, // 5
    { 13, 18, 235, 1, 18, 59, 847 }, // 6
    { 11, 17, 223, 1, 17, 47, 906 }, // 7
    { 12, 17, 238, 1, 17, 51, 953 }, // 8
    { 13, 19, 222, 1, 17, 62, 1004 }, // 9
    { 3, 11, 87, 1, 11, 9, 1066 }, // :
    { 4, 14, 88, 1, 11, 14, 1075 }, // ;
    { 12, 12, 220, 1, 13, 36, 1089 }, // <
    { 7, 5, 155, 1, 9, 9, 1125 }, // =
    { 12, 12, 220, 1, 13, 36, 1134 }, // >
    { 11, 18, 221, 1, 17, 50, 1170 }, // ?
    { 22, 20, 386, 1, 19, 110, 1220 }, // @
    { 20, 17, 356, 1, 17, 85, 1330 }, // A
    { 17, 17, 287, 1, 17, 73, 1415 }, // B
    { 16, 17, 282, 1, 17, 68, 1488 }, // C
    { 19, 17, 320, 1, 17, 81, 1556 }, // D
    { 15, 17, 276, 1, 17, 64, 1637 }, // E
    { 15, 17, 276, 1, 17, 64, 1701 }, // F
    { 16, 17, 284, 1, 17, 68, 1765 }, // G
    { 19, 17, 347, 1, 17, 81, 1833 }, // H
    { 7, 17, 150, 1, 17, 30, 1914 }, // I
    { 12, 17, 224, 1, 17, 51, 1944 }, // J
    { 17, 17, 299, 1, 17, 73, 1995 }, // K
    { 15, 17, 279, 1, 17, 64, 2068 }, // L
    { 22, 17, 396, 1, 17, 94, 2132 }, // M
    { 19, 17, 347, 1, 17, 81, 2226 }, // N
    { 18, 17, 326, 1, 17, 77, 2307 }, // O
    { 16, 17, 287, 1, 17, 68, 2384 }, // P
    { 21, 21, 351, 1, 17, 111, 2452 }, // Q
    { 18, 17, 307, 1, 17, 77, 2563 }, // R
    { 14, 17, 242, 0, 17, 60, 2640 }, // S
    { 16, 17, 301, 1, 17, 68, 2700 }, // T
    { 20, 17, 358, 1, 17, 85, 2768 }, // U
    { 20, 17, 356, 1, 17, 85, 2853 }, // V
    { 29, 17, 506, 1, 17, 124, 2938 }, // W
    { 18, 17, 326, 1, 17, 77, 3062 }, // X
    { 17, 17, 311, 1, 17, 73, 3139 }, // Y
    { 15, 17, 271, 1, 17, 64, 3212 }, // Z
    { 6, 23, 124, 1, 17, 35, 3276 }, // [
    { 9, 23, 158, 0, 18, 52, 3311 }, // <backslash>
    { 6, 23, 136, 1, 17, 35, 3363 }, // ]
    { 12, 9, 220, 1, 18, 27, 3398 }, // ^
    { 10, 2, 199, 1, 0, 5, 3425 }, // _
    { 4, 5, 100, 1, 20, 5, 3430 }, // `
    { 12, 12, 208, 0, 11, 36, 3435 }, // a
    { 13, 19, 230, 1, 19, 62, 3471 }, // b
    { 11, 11, 192, 1, 11, 31, 3533 }, // c
    { 13, 19, 228, 1, 19, 62, 3564 }, // d
    { 11, 11, 184, 0, 11, 31, 3626 }, // e
    { 9, 20, 141, 0, 17, 45, 3657 }, // f
    { 15, 19, 222, 0, 11, 72, 3702 }, // g
    { 14, 19, 240, 1, 19, 67, 3774 }, // h
    { 6, 16, 110, 1, 16, 24, 3841 }, // i
    { 6, 21, 95, -1, 15, 32, 3865 }, // j
    { 14, 19, 239, 1, 19, 67, 3897 }, // k
    { 6, 19, 122, 1, 19, 29, 3964 }, // l
    { 20, 11, 344, 1, 11, 55, 3993 }, // m
    { 14, 11, 244, 1, 11, 39, 4048 }, // n
    { 11, 11, 206, 1, 11, 31, 4087 }, // o
    { 12, 17, 218, 1, 11, 51, 4118 }, // p
    { 13, 17, 198, 1, 11, 56, 4169 }, // q
    { 10, 11, 192, 1, 11, 28, 4225 }, // r
    { 10, 11, 161, 0, 11, 28, 4253 }, // s
    { 11, 16, 168, 1, 16, 44, 4281 }, // t
    { 14, 11, 230, 1, 11, 39, 4325 }, // u
    { 15, 11, 254, 1, 11, 42, 4364 }, // v
    { 22, 11, 366, 1, 11, 61, 4406 }, // w
    { 13, 11, 248, 1, 11, 36, 4467 }, // x
    { 15, 17, 254, 0, 11, 64, 4503 }, // y
    { 10, 11, 194, 1, 11, 28, 4567 }, // z
    { 7, 24, 114, 0, 18, 42, 4595 }, // {
    { 2, 25, 73, 1, 21, 13, 4637 }, // |
    { 8, 24, 114, 0, 18, 48, 4650 }, // }
    { 9, 4, 196, 2, 9, 9, 4698 }, // ~
    { 0, 0, 138, 0, 0, 0, 0 }, // U+00A0
    { 3, 17, 87, 1, 17, 13, 0 }, // U+00A1
    { 11, 15, 192, 1, 13, 42, 13 }, // U+00A2
    { 11, 19, 208, 1, 17, 53, 55 }, // U+00A3
    { 11, 11, 200, 1, 13, 31, 108 }, // U+00A4
    { 17, 17, 311, 1, 17, 73, 139 }, // U+00A5
    { 2, 17, 73, 1, 17, 9, 212 }, // U+00A6
    { 10, 15, 174, 0, 16, 38, 221 }, // U+00A7
    { 6, 2, 160, 2, 17, 3, 259 }, // U+00A8
    { 18, 18, 344, 2, 17, 81, 262 }, // U+00A9
    { 9, 8, 149, 0, 15, 18, 343 }, // U+00AA
    { 8, 9, 164, 1, 12, 18, 361 }, // U+00AB
    { 10, 5, 216, 1, 9, 13, 379 }, // U+00AC
    { 7, 2, 155, 1, 7, 4, 392 }, // U+00AD
    { 19, 20, 344, 2, 18, 95, 396 }, // U+00AE
    { 5, 2, 160, 3, 17, 3, 491 }, // U+00AF
    { 4, 4, 168, 3, 18, 4, 494 }, // U+00B0
    { 7, 11, 200, 3, 12, 20, 498 }, // U+00B1
    { 9, 10, 156, 0, 18, 23, 518 }, // U+00B2
    { 9, 10, 161, 0, 18, 23, 541 }, // U+00B3
    { 4, 2, 160, 3, 17, 2, 564 }, // U+00B4
    { 14, 17, 230, 1, 11, 60, 566 }, // U+00B5
    { 11, 19, 224, 0, 17, 53, 626 }, // U+00B6
    { 3, 3, 88, 1, 9, 3, 679 }, // U+00B7
    { 4, 3, 160, 3, -1, 3, 682 }, // U+00B8
    { 4, 10, 106, 1, 18, 10, 685 }, // U+00B9
    { 10, 8, 148, 0, 15, 20, 695 }, // U+00BA
    { 8, 9, 164, 1, 12, 18, 715 }, // U+00BB
    { 16, 20, 224, 0, 19, 80, 733 }, // U+00BC
    { 16, 20, 224, 0, 19, 80, 813 }, // U+00BD
    { 16, 20, 224, 0, 19, 80, 893 }, // U+00BE
    { 12, 18, 221, 1, 18, 54, 973 }, // U+00BF
    { 20, 19, 356, 1, 19, 95, 1027 }, // U+00C0
    { 20, 20, 356, 1, 20, 100, 1122 }, // U+00C1
    { 20, 19, 356, 1, 19, 95, 1222 }, // U+00C2
    { 20, 20, 356, 1, 20, 100, 1317 }, // U+00C3
    { 20, 19, 356, 1, 19, 95, 1417 }, // U+00C4
    { 20, 21, 356, 1, 21, 105, 1512 }, // U+00C5
    { 30, 17, 516, 1, 17, 128, 1617 }, // U+00C6
    { 16, 20, 282, 1, 17, 80, 1745 }, // U+00C7
    { 15, 19, 276, 1, 19, 72, 1825 }, // U+00C8
    { 15, 20, 276, 1, 20, 75, 1897 }, // U+00C9
    { 15, 19, 276, 1, 19, 72, 1972 }, // U+00CA
    { 15, 19, 276, 1, 19, 72, 2044 }, // U+00CB
    { 7, 19, 150, 1, 19, 34, 2116 }, // U+00CC
    { 7, 20, 150, 1, 20, 35, 2150 }, // U+00CD
    { 7, 19, 150, 1, 19, 34, 2185 }, // U+00CE
    { 7, 19, 150, 1, 19, 34, 2219 }, // U+00CF
    { 19, 17, 320, 1, 17, 81, 2253 }, // U+00D0
    { 19, 20, 347, 1, 20, 95, 2334 }, // U+00D1
    { 18, 19, 326, 1, 19, 86, 2429 }, // U+00D2
    { 18, 20, 326, 1, 20, 90, 2515 }, // U+00D3
    { 18, 19, 326, 1, 19, 86, 2605 }, // U+00D4
    { 18, 20, 326, 1, 20, 90, 2691 }, // U+00D5
    { 18, 19, 326, 1, 19, 86, 2781 }, // U+00D6
    { 7, 8, 200, 3, 11, 14, 2867 }, // U+00D7
    { 18, 20, 326, 1, 19, 90, 2881 }, // U+00D8
    { 20, 19, 358, 1, 19, 95, 2971 }, // U+00D9
    { 20, 20, 358, 1, 20, 100, 3066 }, // U+00DA
    { 20, 19, 358, 1, 19, 95, 3166 }, // U+00DB
    { 20, 19, 358, 1, 19, 95, 3261 }, // U+00DC
    { 17, 20, 311, 1, 20, 85, 3356 }, // U+00DD
    { 11, 18, 320, 1, 17, 50, 3441 }, // U+00DE
    { 10, 16, 216, 1, 16, 40, 3491 }, // U+00DF
    { 12, 15, 208, 0, 14, 45, 3531 }, // U+00E0
    { 12, 15, 208, 0, 14, 45, 3576 }, // U+00E1
    { 12, 15, 208, 0, 14, 45, 3621 }, // U+00E2
    { 12, 15, 208, 0, 14, 45, 3666 }, // U+00E3
    { 12, 14, 208, 0, 13, 42, 3711 }, // U+00E4
    { 12, 16, 208, 0, 15, 48, 3753 }, // U+00E5
    { 22, 12, 348, 0, 11, 66, 3801 }, // U+00E6
    { 11, 14, 192, 1, 11, 39, 3867 }, // U+00E7
    { 11, 14, 184, 0, 14, 39, 3906 }, // U+00E8
    { 11, 14, 184, 0, 14, 39, 3945 }, // U+00E9
    { 11, 14, 184, 0, 14, 39, 3984 }, // U+00EA
    { 11, 13, 184, 0, 13, 36, 4023 }, // U+00EB
    { 6, 14, 110, 1, 14, 21, 4059 }, // U+00EC
    { 6, 14, 110, 1, 14, 21, 4080 }, // U+00ED
    { 6, 14, 110, 1, 14, 21, 4101 }, // U+00EE
    { 6, 13, 110, 1, 13, 20, 4122 }, // U+00EF
    { 14, 19, 228, 1, 19, 67, 4142 }, // U+00F0
    { 14, 14, 244, 1, 14, 49, 4209 }, // U+00F1
    { 11, 14, 206, 1, 14, 39, 4258 }, // U+00F2
    { 11, 14, 206, 1, 14, 39, 4297 }, // U+00F3
    { 11, 14, 206, 1, 14, 39, 4336 }, // U+00F4
    { 11, 14, 206, 1, 14, 39, 4375 }, // U+00F5
    { 11, 13, 206, 1, 13, 36, 4414 }, // U+00F6
    { 7, 8, 200, 3, 11, 14, 4450 }, // U+00F7
    { 13, 15, 206, 0, 13, 49, 4464 }, // U+00F8
    { 14, 14, 230, 1, 14, 49, 4513 }, // U+00F9
    { 14, 14, 230, 1, 14, 49, 4562 }, // U+00FA
    { 14, 14, 230, 1, 14, 49, 4611 }, // U+00FB
    { 14, 14, 230, 1, 14, 49, 4660 }, // U+00FC
    { 15, 20, 254, 0, 14, 75, 4709 }, // U+00FD
    { 13, 25, 230, 1, 19, 82, 4784 }, // U+00FE
    { 15, 20, 254, 0, 14, 75, 4866 }, // U+00FF
    { 20, 19, 356, 1, 19, 95, 0 }, // U+0100
    { 12, 14, 208, 0, 13, 42, 95 }, // U+0101
    { 20, 20, 356, 1, 20, 100, 137 }, // U+0102
    { 12, 15, 208, 0, 14, 45, 237 }, // U+0103
    { 20, 21, 356, 1, 17, 105, 282 }, // U+0104
    { 12, 15, 208, 0, 11, 45, 387 }, // U+0105
    { 16, 20, 282, 1, 20, 80, 432 }, // U+0106
    { 11, 14, 192, 1, 14, 39, 512 }, // U+0107
    { 16, 21, 282, 1, 21, 84, 551 }, // U+0108
    { 11, 14, 192, 1, 14, 39, 635 }, // U+0109
    { 16, 20, 282, 1, 20, 80, 674 }, // U+010A
    { 11, 14, 192, 1, 14, 39, 754 }, // U+010B
    { 16, 21, 282, 1, 21, 84, 793 }, // U+010C
    { 11, 14, 192, 1, 14, 39, 877 }, // U+010D
    { 19, 20, 320, 1, 20, 95, 916 }, // U+010E
    { 16, 19, 228, 1, 19, 76, 1011 }, // U+010F
    { 19, 17, 320, 1, 17, 81, 1087 }, // U+0110
    { 14, 19, 228, 1, 19, 67, 1168 }, // U+0111
    { 15, 19, 276, 1, 19, 72, 1235 }, // U+0112
    { 11, 13, 184, 0, 13, 36, 1307 }, // U+0113
    { 15, 21, 276, 1, 21, 79, 1343 }, // U+0114
    { 11, 15, 184, 0, 15, 42, 1422 }, // U+0115
    { 15, 20, 276, 1, 20, 75, 1464 }, // U+0116
    { 11, 14, 184, 0, 14, 39, 1539 }, // U+0117
    { 15, 21, 276, 1, 17, 79, 1578 }, // U+0118
    { 11, 15, 184, 0, 11, 42, 1657 }, // U+0119
    { 15, 20, 276, 1, 20, 75, 1699 }, // U+011A
    { 11, 14, 184, 0, 14, 39, 1774 }, // U+011B
    { 16, 21, 284, 1, 21, 84, 1813 }, // U+011C
    { 15, 22, 222, 0, 14, 83, 1897 }, // U+011D
    { 16, 21, 284, 1, 21, 84, 1980 }, // U+011E
    { 15, 22, 222, 0, 14, 83, 2064 }, // U+011F
    { 16, 20, 284, 1, 20, 80, 2147 }, // U+0120
    { 15, 22, 222, 0, 14, 83, 2227 }, // U+0121
    { 16, 20, 284, 1, 17, 80, 2310 }, // U+0122
    { 15, 21, 222, 0, 11, 79, 2390 }, // U+0123
    { 19, 20, 347, 1, 20, 95, 2469 }, // U+0124
    { 14, 22, 240, 1, 22, 77, 2564 }, // U+0125
    { 19, 17, 347, 1, 17, 81, 2641 }, // U+0126
    { 15, 19, 240, 0, 19, 72, 2722 }, // U+0127
    { 7, 21, 150, 1, 21, 37, 2794 }, // U+0128
    { 8, 14, 110, 0, 14, 28, 2831 }, // U+0129
    { 7, 19, 150, 1, 19, 34, 2859 }, // U+012A
    { 7, 13, 110, 1, 13, 23, 2893 }, // U+012B
    { 7, 21, 150, 1, 21, 37, 2916 }, // U+012C
    { 6, 15, 110, 1, 15, 23, 2953 }, // U+012D
    { 7, 21, 150, 1, 17, 37, 2976 }, // U+012E
    { 6, 20, 110, 1, 16, 30, 3013 }, // U+012F
    { 7, 20, 150, 1, 20, 35, 3043 }, // U+0130
    { 6, 11, 110, 1, 11, 17, 3078 }, // U+0131
    { 20, 17, 358, 1, 17, 85, 3095 }, // U+0132
    { 11, 21, 193, 1, 15, 58, 3180 }, // U+0133
    { 12, 20, 224, 1, 20, 60, 3238 }, // U+0134
    { 6, 19, 95, -1, 13, 29, 3298 }, // U+0135
    { 17, 20, 299, 1, 17, 85, 3327 }, // U+0136
    { 14, 22, 239, 1, 19, 77, 3412 }, // U+0137
    { 15, 20, 279, 1, 20, 75, 3489 }, // U+0139
    { 6, 22, 122, 1, 22, 33, 3564 }, // U+013A
    { 15, 20, 279, 1, 17, 75, 3597 }, // U+013B
    { 6, 22, 122, 1, 19, 33, 3672 }, // U+013C
    { 15, 20, 279, 1, 20, 75, 3705 }, // U+013D
    { 9, 19, 122, 1, 19, 43, 3780 }, // U+013E
    { 18, 17, 339, 1, 17, 77, 3823 }, // U+013F
    { 10, 19, 182, 1, 19, 48, 3900 }, // U+0140
    { 16, 17, 279, 1, 17, 68, 3948 }, // U+0141
    { 8, 19, 122, 0, 19, 38, 4016 }, // U+0142
    { 19, 20, 347, 1, 20, 95, 4054 }, // U+0143
    { 14, 14, 244, 1, 14, 49, 4149 }, // U+0144
    { 19, 20, 347, 1, 17, 95, 4198 }, // U+0145
    { 14, 14, 244, 1, 11, 49, 4293 }, // U+0146
    { 19, 20, 347, 1, 20, 95, 4342 }, // U+0147
    { 14, 14, 244, 1, 14, 49, 4437 }, // U+0148
    { 18, 21, 244, -3, 21, 95, 4486 }, // U+0149
    { 19, 24, 347, 1, 17, 114, 4581 }, // U+014A
    { 14, 18, 244, 1, 11, 63, 4695 }, // U+014B
    { 18, 20, 326, 1, 20, 90, 4758 }, // U+014C
    { 11, 13, 206, 1, 13, 36, 4848 }, // U+014D
    { 18, 21, 326, 1, 21, 95, 4884 }, // U+014E
    { 11, 15, 206, 1, 15, 42, 4979 }, // U+014F
    { 18, 21, 326, 1, 21, 95, 5021 }, // U+0150
    { 11, 14, 206, 1, 14, 39, 5116 }, // U+0151
    { 32, 17, 553, 1, 17, 136, 5155 }, // U+0152
    { 21, 11, 354, 1, 11, 58, 5291 }, // U+0153
    { 18, 20, 307, 1, 20, 90, 5349 }, // U+0154
    { 10, 14, 192, 1, 14, 35, 5439 }, // U+0155
    { 18, 20, 307, 1, 17, 90, 5474 }, // U+0156
    { 10, 14, 192, 1, 11, 35, 5564 }, // U+0157
    { 18, 21, 307, 1, 21, 95, 5599 }, // U+0158
    { 10, 14, 192, 1, 14, 35, 5694 }, // U+0159
    { 14, 20, 242, 0, 20, 70, 5729 }, // U+015A
    { 10, 14, 161, 0, 14, 35, 5799 }, // U+015B
    { 14, 21, 242, 0, 21, 74, 5834 }, // U+015C
    { 10, 14, 161, 0, 14, 35, 5908 }, // U+015D
    { 14, 21, 242, 0, 17, 74, 5943 }, // U+015E
    { 10, 14, 161, 0, 11, 35, 6017 }, // U+015F
    { 14, 21, 242, 0, 21, 74, 6052 }, // U+0160
    { 10, 14, 161, 0, 14, 35, 6126 }, // U+0161
    { 16, 22, 301, 1, 17, 88, 6161 }, // U+0162
    { 11, 20, 168, 1, 16, 55, 6249 }, // U+0163
    { 16, 20, 301, 1, 20, 80, 6304 }, // U+0164
    { 13, 17, 168, 1, 17, 56, 6384 }, // U+0165
    { 16, 17, 301, 1, 17, 68, 6440 }, // U+0166
    { 11, 16, 168, 1, 16, 44, 6508 }, // U+0167
    { 20, 21, 358, 1, 21, 105, 6552 }, // U+0168
    { 14, 14, 230, 1, 14, 49, 6657 }, // U+0169
    { 20, 20, 358, 1, 20, 100, 6706 }, // U+016A
    { 14, 13, 230, 1, 13, 46, 6806 }, // U+016B
    { 20, 21, 358, 1, 21, 105, 6852 }, // U+016C
    { 14, 14, 230, 1, 14, 49, 6957 }, // U+016D
    { 20, 21, 358, 1, 21, 105, 7006 }, // U+016E
    { 14, 15, 230, 1, 15, 53, 7111 }, // U+016F
    { 20, 20, 358, 1, 20, 100, 7164 }, // U+0170
    { 14, 14, 230, 1, 14, 49, 7264 }, // U+0171
    { 20, 21, 358, 1, 17, 105, 7313 }, // U+0172
    { 14, 15, 230, 1, 11, 53, 7418 }, // U+0173
    { 29, 20, 506, 1, 20, 145, 7471 }, // U+0174
    { 22, 14, 366, 1, 14, 77, 7616 }, // U+0175
    { 17, 20, 311, 1, 20, 85, 7693 }, // U+0176
    { 15, 19, 254, 0, 13, 72, 7778 }, // U+0177
    { 17, 19, 311, 1, 19, 81, 7850 }, // U+0178
    { 15, 20, 271, 1, 20, 75, 7931 }, // U+0179
    { 10, 14, 194, 1, 14, 35, 8006 }, // U+017A
    { 15, 19, 271, 1, 19, 72, 8041 }, // U+017B
    { 10, 14, 194, 1, 14, 35, 8113 }, // U+017C
    { 15, 20, 271, 1, 20, 75, 8148 }, // U+017D
    { 10, 14, 194, 1, 14, 35, 8223 }, // U+017E
    { 20, 21, 356, 1, 21, 105, 0 }, // U+01CD
    { 12, 17, 208, 0, 16, 51, 105 }, // U+01CE
    { 7, 20, 150, 1, 20, 35, 156 }, // U+020A
    { 7, 16, 110, 0, 16, 28, 191 }, // U+020B
    { 14, 21, 242, 0, 17, 74, 219 }, // U+0218
    { 10, 14, 161, 0, 11, 35, 293 }, // U+0219
    { 16, 22, 301, 1, 17, 88, 328 }, // U+021A
    { 11, 20, 168, 1, 16, 55, 416 }, // U+021B
    { 4, 6, 0, 1, 18, 6, 0 }, // U+0301
    { 4, 6, 0, 1, 18, 6, 6 }, // U+0312
    { 4, 6, 0, 1, 18, 6, 12 }, // U+0313
    { 4, 6, 0, 1, 18, 6, 18 }, // U+0314
    { 4, 6, 0, 1, 18, 6, 24 }, // U+0315
    { 4, 6, 0, 1, 18, 6, 30 }, // U+0341
    { 4, 6, 0, 1, 18, 6, 36 }, // U+0343
    { 15, 21, 272, 1, 21, 79, 0 }, // U+0401
    { 16, 17, 274, 1, 17, 68, 79 }, // U+0404
    { 7, 17, 146, 1, 17, 30, 147 }, // U+0406
    { 7, 21, 146, 1, 21, 37, 177 }, // U+0407
    { 20, 17, 356, 1, 17, 85, 214 }, // U+0410
    { 17, 17, 288, 1, 17, 73, 299 }, // U+0411
    { 17, 17, 287, 1, 17, 73, 372 }, // U+0412
    { 13, 17, 252, 1, 17, 56, 445 }, // U+0413
    { 18, 20, 320, 1, 17, 90, 501 }, // U+0414
    { 15, 17, 276, 1, 17, 64, 591 }, // U+0415
    { 27, 17, 448, 0, 17, 115, 655 }, // U+0416
    { 15, 17, 249, 0, 17, 64, 770 }, // U+0417
    { 19, 17, 347, 1, 17, 81, 834 }, // U+0418
    { 19, 23, 347, 1, 23, 110, 915 }, // U+0419
    { 17, 17, 295, 1, 17, 73, 1025 }, // U+041A
    { 19, 17, 319, 0, 17, 81, 1098 }, // U+041B
    { 22, 17, 396, 1, 17, 94, 1179 }, // U+041C
    { 19, 17, 347, 1, 17, 81, 1273 }, // U+041D
    { 18, 17, 318, 1, 17, 77, 1354 }, // U+041E
    { 19, 17, 347, 1, 17, 81, 1431 }, // U+041F
    { 16, 17, 287, 1, 17, 68, 1512 }, // U+0420
    { 16, 17, 274, 1, 17, 68, 1580 }, // U+0421
    { 16, 17, 301, 1, 17, 68, 1648 }, // U+0422
    { 18, 17, 334, 1, 17, 77, 1716 }, // U+0423
    { 19, 20, 322, 1, 19, 95, 1793 }, // U+0424
    { 18, 17, 326, 1, 17, 77, 1888 }, // U+0425
    { 19, 20, 347, 1, 17, 95, 1965 }, // U+0426
    { 17, 17, 314, 1, 17, 73, 2060 }, // U+0427
    { 28, 17, 478, 1, 17, 119, 2133 }, // U+0428
    { 27, 20, 478, 1, 17, 135, 2252 }, // U+0429
    { 18, 17, 315, 1, 17, 77, 2387 }, // U+042A
    { 25, 17, 434, 1, 17, 107, 2464 }, // U+042B
    { 16, 17, 283, 1, 17, 68, 2571 }, // U+042C
    { 16, 17, 270, 0, 17, 68, 2639 }, // U+042D
    { 26, 17, 446, 1, 17, 111, 2707 }, // U+042E
    { 18, 17, 307, 0, 17, 77, 2818 }, // U+042F
    { 12, 12, 196, 0, 11, 36, 2895 }, // U+0430
    { 10, 16, 180, 1, 16, 40, 2931 }, // U+0431
    { 11, 11, 203, 1, 11, 31, 2971 }, // U+0432
    { 10, 11, 192, 1, 11, 28, 3002 }, // U+0433
    { 13, 14, 243, 1, 11, 46, 3030 }, // U+0434
    { 11, 11, 172, 0, 11, 31, 3076 }, // U+0435
    { 22, 11, 344, 0, 11, 61, 3107 }, // U+0436
    { 10, 11, 167, 0, 11, 28, 3168 }, // U+0437
    { 13, 11, 236, 1, 11, 36, 3196 }, // U+0438
    { 13, 16, 236, 1, 16, 52, 3232 }, // U+0439
    { 14, 11, 239, 1, 11, 39, 3284 }, // U+043A
    { 15, 11, 237, 0, 11, 42, 3323 }, // U+043B
    { 16, 11, 301, 1, 11, 44, 3365 }, // U+043C
    { 13, 11, 247, 1, 11, 36, 3409 }, // U+043D
    { 11, 11, 206, 1, 11, 31, 3445 }, // U+043E
    { 13, 11, 247, 1, 11, 36, 3476 }, // U+043F
    { 12, 17, 226, 1, 11, 51, 3512 }, // U+0440
    { 11, 11, 184, 1, 11, 31, 3563 }, // U+0441
    { 11, 11, 204, 1, 11, 31, 3594 }, // U+0442
    { 15, 17, 246, 0, 11, 64, 3625 }, // U+0443
    { 14, 22, 244, 1, 16, 77, 3689 }, // U+0444
    { 13, 11, 248, 1, 11, 36, 3766 }, // U+0445
    { 13, 14, 247, 1, 11, 46, 3802 }, // U+0446
    { 13, 11, 229, 1, 11, 36, 3848 }, // U+0447
    { 18, 11, 328, 1, 11, 50, 3884 }, // U+0448
    { 18, 14, 328, 1, 11, 63, 3934 }, // U+0449
    { 12, 11, 219, 1, 11, 33, 3997 }, // U+044A
    { 17, 11, 307, 1, 11, 47, 4030 }, // U+044B
    { 11, 11, 200, 1, 11, 31, 4077 }, // U+044C
    { 11, 11, 184, 0, 11, 31, 4108 }, // U+044D
    { 17, 11, 306, 1, 11, 47, 4139 }, // U+044E
    { 13, 11, 221, 0, 11, 36, 4186 }, // U+044F
    { 10, 15, 176, 1, 15, 38, 4222 }, // U+0451
    { 11, 11, 184, 1, 11, 31, 4260 }, // U+0454
    { 7, 16, 110, 0, 16, 28, 4291 }, // U+0456
    { 6, 15, 110, 1, 15, 23, 4319 }, // U+0457
    { 13, 19, 252, 1, 19, 62, 4342 }, // U+0490
    { 10, 13, 192, 1, 13, 33, 4404 }, // U+0491
    { 0, 0, 200, 0, 0, 0, 0 }, // U+2002
    { 0, 0, 400, 0, 0, 0, 0 }, // U+2003
    { 0, 0, 80, 0, 0, 0, 0 }, // U+2009
    { 7, 2, 155, 1, 7, 4, 0 }, // U+2010
    { 7, 2, 155, 1, 7, 4, 4 }, // U+2011
    { 10, 2, 200, 1, 7, 5, 8 }, // U+2012
    { 10, 2, 200, 1, 7, 5, 13 }, // U+2013
    { 22, 2, 400, 0, 7, 11, 18 }, // U+2014
    { 25, 2, 400, 0, 7, 13, 29 }, // U+2015
    { 6, 17, 206, 4, 17, 26, 42 }, // U+2016
    { 4, 6, 88, 0, 18, 6, 68 }, // U+2018
    { 4, 6, 88, 1, 17, 6, 74 }, // U+2019
    { 4, 6, 88, 1, 3, 6, 80 }, // U+201A
    { 4, 6, 88, 0, 18, 6, 86 }, // U+201B
    { 8, 6, 144, 0, 18, 12, 92 }, // U+201C
    { 8, 6, 144, 1, 17, 12, 104 }, // U+201D
    { 8, 6, 144, 1, 3, 12, 116 }, // U+201E
    { 8, 6, 144, 0, 18, 12, 128 }, // U+201F
    { 6, 19, 214, 4, 17, 29, 140 }, // U+2020
    { 6, 19, 214, 4, 17, 29, 169 }, // U+2021
    { 8, 7, 168, 1, 11, 14, 198 }, // U+2022
    { 6, 9, 184, 3, 12, 14, 212 }, // U+2023
    { 3, 3, 88, 1, 3, 3, 226 }, // U+2024
    { 3, 3, 88, 1, 3, 3, 229 }, // U+2025
    { 15, 3, 292, 1, 3, 12, 232 }, // U+2026
    { 3, 3, 88, 1, 9, 3, 244 }, // U+2027
    { 23, 17, 492, 1, 17, 98, 247 }, // U+2030
    { 4, 7, 100, 1, 18, 7, 345 }, // U+2032
    { 7, 7, 148, 1, 18, 13, 352 }, // U+2033
    { 10, 7, 196, 1, 18, 18, 365 }, // U+2034
    { 4, 6, 88, 0, 18, 6, 383 }, // U+2035
    { 4, 9, 108, 1, 12, 9, 389 }, // U+2039
    { 4, 9, 108, 2, 12, 9, 398 }, // U+203A
    { 9, 2, 200, 2, 8, 5, 407 }, // U+2043
    { 8, 13, 120, 2, 12, 26, 412 }, // U+2044
    { 8, 7, 168, 1, 11, 14, 438 }, // U+204C
    { 8, 7, 168, 1, 11, 14, 452 }, // U+204D
    { 8, 7, 168, 1, 11, 14, 466 }, // U+2055
    { 10, 10, 166, 0, 18, 25, 0 }, // U+2070
    { 8, 10, 160, 1, 18, 20, 25 }, // U+2074
    { 9, 10, 159, 0, 18, 23, 45 }, // U+2075
    { 10, 11, 162, 0, 19, 28, 68 }, // U+2076
    { 7, 10, 154, 1, 18, 18, 96 }, // U+2077
    { 9, 10, 163, 0, 18, 23, 114 }, // U+2078
    { 9, 12, 154, 0, 18, 27, 137 }, // U+2079
    { 7, 6, 144, 1, 14, 11, 164 }, // U+207A
    { 6, 2, 144, 1, 12, 3, 175 }, // U+207B
    { 10, 11, 166, 0, 8, 28, 178 }, // U+2080
    { 4, 11, 106, 1, 8, 11, 206 }, // U+2081
    { 9, 11, 156, 0, 8, 25, 217 }, // U+2082
    { 9, 11, 161, 0, 8, 25, 242 }, // U+2083
    { 8, 11, 160, 1, 8, 22, 267 }, // U+2084
    { 9, 11, 159, 0, 8, 25, 289 }, // U+2085
    { 10, 11, 162, 0, 8, 28, 314 }, // U+2086
    { 7, 11, 154, 1, 8, 20, 342 }, // U+2087
    { 9, 11, 163, 0, 8, 25, 362 }, // U+2088
    { 9, 12, 154, 0, 8, 27, 387 }, // U+2089
    { 7, 6, 144, 1, 4, 11, 414 }, // U+208A
    { 6, 2, 144, 1, 1, 3, 425 }, // U+208B
    { 30, 17, 506, 1, 17, 128, 0 }, // U+20A9
    { 19, 17, 314, 0, 17, 81, 128 }, // U+20AC
    { 17, 17, 287, 0, 17, 73, 209 }, // U+20B1
    { 15, 17, 242, 1, 17, 64, 282 }, // U+20B4
    { 16, 17, 301, 1, 17, 68, 346 }, // U+20B8
    { 18, 19, 307, 1, 18, 86, 414 }, // U+20B9
    { 16, 17, 279, 0, 17, 68, 500 }, // U+20BA
    { 17, 17, 287, 1, 17, 73, 568 }, // U+20BD
    { 17, 23, 287, 1, 20, 98, 641 }, // U+20BF
    { 12, 5, 232, -1, 10, 15, 0 }, // U+2190
    { 6, 17, 220, 4, 18, 26, 15 }, // U+2191
    { 13, 5, 232, 1, 10, 17, 41 }, // U+2192
    { 6, 17, 220, 4, 15, 26, 58 }, // U+2193
    { 14, 5, 224, -1, 10, 18, 84 }, // U+2194
    { 6, 24, 220, 4, 20, 36, 102 }, // U+2195
    { 12, 13, 240, 1, 14, 39, 138 }, // U+2196
    { 11, 13, 240, 2, 14, 36, 177 }, // U+2197
    { 11, 13, 240, 2, 14, 36, 213 }, // U+2198
    { 12, 13, 240, 1, 14, 39, 249 }, // U+2199
    { 14, 7, 240, 0, 11, 25, 288 }, // U+21D0
    { 8, 13, 240, 4, 14, 26, 313 }, // U+21D1
    { 14, 7, 240, 1, 11, 25, 339 }, // U+21D2
    { 8, 13, 240, 4, 14, 26, 364 }, // U+21D3
    { 15, 7, 240, 0, 11, 27, 390 }, // U+21D4
    { 20, 18, 356, 1, 18, 90, 0 }, // U+2200
    { 15, 18, 276, 1, 18, 68, 90 }, // U+2203
    { 11, 11, 232, 2, 13, 31, 158 }, // U+2205
    { 13, 12, 240, 1, 14, 39, 189 }, // U+2206
    { 13, 12, 240, 1, 13, 39, 228 }, // U+2207
    { 17, 18, 282, 1, 18, 77, 267 }, // U+2208
    { 10, 2, 224, 2, 8, 5, 344 }, // U+2212
    { 8, 11, 200, 2, 12, 22, 349 }, // U+2213
    { 10, 9, 172, 0, 21, 23, 371 }, // U+2217
    { 6, 7, 160, 2, 11, 11, 394 }, // U+2218
    { 8, 7, 168, 1, 11, 14, 405 }, // U+2219
    { 13, 12, 240, 1, 15, 39, 419 }, // U+221A
    { 14, 9, 248, 1, 12, 32, 458 }, // U+221E
    { 11, 13, 216, 2, 14, 36, 490 }, // U+2220
    { 5, 13, 212, 4, 14, 17, 526 }, // U+2225
    { 13, 13, 232, 1, 14, 43, 543 }, // U+2227
    { 13, 13, 232, 1, 14, 43, 586 }, // U+2228
    { 9, 10, 240, 3, 12, 23, 629 }, // U+2234
    { 9, 10, 240, 3, 12, 23, 652 }, // U+2235
    { 6, 6, 155, 1, 11, 9, 675 }, // U+2248
    { 8, 10, 155, 1, 11, 20, 684 }, // U+2260
    { 9, 9, 232, 3, 12, 21, 704 }, // U+2261
    { 12, 14, 220, 1, 12, 42, 725 }, // U+2264
    { 12, 14, 220, 1, 12, 42, 767 }, // U+2265
    { 10, 13, 228, 2, 14, 33, 809 }, // U+22A5
    { 3, 3, 88, 1, 9, 3, 842 }, // U+22C5
};

static const EpdUnicodeInterval edslab_12_regularIntervals[] = {
    { 0x20, 0x7E, 0x0 },
    { 0xA0, 0x137, 0x5F },
    { 0x139, 0x17E, 0xF7 },
    { 0x1CD, 0x1CE, 0x13D },
    { 0x20A, 0x20B, 0x13F },
    { 0x218, 0x21B, 0x141 },
    { 0x301, 0x301, 0x145 },
    { 0x312, 0x315, 0x146 },
    { 0x341, 0x341, 0x14A },
    { 0x343, 0x343, 0x14B },
    { 0x401, 0x401, 0x14C },
    { 0x404, 0x404, 0x14D },
    { 0x406, 0x407, 0x14E },
    { 0x410, 0x44F, 0x150 },
    { 0x451, 0x451, 0x190 },
    { 0x454, 0x454, 0x191 },
    { 0x456, 0x457, 0x192 },
    { 0x490, 0x491, 0x194 },
    { 0x2002, 0x2003, 0x196 },
    { 0x2009, 0x2009, 0x198 },
    { 0x2010, 0x2016, 0x199 },
    { 0x2018, 0x2027, 0x1A0 },
    { 0x2030, 0x2030, 0x1B0 },
    { 0x2032, 0x2035, 0x1B1 },
    { 0x2039, 0x203A, 0x1B5 },
    { 0x2043, 0x2044, 0x1B7 },
    { 0x204C, 0x204D, 0x1B9 },
    { 0x2055, 0x2055, 0x1BB },
    { 0x2070, 0x2070, 0x1BC },
    { 0x2074, 0x207B, 0x1BD },
    { 0x2080, 0x208B, 0x1C5 },
    { 0x20A9, 0x20A9, 0x1D1 },
    { 0x20AC, 0x20AC, 0x1D2 },
    { 0x20B1, 0x20B1, 0x1D3 },
    { 0x20B4, 0x20B4, 0x1D4 },
    { 0x20B8, 0x20BA, 0x1D5 },
    { 0x20BD, 0x20BD, 0x1D8 },
    { 0x20BF, 0x20BF, 0x1D9 },
    { 0x2190, 0x2199, 0x1DA },
    { 0x21D0, 0x21D4, 0x1E4 },
    { 0x2200, 0x2200, 0x1E9 },
    { 0x2203, 0x2203, 0x1EA },
    { 0x2205, 0x2208, 0x1EB },
    { 0x2212, 0x2213, 0x1EF },
    { 0x2217, 0x221A, 0x1F1 },
    { 0x221E, 0x221E, 0x1F5 },
    { 0x2220, 0x2220, 0x1F6 },
    { 0x2225, 0x2225, 0x1F7 },
    { 0x2227, 0x2228, 0x1F8 },
    { 0x2234, 0x2235, 0x1FA },
    { 0x2248, 0x2248, 0x1FC },
    { 0x2260, 0x2261, 0x1FD },
    { 0x2264, 0x2265, 0x1FF },
    { 0x22A5, 0x22A5, 0x201 },
    { 0x22C5, 0x22C5, 0x202 },
};

static const EpdFontGroup edslab_12_regularGroups[] = {
    { 0, 2306, 5226, 95, 0 },
    { 2306, 1825, 5322, 96, 95 },
    { 4131, 2287, 8907, 126, 191 },
    { 6418, 265, 502, 8, 317 },
    { 6683, 10, 42, 7, 325 },
    { 6693, 1759, 4844, 74, 332 },
    { 8452, 277, 523, 38, 406 },
    { 8729, 277, 520, 21, 444 },
    { 9006, 424, 805, 9, 465 },
    { 9430, 233, 463, 15, 474 },
    { 9663, 516, 962, 26, 489 },
};

static const uint16_t edslab_12_regularKernLeftCodepoints[] = {
    0x0020, 0x0022, 0x002D, 0x0030, 0x0031, 0x0032, 0x0033, 0x0034, 0x0035, 0x0036, 0x0037, 0x0038,
    0x0039, 0x0041, 0x0042, 0x0043, 0x0044, 0x0045, 0x0046, 0x0047, 0x0048, 0x0049, 0x004A, 0x004B,
    0x004C, 0x004D, 0x004E, 0x004F, 0x0050, 0x0051, 0x0052, 0x0053, 0x0054, 0x0055, 0x0056, 0x0057,
    0x0059, 0x005A, 0x0061, 0x0062, 0x0063, 0x0064, 0x0065, 0x0066, 0x0067, 0x0068, 0x0069, 0x006A,
    0x006B, 0x006C, 0x006D, 0x006E, 0x006F, 0x0070, 0x0071, 0x0072, 0x0073, 0x0074, 0x0075, 0x0076,
    0x0077, 0x0079, 0x007A, 0x0401, 0x0410, 0x0411, 0x0412, 0x0413, 0x0414, 0x0415, 0x0416, 0x0417,
    0x0418, 0x0419, 0x041A, 0x041B, 0x041C, 0x041D, 0x041E, 0x041F, 0x0420, 0x0421, 0x0422, 0x0423,
    0x0424, 0x0425, 0x0426, 0x0427, 0x0428, 0x0429, 0x042A, 0x042B, 0x042C, 0x042D, 0x042E, 0x042F,
    0x0430, 0x0431, 0x0432, 0x0433, 0x0434, 0x0435, 0x0436, 0x0437, 0x0438, 0x0439, 0x043A, 0x043B,
    0x043C, 0x043D, 0x043E, 0x043F, 0x0440, 0x0441, 0x0442, 0x0443, 0x0444, 0x0445, 0x0446, 0x0447,
    0x0448, 0x0449, 0x044A, 0x044B, 0x044C, 0x044D, 0x044E, 0x044F, 0x0451,
};

static const uint8_t edslab_12_regularKernLeftClassIds[] = {
      1,   2,   3,   4,   5,   6,   7,   8,   9,  10,  11,  12,  13,  14,  15,  16,
     17,  18,  19,  20,  21,  22,  23,  24,  25,  26,  27,  28,  29,  30,  31,  32,
     33,  34,  35,  36,  37,  38,  39,  40,  41,  42,  43,  44,  45,  46,  47,  48,
     49,  50,  51,  52,  53,  54,  55,  56,  57,  58,  59,  60,  61,  62,  63,  64,
     65,  66,  67,  68,  69,  70,  71,  72,  73,  74,  75,  76,  77,  78,  79,  80,
     81,  82,  83,  84,  85,  86,  87,  88,  89,  90,  91,  92,  93,  94,  95,  96,
     97,  98,  99, 100, 101, 102, 103, 104, 105, 106, 107, 108, 109, 110, 111, 112,
    113, 114, 115, 116, 117, 118, 119, 120, 121, 122, 123, 124, 125, 126, 127, 128,
    129,
};

static const uint16_t edslab_12_regularKernRightCodepoints[] = {
    0x0022, 0x002D, 0x0030, 0x0031, 0x0032, 0x0033, 0x0034, 0x0035, 0x0036, 0x0037, 0x0038, 0x0039,
    0x0041, 0x0042, 0x0043, 0x0044, 0x0045, 0x0046, 0x0047, 0x0048, 0x0049, 0x004A, 0x004B, 0x004C,
    0x004D, 0x004E, 0x004F, 0x0050, 0x0051, 0x0052, 0x0053, 0x0054, 0x0055, 0x0056, 0x0057, 0x0059,
    0x005A, 0x0061, 0x0062, 0x0063, 0x0064, 0x0065, 0x0066, 0x0067, 0x0068, 0x0069, 0x006A, 0x006B,
    0x006C, 0x006D, 0x006E, 0x006F, 0x0070, 0x0071, 0x0072, 0x0073, 0x0074, 0x0075, 0x0076, 0x0077,
    0x0079, 0x007A, 0x0401, 0x0410, 0x0411, 0x0412, 0x0413, 0x0414, 0x0415, 0x0416, 0x0417, 0x0418,
    0x0419, 0x041A, 0x041B, 0x041C, 0x041D, 0x041E, 0x041F, 0x0420, 0x0421, 0x0422, 0x0423, 0x0424,
    0x0425, 0x0426, 0x0427, 0x0428, 0x0429, 0x042A, 0x042B, 0x042C, 0x042D, 0x042E, 0x042F, 0x0430,
    0x0431, 0x0432, 0x0433, 0x0434, 0x0435, 0x0436, 0x0437, 0x0438, 0x0439, 0x043A, 0x043B, 0x043C,
    0x043D, 0x043E, 0x043F, 0x0440, 0x0441, 0x0442, 0x0443, 0x0444, 0x0445, 0x0446, 0x0447, 0x0448,
    0x0449, 0x044A, 0x044B, 0x044C, 0x044D, 0x044E, 0x044F, 0x0451, 0x2025,
};

static const uint8_t edslab_12_regularKernRightClassIds[] = {
      1,   2,   3,   4,   5,   6,   7,   8,   9,  10,  11,  12,  13,  14,  15,  16,
     17,  18,  19,  20,  21,  22,  23,  24,  25,  26,  27,  28,  29,  30,  31,  32,
     33,  34,  35,  36,  37,  38,  39,  40,  41,  42,  43,  44,  45,  46,  47,  48,
     49,  50,  51,  52,  53,  54,  55,  56,  57,  58,  59,  60,  61,  62,  63,  64,
     65,  66,  67,  68,  69,  70,  71,  72,  73,  74,  75,  76,  77,  78,  79,  80,
     81,  82,  83,  84,  85,  86,  87,  88,  89,  90,  91,  92,  93,  94,  95,  96,
     97,  98,  99, 100, 101, 102, 103, 104, 105, 106, 107, 108, 109, 110, 111, 112,
    113, 114, 115, 116, 117, 118, 119, 120, 121, 122, 123, 124, 125, 126, 127, 128,
    129,
};

static const uint16_t edslab_12_regularKernRowOffsets[] = {
        0,     1,    77,   192,   204,   216,   228,   238,   248,   257,   267,   279,   290,   300,   355,   403,
      451,   501,   531,   582,   625,   659,   699,   731,   782,   827,   869,   921,   969,  1018,  1072,  1114,
     1160,  1214,  1268,  1322,  1376,  1430,  1480,  1508,  1530,  1556,  1584,  1608,  1636,  1665,  1692,  1720,
     1744,  1773,  1801,  1827,  1854,  1880,  1906,  1929,  1954,  1977,  2001,  2029,  2057,  2085,  2113,  2135,
     2153,  2220,  2267,  2314,  2380,  2427,  2446,  2506,  2557,  2598,  2634,  2684,  2718,  2752,  2787,  2840,
     2876,  2920,  2978,  3032,  3098,  3146,  3199,  3248,  3298,  3333,  3376,  3432,  3465,  3515,  3565,  3614,
     3650,  3674,  3696,  3721,  3748,  3782,  3807,  3841,  3864,  3898,  3928,  3955,  3989,  4009,  4033,  4064,
     4091,  4121,  4150,  4185,  4220,  4250,  4277,  4310,  4343,  4377,  4411,  4443,  4471,  4500,  4528,  4559,
     4593,  4621,
};

static const uint8_t edslab_12_regularKernSparseCols[] = {
     81,   2,   4,   5,   6,   7,   8,  10,  12,  14,  18,  21,  26,  28,  30,  37,
     38,  39,  40,  41,  42,  43,  44,  45,  46,  47,  48,  49,  50,  51,  52,  53,
     54,  55,  60,  61,  63,  67,  69,  70,  74,  77,  80,  83,  92,  94,  95,  96,
     97,  98,  99, 100, 101, 102, 105, 106, 107, 108, 109, 110, 111, 112, 113, 114,
    115, 116, 117, 118, 119, 120, 121, 122, 123, 124, 125, 126, 127,   3,   4,   5,
      6,   7,   8,   9,  10,  12,  13,  14,  15,  16,  17,  18,  19,  20,  21,  22,
     23,  24,  25,  26,  27,  29,  30,  31,  32,  33,  34,  35,  36,  37,  38,  39,
     42,  44,  45,  46,  47,  48,  49,  50,  51,  52,  53,  54,  55,  56,  57,  58,
     59,  60,  61,  62,  63,  64,  65,  66,  67,  68,  70,  71,  72,  73,  74,  75,
     76,  78,  79,  80,  81,  82,  83,  84,  85,  86,  87,  88,  89,  90,  91,  92,
     93,  94,  96,  97,  98,  99, 100, 101, 102, 103, 105, 106, 107, 108, 109, 110,
    111, 112, 113, 114, 116, 117, 118, 119, 120, 121, 122, 123, 124, 125, 126, 127,
      0,   1,   2,   4,   5,   6,   7,   8,   9,  10,  11, 128,   0,   1,   2,   3,
      4,   5,   6,   7,   8,   9,  10,  11,   0,   1,   2,   3,   4,   5,   6,   7,
      8,   9,  10,  11,   1,   2,   3,   4,   5,   6,   7,   8,   9, 128,   0,   1,
      2,   3,   4,   5,   6,   7,   9,  10,   1,   4,   5,   6,   7,   9,  10,  11,
    128,   1,   2,   3,   4,   5,   7,   9,  10,  11, 128,   1,   2,   3,   4,   5,
      6,   7,   8,   9,  10,  11, 128,   0,   1,   2,   3,   4,   5,   7,   9,  10,
     11, 128,   1,   2,   4,   5,   6,   7,   8,   9,  10, 128,   0,   1,  12,  13,
     14,  15,  16,  17,  18,  19,  20,  21,  22,  23,  24,  25,  26,  27,  28,  29,
     30,  31,  32,  33,  34,  35,  36,  37,  38,  39,  40,  41,  42,  43,  44,  45,
     46,  47,  48,  49,  50,  51,  52,  53,  54,  55,  56,  57,  58,  59,  60,  61,
     84, 116, 128,   1,  12,  13,  14,  15,  16,  17,  19,  20,  21,  22,  23,  24,
     25,  26,  27,  28,  29,  31,  32,  33,  34,  35,  36,  37,  38,  39,  40,  41,
     42,  43,  44,  45,  46,  47,  48,  49,  50,  51,  52,  53,  54,  55,  56,  60,
     84, 116, 128,   0,   1,  12,  13,  14,  15,  16,  17,  18,  19,  22,  23,  24,
     25,  26,  27,  29,  30,  31,  32,  33,  34,  35,  36,  37,  38,  41,  42,  43,
     44,  45,  46,  47,  48,  49,  50,  51,  52,  54,  56,  57,  58,  59,  60,  61,
     84, 116, 128,   1,  12,  13,  14,  16,  17,  18,  19,  20,  21,  22,  23,  24,
     25,  26,  27,  28,  29,  30,  31,  32,  33,  34,  35,  36,  37,  38,  39,  40,
     41,  42,  43,  44,  45,  46,  47,  49,  50,  51,  52,  53,  55,  56,  57,  58,
     59,  60,  84, 116, 128,   1,  12,  14,  18,  23,  26,  28,  31,  32,  33,  34,
     35,  37,  38,  43,  45,  46,  47,  48,  50,  51,  52,  53,  55,  56,  57,  58,
     59,  60, 116,   1,  12,  13,  14,  15,  16,  17,  18,  19,  20,  21,  22,  25,
     26,  27,  28,  29,  31,  32,  33,  34,  35,  36,  37,  38,  39,  40,  41,  42,
     43,  44,  45,  46,  47,  48,  49,  50,  51,  52,  53,  54,  55,  56,  57,  58,
     59,  60,  61,  84, 116, 128,   0,   1,  12,  13,  14,  15,  16,  17,  18,  19,
     20,  21,  22,  23,  24,  25,  27,  29,  30,  31,  32,  33,  34,  35,  36,  38,
     42,  43,  44,  46,  47,  48,  49,  50,  52,  54,  55,  58,  60,  61,  84, 116,
    128,   1,  12,  14,  18,  21,  26,  28,  30,  31,  32,  33,  34,  35,  36,  37,
     38,  39,  40,  41,  49,  50,  51,  52,  53,  54,  55,  56,  57,  58,  59,  60,
     61,  84, 116,   1,  12,  14,  18,  21,  26,  28,  30,  31,  32,  33,  34,  35,
     37,  38,  39,  40,  41,  42,  43,  44,  45,  46,  47,  48,  49,  50,  51,  52,
     53,  54,  55,  56,  57,  58,  59,  60,  61,  84, 116,   0,   1,  12,  26,  28,
     30,  31,  33,  34,  35,  36,  37,  38,  40,  41,  42,  43,  44,  45,  46,  47,
     48,  49,  50,  54,  55,  57,  60,  61,  84, 116, 128,   1,  12,  14,  15,  17,
     18,  19,  20,  21,  22,  23,  24,  25,  26,  27,  28,  29,  30,  31,  32,  33,
     34,  35,  36,  37,  38,  39,  40,  41,  42,  43,  44,  45,  46,  47,  48,  49,
     50,  51,  52,  53,  54,  55,  56,  57,  58,  59,  60,  61,  84, 116,   0,   1,
     12,  13,  14,  15,  16,  18,  19,  21,  22,  24,  25,  26,  28,  29,  30,  31,
     32,  33,  34,  35,  36,  37,  38,  42,  43,  45,  46,  47,  48,  49,  50,  51,
     52,  54,  55,  56,  57,  58,  59,  60,  61,  84, 116,   1,  12,  14,  18,  21,
     26,  28,  30,  31,  32,  33,  34,  35,  36,  37,  38,  39,  40,  41,  42,  43,
     44,  45,  46,  47,  48,  49,  50,  51,  52,  53,  54,  55,  56,  57,  58,  59,
     60,  61,  84, 116, 128,   1,  12,  13,  14,  15,  16,  17,  18,  20,  21,  23,
     24,  25,  26,  27,  28,  29,  30,  31,  32,  33,  34,  35,  36,  37,  38,  39,
     40,  41,  42,  43,  44,  45,  46,  47,  48,  49,  50,  51,  52,  53,  54,  55,
     56,  57,  58,  59,  60,  61,  84, 116, 128,   0,   1,  12,  13,  14,  15,  16,
     17,  19,  20,  21,  22,  23,  24,  25,  26,  27,  28,  29,  30,  31,  32,  33,
     34,  35,  36,  37,  38,  42,  43,  44,  45,  46,  47,  48,  49,  50,  51,  52,
     54,  55,  58,  59,  60,  61,  84, 116, 128,   0,   1,  12,  13,  14,  15,  16,
     17,  18,  19,  20,  21,  22,  23,  24,  25,  26,  27,  28,  29,  30,  31,  32,
     33,  34,  35,  36,  37,  38,  39,  40,  41,  43,  44,  45,  46,  47,  48,  49,
     50,  51,  53,  55,  56,  60,  61,  84, 116, 128,   0,   1,  12,  13,  14,  15,
     16,  17,  18,  19,  20,  21,  22,  23,  24,  25,  26,  27,  28,  29,  30,  31,
     32,  33,  34,  35,  36,  37,  38,  39,  40,  41,  42,  43,  44,  45,  46,  47,
     48,  49,  50,  51,  52,  53,  54,  55,  56,  57,  58,  59,  60,  61,  84, 116,
      0,   1,  12,  13,  14,  15,  17,  18,  19,  20,  21,  22,  23,  26,  27,  28,
     29,  31,  32,  33,  34,  35,  36,  37,  46,  47,  48,  49,  50,  51,  52,  53,
     54,  55,  56,  57,  58,  59,  60,  61,  84, 116,   0,   1,  12,  13,  14,  15,
     16,  17,  19,  20,  22,  23,  24,  25,  26,  27,  29,  30,  31,  32,  33,  34,
     35,  36,  38,  40,  41,  42,  43,  44,  45,  46,  47,  48,  49,  50,  52,  54,
     56,  57,  58,  59,  60,  61,  84, 116,   1,  12,  13,  14,  15,  16,  17,  18,
     19,  20,  21,  22,  23,  24,  25,  26,  27,  28,  29,  30,  31,  32,  33,  34,
     35,  36,  37,  38,  39,  40,  41,  42,  43,  44,  45,  46,  47,  48,  49,  50,
     51,  52,  53,  54,  55,  56,  57,  58,  59,  60,  61,  84, 116, 128,   1,  12,
     13,  14,  15,  16,  17,  18,  19,  20,  21,  22,  23,  24,  25,  26,  27,  28,
     29,  30,  31,  32,  33,  34,  35,  36,  37,  38,  39,  40,  41,  42,  43,  44,
     45,  46,  47,  48,  49,  50,  51,  52,  53,  54,  55,  56,  57,  58,  59,  60,
     61,  84, 116, 128,   1,  12,  13,  14,  15,  16,  17,  18,  19,  20,  21,  22,
     23,  24,  25,  26,  27,  28,  29,  30,  31,  32,  33,  34,  35,  36,  37,  38,
     39,  40,  41,  42,  43,  44,  45,  46,  47,  48,  49,  50,  51,  52,  53,  54,
     55,  56,  57,  58,  59,  60,  61,  84, 116, 128,   1,  12,  13,  14,  15,  16,
     17,  18,  19,  20,  21,  22,  23,  24,  25,  26,  27,  28,  29,  30,  31,  32,
     33,  34,  35,  36,  37,  38,  39,  40,  41,  42,  43,  44,  45,  46,  47,  48,
     49,  50,  51,  52,  53,  54,  55,  56,  57,  58,  59,  60,  61,  84, 116, 128,
      1,  12,  13,  14,  15,  16,  17,  18,  19,  20,  21,  22,  23,  24,  25,  26,
     27,  28,  29,  30,  31,  32,  33,  34,  35,  36,  37,  38,  39,  40,  41,  42,
     43,  44,  45,  46,  47,  48,  49,  50,  51,  52,  53,  54,  55,  56,  57,  58,
     59,  60,  61,  84, 116, 128,  12,  13,  14,  15,  16,  17,  18,  19,  20,  21,
     22,  23,  24,  25,  26,  27,  28,  29,  30,  31,  32,  33,  34,  35,  36,  37,
     38,  39,  40,  42,  43,  44,  45,  46,  47,  48,  49,  50,  51,  52,  54,  55,
     56,  57,  58,  59,  60,  61,  84, 116,   0,   1,  37,  38,  39,  40,  41,  42,
     43,  44,  45,  46,  47,  48,  49,  50,  51,  52,  53,  54,  55,  56,  57,  58,
     59,  60,  61, 116,   1,  37,  38,  41,  42,  43,  44,  46,  47,  48,  49,  50,
     52,  54,  56,  57,  58,  59,  60,  61, 116, 128,   0,   1,  37,  38,  39,  40,
     42,  43,  44,  46,  47,  48,  49,  50,  51,  52,  53,  54,  55,  56,  57,  58,
     59,  60,  61, 116,   1,  37,  38,  39,  40,  41,  42,  43,  44,  45,  46,  47,
     48,  49,  50,  51,  52,  53,  54,  55,  56,  57,  58,  59,  60,  61, 116, 128,
      0,   1,  37,  38,  42,  43,  44,  45,  46,  47,  48,  49,  50,  51,  52,  54,
     55,  56,  57,  58,  59,  60,  61, 116,   0,   1,  37,  38,  39,  40,  41,  42,
     43,  44,  46,  47,  48,  49,  50,  51,  52,  53,  54,  55,  56,  57,  58,  59,
     60,  61, 116, 128,   0,   1,  37,  38,  39,  40,  41,  42,  43,  44,  45,  46,
     47,  48,  49,  50,  51,  52,  53,  54,  55,  56,  57,  58,  59,  60,  61, 116,
    128,   0,   1,  37,  38,  39,  40,  41,  42,  43,  44,  45,  46,  47,  48,  49,
     50,  51,  52,  53,  54,  56,  57,  58,  59,  60,  61, 116,   0,   1,  37,  38,
     39,  40,  41,  42,  43,  44,  45,  46,  47,  48,  49,  50,  51,  52,  53,  54,
     55,  56,  57,  58,  59,  60,  61, 116,   0,   1,  38,  39,  40,  41,  43,  44,
     46,  47,  48,  49,  50,  51,  52,  53,  54,  55,  56,  58,  59,  60,  61, 116,
      0,   1,  37,  38,  39,  40,  41,  42,  43,  44,  45,  46,  47,  48,  49,  50,
     51,  52,  53,  54,  55,  56,  57,  58,  59,  60,  61, 116, 128,   0,  37,  38,
     39,  40,  41,  42,  43,  44,  45,  46,  47,  48,  49,  50,  51,  52,  53,  54,
     55,  56,  57,  58,  59,  60,  61, 116, 128,   0,   1,  37,  38,  39,  40,  42,
     43,  44,  45,  46,  47,  48,  49,  50,  51,  52,  54,  55,  56,  57,  58,  59,
     60,  61, 116,   0,   1,  37,  38,  39,  40,  41,  42,  43,  44,  45,  46,  47,
     48,  49,  50,  51,  52,  53,  54,  56,  57,  58,  59,  60,  61, 116,   0,   1,
     38,  40,  41,  42,  43,  44,  46,  47,  48,  49,  50,  51,  52,  53,  54,  55,
     56,  57,  58,  59,  60,  61, 116, 128,   0,   1,  37,  38,  39,  40,  41,  42,
     43,  44,  46,  47,  48,  49,  50,  52,  53,  54,  56,  57,  58,  59,  60,  61,
    116, 128,   0,   1,  38,  42,  43,  44,  46,  47,  48,  49,  50,  51,  52,  53,
     54,  55,  56,  57,  58,  59,  60,  61, 116,   0,   1,  37,  38,  39,  40,  41,
     42,  43,  44,  46,  47,  48,  49,  50,  51,  52,  53,  54,  56,  59,  60,  61,
    116, 128,   0,  37,  38,  40,  42,  43,  44,  45,  46,  47,  48,  49,  50,  52,
     54,  55,  56,  57,  58,  59,  60,  61, 116,   0,  37,  38,  42,  43,  44,  45,
     46,  47,  48,  49,  50,  51,  52,  53,  54,  55,  56,  57,  58,  59,  60,  61,
    116,   0,   1,  37,  38,  39,  40,  41,  42,  43,  44,  45,  46,  47,  48,  49,
     50,  51,  52,  53,  54,  55,  56,  57,  58,  59,  60,  61, 116,   1,  37,  38,
     39,  40,  41,  42,  43,  44,  45,  46,  47,  48,  49,  50,  51,  52,  53,  54,
     55,  56,  57,  58,  59,  60,  61, 116, 128,   1,  37,  38,  39,  40,  41,  42,
     43,  44,  45,  46,  47,  48,  49,  50,  51,  52,  53,  54,  55,  56,  57,  58,
     59,  60,  61, 116, 128,   1,  37,  38,  39,  40,  41,  42,  43,  44,  45,  46,
     47,  48,  49,  50,  51,  52,  53,  54,  55,  56,  57,  58,  59,  60,  61, 116,
    128,   0,  37,  38,  39,  42,  43,  44,  46,  47,  48,  50,  51,  52,  53,  54,
     56,  57,  58,  59,  60,  61, 116,   1,  63,  67,  70,  74,  77,  80,  81,  82,
     83,  86,  89,  92,  99, 106, 114, 118, 126,   0,   1,  62,  63,  64,  65,  66,
     67,  68,  69,  70,  71,  72,  73,  74,  75,  76,  77,  78,  79,  80,  81,  82,
     83,  85,  86,  87,  88,  89,  90,  91,  92,  93,  94,  95,  96,  97,  98,  99,
    100, 101, 102, 103, 104, 105, 106, 107, 108, 109, 110, 111, 112, 113, 114, 115,
    117, 118, 119, 120, 121, 122, 123, 124, 125, 126, 127, 128,   1,  62,  63,  64,
     65,  66,  67,  68,  70,  71,  72,  73,  75,  76,  78,  79,  80,  81,  82,  83,
     85,  86,  87,  88,  89,  90,  91,  92,  93,  94,  96,  99, 100, 102, 109, 111,
    112, 113, 114, 115, 118, 121, 122, 124, 125, 126, 127,   1,  62,  63,  64,  65,
     66,  67,  68,  69,  70,  71,  72,  73,  75,  76,  77,  78,  79,  80,  81,  82,
     83,  85,  86,  87,  88,  89,  90,  91,  92,  93,  95,  96,  99, 100, 103, 104,
    109, 111, 112, 113, 114, 115, 118, 121, 124, 127,   1,  62,  63,  64,  65,  66,
     67,  68,  69,  70,  71,  72,  73,  74,  75,  76,  77,  78,  79,  80,  81,  82,
     83,  85,  86,  87,  88,  89,  90,  91,  92,  93,  94,  95,  96,  97,  98,  99,
    100, 101, 102, 103, 104, 105, 106, 107, 108, 109, 110, 111, 112, 113, 114, 115,
    117, 118, 119, 120, 121, 122, 123, 124, 125, 126, 127, 128,   1,  62,  63,  64,
     65,  66,  67,  68,  69,  70,  71,  72,  73,  74,  75,  76,  77,  78,  79,  80,
     81,  82,  83,  85,  86,  87,  88,  89,  90,  92,  93,  94,  99, 101, 102, 103,
    104, 106, 109, 111, 114, 118, 121, 122, 123, 125, 126,   1,  63,  67,  69,  70,
     74,  77,  80,  81,  82,  86,  89,  92,  94,  99, 106, 114, 118, 126,   1,  62,
     63,  64,  65,  66,  67,  68,  69,  70,  71,  72,  73,  74,  75,  76,  77,  78,
     79,  80,  81,  82,  83,  85,  86,  87,  88,  89,  90,  91,  92,  93,  94,  95,
     97,  98,  99, 101, 102, 103, 104, 105, 106, 107, 108, 110, 111, 113, 114, 117,
    118, 119, 120, 121, 122, 123, 124, 125, 126, 128,   0,  62,  63,  64,  65,  66,
     67,  68,  69,  70,  71,  72,  73,  74,  75,  76,  78,  79,  81,  82,  83,  85,
     86,  87,  88,  89,  90,  91,  93,  94,  95,  96,  99, 100, 101, 102, 105, 106,
    109, 111, 112, 114, 115, 118, 120, 122, 123, 124, 126, 127, 128,   1,  63,  67,
     69,  70,  71,  72,  74,  77,  80,  81,  82,  83,  86,  89,  92,  94,  95,  98,
     99, 100, 101, 102, 103, 104, 105, 106, 109, 110, 111, 112, 113, 114, 115, 117,
    118, 121, 124, 125, 126, 127,   1,  63,  67,  69,  70,  71,  72,  74,  77,  80,
     81,  82,  83,  86,  89,  92,  94,  95,  99, 100, 101, 106, 109, 110, 111, 112,
    113, 114, 115, 117, 118, 121, 124, 125, 126, 127,   1,  63,  67,  69,  70,  71,
     72,  74,  77,  80,  81,  82,  83,  86,  89,  92,  94,  95,  96,  97,  98,  99,
    100, 101, 102, 103, 104, 105, 106, 107, 108, 109, 110, 111, 112, 113, 114, 115,
    117, 118, 119, 120, 121, 122, 123, 124, 125, 126, 127, 128,   1,  63,  67,  69,
     70,  71,  72,  74,  77,  80,  81,  82,  83,  86,  89,  92,  94,  95,  99, 101,
    102, 103, 104, 106, 109, 111, 112, 113, 114, 115, 118, 121, 124, 126,   1,  63,
     67,  69,  70,  71,  72,  74,  77,  80,  81,  82,  83,  86,  89,  92,  94,  95,
     99, 101, 102, 103, 104, 106, 109, 111, 112, 113, 114, 115, 118, 121, 124, 126,
      1,  63,  67,  69,  70,  71,  72,  74,  77,  80,  81,  82,  83,  86,  89,  92,
     94,  95,  99, 100, 101, 102, 103, 104, 106, 109, 111, 112, 113, 114, 115, 118,
    121, 124, 126,   0,  62,  63,  64,  65,  66,  67,  68,  69,  70,  71,  72,  73,
     74,  75,  76,  77,  78,  79,  80,  81,  82,  83,  85,  86,  87,  88,  89,  90,
     91,  93,  94,  95,  96,  97,  98,  99, 100, 102, 103, 104, 105, 106, 108, 109,
    112, 118, 121, 122, 124, 126, 127, 128,   1,  63,  67,  69,  70,  71,  72,  74,
     77,  80,  81,  82,  83,  86,  89,  92,  94,  99, 100, 101, 102, 103, 104, 106,
    109, 111, 112, 113, 114, 115, 117, 118, 121, 124, 126, 127,   1,  63,  67,  68,
     69,  70,  71,  72,  74,  80,  82,  83,  85,  86,  89,  91,  92,  94,  95,  96,
     99, 100, 101, 102, 105, 106, 107, 108, 109, 110, 111, 112, 115, 117, 118, 119,
    120, 122, 123, 124, 125, 126, 127, 128,   0,  62,  63,  64,  65,  66,  67,  68,
     69,  70,  71,  72,  73,  74,  75,  76,  77,  78,  79,  80,  81,  82,  83,  85,
     86,  87,  88,  89,  90,  91,  92,  93,  94,  95,  96,  97,  98,  99, 101, 102,
    103, 104, 105, 106, 107, 108, 110, 111, 112, 114, 115, 117, 118, 121, 123, 124,
    125, 126,   1,  63,  65,  67,  68,  69,  70,  71,  72,  74,  77,  79,  80,  81,
     82,  83,  86,  89,  90,  92,  94,  95,  96,  97,  98,  99, 100, 101, 102, 103,
    104, 105, 106, 107, 108, 109, 110, 111, 112, 113, 114, 115, 117, 118, 119, 120,
    121, 122, 123, 124, 125, 126, 127, 128,   1,  62,  63,  64,  65,  66,  67,  68,
     69,  70,  71,  72,  73,  74,  75,  76,  77,  78,  79,  80,  81,  82,  83,  85,
     86,  87,  88,  89,  90,  91,  92,  93,  94,  95,  96,  97,  98,  99, 100, 101,
    102, 103, 104, 105, 106, 107, 108, 109, 110, 111, 112, 113, 114, 115, 117, 118,
    119, 120, 121, 122, 123, 124, 125, 126, 127, 128,   1,  62,  63,  64,  65,  66,
     67,  68,  69,  70,  71,  72,  73,  74,  75,  76,  77,  78,  79,  80,  81,  82,
     83,  85,  86,  87,  89,  90,  91,  92,  93,  94,  96,  99, 100, 102, 103, 104,
    106, 109, 112, 113, 115, 118, 121, 125, 126, 127,   1,  12,  13,  14,  15,  16,
     17,  18,  19,  20,  21,  22,  23,  24,  25,  26,  27,  28,  29,  30,  31,  32,
     33,  34,  35,  36,  37,  38,  39,  40,  41,  42,  43,  44,  45,  46,  47,  48,
     49,  50,  51,  52,  53,  54,  55,  56,  57,  58,  59,  60,  61,  84, 116,   1,
     63,  67,  69,  70,  71,  72,  74,  77,  80,  81,  82,  83,  86,  89,  92,  93,
     94,  95,  97,  98,  99, 100, 101, 102, 103, 104, 105, 106, 107, 108, 109, 110,
    111, 112, 113, 114, 115, 117, 118, 119, 120, 121, 122, 123, 124, 125, 126, 127,
      1,  63,  67,  69,  70,  71,  72,  74,  77,  80,  81,  82,  83,  86,  89,  90,
     92,  93,  94,  95,  97,  98,  99, 100, 101, 102, 103, 104, 105, 106, 107, 108,
    109, 110, 111, 112, 113, 114, 115, 117, 118, 119, 120, 121, 122, 123, 124, 125,
    126, 127,   1,  63,  67,  69,  70,  71,  72,  74,  77,  81,  82,  83,  85,  86,
     89,  92,  94,  99, 101, 102, 103, 104, 106, 109, 111, 112, 113, 114, 115, 117,
    118, 123, 124, 125, 126,   1,  63,  67,  69,  70,  71,  72,  74,  77,  80,  81,
     82,  83,  86,  89,  92,  94,  97,  98,  99, 101, 102, 103, 104, 105, 106, 107,
    108, 109, 110, 111, 112, 113, 114, 115, 117, 118, 121, 122, 123, 124, 125, 126,
      0,   1,  62,  63,  64,  65,  66,  67,  68,  71,  72,  73,  75,  76,  77,  78,
     79,  80,  81,  82,  83,  85,  86,  87,  88,  89,  90,  91,  92,  93,  95,  96,
     97,  99, 100, 101, 103, 104, 105, 106, 109, 110, 111, 112, 113, 114, 115, 117,
    118, 121, 122, 123, 124, 126, 127, 128,   1,  63,  67,  71,  72,  74,  77,  80,
     81,  82,  83,  86,  89,  92,  94,  95,  99, 100, 101, 102, 103, 104, 105, 106,
    109, 111, 113, 114, 115, 118, 121, 123, 127,   0,   1,  62,  63,  64,  65,  66,
     67,  68,  70,  71,  72,  73,  75,  76,  77,  78,  79,  80,  81,  82,  83,  85,
     86,  87,  88,  89,  90,  91,  92,  93,  95,  96,  99, 100, 106, 109, 111, 112,
    113, 114, 115, 117, 118, 122, 123, 124, 125, 127, 128,   0,   1,  62,  63,  64,
     65,  66,  67,  68,  69,  70,  71,  72,  73,  74,  75,  76,  77,  78,  79,  80,
     81,  82,  83,  85,  86,  87,  88,  89,  90,  91,  92,  93,  94,  95,  96,  99,
    100, 101, 102, 106, 109, 112, 113, 121, 123, 124, 126, 127, 128,   0,   1,  62,
     63,  64,  65,  66,  67,  68,  69,  70,  71,  72,  73,  74,  75,  76,  77,  78,
     79,  80,  81,  82,  83,  85,  86,  87,  88,  89,  90,  91,  92,  93,  94,  96,
     98,  99, 100, 102, 106, 107, 108, 109, 112, 113, 122, 126, 127, 128,   1,  63,
     67,  69,  70,  71,  72,  74,  77,  80,  81,  82,  83,  86,  89,  92,  94,  95,
     99, 100, 101, 102, 103, 104, 106, 109, 111, 112, 113, 114, 115, 118, 121, 124,
    126, 127,   0,   1,  95,  99, 100, 101, 102, 103, 104, 105, 106, 107, 109, 111,
    112, 113, 114, 115, 118, 119, 121, 124, 126, 127,   0,   1,  96,  99, 100, 101,
    102, 105, 106, 109, 111, 112, 114, 115, 118, 121, 122, 123, 124, 126, 127, 128,
      0,  95,  96,  97,  98,  99, 100, 101, 102, 105, 106, 107, 108, 109, 111, 112,
    114, 115, 118, 121, 123, 124, 125, 126, 127,   0,  95,  97,  98,  99, 100, 101,
    102, 105, 106, 107, 108, 110, 111, 113, 114, 115, 117, 118, 119, 121, 122, 123,
    124, 125, 126, 128,   0,   1,  95,  96,  97,  98,  99, 100, 101, 102, 103, 104,
    105, 106, 107, 108, 109, 110, 111, 112, 113, 114, 115, 117, 118, 119, 120, 121,
    122, 123, 124, 125, 126, 127,   0,   1,  95,  96,  97,  98,  99, 100, 101, 105,
    106, 107, 108, 109, 110, 111, 112, 114, 115, 118, 123, 124, 125, 126, 127,   0,
      1,  95,  96,  97,  98,  99, 100, 101, 102, 103, 104, 105, 106, 107, 108, 109,
    110, 111, 112, 113, 114, 115, 117, 118, 119, 120, 121, 122, 123, 124, 125, 126,
    127,   0,   1,  96,  98,  99, 100, 101, 102, 103, 104, 105, 106, 107, 109, 111,
    112, 114, 115, 118, 123, 125, 127, 128,   0,   1,  95,  97,  98,  99, 100, 101,
    102, 103, 104, 105, 106, 107, 108, 109, 110, 111, 112, 113, 114, 115, 117, 118,
    119, 120, 121, 122, 123, 124, 125, 126, 127, 128,   0,   1,  95,  96,  97,  98,
     99, 100, 101, 102, 103, 104, 105, 106, 109, 110, 111, 112, 113, 114, 115, 117,
    118, 121, 123, 124, 125, 126, 127, 128,   0,   1,  95,  96,  97,  98,  99, 100,
    101, 102, 103, 104, 105, 106, 107, 109, 111, 112, 113, 114, 115, 118, 120, 122,
    124, 127, 128,   0,   1,  95,  96,  97,  98,  99, 100, 101, 102, 103, 104, 105,
    106, 107, 108, 109, 110, 111, 112, 113, 114, 115, 117, 118, 119, 120, 121, 122,
    123, 124, 125, 126, 127,   0,   1,  95,  96,  99, 100, 101, 102, 103, 104, 106,
    109, 111, 112, 114, 115, 118, 121, 124, 126,   0,   1,  95,  99, 100, 101, 102,
    103, 104, 105, 106, 108, 109, 111, 112, 113, 114, 115, 118, 121, 122, 124, 126,
    127,   0,  96,  97,  98,  99, 100, 101, 102, 103, 104, 105, 106, 107, 108, 109,
    110, 111, 112, 113, 114, 117, 118, 119, 120, 122, 123, 124, 125, 126, 127, 128,
      0,   1,  96,  99, 100, 101, 102, 103, 104, 105, 106, 108, 109, 110, 111, 112,
    113, 114, 115, 117, 118, 121, 122, 123, 124, 126, 127,   0,  95,  96,  97,  98,
     99, 101, 102, 103, 104, 105, 106, 107, 108, 109, 110, 111, 113, 114, 115, 117,
    118, 119, 120, 122, 123, 125, 126, 127, 128,   0,   1,  95,  96,  97,  98,  99,
    100, 101, 102, 103, 104, 105, 106, 107, 109, 111, 112, 113, 114, 115, 117, 118,
    121, 122, 123, 125, 126, 127,   0,   1,  95,  96,  97,  98,  99, 100, 101, 102,
    103, 104, 105, 106, 107, 108, 109, 110, 111, 112, 113, 114, 115, 117, 118, 119,
    120, 121, 122, 123, 124, 125, 126, 127, 128,   0,   1,  95,  96,  97,  98,  99,
    100, 101, 102, 103, 104, 105, 106, 107, 108, 109, 110, 111, 112, 113, 114, 115,
    117, 118, 119, 120, 121, 122, 123, 124, 125, 126, 127, 128,   0,  96,  97,  98,
     99, 100, 101, 102, 103, 104, 105, 106, 107, 108, 109, 110, 111, 112, 113, 114,
    117, 118, 119, 120, 122, 123, 125, 126, 127, 128,   1,  37,  38,  39,  40,  41,
     42,  43,  44,  45,  46,  47,  48,  49,  50,  51,  52,  53,  54,  55,  56,  57,
     58,  59,  60,  61, 116,   0,   1,  95,  97,  98,  99, 100, 101, 102, 103, 104,
    105, 106, 107, 108, 109, 110, 111, 112, 113, 114, 115, 117, 118, 119, 120, 121,
    122, 123, 124, 125, 126, 127,   0,   1,  95,  97,  98,  99, 100, 101, 102, 103,
    104, 105, 106, 107, 108, 109, 110, 111, 112, 113, 114, 115, 117, 118, 119, 120,
    121, 122, 123, 124, 125, 126, 127,   0,   1,  95,  96,  97,  98,  99, 100, 101,
    102, 103, 104, 105, 106, 107, 108, 109, 110, 111, 112, 113, 114, 115, 117, 118,
    119, 120, 121, 122, 123, 124, 125, 126, 127,   0,   1,  95,  96,  97,  98,  99,
    100, 101, 102, 103, 104, 105, 106, 107, 108, 109, 110, 111, 112, 113, 114, 115,
    117, 118, 119, 120, 121, 122, 123, 124, 125, 126, 127,   0,  96,  97,  98,  99,
    100, 101, 102, 103, 104, 105, 106, 107, 108, 109, 110, 111, 112, 113, 114, 115,
    117, 118, 119, 120, 121, 122, 123, 125, 126, 127, 128,   0,   1,  96,  99, 100,
    101, 102, 103, 104, 105, 106, 107, 108, 109, 111, 112, 113, 114, 115, 117, 118,
    120, 122, 123, 124, 125, 126, 127,   0,  95,  96,  97,  98,  99, 100, 101, 102,
    103, 104, 105, 106, 107, 108, 109, 110, 111, 112, 113, 114, 115, 118, 119, 121,
    122, 125, 127, 128,   0,  96,  97,  98,  99, 100, 101, 103, 104, 105, 106, 107,
    108, 109, 110, 111, 112, 114, 115, 117, 118, 119, 120, 122, 123, 125, 127, 128,
      0,   1,  96,  97,  98,  99, 100, 101, 102, 103, 104, 105, 106, 107, 108, 109,
    110, 111, 112, 114, 117, 118, 119, 120, 121, 122, 123, 125, 126, 127, 128,   0,
      1,  95,  96,  97,  98,  99, 100, 101, 102, 103, 104, 105, 106, 107, 108, 109,
    110, 111, 112, 113, 114, 115, 117, 118, 119, 120, 121, 122, 123, 124, 125, 126,
    127,   0,   1,  95,  96,  97,  98,  99, 100, 101, 102, 105, 106, 107, 108, 109,
    111, 112, 113, 114, 115, 118, 119, 122, 123, 124, 125, 126, 127,
};

static const int8_t edslab_12_regularKernSparseValues[] = {
      -8,   -8,   -8,   -8,  -28,  -16,   -8,  -16,  -32,  -16,   -8,   -4,  -24,  -12,   -8,  -12,
       8,  -16,  -16,  -16,   -4,  -16,    4,    4,    4,    4,    4,   -8,   -8,  -16,   -4,   -8,
     -12,   -4,   -8,   -4,  -44,  -28,   -4,  -12,  -36,  -12,   -8,   -4,   -8,  -16,  -28,  -20,
     -12,  -16,  -24,  -16,  -16,  -16,  -16,  -24,  -12,  -12,  -12,  -12,  -12,  -16,  -12,   -8,
     -16,  -12,   -8,   -8,   -8,   -8,   -4,   -8,   -8,  -12,  -12,  -12,  -16,  -16,   -4,  -12,
       4,   -8,    4,  -16,   -8,  -12,   -8,    4,  -12,  -16,  -16,    4,  -16,   -4,    8,  -12,
      -8,   -8,  -12,   -4,  -12,  -16,    4,  -24,  -20,  -44,  -32,  -40,   -4,    4,   -8,    4,
      -4,   -8,    4,   -8,  -12,   -8,   -8,   -8,    4,   -4,    4,  -12,    4,    4,    4,    4,
       4,   -8,   -4,  -12,  -16,  -12,  -12,   -8,  -12,  -12,   -4,  -12,  -12,  -12,   -4,   -8,
     -12,   -8,   -8,    4,   -8,  -12,    4,  -20,   -8,  -24,   -8,   -8,  -12,  -12,  -12,   -4,
      -8,    4,    4,   -4,   -4,  -12,    4,   -4,   -4,   -4,   -8,  -12,   -4,   -4,    8,   -4,
      -4,    8,    4,   -4,  -16,   -8,   -8,  -12,  -12,    8,   -8,   -8,   -4,   -8,   -8,    4,
      -4,    4,    8,   -8,  -12,    8,  -12,    4,   -8,   -4,    8,  -16,  -16,  -16,   -8,   -4,
      -4,  -12,  -12,  -20,   -8,  -12,  -12,   -8,   -8,   -8,   -4,   -4,   -8,  -12,   -8,  -16,
      -4,   -8,  -12,   -4,    4,   -4,   -4,   -8,  -12,    4,  -12,    4,  -16,   -8,  -12,   -4,
      -4,   -4,   -4,  -16,   -4,  -12,  -20,   -8,   -4,   -4,   -8,    4,   -8,   -8,   -8,   -4,
     -12,   -4,   -4,   -4,  -16,  -28,  -20,  -20,  -12,   -4,  -12,  -28,  -20,   -4,  -28,  -20,
     -28,  -32,  -20,   -8,  -24,  -12,  -32,  -16,   -4,   -4,   -4,   -8,  -16,  -16,   -8,   -8,
      -8,   -8,    4,    4,   -8,  -12,    4,  -12,    4,   -8,   -8,   -8,  -44,   -8,  -16,   -4,
     -28,   -4,   -8,   -8,  -36,   -8,   -8,   -8,  -12,   -8,   -8,  -16,  -40,   -8,  -28,  -12,
     -16,  -56,  -56,  -88,  -88,  -80,   -4,   -8,  -36,  -16,  -16,  -20,  -16,  -12,  -20,  -20,
     -20,  -24,  -40,  -20,  -20,  -28,  -20,  -16,  -20,  -12,  -24,  -24,  -48,  -44,  -36,  -12,
     -12,  -20,   -8,    8,  -16,   -4,    4,   -8,   -8,   -8,   -8,   -4,    8,   -8,   -8,   -4,
      -4,   -4,   -4,    4,   -4,  -12,  -20,  -24,  -20,  -28,   -4,   -4,  -12,    4,    4,    4,
      -4,   -4,   -8,    4,   -4,   -8,   -4,   -4,   -8,    4,   -4,    4,   -8,    4,    4,  -12,
      -4,   -8,   -8,   -4,   -4,  -24,   -8,   -4,   -8,   -8,   -4,   -4,  -16,  -12,   -8,   -8,
     -12,  -12,  -20,  -12,   -8,  -20,  -20,  -24,  -24,  -20,   -8,   -8,  -12,   -4,   -8,  -12,
     -20,   -4,   -8,  -12,  -16,  -16,  -12,   -4,  -16,  -16,   -8,  -12,  -12,  -16,  -24,  -12,
     -16,  -16,  -12,   12,  -28,   -4,    4,   -4,   -4,   12,   -8,   -4,    4,   -4,   -4,   -4,
      -4,    8,   -4,    8,   -8,    4,   -8,  -12,  -24,  -24,  -28,   -4,    4,   -4,    8,    8,
       4,    8,   -4,   -4,   20,    8,  -12,    4,    4,    4,    8,    4,    8,   12,   12,   12,
      12,    4,  -20,   -4,  -12,   -4,  -16,   -4,   -4,    4,   -4,   -4,  -12,  -16,  -16,  -12,
     -16,   -8,   -4,   -4,    4,   -4,   -4,   -4,   -4,    4,   -8,    4,    4,   -4,   -4,   -8,
      -4,  -16,   -4,   -8,  -60,   -4,  -12,   -8,   -4,   -4,   -8,   -8,   -4,  -16,   -4,   -4,
     -20,   -4,  -12,   -4,  -12,  -12,  -16,  -20,  -16,  -12,  -32,   -8,  -20,  -20,  -24,  -12,
     -36,  -12,   -4,   -8,  -12,   -8,  -24,  -24,  -28,  -16,  -24,  -24,  -16,  -16,   -8,  -12,
     -16,  -16,  -20,  -20,  -28,  -24,   -4,    4,  -28,  -16,   -4,   -8,  -12,   -8,    4,  -12,
      -4,   -4,   -8,   -4,   -8,   -8,  -12,  -12,   -4,  -24,  -24,  -32,  -28,  -32,  -16,  -20,
      -8,  -12,  -16,  -12,  -20,  -20,  -12,  -12,   -8,  -12,    4,   -4,  -12,  -12,  -16,  -12,
      -4,   -8,  -12,  -20,  -12,   -8,  -20,  -16,   -8,   -8,  -16,  -16,  -12,  -16,   -4,  -16,
     -24,  -16,  -16,  -16,  -16,  -16,  -20,  -16,  -16,  -16,  -12,  -12,  -16,  -24,  -20,  -20,
      -8,  -12,  -12,   -8,  -12,  -12,   -8,  -12,  -12,   -8,   -8,   -8,  -16,  -16,  -20,  -16,
     -12,  -16,  -16,  -16,  -12,  -16,   -8,   -8,  -16,  -20,   -8,  -16,  -12,  -12,  -16,  -16,
     -16,  -12,   -8,  -16,  -12,  -12,  -16,  -24,  -16,  -12,   -8,    4,    4,  -28,    4,    4,
       4,   -8,  -16,  -16,  -20,   -4,   -8,  -24,    4,    4,   -4,  -16,  -12,   12,   -4,  -20,
     -16,   -4,   -4,   -4,    4,    4,   -8,  -12,   -4,  -16,   -4,   -8,  -16,  -16,   -4,   -4,
     -16,   -4,   -4,   -4,   -4,   -4,   -4,   -4,  -24,   -4,  -16,    4,   -4,  -20,  -24,  -20,
     -24,  -24,   -4,   -4,  -16,   -4,   -4,   -4,  -12,   -8,   -4,  -12,  -20,  -12,  -20,  -12,
     -12,  -12,  -16,   -4,  -12,   -4,  -20,  -16,  -32,  -24,  -32,   -8,  -12,   -8,  -16,   -4,
     -16,   -8,  -16,   -4,   -4,   -8,   -4,   -4,   -4,   -4,   -4,  -12,  -12,   -4,   -4,  -64,
     -36,  -52,  -52,  -60,   -8,   -4,  -24,   -8,   -4,  -12,  -20,  -12,  -24,  -12,  -12,   -8,
     -16,   -8,   -4,  -12,  -16,  -28,  -24,  -28,  -12,  -16,   -8,   -8,  -12,  -12,  -12,   -8,
     -16,  -12,   -4,  -16,  -12,  -16,  -16,  -16,   -8,  -16,  -20,  -16,  -12,  -12,  -12,   -8,
      -8,  -12,  -12,  -12,   -8,  -12,   -8,  -12,  -12,   -4,  -12,   -8,  -12,  -12,  -12,  -12,
     -16,  -12,  -12,   -8,   -4,   -8,  -40,  -16,  -20,   -8,  -12,   -4,  -20,   -4,  -20,   -4,
      -4,  -12,  -28,   -4,  -16,   -4,   -8,  -16,  -16,  -16,  -12,  -12,   -4,  -28,  -28,  -20,
     -20,  -20,  -16,  -28,  -16,  -16,  -20,  -24,  -24,  -24,  -20,  -20,  -24,  -20,  -28,  -16,
     -16,  -16,  -16,  -16,  -20,  -16,  -16,  -28,  -16,  -12,    4,  -44,   -8,    4,  -12,  -12,
     -16,  -16,   -8,   -4,  -16,   -8,  -12,  -16,   -4,  -12,    4,  -20,   -4,  -20,  -24,  -36,
     -36,  -36,  -20,  -12,  -20,   -4,   -8,  -16,    4,   -4,  -16,  -12,   -8,   -8,   -4,   -8,
      -8,   -4,   -4,   -4,   -4,  -20,  -28,  -12,  -16,    4,  -12,  -68,   -4,    4,   -4,   -4,
      -4,    4,   -4,   -4,   -8,  -12,   -8,   -8,   -8,   -4,  -12,    4,   -4,    4,  -12,  -16,
     -16,  -20,  -12,   -8,  -32,  -20,  -20,  -12,  -24,  -32,  -16,    4,   -4,  -20,   -8,   -4,
      -8,  -16,  -12,   -4,    8,   -4,  -12,  -20,   -8,  -32,  -32,  -16,  -28,  -24,  -32,  -32,
     -32,  -28,  -20,  -24,  -20,  -24,  -36,  -28,  -28,  -32,  -28,  -40,  -28,  -32,  -28,  -56,
     -52,  -68,  -68,  -76,  -32,  -40,  -48,  -28,  -28,  -24,  -12,   -8,  -44,  -28,  -12,  -44,
     -52,  -40,  -32,  -28,  -24,  -28,  -36,  -16,  -28,  -24,  -28,  -28,  -28,  -32,  -44,  -32,
      -8,   -8,   -8,   -4,  -12,   -4,   -4,   -8,   -4,   -4,   -4,   -4,   -4,  -16,   -4,   -8,
      -4,  -20,  -20,  -32,  -32,  -32,   -4,   -4,  -16,  -12,  -24,  -12,   -8,   -8,  -12,   -8,
      -4,   -4,  -12,  -16,  -16,  -20,  -24,  -12,   -8,  -16,   -8,    4,  -24,   -8,   -4,   -8,
      -4,   -8,   -8,   -4,   -8,  -12,   -4,   -8,   -8,   -4,  -12,   -4,  -20,  -24,  -32,  -28,
     -32,   -4,  -24,    4,    4,  -12,   -8,  -12,   -8,  -12,  -16,  -16,  -12,  -12,  -16,  -16,
      -4,   -4,  -16,  -16,  -16,   -8,  -20,  -12,  -24,  -52,  -16,  -16,   -8,  -12,   -8,  -16,
      -8,   -8,  -28,   -8,  -12,   -8,   -8,  -20,   -8,  -12,   -8,   -8,  -16,  -20,  -20,  -24,
     -16,  -20,  -40,  -20,  -32,  -36,  -32,  -24,  -36,  -12,  -12,  -20,  -20,  -20,  -36,  -36,
     -28,  -24,  -32,  -44,  -32,  -20,  -28,  -28,  -28,  -36,  -40,  -16,  -36,  -24,  -16,  -60,
     -12,  -24,  -16,  -12,  -12,  -20,  -12,  -12,  -24,  -12,  -12,  -12,   -8,  -28,  -16,  -20,
     -12,  -16,  -16,  -20,  -20,  -20,  -16,  -20,  -36,  -28,  -32,  -24,  -24,  -28,  -40,  -24,
     -16,  -28,  -20,  -20,  -24,  -32,  -28,  -24,  -24,  -32,  -20,  -20,  -20,  -24,  -20,  -28,
     -28,  -24,  -36,  -20,  -24,  -84,   -8,  -32,   -8,  -12,  -12,  -36,  -16,  -12,  -40,   -8,
     -16,  -12,  -16,  -32,   -8,  -40,  -12,  -16,  -24,  -16,  -20,  -20,  -16,  -16,  -52,  -24,
     -52,  -48,  -44,  -32,  -48,  -20,  -28,  -40,  -24,  -24,  -52,  -44,  -52,  -40,  -44,  -44,
     -40,  -28,  -36,  -40,  -40,  -40,  -52,  -24,  -52,  -32,  -32,  -80,  -12,  -28,  -12,  -16,
     -12,  -32,  -12,   -8,  -36,  -12,  -12,  -16,  -16,  -36,  -20,  -32,  -12,  -16,  -16,  -16,
     -20,  -16,  -16,  -20,  -40,  -24,  -48,  -52,  -40,  -24,  -56,  -24,  -28,  -40,  -32,  -32,
     -40,  -40,  -44,  -32,  -40,  -40,  -36,  -28,  -32,  -40,  -32,  -44,  -48,  -20,  -44,  -36,
     -28,  -64,  -16,  -32,  -12,  -12,  -12,  -28,   -8,   -8,  -36,   -8,  -12,  -16,  -12,  -44,
     -16,  -36,  -16,  -24,  -16,  -20,  -20,  -20,  -20,  -24,  -56,  -28,  -48,  -48,  -48,  -44,
     -56,  -28,  -32,  -44,  -32,  -32,  -44,  -52,  -52,  -40,  -44,  -48,  -48,  -36,  -36,  -44,
     -44,  -44,  -52,  -20,  -56,  -40,  -24,   -4,  -24,   -8,   -4,   -4,  -16,   -4,   -4,   -8,
      -8,   -4,   -8,   -8,  -20,   -8,  -20,   -4,   -8,  -20,  -20,  -16,  -16,  -20,   -8,   -4,
     -24,   -8,   -4,  -12,   -4,  -16,  -16,  -28,  -20,  -20,  -12,  -12,   -8,  -24,  -16,   -4,
     -24,  -20,  -28,  -32,  -40,  -16,  -12,  -20,   -4,   -8,  -16,  -32,  -16,  -12,  -16,  -20,
     -16,  -20,  -16,  -28,  -20,  -32,  -16,  -20,  -24,  -20,  -16,  -16,  -12,  -24,  -24,  -32,
     -32,  -32,  -16,  -20,    4,   -8,  -24,    4,   -8,   -8,  -12,   -8,  -20,  -24,  -12,  -12,
     -12,  -12,   -4,   -4,   -8,   -8,  -16,   -8,  -16,   -4,   -4,    4,  -12,  -24,   -4,   -4,
      -4,   -8,  -16,  -16,  -16,  -20,  -12,  -12,   -4,   -8,   -4,  -12,   -4,  -12,   -8,  -12,
     -12,  -16,  -12,  -16,  -16,  -12,  -20,  -16,   -8,  -16,   -8,   -8,   -8,  -16,  -24,  -16,
     -20,  -12,  -12,  -16,  -20,   -8,  -12,   -8,  -16,  -20,  -24,  -20,  -28,  -16,  -16,   -4,
      -8,    4,  -16,  -28,  -16,   -8,  -12,   -4,  -12,  -16,  -16,  -12,   -8,   -4,  -12,  -12,
      -4,   -4,   -8,   -8,  -12,  -12,  -12,  -20,   20,   -4,  -20,   -4,  -16,  -16,  -16,  -28,
     -20,  -12,  -20,  -12,   -8,  -24,  -24,  -20,  -16,  -16,  -28,   -4,  -24,  -48,  -48,  -36,
     -64,  -16,  -44,   -8,  -12,   -4,  -16,  -32,  -16,   -8,  -12,  -12,   -4,  -20,   -4,    8,
     -28,  -28,  -12,  -20,  -16,   -4,  -16,  -20,  -16,   -8,   -8,   -8,   -8,  -12,  -16,  -20,
     -16,  -24,   -4,   -8,  -28,   -8,   -8,   -8,  -16,   -8,   -4,   -8,  -16,  -12,  -20,  -12,
     -12,   -8,  -12,   -4,  -12,  -16,  -16,  -20,  -20,  -28,   -8,  -16,  -12,  -16,   -8,  -24,
      -8,   -8,   -8,  -12,  -12,  -12,   -4,  -12,  -20,  -28,  -12,   -8,   -8,  -16,   -4,  -12,
      -4,  -16,  -16,  -24,  -24,  -28,  -12,  -12,    4,    8,  -24,    4,    4,    4,    4,   -8,
       8,  -16,  -20,   -4,   -4,    4,    4,    4,   -4,    4,   -8,   -8,   -8,   -8,   -8,  -12,
     -20,  -12,   -8,  -28,   -4,  -12,   -8,  -12,   -8,   -4,   -8,  -12,  -12,  -28,   -8,   -8,
      -8,   -8,   -4,   -8,   -8,  -12,  -12,  -16,  -20,  -24,   -8,  -12,   -4,   -4,  -16,  -24,
     -12,  -12,   -4,  -16,  -12,   -8,  -12,  -20,  -12,  -24,  -12,   -8,  -16,  -16,   -8,  -16,
      -4,  -16,  -16,  -24,  -24,  -16,   -8,  -12,   -4,   -4,   -4,   -4,  -28,   -4,   -8,  -16,
      -8,   -4,   -8,  -20,  -12,  -24,   -8,   -8,   -8,  -12,   -8,   -4,  -12,  -12,  -20,  -20,
     -24,   -4,   -8,  -12,   -8,   -8,  -28,   -4,   -8,   -4,  -12,   -4,  -12,   -8,  -16,  -12,
     -24,   -8,   -8,   -4,  -12,   -4,  -12,  -12,  -20,  -24,  -24,  -28,   -4,   -8,   -8,    8,
     -20,    4,    4,   -8,   -8,  -12,   -8,  -20,  -16,   -8,  -12,    4,   -8,    4,  -12,    4,
      -8,   -4,   -4,  -12,  -16,  -12,  -16,   -4,   -4,    4,   -8,  -24,    4,    4,    4,   -8,
     -12,  -12,   -8,  -20,  -20,   -8,   -8,   -8,    4,  -12,   -4,   -8,   -8,  -12,  -16,   -8,
     -16,   -4,   -8,    4,  -24,   -4,    4,  -12,   24,   -8,  -20,   -4,   -4,   -4,   16,    4,
      -4,   -4,   -4,   -4,   -4,   -4,   -4,   -4,   -4,   -8,   -4,  -20,  -28,   -4,   -4,   -4,
      -4,  -12,  -24,   -8,  -28,  -20,   -8,  -12,   -8,   -4,   -8,  -12,    4,   -4,   -4,   -8,
     -12,  -16,  -16,   -4,  -24,    4,   -8,   -8,   -8,    4,   -8,  -12,  -20,   -4,   -8,   -4,
      -8,    4,   -8,   -4,   -8,   -8,  -12,  -12,   -8,  -12,   -8,  -24,  -20,   -4,   -4,  -12,
     -20,  -12,  -20,   -4,   -4,    4,  -12,    4,   -8,    4,  -20,  -12,  -24,  -20,  -36,   -8,
     -12,  -12,   -8,   -8,  -28,  -12,   -8,   -8,  -12,   -4,  -12,   -8,  -12,  -16,  -24,  -12,
      -8,  -12,  -12,   -4,   -4,   -4,  -12,  -12,  -16,  -16,  -20,   -4,  -12,  -12,  -28,  -32,
     -16,  -16,  -24,  -24,  -28,  -24,   -4,  -16,  -32,  -24,  -16,  -20,  -20,   -8,  -20,  -16,
      -8,  -12,   -8,   -8,  -12,  -12,  -24,  -32,  -24,  -16,  -28,  -20,  -16,  -20,  -16,  -16,
     -24,  -32,  -12,  -20,  -28,  -20,  -16,  -20,  -24,   -8,  -16,  -20,  -12,  -12,   -4,  -12,
      -8,  -16,  -20,  -28,  -24,  -12,  -28,  -20,  -16,  -16,  -16,  -16,  -28,  -28,  -12,  -16,
     -28,  -28,  -20,  -20,  -24,  -12,  -16,  -24,   -8,   -8,  -12,  -12,  -12,  -16,  -20,  -24,
     -36,   -4,   -8,  -20,   -4,   -8,   -4,   -8,   -8,   -8,  -16,   -4,   -4,   -4,   -4,   -4,
      -4,   -4,   -8,   -8,  -12,   -8,   -8,   -4,  -16,  -16,   -8,   -4,   -4,   -4,   -4,   -8,
      -4,   -4,   -4,   -4,   -8,   -8,   -4,   -8,   -4,  -28,  -20,   -4,  -20,  -12,  -20,   -4,
     -20,  -16,   -8,  -20,  -28,  -28,  -20,   -4,  -16,   -4,  -24,  -16,  -16,  -20,  -56,  -44,
     -24,  -16,  -64,  -12,  -12,  -24,  -12,  -12,  -12,  -12,   -8,   -4,   -8,  -12,  -12,  -24,
     -12,  -20,  -16,  -24,  -24,  -12,  -12,  -12,  -12,  -12,  -12,  -24,  -12,  -32,  -36,  -20,
     -12,  -48,  -12,  -12,  -24,  -12,  -12,  -12,  -12,   -8,  -12,   -4,    4,   -4,  -12,   -4,
      -4,   -4,   -8,   -4,   -4,  -16,   -8,   -8,   -4,   -4,   -4,  -12,    4,  -12,  -24,    8,
      -8,  -16,   -4,   -8,   -8,   -4,  -12,    4,   -4,    4,   12,  -20,   12,    4,   12,   -4,
      12,    8,   -8,    8,   -4,    4,  -12,    4,   -4,   -4,   12,    4,   -4,  -12,   -4,   -4,
      -4,   -4,   -4,    4,   -4,  -12,  -12,   -4,   -4,   -4,   12,   -4,   -4,    4,   -4,  -12,
       4,   -8,  -16,   -4,   -4,   -8,   -4,   -4,    4,   -8,    4,   12,  -12,   12,    4,    4,
      12,   -4,   12,    8,   -4,    8,   -4,    4,    8,   12,  -12,   -4,  -64,   -4,   -4,   -4,
     -20,   -4,   -4,  -16,   -4,   -4,   -4,  -36,   -4,   -4,   -8,   -4,   -8,   -4,   -4,   -4,
      -4,   -4,   -4,   -4,   -4,   -4,   -4,   -4,  -16,   -4,  -16,  -32,  -24,  -16,  -24,  -48,
     -24,  -32,  -36,  -16,  -16,  -20,  -44,  -24,  -28,  -32,  -32,  -24,  -24,  -12,  -16,  -32,
     -24,  -24,  -24,  -24,  -12,  -20,  -20,  -24,  -24,  -36,  -24,  -16,   -8,   -4,  -20,   -4,
      -4,   -4,  -20,   -4,   -4,  -12,   -4,   -4,   -4,   -4,   -4,   -4,  -12,   -4,   -4,  -12,
      -4,  -16,   -8,   -4,   -8,   -4,   -4,   -4,   -4,  -12,   -4,   -8,   -8,   -8,   -8,   -8,
      -8,   -8,   -8,   -8,  -16,  -20,  -12,   -8,   -8,   -8,   -4,   -4,  -16,  -12,   -4,   -8,
      -4,   -8,   -4,   -4,  -12,   -8,   -4,   -4,   -4,   -8,   -8,   -4,   -4,   -4,   -4,   -4,
     -12,   -4,   -4,   -4,  -12,   -4,  -12,  -16,   -4,   -4,   -4,   -8,   -4,   -4,  -16,   -4,
      -4,  -16,   -4,  -16,  -16,   -4,  -16,   -4,   -4,  -12,   -4,   -4,  -12,   -4,   -4,   -4,
     -12,   -8,  -12,  -12,  -12,   -8,   -8,  -12,  -12,  -12,  -12,  -12,  -16,  -16,  -32,  -12,
     -36,  -12,  -12,  -12,  -12,  -12,  -12,  -12,  -12,   -4,  -12,   -4,  -24,   -4,   -4,   -4,
     -20,   -4,   -4,   -4,   -4,   -4,   -4,   -4,   -4,   -8,   -4,   -4,   -4,  -24,    4,   -4,
     -24,   -4,   -4,   -4,   -4,   -4,   -4,   -4,   -8,    4,   -8,    8,   -8,   -4,   -4,   -8,
       8,   -8,    8,   -4,    4,   -4,   -4,   -4,   -4,    4,   -4,    8,   -8,   -8,  -16,  -20,
      -4,   -4,   -4,   -4,   -8,  -12,   -4,   -8,  -16,   -8,  -16,   -8,   -8,   -4,  -12,  -12,
     -16,   -8,  -16,   -8,   -8,   -8,   -8,   -8,   -8,   -8,  -16,   -8,  -16,  -20,  -16,  -12,
     -32,  -20,   -8,   -8,   -8,   -8,   -8,  -16,  -16,  -12,   -4,   -4,   -4,   -8,   -4,   -8,
      -4,  -12,   -4,  -16,   -8,   -4,  -12,  -12,  -16,   -8,  -16,   -8,   -8,   -8,  -16,   -8,
     -16,  -20,  -16,  -12,  -32,  -20,   -8,   -8,   -8,   -8,    4,   -8,   -8,   -4,   -8,  -12,
     -12,   -4,   -4,  -12,   -4,  -16,  -12,  -12,   -4,   -8,   -8,   -4,    4,   -4,   -4,  -12,
       4,   -8,   -8,   -8,   -8,   -4,   -8,   -4,   -4,    4,   -4,  -12,    4,   -8,  -32,    4,
      -4,  -32,   -4,   -4,  -12,   -4,   -4,   -8,   -4,   -8,    4,   -4,   -8,  -12,  -16,   -8,
     -12,   -8,   -8,   -8,  -12,  -12,   -8,  -16,  -12,  -12,   -4,   -8,  -12,  -12,  -12,  -12,
     -12,   -8,   -8,   -8,   -4,  -12,   -4,  -12,  -20,   -4,  -28,  -20,   -4,   -8,   -8,  -20,
     -16,   -8,  -12,   -8,   -4,   -8,  -12,  -12,   -4,  -16,   -8,  -12,   -8,  -12,   -8,   -8,
     -12,  -12,   -8,  -12,  -12,   -8,   -4,  -12,   -4,  -12,  -24,   -4,  -28,  -16,   -4,   -8,
      -8,  -12,  -12,   -8,   -8,  -12,   -8,   -8,  -12,   -8,   -8,  -12,   -8,   -8,   -8,   -8,
      -8,   -8,   -8,   -8,   -8,   -8,   -8,   -8,   -8,   -4,  -16,   -4,   -8,  -16,  -12,  -28,
     -16,   -8,   -8,   -8,   -4,  -32,   -8,   -8,   -8,  -28,  -12,  -12,   -4,   -8,   -8,   -4,
      -8,   -4,   -8,    8,   -4,  -12,    8,  -12,  -24,   12,   -8,  -20,   -4,   -4,   -8,   -4,
      -4,   -8,   -4,   -4,   16,    4,    4,  -20,    4,    4,    8,    8,    4,  -16,   -4,    8,
       8,   -4,    4,   -4,    4,  -12,    4,   -8,   -8,  -16,  -12,   -4,   -8,   -8,   -8,   -4,
      -8,   -8,   -4,  -16,   -8,  -12,   -8,   -8,   -8,  -12,   -8,   -8,   -8,   -8,   -8,   -8,
      -4,  -16,   -4,  -12,  -16,   -8,   -8,  -24,  -12,   -4,   -8,   -4,  -12,  -64,  -32,   -8,
      -4,   -4,  -12,   -8,  -28,    4,  -20,    4,   -4,  -20,   -4,   -4,   -4,   -4,  -12,    4,
     -16,   -8,  -12,   -8,   -8,  -24,   -4,   -4,   -8,   -4,   -4,   -8,   -8,   -8,   -4,   -4,
      -4,   -4,   -8,  -12,   -8,  -32,   -8,  -16,   -8,   -4,  -20,   -4,   -4,   -4,  -20,   -4,
      -8,   -4,  -16,  -16,   -8,   -4,   -8,   -8,   -4,   -4,   -8,    4,   -8,  -24,   -4,   -4,
     -24,   -4,   -4,   -4,   -4,   -4,   -4,   -4,   -4,   -4,    4,   -8,   -4,  -16,  -16,  -12,
     -12,   -8,  -12,   -8,   -4,   -4,   -4,   -8,    4,  -12,   -4,   -8,  -16,   -8,   -4,   -8,
      -4,   -8,  -16,  -56,   -4,  -32,   -4,   -8,  -12,   -4,   -8,  -32,   -8,   -8,   -8,   -4,
     -12,   -8,  -16,   -8,   -4,   -8,  -24,  -24,  -16,  -16,  -12,  -36,  -12,  -24,  -16,   -8,
      -8,  -12,  -36,   -8,  -12,  -20,   -8,  -24,  -20,   -4,   -8,  -24,  -20,  -28,  -12,   -8,
      -8,  -16,  -24,  -24,  -24,  -28,  -12,  -20,  -28,  -12,  -76,   -8,   -8,   -8,  -36,  -12,
     -12,  -12,  -12,  -16,   -8,  -40,   -8,   -8,  -32,   -4,   -4,  -28,   -8,  -24,  -28,  -12,
     -24,   -4,   -4,   -8,   -8,   -8,  -20,  -16,  -24,  -56,  -44,  -44,  -48,  -64,  -40,  -52,
     -36,  -32,  -32,  -52,  -64,  -48,  -44,  -52,  -48,  -40,  -52,  -36,  -44,  -56,  -48,  -44,
     -52,  -44,  -40,  -48,  -52,  -56,  -52,  -68,  -40,  -40,    4,   -8,  -32,   -8,   -8,   -8,
     -28,   -8,   -8,   -8,  -12,  -12,  -16,   -8,  -12,   -4,   12,   -8,   -8,   16,   -4,  -20,
       4,   -4,  -24,   -8,   -4,   -4,   -4,   -4,  -16,   -4,   12,  -16,    8,    4,    4,    4,
     -16,    8,    8,    4,    4,   -4,   -4,   -4,   -8,    8,  -12,  -16,   -8,  -32,   -8,   -8,
      -8,  -32,   -8,   -8,  -20,   -8,   -8,   -8,   -8,  -44,   -8,  -32,   -8,  -16,  -16,  -20,
     -20,  -20,  -28,  -12,  -16,  -20,  -12,  -12,  -16,  -16,  -12,  -12,  -24,  -24,  -16,  -24,
     -16,  -12,  -20,  -24,  -12,  -12,  -12,  -24,  -24,  -44,  -44,  -48,  -12,  -20,  -20,   -8,
     -24,  -16,   -8,  -16,  -12,  -12,   -8,  -16,  -12,   -8,  -16,   -8,  -20,   -8,   -8,   -8,
      -8,   -8,  -12,  -12,  -16,   -8,  -12,   -8,  -16,  -12,  -12,   -8,   -8,   -8,   -4,   -8,
     -12,   -4,  -12,  -20,   -4,   -8,  -20,   -8,   -8,  -12,   -4,   -4,   -8,   -8,   -4,   -8,
      -8,  -16,  -24,   -8,  -12,  -12,  -12,   -8,  -24,  -12,   -4,  -16,  -16,  -16,   -8,   -4,
     -12,   -4,   -8,   -4,   -4,   -4,  -12,   -4,   -8,   -8,  -12,  -12,   -4,   -8,   -4,   -4,
      -8,   -4,  -12,   -4,   -8,  -16,   -4,   -4,  -20,   -4,   -4,   -8,   -4,   -4,   -4,   -4,
      -4,   -4,   -8,  -16,  -16,   -4,   -8,   -8,   -8,   -8,  -12,   -8,  -20,   -4,   -4,  -20,
      -8,   -8,   -4,  -12,   -8,   -4,   -4,   -4,   -4,   -4,  -12,   -4,   -8,  -16,   -8,   -4,
     -20,   -4,   -4,   -4,   -4,   -8,  -20,  -16,   -4,   -4,  -12,  -12,   -8,  -12,   -4,   -8,
     -16,   -8,  -16,   -8,  -12,   -8,   -4,   -4,  -16,   -4,   -4,   -8,   -8,   -4,   -8,   -4,
      -4,   -8,   -4,  -12,   -4,   -8,  -12,  -12,   -8,  -24,  -12,   -4,   -4,   -4,   -4,   -4,
     -20,    4,   -4,  -12,   -4,   -4,   -4,  -20,   -4,  -12,  -12,   -8,   -8,   -4,    4,   -4,
      -4,    4,  -40,  -32,    8,   -4,  -44,   -4,   -4,  -20,   -4,   -4,    4,   -4,    4,   20,
      -4,  -20,    8,   -4,   -4,   -4,   -4,   -4,   12,   -4,   -4,    8,    8,   -4,    8,   -4,
     -12,    4,   -4,   -4,    4,   -4,    8,   -4,   -8,  -16,  -16,   -4,   -4,   -4,   -4,   -8,
      -4,  -12,   -4,  -16,   -4,   -4,   -4,   -4,  -16,   -8,   -8,   -4,   -8,   -8,   -4,   -8,
      -8,  -12,   -8,  -12,  -12,  -16,  -12,   -4,   -4,  -20,    4,   -8,  -16,   -4,   -4,   -4,
     -20,   -8,   -4,  -16,  -12,   -8,   -4,   -8,    4,   -4,   -4,   12,  -40,  -36,    8,   -4,
     -44,   -4,   -4,  -24,   -4,   -4,    4,   -4,   12,   12,  -16,    8,   -4,    8,   -4,    8,
       4,   -4,    8,   -4,   -4,   -4,   -4,    4,   -4,    8,   -4,   -8,    4,   -4,  -28,   -4,
      -4,   -4,  -16,   -4,   -4,   -4,  -16,  -16,   -4,   -4,   -4,   -4,    8,   -4,   -4,    8,
      -4,  -16,   12,   -8,  -24,   -8,   -8,   -4,   -4,   -4,    4,   -8,   -4,    4,   12,  -16,
       8,   -4,    8,   -8,    8,    8,    4,    4,   -4,    8,   -4,    8,  -12,   -4,    4,   -8,
     -20,   -8,   -4,   -4,  -20,   -8,   -4,   -4,  -12,  -12,   -8,   -8,  -12,   -8,    8,   -8,
      -8,    4,   -8,  -20,   12,   -8,  -24,   -8,   -8,   -8,   -8,   -8,    4,   -8,   -4,   16,
      -4,  -20,    8,    4,  -16,   -4,   -4,    8,    4,    4,   -4,   -8,    8,  -12,   -8,  -20,
     -20,   -8,  -12,   -8,   -8,   -4,  -12,   -8,   -4,  -16,   -8,  -20,   -8,   -8,   -4,   -8,
     -16,   -4,   -8,   -8,  -12,  -12,  -12,  -12,  -16,   -4,   -8,  -20,  -12,  -24,  -16,  -12,
      -4,   -4,  -12,  -12,   -4,   -8,   -8,   -8,   -4,  -12,  -12,   -4,   -4,   -4,   -8,  -20,
      -4,   -8,  -20,   -4,  -28,   -4,  -12,   -8,   -4,   -8,   -8,    4,   12,  -16,   12,   -4,
       4,   -4,   -4,    8,   -4,    8,  -12,    8,  -12,    8,   -4,   -4,    4,   -4,    8,  -12,
     -12,    4,    8,   -4,   -4,   -8,    4,   -8,   -4,   -4,   -4,   -4,   -4,    4,   -8,    8,
      -4,    4,   -8,    4,   -4,    4,   -4,   -4,    4,   -8,  -16,   -4,   -8,  -32,   -4,  -12,
      -8,  -12,  -28,   -4,   -4,   -4,   -4,   -4,   -4,   -4,   -4,   -8,   -4,   -4,   -8,   -4,
      -4,   -4,  -16,  -20,  -16,  -16,   -8,   -8,  -12,  -12,  -12,  -12,  -12,  -12,  -20,  -16,
     -12,  -12,   -4,   -8,  -12,   -4,  -16,  -12,  -16,  -16,  -16,   -4,  -28,   -8,   -8,  -20,
      -8,   -8,  -12,   -4,   -4,  -12,  -12,    4,    4,   12,   -4,   -4,   -8,    8,   -8,   -8,
      -4,   -4,   -4,    8,   -4,   -4,    8,   -8,    8,   -8,   -4,   -4,   -4,   -4,    8,  -12,
      -8,   -4,   -4,   -4,   -8,   -8,   -8,   -8,   -4,   -4,  -12,   -4,   -8,   -8,   -8,   -8,
      -4,  -12,   -4,   -8,  -16,   -8,   -4,  -20,   -4,   -4,  -12,   -4,   -4,   -8,   -4,   -8,
      -4,  -12,   -4,    8,   -4,  -12,    8,   -4,    4,   -4,   -4,   -4,   -4,   -4,    4,   -8,
       4,   -8,   -4,   -8,   -4,   -4,    8,   -4,  -16,   -8,   -8,   -8,   -8,  -16,  -12,  -12,
     -12,  -24,  -24,   -8,   -4,  -12,   -8,   -8,   -8,  -16,   -8,  -16,  -24,  -16,   -8,  -24,
      -4,   -4,  -16,   -8,   -8,  -12,   -4,   -8,  -12,   -4,  -16,   -8,   -8,   -4,   -8,   -4,
     -12,   -8,   -8,   -8,  -24,  -24,   -8,   -8,   -8,   -4,  -20,   -8,  -16,  -16,  -12,   -8,
     -24,  -20,   -4,   -8,   -4,   -8,   -8,   -4,  -16,   -4,   -4,   -4,   -4,   -4,   -8,   -4,
      -8,   -4,  -12,   -8,   -8,   -8,   -4,   -4,  -16,   -4,   -8,  -16,   -8,  -32,   -4,   -4,
      -4,   -4,   -4,  -20,   -8,   -8,   -8,   -4,   -4,  -16,  -12,   -4,   -8,  -12,  -12,   -4,
      -4,   -4,   -4,  -12,   -4,  -16,   -4,  -12,  -24,  -16,   -4,  -24,   -4,   -4,  -12,   -4,
      -8,   -4,   -4,   -8,   -4,   -8,   -8,   -4,    4,  -12,   -4,   -8,   -4,   -4,   -8,   -4,
      -8,   -8,   -4,  -12,   -8,  -12,   -4,   -4,   -4,   -4,   -8,   -8,  -16,  -12,   -8,   -8,
      -8,   -8,   -4,   -8,   -4,  -16,  -12,  -12,   -4,  -12,  -12,  -16,   -4,   -4,   -8,   -4,
      -4,  -12,    8,  -12,  -12,  -24,    8,   -8,   -4,   -8,   -8,  -12,  -12,  -16,  -16,    4,
      -8,  -12,    4,   -8,  -12,  -12,  -16,   -4,   -8,   -8,   -8,   -4,   -4,   -8,    4,  -12,
     -12,   -8,    4,  -16,   -4,   -4,   -4,   -4,   -4,   -4,   -4,   -4,  -16,   -4,  -16,   -4,
      -4,  -12,  -12,   -4,   -8,   -4,   -4,   -4,   -8,   -4,   -4,  -20,   -8,    8,   -8,   -8,
     -20,  -16,   -4,   -8,   -4,   -8,  -12,   -4,  -12,   -4,   -8,   -8,   -4,   -8,    4,   -4,
     -16,   -4,   -4,   -8,   -8,   -8,   -8,    4,  -12,   -8,   -4,   -4,    4,   -4,   -4,  -12,
      -4,   -4,   -4,   -4,   -4,   -8,   -8,   -4,    4,   -4,    4,   -4,  -12,   -4,   -4,  -12,
      -4,   -4,   -4,   -4,   -4,    4,   -8,   -4,  -16,    4,   -8,   -8,  -32,   -8,  -16,   -8,
      -8,   -8,  -12,  -28,  -12,  -12,   -4,   -4,  -12,   -8,   -8,   -8,   -8,  -12,   -8,   -8,
      -8,   -4,  -16,  -12,   -8,   -8,  -20,   -8,  -20,   -8,  -12,  -16,   -4,  -12,  -12,  -40,
     -12,  -16,  -16,   -8,   -8,  -12,  -32,  -16,   -8,  -12,   -8,   -4,  -12,   -4,   -8,  -20,
      -8,   -8,   -8,   -8,   -4,   -8,   -8,  -12,  -12,  -24,  -12,  -20,  -20,    8,   -8,   -8,
     -24,    8,  -16,   -4,   -4,   -4,  -12,   -8,  -16,  -12,    4,  -16,   -8,    8,   -4,  -12,
      -8,  -12,   -8,  -12,  -12,   -8,  -12,   -8,    8,  -12,   -8,  -16,  -32,  -16,  -16,  -20,
     -12,  -16,  -16,   -8,  -16,  -12,  -24,  -12,  -12,  -20,  -12,  -16,  -16,  -12,  -12,  -16,
     -12,  -12,  -16,  -16,  -16,   -8,  -12,   -4,   -4,   -4,  -20,  -12,  -12,   -4,   -8,   -8,
      -4,  -12,   -4,   -4,   -4,   -4,   -8,   -4,   -8,  -12,   -8,   -4,  -16,   -4,   -4,   -4,
      -4,   -4,   -8,   -4,   -4,   -8,   -4,  -12,   -8,   -4,   -4,  -20,  -12,  -16,  -16,  -12,
     -12,   -4,  -12,   -4,   -4,  -12,   -4,  -12,   -8,   -4,   -8,  -16,   -4,  -12,   -4,   -4,
      -4,   -4,   -4,   -8,   -4,   -4,  -12,   -4,   -8,   -4,    4,   -4,   -4,  -20,  -12,   -8,
     -12,   -8,   -8,   -4,   -8,   -4,   -4,   -4,   -4,   -8,   -4,   -4,  -12,  -16,   -4,  -20,
      -4,   -4,   -4,   -4,   -4,  -16,   -4,   -8,   -4,   -8,   -8,  -12,   -4,   -4,   -4,  -20,
      -8,  -12,   -8,  -12,  -12,   -4,  -20,   -4,   -4,  -12,   -8,  -16,   -8,   -4,  -16,  -12,
      -4,  -16,   -4,   -4,   -4,   -4,   -4,  -12,   -4,   -8,   -8,  -12,    4,   -8,   -4,  -12,
       4,   -8,   -4,   -8,   -8,   -8,   -4,   -8,   -8,    8,   -8,  -16,    4,   -8,  -20,    4,
      -4,  -32,   -4,   -4,   -4,   -4,   -8,   -4,   -4,    4,   -8,   -4,   -8,    4,  -20,   -4,
      -8,   -4,  -12,  -12,   -4,   -8,   -8,   -4,   -8,   -4,   -4,   -4,  -12,  -12,   -4,  -12,
      -4,   -4,   -4,   -4,   -4,   -4,   -4,  -16,    4,    8,   -4,   -4,  -20,    8,   -4,   -4,
      -4,   -8,   -8,   -4,   -4,   -4,    8,   -4,  -12,    4,   -8,  -28,    4,  -32,   -4,   -4,
      -4,   -4,    8,   -4,  -12,   12,  -12,  -12,  -24,    4,   -4,   -4,   -4,   -8,   -8,   -4,
      -4,    4,   -8,   -8,    4,   -8,   -4,   -8,  -12,   -4,   -4,   -4,   -8,   -8,    4,   -8,
     -16,    4,    8,   -8,   -8,  -20,    4,  -12,   -4,   -4,   -4,  -12,   -8,  -12,   -8,    4,
      -8,  -12,    4,   -8,   -8,  -12,   -8,   -8,   -4,   -8,   -8,   -4,   -4,    4,  -12,  -12,
      -8,  -12,   -4,   -4,   -4,  -20,  -12,  -16,  -16,   -8,   -8,   -4,  -12,   -4,   -4,  -12,
      -4,  -12,   -4,   -4,  -16,  -16,   -4,  -24,   -4,   -4,   -4,   -4,   -4,   -4,   -4,   -8,
     -12,  -12,    4,   -4,    8,   -4,   -4,  -20,    8,   -8,   -4,   -4,  -12,   -8,   -4,    4,
      -8,    4,   -4,   -4,    4,  -12,   -4,   -8,   -8,   -4,   -4,   -8,    8,
};

static const EpdFontData edslab_12_regular = {
    edslab_12_regularBitmaps,
    edslab_12_regularGlyphs,
    edslab_12_regularIntervals,
    55,
    31,
    23,
    -8,
    true,
    edslab_12_regularGroups,
    11,
    nullptr,
    nullptr,  // kernLeftClasses: built-in fonts use the split arrays below
    nullptr,  // kernRightClasses
    edslab_12_regularKernLeftCodepoints,
    edslab_12_regularKernLeftClassIds,
    edslab_12_regularKernRightCodepoints,
    edslab_12_regularKernRightClassIds,
    nullptr,  // kernMatrix: built-in fonts use the sparse form below
    edslab_12_regularKernRowOffsets,
    edslab_12_regularKernSparseCols,
    edslab_12_regularKernSparseValues,
    129,
    129,
    129,
    129,
    nullptr,
    0,
};
