/**
 * generated by fontconvert.py
 * name: edslab_16_bolditalic
 * size: 16
 * mode: 2-bit  compressed: true
 * Command used: fontconvert.py edslab_16_bolditalic 16 ../builtinFonts/source/EdsLab/EdsLab-BoldItalic.ttf --2bit --compress --pnum --zopfli
 */
#pragma once
#include "EpdFontData.h"

static const uint8_t edslab_16_bolditalicBitmaps[20956] = {
    0xB5, 0x5A, 0x47, 0xB8, 0xE5, 0x3C, 0x52, 0x2D, 0xDB, 0x4C, 0x9B, 0x19, 0x2F, 0x44, 0x4E, 0x13,
    0xB4, 0x24, 0xE3, 0x25, 0x19, 0x99, 0x9C, 0x73, 0xD8, 0xCE, 0x7E, 0xD5, 0xEC, 0x09, 0x36, 0x79,
    0x47, 0x66, 0x3D, 0xAC, 0xC9, 0x4B, 0xB2, 0x4C, 0xCE, 0x60, 0x72, 0xE6, 0x17, 0x39, 0xD3, 0xE2,
    0xFB, 0x3D, 0x1F, 0xEE, 0xBF, 0x6D, 0x17, 0x3A, 0x47, 0xD6, 0xBB, 0xDF, 0xED, 0x9E, 0x1C, 0xDE,
    0xBD, 0x3E, 0xC7, 0xEF, 0x5D, 0x5D, 0xA9, 0x4A, 0x2A, 0x95, 0xAA, 0xCA, 0x4F, 0xFA, 0x28, 0x2E,
    0x88, 0x5B, 0xF0, 0x1E, 0x67, 0xF1, 0xE9, 0x3D, 0x89, 0x0E, 0x7C, 0x4B, 0xA5, 0x52, 0x9F, 0xD2,
    0x1C, 0x7C, 0xEF, 0xD2, 0xA6, 0xF7, 0x26, 0xDD, 0x2A, 0x26, 0xBD, 0xA3, 0x54, 0x83, 0xD8, 0xF4,
    0xD5, 0x28, 0x63, 0xC4, 0xB7, 0xFB, 0x41, 0xCC, 0xB3, 0x3D, 0xBD, 0xED, 0xB3, 0x2D, 0xBD, 0xFB,
    0x27, 0xAB, 0x7B, 0x29, 0xF2, 0x1D, 0xDC, 0x9B, 0x16, 0x11, 0x51, 0x7C, 0x49, 0xAA, 0x53, 0xFA,
    0x20, 0xE8, 0xCE, 0xCD, 0xA4, 0x31, 0x51, 0xB7, 0x89, 0x1F, 0x04, 0x9F, 0xAB, 0x88, 0xD8, 0x98,
    0x1A, 0x89, 0x57, 0x55, 0x3D, 0x04, 0xA8, 0xFB, 0x1D, 0x6D, 0xE8, 0xC4, 0xA2, 0x93, 0x03, 0x9D,
    0x40, 0xAE, 0x71, 0x12, 0x48, 0xA5, 0x22, 0x3D, 0x9B, 0x88, 0xBB, 0xA3, 0x11, 0x78, 0x3E, 0x88,
    0xA0, 0x62, 0x13, 0xD5, 0x87, 0xF4, 0x4B, 0x91, 0x04, 0x9A, 0xDD, 0x3A, 0x49, 0xCD, 0x2A, 0x10,
    0xA5, 0x7E, 0x0E, 0x1F, 0xE9, 0x80, 0x2E, 0x74, 0x13, 0xB1, 0xE8, 0x9B, 0x9D, 0xCF, 0xA2, 0xDF,
    0x5B, 0xE9, 0x9C, 0x66, 0x2B, 0x75, 0xD6, 0xEC, 0x05, 0xC7, 0xA1, 0x4D, 0x58, 0x49, 0x7B, 0xE0,
    0x9B, 0x8D, 0x4E, 0x09, 0x6B, 0x3D, 0x87, 0x44, 0x94, 0x07, 0xD2, 0x06, 0x74, 0xA9, 0xBB, 0x80,
    0xD8, 0xCC, 0x9E, 0x6C, 0x7C, 0xCA, 0x47, 0x73, 0xB6, 0xDC, 0x04, 0x49, 0x3D, 0x05, 0xF5, 0x79,
    0xAA, 0x16, 0x19, 0x23, 0xE7, 0x67, 0xA1, 0x82, 0x22, 0x9D, 0xEA, 0x2A, 0x22, 0xAF, 0xE5, 0xF7,
    0xBB, 0x8D, 0xB8, 0x0A, 0xF5, 0x60, 0x8F, 0x5C, 0x41, 0x51, 0x9D, 0xBB, 0x5D, 0x5A, 0xD5, 0x60,
    0xA2, 0x98, 0xD3, 0x47, 0x17, 0xA4, 0x4F, 0xF7, 0xE3, 0x9C, 0xC4, 0x35, 0x51, 0xA7, 0x34, 0x96,
    0xF9, 0x5F, 0x68, 0x34, 0x99, 0x7F, 0x3C, 0xA0, 0x83, 0xFB, 0x6B, 0xA8, 0xA2, 0xFA, 0x07, 0x2B,
    0x45, 0xED, 0xA3, 0x88, 0xD1, 0xDD, 0x2D, 0xD0, 0x62, 0xF1, 0xD0, 0x46, 0x2A, 0x4D, 0xB7, 0x10,
    0xD7, 0x42, 0x84, 0x76, 0xF7, 0x50, 0xC5, 0x3C, 0xA5, 0x7A, 0xF6, 0xE5, 0xB3, 0x56, 0x11, 0xF7,
    0xC7, 0xBB, 0x24, 0xF2, 0xBF, 0xB1, 0x0A, 0xD6, 0xE0, 0x8B, 0xD7, 0xEA, 0x90, 0x5A, 0xBB, 0xAD,
    0xD9, 0x93, 0x4E, 0xED, 0xF9, 0x93, 0x9B, 0x98, 0xAD, 0x51, 0x0D, 0x58, 0x78, 0xD5, 0x49, 0x20,
    0xD6, 0x06, 0x15, 0xF4, 0x7B, 0x13, 0x7A, 0x5D, 0x31, 0x9C, 0xC6, 0xD4, 0x3B, 0xD1, 0x6C, 0xD5,
    0x4F, 0x09, 0x57, 0xF0, 0x39, 0xCC, 0x1A, 0xEF, 0xB7, 0x39, 0xF4, 0x2A, 0xFC, 0xEA, 0x64, 0x63,
    0x77, 0xE8, 0x62, 0x83, 0x8D, 0x63, 0xEC, 0x17, 0xB7, 0xB8, 0xD5, 0xCD, 0x49, 0xE5, 0xDD, 0xCD,
    0x7E, 0xEA, 0xCE, 0x71, 0xF0, 0x53, 0xA3, 0x2A, 0x3A, 0xD7, 0x7A, 0x60, 0x0B, 0xE8, 0xC6, 0x09,
    0x8E, 0xE2, 0xCE, 0x1F, 0xD5, 0x95, 0xCB, 0xCC, 0x79, 0x83, 0x4E, 0xFE, 0x6C, 0x54, 0xCC, 0x6A,
    0xA2, 0x4D, 0xAF, 0x3E, 0xB8, 0x05, 0x3D, 0x39, 0x4C, 0xC5, 0xFB, 0x60, 0xC8, 0x8F, 0x07, 0x28,
    0x17, 0xBB, 0x08, 0xE3, 0x42, 0x02, 0x9D, 0xB8, 0xA4, 0x90, 0x5E, 0x84, 0x3B, 0x80, 0x86, 0x2F,
    0x30, 0xA6, 0x9A, 0xED, 0xF7, 0xB2, 0x74, 0x66, 0x45, 0x8B, 0xC8, 0x6F, 0x02, 0x16, 0xB6, 0x2D,
    0xE0, 0xDF, 0x3E, 0xB0, 0x5D, 0xFE, 0x6E, 0x2C, 0xB3, 0xC3, 0x61, 0xBB, 0x83, 0x82, 0xD1, 0x7E,
    0x17, 0xB4, 0xC6, 0x27, 0x3D, 0x5A, 0x77, 0x83, 0xDC, 0xFD, 0xE0, 0x83, 0x7A, 0x2F, 0x6A, 0xD4,
    0x34, 0x5C, 0xBF, 0xB0, 0xC7, 0x22, 0x61, 0xC7, 0x8F, 0xD9, 0xE3, 0xC9, 0x36, 0x34, 0x06, 0xA1,
    0x4E, 0x6F, 0x0D, 0x4A, 0x93, 0xAC, 0xF1, 0x59, 0x3A, 0x68, 0x77, 0x4A, 0x58, 0x64, 0xCD, 0xBA,
    0x2F, 0x9C, 0x35, 0x7C, 0x81, 0xCD, 0xD8, 0xA2, 0x08, 0xA0, 0xF3, 0x25, 0x59, 0xBF, 0x43, 0x5F,
    0xB6, 0x9F, 0xF2, 0xEC, 0x97, 0x1F, 0x13, 0xD2, 0xB5, 0x48, 0xF7, 0xC6, 0x3F, 0x9F, 0xAC, 0xEA,
    0xEC, 0x54, 0x97, 0xC4, 0x43, 0xAB, 0x9B, 0xF4, 0x7A, 0x8A, 0xAA, 0x4E, 0xA3, 0xAA, 0x7C, 0x92,
    0x7E, 0x9A, 0x08, 0x04, 0xC1, 0x00, 0xAF, 0x4A, 0x42, 0xDA, 0x99, 0x53, 0x02, 0x9F, 0xD0, 0xD3,
    0x81, 0x94, 0x8B, 0xEE, 0xE3, 0xD6, 0xF6, 0x6B, 0x92, 0x16, 0xAB, 0xD9, 0xCD, 0x6E, 0x77, 0xB3,
    0x76, 0xB1, 0x5F, 0xFA, 0xE1, 0xD5, 0x2F, 0x7C, 0xA3, 0x1A, 0x6C, 0x70, 0x71, 0x8C, 0x2E, 0x7D,
    0x5A, 0xA6, 0xB5, 0x59, 0xA1, 0x71, 0xCC, 0x22, 0x62, 0xBC, 0x22, 0xFC, 0x28, 0x57, 0xF7, 0x15,
    0x67, 0x76, 0x7B, 0x6F, 0x37, 0xEB, 0xD1, 0xCC, 0xA1, 0xD9, 0x37, 0x03, 0x3E, 0x48, 0xF8, 0xF3,
    0x5A, 0x9A, 0x07, 0x37, 0x5A, 0x47, 0xB7, 0xD4, 0xD3, 0xEC, 0xC7, 0xB5, 0x55, 0xAC, 0x47, 0xA5,
    0x43, 0x73, 0xE2, 0x06, 0x6B, 0xE6, 0x67, 0xB3, 0xC2, 0xDC, 0x4C, 0x04, 0xDA, 0x00, 0xEC, 0x97,
    0x84, 0x93, 0x9B, 0x0B, 0xFA, 0x61, 0x4C, 0xA8, 0x74, 0xAE, 0xC4, 0xFA, 0x4C, 0xAD, 0x2E, 0xC7,
    0xDF, 0x6D, 0x58, 0x67, 0x1B, 0x79, 0x8A, 0x04, 0xB1, 0x7B, 0xAD, 0xB3, 0x18, 0x55, 0xE5, 0x5E,
    0xDF, 0x29, 0x48, 0x80, 0xA8, 0xDC, 0xCE, 0x4E, 0xF3, 0x35, 0xE2, 0x3A, 0xE9, 0xC0, 0x71, 0xA1,
    0x2F, 0x5E, 0x2D, 0xAE, 0x2D, 0xBB, 0x3E, 0x13, 0x6F, 0x17, 0x04, 0x83, 0x58, 0x0E, 0xD7, 0xCC,
    0x8B, 0xE2, 0x78, 0x5C, 0x83, 0x38, 0x3D, 0x64, 0xD4, 0x9D, 0x97, 0xD7, 0x9D, 0x73, 0x30, 0x15,
    0x17, 0xDF, 0xA9, 0x1E, 0xC5, 0xD1, 0xBB, 0x50, 0xEB, 0x80, 0x6F, 0xEB, 0x80, 0xEF, 0xFB, 0x82,
    0xDF, 0x8C, 0xB3, 0x52, 0xE8, 0xAC, 0xCB, 0x46, 0x16, 0xBB, 0x49, 0xD9, 0x60, 0x9D, 0x72, 0x67,
    0x9E, 0xBC, 0x5D, 0x13, 0x8E, 0x9C, 0x62, 0xDE, 0xB6, 0x3A, 0x65, 0x37, 0xD1, 0x46, 0x98, 0x7D,
    0xC7, 0x93, 0xD4, 0x24, 0x54, 0x28, 0x3E, 0xD2, 0xC5, 0x13, 0xE9, 0xEE, 0x21, 0x3B, 0x09, 0x38,
    0xF1, 0x83, 0x81, 0xC8, 0x11, 0x39, 0xEE, 0x18, 0x1E, 0xF6, 0xAB, 0xC9, 0x93, 0xB6, 0x42, 0x32,
    0xCE, 0x62, 0x83, 0xE6, 0xC0, 0xC0, 0xE9, 0x5D, 0x93, 0xC1, 0x7F, 0x9D, 0xE7, 0xB7, 0x3A, 0x62,
    0xF3, 0x1C, 0x72, 0x36, 0x2D, 0xE7, 0x53, 0x27, 0x88, 0x37, 0x06, 0xF8, 0x8D, 0x3C, 0xB8, 0x85,
    0x59, 0x94, 0x83, 0xC7, 0xF3, 0x48, 0xE3, 0xB7, 0x8A, 0xD3, 0x83, 0xFE, 0x3E, 0x41, 0x8D, 0x06,
    0x1D, 0xCC, 0xA9, 0x07, 0x8C, 0x09, 0x2A, 0x7D, 0x53, 0x90, 0xF6, 0xEC, 0x93, 0xA6, 0x38, 0x4B,
    0x5C, 0xC4, 0x94, 0xCE, 0x6E, 0x6E, 0x14, 0x27, 0xCF, 0x2E, 0x7E, 0xEA, 0xE1, 0x6B, 0x31, 0xCE,
    0x01, 0xD8, 0x47, 0x00, 0xE7, 0x17, 0x0B, 0x5E, 0xC6, 0x51, 0x74, 0x05, 0xA8, 0x01, 0x54, 0xAB,
    0xA3, 0x68, 0x26, 0xE1, 0x40, 0x2C, 0x2B, 0x47, 0x7F, 0x8B, 0xA9, 0x05, 0xCE, 0x37, 0x1C, 0x27,
    0xA0, 0x57, 0x08, 0x8B, 0xAF, 0x12, 0x03, 0xFE, 0x02, 0x59, 0xDF, 0x4F, 0xC6, 0xED, 0x36, 0x3B,
    0x2D, 0xB1, 0xC9, 0xB8, 0x5D, 0xB3, 0xF3, 0x5A, 0x5A, 0x98, 0x0E, 0x18, 0xC1, 0x2F, 0x55, 0x5E,
    0x1A, 0xFC, 0x4A, 0xB3, 0xB9, 0x9F, 0x9D, 0x56, 0x97, 0x32, 0x58, 0xC3, 0x8F, 0xB3, 0x84, 0x6E,
    0xAB, 0x95, 0xCE, 0x15, 0xF1, 0xD6, 0x20, 0x4A, 0xBF, 0x78, 0x72, 0xB8, 0x0F, 0x13, 0xB3, 0x8D,
    0x4F, 0x53, 0xC3, 0x67, 0x90, 0xAD, 0xA7, 0x6C, 0x4E, 0x21, 0x9B, 0x3B, 0x70, 0x44, 0x8E, 0x49,
    0xE3, 0x84, 0x33, 0x24, 0xF1, 0x13, 0x71, 0xC0, 0x6A, 0x79, 0x48, 0x85, 0x7B, 0x1B, 0xF1, 0xE9,
    0xB8, 0x88, 0x5B, 0xEB, 0xAB, 0x07, 0x0E, 0xBB, 0x17, 0x33, 0x90, 0xC7, 0x34, 0x12, 0xA5, 0xF2,
    0xC0, 0xA1, 0x02, 0x4A, 0x0D, 0xBC, 0xE9, 0x6B, 0xB6, 0x72, 0xCC, 0x96, 0x59, 0xA4, 0x85, 0x55,
    0xB9, 0x49, 0x8E, 0x3A, 0x5E, 0x68, 0xE2, 0xDF, 0x03, 0x4D, 0xE8, 0x91, 0xCE, 0x41, 0xAA, 0xBC,
    0xBA, 0x70, 0xDE, 0x90, 0xDE, 0x85, 0xF6, 0x48, 0x5F, 0xAE, 0x4F, 0x51, 0x58, 0xC5, 0x29, 0xD5,
    0x91, 0xA8, 0xD9, 0x2B, 0xC5, 0x62, 0xE9, 0xDC, 0x47, 0x29, 0x1B, 0x68, 0x82, 0x42, 0x4B, 0x9B,
    0x20, 0x9A, 0x43, 0xDC, 0xEA, 0x42, 0xD2, 0xC6, 0xC1, 0xF5, 0x8C, 0x93, 0x74, 0x6B, 0x02, 0x06,
    0x40, 0x7D, 0x1C, 0x63, 0xA5, 0x0B, 0x6D, 0x9B, 0xA6, 0x9D, 0x37, 0xC8, 0xC8, 0xA5, 0x7B, 0xFC,
    0x94, 0x1B, 0x86, 0x27, 0x02, 0x03, 0xAF, 0x34, 0xD0, 0xD4, 0xED, 0x49, 0xE4, 0xFA, 0x84, 0xC4,
    0x27, 0xBC, 0x8C, 0x12, 0xE0, 0x6B, 0xCE, 0x04, 0xF5, 0x69, 0x63, 0xD2, 0xC9, 0xAE, 0x62, 0x76,
    0x93, 0x64, 0xDD, 0x61, 0x9A, 0x5B, 0xA3, 0xE8, 0x55, 0xF5, 0x49, 0x94, 0xD7, 0x3E, 0x35, 0xE1,
    0x93, 0xE1, 0x97, 0xE0, 0x46, 0x66, 0x85, 0x73, 0x4C, 0x62, 0x9E, 0x10, 0x79, 0x13, 0x07, 0xE1,
    0x8D, 0x2A, 0x14, 0xFF, 0x27, 0x11, 0xF9, 0x05, 0x9C, 0x98, 0x0D, 0xDE, 0x5C, 0x90, 0xAF, 0x90,
    0xE7, 0x7E, 0x5E, 0x0C, 0xC5, 0xEB, 0xB5, 0xDB, 0x0D, 0x5E, 0x31, 0x7D, 0x76, 0x6B, 0xF7, 0x15,
    0xDD, 0x6A, 0xB7, 0x7E, 0xEB, 0x11, 0xBF, 0x2C, 0x6E, 0x78, 0x43, 0xF9, 0x7A, 0x02, 0xBB, 0x5C,
    0x61, 0x81, 0xD5, 0x29, 0xDD, 0x6C, 0xF7, 0x37, 0x79, 0x33, 0x0B, 0x6D, 0x86, 0x3E, 0x83, 0x7F,
    0xE3, 0xE6, 0x96, 0x5E, 0x69, 0xDD, 0xFC, 0x68, 0x2B, 0xD6, 0x52, 0x45, 0xEC, 0x3D, 0xEC, 0xE4,
    0xE1, 0x3A, 0x11, 0xEF, 0x4E, 0xC7, 0x51, 0x4F, 0x6C, 0xB0, 0x72, 0x46, 0x71, 0x6B, 0xE8, 0xC6,
    0x7E, 0x87, 0xD2, 0xEF, 0x78, 0xDE, 0x76, 0x0D, 0x7F, 0x5F, 0xF3, 0x30, 0xFC, 0xE0, 0xFE, 0xA6,
    0x3F, 0x4B, 0xC8, 0xF3, 0x09, 0xD7, 0x29, 0x16, 0xA4, 0xBA, 0x96, 0x51, 0x27, 0xA3, 0x4A, 0x9B,
    0xF0, 0x8B, 0x9B, 0xC5, 0xDD, 0x00, 0x71, 0x9B, 0xA7, 0x1A, 0x0C, 0x92, 0x21, 0x02, 0x87, 0x98,
    0xAF, 0x00, 0xD2, 0xC5, 0x62, 0xA3, 0x2A, 0x37, 0xF7, 0x93, 0x01, 0xAB, 0x50, 0xA2, 0xB6, 0x83,
    0x5E, 0xAF, 0x68, 0xDE, 0x42, 0x0C, 0x3A, 0xFB, 0xA7, 0xA0, 0x2A, 0xBB, 0x94, 0x2B, 0x8A, 0xBC,
    0xF2, 0x9A, 0x41, 0x1A, 0x1A, 0xF4, 0x2C, 0x06, 0x5F, 0xF6, 0x21, 0x09, 0xFF, 0xE8, 0x14, 0xC8,
    0x38, 0x8D, 0xBA, 0x98, 0xAD, 0x52, 0xB8, 0xB6, 0x76, 0x6F, 0xF6, 0x06, 0x76, 0xB3, 0x77, 0x6B,
    0xB3, 0x99, 0xF4, 0x9B, 0x89, 0xCD, 0xD6, 0xEE, 0xF5, 0x61, 0x97, 0xE6, 0x9F, 0xC0, 0x49, 0x8D,
    0xC7, 0xBA, 0xD5, 0xBB, 0x43, 0x04, 0xBB, 0x36, 0xFB, 0x38, 0xD8, 0x8B, 0x5D, 0x30, 0xB1, 0xDD,
    0xFC, 0x30, 0x4E, 0x26, 0x76, 0xD1, 0x0F, 0x3E, 0xF5, 0x6E, 0x12, 0xEB, 0x67, 0x6A, 0xEC, 0x17,
    0x3F, 0x79, 0xD5, 0x57, 0x74, 0x1A, 0xE7, 0x31, 0x27, 0x4A, 0x8B, 0x3D, 0x3F, 0x5B, 0xF7, 0x4B,
    0xE5, 0x25, 0x9F, 0x5F, 0xE5, 0x10, 0xF9, 0x28, 0xA1, 0xB8, 0x1F, 0xCA, 0x03, 0xF9, 0x52, 0x63,
    0xA4, 0x29, 0xCB, 0xE5, 0x72, 0xB1, 0x49, 0x68, 0xA9, 0x54, 0x70, 0xBE, 0x63, 0xD5, 0xE5, 0xE2,
    0x40, 0xEE, 0x34, 0x92, 0xED, 0xC5, 0xEE, 0x49, 0xE6, 0x11, 0x59, 0x86, 0x20, 0x41, 0xE0, 0xD8,
    0xB5, 0x5E, 0x1E, 0xF7, 0x20, 0x23, 0x47, 0x38, 0xB2, 0x73, 0x60, 0xE0, 0xC8, 0xD3, 0x98, 0xC3,
    0xCC, 0x15, 0xF9, 0xF2, 0x58, 0x35, 0x78, 0xE0, 0x7E, 0xA5, 0x60, 0x06, 0x8C, 0x98, 0x8E, 0x31,
    0x0A, 0xBD, 0x0A, 0x2F, 0x3F, 0xD1, 0x60, 0x9C, 0x6E, 0x68, 0x3A, 0x8C, 0x0F, 0xBC, 0x42, 0x25,
    0x66, 0x1D, 0x26, 0x71, 0x3E, 0x89, 0x49, 0x0C, 0x83, 0x72, 0xEF, 0xA4, 0x19, 0xA1, 0x8C, 0xF8,
    0x44, 0xCC, 0x95, 0x68, 0x0B, 0x37, 0x6A, 0x49, 0x8C, 0x47, 0x94, 0x4E, 0xB9, 0xD5, 0x2C, 0xCC,
    0x9E, 0x69, 0xCB, 0xC4, 0xE0, 0xA2, 0x9C, 0x51, 0x0C, 0x2F, 0x16, 0x7E, 0x81, 0xA1, 0x53, 0x21,
    0x0A, 0xAE, 0x94, 0x19, 0xBA, 0xC3, 0xB1, 0xEF, 0x94, 0x48, 0xD7, 0x2C, 0xCA, 0x42, 0x42, 0x8B,
    0x2C, 0x2D, 0xD4, 0xE7, 0x01, 0x8C, 0x29, 0xA0, 0xEF, 0xA3, 0xEF, 0x5F, 0xB1, 0x3F, 0xFB, 0xAD,
    0xC2, 0x1F, 0xB7, 0xD4, 0x53, 0x42, 0xC3, 0x78, 0xC9, 0x32, 0x52, 0xC2, 0x29, 0x59, 0x7D, 0xEF,
    0xDD, 0xC9, 0x38, 0x00, 0x35, 0x23, 0xA0, 0xE0, 0x40, 0xCC, 0x6D, 0x52, 0xFB, 0x57, 0xC3, 0x64,
    0xB0, 0x9F, 0x56, 0xFC, 0xDE, 0x63, 0xDB, 0x5D, 0xDA, 0xD1, 0xE3, 0x51, 0x10, 0xA4, 0xF9, 0x14,
    0x0A, 0x82, 0xFF, 0xD3, 0xC5, 0xE8, 0x68, 0xD4, 0x72, 0xE8, 0x72, 0x5A, 0x38, 0x9D, 0x63, 0xBA,
    0x1A, 0x1E, 0x91, 0x57, 0x78, 0x97, 0x99, 0x27, 0x64, 0xBB, 0xE5, 0xB1, 0x3B, 0x6A, 0x98, 0x78,
    0xCD, 0x6C, 0x22, 0x25, 0xBE, 0x67, 0x45, 0xF8, 0x47, 0x66, 0x08, 0xC8, 0x04, 0x7D, 0xC9, 0x7D,
    0x3B, 0x48, 0xB4, 0x67, 0x66, 0x1C, 0x4B, 0x8B, 0x60, 0x57, 0x38, 0xC8, 0x39, 0xCD, 0x7A, 0x89,
    0xB9, 0x5F, 0x62, 0xC6, 0x8B, 0x87, 0x32, 0xD5, 0x45, 0x8F, 0x58, 0xE8, 0xD2, 0x86, 0xB4, 0x70,
    0x3C, 0x9B, 0x2D, 0xA4, 0xBF, 0xB3, 0x90, 0x0F, 0x1E, 0xAE, 0x80, 0x22, 0xAB, 0x83, 0x45, 0x20,
    0x19, 0x76, 0x42, 0x0A, 0x24, 0x7A, 0x64, 0x10, 0x2D, 0xE4, 0x76, 0x2E, 0x52, 0xEC, 0x1B, 0x21,
    0xA4, 0x5E, 0x29, 0x7B, 0x0B, 0x1A, 0xA4, 0x7B, 0x51, 0x22, 0x92, 0xA7, 0x60, 0x6F, 0x45, 0xEA,
    0xFC, 0x21, 0xC5, 0xB5, 0x8B, 0x34, 0x45, 0x6A, 0xD2, 0xBD, 0xD4, 0xDD, 0x7B, 0x46, 0x6A, 0x12,
    0xA4, 0xBE, 0x59, 0x9B, 0xD3, 0x03, 0x84, 0x68, 0xFC, 0x46, 0x1E, 0xC4, 0xEA, 0x0B, 0x9D, 0xEA,
    0x48, 0x29, 0x69, 0x5A, 0x79, 0x4B, 0xB9, 0x03, 0xC5, 0x0F, 0x0D, 0x49, 0x66, 0x98, 0x48, 0x7D,
    0x34, 0xCC, 0x0B, 0x3A, 0x66, 0x04, 0xAC, 0xF9, 0xFC, 0x94, 0x4D, 0x48, 0x23, 0xE0, 0xF0, 0x18,
    0x86, 0xB8, 0x27, 0x4C, 0x83, 0x8C, 0x17, 0xA2, 0x3D, 0xB0, 0x5B, 0x1D, 0x34, 0x89, 0x2E, 0x02,
    0x2D, 0x16, 0x2E, 0x18, 0x1D, 0x6A, 0x9D, 0xE9, 0x58, 0xE8, 0x07, 0xF7, 0x2C, 0x48, 0x11, 0x0A,
    0x82, 0xF3, 0x88, 0x23, 0x9F, 0x14, 0xDD, 0x3D, 0xF0, 0x41, 0x5B, 0x10, 0xCD, 0xF6, 0x5D, 0x15,
    0x7B, 0x3E, 0xC9, 0xFC, 0x5B, 0x5B, 0xD2, 0x98, 0x2D, 0x73, 0x97, 0x99, 0x1A, 0xEA, 0x76, 0xF1,
    0x7A, 0x63, 0x7B, 0x19, 0x64, 0x4F, 0x41, 0xF3, 0x0C, 0x9B, 0x90, 0xE7, 0xD6, 0x92, 0xB3, 0xBA,
    0xE3, 0x2D, 0xE5, 0x21, 0xFB, 0x81, 0xFC, 0xD6, 0xC4, 0xF4, 0x17, 0x13, 0x70, 0x95, 0xBC, 0xE8,
    0x85, 0x74, 0x6B, 0x7B, 0xE7, 0xD2, 0xAD, 0xF1, 0xAD, 0xA4, 0x5B, 0x3C, 0x20, 0xB9, 0x9A, 0x0B,
    0xDD, 0xC5, 0x4C, 0x7C, 0x21, 0x4A, 0x1F, 0x07, 0xA0, 0x7F, 0xC1, 0x17, 0x9D, 0x25, 0xF5, 0x82,
    0x74, 0xC4, 0x12, 0xA8, 0xBF, 0xE6, 0x7B, 0x81, 0xFD, 0x02, 0x29, 0x11, 0xF1, 0xAD, 0x40, 0x13,
    0x81, 0x36, 0x00, 0x99, 0x7C, 0x54, 0xF7, 0x81, 0x31, 0xEB, 0x63, 0x25, 0x5F, 0xA3, 0x95, 0xE8,
    0x79, 0x11, 0x44, 0xBE, 0xA4, 0x4F, 0x6F, 0xAC, 0xA7, 0xE5, 0xD2, 0x31, 0xCD, 0x6B, 0x90, 0xBB,
    0x82, 0x78, 0x62, 0xB6, 0xBB, 0xDB, 0x40, 0x4F, 0x79, 0xF6, 0x75, 0xCF, 0xE8, 0x30, 0x0D, 0xB4,
    0x22, 0xC5, 0x4C, 0x8C, 0x77, 0x4E, 0x26, 0x6E, 0xFD, 0xD6, 0x80, 0x5C, 0x68, 0x0E, 0xEA, 0x5D,
    0x17, 0xA2, 0xFE, 0x54, 0xCF, 0x27, 0xFA, 0xF0, 0x44, 0x43, 0xA5, 0x6E, 0x86, 0x1C, 0x2C, 0x61,
    0xEC, 0x89, 0xF2, 0x5C, 0x72, 0xE9, 0x68, 0x0D, 0xF8, 0xB0, 0x20, 0x3E, 0x2A, 0x58, 0xDF, 0x66,
    0xE9, 0x3E, 0xCD, 0xCB, 0x78, 0x5F, 0x37, 0xBC, 0x47, 0xAE, 0x2A, 0xD7, 0xF5, 0xAD, 0x25, 0x52,
    0xF5, 0xCE, 0xF3, 0x29, 0xE1, 0x20, 0xCD, 0xE6, 0x68, 0xB4, 0x23, 0x70, 0x25, 0x46, 0x5F, 0x1C,
    0x0E, 0xDB, 0x27, 0x74, 0x57, 0x96, 0x8D, 0xDF, 0x30, 0x73, 0xF9, 0x7C, 0xA5, 0xFF, 0x80, 0xA5,
    0x61, 0x92, 0xD8, 0xB8, 0xC6, 0x3C, 0x79, 0x85, 0xB4, 0x98, 0x75, 0x34, 0x63, 0xE3, 0x96, 0xFA,
    0xB5, 0xAF, 0xA8, 0xD8, 0x67, 0x3B, 0xE5, 0xD7, 0xC9, 0xFD, 0xE3, 0x4E, 0x1D, 0xFC, 0xAC, 0xBF,
    0xB2, 0x53, 0x76, 0xF7, 0x8F, 0xDA, 0x6E, 0xBC, 0xEB, 0x75, 0xEF, 0x56, 0xDE, 0x19, 0x8D, 0x66,
    0xA5, 0x4E, 0x9D, 0x2E, 0x26, 0x52, 0xAF, 0x46, 0x07, 0xDE, 0xB9, 0xA5, 0x3E, 0xA0, 0x2C, 0x35,
    0xFB, 0x1A, 0xE9, 0xF3, 0x1D, 0x9B, 0x50, 0xCF, 0xF2, 0xAB, 0xBF, 0xDD, 0x0D, 0x97, 0x27, 0xE3,
    0x84, 0xF7, 0x59, 0x0D, 0x38, 0x8C, 0xDB, 0x1D, 0x3E, 0xF0, 0xE5, 0x0E, 0x28, 0x97, 0xA7, 0x98,
    0xAF, 0x2D, 0xB8, 0x88, 0x23, 0x47, 0xB6, 0x60, 0xF8, 0xAB, 0xD0, 0x7C, 0xCF, 0x9E, 0x42, 0x8F,
    0xEC, 0x29, 0x54, 0xB3, 0xA7, 0x38, 0x75, 0xC8, 0x3B, 0x50, 0x67, 0x70, 0xD2, 0x77, 0x01, 0xC3,
    0x5D, 0xB5, 0x1B, 0x75, 0x5D, 0xF3, 0xAE, 0x34, 0xBB, 0x59, 0xA9, 0xE7, 0x61, 0x62, 0xD6, 0x12,
    0x9C, 0x74, 0xD4, 0x37, 0x46, 0x8A, 0xAF, 0x4F, 0x02, 0x18, 0x22, 0x40, 0x3B, 0x88, 0x44, 0xDD,
    0x2C, 0x19, 0x59, 0x74, 0xF6, 0x14, 0xAD, 0x4E, 0xD4, 0xA5, 0xD1, 0x81, 0x5C, 0xE9, 0x40, 0x8D,
    0x4A, 0x4D, 0xFC, 0xCC, 0xAB, 0xAA, 0x81, 0x52, 0xEA, 0x7E, 0xB9, 0x27, 0x9E, 0xE4, 0x9D, 0x4E,
    0x82, 0xEE, 0x93, 0xB0, 0x8A, 0x56, 0x81, 0xF6, 0xD6, 0x5F, 0x6B, 0x10, 0x6D, 0x14, 0x8A, 0xBC,
    0x90, 0xDC, 0x9C, 0x69, 0x22, 0x8D, 0x20, 0x1B, 0x38, 0xC5, 0xFD, 0x42, 0x42, 0xCD, 0x96, 0x13,
    0x4E, 0xD2, 0x61, 0xA4, 0xED, 0xF0, 0xE4, 0xEE, 0x76, 0xD6, 0x1D, 0xDC, 0x8A, 0x2C, 0xE2, 0xD1,
    0x55, 0x0F, 0xD0, 0x89, 0xBE, 0xE5, 0x78, 0x90, 0x4F, 0x5A, 0xB8, 0xEB, 0x12, 0x87, 0x90, 0x74,
    0xB8, 0x8B, 0xA3, 0x22, 0x77, 0xCA, 0x98, 0xE8, 0x60, 0x68, 0x90, 0xE7, 0xB8, 0x50, 0xCB, 0x99,
    0xE6, 0x76, 0xB1, 0x91, 0xFB, 0xC5, 0x2D, 0x68, 0xF5, 0x88, 0xB5, 0xAB, 0xE2, 0x49, 0xCA, 0x14,
    0x04, 0x2E, 0xF5, 0xD3, 0xB7, 0x7A, 0x02, 0x4E, 0xEF, 0xEC, 0x09, 0x58, 0xA1, 0x9C, 0xC0, 0x4E,
    0x57, 0x29, 0x9A, 0x99, 0xAC, 0x83, 0x3B, 0x99, 0xBC, 0xF8, 0x20, 0xA2, 0xAC, 0x55, 0x89, 0x8B,
    0xF4, 0x27, 0x36, 0x5E, 0x95, 0x65, 0x13, 0x49, 0x36, 0x70, 0x97, 0xF4, 0x0B, 0xA9, 0x4C, 0x79,
    0x21, 0x4E, 0x39, 0xAA, 0x0A, 0x53, 0xBF, 0x24, 0xB2, 0x2C, 0x71, 0xA7, 0xAE, 0xFC, 0x84, 0x62,
    0xDD, 0x9B, 0x35, 0xDD, 0x4A, 0xA7, 0x87, 0xD8, 0x9D, 0x3B, 0xD2, 0xE8, 0xD0, 0x68, 0xCC, 0x01,
    0xF7, 0x4C, 0x6F, 0xCE, 0x91, 0x31, 0xF3, 0x03, 0x8E, 0xC6, 0xF1, 0x97, 0x28, 0x79, 0xFF, 0x0F,
    0x24, 0xAB, 0x24, 0x56, 0xC2, 0x98, 0x56, 0x14, 0xC5, 0xDF, 0xB9, 0xE5, 0x28, 0xF4, 0xEE, 0x2C,
    0x87, 0xD9, 0x40, 0x73, 0xBB, 0x93, 0x1A, 0xD0, 0x38, 0x35, 0xD9, 0xD5, 0xD6, 0xFA, 0x9A, 0x81,
    0xAE, 0xD6, 0x84, 0xEC, 0x6A, 0x97, 0x7C, 0x5E, 0xCD, 0x20, 0xA7, 0x5C, 0x0E, 0xB3, 0x96, 0xB4,
    0xA7, 0xB9, 0x86, 0x29, 0xB5, 0xB9, 0x85, 0xCF, 0x68, 0x02, 0xA3, 0xCF, 0x05, 0x3B, 0xB7, 0x87,
    0x27, 0x07, 0xA2, 0x77, 0xC6, 0xF9, 0xA5, 0x02, 0x28, 0x97, 0x34, 0xF8, 0x12, 0xE6, 0x30, 0xD7,
    0x1F, 0xD9, 0xCC, 0xEA, 0xD5, 0x18, 0x4F, 0x16, 0x34, 0xF5, 0x04, 0x74, 0x98, 0x62, 0x20, 0x1E,
    0x7E, 0x85, 0x92, 0x08, 0xAC, 0x54, 0x6E, 0xA1, 0xC1, 0x17, 0xA1, 0xA8, 0xBC, 0xCE, 0x17, 0x59,
    0xD2, 0xD4, 0x93, 0x06, 0x6A, 0x3D, 0x0E, 0x6E, 0x42, 0xCD, 0x48, 0xDC, 0x90, 0x8B, 0x46, 0xD4,
    0x08, 0x14, 0x6F, 0x54, 0x3C, 0xBF, 0xF4, 0x17, 0xBD, 0x8D, 0x38, 0x6E, 0xBC, 0x59, 0x31, 0x25,
    0x7E, 0x91, 0x30, 0x17, 0xA5, 0x08, 0x06, 0xD5, 0xD7, 0x1B, 0xB1, 0x94, 0x47, 0xE3, 0x87, 0x16,
    0x33, 0xD8, 0xE4, 0x13, 0x0E, 0x3C, 0xF8, 0xCC, 0x72, 0x1D, 0x8C, 0x99, 0x47, 0x1E, 0x38, 0x1C,
    0x91, 0xFC, 0x90, 0x1D, 0xC8, 0x03, 0x77, 0x2B, 0x47, 0xA5, 0x32, 0x75, 0xE1, 0x83, 0xCC, 0xEF,
    0xD8, 0x40, 0xA6, 0x7A, 0xED, 0x46, 0xE6, 0x34, 0x90, 0x63, 0xE2, 0x98, 0xEF, 0xED, 0x4A, 0x35,
    0x91, 0xAF, 0x57, 0x39, 0xAF, 0xFC, 0x21, 0xD6, 0xCE, 0x5A, 0xDA, 0x56, 0xDE, 0x89, 0xE1, 0x72,
    0x82, 0x03, 0x7D, 0x22, 0xD6, 0x00, 0xFA, 0xEC, 0x68, 0x33, 0xB9, 0xBB, 0x04, 0x13, 0xFA, 0x90,
    0x59, 0x7B, 0xC8, 0x29, 0x87, 0xF0, 0x12, 0xCD, 0xD9, 0x09, 0x75, 0xD9, 0xF9, 0x19, 0xE4, 0xE1,
    0xE0, 0x7D, 0x20, 0x43, 0x7D, 0x5A, 0xB9, 0x4E, 0xE0, 0x80, 0xAF, 0x41, 0xC8, 0x92, 0x1F, 0x23,
    0xEA, 0xA5, 0xF3, 0x8F, 0xE4, 0x95, 0x5F, 0x43, 0xC1, 0x6B, 0xCE, 0x87, 0xBD, 0x0E, 0xE4, 0x53,
    0x41, 0x3C, 0x5C, 0x32, 0x6F, 0x64, 0x1E, 0xBC, 0xA5, 0x26, 0xC3, 0xE5, 0x99, 0x2F, 0x1E, 0x8A,
    0x3E, 0x4D, 0x7A, 0x73, 0x89, 0x36, 0xE9, 0xF2, 0x2D, 0xB4, 0x32, 0x07, 0x6F, 0xBD, 0x46, 0xB1,
    0x07, 0x74, 0xE5, 0x5E, 0x72, 0xB8, 0x96, 0xBC, 0x83, 0x71, 0xCD, 0xD4, 0x52, 0x35, 0xF7, 0xC7,
    0x40, 0x9A, 0x73, 0xC0, 0xC2, 0xA7, 0x96, 0x65, 0x4C, 0x42, 0x96, 0xFC, 0xCE, 0x6C, 0x9A, 0x74,
    0xE1, 0xAD, 0x8D, 0x3A, 0x5C, 0x73, 0xE0, 0x82, 0x1F, 0xA8, 0x8F, 0x9B, 0x71, 0x12, 0x50, 0x36,
    0xB7, 0xF8, 0x69, 0xFC, 0x16, 0x15, 0xDE, 0xAA, 0x8C, 0xBF, 0x72, 0x64, 0xBF, 0x73, 0xCA, 0xF8,
    0x1B, 0xD9, 0xF7, 0xBC, 0xBC, 0x8B, 0xCB, 0x55, 0x06, 0xFB, 0x6C, 0x2B, 0x85, 0x07, 0xC3, 0x53,
    0x77, 0xE6, 0x2D, 0x0B, 0xAC, 0x13, 0x6F, 0x79, 0x36, 0xE3, 0x8E, 0xE7, 0x57, 0x7F, 0xF2, 0xB6,
    0xD5, 0x52, 0x68, 0x4F, 0xD2, 0x96, 0x2A, 0x7F, 0xB6, 0xA3, 0x52, 0xD4, 0x58, 0xC5, 0x69, 0x90,
    0x3E, 0x71, 0x3E, 0xD6, 0x23, 0xBC, 0x46, 0x61, 0x66, 0x98, 0x20, 0xE9, 0x63, 0xA3, 0x1C, 0x67,
    0xEB, 0xAE, 0x12, 0x7C, 0x1F, 0x73, 0xB7, 0xE3, 0x92, 0x97, 0x41, 0xAF, 0x6D, 0x74, 0x92, 0xC4,
    0x6F, 0x99, 0xC7, 0x98, 0x59, 0xC9, 0xF4, 0xC0, 0x59, 0xC8, 0x83, 0xDC, 0xFF, 0x9F, 0x92, 0xC7,
    0x3F, 0xBA, 0x9C, 0xCC, 0xA4, 0x73, 0x96, 0xD6, 0x2F, 0x1C, 0x8E, 0x25, 0x1E, 0x40, 0xBF, 0xCA,
    0x25, 0x6A, 0x64, 0xDC, 0xE5, 0xC0, 0x14, 0x39, 0x50, 0xD4, 0xFC, 0xB7, 0x23, 0x6F, 0xC6, 0x3D,
    0xEF, 0x45, 0x92, 0x27, 0x0D, 0x82, 0xF7, 0x74, 0x3B, 0xD6, 0x2F, 0x47, 0xBA, 0x5C, 0xCF, 0x2F,
    0x5D, 0xA0, 0x31, 0x7A, 0x9E, 0x2A, 0x4F, 0xF5, 0x26, 0x23, 0x2D, 0xED, 0x66, 0x68, 0xD5, 0x65,
    0x5F, 0x45, 0x5D, 0x62, 0x75, 0xE7, 0x2E, 0xEA, 0xCB, 0x42, 0x2F, 0xDA, 0xE5, 0xE6, 0x2E, 0xEA,
    0x42, 0xE5, 0x09, 0xC7, 0x2D, 0x25, 0x9F, 0xEF, 0x68, 0x2A, 0x89, 0xBB, 0x67, 0xC1, 0x0E, 0x84,
    0x09, 0x38, 0x59, 0x7C, 0x63, 0x0F, 0x53, 0xDE, 0x15, 0xC0, 0xB2, 0xB0, 0x63, 0xE0, 0x50, 0x6F,
    0xF1, 0xA3, 0x22, 0x7C, 0xD6, 0x08, 0xC8, 0x1A, 0x20, 0xE7, 0xB6, 0xEC, 0x9B, 0x2E, 0xF2, 0x23,
    0x13, 0xF9, 0x91, 0x09, 0xE2, 0xEE, 0xAA, 0x03, 0xA4, 0x59, 0x7C, 0x26, 0x86, 0x7D, 0x46, 0x77,
    0xDA, 0x50, 0xBF, 0x30, 0xE9, 0xBE, 0x4F, 0xA0, 0x06, 0x8A, 0x2D, 0xCA, 0x8B, 0xB2, 0x57, 0xCF,
    0xE5, 0x64, 0xCD, 0x26, 0x2C, 0x00, 0x74, 0xB8, 0x4A, 0x4E, 0x06, 0xEF, 0x85, 0xEB, 0xB9, 0x2E,
    0xDD, 0xAD, 0x4B, 0x61, 0xF9, 0x9F, 0x6B, 0x3E, 0xC8, 0xA7, 0xC9, 0x21, 0xA7, 0xFC, 0xA2, 0x78,
    0x19, 0xD3, 0xCB, 0x89, 0x1B, 0xD2, 0x6B, 0xEA, 0xD3, 0xCB, 0xCE, 0x78, 0x99, 0xD9, 0x2C, 0xE9,
    0x15, 0xBA, 0xD0, 0xC5, 0x36, 0xBD, 0x9A, 0xD8, 0xAC, 0xE9, 0xB5, 0xD5, 0x5B, 0xBD, 0x57, 0xBB,
    0x6C, 0xF2, 0x15, 0x0C, 0xD9, 0x3B, 0x3A, 0xBE, 0xFD, 0x1D, 0x93, 0xED, 0x9D, 0x51, 0xF7, 0x6D,
    0x77, 0xD9, 0x73, 0x7A, 0x31, 0xB7, 0x0F, 0xCF, 0xE4, 0xC7, 0xDB, 0x33, 0xF9, 0xE9, 0x7A, 0x1C,
    0x67, 0x9F, 0x20, 0xDC, 0xFD, 0x9E, 0x28, 0x72, 0x62, 0x8D, 0xF6, 0x26, 0xC9, 0x1B, 0x9B, 0x1D,
    0xA7, 0xF5, 0x81, 0x89, 0x51, 0xF1, 0x18, 0xFC, 0x1B, 0x45, 0x3E, 0x3D, 0x27, 0x87, 0xEE, 0x82,
    0x13, 0x70, 0xC8, 0xB8, 0x8C, 0xC1, 0xF1, 0xD5, 0x07, 0x9B, 0x5E, 0x26, 0xD0, 0x4B, 0x70, 0x0F,
    0x89, 0x22, 0x3E, 0x06, 0xD4, 0x7B, 0x73, 0x64, 0x90, 0xBE, 0xFC, 0xAD, 0x03, 0xD8, 0x95, 0x29,
    0x29, 0x32, 0xD2, 0xC9, 0xAC, 0x49, 0xDB, 0xF1, 0xCD, 0x32, 0x3E, 0x2B, 0xC3, 0xF4, 0xFA, 0x44,
    0xA5, 0x3D, 0x53, 0x93, 0x9A, 0x52, 0x43, 0xE0, 0xB6, 0x00, 0xE6, 0xA7, 0x1C, 0xB5, 0x7E, 0x28,
    0xA0, 0x72, 0x41, 0x75, 0x12, 0x3C, 0x13, 0x6A, 0x3A, 0x64, 0x1D, 0x00, 0x73, 0x12, 0xC2, 0x2F,
    0x18, 0x75, 0x49, 0xA3, 0xF6, 0x01, 0x33, 0xB5, 0x14, 0x70, 0x78, 0x76, 0x3B, 0xF2, 0xA9, 0xC9,
    0xD0, 0x6F, 0x2D, 0xC5, 0xD8, 0x01, 0x49, 0x34, 0xDA, 0xA9, 0x7D, 0xCA, 0x1D, 0x12, 0xAE, 0xF4,
    0xC6, 0xAB, 0x0E, 0x35, 0xF6, 0x54, 0x7B, 0xD2, 0x41, 0x27, 0x19, 0x6C, 0x94, 0xC7, 0xA9, 0x33,
    0x8A, 0x77, 0x0F, 0x8B, 0xA4, 0x41, 0xD7, 0x34, 0xBC, 0xD5, 0x7C, 0x84, 0x47, 0x48, 0x85, 0x35,
    0x7E, 0x7A, 0xAB, 0x24, 0xD9, 0x43, 0x4A, 0x11, 0xFF, 0xFE, 0x21, 0xDF, 0x0D, 0x92, 0xEC, 0x5C,
    0x68, 0x1E, 0xCF, 0x95, 0xBE, 0x14, 0xD1, 0x61, 0x84, 0x2C, 0x81, 0x67, 0x6F, 0x92, 0x65, 0x5C,
    0xCC, 0x06, 0x65, 0xA0, 0x51, 0xBF, 0xE4, 0x07, 0xD0, 0x04, 0x3F, 0x24, 0x50, 0xE6, 0x3D, 0x49,
    0x96, 0x4E, 0xB9, 0xA6, 0x81, 0x55, 0xAB, 0x56, 0x4F, 0xF4, 0x12, 0x18, 0x81, 0x53, 0xCB, 0xEF,
    0xA5, 0xF3, 0x56, 0xDD, 0x6B, 0x7D, 0x72, 0xA0, 0xC6, 0x6E, 0x62, 0x75, 0x5A, 0xD5, 0xA3, 0x4F,
    0x17, 0x66, 0x86, 0x17, 0x4B, 0xC9, 0xD5, 0xE2, 0x62, 0xB7, 0x22, 0x14, 0x37, 0xAA, 0x4B, 0x4B,
    0xF7, 0x82, 0x53, 0xBF, 0x83, 0x12, 0xCC, 0x6A, 0x73, 0xA1, 0xCA, 0xA3, 0x98, 0xC6, 0x1A, 0x9A,
    0x9B, 0x12, 0x3C, 0xBA, 0x69, 0xC3, 0xC7, 0xCC, 0x80, 0x35, 0xBB, 0x32, 0x02, 0x0F, 0xFA, 0xE7,
    0x67, 0x73, 0xBC, 0x5F, 0x76, 0x95, 0x17, 0x96, 0xFD, 0xB5, 0x0C, 0x8D, 0x18, 0xC6, 0x02, 0x7C,
    0x44, 0x14, 0x82, 0xB6, 0xAC, 0x32, 0x04, 0x8C, 0xC2, 0x38, 0x1D, 0x68, 0x8E, 0xC7, 0x67, 0x48,
    0x43, 0x74, 0x1B, 0x63, 0xDF, 0x84, 0xE3, 0xD0, 0xAE, 0xC0, 0x2E, 0x62, 0x18, 0x0B, 0xFC, 0x67,
    0xBF, 0x5C, 0x35, 0x64, 0x1A, 0x13, 0x0E, 0xE8, 0xF0, 0x50, 0x2D, 0x60, 0xDC, 0xDA, 0x94, 0xAA,
    0x0D, 0x5C, 0xD7, 0x2B, 0x34, 0xED, 0x85, 0x31, 0x29, 0x74, 0xBD, 0xC2, 0x33, 0xCF, 0xE7, 0xFC,
    0x3E, 0xC0, 0x65, 0x8E, 0x74, 0x7F, 0xAE, 0x3C, 0xA6, 0x3D, 0x98, 0xCE, 0x40, 0xA7, 0x2B, 0x66,
    0x51, 0x0A, 0x5B, 0x90, 0xDA, 0xDD, 0x97, 0x77, 0x88, 0x2F, 0x3E, 0xA5, 0x2E, 0xB5, 0x96, 0xBC,
    0xBD, 0xD8, 0x35, 0x91, 0x67, 0x74, 0x0D, 0x8C, 0x0C, 0xC3, 0x17, 0xDC, 0xB3, 0xAC, 0x72, 0xFF,
    0x7F, 0x5A, 0xF9, 0xDF, 0x19, 0x06, 0xF4, 0xA4, 0x08, 0x86, 0x2D, 0x56, 0x74, 0xE8, 0x89, 0x4E,
    0x63, 0x46, 0x1E, 0x00, 0x7C, 0xEE, 0xF3, 0xF3, 0xCD, 0xD9, 0x9E, 0xC9, 0x34, 0x18, 0x27, 0xBA,
    0x7D, 0xDC, 0xFD, 0xDE, 0x6E, 0xED, 0xD6, 0xAD, 0x26, 0xE2, 0x65, 0x03, 0xFF, 0xC9, 0x68, 0x4F,
    0xAF, 0xC3, 0xFC, 0x13, 0x15, 0x18, 0xB8, 0x9E, 0xCC, 0x52, 0x47, 0x70, 0xD2, 0xF9, 0x55, 0x98,
    0xBE, 0x85, 0x57, 0xAB, 0x33, 0x2F, 0x2E, 0x72, 0xAE, 0x93, 0x51, 0xF3, 0x72, 0x41, 0x76, 0xBA,
    0xF9, 0xB7, 0x5D, 0x7E, 0x7B, 0x5F, 0x8B, 0xD3, 0x7C, 0x11, 0xC7, 0x43, 0xAF, 0x6C, 0x2D, 0x1E,
    0xC7, 0x34, 0x0D, 0xC0, 0xA7, 0xBE, 0xED, 0xAD, 0x15, 0x1F, 0xE0, 0x65, 0x55, 0xB1, 0xFF, 0xAA,
    0xA7, 0xF4, 0x7F, 0x0E, 0xF8, 0x6B, 0x54, 0x03, 0x7F, 0x07, 0xB3, 0xF7, 0x04, 0x66, 0xA2, 0x11,
    0xB0, 0x5D, 0x79, 0xA9, 0x12, 0x7E, 0x05, 0xA1, 0x71, 0x9D, 0xE0, 0xAC, 0xCE, 0x9F, 0x71, 0x1A,
    0x55, 0x47, 0x0D, 0x7A, 0x24, 0xF0, 0xAB, 0xD7, 0xA5, 0x9F, 0xF8, 0x10, 0x73, 0x6E, 0xF9, 0x16,
    0xEE, 0x4D, 0x28, 0xAA, 0x03, 0x54, 0x54, 0x28, 0x59, 0xA7, 0xF7, 0x01, 0x99, 0xEE, 0xFE, 0xDB,
    0x30, 0x5E, 0x6F, 0x68, 0xB7, 0xB0, 0x68, 0xF7, 0x5F, 0xE2, 0x58, 0xF3, 0xB5, 0x1B, 0x66, 0xB6,
    0xD2, 0xCF, 0x3F, 0x3F, 0xF3, 0x32, 0xC3, 0xBF, 0xD6, 0x8D, 0x0C, 0x89, 0x5A, 0xF2, 0xC1, 0xD2,
    0xED, 0xDE, 0x80, 0x67, 0xB3, 0xF2, 0xE9, 0xC2, 0x64, 0xE0, 0xEC, 0x19, 0x51, 0x92, 0x07, 0x1B,
    0xC0, 0x9A, 0xFA, 0xA7, 0x09, 0xC0, 0x37, 0xA7, 0xAE, 0xC9, 0x6B, 0x12, 0x2C, 0x31, 0xDC, 0xA4,
    0xC6, 0x71, 0x37, 0x2A, 0x50, 0xA8, 0xF0, 0x96, 0x38, 0xE9, 0xA6, 0x1B, 0x8D, 0x83, 0xE6, 0x01,
    0x79, 0x74, 0x6A, 0xF4, 0x89, 0x46, 0x48, 0xB2, 0xB5, 0x14, 0xC6, 0xAD, 0x6D, 0x82, 0x99, 0xBB,
    0x22, 0x81, 0x67, 0xE6, 0x35, 0xA4, 0x51, 0x14, 0x3A, 0x22, 0xC4, 0xAD, 0x08, 0xA7, 0xD8, 0xE8,
    0x34, 0xDA, 0x33, 0xF5, 0xDE, 0x03, 0xAC, 0xA6, 0xFE, 0x0D, 0x8D, 0xFE, 0x7A, 0x1C, 0x6C, 0x2F,
    0x1F, 0x3C, 0xC1, 0xEF, 0xCD, 0xF0, 0x7B, 0xC1, 0x6C, 0xD2, 0xA3, 0x90, 0x62, 0x63, 0xBF, 0xE4,
    0x1C, 0xDE, 0x86, 0x04, 0x7D, 0x7E, 0xCC, 0xC9, 0x54, 0xC1, 0xAD, 0x8D, 0x8A, 0xD5, 0x9C, 0x56,
    0xAD, 0x37, 0x1F, 0x0C, 0x0B, 0xE9, 0x37, 0x38, 0x5E, 0xD5, 0x84, 0xCA, 0x30, 0xE0, 0xDA, 0xD6,
    0xC3, 0x18, 0x60, 0x73, 0x7D, 0xC4, 0x6A, 0xD8, 0x58, 0x56, 0x63, 0xC5, 0x52, 0xF0, 0xF0, 0x28,
    0xE5, 0xD4, 0x88, 0x34, 0xA5, 0xC7, 0x08, 0x02, 0x2F, 0xC9, 0x7E, 0x56, 0x22, 0xCE, 0xD9, 0x27,
    0x4F, 0x9F, 0x7F, 0xA2, 0x24, 0x05, 0xE9, 0x6B, 0x79, 0x6E, 0xDE, 0x21, 0xF3, 0xA7, 0xEF, 0x09,
    0xEC, 0xA0, 0x82, 0x30, 0x3C, 0xC3, 0xCC, 0x51, 0x29, 0xBC, 0xBB, 0xC2, 0xBB, 0xFB, 0x9B, 0x63,
    0x4F, 0x7D, 0x03, 0x66, 0x02, 0x56, 0x2B, 0xB6, 0x87, 0x38, 0xAA, 0x4A, 0x3B, 0x00, 0x88, 0xFF,
    0x4F, 0x5A, 0xF9, 0x8B, 0xA6, 0x5E, 0x43, 0xEF, 0xE6, 0x01, 0x5A, 0x3D, 0xA5, 0xD2, 0xCF, 0xC2,
    0xB1, 0xF9, 0x52, 0x1E, 0x37, 0xB4, 0x00, 0x71, 0x2B, 0xAC, 0x6F, 0xA6, 0xDD, 0x3E, 0x1E, 0xA0,
    0xF0, 0x0B, 0x87, 0x2F, 0xE1, 0xA4, 0x0E, 0xF0, 0xA8, 0x04, 0xE8, 0xE7, 0x01, 0xF2, 0xF8, 0xC4,
    0xA9, 0x19, 0x3A, 0xD5, 0x68, 0x5E, 0xF1, 0xAB, 0x0D, 0x26, 0xF6, 0xF1, 0xD1, 0x0F, 0xDB, 0x73,
    0x10, 0x43, 0xB3, 0x65, 0x90, 0xBA, 0xBC, 0x5F, 0xE5, 0x83, 0x17, 0x1B, 0x60, 0x8D, 0xD0, 0x1A,
    0xA7, 0x6D, 0xCE, 0x8A, 0x83, 0xF0, 0xA7, 0xBD, 0x77, 0x10, 0xD5, 0xE5, 0x20, 0x58, 0x41, 0xE4,
    0xC5, 0x4A, 0xF0, 0xCD, 0x39, 0xDC, 0x1C, 0x84, 0xD8, 0xF8, 0xDA, 0x19, 0xDE, 0x29, 0xBD, 0x66,
    0x17, 0xDC, 0xDC, 0xE7, 0x7F, 0x77, 0x60, 0xD8, 0x59, 0xC3, 0x73, 0x1C, 0x8D, 0x86, 0x31, 0xC1,
    0x32, 0xEE, 0x6D, 0x1A, 0x1A, 0x90, 0x43, 0x95, 0x2D, 0x69, 0x8D, 0x2A, 0xC1, 0xC4, 0xFF, 0x2C,
    0x49, 0xA0, 0x62, 0x09, 0x48, 0x3F, 0xFB, 0x50, 0x9F, 0x09, 0xBA, 0x23, 0x1F, 0xAC, 0xAC, 0x45,
    0x74, 0x00, 0xA8, 0x32, 0x61, 0xDF, 0x68, 0x78, 0x78, 0x7B, 0x5D, 0xF8, 0x9E, 0x9B, 0x13, 0x5D,
    0xE0, 0x48, 0x5E, 0xA0, 0x04, 0x32, 0x05, 0xFD, 0x4C, 0x2A, 0xF5, 0x6D, 0x2C, 0xC2, 0xFC, 0x0E,
    0x8F, 0xB2, 0x97, 0xB2, 0x7D, 0x04, 0xE2, 0x4C, 0x8B, 0x19, 0x1E, 0x8E, 0x07, 0xB3, 0x13, 0x37,
    0x7E, 0x08, 0xDF, 0xAB, 0x3B, 0xF6, 0xCD, 0x9A, 0xD9, 0xAD, 0x56, 0x37, 0x8C, 0xB5, 0x59, 0x5D,
    0xD3, 0x68, 0xBA, 0xF1, 0x5F, 0x36, 0x6A, 0xDD, 0x3B, 0x44, 0x63, 0x8D, 0xEE, 0x98, 0x13, 0xED,
    0x74, 0x77, 0x21, 0xF1, 0x97, 0x3F, 0x3B, 0x46, 0xC8, 0xF0, 0x93, 0x2F, 0x1F, 0xF9, 0x01, 0xDF,
    0x1F, 0xAB, 0xF2, 0x1C, 0xFF, 0x65, 0xA5, 0xFB, 0x4C, 0x46, 0xC1, 0x81, 0xCE, 0x8A, 0x16, 0xDA,
    0xEF, 0x15, 0xA5, 0xB2, 0x9B, 0x50, 0x2E, 0xCC, 0xC9, 0x90, 0x53, 0x02, 0x5D, 0x6A, 0x0D, 0x0D,
    0xAC, 0x27, 0x1A, 0xDC, 0xEF, 0x3D, 0x9E, 0x57, 0x1E, 0x7E, 0xA1, 0x8D, 0xB1, 0x11, 0x37, 0xB4,
    0xAE, 0x40, 0x26, 0x20, 0xE8, 0xB3, 0xA4, 0x46, 0x46, 0x99, 0x49, 0xBD, 0x8C, 0xDD, 0xC4, 0xC1,
    0x47, 0x15, 0xE0, 0x2E, 0x63, 0xC2, 0x08, 0xE7, 0xD7, 0x30, 0x72, 0x79, 0xC0, 0x4E, 0x8F, 0x46,
    0xD7, 0xA4, 0x08, 0x0C, 0x9C, 0x95, 0x83, 0x9A, 0x4F, 0x98, 0x6E, 0x8F, 0xC1, 0x9A, 0x23, 0x57,
    0x40, 0xF8, 0x90, 0x57, 0xDD, 0x9C, 0x83, 0x7E, 0x22, 0x65, 0x38, 0x88, 0xFB, 0x2D, 0xB5, 0x71,
    0x81, 0x38, 0x97, 0x5D, 0xFB, 0x11, 0xCC, 0xAC, 0xDD, 0x77, 0x51, 0x34, 0xBD, 0x2D, 0x0A, 0x54,
    0xBB, 0xF6, 0x55, 0x7E, 0x88, 0x43, 0xE0, 0x7E, 0x25, 0xB4, 0x6B, 0xAB, 0xD2, 0x46, 0x8B, 0x08,
    0x1B, 0x9A, 0x32, 0xD1, 0x62, 0x80, 0xD4, 0xA3, 0x13, 0xBF, 0x78, 0x38, 0x1A, 0x45, 0xF9, 0xA0,
    0x04, 0xD7, 0xAA, 0x7B, 0x06, 0x7F, 0xD5, 0xC3, 0x16, 0x11, 0xF8, 0xA3, 0x73, 0xC8, 0xD1, 0x7E,
    0x2C, 0xFF, 0xDE, 0xC9, 0xA4, 0xE6, 0x85, 0xC4, 0x86, 0xD7, 0xC4, 0xE4, 0xE1, 0xD1, 0x29, 0xA5,
    0x24, 0x2C, 0xAF, 0xDD, 0xF3, 0x3F, 0x43, 0xD6, 0xBC, 0xEE, 0x12, 0x88, 0xBB, 0x7C, 0x84, 0x5D,
    0xCE, 0x17, 0xA3, 0x9A, 0x7E, 0xE6, 0xEF, 0xF1, 0x5C, 0xBA, 0xFB, 0x17, 0xF8, 0x72, 0x28, 0xE5,
    0x73, 0x29, 0x1F, 0x69, 0x0F, 0xA7, 0x9A, 0x94, 0x53, 0x8D, 0x47, 0xDA, 0xF1, 0xCE, 0x7D, 0x5B,
    0x3A, 0xE8, 0x77, 0xB0, 0xE0, 0x00, 0x45, 0x6E, 0x17, 0x26, 0xEE, 0xB8, 0x29, 0xC2, 0x48, 0xE0,
    0xA6, 0x04, 0xAF, 0x96, 0x81, 0xD9, 0xC4, 0x5A, 0xBD, 0x49, 0xF7, 0xFD, 0x7D, 0xC2, 0xC7, 0xAB,
    0x74, 0xA7, 0xEC, 0xF2, 0x2E, 0xB9, 0xC2, 0xB2, 0x68, 0xC8, 0x7F, 0xE6, 0xCF, 0x2F, 0xC8, 0xD7,
    0x5B, 0x7D, 0x29, 0x3A, 0xD5, 0xF0, 0x4D, 0xED, 0xC9, 0x23, 0xEE, 0xFF, 0x01, 0xA4, 0x95, 0x37,
    0xB0, 0xE5, 0x48, 0x15, 0x86, 0x3F, 0xA9, 0x99, 0x55, 0xD0, 0x41, 0xE3, 0x3D, 0x28, 0x0F, 0x28,
    0xA5, 0x1B, 0xBD, 0x16, 0xDE, 0x7B, 0x48, 0xB0, 0x39, 0x36, 0xC4, 0xBF, 0x56, 0x9E, 0xF0, 0xF2,
    0x00, 0xEF, 0x5D, 0x1E, 0xBC, 0x37, 0xDD, 0xBB, 0xE4, 0x55, 0xA2, 0xC8, 0x8B, 0xC6, 0x7B, 0xE8,
    0xAA, 0x15, 0x3B, 0x62, 0x47, 0xEA, 0x43, 0xB7, 0xEE, 0xAD, 0x5B, 0x33, 0x31, 0xAA, 0xF3, 0x7F,
    0x7F, 0x95, 0xEC, 0x7F, 0x8E, 0x1C, 0x03, 0x48, 0x68, 0x6A, 0x4D, 0x08, 0x3C, 0x9F, 0x4A, 0xA1,
    0x29, 0x95, 0x69, 0x77, 0x54, 0xA9, 0x8D, 0xEE, 0x28, 0xBD, 0x62, 0x96, 0x5A, 0x7D, 0xAA, 0x35,
    0x24, 0x6C, 0xC4, 0xCE, 0xB8, 0x52, 0x01, 0x1F, 0x80, 0xBE, 0x62, 0x98, 0x00, 0x57, 0xA0, 0x65,
    0x05, 0xF7, 0x40, 0x68, 0x44, 0x64, 0x54, 0x05, 0x93, 0xDE, 0xEF, 0xBB, 0xD1, 0xA4, 0xDD, 0xD3,
    0xC7, 0xFD, 0x1E, 0xC3, 0x53, 0x1B, 0xD8, 0x03, 0x4F, 0xAF, 0x05, 0xBF, 0x5C, 0x6E, 0xB0, 0xCF,
    0xFC, 0x67, 0x67, 0x10, 0xD9, 0xE8, 0x45, 0x56, 0x74, 0xF6, 0x91, 0x56, 0x64, 0x82, 0x61, 0x01,
    0xCC, 0xE5, 0x3A, 0xB4, 0x75, 0x65, 0x2F, 0x09, 0xAC, 0x2C, 0xE0, 0xFF, 0x5D, 0x20, 0xEF, 0x4C,
    0x05, 0x26, 0x16, 0x34, 0x53, 0x6D, 0x82, 0xDA, 0x06, 0x38, 0xC9, 0x15, 0x3B, 0x78, 0xD9, 0xCE,
    0xD0, 0x2B, 0x05, 0x0B, 0x60, 0xD2, 0x63, 0xE8, 0x23, 0x30, 0x1C, 0x98, 0x01, 0x1B, 0xA8, 0x81,
    0x04, 0xFB, 0x6C, 0xC5, 0x83, 0x02, 0x27, 0x92, 0x31, 0x02, 0x0C, 0x19, 0x30, 0x2B, 0x8F, 0x2D,
    0x01, 0x85, 0x4A, 0xF4, 0xA1, 0x7B, 0x4E, 0xFC, 0xD4, 0x8A, 0x64, 0x10, 0x59, 0x20, 0xEB, 0x44,
    0xBB, 0xAA, 0x05, 0x95, 0x4E, 0x48, 0xA8, 0xD5, 0x44, 0x94, 0x48, 0x40, 0x8B, 0x44, 0xAC, 0xC8,
    0x82, 0xBF, 0xF7, 0xC6, 0x8D, 0x27, 0x21, 0x02, 0x80, 0x95, 0x5D, 0x8B, 0x04, 0x2B, 0x9B, 0x11,
    0x99, 0xDC, 0xC9, 0xFC, 0x61, 0x23, 0xB5, 0x26, 0x8A, 0x5A, 0x01, 0x7C, 0xE8, 0x36, 0xC0, 0xCE,
    0x66, 0xAD, 0x16, 0x87, 0xA3, 0x9F, 0xE4, 0x02, 0x60, 0x16, 0x19, 0x01, 0x9D, 0x05, 0xA0, 0x93,
    0x0D, 0xE8, 0xE5, 0x08, 0x37, 0x9C, 0xCC, 0x16, 0xDB, 0x4F, 0xB6, 0x5D, 0xCC, 0x15, 0x5B, 0xC1,
    0x9F, 0x0C, 0xB5, 0x43, 0xB5, 0xAD, 0xB2, 0x11, 0x49, 0x40, 0x7B, 0xB1, 0x08, 0xA8, 0xB3, 0x6D,
    0x6A, 0xEB, 0x56, 0xBD, 0x98, 0xC5, 0x24, 0x93, 0xFA, 0xD8, 0xC7, 0x61, 0xB6, 0x81, 0xF3, 0x52,
    0xD7, 0x1D, 0x6B, 0xCA, 0x3A, 0x1B, 0xDC, 0xE4, 0x27, 0x3F, 0x0A, 0x3C, 0x21, 0x13, 0x56, 0x12,
    0x22, 0x6B, 0xB3, 0xB7, 0x9B, 0x4A, 0xCD, 0x5A, 0xB4, 0xA8, 0x05, 0x94, 0x64, 0x5A, 0x91, 0xD0,
    0x89, 0x44, 0xF3, 0x2B, 0x97, 0x4C, 0xD0, 0xA9, 0x0F, 0x2A, 0xF5, 0xFF, 0x7D, 0xE7, 0x3C, 0x88,
    0x84, 0x3A, 0x8D, 0x56, 0x64, 0x7A, 0x31, 0x43, 0xB8, 0xA6, 0x9F, 0xEE, 0xB0, 0xA3, 0x97, 0x8C,
    0x95, 0x0D, 0x2D, 0x37, 0xC0, 0x70, 0x6D, 0xB3, 0xBD, 0x7D, 0xDE, 0xF3, 0x81, 0xCF, 0xFF, 0x95,
    0x53, 0xF7, 0x33, 0xE0, 0x8F, 0xCE, 0xBA, 0x3C, 0xEA, 0x0C, 0x7D, 0x04, 0x3F, 0xE2, 0x46, 0x18,
    0x42, 0xB3, 0xE1, 0xA3, 0x89, 0x2A, 0x69, 0xD9, 0xBA, 0xA4, 0x67, 0xFB, 0xA7, 0x5C, 0x2E, 0x58,
    0xA2, 0xE6, 0x76, 0x19, 0x9A, 0x5D, 0xED, 0xCD, 0x72, 0x55, 0xBB, 0x6C, 0x96, 0xAF, 0xA9, 0xB5,
    0xBD, 0x69, 0x96, 0x5B, 0xBD, 0x40, 0x9B, 0xB6, 0x6A, 0xEA, 0x6C, 0xB1, 0xDA, 0x57, 0xF5, 0xBC,
    0x75, 0x5B, 0xB3, 0x99, 0x70, 0xA7, 0xF2, 0x47, 0xD3, 0x30, 0xBA, 0x46, 0xA4, 0xE4, 0xB4, 0xA3,
    0xCB, 0xCD, 0xC6, 0x10, 0xEE, 0xBD, 0xAF, 0x4B, 0x98, 0x05, 0x6C, 0x40, 0xE5, 0xF1, 0x09, 0x81,
    0xE6, 0x3C, 0xF2, 0x41, 0x64, 0x02, 0x5A, 0xF9, 0x0B, 0x80, 0x9F, 0x50, 0x92, 0xE8, 0x8A, 0xF4,
    0xDF, 0x4F, 0x6E, 0x8A, 0xEC, 0x5B, 0x23, 0xB6, 0xFF, 0x03, 0x56, 0x56, 0xEA, 0x38, 0xFA, 0x22,
    0x54, 0x33, 0xD1, 0xEB, 0x09, 0x37, 0x8C, 0x4D, 0xF6, 0x63, 0x27, 0xC2, 0x20, 0x3B, 0x4E, 0x96,
    0xE2, 0x1B, 0x46, 0x76, 0xD4, 0xB3, 0x1B, 0xED, 0xB2, 0x41, 0x7A, 0x12, 0x9E, 0xFF, 0x62, 0xAC,
    0xC8, 0xEA, 0x8A, 0xBC, 0xC8, 0x52, 0x94, 0x40, 0x17, 0x99, 0xAA, 0x58, 0x35, 0x88, 0x60, 0x2F,
    0xCA, 0x00, 0x9F, 0xFE, 0x5E, 0xE5, 0xAB, 0x4E, 0x29, 0xEB, 0x71, 0xD0, 0x9D, 0x9F, 0xAB, 0x9D,
    0x4E, 0x46, 0xFC, 0x0C, 0x3E, 0xD4, 0x76, 0xFE, 0x30, 0xCC, 0xAA, 0xD8, 0x6E, 0x92, 0x7E, 0xA6,
    0xB8, 0x4E, 0xFD, 0xFC, 0x35, 0x6C, 0xB7, 0x0C, 0xE1, 0x0E, 0xAB, 0x16, 0x3B, 0xDE, 0x72, 0xAD,
    0x16, 0x87, 0xC8, 0xA6, 0x92, 0x2F, 0xB6, 0x74, 0x29, 0x37, 0x22, 0x93, 0x4E, 0x65, 0xE4, 0x0E,
    0x13, 0x73, 0x9B, 0x2C, 0x7D, 0x10, 0x95, 0xEC, 0x97, 0x6C, 0xF0, 0x76, 0x1F, 0x76, 0x8F, 0xF3,
    0xBB, 0xD9, 0x8F, 0x5B, 0xDD, 0xFD, 0x79, 0x63, 0x48, 0x54, 0x99, 0x4C, 0x5B, 0x67, 0x20, 0xCF,
    0xF9, 0x0C, 0x48, 0x0D, 0x76, 0x19, 0x66, 0xF3, 0x8B, 0x1B, 0xC0, 0xC9, 0xE8, 0x04, 0x2F, 0x88,
    0x00, 0x5D, 0xEA, 0xD7, 0xAB, 0xDB, 0xAB, 0xD5, 0xA6, 0xFE, 0x06, 0x50, 0x6B, 0x51, 0xED, 0xA5,
    0x48, 0x27, 0x94, 0x48, 0xA8, 0xEA, 0x44, 0xA6, 0xA2, 0x91, 0x3E, 0xC0, 0x50, 0x64, 0xAB, 0x26,
    0x78, 0x09, 0x75, 0xB8, 0x35, 0xC4, 0x45, 0xE8, 0x0C, 0x4E, 0x02, 0x22, 0x73, 0xBB, 0xEA, 0xD8,
    0x2E, 0x5D, 0x6C, 0xA3, 0x9E, 0x39, 0x0E, 0xF6, 0xC5, 0xF6, 0x62, 0xE9, 0x18, 0x92, 0x59, 0x7A,
    0x86, 0x69, 0xB8, 0x0C, 0xD7, 0x9D, 0x9E, 0xF7, 0x59, 0x9D, 0x14, 0x68, 0x32, 0xE8, 0x15, 0x86,
    0x08, 0x7E, 0x03, 0x11, 0xF8, 0x81, 0x8C, 0x30, 0x1C, 0x7A, 0x39, 0x96, 0xCC, 0x7D, 0xDC, 0x71,
    0xED, 0x84, 0x96, 0x11, 0x95, 0x4C, 0xEC, 0x83, 0x1D, 0x3D, 0xA8, 0x5D, 0x49, 0x3C, 0x38, 0xF3,
    0xE9, 0xAD, 0x93, 0x80, 0x3F, 0x28, 0x2B, 0xF6, 0xA0, 0x9B, 0x90, 0x05, 0x3F, 0x35, 0x92, 0xF0,
    0x63, 0x5B, 0x28, 0x9C, 0xA8, 0x24, 0x36, 0x07, 0x55, 0xA6, 0x93, 0xA8, 0xF7, 0xC2, 0xB2, 0x44,
    0x5D, 0x39, 0x9B, 0x87, 0x07, 0x7F, 0xEB, 0xA3, 0x9F, 0xCC, 0x0C, 0xD0, 0x1F, 0x1C, 0x42, 0xA5,
    0x3D, 0x71, 0xBA, 0x10, 0x37, 0x56, 0xFA, 0x0A, 0x3E, 0x0C, 0xE7, 0x47, 0x67, 0x41, 0x44, 0x52,
    0x57, 0x61, 0x0A, 0xA2, 0x2D, 0x98, 0x5D, 0x85, 0x2F, 0x08, 0x17, 0x4C, 0xAE, 0xC2, 0x16, 0x8C,
    0x7D, 0x01, 0x5D, 0x05, 0x2F, 0x76, 0x1E, 0x70, 0x19, 0xB8, 0xBF, 0x03, 0x79, 0x7B, 0x14, 0x4D,
    0x5E, 0xA1, 0x7D, 0xB8, 0x80, 0x7A, 0x98, 0x1E, 0x45, 0xF7, 0x30, 0x82, 0x96, 0xB9, 0xE0, 0xDF,
    0x33, 0xF7, 0xC6, 0x61, 0x76, 0xB1, 0xB4, 0x11, 0x2C, 0x7A, 0x31, 0x69, 0x28, 0x83, 0xBB, 0xA3,
    0x91, 0xA9, 0x95, 0xB1, 0x15, 0xB0, 0x47, 0x5D, 0xC3, 0x1D, 0x6C, 0xE7, 0x6A, 0x56, 0xDA, 0x05,
    0x95, 0x18, 0x04, 0x2B, 0xB8, 0x5C, 0xF7, 0x47, 0x4B, 0x5D, 0xB1, 0xE0, 0xDA, 0x95, 0xBB, 0x66,
    0x65, 0x6B, 0x16, 0x36, 0x95, 0xC8, 0x9F, 0x8C, 0x78, 0x09, 0x38, 0x91, 0xE2, 0x72, 0xBC, 0x9E,
    0xDD, 0xD3, 0x11, 0xFD, 0xFB, 0x84, 0x7E, 0xB0, 0x61, 0x24, 0xD3, 0x9D, 0xFE, 0x95, 0x53, 0x2F,
    0x99, 0x41, 0x56, 0xEC, 0x6F, 0x22, 0x57, 0xFD, 0xC8, 0x17, 0x5F, 0x77, 0xBC, 0x9E, 0x94, 0x30,
    0x80, 0x12, 0x2E, 0xC4, 0x1E, 0xBC, 0x3E, 0x78, 0x77, 0xF0, 0xF6, 0xE0, 0x76, 0x61, 0xCD, 0xF9,
    0x7C, 0x6A, 0xD4, 0xEB, 0x83, 0x19, 0x54, 0x6A, 0x37, 0x1D, 0x6D, 0xEE, 0x52, 0x1F, 0x5D, 0x36,
    0xD1, 0xCD, 0x2E, 0x0F, 0x4F, 0x49, 0x00, 0xD7, 0x55, 0xEE, 0xE6, 0xDF, 0x01, 0xB5, 0xD9, 0x6F,
    0x4E, 0x74, 0x29, 0x0F, 0x23, 0xE6, 0xD7, 0x9B, 0x05, 0xFB, 0x75, 0x91, 0x84, 0x37, 0x95, 0x7B,
    0x61, 0x54, 0x2B, 0xDC, 0xA1, 0x13, 0x5A, 0x82, 0x09, 0x18, 0x09, 0xED, 0x54, 0xF9, 0x7F, 0xE6,
    0xBC, 0x7A, 0x24, 0xA7, 0x48, 0x28, 0x39, 0x45, 0x52, 0xC9, 0x29, 0x3F, 0x5D, 0x4A, 0xCE, 0xBD,
    0x5D, 0xC1, 0xD5, 0xB1, 0xB2, 0x7F, 0xEF, 0xF8, 0x89, 0xA2, 0x23, 0x5D, 0xC2, 0x05, 0xCC, 0xDC,
    0x09, 0xD8, 0xC9, 0xAE, 0xE0, 0x1B, 0x99, 0x60, 0xEF, 0xD6, 0x2E, 0xA8, 0x55, 0x47, 0x1D, 0x74,
    0x32, 0x52, 0x73, 0xFE, 0xAF, 0x5B, 0xF3, 0x06, 0xD2, 0x54, 0x39, 0xE2, 0xF8, 0xC0, 0x19, 0x24,
    0x11, 0x20, 0xEF, 0x25, 0x22, 0x45, 0x32, 0xE4, 0x81, 0x6A, 0xB8, 0x7A, 0xB9, 0x7C, 0xAE, 0x3C,
    0xDA, 0xBC, 0x64, 0xE0, 0x25, 0xF2, 0xDE, 0xC4, 0x72, 0x91, 0x7C, 0xA4, 0xF0, 0x0A, 0x22, 0x79,
    0x83, 0x7C, 0xB8, 0xC8, 0xE4, 0x3B, 0x27, 0xF1, 0xDE, 0xB1, 0x5A, 0xA0, 0x35, 0xBF, 0xEA, 0x3E,
    0xDE, 0x79, 0x6F, 0x97, 0x3A, 0xFA, 0xFF, 0xDD, 0xB7, 0x7C, 0xDD, 0xFD, 0xEF, 0x86, 0xE9, 0xE9,
    0x19, 0xA2, 0x6C, 0xD3, 0xB6, 0xE4, 0x31, 0xD6, 0x61, 0x01, 0x3E, 0xC8, 0xD1, 0xE9, 0xEC, 0x45,
    0xE7, 0x0D, 0x14, 0x4D, 0x64, 0xB5, 0x21, 0x3D, 0x71, 0x71, 0xEF, 0xE8, 0x90, 0xF6, 0x07, 0x9E,
    0xEF, 0x57, 0xB8, 0x62, 0x4D, 0x3E, 0xE0, 0xDB, 0x66, 0xC9, 0x19, 0x1D, 0x43, 0x35, 0x16, 0xDC,
    0xBB, 0x43, 0x2A, 0xF2, 0x3C, 0xBF, 0xE8, 0x34, 0x9E, 0x25, 0xF1, 0x9C, 0x89, 0x67, 0x4E, 0x3C,
    0x5D, 0x79, 0x7D, 0x3C, 0x93, 0xDB, 0xC6, 0x93, 0x78, 0x60, 0x70, 0xC1, 0xF6, 0x4B, 0x02, 0xAF,
    0x93, 0xDA, 0xE9, 0x28, 0x75, 0xFD, 0x6C, 0xC6, 0x0F, 0xF1, 0x8F, 0xFC, 0x34, 0x17, 0x58, 0x2D,
    0x51, 0x07, 0x04, 0x73, 0x52, 0x53, 0xCE, 0x7A, 0x41, 0xD5, 0xC6, 0x98, 0x35, 0x7D, 0xD7, 0x3A,
    0x8F, 0x68, 0xDA, 0x6E, 0x48, 0x18, 0x15, 0x75, 0x14, 0x5A, 0x1C, 0x3E, 0xB9, 0x84, 0x11, 0x94,
    0xE3, 0x75, 0x0A, 0xCE, 0xD7, 0x8A, 0x55, 0x8B, 0xE4, 0xA6, 0xBE, 0x06, 0x65, 0xC7, 0x01, 0x88,
    0x16, 0x47, 0x40, 0x67, 0x6B, 0xFC, 0xFC, 0x48, 0xB1, 0xF9, 0x03, 0x0E, 0x33, 0x6D, 0x9B, 0x81,
    0x54, 0x98, 0xBD, 0x30, 0x56, 0x29, 0x16, 0xB3, 0xCE, 0x36, 0xCA, 0xA0, 0xE8, 0xC7, 0x74, 0x03,
    0xA9, 0x25, 0xAA, 0x5E, 0xC0, 0x14, 0xAC, 0xB5, 0xE8, 0x90, 0xEF, 0x02, 0x64, 0x70, 0x0E, 0x2E,
    0x32, 0x83, 0xA5, 0x9E, 0x5D, 0x8B, 0x0A, 0x2A, 0x24, 0x97, 0xD6, 0xCD, 0x8E, 0x93, 0xCB, 0x79,
    0x22, 0x23, 0x16, 0x11, 0x39, 0x92, 0x0F, 0xD8, 0x34, 0x65, 0x50, 0xF4, 0xB7, 0xE2, 0x39, 0x18,
    0x8E, 0xC6, 0x33, 0x3C, 0x20, 0xCF, 0xCD, 0x78, 0xCA, 0xE3, 0xE1, 0x79, 0xEE, 0x4A, 0x1E, 0x07,
    0x45, 0x09, 0xC6, 0x6F, 0x36, 0x1C, 0x4F, 0x07, 0xCF, 0x55, 0x6F, 0xD4, 0x4C, 0x3A, 0x4D, 0xEB,
    0xD1, 0x76, 0x1D, 0xCF, 0xE1, 0x54, 0xF0, 0xDC, 0x8F, 0x55, 0xFD, 0x4B, 0x44, 0xB1, 0x93, 0x70,
    0xBA, 0xEE, 0xDB, 0xF3, 0x2D, 0x12, 0x15, 0x8A, 0x8D, 0xE1, 0x45, 0xC3, 0x6E, 0x3C, 0x8D, 0xCF,
    0x2B, 0x3C, 0x3C, 0x4A, 0xC2, 0x75, 0x9F, 0x75, 0xAE, 0xA4, 0xAC, 0xA2, 0xE4, 0xB3, 0x0C, 0xCA,
    0x8F, 0x11, 0xB3, 0xEC, 0x95, 0x23, 0x25, 0xAD, 0xEA, 0x95, 0x27, 0x0D, 0x9C, 0xEF, 0x95, 0x2B,
    0x9F, 0x5F, 0x57, 0x2B, 0x5F, 0x65, 0xA8, 0x9C, 0x33, 0xD8, 0x1B, 0xEF, 0x9C, 0x88, 0x18, 0x77,
    0x88, 0x04, 0xE3, 0xCF, 0xE7, 0xD1, 0x62, 0xC0, 0xE7, 0xC1, 0xE2, 0x50, 0xDA, 0x67, 0x5C, 0xA9,
    0xB8, 0xC0, 0xE2, 0xD1, 0xF0, 0xA5, 0xC5, 0xA4, 0xEB, 0x55, 0xE5, 0xFF, 0x7E, 0xF0, 0x03, 0xAB,
    0x18, 0x1A, 0x1B, 0x66, 0xED, 0x93, 0xC5, 0x47, 0x5A, 0x4A, 0x9B, 0xC6, 0x48, 0x6A, 0x0A, 0xA3,
    0xC6, 0x49, 0xA9, 0x6B, 0xAC, 0x94, 0xBA, 0xC6, 0x4B, 0x3F, 0x5B, 0xCC, 0xCC, 0x87, 0x4C, 0x20,
    0xD2, 0x09, 0xBA, 0xF8, 0x19, 0x4D, 0x00, 0x73, 0xDD, 0xD9, 0x55, 0x73, 0xC2, 0x97, 0x73, 0xCC,
    0x63, 0x94, 0xC5, 0x4C, 0x09, 0x2D, 0x03, 0xE5, 0x13, 0x9F, 0x93, 0xAF, 0x10, 0x21, 0x9D, 0x0F,
    0xD0, 0x15, 0x22, 0x45, 0x25, 0xC2, 0xA4, 0x7D, 0xD3, 0x22, 0x61, 0xF4, 0x72, 0x07, 0x47, 0xDF,
    0x7B, 0xDC, 0xEE, 0x2B, 0xA6, 0x74, 0xF8, 0x42, 0xAF, 0x85, 0x59, 0x1C, 0xD1, 0x9A, 0x3C, 0xEF,
    0x7D, 0x74, 0x1E, 0xF6, 0x62, 0xA3, 0x89, 0xD8, 0x51, 0x73, 0xA7, 0xCD, 0x97, 0xB3, 0x7C, 0x1B,
    0x58, 0xC6, 0x2D, 0xD9, 0x96, 0x67, 0x4B, 0xB1, 0x65, 0xD7, 0x12, 0x6B, 0x39, 0xB5, 0x74, 0x5A,
    0x26, 0x2D, 0x89, 0xC0, 0xA8, 0x40, 0x5B, 0xA2, 0x60, 0x09, 0xF3, 0x83, 0x42, 0x7F, 0x35, 0x34,
    0x9A, 0x9C, 0xCE, 0xF2, 0x42, 0x4A, 0xAE, 0xF7, 0x48, 0xA1, 0x03, 0xD0, 0xE0, 0x92, 0x8F, 0xA8,
    0x7D, 0x58, 0x42, 0xF3, 0x59, 0xA6, 0x52, 0xAB, 0x45, 0x1B, 0x27, 0x96, 0x67, 0x98, 0x8A, 0x1D,
    0x9F, 0x50, 0x37, 0xE4, 0x19, 0xA6, 0x42, 0x1B, 0xD9, 0xE9, 0xAC, 0xD4, 0xCB, 0xCA, 0x49, 0x17,
    0xCC, 0x2A, 0x1F, 0xEE, 0x72, 0xE2, 0x28, 0x27, 0x2E, 0x72, 0xE2, 0x23, 0x49, 0xDC, 0xCF, 0x72,
    0xD4, 0x49, 0x90, 0xE7, 0xEC, 0xF5, 0x6C, 0x5A, 0x4E, 0x5C, 0xD8, 0x55, 0x9A, 0x5A, 0x9B, 0x39,
    0x55, 0x5C, 0xE4, 0x1E, 0xA3, 0x4D, 0x1D, 0x8B, 0x52, 0x19, 0x1F, 0x9B, 0x4D, 0x8E, 0xF4, 0x32,
    0x2B, 0x94, 0xE1, 0xB1, 0xD9, 0x24, 0xD9, 0xFF, 0x76, 0xA0, 0xD6, 0x4F, 0x4B, 0xB7, 0xE6, 0x7B,
    0x56, 0x9B, 0x1D, 0x36, 0x23, 0x16, 0x9B, 0xD9, 0x17, 0xC5, 0x44, 0x6A, 0xBD, 0x0D, 0xA5, 0x55,
    0xEC, 0x5A, 0xFC, 0x01, 0x59, 0x25, 0x03, 0x4B, 0xC5, 0x5A, 0x91, 0x15, 0xB1, 0x11, 0x54, 0x1F,
    0x93, 0x4D, 0xFD, 0x44, 0x37, 0x7E, 0x66, 0x8B, 0x62, 0x31, 0xA9, 0xBF, 0x3E, 0xA0, 0x42, 0xBB,
    0xAA, 0xE8, 0x7B, 0x29, 0xB5, 0xBA, 0xB9, 0x9A, 0x9B, 0x41, 0x11, 0xB7, 0x3B, 0xA5, 0xC1, 0x91,
    0x2C, 0xDE, 0xE6, 0x1B, 0xDA, 0xFD, 0x16, 0xF6, 0xB4, 0x55, 0xEF, 0xD7, 0x3E, 0xEB, 0xAF, 0x09,
    0xAB, 0x3D, 0x8D, 0x0C, 0xCE, 0x83, 0x16, 0xEB, 0x54, 0x26, 0xFC, 0x8A, 0xB8, 0x44, 0x83, 0x70,
    0x5C, 0xF1, 0x2F, 0xA2, 0x10, 0x03, 0x97, 0x6D, 0x52, 0x6B, 0xDC, 0xA5, 0x07, 0xF3, 0xA9, 0x1B,
    0xC0, 0x22, 0xF8, 0x90, 0xCD, 0x60, 0x35, 0x69, 0x2E, 0x8A, 0x05, 0xFF, 0xCB, 0x31, 0x5F, 0xC9,
    0x07, 0x6B, 0x70, 0xA0, 0x1F, 0x52, 0xF9, 0x28, 0xD8, 0x3B, 0x39, 0x1A, 0x41, 0x5C, 0x80, 0xA7,
    0xB6, 0xBA, 0x91, 0x67, 0x69, 0x3C, 0x8B, 0x88, 0xB8, 0x94, 0x49, 0x4B, 0x9E, 0xA2, 0x0B, 0x35,
    0x48, 0xB8, 0x35, 0x67, 0x72, 0x4D, 0xB1, 0x1A, 0x14, 0x46, 0xE4, 0x79, 0x39, 0x06, 0x1A, 0x52,
    0x88, 0xEB, 0x5C, 0x5D, 0xEA, 0x0C, 0xA9, 0x59, 0x5D, 0x1E, 0x15, 0x62, 0x33, 0x32, 0x10, 0xAE,
    0x1A, 0x09, 0xB8, 0xAB, 0x02, 0xFE, 0xBA, 0x32, 0x94, 0xDA, 0xCB, 0x92, 0x19, 0x68, 0xF5, 0x0A,
    0xAD, 0x03, 0x1A, 0xA0, 0x1C, 0xA3, 0x77, 0x50, 0x02, 0xB4, 0x85, 0x8D, 0x5A, 0x14, 0xA4, 0x6E,
    0x7A, 0x4C, 0x32, 0xB9, 0xA2, 0x71, 0xF6, 0xEC, 0x31, 0x4C, 0xE4, 0xEC, 0xBC, 0x8C, 0x3A, 0x55,
    0xE0, 0x61, 0x12, 0x59, 0x77, 0xFF, 0x5C, 0xA6, 0xDE, 0xEA, 0xEA, 0xDF, 0x75, 0x35, 0xCB, 0x25,
    0xDD, 0x31, 0x50, 0x09, 0x97, 0xA6, 0x4A, 0xA5, 0x50, 0x2A, 0x7E, 0x73, 0x6F, 0x81, 0xCA, 0xE8,
    0x12, 0x5D, 0xFB, 0x80, 0x0A, 0x7A, 0xFD, 0xED, 0xA9, 0xF4, 0xF7, 0x42, 0x25, 0xBD, 0x3F, 0x2A,
    0x99, 0x35, 0xDF, 0x7B, 0xCD, 0x82, 0x8A, 0x6C, 0xB7, 0xA4, 0xF2, 0x14, 0x67, 0xE5, 0x75, 0xDA,
    0xB0, 0xCA, 0x97, 0xB1, 0x99, 0x72, 0xA5, 0x3E, 0x0E, 0x5C, 0xA3, 0x70, 0xF0, 0x8C, 0x31, 0xB2,
    0xE3, 0xBD, 0x1F, 0x47, 0xBA, 0xCE, 0x92, 0xB3, 0x3E, 0x83, 0xF7, 0xD9, 0x59, 0x97, 0x84, 0xF7,
    0xB8, 0x6C, 0x91, 0x9A, 0xAD, 0x18, 0x06, 0x2B, 0x96, 0x92, 0x39, 0x99, 0xEA, 0xB2, 0x34, 0x5E,
    0xFD, 0x6B, 0x71, 0xC5, 0x85, 0xF8, 0x9D, 0xC3, 0x32, 0x47, 0x62, 0x58, 0xB4, 0xA4, 0x4E, 0x46,
    0x3F, 0xA0, 0x4F, 0x36, 0x89, 0xE8, 0x95, 0x71, 0x02, 0x2C, 0x7C, 0x3D, 0xB8, 0x8E, 0x51, 0x6D,
    0x65, 0xB2, 0x02, 0x61, 0xB6, 0x84, 0xF0, 0x5C, 0xBB, 0x23, 0x46, 0xE2, 0x4B, 0xE2, 0x12, 0x3E,
    0xF6, 0x0C, 0x90, 0x64, 0x44, 0x28, 0x0A, 0xC5, 0x02, 0xCE, 0xFC, 0x42, 0x28, 0x0A, 0xD2, 0x27,
    0x9B, 0xCB, 0xA7, 0x33, 0x5C, 0x14, 0xB1, 0x58, 0xE2, 0x45, 0x11, 0x7D, 0xE0, 0x8F, 0xF9, 0x2C,
    0x51, 0xE1, 0x84, 0x17, 0x6A, 0x03, 0x5B, 0x5D, 0x1F, 0x91, 0xCF, 0xB5, 0xA3, 0xA5, 0x3E, 0xD0,
    0x41, 0x58, 0x04, 0x77, 0x40, 0xBC, 0x3D, 0x11, 0xBC, 0x89, 0xF1, 0x6C, 0xE4, 0x2B, 0x30, 0x72,
    0x37, 0x1C, 0xBE, 0x36, 0x6C, 0x15, 0xB5, 0x15, 0x93, 0xB5, 0xFC, 0x8D, 0x48, 0x1F, 0xB1, 0x38,
    0xD4, 0xED, 0x3D, 0x74, 0xD6, 0x9D, 0x22, 0x2E, 0xA2, 0x54, 0xB1, 0x69, 0x71, 0x95, 0x11, 0x59,
    0x71, 0x2F, 0x76, 0xCE, 0x50, 0x8B, 0x6F, 0xB2, 0x69, 0xE1, 0x4D, 0x41, 0x70, 0x55, 0xE4, 0x37,
    0xE5, 0xA8, 0x58, 0x8D, 0xFA, 0x1B, 0xB0, 0x98, 0x0C, 0x43, 0xC4, 0xA0, 0x9F, 0xCB, 0x49, 0x9B,
    0xD4, 0x82, 0x34, 0xB6, 0xF0, 0xFC, 0x26, 0xB4, 0x89, 0x8B, 0x2C, 0xD6, 0xCC, 0x8D, 0x36, 0xB0,
    0xD7, 0xE0, 0x79, 0x2D, 0x76, 0xFB, 0x98, 0xB9, 0x97, 0x81, 0x9D, 0xA7, 0xCF, 0x95, 0xE7, 0x56,
    0x9C, 0x0E, 0x9E, 0x45, 0xAF, 0xE8, 0x47, 0x45, 0x09, 0x3A, 0x69, 0x79, 0x51, 0x04, 0x9E, 0x32,
    0xCA, 0x69, 0xE0, 0x79, 0x8B, 0x45, 0x25, 0x2F, 0xDB, 0x89, 0x68, 0x3E, 0x3F, 0xF0, 0xFE, 0xD3,
    0xC1, 0xB3, 0x51, 0xD8, 0x37, 0xB8, 0x21, 0x29, 0x96, 0xCB, 0xA3, 0x5B, 0xEF, 0xBC, 0x5B, 0x45,
    0xD9, 0x77, 0xDE, 0x27, 0x87, 0x37, 0x1E, 0x23, 0x65, 0xE8, 0xFA, 0x08, 0xC5, 0xB1, 0xE8, 0xEC,
    0x6F, 0x05, 0xCE, 0x88, 0x2D, 0x2A, 0x05, 0x8D, 0x26, 0x57, 0x10, 0x12, 0x05, 0x0B, 0xB1, 0x02,
    0x8E, 0x6B, 0x18, 0xEE, 0x65, 0xE7, 0x9D, 0xB0, 0x9B, 0x68, 0x5A, 0x8D, 0xBA, 0xE9, 0x17, 0x86,
    0x6A, 0x18, 0x25, 0x51, 0x84, 0x18, 0x9F, 0xB7, 0xCC, 0x6C, 0x6E, 0x2D, 0x30, 0x30, 0xB1, 0x45,
    0x91, 0x21, 0xF2, 0x18, 0xC0, 0x99, 0xB1, 0x31, 0x44, 0x91, 0x8F, 0x51, 0x34, 0x6C, 0x2A, 0x0B,
    0x65, 0x69, 0x26, 0x32, 0xED, 0x75, 0x76, 0x76, 0x63, 0x7C, 0xFC, 0xF5, 0xB7, 0xF7, 0x57, 0x2D,
    0x04, 0x93, 0x88, 0x63, 0xA9, 0x13, 0x09, 0x5D, 0x14, 0x97, 0x04, 0x97, 0x37, 0x1C, 0x5E, 0x10,
    0x01, 0x31, 0x91, 0x23, 0x2A, 0xB5, 0x88, 0x2B, 0x54, 0x3C, 0x17, 0xC5, 0x96, 0x8A, 0x2B, 0xD7,
    0x28, 0xAA, 0x2D, 0xDB, 0xB0, 0xBB, 0x22, 0xF0, 0x80, 0x4E, 0x10, 0x37, 0xBA, 0xC3, 0x99, 0xC9,
    0xAA, 0x4E, 0x10, 0xF6, 0x81, 0xB6, 0x6A, 0x75, 0x42, 0xAA, 0x1B, 0x7C, 0x9E, 0x38, 0x61, 0x2D,
    0x41, 0x44, 0xC6, 0xAB, 0x8A, 0xC8, 0xC6, 0xBE, 0xCB, 0x11, 0xE5, 0x94, 0xB1, 0x1F, 0x9A, 0x4F,
    0xCE, 0xB7, 0xC5, 0x14, 0x19, 0x35, 0x2F, 0xB8, 0xE6, 0x84, 0x39, 0xBA, 0x32, 0x3F, 0x12, 0x97,
    0x6D, 0xD9, 0xAC, 0x83, 0x9C, 0x8E, 0x70, 0x6A, 0xA8, 0xC1, 0x18, 0x86, 0x58, 0x85, 0x32, 0x43,
    0x3F, 0x35, 0x1B, 0xE9, 0x7C, 0xFF, 0x86, 0xB4, 0xD1, 0xD4, 0x21, 0xB4, 0x09, 0xFA, 0xF0, 0xE9,
    0xD2, 0x91, 0xDF, 0x0D, 0x29, 0xA3, 0xEC, 0x41, 0x19, 0x5D, 0xAC, 0x78, 0xB3, 0xA0, 0x41, 0xBD,
    0x44, 0x6A, 0x87, 0x8B, 0xAD, 0x8B, 0x36, 0x0F, 0x3B, 0x74, 0xAF, 0x7C, 0x65, 0x14, 0xDB, 0x64,
    0x64, 0x32, 0xD4, 0x7B, 0xC4, 0x43, 0x24, 0xA3, 0x47, 0x4E, 0x7A, 0x7C, 0x60, 0x57, 0x78, 0x17,
    0xCD, 0x00, 0xC1, 0xFE, 0xE1, 0xDF, 0x11, 0xB4, 0x46, 0x07, 0x11, 0xA3, 0x5E, 0x66, 0xA4, 0x4E,
    0x74, 0xB4, 0x40, 0x93, 0x17, 0xE9, 0xD1, 0x2D, 0xBD, 0x07, 0x37, 0x89, 0x0A, 0xD9, 0xF4, 0xD6,
    0x27, 0x51, 0x31, 0x33, 0x2C, 0x67, 0x9D, 0x65, 0x45, 0x93, 0x64, 0x19, 0xAB, 0x27, 0x8B, 0x7B,
    0x17, 0x86, 0x2F, 0x6F, 0xAE, 0xD3, 0xEE, 0xD2, 0xCC, 0xE3, 0x1F, 0x1E, 0xB0, 0x4D, 0x83, 0x13,
    0xF9, 0x56, 0xDB, 0x16, 0x5F, 0x25, 0x1B, 0x1E, 0x48, 0x9D, 0xA2, 0x2B, 0xDB, 0x68, 0x7F, 0x67,
    0x7A, 0xDE, 0xE0, 0x0E, 0xF6, 0xB7, 0x9A, 0xAE, 0x11, 0x83, 0x3B, 0x76, 0x7E, 0xCA, 0x56, 0x7D,
    0xED, 0x8A, 0xFD, 0x48, 0x9B, 0x5F, 0x37, 0xF3, 0xFE, 0x90, 0xEF, 0xA3, 0xA3, 0xAE, 0xE7, 0x21,
    0x37, 0x5B, 0x7A, 0x69, 0x30, 0x3C, 0xB0, 0xEB, 0x0D, 0xF1, 0x54, 0x7E, 0xB8, 0x66, 0x4B, 0xBA,
    0x16, 0x21, 0xD9, 0x4A, 0x91, 0xB5, 0x8A, 0xA7, 0x27, 0x10, 0x9C, 0x3D, 0xD6, 0x92, 0xC1, 0x87,
    0x7C, 0xAA, 0x44, 0x26, 0x36, 0x4B, 0x33, 0xA1, 0x8F, 0xFC, 0xB7, 0xDD, 0xED, 0x15, 0x56, 0xD5,
    0xD4, 0x99, 0x87, 0xA1, 0x93, 0x31, 0xA1, 0xD1, 0x91, 0x96, 0x49, 0x24, 0xEB, 0x00, 0xBB, 0xCE,
    0xA3, 0xFB, 0xD4, 0x79, 0x21, 0x56, 0xB2, 0x93, 0x21, 0xEA, 0xE3, 0xEC, 0x1F, 0x54, 0x5F, 0xB2,
    0xC0, 0x96, 0x60, 0x76, 0x51, 0x95, 0xF3, 0x0B, 0x5D, 0x5A, 0xB7, 0x50, 0xE8, 0x98, 0x92, 0x4E,
    0x54, 0x38, 0xFD, 0x57, 0x8E, 0xA4, 0xCF, 0x0F, 0x5C, 0xC3, 0xBF, 0xD5, 0x15, 0xFF, 0xB6, 0xE5,
    0x62, 0x86, 0xBD, 0x0E, 0x55, 0xD5, 0x7C, 0x5F, 0x1A, 0x3E, 0xE9, 0x98, 0x26, 0x4B, 0x5B, 0x1C,
    0x0E, 0xFE, 0x64, 0xB8, 0x1F, 0x0D, 0x17, 0x5C, 0x76, 0xD4, 0xE7, 0xD2, 0x57, 0xD2, 0xDE, 0xCF,
    0xCF, 0xED, 0x95, 0xBC, 0x7D, 0xB7, 0x5D, 0xA2, 0x7C, 0xB5, 0xF0, 0x9F, 0x14, 0xC9, 0xFA, 0xC7,
    0x5E, 0xFF, 0x32, 0x95, 0x5C, 0x8F, 0x72, 0x5B, 0x92, 0x4D, 0xE4, 0x30, 0xCA, 0x52, 0x24, 0xCA,
    0x8E, 0xFA, 0x90, 0x8A, 0x90, 0xA1, 0x8D, 0xC7, 0xBE, 0xE0, 0x39, 0x76, 0x65, 0x88, 0x12, 0x07,
    0x1A, 0xEA, 0x97, 0xC9, 0xAE, 0x46, 0x0A, 0x09, 0x4A, 0x91, 0x53, 0x1E, 0x65, 0x25, 0x68, 0xD0,
    0x55, 0xCC, 0x4C, 0x36, 0x41, 0xE7, 0xA8, 0x65, 0x46, 0x9D, 0xFD, 0x07, 0x5D, 0xC8, 0x8B, 0x93,
    0x8D, 0x90, 0xAB, 0x0C, 0x89, 0x6C, 0xCC, 0x06, 0x44, 0x02, 0x62, 0x46, 0x2C, 0x28, 0x8B, 0x82,
    0x85, 0x99, 0xA6, 0x8F, 0xA2, 0x6B, 0x33, 0x1E, 0xC4, 0xC8, 0x54, 0x70, 0x5C, 0xA2, 0xDF, 0x89,
    0x20, 0xB6, 0xE8, 0x9A, 0x97, 0x50, 0x6E, 0x8D, 0x8C, 0x15, 0xA2, 0x94, 0x4E, 0x86, 0x02, 0xCA,
    0xAE, 0xBE, 0xBE, 0xA6, 0xB9, 0x83, 0xC1, 0xE6, 0x13, 0x8D, 0x50, 0x55, 0x05, 0xBB, 0x75, 0x37,
    0x46, 0x8E, 0x55, 0x20, 0xC6, 0xF4, 0x7F, 0x45, 0x80, 0xEF, 0xE8, 0xA1, 0x1B, 0x85, 0xEF, 0xFD,
    0x10, 0xCD, 0x7B, 0x1A, 0x1F, 0x6E, 0x4E, 0xA8, 0x4D, 0x14, 0x5E, 0xAA, 0xD6, 0xF1, 0xBE, 0xEB,
    0x9D, 0x07, 0xB5, 0xA1, 0x26, 0x13, 0x66, 0x47, 0xA5, 0x6C, 0xBA, 0x7D, 0x92, 0x62, 0x28, 0xDB,
    0x0D, 0x95, 0xF7, 0x69, 0x48, 0x6B, 0x5A, 0x39, 0x5C, 0x5D, 0xD3, 0xE8, 0xB3, 0xAE, 0x33, 0x44,
    0xDA, 0xEE, 0x6C, 0x48, 0x6E, 0x62, 0xA8, 0xBF, 0x62, 0xE8, 0x62, 0x49, 0xE7, 0x76, 0x50, 0x5F,
    0xA9, 0x69, 0x6B, 0x14, 0x32, 0x3F, 0x02, 0x46, 0xAF, 0x24, 0x74, 0xDB, 0x6C, 0x64, 0x52, 0xC4,
    0xC3, 0x26, 0xF3, 0x32, 0xE7, 0x7C, 0x54, 0xC8, 0x83, 0xEA, 0x65, 0x69, 0x64, 0x8E, 0xFF, 0x3A,
    0x99, 0x92, 0x99, 0x47, 0x82, 0x15, 0xF3, 0xAF, 0xE8, 0x6C, 0x71, 0x6F, 0xA8, 0xAB, 0xAD, 0x19,
    0x1C, 0xC6, 0x5B, 0x74, 0xE9, 0xFB, 0x9D, 0x0B, 0x37, 0x71, 0x43, 0x0B, 0x7D, 0x41, 0x36, 0x97,
    0x6C, 0x19, 0xB3, 0xB0, 0xA5, 0x7A, 0x01, 0xD9, 0xFD, 0x31, 0xF6, 0xCC, 0x9B, 0x3C, 0xB7, 0xF0,
    0xA4, 0xA1, 0x53, 0xA6, 0x62, 0x8E, 0xB2, 0x6F, 0x42, 0x94, 0xFA, 0x8A, 0x2A, 0x03, 0x56, 0x25,
    0xA8, 0x69, 0x7E, 0x41, 0x9F, 0x5B, 0x5A, 0xEB, 0xAF, 0x47, 0xA3, 0xB3, 0x2F, 0x44, 0xAB, 0xB3,
    0x16, 0xBF, 0x96, 0x12, 0xED, 0xC5, 0x71, 0xBC, 0xE1, 0x75, 0xB3, 0x0E, 0xA1, 0x05, 0x95, 0x37,
    0xCE, 0xF2, 0x89, 0xC2, 0xC4, 0xFB, 0x66, 0x51, 0x44, 0xDA, 0x01, 0xC1, 0xCB, 0x66, 0xD5, 0x98,
    0x6E, 0x51, 0xE4, 0xAB, 0x3E, 0x85, 0x65, 0x14, 0x43, 0x8E, 0x48, 0xF4, 0x11, 0xCC, 0xC7, 0xFD,
    0x26, 0x6D, 0xD5, 0xAE, 0xDF, 0xE4, 0x51, 0x18, 0xE2, 0x4E, 0xD5, 0xEA, 0x27, 0x34, 0x20, 0x97,
    0x27, 0xE7, 0xE5, 0xCF, 0x8F, 0xC2, 0xD0, 0xCF, 0x46, 0x6B, 0x09, 0xD2, 0x93, 0x10, 0xC9, 0x7C,
    0xEF, 0x51, 0xD8, 0x20, 0x21, 0x7B, 0x9F, 0xB3, 0xF1, 0xCC, 0x5D, 0x12, 0xD9, 0xCE, 0xC8, 0x7F,
    0x05, 0x19, 0x72, 0x89, 0x16, 0xA7, 0x5C, 0x16, 0xC6, 0x61, 0x61, 0x57, 0x27, 0x15, 0xC6, 0xDB,
    0x33, 0x2B, 0x32, 0x5F, 0xA2, 0x5C, 0xB5, 0x3D, 0xA3, 0xD1, 0x4A, 0x44, 0xC3, 0x22, 0x28, 0xB6,
    0xED, 0xE9, 0xD5, 0x21, 0x17, 0x64, 0x13, 0x90, 0x7E, 0xEF, 0x47, 0xB4, 0x33, 0x78, 0xF3, 0xF3,
    0xC2, 0xFF, 0x3F, 0xBD, 0x20, 0xAD, 0x8F, 0x1C, 0x71, 0x0C, 0x2D, 0x98, 0xE5, 0xC0, 0x2A, 0xCE,
    0xF1, 0xAB, 0xEC, 0x2A, 0xE9, 0xEE, 0x62, 0x37, 0x96, 0x96, 0x09, 0x0F, 0x3B, 0x5D, 0x39, 0xC3,
    0x73, 0xEE, 0x59, 0x24, 0xE5, 0x7F, 0xE5, 0x5D, 0x54, 0x22, 0x39, 0x30, 0xF8, 0x56, 0x23, 0x55,
    0xA3, 0x1A, 0x76, 0x89, 0x85, 0x72, 0xA4, 0x7F, 0xAC, 0x02, 0xBA, 0xFD, 0x9C, 0x89, 0x3D, 0x36,
    0x48, 0x86, 0x7A, 0x11, 0x66, 0x10, 0xE5, 0xF1, 0x95, 0x3D, 0xC0, 0x12, 0x89, 0xA6, 0x5D, 0xFA,
    0xE1, 0x2A, 0x5F, 0x77, 0xC9, 0x91, 0xFE, 0xBD, 0x85, 0xA5, 0xF4, 0xC8, 0x23, 0x46, 0xA6, 0xFF,
    0x7C, 0x5E, 0x88, 0x7C, 0xF6, 0x34, 0xC5, 0xFF, 0xFF, 0xDD, 0x7C, 0x47, 0xB7, 0xE4, 0xD8, 0x52,
    0x75, 0x48, 0xFA, 0xBA, 0xF4, 0xF1, 0x04, 0x08, 0xEF, 0x9E, 0x11, 0x7F, 0x80, 0xA5, 0x39, 0xEE,
    0x08, 0xEF, 0xE1, 0xB5, 0x1B, 0x33, 0xC7, 0xD5, 0x18, 0x2B, 0xE1, 0xBD, 0x87, 0x31, 0x8C, 0xF1,
    0x43, 0x4C, 0x55, 0x1F, 0xE1, 0x3D, 0x08, 0xEF, 0x69, 0xE1, 0x3D, 0xF7, 0x34, 0xA5, 0xB7, 0x50,
    0x75, 0xE9, 0x28, 0xB8, 0x3B, 0xB6, 0xF2, 0x2A, 0x6F, 0x96, 0x69, 0x53, 0x66, 0xD5, 0xAD, 0xEC,
    0xAB, 0xBD, 0xB5, 0x2A, 0x33, 0x8F, 0x22, 0x76, 0x84, 0xE2, 0x38, 0x65, 0x8B, 0x48, 0xAA, 0x8B,
    0xE0, 0x95, 0x6D, 0xEC, 0x75, 0xBE, 0xC4, 0xAA, 0xFD, 0xC6, 0x83, 0x71, 0xA1, 0xA3, 0x71, 0xA5,
    0xC1, 0xD8, 0x9D, 0x91, 0xDB, 0xDF, 0x9F, 0x8C, 0xF5, 0xF3, 0x66, 0x50, 0xAA, 0xF9, 0x02, 0xCE,
    0x22, 0xB9, 0x9C, 0x33, 0xE3, 0x2A, 0x64, 0x11, 0xEC, 0xC6, 0x74, 0x05, 0xFB, 0x3E, 0x51, 0x36,
    0xAF, 0xE0, 0x14, 0xDC, 0x88, 0xE4, 0xE0, 0x4E, 0xA4, 0x04, 0xF7, 0x22, 0x75, 0x10, 0x69, 0xCF,
    0xD9, 0x0D, 0x3C, 0x7C, 0x87, 0x26, 0xC4, 0xE9, 0x8C, 0x8F, 0x36, 0xED, 0x05, 0x4F, 0x52, 0xA8,
    0x8A, 0x3F, 0xE7, 0x12, 0x0D, 0x26, 0xBA, 0xD0, 0x45, 0xFA, 0x57, 0xC1, 0xA9, 0x16, 0x96, 0xAB,
    0x2E, 0x92, 0x00, 0xD2, 0x25, 0x8B, 0x92, 0xCE, 0xB0, 0xAA, 0x3E, 0xFC, 0x5B, 0x01, 0xA8, 0xA6,
    0x7C, 0x16, 0xD7, 0x17, 0x93, 0xB8, 0xAE, 0x9C, 0xA4, 0xED, 0xDA, 0xF7, 0x49, 0x7B, 0x47, 0x55,
    0x1C, 0x4C, 0xAD, 0xF5, 0x4C, 0x25, 0x5F, 0x73, 0x73, 0x36, 0x79, 0xEF, 0x87, 0x53, 0xC3, 0xE0,
    0xC8, 0xAF, 0xC7, 0x13, 0x4D, 0x47, 0xF2, 0x91, 0x96, 0xE4, 0x71, 0xD3, 0x34, 0xBC, 0x4D, 0x4D,
    0xE3, 0xA6, 0xE9, 0xBA, 0x69, 0xAA, 0x4F, 0x40, 0xD3, 0x2C, 0xD4, 0x80, 0x16, 0xFE, 0x45, 0x34,
    0x3F, 0xA3, 0xED, 0x51, 0xC4, 0x9D, 0x08, 0x9B, 0xC7, 0x73, 0x78, 0x18, 0x61, 0x21, 0xD8, 0xB3,
    0x23, 0x1C, 0x5F, 0x0B, 0x29, 0x79, 0x85, 0x9C, 0xC5, 0x8D, 0x67, 0x72, 0xF2, 0x5E, 0x78, 0xD5,
    0xDD, 0x2D, 0x66, 0xF6, 0x10, 0x62, 0xF2, 0xD6, 0x03, 0x64, 0x2B, 0xC0, 0xCE, 0x4C, 0xA1, 0xBA,
    0x07, 0x32, 0x6B, 0x57, 0xC0, 0x35, 0xFD, 0x47, 0xE8, 0x07, 0x7F, 0x73, 0x85, 0xCC, 0x95, 0xAA,
    0x4E, 0xE2, 0x6F, 0xCB, 0xF5, 0x39, 0xD1, 0x5E, 0x8A, 0x19, 0x4D, 0xE4, 0x73, 0xB1, 0x88, 0x14,
    0x53, 0x19, 0x44, 0xCA, 0x50, 0x8F, 0x22, 0xE9, 0xE8, 0x7A, 0x53, 0xDE, 0xD0, 0x37, 0x40, 0x25,
    0xCA, 0x11, 0x36, 0x3B, 0x42, 0xC9, 0xF7, 0x13, 0x0F, 0x0D, 0x7B, 0x37, 0x41, 0xFC, 0x7A, 0x95,
    0x5C, 0x4D, 0xE5, 0x28, 0x99, 0x5D, 0x56, 0xBC, 0x09, 0x5E, 0xB0, 0x16, 0x95, 0x03, 0x2C, 0xEE,
    0x70, 0x15, 0x6B, 0xE0, 0xFB, 0x10, 0x92, 0x68, 0xD6, 0x42, 0x11, 0xED, 0x32, 0x6D, 0x7C, 0x57,
    0xCE, 0xE2, 0x9B, 0x2A, 0xC8, 0x75, 0xA9, 0x07, 0x41, 0xE3, 0x97, 0x61, 0x90, 0x59, 0xDC, 0x94,
    0x45, 0x38, 0xB6, 0xE0, 0x62, 0x41, 0x32, 0xBB, 0x48, 0x7B, 0xDB, 0x4C, 0xE4, 0x9D, 0xEC, 0x99,
    0x36, 0xF8, 0x46, 0x71, 0x86, 0x66, 0x4A, 0x9D, 0x8F, 0x75, 0x09, 0x07, 0x5D, 0x66, 0xA9, 0xE7,
    0x04, 0xFF, 0x78, 0xD0, 0x65, 0xBE, 0xAC, 0x4B, 0xF2, 0x7D, 0x9B, 0x2E, 0xDD, 0x9B, 0xD0, 0x85,
    0x9F, 0x79, 0xCB, 0xBA, 0x3C, 0x07, 0x70, 0xF8, 0x32, 0x6E, 0x8F, 0xEC, 0x7F, 0x03, 0xDE, 0x99,
    0x70, 0x57, 0x44, 0xFB, 0x64, 0x93, 0x42, 0x9C, 0x7C, 0x95, 0x87, 0x16, 0xE7, 0xE3, 0x28, 0xCE,
    0x69, 0xBA, 0xF8, 0x3D, 0x5D, 0xEA, 0xA7, 0x27, 0x5D, 0xDE, 0x01, 0x70, 0xCD, 0x96, 0x2E, 0x89,
    0x1F, 0x77, 0x45, 0x84, 0x8A, 0x3C, 0x7C, 0xBA, 0xE4, 0x7F, 0x1F, 0xAC, 0xCE, 0x8F, 0xB8, 0x02,
    0xE3, 0x77, 0xF3, 0x29, 0xD7, 0x25, 0x7D, 0x6D, 0x86, 0xAD, 0x81, 0xDF, 0xE5, 0xCD, 0x9F, 0xC2,
    0x81, 0x7A, 0x4F, 0x97, 0x47, 0x23, 0x8E, 0x64, 0xB7, 0x02, 0x88, 0x37, 0x12, 0x5E, 0x56, 0xF4,
    0x9C, 0x2A, 0xD4, 0x31, 0x86, 0x0F, 0x2D, 0x78, 0xB4, 0x4B, 0x2B, 0x2C, 0x4C, 0x71, 0x4B, 0x47,
    0x96, 0xC6, 0x52, 0x59, 0xAE, 0xB2, 0x8D, 0x13, 0x6D, 0x24, 0x9F, 0x79, 0xAF, 0x14, 0x60, 0x7F,
    0xCE, 0x13, 0xB9, 0x0C, 0x94, 0x6C, 0x67, 0x0A, 0x56, 0x8D, 0x64, 0xB8, 0x90, 0xAE, 0x30, 0x9B,
    0x6D, 0x3B, 0x48, 0xB2, 0x90, 0xCB, 0x89, 0xB7, 0xA8, 0x1B, 0xAD, 0x29, 0x84, 0x08, 0x4D, 0x54,
    0xBA, 0x99, 0xB9, 0x6C, 0x66, 0x86, 0x8D, 0x1B, 0x9A, 0x3B, 0xD2, 0xAD, 0x62, 0x36, 0xAA, 0x23,
    0x69, 0x35, 0xFA, 0x04, 0x52, 0x1A, 0xCB, 0xDE, 0x6A, 0x6E, 0xD5, 0x19, 0xD5, 0x8D, 0x91, 0xB3,
    0xEC, 0x99, 0x8D, 0x8A, 0xE9, 0x6B, 0x49, 0x37, 0xE0, 0xE0, 0xAB, 0xC1, 0x06, 0x2A, 0x1A, 0x66,
    0xBB, 0xC6, 0x08, 0xF9, 0xAC, 0xDF, 0xCB, 0x57, 0x69, 0x07, 0x74, 0x5E, 0x66, 0x71, 0x15, 0x8C,
    0xEA, 0x81, 0x76, 0xF7, 0x1B, 0xC1, 0x6A, 0x90, 0x5A, 0x7C, 0x52, 0xA3, 0xA9, 0x00, 0xD5, 0xB4,
    0xB7, 0xA4, 0x17, 0xB9, 0xAE, 0x20, 0xF1, 0xA3, 0xEF, 0xE8, 0xC4, 0x9B, 0x0D, 0x8D, 0x5F, 0xB6,
    0xD0, 0xAC, 0xF7, 0x0D, 0x0D, 0x79, 0x0F, 0x4D, 0xA9, 0xC1, 0xB8, 0x22, 0x37, 0x64, 0x74, 0x4F,
    0x47, 0xA1, 0x49, 0x4E, 0x42, 0x93, 0x9F, 0x86, 0x26, 0x9C, 0x84, 0xA6, 0xA1, 0x99, 0xF1, 0xDE,
    0xA1, 0xF9, 0xC7, 0xE3, 0xD0, 0x30, 0x24, 0x4E, 0xA1, 0xC3, 0x87, 0xE8, 0x8A, 0xB0, 0x18, 0x66,
    0x1A, 0x81, 0x8B, 0x05, 0x83, 0x38, 0x33, 0x14, 0xC0, 0x32, 0x30, 0x1E, 0x0C, 0x07, 0xA3, 0xC1,
    0x60, 0x30, 0x16, 0x0C, 0x05, 0x23, 0xC1, 0x40, 0x30, 0x0E, 0x0C, 0x03, 0x50, 0x19, 0x04, 0xC6,
    0x60, 0x0B, 0x01, 0x23, 0xC0, 0x00, 0x9C, 0xEA, 0xAF, 0x2B, 0x29, 0x1E, 0x62, 0x10, 0x0E, 0xC4,
    0x48, 0x90, 0x06, 0x4B, 0xE3, 0xAA, 0xB7, 0x70, 0xD4, 0xBD, 0xD9, 0xEF, 0x48, 0x1F, 0xDE, 0x98,
    0x1F, 0x74, 0x64, 0xF7, 0x84, 0xD7, 0x24, 0x8D, 0xA4, 0xC1, 0xBC, 0x02, 0xD5, 0x23, 0x63, 0x3F,
    0x90, 0xFA, 0x9D, 0xAC, 0x0E, 0x65, 0x93, 0xE9, 0x9E, 0x83, 0x1A, 0x29, 0xEE, 0x61, 0x11, 0xC8,
    0x2B, 0x1B, 0x7B, 0xEE, 0xE5, 0xF7, 0xDA, 0xA8, 0xAC, 0xC4, 0x81, 0xBA, 0x87, 0xAA, 0xA7, 0x4B,
    0xAA, 0x67, 0x31, 0x5F, 0xD2, 0x58, 0x86, 0x64, 0xAD, 0x54, 0x63, 0xAD, 0x1A, 0x9D, 0xEA, 0x62,
    0x87, 0x0D, 0xA5, 0x92, 0xC1, 0x85, 0x62, 0xAA, 0x55, 0xA7, 0x52, 0x75, 0xC8, 0x11, 0x47, 0x6F,
    0x31, 0x7C, 0xE9, 0xB9, 0x06, 0xC5, 0x75, 0xAE, 0x3B, 0x90, 0x2A, 0x15, 0x5A, 0xAE, 0xAC, 0x42,
    0x65, 0x7F, 0x43, 0xCA, 0x5F, 0x44, 0xB9, 0x9C, 0x6C, 0x32, 0x95, 0x69, 0x2F, 0xB5, 0x86, 0x87,
    0x54, 0x29, 0xED, 0xE8, 0xC5, 0xB0, 0xD1, 0x55, 0x95, 0x87, 0xAF, 0x4F, 0x46, 0x99, 0x60, 0x7F,
    0x91, 0xEB, 0x20, 0x4E, 0x27, 0x51, 0x5D, 0x32, 0xFD, 0xF1, 0x58, 0xBC, 0x0D, 0x79, 0xAE, 0xAE,
    0x12, 0xB5, 0x90, 0xB6, 0x16, 0x3A, 0x23, 0x6F, 0x28, 0x2F, 0x5B, 0x15, 0xFB, 0x3E, 0xBB, 0xC3,
    0xF4, 0x6D, 0xE5, 0x4E, 0x2F, 0xFE, 0xAC, 0x47, 0x42, 0xD2, 0x70, 0xFB, 0x54, 0x83, 0x11, 0x4C,
    0x4B, 0xBB, 0xE7, 0xAB, 0x9E, 0x4B, 0xD9, 0xDF, 0x07, 0x8E, 0xCD, 0xD0, 0x29, 0xDC, 0x7C, 0x34,
    0xB9, 0x84, 0xE1, 0xF6, 0x1E, 0x13, 0x0F, 0x73, 0x53, 0x8C, 0xB8, 0x25, 0xB7, 0xAA, 0x5D, 0x9B,
    0x22, 0xAA, 0x9C, 0xFB, 0xE9, 0x22, 0x2E, 0xCA, 0x3B, 0x23, 0x3E, 0x97, 0x45, 0xF4, 0x90, 0x69,
    0xCC, 0x22, 0x7A, 0x9C, 0x62, 0x81, 0x2A, 0xD6, 0xC3, 0xFC, 0x4C, 0x15, 0xAC, 0xC1, 0x61, 0x73,
    0xD5, 0x69, 0x34, 0x84, 0x1D, 0xAD, 0x2E, 0xED, 0x86, 0xF8, 0x3C, 0xB0, 0x98, 0x1C, 0x54, 0x0B,
    0x2E, 0x00, 0x2B, 0xC8, 0x3D, 0x96, 0x18, 0xB4, 0xF5, 0xB9, 0x2A, 0x67, 0x42, 0x1C, 0xAE, 0x40,
    0x81, 0x6B, 0x7A, 0xFB, 0xE2, 0x86, 0xA2, 0x0C, 0xA8, 0x37, 0x88, 0xC1, 0xAB, 0x5B, 0x58, 0xD9,
    0xA3, 0x05, 0x29, 0x0C, 0xCB, 0x78, 0x7D, 0x1D, 0xA5, 0x1E, 0x8A, 0x19, 0xA6, 0x64, 0xE7, 0xD8,
    0x36, 0xF9, 0x04, 0x2C, 0x02, 0x12, 0xB0, 0x02, 0xFE, 0x93, 0x1F, 0x38, 0xB6, 0xC5, 0x57, 0xE1,
    0xCD, 0xAA, 0xE3, 0x45, 0xFF, 0xA9, 0xB8, 0x62, 0x66, 0xFA, 0x03, 0x27, 0x29, 0x5F, 0x87, 0x3D,
    0xD5, 0x20, 0xD5, 0xB2, 0x25, 0x46, 0xDB, 0x01, 0x3D, 0x46, 0xC1, 0x10, 0xA6, 0x65, 0xF8, 0x30,
    0x81, 0x46, 0x9B, 0xA5, 0xB5, 0x99, 0xF8, 0xD5, 0xB2, 0x3D, 0x1B, 0x61, 0x7A, 0x1E, 0x6E, 0x02,
    0x75, 0x31, 0xFB, 0x91, 0x45, 0x09, 0x2E, 0x43, 0xB5, 0x93, 0x5D, 0x6D, 0x74, 0xF4, 0xD5, 0x65,
    0xB5, 0xD7, 0x23, 0xB5, 0xA7, 0x27, 0xA3, 0x76, 0xD9, 0x2D, 0xC0, 0x3F, 0x9C, 0x81, 0x8A, 0xCB,
    0x15, 0xA6, 0x79, 0xAD, 0xD5, 0x28, 0x09, 0x7B, 0x7F, 0xAA, 0xBD, 0x7A, 0x74, 0x91, 0x63, 0x31,
    0x7F, 0x90, 0xB8, 0x3E, 0x9F, 0xA1, 0xF0, 0xB1, 0xE6, 0x25, 0xD4, 0xEE, 0xDD, 0x68, 0xED, 0xF7,
    0xF6, 0x55, 0xD3, 0x16, 0xDE, 0x44, 0x1D, 0x1E, 0xBD, 0xDA, 0x9C, 0x33, 0xB1, 0x0A, 0x10, 0x13,
    0x7F, 0xFB, 0x72, 0x56, 0x97, 0xCC, 0xEA, 0xA7, 0x41, 0xE7, 0xED, 0xF5, 0x49, 0x86, 0xAB, 0x61,
    0x04, 0x54, 0xEB, 0xAE, 0xF3, 0xD3, 0x99, 0xD5, 0x74, 0xA0, 0x3D, 0x55, 0x95, 0xB5, 0x42, 0x9F,
    0x78, 0xAD, 0x70, 0xBB, 0xAA, 0x18, 0x86, 0xEF, 0x43, 0xE2, 0x00, 0xC4, 0xF8, 0xEB, 0x89, 0xAA,
    0x5A, 0x53, 0x55, 0xEA, 0xD9, 0xE1, 0xC3, 0x7E, 0x90, 0x7A, 0x36, 0x3D, 0x59, 0xF1, 0x7B, 0x74,
    0x17, 0xAB, 0xA0, 0xCD, 0x51, 0x6C, 0x16, 0x07, 0x0C, 0xFB, 0x08, 0x08, 0xB3, 0x2C, 0x5A, 0xDD,
    0x91, 0xFD, 0x60, 0x94, 0xDE, 0x09, 0x2C, 0x7B, 0xB7, 0x54, 0x15, 0xFC, 0x8B, 0x68, 0xA7, 0x85,
    0xF6, 0x17, 0x1C, 0xAD, 0x47, 0x13, 0xE5, 0x74, 0x27, 0x39, 0x4C, 0x6F, 0x56, 0x72, 0x1A, 0x69,
    0x7E, 0x66, 0x41, 0x21, 0x17, 0x1B, 0x97, 0x9C, 0x26, 0x91, 0xA7, 0x9D, 0x2B, 0x70, 0x60, 0xE7,
    0x56, 0x06, 0xF6, 0x6E, 0xE5, 0xD6, 0xE3, 0x56, 0x64, 0x38, 0xCD, 0x45, 0xC5, 0x1E, 0xDA, 0x91,
    0x39, 0x97, 0x33, 0x93, 0xEA, 0x7B, 0x98, 0xE9, 0xC9, 0x16, 0x2F, 0xFA, 0xCE, 0x35, 0xBD, 0x05,
    0xF8, 0xCA, 0x2A, 0x52, 0xC4, 0xF9, 0x93, 0x61, 0x85, 0x09, 0xB1, 0xA3, 0xF9, 0x46, 0x8F, 0xE8,
    0x0F, 0x91, 0x3E, 0x10, 0xCD, 0x37, 0xE0, 0x6D, 0x1D, 0x84, 0x2B, 0x8D, 0x4C, 0x61, 0x20, 0xFA,
    0xFB, 0x39, 0x05, 0x06, 0xB4, 0x51, 0x0F, 0x38, 0x77, 0x7D, 0x1A, 0x81, 0xD9, 0x42, 0x84, 0x17,
    0xD0, 0xC9, 0x37, 0x68, 0x49, 0x9B, 0x62, 0x92, 0x0A, 0x5D, 0x69, 0x53, 0x1B, 0x3A, 0x0D, 0xC4,
    0x9C, 0x37, 0xEE, 0x7B, 0x65, 0x73, 0x53, 0xEF, 0xE7, 0x2E, 0xED, 0x55, 0xAE, 0xCE, 0xBE, 0x86,
    0xDC, 0x3D, 0x53, 0xFD, 0xBB, 0x95, 0xAB, 0xB4, 0x7F, 0x18, 0xC9, 0xBF, 0x7C, 0x1A, 0x15, 0xF0,
    0x9B, 0x8C, 0x4A, 0xFD, 0x88, 0xA3, 0x82, 0xAC, 0xBC, 0xBF, 0xFA, 0xDE, 0x50, 0x89, 0xAF, 0x5A,
    0x8F, 0xB6, 0xBE, 0x59, 0xF5, 0xCB, 0xC7, 0xA0, 0xBE, 0xBC, 0xF4, 0xE1, 0x98, 0x7B, 0xBB, 0x6D,
    0x4D, 0xB5, 0xFA, 0xE9, 0x99, 0x11, 0x21, 0xC0, 0x39, 0x78, 0xC6, 0x4C, 0x21, 0x64, 0x0B, 0x81,
    0xD6, 0x12, 0x8A, 0x49, 0x28, 0xE6, 0x0E, 0xA6, 0xE5, 0xB6, 0x7E, 0x64, 0xD0, 0x13, 0x28, 0x28,
    0xC1, 0x37, 0xFB, 0x75, 0x2E, 0x5D, 0x6C, 0x6E, 0xA5, 0x5C, 0x6F, 0x4A, 0x05, 0x4D, 0xDB, 0x49,
    0x1C, 0x06, 0x70, 0x70, 0x31, 0xF2, 0xC8, 0x96, 0xFD, 0xC8, 0x67, 0x5E, 0xBE, 0x0C, 0xFB, 0x81,
    0x4B, 0xD7, 0x2B, 0x8F, 0x4A, 0x2F, 0x16, 0x6A, 0x38, 0x88, 0xC8, 0x35, 0xE0, 0xA2, 0x38, 0x70,
    0x49, 0x5C, 0xD1, 0x1C, 0xC3, 0xB1, 0x37, 0xFA, 0x80, 0x86, 0x07, 0x7A, 0xE4, 0xF6, 0xFC, 0xC0,
    0x01, 0x67, 0xB6, 0x26, 0x2F, 0x9A, 0x2D, 0x74, 0x2C, 0xED, 0xCF, 0xE9, 0xE0, 0x16, 0x69, 0x17,
    0xAC, 0xA2, 0xE4, 0x33, 0xFE, 0x8A, 0x09, 0x0D, 0xF2, 0xAF, 0x1A, 0xD1, 0xA8, 0x33, 0x1F, 0xF1,
    0x17, 0xA5, 0xE4, 0x32, 0x46, 0xD2, 0x7C, 0xB8, 0x14, 0xC3, 0x4D, 0x1B, 0x01, 0x65, 0x4F, 0xCE,
    0xEC, 0xB2, 0x5B, 0xCA, 0x5F, 0x9A, 0x4B, 0x24, 0xCB, 0x50, 0x69, 0xE3, 0xE6, 0x83, 0xE5, 0xCB,
    0x9B, 0xB5, 0xFC, 0x49, 0x59, 0x9A, 0x60, 0x4D, 0xF3, 0x90, 0x0C, 0x13, 0xB7, 0x51, 0xA4, 0x46,
    0xE6, 0x27, 0xDA, 0xA1, 0x84, 0xDF, 0xD8, 0x16, 0x83, 0xCA, 0x15, 0x89, 0x50, 0x2B, 0xEA, 0x7A,
    0xB2, 0xC2, 0x94, 0x6C, 0xE1, 0xDF, 0xC1, 0x25, 0x74, 0xC6, 0xFC, 0x6B, 0xCA, 0x28, 0x55, 0x23,
    0x55, 0x6F, 0xB7, 0x7B, 0xC7, 0x5D, 0x87, 0x8F, 0xD9, 0x96, 0x4C, 0xDB, 0x27, 0xE6, 0x5B, 0x3D,
    0xBA, 0xA5, 0x5D, 0xFC, 0x92, 0xCF, 0xF9, 0x8C, 0xB5, 0x62, 0xFC, 0x57, 0x8D, 0xF5, 0xE0, 0x06,
    0xB7, 0xB8, 0xC5, 0x45, 0x28, 0x8D, 0x2F, 0xE5, 0xD6, 0x31, 0x6E, 0x27, 0x1D, 0xBE, 0x5E, 0xA8,
    0xCD, 0x5A, 0x78, 0x72, 0x28, 0xF2, 0xFB, 0x09, 0xAD, 0x84, 0x0C, 0xDB, 0x49, 0xA4, 0xBD, 0x92,
    0xF2, 0x64, 0x2B, 0x9F, 0x13, 0x4F, 0x78, 0x33, 0x67, 0xF3, 0x76, 0x92, 0xF3, 0x84, 0xEF, 0xC3,
    0xA3, 0xAD, 0x86, 0xBA, 0x6E, 0xEB, 0xE2, 0xDA, 0x86, 0x27, 0xBD, 0x3F, 0x94, 0x53, 0xA5, 0xCB,
    0x6D, 0xA7, 0x07, 0x9F, 0xB5, 0x11, 0x6D, 0xE0, 0x34, 0x26, 0x58, 0xE6, 0x84, 0xD7, 0xAD, 0x02,
    0x38, 0xD5, 0xC9, 0x4E, 0x2A, 0x78, 0x05, 0x27, 0x30, 0xE4, 0xB7, 0x5A, 0xF5, 0x1C, 0x0C, 0x6C,
    0x9B, 0x2C, 0x8A, 0x76, 0x39, 0x20, 0x9B, 0x45, 0xF1, 0xC6, 0x87, 0x49, 0x1D, 0x4A, 0xED, 0xDC,
    0x52, 0x6A, 0xD3, 0x02, 0xFC, 0x52, 0x29, 0x2C, 0x55, 0x29, 0xE6, 0xE4, 0x1C, 0xA6, 0x64, 0x95,
    0x32, 0xA4, 0xF1, 0x1C, 0xB2, 0x45, 0x2A, 0x83, 0x31, 0xC3, 0x88, 0x03, 0xBB, 0x68, 0x03, 0x76,
    0xD1, 0x96, 0xF2, 0x1C, 0x62, 0x19, 0x08, 0xE5, 0xC4, 0xEA, 0x65, 0x70, 0xA8, 0x5E, 0x1F, 0xDB,
    0xC2, 0x78, 0x18, 0xAE, 0xCA, 0xB5, 0x28, 0x7E, 0x02, 0x45, 0x54, 0xA8, 0x23, 0x04, 0x62, 0xC9,
    0x3F, 0xEB, 0x50, 0xDA, 0xF7, 0x95, 0xC3, 0xCC, 0xA2, 0x44, 0xDC, 0xDA, 0x83, 0x12, 0x86, 0xCD,
    0xD1, 0xA2, 0xBF, 0xEC, 0xB8, 0xDE, 0xD5, 0x5B, 0x1F, 0xFA, 0xE9, 0x77, 0x7C, 0x9F, 0x98, 0xF5,
    0x02, 0xF3, 0x7B, 0x29, 0x26, 0x60, 0x19, 0x80, 0xD5, 0x08, 0xC4, 0x1D, 0x19, 0xB0, 0x31, 0x51,
    0x5B, 0x06, 0x94, 0x9C, 0x3B, 0x70, 0xD4, 0xE4, 0xAD, 0x45, 0xCC, 0x8B, 0x53, 0xBC, 0x75, 0xD6,
    0x4B, 0x6D, 0xF6, 0x0D, 0x92, 0x6B, 0x8F, 0x83, 0x5D, 0x1F, 0xB3, 0x92, 0xB6, 0xF0, 0x80, 0x2D,
    0x4C, 0xF4, 0x07, 0x27, 0xFB, 0xFF, 0xAF, 0x46, 0x6B, 0xD2, 0x59, 0x5A, 0xB2, 0xFA, 0xDA, 0x88,
    0x55, 0xD7, 0x8D, 0x18, 0xE8, 0x08, 0x42, 0xB6, 0xA7, 0xAB, 0x54, 0xEC, 0x62, 0x7C, 0x40, 0xAB,
    0xA9, 0xF6, 0xA0, 0x72, 0x85, 0x9C, 0x8B, 0x9B, 0x2F, 0xBA, 0x44, 0x29, 0xEE, 0x40, 0x7E, 0xF8,
    0xD3, 0x93, 0x02, 0x69, 0xE6, 0x40, 0xD5, 0x22, 0x32, 0x67, 0x20, 0x37, 0xC2, 0x4A, 0x76, 0x90,
    0x24, 0xD3, 0xDB, 0xE4, 0xF4, 0xE7, 0xF4, 0xD1, 0xF0, 0x2E, 0x51, 0xD7, 0xC3, 0x0E, 0xD5, 0x0E,
    0x76, 0xA8, 0x0A, 0xC8, 0x47, 0x41, 0x3A, 0xD6, 0xE3, 0xD1, 0xD2, 0xC5, 0x78, 0xBC, 0x20, 0xE3,
    0x0C, 0x2B, 0xBC, 0x55, 0x5B, 0xEB, 0x80, 0x4F, 0xD8, 0xFB, 0x46, 0xC2, 0xFD, 0xFA, 0xC6, 0x5B,
    0xAA, 0x52, 0xFD, 0x8B, 0xAE, 0x52, 0xFF, 0x19, 0xE0, 0xAF, 0x50, 0x4D, 0x7E, 0x1B, 0x7D, 0xF9,
    0x99, 0x25, 0x7E, 0x00, 0xCC, 0x5B, 0x47, 0xA8, 0x06, 0xBF, 0x1C, 0x25, 0xD1, 0x14, 0x23, 0xA1,
    0x64, 0xFD, 0x39, 0xA7, 0x41, 0xB5, 0xD5, 0x51, 0xE3, 0x39, 0xF8, 0xC9, 0xAB, 0x5E, 0xEF, 0x18,
    0x21, 0x5E, 0x32, 0xEC, 0x43, 0xF7, 0x84, 0x63, 0x8A, 0x8B, 0x45, 0x6D, 0x07, 0xD9, 0x80, 0x1D,
    0x3B, 0xDB, 0x0D, 0xA1, 0xFF, 0xF1, 0x58, 0xF0, 0x81, 0x4B, 0xE3, 0xA7, 0x58, 0x8D, 0x47, 0x13,
    0x13, 0xE2, 0xA5, 0x04, 0x47, 0xD2, 0x7A, 0x0E, 0xE9, 0x1B, 0xC9, 0x66, 0x67, 0x83, 0xB2, 0x16,
    0x38, 0x19, 0x06, 0x6F, 0x88, 0x8F, 0x65, 0x13, 0x74, 0xAE, 0xFB, 0x4C, 0xBB, 0x0C, 0x33, 0x95,
    0x3E, 0xF7, 0x3D, 0x52, 0xB1, 0xED, 0xF0, 0x5D, 0x15, 0xFE, 0x6D, 0xD5, 0x3B, 0x1E, 0x55, 0xEF,
    0xA3, 0x3E, 0xA9, 0xBA, 0xE8, 0x93, 0xFA, 0x7B, 0xF6, 0x49, 0xC4, 0xA7, 0xCF, 0xFD, 0xC3, 0x17,
    0x00, 0x12, 0xF7, 0x9A, 0x52, 0x07, 0xE1, 0xC0, 0xA1, 0xBD, 0xDC, 0x57, 0xED, 0xDD, 0xEF, 0x85,
    0xB7, 0x0F, 0xD4, 0x6A, 0xED, 0x33, 0xE5, 0x5F, 0x97, 0xCF, 0xF6, 0xD5, 0x7E, 0x9B, 0xEE, 0x7F,
    0xB2, 0xDB, 0xF7, 0xB0, 0x8A, 0xC0, 0xF4, 0x78, 0x4A, 0x55, 0x4A, 0x95, 0xCB, 0x58, 0x39, 0x0E,
    0x8F, 0x1A, 0xF5, 0x4B, 0x41, 0xDA, 0x6F, 0x0C, 0xE2, 0x3F, 0x6D, 0x14, 0xFD, 0xAC, 0x41, 0xB4,
    0xE8, 0x45, 0xCB, 0x3E, 0x59, 0xCB, 0x2E, 0x5D, 0xEB, 0x26, 0x8D, 0x6E, 0xAF, 0x53, 0xCB, 0x9B,
    0xE8, 0x94, 0xFF, 0x53, 0xA0, 0xB6, 0x1D, 0xF5, 0xCC, 0xDB, 0x88, 0x4A, 0x90, 0xA8, 0xC5, 0x4E,
    0xD4, 0x84, 0xA2, 0x50, 0x8F, 0x9D, 0xEE, 0xB3, 0x04, 0x1A, 0x76, 0xBA, 0x61, 0x94, 0x44, 0x98,
    0x80, 0x26, 0x60, 0x45, 0x32, 0xDF, 0x7B, 0x09, 0x94, 0x12, 0x6D, 0x1A, 0x51, 0x24, 0xA1, 0x4A,
    0x42, 0x99, 0x48, 0x41, 0x3C, 0x69, 0x57, 0x8A, 0x87, 0xB8, 0xE3, 0x8A, 0xDE, 0x5C, 0xAE, 0xE8,
    0xEB, 0xF1, 0xF0, 0xE5, 0x5A, 0x97, 0x2F, 0xE5, 0x90, 0xCF, 0xF5, 0x50, 0x4C, 0x55, 0x5F, 0x86,
    0xE7, 0x1E, 0xAC, 0x54, 0xC4, 0x9C, 0x10, 0x03, 0x55, 0xAE, 0x16, 0x99, 0x50, 0xEB, 0x11, 0xC6,
    0x7D, 0xDA, 0x49, 0x5C, 0xA9, 0x5B, 0xCF, 0xED, 0x73, 0xC3, 0x70, 0x71, 0x9E, 0x2B, 0xDA, 0xA9,
    0x4C, 0x39, 0x0F, 0xC5, 0x52, 0x16, 0x78, 0xC3, 0x9C, 0x1F, 0x3F, 0xDB, 0x73, 0xC9, 0xBC, 0x8A,
    0xC0, 0x24, 0x22, 0xF9, 0xD3, 0xA5, 0x86, 0xFB, 0x8B, 0xDB, 0x71, 0x36, 0x9C, 0xAC, 0x0F, 0xAA,
    0x56, 0xD8, 0x28, 0xE2, 0x4E, 0x9D, 0x3E, 0x4E, 0x8F, 0x6D, 0xF3, 0xB9, 0x8C, 0x2C, 0xF0, 0x1E,
    0xFD, 0xF7, 0x20, 0x25, 0xBA, 0x32, 0x1C, 0xBE, 0x97, 0x0F, 0xA0, 0x8E, 0x38, 0x76, 0x1D, 0x35,
    0xD8, 0x21, 0x1A, 0xA8, 0xF3, 0xDE, 0x67, 0x48, 0xD5, 0x93, 0x1D, 0xB3, 0x49, 0x3C, 0x27, 0xBB,
    0xFD, 0xC2, 0x59, 0xE4, 0x20, 0xCE, 0x38, 0x70, 0x09, 0x42, 0x27, 0x0E, 0xD5, 0x74, 0xE1, 0x12,
    0x84, 0x4D, 0x80, 0xC1, 0xCA, 0xE1, 0xD9, 0xAA, 0x0D, 0xBB, 0x5D, 0xED, 0x39, 0x4A, 0xF3, 0x03,
    0x18, 0x6B, 0x3D, 0x1C, 0x9A, 0xD5, 0x13, 0x53, 0xBC, 0x5C, 0x4A, 0x1B, 0xA1, 0x15, 0x91, 0x03,
    0xB4, 0x4C, 0xC1, 0xD8, 0x96, 0xFC, 0x62, 0x96, 0x1B, 0x3D, 0x1B, 0x8D, 0x61, 0x02, 0x6C, 0x86,
    0x7F, 0xC8, 0xB0, 0xCA, 0xB8, 0xD9, 0x7C, 0x8E, 0x92, 0x73, 0x50, 0x29, 0x99, 0x36, 0xC6, 0x09,
    0xC7, 0x96, 0xF4, 0x7D, 0x2B, 0x59, 0x36, 0x39, 0x9C, 0x25, 0xD1, 0xCF, 0x42, 0xED, 0x3E, 0xD3,
    0x90, 0x41, 0x7B, 0xC0, 0x22, 0x6E, 0xCA, 0xCF, 0x01, 0x56, 0xB6, 0x30, 0xD9, 0xA3, 0x00, 0xF9,
    0xA6, 0xB0, 0xD1, 0xD9, 0x74, 0x0E, 0x65, 0x48, 0x0C, 0x56, 0xA9, 0x82, 0xD3, 0x50, 0xAD, 0xAD,
    0x8E, 0x35, 0xA0, 0x52, 0xAF, 0x43, 0x69, 0x19, 0xD4, 0x40, 0x38, 0xD9, 0x84, 0x93, 0xAB, 0x2D,
    0x9C, 0x6F, 0x28, 0x1C, 0x51, 0xD2, 0x85, 0x9C, 0x4D, 0xE4, 0x62, 0x04, 0x9E, 0x28, 0x99, 0x1F,
    0x29, 0xD9, 0x43, 0xC9, 0xEE, 0x2D, 0x2B, 0xA9, 0xDF, 0x1B, 0x71, 0xCD, 0x86, 0xC3, 0xD4, 0xCC,
    0x06, 0x55, 0x23, 0x2D, 0x78, 0xDF, 0x66, 0x82, 0x06, 0x72, 0xDB, 0x31, 0x53, 0xDF, 0xFD, 0x6C,
    0x08, 0xBE, 0x49, 0x5D, 0xFE, 0xFA, 0x20, 0xF6, 0x51, 0x3E, 0x0D, 0x97, 0x20, 0x5D, 0x3F, 0xF3,
    0x5E, 0xE9, 0x5A, 0x3C, 0x7C, 0xBA, 0x26, 0xEF, 0xDD, 0x8B, 0x7E, 0x35, 0x03, 0x6B, 0x62, 0x60,
    0x65, 0x38, 0x7D, 0x06, 0xEF, 0xFD, 0xE5, 0x81, 0xAF, 0x62, 0xAE, 0x23, 0x17, 0xAE, 0x3A, 0xC3,
    0x61, 0x7B, 0xA4, 0x20, 0xD1, 0xAE, 0x46, 0x81, 0x12, 0xA0, 0xF5, 0x20, 0x19, 0x6C, 0x37, 0xEC,
    0x25, 0x27, 0xCE, 0x90, 0xAC, 0x98, 0x80, 0x65, 0xB0, 0x41, 0xAF, 0x36, 0x1A, 0x52, 0xE0, 0x84,
    0x60, 0x11, 0xDB, 0x91, 0x7B, 0x5C, 0xCF, 0xC6, 0x8D, 0xF6, 0x43, 0x5B, 0xDC, 0xE3, 0xC9, 0xD3,
    0x97, 0x1B, 0xA7, 0x33, 0x39, 0x3B, 0xF0, 0x44, 0xAE, 0xC3, 0x65, 0x76, 0x07, 0x1E, 0x1F, 0xC3,
    0x0D, 0x39, 0x94, 0xEB, 0x45, 0x87, 0x18, 0x01, 0x0B, 0x2D, 0x64, 0x49, 0xA0, 0x8D, 0xE5, 0xE5,
    0xB9, 0x83, 0xEA, 0xF1, 0xE3, 0x22, 0xA4, 0x4A, 0xA1, 0x4E, 0x02, 0xA3, 0xB8, 0xE6, 0xB9, 0x5A,
    0x0F, 0xF7, 0x4E, 0x6D, 0xC4, 0x32, 0xA4, 0x4F, 0xED, 0x89, 0x9E, 0x31, 0x8F, 0xE6, 0x90, 0xB5,
    0x58, 0x85, 0x8A, 0x6D, 0xD6, 0x83, 0x91, 0xEB, 0x8F, 0xC9, 0x6E, 0xFF, 0x6A, 0xF4, 0x8D, 0xF5,
    0xB3, 0x46, 0xAE, 0xF7, 0xB6, 0x68, 0x47, 0xD2, 0xA6, 0xED, 0x91, 0x00, 0xD0, 0x45, 0x70, 0xB7,
    0x60, 0xCD, 0x10, 0x2B, 0x8D, 0xCD, 0x35, 0x1D, 0xCD, 0x06, 0xAE, 0xFB, 0x6F, 0x63, 0x48, 0x76,
    0xED, 0x9C, 0xC5, 0xA7, 0x97, 0x1F, 0xCC, 0x2E, 0xB8, 0xF8, 0xA7, 0x48, 0x4A, 0x0C, 0x4E, 0x1B,
    0x3F, 0x96, 0xB3, 0xD4, 0xC1, 0x46, 0xF2, 0xF5, 0x40, 0x9B, 0xAA, 0xD1, 0x9E, 0xB3, 0xB1, 0x31,
    0xAE, 0x1B, 0xC4, 0x77, 0x6E, 0xCA, 0x54, 0x2A, 0x34, 0x5F, 0xA2, 0x6F, 0xCF, 0x4C, 0x81, 0xED,
    0xD9, 0xB3, 0xB9, 0xEC, 0x4D, 0xC6, 0xBA, 0x93, 0x23, 0xC1, 0xA2, 0x91, 0x37, 0xAA, 0x2F, 0x04,
    0x3B, 0x2C, 0xDD, 0x6F, 0x82, 0x75, 0x4F, 0xA3, 0x60, 0x7C, 0xEA, 0x7A, 0xE2, 0x53, 0xD7, 0x30,
    0x7B, 0x06, 0x04, 0x58, 0xBE, 0x1E, 0x49, 0x97, 0x5F, 0x48, 0x57, 0xBD, 0x6D, 0xE9, 0x4A, 0xF8,
    0x0D, 0x2D, 0xD8, 0x09, 0x2C, 0x46, 0x3A, 0x01, 0x73, 0xE6, 0x1A, 0x4D, 0xCB, 0x28, 0x5D, 0x45,
    0xE9, 0xDA, 0x63, 0xE9, 0xB2, 0xA7, 0x49, 0x3A, 0x7A, 0xD2, 0x2E, 0xF4, 0x82, 0x63, 0xC9, 0x1C,
    0x67, 0xB5, 0xAE, 0xDC, 0x9C, 0x4A, 0x1F, 0x91, 0x74, 0xD7, 0x74, 0x95, 0x72, 0x7F, 0x5E, 0x30,
    0xF0, 0x9C, 0x42, 0x55, 0x1C, 0xA6, 0x1B, 0x19, 0x4C, 0xD2, 0x46, 0x29, 0xB4, 0x6B, 0xED, 0x79,
    0x06, 0x34, 0xA2, 0x70, 0xBC, 0x08, 0x99, 0x5A, 0xA9, 0x51, 0xCC, 0xC3, 0xF2, 0xC5, 0xCA, 0x90,
    0xA5, 0x2F, 0x65, 0xE4, 0x39, 0xB5, 0x7C, 0x6D, 0x35, 0xF7, 0x4C, 0xD0, 0xFF, 0x61, 0x25, 0xEA,
    0xF7, 0x73, 0xD3, 0xB4, 0xBC, 0x65, 0x97, 0xA5, 0xBE, 0xFF, 0x60, 0x97, 0xA5, 0xC8, 0x7F, 0x66,
    0x35, 0x8F, 0x4A, 0xFF, 0x3A, 0xCF, 0x3B, 0xC0, 0x77, 0x4E, 0x02, 0x42, 0x3B, 0xFA, 0x45, 0x01,
    0xE7, 0x10, 0x9E, 0x35, 0xF9, 0xE5, 0x4D, 0x7D, 0x9C, 0xAF, 0x52, 0x5B, 0x08, 0xAA, 0x11, 0x23,
    0x89, 0x12, 0x71, 0x18, 0xEA, 0x41, 0x92, 0x85, 0xC1, 0xF8, 0x22, 0xC0, 0xC2, 0x88, 0x1C, 0x49,
    0x32, 0x52, 0x06, 0xC6, 0xA6, 0xA6, 0x0C, 0x92, 0xE8, 0x3F, 0x0A, 0x3B, 0xB6, 0x35, 0xE5, 0x8A,
    0xA5, 0x7E, 0xA7, 0x6A, 0x8F, 0xEF, 0x9E, 0xAD, 0x3A, 0xE4, 0xD6, 0xF9, 0xD4, 0x16, 0x1B, 0x6D,
    0xAA, 0xB1, 0x0A, 0xA6, 0xE2, 0x88, 0x08, 0x81, 0x5D, 0xCF, 0xCE, 0x10, 0x71, 0x42, 0x20, 0x39,
    0xE5, 0x87, 0x84, 0xB8, 0xE1, 0x3F, 0x10, 0xD5, 0x59, 0x15, 0x1B, 0x92, 0xAA, 0xAB, 0xAA, 0x36,
    0x08, 0x1B, 0xCA, 0x63, 0x86, 0xCF, 0xEA, 0x84, 0xE0, 0x21, 0x0E, 0x7C, 0xFC, 0xBB, 0xD9, 0x07,
    0xB3, 0x2C, 0xC7, 0x2C, 0xC3, 0x7C, 0x34, 0x92, 0x84, 0xDE, 0x05, 0x34, 0x90, 0x82, 0x4D, 0x22,
    0xDA, 0x73, 0x8A, 0x16, 0xA3, 0x6C, 0x39, 0xA6, 0x1C, 0x14, 0x24, 0x9F, 0x2D, 0x66, 0xC5, 0x84,
    0x70, 0xE1, 0xDF, 0xAF, 0x69, 0xBF, 0x15, 0x1D, 0xA3, 0x45, 0xE8, 0x93, 0x95, 0xA5, 0xDB, 0x16,
    0xD4, 0x72, 0x06, 0xF5, 0xF9, 0x62, 0x84, 0xE6, 0xD0, 0xBB, 0x70, 0xDD, 0x2A, 0xD5, 0x77, 0x34,
    0xD6, 0x85, 0x97, 0x23, 0xD7, 0xAD, 0x06, 0xAE, 0x16, 0xF7, 0x20, 0xA7, 0x5C, 0xBD, 0x9F, 0x84,
    0x0B, 0xE1, 0x1C, 0x4A, 0x56, 0x3D, 0xE7, 0x1E, 0x09, 0x1C, 0xC8, 0xF4, 0x55, 0x1D, 0x32, 0x5C,
    0x30, 0x07, 0x88, 0x9B, 0x6C, 0xF1, 0xC0, 0x1E, 0x5F, 0xBC, 0xDE, 0x6C, 0x99, 0x00, 0x29, 0x54,
    0x36, 0x48, 0x0C, 0x38, 0x99, 0xC3, 0x56, 0x2F, 0x01, 0x33, 0x23, 0xC0, 0x95, 0x93, 0x47, 0x17,
    0x93, 0x27, 0x9F, 0xF7, 0x79, 0x38, 0x25, 0xA2, 0x48, 0xF0, 0xF7, 0x53, 0x1F, 0x83, 0x4C, 0x95,
    0xAD, 0x21, 0x77, 0x7C, 0xB4, 0xCD, 0x06, 0x5A, 0x9F, 0xF2, 0x5E, 0x50, 0x79, 0x36, 0x80, 0x32,
    0x65, 0xFA, 0x5D, 0xE1, 0x84, 0x7B, 0xE9, 0xC3, 0xCE, 0x61, 0xB5, 0xEF, 0x06, 0xFE, 0x5C, 0x23,
    0xD1, 0x2F, 0x7A, 0x0C, 0x4A, 0x32, 0x5A, 0x0C, 0xD6, 0xA6, 0xE6, 0x3B, 0xA1, 0x57, 0x4A, 0x0F,
    0xB9, 0x17, 0x62, 0x9A, 0xF9, 0x11, 0x7F, 0xDA, 0x48, 0x35, 0x70, 0xC3, 0x94, 0x4F, 0xAA, 0x01,
    0xB9, 0xF4, 0x6D, 0x05, 0x08, 0xA4, 0x46, 0x4E, 0xF7, 0x5D, 0x57, 0xF9, 0x52, 0x76, 0x78, 0xB5,
    0x6E, 0x1F, 0xFE, 0x7F, 0x66, 0x1D, 0xC2, 0xA8, 0xB6, 0xDE, 0x60, 0x98, 0x45, 0xD4, 0x9A, 0x6A,
    0xB1, 0x0B, 0x4E, 0x2C, 0x46, 0x68, 0x00, 0x5F, 0xBA, 0xCE, 0xA6, 0x3F, 0x9C, 0x46, 0x26, 0xDB,
    0xFE, 0xD4, 0x75, 0x7B, 0xCA, 0x7E, 0x2C, 0xD0, 0x47, 0xBC, 0xEE, 0xA7, 0x6A, 0x2C, 0x43, 0x1D,
    0xAE, 0xFD, 0x68, 0xB5, 0x62, 0x30, 0x3B, 0x4B, 0xC6, 0x0D, 0x9C, 0xE1, 0x83, 0x12, 0x3F, 0x7A,
    0xA9, 0x46, 0x95, 0x7A, 0x80, 0x47, 0x5E, 0xB5, 0x81, 0xFC, 0x85, 0x8E, 0x5B, 0xA3, 0xD0, 0x99,
    0xE9, 0x0A, 0x35, 0xF2, 0xFF, 0xB0, 0x3B, 0x5D, 0x83, 0xE9, 0xB0, 0x9E, 0xE8, 0x30, 0x60, 0x70,
    0xAF, 0x42, 0x1D, 0xA8, 0x00, 0x70, 0xA5, 0x6B, 0x6C, 0xC5, 0xA4, 0x65, 0x42, 0x50, 0x87, 0x9C,
    0x3A, 0xBC, 0xF3, 0x30, 0xC8, 0xDC, 0x3E, 0xFC, 0x76, 0x75, 0x78, 0x69, 0xDB, 0x66, 0x52, 0x6C,
    0x31, 0xC3, 0xC7, 0xFE, 0xA1, 0x75, 0x60, 0xD3, 0xC8, 0xAD, 0xA7, 0xCE, 0x5F, 0x26, 0x31, 0x3E,
    0xB7, 0xAF, 0xBF, 0x8F, 0x7B, 0xEE, 0x5E, 0x5F, 0x1F, 0x3A, 0x0B, 0x20, 0x66, 0xB6, 0x70, 0xB9,
    0xBF, 0xC0, 0xBC, 0xB6, 0x13, 0xAB, 0xFA, 0xA8, 0x2A, 0xD9, 0x9D, 0xC0, 0xCC, 0xE0, 0x1D, 0xF2,
    0x74, 0x2B, 0x55, 0x7E, 0x27, 0xCA, 0x53, 0x27, 0xF9, 0xCA, 0x29, 0xCF, 0xC3, 0x6B, 0xC3, 0x6A,
    0xA7, 0xFD, 0x46, 0x95, 0x51, 0x57, 0x1B, 0x35, 0x56, 0xE6, 0xDA, 0xC6, 0xD9, 0x4C, 0x4D, 0x1C,
    0x1E, 0x90, 0xF0, 0xB0, 0xE2, 0x74, 0x79, 0x76, 0x5F, 0xB5, 0x96, 0x7A, 0xA3, 0x7B, 0xAE, 0xCB,
    0x5E, 0x7E, 0x42, 0xB7, 0x31, 0x52, 0xC0, 0x09, 0x41, 0xDF, 0xFD, 0xD7, 0xB5, 0xAA, 0xD3, 0x4E,
    0x89, 0x6A, 0xB8, 0x34, 0xD7, 0xBF, 0x64, 0x03, 0xAF, 0x5A, 0xF3, 0x02, 0xCE, 0x50, 0x6E, 0xEE,
    0x9F, 0xCE, 0xBB, 0x93, 0x75, 0x48, 0xBB, 0x14, 0x27, 0xEC, 0x38, 0xF8, 0x60, 0xCA, 0xBE, 0xF2,
    0x8D, 0x23, 0xF0, 0xA8, 0xC2, 0x3B, 0x7B, 0xEC, 0x27, 0x9F, 0xFF, 0xD7, 0xBB, 0xD1, 0xF5, 0xB5,
    0x2A, 0x86, 0x4A, 0x52, 0xDA, 0xF0, 0x8D, 0xD7, 0xB5, 0x14, 0xC3, 0x77, 0xC6, 0xED, 0x79, 0x61,
    0xF3, 0xB0, 0xF8, 0x97, 0x00, 0xCA, 0x94, 0x56, 0x45, 0x91, 0x2B, 0xAC, 0xB9, 0xB3, 0xD5, 0xEB,
    0x4F, 0xB6, 0x7A, 0xFA, 0xB5, 0xF6, 0xD5, 0x1B, 0x86, 0x5C, 0xDD, 0x98, 0xD1, 0x4A, 0x3A, 0x41,
    0xD0, 0x2C, 0x48, 0xBB, 0x61, 0xB4, 0x66, 0x97, 0xD3, 0x7D, 0x0F, 0x62, 0xD8, 0x11, 0x12, 0xC3,
    0x27, 0xF8, 0x01, 0x99, 0x45, 0x20, 0x34, 0xBA, 0x15, 0x48, 0x07, 0xB1, 0xC5, 0xE4, 0x16, 0x08,
    0xFE, 0xB8, 0x54, 0x4C, 0xB6, 0xBD, 0x8A, 0xD7, 0x49, 0x3A, 0x93, 0xA6, 0x47, 0x9B, 0xB9, 0xC9,
    0x61, 0x77, 0x00, 0x4E, 0xEE, 0x5B, 0xC8, 0x25, 0x92, 0x8A, 0x47, 0x53, 0xAB, 0x9E, 0x6C, 0x21,
    0x73, 0x32, 0x5E, 0x7B, 0x0D, 0x0E, 0x07, 0xEE, 0x79, 0x3C, 0xE8, 0x10, 0x5B, 0xDC, 0xFF, 0x7D,
    0x66, 0x73, 0x82, 0xD9, 0x32, 0x9E, 0x85, 0x33, 0xD3, 0xEB, 0x4C, 0x40, 0x55, 0xBA, 0xFB, 0x6A,
    0x64, 0x59, 0xFA, 0x46, 0xE8, 0x85, 0xFB, 0xBF, 0xE4, 0x56, 0x2E, 0xB8, 0xF1, 0x64, 0xD9, 0x76,
    0x80, 0xC9, 0x7C, 0x5C, 0x13, 0x1E, 0x93, 0x2F, 0x7E, 0xBD, 0x24, 0x1B, 0x33, 0x9A, 0xC9, 0x4A,
    0x31, 0xD3, 0x03, 0x47, 0x72, 0xB6, 0x50, 0x5D, 0x30, 0xE4, 0xCD, 0x67, 0x72, 0x39, 0x1D, 0x3D,
    0x50, 0x16, 0x78, 0x5E, 0x4D, 0x94, 0xA1, 0x8C, 0xFC, 0x8D, 0x60, 0xA9, 0x3F, 0x7C, 0x1D, 0x62,
    0xE6, 0xAA, 0x8C, 0x39, 0xC7, 0x61, 0x9C, 0xC5, 0xEF, 0xBF, 0x1E, 0xC4, 0x68, 0xC1, 0x35, 0x92,
    0xEB, 0xC5, 0x33, 0x59, 0x3F, 0x82, 0xFA, 0xF9, 0x59, 0x3A, 0xB6, 0x31, 0xD3, 0xA1, 0x5D, 0x72,
    0xED, 0x3D, 0x80, 0xBF, 0x00, 0xC6, 0x1C, 0x0F, 0xB9, 0xD0, 0xD9, 0xE2, 0xDE, 0x39, 0xA8, 0x54,
    0x06, 0x63, 0x82, 0x75, 0xC1, 0x74, 0x3D, 0x87, 0x22, 0x72, 0xC1, 0xD0, 0xEA, 0x6F, 0x01, 0x40,
    0xF9, 0xEC, 0x4E, 0xFF, 0x2F, 0x00, 0x4E, 0x99, 0x78, 0xE4, 0x67, 0x40, 0xC8, 0x4C, 0x67, 0x02,
    0x3C, 0x1A, 0x5B, 0x55, 0xC8, 0x97, 0x1D, 0xE4, 0x5B, 0x1E, 0x56, 0x3E, 0x2E, 0xCE, 0x08, 0xB8,
    0x25, 0x2B, 0x94, 0xE1, 0x2A, 0x0D, 0x1F, 0x6B, 0xF9, 0xAB, 0x67, 0x29, 0x2F, 0xB3, 0xD1, 0xF1,
    0x99, 0x7C, 0xCB, 0x17, 0x3E, 0x91, 0xB6, 0xFA, 0xC7, 0x90, 0x97, 0xFB, 0xAB, 0x18, 0x2F, 0xAF,
    0xC4, 0x7E, 0xD5, 0x44, 0xF6, 0x81, 0xDC, 0x0E, 0x14, 0xBA, 0xFA, 0xBC, 0x67, 0x49, 0x68, 0xBE,
    0x38, 0x69, 0xC4, 0x07, 0x5E, 0x87, 0xB7, 0x3A, 0x72, 0x7D, 0xC6, 0xC5, 0xFA, 0xB1, 0x48, 0xEE,
    0xD6, 0x4D, 0xD2, 0x85, 0xAC, 0x94, 0x3A, 0xD5, 0xB0, 0x95, 0x86, 0x67, 0x2A, 0x97, 0xF7, 0x75,
    0xC1, 0x4C, 0xC7, 0xE3, 0xFA, 0x10, 0x1F, 0x59, 0x7D, 0xE0, 0x78, 0xF4, 0x19, 0xD0, 0x2C, 0x3F,
    0x68, 0x76, 0x83, 0x24, 0x9E, 0x94, 0xAC, 0x97, 0xB7, 0x30, 0xE5, 0xBD, 0x86, 0x2E, 0x66, 0x6F,
    0x90, 0xA0, 0xCD, 0xBD, 0xC5, 0xCC, 0x56, 0x2C, 0xFD, 0xC7, 0x0F, 0x32, 0x31, 0xCB, 0x23, 0x31,
    0x07, 0x6C, 0xFA, 0x74, 0x87, 0x3D, 0x33, 0x67, 0x20, 0x72, 0x3A, 0x18, 0xCE, 0x94, 0x6C, 0xEB,
    0x2A, 0x1D, 0xC8, 0xD9, 0x22, 0x45, 0xCF, 0x05, 0xBF, 0x19, 0x9B, 0xFB, 0x38, 0xC5, 0x6A, 0x42,
    0xC9, 0x53, 0xAF, 0x41, 0xAA, 0x08, 0xCF, 0x6D, 0xC1, 0xC3, 0xE1, 0x18, 0xB8, 0xCC, 0x82, 0xC3,
    0xA6, 0x31, 0xA2, 0x38, 0x6C, 0x8C, 0x9D, 0x20, 0x6A, 0x1C, 0x6A, 0x67, 0xAB, 0x1E, 0x02, 0x95,
    0x2F, 0x7A, 0xF8, 0x51, 0x7A, 0x39, 0x2B, 0xA4, 0xC6, 0x69, 0x15, 0xB4, 0x81, 0xDA, 0xF6, 0x4B,
    0x1E, 0xDF, 0xB4, 0xB4, 0x1C, 0xAB, 0xDA, 0x26, 0xAA, 0x1B, 0x7C, 0xD7, 0x7E, 0xBD, 0x8A, 0x9D,
    0xAA, 0xB4, 0xBF, 0xCC, 0xBD, 0x89, 0xBF, 0x5F, 0xA5, 0xFD, 0x75, 0x93, 0xB3, 0xBA, 0xB5, 0x88,
    0xFB, 0xFD, 0xC9, 0x4E, 0xEF, 0xCC, 0xE2, 0xCE, 0x38, 0xAE, 0xD4, 0x00, 0x8F, 0x78, 0x8A, 0xBC,
    0xED, 0x78, 0xDA, 0x6F, 0x4B, 0x15, 0xB6, 0xA0, 0x59, 0x33, 0x2E, 0x36, 0xD9, 0x66, 0x68, 0xE0,
    0x1C, 0xF7, 0x21, 0x99, 0x29, 0xE1, 0x20, 0x59, 0x20, 0x97, 0x0B, 0xD9, 0xBD, 0x02, 0xD0, 0xA0,
    0x5A, 0xEA, 0x82, 0xCD, 0xAA, 0x89, 0xEC, 0xA6, 0x4A, 0x67, 0xAF, 0x83, 0x9F, 0x2B, 0x9D, 0xB2,
    0x55, 0x74, 0xCE, 0xA2, 0xA4, 0x6B, 0xAA, 0x4B, 0x81, 0x71, 0x72, 0xA6, 0x0B, 0xBC, 0xD6, 0x42,
    0x17, 0x37, 0x62, 0xFD, 0xF8, 0x4E, 0x84, 0xBF, 0xFA, 0xD3, 0xB7, 0x22, 0x9C, 0xF5, 0xFA, 0x47,
    0xAA, 0x96, 0x4F, 0xBF, 0xA4, 0x1C, 0xB0, 0x7D, 0xAA, 0xCE, 0xE0, 0x35, 0xD1, 0x00, 0xAF, 0x97,
    0x44, 0x47, 0x31, 0x0B, 0x95, 0xDB, 0x02, 0xA6, 0xF7, 0xFE, 0x5A, 0x2E, 0xFC, 0x39, 0x3C, 0x5A,
    0xE9, 0x60, 0x21, 0xA2, 0xBA, 0xF0, 0xCE, 0x32, 0xF2, 0x46, 0x0D, 0xBE, 0x0C, 0x5D, 0x10, 0x78,
    0xD3, 0x3F, 0x5F, 0xB8, 0xCE, 0x05, 0x31, 0xEB, 0xE0, 0xEC, 0x52, 0xC1, 0xDB, 0x95, 0x6E, 0x2B,
    0x45, 0x8B, 0x17, 0xC3, 0x05, 0x56, 0xBC, 0x7D, 0x02, 0x6D, 0xA6, 0xEC, 0xA3, 0xE1, 0x8D, 0x2E,
    0x3F, 0xF8, 0xB3, 0xD1, 0x22, 0xFB, 0xA0, 0x38, 0xBD, 0xA0, 0xD1, 0x5A, 0x06, 0xED, 0x2F, 0xBF,
    0xCF, 0xB0, 0x8B, 0xB3, 0x1E, 0x6F, 0x7F, 0x96, 0xAE, 0x99, 0x86, 0xDC, 0xB0, 0xD0, 0x98, 0xE9,
    0x54, 0xE8, 0x82, 0xB4, 0x42, 0x21, 0x58, 0x52, 0x45, 0xF3, 0xFB, 0xCF, 0x82, 0xB2, 0xC8, 0x22,
    0x50, 0x8F, 0xB8, 0xA0, 0xDD, 0x10, 0xAA, 0x9D, 0xA1, 0x35, 0x1F, 0x0D, 0x17, 0x60, 0x1B, 0x80,
    0x6E, 0x34, 0xEC, 0x0F, 0x83, 0xFD, 0x8F, 0xB1, 0xD4, 0x73, 0xDF, 0xBA, 0x00, 0x75, 0x32, 0x1C,
    0x21, 0x0F, 0x5A, 0x61, 0x36, 0xF3, 0xC5, 0x61, 0x76, 0x03, 0xAA, 0x94, 0xC2, 0x7B, 0xD6, 0xB4,
    0x2B, 0x26, 0x7C, 0xF2, 0x92, 0x51, 0xB1, 0x2F, 0xF9, 0x72, 0xBC, 0xDB, 0x1F, 0x11, 0x17, 0x17,
    0xF8, 0xF4, 0xB4, 0xA0, 0x5C, 0x80, 0xEA, 0xC9, 0x1E, 0xC5, 0xF5, 0x23, 0x4D, 0xEC, 0x40, 0xF9,
    0xCA, 0x56, 0xA8, 0x53, 0xCB, 0x79, 0xD6, 0x3D, 0xDF, 0x3A, 0xF6, 0x28, 0xD3, 0xE3, 0x9B, 0xCD,
    0x05, 0x23, 0xED, 0x61, 0x13, 0xDE, 0x2A, 0x83, 0xBD, 0x55, 0x8E, 0x34, 0x65, 0xBC, 0xB4, 0xF8,
    0xDB, 0x8B, 0x27, 0xD9, 0x07, 0xB6, 0x4A, 0xD8, 0xB2, 0x58, 0x0F, 0x06, 0x19, 0xDE, 0x36, 0xC8,
    0xA7, 0x5C, 0x25, 0x0F, 0xD5, 0x2C, 0x45, 0xF0, 0xE3, 0x66, 0x74, 0xB1, 0x0A, 0x7D, 0x11, 0x3F,
    0x78, 0xAC, 0x38, 0x2B, 0x8A, 0xE0, 0x8A, 0x6B, 0x45, 0x5C, 0x62, 0x21, 0x78, 0x55, 0xAA, 0xB9,
    0x85, 0xBE, 0xA7, 0x37, 0xC3, 0xD5, 0x95, 0x8B, 0x8D, 0x00, 0x5C, 0x07, 0x68, 0x1E, 0x9B, 0x66,
    0x37, 0xBF, 0x8E, 0x96, 0xCE, 0x57, 0x5D, 0xB3, 0xE4, 0x36, 0xBE, 0xAF, 0xE3, 0x63, 0x94, 0xEB,
    0xFF, 0x00, 0x65, 0x93, 0xB1, 0x91, 0xA6, 0x46, 0x10, 0x85, 0x3F, 0x40, 0x12, 0x06, 0xC6, 0xC8,
    0x58, 0x6F, 0x8D, 0x09, 0x61, 0x22, 0x50, 0x0D, 0x19, 0x28, 0x14, 0x65, 0x20, 0xF0, 0x94, 0x86,
    0x12, 0x51, 0x31, 0x21, 0xA0, 0x08, 0x84, 0x21, 0x7F, 0x31, 0x50, 0x89, 0xDB, 0x03, 0xDE, 0x31,
    0x0D, 0xB5, 0x4B, 0xD5, 0xF5, 0xDF, 0xAF, 0xBF, 0xBF, 0xA8, 0x9E, 0x7E, 0x03, 0x0C, 0x40, 0xFD,
    0xF7, 0x4A, 0x8E, 0xEA, 0xFF, 0xD9, 0x58, 0x2A, 0x19, 0xD1, 0x05, 0xFE, 0xBA, 0x20, 0xF5, 0x37,
    0xD3, 0x93, 0x85, 0x34, 0x66, 0xE2, 0x34, 0x19, 0x83, 0x66, 0x63, 0xF7, 0xCF, 0x45, 0xFD, 0xBA,
    0x5C, 0x63, 0x1B, 0xF3, 0xA9, 0xB6, 0x7A, 0xCB, 0x74, 0x4B, 0x65, 0xF4, 0x73, 0xB5, 0x67, 0xC6,
    0x54, 0x1E, 0x99, 0x92, 0x74, 0x8D, 0x35, 0x56, 0x99, 0x2D, 0x34, 0x99, 0x7D, 0x6E, 0x87, 0x2E,
    0x41, 0x1C, 0x4F, 0x9D, 0x1C, 0x7A, 0xFB, 0x1F, 0xB5, 0x52, 0x4B, 0x6D, 0xF7, 0xC1, 0x25, 0x2F,
    0x61, 0x38, 0xE9, 0x4E, 0x52, 0xCD, 0xBF, 0x43, 0xF5, 0xBE, 0x41, 0x61, 0xFB, 0x1B, 0x12, 0x10,
    0x79, 0x46, 0xA3, 0x3C, 0x4B, 0x33, 0x48, 0x1B, 0x45, 0x2E, 0xE5, 0x56, 0xED, 0x57, 0x21, 0xDC,
    0xD7, 0x68, 0x72, 0xF1, 0x4B, 0xBD, 0x12, 0x53, 0xB3, 0x10, 0x7B, 0xB7, 0xD0, 0xF5, 0xDD, 0x7F,
    0x74, 0x5F, 0x25, 0xA2, 0x24, 0x82, 0xDE, 0x44, 0x7D, 0x9C, 0x2D, 0xF0, 0x0B, 0x30, 0x40, 0xA9,
    0x96, 0xFA, 0x2D, 0xE1, 0xFE, 0x18, 0xE9, 0xB4, 0x31, 0xDC, 0x92, 0x56, 0xAA, 0x0D, 0x53, 0x9D,
    0xB5, 0x42, 0xB3, 0x80, 0x9B, 0x3F, 0xE5, 0x27, 0x08, 0xE3, 0xA5, 0x98, 0x2E, 0x75, 0xFD, 0xA5,
    0xA1, 0x25, 0x6A, 0xCF, 0x23, 0x3F, 0xC6, 0xF2, 0x02, 0x1B, 0x95, 0x68, 0xDE, 0xDA, 0xE0, 0xD2,
    0xCB, 0x8F, 0x2D, 0xD0, 0xAC, 0x84, 0x9D, 0x70, 0x10, 0x0F, 0xCA, 0x9D, 0xEA, 0xCC, 0x2D, 0x67,
    0xBD, 0xD2, 0x9C, 0xB9, 0xE0, 0xE6, 0x9C, 0x5E, 0x39, 0x9D, 0xF2, 0x75, 0x8B, 0xDF, 0xF4, 0xEF,
    0xF5, 0x12, 0xC0, 0x49, 0x4A, 0x76, 0x83, 0x23, 0xC3, 0x48, 0x37, 0x21, 0xF0, 0x63, 0x71, 0x40,
    0x48, 0xE5, 0x6E, 0xF5, 0x80, 0xEB, 0x5E, 0xA1, 0xD0, 0x02, 0x20, 0x7D, 0x01, 0x62, 0x5E, 0x44,
    0x2D, 0x6D, 0xC0, 0xAB, 0xAC, 0xCD, 0xEB, 0x6E, 0xFE, 0x01, 0x10, 0x7E, 0xCC, 0x35, 0x26, 0x0A,
    0xAB, 0xD5, 0x4E, 0x9C, 0xF0, 0x9B, 0x19, 0x2E, 0x78, 0xB3, 0x6D, 0x24, 0x5D, 0x9B, 0x32, 0x03,
    0x20, 0xF7, 0x01, 0xB5, 0x79, 0xB9, 0xC9, 0xE6, 0x26, 0xDB, 0xF8, 0xD1, 0x96, 0xD2, 0xD4, 0x48,
    0xB3, 0x7B, 0x1F, 0x16, 0x3F, 0xB9, 0x39, 0xCC, 0x3F, 0xFD, 0xE9, 0x8F, 0x16, 0x97, 0x9F, 0xB9,
    0xD4, 0xD3, 0x69, 0xFC, 0xB9, 0x18, 0xA6, 0x01, 0x3F, 0x89, 0x30, 0x4A, 0x4A, 0x83, 0xD4, 0x46,
    0xED, 0x34, 0x9A, 0x28, 0xF6, 0xFB, 0xBD, 0xCC, 0xD0, 0x8C, 0xE0, 0xFA, 0x53, 0xCA, 0x91, 0x6E,
    0x78, 0x43, 0x1F, 0x0C, 0x6D, 0x4C, 0xF5, 0x46, 0xD7, 0xC6, 0xBE, 0x5E, 0x19, 0x88, 0x6D, 0xB3,
    0x9C, 0x00, 0xB7, 0x40, 0xC6, 0xFC, 0x84, 0x9F, 0x0C, 0xE1, 0xC6, 0x68, 0x88, 0xE9, 0x89, 0xEE,
    0x46, 0x6F, 0x18, 0x5A, 0x83, 0xF8, 0x1E, 0xC5, 0x61, 0x18, 0xB4, 0x66, 0x48, 0xCB, 0x27, 0x0A,
    0x69, 0x7E, 0x1E, 0xF1, 0x95, 0xE7, 0x1E, 0x46, 0x43, 0xE8, 0x0D, 0xF1, 0xF9, 0xB5, 0x5B, 0xD4,
    0xFD, 0x65, 0x2B, 0x4C, 0x85, 0x2E, 0xAB, 0xA8, 0x83, 0xCE, 0xB4, 0xDB, 0x79, 0xFB, 0x38, 0xB2,
    0x8F, 0x63, 0xEB, 0xE7, 0xD7, 0xE4, 0xA7, 0x30, 0x9E, 0xBF, 0x14, 0xA7, 0x98, 0x82, 0xD4, 0x7B,
    0x09, 0xA7, 0x8D, 0x52, 0x97, 0xAF, 0x3D, 0xDA, 0xBC, 0x66, 0x3A, 0x95, 0x20, 0xB4, 0xF0, 0x0D,
    0x63, 0x7F, 0x20, 0xFF, 0xC5, 0x1E, 0x08, 0xF5, 0x3F, 0xF0, 0x5F, 0xB0, 0x6F, 0xA8, 0x67, 0xE0,
    0x60, 0xA0, 0xA7, 0x08, 0x00, 0xDD, 0x9A, 0x3F, 0xF0, 0xE4, 0x46, 0x56, 0xC7, 0x9F, 0x46, 0xE5,
    0x9D, 0x40, 0x55, 0x28, 0x81, 0x00, 0x36, 0x50, 0x48, 0xA8, 0x3C, 0xA1, 0xC5, 0x39, 0xBC, 0xE0,
    0x1C, 0x70, 0x31, 0x79, 0x72, 0x9B, 0x07, 0x94, 0x54, 0x38, 0x20, 0x20, 0x38, 0xE7, 0x09, 0x79,
    0x82, 0x09, 0x48, 0xA8, 0xA2, 0x2C, 0xE1, 0x0D, 0x1C, 0x38, 0x40, 0x77, 0x04, 0x0E, 0x08, 0xD0,
    0x61, 0x17, 0x04, 0x04, 0x2B, 0xFB, 0x44, 0x59, 0xCB, 0x4A, 0xFA, 0xD2, 0x9F, 0x7A, 0xFD, 0x1B,
    0xED, 0x9C, 0x7F, 0xDE, 0x5A, 0x63, 0xAE, 0x0E, 0x4E, 0x3B, 0x7A, 0xDF, 0x37, 0x33, 0x9A, 0xEE,
    0xEF, 0xFB, 0xD3, 0xDD, 0xAF, 0xFB, 0xB7, 0x66, 0xF6, 0x47, 0x97, 0x39, 0x4A, 0x53, 0xB1, 0x44,
    0x99, 0xE9, 0x47, 0x80, 0xA9, 0x9C, 0x81, 0xBF, 0xBF, 0x8E, 0x66, 0x41, 0x92, 0xE6, 0x07, 0x68,
    0x81, 0xC9, 0x61, 0xB4, 0xCB, 0x61, 0x56, 0x0D, 0x76, 0xD9, 0xCD, 0xEA, 0xC1, 0xF2, 0xCD, 0x2C,
    0x38, 0xFC, 0x5E, 0x63, 0xD7, 0xCD, 0xB8, 0xAE, 0x2B, 0xD2, 0x62, 0xF3, 0x5C, 0x25, 0x8D, 0x38,
    0x4C, 0x0E, 0xB1, 0x87, 0xCA, 0xA1, 0x9E, 0x8C, 0x2B, 0x8C, 0x0E, 0xC3, 0xEB, 0xD0, 0xC6, 0x66,
    0x17, 0xB3, 0xBE, 0xB3, 0x2B, 0xD0, 0x58, 0xF1, 0x08, 0x23, 0xA0, 0x07, 0x68, 0xE1, 0x89, 0x5E,
    0xF2, 0x3B, 0xC1, 0x52, 0xD2, 0x42, 0x67, 0xDA, 0x2C, 0xEC, 0xF6, 0x74, 0x37, 0x4D, 0x96, 0xEF,
    0x17, 0x35, 0x91, 0x79, 0x7E, 0x58, 0x64, 0x5C, 0x6C, 0x16, 0x09, 0x97, 0x8B, 0x59, 0xF6, 0xB7,
    0x15, 0xB6, 0x5B, 0x2D, 0x69, 0xA0, 0x8F, 0x3B, 0xD9, 0xC1, 0xC4, 0x2C, 0xC9, 0xE0, 0x72, 0x8A,
    0xBD, 0x59, 0xC0, 0xAC, 0xB9, 0xDA, 0x78, 0x5F, 0xAA, 0xC9, 0x34, 0x5C, 0xA1, 0x62, 0x19, 0xDD,
    0x42, 0x04, 0x83, 0x9D, 0x54, 0xD0, 0x6E, 0xDC, 0xAD, 0x36, 0xEB, 0xE3, 0x8D, 0xFB, 0xB8, 0x71,
    0x1C, 0x37, 0x2E, 0xE3, 0x2E, 0x16, 0x9A, 0x3C, 0xEF, 0x6A, 0x8A, 0xB4, 0x88, 0x08, 0xF7, 0xE0,
    0x77, 0xDB, 0xF9, 0xDD, 0x37, 0x0F, 0x4D, 0xDE, 0x9A, 0xB5, 0x77, 0xEC, 0x3D, 0x0B, 0x1F, 0xC7,
    0x0F, 0x9E, 0xEF, 0xD6, 0x7F, 0x12, 0xF1, 0xDD, 0xC5, 0x7E, 0x37, 0x7E, 0xC6, 0xF5, 0xF0, 0x90,
    0xB4, 0x1A, 0xDE, 0xF1, 0xBE, 0xBF, 0x5B, 0xBF, 0xBD, 0xF7, 0x6B, 0x4A, 0xCD, 0x9D, 0x4D, 0xD2,
    0x43, 0xAF, 0x01, 0xB8, 0xA1, 0x87, 0x05, 0xF4, 0x38, 0x17, 0x9A, 0x01, 0xAB, 0x12, 0x86, 0x17,
    0x8E, 0xED, 0x3F, 0x2E, 0x80, 0xE9, 0x87, 0x2B, 0x70, 0x91, 0x27, 0x52, 0xBE, 0x3B, 0x96, 0x6B,
    0xBE, 0x83, 0xD5, 0x9C, 0x1F, 0xEE, 0xFD, 0x8B, 0xC0, 0x7E, 0xC8, 0x04, 0x4A, 0x02, 0x2F, 0x60,
    0x13, 0xED, 0x01, 0x3B, 0x4F, 0x35, 0x88, 0xD4, 0xB3, 0x07, 0x2F, 0xB8, 0x3D, 0xD8, 0x40, 0x00,
    0x83, 0x56, 0x1E, 0x6D, 0xDA, 0x1B, 0x2E, 0x56, 0x48, 0xD6, 0x7B, 0xE2, 0xA4, 0x51, 0x30, 0x3C,
    0x40, 0x0B, 0x74, 0x0E, 0x8D, 0x31, 0x0A, 0xDA, 0x08, 0x91, 0x57, 0xEF, 0x5E, 0x4C, 0xF0, 0x63,
    0xFB, 0xF6, 0x51, 0xD0, 0x39, 0xAC, 0x0E, 0x8C, 0x23, 0x67, 0x5E, 0x4F, 0x46, 0x62, 0xC2, 0x0D,
    0x18, 0x3C, 0xB4, 0x0E, 0x10, 0x17, 0xBE, 0xA7, 0x4B, 0x3E, 0xA8, 0x36, 0x67, 0xB4, 0xDE, 0x8D,
    0x82, 0x86, 0x51, 0xA0, 0x2F, 0xCC, 0x59, 0x4F, 0x0E, 0x87, 0xA5, 0x2F, 0x1D, 0x06, 0x6F, 0x22,
    0xC2, 0x7E, 0x1B, 0xB4, 0x27, 0x5C, 0x13, 0xAC, 0x90, 0x80, 0xF5, 0x55, 0xCE, 0x73, 0xBB, 0x63,
    0xBD, 0x7F, 0x07, 0xD6, 0x78, 0x3A, 0xBF, 0x67, 0xBD, 0x3C, 0x4C, 0x23, 0x00, 0x4F, 0x38, 0x5B,
    0xFF, 0xF2, 0x06, 0xED, 0x49, 0x7E, 0x37, 0x58, 0x67, 0x9B, 0xC1, 0xFA, 0xE2, 0x19, 0x9B, 0x3B,
    0x70, 0x3D, 0xEE, 0xEB, 0xF9, 0x11, 0xA8, 0xE8, 0x86, 0xA4, 0x7E, 0xD3, 0x8C, 0xE3, 0xD0, 0x21,
    0x61, 0x9D, 0x06, 0x6E, 0x1A, 0x3B, 0x27, 0xF4, 0x80, 0xBF, 0x77, 0xCF, 0xF4, 0x6E, 0x9B, 0x01,
    0x9A, 0x4F, 0xCC, 0x37, 0xA8, 0x41, 0xD3, 0xB9, 0x15, 0xAB, 0x95, 0x8B, 0x13, 0x85, 0x16, 0xE2,
    0x01, 0xE1, 0x87, 0xA8, 0xC1, 0x7A, 0xE4, 0x05, 0x31, 0x5E, 0x50, 0x02, 0xE1, 0xE4, 0x28, 0x67,
    0x99, 0xB9, 0x73, 0x71, 0x8D, 0xA9, 0x71, 0xA7, 0xC8, 0x9B, 0x07, 0x69, 0x36, 0x3E, 0xE2, 0xA1,
    0x8A, 0x58, 0xCA, 0x69, 0x56, 0x77, 0x38, 0x5B, 0xED, 0xE8, 0x4D, 0x97, 0x11, 0x3B, 0x70, 0xB2,
    0xD0, 0x80, 0x31, 0x56, 0x60, 0x35, 0x58, 0xBA, 0xFE, 0x9F, 0xAE, 0x0F, 0x34, 0xFD, 0x97, 0xD2,
    0x27, 0xD2, 0x80, 0xFA, 0x23, 0xDE, 0xB9, 0x5A, 0xBA, 0x4A, 0xA7, 0xFE, 0x45, 0x17, 0x7B, 0xDE,
    0x62, 0x3F, 0x39, 0x9A, 0x95, 0x47, 0xEC, 0xAB, 0xDC, 0xE9, 0x33, 0x57, 0xD3, 0x76, 0xED, 0x82,
    0x9A, 0x69, 0xE8, 0xFF, 0xF8, 0x61, 0xBE, 0x9B, 0x55, 0x28, 0xB9, 0x66, 0x55, 0xBD, 0xB9, 0x5A,
    0x1E, 0xF4, 0xEE, 0x5C, 0x3D, 0x4D, 0x1E, 0x26, 0xA9, 0xDD, 0xED, 0x17, 0x97, 0x27, 0xE7, 0xDE,
    0xEA, 0x33, 0x79, 0xC2, 0x4D, 0x95, 0x8C, 0x7E, 0x09, 0x71, 0xB1, 0xA5, 0x6C, 0x14, 0xA9, 0x83,
    0xE1, 0x04, 0xB4, 0x58, 0x5C, 0xBD, 0x6C, 0x44, 0x0B, 0xF5, 0xC9, 0xFB, 0xAE, 0x3E, 0xFF, 0xC0,
    0xC2, 0xA7, 0x31, 0xB0, 0x51, 0xFD, 0x24, 0x3E, 0xA4, 0xB9, 0x90, 0xBA, 0x08, 0x51, 0x1D, 0xCA,
    0xA8, 0xD6, 0x1A, 0xAD, 0x52, 0x53, 0x8A, 0xBB, 0x23, 0x1E, 0x51, 0xB5, 0x2B, 0x2B, 0x94, 0x3D,
    0x85, 0x6C, 0x26, 0x1D, 0xCE, 0x6C, 0xB0, 0x1A, 0xB7, 0x31, 0x53, 0xB6, 0xD1, 0x87, 0x1D, 0x8D,
    0xF6, 0x0D, 0xBD, 0xC8, 0x48, 0x8E, 0x9E, 0x2C, 0x65, 0x65, 0x71, 0x56, 0x90, 0xE7, 0xB7, 0xC8,
    0x8D, 0xF7, 0x92, 0xCB, 0xC6, 0xC0, 0xEE, 0x1B, 0x2B, 0x68, 0x77, 0xED, 0x88, 0x5A, 0x60, 0xAD,
    0x8E, 0x5E, 0x8B, 0x2E, 0xC0, 0xFF, 0x5A, 0x53, 0x22, 0x5C, 0xFC, 0xA7, 0x35, 0xA4, 0x4A, 0xD4,
    0x0A, 0x0B, 0x84, 0x2B, 0xBB, 0x0A, 0xC4, 0x9A, 0x88, 0x39, 0xDF, 0xC1, 0x8B, 0x50, 0x44, 0xB5,
    0x56, 0xE7, 0x53, 0x8F, 0xE3, 0x45, 0x6A, 0x70, 0xD9, 0xF5, 0x90, 0x91, 0x9A, 0xD5, 0x0A, 0xEE,
    0x16, 0x66, 0x19, 0x59, 0xA9, 0x7F, 0x38, 0xC0, 0x5C, 0xE4, 0xEB, 0x75, 0x2B, 0x36, 0x5F, 0x10,
    0xEB, 0x05, 0x2C, 0x96, 0x7E, 0x04, 0xCB, 0x2F, 0xD5, 0x5D, 0xD7, 0x88, 0x5F, 0xE3, 0xFB, 0x88,
    0xDA, 0x0C, 0xAC, 0xE4, 0xC3, 0xB7, 0xD6, 0x90, 0xD0, 0xA7, 0x99, 0xB0, 0x1B, 0x7E, 0xB7, 0xB0,
    0x58, 0x09, 0xB6, 0xA3, 0x9B, 0xD0, 0x76, 0xA0, 0x11, 0xFA, 0xC9, 0x3E, 0x4A, 0xB8, 0x1B, 0x18,
    0xFB, 0x03, 0xAF, 0xEA, 0x17, 0x30, 0x3F, 0x57, 0xCE, 0x06, 0xB0, 0x7A, 0xB5, 0xDF, 0x42, 0x3F,
    0x04, 0xED, 0x41, 0x47, 0x02, 0x26, 0xD7, 0xA8, 0x01, 0x4C, 0xB3, 0x90, 0xF4, 0x59, 0xBF, 0x9F,
    0xA1, 0x76, 0xD1, 0x00, 0x94, 0x87, 0x41, 0x30, 0xAC, 0xC0, 0x4B, 0xE1, 0xA5, 0xE2, 0x95, 0x1A,
    0xF7, 0xCE, 0xE0, 0x30, 0x3B, 0xF0, 0x48, 0x75, 0xD0, 0x48, 0x74, 0x5F, 0x0E, 0x84, 0x29, 0xDF,
    0x81, 0xE1, 0x72, 0x42, 0x64, 0x93, 0xD1, 0x66, 0x1F, 0xE1, 0xF7, 0x23, 0x34, 0x99, 0xC2, 0x00,
    0x0F, 0xA9, 0x83, 0x87, 0x64, 0x40, 0xBF, 0x33, 0xEB, 0xFB, 0x84, 0x24, 0xAE, 0x29, 0xE1, 0x68,
    0x19, 0xA0, 0xE1, 0x86, 0x0C, 0x55, 0xCC, 0x67, 0xAA, 0xAF, 0x47, 0x30, 0x4D, 0xAD, 0x95, 0x23,
    0x8D, 0x80, 0x4C, 0x6B, 0x6D, 0x07, 0x0E, 0xB1, 0x5B, 0x47, 0x81, 0xF1, 0x43, 0xF9, 0x0A, 0xE4,
    0x28, 0x22, 0x07, 0xE2, 0x14, 0xE3, 0x0D, 0xC4, 0x11, 0x58, 0x85, 0x00, 0x99, 0x56, 0xC1, 0xA7,
    0xC5, 0x82, 0x6A, 0xAA, 0x66, 0x5F, 0x08, 0x34, 0x92, 0x4E, 0xD8, 0x03, 0x5A, 0x2B, 0xBB, 0x42,
    0xB3, 0x5A, 0xAC, 0x00, 0x2D, 0xC8, 0xA7, 0x28, 0x34, 0x16, 0x15, 0xCF, 0x2E, 0xBC, 0xED, 0x8B,
    0x30, 0x23, 0x50, 0xAC, 0xC3, 0x9A, 0xD3, 0xC3, 0x17, 0x5F, 0xF3, 0xE8, 0x9B, 0x48, 0xE9, 0x30,
    0x7F, 0xF8, 0xAA, 0x1D, 0x1E, 0xFF, 0x25, 0xAB, 0x5E, 0x39, 0x23, 0x75, 0xE1, 0x73, 0xB4, 0x98,
    0x42, 0x83, 0x9E, 0xA3, 0x95, 0x73, 0xF8, 0x5C, 0x91, 0x1F, 0x5A, 0xAD, 0x2D, 0x32, 0x44, 0x2B,
    0x35, 0x97, 0x68, 0xD5, 0x54, 0x68, 0x2C, 0x67, 0x9C, 0x14, 0x59, 0x37, 0x68, 0xD1, 0x4D, 0xD1,
    0x52, 0x1C, 0x8A, 0x83, 0xFE, 0xC4, 0xEA, 0xA4, 0xF1, 0x88, 0x3B, 0x2B, 0xBD, 0xED, 0x4F, 0xAD,
    0xF1, 0xD9, 0xC6, 0x57, 0xEF, 0xDA, 0xCD, 0xD8, 0x78, 0x7B, 0x6A, 0x3B, 0x16, 0x24, 0xCD, 0x65,
    0x2D, 0x39, 0x7A, 0x2E, 0x5A, 0xB8, 0xE1, 0xEE, 0x8E, 0x17, 0x3E, 0xC7, 0x41, 0xF8, 0x9C, 0x38,
    0x38, 0xFA, 0x90, 0x39, 0x6B, 0x69, 0xB0, 0x70, 0xF4, 0x25, 0x77, 0x4D, 0xB8, 0x9C, 0x58, 0x81,
    0x33, 0xA9, 0x80, 0xF5, 0xD8, 0x18, 0x71, 0x72, 0xFA, 0x55, 0x42, 0xCC, 0x6B, 0xCF, 0xDA, 0x1B,
    0xC4, 0x32, 0xF0, 0xDB, 0x68, 0xF6, 0x8E, 0xEC, 0x85, 0x90, 0x98, 0x48, 0xF8, 0xAE, 0x4E, 0xA2,
    0xF6, 0xB2, 0xAA, 0x7F, 0x69, 0x4F, 0xC5, 0x6E, 0xC5, 0xE2, 0x9D, 0x1F, 0x3C, 0x35, 0x96, 0x3E,
    0x3C, 0xAA, 0xD9, 0xE0, 0x14, 0x7B, 0x86, 0x46, 0xEC, 0x08, 0x88, 0x7D, 0x03, 0x7D, 0x03, 0x8C,
    0x32, 0x1E, 0x01, 0x60, 0x22, 0xA0, 0x75, 0x50, 0xA3, 0x06, 0xEF, 0x58, 0x4F, 0xEE, 0xEC, 0xD6,
    0x62, 0xD3, 0xC6, 0xE8, 0xB7, 0x76, 0xB6, 0x9A, 0xF4, 0x18, 0xDD, 0x01, 0x64, 0x8B, 0xB4, 0x39,
    0x3F, 0xFA, 0x2A, 0xF4, 0xF2, 0x56, 0x57, 0x48, 0x8E, 0x98, 0x75, 0x87, 0xFF, 0x83, 0x28, 0x2C,
    0xA0, 0x7B, 0x98, 0xCF, 0xC0, 0xDB, 0x4E, 0x67, 0xC1, 0x28, 0xD7, 0xB1, 0x37, 0x45, 0xE1, 0xF4,
    0xFE, 0x19, 0x85, 0xD3, 0xFB, 0xAF, 0x45, 0xA1, 0x7D, 0x8B, 0x28, 0x04, 0xAF, 0xC9, 0x01, 0x35,
    0x77, 0x95, 0xEF, 0xEC, 0x3B, 0x88, 0x08, 0x3B, 0x54, 0x9C, 0xED, 0x0D, 0xAE, 0xCE, 0x19, 0xCA,
    0x69, 0x10, 0x87, 0x91, 0xA7, 0x9E, 0x78, 0xBD, 0xA2, 0xB3, 0x32, 0xAF, 0x7C, 0x26, 0xAA, 0xA5,
    0x97, 0x8F, 0xD7, 0x49, 0x67, 0x39, 0xFB, 0xF6, 0x55, 0xED, 0x5B, 0xEF, 0xA3, 0x77, 0xDC, 0x5B,
    0xAC, 0x38, 0x17, 0xF7, 0xD9, 0xDF, 0xE0, 0x3C, 0x77, 0x99, 0x77, 0x7F, 0x2F, 0xBF, 0xF7, 0x3E,
    0xDA, 0x8D, 0xD7, 0x90, 0xA0, 0x42, 0xB2, 0xFC, 0x71, 0x35, 0x61, 0x88, 0x6E, 0x6B, 0x9B, 0xC0,
    0x12, 0xD5, 0x5B, 0x68, 0x8A, 0x25, 0x02, 0xCE, 0x7D, 0xC3, 0x66, 0x20, 0xC1, 0xDB, 0x6E, 0x06,
    0x4C, 0xF6, 0x4D, 0xC8, 0x0E, 0x7F, 0x42, 0x2B, 0x20, 0x2D, 0x27, 0x64, 0xBE, 0x16, 0xA5, 0x9C,
    0x00, 0xA4, 0xD5, 0x17, 0x95, 0xA5, 0x17, 0x30, 0x9B, 0x1A, 0x28, 0x12, 0x1E, 0xD8, 0x90, 0x55,
    0xBE, 0x55, 0xED, 0x3B, 0xF8, 0x65, 0xF2, 0x7D, 0xEF, 0x6E, 0x58, 0x42, 0x5E, 0x58, 0xE1, 0xBE,
    0xBE, 0x6E, 0x3C, 0x1F, 0x63, 0xE1, 0xA5, 0xE0, 0xA1, 0xC6, 0x3B, 0x74, 0x66, 0x9B, 0x73, 0x5A,
    0xDD, 0x86, 0xF9, 0xAC, 0xA2, 0x9F, 0x7A, 0x6D, 0xA9, 0x5C, 0xAF, 0x85, 0xBC, 0x75, 0xD2, 0x41,
    0x03, 0x50, 0xEC, 0xC8, 0x93, 0xFE, 0xC5, 0x21, 0x27, 0x0C, 0x67, 0x69, 0xF2, 0xEC, 0xA5, 0x21,
    0xA5, 0xF5, 0xB6, 0xE3, 0xAE, 0x81, 0xC9, 0xB4, 0xD4, 0x3F, 0xEB, 0xD7, 0x9C, 0x88, 0x54, 0x5B,
    0xB1, 0x51, 0x47, 0xEF, 0x91, 0x72, 0x3B, 0x5C, 0x8E, 0xE8, 0x69, 0x96, 0xDB, 0xC0, 0x82, 0x17,
    0xA1, 0x33, 0x96, 0xB6, 0x16, 0xB8, 0xEC, 0x7D, 0x13, 0x21, 0xDF, 0xF8, 0x22, 0x1A, 0xD7, 0x76,
    0x97, 0x3D, 0x5A, 0xDC, 0x8E, 0xD1, 0xF4, 0x7A, 0x0E, 0x33, 0x35, 0xCA, 0x50, 0x1D, 0xF9, 0x16,
    0xA7, 0xAE, 0x22, 0xCD, 0x06, 0x00, 0x3E, 0x93, 0x0E, 0xD8, 0x7E, 0x78, 0xBC, 0xE7, 0xFC, 0x06,
    0xDC, 0xE3, 0x50, 0x38, 0x50, 0x7E, 0xE0, 0x48, 0x51, 0x14, 0x4F, 0x56, 0x47, 0x6C, 0xA9, 0x6D,
    0x35, 0x73, 0x56, 0x71, 0x43, 0xF2, 0x11, 0x88, 0x3D, 0xBA, 0x7F, 0xCA, 0xB5, 0xD8, 0xC0, 0x62,
    0xAB, 0x67, 0x30, 0x3F, 0x5A, 0x8C, 0xF7, 0x72, 0x8A, 0x8B, 0x9E, 0x4F, 0x4F, 0xE3, 0x6A, 0x47,
    0x39, 0xE6, 0x29, 0x10, 0x85, 0xDC, 0xA7, 0xF5, 0xD7, 0xF2, 0xC7, 0x7E, 0xFE, 0x50, 0x17, 0xD3,
    0x1D, 0x9B, 0xE4, 0x7E, 0x34, 0xBA, 0x63, 0x2C, 0x18, 0xA2, 0x5E, 0x2C, 0x51, 0x8D, 0x9E, 0x8B,
    0x08, 0x45, 0xA7, 0x3C, 0x41, 0x95, 0xCF, 0xBE, 0xC7, 0xAA, 0xF5, 0x9B, 0x9A, 0x2F, 0x1F, 0x9F,
    0xD6, 0xFB, 0x84, 0xBE, 0x41, 0xDA, 0xEE, 0x31, 0x5F, 0xEF, 0xD1, 0xC7, 0x13, 0xE1, 0x0D, 0xDA,
    0x08, 0x6F, 0xEB, 0xD0, 0x0B, 0xE8, 0x1E, 0x39, 0xDB, 0x00, 0xE0, 0x84, 0xB9, 0x50, 0xC1, 0xB2,
    0x04, 0x72, 0x1F, 0x38, 0xE0, 0xAD, 0x5C, 0x4D, 0x05, 0x38, 0x1F, 0x9F, 0x80, 0xC8, 0xB0, 0x57,
    0xC0, 0x93, 0xE3, 0xFD, 0x47, 0x37, 0xB0, 0x09, 0x66, 0xBB, 0xCF, 0x3B, 0x87, 0x2E, 0xA5, 0x9F,
    0xD3, 0x76, 0xA2, 0xA8, 0x3C, 0xC1, 0xE0, 0x69, 0x9D, 0xB7, 0xB4, 0xA0, 0x52, 0x1F, 0xFB, 0xEA,
    0x70, 0x23, 0xEE, 0x16, 0xA5, 0x18, 0xE1, 0x47, 0x0F, 0x93, 0x9B, 0x44, 0xDF, 0x6E, 0xD6, 0x2D,
    0x68, 0x3A, 0xE3, 0xA6, 0x33, 0x64, 0xBA, 0xD5, 0x1A, 0xD9, 0x71, 0x0B, 0xA0, 0x37, 0xCD, 0x43,
    0xAE, 0x7A, 0xF8, 0x52, 0x2F, 0x16, 0x92, 0xEA, 0x41, 0xF4, 0x5E, 0x5C, 0xF5, 0x5E, 0xF8, 0xC6,
    0x7B, 0x21, 0xD2, 0xA9, 0x17, 0xA7, 0xE2, 0xBD, 0x04, 0xF9, 0x85, 0x95, 0x8F, 0xA8, 0x8B, 0x07,
    0x9E, 0x6B, 0x7E, 0xB3, 0x77, 0x86, 0xD3, 0x3B, 0xDD, 0x9B, 0xBD, 0x13, 0xFE, 0x0F, 0x79, 0x07,
    0x2A, 0x49, 0xFD, 0xDE, 0xDE, 0x49, 0x57, 0x71, 0xAA, 0xE5, 0x6B, 0xEA, 0x74, 0xAA, 0xA3, 0x23,
    0x97, 0xA7, 0xF1, 0x09, 0x57, 0x9F, 0x27, 0x0B, 0x52, 0x9B, 0xDF, 0xCB, 0x7F, 0xEB, 0xF0, 0x0B,
    0x01, 0xD5, 0xCF, 0x0E, 0xE0, 0x9D, 0x1F, 0xEC, 0xFE, 0xFB, 0x04, 0xDB, 0xAD, 0xB5, 0x0F, 0x68,
    0x46, 0x34, 0x50, 0x9C, 0x75, 0x88, 0x30, 0x8F, 0x62, 0x12, 0xC0, 0x05, 0x95, 0x03, 0x2E, 0x05,
    0xC6, 0xDB, 0x01, 0x96, 0x1A, 0xA0, 0x90, 0xD7, 0xBF, 0x9B, 0xD5, 0x6E, 0x5E, 0x00, 0x3A, 0xC0,
    0x8F, 0x30, 0x69, 0x9F, 0x78, 0x9F, 0x1A, 0x37, 0xDE, 0xD3, 0xA9, 0xAD, 0x3E, 0xBD, 0xA5, 0x2C,
    0x70, 0x8D, 0xFB, 0x5E, 0x23, 0x1A, 0x04, 0xC7, 0x43, 0xCE, 0x3B, 0x06, 0xAC, 0xBF, 0x4B, 0x13,
    0x1B, 0x7D, 0xDF, 0xB4, 0xD5, 0xAA, 0xA4, 0x1D, 0xF0, 0x77, 0xA2, 0x98, 0x90, 0xCE, 0x3B, 0xD3,
    0xEA, 0x6C, 0xAE, 0xF9, 0xE4, 0x76, 0x6A, 0x6D, 0xE7, 0xC9, 0xA1, 0xA8, 0x33, 0x28, 0xA0, 0xA8,
    0xE6, 0xE1, 0x04, 0x54, 0x29, 0xE8, 0x8B, 0x1B, 0x24, 0x69, 0xEC, 0x1F, 0xB4, 0x06, 0x83, 0xFC,
    0x34, 0x14, 0x12, 0x58, 0xFE, 0xAD, 0x85, 0x1A, 0x76, 0x03, 0xF7, 0xD1, 0x01, 0x7E, 0x3D, 0x87,
    0xCF, 0xFD, 0x5B, 0x1D, 0x3E, 0x4F, 0xF4, 0x54, 0xD1, 0x81, 0x9F, 0xFB, 0x78, 0x8A, 0x24, 0x17,
    0x62, 0xD1, 0x62, 0x6D, 0x9A, 0xBF, 0x68, 0x8C, 0x7C, 0xA2, 0x75, 0xCB, 0x1C, 0xE8, 0xFD, 0x70,
    0xF0, 0x82, 0xCB, 0x9D, 0x75, 0x02, 0x5D, 0xD9, 0x0D, 0x7C, 0x21, 0x3B, 0x73, 0xB4, 0xD8, 0x2C,
    0x6B, 0x8C, 0x4D, 0x6D, 0xCD, 0x76, 0x29, 0x32, 0xA3, 0x78, 0x1D, 0x8C, 0x93, 0x25, 0xAC, 0x4C,
    0x07, 0xD9, 0xCE, 0xE8, 0xE2, 0x2D, 0xDA, 0x33, 0xDE, 0xDC, 0x36, 0x83, 0x1D, 0xDA, 0x06, 0xDD,
    0xCD, 0x5D, 0x2D, 0x1E, 0x43, 0xBB, 0xA2, 0x0D, 0x38, 0xBC, 0x52, 0x73, 0xD1, 0x8C, 0xD6, 0x2E,
    0x98, 0x84, 0xDB, 0x35, 0xB0, 0x72, 0x47, 0xED, 0x22, 0x27, 0x72, 0x5D, 0x21, 0x45, 0x28, 0xAE,
    0x4B, 0x14, 0xC4, 0x06, 0x5F, 0x2C, 0xAE, 0xF9, 0x01, 0x45, 0xD2, 0xA6, 0x53, 0xF3, 0xA8, 0x55,
    0xBE, 0xF9, 0x2A, 0x38, 0x3A, 0x38, 0x0F, 0x0F, 0x6A, 0x3F, 0x1C, 0x46, 0x9B, 0x1F, 0x8E, 0x85,
    0x2B, 0x34, 0x4E, 0x55, 0xBA, 0x72, 0x75, 0x67, 0xF6, 0x0D, 0x9E, 0x2D, 0x77, 0xB4, 0x5C, 0x63,
    0xD6, 0x2F, 0x98, 0x86, 0xB1, 0x1A, 0xFD, 0x10, 0xC3, 0x4F, 0xD7, 0xDD, 0xC8, 0xD5, 0x87, 0x53,
    0xD6, 0x1F, 0xB8, 0x22, 0xE2, 0x79, 0xF2, 0x0A, 0xF6, 0xC9, 0x66, 0x39, 0xE6, 0x6A, 0x20, 0x60,
    0xC5, 0x7A, 0x2E, 0xFF, 0x77, 0x9B, 0xD5, 0x13, 0x23, 0xA3, 0x88, 0xB3, 0xC7, 0xB0, 0xDA, 0x1D,
    0x4B, 0xA5, 0x49, 0x28, 0x61, 0x16, 0xE1, 0xF0, 0x63, 0x47, 0xC7, 0x72, 0x21, 0x9F, 0x69, 0xC0,
    0x33, 0xB9, 0x1D, 0x1C, 0xD5, 0x80, 0x4F, 0xFE, 0xFC, 0xC0, 0x3B, 0x16, 0x3E, 0xD9, 0x7C, 0x3F,
    0xA4, 0x25, 0x97, 0x97, 0x43, 0xA0, 0x55, 0xEA, 0xAE, 0xD0, 0xBC, 0xEE, 0x69, 0xE9, 0x2D, 0x0E,
    0x22, 0x37, 0x67, 0xD2, 0x7A, 0x91, 0xB6, 0x7C, 0xBD, 0xC6, 0x3B, 0xB6, 0xF4, 0x4C, 0x31, 0x4C,
    0x5A, 0xCB, 0x78, 0xD7, 0x4B, 0xB9, 0x84, 0xA1, 0x9C, 0xDB, 0xA6, 0x9C, 0xFB, 0xA6, 0xFF, 0xB2,
    0x7F, 0xA1, 0x83, 0xEC, 0x0A, 0x7A, 0xA1, 0xE2, 0xE5, 0x75, 0x31, 0xCE, 0xAC, 0x6F, 0xC7, 0x0C,
    0x03, 0x54, 0xF1, 0x87, 0x1A, 0x3F, 0x0E, 0x69, 0x99, 0x0C, 0x35, 0xE1, 0xFA, 0x8F, 0x1A, 0xEC,
    0x9A, 0xAD, 0x94, 0xBB, 0x76, 0xB7, 0xB0, 0x5E, 0x0F, 0x0B, 0x53, 0x26, 0x7E, 0x28, 0x3F, 0xD1,
    0xA1, 0xB2, 0x8D, 0x82, 0x13, 0xAD, 0x8E, 0xAD, 0xCA, 0x58, 0x11, 0x1F, 0x6A, 0x3C, 0x18, 0x17,
    0x3A, 0x08, 0x02, 0xED, 0x49, 0x07, 0x42, 0x03, 0x62, 0x44, 0x10, 0xF9, 0x6A, 0x8A, 0x6D, 0x55,
    0x14, 0xD0, 0x94, 0xCF, 0x0C, 0x68, 0xE1, 0x49, 0x25, 0x6D, 0xC8, 0xC4, 0x89, 0xD6, 0x11, 0x45,
    0xE0, 0x33, 0x2C, 0xB1, 0x28, 0x76, 0xDF, 0x63, 0xE7, 0xB4, 0x82, 0x18, 0xBD, 0x65, 0x04, 0x8F,
    0x22, 0x02, 0x49, 0x14, 0x05, 0x71, 0x32, 0x21, 0x64, 0x49, 0x64, 0x42, 0x10, 0xA0, 0x40, 0xC2,
    0xB4, 0x2E, 0xD8, 0xAF, 0x3C, 0x9C, 0xB2, 0xE9, 0x41, 0x56, 0x2E, 0x3D, 0x9C, 0x07, 0xC1, 0xCC,
    0x76, 0x42, 0x77, 0xD9, 0x90, 0x79, 0x3A, 0x51, 0xF4, 0x3F, 0x36, 0x16, 0x2B, 0x19, 0x44, 0x20,
    0xAB, 0xC9, 0x0B, 0xC9, 0x28, 0x69, 0x46, 0x4D, 0x75, 0x4A, 0xAB, 0x85, 0x24, 0xAD, 0x0E, 0x8B,
    0xFC, 0x6C, 0xB7, 0xB6, 0x89, 0xAD, 0x5A, 0xBA, 0x9E, 0xB0, 0x66, 0x68, 0x66, 0xC2, 0xCC, 0xF5,
    0xE1, 0x56, 0xC6, 0xF8, 0x56, 0x73, 0xBE, 0xD5, 0xD2, 0x16, 0xD2, 0xDD, 0x4A, 0xAB, 0x4F, 0xCA,
    0x97, 0x21, 0xC4, 0xAE, 0x82, 0x34, 0x57, 0xD2, 0x80, 0xB7, 0xB3, 0xFE, 0x0B, 0xCB, 0x34, 0x6A,
    0x95, 0x86, 0x8B, 0x66, 0xBD, 0xA4, 0x7C, 0xD4, 0xA6, 0xFF, 0x94, 0x1A, 0xFC, 0xF3, 0x55, 0x44,
    0xBB, 0xE8, 0xA7, 0x5F, 0xB9, 0x4B, 0x5E, 0xBC, 0x4A, 0x53, 0xF1, 0x6D, 0x8A, 0xDB, 0x5F, 0xCB,
    0xE7, 0x32, 0x61, 0x35, 0x6B, 0xE6, 0xF9, 0x30, 0xB4, 0x43, 0xF4, 0xE7, 0x4F, 0x5A, 0xFE, 0x60,
    0xF0, 0xD7, 0x8D, 0x54, 0x6A, 0x0D, 0x6A, 0xB4, 0x57, 0xA0, 0xB5, 0x6B, 0xC4, 0x7A, 0xB7, 0x6A,
    0xAC, 0xB5, 0x14, 0x53, 0xCC, 0xAD, 0xA3, 0x31, 0x8F, 0xD0, 0x52, 0x48, 0x5B, 0x31, 0x5D, 0xB9,
    0xD7, 0x54, 0xF7, 0x13, 0xF0, 0x09, 0x9F, 0xD3, 0xC1, 0x1F, 0x44, 0xD7, 0xF5, 0x56, 0xCF, 0xC4,
    0x35, 0x48, 0x1D, 0x95, 0xFF, 0x93, 0x98, 0x8C, 0x81, 0x75, 0x2A, 0x1C, 0xD1, 0xD6, 0xB0, 0x67,
    0x1A, 0xC2, 0x96, 0x2B, 0x8E, 0xA1, 0x52, 0x1D, 0x2E, 0xE9, 0xAE, 0x6B, 0xAF, 0xA6, 0x88, 0x36,
    0x72, 0x5E, 0x2A, 0x52, 0x18, 0xF1, 0xE5, 0x61, 0x95, 0x3E, 0xDE, 0xA3, 0x78, 0x77, 0xB3, 0x7A,
    0xCF, 0x63, 0x8B, 0x2B, 0x62, 0xBE, 0xC6, 0x06, 0x86, 0x82, 0x1C, 0x69, 0xCA, 0x28, 0xBA, 0x3A,
    0x8A, 0x7F, 0x53, 0xE3, 0x87, 0x69, 0xD1, 0x96, 0xDB, 0xA1, 0xBE, 0xFD, 0x7A, 0xFA, 0xCD, 0xF5,
    0x4B, 0x29, 0xD7, 0xBF, 0xEB, 0xC8, 0xF5, 0x19, 0xE2, 0x53, 0x46, 0xD5, 0xA7, 0xD4, 0x4D, 0x2F,
    0x16, 0xA2, 0xC0, 0xFC, 0xE2, 0x89, 0x48, 0x01, 0x8F, 0xD0, 0xF3, 0xDD, 0x32, 0x5D, 0xA2, 0x38,
    0xB2, 0xE3, 0xEF, 0x82, 0x66, 0xA9, 0xD5, 0xA4, 0x3D, 0x8A, 0x7E, 0xE9, 0x35, 0xD6, 0x1D, 0x51,
    0x3A, 0x10, 0x74, 0x4C, 0xF9, 0x81, 0xC8, 0x76, 0x6A, 0xFF, 0xED, 0xCA, 0x0C, 0xCE, 0x11, 0xCC,
    0x5A, 0x2E, 0x76, 0x5D, 0xCA, 0xD9, 0x8A, 0x99, 0xA4, 0x9C, 0xAB, 0xC9, 0xCA, 0xA9, 0x9E, 0x9E,
    0xFE, 0xD5, 0x18, 0xAD, 0x8C, 0xEC, 0x8E, 0xA0, 0x26, 0xEC, 0x21, 0xB2, 0xD9, 0x0B, 0x96, 0xB4,
    0x5C, 0xD4, 0x3E, 0x4B, 0xAE, 0xC5, 0xA2, 0xCA, 0x8E, 0xAF, 0x04, 0x0E, 0xE6, 0x26, 0x7C, 0xE3,
    0x87, 0x8C, 0xEF, 0x03, 0xAD, 0xFE, 0x05, 0xE8, 0x7D, 0x41, 0xD4, 0x33, 0xFD, 0xF3, 0x12, 0xA1,
    0xD4, 0x4F, 0xE7, 0x08, 0xC5, 0x51, 0xD2, 0x50, 0xBE, 0x02, 0x47, 0xF6, 0x41, 0x35, 0xA5, 0xD9,
    0xCD, 0xDA, 0x1B, 0x5C, 0x75, 0x58, 0xB4, 0x84, 0xED, 0x64, 0xAE, 0x29, 0xD0, 0xCF, 0xC4, 0xB7,
    0x1A, 0x5B, 0x8D, 0x51, 0xF6, 0x4C, 0x89, 0x43, 0x34, 0x05, 0x89, 0x9B, 0x86, 0x02, 0x17, 0x49,
    0x74, 0xF0, 0x20, 0xA7, 0x24, 0x33, 0xE2, 0xC6, 0xE0, 0x26, 0xB6, 0xB1, 0xB5, 0x9D, 0x1E, 0x5C,
    0xB6, 0x1B, 0xDD, 0xF4, 0x8C, 0x5E, 0x1E, 0xAF, 0x49, 0x75, 0xA5, 0x61, 0x31, 0x14, 0xBB, 0xF5,
    0x03, 0xCB, 0x52, 0x74, 0x08, 0x91, 0x1F, 0x1E, 0x44, 0xDB, 0x91, 0xF6, 0x4C, 0x26, 0x4C, 0x7A,
    0x4D, 0x0C, 0xE6, 0xE1, 0x2E, 0x2E, 0xE9, 0xFA, 0x2A, 0x75, 0xBE, 0x51, 0xA6, 0x15, 0xA8, 0xC3,
    0x02, 0xA9, 0xD1, 0xE5, 0x8D, 0x7A, 0x01, 0xF5, 0x0E, 0xD9, 0x77, 0x25, 0x81, 0x6E, 0x90, 0xB2,
    0xCA, 0xE5, 0x6B, 0xD4, 0xC3, 0x1B, 0xA8, 0xD7, 0x13, 0xB3, 0x69, 0xFF, 0x4A, 0xBB, 0xBB, 0xBC,
    0xC1, 0x04, 0x51, 0x7E, 0x64, 0x51, 0x96, 0x2B, 0x53, 0x33, 0x66, 0x3C, 0x48, 0x1C, 0x8E, 0x19,
    0x5E, 0xAC, 0x7A, 0x19, 0xC4, 0xFC, 0x17, 0xA6, 0x62, 0xF7, 0x71, 0xEF, 0xE7, 0xA9, 0x48, 0x4C,
    0x51, 0xBB, 0xA6, 0x59, 0x12, 0x26, 0x49, 0xA6, 0xB2, 0x0C, 0x26, 0x48, 0x8D, 0xC6, 0xE3, 0x48,
    0xBA, 0x66, 0xD2, 0xF2, 0x8D, 0xBB, 0x3B, 0xD4, 0x72, 0x44, 0x6C, 0x5E, 0x70, 0x10, 0x9D, 0xFF,
    0x84, 0xBE, 0x0D, 0x81, 0x0F, 0x6E, 0x62, 0xC8, 0x16, 0x8B, 0x0E, 0xA5, 0xFE, 0xD2, 0x62, 0x15,
    0x34, 0x4E, 0x87, 0x06, 0xEC, 0x3A, 0x45, 0x2B, 0xE6, 0xFF, 0x62, 0x0D, 0x5D, 0x5F, 0x2C, 0x6D,
    0xA3, 0x72, 0x6E, 0x8D, 0xF6, 0x5D, 0x60, 0x67, 0x5A, 0xD4, 0x02, 0x82, 0x9E, 0x0A, 0xF8, 0x94,
    0xDA, 0x5E, 0x17, 0xB9, 0xC8, 0xB3, 0xAB, 0xA6, 0x92, 0x02, 0x68, 0x8E, 0xB2, 0x40, 0xF2, 0x17,
    0x6C, 0xBC, 0x52, 0x2C, 0xF9, 0x11, 0xE5, 0x7A, 0xBD, 0xFD, 0x37, 0x1A, 0x66, 0xDF, 0x28, 0x77,
    0x5A, 0xBD, 0x1C, 0x7D, 0xFA, 0x53, 0x02, 0xF2, 0x38, 0xCF, 0xA4, 0xB4, 0x20, 0xFB, 0x19, 0xD9,
    0x8E, 0xE7, 0x41, 0x9B, 0x28, 0x05, 0xDE, 0x3D, 0x78, 0xFF, 0xC3, 0x0D, 0xA9, 0xF9, 0xE6, 0xBF,
    0xA0, 0xC6, 0xBC, 0xF2, 0xE0, 0x7A, 0xE7, 0x3D, 0x64, 0xBD, 0x21, 0xC3, 0x7E, 0xCA, 0x3F, 0x4C,
    0x95, 0xBF, 0xCB, 0xB3, 0x08, 0x7E, 0x96, 0x36, 0x3D, 0x33, 0xCD, 0x89, 0x29, 0xC2, 0x1D, 0xFF,
    0xE1, 0xD7, 0x6A, 0xCA, 0xB5, 0x9E, 0x34, 0x54, 0x73, 0xCC, 0xDD, 0x81, 0x24, 0x4E, 0xFF, 0x3A,
    0x66, 0xEF, 0x16, 0xD9, 0x29, 0x3A, 0xA9, 0xFF, 0x41, 0x94, 0x8B, 0x8A, 0xCD, 0xAA, 0xDB, 0x71,
    0xE8, 0xF8, 0x50, 0x44, 0x3E, 0xD3, 0x17, 0x86, 0xD5, 0x8F, 0x77, 0x4E, 0xD0, 0x5D, 0xD2, 0x6F,
    0xF7, 0x70, 0x72, 0x44, 0x02, 0x6A, 0xBC, 0x88, 0x91, 0x9B, 0x6B, 0x2E, 0xD1, 0x99, 0x2C, 0xAD,
    0xD8, 0xFB, 0x11, 0xD7, 0xFB, 0x43, 0xFB, 0x6B, 0x1E, 0x9B, 0xF0, 0xA4, 0x57, 0x8E, 0x24, 0xA2,
    0xC7, 0xC8, 0xC2, 0x2F, 0xC5, 0xF0, 0xFC, 0x58, 0xE4, 0xBE, 0x21, 0x37, 0x6B, 0xA3, 0x9C, 0x2D,
    0x6C, 0x8F, 0x4E, 0x11, 0x43, 0xFF, 0xF8, 0x38, 0x6B, 0xDE, 0x62, 0x9C, 0x89, 0xF6, 0x6F, 0xD2,
    0xCB, 0x49, 0xB7, 0x78, 0x3D, 0xE5, 0x75, 0x31, 0xBF, 0x2A, 0x15, 0xDA, 0x6B, 0x95, 0x2C, 0xC4,
    0x88, 0xA3, 0xD4, 0x7A, 0x21, 0xD3, 0xF3, 0x1D, 0xB1, 0x65, 0x42, 0x1C, 0x96, 0x1F, 0x39, 0xB3,
    0x19, 0x33, 0x31, 0xC2, 0x7A, 0xC4, 0xD3, 0x57, 0x6B, 0xF2, 0x1B, 0xC2, 0x7D, 0x87, 0xEB, 0x72,
    0xFD, 0xAB, 0xBE, 0x94, 0xBA, 0x5C, 0x9F, 0xEB, 0x2B, 0xDE, 0xEB, 0x9F, 0xA2, 0x46, 0x38, 0x9F,
    0x47, 0x4D, 0x18, 0x15, 0x62, 0x24, 0x1D, 0xFD, 0x0F, 0x27, 0x8E, 0xEC, 0xCD, 0x40, 0x35, 0x7D,
    0xC7, 0x88, 0x12, 0x9A, 0x23, 0x23, 0x3D, 0x03, 0x65, 0x4C, 0xBC, 0x02, 0x83, 0xB8, 0x58, 0x7A,
    0xEF, 0xB1, 0x07, 0x38, 0x02, 0x8F, 0xBD, 0xC3, 0x03, 0x3E, 0x89, 0x47, 0xD4, 0xDE, 0x86, 0x47,
    0x17, 0x35, 0xF0, 0xC6, 0xA3, 0xFF, 0x3E, 0x3C, 0xEE, 0x36, 0xFD, 0x95, 0x23, 0xF3, 0x79, 0xBA,
    0xF8, 0x7D, 0x73, 0x13, 0x0C, 0x00, 0x04, 0xBC, 0x7A, 0x48, 0x88, 0xA2, 0xEE, 0xC7, 0x7C, 0xCD,
    0x37, 0x83, 0xF5, 0x08, 0xF1, 0x37, 0x79, 0xAA, 0x2E, 0x18, 0x0D, 0x35, 0x59, 0x1E, 0xC4, 0x72,
    0x96, 0xB6, 0x7D, 0x1D, 0xC1, 0x22, 0xFD, 0x80, 0x4A, 0xAB, 0xC3, 0x92, 0x8B, 0xC9, 0x7E, 0xE1,
    0x77, 0x31, 0xA8, 0x00, 0x13, 0x61, 0x1B, 0xBF, 0xF0, 0xE9, 0x37, 0xDF, 0x00, 0xBD, 0x1F, 0x41,
    0xD2, 0x27, 0x6B, 0x04, 0x6B, 0x23, 0x64, 0xE2, 0xBF, 0x2C, 0xF0, 0x1B, 0x96, 0x41, 0xEC, 0x2D,
    0xD5, 0x30, 0x50, 0x1D, 0x96, 0x4A, 0xFC, 0xAC, 0xA9, 0x45, 0xB7, 0x76, 0x27, 0x0E, 0xA3, 0x1F,
    0x17, 0xB7, 0xB2, 0x54, 0x88, 0x54, 0x12, 0xD3, 0x85, 0xD7, 0xC5, 0x54, 0xDE, 0x1D, 0x8D, 0x63,
    0xC1, 0x81, 0x58, 0xAC, 0x4F, 0x9B, 0xD4, 0x2E, 0x9D, 0x26, 0x90, 0xD8, 0x57, 0x61, 0xDB, 0x92,
    0xFB, 0x7C, 0xDC, 0xFC, 0x4E, 0x7F, 0xE7, 0x3F, 0x17, 0x6C, 0x86, 0x6B, 0x76, 0x77, 0x7D, 0x57,
    0xE3, 0x11, 0x41, 0x5B, 0x83, 0x55, 0x3A, 0xD2, 0x7A, 0x99, 0x47, 0xD1, 0xAF, 0x40, 0x41, 0x6E,
    0x50, 0xA6, 0x89, 0xB1, 0x27, 0xF1, 0xEC, 0xF3, 0x68, 0xCD, 0xC2, 0x4E, 0x26, 0x76, 0x04, 0x6B,
    0x2B, 0xE0, 0x32, 0x03, 0x02, 0xE6, 0x08, 0x13, 0xFD, 0xAB, 0x9A, 0xAD, 0x9A, 0xB2, 0x23, 0x42,
    0x18, 0xB3, 0xA3, 0xDC, 0x32, 0x45, 0x1B, 0xFE, 0xC3, 0xAD, 0xF8, 0x5C, 0xDA, 0x22, 0xFC, 0x82,
    0x67, 0x29, 0x6E, 0x70, 0x86, 0x87, 0xE7, 0x2A, 0xF8, 0x56, 0x4A, 0xAC, 0x71, 0x08, 0xA9, 0x68,
    0x3A, 0x0F, 0x2E, 0xDC, 0x3B, 0x1E, 0x6F, 0x0B, 0x7E, 0x38, 0xC0, 0xE3, 0xD9, 0x9F, 0x8E, 0x58,
    0xF9, 0x6C, 0x40, 0xEA, 0x19, 0xE1, 0x14, 0x15, 0x68, 0xBD, 0x21, 0x8B, 0x09, 0x69, 0x59, 0xF3,
    0x9E, 0x55, 0x3F, 0xDF, 0x2C, 0x7C, 0x16, 0xEF, 0x18, 0xC1, 0xEA, 0xDD, 0xE9, 0x7F, 0xAB, 0x1C,
    0xF7, 0xD5, 0xB1, 0xBE, 0x5F, 0x1D, 0x0F, 0x13, 0x9E, 0x12, 0x7B, 0xCB, 0x8F, 0x9C, 0x2D, 0x02,
    0x63, 0x1B, 0x84, 0x11, 0xE4, 0xC9, 0xC2, 0xE4, 0xAB, 0xE3, 0xFA, 0xAB, 0xAB, 0xA3, 0xFD, 0x99,
    0x65, 0xB4, 0x45, 0xDC, 0x8C, 0xF7, 0x34, 0x14, 0x36, 0xA3, 0x52, 0x60, 0xB3, 0xCE, 0xCB, 0xFF,
    0x43, 0x16, 0x2F, 0x5C, 0xCE, 0xA4, 0x17, 0x46, 0x9E, 0xE1, 0xB5, 0x5B, 0xC9, 0x14, 0x8F, 0xDD,
    0xE5, 0xE7, 0x4B, 0xF5, 0x6A, 0xAD, 0x5E, 0x2C, 0xE5, 0x5F, 0x30, 0xD6, 0xAA, 0xC5, 0x1F, 0xE0,
    0x95, 0x6F, 0xBC, 0x68, 0xEA, 0x9B, 0xAD, 0x1D, 0xBC, 0xAA, 0x83, 0xCF, 0x1F, 0xAE, 0x77, 0x1C,
    0x42, 0xF3, 0x86, 0xFF, 0xFA, 0xF6, 0x86, 0x93, 0x9E, 0xDF, 0xFC, 0x7F, 0x7D, 0xB3, 0xEC, 0x3D,
    0x7A, 0x9F, 0xEF, 0x36, 0x96, 0x2E, 0x86, 0x5F, 0x2D, 0x61, 0xBE, 0xF3, 0xC6, 0xF2, 0xBF, 0x01,
    0xAD, 0x92, 0x21, 0xCC, 0xE6, 0x44, 0x10, 0x86, 0x9F, 0xB6, 0xB9, 0xF4, 0xBF, 0x7C, 0x62, 0x31,
    0xE8, 0xF5, 0xE6, 0xD6, 0x27, 0x84, 0xAD, 0x43, 0xE0, 0xFD, 0x79, 0x85, 0xC4, 0x70, 0x6D, 0x82,
    0x0F, 0x3E, 0x58, 0x3C, 0x16, 0x75, 0xAD, 0x3B, 0xDB, 0x04, 0x81, 0x40, 0xB0, 0x01, 0x81, 0xDD,
    0xCB, 0x6D, 0x8E, 0x92, 0xDB, 0xF6, 0xA5, 0x93, 0x26, 0xFC, 0xE1, 0x3B, 0x73, 0x09, 0xD7, 0x99,
    0xB7, 0xB3, 0x3B, 0xFB, 0xBC, 0xAD, 0xD8, 0x09, 0x12, 0xF1, 0x5F, 0x1D, 0xDC, 0xEF, 0x47, 0x69,
    0x9B, 0xA5, 0x62, 0x92, 0x94, 0xEF, 0xF7, 0x51, 0xB2, 0xA7, 0xDE, 0xD5, 0x6D, 0xBC, 0x6A, 0xB9,
    0xAA, 0x54, 0xE7, 0xF7, 0x16, 0xA7, 0x2E, 0x76, 0x0E, 0xCB, 0x47, 0x4C, 0x9E, 0x37, 0x5B, 0x57,
    0x5C, 0xF2, 0x39, 0x96, 0x98, 0x63, 0xF6, 0x53, 0x9B, 0x5D, 0xF5, 0xD5, 0x6F, 0xAE, 0xB8, 0x1C,
    0x96, 0x30, 0x3C, 0xD0, 0x16, 0x57, 0xAD, 0xE7, 0xCA, 0x2D, 0x87, 0x35, 0x0C, 0x4F, 0x79, 0xDF,
    0xC5, 0xF3, 0x07, 0x9A, 0x2D, 0xD2, 0x15, 0xE1, 0x7E, 0xAF, 0xF8, 0x37, 0x3B, 0x51, 0xC7, 0xA5,
    0x77, 0x15, 0xFF, 0x6D, 0xA6, 0xCD, 0xDF, 0xE0, 0x0E, 0xE1, 0x75, 0xC9, 0xBD, 0x3D, 0x70, 0xAF,
    0x2B, 0xE1, 0x55, 0x21, 0x7C, 0x91, 0x78, 0x68, 0x06, 0xDA, 0xF2, 0x02, 0xB7, 0x0B, 0x27, 0x0D,
    0x17, 0x23, 0x6E, 0xC6, 0xFC, 0xBC, 0x61, 0xCC, 0xD3, 0x66, 0xE2, 0x43, 0xFE, 0x45, 0x1C, 0xB0,
    0x84, 0x11, 0x5E, 0x12, 0x54, 0xA2, 0x65, 0x1E, 0x95, 0xDB, 0x4A, 0xBB, 0xD1, 0x15, 0xBA, 0x4C,
    0x6F, 0xC9, 0x2D, 0xE1, 0x56, 0x4B, 0xBF, 0x58, 0x86, 0x89, 0x38, 0x3D, 0xBA, 0x67, 0x38, 0xC0,
    0x0C, 0x97, 0x32, 0xE6, 0x31, 0x53, 0x2B, 0x0D, 0xDD, 0x25, 0xFA, 0x53, 0x84, 0x05, 0x73, 0x9B,
    0x97, 0x88, 0xB9, 0xCD, 0x0E, 0x2F, 0x81, 0x1D, 0xA8, 0x10, 0x95, 0x19, 0x95, 0x98, 0x4F, 0x49,
    0xEB, 0xFD, 0x27, 0x71, 0xA7, 0x78, 0x02, 0x4A, 0x9D, 0x8A, 0x53, 0xF5, 0xAA, 0xD1, 0x72, 0x8B,
    0xCA, 0x41, 0xC9, 0x69, 0x68, 0x7E, 0xA0, 0x81, 0x7E, 0xE1, 0x56, 0x70, 0x3B, 0x4E, 0x93, 0x53,
    0x3E, 0xB1, 0xA0, 0x12, 0x34, 0xC5, 0x8D, 0xB8, 0xF2, 0x02, 0xBE, 0x82, 0x66, 0xF0, 0x29, 0xE6,
    0x31, 0xC7, 0x35, 0x0C, 0xFF, 0x5D, 0x5B, 0xF8, 0x64, 0x11, 0xB3, 0xC5, 0x68, 0x71, 0x9E, 0x59,
    0x84, 0xC1, 0xE2, 0xC9, 0x10, 0xD6, 0x31, 0xCD, 0x69, 0x5E, 0x22, 0xF8, 0x9D, 0x6E, 0x07, 0xA4,
    0xE5, 0x56, 0xA1, 0x97, 0x92, 0xCB, 0xE0, 0xF6, 0x39, 0xC7, 0x04, 0xE1, 0xDC, 0x8D, 0x0B, 0xC4,
    0xC5, 0x65, 0x4D, 0x10, 0x27, 0xF7, 0x5A, 0xC0, 0x38, 0xF9, 0x3F, 0xCC, 0x16, 0xD7, 0xF1, 0xD7,
    0x6A, 0x55, 0xFA, 0xAE, 0x00, 0x41, 0x0A, 0x19, 0x70, 0xDA, 0xE2, 0x0A, 0x34, 0xF3, 0x34, 0x4F,
    0x9F, 0x62, 0x2B, 0xF5, 0x4A, 0x40, 0x77, 0x04, 0x6D, 0x40, 0x5F, 0x67, 0x1D, 0x03, 0xB8, 0xBF,
    0xF5, 0xBD, 0x1D, 0xF8, 0x37, 0xB5, 0x55, 0x81, 0xF8, 0xCB, 0xD6, 0x19, 0x30, 0xBF, 0x2A, 0xFD,
    0xB1, 0x81, 0xBE, 0x2C, 0x6E, 0x2F, 0xB4, 0xBA, 0x55, 0x57, 0x0B, 0x5D, 0xED, 0xA5, 0xB7, 0x19,
    0x77, 0x52, 0xFA, 0x73, 0xC5, 0x67, 0x24, 0x4D, 0xC4, 0x44, 0xD0, 0x0E, 0xF0, 0x13, 0x7B, 0x5B,
    0xBB, 0x72, 0xCB, 0x6E, 0x09, 0x53, 0xE4, 0x19, 0x80, 0xB5, 0xCF, 0xFE, 0xDE, 0x1E, 0xB5, 0xFB,
    0xAB, 0xDC, 0xDE, 0x65, 0xF7, 0xDB, 0x12, 0x7E, 0x9C, 0xE2, 0xC8, 0xB3, 0xEB, 0x1C, 0x23, 0x0C,
    0x31, 0xC6, 0x20, 0xA3, 0x0C, 0x33, 0xCE, 0x40, 0x23, 0x2F, 0x14, 0x5C, 0x0E, 0x39, 0x9E, 0xE1,
    0xD7, 0xB0, 0xCC, 0x7C, 0x06, 0xD0, 0x81, 0x87, 0x91, 0xE6, 0xA0, 0xDF, 0x09, 0x1B, 0x63, 0xB2,
    0xB7, 0xB3, 0x69, 0xA4, 0x2D, 0x90, 0xE1, 0x13, 0xBA, 0xEB, 0x72, 0x13, 0x76, 0xBF, 0x95, 0xFE,
    0xA0, 0x13, 0xBE, 0x12, 0x32, 0x71, 0xE1, 0x73, 0xF8, 0xDA, 0x28, 0xBC, 0x94, 0xC3, 0xA9, 0x78,
    0x29, 0x01, 0x03, 0x50, 0xA0, 0xDB, 0xAE, 0x71, 0x72, 0x2B, 0xC4, 0x09, 0x66, 0x60, 0xBF, 0xDA,
    0xB7, 0x0C, 0xFE, 0xB1, 0xDD, 0x54, 0x1E, 0xDB, 0xCB, 0x35, 0xB7, 0x1E, 0x80, 0x0F, 0x18, 0xC2,
    0xFF, 0x0F, 0xFC, 0x03, 0x55, 0x93, 0x01, 0xC6, 0xEE, 0x46, 0x14, 0x86, 0x9F, 0x7C, 0xE1, 0x06,
    0x83, 0xA1, 0xFC, 0x28, 0x25, 0x00, 0x14, 0x66, 0x07, 0xF7, 0xCC, 0x12, 0x7E, 0xE8, 0x16, 0xBA,
    0x8C, 0x2F, 0xD3, 0x1D, 0x74, 0x1D, 0xBD, 0x2B, 0x28, 0xFE, 0x6F, 0xA6, 0x3B, 0x48, 0x77, 0x10,
    0x5C, 0x00, 0x6E, 0x10, 0xC4, 0x95, 0xCC, 0xE9, 0xC9, 0xF8, 0xDA, 0xFF, 0xAF, 0x9C, 0x07, 0x5E,
    0x8E, 0xF7, 0x8C, 0xF7, 0x0D, 0xDD, 0x2B, 0x84, 0x13, 0x54, 0x63, 0x5F, 0x73, 0x71, 0x8B, 0x9F,
    0xC7, 0xE2, 0xE6, 0x10, 0xDD, 0x22, 0xB8, 0xF9, 0xB3, 0x71, 0xC7, 0x97, 0x47, 0x23, 0xC4, 0x89,
    0x09, 0xF9, 0xED, 0x24, 0xE8, 0x86, 0xD7, 0x99, 0xEE, 0x4F, 0x80, 0xB1, 0x80, 0x24, 0xD0, 0x48,
    0x6F, 0x78, 0x05, 0x31, 0xF4, 0x4E, 0x7F, 0xD8, 0xF6, 0xFA, 0x46, 0x50, 0x2D, 0x62, 0xFC, 0xFC,
    0xA5, 0x26, 0xBA, 0x1D, 0x13, 0x40, 0x9E, 0xA8, 0xCE, 0x46, 0xE9, 0x8C, 0xDB, 0x06, 0xFD, 0x6A,
    0xE8, 0xC2, 0xA0, 0x27, 0xBD, 0x2A, 0x90, 0x0D, 0x89, 0x10, 0xF8, 0x09, 0xA1, 0x52, 0x99, 0xF4,
    0x40, 0x74, 0xC5, 0x69, 0x04, 0x77, 0x62, 0x42, 0xEA, 0x34, 0x97, 0x61, 0xF3, 0xC5, 0xCF, 0x3E,
    0x8D, 0xDF, 0x36, 0x44, 0x4F, 0x43, 0x99, 0xA2, 0xF0, 0x40, 0x78, 0x6B, 0xDC, 0xC9, 0x5C, 0xBB,
    0x3B, 0x41, 0x17, 0x3E, 0xD5, 0xC8, 0x60, 0xFE, 0xCE, 0xBC, 0x2F, 0x40, 0x80, 0x13, 0x6E, 0x07,
    0xED, 0x10, 0x3F, 0x43, 0x48, 0xEF, 0xF2, 0x0E, 0xC3, 0x07, 0x79, 0x02, 0x18, 0x4D, 0x54, 0xA5,
    0xAF, 0x39, 0x0D, 0xEB, 0x98, 0xDC, 0x6C, 0x2C, 0x12, 0xDD, 0x77, 0x65, 0xD0, 0x03, 0xAF, 0x15,
    0xF9, 0x3D, 0x73, 0x7F, 0xDE, 0x90, 0x3F, 0xDC, 0x3F, 0x98, 0x3F, 0x61, 0xA3, 0xD3, 0xCA, 0xA0,
    0x1A, 0xFD, 0x1C, 0x52, 0x88, 0xBE, 0x08, 0x17, 0x63, 0x92, 0x34, 0xA5, 0x70, 0xE9, 0xAA, 0xDC,
    0xEA, 0xC3, 0xF6, 0x0F, 0x4E, 0x3B, 0x22, 0xDB, 0xAE, 0x68, 0x69, 0x4F, 0xE7, 0x01, 0x27, 0x2F,
    0xF5, 0x75, 0xD2, 0xD5, 0x26, 0xEB, 0xD2, 0x6F, 0xD8, 0x58, 0xB4, 0x2F, 0xBF, 0xBC, 0x8B, 0xF0,
    0x0A, 0x63, 0x85, 0xAC, 0xE9, 0x56, 0xF3, 0x3C, 0xAC, 0xDE, 0xC2, 0xBE, 0x0E, 0xEE, 0xD7, 0x10,
    0xFB, 0x55, 0x18, 0x5A, 0xE4, 0x4F, 0x6B, 0x43, 0xA2, 0xFC, 0x55, 0x19, 0x75, 0xC7, 0xD9, 0x7A,
    0xF7, 0x00, 0xAE, 0x94, 0x52, 0xA7, 0x91, 0x10, 0x11, 0xAE, 0xB9, 0xB7, 0x79, 0x83, 0xE3, 0x39,
    0xDD, 0x6E, 0x2B, 0x51, 0x14, 0x1B, 0x06, 0x8D, 0x48, 0x8B, 0x77, 0xE5, 0x18, 0xD6, 0x6E, 0xEF,
    0xD7, 0xEE, 0xEB, 0xB0, 0x60, 0x1E, 0x90, 0x13, 0xAE, 0xC2, 0x64, 0xD7, 0x6A, 0xC2, 0xEF, 0x16,
    0x5B, 0x19, 0xDB, 0x73, 0x45, 0x95, 0x8B, 0xCE, 0xF6, 0x6E, 0xAA, 0x8B, 0x31, 0x83, 0xC2, 0x70,
    0xC0, 0xB8, 0xC2, 0x74, 0x1A, 0x1A, 0xF9, 0x35, 0x27, 0x5A, 0xFD, 0x7C, 0xFA, 0x91, 0x10, 0x33,
    0x13, 0xA2, 0xAD, 0x9E, 0x0C, 0x9A, 0x00, 0x31, 0x14, 0x7A, 0xC3, 0xBC, 0x5A, 0xD5, 0xF3, 0x69,
    0xE9, 0x1E, 0xB8, 0xED, 0x20, 0xFC, 0xBD, 0x33, 0x99, 0x5F, 0x36, 0xFE, 0xF8, 0xF2, 0x9D, 0x16,
    0xF9, 0x54, 0x21, 0x9F, 0x4F, 0x74, 0x41, 0x1B, 0x73, 0xB7, 0x43, 0xAB, 0xA7, 0x7E, 0x35, 0xAA,
    0xA1, 0xC0, 0x74, 0xF9, 0x5F, 0x34, 0xFF, 0x89, 0xFC, 0x7F, 0xFF, 0xA1, 0xD2, 0x72, 0xD2, 0x3C,
    0xF7, 0xBB, 0x9B, 0xDD, 0xE2, 0x8A, 0xFF, 0xB6, 0x33, 0x6A, 0x45, 0xCC, 0x53, 0x92, 0x7D, 0xB6,
    0x7B, 0xB7, 0xDD, 0x3B, 0x82, 0xC4, 0x07, 0xD2, 0x2A, 0xB3, 0x72, 0xD3, 0x78, 0x79, 0x2C, 0x57,
    0x3D, 0x8D, 0x02, 0xF2, 0x2C, 0xDC, 0xC1, 0x15, 0x2F, 0x6E, 0x05, 0x7F, 0xC9, 0x11, 0x1E, 0xD0,
    0xFD, 0x2B, 0x2F, 0x30, 0x3E, 0x65, 0x5C, 0x7B, 0x43, 0xEC, 0x6A, 0x2E, 0xFD, 0xEA, 0xCB, 0xB0,
    0x18, 0x57, 0xE2, 0x55, 0xE9, 0xF5, 0xC4, 0xAB, 0x12, 0xE6, 0x1C, 0x85, 0x60, 0xC8, 0x7F, 0xF7,
    0x8F, 0xBA, 0xF1, 0x49, 0xD3, 0x7B, 0xB5, 0xCD, 0xDF, 0xDB, 0xAE, 0x2F, 0xAE, 0x8C, 0x56, 0xCF,
    0x70, 0x51, 0xA4, 0x8C, 0xAA, 0xC9, 0xA9, 0xC6, 0x1F, 0x34, 0xF3, 0x99, 0x3B, 0x77, 0x3B, 0x62,
    0x6A, 0xBF, 0xDE, 0x8C, 0xAB, 0xC0, 0x04, 0x99, 0x17, 0x7D, 0x15, 0xDD, 0xA4, 0x15, 0xF1, 0x76,
    0x60, 0xF5, 0x6D, 0xD5, 0x7C, 0x17, 0xFF, 0x01, 0x65, 0x94, 0x21, 0xAC, 0xE7, 0x44, 0x10, 0xC6,
    0xBF, 0x6D, 0xF9, 0xD3, 0x84, 0x8A, 0x45, 0xE0, 0x4E, 0xD4, 0xAB, 0x7A, 0xD5, 0xF5, 0x06, 0xCC,
    0xE1, 0x2D, 0x20, 0xCE, 0x60, 0x49, 0x9F, 0x37, 0x87, 0xC0, 0xA3, 0x48, 0xE0, 0x10, 0x87, 0x17,
    0x6C, 0x1D, 0x02, 0x53, 0xAF, 0x36, 0x01, 0x9F, 0xE6, 0x28, 0xA1, 0xEF, 0xDD, 0xEE, 0x0E, 0xB3,
    0x33, 0xFB, 0xFA, 0x6F, 0x72, 0x4D, 0x76, 0x7E, 0x5F, 0x9A, 0x66, 0xFB, 0xED, 0x37, 0xD3, 0x82,
    0x68, 0x83, 0xDD, 0xD0, 0x13, 0x81, 0x75, 0xC0, 0xB0, 0xC3, 0xB2, 0x36, 0x44, 0x2B, 0xA6, 0x8B,
    0x9E, 0x8B, 0xCE, 0x40, 0x7F, 0x00, 0x54, 0x96, 0x13, 0x6D, 0xA8, 0x2C, 0x00, 0x5D, 0x44, 0x4B,
    0xBC, 0x12, 0x80, 0x36, 0xA2, 0x23, 0x5E, 0x51, 0xB5, 0x7D, 0xCF, 0x6B, 0x2F, 0x3A, 0xC1, 0xFE,
    0x13, 0x31, 0x6C, 0x28, 0xFB, 0xD6, 0xEB, 0xC0, 0x40, 0x7F, 0xD2, 0x3B, 0x7A, 0x4D, 0x7F, 0x89,
    0x7E, 0xBE, 0x76, 0x8C, 0xA7, 0xDE, 0x00, 0x50, 0x93, 0x4C, 0x96, 0x2D, 0xA7, 0xF3, 0x7E, 0xC0,
    0x7C, 0xD1, 0x9E, 0xDE, 0xA5, 0x89, 0xFE, 0x38, 0x8A, 0x5D, 0x7F, 0xDE, 0x5F, 0x00, 0x4C, 0x5C,
    0xA9, 0x38, 0x16, 0xFD, 0x00, 0xCA, 0xA8, 0x1A, 0xF0, 0x51, 0xF5, 0x98, 0x59, 0x1F, 0xAA, 0x87,
    0x08, 0xCC, 0x9B, 0x6A, 0x7B, 0xB0, 0x0E, 0x55, 0x6F, 0xAC, 0x17, 0xD5, 0x30, 0x3E, 0x17, 0x8C,
    0xE5, 0xD5, 0x25, 0x23, 0x8A, 0x40, 0xCF, 0x48, 0xB2, 0x57, 0x57, 0xB6, 0x0B, 0x30, 0x25, 0xBE,
    0x07, 0x98, 0x8C, 0x36, 0x03, 0x4D, 0x92, 0x50, 0xDA, 0xD8, 0xCA, 0xA9, 0x3E, 0xEB, 0x0A, 0x56,
    0x0D, 0x63, 0xD1, 0xB3, 0x3B, 0x60, 0x5A, 0x01, 0xDD, 0x8A, 0x34, 0xA8, 0xA8, 0x67, 0x3E, 0x14,
    0x1B, 0x98, 0x5C, 0x0C, 0x30, 0xEE, 0x40, 0x1F, 0x60, 0x13, 0x4A, 0xA8, 0x3D, 0x7D, 0x6F, 0xFC,
    0x8A, 0xB6, 0x6E, 0xA3, 0x56, 0xAA, 0x3F, 0x34, 0x94, 0x6B, 0x74, 0x7F, 0x2B, 0xC8, 0x69, 0x78,
    0x6B, 0xAB, 0x11, 0x77, 0xF4, 0xBA, 0xA0, 0xD7, 0xF0, 0x2B, 0xEC, 0x33, 0x46, 0xC6, 0x66, 0xF5,
    0xC9, 0x41, 0x10, 0xD0, 0xEF, 0x30, 0xB4, 0xA8, 0x7B, 0x27, 0x28, 0x3E, 0x18, 0x41, 0xDE, 0xFA,
    0x08, 0xC6, 0xAA, 0x39, 0x2F, 0x57, 0xCC, 0x0F, 0x02, 0x5F, 0xE1, 0xB4, 0x13, 0xA9, 0x60, 0xA6,
    0x78, 0x81, 0x57, 0x00, 0x2F, 0x68, 0x07, 0x9A, 0xF3, 0x35, 0x0B, 0x26, 0x6D, 0xFE, 0x5A, 0xBA,
    0xE4, 0x5D, 0x39, 0x3C, 0x49, 0x77, 0x7E, 0x01, 0x86, 0x20, 0xFB, 0xAD, 0x56, 0x9C, 0x8B, 0xD7,
    0x6D, 0x94, 0x8A, 0x49, 0xAC, 0xC9, 0x36, 0x92, 0x40, 0x90, 0xBA, 0x4A, 0x0C, 0x4B, 0x49, 0xFD,
    0xA3, 0x62, 0xD1, 0xA4, 0x7B, 0x6D, 0x22, 0xA6, 0x1D, 0x2F, 0xB8, 0xCA, 0x44, 0x5A, 0x79, 0x6D,
    0xA7, 0xF9, 0xBE, 0x2A, 0x49, 0xD6, 0xF0, 0x2A, 0x3A, 0x41, 0xE8, 0x05, 0xAB, 0xDD, 0x0C, 0x61,
    0x58, 0x6D, 0x30, 0x19, 0xE3, 0x62, 0x43, 0x93, 0x18, 0x37, 0xD7, 0x26, 0xDC, 0xF4, 0xC3, 0xC0,
    0x1D, 0xDD, 0x21, 0xE8, 0x2B, 0xF6, 0x3A, 0x6E, 0x57, 0x0C, 0x15, 0x01, 0xB8, 0x24, 0xFB, 0x61,
    0xC0, 0x72, 0xD8, 0x82, 0xFF, 0x28, 0x97, 0x60, 0xDF, 0x2B, 0x88, 0xD2, 0x3D, 0xD9, 0x6F, 0xA5,
    0x51, 0x0F, 0xF8, 0x0D, 0xB8, 0xBD, 0x25, 0x07, 0x92, 0x0B, 0xF8, 0x86, 0xDE, 0xFC, 0x4A, 0xFF,
    0x02, 0x5F, 0xE6, 0x97, 0x2F, 0xE7, 0x47, 0x18, 0xB9, 0x9D, 0xD1, 0xD0, 0x8F, 0xCC, 0xEF, 0x98,
    0xE5, 0x4A, 0x6A, 0xD7, 0x6E, 0x6A, 0x74, 0x0A, 0xAC, 0x75, 0x14, 0xEA, 0x2C, 0x28, 0x13, 0xCE,
    0x69, 0xC0, 0xF8, 0xE4, 0x1F, 0x6B, 0x5B, 0x0E, 0xE1, 0xD2, 0x45, 0x65, 0x9B, 0x74, 0x24, 0xDA,
    0xAC, 0x33, 0xD1, 0xD0, 0x27, 0x8E, 0xE9, 0x0C, 0x7D, 0x1E, 0x64, 0x2A, 0x88, 0x56, 0x71, 0xED,
    0xD9, 0xAE, 0x67, 0x4E, 0x04, 0x7C, 0xFD, 0xE6, 0x67, 0xCD, 0x88, 0x1F, 0x90, 0x1A, 0xCF, 0xA3,
    0x79, 0xA9, 0x4D, 0x92, 0x6C, 0xB5, 0x46, 0xAD, 0xE6, 0x95, 0xD3, 0xD6, 0x7D, 0x2C, 0x26, 0x8B,
    0xC5, 0x27, 0x58, 0xCA, 0x3F, 0x00, 0xF6, 0xED, 0x86, 0xAF, 0x80, 0xE1, 0x89, 0x12, 0x6E, 0x9E,
    0xB8, 0x4E, 0x54, 0xEB, 0x4F, 0xFA, 0xF7, 0x00, 0x3E, 0x9D, 0x16, 0x75, 0x8A, 0x26, 0xB2, 0x4F,
    0xB4, 0x5C, 0x1D, 0xDA, 0x63, 0x92, 0x39, 0x9B, 0xEF, 0x75, 0xF3, 0x52, 0x25, 0x83, 0x47, 0x08,
    0x68, 0xC5, 0x70, 0xF9, 0xA7, 0x45, 0xC8, 0xD0, 0x32, 0xC8, 0x89, 0x49, 0x52, 0xC7, 0x0A, 0x43,
    0xE2, 0xB9, 0xC9, 0x40, 0xC7, 0x48, 0x92, 0x6E, 0xCB, 0xF7, 0xFD, 0xA6, 0xE3, 0xB6, 0xA0, 0x2B,
    0x80, 0xE0, 0x90, 0x3F, 0x45, 0x76, 0xF2, 0x94, 0x26, 0x5E, 0x38, 0x66, 0xC1, 0x94, 0x69, 0x2B,
    0x20, 0x81, 0x0C, 0x8D, 0x38, 0x72, 0xFA, 0x24, 0xEE, 0x18, 0x15, 0x00, 0x7E, 0x57, 0x24, 0x85,
    0xB6, 0x49, 0xDA, 0x28, 0xC8, 0x80, 0x9C, 0xD2, 0x29, 0x16, 0xF1, 0xE9, 0x19, 0x49, 0xC6, 0xAF,
    0x8D, 0x57, 0x74, 0x15, 0x87, 0x9C, 0xB4, 0xDF, 0xD1, 0x9D, 0x7F, 0x34, 0xC1, 0xA1, 0x48, 0xD0,
    0x78, 0x80, 0x31, 0xA0, 0x21, 0x27, 0x53, 0x5D, 0xB0, 0x00, 0xFE, 0xC4, 0xCC, 0x20, 0x48, 0xF4,
    0xF9, 0x39, 0x40, 0x0D, 0x5F, 0xAD, 0xAC, 0x0A, 0xC0, 0xAB, 0x5B, 0xB4, 0x72, 0x66, 0x74, 0x8A,
    0x5E, 0x71, 0xFB, 0xA2, 0xD4, 0xFF, 0x01, 0x8D, 0x91, 0x01, 0x86, 0xDD, 0x5E, 0x14, 0x87, 0xBF,
    0x24, 0x7F, 0xC2, 0x3F, 0xBC, 0x0C, 0xD4, 0x14, 0x25, 0x1B, 0x68, 0x1B, 0x80, 0x01, 0xBD, 0x59,
    0x42, 0x31, 0xAF, 0x2B, 0x28, 0x0A, 0x18, 0x14, 0xC5, 0x68, 0xB2, 0x94, 0xEA, 0x0A, 0x06, 0x50,
    0x68, 0x5F, 0x96, 0x90, 0x25, 0x64, 0x09, 0x17, 0xF7, 0x69, 0x68, 0x92, 0xD3, 0xF7, 0x53, 0x87,
    0x07, 0x98, 0xE3, 0x9C, 0xCF, 0xF5, 0xDC, 0xF7, 0xDD, 0xDF, 0x11, 0x50, 0xBD, 0x12, 0x56, 0xA0,
    0x32, 0xB3, 0x25, 0x5C, 0x90, 0xEA, 0x0B, 0x62, 0x9E, 0x00, 0x9E, 0xB8, 0xAA, 0x97, 0xF0, 0x48,
    0xB6, 0x53, 0x58, 0x57, 0xDB, 0x18, 0x6C, 0xCC, 0x17, 0x8A, 0x44, 0x11, 0x29, 0xD5, 0x54, 0x33,
    0xF5, 0x84, 0x7A, 0xA4, 0x19, 0x69, 0x07, 0x42, 0x87, 0x1A, 0x7A, 0xF8, 0x05, 0x3B, 0xDC, 0xE3,
    0xC5, 0x6B, 0x21, 0xA0, 0x27, 0x27, 0x21, 0x0A, 0x23, 0xF0, 0x13, 0x60, 0x16, 0x80, 0xEC, 0x3D,
    0x95, 0xD4, 0x57, 0x5E, 0xA9, 0xDD, 0xEB, 0xEA, 0x4D, 0x9D, 0xAD, 0xEA, 0x7C, 0x21, 0x28, 0x1E,
    0xCD, 0x4A, 0x95, 0x28, 0x26, 0xF2, 0x0E, 0xBC, 0xBE, 0x70, 0x20, 0x4F, 0x34, 0x43, 0xA3, 0x27,
    0xFB, 0x0B, 0xD6, 0xF6, 0x82, 0xB9, 0x9C, 0x09, 0x64, 0x13, 0x77, 0x5C, 0xD5, 0x03, 0x12, 0x52,
    0xEE, 0xD0, 0x18, 0xF4, 0x36, 0x70, 0x7B, 0x46, 0xBB, 0x52, 0x69, 0x66, 0x14, 0x4B, 0xB9, 0x14,
    0x8C, 0x56, 0x33, 0xA0, 0x6C, 0x04, 0xA0, 0xD7, 0xA0, 0x7C, 0xB0, 0x69, 0xA4, 0xD3, 0xA0, 0x90,
    0x14, 0x49, 0x83, 0x94, 0x9C, 0x0C, 0xC2, 0x06, 0x6D, 0x92, 0x12, 0x4A, 0x54, 0xF0, 0x9F, 0xA0,
    0x1F, 0xE8, 0x77, 0xC1, 0x80, 0xB0, 0x3B, 0x5A, 0xEB, 0x94, 0x6C, 0xD2, 0x31, 0xEA, 0xE2, 0x0A,
    0x14, 0x06, 0x60, 0x23, 0x10, 0x66, 0xA0, 0x59, 0x80, 0x72, 0x03, 0x72, 0x03, 0xF8, 0x21, 0xDC,
    0xB8, 0x3C, 0xDB, 0x90, 0x47, 0xA9, 0xFF, 0xC9, 0x10, 0xFC, 0x3D, 0xDB, 0xA0, 0xD8, 0xDD, 0x1C,
    0x22, 0x70, 0x1A, 0x25, 0xEA, 0xA4, 0xD4, 0xD5, 0x04, 0xB4, 0x33, 0x50, 0x0D, 0xB2, 0xE1, 0x55,
    0x0B, 0x61, 0x90, 0x68, 0xF6, 0x7B, 0x57, 0x21, 0x64, 0x91, 0xCF, 0x33, 0xEF, 0x9F, 0x00, 0xD3,
    0xB1, 0x17, 0xC2, 0xE6, 0x09, 0x4E, 0x26, 0xF7, 0x06, 0xF0, 0x11, 0xAF, 0x3B, 0x61, 0xF7, 0x5D,
    0xAB, 0x15, 0x68, 0x13, 0xD0, 0x4F, 0x90, 0x59, 0xE7, 0x99, 0x17, 0x38, 0xF4, 0x51, 0xFB, 0x8C,
    0x82, 0x6E, 0xED, 0x92, 0x1B, 0xBE, 0xED, 0x02, 0xFC, 0xDF, 0xE1, 0x75, 0x10, 0xDE, 0x09, 0x66,
    0xB6, 0x16, 0x42, 0x2D, 0x04, 0x3B, 0x1E, 0xEF, 0x1B, 0x9D, 0x4A, 0x21, 0x13, 0xF8, 0xEA, 0xFF,
    0xF0, 0x2F, 0x05, 0x6F, 0x14, 0xB8, 0x23, 0xB7, 0x89, 0xCA, 0x22, 0x8D, 0xAD, 0xF4, 0x66, 0xDC,
    0xFE, 0x39, 0x53, 0xFC, 0x8E, 0xCF, 0x9A, 0xFC, 0xFB, 0x37, 0x37, 0x66, 0xA3, 0x10, 0x39, 0x99,
    0x6D, 0x82, 0x75, 0xC2, 0xF4, 0xE2, 0xF8, 0xC1, 0x92, 0x4E, 0xB3, 0x30, 0x5C, 0xB0, 0xEB, 0xDE,
    0x22, 0x4C, 0x00, 0x9D, 0x24, 0xCF, 0x7E, 0x50, 0xE1, 0x82, 0x19, 0x8D, 0x6D, 0x94, 0x96, 0xC8,
    0x6C, 0xD2, 0x12, 0xF0, 0x56, 0x4B, 0xE1, 0xF5, 0xA0, 0x26, 0xC2, 0x23, 0x85, 0xE9, 0xC9, 0xDA,
    0x94, 0xA8, 0x15, 0xA7, 0xFE, 0x7C, 0x3C, 0x9E, 0x62, 0xD0, 0x79, 0xAE, 0xC5, 0xA1, 0x14, 0xC9,
    0x74, 0x1F, 0x9E, 0xE0, 0x33, 0xDC, 0xA8, 0xFF, 0x02, 0x9D, 0x92, 0x2F, 0xAC, 0xDD, 0x36, 0x1B,
    0x87, 0x9F, 0xE4, 0xA8, 0x8D, 0xD4, 0x00, 0x7F, 0xE4, 0x03, 0xAB, 0x2A, 0x85, 0x0C, 0x6C, 0x97,
    0x84, 0x8C, 0x3B, 0x6A, 0xC1, 0xC0, 0x48, 0xC1, 0xAE, 0x06, 0xC7, 0xD1, 0xE5, 0x52, 0xA5, 0x44,
    0x1B, 0x18, 0xDC, 0x38, 0x59, 0xE1, 0xDD, 0x19, 0x58, 0xE1, 0x58, 0x2C, 0x15, 0x0E, 0x2C, 0xAC,
    0x60, 0x60, 0x19, 0x9A, 0x54, 0x52, 0x83, 0x53, 0x29, 0xED, 0x12, 0xFF, 0x66, 0x5B, 0xE7, 0xA8,
    0xF7, 0xF6, 0x90, 0x6D, 0x6F, 0xEC, 0xC7, 0xF6, 0xFB, 0x5F, 0x8E, 0x25, 0x8F, 0x91, 0x6E, 0x2F,
    0x3F, 0xEA, 0x29, 0xF7, 0xF4, 0xB2, 0x0C, 0x80, 0x06, 0x04, 0x85, 0xF2, 0x2E, 0x69, 0x7A, 0x49,
    0x1B, 0x58, 0x49, 0x2B, 0xB4, 0x92, 0x0E, 0x60, 0xC2, 0x7E, 0xF4, 0x50, 0x2F, 0xD8, 0x19, 0xAA,
    0x95, 0xDE, 0xC1, 0x2E, 0x30, 0x0E, 0x39, 0x56, 0x1D, 0xA0, 0x87, 0x02, 0x18, 0x9F, 0x6F, 0x00,
    0xF6, 0xC5, 0x0A, 0xD0, 0xBE, 0x5A, 0x00, 0x1A, 0x79, 0x00, 0xA3, 0x19, 0x28, 0xA5, 0x89, 0xBC,
    0xB8, 0xBC, 0xE4, 0xE8, 0x62, 0xBF, 0x07, 0x94, 0xC4, 0xDD, 0xE2, 0x7E, 0xFF, 0xD3, 0xDB, 0x21,
    0x80, 0xF1, 0xDC, 0x24, 0x67, 0xAC, 0x25, 0xDD, 0xE6, 0xDD, 0x18, 0x7B, 0xB2, 0x9E, 0x33, 0x9C,
    0xF1, 0xBC, 0xFA, 0x3E, 0xC9, 0x00, 0x40, 0xD1, 0x3D, 0xA3, 0x0F, 0x6B, 0x29, 0xAD, 0xB5, 0xE4,
    0x9B, 0x6D, 0x5C, 0xDA, 0x59, 0xAB, 0x7D, 0xAE, 0xCD, 0x7E, 0xFB, 0x7A, 0xB3, 0xE3, 0x1F, 0x9B,
    0xD5, 0x57, 0x5B, 0xAB, 0x6A, 0x6D, 0xC2, 0xD5, 0xD2, 0x48, 0xDE, 0x4A, 0xCE, 0xF4, 0x1B, 0x45,
    0xD1, 0x01, 0x13, 0x50, 0x78, 0x60, 0x77, 0x20, 0xDF, 0x21, 0x98, 0x0D, 0x68, 0x04, 0x58, 0x75,
    0x09, 0x0E, 0xC6, 0xAB, 0x09, 0xD4, 0x78, 0xCA, 0xCD, 0x1C, 0xD8, 0xAD, 0xD1, 0xB1, 0xDE, 0xBE,
    0xD8, 0x30, 0x92, 0x68, 0x23, 0x3A, 0x1B, 0xE1, 0xC6, 0x88, 0x29, 0x23, 0x1F, 0xB3, 0x21, 0xBB,
    0xD4, 0x6F, 0xA2, 0x73, 0x0E, 0xDB, 0xA5, 0x04, 0x45, 0x4A, 0x85, 0x52, 0xD2, 0x5E, 0xEE, 0x58,
    0xA8, 0xD1, 0xA9, 0x78, 0xB5, 0xE6, 0x86, 0x4E, 0xAD, 0x31, 0x01, 0x46, 0x21, 0x37, 0xA3, 0x03,
    0x48, 0x0A, 0xEC, 0x94, 0xB2, 0xD7, 0xA2, 0x90, 0x6B, 0x57, 0xB0, 0xAE, 0xF7, 0x91, 0x53, 0xCE,
    0xE7, 0xD4, 0x65, 0xE6, 0x2B, 0x4A, 0x3C, 0x06, 0xDD, 0xE6, 0xCB, 0xFD, 0x0F, 0x70, 0xB4, 0x76,
    0x99, 0x13, 0x14, 0xF4, 0x07, 0xA8, 0xE7, 0x94, 0xD3, 0xF8, 0x5A, 0xD0, 0xCE, 0xA5, 0xA2, 0x4C,
    0x8C, 0x91, 0x8E, 0x36, 0x72, 0xC0, 0x44, 0x72, 0x3F, 0xFE, 0x88, 0x7C, 0xC6, 0x1E, 0x11, 0xB8,
    0xB7, 0xDF, 0x37, 0x0A, 0xAD, 0xB6, 0x38, 0x00, 0x7A, 0x18, 0x41, 0x5C, 0xE8, 0xBA, 0xD7, 0x32,
    0xEA, 0x10, 0x47, 0xB9, 0xB2, 0x5B, 0xD2, 0x28, 0x1E, 0x83, 0x99, 0xC1, 0x4C, 0xD4, 0x5F, 0xBE,
    0x18, 0x1A, 0xC9, 0x59, 0x69, 0x8A, 0x09, 0xA8, 0xB4, 0xD0, 0x4B, 0xDD, 0x18, 0x67, 0xAF, 0xC0,
    0x27, 0xE1, 0x01, 0x04, 0xE0, 0x1A, 0xF8, 0x98, 0x52, 0xAE, 0x96, 0x6F, 0x7E, 0xF3, 0xF6, 0x91,
    0xB7, 0x3B, 0x6F, 0xBF, 0x9F, 0x5A, 0x39, 0x13, 0x28, 0x9E, 0x02, 0x70, 0x35, 0x94, 0xF2, 0x46,
    0x4B, 0xA3, 0xD5, 0x1E, 0xC7, 0xC1, 0x26, 0xCD, 0x50, 0xBE, 0x21, 0xCB, 0x9D, 0xCB, 0xCF, 0x21,
    0x9A, 0xC1, 0x26, 0xF4, 0x09, 0x02, 0xD8, 0x80, 0x72, 0x85, 0xD4, 0x1F, 0x54, 0x1E, 0x30, 0x11,
    0x0F, 0xCC, 0x04, 0x7D, 0xEB, 0x22, 0x34, 0xA4, 0xC8, 0x0E, 0x6A, 0x01, 0x65, 0x20, 0x77, 0x75,
    0x92, 0xFF, 0xC5, 0xAF, 0xD2, 0x37, 0xEA, 0x9A, 0xD3, 0x43, 0xF0, 0x63, 0xC4, 0xA2, 0x47, 0xAA,
    0x56, 0x95, 0xDA, 0xAD, 0xD1, 0xF8, 0xD9, 0x9A, 0x75, 0xD9, 0x6A, 0xF4, 0x4A, 0xAE, 0x0C, 0x0F,
    0xC3, 0x8D, 0x14, 0xC0, 0x93, 0x04, 0x01, 0xBB, 0x84, 0x7A, 0x05, 0x1A, 0x0F, 0xF4, 0x13, 0xA0,
    0xE1, 0x1F, 0xE9, 0xA5, 0x0D, 0x9B, 0x60, 0x12, 0xE2, 0xAF, 0xB9, 0x66, 0xB3, 0xDD, 0x7F, 0x18,
    0x64, 0x29, 0x02, 0x50, 0x2A, 0xF7, 0x34, 0x40, 0x2D, 0x07, 0x46, 0x13, 0xB4, 0xF2, 0x60, 0x5F,
    0x1D, 0xA0, 0xFF, 0x65, 0x01, 0x7D, 0xBD, 0x52, 0xA8, 0x0C, 0x94, 0xA1, 0x10, 0xBB, 0x15, 0x0D,
    0xF5, 0x42, 0xEF, 0xCC, 0x01, 0x3B, 0xB5, 0x9E, 0xD6, 0xDB, 0x09, 0xE3, 0x2B, 0x47, 0x3D, 0xC0,
    0x49, 0x6A, 0x87, 0x19, 0x6C, 0x84, 0x6F, 0x67, 0xDA, 0xD9, 0x78, 0xAC, 0x33, 0x0B, 0xA3, 0xAB,
    0x56, 0xD4, 0xED, 0xB6, 0x42, 0x14, 0xDA, 0x6D, 0xA0, 0x4F, 0x57, 0x18, 0x7F, 0x5D, 0xC0, 0xFE,
    0xEE, 0xA1, 0xD5, 0x0C, 0x46, 0xEE, 0x88, 0x4A, 0xDD, 0xF1, 0x0E, 0x8A, 0x8D, 0xA3, 0xDC, 0x01,
    0x1A, 0x07, 0x36, 0xF5, 0xEA, 0xA0, 0xEE, 0x38, 0x97, 0xE4, 0x56, 0x60, 0x07, 0x33, 0x59, 0xD7,
    0xCE, 0xD6, 0x35, 0xF3, 0x7D, 0xAA, 0xE1, 0x3D, 0xDD, 0x74, 0xFF, 0xD4, 0xF3, 0x79, 0x30, 0xB4,
    0xE7, 0x35, 0xBE, 0xFB, 0xA8, 0x09, 0xE9, 0xE9, 0x35, 0x7F, 0xF9, 0xDD, 0xF0, 0xAC, 0xF9, 0x73,
    0x1E, 0x35, 0x8D, 0x72, 0xF5, 0x43, 0x07, 0xC0, 0x87, 0xC0, 0x08, 0x6C, 0x34, 0xD2, 0xD0, 0x4A,
    0x5D, 0x9C, 0x5C, 0x8C, 0x2F, 0xB1, 0x12, 0xBD, 0x02, 0xA3, 0x36, 0xAE, 0xDE, 0x5E, 0xE7, 0xFE,
    0x9B, 0x01, 0x0A, 0xE0, 0x62, 0xBF, 0x7F, 0xDA, 0x4B, 0xFE, 0x34, 0xFF, 0x7F, 0x79, 0xF9, 0xF8,
    0xE6, 0x39, 0xD9, 0xDF, 0xF7, 0xE1, 0x24, 0x4F, 0x80, 0x6A, 0x03, 0xFA, 0x15, 0x2A, 0x4D, 0x30,
    0x6E, 0x50, 0x9F, 0x36, 0x59, 0x63, 0x02, 0x49, 0x95, 0xCA, 0x69, 0x01, 0x5A, 0x75, 0x50, 0xE6,
    0x24, 0x7D, 0x20, 0x39, 0x0D, 0xB1, 0xA6, 0x06, 0x2B, 0x89, 0x9C, 0x7D, 0x7C, 0x57, 0xE2, 0x67,
    0xA0, 0x48, 0x01, 0xE8, 0xF0, 0x2E, 0x60, 0x26, 0xE7, 0x3F, 0x3E, 0x9B, 0x22, 0x7B, 0xDB, 0x03,
    0x94, 0xC9, 0x72, 0x15, 0x8E, 0x2E, 0xFD, 0x69, 0xD3, 0x06, 0xC0, 0xBE, 0xBE, 0xBC, 0xA4, 0x95,
    0x44, 0x95, 0x50, 0x27, 0x70, 0xD1, 0x81, 0x1D, 0xFE, 0xF5, 0xEC, 0x25, 0x77, 0x9A, 0xF1, 0x6E,
    0x86, 0xBB, 0x9D, 0x9D, 0xC6, 0x79, 0x9C, 0x7A, 0xF7, 0x01, 0x7F, 0x03,
};

static const EpdGlyph edslab_16_bolditalicGlyphs[] = {
    { 0, 0, 184, 0, 0, 0, 0 }, // U+0020
    { 10, 26, 138, -1, 25, 65, 0 }, // !
    { 12, 9, 201, 2, 25, 27, 65 }, // "
    { 28, 26, 447, 0, 25, 182, 92 }, // #
    { 22, 33, 357, 0, 28, 182, 274 }, // $
    { 28, 26, 521, 2, 25, 182, 456 }, // %
    { 22, 26, 410, 1, 25, 143, 638 }, // &
    { 7, 9, 125, 2, 25, 16, 781 }, // '
    { 17, 40, 251, 1, 32, 170, 797 }, // (
    { 17, 40, 251, -2, 32, 170, 967 }, // )
    { 14, 13, 250, 3, 29, 46, 1137 }, // *
    { 13, 12, 228, 0, 15, 39, 1183 }, // +
    { 7, 9, 138, -2, 4, 16, 1222 }, // ,
    { 13, 4, 228, 0, 11, 13, 1238 }, // -
    { 7, 6, 138, -1, 5, 11, 1251 }, // .
    { 19, 33, 231, -3, 25, 157, 1262 }, // /
    { 21, 26, 344, 0, 25, 137, 1419 }, // 0
    { 13, 26, 215, -1, 25, 85, 1556 }, // 1
    { 21, 26, 322, -1, 25, 137, 1641 }, // 2
    { 21, 26, 334, 0, 25, 137, 1778 }, // 3
    { 20, 26, 331, -1, 25, 130, 1915 }, // 4
    { 21, 26, 330, 0, 25, 137, 2045 }, // 5
    { 21, 26, 335, 0, 25, 137, 2182 }, // 6
    { 21, 26, 319, 0, 25, 137, 2319 }, // 7
    { 20, 26, 338, 0, 25, 130, 2456 }, // 8
    { 20, 26, 318, 0, 25, 130, 2586 }, // 9
    { 9, 17, 138, -1, 16, 39, 2716 }, // :
    { 8, 21, 164, 0, 16, 42, 2755 }, // ;
    { 18, 18, 315, 1, 18, 81, 2797 }, // <
    { 13, 8, 235, 0, 12, 26, 2878 }, // =
    { 19, 18, 315, -1, 18, 86, 2904 }, // >
    { 18, 26, 316, 2, 25, 117, 2990 }, // ?
    { 32, 31, 536, 1, 27, 248, 3107 }, // @
    { 29, 26, 496, -1, 25, 189, 3355 }, // A
    { 26, 26, 404, -1, 25, 169, 3544 }, // B
    { 23, 26, 397, 1, 25, 150, 3713 }, // C
    { 29, 26, 447, -1, 25, 189, 3863 }, // D
    { 27, 26, 389, -1, 25, 176, 4052 }, // E
    { 27, 26, 390, -1, 25, 176, 4228 }, // F
    { 24, 26, 399, 0, 25, 156, 4404 }, // G
    { 32, 26, 485, -1, 25, 208, 4560 }, // H
    { 16, 26, 222, -1, 25, 104, 4768 }, // I
    { 22, 26, 319, -1, 25, 143, 4872 }, // J
    { 28, 26, 420, -1, 25, 182, 5015 }, // K
    { 24, 26, 394, -1, 25, 156, 5197 }, // L
    { 37, 26, 549, -1, 25, 241, 5353 }, // M
    { 32, 26, 485, -1, 25, 208, 5594 }, // N
    { 27, 26, 455, 1, 25, 176, 5802 }, // O
    { 27, 26, 404, -1, 25, 176, 5978 }, // P
    { 28, 31, 490, 0, 25, 217, 6154 }, // Q
    { 27, 26, 430, -1, 25, 176, 6371 }, // R
    { 22, 26, 344, -1, 25, 143, 6547 }, // S
    { 26, 26, 422, 2, 25, 169, 6690 }, // T
    { 29, 26, 499, 3, 25, 189, 6859 }, // U
    { 29, 26, 496, 3, 25, 189, 7048 }, // V
    { 42, 26, 696, 3, 25, 273, 7237 }, // W
    { 30, 26, 456, -1, 25, 195, 7510 }, // X
    { 25, 26, 436, 3, 25, 163, 7705 }, // Y
    { 26, 26, 383, -1, 25, 169, 7868 }, // Z
    { 15, 34, 187, -2, 26, 128, 8037 }, // [
    { 7, 33, 231, 3, 25, 58, 8165 }, // <backslash>
    { 16, 34, 203, -3, 26, 136, 8223 }, // ]
    { 17, 14, 315, 2, 26, 60, 8359 }, // ^
    { 17, 4, 286, -2, 1, 17, 8419 }, // _
    { 6, 9, 155, 4, 29, 14, 8436 }, // `
    { 17, 17, 300, -1, 16, 73, 8450 }, // a
    { 18, 28, 328, 1, 27, 126, 8523 }, // b
    { 17, 17, 278, -1, 16, 73, 8649 }, // c
    { 20, 29, 326, -1, 27, 145, 8722 }, // d
    { 16, 17, 266, -1, 16, 68, 8867 }, // e
    { 18, 29, 210, -2, 25, 131, 8935 }, // f
    { 23, 27, 317, -3, 16, 156, 9066 }, // g
    { 21, 29, 341, -2, 27, 153, 9222 }, // h
    { 8, 24, 168, 0, 22, 48, 9375 }, // i
    { 14, 31, 148, -5, 22, 109, 9423 }, // j
    { 20, 28, 340, -1, 27, 140, 9532 }, // k
    { 10, 29, 183, 1, 27, 73, 9672 }, // l
    { 29, 18, 480, -1, 16, 131, 9745 }, // m
    { 20, 18, 347, -1, 16, 90, 9876 }, // n
    { 18, 17, 296, -1, 16, 77, 9966 }, // o
    { 22, 25, 313, -4, 16, 138, 10043 }, // p
    { 18, 25, 286, -1, 16, 113, 10181 }, // q
    { 18, 17, 277, -1, 16, 77, 10294 }, // r
    { 15, 17, 236, -1, 16, 64, 10371 }, // s
    { 14, 24, 246, 0, 23, 84, 10435 }, // t
    { 18, 17, 328, 0, 16, 77, 10519 }, // u
    { 22, 17, 360, 0, 16, 94, 10596 }, // v
    { 32, 17, 509, 0, 16, 136, 10690 }, // w
    { 22, 17, 353, -1, 16, 94, 10826 }, // x
    { 24, 25, 359, -2, 16, 150, 10920 }, // y
    { 18, 17, 280, -1, 16, 77, 11070 }, // z
    { 14, 34, 174, -1, 26, 119, 11147 }, // {
    { 12, 36, 118, -2, 30, 108, 11266 }, // |
    { 13, 34, 174, -3, 26, 111, 11374 }, // }
    { 15, 6, 283, 1, 13, 23, 11485 }, // ~
    { 0, 0, 184, 0, 0, 0, 0 }, // U+00A0
    { 9, 26, 143, 0, 25, 59, 0 }, // U+00A1
    { 17, 22, 278, -1, 19, 94, 59 }, // U+00A2
    { 19, 30, 299, -1, 25, 143, 153 }, // U+00A3
    { 18, 17, 288, 0, 19, 77, 296 }, // U+00A4
    { 25, 26, 437, 3, 25, 163, 373 }, // U+00A5
    { 8, 26, 147, 1, 25, 52, 536 }, // U+00A6
    { 15, 23, 253, -1, 23, 87, 588 }, // U+00A7
    { 8, 5, 235, 5, 25, 10, 675 }, // U+00A8
    { 27, 27, 479, 2, 25, 183, 685 }, // U+00A9
    { 14, 11, 220, 0, 20, 39, 868 }, // U+00AA
    { 13, 13, 240, 1, 17, 43, 907 }, // U+00AB
    { 15, 8, 310, 2, 14, 30, 950 }, // U+00AC
    { 13, 4, 228, 0, 11, 13, 980 }, // U+00AD
    { 27, 27, 479, 2, 25, 183, 993 }, // U+00AE
    { 9, 4, 235, 5, 25, 9, 1176 }, // U+00AF
    { 8, 8, 245, 5, 26, 16, 1185 }, // U+00B0
    { 14, 17, 288, 1, 17, 60, 1201 }, // U+00B1
    { 14, 16, 229, 0, 25, 56, 1261 }, // U+00B2
    { 14, 16, 236, 1, 25, 56, 1317 }, // U+00B3
    { 7, 5, 235, 6, 26, 9, 1373 }, // U+00B4
    { 22, 26, 328, -4, 16, 143, 1382 }, // U+00B5
    { 19, 27, 320, 1, 25, 129, 1525 }, // U+00B6
    { 6, 6, 138, 1, 13, 9, 1654 }, // U+00B7
    { 7, 5, 235, 1, -1, 9, 1663 }, // U+00B8
    { 9, 16, 163, 0, 25, 36, 1672 }, // U+00B9
    { 13, 11, 219, 1, 20, 36, 1708 }, // U+00BA
    { 13, 13, 240, 0, 17, 43, 1744 }, // U+00BB
    { 23, 28, 320, -1, 27, 161, 1787 }, // U+00BC
    { 23, 28, 320, -1, 27, 161, 1948 }, // U+00BD
    { 23, 28, 320, -1, 27, 161, 2109 }, // U+00BE
    { 17, 26, 317, 0, 25, 111, 2270 }, // U+00BF
    { 29, 29, 496, -1, 28, 211, 2381 }, // U+00C0
    { 29, 29, 496, -1, 28, 211, 2592 }, // U+00C1
    { 29, 29, 496, -1, 28, 211, 2803 }, // U+00C2
    { 29, 29, 496, -1, 28, 211, 3014 }, // U+00C3
    { 29, 29, 496, -1, 28, 211, 3225 }, // U+00C4
    { 29, 31, 496, -1, 30, 225, 3436 }, // U+00C5
    { 47, 26, 709, -1, 25, 306, 3661 }, // U+00C6
    { 23, 30, 397, 1, 25, 173, 3967 }, // U+00C7
    { 27, 29, 389, -1, 28, 196, 4140 }, // U+00C8
    { 27, 29, 389, -1, 28, 196, 4336 }, // U+00C9
    { 27, 29, 389, -1, 28, 196, 4532 }, // U+00CA
    { 27, 29, 389, -1, 28, 196, 4728 }, // U+00CB
    { 16, 29, 222, -1, 28, 116, 4924 }, // U+00CC
    { 16, 29, 222, -1, 28, 116, 5040 }, // U+00CD
    { 16, 29, 222, -1, 28, 116, 5156 }, // U+00CE
    { 16, 29, 222, -1, 28, 116, 5272 }, // U+00CF
    { 29, 26, 447, -1, 25, 189, 5388 }, // U+00D0
    { 32, 29, 485, -1, 28, 232, 5577 }, // U+00D1
    { 27, 29, 455, 1, 28, 196, 5809 }, // U+00D2
    { 27, 29, 455, 1, 28, 196, 6005 }, // U+00D3
    { 27, 29, 455, 1, 28, 196, 6201 }, // U+00D4
    { 27, 30, 455, 1, 29, 203, 6397 }, // U+00D5
    { 27, 29, 455, 1, 28, 196, 6600 }, // U+00D6
    { 13, 12, 288, 2, 16, 39, 6796 }, // U+00D7
    { 30, 30, 455, -1, 27, 225, 6835 }, // U+00D8
    { 29, 29, 499, 3, 28, 211, 7060 }, // U+00D9
    { 29, 29, 499, 3, 28, 211, 7271 }, // U+00DA
    { 29, 29, 499, 3, 28, 211, 7482 }, // U+00DB
    { 29, 29, 499, 3, 28, 211, 7693 }, // U+00DC
    { 25, 29, 436, 3, 28, 182, 7904 }, // U+00DD
    { 20, 26, 447, -1, 25, 130, 8086 }, // U+00DE
    { 17, 24, 309, -1, 23, 102, 8216 }, // U+00DF
    { 17, 21, 300, -1, 20, 90, 8318 }, // U+00E0
    { 17, 21, 300, -1, 20, 90, 8408 }, // U+00E1
    { 17, 21, 300, -1, 20, 90, 8498 }, // U+00E2
    { 17, 21, 300, -1, 20, 90, 8588 }, // U+00E3
    { 17, 20, 300, -1, 19, 85, 8678 }, // U+00E4
    { 17, 23, 300, -1, 22, 98, 8763 }, // U+00E5
    { 30, 17, 486, -1, 16, 128, 8861 }, // U+00E6
    { 17, 21, 278, -1, 16, 90, 8989 }, // U+00E7
    { 16, 21, 266, -1, 20, 84, 9079 }, // U+00E8
    { 16, 21, 266, -1, 20, 84, 9163 }, // U+00E9
    { 16, 21, 266, -1, 20, 84, 9247 }, // U+00EA
    { 16, 20, 266, -1, 19, 80, 9331 }, // U+00EB
    { 9, 22, 168, 0, 20, 50, 9411 }, // U+00EC
    { 10, 22, 168, 0, 20, 55, 9461 }, // U+00ED
    { 10, 22, 168, 0, 20, 55, 9516 }, // U+00EE
    { 10, 21, 168, 0, 19, 53, 9571 }, // U+00EF
    { 24, 29, 326, -1, 27, 174, 9624 }, // U+00F0
    { 20, 22, 347, -1, 20, 110, 9798 }, // U+00F1
    { 18, 20, 296, -1, 19, 90, 9908 }, // U+00F2
    { 18, 21, 296, -1, 20, 95, 9998 }, // U+00F3
    { 18, 21, 296, -1, 20, 95, 10093 }, // U+00F4
    { 18, 21, 296, -1, 20, 95, 10188 }, // U+00F5
    { 18, 20, 296, -1, 19, 90, 10283 }, // U+00F6
    { 11, 12, 288, 3, 16, 33, 10373 }, // U+00F7
    { 22, 21, 296, -2, 18, 116, 10406 }, // U+00F8
    { 18, 21, 328, 0, 20, 95, 10522 }, // U+00F9
    { 18, 21, 328, 0, 20, 95, 10617 }, // U+00FA
    { 18, 21, 328, 0, 20, 95, 10712 }, // U+00FB
    { 18, 20, 328, 0, 19, 90, 10807 }, // U+00FC
    { 24, 28, 359, -2, 19, 168, 10897 }, // U+00FD
    { 22, 36, 328, -3, 27, 198, 11065 }, // U+00FE
    { 24, 28, 359, -2, 19, 168, 11263 }, // U+00FF
    { 29, 28, 496, -1, 27, 203, 0 }, // U+0100
    { 17, 20, 300, -1, 19, 85, 203 }, // U+0101
    { 29, 30, 496, -1, 29, 218, 288 }, // U+0102
    { 17, 21, 300, -1, 20, 90, 506 }, // U+0103
    { 29, 31, 496, -1, 25, 225, 596 }, // U+0104
    { 17, 21, 300, -1, 16, 90, 821 }, // U+0105
    { 23, 29, 397, 1, 28, 167, 911 }, // U+0106
    { 17, 20, 278, -1, 19, 85, 1078 }, // U+0107
    { 23, 30, 397, 1, 29, 173, 1163 }, // U+0108
    { 17, 21, 278, -1, 20, 90, 1336 }, // U+0109
    { 23, 29, 397, 1, 28, 167, 1426 }, // U+010A
    { 17, 20, 278, -1, 19, 85, 1593 }, // U+010B
    { 23, 30, 397, 1, 29, 173, 1678 }, // U+010C
    { 17, 21, 278, -1, 20, 90, 1851 }, // U+010D
    { 29, 29, 447, -1, 28, 211, 1941 }, // U+010E
    { 25, 29, 326, -1, 27, 182, 2152 }, // U+010F
    { 29, 26, 447, -1, 25, 189, 2334 }, // U+0110
    { 24, 29, 326, -1, 27, 174, 2523 }, // U+0111
    { 27, 28, 389, -1, 27, 189, 2697 }, // U+0112
    { 16, 20, 266, -1, 19, 80, 2886 }, // U+0113
    { 27, 30, 389, -1, 29, 203, 2966 }, // U+0114
    { 16, 21, 266, -1, 20, 84, 3169 }, // U+0115
    { 27, 29, 389, -1, 28, 196, 3253 }, // U+0116
    { 16, 21, 266, -1, 20, 84, 3449 }, // U+0117
    { 27, 31, 389, -1, 25, 210, 3533 }, // U+0118
    { 16, 21, 266, -1, 16, 84, 3743 }, // U+0119
    { 27, 29, 389, -1, 28, 196, 3827 }, // U+011A
    { 16, 21, 266, -1, 20, 84, 4023 }, // U+011B
    { 24, 30, 399, 0, 29, 180, 4107 }, // U+011C
    { 23, 31, 317, -3, 20, 179, 4287 }, // U+011D
    { 24, 30, 399, 0, 29, 180, 4466 }, // U+011E
    { 23, 31, 317, -3, 20, 179, 4646 }, // U+011F
    { 24, 29, 399, 0, 28, 174, 4825 }, // U+0120
    { 23, 31, 317, -3, 20, 179, 4999 }, // U+0121
    { 24, 30, 399, 0, 25, 180, 5178 }, // U+0122
    { 23, 30, 317, -3, 16, 173, 5358 }, // U+0123
    { 32, 29, 485, -1, 28, 232, 5531 }, // U+0124
    { 21, 33, 341, -2, 31, 174, 5763 }, // U+0125
    { 32, 26, 485, -1, 25, 208, 5937 }, // U+0126
    { 21, 29, 341, -2, 27, 153, 6145 }, // U+0127
    { 17, 30, 221, -1, 29, 128, 6298 }, // U+0128
    { 13, 22, 168, 0, 20, 72, 6426 }, // U+0129
    { 16, 28, 222, -1, 27, 112, 6498 }, // U+012A
    { 10, 21, 168, 0, 19, 53, 6610 }, // U+012B
    { 16, 30, 222, -1, 29, 120, 6663 }, // U+012C
    { 11, 22, 168, 0, 20, 61, 6783 }, // U+012D
    { 16, 31, 222, -1, 25, 124, 6844 }, // U+012E
    { 9, 28, 167, -1, 22, 63, 6968 }, // U+012F
    { 16, 29, 222, -1, 28, 116, 7031 }, // U+0130
    { 8, 18, 168, 0, 16, 36, 7147 }, // U+0131
    { 33, 26, 499, -1, 25, 215, 7183 }, // U+0132
    { 17, 31, 279, 0, 22, 132, 7398 }, // U+0133
    { 22, 30, 319, -1, 29, 165, 7530 }, // U+0134
    { 14, 28, 148, -5, 19, 98, 7695 }, // U+0135
    { 28, 30, 420, -1, 25, 210, 7793 }, // U+0136
    { 20, 32, 340, -1, 27, 160, 8003 }, // U+0137
    { 24, 29, 394, -1, 28, 174, 8163 }, // U+0139
    { 12, 33, 183, 1, 31, 99, 8337 }, // U+013A
    { 24, 30, 394, -1, 25, 180, 8436 }, // U+013B
    { 12, 32, 183, -1, 27, 96, 8616 }, // U+013C
    { 24, 29, 394, -1, 28, 174, 8712 }, // U+013D
    { 15, 29, 183, 1, 27, 109, 8886 }, // U+013E
    { 28, 26, 474, -1, 25, 182, 8995 }, // U+013F
    { 14, 29, 263, 1, 27, 102, 9177 }, // U+0140
    { 24, 26, 394, -1, 25, 156, 9279 }, // U+0141
    { 13, 28, 183, 0, 27, 91, 9435 }, // U+0142
    { 32, 29, 485, -1, 28, 232, 9526 }, // U+0143
    { 20, 21, 347, -1, 19, 105, 9758 }, // U+0144
    { 32, 30, 485, -1, 25, 240, 9863 }, // U+0145
    { 20, 21, 347, -1, 16, 105, 10103 }, // U+0146
    { 32, 29, 485, -1, 28, 232, 10208 }, // U+0147
    { 20, 22, 347, -1, 20, 110, 10440 }, // U+0148
    { 23, 31, 373, -2, 29, 179, 10550 }, // U+0149
    { 32, 35, 485, -1, 25, 280, 10729 }, // U+014A
    { 20, 26, 347, -1, 16, 130, 11009 }, // U+014B
    { 27, 28, 455, 1, 27, 189, 11139 }, // U+014C
    { 18, 19, 296, -1, 18, 86, 11328 }, // U+014D
    { 27, 30, 455, 1, 29, 203, 11414 }, // U+014E
    { 18, 21, 296, -1, 20, 95, 11617 }, // U+014F
    { 27, 30, 455, 1, 29, 203, 11712 }, // U+0150
    { 18, 21, 296, -1, 20, 95, 11915 }, // U+0151
    { 48, 26, 759, 1, 25, 312, 12010 }, // U+0152
    { 30, 17, 493, -1, 16, 128, 12322 }, // U+0153
    { 27, 30, 430, -1, 29, 203, 12450 }, // U+0154
    { 18, 21, 277, -1, 20, 95, 12653 }, // U+0155
    { 27, 30, 430, -1, 25, 203, 12748 }, // U+0156
    { 18, 20, 277, -1, 16, 90, 12951 }, // U+0157
    { 27, 30, 430, -1, 29, 203, 13041 }, // U+0158
    { 18, 21, 277, -1, 20, 95, 13244 }, // U+0159
    { 22, 29, 344, -1, 28, 160, 13339 }, // U+015A
    { 15, 21, 236, -1, 20, 79, 13499 }, // U+015B
    { 22, 30, 344, -1, 29, 165, 13578 }, // U+015C
    { 15, 21, 236, -1, 20, 79, 13743 }, // U+015D
    { 22, 31, 344, -1, 25, 171, 13822 }, // U+015E
    { 15, 22, 236, -1, 16, 83, 13993 }, // U+015F
    { 22, 30, 344, -1, 29, 165, 14076 }, // U+0160
    { 15, 21, 236, -1, 20, 79, 14241 }, // U+0161
    { 26, 33, 422, 2, 25, 215, 14320 }, // U+0162
    { 14, 30, 246, 0, 23, 105, 14535 }, // U+0163
    { 26, 29, 422, 2, 28, 189, 14640 }, // U+0164
    { 21, 24, 246, 0, 23, 126, 14829 }, // U+0165
    { 26, 26, 422, 2, 25, 169, 14955 }, // U+0166
    { 15, 24, 246, -1, 23, 90, 15124 }, // U+0167
    { 29, 30, 499, 3, 29, 218, 15214 }, // U+0168
    { 18, 21, 328, 0, 20, 95, 15432 }, // U+0169
    { 29, 28, 499, 3, 27, 203, 15527 }, // U+016A
    { 18, 19, 328, 0, 18, 86, 15730 }, // U+016B
    { 29, 30, 499, 3, 29, 218, 15816 }, // U+016C
    { 18, 21, 328, 0, 20, 95, 16034 }, // U+016D
    { 29, 32, 499, 3, 31, 232, 16129 }, // U+016E
    { 18, 23, 328, 0, 22, 104, 16361 }, // U+016F
    { 29, 30, 499, 3, 29, 218, 16465 }, // U+0170
    { 18, 20, 328, 0, 19, 90, 16683 }, // U+0171
    { 29, 31, 499, 3, 25, 225, 16773 }, // U+0172
    { 18, 21, 328, 0, 16, 95, 16998 }, // U+0173
    { 42, 29, 696, 3, 28, 305, 17093 }, // U+0174
    { 32, 20, 509, 0, 19, 160, 17398 }, // U+0175
    { 25, 30, 436, 3, 29, 188, 17558 }, // U+0176
    { 24, 29, 359, -2, 20, 174, 17746 }, // U+0177
    { 25, 29, 436, 3, 28, 182, 17920 }, // U+0178
    { 26, 29, 383, -1, 28, 189, 18102 }, // U+0179
    { 18, 20, 280, -1, 19, 90, 18291 }, // U+017A
    { 26, 29, 383, -1, 28, 189, 18381 }, // U+017B
    { 18, 21, 280, -1, 20, 95, 18570 }, // U+017C
    { 26, 29, 383, -1, 28, 189, 18665 }, // U+017D
    { 18, 20, 280, -1, 19, 90, 18854 }, // U+017E
    { 29, 29, 496, -1, 28, 211, 0 }, // U+01CD
    { 17, 24, 300, -1, 23, 102, 211 }, // U+01CE
    { 16, 29, 222, -1, 28, 116, 313 }, // U+020A
    { 10, 25, 180, 0, 23, 63, 429 }, // U+020B
    { 22, 31, 344, -1, 25, 171, 492 }, // U+0218
    { 15, 22, 236, -1, 16, 83, 663 }, // U+0219
    { 26, 33, 422, 2, 25, 215, 746 }, // U+021A
    { 14, 30, 246, 0, 23, 105, 961 }, // U+021B
    { 7, 9, 0, -1, 25, 16, 0 }, // U+0301
    { 7, 9, 0, -1, 25, 16, 16 }, // U+0312
    { 7, 9, 0, -1, 25, 16, 32 }, // U+0313
    { 7, 9, 0, -1, 25, 16, 48 }, // U+0314
    { 7, 9, 0, -1, 25, 16, 64 }, // U+0315
    { 7, 9, 0, -1, 25, 16, 80 }, // U+0341
    { 7, 9, 0, -1, 25, 16, 96 }, // U+0343
    { 27, 31, 383, -1, 30, 210, 0 }, // U+0401
    { 24, 26, 387, 0, 25, 156, 210 }, // U+0404
    { 16, 26, 216, -1, 25, 104, 366 }, // U+0406
    { 16, 31, 225, 0, 30, 124, 470 }, // U+0407
    { 29, 26, 496, -1, 25, 189, 594 }, // U+0410
    { 26, 26, 405, -1, 25, 169, 783 }, // U+0411
    { 26, 26, 404, -1, 25, 169, 952 }, // U+0412
    { 25, 26, 357, -1, 25, 163, 1121 }, // U+0413
    { 31, 31, 448, -2, 25, 241, 1284 }, // U+0414
    { 27, 26, 389, -1, 25, 176, 1525 }, // U+0415
    { 42, 26, 619, -2, 25, 273, 1701 }, // U+0416
    { 22, 26, 354, -1, 25, 143, 1974 }, // U+0417
    { 29, 26, 484, 2, 25, 189, 2117 }, // U+0418
    { 29, 33, 484, 2, 32, 240, 2306 }, // U+0419
    { 28, 26, 414, -1, 25, 182, 2546 }, // U+041A
    { 30, 26, 447, -1, 25, 195, 2728 }, // U+041B
    { 37, 26, 549, -1, 25, 241, 2923 }, // U+041C
    { 32, 26, 485, -1, 25, 208, 3164 }, // U+041D
    { 26, 26, 445, 1, 25, 169, 3372 }, // U+041E
    { 32, 26, 485, -1, 25, 208, 3541 }, // U+041F
    { 27, 26, 404, -1, 25, 176, 3749 }, // U+0420
    { 24, 26, 387, 0, 25, 156, 3925 }, // U+0421
    { 26, 26, 422, 2, 25, 169, 4081 }, // U+0422
    { 27, 26, 467, 3, 25, 176, 4250 }, // U+0423
    { 28, 30, 450, 0, 27, 210, 4426 }, // U+0424
    { 30, 26, 456, -1, 25, 195, 4636 }, // U+0425
    { 32, 31, 485, -1, 25, 248, 4831 }, // U+0426
    { 26, 26, 441, 3, 25, 169, 5079 }, // U+0427
    { 43, 26, 659, -1, 25, 280, 5248 }, // U+0428
    { 43, 31, 659, -1, 25, 334, 5528 }, // U+0429
    { 26, 26, 442, 1, 25, 169, 5862 }, // U+042A
    { 40, 26, 601, -1, 25, 260, 6031 }, // U+042B
    { 25, 26, 399, -1, 25, 163, 6291 }, // U+042C
    { 25, 26, 382, -1, 25, 163, 6454 }, // U+042D
    { 40, 26, 615, -1, 25, 260, 6617 }, // U+042E
    { 30, 26, 430, -2, 25, 195, 6877 }, // U+042F
    { 16, 17, 284, -1, 16, 68, 7072 }, // U+0430
    { 18, 24, 261, -1, 23, 108, 7140 }, // U+0431
    { 18, 17, 292, -1, 16, 77, 7248 }, // U+0432
    { 18, 17, 278, -1, 16, 77, 7325 }, // U+0433
    { 21, 21, 345, -2, 16, 111, 7402 }, // U+0434
    { 16, 17, 250, -1, 16, 68, 7513 }, // U+0435
    { 29, 17, 480, -1, 16, 124, 7581 }, // U+0436
    { 15, 17, 244, -1, 16, 64, 7705 }, // U+0437
    { 18, 17, 335, 0, 16, 77, 7769 }, // U+0438
    { 18, 24, 335, 0, 23, 108, 7846 }, // U+0439
    { 20, 17, 340, -1, 16, 85, 7954 }, // U+043A
    { 20, 17, 338, -2, 16, 85, 8039 }, // U+043B
    { 27, 17, 423, -1, 16, 115, 8124 }, // U+043C
    { 22, 17, 351, -1, 16, 94, 8239 }, // U+043D
    { 18, 17, 296, -1, 16, 77, 8333 }, // U+043E
    { 22, 17, 351, -1, 16, 94, 8410 }, // U+043F
    { 22, 25, 324, -3, 16, 138, 8504 }, // U+0440
    { 17, 17, 267, -1, 16, 73, 8642 }, // U+0441
    { 18, 17, 293, 0, 16, 77, 8715 }, // U+0442
    { 24, 25, 349, -2, 16, 150, 8792 }, // U+0443
    { 21, 33, 346, -1, 24, 174, 8942 }, // U+0444
    { 22, 17, 353, -1, 16, 94, 9116 }, // U+0445
    { 22, 21, 351, -1, 16, 116, 9210 }, // U+0446
    { 20, 17, 326, 0, 16, 85, 9326 }, // U+0447
    { 29, 17, 459, -1, 16, 124, 9411 }, // U+0448
    { 29, 21, 459, -1, 16, 153, 9535 }, // U+0449
    { 18, 17, 313, 0, 16, 77, 9688 }, // U+044A
    { 27, 17, 431, -1, 16, 115, 9765 }, // U+044B
    { 18, 17, 287, -1, 16, 77, 9880 }, // U+044C
    { 17, 17, 267, -1, 16, 73, 9957 }, // U+044D
    { 27, 17, 429, -1, 16, 115, 10030 }, // U+044E
    { 21, 17, 317, -2, 16, 90, 10145 }, // U+044F
    { 16, 23, 255, -1, 22, 92, 10235 }, // U+0451
    { 17, 17, 267, -1, 16, 73, 10327 }, // U+0454
    { 9, 24, 168, 0, 22, 54, 10400 }, // U+0456
    { 11, 24, 177, 0, 22, 66, 10454 }, // U+0457
    { 25, 28, 358, -1, 27, 175, 10520 }, // U+0490
    { 19, 19, 278, -1, 18, 91, 10695 }, // U+0491
    { 0, 0, 267, 0, 0, 0, 0 }, // U+2002
    { 0, 0, 533, 0, 0, 0, 0 }, // U+2003
    { 0, 0, 107, 0, 0, 0, 0 }, // U+2009
    { 13, 4, 228, 0, 11, 13, 0 }, // U+2010
    { 13, 4, 228, 0, 11, 13, 13 }, // U+2011
    { 15, 4, 288, 1, 11, 15, 26 }, // U+2012
    { 15, 4, 288, 1, 11, 15, 41 }, // U+2013
    { 31, 4, 557, 1, 11, 31, 56 }, // U+2014
    { 36, 4, 555, -1, 11, 36, 87 }, // U+2015
    { 9, 26, 374, 7, 25, 59, 123 }, // U+2016
    { 8, 9, 139, 2, 25, 18, 182 }, // U+2018
    { 7, 9, 139, 2, 25, 16, 200 }, // U+2019
    { 7, 9, 138, -2, 4, 16, 216 }, // U+201A
    { 8, 9, 139, 2, 25, 18, 232 }, // U+201B
    { 13, 9, 213, 2, 25, 30, 250 }, // U+201C
    { 13, 9, 214, 2, 25, 30, 280 }, // U+201D
    { 13, 9, 213, -2, 4, 30, 310 }, // U+201E
    { 13, 9, 213, 2, 25, 30, 340 }, // U+201F
    { 11, 27, 307, 5, 25, 75, 370 }, // U+2020
    { 13, 27, 308, 3, 25, 88, 445 }, // U+2021
    { 12, 11, 245, 1, 16, 33, 533 }, // U+2022
    { 12, 13, 267, 2, 17, 39, 566 }, // U+2023
    { 7, 6, 138, -1, 5, 11, 605 }, // U+2024
    { 7, 6, 138, -1, 5, 11, 616 }, // U+2025
    { 23, 6, 411, -1, 5, 35, 627 }, // U+2026
    { 6, 6, 138, 1, 13, 9, 662 }, // U+2027
    { 31, 26, 677, 2, 25, 202, 671 }, // U+2030
    { 8, 11, 155, 2, 26, 22, 873 }, // U+2032
    { 12, 11, 219, 2, 26, 33, 895 }, // U+2033
    { 16, 11, 283, 2, 26, 44, 928 }, // U+2034
    { 7, 10, 139, 1, 25, 18, 972 }, // U+2035
    { 9, 13, 165, 1, 17, 30, 990 }, // U+2039
    { 9, 13, 165, 0, 17, 30, 1020 }, // U+203A
    { 15, 4, 288, 1, 12, 15, 1050 }, // U+2043
    { 16, 20, 181, 0, 18, 80, 1065 }, // U+2044
    { 12, 11, 245, 1, 16, 33, 1145 }, // U+204C
    { 12, 11, 245, 1, 16, 33, 1178 }, // U+204D
    { 12, 11, 245, 1, 16, 33, 1211 }, // U+2055
    { 14, 17, 243, 1, 26, 60, 0 }, // U+2070
    { 14, 16, 235, 0, 25, 56, 60 }, // U+2074
    { 14, 16, 234, 1, 25, 56, 116 }, // U+2075
    { 14, 16, 237, 1, 25, 56, 172 }, // U+2076
    { 14, 16, 227, 1, 25, 56, 228 }, // U+2077
    { 13, 16, 239, 1, 25, 52, 284 }, // U+2078
    { 13, 16, 226, 1, 25, 52, 336 }, // U+2079
    { 11, 9, 213, 2, 19, 25, 388 }, // U+207A
    { 11, 4, 213, 2, 17, 11, 413 }, // U+207B
    { 14, 17, 243, -2, 12, 60, 424 }, // U+2080
    { 9, 16, 163, -3, 11, 36, 484 }, // U+2081
    { 14, 16, 229, -3, 11, 56, 520 }, // U+2082
    { 14, 16, 236, -2, 11, 56, 576 }, // U+2083
    { 13, 16, 235, -2, 11, 52, 632 }, // U+2084
    { 14, 16, 234, -2, 11, 56, 684 }, // U+2085
    { 14, 16, 237, -2, 11, 56, 740 }, // U+2086
    { 14, 16, 227, -2, 11, 56, 796 }, // U+2087
    { 14, 16, 239, -2, 11, 56, 852 }, // U+2088
    { 14, 16, 226, -2, 11, 56, 908 }, // U+2089
    { 11, 9, 213, -1, 5, 25, 964 }, // U+208A
    { 11, 4, 213, -1, 3, 11, 989 }, // U+208B
    { 45, 26, 697, 0, 25, 293, 0 }, // U+20A9
    { 28, 26, 440, -1, 25, 182, 293 }, // U+20AC
    { 27, 26, 404, -1, 25, 176, 475 }, // U+20B1
    { 23, 26, 344, -1, 25, 150, 651 }, // U+20B4
    { 27, 26, 422, 1, 25, 176, 801 }, // U+20B8
    { 29, 25, 430, -1, 24, 182, 977 }, // U+20B9
    { 24, 26, 394, -1, 25, 156, 1159 }, // U+20BA
    { 28, 26, 405, -2, 25, 182, 1315 }, // U+20BD
    { 26, 33, 404, -1, 28, 215, 1497 }, // U+20BF
    { 19, 9, 331, -3, 14, 43, 0 }, // U+2190
    { 10, 25, 315, 6, 25, 63, 43 }, // U+2191
    { 19, 9, 331, 1, 14, 43, 106 }, // U+2192
    { 10, 25, 315, 3, 20, 63, 149 }, // U+2193
    { 20, 9, 320, -1, 14, 45, 212 }, // U+2194
    { 13, 34, 315, 3, 27, 111, 257 }, // U+2195
    { 17, 18, 382, 3, 19, 77, 368 }, // U+2196
    { 17, 18, 300, 0, 19, 77, 445 }, // U+2197
    { 17, 18, 382, 3, 19, 77, 522 }, // U+2198
    { 17, 18, 300, 0, 19, 77, 599 }, // U+2199
    { 19, 13, 352, 0, 17, 62, 676 }, // U+21D0
    { 13, 19, 342, 5, 20, 62, 738 }, // U+21D1
    { 19, 13, 352, 2, 17, 62, 800 }, // U+21D2
    { 13, 19, 342, 3, 19, 62, 862 }, // U+21D3
    { 23, 13, 341, -1, 17, 75, 924 }, // U+21D4
    { 28, 25, 508, 4, 24, 175, 0 }, // U+2200
    { 22, 25, 466, 4, 24, 138, 175 }, // U+2203
    { 16, 17, 335, 2, 19, 68, 313 }, // U+2205
    { 18, 17, 341, 0, 19, 77, 381 }, // U+2206
    { 18, 17, 341, 3, 18, 77, 458 }, // U+2207
    { 23, 25, 434, 2, 24, 144, 535 }, // U+2208
    { 17, 4, 320, 1, 12, 17, 679 }, // U+2212
    { 12, 16, 297, 3, 17, 48, 696 }, // U+2213
    { 14, 13, 250, 3, 28, 46, 744 }, // U+2217
    { 11, 10, 235, 1, 15, 28, 790 }, // U+2218
    { 12, 12, 245, 1, 16, 36, 818 }, // U+2219
    { 19, 18, 317, 1, 21, 86, 854 }, // U+221A
    { 20, 13, 356, 1, 16, 65, 940 }, // U+221E
    { 17, 19, 298, 0, 20, 81, 1005 }, // U+2220
    { 9, 18, 360, 7, 19, 41, 1086 }, // U+2225
    { 19, 19, 331, -1, 20, 91, 1127 }, // U+2227
    { 19, 19, 331, 2, 20, 91, 1218 }, // U+2228
    { 14, 15, 343, 2, 17, 53, 1309 }, // U+2234
    { 14, 15, 343, 4, 17, 53, 1362 }, // U+2235
    { 11, 11, 229, 1, 16, 31, 1415 }, // U+2248
    { 13, 14, 229, 0, 15, 46, 1446 }, // U+2260
    { 14, 13, 369, 4, 17, 46, 1492 }, // U+2261
    { 20, 20, 315, -1, 18, 100, 1538 }, // U+2264
    { 19, 20, 315, -1, 18, 95, 1638 }, // U+2265
    { 14, 18, 336, 2, 19, 63, 1733 }, // U+22A5
    { 6, 6, 138, 1, 13, 9, 1796 }, // U+22C5
};

static const EpdUnicodeInterval edslab_16_bolditalicIntervals[] = {
    { 0x20, 0x7E, 0x0 },
    { 0xA0, 0x137, 0x5F },
    { 0x139, 0x17E, 0xF7 },
    { 0x1CD, 0x1CE, 0x13D },
    { 0x20A, 0x20B, 0x13F },
    { 0x218, 0x21B, 0x141 },
    { 0x301, 0x301, 0x145 },
    { 0x312, 0x315, 0x146 },
    { 0x341, 0x341, 0x14A },
    { 0x343, 0x343, 0x14B },
    { 0x401, 0x401, 0x14C },
    { 0x404, 0x404, 0x14D },
    { 0x406, 0x407, 0x14E },
    { 0x410, 0x44F, 0x150 },
    { 0x451, 0x451, 0x190 },
    { 0x454, 0x454, 0x191 },
    { 0x456, 0x457, 0x192 },
    { 0x490, 0x491, 0x194 },
    { 0x2002, 0x2003, 0x196 },
    { 0x2009, 0x2009, 0x198 },
    { 0x2010, 0x2016, 0x199 },
    { 0x2018, 0x2027, 0x1A0 },
    { 0x2030, 0x2030, 0x1B0 },
    { 0x2032, 0x2035, 0x1B1 },
    { 0x2039, 0x203A, 0x1B5 },
    { 0x2043, 0x2044, 0x1B7 },
    { 0x204C, 0x204D, 0x1B9 },
    { 0x2055, 0x2055, 0x1BB },
    { 0x2070, 0x2070, 0x1BC },
    { 0x2074, 0x207B, 0x1BD },
    { 0x2080, 0x208B, 0x1C5 },
    { 0x20A9, 0x20A9, 0x1D1 },
    { 0x20AC, 0x20AC, 0x1D2 },
    { 0x20B1, 0x20B1, 0x1D3 },
    { 0x20B4, 0x20B4, 0x1D4 },
    { 0x20B8, 0x20BA, 0x1D5 },
    { 0x20BD, 0x20BD, 0x1D8 },
    { 0x20BF, 0x20BF, 0x1D9 },
    { 0x2190, 0x2199, 0x1DA },
    { 0x21D0, 0x21D4, 0x1E4 },
    { 0x2200, 0x2200, 0x1E9 },
    { 0x2203, 0x2203, 0x1EA },
    { 0x2205, 0x2208, 0x1EB },
    { 0x2212, 0x2213, 0x1EF },
    { 0x2217, 0x221A, 0x1F1 },
    { 0x221E, 0x221E, 0x1F5 },
    { 0x2220, 0x2220, 0x1F6 },
    { 0x2225, 0x2225, 0x1F7 },
    { 0x2227, 0x2228, 0x1F8 },
    { 0x2234, 0x2235, 0x1FA },
    { 0x2248, 0x2248, 0x1FC },
    { 0x2260, 0x2261, 0x1FD },
    { 0x2264, 0x2265, 0x1FF },
    { 0x22A5, 0x22A5, 0x201 },
    { 0x22C5, 0x22C5, 0x202 },
};

static const EpdFontGroup edslab_16_bolditalicGroups[] = {
    { 0, 4813, 12344, 95, 0 },
    { 4813, 3596, 12310, 96, 95 },
    { 8409, 4809, 20099, 126, 191 },
    { 13218, 526, 1168, 8, 317 },
    { 13744, 21, 126, 7, 325 },
    { 13765, 3883, 11429, 74, 332 },
    { 17648, 596, 1359, 38, 406 },
    { 18244, 612, 1158, 21, 444 },
    { 18856, 751, 1783, 9, 465 },
    { 19607, 482, 1141, 15, 474 },
    { 20089, 867, 1938, 26, 489 },
};

static const uint16_t edslab_16_bolditalicKernLeftCodepoints[] = {
    0x0020, 0x0022, 0x002D, 0x0030, 0x0031, 0x0032, 0x0033, 0x0034, 0x0035, 0x0036, 0x0037, 0x0038,
    0x0039, 0x0041, 0x0042, 0x0043, 0x0044, 0x0045, 0x0046, 0x0047, 0x0048, 0x0049, 0x004A, 0x004B,
    0x004C, 0x004D, 0x004E, 0x004F, 0x0050, 0x0051, 0x0052, 0x0053, 0x0054, 0x0055, 0x0056, 0x0057,
    0x0059, 0x005A, 0x0061, 0x0062, 0x0063, 0x0064, 0x0065, 0x0066, 0x0067, 0x0068, 0x0069, 0x006A,
    0x006B, 0x006C, 0x006D, 0x006E, 0x006F, 0x0070, 0x0071, 0x0072, 0x0073, 0x0074, 0x0075, 0x0076,
    0x0077, 0x0079, 0x007A, 0x0401, 0x0410, 0x0411, 0x0412, 0x0413, 0x0414, 0x0415, 0x0416, 0x0417,
    0x0418, 0x0419, 0x041A, 0x041B, 0x041C, 0x041D, 0x041E, 0x041F, 0x0420, 0x0421, 0x0422, 0x0423,
    0x0424, 0x0425, 0x0426, 0x0427, 0x0428, 0x0429, 0x042A, 0x042B, 0x042C, 0x042D, 0x042E, 0x042F,
    0x0430, 0x0431, 0x0432, 0x0433, 0x0434, 0x0435, 0x0436, 0x0437, 0x0438, 0x0439, 0x043A, 0x043B,
    0x043C, 0x043D, 0x043E, 0x043F, 0x0440, 0x0441, 0x0442, 0x0443, 0x0444, 0x0445, 0x0446, 0x0447,
    0x0448, 0x0449, 0x044A, 0x044B, 0x044C, 0x044D, 0x044E, 0x044F, 0x0451,
};

static const uint8_t edslab_16_bolditalicKernLeftClassIds[] = {
      1,   2,   3,   4,   5,   6,   7,   8,   9,  10,  11,  12,  13,  14,  15,  16,
     17,  18,  19,  20,  21,  22,  23,  24,  25,  26,  27,  28,  29,  30,  31,  32,
     33,  34,  35,  36,  37,  38,  39,  40,  41,  42,  43,  44,  45,  46,  47,  48,
     49,  50,  51,  52,  53,  54,  55,  56,  57,  58,  59,  60,  61,  62,  63,  64,
     65,  66,  67,  68,  69,  70,  71,  72,  73,  74,  75,  76,  77,  78,  79,  80,
     81,  82,  83,  84,  85,  86,  87,  88,  89,  90,  91,  92,  93,  94,  95,  96,
     97,  98,  99, 100, 101, 102, 103, 104, 105, 106, 107, 108, 109, 110, 111, 112,
    113, 114, 115, 116, 117, 118, 119, 120, 121, 122, 123, 124, 125, 126, 127, 128,
    129,
};

static const uint16_t edslab_16_bolditalicKernRightCodepoints[] = {
    0x0022, 0x002D, 0x0030, 0x0031, 0x0032, 0x0033, 0x0034, 0x0035, 0x0036, 0x0037, 0x0038, 0x0039,
    0x0041, 0x0042, 0x0043, 0x0044, 0x0045, 0x0046, 0x0047, 0x0048, 0x0049, 0x004A, 0x004B, 0x004C,
    0x004D, 0x004E, 0x004F, 0x0050, 0x0051, 0x0052, 0x0053, 0x0054, 0x0055, 0x0056, 0x0057, 0x0059,
    0x005A, 0x0061, 0x0062, 0x0063, 0x0064, 0x0065, 0x0066, 0x0067, 0x0068, 0x0069, 0x006A, 0x006B,
    0x006C, 0x006D, 0x006E, 0x006F, 0x0070, 0x0071, 0x0072, 0x0073, 0x0074, 0x0075, 0x0076, 0x0077,
    0x0079, 0x007A, 0x0401, 0x0410, 0x0411, 0x0412, 0x0413, 0x0414, 0x0415, 0x0416, 0x0417, 0x0418,
    0x0419, 0x041A, 0x041B, 0x041C, 0x041D, 0x041E, 0x041F, 0x0420, 0x0421, 0x0422, 0x0423, 0x0424,
    0x0425, 0x0426, 0x0427, 0x0428, 0x0429, 0x042A, 0x042B, 0x042C, 0x042D, 0x042E, 0x042F, 0x0430,
    0x0431, 0x0432, 0x0433, 0x0434, 0x0435, 0x0436, 0x0437, 0x0438, 0x0439, 0x043A, 0x043B, 0x043C,
    0x043D, 0x043E, 0x043F, 0x0440, 0x0441, 0x0442, 0x0443, 0x0444, 0x0445, 0x0446, 0x0447, 0x0448,
    0x0449, 0x044A, 0x044B, 0x044C, 0x044D, 0x044E, 0x044F, 0x0451, 0x2025,
};

static const uint8_t edslab_16_bolditalicKernRightClassIds[] = {
      1,   2,   3,   4,   5,   6,   7,   8,   9,  10,  11,  12,  13,  14,  15,  16,
     17,  18,  19,  20,  21,  22,  23,  24,  25,  26,  27,  28,  29,  30,  31,  32,
     33,  34,  35,  36,  37,  38,  39,  40,  41,  42,  43,  44,  45,  46,  47,  48,
     49,  50,  51,  52,  53,  54,  55,  56,  57,  58,  59,  60,  61,  62,  63,  64,
     65,  66,  67,  68,  69,  70,  71,  72,  73,  74,  75,  76,  77,  78,  79,  80,
     81,  82,  83,  84,  85,  86,  87,  88,  89,  90,  91,  92,  93,  94,  95,  96,
     97,  98,  99, 100, 101, 102, 103, 104, 105, 106, 107, 108, 109, 110, 111, 112,
    113, 114, 115, 116, 117, 118, 119, 120, 121, 122, 123, 124, 125, 126, 127, 128,
    129,
};

static const uint16_t edslab_16_bolditalicKernRowOffsets[] = {
        0,     1,    77,   192,   204,   216,   228,   238,   248,   257,   267,   279,   290,   300,   355,   403,
      451,   501,   531,   582,   625,   659,   699,   731,   782,   827,   869,   921,   969,  1018,  1072,  1114,
     1160,  1214,  1268,  1322,  1376,  1430,  1480,  1508,  1530,  1556,  1584,  1608,  1636,  1665,  1692,  1720,
     1744,  1773,  1801,  1827,  1854,  1880,  1906,  1929,  1954,  1977,  2001,  2029,  2057,  2085,  2113,  2135,
     2153,  2220,  2267,  2314,  2380,  2427,  2446,  2506,  2557,  2598,  2634,  2684,  2718,  2752,  2787,  2840,
     2876,  2920,  2978,  3032,  3098,  3146,  3199,  3248,  3298,  3333,  3376,  3432,  3465,  3515,  3565,  3614,
     3650,  3674,  3696,  3721,  3748,  3782,  3807,  3841,  3864,  3898,  3928,  3955,  3989,  4009,  4033,  4064,
     4091,  4121,  4150,  4185,  4220,  4250,  4277,  4310,  4343,  4377,  4411,  4443,  4471,  4500,  4528,  4559,
     4593,  4621,
};

static const uint8_t edslab_16_bolditalicKernSparseCols[] = {
     81,   2,   4,   5,   6,   7,   8,  10,  12,  14,  18,  21,  26,  28,  30,  37,
     38,  39,  40,  41,  42,  43,  44,  45,  46,  47,  48,  49,  50,  51,  52,  53,
     54,  55,  60,  61,  63,  67,  69,  70,  74,  77,  80,  83,  92,  94,  95,  96,
     97,  98,  99, 100, 101, 102, 105, 106, 107, 108, 109, 110, 111, 112, 113, 114,
    115, 116, 117, 118, 119, 120, 121, 122, 123, 124, 125, 126, 127,   3,   4,   5,
      6,   7,   8,   9,  10,  12,  13,  14,  15,  16,  17,  18,  19,  20,  21,  22,
     23,  24,  25,  26,  27,  29,  30,  31,  32,  33,  34,  35,  36,  37,  38,  39,
     42,  44,  45,  46,  47,  48,  49,  50,  51,  52,  53,  54,  55,  56,  57,  58,
     59,  60,  61,  62,  63,  64,  65,  66,  67,  68,  70,  71,  72,  73,  74,  75,
     76,  78,  79,  80,  81,  82,  83,  84,  85,  86,  87,  88,  89,  90,  91,  92,
     93,  94,  96,  97,  98,  99, 100, 101, 102, 103, 105, 106, 107, 108, 109, 110,
    111, 112, 113, 114, 116, 117, 118, 119, 120, 121, 122, 123, 124, 125, 126, 127,
      0,   1,   2,   4,   5,   6,   7,   8,   9,  10,  11, 128,   0,   1,   2,   3,
      4,   5,   6,   7,   8,   9,  10,  11,   0,   1,   2,   3,   4,   5,   6,   7,
      8,   9,  10,  11,   1,   2,   3,   4,   5,   6,   7,   8,   9, 128,   0,   1,
      2,   3,   4,   5,   6,   7,   9,  10,   1,   4,   5,   6,   7,   9,  10,  11,
    128,   1,   2,   3,   4,   5,   7,   9,  10,  11, 128,   1,   2,   3,   4,   5,
      6,   7,   8,   9,  10,  11, 128,   0,   1,   2,   3,   4,   5,   7,   9,  10,
     11, 128,   1,   2,   4,   5,   6,   7,   8,   9,  10, 128,   0,   1,  12,  13,
     14,  15,  16,  17,  18,  19,  20,  21,  22,  23,  24,  25,  26,  27,  28,  29,
     30,  31,  32,  33,  34,  35,  36,  37,  38,  39,  40,  41,  42,  43,  44,  45,
     46,  47,  48,  49,  50,  51,  52,  53,  54,  55,  56,  57,  58,  59,  60,  61,
     84, 116, 128,   1,  12,  13,  14,  15,  16,  17,  19,  20,  21,  22,  23,  24,
     25,  26,  27,  28,  29,  31,  32,  33,  34,  35,  36,  37,  38,  39,  40,  41,
     42,  43,  44,  45,  46,  47,  48,  49,  50,  51,  52,  53,  54,  55,  56,  60,
     84, 116, 128,   0,   1,  12,  13,  14,  15,  16,  17,  18,  19,  22,  23,  24,
     25,  26,  27,  29,  30,  31,  32,  33,  34,  35,  36,  37,  38,  41,  42,  43,
     44,  45,  46,  47,  48,  49,  50,  51,  52,  54,  56,  57,  58,  59,  60,  61,
     84, 116, 128,   1,  12,  13,  14,  16,  17,  18,  19,  20,  21,  22,  23,  24,
     25,  26,  27,  28,  29,  30,  31,  32,  33,  34,  35,  36,  37,  38,  39,  40,
     41,  42,  43,  44,  45,  46,  47,  49,  50,  51,  52,  53,  55,  56,  57,  58,
     59,  60,  84, 116, 128,   1,  12,  14,  18,  23,  26,  28,  31,  32,  33,  34,
     35,  37,  38,  43,  45,  46,  47,  48,  50,  51,  52,  53,  55,  56,  57,  58,
     59,  60, 116,   1,  12,  13,  14,  15,  16,  17,  18,  19,  20,  21,  22,  25,
     26,  27,  28,  29,  31,  32,  33,  34,  35,  36,  37,  38,  39,  40,  41,  42,
     43,  44,  45,  46,  47,  48,  49,  50,  51,  52,  53,  54,  55,  56,  57,  58,
     59,  60,  61,  84, 116, 128,   0,   1,  12,  13,  14,  15,  16,  17,  18,  19,
     20,  21,  22,  23,  24,  25,  27,  29,  30,  31,  32,  33,  34,  35,  36,  38,
     42,  43,  44,  46,  47,  48,  49,  50,  52,  54,  55,  58,  60,  61,  84, 116,
    128,   1,  12,  14,  18,  21,  26,  28,  30,  31,  32,  33,  34,  35,  36,  37,
     38,  39,  40,  41,  49,  50,  51,  52,  53,  54,  55,  56,  57,  58,  59,  60,
     61,  84, 116,   1,  12,  14,  18,  21,  26,  28,  30,  31,  32,  33,  34,  35,
     37,  38,  39,  40,  41,  42,  43,  44,  45,  46,  47,  48,  49,  50,  51,  52,
     53,  54,  55,  56,  57,  58,  59,  60,  61,  84, 116,   0,   1,  12,  26,  28,
     30,  31,  33,  34,  35,  36,  37,  38,  40,  41,  42,  43,  44,  45,  46,  47,
     48,  49,  50,  54,  55,  57,  60,  61,  84, 116, 128,   1,  12,  14,  15,  17,
     18,  19,  20,  21,  22,  23,  24,  25,  26,  27,  28,  29,  30,  31,  32,  33,
     34,  35,  36,  37,  38,  39,  40,  41,  42,  43,  44,  45,  46,  47,  48,  49,
     50,  51,  52,  53,  54,  55,  56,  57,  58,  59,  60,  61,  84, 116,   0,   1,
     12,  13,  14,  15,  16,  18,  19,  21,  22,  24,  25,  26,  28,  29,  30,  31,
     32,  33,  34,  35,  36,  37,  38,  42,  43,  45,  46,  47,  48,  49,  50,  51,
     52,  54,  55,  56,  57,  58,  59,  60,  61,  84, 116,   1,  12,  14,  18,  21,
     26,  28,  30,  31,  32,  33,  34,  35,  36,  37,  38,  39,  40,  41,  42,  43,
     44,  45,  46,  47,  48,  49,  50,  51,  52,  53,  54,  55,  56,  57,  58,  59,
     60,  61,  84, 116, 128,   1,  12,  13,  14,  15,  16,  17,  18,  20,  21,  23,
     24,  25,  26,  27,  28,  29,  30,  31,  32,  33,  34,  35,  36,  37,  38,  39,
     40,  41,  42,  43,  44,  45,  46,  47,  48,  49,  50,  51,  52,  53,  54,  55,
     56,  57,  58,  59,  60,  61,  84, 116, 128,   0,   1,  12,  13,  14,  15,  16,
     17,  19,  20,  21,  22,  23,  24,  25,  26,  27,  28,  29,  30,  31,  32,  33,
     34,  35,  36,  37,  38,  42,  43,  44,  45,  46,  47,  48,  49,  50,  51,  52,
     54,  55,  58,  59,  60,  61,  84, 116, 128,   0,   1,  12,  13,  14,  15,  16,
     17,  18,  19,  20,  21,  22,  23,  24,  25,  26,  27,  28,  29,  30,  31,  32,
     33,  34,  35,  36,  37,  38,  39,  40,  41,  43,  44,  45,  46,  47,  48,  49,
     50,  51,  53,  55,  56,  60,  61,  84, 116, 128,   0,   1,  12,  13,  14,  15,
     16,  17,  18,  19,  20,  21,  22,  23,  24,  25,  26,  27,  28,  29,  30,  31,
     32,  33,  34,  35,  36,  37,  38,  39,  40,  41,  42,  43,  44,  45,  46,  47,
     48,  49,  50,  51,  52,  53,  54,  55,  56,  57,  58,  59,  60,  61,  84, 116,
      0,   1,  12,  13,  14,  15,  17,  18,  19,  20,  21,  22,  23,  26,  27,  28,
     29,  31,  32,  33,  34,  35,  36,  37,  46,  47,  48,  49,  50,  51,  52,  53,
     54,  55,  56,  57,  58,  59,  60,  61,  84, 116,   0,   1,  12,  13,  14,  15,
     16,  17,  19,  20,  22,  23,  24,  25,  26,  27,  29,  30,  31,  32,  33,  34,
     35,  36,  38,  40,  41,  42,  43,  44,  45,  46,  47,  48,  49,  50,  52,  54,
     56,  57,  58,  59,  60,  61,  84, 116,   1,  12,  13,  14,  15,  16,  17,  18,
     19,  20,  21,  22,  23,  24,  25,  26,  27,  28,  29,  30,  31,  32,  33,  34,
     35,  36,  37,  38,  39,  40,  41,  42,  43,  44,  45,  46,  47,  48,  49,  50,
     51,  52,  53,  54,  55,  56,  57,  58,  59,  60,  61,  84, 116, 128,   1,  12,
     13,  14,  15,  16,  17,  18,  19,  20,  21,  22,  23,  24,  25,  26,  27,  28,
     29,  30,  31,  32,  33,  34,  35,  36,  37,  38,  39,  40,  41,  42,  43,  44,
     45,  46,  47,  48,  49,  50,  51,  52,  53,  54,  55,  56,  57,  58,  59,  60,
     61,  84, 116, 128,   1,  12,  13,  14,  15,  16,  17,  18,  19,  20,  21,  22,
     23,  24,  25,  26,  27,  28,  29,  30,  31,  32,  33,  34,  35,  36,  37,  38,
     39,  40,  41,  42,  43,  44,  45,  46,  47,  48,  49,  50,  51,  52,  53,  54,
     55,  56,  57,  58,  59,  60,  61,  84, 116, 128,   1,  12,  13,  14,  15,  16,
     17,  18,  19,  20,  21,  22,  23,  24,  25,  26,  27,  28,  29,  30,  31,  32,
     33,  34,  35,  36,  37,  38,  39,  40,  41,  42,  43,  44,  45,  46,  47,  48,
     49,  50,  51,  52,  53,  54,  55,  56,  57,  58,  59,  60,  61,  84, 116, 128,
      1,  12,  13,  14,  15,  16,  17,  18,  19,  20,  21,  22,  23,  24,  25,  26,
     27,  28,  29,  30,  31,  32,  33,  34,  35,  36,  37,  38,  39,  40,  41,  42,
     43,  44,  45,  46,  47,  48,  49,  50,  51,  52,  53,  54,  55,  56,  57,  58,
     59,  60,  61,  84, 116, 128,  12,  13,  14,  15,  16,  17,  18,  19,  20,  21,
     22,  23,  24,  25,  26,  27,  28,  29,  30,  31,  32,  33,  34,  35,  36,  37,
     38,  39,  40,  42,  43,  44,  45,  46,  47,  48,  49,  50,  51,  52,  54,  55,
     56,  57,  58,  59,  60,  61,  84, 116,   0,   1,  37,  38,  39,  40,  41,  42,
     43,  44,  45,  46,  47,  48,  49,  50,  51,  52,  53,  54,  55,  56,  57,  58,
     59,  60,  61, 116,   1,  37,  38,  41,  42,  43,  44,  46,  47,  48,  49,  50,
     52,  54,  56,  57,  58,  59,  60,  61, 116, 128,   0,   1,  37,  38,  39,  40,
     42,  43,  44,  46,  47,  48,  49,  50,  51,  52,  53,  54,  55,  56,  57,  58,
     59,  60,  61, 116,   1,  37,  38,  39,  40,  41,  42,  43,  44,  45,  46,  47,
     48,  49,  50,  51,  52,  53,  54,  55,  56,  57,  58,  59,  60,  61, 116, 128,
      0,   1,  37,  38,  42,  43,  44,  45,  46,  47,  48,  49,  50,  51,  52,  54,
     55,  56,  57,  58,  59,  60,  61, 116,   0,   1,  37,  38,  39,  40,  41,  42,
     43,  44,  46,  47,  48,  49,  50,  51,  52,  53,  54,  55,  56,  57,  58,  59,
     60,  61, 116, 128,   0,   1,  37,  38,  39,  40,  41,  42,  43,  44,  45,  46,
     47,  48,  49,  50,  51,  52,  53,  54,  55,  56,  57,  58,  59,  60,  61, 116,
    128,   0,   1,  37,  38,  39,  40,  41,  42,  43,  44,  45,  46,  47,  48,  49,
     50,  51,  52,  53,  54,  56,  57,  58,  59,  60,  61, 116,   0,   1,  37,  38,
     39,  40,  41,  42,  43,  44,  45,  46,  47,  48,  49,  50,  51,  52,  53,  54,
     55,  56,  57,  58,  59,  60,  61, 116,   0,   1,  38,  39,  40,  41,  43,  44,
     46,  47,  48,  49,  50,  51,  52,  53,  54,  55,  56,  58,  59,  60,  61, 116,
      0,   1,  37,  38,  39,  40,  41,  42,  43,  44,  45,  46,  47,  48,  49,  50,
     51,  52,  53,  54,  55,  56,  57,  58,  59,  60,  61, 116, 128,   0,  37,  38,
     39,  40,  41,  42,  43,  44,  45,  46,  47,  48,  49,  50,  51,  52,  53,  54,
     55,  56,  57,  58,  59,  60,  61, 116, 128,   0,   1,  37,  38,  39,  40,  42,
     43,  44,  45,  46,  47,  48,  49,  50,  51,  52,  54,  55,  56,  57,  58,  59,
     60,  61, 116,   0,   1,  37,  38,  39,  40,  41,  42,  43,  44,  45,  46,  47,
     48,  49,  50,  51,  52,  53,  54,  56,  57,  58,  59,  60,  61, 116,   0,   1,
     38,  40,  41,  42,  43,  44,  46,  47,  48,  49,  50,  51,  52,  53,  54,  55,
     56,  57,  58,  59,  60,  61, 116, 128,   0,   1,  37,  38,  39,  40,  41,  42,
     43,  44,  46,  47,  48,  49,  50,  52,  53,  54,  56,  57,  58,  59,  60,  61,
    116, 128,   0,   1,  38,  42,  43,  44,  46,  47,  48,  49,  50,  51,  52,  53,
     54,  55,  56,  57,  58,  59,  60,  61, 116,   0,   1,  37,  38,  39,  40,  41,
     42,  43,  44,  46,  47,  48,  49,  50,  51,  52,  53,  54,  56,  59,  60,  61,
    116, 128,   0,  37,  38,  40,  42,  43,  44,  45,  46,  47,  48,  49,  50,  52,
     54,  55,  56,  57,  58,  59,  60,  61, 116,   0,  37,  38,  42,  43,  44,  45,
     46,  47,  48,  49,  50,  51,  52,  53,  54,  55,  56,  57,  58,  59,  60,  61,
    116,   0,   1,  37,  38,  39,  40,  41,  42,  43,  44,  45,  46,  47,  48,  49,
     50,  51,  52,  53,  54,  55,  56,  57,  58,  59,  60,  61, 116,   1,  37,  38,
     39,  40,  41,  42,  43,  44,  45,  46,  47,  48,  49,  50,  51,  52,  53,  54,
     55,  56,  57,  58,  59,  60,  61, 116, 128,   1,  37,  38,  39,  40,  41,  42,
     43,  44,  45,  46,  47,  48,  49,  50,  51,  52,  53,  54,  55,  56,  57,  58,
     59,  60,  61, 116, 128,   1,  37,  38,  39,  40,  41,  42,  43,  44,  45,  46,
     47,  48,  49,  50,  51,  52,  53,  54,  55,  56,  57,  58,  59,  60,  61, 116,
    128,   0,  37,  38,  39,  42,  43,  44,  46,  47,  48,  50,  51,  52,  53,  54,
     56,  57,  58,  59,  60,  61, 116,   1,  63,  67,  70,  74,  77,  80,  81,  82,
     83,  86,  89,  92,  99, 106, 114, 118, 126,   0,   1,  62,  63,  64,  65,  66,
     67,  68,  69,  70,  71,  72,  73,  74,  75,  76,  77,  78,  79,  80,  81,  82,
     83,  85,  86,  87,  88,  89,  90,  91,  92,  93,  94,  95,  96,  97,  98,  99,
    100, 101, 102, 103, 104, 105, 106, 107, 108, 109, 110, 111, 112, 113, 114, 115,
    117, 118, 119, 120, 121, 122, 123, 124, 125, 126, 127, 128,   1,  62,  63,  64,
     65,  66,  67,  68,  70,  71,  72,  73,  75,  76,  78,  79,  80,  81,  82,  83,
     85,  86,  87,  88,  89,  90,  91,  92,  93,  94,  96,  99, 100, 102, 109, 111,
    112, 113, 114, 115, 118, 121, 122, 124, 125, 126, 127,   1,  62,  63,  64,  65,
     66,  67,  68,  69,  70,  71,  72,  73,  75,  76,  77,  78,  79,  80,  81,  82,
     83,  85,  86,  87,  88,  89,  90,  91,  92,  93,  95,  96,  99, 100, 103, 104,
    109, 111, 112, 113, 114, 115, 118, 121, 124, 127,   1,  62,  63,  64,  65,  66,
     67,  68,  69,  70,  71,  72,  73,  74,  75,  76,  77,  78,  79,  80,  81,  82,
     83,  85,  86,  87,  88,  89,  90,  91,  92,  93,  94,  95,  96,  97,  98,  99,
    100, 101, 102, 103, 104, 105, 106, 107, 108, 109, 110, 111, 112, 113, 114, 115,
    117, 118, 119, 120, 121, 122, 123, 124, 125, 126, 127, 128,   1,  62,  63,  64,
     65,  66,  67,  68,  69,  70,  71,  72,  73,  74,  75,  76,  77,  78,  79,  80,
     81,  82,  83,  85,  86,  87,  88,  89,  90,  92,  93,  94,  99, 101, 102, 103,
    104, 106, 109, 111, 114, 118, 121, 122, 123, 125, 126,   1,  63,  67,  69,  70,
     74,  77,  80,  81,  82,  86,  89,  92,  94,  99, 106, 114, 118, 126,   1,  62,
     63,  64,  65,  66,  67,  68,  69,  70,  71,  72,  73,  74,  75,  76,  77,  78,
     79,  80,  81,  82,  83,  85,  86,  87,  88,  89,  90,  91,  92,  93,  94,  95,
     97,  98,  99, 101, 102, 103, 104, 105, 106, 107, 108, 110, 111, 113, 114, 117,
    118, 119, 120, 121, 122, 123, 124, 125, 126, 128,   0,  62,  63,  64,  65,  66,
     67,  68,  69,  70,  71,  72,  73,  74,  75,  76,  78,  79,  81,  82,  83,  85,
     86,  87,  88,  89,  90,  91,  93,  94,  95,  96,  99, 100, 101, 102, 105, 106,
    109, 111, 112, 114, 115, 118, 120, 122, 123, 124, 126, 127, 128,   1,  63,  67,
     69,  70,  71,  72,  74,  77,  80,  81,  82,  83,  86,  89,  92,  94,  95,  98,
     99, 100, 101, 102, 103, 104, 105, 106, 109, 110, 111, 112, 113, 114, 115, 117,
    118, 121, 124, 125, 126, 127,   1,  63,  67,  69,  70,  71,  72,  74,  77,  80,
     81,  82,  83,  86,  89,  92,  94,  95,  99, 100, 101, 106, 109, 110, 111, 112,
    113, 114, 115, 117, 118, 121, 124, 125, 126, 127,   1,  63,  67,  69,  70,  71,
     72,  74,  77,  80,  81,  82,  83,  86,  89,  92,  94,  95,  96,  97,  98,  99,
    100, 101, 102, 103, 104, 105, 106, 107, 108, 109, 110, 111, 112, 113, 114, 115,
    117, 118, 119, 120, 121, 122, 123, 124, 125, 126, 127, 128,   1,  63,  67,  69,
     70,  71,  72,  74,  77,  80,  81,  82,  83,  86,  89,  92,  94,  95,  99, 101,
    102, 103, 104, 106, 109, 111, 112, 113, 114, 115, 118, 121, 124, 126,   1,  63,
     67,  69,  70,  71,  72,  74,  77,  80,  81,  82,  83,  86,  89,  92,  94,  95,
     99, 101, 102, 103, 104, 106, 109, 111, 112, 113, 114, 115, 118, 121, 124, 126,
      1,  63,  67,  69,  70,  71,  72,  74,  77,  80,  81,  82,  83,  86,  89,  92,
     94,  95,  99, 100, 101, 102, 103, 104, 106, 109, 111, 112, 113, 114, 115, 118,
    121, 124, 126,   0,  62,  63,  64,  65,  66,  67,  68,  69,  70,  71,  72,  73,
     74,  75,  76,  77,  78,  79,  80,  81,  82,  83,  85,  86,  87,  88,  89,  90,
     91,  93,  94,  95,  96,  97,  98,  99, 100, 102, 103, 104, 105, 106, 108, 109,
    112, 118, 121, 122, 124, 126, 127, 128,   1,  63,  67,  69,  70,  71,  72,  74,
     77,  80,  81,  82,  83,  86,  89,  92,  94,  99, 100, 101, 102, 103, 104, 106,
    109, 111, 112, 113, 114, 115, 117, 118, 121, 124, 126, 127,   1,  63,  67,  68,
     69,  70,  71,  72,  74,  80,  82,  83,  85,  86,  89,  91,  92,  94,  95,  96,
     99, 100, 101, 102, 105, 106, 107, 108, 109, 110, 111, 112, 115, 117, 118, 119,
    120, 122, 123, 124, 125, 126, 127, 128,   0,  62,  63,  64,  65,  66,  67,  68,
     69,  70,  71,  72,  73,  74,  75,  76,  77,  78,  79,  80,  81,  82,  83,  85,
     86,  87,  88,  89,  90,  91,  92,  93,  94,  95,  96,  97,  98,  99, 101, 102,
    103, 104, 105, 106, 107, 108, 110, 111, 112, 114, 115, 117, 118, 121, 123, 124,
    125, 126,   1,  63,  65,  67,  68,  69,  70,  71,  72,  74,  77,  79,  80,  81,
     82,  83,  86,  89,  90,  92,  94,  95,  96,  97,  98,  99, 100, 101, 102, 103,
    104, 105, 106, 107, 108, 109, 110, 111, 112, 113, 114, 115, 117, 118, 119, 120,
    121, 122, 123, 124, 125, 126, 127, 128,   1,  62,  63,  64,  65,  66,  67,  68,
     69,  70,  71,  72,  73,  74,  75,  76,  77,  78,  79,  80,  81,  82,  83,  85,
     86,  87,  88,  89,  90,  91,  92,  93,  94,  95,  96,  97,  98,  99, 100, 101,
    102, 103, 104, 105, 106, 107, 108, 109, 110, 111, 112, 113, 114, 115, 117, 118,
    119, 120, 121, 122, 123, 124, 125, 126, 127, 128,   1,  62,  63,  64,  65,  66,
     67,  68,  69,  70,  71,  72,  73,  74,  75,  76,  77,  78,  79,  80,  81,  82,
     83,  85,  86,  87,  89,  90,  91,  92,  93,  94,  96,  99, 100, 102, 103, 104,
    106, 109, 112, 113, 115, 118, 121, 125, 126, 127,   1,  12,  13,  14,  15,  16,
     17,  18,  19,  20,  21,  22,  23,  24,  25,  26,  27,  28,  29,  30,  31,  32,
     33,  34,  35,  36,  37,  38,  39,  40,  41,  42,  43,  44,  45,  46,  47,  48,
     49,  50,  51,  52,  53,  54,  55,  56,  57,  58,  59,  60,  61,  84, 116,   1,
     63,  67,  69,  70,  71,  72,  74,  77,  80,  81,  82,  83,  86,  89,  92,  93,
     94,  95,  97,  98,  99, 100, 101, 102, 103, 104, 105, 106, 107, 108, 109, 110,
    111, 112, 113, 114, 115, 117, 118, 119, 120, 121, 122, 123, 124, 125, 126, 127,
      1,  63,  67,  69,  70,  71,  72,  74,  77,  80,  81,  82,  83,  86,  89,  90,
     92,  93,  94,  95,  97,  98,  99, 100, 101, 102, 103, 104, 105, 106, 107, 108,
    109, 110, 111, 112, 113, 114, 115, 117, 118, 119, 120, 121, 122, 123, 124, 125,
    126, 127,   1,  63,  67,  69,  70,  71,  72,  74,  77,  81,  82,  83,  85,  86,
     89,  92,  94,  99, 101, 102, 103, 104, 106, 109, 111, 112, 113, 114, 115, 117,
    118, 123, 124, 125, 126,   1,  63,  67,  69,  70,  71,  72,  74,  77,  80,  81,
     82,  83,  86,  89,  92,  94,  97,  98,  99, 101, 102, 103, 104, 105, 106, 107,
    108, 109, 110, 111, 112, 113, 114, 115, 117, 118, 121, 122, 123, 124, 125, 126,
      0,   1,  62,  63,  64,  65,  66,  67,  68,  71,  72,  73,  75,  76,  77,  78,
     79,  80,  81,  82,  83,  85,  86,  87,  88,  89,  90,  91,  92,  93,  95,  96,
     97,  99, 100, 101, 103, 104, 105, 106, 109, 110, 111, 112, 113, 114, 115, 117,
    118, 121, 122, 123, 124, 126, 127, 128,   1,  63,  67,  71,  72,  74,  77,  80,
     81,  82,  83,  86,  89,  92,  94,  95,  99, 100, 101, 102, 103, 104, 105, 106,
    109, 111, 113, 114, 115, 118, 121, 123, 127,   0,   1,  62,  63,  64,  65,  66,
     67,  68,  70,  71,  72,  73,  75,  76,  77,  78,  79,  80,  81,  82,  83,  85,
     86,  87,  88,  89,  90,  91,  92,  93,  95,  96,  99, 100, 106, 109, 111, 112,
    113, 114, 115, 117, 118, 122, 123, 124, 125, 127, 128,   0,   1,  62,  63,  64,
     65,  66,  67,  68,  69,  70,  71,  72,  73,  74,  75,  76,  77,  78,  79,  80,
     81,  82,  83,  85,  86,  87,  88,  89,  90,  91,  92,  93,  94,  95,  96,  99,
    100, 101, 102, 106, 109, 112, 113, 121, 123, 124, 126, 127, 128,   0,   1,  62,
     63,  64,  65,  66,  67,  68,  69,  70,  71,  72,  73,  74,  75,  76,  77,  78,
     79,  80,  81,  82,  83,  85,  86,  87,  88,  89,  90,  91,  92,  93,  94,  96,
     98,  99, 100, 102, 106, 107, 108, 109, 112, 113, 122, 126, 127, 128,   1,  63,
     67,  69,  70,  71,  72,  74,  77,  80,  81,  82,  83,  86,  89,  92,  94,  95,
     99, 100, 101, 102, 103, 104, 106, 109, 111, 112, 113, 114, 115, 118, 121, 124,
    126, 127,   0,   1,  95,  99, 100, 101, 102, 103, 104, 105, 106, 107, 109, 111,
    112, 113, 114, 115, 118, 119, 121, 124, 126, 127,   0,   1,  96,  99, 100, 101,
    102, 105, 106, 109, 111, 112, 114, 115, 118, 121, 122, 123, 124, 126, 127, 128,
      0,  95,  96,  97,  98,  99, 100, 101, 102, 105, 106, 107, 108, 109, 111, 112,
    114, 115, 118, 121, 123, 124, 125, 126, 127,   0,  95,  97,  98,  99, 100, 101,
    102, 105, 106, 107, 108, 110, 111, 113, 114, 115, 117, 118, 119, 121, 122, 123,
    124, 125, 126, 128,   0,   1,  95,  96,  97,  98,  99, 100, 101, 102, 103, 104,
    105, 106, 107, 108, 109, 110, 111, 112, 113, 114, 115, 117, 118, 119, 120, 121,
    122, 123, 124, 125, 126, 127,   0,   1,  95,  96,  97,  98,  99, 100, 101, 105,
    106, 107, 108, 109, 110, 111, 112, 114, 115, 118, 123, 124, 125, 126, 127,   0,
      1,  95,  96,  97,  98,  99, 100, 101, 102, 103, 104, 105, 106, 107, 108, 109,
    110, 111, 112, 113, 114, 115, 117, 118, 119, 120, 121, 122, 123, 124, 125, 126,
    127,   0,   1,  96,  98,  99, 100, 101, 102, 103, 104, 105, 106, 107, 109, 111,
    112, 114, 115, 118, 123, 125, 127, 128,   0,   1,  95,  97,  98,  99, 100, 101,
    102, 103, 104, 105, 106, 107, 108, 109, 110, 111, 112, 113, 114, 115, 117, 118,
    119, 120, 121, 122, 123, 124, 125, 126, 127, 128,   0,   1,  95,  96,  97,  98,
     99, 100, 101, 102, 103, 104, 105, 106, 109, 110, 111, 112, 113, 114, 115, 117,
    118, 121, 123, 124, 125, 126, 127, 128,   0,   1,  95,  96,  97,  98,  99, 100,
    101, 102, 103, 104, 105, 106, 107, 109, 111, 112, 113, 114, 115, 118, 120, 122,
    124, 127, 128,   0,   1,  95,  96,  97,  98,  99, 100, 101, 102, 103, 104, 105,
    106, 107, 108, 109, 110, 111, 112, 113, 114, 115, 117, 118, 119, 120, 121, 122,
    123, 124, 125, 126, 127,   0,   1,  95,  96,  99, 100, 101, 102, 103, 104, 106,
    109, 111, 112, 114, 115, 118, 121, 124, 126,   0,   1,  95,  99, 100, 101, 102,
    103, 104, 105, 106, 108, 109, 111, 112, 113, 114, 115, 118, 121, 122, 124, 126,
    127,   0,  96,  97,  98,  99, 100, 101, 102, 103, 104, 105, 106, 107, 108, 109,
    110, 111, 112, 113, 114, 117, 118, 119, 120, 122, 123, 124, 125, 126, 127, 128,
      0,   1,  96,  99, 100, 101, 102, 103, 104, 105, 106, 108, 109, 110, 111, 112,
    113, 114, 115, 117, 118, 121, 122, 123, 124, 126, 127,   0,  95,  96,  97,  98,
     99, 101, 102, 103, 104, 105, 106, 107, 108, 109, 110, 111, 113, 114, 115, 117,
    118, 119, 120, 122, 123, 125, 126, 127, 128,   0,   1,  95,  96,  97,  98,  99,
    100, 101, 102, 103, 104, 105, 106, 107, 109, 111, 112, 113, 114, 115, 117, 118,
    121, 122, 123, 125, 126, 127,   0,   1,  95,  96,  97,  98,  99, 100, 101, 102,
    103, 104, 105, 106, 107, 108, 109, 110, 111, 112, 113, 114, 115, 117, 118, 119,
    120, 121, 122, 123, 124, 125, 126, 127, 128,   0,   1,  95,  96,  97,  98,  99,
    100, 101, 102, 103, 104, 105, 106, 107, 108, 109, 110, 111, 112, 113, 114, 115,
    117, 118, 119, 120, 121, 122, 123, 124, 125, 126, 127, 128,   0,  96,  97,  98,
     99, 100, 101, 102, 103, 104, 105, 106, 107, 108, 109, 110, 111, 112, 113, 114,
    117, 118, 119, 120, 122, 123, 125, 126, 127, 128,   1,  37,  38,  39,  40,  41,
     42,  43,  44,  45,  46,  47,  48,  49,  50,  51,  52,  53,  54,  55,  56,  57,
     58,  59,  60,  61, 116,   0,   1,  95,  97,  98,  99, 100, 101, 102, 103, 104,
    105, 106, 107, 108, 109, 110, 111, 112, 113, 114, 115, 117, 118, 119, 120, 121,
    122, 123, 124, 125, 126, 127,   0,   1,  95,  97,  98,  99, 100, 101, 102, 103,
    104, 105, 106, 107, 108, 109, 110, 111, 112, 113, 114, 115, 117, 118, 119, 120,
    121, 122, 123, 124, 125, 126, 127,   0,   1,  95,  96,  97,  98,  99, 100, 101,
    102, 103, 104, 105, 106, 107, 108, 109, 110, 111, 112, 113, 114, 115, 117, 118,
    119, 120, 121, 122, 123, 124, 125, 126, 127,   0,   1,  95,  96,  97,  98,  99,
    100, 101, 102, 103, 104, 105, 106, 107, 108, 109, 110, 111, 112, 113, 114, 115,
    117, 118, 119, 120, 121, 122, 123, 124, 125, 126, 127,   0,  96,  97,  98,  99,
    100, 101, 102, 103, 104, 105, 106, 107, 108, 109, 110, 111, 112, 113, 114, 115,
    117, 118, 119, 120, 121, 122, 123, 125, 126, 127, 128,   0,   1,  96,  99, 100,
    101, 102, 103, 104, 105, 106, 107, 108, 109, 111, 112, 113, 114, 115, 117, 118,
    120, 122, 123, 124, 125, 126, 127,   0,  95,  96,  97,  98,  99, 100, 101, 102,
    103, 104, 105, 106, 107, 108, 109, 110, 111, 112, 113, 114, 115, 118, 119, 121,
    122, 125, 127, 128,   0,  96,  97,  98,  99, 100, 101, 103, 104, 105, 106, 107,
    108, 109, 110, 111, 112, 114, 115, 117, 118, 119, 120, 122, 123, 125, 127, 128,
      0,   1,  96,  97,  98,  99, 100, 101, 102, 103, 104, 105, 106, 107, 108, 109,
    110, 111, 112, 114, 117, 118, 119, 120, 121, 122, 123, 125, 126, 127, 128,   0,
      1,  95,  96,  97,  98,  99, 100, 101, 102, 103, 104, 105, 106, 107, 108, 109,
    110, 111, 112, 113, 114, 115, 117, 118, 119, 120, 121, 122, 123, 124, 125, 126,
    127,   0,   1,  95,  96,  97,  98,  99, 100, 101, 102, 105, 106, 107, 108, 109,
    111, 112, 113, 114, 115, 118, 119, 122, 123, 124, 125, 126, 127,
};

static const int8_t edslab_16_bolditalicKernSparseValues[] = {
     -11,  -11,  -11,  -11,  -37,  -21,  -11,  -21,  -43,  -21,  -11,   -5,  -32,  -16,  -11,  -16,
      11,  -21,  -21,  -21,   -5,  -21,    5,    5,    5,    5,    5,  -11,  -11,  -21,   -5,  -11,
     -16,   -5,  -11,   -5,  -59,  -37,   -5,  -16,  -48,  -16,  -11,   -5,  -11,  -21,  -37,  -27,
     -16,  -21,  -32,  -21,  -21,  -21,  -21,  -32,  -16,  -16,  -16,  -16,  -16,  -21,  -16,  -11,
     -21,  -16,  -11,  -11,  -11,  -11,   -5,  -11,  -11,  -16,  -16,  -16,  -21,  -21,   -5,  -16,
       5,  -11,    5,  -21,  -11,  -16,  -11,    5,  -16,  -21,  -21,    5,  -21,   -5,   11,  -16,
     -11,  -11,  -16,   -5,  -16,  -21,    5,  -32,  -27,  -59,  -43,  -53,   -5,    5,  -11,    5,
      -5,  -11,    5,  -11,  -16,  -11,  -11,  -11,    5,   -5,    5,  -16,    5,    5,    5,    5,
       5,  -11,   -5,  -16,  -21,  -16,  -16,  -11,  -16,  -16,   -5,  -16,  -16,  -16,   -5,  -11,
     -16,  -11,  -11,    5,  -11,  -16,    5,  -27,  -11,  -32,  -11,  -11,  -16,  -16,  -16,   -5,
     -11,    5,    5,   -5,   -5,  -16,    5,   -5,   -5,   -5,  -11,  -16,   -5,   -5,   11,   -5,
      -5,   11,    5,   -5,  -21,  -11,  -11,  -16,  -16,   11,  -11,  -11,   -5,  -11,  -11,    5,
      -5,    5,   11,  -11,  -16,   11,  -16,    5,  -11,   -5,   11,  -21,  -21,  -21,  -11,   -5,
      -5,  -16,  -16,  -27,  -11,  -16,  -16,  -11,  -11,  -11,   -5,   -5,  -11,  -16,  -11,  -21,
      -5,  -11,  -16,   -5,    5,   -5,   -5,  -11,  -16,    5,  -16,    5,  -21,  -11,  -16,   -5,
      -5,   -5,   -5,  -21,   -5,  -16,  -27,  -11,   -5,   -5,  -11,    5,  -11,  -11,  -11,   -5,
     -16,   -5,   -5,   -5,  -21,  -37,  -27,  -27,  -16,   -5,  -16,  -37,  -27,   -5,  -37,  -27,
     -37,  -43,  -27,  -11,  -32,  -16,  -43,  -21,   -5,   -5,   -5,  -11,  -21,  -21,  -11,  -11,
     -11,  -11,    5,    5,  -11,  -16,    5,  -16,    5,  -11,  -11,  -11,  -59,  -11,  -21,   -5,
     -37,   -5,  -11,  -11,  -48,  -11,  -11,  -11,  -16,  -11,  -11,  -21,  -53,  -11,  -37,  -16,
     -21,  -75,  -75, -117, -117, -107,   -5,  -11,  -48,  -21,  -21,  -27,  -21,  -16,  -27,  -27,
     -27,  -32,  -53,  -27,  -27,  -37,  -27,  -21,  -27,  -16,  -32,  -32,  -64,  -59,  -48,  -16,
     -16,  -27,  -11,   11,  -21,   -5,    5,  -11,  -11,  -11,  -11,   -5,   11,  -11,  -11,   -5,
      -5,   -5,   -5,    5,   -5,  -16,  -27,  -32,  -27,  -37,   -5,   -5,  -16,    5,    5,    5,
      -5,   -5,  -11,    5,   -5,  -11,   -5,   -5,  -11,    5,   -5,    5,  -11,    5,    5,  -16,
      -5,  -11,  -11,   -5,   -5,  -32,  -11,   -5,  -11,  -11,   -5,   -5,  -21,  -16,  -11,  -11,
     -16,  -16,  -27,  -16,  -11,  -27,  -27,  -32,  -32,  -27,  -11,  -11,  -16,   -5,  -11,  -16,
     -27,   -5,  -11,  -16,  -21,  -21,  -16,   -5,  -21,  -21,  -11,  -16,  -16,  -21,  -32,  -16,
     -21,  -21,  -16,   16,  -37,   -5,    5,   -5,   -5,   16,  -11,   -5,    5,   -5,   -5,   -5,
      -5,   11,   -5,   11,  -11,    5,  -11,  -16,  -32,  -32,  -37,   -5,    5,   -5,   11,   11,
       5,   11,   -5,   -5,   27,   11,  -16,    5,    5,    5,   11,    5,   11,   16,   16,   16,
      16,    5,  -27,   -5,  -16,   -5,  -21,   -5,   -5,    5,   -5,   -5,  -16,  -21,  -21,  -16,
     -21,  -11,   -5,   -5,    5,   -5,   -5,   -5,   -5,    5,  -11,    5,    5,   -5,   -5,  -11,
      -5,  -21,   -5,  -11,  -80,   -5,  -16,  -11,   -5,   -5,  -11,  -11,   -5,  -21,   -5,   -5,
     -27,   -5,  -16,   -5,  -16,  -16,  -21,  -27,  -21,  -16,  -43,  -11,  -27,  -27,  -32,  -16,
     -48,  -16,   -5,  -11,  -16,  -11,  -32,  -32,  -37,  -21,  -32,  -32,  -21,  -21,  -11,  -16,
     -21,  -21,  -27,  -27,  -37,  -32,   -5,    5,  -37,  -21,   -5,  -11,  -16,  -11,    5,  -16,
      -5,   -5,  -11,   -5,  -11,  -11,  -16,  -16,   -5,  -32,  -32,  -43,  -37,  -43,  -21,  -27,
     -11,  -16,  -21,  -16,  -27,  -27,  -16,  -16,  -11,  -16,    5,   -5,  -16,  -16,  -21,  -16,
      -5,  -11,  -16,  -27,  -16,  -11,  -27,  -21,  -11,  -11,  -21,  -21,  -16,  -21,   -5,  -21,
     -32,  -21,  -21,  -21,  -21,  -21,  -27,  -21,  -21,  -21,  -16,  -16,  -21,  -32,  -27,  -27,
     -11,  -16,  -16,  -11,  -16,  -16,  -11,  -16,  -16,  -11,  -11,  -11,  -21,  -21,  -27,  -21,
     -16,  -21,  -21,  -21,  -16,  -21,  -11,  -11,  -21,  -27,  -11,  -21,  -16,  -16,  -21,  -21,
     -21,  -16,  -11,  -21,  -16,  -16,  -21,  -32,  -21,  -16,  -11,    5,    5,  -37,    5,    5,
       5,  -11,  -21,  -21,  -27,   -5,  -11,  -32,    5,    5,   -5,  -21,  -16,   16,   -5,  -27,
     -21,   -5,   -5,   -5,    5,    5,  -11,  -16,   -5,  -21,   -5,  -11,  -21,  -21,   -5,   -5,
     -21,   -5,   -5,   -5,   -5,   -5,   -5,   -5,  -32,   -5,  -21,    5,   -5,  -27,  -32,  -27,
     -32,  -32,   -5,   -5,  -21,   -5,   -5,   -5,  -16,  -11,   -5,  -16,  -27,  -16,  -27,  -16,
     -16,  -16,  -21,   -5,  -16,   -5,  -27,  -21,  -43,  -32,  -43,  -11,  -16,  -11,  -21,   -5,
     -21,  -11,  -21,   -5,   -5,  -11,   -5,   -5,   -5,   -5,   -5,  -16,  -16,   -5,   -5,  -85,
     -48,  -69,  -69,  -80,  -11,   -5,  -32,  -11,   -5,  -16,  -27,  -16,  -32,  -16,  -16,  -11,
     -21,  -11,   -5,  -16,  -21,  -37,  -32,  -37,  -16,  -21,  -11,  -11,  -16,  -16,  -16,  -11,
     -21,  -16,   -5,  -21,  -16,  -21,  -21,  -21,  -11,  -21,  -27,  -21,  -16,  -16,  -16,  -11,
     -11,  -16,  -16,  -16,  -11,  -16,  -11,  -16,  -16,   -5,  -16,  -11,  -16,  -16,  -16,  -16,
     -21,  -16,  -16,  -11,   -5,  -11,  -53,  -21,  -27,  -11,  -16,   -5,  -27,   -5,  -27,   -5,
      -5,  -16,  -37,   -5,  -21,   -5,  -11,  -21,  -21,  -21,  -16,  -16,   -5,  -37,  -37,  -27,
     -27,  -27,  -21,  -37,  -21,  -21,  -27,  -32,  -32,  -32,  -27,  -27,  -32,  -27,  -37,  -21,
     -21,  -21,  -21,  -21,  -27,  -21,  -21,  -37,  -21,  -16,    5,  -59,  -11,    5,  -16,  -16,
     -21,  -21,  -11,   -5,  -21,  -11,  -16,  -21,   -5,  -16,    5,  -27,   -5,  -27,  -32,  -48,
     -48,  -48,  -27,  -16,  -27,   -5,  -11,  -21,    5,   -5,  -21,  -16,  -11,  -11,   -5,  -11,
     -11,   -5,   -5,   -5,   -5,  -27,  -37,  -16,  -21,    5,  -16,  -91,   -5,    5,   -5,   -5,
      -5,    5,   -5,   -5,  -11,  -16,  -11,  -11,  -11,   -5,  -16,    5,   -5,    5,  -16,  -21,
     -21,  -27,  -16,  -11,  -43,  -27,  -27,  -16,  -32,  -43,  -21,    5,   -5,  -27,  -11,   -5,
     -11,  -21,  -16,   -5,   11,   -5,  -16,  -27,  -11,  -43,  -43,  -21,  -37,  -32,  -43,  -43,
     -43,  -37,  -27,  -32,  -27,  -32,  -48,  -37,  -37,  -43,  -37,  -53,  -37,  -43,  -37,  -75,
     -69,  -91,  -91, -101,  -43,  -53,  -64,  -37,  -37,  -32,  -16,  -11,  -59,  -37,  -16,  -59,
     -69,  -53,  -43,  -37,  -32,  -37,  -48,  -21,  -37,  -32,  -37,  -37,  -37,  -43,  -59,  -43,
     -11,  -11,  -11,   -5,  -16,   -5,   -5,  -11,   -5,   -5,   -5,   -5,   -5,  -21,   -5,  -11,
      -5,  -27,  -27,  -43,  -43,  -43,   -5,   -5,  -21,  -16,  -32,  -16,  -11,  -11,  -16,  -11,
      -5,   -5,  -16,  -21,  -21,  -27,  -32,  -16,  -11,  -21,  -11,    5,  -32,  -11,   -5,  -11,
      -5,  -11,  -11,   -5,  -11,  -16,   -5,  -11,  -11,   -5,  -16,   -5,  -27,  -32,  -43,  -37,
     -43,   -5,  -32,    5,    5,  -16,  -11,  -16,  -11,  -16,  -21,  -21,  -16,  -16,  -21,  -21,
      -5,   -5,  -21,  -21,  -21,  -11,  -27,  -16,  -32,  -69,  -21,  -21,  -11,  -16,  -11,  -21,
     -11,  -11,  -37,  -11,  -16,  -11,  -11,  -27,  -11,  -16,  -11,  -11,  -21,  -27,  -27,  -32,
     -21,  -27,  -53,  -27,  -43,  -48,  -43,  -32,  -48,  -16,  -16,  -27,  -27,  -27,  -48,  -48,
     -37,  -32,  -43,  -59,  -43,  -27,  -37,  -37,  -37,  -48,  -53,  -21,  -48,  -32,  -21,  -80,
     -16,  -32,  -21,  -16,  -16,  -27,  -16,  -16,  -32,  -16,  -16,  -16,  -11,  -37,  -21,  -27,
     -16,  -21,  -21,  -27,  -27,  -27,  -21,  -27,  -48,  -37,  -43,  -32,  -32,  -37,  -53,  -32,
     -21,  -37,  -27,  -27,  -32,  -43,  -37,  -32,  -32,  -43,  -27,  -27,  -27,  -32,  -27,  -37,
     -37,  -32,  -48,  -27,  -32, -112,  -11,  -43,  -11,  -16,  -16,  -48,  -21,  -16,  -53,  -11,
     -21,  -16,  -21,  -43,  -11,  -53,  -16,  -21,  -32,  -21,  -27,  -27,  -21,  -21,  -69,  -32,
     -69,  -64,  -59,  -43,  -64,  -27,  -37,  -53,  -32,  -32,  -69,  -59,  -69,  -53,  -59,  -59,
     -53,  -37,  -48,  -53,  -53,  -53,  -69,  -32,  -69,  -43,  -43, -107,  -16,  -37,  -16,  -21,
     -16,  -43,  -16,  -11,  -48,  -16,  -16,  -21,  -21,  -48,  -27,  -43,  -16,  -21,  -21,  -21,
     -27,  -21,  -21,  -27,  -53,  -32,  -64,  -69,  -53,  -32,  -75,  -32,  -37,  -53,  -43,  -43,
     -53,  -53,  -59,  -43,  -53,  -53,  -48,  -37,  -43,  -53,  -43,  -59,  -64,  -27,  -59,  -48,
     -37,  -85,  -21,  -43,  -16,  -16,  -16,  -37,  -11,  -11,  -48,  -11,  -16,  -21,  -16,  -59,
     -21,  -48,  -21,  -32,  -21,  -27,  -27,  -27,  -27,  -32,  -75,  -37,  -64,  -64,  -64,  -59,
     -75,  -37,  -43,  -59,  -43,  -43,  -59,  -69,  -69,  -53,  -59,  -64,  -64,  -48,  -48,  -59,
     -59,  -59,  -69,  -27,  -75,  -53,  -32,   -5,  -32,  -11,   -5,   -5,  -21,   -5,   -5,  -11,
     -11,   -5,  -11,  -11,  -27,  -11,  -27,   -5,  -11,  -27,  -27,  -21,  -21,  -27,  -11,   -5,
     -32,  -11,   -5,  -16,   -5,  -21,  -21,  -37,  -27,  -27,  -16,  -16,  -11,  -32,  -21,   -5,
     -32,  -27,  -37,  -43,  -53,  -21,  -16,  -27,   -5,  -11,  -21,  -43,  -21,  -16,  -21,  -27,
     -21,  -27,  -21,  -37,  -27,  -43,  -21,  -27,  -32,  -27,  -21,  -21,  -16,  -32,  -32,  -43,
     -43,  -43,  -21,  -27,    5,  -11,  -32,    5,  -11,  -11,  -16,  -11,  -27,  -32,  -16,  -16,
     -16,  -16,   -5,   -5,  -11,  -11,  -21,  -11,  -21,   -5,   -5,    5,  -16,  -32,   -5,   -5,
      -5,  -11,  -21,  -21,  -21,  -27,  -16,  -16,   -5,  -11,   -5,  -16,   -5,  -16,  -11,  -16,
     -16,  -21,  -16,  -21,  -21,  -16,  -27,  -21,  -11,  -21,  -11,  -11,  -11,  -21,  -32,  -21,
     -27,  -16,  -16,  -21,  -27,  -11,  -16,  -11,  -21,  -27,  -32,  -27,  -37,  -21,  -21,   -5,
     -11,    5,  -21,  -37,  -21,  -11,  -16,   -5,  -16,  -21,  -21,  -16,  -11,   -5,  -16,  -16,
      -5,   -5,  -11,  -11,  -16,  -16,  -16,  -27,   27,   -5,  -27,   -5,  -21,  -21,  -21,  -37,
     -27,  -16,  -27,  -16,  -11,  -32,  -32,  -27,  -21,  -21,  -37,   -5,  -32,  -64,  -64,  -48,
     -85,  -21,  -59,  -11,  -16,   -5,  -21,  -43,  -21,  -11,  -16,  -16,   -5,  -27,   -5,   11,
     -37,  -37,  -16,  -27,  -21,   -5,  -21,  -27,  -21,  -11,  -11,  -11,  -11,  -16,  -21,  -27,
     -21,  -32,   -5,  -11,  -37,  -11,  -11,  -11,  -21,  -11,   -5,  -11,  -21,  -16,  -27,  -16,
     -16,  -11,  -16,   -5,  -16,  -21,  -21,  -27,  -27,  -37,  -11,  -21,  -16,  -21,  -11,  -32,
     -11,  -11,  -11,  -16,  -16,  -16,   -5,  -16,  -27,  -37,  -16,  -11,  -11,  -21,   -5,  -16,
      -5,  -21,  -21,  -32,  -32,  -37,  -16,  -16,    5,   11,  -32,    5,    5,    5,    5,  -11,
      11,  -21,  -27,   -5,   -5,    5,    5,    5,   -5,    5,  -11,  -11,  -11,  -11,  -11,  -16,
     -27,  -16,  -11,  -37,   -5,  -16,  -11,  -16,  -11,   -5,  -11,  -16,  -16,  -37,  -11,  -11,
     -11,  -11,   -5,  -11,  -11,  -16,  -16,  -21,  -27,  -32,  -11,  -16,   -5,   -5,  -21,  -32,
     -16,  -16,   -5,  -21,  -16,  -11,  -16,  -27,  -16,  -32,  -16,  -11,  -21,  -21,  -11,  -21,
      -5,  -21,  -21,  -32,  -32,  -21,  -11,  -16,   -5,   -5,   -5,   -5,  -37,   -5,  -11,  -21,
     -11,   -5,  -11,  -27,  -16,  -32,  -11,  -11,  -11,  -16,  -11,   -5,  -16,  -16,  -27,  -27,
     -32,   -5,  -11,  -16,  -11,  -11,  -37,   -5,  -11,   -5,  -16,   -5,  -16,  -11,  -21,  -16,
     -32,  -11,  -11,   -5,  -16,   -5,  -16,  -16,  -27,  -32,  -32,  -37,   -5,  -11,  -11,   11,
     -27,    5,    5,  -11,  -11,  -16,  -11,  -27,  -21,  -11,  -16,    5,  -11,    5,  -16,    5,
     -11,   -5,   -5,  -16,  -21,  -16,  -21,   -5,   -5,    5,  -11,  -32,    5,    5,    5,  -11,
     -16,  -16,  -11,  -27,  -27,  -11,  -11,  -11,    5,  -16,   -5,  -11,  -11,  -16,  -21,  -11,
     -21,   -5,  -11,    5,  -32,   -5,    5,  -16,   32,  -11,  -27,   -5,   -5,   -5,   21,    5,
      -5,   -5,   -5,   -5,   -5,   -5,   -5,   -5,   -5,  -11,   -5,  -27,  -37,   -5,   -5,   -5,
      -5,  -16,  -32,  -11,  -37,  -27,  -11,  -16,  -11,   -5,  -11,  -16,    5,   -5,   -5,  -11,
     -16,  -21,  -21,   -5,  -32,    5,  -11,  -11,  -11,    5,  -11,  -16,  -27,   -5,  -11,   -5,
     -11,    5,  -11,   -5,  -11,  -11,  -16,  -16,  -11,  -16,  -11,  -32,  -27,   -5,   -5,  -16,
     -27,  -16,  -27,   -5,   -5,    5,  -16,    5,  -11,    5,  -27,  -16,  -32,  -27,  -48,  -11,
     -16,  -16,  -11,  -11,  -37,  -16,  -11,  -11,  -16,   -5,  -16,  -11,  -16,  -21,  -32,  -16,
     -11,  -16,  -16,   -5,   -5,   -5,  -16,  -16,  -21,  -21,  -27,   -5,  -16,  -16,  -37,  -43,
     -21,  -21,  -32,  -32,  -37,  -32,   -5,  -21,  -43,  -32,  -21,  -27,  -27,  -11,  -27,  -21,
     -11,  -16,  -11,  -11,  -16,  -16,  -32,  -43,  -32,  -21,  -37,  -27,  -21,  -27,  -21,  -21,
     -32,  -43,  -16,  -27,  -37,  -27,  -21,  -27,  -32,  -11,  -21,  -27,  -16,  -16,   -5,  -16,
     -11,  -21,  -27,  -37,  -32,  -16,  -37,  -27,  -21,  -21,  -21,  -21,  -37,  -37,  -16,  -21,
     -37,  -37,  -27,  -27,  -32,  -16,  -21,  -32,  -11,  -11,  -16,  -16,  -16,  -21,  -27,  -32,
     -48,   -5,  -11,  -27,   -5,  -11,   -5,  -11,  -11,  -11,  -21,   -5,   -5,   -5,   -5,   -5,
      -5,   -5,  -11,  -11,  -16,  -11,  -11,   -5,  -21,  -21,  -11,   -5,   -5,   -5,   -5,  -11,
      -5,   -5,   -5,   -5,  -11,  -11,   -5,  -11,   -5,  -37,  -27,   -5,  -27,  -16,  -27,   -5,
     -27,  -21,  -11,  -27,  -37,  -37,  -27,   -5,  -21,   -5,  -32,  -21,  -21,  -27,  -75,  -59,
     -32,  -21,  -85,  -16,  -16,  -32,  -16,  -16,  -16,  -16,  -11,   -5,  -11,  -16,  -16,  -32,
     -16,  -27,  -21,  -32,  -32,  -16,  -16,  -16,  -16,  -16,  -16,  -32,  -16,  -43,  -48,  -27,
     -16,  -64,  -16,  -16,  -32,  -16,  -16,  -16,  -16,  -11,  -16,   -5,    5,   -5,  -16,   -5,
      -5,   -5,  -11,   -5,   -5,  -21,  -11,  -11,   -5,   -5,   -5,  -16,    5,  -16,  -32,   11,
     -11,  -21,   -5,  -11,  -11,   -5,  -16,    5,   -5,    5,   16,  -27,   16,    5,   16,   -5,
      16,   11,  -11,   11,   -5,    5,  -16,    5,   -5,   -5,   16,    5,   -5,  -16,   -5,   -5,
      -5,   -5,   -5,    5,   -5,  -16,  -16,   -5,   -5,   -5,   16,   -5,   -5,    5,   -5,  -16,
       5,  -11,  -21,   -5,   -5,  -11,   -5,   -5,    5,  -11,    5,   16,  -16,   16,    5,    5,
      16,   -5,   16,   11,   -5,   11,   -5,    5,   11,   16,  -16,   -5,  -85,   -5,   -5,   -5,
     -27,   -5,   -5,  -21,   -5,   -5,   -5,  -48,   -5,   -5,  -11,   -5,  -11,   -5,   -5,   -5,
      -5,   -5,   -5,   -5,   -5,   -5,   -5,   -5,  -21,   -5,  -21,  -43,  -32,  -21,  -32,  -64,
     -32,  -43,  -48,  -21,  -21,  -27,  -59,  -32,  -37,  -43,  -43,  -32,  -32,  -16,  -21,  -43,
     -32,  -32,  -32,  -32,  -16,  -27,  -27,  -32,  -32,  -48,  -32,  -21,  -11,   -5,  -27,   -5,
      -5,   -5,  -27,   -5,   -5,  -16,   -5,   -5,   -5,   -5,   -5,   -5,  -16,   -5,   -5,  -16,
      -5,  -21,  -11,   -5,  -11,   -5,   -5,   -5,   -5,  -16,   -5,  -11,  -11,  -11,  -11,  -11,
     -11,  -11,  -11,  -11,  -21,  -27,  -16,  -11,  -11,  -11,   -5,   -5,  -21,  -16,   -5,  -11,
      -5,  -11,   -5,   -5,  -16,  -11,   -5,   -5,   -5,  -11,  -11,   -5,   -5,   -5,   -5,   -5,
     -16,   -5,   -5,   -5,  -16,   -5,  -16,  -21,   -5,   -5,   -5,  -11,   -5,   -5,  -21,   -5,
      -5,  -21,   -5,  -21,  -21,   -5,  -21,   -5,   -5,  -16,   -5,   -5,  -16,   -5,   -5,   -5,
     -16,  -11,  -16,  -16,  -16,  -11,  -11,  -16,  -16,  -16,  -16,  -16,  -21,  -21,  -43,  -16,
     -48,  -16,  -16,  -16,  -16,  -16,  -16,  -16,  -16,   -5,  -16,   -5,  -32,   -5,   -5,   -5,
     -27,   -5,   -5,   -5,   -5,   -5,   -5,   -5,   -5,  -11,   -5,   -5,   -5,  -32,    5,   -5,
     -32,   -5,   -5,   -5,   -5,   -5,   -5,   -5,  -11,    5,  -11,   11,  -11,   -5,   -5,  -11,
      11,  -11,   11,   -5,    5,   -5,   -5,   -5,   -5,    5,   -5,   11,  -11,  -11,  -21,  -27,
      -5,   -5,   -5,   -5,  -11,  -16,   -5,  -11,  -21,  -11,  -21,  -11,  -11,   -5,  -16,  -16,
     -21,  -11,  -21,  -11,  -11,  -11,  -11,  -11,  -11,  -11,  -21,  -11,  -21,  -27,  -21,  -16,
     -43,  -27,  -11,  -11,  -11,  -11,  -11,  -21,  -21,  -16,   -5,   -5,   -5,  -11,   -5,  -11,
      -5,  -16,   -5,  -21,  -11,   -5,  -16,  -16,  -21,  -11,  -21,  -11,  -11,  -11,  -21,  -11,
     -21,  -27,  -21,  -16,  -43,  -27,  -11,  -11,  -11,  -11,    5,  -11,  -11,   -5,  -11,  -16,
     -16,   -5,   -5,  -16,   -5,  -21,  -16,  -16,   -5,  -11,  -11,   -5,    5,   -5,   -5,  -16,
       5,  -11,  -11,  -11,  -11,   -5,  -11,   -5,   -5,    5,   -5,  -16,    5,  -11,  -43,    5,
      -5,  -43,   -5,   -5,  -16,   -5,   -5,  -11,   -5,  -11,    5,   -5,  -11,  -16,  -21,  -11,
     -16,  -11,  -11,  -11,  -16,  -16,  -11,  -21,  -16,  -16,   -5,  -11,  -16,  -16,  -16,  -16,
     -16,  -11,  -11,  -11,   -5,  -16,   -5,  -16,  -27,   -5,  -37,  -27,   -5,  -11,  -11,  -27,
     -21,  -11,  -16,  -11,   -5,  -11,  -16,  -16,   -5,  -21,  -11,  -16,  -11,  -16,  -11,  -11,
     -16,  -16,  -11,  -16,  -16,  -11,   -5,  -16,   -5,  -16,  -32,   -5,  -37,  -21,   -5,  -11,
     -11,  -16,  -16,  -11,  -11,  -16,  -11,  -11,  -16,  -11,  -11,  -16,  -11,  -11,  -11,  -11,
     -11,  -11,  -11,  -11,  -11,  -11,  -11,  -11,  -11,   -5,  -21,   -5,  -11,  -21,  -16,  -37,
     -21,  -11,  -11,  -11,   -5,  -43,  -11,  -11,  -11,  -37,  -16,  -16,   -5,  -11,  -11,   -5,
     -11,   -5,  -11,   11,   -5,  -16,   11,  -16,  -32,   16,  -11,  -27,   -5,   -5,  -11,   -5,
      -5,  -11,   -5,   -5,   21,    5,    5,  -27,    5,    5,   11,   11,    5,  -21,   -5,   11,
      11,   -5,    5,   -5,    5,  -16,    5,  -11,  -11,  -21,  -16,   -5,  -11,  -11,  -11,   -5,
     -11,  -11,   -5,  -21,  -11,  -16,  -11,  -11,  -11,  -16,  -11,  -11,  -11,  -11,  -11,  -11,
      -5,  -21,   -5,  -16,  -21,  -11,  -11,  -32,  -16,   -5,  -11,   -5,  -16,  -85,  -43,  -11,
      -5,   -5,  -16,  -11,  -37,    5,  -27,    5,   -5,  -27,   -5,   -5,   -5,   -5,  -16,    5,
     -21,  -11,  -16,  -11,  -11,  -32,   -5,   -5,  -11,   -5,   -5,  -11,  -11,  -11,   -5,   -5,
      -5,   -5,  -11,  -16,  -11,  -43,  -11,  -21,  -11,   -5,  -27,   -5,   -5,   -5,  -27,   -5,
     -11,   -5,  -21,  -21,  -11,   -5,  -11,  -11,   -5,   -5,  -11,    5,  -11,  -32,   -5,   -5,
     -32,   -5,   -5,   -5,   -5,   -5,   -5,   -5,   -5,   -5,    5,  -11,   -5,  -21,  -21,  -16,
     -16,  -11,  -16,  -11,   -5,   -5,   -5,  -11,    5,  -16,   -5,  -11,  -21,  -11,   -5,  -11,
      -5,  -11,  -21,  -75,   -5,  -43,   -5,  -11,  -16,   -5,  -11,  -43,  -11,  -11,  -11,   -5,
     -16,  -11,  -21,  -11,   -5,  -11,  -32,  -32,  -21,  -21,  -16,  -48,  -16,  -32,  -21,  -11,
     -11,  -16,  -48,  -11,  -16,  -27,  -11,  -32,  -27,   -5,  -11,  -32,  -27,  -37,  -16,  -11,
     -11,  -21,  -32,  -32,  -32,  -37,  -16,  -27,  -37,  -16, -101,  -11,  -11,  -11,  -48,  -16,
     -16,  -16,  -16,  -21,  -11,  -53,  -11,  -11,  -43,   -5,   -5,  -37,  -11,  -32,  -37,  -16,
     -32,   -5,   -5,  -11,  -11,  -11,  -27,  -21,  -32,  -75,  -59,  -59,  -64,  -85,  -53,  -69,
     -48,  -43,  -43,  -69,  -85,  -64,  -59,  -69,  -64,  -53,  -69,  -48,  -59,  -75,  -64,  -59,
     -69,  -59,  -53,  -64,  -69,  -75,  -69,  -91,  -53,  -53,    5,  -11,  -43,  -11,  -11,  -11,
     -37,  -11,  -11,  -11,  -16,  -16,  -21,  -11,  -16,   -5,   16,  -11,  -11,   21,   -5,  -27,
       5,   -5,  -32,  -11,   -5,   -5,   -5,   -5,  -21,   -5,   16,  -21,   11,    5,    5,    5,
     -21,   11,   11,    5,    5,   -5,   -5,   -5,  -11,   11,  -16,  -21,  -11,  -43,  -11,  -11,
     -11,  -43,  -11,  -11,  -27,  -11,  -11,  -11,  -11,  -59,  -11,  -43,  -11,  -21,  -21,  -27,
     -27,  -27,  -37,  -16,  -21,  -27,  -16,  -16,  -21,  -21,  -16,  -16,  -32,  -32,  -21,  -32,
     -21,  -16,  -27,  -32,  -16,  -16,  -16,  -32,  -32,  -59,  -59,  -64,  -16,  -27,  -27,  -11,
     -32,  -21,  -11,  -21,  -16,  -16,  -11,  -21,  -16,  -11,  -21,  -11,  -27,  -11,  -11,  -11,
     -11,  -11,  -16,  -16,  -21,  -11,  -16,  -11,  -21,  -16,  -16,  -11,  -11,  -11,   -5,  -11,
     -16,   -5,  -16,  -27,   -5,  -11,  -27,  -11,  -11,  -16,   -5,   -5,  -11,  -11,   -5,  -11,
     -11,  -21,  -32,  -11,  -16,  -16,  -16,  -11,  -32,  -16,   -5,  -21,  -21,  -21,  -11,   -5,
     -16,   -5,  -11,   -5,   -5,   -5,  -16,   -5,  -11,  -11,  -16,  -16,   -5,  -11,   -5,   -5,
     -11,   -5,  -16,   -5,  -11,  -21,   -5,   -5,  -27,   -5,   -5,  -11,   -5,   -5,   -5,   -5,
      -5,   -5,  -11,  -21,  -21,   -5,  -11,  -11,  -11,  -11,  -16,  -11,  -27,   -5,   -5,  -27,
     -11,  -11,   -5,  -16,  -11,   -5,   -5,   -5,   -5,   -5,  -16,   -5,  -11,  -21,  -11,   -5,
     -27,   -5,   -5,   -5,   -5,  -11,  -27,  -21,   -5,   -5,  -16,  -16,  -11,  -16,   -5,  -11,
     -21,  -11,  -21,  -11,  -16,  -11,   -5,   -5,  -21,   -5,   -5,  -11,  -11,   -5,  -11,   -5,
      -5,  -11,   -5,  -16,   -5,  -11,  -16,  -16,  -11,  -32,  -16,   -5,   -5,   -5,   -5,   -5,
     -27,    5,   -5,  -16,   -5,   -5,   -5,  -27,   -5,  -16,  -16,  -11,  -11,   -5,    5,   -5,
      -5,    5,  -53,  -43,   11,   -5,  -59,   -5,   -5,  -27,   -5,   -5,    5,   -5,    5,   27,
      -5,  -27,   11,   -5,   -5,   -5,   -5,   -5,   16,   -5,   -5,   11,   11,   -5,   11,   -5,
     -16,    5,   -5,   -5,    5,   -5,   11,   -5,  -11,  -21,  -21,   -5,   -5,   -5,   -5,  -11,
      -5,  -16,   -5,  -21,   -5,   -5,   -5,   -5,  -21,  -11,  -11,   -5,  -11,  -11,   -5,  -11,
     -11,  -16,  -11,  -16,  -16,  -21,  -16,   -5,   -5,  -27,    5,  -11,  -21,   -5,   -5,   -5,
     -27,  -11,   -5,  -21,  -16,  -11,   -5,  -11,    5,   -5,   -5,   16,  -53,  -48,   11,   -5,
     -59,   -5,   -5,  -32,   -5,   -5,    5,   -5,   16,   16,  -21,   11,   -5,   11,   -5,   11,
       5,   -5,   11,   -5,   -5,   -5,   -5,    5,   -5,   11,   -5,  -11,    5,   -5,  -37,   -5,
      -5,   -5,  -21,   -5,   -5,   -5,  -21,  -21,   -5,   -5,   -5,   -5,   11,   -5,   -5,   11,
      -5,  -21,   16,  -11,  -32,  -11,  -11,   -5,   -5,   -5,    5,  -11,   -5,    5,   16,  -21,
      11,   -5,   11,  -11,   11,   11,    5,    5,   -5,   11,   -5,   11,  -16,   -5,    5,  -11,
     -27,  -11,   -5,   -5,  -27,  -11,   -5,   -5,  -16,  -16,  -11,  -11,  -16,  -11,   11,  -11,
     -11,    5,  -11,  -27,   16,  -11,  -32,  -11,  -11,  -11,  -11,  -11,    5,  -11,   -5,   21,
      -5,  -27,   11,    5,  -21,   -5,   -5,   11,    5,    5,   -5,  -11,   11,  -16,  -11,  -27,
     -27,  -11,  -16,  -11,  -11,   -5,  -16,  -11,   -5,  -21,  -11,  -27,  -11,  -11,   -5,  -11,
     -21,   -5,  -11,  -11,  -16,  -16,  -16,  -16,  -21,   -5,  -11,  -27,  -16,  -32,  -21,  -16,
      -5,   -5,  -16,  -16,   -5,  -11,  -11,  -11,   -5,  -16,  -16,   -5,   -5,   -5,  -11,  -27,
      -5,  -11,  -27,   -5,  -37,   -5,  -16,  -11,   -5,  -11,  -11,    5,   16,  -21,   16,   -5,
       5,   -5,   -5,   11,   -5,   11,  -16,   11,  -16,   11,   -5,   -5,    5,   -5,   11,  -16,
     -16,    5,   11,   -5,   -5,  -11,    5,  -11,   -5,   -5,   -5,   -5,   -5,    5,  -11,   11,
      -5,    5,  -11,    5,   -5,    5,   -5,   -5,    5,  -11,  -21,   -5,  -11,  -43,   -5,  -16,
     -11,  -16,  -37,   -5,   -5,   -5,   -5,   -5,   -5,   -5,   -5,  -11,   -5,   -5,  -11,   -5,
      -5,   -5,  -21,  -27,  -21,  -21,  -11,  -11,  -16,  -16,  -16,  -16,  -16,  -16,  -27,  -21,
     -16,  -16,   -5,  -11,  -16,   -5,  -21,  -16,  -21,  -21,  -21,   -5,  -37,  -11,  -11,  -27,
     -11,  -11,  -16,   -5,   -5,  -16,  -16,    5,    5,   16,   -5,   -5,  -11,   11,  -11,  -11,
      -5,   -5,   -5,   11,   -5,   -5,   11,  -11,   11,  -11,   -5,   -5,   -5,   -5,   11,  -16,
     -11,   -5,   -5,   -5,  -11,  -11,  -11,  -11,   -5,   -5,  -16,   -5,  -11,  -11,  -11,  -11,
      -5,  -16,   -5,  -11,  -21,  -11,   -5,  -27,   -5,   -5,  -16,   -5,   -5,  -11,   -5,  -11,
      -5,  -16,   -5,   11,   -5,  -16,   11,   -5,    5,   -5,   -5,   -5,   -5,   -5,    5,  -11,
       5,  -11,   -5,  -11,   -5,   -5,   11,   -5,  -21,  -11,  -11,  -11,  -11,  -21,  -16,  -16,
     -16,  -32,  -32,  -11,   -5,  -16,  -11,  -11,  -11,  -21,  -11,  -21,  -32,  -21,  -11,  -32,
      -5,   -5,  -21,  -11,  -11,  -16,   -5,  -11,  -16,   -5,  -21,  -11,  -11,   -5,  -11,   -5,
     -16,  -11,  -11,  -11,  -32,  -32,  -11,  -11,  -11,   -5,  -27,  -11,  -21,  -21,  -16,  -11,
     -32,  -27,   -5,  -11,   -5,  -11,  -11,   -5,  -21,   -5,   -5,   -5,   -5,   -5,  -11,   -5,
     -11,   -5,  -16,  -11,  -11,  -11,   -5,   -5,  -21,   -5,  -11,  -21,  -11,  -43,   -5,   -5,
      -5,   -5,   -5,  -27,  -11,  -11,  -11,   -5,   -5,  -21,  -16,   -5,  -11,  -16,  -16,   -5,
      -5,   -5,   -5,  -16,   -5,  -21,   -5,  -16,  -32,  -21,   -5,  -32,   -5,   -5,  -16,   -5,
     -11,   -5,   -5,  -11,   -5,  -11,  -11,   -5,    5,  -16,   -5,  -11,   -5,   -5,  -11,   -5,
     -11,  -11,   -5,  -16,  -11,  -16,   -5,   -5,   -5,   -5,  -11,  -11,  -21,  -16,  -11,  -11,
     -11,  -11,   -5,  -11,   -5,  -21,  -16,  -16,   -5,  -16,  -16,  -21,   -5,   -5,  -11,   -5,
      -5,  -16,   11,  -16,  -16,  -32,   11,  -11,   -5,  -11,  -11,  -16,  -16,  -21,  -21,    5,
     -11,  -16,    5,  -11,  -16,  -16,  -21,   -5,  -11,  -11,  -11,   -5,   -5,  -11,    5,  -16,
     -16,  -11,    5,  -21,   -5,   -5,   -5,   -5,   -5,   -5,   -5,   -5,  -21,   -5,  -21,   -5,
      -5,  -16,  -16,   -5,  -11,   -5,   -5,   -5,  -11,   -5,   -5,  -27,  -11,   11,  -11,  -11,
     -27,  -21,   -5,  -11,   -5,  -11,  -16,   -5,  -16,   -5,  -11,  -11,   -5,  -11,    5,   -5,
     -21,   -5,   -5,  -11,  -11,  -11,  -11,    5,  -16,  -11,   -5,   -5,    5,   -5,   -5,  -16,
      -5,   -5,   -5,   -5,   -5,  -11,  -11,   -5,    5,   -5,    5,   -5,  -16,   -5,   -5,  -16,
      -5,   -5,   -5,   -5,   -5,    5,  -11,   -5,  -21,    5,  -11,  -11,  -43,  -11,  -21,  -11,
     -11,  -11,  -16,  -37,  -16,  -16,   -5,   -5,  -16,  -11,  -11,  -11,  -11,  -16,  -11,  -11,
     -11,   -5,  -21,  -16,  -11,  -11,  -27,  -11,  -27,  -11,  -16,  -21,   -5,  -16,  -16,  -53,
     -16,  -21,  -21,  -11,  -11,  -16,  -43,  -21,  -11,  -16,  -11,   -5,  -16,   -5,  -11,  -27,
     -11,  -11,  -11,  -11,   -5,  -11,  -11,  -16,  -16,  -32,  -16,  -27,  -27,   11,  -11,  -11,
     -32,   11,  -21,   -5,   -5,   -5,  -16,  -11,  -21,  -16,    5,  -21,  -11,   11,   -5,  -16,
     -11,  -16,  -11,  -16,  -16,  -11,  -16,  -11,   11,  -16,  -11,  -21,  -43,  -21,  -21,  -27,
     -16,  -21,  -21,  -11,  -21,  -16,  -32,  -16,  -16,  -27,  -16,  -21,  -21,  -16,  -16,  -21,
     -16,  -16,  -21,  -21,  -21,  -11,  -16,   -5,   -5,   -5,  -27,  -16,  -16,   -5,  -11,  -11,
      -5,  -16,   -5,   -5,   -5,   -5,  -11,   -5,  -11,  -16,  -11,   -5,  -21,   -5,   -5,   -5,
      -5,   -5,  -11,   -5,   -5,  -11,   -5,  -16,  -11,   -5,   -5,  -27,  -16,  -21,  -21,  -16,
     -16,   -5,  -16,   -5,   -5,  -16,   -5,  -16,  -11,   -5,  -11,  -21,   -5,  -16,   -5,   -5,
      -5,   -5,   -5,  -11,   -5,   -5,  -16,   -5,  -11,   -5,    5,   -5,   -5,  -27,  -16,  -11,
     -16,  -11,  -11,   -5,  -11,   -5,   -5,   -5,   -5,  -11,   -5,   -5,  -16,  -21,   -5,  -27,
      -5,   -5,   -5,   -5,   -5,  -21,   -5,  -11,   -5,  -11,  -11,  -16,   -5,   -5,   -5,  -27,
     -11,  -16,  -11,  -16,  -16,   -5,  -27,   -5,   -5,  -16,  -11,  -21,  -11,   -5,  -21,  -16,
      -5,  -21,   -5,   -5,   -5,   -5,   -5,  -16,   -5,  -11,  -11,  -16,    5,  -11,   -5,  -16,
       5,  -11,   -5,  -11,  -11,  -11,   -5,  -11,  -11,   11,  -11,  -21,    5,  -11,  -27,    5,
      -5,  -43,   -5,   -5,   -5,   -5,  -11,   -5,   -5,    5,  -11,   -5,  -11,    5,  -27,   -5,
     -11,   -5,  -16,  -16,   -5,  -11,  -11,   -5,  -11,   -5,   -5,   -5,  -16,  -16,   -5,  -16,
      -5,   -5,   -5,   -5,   -5,   -5,   -5,  -21,    5,   11,   -5,   -5,  -27,   11,   -5,   -5,
      -5,  -11,  -11,   -5,   -5,   -5,   11,   -5,  -16,    5,  -11,  -37,    5,  -43,   -5,   -5,
      -5,   -5,   11,   -5,  -16,   16,  -16,  -16,  -32,    5,   -5,   -5,   -5,  -11,  -11,   -5,
      -5,    5,  -11,  -11,    5,  -11,   -5,  -11,  -16,   -5,   -5,   -5,  -11,  -11,    5,  -11,
     -21,    5,   11,  -11,  -11,  -27,    5,  -16,   -5,   -5,   -5,  -16,  -11,  -16,  -11,    5,
     -11,  -16,    5,  -11,  -11,  -16,  -11,  -11,   -5,  -11,  -11,   -5,   -5,    5,  -16,  -16,
     -11,  -16,   -5,   -5,   -5,  -27,  -16,  -21,  -21,  -11,  -11,   -5,  -16,   -5,   -5,  -16,
      -5,  -16,   -5,   -5,  -21,  -21,   -5,  -32,   -5,   -5,   -5,   -5,   -5,   -5,   -5,  -11,
     -16,  -16,    5,   -5,   11,   -5,   -5,  -27,   11,  -11,   -5,   -5,  -16,  -11,   -5,    5,
     -11,    5,   -5,   -5,    5,  -16,   -5,  -11,  -11,   -5,   -5,  -11,   11,
};

static const EpdFontData edslab_16_bolditalic = {
    edslab_16_bolditalicBitmaps,
    edslab_16_bolditalicGlyphs,
    edslab_16_bolditalicIntervals,
    55,
    41,
    31,
    -10,
    true,
    edslab_16_bolditalicGroups,
    11,
    nullptr,
    nullptr,  // kernLeftClasses: built-in fonts use the split arrays below
    nullptr,  // kernRightClasses
    edslab_16_bolditalicKernLeftCodepoints,
    edslab_16_bolditalicKernLeftClassIds,
    edslab_16_bolditalicKernRightCodepoints,
    edslab_16_bolditalicKernRightClassIds,
    nullptr,  // kernMatrix: built-in fonts use the sparse form below
    edslab_16_bolditalicKernRowOffsets,
    edslab_16_bolditalicKernSparseCols,
    edslab_16_bolditalicKernSparseValues,
    129,
    129,
    129,
    129,
    nullptr,
    0,
};
