/**
 * generated by fontconvert.py
 * name: edslab_ui_10_bold
 * size: 11
 * mode: 1-bit
 * Command used: fontconvert.py edslab_ui_10_bold 11 ../builtinFonts/source/EdsLab/EdsLab-Bold.ttf ../builtinFonts/source/NotoSansHebrew/NotoSansHebrew-Bold.ttf ../builtinFonts/source/NotoSansArabic/NotoSansArabic-Bold.ttf ../builtinFonts/source/Ubuntu/Ubuntu-Vietnamese-Bold.ttf --additional-intervals 0x05D0,0x05EA --additional-intervals 0x060C,0x060C --additional-intervals 0x061B,0x061B --additional-intervals 0x061F,0x061F --additional-intervals 0x0621,0x0621 --additional-intervals 0x0640,0x0640 --additional-intervals 0x0654,0x0654 --additional-intervals 0x0660,0x0669 --additional-intervals 0x06BA,0x06BA --additional-intervals 0x06D4,0x06D4 --additional-intervals 0x06D5,0x06D5 --additional-intervals 0x06F0,0x06F9 --additional-intervals 0xFB56,0xFB59 --additional-intervals 0xFB66,0xFB69 --additional-intervals 0xFB7A,0xFB7D --additional-intervals 0xFB88,0xFB95 --additional-intervals 0xFB9E,0xFB9F --additional-intervals 0xFBA6,0xFBB1 --additional-intervals 0xFBFC,0xFBFF --additional-intervals 0xFE80,0xFEFC
 */
#pragma once
#include "EpdFontData.h"

static const uint8_t edslab_ui_10_boldBitmaps[24382] = {
    0x73, 0x9C, 0xE7, 0x39, 0xCE, 0x73, 0x9C, 0xE7, 0x39, 0xDE, 0xF3, 0x80, 0xFF, 0xFF, 0xFF, 0xFF,
    0xF0, 0x07, 0x8F, 0x03, 0x87, 0x01, 0xC7, 0x81, 0xE3, 0xC7, 0xFF, 0xFB, 0xFF, 0xFD, 0xFF, 0xFE,
    0x3C, 0x78, 0x1E, 0x3C, 0x0F, 0x1C, 0x3F, 0xFF, 0xDF, 0xFF, 0xEF, 0xFF, 0xF1, 0xE3, 0xC0, 0xE1,
    0xC0, 0x71, 0xE0, 0x78, 0xF0, 0x00, 0x03, 0x80, 0x0E, 0x00, 0xFC, 0x0F, 0xFC, 0x7F, 0xF9, 0xF1,
    0xE7, 0x03, 0x9C, 0x0E, 0x70, 0x01, 0xF0, 0x03, 0xFE, 0x07, 0xFE, 0x0F, 0xFC, 0x03, 0xF4, 0x03,
    0xDC, 0x07, 0x70, 0x3D, 0xE1, 0xF7, 0xFF, 0x8F, 0xFC, 0x0F, 0xC0, 0x0E, 0x00, 0x38, 0x00, 0x7F,
    0x1E, 0x0F, 0xF9, 0xE0, 0xFF, 0xBC, 0x0E, 0x3B, 0xC0, 0xE3, 0xB8, 0x0F, 0xFF, 0x80, 0xFF, 0xF8,
    0x07, 0xFF, 0x00, 0x3E, 0xF7, 0xC0, 0x0F, 0xFE, 0x01, 0xFF, 0xF0, 0x1F, 0xFF, 0x01, 0xDC, 0x70,
    0x3D, 0xC7, 0x03, 0xDF, 0xF0, 0x79, 0xFF, 0x07, 0x8F, 0xE0, 0x0F, 0xE0, 0x1F, 0xE0, 0x3F, 0xE0,
    0x3C, 0x20, 0x3C, 0x00, 0x1E, 0x00, 0x1E, 0x00, 0x3F, 0x00, 0x7F, 0x8E, 0x7F, 0xCE, 0xF3, 0xCE,
    0xF1, 0xFE, 0xF1, 0xFE, 0xF0, 0xFC, 0x78, 0x7C, 0x7F, 0xFC, 0x3F, 0xFE, 0x1F, 0xC0, 0xFF, 0xFF,
    0xC0, 0x03, 0x03, 0x83, 0xC3, 0xE1, 0xE1, 0xE1, 0xE0, 0xE0, 0xF0, 0x78, 0x38, 0x1C, 0x0E, 0x07,
    0x03, 0x81, 0xC0, 0xE0, 0x78, 0x3C, 0x0E, 0x07, 0x83, 0xC0, 0xF0, 0x3C, 0x1F, 0x07, 0x80, 0xC0,
    0x00, 0x60, 0x38, 0x3E, 0x0F, 0x03, 0xC0, 0xF0, 0x38, 0x1E, 0x07, 0x03, 0xC1, 0xE0, 0x70, 0x38,
    0x1C, 0x0E, 0x07, 0x07, 0x83, 0xC1, 0xC0, 0xE0, 0xF0, 0xF0, 0x78, 0x78, 0xF8, 0x78, 0x18, 0x00,
    0x00, 0x0E, 0x0B, 0xE7, 0xFD, 0xFF, 0x3F, 0x9F, 0xF7, 0xFD, 0xBE, 0x0E, 0x00, 0x38, 0x38, 0x38,
    0xFF, 0xFF, 0xFF, 0x38, 0x38, 0xFF, 0xF7, 0xF6, 0x00, 0xFF, 0xFF, 0xFF, 0x77, 0xFE, 0xE0, 0x00,
    0x01, 0xC0, 0xE0, 0xE0, 0x70, 0x38, 0x3C, 0x1C, 0x0E, 0x0F, 0x07, 0x03, 0x81, 0xC1, 0xC0, 0xE0,
    0x70, 0x70, 0x38, 0x1C, 0x1C, 0x0E, 0x07, 0x03, 0x00, 0x00, 0x1F, 0xC0, 0xFF, 0xC7, 0xFF, 0x1E,
    0x3E, 0xF0, 0x7B, 0xC0, 0xFE, 0x03, 0xF8, 0x07, 0xE0, 0x1F, 0x80, 0x7E, 0x01, 0xF8, 0x0F, 0xF0,
    0x3F, 0xC1, 0xE7, 0x8F, 0x9F, 0xFC, 0x3F, 0xE0, 0x3F, 0x00, 0xF9, 0xF3, 0xE1, 0xC3, 0x87, 0x0E,
    0x1C, 0x38, 0x70, 0xE1, 0xC3, 0x87, 0x3F, 0xFF, 0xFE, 0x3F, 0x87, 0xFE, 0xFF, 0xEF, 0x0F, 0xF0,
    0xFF, 0x0F, 0x00, 0xF0, 0x1E, 0x07, 0xE1, 0xFC, 0x3F, 0x87, 0xE0, 0xF8, 0x7F, 0x07, 0xFF, 0xFF,
    0xFF, 0xFF, 0xF0, 0x7F, 0xF3, 0xFF, 0x9F, 0xFC, 0x03, 0xC0, 0x3C, 0x03, 0xC0, 0x3E, 0x03, 0xFC,
    0x1F, 0xF0, 0xFF, 0x80, 0x1E, 0x00, 0x70, 0x03, 0xF0, 0x1F, 0xC1, 0xCF, 0xFE, 0x7F, 0xE1, 0xFE,
    0x00, 0x01, 0xE0, 0x1F, 0x00, 0xF8, 0x0F, 0xC0, 0xFE, 0x0F, 0xF0, 0xFB, 0x8F, 0x9C, 0x78, 0xE7,
    0xFF, 0xFF, 0xFF, 0xFF, 0xF0, 0x0E, 0x00, 0x70, 0x0F, 0xE0, 0x7F, 0x03, 0xF8, 0x3F, 0xF1, 0xFF,
    0x8F, 0xFC, 0x70, 0x03, 0x80, 0x1C, 0x00, 0xFF, 0x07, 0xFC, 0x3F, 0xF0, 0x07, 0xC0, 0x1E, 0x00,
    0x70, 0x03, 0xF0, 0x3F, 0xC3, 0xEF, 0xFE, 0x7F, 0xE0, 0xFE, 0x00, 0x0F, 0xE0, 0xFF, 0x8F, 0xFC,
    0xF8, 0xF7, 0x87, 0xF8, 0x3B, 0xFF, 0x1F, 0xFE, 0xFF, 0xF7, 0x83, 0xF8, 0x1F, 0xC0, 0x7E, 0x03,
    0xF8, 0x3F, 0xE3, 0xEF, 0xFE, 0x3F, 0xE0, 0xFE, 0x00, 0xFF, 0xFF, 0xFF, 0xFF, 0x80, 0xF0, 0x1C,
    0x07, 0x80, 0xE0, 0x3C, 0x07, 0x01, 0xE0, 0x38, 0x0F, 0x01, 0xC0, 0x78, 0x0E, 0x03, 0xC0, 0x78,
    0x00, 0x1F, 0x83, 0xFC, 0x7F, 0xEF, 0x0E, 0xF0, 0xFF, 0x0F, 0x70, 0xE7, 0xFE, 0x7F, 0xE7, 0xFE,
    0xF9, 0xFE, 0x07, 0xE0, 0x7E, 0x07, 0xF0, 0xFF, 0xFF, 0x7F, 0xE3, 0xFC, 0x3F, 0x83, 0xFF, 0x3F,
    0xFD, 0xE1, 0xEE, 0x07, 0x70, 0x3F, 0x81, 0xFC, 0x0F, 0xF0, 0xFF, 0xFF, 0xDF, 0xFE, 0x7F, 0xFE,
    0x07, 0x70, 0x7B, 0xC7, 0xDF, 0xFC, 0x7F, 0xC1, 0xFC, 0x00, 0x77, 0xFE, 0xE0, 0x00, 0x00, 0x77,
    0xFE, 0xE0, 0x77, 0xBC, 0xE0, 0x00, 0x00, 0xF7, 0xBC, 0xEF, 0x30, 0x00, 0x00, 0x70, 0x1F, 0x07,
    0xE1, 0xFC, 0x7F, 0x0F, 0xC0, 0xFC, 0x07, 0xF0, 0x1F, 0x80, 0x7E, 0x01, 0xF0, 0x07, 0xFF, 0xFF,
    0xFF, 0xFF, 0xFF, 0xFF, 0x70, 0x07, 0xC0, 0x7F, 0x01, 0xF8, 0x07, 0xE0, 0x1F, 0x01, 0xF0, 0x7E,
    0x1F, 0x87, 0xF0, 0x7C, 0x07, 0x00, 0x3F, 0xCF, 0xFE, 0xFF, 0xEE, 0x0F, 0xE0, 0xFF, 0x0F, 0xC1,
    0xE0, 0x3E, 0x0F, 0xC0, 0xF8, 0x1E, 0x01, 0xE0, 0x1E, 0x01, 0xE0, 0x1E, 0x01, 0xE0, 0x1E, 0x01,
    0xE0, 0x03, 0xFE, 0x00, 0x7F, 0xFC, 0x07, 0xFF, 0xF0, 0x7C, 0x07, 0xC7, 0xCF, 0x9F, 0x3C, 0xFE,
    0x7B, 0xCF, 0xF9, 0xFE, 0x73, 0xCF, 0xE3, 0xFE, 0x3F, 0x1F, 0xF1, 0xF8, 0xFF, 0x8F, 0xCF, 0x9C,
    0x7E, 0x79, 0xE7, 0xFB, 0xFF, 0xFF, 0xCF, 0xFF, 0xCF, 0x3E, 0xFE, 0x78, 0x03, 0xC1, 0xE0, 0x0C,
    0x0F, 0xE3, 0xE0, 0x3F, 0xFF, 0x00, 0x7F, 0xF0, 0x00, 0xFE, 0x00, 0x07, 0xE0, 0x00, 0xFE, 0x00,
    0x1F, 0xC0, 0x00, 0xFC, 0x00, 0x3F, 0x80, 0x07, 0x70, 0x01, 0xEF, 0x00, 0x38, 0xE0, 0x0F, 0x1E,
    0x01, 0xFF, 0xC0, 0x7F, 0xFC, 0x0F, 0xFF, 0x81, 0xC0, 0x70, 0x78, 0x0F, 0x3F, 0x83, 0xFF, 0xF0,
    0x7F, 0xFE, 0x0F, 0xE0, 0xFF, 0xF1, 0xFF, 0xFB, 0xFF, 0xF1, 0xC0, 0xE3, 0x81, 0xE7, 0x03, 0x8F,
    0xFF, 0x1F, 0xFE, 0x3F, 0xFE, 0x70, 0x7C, 0xE0, 0x39, 0xC0, 0x73, 0x80, 0xE7, 0x03, 0xFF, 0xFF,
    0xFF, 0xFE, 0xFF, 0xF8, 0x0F, 0xF0, 0x1F, 0xFC, 0x3F, 0xFC, 0x7C, 0x1E, 0xF8, 0x1E, 0xF0, 0x1E,
    0xE0, 0x1E, 0xE0, 0x00, 0xE0, 0x00, 0xE0, 0x00, 0xE0, 0x00, 0xE0, 0x00, 0xF0, 0x04, 0x78, 0x0F,
    0x7C, 0x1E, 0x3F, 0xFE, 0x1F, 0xFC, 0x0F, 0xF8, 0xFF, 0xF8, 0x7F, 0xFE, 0x3F, 0xFF, 0x87, 0x03,
    0xE3, 0x80, 0xF9, 0xC0, 0x3C, 0xE0, 0x0E, 0x70, 0x07, 0x38, 0x03, 0x9C, 0x01, 0xCE, 0x00, 0xE7,
    0x00, 0xF3, 0x80, 0x79, 0xC0, 0xFB, 0xFF, 0xF9, 0xFF, 0xF8, 0xFF, 0xF8, 0x00, 0xFF, 0xFF, 0xFF,
    0xFF, 0xFF, 0xCE, 0x07, 0x38, 0x1C, 0xE0, 0x03, 0xFF, 0x8F, 0xFE, 0x3F, 0xF8, 0xE0, 0x03, 0x80,
    0x0E, 0x00, 0x38, 0x1C, 0xE0, 0x7F, 0xFF, 0xFF, 0xFF, 0xFF, 0xFC, 0xFF, 0xFF, 0xFF, 0xFF, 0xFF,
    0xF9, 0xC0, 0x73, 0x80, 0xE7, 0x00, 0x0F, 0xFE, 0x1F, 0xFC, 0x3F, 0xF8, 0x70, 0x00, 0xE0, 0x01,
    0xC0, 0x03, 0x80, 0x07, 0x00, 0x3F, 0x80, 0x7F, 0x00, 0xFE, 0x00, 0x0F, 0xF0, 0x3F, 0xF0, 0xFF,
    0xF3, 0xE0, 0xEF, 0x81, 0xFE, 0x03, 0xF8, 0x07, 0x70, 0x00, 0xE0, 0xFF, 0xC1, 0xFF, 0x83, 0xFF,
    0x00, 0x7F, 0x00, 0xFF, 0x01, 0xDF, 0x07, 0x9F, 0xFF, 0x1F, 0xFC, 0x1F, 0xE0, 0xFE, 0x1F, 0xFF,
    0x87, 0xFF, 0xE1, 0xFC, 0xE0, 0x1C, 0x38, 0x07, 0x0E, 0x01, 0xC3, 0xFF, 0xF0, 0xFF, 0xFC, 0x3F,
    0xFF, 0x0E, 0x01, 0xC3, 0x80, 0x70, 0xE0, 0x1C, 0x38, 0x07, 0x0E, 0x01, 0xCF, 0xE1, 0xFF, 0xF8,
    0x7F, 0xFE, 0x1F, 0xC0, 0xFF, 0xFF, 0xF9, 0xC3, 0x87, 0x0E, 0x1C, 0x38, 0x70, 0xE1, 0xC3, 0x87,
    0x3F, 0xFF, 0xFE, 0x3F, 0xF3, 0xFF, 0x3F, 0xF0, 0x07, 0x00, 0x70, 0x07, 0x00, 0x70, 0x07, 0x00,
    0x70, 0x07, 0xE0, 0x7E, 0x07, 0xE0, 0x7E, 0x07, 0xF0, 0xFF, 0xFE, 0x7F, 0xE3, 0xFC, 0xFE, 0x7F,
    0x7F, 0x3F, 0xBF, 0x9F, 0xC7, 0x0F, 0x03, 0x9F, 0x01, 0xDF, 0x80, 0xFF, 0x80, 0x7F, 0xC0, 0x3F,
    0xF0, 0x1F, 0xF8, 0x0F, 0x3E, 0x07, 0x0F, 0x03, 0x87, 0x81, 0xC1, 0xFF, 0xF8, 0xFF, 0xFC, 0x7F,
    0xFE, 0x1F, 0x00, 0xFE, 0x01, 0xFC, 0x03, 0xF8, 0x01, 0xC0, 0x03, 0x80, 0x07, 0x00, 0x0E, 0x00,
    0x1C, 0x00, 0x38, 0x00, 0x70, 0x00, 0xE0, 0x01, 0xC0, 0x03, 0x80, 0xE7, 0x01, 0xFF, 0xFF, 0xFF,
    0xFF, 0xFF, 0xFE, 0xFC, 0x00, 0xFF, 0xE0, 0x0F, 0xFF, 0x80, 0xFE, 0x7E, 0x07, 0xC3, 0xF0, 0x7E,
    0x1F, 0xC7, 0xF0, 0xEF, 0x7F, 0x87, 0x7F, 0xDC, 0x39, 0xFC, 0xE1, 0xC7, 0xC7, 0x0E, 0x1E, 0x38,
    0x70, 0xE1, 0xC3, 0x80, 0x0E, 0x1C, 0x00, 0x73, 0xF8, 0x0F, 0xFF, 0xC0, 0x7F, 0xFE, 0x03, 0xF8,
    0xFC, 0x1F, 0xFF, 0x07, 0xFF, 0xE1, 0xFC, 0xFC, 0x1C, 0x3F, 0x07, 0x0F, 0xE1, 0xC3, 0xBC, 0x70,
    0xEF, 0x9C, 0x39, 0xE7, 0x0E, 0x3D, 0xC3, 0x8F, 0xF0, 0xE1, 0xFC, 0x38, 0x3F, 0x0E, 0x07, 0xCF,
    0xE1, 0xF3, 0xF8, 0x3C, 0xFE, 0x07, 0x00, 0x0F, 0xF8, 0x0F, 0xFE, 0x0F, 0xFF, 0x8F, 0x83, 0xEF,
    0x80, 0xFF, 0x80, 0x3F, 0x80, 0x0F, 0xC0, 0x07, 0xE0, 0x03, 0xF0, 0x01, 0xF8, 0x00, 0xFC, 0x00,
    0x7F, 0x00, 0x7B, 0xC0, 0x7D, 0xF0, 0x7C, 0x7F, 0xFC, 0x1F, 0xFC, 0x07, 0xFC, 0x00, 0xFF, 0xF8,
    0xFF, 0xFE, 0xFF, 0xFF, 0x38, 0x0F, 0x38, 0x07, 0x38, 0x07, 0x38, 0x0F, 0x3F, 0xFE, 0x3F, 0xFE,
    0x3F, 0xF8, 0x38, 0x00, 0x38, 0x00, 0x38, 0x00, 0x38, 0x00, 0xFE, 0x00, 0xFE, 0x00, 0xFE, 0x00,
    0x0F, 0xF8, 0x01, 0xFF, 0xC0, 0x3F, 0xFE, 0x07, 0xC1, 0xF0, 0xF8, 0x0F, 0x8F, 0x00, 0x78, 0xE0,
    0x03, 0x8E, 0x00, 0x38, 0xE0, 0x03, 0x8E, 0x00, 0x38, 0xE0, 0x63, 0x8E, 0x07, 0x38, 0xF0, 0xFF,
    0x87, 0x87, 0xF8, 0x7C, 0x3F, 0x03, 0xFF, 0xE0, 0x1F, 0xFE, 0x00, 0xFF, 0xF7, 0x00, 0x0F, 0xF0,
    0x00, 0x7F, 0x00, 0x03, 0xE0, 0x00, 0x1C, 0xFF, 0xF8, 0x7F, 0xFF, 0x3F, 0xFF, 0x87, 0x03, 0xE3,
    0x80, 0xF1, 0xC0, 0x78, 0xE0, 0x3C, 0x70, 0x7E, 0x3F, 0xFE, 0x1F, 0xFE, 0x0F, 0xFC, 0x07, 0x1E,
    0x03, 0x8F, 0x01, 0xC3, 0xC0, 0xE1, 0xEF, 0xFC, 0x7F, 0xFE, 0x3F, 0xFF, 0x0F, 0x80, 0x1F, 0xE0,
    0xFF, 0xC7, 0xFF, 0x9E, 0x0E, 0x70, 0x39, 0xC0, 0xE7, 0x80, 0x1F, 0xC0, 0x3F, 0xF0, 0x7F, 0xE0,
    0x3F, 0xC0, 0x1F, 0x70, 0x1D, 0xC0, 0x77, 0x03, 0xDF, 0xFF, 0x7F, 0xF8, 0x7F, 0xC0, 0xFF, 0xFF,
    0xFF, 0xFF, 0xFF, 0xFF, 0xE3, 0x87, 0xE3, 0x87, 0x03, 0x80, 0x03, 0x80, 0x03, 0x80, 0x03, 0x80,
    0x03, 0x80, 0x03, 0x80, 0x03, 0x80, 0x03, 0x80, 0x03, 0x80, 0x0F, 0xE0, 0x0F, 0xE0, 0x0F, 0xE0,
    0xFE, 0x0F, 0xFF, 0xC1, 0xFF, 0xF8, 0x3F, 0x9C, 0x01, 0xC3, 0x80, 0x38, 0x70, 0x07, 0x0E, 0x00,
    0xE1, 0xC0, 0x1C, 0x38, 0x03, 0x87, 0x00, 0x70, 0xE0, 0x0E, 0x1E, 0x01, 0xC3, 0xC0, 0x78, 0x7C,
    0x0F, 0x07, 0xC7, 0xC0, 0xFF, 0xF8, 0x0F, 0xFE, 0x00, 0x7F, 0x00, 0xFE, 0x0F, 0xFF, 0xC1, 0xFF,
    0xF8, 0x3F, 0x9E, 0x03, 0xC3, 0xC0, 0x70, 0x3C, 0x1E, 0x07, 0x83, 0xC0, 0x78, 0xF0, 0x0F, 0x1E,
    0x00, 0xE3, 0x80, 0x1E, 0xF0, 0x01, 0xDC, 0x00, 0x3F, 0x80, 0x07, 0xF0, 0x00, 0x7C, 0x00, 0x0F,
    0x80, 0x00, 0xE0, 0x00, 0xFE, 0x0F, 0x07, 0xFF, 0xE0, 0xF0, 0x7F, 0xFE, 0x0F, 0x07, 0xF3, 0xC1,
    0xF8, 0x3C, 0x3C, 0x1F, 0x83, 0xC1, 0xC1, 0xF8, 0x38, 0x1E, 0x3F, 0xC7, 0x80, 0xE3, 0xDC, 0x78,
    0x0F, 0x39, 0xCF, 0x00, 0xF7, 0x9E, 0xF0, 0x07, 0x79, 0xEE, 0x00, 0x7F, 0x0F, 0xE0, 0x07, 0xF0,
    0xFE, 0x00, 0x3F, 0x0F, 0xC0, 0x03, 0xE0, 0x7C, 0x00, 0x1E, 0x07, 0x80, 0x01, 0xE0, 0x78, 0x00,
    0xFC, 0x1F, 0xFE, 0x0F, 0xFF, 0x07, 0xE3, 0xC7, 0x81, 0xF7, 0xC0, 0x7F, 0xC0, 0x1F, 0xC0, 0x07,
    0xC0, 0x03, 0xE0, 0x03, 0xF8, 0x03, 0xFE, 0x01, 0xEF, 0x01, 0xE3, 0xC1, 0xF1, 0xF3, 0xF0, 0x7F,
    0xF8, 0x3F, 0xFC, 0x1F, 0x80, 0xFE, 0x7F, 0xFE, 0x7F, 0xFE, 0x7F, 0x3C, 0x3C, 0x1E, 0x38, 0x0E,
    0x78, 0x0F, 0xF0, 0x07, 0xF0, 0x03, 0xE0, 0x03, 0xE0, 0x01, 0xC0, 0x01, 0xC0, 0x01, 0xC0, 0x01,
    0xC0, 0x07, 0xF0, 0x07, 0xF0, 0x07, 0xF0, 0xFF, 0xFF, 0xFF, 0xFF, 0xFF, 0xF8, 0x1E, 0xE0, 0xF0,
    0x07, 0xC0, 0x3E, 0x01, 0xF0, 0x07, 0x80, 0x3C, 0x01, 0xE0, 0x0F, 0x80, 0x7C, 0x1D, 0xE0, 0x7F,
    0xFF, 0xFF, 0xFF, 0xFF, 0xFC, 0xFD, 0xFB, 0x87, 0x0E, 0x1C, 0x38, 0x70, 0xE1, 0xC3, 0x87, 0x0E,
    0x1C, 0x38, 0x70, 0xE1, 0xC3, 0x87, 0x0E, 0x1F, 0xBF, 0x00, 0x00, 0x70, 0x38, 0x1C, 0x0E, 0x03,
    0x81, 0xC0, 0xE0, 0x38, 0x1C, 0x0E, 0x03, 0x81, 0xC0, 0xE0, 0x38, 0x1C, 0x0E, 0x07, 0x81, 0xC0,
    0xE0, 0x70, 0x1C, 0x0E, 0x00, 0xFF, 0xFC, 0x38, 0x70, 0xE1, 0xC3, 0x87, 0x0E, 0x1C, 0x38, 0x70,
    0xE1, 0xC3, 0x87, 0x0E, 0x1C, 0x38, 0x70, 0xFF, 0xFF, 0x80, 0x07, 0x00, 0xF0, 0x0F, 0x81, 0xFC,
    0x3D, 0xC3, 0x9E, 0x78, 0xE7, 0x07, 0x60, 0x70, 0xFF, 0xFF, 0xFF, 0xFC, 0xF1, 0xE7, 0x9E, 0x38,
    0xE0, 0x3F, 0x07, 0xF8, 0x7F, 0xC7, 0x3C, 0x7F, 0xC7, 0xFC, 0xFF, 0xCF, 0x3C, 0xE3, 0xCF, 0xFE,
    0xFF, 0xF7, 0xFE, 0xF0, 0x07, 0xC0, 0x3E, 0x00, 0x70, 0x03, 0x80, 0x1C, 0x00, 0xE0, 0x07, 0x00,
    0x3F, 0xC1, 0xFF, 0x8F, 0xFC, 0x70, 0xF3, 0x87, 0x9C, 0x1C, 0xE1, 0xE7, 0x8F, 0x3F, 0xF1, 0xFF,
    0x8F, 0xF8, 0x3F, 0x8F, 0xFB, 0xFF, 0x78, 0xEE, 0x1D, 0xC0, 0x38, 0x07, 0x04, 0xF1, 0xFF, 0xF9,
    0xFF, 0x1F, 0xC0, 0x03, 0xC0, 0x1F, 0x00, 0xF8, 0x01, 0xC0, 0x0E, 0x00, 0x70, 0x03, 0x80, 0x1C,
    0x3F, 0xE3, 0xFF, 0x3F, 0xF9, 0xE3, 0xCE, 0x0E, 0x70, 0x73, 0x83, 0x9C, 0x1C, 0xF1, 0xE7, 0xFF,
    0xDF, 0xFE, 0x7F, 0xF0, 0x00, 0x00, 0x3F, 0x0F, 0xF1, 0xFF, 0x7D, 0xEF, 0x1D, 0xFF, 0xBF, 0xF7,
    0xFE, 0xF1, 0xDF, 0xF9, 0xFF, 0x1F, 0xC0, 0x0F, 0x87, 0xE1, 0xFC, 0x7E, 0x1D, 0x87, 0x07, 0xF1,
    0xFC, 0x7F, 0x07, 0x01, 0xC0, 0x70, 0x1C, 0x07, 0x01, 0xC0, 0x70, 0x7C, 0x1F, 0x07, 0xC0, 0xE0,
    0x1F, 0xF9, 0xFF, 0xDF, 0xFE, 0xE3, 0x87, 0x1C, 0x38, 0xE1, 0xFF, 0x0F, 0xF0, 0xFF, 0x07, 0x80,
    0x3F, 0xF8, 0xFF, 0xEF, 0xFF, 0xF0, 0x3F, 0x81, 0xFF, 0xFF, 0xFF, 0xF1, 0xFE, 0x00, 0xF0, 0x03,
    0xE0, 0x0F, 0x80, 0x0E, 0x00, 0x38, 0x00, 0xE0, 0x03, 0x80, 0x0E, 0x00, 0x3F, 0xC0, 0xFF, 0x83,
    0xFF, 0x0E, 0x3C, 0x38, 0x70, 0xE1, 0xC3, 0x87, 0x0E, 0x1C, 0xFC, 0x7B, 0xF1, 0xFF, 0xC7, 0xC0,
    0x04, 0x78, 0xF1, 0xE0, 0x0F, 0x1F, 0x3E, 0x1C, 0x38, 0x70, 0xE1, 0xC3, 0xC7, 0xCF, 0x8E, 0x3C,
    0xF3, 0xC0, 0x7D, 0xF7, 0xC7, 0x1C, 0x71, 0xC7, 0x1C, 0x71, 0xC7, 0x1C, 0x7F, 0xFF, 0xF8, 0xF0,
    0x07, 0xC0, 0x3E, 0x00, 0x70, 0x03, 0x80, 0x1C, 0x00, 0xE0, 0x07, 0x00, 0x3F, 0xE1, 0xFF, 0x0F,
    0xF8, 0x7F, 0x03, 0xF0, 0x1F, 0xC0, 0xFE, 0x07, 0x7E, 0xFD, 0xFF, 0xEF, 0xFF, 0x3C, 0xF1, 0xF3,
    0xE1, 0xC3, 0x87, 0x0E, 0x1C, 0x38, 0x70, 0xE1, 0xC3, 0x87, 0x0E, 0x1C, 0x3C, 0x7C, 0xF8, 0xE0,
    0xFF, 0xFF, 0x1F, 0xFF, 0xF3, 0xFF, 0xFE, 0x1C, 0x71, 0xC3, 0x8E, 0x38, 0x71, 0xC7, 0x0E, 0x38,
    0xE1, 0xC7, 0x1C, 0xFC, 0xFB, 0xFF, 0x9F, 0x7F, 0xF3, 0xEF, 0x80, 0x00, 0x40, 0xFF, 0xC3, 0xFF,
    0x8F, 0xFF, 0x0E, 0x3C, 0x38, 0x70, 0xE1, 0xC3, 0x87, 0x0E, 0x1C, 0xFC, 0x7B, 0xF1, 0xFF, 0xC7,
    0xC0, 0x04, 0x3F, 0x8F, 0xFB, 0xFF, 0xF8, 0xFE, 0x0F, 0xC1, 0xF8, 0x3F, 0x07, 0xF1, 0xFF, 0xFD,
    0xFF, 0x1F, 0xC0, 0xFF, 0xCF, 0xFE, 0xFF, 0xF3, 0xCF, 0x38, 0x73, 0x87, 0x38, 0x73, 0x87, 0x38,
    0xF3, 0xFF, 0x3F, 0xE3, 0xFC, 0x38, 0x03, 0x80, 0xFC, 0x0F, 0xC0, 0xFC, 0x00, 0x3F, 0xE7, 0xFE,
    0xFF, 0xEF, 0x1E, 0xE0, 0xEE, 0x0E, 0xE0, 0xEE, 0x0E, 0xF1, 0xEF, 0xFE, 0x7F, 0xE3, 0xFE, 0x00,
    0xE0, 0x0E, 0x03, 0xF0, 0x3F, 0x03, 0xF0, 0xFF, 0xDF, 0xFF, 0xFF, 0x9C, 0xF3, 0x9C, 0x70, 0x0E,
    0x01, 0xC0, 0xFE, 0x1F, 0xC3, 0xF8, 0x00, 0x3F, 0x9F, 0xF7, 0xFD, 0xCF, 0x7C, 0x9F, 0xE3, 0xFD,
    0x3F, 0x71, 0xDF, 0xF7, 0xFC, 0xFE, 0x00, 0x0E, 0x03, 0x80, 0xE0, 0x38, 0x3F, 0x8F, 0xE3, 0xF8,
    0x38, 0x0E, 0x03, 0x80, 0xEE, 0x3B, 0xCE, 0xF3, 0xFC, 0xFE, 0x1F, 0x00, 0xF9, 0xF3, 0xE7, 0xCF,
    0x9F, 0x0E, 0x1C, 0x38, 0x70, 0xE1, 0xC3, 0x87, 0x0E, 0x1C, 0x38, 0xF0, 0xFF, 0xF3, 0xFF, 0xC7,
    0xFF, 0xFC, 0xFF, 0xF3, 0xFF, 0xCF, 0xCF, 0x3C, 0x3C, 0xF0, 0x7F, 0x81, 0xFE, 0x03, 0xF0, 0x0F,
    0xC0, 0x1E, 0x00, 0x78, 0x00, 0xFC, 0xF9, 0xFF, 0xE7, 0xCF, 0xFF, 0x3E, 0x7E, 0x73, 0xF9, 0xC3,
    0xDF, 0xDE, 0x0E, 0xFE, 0xE0, 0x7F, 0x7F, 0x03, 0xFB, 0xF8, 0x0F, 0x9F, 0x80, 0x7C, 0x7C, 0x01,
    0xE3, 0xC0, 0xF8, 0xFF, 0xCF, 0xFF, 0x7E, 0x7F, 0x81, 0xF8, 0x07, 0xC0, 0x7E, 0x07, 0xF8, 0xFD,
    0xFF, 0xCF, 0xFE, 0x3E, 0xF8, 0xFF, 0xE3, 0xFF, 0xCF, 0xCF, 0x1E, 0x1E, 0xF0, 0x7B, 0xC0, 0xEE,
    0x03, 0xF8, 0x0F, 0xE0, 0x1F, 0x00, 0x7C, 0x00, 0xE0, 0x07, 0x81, 0xDE, 0x07, 0xF0, 0x1F, 0x80,
    0x3E, 0x00, 0xFF, 0xFF, 0xFF, 0xFF, 0xBE, 0xFF, 0x0F, 0x87, 0xDD, 0xE7, 0xFF, 0xFF, 0xFF, 0xFC,
    0x0F, 0x1F, 0x1C, 0x1C, 0x1C, 0x1C, 0x1C, 0x1C, 0x1C, 0x1C, 0x7C, 0x78, 0x7C, 0x1C, 0x1C, 0x1C,
    0x1C, 0x1C, 0x1C, 0x1C, 0x1C, 0x1F, 0x0F, 0xFF, 0xFF, 0xFF, 0xFF, 0xFF, 0xFF, 0xFF, 0xFF, 0xFF,
    0xE0, 0x78, 0x7C, 0x3C, 0x1C, 0x1C, 0x1C, 0x3C, 0x3C, 0x3C, 0x3C, 0x1F, 0x1F, 0x1F, 0x3C, 0x3C,
    0x3C, 0x3C, 0x1C, 0x1C, 0x1C, 0x3C, 0x7C, 0x78, 0x10, 0xFF, 0xFF, 0xF9, 0xE0, 0x77, 0xBC, 0xE7,
    0x39, 0xCE, 0x73, 0x9C, 0xE7, 0x39, 0xCE, 0x70, 0x0E, 0x01, 0xC0, 0xFE, 0x3F, 0xEF, 0xFF, 0xFF,
    0xFB, 0xF7, 0x70, 0xEE, 0x1F, 0xDF, 0xFF, 0xBF, 0xE3, 0xFC, 0x1E, 0x03, 0x80, 0x0F, 0x83, 0xF8,
    0x7F, 0x0F, 0xE1, 0xD8, 0x38, 0x1F, 0xC3, 0xF8, 0x7F, 0x03, 0x80, 0x70, 0x0E, 0x01, 0xC0, 0x38,
    0x3F, 0xFF, 0xFF, 0xFF, 0xEF, 0x81, 0xF0, 0x08, 0x00, 0x00, 0x4C, 0x1D, 0xFF, 0x9F, 0xE3, 0xFC,
    0x63, 0x8E, 0x71, 0xFE, 0x7F, 0xDF, 0xFD, 0x83, 0x80, 0x00, 0xFE, 0x7F, 0xFE, 0x7F, 0xFE, 0x7F,
    0x3C, 0x3E, 0x1E, 0x3C, 0x0E, 0x78, 0x0F, 0xF8, 0x07, 0xF0, 0x3F, 0xFE, 0x3F, 0xFE, 0x3F, 0xFE,
    0x3F, 0xFE, 0x3F, 0xFE, 0x01, 0xC0, 0x07, 0xF0, 0x07, 0xF0, 0x07, 0xF0, 0xFF, 0xFF, 0xF8, 0x03,
    0xFF, 0xFF, 0xE0, 0x7E, 0x7F, 0xB9, 0xDC, 0x6E, 0x37, 0xF3, 0xFD, 0xFF, 0xE3, 0xFF, 0xFF, 0xCF,
    0xFC, 0x3F, 0x1F, 0xFC, 0xFE, 0xFB, 0xEF, 0x80, 0x07, 0xF8, 0x07, 0xFF, 0x83, 0xE1, 0xF1, 0xE0,
    0x1E, 0x73, 0xF3, 0xB9, 0xFE, 0x7E, 0xF3, 0x9F, 0x3D, 0xE3, 0xCE, 0x30, 0xF3, 0x80, 0x3C, 0xF1,
    0xDF, 0xBC, 0x77, 0xE7, 0xF9, 0xDC, 0xFC, 0xE3, 0x80, 0x70, 0xF8, 0x7C, 0x0F, 0xFC, 0x01, 0xFE,
    0x00, 0x78, 0x7E, 0x3F, 0x1F, 0x8F, 0xC7, 0xF3, 0xFE, 0xFF, 0x09, 0x1B, 0x3F, 0x7F, 0xFF, 0x7F,
    0x3F, 0x1B, 0x19, 0x00, 0xFF, 0xFF, 0xFF, 0xFC, 0x07, 0x01, 0xC0, 0x70, 0xFF, 0xFF, 0xFF, 0x07,
    0xF0, 0x07, 0xFF, 0x03, 0xFF, 0xE1, 0xF0, 0x7C, 0x7F, 0xF7, 0xBF, 0xFE, 0xEE, 0x63, 0xBB, 0x98,
    0xEF, 0xE7, 0xF9, 0xF9, 0xFC, 0x7E, 0x6E, 0x3F, 0x99, 0xFE, 0xFF, 0x7F, 0x9F, 0xCF, 0xE7, 0xC0,
    0xF0, 0xFF, 0xF8, 0x1F, 0xFC, 0x01, 0xFE, 0x00, 0x00, 0x00, 0xFF, 0xFE, 0x27, 0xBF, 0xF7, 0x00,
    0x38, 0x70, 0xE7, 0xFF, 0xFF, 0xCE, 0x1C, 0x39, 0xFF, 0xFF, 0xF0, 0x7E, 0x3F, 0xB9, 0xCC, 0xE0,
    0x70, 0xF8, 0xF8, 0xF6, 0xE3, 0x7F, 0xBF, 0xC0, 0x7F, 0x3F, 0x83, 0xC3, 0xC3, 0xF1, 0xF8, 0x0E,
    0x87, 0xE7, 0xBF, 0x9F, 0x80, 0x3B, 0x9C, 0x39, 0xF1, 0xCF, 0xBE, 0x7D, 0xF0, 0xEF, 0x87, 0x7C,
    0x3B, 0xE1, 0xDF, 0x0E, 0xF8, 0xF7, 0xFF, 0xFF, 0xFF, 0xFF, 0xFE, 0x00, 0x70, 0x03, 0x80, 0x1C,
    0x00, 0xE0, 0x00, 0x3F, 0xF7, 0xFF, 0xFF, 0xFF, 0xFF, 0xFF, 0xFF, 0xFF, 0xFF, 0xF7, 0xFF, 0x3F,
    0xF0, 0xDF, 0x01, 0xF0, 0x1F, 0x01, 0xF0, 0x1F, 0x01, 0xF0, 0x1F, 0x01, 0xF0, 0x1F, 0x01, 0xF0,
    0x77, 0xFE, 0xE0, 0x7B, 0xB8, 0xE7, 0x18, 0xC6, 0x31, 0x8C, 0x67, 0xFE, 0x38, 0x7F, 0x3F, 0x98,
    0xCC, 0x67, 0xF3, 0xFF, 0xFF, 0x90, 0xD8, 0xFC, 0xFE, 0xFF, 0xFE, 0xFC, 0xD8, 0x98, 0x00, 0xE0,
    0x01, 0xC0, 0x01, 0x80, 0x03, 0x00, 0x06, 0x00, 0x0C, 0x00, 0x18, 0x00, 0x30, 0xC0, 0x61, 0xC0,
    0xC7, 0x3F, 0xEE, 0x7F, 0xF9, 0xF0, 0x77, 0xE1, 0xDF, 0xC3, 0xFB, 0x8F, 0xFF, 0x1D, 0xFE, 0x78,
    0x1C, 0xE0, 0xF9, 0xC1, 0xF0, 0xE0, 0x01, 0xC0, 0x01, 0x80, 0x03, 0x00, 0x06, 0x00, 0x0C, 0x00,
    0x18, 0x00, 0x30, 0xE0, 0x61, 0xC0, 0xC7, 0xFB, 0xEF, 0xFF, 0xFF, 0x70, 0x7E, 0x61, 0xE1, 0xC3,
    0x8F, 0x8F, 0x3E, 0x1C, 0xF6, 0x79, 0xCC, 0xE7, 0xF9, 0xCF, 0xF0, 0x7F, 0x00, 0x7F, 0x00, 0x0F,
    0x00, 0x1E, 0x00, 0x3E, 0x00, 0x3F, 0x00, 0x3F, 0x80, 0x03, 0xC0, 0x63, 0xE6, 0xF7, 0xCE, 0x7F,
    0xDE, 0x3F, 0xBE, 0x03, 0xBE, 0x07, 0x7E, 0x07, 0xEE, 0x0E, 0xFF, 0x0E, 0xFF, 0x1C, 0x0E, 0x1C,
    0x1F, 0x18, 0x1F, 0x07, 0x00, 0xF8, 0x07, 0x80, 0x70, 0x07, 0x00, 0x70, 0x07, 0x00, 0xF0, 0x1F,
    0x03, 0xE0, 0x7C, 0x0F, 0x82, 0xE0, 0xFE, 0x0F, 0xF0, 0xFF, 0xFF, 0x7F, 0xE3, 0xFC, 0x00, 0xE0,
    0x00, 0x1C, 0x00, 0x1F, 0x80, 0x03, 0xF8, 0x00, 0x7F, 0x00, 0x03, 0xF0, 0x00, 0xFE, 0x00, 0x1D,
    0xC0, 0x07, 0xBC, 0x00, 0xE3, 0x80, 0x3C, 0x78, 0x07, 0xFF, 0x01, 0xFF, 0xF0, 0x3F, 0xFE, 0x07,
    0x01, 0xC1, 0xE0, 0x3C, 0xFE, 0x0F, 0xFF, 0xC1, 0xFF, 0xF8, 0x3F, 0x80, 0x00, 0xE0, 0x00, 0x1C,
    0x00, 0x1F, 0x80, 0x03, 0xF8, 0x00, 0x7F, 0x00, 0x03, 0xF0, 0x00, 0xFE, 0x00, 0x1D, 0xC0, 0x07,
    0xBC, 0x00, 0xE3, 0x80, 0x3C, 0x78, 0x07, 0xFF, 0x01, 0xFF, 0xF0, 0x3F, 0xFE, 0x07, 0x01, 0xC1,
    0xE0, 0x3C, 0xFE, 0x0F, 0xFF, 0xC1, 0xFF, 0xF8, 0x3F, 0x80, 0x00, 0xE0, 0x00, 0x3E, 0x00, 0x1F,
    0xC0, 0x03, 0xF8, 0x00, 0x7F, 0x00, 0x03, 0xF0, 0x00, 0xFE, 0x00, 0x1D, 0xC0, 0x07, 0xBC, 0x00,
    0xE3, 0x80, 0x3C, 0x78, 0x07, 0xFF, 0x01, 0xFF, 0xF0, 0x3F, 0xFE, 0x07, 0x01, 0xC1, 0xE0, 0x3C,
    0xFE, 0x0F, 0xFF, 0xC1, 0xFF, 0xF8, 0x3F, 0x80, 0x01, 0xF8, 0x00, 0x7F, 0x00, 0x0F, 0xE0, 0x03,
    0xF8, 0x00, 0x7F, 0x00, 0x0F, 0xE0, 0x00, 0x7E, 0x00, 0x1F, 0xC0, 0x03, 0xB8, 0x00, 0xF7, 0x80,
    0x1C, 0x70, 0x07, 0x8F, 0x00, 0xFF, 0xE0, 0x3F, 0xFE, 0x07, 0xFF, 0xC0, 0xE0, 0x38, 0x3C, 0x07,
    0x9F, 0xC1, 0xFF, 0xF8, 0x3F, 0xFF, 0x07, 0xF0, 0x01, 0xF0, 0x00, 0x3E, 0x00, 0x1F, 0xC0, 0x03,
    0xF8, 0x00, 0x7F, 0x00, 0x03, 0xF0, 0x00, 0xFE, 0x00, 0x1D, 0xC0, 0x07, 0xBC, 0x00, 0xE3, 0x80,
    0x3C, 0x78, 0x07, 0xFF, 0x01, 0xFF, 0xF0, 0x3F, 0xFE, 0x07, 0x01, 0xC1, 0xE0, 0x3C, 0xFE, 0x0F,
    0xFF, 0xC1, 0xFF, 0xF8, 0x3F, 0x80, 0x00, 0x40, 0x00, 0x1C, 0x00, 0x07, 0xC0, 0x00, 0xF8, 0x00,
    0x7E, 0x00, 0x0F, 0xE0, 0x01, 0xFC, 0x00, 0x0F, 0xC0, 0x03, 0xF8, 0x00, 0x77, 0x80, 0x1E, 0xF0,
    0x03, 0x8E, 0x00, 0xF1, 0xE0, 0x1F, 0xFC, 0x07, 0xFF, 0xC0, 0xFF, 0xF8, 0x1C, 0x07, 0x07, 0x80,
    0xF3, 0xF8, 0x3F, 0xFF, 0x07, 0xFF, 0xE0, 0xFE, 0x07, 0xF7, 0xFF, 0xF0, 0x7F, 0x7F, 0xFF, 0x07,
    0xF3, 0xFF, 0xF0, 0x1F, 0x8E, 0x07, 0x03, 0xF8, 0xE0, 0x70, 0x3B, 0xCE, 0x00, 0x07, 0xBC, 0xFF,
    0xE0, 0x71, 0xCF, 0xFE, 0x0F, 0x1E, 0xFF, 0xE0, 0xFF, 0xEE, 0x00, 0x1F, 0xFF, 0xE0, 0x01, 0xFF,
    0xFE, 0x00, 0x1C, 0x07, 0xE0, 0x73, 0xC0, 0x7E, 0x07, 0xFE, 0x0F, 0xFF, 0xFF, 0xE0, 0xFF, 0xFF,
    0xFE, 0x0F, 0xFF, 0xF0, 0x0F, 0xF0, 0x1F, 0xFC, 0x3F, 0xFC, 0x7C, 0x1E, 0xF8, 0x1E, 0xF0, 0x1E,
    0xE0, 0x1E, 0xE0, 0x00, 0xE0, 0x00, 0xE0, 0x00, 0xE0, 0x00, 0xE0, 0x00, 0xF0, 0x04, 0x78, 0x0F,
    0x7C, 0x1E, 0x3F, 0xFE, 0x1F, 0xFC, 0x0F, 0xF8, 0x03, 0x80, 0x07, 0x80, 0x07, 0x00, 0x07, 0x00,
    0x1C, 0x0F, 0xFF, 0xFF, 0xFF, 0xFF, 0xFC, 0xE0, 0x73, 0x81, 0xCE, 0x00, 0x3F, 0xF8, 0xFF, 0xE3,
    0xFF, 0x8E, 0x00, 0x38, 0x00, 0xE0, 0x03, 0x81, 0xCE, 0x07, 0xFF, 0xFF, 0xFF, 0xFF, 0xFF, 0xC0,
    0x03, 0x80, 0x1C, 0x0F, 0xFF, 0xFF, 0xFF, 0xFF, 0xFC, 0xE0, 0x73, 0x81, 0xCE, 0x00, 0x3F, 0xF8,
    0xFF, 0xE3, 0xFF, 0x8E, 0x00, 0x38, 0x00, 0xE0, 0x03, 0x81, 0xCE, 0x07, 0xFF, 0xFF, 0xFF, 0xFF,
    0xFF, 0xC0, 0x07, 0x00, 0x3E, 0x0F, 0xFF, 0xFF, 0xFF, 0xFF, 0xFC, 0xE0, 0x73, 0x81, 0xCE, 0x00,
    0x3F, 0xF8, 0xFF, 0xE3, 0xFF, 0x8E, 0x00, 0x38, 0x00, 0xE0, 0x03, 0x81, 0xCE, 0x07, 0xFF, 0xFF,
    0xFF, 0xFF, 0xFF, 0xC0, 0x07, 0x80, 0x3E, 0x0F, 0xFF, 0xFF, 0xFF, 0xFF, 0xFC, 0xE0, 0x73, 0x81,
    0xCE, 0x00, 0x3F, 0xF8, 0xFF, 0xE3, 0xFF, 0x8E, 0x00, 0x38, 0x00, 0xE0, 0x03, 0x81, 0xCE, 0x07,
    0xFF, 0xFF, 0xFF, 0xFF, 0xFF, 0xC0, 0x38, 0x73, 0xFF, 0xFF, 0xE7, 0x0E, 0x1C, 0x38, 0x70, 0xE1,
    0xC3, 0x87, 0x0E, 0x1C, 0xFF, 0xFF, 0xF8, 0x1C, 0x73, 0xFF, 0xFF, 0xE7, 0x0E, 0x1C, 0x38, 0x70,
    0xE1, 0xC3, 0x87, 0x0E, 0x1C, 0xFF, 0xFF, 0xF8, 0x38, 0xFB, 0xFF, 0xFF, 0xE7, 0x0E, 0x1C, 0x38,
    0x70, 0xE1, 0xC3, 0x87, 0x0E, 0x1C, 0xFF, 0xFF, 0xF8, 0x7C, 0xFB, 0xFF, 0xFF, 0xE7, 0x0E, 0x1C,
    0x38, 0x70, 0xE1, 0xC3, 0x87, 0x0E, 0x1C, 0xFF, 0xFF, 0xF8, 0xFF, 0xFC, 0x3F, 0xFF, 0x8F, 0xFF,
    0xF0, 0x70, 0x3E, 0x1C, 0x07, 0xC7, 0x00, 0xF1, 0xC0, 0x1F, 0xF0, 0x07, 0xFC, 0x01, 0xFF, 0x00,
    0x71, 0xC0, 0x1C, 0x70, 0x0F, 0x1C, 0x03, 0xC7, 0x03, 0xEF, 0xFF, 0xF3, 0xFF, 0xF8, 0xFF, 0xFC,
    0x00, 0x03, 0xF8, 0x00, 0xFE, 0x00, 0x7F, 0x03, 0xFD, 0xFF, 0xFC, 0x1F, 0xFF, 0x87, 0xF3, 0xF0,
    0x70, 0xFC, 0x1C, 0x3F, 0x87, 0x0E, 0xF1, 0xC3, 0xBE, 0x70, 0xE7, 0x9C, 0x38, 0xF7, 0x0E, 0x3F,
    0xC3, 0x87, 0xF0, 0xE0, 0xFC, 0x38, 0x1F, 0x3F, 0x87, 0xCF, 0xE0, 0xF3, 0xF8, 0x1C, 0x03, 0xC0,
    0x00, 0xE0, 0x03, 0xFC, 0x03, 0xFF, 0x83, 0xFF, 0xE3, 0xF1, 0xFB, 0xE0, 0x3D, 0xE0, 0x0F, 0xF0,
    0x07, 0xF0, 0x01, 0xF8, 0x00, 0xFC, 0x00, 0x7E, 0x00, 0x3F, 0x00, 0x1F, 0xC0, 0x1F, 0xF0, 0x1F,
    0x7C, 0x1F, 0x1F, 0xFF, 0x07, 0xFF, 0x01, 0xFF, 0x00, 0x01, 0xE0, 0x00, 0xE0, 0x01, 0xFC, 0x03,
    0xFF, 0x83, 0xFF, 0xE3, 0xF1, 0xF9, 0xE0, 0x3D, 0xE0, 0x0F, 0xF0, 0x07, 0xF0, 0x01, 0xF8, 0x00,
    0xFC, 0x00, 0x7E, 0x00, 0x3F, 0x00, 0x1F, 0xC0, 0x1F, 0xF0, 0x1F, 0x7C, 0x1F, 0x1F, 0xFF, 0x07,
    0xFF, 0x01, 0xFF, 0x00, 0x01, 0xC0, 0x01, 0xF0, 0x01, 0xFC, 0x03, 0xFF, 0x83, 0xFF, 0xE3, 0xE0,
    0xFB, 0xE0, 0x3D, 0xE0, 0x0F, 0xE0, 0x03, 0xF0, 0x01, 0xF8, 0x00, 0xFC, 0x00, 0x7E, 0x00, 0x3F,
    0x00, 0x1F, 0xC0, 0x1E, 0xF0, 0x1F, 0x7C, 0x1F, 0x1F, 0xFF, 0x07, 0xFF, 0x01, 0xFF, 0x00, 0x07,
    0xF0, 0x03, 0xF8, 0x01, 0xFE, 0x03, 0xFF, 0x83, 0xFF, 0xE3, 0xE0, 0xF9, 0xE0, 0x3F, 0xE0, 0x0F,
    0xE0, 0x03, 0xF0, 0x01, 0xF8, 0x00, 0xFC, 0x00, 0x7E, 0x00, 0x3F, 0x00, 0x1F, 0xC0, 0x1E, 0xF0,
    0x1F, 0x7C, 0x1F, 0x1F, 0xFF, 0x07, 0xFF, 0x01, 0xFF, 0x00, 0x00, 0x00, 0x01, 0xF0, 0x01, 0xFC,
    0x03, 0xFF, 0x83, 0xFF, 0xE3, 0xF1, 0xF9, 0xE0, 0x3D, 0xE0, 0x0F, 0xF0, 0x07, 0xF0, 0x01, 0xF8,
    0x00, 0xFC, 0x00, 0x7E, 0x00, 0x3F, 0x00, 0x1F, 0xC0, 0x1F, 0xF0, 0x1F, 0x7C, 0x1F, 0x1F, 0xFF,
    0x07, 0xFF, 0x01, 0xFF, 0x00, 0x66, 0xFF, 0xFF, 0x7E, 0x7E, 0xFF, 0xFF, 0x66, 0x00, 0x00, 0x00,
    0x00, 0x01, 0x83, 0xFF, 0xE3, 0xFF, 0xF3, 0xFF, 0xF3, 0xE0, 0xFB, 0xE0, 0xFF, 0xE0, 0xFF, 0xE0,
    0xFB, 0xF0, 0xF9, 0xF8, 0x78, 0xFC, 0x78, 0x7E, 0x78, 0x3F, 0x7C, 0x1F, 0xFC, 0x1E, 0xFC, 0x1F,
    0x7C, 0x1F, 0x3F, 0xFF, 0x3F, 0xFF, 0x1F, 0xFF, 0x06, 0x00, 0x00, 0x00, 0x00, 0x01, 0xE0, 0x00,
    0x1C, 0x03, 0xFB, 0xFF, 0xFF, 0x07, 0xFF, 0xE0, 0xFE, 0x70, 0x07, 0x0E, 0x00, 0xE1, 0xC0, 0x1C,
    0x38, 0x03, 0x87, 0x00, 0x70, 0xE0, 0x0E, 0x1C, 0x01, 0xC3, 0x80, 0x38, 0x78, 0x07, 0x0F, 0x01,
    0xE1, 0xF0, 0x3C, 0x1F, 0x1F, 0x03, 0xFF, 0xE0, 0x3F, 0xF8, 0x01, 0xFC, 0x00, 0x00, 0xF0, 0x00,
    0x1C, 0x03, 0xFF, 0x3F, 0xFF, 0x07, 0xFF, 0xE0, 0xFE, 0x70, 0x07, 0x0E, 0x00, 0xE1, 0xC0, 0x1C,
    0x38, 0x03, 0x87, 0x00, 0x70, 0xE0, 0x0E, 0x1C, 0x01, 0xC3, 0x80, 0x38, 0x78, 0x07, 0x0F, 0x01,
    0xE1, 0xF0, 0x3C, 0x1F, 0x1F, 0x03, 0xFF, 0xE0, 0x3F, 0xF8, 0x01, 0xFC, 0x00, 0x00, 0xE0, 0x00,
    0x3E, 0x03, 0xFE, 0xFF, 0xFF, 0x07, 0xFF, 0xE0, 0xFE, 0x70, 0x07, 0x0E, 0x00, 0xE1, 0xC0, 0x1C,
    0x38, 0x03, 0x87, 0x00, 0x70, 0xE0, 0x0E, 0x1C, 0x01, 0xC3, 0x80, 0x38, 0x78, 0x07, 0x0F, 0x01,
    0xE1, 0xF0, 0x3C, 0x1F, 0x1F, 0x03, 0xFF, 0xE0, 0x3F, 0xF8, 0x01, 0xFC, 0x00, 0x01, 0xB0, 0x00,
    0x3E, 0x03, 0xFF, 0xFF, 0xFF, 0x07, 0xFF, 0xE0, 0xFE, 0x70, 0x07, 0x0E, 0x00, 0xE1, 0xC0, 0x1C,
    0x38, 0x03, 0x87, 0x00, 0x70, 0xE0, 0x0E, 0x1C, 0x01, 0xC3, 0x80, 0x38, 0x78, 0x07, 0x0F, 0x01,
    0xE1, 0xF0, 0x3C, 0x1F, 0x1F, 0x03, 0xFF, 0xE0, 0x3F, 0xF8, 0x01, 0xFC, 0x00, 0x01, 0xC0, 0x01,
    0xC0, 0xFF, 0xFF, 0xFE, 0x7F, 0xFE, 0x7F, 0x3C, 0x3C, 0x1E, 0x38, 0x0E, 0x78, 0x0F, 0xF0, 0x07,
    0xF0, 0x03, 0xE0, 0x03, 0xE0, 0x01, 0xC0, 0x01, 0xC0, 0x01, 0xC0, 0x01, 0xC0, 0x07, 0xF0, 0x07,
    0xF0, 0x07, 0xF0, 0xE0, 0x0E, 0x00, 0xE0, 0x0F, 0xF8, 0xFF, 0xEF, 0x1E, 0xF0, 0xFF, 0x07, 0xF0,
    0x7F, 0x07, 0xF0, 0xFF, 0x1E, 0xFF, 0xEF, 0xF8, 0xE0, 0x0E, 0x00, 0xE0, 0x00, 0xFE, 0x3F, 0xCF,
    0xF3, 0xFE, 0xFF, 0xBF, 0xCF, 0xF3, 0xFC, 0xFF, 0xBF, 0xFF, 0x3F, 0xCF, 0xFF, 0xFF, 0xFF, 0xFB,
    0xFC, 0xEC, 0x00, 0x0E, 0x00, 0xE0, 0x3F, 0x07, 0xF8, 0x7F, 0x87, 0x3C, 0x7F, 0xC7, 0xFC, 0xFF,
    0xCF, 0x3C, 0xE3, 0xCF, 0xFE, 0xFF, 0xF7, 0xFE, 0x07, 0x00, 0xE0, 0x3E, 0x07, 0xF8, 0x7F, 0x87,
    0x3C, 0x73, 0xC7, 0xFC, 0xFF, 0xCF, 0x3C, 0xE3, 0xCF, 0xFE, 0xFF, 0xF7, 0xFE, 0x0E, 0x01, 0xF0,
    0x3F, 0x87, 0xF8, 0x7F, 0x87, 0x3C, 0x7F, 0xC7, 0xFC, 0xFF, 0xCF, 0x3C, 0xE3, 0xCF, 0xFE, 0xFF,
    0xF7, 0xFE, 0x3F, 0x83, 0xF8, 0x3F, 0x07, 0xF8, 0x7F, 0xC7, 0x3C, 0x7F, 0xC7, 0xFC, 0xFF, 0xCF,
    0x3C, 0xE3, 0xCF, 0xFE, 0xFF, 0xF7, 0xFE, 0x0B, 0x01, 0xF0, 0x3F, 0x07, 0xF8, 0x7F, 0x87, 0x3C,
    0x7F, 0xC7, 0xFC, 0xFF, 0xCF, 0x3C, 0xE3, 0xCF, 0xFE, 0xFF, 0xF7, 0xFE, 0x00, 0x00, 0xE0, 0x1F,
    0x01, 0xF0, 0x3F, 0x07, 0xF8, 0x7F, 0x87, 0x3C, 0x7F, 0xC7, 0xFC, 0xFF, 0xCF, 0x3C, 0xE3, 0xCF,
    0xFE, 0xFF, 0xF7, 0xFE, 0x7F, 0x1F, 0x87, 0xFB, 0xFC, 0xFF, 0xFF, 0xEF, 0x3F, 0x9E, 0x7F, 0xFF,
    0xE7, 0xFF, 0xFE, 0xFF, 0xFF, 0xEE, 0x3F, 0x04, 0xE7, 0xF8, 0xEF, 0xFF, 0xFE, 0xFF, 0xFF, 0xE7,
    0xDF, 0xFC, 0x3F, 0x8F, 0xFB, 0xFF, 0x78, 0xEE, 0x1D, 0xC0, 0x38, 0x07, 0x06, 0xF9, 0xEF, 0xF9,
    0xFF, 0x0F, 0x81, 0xE0, 0x38, 0x02, 0x00, 0x1C, 0x03, 0xC0, 0x78, 0x1F, 0xC7, 0xFD, 0xFF, 0xBC,
    0x77, 0xFE, 0xFF, 0xDF, 0xFB, 0xC7, 0x7F, 0xE7, 0xFC, 0x7F, 0x00, 0x0E, 0x01, 0xC0, 0x78, 0x1F,
    0xC7, 0xFD, 0xFF, 0xBC, 0x77, 0xFE, 0xFF, 0xDF, 0xFB, 0xC7, 0x7F, 0xE7, 0xFC, 0x7F, 0x00, 0x1E,
    0x03, 0xC0, 0xFC, 0x1F, 0xC7, 0xFD, 0xF7, 0xBC, 0x77, 0xFE, 0xFF, 0xDF, 0xFB, 0xC7, 0x7F, 0xE7,
    0xFC, 0x7F, 0x00, 0x1E, 0x07, 0xE0, 0xFC, 0x3F, 0xC7, 0xFD, 0xF7, 0xBC, 0x77, 0xFE, 0xFF, 0xDF,
    0xFB, 0xC7, 0x7F, 0xE7, 0xFC, 0x7F, 0x00, 0x70, 0x73, 0xE7, 0xCF, 0x87, 0x0E, 0x1C, 0x38, 0x70,
    0xE1, 0xF3, 0xE7, 0xC0, 0x38, 0x73, 0xE7, 0xCF, 0x87, 0x0E, 0x1C, 0x38, 0x70, 0xE1, 0xF3, 0xE7,
    0xC0, 0x38, 0xFB, 0xF7, 0xCF, 0x87, 0x0E, 0x1C, 0x38, 0x70, 0xE1, 0xF3, 0xE7, 0xC0, 0x68, 0xFB,
    0xF7, 0xCF, 0x87, 0x0E, 0x1C, 0x38, 0x70, 0xE1, 0xF3, 0xE7, 0xC0, 0x03, 0xC0, 0x0F, 0x80, 0x3F,
    0xC0, 0x3F, 0x00, 0xFC, 0x03, 0x80, 0x0E, 0x00, 0x38, 0x3F, 0xE1, 0xFF, 0x8F, 0xFE, 0x3C, 0x78,
    0xE0, 0xE3, 0x83, 0x8E, 0x0E, 0x38, 0x38, 0xF1, 0xE3, 0xFF, 0xC7, 0xFF, 0x8F, 0xFE, 0x00, 0x00,
    0x0E, 0xE0, 0x7F, 0x81, 0xFC, 0x3F, 0xF8, 0xFF, 0xE3, 0xFF, 0xC3, 0x87, 0x0E, 0x1C, 0x38, 0x70,
    0xE1, 0xC3, 0x87, 0x3F, 0x1E, 0xFC, 0x7F, 0xF1, 0xF0, 0x01, 0x00, 0x0E, 0x01, 0xC0, 0x7C, 0x3F,
    0xE7, 0xFD, 0xF7, 0xF8, 0x3F, 0x07, 0xE0, 0xFC, 0x1F, 0xC7, 0xFF, 0xF7, 0xFC, 0x7F, 0x00, 0x0E,
    0x01, 0xC0, 0x7C, 0x3F, 0xE7, 0xFD, 0xF7, 0xF8, 0x3F, 0x07, 0xE0, 0xFC, 0x1F, 0xC7, 0xFF, 0xF7,
    0xFC, 0x7F, 0x00, 0x0E, 0x03, 0xE0, 0xFC, 0x3F, 0xEF, 0xFD, 0xE3, 0xF8, 0x3F, 0x07, 0xE0, 0xFC,
    0x1F, 0xC7, 0xFF, 0xF7, 0xFC, 0x7F, 0x00, 0x1D, 0x87, 0xF0, 0xFE, 0x1F, 0xC7, 0xFC, 0xFF, 0xBE,
    0xFF, 0x07, 0xE0, 0xFC, 0x1F, 0x83, 0xF8, 0xFF, 0xFE, 0xFF, 0x8F, 0xE0, 0x1F, 0x03, 0xE0, 0xFE,
    0x3F, 0xEF, 0xFF, 0xE3, 0xF8, 0x3F, 0x07, 0xE0, 0xFC, 0x1F, 0xC7, 0xFF, 0xF7, 0xFC, 0x7F, 0x00,
    0x10, 0x70, 0xE7, 0xFF, 0xFF, 0xCE, 0x1C, 0x38, 0x00, 0x00, 0x03, 0x87, 0xFE, 0x7F, 0xE7, 0xFF,
    0x3D, 0xF9, 0xDF, 0xCE, 0xFE, 0x7F, 0x73, 0xF3, 0x9F, 0x3C, 0xFF, 0xE7, 0xFE, 0x7F, 0xE1, 0x80,
    0x00, 0x00, 0x07, 0x00, 0x1E, 0x0F, 0xBF, 0x3E, 0x7C, 0xF9, 0xF0, 0xE1, 0xC3, 0x87, 0x0E, 0x1C,
    0x38, 0x70, 0xE1, 0xC3, 0x8F, 0x0F, 0xFF, 0x3F, 0xFC, 0x7F, 0xF0, 0x03, 0x80, 0x1C, 0x0F, 0xFF,
    0x3E, 0x7C, 0xF9, 0xF0, 0xE1, 0xC3, 0x87, 0x0E, 0x1C, 0x38, 0x70, 0xE1, 0xC3, 0x8F, 0x0F, 0xFF,
    0x3F, 0xFC, 0x7F, 0xF0, 0x07, 0x80, 0x3F, 0x0F, 0xDF, 0x3E, 0x7C, 0xF9, 0xF0, 0xE1, 0xC3, 0x87,
    0x0E, 0x1C, 0x38, 0x70, 0xE1, 0xC3, 0x8F, 0x0F, 0xFF, 0x3F, 0xFC, 0x7F, 0xF0, 0x00, 0x00, 0x3E,
    0x00, 0xFC, 0x3F, 0xFC, 0xF9, 0xF3, 0xE7, 0xC3, 0x87, 0x0E, 0x1C, 0x38, 0x70, 0xE1, 0xC3, 0x87,
    0x0E, 0x3C, 0x3F, 0xFC, 0xFF, 0xF1, 0xFF, 0xC0, 0x03, 0x80, 0x1E, 0x0F, 0xFF, 0xFE, 0x3F, 0xFC,
    0xFC, 0xF1, 0xE1, 0xEF, 0x07, 0xBC, 0x0E, 0xE0, 0x3F, 0x80, 0xFE, 0x01, 0xF0, 0x07, 0xC0, 0x0E,
    0x00, 0x78, 0x1D, 0xE0, 0x7F, 0x01, 0xF8, 0x03, 0xE0, 0x00, 0xF0, 0x0F, 0x80, 0xF8, 0x03, 0x80,
    0x38, 0x03, 0x80, 0x38, 0x03, 0x80, 0x3F, 0xC3, 0xFE, 0x3F, 0xF3, 0x8F, 0x38, 0x73, 0x87, 0x38,
    0x73, 0xCF, 0x3F, 0xF3, 0xFE, 0x3F, 0xCE, 0x00, 0xE0, 0x0E, 0x00, 0xE0, 0x0E, 0x00, 0xE0, 0x00,
    0x00, 0x00, 0x1F, 0x00, 0xFC, 0x3F, 0xFF, 0xF8, 0xFF, 0xF3, 0xF3, 0xC7, 0x87, 0xBC, 0x1E, 0xF0,
    0x3B, 0x80, 0xFE, 0x03, 0xF8, 0x07, 0xC0, 0x1F, 0x00, 0x38, 0x01, 0xE0, 0x77, 0x81, 0xFC, 0x07,
    0xE0, 0x0F, 0x80, 0x01, 0xF0, 0x00, 0x3E, 0x00, 0x1F, 0xC0, 0x03, 0xF8, 0x00, 0x7F, 0x00, 0x07,
    0xF0, 0x00, 0xFE, 0x00, 0x1D, 0xC0, 0x07, 0xBC, 0x00, 0xE3, 0x80, 0x3C, 0x78, 0x07, 0xFF, 0x01,
    0xFF, 0xF0, 0x3F, 0xFE, 0x07, 0x01, 0xC1, 0xE0, 0x3C, 0xFE, 0x0F, 0xFF, 0xC1, 0xFF, 0xF8, 0x3F,
    0x80, 0x1F, 0x01, 0xF0, 0x3F, 0x07, 0xF8, 0x7F, 0x87, 0x3C, 0x7F, 0xC7, 0xFC, 0xFF, 0xCF, 0x3C,
    0xE3, 0xCF, 0xFE, 0xFF, 0xF7, 0xFE, 0x03, 0xB8, 0x00, 0x7F, 0x00, 0x07, 0xC0, 0x03, 0xF8, 0x00,
    0x7F, 0x00, 0x0F, 0xE0, 0x00, 0x7E, 0x00, 0x1F, 0xC0, 0x03, 0xB8, 0x00, 0xF7, 0x80, 0x1C, 0x70,
    0x07, 0x8F, 0x00, 0xFF, 0xE0, 0x3F, 0xFE, 0x07, 0xFF, 0xC0, 0xE0, 0x38, 0x3C, 0x07, 0x9F, 0xC1,
    0xFF, 0xF8, 0x3F, 0xFF, 0x07, 0xF0, 0x3B, 0x83, 0xF8, 0x1F, 0x83, 0xF0, 0x7F, 0x87, 0xF8, 0x7F,
    0xC7, 0x3C, 0x7F, 0xCF, 0xFC, 0xF3, 0xCE, 0x3C, 0xFF, 0xEF, 0xFF, 0x7F, 0xE0, 0x07, 0xE0, 0x00,
    0x7F, 0x00, 0x07, 0xF0, 0x00, 0x1F, 0x80, 0x03, 0xF8, 0x00, 0x3B, 0x80, 0x07, 0xBC, 0x00, 0x71,
    0xC0, 0x0F, 0x1E, 0x00, 0xFF, 0xE0, 0x1F, 0xFF, 0x01, 0xFF, 0xF0, 0x1C, 0x07, 0x03, 0xC0, 0x78,
    0xFE, 0x0F, 0xEF, 0xE0, 0xFE, 0xFE, 0x0F, 0xE0, 0x00, 0x0E, 0x00, 0x00, 0xE0, 0x00, 0x0E, 0x3F,
    0x07, 0xF8, 0x7F, 0xC7, 0x3C, 0x7F, 0xC7, 0xFC, 0xFF, 0xCF, 0x3C, 0xE3, 0xCF, 0xFE, 0xFF, 0xF7,
    0xFE, 0x00, 0xE0, 0x0E, 0x00, 0xE0, 0x03, 0xC0, 0x03, 0x80, 0x0F, 0xF0, 0x1F, 0xF8, 0x3F, 0xFC,
    0x7E, 0x3E, 0x78, 0x1E, 0xF0, 0x1E, 0xF0, 0x1E, 0xE0, 0x00, 0xE0, 0x00, 0xE0, 0x00, 0xE0, 0x00,
    0xE0, 0x00, 0xF0, 0x04, 0xF8, 0x0F, 0x7C, 0x1E, 0x3F, 0xFE, 0x1F, 0xFC, 0x0F, 0xF8, 0x0E, 0x01,
    0xC0, 0x7C, 0x3F, 0xE7, 0xFD, 0xF3, 0xB8, 0x77, 0x00, 0xE0, 0x1C, 0x13, 0xC7, 0xFF, 0xE7, 0xFC,
    0x7F, 0x00, 0x03, 0x80, 0x03, 0xC0, 0x07, 0xC0, 0x0F, 0xF0, 0x1F, 0xFC, 0x3F, 0xFC, 0x7C, 0x1E,
    0xF8, 0x1E, 0xF0, 0x1E, 0xE0, 0x1E, 0xE0, 0x00, 0xE0, 0x00, 0xE0, 0x00, 0xE0, 0x00, 0xE0, 0x00,
    0xF0, 0x04, 0x78, 0x0F, 0x7C, 0x1E, 0x3F, 0xFE, 0x1F, 0xFC, 0x0F, 0xF8, 0x0E, 0x03, 0xE0, 0xFE,
    0x3F, 0xE7, 0xFD, 0xE3, 0xB8, 0x77, 0x00, 0xE0, 0x1C, 0x13, 0xC7, 0xFF, 0xF7, 0xFC, 0x7F, 0x00,
    0x03, 0x80, 0x03, 0x80, 0x07, 0xF0, 0x1F, 0xF8, 0x3F, 0xFC, 0x7E, 0x3E, 0x78, 0x1E, 0xF0, 0x1E,
    0xF0, 0x1E, 0xE0, 0x00, 0xE0, 0x00, 0xE0, 0x00, 0xE0, 0x00, 0xE0, 0x00, 0xF0, 0x04, 0xF8, 0x0F,
    0x7C, 0x1E, 0x3F, 0xFE, 0x1F, 0xFC, 0x0F, 0xF8, 0x0C, 0x01, 0xC0, 0x7C, 0x3F, 0xE7, 0xFD, 0xF3,
    0xB8, 0x77, 0x00, 0xE0, 0x1C, 0x13, 0xC7, 0xFF, 0xE7, 0xFC, 0x7F, 0x00, 0x06, 0xC0, 0x07, 0xC0,
    0x03, 0x80, 0x0F, 0xF0, 0x1F, 0xFC, 0x3F, 0xFC, 0x7C, 0x1E, 0xF8, 0x1E, 0xF0, 0x1E, 0xE0, 0x1E,
    0xE0, 0x00, 0xE0, 0x00, 0xE0, 0x00, 0xE0, 0x00, 0xE0, 0x00, 0xF0, 0x04, 0x78, 0x0F, 0x7C, 0x1E,
    0x3F, 0xFE, 0x1F, 0xFC, 0x0F, 0xF8, 0x3B, 0x07, 0xE0, 0x78, 0x0F, 0x87, 0xFC, 0xFF, 0xBE, 0x77,
    0x0E, 0xE0, 0x1C, 0x03, 0x82, 0x78, 0xFF, 0xFC, 0xFF, 0x8F, 0xE0, 0x03, 0xE0, 0x01, 0xF0, 0x00,
    0x70, 0x1F, 0xFF, 0x0F, 0xFF, 0xC7, 0xFF, 0xF0, 0xE0, 0x7C, 0x70, 0x1F, 0x38, 0x07, 0x9C, 0x01,
    0xCE, 0x00, 0xE7, 0x00, 0x73, 0x80, 0x39, 0xC0, 0x1C, 0xE0, 0x1E, 0x70, 0x0F, 0x38, 0x1F, 0x7F,
    0xFF, 0x3F, 0xFF, 0x1F, 0xFF, 0x00, 0x03, 0xC0, 0x07, 0xC0, 0x0F, 0x80, 0x07, 0x70, 0x0E, 0xE0,
    0x1D, 0xC0, 0x3B, 0x80, 0x76, 0x3F, 0xEC, 0xFF, 0xC3, 0xFF, 0x87, 0x8F, 0x0E, 0x0E, 0x1C, 0x1C,
    0x38, 0x38, 0x70, 0x70, 0xF1, 0xE1, 0xFF, 0xF1, 0xFF, 0xE1, 0xFF, 0xC0, 0x00, 0x00, 0xFF, 0xFC,
    0x3F, 0xFF, 0x8F, 0xFF, 0xF0, 0x70, 0x3E, 0x1C, 0x07, 0xC7, 0x00, 0xF1, 0xC0, 0x1F, 0xF0, 0x07,
    0xFC, 0x01, 0xFF, 0x00, 0x71, 0xC0, 0x1C, 0x70, 0x0F, 0x1C, 0x03, 0xC7, 0x03, 0xEF, 0xFF, 0xF3,
    0xFF, 0xF8, 0xFF, 0xFC, 0x00, 0x03, 0xC0, 0x0F, 0x80, 0x3F, 0xC0, 0x3F, 0x00, 0xFC, 0x03, 0x80,
    0x0E, 0x00, 0x38, 0x3F, 0xE1, 0xFF, 0x8F, 0xFE, 0x3C, 0x78, 0xE0, 0xE3, 0x83, 0x8E, 0x0E, 0x38,
    0x38, 0xF1, 0xE3, 0xFF, 0xC7, 0xFF, 0x8F, 0xFE, 0x00, 0x00, 0x07, 0xC0, 0x1F, 0x0F, 0xFF, 0xFF,
    0xFF, 0xFF, 0xFC, 0xE0, 0x73, 0x81, 0xCE, 0x00, 0x3F, 0xF8, 0xFF, 0xE3, 0xFF, 0x8E, 0x00, 0x38,
    0x00, 0xE0, 0x03, 0x81, 0xCE, 0x07, 0xFF, 0xFF, 0xFF, 0xFF, 0xFF, 0xC0, 0x3E, 0x07, 0xC0, 0xF8,
    0x3F, 0x87, 0xF9, 0xEF, 0xB8, 0xF7, 0xFE, 0xFF, 0xDF, 0xFB, 0x87, 0x7F, 0xE7, 0xFC, 0x7E, 0x00,
    0x0C, 0xC0, 0x37, 0x00, 0xFC, 0x03, 0xF0, 0xFF, 0xFF, 0xFF, 0xFF, 0xFF, 0xCE, 0x07, 0x38, 0x1C,
    0xE0, 0x03, 0xFF, 0x8F, 0xFE, 0x3F, 0xF8, 0xE0, 0x03, 0x80, 0x0E, 0x00, 0x38, 0x1C, 0xE0, 0x7F,
    0xFF, 0xFF, 0xFF, 0xFF, 0xFC, 0x33, 0x87, 0x70, 0xFC, 0x1F, 0x83, 0xF8, 0xFF, 0xBF, 0xF7, 0x8E,
    0xFF, 0xDF, 0xFB, 0xFF, 0x78, 0xEF, 0xFC, 0xFF, 0x8F, 0xE0, 0x03, 0x00, 0x1C, 0x0F, 0xFF, 0xFF,
    0xFF, 0xFF, 0xFC, 0xE0, 0x73, 0x81, 0xCE, 0x00, 0x3F, 0xF8, 0xFF, 0xE3, 0xFF, 0x8E, 0x00, 0x38,
    0x00, 0xE0, 0x03, 0x81, 0xCE, 0x07, 0xFF, 0xFF, 0xFF, 0xFF, 0xFF, 0xC0, 0x0C, 0x01, 0xC0, 0x78,
    0x1F, 0xC7, 0xF9, 0xFF, 0xBC, 0x77, 0xFE, 0xFF, 0xDF, 0xFB, 0xC7, 0x7F, 0xE7, 0xFC, 0x7F, 0x00,
    0xFF, 0xFF, 0xFF, 0xFF, 0xFF, 0xCE, 0x07, 0x38, 0x1C, 0xE0, 0x03, 0xFF, 0x8F, 0xFE, 0x3F, 0xF8,
    0xE0, 0x03, 0x80, 0x0E, 0x00, 0x38, 0x1C, 0xE0, 0x7F, 0xFF, 0xFF, 0xFF, 0xFF, 0xFC, 0x00, 0x70,
    0x03, 0xC0, 0x07, 0x3F, 0x0F, 0xF1, 0xFF, 0x7D, 0xEF, 0x1D, 0xFF, 0xBF, 0xF7, 0xFE, 0xF1, 0xDF,
    0xFD, 0xFF, 0x1F, 0xE0, 0x1C, 0x03, 0x80, 0x70, 0x0F, 0xC0, 0x3E, 0x00, 0x70, 0x3F, 0xFF, 0xFF,
    0xFF, 0xFF, 0xF3, 0x81, 0xCE, 0x07, 0x38, 0x00, 0xFF, 0xE3, 0xFF, 0x8F, 0xFE, 0x38, 0x00, 0xE0,
    0x03, 0x80, 0x0E, 0x07, 0x38, 0x1F, 0xFF, 0xFF, 0xFF, 0xFF, 0xFF, 0x3F, 0x07, 0xE0, 0x78, 0x0F,
    0x87, 0xF8, 0xFF, 0xBE, 0xF7, 0x8E, 0xFF, 0xDF, 0xFB, 0xFF, 0x78, 0xEF, 0xFC, 0xFF, 0x8F, 0xE0,
    0x03, 0x80, 0x07, 0x00, 0x1F, 0x00, 0x7F, 0x81, 0xFF, 0x87, 0xFF, 0x9F, 0x07, 0x7C, 0x0F, 0xF0,
    0x1F, 0xC0, 0x3B, 0x80, 0x07, 0x07, 0xFE, 0x0F, 0xFC, 0x1F, 0xF8, 0x03, 0xF8, 0x07, 0xF8, 0x0E,
    0xF8, 0x3C, 0xFF, 0xF8, 0xFF, 0xE0, 0xFF, 0x00, 0x07, 0x00, 0x78, 0x07, 0xE0, 0x7F, 0xF7, 0xFF,
    0xBF, 0xFD, 0xC7, 0x0E, 0x38, 0x71, 0xC3, 0xFE, 0x1F, 0xE1, 0xFE, 0x0F, 0x00, 0x7F, 0xF1, 0xFF,
    0xDF, 0xFF, 0xE0, 0x7F, 0x03, 0xFF, 0xFF, 0xFF, 0xE3, 0xFC, 0x00, 0x0E, 0xE0, 0x1F, 0xC0, 0x1F,
    0x80, 0xFF, 0xC3, 0xFF, 0xCF, 0xCF, 0x9E, 0x07, 0xF8, 0x0F, 0xF0, 0x1D, 0xC0, 0x1B, 0x80, 0x07,
    0x07, 0xFE, 0x0F, 0xFC, 0x1F, 0xF8, 0x03, 0xF8, 0x07, 0xF8, 0x0E, 0xF8, 0x3C, 0xFF, 0xF8, 0xFF,
    0xE0, 0xFF, 0x00, 0x1D, 0x80, 0xFC, 0x07, 0xE0, 0x7F, 0xF7, 0xFF, 0xBF, 0xFD, 0xC7, 0x0E, 0x38,
    0x71, 0xC3, 0xFE, 0x1F, 0xE1, 0xFE, 0x0F, 0x00, 0x7F, 0xF1, 0xFF, 0xDF, 0xFF, 0xE0, 0x7F, 0x03,
    0xFF, 0xFF, 0xFF, 0xE3, 0xFC, 0x00, 0x03, 0x80, 0x07, 0x00, 0x1F, 0x80, 0xFF, 0xC3, 0xFF, 0xCF,
    0xCF, 0x9E, 0x07, 0xF8, 0x0F, 0xE0, 0x1D, 0xC0, 0x03, 0x83, 0xFF, 0x07, 0xFE, 0x0F, 0xFC, 0x01,
    0xFC, 0x03, 0xFC, 0x07, 0x7C, 0x1E, 0x7F, 0xFC, 0x7F, 0xF0, 0x7F, 0x80, 0x00, 0x00, 0x30, 0x01,
    0xC0, 0x3F, 0xF3, 0xFF, 0xBF, 0xFD, 0xC7, 0x0E, 0x38, 0x71, 0xC3, 0xFE, 0x1F, 0xE1, 0xFE, 0x0F,
    0x00, 0x7F, 0xF1, 0xFF, 0xDF, 0xFF, 0xE0, 0x7F, 0x03, 0xFF, 0xFF, 0xFF, 0xE3, 0xFC, 0x00, 0x0F,
    0xF0, 0x3F, 0xF0, 0xFF, 0xF3, 0xE0, 0xEF, 0x81, 0xFE, 0x03, 0xF8, 0x07, 0x70, 0x00, 0xE0, 0xFF,
    0xC1, 0xFF, 0x83, 0xFF, 0x00, 0x7F, 0x00, 0xFF, 0x01, 0xDF, 0x07, 0x9F, 0xFF, 0x1F, 0xFC, 0x1F,
    0xE0, 0x0E, 0x00, 0x3C, 0x00, 0x70, 0x00, 0x1F, 0xF9, 0xFF, 0xDF, 0xFE, 0xE3, 0x87, 0x1C, 0x38,
    0xE1, 0xFF, 0x0F, 0xF0, 0xFF, 0x07, 0x80, 0x3F, 0xF8, 0xFF, 0xEF, 0xFF, 0xF0, 0x3F, 0xC3, 0xFF,
    0xFE, 0x7F, 0xF1, 0xFE, 0x03, 0xC0, 0x1C, 0x00, 0x00, 0xC0, 0x00, 0x78, 0x00, 0x3F, 0x03, 0xFF,
    0xFF, 0xFE, 0x1F, 0xFF, 0x87, 0xF3, 0x80, 0x70, 0xE0, 0x1C, 0x38, 0x07, 0x0F, 0xFF, 0xC3, 0xFF,
    0xF0, 0xFF, 0xFC, 0x38, 0x07, 0x0E, 0x01, 0xC3, 0x80, 0x70, 0xE0, 0x1C, 0x38, 0x07, 0x3F, 0x87,
    0xFF, 0xE1, 0xFF, 0xF8, 0x7F, 0x07, 0x00, 0x1E, 0x00, 0xFC, 0x3F, 0x70, 0xF8, 0x03, 0xE0, 0x03,
    0x80, 0x0E, 0x00, 0x38, 0x00, 0xE0, 0x03, 0x80, 0x0F, 0xF0, 0x3F, 0xE0, 0xFF, 0xC3, 0x8F, 0x0E,
    0x1C, 0x38, 0x70, 0xE1, 0xC3, 0x87, 0x3F, 0x1E, 0xFC, 0x7F, 0xF1, 0xF0, 0x01, 0x00, 0xFE, 0x1F,
    0xFF, 0x87, 0xFF, 0xFF, 0xFF, 0xFF, 0xDC, 0xFF, 0xF7, 0x0E, 0x01, 0xC3, 0xFF, 0xF0, 0xFF, 0xFC,
    0x3F, 0xFF, 0x0E, 0x01, 0xC3, 0x80, 0x70, 0xE0, 0x1C, 0x38, 0x07, 0x0E, 0x01, 0xCF, 0xE1, 0xFF,
    0xF8, 0x7F, 0xFE, 0x1F, 0xC0, 0x78, 0x00, 0xF8, 0x01, 0xF0, 0x07, 0xE0, 0x0F, 0xC0, 0x1F, 0x80,
    0x07, 0x00, 0x0E, 0x00, 0x1F, 0xE0, 0x3F, 0xE0, 0x7F, 0xE0, 0xE3, 0xC1, 0xC3, 0x83, 0x87, 0x07,
    0x0E, 0x0E, 0x1C, 0x7E, 0x3C, 0xFC, 0x7D, 0xF8, 0xF8, 0x00, 0x40, 0x76, 0xFE, 0xFE, 0xFE, 0xFE,
    0xFE, 0xFE, 0x38, 0x38, 0x38, 0x38, 0x38, 0x38, 0x38, 0x38, 0x38, 0x38, 0x38, 0xFE, 0xFE, 0xFE,
    0x77, 0xFE, 0xFE, 0xFC, 0xF8, 0xF8, 0x38, 0x38, 0x38, 0x38, 0x38, 0x3E, 0x3E, 0x3E, 0x1C, 0x7C,
    0xFB, 0xFF, 0xFF, 0xE7, 0x0E, 0x1C, 0x38, 0x70, 0xE1, 0xC3, 0x87, 0x0E, 0x1C, 0xFF, 0xFF, 0xF8,
    0x7C, 0xFB, 0xF7, 0xCF, 0x87, 0x0E, 0x1C, 0x38, 0x70, 0xE1, 0xF3, 0xE3, 0xC0, 0xE7, 0xDF, 0xFB,
    0xEF, 0xFF, 0xFF, 0x9C, 0x38, 0x70, 0xE1, 0xC3, 0x87, 0x0E, 0x1C, 0x38, 0x73, 0xFF, 0xFF, 0xE0,
    0xEF, 0xFD, 0xF7, 0xEF, 0x9F, 0x0E, 0x1C, 0x38, 0x70, 0xE1, 0xC3, 0xE7, 0xCF, 0x80, 0xFF, 0xFF,
    0xF9, 0xC3, 0x87, 0x0E, 0x1C, 0x38, 0x70, 0xE1, 0xC3, 0x87, 0x3F, 0xFF, 0xFE, 0x70, 0xE1, 0xC0,
    0x78, 0xF1, 0xE0, 0x0F, 0x1F, 0x3E, 0x1C, 0x38, 0x70, 0xE1, 0xC3, 0x87, 0xCF, 0x9F, 0x38, 0x70,
    0xE0, 0x38, 0x73, 0xFF, 0xFF, 0xE7, 0x0E, 0x1C, 0x38, 0x70, 0xE1, 0xC3, 0x87, 0x0E, 0x1C, 0xFF,
    0xFF, 0xF8, 0xF1, 0xF3, 0xE1, 0xC3, 0x87, 0x0E, 0x1C, 0x3C, 0x7C, 0xF8, 0xE0, 0xFE, 0x7F, 0xFF,
    0xCF, 0xFF, 0xF9, 0xFF, 0x9C, 0x00, 0x73, 0x80, 0x0E, 0x70, 0x01, 0xCE, 0x00, 0x39, 0xC0, 0x07,
    0x38, 0x00, 0xE7, 0x00, 0x1C, 0xE7, 0x03, 0x9C, 0xE0, 0x73, 0x9C, 0x0E, 0x73, 0xC3, 0xFF, 0xBF,
    0xFF, 0xF7, 0xFE, 0xFE, 0x7F, 0x80, 0x78, 0xEF, 0x3D, 0xE3, 0x80, 0x0F, 0x3F, 0xF7, 0xFE, 0xF9,
    0xC7, 0x38, 0xE7, 0x1C, 0xE3, 0x9C, 0x73, 0xCE, 0x7D, 0xCF, 0xB8, 0xE7, 0x00, 0xE0, 0x1C, 0x1F,
    0x83, 0xF0, 0x7C, 0x0F, 0x01, 0xF8, 0x3F, 0xF3, 0xFF, 0x3F, 0xF0, 0x07, 0x00, 0x70, 0x07, 0x00,
    0x70, 0x07, 0x00, 0x70, 0x07, 0xE0, 0x7E, 0x07, 0xE0, 0x7E, 0x07, 0xF0, 0xFF, 0xFE, 0x7F, 0xE3,
    0xFC, 0x31, 0xEF, 0xFF, 0x7D, 0xF1, 0xC7, 0x1C, 0x71, 0xC7, 0x1C, 0x71, 0xC7, 0x1F, 0xFF, 0xFE,
    0xFE, 0x7F, 0x7F, 0x3F, 0xBF, 0x9F, 0xC7, 0x0F, 0x03, 0x9F, 0x01, 0xDF, 0x80, 0xFF, 0x80, 0x7F,
    0xC0, 0x3F, 0xF0, 0x1F, 0xF8, 0x0F, 0x3E, 0x07, 0x0F, 0x03, 0x87, 0x81, 0xC1, 0xFF, 0xF8, 0xFF,
    0xFC, 0x7F, 0xFE, 0x1F, 0x01, 0xF0, 0x00, 0xF0, 0x00, 0x78, 0x00, 0xF0, 0x07, 0xC0, 0x3E, 0x00,
    0x70, 0x03, 0x80, 0x1C, 0x00, 0xE0, 0x07, 0x00, 0x3F, 0xE1, 0xFF, 0x0F, 0xF8, 0x7F, 0x03, 0xF0,
    0x1F, 0xC0, 0xFE, 0x07, 0x78, 0x39, 0xFF, 0xEF, 0xFF, 0x7F, 0xFF, 0xE0, 0x70, 0x07, 0x00, 0x03,
    0x80, 0x07, 0x00, 0x0C, 0x07, 0xF0, 0x0F, 0xE0, 0x1F, 0xC0, 0x0E, 0x00, 0x1C, 0x00, 0x38, 0x00,
    0x70, 0x00, 0xE0, 0x01, 0xC0, 0x03, 0x80, 0x07, 0x00, 0x0E, 0x00, 0x1C, 0x07, 0x38, 0x0F, 0xFF,
    0xFF, 0xFF, 0xFF, 0xFF, 0xF0, 0x38, 0x71, 0xE7, 0xCF, 0x9F, 0x0E, 0x1C, 0x38, 0x70, 0xE1, 0xC3,
    0x87, 0x0E, 0x1C, 0x38, 0x70, 0xE1, 0xE3, 0xE7, 0xC0, 0x00, 0xFE, 0x01, 0xFC, 0x03, 0xF8, 0x01,
    0xC0, 0x03, 0x80, 0x07, 0x00, 0x0E, 0x00, 0x1C, 0x00, 0x38, 0x00, 0x70, 0x00, 0xE0, 0x01, 0xC0,
    0x03, 0x80, 0xE7, 0x01, 0xFF, 0xFF, 0xFF, 0xFF, 0xFF, 0xFE, 0x07, 0x00, 0x1C, 0x00, 0x38, 0x00,
    0xF1, 0xF3, 0xE1, 0xC3, 0x87, 0x0E, 0x1C, 0x38, 0x70, 0xE1, 0xC3, 0x87, 0x0E, 0x1C, 0x3C, 0x7C,
    0xF9, 0xE3, 0x8E, 0x00, 0x07, 0xC0, 0x0F, 0x80, 0x0E, 0x07, 0xF8, 0x0F, 0xE0, 0x1F, 0xC0, 0x0E,
    0x00, 0x1C, 0x00, 0x38, 0x00, 0x70, 0x00, 0xE0, 0x01, 0xC0, 0x03, 0x80, 0x07, 0x00, 0x0E, 0x00,
    0x1C, 0x07, 0x38, 0x0F, 0xFF, 0xFF, 0xFF, 0xFF, 0xFF, 0xF0, 0xF0, 0x7C, 0x3E, 0x07, 0x73, 0xB9,
    0xDC, 0xEE, 0x76, 0x3B, 0x1C, 0x0E, 0x07, 0x03, 0x81, 0xC0, 0xE0, 0x70, 0x3C, 0x1F, 0x0F, 0x83,
    0x80, 0xFE, 0x00, 0x3F, 0x80, 0x0F, 0xE0, 0x00, 0xE0, 0x00, 0x38, 0x00, 0x0E, 0x00, 0x03, 0x80,
    0x00, 0xE0, 0x00, 0x38, 0x03, 0x8E, 0x00, 0xF3, 0x80, 0x18, 0xE0, 0x00, 0x38, 0x0E, 0x0E, 0x03,
    0x8F, 0xFF, 0xE3, 0xFF, 0xF8, 0xFF, 0xFE, 0x00, 0xF0, 0x3E, 0x0F, 0x80, 0xE0, 0x38, 0x0E, 0x03,
    0x80, 0xE0, 0x38, 0x0E, 0x03, 0x9C, 0xEF, 0x39, 0x8E, 0x03, 0x80, 0xE0, 0x3C, 0x0F, 0x83, 0xE0,
    0x70, 0x7F, 0x00, 0x7F, 0x00, 0x7F, 0x00, 0x1C, 0x00, 0x1E, 0x00, 0x1F, 0x00, 0x1F, 0x00, 0x1F,
    0x00, 0x3E, 0x00, 0x7C, 0x00, 0xFC, 0x00, 0x7C, 0x00, 0x1C, 0x07, 0x1C, 0x07, 0x7F, 0xFF, 0x7F,
    0xFF, 0x7F, 0xFF, 0x78, 0x7C, 0x7C, 0x1C, 0x1C, 0x1C, 0x1C, 0x1E, 0x1E, 0x3C, 0x7C, 0x7C, 0xFC,
    0x7C, 0x1C, 0x1C, 0x1E, 0x1F, 0x1F, 0x0E, 0x00, 0xE0, 0x00, 0x70, 0x0F, 0xDD, 0xFF, 0xF0, 0x7F,
    0xFE, 0x1F, 0xCF, 0xC1, 0xC3, 0xF0, 0x70, 0xFE, 0x1C, 0x3B, 0xC7, 0x0E, 0xF9, 0xC3, 0x9E, 0x70,
    0xE3, 0xDC, 0x38, 0xFF, 0x0E, 0x1F, 0xC3, 0x83, 0xF0, 0xE0, 0x7C, 0xFE, 0x1F, 0x3F, 0x83, 0xCF,
    0xE0, 0x70, 0x07, 0x80, 0x1E, 0x00, 0x70, 0x3F, 0xF8, 0xFF, 0xF2, 0xF3, 0xC3, 0x87, 0x0E, 0x1C,
    0x38, 0x70, 0xE1, 0xC3, 0x87, 0x3F, 0x1E, 0xFC, 0x7F, 0xF1, 0xF0, 0x01, 0x00, 0xFC, 0x1F, 0xFF,
    0x07, 0xFF, 0xE1, 0xFC, 0xFC, 0x1C, 0x3F, 0x07, 0x0F, 0xE1, 0xC3, 0xBC, 0x70, 0xEF, 0x9C, 0x39,
    0xE7, 0x0E, 0x3D, 0xC3, 0x8F, 0xF0, 0xE1, 0xFC, 0x38, 0x3F, 0x0E, 0x07, 0xCF, 0xE1, 0xF3, 0xF8,
    0x3C, 0xFE, 0xE7, 0x00, 0x78, 0x00, 0x1C, 0x00, 0xFF, 0xC3, 0xFF, 0x8F, 0xFF, 0x0E, 0x3C, 0x38,
    0x70, 0xE1, 0xC3, 0x87, 0x0E, 0x1C, 0xFC, 0x7B, 0xF1, 0xFF, 0xC7, 0xC1, 0xEE, 0x07, 0x00, 0x1C,
    0x00, 0x03, 0xF0, 0x00, 0x78, 0x00, 0x1E, 0x03, 0xF3, 0x7F, 0xFC, 0x1F, 0xFF, 0x87, 0xF3, 0xF0,
    0x70, 0xFC, 0x1C, 0x3F, 0x87, 0x0E, 0xF1, 0xC3, 0xBE, 0x70, 0xE7, 0x9C, 0x38, 0xF7, 0x0E, 0x3F,
    0xC3, 0x87, 0xF0, 0xE0, 0xFC, 0x38, 0x1F, 0x3F, 0x87, 0xCF, 0xE0, 0xF3, 0xF8, 0x1C, 0x0F, 0xC0,
    0x3E, 0x00, 0x70, 0x3F, 0xF0, 0xFF, 0xE3, 0xFF, 0xC3, 0x87, 0x0E, 0x1C, 0x38, 0x70, 0xE1, 0xC3,
    0x87, 0x3F, 0x1E, 0xFC, 0x7F, 0xF1, 0xF0, 0x01, 0x00, 0x70, 0x00, 0x3C, 0x00, 0x0F, 0x80, 0x03,
    0xE0, 0x00, 0x70, 0x00, 0x3C, 0x00, 0x06, 0x00, 0x00, 0x00, 0x00, 0x00, 0x00, 0x00, 0x00, 0x00,
    0xFF, 0xC0, 0x3F, 0xF8, 0x0F, 0xFF, 0x00, 0xE3, 0xC0, 0x38, 0x70, 0x0E, 0x1C, 0x03, 0x87, 0x00,
    0xE1, 0xC0, 0xFC, 0x78, 0x3F, 0x1F, 0x0F, 0xC7, 0xC0, 0x00, 0x40, 0xFC, 0x1F, 0xFF, 0x07, 0xFF,
    0xE1, 0xFC, 0xFC, 0x1C, 0x3F, 0x07, 0x0F, 0xE1, 0xC3, 0xBC, 0x70, 0xEF, 0x9C, 0x39, 0xE7, 0x0E,
    0x3D, 0xC3, 0x8F, 0xF0, 0xE1, 0xFC, 0x38, 0x3F, 0x0E, 0x07, 0xCF, 0xE1, 0xF3, 0xF8, 0x3C, 0xFE,
    0x07, 0xC0, 0x00, 0x70, 0x00, 0x1C, 0x00, 0x07, 0x00, 0x01, 0xC0, 0x00, 0xF0, 0x00, 0x3C, 0x00,
    0x0F, 0xFF, 0xC3, 0xFF, 0x8F, 0xFF, 0x0E, 0x3C, 0x38, 0x70, 0xE1, 0xC3, 0x87, 0x0E, 0x1C, 0xFC,
    0x7F, 0xF1, 0xFF, 0xC7, 0xC0, 0x0F, 0x00, 0x1C, 0x00, 0x70, 0x01, 0xC0, 0x0F, 0x00, 0x3C, 0x00,
    0xF0, 0x03, 0xE0, 0x01, 0xF0, 0x03, 0xFE, 0x07, 0xFF, 0xC7, 0xE3, 0xF3, 0xC0, 0x7B, 0xC0, 0x1F,
    0xE0, 0x0F, 0xE0, 0x03, 0xF0, 0x01, 0xF8, 0x00, 0xFC, 0x00, 0x7E, 0x00, 0x3F, 0x00, 0x3F, 0xC0,
    0x1E, 0xF0, 0x1E, 0x7C, 0x1F, 0x1F, 0xFF, 0x07, 0xFF, 0x01, 0xFF, 0x00, 0x1F, 0x03, 0xE0, 0xFE,
    0x3F, 0xEF, 0xBF, 0xC1, 0xF8, 0x3F, 0x07, 0xE0, 0xFE, 0x3F, 0xFF, 0xBF, 0xE3, 0xF8, 0x07, 0x70,
    0x03, 0xF8, 0x00, 0xF8, 0x03, 0xFF, 0x83, 0xFF, 0xE3, 0xF1, 0xF9, 0xE0, 0x3D, 0xE0, 0x0F, 0xF0,
    0x07, 0xF0, 0x01, 0xF8, 0x00, 0xFC, 0x00, 0x7E, 0x00, 0x3F, 0x00, 0x1F, 0x80, 0x1F, 0xE0, 0x0F,
    0x78, 0x0F, 0x3E, 0x0F, 0x8F, 0xFF, 0x83, 0xFF, 0x80, 0xFF, 0x80, 0x3B, 0x87, 0x70, 0xFE, 0x0F,
    0x83, 0xF8, 0xFF, 0xBE, 0xFF, 0x07, 0xE0, 0xFC, 0x1F, 0x83, 0xF8, 0xFF, 0xFE, 0xFF, 0x8F, 0xE0,
    0x03, 0xF0, 0x01, 0xF0, 0x01, 0xFC, 0x03, 0xFF, 0x83, 0xFF, 0xE3, 0xF1, 0xF9, 0xE0, 0x3D, 0xE0,
    0x0F, 0xF0, 0x07, 0xF0, 0x01, 0xF8, 0x00, 0xFC, 0x00, 0x7E, 0x00, 0x3F, 0x00, 0x1F, 0xC0, 0x1F,
    0xF0, 0x1F, 0x7C, 0x1F, 0x1F, 0xFF, 0x07, 0xFF, 0x01, 0xFF, 0x00, 0x1F, 0x03, 0xE0, 0x7C, 0x1F,
    0xC7, 0xFD, 0xF7, 0xF8, 0x3F, 0x07, 0xE0, 0xFC, 0x1F, 0xC7, 0xFF, 0xF7, 0xFC, 0x7F, 0x00, 0x0F,
    0xF9, 0xFF, 0xFE, 0x3F, 0xFB, 0xFF, 0xFC, 0xFF, 0xFF, 0xFF, 0xFB, 0xE0, 0xF9, 0xC0, 0x7F, 0x80,
    0xF3, 0x80, 0xFE, 0x00, 0xF7, 0x00, 0x38, 0x00, 0xEE, 0x00, 0x70, 0x01, 0xDF, 0xFC, 0xE0, 0x03,
    0xBF, 0xF9, 0xC0, 0x07, 0x7F, 0xF3, 0x80, 0x0E, 0xE0, 0x07, 0x00, 0x1D, 0xC0, 0x0F, 0x00, 0x7B,
    0x80, 0x1F, 0x01, 0xF7, 0x01, 0xDF, 0x07, 0xCE, 0x03, 0x9F, 0xFF, 0xFF, 0xFF, 0x1F, 0xFD, 0xFF,
    0xFE, 0x1F, 0xF3, 0xFF, 0xFC, 0x3F, 0x9F, 0x87, 0xFF, 0xFC, 0xFF, 0xFF, 0xEF, 0x1F, 0x9E, 0xE1,
    0xF8, 0xEE, 0x0F, 0xFE, 0xE0, 0xFF, 0xEE, 0x1F, 0xFE, 0xF1, 0xF8, 0xEF, 0xFF, 0xFF, 0x7F, 0xFF,
    0xE3, 0xF1, 0xFC, 0x01, 0xC0, 0x00, 0xE0, 0x00, 0x70, 0x1F, 0xFF, 0x0F, 0xFF, 0xE7, 0xFF, 0xF0,
    0xE0, 0x7C, 0x70, 0x1E, 0x38, 0x0F, 0x1C, 0x07, 0x8E, 0x0F, 0xC7, 0xFF, 0xC3, 0xFF, 0xC1, 0xFF,
    0x80, 0xE3, 0xC0, 0x71, 0xE0, 0x38, 0x78, 0x1C, 0x3D, 0xFF, 0x8F, 0xFF, 0xC7, 0xFF, 0xE1, 0xF0,
    0x0E, 0x01, 0xC0, 0x38, 0x7F, 0xEF, 0xFF, 0x7B, 0xCE, 0x71, 0xC2, 0x38, 0x07, 0x00, 0xE0, 0x7F,
    0x0F, 0xE1, 0xFC, 0x00, 0xFF, 0xF8, 0x7F, 0xFF, 0x3F, 0xFF, 0x87, 0x03, 0xE3, 0x80, 0xF1, 0xC0,
    0x78, 0xE0, 0x3C, 0x70, 0x7E, 0x3F, 0xFE, 0x1F, 0xFE, 0x0F, 0xFC, 0x07, 0x1E, 0x03, 0x8F, 0x01,
    0xC3, 0xC0, 0xE1, 0xEF, 0xFC, 0x7F, 0xFE, 0x3F, 0xFF, 0xEF, 0x80, 0xF0, 0x00, 0x70, 0x00, 0xFF,
    0xDF, 0xFF, 0xFF, 0x9C, 0xF3, 0x9C, 0x70, 0x0E, 0x01, 0xC0, 0xFE, 0x1F, 0xC3, 0xF8, 0x07, 0x01,
    0xC0, 0x38, 0x00, 0x03, 0x60, 0x01, 0xF0, 0x00, 0x70, 0x1F, 0xFF, 0x0F, 0xFF, 0xE7, 0xFF, 0xF0,
    0xE0, 0x7C, 0x70, 0x1E, 0x38, 0x0F, 0x1C, 0x07, 0x8E, 0x0F, 0xC7, 0xFF, 0xC3, 0xFF, 0xC1, 0xFF,
    0x80, 0xE3, 0xC0, 0x71, 0xE0, 0x38, 0x78, 0x1C, 0x3D, 0xFF, 0x8F, 0xFF, 0xC7, 0xFF, 0xE1, 0xF0,
    0x1F, 0x03, 0xE0, 0x38, 0x7F, 0xEF, 0xFF, 0xFF, 0xCE, 0x79, 0xCE, 0x38, 0x07, 0x00, 0xE0, 0x7F,
    0x0F, 0xE1, 0xFC, 0x00, 0x03, 0x80, 0x0E, 0x01, 0xFE, 0x0F, 0xFC, 0x7F, 0xF9, 0xF1, 0xE7, 0x03,
    0x9C, 0x0E, 0x78, 0x01, 0xF8, 0x03, 0xFE, 0x07, 0xFE, 0x07, 0xFC, 0x01, 0xF7, 0x01, 0xDC, 0x07,
    0x70, 0x3D, 0xFF, 0xF7, 0xFF, 0x87, 0xFC, 0x0E, 0x03, 0x83, 0xF1, 0xFE, 0x7F, 0xDC, 0xF7, 0x9D,
    0xFC, 0x3F, 0xC3, 0xF7, 0x1D, 0xFF, 0x7F, 0xCF, 0xE0, 0x03, 0x00, 0x1E, 0x00, 0xFC, 0x07, 0xF8,
    0x3F, 0xF1, 0xFF, 0xE7, 0x83, 0x9C, 0x0E, 0x70, 0x39, 0xE0, 0x07, 0xF8, 0x0F, 0xFC, 0x1F, 0xF8,
    0x0F, 0xF0, 0x03, 0xDC, 0x07, 0x70, 0x1D, 0xC0, 0xF7, 0xFF, 0xDF, 0xFE, 0x1F, 0xF0, 0x0E, 0x07,
    0xC3, 0xF1, 0xFE, 0x7F, 0xDC, 0xF7, 0xC9, 0xFE, 0x3F, 0xD3, 0xF7, 0x1D, 0xFF, 0x7F, 0xCF, 0xE0,
    0x1F, 0xE0, 0xFF, 0xC7, 0xFF, 0x9E, 0x0E, 0x70, 0x39, 0xC0, 0xE7, 0x80, 0x1F, 0xC0, 0x3F, 0xF0,
    0x7F, 0xE0, 0x3F, 0xC0, 0x1F, 0x70, 0x1D, 0xC0, 0x77, 0x03, 0xDF, 0xFF, 0x7F, 0xF8, 0x7F, 0xC0,
    0x38, 0x00, 0xE0, 0x07, 0x00, 0x3F, 0x9F, 0xF7, 0xFD, 0xCF, 0x7C, 0x9F, 0xE3, 0xFD, 0x3F, 0x71,
    0xDF, 0xF7, 0xFC, 0xFE, 0x0E, 0x07, 0x81, 0xC0, 0x0E, 0xC0, 0x1F, 0x00, 0x78, 0x07, 0xF8, 0x3F,
    0xF9, 0xFF, 0xE7, 0x83, 0x9C, 0x0E, 0x70, 0x39, 0xE0, 0x07, 0xF8, 0x0F, 0xFC, 0x1F, 0xF8, 0x0F,
    0xF0, 0x03, 0xDC, 0x07, 0x70, 0x1D, 0xC0, 0xF7, 0xFF, 0xDF, 0xFE, 0x1F, 0xF0, 0x1B, 0x07, 0xC0,
    0xE0, 0xFE, 0x7F, 0xDF, 0xF7, 0x3D, 0xF2, 0x7F, 0x8F, 0xF4, 0xFD, 0xC7, 0x7F, 0xDF, 0xF3, 0xF8,
    0xFF, 0xFF, 0xFF, 0xFF, 0xFF, 0xFF, 0xE3, 0x87, 0xE3, 0x87, 0x03, 0x80, 0x03, 0x80, 0x03, 0x80,
    0x03, 0x80, 0x03, 0x80, 0x03, 0x80, 0x03, 0x80, 0x03, 0x80, 0x03, 0x80, 0x0F, 0xE0, 0x0F, 0xE0,
    0x0F, 0xE0, 0x00, 0x00, 0x03, 0x80, 0x03, 0x80, 0x07, 0x00, 0x07, 0x00, 0x00, 0x0E, 0x03, 0x80,
    0xE0, 0x38, 0x3F, 0x8F, 0xE3, 0xF8, 0x38, 0x0E, 0x03, 0x80, 0xEE, 0x3B, 0xCE, 0xF3, 0xFC, 0xFE,
    0x1F, 0x00, 0x00, 0xE0, 0x70, 0x1C, 0x00, 0x07, 0xC0, 0x07, 0xC0, 0x03, 0x80, 0xFF, 0xFF, 0xFF,
    0xFF, 0xFF, 0xFF, 0xE3, 0x87, 0xE3, 0x87, 0x03, 0x80, 0x03, 0x80, 0x03, 0x80, 0x03, 0x80, 0x03,
    0x80, 0x03, 0x80, 0x03, 0x80, 0x03, 0x80, 0x03, 0x80, 0x0F, 0xE0, 0x0F, 0xE0, 0x0F, 0xE0, 0x00,
    0x73, 0x87, 0x38, 0x73, 0x87, 0x38, 0x7F, 0xE7, 0xFE, 0x0F, 0xE0, 0x38, 0x03, 0x80, 0x38, 0x03,
    0xB8, 0x3B, 0xC3, 0xBC, 0x3F, 0xC3, 0xF8, 0x1F, 0x00, 0xFF, 0xFF, 0xFF, 0xFF, 0xFF, 0xFF, 0xE3,
    0x87, 0xE3, 0x87, 0x03, 0x80, 0x03, 0x80, 0x07, 0xC0, 0x07, 0xC0, 0x07, 0xC0, 0x03, 0x80, 0x03,
    0x80, 0x03, 0x80, 0x03, 0x80, 0x0F, 0xE0, 0x0F, 0xE0, 0x0F, 0xE0, 0x00, 0x0E, 0x03, 0x80, 0xE0,
    0x38, 0x3F, 0x8F, 0xE3, 0xF8, 0x38, 0x0E, 0x03, 0x83, 0xFF, 0xFF, 0xDF, 0xF3, 0xFC, 0xFF, 0x1F,
    0x80, 0x01, 0xDC, 0x00, 0x7F, 0x00, 0x0F, 0xE0, 0x7F, 0xBF, 0xFF, 0xE0, 0xFF, 0xFC, 0x1F, 0xCE,
    0x00, 0xE1, 0xC0, 0x1C, 0x38, 0x03, 0x87, 0x00, 0x70, 0xE0, 0x0E, 0x1C, 0x01, 0xC3, 0x80, 0x38,
    0x70, 0x07, 0x0F, 0x00, 0xE1, 0xE0, 0x3C, 0x3E, 0x07, 0x83, 0xE3, 0xE0, 0x7F, 0xFC, 0x07, 0xFF,
    0x00, 0x3F, 0x80, 0x06, 0xE0, 0x7F, 0x81, 0xFC, 0x3F, 0xFC, 0xF9, 0xF3, 0xE7, 0xC3, 0x87, 0x0E,
    0x1C, 0x38, 0x70, 0xE1, 0xC3, 0x87, 0x0E, 0x3C, 0x3F, 0xFC, 0xFF, 0xF1, 0xFF, 0xC0, 0x01, 0xF0,
    0x00, 0x3E, 0x03, 0xFF, 0xFF, 0xFF, 0x07, 0xFF, 0xE0, 0xFE, 0x70, 0x07, 0x0E, 0x00, 0xE1, 0xC0,
    0x1C, 0x38, 0x03, 0x87, 0x00, 0x70, 0xE0, 0x0E, 0x1C, 0x01, 0xC3, 0x80, 0x38, 0x78, 0x07, 0x0F,
    0x01, 0xE1, 0xF0, 0x3C, 0x1F, 0x1F, 0x03, 0xFF, 0xE0, 0x3F, 0xF8, 0x01, 0xFC, 0x00, 0x0F, 0x83,
    0xFF, 0xCF, 0xFF, 0x3E, 0x7C, 0x38, 0x70, 0xE1, 0xC3, 0x87, 0x0E, 0x1C, 0x38, 0x70, 0xE3, 0xC3,
    0xFF, 0xCF, 0xFF, 0x1F, 0xFC, 0x03, 0xB8, 0x00, 0x7F, 0x00, 0x0F, 0xE0, 0x7F, 0xFF, 0xFF, 0xE0,
    0xFF, 0xFC, 0x1F, 0xCE, 0x00, 0xE1, 0xC0, 0x1C, 0x38, 0x03, 0x87, 0x00, 0x70, 0xE0, 0x0E, 0x1C,
    0x01, 0xC3, 0x80, 0x38, 0x70, 0x07, 0x0F, 0x00, 0xE1, 0xE0, 0x3C, 0x3E, 0x07, 0x83, 0xE3, 0xE0,
    0x7F, 0xFC, 0x07, 0xFF, 0x00, 0x3F, 0x80, 0x0C, 0xC0, 0x77, 0x00, 0xFC, 0x3F, 0xFC, 0xFF, 0xF3,
    0xE7, 0xC3, 0x87, 0x0E, 0x1C, 0x38, 0x70, 0xE1, 0xC3, 0x87, 0x0E, 0x3C, 0x3F, 0xFC, 0xFF, 0xF1,
    0xFF, 0xC0, 0x00, 0xE0, 0x00, 0x3E, 0x00, 0x07, 0xC0, 0x00, 0xF8, 0x0F, 0xEE, 0xFF, 0xFC, 0x1F,
    0xFF, 0x83, 0xF9, 0xC0, 0x1C, 0x38, 0x03, 0x87, 0x00, 0x70, 0xE0, 0x0E, 0x1C, 0x01, 0xC3, 0x80,
    0x38, 0x70, 0x07, 0x0E, 0x00, 0xE1, 0xE0, 0x1C, 0x3C, 0x07, 0x87, 0xC0, 0xF0, 0x7C, 0x7C, 0x0F,
    0xFF, 0x80, 0xFF, 0xE0, 0x07, 0xF0, 0x00, 0x03, 0x00, 0x1E, 0x00, 0xF8, 0x01, 0xE0, 0xFF, 0xF3,
    0xE7, 0xCF, 0x9F, 0x0E, 0x1C, 0x38, 0x70, 0xE1, 0xC3, 0x87, 0x0E, 0x1C, 0x38, 0xF0, 0xFF, 0xF3,
    0xFF, 0xC7, 0xFF, 0x01, 0xF8, 0x00, 0x3E, 0x03, 0xFF, 0xFF, 0xFF, 0x07, 0xFF, 0xE0, 0xFE, 0x70,
    0x07, 0x0E, 0x00, 0xE1, 0xC0, 0x1C, 0x38, 0x03, 0x87, 0x00, 0x70, 0xE0, 0x0E, 0x1C, 0x01, 0xC3,
    0x80, 0x38, 0x78, 0x07, 0x0F, 0x01, 0xE1, 0xF0, 0x3C, 0x1F, 0x1F, 0x03, 0xFF, 0xE0, 0x3F, 0xF8,
    0x01, 0xFC, 0x00, 0x07, 0xC0, 0x3E, 0x0F, 0xFF, 0x3E, 0x7C, 0xF9, 0xF0, 0xE1, 0xC3, 0x87, 0x0E,
    0x1C, 0x38, 0x70, 0xE1, 0xC3, 0x8F, 0x0F, 0xFF, 0x3F, 0xFC, 0x7F, 0xF0, 0xFE, 0x0F, 0xFF, 0xC1,
    0xFF, 0xF8, 0x3F, 0x9C, 0x01, 0xC3, 0x80, 0x38, 0x70, 0x07, 0x0E, 0x00, 0xE1, 0xC0, 0x1C, 0x38,
    0x03, 0x87, 0x00, 0x70, 0xE0, 0x0E, 0x1E, 0x01, 0xC3, 0xC0, 0x78, 0x7C, 0x0F, 0x07, 0xE7, 0xC0,
    0xFF, 0xF8, 0x0F, 0xFE, 0x00, 0x7F, 0x00, 0x03, 0x80, 0x00, 0x70, 0x00, 0x0E, 0x00, 0xF9, 0xF3,
    0xE7, 0xCF, 0x9F, 0x0E, 0x1C, 0x38, 0x70, 0xE1, 0xC3, 0x87, 0x0E, 0x1C, 0x3C, 0xF0, 0xFF, 0xF3,
    0xFF, 0xC7, 0xFF, 0x07, 0x00, 0x1E, 0x00, 0x70, 0x00, 0x00, 0x07, 0x00, 0x00, 0x00, 0xF0, 0x00,
    0x00, 0x1F, 0x80, 0x0F, 0xE1, 0xF8, 0x7F, 0xFE, 0x0F, 0x07, 0xFF, 0xE0, 0xF0, 0x7F, 0x3C, 0x1F,
    0x83, 0xC3, 0xC1, 0xF8, 0x3C, 0x1C, 0x1F, 0x83, 0x81, 0xE3, 0xFC, 0x78, 0x0E, 0x3D, 0xC7, 0x80,
    0xF3, 0x9C, 0xF0, 0x0F, 0x79, 0xEF, 0x00, 0x77, 0x9E, 0xE0, 0x07, 0xF0, 0xFE, 0x00, 0x7F, 0x0F,
    0xE0, 0x03, 0xF0, 0xFC, 0x00, 0x3E, 0x07, 0xC0, 0x01, 0xE0, 0x78, 0x00, 0x1E, 0x07, 0x80, 0x00,
    0x70, 0x00, 0x07, 0xC0, 0x00, 0x3E, 0x01, 0xFB, 0xFB, 0xFF, 0xCF, 0x9F, 0xFE, 0x7C, 0xFC, 0xE7,
    0xF3, 0x87, 0xBF, 0xBC, 0x1D, 0xFD, 0xC0, 0xFE, 0xFE, 0x07, 0xF7, 0xF0, 0x1F, 0x3F, 0x00, 0xF8,
    0xF8, 0x03, 0xC7, 0x80, 0x01, 0xC0, 0x03, 0xC0, 0x03, 0xE0, 0xFF, 0xFF, 0xFE, 0x7F, 0xFE, 0x7F,
    0x3C, 0x3C, 0x1E, 0x38, 0x0E, 0x78, 0x0F, 0xF0, 0x07, 0xF0, 0x03, 0xE0, 0x03, 0xE0, 0x01, 0xC0,
    0x01, 0xC0, 0x01, 0xC0, 0x01, 0xC0, 0x07, 0xF0, 0x07, 0xF0, 0x07, 0xF0, 0x03, 0x00, 0x1E, 0x00,
    0xFC, 0x3F, 0xBF, 0xF8, 0xFF, 0xF3, 0xF3, 0xC7, 0x87, 0xBC, 0x1E, 0xF0, 0x3B, 0x80, 0xFE, 0x03,
    0xF8, 0x07, 0xC0, 0x1F, 0x00, 0x38, 0x01, 0xE0, 0x77, 0x81, 0xFC, 0x07, 0xE0, 0x0F, 0x80, 0x03,
    0xC0, 0x03, 0xE0, 0xFF, 0xFF, 0xFE, 0x7F, 0xFE, 0x7F, 0x3C, 0x3C, 0x1E, 0x38, 0x0E, 0x78, 0x0F,
    0xF0, 0x07, 0xF0, 0x03, 0xE0, 0x03, 0xE0, 0x01, 0xC0, 0x01, 0xC0, 0x01, 0xC0, 0x01, 0xC0, 0x07,
    0xF0, 0x07, 0xF0, 0x07, 0xF0, 0x03, 0x80, 0x1C, 0x0F, 0xFF, 0xFF, 0xFF, 0xFF, 0xFF, 0x81, 0xEE,
    0x0F, 0x00, 0x7C, 0x03, 0xE0, 0x1F, 0x00, 0x78, 0x03, 0xC0, 0x1E, 0x00, 0xF8, 0x07, 0xC1, 0xDE,
    0x07, 0xFF, 0xFF, 0xFF, 0xFF, 0xFF, 0xC0, 0x0E, 0x07, 0x01, 0xC3, 0xFF, 0xFF, 0xFF, 0xFE, 0xFB,
    0xFC, 0x3E, 0x1F, 0x77, 0x9F, 0xFF, 0xFF, 0xFF, 0xF0, 0x03, 0x00, 0x1C, 0x0F, 0xFF, 0xFF, 0xFF,
    0xFF, 0xFF, 0x81, 0xEE, 0x0F, 0x00, 0x7C, 0x03, 0xE0, 0x1F, 0x00, 0x78, 0x03, 0xC0, 0x1E, 0x00,
    0xF8, 0x07, 0xC1, 0xDE, 0x07, 0xFF, 0xFF, 0xFF, 0xFF, 0xFF, 0xC0, 0x00, 0x03, 0x01, 0xC3, 0xFF,
    0xFF, 0xFF, 0xFE, 0xFB, 0xFC, 0x3E, 0x1F, 0x77, 0x9F, 0xFF, 0xFF, 0xFF, 0xF0, 0x0F, 0xC0, 0x1E,
    0x00, 0x78, 0x3F, 0xFF, 0xFF, 0xFF, 0xFF, 0xFE, 0x07, 0xB8, 0x3C, 0x01, 0xF0, 0x0F, 0x80, 0x7C,
    0x01, 0xE0, 0x0F, 0x00, 0x78, 0x03, 0xE0, 0x1F, 0x07, 0x78, 0x1F, 0xFF, 0xFF, 0xFF, 0xFF, 0xFF,
    0x3E, 0x07, 0x81, 0xC3, 0xFF, 0xFF, 0xFF, 0xFE, 0xFB, 0xFC, 0x3E, 0x1F, 0x77, 0x9F, 0xFF, 0xFF,
    0xFF, 0xF0, 0x03, 0xB0, 0x00, 0x7E, 0x00, 0x07, 0x80, 0x00, 0x70, 0x00, 0x7E, 0x00, 0x0F, 0xE0,
    0x01, 0xFC, 0x00, 0x0F, 0x80, 0x03, 0xF8, 0x00, 0x7F, 0x00, 0x1E, 0xF0, 0x03, 0xDE, 0x00, 0xF1,
    0xE0, 0x1F, 0xFC, 0x07, 0xFF, 0xC0, 0xFF, 0xF8, 0x1C, 0x07, 0x07, 0x80, 0xF3, 0xF8, 0x3F, 0xFF,
    0x07, 0xFF, 0xE0, 0xFE, 0x3B, 0x81, 0xF0, 0x0E, 0x00, 0x00, 0x3F, 0x07, 0xF8, 0x7F, 0xC7, 0x3C,
    0x7F, 0xC7, 0xFC, 0xFF, 0xCF, 0x3C, 0xE3, 0xCF, 0xFE, 0xFF, 0xF7, 0xFE, 0x38, 0x79, 0xF3, 0x6F,
    0xFF, 0xFF, 0x9C, 0x38, 0x70, 0xE1, 0xC3, 0x87, 0x0E, 0x1C, 0x39, 0xFF, 0xFF, 0xF0, 0x30, 0xE3,
    0xE6, 0xE0, 0x1E, 0x3E, 0x7C, 0x38, 0x70, 0xE1, 0xC3, 0x87, 0x8F, 0x9F, 0x1C, 0x1F, 0xE0, 0xFF,
    0xC7, 0xFF, 0x9E, 0x0E, 0x70, 0x39, 0xC0, 0xE7, 0x80, 0x1F, 0xC0, 0x3F, 0xF0, 0x7F, 0xE0, 0x3F,
    0xC0, 0x1F, 0x70, 0x1D, 0xC0, 0x77, 0x03, 0xDF, 0xFF, 0x7F, 0xF8, 0x7F, 0xC0, 0x38, 0x00, 0xE0,
    0x07, 0x00, 0x3F, 0x9F, 0xF7, 0xFD, 0xCF, 0x7C, 0x9F, 0xE3, 0xFD, 0x3F, 0x71, 0xDF, 0xF7, 0xFC,
    0xFE, 0x0E, 0x07, 0x81, 0xC0, 0xFF, 0xFF, 0xFF, 0xFF, 0xFF, 0xFF, 0xE3, 0x87, 0xE3, 0x87, 0x03,
    0x80, 0x03, 0x80, 0x03, 0x80, 0x03, 0x80, 0x03, 0x80, 0x03, 0x80, 0x03, 0x80, 0x03, 0x80, 0x03,
    0x80, 0x0F, 0xE0, 0x0F, 0xE0, 0x0F, 0xE0, 0x00, 0x00, 0x03, 0x80, 0x03, 0x80, 0x07, 0x00, 0x07,
    0x00, 0x00, 0x0E, 0x03, 0x80, 0xE0, 0x38, 0x3F, 0x8F, 0xE3, 0xF8, 0x38, 0x0E, 0x03, 0x80, 0xEE,
    0x3B, 0xCE, 0xF3, 0xFC, 0xFE, 0x1F, 0x00, 0x00, 0xE0, 0x70, 0x1C, 0x00, 0x78, 0x7C, 0x1E, 0x0F,
    0x77, 0xBE, 0xEF, 0x30, 0x00, 0x1E, 0x0F, 0xC7, 0xFB, 0xCF, 0x00, 0x9F, 0xFF, 0xFB, 0xBE, 0xFF,
    0xFF, 0xFF, 0x63, 0x9F, 0xE7, 0xF8, 0xFC, 0xFF, 0xF0, 0x73, 0x9C, 0xE7, 0x38, 0x3C, 0xFD, 0xBB,
    0x77, 0xE7, 0x80, 0x3D, 0xEF, 0x79, 0xCE, 0x73, 0x80, 0xE1, 0xDD, 0xE3, 0xF0, 0xF8, 0x77, 0xBE,
    0xEF, 0x30, 0x00, 0x77, 0xBE, 0xEF, 0x30, 0x00, 0x77, 0xBE, 0xEF, 0x30, 0x00, 0x77, 0xBE, 0xEF,
    0x30, 0x00, 0xFF, 0xEE, 0x31, 0xE7, 0xCF, 0xFF, 0xE0, 0x10, 0xE7, 0x18, 0xFD, 0xF7, 0xC0, 0x77,
    0xBE, 0xEF, 0x30, 0x00, 0x77, 0xBE, 0xEF, 0x30, 0x00, 0x0E, 0xE0, 0x3F, 0xC0, 0x66, 0x00, 0x00,
    0xFF, 0xFF, 0xFF, 0xFF, 0xFF, 0xCE, 0x07, 0x38, 0x1C, 0xE0, 0x03, 0xFF, 0x8F, 0xFE, 0x3F, 0xF8,
    0xE0, 0x03, 0x80, 0x0E, 0x00, 0x38, 0x1C, 0xE0, 0x7F, 0xFF, 0xFF, 0xFF, 0xFF, 0xFC, 0x0F, 0xF0,
    0x3F, 0xFC, 0x3F, 0xFC, 0x7C, 0x1E, 0xF8, 0x1E, 0xF0, 0x1E, 0xE0, 0x04, 0xFF, 0xE0, 0xFF, 0xE0,
    0xFF, 0xE0, 0xE0, 0x00, 0xF0, 0x00, 0xF8, 0x0F, 0x7C, 0x1E, 0x3F, 0xFE, 0x1F, 0xFC, 0x0F, 0xF8,
    0xFF, 0xFF, 0xF9, 0xC3, 0x87, 0x0E, 0x1C, 0x38, 0x70, 0xE1, 0xC3, 0x87, 0x3F, 0xFF, 0xFE, 0x77,
    0x3B, 0x9D, 0xC0, 0x07, 0xF3, 0xF9, 0xFC, 0x38, 0x1C, 0x0E, 0x07, 0x03, 0x81, 0xC0, 0xE0, 0x70,
    0x38, 0x1C, 0x0E, 0x1F, 0xCF, 0xE7, 0xF0, 0x07, 0xE0, 0x00, 0xFE, 0x00, 0x1F, 0xC0, 0x00, 0xFC,
    0x00, 0x3F, 0x80, 0x07, 0x70, 0x01, 0xEF, 0x00, 0x38, 0xE0, 0x0F, 0x1E, 0x01, 0xFF, 0xC0, 0x7F,
    0xFC, 0x0F, 0xFF, 0x81, 0xC0, 0x70, 0x78, 0x0F, 0x3F, 0x83, 0xFF, 0xF0, 0x7F, 0xFE, 0x0F, 0xE0,
    0xFF, 0xFC, 0xFF, 0xFC, 0xFF, 0xFC, 0x38, 0x1C, 0x38, 0x1C, 0x38, 0x00, 0x3F, 0xF0, 0x3F, 0xFC,
    0x3F, 0xFE, 0x38, 0x3F, 0x38, 0x0F, 0x38, 0x0F, 0x38, 0x0F, 0x38, 0x1F, 0xFF, 0xFE, 0xFF, 0xFC,
    0xFF, 0xF8, 0xFF, 0xF1, 0xFF, 0xFB, 0xFF, 0xF1, 0xC0, 0xE3, 0x81, 0xE7, 0x03, 0x8F, 0xFF, 0x1F,
    0xFE, 0x3F, 0xFE, 0x70, 0x7C, 0xE0, 0x39, 0xC0, 0x73, 0x80, 0xE7, 0x03, 0xFF, 0xFF, 0xFF, 0xFE,
    0xFF, 0xF8, 0xFF, 0xFF, 0xFF, 0xFF, 0xFE, 0x70, 0x73, 0x83, 0x9C, 0x00, 0xE0, 0x07, 0x00, 0x38,
    0x01, 0xC0, 0x0E, 0x00, 0x70, 0x03, 0x80, 0x1C, 0x03, 0xF8, 0x1F, 0xC0, 0xFE, 0x00, 0x3F, 0xFF,
    0x9F, 0xFF, 0xCF, 0xFF, 0xE1, 0xC1, 0xC0, 0xE0, 0xE0, 0x70, 0x70, 0x78, 0x38, 0x3C, 0x1C, 0x1E,
    0x0E, 0x0F, 0x07, 0x07, 0x03, 0x83, 0x81, 0xC1, 0xC0, 0xE1, 0xE0, 0x73, 0xFF, 0xFF, 0xFF, 0xFF,
    0xFF, 0xFF, 0xF0, 0x01, 0xF8, 0x00, 0xFC, 0x00, 0x70, 0xFF, 0xFF, 0xFF, 0xFF, 0xFF, 0xCE, 0x07,
    0x38, 0x1C, 0xE0, 0x03, 0xFF, 0x8F, 0xFE, 0x3F, 0xF8, 0xE0, 0x03, 0x80, 0x0E, 0x00, 0x38, 0x1C,
    0xE0, 0x7F, 0xFF, 0xFF, 0xFF, 0xFF, 0xFC, 0x7F, 0x3F, 0xBF, 0x9F, 0xCF, 0xEF, 0xE7, 0xF3, 0xFB,
    0xF8, 0x3C, 0x38, 0xF0, 0x07, 0xCE, 0x78, 0x00, 0xFB, 0xBE, 0x00, 0x1F, 0xFF, 0x00, 0x0F, 0xFF,
    0xC0, 0x07, 0xFF, 0xF8, 0x01, 0xFF, 0xFE, 0x00, 0xF1, 0xF3, 0xC0, 0x3C, 0x38, 0x70, 0x0F, 0x0E,
    0x1C, 0x3F, 0x83, 0x87, 0xFF, 0xE3, 0xF9, 0xFF, 0xF8, 0xFE, 0x3F, 0x7C, 0x3F, 0x87, 0x80, 0x1F,
    0xE1, 0xFF, 0xC7, 0xFF, 0x9C, 0x1E, 0x70, 0x39, 0xC1, 0xE0, 0xFF, 0x83, 0xFC, 0x0F, 0xF8, 0x01,
    0xF0, 0x03, 0xC0, 0x07, 0xE0, 0x3F, 0xC1, 0xF7, 0xFF, 0xDF, 0xFE, 0x1F, 0xE0, 0xFE, 0x07, 0xFF,
    0x83, 0xFF, 0xE1, 0xFC, 0xE0, 0x7C, 0x38, 0x3F, 0x0E, 0x1F, 0xC3, 0x8F, 0xF0, 0xE3, 0xDC, 0x39,
    0xE7, 0x0E, 0xF9, 0xC3, 0xBC, 0x70, 0xFE, 0x1C, 0x3F, 0x07, 0x0F, 0xC1, 0xC3, 0xE1, 0xFC, 0xF0,
    0x7F, 0x3C, 0x1F, 0xC0, 0x07, 0x0C, 0x01, 0xC7, 0x00, 0x7F, 0xC0, 0x0F, 0xF0, 0x01, 0xF0, 0x00,
    0x00, 0x0F, 0xE0, 0x7F, 0xF8, 0x3F, 0xFE, 0x1F, 0xCE, 0x07, 0xC3, 0x83, 0xF0, 0xE1, 0xFC, 0x38,
    0xFF, 0x0E, 0x3D, 0xC3, 0x9E, 0x70, 0xEF, 0x9C, 0x3B, 0xC7, 0x0F, 0xE1, 0xC3, 0xF0, 0x70, 0xFC,
    0x1C, 0x3E, 0x1F, 0xCF, 0x07, 0xF3, 0xC1, 0xFC, 0xFE, 0x7F, 0x7F, 0x3F, 0xBF, 0x9F, 0xC7, 0x0F,
    0x03, 0x9F, 0x01, 0xDF, 0x80, 0xFF, 0x80, 0x7F, 0xC0, 0x3F, 0xF0, 0x1F, 0xF8, 0x0F, 0x3E, 0x07,
    0x0F, 0x03, 0x87, 0x81, 0xC1, 0xFF, 0xF8, 0xFF, 0xFC, 0x7F, 0xFE, 0x1F, 0x00, 0x1F, 0xFF, 0xC7,
    0xFF, 0xF1, 0xFF, 0xFC, 0x1C, 0x1C, 0x07, 0x07, 0x01, 0xC1, 0xC0, 0x70, 0x70, 0x1C, 0x1C, 0x07,
    0x07, 0x01, 0xC1, 0xC0, 0x70, 0x70, 0x1C, 0x1C, 0x0F, 0x07, 0x3B, 0xC1, 0xCF, 0xE1, 0xFF, 0xF8,
    0x7F, 0x7C, 0x1F, 0xC0, 0xFC, 0x00, 0xFF, 0xE0, 0x0F, 0xFF, 0x80, 0xFE, 0x7E, 0x07, 0xC3, 0xF0,
    0x7E, 0x1F, 0xC7, 0xF0, 0xEF, 0x7F, 0x87, 0x7F, 0xDC, 0x39, 0xFC, 0xE1, 0xC7, 0xC7, 0x0E, 0x1E,
    0x38, 0x70, 0xE1, 0xC3, 0x80, 0x0E, 0x1C, 0x00, 0x73, 0xF8, 0x0F, 0xFF, 0xC0, 0x7F, 0xFE, 0x03,
    0xF8, 0xFE, 0x1F, 0xFF, 0x87, 0xFF, 0xE1, 0xFC, 0xE0, 0x1C, 0x38, 0x07, 0x0E, 0x01, 0xC3, 0xFF,
    0xF0, 0xFF, 0xFC, 0x3F, 0xFF, 0x0E, 0x01, 0xC3, 0x80, 0x70, 0xE0, 0x1C, 0x38, 0x07, 0x0E, 0x01,
    0xCF, 0xE1, 0xFF, 0xF8, 0x7F, 0xFE, 0x1F, 0xC0, 0x0F, 0xF8, 0x0F, 0xFE, 0x0F, 0xFF, 0x8F, 0x83,
    0xEF, 0x80, 0xFF, 0x80, 0x3F, 0x80, 0x0F, 0xC0, 0x07, 0xE0, 0x03, 0xF0, 0x01, 0xF8, 0x00, 0xFE,
    0x00, 0xFF, 0x80, 0xFB, 0xE0, 0xF8, 0xFF, 0xF8, 0x3F, 0xF8, 0x0F, 0xF8, 0x00, 0xFF, 0xFF, 0xFF,
    0xFF, 0xFF, 0xFF, 0xFC, 0xE0, 0x1C, 0x38, 0x07, 0x0E, 0x01, 0xC3, 0x80, 0x70, 0xE0, 0x1C, 0x38,
    0x07, 0x0E, 0x01, 0xC3, 0x80, 0x70, 0xE0, 0x1C, 0x38, 0x07, 0x0E, 0x01, 0xCF, 0xE1, 0xFF, 0xF8,
    0x7F, 0xFE, 0x1F, 0xC0, 0xFF, 0xF8, 0xFF, 0xFE, 0xFF, 0xFF, 0x38, 0x0F, 0x38, 0x07, 0x38, 0x07,
    0x38, 0x0F, 0x3F, 0xFE, 0x3F, 0xFE, 0x3F, 0xF8, 0x38, 0x00, 0x38, 0x00, 0x38, 0x00, 0x38, 0x00,
    0xFE, 0x00, 0xFE, 0x00, 0xFE, 0x00, 0x0F, 0xF0, 0x3F, 0xFC, 0x3F, 0xFC, 0x7C, 0x1E, 0xF0, 0x1E,
    0xF0, 0x1E, 0xE0, 0x0C, 0xE0, 0x00, 0xE0, 0x00, 0xE0, 0x00, 0xE0, 0x00, 0xF0, 0x00, 0xF8, 0x0F,
    0x7C, 0x1E, 0x3F, 0xFE, 0x1F, 0xFC, 0x0F, 0xF8, 0xFF, 0xFF, 0xFF, 0xFF, 0xFF, 0xFF, 0xE3, 0x87,
    0xE3, 0x87, 0x03, 0x80, 0x03, 0x80, 0x03, 0x80, 0x03, 0x80, 0x03, 0x80, 0x03, 0x80, 0x03, 0x80,
    0x03, 0x80, 0x03, 0x80, 0x0F, 0xE0, 0x0F, 0xE0, 0x0F, 0xE0, 0xFE, 0x1F, 0xFF, 0x87, 0xFF, 0xE1,
    0xFC, 0xF0, 0x3C, 0x1E, 0x0E, 0x07, 0x87, 0x80, 0xF1, 0xC0, 0x1C, 0xF0, 0x07, 0xB8, 0x00, 0xFE,
    0x00, 0x3F, 0x80, 0x07, 0xC0, 0x01, 0xF0, 0x0E, 0x78, 0x03, 0xFC, 0x00, 0xFF, 0x00, 0x1F, 0x80,
    0x00, 0x03, 0xF8, 0x00, 0x7F, 0x00, 0x0F, 0xE0, 0x07, 0xFF, 0x01, 0xFF, 0xF8, 0x7F, 0xFF, 0x9E,
    0x38, 0xF3, 0x87, 0x0F, 0xF0, 0xE1, 0xFE, 0x1C, 0x1F, 0xC3, 0x83, 0xF8, 0x70, 0xF7, 0x0E, 0x1E,
    0xF1, 0xC7, 0x8F, 0xFF, 0xF0, 0xFF, 0xFC, 0x0F, 0xFE, 0x00, 0x7F, 0x00, 0x0F, 0xE0, 0x01, 0xFC,
    0x00, 0xFC, 0x1F, 0xFE, 0x0F, 0xFF, 0x07, 0xE3, 0xC7, 0x81, 0xF7, 0xC0, 0x7F, 0xC0, 0x1F, 0xC0,
    0x07, 0xC0, 0x03, 0xE0, 0x03, 0xF8, 0x03, 0xFE, 0x01, 0xEF, 0x01, 0xE3, 0xC1, 0xF1, 0xF3, 0xF0,
    0x7F, 0xF8, 0x3F, 0xFC, 0x1F, 0x80, 0xFE, 0x1F, 0xFF, 0x87, 0xFF, 0xE1, 0xFC, 0xE0, 0x1C, 0x38,
    0x07, 0x0E, 0x01, 0xC3, 0x80, 0x70, 0xE0, 0x1C, 0x38, 0x07, 0x0E, 0x01, 0xC3, 0x80, 0x70, 0xE0,
    0x1C, 0x38, 0x07, 0x0E, 0x01, 0xCF, 0xFF, 0xFF, 0xFF, 0xFF, 0xFF, 0xFF, 0xC0, 0x00, 0x70, 0x00,
    0x1C, 0x00, 0x07, 0xFE, 0x3F, 0xFF, 0x1F, 0xFF, 0x8F, 0xE7, 0x01, 0xC3, 0x80, 0xE1, 0xC0, 0x70,
    0xF0, 0x38, 0x78, 0x3C, 0x1F, 0xFE, 0x0F, 0xFF, 0x03, 0xFF, 0x80, 0x01, 0xC0, 0x00, 0xE0, 0x00,
    0x70, 0x00, 0xFE, 0x00, 0x7F, 0x00, 0x3F, 0x80, 0xFE, 0x7F, 0x3F, 0xFF, 0x9F, 0xCF, 0xFF, 0xE7,
    0xF3, 0xFC, 0xE0, 0x70, 0x38, 0x38, 0x1C, 0x0E, 0x0E, 0x07, 0x03, 0x83, 0x81, 0xC0, 0xE0, 0xE0,
    0x70, 0x38, 0x38, 0x1C, 0x0E, 0x0E, 0x07, 0x03, 0x83, 0x81, 0xC0, 0xE0, 0xE0, 0x70, 0x38, 0x38,
    0x1C, 0x0E, 0x0E, 0x07, 0x03, 0x8F, 0xFF, 0xFF, 0xFF, 0xFF, 0xFF, 0xFF, 0xFF, 0xFF, 0xFF, 0xC0,
    0xFE, 0x3F, 0x9F, 0xFF, 0x8F, 0xE7, 0xFF, 0xE3, 0xF9, 0xFC, 0xE0, 0x38, 0x1C, 0x38, 0x0E, 0x07,
    0x0E, 0x03, 0x81, 0xC3, 0x80, 0xE0, 0x70, 0xE0, 0x38, 0x1C, 0x38, 0x0E, 0x07, 0x0E, 0x03, 0x81,
    0xC3, 0x80, 0xE0, 0x70, 0xE0, 0x38, 0x1C, 0x38, 0x0E, 0x07, 0x0E, 0x03, 0x81, 0xCF, 0xFF, 0xFF,
    0xFF, 0xFF, 0xFF, 0xFF, 0xFF, 0xFF, 0xFF, 0xC0, 0x00, 0x00, 0x70, 0x00, 0x00, 0x1C, 0x00, 0x00,
    0x07, 0xFF, 0x80, 0x3F, 0xE0, 0x0F, 0xF8, 0x03, 0xB8, 0x00, 0xEE, 0x00, 0x03, 0x80, 0x00, 0xFF,
    0xE0, 0x3F, 0xFC, 0x0F, 0xFF, 0x83, 0x81, 0xF0, 0xE0, 0x3C, 0x38, 0x0F, 0x0E, 0x03, 0xC3, 0x81,
    0xF3, 0xFF, 0xF8, 0xFF, 0xFC, 0x3F, 0xFE, 0x00, 0xFE, 0x00, 0xFF, 0xFC, 0x01, 0xFF, 0xF8, 0x03,
    0xF9, 0xC0, 0x01, 0xC3, 0x80, 0x03, 0x87, 0x00, 0x07, 0x0F, 0xFC, 0x0E, 0x1F, 0xFE, 0x1C, 0x3F,
    0xFE, 0x38, 0x70, 0x7C, 0x70, 0xE0, 0x3C, 0xE1, 0xC0, 0x79, 0xC3, 0x80, 0xF3, 0x87, 0x03, 0xC7,
    0x3F, 0xFF, 0xBF, 0xFF, 0xFE, 0x7F, 0xFF, 0xF8, 0xFE, 0xFE, 0x00, 0xFE, 0x00, 0xFE, 0x00, 0x38,
    0x00, 0x38, 0x00, 0x38, 0x00, 0x3F, 0xF8, 0x3F, 0xFC, 0x3F, 0xFE, 0x38, 0x1F, 0x38, 0x0F, 0x38,
    0x0F, 0x38, 0x0F, 0x38, 0x1F, 0xFF, 0xFE, 0xFF, 0xFC, 0xFF, 0xF8, 0x1F, 0xF0, 0x3F, 0xFC, 0x7F,
    0xFC, 0x78, 0x3E, 0x70, 0x1F, 0x70, 0x0F, 0x07, 0xFF, 0x07, 0xFF, 0x07, 0xFF, 0x00, 0x07, 0x00,
    0x0F, 0x20, 0x0F, 0xF0, 0x1E, 0xF8, 0x3E, 0x7F, 0xFC, 0x3F, 0xF8, 0x1F, 0xF0, 0xFE, 0x0F, 0xF8,
    0x7F, 0x1F, 0xFE, 0x3F, 0x9F, 0xFF, 0x87, 0x1F, 0x03, 0xE3, 0x8F, 0x00, 0xF1, 0xCF, 0x00, 0x3C,
    0xFF, 0x80, 0x1E, 0x7F, 0xC0, 0x07, 0x3F, 0xE0, 0x03, 0x9C, 0xF0, 0x01, 0xCE, 0x78, 0x01, 0xE7,
    0x1C, 0x00, 0xF3, 0x8F, 0x00, 0xF1, 0xC3, 0xE0, 0xFB, 0xF9, 0xFF, 0xF9, 0xFC, 0x7F, 0xF8, 0xFE,
    0x0F, 0xF0, 0x00, 0x0F, 0xFF, 0x9F, 0xFF, 0xCF, 0xFF, 0xEF, 0x01, 0xC7, 0x80, 0xE3, 0xC0, 0x71,
    0xF8, 0x38, 0x7F, 0xFC, 0x1F, 0xFE, 0x03, 0xFF, 0x01, 0xE3, 0x80, 0xE1, 0xC0, 0xF0, 0xE7, 0x78,
    0x73, 0xF8, 0xFF, 0xFC, 0x7F, 0x7C, 0x3F, 0x80, 0x3F, 0x07, 0xF8, 0x7F, 0xC7, 0xFC, 0x7F, 0xCF,
    0xFC, 0xF3, 0xCE, 0x3C, 0xFF, 0xEF, 0xFF, 0x7F, 0xE0, 0x01, 0xC0, 0x78, 0x7F, 0x1F, 0xC7, 0xE1,
    0xFF, 0x3F, 0xF7, 0xFE, 0xF1, 0xFC, 0x1F, 0x83, 0xF0, 0xFF, 0x1F, 0xFF, 0x9F, 0xF1, 0xFC, 0xFF,
    0xCF, 0xFE, 0xFF, 0xE3, 0x8E, 0x3F, 0xE3, 0xFE, 0x3F, 0xF3, 0x8F, 0xFF, 0xFF, 0xFE, 0xFF, 0xC0,
    0xFF, 0xFF, 0xFF, 0xFC, 0xE7, 0x39, 0xCE, 0x03, 0x80, 0xE0, 0xFE, 0x3F, 0x8F, 0xE0, 0x7F, 0xE3,
    0xFF, 0x1F, 0xF8, 0x39, 0xC1, 0xCE, 0x1E, 0x70, 0xF3, 0x87, 0x1C, 0xFF, 0xFF, 0xFF, 0xFF, 0xFF,
    0xC0, 0x7E, 0x03, 0xF0, 0x1C, 0x3F, 0x0F, 0xF3, 0xFF, 0x78, 0xEF, 0xFD, 0xFF, 0xBF, 0xF7, 0x8E,
    0xFF, 0xEF, 0xF8, 0xFE, 0x00, 0x7D, 0xFF, 0xC7, 0xFF, 0xFC, 0x7F, 0xFF, 0xC0, 0xFF, 0xF0, 0x0F,
    0xFE, 0x00, 0xFF, 0xF0, 0x1F, 0xFF, 0x07, 0xE7, 0x7E, 0xFD, 0xFB, 0xFF, 0xDF, 0xBE, 0x79, 0xF9,
    0xE0, 0x3F, 0x1F, 0xE7, 0xFD, 0xCF, 0x1F, 0xC7, 0xF1, 0xFD, 0x87, 0xFF, 0xDF, 0xF3, 0xF8, 0xF8,
    0xF7, 0xC7, 0xBE, 0x7C, 0x77, 0xE3, 0xFF, 0x1F, 0xF8, 0xFD, 0xC7, 0xEE, 0x3E, 0x79, 0xE3, 0xCE,
    0x1E, 0x18, 0x60, 0xC7, 0x07, 0xF8, 0x3F, 0xC0, 0xFC, 0x00, 0x03, 0xE3, 0xDF, 0x1E, 0xF9, 0xF1,
    0xDF, 0x8F, 0xFC, 0x7F, 0xE3, 0xF7, 0x1F, 0xB8, 0xF9, 0xE7, 0x8F, 0x38, 0x78, 0xFF, 0xE7, 0xFF,
    0x3F, 0xF8, 0x7F, 0x03, 0xF0, 0x1F, 0xC0, 0xFE, 0x07, 0x7E, 0xFD, 0xFF, 0xEF, 0xFF, 0x3C, 0x3F,
    0xF0, 0xFF, 0xC3, 0xFF, 0x03, 0x9C, 0x0E, 0x70, 0x39, 0xC0, 0xE7, 0x0F, 0x9C, 0xFE, 0x7D, 0xF1,
    0xF7, 0x87, 0xC0, 0xF8, 0x1F, 0xFC, 0x3F, 0xFE, 0x7F, 0x3F, 0xFC, 0x3F, 0xFC, 0x3F, 0xFC, 0x3B,
    0xDC, 0x3B, 0xDC, 0xFC, 0x3F, 0xFC, 0x3F, 0xFC, 0x3F, 0xF9, 0xFF, 0xCF, 0xFE, 0x7E, 0x71, 0xC3,
    0xFE, 0x1F, 0xF0, 0xFF, 0x87, 0x1C, 0xFC, 0xFF, 0xE7, 0xFF, 0x3E, 0x3F, 0x8F, 0xFB, 0xFF, 0xF8,
    0xFE, 0x0F, 0xC1, 0xF8, 0x3F, 0x8F, 0xFF, 0xEF, 0xF8, 0xFE, 0x00, 0xFF, 0xFF, 0xFF, 0xFF, 0xFE,
    0x71, 0xC3, 0x8E, 0x1C, 0x70, 0xE3, 0x87, 0x1C, 0xFC, 0xFF, 0xE7, 0xFF, 0x3E, 0xFF, 0xCF, 0xFE,
    0xFF, 0xF3, 0xCF, 0x38, 0x73, 0x87, 0x38, 0x73, 0x8F, 0x3F, 0xF3, 0xFE, 0x3F, 0xC3, 0x80, 0x38,
    0x03, 0x80, 0xFC, 0x0F, 0xC0, 0xFC, 0x00, 0x3F, 0x8F, 0xFB, 0xFF, 0x78, 0xEE, 0x1D, 0xC0, 0x38,
    0x07, 0x8F, 0xFF, 0xCF, 0xF8, 0xFE, 0x00, 0xFF, 0xFF, 0xFF, 0xFF, 0xF7, 0x7E, 0xEE, 0x1C, 0x03,
    0x80, 0x70, 0x1F, 0x83, 0xF0, 0x7E, 0x00, 0xF8, 0xFF, 0xE3, 0xFF, 0xCF, 0xCF, 0x1E, 0x1E, 0xF0,
    0x7B, 0xC0, 0xEE, 0x03, 0xF8, 0x0F, 0xE0, 0x1F, 0x00, 0x7C, 0x00, 0xE0, 0x07, 0x81, 0xDE, 0x07,
    0xF0, 0x1F, 0x80, 0x3C, 0x00, 0x0E, 0x00, 0x3C, 0x00, 0xF0, 0x03, 0xC0, 0x07, 0x00, 0x1C, 0x03,
    0xFE, 0x1F, 0xFC, 0xFF, 0xFB, 0xDD, 0xFE, 0x73, 0xF9, 0xC7, 0xE7, 0x1F, 0xDC, 0xFF, 0xFF, 0x9F,
    0xFE, 0x3F, 0xF0, 0x7F, 0x00, 0x70, 0x01, 0xC0, 0x0F, 0xC0, 0x3F, 0x00, 0xFC, 0x00, 0xF8, 0xFF,
    0xCF, 0xFF, 0x7E, 0x7F, 0x81, 0xF8, 0x07, 0xC0, 0x7E, 0x07, 0xF8, 0xFD, 0xFF, 0xCF, 0xFE, 0x3E,
    0xF9, 0xFF, 0xCF, 0xFE, 0x7E, 0x70, 0xE3, 0x87, 0x1C, 0x38, 0xE1, 0xC7, 0x0E, 0xFF, 0xFF, 0xFF,
    0xFF, 0xFE, 0x00, 0x70, 0x03, 0x80, 0x1C, 0xFB, 0xFF, 0xBF, 0xFB, 0xF3, 0x8E, 0x38, 0xE3, 0xFE,
    0x3F, 0xE1, 0xFE, 0x03, 0xF0, 0x3F, 0x03, 0xF0, 0xFF, 0xDF, 0xFF, 0xEF, 0xFF, 0xF7, 0xE7, 0x38,
    0xE3, 0x9C, 0x71, 0xCE, 0x38, 0xE7, 0x1C, 0x73, 0x8E, 0xFF, 0xFF, 0xFF, 0xFF, 0xFF, 0xFF, 0xE0,
    0xFB, 0xEF, 0xFE, 0xFB, 0xFF, 0xBE, 0xFC, 0xE3, 0x9C, 0x38, 0xE7, 0x0E, 0x39, 0xC3, 0x8E, 0x70,
    0xE3, 0x9C, 0xFF, 0xFF, 0xFF, 0xFF, 0xFF, 0xFF, 0xFC, 0x00, 0x07, 0x00, 0x01, 0xC0, 0x00, 0x70,
    0xFF, 0x07, 0xF8, 0x3F, 0xC1, 0xFF, 0xCF, 0xFF, 0x0F, 0xFC, 0x71, 0xE3, 0x8F, 0x7F, 0xFB, 0xFF,
    0x9F, 0xF8, 0xFC, 0x3F, 0xFC, 0x3F, 0xFC, 0x3F, 0x3F, 0x8E, 0x3F, 0xCE, 0x3F, 0xEE, 0x39, 0xEE,
    0x39, 0xEE, 0xFF, 0xEF, 0xFF, 0xCF, 0xFF, 0x8F, 0xFC, 0x1F, 0x83, 0xF0, 0x1F, 0xC3, 0xFC, 0x7F,
    0xCE, 0x79, 0xCF, 0xFF, 0xFF, 0xFB, 0xFE, 0x00, 0x3F, 0x8F, 0xFB, 0xFF, 0xFF, 0xF1, 0xFE, 0x3F,
    0xD8, 0x7F, 0x0F, 0xFF, 0xCF, 0xF8, 0xFC, 0x00, 0xF8, 0xFE, 0x7D, 0xFF, 0xBE, 0xFF, 0xC7, 0xF0,
    0xF3, 0xF8, 0x39, 0xF8, 0x1C, 0xFE, 0x1E, 0x7F, 0x0F, 0xFF, 0xFF, 0x7E, 0xFF, 0xBF, 0x3F, 0x80,
    0x1F, 0xF3, 0xFF, 0x7F, 0xF7, 0x8E, 0x7F, 0xE3, 0xFE, 0x3F, 0xEF, 0xCE, 0xFF, 0xFF, 0xBF, 0x7B,
    0xF0, 0x3B, 0x87, 0xF0, 0xEE, 0x00, 0x00, 0x00, 0x7E, 0x1F, 0xE7, 0xFE, 0xF1, 0xDF, 0xFB, 0xFF,
    0x7F, 0xEF, 0x1D, 0xFF, 0xDF, 0xF1, 0xFC, 0x3F, 0x8F, 0xFB, 0xFF, 0x78, 0xEF, 0xF5, 0xFE, 0x3F,
    0xC7, 0x8F, 0xFF, 0xCF, 0xF8, 0xFE, 0x00, 0x38, 0xF0, 0xE0, 0x0F, 0x1F, 0x3E, 0x1C, 0x38, 0x70,
    0xE1, 0xC3, 0xC7, 0xCF, 0x8E, 0x6D, 0xFF, 0xF8, 0x0F, 0x1F, 0x3E, 0x1C, 0x38, 0x70, 0xE1, 0xC3,
    0xC7, 0xCF, 0x8E, 0x00, 0x18, 0x01, 0xFF, 0xFF, 0xFF, 0xFF, 0xFF, 0x9C, 0x00, 0xE0, 0x07, 0x00,
    0x38, 0x01, 0xC0, 0x0E, 0x00, 0x70, 0x03, 0x80, 0x1C, 0x00, 0xE0, 0x07, 0x00, 0xFE, 0x07, 0xF0,
    0x3F, 0x80, 0x00, 0xC0, 0x3F, 0xFF, 0xFF, 0xFF, 0xCE, 0x03, 0x80, 0xE0, 0x38, 0x0E, 0x0F, 0xE3,
    0xF8, 0xFE, 0x00, 0x7C, 0x1E, 0x7C, 0x3C, 0xF8, 0x78, 0xF9, 0xF0, 0xFB, 0xC3, 0xFF, 0x8F, 0xFE,
    0x1F, 0xFC, 0x79, 0xF0, 0xF1, 0xE1, 0xE3, 0xE3, 0xC3, 0xEF, 0x83, 0xDF, 0x07, 0xC0, 0x7F, 0xC1,
    0xFF, 0x87, 0xFE, 0x00, 0x7C, 0x01, 0xF0, 0x07, 0xC0, 0x1F, 0x00, 0x7C, 0x01, 0xF0, 0x07, 0xC0,
    0x1F, 0x3F, 0xFE, 0xFF, 0xFB, 0xFF, 0xE0, 0x7E, 0x3F, 0x9F, 0xC1, 0xE0, 0xF8, 0x7C, 0x3E, 0x1F,
    0x0F, 0x87, 0xCF, 0xFF, 0xFF, 0xFF, 0xBC, 0x00, 0xFF, 0xFF, 0xFF, 0xFF, 0xFE, 0x03, 0xC0, 0x1E,
    0x01, 0xF0, 0x0F, 0x80, 0x7C, 0x03, 0xE0, 0x1F, 0x00, 0xF8, 0x07, 0xC0, 0x3E, 0x01, 0xF0, 0xFF,
    0xE7, 0xFF, 0xBF, 0xFE, 0x01, 0xF0, 0x07, 0x80, 0x3F, 0xC1, 0xFE, 0x0F, 0xF0, 0x7F, 0x83, 0xFC,
    0x1F, 0xE0, 0xFF, 0x07, 0xF8, 0x3C, 0x7E, 0xFD, 0xF9, 0xF3, 0xE7, 0xCF, 0x9F, 0x3E, 0x7C, 0xF9,
    0xF3, 0xE7, 0xC0, 0x7F, 0x7F, 0x7F, 0x1E, 0x3C, 0x3C, 0x78, 0x7C, 0x7C, 0x7C, 0x3C, 0x3C, 0x3C,
    0x3C, 0x7F, 0xF8, 0xFF, 0xFB, 0xFF, 0xF1, 0xE1, 0xF3, 0xC3, 0xE7, 0x87, 0xCF, 0x0F, 0x9E, 0x1F,
    0x3C, 0x3E, 0x78, 0x7C, 0xF0, 0xF9, 0xE1, 0xF3, 0xC3, 0xE7, 0x87, 0xC0, 0xF3, 0xE3, 0xCF, 0xCF,
    0x3F, 0xBC, 0x1E, 0xF0, 0x7B, 0xC1, 0xFF, 0x07, 0xFC, 0x1E, 0xF0, 0x7B, 0xC1, 0xEF, 0x8F, 0x9F,
    0xFC, 0x3F, 0xF0, 0x7F, 0x00, 0x7E, 0xFD, 0xF9, 0xF3, 0xE7, 0xCF, 0x9F, 0x7F, 0xC7, 0xFE, 0x7F,
    0xF0, 0x1F, 0x00, 0xF0, 0x0F, 0x00, 0xF0, 0x0F, 0x00, 0xF0, 0x0F, 0x00, 0xF0, 0x0F, 0x00, 0xF0,
    0x0F, 0x00, 0xF0, 0x0F, 0x00, 0xF0, 0x0F, 0x7F, 0x07, 0xFC, 0xFF, 0xE0, 0x3E, 0x01, 0xE0, 0x1F,
    0x01, 0xF0, 0x1F, 0x01, 0xF0, 0x1E, 0x03, 0xEF, 0xFE, 0xFF, 0xCF, 0xF8, 0x70, 0x07, 0x80, 0x3C,
    0x01, 0xE0, 0x0F, 0xFF, 0x7F, 0xFB, 0xFF, 0xC0, 0x3E, 0x01, 0xE0, 0x0F, 0x00, 0xF8, 0x07, 0x80,
    0x3C, 0x03, 0xE0, 0x1E, 0x00, 0xF0, 0x0F, 0x80, 0x78, 0x00, 0x7F, 0xF8, 0xFF, 0xF9, 0xFF, 0xF9,
    0xE1, 0xF3, 0xC1, 0xE7, 0x83, 0xCF, 0x07, 0x9E, 0x0F, 0x3C, 0x1E, 0x78, 0x3C, 0xF0, 0x79, 0xFF,
    0xF3, 0xFF, 0xE7, 0xFF, 0xC0, 0x79, 0xF8, 0x7B, 0xFC, 0x7F, 0xFE, 0x3F, 0x3E, 0x3E, 0x1F, 0x3E,
    0x1F, 0x3C, 0x0F, 0x3C, 0x0F, 0x3C, 0x1F, 0x3C, 0x1E, 0x7C, 0x3E, 0x7D, 0xFE, 0x79, 0xFC, 0x79,
    0xF8, 0x7E, 0xFD, 0xF9, 0xF3, 0xE7, 0xCF, 0x9F, 0x3E, 0x7C, 0xF9, 0xF3, 0xE7, 0xCF, 0x9F, 0x3E,
    0x7C, 0x7E, 0x7F, 0x7F, 0x0F, 0x0F, 0x0F, 0x0F, 0x0F, 0x0F, 0x0F, 0x0F, 0x7F, 0x7F, 0x7F, 0x7F,
    0xF0, 0xFF, 0xF1, 0xFF, 0xF1, 0xE1, 0xF3, 0xC3, 0xEF, 0x03, 0xDE, 0x07, 0xBC, 0x0F, 0x78, 0x1E,
    0xF8, 0x7C, 0xF9, 0xF1, 0xFF, 0xE1, 0xFF, 0x81, 0xFE, 0x00, 0x00, 0x01, 0xE0, 0xF7, 0xC3, 0xDF,
    0x0F, 0x3C, 0x3C, 0xF1, 0xF3, 0xC7, 0xCF, 0x9E, 0x1E, 0x78, 0x79, 0xE1, 0xEF, 0x87, 0xFC, 0x7F,
    0xE3, 0xFF, 0x0F, 0xF0, 0x3C, 0x00, 0x1F, 0xE0, 0xFF, 0xC7, 0xFF, 0x9F, 0x3E, 0x78, 0x7D, 0xE0,
    0xF7, 0xC3, 0xDF, 0x8F, 0x3C, 0x3C, 0x30, 0xF0, 0x03, 0xC0, 0x0F, 0x00, 0x3C, 0x00, 0xF0, 0x03,
    0xC0, 0x0F, 0x00, 0x3C, 0x00, 0xF0, 0x1F, 0xC0, 0xFF, 0xC7, 0xFF, 0x9E, 0x3E, 0x78, 0x7D, 0xE1,
    0xF7, 0xC3, 0xDF, 0x8F, 0x3C, 0x7C, 0x31, 0xF0, 0x0F, 0x9F, 0xFE, 0x7F, 0xF1, 0xFF, 0x00, 0xF8,
    0x7B, 0xC3, 0xDF, 0x1E, 0x79, 0xF3, 0xCF, 0x1F, 0x78, 0x7F, 0xC3, 0xFC, 0x1F, 0xC0, 0x78, 0x03,
    0xC0, 0x1F, 0x00, 0x78, 0x03, 0xC0, 0x1F, 0x00, 0x78, 0x03, 0xC0, 0x1E, 0x00, 0x78, 0x7B, 0xE3,
    0xCF, 0x9E, 0x7D, 0xF1, 0xFF, 0x07, 0xF8, 0x3F, 0x80, 0xFC, 0x03, 0xC0, 0x1F, 0x00, 0x78, 0xFF,
    0xE7, 0xFF, 0x3F, 0xF8, 0xFF, 0xFF, 0xFF, 0xFF, 0xFF, 0x80, 0x1E, 0x00, 0x78, 0x03, 0xEF, 0x0F,
    0x3C, 0x3C, 0xF1, 0xF3, 0xC7, 0x8F, 0x1E, 0x3C, 0x78, 0xF3, 0xE3, 0xCF, 0x0F, 0x00, 0x3C, 0x00,
    0xF0, 0x03, 0xC0, 0x00, 0x7F, 0x8F, 0xF9, 0xFF, 0x80, 0xF0, 0x1E, 0x03, 0xC0, 0x78, 0x0F, 0x01,
    0xE0, 0x3C, 0x07, 0x80, 0xF0, 0x1E, 0x03, 0xC0, 0xF3, 0xCF, 0xF3, 0xCF, 0xF3, 0xCF, 0xF3, 0xCF,
    0xF3, 0xCF, 0xFF, 0x8F, 0xFF, 0x8F, 0xFF, 0x0F, 0xFC, 0x1F, 0x78, 0x1E, 0x7C, 0x3E, 0x3F, 0xFC,
    0x1F, 0xFC, 0x0F, 0xF0, 0x7F, 0xF8, 0x7F, 0xFC, 0x7F, 0xFE, 0x1E, 0x1E, 0x1E, 0x1E, 0x1E, 0x1E,
    0x1E, 0x1E, 0x1E, 0x1E, 0x1E, 0x1E, 0x1E, 0x1E, 0x1E, 0x1E, 0x7E, 0x1E, 0x7C, 0x1E, 0xF8, 0x1E,
    0x73, 0xBD, 0xEF, 0xF8, 0x00, 0x3C, 0xF7, 0xDF, 0x79, 0xEF, 0x80, 0x00, 0x00, 0x00, 0x7B, 0xFF,
    0xDE, 0x30, 0x1F, 0x87, 0xFE, 0xFF, 0xFF, 0xFE, 0xF8, 0xEF, 0x80, 0xFC, 0x07, 0xE0, 0x3F, 0x00,
    0xF8, 0x0F, 0x80, 0x70, 0x00, 0x00, 0xF8, 0x0F, 0x80, 0xF8, 0x0F, 0x80, 0x60, 0x1F, 0x07, 0xE1,
    0xFC, 0x3E, 0x87, 0x80, 0xF1, 0x0F, 0xF1, 0xFE, 0xFF, 0xDF, 0xE1, 0xE0, 0x20, 0x00, 0x00, 0x7F,
    0xFF, 0xFF, 0xF0, 0x00, 0x01, 0xE7, 0xB8, 0x7F, 0xF7, 0x00, 0x10, 0x71, 0xF3, 0xE3, 0x82, 0x00,
    0x38, 0xF1, 0xE3, 0xC7, 0x8F, 0x8F, 0x1E, 0x3C, 0x78, 0xF1, 0xE3, 0xC7, 0x87, 0x8F, 0x00, 0x70,
    0xDE, 0x1F, 0xC7, 0xFF, 0xFF, 0xFC, 0xFF, 0x9F, 0xC3, 0xC0, 0x78, 0x0F, 0x01, 0xE0, 0x3C, 0x03,
    0xC0, 0x78, 0x0F, 0x01, 0xE0, 0x00, 0x00, 0x70, 0x3F, 0x9F, 0xFC, 0xEF, 0xFF, 0xF7, 0xFF, 0xBF,
    0xFD, 0xFF, 0xCF, 0x00, 0x78, 0x03, 0xC0, 0x0F, 0x00, 0x78, 0x03, 0xC0, 0x1E, 0x00, 0xF0, 0x07,
    0x80, 0x00, 0x00, 0x06, 0x03, 0xC0, 0xFC, 0x3F, 0x07, 0x81, 0xE0, 0x1F, 0x83, 0xF0, 0x3E, 0x0F,
    0xC1, 0xE0, 0x78, 0x0F, 0x8D, 0xFF, 0x9F, 0xF9, 0xFF, 0x04, 0x00, 0x06, 0x03, 0xF0, 0xFF, 0x3F,
    0xE7, 0xBF, 0xE3, 0xFC, 0x7F, 0x8F, 0xF1, 0xFF, 0xFD, 0xFF, 0x3F, 0xE3, 0xF8, 0x7F, 0xE3, 0xFF,
    0x1F, 0xF8, 0xFF, 0xC0, 0x1E, 0x00, 0xF0, 0x07, 0x80, 0x3C, 0x01, 0xE0, 0x07, 0x80, 0x3C, 0x01,
    0xE0, 0x0F, 0x00, 0x78, 0x03, 0xC0, 0x1E, 0x00, 0x40, 0x70, 0x73, 0xC1, 0xEF, 0x87, 0x9E, 0x3C,
    0x78, 0xF1, 0xF3, 0xC3, 0xDE, 0x0F, 0x78, 0x3D, 0xE0, 0x7F, 0x01, 0xFC, 0x07, 0xF0, 0x0F, 0x80,
    0x3E, 0x00, 0xF8, 0x03, 0xC0, 0x04, 0x00, 0x07, 0x80, 0x1E, 0x00, 0xF8, 0x03, 0xE0, 0x0F, 0xC0,
    0x7F, 0x01, 0xFC, 0x07, 0xF8, 0x3D, 0xE0, 0xF7, 0x83, 0xDF, 0x1E, 0x3C, 0x78, 0xF3, 0xE3, 0xEF,
    0x07, 0xBC, 0x1E, 0x30, 0x60, 0x1E, 0x07, 0xF1, 0xFE, 0x7F, 0xEF, 0x3D, 0xE7, 0xBF, 0xF7, 0xFE,
    0x7F, 0xC7, 0xF8, 0x07, 0x80, 0xF0, 0x1E, 0x03, 0xC0, 0x78, 0x0F, 0x00, 0x04, 0x00, 0x1E, 0x00,
    0x1E, 0x60, 0x0F, 0x78, 0x0F, 0x78, 0x0F, 0xF0, 0x0F, 0xF0, 0x0F, 0xF0, 0x0F, 0xF8, 0x1F, 0x7C,
    0x3E, 0x7F, 0xFE, 0x3F, 0xFC, 0x1F, 0xF8, 0x03, 0xC0, 0x00, 0xFD, 0xF8, 0x08, 0x03, 0x80, 0xF8,
    0x1F, 0x83, 0xF8, 0xFF, 0x9E, 0xF3, 0x9E, 0xF1, 0xDF, 0x7B, 0xFF, 0x3F, 0xC3, 0xF0, 0x00, 0x00,
    0x10, 0x71, 0xF3, 0xE3, 0x82, 0x00, 0x38, 0xF1, 0xE3, 0xC7, 0x8F, 0x8F, 0x1E, 0x3C, 0x78, 0xF1,
    0xE3, 0xC7, 0x87, 0x8F, 0x00, 0x70, 0xDE, 0x1F, 0xC7, 0xFF, 0xFF, 0xFC, 0xFF, 0x9F, 0xC3, 0xC0,
    0x78, 0x0F, 0x01, 0xE0, 0x3C, 0x03, 0xC0, 0x78, 0x0F, 0x01, 0xE0, 0x00, 0x00, 0x70, 0x3F, 0x9F,
    0xFC, 0xEF, 0xFF, 0xF7, 0xFF, 0xBF, 0xFD, 0xFF, 0xCF, 0x00, 0x78, 0x03, 0xC0, 0x0F, 0x00, 0x78,
    0x03, 0xC0, 0x1E, 0x00, 0xF0, 0x07, 0x80, 0x00, 0x00, 0x31, 0xE3, 0xDF, 0x1E, 0xF8, 0xF7, 0x07,
    0xBF, 0x3F, 0xF8, 0xFF, 0xC7, 0xFE, 0x3C, 0x01, 0xE0, 0x0F, 0x00, 0x78, 0x03, 0xC0, 0x1E, 0x00,
    0x70, 0x03, 0x80, 0x00, 0x00, 0x02, 0x00, 0x38, 0x03, 0xE0, 0x1F, 0x00, 0xFC, 0x0F, 0xF0, 0xFF,
    0x87, 0xBE, 0x78, 0xF3, 0xC7, 0xFC, 0x1F, 0xEE, 0xFF, 0xFF, 0xFF, 0xF9, 0xFF, 0xC7, 0xFC, 0x0F,
    0x87, 0xF1, 0xFE, 0x3F, 0x87, 0x80, 0xF0, 0x1F, 0x31, 0xFE, 0x3F, 0xE1, 0xF8, 0x7E, 0x1F, 0x83,
    0xE0, 0xF8, 0x3E, 0x03, 0xC0, 0x10, 0x00, 0x70, 0x73, 0xC1, 0xEF, 0x87, 0x9E, 0x3C, 0x78, 0xF1,
    0xF3, 0xC3, 0xDE, 0x0F, 0x78, 0x3D, 0xE0, 0x7F, 0x01, 0xFC, 0x07, 0xF0, 0x0F, 0x80, 0x3E, 0x00,
    0xF8, 0x03, 0xC0, 0x04, 0x00, 0x07, 0x80, 0x1E, 0x00, 0xF8, 0x03, 0xE0, 0x0F, 0xC0, 0x7F, 0x01,
    0xFC, 0x07, 0xF8, 0x3D, 0xE0, 0xF7, 0x83, 0xDF, 0x1E, 0x3C, 0x78, 0xF3, 0xE3, 0xEF, 0x07, 0xBC,
    0x1E, 0x30, 0x60, 0x1E, 0x07, 0xF1, 0xFE, 0x7F, 0xEF, 0x3D, 0xE7, 0xBF, 0xF7, 0xFE, 0x7F, 0xC7,
    0xF8, 0x07, 0x80, 0xF0, 0x1E, 0x03, 0xC0, 0x78, 0x0F, 0x03, 0xE0, 0x01, 0xF0, 0x01, 0xF8, 0x00,
    0xFE, 0x00, 0xFF, 0x00, 0x7F, 0xC0, 0x7D, 0xE0, 0x3C, 0xF8, 0x1E, 0x3C, 0x1F, 0xFE, 0x0F, 0xFF,
    0x8F, 0xFF, 0xC7, 0xFF, 0xE3, 0xC0, 0xFB, 0xE0, 0x3D, 0xE0, 0x1E, 0x00, 0x00, 0x00, 0xE0, 0x00,
    0xF0, 0x00, 0x78, 0x00, 0x1C, 0x00, 0x1F, 0x03, 0xFC, 0x3F, 0xE3, 0xFE, 0x01, 0xE0, 0xFF, 0x3F,
    0xF7, 0xFF, 0x78, 0xFF, 0x8F, 0x7F, 0xF7, 0xFF, 0x3F, 0xF0, 0x70, 0x07, 0x00, 0xF0, 0x0F, 0x00,
    0x70, 0x07, 0xC0, 0x01, 0xF0, 0x00, 0xF8, 0x00, 0x3C, 0x00, 0x1C, 0x00, 0x0C, 0x00, 0x0F, 0x80,
    0x07, 0xC0, 0x07, 0xE0, 0x03, 0xF8, 0x03, 0xFC, 0x01, 0xFF, 0x01, 0xF7, 0x80, 0xF3, 0xE0, 0x78,
    0xF0, 0x7F, 0xF8, 0x3F, 0xFE, 0x3F, 0xFF, 0x1F, 0xFF, 0x8F, 0x03, 0xEF, 0x80, 0xF7, 0x80, 0x78,
    0x00, 0x00, 0xF0, 0x0F, 0x80, 0xB8, 0x07, 0x80, 0x70, 0x1F, 0x03, 0xFC, 0x3F, 0xE3, 0xFE, 0x01,
    0xE0, 0xFF, 0x3F, 0xF7, 0xFF, 0x78, 0xFF, 0x8F, 0x7F, 0xF7, 0xFF, 0x3F, 0xF0, 0x70, 0x00, 0x04,
    0x00, 0x07, 0x00, 0x07, 0xC0, 0x37, 0xC0, 0x3F, 0x80, 0x3F, 0x80, 0x1F, 0xC0, 0x0C, 0xC0, 0x00,
    0x00, 0x01, 0xF0, 0x00, 0xF8, 0x00, 0xFC, 0x00, 0x7F, 0x00, 0x7F, 0x80, 0x3F, 0xE0, 0x3E, 0xF0,
    0x1E, 0x7C, 0x0F, 0x1E, 0x0F, 0xFF, 0x07, 0xFF, 0xC7, 0xFF, 0xE3, 0xFF, 0xF1, 0xE0, 0x7D, 0xF0,
    0x1E, 0xF0, 0x0F, 0x00, 0x00, 0x18, 0x00, 0xF0, 0x07, 0x81, 0xBC, 0x0F, 0x60, 0x7E, 0x03, 0xFC,
    0x06, 0x60, 0x1F, 0x00, 0xFF, 0x03, 0xFE, 0x0F, 0xF8, 0x01, 0xE0, 0x3F, 0xC3, 0xFF, 0x1F, 0xFC,
    0x78, 0xF3, 0xE3, 0xC7, 0xFF, 0x1F, 0xFC, 0x3F, 0xF0, 0x1C, 0x00, 0x00, 0x60, 0x00, 0x78, 0x00,
    0x3E, 0x00, 0x3F, 0x80, 0x3F, 0x80, 0x3F, 0x00, 0x1F, 0xC0, 0x0C, 0xC0, 0x00, 0x00, 0x01, 0xF0,
    0x00, 0xF8, 0x00, 0xFC, 0x00, 0x7F, 0x00, 0x7F, 0x80, 0x3F, 0xE0, 0x3E, 0xF0, 0x1E, 0x7C, 0x0F,
    0x1E, 0x0F, 0xFF, 0x07, 0xFF, 0xC7, 0xFF, 0xE3, 0xFF, 0xF1, 0xE0, 0x7D, 0xF0, 0x1E, 0xF0, 0x0F,
    0x00, 0x00, 0x00, 0x18, 0x03, 0xC0, 0x1E, 0x06, 0xF0, 0xF6, 0x1F, 0x83, 0xFC, 0x19, 0x81, 0xF0,
    0x3F, 0xC3, 0xFE, 0x3F, 0xE0, 0x1E, 0x0F, 0xF3, 0xFF, 0x7F, 0xF7, 0x8F, 0xF8, 0xF7, 0xFF, 0x7F,
    0xF3, 0xFF, 0x07, 0x00, 0x00, 0x78, 0x00, 0x3F, 0x00, 0x1F, 0x80, 0x03, 0xC0, 0x1B, 0xC0, 0x1F,
    0xC0, 0x1F, 0x80, 0x0F, 0xE0, 0x06, 0x60, 0x00, 0x00, 0x00, 0xF8, 0x00, 0x7C, 0x00, 0x7E, 0x00,
    0x3F, 0x80, 0x3F, 0xC0, 0x1F, 0xF0, 0x1F, 0x78, 0x0F, 0x3E, 0x07, 0x8F, 0x07, 0xFF, 0x83, 0xFF,
    0xE3, 0xFF, 0xF1, 0xFF, 0xF8, 0xF0, 0x3E, 0xF8, 0x0F, 0x78, 0x07, 0x80, 0x00, 0xE0, 0x0F, 0xC0,
    0x3E, 0x00, 0x70, 0x67, 0x07, 0xB8, 0x7E, 0x07, 0xF8, 0x19, 0x80, 0xF8, 0x0F, 0xF0, 0x7F, 0xC3,
    0xFE, 0x00, 0xF0, 0x3F, 0xC7, 0xFE, 0x7F, 0xF3, 0xC7, 0xBE, 0x3C, 0xFF, 0xE7, 0xFF, 0x1F, 0xF8,
    0x1C, 0x00, 0x07, 0x30, 0x07, 0xFC, 0x03, 0xFC, 0x00, 0x9C, 0x00, 0x18, 0x00, 0x1E, 0x00, 0x1F,
    0x80, 0x0F, 0xE0, 0x06, 0x60, 0x00, 0x00, 0x00, 0xF8, 0x00, 0x7C, 0x00, 0x7E, 0x00, 0x3F, 0x80,
    0x3F, 0xC0, 0x1F, 0xF0, 0x1F, 0x78, 0x0F, 0x3E, 0x07, 0x8F, 0x07, 0xFF, 0x83, 0xFF, 0xE3, 0xFF,
    0xF1, 0xFF, 0xF8, 0xF0, 0x3E, 0xF8, 0x0F, 0x78, 0x07, 0x80, 0x1E, 0xC3, 0xFC, 0x3F, 0xC1, 0x38,
    0x06, 0x00, 0xF0, 0x1F, 0x83, 0xFC, 0x19, 0x81, 0xF0, 0x3F, 0xC3, 0xFE, 0x3F, 0xE0, 0x1E, 0x0F,
    0xF3, 0xFF, 0x7F, 0xF7, 0x8F, 0xF8, 0xF7, 0xFF, 0x7F, 0xF3, 0xFF, 0x07, 0x00, 0x01, 0x80, 0x01,
    0xE0, 0x01, 0xF8, 0x00, 0xFE, 0x00, 0x66, 0x00, 0x00, 0x00, 0x0F, 0x80, 0x07, 0xC0, 0x07, 0xE0,
    0x03, 0xF8, 0x03, 0xFC, 0x01, 0xFF, 0x01, 0xF7, 0x80, 0xF3, 0xE0, 0x78, 0xF0, 0x7F, 0xF8, 0x3F,
    0xFE, 0x3F, 0xFF, 0x1F, 0xFF, 0x8F, 0x03, 0xEF, 0x80, 0xF7, 0x80, 0x78, 0x00, 0x00, 0x03, 0x80,
    0x03, 0xC0, 0x01, 0xE0, 0x00, 0x70, 0x00, 0x06, 0x00, 0xF0, 0x1F, 0x83, 0xFC, 0x19, 0x81, 0xF0,
    0x3F, 0xC3, 0xFE, 0x3F, 0xE0, 0x1E, 0x0F, 0xF3, 0xFF, 0x7F, 0xF7, 0x8F, 0xF8, 0xF7, 0xFF, 0x7F,
    0xF3, 0xFF, 0x07, 0x00, 0x70, 0x0F, 0x00, 0xF0, 0x07, 0x00, 0x00, 0x60, 0x00, 0x38, 0x00, 0x3C,
    0x00, 0x3C, 0x00, 0x1C, 0x00, 0x7B, 0xC0, 0x1F, 0xC0, 0x0F, 0xE0, 0x03, 0xE0, 0x00, 0x00, 0x00,
    0xF8, 0x00, 0x7C, 0x00, 0x7E, 0x00, 0x3F, 0x80, 0x3F, 0xC0, 0x1F, 0xF0, 0x1F, 0x78, 0x0F, 0x3E,
    0x07, 0x8F, 0x07, 0xFF, 0x83, 0xFF, 0xE3, 0xFF, 0xF1, 0xFF, 0xF8, 0xF0, 0x3E, 0xF8, 0x0F, 0x78,
    0x07, 0x80, 0x00, 0x80, 0x1C, 0x03, 0xC0, 0x78, 0x07, 0x03, 0xBC, 0x3D, 0xC1, 0xFC, 0x1F, 0x80,
    0x60, 0x1F, 0x03, 0xFC, 0x3F, 0xE3, 0xFE, 0x01, 0xE0, 0xFF, 0x3F, 0xF7, 0xFF, 0x78, 0xFF, 0x8F,
    0x7F, 0xF7, 0xFF, 0x3F, 0xF0, 0x70, 0x03, 0x00, 0x03, 0x80, 0x01, 0xE0, 0x00, 0x78, 0x00, 0x1C,
    0x00, 0x7B, 0xC0, 0x1F, 0xC0, 0x0F, 0xE0, 0x03, 0xE0, 0x00, 0x00, 0x00, 0xF8, 0x00, 0x7C, 0x00,
    0x7E, 0x00, 0x3F, 0x80, 0x3F, 0xC0, 0x1F, 0xF0, 0x1F, 0x78, 0x0F, 0x3E, 0x07, 0x8F, 0x07, 0xFF,
    0x83, 0xFF, 0xE3, 0xFF, 0xF1, 0xFF, 0xF8, 0xF0, 0x3E, 0xF8, 0x0F, 0x78, 0x07, 0x80, 0x00, 0x01,
    0xC0, 0x1E, 0x01, 0xF0, 0x0F, 0x03, 0xFC, 0x3D, 0xC1, 0xFC, 0x1F, 0x80, 0x60, 0x1F, 0x03, 0xFC,
    0x3F, 0xE3, 0xFE, 0x01, 0xE0, 0xFF, 0x3F, 0xF7, 0xFF, 0x78, 0xFF, 0x8F, 0x7F, 0xF7, 0xFF, 0x3F,
    0xF0, 0x70, 0x03, 0xC0, 0x01, 0xF0, 0x00, 0xF8, 0x00, 0x3C, 0x00, 0x1C, 0x00, 0x0C, 0x00, 0x3D,
    0xE0, 0x0F, 0xE0, 0x07, 0xF0, 0x01, 0xF0, 0x00, 0x00, 0x00, 0x7C, 0x00, 0x3E, 0x00, 0x3F, 0x00,
    0x1F, 0xC0, 0x1F, 0xE0, 0x0F, 0xF8, 0x0F, 0xBC, 0x07, 0x9F, 0x03, 0xC7, 0x83, 0xFF, 0xC1, 0xFF,
    0xF1, 0xFF, 0xF8, 0xFF, 0xFC, 0x78, 0x1F, 0x7C, 0x07, 0xBC, 0x03, 0xC0, 0x00, 0x01, 0xF8, 0x0F,
    0x80, 0x38, 0x07, 0x80, 0x70, 0x39, 0xC3, 0xDC, 0x1F, 0xC1, 0xF8, 0x06, 0x01, 0xF0, 0x3F, 0xC3,
    0xFE, 0x3F, 0xE0, 0x1E, 0x0F, 0xF3, 0xFF, 0x7F, 0xF7, 0x8F, 0xF8, 0xF7, 0xFF, 0x7F, 0xF3, 0xFF,
    0x07, 0x00, 0x03, 0x10, 0x03, 0xFC, 0x03, 0xFE, 0x01, 0xFE, 0x00, 0x00, 0x00, 0x7B, 0xC0, 0x1F,
    0xC0, 0x0F, 0xE0, 0x03, 0xE0, 0x00, 0x00, 0x00, 0xF8, 0x00, 0x7C, 0x00, 0x7E, 0x00, 0x3F, 0x80,
    0x3F, 0xC0, 0x1F, 0xF0, 0x1F, 0x78, 0x0F, 0x3E, 0x07, 0x8F, 0x07, 0xFF, 0x83, 0xFF, 0xE3, 0xFF,
    0xF1, 0xFF, 0xF8, 0xF0, 0x3E, 0xF8, 0x0F, 0x78, 0x07, 0x80, 0x1E, 0xC3, 0xFE, 0x3F, 0xC1, 0x38,
    0x39, 0xC3, 0xDC, 0x1F, 0xC1, 0xF8, 0x06, 0x01, 0xF0, 0x3F, 0xC3, 0xFE, 0x3F, 0xE0, 0x1E, 0x0F,
    0xF3, 0xFF, 0x7F, 0xF7, 0x8F, 0xF8, 0xF7, 0xFF, 0x7F, 0xF3, 0xFF, 0x07, 0x00, 0x00, 0x00, 0x07,
    0xBC, 0x01, 0xFC, 0x00, 0xFE, 0x00, 0x3E, 0x00, 0x00, 0x00, 0x0F, 0x80, 0x07, 0xC0, 0x07, 0xE0,
    0x03, 0xF8, 0x03, 0xFC, 0x01, 0xFF, 0x01, 0xF7, 0x80, 0xF3, 0xE0, 0x78, 0xF0, 0x7F, 0xF8, 0x3F,
    0xFE, 0x3F, 0xFF, 0x1F, 0xFF, 0x8F, 0x03, 0xEF, 0x80, 0xF7, 0x80, 0x78, 0x00, 0x00, 0x03, 0x80,
    0x03, 0xC0, 0x01, 0xE0, 0x00, 0x70, 0x00, 0x39, 0xC3, 0xDC, 0x1F, 0xC1, 0xF8, 0x06, 0x01, 0xF0,
    0x3F, 0xC3, 0xFE, 0x3F, 0xE0, 0x1E, 0x0F, 0xF3, 0xFF, 0x7F, 0xF7, 0x8F, 0xF8, 0xF7, 0xFF, 0x7F,
    0xF3, 0xFF, 0x07, 0x00, 0x70, 0x0F, 0x00, 0xF0, 0x07, 0x00, 0xFF, 0xF7, 0xFF, 0xBF, 0xFD, 0xFF,
    0xCF, 0x80, 0x7C, 0x03, 0xFF, 0x9F, 0xFC, 0xFF, 0xE7, 0xFF, 0x3E, 0x01, 0xF0, 0x0F, 0x80, 0x7F,
    0xFB, 0xFF, 0xDF, 0xFE, 0x00, 0x00, 0x70, 0x03, 0xC0, 0x1E, 0x00, 0xE0, 0x00, 0x0F, 0x03, 0xFC,
    0x7F, 0xE7, 0xFE, 0xF1, 0xEF, 0xFF, 0xFF, 0xFF, 0xFF, 0xF0, 0x0F, 0x80, 0xFF, 0xE7, 0xFE, 0x3F,
    0xE0, 0x78, 0x0E, 0x00, 0xF0, 0x0F, 0x00, 0xE0, 0x1F, 0x00, 0xFC, 0x03, 0xE0, 0x0F, 0x00, 0xE0,
    0x03, 0x03, 0xFF, 0xDF, 0xFE, 0xFF, 0xF7, 0xFF, 0x3E, 0x01, 0xF0, 0x0F, 0xFE, 0x7F, 0xF3, 0xFF,
    0x9F, 0xFC, 0xF8, 0x07, 0xC0, 0x3E, 0x01, 0xFF, 0xEF, 0xFF, 0x7F, 0xF8, 0x00, 0x01, 0xF0, 0x1F,
    0x00, 0x78, 0x0F, 0x00, 0xE0, 0x0F, 0x03, 0xFC, 0x7F, 0xE7, 0xFE, 0xF1, 0xEF, 0xFF, 0xFF, 0xFF,
    0xFF, 0xF0, 0x0F, 0x80, 0xFF, 0xE7, 0xFE, 0x3F, 0xE0, 0x78, 0x00, 0x00, 0xFE, 0x0F, 0xF0, 0x7F,
    0x81, 0x10, 0x00, 0x03, 0xFF, 0xDF, 0xFE, 0xFF, 0xF7, 0xFF, 0x3E, 0x01, 0xF0, 0x0F, 0xFE, 0x7F,
    0xF3, 0xFF, 0x9F, 0xFC, 0xF8, 0x07, 0xC0, 0x3E, 0x01, 0xFF, 0xEF, 0xFF, 0x7F, 0xF8, 0x00, 0x83,
    0xFC, 0x7F, 0xC7, 0xF8, 0x00, 0x00, 0xF0, 0x3F, 0xC7, 0xFE, 0x7F, 0xEF, 0x1E, 0xFF, 0xFF, 0xFF,
    0xFF, 0xFF, 0x00, 0xF8, 0x0F, 0xFE, 0x7F, 0xE3, 0xFE, 0x07, 0x80, 0x00, 0x10, 0x00, 0xE0, 0x07,
    0xC1, 0xBC, 0x0F, 0xE0, 0x7F, 0x03, 0xFC, 0x06, 0x60, 0x00, 0x03, 0xFF, 0xCF, 0xFF, 0x3F, 0xFC,
    0xFF, 0xE3, 0xE0, 0x0F, 0x80, 0x3F, 0xF8, 0xFF, 0xE3, 0xFF, 0x8F, 0xFE, 0x3E, 0x00, 0xF8, 0x03,
    0xE0, 0x0F, 0xFF, 0x3F, 0xFC, 0xFF, 0xF0, 0x00, 0x30, 0x01, 0xE0, 0x0F, 0x81, 0xBC, 0x0F, 0xE0,
    0xFE, 0x03, 0xF8, 0x04, 0x60, 0x0F, 0x00, 0xFF, 0x07, 0xFE, 0x1F, 0xF8, 0xF1, 0xE3, 0xFF, 0xCF,
    0xFF, 0x3F, 0xFC, 0xF0, 0x03, 0xE0, 0x0F, 0xFE, 0x1F, 0xF8, 0x3F, 0xE0, 0x1E, 0x00, 0x01, 0x80,
    0x1E, 0x00, 0xF8, 0x0F, 0xC0, 0xFE, 0x0F, 0xE0, 0xFF, 0x03, 0x30, 0x00, 0x07, 0xFF, 0xBF, 0xFD,
    0xFF, 0xEF, 0xFE, 0x7C, 0x03, 0xE0, 0x1F, 0xFC, 0xFF, 0xE7, 0xFF, 0x3F, 0xF9, 0xF0, 0x0F, 0x80,
    0x7C, 0x03, 0xFF, 0xDF, 0xFE, 0xFF, 0xF0, 0x01, 0x80, 0x3C, 0x03, 0xE0, 0x6F, 0x0F, 0x63, 0xF8,
    0x3F, 0x81, 0x18, 0x0F, 0x03, 0xFC, 0x7F, 0xE7, 0xFE, 0xF1, 0xEF, 0xFF, 0xFF, 0xFF, 0xFF, 0xF0,
    0x0F, 0x80, 0xFF, 0xE7, 0xFE, 0x3F, 0xE0, 0x78, 0x00, 0x60, 0x03, 0xE0, 0x0F, 0x80, 0x0E, 0x06,
    0x78, 0x3D, 0xC1, 0xF8, 0x0F, 0xF0, 0x19, 0x80, 0x00, 0x0F, 0xFF, 0x3F, 0xFC, 0xFF, 0xF3, 0xFF,
    0x8F, 0x80, 0x3E, 0x00, 0xFF, 0xE3, 0xFF, 0x8F, 0xFE, 0x3F, 0xF8, 0xF8, 0x03, 0xE0, 0x0F, 0x80,
    0x3F, 0xFC, 0xFF, 0xF3, 0xFF, 0xC0, 0x01, 0xF0, 0x0F, 0xC0, 0x3E, 0x0D, 0xE0, 0xFE, 0x1F, 0xC0,
    0xFE, 0x02, 0x30, 0x0F, 0x01, 0xFE, 0x1F, 0xF8, 0xFF, 0xCF, 0x1E, 0x7F, 0xFB, 0xFF, 0xDF, 0xFE,
    0xF0, 0x07, 0xC0, 0x3F, 0xF8, 0xFF, 0xC3, 0xFE, 0x03, 0xC0, 0x1E, 0xC1, 0xFF, 0x0F, 0xF0, 0x27,
    0x00, 0x60, 0x07, 0x80, 0x7E, 0x07, 0xF8, 0x19, 0x80, 0x00, 0x3F, 0xFD, 0xFF, 0xEF, 0xFF, 0x7F,
    0xF3, 0xE0, 0x1F, 0x00, 0xFF, 0xE7, 0xFF, 0x3F, 0xF9, 0xFF, 0xCF, 0x80, 0x7C, 0x03, 0xE0, 0x1F,
    0xFE, 0xFF, 0xF7, 0xFF, 0x80, 0x1C, 0xC3, 0xFC, 0x7F, 0xC3, 0x38, 0x06, 0x00, 0xF0, 0x3F, 0x83,
    0xF8, 0x11, 0x80, 0xF0, 0x3F, 0xC7, 0xFE, 0x7F, 0xEF, 0x1E, 0xFF, 0xFF, 0xFF, 0xFF, 0xFF, 0x00,
    0xF8, 0x0F, 0xFE, 0x7F, 0xE3, 0xFE, 0x07, 0x80, 0x06, 0x00, 0x78, 0x07, 0xE0, 0x7F, 0x81, 0x98,
    0x00, 0x03, 0xFF, 0xDF, 0xFE, 0xFF, 0xF7, 0xFF, 0x3E, 0x01, 0xF0, 0x0F, 0xFE, 0x7F, 0xF3, 0xFF,
    0x9F, 0xFC, 0xF8, 0x07, 0xC0, 0x3E, 0x01, 0xFF, 0xEF, 0xFF, 0x7F, 0xF8, 0x00, 0x01, 0xC0, 0x0F,
    0x00, 0x78, 0x03, 0x80, 0x06, 0x00, 0xF0, 0x3F, 0x83, 0xF8, 0x11, 0x80, 0xF0, 0x3F, 0xC7, 0xFE,
    0x7F, 0xEF, 0x1E, 0xFF, 0xFF, 0xFF, 0xFF, 0xFF, 0x00, 0xF8, 0x0F, 0xFE, 0x7F, 0xE3, 0xFE, 0x07,
    0x80, 0xE0, 0x0F, 0x00, 0xF0, 0x0E, 0x00, 0xFB, 0xEF, 0xDE, 0x70, 0x8F, 0xBE, 0xFB, 0xEF, 0xBE,
    0xFB, 0xEF, 0xBE, 0xFB, 0xEF, 0xBE, 0xFB, 0xE0, 0x03, 0xE7, 0xD7, 0x3C, 0xE0, 0x1E, 0x79, 0xE7,
    0x9E, 0x79, 0xE7, 0x9E, 0x79, 0xE7, 0x80, 0xFF, 0xFF, 0xFF, 0xFF, 0xFF, 0xFF, 0xFF, 0xFF, 0xFF,
    0xFF, 0x03, 0x9E, 0xF7, 0x00, 0x77, 0xBF, 0xE6, 0x03, 0xDE, 0xF7, 0xBD, 0xEF, 0x7B, 0xDE, 0xF7,
    0x80, 0xEF, 0x79, 0xC0, 0x01, 0x80, 0x0F, 0xF0, 0x3F, 0xFC, 0x3F, 0xFE, 0x7E, 0x7E, 0xF8, 0x1F,
    0xF8, 0x1F, 0xF0, 0x0F, 0xF0, 0x0F, 0xF0, 0x0F, 0xF0, 0x0F, 0xF8, 0x1F, 0xF8, 0x1F, 0x7C, 0x3E,
    0x7F, 0xFE, 0x3F, 0xFC, 0x0F, 0xF8, 0x03, 0xC0, 0x01, 0xC0, 0x03, 0xC0, 0x03, 0xC0, 0x01, 0xC0,
    0x0F, 0x03, 0xFC, 0x7F, 0xEF, 0xFE, 0xF9, 0xFF, 0x0F, 0xF0, 0xFF, 0x0F, 0xF0, 0xFF, 0x9F, 0x7F,
    0xE7, 0xFE, 0x3F, 0xC0, 0xF0, 0x0F, 0x00, 0xF0, 0x0F, 0x00, 0xE0, 0x07, 0xC0, 0x07, 0xE0, 0x03,
    0xE0, 0x01, 0xE0, 0x03, 0xC0, 0x01, 0xC0, 0x0F, 0xF0, 0x3F, 0xFC, 0x3F, 0xFE, 0x7E, 0x7E, 0xF8,
    0x1F, 0xF8, 0x1F, 0xF0, 0x0F, 0xF0, 0x0F, 0xF0, 0x0F, 0xF0, 0x0F, 0xF8, 0x1F, 0xF8, 0x1F, 0x7C,
    0x3E, 0x7F, 0xFE, 0x3F, 0xFC, 0x0F, 0xF8, 0x03, 0xC0, 0x00, 0x01, 0xF0, 0x1F, 0x80, 0xF8, 0x07,
    0x80, 0xE0, 0x0F, 0x03, 0xFC, 0x7F, 0xEF, 0xFE, 0xF9, 0xFF, 0x0F, 0xF0, 0xFF, 0x0F, 0xF0, 0xFF,
    0x9F, 0x7F, 0xE7, 0xFE, 0x3F, 0xC0, 0xF0, 0x00, 0x0C, 0x00, 0x0F, 0x00, 0x1E, 0x01, 0xBC, 0x03,
    0xF8, 0x07, 0xE0, 0x0F, 0xF0, 0x06, 0x60, 0x01, 0x80, 0x0F, 0xF0, 0x3F, 0xFC, 0x3F, 0xFE, 0x7E,
    0x7E, 0xF8, 0x1F, 0xF8, 0x1F, 0xF0, 0x0F, 0xF0, 0x0F, 0xF0, 0x0F, 0xF0, 0x0F, 0xF8, 0x1F, 0xF8,
    0x1F, 0x7C, 0x3E, 0x7F, 0xFE, 0x3F, 0xFC, 0x0F, 0xF8, 0x03, 0xC0, 0x00, 0x00, 0x00, 0xC0, 0x07,
    0x80, 0x3E, 0x06, 0xF0, 0x3F, 0x81, 0xF8, 0x0F, 0xF0, 0x19, 0x80, 0x3C, 0x03, 0xFC, 0x1F, 0xF8,
    0xFF, 0xE3, 0xE7, 0xCF, 0x0F, 0x3C, 0x3C, 0xF0, 0xF3, 0xC3, 0xCF, 0x9F, 0x1F, 0xF8, 0x7F, 0xE0,
    0xFF, 0x00, 0xF0, 0x00, 0x00, 0x00, 0x00, 0x60, 0x00, 0xF0, 0x00, 0xF8, 0x01, 0xF8, 0x03, 0xD8,
    0x07, 0xE0, 0x0F, 0xF0, 0x06, 0x60, 0x01, 0x80, 0x0F, 0xF0, 0x3F, 0xFC, 0x3F, 0xFE, 0x7E, 0x7E,
    0xF8, 0x1F, 0xF8, 0x1F, 0xF0, 0x0F, 0xF0, 0x0F, 0xF0, 0x0F, 0xF0, 0x0F, 0xF8, 0x1F, 0xF8, 0x1F,
    0x7C, 0x3E, 0x7F, 0xFE, 0x3F, 0xFC, 0x0F, 0xF8, 0x03, 0xC0, 0x01, 0x00, 0x38, 0x03, 0xC0, 0x3E,
    0x06, 0xE0, 0xF4, 0x1F, 0x83, 0xFC, 0x19, 0x80, 0xF0, 0x3F, 0xC7, 0xFE, 0xFF, 0xEF, 0x9F, 0xF0,
    0xFF, 0x0F, 0xF0, 0xFF, 0x0F, 0xF9, 0xF7, 0xFE, 0x7F, 0xE3, 0xFC, 0x0F, 0x00, 0x00, 0x78, 0x00,
    0x7E, 0x00, 0x7E, 0x00, 0x1E, 0x01, 0xBC, 0x03, 0xD8, 0x07, 0xE0, 0x0F, 0xF0, 0x06, 0x60, 0x01,
    0x80, 0x0F, 0xF0, 0x3F, 0xFC, 0x3F, 0xFE, 0x7E, 0x7E, 0xF8, 0x1F, 0xF8, 0x1F, 0xF0, 0x0F, 0xF0,
    0x0F, 0xF0, 0x0F, 0xF0, 0x0F, 0xF8, 0x1F, 0xF8, 0x1F, 0x7C, 0x3E, 0x7F, 0xFE, 0x3F, 0xFC, 0x0F,
    0xF8, 0x03, 0xC0, 0x00, 0xE0, 0x0F, 0x80, 0x7E, 0x00, 0x70, 0x6F, 0x07, 0xF0, 0x7E, 0x07, 0xF8,
    0x19, 0x80, 0x78, 0x0F, 0xF0, 0xFF, 0xCF, 0xFE, 0x7C, 0xFB, 0xC3, 0xDE, 0x1E, 0xF0, 0xF7, 0x87,
    0xBE, 0x7C, 0xFF, 0xC7, 0xFE, 0x1F, 0xE0, 0x3C, 0x00, 0x07, 0xB0, 0x0F, 0xF0, 0x0F, 0xF0, 0x04,
    0xE0, 0x01, 0x80, 0x03, 0xC0, 0x07, 0xE0, 0x0F, 0xF0, 0x06, 0x60, 0x01, 0x80, 0x0F, 0xF0, 0x3F,
    0xFC, 0x3F, 0xFE, 0x7E, 0x7E, 0xF8, 0x1F, 0xF8, 0x1F, 0xF0, 0x0F, 0xF0, 0x0F, 0xF0, 0x0F, 0xF0,
    0x0F, 0xF8, 0x1F, 0xF8, 0x1F, 0x7C, 0x3E, 0x7F, 0xFE, 0x3F, 0xFC, 0x0F, 0xF8, 0x03, 0xC0, 0x1E,
    0xC3, 0xFC, 0x3F, 0xC1, 0x38, 0x06, 0x00, 0xF0, 0x1F, 0x83, 0xFC, 0x19, 0x80, 0xF0, 0x3F, 0xC7,
    0xFE, 0xFF, 0xEF, 0x9F, 0xF0, 0xFF, 0x0F, 0xF0, 0xFF, 0x0F, 0xF9, 0xF7, 0xFE, 0x7F, 0xE3, 0xFC,
    0x0F, 0x00, 0x01, 0x80, 0x03, 0xC0, 0x07, 0xE0, 0x0F, 0xF0, 0x06, 0x60, 0x01, 0x80, 0x0F, 0xF0,
    0x3F, 0xFC, 0x3F, 0xFE, 0x7E, 0x7E, 0xF8, 0x1F, 0xF8, 0x1F, 0xF0, 0x0F, 0xF0, 0x0F, 0xF0, 0x0F,
    0xF0, 0x0F, 0xF8, 0x1F, 0xF8, 0x1F, 0x7C, 0x3E, 0x7F, 0xFE, 0x3F, 0xFC, 0x0F, 0xF8, 0x03, 0xC0,
    0x01, 0xC0, 0x03, 0xC0, 0x03, 0xC0, 0x01, 0xC0, 0x06, 0x00, 0xF0, 0x1F, 0x83, 0xFC, 0x19, 0x80,
    0xF0, 0x3F, 0xC7, 0xFE, 0xFF, 0xEF, 0x9F, 0xF0, 0xFF, 0x0F, 0xF0, 0xFF, 0x0F, 0xF9, 0xF7, 0xFE,
    0x7F, 0xE3, 0xFC, 0x0F, 0x00, 0xF0, 0x0F, 0x00, 0xF0, 0x0E, 0x00, 0x00, 0xC0, 0x01, 0xE0, 0x03,
    0xE0, 0x07, 0x87, 0x03, 0x0F, 0x01, 0x8F, 0x0F, 0xFF, 0x3F, 0xFF, 0x3F, 0xFE, 0x7E, 0x7E, 0xF8,
    0x1F, 0xF8, 0x1F, 0xF0, 0x0F, 0xF0, 0x0F, 0xF0, 0x0F, 0xF0, 0x0F, 0xF8, 0x1F, 0xF8, 0x1F, 0x7C,
    0x3E, 0x7F, 0xFE, 0x3F, 0xFC, 0x0F, 0xF8, 0x03, 0xC0, 0x00, 0x00, 0x18, 0x01, 0xE0, 0x1E, 0x01,
    0xE3, 0x86, 0x3C, 0x3D, 0xE7, 0xFF, 0x7F, 0xF7, 0xFF, 0xBE, 0x7D, 0xE1, 0xEF, 0x0F, 0x78, 0x7B,
    0xC3, 0xDF, 0x3E, 0x7F, 0xE3, 0xFF, 0x0F, 0xF0, 0x1E, 0x00, 0x03, 0x00, 0x07, 0x80, 0x07, 0xC0,
    0x01, 0xE7, 0x00, 0xCF, 0x01, 0xCF, 0x0F, 0xFF, 0x3F, 0xFF, 0x3F, 0xFE, 0x7E, 0x7E, 0xF8, 0x1F,
    0xF8, 0x1F, 0xF0, 0x0F, 0xF0, 0x0F, 0xF0, 0x0F, 0xF0, 0x0F, 0xF8, 0x1F, 0xF8, 0x1F, 0x7C, 0x3E,
    0x7F, 0xFE, 0x3F, 0xFC, 0x0F, 0xF8, 0x03, 0xC0, 0x00, 0x00, 0x60, 0x07, 0x80, 0x1E, 0x00, 0x7B,
    0x81, 0xBC, 0x3D, 0xE7, 0xFF, 0x7F, 0xF7, 0xFF, 0xBE, 0x7D, 0xE1, 0xEF, 0x0F, 0x78, 0x7B, 0xC3,
    0xDF, 0x3E, 0x7F, 0xE3, 0xFF, 0x0F, 0xF0, 0x1E, 0x00, 0x07, 0xC0, 0x07, 0xE0, 0x03, 0xE0, 0x01,
    0xE7, 0x03, 0xCF, 0x01, 0xCF, 0x0F, 0xFF, 0x3F, 0xFF, 0x3F, 0xFE, 0x7E, 0x7E, 0xF8, 0x1F, 0xF8,
    0x1F, 0xF0, 0x0F, 0xF0, 0x0F, 0xF0, 0x0F, 0xF0, 0x0F, 0xF8, 0x1F, 0xF8, 0x1F, 0x7C, 0x3E, 0x7F,
    0xFE, 0x3F, 0xFC, 0x0F, 0xF8, 0x03, 0xC0, 0x00, 0x00, 0xF8, 0x07, 0xE0, 0x1F, 0x00, 0x7B, 0x87,
    0x3C, 0x3D, 0xE7, 0xFF, 0x7F, 0xF7, 0xFF, 0xBE, 0x7D, 0xE1, 0xEF, 0x0F, 0x78, 0x7B, 0xC3, 0xDF,
    0x3E, 0x7F, 0xE3, 0xFF, 0x0F, 0xF0, 0x1E, 0x00, 0x00, 0x00, 0x07, 0xF0, 0x0F, 0xF0, 0x0F, 0xF7,
    0x04, 0x6F, 0x01, 0x8F, 0x0F, 0xFF, 0x3F, 0xFF, 0x3F, 0xFE, 0x7E, 0x7E, 0xF8, 0x1F, 0xF8, 0x1F,
    0xF0, 0x0F, 0xF0, 0x0F, 0xF0, 0x0F, 0xF0, 0x0F, 0xF8, 0x1F, 0xF8, 0x1F, 0x7C, 0x3E, 0x7F, 0xFE,
    0x3F, 0xFC, 0x0F, 0xF8, 0x03, 0xC0, 0x00, 0x81, 0xFE, 0x0F, 0xF0, 0x7F, 0xF0, 0x07, 0x87, 0xBC,
    0xFF, 0xEF, 0xFE, 0xFF, 0xF7, 0xCF, 0xBC, 0x3D, 0xE1, 0xEF, 0x0F, 0x78, 0x7B, 0xE7, 0xCF, 0xFC,
    0x7F, 0xE1, 0xFE, 0x03, 0xC0, 0x00, 0x07, 0x00, 0x0F, 0x01, 0x8F, 0x0F, 0xFF, 0x3F, 0xFF, 0x3F,
    0xFE, 0x7E, 0x7E, 0xF8, 0x1F, 0xF8, 0x1F, 0xF0, 0x0F, 0xF0, 0x0F, 0xF0, 0x0F, 0xF0, 0x0F, 0xF8,
    0x1F, 0xF8, 0x1F, 0x7C, 0x3E, 0x7F, 0xFE, 0x3F, 0xFC, 0x0F, 0xF8, 0x03, 0xC0, 0x01, 0xC0, 0x03,
    0xC0, 0x03, 0xC0, 0x01, 0xC0, 0x00, 0x38, 0x03, 0xC3, 0xDE, 0x7F, 0xF7, 0xFF, 0x7F, 0xFB, 0xE7,
    0xDE, 0x1E, 0xF0, 0xF7, 0x87, 0xBC, 0x3D, 0xF3, 0xE7, 0xFE, 0x3F, 0xF0, 0xFF, 0x01, 0xE0, 0x0F,
    0x00, 0x78, 0x03, 0xC0, 0x1C, 0x00, 0xF8, 0x3F, 0xE0, 0xFF, 0x83, 0xFE, 0x0F, 0xF8, 0x3F, 0xE0,
    0xFF, 0x83, 0xFE, 0x0F, 0xF8, 0x3F, 0xE0, 0xFF, 0x83, 0xFE, 0x1F, 0x7C, 0xFD, 0xFF, 0xE3, 0xFF,
    0x87, 0xF8, 0x07, 0x80, 0x0E, 0x00, 0x78, 0x01, 0xE0, 0x03, 0x80, 0x00, 0x1E, 0x3F, 0xC7, 0xF8,
    0xFF, 0x1F, 0xE3, 0xFC, 0x7F, 0x8F, 0xF1, 0xFF, 0x3D, 0xFF, 0xBF, 0xF3, 0xFE, 0x1E, 0x03, 0x80,
    0x78, 0x0F, 0x01, 0xC0, 0x0F, 0x80, 0x3F, 0x00, 0x7C, 0x00, 0xF0, 0x07, 0x80, 0x0C, 0x0F, 0x83,
    0xFE, 0x0F, 0xF8, 0x3F, 0xE0, 0xFF, 0x83, 0xFE, 0x0F, 0xF8, 0x3F, 0xE0, 0xFF, 0x83, 0xFE, 0x0F,
    0xF8, 0x3F, 0xE1, 0xF7, 0xCF, 0xDF, 0xFE, 0x3F, 0xF8, 0x7F, 0x80, 0x78, 0x00, 0x00, 0x03, 0xE0,
    0x7E, 0x03, 0xC0, 0xF0, 0x1C, 0x00, 0x07, 0x8F, 0xF1, 0xFE, 0x3F, 0xC7, 0xF8, 0xFF, 0x1F, 0xE3,
    0xFC, 0x7F, 0xCF, 0x7F, 0xEF, 0xFC, 0xFF, 0x87, 0x80, 0x01, 0x80, 0x01, 0xE0, 0x01, 0xF0, 0x00,
    0xF0, 0xE0, 0x70, 0x78, 0x00, 0x7F, 0xE0, 0xFD, 0xF0, 0x7E, 0xF8, 0x3C, 0x7C, 0x1E, 0x3E, 0x0F,
    0x1F, 0x07, 0x8F, 0x83, 0xC7, 0xC1, 0xE3, 0xE0, 0xF1, 0xF0, 0x78, 0xF8, 0x3C, 0x7C, 0x3E, 0x1F,
    0x3F, 0x0F, 0xFF, 0x03, 0xFF, 0x80, 0xFF, 0x00, 0x1E, 0x00, 0x00, 0x00, 0x1C, 0x00, 0xF8, 0x03,
    0xC0, 0x1E, 0x1C, 0x30, 0xF0, 0x03, 0xFC, 0x7E, 0xF1, 0xFB, 0xC7, 0x8F, 0x1E, 0x3C, 0x78, 0xF1,
    0xE3, 0xC7, 0x8F, 0x1E, 0x3E, 0x78, 0x7F, 0xE1, 0xFF, 0x83, 0xFE, 0x03, 0xC0, 0x06, 0x00, 0x07,
    0x80, 0x03, 0xE0, 0x00, 0xF0, 0xE0, 0x38, 0x78, 0x00, 0x7F, 0xE0, 0xFD, 0xF0, 0x7E, 0xF8, 0x3C,
    0x7C, 0x1E, 0x3E, 0x0F, 0x1F, 0x07, 0x8F, 0x83, 0xC7, 0xC1, 0xE3, 0xE0, 0xF1, 0xF0, 0x78, 0xF8,
    0x3C, 0x7C, 0x3E, 0x1F, 0x3F, 0x0F, 0xFF, 0x03, 0xFF, 0x80, 0xFF, 0x00, 0x1E, 0x00, 0x00, 0x00,
    0x70, 0x03, 0xE0, 0x07, 0x80, 0x0F, 0x1C, 0x18, 0xF0, 0x03, 0xFC, 0x7E, 0xF1, 0xFB, 0xC7, 0x8F,
    0x1E, 0x3C, 0x78, 0xF1, 0xE3, 0xC7, 0x8F, 0x1E, 0x3E, 0x78, 0x7F, 0xE1, 0xFF, 0x83, 0xFE, 0x03,
    0xC0, 0x0F, 0x80, 0x07, 0xE0, 0x01, 0xF0, 0x00, 0x78, 0xE0, 0x78, 0x78, 0x18, 0x7F, 0xE0, 0xFD,
    0xF0, 0x7E, 0xF8, 0x3C, 0x7C, 0x1E, 0x3E, 0x0F, 0x1F, 0x07, 0x8F, 0x83, 0xC7, 0xC1, 0xE3, 0xE0,
    0xF1, 0xF0, 0x78, 0xF8, 0x3C, 0x7C, 0x3E, 0x1F, 0x3F, 0x0F, 0xFF, 0x03, 0xFF, 0x80, 0xFF, 0x00,
    0x1E, 0x00, 0x00, 0x00, 0x7C, 0x01, 0xF8, 0x01, 0xE0, 0x0F, 0x1C, 0x38, 0xF0, 0x03, 0xFC, 0x7E,
    0xF1, 0xFB, 0xC7, 0x8F, 0x1E, 0x3C, 0x78, 0xF1, 0xE3, 0xC7, 0x8F, 0x1E, 0x3E, 0x78, 0x7F, 0xE1,
    0xFF, 0x83, 0xFE, 0x03, 0xC0, 0x00, 0x00, 0x07, 0xF0, 0x07, 0xFC, 0x03, 0xFC, 0xE0, 0x8C, 0x78,
    0x00, 0x7F, 0xE0, 0xFD, 0xF0, 0x7E, 0xF8, 0x3C, 0x7C, 0x1E, 0x3E, 0x0F, 0x1F, 0x07, 0x8F, 0x83,
    0xC7, 0xC1, 0xE3, 0xE0, 0xF1, 0xF0, 0x78, 0xF8, 0x3C, 0x7C, 0x3E, 0x1F, 0x3F, 0x0F, 0xFF, 0x03,
    0xFF, 0x80, 0xFF, 0x00, 0x1E, 0x00, 0x00, 0x80, 0xFF, 0x07, 0xFC, 0x1F, 0xE7, 0x00, 0x3C, 0x00,
    0xFF, 0x1F, 0xBC, 0x7E, 0xF1, 0xE3, 0xC7, 0x8F, 0x1E, 0x3C, 0x78, 0xF1, 0xE3, 0xC7, 0x8F, 0x9E,
    0x1F, 0xF8, 0x7F, 0xE0, 0xFF, 0x80, 0xF0, 0x00, 0x00, 0x07, 0x00, 0x03, 0xC0, 0x03, 0xFF, 0x07,
    0xEF, 0x83, 0xF7, 0xC1, 0xE3, 0xE0, 0xF1, 0xF0, 0x78, 0xF8, 0x3C, 0x7C, 0x1E, 0x3E, 0x0F, 0x1F,
    0x07, 0x8F, 0x83, 0xC7, 0xC1, 0xE3, 0xE1, 0xF0, 0xF9, 0xF8, 0x7F, 0xF8, 0x1F, 0xFC, 0x07, 0xF8,
    0x00, 0xF0, 0x00, 0x38, 0x00, 0x3C, 0x00, 0x1E, 0x00, 0x07, 0x00, 0x00, 0x1C, 0x00, 0xF0, 0x03,
    0xFC, 0x7E, 0xF1, 0xFB, 0xC7, 0x8F, 0x1E, 0x3C, 0x78, 0xF1, 0xE3, 0xC7, 0x8F, 0x1E, 0x3E, 0x78,
    0x7F, 0xE1, 0xFF, 0x83, 0xFE, 0x03, 0xC0, 0x0E, 0x00, 0x3C, 0x00, 0xF0, 0x03, 0x80, 0x0F, 0x00,
    0x1F, 0x00, 0x1F, 0x00, 0x0F, 0x00, 0x00, 0x1E, 0x07, 0xBE, 0x1F, 0x3C, 0x3C, 0x7C, 0xF8, 0x79,
    0xE0, 0xFF, 0xC0, 0xFF, 0x01, 0xFE, 0x01, 0xF8, 0x03, 0xF0, 0x03, 0xC0, 0x07, 0x80, 0x0F, 0x00,
    0x1E, 0x00, 0x3C, 0x00, 0x78, 0x00, 0xF0, 0x00, 0x0F, 0x00, 0x3E, 0x00, 0x3C, 0x00, 0x78, 0x00,
    0x01, 0xE0, 0xF7, 0x83, 0xCF, 0x1E, 0x3C, 0x78, 0xF1, 0xE1, 0xEF, 0x07, 0xBC, 0x1E, 0xF0, 0x3F,
    0x80, 0xFE, 0x01, 0xF8, 0x07, 0xC0, 0x1F, 0x00, 0x7C, 0x01, 0xE0, 0x0F, 0x81, 0xFC, 0x07, 0xF0,
    0x1F, 0x80, 0xF8, 0x1E, 0xF8, 0x3E, 0x7C, 0x3C, 0x3C, 0x7C, 0x3E, 0xF8, 0x1E, 0xF0, 0x1F, 0xF0,
    0x0F, 0xE0, 0x0F, 0xE0, 0x07, 0xC0, 0x07, 0xC0, 0x07, 0xC0, 0x07, 0xC0, 0x07, 0xC0, 0x07, 0xC0,
    0x07, 0xC0, 0x00, 0x00, 0x03, 0x80, 0x03, 0xC0, 0x03, 0xC0, 0x03, 0x80, 0x00, 0x07, 0x87, 0xFE,
    0x3C, 0xF1, 0xE7, 0x9F, 0x3E, 0xF0, 0xF7, 0x87, 0xFC, 0x1F, 0xC0, 0xFE, 0x07, 0xE0, 0x1F, 0x00,
    0xF0, 0x07, 0x9B, 0xFD, 0xFF, 0xCF, 0xFC, 0x79, 0x80, 0x80, 0x07, 0xC0, 0x07, 0xC0, 0x07, 0xE0,
    0x03, 0xC0, 0x03, 0x80, 0x01, 0x00, 0xF8, 0x1E, 0xF8, 0x3E, 0x7C, 0x3C, 0x3C, 0x7C, 0x3E, 0xF8,
    0x1E, 0xF0, 0x1F, 0xF0, 0x0F, 0xE0, 0x0F, 0xE0, 0x07, 0xC0, 0x07, 0xC0, 0x07, 0xC0, 0x07, 0xC0,
    0x07, 0xC0, 0x07, 0xC0, 0x07, 0xC0, 0x00, 0x00, 0xF8, 0x03, 0xE0, 0x17, 0x00, 0x78, 0x03, 0x80,
    0x00, 0x1E, 0x1F, 0xF8, 0xF3, 0xC7, 0x9E, 0x7C, 0xFB, 0xC3, 0xDE, 0x1F, 0xF0, 0x7F, 0x03, 0xF8,
    0x1F, 0x80, 0x7C, 0x03, 0xC0, 0x1E, 0x0F, 0xF0, 0x7F, 0x03, 0xF0, 0x06, 0x00, 0x00, 0x00, 0x0F,
    0xF0, 0x1F, 0xF0, 0x1F, 0xE0, 0x08, 0xC0, 0x00, 0x00, 0xF8, 0x1E, 0xF8, 0x3E, 0x7C, 0x3C, 0x3C,
    0x7C, 0x3E, 0xF8, 0x1E, 0xF0, 0x1F, 0xF0, 0x0F, 0xE0, 0x0F, 0xE0, 0x07, 0xC0, 0x07, 0xC0, 0x07,
    0xC0, 0x07, 0xC0, 0x07, 0xC0, 0x07, 0xC0, 0x07, 0xC0, 0x00, 0x00, 0xFF, 0x0F, 0xF8, 0x7F, 0x80,
    0x00, 0x00, 0x03, 0xC3, 0xFF, 0x1E, 0x78, 0xF3, 0xCF, 0x9F, 0x78, 0x7B, 0xC3, 0xFE, 0x0F, 0xE0,
    0x7F, 0x03, 0xF0, 0x0F, 0x80, 0x78, 0x03, 0xC1, 0xFE, 0x0F, 0xE0, 0x7E, 0x00, 0xC0, 0x00, 0xFF,
    0xFF, 0xFF, 0xFF, 0xC0, 0xCD, 0xE3, 0x1E, 0xFC, 0xC3, 0x0C, 0x30, 0xC3, 0x0C, 0x30, 0xC3, 0x0C,
    0x30, 0x10, 0x6F, 0xF6, 0xD3, 0x0C, 0x30, 0xC3, 0x0C, 0x30, 0xC3, 0x0C, 0x30, 0xC0, 0x21, 0x8F,
    0xDB, 0x2C, 0x30, 0xC3, 0x0C, 0x30, 0xC3, 0x0C, 0x30, 0xC3, 0x0C, 0xFF, 0xFF, 0xFF, 0xFF, 0xFF,
    0xFF, 0xFF, 0xFF, 0xFF, 0xFC, 0xFF, 0xFF, 0xFF, 0xFC, 0xFF, 0xFF, 0xFF, 0xFF, 0xFF, 0xFF, 0xFF,
    0xF0, 0xFF, 0xFF, 0xFF, 0xFF, 0xFF, 0xFF, 0xFF, 0xFF, 0xFF, 0xFF, 0xFF, 0xFF, 0xFF, 0xFF, 0xFF,
    0xFF, 0xFF, 0xFF, 0xFF, 0xFF, 0xFF, 0xFF, 0xF0, 0x01, 0x9C, 0xEF, 0xFD, 0xC0, 0x77, 0xFE, 0xE7,
    0x30, 0x00, 0xFF, 0xF7, 0xF6, 0x00, 0x01, 0x9C, 0xEF, 0xFD, 0xC0, 0x00, 0x1B, 0x9D, 0xCF, 0xEF,
    0xF7, 0xF9, 0xFC, 0x7F, 0xFF, 0xFF, 0x7F, 0x7F, 0x66, 0x00, 0xFE, 0xFF, 0xFF, 0x7F, 0xFE, 0x6E,
    0x00, 0x00, 0x1B, 0x9D, 0xCF, 0xEF, 0xF7, 0xF9, 0xFC, 0x38, 0xE3, 0x8E, 0xFF, 0xFF, 0xCE, 0x38,
    0xE3, 0x8E, 0x38, 0xE3, 0x8E, 0x38, 0xE3, 0x80, 0x38, 0xE3, 0x8E, 0xFF, 0xFF, 0xCE, 0x38, 0xE3,
    0x8E, 0x3B, 0xFF, 0xFF, 0x38, 0xE3, 0x80, 0x38, 0x7C, 0xFE, 0xFE, 0xFE, 0xFE, 0x7C, 0x38, 0x81,
    0x83, 0xC7, 0xCF, 0xFF, 0xFE, 0x78, 0xC0, 0x00, 0x77, 0xFE, 0xE0, 0x77, 0xFE, 0xE0, 0x73, 0xCE,
    0xFB, 0xDF, 0xFB, 0xDF, 0x73, 0xCE, 0x77, 0xFE, 0xE0, 0x7F, 0x1E, 0x03, 0xFE, 0x78, 0x0F, 0xFB,
    0xC0, 0x38, 0xEF, 0x00, 0xE3, 0xB8, 0x03, 0xFF, 0xE0, 0x0F, 0xFF, 0x80, 0x1F, 0xFC, 0x00, 0x3E,
    0xF7, 0xC0, 0x03, 0xFF, 0x80, 0x1F, 0xFF, 0x00, 0x7F, 0xFF, 0x01, 0xDC, 0xFC, 0x0F, 0x73, 0xF0,
    0x3D, 0xCF, 0xC1, 0xE7, 0xFF, 0x07, 0x8F, 0xFC, 0x00, 0x00, 0xE0, 0x21, 0xCE, 0xE7, 0x3B, 0x80,
    0x24, 0x3F, 0x3E, 0x7E, 0x7E, 0x7C, 0xFC, 0x00, 0x24, 0x87, 0xF8, 0xFF, 0x3F, 0xE7, 0xF8, 0xFF,
    0x3F, 0xE0, 0x00, 0x77, 0xBE, 0xE7, 0x30, 0x00, 0x08, 0xCE, 0xFF, 0xBC, 0xE3, 0x18, 0x00, 0x86,
    0x39, 0xEF, 0xFB, 0x98, 0xC0, 0x00, 0xFF, 0xFF, 0xFF, 0xE0, 0x00, 0x01, 0x81, 0xE0, 0xE0, 0xF0,
    0x70, 0x78, 0x38, 0x3C, 0x1C, 0x1E, 0x0E, 0x0F, 0x03, 0x00, 0x38, 0x7C, 0xFE, 0xFE, 0xFE, 0xFE,
    0x7C, 0x38, 0x38, 0x7C, 0xFE, 0xFE, 0xFE, 0xFE, 0x7C, 0x38, 0x7B, 0xFF, 0xDE, 0x30, 0x00, 0x00,
    0x01, 0xEF, 0x9E, 0x79, 0xF3, 0xCF, 0x1C, 0x38, 0x7C, 0xFE, 0xFE, 0xFE, 0xFE, 0x7C, 0x38, 0x3E,
    0x3F, 0xBD, 0xFC, 0x7E, 0x3E, 0x0F, 0x8F, 0xC7, 0xF7, 0xBF, 0x8F, 0x80, 0x00, 0x0E, 0x0E, 0x1E,
    0x3E, 0x7E, 0xF6, 0xFF, 0xFF, 0x06, 0x1F, 0x1F, 0x3F, 0x9F, 0xCC, 0x07, 0xC3, 0xF1, 0xFC, 0x0E,
    0x43, 0x73, 0xBF, 0xCF, 0xC0, 0x3F, 0x7F, 0xE3, 0xFF, 0xFF, 0xE7, 0xE3, 0xE3, 0xF7, 0x7F, 0x3E,
    0xFF, 0xFC, 0x38, 0x61, 0xC3, 0x8E, 0x1C, 0x70, 0xE3, 0x80, 0x3E, 0x3F, 0x9D, 0xCE, 0x67, 0xF3,
    0xFB, 0xFF, 0xC7, 0xF3, 0xBF, 0x8F, 0x80, 0x7E, 0xFE, 0xFF, 0xE3, 0xE3, 0xE7, 0xFF, 0x7F, 0xE7,
    0xFE, 0x7E, 0x30, 0xCF, 0xFF, 0xFC, 0xC0, 0xFF, 0xFF, 0xC0, 0x3E, 0x3F, 0xBD, 0xFC, 0x7E, 0x3E,
    0x0F, 0x8F, 0xC7, 0xF7, 0xBF, 0x8F, 0x80, 0x00, 0xE7, 0x18, 0xC6, 0x31, 0x8C, 0x67, 0xFE, 0x7E,
    0x3F, 0xB9, 0xCC, 0xE0, 0x70, 0xF8, 0xF8, 0xF6, 0xE3, 0x7F, 0xBF, 0xC0, 0x7F, 0x3F, 0x83, 0xC3,
    0xC3, 0xF1, 0xF8, 0x0E, 0x87, 0xE7, 0xBF, 0x9F, 0x80, 0x0E, 0x0E, 0x1E, 0x3E, 0x7E, 0xF6, 0xFF,
    0xFF, 0x06, 0x1F, 0x1F, 0x3F, 0x9F, 0xCC, 0x07, 0xC3, 0xF1, 0xFC, 0x0E, 0x43, 0x73, 0xBF, 0xCF,
    0xC0, 0x3E, 0x7F, 0xE3, 0xFF, 0xFF, 0xE7, 0xE3, 0xE3, 0xF7, 0x7F, 0x3E, 0xFF, 0xFC, 0x38, 0x61,
    0xC3, 0x8E, 0x1C, 0x70, 0xE3, 0x80, 0x3E, 0x3F, 0x9D, 0xCC, 0x67, 0xF3, 0xFB, 0xFF, 0xC7, 0xF3,
    0xBF, 0x8F, 0x80, 0x7E, 0xFE, 0xFF, 0xE3, 0xE3, 0xE7, 0xFF, 0x7F, 0xE7, 0xFE, 0x7E, 0x30, 0xCF,
    0xFF, 0xFC, 0xC0, 0xFF, 0xFF, 0xC0, 0xFE, 0x0F, 0x07, 0xFF, 0xE0, 0xF0, 0x7F, 0xFE, 0x1F, 0x87,
    0xF3, 0xC1, 0xF8, 0x3C, 0x3C, 0x1F, 0x83, 0x81, 0xE3, 0xFC, 0x78, 0xFF, 0xFF, 0xFF, 0xFF, 0xFF,
    0xFF, 0xFF, 0xFF, 0xFF, 0xFF, 0xF0, 0xF7, 0x9E, 0xF0, 0xFF, 0xFF, 0xFF, 0xFF, 0xFF, 0xFF, 0xFF,
    0xFF, 0xFF, 0xFF, 0xF0, 0x3F, 0x0F, 0xC0, 0x03, 0xE0, 0x7C, 0x00, 0x1E, 0x07, 0x80, 0x01, 0xE0,
    0x78, 0x00, 0xFF, 0xE7, 0xBF, 0xFD, 0xEF, 0xFF, 0x7B, 0xE1, 0xDE, 0xFB, 0x77, 0xBE, 0xFD, 0xEF,
    0xBF, 0x7B, 0xEF, 0xDE, 0xFB, 0xF7, 0xBE, 0xED, 0xEF, 0xB8, 0xFB, 0xEF, 0xFE, 0xFB, 0xFF, 0x3E,
    0xFF, 0x80, 0x00, 0xFF, 0x00, 0x7F, 0xF0, 0x1F, 0xFF, 0x07, 0xC1, 0xE0, 0xF0, 0x1C, 0x3C, 0x03,
    0x9F, 0xFF, 0xB3, 0xFF, 0xE0, 0x7F, 0xFC, 0x0F, 0xFF, 0x81, 0xFF, 0xF0, 0x3F, 0xFC, 0x00, 0xF0,
    0x08, 0x1E, 0x03, 0xC1, 0xF0, 0x78, 0x3F, 0xFE, 0x03, 0xFF, 0x80, 0x1F, 0xE0, 0x7F, 0xFE, 0x7F,
    0xFF, 0xBF, 0xFF, 0xFF, 0xFF, 0xFF, 0xFF, 0xFF, 0xFF, 0xFF, 0xFF, 0xFE, 0x3F, 0xFF, 0x1F, 0xFF,
    0x0F, 0xFF, 0x07, 0x00, 0x03, 0x80, 0x01, 0xC0, 0x00, 0xE0, 0x01, 0xFC, 0x00, 0xFE, 0x00, 0x7F,
    0x00, 0x00, 0x1F, 0xE0, 0xFF, 0xC7, 0xFF, 0x9C, 0x0E, 0x70, 0x3D, 0x00, 0xFF, 0xFF, 0xFF, 0xFF,
    0xFF, 0xFF, 0xFF, 0xFF, 0xFF, 0xFF, 0xFF, 0xF0, 0x3B, 0xC0, 0xFF, 0x03, 0xDF, 0xFE, 0x7F, 0xF8,
    0x7F, 0xC0, 0xFF, 0xFF, 0xFF, 0xFF, 0xFF, 0xFF, 0xE3, 0x87, 0xE3, 0x87, 0x03, 0x80, 0x03, 0x80,
    0x03, 0x80, 0x03, 0x80, 0x03, 0x80, 0x03, 0x80, 0x03, 0x80, 0x03, 0x80, 0x7F, 0xFE, 0x7F, 0xFE,
    0x7F, 0xFE, 0x0F, 0xF0, 0xC0, 0x7F, 0xB0, 0x1F, 0xEF, 0xFF, 0xFB, 0xFF, 0xFE, 0xFF, 0xFF, 0xBF,
    0xFF, 0xE1, 0xC0, 0x78, 0x70, 0x3C, 0x1F, 0xFF, 0x07, 0xFF, 0x81, 0xFF, 0x80, 0x71, 0xE0, 0x1C,
    0x78, 0x07, 0x0F, 0x43, 0xC3, 0xFF, 0xFC, 0x7F, 0xFF, 0x1F, 0xBF, 0xC3, 0xC0, 0x7F, 0x00, 0x7F,
    0x00, 0x7F, 0x00, 0x1C, 0x00, 0x1C, 0x18, 0x1F, 0xF8, 0xFF, 0xF8, 0xFF, 0xE0, 0xFF, 0xF8, 0xFF,
    0xF8, 0xFF, 0xF8, 0xFE, 0x00, 0x1C, 0x07, 0x1C, 0x07, 0x7F, 0xFF, 0x7F, 0xFF, 0x7F, 0xFF, 0x7F,
    0xFC, 0x3F, 0xFF, 0x9F, 0xFF, 0xE3, 0x80, 0xF1, 0xC0, 0x38, 0xE0, 0x1C, 0x70, 0x1E, 0x3F, 0xFE,
    0x1F, 0xFF, 0x0F, 0xFE, 0x07, 0x00, 0x1F, 0xF0, 0x0F, 0xF8, 0x07, 0xFC, 0x01, 0xFC, 0x00, 0xFE,
    0x00, 0x7F, 0x00, 0x00, 0x0E, 0x00, 0x1C, 0x00, 0x38, 0x07, 0xFF, 0xCF, 0xFF, 0xDF, 0xFF, 0x8E,
    0x07, 0x1C, 0x0F, 0x38, 0x1C, 0x7F, 0xF8, 0xFF, 0xF1, 0xFF, 0xF3, 0x83, 0xE7, 0x01, 0xCE, 0x03,
    0x9C, 0x07, 0x38, 0x1F, 0xFF, 0xFF, 0xFF, 0xF7, 0xFF, 0xC0, 0xE0, 0x01, 0xC0, 0x03, 0x80, 0x00,
    0x10, 0x01, 0xC0, 0x3F, 0xFF, 0xFF, 0xF3, 0x80, 0x0C, 0x00, 0x10, 0xC7, 0xBF, 0xFC, 0xE3, 0x8E,
    0x38, 0xE3, 0x8E, 0x38, 0xE3, 0x8E, 0x30, 0x00, 0x80, 0x07, 0x3F, 0xFD, 0xFF, 0xE0, 0x0E, 0x00,
    0x40, 0x30, 0xE3, 0x8E, 0x38, 0xE3, 0x8E, 0x38, 0xE3, 0x8E, 0xFF, 0xF7, 0x8C, 0x30, 0x10, 0x40,
    0xE1, 0xCF, 0xFF, 0xBF, 0xFE, 0x38, 0x70, 0x41, 0x80, 0x00, 0xC7, 0xBF, 0xFC, 0xE3, 0x8E, 0x38,
    0xE3, 0x8E, 0x38, 0xE3, 0x8E, 0x38, 0xE3, 0xBF, 0xFD, 0xE3, 0x00, 0x60, 0x0F, 0xC0, 0xFC, 0x0F,
    0x80, 0x7C, 0x07, 0xE0, 0x0F, 0x00, 0x78, 0x07, 0xC0, 0x3E, 0x01, 0xE0, 0x0C, 0x00, 0x00, 0x00,
    0xC0, 0x3E, 0x03, 0xE0, 0x3E, 0x07, 0xE0, 0xFE, 0x1F, 0x03, 0xE0, 0x3C, 0x07, 0x80, 0xF0, 0x06,
    0x00, 0x00, 0x00, 0x60, 0x0F, 0x00, 0xF0, 0x07, 0x80, 0x3C, 0x01, 0xE0, 0x0F, 0x00, 0x7E, 0x03,
    0xE0, 0x3E, 0x07, 0xE0, 0x1E, 0x00, 0x40, 0x00, 0x40, 0x0E, 0x01, 0xE0, 0x3C, 0x07, 0x80, 0xF0,
    0x1F, 0x07, 0xE0, 0xFC, 0x0F, 0xC0, 0xFC, 0x0F, 0x80, 0x00, 0x00, 0x00, 0x00, 0xC0, 0x0F, 0xFE,
    0xFF, 0xFF, 0xFF, 0xBF, 0xFC, 0xFF, 0xE3, 0xFF, 0x08, 0x00, 0x08, 0x0E, 0x0F, 0x8F, 0xEF, 0xF7,
    0xF9, 0xF8, 0xFC, 0x7E, 0x3F, 0x1F, 0x8F, 0xC7, 0xE0, 0x00, 0x00, 0x00, 0x03, 0x87, 0xFF, 0x1F,
    0xFE, 0x7F, 0xFD, 0xFF, 0xE7, 0xFF, 0x1F, 0xF8, 0x00, 0xC0, 0x7E, 0x3F, 0x1F, 0x8F, 0xC7, 0xE3,
    0xF1, 0xF8, 0xFC, 0xFF, 0x3F, 0x8F, 0x83, 0x80, 0x80, 0x00, 0x00, 0x18, 0x18, 0x3F, 0xFC, 0x7F,
    0xFE, 0xFF, 0xFF, 0x7F, 0xFE, 0x7F, 0xFC, 0x3F, 0xFC, 0x10, 0x18, 0xFE, 0x0F, 0xFF, 0xC1, 0xFF,
    0xF8, 0x3F, 0x9E, 0x03, 0xC3, 0xC0, 0x78, 0x3F, 0xFE, 0x07, 0xFF, 0xC0, 0x7F, 0xF0, 0x0F, 0x1E,
    0x01, 0xE3, 0xC0, 0x1E, 0xF0, 0x03, 0xDE, 0x00, 0x3B, 0x80, 0x07, 0xF0, 0x00, 0x7C, 0x00, 0x3F,
    0x80, 0x07, 0xF0, 0x00, 0xFC, 0x00, 0xFF, 0xFF, 0xFF, 0xFF, 0xFF, 0xFF, 0x01, 0xCE, 0x03, 0x8C,
    0x07, 0x00, 0x0E, 0x1F, 0xFC, 0x3F, 0xF8, 0x7F, 0xF0, 0x00, 0xE0, 0x01, 0xC6, 0x03, 0x9C, 0x07,
    0x38, 0x0E, 0x7F, 0xFF, 0xFF, 0xFF, 0xFF, 0xFC, 0x00, 0xC3, 0xFC, 0xFF, 0xBF, 0xE7, 0x7F, 0xFF,
    0xFF, 0xBF, 0xEF, 0x7F, 0xDF, 0xF9, 0xFE, 0x02, 0x00, 0x03, 0x00, 0x18, 0x01, 0xE0, 0x0F, 0x00,
    0xFC, 0x07, 0xE0, 0x7F, 0x83, 0xBC, 0x3C, 0xF1, 0xFF, 0x9F, 0xFE, 0xFF, 0xF0, 0x7F, 0xFB, 0xFF,
    0xCF, 0xFC, 0x79, 0xE1, 0xDE, 0x0F, 0xF0, 0x3F, 0x01, 0xF8, 0x07, 0x80, 0x3C, 0x00, 0xC0, 0x06,
    0x00, 0x0F, 0xF0, 0x1F, 0xFC, 0x3F, 0xFE, 0x7C, 0x3E, 0xF8, 0x0E, 0xF0, 0x0E, 0xE0, 0x0E, 0xE0,
    0x00, 0xFF, 0xE0, 0xFF, 0xE0, 0xFF, 0xE0, 0xE0, 0x00, 0xF0, 0x06, 0xF8, 0x0F, 0x7C, 0x0F, 0x3F,
    0xFE, 0x1F, 0xFE, 0x0F, 0xFC, 0xFF, 0xDF, 0xFB, 0xFF, 0x00, 0xFF, 0xFF, 0xFF, 0xF3, 0x87, 0x3F,
    0xFF, 0xFE, 0x70, 0xE0, 0x00, 0x1C, 0x1F, 0xEF, 0xFB, 0xFE, 0x7F, 0x3F, 0xE7, 0xF9, 0x74, 0x1C,
    0x00, 0x00, 0xFB, 0xFF, 0x7E, 0xFF, 0xDF, 0x0C, 0x10, 0x7C, 0xFE, 0xFE, 0xFE, 0xFE, 0x7C, 0x38,
    0x01, 0xF8, 0x0F, 0xF0, 0x3F, 0xC1, 0xE0, 0x07, 0x00, 0x1C, 0x00, 0xE0, 0x1B, 0x80, 0xFE, 0x01,
    0xF0, 0x03, 0xC0, 0x0E, 0x00, 0x00, 0x00, 0x1E, 0xF0, 0x7F, 0xF1, 0xFF, 0xF3, 0xFF, 0xE7, 0x7D,
    0xCF, 0xFF, 0x9F, 0xFF, 0x1F, 0xFC, 0x00, 0x00, 0x00, 0xC0, 0x1C, 0x07, 0x81, 0xE0, 0x78, 0x1F,
    0x03, 0xC0, 0xF0, 0x3C, 0x0F, 0x03, 0xFF, 0x7F, 0xF7, 0xFE, 0xCF, 0xFF, 0xFF, 0xFF, 0xFF, 0xFF,
    0xFF, 0xFF, 0xFF, 0xFC, 0x00, 0x05, 0x00, 0x38, 0x03, 0xE0, 0x1F, 0x01, 0xFC, 0x0F, 0xE0, 0x77,
    0x87, 0xBC, 0x38, 0xF3, 0xC7, 0x9E, 0x1D, 0xE0, 0xF7, 0x03, 0x00, 0x00, 0x23, 0x83, 0xDC, 0x1E,
    0xF1, 0xE7, 0x8F, 0x1E, 0x70, 0xF7, 0x83, 0xFC, 0x1F, 0xC0, 0x7E, 0x03, 0xE0, 0x0F, 0x00, 0x70,
    0x00, 0x0C, 0x07, 0x81, 0xE0, 0x30, 0x00, 0x00, 0x00, 0x01, 0x86, 0xF3, 0xFC, 0xF6, 0x18, 0x61,
    0xBC, 0xFF, 0x3D, 0x86, 0x00, 0x00, 0x00, 0x00, 0x30, 0x1E, 0x07, 0x80, 0xC0, 0x02, 0x7E, 0x7E,
    0x7E, 0x7E, 0x7E, 0x7E, 0x00, 0x04, 0x07, 0xFF, 0xFF, 0xFF, 0xFF, 0xFF, 0xFF, 0x70, 0x70, 0x00,
    0xFF, 0xFF, 0xFF, 0xFB, 0xFF, 0xFF, 0xFF, 0xEF, 0xFF, 0xFF, 0x00, 0x70, 0x1F, 0x07, 0xF1, 0xFC,
    0x3F, 0x0F, 0xC0, 0xFC, 0x07, 0xF0, 0x1F, 0xC0, 0x7E, 0x01, 0xF7, 0xFF, 0x7F, 0xC7, 0xFC, 0xE0,
    0x0F, 0x80, 0x7E, 0x01, 0xF8, 0x07, 0xE0, 0x3F, 0x03, 0xF0, 0x7E, 0x1F, 0x87, 0xE0, 0xF8, 0x0F,
    0xFF, 0x3F, 0xF3, 0xFE, 0x1C, 0x0E, 0x07, 0x03, 0x81, 0xC0, 0xE0, 0x70, 0x38, 0x1C, 0x7F, 0xFF,
    0xFF, 0xF0, 0xEF, 0xFF, 0x00, 0x00, 0x00, 0x00, 0x00, 0x79, 0xC0, 0x00, 0xF3, 0xC0, 0x01, 0xE7,
    0x00, 0x01, 0xFE, 0x00, 0x03, 0xFE, 0x00, 0x07, 0xBE, 0x00, 0x7F, 0x7F, 0xFF, 0xFC, 0x7F, 0xFF,
    0xF0, 0x7F, 0xFF, 0xC0, 0x1F, 0xF8, 0x00, 0x00, 0x00, 0x00, 0x1D, 0xC0, 0x00, 0x3F, 0x80, 0x00,
    0x76, 0x00, 0x00, 0x38, 0x00, 0x00, 0x70, 0x00, 0x00, 0xE0, 0x00, 0x70, 0x00, 0x00, 0x03, 0xC0,
    0x00, 0x20, 0x1C, 0x00, 0x03, 0xC1, 0xE0, 0x00, 0x3E, 0x0F, 0x80, 0x03, 0xF0, 0x3E, 0x00, 0xFF,
    0xE1, 0xFF, 0xFF, 0xFF, 0xC7, 0xFF, 0xFE, 0xFE, 0x1F, 0xFF, 0xC3, 0xF0, 0x1F, 0xF0, 0x00, 0x00,
    0x00, 0x00, 0x00, 0x01, 0xD8, 0x00, 0x00, 0x0F, 0xE0, 0x00, 0x00, 0x76, 0x00, 0x00, 0x00, 0xE0,
    0x00, 0x00, 0x07, 0x00, 0x00, 0x00, 0x38, 0x00, 0x00, 0x1C, 0x78, 0x78, 0xF1, 0xE3, 0xC7, 0xBF,
    0xFF, 0xFB, 0xE0, 0x00, 0x1D, 0xFF, 0xF7, 0x38, 0x70, 0xE0, 0x1E, 0x01, 0xE0, 0x1E, 0x01, 0xE0,
    0x7F, 0x8F, 0xFE, 0xFF, 0xFF, 0x3E, 0x00, 0x00, 0x00, 0x76, 0x07, 0xF0, 0x76, 0x01, 0xC0, 0x1C,
    0x01, 0x80, 0x00, 0x00, 0x00, 0x00, 0xC0, 0x00, 0x01, 0xB0, 0x00, 0x03, 0xF0, 0x00, 0x07, 0x60,
    0x00, 0x1F, 0xC0, 0x00, 0x3F, 0x00, 0x00, 0x00, 0x00, 0x00, 0x00, 0x3C, 0xE0, 0x00, 0x79, 0xE0,
    0x00, 0xF3, 0x80, 0x00, 0xFF, 0x00, 0x01, 0xFF, 0x00, 0x03, 0xDF, 0x00, 0x3F, 0xBF, 0xFF, 0xFE,
    0x3F, 0xFF, 0xF8, 0x3F, 0xFF, 0xE0, 0x0F, 0xFC, 0x00, 0x00, 0x00, 0x00, 0x00, 0x01, 0x80, 0x00,
    0x00, 0x0F, 0x80, 0x00, 0x00, 0x7C, 0x00, 0x00, 0x03, 0xF0, 0x00, 0x00, 0x3F, 0x00, 0x00, 0x01,
    0xF8, 0x00, 0x00, 0x00, 0x00, 0x00, 0x00, 0x00, 0x00, 0x03, 0x80, 0x00, 0x00, 0x1E, 0x00, 0x01,
    0x00, 0xE0, 0x00, 0x1E, 0x0F, 0x00, 0x01, 0xF0, 0x7C, 0x00, 0x1F, 0x81, 0xF0, 0x07, 0xFF, 0x0F,
    0xFF, 0xFF, 0xFE, 0x3F, 0xFF, 0xF7, 0xF0, 0xFF, 0xFE, 0x1F, 0x80, 0xFF, 0x80, 0x00, 0x00, 0xC1,
    0xF3, 0xF7, 0xFF, 0xFF, 0x00, 0x00, 0x70, 0xF1, 0xE3, 0xC7, 0x8F, 0x1E, 0x7D, 0xFB, 0xF7, 0x80,
    0x00, 0x00, 0x01, 0x80, 0x1F, 0x01, 0xF8, 0x1F, 0x83, 0xF8, 0x3F, 0x00, 0x00, 0x00, 0x00, 0x00,
    0x1E, 0x01, 0xE0, 0x1E, 0x01, 0xE0, 0x7F, 0x8F, 0xFE, 0xFF, 0xFF, 0x3E, 0x00, 0x00, 0x7E, 0x00,
    0xFF, 0xC0, 0x7F, 0xFE, 0x7F, 0xFE, 0x01, 0xFE, 0x01, 0xFE, 0x07, 0xFE, 0x1F, 0xC0, 0x3F, 0x00,
    0x7C, 0x00, 0x78, 0x00, 0xF9, 0xF0, 0xF1, 0xB0, 0xF0, 0xE0, 0xF0, 0xE0, 0xF0, 0x00, 0xF8, 0x00,
    0x7F, 0xFE, 0x3F, 0xFF, 0x1F, 0xFF, 0x0F, 0xFC, 0x00, 0x00, 0x7E, 0x00, 0x0F, 0xFC, 0x00, 0x7F,
    0xFE, 0x07, 0xFF, 0xE0, 0x01, 0xFE, 0x00, 0x1F, 0xE0, 0x07, 0xFE, 0x01, 0xFD, 0xC0, 0x3F, 0x1F,
    0x87, 0xC1, 0xFE, 0x78, 0x0F, 0xFF, 0x9F, 0x7E, 0xF1, 0xB0, 0x0F, 0x0E, 0x00, 0xF0, 0xE0, 0x0F,
    0x00, 0x00, 0xF8, 0x00, 0x07, 0xFF, 0xE0, 0x3F, 0xFF, 0x01, 0xFF, 0xF0, 0x0F, 0xFC, 0x00, 0x00,
    0x00, 0x7F, 0x01, 0xFF, 0x07, 0xFF, 0x9F, 0xFF, 0x00, 0xFC, 0x07, 0xF7, 0xFF, 0x3F, 0xF0, 0xFF,
    0x03, 0xF0, 0x00, 0x00, 0x00, 0x00, 0x0D, 0xC0, 0x7F, 0x00, 0xDC, 0x01, 0xC0, 0x07, 0x00, 0x1C,
    0x00, 0x7F, 0x00, 0x3F, 0xE0, 0x1F, 0xFE, 0x0F, 0xFF, 0x80, 0x0F, 0xC0, 0x0F, 0xE1, 0xFF, 0xF1,
    0xFF, 0xFF, 0xFF, 0x3F, 0xFE, 0x0F, 0xC0, 0x00, 0x00, 0x00, 0x01, 0xDC, 0x00, 0xFE, 0x00, 0x76,
    0x00, 0x0E, 0x00, 0x07, 0x00, 0x03, 0x80, 0x00, 0x00, 0x03, 0x00, 0x7C, 0x0F, 0xC1, 0xF8, 0x7F,
    0x0F, 0xC0, 0x00, 0x00, 0x00, 0x60, 0x1E, 0x03, 0xC0, 0x7C, 0x07, 0x80, 0xF8, 0x0F, 0x01, 0xEF,
    0x7D, 0xFF, 0xBF, 0xF7, 0xF8, 0x08, 0x00, 0x00, 0x00, 0x30, 0x00, 0x7C, 0x00, 0xFC, 0x01, 0xF8,
    0x07, 0xF0, 0x0F, 0xC0, 0x00, 0x00, 0x00, 0x00, 0x06, 0x00, 0x1E, 0x00, 0x3C, 0x00, 0x7C, 0x00,
    0x78, 0x00, 0xF8, 0x00, 0xF0, 0x01, 0xE0, 0xF7, 0xF1, 0xFF, 0xFB, 0xFF, 0xF7, 0xFB, 0xE0, 0x80,
    0x00, 0x02, 0x01, 0xC0, 0x70, 0x3E, 0x1D, 0xC7, 0xF0, 0xD8, 0x00, 0x00, 0x00, 0xC0, 0xF0, 0x3E,
    0x07, 0x81, 0xE0, 0x78, 0x1E, 0x07, 0x83, 0xE1, 0xF1, 0xFC, 0xFE, 0x3F, 0x07, 0x00, 0x00, 0x06,
    0x00, 0x1C, 0x00, 0x70, 0x03, 0xE0, 0x1F, 0xC0, 0x7F, 0x01, 0x98, 0x00, 0x00, 0x00, 0x00, 0x0C,
    0x00, 0xF0, 0x03, 0xE0, 0x07, 0x80, 0x1E, 0x00, 0x7E, 0x01, 0xFE, 0x07, 0xFC, 0x3F, 0xE1, 0xF0,
    0x0F, 0xC0, 0xFE, 0x03, 0xF0, 0x07, 0x00, 0x10, 0x00, 0x00, 0x03, 0x00, 0xF8, 0x3F, 0x0E, 0xC7,
    0xF1, 0xF8, 0x00, 0x00, 0x00, 0x00, 0x30, 0x3C, 0x0F, 0x81, 0xE0, 0x78, 0x1E, 0x07, 0x81, 0xE0,
    0xF8, 0x7C, 0x7F, 0x3F, 0x8F, 0xC1, 0xC0, 0x00, 0x00, 0x00, 0x00, 0x30, 0x00, 0xF8, 0x03, 0xE0,
    0x0F, 0xC0, 0x7F, 0x01, 0xF8, 0x00, 0x00, 0x00, 0x00, 0x00, 0x00, 0x30, 0x03, 0xC0, 0x0F, 0x80,
    0x1E, 0x00, 0x78, 0x01, 0xF8, 0x07, 0xF8, 0x1F, 0xF0, 0xFF, 0x87, 0xC0, 0x3F, 0x03, 0xF8, 0x0F,
    0xC0, 0x1C, 0x00, 0x40, 0x00, 0x00, 0x00, 0x10, 0x00, 0x01, 0xE0, 0x00, 0x1F, 0x80, 0x01, 0xFE,
    0x00, 0x0F, 0xF0, 0x00, 0x7E, 0x00, 0x01, 0xE0, 0x00, 0x07, 0xC0, 0x70, 0x0F, 0x81, 0xE0, 0x1F,
    0x07, 0x00, 0x3E, 0x3C, 0x00, 0x78, 0xF8, 0x01, 0xF1, 0xF0, 0x07, 0xC7, 0xFF, 0xFF, 0x0F, 0xFF,
    0xF8, 0x1F, 0xFF, 0xC0, 0x0F, 0xF8, 0x00, 0x00, 0x00, 0x00, 0x00, 0x00, 0x70, 0x00, 0x01, 0xF8,
    0x00, 0x07, 0xF8, 0x00, 0x1F, 0xE0, 0x00, 0x1F, 0x80, 0x00, 0x3E, 0x00, 0x00, 0x3F, 0x00, 0x70,
    0x1F, 0x80, 0x78, 0x0F, 0xC0, 0x70, 0x07, 0xC0, 0xF0, 0x03, 0xE0, 0xF8, 0x01, 0xF0, 0x7C, 0x01,
    0xFC, 0x7F, 0xFF, 0xFF, 0x3F, 0xFF, 0xFF, 0x1F, 0xFF, 0xDF, 0x03, 0xFE, 0x00, 0x00, 0x00, 0x38,
    0x1F, 0x8F, 0xF7, 0xF9, 0xFC, 0x3E, 0x07, 0xE0, 0x7E, 0x07, 0xE0, 0x7C, 0x07, 0xC0, 0x78, 0x1F,
    0x3F, 0xE7, 0xFC, 0xFE, 0x00, 0x00, 0x00, 0x00, 0x07, 0x00, 0x7E, 0x07, 0xF8, 0x7F, 0x83, 0xF8,
    0x0F, 0x80, 0x3F, 0x00, 0x7E, 0x00, 0xF8, 0x01, 0xF0, 0x03, 0xE0, 0x07, 0xC0, 0x3F, 0xCF, 0xFF,
    0xFF, 0xFF, 0xFE, 0xFC, 0x00, 0x00, 0x00, 0x00, 0xE0, 0x00, 0x07, 0x80, 0x00, 0x7E, 0x00, 0x07,
    0xE4, 0x00, 0x3E, 0x78, 0x00, 0xE7, 0xE0, 0x00, 0x7F, 0x80, 0x03, 0xFC, 0x00, 0x1F, 0x80, 0x00,
    0x78, 0x00, 0x01, 0xF0, 0x1C, 0x03, 0xE0, 0x78, 0x07, 0xC1, 0xC0, 0x0F, 0x8F, 0x00, 0x1E, 0x3E,
    0x00, 0x7C, 0x7C, 0x01, 0xF1, 0xFF, 0xFF, 0xC3, 0xFF, 0xFE, 0x07, 0xFF, 0xF0, 0x03, 0xFE, 0x00,
    0x00, 0x00, 0xC0, 0x00, 0x03, 0xE0, 0x00, 0x0F, 0xE0, 0x00, 0x1F, 0x80, 0x00, 0x3E, 0x70, 0x00,
    0x39, 0xF8, 0x00, 0x07, 0xF8, 0x00, 0x1F, 0xE0, 0x00, 0x1F, 0x80, 0x00, 0x3E, 0x00, 0x00, 0x3F,
    0x00, 0x70, 0x1F, 0x80, 0x78, 0x0F, 0xC0, 0x70, 0x07, 0xC0, 0xF0, 0x03, 0xE0, 0xF8, 0x01, 0xF0,
    0x7C, 0x01, 0xFC, 0x7F, 0xFF, 0xFF, 0x3F, 0xFF, 0xFF, 0x1F, 0xFF, 0xDF, 0x03, 0xFE, 0x00, 0x01,
    0x80, 0x7C, 0x1F, 0xC7, 0xF0, 0x7C, 0xE7, 0x3F, 0x0F, 0xF3, 0xFC, 0x7F, 0x07, 0xC0, 0x7E, 0x03,
    0xF0, 0x1F, 0x80, 0xF8, 0x07, 0xC0, 0x3C, 0x07, 0xC7, 0xFC, 0x7F, 0xC7, 0xF0, 0x00, 0x00, 0x01,
    0x80, 0x0F, 0x80, 0x7F, 0x03, 0xF8, 0x07, 0xCE, 0x0E, 0x7E, 0x03, 0xFC, 0x1F, 0xE0, 0x7F, 0x00,
    0xF8, 0x01, 0xF8, 0x01, 0xF8, 0x01, 0xF0, 0x01, 0xF0, 0x01, 0xF0, 0x01, 0xF0, 0x07, 0xF8, 0xFF,
    0xFD, 0xFF, 0xFB, 0xFB, 0xF0, 0x00, 0x00, 0x00, 0x04, 0x00, 0x1E, 0x00, 0x1E, 0x60, 0x0F, 0x78,
    0x0F, 0x78, 0x0F, 0xF0, 0x0F, 0xF0, 0x0F, 0xF0, 0x0F, 0xF8, 0x1F, 0x7C, 0x3E, 0x7F, 0xFE, 0x3F,
    0xFC, 0x1F, 0xF8, 0x03, 0xC0, 0x00, 0x0E, 0x00, 0x00, 0xF0, 0x18, 0x03, 0xC0, 0xF0, 0x1E, 0x07,
    0x80, 0xFC, 0x78, 0x07, 0xFB, 0xC0, 0x3F, 0xFE, 0x01, 0xFE, 0xF8, 0x0F, 0x03, 0xE1, 0xF0, 0x1F,
    0xFF, 0x80, 0x7F, 0xF8, 0x01, 0xFF, 0x80, 0x01, 0xE0, 0x00, 0x08, 0x03, 0x80, 0xF8, 0x1F, 0x83,
    0xF8, 0xFF, 0x9E, 0xF3, 0x9E, 0xF1, 0xDF, 0x7B, 0xFF, 0x3F, 0xC3, 0xF0, 0x00, 0x00, 0x1F, 0x80,
    0x3F, 0xC0, 0x7F, 0xE0, 0xFF, 0xE0, 0xF1, 0xE0, 0xF0, 0xF8, 0xF0, 0xFE, 0xF0, 0x7F, 0x70, 0x3E,
    0x00, 0x00, 0x38, 0x78, 0xF1, 0xE3, 0xC7, 0x8F, 0x3E, 0xFD, 0xFB, 0xC0, 0x83, 0x0F, 0x1E, 0x18,
    0x00, 0x00, 0xF0, 0x07, 0xC0, 0x3F, 0x3F, 0xFD, 0xFF, 0xF7, 0xF3, 0xFF, 0x07, 0xF0, 0x1F, 0x80,
    0x7E, 0x00, 0xF8, 0x01, 0xC0, 0x00, 0x00, 0x01, 0x80, 0x01, 0xE0, 0x00, 0xF8, 0x00, 0x7F, 0x00,
    0x7F, 0xC0, 0x7F, 0xF0, 0x3D, 0xFC, 0x1E, 0xFF, 0x0F, 0xF7, 0xA3, 0xFB, 0xFF, 0xFF, 0xFF, 0xFF,
    0xFF, 0xFF, 0xF0, 0xC0, 0xC0, 0x00, 0xF0, 0x00, 0x7E, 0x00, 0x3F, 0xC0, 0x1F, 0xF0, 0x07, 0xBC,
    0x03, 0xCF, 0x00, 0xF3, 0xC1, 0xBF, 0xF8, 0xFF, 0xFF, 0xFF, 0xFF, 0xFF, 0xFF, 0xFC, 0x3C, 0x78,
    0x0F, 0xFE, 0x01, 0xFF, 0x80, 0x3F, 0xC0, 0x07, 0xE0, 0x00, 0x00, 0x00, 0x0C, 0x00, 0x78, 0x01,
    0xF0, 0x07, 0xF0, 0x3F, 0xE1, 0xFF, 0xC7, 0xBF, 0x9E, 0xFF, 0x7F, 0xBC, 0xFE, 0xFF, 0xFF, 0xFF,
    0xFF, 0xFF, 0xF8, 0x03, 0x00, 0x07, 0xC0, 0x1F, 0xC0, 0x7F, 0x80, 0xFF, 0x03, 0xCE, 0x07, 0xBC,
    0x0F, 0x78, 0x3F, 0xF8, 0xFF, 0xFF, 0xFF, 0xFF, 0xFF, 0xF9, 0xE3, 0x83, 0xFF, 0x07, 0xFE, 0x07,
    0xFC, 0x07, 0xF0, 0x00, 0x00, 0x03, 0xC0, 0x00, 0x3F, 0x00, 0x03, 0xFC, 0x00, 0x3F, 0xE0, 0x03,
    0xEF, 0x80, 0x3F, 0x3C, 0x01, 0xF1, 0x80, 0x1E, 0x00, 0x00, 0xFC, 0x00, 0x3F, 0xFF, 0xFF, 0xDF,
    0xFF, 0xFE, 0x7F, 0xFF, 0xF0, 0x3F, 0xF8, 0x00, 0x00, 0x00, 0x0F, 0xFC, 0xFF, 0xFB, 0xFF, 0xFF,
    0xFF, 0x1F, 0x00, 0x3C, 0x00, 0x7F, 0xFE, 0xFF, 0xFC, 0xFF, 0xF8, 0x7F, 0xF0, 0x00, 0x00, 0x00,
    0xE0, 0x00, 0x0F, 0x00, 0x00, 0x70, 0x00, 0x03, 0xE0, 0x00, 0x1F, 0x00, 0x00, 0xF0, 0x00, 0x00,
    0x78, 0x00, 0x07, 0xE0, 0x00, 0x7F, 0x80, 0x07, 0xFC, 0x00, 0x7D, 0xF0, 0x07, 0xE7, 0x80, 0x3E,
    0x30, 0x03, 0xC0, 0x00, 0x1F, 0x80, 0x07, 0xFF, 0xFF, 0xFB, 0xFF, 0xFF, 0xCF, 0xFF, 0xFE, 0x07,
    0xFF, 0x00, 0x00, 0x00, 0x78, 0x01, 0xF0, 0x03, 0x80, 0x03, 0xC0, 0x0F, 0xC0, 0x1E, 0x00, 0x00,
    0x00, 0x07, 0xFE, 0x7F, 0xFD, 0xFF, 0xFF, 0xFF, 0x8F, 0x80, 0x1E, 0x00, 0x3F, 0xFF, 0x7F, 0xFE,
    0x7F, 0xFC, 0x3F, 0xF8, 0x00, 0x0F, 0xC0, 0x03, 0xFC, 0x00, 0xFF, 0x00, 0x3F, 0xE0, 0x07, 0x80,
    0xC1, 0xE0, 0x1E, 0x3E, 0x03, 0xC3, 0xF0, 0xF0, 0x7F, 0x9E, 0x03, 0xFB, 0xC0, 0x1F, 0x7C, 0x03,
    0xE7, 0xE1, 0xF8, 0xFF, 0xFE, 0x0F, 0xFF, 0x80, 0xFF, 0xE0, 0x03, 0xC0, 0x00, 0x60, 0x00, 0x03,
    0xC0, 0x60, 0x1E, 0x03, 0xF1, 0xE0, 0x3F, 0xEF, 0x01, 0xFF, 0xF8, 0x03, 0xFB, 0xE0, 0x0F, 0x0F,
    0xC1, 0xF8, 0x7F, 0xFF, 0x81, 0xFF, 0xF8, 0x07, 0xFF, 0x80, 0x07, 0xC0, 0x00, 0x1C, 0x3C, 0x1E,
    0x1E, 0x1E, 0x1E, 0x1E, 0x7E, 0xFE, 0xFC, 0xF8, 0x00, 0x00, 0xEE, 0xFF, 0xEE, 0x44, 0x1E, 0x01,
    0xE0, 0x1E, 0x01, 0xE0, 0x7F, 0x8F, 0xFE, 0xFF, 0xFF, 0x3E, 0x00, 0x00, 0x00, 0x77, 0x0F, 0xF0,
    0x77, 0x02, 0x20, 0x1F, 0x07, 0xE1, 0xFC, 0x3E, 0x87, 0x80, 0xF1, 0x0F, 0xF1, 0xFE, 0xFF, 0xDF,
    0xE1, 0xE0, 0x20, 0x00, 0x38, 0x3F, 0xDF, 0xE0, 0x00, 0xC0, 0xF0, 0x78, 0x3C, 0x1E, 0x0F, 0x07,
    0x83, 0xC1, 0xE0, 0xF0, 0x78, 0x3C, 0x1E, 0x0F, 0x07, 0x83, 0xC0, 0x38, 0x07, 0xF8, 0x7F, 0x80,
    0x00, 0x00, 0x01, 0xE0, 0x1E, 0x01, 0xE0, 0x1E, 0x01, 0xE0, 0x1E, 0x01, 0xE0, 0x1E, 0x01, 0xE0,
    0x1E, 0x01, 0xE0, 0x1E, 0x01, 0xF0, 0x0F, 0x80, 0xFE, 0x0F, 0xE0, 0x7E, 0x00, 0x00, 0x01, 0xCF,
    0x38, 0xFB, 0xEF, 0x0C, 0x79, 0xE7, 0x9E, 0x79, 0xE7, 0x9E, 0x79, 0xE7, 0x9E, 0x79, 0xE7, 0x80,
    0x00, 0x1C, 0x0F, 0x03, 0x80, 0xF8, 0x3E, 0x0F, 0x00, 0x00, 0x78, 0x1E, 0x07, 0x81, 0xE0, 0x78,
    0x1E, 0x07, 0x81, 0xE0, 0x78, 0x1E, 0x07, 0x81, 0xE0, 0x7C, 0x0F, 0x83, 0xF8, 0xFE, 0x1F, 0x80,
    0x00, 0x00, 0x03, 0xC0, 0x78, 0x0C, 0x01, 0xF0, 0x3E, 0x07, 0x00, 0x30, 0x1F, 0x87, 0xF1, 0xFF,
    0x3F, 0xE7, 0x9E, 0xF3, 0xDF, 0xFB, 0xFF, 0x3F, 0xC0, 0xF8, 0xFF, 0x7F, 0xC7, 0xF0, 0xF8, 0x18,
    0x00, 0x00, 0x00, 0x78, 0x01, 0xE0, 0x06, 0x00, 0x1F, 0x00, 0x7C, 0x01, 0xC0, 0x01, 0x80, 0x1F,
    0x80, 0xFE, 0x07, 0xFC, 0x1F, 0xF0, 0x79, 0xE1, 0xE7, 0x87, 0xFF, 0xDF, 0xFF, 0x3F, 0xFC, 0x1F,
    0x03, 0xFC, 0x3F, 0xE0, 0x7F, 0x01, 0xF0, 0x06, 0x00, 0x00, 0xF3, 0xCF, 0x3C, 0xF3, 0xCF, 0x3C,
    0xF3, 0xCF, 0x3C, 0xF3, 0xCF, 0x3C, 0xF0, 0x07, 0xBC, 0xE3, 0xEF, 0xBC, 0xF0, 0x78, 0x3C, 0x1E,
    0x0F, 0x07, 0x83, 0xC1, 0xE0, 0xF0, 0x78, 0x3C, 0x1E, 0x0F, 0x83, 0xE1, 0xFC, 0xFE, 0x3F, 0x00,
    0x1E, 0x0F, 0x0E, 0x03, 0xE3, 0xF0, 0xE0, 0x00, 0x00, 0x03, 0xC0, 0x00, 0xF8, 0x3F, 0x1C, 0x0F,
    0xF1, 0xE3, 0xFC, 0x7E, 0xFF, 0x8F, 0x1E, 0x03, 0x07, 0x80, 0x78, 0xF8, 0x0F, 0x0F, 0xC3, 0xC1,
    0xFE, 0x78, 0x0F, 0xEF, 0x00, 0x7D, 0xF0, 0x0F, 0x9F, 0x87, 0xE3, 0xFF, 0xF8, 0x3F, 0xFE, 0x03,
    0xFF, 0x80, 0x0F, 0x00, 0x00, 0x00, 0x00, 0x00, 0xF0, 0x00, 0x0F, 0x80, 0x00, 0x70, 0x00, 0x01,
    0xE0, 0x00, 0x1F, 0x80, 0x00, 0xF0, 0x00, 0x0C, 0x00, 0x00, 0x78, 0x0C, 0x03, 0xC0, 0x7E, 0x3C,
    0x07, 0xFD, 0xE0, 0x3F, 0xFF, 0x00, 0x7F, 0x7C, 0x01, 0xE1, 0xF8, 0x3F, 0x0F, 0xFF, 0xF0, 0x3F,
    0xFF, 0x00, 0xFF, 0xF0, 0x00, 0xF8, 0x00, 0x00, 0xF3, 0xE7, 0x07, 0x9F, 0xBC, 0x00, 0x38, 0x78,
    0xF1, 0xE3, 0xC7, 0x8F, 0x3E, 0xFD, 0xFB, 0xC0, 0x00, 0x00, 0x07, 0x80, 0xF0, 0x18, 0x03, 0xE0,
    0x7C, 0x0E, 0x00, 0x00, 0x1E, 0x03, 0xC0, 0x78, 0x1F, 0x07, 0xF1, 0xFF, 0xFF, 0xFF, 0xBF, 0x00,
    0x00, 0xF7, 0xBD, 0xEF, 0x7B, 0xDE, 0xF7, 0xBD, 0xEF, 0x7B, 0xDE, 0xF0, 0xF0, 0x78, 0x3C, 0x1E,
    0x0F, 0x07, 0x83, 0xC1, 0xE0, 0xF0, 0x78, 0x3C, 0x1E, 0x0F, 0x83, 0xE1, 0xFC, 0xFE, 0x3F, 0x00,
    0x00, 0x00, 0x00, 0x00, 0x00, 0x00, 0x79, 0xC0, 0x00, 0xF3, 0xC0, 0x01, 0xE7, 0x00, 0x01, 0xFE,
    0x00, 0x03, 0xFE, 0x00, 0x07, 0xBE, 0x00, 0x7F, 0x7F, 0xFF, 0xFC, 0x7F, 0xFF, 0xF0, 0x7F, 0xFF,
    0xC0, 0x1F, 0xF8, 0x00, 0x00, 0x00, 0x00, 0x07, 0x00, 0x00, 0x0E, 0x00, 0x00, 0x1C, 0x00, 0x00,
    0x10, 0x00, 0x70, 0x00, 0x00, 0x03, 0xC0, 0x00, 0x20, 0x1C, 0x00, 0x03, 0xC1, 0xE0, 0x00, 0x3E,
    0x0F, 0x80, 0x03, 0xF0, 0x3E, 0x00, 0xFF, 0xE1, 0xFF, 0xFF, 0xFF, 0xC7, 0xFF, 0xFE, 0xFE, 0x1F,
    0xFF, 0xC3, 0xF0, 0x1F, 0xF0, 0x00, 0x00, 0x00, 0x00, 0x00, 0x00, 0x70, 0x00, 0x00, 0x07, 0x80,
    0x00, 0x00, 0x1C, 0x00, 0x00, 0x00, 0x40, 0x00, 0x00, 0x38, 0x78, 0xF1, 0xE3, 0xC7, 0x8F, 0x3E,
    0xFD, 0xFB, 0xC0, 0x00, 0x0E, 0x1E, 0x3C, 0x30, 0x1E, 0x03, 0xC0, 0x78, 0x1F, 0x07, 0xF1, 0xFF,
    0xFF, 0xFF, 0xBF, 0x00, 0x00, 0x00, 0x70, 0x1E, 0x03, 0xC0, 0x30, 0x00, 0x3B, 0x0F, 0xF1, 0xFE,
    0x19, 0x80, 0x00, 0x10, 0x07, 0x01, 0xF0, 0x3F, 0x07, 0xF1, 0xFF, 0x3D, 0xE7, 0x3D, 0xE3, 0xBE,
    0xF7, 0xFE, 0x7F, 0x87, 0xE0, 0x00, 0x00, 0x1D, 0xC0, 0x3F, 0x80, 0x77, 0x00, 0xEE, 0x00, 0x00,
    0x00, 0x38, 0x00, 0x78, 0x03, 0xF0, 0x1F, 0xE0, 0x7F, 0xC1, 0xFF, 0x83, 0xCF, 0x0F, 0x1E, 0x1F,
    0x3C, 0x3F, 0xF8, 0x3F, 0xF8, 0x3F, 0xFE, 0x1F, 0xFC, 0x01, 0xF8, 0x00, 0x00, 0x00, 0xEE, 0x00,
    0x01, 0xDC, 0x00, 0x03, 0xB8, 0x00, 0x07, 0x70, 0x00, 0x00, 0x03, 0xCE, 0x00, 0x07, 0x9E, 0x00,
    0x0F, 0x38, 0x00, 0x0F, 0xF0, 0x00, 0x1F, 0xF0, 0x00, 0x3D, 0xF0, 0x03, 0xFB, 0xFF, 0xFF, 0xE3,
    0xFF, 0xFF, 0x83, 0xFF, 0xFE, 0x00, 0xFF, 0xC0, 0x00, 0x00, 0x66, 0x00, 0x00, 0x07, 0xF8, 0x00,
    0x00, 0x3F, 0xC0, 0x00, 0x00, 0xCC, 0x00, 0x00, 0x00, 0x00, 0x00, 0x38, 0x00, 0x00, 0x01, 0xE0,
    0x00, 0x10, 0x0E, 0x00, 0x01, 0xE0, 0xF0, 0x00, 0x1F, 0x07, 0xC0, 0x01, 0xF8, 0x1F, 0x00, 0x7F,
    0xF0, 0xFF, 0xFF, 0xFF, 0xE3, 0xFF, 0xFF, 0x7F, 0x0F, 0xFF, 0xE1, 0xF8, 0x0F, 0xF8, 0x00, 0x00,
    0x77, 0xFF, 0xFF, 0x66, 0x00, 0x1C, 0x1E, 0x1E, 0x1E, 0x1E, 0x1E, 0x1E, 0x3E, 0x7E, 0x7E, 0x78,
    0x00, 0x3B, 0x83, 0xF8, 0x3F, 0x83, 0xB8, 0x00, 0x00, 0x00, 0x1E, 0x01, 0xE0, 0x1E, 0x01, 0xE0,
    0x7F, 0x8F, 0xFE, 0xFF, 0xFF, 0x3E, 0x00, 0x00, 0x00, 0x18, 0x00, 0x00, 0x70, 0x00, 0x00, 0xE0,
    0x00, 0x03, 0xE0, 0x00, 0x0F, 0xE0, 0x00, 0x1F, 0xC0, 0x00, 0x1B, 0x00, 0x00, 0x00, 0x1E, 0x70,
    0x00, 0x3C, 0xF0, 0x00, 0x79, 0xC0, 0x00, 0x7F, 0x80, 0x00, 0xFF, 0x80, 0x01, 0xEF, 0x80, 0x1F,
    0xDF, 0xFF, 0xFF, 0x1F, 0xFF, 0xFC, 0x1F, 0xFF, 0xF0, 0x07, 0xFE, 0x00, 0x00, 0x18, 0x00, 0x00,
    0x01, 0xE0, 0x00, 0x00, 0x0F, 0x00, 0x00, 0x00, 0x7C, 0x00, 0x00, 0x07, 0xF0, 0x00, 0x00, 0x3F,
    0x80, 0x00, 0x01, 0x98, 0x00, 0x00, 0x00, 0x00, 0x00, 0x70, 0x00, 0x00, 0x03, 0xC0, 0x00, 0x20,
    0x1C, 0x00, 0x03, 0xC1, 0xE0, 0x00, 0x3E, 0x0F, 0x80, 0x03, 0xF0, 0x3E, 0x00, 0xFF, 0xE1, 0xFF,
    0xFF, 0xFF, 0xC7, 0xFF, 0xFE, 0xFE, 0x1F, 0xFF, 0xC3, 0xF0, 0x1F, 0xF0, 0x00, 0x00, 0x10, 0x70,
    0xE3, 0xEF, 0xFF, 0xDB, 0x00, 0x38, 0x78, 0xF1, 0xE3, 0xC7, 0x8F, 0x3E, 0xFD, 0xFB, 0xC0, 0x00,
    0x04, 0x00, 0xE0, 0x0E, 0x01, 0xF0, 0x3B, 0x83, 0xF8, 0x1B, 0x00, 0x00, 0x00, 0x01, 0xE0, 0x1E,
    0x01, 0xE0, 0x1E, 0x07, 0xF8, 0xFF, 0xEF, 0xFF, 0xF3, 0xE0, 0x00, 0x7E, 0x00, 0xFF, 0xC0, 0x7F,
    0xFC, 0x7F, 0xFE, 0x01, 0xFE, 0x03, 0xFE, 0x0F, 0xFC, 0x1F, 0xC0, 0x3F, 0x00, 0x7C, 0x00, 0x78,
    0x00, 0xF8, 0xE0, 0xF1, 0xE0, 0xF1, 0xE0, 0xF0, 0xE0, 0xF0, 0x00, 0xF8, 0x00, 0x7F, 0xFE, 0x7F,
    0xFE, 0x3F, 0xFE, 0x0F, 0xFC, 0x00, 0x00, 0x7E, 0x00, 0x1F, 0xF8, 0x01, 0xFF, 0xF0, 0x3F, 0xFF,
    0x00, 0x1F, 0xE0, 0x07, 0xFC, 0x03, 0xFF, 0x00, 0xFF, 0xE0, 0x3F, 0x3F, 0x0F, 0x83, 0xFD, 0xE0,
    0x7F, 0xFC, 0x77, 0xFF, 0x1E, 0x01, 0xE3, 0xC0, 0x3C, 0x38, 0x07, 0x80, 0x00, 0xF8, 0x00, 0x0F,
    0xFF, 0xC1, 0xFF, 0xF8, 0x1F, 0xFF, 0x00, 0xFF, 0xC0, 0x00, 0x00, 0x00, 0x7F, 0x01, 0xFF, 0x07,
    0xFF, 0x9F, 0xFF, 0x00, 0xFC, 0x07, 0xF7, 0xFF, 0x3F, 0xF0, 0xFF, 0x03, 0xF0, 0x00, 0x00, 0x00,
    0x00, 0x07, 0x00, 0x1E, 0x00, 0x78, 0x00, 0xC0, 0x7F, 0x00, 0x3F, 0xE0, 0x1F, 0xFE, 0x0F, 0xFF,
    0x80, 0x0F, 0xC0, 0x0F, 0xE1, 0xFF, 0xF1, 0xFF, 0xFF, 0xFF, 0x3F, 0xFE, 0x0F, 0xC0, 0x00, 0x00,
    0x00, 0x00, 0x70, 0x00, 0x38, 0x00, 0x1C, 0x00, 0x04, 0x00, 0x7E, 0x00, 0xFF, 0xC0, 0x7F, 0xFC,
    0x7F, 0xFE, 0x01, 0xFE, 0x03, 0xFE, 0x0F, 0xFC, 0x1F, 0xC0, 0x3F, 0x00, 0x7C, 0x00, 0x78, 0x00,
    0xF8, 0x00, 0xF0, 0x00, 0xF0, 0x00, 0xF0, 0x00, 0xF0, 0x00, 0xF8, 0x00, 0x7F, 0xFE, 0x7F, 0xFE,
    0x3F, 0xFE, 0x0F, 0xFC, 0x00, 0x00, 0x7E, 0x00, 0x1F, 0xF8, 0x01, 0xFF, 0xF0, 0x3F, 0xFF, 0x00,
    0x1F, 0xE0, 0x07, 0xFC, 0x03, 0xFF, 0x00, 0xFF, 0xE0, 0x3F, 0x3F, 0x0F, 0x83, 0xFD, 0xE0, 0x7F,
    0xFC, 0x07, 0xFF, 0x00, 0x01, 0xE0, 0x00, 0x3C, 0x00, 0x07, 0x80, 0x00, 0xF8, 0x00, 0x0F, 0xFF,
    0xC1, 0xFF, 0xF8, 0x1F, 0xFF, 0x00, 0xFF, 0xC0, 0x00, 0x00, 0x00, 0x7F, 0x01, 0xFF, 0x07, 0xFF,
    0x9F, 0xFF, 0x00, 0xFC, 0x07, 0xF7, 0xFF, 0x3F, 0xF0, 0xFF, 0x03, 0xF0, 0x00, 0x00, 0x00, 0x7F,
    0x00, 0x3F, 0xE0, 0x1F, 0xFE, 0x0F, 0xFF, 0x80, 0x0F, 0xC0, 0x0F, 0xE1, 0xFF, 0xF1, 0xFF, 0xFF,
    0xFF, 0x3F, 0xFE, 0x0F, 0xC0, 0x00, 0x00, 0x03, 0x80, 0x03, 0xC0, 0x03, 0x80, 0x03, 0x80, 0x00,
    0x00, 0x7E, 0x00, 0xFF, 0xC0, 0x7F, 0xFC, 0x7F, 0xFE, 0x01, 0xFE, 0x03, 0xFE, 0x0F, 0xFC, 0x1F,
    0xC0, 0x3F, 0x00, 0x7C, 0x00, 0x78, 0x00, 0xF8, 0x00, 0xF0, 0x00, 0xF0, 0x00, 0xF0, 0x00, 0xF0,
    0x00, 0xF8, 0x00, 0x7F, 0xFE, 0x7F, 0xFE, 0x3F, 0xFE, 0x0F, 0xFC, 0x00, 0x00, 0x03, 0x80, 0x00,
    0x78, 0x00, 0x0E, 0x00, 0x01, 0xC0, 0x00, 0x00, 0x00, 0xFC, 0x00, 0x3F, 0xF0, 0x03, 0xFF, 0xE0,
    0x7F, 0xFE, 0x00, 0x3F, 0xC0, 0x0F, 0xF8, 0x07, 0xFE, 0x01, 0xFF, 0xC0, 0x7E, 0x7E, 0x1F, 0x07,
    0xFB, 0xC0, 0xFF, 0xF8, 0x0F, 0xFE, 0x00, 0x03, 0xC0, 0x00, 0x78, 0x00, 0x0F, 0x00, 0x01, 0xF0,
    0x00, 0x1F, 0xFF, 0x83, 0xFF, 0xF0, 0x3F, 0xFE, 0x01, 0xFF, 0x80, 0x00, 0x00, 0x00, 0x38, 0x00,
    0xF0, 0x03, 0xC0, 0x06, 0x00, 0x00, 0x00, 0x00, 0x07, 0xF0, 0x1F, 0xF0, 0x7F, 0xF9, 0xFF, 0xF0,
    0x0F, 0xC0, 0x7F, 0x7F, 0xF3, 0xFF, 0x0F, 0xF0, 0x3F, 0x00, 0x00, 0x00, 0x38, 0x00, 0x1E, 0x00,
    0x0F, 0x00, 0x03, 0x00, 0x00, 0x00, 0x00, 0x00, 0x01, 0xFC, 0x00, 0xFF, 0x80, 0x7F, 0xF8, 0x3F,
    0xFE, 0x00, 0x3F, 0x00, 0x3F, 0x87, 0xFF, 0xC7, 0xFF, 0xFF, 0xFC, 0xFF, 0xF8, 0x3F, 0x00, 0x00,
    0x00, 0x03, 0x00, 0xF0, 0x1E, 0x03, 0xE0, 0x3C, 0x07, 0xC0, 0x78, 0x0F, 0x7B, 0xEF, 0xFD, 0xFF,
    0xBF, 0xC0, 0x40, 0x03, 0x00, 0x0F, 0x00, 0x1E, 0x00, 0x3E, 0x00, 0x3C, 0x00, 0x7C, 0x00, 0x78,
    0x00, 0xF0, 0x7B, 0xF8, 0xFF, 0xFD, 0xFF, 0xFB, 0xFD, 0xF0, 0x40, 0x00, 0x0E, 0x03, 0xC0, 0x78,
    0x06, 0x00, 0x00, 0x06, 0x01, 0xE0, 0x3C, 0x07, 0xC0, 0x78, 0x0F, 0x80, 0xF0, 0x1E, 0xF7, 0xDF,
    0xFB, 0xFF, 0x7F, 0x80, 0x80, 0x0E, 0x00, 0x3C, 0x00, 0x78, 0x00, 0x60, 0x00, 0x00, 0x00, 0x60,
    0x01, 0xE0, 0x03, 0xC0, 0x07, 0xC0, 0x07, 0x80, 0x0F, 0x80, 0x0F, 0x00, 0x1E, 0x0F, 0x7F, 0x1F,
    0xFF, 0xBF, 0xFF, 0x7F, 0xBE, 0x08, 0x00, 0x03, 0x07, 0x83, 0xE0, 0xF0, 0x78, 0x3C, 0x1E, 0x0F,
    0x0F, 0x8F, 0x9F, 0xDF, 0xCF, 0xC3, 0x80, 0x00, 0x03, 0x00, 0x3C, 0x00, 0xF8, 0x01, 0xE0, 0x07,
    0x80, 0x1F, 0x80, 0x7F, 0x81, 0xFF, 0x0F, 0xF8, 0x7C, 0x03, 0xF0, 0x3F, 0x80, 0xFC, 0x01, 0xC0,
    0x04, 0x00, 0x00, 0x07, 0x07, 0x83, 0xC0, 0xE0, 0x00, 0x00, 0x0C, 0x1E, 0x0F, 0x83, 0xC1, 0xE0,
    0xF0, 0x78, 0x3C, 0x3E, 0x3E, 0x7F, 0x7F, 0x3F, 0x0E, 0x00, 0x00, 0x07, 0x00, 0x3C, 0x00, 0xF0,
    0x01, 0x80, 0x00, 0x00, 0x00, 0x00, 0x30, 0x03, 0xC0, 0x0F, 0x80, 0x1E, 0x00, 0x78, 0x01, 0xF8,
    0x07, 0xF8, 0x1F, 0xF0, 0xFF, 0x87, 0xC0, 0x3F, 0x03, 0xF8, 0x0F, 0xC0, 0x1C, 0x00, 0x40, 0x00,
    0x00, 0x00, 0x00, 0x18, 0x00, 0x00, 0x00, 0x78, 0x00, 0x00, 0x00, 0xF0, 0x00, 0x70, 0x71, 0xE0,
    0x01, 0xE0, 0xF3, 0xCC, 0x01, 0xE1, 0xC3, 0xDE, 0x03, 0xC7, 0x87, 0xBC, 0x07, 0xDF, 0xBF, 0xF0,
    0x0F, 0xFF, 0xFD, 0xE0, 0x1F, 0xFF, 0xFB, 0xC0, 0x3F, 0xEF, 0xE7, 0xC0, 0x78, 0x00, 0x07, 0xC3,
    0xE0, 0x00, 0x0F, 0xFF, 0xC0, 0x00, 0x0F, 0xFF, 0x00, 0x00, 0x0F, 0xFC, 0x00, 0x00, 0x03, 0xC0,
    0x00, 0x00, 0x00, 0x00, 0x00, 0x1C, 0x00, 0x00, 0x00, 0x07, 0x80, 0x00, 0x38, 0x38, 0x70, 0x00,
    0x0F, 0x07, 0x8E, 0x06, 0x00, 0xF0, 0xE1, 0xE0, 0xF0, 0x1E, 0x3C, 0x3C, 0x1E, 0x03, 0xEF, 0xDF,
    0xE7, 0x80, 0x7F, 0xFF, 0xFF, 0xF0, 0x0F, 0xFF, 0xFF, 0xFE, 0x01, 0xFF, 0x7E, 0x7F, 0xE0, 0x3C,
    0x00, 0x00, 0x3E, 0x1F, 0x00, 0x00, 0x07, 0xFF, 0xE0, 0x00, 0x00, 0x7F, 0xF8, 0x00, 0x00, 0x07,
    0xFE, 0x00, 0x00, 0x00, 0x1E, 0x00, 0x00, 0x00, 0x00, 0x00, 0x70, 0x00, 0x07, 0x80, 0x00, 0x3C,
    0x38, 0x79, 0xF1, 0xE3, 0xC7, 0x8E, 0x1E, 0x3C, 0xF0, 0xF1, 0xEF, 0xDF, 0xDF, 0xFF, 0xFF, 0xFF,
    0xFF, 0xFF, 0xBD, 0xFB, 0xF8, 0x00, 0x00, 0x00, 0x00, 0x00, 0x70, 0x00, 0x00, 0x1E, 0x01, 0xC3,
    0xC7, 0x80, 0x78, 0xF1, 0xE0, 0x1C, 0x3C, 0x78, 0x0F, 0x0F, 0x1E, 0x07, 0xEF, 0xEF, 0xE3, 0xFF,
    0xFF, 0xFE, 0xFF, 0xFF, 0xFF, 0xFD, 0xFB, 0xF3, 0xE0, 0x00, 0x00, 0x00, 0x00, 0x00, 0x08, 0x00,
    0x00, 0x00, 0x38, 0x00, 0x00, 0x00, 0x70, 0x00, 0x00, 0x01, 0xF0, 0x00, 0x00, 0x07, 0xF0, 0x00,
    0x00, 0x0F, 0xE0, 0x00, 0x00, 0x1D, 0x80, 0x00, 0x00, 0x00, 0x0C, 0x00, 0x00, 0x00, 0x3C, 0x00,
    0x00, 0x00, 0x78, 0x00, 0x38, 0x38, 0xF0, 0x00, 0xF0, 0x79, 0xE6, 0x00, 0xF0, 0xE1, 0xEF, 0x01,
    0xE3, 0xC3, 0xDE, 0x03, 0xEF, 0xDF, 0xF8, 0x07, 0xFF, 0xFE, 0xF0, 0x0F, 0xFF, 0xFD, 0xE0, 0x1F,
    0xF7, 0xF3, 0xE0, 0x3C, 0x00, 0x03, 0xE1, 0xF0, 0x00, 0x07, 0xFF, 0xE0, 0x00, 0x07, 0xFF, 0x80,
    0x00, 0x07, 0xFE, 0x00, 0x00, 0x01, 0xE0, 0x00, 0x00, 0x00, 0x00, 0x08, 0x00, 0x00, 0x00, 0x03,
    0x80, 0x00, 0x00, 0x00, 0x70, 0x00, 0x00, 0x00, 0x1F, 0x00, 0x00, 0x00, 0x07, 0xF0, 0x00, 0x00,
    0x00, 0xFE, 0x00, 0x00, 0x00, 0x1D, 0x80, 0x00, 0x00, 0x00, 0x00, 0x00, 0x00, 0x00, 0x00, 0x1C,
    0x00, 0x00, 0x00, 0x07, 0x80, 0x00, 0x38, 0x38, 0x70, 0x00, 0x0F, 0x07, 0x8E, 0x06, 0x00, 0xF0,
    0xE1, 0xE0, 0xF0, 0x1E, 0x3C, 0x3C, 0x1E, 0x03, 0xEF, 0xDF, 0xE7, 0x80, 0x7F, 0xFF, 0xFF, 0xF0,
    0x0F, 0xFF, 0xFF, 0xFE, 0x01, 0xFF, 0x7E, 0x7F, 0xE0, 0x3C, 0x00, 0x00, 0x3E, 0x1F, 0x00, 0x00,
    0x07, 0xFF, 0xE0, 0x00, 0x00, 0x7F, 0xF8, 0x00, 0x00, 0x07, 0xFE, 0x00, 0x00, 0x00, 0x1E, 0x00,
    0x00, 0x00, 0x00, 0x18, 0x00, 0x01, 0xE0, 0x00, 0x0F, 0x00, 0x00, 0xFC, 0x00, 0x0F, 0xE0, 0x00,
    0x7F, 0x00, 0x01, 0x98, 0x00, 0x00, 0x0E, 0x00, 0x00, 0xF0, 0x00, 0x07, 0x87, 0x0F, 0x3E, 0x3C,
    0x78, 0xF1, 0xC3, 0xC7, 0x9E, 0x1E, 0x3D, 0xFB, 0xFB, 0xFF, 0xFF, 0xFF, 0xFF, 0xFF, 0xF7, 0xBF,
    0x7F, 0x00, 0x00, 0x00, 0x00, 0x18, 0x00, 0x00, 0x0E, 0x00, 0x00, 0x03, 0x80, 0x00, 0x01, 0xF0,
    0x00, 0x00, 0xFE, 0x00, 0x00, 0x3F, 0x80, 0x00, 0x06, 0xE0, 0x00, 0x00, 0x00, 0x00, 0x00, 0x00,
    0x70, 0x00, 0x00, 0x1E, 0x01, 0xC3, 0xC7, 0x80, 0x78, 0xF1, 0xE0, 0x1C, 0x3C, 0x78, 0x0F, 0x0F,
    0x1E, 0x07, 0xEF, 0xEF, 0xE3, 0xFF, 0xFF, 0xFE, 0xFF, 0xFF, 0xFF, 0xFD, 0xFB, 0xF3, 0xE0, 0x00,
    0x00, 0x00, 0x00, 0x00, 0x00, 0x00, 0x00, 0x00, 0x01, 0xFC, 0x00, 0x00, 0x03, 0xFE, 0x00, 0x0E,
    0x0F, 0xFF, 0x00, 0x1E, 0x1F, 0xFF, 0x60, 0x0F, 0x1F, 0x0F, 0x78, 0x0F, 0x3E, 0x0F, 0x78, 0x0F,
    0xFC, 0x7F, 0xF0, 0x0F, 0xFF, 0xFE, 0xF0, 0x0F, 0xFF, 0xFC, 0xF0, 0x0F, 0xFF, 0xF8, 0xF8, 0x0F,
    0x1F, 0x80, 0x7C, 0x3F, 0x00, 0x00, 0x7F, 0xFE, 0x00, 0x00, 0x3F, 0xFC, 0x00, 0x00, 0x1F, 0xF8,
    0x00, 0x00, 0x03, 0xC0, 0x00, 0x00, 0x00, 0x00, 0x00, 0x00, 0x00, 0x00, 0x00, 0x3F, 0x80, 0x00,
    0x00, 0x0F, 0xF8, 0x00, 0x07, 0x07, 0xFF, 0x80, 0x01, 0xE1, 0xFF, 0xF0, 0xC0, 0x1E, 0x3E, 0x1E,
    0x1E, 0x03, 0xCF, 0x83, 0xC3, 0xC0, 0x7F, 0xE3, 0xF8, 0xF0, 0x0F, 0xFF, 0xFF, 0xFE, 0x01, 0xFF,
    0xFF, 0xFF, 0xC0, 0x3F, 0xFF, 0xFF, 0xFC, 0x07, 0x8F, 0xC0, 0x07, 0xC3, 0xF0, 0x00, 0x00, 0xFF,
    0xFC, 0x00, 0x00, 0x0F, 0xFF, 0x00, 0x00, 0x00, 0xFF, 0xC0, 0x00, 0x00, 0x03, 0xC0, 0x00, 0x00,
    0x00, 0x00, 0x07, 0xF0, 0x00, 0x3F, 0xE1, 0x83, 0xFF, 0x8F, 0x1F, 0xFF, 0x3C, 0xFC, 0x3C, 0xF3,
    0xE0, 0xF7, 0xFF, 0x0F, 0xBF, 0xFF, 0xFE, 0xFF, 0xFF, 0xF3, 0x9F, 0xFF, 0x80, 0x0F, 0xF0, 0x00,
    0x00, 0x07, 0xF0, 0x00, 0x07, 0xFC, 0x06, 0x0F, 0xFE, 0x07, 0x8F, 0xFF, 0x83, 0xCF, 0xC3, 0xC1,
    0xE7, 0xC1, 0xE1, 0xFF, 0xC3, 0xF1, 0xFF, 0xFF, 0xFF, 0xFF, 0xFF, 0xFF, 0xF3, 0xFF, 0xFF, 0xC0,
    0x3F, 0xC0, 0x00, 0x00, 0x00, 0x00, 0xF0, 0x00, 0x00, 0x00, 0xF0, 0x00, 0x00, 0x00, 0xF0, 0x00,
    0x00, 0x00, 0x60, 0x00, 0x00, 0x00, 0x00, 0x00, 0x00, 0x00, 0x00, 0x00, 0x00, 0x01, 0xFC, 0x00,
    0x00, 0x03, 0xFE, 0x00, 0x0E, 0x0F, 0xFF, 0x00, 0x1E, 0x1F, 0xFF, 0x60, 0x0F, 0x1F, 0x0F, 0x78,
    0x0F, 0x3E, 0x0F, 0x78, 0x0F, 0xFC, 0x7F, 0xF0, 0x0F, 0xFF, 0xFE, 0xF0, 0x0F, 0xFF, 0xFC, 0xF0,
    0x0F, 0xFF, 0xF8, 0xF8, 0x0F, 0x1F, 0x80, 0x7C, 0x3F, 0x00, 0x00, 0x7F, 0xFE, 0x00, 0x00, 0x3F,
    0xFC, 0x00, 0x00, 0x1F, 0xF8, 0x00, 0x00, 0x03, 0xC0, 0x00, 0x00, 0x00, 0x00, 0x00, 0xF0, 0x00,
    0x00, 0x00, 0x1E, 0x00, 0x00, 0x00, 0x03, 0xC0, 0x00, 0x00, 0x00, 0x30, 0x00, 0x00, 0x00, 0x00,
    0x00, 0x00, 0x00, 0x00, 0x00, 0x00, 0x00, 0x00, 0x7F, 0x00, 0x00, 0x00, 0x1F, 0xF0, 0x00, 0x0E,
    0x0F, 0xFF, 0x00, 0x03, 0xC3, 0xFF, 0xE1, 0x80, 0x3C, 0x7C, 0x3C, 0x3C, 0x07, 0x9F, 0x07, 0x87,
    0x80, 0xFF, 0xC7, 0xF1, 0xE0, 0x1F, 0xFF, 0xFF, 0xFC, 0x03, 0xFF, 0xFF, 0xFF, 0x80, 0x7F, 0xFF,
    0xFF, 0xF8, 0x0F, 0x1F, 0x80, 0x0F, 0x87, 0xE0, 0x00, 0x01, 0xFF, 0xF8, 0x00, 0x00, 0x1F, 0xFE,
    0x00, 0x00, 0x01, 0xFF, 0x80, 0x00, 0x00, 0x07, 0x80, 0x00, 0x00, 0x00, 0x00, 0x03, 0x80, 0x00,
    0x0F, 0x00, 0x00, 0x3C, 0x00, 0x00, 0x60, 0x00, 0x00, 0x00, 0x00, 0x00, 0x00, 0x00, 0x7F, 0x00,
    0x03, 0xFE, 0x18, 0x3F, 0xF8, 0xF1, 0xFF, 0xF3, 0xCF, 0xC3, 0xCF, 0x3E, 0x0F, 0x7F, 0xF0, 0xFB,
    0xFF, 0xFF, 0xEF, 0xFF, 0xFF, 0x39, 0xFF, 0xF8, 0x00, 0xFF, 0x00, 0x00, 0x03, 0x80, 0x00, 0x01,
    0xE0, 0x00, 0x00, 0xF0, 0x00, 0x00, 0x30, 0x00, 0x00, 0x00, 0x00, 0x00, 0x00, 0x00, 0x00, 0x1F,
    0xC0, 0x00, 0x1F, 0xF0, 0x18, 0x3F, 0xF8, 0x1E, 0x3F, 0xFE, 0x0F, 0x3F, 0x0F, 0x07, 0x9F, 0x07,
    0x87, 0xFF, 0x0F, 0xC7, 0xFF, 0xFF, 0xFF, 0xFF, 0xFF, 0xFF, 0xCF, 0xFF, 0xFF, 0x00, 0xFF, 0x00,
    0x00, 0x0F, 0x00, 0x01, 0xE0, 0x00, 0x3C, 0x00, 0x07, 0x80, 0x00, 0xF0, 0x00, 0x1E, 0x00, 0x03,
    0xC0, 0x00, 0x79, 0xFC, 0x0F, 0xFF, 0xC1, 0xFF, 0xF8, 0x3F, 0xFF, 0x87, 0xF0, 0xF0, 0xFC, 0x1E,
    0xDF, 0x1F, 0xBF, 0xFF, 0xF7, 0xFF, 0xFC, 0xFF, 0xFF, 0x03, 0xFE, 0x00, 0x0F, 0x00, 0x00, 0x3C,
    0x00, 0x00, 0xF0, 0x00, 0x03, 0xC0, 0x00, 0x0F, 0x00, 0x00, 0x3C, 0x00, 0x00, 0xF0, 0x00, 0x03,
    0xCF, 0xE0, 0x0F, 0xFF, 0xC0, 0x3F, 0xFF, 0x00, 0xFF, 0xFE, 0x03, 0xF8, 0x78, 0x0F, 0xC1, 0xE1,
    0xBE, 0x3F, 0x8F, 0xFF, 0xFF, 0xFF, 0xFF, 0xFF, 0xFF, 0xFF, 0xFC, 0x7F, 0xC0, 0x00, 0x38, 0x00,
    0x3C, 0x00, 0x3C, 0x00, 0x3C, 0x00, 0x3C, 0x00, 0x3C, 0x00, 0x3C, 0x38, 0x3D, 0xFE, 0x3F, 0xFE,
    0x3F, 0xFF, 0x3F, 0xCF, 0x3F, 0x0F, 0x3E, 0x0F, 0x7D, 0xFF, 0xFF, 0xFE, 0xFF, 0xFC, 0xFF, 0xF0,
    0x00, 0x00, 0x38, 0x00, 0x03, 0xC0, 0x00, 0x3C, 0x00, 0x03, 0xC0, 0x00, 0x3C, 0x00, 0x03, 0xC0,
    0x00, 0x3C, 0x38, 0x03, 0xDF, 0xE0, 0x3F, 0xFE, 0x03, 0xFF, 0xF0, 0x3F, 0xCF, 0x03, 0xF0, 0xF0,
    0x3E, 0x0F, 0x07, 0xDF, 0xF8, 0xFF, 0xFF, 0xEF, 0xFF, 0xFF, 0xFF, 0xFF, 0xE0, 0x00, 0x00, 0x0F,
    0x00, 0x01, 0xE1, 0xC0, 0x3C, 0x3C, 0x07, 0x87, 0x80, 0xF0, 0xE0, 0x1E, 0x00, 0x03, 0xC0, 0x00,
    0x79, 0xFC, 0x0F, 0xFF, 0xC1, 0xFF, 0xF8, 0x3F, 0xFF, 0x87, 0xF0, 0xF0, 0xFC, 0x1E, 0xDF, 0x1F,
    0xBF, 0xFF, 0xF7, 0xFF, 0xFC, 0xFF, 0xFF, 0x03, 0xFE, 0x00, 0x0F, 0x00, 0x00, 0x3C, 0x38, 0x00,
    0xF1, 0xE0, 0x03, 0xC7, 0x80, 0x0F, 0x0C, 0x00, 0x3C, 0x00, 0x00, 0xF0, 0x00, 0x03, 0xCF, 0xE0,
    0x0F, 0xFF, 0xC0, 0x3F, 0xFF, 0x00, 0xFF, 0xFE, 0x03, 0xF8, 0x78, 0x0F, 0xC1, 0xE1, 0xBE, 0x3F,
    0x8F, 0xFF, 0xFF, 0xFF, 0xFF, 0xFF, 0xFF, 0xFF, 0xFC, 0x7F, 0xC0, 0x00, 0x38, 0x00, 0x3C, 0x70,
    0x3C, 0xF0, 0x3C, 0x70, 0x3C, 0x70, 0x3C, 0x00, 0x3C, 0x38, 0x3D, 0xFE, 0x3F, 0xFE, 0x3F, 0xFF,
    0x3F, 0xCF, 0x3F, 0x0F, 0x3E, 0x0F, 0x7D, 0xFF, 0xFF, 0xFE, 0xFF, 0xFC, 0xFF, 0xF0, 0x00, 0x00,
    0x38, 0x00, 0x03, 0xC7, 0x00, 0x3C, 0xF0, 0x03, 0xC7, 0x00, 0x3C, 0x70, 0x03, 0xC0, 0x00, 0x3C,
    0x38, 0x03, 0xDF, 0xE0, 0x3F, 0xFE, 0x03, 0xFF, 0xF0, 0x3F, 0xCF, 0x03, 0xF0, 0xF0, 0x3E, 0x0F,
    0x07, 0xDF, 0xF8, 0xFF, 0xFF, 0xEF, 0xFF, 0xFF, 0xFF, 0xFF, 0xE0, 0x00, 0x00, 0x0F, 0x80, 0x7F,
    0x01, 0xFE, 0x03, 0xFC, 0x07, 0x80, 0x0F, 0x00, 0x1E, 0x78, 0x3F, 0xF0, 0x3F, 0xF0, 0x7F, 0xC0,
    0xFC, 0x03, 0xE0, 0x07, 0x80, 0x1E, 0x00, 0x3C, 0x00, 0x78, 0x00, 0xF0, 0x01, 0xF0, 0x01, 0xFF,
    0xF3, 0xFF, 0xF3, 0xFF, 0xE1, 0xFF, 0x80, 0x00, 0x00, 0x07, 0xE0, 0x3F, 0xE0, 0xFF, 0xC3, 0xE7,
    0x83, 0xCF, 0x07, 0xDE, 0x07, 0xF8, 0x07, 0xF8, 0x0F, 0xFE, 0x7F, 0xFD, 0xFB, 0xFB, 0xE0, 0x0F,
    0x80, 0x1E, 0x00, 0x3C, 0x00, 0x78, 0x00, 0xFF, 0xF8, 0xFF, 0xF1, 0xFF, 0xF0, 0xFF, 0x80, 0x00,
    0x00, 0x07, 0x81, 0xFC, 0x3F, 0xC3, 0xFC, 0x7C, 0x07, 0x80, 0x3C, 0x23, 0xEF, 0x3F, 0xFF, 0xFF,
    0xFF, 0xEF, 0xF0, 0x00, 0x00, 0x07, 0xE0, 0x1F, 0xF0, 0x3F, 0xF8, 0x3E, 0xF8, 0x3E, 0x78, 0x1F,
    0xF0, 0x1F, 0xF0, 0x3F, 0xF8, 0x7F, 0xFF, 0x7F, 0xFF, 0x7E, 0xFF, 0x00, 0x00, 0x07, 0x00, 0x0F,
    0x00, 0x1C, 0x00, 0x38, 0x00, 0x00, 0x01, 0xF0, 0x0F, 0xE0, 0x3F, 0xC0, 0x7F, 0x80, 0xF0, 0x01,
    0xE0, 0x03, 0xCF, 0x07, 0xFE, 0x07, 0xFE, 0x0F, 0xF8, 0x1F, 0x80, 0x7C, 0x00, 0xF0, 0x03, 0xC0,
    0x07, 0x80, 0x0F, 0x00, 0x1E, 0x00, 0x3E, 0x00, 0x3F, 0xFE, 0x7F, 0xFE, 0x7F, 0xFC, 0x3F, 0xF0,
    0x00, 0x00, 0x03, 0x80, 0x0F, 0x00, 0x1E, 0x00, 0x1C, 0x00, 0x00, 0x00, 0xFC, 0x07, 0xFC, 0x1F,
    0xF8, 0x7C, 0xF0, 0x79, 0xE0, 0xFB, 0xC0, 0xFF, 0x00, 0xFF, 0x01, 0xFF, 0xCF, 0xFF, 0xBF, 0x7F,
    0x7C, 0x01, 0xF0, 0x03, 0xC0, 0x07, 0x80, 0x0F, 0x00, 0x1F, 0xFF, 0x1F, 0xFE, 0x3F, 0xFE, 0x1F,
    0xF0, 0x00, 0x00, 0x07, 0x00, 0xF0, 0x0F, 0x00, 0x60, 0x00, 0x00, 0x78, 0x1F, 0xC3, 0xFC, 0x3F,
    0xC7, 0xC0, 0x78, 0x03, 0xC2, 0x3E, 0xF3, 0xFF, 0xFF, 0xFF, 0xFE, 0xFF, 0x00, 0x00, 0x03, 0x80,
    0x03, 0xC0, 0x03, 0xC0, 0x01, 0x80, 0x00, 0x00, 0x07, 0xE0, 0x1F, 0xF0, 0x3F, 0xF8, 0x3E, 0xF8,
    0x3E, 0x78, 0x1F, 0xF0, 0x1F, 0xF0, 0x3F, 0xF8, 0x7F, 0xFF, 0x7F, 0xFF, 0x7E, 0xFF, 0x00, 0x00,
    0x00, 0x00, 0xE0, 0x00, 0x01, 0xE0, 0x00, 0x03, 0xC0, 0x00, 0x03, 0x00, 0x00, 0x00, 0x00, 0x00,
    0x0C, 0x00, 0x00, 0x7E, 0x00, 0x01, 0xFE, 0x00, 0x03, 0xFC, 0x00, 0x0F, 0x7D, 0xC0, 0x1E, 0x7B,
    0xC0, 0x3F, 0xF7, 0x00, 0x7F, 0xFE, 0x00, 0xFF, 0xFE, 0x00, 0xFF, 0xBE, 0x00, 0x1F, 0x7F, 0xFF,
    0xFC, 0x7F, 0xFF, 0xF8, 0x7F, 0xFF, 0xE0, 0x1F, 0xFC, 0x00, 0x00, 0x00, 0x38, 0x00, 0x00, 0x03,
    0xC0, 0x00, 0x00, 0x3C, 0x00, 0x00, 0x03, 0x80, 0x00, 0x00, 0x00, 0x00, 0x00, 0x00, 0x00, 0x00,
    0x00, 0x7C, 0x00, 0x00, 0x0F, 0xE0, 0x70, 0x01, 0xFF, 0x07, 0x80, 0x1F, 0xF0, 0x70, 0x01, 0xE7,
    0x8F, 0x00, 0x1E, 0x78, 0xF8, 0x01, 0xEF, 0x07, 0xC0, 0x1F, 0xF0, 0x7F, 0xFF, 0xFF, 0xF3, 0xFF,
    0xFF, 0xFF, 0x1F, 0xFF, 0xFF, 0xE0, 0x3F, 0xE0, 0x00, 0x07, 0x01, 0xE0, 0x3C, 0x03, 0x00, 0x00,
    0x0C, 0x07, 0xE1, 0xFE, 0x3F, 0xCF, 0x7D, 0xE7, 0xBF, 0xF7, 0xFE, 0xFF, 0xCF, 0xF8, 0x7E, 0xFF,
    0xDF, 0xF3, 0xFC, 0x00, 0x00, 0x07, 0x00, 0x3C, 0x00, 0xF0, 0x01, 0x80, 0x00, 0x00, 0x00, 0x00,
    0xF8, 0x0F, 0xF0, 0x3F, 0xE1, 0xFF, 0x87, 0x9E, 0x1E, 0x78, 0x7F, 0xE0, 0xFF, 0x8F, 0xFF, 0xFF,
    0xFF, 0xFF, 0xFC, 0x00, 0x00, 0x00, 0x3B, 0x80, 0x07, 0x70, 0x00, 0xEE, 0x00, 0x1D, 0xC0, 0x00,
    0x00, 0x00, 0x1C, 0x00, 0x07, 0xE0, 0x01, 0xFC, 0x00, 0x7F, 0xC4, 0x0F, 0x79, 0xE1, 0xCF, 0x3C,
    0x7F, 0xFF, 0x07, 0xFF, 0xE0, 0xFF, 0xBC, 0x0F, 0xF7, 0xC0, 0x1E, 0x7E, 0x1F, 0x8F, 0xFF, 0xF0,
    0xFF, 0xFC, 0x0F, 0xFE, 0x00, 0x3E, 0x00, 0x00, 0x3B, 0x80, 0x00, 0xEE, 0x00, 0x03, 0xB8, 0x00,
    0x0E, 0xE0, 0x00, 0x00, 0x00, 0x00, 0x00, 0x00, 0x01, 0xF0, 0x00, 0x0F, 0xE0, 0x00, 0x7F, 0xC0,
    0x01, 0xFF, 0x06, 0x07, 0x3C, 0x1E, 0x1E, 0x7C, 0x78, 0x7F, 0xFF, 0xC1, 0xFF, 0xFF, 0x03, 0xFF,
    0xBC, 0x00, 0xF0, 0xF8, 0x07, 0xC1, 0xF8, 0xFE, 0x07, 0xFF, 0xF0, 0x0F, 0xFF, 0x80, 0x1F, 0xFC,
    0x00, 0x0F, 0x00, 0x00, 0x19, 0x87, 0xF8, 0xFF, 0x0C, 0xC0, 0x00, 0x0C, 0x07, 0xE1, 0xFE, 0x3F,
    0xCF, 0x7D, 0xE7, 0xBF, 0xF7, 0xFE, 0xFF, 0xCF, 0xF8, 0x7E, 0xFF, 0xDF, 0xF3, 0xFC, 0x00, 0x00,
    0x1D, 0x80, 0xFF, 0x03, 0xFC, 0x06, 0x60, 0x00, 0x00, 0x00, 0x00, 0xF8, 0x0F, 0xF0, 0x3F, 0xE1,
    0xFF, 0x87, 0x9E, 0x1E, 0x78, 0x7F, 0xE0, 0xFF, 0x8F, 0xFF, 0xFF, 0xFF, 0xFF, 0xFC, 0x00, 0x00,
    0x00, 0x00, 0xF0, 0x00, 0x07, 0x80, 0x00, 0x3C, 0x00, 0x31, 0xE0, 0x07, 0x8F, 0x00, 0x3C, 0x78,
    0x01, 0xC3, 0xC0, 0x0F, 0x1E, 0x70, 0x38, 0xF3, 0xC7, 0xC3, 0x9C, 0x3E, 0x1F, 0xE1, 0xE0, 0xFF,
    0x80, 0x0F, 0x3E, 0x00, 0xF9, 0xFF, 0xFF, 0xC7, 0xFF, 0xFC, 0x1F, 0xFF, 0xC0, 0x1F, 0xF0, 0x00,
    0x00, 0x00, 0xF0, 0x00, 0x00, 0x78, 0x00, 0x00, 0x3C, 0x00, 0x03, 0x1E, 0x00, 0x07, 0x8F, 0x00,
    0x03, 0xC7, 0x80, 0x01, 0xC3, 0xC0, 0x00, 0xF1, 0xE0, 0x70, 0x38, 0xF0, 0x3C, 0x7C, 0x38, 0x1C,
    0x3E, 0x1E, 0x1E, 0x1E, 0x0F, 0x0F, 0x80, 0x0F, 0x83, 0xE0, 0x0F, 0xE1, 0xFF, 0xFF, 0xFC, 0x7F,
    0xFF, 0xFF, 0x1F, 0xFF, 0xDF, 0x01, 0xFF, 0x80, 0x00, 0x00, 0x00, 0x38, 0x1F, 0x8F, 0xF7, 0xF9,
    0xFC, 0x3E, 0x07, 0xE0, 0x7E, 0x07, 0xE0, 0x7C, 0x07, 0xC0, 0x78, 0x1F, 0x3F, 0xE7, 0xFC, 0xFE,
    0x00, 0x00, 0x00, 0x00, 0x07, 0x00, 0x7E, 0x07, 0xF8, 0x7F, 0x83, 0xF8, 0x0F, 0x80, 0x3F, 0x00,
    0x7E, 0x00, 0xF8, 0x01, 0xF0, 0x03, 0xE0, 0x07, 0xC0, 0x3F, 0xCF, 0xFF, 0xFF, 0xFF, 0xFE, 0xFC,
    0x00, 0x00, 0x00, 0x0F, 0x00, 0x0F, 0x00, 0x0F, 0x00, 0x0F, 0x00, 0x0F, 0x00, 0x0F, 0x00, 0x0F,
    0x00, 0x0F, 0x00, 0x0F, 0x00, 0x0F, 0x00, 0x0F, 0x60, 0x0F, 0x78, 0x0F, 0x78, 0x0F, 0xF0, 0x0F,
    0xF0, 0x0F, 0xF0, 0x0F, 0xF8, 0x1E, 0x7C, 0x3E, 0x7F, 0xFE, 0x3F, 0xFC, 0x1F, 0xF8, 0x03, 0xC0,
    0x00, 0x0F, 0x00, 0x00, 0xF0, 0x00, 0x0F, 0x00, 0x00, 0xF0, 0x00, 0x0F, 0x00, 0x00, 0xF0, 0x00,
    0x0F, 0x00, 0x00, 0xF0, 0x00, 0x0F, 0x00, 0x00, 0xF0, 0x00, 0x0F, 0x06, 0x00, 0xF0, 0x78, 0x0F,
    0x07, 0x80, 0xFC, 0xF0, 0x0F, 0xFF, 0x00, 0xFF, 0xF0, 0x0F, 0xFF, 0x81, 0xF0, 0x7C, 0x3E, 0x07,
    0xFF, 0xE0, 0x3F, 0xFC, 0x01, 0xFF, 0x80, 0x03, 0xC0, 0x00, 0x3C, 0xF3, 0xCF, 0x3C, 0xF3, 0xCF,
    0x3C, 0xF3, 0xCF, 0x3D, 0xFF, 0xFE, 0xF0, 0x00, 0x3C, 0x0F, 0x03, 0xC0, 0xF0, 0x3C, 0x0F, 0x03,
    0xC0, 0xF0, 0x3C, 0x0F, 0x03, 0xC0, 0xF0, 0x3C, 0x1F, 0xCF, 0xFF, 0xFF, 0xF7, 0xC0, 0x00, 0x02,
    0x01, 0xFC, 0x3F, 0xE3, 0xFE, 0x7D, 0xF3, 0x8F, 0x00, 0xF1, 0xFF, 0x7F, 0xF7, 0xFF, 0xFC, 0x6F,
    0x00, 0xF0, 0x0F, 0x00, 0xF0, 0x0F, 0x00, 0xF0, 0x07, 0x80, 0x78, 0x07, 0x80, 0x00, 0x00, 0x01,
    0xE0, 0x03, 0xF8, 0x07, 0xFC, 0x07, 0xFF, 0x03, 0xE7, 0x83, 0xF1, 0xE1, 0xFC, 0xF9, 0xFF, 0xFF,
    0xF7, 0xFF, 0xF9, 0xFF, 0xFC, 0x38, 0x1E, 0x00, 0x0F, 0x00, 0x07, 0x80, 0x03, 0xC0, 0x00, 0xF0,
    0x00, 0x78, 0x00, 0x3C, 0x00, 0x1E, 0x00, 0x00, 0x00, 0x00, 0x03, 0x80, 0x7F, 0x07, 0xFC, 0x3F,
    0xE3, 0xEF, 0x1E, 0x3D, 0xFF, 0xDF, 0xFE, 0xFF, 0xF7, 0x3F, 0x00, 0x00, 0x03, 0x80, 0x07, 0xF0,
    0x07, 0xF8, 0x03, 0xFE, 0x03, 0xCF, 0x03, 0xE7, 0xC1, 0xF9, 0xF1, 0xFF, 0xFE, 0xFF, 0xFF, 0x73,
    0xFF, 0x80, 0x70, 0x00, 0x01, 0xC0, 0x03, 0xC0, 0x03, 0xC0, 0x01, 0x80, 0x00, 0x04, 0x00, 0x1E,
    0x00, 0x1E, 0x60, 0x0F, 0x78, 0x0F, 0x78, 0x0F, 0xF0, 0x0F, 0xF0, 0x0F, 0xF0, 0x0F, 0xF8, 0x1F,
    0x7C, 0x3E, 0x7F, 0xFE, 0x3F, 0xFC, 0x1F, 0xF8, 0x03, 0xC0, 0x01, 0xC0, 0x00, 0x1E, 0x00, 0x00,
    0xF0, 0x00, 0x03, 0x00, 0x00, 0x00, 0x00, 0x00, 0x07, 0x00, 0x00, 0x78, 0x0C, 0x01, 0xE0, 0x78,
    0x0F, 0x03, 0xC0, 0x7E, 0x3C, 0x03, 0xFD, 0xE0, 0x1F, 0xFF, 0x00, 0xFF, 0x7C, 0x07, 0x81, 0xF0,
    0xF8, 0x0F, 0xFF, 0xC0, 0x3F, 0xFC, 0x00, 0xFF, 0xC0, 0x00, 0xF0, 0x00, 0x38, 0xF1, 0xE1, 0x80,
    0x07, 0x0F, 0x1E, 0x3C, 0x78, 0xF1, 0xE7, 0xDF, 0xBF, 0x78, 0x00, 0x1C, 0x03, 0xC0, 0x78, 0x0E,
    0x00, 0x00, 0x00, 0x07, 0x80, 0xF0, 0x1E, 0x07, 0xC1, 0xFC, 0x7F, 0xFF, 0xFF, 0xEF, 0xC0, 0x00,
    0x08, 0x03, 0x80, 0xF8, 0x1F, 0x83, 0xF8, 0xFF, 0x9E, 0xF3, 0x9E, 0xF1, 0xDF, 0x7B, 0xFF, 0x3F,
    0xC3, 0xF0, 0x00, 0x00, 0x01, 0xC0, 0x03, 0xC0, 0x1F, 0x80, 0xFF, 0x03, 0xFE, 0x0F, 0xFC, 0x1E,
    0x78, 0x78, 0xF0, 0xF9, 0xE1, 0xFF, 0xC1, 0xFF, 0xC1, 0xFF, 0xF0, 0xFF, 0xE0, 0x0F, 0xC0, 0x00,
    0x00, 0x0C, 0x00, 0x78, 0x01, 0xF0, 0x07, 0xF0, 0x3F, 0xE1, 0xFF, 0xC7, 0xBF, 0x9E, 0xFF, 0x7F,
    0xBC, 0xFE, 0xFF, 0xFF, 0xFF, 0xFF, 0xFF, 0xF8, 0x03, 0x00, 0x07, 0xC0, 0x1F, 0xC0, 0x7F, 0x80,
    0xFF, 0x03, 0xCE, 0x07, 0xBC, 0x0F, 0x78, 0x3F, 0xF8, 0xFF, 0xFF, 0xFF, 0xFF, 0xFF, 0xF9, 0xE3,
    0x83, 0xFF, 0x07, 0xFE, 0x07, 0xFC, 0x07, 0xF0, 0x00, 0x00, 0x06, 0x03, 0xF0, 0xFE, 0x3F, 0xE7,
    0xFC, 0xF3, 0xDE, 0x7B, 0xFF, 0x7F, 0xE7, 0xF8, 0x1F, 0x1F, 0xEF, 0xF8, 0xFE, 0x1F, 0x03, 0x00,
    0x06, 0x00, 0x7E, 0x03, 0xF8, 0x1F, 0xF0, 0x7F, 0xC1, 0xE7, 0x87, 0x9E, 0x1F, 0xFF, 0x7F, 0xFC,
    0xFF, 0xF0, 0x7C, 0x0F, 0xF0, 0xFF, 0x81, 0xFC, 0x07, 0xC0, 0x18, 0x00, 0x00, 0x0F, 0xC0, 0x03,
    0xFC, 0x00, 0xFF, 0x00, 0x3F, 0xE0, 0x07, 0x80, 0xC1, 0xE0, 0x1E, 0x3E, 0x03, 0xC3, 0xF0, 0xF0,
    0x7F, 0x9E, 0x03, 0xFB, 0xC0, 0x1F, 0x7C, 0x03, 0xE7, 0xE1, 0xF8, 0xFF, 0xFE, 0x0F, 0xFF, 0x80,
    0xFF, 0xE0, 0x03, 0xC0, 0x00, 0x60, 0x00, 0x03, 0xC0, 0x60, 0x1E, 0x03, 0xF1, 0xE0, 0x3F, 0xEF,
    0x01, 0xFF, 0xF8, 0x03, 0xFB, 0xE0, 0x0F, 0x0F, 0xC1, 0xF8, 0x7F, 0xFF, 0x81, 0xFF, 0xF8, 0x07,
    0xFF, 0x80, 0x07, 0xC0, 0x00, 0x00, 0x0F, 0xC0, 0x03, 0xFC, 0x00, 0xFF, 0x00, 0x3F, 0xE0, 0x07,
    0x80, 0xC1, 0xE0, 0x1E, 0x3E, 0x03, 0xC3, 0xF0, 0xF0, 0x7F, 0x9E, 0x03, 0xFB, 0xC0, 0x1F, 0x7C,
    0x03, 0xE7, 0xE1, 0xF8, 0xFF, 0xFE, 0x0F, 0xFF, 0x80, 0xFF, 0xE0, 0x03, 0xC0, 0x00, 0x00, 0x00,
    0x1D, 0xC0, 0x07, 0xF8, 0x00, 0xFF, 0x00, 0x04, 0xC0, 0x00, 0x60, 0x00, 0x03, 0xC0, 0x60, 0x1E,
    0x03, 0xF1, 0xE0, 0x3F, 0xEF, 0x01, 0xFF, 0xF8, 0x03, 0xFB, 0xE0, 0x0F, 0x0F, 0xC1, 0xF8, 0x7F,
    0xFF, 0x81, 0xFF, 0xF8, 0x07, 0xFF, 0x80, 0x07, 0xC0, 0x00, 0x00, 0x00, 0x03, 0xB8, 0x00, 0x1F,
    0xE0, 0x00, 0xFF, 0x00, 0x03, 0x30, 0x00, 0x1C, 0x3C, 0x1E, 0x1E, 0x1E, 0x1E, 0x1E, 0x7E, 0xFE,
    0xFC, 0xF8, 0x00, 0x00, 0xEE, 0xFF, 0xEE, 0x44, 0x1E, 0x01, 0xE0, 0x1E, 0x01, 0xE0, 0x7F, 0x8F,
    0xFE, 0xFF, 0xFF, 0x3E, 0x00, 0x00, 0x00, 0x77, 0x0F, 0xF0, 0x77, 0x02, 0x20, 0x38, 0x00, 0x7F,
    0xBC, 0x7F, 0xBC, 0x00, 0x3C, 0x0C, 0x1E, 0x1F, 0x1E, 0x1F, 0x9E, 0x0F, 0xFC, 0x03, 0xFC, 0x01,
    0xFC, 0x00, 0xFC, 0x00, 0xFC, 0x01, 0xFE, 0x03, 0xFE, 0x07, 0xDF, 0x0F, 0xFF, 0x0F, 0xFE, 0x0F,
    0xFC, 0x38, 0x00, 0x1F, 0xE0, 0x07, 0xFF, 0x80, 0x01, 0xE0, 0x00, 0x78, 0x0C, 0x1E, 0x07, 0x87,
    0x81, 0xF1, 0xE0, 0x3E, 0x3C, 0x07, 0xCF, 0x00, 0xFB, 0xC0, 0x3F, 0xF0, 0x07, 0xFC, 0x00, 0xFF,
    0x00, 0x1F, 0xC1, 0xFF, 0xF8, 0x7F, 0xFF, 0xDF, 0xFF, 0xF7, 0xF1, 0xFC, 0x00, 0x00, 0x00, 0x03,
    0xC0, 0x0F, 0x00, 0x30, 0x00, 0xF8, 0xF3, 0xE3, 0xCE, 0x0F, 0x0C, 0x1E, 0x7C, 0x79, 0xF9, 0xE3,
    0xFF, 0x03, 0xFC, 0x07, 0xF0, 0x0F, 0xC0, 0x3F, 0x01, 0xFE, 0x0F, 0xF8, 0x7D, 0xF3, 0xFF, 0xCF,
    0xFE, 0x3F, 0xF0, 0x00, 0x00, 0x0F, 0x00, 0x03, 0xC0, 0x00, 0xC0, 0x00, 0x3E, 0x00, 0x0F, 0x9E,
    0x03, 0x87, 0x80, 0x01, 0xE0, 0x30, 0x78, 0x1E, 0x1E, 0x07, 0xC7, 0x80, 0xF8, 0xF0, 0x1F, 0x3C,
    0x03, 0xEF, 0x00, 0xFF, 0xC0, 0x1F, 0xF0, 0x03, 0xFC, 0x00, 0x7F, 0x07, 0xFF, 0xE1, 0xFF, 0xFF,
    0x7F, 0xFF, 0xDF, 0xC7, 0xF0, 0x00, 0x00, 0x00, 0xF0, 0x03, 0xC0, 0x0F, 0x0C, 0x1E, 0x7C, 0x79,
    0xF9, 0xE3, 0xFF, 0x03, 0xFC, 0x07, 0xF0, 0x0F, 0xC0, 0x3F, 0x01, 0xFE, 0x0F, 0xF8, 0x7D, 0xF3,
    0xFF, 0xCF, 0xFE, 0x3F, 0xF0, 0x00, 0x01, 0xE0, 0x07, 0x80, 0x18, 0x00, 0x7C, 0x03, 0xF0, 0x07,
    0x00, 0x00, 0x78, 0x00, 0x1E, 0x00, 0x07, 0x80, 0xC1, 0xE0, 0x78, 0x78, 0x1F, 0x1E, 0x03, 0xE3,
    0xC0, 0x7C, 0xF0, 0x0F, 0xBC, 0x03, 0xFF, 0x00, 0x7F, 0xC0, 0x0F, 0xF0, 0x01, 0xFC, 0x1F, 0xFF,
    0x87, 0xFF, 0xFD, 0xFF, 0xFF, 0x7F, 0x1F, 0xC0, 0x00, 0x01, 0xE0, 0x00, 0x78, 0x00, 0x38, 0x00,
    0x07, 0xC0, 0x03, 0xF0, 0x00, 0x70, 0x00, 0x00, 0xF0, 0x03, 0xC0, 0x0F, 0x0C, 0x1E, 0x7C, 0x79,
    0xF9, 0xE3, 0xFF, 0x03, 0xFC, 0x07, 0xF0, 0x0F, 0xC0, 0x3F, 0x01, 0xFE, 0x0F, 0xF8, 0x7D, 0xF3,
    0xFF, 0xCF, 0xFE, 0x3F, 0xF0, 0x00, 0x78, 0x00, 0x1E, 0x00, 0x07, 0x80, 0xC1, 0xE0, 0x78, 0x78,
    0x1F, 0x1E, 0x03, 0xE3, 0xC0, 0x7C, 0xF0, 0x0F, 0xBC, 0x03, 0xFF, 0x00, 0x7F, 0xC0, 0x0F, 0xF0,
    0x01, 0xFC, 0x1F, 0xFF, 0x87, 0xFF, 0xFD, 0xFF, 0xFF, 0x7F, 0x1F, 0xC0, 0x00, 0x00,
};

static const EpdGlyph edslab_ui_10_boldGlyphs[] = {
    { 0, 0, 0, 0, 0, 0, 0 }, // U+0000
    { 0, 0, 95, 0, 0, 0, 0 }, // U+000D
    { 0, 0, 127, 0, 0, 0, 0 }, // U+0020
    { 5, 18, 95, 0, 17, 12, 0 }, // !
    { 6, 6, 138, 1, 17, 5, 12 }, // "
    { 17, 17, 307, 1, 17, 37, 17 }, // #
    { 14, 23, 246, 0, 20, 41, 54 }, // $
    { 20, 17, 358, 1, 17, 43, 95 }, // %
    { 16, 18, 282, 1, 17, 36, 138 }, // &
    { 3, 6, 86, 1, 17, 3, 174 }, // '
    { 9, 28, 172, 1, 22, 32, 177 }, // (
    { 9, 28, 172, 0, 22, 32, 209 }, // )
    { 10, 9, 172, 0, 20, 12, 241 }, // *
    { 8, 8, 157, 1, 10, 8, 253 }, // +
    { 4, 7, 95, 0, 3, 4, 261 }, // ,
    { 8, 3, 157, 1, 8, 3, 265 }, // -
    { 5, 4, 95, 0, 3, 3, 268 }, // .
    { 9, 24, 159, 1, 18, 27, 271 }, // /
    { 14, 18, 237, 1, 17, 32, 298 }, // 0
    { 7, 17, 148, 1, 17, 15, 330 }, // 1
    { 12, 17, 221, 1, 17, 26, 345 }, // 2
    { 13, 18, 230, 0, 17, 30, 371 }, // 3
    { 13, 17, 228, 0, 17, 28, 401 }, // 4
    { 13, 18, 227, 0, 17, 30, 429 }, // 5
    { 13, 18, 230, 1, 17, 30, 459 }, // 6
    { 11, 17, 219, 1, 17, 24, 489 }, // 7
    { 12, 18, 233, 1, 17, 27, 513 }, // 8
    { 13, 18, 219, 1, 17, 30, 540 }, // 9
    { 5, 12, 95, 0, 11, 8, 570 }, // :
    { 5, 15, 95, 0, 11, 10, 578 }, // ;
    { 12, 12, 216, 0, 12, 18, 588 }, // <
    { 8, 6, 157, 1, 9, 6, 606 }, // =
    { 12, 12, 216, 0, 12, 18, 612 }, // >
    { 12, 18, 217, 1, 17, 27, 630 }, // ?
    { 21, 22, 369, 1, 19, 58, 657 }, // @
    { 19, 17, 341, 1, 17, 41, 715 }, // A
    { 15, 17, 278, 1, 17, 32, 756 }, // B
    { 16, 18, 273, 1, 17, 36, 788 }, // C
    { 17, 17, 308, 1, 17, 37, 824 }, // D
    { 14, 17, 267, 1, 17, 30, 861 }, // E
    { 15, 17, 268, 1, 17, 32, 891 }, // F
    { 15, 18, 275, 1, 17, 34, 923 }, // G
    { 18, 17, 333, 1, 17, 39, 957 }, // H
    { 7, 17, 152, 1, 17, 15, 996 }, // I
    { 12, 18, 220, 1, 17, 27, 1011 }, // J
    { 17, 17, 289, 1, 17, 37, 1038 }, // K
    { 15, 17, 271, 1, 17, 32, 1075 }, // L
    { 21, 17, 377, 1, 17, 45, 1107 }, // M
    { 18, 17, 333, 1, 17, 39, 1152 }, // N
    { 17, 18, 313, 1, 17, 39, 1191 }, // O
    { 16, 17, 278, 1, 17, 34, 1230 }, // P
    { 20, 22, 337, 1, 17, 55, 1264 }, // Q
    { 17, 18, 296, 1, 17, 39, 1319 }, // R
    { 14, 18, 237, 0, 17, 32, 1358 }, // S
    { 16, 17, 290, 1, 17, 34, 1390 }, // T
    { 19, 18, 343, 1, 17, 43, 1424 }, // U
    { 19, 17, 341, 1, 17, 41, 1467 }, // V
    { 28, 17, 479, 1, 17, 60, 1508 }, // W
    { 17, 17, 314, 1, 17, 37, 1568 }, // X
    { 16, 17, 300, 1, 17, 34, 1605 }, // Y
    { 14, 17, 263, 1, 17, 30, 1639 }, // Z
    { 7, 23, 128, 1, 17, 21, 1669 }, // [
    { 9, 24, 159, 1, 18, 27, 1690 }, // <backslash>
    { 7, 23, 139, 0, 17, 21, 1717 }, // ]
    { 12, 9, 216, 0, 18, 14, 1738 }, // ^
    { 10, 3, 197, 1, 1, 4, 1752 }, // _
    { 6, 6, 106, 0, 20, 5, 1756 }, // `
    { 12, 12, 206, 0, 11, 18, 1761 }, // a
    { 13, 19, 226, 0, 19, 31, 1779 }, // b
    { 11, 12, 191, 1, 11, 17, 1810 }, // c
    { 13, 21, 224, 1, 19, 35, 1827 }, // d
    { 11, 12, 183, 1, 11, 17, 1862 }, // e
    { 10, 20, 144, 0, 17, 25, 1879 }, // f
    { 13, 18, 218, 1, 11, 30, 1904 }, // g
    { 14, 20, 235, 1, 19, 35, 1934 }, // h
    { 7, 16, 116, -1, 15, 14, 1969 }, // i
    { 6, 21, 102, -1, 15, 16, 1983 }, // j
    { 13, 19, 234, 1, 19, 31, 1999 }, // k
    { 7, 20, 126, 0, 19, 18, 2030 }, // l
    { 19, 12, 330, 1, 11, 29, 2048 }, // m
    { 14, 12, 238, 1, 11, 21, 2077 }, // n
    { 11, 12, 204, 1, 11, 17, 2098 }, // o
    { 12, 17, 215, 0, 11, 26, 2115 }, // p
    { 12, 17, 197, 1, 11, 26, 2141 }, // q
    { 11, 11, 190, 1, 11, 16, 2167 }, // r
    { 10, 12, 162, 0, 11, 15, 2183 }, // s
    { 10, 17, 169, 0, 16, 22, 2198 }, // t
    { 14, 12, 226, -1, 11, 21, 2220 }, // u
    { 14, 11, 248, 0, 11, 20, 2241 }, // v
    { 21, 11, 350, 0, 11, 29, 2261 }, // w
    { 13, 11, 242, 1, 11, 18, 2290 }, // x
    { 14, 17, 247, 0, 11, 30, 2308 }, // y
    { 10, 11, 193, 1, 11, 14, 2338 }, // z
    { 8, 23, 120, -1, 17, 23, 2352 }, // {
    { 3, 25, 81, 1, 21, 10, 2375 }, // |
    { 8, 23, 120, -1, 17, 23, 2385 }, // }
    { 9, 4, 194, 1, 9, 5, 2408 }, // ~
    { 0, 0, 127, 0, 0, 0, 2413 }, // U+00A0
    { 5, 17, 95, 0, 17, 11, 2413 }, // U+00A1
    { 11, 15, 191, 1, 13, 21, 2424 }, // U+00A2
    { 11, 20, 205, 1, 17, 28, 2445 }, // U+00A3
    { 11, 12, 198, 0, 13, 17, 2473 }, // U+00A4
    { 16, 17, 300, 1, 17, 34, 2490 }, // U+00A5
    { 3, 17, 81, 1, 17, 7, 2524 }, // U+00A6
    { 9, 16, 174, 1, 16, 18, 2531 }, // U+00A7
    { 6, 3, 161, 2, 17, 3, 2549 }, // U+00A8
    { 18, 18, 330, 1, 16, 41, 2552 }, // U+00A9
    { 9, 8, 151, 0, 14, 9, 2593 }, // U+00AA
    { 8, 10, 165, 0, 12, 10, 2602 }, // U+00AB
    { 10, 6, 213, 1, 10, 8, 2612 }, // U+00AC
    { 8, 3, 157, 1, 8, 3, 2620 }, // U+00AD
    { 18, 19, 330, 1, 16, 43, 2623 }, // U+00AE
    { 5, 3, 161, 2, 17, 2, 2666 }, // U+00AF
    { 5, 6, 169, 2, 18, 4, 2668 }, // U+00B0
    { 7, 12, 198, 2, 12, 11, 2672 }, // U+00B1
    { 9, 11, 157, 0, 17, 13, 2683 }, // U+00B2
    { 9, 11, 162, 0, 17, 13, 2696 }, // U+00B3
    { 5, 3, 161, 2, 17, 2, 2709 }, // U+00B4
    { 13, 17, 226, 0, 11, 28, 2711 }, // U+00B5
    { 12, 19, 220, -1, 17, 29, 2739 }, // U+00B6
    { 5, 4, 95, 0, 9, 3, 2768 }, // U+00B7
    { 5, 3, 161, 2, -1, 2, 2771 }, // U+00B8
    { 5, 11, 112, 1, 17, 7, 2773 }, // U+00B9
    { 9, 8, 150, 0, 14, 9, 2780 }, // U+00BA
    { 8, 10, 165, 1, 12, 10, 2789 }, // U+00BB
    { 15, 20, 220, -1, 19, 38, 2799 }, // U+00BC
    { 15, 20, 220, -1, 19, 38, 2837 }, // U+00BD
    { 16, 20, 220, -1, 19, 40, 2875 }, // U+00BE
    { 12, 18, 217, 1, 17, 27, 2915 }, // U+00BF
    { 19, 19, 341, 1, 19, 46, 2942 }, // U+00C0
    { 19, 19, 341, 1, 19, 46, 2988 }, // U+00C1
    { 19, 19, 341, 1, 19, 46, 3034 }, // U+00C2
    { 19, 20, 341, 1, 20, 48, 3080 }, // U+00C3
    { 19, 19, 341, 1, 19, 46, 3128 }, // U+00C4
    { 19, 21, 341, 1, 21, 50, 3174 }, // U+00C5
    { 28, 17, 487, 1, 17, 60, 3224 }, // U+00C6
    { 16, 21, 273, 1, 17, 42, 3284 }, // U+00C7
    { 14, 19, 267, 1, 19, 34, 3326 }, // U+00C8
    { 14, 19, 267, 1, 19, 34, 3360 }, // U+00C9
    { 14, 19, 267, 1, 19, 34, 3394 }, // U+00CA
    { 14, 19, 267, 1, 19, 34, 3428 }, // U+00CB
    { 7, 19, 152, 1, 19, 17, 3462 }, // U+00CC
    { 7, 19, 152, 1, 19, 17, 3479 }, // U+00CD
    { 7, 19, 152, 1, 19, 17, 3496 }, // U+00CE
    { 7, 19, 152, 1, 19, 17, 3513 }, // U+00CF
    { 18, 17, 308, 0, 17, 39, 3530 }, // U+00D0
    { 18, 20, 333, 1, 20, 45, 3569 }, // U+00D1
    { 17, 20, 313, 1, 19, 43, 3614 }, // U+00D2
    { 17, 20, 313, 1, 19, 43, 3657 }, // U+00D3
    { 17, 20, 313, 1, 19, 43, 3700 }, // U+00D4
    { 17, 20, 313, 1, 19, 43, 3743 }, // U+00D5
    { 17, 20, 313, 1, 19, 43, 3786 }, // U+00D6
    { 8, 9, 198, 2, 11, 9, 3829 }, // U+00D7
    { 17, 22, 313, 1, 19, 47, 3838 }, // U+00D8
    { 19, 20, 343, 1, 19, 48, 3885 }, // U+00D9
    { 19, 20, 343, 1, 19, 48, 3933 }, // U+00DA
    { 19, 20, 343, 1, 19, 48, 3981 }, // U+00DB
    { 19, 20, 343, 1, 19, 48, 4029 }, // U+00DC
    { 16, 19, 300, 1, 19, 38, 4077 }, // U+00DD
    { 12, 17, 308, 1, 17, 26, 4115 }, // U+00DE
    { 10, 17, 213, 1, 16, 22, 4141 }, // U+00DF
    { 12, 14, 206, 0, 13, 21, 4163 }, // U+00E0
    { 12, 14, 206, 0, 13, 21, 4184 }, // U+00E1
    { 12, 14, 206, 0, 13, 21, 4205 }, // U+00E2
    { 12, 14, 206, 0, 13, 21, 4226 }, // U+00E3
    { 12, 14, 206, 0, 13, 21, 4247 }, // U+00E4
    { 12, 16, 206, 0, 15, 24, 4268 }, // U+00E5
    { 20, 12, 334, 1, 11, 30, 4292 }, // U+00E6
    { 11, 15, 191, 1, 11, 21, 4322 }, // U+00E7
    { 11, 14, 183, 1, 13, 20, 4343 }, // U+00E8
    { 11, 14, 183, 1, 13, 20, 4363 }, // U+00E9
    { 11, 14, 183, 1, 13, 20, 4383 }, // U+00EA
    { 11, 14, 183, 1, 13, 20, 4403 }, // U+00EB
    { 7, 14, 116, -1, 13, 13, 4423 }, // U+00EC
    { 7, 14, 116, -1, 13, 13, 4436 }, // U+00ED
    { 7, 14, 116, -1, 13, 13, 4449 }, // U+00EE
    { 7, 14, 116, -1, 13, 13, 4462 }, // U+00EF
    { 14, 21, 224, 1, 19, 37, 4475 }, // U+00F0
    { 14, 15, 238, 1, 14, 27, 4512 }, // U+00F1
    { 11, 14, 204, 1, 13, 20, 4539 }, // U+00F2
    { 11, 14, 204, 1, 13, 20, 4559 }, // U+00F3
    { 11, 14, 204, 1, 13, 20, 4579 }, // U+00F4
    { 11, 15, 204, 1, 14, 21, 4599 }, // U+00F5
    { 11, 14, 204, 1, 13, 20, 4620 }, // U+00F6
    { 7, 9, 198, 2, 12, 8, 4640 }, // U+00F7
    { 13, 16, 204, 0, 13, 26, 4648 }, // U+00F8
    { 14, 14, 226, -1, 13, 25, 4674 }, // U+00F9
    { 14, 14, 226, -1, 13, 25, 4699 }, // U+00FA
    { 14, 14, 226, -1, 13, 25, 4724 }, // U+00FB
    { 14, 15, 226, -1, 14, 27, 4749 }, // U+00FC
    { 14, 19, 247, 0, 13, 34, 4776 }, // U+00FD
    { 12, 25, 226, 1, 19, 38, 4810 }, // U+00FE
    { 14, 20, 247, 0, 14, 35, 4848 }, // U+00FF
    { 19, 19, 341, 1, 19, 46, 4883 }, // U+0100
    { 12, 14, 206, 0, 13, 21, 4929 }, // U+0101
    { 19, 20, 341, 1, 20, 48, 4950 }, // U+0102
    { 12, 15, 206, 0, 14, 23, 4998 }, // U+0103
    { 20, 20, 341, 1, 17, 50, 5021 }, // U+0104
    { 12, 15, 206, 0, 11, 23, 5071 }, // U+0105
    { 16, 20, 273, 1, 19, 40, 5094 }, // U+0106
    { 11, 14, 191, 1, 13, 20, 5134 }, // U+0107
    { 16, 21, 273, 1, 20, 42, 5154 }, // U+0108
    { 11, 14, 191, 1, 13, 20, 5196 }, // U+0109
    { 16, 20, 273, 1, 19, 40, 5216 }, // U+010A
    { 11, 14, 191, 1, 13, 20, 5256 }, // U+010B
    { 16, 21, 273, 1, 20, 42, 5276 }, // U+010C
    { 11, 15, 191, 1, 14, 21, 5318 }, // U+010D
    { 17, 20, 308, 1, 20, 43, 5339 }, // U+010E
    { 15, 21, 224, 1, 19, 40, 5382 }, // U+010F
    { 18, 17, 308, 0, 17, 39, 5422 }, // U+0110
    { 14, 21, 224, 1, 19, 37, 5461 }, // U+0111
    { 14, 19, 267, 1, 19, 34, 5498 }, // U+0112
    { 11, 14, 183, 1, 13, 20, 5532 }, // U+0113
    { 14, 21, 267, 1, 21, 37, 5552 }, // U+0114
    { 11, 15, 183, 1, 14, 21, 5589 }, // U+0115
    { 14, 19, 267, 1, 19, 34, 5610 }, // U+0116
    { 11, 14, 183, 1, 13, 20, 5644 }, // U+0117
    { 14, 20, 267, 1, 17, 35, 5664 }, // U+0118
    { 11, 15, 183, 1, 11, 21, 5699 }, // U+0119
    { 14, 20, 267, 1, 20, 35, 5720 }, // U+011A
    { 11, 15, 183, 1, 14, 21, 5755 }, // U+011B
    { 15, 21, 275, 1, 20, 40, 5776 }, // U+011C
    { 13, 21, 218, 1, 14, 35, 5816 }, // U+011D
    { 15, 21, 275, 1, 20, 40, 5851 }, // U+011E
    { 13, 21, 218, 1, 14, 35, 5891 }, // U+011F
    { 15, 20, 275, 1, 19, 38, 5926 }, // U+0120
    { 13, 21, 218, 1, 14, 35, 5964 }, // U+0121
    { 15, 21, 275, 1, 17, 40, 5999 }, // U+0122
    { 13, 20, 218, 1, 11, 33, 6039 }, // U+0123
    { 18, 20, 333, 1, 20, 45, 6072 }, // U+0124
    { 14, 23, 235, 1, 22, 41, 6117 }, // U+0125
    { 18, 17, 333, 1, 17, 39, 6158 }, // U+0126
    { 15, 20, 235, -1, 19, 38, 6197 }, // U+0127
    { 8, 21, 152, 1, 21, 21, 6235 }, // U+0128
    { 8, 15, 116, 0, 14, 15, 6256 }, // U+0129
    { 7, 19, 152, 1, 19, 17, 6271 }, // U+012A
    { 7, 14, 116, -1, 13, 13, 6288 }, // U+012B
    { 7, 21, 152, 1, 21, 19, 6301 }, // U+012C
    { 7, 15, 116, -1, 14, 14, 6320 }, // U+012D
    { 7, 20, 152, 1, 17, 18, 6334 }, // U+012E
    { 7, 19, 116, -1, 15, 17, 6352 }, // U+012F
    { 7, 19, 152, 1, 19, 17, 6369 }, // U+0130
    { 7, 12, 116, -1, 11, 11, 6386 }, // U+0131
    { 19, 17, 343, 1, 17, 41, 6397 }, // U+0132
    { 11, 21, 192, -1, 15, 29, 6438 }, // U+0133
    { 12, 20, 220, 1, 19, 30, 6467 }, // U+0134
    { 6, 20, 102, -1, 14, 15, 6497 }, // U+0135
    { 17, 20, 289, 1, 17, 43, 6512 }, // U+0136
    { 13, 22, 234, 1, 19, 36, 6555 }, // U+0137
    { 15, 20, 271, 1, 20, 38, 6591 }, // U+0139
    { 7, 23, 126, 0, 21, 21, 6629 }, // U+013A
    { 15, 20, 271, 1, 17, 38, 6650 }, // U+013B
    { 7, 22, 126, 0, 19, 20, 6688 }, // U+013C
    { 15, 20, 271, 1, 20, 38, 6708 }, // U+013D
    { 9, 20, 126, 0, 19, 23, 6746 }, // U+013E
    { 18, 17, 326, 1, 17, 39, 6769 }, // U+013F
    { 10, 20, 181, 0, 19, 25, 6808 }, // U+0140
    { 16, 17, 271, 0, 17, 34, 6833 }, // U+0141
    { 8, 20, 126, 0, 19, 20, 6867 }, // U+0142
    { 18, 19, 333, 1, 19, 43, 6887 }, // U+0143
    { 14, 15, 238, 1, 14, 27, 6930 }, // U+0144
    { 18, 19, 333, 1, 17, 43, 6957 }, // U+0145
    { 14, 14, 238, 1, 11, 25, 7000 }, // U+0146
    { 18, 20, 333, 1, 20, 45, 7025 }, // U+0147
    { 14, 15, 238, 1, 14, 27, 7070 }, // U+0148
    { 18, 22, 238, -3, 21, 50, 7097 }, // U+0149
    { 18, 24, 333, 1, 17, 54, 7147 }, // U+014A
    { 14, 18, 238, 1, 11, 32, 7201 }, // U+014B
    { 17, 20, 313, 1, 19, 43, 7233 }, // U+014C
    { 11, 13, 204, 1, 12, 18, 7276 }, // U+014D
    { 17, 21, 313, 1, 20, 45, 7294 }, // U+014E
    { 11, 15, 204, 1, 14, 21, 7339 }, // U+014F
    { 17, 20, 313, 1, 19, 43, 7360 }, // U+0150
    { 11, 14, 204, 1, 13, 20, 7403 }, // U+0151
    { 31, 18, 522, 1, 17, 70, 7423 }, // U+0152
    { 20, 12, 339, 1, 11, 30, 7493 }, // U+0153
    { 17, 21, 296, 1, 20, 45, 7523 }, // U+0154
    { 11, 14, 190, 1, 14, 20, 7568 }, // U+0155
    { 17, 20, 296, 1, 17, 43, 7588 }, // U+0156
    { 11, 14, 190, 1, 11, 20, 7631 }, // U+0157
    { 17, 21, 296, 1, 20, 45, 7651 }, // U+0158
    { 11, 14, 190, 1, 14, 20, 7696 }, // U+0159
    { 14, 20, 237, 0, 19, 35, 7716 }, // U+015A
    { 10, 14, 162, 0, 13, 18, 7751 }, // U+015B
    { 14, 21, 237, 0, 20, 37, 7769 }, // U+015C
    { 10, 14, 162, 0, 13, 18, 7806 }, // U+015D
    { 14, 21, 237, 0, 17, 37, 7824 }, // U+015E
    { 10, 15, 162, 0, 11, 19, 7861 }, // U+015F
    { 14, 21, 237, 0, 20, 37, 7880 }, // U+0160
    { 10, 15, 162, 0, 14, 19, 7917 }, // U+0161
    { 16, 22, 290, 1, 17, 44, 7936 }, // U+0162
    { 10, 21, 169, 0, 16, 27, 7980 }, // U+0163
    { 16, 20, 290, 1, 20, 40, 8007 }, // U+0164
    { 12, 17, 169, 0, 16, 26, 8047 }, // U+0165
    { 16, 17, 290, 1, 17, 34, 8073 }, // U+0166
    { 10, 17, 169, 0, 16, 22, 8107 }, // U+0167
    { 19, 21, 343, 1, 20, 50, 8129 }, // U+0168
    { 14, 15, 226, -1, 14, 27, 8179 }, // U+0169
    { 19, 20, 343, 1, 19, 48, 8206 }, // U+016A
    { 14, 13, 226, -1, 12, 23, 8254 }, // U+016B
    { 19, 21, 343, 1, 20, 50, 8277 }, // U+016C
    { 14, 15, 226, -1, 14, 27, 8327 }, // U+016D
    { 19, 22, 343, 1, 21, 53, 8354 }, // U+016E
    { 14, 16, 226, -1, 15, 28, 8407 }, // U+016F
    { 19, 20, 343, 1, 19, 48, 8435 }, // U+0170
    { 14, 14, 226, -1, 13, 25, 8483 }, // U+0171
    { 19, 21, 343, 1, 17, 50, 8508 }, // U+0172
    { 14, 15, 226, -1, 11, 27, 8558 }, // U+0173
    { 28, 20, 479, 1, 20, 70, 8585 }, // U+0174
    { 21, 14, 350, 0, 14, 37, 8655 }, // U+0175
    { 16, 20, 300, 1, 20, 40, 8692 }, // U+0176
    { 14, 20, 247, 0, 14, 35, 8732 }, // U+0177
    { 16, 19, 300, 1, 19, 38, 8767 }, // U+0178
    { 14, 19, 263, 1, 19, 34, 8805 }, // U+0179
    { 10, 14, 193, 1, 14, 18, 8839 }, // U+017A
    { 14, 19, 263, 1, 19, 34, 8857 }, // U+017B
    { 10, 14, 193, 1, 14, 18, 8891 }, // U+017C
    { 14, 20, 263, 1, 20, 35, 8909 }, // U+017D
    { 10, 14, 193, 1, 14, 18, 8944 }, // U+017E
    { 19, 21, 341, 1, 21, 50, 8962 }, // U+01CD
    { 12, 16, 206, 0, 15, 24, 9012 }, // U+01CE
    { 7, 20, 152, 1, 20, 18, 9036 }, // U+020A
    { 7, 17, 116, -1, 16, 15, 9054 }, // U+020B
    { 14, 21, 237, 0, 17, 37, 9069 }, // U+0218
    { 10, 15, 162, 0, 11, 19, 9106 }, // U+0219
    { 16, 22, 290, 1, 17, 44, 9125 }, // U+021A
    { 10, 21, 169, 0, 16, 27, 9169 }, // U+021B
    { 8, 4, 0, -13, 18, 4, 9196 }, // U+0300
    { 5, 7, 0, -1, 17, 5, 9200 }, // U+0301
    { 10, 4, 0, -5, 18, 5, 9205 }, // U+0302
    { 10, 4, 0, -13, 18, 5, 9210 }, // U+0303
    { 8, 3, 0, -4, 17, 3, 9215 }, // U+0304
    { 10, 4, 0, -5, 18, 5, 9218 }, // U+0306
    { 4, 3, 0, -2, 17, 2, 9223 }, // U+0307
    { 10, 3, 0, -5, 18, 4, 9225 }, // U+0308
    { 7, 6, 0, -4, 20, 6, 9229 }, // U+030A
    { 11, 4, 0, -4, 18, 6, 9235 }, // U+030B
    { 10, 4, 0, -5, 18, 5, 9241 }, // U+030C
    { 5, 7, 0, -1, 17, 5, 9246 }, // U+0312
    { 5, 7, 0, -1, 17, 5, 9251 }, // U+0313
    { 5, 7, 0, -1, 17, 5, 9256 }, // U+0314
    { 5, 7, 0, -1, 17, 5, 9261 }, // U+0315
    { 4, 4, 0, -2, -1, 2, 9266 }, // U+0326
    { 6, 6, 0, -3, 0, 5, 9268 }, // U+0327
    { 6, 7, 0, -3, 2, 6, 9273 }, // U+0328
    { 5, 7, 0, -1, 17, 5, 9279 }, // U+0341
    { 5, 7, 0, -1, 17, 5, 9284 }, // U+0343
    { 0, 0, 0, 0, 0, 0, 9289 }, // U+034F
    { 14, 21, 264, 1, 21, 37, 9289 }, // U+0401
    { 16, 17, 266, 1, 17, 34, 9326 }, // U+0404
    { 7, 17, 148, 1, 17, 15, 9360 }, // U+0406
    { 9, 21, 148, 0, 21, 24, 9375 }, // U+0407
    { 19, 17, 341, 1, 17, 41, 9399 }, // U+0410
    { 16, 17, 278, 1, 17, 34, 9440 }, // U+0411
    { 15, 17, 278, 1, 17, 32, 9474 }, // U+0412
    { 13, 17, 246, 1, 17, 28, 9506 }, // U+0413
    { 17, 20, 308, 1, 17, 43, 9534 }, // U+0414
    { 14, 17, 267, 1, 17, 30, 9577 }, // U+0415
    { 26, 17, 426, 0, 17, 56, 9607 }, // U+0416
    { 14, 17, 243, 0, 17, 30, 9663 }, // U+0417
    { 18, 17, 333, 1, 17, 39, 9693 }, // U+0418
    { 18, 23, 333, 1, 23, 52, 9732 }, // U+0419
    { 17, 17, 285, 1, 17, 37, 9784 }, // U+041A
    { 18, 17, 307, 1, 17, 39, 9821 }, // U+041B
    { 21, 17, 377, 1, 17, 45, 9860 }, // U+041C
    { 18, 17, 333, 1, 17, 39, 9905 }, // U+041D
    { 17, 17, 306, 1, 17, 37, 9944 }, // U+041E
    { 18, 17, 333, 1, 17, 39, 9981 }, // U+041F
    { 16, 17, 278, 1, 17, 34, 10020 }, // U+0420
    { 16, 17, 266, 1, 17, 34, 10054 }, // U+0421
    { 16, 17, 290, 1, 17, 34, 10088 }, // U+0422
    { 18, 17, 321, 1, 17, 39, 10122 }, // U+0423
    { 19, 20, 310, 0, 18, 48, 10161 }, // U+0424
    { 17, 17, 314, 1, 17, 37, 10209 }, // U+0425
    { 18, 20, 333, 1, 17, 45, 10246 }, // U+0426
    { 17, 17, 303, 1, 17, 37, 10291 }, // U+0427
    { 26, 17, 453, 1, 17, 56, 10328 }, // U+0428
    { 26, 20, 453, 1, 17, 65, 10384 }, // U+0429
    { 18, 17, 304, 1, 17, 39, 10449 }, // U+042A
    { 23, 17, 413, 1, 17, 49, 10488 }, // U+042B
    { 16, 17, 274, 1, 17, 34, 10537 }, // U+042C
    { 16, 17, 263, 0, 17, 34, 10571 }, // U+042D
    { 25, 17, 423, 1, 17, 54, 10605 }, // U+042E
    { 17, 17, 296, 0, 17, 37, 10659 }, // U+042F
    { 12, 11, 195, 0, 11, 17, 10696 }, // U+0430
    { 11, 16, 180, 0, 16, 22, 10713 }, // U+0431
    { 12, 11, 201, 0, 11, 17, 10735 }, // U+0432
    { 10, 11, 191, 1, 11, 14, 10752 }, // U+0433
    { 13, 14, 237, 1, 11, 23, 10766 }, // U+0434
    { 11, 11, 172, 1, 11, 16, 10789 }, // U+0435
    { 20, 11, 330, 0, 11, 28, 10805 }, // U+0436
    { 10, 11, 168, 0, 11, 14, 10833 }, // U+0437
    { 13, 11, 231, 0, 11, 18, 10847 }, // U+0438
    { 13, 17, 231, 0, 17, 28, 10865 }, // U+0439
    { 13, 11, 234, 1, 11, 18, 10893 }, // U+043A
    { 14, 11, 232, -1, 11, 20, 10911 }, // U+043B
    { 16, 11, 291, 1, 11, 22, 10931 }, // U+043C
    { 13, 11, 241, 1, 11, 18, 10953 }, // U+043D
    { 11, 11, 204, 1, 11, 16, 10971 }, // U+043E
    { 13, 11, 241, 1, 11, 18, 10987 }, // U+043F
    { 12, 17, 222, 1, 11, 26, 11005 }, // U+0440
    { 11, 11, 184, 1, 11, 16, 11031 }, // U+0441
    { 11, 11, 202, 0, 11, 16, 11047 }, // U+0442
    { 14, 17, 240, 0, 11, 30, 11063 }, // U+0443
    { 14, 23, 238, 1, 17, 41, 11093 }, // U+0444
    { 13, 11, 242, 1, 11, 18, 11134 }, // U+0445
    { 13, 14, 241, 0, 11, 23, 11152 }, // U+0446
    { 12, 11, 224, 0, 11, 17, 11175 }, // U+0447
    { 17, 11, 316, 1, 11, 24, 11192 }, // U+0448
    { 18, 14, 316, 0, 11, 32, 11216 }, // U+0449
    { 13, 11, 215, 0, 11, 18, 11248 }, // U+044A
    { 16, 11, 296, 1, 11, 22, 11266 }, // U+044B
    { 11, 11, 198, 1, 11, 16, 11288 }, // U+044C
    { 11, 11, 184, 0, 11, 16, 11304 }, // U+044D
    { 17, 11, 295, 1, 11, 24, 11320 }, // U+044E
    { 12, 11, 217, 0, 11, 17, 11344 }, // U+044F
    { 11, 16, 176, 1, 16, 22, 11361 }, // U+0451
    { 11, 11, 184, 1, 11, 16, 11383 }, // U+0454
    { 7, 16, 116, -1, 15, 14, 11399 }, // U+0456
    { 7, 16, 116, -1, 15, 14, 11413 }, // U+0457
    { 13, 19, 246, 1, 19, 31, 11427 }, // U+0490
    { 10, 13, 191, 1, 13, 17, 11458 }, // U+0491
    { 15, 14, 248, 0, 14, 27, 11475 }, // U+05D0
    { 14, 14, 218, 0, 14, 25, 11502 }, // U+05D1
    { 9, 15, 151, 0, 14, 17, 11527 }, // U+05D2
    { 13, 14, 209, 0, 14, 23, 11544 }, // U+05D3
    { 13, 14, 241, 1, 14, 23, 11567 }, // U+05D4
    { 7, 14, 124, 0, 14, 13, 11590 }, // U+05D5
    { 8, 14, 136, 0, 14, 14, 11603 }, // U+05D6
    { 15, 14, 252, 0, 14, 27, 11617 }, // U+05D7
    { 14, 14, 242, 1, 14, 25, 11644 }, // U+05D8
    { 7, 8, 122, 0, 14, 7, 11669 }, // U+05D9
    { 12, 18, 209, 0, 14, 27, 11676 }, // U+05DA
    { 12, 14, 194, 0, 14, 21, 11703 }, // U+05DB
    { 13, 18, 204, 0, 18, 30, 11724 }, // U+05DC
    { 15, 14, 257, 0, 14, 27, 11754 }, // U+05DD
    { 16, 14, 257, 0, 14, 28, 11781 }, // U+05DE
    { 7, 18, 130, 0, 14, 16, 11809 }, // U+05DF
    { 8, 14, 148, 0, 14, 14, 11825 }, // U+05E0
    { 15, 14, 249, 0, 14, 27, 11839 }, // U+05E1
    { 14, 16, 231, 0, 15, 28, 11866 }, // U+05E2
    { 14, 18, 240, 0, 14, 32, 11894 }, // U+05E3
    { 14, 14, 230, 0, 14, 25, 11926 }, // U+05E4
    { 13, 18, 215, 0, 14, 30, 11951 }, // U+05E5
    { 13, 14, 217, 0, 14, 23, 11981 }, // U+05E6
    { 14, 18, 240, 1, 14, 32, 12004 }, // U+05E7
    { 11, 14, 199, 0, 14, 20, 12036 }, // U+05E8
    { 16, 14, 289, 1, 14, 28, 12056 }, // U+05E9
    { 16, 14, 265, 0, 14, 28, 12084 }, // U+05EA
    { 5, 7, 118, 1, 6, 5, 12112 }, // U+060C
    { 6, 17, 125, 0, 16, 13, 12117 }, // U+061B
    { 12, 18, 188, 0, 17, 27, 12130 }, // U+061F
    { 11, 12, 172, 0, 10, 17, 12157 }, // U+0621
    { 9, 5, 106, 0, 4, 6, 12174 }, // U+0640
    { 6, 7, 0, 0, 20, 6, 12180 }, // U+0654
    { 7, 6, 210, 3, 10, 6, 12186 }, // U+0660
    { 7, 17, 210, 3, 16, 15, 12192 }, // U+0661
    { 11, 17, 210, 1, 16, 24, 12207 }, // U+0662
    { 13, 17, 210, 0, 16, 28, 12231 }, // U+0663
    { 11, 17, 210, 1, 16, 24, 12259 }, // U+0664
    { 11, 13, 210, 1, 13, 18, 12283 }, // U+0665
    { 13, 17, 210, 0, 16, 28, 12301 }, // U+0666
    { 14, 17, 210, 0, 16, 30, 12329 }, // U+0667
    { 14, 17, 210, 0, 16, 30, 12359 }, // U+0668
    { 11, 16, 210, 1, 16, 22, 12389 }, // U+0669
    { 16, 15, 272, 0, 9, 30, 12411 }, // U+06BA
    { 7, 3, 119, 0, 3, 3, 12441 }, // U+06D4
    { 11, 14, 173, 0, 13, 20, 12444 }, // U+06D5
    { 7, 6, 210, 3, 10, 6, 12464 }, // U+06F0
    { 7, 17, 210, 3, 16, 15, 12470 }, // U+06F1
    { 11, 17, 210, 1, 16, 24, 12485 }, // U+06F2
    { 13, 17, 210, 0, 16, 28, 12509 }, // U+06F3
    { 13, 17, 210, 0, 16, 28, 12537 }, // U+06F4
    { 13, 16, 210, 0, 16, 26, 12565 }, // U+06F5
    { 11, 17, 210, 1, 16, 24, 12591 }, // U+06F6
    { 14, 17, 210, 0, 16, 30, 12615 }, // U+06F7
    { 14, 17, 210, 0, 16, 30, 12645 }, // U+06F8
    { 11, 16, 210, 1, 16, 22, 12675 }, // U+06F9
    { 17, 21, 264, 0, 16, 45, 12697 }, // U+1EA0
    { 12, 18, 203, 0, 13, 27, 12742 }, // U+1EA1
    { 17, 22, 264, 0, 22, 47, 12769 }, // U+1EA2
    { 12, 20, 203, 0, 19, 30, 12816 }, // U+1EA3
    { 17, 25, 264, 0, 25, 54, 12846 }, // U+1EA4
    { 14, 22, 203, 0, 21, 39, 12900 }, // U+1EA5
    { 17, 25, 264, 0, 25, 54, 12939 }, // U+1EA6
    { 12, 23, 203, 0, 22, 35, 12993 }, // U+1EA7
    { 17, 26, 264, 0, 26, 56, 13028 }, // U+1EA8
    { 13, 23, 203, 0, 22, 38, 13084 }, // U+1EA9
    { 17, 26, 264, 0, 26, 56, 13122 }, // U+1EAA
    { 12, 23, 203, 0, 22, 35, 13178 }, // U+1EAB
    { 17, 27, 264, 0, 22, 58, 13213 }, // U+1EAC
    { 12, 23, 203, 0, 18, 35, 13271 }, // U+1EAD
    { 17, 26, 264, 0, 26, 56, 13306 }, // U+1EAE
    { 12, 24, 203, 0, 23, 36, 13362 }, // U+1EAF
    { 17, 26, 264, 0, 26, 56, 13398 }, // U+1EB0
    { 12, 24, 203, 0, 23, 36, 13454 }, // U+1EB1
    { 17, 27, 264, 0, 27, 58, 13490 }, // U+1EB2
    { 12, 25, 203, 0, 24, 38, 13548 }, // U+1EB3
    { 17, 26, 264, 0, 26, 56, 13586 }, // U+1EB4
    { 12, 23, 203, 0, 22, 35, 13642 }, // U+1EB5
    { 17, 27, 264, 0, 22, 58, 13677 }, // U+1EB6
    { 12, 23, 203, 0, 18, 35, 13735 }, // U+1EB7
    { 13, 21, 222, 1, 16, 35, 13770 }, // U+1EB8
    { 12, 18, 214, 1, 13, 27, 13805 }, // U+1EB9
    { 13, 22, 222, 1, 22, 36, 13832 }, // U+1EBA
    { 12, 20, 214, 1, 19, 30, 13868 }, // U+1EBB
    { 13, 22, 222, 1, 22, 36, 13898 }, // U+1EBC
    { 12, 19, 214, 1, 18, 29, 13934 }, // U+1EBD
    { 14, 25, 222, 1, 25, 44, 13963 }, // U+1EBE
    { 14, 22, 214, 1, 21, 39, 14007 }, // U+1EBF
    { 13, 25, 222, 1, 25, 41, 14046 }, // U+1EC0
    { 12, 22, 214, 1, 21, 33, 14087 }, // U+1EC1
    { 14, 26, 222, 1, 26, 46, 14120 }, // U+1EC2
    { 13, 22, 214, 1, 21, 36, 14166 }, // U+1EC3
    { 13, 26, 222, 1, 26, 43, 14202 }, // U+1EC4
    { 12, 23, 214, 1, 22, 35, 14245 }, // U+1EC5
    { 13, 27, 222, 1, 22, 44, 14280 }, // U+1EC6
    { 12, 23, 214, 1, 18, 35, 14324 }, // U+1EC7
    { 6, 22, 116, 1, 22, 17, 14359 }, // U+1EC8
    { 6, 19, 106, 0, 19, 15, 14376 }, // U+1EC9
    { 5, 21, 116, 1, 16, 14, 14391 }, // U+1ECA
    { 5, 23, 106, 1, 18, 15, 14405 }, // U+1ECB
    { 16, 22, 290, 1, 17, 44, 14420 }, // U+1ECC
    { 12, 18, 223, 1, 13, 27, 14464 }, // U+1ECD
    { 16, 23, 290, 1, 22, 46, 14491 }, // U+1ECE
    { 12, 20, 223, 1, 19, 30, 14537 }, // U+1ECF
    { 16, 26, 290, 1, 25, 52, 14567 }, // U+1ED0
    { 14, 23, 223, 1, 22, 41, 14619 }, // U+1ED1
    { 16, 27, 290, 1, 26, 54, 14660 }, // U+1ED2
    { 12, 23, 223, 1, 22, 35, 14714 }, // U+1ED3
    { 16, 27, 290, 1, 26, 54, 14749 }, // U+1ED4
    { 13, 23, 223, 1, 22, 38, 14803 }, // U+1ED5
    { 16, 27, 290, 1, 26, 54, 14841 }, // U+1ED6
    { 12, 23, 223, 1, 22, 35, 14895 }, // U+1ED7
    { 16, 27, 290, 1, 22, 54, 14930 }, // U+1ED8
    { 12, 23, 223, 1, 18, 35, 14984 }, // U+1ED9
    { 16, 23, 290, 1, 22, 46, 15019 }, // U+1EDA
    { 13, 20, 223, 1, 19, 33, 15065 }, // U+1EDB
    { 16, 23, 290, 1, 22, 46, 15098 }, // U+1EDC
    { 13, 20, 223, 1, 19, 33, 15144 }, // U+1EDD
    { 16, 23, 290, 1, 22, 46, 15177 }, // U+1EDE
    { 13, 20, 223, 1, 19, 33, 15223 }, // U+1EDF
    { 16, 23, 290, 1, 22, 46, 15256 }, // U+1EE0
    { 13, 19, 223, 1, 18, 31, 15302 }, // U+1EE1
    { 16, 24, 290, 1, 19, 48, 15333 }, // U+1EE2
    { 13, 20, 223, 1, 15, 33, 15381 }, // U+1EE3
    { 14, 21, 259, 1, 16, 37, 15414 }, // U+1EE4
    { 11, 18, 216, 1, 13, 25, 15451 }, // U+1EE5
    { 14, 23, 259, 1, 22, 41, 15476 }, // U+1EE6
    { 11, 20, 216, 1, 19, 28, 15517 }, // U+1EE7
    { 17, 23, 274, 1, 22, 49, 15545 }, // U+1EE8
    { 14, 20, 230, 1, 19, 35, 15594 }, // U+1EE9
    { 17, 23, 274, 1, 22, 49, 15629 }, // U+1EEA
    { 14, 20, 230, 1, 19, 35, 15678 }, // U+1EEB
    { 17, 23, 274, 1, 22, 49, 15713 }, // U+1EEC
    { 14, 20, 230, 1, 19, 35, 15762 }, // U+1EED
    { 17, 23, 274, 1, 22, 49, 15797 }, // U+1EEE
    { 14, 19, 230, 1, 18, 34, 15846 }, // U+1EEF
    { 17, 24, 274, 1, 19, 51, 15880 }, // U+1EF0
    { 14, 20, 230, 1, 15, 35, 15931 }, // U+1EF1
    { 15, 22, 229, 0, 22, 42, 15966 }, // U+1EF2
    { 14, 24, 207, -1, 18, 42, 16008 }, // U+1EF3
    { 16, 21, 242, 0, 16, 42, 16050 }, // U+1EF4
    { 13, 18, 201, 0, 13, 30, 16092 }, // U+1EF5
    { 16, 22, 242, 0, 22, 44, 16122 }, // U+1EF6
    { 13, 24, 201, 0, 19, 39, 16166 }, // U+1EF7
    { 16, 22, 242, 0, 22, 44, 16205 }, // U+1EF8
    { 13, 23, 201, 0, 18, 38, 16249 }, // U+1EF9
    { 0, 0, 183, 0, 0, 0, 16287 }, // U+2002
    { 0, 0, 367, 0, 0, 0, 16287 }, // U+2003
    { 0, 0, 73, 0, 0, 0, 16287 }, // U+2009
    { 0, 0, 0, 0, 0, 0, 16287 }, // U+200B
    { 2, 17, 0, -1, 16, 5, 16287 }, // U+200C
    { 6, 17, 0, -3, 16, 13, 16292 }, // U+200D
    { 6, 17, 0, -1, 16, 13, 16305 }, // U+200E
    { 6, 17, 0, -5, 16, 13, 16318 }, // U+200F
    { 8, 3, 157, 1, 8, 3, 16331 }, // U+2010
    { 8, 3, 157, 1, 8, 3, 16334 }, // U+2011
    { 10, 3, 198, 1, 8, 4, 16337 }, // U+2012
    { 10, 3, 198, 1, 8, 4, 16341 }, // U+2013
    { 20, 3, 381, 0, 8, 8, 16345 }, // U+2014
    { 24, 3, 381, 0, 8, 9, 16353 }, // U+2015
    { 6, 18, 204, 3, 17, 14, 16362 }, // U+2016
    { 5, 7, 95, 0, 18, 5, 16376 }, // U+2018
    { 5, 7, 95, 0, 17, 5, 16381 }, // U+2019
    { 4, 7, 95, 0, 3, 4, 16386 }, // U+201A
    { 5, 7, 95, 0, 18, 5, 16390 }, // U+201B
    { 9, 7, 147, 0, 18, 8, 16395 }, // U+201C
    { 8, 7, 147, 0, 17, 7, 16403 }, // U+201D
    { 8, 7, 147, 0, 3, 7, 16410 }, // U+201E
    { 9, 7, 147, 0, 18, 8, 16417 }, // U+201F
    { 6, 19, 211, 3, 17, 15, 16425 }, // U+2020
    { 6, 19, 211, 3, 17, 15, 16440 }, // U+2021
    { 8, 8, 169, 1, 11, 8, 16455 }, // U+2022
    { 7, 10, 183, 2, 12, 9, 16463 }, // U+2023
    { 5, 4, 95, 0, 3, 3, 16472 }, // U+2024
    { 5, 4, 95, 0, 3, 3, 16475 }, // U+2025
    { 16, 4, 282, 0, 3, 8, 16478 }, // U+2026
    { 5, 4, 95, 0, 9, 3, 16486 }, // U+2027
    { 0, 0, 48, 0, 0, 0, 16489 }, // U+202F
    { 22, 18, 466, 1, 17, 50, 16489 }, // U+2030
    { 5, 8, 106, 0, 18, 5, 16539 }, // U+2032
    { 8, 8, 150, 0, 18, 8, 16544 }, // U+2033
    { 11, 8, 194, 0, 18, 11, 16552 }, // U+2034
    { 5, 7, 95, -1, 17, 5, 16563 }, // U+2035
    { 5, 10, 114, 0, 12, 7, 16568 }, // U+2039
    { 5, 10, 114, 1, 12, 7, 16575 }, // U+203A
    { 9, 3, 198, 1, 9, 4, 16582 }, // U+2043
    { 9, 14, 125, 1, 13, 16, 16586 }, // U+2044
    { 8, 8, 169, 1, 11, 8, 16602 }, // U+204C
    { 8, 8, 169, 1, 11, 8, 16610 }, // U+204D
    { 6, 17, 125, 0, 16, 13, 16618 }, // U+204F
    { 8, 8, 169, 1, 11, 8, 16631 }, // U+2055
    { 9, 12, 167, 0, 17, 14, 16639 }, // U+2070
    { 8, 11, 161, 0, 17, 11, 16653 }, // U+2074
    { 9, 11, 161, -1, 17, 13, 16664 }, // U+2075
    { 8, 11, 163, 0, 17, 11, 16677 }, // U+2076
    { 7, 11, 156, 1, 17, 10, 16688 }, // U+2077
    { 9, 11, 164, 0, 17, 13, 16698 }, // U+2078
    { 8, 11, 156, 0, 17, 11, 16711 }, // U+2079
    { 6, 6, 147, 1, 13, 5, 16722 }, // U+207A
    { 6, 3, 147, 1, 12, 3, 16727 }, // U+207B
    { 9, 12, 167, 0, 8, 14, 16730 }, // U+2080
    { 5, 11, 112, 1, 8, 7, 16744 }, // U+2081
    { 9, 11, 157, 0, 8, 13, 16751 }, // U+2082
    { 9, 11, 162, 0, 8, 13, 16764 }, // U+2083
    { 8, 11, 161, 0, 8, 11, 16777 }, // U+2084
    { 9, 11, 161, -1, 8, 13, 16788 }, // U+2085
    { 8, 11, 163, 0, 8, 11, 16801 }, // U+2086
    { 7, 11, 156, 1, 8, 10, 16812 }, // U+2087
    { 9, 11, 164, 0, 8, 13, 16822 }, // U+2088
    { 8, 11, 156, 0, 8, 11, 16835 }, // U+2089
    { 6, 6, 147, 1, 4, 5, 16846 }, // U+208A
    { 6, 3, 147, 1, 3, 3, 16851 }, // U+208B
    { 28, 17, 479, 1, 17, 60, 16854 }, // U+20A9
    { 18, 14, 317, 1, 14, 32, 16914 }, // U+20AA
    { 19, 18, 303, -1, 17, 43, 16946 }, // U+20AC
    { 17, 17, 278, 0, 17, 37, 16989 }, // U+20B1
    { 14, 18, 237, 0, 17, 32, 17026 }, // U+20B4
    { 16, 17, 290, 1, 17, 34, 17058 }, // U+20B8
    { 18, 18, 296, 0, 17, 41, 17092 }, // U+20B9
    { 16, 17, 271, 0, 17, 34, 17133 }, // U+20BA
    { 17, 17, 278, 0, 17, 37, 17167 }, // U+20BD
    { 15, 23, 278, 1, 20, 44, 17204 }, // U+20BF
    { 13, 6, 227, -2, 10, 10, 17248 }, // U+2190
    { 6, 17, 216, 3, 17, 13, 17258 }, // U+2191
    { 13, 6, 227, 1, 10, 10, 17271 }, // U+2192
    { 6, 17, 216, 3, 14, 13, 17281 }, // U+2193
    { 14, 6, 220, -1, 10, 11, 17294 }, // U+2194
    { 6, 24, 216, 3, 19, 18, 17305 }, // U+2195
    { 12, 13, 235, 1, 13, 20, 17323 }, // U+2196
    { 12, 13, 235, 1, 13, 20, 17343 }, // U+2197
    { 12, 13, 235, 1, 13, 20, 17363 }, // U+2198
    { 12, 13, 235, 1, 13, 20, 17383 }, // U+2199
    { 13, 9, 235, 0, 12, 15, 17403 }, // U+21D0
    { 9, 14, 235, 3, 14, 16, 17418 }, // U+21D1
    { 14, 9, 235, 0, 12, 16, 17434 }, // U+21D2
    { 9, 13, 235, 3, 13, 15, 17450 }, // U+21D3
    { 16, 9, 235, -1, 12, 18, 17465 }, // U+21D4
    { 19, 18, 341, 1, 17, 43, 17483 }, // U+2200
    { 15, 18, 267, 0, 17, 34, 17526 }, // U+2203
    { 11, 12, 227, 1, 13, 17, 17560 }, // U+2205
    { 13, 12, 235, 0, 14, 20, 17577 }, // U+2206
    { 13, 12, 235, 0, 12, 20, 17597 }, // U+2207
    { 16, 18, 273, 0, 17, 36, 17617 }, // U+2208
    { 11, 3, 220, 1, 8, 5, 17653 }, // U+2212
    { 7, 12, 198, 2, 12, 11, 17658 }, // U+2213
    { 10, 9, 172, 0, 19, 12, 17669 }, // U+2217
    { 7, 8, 161, 1, 11, 7, 17681 }, // U+2218
    { 8, 8, 169, 1, 11, 8, 17688 }, // U+2219
    { 14, 13, 235, 0, 15, 23, 17696 }, // U+221A
    { 15, 9, 242, 0, 11, 17, 17719 }, // U+221E
    { 11, 13, 213, 1, 14, 18, 17736 }, // U+2220
    { 6, 14, 209, 3, 14, 11, 17754 }, // U+2225
    { 13, 13, 227, 0, 14, 22, 17765 }, // U+2227
    { 13, 13, 227, 0, 14, 22, 17787 }, // U+2228
    { 10, 11, 235, 2, 12, 14, 17809 }, // U+2234
    { 10, 11, 235, 2, 12, 14, 17823 }, // U+2235
    { 8, 8, 157, 0, 11, 8, 17837 }, // U+2248
    { 8, 11, 157, 0, 11, 11, 17845 }, // U+2260
    { 10, 8, 227, 2, 11, 10, 17856 }, // U+2261
    { 12, 14, 216, 0, 12, 21, 17866 }, // U+2264
    { 12, 14, 216, 0, 12, 21, 17887 }, // U+2265
    { 9, 12, 224, 2, 13, 14, 17908 }, // U+22A5
    { 4, 4, 95, 1, 9, 2, 17922 }, // U+22C5
    { 23, 19, 376, 0, 11, 55, 17924 }, // U+FB56
    { 29, 17, 419, 0, 9, 62, 17979 }, // U+FB57
    { 7, 19, 132, 0, 11, 17, 18041 }, // U+FB58
    { 12, 16, 150, 0, 8, 24, 18058 }, // U+FB59
    { 23, 19, 376, 0, 18, 55, 18082 }, // U+FB66
    { 29, 19, 419, 0, 18, 69, 18137 }, // U+FB67
    { 7, 21, 116, 0, 20, 19, 18206 }, // U+FB68
    { 12, 19, 150, 0, 18, 29, 18225 }, // U+FB69
    { 16, 22, 252, 0, 12, 44, 18254 }, // U+FB7A
    { 20, 22, 278, 0, 12, 55, 18298 }, // U+FB7B
    { 14, 18, 231, 0, 10, 32, 18353 }, // U+FB7C
    { 17, 18, 240, 0, 10, 39, 18385 }, // U+FB7D
    { 11, 22, 190, 0, 21, 31, 18424 }, // U+FB88
    { 15, 22, 209, 0, 21, 42, 18455 }, // U+FB89
    { 10, 24, 150, -1, 18, 30, 18497 }, // U+FB8A
    { 14, 24, 165, -1, 18, 42, 18527 }, // U+FB8B
    { 10, 25, 150, -1, 19, 32, 18569 }, // U+FB8C
    { 14, 25, 165, -1, 19, 44, 18601 }, // U+FB8D
    { 22, 18, 333, 0, 17, 50, 18645 }, // U+FB8E
    { 24, 18, 349, 0, 17, 54, 18695 }, // U+FB8F
    { 11, 18, 167, 0, 17, 25, 18749 }, // U+FB90
    { 14, 18, 186, 0, 17, 32, 18774 }, // U+FB91
    { 22, 21, 333, 0, 20, 58, 18806 }, // U+FB92
    { 24, 21, 349, 0, 20, 63, 18864 }, // U+FB93
    { 12, 21, 167, -1, 20, 32, 18927 }, // U+FB94
    { 15, 21, 186, -1, 20, 40, 18959 }, // U+FB95
    { 16, 15, 272, 0, 9, 30, 18999 }, // U+FB9E
    { 21, 14, 295, 0, 8, 37, 19029 }, // U+FB9F
    { 11, 14, 173, 0, 13, 20, 19066 }, // U+FBA6
    { 16, 10, 215, 0, 9, 20, 19086 }, // U+FBA7
    { 7, 16, 116, 0, 11, 14, 19106 }, // U+FBA8
    { 14, 13, 189, 0, 6, 23, 19120 }, // U+FBA9
    { 17, 14, 283, 0, 13, 30, 19143 }, // U+FBAA
    { 18, 17, 251, 0, 11, 39, 19173 }, // U+FBAB
    { 14, 14, 235, 0, 13, 25, 19212 }, // U+FBAC
    { 15, 17, 209, 0, 11, 32, 19237 }, // U+FBAD
    { 21, 13, 345, 0, 12, 35, 19269 }, // U+FBAE
    { 15, 11, 206, 0, 4, 21, 19304 }, // U+FBAF
    { 21, 20, 345, 0, 19, 53, 19325 }, // U+FBB0
    { 15, 18, 206, 0, 11, 34, 19378 }, // U+FBB1
    { 19, 17, 301, 0, 11, 41, 19412 }, // U+FBFC
    { 21, 12, 293, 0, 6, 32, 19453 }, // U+FBFD
    { 8, 17, 132, 0, 11, 17, 19485 }, // U+FBFE
    { 12, 14, 150, 0, 8, 21, 19502 }, // U+FBFF
    { 11, 12, 172, 0, 10, 17, 19523 }, // U+FE80
    { 9, 20, 99, -2, 20, 23, 19540 }, // U+FE81
    { 12, 23, 117, -2, 22, 35, 19563 }, // U+FE82
    { 6, 23, 99, 0, 23, 18, 19598 }, // U+FE83
    { 10, 26, 117, 0, 25, 33, 19616 }, // U+FE84
    { 11, 23, 183, 0, 17, 32, 19649 }, // U+FE85
    { 14, 23, 192, 0, 17, 41, 19681 }, // U+FE86
    { 6, 24, 100, 1, 17, 18, 19722 }, // U+FE87
    { 9, 24, 117, 1, 17, 27, 19740 }, // U+FE88
    { 19, 19, 301, 0, 13, 46, 19767 }, // U+FE89
    { 21, 19, 293, 0, 13, 50, 19813 }, // U+FE8A
    { 7, 20, 116, 0, 19, 18, 19863 }, // U+FE8B
    { 11, 17, 141, 0, 16, 24, 19881 }, // U+FE8C
    { 5, 17, 100, 1, 17, 11, 19905 }, // U+FE8D
    { 9, 18, 117, 1, 17, 21, 19916 }, // U+FE8E
    { 23, 17, 376, 0, 11, 49, 19937 }, // U+FE8F
    { 29, 15, 419, 0, 9, 55, 19986 }, // U+FE90
    { 7, 17, 116, 0, 11, 15, 20041 }, // U+FE91
    { 11, 14, 141, 0, 8, 20, 20056 }, // U+FE92
    { 11, 19, 173, 0, 18, 27, 20076 }, // U+FE93
    { 15, 20, 204, 0, 19, 38, 20103 }, // U+FE94
    { 23, 15, 376, 0, 14, 44, 20141 }, // U+FE95
    { 29, 15, 419, 0, 14, 55, 20185 }, // U+FE96
    { 8, 17, 116, -1, 16, 17, 20240 }, // U+FE97
    { 12, 15, 150, 0, 14, 23, 20257 }, // U+FE98
    { 23, 18, 376, 0, 17, 52, 20280 }, // U+FE99
    { 29, 18, 419, 0, 17, 66, 20332 }, // U+FE9A
    { 7, 20, 116, 0, 19, 18, 20398 }, // U+FE9B
    { 12, 18, 150, 0, 17, 27, 20416 }, // U+FE9C
    { 16, 22, 252, 0, 12, 44, 20443 }, // U+FE9D
    { 19, 22, 271, 0, 12, 53, 20487 }, // U+FE9E
    { 14, 16, 231, 0, 10, 28, 20540 }, // U+FE9F
    { 17, 16, 240, 0, 10, 34, 20568 }, // U+FEA0
    { 16, 22, 252, 0, 12, 44, 20602 }, // U+FEA1
    { 19, 22, 271, 0, 12, 53, 20646 }, // U+FEA2
    { 14, 11, 231, 0, 10, 20, 20699 }, // U+FEA3
    { 17, 11, 240, 0, 10, 24, 20719 }, // U+FEA4
    { 16, 27, 252, 0, 17, 54, 20743 }, // U+FEA5
    { 19, 27, 271, 0, 17, 65, 20797 }, // U+FEA6
    { 14, 17, 231, 0, 16, 30, 20862 }, // U+FEA7
    { 17, 17, 240, 0, 16, 37, 20892 }, // U+FEA8
    { 11, 13, 190, 0, 12, 18, 20929 }, // U+FEA9
    { 15, 13, 209, 0, 12, 25, 20947 }, // U+FEAA
    { 11, 18, 190, 0, 17, 25, 20972 }, // U+FEAB
    { 15, 18, 209, 0, 17, 34, 20997 }, // U+FEAC
    { 9, 15, 150, -1, 9, 17, 21031 }, // U+FEAD
    { 14, 15, 165, -1, 9, 27, 21048 }, // U+FEAE
    { 9, 21, 150, -1, 15, 24, 21075 }, // U+FEAF
    { 14, 21, 165, -1, 15, 37, 21099 }, // U+FEB0
    { 31, 17, 502, 0, 11, 66, 21136 }, // U+FEB1
    { 35, 16, 528, 0, 10, 70, 21202 }, // U+FEB2
    { 21, 12, 348, 0, 11, 32, 21272 }, // U+FEB3
    { 26, 11, 374, 0, 10, 36, 21304 }, // U+FEB4
    { 31, 24, 502, 0, 18, 93, 21340 }, // U+FEB5
    { 35, 24, 528, 0, 18, 105, 21433 }, // U+FEB6
    { 21, 19, 348, 0, 18, 50, 21538 }, // U+FEB7
    { 26, 19, 374, 0, 18, 62, 21588 }, // U+FEB8
    { 32, 17, 522, 0, 11, 68, 21650 }, // U+FEB9
    { 35, 17, 529, 0, 11, 75, 21718 }, // U+FEBA
    { 22, 11, 357, 0, 10, 31, 21793 }, // U+FEBB
    { 25, 11, 368, 0, 10, 35, 21824 }, // U+FEBC
    { 32, 22, 522, 0, 16, 88, 21859 }, // U+FEBD
    { 35, 22, 529, 0, 16, 97, 21947 }, // U+FEBE
    { 22, 17, 357, 0, 16, 47, 22044 }, // U+FEBF
    { 25, 17, 368, 0, 16, 54, 22091 }, // U+FEC0
    { 19, 18, 310, 0, 17, 43, 22145 }, // U+FEC1
    { 22, 18, 316, 0, 17, 50, 22188 }, // U+FEC2
    { 16, 18, 270, 0, 17, 36, 22238 }, // U+FEC3
    { 20, 18, 279, 0, 17, 45, 22274 }, // U+FEC4
    { 19, 18, 310, 0, 17, 43, 22319 }, // U+FEC5
    { 22, 18, 316, 0, 17, 50, 22362 }, // U+FEC6
    { 16, 18, 270, 0, 17, 36, 22412 }, // U+FEC7
    { 20, 18, 279, 0, 17, 45, 22448 }, // U+FEC8
    { 15, 23, 209, 0, 13, 44, 22493 }, // U+FEC9
    { 15, 21, 209, 0, 11, 40, 22537 }, // U+FECA
    { 12, 13, 204, 0, 12, 20, 22577 }, // U+FECB
    { 16, 12, 202, -1, 11, 24, 22597 }, // U+FECC
    { 15, 28, 209, 0, 18, 53, 22621 }, // U+FECD
    { 15, 26, 209, 0, 16, 49, 22674 }, // U+FECE
    { 12, 18, 204, 0, 17, 27, 22723 }, // U+FECF
    { 16, 17, 202, -1, 16, 34, 22750 }, // U+FED0
    { 23, 20, 376, 0, 19, 58, 22784 }, // U+FED1
    { 28, 18, 409, 0, 17, 63, 22842 }, // U+FED2
    { 11, 20, 185, 0, 19, 28, 22905 }, // U+FED3
    { 14, 18, 194, 0, 17, 32, 22933 }, // U+FED4
    { 19, 21, 305, 0, 16, 50, 22965 }, // U+FED5
    { 22, 22, 314, 0, 15, 61, 23015 }, // U+FED6
    { 11, 20, 185, 0, 19, 28, 23076 }, // U+FED7
    { 14, 18, 194, 0, 17, 32, 23104 }, // U+FED8
    { 21, 18, 341, 0, 17, 48, 23136 }, // U+FED9
    { 25, 18, 357, 0, 17, 57, 23184 }, // U+FEDA
    { 11, 18, 167, 0, 17, 25, 23241 }, // U+FEDB
    { 14, 18, 186, 0, 17, 32, 23266 }, // U+FEDC
    { 16, 23, 272, 0, 17, 46, 23298 }, // U+FEDD
    { 20, 23, 290, 0, 17, 58, 23344 }, // U+FEDE
    { 6, 18, 109, 0, 17, 14, 23402 }, // U+FEDF
    { 10, 18, 126, 0, 17, 23, 23416 }, // U+FEE0
    { 12, 21, 201, 0, 11, 32, 23439 }, // U+FEE1
    { 17, 20, 242, 0, 10, 43, 23471 }, // U+FEE2
    { 13, 11, 213, 0, 10, 18, 23514 }, // U+FEE3
    { 17, 11, 229, 0, 10, 24, 23532 }, // U+FEE4
    { 16, 19, 272, 0, 13, 38, 23556 }, // U+FEE5
    { 21, 19, 295, 0, 13, 50, 23594 }, // U+FEE6
    { 7, 17, 116, 0, 16, 15, 23644 }, // U+FEE7
    { 11, 15, 141, 0, 14, 21, 23659 }, // U+FEE8
    { 11, 14, 173, 0, 13, 20, 23680 }, // U+FEE9
    { 15, 15, 204, 0, 14, 29, 23700 }, // U+FEEA
    { 14, 14, 235, 0, 13, 25, 23729 }, // U+FEEB
    { 15, 17, 209, 0, 11, 32, 23754 }, // U+FEEC
    { 11, 16, 183, 0, 10, 22, 23786 }, // U+FEED
    { 14, 16, 192, 0, 10, 28, 23808 }, // U+FEEE
    { 19, 17, 301, 0, 11, 41, 23836 }, // U+FEEF
    { 21, 12, 293, 0, 6, 32, 23877 }, // U+FEF0
    { 19, 22, 301, 0, 11, 53, 23909 }, // U+FEF1
    { 21, 17, 293, 0, 6, 45, 23962 }, // U+FEF2
    { 8, 17, 132, 0, 11, 17, 24007 }, // U+FEF3
    { 12, 14, 150, 0, 8, 21, 24024 }, // U+FEF4
    { 16, 18, 232, -2, 18, 36, 24045 }, // U+FEF5
    { 18, 20, 250, 0, 19, 45, 24081 }, // U+FEF6
    { 14, 21, 232, 0, 21, 37, 24126 }, // U+FEF7
    { 18, 23, 250, 0, 22, 52, 24163 }, // U+FEF8
    { 14, 24, 232, 0, 17, 42, 24215 }, // U+FEF9
    { 18, 24, 250, 0, 17, 54, 24257 }, // U+FEFA
    { 14, 17, 232, 0, 17, 30, 24311 }, // U+FEFB
    { 18, 18, 250, 0, 17, 41, 24341 }, // U+FEFC
};

static const EpdUnicodeInterval edslab_ui_10_boldIntervals[] = {
    { 0x0, 0x0, 0x0 },
    { 0xD, 0xD, 0x1 },
    { 0x20, 0x7E, 0x2 },
    { 0xA0, 0x137, 0x61 },
    { 0x139, 0x17E, 0xF9 },
    { 0x1CD, 0x1CE, 0x13F },
    { 0x20A, 0x20B, 0x141 },
    { 0x218, 0x21B, 0x143 },
    { 0x300, 0x304, 0x147 },
    { 0x306, 0x308, 0x14C },
    { 0x30A, 0x30C, 0x14F },
    { 0x312, 0x315, 0x152 },
    { 0x326, 0x328, 0x156 },
    { 0x341, 0x341, 0x159 },
    { 0x343, 0x343, 0x15A },
    { 0x34F, 0x34F, 0x15B },
    { 0x401, 0x401, 0x15C },
    { 0x404, 0x404, 0x15D },
    { 0x406, 0x407, 0x15E },
    { 0x410, 0x44F, 0x160 },
    { 0x451, 0x451, 0x1A0 },
    { 0x454, 0x454, 0x1A1 },
    { 0x456, 0x457, 0x1A2 },
    { 0x490, 0x491, 0x1A4 },
    { 0x5D0, 0x5EA, 0x1A6 },
    { 0x60C, 0x60C, 0x1C1 },
    { 0x61B, 0x61B, 0x1C2 },
    { 0x61F, 0x61F, 0x1C3 },
    { 0x621, 0x621, 0x1C4 },
    { 0x640, 0x640, 0x1C5 },
    { 0x654, 0x654, 0x1C6 },
    { 0x660, 0x669, 0x1C7 },
    { 0x6BA, 0x6BA, 0x1D1 },
    { 0x6D4, 0x6D5, 0x1D2 },
    { 0x6F0, 0x6F9, 0x1D4 },
    { 0x1EA0, 0x1EF9, 0x1DE },
    { 0x2002, 0x2003, 0x238 },
    { 0x2009, 0x2009, 0x23A },
    { 0x200B, 0x2016, 0x23B },
    { 0x2018, 0x2027, 0x247 },
    { 0x202F, 0x2030, 0x257 },
    { 0x2032, 0x2035, 0x259 },
    { 0x2039, 0x203A, 0x25D },
    { 0x2043, 0x2044, 0x25F },
    { 0x204C, 0x204D, 0x261 },
    { 0x204F, 0x204F, 0x263 },
    { 0x2055, 0x2055, 0x264 },
    { 0x2070, 0x2070, 0x265 },
    { 0x2074, 0x207B, 0x266 },
    { 0x2080, 0x208B, 0x26E },
    { 0x20A9, 0x20AA, 0x27A },
    { 0x20AC, 0x20AC, 0x27C },
    { 0x20B1, 0x20B1, 0x27D },
    { 0x20B4, 0x20B4, 0x27E },
    { 0x20B8, 0x20BA, 0x27F },
    { 0x20BD, 0x20BD, 0x282 },
    { 0x20BF, 0x20BF, 0x283 },
    { 0x2190, 0x2199, 0x284 },
    { 0x21D0, 0x21D4, 0x28E },
    { 0x2200, 0x2200, 0x293 },
    { 0x2203, 0x2203, 0x294 },
    { 0x2205, 0x2208, 0x295 },
    { 0x2212, 0x2213, 0x299 },
    { 0x2217, 0x221A, 0x29B },
    { 0x221E, 0x221E, 0x29F },
    { 0x2220, 0x2220, 0x2A0 },
    { 0x2225, 0x2225, 0x2A1 },
    { 0x2227, 0x2228, 0x2A2 },
    { 0x2234, 0x2235, 0x2A4 },
    { 0x2248, 0x2248, 0x2A6 },
    { 0x2260, 0x2261, 0x2A7 },
    { 0x2264, 0x2265, 0x2A9 },
    { 0x22A5, 0x22A5, 0x2AB },
    { 0x22C5, 0x22C5, 0x2AC },
    { 0xFB56, 0xFB59, 0x2AD },
    { 0xFB66, 0xFB69, 0x2B1 },
    { 0xFB7A, 0xFB7D, 0x2B5 },
    { 0xFB88, 0xFB95, 0x2B9 },
    { 0xFB9E, 0xFB9F, 0x2C7 },
    { 0xFBA6, 0xFBB1, 0x2C9 },
    { 0xFBFC, 0xFBFF, 0x2D5 },
    { 0xFE80, 0xFEFC, 0x2D9 },
};

static const uint16_t edslab_ui_10_boldKernLeftCodepoints[] = {
    0x0020, 0x0022, 0x002D, 0x0030, 0x0031, 0x0032, 0x0033, 0x0034, 0x0035, 0x0036, 0x0037, 0x0038,
    0x0039, 0x0041, 0x0042, 0x0043, 0x0044, 0x0045, 0x0046, 0x0047, 0x0048, 0x0049, 0x004A, 0x004B,
    0x004C, 0x004D, 0x004E, 0x004F, 0x0050, 0x0051, 0x0052, 0x0053, 0x0054, 0x0055, 0x0056, 0x0057,
    0x0059, 0x005A, 0x0061, 0x0062, 0x0063, 0x0064, 0x0065, 0x0066, 0x0067, 0x0068, 0x0069, 0x006A,
    0x006B, 0x006C, 0x006D, 0x006E, 0x006F, 0x0070, 0x0071, 0x0072, 0x0073, 0x0074, 0x0075, 0x0076,
    0x0077, 0x0079, 0x007A, 0x0401, 0x0410, 0x0411, 0x0412, 0x0413, 0x0414, 0x0415, 0x0416, 0x0417,
    0x0418, 0x0419, 0x041A, 0x041B, 0x041C, 0x041D, 0x041E, 0x041F, 0x0420, 0x0421, 0x0422, 0x0423,
    0x0424, 0x0425, 0x0426, 0x0427, 0x0428, 0x0429, 0x042A, 0x042B, 0x042C, 0x042D, 0x042E, 0x042F,
    0x0430, 0x0431, 0x0432, 0x0433, 0x0434, 0x0435, 0x0436, 0x0437, 0x0438, 0x0439, 0x043A, 0x043B,
    0x043C, 0x043D, 0x043E, 0x043F, 0x0440, 0x0441, 0x0442, 0x0443, 0x0444, 0x0445, 0x0446, 0x0447,
    0x0448, 0x0449, 0x044A, 0x044B, 0x044C, 0x044D, 0x044E, 0x044F, 0x0451, 0x05D0, 0x05D1, 0x05D2,
    0x05D3, 0x05D5, 0x05D6, 0x05D8, 0x05D9, 0x05DB, 0x05DC, 0x05DE, 0x05E0, 0x05E1, 0x05E2, 0x05E4,
    0x05E6, 0x05E8, 0x05E9, 0x05EA, 0xFB8C, 0xFEAD, 0xFEAE, 0xFEAF,
};

static const uint8_t edslab_ui_10_boldKernLeftClassIds[] = {
      1,   2,   3,   4,   5,   6,   7,   8,   9,  10,  11,  12,  13,  14,  15,  16,
     17,  18,  19,  20,  21,  22,  23,  24,  25,  26,  27,  28,  29,  30,  31,  32,
     33,  34,  35,  36,  37,  38,  39,  40,  41,  42,  43,  44,  45,  46,  47,  48,
     49,  50,  51,  52,  53,  54,  55,  56,  57,  58,  59,  60,  61,  62,  63,  64,
     65,  66,  67,  68,  69,  70,  71,  72,  73,  74,  75,  76,  77,  78,  79,  80,
     81,  82,  83,  84,  85,  86,  87,  88,  89,  90,  91,  92,  93,  94,  95,  96,
     97,  98,  99, 100, 101, 102, 103, 104, 105, 106, 107, 108, 109, 110, 111, 112,
    113, 114, 115, 116, 117, 118, 119, 120, 121, 122, 123, 124, 125, 126, 127, 128,
    129, 130, 131, 132, 133, 134, 135, 136, 137, 138, 139, 140, 141, 142, 143, 144,
    145, 146, 147, 148, 149, 149, 149, 149,
};

static const uint16_t edslab_ui_10_boldKernRightCodepoints[] = {
    0x0022, 0x002D, 0x0030, 0x0031, 0x0032, 0x0033, 0x0034, 0x0035, 0x0036, 0x0037, 0x0038, 0x0039,
    0x0041, 0x0042, 0x0043, 0x0044, 0x0045, 0x0046, 0x0047, 0x0048, 0x0049, 0x004A, 0x004B, 0x004C,
    0x004D, 0x004E, 0x004F, 0x0050, 0x0051, 0x0052, 0x0053, 0x0054, 0x0055, 0x0056, 0x0057, 0x0059,
    0x005A, 0x0061, 0x0062, 0x0063, 0x0064, 0x0065, 0x0066, 0x0067, 0x0068, 0x0069, 0x006A, 0x006B,
    0x006C, 0x006D, 0x006E, 0x006F, 0x0070, 0x0071, 0x0072, 0x0073, 0x0074, 0x0075, 0x0076, 0x0077,
    0x0079, 0x007A, 0x0401, 0x0410, 0x0411, 0x0412, 0x0413, 0x0414, 0x0415, 0x0416, 0x0417, 0x0418,
    0x0419, 0x041A, 0x041B, 0x041C, 0x041D, 0x041E, 0x041F, 0x0420, 0x0421, 0x0422, 0x0423, 0x0424,
    0x0425, 0x0426, 0x0427, 0x0428, 0x0429, 0x042A, 0x042B, 0x042C, 0x042D, 0x042E, 0x042F, 0x0430,
    0x0431, 0x0432, 0x0433, 0x0434, 0x0435, 0x0436, 0x0437, 0x0438, 0x0439, 0x043A, 0x043B, 0x043C,
    0x043D, 0x043E, 0x043F, 0x0440, 0x0441, 0x0442, 0x0443, 0x0444, 0x0445, 0x0446, 0x0447, 0x0448,
    0x0449, 0x044A, 0x044B, 0x044C, 0x044D, 0x044E, 0x044F, 0x0451, 0x05D0, 0x05D1, 0x05D2, 0x05D3,
    0x05D4, 0x05D6, 0x05D7, 0x05D8, 0x05D9, 0x05DA, 0x05DB, 0x05DC, 0x05DD, 0x05DE, 0x05E1, 0x05E2,
    0x05E3, 0x05E4, 0x05E5, 0x05E7, 0x05E8, 0x05E9, 0x05EA, 0x06D5, 0x2025, 0xFB8E, 0xFBA6, 0xFBAA,
    0xFE8D, 0xFEA3, 0xFEA9, 0xFEB1, 0xFEB3, 0xFEB9, 0xFEBB, 0xFEC1, 0xFEC3, 0xFEC9, 0xFECB, 0xFECD,
    0xFEDB, 0xFEDF, 0xFEE1, 0xFEE3, 0xFEEB,
};

static const uint8_t edslab_ui_10_boldKernRightClassIds[] = {
      1,   2,   3,   4,   5,   6,   7,   8,   9,  10,  11,  12,  13,  14,  15,  16,
     17,  18,  19,  20,  21,  22,  23,  24,  25,  26,  27,  28,  29,  30,  31,  32,
     33,  34,  35,  36,  37,  38,  39,  40,  41,  42,  43,  44,  45,  46,  47,  48,
     49,  50,  51,  52,  53,  54,  55,  56,  57,  58,  59,  60,  61,  62,  63,  64,
     65,  66,  67,  68,  69,  70,  71,  72,  73,  74,  75,  76,  77,  78,  79,  80,
     81,  82,  83,  84,  85,  86,  87,  88,  89,  90,  91,  92,  93,  94,  95,  96,
     97,  98,  99, 100, 101, 102, 103, 104, 105, 106, 107, 108, 109, 110, 111, 112,
    113, 114, 115, 116, 117, 118, 119, 120, 121, 122, 123, 124, 125, 126, 127, 128,
    129, 130, 131, 132, 133, 134, 135, 136, 137, 138, 139, 140, 141, 142, 143, 144,
    145, 146, 147, 148, 149, 150, 151, 152, 153, 152, 152, 152, 154, 152, 155, 155,
    155, 155, 155, 155, 155, 156, 154, 156, 152, 154, 152, 152, 152,
};

static const uint16_t edslab_ui_10_boldKernRowOffsets[] = {
        0,     1,    77,   192,   204,   216,   228,   238,   248,   257,   267,   279,   290,   300,   355,   403,
      451,   501,   531,   582,   625,   659,   699,   731,   782,   827,   869,   921,   969,  1018,  1072,  1114,
     1160,  1214,  1268,  1322,  1376,  1430,  1480,  1508,  1530,  1556,  1584,  1608,  1636,  1665,  1692,  1720,
     1744,  1773,  1801,  1827,  1854,  1880,  1906,  1929,  1954,  1977,  2001,  2029,  2057,  2085,  2113,  2135,
     2153,  2220,  2267,  2314,  2380,  2427,  2446,  2506,  2557,  2598,  2634,  2684,  2718,  2752,  2787,  2840,
     2876,  2920,  2978,  3032,  3098,  3146,  3199,  3248,  3298,  3333,  3376,  3432,  3465,  3515,  3565,  3614,
     3650,  3674,  3696,  3721,  3748,  3782,  3807,  3841,  3864,  3898,  3928,  3955,  3989,  4009,  4033,  4064,
     4091,  4121,  4150,  4185,  4220,  4250,  4277,  4310,  4343,  4377,  4411,  4443,  4471,  4500,  4528,  4559,
     4593,  4621,  4627,  4632,  4639,  4650,  4656,  4657,  4666,  4677,  4683,  4693,  4698,  4701,  4708,  4710,
     4717,  4724,  4734,  4741,  4751,  4755,
};

static const uint8_t edslab_ui_10_boldKernSparseCols[] = {
     81,   2,   4,   5,   6,   7,   8,  10,  12,  14,  18,  21,  26,  28,  30,  37,
     38,  39,  40,  41,  42,  43,  44,  45,  46,  47,  48,  49,  50,  51,  52,  53,
     54,  55,  60,  61,  63,  67,  69,  70,  74,  77,  80,  83,  92,  94,  95,  96,
     97,  98,  99, 100, 101, 102, 105, 106, 107, 108, 109, 110, 111, 112, 113, 114,
    115, 116, 117, 118, 119, 120, 121, 122, 123, 124, 125, 126, 127,   3,   4,   5,
      6,   7,   8,   9,  10,  12,  13,  14,  15,  16,  17,  18,  19,  20,  21,  22,
     23,  24,  25,  26,  27,  29,  30,  31,  32,  33,  34,  35,  36,  37,  38,  39,
     42,  44,  45,  46,  47,  48,  49,  50,  51,  52,  53,  54,  55,  56,  57,  58,
     59,  60,  61,  62,  63,  64,  65,  66,  67,  68,  70,  71,  72,  73,  74,  75,
     76,  78,  79,  80,  81,  82,  83,  84,  85,  86,  87,  88,  89,  90,  91,  92,
     93,  94,  96,  97,  98,  99, 100, 101, 102, 103, 105, 106, 107, 108, 109, 110,
    111, 112, 113, 114, 116, 117, 118, 119, 120, 121, 122, 123, 124, 125, 126, 127,
      0,   1,   2,   4,   5,   6,   7,   8,   9,  10,  11, 152,   0,   1,   2,   3,
      4,   5,   6,   7,   8,   9,  10,  11,   0,   1,   2,   3,   4,   5,   6,   7,
      8,   9,  10,  11,   1,   2,   3,   4,   5,   6,   7,   8,   9, 152,   0,   1,
      2,   3,   4,   5,   6,   7,   9,  10,   1,   4,   5,   6,   7,   9,  10,  11,
    152,   1,   2,   3,   4,   5,   7,   9,  10,  11, 152,   1,   2,   3,   4,   5,
      6,   7,   8,   9,  10,  11, 152,   0,   1,   2,   3,   4,   5,   7,   9,  10,
     11, 152,   1,   2,   4,   5,   6,   7,   8,   9,  10, 152,   0,   1,  12,  13,
     14,  15,  16,  17,  18,  19,  20,  21,  22,  23,  24,  25,  26,  27,  28,  29,
     30,  31,  32,  33,  34,  35,  36,  37,  38,  39,  40,  41,  42,  43,  44,  45,
     46,  47,  48,  49,  50,  51,  52,  53,  54,  55,  56,  57,  58,  59,  60,  61,
     84, 116, 152,   1,  12,  13,  14,  15,  16,  17,  19,  20,  21,  22,  23,  24,
     25,  26,  27,  28,  29,  31,  32,  33,  34,  35,  36,  37,  38,  39,  40,  41,
     42,  43,  44,  45,  46,  47,  48,  49,  50,  51,  52,  53,  54,  55,  56,  60,
     84, 116, 152,   0,   1,  12,  13,  14,  15,  16,  17,  18,  19,  22,  23,  24,
     25,  26,  27,  29,  30,  31,  32,  33,  34,  35,  36,  37,  38,  41,  42,  43,
     44,  45,  46,  47,  48,  49,  50,  51,  52,  54,  56,  57,  58,  59,  60,  61,
     84, 116, 152,   1,  12,  13,  14,  16,  17,  18,  19,  20,  21,  22,  23,  24,
     25,  26,  27,  28,  29,  30,  31,  32,  33,  34,  35,  36,  37,  38,  39,  40,
     41,  42,  43,  44,  45,  46,  47,  49,  50,  51,  52,  53,  55,  56,  57,  58,
     59,  60,  84, 116, 152,   1,  12,  14,  18,  23,  26,  28,  31,  32,  33,  34,
     35,  37,  38,  43,  45,  46,  47,  48,  50,  51,  52,  53,  55,  56,  57,  58,
     59,  60, 116,   1,  12,  13,  14,  15,  16,  17,  18,  19,  20,  21,  22,  25,
     26,  27,  28,  29,  31,  32,  33,  34,  35,  36,  37,  38,  39,  40,  41,  42,
     43,  44,  45,  46,  47,  48,  49,  50,  51,  52,  53,  54,  55,  56,  57,  58,
     59,  60,  61,  84, 116, 152,   0,   1,  12,  13,  14,  15,  16,  17,  18,  19,
     20,  21,  22,  23,  24,  25,  27,  29,  30,  31,  32,  33,  34,  35,  36,  38,
     42,  43,  44,  46,  47,  48,  49,  50,  52,  54,  55,  58,  60,  61,  84, 116,
    152,   1,  12,  14,  18,  21,  26,  28,  30,  31,  32,  33,  34,  35,  36,  37,
     38,  39,  40,  41,  49,  50,  51,  52,  53,  54,  55,  56,  57,  58,  59,  60,
     61,  84, 116,   1,  12,  14,  18,  21,  26,  28,  30,  31,  32,  33,  34,  35,
     37,  38,  39,  40,  41,  42,  43,  44,  45,  46,  47,  48,  49,  50,  51,  52,
     53,  54,  55,  56,  57,  58,  59,  60,  61,  84, 116,   0,   1,  12,  26,  28,
     30,  31,  33,  34,  35,  36,  37,  38,  40,  41,  42,  43,  44,  45,  46,  47,
     48,  49,  50,  54,  55,  57,  60,  61,  84, 116, 152,   1,  12,  14,  15,  17,
     18,  19,  20,  21,  22,  23,  24,  25,  26,  27,  28,  29,  30,  31,  32,  33,
     34,  35,  36,  37,  38,  39,  40,  41,  42,  43,  44,  45,  46,  47,  48,  49,
     50,  51,  52,  53,  54,  55,  56,  57,  58,  59,  60,  61,  84, 116,   0,   1,
     12,  13,  14,  15,  16,  18,  19,  21,  22,  24,  25,  26,  28,  29,  30,  31,
     32,  33,  34,  35,  36,  37,  38,  42,  43,  45,  46,  47,  48,  49,  50,  51,
     52,  54,  55,  56,  57,  58,  59,  60,  61,  84, 116,   1,  12,  14,  18,  21,
     26,  28,  30,  31,  32,  33,  34,  35,  36,  37,  38,  39,  40,  41,  42,  43,
     44,  45,  46,  47,  48,  49,  50,  51,  52,  53,  54,  55,  56,  57,  58,  59,
     60,  61,  84, 116, 152,   1,  12,  13,  14,  15,  16,  17,  18,  20,  21,  23,
     24,  25,  26,  27,  28,  29,  30,  31,  32,  33,  34,  35,  36,  37,  38,  39,
     40,  41,  42,  43,  44,  45,  46,  47,  48,  49,  50,  51,  52,  53,  54,  55,
     56,  57,  58,  59,  60,  61,  84, 116, 152,   0,   1,  12,  13,  14,  15,  16,
     17,  19,  20,  21,  22,  23,  24,  25,  26,  27,  28,  29,  30,  31,  32,  33,
     34,  35,  36,  37,  38,  42,  43,  44,  45,  46,  47,  48,  49,  50,  51,  52,
     54,  55,  58,  59,  60,  61,  84, 116, 152,   0,   1,  12,  13,  14,  15,  16,
     17,  18,  19,  20,  21,  22,  23,  24,  25,  26,  27,  28,  29,  30,  31,  32,
     33,  34,  35,  36,  37,  38,  39,  40,  41,  43,  44,  45,  46,  47,  48,  49,
     50,  51,  53,  55,  56,  60,  61,  84, 116, 152,   0,   1,  12,  13,  14,  15,
     16,  17,  18,  19,  20,  21,  22,  23,  24,  25,  26,  27,  28,  29,  30,  31,
     32,  33,  34,  35,  36,  37,  38,  39,  40,  41,  42,  43,  44,  45,  46,  47,
     48,  49,  50,  51,  52,  53,  54,  55,  56,  57,  58,  59,  60,  61,  84, 116,
      0,   1,  12,  13,  14,  15,  17,  18,  19,  20,  21,  22,  23,  26,  27,  28,
     29,  31,  32,  33,  34,  35,  36,  37,  46,  47,  48,  49,  50,  51,  52,  53,
     54,  55,  56,  57,  58,  59,  60,  61,  84, 116,   0,   1,  12,  13,  14,  15,
     16,  17,  19,  20,  22,  23,  24,  25,  26,  27,  29,  30,  31,  32,  33,  34,
     35,  36,  38,  40,  41,  42,  43,  44,  45,  46,  47,  48,  49,  50,  52,  54,
     56,  57,  58,  59,  60,  61,  84, 116,   1,  12,  13,  14,  15,  16,  17,  18,
     19,  20,  21,  22,  23,  24,  25,  26,  27,  28,  29,  30,  31,  32,  33,  34,
     35,  36,  37,  38,  39,  40,  41,  42,  43,  44,  45,  46,  47,  48,  49,  50,
     51,  52,  53,  54,  55,  56,  57,  58,  59,  60,  61,  84, 116, 152,   1,  12,
     13,  14,  15,  16,  17,  18,  19,  20,  21,  22,  23,  24,  25,  26,  27,  28,
     29,  30,  31,  32,  33,  34,  35,  36,  37,  38,  39,  40,  41,  42,  43,  44,
     45,  46,  47,  48,  49,  50,  51,  52,  53,  54,  55,  56,  57,  58,  59,  60,
     61,  84, 116, 152,   1,  12,  13,  14,  15,  16,  17,  18,  19,  20,  21,  22,
     23,  24,  25,  26,  27,  28,  29,  30,  31,  32,  33,  34,  35,  36,  37,  38,
     39,  40,  41,  42,  43,  44,  45,  46,  47,  48,  49,  50,  51,  52,  53,  54,
     55,  56,  57,  58,  59,  60,  61,  84, 116, 152,   1,  12,  13,  14,  15,  16,
     17,  18,  19,  20,  21,  22,  23,  24,  25,  26,  27,  28,  29,  30,  31,  32,
     33,  34,  35,  36,  37,  38,  39,  40,  41,  42,  43,  44,  45,  46,  47,  48,
     49,  50,  51,  52,  53,  54,  55,  56,  57,  58,  59,  60,  61,  84, 116, 152,
      1,  12,  13,  14,  15,  16,  17,  18,  19,  20,  21,  22,  23,  24,  25,  26,
     27,  28,  29,  30,  31,  32,  33,  34,  35,  36,  37,  38,  39,  40,  41,  42,
     43,  44,  45,  46,  47,  48,  49,  50,  51,  52,  53,  54,  55,  56,  57,  58,
     59,  60,  61,  84, 116, 152,  12,  13,  14,  15,  16,  17,  18,  19,  20,  21,
     22,  23,  24,  25,  26,  27,  28,  29,  30,  31,  32,  33,  34,  35,  36,  37,
     38,  39,  40,  42,  43,  44,  45,  46,  47,  48,  49,  50,  51,  52,  54,  55,
     56,  57,  58,  59,  60,  61,  84, 116,   0,   1,  37,  38,  39,  40,  41,  42,
     43,  44,  45,  46,  47,  48,  49,  50,  51,  52,  53,  54,  55,  56,  57,  58,
     59,  60,  61, 116,   1,  37,  38,  41,  42,  43,  44,  46,  47,  48,  49,  50,
     52,  54,  56,  57,  58,  59,  60,  61, 116, 152,   0,   1,  37,  38,  39,  40,
     42,  43,  44,  46,  47,  48,  49,  50,  51,  52,  53,  54,  55,  56,  57,  58,
     59,  60,  61, 116,   1,  37,  38,  39,  40,  41,  42,  43,  44,  45,  46,  47,
     48,  49,  50,  51,  52,  53,  54,  55,  56,  57,  58,  59,  60,  61, 116, 152,
      0,   1,  37,  38,  42,  43,  44,  45,  46,  47,  48,  49,  50,  51,  52,  54,
     55,  56,  57,  58,  59,  60,  61, 116,   0,   1,  37,  38,  39,  40,  41,  42,
     43,  44,  46,  47,  48,  49,  50,  51,  52,  53,  54,  55,  56,  57,  58,  59,
     60,  61, 116, 152,   0,   1,  37,  38,  39,  40,  41,  42,  43,  44,  45,  46,
     47,  48,  49,  50,  51,  52,  53,  54,  55,  56,  57,  58,  59,  60,  61, 116,
    152,   0,   1,  37,  38,  39,  40,  41,  42,  43,  44,  45,  46,  47,  48,  49,
     50,  51,  52,  53,  54,  56,  57,  58,  59,  60,  61, 116,   0,   1,  37,  38,
     39,  40,  41,  42,  43,  44,  45,  46,  47,  48,  49,  50,  51,  52,  53,  54,
     55,  56,  57,  58,  59,  60,  61, 116,   0,   1,  38,  39,  40,  41,  43,  44,
     46,  47,  48,  49,  50,  51,  52,  53,  54,  55,  56,  58,  59,  60,  61, 116,
      0,   1,  37,  38,  39,  40,  41,  42,  43,  44,  45,  46,  47,  48,  49,  50,
     51,  52,  53,  54,  55,  56,  57,  58,  59,  60,  61, 116, 152,   0,  37,  38,
     39,  40,  41,  42,  43,  44,  45,  46,  47,  48,  49,  50,  51,  52,  53,  54,
     55,  56,  57,  58,  59,  60,  61, 116, 152,   0,   1,  37,  38,  39,  40,  42,
     43,  44,  45,  46,  47,  48,  49,  50,  51,  52,  54,  55,  56,  57,  58,  59,
     60,  61, 116,   0,   1,  37,  38,  39,  40,  41,  42,  43,  44,  45,  46,  47,
     48,  49,  50,  51,  52,  53,  54,  56,  57,  58,  59,  60,  61, 116,   0,   1,
     38,  40,  41,  42,  43,  44,  46,  47,  48,  49,  50,  51,  52,  53,  54,  55,
     56,  57,  58,  59,  60,  61, 116, 152,   0,   1,  37,  38,  39,  40,  41,  42,
     43,  44,  46,  47,  48,  49,  50,  52,  53,  54,  56,  57,  58,  59,  60,  61,
    116, 152,   0,   1,  38,  42,  43,  44,  46,  47,  48,  49,  50,  51,  52,  53,
     54,  55,  56,  57,  58,  59,  60,  61, 116,   0,   1,  37,  38,  39,  40,  41,
     42,  43,  44,  46,  47,  48,  49,  50,  51,  52,  53,  54,  56,  59,  60,  61,
    116, 152,   0,  37,  38,  40,  42,  43,  44,  45,  46,  47,  48,  49,  50,  52,
     54,  55,  56,  57,  58,  59,  60,  61, 116,   0,  37,  38,  42,  43,  44,  45,
     46,  47,  48,  49,  50,  51,  52,  53,  54,  55,  56,  57,  58,  59,  60,  61,
    116,   0,   1,  37,  38,  39,  40,  41,  42,  43,  44,  45,  46,  47,  48,  49,
     50,  51,  52,  53,  54,  55,  56,  57,  58,  59,  60,  61, 116,   1,  37,  38,
     39,  40,  41,  42,  43,  44,  45,  46,  47,  48,  49,  50,  51,  52,  53,  54,
     55,  56,  57,  58,  59,  60,  61, 116, 152,   1,  37,  38,  39,  40,  41,  42,
     43,  44,  45,  46,  47,  48,  49,  50,  51,  52,  53,  54,  55,  56,  57,  58,
     59,  60,  61, 116, 152,   1,  37,  38,  39,  40,  41,  42,  43,  44,  45,  46,
     47,  48,  49,  50,  51,  52,  53,  54,  55,  56,  57,  58,  59,  60,  61, 116,
    152,   0,  37,  38,  39,  42,  43,  44,  46,  47,  48,  50,  51,  52,  53,  54,
     56,  57,  58,  59,  60,  61, 116,   1,  63,  67,  70,  74,  77,  80,  81,  82,
     83,  86,  89,  92,  99, 106, 114, 118, 126,   0,   1,  62,  63,  64,  65,  66,
     67,  68,  69,  70,  71,  72,  73,  74,  75,  76,  77,  78,  79,  80,  81,  82,
     83,  85,  86,  87,  88,  89,  90,  91,  92,  93,  94,  95,  96,  97,  98,  99,
    100, 101, 102, 103, 104, 105, 106, 107, 108, 109, 110, 111, 112, 113, 114, 115,
    117, 118, 119, 120, 121, 122, 123, 124, 125, 126, 127, 152,   1,  62,  63,  64,
     65,  66,  67,  68,  70,  71,  72,  73,  75,  76,  78,  79,  80,  81,  82,  83,
     85,  86,  87,  88,  89,  90,  91,  92,  93,  94,  96,  99, 100, 102, 109, 111,
    112, 113, 114, 115, 118, 121, 122, 124, 125, 126, 127,   1,  62,  63,  64,  65,
     66,  67,  68,  69,  70,  71,  72,  73,  75,  76,  77,  78,  79,  80,  81,  82,
     83,  85,  86,  87,  88,  89,  90,  91,  92,  93,  95,  96,  99, 100, 103, 104,
    109, 111, 112, 113, 114, 115, 118, 121, 124, 127,   1,  62,  63,  64,  65,  66,
     67,  68,  69,  70,  71,  72,  73,  74,  75,  76,  77,  78,  79,  80,  81,  82,
     83,  85,  86,  87,  88,  89,  90,  91,  92,  93,  94,  95,  96,  97,  98,  99,
    100, 101, 102, 103, 104, 105, 106, 107, 108, 109, 110, 111, 112, 113, 114, 115,
    117, 118, 119, 120, 121, 122, 123, 124, 125, 126, 127, 152,   1,  62,  63,  64,
     65,  66,  67,  68,  69,  70,  71,  72,  73,  74,  75,  76,  77,  78,  79,  80,
     81,  82,  83,  85,  86,  87,  88,  89,  90,  92,  93,  94,  99, 101, 102, 103,
    104, 106, 109, 111, 114, 118, 121, 122, 123, 125, 126,   1,  63,  67,  69,  70,
     74,  77,  80,  81,  82,  86,  89,  92,  94,  99, 106, 114, 118, 126,   1,  62,
     63,  64,  65,  66,  67,  68,  69,  70,  71,  72,  73,  74,  75,  76,  77,  78,
     79,  80,  81,  82,  83,  85,  86,  87,  88,  89,  90,  91,  92,  93,  94,  95,
     97,  98,  99, 101, 102, 103, 104, 105, 106, 107, 108, 110, 111, 113, 114, 117,
    118, 119, 120, 121, 122, 123, 124, 125, 126, 152,   0,  62,  63,  64,  65,  66,
     67,  68,  69,  70,  71,  72,  73,  74,  75,  76,  78,  79,  81,  82,  83,  85,
     86,  87,  88,  89,  90,  91,  93,  94,  95,  96,  99, 100, 101, 102, 105, 106,
    109, 111, 112, 114, 115, 118, 120, 122, 123, 124, 126, 127, 152,   1,  63,  67,
     69,  70,  71,  72,  74,  77,  80,  81,  82,  83,  86,  89,  92,  94,  95,  98,
     99, 100, 101, 102, 103, 104, 105, 106, 109, 110, 111, 112, 113, 114, 115, 117,
    118, 121, 124, 125, 126, 127,   1,  63,  67,  69,  70,  71,  72,  74,  77,  80,
     81,  82,  83,  86,  89,  92,  94,  95,  99, 100, 101, 106, 109, 110, 111, 112,
    113, 114, 115, 117, 118, 121, 124, 125, 126, 127,   1,  63,  67,  69,  70,  71,
     72,  74,  77,  80,  81,  82,  83,  86,  89,  92,  94,  95,  96,  97,  98,  99,
    100, 101, 102, 103, 104, 105, 106, 107, 108, 109, 110, 111, 112, 113, 114, 115,
    117, 118, 119, 120, 121, 122, 123, 124, 125, 126, 127, 152,   1,  63,  67,  69,
     70,  71,  72,  74,  77,  80,  81,  82,  83,  86,  89,  92,  94,  95,  99, 101,
    102, 103, 104, 106, 109, 111, 112, 113, 114, 115, 118, 121, 124, 126,   1,  63,
     67,  69,  70,  71,  72,  74,  77,  80,  81,  82,  83,  86,  89,  92,  94,  95,
     99, 101, 102, 103, 104, 106, 109, 111, 112, 113, 114, 115, 118, 121, 124, 126,
      1,  63,  67,  69,  70,  71,  72,  74,  77,  80,  81,  82,  83,  86,  89,  92,
     94,  95,  99, 100, 101, 102, 103, 104, 106, 109, 111, 112, 113, 114, 115, 118,
    121, 124, 126,   0,  62,  63,  64,  65,  66,  67,  68,  69,  70,  71,  72,  73,
     74,  75,  76,  77,  78,  79,  80,  81,  82,  83,  85,  86,  87,  88,  89,  90,
     91,  93,  94,  95,  96,  97,  98,  99, 100, 102, 103, 104, 105, 106, 108, 109,
    112, 118, 121, 122, 124, 126, 127, 152,   1,  63,  67,  69,  70,  71,  72,  74,
     77,  80,  81,  82,  83,  86,  89,  92,  94,  99, 100, 101, 102, 103, 104, 106,
    109, 111, 112, 113, 114, 115, 117, 118, 121, 124, 126, 127,   1,  63,  67,  68,
     69,  70,  71,  72,  74,  80,  82,  83,  85,  86,  89,  91,  92,  94,  95,  96,
     99, 100, 101, 102, 105, 106, 107, 108, 109, 110, 111, 112, 115, 117, 118, 119,
    120, 122, 123, 124, 125, 126, 127, 152,   0,  62,  63,  64,  65,  66,  67,  68,
     69,  70,  71,  72,  73,  74,  75,  76,  77,  78,  79,  80,  81,  82,  83,  85,
     86,  87,  88,  89,  90,  91,  92,  93,  94,  95,  96,  97,  98,  99, 101, 102,
    103, 104, 105, 106, 107, 108, 110, 111, 112, 114, 115, 117, 118, 121, 123, 124,
    125, 126,   1,  63,  65,  67,  68,  69,  70,  71,  72,  74,  77,  79,  80,  81,
     82,  83,  86,  89,  90,  92,  94,  95,  96,  97,  98,  99, 100, 101, 102, 103,
    104, 105, 106, 107, 108, 109, 110, 111, 112, 113, 114, 115, 117, 118, 119, 120,
    121, 122, 123, 124, 125, 126, 127, 152,   1,  62,  63,  64,  65,  66,  67,  68,
     69,  70,  71,  72,  73,  74,  75,  76,  77,  78,  79,  80,  81,  82,  83,  85,
     86,  87,  88,  89,  90,  91,  92,  93,  94,  95,  96,  97,  98,  99, 100, 101,
    102, 103, 104, 105, 106, 107, 108, 109, 110, 111, 112, 113, 114, 115, 117, 118,
    119, 120, 121, 122, 123, 124, 125, 126, 127, 152,   1,  62,  63,  64,  65,  66,
     67,  68,  69,  70,  71,  72,  73,  74,  75,  76,  77,  78,  79,  80,  81,  82,
     83,  85,  86,  87,  89,  90,  91,  92,  93,  94,  96,  99, 100, 102, 103, 104,
    106, 109, 112, 113, 115, 118, 121, 125, 126, 127,   1,  12,  13,  14,  15,  16,
     17,  18,  19,  20,  21,  22,  23,  24,  25,  26,  27,  28,  29,  30,  31,  32,
     33,  34,  35,  36,  37,  38,  39,  40,  41,  42,  43,  44,  45,  46,  47,  48,
     49,  50,  51,  52,  53,  54,  55,  56,  57,  58,  59,  60,  61,  84, 116,   1,
     63,  67,  69,  70,  71,  72,  74,  77,  80,  81,  82,  83,  86,  89,  92,  93,
     94,  95,  97,  98,  99, 100, 101, 102, 103, 104, 105, 106, 107, 108, 109, 110,
    111, 112, 113, 114, 115, 117, 118, 119, 120, 121, 122, 123, 124, 125, 126, 127,
      1,  63,  67,  69,  70,  71,  72,  74,  77,  80,  81,  82,  83,  86,  89,  90,
     92,  93,  94,  95,  97,  98,  99, 100, 101, 102, 103, 104, 105, 106, 107, 108,
    109, 110, 111, 112, 113, 114, 115, 117, 118, 119, 120, 121, 122, 123, 124, 125,
    126, 127,   1,  63,  67,  69,  70,  71,  72,  74,  77,  81,  82,  83,  85,  86,
     89,  92,  94,  99, 101, 102, 103, 104, 106, 109, 111, 112, 113, 114, 115, 117,
    118, 123, 124, 125, 126,   1,  63,  67,  69,  70,  71,  72,  74,  77,  80,  81,
     82,  83,  86,  89,  92,  94,  97,  98,  99, 101, 102, 103, 104, 105, 106, 107,
    108, 109, 110, 111, 112, 113, 114, 115, 117, 118, 121, 122, 123, 124, 125, 126,
      0,   1,  62,  63,  64,  65,  66,  67,  68,  71,  72,  73,  75,  76,  77,  78,
     79,  80,  81,  82,  83,  85,  86,  87,  88,  89,  90,  91,  92,  93,  95,  96,
     97,  99, 100, 101, 103, 104, 105, 106, 109, 110, 111, 112, 113, 114, 115, 117,
    118, 121, 122, 123, 124, 126, 127, 152,   1,  63,  67,  71,  72,  74,  77,  80,
     81,  82,  83,  86,  89,  92,  94,  95,  99, 100, 101, 102, 103, 104, 105, 106,
    109, 111, 113, 114, 115, 118, 121, 123, 127,   0,   1,  62,  63,  64,  65,  66,
     67,  68,  70,  71,  72,  73,  75,  76,  77,  78,  79,  80,  81,  82,  83,  85,
     86,  87,  88,  89,  90,  91,  92,  93,  95,  96,  99, 100, 106, 109, 111, 112,
    113, 114, 115, 117, 118, 122, 123, 124, 125, 127, 152,   0,   1,  62,  63,  64,
     65,  66,  67,  68,  69,  70,  71,  72,  73,  74,  75,  76,  77,  78,  79,  80,
     81,  82,  83,  85,  86,  87,  88,  89,  90,  91,  92,  93,  94,  95,  96,  99,
    100, 101, 102, 106, 109, 112, 113, 121, 123, 124, 126, 127, 152,   0,   1,  62,
     63,  64,  65,  66,  67,  68,  69,  70,  71,  72,  73,  74,  75,  76,  77,  78,
     79,  80,  81,  82,  83,  85,  86,  87,  88,  89,  90,  91,  92,  93,  94,  96,
     98,  99, 100, 102, 106, 107, 108, 109, 112, 113, 122, 126, 127, 152,   1,  63,
     67,  69,  70,  71,  72,  74,  77,  80,  81,  82,  83,  86,  89,  92,  94,  95,
     99, 100, 101, 102, 103, 104, 106, 109, 111, 112, 113, 114, 115, 118, 121, 124,
    126, 127,   0,   1,  95,  99, 100, 101, 102, 103, 104, 105, 106, 107, 109, 111,
    112, 113, 114, 115, 118, 119, 121, 124, 126, 127,   0,   1,  96,  99, 100, 101,
    102, 105, 106, 109, 111, 112, 114, 115, 118, 121, 122, 123, 124, 126, 127, 152,
      0,  95,  96,  97,  98,  99, 100, 101, 102, 105, 106, 107, 108, 109, 111, 112,
    114, 115, 118, 121, 123, 124, 125, 126, 127,   0,  95,  97,  98,  99, 100, 101,
    102, 105, 106, 107, 108, 110, 111, 113, 114, 115, 117, 118, 119, 121, 122, 123,
    124, 125, 126, 152,   0,   1,  95,  96,  97,  98,  99, 100, 101, 102, 103, 104,
    105, 106, 107, 108, 109, 110, 111, 112, 113, 114, 115, 117, 118, 119, 120, 121,
    122, 123, 124, 125, 126, 127,   0,   1,  95,  96,  97,  98,  99, 100, 101, 105,
    106, 107, 108, 109, 110, 111, 112, 114, 115, 118, 123, 124, 125, 126, 127,   0,
      1,  95,  96,  97,  98,  99, 100, 101, 102, 103, 104, 105, 106, 107, 108, 109,
    110, 111, 112, 113, 114, 115, 117, 118, 119, 120, 121, 122, 123, 124, 125, 126,
    127,   0,   1,  96,  98,  99, 100, 101, 102, 103, 104, 105, 106, 107, 109, 111,
    112, 114, 115, 118, 123, 125, 127, 152,   0,   1,  95,  97,  98,  99, 100, 101,
    102, 103, 104, 105, 106, 107, 108, 109, 110, 111, 112, 113, 114, 115, 117, 118,
    119, 120, 121, 122, 123, 124, 125, 126, 127, 152,   0,   1,  95,  96,  97,  98,
     99, 100, 101, 102, 103, 104, 105, 106, 109, 110, 111, 112, 113, 114, 115, 117,
    118, 121, 123, 124, 125, 126, 127, 152,   0,   1,  95,  96,  97,  98,  99, 100,
    101, 102, 103, 104, 105, 106, 107, 109, 111, 112, 113, 114, 115, 118, 120, 122,
    124, 127, 152,   0,   1,  95,  96,  97,  98,  99, 100, 101, 102, 103, 104, 105,
    106, 107, 108, 109, 110, 111, 112, 113, 114, 115, 117, 118, 119, 120, 121, 122,
    123, 124, 125, 126, 127,   0,   1,  95,  96,  99, 100, 101, 102, 103, 104, 106,
    109, 111, 112, 114, 115, 118, 121, 124, 126,   0,   1,  95,  99, 100, 101, 102,
    103, 104, 105, 106, 108, 109, 111, 112, 113, 114, 115, 118, 121, 122, 124, 126,
    127,   0,  96,  97,  98,  99, 100, 101, 102, 103, 104, 105, 106, 107, 108, 109,
    110, 111, 112, 113, 114, 117, 118, 119, 120, 122, 123, 124, 125, 126, 127, 152,
      0,   1,  96,  99, 100, 101, 102, 103, 104, 105, 106, 108, 109, 110, 111, 112,
    113, 114, 115, 117, 118, 121, 122, 123, 124, 126, 127,   0,  95,  96,  97,  98,
     99, 101, 102, 103, 104, 105, 106, 107, 108, 109, 110, 111, 113, 114, 115, 117,
    118, 119, 120, 122, 123, 125, 126, 127, 152,   0,   1,  95,  96,  97,  98,  99,
    100, 101, 102, 103, 104, 105, 106, 107, 109, 111, 112, 113, 114, 115, 117, 118,
    121, 122, 123, 125, 126, 127,   0,   1,  95,  96,  97,  98,  99, 100, 101, 102,
    103, 104, 105, 106, 107, 108, 109, 110, 111, 112, 113, 114, 115, 117, 118, 119,
    120, 121, 122, 123, 124, 125, 126, 127, 152,   0,   1,  95,  96,  97,  98,  99,
    100, 101, 102, 103, 104, 105, 106, 107, 108, 109, 110, 111, 112, 113, 114, 115,
    117, 118, 119, 120, 121, 122, 123, 124, 125, 126, 127, 152,   0,  96,  97,  98,
     99, 100, 101, 102, 103, 104, 105, 106, 107, 108, 109, 110, 111, 112, 113, 114,
    117, 118, 119, 120, 122, 123, 125, 126, 127, 152,   1,  37,  38,  39,  40,  41,
     42,  43,  44,  45,  46,  47,  48,  49,  50,  51,  52,  53,  54,  55,  56,  57,
     58,  59,  60,  61, 116,   0,   1,  95,  97,  98,  99, 100, 101, 102, 103, 104,
    105, 106, 107, 108, 109, 110, 111, 112, 113, 114, 115, 117, 118, 119, 120, 121,
    122, 123, 124, 125, 126, 127,   0,   1,  95,  97,  98,  99, 100, 101, 102, 103,
    104, 105, 106, 107, 108, 109, 110, 111, 112, 113, 114, 115, 117, 118, 119, 120,
    121, 122, 123, 124, 125, 126, 127,   0,   1,  95,  96,  97,  98,  99, 100, 101,
    102, 103, 104, 105, 106, 107, 108, 109, 110, 111, 112, 113, 114, 115, 117, 118,
    119, 120, 121, 122, 123, 124, 125, 126, 127,   0,   1,  95,  96,  97,  98,  99,
    100, 101, 102, 103, 104, 105, 106, 107, 108, 109, 110, 111, 112, 113, 114, 115,
    117, 118, 119, 120, 121, 122, 123, 124, 125, 126, 127,   0,  96,  97,  98,  99,
    100, 101, 102, 103, 104, 105, 106, 107, 108, 109, 110, 111, 112, 113, 114, 115,
    117, 118, 119, 120, 121, 122, 123, 125, 126, 127, 152,   0,   1,  96,  99, 100,
    101, 102, 103, 104, 105, 106, 107, 108, 109, 111, 112, 113, 114, 115, 117, 118,
    120, 122, 123, 124, 125, 126, 127,   0,  95,  96,  97,  98,  99, 100, 101, 102,
    103, 104, 105, 106, 107, 108, 109, 110, 111, 112, 113, 114, 115, 118, 119, 121,
    122, 125, 127, 152,   0,  96,  97,  98,  99, 100, 101, 103, 104, 105, 106, 107,
    108, 109, 110, 111, 112, 114, 115, 117, 118, 119, 120, 122, 123, 125, 127, 152,
      0,   1,  96,  97,  98,  99, 100, 101, 102, 103, 104, 105, 106, 107, 108, 109,
    110, 111, 112, 114, 117, 118, 119, 120, 121, 122, 123, 125, 126, 127, 152,   0,
      1,  95,  96,  97,  98,  99, 100, 101, 102, 103, 104, 105, 106, 107, 108, 109,
    110, 111, 112, 113, 114, 115, 117, 118, 119, 120, 121, 122, 123, 124, 125, 126,
    127,   0,   1,  95,  96,  97,  98,  99, 100, 101, 102, 105, 106, 107, 108, 109,
    111, 112, 113, 114, 115, 118, 119, 122, 123, 124, 125, 126, 127, 136, 138, 139,
    145, 147, 149, 131, 137, 142, 145, 148, 129, 135, 136, 138, 139, 141, 145, 129,
    132, 135, 137, 138, 140, 141, 142, 144, 145, 148, 129, 135, 140, 142, 145, 148,
    129, 131, 135, 137, 138, 144, 145, 146, 147, 148, 129, 132, 134, 135, 138, 140,
    141, 142, 145, 148, 150, 135, 138, 141, 142, 144, 145, 129, 130, 135, 137, 138,
    142, 144, 145, 149, 150, 138, 140, 141, 142, 145, 135, 136, 138, 135, 137, 139,
    142, 144, 145, 148, 135, 142, 137, 138, 139, 142, 144, 145, 149, 128, 129, 131,
    136, 140, 142, 145, 129, 135, 137, 138, 141, 142, 144, 145, 148, 150, 129, 135,
    138, 140, 142, 145, 148, 131, 133, 136, 138, 139, 141, 142, 143, 145, 149, 151,
    153, 154, 155,
};

static const int8_t edslab_ui_10_boldKernSparseValues[] = {
      -8,   -7,   -7,   -7,  -26,  -15,   -7,  -15,  -29,  -15,   -7,   -4,  -22,  -11,   -7,  -11,
       7,  -15,  -15,  -15,   -4,  -15,    4,    4,    4,    4,    4,   -7,   -7,  -15,   -4,   -7,
     -11,   -4,   -7,   -4,  -40,  -26,   -4,  -11,  -33,  -11,   -7,   -4,   -7,  -15,  -26,  -18,
     -11,  -15,  -22,  -15,  -15,  -15,  -15,  -22,  -11,  -11,  -11,  -11,  -11,  -15,  -11,   -7,
     -15,  -11,   -7,   -7,   -7,   -7,   -4,   -7,   -7,  -11,  -11,  -11,  -15,  -15,   -4,  -11,
       4,   -7,    4,  -15,   -7,  -11,   -7,    4,  -11,  -15,  -15,    4,  -15,   -4,    7,  -11,
      -7,   -7,  -11,   -4,  -11,  -15,    4,  -22,  -18,  -40,  -29,  -37,   -4,    4,   -7,    4,
      -4,   -7,    4,   -7,  -11,   -7,   -7,   -7,    4,   -4,    4,  -11,    4,    4,    4,    4,
       4,   -7,   -4,  -11,  -15,  -11,  -11,   -7,  -11,  -11,   -4,  -11,  -11,  -11,   -4,   -7,
     -11,   -7,   -7,    4,   -7,  -11,    4,  -18,   -7,  -22,   -7,   -7,  -11,  -11,  -11,   -4,
      -7,    4,    4,   -4,   -4,  -11,    4,   -4,   -4,   -4,   -7,  -11,   -4,   -4,    7,   -4,
      -4,    7,    4,   -4,  -15,   -7,   -7,  -11,  -11,    7,   -7,   -7,   -4,   -7,   -7,    4,
      -4,    4,    7,   -7,  -11,    7,  -11,    4,   -7,   -4,    7,  -15,  -15,  -15,   -7,   -4,
      -4,  -11,  -11,  -18,   -7,  -11,  -11,   -7,   -7,   -7,   -4,   -4,   -7,  -11,   -7,  -15,
      -4,   -7,  -11,   -4,    4,   -4,   -4,   -7,  -11,    4,  -11,    4,  -15,   -7,  -11,   -4,
      -4,   -4,   -4,  -15,   -4,  -11,  -18,   -7,   -4,   -4,   -7,    4,   -7,   -7,   -7,   -4,
     -11,   -4,   -4,   -4,  -15,  -26,  -18,  -18,  -11,   -4,  -11,  -26,  -18,   -4,  -26,  -18,
     -26,  -29,  -18,   -7,  -22,  -11,  -29,  -15,   -4,   -4,   -4,   -7,  -15,  -15,   -7,   -7,
      -7,   -7,    4,    4,   -7,  -11,    4,  -11,    4,   -7,   -7,   -7,  -40,   -7,  -15,   -4,
     -26,   -4,   -7,   -7,  -33,   -7,   -7,   -7,  -11,   -7,   -7,  -15,  -37,   -7,  -26,  -11,
     -15,  -51,  -51,  -81,  -81,  -73,   -4,   -7,  -33,  -15,  -15,  -18,  -15,  -11,  -18,  -18,
     -18,  -22,  -37,  -18,  -18,  -26,  -18,  -15,  -18,  -11,  -22,  -22,  -44,  -40,  -33,  -11,
     -11,  -18,   -7,    7,  -15,   -4,    4,   -7,   -7,   -7,   -7,   -4,    7,   -7,   -7,   -4,
      -4,   -4,   -4,    4,   -4,  -11,  -18,  -22,  -18,  -26,   -4,   -4,  -11,    4,    4,    4,
      -4,   -4,   -7,    4,   -4,   -7,   -4,   -4,   -7,    4,   -4,    4,   -7,    4,    4,  -11,
      -4,   -7,   -7,   -4,   -4,  -22,   -7,   -4,   -7,   -7,   -4,   -4,  -15,  -11,   -7,   -7,
     -11,  -11,  -18,  -11,   -7,  -18,  -18,  -22,  -22,  -18,   -7,   -7,  -11,   -4,   -7,  -11,
     -18,   -4,   -7,  -11,  -15,  -15,  -11,   -4,  -15,  -15,   -7,  -11,  -11,  -15,  -22,  -11,
     -15,  -15,  -11,   11,  -26,   -4,    4,   -4,   -4,   11,   -7,   -4,    4,   -4,   -4,   -4,
      -4,    7,   -4,    7,   -7,    4,   -7,  -11,  -22,  -22,  -26,   -4,    4,   -4,    7,    7,
       4,    7,   -4,   -4,   18,    7,  -11,    4,    4,    4,    7,    4,    7,   11,   11,   11,
      11,    4,  -18,   -4,  -11,   -4,  -15,   -4,   -4,    4,   -4,   -4,  -11,  -15,  -15,  -11,
     -15,   -7,   -4,   -4,    4,   -4,   -4,   -4,   -4,    4,   -7,    4,    4,   -4,   -4,   -7,
      -4,  -15,   -4,   -7,  -55,   -4,  -11,   -7,   -4,   -4,   -7,   -7,   -4,  -15,   -4,   -4,
     -18,   -4,  -11,   -4,  -11,  -11,  -15,  -18,  -15,  -11,  -29,   -7,  -18,  -18,  -22,  -11,
     -33,  -11,   -4,   -7,  -11,   -7,  -22,  -22,  -26,  -15,  -22,  -22,  -15,  -15,   -7,  -11,
     -15,  -15,  -18,  -18,  -26,  -22,   -4,    4,  -26,  -15,   -4,   -7,  -11,   -7,    4,  -11,
      -4,   -4,   -7,   -4,   -7,   -7,  -11,  -11,   -4,  -22,  -22,  -29,  -26,  -29,  -15,  -18,
      -7,  -11,  -15,  -11,  -18,  -18,  -11,  -11,   -7,  -11,    4,   -4,  -11,  -11,  -15,  -11,
      -4,   -7,  -11,  -18,  -11,   -7,  -18,  -15,   -7,   -7,  -15,  -15,  -11,  -15,   -4,  -15,
     -22,  -15,  -15,  -15,  -15,  -15,  -18,  -15,  -15,  -15,  -11,  -11,  -15,  -22,  -18,  -18,
      -7,  -11,  -11,   -7,  -11,  -11,   -7,  -11,  -11,   -7,   -7,   -7,  -15,  -15,  -18,  -15,
     -11,  -15,  -15,  -15,  -11,  -15,   -7,   -7,  -15,  -18,   -7,  -15,  -11,  -11,  -15,  -15,
     -15,  -11,   -7,  -15,  -11,  -11,  -15,  -22,  -15,  -11,   -7,    4,    4,  -26,    4,    4,
       4,   -7,  -15,  -15,  -18,   -4,   -7,  -22,    4,    4,   -4,  -15,  -11,   11,   -4,  -18,
     -15,   -4,   -4,   -4,    4,    4,   -7,  -11,   -4,  -15,   -4,   -7,  -15,  -15,   -4,   -4,
     -15,   -4,   -4,   -4,   -4,   -4,   -4,   -4,  -22,   -4,  -15,    4,   -4,  -18,  -22,  -18,
     -22,  -22,   -4,   -4,  -15,   -4,   -4,   -4,  -11,   -7,   -4,  -11,  -18,  -11,  -18,  -11,
     -11,  -11,  -15,   -4,  -11,   -4,  -18,  -15,  -29,  -22,  -29,   -7,  -11,   -7,  -15,   -4,
     -15,   -7,  -15,   -4,   -4,   -7,   -4,   -4,   -4,   -4,   -4,  -11,  -11,   -4,   -4,  -59,
     -33,  -48,  -48,  -55,   -7,   -4,  -22,   -7,   -4,  -11,  -18,  -11,  -22,  -11,  -11,   -7,
     -15,   -7,   -4,  -11,  -15,  -26,  -22,  -26,  -11,  -15,   -7,   -7,  -11,  -11,  -11,   -7,
     -15,  -11,   -4,  -15,  -11,  -15,  -15,  -15,   -7,  -15,  -18,  -15,  -11,  -11,  -11,   -7,
      -7,  -11,  -11,  -11,   -7,  -11,   -7,  -11,  -11,   -4,  -11,   -7,  -11,  -11,  -11,  -11,
     -15,  -11,  -11,   -7,   -4,   -7,  -37,  -15,  -18,   -7,  -11,   -4,  -18,   -4,  -18,   -4,
      -4,  -11,  -26,   -4,  -15,   -4,   -7,  -15,  -15,  -15,  -11,  -11,   -4,  -26,  -26,  -18,
     -18,  -18,  -15,  -26,  -15,  -15,  -18,  -22,  -22,  -22,  -18,  -18,  -22,  -18,  -26,  -15,
     -15,  -15,  -15,  -15,  -18,  -15,  -15,  -26,  -15,  -11,    4,  -40,   -7,    4,  -11,  -11,
     -15,  -15,   -7,   -4,  -15,   -7,  -11,  -15,   -4,  -11,    4,  -18,   -4,  -18,  -22,  -33,
     -33,  -33,  -18,  -11,  -18,   -4,   -7,  -15,    4,   -4,  -15,  -11,   -7,   -7,   -4,   -7,
      -7,   -4,   -4,   -4,   -4,  -18,  -26,  -11,  -15,    4,  -11,  -62,   -4,    4,   -4,   -4,
      -4,    4,   -4,   -4,   -7,  -11,   -7,   -7,   -7,   -4,  -11,    4,   -4,    4,  -11,  -15,
     -15,  -18,  -11,   -7,  -29,  -18,  -18,  -11,  -22,  -29,  -15,    4,   -4,  -18,   -7,   -4,
      -7,  -15,  -11,   -4,    7,   -4,  -11,  -18,   -7,  -29,  -29,  -15,  -26,  -22,  -29,  -29,
     -29,  -26,  -18,  -22,  -18,  -22,  -33,  -26,  -26,  -29,  -26,  -37,  -26,  -29,  -26,  -51,
     -48,  -62,  -62,  -70,  -29,  -37,  -44,  -26,  -26,  -22,  -11,   -7,  -40,  -26,  -11,  -40,
     -48,  -37,  -29,  -26,  -22,  -26,  -33,  -15,  -26,  -22,  -26,  -26,  -26,  -29,  -40,  -29,
      -7,   -7,   -7,   -4,  -11,   -4,   -4,   -7,   -4,   -4,   -4,   -4,   -4,  -15,   -4,   -7,
      -4,  -18,  -18,  -29,  -29,  -29,   -4,   -4,  -15,  -11,  -22,  -11,   -7,   -7,  -11,   -7,
      -4,   -4,  -11,  -15,  -15,  -18,  -22,  -11,   -7,  -15,   -7,    4,  -22,   -7,   -4,   -7,
      -4,   -7,   -7,   -4,   -7,  -11,   -4,   -7,   -7,   -4,  -11,   -4,  -18,  -22,  -29,  -26,
     -29,   -4,  -22,    4,    4,  -11,   -7,  -11,   -7,  -11,  -15,  -15,  -11,  -11,  -15,  -15,
      -4,   -4,  -15,  -15,  -15,   -7,  -18,  -11,  -22,  -48,  -15,  -15,   -7,  -11,   -7,  -15,
      -7,   -7,  -26,   -7,  -11,   -7,   -7,  -18,   -7,  -11,   -7,   -7,  -15,  -18,  -18,  -22,
     -15,  -18,  -37,  -18,  -29,  -33,  -29,  -22,  -33,  -11,  -11,  -18,  -18,  -18,  -33,  -33,
     -26,  -22,  -29,  -40,  -29,  -18,  -26,  -26,  -26,  -33,  -37,  -15,  -33,  -22,  -15,  -55,
     -11,  -22,  -15,  -11,  -11,  -18,  -11,  -11,  -22,  -11,  -11,  -11,   -7,  -26,  -15,  -18,
     -11,  -15,  -15,  -18,  -18,  -18,  -15,  -18,  -33,  -26,  -29,  -22,  -22,  -26,  -37,  -22,
     -15,  -26,  -18,  -18,  -22,  -29,  -26,  -22,  -22,  -29,  -18,  -18,  -18,  -22,  -18,  -26,
     -26,  -22,  -33,  -18,  -22,  -77,   -7,  -29,   -7,  -11,  -11,  -33,  -15,  -11,  -37,   -7,
     -15,  -11,  -15,  -29,   -7,  -37,  -11,  -15,  -22,  -15,  -18,  -18,  -15,  -15,  -48,  -22,
     -48,  -44,  -40,  -29,  -44,  -18,  -26,  -37,  -22,  -22,  -48,  -40,  -48,  -37,  -40,  -40,
     -37,  -26,  -33,  -37,  -37,  -37,  -48,  -22,  -48,  -29,  -29,  -73,  -11,  -26,  -11,  -15,
     -11,  -29,  -11,   -7,  -33,  -11,  -11,  -15,  -15,  -33,  -18,  -29,  -11,  -15,  -15,  -15,
     -18,  -15,  -15,  -18,  -37,  -22,  -44,  -48,  -37,  -22,  -51,  -22,  -26,  -37,  -29,  -29,
     -37,  -37,  -40,  -29,  -37,  -37,  -33,  -26,  -29,  -37,  -29,  -40,  -44,  -18,  -40,  -33,
     -26,  -59,  -15,  -29,  -11,  -11,  -11,  -26,   -7,   -7,  -33,   -7,  -11,  -15,  -11,  -40,
     -15,  -33,  -15,  -22,  -15,  -18,  -18,  -18,  -18,  -22,  -51,  -26,  -44,  -44,  -44,  -40,
     -51,  -26,  -29,  -40,  -29,  -29,  -40,  -48,  -48,  -37,  -40,  -44,  -44,  -33,  -33,  -40,
     -40,  -40,  -48,  -18,  -51,  -37,  -22,   -4,  -22,   -7,   -4,   -4,  -15,   -4,   -4,   -7,
      -7,   -4,   -7,   -7,  -18,   -7,  -18,   -4,   -7,  -18,  -18,  -15,  -15,  -18,   -7,   -4,
     -22,   -7,   -4,  -11,   -4,  -15,  -15,  -26,  -18,  -18,  -11,  -11,   -7,  -22,  -15,   -4,
     -22,  -18,  -26,  -29,  -37,  -15,  -11,  -18,   -4,   -7,  -15,  -29,  -15,  -11,  -15,  -18,
     -15,  -18,  -15,  -26,  -18,  -29,  -15,  -18,  -22,  -18,  -15,  -15,  -11,  -22,  -22,  -29,
     -29,  -29,  -15,  -18,    4,   -7,  -22,    4,   -7,   -7,  -11,   -7,  -18,  -22,  -11,  -11,
     -11,  -11,   -4,   -4,   -7,   -7,  -15,   -7,  -15,   -4,   -4,    4,  -11,  -22,   -4,   -4,
      -4,   -7,  -15,  -15,  -15,  -18,  -11,  -11,   -4,   -7,   -4,  -11,   -4,  -11,   -7,  -11,
     -11,  -15,  -11,  -15,  -15,  -11,  -18,  -15,   -7,  -15,   -7,   -7,   -7,  -15,  -22,  -15,
     -18,  -11,  -11,  -15,  -18,   -7,  -11,   -7,  -15,  -18,  -22,  -18,  -26,  -15,  -15,   -4,
      -7,    4,  -15,  -26,  -15,   -7,  -11,   -4,  -11,  -15,  -15,  -11,   -7,   -4,  -11,  -11,
      -4,   -4,   -7,   -7,  -11,  -11,  -11,  -18,   18,   -4,  -18,   -4,  -15,  -15,  -15,  -26,
     -18,  -11,  -18,  -11,   -7,  -22,  -22,  -18,  -15,  -15,  -26,   -4,  -22,  -44,  -44,  -33,
     -59,  -15,  -40,   -7,  -11,   -4,  -15,  -29,  -15,   -7,  -11,  -11,   -4,  -18,   -4,    7,
     -26,  -26,  -11,  -18,  -15,   -4,  -15,  -18,  -15,   -7,   -7,   -7,   -7,  -11,  -15,  -18,
     -15,  -22,   -4,   -7,  -26,   -7,   -7,   -7,  -15,   -7,   -4,   -7,  -15,  -11,  -18,  -11,
     -11,   -7,  -11,   -4,  -11,  -15,  -15,  -18,  -18,  -26,   -7,  -15,  -11,  -15,   -7,  -22,
      -7,   -7,   -7,  -11,  -11,  -11,   -4,  -11,  -18,  -26,  -11,   -7,   -7,  -15,   -4,  -11,
      -4,  -15,  -15,  -22,  -22,  -26,  -11,  -11,    4,    7,  -22,    4,    4,    4,    4,   -7,
       7,  -15,  -18,   -4,   -4,    4,    4,    4,   -4,    4,   -7,   -7,   -7,   -7,   -7,  -11,
     -18,  -11,   -7,  -26,   -4,  -11,   -7,  -11,   -7,   -4,   -7,  -11,  -11,  -26,   -7,   -7,
      -7,   -7,   -4,   -7,   -7,  -11,  -11,  -15,  -18,  -22,   -7,  -11,   -4,   -4,  -15,  -22,
     -11,  -11,   -4,  -15,  -11,   -7,  -11,  -18,  -11,  -22,  -11,   -7,  -15,  -15,   -7,  -15,
      -4,  -15,  -15,  -22,  -22,  -15,   -7,  -11,   -4,   -4,   -4,   -4,  -26,   -4,   -7,  -15,
      -7,   -4,   -7,  -18,  -11,  -22,   -7,   -7,   -7,  -11,   -7,   -4,  -11,  -11,  -18,  -18,
     -22,   -4,   -7,  -11,   -7,   -7,  -26,   -4,   -7,   -4,  -11,   -4,  -11,   -7,  -15,  -11,
     -22,   -7,   -7,   -4,  -11,   -4,  -11,  -11,  -18,  -22,  -22,  -26,   -4,   -7,   -7,    7,
     -18,    4,    4,   -7,   -7,  -11,   -7,  -18,  -15,   -7,  -11,    4,   -7,    4,  -11,    4,
      -7,   -4,   -4,  -11,  -15,  -11,  -15,   -4,   -4,    4,   -7,  -22,    4,    4,    4,   -7,
     -11,  -11,   -7,  -18,  -18,   -7,   -7,   -7,    4,  -11,   -4,   -7,   -7,  -11,  -15,   -7,
     -15,   -4,   -7,    4,  -22,   -4,    4,  -11,   22,   -7,  -18,   -4,   -4,   -4,   15,    4,
      -4,   -4,   -4,   -4,   -4,   -4,   -4,   -4,   -4,   -7,   -4,  -18,  -26,   -4,   -4,   -4,
      -4,  -11,  -22,   -7,  -26,  -18,   -7,  -11,   -7,   -4,   -7,  -11,    4,   -4,   -4,   -7,
     -11,  -15,  -15,   -4,  -22,    4,   -7,   -7,   -7,    4,   -7,  -11,  -18,   -4,   -7,   -4,
      -7,    4,   -7,   -4,   -7,   -7,  -11,  -11,   -7,  -11,   -7,  -22,  -18,   -4,   -4,  -11,
     -18,  -11,  -18,   -4,   -4,    4,  -11,    4,   -7,    4,  -18,  -11,  -22,  -18,  -33,   -7,
     -11,  -11,   -7,   -7,  -26,  -11,   -7,   -7,  -11,   -4,  -11,   -7,  -11,  -15,  -22,  -11,
      -7,  -11,  -11,   -4,   -4,   -4,  -11,  -11,  -15,  -15,  -18,   -4,  -11,  -11,  -26,  -29,
     -15,  -15,  -22,  -22,  -26,  -22,   -4,  -15,  -29,  -22,  -15,  -18,  -18,   -7,  -18,  -15,
      -7,  -11,   -7,   -7,  -11,  -11,  -22,  -29,  -22,  -15,  -26,  -18,  -15,  -18,  -15,  -15,
     -22,  -29,  -11,  -18,  -26,  -18,  -15,  -18,  -22,   -7,  -15,  -18,  -11,  -11,   -4,  -11,
      -7,  -15,  -18,  -26,  -22,  -11,  -26,  -18,  -15,  -15,  -15,  -15,  -26,  -26,  -11,  -15,
     -26,  -26,  -18,  -18,  -22,  -11,  -15,  -22,   -7,   -7,  -11,  -11,  -11,  -15,  -18,  -22,
     -33,   -4,   -7,  -18,   -4,   -7,   -4,   -7,   -7,   -7,  -15,   -4,   -4,   -4,   -4,   -4,
      -4,   -4,   -7,   -7,  -11,   -7,   -7,   -4,  -15,  -15,   -7,   -4,   -4,   -4,   -4,   -7,
      -4,   -4,   -4,   -4,   -7,   -7,   -4,   -7,   -4,  -26,  -18,   -4,  -18,  -11,  -18,   -4,
     -18,  -15,   -7,  -18,  -26,  -26,  -18,   -4,  -15,   -4,  -22,  -15,  -15,  -18,  -51,  -40,
     -22,  -15,  -59,  -11,  -11,  -22,  -11,  -11,  -11,  -11,   -7,   -4,   -7,  -11,  -11,  -22,
     -11,  -18,  -15,  -22,  -22,  -11,  -11,  -11,  -11,  -11,  -11,  -22,  -11,  -29,  -33,  -18,
     -11,  -44,  -11,  -11,  -22,  -11,  -11,  -11,  -11,   -7,  -11,   -4,    4,   -4,  -11,   -4,
      -4,   -4,   -7,   -4,   -4,  -15,   -7,   -7,   -4,   -4,   -4,  -11,    4,  -11,  -22,    7,
      -7,  -15,   -4,   -7,   -7,   -4,  -11,    4,   -4,    4,   11,  -18,   11,    4,   11,   -4,
      11,    7,   -7,    7,   -4,    4,  -11,    4,   -4,   -4,   11,    4,   -4,  -11,   -4,   -4,
      -4,   -4,   -4,    4,   -4,  -11,  -11,   -4,   -4,   -4,   11,   -4,   -4,    4,   -4,  -11,
       4,   -7,  -15,   -4,   -4,   -7,   -4,   -4,    4,   -7,    4,   11,  -11,   11,    4,    4,
      11,   -4,   11,    7,   -4,    7,   -4,    4,    7,   11,  -11,   -4,  -59,   -4,   -4,   -4,
     -18,   -4,   -4,  -15,   -4,   -4,   -4,  -33,   -4,   -4,   -7,   -4,   -7,   -4,   -4,   -4,
      -4,   -4,   -4,   -4,   -4,   -4,   -4,   -4,  -15,   -4,  -15,  -29,  -22,  -15,  -22,  -44,
     -22,  -29,  -33,  -15,  -15,  -18,  -40,  -22,  -26,  -29,  -29,  -22,  -22,  -11,  -15,  -29,
     -22,  -22,  -22,  -22,  -11,  -18,  -18,  -22,  -22,  -33,  -22,  -15,   -7,   -4,  -18,   -4,
      -4,   -4,  -18,   -4,   -4,  -11,   -4,   -4,   -4,   -4,   -4,   -4,  -11,   -4,   -4,  -11,
      -4,  -15,   -7,   -4,   -7,   -4,   -4,   -4,   -4,  -11,   -4,   -7,   -7,   -7,   -7,   -7,
      -7,   -7,   -7,   -7,  -15,  -18,  -11,   -7,   -7,   -7,   -4,   -4,  -15,  -11,   -4,   -7,
      -4,   -7,   -4,   -4,  -11,   -7,   -4,   -4,   -4,   -7,   -7,   -4,   -4,   -4,   -4,   -4,
     -11,   -4,   -4,   -4,  -11,   -4,  -11,  -15,   -4,   -4,   -4,   -7,   -4,   -4,  -15,   -4,
      -4,  -15,   -4,  -15,  -15,   -4,  -15,   -4,   -4,  -11,   -4,   -4,  -11,   -4,   -4,   -4,
     -11,   -7,  -11,  -11,  -11,   -7,   -7,  -11,  -11,  -11,  -11,  -11,  -15,  -15,  -29,  -11,
     -33,  -11,  -11,  -11,  -11,  -11,  -11,  -11,  -11,   -4,  -11,   -4,  -22,   -4,   -4,   -4,
     -18,   -4,   -4,   -4,   -4,   -4,   -4,   -4,   -4,   -7,   -4,   -4,   -4,  -22,    4,   -4,
     -22,   -4,   -4,   -4,   -4,   -4,   -4,   -4,   -7,    4,   -7,    7,   -7,   -4,   -4,   -7,
       7,   -7,    7,   -4,    4,   -4,   -4,   -4,   -4,    4,   -4,    7,   -7,   -7,  -15,  -18,
      -4,   -4,   -4,   -4,   -7,  -11,   -4,   -7,  -15,   -7,  -15,   -7,   -7,   -4,  -11,  -11,
     -15,   -7,  -15,   -7,   -7,   -7,   -7,   -7,   -7,   -7,  -15,   -7,  -15,  -18,  -15,  -11,
     -29,  -18,   -7,   -7,   -7,   -7,   -7,  -15,  -15,  -11,   -4,   -4,   -4,   -7,   -4,   -7,
      -4,  -11,   -4,  -15,   -7,   -4,  -11,  -11,  -15,   -7,  -15,   -7,   -7,   -7,  -15,   -7,
     -15,  -18,  -15,  -11,  -29,  -18,   -7,   -7,   -7,   -7,    4,   -7,   -7,   -4,   -7,  -11,
     -11,   -4,   -4,  -11,   -4,  -15,  -11,  -11,   -4,   -7,   -7,   -4,    4,   -4,   -4,  -11,
       4,   -7,   -7,   -7,   -7,   -4,   -7,   -4,   -4,    4,   -4,  -11,    4,   -7,  -29,    4,
      -4,  -29,   -4,   -4,  -11,   -4,   -4,   -7,   -4,   -7,    4,   -4,   -7,  -11,  -15,   -7,
     -11,   -7,   -7,   -7,  -11,  -11,   -7,  -15,  -11,  -11,   -4,   -7,  -11,  -11,  -11,  -11,
     -11,   -7,   -7,   -7,   -4,  -11,   -4,  -11,  -18,   -4,  -26,  -18,   -4,   -7,   -7,  -18,
     -15,   -7,  -11,   -7,   -4,   -7,  -11,  -11,   -4,  -15,   -7,  -11,   -7,  -11,   -7,   -7,
     -11,  -11,   -7,  -11,  -11,   -7,   -4,  -11,   -4,  -11,  -22,   -4,  -26,  -15,   -4,   -7,
      -7,  -11,  -11,   -7,   -7,  -11,   -7,   -7,  -11,   -7,   -7,  -11,   -7,   -7,   -7,   -7,
      -7,   -7,   -7,   -7,   -7,   -7,   -7,   -7,   -7,   -4,  -15,   -4,   -7,  -15,  -11,  -26,
     -15,   -7,   -7,   -7,   -4,  -29,   -7,   -7,   -7,  -26,  -11,  -11,   -4,   -7,   -7,   -4,
      -7,   -4,   -7,    7,   -4,  -11,    7,  -11,  -22,   11,   -7,  -18,   -4,   -4,   -7,   -4,
      -4,   -7,   -4,   -4,   15,    4,    4,  -18,    4,    4,    7,    7,    4,  -15,   -4,    7,
       7,   -4,    4,   -4,    4,  -11,    4,   -7,   -7,  -15,  -11,   -4,   -7,   -7,   -7,   -4,
      -7,   -7,   -4,  -15,   -7,  -11,   -7,   -7,   -7,  -11,   -7,   -7,   -7,   -7,   -7,   -7,
      -4,  -15,   -4,  -11,  -15,   -7,   -7,  -22,  -11,   -4,   -7,   -4,  -11,  -59,  -29,   -7,
      -4,   -4,  -11,   -7,  -26,    4,  -18,    4,   -4,  -18,   -4,   -4,   -4,   -4,  -11,    4,
     -15,   -7,  -11,   -7,   -7,  -22,   -4,   -4,   -7,   -4,   -4,   -7,   -7,   -7,   -4,   -4,
      -4,   -4,   -7,  -11,   -7,  -29,   -7,  -15,   -7,   -4,  -18,   -4,   -4,   -4,  -18,   -4,
      -7,   -4,  -15,  -15,   -7,   -4,   -7,   -7,   -4,   -4,   -7,    4,   -7,  -22,   -4,   -4,
     -22,   -4,   -4,   -4,   -4,   -4,   -4,   -4,   -4,   -4,    4,   -7,   -4,  -15,  -15,  -11,
     -11,   -7,  -11,   -7,   -4,   -4,   -4,   -7,    4,  -11,   -4,   -7,  -15,   -7,   -4,   -7,
      -4,   -7,  -15,  -51,   -4,  -29,   -4,   -7,  -11,   -4,   -7,  -29,   -7,   -7,   -7,   -4,
     -11,   -7,  -15,   -7,   -4,   -7,  -22,  -22,  -15,  -15,  -11,  -33,  -11,  -22,  -15,   -7,
      -7,  -11,  -33,   -7,  -11,  -18,   -7,  -22,  -18,   -4,   -7,  -22,  -18,  -26,  -11,   -7,
      -7,  -15,  -22,  -22,  -22,  -26,  -11,  -18,  -26,  -11,  -70,   -7,   -7,   -7,  -33,  -11,
     -11,  -11,  -11,  -15,   -7,  -37,   -7,   -7,  -29,   -4,   -4,  -26,   -7,  -22,  -26,  -11,
     -22,   -4,   -4,   -7,   -7,   -7,  -18,  -15,  -22,  -51,  -40,  -40,  -44,  -59,  -37,  -48,
     -33,  -29,  -29,  -48,  -59,  -44,  -40,  -48,  -44,  -37,  -48,  -33,  -40,  -51,  -44,  -40,
     -48,  -40,  -37,  -44,  -48,  -51,  -48,  -62,  -37,  -37,    4,   -7,  -29,   -7,   -7,   -7,
     -26,   -7,   -7,   -7,  -11,  -11,  -15,   -7,  -11,   -4,   11,   -7,   -7,   15,   -4,  -18,
       4,   -4,  -22,   -7,   -4,   -4,   -4,   -4,  -15,   -4,   11,  -15,    7,    4,    4,    4,
     -15,    7,    7,    4,    4,   -4,   -4,   -4,   -7,    7,  -11,  -15,   -7,  -29,   -7,   -7,
      -7,  -29,   -7,   -7,  -18,   -7,   -7,   -7,   -7,  -40,   -7,  -29,   -7,  -15,  -15,  -18,
     -18,  -18,  -26,  -11,  -15,  -18,  -11,  -11,  -15,  -15,  -11,  -11,  -22,  -22,  -15,  -22,
     -15,  -11,  -18,  -22,  -11,  -11,  -11,  -22,  -22,  -40,  -40,  -44,  -11,  -18,  -18,   -7,
     -22,  -15,   -7,  -15,  -11,  -11,   -7,  -15,  -11,   -7,  -15,   -7,  -18,   -7,   -7,   -7,
      -7,   -7,  -11,  -11,  -15,   -7,  -11,   -7,  -15,  -11,  -11,   -7,   -7,   -7,   -4,   -7,
     -11,   -4,  -11,  -18,   -4,   -7,  -18,   -7,   -7,  -11,   -4,   -4,   -7,   -7,   -4,   -7,
      -7,  -15,  -22,   -7,  -11,  -11,  -11,   -7,  -22,  -11,   -4,  -15,  -15,  -15,   -7,   -4,
     -11,   -4,   -7,   -4,   -4,   -4,  -11,   -4,   -7,   -7,  -11,  -11,   -4,   -7,   -4,   -4,
      -7,   -4,  -11,   -4,   -7,  -15,   -4,   -4,  -18,   -4,   -4,   -7,   -4,   -4,   -4,   -4,
      -4,   -4,   -7,  -15,  -15,   -4,   -7,   -7,   -7,   -7,  -11,   -7,  -18,   -4,   -4,  -18,
      -7,   -7,   -4,  -11,   -7,   -4,   -4,   -4,   -4,   -4,  -11,   -4,   -7,  -15,   -7,   -4,
     -18,   -4,   -4,   -4,   -4,   -7,  -18,  -15,   -4,   -4,  -11,  -11,   -7,  -11,   -4,   -7,
     -15,   -7,  -15,   -7,  -11,   -7,   -4,   -4,  -15,   -4,   -4,   -7,   -7,   -4,   -7,   -4,
      -4,   -7,   -4,  -11,   -4,   -7,  -11,  -11,   -7,  -22,  -11,   -4,   -4,   -4,   -4,   -4,
     -18,    4,   -4,  -11,   -4,   -4,   -4,  -18,   -4,  -11,  -11,   -7,   -7,   -4,    4,   -4,
      -4,    4,  -37,  -29,    7,   -4,  -40,   -4,   -4,  -18,   -4,   -4,    4,   -4,    4,   18,
      -4,  -18,    7,   -4,   -4,   -4,   -4,   -4,   11,   -4,   -4,    7,    7,   -4,    7,   -4,
     -11,    4,   -4,   -4,    4,   -4,    7,   -4,   -7,  -15,  -15,   -4,   -4,   -4,   -4,   -7,
      -4,  -11,   -4,  -15,   -4,   -4,   -4,   -4,  -15,   -7,   -7,   -4,   -7,   -7,   -4,   -7,
      -7,  -11,   -7,  -11,  -11,  -15,  -11,   -4,   -4,  -18,    4,   -7,  -15,   -4,   -4,   -4,
     -18,   -7,   -4,  -15,  -11,   -7,   -4,   -7,    4,   -4,   -4,   11,  -37,  -33,    7,   -4,
     -40,   -4,   -4,  -22,   -4,   -4,    4,   -4,   11,   11,  -15,    7,   -4,    7,   -4,    7,
       4,   -4,    7,   -4,   -4,   -4,   -4,    4,   -4,    7,   -4,   -7,    4,   -4,  -26,   -4,
      -4,   -4,  -15,   -4,   -4,   -4,  -15,  -15,   -4,   -4,   -4,   -4,    7,   -4,   -4,    7,
      -4,  -15,   11,   -7,  -22,   -7,   -7,   -4,   -4,   -4,    4,   -7,   -4,    4,   11,  -15,
       7,   -4,    7,   -7,    7,    7,    4,    4,   -4,    7,   -4,    7,  -11,   -4,    4,   -7,
     -18,   -7,   -4,   -4,  -18,   -7,   -4,   -4,  -11,  -11,   -7,   -7,  -11,   -7,    7,   -7,
      -7,    4,   -7,  -18,   11,   -7,  -22,   -7,   -7,   -7,   -7,   -7,    4,   -7,   -4,   15,
      -4,  -18,    7,    4,  -15,   -4,   -4,    7,    4,    4,   -4,   -7,    7,  -11,   -7,  -18,
     -18,   -7,  -11,   -7,   -7,   -4,  -11,   -7,   -4,  -15,   -7,  -18,   -7,   -7,   -4,   -7,
     -15,   -4,   -7,   -7,  -11,  -11,  -11,  -11,  -15,   -4,   -7,  -18,  -11,  -22,  -15,  -11,
      -4,   -4,  -11,  -11,   -4,   -7,   -7,   -7,   -4,  -11,  -11,   -4,   -4,   -4,   -7,  -18,
      -4,   -7,  -18,   -4,  -26,   -4,  -11,   -7,   -4,   -7,   -7,    4,   11,  -15,   11,   -4,
       4,   -4,   -4,    7,   -4,    7,  -11,    7,  -11,    7,   -4,   -4,    4,   -4,    7,  -11,
     -11,    4,    7,   -4,   -4,   -7,    4,   -7,   -4,   -4,   -4,   -4,   -4,    4,   -7,    7,
      -4,    4,   -7,    4,   -4,    4,   -4,   -4,    4,   -7,  -15,   -4,   -7,  -29,   -4,  -11,
      -7,  -11,  -26,   -4,   -4,   -4,   -4,   -4,   -4,   -4,   -4,   -7,   -4,   -4,   -7,   -4,
      -4,   -4,  -15,  -18,  -15,  -15,   -7,   -7,  -11,  -11,  -11,  -11,  -11,  -11,  -18,  -15,
     -11,  -11,   -4,   -7,  -11,   -4,  -15,  -11,  -15,  -15,  -15,   -4,  -26,   -7,   -7,  -18,
      -7,   -7,  -11,   -4,   -4,  -11,  -11,    4,    4,   11,   -4,   -4,   -7,    7,   -7,   -7,
      -4,   -4,   -4,    7,   -4,   -4,    7,   -7,    7,   -7,   -4,   -4,   -4,   -4,    7,  -11,
      -7,   -4,   -4,   -4,   -7,   -7,   -7,   -7,   -4,   -4,  -11,   -4,   -7,   -7,   -7,   -7,
      -4,  -11,   -4,   -7,  -15,   -7,   -4,  -18,   -4,   -4,  -11,   -4,   -4,   -7,   -4,   -7,
      -4,  -11,   -4,    7,   -4,  -11,    7,   -4,    4,   -4,   -4,   -4,   -4,   -4,    4,   -7,
       4,   -7,   -4,   -7,   -4,   -4,    7,   -4,  -15,   -7,   -7,   -7,   -7,  -15,  -11,  -11,
     -11,  -22,  -22,   -7,   -4,  -11,   -7,   -7,   -7,  -15,   -7,  -15,  -22,  -15,   -7,  -22,
      -4,   -4,  -15,   -7,   -7,  -11,   -4,   -7,  -11,   -4,  -15,   -7,   -7,   -4,   -7,   -4,
     -11,   -7,   -7,   -7,  -22,  -22,   -7,   -7,   -7,   -4,  -18,   -7,  -15,  -15,  -11,   -7,
     -22,  -18,   -4,   -7,   -4,   -7,   -7,   -4,  -15,   -4,   -4,   -4,   -4,   -4,   -7,   -4,
      -7,   -4,  -11,   -7,   -7,   -7,   -4,   -4,  -15,   -4,   -7,  -15,   -7,  -29,   -4,   -4,
      -4,   -4,   -4,  -18,   -7,   -7,   -7,   -4,   -4,  -15,  -11,   -4,   -7,  -11,  -11,   -4,
      -4,   -4,   -4,  -11,   -4,  -15,   -4,  -11,  -22,  -15,   -4,  -22,   -4,   -4,  -11,   -4,
      -7,   -4,   -4,   -7,   -4,   -7,   -7,   -4,    4,  -11,   -4,   -7,   -4,   -4,   -7,   -4,
      -7,   -7,   -4,  -11,   -7,  -11,   -4,   -4,   -4,   -4,   -7,   -7,  -15,  -11,   -7,   -7,
      -7,   -7,   -4,   -7,   -4,  -15,  -11,  -11,   -4,  -11,  -11,  -15,   -4,   -4,   -7,   -4,
      -4,  -11,    7,  -11,  -11,  -22,    7,   -7,   -4,   -7,   -7,  -11,  -11,  -15,  -15,    4,
      -7,  -11,    4,   -7,  -11,  -11,  -15,   -4,   -7,   -7,   -7,   -4,   -4,   -7,    4,  -11,
     -11,   -7,    4,  -15,   -4,   -4,   -4,   -4,   -4,   -4,   -4,   -4,  -15,   -4,  -15,   -4,
      -4,  -11,  -11,   -4,   -7,   -4,   -4,   -4,   -7,   -4,   -4,  -18,   -7,    7,   -7,   -7,
     -18,  -15,   -4,   -7,   -4,   -7,  -11,   -4,  -11,   -4,   -7,   -7,   -4,   -7,    4,   -4,
     -15,   -4,   -4,   -7,   -7,   -7,   -7,    4,  -11,   -7,   -4,   -4,    4,   -4,   -4,  -11,
      -4,   -4,   -4,   -4,   -4,   -7,   -7,   -4,    4,   -4,    4,   -4,  -11,   -4,   -4,  -11,
      -4,   -4,   -4,   -4,   -4,    4,   -7,   -4,  -15,    4,   -7,   -7,  -29,   -7,  -15,   -7,
      -7,   -7,  -11,  -26,  -11,  -11,   -4,   -4,  -11,   -7,   -7,   -7,   -7,  -11,   -7,   -7,
      -7,   -4,  -15,  -11,   -7,   -7,  -18,   -7,  -18,   -7,  -11,  -15,   -4,  -11,  -11,  -37,
     -11,  -15,  -15,   -7,   -7,  -11,  -29,  -15,   -7,  -11,   -7,   -4,  -11,   -4,   -7,  -18,
      -7,   -7,   -7,   -7,   -4,   -7,   -7,  -11,  -11,  -22,  -11,  -18,  -18,    7,   -7,   -7,
     -22,    7,  -15,   -4,   -4,   -4,  -11,   -7,  -15,  -11,    4,  -15,   -7,    7,   -4,  -11,
      -7,  -11,   -7,  -11,  -11,   -7,  -11,   -7,    7,  -11,   -7,  -15,  -29,  -15,  -15,  -18,
     -11,  -15,  -15,   -7,  -15,  -11,  -22,  -11,  -11,  -18,  -11,  -15,  -15,  -11,  -11,  -15,
     -11,  -11,  -15,  -15,  -15,   -7,  -11,   -4,   -4,   -4,  -18,  -11,  -11,   -4,   -7,   -7,
      -4,  -11,   -4,   -4,   -4,   -4,   -7,   -4,   -7,  -11,   -7,   -4,  -15,   -4,   -4,   -4,
      -4,   -4,   -7,   -4,   -4,   -7,   -4,  -11,   -7,   -4,   -4,  -18,  -11,  -15,  -15,  -11,
     -11,   -4,  -11,   -4,   -4,  -11,   -4,  -11,   -7,   -4,   -7,  -15,   -4,  -11,   -4,   -4,
      -4,   -4,   -4,   -7,   -4,   -4,  -11,   -4,   -7,   -4,    4,   -4,   -4,  -18,  -11,   -7,
     -11,   -7,   -7,   -4,   -7,   -4,   -4,   -4,   -4,   -7,   -4,   -4,  -11,  -15,   -4,  -18,
      -4,   -4,   -4,   -4,   -4,  -15,   -4,   -7,   -4,   -7,   -7,  -11,   -4,   -4,   -4,  -18,
      -7,  -11,   -7,  -11,  -11,   -4,  -18,   -4,   -4,  -11,   -7,  -15,   -7,   -4,  -15,  -11,
      -4,  -15,   -4,   -4,   -4,   -4,   -4,  -11,   -4,   -7,   -7,  -11,    4,   -7,   -4,  -11,
       4,   -7,   -4,   -7,   -7,   -7,   -4,   -7,   -7,    7,   -7,  -15,    4,   -7,  -18,    4,
      -4,  -29,   -4,   -4,   -4,   -4,   -7,   -4,   -4,    4,   -7,   -4,   -7,    4,  -18,   -4,
      -7,   -4,  -11,  -11,   -4,   -7,   -7,   -4,   -7,   -4,   -4,   -4,  -11,  -11,   -4,  -11,
      -4,   -4,   -4,   -4,   -4,   -4,   -4,  -15,    4,    7,   -4,   -4,  -18,    7,   -4,   -4,
      -4,   -7,   -7,   -4,   -4,   -4,    7,   -4,  -11,    4,   -7,  -26,    4,  -29,   -4,   -4,
      -4,   -4,    7,   -4,  -11,   11,  -11,  -11,  -22,    4,   -4,   -4,   -4,   -7,   -7,   -4,
      -4,    4,   -7,   -7,    4,   -7,   -4,   -7,  -11,   -4,   -4,   -4,   -7,   -7,    4,   -7,
     -15,    4,    7,   -7,   -7,  -18,    4,  -11,   -4,   -4,   -4,  -11,   -7,  -11,   -7,    4,
      -7,  -11,    4,   -7,   -7,  -11,   -7,   -7,   -4,   -7,   -7,   -4,   -4,    4,  -11,  -11,
      -7,  -11,   -4,   -4,   -4,  -18,  -11,  -15,  -15,   -7,   -7,   -4,  -11,   -4,   -4,  -11,
      -4,  -11,   -4,   -4,  -15,  -15,   -4,  -22,   -4,   -4,   -4,   -4,   -4,   -4,   -4,   -7,
     -11,  -11,    4,   -4,    7,   -4,   -4,  -18,    7,   -7,   -4,   -4,  -11,   -7,   -4,    4,
      -7,    4,   -4,   -4,    4,  -11,   -4,   -7,   -7,   -4,   -4,   -7,    7,   -7,   -4,   -1,
      -7,   -4,   -7,   -2,   -3,   -9,   -9,   -4,    3,   -3,   -9,   -2,   -4,   -6,   -4,  -15,
      -7,   -3,  -18,  -12,   -4,   -2,   -9,  -18,  -12,  -12,   -4,   -4,   -4,   -6,   -7,   -8,
      -3,   -2,   -7,  -14,   -1,   -8,   -6,   -3,   -3,   -2,  -22,   -7,   -6,   -6,   -6,  -11,
      -6,   -6,   -8,   -7,   -7,   -3,   -2,   -4,   -4,   -8,   -8,  -15,   -3,   -3,  -11,   -8,
      -3,  -16,   -4,    3,   -1,   -7,   -2,   -7,   -9,  -10,   -4,   -6,   -4,   -3,  -11,   -3,
      -3,   -4,   -2,   -8,   -6,   -4,   -6,   -7,   -6,   -6,  -13,   -3,   -6,   -2,   -4,   -3,
      -7,   -4,   -9,   -8,  -15,   -7,  -11,   -3,   -6,   -8,  -11,   -8,   -7,   -9,  -10,   -3,
     -10,   -6,   -8,   -6,   -6,  -17,  -18,   -6,   -3,   -3,  -14,  -15,  -15,   -4,   -7,  -15,
      -9,  -11,   18,
};

static const EpdFontData edslab_ui_10_bold = {
    edslab_ui_10_boldBitmaps,
    edslab_ui_10_boldGlyphs,
    edslab_ui_10_boldIntervals,
    82,
    28,
    21,
    -7,
    false,
    nullptr,
    0,
    nullptr,
    nullptr,  // kernLeftClasses: built-in fonts use the split arrays below
    nullptr,  // kernRightClasses
    edslab_ui_10_boldKernLeftCodepoints,
    edslab_ui_10_boldKernLeftClassIds,
    edslab_ui_10_boldKernRightCodepoints,
    edslab_ui_10_boldKernRightClassIds,
    nullptr,  // kernMatrix: built-in fonts use the sparse form below
    edslab_ui_10_boldKernRowOffsets,
    edslab_ui_10_boldKernSparseCols,
    edslab_ui_10_boldKernSparseValues,
    152,
    173,
    149,
    156,
    nullptr,
    0,
};
