/**
 * generated by fontconvert.py
 * name: edslab_12_italic
 * size: 12
 * mode: 2-bit  compressed: true
 * Command used: fontconvert.py edslab_12_italic 12 ../builtinFonts/source/EdsLab/EdsLab-Italic.ttf --2bit --compress --pnum --zopfli
 */
#pragma once
#include "EpdFontData.h"

static const uint8_t edslab_12_italicBitmaps[12425] = {
    0x8D, 0x98, 0x01, 0xE4, 0x24, 0x4B, 0x7E, 0xC7, 0x3F, 0xD5, 0x7D, 0xEF, 0xF5, 0x25, 0xE5, 0x6D,
    0x2D, 0x20, 0xB1, 0xF7, 0xA6, 0x83, 0x87, 0x47, 0x76, 0xA6, 0x83, 0x87, 0x3F, 0xE9, 0xF9, 0x77,
    0x01, 0x10, 0x04, 0x12, 0x00, 0x02, 0x20, 0xB0, 0xF0, 0x47, 0x93, 0xDE, 0x37, 0x95, 0x1C, 0x00,
    0xF2, 0x24, 0x80, 0xC0, 0xC3, 0x81, 0x77, 0xC4, 0x62, 0x30, 0xCF, 0xFD, 0x77, 0xA7, 0x38, 0x04,
    0x90, 0xCA, 0x85, 0x04, 0x70, 0x75, 0x6E, 0xC9, 0x39, 0x64, 0xEB, 0x56, 0xC7, 0xF5, 0xBE, 0xCC,
    0x4C, 0xA5, 0xAB, 0xCC, 0x18, 0x7F, 0x9B, 0xE5, 0x54, 0xD7, 0x77, 0x98, 0x9E, 0xFA, 0x7E, 0x7F,
    0xFD, 0xAB, 0x6F, 0xD5, 0xAF, 0x7A, 0x44, 0x28, 0x42, 0xE9, 0x4B, 0x57, 0xDA, 0xCA, 0x4A, 0x23,
    0xB5, 0xD2, 0x8A, 0x9A, 0x05, 0x7F, 0x08, 0x7C, 0xCE, 0x3D, 0x3D, 0xAB, 0x76, 0xDD, 0xB6, 0x7D,
    0xBB, 0xED, 0x5F, 0x40, 0x4B, 0x0F, 0x3D, 0x01, 0x46, 0xE1, 0x21, 0x94, 0x4E, 0xFC, 0xF8, 0xBB,
    0x1F, 0xFF, 0xBA, 0x88, 0x31, 0x9E, 0x98, 0x07, 0x83, 0x62, 0x09, 0x0B, 0x5A, 0x68, 0xD9, 0xD1,
    0xCC, 0x37, 0x5C, 0x97, 0x40, 0x84, 0xD2, 0x52, 0xB8, 0x19, 0x4A, 0x2B, 0x35, 0x95, 0xC9, 0xBF,
    0x5D, 0x00, 0xB4, 0xE4, 0x2E, 0x5E, 0xC2, 0x26, 0xFA, 0x62, 0x14, 0x53, 0x69, 0x69, 0xA5, 0xA6,
    0x57, 0x80, 0xD2, 0x20, 0x1D, 0x94, 0x27, 0x0D, 0xFB, 0x13, 0x88, 0xBD, 0x85, 0xCA, 0x83, 0x08,
    0x8F, 0xC1, 0x6F, 0x29, 0xDC, 0x0B, 0x4A, 0xFB, 0x92, 0x9A, 0x26, 0x4E, 0x33, 0x8D, 0xE6, 0x42,
    0x59, 0x44, 0x14, 0x2A, 0xDA, 0x15, 0xEB, 0xC2, 0x0F, 0xDC, 0x08, 0x3F, 0x72, 0x57, 0xFC, 0xCC,
    0x33, 0xC8, 0x9F, 0x5A, 0xBA, 0xA8, 0x0C, 0xF2, 0x75, 0x0D, 0xB0, 0x96, 0x1E, 0x76, 0x9B, 0x03,
    0x84, 0x71, 0x45, 0xF9, 0xEF, 0x56, 0x51, 0xFD, 0x74, 0x06, 0x55, 0xDA, 0x4F, 0x59, 0x95, 0x76,
    0x60, 0x28, 0xE2, 0xC8, 0x8F, 0xD8, 0x1B, 0x8A, 0x68, 0xA8, 0xA3, 0x65, 0x8D, 0x66, 0x07, 0xB9,
    0x0F, 0xC0, 0x2D, 0x14, 0x6F, 0x34, 0xF2, 0xCF, 0xEC, 0x72, 0x55, 0xFA, 0xA7, 0xAD, 0x08, 0xED,
    0xC0, 0xFD, 0xDD, 0x3D, 0xB7, 0x61, 0xA0, 0xB6, 0x1D, 0x8D, 0xAD, 0xE3, 0xFF, 0xBA, 0x8F, 0xE3,
    0x0F, 0xC3, 0x2A, 0xA5, 0x14, 0xBE, 0x0F, 0x03, 0x22, 0x20, 0x0D, 0x2B, 0xE8, 0x11, 0x81, 0xD2,
    0x21, 0x0D, 0x0A, 0x6A, 0x58, 0x43, 0x0B, 0x43, 0xBE, 0xEE, 0x2F, 0xD7, 0x00, 0x2D, 0xAC, 0xA1,
    0x01, 0xA5, 0x91, 0x96, 0x32, 0xC0, 0x08, 0x8F, 0x33, 0xDF, 0x2A, 0x7F, 0x9B, 0x72, 0xED, 0x21,
    0xC0, 0xEE, 0x32, 0x22, 0x0F, 0xBA, 0x52, 0xEE, 0x60, 0xCC, 0x7A, 0x9E, 0xCA, 0xA2, 0x0C, 0x35,
    0x0C, 0x30, 0x52, 0x39, 0x1A, 0xE8, 0x33, 0x1F, 0x2D, 0xDF, 0xBB, 0xD1, 0xF5, 0xDE, 0x55, 0x51,
    0x57, 0x27, 0x6E, 0xA3, 0x7D, 0xFC, 0x0B, 0x84, 0x03, 0x53, 0xD8, 0xC2, 0xEE, 0x8F, 0xF1, 0x58,
    0x69, 0xC9, 0xC7, 0x28, 0x1A, 0x6A, 0x3E, 0xE1, 0x06, 0x48, 0xDF, 0xB6, 0xF7, 0x3D, 0x08, 0x0B,
    0xA5, 0x81, 0x0A, 0x78, 0x04, 0xFC, 0x00, 0xF8, 0x02, 0x78, 0x01, 0x38, 0x28, 0xD2, 0x6D, 0x0D,
    0x12, 0xF8, 0x04, 0x78, 0x7A, 0xBE, 0xFD, 0x35, 0xF0, 0xFE, 0xC8, 0x4C, 0xFD, 0x27, 0x00, 0xFC,
    0x05, 0xC8, 0x68, 0xE8, 0xFE, 0x29, 0x30, 0x31, 0x96, 0x8E, 0xA1, 0xB2, 0xB4, 0x0A, 0xDA, 0x1A,
    0xDA, 0x25, 0xB4, 0x2D, 0xB9, 0xF7, 0x2D, 0x6C, 0x5B, 0x08, 0x6B, 0x4A, 0xB7, 0x42, 0xDA, 0x5A,
    0x37, 0xC8, 0xEF, 0x0E, 0x88, 0xE8, 0x00, 0x28, 0x62, 0x71, 0x62, 0x49, 0x9B, 0x5B, 0xCF, 0x96,
    0x40, 0x10, 0x41, 0xF8, 0x64, 0xD3, 0xD2, 0xEE, 0x0F, 0xF1, 0x80, 0x3C, 0x69, 0x36, 0xD1, 0x89,
    0xB1, 0x08, 0x85, 0x23, 0x79, 0x38, 0x08, 0x08, 0x50, 0x3A, 0x90, 0x06, 0xBE, 0x84, 0x6A, 0x84,
    0xBD, 0xC9, 0x1F, 0xB5, 0x81, 0x35, 0x95, 0xEE, 0x91, 0xEC, 0x63, 0x24, 0x2D, 0x8B, 0x19, 0x0E,
    0xEC, 0xE3, 0x04, 0x85, 0x83, 0x1A, 0xD8, 0x91, 0x87, 0xAB, 0x23, 0xC9, 0x47, 0x17, 0x33, 0x03,
    0x01, 0x84, 0x87, 0xC2, 0xDD, 0x50, 0xD9, 0x5B, 0x1A, 0xEA, 0x78, 0xA4, 0xC8, 0xD1, 0x4A, 0x0B,
    0x8D, 0x81, 0xEC, 0x3F, 0x8D, 0xFC, 0x57, 0x58, 0x29, 0xD8, 0x2D, 0x28, 0xFC, 0x0A, 0x69, 0x96,
    0xAC, 0x68, 0xD9, 0xC4, 0xE8, 0xFE, 0xFA, 0x9B, 0x93, 0xC9, 0x1A, 0x6C, 0x81, 0x90, 0x34, 0x34,
    0x4D, 0x84, 0x2E, 0x1E, 0xE6, 0x3E, 0xD1, 0x5F, 0x6F, 0x65, 0xC5, 0x59, 0x43, 0x7C, 0x17, 0x0D,
    0x54, 0x0E, 0x0A, 0x0F, 0xC2, 0x5F, 0xE2, 0xF8, 0x9C, 0xCA, 0xAE, 0x73, 0x1C, 0x07, 0x72, 0x1C,
    0x22, 0x7B, 0x3F, 0xF0, 0x9C, 0x49, 0x04, 0xFA, 0xD2, 0xF2, 0x57, 0xD2, 0x80, 0x7A, 0x72, 0xA4,
    0xDE, 0x47, 0xD3, 0x98, 0xCA, 0xDD, 0x52, 0xB8, 0x16, 0xE1, 0x6E, 0xF2, 0x73, 0x94, 0xB6, 0x45,
    0x9A, 0x86, 0x06, 0x95, 0x16, 0x67, 0xFC, 0x0A, 0x19, 0x63, 0x98, 0xBB, 0x87, 0xD2, 0x82, 0xD2,
    0xB0, 0x02, 0x06, 0x20, 0x24, 0x49, 0xA8, 0x12, 0x21, 0xB0, 0x06, 0x76, 0x20, 0xC2, 0xC3, 0x5F,
    0xB6, 0x00, 0x55, 0xD4, 0x74, 0xD1, 0x31, 0xA5, 0xF9, 0x22, 0x14, 0x2E, 0x75, 0xE1, 0xC5, 0x28,
    0x2D, 0x31, 0x52, 0xC4, 0xA8, 0x95, 0x91, 0x76, 0x45, 0xE9, 0xDA, 0x14, 0x4F, 0x8E, 0xA3, 0x4A,
    0x6B, 0x10, 0x75, 0x79, 0x96, 0x27, 0x79, 0x6E, 0x6C, 0xE9, 0x0B, 0x2F, 0x0D, 0x41, 0xC1, 0x8B,
    0x05, 0xB9, 0x87, 0x9A, 0x22, 0xCC, 0xE3, 0x7D, 0x95, 0x76, 0xAE, 0xF8, 0x8F, 0x36, 0x05, 0xF5,
    0x19, 0x8A, 0x9E, 0x15, 0xCF, 0xB9, 0xA7, 0x8B, 0x9E, 0xEA, 0xA4, 0x59, 0x74, 0x4F, 0x01, 0x58,
    0x7E, 0xD9, 0x2E, 0xBA, 0x35, 0x00, 0xDF, 0xBB, 0x7D, 0xDE, 0x7E, 0xF1, 0x18, 0x00, 0xA4, 0x86,
    0x97, 0x20, 0x1D, 0xE2, 0x5B, 0xB2, 0x39, 0xEE, 0x81, 0x0E, 0xA8, 0x3C, 0xF9, 0x56, 0xBA, 0x87,
    0x18, 0x81, 0xC7, 0x6C, 0x4E, 0xFB, 0x13, 0x09, 0x8F, 0x00, 0x95, 0x86, 0x62, 0x24, 0x3B, 0xEC,
    0xFA, 0x73, 0xA5, 0xF3, 0x17, 0xD2, 0x5D, 0x88, 0x79, 0x0E, 0x00, 0x88, 0xF8, 0x1A, 0x15, 0x8F,
    0x24, 0xDB, 0xB4, 0xA8, 0xDC, 0xFF, 0x88, 0x15, 0x59, 0xB3, 0x0A, 0x64, 0xF7, 0x4C, 0x50, 0x9C,
    0x13, 0x5F, 0x19, 0x10, 0x00, 0x67, 0xD6, 0x5A, 0xC3, 0xEF, 0x03, 0xF0, 0x24, 0x7E, 0x95, 0xE8,
    0xE2, 0x11, 0xD4, 0x57, 0x34, 0x3A, 0x49, 0x54, 0x96, 0x00, 0x69, 0x13, 0xAF, 0x27, 0x82, 0xD4,
    0x9B, 0xC8, 0xF6, 0x11, 0x2F, 0x94, 0xEE, 0x9F, 0xC2, 0x8C, 0x2D, 0x4D, 0xE4, 0xAE, 0x9F, 0x47,
    0xB1, 0xBD, 0x2B, 0xDD, 0x82, 0xB0, 0x95, 0x7A, 0x81, 0xDF, 0x4A, 0x6E, 0x0B, 0xDB, 0xCB, 0xFF,
    0x78, 0x23, 0xCD, 0x50, 0x9C, 0xD4, 0x89, 0x35, 0x14, 0xAF, 0xA9, 0x01, 0x90, 0x16, 0xA0, 0x78,
    0xC7, 0x33, 0x4D, 0xDE, 0xBC, 0x81, 0xBF, 0x04, 0xA0, 0x9B, 0x32, 0x1E, 0x00, 0xAA, 0x8C, 0x6A,
    0x0D, 0xB0, 0x5A, 0x01, 0x0C, 0x35, 0x40, 0x50, 0x40, 0xE1, 0x13, 0xE6, 0x9A, 0x82, 0xD2, 0x95,
    0x49, 0x3C, 0xD1, 0x42, 0x97, 0x71, 0xA4, 0x74, 0x08, 0x4F, 0xE1, 0x29, 0x2D, 0x22, 0xB0, 0x9F,
    0xA8, 0x23, 0x71, 0xA2, 0xC9, 0x26, 0x39, 0x25, 0x88, 0x96, 0x25, 0xA5, 0xA7, 0x45, 0x5C, 0x80,
    0xD2, 0xD2, 0x53, 0x6B, 0xF6, 0xF1, 0x08, 0x31, 0x46, 0x08, 0x48, 0x2B, 0x02, 0xA5, 0x15, 0x89,
    0xAB, 0x70, 0xA4, 0x3D, 0x02, 0xA9, 0x67, 0xE8, 0xD2, 0x5A, 0x9F, 0x88, 0x31, 0x25, 0xAE, 0x88,
    0x3E, 0xC5, 0x70, 0x42, 0x1C, 0xA9, 0x93, 0x7C, 0xAA, 0xA9, 0x28, 0x16, 0x29, 0xBD, 0x2D, 0xC0,
    0x00, 0xB0, 0x03, 0xD8, 0x72, 0x81, 0x1D, 0x97, 0x1B, 0xB7, 0x30, 0x50, 0x9B, 0x22, 0x20, 0x53,
    0x64, 0xEC, 0xDF, 0x91, 0x23, 0xD5, 0x09, 0x63, 0x80, 0x25, 0xC5, 0x01, 0x5A, 0xB8, 0xCD, 0xD8,
    0xC0, 0x00, 0x0A, 0xFA, 0x8C, 0xDB, 0x8C, 0xE1, 0x82, 0x0B, 0x44, 0x80, 0x35, 0xC2, 0xC3, 0x40,
    0xE1, 0x60, 0x24, 0xD5, 0x60, 0x9F, 0xB0, 0x31, 0x29, 0xF0, 0x23, 0x97, 0xC8, 0x13, 0x7F, 0x06,
    0x96, 0xE0, 0x69, 0xC1, 0x25, 0x20, 0x03, 0x3D, 0xC0, 0x3E, 0x1E, 0x20, 0x3D, 0x2C, 0x01, 0x32,
    0x64, 0xEA, 0xCC, 0x9C, 0x28, 0x3F, 0xCD, 0xC0, 0xB3, 0x5F, 0x7F, 0x73, 0x9F, 0x58, 0x0F, 0x1F,
    0x26, 0x65, 0xF8, 0x00, 0xA9, 0x78, 0x8F, 0xF4, 0x0C, 0xFB, 0x03, 0x10, 0x13, 0xF0, 0x71, 0xF4,
    0xB0, 0x49, 0x1B, 0xD7, 0x44, 0x43, 0xE5, 0x50, 0x28, 0x50, 0xAC, 0xE1, 0x23, 0xDA, 0x4B, 0x42,
    0x19, 0xE9, 0x22, 0x81, 0xEE, 0x44, 0x80, 0x15, 0x23, 0x2C, 0xB9, 0x87, 0x96, 0xE7, 0xB0, 0xA3,
    0x39, 0x27, 0xD9, 0x20, 0xF6, 0x13, 0x14, 0x31, 0x88, 0x38, 0x65, 0x1C, 0x59, 0x42, 0x0D, 0x2D,
    0x2C, 0x32, 0x2E, 0x33, 0xB6, 0xD0, 0x67, 0xDC, 0xC7, 0x1C, 0xF1, 0x25, 0xE4, 0x6D, 0xC6, 0x80,
    0xF0, 0x09, 0x8B, 0xEC, 0xB8, 0x5C, 0x81, 0x33, 0xBA, 0x14, 0xF8, 0xE6, 0x48, 0xAA, 0x02, 0xC7,
    0xA4, 0x32, 0x5F, 0x57, 0xC2, 0xCC, 0x99, 0x19, 0xAE, 0x24, 0xD9, 0x5C, 0xF3, 0x95, 0x06, 0x26,
    0xA1, 0x66, 0x86, 0xBC, 0x3A, 0xD8, 0x02, 0x2F, 0x80, 0x07, 0xC5, 0xE2, 0x5C, 0x4B, 0xED, 0x67,
    0x73, 0xEF, 0xA9, 0xCC, 0x16, 0xC5, 0x96, 0x9A, 0x81, 0x81, 0x2E, 0x8E, 0xC8, 0xA8, 0x93, 0xEC,
    0xE6, 0x98, 0xE0, 0xC0, 0x92, 0x06, 0x5A, 0x0E, 0xD0, 0x96, 0x1E, 0xDA, 0x5A, 0x43, 0x7F, 0x0F,
    0xFC, 0xE4, 0x1D, 0x10, 0xA3, 0x86, 0xA3, 0xB4, 0x79, 0xAD, 0x93, 0x6A, 0x21, 0x85, 0xCB, 0x01,
    0x65, 0x10, 0xBF, 0x70, 0x29, 0x28, 0x1B, 0x0F, 0xBC, 0x4A, 0xA4, 0x64, 0x80, 0x25, 0x40, 0xFB,
    0x10, 0xFA, 0x8B, 0xBB, 0x09, 0xF0, 0x21, 0xC3, 0xA8, 0x04, 0x8F, 0x92, 0x61, 0xFE, 0x99, 0x18,
    0x73, 0xB9, 0x03, 0x36, 0xBE, 0x88, 0x06, 0xA2, 0xA3, 0x71, 0x94, 0x07, 0xE8, 0x02, 0x6A, 0x82,
    0x76, 0x64, 0xBD, 0x85, 0xF6, 0x9E, 0x31, 0x40, 0xBF, 0x2E, 0x7D, 0x80, 0x6D, 0xAD, 0xFE, 0x36,
    0x40, 0x50, 0xAF, 0x0A, 0x0F, 0xA1, 0x9A, 0xD2, 0x0C, 0x84, 0xC2, 0xE7, 0xF8, 0x93, 0xC8, 0xA5,
    0xAA, 0x94, 0x16, 0xE4, 0xF9, 0x43, 0xA7, 0xE4, 0xA6, 0x99, 0xCE, 0x1E, 0x1D, 0xE7, 0x4E, 0x9E,
    0x7D, 0x33, 0x7F, 0x97, 0x44, 0xEB, 0xAC, 0xB9, 0xC8, 0x92, 0x4B, 0x68, 0x07, 0xDA, 0x24, 0x48,
    0x9B, 0xF4, 0x18, 0x92, 0x9C, 0xD9, 0x25, 0x35, 0xBB, 0x4D, 0xA9, 0xF2, 0x79, 0xE2, 0x42, 0x9E,
    0xFD, 0x6F, 0x43, 0x92, 0xE8, 0x7C, 0xC2, 0x26, 0xCF, 0xBE, 0xB2, 0x49, 0xA6, 0xB2, 0x64, 0xA7,
    0x51, 0x27, 0xCF, 0x1D, 0x91, 0xBE, 0x0C, 0x88, 0x20, 0x0D, 0x4C, 0x0A, 0xE8, 0x97, 0xC0, 0xD0,
    0x02, 0x7D, 0x7F, 0x81, 0x6D, 0x82, 0x30, 0x43, 0xE1, 0x5B, 0x72, 0x01, 0xA3, 0x41, 0x39, 0x31,
    0xB3, 0xC5, 0xBC, 0x06, 0x4E, 0xE7, 0xDD, 0x61, 0x86, 0xE8, 0x59, 0x22, 0x46, 0x5A, 0xD8, 0xE5,
    0x38, 0x13, 0x8C, 0xF9, 0x58, 0xC9, 0x96, 0x27, 0x2E, 0xE5, 0x97, 0x19, 0x7E, 0xF4, 0x3B, 0x2E,
    0xB1, 0xD7, 0x79, 0x17, 0x45, 0xBC, 0xA3, 0xB6, 0x95, 0xA3, 0xF4, 0x4A, 0x23, 0xC2, 0x12, 0x08,
    0x2D, 0x30, 0xEE, 0x80, 0x10, 0xAE, 0xC0, 0xF7, 0x0B, 0x37, 0xD2, 0x94, 0x76, 0x87, 0xFA, 0x73,
    0xFD, 0x9C, 0xEA, 0x44, 0x63, 0xCA, 0x89, 0x5C, 0xEC, 0xC5, 0xFE, 0x5D, 0x00, 0xD8, 0xDE, 0x00,
    0xEB, 0x1E, 0xA8, 0x03, 0xF0, 0x91, 0xFE, 0x1D, 0xA3, 0xB7, 0x97, 0xE8, 0x5F, 0xE7, 0x94, 0x21,
    0xFC, 0xF5, 0x7D, 0x22, 0x2F, 0x34, 0x11, 0x7C, 0x72, 0xA6, 0x4B, 0x87, 0x1C, 0x8D, 0x8C, 0x9E,
    0x4D, 0x3C, 0x88, 0x91, 0x75, 0xE9, 0x58, 0x96, 0x96, 0x3F, 0x98, 0x3B, 0xA5, 0x07, 0x71, 0xCA,
    0xC5, 0x46, 0xC3, 0xB3, 0x40, 0x52, 0x84, 0xED, 0xE7, 0x97, 0x93, 0x22, 0x95, 0x6B, 0x62, 0xD4,
    0x1F, 0xA7, 0x0A, 0x91, 0x62, 0xEA, 0x66, 0x70, 0x37, 0x04, 0x61, 0xEF, 0x08, 0x85, 0x3D, 0x27,
    0x2D, 0x41, 0xF9, 0x30, 0x73, 0x95, 0x01, 0xA4, 0x06, 0x54, 0x06, 0x2E, 0xB0, 0x00, 0xCA, 0xE8,
    0xCF, 0xB0, 0x4F, 0x2B, 0xF9, 0x8C, 0x52, 0x53, 0x38, 0x54, 0x22, 0x78, 0x80, 0x8B, 0xCC, 0xB6,
    0xCC, 0x74, 0x2D, 0x28, 0xAE, 0xB8, 0x48, 0x78, 0x3D, 0xC4, 0xDF, 0xC2, 0x08, 0xF5, 0x57, 0xD2,
    0x91, 0xB2, 0xAC, 0x41, 0xEC, 0x5F, 0x93, 0x55, 0xEA, 0xC8, 0x7E, 0xA4, 0x3E, 0x25, 0x92, 0xD2,
    0x51, 0x99, 0xF9, 0xBA, 0x4A, 0xAC, 0x49, 0xD2, 0x03, 0xD9, 0xB4, 0xA4, 0xD5, 0xE2, 0xC8, 0x66,
    0x06, 0x46, 0x05, 0xB0, 0x5B, 0x71, 0x71, 0x23, 0xED, 0x08, 0xD0, 0x79, 0x80, 0xC6, 0x02, 0xD4,
    0x1A, 0x72, 0x2D, 0xA5, 0x8C, 0x6E, 0xD6, 0xE9, 0xF4, 0xFC, 0xA9, 0x34, 0x1B, 0xCD, 0x90, 0x14,
    0xA3, 0x61, 0xA4, 0x32, 0xE2, 0xBF, 0x4C, 0xDE, 0x0A, 0xCB, 0x7F, 0x31, 0x79, 0xA2, 0xAA, 0x1F,
    0xDA, 0xB4, 0xFE, 0x9C, 0x2A, 0xAD, 0x4A, 0x11, 0x2C, 0x4A, 0xBB, 0x06, 0xE1, 0xDB, 0xB4, 0x71,
    0x21, 0xC2, 0xAE, 0x70, 0x01, 0x08, 0x21, 0xBD, 0xA3, 0xC1, 0x5B, 0x2F, 0x7E, 0x69, 0x81, 0x9F,
    0x58, 0xF1, 0x26, 0x0B, 0x6A, 0x22, 0xC0, 0x06, 0x0E, 0x00, 0x6B, 0x98, 0x00, 0xE2, 0xA4, 0xA2,
    0x15, 0x71, 0x54, 0x51, 0x23, 0x6D, 0xE9, 0x48, 0x12, 0x3A, 0x11, 0xDE, 0x02, 0x8C, 0x13, 0xC0,
    0xC6, 0x03, 0x74, 0x06, 0xA0, 0x01, 0x60, 0x6F, 0x80, 0xE2, 0x97, 0x0E, 0x90, 0x7F, 0x17, 0x80,
    0x86, 0x11, 0xB8, 0x67, 0x80, 0x22, 0xB0, 0x4E, 0x79, 0x2C, 0x62, 0x20, 0x1E, 0xCA, 0x19, 0xF7,
    0x07, 0x19, 0x5D, 0x02, 0x5B, 0xD9, 0x7C, 0xAE, 0x28, 0x1D, 0xF9, 0xE0, 0x48, 0xA8, 0x81, 0xED,
    0x00, 0x0C, 0x01, 0xE8, 0x5C, 0x4E, 0xD0, 0x75, 0xFE, 0xDF, 0xDB, 0x1E, 0x67, 0x0E, 0x50, 0x09,
    0x44, 0xB2, 0x57, 0x3E, 0x82, 0xA4, 0xA9, 0xD1, 0xA5, 0x61, 0xCD, 0xD9, 0x93, 0x95, 0x05, 0x6A,
    0x80, 0x01, 0x10, 0xE1, 0xF2, 0x55, 0x03, 0x70, 0x4F, 0x0E, 0x11, 0xA4, 0xE1, 0x29, 0x2B, 0x68,
    0x79, 0xF5, 0x4D, 0x2E, 0xB9, 0x71, 0x82, 0x4D, 0x20, 0x40, 0x00, 0x8F, 0x70, 0xD7, 0x6A, 0x52,
    0x1A, 0x2A, 0x8D, 0xD4, 0x28, 0x50, 0xF0, 0x08, 0x3E, 0xBD, 0x56, 0x36, 0x6E, 0xE0, 0xEE, 0x52,
    0x88, 0xF6, 0x9E, 0xC7, 0x7C, 0x31, 0xB7, 0x9B, 0xB9, 0x3D, 0x9D, 0xDB, 0x0F, 0xE6, 0xF6, 0xC9,
    0xDC, 0x1E, 0xCD, 0x4D, 0x22, 0xA9, 0xA8, 0x28, 0xF5, 0xDC, 0x4C, 0x69, 0x0A, 0x2B, 0x0C, 0xDD,
    0x08, 0x7D, 0x66, 0x78, 0x71, 0xAD, 0x63, 0x49, 0xDC, 0x9E, 0xC5, 0xAB, 0x2C, 0x2E, 0x39, 0x8B,
    0x2F, 0xB2, 0xF8, 0xD3, 0x6B, 0x09, 0xEC, 0x02, 0x7C, 0x04, 0x0A, 0xFE, 0xD4, 0xF0, 0xD6, 0x16,
    0xD6, 0x55, 0x3A, 0x7C, 0xCA, 0xDD, 0x1C, 0xC1, 0xD7, 0x3C, 0xED, 0xE2, 0x34, 0x5F, 0xD3, 0x6E,
    0xD7, 0xDF, 0x88, 0x68, 0x64, 0xF4, 0x4A, 0x24, 0x91, 0x2A, 0x86, 0x26, 0xFA, 0xA1, 0x70, 0xA1,
    0x74, 0xA1, 0xB2, 0xEF, 0xF6, 0xAF, 0xBB, 0x7F, 0x18, 0x2B, 0x0F, 0xF2, 0x5A, 0x20, 0x2F, 0x45,
    0x92, 0xD2, 0xE6, 0x4E, 0xF5, 0x66, 0xA4, 0x8A, 0x47, 0xA4, 0x69, 0x50, 0x28, 0xAD, 0x90, 0x7A,
    0x81, 0x64, 0x81, 0x62, 0xC5, 0x8A, 0x2E, 0x9F, 0xEF, 0x03, 0x37, 0x7B, 0x03, 0x7B, 0x5F, 0xC6,
    0x83, 0x32, 0xED, 0x92, 0xA7, 0x97, 0x4A, 0x9D, 0x70, 0xCD, 0x2C, 0xEC, 0xAA, 0x13, 0xA0, 0x2C,
    0xD4, 0x8E, 0x87, 0x12, 0xA9, 0x1B, 0x90, 0x9A, 0xCD, 0xCF, 0x29, 0x63, 0x44, 0xCD, 0x62, 0x2B,
    0x16, 0xB4, 0x2C, 0xE9, 0x69, 0xD9, 0xD2, 0xB2, 0xE3, 0x9E, 0xE7, 0x62, 0xA2, 0x8B, 0x7B, 0xE4,
    0xF4, 0x25, 0x67, 0x53, 0x56, 0x31, 0x28, 0x3D, 0xB6, 0x6C, 0xBB, 0x38, 0x6E, 0x62, 0xC8, 0x82,
    0x0C, 0xC2, 0x35, 0xD1, 0xC8, 0x23, 0x54, 0x73, 0x57, 0x11, 0x56, 0x0A, 0xD6, 0xBF, 0x07, 0x2D,
    0x30, 0xC0, 0x3C, 0x6A, 0xEE, 0x0E, 0x2E, 0x4F, 0x1E, 0xDE, 0x7F, 0xF2, 0xCB, 0xB1, 0x7F, 0xA3,
    0xE1, 0x2C, 0x97, 0xF8, 0x9E, 0xD3, 0xC5, 0x23, 0xBB, 0xCA, 0xE2, 0x53, 0x95, 0x4F, 0xBD, 0x32,
    0x22, 0xD4, 0x14, 0x29, 0x4B, 0xCF, 0x3C, 0x0A, 0x90, 0xF1, 0x1D, 0x72, 0x1F, 0xCD, 0x12, 0x69,
    0x7B, 0x4A, 0xB7, 0xA5, 0xB4, 0xF7, 0xD4, 0xA6, 0x8B, 0xA7, 0xBC, 0xD9, 0x66, 0xC2, 0x3D, 0xA0,
    0x80, 0x1A, 0x58, 0x00, 0x4B, 0xA0, 0x3D, 0xF7, 0x61, 0x6F, 0xD8, 0x44, 0xCF, 0xCB, 0x22, 0x30,
    0x0A, 0x4F, 0x10, 0x3E, 0x6D, 0x3B, 0xE2, 0xAC, 0x99, 0x5A, 0x33, 0x55, 0xA1, 0x9B, 0xCA, 0x00,
    0xF9, 0x44, 0x6F, 0x05, 0xD0, 0xE8, 0xCE, 0x54, 0x46, 0x6A, 0x45, 0x6A, 0x0B, 0x96, 0x34, 0xBA,
    0xB1, 0x1F, 0x41, 0x65, 0x50, 0x06, 0x01, 0x40, 0x37, 0x53, 0x9B, 0xAB, 0xB3, 0x6B, 0x58, 0xF0,
    0xA1, 0x23, 0xD6, 0xDF, 0xB8, 0xFC, 0xFC, 0x07, 0x10, 0x47, 0xB8, 0x86, 0x07, 0x0F, 0x5F, 0x8C,
    0xA3, 0xE7, 0x37, 0x71, 0x0E, 0x6F, 0xA4, 0xF8, 0x4F, 0x47, 0xF9, 0xC6, 0x52, 0xC6, 0x40, 0xE9,
    0x43, 0x3E, 0x61, 0x49, 0x7D, 0xA7, 0xF7, 0xA1, 0x73, 0x31, 0x34, 0xBA, 0xF2, 0xF2, 0xC1, 0x1F,
    0x07, 0x95, 0xBD, 0x04, 0x5C, 0xE7, 0x80, 0x5B, 0x6E, 0xE7, 0x87, 0xF8, 0x1E, 0xF2, 0x67, 0x47,
    0x35, 0xAA, 0x18, 0x37, 0x07, 0x11, 0x94, 0x5D, 0x17, 0x4E, 0xEA, 0x75, 0x69, 0x15, 0xED, 0x19,
    0x6A, 0x86, 0xCA, 0x2C, 0xD8, 0x49, 0xBD, 0x64, 0xFB, 0xCC, 0x77, 0xE6, 0x14, 0x43, 0x67, 0x5F,
    0x01, 0xCC, 0x63, 0x4F, 0xCC, 0x43, 0xAD, 0x18, 0x2B, 0x5B, 0xF8, 0xA4, 0x92, 0x95, 0x4C, 0x7A,
    0xF1, 0xA9, 0x8C, 0xD2, 0x49, 0xEF, 0x99, 0x57, 0x73, 0x3C, 0xCA, 0x01, 0xB0, 0xF1, 0xCC, 0xCE,
    0xCD, 0xBE, 0x5B, 0xA2, 0x68, 0x51, 0xF4, 0x28, 0x76, 0x2C, 0xE8, 0x59, 0xB3, 0x66, 0xA2, 0x39,
    0xBF, 0xC4, 0x16, 0xD3, 0xC6, 0x14, 0xB3, 0x16, 0x1B, 0x26, 0x06, 0x86, 0x6C, 0xCE, 0xC0, 0x0D,
    0xE1, 0xF2, 0x97, 0x48, 0x95, 0xF6, 0x28, 0x5D, 0xFE, 0x7C, 0x7A, 0x60, 0x23, 0xA9, 0x99, 0x35,
    0x21, 0x06, 0x60, 0xFF, 0xF7, 0x32, 0xFE, 0x77, 0xAD, 0x5F, 0xB6, 0xAC, 0x7B, 0xDA, 0x99, 0x21,
    0xD0, 0x6F, 0xD9, 0x0D, 0x8C, 0x5D, 0x0C, 0xF2, 0x18, 0x10, 0x81, 0xE2, 0x72, 0xB4, 0xFD, 0xE3,
    0x5F, 0xD1, 0x4D, 0xF2, 0xDF, 0x8E, 0xE9, 0x91, 0x10, 0x93, 0xA2, 0xF0, 0xF9, 0xC5, 0xE1, 0x7D,
    0xFA, 0x5F, 0x41, 0xCC, 0x67, 0x73, 0xA7, 0x62, 0xA8, 0x09, 0x0B, 0x50, 0x8E, 0x32, 0x6A, 0x9E,
    0xB8, 0xC7, 0xC2, 0xDF, 0x15, 0x6E, 0x13, 0x6D, 0x7D, 0x04, 0xC0, 0x5F, 0x05, 0xBA, 0x98, 0xAE,
    0xEA, 0x81, 0x27, 0xBE, 0x5A, 0x08, 0xB7, 0x9A, 0xB3, 0xFC, 0x26, 0x2D, 0xA3, 0xCE, 0x6E, 0xCC,
    0xDC, 0x53, 0xEE, 0xB8, 0x98, 0x4B, 0xB1, 0xA0, 0x66, 0x39, 0x63, 0x4B, 0xCD, 0x21, 0x05, 0x67,
    0xAA, 0xE3, 0x6C, 0xC0, 0x83, 0x3A, 0x75, 0xA3, 0x3A, 0xE6, 0x9C, 0x3B, 0xA5, 0x0B, 0x5F, 0x23,
    0x42, 0x0B, 0x61, 0x84, 0xFF, 0x09, 0xB0, 0xB1, 0xD0, 0x69, 0xE8, 0xA0, 0x3B, 0x54, 0xB6, 0x9B,
    0xBA, 0x49, 0xB9, 0x6E, 0x9C, 0x0D, 0xED, 0x14, 0xA5, 0xEB, 0xFC, 0x8A, 0xC2, 0x7F, 0x1B, 0x06,
    0x44, 0xF8, 0x4D, 0x1A, 0xF3, 0xD6, 0xBF, 0xF5, 0xF0, 0x5B, 0xFB, 0x5B, 0x0B, 0x7B, 0x13, 0x35,
    0x6C, 0xD8, 0x03, 0x6B, 0xEE, 0x41, 0xC6, 0xEE, 0x20, 0x4F, 0xDD, 0xC4, 0xB0, 0x82, 0xDB, 0x1D,
    0x28, 0x0F, 0xCA, 0x42, 0xE3, 0xE0, 0xDB, 0x40, 0x11, 0x26, 0xF6, 0xB3, 0x33, 0xE3, 0xDB, 0x68,
    0xE5, 0x58, 0x46, 0x23, 0xA7, 0x94, 0x8E, 0x81, 0x11, 0x5A, 0x11, 0x60, 0xF6, 0x14, 0xAC, 0xA4,
    0x81, 0x85, 0x02, 0xD4, 0x32, 0xC1, 0x00, 0xC8, 0x11, 0xA8, 0x7C, 0x02, 0x0B, 0x48, 0x03, 0xD4,
    0xC0, 0x5D, 0x0B, 0x6C, 0x46, 0xA0, 0x31, 0x80, 0x8A, 0x27, 0x15, 0x8F, 0x8F, 0x98, 0x3E, 0x2D,
    0x3D, 0x4A, 0xF3, 0x1C, 0x11, 0x90, 0xF6, 0xA6, 0xE1, 0xEE, 0xD5, 0x37, 0x21, 0xC6, 0x80, 0xD0,
    0x2C, 0x34, 0x5F, 0x5C, 0xF7, 0x7A, 0xFC, 0x83, 0xED, 0xFE, 0x09, 0x0C, 0xA0, 0xF8, 0xFF, 0xB7,
    0xFB, 0x9B, 0x8C, 0x4A, 0x43, 0x4B, 0xCB, 0x40, 0xCF, 0x96, 0x0F, 0xAC, 0x1F, 0xC5, 0xE2, 0xC1,
    0xFF, 0x73, 0x3C, 0x86, 0x15, 0x48, 0xA8, 0x2E, 0xE4, 0x8F, 0x1E, 0x2E, 0xF4, 0x25, 0x28, 0x43,
    0xCF, 0xC3, 0xA0, 0x2E, 0x65, 0xC8, 0x20, 0x61, 0x07, 0xC0, 0x13, 0xF7, 0xF5, 0x67, 0x2B, 0x0D,
    0xFC, 0x1F, 0xBD, 0xD8, 0x01, 0x84, 0x25, 0x6B, 0x7A, 0xFF, 0xF1, 0x4F, 0x55, 0xCD, 0x4C, 0xED,
    0xED, 0x9A, 0x33, 0x35, 0x7F, 0x66, 0x19, 0x7F, 0x3D, 0xE7, 0x4C, 0xE2, 0x62, 0xD0, 0xDD, 0x67,
    0x12, 0x9D, 0xA4, 0xC5, 0xE9, 0x39, 0x75, 0x93, 0x45, 0x10, 0xC9, 0x06, 0x1B, 0x48, 0xC8, 0x26,
    0x80, 0x24, 0x32, 0x8D, 0x09, 0x07, 0x3D, 0xDB, 0x95, 0x5D, 0x40, 0x22, 0x46, 0x02, 0x44, 0x30,
    0x24, 0x60, 0x17, 0x69, 0x34, 0x3A, 0x76, 0x36, 0xA7, 0xB2, 0x57, 0x5C, 0x12, 0xA2, 0xB2, 0x10,
    0xDC, 0x44, 0x4A, 0xDC, 0xEB, 0xC6, 0x15, 0xB6, 0xD8, 0x23, 0xCE, 0xDD, 0x7B, 0xFA, 0xBC, 0x99,
    0xD7, 0x69, 0xD9, 0x2B, 0xDC, 0xCC, 0xCE, 0xB5, 0x33, 0xA7, 0xEA, 0xF7, 0xED, 0x6E, 0xE7, 0xF7,
    0x3C, 0xBF, 0xA7, 0xDE, 0xB7, 0x75, 0x57, 0x9D, 0xA4, 0xCF, 0xFA, 0xA4, 0x25, 0x69, 0xD3, 0x36,
    0x6B, 0xB3, 0x26, 0x6F, 0xF2, 0xBA, 0xA8, 0xCB, 0xAA, 0x34, 0x32, 0xF6, 0xC0, 0x21, 0x59, 0x25,
    0xE7, 0xAC, 0xCB, 0xFA, 0x55, 0xF9, 0xC7, 0x93, 0xDD, 0xC1, 0xCE, 0x64, 0xDB, 0x6C, 0xC7, 0xD9,
    0x81, 0xD9, 0x81, 0xC3, 0xFD, 0x7E, 0xFC, 0x87, 0x6D, 0xFE, 0x4B, 0x9C, 0xF2, 0x45, 0xD2, 0x35,
    0x45, 0xA8, 0x95, 0x79, 0x65, 0x74, 0x8D, 0x3D, 0xC4, 0x1E, 0x61, 0xF1, 0x5C, 0x3D, 0x33, 0x9C,
    0x61, 0x81, 0x7E, 0xA3, 0xA4, 0x8B, 0xF1, 0x3C, 0x1E, 0xAF, 0x9C, 0x8F, 0x17, 0xA6, 0x0D, 0x53,
    0x00, 0xE4, 0x72, 0xD9, 0x5F, 0xFD, 0x0B, 0xEF, 0x77, 0xB2, 0xFA, 0xBE, 0xCC, 0x7D, 0xB9, 0x53,
    0xD9, 0xB7, 0x1B, 0x9F, 0x0B, 0x5F, 0x76, 0x70, 0x73, 0x1F, 0xCC, 0x57, 0x45, 0x68, 0x23, 0x9A,
    0xBC, 0xB1, 0x90, 0xB5, 0x59, 0x2B, 0xED, 0x8B, 0x9A, 0x7E, 0x0F, 0xE7, 0xC7, 0x38, 0xEC, 0x99,
    0x86, 0xD0, 0x3A, 0x89, 0x50, 0x62, 0x1E, 0x42, 0x13, 0x51, 0x33, 0x61, 0x83, 0x22, 0x34, 0x94,
    0x11, 0x45, 0x55, 0x8A, 0xC7, 0xD0, 0xAE, 0x43, 0xC0, 0x50, 0xFC, 0x69, 0x22, 0x1E, 0x33, 0x4E,
    0xBA, 0xB4, 0x7D, 0x94, 0xB9, 0x95, 0x93, 0x85, 0x3A, 0x9F, 0xF7, 0x03, 0xFD, 0x75, 0x47, 0x43,
    0x4F, 0x47, 0x1F, 0x36, 0xB1, 0x53, 0xD2, 0xDC, 0x4D, 0x9A, 0xFD, 0xBC, 0x1A, 0x5F, 0xF8, 0xA9,
    0xE6, 0x6E, 0xC5, 0xFC, 0x3D, 0xCA, 0x6A, 0xC8, 0x99, 0xB4, 0x49, 0x6B, 0x9E, 0x6E, 0xF9, 0xED,
    0xEA, 0xFE, 0x76, 0x56, 0x77, 0xF7, 0xF6, 0xCB, 0xA4, 0xBB, 0x7D, 0xB4, 0x93, 0xD5, 0xDB, 0x4F,
    0x26, 0xDC, 0x6E, 0x0F, 0x78, 0xB3, 0x99, 0x71, 0xBF, 0x9D, 0x68, 0x8E, 0x9E, 0xEC, 0x65, 0x55,
    0x73, 0x94, 0x2F, 0xD3, 0x6A, 0x9F, 0x2D, 0x03, 0x0E, 0x64, 0x4F, 0xAE, 0xB5, 0x9C, 0x7C, 0x04,
    0xC8, 0x16, 0x06, 0x3B, 0xAE, 0x6C, 0xDB, 0xFA, 0x5D, 0xFB, 0xF7, 0xDC, 0x7F, 0x64, 0x7C, 0xEC,
    0xEA, 0x97, 0x2A, 0xF8, 0xDB, 0x3A, 0xFB, 0x87, 0x6A, 0xF4, 0x7B, 0x26, 0x33, 0xA3, 0x07, 0x8A,
    0x1B, 0xD2, 0xAB, 0x70, 0x12, 0xFA, 0x79, 0xE8, 0xE9, 0x24, 0xAD, 0xA4, 0x9D, 0x5F, 0x84, 0x0B,
    0x20, 0x99, 0x2F, 0x18, 0xBD, 0x3F, 0xE7, 0x5C, 0xDE, 0xA4, 0xAD, 0xA4, 0x2F, 0x1E, 0x86, 0xE6,
    0x6C, 0x70, 0xCD, 0xE9, 0xC1, 0x64, 0xCB, 0xFD, 0x83, 0xFD, 0x81, 0xA3, 0xC9, 0xE9, 0xF5, 0xA4,
    0x3D, 0x38, 0x2D, 0x43, 0x75, 0xD0, 0x6D, 0xDF, 0x73, 0xD4, 0xDF, 0xBB, 0xEE, 0xF4, 0x74, 0x7F,
    0xF0, 0x2B, 0xED, 0xEF, 0xAF, 0x8B, 0xB7, 0xEB, 0x09, 0xA5, 0x11, 0xCF, 0xE4, 0xEF, 0xFF, 0x5A,
    0xCB, 0x7C, 0x8D, 0x04, 0x27, 0xED, 0x49, 0x73, 0xEB, 0x57, 0xFF, 0x6E, 0x66, 0x87, 0x09, 0x07,
    0x71, 0xD9, 0xB7, 0xD6, 0xB5, 0x53, 0x7A, 0x3A, 0x18, 0xAF, 0x4D, 0x2F, 0xA4, 0x6B, 0x5B, 0x59,
    0x7D, 0x3D, 0xAD, 0x65, 0x95, 0x1B, 0x9C, 0x29, 0x2A, 0xFB, 0x49, 0x5C, 0xB6, 0x70, 0x21, 0x0F,
    0x8D, 0xAC, 0xB2, 0xCD, 0xA9, 0x64, 0x4D, 0x56, 0x89, 0xCE, 0xEA, 0xD1, 0xD0, 0x68, 0xE1, 0xCA,
    0xCE, 0xBE, 0x32, 0x59, 0x3F, 0xD7, 0x45, 0xF2, 0x8F, 0x26, 0xE9, 0xBF, 0x3E, 0xD7, 0xCA, 0x24,
    0x5B, 0x99, 0x65, 0xC7, 0xCE, 0xF2, 0x03, 0x7D, 0x31, 0xC9, 0xFA, 0x62, 0x1A, 0xD6, 0xE5, 0x68,
    0xF1, 0xAD, 0x1B, 0xB8, 0x73, 0xA9, 0x1D, 0x4C, 0x70, 0x80, 0x24, 0x84, 0xA6, 0x78, 0xAE, 0xF1,
    0x73, 0x4D, 0x43, 0xA8, 0x4E, 0x42, 0x30, 0x0F, 0x41, 0xFC, 0x3A, 0x0D, 0x41, 0x19, 0x62, 0xF2,
    0xAF, 0x93, 0xEF, 0x50, 0x1C, 0x70, 0x63, 0x7F, 0xA3, 0xC1, 0x11, 0xDB, 0xA7, 0xEC, 0x74, 0x1B,
    0x1D, 0xB4, 0x0E, 0x1F, 0x1F, 0xBF, 0x61, 0xC7, 0xBE, 0xB2, 0x49, 0xEB, 0xAC, 0xCA, 0xE4, 0xE2,
    0x56, 0x0E, 0x5C, 0x17, 0xAA, 0x6B, 0x4F, 0xED, 0x1E, 0x3B, 0xBA, 0xEE, 0xE9, 0x75, 0x4F, 0xB6,
    0x9D, 0x3E, 0x32, 0x6E, 0x7D, 0xFE, 0x4B, 0xF0, 0xE6, 0x7D, 0x71, 0xE3, 0x0E, 0x95, 0xBF, 0xE1,
    0xF1, 0xB9, 0xD3, 0xCE, 0x1F, 0x54, 0x50, 0x36, 0xA4, 0xF5, 0x46, 0x59, 0x45, 0x86, 0x1C, 0x5B,
    0x18, 0xD8, 0x77, 0x5D, 0xB7, 0x33, 0xFF, 0x6A, 0xF3, 0x4C, 0xFE, 0xD6, 0xD2, 0x8D, 0x7C, 0xDF,
    0xCE, 0xF6, 0x7D, 0x47, 0x8F, 0xEE, 0x6B, 0xDB, 0xA3, 0xEC, 0x6B, 0x61, 0x95, 0xD3, 0x0D, 0x68,
    0x6F, 0x2B, 0x96, 0x3F, 0x5C, 0xBF, 0x0F, 0x96, 0xF3, 0xAF, 0xFE, 0xE7, 0x1D, 0xD9, 0xD1, 0x96,
    0x1B, 0x37, 0xE3, 0xB5, 0x6C, 0x3B, 0x72, 0xA6, 0x2D, 0xEA, 0xAC, 0x79, 0x2C, 0x4F, 0xDA, 0x2B,
    0x83, 0xB4, 0x7E, 0xF3, 0x76, 0x16, 0x16, 0x90, 0x87, 0x96, 0xAC, 0xE6, 0x0E, 0x4E, 0x49, 0xD6,
    0xC8, 0x62, 0xC0, 0x13, 0xB2, 0x33, 0x8F, 0x8A, 0x6E, 0x67, 0xFC, 0xFD, 0x38, 0x5F, 0xBA, 0x34,
    0xF8, 0x9F, 0xF9, 0x8E, 0xFC, 0xD3, 0x66, 0xBE, 0x62, 0x33, 0x5F, 0x73, 0x5B, 0xB1, 0x00, 0xCE,
    0xB0, 0x44, 0x0F, 0xF8, 0x32, 0xFA, 0x8D, 0xB2, 0x96, 0x51, 0xCD, 0xB7, 0xC8, 0x3A, 0xCA, 0x8A,
    0x43, 0xD7, 0x4C, 0x94, 0xA2, 0x0E, 0xED, 0x19, 0x87, 0x95, 0x6B, 0xE1, 0x09, 0x9C, 0x82, 0xFB,
    0x30, 0x5D, 0x8A, 0x5C, 0x41, 0x1E, 0xA9, 0x3C, 0x84, 0xBD, 0x3D, 0x38, 0x1E, 0x41, 0x5F, 0x22,
    0xED, 0x22, 0xB3, 0xA6, 0xA8, 0x62, 0xFB, 0xBC, 0x26, 0xFE, 0x52, 0x30, 0x8D, 0xB4, 0x90, 0xB5,
    0x92, 0x4E, 0xDA, 0xC9, 0x1A, 0x49, 0x6F, 0xBE, 0x34, 0x0A, 0xC2, 0xD2, 0x38, 0xC0, 0xAD, 0x1F,
    0x24, 0xEA, 0x7E, 0x24, 0xB9, 0x0F, 0xBE, 0xFE, 0x8D, 0x98, 0x2B, 0xFD, 0x3F, 0x73, 0xCF, 0x20,
    0xFD, 0xC5, 0xD7, 0x97, 0x98, 0x7D, 0xA7, 0xC6, 0xE0, 0x9B, 0x15, 0x3E, 0xB7, 0xF7, 0xFA, 0x56,
    0x38, 0xF9, 0x02, 0xA4, 0x7F, 0xF4, 0xFA, 0x12, 0xDD, 0x04, 0x7F, 0x0E, 0xC9, 0x2F, 0x80, 0xBF,
    0x7C, 0x5D, 0xE9, 0x31, 0xA5, 0x08, 0x1B, 0xF7, 0x6A, 0xF3, 0x4D, 0xCC, 0x3A, 0x93, 0xD5, 0x62,
    0x5C, 0x2F, 0xAB, 0xC4, 0xC4, 0xDE, 0x65, 0x68, 0x6F, 0x93, 0x9B, 0x74, 0x36, 0xD1, 0x69, 0x08,
    0xBD, 0x98, 0xFE, 0xF3, 0x21, 0x74, 0xE2, 0x00, 0x5F, 0x6B, 0x60, 0x14, 0xC2, 0xDB, 0x0D, 0xE2,
    0x18, 0xEF, 0xD4, 0xB0, 0x90, 0xBD, 0x5B, 0x21, 0x0E, 0xF3, 0x5D, 0x1E, 0x89, 0xF3, 0x04, 0x1E,
    0x79, 0xF8, 0x1F, 0x8A, 0xF0, 0xE1, 0xD7, 0xFB, 0xCD, 0x54, 0xB1, 0xA1, 0x34, 0x74, 0x8C, 0xC3,
    0x5A, 0x72, 0x61, 0x24, 0x6B, 0x15, 0x55, 0x59, 0x29, 0x0D, 0xD9, 0x32, 0x81, 0x63, 0x38, 0x87,
    0x33, 0x2E, 0x71, 0x0E, 0xC7, 0xF0, 0x80, 0x63, 0xA3, 0x3A, 0xED, 0x15, 0x21, 0x34, 0xCC, 0x3F,
    0xC2, 0x10, 0x0E, 0xE0, 0x26, 0x18, 0xC0, 0x16, 0x69, 0xCC, 0x8C, 0xE8, 0xED, 0xD2, 0x99, 0xD0,
    0x46, 0xD8, 0x60, 0x06, 0xF3, 0xB0, 0x22, 0x84, 0x25, 0x3D, 0x1B, 0x24, 0x1D, 0xD2, 0x16, 0x59,
    0xE3, 0xCE, 0x06, 0x0F, 0x3F, 0xFC, 0xFA, 0x33, 0x21, 0x44, 0xB3, 0xE4, 0xB2, 0x3D, 0xDB, 0xAF,
    0x2C, 0xA3, 0x84, 0xDF, 0xAC, 0x5F, 0x55, 0xFB, 0xBB, 0x15, 0x7E, 0xF2, 0x55, 0xB5, 0x1F, 0xB0,
    0x25, 0x8D, 0x8D, 0x63, 0x5B, 0x13, 0x97, 0xE7, 0x8C, 0x33, 0xFA, 0xCB, 0x33, 0xE9, 0x62, 0x8B,
    0xAC, 0x89, 0xE7, 0x7C, 0x25, 0x16, 0x26, 0x14, 0x6C, 0x7F, 0xA6, 0xDA, 0x32, 0xAE, 0xD7, 0x67,
    0x29, 0xBC, 0x5B, 0xF9, 0x89, 0xCF, 0x52, 0x98, 0x86, 0xB0, 0xAE, 0x22, 0x43, 0xCF, 0xAE, 0x74,
    0xC5, 0x84, 0xAF, 0x88, 0x1C, 0x8B, 0x2C, 0x99, 0x45, 0x7E, 0xFE, 0x51, 0xE4, 0xF4, 0x34, 0xF2,
    0x56, 0xCF, 0x50, 0x12, 0x4B, 0x62, 0x4F, 0x93, 0xD8, 0xD6, 0x42, 0xEC, 0xDC, 0x45, 0x8E, 0x6B,
    0xBF, 0xF3, 0xE1, 0x37, 0x2E, 0x08, 0x21, 0x3C, 0x81, 0xFC, 0xED, 0x0A, 0x83, 0x39, 0x5C, 0xB9,
    0x45, 0x1A, 0x24, 0x61, 0x99, 0x86, 0x3A, 0x09, 0x0B, 0xE3, 0xD6, 0x88, 0x69, 0x6F, 0xC8, 0x64,
    0x21, 0xCE, 0x7F, 0x2C, 0x0E, 0x7F, 0x18, 0x79, 0x36, 0x72, 0x4C, 0x5F, 0xD6, 0xE7, 0xF4, 0x79,
    0x73, 0x26, 0xE9, 0xB3, 0x2E, 0x5E, 0x8B, 0xBE, 0x8F, 0xB9, 0x7F, 0xDD, 0xC7, 0xC4, 0xE9, 0x26,
    0xB7, 0x35, 0x5F, 0x29, 0x1B, 0x61, 0x25, 0x6F, 0x50, 0x40, 0x56, 0x91, 0xCC, 0x97, 0x8C, 0x42,
    0xA8, 0xAD, 0x15, 0x5D, 0xD6, 0x5F, 0xDE, 0x3F, 0x2F, 0x4B, 0xCC, 0x76, 0x71, 0x3C, 0xC1, 0x6C,
    0xE6, 0x12, 0x67, 0x11, 0xFD, 0x8C, 0xB4, 0x9B, 0x90, 0x37, 0x53, 0xC6, 0xCA, 0x36, 0x59, 0xC9,
    0x43, 0xE8, 0x38, 0x59, 0x43, 0x56, 0x23, 0x87, 0x1B, 0x3E, 0x99, 0x71, 0xB1, 0xC9, 0x48, 0x7E,
    0x14, 0x19, 0xB1, 0x85, 0x37, 0xDB, 0x57, 0x75, 0x09, 0x87, 0x3B, 0xF8, 0xC6, 0x23, 0x7C, 0xBB,
    0x23, 0x09, 0xAF, 0x22, 0xE3, 0x4A, 0x85, 0x7B, 0xED, 0xAB, 0x5A, 0x21, 0x65, 0xA9, 0xBC, 0x90,
    0x2D, 0x14, 0x0B, 0x0F, 0x9E, 0x39, 0xB8, 0xC7, 0x27, 0x5F, 0x59, 0xC5, 0xC3, 0x75, 0x59, 0xC7,
    0xA2, 0x35, 0xD3, 0x2A, 0x5B, 0xB1, 0xF2, 0x9C, 0x69, 0x67, 0xF4, 0x15, 0x59, 0xE3, 0xF1, 0x50,
    0x51, 0x25, 0x8B, 0x91, 0x52, 0xDE, 0x0C, 0x0D, 0x8D, 0x44, 0x3E, 0xB3, 0x6B, 0x98, 0xF6, 0x26,
    0x86, 0x45, 0xE3, 0x5C, 0x39, 0x96, 0xF4, 0xCA, 0x95, 0xA2, 0x91, 0x2F, 0x9C, 0x50, 0x86, 0xB0,
    0xE4, 0xC1, 0x28, 0xD4, 0xCC, 0x7C, 0xF2, 0xB5, 0x03, 0xAE, 0x63, 0xBE, 0x32, 0x0E, 0x97, 0x2C,
    0x2A, 0x69, 0xAB, 0x14, 0x43, 0x3F, 0xC9, 0x21, 0x79, 0x6D, 0x57, 0x34, 0x4C, 0x28, 0xFD, 0x80,
    0x43, 0x91, 0x87, 0x22, 0x8F, 0x79, 0xC0, 0x82, 0xD1, 0x93, 0xA2, 0xA5, 0x08, 0xA1, 0x22, 0x99,
    0xBF, 0x07, 0x6E, 0x80, 0x6D, 0x70, 0xF0, 0x1A, 0x73, 0xF7, 0xC0, 0x9F, 0xBE, 0xC6, 0xC4, 0xFF,
    0x07, 0xFE, 0xA2, 0x7A, 0x7D, 0x89, 0x37, 0xE1, 0x14, 0x49, 0xF3, 0x29, 0xCF, 0xE3, 0x5D, 0x51,
    0xD3, 0x8F, 0x70, 0x76, 0x8C, 0xE3, 0x1E, 0xD3, 0x16, 0xA3, 0x1A, 0x25, 0x0C, 0x61, 0x17, 0x26,
    0x2E, 0x71, 0xED, 0x6F, 0x6A, 0xCA, 0xD0, 0x90, 0xB6, 0x64, 0xCD, 0x46, 0xA6, 0x4B, 0xF9, 0x17,
    0x47, 0x55, 0x7C, 0xEA, 0xB8, 0x51, 0x27, 0xCD, 0xA0, 0xD6, 0x5C, 0xAF, 0x34, 0x77, 0xAA, 0xA4,
    0xD9, 0x93, 0x55, 0x3F, 0xAB, 0xF0, 0xD3, 0x8E, 0x65, 0xA1, 0x35, 0xC3, 0xD9, 0xA5, 0x9E, 0x22,
    0x79, 0xAB, 0xCA, 0xBE, 0xDB, 0x67, 0xEB, 0x55, 0xDE, 0x3D, 0x2B, 0xDA, 0x55, 0xF9, 0x5F, 0x8B,
    0x72, 0xDE, 0x95, 0xE3, 0x7A, 0x14, 0xFA, 0xF1, 0xC7, 0xCB, 0x71, 0xB3, 0x9A, 0x56, 0xCF, 0xA6,
    0xD5, 0xF2, 0xE4, 0x9F, 0xFB, 0x79, 0x68, 0xBF, 0x19, 0x2C, 0x6E, 0x72, 0x83, 0x6B, 0x90, 0x84,
    0xBA, 0x08, 0x5D, 0x99, 0xF4, 0xF4, 0xF9, 0x73, 0x7F, 0xE8, 0x8E, 0xD3, 0xB6, 0xCF, 0xDA, 0x3E,
    0x6F, 0x3E, 0x9A, 0xBF, 0x37, 0xFD, 0x93, 0x85, 0x84, 0x82, 0x81, 0x17, 0x3B, 0xAF, 0xF2, 0xFF,
    0x6B, 0x37, 0xAB, 0xFF, 0xE5, 0xDC, 0xFB, 0xB9, 0x6E, 0x16, 0x9D, 0x4D, 0x5F, 0x34, 0xEB, 0x8F,
    0x97, 0xD1, 0x79, 0xBC, 0xEF, 0xDD, 0xDE, 0x5B, 0xD5, 0x8B, 0x7B, 0xBE, 0x59, 0xBB, 0x5B, 0xBF,
    0xD8, 0x76, 0x8D, 0xDB, 0xB5, 0x1F, 0xAB, 0xBD, 0xE1, 0x85, 0xE6, 0x68, 0x58, 0x7A, 0xEE, 0x39,
    0x09, 0x9E, 0xDB, 0x16, 0x65, 0x75, 0xC5, 0xF7, 0x9A, 0xA2, 0x4A, 0xD7, 0xDF, 0x0B, 0xA1, 0x1A,
    0x87, 0x0F, 0x42, 0xF0, 0x38, 0x7D, 0xB7, 0xA2, 0xCF, 0xDE, 0xA9, 0xE9, 0x8B, 0x77, 0x9A, 0x3B,
    0xC2, 0xC7, 0xDF, 0x0F, 0x4B, 0xD3, 0xAF, 0x2E, 0xE6, 0x2D, 0xF3, 0x2E, 0x0B, 0xAB, 0xB2, 0x9E,
    0xEC, 0xDA, 0xB9, 0xFC, 0x97, 0x2B, 0xF2, 0xD0, 0xF3, 0xB8, 0x36, 0x5F, 0xD3, 0x4B, 0x1B, 0x29,
    0xB6, 0x79, 0x03, 0xCC, 0xEB, 0x3C, 0xF4, 0x65, 0xB5, 0x98, 0x38, 0x9B, 0x86, 0xC5, 0x49, 0xE8,
    0x37, 0x25, 0xC7, 0x49, 0x3B, 0x0E, 0x75, 0x71, 0xC1, 0x55, 0x06, 0xEC, 0xFC, 0x70, 0xCE, 0x9F,
    0xA1, 0xAA, 0x5E, 0xEC, 0xFC, 0xF1, 0xCA, 0x6F, 0xBD, 0xD8, 0x96, 0xD6, 0x49, 0x33, 0xAE, 0xA6,
    0x75, 0x5E, 0x7F, 0xF2, 0x13, 0xA2, 0x71, 0x35, 0x6E, 0xAE, 0x52, 0x25, 0x4D, 0x56, 0x7D, 0xFA,
    0xBB, 0xD9, 0xD3, 0xEB, 0xF7, 0x3F, 0xED, 0xDD, 0x37, 0xEE, 0xBE, 0x71, 0xF7, 0x53, 0x2B, 0x95,
    0x0D, 0x46, 0x2D, 0xD2, 0x87, 0x35, 0xD9, 0x9F, 0x21, 0x6B, 0x90, 0x37, 0x11, 0x35, 0x8A, 0x8A,
    0x93, 0x7F, 0x23, 0x0B, 0x81, 0xB2, 0x1E, 0xB3, 0x67, 0xC8, 0xC4, 0x2E, 0x33, 0x13, 0xCE, 0x22,
    0xCE, 0x3D, 0xE3, 0x71, 0xB2, 0x64, 0x1A, 0xE6, 0x14, 0xCB, 0xAF, 0x80, 0xCB, 0x7B, 0x90, 0xC1,
    0xC7, 0xDC, 0x9E, 0x28, 0xBE, 0xB3, 0x56, 0x86, 0xD0, 0x24, 0x8B, 0xBC, 0x49, 0xBB, 0xAC, 0xD9,
    0x1C, 0x79, 0x1D, 0x1F, 0x54, 0xF2, 0xBA, 0xAC, 0xE2, 0x84, 0x0F, 0xBB, 0xB2, 0x0D, 0x7D, 0xD9,
    0x82, 0x1C, 0x19, 0xE0, 0xA4, 0x93, 0x85, 0x95, 0x38, 0xC1, 0xEE, 0xE5, 0xB3, 0xF7, 0x4C, 0xE9,
    0xDC, 0xD0, 0xCC, 0xA1, 0x43, 0x4B, 0xE3, 0xD0, 0xC9, 0xD7, 0x15, 0x49, 0x45, 0x56, 0x71, 0xE3,
    0x65, 0xEB, 0x30, 0x68, 0xB8, 0x59, 0xBD, 0x5C, 0xDD, 0xE1, 0x3D, 0x3E, 0x38, 0xA5, 0x7E, 0xC9,
    0xBA, 0xDB, 0x4F, 0xB8, 0x55, 0xBF, 0x54, 0x4D, 0x22, 0xAB, 0x12, 0xF3, 0x65, 0x58, 0x52, 0xBA,
    0x0A, 0xB0, 0x2D, 0x5F, 0x2F, 0x4D, 0x43, 0x6F, 0x59, 0xF6, 0x69, 0xFB, 0xA0, 0xCF, 0x9A, 0x45,
    0x9F, 0x7F, 0xAD, 0xED, 0x8B, 0x5F, 0x7E, 0xAB, 0xCB, 0x57, 0x59, 0x93, 0xF5, 0x65, 0x9D, 0x87,
    0xB5, 0xD1, 0x49, 0xE7, 0x00, 0x20, 0xAB, 0x48, 0x6B, 0x30, 0x6D, 0x4E, 0xEA, 0xE7, 0x8A, 0xFB,
    0x20, 0xEE, 0xC3, 0xE6, 0x18, 0x1A, 0xD9, 0x35, 0x34, 0x31, 0xB2, 0x8A, 0x7B, 0x57, 0xE7, 0x17,
    0xE3, 0x8A, 0xCB, 0xBA, 0xFC, 0x25, 0xEB, 0x92, 0x8A, 0xAD, 0x96, 0x5B, 0x37, 0x5F, 0x32, 0x0F,
    0x83, 0x23, 0xAE, 0x7C, 0xF1, 0x25, 0xEB, 0x6E, 0xC1, 0x3E, 0x9C, 0x52, 0x2C, 0xB2, 0xF8, 0x57,
    0x27, 0x0B, 0x95, 0x63, 0x0B, 0x26, 0x49, 0xCF, 0x61, 0xD6, 0xB0, 0x57, 0xD4, 0x0C, 0x4B, 0x94,
    0xBB, 0x11, 0xC7, 0xA2, 0x1B, 0x79, 0x17, 0xD1, 0x20, 0x3A, 0x8C, 0xF0, 0x68, 0x82, 0x93, 0x05,
    0xC6, 0x35, 0x8C, 0x6A, 0xC6, 0x0D, 0x59, 0x43, 0x5E, 0x6F, 0x54, 0x54, 0x94, 0x36, 0x1A, 0xCE,
    0x5B, 0xA3, 0xB0, 0xB0, 0xE7, 0x99, 0x89, 0x43, 0x13, 0xBB, 0x66, 0x76, 0xCC, 0x4C, 0x9C, 0x3B,
    0xB7, 0x4A, 0x7B, 0x21, 0x34, 0xFE, 0x7D, 0x6D, 0x84, 0x3D, 0xEC, 0x62, 0x72, 0xA9, 0x5B, 0x00,
    0x92, 0xBF, 0x87, 0x2F, 0xBC, 0xA2, 0xEB, 0xF8, 0x6F, 0xBD, 0xD9, 0x01, 0xA4, 0x64, 0x69, 0x7E,
    0xF7, 0xF1, 0xCF, 0x39, 0xE7, 0x76, 0xD7, 0xEC, 0x9C, 0xE9, 0x3E, 0x17, 0xB3, 0xCC, 0xBE, 0x3B,
    0x53, 0xB5, 0xBC, 0x13, 0x36, 0xD2, 0xD5, 0xD5, 0x9B, 0xB4, 0xD5, 0x56, 0xDD, 0xA9, 0xB3, 0x1B,
    0x12, 0x08, 0x1A, 0x96, 0x05, 0x8C, 0x80, 0x48, 0x30, 0x4B, 0x9A, 0xAD, 0x24, 0x77, 0xBA, 0x4E,
    0xB2, 0x12, 0x02, 0x8C, 0x2C, 0x41, 0x40, 0x23, 0x58, 0xBD, 0x64, 0x1B, 0x85, 0x5E, 0xDB, 0x3B,
    0x75, 0x66, 0x21, 0x24, 0x70, 0xB2, 0x10, 0x22, 0xE4, 0xAC, 0x0C, 0x59, 0x2B, 0xCC, 0xD9, 0x55,
    0x6C, 0xCD, 0xA6, 0xEA, 0x3E, 0xE9, 0xF3, 0xCC, 0xDE, 0xEB, 0xF6, 0xE8, 0x71, 0x5D, 0xE9, 0xDB,
    0xF7, 0xD6, 0xF3, 0x05, 0xEA, 0xF9, 0x7F, 0x7F, 0x7F, 0xCF, 0x39, 0xE7, 0x39, 0x4F, 0x91, 0x05,
    0xC8, 0x8E, 0x60, 0xB6, 0x89, 0xDC, 0xC2, 0x20, 0xB2, 0x38, 0x80, 0xEB, 0xD7, 0xE1, 0x70, 0x04,
    0x5D, 0x81, 0xB4, 0xED, 0x99, 0xD5, 0x79, 0x49, 0x51, 0x0E, 0x2A, 0x26, 0x21, 0xD4, 0xCC, 0x22,
    0xD7, 0xB2, 0x46, 0xD2, 0x4A, 0x5B, 0x59, 0x2D, 0xE9, 0xAC, 0x36, 0x46, 0x41, 0xD8, 0x98, 0x04,
    0x66, 0xAD, 0x45, 0x93, 0x84, 0x2A, 0x0F, 0x6D, 0x91, 0x74, 0x74, 0x83, 0xD0, 0x4D, 0x42, 0x7B,
    0x98, 0x36, 0x5D, 0xD6, 0x74, 0x83, 0xFA, 0xC3, 0xD5, 0xFB, 0xB3, 0xBF, 0x59, 0x33, 0xC8, 0x4A,
    0x64, 0xDF, 0x85, 0x74, 0xF3, 0x4C, 0xF4, 0xDE, 0xB8, 0xFF, 0x9D, 0xA8, 0x97, 0x7E, 0xB2, 0x9E,
    0x7B, 0x37, 0xFC, 0x69, 0x6B, 0x52, 0x7D, 0xCC, 0xF0, 0xFA, 0x57, 0xDA, 0x79, 0x6F, 0x58, 0x77,
    0x79, 0x7D, 0xF4, 0x3F, 0x9B, 0x68, 0xF8, 0x5C, 0xDA, 0x85, 0x97, 0x4E, 0x71, 0x0A, 0x38, 0xBB,
    0x81, 0xDE, 0xE4, 0x06, 0x2D, 0xB8, 0x02, 0xD7, 0xE0, 0x26, 0xD2, 0xD0, 0xF6, 0x0A, 0x47, 0x92,
    0x9D, 0x91, 0xAC, 0x91, 0x97, 0x45, 0xA9, 0x30, 0xE4, 0x45, 0x53, 0x38, 0x84, 0x87, 0xB0, 0x3C,
    0xC1, 0x43, 0x38, 0x84, 0x37, 0x38, 0x34, 0xAA, 0xD2, 0x4E, 0x1E, 0x13, 0xAC, 0x3E, 0x44, 0x42,
    0x1E, 0x2D, 0x57, 0x6D, 0x16, 0xB6, 0x45, 0x35, 0x1D, 0xBB, 0x36, 0x65, 0xCE, 0x32, 0xF2, 0xC0,
    0x63, 0xCB, 0x66, 0x70, 0x84, 0x29, 0x7C, 0x13, 0x5C, 0x94, 0x4D, 0xC1, 0x17, 0x2B, 0xB7, 0xCB,
    0xB3, 0x6D, 0x38, 0xE9, 0xCD, 0xCB, 0x17, 0x65, 0x83, 0x17, 0xB9, 0xE4, 0x6C, 0x1B, 0x5F, 0x86,
    0x3F, 0x84, 0x5B, 0x17, 0xDA, 0xA0, 0xD7, 0x6B, 0x05, 0x7B, 0x67, 0x2B, 0x91, 0x7D, 0x1E, 0x92,
    0x16, 0x94, 0xA4, 0x21, 0x1C, 0x95, 0x3D, 0x43, 0xC7, 0x58, 0xBA, 0x65, 0xCA, 0x1B, 0x91, 0x13,
    0x0E, 0x29, 0x98, 0x47, 0x2E, 0x23, 0xBB, 0x63, 0x0E, 0x25, 0x1D, 0x07, 0x71, 0xAE, 0x43, 0x69,
    0xC3, 0x5A, 0x56, 0xCB, 0xDA, 0x9E, 0x93, 0xCA, 0x2A, 0x84, 0x1D, 0x21, 0x84, 0x77, 0xA0, 0xA8,
    0x31, 0x6A, 0x90, 0xF6, 0xC8, 0xEA, 0x9A, 0xEC, 0xBD, 0x9A, 0xC1, 0x0F, 0x2B, 0x06, 0xDF, 0x2C,
    0xC9, 0x7F, 0x9B, 0xC5, 0x7F, 0x90, 0x85, 0x40, 0x51, 0x4D, 0xB8, 0x6E, 0xC8, 0xD4, 0x98, 0xB9,
    0x29, 0xCB, 0x1E, 0x0F, 0x3D, 0xE2, 0xED, 0x64, 0xC3, 0x2C, 0xAC, 0xC8, 0x37, 0x77, 0xC1, 0x27,
    0x25, 0xB9, 0x1B, 0x39, 0xE9, 0x79, 0x92, 0xE4, 0xD3, 0x77, 0x7A, 0xCE, 0x1E, 0xF4, 0x7C, 0xF9,
    0x24, 0xC9, 0x38, 0x26, 0x99, 0x3E, 0x25, 0xC9, 0x1F, 0xFD, 0xF4, 0x3B, 0x4F, 0x4F, 0xF2, 0x56,
    0x45, 0xF6, 0x77, 0x31, 0x0E, 0x06, 0x11, 0x15, 0xF2, 0xF2, 0xFF, 0x94, 0x84, 0x45, 0x83, 0x55,
    0x2D, 0xA6, 0x89, 0x30, 0xA6, 0x35, 0xA5, 0xE9, 0x41, 0xC4, 0x1C, 0x56, 0x61, 0x4B, 0x08, 0x1B,
    0x3A, 0x44, 0x24, 0xAD, 0x93, 0x3E, 0x7B, 0x4D, 0xC4, 0x5B, 0x3F, 0xBD, 0xFF, 0xA8, 0xCF, 0xB0,
    0x8D, 0x13, 0x87, 0xDA, 0xAA, 0x1A, 0x84, 0xAE, 0x28, 0xD7, 0x53, 0xCB, 0x59, 0x58, 0x2F, 0x42,
    0xB7, 0x64, 0xCE, 0x61, 0xD2, 0x4C, 0x42, 0x95, 0xEF, 0x50, 0xEE, 0xA3, 0xBD, 0x17, 0x55, 0x30,
    0x2B, 0x2F, 0xC4, 0x27, 0xD6, 0x69, 0x1A, 0xA1, 0xB6, 0xE0, 0x6C, 0x2B, 0x70, 0x15, 0x5E, 0x70,
    0x41, 0x42, 0xB8, 0xC2, 0x0B, 0x67, 0xDB, 0x5C, 0x54, 0xF9, 0x1B, 0x27, 0xE8, 0xC0, 0x59, 0x26,
    0x47, 0xA4, 0xA5, 0xA4, 0x32, 0x28, 0xC1, 0x17, 0x2A, 0x5C, 0x85, 0x3D, 0x17, 0x24, 0xF9, 0x9B,
    0x95, 0x21, 0x7B, 0x67, 0xF7, 0x88, 0x29, 0x92, 0xBF, 0x02, 0xB8, 0x1C, 0x5A, 0x16, 0x61, 0x27,
    0xD9, 0x98, 0x18, 0x34, 0x0A, 0x05, 0x85, 0x03, 0x2E, 0x99, 0xC2, 0x43, 0x58, 0x9B, 0x05, 0x9D,
    0xD9, 0x91, 0x8E, 0xEB, 0xD6, 0x8C, 0x3D, 0x62, 0xEA, 0x6D, 0x1E, 0x9A, 0xFC, 0xEA, 0x0E, 0x58,
    0x49, 0x56, 0x1B, 0xF8, 0x3C, 0xFE, 0x9D, 0xE4, 0x77, 0x18, 0xEC, 0xDE, 0x36, 0x0B, 0x3B, 0x0F,
    0x07, 0xB5, 0x36, 0xAB, 0xD3, 0xA6, 0x1F, 0x83, 0x2A, 0xE9, 0x46, 0xD2, 0xB0, 0x93, 0xBF, 0xD5,
    0x2A, 0x90, 0x87, 0x0F, 0xE5, 0xAB, 0x50, 0x8D, 0xE5, 0xF5, 0x5C, 0xD6, 0x2C, 0x65, 0xF5, 0x23,
    0xA3, 0x6A, 0x16, 0x8E, 0xE4, 0xA1, 0x25, 0x51, 0x92, 0xFD, 0x45, 0x45, 0x1A, 0x60, 0x77, 0x61,
    0xF2, 0xC8, 0xBE, 0x52, 0xC9, 0x3E, 0xC0, 0xEE, 0xD9, 0x05, 0x00, 0x6E, 0xC1, 0xE7, 0x2E, 0xD2,
    0xDD, 0xCD, 0x58, 0xE1, 0x19, 0x79, 0x5F, 0x90, 0xE8, 0xF8, 0xA4, 0x17, 0xB7, 0x79, 0x76, 0xAE,
    0xD7, 0x70, 0x07, 0xF7, 0xC0, 0x03, 0x48, 0xBF, 0x06, 0x49, 0xBC, 0xF2, 0xBA, 0x24, 0x6C, 0x22,
    0xD7, 0xC6, 0x8C, 0x98, 0x32, 0x8C, 0x1C, 0x47, 0x4E, 0x99, 0x47, 0xAE, 0xE2, 0x45, 0xF5, 0xCB,
    0xFB, 0xF7, 0x37, 0x74, 0x2C, 0x23, 0x3B, 0x49, 0xDB, 0x33, 0xEE, 0x71, 0x65, 0xB5, 0xF4, 0x23,
    0x36, 0x56, 0x5B, 0x8B, 0x9D, 0xB0, 0xB5, 0xDA, 0x21, 0x2F, 0x79, 0xA5, 0x66, 0xBF, 0x74, 0x17,
    0x2B, 0x14, 0x18, 0x61, 0x88, 0x31, 0xA6, 0xC4, 0x71, 0xB8, 0xAA, 0x2C, 0x42, 0xEB, 0x07, 0x69,
    0x67, 0x9D, 0xB4, 0xBA, 0xA4, 0x4D, 0xBA, 0xB4, 0x49, 0x7E, 0xD5, 0x83, 0xFE, 0x7F, 0xB2, 0x19,
    0x74, 0xB3, 0x4D, 0xD6, 0xF1, 0xB4, 0x04, 0x97, 0xFF, 0xF2, 0xFE, 0xB7, 0x87, 0x2E, 0xFF, 0xED,
    0xFD, 0x6F, 0x3F, 0xBB, 0x04, 0x1F, 0xB7, 0xCE, 0x7E, 0x4C, 0xF2, 0xB5, 0x53, 0xD6, 0x7F, 0x72,
    0x96, 0xF5, 0xA0, 0xFE, 0x8D, 0x9F, 0x0C, 0xDA, 0x63, 0x6B, 0x2F, 0xBF, 0xEC, 0x07, 0x37, 0xFC,
    0x73, 0xEB, 0xCB, 0x65, 0x1A, 0xD6, 0x8F, 0xF5, 0x0D, 0x39, 0xED, 0x3B, 0x7F, 0x42, 0x30, 0x6D,
    0x7B, 0xA3, 0xAC, 0xEE, 0x8D, 0x56, 0x5B, 0xC5, 0xEF, 0xFA, 0xF5, 0xFF, 0xB6, 0xBF, 0x6F, 0x54,
    0x99, 0xD4, 0xB2, 0xDA, 0xA0, 0x92, 0x57, 0xF2, 0x52, 0x41, 0xC1, 0x88, 0x51, 0x65, 0x54, 0x4B,
    0xB0, 0x68, 0xAC, 0xEA, 0x34, 0x74, 0x7D, 0x95, 0x93, 0x12, 0xD3, 0x93, 0x12, 0xA7, 0xAA, 0xC4,
    0x12, 0x59, 0xDD, 0x97, 0x08, 0x5B, 0x2F, 0xFE, 0xFD, 0x68, 0x3D, 0x2B, 0x67, 0xD5, 0xA0, 0xCA,
    0xCB, 0x42, 0xFF, 0x3F, 0x34, 0x36, 0xAB, 0x46, 0x15, 0xCA, 0x7D, 0xF7, 0xEE, 0x59, 0x35, 0x66,
    0xE5, 0xB9, 0xA6, 0x7E, 0xEB, 0x27, 0xC2, 0xD6, 0x8D, 0x9B, 0x5F, 0xEA, 0x46, 0xF5, 0xBB, 0x82,
    0x38, 0xA9, 0x03, 0x53, 0x53, 0x73, 0x77, 0x2D, 0xEC, 0x39, 0xBF, 0xAB, 0xCB, 0x64, 0x14, 0x20,
    0xAB, 0xF3, 0x3A, 0xC1, 0x69, 0xF7, 0xD1, 0x89, 0xFB, 0x0D, 0xAF, 0x5B, 0x02, 0x5E, 0xE4, 0x53,
    0xCE, 0x5F, 0xCD, 0xE4, 0xE3, 0x5D, 0x31, 0x29, 0x27, 0xF5, 0xA5, 0x7E, 0xAA, 0x51, 0xD8, 0x7E,
    0x44, 0x63, 0x62, 0x2A, 0xE6, 0x91, 0xCB, 0xC8, 0xCE, 0x3C, 0x72, 0x19, 0xD9, 0x91, 0xB4, 0x3D,
    0xD3, 0x46, 0xF7, 0x8A, 0xAC, 0x4E, 0xDA, 0xA9, 0x7E, 0xC9, 0xDC, 0x32, 0xA8, 0xB2, 0x7A, 0xAA,
    0x90, 0xD5, 0x07, 0xEE, 0x5A, 0x6D, 0x47, 0x61, 0x23, 0x6C, 0x07, 0xA1, 0x92, 0xD5, 0xC3, 0xBC,
    0x9E, 0x24, 0xF6, 0x62, 0xC6, 0x30, 0xAB, 0x8E, 0x06, 0xD5, 0x38, 0x2F, 0xC7, 0x85, 0x69, 0xFC,
    0xCC, 0x87, 0xE6, 0x63, 0xCB, 0x59, 0xD5, 0x4D, 0xEA, 0x4E, 0x72, 0x2A, 0xC0, 0x07, 0x95, 0x23,
    0x74, 0x64, 0xAF, 0x02, 0x93, 0x3E, 0x4D, 0xD8, 0x60, 0x89, 0x07, 0xE8, 0x10, 0xB5, 0xA2, 0x94,
    0xB4, 0x26, 0xAB, 0x5F, 0x97, 0xD5, 0x73, 0x83, 0x6A, 0xA9, 0xB0, 0x34, 0x72, 0xE8, 0xD0, 0x2C,
    0xAC, 0xE5, 0xA1, 0x64, 0xCC, 0xB7, 0x98, 0xD5, 0x66, 0xA7, 0x56, 0x60, 0xC1, 0xD0, 0x53, 0x9A,
    0xBA, 0xA6, 0xF3, 0x67, 0x8D, 0x45, 0xD9, 0x77, 0x6B, 0xB1, 0xEB, 0xB1, 0x35, 0x36, 0x61, 0x6A,
    0xCB, 0x34, 0x6B, 0x99, 0x8E, 0x4A, 0xE6, 0x8F, 0xF0, 0xFD, 0x0F, 0x11, 0x42, 0xC9, 0x2E, 0xAF,
    0x25, 0x5D, 0xF6, 0x18, 0x6D, 0xDA, 0x48, 0x9B, 0x98, 0x28, 0x22, 0xF9, 0x71, 0xB3, 0xDA, 0x0A,
    0x75, 0xD8, 0x7A, 0x57, 0x14, 0x97, 0x55, 0x48, 0x60, 0x4B, 0xB2, 0x3B, 0x7D, 0x7B, 0xC1, 0x1C,
    0xCB, 0xE3, 0xA8, 0xA1, 0xF5, 0xB3, 0xD0, 0x24, 0xED, 0x5A, 0xFA, 0xAF, 0x8D, 0xEC, 0x83, 0x5A,
    0x16, 0x3A, 0x59, 0xDB, 0xC5, 0xB8, 0x79, 0x79, 0xA7, 0x5C, 0x75, 0xB3, 0x26, 0x74, 0x93, 0xD2,
    0x10, 0x53, 0xEC, 0x43, 0x56, 0x22, 0x87, 0x2B, 0xFA, 0x28, 0x44, 0x18, 0xC3, 0xF4, 0x49, 0xCC,
    0x61, 0x09, 0x1D, 0x9F, 0xB4, 0x83, 0x29, 0x7A, 0x5C, 0xED, 0x77, 0x30, 0xFF, 0x20, 0x84, 0xB0,
    0xE3, 0x65, 0x37, 0x3D, 0x18, 0xB4, 0x79, 0xA7, 0x4B, 0xBA, 0xA4, 0x3D, 0xBE, 0x91, 0x3C, 0xB9,
    0xA6, 0xA7, 0xDE, 0x28, 0x67, 0xD5, 0xDE, 0x05, 0x29, 0x64, 0x15, 0x0A, 0xD8, 0x43, 0xB2, 0x49,
    0xB7, 0xA6, 0x0E, 0xCD, 0x2D, 0x3D, 0x61, 0x95, 0x1D, 0x5B, 0xBD, 0x53, 0xB4, 0x79, 0x39, 0x76,
    0x13, 0xAF, 0xD7, 0x4E, 0xBE, 0x7B, 0x31, 0x7A, 0x83, 0x56, 0xFE, 0xAB, 0x4B, 0xF4, 0xCD, 0xA4,
    0x7D, 0x27, 0x6D, 0xEA, 0xEC, 0xBD, 0x3A, 0xFB, 0x61, 0x35, 0xA8, 0x0D, 0x9E, 0xBC, 0x1B, 0x9E,
    0xAC, 0xC5, 0x37, 0x4A, 0xB3, 0xEA, 0xBC, 0x42, 0x2F, 0xF4, 0xB8, 0x76, 0x2E, 0xA1, 0x27, 0x6F,
    0x1B, 0xC7, 0x42, 0x55, 0x91, 0xD6, 0xE7, 0x17, 0xBA, 0x5B, 0x62, 0x51, 0x61, 0x87, 0x74, 0x8D,
    0xA2, 0xC3, 0xF5, 0x4F, 0x12, 0xFA, 0xEE, 0x89, 0x90, 0xBB, 0xAC, 0x28, 0x18, 0x9E, 0xAE, 0xC9,
    0x5D, 0xB6, 0xB2, 0xB5, 0xA2, 0x73, 0xEB, 0x63, 0xBA, 0xEF, 0xCB, 0x36, 0x94, 0xB0, 0x0F, 0x1E,
    0x80, 0x86, 0x34, 0x88, 0x0F, 0xDB, 0x2A, 0x09, 0x6B, 0x93, 0xC6, 0x88, 0x59, 0x67, 0xC8, 0x74,
    0x1D, 0x67, 0x3E, 0x34, 0x65, 0x7E, 0xD0, 0x73, 0x39, 0x72, 0x48, 0x57, 0x54, 0x0F, 0xE9, 0x06,
    0xF5, 0x52, 0xD2, 0x65, 0x6D, 0xAC, 0xD2, 0xC5, 0x87, 0xED, 0xF7, 0x3A, 0x59, 0x6D, 0xD6, 0xF6,
    0x9C, 0xC4, 0x87, 0x6D, 0x51, 0x0B, 0x5B, 0x83, 0x1A, 0xFB, 0xC4, 0xA2, 0xB5, 0xFC, 0x47, 0x47,
    0x8A, 0x10, 0xEA, 0x64, 0x3D, 0xA8, 0xD3, 0x36, 0xAB, 0x8F, 0xD7, 0x5A, 0x7F, 0xBC, 0x35, 0xA8,
    0x8A, 0x32, 0x2F, 0x0B, 0x6F, 0xB5, 0x45, 0x13, 0xBA, 0xA2, 0xE1, 0xF9, 0x19, 0xDE, 0x02, 0x1D,
    0x28, 0x39, 0x9F, 0xE7, 0x8B, 0x18, 0xE3, 0x26, 0xA4, 0xBF, 0x77, 0x7A, 0xAA, 0xE7, 0x96, 0x20,
    0xD9, 0x23, 0x79, 0x1F, 0xE5, 0xB9, 0x7B, 0x7C, 0x09, 0x33, 0xE2, 0x78, 0x0D, 0xB7, 0xF0, 0x39,
    0x4F, 0xF9, 0xBB, 0x3B, 0x5A, 0xC7, 0xF7, 0xB6, 0xA2, 0x3A, 0x30, 0x32, 0x36, 0x34, 0x35, 0x36,
    0x35, 0xD5, 0x87, 0x98, 0x9B, 0x5B, 0x5E, 0x3E, 0x2A, 0x8F, 0xF2, 0x60, 0xC5, 0x73, 0x4B, 0x8E,
    0x57, 0xC1, 0xB5, 0x53, 0xBC, 0x05, 0x6E, 0x42, 0xD2, 0x44, 0x76, 0xE7, 0xED, 0x4B, 0x43, 0x52,
    0x8B, 0x23, 0xAD, 0xC9, 0x2A, 0xAE, 0x20, 0x2F, 0xF9, 0xF4, 0x6D, 0x31, 0x8B, 0x5E, 0x49, 0xDC,
    0xEE, 0x8F, 0x42, 0xA8, 0xEC, 0xE4, 0x6D, 0xD6, 0x49, 0xBA, 0xBC, 0x62, 0x53, 0x60, 0x3E, 0xC6,
    0xE1, 0x14, 0xF3, 0xF9, 0x31, 0x96, 0x3D, 0xBA, 0x39, 0x69, 0x3B, 0x65, 0x50, 0xCF, 0x98, 0x28,
    0x9A, 0x64, 0x6B, 0x10, 0x42, 0xCB, 0xE2, 0x48, 0x9C, 0x3D, 0x4E, 0xBE, 0x68, 0x65, 0xB1, 0xE5,
    0x13, 0x63, 0x85, 0xA9, 0xC2, 0x5C, 0xE1, 0xA1, 0xA1, 0xB9, 0x03, 0x07, 0x36, 0x26, 0xA1, 0x35,
    0x38, 0x2A, 0xB1, 0xBF, 0x8F, 0x1B, 0x77, 0x8E, 0xE5, 0x46, 0xD5, 0xC5, 0xC8, 0xC5, 0x3A, 0x37,
    0xBE, 0x2E, 0x56, 0x19, 0x55, 0xE7, 0x94, 0xBC, 0x74, 0x1B, 0x57, 0x5A, 0x8C, 0x6B, 0x7C, 0xF1,
    0xA2, 0x24, 0xAF, 0x3E, 0xE0, 0xB5, 0x86, 0x2F, 0x3E, 0x29, 0x78, 0xFD, 0x0C, 0xC1, 0x5E, 0x26,
    0x09, 0xA1, 0x5F, 0xB2, 0x21, 0xFC, 0x79, 0x08, 0xA1, 0x8B, 0x52, 0x23, 0x1E, 0x64, 0xAD, 0xA4,
    0x1B, 0xF2, 0x91, 0xDC, 0x18, 0x51, 0x70, 0x8A, 0x13, 0xC9, 0x28, 0xBA, 0x08, 0x3B, 0x51, 0xB6,
    0xBF, 0x5A, 0xE6, 0x58, 0x2F, 0x11, 0xA5, 0x3B, 0x1C, 0x92, 0x36, 0x1D, 0xA6, 0xE4, 0xEF, 0xB5,
    0xE8, 0x03, 0xA4, 0xAD, 0x22, 0x86, 0x48, 0x1B, 0x57, 0x63, 0x90, 0x45, 0x08, 0xBB, 0x18, 0x26,
    0xBE, 0xE9, 0x58, 0xB4, 0x97, 0x8F, 0x64, 0x61, 0x37, 0x09, 0xD5, 0xE3, 0x20, 0x0F, 0xB3, 0x7A,
    0xAC, 0xE8, 0xE2, 0xA6, 0x32, 0x84, 0x7A, 0x1E, 0xF9, 0xD0, 0xA8, 0x66, 0x6E, 0xD6, 0x70, 0xE0,
    0x97, 0x5D, 0xDE, 0xC7, 0x0A, 0x3B, 0x83, 0x23, 0xB3, 0x16, 0x1A, 0xA4, 0x35, 0xB2, 0x52, 0x3C,
    0xBF, 0x7C, 0x8C, 0xD0, 0x1A, 0x4B, 0xD6, 0xA6, 0x3C, 0x3C, 0x39, 0x2B, 0x5C, 0x9B, 0x4B, 0x3A,
    0x4B, 0x9F, 0xAD, 0x85, 0x10, 0x08, 0xE1, 0x7D, 0x49, 0x9F, 0x3C, 0x69, 0xE3, 0xFB, 0x54, 0x7C,
    0x10, 0xC6, 0x97, 0xAB, 0xA4, 0x6B, 0x57, 0x5B, 0xA1, 0x09, 0x5B, 0xB3, 0x52, 0x52, 0x92, 0xE1,
    0x2A, 0xF9, 0xBF, 0xEC, 0x7A, 0x2B, 0xC9, 0xA6, 0x90, 0xB6, 0xF1, 0x44, 0xE7, 0x64, 0x0C, 0x2A,
    0xF2, 0x52, 0xFF, 0xFE, 0x20, 0x6C, 0x5C, 0x90, 0x8C, 0x36, 0xE6, 0xED, 0xE1, 0x7C, 0x3E, 0x96,
    0x24, 0x8D, 0x18, 0x87, 0xBD, 0x7D, 0x0C, 0xDE, 0x3C, 0x9E, 0xCC, 0x45, 0xF9, 0xBE, 0x7C, 0x9B,
    0xAB, 0x15, 0xC9, 0x39, 0x65, 0x5D, 0xC1, 0x35, 0xDC, 0x24, 0x0F, 0xAD, 0x45, 0xD8, 0x26, 0x6B,
    0x07, 0x59, 0x63, 0x9C, 0xD5, 0x5E, 0x89, 0xDF, 0x6B, 0x49, 0x8E, 0x4A, 0x26, 0xA1, 0xFF, 0x66,
    0xA7, 0xB7, 0x66, 0xF9, 0x79, 0x96, 0x53, 0xBA, 0x03, 0x83, 0x66, 0x12, 0x42, 0x79, 0x39, 0x6C,
    0xB8, 0xC4, 0x15, 0xAE, 0x49, 0x43, 0x53, 0x84, 0x6E, 0xA4, 0x1B, 0x52, 0x34, 0xB2, 0x50, 0xFA,
    0x6C, 0xB3, 0x9F, 0xB4, 0x77, 0xD2, 0x66, 0x11, 0xEA, 0xD1, 0x0E, 0x63, 0x7C, 0x0B, 0x9E, 0x4D,
    0xE5, 0x21, 0xBF, 0x45, 0x59, 0x9E, 0x5D, 0xF9, 0x59, 0x54, 0x83, 0x17, 0x9D, 0xB4, 0xEE, 0xEC,
    0xA2, 0x64, 0xA5, 0x9C, 0x3D, 0xF8, 0x32, 0xBE, 0x81, 0x6B, 0xCF, 0x2C, 0xFE, 0xC9, 0x21, 0xE7,
    0x99, 0x26, 0x93, 0x7E, 0xE9, 0xCD, 0x1E, 0xA3, 0xB9, 0xA5, 0x4B, 0xEA, 0x3B, 0xBA, 0xB4, 0x96,
    0xB4, 0x48, 0x7B, 0x64, 0x4D, 0x8F, 0x3A, 0xE2, 0xF4, 0x8F, 0x04, 0x8A, 0x08, 0xC7, 0x18, 0x22,
    0x0B, 0x2D, 0x11, 0x00, 0xB8, 0x03, 0x2D, 0x92, 0x1A, 0x70, 0xEA, 0xD4, 0x62, 0x16, 0xFA, 0xCF,
    0x93, 0x5B, 0xF2, 0x77, 0x86, 0x49, 0x73, 0x3D, 0xAB, 0x47, 0x1F, 0xC4, 0x23, 0x58, 0x92, 0x52,
    0xCE, 0x4B, 0xF0, 0x4F, 0x30, 0x87, 0x7D, 0x17, 0x26, 0x1E, 0x1F, 0x7D, 0x49, 0xEB, 0xEB, 0x69,
    0xEB, 0x5E, 0xDA, 0x68, 0xB2, 0x5A, 0x3D, 0x0B, 0x7A, 0xD3, 0x93, 0x0B, 0xA6, 0x40, 0x21, 0xEA,
    0x7A, 0xEC, 0xEB, 0xB1, 0xB0, 0xC7, 0xC6, 0xF2, 0xDD, 0x99, 0x62, 0xE9, 0x89, 0xD8, 0x67, 0x3E,
    0x87, 0x4F, 0xF7, 0xC8, 0xAB, 0xA7, 0x8B, 0xA5, 0xAB, 0x7B, 0x51, 0xEC, 0xAC, 0xC6, 0xFD, 0xBF,
    0xAF, 0x96, 0x6F, 0x86, 0xFD, 0x93, 0xC6, 0x0D, 0x76, 0xB8, 0xBD, 0x8F, 0x74, 0x1B, 0xAB, 0xC5,
    0xF9, 0xC1, 0x6A, 0x6B, 0x12, 0x44, 0xCA, 0x4B, 0x69, 0xA3, 0x88, 0x36, 0xA7, 0x39, 0x8C, 0x39,
    0xC7, 0x31, 0xE9, 0x94, 0x82, 0x13, 0x0E, 0x23, 0x0F, 0x22, 0x0F, 0x79, 0x83, 0x35, 0xA3, 0x77,
    0xF2, 0x86, 0x3C, 0x84, 0xF8, 0xD0, 0x7B, 0x1F, 0x26, 0x2F, 0xF1, 0xC7, 0x1B, 0x6E, 0xDF, 0x36,
    0xAB, 0x17, 0xD5, 0xE3, 0xD1, 0xEF, 0x8C, 0x1C, 0x9F, 0x8C, 0x14, 0x86, 0x27, 0x1B, 0xBF, 0x91,
    0xAD, 0x22, 0x84, 0xC7, 0xD2, 0x93, 0x92, 0xAF, 0x96, 0x10, 0xEA, 0xC8, 0xEA, 0x79, 0xF9, 0xC6,
    0xBD, 0xC4, 0xA4, 0x3B, 0xA7, 0x6B, 0x59, 0xC2, 0x7B, 0x27, 0xAE, 0xDC, 0xF5, 0xDC, 0x8C, 0x6F,
    0xBE, 0xCA, 0xF5, 0x25, 0x45, 0x73, 0x4E, 0xEB, 0xCF, 0x80, 0xFF, 0x0F, 0x7E, 0x1F, 0xBC, 0xF2,
    0xFC, 0xAC, 0x93, 0x8A, 0x17, 0x6E, 0xF3, 0xC2, 0x3B, 0xA4, 0xE5, 0x39, 0xCD, 0xBF, 0x54, 0xC3,
    0x37, 0xC0, 0xBF, 0x3D, 0x47, 0xE7, 0x7D, 0xE2, 0x1E, 0xB0, 0x3E, 0x97, 0xEF, 0x73, 0xB2, 0x7B,
    0x09, 0x7C, 0x0A, 0x8C, 0x01, 0x9C, 0xCB, 0xD4, 0x0D, 0xE2, 0xE8, 0x00, 0x14, 0x80, 0x5F, 0xAB,
    0x80, 0xFD, 0x12, 0xAB, 0x8D, 0x91, 0x2C, 0x34, 0xAB, 0xB5, 0x59, 0x99, 0x85, 0xA6, 0x28, 0x2D,
    0x4A, 0x87, 0xBD, 0x7C, 0xA8, 0xAC, 0x0D, 0xAA, 0xE4, 0xBF, 0xAA, 0x78, 0x58, 0x9E, 0xFD, 0x63,
    0x15, 0x77, 0x26, 0x83, 0x6F, 0xD6, 0x79, 0x25, 0x6B, 0x8A, 0xAC, 0x2E, 0x48, 0x9B, 0x61, 0x56,
    0x1F, 0x90, 0xB4, 0xD3, 0xAC, 0x9E, 0x93, 0x74, 0x0F, 0xE3, 0xF6, 0x55, 0xD7, 0xA5, 0x3F, 0x6A,
    0xF1, 0xF3, 0x36, 0xF9, 0xCF, 0x1A, 0xDF, 0xAF, 0x93, 0x0F, 0x62, 0xC1, 0x52, 0x80, 0x05, 0x5B,
    0x38, 0x60, 0x03, 0x92, 0x12, 0x06, 0x0D, 0xBC, 0x7A, 0x83, 0xD9, 0x76, 0x50, 0xCF, 0x36, 0xB3,
    0x4D, 0xD1, 0xCC, 0xD6, 0x59, 0x3D, 0x69, 0x0A, 0x59, 0x33, 0x6B, 0xAF, 0x4B, 0xDB, 0xEF, 0x75,
    0x87, 0x92, 0xEE, 0x67, 0xDD, 0xBA, 0x9F, 0xFD, 0xE7, 0x2D, 0xBF, 0xA8, 0x7F, 0x51, 0xB3, 0xAA,
    0x42, 0xC9, 0xC2, 0x0A, 0x07, 0x1E, 0x41, 0x87, 0xEC, 0x0F, 0x70, 0x69, 0x8F, 0xD5, 0x36, 0x0F,
    0x4D, 0x8F, 0x7A, 0x50, 0x5B, 0xCB, 0x9A, 0xAC, 0x91, 0xB6, 0x79, 0x45, 0x37, 0xC2, 0xF2, 0x10,
    0x87, 0x1D, 0x66, 0x0D, 0x46, 0x25, 0x0A, 0x18, 0xF2, 0xF1, 0x53, 0x9A, 0x3C, 0xD4, 0x14, 0x3D,
    0x98, 0x23, 0xFD, 0x6B, 0xF2, 0x75, 0x16, 0xAA, 0x7C, 0x93, 0x85, 0xD2, 0xA1, 0x35, 0xD3, 0xA4,
    0xE3, 0x20, 0xAB, 0xB9, 0x9E, 0x57, 0x0C, 0x0B, 0x14, 0xE3, 0x1E, 0x87, 0xC8, 0xD7, 0x18, 0xB4,
    0x3D, 0x6A, 0xE4, 0x15, 0x46, 0xB8, 0x33, 0xC5, 0x62, 0x8D, 0x49, 0x05, 0xC9, 0x0B, 0xC8, 0x5E,
    0xBD, 0x30, 0xFB, 0x04, 0xAE, 0xC2, 0x35, 0x92, 0x10, 0x42, 0x93, 0x3E, 0x46, 0x9D, 0xD5, 0x8A,
    0x32, 0xAB, 0x1C, 0x20, 0x89, 0xAA, 0x35, 0x46, 0x70, 0x88, 0xA4, 0xC3, 0xA0, 0xC6, 0x04, 0x1E,
    0x21, 0xED, 0xC4, 0x18, 0xD7, 0x5C, 0x67, 0xEA, 0xDD, 0xFB, 0x1F, 0xFD, 0x36, 0xBB, 0x21, 0x61,
    0xC0, 0x15, 0x45, 0x38, 0x2A, 0xC2, 0xEE, 0xAA, 0xCD, 0x6B, 0x59, 0xAB, 0x28, 0xBD, 0x2D, 0xE9,
    0xE4, 0xF5, 0xAD, 0x89, 0x3B, 0xEF, 0xDE, 0xEF, 0x42, 0xE8, 0xF8, 0x14, 0x5C, 0xB9, 0x28, 0x11,
    0xE4, 0x5C, 0x72, 0xB6, 0x88, 0x2F, 0x54, 0x18, 0xC2, 0xDE, 0x45, 0xD9, 0xEC, 0x97, 0xAE, 0x96,
    0xF6, 0xCE, 0xB6, 0xF9, 0x5F, 0x4D, 0xD0, 0x81, 0x86, 0x54, 0x51, 0x18, 0xC0, 0xF1, 0xDF, 0xB9,
    0x77, 0x6B, 0xE9, 0x96, 0x1B, 0x20, 0xCA, 0xDC, 0x80, 0x42, 0xBB, 0x03, 0x21, 0xCC, 0xEC, 0x1C,
    0xBD, 0x50, 0x61, 0xB1, 0xC0, 0xCC, 0x23, 0x54, 0x4F, 0x10, 0x80, 0x82, 0x30, 0x00, 0xEC, 0x79,
    0x84, 0xFB, 0x08, 0xF7, 0x0D, 0x3A, 0x18, 0x0C, 0xCD, 0xEE, 0xE9, 0x9E, 0x58, 0x3A, 0xFE, 0xE7,
    0x07, 0xF8, 0x3E, 0x3E, 0xC2, 0x19, 0xB4, 0xAF, 0xA0, 0xF9, 0x05, 0x61, 0x04, 0x60, 0x7B, 0x50,
    0x3D, 0x42, 0x77, 0x82, 0x61, 0x05, 0xAB, 0x35, 0xEC, 0x17, 0x08, 0x53, 0x8F, 0x36, 0x55, 0xBB,
    0x78, 0xBE, 0x63, 0x28, 0x25, 0x71, 0xF5, 0xE3, 0xE7, 0xEC, 0x5E, 0x33, 0x0A, 0x93, 0x66, 0xD2,
    0x26, 0x21, 0xBB, 0x3D, 0x1A, 0x8A, 0x72, 0xB4, 0x2C, 0x7C, 0xFE, 0x6E, 0x19, 0x3D, 0x02, 0x84,
    0xB2, 0xEB, 0xCA, 0xD4, 0x87, 0x4C, 0x3E, 0x2F, 0xF9, 0xF2, 0xE3, 0x74, 0xD3, 0x8C, 0xB9, 0x4D,
    0xB9, 0x4B, 0xF7, 0x7F, 0x8E, 0x9B, 0x6F, 0x07, 0xCF, 0x78, 0xC3, 0xD7, 0x88, 0xB6, 0xE4, 0xB6,
    0x4C, 0x56, 0x6A, 0x37, 0x35, 0x7B, 0x72, 0x2D, 0xCC, 0x4D, 0x75, 0x6F, 0x9B, 0x6A, 0xB7, 0x27,
    0xE5, 0x24, 0xE8, 0xE2, 0xEB, 0x04, 0x1B, 0xDB, 0xD8, 0xC7, 0x5E, 0x6F, 0xE1, 0xC2, 0xDA, 0xCA,
    0x55, 0xDC, 0xEC, 0xCE, 0x98, 0x97, 0xDB, 0x96, 0x53, 0x38, 0x58, 0xB7, 0xA3, 0x8B, 0x36, 0x79,
    0x31, 0x7F, 0xED, 0x44, 0xB8, 0x8F, 0x2C, 0xCB, 0xCC, 0xA7, 0x4C, 0x38, 0x60, 0xFF, 0x76, 0xFE,
    0x2B, 0xF2, 0xDA, 0xF9, 0xB8, 0x2C, 0x25, 0x3E, 0x2E, 0x47, 0xE0, 0x09, 0xDE, 0xE1, 0x3D, 0x4D,
    0x19, 0xFB, 0x92, 0x07, 0x79, 0x41, 0x3F, 0x6A, 0x4B, 0xF4, 0x72, 0x7C, 0x1E, 0xA6, 0xEB, 0x66,
    0xDC, 0x96, 0x34, 0xDC, 0x41, 0x1B, 0x75, 0x9C, 0x31, 0x0F, 0x29, 0xD3, 0x66, 0x66, 0xFC, 0x20,
    0x87, 0x74, 0x2D, 0x37, 0x49, 0x98, 0xD0, 0x54, 0xDA, 0xB1, 0x92, 0x1E, 0xA8, 0x97, 0xD6, 0x45,
    0xF4, 0xFF, 0xF0, 0xC0, 0x02, 0xF5, 0x34, 0x15, 0xFF, 0xBF, 0x6B, 0x98, 0x10, 0x12, 0x60, 0xD2,
    0x3C, 0x1C, 0x6A, 0x53, 0xE6, 0xEA, 0xD0, 0x2E, 0xEA, 0xD5, 0x06, 0x5F, 0x16, 0x61, 0xBC, 0x6C,
    0xD3, 0xF0, 0x7B, 0xD7, 0xDD, 0x41, 0x88, 0x3A, 0x9E, 0xF2, 0x17, 0xB3, 0xD9, 0x5B, 0x63, 0xB2,
    0x80, 0x81, 0x18, 0x12, 0x00, 0xBD, 0x98, 0x31, 0x8C, 0xDC, 0x46, 0x77, 0xC7, 0x7F, 0x43, 0xFA,
    0x13, 0x91, 0x10, 0xD0, 0xA8, 0x48, 0xE7, 0x78, 0xD9, 0x03, 0xDA, 0x63, 0xE3, 0xE2, 0x0A, 0xEE,
    0x91, 0x89, 0x7A, 0xC4, 0x7D, 0xDF, 0x2B, 0xC5, 0x15, 0x2C, 0xD6, 0x3A, 0x26, 0xEE, 0x81, 0xF4,
    0x8D, 0x53, 0xA4, 0x32, 0x10, 0x58, 0xC5, 0x16, 0x97, 0xE4, 0x2C, 0x12, 0x76, 0xE1, 0xD2, 0x63,
    0xB8, 0x48, 0x3B, 0x82, 0x9D, 0x26, 0x2E, 0x3C, 0x09, 0x88, 0x84, 0x4A, 0xF6, 0xF6, 0x65, 0xE6,
    0x1D, 0x21, 0x45, 0x92, 0x1D, 0x19, 0x89, 0xF3, 0xDD, 0xEE, 0xFB, 0xCD, 0x01, 0x37, 0xFB, 0x9F,
    0xFF, 0xE3, 0x1B, 0xCE, 0xE3, 0x1E, 0x3C, 0x78, 0x0F, 0xD8, 0x9F, 0x01, 0x97, 0x0F, 0x79, 0xF5,
    0x93, 0x89, 0x48, 0x50, 0xB0, 0x05, 0x4F, 0x03, 0x2E, 0x01, 0x05, 0x7D, 0xC2, 0x28, 0x47, 0x10,
    0x59, 0x20, 0x80, 0x02, 0xE3, 0x81, 0xCC, 0x01, 0xF9, 0xC4, 0x07, 0x0A, 0x1E, 0xFF, 0xF3, 0x67,
    0x37, 0x88, 0xA4, 0xC9, 0xF7, 0xC4, 0xC3, 0x95, 0xDC, 0x92, 0x2D, 0xD4, 0x94, 0x13, 0x96, 0x8A,
    0x88, 0x1D, 0xFC, 0x8E, 0x3D, 0xAA, 0x79, 0x0B, 0x3A, 0x37, 0xC0, 0x8A, 0x39, 0xE1, 0x06, 0x1E,
    0x70, 0x01, 0xD7, 0xD4, 0x43, 0x16, 0x28, 0x45, 0x06, 0xCC, 0xF8, 0x02, 0xB2, 0xE4, 0x53, 0x5D,
    0x36, 0xAC, 0xEF, 0x1E, 0x0E, 0x10, 0xD6, 0xB7, 0xF1, 0xC9, 0x51, 0x3E, 0xA5, 0xF7, 0x78, 0x24,
    0x69, 0x3F, 0x3D, 0x27, 0xEC, 0xF9, 0xE8, 0x01, 0x00, 0x20, 0x8B, 0x91, 0x19, 0x0B, 0x1B, 0x92,
    0xCE, 0xEE, 0x75, 0x9D, 0xF9, 0x95, 0x4E, 0x7B, 0x4A, 0x6F, 0x68, 0x17, 0x12, 0x8F, 0x89, 0x85,
    0xD2, 0xEE, 0x12, 0xCF, 0xCE, 0x12, 0xF7, 0x55, 0x62, 0xB0, 0x40, 0xE6, 0x13, 0xF3, 0xA9, 0xEC,
    0xC0, 0x76, 0xC5, 0x00, 0xB5, 0xC8, 0x04, 0xAD, 0x72, 0x26, 0x77, 0x6A, 0xCF, 0x27, 0x6F, 0x26,
    0x30, 0x2E, 0x54, 0x82, 0x2C, 0xD4, 0xA2, 0x15, 0x70, 0x09, 0x13, 0xDB, 0xF4, 0xE7, 0x86, 0x7C,
    0x78, 0xBB, 0x02, 0x0B, 0x88, 0x48, 0x47, 0xA0, 0x9C, 0x22, 0xF2, 0xC9, 0x24, 0x2D, 0xCD, 0x37,
    0x9F, 0x28, 0x87, 0x88, 0x9A, 0x51, 0xE4, 0x98, 0xA6, 0xFD, 0x55, 0x12, 0x3D, 0xF1, 0x52, 0xD4,
    0xD3, 0x60, 0x5E, 0x22, 0x9F, 0xE8, 0xA9, 0x3A, 0xD6, 0x12, 0x08, 0x2A, 0x6A, 0xDE, 0x16, 0xED,
    0x22, 0xDA, 0x24, 0xBA, 0xBC, 0x14, 0x95, 0x21, 0xA1, 0x63, 0x4B, 0x01, 0x0D, 0x25, 0x6F, 0x3A,
    0x3D, 0x24, 0x04, 0xF8, 0xA5, 0xBD, 0xB2, 0x62, 0x3C, 0x02, 0x92, 0x40, 0x29, 0x22, 0x41, 0xE9,
    0x61, 0x56, 0xA9, 0xB0, 0xB2, 0xD7, 0x0F, 0x1F, 0xF4, 0x33, 0x81, 0x95, 0xC5, 0x90, 0x58, 0x76,
    0x49, 0xD6, 0xAA, 0xAE, 0xEE, 0x3F, 0x1A, 0x65, 0xAF, 0x0C, 0x69, 0x56, 0x2D, 0xC9, 0x79, 0xAB,
    0x3C, 0x07, 0x2E, 0xF9, 0x10, 0xF8, 0xF3, 0x38, 0xC2, 0xD3, 0xFF, 0xA7, 0x8D, 0x3F, 0xDE, 0x56,
    0xF2, 0x89, 0xF8, 0x98, 0x5F, 0x25, 0x8F, 0xC4, 0x91, 0x7B, 0x13, 0xCC, 0x0C, 0x2C, 0x99, 0x2F,
    0x1D, 0xF0, 0x71, 0xE6, 0x6A, 0x80, 0xEA, 0xD1, 0xB4, 0x00, 0x94, 0x5F, 0x7D, 0xED, 0x00, 0xDE,
    0xFF, 0xF7, 0xCF, 0x75, 0xD4, 0xAB, 0x0D, 0x99, 0x6F, 0xFD, 0x1E, 0x28, 0xA6, 0xAA, 0xDB, 0x02,
    0x16, 0xCB, 0x06, 0x62, 0xA4, 0x17, 0x34, 0x9C, 0x61, 0xE1, 0xBC, 0x67, 0x87, 0xBD, 0x4F, 0x1B,
    0x0A, 0x71, 0xF6, 0x48, 0x35, 0x95, 0xE2, 0x8A, 0x39, 0xCA, 0xC9, 0xC0, 0x28, 0x73, 0x16, 0xB8,
    0x49, 0x5B, 0x2A, 0x05, 0xD0, 0x43, 0x16, 0xA8, 0x64, 0x88, 0xE1, 0xF4, 0x77, 0x98, 0xD7, 0xA2,
    0x85, 0x4B, 0x32, 0xFF, 0x71, 0x54, 0xA8, 0xE5, 0xC4, 0x3D, 0xF9, 0x81, 0x5A, 0x30, 0x32, 0x44,
    0x16, 0xD2, 0x65, 0x0E, 0xAB, 0x7B, 0xB7, 0x55, 0xFE, 0x9B, 0xA3, 0x98, 0xF2, 0xEF, 0x26, 0x8A,
    0xC1, 0x3E, 0x4A, 0x1B, 0x65, 0x57, 0x0C, 0x58, 0x96, 0xB2, 0xC3, 0xE6, 0x3E, 0xB2, 0xB2, 0x83,
    0x85, 0x8D, 0x7A, 0xDC, 0x5E, 0xB3, 0x81, 0x36, 0xB0, 0x8D, 0x9C, 0xD8, 0xC1, 0x15, 0xD1, 0x2D,
    0x7B, 0xCA, 0x48, 0x18, 0x8C, 0x5E, 0xD6, 0x12, 0x40, 0x6E, 0x13, 0x6B, 0xCF, 0x6B, 0x3F, 0xBF,
    0x1F, 0x27, 0x99, 0x84, 0xAB, 0xDB, 0x84, 0x23, 0x5B, 0x6A, 0x68, 0x38, 0x46, 0xE4, 0x3E, 0xA2,
    0xEA, 0xA0, 0xBF, 0x01, 0xFE, 0xE1, 0x05, 0x20, 0xD2, 0xC1, 0x6D, 0x99, 0x6E, 0xE4, 0x3C, 0xC2,
    0x67, 0x8E, 0xCC, 0xE9, 0x4D, 0xA3, 0x30, 0xCF, 0x5D, 0x3A, 0x7D, 0x26, 0x39, 0xF2, 0x0C, 0x0A,
    0x11, 0x09, 0x4A, 0x07, 0x3D, 0x0D, 0x70, 0x60, 0xBF, 0xEE, 0xEE, 0xC4, 0x43, 0x4A, 0x9E, 0x00,
    0x99, 0x8B, 0x4C, 0x9F, 0xBF, 0xA3, 0x87, 0x62, 0xC8, 0x1C, 0xE8, 0x6D, 0x88, 0x25, 0x71, 0x43,
    0x31, 0xD1, 0x34, 0x94, 0x03, 0xED, 0x8C, 0x2C, 0x54, 0xCE, 0x44, 0x66, 0x02, 0x5C, 0xF9, 0x4C,
    0x06, 0x10, 0x47, 0xED, 0xC8, 0x8F, 0x9A, 0xA8, 0x5D, 0xA0, 0x99, 0xD9, 0x1D, 0xA0, 0xB9, 0x61,
    0x0E, 0xD0, 0xEF, 0x72, 0x1F, 0xE0, 0x50, 0xD9, 0xBF, 0x08, 0x10, 0xEC, 0xB3, 0xCC, 0x43, 0x28,
    0x96, 0xCC, 0x61, 0x42, 0xE6, 0x35, 0x21, 0x88, 0x43, 0xE6, 0x92, 0x01, 0x5D, 0xB5, 0x5C, 0x87,
    0x8E, 0x98, 0x98, 0x91, 0x19, 0x39, 0x92, 0xC9, 0x1C, 0x23, 0xC4, 0xD5, 0x95, 0x33, 0x5B, 0xA8,
    0xA0, 0x81, 0x4D, 0xE2, 0xAB, 0x63, 0xBA, 0x57, 0xEA, 0xC9, 0x84, 0xAC, 0xF7, 0x12, 0x87, 0x97,
    0x47, 0x6D, 0x62, 0x5A, 0xDB, 0xEB, 0x9A, 0x77, 0x74, 0x69, 0x9D, 0xAB, 0xDB, 0xB4, 0xCC, 0x78,
    0x0B, 0x99, 0x2C, 0x50, 0x8B, 0x74, 0xDC, 0x52, 0xB9, 0xDC, 0x93, 0x05, 0x3B, 0xC0, 0xBC, 0x01,
    0x0E, 0x0D, 0x70, 0xBD, 0x07, 0x0E, 0x07, 0x56, 0x04, 0xBD, 0xA4, 0x11, 0xB9, 0xDB, 0x27, 0xF3,
    0x17, 0x50, 0x53, 0x0D, 0xE6, 0x48, 0xA1, 0x55, 0xB8, 0x6B, 0x26, 0xC9, 0x4B, 0xE2, 0x3B, 0xAD,
    0x1F, 0x60, 0x0F, 0x01, 0xAE, 0x57, 0xEB, 0xE6, 0x57, 0x5B, 0x4F, 0xA7, 0x70, 0x17, 0x21, 0x9E,
    0x2D, 0x66, 0xA6, 0x81, 0x6B, 0x95, 0x4C, 0x98, 0xE9, 0x93, 0xD4, 0x81, 0xF7, 0x1D, 0x22, 0x42,
    0xC4, 0xDF, 0x60, 0xDE, 0x7D, 0x60, 0xBE, 0x6A, 0xAE, 0x66, 0xA1, 0xA6, 0x70, 0x58, 0x6C, 0x17,
    0xB1, 0x85, 0x3F, 0xA0, 0x01, 0x75, 0x0A, 0x33, 0xBC, 0xD5, 0x5C, 0xAF, 0xE1, 0x01, 0x1F, 0x43,
    0xFF, 0x66, 0x73, 0xAD, 0x93, 0xC9, 0x36, 0xC2, 0x9D, 0x13, 0xCC, 0x74, 0x49, 0xC8, 0xA6, 0xD5,
    0x47, 0x42, 0xFE, 0xBA, 0x99, 0x62, 0x40, 0xB7, 0x03, 0x58, 0x05, 0xAC, 0xD8, 0x00, 0xB9, 0xF8,
    0x15, 0xB5, 0xD0, 0x9E, 0x12, 0x6E, 0x4D, 0xA0, 0x1C, 0x08, 0xD8, 0x64, 0x41, 0xDB, 0x6E, 0x4F,
    0x1C, 0x03, 0x6C, 0x52, 0x9E, 0x36, 0x09, 0x96, 0x7F, 0x06, 0x14, 0x7F, 0x0B, 0xBA, 0x79, 0xC9,
    0xC2, 0xBA, 0x6E, 0x63, 0x07, 0x68, 0x9F, 0x01, 0x76, 0x06, 0xA0, 0x15, 0xE5, 0x09, 0x56, 0x3B,
    0x66, 0x3C, 0x75, 0x50, 0xFF, 0xF8, 0xE3, 0x8C, 0x99, 0xCB, 0xE1, 0x0B, 0x8A, 0xA9, 0xEC, 0x2A,
    0xAC, 0xBE, 0xB6, 0x31, 0x4A, 0x1A, 0x36, 0xD8, 0xC8, 0x33, 0xE5, 0x96, 0x4D, 0x64, 0x7A, 0x5D,
    0xC4, 0x58, 0xB0, 0x43, 0x5F, 0x78, 0xF2, 0xFF, 0x78, 0x36, 0x76, 0xF0, 0x58, 0x7E, 0x00, 0x08,
    0x09, 0x95, 0x24, 0xD6, 0x4A, 0x59, 0xAC, 0x4C, 0x46, 0x66, 0x2B, 0x1D, 0xE5, 0x94, 0xBB, 0xE4,
    0x2E, 0xA5, 0x6F, 0xC2, 0x05, 0xC0, 0xBC, 0xA0, 0x37, 0xA1, 0x7A, 0x1B, 0x12, 0xEB, 0x04, 0xC6,
    0x01, 0xC8, 0xBE, 0x77, 0x40, 0xF9, 0x97, 0x01, 0xA8, 0x99, 0x81, 0x1B, 0xF6, 0x9A, 0xE3, 0x2E,
    0x95, 0x36, 0x93, 0x80, 0x1C, 0xF3, 0xC8, 0x57, 0xB7, 0xD4, 0x6F, 0xBE, 0x2F, 0x45, 0xE4, 0x16,
    0x51, 0x02, 0x3C, 0x54, 0x36, 0x2B, 0xC7, 0x63, 0x21, 0x4E, 0x51, 0x76, 0xF4, 0x58, 0x38, 0x24,
    0xCC, 0x09, 0x81, 0x4A, 0x91, 0x14, 0xED, 0x50, 0x3A, 0x4A, 0x11, 0x87, 0x91, 0xEF, 0x7E, 0x61,
    0x3F, 0x24, 0xEB, 0xAC, 0xE7, 0x43, 0x25, 0x9D, 0x2C, 0x3A, 0x6A, 0x42, 0x2A, 0x01, 0x4D, 0x32,
    0xB4, 0x59, 0x5B, 0xF6, 0x16, 0xF6, 0x69, 0xDC, 0xAD, 0xCD, 0x5B, 0x53, 0x2B, 0x86, 0x34, 0x06,
    0xD4, 0x0D, 0x01, 0xBB, 0x26, 0x98, 0x3C, 0xAD, 0x22, 0x61, 0x15, 0x09, 0x2A, 0xB2, 0xA6, 0xDB,
    0xB0, 0xA6, 0x2A, 0x72, 0x42, 0x07, 0xB9, 0x7D, 0xDD, 0x47, 0xF7, 0xF3, 0x3E, 0x1C, 0x67, 0xAC,
    0x7E, 0xDE, 0xE9, 0x83, 0xFF, 0x95, 0x8F, 0x13, 0x00, 0xF0, 0x01, 0xBC, 0x2A, 0x00, 0xD0, 0x50,
    0x4B, 0x80, 0x36, 0xE1, 0x7C, 0x0B, 0x5C, 0x36, 0xC0, 0x83, 0x04, 0xFA, 0x5F, 0x78, 0x02, 0x34,
    0xFE, 0x67, 0x1F, 0xD6, 0xEA, 0xD7, 0x1E, 0xD6, 0x54, 0x74, 0x1D, 0x4F, 0xB0, 0x5D, 0xAB, 0xD5,
    0xBC, 0x3D, 0x6A, 0x01, 0xFB, 0xB5, 0x86, 0x69, 0x25, 0x0B, 0xBA, 0x98, 0x05, 0x5D, 0xAF, 0x02,
    0x7D, 0x3E, 0xDC, 0x80, 0xAE, 0xBA, 0x05, 0x5D, 0xB8, 0x01, 0x5D, 0x5B, 0x47, 0x6A, 0xF6, 0xA8,
    0x83, 0x52, 0x06, 0x35, 0x61, 0x65, 0xD2, 0xF5, 0x15, 0xEA, 0x00, 0x9A, 0x84, 0xFF, 0x6B, 0x72,
    0xDC, 0x13, 0x07, 0x57, 0x72, 0xC4, 0xCC, 0x5C, 0xA5, 0xB5, 0xED, 0x10, 0x51, 0x4C, 0x46, 0x8D,
    0x28, 0x4A, 0x91, 0x15, 0x50, 0x0E, 0xFF, 0xFD, 0x84, 0x62, 0xCF, 0x75, 0xFA, 0xE0, 0x8E, 0xCA,
    0x51, 0x8B, 0xA0, 0xCF, 0x3B, 0x6A, 0xF2, 0xF1, 0xA9, 0x4B, 0x63, 0x21, 0x12, 0x60, 0x4B, 0x9D,
    0xBA, 0x06, 0x0D, 0x37, 0xE8, 0xA9, 0x65, 0x02, 0x54, 0x70, 0xAE, 0x0D, 0x19, 0xFA, 0x62, 0xD0,
    0x71, 0x14, 0x74, 0x94, 0x75, 0x0C, 0x56, 0x17, 0x32, 0x3E, 0x8D, 0xCD, 0x3A, 0xF6, 0x64, 0xE9,
    0xB8, 0xD0, 0xCB, 0x58, 0x4E, 0x14, 0x9A, 0xDA, 0xCC, 0x63, 0x6D, 0xAA, 0xDA, 0x1D, 0x63, 0xA4,
    0xC7, 0x36, 0x30, 0xE3, 0x6A, 0x5D, 0x06, 0x2E, 0x20, 0xC0, 0xFE, 0xAD, 0xAE, 0x39, 0x93, 0x39,
    0xF8, 0x82, 0xFC, 0xE5, 0x97, 0x8C, 0x7B, 0x4A, 0x13, 0x8A, 0x61, 0xFD, 0x22, 0x42, 0xA9, 0xF5,
    0xAB, 0x88, 0x3C, 0x6F, 0xA8, 0xA0, 0x9D, 0x33, 0xF1, 0x54, 0x53, 0x2E, 0x01, 0x46, 0x97, 0xCB,
    0x9C, 0x0F, 0x37, 0xD0, 0x9B, 0x74, 0xB6, 0xCD, 0x67, 0x84, 0x86, 0x70, 0x9E, 0x85, 0x8B, 0xC7,
    0x4B, 0xE5, 0x8F, 0x90, 0x25, 0x8D, 0xD4, 0x20, 0xA0, 0x5E, 0xE0, 0x04, 0x99, 0x87, 0xE2, 0x53,
    0x8F, 0x95, 0x23, 0xD5, 0xB0, 0xE3, 0x8C, 0x0D, 0x8D, 0xC6, 0x76, 0x3D, 0x4E, 0x67, 0x2A, 0x71,
    0x64, 0x27, 0xB0, 0x49, 0x54, 0x62, 0xD2, 0x99, 0xBB, 0x9F, 0xA7, 0xD3, 0x6D, 0x29, 0x86, 0xB3,
    0x72, 0xD8, 0x94, 0xDD, 0x2E, 0xD6, 0x5B, 0xC4, 0x59, 0x11, 0x2B, 0x27, 0xE3, 0x3F, 0xC8, 0xDC,
    0x1F, 0xE7, 0x13, 0x5A, 0x3F, 0x8A, 0x41, 0x9F, 0x33, 0x16, 0x64, 0x81, 0x51, 0x82, 0x86, 0x35,
    0x5E, 0x1B, 0xC5, 0x76, 0x7D, 0x96, 0xED, 0x63, 0xA4, 0x3C, 0x43, 0xD9, 0xD5, 0x22, 0xA1, 0x8D,
    0x71, 0x0E, 0xE1, 0x12, 0xFC, 0x7A, 0xE6, 0x96, 0xE2, 0x2B, 0x4D, 0xE7, 0x4A, 0x42, 0x54, 0xD0,
    0x8B, 0xC7, 0x4D, 0x36, 0xB5, 0x32, 0x94, 0x2F, 0xC8, 0x8E, 0xF6, 0xB9, 0xB8, 0x4C, 0xAA, 0xE7,
    0xE9, 0x3A, 0x7F, 0xF9, 0xED, 0x0C, 0xF9, 0xF7, 0x5F, 0x4F, 0x90, 0xFD, 0xE7, 0x4F, 0x03, 0x58,
    0x11, 0x0F, 0xBB, 0xEA, 0xDB, 0x00, 0xBD, 0xED, 0x02, 0x7F, 0x14, 0x2C, 0x4F, 0xBB, 0xD6, 0x8D,
    0xFE, 0x6A, 0xAA, 0x3A, 0xF1, 0x17, 0x30, 0xBA, 0x42, 0x96, 0x92, 0x3E, 0x09, 0x8F, 0x1E, 0xF1,
    0x68, 0x6D, 0xCE, 0x4D, 0x74, 0xE3, 0xCA, 0x13, 0x23, 0xBB, 0x91, 0xA3, 0xCD, 0x8E, 0x9B, 0xF2,
    0xB8, 0xAD, 0xFA, 0x66, 0x7F, 0xD8, 0x85, 0xB9, 0x75, 0xE1, 0xAA, 0x0B, 0x5F, 0x98, 0x17, 0x4B,
    0x76, 0x9B, 0x4F, 0x0F, 0xB3, 0x7F, 0x3A, 0x68, 0x7B, 0x00, 0xDE, 0x3D, 0xDF, 0x06, 0xF1, 0xF6,
    0x5F, 0xC4, 0x19, 0x3F, 0x93, 0xFD, 0xA3, 0x23, 0xFF, 0x69, 0x22, 0xD5, 0xB1, 0xF0, 0x31, 0x86,
    0x03, 0x65, 0x77, 0xD9, 0x8D, 0xA1, 0x75, 0x12, 0xEA, 0x8E, 0x51, 0x7C, 0x0C, 0xC7, 0xFD, 0xF4,
    0xFD, 0x24, 0xC6, 0xC3, 0x62, 0xA2, 0x29, 0x06, 0xFA, 0xB2, 0xE3, 0x60, 0x79, 0x10, 0x2C, 0x57,
    0xCE, 0xBA, 0xBA, 0xAB, 0x9C, 0x9D, 0xB1, 0xB3, 0x3D, 0xD2, 0x06, 0x73, 0x42, 0xC8, 0x24, 0x17,
    0xF2, 0x6F, 0xBE, 0xF9, 0x94, 0xFC, 0xAB, 0xD3, 0x86, 0xE2, 0xCB, 0x65, 0x1B, 0xE5, 0xFF, 0xBA,
    0x89, 0xFA, 0x34, 0x8C, 0x21, 0x97, 0x41, 0x22, 0x3A, 0x1B, 0xEA, 0xA3, 0xF5, 0xF5, 0x62, 0x7C,
    0x31, 0x65, 0xAE, 0x18, 0x72, 0x91, 0x2E, 0x06, 0xC5, 0x60, 0x35, 0xCA, 0x6E, 0xC3, 0x18, 0xEA,
    0x49, 0x42, 0x3B, 0x31, 0xFA, 0x42, 0x8E, 0x55, 0x77, 0xB1, 0xA3, 0xEA, 0xB1, 0x07, 0x36, 0x33,
    0xDB, 0x03, 0xCD, 0xDE, 0xCC, 0x7A, 0xB1, 0xB0, 0x22, 0xC7, 0x18, 0x51, 0x2C, 0xBF, 0x13, 0x9B,
    0xD2, 0x1D, 0x6F, 0x29, 0xA6, 0xB7, 0xC5, 0xCC, 0x72, 0xE5, 0xB2, 0x93, 0xCC, 0xB4, 0xDC, 0xE8,
    0x9E, 0xEB, 0x63, 0x44, 0x31, 0x66, 0x7A, 0x42, 0xE4, 0x9C, 0x7B, 0x23, 0x32, 0x64, 0x3F, 0xC6,
    0x3A, 0x3B, 0xC8, 0x27, 0x8D, 0xA8, 0x03, 0xF5, 0x0F, 0x44, 0x1D, 0x50, 0x43, 0x4B, 0xD5, 0x35,
    0x0D, 0xE7, 0x5A, 0x41, 0x82, 0x72, 0x9F, 0xAA, 0x37, 0x95, 0x27, 0x7D, 0xDA, 0x6C, 0x45, 0x38,
    0xDF, 0x5A, 0x3E, 0xDC, 0xDD, 0x87, 0x06, 0x0D, 0x7A, 0x74, 0x22, 0x33, 0x94, 0xBA, 0xC7, 0x63,
    0x84, 0x42, 0x3A, 0x3B, 0x17, 0x02, 0xD7, 0x04, 0xD8, 0x67, 0x1E, 0xDD, 0xA5, 0xEC, 0x6C, 0x07,
    0xDB, 0x0A, 0xD8, 0x34, 0x80, 0xED, 0x13, 0x02, 0x50, 0xBA, 0x84, 0x69, 0xED, 0x97, 0x9C, 0x01,
    0x4F, 0xF7, 0xAC, 0xDE, 0xDA, 0x01, 0xC0, 0x7C, 0x04, 0x45, 0x80, 0x7B, 0x31, 0x58, 0xC3, 0x78,
    0x78, 0x3F, 0x66, 0x25, 0xD1, 0xE3, 0x77, 0x5F, 0x87, 0xB3, 0x7C, 0x9A, 0x9B, 0x58, 0xFA, 0xBE,
    0x1C, 0x0E, 0x87, 0xB2, 0x0B, 0xD7, 0xD6, 0xF8, 0xBD, 0x2D, 0xA6, 0xFA, 0xF3, 0x91, 0x52, 0x16,
    0x78, 0xC2, 0x2B, 0xE3, 0x7B, 0x88, 0x36, 0x29, 0x85, 0x18, 0xED, 0xB1, 0x3C, 0xB5, 0x0B, 0xFB,
    0x33, 0xB8, 0xB8, 0x06, 0xEB, 0x63, 0x4C, 0x50, 0x3B, 0xF8, 0xBB, 0x40, 0x16, 0x16, 0xC6, 0xB8,
    0xD3, 0xE4, 0x5F, 0x65, 0x5A, 0xCB, 0xFC, 0x3F, 0x57, 0x46, 0x64, 0x92, 0x18, 0xEB, 0xB5, 0x56,
    0xFB, 0x57, 0x8F, 0x64, 0x8A, 0x31, 0x58, 0x7A, 0x2C, 0x07, 0x2A, 0x66, 0xEC, 0x9F, 0x04, 0xAC,
    0x04, 0xCC, 0xDF, 0x7B, 0xB4, 0x34, 0xF5, 0x11, 0xDA, 0x23, 0x36, 0x48, 0x29, 0x58, 0x2F, 0xE5,
    0x09, 0xE3, 0x37, 0xDA, 0x50, 0xB7, 0x77, 0x6D, 0xE6, 0xAE, 0xC9, 0xE4, 0x8E, 0x22, 0x32, 0x1D,
    0x0E, 0xBD, 0x76, 0x83, 0xEB, 0x62, 0xD0, 0xE6, 0x3A, 0x13, 0x21, 0x81, 0x55, 0x21, 0x8C, 0xBF,
    0x5A, 0xA1, 0x7F, 0x43, 0x01, 0x40, 0x89, 0x57, 0x42, 0x2D, 0x13, 0xAD, 0x74, 0xBA, 0x41, 0x3E,
    0x3C, 0x00, 0xF2, 0x02, 0x44, 0x30, 0xA1, 0xEC, 0x8C, 0x2F, 0xBB, 0xCC, 0x55, 0xD4, 0x72, 0x4B,
    0x2B, 0x1E, 0x2B, 0x31, 0x0F, 0x1B, 0x7F, 0x9F, 0x8D, 0xA7, 0x1C, 0x32, 0x97, 0x3A, 0x96, 0xCC,
    0x96, 0x5C, 0x8E, 0xE9, 0x5A, 0x6D, 0x37, 0x14, 0x43, 0x44, 0xD9, 0xED, 0xB7, 0x8C, 0x32, 0xB7,
    0x93, 0xC8, 0xD0, 0x4E, 0x56, 0xB0, 0xC9, 0x30, 0xC9, 0xA4, 0xCC, 0x71, 0x72, 0x31, 0x9D, 0xC5,
    0x89, 0x71, 0x5A, 0x9C, 0x24, 0x12, 0x2D, 0xFA, 0x5C, 0x8E, 0x65, 0x77, 0xF1, 0x87, 0x54, 0x5C,
    0x09, 0x63, 0x6A, 0xE3, 0xEF, 0xB1, 0x6F, 0x4C, 0xA8, 0xEF, 0x6E, 0x9C, 0x70, 0x4F, 0x86, 0x58,
    0x1F, 0x09, 0xC6, 0xDF, 0x98, 0x39, 0xFB, 0x36, 0x70, 0x9D, 0x8B, 0xA3, 0xCF, 0x65, 0xE2, 0x50,
    0x7C, 0x32, 0x11, 0x22, 0x32, 0x5F, 0xFE, 0x69, 0x28, 0xA7, 0x31, 0x88, 0x20, 0xA1, 0x9E, 0xA1,
    0xD2, 0xC4, 0x43, 0xE6, 0x2D, 0xF9, 0x94, 0xA2, 0x22, 0x93, 0x13, 0x8C, 0xB7, 0x70, 0x68, 0x78,
    0xE0, 0x1B, 0xAE, 0xBE, 0x92, 0xAE, 0x4E, 0x5B, 0xA6, 0xFB, 0xC8, 0x3C, 0x0F, 0xC6, 0x39, 0x78,
    0xF3, 0x6C, 0x7D, 0xF2, 0xD9, 0xDB, 0x67, 0xEB, 0x7A, 0x6F, 0xD9, 0xAE, 0xD9, 0xE9, 0xA5, 0x1B,
    0x25, 0xBD, 0xD3, 0x04, 0xD6, 0x7B, 0x2B, 0x73, 0xB9, 0x33, 0x1D, 0xD4, 0x5D, 0x3B, 0x14, 0x43,
    0xEA, 0x51, 0xE9, 0xB5, 0x61, 0x4B, 0xDD, 0xD5, 0xD3, 0xEF, 0x68, 0x2E, 0xCF, 0x0F, 0x00, 0x4F,
    0x18, 0xD7, 0xBF, 0x9C, 0xAD, 0xDD, 0xE5, 0x09, 0x6D, 0xF7, 0x1E, 0x80, 0xB9, 0x6B, 0xF1, 0xAF,
    0xFD, 0x3F, 0x0A, 0x68, 0xE0, 0x37, 0xF8, 0x7F, 0x14, 0x06, 0x28, 0xB0, 0x22, 0x31, 0xB4, 0x3C,
    0xAF, 0x9F, 0x23, 0x29, 0x86, 0xF5, 0x51, 0x69, 0x01, 0x89, 0xF1, 0x5F, 0x84, 0x90, 0x81, 0xA6,
    0xDC, 0x40, 0x18, 0x85, 0xBF, 0x64, 0xAA, 0xA1, 0xB9, 0x49, 0x16, 0x40, 0xA5, 0x52, 0x14, 0xE8,
    0x75, 0x27, 0x58, 0x0C, 0xB2, 0x92, 0x47, 0xE9, 0x23, 0x6C, 0x59, 0x2C, 0x76, 0xBB, 0xF3, 0x30,
    0x7D, 0x80, 0x05, 0x54, 0xAD, 0xEE, 0xB0, 0x2F, 0x10, 0xED, 0x0B, 0x0C, 0x2D, 0x0A, 0x08, 0x02,
    0xC8, 0x35, 0xFD, 0xC7, 0x85, 0xAA, 0x72, 0x73, 0xFE, 0x9C, 0x71, 0x8E, 0xF9, 0x06, 0xFF, 0xF5,
    0x31, 0x3C, 0xC6, 0xFF, 0x14, 0xA6, 0x6B, 0x98, 0x9E, 0xBC, 0x0F, 0xF2, 0xCD, 0xA7, 0xE8, 0x93,
    0x8E, 0x2E, 0xD5, 0xD3, 0x61, 0x76, 0xCF, 0x09, 0x72, 0x6A, 0x36, 0x7C, 0xA2, 0xA3, 0xA2, 0xA7,
    0xE1, 0x0D, 0x6B, 0xA0, 0x42, 0xD3, 0x50, 0x60, 0x80, 0xBF, 0xEF, 0xC4, 0x20, 0x49, 0xA2, 0x64,
    0x29, 0x84, 0x12, 0x4C, 0x38, 0x01, 0x85, 0x8C, 0x68, 0x6C, 0xB4, 0xD0, 0x82, 0x0B, 0x6F, 0x80,
    0xFF, 0x50, 0x8C, 0x8C, 0x89, 0x4B, 0x5D, 0xBF, 0xBC, 0xFF, 0xAD, 0x86, 0x8C, 0x9C, 0x52, 0x54,
    0x50, 0x73, 0x8F, 0x11, 0xAD, 0xD9, 0xB2, 0x82, 0x82, 0x38, 0x35, 0xD2, 0xAA, 0xE0, 0xD2, 0x6F,
    0x96, 0x35, 0x6C, 0xE1, 0x0C, 0x9E, 0x38, 0x23, 0x89, 0x43, 0x2F, 0xF4, 0x0B, 0xCA, 0xA2, 0x06,
    0x32, 0x48, 0xE0, 0xE5, 0xA0, 0xA7, 0xD3, 0x1C, 0x66, 0xD9, 0xCF, 0xF8, 0x1A, 0x28, 0x68, 0xAC,
    0xF6, 0x7A, 0xE9, 0x7D, 0xCF, 0x0E, 0xE8, 0x2E, 0xFB, 0x38, 0xCA, 0x75, 0x97, 0xDC, 0x5D, 0xF6,
    0x99, 0xDD, 0x6F, 0x8E, 0x87, 0x34, 0x50, 0x41, 0x15, 0xDC, 0x03, 0x6C, 0x52, 0x7F, 0x00, 0x93,
    0xF8, 0x19, 0x76, 0xE9, 0x77, 0x0F, 0x87, 0xFC, 0xE6, 0xA0, 0x0F, 0x95, 0x85, 0xFC, 0x57, 0x03,
    0xC0, 0x26, 0xF7, 0xC0, 0x97, 0xD3, 0x02, 0x4C, 0xB3, 0xB6, 0xA8, 0x1F, 0x4E, 0x7F, 0x20, 0xBB,
    0xB9, 0xBE, 0xA5, 0x52, 0xEE, 0xD8, 0xF2, 0xA0, 0xDC, 0xF2, 0x16, 0x79, 0x7B, 0xB6, 0x7C, 0xE6,
    0xFA, 0x75, 0x48, 0x50, 0x94, 0xD4, 0x18, 0x5A, 0x20, 0x79, 0xA1, 0xEE, 0x4A, 0x53, 0x6F, 0x8D,
    0x6F, 0x5D, 0x4C, 0x2B, 0x75, 0xD7, 0x96, 0xC6, 0xD7, 0x1F, 0x9D, 0xF9, 0x69, 0xDB, 0x1B, 0xC0,
    0x2B, 0xB4, 0xA8, 0xA4, 0x63, 0x05, 0xE0, 0x94, 0x6B, 0x86, 0x8E, 0x86, 0x9C, 0x14, 0x80, 0x77,
    0xC4, 0x54, 0x0D, 0x47, 0xCE, 0x58, 0xE0, 0x1A, 0x6C, 0x08, 0x16, 0x2C, 0x89, 0x43, 0x0D, 0x94,
    0x70, 0x0F, 0x5B, 0x18, 0x51, 0x8E, 0x0C, 0x0A, 0x30, 0x70, 0x06, 0xFE, 0x5D, 0xD4, 0x9F, 0xE1,
    0xE3, 0x01, 0x00, 0x8D, 0xD0, 0x31, 0xC8, 0xD3, 0x40, 0x18, 0x87, 0xF1, 0xE7, 0xEE, 0x15, 0x0F,
    0xBF, 0xCB, 0x25, 0x2E, 0x4E, 0x26, 0xED, 0x5A, 0x04, 0x69, 0x87, 0x0C, 0x41, 0x10, 0x4E, 0x9D,
    0xDD, 0xBA, 0x75, 0x71, 0x9F, 0x32, 0x74, 0x70, 0x92, 0xC3, 0xDD, 0x7D, 0xCD, 0x0E, 0xA2, 0xFB,
    0x92, 0xDB, 0x41, 0xC8, 0xE0, 0x4E, 0x67, 0xE7, 0x40, 0x71, 0x48, 0x62, 0xD3, 0xA0, 0x50, 0x41,
    0xF9, 0xE0, 0xA6, 0x1B, 0x1E, 0xDE, 0xFF, 0x0F, 0x50, 0x13, 0xE6, 0x75, 0x74, 0xC4, 0x0D, 0x5D,
    0x49, 0xB7, 0x23, 0xD6, 0x2A, 0xD6, 0x3A, 0xEC, 0x0C, 0x55, 0x41, 0xD6, 0x03, 0x60, 0x61, 0x0B,
    0x3F, 0x90, 0x4F, 0xA4, 0x09, 0x55, 0x4E, 0x3B, 0x41, 0x05, 0x25, 0x7A, 0x44, 0xA6, 0x28, 0x60,
    0xC0, 0xEE, 0x79, 0xF8, 0x05, 0xC4, 0x5F, 0x1F, 0xC7, 0x15, 0xEB, 0x1E, 0x5A, 0x6F, 0x5E, 0xC5,
    0x04, 0xFF, 0x6C, 0xE0, 0xA5, 0xA5, 0x16, 0xDF, 0x08, 0xEF, 0x0C, 0x65, 0xCE, 0xFA, 0x44, 0x36,
    0x45, 0x74, 0xC0, 0x40, 0x02, 0x25, 0x34, 0xA8, 0x88, 0x80, 0x83, 0x0D, 0xA8, 0x11, 0xA3, 0x83,
    0x53, 0xC1, 0x89, 0xB7, 0x9F, 0x59, 0x1D, 0xD8, 0x89, 0xAF, 0x7F, 0x97, 0xF5, 0x88, 0x93, 0x50,
    0xA9, 0x58, 0xEA, 0x58, 0x99, 0x90, 0x9D, 0x3D, 0x86, 0xC6, 0xF1, 0xF5, 0x3D, 0xDB, 0x0E, 0xE5,
    0x25, 0x3C, 0xFD, 0xDE, 0xF6, 0x96, 0x94, 0x27, 0xFB, 0xB6, 0xBF, 0xE7, 0xD4, 0x2C, 0xEA, 0x20,
    0x5E, 0x10, 0x0C, 0x77, 0x38, 0x12, 0x72, 0x26, 0xAF, 0x47, 0xAC, 0x84, 0x44, 0x87, 0x07, 0xCB,
    0xB1, 0xCF, 0xD1, 0x27, 0x56, 0x70, 0x54, 0x34, 0x8F, 0x98, 0x06, 0xCC, 0x14, 0x91, 0x40, 0x01,
    0x47, 0xD4, 0x4F, 0x38, 0x78, 0x74, 0x40, 0xFB, 0xC7, 0x7F, 0x18, 0x16, 0xC2, 0x0F, 0xA8, 0x6F,
    0x98, 0xB7, 0x14, 0x09, 0xE5, 0x3F, 0x14, 0xEF, 0x20, 0x1B, 0xC0, 0x2E, 0x90, 0xD7, 0x42, 0xC1,
    0x02, 0x29, 0x1F, 0x63, 0x4A, 0xCC, 0xE1, 0xC5, 0x5F, 0x96, 0xC5, 0xAD, 0xE5, 0xA2, 0x57, 0x43,
    0x77, 0xF3, 0x31, 0x73, 0xBE, 0xB9, 0x70, 0x46, 0xA7, 0x83, 0x3D, 0x60, 0x07, 0x2A, 0x33, 0x47,
    0xEA, 0x79, 0xFF, 0x55, 0x74, 0x20, 0x15, 0xBF, 0xB9, 0x88, 0xCE, 0xA8, 0xA1, 0xB2, 0x3E, 0x3B,
    0xF3, 0x3F, 0xD4, 0x5F, 0x65, 0xCF, 0x01, 0xA4, 0x24, 0x75, 0x1C, 0x07, 0xF0, 0xCF, 0xCC, 0x74,
    0x2D, 0x96, 0x9B, 0x20, 0xD1, 0xD3, 0xDB, 0x00, 0x1C, 0x7B, 0x07, 0x01, 0xF6, 0x35, 0x03, 0x51,
    0x82, 0xD0, 0x92, 0x83, 0x40, 0x01, 0xDC, 0x01, 0x16, 0x7B, 0xDE, 0x12, 0x00, 0x2C, 0x02, 0x50,
    0x85, 0xE0, 0x50, 0x87, 0xC5, 0x42, 0x76, 0x72, 0x80, 0x60, 0x01, 0x00, 0x83, 0x50, 0x41, 0x7F,
    0x0C, 0xB6, 0x67, 0xF6, 0xFD, 0x9A, 0xE1, 0xE9, 0x22, 0xFC, 0x3E, 0xFF, 0x1F, 0xDF, 0x1F, 0xBE,
    0xFF, 0x3C, 0x5A, 0x6B, 0x65, 0xD4, 0x79, 0x1C, 0x9D, 0xC7, 0xC5, 0x95, 0xEC, 0x2C, 0x4B, 0xCC,
    0x15, 0x67, 0xC5, 0x91, 0x4B, 0x93, 0x6F, 0x4C, 0x36, 0x94, 0xCA, 0xCB, 0x01, 0xF7, 0x1E, 0x2F,
    0x3F, 0xFC, 0x68, 0xF9, 0xD9, 0xA7, 0x66, 0xE9, 0xF0, 0x32, 0xC5, 0x57, 0x67, 0xA6, 0xF5, 0xBE,
    0xD4, 0x31, 0xDC, 0xA5, 0x32, 0x6B, 0xA9, 0x4E, 0x57, 0xB3, 0xB4, 0x7F, 0x74, 0x52, 0xF5, 0x8B,
    0xAA, 0xDB, 0x5D, 0x77, 0x14, 0xBF, 0xD6, 0x93, 0x6F, 0x21, 0xFF, 0xCB, 0xE4, 0x67, 0xC8, 0xCF,
    0x26, 0x27, 0xC8, 0x7A, 0x45, 0x02, 0x9D, 0xA2, 0x05, 0xD3, 0xD8, 0x72, 0x88, 0x21, 0xE8, 0x5C,
    0x29, 0x37, 0x2E, 0xBD, 0xCF, 0xDC, 0x9A, 0xD7, 0xCA, 0x88, 0xDE, 0xA3, 0x88, 0x4E, 0x96, 0x18,
    0xB7, 0xC6, 0x75, 0xC4, 0x46, 0x96, 0xA0, 0x83, 0x9E, 0xA4, 0xAA, 0x27, 0x47, 0xB3, 0x88, 0x5A,
    0x16, 0x9D, 0x3C, 0x86, 0x6D, 0x24, 0xCD, 0x7E, 0x89, 0xBE, 0xB3, 0x60, 0x3F, 0xB2, 0xAB, 0x5E,
    0x46, 0x9F, 0xAC, 0x64, 0xC9, 0xCE, 0x45, 0x23, 0x22, 0xB8, 0x79, 0xBE, 0x95, 0x25, 0x64, 0x2D,
    0xF2, 0x23, 0x8A, 0xE6, 0x0E, 0x87, 0x1E, 0x31, 0xE2, 0x22, 0x8E, 0x22, 0x4E, 0x79, 0x6B, 0x3D,
    0x44, 0x8B, 0x8C, 0x05, 0x56, 0x55, 0xC4, 0x79, 0x98, 0x3E, 0x8B, 0xBF, 0x1D, 0x86, 0x77, 0x98,
    0xD3, 0x0A, 0x3B, 0xD9, 0x66, 0x27, 0x6F, 0x9E, 0x99, 0x36, 0x43, 0x6E, 0x12, 0xBF, 0x99, 0xC6,
    0x10, 0x96, 0x03, 0xDD, 0x7D, 0x0B, 0x4F, 0xDF, 0x19, 0x78, 0xC1, 0x0A, 0xF6, 0xB0, 0x83, 0x04,
    0xAF, 0xFA, 0xFC, 0xBF, 0xD4, 0x83, 0x1F, 0x1E, 0x7C, 0xA7, 0xFA, 0xE4, 0xAD, 0x44, 0x9C, 0x40,
    0xB6, 0x04, 0x15, 0x0F, 0x5D, 0x24, 0xE6, 0x74, 0xA6, 0x2F, 0x23, 0x3E, 0x70, 0xEF, 0x8B, 0xE5,
    0xF2, 0x5D, 0x56, 0x24, 0xF6, 0xF2, 0x76, 0xF4, 0xF3, 0x86, 0x88, 0x5B, 0xDC, 0xFC, 0xB4, 0x25,
    0x4B, 0xD3, 0xCD, 0x60, 0x5B, 0x34, 0xE4, 0xC7, 0xD1, 0xA2, 0xC9, 0xDB, 0xD1, 0x2C, 0xB5, 0x9E,
    0xFC, 0x2E, 0x8E, 0xA2, 0x77, 0xBD, 0x01, 0xE4, 0x91, 0xEE, 0x30, 0x87, 0xC5, 0x2B, 0x1E, 0x27,
    0x6F, 0xC7, 0xED, 0x56, 0xD5, 0x43, 0x52, 0x73, 0x13, 0x47, 0xD7, 0xB7, 0x5F, 0xF3, 0xE5, 0x7F,
    0xBF, 0x52, 0x8E, 0xDC, 0xF7, 0xE4, 0xCF, 0xE7, 0x3F, 0x8A, 0x88, 0x33, 0x87, 0x88, 0xED, 0xC8,
    0xC9, 0xB4, 0xF6, 0x4C, 0xC9, 0xC3, 0x91, 0xB9, 0x19, 0x57, 0x2E, 0x59, 0x9B, 0x7B, 0x3D, 0xA9,
    0x22, 0x9A, 0x81, 0x3F, 0x58, 0xC3, 0x0A, 0xD5, 0xC7, 0x2D, 0x6F, 0x7E, 0x5F, 0x23, 0xE1, 0xE2,
    0x06, 0x55, 0x80, 0xA7, 0xF0, 0xE2, 0x8E, 0x3C, 0xE2, 0x76, 0x24, 0x1A, 0x73, 0x45, 0x6B, 0x21,
    0xFB, 0x97, 0xA2, 0xB1, 0x32, 0xAB, 0x1D, 0xE2, 0x4C, 0x44, 0x90, 0x4C, 0x9B, 0x2C, 0x0D, 0x41,
    0xD6, 0x0E, 0xE4, 0xC7, 0x81, 0xE1, 0x68, 0x5A, 0x0F, 0x54, 0xC6, 0xA2, 0x62, 0xAC, 0xEC, 0x3D,
    0xEE, 0x78, 0x03, 0xFF, 0x00, 0x55, 0xCC, 0x21, 0x6C, 0x1B, 0x41, 0x10, 0x85, 0xE1, 0xEF, 0x7C,
    0x96, 0xAE, 0xD2, 0xC9, 0xB6, 0x49, 0x59, 0x2D, 0x87, 0xCB, 0x6E, 0x02, 0x0C, 0x42, 0xAA, 0x5B,
    0xCE, 0x8D, 0xCB, 0x99, 0x61, 0x41, 0xD3, 0x2C, 0xE7, 0x2A, 0xE7, 0x28, 0xB0, 0xA4, 0xCD, 0x72,
    0x74, 0xA4, 0xFC, 0x38, 0x32, 0x30, 0x30, 0x48, 0xB4, 0xED, 0xA8, 0xA0, 0x8A, 0xE6, 0x49, 0x4F,
    0x6F, 0xDE, 0x3F, 0xD3, 0x60, 0x83, 0x6F, 0xB5, 0xDA, 0x61, 0x0E, 0x66, 0xA9, 0x2F, 0xB7, 0x53,
    0x9B, 0x3A, 0xBD, 0xDE, 0xD2, 0xC2, 0x07, 0x3B, 0x3B, 0xF7, 0x0E, 0x4E, 0x4E, 0xC1, 0x61, 0x69,
    0xA8, 0x35, 0xB1, 0xC7, 0x9A, 0x93, 0x27, 0x93, 0xB1, 0x29, 0x4D, 0x99, 0x95, 0x36, 0xB7, 0xE9,
    0xDF, 0xFD, 0x36, 0x0D, 0x69, 0x6F, 0xAE, 0x31, 0xB7, 0xB1, 0xF4, 0xF0, 0xF7, 0x66, 0x67, 0x63,
    0x6E, 0x0D, 0x76, 0xFC, 0xE2, 0x3B, 0xF7, 0x1C, 0x38, 0x85, 0x3C, 0x31, 0x31, 0x86, 0x9A, 0x62,
    0x56, 0xB4, 0x59, 0x28, 0xE9, 0xE8, 0x43, 0x3E, 0x27, 0x43, 0xB2, 0x07, 0xF8, 0x49, 0xCD, 0x9E,
    0x79, 0xCC, 0x66, 0x13, 0x17, 0x3E, 0xB1, 0x4A, 0xDA, 0xA2, 0x39, 0x73, 0x02, 0x34, 0x57, 0xFD,
    0x8B, 0xF6, 0xAA, 0xBF, 0xF8, 0xC8, 0xD7, 0x28, 0xBB, 0x62, 0x25, 0xF0, 0x03, 0xC0, 0x5D, 0x34,
    0xD1, 0xF7, 0x59, 0xFB, 0xFF, 0xDB, 0x59, 0x77, 0xD6, 0x5F, 0x75, 0x57, 0xD6, 0x04, 0x18, 0x5D,
    0x3B, 0x5A, 0xE5, 0xA0, 0x7F, 0xC4, 0xB7, 0xA1, 0x78, 0x4C, 0x6A, 0x56, 0x93, 0x35, 0x32, 0xB3,
    0xDF, 0xC7, 0xB4, 0xAA, 0x75, 0x1C, 0x0A, 0xE1, 0x91, 0x65, 0x9A, 0xDC, 0x4D, 0xDB, 0xCB, 0xF0,
    0xBA, 0x38, 0xBC, 0x9D, 0x77, 0x37, 0xDC, 0x78, 0x7F, 0xFC, 0xE2, 0xB9, 0x56, 0x0C, 0x25, 0x3C,
    0x72, 0xEC, 0xE7, 0xEB, 0xC5, 0xDD, 0xDB, 0x19, 0x5E, 0xB7, 0x97, 0x6E, 0x6A, 0x72, 0x43, 0x5A,
    0x1D, 0x8F, 0xE3, 0x6D, 0xAD, 0xE7, 0x07, 0x5E, 0xC2, 0x23, 0xC7, 0xFE, 0x0F, 0x7D, 0x92, 0x01,
    0x64, 0x1C, 0x4D, 0x14, 0xC7, 0x7F, 0x73, 0x9B, 0x64, 0xC5, 0x7E, 0xC9, 0x1C, 0x3E, 0x7C, 0x3E,
    0xD5, 0x0D, 0xA0, 0xB8, 0xBB, 0x2D, 0x0E, 0x29, 0x97, 0xCE, 0x54, 0x0B, 0x80, 0x20, 0x01, 0xA0,
    0x00, 0x40, 0xE1, 0x70, 0xDA, 0x4B, 0x6F, 0xB4, 0x00, 0x50, 0xA0, 0x28, 0x04, 0x40, 0x41, 0x90,
    0x12, 0x68, 0x6F, 0x00, 0x28, 0x6C, 0x01, 0x80, 0x4D, 0x01, 0xA0, 0x23, 0xD9, 0xEA, 0x91, 0xBB,
    0xBC, 0xDE, 0x58, 0x89, 0x1C, 0xD5, 0xB7, 0xEF, 0xF7, 0x7F, 0xF3, 0x7F, 0xEB, 0x3D, 0x98, 0x99,
    0xCC, 0xD1, 0x62, 0x1B, 0x4D, 0x3C, 0x04, 0x5A, 0x25, 0xAA, 0x8A, 0xD9, 0xD8, 0xA8, 0x13, 0x11,
    0x0B, 0x46, 0x04, 0xE8, 0x72, 0x1F, 0xD0, 0x0C, 0xA2, 0xDA, 0x11, 0x90, 0xBA, 0x1A, 0x48, 0x7C,
    0x00, 0x5A, 0xDF, 0x4B, 0x80, 0x4B, 0x0F, 0x30, 0x75, 0x40, 0x26, 0x00, 0x5A, 0xA2, 0x17, 0x99,
    0xCB, 0x92, 0xB8, 0x34, 0xB2, 0xBF, 0x84, 0x3B, 0x64, 0x22, 0x91, 0x95, 0x5E, 0x7B, 0x49, 0xA0,
    0x21, 0xCE, 0x46, 0x38, 0xD8, 0x49, 0x25, 0xE4, 0x1F, 0xAA, 0x81, 0x0E, 0xA3, 0xEE, 0x70, 0x78,
    0xBA, 0xFB, 0xB2, 0x1C, 0x1A, 0x17, 0x8A, 0xF7, 0x95, 0x11, 0xC7, 0x01, 0x00, 0x6C, 0x01, 0x39,
    0x60, 0x2C, 0xBC, 0xF2, 0x70, 0x51, 0xA2, 0xCE, 0xE3, 0x9A, 0x9A, 0xD4, 0x8F, 0xD0, 0x76, 0x40,
    0x2E, 0xD7, 0x18, 0x11, 0xA6, 0xB2, 0x30, 0x32, 0xEF, 0x51, 0xE7, 0x2A, 0xE8, 0xA7, 0x65, 0xFA,
    0xD6, 0x27, 0x5F, 0xAD, 0xFA, 0x01, 0x0B, 0x18, 0x43, 0x1F, 0xDA, 0x30, 0xB9, 0x06, 0x25, 0x12,
    0x48, 0x2B, 0x35, 0x43, 0x7B, 0x06, 0x18, 0xE8, 0x32, 0x87, 0x3D, 0x66, 0xB0, 0x46, 0x0D, 0x34,
    0x22, 0x32, 0x6F, 0xA4, 0xB1, 0x33, 0x80, 0x2F, 0x00, 0x85, 0x43, 0x93, 0x55, 0xF4, 0x50, 0xF1,
    0x37, 0x93, 0xA5, 0x88, 0x84, 0x65, 0x9A, 0x85, 0x59, 0x00, 0x24, 0x3E, 0x71, 0xD3, 0x99, 0xCC,
    0x32, 0x34, 0x9B, 0xF0, 0x2F, 0x0C, 0xD8, 0x7E, 0x54, 0x6A, 0x29, 0x93, 0x6B, 0x32, 0xB1, 0x8F,
    0xAF, 0x7C, 0xFB, 0x1C, 0x55, 0xA2, 0xF6, 0x75, 0xFD, 0xA0, 0xF3, 0xF0, 0x5E, 0xBF, 0x5F, 0x54,
    0xEB, 0x6C, 0xB8, 0x22, 0x4C, 0x6B, 0xA9, 0x25, 0x4C, 0xCB, 0xFF, 0x21, 0x11, 0x8F, 0xFE, 0xE8,
    0xD8, 0x02, 0x3A, 0xC0, 0x2E, 0x30, 0x04, 0x4E, 0x60, 0xBF, 0x82, 0x4F, 0x1E, 0x0A, 0x0F, 0x99,
    0xE5, 0x36, 0xF4, 0x4F, 0xC1, 0x88, 0xF8, 0x71, 0xFE, 0xA6, 0x3A, 0xD3, 0x4F, 0xAA, 0x58, 0xA3,
    0x8F, 0x7D, 0x00, 0xD8, 0x81, 0x53, 0x54, 0x45, 0xEA, 0xD1, 0xB0, 0x07, 0x67, 0x2B, 0x6E, 0x22,
    0xC1, 0x48, 0x38, 0xA9, 0xFE, 0xFC, 0x3D, 0x7F, 0x47, 0x0F, 0x30, 0xC0, 0xC4, 0xC1, 0x95, 0x47,
    0x5D, 0x96, 0x24, 0xDF, 0x9A, 0x1B, 0xC9, 0xDC, 0x18, 0xCD, 0x80, 0x1E, 0x3D, 0x06, 0x68, 0x3A,
    0x64, 0x00, 0xFC, 0xC7, 0x06, 0xD1, 0xF7, 0xC8, 0xD1, 0xEC, 0xA1, 0xED, 0x98, 0xD4, 0xD7, 0x24,
    0x65, 0x40, 0x5D, 0x54, 0xF0, 0xCB, 0x37, 0xEF, 0xCC, 0xD0, 0x00, 0x70, 0x0C, 0x01, 0x56, 0xA3,
    0x0D, 0xA3, 0xC4, 0xF7, 0x5B, 0xEE, 0x38, 0xB1, 0x21, 0x75, 0x28, 0x56, 0xC2, 0x12, 0x9F, 0xBD,
    0x47, 0xAD, 0x15, 0xF3, 0xCD, 0x35, 0x30, 0xC3, 0xEE, 0x0E, 0x2D, 0xC8, 0xC8, 0xC5, 0x15, 0xE2,
    0xA8, 0x30, 0x12, 0x73, 0x1B, 0xFE, 0x01, 0x40, 0xC4, 0x2F, 0xF3, 0xEE, 0x61, 0xF5, 0x1C, 0x17,
    0xF2, 0xC2, 0x92, 0x56, 0xF0, 0x1A, 0x62, 0x29, 0x00, 0x5D, 0x82, 0x9A, 0x01, 0x85, 0x83, 0x56,
    0x0D, 0x1C, 0x71, 0x78, 0xF8, 0x8C, 0x9B, 0xB1, 0xF4, 0xA6, 0x5D, 0xD8, 0x66, 0x28, 0x0E, 0xA3,
    0x2D, 0x7C, 0x86, 0xAC, 0xBC, 0x2D, 0x47, 0xC0, 0xFA, 0xE1, 0x01, 0xB9, 0xCC, 0xC0, 0x42, 0xF8,
    0x5B, 0x4E, 0xC4, 0x1B, 0xF1, 0x9D, 0xA3, 0xF1, 0x6F,
};

static const EpdGlyph edslab_12_italicGlyphs[] = {
    { 0, 0, 138, 0, 0, 0, 0 }, // U+0020
    { 7, 17, 87, 0, 17, 30, 0 }, // !
    { 8, 5, 135, 2, 17, 10, 30 }, // "
    { 20, 17, 319, 0, 17, 85, 40 }, // #
    { 15, 23, 243, 0, 20, 87, 125 }, // $
    { 20, 17, 375, 2, 17, 85, 212 }, // %
    { 16, 17, 292, 1, 17, 68, 297 }, // &
    { 4, 5, 78, 2, 17, 5, 365 }, // '
    { 12, 27, 172, 1, 22, 81, 370 }, // (
    { 12, 27, 172, -1, 22, 81, 451 }, // )
    { 10, 8, 172, 2, 20, 20, 532 }, // *
    { 8, 8, 155, 1, 10, 16, 552 }, // +
    { 5, 6, 86, -1, 3, 8, 568 }, // ,
    { 8, 2, 155, 1, 7, 4, 576 }, // -
    { 4, 3, 88, 0, 3, 3, 580 }, // .
    { 13, 22, 157, -2, 17, 72, 583 }, // /
    { 16, 19, 242, 0, 18, 76, 655 }, // 0
    { 8, 17, 146, 0, 17, 34, 731 }, // 1
    { 15, 17, 226, 0, 17, 64, 765 }, // 2
    { 16, 17, 234, 0, 17, 68, 829 }, // 3
    { 14, 17, 233, 0, 17, 60, 897 }, // 4
    { 15, 17, 230, 0, 17, 64, 957 }, // 5
    { 15, 17, 232, 0, 17, 64, 1021 }, // 6
    { 14, 17, 223, 1, 17, 60, 1085 }, // 7
    { 15, 17, 238, 0, 17, 64, 1145 }, // 8
    { 15, 17, 220, 0, 17, 64, 1209 }, // 9
    { 4, 11, 109, 1, 11, 11, 1273 }, // :
    { 4, 14, 108, 1, 11, 14, 1284 }, // ;
    { 13, 13, 220, 1, 13, 43, 1298 }, // <
    { 8, 5, 162, 1, 9, 10, 1341 }, // =
    { 13, 13, 220, 0, 13, 43, 1351 }, // >
    { 13, 18, 221, 2, 17, 59, 1394 }, // ?
    { 23, 22, 383, 1, 19, 127, 1453 }, // @
    { 21, 17, 356, 0, 17, 90, 1580 }, // A
    { 18, 17, 287, 0, 17, 77, 1670 }, // B
    { 17, 17, 282, 1, 17, 73, 1747 }, // C
    { 21, 17, 320, 0, 17, 90, 1820 }, // D
    { 19, 17, 276, 0, 17, 81, 1910 }, // E
    { 19, 17, 276, 0, 17, 81, 1991 }, // F
    { 17, 17, 284, 1, 17, 73, 2072 }, // G
    { 23, 17, 348, 0, 17, 98, 2145 }, // H
    { 11, 17, 150, 0, 17, 47, 2243 }, // I
    { 15, 17, 224, 0, 17, 64, 2290 }, // J
    { 20, 17, 299, 0, 17, 85, 2354 }, // K
    { 17, 17, 279, 0, 17, 73, 2439 }, // L
    { 26, 17, 396, 0, 17, 111, 2512 }, // M
    { 23, 17, 348, 0, 17, 98, 2623 }, // N
    { 19, 17, 326, 1, 17, 81, 2721 }, // O
    { 19, 17, 287, 0, 17, 81, 2802 }, // P
    { 19, 21, 351, 1, 17, 100, 2883 }, // Q
    { 19, 17, 307, 0, 17, 81, 2983 }, // R
    { 16, 17, 233, -1, 17, 68, 3064 }, // S
    { 18, 17, 301, 2, 17, 77, 3132 }, // T
    { 21, 17, 358, 3, 17, 90, 3209 }, // U
    { 21, 17, 356, 3, 17, 90, 3299 }, // V
    { 30, 17, 506, 3, 17, 128, 3389 }, // W
    { 21, 17, 326, 0, 17, 90, 3517 }, // X
    { 18, 17, 311, 3, 17, 77, 3607 }, // Y
    { 18, 17, 271, 0, 17, 77, 3684 }, // Z
    { 11, 23, 124, -1, 17, 64, 3761 }, // [
    { 5, 23, 156, 2, 18, 29, 3825 }, // <backslash>
    { 11, 23, 136, -2, 17, 64, 3854 }, // ]
    { 12, 9, 220, 2, 18, 27, 3918 }, // ^
    { 11, 2, 199, -1, 0, 6, 3945 }, // _
    { 3, 5, 100, 4, 20, 4, 3951 }, // `
    { 11, 11, 204, 0, 11, 31, 3955 }, // a
    { 13, 19, 230, 1, 19, 62, 3986 }, // b
    { 12, 11, 190, 0, 11, 33, 4048 }, // c
    { 14, 20, 228, 0, 19, 70, 4081 }, // d
    { 11, 11, 184, 0, 11, 31, 4151 }, // e
    { 13, 20, 140, -1, 17, 65, 4182 }, // f
    { 16, 18, 214, -2, 11, 72, 4247 }, // g
    { 15, 20, 240, -1, 19, 75, 4319 }, // h
    { 6, 16, 110, 0, 15, 24, 4394 }, // i
    { 9, 21, 95, -3, 15, 48, 4418 }, // j
    { 14, 19, 240, 0, 19, 67, 4466 }, // k
    { 7, 20, 122, 1, 19, 35, 4533 }, // l
    { 20, 12, 344, 0, 11, 60, 4568 }, // m
    { 14, 12, 244, 0, 11, 42, 4628 }, // n
    { 13, 11, 206, 0, 11, 36, 4670 }, // o
    { 15, 17, 219, -2, 11, 64, 4706 }, // p
    { 12, 17, 198, 0, 11, 51, 4770 }, // q
    { 13, 11, 191, 0, 11, 36, 4821 }, // r
    { 11, 11, 155, -1, 11, 31, 4857 }, // s
    { 10, 16, 162, 0, 16, 40, 4888 }, // t
    { 13, 11, 230, 0, 11, 36, 4928 }, // u
    { 16, 11, 254, 0, 11, 44, 4964 }, // v
    { 23, 11, 366, 0, 11, 64, 5008 }, // w
    { 15, 11, 248, 0, 11, 42, 5072 }, // x
    { 17, 17, 254, -1, 11, 73, 5114 }, // y
    { 12, 11, 194, 0, 11, 33, 5187 }, // z
    { 9, 24, 115, 0, 18, 54, 5220 }, // {
    { 8, 25, 73, -1, 21, 50, 5274 }, // |
    { 9, 24, 114, -2, 18, 54, 5324 }, // }
    { 10, 4, 196, 1, 9, 10, 5378 }, // ~
    { 0, 0, 138, 0, 0, 0, 0 }, // U+00A0
    { 7, 17, 92, 0, 17, 30, 0 }, // U+00A1
    { 12, 15, 190, 0, 13, 45, 30 }, // U+00A2
    { 13, 20, 208, 0, 17, 65, 75 }, // U+00A3
    { 13, 11, 200, 0, 13, 36, 140 }, // U+00A4
    { 18, 17, 311, 3, 17, 77, 176 }, // U+00A5
    { 5, 17, 96, 1, 17, 22, 253 }, // U+00A6
    { 11, 15, 168, -1, 16, 42, 275 }, // U+00A7
    { 6, 2, 160, 4, 17, 3, 317 }, // U+00A8
    { 19, 19, 344, 2, 17, 91, 320 }, // U+00A9
    { 10, 8, 146, 0, 15, 20, 411 }, // U+00AA
    { 9, 9, 164, 1, 12, 21, 431 }, // U+00AB
    { 11, 5, 216, 2, 9, 14, 452 }, // U+00AC
    { 8, 2, 155, 1, 7, 4, 466 }, // U+00AD
    { 19, 20, 344, 2, 18, 95, 470 }, // U+00AE
    { 6, 2, 160, 4, 17, 3, 565 }, // U+00AF
    { 4, 4, 168, 5, 18, 4, 568 }, // U+00B0
    { 9, 11, 200, 1, 12, 25, 572 }, // U+00B1
    { 9, 10, 156, 1, 18, 23, 597 }, // U+00B2
    { 10, 10, 161, 1, 18, 25, 620 }, // U+00B3
    { 4, 3, 160, 5, 18, 3, 645 }, // U+00B4
    { 16, 17, 230, -3, 11, 68, 648 }, // U+00B5
    { 13, 19, 224, 1, 17, 62, 716 }, // U+00B6
    { 4, 3, 88, 1, 9, 3, 778 }, // U+00B7
    { 5, 3, 160, 1, -1, 4, 781 }, // U+00B8
    { 5, 10, 106, 1, 18, 13, 785 }, // U+00B9
    { 9, 8, 148, 1, 15, 18, 798 }, // U+00BA
    { 9, 9, 164, 1, 12, 21, 816 }, // U+00BB
    { 16, 20, 224, 0, 19, 80, 837 }, // U+00BC
    { 16, 20, 224, 0, 19, 80, 917 }, // U+00BD
    { 16, 20, 224, 0, 19, 80, 997 }, // U+00BE
    { 13, 18, 221, 0, 18, 59, 1077 }, // U+00BF
    { 21, 19, 356, 0, 19, 100, 1136 }, // U+00C0
    { 21, 20, 356, 0, 20, 105, 1236 }, // U+00C1
    { 21, 19, 356, 0, 19, 100, 1341 }, // U+00C2
    { 21, 20, 356, 0, 20, 105, 1441 }, // U+00C3
    { 21, 19, 356, 0, 19, 100, 1546 }, // U+00C4
    { 21, 21, 356, 0, 21, 111, 1646 }, // U+00C5
    { 34, 17, 516, 0, 17, 145, 1757 }, // U+00C6
    { 17, 20, 282, 1, 17, 85, 1902 }, // U+00C7
    { 19, 19, 276, 0, 19, 91, 1987 }, // U+00C8
    { 19, 20, 276, 0, 20, 95, 2078 }, // U+00C9
    { 19, 19, 276, 0, 19, 91, 2173 }, // U+00CA
    { 19, 19, 276, 0, 19, 91, 2264 }, // U+00CB
    { 11, 19, 150, 0, 19, 53, 2355 }, // U+00CC
    { 11, 20, 150, 0, 20, 55, 2408 }, // U+00CD
    { 11, 19, 150, 0, 19, 53, 2463 }, // U+00CE
    { 11, 19, 150, 0, 19, 53, 2516 }, // U+00CF
    { 21, 17, 320, 0, 17, 90, 2569 }, // U+00D0
    { 23, 20, 348, 0, 20, 115, 2659 }, // U+00D1
    { 19, 19, 326, 1, 19, 91, 2774 }, // U+00D2
    { 19, 20, 326, 1, 20, 95, 2865 }, // U+00D3
    { 19, 19, 326, 1, 19, 91, 2960 }, // U+00D4
    { 19, 20, 326, 1, 20, 95, 3051 }, // U+00D5
    { 19, 19, 326, 1, 19, 91, 3146 }, // U+00D6
    { 9, 8, 200, 2, 11, 18, 3237 }, // U+00D7
    { 21, 21, 326, 0, 19, 111, 3255 }, // U+00D8
    { 21, 19, 358, 3, 19, 100, 3366 }, // U+00D9
    { 21, 20, 358, 3, 20, 105, 3466 }, // U+00DA
    { 21, 19, 358, 3, 19, 100, 3571 }, // U+00DB
    { 21, 19, 358, 3, 19, 100, 3671 }, // U+00DC
    { 18, 20, 311, 3, 20, 90, 3771 }, // U+00DD
    { 14, 18, 320, 0, 17, 63, 3861 }, // U+00DE
    { 12, 17, 216, 0, 17, 51, 3924 }, // U+00DF
    { 11, 14, 204, 0, 14, 39, 3975 }, // U+00E0
    { 11, 14, 204, 0, 14, 39, 4014 }, // U+00E1
    { 11, 14, 204, 0, 14, 39, 4053 }, // U+00E2
    { 11, 14, 204, 0, 14, 39, 4092 }, // U+00E3
    { 11, 13, 204, 0, 13, 36, 4131 }, // U+00E4
    { 11, 15, 204, 0, 15, 42, 4167 }, // U+00E5
    { 21, 11, 344, 0, 11, 58, 4209 }, // U+00E6
    { 12, 14, 190, 0, 11, 42, 4267 }, // U+00E7
    { 11, 14, 184, 0, 14, 39, 4309 }, // U+00E8
    { 11, 14, 184, 0, 14, 39, 4348 }, // U+00E9
    { 11, 14, 184, 0, 14, 39, 4387 }, // U+00EA
    { 11, 13, 184, 0, 13, 36, 4426 }, // U+00EB
    { 6, 14, 110, 0, 13, 21, 4462 }, // U+00EC
    { 6, 15, 110, 0, 14, 23, 4483 }, // U+00ED
    { 7, 15, 110, 0, 14, 27, 4506 }, // U+00EE
    { 7, 14, 110, 0, 13, 25, 4533 }, // U+00EF
    { 17, 20, 228, 0, 19, 85, 4558 }, // U+00F0
    { 14, 15, 244, 0, 14, 53, 4643 }, // U+00F1
    { 13, 14, 206, 0, 14, 46, 4696 }, // U+00F2
    { 13, 14, 206, 0, 14, 46, 4742 }, // U+00F3
    { 13, 14, 206, 0, 14, 46, 4788 }, // U+00F4
    { 13, 14, 206, 0, 14, 46, 4834 }, // U+00F5
    { 13, 13, 206, 0, 13, 43, 4880 }, // U+00F6
    { 7, 8, 200, 3, 11, 14, 4923 }, // U+00F7
    { 16, 15, 206, -2, 13, 60, 4937 }, // U+00F8
    { 13, 14, 230, 0, 14, 46, 4997 }, // U+00F9
    { 13, 14, 230, 0, 14, 46, 5043 }, // U+00FA
    { 13, 14, 230, 0, 14, 46, 5089 }, // U+00FB
    { 13, 14, 230, 0, 14, 46, 5135 }, // U+00FC
    { 17, 20, 254, -1, 14, 85, 5181 }, // U+00FD
    { 16, 25, 230, -2, 19, 100, 5266 }, // U+00FE
    { 17, 20, 254, -1, 14, 85, 5366 }, // U+00FF
    { 21, 19, 356, 0, 19, 100, 0 }, // U+0100
    { 11, 13, 204, 0, 13, 36, 100 }, // U+0101
    { 21, 20, 356, 0, 20, 105, 136 }, // U+0102
    { 11, 14, 204, 0, 14, 39, 241 }, // U+0103
    { 21, 21, 356, 0, 17, 111, 280 }, // U+0104
    { 11, 15, 204, 0, 11, 42, 391 }, // U+0105
    { 17, 20, 282, 1, 20, 85, 433 }, // U+0106
    { 12, 14, 190, 0, 14, 42, 518 }, // U+0107
    { 17, 20, 282, 1, 20, 85, 560 }, // U+0108
    { 12, 14, 190, 0, 14, 42, 645 }, // U+0109
    { 17, 20, 282, 1, 20, 85, 687 }, // U+010A
    { 12, 14, 190, 0, 14, 42, 772 }, // U+010B
    { 17, 21, 282, 1, 21, 90, 814 }, // U+010C
    { 12, 14, 190, 0, 14, 42, 904 }, // U+010D
    { 21, 20, 320, 0, 20, 105, 946 }, // U+010E
    { 18, 20, 228, 0, 19, 90, 1051 }, // U+010F
    { 21, 17, 320, 0, 17, 90, 1141 }, // U+0110
    { 17, 20, 228, 0, 19, 85, 1231 }, // U+0111
    { 19, 19, 276, 0, 19, 91, 1316 }, // U+0112
    { 11, 13, 184, 0, 13, 36, 1407 }, // U+0113
    { 19, 21, 276, 0, 21, 100, 1443 }, // U+0114
    { 11, 15, 184, 0, 15, 42, 1543 }, // U+0115
    { 19, 20, 276, 0, 20, 95, 1585 }, // U+0116
    { 11, 14, 184, 0, 14, 39, 1680 }, // U+0117
    { 19, 21, 276, 0, 17, 100, 1719 }, // U+0118
    { 11, 15, 184, 0, 11, 42, 1819 }, // U+0119
    { 19, 20, 276, 0, 20, 95, 1861 }, // U+011A
    { 11, 14, 184, 0, 14, 39, 1956 }, // U+011B
    { 17, 20, 284, 1, 20, 85, 1995 }, // U+011C
    { 16, 21, 214, -2, 14, 84, 2080 }, // U+011D
    { 17, 21, 284, 1, 21, 90, 2164 }, // U+011E
    { 16, 22, 214, -2, 15, 88, 2254 }, // U+011F
    { 17, 20, 284, 1, 20, 85, 2342 }, // U+0120
    { 16, 21, 214, -2, 14, 84, 2427 }, // U+0121
    { 17, 20, 284, 1, 17, 85, 2511 }, // U+0122
    { 16, 21, 214, -2, 11, 84, 2596 }, // U+0123
    { 23, 20, 348, 0, 20, 115, 2680 }, // U+0124
    { 15, 23, 240, -1, 22, 87, 2795 }, // U+0125
    { 23, 17, 348, 0, 17, 98, 2882 }, // U+0126
    { 15, 20, 240, -1, 19, 75, 2980 }, // U+0127
    { 11, 21, 152, 0, 21, 58, 3055 }, // U+0128
    { 9, 15, 110, 0, 14, 34, 3113 }, // U+0129
    { 11, 19, 150, 0, 19, 53, 3147 }, // U+012A
    { 7, 14, 110, 0, 13, 25, 3200 }, // U+012B
    { 11, 21, 150, 0, 21, 58, 3225 }, // U+012C
    { 7, 15, 114, 1, 14, 27, 3283 }, // U+012D
    { 11, 21, 150, 0, 17, 58, 3310 }, // U+012E
    { 6, 19, 110, 0, 15, 29, 3368 }, // U+012F
    { 11, 20, 150, 0, 20, 55, 3397 }, // U+0130
    { 5, 12, 110, 0, 11, 15, 3452 }, // U+0131
    { 24, 17, 358, 0, 17, 102, 3467 }, // U+0132
    { 12, 21, 193, 0, 15, 63, 3569 }, // U+0133
    { 15, 20, 224, 0, 20, 75, 3632 }, // U+0134
    { 9, 19, 96, -3, 13, 43, 3707 }, // U+0135
    { 20, 20, 299, 0, 17, 100, 3750 }, // U+0136
    { 14, 22, 240, 0, 19, 77, 3850 }, // U+0137
    { 17, 20, 279, 0, 20, 85, 3927 }, // U+0139
    { 7, 23, 122, 1, 22, 41, 4012 }, // U+013A
    { 17, 20, 279, 0, 17, 85, 4053 }, // U+013B
    { 8, 22, 122, 0, 19, 44, 4138 }, // U+013C
    { 17, 20, 279, 0, 20, 85, 4182 }, // U+013D
    { 10, 20, 122, 1, 19, 50, 4267 }, // U+013E
    { 20, 17, 339, 0, 17, 85, 4317 }, // U+013F
    { 10, 20, 182, 1, 19, 50, 4402 }, // U+0140
    { 17, 17, 279, 0, 17, 73, 4452 }, // U+0141
    { 9, 20, 122, -1, 19, 45, 4525 }, // U+0142
    { 23, 20, 348, 0, 20, 115, 4570 }, // U+0143
    { 14, 15, 244, 0, 14, 53, 4685 }, // U+0144
    { 23, 20, 348, 0, 17, 115, 4738 }, // U+0145
    { 14, 14, 244, 0, 11, 49, 4853 }, // U+0146
    { 23, 20, 348, 0, 20, 115, 4902 }, // U+0147
    { 14, 15, 244, 0, 14, 53, 5017 }, // U+0148
    { 16, 22, 265, -1, 21, 88, 5070 }, // U+0149
    { 23, 24, 347, 0, 17, 138, 5158 }, // U+014A
    { 14, 18, 244, 0, 11, 63, 5296 }, // U+014B
    { 19, 20, 326, 1, 20, 95, 5359 }, // U+014C
    { 13, 13, 206, 0, 13, 43, 5454 }, // U+014D
    { 19, 21, 326, 1, 21, 100, 5497 }, // U+014E
    { 13, 15, 206, 0, 15, 49, 5597 }, // U+014F
    { 19, 21, 326, 1, 21, 100, 5646 }, // U+0150
    { 13, 14, 206, 0, 14, 46, 5746 }, // U+0151
    { 35, 17, 553, 1, 17, 149, 5792 }, // U+0152
    { 22, 11, 354, 0, 11, 61, 5941 }, // U+0153
    { 19, 20, 307, 0, 20, 95, 6002 }, // U+0154
    { 13, 14, 191, 0, 14, 46, 6097 }, // U+0155
    { 19, 20, 307, 0, 17, 95, 6143 }, // U+0156
    { 13, 14, 191, 0, 11, 46, 6238 }, // U+0157
    { 19, 21, 307, 0, 21, 100, 6284 }, // U+0158
    { 13, 14, 191, 0, 14, 46, 6384 }, // U+0159
    { 16, 20, 233, -1, 20, 80, 6430 }, // U+015A
    { 11, 14, 155, -1, 14, 39, 6510 }, // U+015B
    { 16, 20, 233, -1, 20, 80, 6549 }, // U+015C
    { 11, 14, 155, -1, 14, 39, 6629 }, // U+015D
    { 16, 21, 233, -1, 17, 84, 6668 }, // U+015E
    { 11, 15, 155, -1, 11, 42, 6752 }, // U+015F
    { 16, 21, 233, -1, 21, 84, 6794 }, // U+0160
    { 11, 14, 155, -1, 14, 39, 6878 }, // U+0161
    { 18, 22, 301, 2, 17, 99, 6917 }, // U+0162
    { 10, 20, 162, 0, 16, 50, 7016 }, // U+0163
    { 18, 20, 301, 2, 20, 90, 7066 }, // U+0164
    { 15, 17, 168, 0, 17, 64, 7156 }, // U+0165
    { 18, 17, 301, 2, 17, 77, 7220 }, // U+0166
    { 10, 16, 162, 0, 16, 40, 7297 }, // U+0167
    { 21, 21, 358, 3, 21, 111, 7337 }, // U+0168
    { 13, 14, 230, 0, 14, 46, 7448 }, // U+0169
    { 21, 20, 358, 3, 20, 105, 7494 }, // U+016A
    { 13, 13, 230, 0, 13, 43, 7599 }, // U+016B
    { 21, 21, 358, 3, 21, 111, 7642 }, // U+016C
    { 13, 14, 230, 0, 14, 46, 7753 }, // U+016D
    { 21, 21, 358, 3, 21, 111, 7799 }, // U+016E
    { 13, 15, 230, 0, 15, 49, 7910 }, // U+016F
    { 21, 20, 358, 3, 20, 105, 7959 }, // U+0170
    { 13, 14, 230, 0, 14, 46, 8064 }, // U+0171
    { 21, 21, 358, 3, 17, 111, 8110 }, // U+0172
    { 13, 15, 230, 0, 11, 49, 8221 }, // U+0173
    { 30, 20, 506, 3, 20, 150, 8270 }, // U+0174
    { 23, 14, 366, 0, 14, 81, 8420 }, // U+0175
    { 18, 20, 311, 3, 20, 90, 8501 }, // U+0176
    { 17, 19, 254, -1, 13, 81, 8591 }, // U+0177
    { 18, 19, 311, 3, 19, 86, 8672 }, // U+0178
    { 18, 20, 271, 0, 20, 90, 8758 }, // U+0179
    { 12, 14, 194, 0, 14, 42, 8848 }, // U+017A
    { 18, 19, 271, 0, 19, 86, 8890 }, // U+017B
    { 12, 14, 194, 0, 14, 42, 8976 }, // U+017C
    { 18, 20, 271, 0, 20, 90, 9018 }, // U+017D
    { 12, 14, 194, 0, 14, 42, 9108 }, // U+017E
    { 21, 21, 356, 0, 21, 111, 0 }, // U+01CD
    { 11, 16, 204, 0, 16, 44, 111 }, // U+01CE
    { 11, 20, 150, 0, 20, 55, 155 }, // U+020A
    { 6, 17, 120, 1, 16, 26, 210 }, // U+020B
    { 16, 21, 233, -1, 17, 84, 236 }, // U+0218
    { 11, 15, 155, -1, 11, 42, 320 }, // U+0219
    { 18, 22, 301, 2, 17, 99, 362 }, // U+021A
    { 10, 20, 162, 0, 16, 50, 461 }, // U+021B
    { 4, 6, 0, 0, 18, 6, 0 }, // U+0301
    { 4, 6, 0, 0, 18, 6, 6 }, // U+0312
    { 4, 6, 0, 0, 18, 6, 12 }, // U+0313
    { 4, 6, 0, 0, 18, 6, 18 }, // U+0314
    { 4, 6, 0, 0, 18, 6, 24 }, // U+0315
    { 4, 6, 0, 0, 18, 6, 30 }, // U+0341
    { 4, 6, 0, 0, 18, 6, 36 }, // U+0343
    { 19, 22, 272, 0, 22, 105, 0 }, // U+0401
    { 17, 17, 274, 1, 17, 73, 105 }, // U+0404
    { 11, 17, 146, 0, 17, 47, 178 }, // U+0406
    { 11, 21, 154, 0, 21, 58, 225 }, // U+0407
    { 21, 17, 356, 0, 17, 90, 283 }, // U+0410
    { 18, 17, 288, 0, 17, 77, 373 }, // U+0411
    { 18, 17, 287, 0, 17, 77, 450 }, // U+0412
    { 17, 17, 252, 0, 17, 73, 527 }, // U+0413
    { 22, 20, 320, -1, 17, 110, 600 }, // U+0414
    { 19, 17, 276, 0, 17, 81, 710 }, // U+0415
    { 30, 17, 448, -1, 17, 128, 791 }, // U+0416
    { 16, 17, 248, 0, 17, 68, 919 }, // U+0417
    { 21, 17, 347, 2, 17, 90, 987 }, // U+0418
    { 21, 23, 347, 2, 23, 121, 1077 }, // U+0419
    { 20, 17, 295, 0, 17, 85, 1198 }, // U+041A
    { 22, 17, 319, -1, 17, 94, 1283 }, // U+041B
    { 26, 17, 396, 0, 17, 111, 1377 }, // U+041C
    { 23, 17, 348, 0, 17, 98, 1488 }, // U+041D
    { 19, 17, 318, 1, 17, 81, 1586 }, // U+041E
    { 23, 17, 348, 0, 17, 98, 1667 }, // U+041F
    { 19, 17, 287, 0, 17, 81, 1765 }, // U+0420
    { 17, 17, 274, 1, 17, 73, 1846 }, // U+0421
    { 18, 17, 301, 2, 17, 77, 1919 }, // U+0422
    { 20, 17, 334, 2, 17, 85, 1996 }, // U+0423
    { 21, 20, 322, 0, 19, 105, 2081 }, // U+0424
    { 21, 17, 326, 0, 17, 90, 2186 }, // U+0425
    { 23, 20, 348, 0, 17, 115, 2276 }, // U+0426
    { 18, 17, 315, 3, 17, 77, 2391 }, // U+0427
    { 31, 17, 478, 0, 17, 132, 2468 }, // U+0428
    { 31, 20, 478, 0, 17, 155, 2600 }, // U+0429
    { 18, 17, 315, 2, 17, 77, 2755 }, // U+042A
    { 29, 17, 435, 0, 17, 124, 2832 }, // U+042B
    { 18, 17, 283, 0, 17, 77, 2956 }, // U+042C
    { 18, 17, 270, 0, 17, 77, 3033 }, // U+042D
    { 29, 17, 446, 0, 17, 124, 3110 }, // U+042E
    { 22, 17, 307, -1, 17, 94, 3234 }, // U+042F
    { 12, 11, 192, -1, 11, 33, 3328 }, // U+0430
    { 13, 16, 179, -1, 16, 52, 3361 }, // U+0431
    { 12, 11, 203, 0, 11, 33, 3413 }, // U+0432
    { 12, 11, 192, 0, 11, 33, 3446 }, // U+0433
    { 15, 14, 243, -1, 11, 53, 3479 }, // U+0434
    { 11, 11, 172, 0, 11, 31, 3532 }, // U+0435
    { 22, 11, 344, -1, 11, 61, 3563 }, // U+0436
    { 11, 11, 166, -1, 11, 31, 3624 }, // U+0437
    { 12, 11, 236, 1, 11, 33, 3655 }, // U+0438
    { 12, 16, 236, 1, 16, 48, 3688 }, // U+0439
    { 14, 11, 239, 0, 11, 39, 3736 }, // U+043A
    { 14, 11, 237, -1, 11, 39, 3775 }, // U+043B
    { 19, 11, 302, 0, 11, 53, 3814 }, // U+043C
    { 16, 11, 247, 0, 11, 44, 3867 }, // U+043D
    { 12, 11, 206, 0, 11, 33, 3911 }, // U+043E
    { 16, 11, 247, 0, 11, 44, 3944 }, // U+043F
    { 16, 17, 227, -2, 11, 68, 3988 }, // U+0440
    { 11, 11, 182, 0, 11, 31, 4056 }, // U+0441
    { 13, 11, 204, 0, 11, 36, 4087 }, // U+0442
    { 17, 17, 246, -1, 11, 73, 4123 }, // U+0443
    { 15, 23, 244, 0, 17, 87, 4196 }, // U+0444
    { 15, 11, 248, 0, 11, 42, 4283 }, // U+0445
    { 16, 14, 248, 0, 11, 56, 4325 }, // U+0446
    { 13, 11, 229, 1, 11, 36, 4381 }, // U+0447
    { 21, 11, 328, 0, 11, 58, 4417 }, // U+0448
    { 21, 14, 329, 0, 11, 74, 4475 }, // U+0449
    { 13, 11, 219, 0, 11, 36, 4549 }, // U+044A
    { 19, 11, 307, 0, 11, 53, 4585 }, // U+044B
    { 12, 11, 200, 0, 11, 33, 4638 }, // U+044C
    { 12, 11, 181, -1, 11, 33, 4671 }, // U+044D
    { 19, 11, 306, 0, 11, 53, 4704 }, // U+044E
    { 15, 11, 221, -1, 11, 42, 4757 }, // U+044F
    { 11, 16, 176, 0, 16, 44, 4799 }, // U+0451
    { 11, 11, 185, 0, 11, 31, 4843 }, // U+0454
    { 6, 16, 110, 0, 15, 24, 4874 }, // U+0456
    { 7, 16, 118, 1, 15, 28, 4898 }, // U+0457
    { 18, 19, 252, 0, 19, 86, 4926 }, // U+0490
    { 13, 13, 193, 0, 13, 43, 5012 }, // U+0491
    { 0, 0, 200, 0, 0, 0, 0 }, // U+2002
    { 0, 0, 400, 0, 0, 0, 0 }, // U+2003
    { 0, 0, 80, 0, 0, 0, 0 }, // U+2009
    { 8, 2, 155, 1, 7, 4, 0 }, // U+2010
    { 8, 2, 155, 1, 7, 4, 4 }, // U+2011
    { 11, 2, 200, 1, 7, 6, 8 }, // U+2012
    { 11, 2, 200, 1, 7, 6, 14 }, // U+2013
    { 23, 2, 401, 1, 7, 12, 20 }, // U+2014
    { 27, 2, 400, -1, 7, 14, 32 }, // U+2015
    { 7, 17, 261, 5, 17, 30, 46 }, // U+2016
    { 5, 6, 87, 2, 18, 8, 76 }, // U+2018
    { 5, 6, 87, 2, 17, 8, 84 }, // U+2019
    { 5, 6, 86, -1, 3, 8, 92 }, // U+201A
    { 5, 6, 87, 2, 18, 8, 100 }, // U+201B
    { 9, 6, 143, 2, 18, 14, 108 }, // U+201C
    { 9, 6, 143, 2, 17, 14, 122 }, // U+201D
    { 9, 6, 143, -1, 3, 14, 136 }, // U+201E
    { 9, 6, 143, 2, 18, 14, 150 }, // U+201F
    { 8, 19, 214, 4, 17, 38, 164 }, // U+2020
    { 10, 19, 215, 2, 17, 48, 202 }, // U+2021
    { 7, 7, 168, 2, 11, 13, 250 }, // U+2022
    { 8, 9, 184, 2, 12, 18, 263 }, // U+2023
    { 4, 3, 88, 0, 3, 3, 281 }, // U+2024
    { 4, 3, 88, 0, 3, 3, 284 }, // U+2025
    { 16, 3, 292, 0, 3, 12, 287 }, // U+2026
    { 4, 3, 88, 1, 9, 3, 299 }, // U+2027
    { 22, 17, 492, 2, 17, 94, 302 }, // U+2030
    { 5, 7, 100, 2, 18, 9, 396 }, // U+2032
    { 8, 7, 148, 2, 18, 14, 405 }, // U+2033
    { 11, 7, 196, 2, 18, 20, 419 }, // U+2034
    { 5, 6, 87, 2, 18, 8, 439 }, // U+2035
    { 6, 9, 108, 1, 12, 14, 447 }, // U+2039
    { 5, 9, 108, 1, 12, 12, 461 }, // U+203A
    { 9, 2, 200, 2, 8, 5, 473 }, // U+2043
    { 10, 13, 120, 1, 12, 33, 478 }, // U+2044
    { 7, 7, 168, 2, 11, 13, 511 }, // U+204C
    { 7, 7, 168, 2, 11, 13, 524 }, // U+204D
    { 7, 7, 168, 2, 11, 13, 537 }, // U+2055
    { 10, 13, 166, 1, 20, 33, 0 }, // U+2070
    { 9, 10, 160, 1, 18, 23, 33 }, // U+2074
    { 10, 10, 158, 1, 18, 25, 56 }, // U+2075
    { 10, 10, 160, 1, 18, 25, 81 }, // U+2076
    { 10, 10, 154, 1, 18, 25, 106 }, // U+2077
    { 9, 10, 163, 1, 18, 23, 131 }, // U+2078
    { 9, 10, 152, 1, 18, 23, 154 }, // U+2079
    { 7, 6, 144, 2, 14, 11, 177 }, // U+207A
    { 7, 2, 144, 2, 12, 4, 188 }, // U+207B
    { 10, 13, 166, -1, 9, 33, 192 }, // U+2080
    { 5, 11, 106, -1, 8, 14, 225 }, // U+2081
    { 9, 11, 156, -1, 8, 25, 239 }, // U+2082
    { 10, 11, 161, -1, 8, 28, 264 }, // U+2083
    { 9, 11, 160, -1, 8, 25, 292 }, // U+2084
    { 10, 11, 158, -1, 8, 28, 317 }, // U+2085
    { 10, 11, 160, -1, 8, 28, 345 }, // U+2086
    { 10, 11, 154, -1, 8, 28, 373 }, // U+2087
    { 9, 11, 163, -1, 8, 25, 401 }, // U+2088
    { 9, 11, 152, -1, 8, 25, 426 }, // U+2089
    { 7, 6, 144, 0, 4, 11, 451 }, // U+208A
    { 7, 2, 144, 0, 2, 4, 462 }, // U+208B
    { 33, 17, 506, 0, 17, 141, 0 }, // U+20A9
    { 20, 17, 315, 0, 17, 85, 141 }, // U+20AC
    { 19, 17, 287, 0, 17, 81, 226 }, // U+20B1
    { 16, 17, 242, 0, 17, 68, 307 }, // U+20B4
    { 19, 17, 301, 1, 17, 81, 375 }, // U+20B8
    { 21, 19, 307, 0, 18, 100, 456 }, // U+20B9
    { 17, 17, 279, 0, 17, 73, 556 }, // U+20BA
    { 20, 17, 287, -1, 17, 85, 629 }, // U+20BD
    { 18, 23, 287, 0, 20, 104, 714 }, // U+20BF
    { 13, 5, 232, -1, 10, 17, 0 }, // U+2190
    { 6, 17, 220, 5, 18, 26, 17 }, // U+2191
    { 13, 5, 232, 1, 10, 17, 43 }, // U+2192
    { 7, 16, 220, 3, 14, 28, 60 }, // U+2193
    { 13, 5, 224, 0, 10, 17, 88 }, // U+2194
    { 9, 24, 224, 3, 20, 54, 105 }, // U+2195
    { 11, 13, 270, 3, 14, 36, 159 }, // U+2196
    { 11, 13, 210, 1, 14, 36, 195 }, // U+2197
    { 11, 13, 270, 3, 14, 36, 231 }, // U+2198
    { 11, 13, 210, 1, 14, 36, 267 }, // U+2199
    { 14, 7, 247, 0, 11, 25, 303 }, // U+21D0
    { 8, 13, 240, 4, 14, 26, 328 }, // U+21D1
    { 14, 7, 247, 2, 11, 25, 354 }, // U+21D2
    { 8, 13, 240, 3, 14, 26, 379 }, // U+21D3
    { 16, 7, 240, 0, 11, 28, 405 }, // U+21D4
    { 21, 18, 362, 3, 18, 95, 0 }, // U+2200
    { 15, 18, 330, 3, 18, 68, 95 }, // U+2203
    { 11, 11, 235, 2, 13, 31, 163 }, // U+2205
    { 13, 12, 240, 0, 14, 39, 194 }, // U+2206
    { 12, 12, 240, 3, 13, 36, 233 }, // U+2207
    { 17, 18, 310, 2, 18, 77, 269 }, // U+2208
    { 11, 2, 224, 2, 8, 6, 346 }, // U+2212
    { 8, 11, 208, 3, 12, 22, 352 }, // U+2213
    { 10, 9, 172, 2, 21, 23, 374 }, // U+2217
    { 7, 7, 160, 1, 11, 13, 397 }, // U+2218
    { 7, 7, 168, 2, 11, 13, 410 }, // U+2219
    { 13, 12, 220, 1, 15, 39, 423 }, // U+221A
    { 14, 9, 250, 1, 12, 32, 462 }, // U+221E
    { 11, 13, 209, 1, 14, 36, 494 }, // U+2220
    { 6, 13, 251, 5, 14, 20, 530 }, // U+2225
    { 13, 13, 232, 0, 14, 43, 550 }, // U+2227
    { 13, 13, 232, 2, 14, 43, 593 }, // U+2228
    { 10, 10, 240, 2, 12, 25, 636 }, // U+2234
    { 9, 10, 240, 4, 12, 23, 661 }, // U+2235
    { 8, 6, 156, 1, 11, 12, 684 }, // U+2248
    { 9, 10, 155, 0, 11, 23, 696 }, // U+2260
    { 9, 9, 258, 4, 12, 21, 719 }, // U+2261
    { 14, 14, 220, 0, 13, 49, 740 }, // U+2264
    { 13, 14, 220, 0, 13, 46, 789 }, // U+2265
    { 10, 13, 234, 2, 14, 33, 835 }, // U+22A5
    { 4, 3, 88, 1, 9, 3, 868 }, // U+22C5
};

static const EpdUnicodeInterval edslab_12_italicIntervals[] = {
    { 0x20, 0x7E, 0x0 },
    { 0xA0, 0x137, 0x5F },
    { 0x139, 0x17E, 0xF7 },
    { 0x1CD, 0x1CE, 0x13D },
    { 0x20A, 0x20B, 0x13F },
    { 0x218, 0x21B, 0x141 },
    { 0x301, 0x301, 0x145 },
    { 0x312, 0x315, 0x146 },
    { 0x341, 0x341, 0x14A },
    { 0x343, 0x343, 0x14B },
    { 0x401, 0x401, 0x14C },
    { 0x404, 0x404, 0x14D },
    { 0x406, 0x407, 0x14E },
    { 0x410, 0x44F, 0x150 },
    { 0x451, 0x451, 0x190 },
    { 0x454, 0x454, 0x191 },
    { 0x456, 0x457, 0x192 },
    { 0x490, 0x491, 0x194 },
    { 0x2002, 0x2003, 0x196 },
    { 0x2009, 0x2009, 0x198 },
    { 0x2010, 0x2016, 0x199 },
    { 0x2018, 0x2027, 0x1A0 },
    { 0x2030, 0x2030, 0x1B0 },
    { 0x2032, 0x2035, 0x1B1 },
    { 0x2039, 0x203A, 0x1B5 },
    { 0x2043, 0x2044, 0x1B7 },
    { 0x204C, 0x204D, 0x1B9 },
    { 0x2055, 0x2055, 0x1BB },
    { 0x2070, 0x2070, 0x1BC },
    { 0x2074, 0x207B, 0x1BD },
    { 0x2080, 0x208B, 0x1C5 },
    { 0x20A9, 0x20A9, 0x1D1 },
    { 0x20AC, 0x20AC, 0x1D2 },
    { 0x20B1, 0x20B1, 0x1D3 },
    { 0x20B4, 0x20B4, 0x1D4 },
    { 0x20B8, 0x20BA, 0x1D5 },
    { 0x20BD, 0x20BD, 0x1D8 },
    { 0x20BF, 0x20BF, 0x1D9 },
    { 0x2190, 0x2199, 0x1DA },
    { 0x21D0, 0x21D4, 0x1E4 },
    { 0x2200, 0x2200, 0x1E9 },
    { 0x2203, 0x2203, 0x1EA },
    { 0x2205, 0x2208, 0x1EB },
    { 0x2212, 0x2213, 0x1EF },
    { 0x2217, 0x221A, 0x1F1 },
    { 0x221E, 0x221E, 0x1F5 },
    { 0x2220, 0x2220, 0x1F6 },
    { 0x2225, 0x2225, 0x1F7 },
    { 0x2227, 0x2228, 0x1F8 },
    { 0x2234, 0x2235, 0x1FA },
    { 0x2248, 0x2248, 0x1FC },
    { 0x2260, 0x2261, 0x1FD },
    { 0x2264, 0x2265, 0x1FF },
    { 0x22A5, 0x22A5, 0x201 },
    { 0x22C5, 0x22C5, 0x202 },
};

static const EpdFontGroup edslab_12_italicGroups[] = {
    { 0, 2866, 5889, 95, 0 },
    { 2866, 2167, 6072, 96, 95 },
    { 5033, 2716, 10058, 126, 191 },
    { 7749, 326, 567, 8, 317 },
    { 8075, 10, 42, 7, 325 },
    { 8085, 2343, 5470, 74, 332 },
    { 10428, 359, 634, 38, 406 },
    { 10787, 321, 576, 21, 444 },
    { 11108, 497, 875, 9, 465 },
    { 11605, 280, 490, 15, 474 },
    { 11885, 540, 1006, 26, 489 },
};

static const uint16_t edslab_12_italicKernLeftCodepoints[] = {
    0x0020, 0x0022, 0x002D, 0x0030, 0x0031, 0x0032, 0x0033, 0x0034, 0x0035, 0x0036, 0x0037, 0x0038,
    0x0039, 0x0041, 0x0042, 0x0043, 0x0044, 0x0045, 0x0046, 0x0047, 0x0048, 0x0049, 0x004A, 0x004B,
    0x004C, 0x004D, 0x004E, 0x004F, 0x0050, 0x0051, 0x0052, 0x0053, 0x0054, 0x0055, 0x0056, 0x0057,
    0x0059, 0x005A, 0x0061, 0x0062, 0x0063, 0x0064, 0x0065, 0x0066, 0x0067, 0x0068, 0x0069, 0x006A,
    0x006B, 0x006C, 0x006D, 0x006E, 0x006F, 0x0070, 0x0071, 0x0072, 0x0073, 0x0074, 0x0075, 0x0076,
    0x0077, 0x0079, 0x007A, 0x0401, 0x0410, 0x0411, 0x0412, 0x0413, 0x0414, 0x0415, 0x0416, 0x0417,
    0x0418, 0x0419, 0x041A, 0x041B, 0x041C, 0x041D, 0x041E, 0x041F, 0x0420, 0x0421, 0x0422, 0x0423,
    0x0424, 0x0425, 0x0426, 0x0427, 0x0428, 0x0429, 0x042A, 0x042B, 0x042C, 0x042D, 0x042E, 0x042F,
    0x0430, 0x0431, 0x0432, 0x0433, 0x0434, 0x0435, 0x0436, 0x0437, 0x0438, 0x0439, 0x043A, 0x043B,
    0x043C, 0x043D, 0x043E, 0x043F, 0x0440, 0x0441, 0x0442, 0x0443, 0x0444, 0x0445, 0x0446, 0x0447,
    0x0448, 0x0449, 0x044A, 0x044B, 0x044C, 0x044D, 0x044E, 0x044F, 0x0451,
};

static const uint8_t edslab_12_italicKernLeftClassIds[] = {
      1,   2,   3,   4,   5,   6,   7,   8,   9,  10,  11,  12,  13,  14,  15,  16,
     17,  18,  19,  20,  21,  22,  23,  24,  25,  26,  27,  28,  29,  30,  31,  32,
     33,  34,  35,  36,  37,  38,  39,  40,  41,  42,  43,  44,  45,  46,  47,  48,
     49,  50,  51,  52,  53,  54,  55,  56,  57,  58,  59,  60,  61,  62,  63,  64,
     65,  66,  67,  68,  69,  70,  71,  72,  73,  74,  75,  76,  77,  78,  79,  80,
     81,  82,  83,  84,  85,  86,  87,  88,  89,  90,  91,  92,  93,  94,  95,  96,
     97,  98,  99, 100, 101, 102, 103, 104, 105, 106, 107, 108, 109, 110, 111, 112,
    113, 114, 115, 116, 117, 118, 119, 120, 121, 122, 123, 124, 125, 126, 127, 128,
    129,
};

static const uint16_t edslab_12_italicKernRightCodepoints[] = {
    0x0022, 0x002D, 0x0030, 0x0031, 0x0032, 0x0033, 0x0034, 0x0035, 0x0036, 0x0037, 0x0038, 0x0039,
    0x0041, 0x0042, 0x0043, 0x0044, 0x0045, 0x0046, 0x0047, 0x0048, 0x0049, 0x004A, 0x004B, 0x004C,
    0x004D, 0x004E, 0x004F, 0x0050, 0x0051, 0x0052, 0x0053, 0x0054, 0x0055, 0x0056, 0x0057, 0x0059,
    0x005A, 0x0061, 0x0062, 0x0063, 0x0064, 0x0065, 0x0066, 0x0067, 0x0068, 0x0069, 0x006A, 0x006B,
    0x006C, 0x006D, 0x006E, 0x006F, 0x0070, 0x0071, 0x0072, 0x0073, 0x0074, 0x0075, 0x0076, 0x0077,
    0x0079, 0x007A, 0x0401, 0x0410, 0x0411, 0x0412, 0x0413, 0x0414, 0x0415, 0x0416, 0x0417, 0x0418,
    0x0419, 0x041A, 0x041B, 0x041C, 0x041D, 0x041E, 0x041F, 0x0420, 0x0421, 0x0422, 0x0423, 0x0424,
    0x0425, 0x0426, 0x0427, 0x0428, 0x0429, 0x042A, 0x042B, 0x042C, 0x042D, 0x042E, 0x042F, 0x0430,
    0x0431, 0x0432, 0x0433, 0x0434, 0x0435, 0x0436, 0x0437, 0x0438, 0x0439, 0x043A, 0x043B, 0x043C,
    0x043D, 0x043E, 0x043F, 0x0440, 0x0441, 0x0442, 0x0443, 0x0444, 0x0445, 0x0446, 0x0447, 0x0448,
    0x0449, 0x044A, 0x044B, 0x044C, 0x044D, 0x044E, 0x044F, 0x0451, 0x2025,
};

static const uint8_t edslab_12_italicKernRightClassIds[] = {
      1,   2,   3,   4,   5,   6,   7,   8,   9,  10,  11,  12,  13,  14,  15,  16,
     17,  18,  19,  20,  21,  22,  23,  24,  25,  26,  27,  28,  29,  30,  31,  32,
     33,  34,  35,  36,  37,  38,  39,  40,  41,  42,  43,  44,  45,  46,  47,  48,
     49,  50,  51,  52,  53,  54,  55,  56,  57,  58,  59,  60,  61,  62,  63,  64,
     65,  66,  67,  68,  69,  70,  71,  72,  73,  74,  75,  76,  77,  78,  79,  80,
     81,  82,  83,  84,  85,  86,  87,  88,  89,  90,  91,  92,  93,  94,  95,  96,
     97,  98,  99, 100, 101, 102, 103, 104, 105, 106, 107, 108, 109, 110, 111, 112,
    113, 114, 115, 116, 117, 118, 119, 120, 121, 122, 123, 124, 125, 126, 127, 128,
    129,
};

static const uint16_t edslab_12_italicKernRowOffsets[] = {
        0,     1,    77,   192,   204,   216,   228,   238,   248,   257,   267,   279,   290,   300,   355,   403,
      451,   501,   531,   582,   625,   659,   699,   731,   782,   827,   869,   921,   969,  1018,  1072,  1114,
     1160,  1214,  1268,  1322,  1376,  1430,  1480,  1508,  1530,  1556,  1584,  1608,  1636,  1665,  1692,  1720,
     1744,  1773,  1801,  1827,  1854,  1880,  1906,  1929,  1954,  1977,  2001,  2029,  2057,  2085,  2113,  2135,
     2153,  2220,  2267,  2314,  2380,  2427,  2446,  2506,  2557,  2598,  2634,  2684,  2718,  2752,  2787,  2840,
     2876,  2920,  2978,  3032,  3098,  3146,  3199,  3248,  3298,  3333,  3376,  3432,  3465,  3515,  3565,  3614,
     3650,  3674,  3696,  3721,  3748,  3782,  3807,  3841,  3864,  3898,  3928,  3955,  3989,  4009,  4033,  4064,
     4091,  4121,  4150,  4185,  4220,  4250,  4277,  4310,  4343,  4377,  4411,  4443,  4471,  4500,  4528,  4559,
     4593,  4621,
};

static const uint8_t edslab_12_italicKernSparseCols[] = {
     81,   2,   4,   5,   6,   7,   8,  10,  12,  14,  18,  21,  26,  28,  30,  37,
     38,  39,  40,  41,  42,  43,  44,  45,  46,  47,  48,  49,  50,  51,  52,  53,
     54,  55,  60,  61,  63,  67,  69,  70,  74,  77,  80,  83,  92,  94,  95,  96,
     97,  98,  99, 100, 101, 102, 105, 106, 107, 108, 109, 110, 111, 112, 113, 114,
    115, 116, 117, 118, 119, 120, 121, 122, 123, 124, 125, 126, 127,   3,   4,   5,
      6,   7,   8,   9,  10,  12,  13,  14,  15,  16,  17,  18,  19,  20,  21,  22,
     23,  24,  25,  26,  27,  29,  30,  31,  32,  33,  34,  35,  36,  37,  38,  39,
     42,  44,  45,  46,  47,  48,  49,  50,  51,  52,  53,  54,  55,  56,  57,  58,
     59,  60,  61,  62,  63,  64,  65,  66,  67,  68,  70,  71,  72,  73,  74,  75,
     76,  78,  79,  80,  81,  82,  83,  84,  85,  86,  87,  88,  89,  90,  91,  92,
     93,  94,  96,  97,  98,  99, 100, 101, 102, 103, 105, 106, 107, 108, 109, 110,
    111, 112, 113, 114, 116, 117, 118, 119, 120, 121, 122, 123, 124, 125, 126, 127,
      0,   1,   2,   4,   5,   6,   7,   8,   9,  10,  11, 128,   0,   1,   2,   3,
      4,   5,   6,   7,   8,   9,  10,  11,   0,   1,   2,   3,   4,   5,   6,   7,
      8,   9,  10,  11,   1,   2,   3,   4,   5,   6,   7,   8,   9, 128,   0,   1,
      2,   3,   4,   5,   6,   7,   9,  10,   1,   4,   5,   6,   7,   9,  10,  11,
    128,   1,   2,   3,   4,   5,   7,   9,  10,  11, 128,   1,   2,   3,   4,   5,
      6,   7,   8,   9,  10,  11, 128,   0,   1,   2,   3,   4,   5,   7,   9,  10,
     11, 128,   1,   2,   4,   5,   6,   7,   8,   9,  10, 128,   0,   1,  12,  13,
     14,  15,  16,  17,  18,  19,  20,  21,  22,  23,  24,  25,  26,  27,  28,  29,
     30,  31,  32,  33,  34,  35,  36,  37,  38,  39,  40,  41,  42,  43,  44,  45,
     46,  47,  48,  49,  50,  51,  52,  53,  54,  55,  56,  57,  58,  59,  60,  61,
     84, 116, 128,   1,  12,  13,  14,  15,  16,  17,  19,  20,  21,  22,  23,  24,
     25,  26,  27,  28,  29,  31,  32,  33,  34,  35,  36,  37,  38,  39,  40,  41,
     42,  43,  44,  45,  46,  47,  48,  49,  50,  51,  52,  53,  54,  55,  56,  60,
     84, 116, 128,   0,   1,  12,  13,  14,  15,  16,  17,  18,  19,  22,  23,  24,
     25,  26,  27,  29,  30,  31,  32,  33,  34,  35,  36,  37,  38,  41,  42,  43,
     44,  45,  46,  47,  48,  49,  50,  51,  52,  54,  56,  57,  58,  59,  60,  61,
     84, 116, 128,   1,  12,  13,  14,  16,  17,  18,  19,  20,  21,  22,  23,  24,
     25,  26,  27,  28,  29,  30,  31,  32,  33,  34,  35,  36,  37,  38,  39,  40,
     41,  42,  43,  44,  45,  46,  47,  49,  50,  51,  52,  53,  55,  56,  57,  58,
     59,  60,  84, 116, 128,   1,  12,  14,  18,  23,  26,  28,  31,  32,  33,  34,
     35,  37,  38,  43,  45,  46,  47,  48,  50,  51,  52,  53,  55,  56,  57,  58,
     59,  60, 116,   1,  12,  13,  14,  15,  16,  17,  18,  19,  20,  21,  22,  25,
     26,  27,  28,  29,  31,  32,  33,  34,  35,  36,  37,  38,  39,  40,  41,  42,
     43,  44,  45,  46,  47,  48,  49,  50,  51,  52,  53,  54,  55,  56,  57,  58,
     59,  60,  61,  84, 116, 128,   0,   1,  12,  13,  14,  15,  16,  17,  18,  19,
     20,  21,  22,  23,  24,  25,  27,  29,  30,  31,  32,  33,  34,  35,  36,  38,
     42,  43,  44,  46,  47,  48,  49,  50,  52,  54,  55,  58,  60,  61,  84, 116,
    128,   1,  12,  14,  18,  21,  26,  28,  30,  31,  32,  33,  34,  35,  36,  37,
     38,  39,  40,  41,  49,  50,  51,  52,  53,  54,  55,  56,  57,  58,  59,  60,
     61,  84, 116,   1,  12,  14,  18,  21,  26,  28,  30,  31,  32,  33,  34,  35,
     37,  38,  39,  40,  41,  42,  43,  44,  45,  46,  47,  48,  49,  50,  51,  52,
     53,  54,  55,  56,  57,  58,  59,  60,  61,  84, 116,   0,   1,  12,  26,  28,
     30,  31,  33,  34,  35,  36,  37,  38,  40,  41,  42,  43,  44,  45,  46,  47,
     48,  49,  50,  54,  55,  57,  60,  61,  84, 116, 128,   1,  12,  14,  15,  17,
     18,  19,  20,  21,  22,  23,  24,  25,  26,  27,  28,  29,  30,  31,  32,  33,
     34,  35,  36,  37,  38,  39,  40,  41,  42,  43,  44,  45,  46,  47,  48,  49,
     50,  51,  52,  53,  54,  55,  56,  57,  58,  59,  60,  61,  84, 116,   0,   1,
     12,  13,  14,  15,  16,  18,  19,  21,  22,  24,  25,  26,  28,  29,  30,  31,
     32,  33,  34,  35,  36,  37,  38,  42,  43,  45,  46,  47,  48,  49,  50,  51,
     52,  54,  55,  56,  57,  58,  59,  60,  61,  84, 116,   1,  12,  14,  18,  21,
     26,  28,  30,  31,  32,  33,  34,  35,  36,  37,  38,  39,  40,  41,  42,  43,
     44,  45,  46,  47,  48,  49,  50,  51,  52,  53,  54,  55,  56,  57,  58,  59,
     60,  61,  84, 116, 128,   1,  12,  13,  14,  15,  16,  17,  18,  20,  21,  23,
     24,  25,  26,  27,  28,  29,  30,  31,  32,  33,  34,  35,  36,  37,  38,  39,
     40,  41,  42,  43,  44,  45,  46,  47,  48,  49,  50,  51,  52,  53,  54,  55,
     56,  57,  58,  59,  60,  61,  84, 116, 128,   0,   1,  12,  13,  14,  15,  16,
     17,  19,  20,  21,  22,  23,  24,  25,  26,  27,  28,  29,  30,  31,  32,  33,
     34,  35,  36,  37,  38,  42,  43,  44,  45,  46,  47,  48,  49,  50,  51,  52,
     54,  55,  58,  59,  60,  61,  84, 116, 128,   0,   1,  12,  13,  14,  15,  16,
     17,  18,  19,  20,  21,  22,  23,  24,  25,  26,  27,  28,  29,  30,  31,  32,
     33,  34,  35,  36,  37,  38,  39,  40,  41,  43,  44,  45,  46,  47,  48,  49,
     50,  51,  53,  55,  56,  60,  61,  84, 116, 128,   0,   1,  12,  13,  14,  15,
     16,  17,  18,  19,  20,  21,  22,  23,  24,  25,  26,  27,  28,  29,  30,  31,
     32,  33,  34,  35,  36,  37,  38,  39,  40,  41,  42,  43,  44,  45,  46,  47,
     48,  49,  50,  51,  52,  53,  54,  55,  56,  57,  58,  59,  60,  61,  84, 116,
      0,   1,  12,  13,  14,  15,  17,  18,  19,  20,  21,  22,  23,  26,  27,  28,
     29,  31,  32,  33,  34,  35,  36,  37,  46,  47,  48,  49,  50,  51,  52,  53,
     54,  55,  56,  57,  58,  59,  60,  61,  84, 116,   0,   1,  12,  13,  14,  15,
     16,  17,  19,  20,  22,  23,  24,  25,  26,  27,  29,  30,  31,  32,  33,  34,
     35,  36,  38,  40,  41,  42,  43,  44,  45,  46,  47,  48,  49,  50,  52,  54,
     56,  57,  58,  59,  60,  61,  84, 116,   1,  12,  13,  14,  15,  16,  17,  18,
     19,  20,  21,  22,  23,  24,  25,  26,  27,  28,  29,  30,  31,  32,  33,  34,
     35,  36,  37,  38,  39,  40,  41,  42,  43,  44,  45,  46,  47,  48,  49,  50,
     51,  52,  53,  54,  55,  56,  57,  58,  59,  60,  61,  84, 116, 128,   1,  12,
     13,  14,  15,  16,  17,  18,  19,  20,  21,  22,  23,  24,  25,  26,  27,  28,
     29,  30,  31,  32,  33,  34,  35,  36,  37,  38,  39,  40,  41,  42,  43,  44,
     45,  46,  47,  48,  49,  50,  51,  52,  53,  54,  55,  56,  57,  58,  59,  60,
     61,  84, 116, 128,   1,  12,  13,  14,  15,  16,  17,  18,  19,  20,  21,  22,
     23,  24,  25,  26,  27,  28,  29,  30,  31,  32,  33,  34,  35,  36,  37,  38,
     39,  40,  41,  42,  43,  44,  45,  46,  47,  48,  49,  50,  51,  52,  53,  54,
     55,  56,  57,  58,  59,  60,  61,  84, 116, 128,   1,  12,  13,  14,  15,  16,
     17,  18,  19,  20,  21,  22,  23,  24,  25,  26,  27,  28,  29,  30,  31,  32,
     33,  34,  35,  36,  37,  38,  39,  40,  41,  42,  43,  44,  45,  46,  47,  48,
     49,  50,  51,  52,  53,  54,  55,  56,  57,  58,  59,  60,  61,  84, 116, 128,
      1,  12,  13,  14,  15,  16,  17,  18,  19,  20,  21,  22,  23,  24,  25,  26,
     27,  28,  29,  30,  31,  32,  33,  34,  35,  36,  37,  38,  39,  40,  41,  42,
     43,  44,  45,  46,  47,  48,  49,  50,  51,  52,  53,  54,  55,  56,  57,  58,
     59,  60,  61,  84, 116, 128,  12,  13,  14,  15,  16,  17,  18,  19,  20,  21,
     22,  23,  24,  25,  26,  27,  28,  29,  30,  31,  32,  33,  34,  35,  36,  37,
     38,  39,  40,  42,  43,  44,  45,  46,  47,  48,  49,  50,  51,  52,  54,  55,
     56,  57,  58,  59,  60,  61,  84, 116,   0,   1,  37,  38,  39,  40,  41,  42,
     43,  44,  45,  46,  47,  48,  49,  50,  51,  52,  53,  54,  55,  56,  57,  58,
     59,  60,  61, 116,   1,  37,  38,  41,  42,  43,  44,  46,  47,  48,  49,  50,
     52,  54,  56,  57,  58,  59,  60,  61, 116, 128,   0,   1,  37,  38,  39,  40,
     42,  43,  44,  46,  47,  48,  49,  50,  51,  52,  53,  54,  55,  56,  57,  58,
     59,  60,  61, 116,   1,  37,  38,  39,  40,  41,  42,  43,  44,  45,  46,  47,
     48,  49,  50,  51,  52,  53,  54,  55,  56,  57,  58,  59,  60,  61, 116, 128,
      0,   1,  37,  38,  42,  43,  44,  45,  46,  47,  48,  49,  50,  51,  52,  54,
     55,  56,  57,  58,  59,  60,  61, 116,   0,   1,  37,  38,  39,  40,  41,  42,
     43,  44,  46,  47,  48,  49,  50,  51,  52,  53,  54,  55,  56,  57,  58,  59,
     60,  61, 116, 128,   0,   1,  37,  38,  39,  40,  41,  42,  43,  44,  45,  46,
     47,  48,  49,  50,  51,  52,  53,  54,  55,  56,  57,  58,  59,  60,  61, 116,
    128,   0,   1,  37,  38,  39,  40,  41,  42,  43,  44,  45,  46,  47,  48,  49,
     50,  51,  52,  53,  54,  56,  57,  58,  59,  60,  61, 116,   0,   1,  37,  38,
     39,  40,  41,  42,  43,  44,  45,  46,  47,  48,  49,  50,  51,  52,  53,  54,
     55,  56,  57,  58,  59,  60,  61, 116,   0,   1,  38,  39,  40,  41,  43,  44,
     46,  47,  48,  49,  50,  51,  52,  53,  54,  55,  56,  58,  59,  60,  61, 116,
      0,   1,  37,  38,  39,  40,  41,  42,  43,  44,  45,  46,  47,  48,  49,  50,
     51,  52,  53,  54,  55,  56,  57,  58,  59,  60,  61, 116, 128,   0,  37,  38,
     39,  40,  41,  42,  43,  44,  45,  46,  47,  48,  49,  50,  51,  52,  53,  54,
     55,  56,  57,  58,  59,  60,  61, 116, 128,   0,   1,  37,  38,  39,  40,  42,
     43,  44,  45,  46,  47,  48,  49,  50,  51,  52,  54,  55,  56,  57,  58,  59,
     60,  61, 116,   0,   1,  37,  38,  39,  40,  41,  42,  43,  44,  45,  46,  47,
     48,  49,  50,  51,  52,  53,  54,  56,  57,  58,  59,  60,  61, 116,   0,   1,
     38,  40,  41,  42,  43,  44,  46,  47,  48,  49,  50,  51,  52,  53,  54,  55,
     56,  57,  58,  59,  60,  61, 116, 128,   0,   1,  37,  38,  39,  40,  41,  42,
     43,  44,  46,  47,  48,  49,  50,  52,  53,  54,  56,  57,  58,  59,  60,  61,
    116, 128,   0,   1,  38,  42,  43,  44,  46,  47,  48,  49,  50,  51,  52,  53,
     54,  55,  56,  57,  58,  59,  60,  61, 116,   0,   1,  37,  38,  39,  40,  41,
     42,  43,  44,  46,  47,  48,  49,  50,  51,  52,  53,  54,  56,  59,  60,  61,
    116, 128,   0,  37,  38,  40,  42,  43,  44,  45,  46,  47,  48,  49,  50,  52,
     54,  55,  56,  57,  58,  59,  60,  61, 116,   0,  37,  38,  42,  43,  44,  45,
     46,  47,  48,  49,  50,  51,  52,  53,  54,  55,  56,  57,  58,  59,  60,  61,
    116,   0,   1,  37,  38,  39,  40,  41,  42,  43,  44,  45,  46,  47,  48,  49,
     50,  51,  52,  53,  54,  55,  56,  57,  58,  59,  60,  61, 116,   1,  37,  38,
     39,  40,  41,  42,  43,  44,  45,  46,  47,  48,  49,  50,  51,  52,  53,  54,
     55,  56,  57,  58,  59,  60,  61, 116, 128,   1,  37,  38,  39,  40,  41,  42,
     43,  44,  45,  46,  47,  48,  49,  50,  51,  52,  53,  54,  55,  56,  57,  58,
     59,  60,  61, 116, 128,   1,  37,  38,  39,  40,  41,  42,  43,  44,  45,  46,
     47,  48,  49,  50,  51,  52,  53,  54,  55,  56,  57,  58,  59,  60,  61, 116,
    128,   0,  37,  38,  39,  42,  43,  44,  46,  47,  48,  50,  51,  52,  53,  54,
     56,  57,  58,  59,  60,  61, 116,   1,  63,  67,  70,  74,  77,  80,  81,  82,
     83,  86,  89,  92,  99, 106, 114, 118, 126,   0,   1,  62,  63,  64,  65,  66,
     67,  68,  69,  70,  71,  72,  73,  74,  75,  76,  77,  78,  79,  80,  81,  82,
     83,  85,  86,  87,  88,  89,  90,  91,  92,  93,  94,  95,  96,  97,  98,  99,
    100, 101, 102, 103, 104, 105, 106, 107, 108, 109, 110, 111, 112, 113, 114, 115,
    117, 118, 119, 120, 121, 122, 123, 124, 125, 126, 127, 128,   1,  62,  63,  64,
     65,  66,  67,  68,  70,  71,  72,  73,  75,  76,  78,  79,  80,  81,  82,  83,
     85,  86,  87,  88,  89,  90,  91,  92,  93,  94,  96,  99, 100, 102, 109, 111,
    112, 113, 114, 115, 118, 121, 122, 124, 125, 126, 127,   1,  62,  63,  64,  65,
     66,  67,  68,  69,  70,  71,  72,  73,  75,  76,  77,  78,  79,  80,  81,  82,
     83,  85,  86,  87,  88,  89,  90,  91,  92,  93,  95,  96,  99, 100, 103, 104,
    109, 111, 112, 113, 114, 115, 118, 121, 124, 127,   1,  62,  63,  64,  65,  66,
     67,  68,  69,  70,  71,  72,  73,  74,  75,  76,  77,  78,  79,  80,  81,  82,
     83,  85,  86,  87,  88,  89,  90,  91,  92,  93,  94,  95,  96,  97,  98,  99,
    100, 101, 102, 103, 104, 105, 106, 107, 108, 109, 110, 111, 112, 113, 114, 115,
    117, 118, 119, 120, 121, 122, 123, 124, 125, 126, 127, 128,   1,  62,  63,  64,
     65,  66,  67,  68,  69,  70,  71,  72,  73,  74,  75,  76,  77,  78,  79,  80,
     81,  82,  83,  85,  86,  87,  88,  89,  90,  92,  93,  94,  99, 101, 102, 103,
    104, 106, 109, 111, 114, 118, 121, 122, 123, 125, 126,   1,  63,  67,  69,  70,
     74,  77,  80,  81,  82,  86,  89,  92,  94,  99, 106, 114, 118, 126,   1,  62,
     63,  64,  65,  66,  67,  68,  69,  70,  71,  72,  73,  74,  75,  76,  77,  78,
     79,  80,  81,  82,  83,  85,  86,  87,  88,  89,  90,  91,  92,  93,  94,  95,
     97,  98,  99, 101, 102, 103, 104, 105, 106, 107, 108, 110, 111, 113, 114, 117,
    118, 119, 120, 121, 122, 123, 124, 125, 126, 128,   0,  62,  63,  64,  65,  66,
     67,  68,  69,  70,  71,  72,  73,  74,  75,  76,  78,  79,  81,  82,  83,  85,
     86,  87,  88,  89,  90,  91,  93,  94,  95,  96,  99, 100, 101, 102, 105, 106,
    109, 111, 112, 114, 115, 118, 120, 122, 123, 124, 126, 127, 128,   1,  63,  67,
     69,  70,  71,  72,  74,  77,  80,  81,  82,  83,  86,  89,  92,  94,  95,  98,
     99, 100, 101, 102, 103, 104, 105, 106, 109, 110, 111, 112, 113, 114, 115, 117,
    118, 121, 124, 125, 126, 127,   1,  63,  67,  69,  70,  71,  72,  74,  77,  80,
     81,  82,  83,  86,  89,  92,  94,  95,  99, 100, 101, 106, 109, 110, 111, 112,
    113, 114, 115, 117, 118, 121, 124, 125, 126, 127,   1,  63,  67,  69,  70,  71,
     72,  74,  77,  80,  81,  82,  83,  86,  89,  92,  94,  95,  96,  97,  98,  99,
    100, 101, 102, 103, 104, 105, 106, 107, 108, 109, 110, 111, 112, 113, 114, 115,
    117, 118, 119, 120, 121, 122, 123, 124, 125, 126, 127, 128,   1,  63,  67,  69,
     70,  71,  72,  74,  77,  80,  81,  82,  83,  86,  89,  92,  94,  95,  99, 101,
    102, 103, 104, 106, 109, 111, 112, 113, 114, 115, 118, 121, 124, 126,   1,  63,
     67,  69,  70,  71,  72,  74,  77,  80,  81,  82,  83,  86,  89,  92,  94,  95,
     99, 101, 102, 103, 104, 106, 109, 111, 112, 113, 114, 115, 118, 121, 124, 126,
      1,  63,  67,  69,  70,  71,  72,  74,  77,  80,  81,  82,  83,  86,  89,  92,
     94,  95,  99, 100, 101, 102, 103, 104, 106, 109, 111, 112, 113, 114, 115, 118,
    121, 124, 126,   0,  62,  63,  64,  65,  66,  67,  68,  69,  70,  71,  72,  73,
     74,  75,  76,  77,  78,  79,  80,  81,  82,  83,  85,  86,  87,  88,  89,  90,
     91,  93,  94,  95,  96,  97,  98,  99, 100, 102, 103, 104, 105, 106, 108, 109,
    112, 118, 121, 122, 124, 126, 127, 128,   1,  63,  67,  69,  70,  71,  72,  74,
     77,  80,  81,  82,  83,  86,  89,  92,  94,  99, 100, 101, 102, 103, 104, 106,
    109, 111, 112, 113, 114, 115, 117, 118, 121, 124, 126, 127,   1,  63,  67,  68,
     69,  70,  71,  72,  74,  80,  82,  83,  85,  86,  89,  91,  92,  94,  95,  96,
     99, 100, 101, 102, 105, 106, 107, 108, 109, 110, 111, 112, 115, 117, 118, 119,
    120, 122, 123, 124, 125, 126, 127, 128,   0,  62,  63,  64,  65,  66,  67,  68,
     69,  70,  71,  72,  73,  74,  75,  76,  77,  78,  79,  80,  81,  82,  83,  85,
     86,  87,  88,  89,  90,  91,  92,  93,  94,  95,  96,  97,  98,  99, 101, 102,
    103, 104, 105, 106, 107, 108, 110, 111, 112, 114, 115, 117, 118, 121, 123, 124,
    125, 126,   1,  63,  65,  67,  68,  69,  70,  71,  72,  74,  77,  79,  80,  81,
     82,  83,  86,  89,  90,  92,  94,  95,  96,  97,  98,  99, 100, 101, 102, 103,
    104, 105, 106, 107, 108, 109, 110, 111, 112, 113, 114, 115, 117, 118, 119, 120,
    121, 122, 123, 124, 125, 126, 127, 128,   1,  62,  63,  64,  65,  66,  67,  68,
     69,  70,  71,  72,  73,  74,  75,  76,  77,  78,  79,  80,  81,  82,  83,  85,
     86,  87,  88,  89,  90,  91,  92,  93,  94,  95,  96,  97,  98,  99, 100, 101,
    102, 103, 104, 105, 106, 107, 108, 109, 110, 111, 112, 113, 114, 115, 117, 118,
    119, 120, 121, 122, 123, 124, 125, 126, 127, 128,   1,  62,  63,  64,  65,  66,
     67,  68,  69,  70,  71,  72,  73,  74,  75,  76,  77,  78,  79,  80,  81,  82,
     83,  85,  86,  87,  89,  90,  91,  92,  93,  94,  96,  99, 100, 102, 103, 104,
    106, 109, 112, 113, 115, 118, 121, 125, 126, 127,   1,  12,  13,  14,  15,  16,
     17,  18,  19,  20,  21,  22,  23,  24,  25,  26,  27,  28,  29,  30,  31,  32,
     33,  34,  35,  36,  37,  38,  39,  40,  41,  42,  43,  44,  45,  46,  47,  48,
     49,  50,  51,  52,  53,  54,  55,  56,  57,  58,  59,  60,  61,  84, 116,   1,
     63,  67,  69,  70,  71,  72,  74,  77,  80,  81,  82,  83,  86,  89,  92,  93,
     94,  95,  97,  98,  99, 100, 101, 102, 103, 104, 105, 106, 107, 108, 109, 110,
    111, 112, 113, 114, 115, 117, 118, 119, 120, 121, 122, 123, 124, 125, 126, 127,
      1,  63,  67,  69,  70,  71,  72,  74,  77,  80,  81,  82,  83,  86,  89,  90,
     92,  93,  94,  95,  97,  98,  99, 100, 101, 102, 103, 104, 105, 106, 107, 108,
    109, 110, 111, 112, 113, 114, 115, 117, 118, 119, 120, 121, 122, 123, 124, 125,
    126, 127,   1,  63,  67,  69,  70,  71,  72,  74,  77,  81,  82,  83,  85,  86,
     89,  92,  94,  99, 101, 102, 103, 104, 106, 109, 111, 112, 113, 114, 115, 117,
    118, 123, 124, 125, 126,   1,  63,  67,  69,  70,  71,  72,  74,  77,  80,  81,
     82,  83,  86,  89,  92,  94,  97,  98,  99, 101, 102, 103, 104, 105, 106, 107,
    108, 109, 110, 111, 112, 113, 114, 115, 117, 118, 121, 122, 123, 124, 125, 126,
      0,   1,  62,  63,  64,  65,  66,  67,  68,  71,  72,  73,  75,  76,  77,  78,
     79,  80,  81,  82,  83,  85,  86,  87,  88,  89,  90,  91,  92,  93,  95,  96,
     97,  99, 100, 101, 103, 104, 105, 106, 109, 110, 111, 112, 113, 114, 115, 117,
    118, 121, 122, 123, 124, 126, 127, 128,   1,  63,  67,  71,  72,  74,  77,  80,
     81,  82,  83,  86,  89,  92,  94,  95,  99, 100, 101, 102, 103, 104, 105, 106,
    109, 111, 113, 114, 115, 118, 121, 123, 127,   0,   1,  62,  63,  64,  65,  66,
     67,  68,  70,  71,  72,  73,  75,  76,  77,  78,  79,  80,  81,  82,  83,  85,
     86,  87,  88,  89,  90,  91,  92,  93,  95,  96,  99, 100, 106, 109, 111, 112,
    113, 114, 115, 117, 118, 122, 123, 124, 125, 127, 128,   0,   1,  62,  63,  64,
     65,  66,  67,  68,  69,  70,  71,  72,  73,  74,  75,  76,  77,  78,  79,  80,
     81,  82,  83,  85,  86,  87,  88,  89,  90,  91,  92,  93,  94,  95,  96,  99,
    100, 101, 102, 106, 109, 112, 113, 121, 123, 124, 126, 127, 128,   0,   1,  62,
     63,  64,  65,  66,  67,  68,  69,  70,  71,  72,  73,  74,  75,  76,  77,  78,
     79,  80,  81,  82,  83,  85,  86,  87,  88,  89,  90,  91,  92,  93,  94,  96,
     98,  99, 100, 102, 106, 107, 108, 109, 112, 113, 122, 126, 127, 128,   1,  63,
     67,  69,  70,  71,  72,  74,  77,  80,  81,  82,  83,  86,  89,  92,  94,  95,
     99, 100, 101, 102, 103, 104, 106, 109, 111, 112, 113, 114, 115, 118, 121, 124,
    126, 127,   0,   1,  95,  99, 100, 101, 102, 103, 104, 105, 106, 107, 109, 111,
    112, 113, 114, 115, 118, 119, 121, 124, 126, 127,   0,   1,  96,  99, 100, 101,
    102, 105, 106, 109, 111, 112, 114, 115, 118, 121, 122, 123, 124, 126, 127, 128,
      0,  95,  96,  97,  98,  99, 100, 101, 102, 105, 106, 107, 108, 109, 111, 112,
    114, 115, 118, 121, 123, 124, 125, 126, 127,   0,  95,  97,  98,  99, 100, 101,
    102, 105, 106, 107, 108, 110, 111, 113, 114, 115, 117, 118, 119, 121, 122, 123,
    124, 125, 126, 128,   0,   1,  95,  96,  97,  98,  99, 100, 101, 102, 103, 104,
    105, 106, 107, 108, 109, 110, 111, 112, 113, 114, 115, 117, 118, 119, 120, 121,
    122, 123, 124, 125, 126, 127,   0,   1,  95,  96,  97,  98,  99, 100, 101, 105,
    106, 107, 108, 109, 110, 111, 112, 114, 115, 118, 123, 124, 125, 126, 127,   0,
      1,  95,  96,  97,  98,  99, 100, 101, 102, 103, 104, 105, 106, 107, 108, 109,
    110, 111, 112, 113, 114, 115, 117, 118, 119, 120, 121, 122, 123, 124, 125, 126,
    127,   0,   1,  96,  98,  99, 100, 101, 102, 103, 104, 105, 106, 107, 109, 111,
    112, 114, 115, 118, 123, 125, 127, 128,   0,   1,  95,  97,  98,  99, 100, 101,
    102, 103, 104, 105, 106, 107, 108, 109, 110, 111, 112, 113, 114, 115, 117, 118,
    119, 120, 121, 122, 123, 124, 125, 126, 127, 128,   0,   1,  95,  96,  97,  98,
     99, 100, 101, 102, 103, 104, 105, 106, 109, 110, 111, 112, 113, 114, 115, 117,
    118, 121, 123, 124, 125, 126, 127, 128,   0,   1,  95,  96,  97,  98,  99, 100,
    101, 102, 103, 104, 105, 106, 107, 109, 111, 112, 113, 114, 115, 118, 120, 122,
    124, 127, 128,   0,   1,  95,  96,  97,  98,  99, 100, 101, 102, 103, 104, 105,
    106, 107, 108, 109, 110, 111, 112, 113, 114, 115, 117, 118, 119, 120, 121, 122,
    123, 124, 125, 126, 127,   0,   1,  95,  96,  99, 100, 101, 102, 103, 104, 106,
    109, 111, 112, 114, 115, 118, 121, 124, 126,   0,   1,  95,  99, 100, 101, 102,
    103, 104, 105, 106, 108, 109, 111, 112, 113, 114, 115, 118, 121, 122, 124, 126,
    127,   0,  96,  97,  98,  99, 100, 101, 102, 103, 104, 105, 106, 107, 108, 109,
    110, 111, 112, 113, 114, 117, 118, 119, 120, 122, 123, 124, 125, 126, 127, 128,
      0,   1,  96,  99, 100, 101, 102, 103, 104, 105, 106, 108, 109, 110, 111, 112,
    113, 114, 115, 117, 118, 121, 122, 123, 124, 126, 127,   0,  95,  96,  97,  98,
     99, 101, 102, 103, 104, 105, 106, 107, 108, 109, 110, 111, 113, 114, 115, 117,
    118, 119, 120, 122, 123, 125, 126, 127, 128,   0,   1,  95,  96,  97,  98,  99,
    100, 101, 102, 103, 104, 105, 106, 107, 109, 111, 112, 113, 114, 115, 117, 118,
    121, 122, 123, 125, 126, 127,   0,   1,  95,  96,  97,  98,  99, 100, 101, 102,
    103, 104, 105, 106, 107, 108, 109, 110, 111, 112, 113, 114, 115, 117, 118, 119,
    120, 121, 122, 123, 124, 125, 126, 127, 128,   0,   1,  95,  96,  97,  98,  99,
    100, 101, 102, 103, 104, 105, 106, 107, 108, 109, 110, 111, 112, 113, 114, 115,
    117, 118, 119, 120, 121, 122, 123, 124, 125, 126, 127, 128,   0,  96,  97,  98,
     99, 100, 101, 102, 103, 104, 105, 106, 107, 108, 109, 110, 111, 112, 113, 114,
    117, 118, 119, 120, 122, 123, 125, 126, 127, 128,   1,  37,  38,  39,  40,  41,
     42,  43,  44,  45,  46,  47,  48,  49,  50,  51,  52,  53,  54,  55,  56,  57,
     58,  59,  60,  61, 116,   0,   1,  95,  97,  98,  99, 100, 101, 102, 103, 104,
    105, 106, 107, 108, 109, 110, 111, 112, 113, 114, 115, 117, 118, 119, 120, 121,
    122, 123, 124, 125, 126, 127,   0,   1,  95,  97,  98,  99, 100, 101, 102, 103,
    104, 105, 106, 107, 108, 109, 110, 111, 112, 113, 114, 115, 117, 118, 119, 120,
    121, 122, 123, 124, 125, 126, 127,   0,   1,  95,  96,  97,  98,  99, 100, 101,
    102, 103, 104, 105, 106, 107, 108, 109, 110, 111, 112, 113, 114, 115, 117, 118,
    119, 120, 121, 122, 123, 124, 125, 126, 127,   0,   1,  95,  96,  97,  98,  99,
    100, 101, 102, 103, 104, 105, 106, 107, 108, 109, 110, 111, 112, 113, 114, 115,
    117, 118, 119, 120, 121, 122, 123, 124, 125, 126, 127,   0,  96,  97,  98,  99,
    100, 101, 102, 103, 104, 105, 106, 107, 108, 109, 110, 111, 112, 113, 114, 115,
    117, 118, 119, 120, 121, 122, 123, 125, 126, 127, 128,   0,   1,  96,  99, 100,
    101, 102, 103, 104, 105, 106, 107, 108, 109, 111, 112, 113, 114, 115, 117, 118,
    120, 122, 123, 124, 125, 126, 127,   0,  95,  96,  97,  98,  99, 100, 101, 102,
    103, 104, 105, 106, 107, 108, 109, 110, 111, 112, 113, 114, 115, 118, 119, 121,
    122, 125, 127, 128,   0,  96,  97,  98,  99, 100, 101, 103, 104, 105, 106, 107,
    108, 109, 110, 111, 112, 114, 115, 117, 118, 119, 120, 122, 123, 125, 127, 128,
      0,   1,  96,  97,  98,  99, 100, 101, 102, 103, 104, 105, 106, 107, 108, 109,
    110, 111, 112, 114, 117, 118, 119, 120, 121, 122, 123, 125, 126, 127, 128,   0,
      1,  95,  96,  97,  98,  99, 100, 101, 102, 103, 104, 105, 106, 107, 108, 109,
    110, 111, 112, 113, 114, 115, 117, 118, 119, 120, 121, 122, 123, 124, 125, 126,
    127,   0,   1,  95,  96,  97,  98,  99, 100, 101, 102, 105, 106, 107, 108, 109,
    111, 112, 113, 114, 115, 118, 119, 122, 123, 124, 125, 126, 127,
};

static const int8_t edslab_12_italicKernSparseValues[] = {
      -8,   -8,   -8,   -8,  -28,  -16,   -8,  -16,  -32,  -16,   -8,   -4,  -24,  -12,   -8,  -12,
       8,  -16,  -16,  -16,   -4,  -16,    4,    4,    4,    4,    4,   -8,   -8,  -16,   -4,   -8,
     -12,   -4,   -8,   -4,  -44,  -28,   -4,  -12,  -36,  -12,   -8,   -4,   -8,  -16,  -28,  -20,
     -12,  -16,  -24,  -16,  -16,  -16,  -16,  -24,  -12,  -12,  -12,  -12,  -12,  -16,  -12,   -8,
     -16,  -12,   -8,   -8,   -8,   -8,   -4,   -8,   -8,  -12,  -12,  -12,  -16,  -16,   -4,  -12,
       4,   -8,    4,  -16,   -8,  -12,   -8,    4,  -12,  -16,  -16,    4,  -16,   -4,    8,  -12,
      -8,   -8,  -12,   -4,  -12,  -16,    4,  -24,  -20,  -44,  -32,  -40,   -4,    4,   -8,    4,
      -4,   -8,    4,   -8,  -12,   -8,   -8,   -8,    4,   -4,    4,  -12,    4,    4,    4,    4,
       4,   -8,   -4,  -12,  -16,  -12,  -12,   -8,  -12,  -12,   -4,  -12,  -12,  -12,   -4,   -8,
     -12,   -8,   -8,    4,   -8,  -12,    4,  -20,   -8,  -24,   -8,   -8,  -12,  -12,  -12,   -4,
      -8,    4,    4,   -4,   -4,  -12,    4,   -4,   -4,   -4,   -8,  -12,   -4,   -4,    8,   -4,
      -4,    8,    4,   -4,  -16,   -8,   -8,  -12,  -12,    8,   -8,   -8,   -4,   -8,   -8,    4,
      -4,    4,    8,   -8,  -12,    8,  -12,    4,   -8,   -4,    8,  -16,  -16,  -16,   -8,   -4,
      -4,  -12,  -12,  -20,   -8,  -12,  -12,   -8,   -8,   -8,   -4,   -4,   -8,  -12,   -8,  -16,
      -4,   -8,  -12,   -4,    4,   -4,   -4,   -8,  -12,    4,  -12,    4,  -16,   -8,  -12,   -4,
      -4,   -4,   -4,  -16,   -4,  -12,  -20,   -8,   -4,   -4,   -8,    4,   -8,   -8,   -8,   -4,
     -12,   -4,   -4,   -4,  -16,  -28,  -20,  -20,  -12,   -4,  -12,  -28,  -20,   -4,  -28,  -20,
     -28,  -32,  -20,   -8,  -24,  -12,  -32,  -16,   -4,   -4,   -4,   -8,  -16,  -16,   -8,   -8,
      -8,   -8,    4,    4,   -8,  -12,    4,  -12,    4,   -8,   -8,   -8,  -44,   -8,  -16,   -4,
     -28,   -4,   -8,   -8,  -36,   -8,   -8,   -8,  -12,   -8,   -8,  -16,  -40,   -8,  -28,  -12,
     -16,  -56,  -56,  -88,  -88,  -80,   -4,   -8,  -36,  -16,  -16,  -20,  -16,  -12,  -20,  -20,
     -20,  -24,  -40,  -20,  -20,  -28,  -20,  -16,  -20,  -12,  -24,  -24,  -48,  -44,  -36,  -12,
     -12,  -20,   -8,    8,  -16,   -4,    4,   -8,   -8,   -8,   -8,   -4,    8,   -8,   -8,   -4,
      -4,   -4,   -4,    4,   -4,  -12,  -20,  -24,  -20,  -28,   -4,   -4,  -12,    4,    4,    4,
      -4,   -4,   -8,    4,   -4,   -8,   -4,   -4,   -8,    4,   -4,    4,   -8,    4,    4,  -12,
      -4,   -8,   -8,   -4,   -4,  -24,   -8,   -4,   -8,   -8,   -4,   -4,  -16,  -12,   -8,   -8,
     -12,  -12,  -20,  -12,   -8,  -20,  -20,  -24,  -24,  -20,   -8,   -8,  -12,   -4,   -8,  -12,
     -20,   -4,   -8,  -12,  -16,  -16,  -12,   -4,  -16,  -16,   -8,  -12,  -12,  -16,  -24,  -12,
     -16,  -16,  -12,   12,  -28,   -4,    4,   -4,   -4,   12,   -8,   -4,    4,   -4,   -4,   -4,
      -4,    8,   -4,    8,   -8,    4,   -8,  -12,  -24,  -24,  -28,   -4,    4,   -4,    8,    8,
       4,    8,   -4,   -4,   20,    8,  -12,    4,    4,    4,    8,    4,    8,   12,   12,   12,
      12,    4,  -20,   -4,  -12,   -4,  -16,   -4,   -4,    4,   -4,   -4,  -12,  -16,  -16,  -12,
     -16,   -8,   -4,   -4,    4,   -4,   -4,   -4,   -4,    4,   -8,    4,    4,   -4,   -4,   -8,
      -4,  -16,   -4,   -8,  -60,   -4,  -12,   -8,   -4,   -4,   -8,   -8,   -4,  -16,   -4,   -4,
     -20,   -4,  -12,   -4,  -12,  -12,  -16,  -20,  -16,  -12,  -32,   -8,  -20,  -20,  -24,  -12,
     -36,  -12,   -4,   -8,  -12,   -8,  -24,  -24,  -28,  -16,  -24,  -24,  -16,  -16,   -8,  -12,
     -16,  -16,  -20,  -20,  -28,  -24,   -4,    4,  -28,  -16,   -4,   -8,  -12,   -8,    4,  -12,
      -4,   -4,   -8,   -4,   -8,   -8,  -12,  -12,   -4,  -24,  -24,  -32,  -28,  -32,  -16,  -20,
      -8,  -12,  -16,  -12,  -20,  -20,  -12,  -12,   -8,  -12,    4,   -4,  -12,  -12,  -16,  -12,
      -4,   -8,  -12,  -20,  -12,   -8,  -20,  -16,   -8,   -8,  -16,  -16,  -12,  -16,   -4,  -16,
     -24,  -16,  -16,  -16,  -16,  -16,  -20,  -16,  -16,  -16,  -12,  -12,  -16,  -24,  -20,  -20,
      -8,  -12,  -12,   -8,  -12,  -12,   -8,  -12,  -12,   -8,   -8,   -8,  -16,  -16,  -20,  -16,
     -12,  -16,  -16,  -16,  -12,  -16,   -8,   -8,  -16,  -20,   -8,  -16,  -12,  -12,  -16,  -16,
     -16,  -12,   -8,  -16,  -12,  -12,  -16,  -24,  -16,  -12,   -8,    4,    4,  -28,    4,    4,
       4,   -8,  -16,  -16,  -20,   -4,   -8,  -24,    4,    4,   -4,  -16,  -12,   12,   -4,  -20,
     -16,   -4,   -4,   -4,    4,    4,   -8,  -12,   -4,  -16,   -4,   -8,  -16,  -16,   -4,   -4,
     -16,   -4,   -4,   -4,   -4,   -4,   -4,   -4,  -24,   -4,  -16,    4,   -4,  -20,  -24,  -20,
     -24,  -24,   -4,   -4,  -16,   -4,   -4,   -4,  -12,   -8,   -4,  -12,  -20,  -12,  -20,  -12,
     -12,  -12,  -16,   -4,  -12,   -4,  -20,  -16,  -32,  -24,  -32,   -8,  -12,   -8,  -16,   -4,
     -16,   -8,  -16,   -4,   -4,   -8,   -4,   -4,   -4,   -4,   -4,  -12,  -12,   -4,   -4,  -64,
     -36,  -52,  -52,  -60,   -8,   -4,  -24,   -8,   -4,  -12,  -20,  -12,  -24,  -12,  -12,   -8,
     -16,   -8,   -4,  -12,  -16,  -28,  -24,  -28,  -12,  -16,   -8,   -8,  -12,  -12,  -12,   -8,
     -16,  -12,   -4,  -16,  -12,  -16,  -16,  -16,   -8,  -16,  -20,  -16,  -12,  -12,  -12,   -8,
      -8,  -12,  -12,  -12,   -8,  -12,   -8,  -12,  -12,   -4,  -12,   -8,  -12,  -12,  -12,  -12,
     -16,  -12,  -12,   -8,   -4,   -8,  -40,  -16,  -20,   -8,  -12,   -4,  -20,   -4,  -20,   -4,
      -4,  -12,  -28,   -4,  -16,   -4,   -8,  -16,  -16,  -16,  -12,  -12,   -4,  -28,  -28,  -20,
     -20,  -20,  -16,  -28,  -16,  -16,  -20,  -24,  -24,  -24,  -20,  -20,  -24,  -20,  -28,  -16,
     -16,  -16,  -16,  -16,  -20,  -16,  -16,  -28,  -16,  -12,    4,  -44,   -8,    4,  -12,  -12,
     -16,  -16,   -8,   -4,  -16,   -8,  -12,  -16,   -4,  -12,    4,  -20,   -4,  -20,  -24,  -36,
     -36,  -36,  -20,  -12,  -20,   -4,   -8,  -16,    4,   -4,  -16,  -12,   -8,   -8,   -4,   -8,
      -8,   -4,   -4,   -4,   -4,  -20,  -28,  -12,  -16,    4,  -12,  -68,   -4,    4,   -4,   -4,
      -4,    4,   -4,   -4,   -8,  -12,   -8,   -8,   -8,   -4,  -12,    4,   -4,    4,  -12,  -16,
     -16,  -20,  -12,   -8,  -32,  -20,  -20,  -12,  -24,  -32,  -16,    4,   -4,  -20,   -8,   -4,
      -8,  -16,  -12,   -4,    8,   -4,  -12,  -20,   -8,  -32,  -32,  -16,  -28,  -24,  -32,  -32,
     -32,  -28,  -20,  -24,  -20,  -24,  -36,  -28,  -28,  -32,  -28,  -40,  -28,  -32,  -28,  -56,
     -52,  -68,  -68,  -76,  -32,  -40,  -48,  -28,  -28,  -24,  -12,   -8,  -44,  -28,  -12,  -44,
     -52,  -40,  -32,  -28,  -24,  -28,  -36,  -16,  -28,  -24,  -28,  -28,  -28,  -32,  -44,  -32,
      -8,   -8,   -8,   -4,  -12,   -4,   -4,   -8,   -4,   -4,   -4,   -4,   -4,  -16,   -4,   -8,
      -4,  -20,  -20,  -32,  -32,  -32,   -4,   -4,  -16,  -12,  -24,  -12,   -8,   -8,  -12,   -8,
      -4,   -4,  -12,  -16,  -16,  -20,  -24,  -12,   -8,  -16,   -8,    4,  -24,   -8,   -4,   -8,
      -4,   -8,   -8,   -4,   -8,  -12,   -4,   -8,   -8,   -4,  -12,   -4,  -20,  -24,  -32,  -28,
     -32,   -4,  -24,    4,    4,  -12,   -8,  -12,   -8,  -12,  -16,  -16,  -12,  -12,  -16,  -16,
      -4,   -4,  -16,  -16,  -16,   -8,  -20,  -12,  -24,  -52,  -16,  -16,   -8,  -12,   -8,  -16,
      -8,   -8,  -28,   -8,  -12,   -8,   -8,  -20,   -8,  -12,   -8,   -8,  -16,  -20,  -20,  -24,
     -16,  -20,  -40,  -20,  -32,  -36,  -32,  -24,  -36,  -12,  -12,  -20,  -20,  -20,  -36,  -36,
     -28,  -24,  -32,  -44,  -32,  -20,  -28,  -28,  -28,  -36,  -40,  -16,  -36,  -24,  -16,  -60,
     -12,  -24,  -16,  -12,  -12,  -20,  -12,  -12,  -24,  -12,  -12,  -12,   -8,  -28,  -16,  -20,
     -12,  -16,  -16,  -20,  -20,  -20,  -16,  -20,  -36,  -28,  -32,  -24,  -24,  -28,  -40,  -24,
     -16,  -28,  -20,  -20,  -24,  -32,  -28,  -24,  -24,  -32,  -20,  -20,  -20,  -24,  -20,  -28,
     -28,  -24,  -36,  -20,  -24,  -84,   -8,  -32,   -8,  -12,  -12,  -36,  -16,  -12,  -40,   -8,
     -16,  -12,  -16,  -32,   -8,  -40,  -12,  -16,  -24,  -16,  -20,  -20,  -16,  -16,  -52,  -24,
     -52,  -48,  -44,  -32,  -48,  -20,  -28,  -40,  -24,  -24,  -52,  -44,  -52,  -40,  -44,  -44,
     -40,  -28,  -36,  -40,  -40,  -40,  -52,  -24,  -52,  -32,  -32,  -80,  -12,  -28,  -12,  -16,
     -12,  -32,  -12,   -8,  -36,  -12,  -12,  -16,  -16,  -36,  -20,  -32,  -12,  -16,  -16,  -16,
     -20,  -16,  -16,  -20,  -40,  -24,  -48,  -52,  -40,  -24,  -56,  -24,  -28,  -40,  -32,  -32,
     -40,  -40,  -44,  -32,  -40,  -40,  -36,  -28,  -32,  -40,  -32,  -44,  -48,  -20,  -44,  -36,
     -28,  -64,  -16,  -32,  -12,  -12,  -12,  -28,   -8,   -8,  -36,   -8,  -12,  -16,  -12,  -44,
     -16,  -36,  -16,  -24,  -16,  -20,  -20,  -20,  -20,  -24,  -56,  -28,  -48,  -48,  -48,  -44,
     -56,  -28,  -32,  -44,  -32,  -32,  -44,  -52,  -52,  -40,  -44,  -48,  -48,  -36,  -36,  -44,
     -44,  -44,  -52,  -20,  -56,  -40,  -24,   -4,  -24,   -8,   -4,   -4,  -16,   -4,   -4,   -8,
      -8,   -4,   -8,   -8,  -20,   -8,  -20,   -4,   -8,  -20,  -20,  -16,  -16,  -20,   -8,   -4,
     -24,   -8,   -4,  -12,   -4,  -16,  -16,  -28,  -20,  -20,  -12,  -12,   -8,  -24,  -16,   -4,
     -24,  -20,  -28,  -32,  -40,  -16,  -12,  -20,   -4,   -8,  -16,  -32,  -16,  -12,  -16,  -20,
     -16,  -20,  -16,  -28,  -20,  -32,  -16,  -20,  -24,  -20,  -16,  -16,  -12,  -24,  -24,  -32,
     -32,  -32,  -16,  -20,    4,   -8,  -24,    4,   -8,   -8,  -12,   -8,  -20,  -24,  -12,  -12,
     -12,  -12,   -4,   -4,   -8,   -8,  -16,   -8,  -16,   -4,   -4,    4,  -12,  -24,   -4,   -4,
      -4,   -8,  -16,  -16,  -16,  -20,  -12,  -12,   -4,   -8,   -4,  -12,   -4,  -12,   -8,  -12,
     -12,  -16,  -12,  -16,  -16,  -12,  -20,  -16,   -8,  -16,   -8,   -8,   -8,  -16,  -24,  -16,
     -20,  -12,  -12,  -16,  -20,   -8,  -12,   -8,  -16,  -20,  -24,  -20,  -28,  -16,  -16,   -4,
      -8,    4,  -16,  -28,  -16,   -8,  -12,   -4,  -12,  -16,  -16,  -12,   -8,   -4,  -12,  -12,
      -4,   -4,   -8,   -8,  -12,  -12,  -12,  -20,   20,   -4,  -20,   -4,  -16,  -16,  -16,  -28,
     -20,  -12,  -20,  -12,   -8,  -24,  -24,  -20,  -16,  -16,  -28,   -4,  -24,  -48,  -48,  -36,
     -64,  -16,  -44,   -8,  -12,   -4,  -16,  -32,  -16,   -8,  -12,  -12,   -4,  -20,   -4,    8,
     -28,  -28,  -12,  -20,  -16,   -4,  -16,  -20,  -16,   -8,   -8,   -8,   -8,  -12,  -16,  -20,
     -16,  -24,   -4,   -8,  -28,   -8,   -8,   -8,  -16,   -8,   -4,   -8,  -16,  -12,  -20,  -12,
     -12,   -8,  -12,   -4,  -12,  -16,  -16,  -20,  -20,  -28,   -8,  -16,  -12,  -16,   -8,  -24,
      -8,   -8,   -8,  -12,  -12,  -12,   -4,  -12,  -20,  -28,  -12,   -8,   -8,  -16,   -4,  -12,
      -4,  -16,  -16,  -24,  -24,  -28,  -12,  -12,    4,    8,  -24,    4,    4,    4,    4,   -8,
       8,  -16,  -20,   -4,   -4,    4,    4,    4,   -4,    4,   -8,   -8,   -8,   -8,   -8,  -12,
     -20,  -12,   -8,  -28,   -4,  -12,   -8,  -12,   -8,   -4,   -8,  -12,  -12,  -28,   -8,   -8,
      -8,   -8,   -4,   -8,   -8,  -12,  -12,  -16,  -20,  -24,   -8,  -12,   -4,   -4,  -16,  -24,
     -12,  -12,   -4,  -16,  -12,   -8,  -12,  -20,  -12,  -24,  -12,   -8,  -16,  -16,   -8,  -16,
      -4,  -16,  -16,  -24,  -24,  -16,   -8,  -12,   -4,   -4,   -4,   -4,  -28,   -4,   -8,  -16,
      -8,   -4,   -8,  -20,  -12,  -24,   -8,   -8,   -8,  -12,   -8,   -4,  -12,  -12,  -20,  -20,
     -24,   -4,   -8,  -12,   -8,   -8,  -28,   -4,   -8,   -4,  -12,   -4,  -12,   -8,  -16,  -12,
     -24,   -8,   -8,   -4,  -12,   -4,  -12,  -12,  -20,  -24,  -24,  -28,   -4,   -8,   -8,    8,
     -20,    4,    4,   -8,   -8,  -12,   -8,  -20,  -16,   -8,  -12,    4,   -8,    4,  -12,    4,
      -8,   -4,   -4,  -12,  -16,  -12,  -16,   -4,   -4,    4,   -8,  -24,    4,    4,    4,   -8,
     -12,  -12,   -8,  -20,  -20,   -8,   -8,   -8,    4,  -12,   -4,   -8,   -8,  -12,  -16,   -8,
     -16,   -4,   -8,    4,  -24,   -4,    4,  -12,   24,   -8,  -20,   -4,   -4,   -4,   16,    4,
      -4,   -4,   -4,   -4,   -4,   -4,   -4,   -4,   -4,   -8,   -4,  -20,  -28,   -4,   -4,   -4,
      -4,  -12,  -24,   -8,  -28,  -20,   -8,  -12,   -8,   -4,   -8,  -12,    4,   -4,   -4,   -8,
     -12,  -16,  -16,   -4,  -24,    4,   -8,   -8,   -8,    4,   -8,  -12,  -20,   -4,   -8,   -4,
      -8,    4,   -8,   -4,   -8,   -8,  -12,  -12,   -8,  -12,   -8,  -24,  -20,   -4,   -4,  -12,
     -20,  -12,  -20,   -4,   -4,    4,  -12,    4,   -8,    4,  -20,  -12,  -24,  -20,  -36,   -8,
     -12,  -12,   -8,   -8,  -28,  -12,   -8,   -8,  -12,   -4,  -12,   -8,  -12,  -16,  -24,  -12,
      -8,  -12,  -12,   -4,   -4,   -4,  -12,  -12,  -16,  -16,  -20,   -4,  -12,  -12,  -28,  -32,
     -16,  -16,  -24,  -24,  -28,  -24,   -4,  -16,  -32,  -24,  -16,  -20,  -20,   -8,  -20,  -16,
      -8,  -12,   -8,   -8,  -12,  -12,  -24,  -32,  -24,  -16,  -28,  -20,  -16,  -20,  -16,  -16,
     -24,  -32,  -12,  -20,  -28,  -20,  -16,  -20,  -24,   -8,  -16,  -20,  -12,  -12,   -4,  -12,
      -8,  -16,  -20,  -28,  -24,  -12,  -28,  -20,  -16,  -16,  -16,  -16,  -28,  -28,  -12,  -16,
     -28,  -28,  -20,  -20,  -24,  -12,  -16,  -24,   -8,   -8,  -12,  -12,  -12,  -16,  -20,  -24,
     -36,   -4,   -8,  -20,   -4,   -8,   -4,   -8,   -8,   -8,  -16,   -4,   -4,   -4,   -4,   -4,
      -4,   -4,   -8,   -8,  -12,   -8,   -8,   -4,  -16,  -16,   -8,   -4,   -4,   -4,   -4,   -8,
      -4,   -4,   -4,   -4,   -8,   -8,   -4,   -8,   -4,  -28,  -20,   -4,  -20,  -12,  -20,   -4,
     -20,  -16,   -8,  -20,  -28,  -28,  -20,   -4,  -16,   -4,  -24,  -16,  -16,  -20,  -56,  -44,
     -24,  -16,  -64,  -12,  -12,  -24,  -12,  -12,  -12,  -12,   -8,   -4,   -8,  -12,  -12,  -24,
     -12,  -20,  -16,  -24,  -24,  -12,  -12,  -12,  -12,  -12,  -12,  -24,  -12,  -32,  -36,  -20,
     -12,  -48,  -12,  -12,  -24,  -12,  -12,  -12,  -12,   -8,  -12,   -4,    4,   -4,  -12,   -4,
      -4,   -4,   -8,   -4,   -4,  -16,   -8,   -8,   -4,   -4,   -4,  -12,    4,  -12,  -24,    8,
      -8,  -16,   -4,   -8,   -8,   -4,  -12,    4,   -4,    4,   12,  -20,   12,    4,   12,   -4,
      12,    8,   -8,    8,   -4,    4,  -12,    4,   -4,   -4,   12,    4,   -4,  -12,   -4,   -4,
      -4,   -4,   -4,    4,   -4,  -12,  -12,   -4,   -4,   -4,   12,   -4,   -4,    4,   -4,  -12,
       4,   -8,  -16,   -4,   -4,   -8,   -4,   -4,    4,   -8,    4,   12,  -12,   12,    4,    4,
      12,   -4,   12,    8,   -4,    8,   -4,    4,    8,   12,  -12,   -4,  -64,   -4,   -4,   -4,
     -20,   -4,   -4,  -16,   -4,   -4,   -4,  -36,   -4,   -4,   -8,   -4,   -8,   -4,   -4,   -4,
      -4,   -4,   -4,   -4,   -4,   -4,   -4,   -4,  -16,   -4,  -16,  -32,  -24,  -16,  -24,  -48,
     -24,  -32,  -36,  -16,  -16,  -20,  -44,  -24,  -28,  -32,  -32,  -24,  -24,  -12,  -16,  -32,
     -24,  -24,  -24,  -24,  -12,  -20,  -20,  -24,  -24,  -36,  -24,  -16,   -8,   -4,  -20,   -4,
      -4,   -4,  -20,   -4,   -4,  -12,   -4,   -4,   -4,   -4,   -4,   -4,  -12,   -4,   -4,  -12,
      -4,  -16,   -8,   -4,   -8,   -4,   -4,   -4,   -4,  -12,   -4,   -8,   -8,   -8,   -8,   -8,
      -8,   -8,   -8,   -8,  -16,  -20,  -12,   -8,   -8,   -8,   -4,   -4,  -16,  -12,   -4,   -8,
      -4,   -8,   -4,   -4,  -12,   -8,   -4,   -4,   -4,   -8,   -8,   -4,   -4,   -4,   -4,   -4,
     -12,   -4,   -4,   -4,  -12,   -4,  -12,  -16,   -4,   -4,   -4,   -8,   -4,   -4,  -16,   -4,
      -4,  -16,   -4,  -16,  -16,   -4,  -16,   -4,   -4,  -12,   -4,   -4,  -12,   -4,   -4,   -4,
     -12,   -8,  -12,  -12,  -12,   -8,   -8,  -12,  -12,  -12,  -12,  -12,  -16,  -16,  -32,  -12,
     -36,  -12,  -12,  -12,  -12,  -12,  -12,  -12,  -12,   -4,  -12,   -4,  -24,   -4,   -4,   -4,
     -20,   -4,   -4,   -4,   -4,   -4,   -4,   -4,   -4,   -8,   -4,   -4,   -4,  -24,    4,   -4,
     -24,   -4,   -4,   -4,   -4,   -4,   -4,   -4,   -8,    4,   -8,    8,   -8,   -4,   -4,   -8,
       8,   -8,    8,   -4,    4,   -4,   -4,   -4,   -4,    4,   -4,    8,   -8,   -8,  -16,  -20,
      -4,   -4,   -4,   -4,   -8,  -12,   -4,   -8,  -16,   -8,  -16,   -8,   -8,   -4,  -12,  -12,
     -16,   -8,  -16,   -8,   -8,   -8,   -8,   -8,   -8,   -8,  -16,   -8,  -16,  -20,  -16,  -12,
     -32,  -20,   -8,   -8,   -8,   -8,   -8,  -16,  -16,  -12,   -4,   -4,   -4,   -8,   -4,   -8,
      -4,  -12,   -4,  -16,   -8,   -4,  -12,  -12,  -16,   -8,  -16,   -8,   -8,   -8,  -16,   -8,
     -16,  -20,  -16,  -12,  -32,  -20,   -8,   -8,   -8,   -8,    4,   -8,   -8,   -4,   -8,  -12,
     -12,   -4,   -4,  -12,   -4,  -16,  -12,  -12,   -4,   -8,   -8,   -4,    4,   -4,   -4,  -12,
       4,   -8,   -8,   -8,   -8,   -4,   -8,   -4,   -4,    4,   -4,  -12,    4,   -8,  -32,    4,
      -4,  -32,   -4,   -4,  -12,   -4,   -4,   -8,   -4,   -8,    4,   -4,   -8,  -12,  -16,   -8,
     -12,   -8,   -8,   -8,  -12,  -12,   -8,  -16,  -12,  -12,   -4,   -8,  -12,  -12,  -12,  -12,
     -12,   -8,   -8,   -8,   -4,  -12,   -4,  -12,  -20,   -4,  -28,  -20,   -4,   -8,   -8,  -20,
     -16,   -8,  -12,   -8,   -4,   -8,  -12,  -12,   -4,  -16,   -8,  -12,   -8,  -12,   -8,   -8,
     -12,  -12,   -8,  -12,  -12,   -8,   -4,  -12,   -4,  -12,  -24,   -4,  -28,  -16,   -4,   -8,
      -8,  -12,  -12,   -8,   -8,  -12,   -8,   -8,  -12,   -8,   -8,  -12,   -8,   -8,   -8,   -8,
      -8,   -8,   -8,   -8,   -8,   -8,   -8,   -8,   -8,   -4,  -16,   -4,   -8,  -16,  -12,  -28,
     -16,   -8,   -8,   -8,   -4,  -32,   -8,   -8,   -8,  -28,  -12,  -12,   -4,   -8,   -8,   -4,
      -8,   -4,   -8,    8,   -4,  -12,    8,  -12,  -24,   12,   -8,  -20,   -4,   -4,   -8,   -4,
      -4,   -8,   -4,   -4,   16,    4,    4,  -20,    4,    4,    8,    8,    4,  -16,   -4,    8,
       8,   -4,    4,   -4,    4,  -12,    4,   -8,   -8,  -16,  -12,   -4,   -8,   -8,   -8,   -4,
      -8,   -8,   -4,  -16,   -8,  -12,   -8,   -8,   -8,  -12,   -8,   -8,   -8,   -8,   -8,   -8,
      -4,  -16,   -4,  -12,  -16,   -8,   -8,  -24,  -12,   -4,   -8,   -4,  -12,  -64,  -32,   -8,
      -4,   -4,  -12,   -8,  -28,    4,  -20,    4,   -4,  -20,   -4,   -4,   -4,   -4,  -12,    4,
     -16,   -8,  -12,   -8,   -8,  -24,   -4,   -4,   -8,   -4,   -4,   -8,   -8,   -8,   -4,   -4,
      -4,   -4,   -8,  -12,   -8,  -32,   -8,  -16,   -8,   -4,  -20,   -4,   -4,   -4,  -20,   -4,
      -8,   -4,  -16,  -16,   -8,   -4,   -8,   -8,   -4,   -4,   -8,    4,   -8,  -24,   -4,   -4,
     -24,   -4,   -4,   -4,   -4,   -4,   -4,   -4,   -4,   -4,    4,   -8,   -4,  -16,  -16,  -12,
     -12,   -8,  -12,   -8,   -4,   -4,   -4,   -8,    4,  -12,   -4,   -8,  -16,   -8,   -4,   -8,
      -4,   -8,  -16,  -56,   -4,  -32,   -4,   -8,  -12,   -4,   -8,  -32,   -8,   -8,   -8,   -4,
     -12,   -8,  -16,   -8,   -4,   -8,  -24,  -24,  -16,  -16,  -12,  -36,  -12,  -24,  -16,   -8,
      -8,  -12,  -36,   -8,  -12,  -20,   -8,  -24,  -20,   -4,   -8,  -24,  -20,  -28,  -12,   -8,
      -8,  -16,  -24,  -24,  -24,  -28,  -12,  -20,  -28,  -12,  -76,   -8,   -8,   -8,  -36,  -12,
     -12,  -12,  -12,  -16,   -8,  -40,   -8,   -8,  -32,   -4,   -4,  -28,   -8,  -24,  -28,  -12,
     -24,   -4,   -4,   -8,   -8,   -8,  -20,  -16,  -24,  -56,  -44,  -44,  -48,  -64,  -40,  -52,
     -36,  -32,  -32,  -52,  -64,  -48,  -44,  -52,  -48,  -40,  -52,  -36,  -44,  -56,  -48,  -44,
     -52,  -44,  -40,  -48,  -52,  -56,  -52,  -68,  -40,  -40,    4,   -8,  -32,   -8,   -8,   -8,
     -28,   -8,   -8,   -8,  -12,  -12,  -16,   -8,  -12,   -4,   12,   -8,   -8,   16,   -4,  -20,
       4,   -4,  -24,   -8,   -4,   -4,   -4,   -4,  -16,   -4,   12,  -16,    8,    4,    4,    4,
     -16,    8,    8,    4,    4,   -4,   -4,   -4,   -8,    8,  -12,  -16,   -8,  -32,   -8,   -8,
      -8,  -32,   -8,   -8,  -20,   -8,   -8,   -8,   -8,  -44,   -8,  -32,   -8,  -16,  -16,  -20,
     -20,  -20,  -28,  -12,  -16,  -20,  -12,  -12,  -16,  -16,  -12,  -12,  -24,  -24,  -16,  -24,
     -16,  -12,  -20,  -24,  -12,  -12,  -12,  -24,  -24,  -44,  -44,  -48,  -12,  -20,  -20,   -8,
     -24,  -16,   -8,  -16,  -12,  -12,   -8,  -16,  -12,   -8,  -16,   -8,  -20,   -8,   -8,   -8,
      -8,   -8,  -12,  -12,  -16,   -8,  -12,   -8,  -16,  -12,  -12,   -8,   -8,   -8,   -4,   -8,
     -12,   -4,  -12,  -20,   -4,   -8,  -20,   -8,   -8,  -12,   -4,   -4,   -8,   -8,   -4,   -8,
      -8,  -16,  -24,   -8,  -12,  -12,  -12,   -8,  -24,  -12,   -4,  -16,  -16,  -16,   -8,   -4,
     -12,   -4,   -8,   -4,   -4,   -4,  -12,   -4,   -8,   -8,  -12,  -12,   -4,   -8,   -4,   -4,
      -8,   -4,  -12,   -4,   -8,  -16,   -4,   -4,  -20,   -4,   -4,   -8,   -4,   -4,   -4,   -4,
      -4,   -4,   -8,  -16,  -16,   -4,   -8,   -8,   -8,   -8,  -12,   -8,  -20,   -4,   -4,  -20,
      -8,   -8,   -4,  -12,   -8,   -4,   -4,   -4,   -4,   -4,  -12,   -4,   -8,  -16,   -8,   -4,
     -20,   -4,   -4,   -4,   -4,   -8,  -20,  -16,   -4,   -4,  -12,  -12,   -8,  -12,   -4,   -8,
     -16,   -8,  -16,   -8,  -12,   -8,   -4,   -4,  -16,   -4,   -4,   -8,   -8,   -4,   -8,   -4,
      -4,   -8,   -4,  -12,   -4,   -8,  -12,  -12,   -8,  -24,  -12,   -4,   -4,   -4,   -4,   -4,
     -20,    4,   -4,  -12,   -4,   -4,   -4,  -20,   -4,  -12,  -12,   -8,   -8,   -4,    4,   -4,
      -4,    4,  -40,  -32,    8,   -4,  -44,   -4,   -4,  -20,   -4,   -4,    4,   -4,    4,   20,
      -4,  -20,    8,   -4,   -4,   -4,   -4,   -4,   12,   -4,   -4,    8,    8,   -4,    8,   -4,
     -12,    4,   -4,   -4,    4,   -4,    8,   -4,   -8,  -16,  -16,   -4,   -4,   -4,   -4,   -8,
      -4,  -12,   -4,  -16,   -4,   -4,   -4,   -4,  -16,   -8,   -8,   -4,   -8,   -8,   -4,   -8,
      -8,  -12,   -8,  -12,  -12,  -16,  -12,   -4,   -4,  -20,    4,   -8,  -16,   -4,   -4,   -4,
     -20,   -8,   -4,  -16,  -12,   -8,   -4,   -8,    4,   -4,   -4,   12,  -40,  -36,    8,   -4,
     -44,   -4,   -4,  -24,   -4,   -4,    4,   -4,   12,   12,  -16,    8,   -4,    8,   -4,    8,
       4,   -4,    8,   -4,   -4,   -4,   -4,    4,   -4,    8,   -4,   -8,    4,   -4,  -28,   -4,
      -4,   -4,  -16,   -4,   -4,   -4,  -16,  -16,   -4,   -4,   -4,   -4,    8,   -4,   -4,    8,
      -4,  -16,   12,   -8,  -24,   -8,   -8,   -4,   -4,   -4,    4,   -8,   -4,    4,   12,  -16,
       8,   -4,    8,   -8,    8,    8,    4,    4,   -4,    8,   -4,    8,  -12,   -4,    4,   -8,
     -20,   -8,   -4,   -4,  -20,   -8,   -4,   -4,  -12,  -12,   -8,   -8,  -12,   -8,    8,   -8,
      -8,    4,   -8,  -20,   12,   -8,  -24,   -8,   -8,   -8,   -8,   -8,    4,   -8,   -4,   16,
      -4,  -20,    8,    4,  -16,   -4,   -4,    8,    4,    4,   -4,   -8,    8,  -12,   -8,  -20,
     -20,   -8,  -12,   -8,   -8,   -4,  -12,   -8,   -4,  -16,   -8,  -20,   -8,   -8,   -4,   -8,
     -16,   -4,   -8,   -8,  -12,  -12,  -12,  -12,  -16,   -4,   -8,  -20,  -12,  -24,  -16,  -12,
      -4,   -4,  -12,  -12,   -4,   -8,   -8,   -8,   -4,  -12,  -12,   -4,   -4,   -4,   -8,  -20,
      -4,   -8,  -20,   -4,  -28,   -4,  -12,   -8,   -4,   -8,   -8,    4,   12,  -16,   12,   -4,
       4,   -4,   -4,    8,   -4,    8,  -12,    8,  -12,    8,   -4,   -4,    4,   -4,    8,  -12,
     -12,    4,    8,   -4,   -4,   -8,    4,   -8,   -4,   -4,   -4,   -4,   -4,    4,   -8,    8,
      -4,    4,   -8,    4,   -4,    4,   -4,   -4,    4,   -8,  -16,   -4,   -8,  -32,   -4,  -12,
      -8,  -12,  -28,   -4,   -4,   -4,   -4,   -4,   -4,   -4,   -4,   -8,   -4,   -4,   -8,   -4,
      -4,   -4,  -16,  -20,  -16,  -16,   -8,   -8,  -12,  -12,  -12,  -12,  -12,  -12,  -20,  -16,
     -12,  -12,   -4,   -8,  -12,   -4,  -16,  -12,  -16,  -16,  -16,   -4,  -28,   -8,   -8,  -20,
      -8,   -8,  -12,   -4,   -4,  -12,  -12,    4,    4,   12,   -4,   -4,   -8,    8,   -8,   -8,
      -4,   -4,   -4,    8,   -4,   -4,    8,   -8,    8,   -8,   -4,   -4,   -4,   -4,    8,  -12,
      -8,   -4,   -4,   -4,   -8,   -8,   -8,   -8,   -4,   -4,  -12,   -4,   -8,   -8,   -8,   -8,
      -4,  -12,   -4,   -8,  -16,   -8,   -4,  -20,   -4,   -4,  -12,   -4,   -4,   -8,   -4,   -8,
      -4,  -12,   -4,    8,   -4,  -12,    8,   -4,    4,   -4,   -4,   -4,   -4,   -4,    4,   -8,
       4,   -8,   -4,   -8,   -4,   -4,    8,   -4,  -16,   -8,   -8,   -8,   -8,  -16,  -12,  -12,
     -12,  -24,  -24,   -8,   -4,  -12,   -8,   -8,   -8,  -16,   -8,  -16,  -24,  -16,   -8,  -24,
      -4,   -4,  -16,   -8,   -8,  -12,   -4,   -8,  -12,   -4,  -16,   -8,   -8,   -4,   -8,   -4,
     -12,   -8,   -8,   -8,  -24,  -24,   -8,   -8,   -8,   -4,  -20,   -8,  -16,  -16,  -12,   -8,
     -24,  -20,   -4,   -8,   -4,   -8,   -8,   -4,  -16,   -4,   -4,   -4,   -4,   -4,   -8,   -4,
      -8,   -4,  -12,   -8,   -8,   -8,   -4,   -4,  -16,   -4,   -8,  -16,   -8,  -32,   -4,   -4,
      -4,   -4,   -4,  -20,   -8,   -8,   -8,   -4,   -4,  -16,  -12,   -4,   -8,  -12,  -12,   -4,
      -4,   -4,   -4,  -12,   -4,  -16,   -4,  -12,  -24,  -16,   -4,  -24,   -4,   -4,  -12,   -4,
      -8,   -4,   -4,   -8,   -4,   -8,   -8,   -4,    4,  -12,   -4,   -8,   -4,   -4,   -8,   -4,
      -8,   -8,   -4,  -12,   -8,  -12,   -4,   -4,   -4,   -4,   -8,   -8,  -16,  -12,   -8,   -8,
      -8,   -8,   -4,   -8,   -4,  -16,  -12,  -12,   -4,  -12,  -12,  -16,   -4,   -4,   -8,   -4,
      -4,  -12,    8,  -12,  -12,  -24,    8,   -8,   -4,   -8,   -8,  -12,  -12,  -16,  -16,    4,
      -8,  -12,    4,   -8,  -12,  -12,  -16,   -4,   -8,   -8,   -8,   -4,   -4,   -8,    4,  -12,
     -12,   -8,    4,  -16,   -4,   -4,   -4,   -4,   -4,   -4,   -4,   -4,  -16,   -4,  -16,   -4,
      -4,  -12,  -12,   -4,   -8,   -4,   -4,   -4,   -8,   -4,   -4,  -20,   -8,    8,   -8,   -8,
     -20,  -16,   -4,   -8,   -4,   -8,  -12,   -4,  -12,   -4,   -8,   -8,   -4,   -8,    4,   -4,
     -16,   -4,   -4,   -8,   -8,   -8,   -8,    4,  -12,   -8,   -4,   -4,    4,   -4,   -4,  -12,
      -4,   -4,   -4,   -4,   -4,   -8,   -8,   -4,    4,   -4,    4,   -4,  -12,   -4,   -4,  -12,
      -4,   -4,   -4,   -4,   -4,    4,   -8,   -4,  -16,    4,   -8,   -8,  -32,   -8,  -16,   -8,
      -8,   -8,  -12,  -28,  -12,  -12,   -4,   -4,  -12,   -8,   -8,   -8,   -8,  -12,   -8,   -8,
      -8,   -4,  -16,  -12,   -8,   -8,  -20,   -8,  -20,   -8,  -12,  -16,   -4,  -12,  -12,  -40,
     -12,  -16,  -16,   -8,   -8,  -12,  -32,  -16,   -8,  -12,   -8,   -4,  -12,   -4,   -8,  -20,
      -8,   -8,   -8,   -8,   -4,   -8,   -8,  -12,  -12,  -24,  -12,  -20,  -20,    8,   -8,   -8,
     -24,    8,  -16,   -4,   -4,   -4,  -12,   -8,  -16,  -12,    4,  -16,   -8,    8,   -4,  -12,
      -8,  -12,   -8,  -12,  -12,   -8,  -12,   -8,    8,  -12,   -8,  -16,  -32,  -16,  -16,  -20,
     -12,  -16,  -16,   -8,  -16,  -12,  -24,  -12,  -12,  -20,  -12,  -16,  -16,  -12,  -12,  -16,
     -12,  -12,  -16,  -16,  -16,   -8,  -12,   -4,   -4,   -4,  -20,  -12,  -12,   -4,   -8,   -8,
      -4,  -12,   -4,   -4,   -4,   -4,   -8,   -4,   -8,  -12,   -8,   -4,  -16,   -4,   -4,   -4,
      -4,   -4,   -8,   -4,   -4,   -8,   -4,  -12,   -8,   -4,   -4,  -20,  -12,  -16,  -16,  -12,
     -12,   -4,  -12,   -4,   -4,  -12,   -4,  -12,   -8,   -4,   -8,  -16,   -4,  -12,   -4,   -4,
      -4,   -4,   -4,   -8,   -4,   -4,  -12,   -4,   -8,   -4,    4,   -4,   -4,  -20,  -12,   -8,
     -12,   -8,   -8,   -4,   -8,   -4,   -4,   -4,   -4,   -8,   -4,   -4,  -12,  -16,   -4,  -20,
      -4,   -4,   -4,   -4,   -4,  -16,   -4,   -8,   -4,   -8,   -8,  -12,   -4,   -4,   -4,  -20,
      -8,  -12,   -8,  -12,  -12,   -4,  -20,   -4,   -4,  -12,   -8,  -16,   -8,   -4,  -16,  -12,
      -4,  -16,   -4,   -4,   -4,   -4,   -4,  -12,   -4,   -8,   -8,  -12,    4,   -8,   -4,  -12,
       4,   -8,   -4,   -8,   -8,   -8,   -4,   -8,   -8,    8,   -8,  -16,    4,   -8,  -20,    4,
      -4,  -32,   -4,   -4,   -4,   -4,   -8,   -4,   -4,    4,   -8,   -4,   -8,    4,  -20,   -4,
      -8,   -4,  -12,  -12,   -4,   -8,   -8,   -4,   -8,   -4,   -4,   -4,  -12,  -12,   -4,  -12,
      -4,   -4,   -4,   -4,   -4,   -4,   -4,  -16,    4,    8,   -4,   -4,  -20,    8,   -4,   -4,
      -4,   -8,   -8,   -4,   -4,   -4,    8,   -4,  -12,    4,   -8,  -28,    4,  -32,   -4,   -4,
      -4,   -4,    8,   -4,  -12,   12,  -12,  -12,  -24,    4,   -4,   -4,   -4,   -8,   -8,   -4,
      -4,    4,   -8,   -8,    4,   -8,   -4,   -8,  -12,   -4,   -4,   -4,   -8,   -8,    4,   -8,
     -16,    4,    8,   -8,   -8,  -20,    4,  -12,   -4,   -4,   -4,  -12,   -8,  -12,   -8,    4,
      -8,  -12,    4,   -8,   -8,  -12,   -8,   -8,   -4,   -8,   -8,   -4,   -4,    4,  -12,  -12,
      -8,  -12,   -4,   -4,   -4,  -20,  -12,  -16,  -16,   -8,   -8,   -4,  -12,   -4,   -4,  -12,
      -4,  -12,   -4,   -4,  -16,  -16,   -4,  -24,   -4,   -4,   -4,   -4,   -4,   -4,   -4,   -8,
     -12,  -12,    4,   -4,    8,   -4,   -4,  -20,    8,   -8,   -4,   -4,  -12,   -8,   -4,    4,
      -8,    4,   -4,   -4,    4,  -12,   -4,   -8,   -8,   -4,   -4,   -8,    8,
};

static const EpdFontData edslab_12_italic = {
    edslab_12_italicBitmaps,
    edslab_12_italicGlyphs,
    edslab_12_italicIntervals,
    55,
    31,
    23,
    -8,
    true,
    edslab_12_italicGroups,
    11,
    nullptr,
    nullptr,  // kernLeftClasses: built-in fonts use the split arrays below
    nullptr,  // kernRightClasses
    edslab_12_italicKernLeftCodepoints,
    edslab_12_italicKernLeftClassIds,
    edslab_12_italicKernRightCodepoints,
    edslab_12_italicKernRightClassIds,
    nullptr,  // kernMatrix: built-in fonts use the sparse form below
    edslab_12_italicKernRowOffsets,
    edslab_12_italicKernSparseCols,
    edslab_12_italicKernSparseValues,
    129,
    129,
    129,
    129,
    nullptr,
    0,
};
