/**
 * generated by fontconvert.py
 * name: edslab_14_bold
 * size: 14
 * mode: 2-bit  compressed: true
 * Command used: fontconvert.py edslab_14_bold 14 ../builtinFonts/source/EdsLab/EdsLab-Bold.ttf --2bit --compress --pnum --zopfli
 */
#pragma once
#include "EpdFontData.h"

static const uint8_t edslab_14_boldBitmaps[15558] = {
    0xB5, 0x98, 0x01, 0xA4, 0x2E, 0x49, 0x7A, 0xFE, 0x9F, 0xEE, 0xDE, 0x7B, 0x1B, 0x8D, 0x1E, 0xFC,
    0xC7, 0xFC, 0x59, 0x34, 0x00, 0x88, 0x06, 0x80, 0xB8, 0xD5, 0x11, 0x32, 0x58, 0xE4, 0xE2, 0x7C,
    0x73, 0x70, 0x70, 0x17, 0x00, 0xE1, 0x40, 0x10, 0x21, 0xDB, 0xBD, 0x81, 0x60, 0xB1, 0x8B, 0xDD,
    0x00, 0xCC, 0x20, 0x81, 0x85, 0x05, 0x08, 0x76, 0xA7, 0x2A, 0x36, 0xC0, 0x62, 0x9A, 0xE4, 0x06,
    0x06, 0xD3, 0x92, 0xB9, 0x11, 0x16, 0xB7, 0x13, 0x7D, 0x77, 0xFB, 0x9B, 0x74, 0xD5, 0x93, 0x7A,
    0xAA, 0xCF, 0x77, 0xCE, 0x77, 0xE6, 0xDC, 0xBD, 0x77, 0x76, 0x76, 0xF3, 0x7D, 0xF5, 0xFE, 0xAA,
    0xBB, 0xEA, 0xAD, 0xF7, 0x7D, 0xDF, 0xEA, 0xEA, 0xEA, 0xFE, 0xBE, 0x1E, 0x6F, 0xFB, 0x02, 0x4F,
    0xC0, 0x81, 0x8E, 0xC3, 0x13, 0xF8, 0xFE, 0xFC, 0x8B, 0x72, 0xCE, 0x37, 0xA0, 0x9A, 0x8B, 0xC8,
    0x7A, 0x2E, 0xD6, 0xC8, 0xA9, 0x58, 0x22, 0xC7, 0x72, 0x06, 0x1A, 0x57, 0xCD, 0x30, 0x24, 0xE9,
    0xCE, 0xF9, 0xAE, 0xFD, 0xD1, 0xF5, 0xF3, 0x0E, 0x3D, 0x5A, 0x07, 0x58, 0x98, 0x01, 0x08, 0x30,
    0x1D, 0xE0, 0xE5, 0x8C, 0xFA, 0xDC, 0xE3, 0xE5, 0xF1, 0x83, 0x70, 0x40, 0xB1, 0x64, 0x1B, 0x4E,
    0x0E, 0x1F, 0xB8, 0x8A, 0xDD, 0xF7, 0x60, 0xD9, 0xA1, 0x24, 0x17, 0x34, 0xA4, 0x87, 0x99, 0x72,
    0xA2, 0x97, 0x4B, 0x8B, 0x1D, 0xD7, 0x3A, 0x05, 0xCC, 0x18, 0xD1, 0x86, 0x0E, 0xA8, 0x19, 0x99,
    0x6B, 0x04, 0x1A, 0x06, 0x88, 0x52, 0xB0, 0x4E, 0x5A, 0xEE, 0x09, 0x62, 0xB0, 0xFD, 0x0D, 0xCC,
    0xD0, 0x8F, 0x19, 0x3B, 0x43, 0x06, 0xD4, 0xE4, 0x8A, 0xCC, 0x72, 0xF8, 0x72, 0x04, 0x8F, 0x43,
    0x57, 0xC6, 0xAA, 0xE5, 0x58, 0xCD, 0x40, 0xCF, 0xA5, 0x9E, 0x00, 0x16, 0x6B, 0x33, 0x02, 0x3E,
    0xDB, 0x8C, 0x03, 0x36, 0x6C, 0x66, 0x48, 0x67, 0x16, 0x00, 0xDF, 0xDF, 0x08, 0x69, 0xBE, 0xF2,
    0x72, 0xC9, 0xFF, 0xDE, 0xA0, 0xA8, 0x7E, 0xBE, 0x02, 0xC8, 0x43, 0xB9, 0xB4, 0x93, 0xCE, 0xFF,
    0x8B, 0xA9, 0xF9, 0xDF, 0x49, 0x85, 0xF8, 0x0B, 0x2A, 0x48, 0xF3, 0xC9, 0xD2, 0xBB, 0x58, 0x7D,
    0x7F, 0x6C, 0x34, 0xA1, 0xB5, 0xAB, 0x63, 0xC5, 0x5A, 0x67, 0x99, 0xAF, 0xE6, 0xE8, 0x23, 0xDF,
    0x4A, 0x69, 0x16, 0x6B, 0x46, 0x0F, 0xC4, 0xB8, 0xAE, 0x3F, 0x07, 0x1A, 0xA5, 0x4D, 0x3A, 0x14,
    0x42, 0x19, 0xAE, 0x1C, 0xAA, 0x05, 0x1D, 0x14, 0x2F, 0x4A, 0xB9, 0x2D, 0x36, 0x81, 0x09, 0x83,
    0x82, 0x19, 0x95, 0xD0, 0x5C, 0xCE, 0xE6, 0x93, 0xAD, 0x9C, 0x6D, 0xC1, 0x72, 0x0E, 0xE0, 0xF7,
    0x66, 0x8F, 0xFE, 0xD3, 0x29, 0x28, 0x57, 0xA2, 0xA2, 0xB3, 0xAE, 0x60, 0x67, 0x8E, 0xD7, 0x1C,
    0x1A, 0x92, 0xAE, 0x8C, 0x98, 0xD1, 0x1F, 0xEB, 0xC5, 0xEF, 0x1F, 0xA0, 0x43, 0x36, 0xC9, 0x4F,
    0x13, 0xDB, 0x1D, 0x18, 0xE3, 0x53, 0x50, 0xF5, 0x84, 0xC6, 0x69, 0x39, 0x98, 0x0E, 0x16, 0xF8,
    0x18, 0x08, 0x80, 0x3F, 0x2B, 0x21, 0x95, 0x74, 0x09, 0xA5, 0x13, 0x35, 0x5B, 0xA7, 0x51, 0xD5,
    0xA2, 0x50, 0x33, 0xA6, 0xCB, 0xD5, 0x2E, 0xB2, 0x9C, 0x8F, 0x40, 0xF7, 0x0E, 0xF0, 0x87, 0xD2,
    0x57, 0x73, 0x33, 0x29, 0x27, 0x2D, 0x1E, 0x6A, 0x70, 0x1A, 0xB9, 0x0F, 0x9E, 0x51, 0xCE, 0x28,
    0x96, 0x07, 0x45, 0xED, 0xEA, 0x55, 0x58, 0xA3, 0xF4, 0x4D, 0xA7, 0x50, 0x3D, 0xCA, 0x4D, 0x81,
    0x5B, 0x07, 0x9B, 0xEC, 0x47, 0x2F, 0xF0, 0x78, 0xC7, 0xBF, 0xF3, 0x24, 0xAC, 0x96, 0x5B, 0xCF,
    0xB5, 0xE6, 0x18, 0x19, 0x8F, 0x63, 0x4B, 0x6C, 0x87, 0xBF, 0xB3, 0x7A, 0x79, 0x7C, 0x4A, 0xCE,
    0x7B, 0xB9, 0x6D, 0x34, 0xA0, 0xD3, 0xB4, 0xC5, 0x85, 0x85, 0x9F, 0xE1, 0xFF, 0xE1, 0x70, 0xB8,
    0x53, 0x52, 0x9F, 0xBE, 0x06, 0xC0, 0x47, 0xC8, 0x16, 0xE4, 0x29, 0xB4, 0x22, 0x06, 0x3E, 0xA2,
    0x76, 0x2A, 0x4D, 0x07, 0x03, 0x95, 0xEF, 0x00, 0x3F, 0x05, 0x36, 0x64, 0xEB, 0x9D, 0x56, 0x79,
    0xA6, 0xD5, 0x9E, 0xB4, 0x7E, 0x26, 0x2D, 0xAC, 0x7B, 0xEC, 0x8D, 0x07, 0xB2, 0xB4, 0x04, 0xC8,
    0x19, 0x75, 0xB8, 0xDE, 0xD0, 0xCE, 0x45, 0x80, 0x71, 0xD8, 0x6F, 0x9A, 0xCE, 0x6A, 0xCD, 0x07,
    0xAD, 0xFE, 0x04, 0x0F, 0x34, 0x67, 0xB8, 0xEB, 0x48, 0x7A, 0x69, 0x44, 0x1A, 0xDB, 0xC8, 0x4A,
    0xB2, 0x57, 0xC8, 0x32, 0xE4, 0x03, 0xDF, 0xF4, 0x00, 0x97, 0x9B, 0x72, 0xA9, 0xF4, 0xBF, 0x72,
    0xD1, 0xEC, 0x75, 0xA4, 0xDB, 0x0B, 0xFA, 0xA3, 0x22, 0x76, 0x35, 0x39, 0xB7, 0xAF, 0xAE, 0x57,
    0xE3, 0x8A, 0xCD, 0x0C, 0xB9, 0x37, 0x43, 0xE6, 0xDB, 0x28, 0xFB, 0xF2, 0x2D, 0xA3, 0xB4, 0x0B,
    0x32, 0x4E, 0xA8, 0x38, 0xC0, 0x06, 0x14, 0x4A, 0x92, 0x1D, 0xCC, 0x82, 0x0B, 0xE3, 0xE0, 0xFB,
    0x2E, 0xCA, 0xE1, 0xE0, 0x7B, 0xF2, 0x56, 0x6A, 0x92, 0xB8, 0xC3, 0xA3, 0xC3, 0x55, 0xDA, 0x11,
    0xD6, 0x88, 0x7E, 0xD2, 0x6C, 0x0D, 0x40, 0x99, 0x9A, 0x7C, 0x44, 0xCB, 0x49, 0xD8, 0x04, 0x42,
    0xDD, 0x69, 0x6B, 0x71, 0xEA, 0x12, 0x9A, 0xFD, 0xA8, 0xD5, 0x8A, 0x8D, 0xAD, 0xB6, 0x6B, 0x8E,
    0x57, 0x44, 0x45, 0xFA, 0x9B, 0x0D, 0xA7, 0x65, 0x97, 0x34, 0xF6, 0x41, 0x74, 0xC8, 0xA3, 0x94,
    0x51, 0xEA, 0x28, 0xAD, 0x52, 0xFD, 0xCC, 0x81, 0x8D, 0x2B, 0x42, 0xE3, 0xAA, 0xAD, 0x71, 0xF5,
    0xDC, 0x38, 0x33, 0x35, 0xCE, 0x3E, 0xBF, 0x7E, 0xCE, 0xB3, 0x8F, 0x5C, 0x25, 0xC9, 0xAE, 0x9F,
    0x6B, 0xCE, 0x4F, 0x12, 0x0B, 0x71, 0x86, 0xE3, 0x41, 0xDB, 0x29, 0xF0, 0x00, 0x0C, 0x5D, 0x04,
    0x17, 0x61, 0x03, 0xFE, 0x3E, 0x86, 0x09, 0xC0, 0xBE, 0x36, 0x1D, 0xAD, 0x3A, 0xA7, 0x74, 0x86,
    0xD7, 0xA6, 0x53, 0x45, 0x58, 0x4E, 0xB1, 0x65, 0x8D, 0x5B, 0xCB, 0x56, 0x2F, 0xF1, 0xAA, 0x8C,
    0xF0, 0xC6, 0x45, 0xE9, 0xF0, 0xFF, 0xFB, 0x26, 0xC0, 0x92, 0x13, 0x63, 0x3F, 0x8F, 0xCF, 0x36,
    0x0E, 0x59, 0x20, 0x74, 0x7D, 0xD0, 0x4B, 0x3E, 0x06, 0x6C, 0x0F, 0x04, 0xE3, 0x72, 0xDF, 0x1E,
    0xAF, 0xB7, 0x8A, 0x9C, 0x73, 0x6A, 0x3A, 0x3C, 0x48, 0x6E, 0x27, 0x39, 0x1C, 0xAE, 0x56, 0xA4,
    0x2D, 0xAB, 0xD6, 0x45, 0x18, 0x53, 0xA0, 0x29, 0x62, 0x02, 0xF9, 0xCD, 0x22, 0xA8, 0x16, 0xA0,
    0x9E, 0x1F, 0x74, 0xDF, 0xAE, 0x91, 0x75, 0xEF, 0x6E, 0x26, 0x00, 0xFD, 0xAA, 0xE4, 0xBB, 0x9A,
    0x74, 0xED, 0xB1, 0x9F, 0x8D, 0xAB, 0x66, 0xD3, 0x15, 0xCB, 0x49, 0x74, 0xDE, 0xC4, 0x76, 0xF5,
    0x47, 0x19, 0x0D, 0xB9, 0xF4, 0x63, 0xB5, 0x69, 0x0F, 0x0B, 0x80, 0xF7, 0x51, 0x54, 0xDB, 0xAE,
    0xD8, 0xFA, 0xB8, 0x2A, 0x5B, 0x72, 0x2E, 0x15, 0xB7, 0x3D, 0x26, 0xDB, 0x25, 0xD3, 0xAE, 0x38,
    0xC5, 0xED, 0x71, 0xE9, 0x87, 0x7C, 0xE3, 0xAE, 0xFF, 0xB1, 0x07, 0xAC, 0x24, 0x44, 0xB1, 0x5D,
    0x46, 0x33, 0x56, 0x6C, 0x49, 0x56, 0x51, 0x32, 0x7A, 0xE2, 0x51, 0x17, 0x7A, 0xC0, 0xF7, 0xD1,
    0x4F, 0xDF, 0x95, 0xAB, 0x79, 0xD1, 0xCF, 0x0D, 0x39, 0xA6, 0x7D, 0xDD, 0x2E, 0xB8, 0xDB, 0x26,
    0xEE, 0x3E, 0x77, 0x6D, 0xAF, 0xEB, 0x7D, 0x17, 0xB6, 0x53, 0x5B, 0xEF, 0x4C, 0x67, 0xB5, 0x8F,
    0xE9, 0xF3, 0x0F, 0xFB, 0x1D, 0xD3, 0x2F, 0x28, 0x39, 0xEC, 0x73, 0x31, 0x6A, 0xCA, 0x61, 0x26,
    0xA4, 0x5A, 0xAB, 0x52, 0xED, 0xEA, 0x4F, 0x7A, 0xA8, 0x36, 0x8D, 0xBB, 0xDD, 0xAF, 0x7E, 0xFC,
    0xE3, 0x8F, 0x6E, 0x8F, 0xA3, 0x35, 0xDC, 0xAA, 0xB1, 0x03, 0xEC, 0xCD, 0x41, 0x46, 0x99, 0x9B,
    0x53, 0xDD, 0xA4, 0x04, 0xD4, 0x2C, 0xBD, 0xA4, 0xAF, 0x71, 0x19, 0x57, 0xD4, 0xE4, 0x60, 0xC8,
    0xA9, 0x7F, 0x71, 0x3D, 0xF7, 0x28, 0x96, 0x93, 0x3C, 0x41, 0xB9, 0x40, 0x7B, 0x30, 0xEC, 0x88,
    0x82, 0x1D, 0xEA, 0x9B, 0x08, 0x8D, 0x9C, 0xE1, 0x4E, 0xDE, 0x4D, 0xEF, 0x2E, 0x00, 0xDD, 0x9D,
    0xA4, 0x39, 0x68, 0xF9, 0x83, 0xC8, 0x9C, 0x0C, 0xE9, 0x84, 0x8A, 0x87, 0x5F, 0x7C, 0x60, 0xD7,
    0x64, 0xAE, 0x0C, 0xA8, 0x56, 0x5C, 0x80, 0x5D, 0x3D, 0x37, 0x31, 0x04, 0xD7, 0xBA, 0x9E, 0x73,
    0x33, 0x9A, 0xC1, 0x72, 0xA9, 0x63, 0x28, 0x1F, 0x97, 0x7A, 0xFE, 0xE1, 0xE3, 0x7C, 0x2B, 0x96,
    0xA8, 0xCB, 0x58, 0x79, 0x98, 0xBD, 0x62, 0xAA, 0xB2, 0x90, 0xA9, 0x2F, 0xDF, 0x54, 0x31, 0x5F,
    0x0B, 0x0D, 0xC8, 0xC3, 0xB5, 0xAF, 0x67, 0xF3, 0x5D, 0x52, 0x2B, 0xC7, 0x59, 0xF6, 0x74, 0xCD,
    0xDC, 0x2C, 0x0D, 0x51, 0xAF, 0x40, 0xF6, 0x77, 0xC9, 0x3B, 0x06, 0x80, 0x0B, 0xAE, 0xB4, 0x58,
    0xF7, 0xC8, 0x2A, 0x52, 0xD3, 0x02, 0xCB, 0x35, 0x12, 0xD9, 0x41, 0x2C, 0x38, 0x25, 0xCE, 0x89,
    0x8B, 0xDA, 0xFB, 0x2D, 0x12, 0x26, 0xD1, 0x06, 0x31, 0x58, 0xB5, 0x6F, 0xA6, 0xD3, 0x4A, 0x37,
    0x2E, 0x72, 0x6D, 0x23, 0xAB, 0xB9, 0x9E, 0xB4, 0xE6, 0xD3, 0xAA, 0x1F, 0xAB, 0x25, 0x79, 0xDA,
    0x4E, 0xB4, 0x69, 0x5A, 0x78, 0x38, 0x30, 0xDD, 0x22, 0x5A, 0xCA, 0x80, 0x71, 0x97, 0xBE, 0xCB,
    0xFA, 0xE7, 0xA4, 0x2B, 0xC8, 0xFB, 0xE4, 0x11, 0xA2, 0x13, 0xE6, 0xCB, 0xE3, 0xE1, 0x7A, 0xD1,
    0x76, 0xBD, 0x45, 0xE4, 0x42, 0x76, 0x3A, 0x52, 0x5B, 0xEA, 0x55, 0x5A, 0xC2, 0x2C, 0xA8, 0xA3,
    0x0C, 0x11, 0xA0, 0x60, 0x85, 0xFE, 0x74, 0x94, 0x05, 0xD9, 0xF3, 0xB2, 0xBC, 0x0A, 0x13, 0x53,
    0x70, 0x8F, 0xF9, 0x39, 0xD0, 0x93, 0x5D, 0xAE, 0xA9, 0xAC, 0xF8, 0x23, 0x3B, 0xD7, 0x2B, 0xAA,
    0xC5, 0x8C, 0x28, 0x16, 0x33, 0x44, 0x58, 0xA0, 0x5C, 0x08, 0xE0, 0xDB, 0x69, 0x22, 0xFC, 0x7D,
    0x04, 0x81, 0x82, 0x15, 0x34, 0x33, 0x1F, 0xB5, 0x13, 0x32, 0x1F, 0xAD, 0xC4, 0x4B, 0xC5, 0x1F,
    0x5D, 0xAF, 0x99, 0xBC, 0xC9, 0xC7, 0x10, 0xBD, 0xAD, 0x48, 0x59, 0x8A, 0x9C, 0x12, 0x37, 0x28,
    0x30, 0x42, 0x31, 0x72, 0x48, 0x31, 0x8F, 0x62, 0x33, 0x89, 0xF5, 0x2C, 0x96, 0x8B, 0x58, 0xBC,
    0x91, 0xE5, 0x2C, 0x56, 0xF3, 0xDD, 0x58, 0xE3, 0x76, 0x9B, 0xBB, 0xFD, 0xE4, 0x2B, 0x71, 0x3A,
    0x8B, 0x61, 0xB9, 0x43, 0x54, 0xBB, 0x4C, 0xF3, 0x7D, 0x8B, 0xFC, 0xA3, 0xB3, 0x2D, 0x3D, 0xED,
    0xF5, 0x24, 0xBB, 0x33, 0xA8, 0xE3, 0x01, 0x4E, 0x06, 0x92, 0xBD, 0x2F, 0xF9, 0xF8, 0xBF, 0x72,
    0xB9, 0x43, 0x8F, 0x75, 0x80, 0x74, 0x67, 0xF8, 0xF2, 0x25, 0x2E, 0x5F, 0x7F, 0x89, 0x8B, 0xF9,
    0xFC, 0x12, 0x67, 0x87, 0x0B, 0x8F, 0x8A, 0x3E, 0x21, 0x08, 0x54, 0xBB, 0x15, 0x8C, 0x8B, 0x68,
    0xA7, 0x88, 0x68, 0xA5, 0xD4, 0x25, 0xEE, 0x1F, 0x5E, 0x62, 0x57, 0x73, 0x3B, 0x67, 0x0C, 0xEC,
    0x51, 0xFF, 0xC3, 0x74, 0x51, 0xBA, 0xDF, 0x44, 0xA5, 0xDB, 0xA7, 0x2C, 0x79, 0x9F, 0xEA, 0x7D,
    0x0B, 0x77, 0xFB, 0x0F, 0xFC, 0x8A, 0x7B, 0x89, 0x0A, 0x5F, 0xFB, 0x05, 0xA9, 0x20, 0xB7, 0x93,
    0x64, 0x87, 0x0F, 0x36, 0x20, 0x7B, 0xAB, 0x1C, 0xA2, 0x84, 0x28, 0x1E, 0x79, 0x92, 0x80, 0x62,
    0xB5, 0x28, 0x97, 0x3E, 0x3E, 0x6E, 0xDA, 0x74, 0xA7, 0xB1, 0xCB, 0xAC, 0xA6, 0xEA, 0xE7, 0xE4,
    0x39, 0xA3, 0xE7, 0x3F, 0xE2, 0xF3, 0x18, 0x42, 0x4E, 0x44, 0x56, 0x5E, 0x6C, 0x17, 0xD1, 0x8E,
    0x91, 0xBF, 0xE2, 0x10, 0x49, 0x22, 0xD1, 0x25, 0xCE, 0xA2, 0x5D, 0x23, 0x43, 0xB9, 0x45, 0xAE,
    0x79, 0x1A, 0x85, 0x90, 0xC8, 0x44, 0x9B, 0xD8, 0xFF, 0xE9, 0x10, 0x33, 0x33, 0x2F, 0x95, 0x56,
    0xCB, 0x21, 0x4D, 0x12, 0x22, 0xF3, 0x55, 0xC4, 0x19, 0xA2, 0x5A, 0x1A, 0xF1, 0x3B, 0xE1, 0x22,
    0x6D, 0x5A, 0x09, 0x97, 0xC7, 0x38, 0x73, 0x24, 0x79, 0x0E, 0xE9, 0xF5, 0x1B, 0x37, 0x00, 0x6A,
    0x52, 0x1A, 0xDB, 0x25, 0x3B, 0x94, 0xBC, 0x28, 0xD2, 0x5B, 0x5B, 0xDA, 0x96, 0x8D, 0xAA, 0x18,
    0x7B, 0xAC, 0xFE, 0x67, 0x03, 0x2D, 0x8A, 0x57, 0x2C, 0x7C, 0xAF, 0x19, 0x79, 0x7F, 0x55, 0x65,
    0x3E, 0x9B, 0x55, 0x35, 0x1C, 0x55, 0x55, 0x1C, 0x54, 0x15, 0x84, 0xAA, 0xCC, 0xA7, 0x0A, 0x17,
    0x7B, 0x85, 0x07, 0x95, 0x12, 0x7D, 0x64, 0x2F, 0x98, 0xFC, 0x6D, 0x5F, 0xAA, 0x96, 0xC4, 0x2D,
    0x91, 0xE2, 0x25, 0xD3, 0x42, 0xA6, 0xD3, 0xD2, 0xE3, 0x9C, 0xB8, 0x88, 0xBF, 0xDE, 0xC4, 0x57,
    0x14, 0x17, 0xDB, 0x89, 0xC6, 0x89, 0xCD, 0x24, 0x56, 0x8B, 0x58, 0x6C, 0x62, 0x16, 0x44, 0xD8,
    0x5E, 0x34, 0x14, 0x9B, 0xC4, 0x8A, 0x9D, 0xD6, 0x29, 0xB5, 0xF4, 0xB2, 0x44, 0xD8, 0x44, 0xD3,
    0xE1, 0x31, 0x8F, 0x00, 0x8C, 0xCE, 0x32, 0x92, 0x0B, 0xB4, 0xB7, 0x7A, 0xD4, 0x2B, 0x72, 0xA6,
    0x47, 0xB6, 0x1D, 0x4C, 0x7A, 0xEF, 0xB5, 0x00, 0xEA, 0x89, 0xE2, 0x1C, 0x22, 0xAB, 0xD9, 0x47,
    0x96, 0xF7, 0xB8, 0xB7, 0xEF, 0x3A, 0xD2, 0x6F, 0xA6, 0x7D, 0x6C, 0x2B, 0x3B, 0x2E, 0xD9, 0xBC,
    0xB1, 0x9F, 0x7C, 0xDD, 0xF8, 0xDD, 0x63, 0x20, 0x19, 0x04, 0x4E, 0xC2, 0x9A, 0x9E, 0x2A, 0xDA,
    0xB8, 0xC2, 0xC3, 0x67, 0x4E, 0x42, 0x16, 0x8A, 0xA4, 0x22, 0x65, 0x61, 0x8A, 0xF0, 0xBF, 0xF5,
    0x16, 0x76, 0xC4, 0x29, 0xFB, 0x53, 0x48, 0x7B, 0x7C, 0xD8, 0x83, 0xBD, 0x99, 0x01, 0xEC, 0x69,
    0x60, 0x9F, 0x03, 0xEC, 0x09, 0x62, 0xCF, 0x16, 0x29, 0xF5, 0xFB, 0x55, 0xEA, 0xFB, 0x76, 0xEC,
    0x23, 0xB0, 0x45, 0x4D, 0x8B, 0x22, 0x34, 0x93, 0x2C, 0xB0, 0x77, 0x68, 0xE3, 0x11, 0x9D, 0x3C,
    0x34, 0xBC, 0xF5, 0x27, 0xEF, 0xEB, 0x1E, 0xCB, 0xB6, 0x47, 0xC6, 0x7A, 0x00, 0x80, 0xFE, 0xFB,
    0x4E, 0x55, 0xCB, 0x54, 0xD5, 0x4C, 0x8D, 0x05, 0x45, 0xE0, 0xE2, 0xC1, 0x63, 0x6F, 0x45, 0x9A,
    0x39, 0xA4, 0xA9, 0x13, 0xC1, 0x44, 0x7B, 0x46, 0x9E, 0x7A, 0x77, 0x4D, 0x8D, 0x4A, 0x1C, 0xC5,
    0x63, 0xDA, 0x1E, 0x56, 0xB1, 0xD8, 0xC4, 0xEC, 0xDE, 0xED, 0xFE, 0x37, 0xE9, 0x46, 0xFF, 0x6C,
    0x4C, 0x37, 0xBA, 0x8B, 0xAC, 0x38, 0x44, 0x46, 0x6B, 0x99, 0x0D, 0x1D, 0x6A, 0xC5, 0x61, 0x64,
    0xB0, 0x7F, 0x71, 0xB5, 0xC1, 0x02, 0x1E, 0x41, 0xF0, 0x37, 0x47, 0x69, 0x3A, 0x01, 0x73, 0x8C,
    0x68, 0x28, 0xD3, 0x1A, 0x81, 0xEB, 0x94, 0x75, 0x7B, 0xF3, 0xEB, 0xEC, 0x29, 0xD0, 0x77, 0x1E,
    0x30, 0x42, 0xDF, 0x05, 0x80, 0xE0, 0x8B, 0x2B, 0xA2, 0xD7, 0xEC, 0x34, 0xE4, 0xBC, 0x7B, 0xA3,
    0x3E, 0xDD, 0x39, 0xC3, 0xC1, 0x1E, 0x34, 0xB4, 0x87, 0xB9, 0xE1, 0x45, 0xE4, 0xBB, 0x40, 0x24,
    0x7E, 0x0F, 0xD4, 0x2D, 0x1D, 0x59, 0x73, 0xBB, 0xCF, 0x87, 0x6F, 0x5D, 0x71, 0x9A, 0xB2, 0x67,
    0x2F, 0xF6, 0x3F, 0xC0, 0xBE, 0x26, 0xD7, 0x48, 0xA7, 0x8B, 0xD0, 0xB8, 0xDC, 0x23, 0x2D, 0x1F,
    0xA0, 0x1F, 0xC0, 0x31, 0x2D, 0x4D, 0xD2, 0x03, 0x4D, 0x5A, 0x36, 0x65, 0x9A, 0x44, 0x5C, 0x1F,
    0x5F, 0x17, 0xC9, 0x55, 0x7A, 0x2F, 0xDC, 0xDF, 0x11, 0xB3, 0x34, 0xA1, 0x20, 0x54, 0x2C, 0x10,
    0x64, 0x30, 0x4F, 0x5D, 0xC9, 0xD1, 0x58, 0xCA, 0xF5, 0x54, 0xCD, 0xA7, 0x77, 0xD0, 0x72, 0x69,
    0xDC, 0xE9, 0xDD, 0x74, 0x7F, 0x4F, 0x45, 0xB0, 0x77, 0xEF, 0xAF, 0xE7, 0x6F, 0xB4, 0xCD, 0x22,
    0xD6, 0xB3, 0x58, 0x4D, 0x29, 0x12, 0x78, 0x4D, 0x4F, 0x5A, 0x1F, 0x37, 0x07, 0x05, 0x75, 0x70,
    0xA5, 0xED, 0x28, 0xCE, 0xE5, 0x0F, 0xA3, 0xD3, 0x92, 0x8A, 0x27, 0xC6, 0x50, 0x71, 0x40, 0x40,
    0x26, 0xCD, 0x94, 0xAF, 0x34, 0x53, 0x54, 0xB6, 0x6B, 0x3E, 0x4B, 0xB3, 0x61, 0x86, 0xF6, 0x93,
    0x14, 0x9B, 0x71, 0xE6, 0x7B, 0x37, 0x2F, 0xC7, 0xFD, 0xFB, 0x4B, 0x33, 0x2A, 0x66, 0x7B, 0x7A,
    0x75, 0x0E, 0xF9, 0x66, 0x06, 0x45, 0xEE, 0xB3, 0xAD, 0xEF, 0x80, 0xE2, 0xB8, 0xC1, 0x2B, 0xE6,
    0x9C, 0x1B, 0x18, 0x6E, 0x7E, 0xBB, 0x58, 0x0F, 0x00, 0x5C, 0x6E, 0x52, 0xB0, 0x33, 0xCC, 0x9A,
    0x72, 0x99, 0xD0, 0xCE, 0xE9, 0x60, 0x44, 0x93, 0x0E, 0x1A, 0x87, 0x7A, 0x04, 0xA8, 0x78, 0xE6,
    0x73, 0x7E, 0x10, 0x79, 0x7C, 0x0A, 0x0E, 0xED, 0x2C, 0xF5, 0xDE, 0x21, 0x8E, 0x60, 0x07, 0xD4,
    0x5F, 0xC8, 0x4B, 0xC1, 0x2D, 0xF9, 0x4A, 0xD3, 0xC2, 0x49, 0xB4, 0x62, 0xC6, 0xF9, 0xB6, 0xB7,
    0x62, 0xC0, 0x69, 0x94, 0x19, 0xAD, 0x03, 0xAC, 0x8B, 0x11, 0x64, 0x44, 0xBD, 0xE0, 0x32, 0xD2,
    0x3F, 0x7D, 0xE8, 0x97, 0x74, 0xF7, 0x8B, 0x5E, 0xFD, 0x9F, 0xBD, 0xEA, 0x72, 0x8F, 0x56, 0x81,
    0xC2, 0x38, 0x5D, 0x56, 0x2B, 0x9B, 0x2E, 0xD9, 0xFF, 0xB7, 0xB4, 0x50, 0x7F, 0xBD, 0x46, 0x96,
    0xC9, 0x7B, 0xCE, 0x31, 0x12, 0x74, 0xA2, 0xFD, 0x1D, 0x96, 0x3D, 0x39, 0xDD, 0x21, 0x1C, 0x0E,
    0x74, 0x1E, 0x60, 0xE7, 0x51, 0x04, 0x5C, 0xA0, 0x92, 0x66, 0x9A, 0xCE, 0x5E, 0xFE, 0x38, 0x40,
    0xED, 0x48, 0xED, 0xFB, 0xEC, 0x9A, 0x53, 0x7B, 0x4E, 0x05, 0xB7, 0x21, 0x7B, 0x5A, 0x2F, 0x28,
    0x67, 0x33, 0x45, 0xD8, 0xE7, 0x87, 0xAB, 0x59, 0x96, 0xCF, 0x60, 0x7C, 0x64, 0xF0, 0xF8, 0xED,
    0xBE, 0xF4, 0x64, 0x1F, 0xFE, 0x1C, 0xD8, 0x52, 0xF9, 0x2B, 0xE0, 0x09, 0x60, 0x80, 0xB6, 0x43,
    0x33, 0xA0, 0x76, 0xA8, 0x1C, 0xCA, 0x09, 0xC5, 0x8C, 0x7C, 0x46, 0xB6, 0x9C, 0xF4, 0x7E, 0xF6,
    0x5A, 0xBD, 0x51, 0x7A, 0xC5, 0xAE, 0x17, 0xCB, 0x53, 0x13, 0xD0, 0xB3, 0x33, 0xEC, 0x60, 0x7E,
    0x2F, 0x45, 0xA6, 0x64, 0x30, 0x00, 0x8F, 0x00, 0x34, 0xE9, 0x3A, 0x6A, 0xF1, 0xA4, 0xC5, 0x54,
    0xBC, 0xDA, 0xD2, 0xA3, 0xB6, 0x76, 0x06, 0xED, 0xD0, 0xBA, 0x1E, 0xF5, 0xE8, 0x63, 0xCB, 0x5F,
    0x20, 0x9F, 0x0E, 0x87, 0x43, 0x47, 0xD2, 0x9D, 0xC4, 0x38, 0x33, 0x36, 0x53, 0x3D, 0x57, 0xB3,
    0x7E, 0xC6, 0xE4, 0x1C, 0xD0, 0x70, 0x81, 0xE1, 0x06, 0xF3, 0xB7, 0x21, 0x3A, 0x22, 0x1E, 0x93,
    0x68, 0xA2, 0x98, 0x28, 0x76, 0xB0, 0x08, 0xB0, 0xF0, 0x20, 0x78, 0xC5, 0x8F, 0xAC, 0xA6, 0x9B,
    0x76, 0xA9, 0xD6, 0x66, 0xB4, 0xDD, 0xBE, 0x5A, 0x38, 0x02, 0x1F, 0x46, 0xA9, 0x7F, 0x93, 0xBC,
    0xF4, 0xA8, 0x49, 0x17, 0x65, 0xAE, 0x8F, 0xD7, 0x6B, 0x3D, 0x15, 0x5B, 0x3D, 0x66, 0x3E, 0xF6,
    0xDD, 0xC9, 0x14, 0xCF, 0xE7, 0xD8, 0x1E, 0x62, 0xBF, 0xF4, 0xA4, 0xFF, 0x0B, 0x3D, 0x41, 0x3E,
    0x4F, 0x37, 0x44, 0x4B, 0x76, 0xE6, 0x85, 0x75, 0xB6, 0x6B, 0x1D, 0x63, 0x8E, 0x01, 0x80, 0x07,
    0xA0, 0x9A, 0xF8, 0x86, 0xF6, 0x03, 0xA7, 0xFE, 0x86, 0xEC, 0x4A, 0x06, 0x20, 0x8E, 0x03, 0xBE,
    0x62, 0x84, 0xF6, 0xE5, 0x58, 0x92, 0x63, 0x13, 0x25, 0xDA, 0x18, 0xED, 0x50, 0x8F, 0x8C, 0xED,
    0x21, 0x8A, 0xDF, 0x25, 0x9D, 0x47, 0xDF, 0xEA, 0xFF, 0xCF, 0x96, 0xF4, 0x15, 0xC9, 0xCC, 0xFE,
    0xF5, 0xFE, 0xDB, 0x9E, 0x03, 0x2A, 0x2E, 0x68, 0x35, 0x87, 0xFF, 0xEA, 0xA1, 0x19, 0xE3, 0xC1,
    0x82, 0xE4, 0xAD, 0x28, 0x4E, 0x8B, 0x3F, 0x80, 0xF9, 0x0F, 0xA2, 0x65, 0x40, 0xC5, 0x15, 0x99,
    0xC2, 0xEA, 0xA7, 0x8C, 0x5B, 0x41, 0x5F, 0x1C, 0x43, 0xB1, 0xF8, 0x62, 0xF9, 0xB3, 0x9B, 0xBF,
    0x97, 0x39, 0xEF, 0xE5, 0xBD, 0xE3, 0xD3, 0x37, 0xFC, 0x76, 0x78, 0x2F, 0x6A, 0xC6, 0x32, 0xA7,
    0x9B, 0x1C, 0x40, 0xBB, 0xDA, 0x2E, 0xBB, 0xFD, 0x05, 0x57, 0x2D, 0xCD, 0xAF, 0xBA, 0xB4, 0x73,
    0xD7, 0x63, 0x79, 0x82, 0x4E, 0xAB, 0xE3, 0xF5, 0x84, 0x8A, 0x74, 0xE9, 0x3A, 0xA3, 0x7D, 0xB9,
    0x22, 0x59, 0xD0, 0xE9, 0x0F, 0xD4, 0xE1, 0x75, 0x44, 0x98, 0x7F, 0xFC, 0x80, 0x43, 0xDF, 0xC1,
    0xB8, 0x1D, 0x63, 0x46, 0x67, 0x64, 0xB9, 0x91, 0x4A, 0x4E, 0x4E, 0xC0, 0xA3, 0x8B, 0x7D, 0x9E,
    0x41, 0x27, 0xC8, 0xCA, 0x87, 0x42, 0xFD, 0x66, 0xFC, 0x32, 0x44, 0x90, 0x4E, 0x88, 0x51, 0x85,
    0x67, 0x11, 0x71, 0x3D, 0xC6, 0xDE, 0x37, 0x21, 0x3E, 0x3D, 0x8F, 0x20, 0xD3, 0x7B, 0x6B, 0xCE,
    0x81, 0x04, 0xE5, 0xFA, 0x1D, 0xD4, 0x43, 0x3B, 0xB6, 0x63, 0x3D, 0x28, 0x16, 0x3A, 0x8E, 0x3F,
    0x19, 0xEB, 0xFB, 0xDF, 0xB5, 0xF6, 0x15, 0xF3, 0x15, 0x6B, 0xEE, 0x73, 0x8F, 0x15, 0xA8, 0xBD,
    0xBE, 0x8F, 0xDE, 0xB8, 0x47, 0xFC, 0xA5, 0xB7, 0x9B, 0x5D, 0xDB, 0xE9, 0x6B, 0xE4, 0xF7, 0xCF,
    0xDC, 0xEE, 0xE3, 0x02, 0xF5, 0xA7, 0x9B, 0x72, 0x5E, 0x84, 0x4D, 0x60, 0x44, 0x10, 0x16, 0x33,
    0xC4, 0x61, 0xED, 0x3F, 0xC5, 0xFC, 0x1A, 0xFD, 0x60, 0xAA, 0x19, 0x51, 0x2A, 0xC9, 0xCC, 0xDF,
    0x25, 0xF4, 0xF6, 0xEF, 0x16, 0x93, 0x0C, 0xF9, 0x6A, 0xBF, 0xE5, 0x2B, 0x0F, 0x90, 0x7C, 0x49,
    0xA7, 0x8A, 0x1C, 0xF1, 0xE1, 0xF1, 0xDA, 0x5F, 0xEF, 0xD7, 0xFF, 0x66, 0x41, 0x94, 0x5F, 0xA5,
    0x8A, 0x21, 0x95, 0xAF, 0xCA, 0x57, 0x50, 0x3C, 0x25, 0x53, 0x55, 0xEC, 0x55, 0x1E, 0x00, 0xA4,
    0xC9, 0xB7, 0xDF, 0x0A, 0xC9, 0x9B, 0x13, 0x66, 0x7C, 0xF8, 0x35, 0x2E, 0x66, 0x71, 0x77, 0x31,
    0x01, 0xD8, 0x05, 0xD5, 0xBE, 0x09, 0xE9, 0xA6, 0x8E, 0xD3, 0x5F, 0xCF, 0x44, 0xB9, 0xE8, 0xE5,
    0xD5, 0x47, 0x51, 0xAD, 0x73, 0x3B, 0xD4, 0xB3, 0xFA, 0xA5, 0x57, 0x92, 0x69, 0x9C, 0x7D, 0x3F,
    0x40, 0xF9, 0x2A, 0x92, 0x18, 0xC8, 0x9A, 0x36, 0x95, 0xE9, 0xFE, 0x66, 0xA3, 0xCD, 0x27, 0x6D,
    0x42, 0xC7, 0x67, 0x77, 0x9B, 0xCD, 0x2F, 0xFD, 0xF9, 0x96, 0x10, 0x83, 0x03, 0xC8, 0x3B, 0xC9,
    0xEC, 0xA7, 0x63, 0x45, 0x8E, 0xED, 0x69, 0x93, 0xE8, 0xDA, 0x7B, 0x9B, 0x84, 0x6A, 0x9D, 0x6B,
    0xF3, 0x30, 0xAF, 0x6C, 0xDA, 0x4C, 0x4A, 0x32, 0x6D, 0x2E, 0x78, 0x83, 0x65, 0xFB, 0x27, 0x01,
    0xBA, 0x4C, 0x8A, 0xF9, 0x27, 0xE1, 0x7A, 0xAC, 0xE7, 0xC6, 0xC5, 0xA5, 0xE0, 0x92, 0xF6, 0x83,
    0x91, 0x1D, 0x48, 0x77, 0x2B, 0x39, 0x27, 0x34, 0xF4, 0x30, 0x24, 0xCC, 0x77, 0xA3, 0x0C, 0x3D,
    0xCC, 0x02, 0x34, 0x1C, 0x51, 0x72, 0x03, 0xAE, 0x99, 0xFE, 0x32, 0x36, 0x5D, 0xDB, 0x99, 0xE7,
    0x31, 0x62, 0x12, 0x75, 0xBA, 0x71, 0xB5, 0x39, 0x02, 0x8F, 0x1F, 0xFA, 0xB8, 0x67, 0x5F, 0xFE,
    0x1E, 0xC6, 0xD1, 0x4B, 0xBA, 0x7A, 0x8A, 0xF2, 0x8A, 0x5D, 0x45, 0xA2, 0xA0, 0x4F, 0x8F, 0x22,
    0x8E, 0x66, 0x39, 0xC3, 0xB3, 0xF1, 0xBD, 0xB7, 0x2D, 0x81, 0x7A, 0x2A, 0x17, 0xED, 0x46, 0x5F,
    0x74, 0x25, 0xC9, 0x2E, 0x17, 0xD0, 0x2F, 0xB6, 0x23, 0x6B, 0xCE, 0x77, 0xB8, 0x3A, 0x3E, 0x0E,
    0x4F, 0x8B, 0xAD, 0xD8, 0x90, 0xFB, 0x72, 0x05, 0x42, 0x35, 0x03, 0xAC, 0x23, 0xFA, 0x67, 0x23,
    0x60, 0xE8, 0x94, 0x75, 0x07, 0xD4, 0x04, 0x50, 0x85, 0x88, 0xA8, 0x0B, 0xE4, 0x2B, 0x40, 0x16,
    0x9B, 0xEC, 0x9C, 0xAA, 0xD2, 0x27, 0x83, 0x55, 0x90, 0xC9, 0xB5, 0x66, 0xBE, 0x45, 0xDD, 0x86,
    0x7F, 0xBC, 0x21, 0x0B, 0x2D, 0xBF, 0xB7, 0x00, 0x34, 0xFC, 0x64, 0x06, 0xAC, 0xFD, 0xC9, 0xCB,
    0x49, 0xC6, 0x6B, 0x99, 0x6F, 0x63, 0x35, 0x00, 0x4D, 0xA8, 0x92, 0x9F, 0xAD, 0x48, 0x9E, 0xB6,
    0x22, 0xF9, 0x5A, 0xA3, 0x11, 0xA4, 0x37, 0xEB, 0xA9, 0x26, 0x97, 0x96, 0xEF, 0x6D, 0xFD, 0xBF,
    0x64, 0x4A, 0xC6, 0x86, 0xFD, 0x5D, 0xB8, 0x59, 0x52, 0xAD, 0x73, 0xB5, 0xAB, 0x5F, 0x7A, 0xD2,
    0x3F, 0x8D, 0x9B, 0x39, 0x0B, 0x4B, 0xC4, 0xE5, 0xF6, 0x88, 0x4F, 0x33, 0x9F, 0x05, 0x20, 0x14,
    0x1A, 0x25, 0x98, 0xF7, 0x65, 0x43, 0x91, 0x35, 0x9F, 0x4D, 0x4A, 0x75, 0x04, 0x2A, 0x85, 0x56,
    0x2A, 0xA2, 0x14, 0x4F, 0xBA, 0x27, 0x33, 0x7F, 0x93, 0x7E, 0x9B, 0x06, 0x7C, 0x38, 0x2B, 0x78,
    0x5D, 0x3A, 0xA9, 0xE5, 0x1E, 0xB8, 0xFF, 0x64, 0xBA, 0x0C, 0xF0, 0xD5, 0x06, 0xDF, 0x6A, 0x36,
    0x1D, 0x32, 0x76, 0x50, 0x52, 0xF5, 0x6A, 0x3A, 0x33, 0x9B, 0xCE, 0x3E, 0xEF, 0x3B, 0x92, 0xB7,
    0x82, 0x76, 0x00, 0x87, 0x68, 0xA6, 0x98, 0xEF, 0x97, 0xE5, 0x5E, 0xA9, 0x66, 0xD8, 0x51, 0xE5,
    0x9B, 0x0F, 0xBA, 0xEE, 0x0F, 0x4C, 0x11, 0x71, 0x88, 0x66, 0xFD, 0x5B, 0x3E, 0xDF, 0x81, 0xEC,
    0x35, 0x0F, 0xED, 0x2D, 0x28, 0x6F, 0xCB, 0x8A, 0x42, 0xF6, 0x5C, 0x2C, 0x85, 0xD7, 0xE9, 0x6D,
    0xD7, 0xC3, 0x51, 0x4D, 0x8A, 0x31, 0x9A, 0xCD, 0xBA, 0x6F, 0xB4, 0xCB, 0x4F, 0xC9, 0x6D, 0x69,
    0xC7, 0x2E, 0xC3, 0xFF, 0x02, 0xCD, 0x99, 0x31, 0x8C, 0x1D, 0xC7, 0x7D, 0xC6, 0xBF, 0xDD, 0xE5,
    0x71, 0x8D, 0x2C, 0x90, 0x49, 0xC1, 0x8B, 0x12, 0x10, 0xC6, 0xBA, 0x0C, 0x0C, 0x38, 0x9B, 0x1E,
    0x16, 0x67, 0x1C, 0x17, 0x2E, 0x52, 0xE8, 0x0A, 0x3E, 0x5C, 0xC1, 0x82, 0xEA, 0x61, 0xE4, 0x5C,
    0xA4, 0x94, 0xB9, 0x0B, 0xA7, 0x4C, 0xE3, 0x22, 0x4E, 0x8A, 0x00, 0x91, 0xCA, 0x20, 0x29, 0xD4,
    0xB8, 0x10, 0x12, 0x92, 0x33, 0x88, 0x10, 0xB8, 0x70, 0xA1, 0xB5, 0x13, 0xC7, 0x45, 0x0A, 0x6D,
    0x62, 0x52, 0x49, 0x9A, 0xDC, 0xD8, 0x1A, 0xC5, 0x7B, 0xD4, 0xEC, 0x7E, 0x99, 0xFF, 0xEE, 0xBD,
    0xBB, 0x13, 0x4F, 0x77, 0x22, 0x69, 0xC6, 0xA7, 0x79, 0xF3, 0xFF, 0x71, 0x76, 0x66, 0xE6, 0x9B,
    0x6F, 0xE6, 0xF6, 0x71, 0x07, 0xFB, 0x6E, 0x81, 0x1D, 0x1D, 0xBB, 0x5B, 0x00, 0xDA, 0xCF, 0xFC,
    0xA0, 0x76, 0x6B, 0xD8, 0x47, 0xA8, 0xE6, 0x19, 0x35, 0xD9, 0x69, 0xD2, 0xD9, 0x37, 0xDF, 0x73,
    0xAC, 0xDF, 0x77, 0x73, 0x6A, 0x9B, 0x52, 0xC8, 0xBF, 0xAC, 0xFF, 0x09, 0xA9, 0xBE, 0xD7, 0x64,
    0x5F, 0x93, 0xAE, 0x9C, 0x09, 0xD8, 0x70, 0xAA, 0xD1, 0x0E, 0xC8, 0x18, 0x51, 0x70, 0x46, 0x71,
    0x94, 0x22, 0x48, 0x7C, 0x33, 0x05, 0x96, 0xD0, 0xF4, 0x27, 0xF1, 0xCA, 0xD1, 0x9E, 0xD4, 0x5D,
    0x18, 0xFB, 0x47, 0x1B, 0x43, 0x4B, 0x47, 0x9D, 0x82, 0x74, 0x5A, 0xC6, 0x7B, 0xE0, 0x37, 0x3A,
    0xE0, 0x0B, 0x80, 0xF9, 0x7D, 0x14, 0x7D, 0xF3, 0xF6, 0x61, 0xAF, 0x48, 0x53, 0x24, 0xDF, 0xE5,
    0xA0, 0x51, 0xB9, 0x66, 0x09, 0x29, 0x8B, 0x07, 0x69, 0xD3, 0xA9, 0x8F, 0xF4, 0xBD, 0x06, 0x18,
    0xD2, 0x3D, 0x95, 0xEF, 0x4C, 0xE6, 0xEE, 0x47, 0xA6, 0x98, 0xD0, 0x38, 0x64, 0x84, 0xEE, 0x00,
    0xDB, 0x59, 0x00, 0xDA, 0xCD, 0x89, 0xF5, 0x7F, 0xC4, 0x44, 0xF5, 0xCB, 0x31, 0xB1, 0xA4, 0x87,
    0x28, 0xD2, 0x7F, 0x06, 0x81, 0x16, 0xD8, 0x72, 0xC7, 0xDE, 0x16, 0x05, 0xC6, 0x4F, 0x72, 0xDA,
    0x26, 0x00, 0x67, 0xAE, 0x2A, 0x1A, 0xCD, 0xFE, 0x61, 0xE9, 0x63, 0xE6, 0xC7, 0xCC, 0x47, 0xA0,
    0x9D, 0xA5, 0xC6, 0xD2, 0xC7, 0x32, 0x44, 0x84, 0xD9, 0x04, 0xD2, 0xB7, 0xF4, 0x37, 0xE9, 0xF7,
    0xB2, 0x30, 0x22, 0x4C, 0xD7, 0xD3, 0xE5, 0x70, 0x93, 0x06, 0xB8, 0x35, 0xEA, 0xF8, 0x95, 0xEF,
    0x63, 0x4D, 0x19, 0x8F, 0x12, 0x6B, 0xD2, 0x01, 0x34, 0x55, 0x58, 0x36, 0x75, 0x42, 0xE5, 0x76,
    0x4C, 0x83, 0x1A, 0xED, 0xA8, 0xBA, 0x57, 0x73, 0xB2, 0x70, 0x6F, 0x94, 0x5E, 0xE7, 0xC3, 0x3B,
    0xAA, 0x6F, 0x33, 0x1F, 0x6A, 0xF7, 0x10, 0xDE, 0xD7, 0xEE, 0xC6, 0x42, 0x6C, 0x19, 0x54, 0x5F,
    0x18, 0xFF, 0x8E, 0xF2, 0xEA, 0x3B, 0xC3, 0x57, 0xCB, 0xE9, 0xE0, 0xEB, 0xFD, 0xAD, 0x8C, 0x73,
    0xE9, 0x94, 0x69, 0x1E, 0x29, 0x53, 0xF6, 0x80, 0x46, 0x3E, 0x22, 0x8B, 0x80, 0xFD, 0x6E, 0xBD,
    0xEE, 0x53, 0x07, 0x64, 0x76, 0x4C, 0xD8, 0x83, 0x9A, 0x50, 0x13, 0x75, 0x6D, 0x14, 0x4D, 0x43,
    0x73, 0x4B, 0x19, 0x6D, 0x87, 0x86, 0x4F, 0x14, 0x89, 0x2F, 0x7D, 0x09, 0xDE, 0x17, 0x1F, 0xFA,
    0xEA, 0x63, 0xDF, 0xC8, 0xCA, 0x9C, 0xE6, 0xA0, 0x28, 0x35, 0xD9, 0xCF, 0x3D, 0xBE, 0xF5, 0x2D,
    0x00, 0x9B, 0xCD, 0x06, 0x24, 0xCD, 0x36, 0x00, 0x7D, 0x26, 0x76, 0x53, 0xFB, 0x1E, 0xE9, 0xD7,
    0x0C, 0x49, 0xEB, 0xCC, 0xDB, 0xD5, 0x5B, 0x32, 0x20, 0xE7, 0x77, 0x6F, 0x4E, 0xA8, 0x02, 0x40,
    0x31, 0x37, 0x6A, 0xA7, 0x2D, 0xA9, 0x7A, 0xAD, 0x5C, 0xF3, 0x47, 0xC3, 0x43, 0xE5, 0xD4, 0xD7,
    0xFD, 0x83, 0x85, 0x51, 0xB9, 0xFA, 0x0F, 0x43, 0x54, 0x64, 0x2E, 0x1C, 0x85, 0xFF, 0xE8, 0xF3,
    0x90, 0x5A, 0x43, 0xE1, 0x5B, 0xE5, 0xEC, 0x4F, 0xBD, 0x6E, 0xA3, 0x7E, 0xBF, 0x6F, 0x18, 0xEB,
    0xB7, 0x9D, 0x0A, 0x80, 0x35, 0x05, 0x4D, 0x39, 0x03, 0x24, 0x47, 0xA0, 0x21, 0x7B, 0xE0, 0x3A,
    0x67, 0x00, 0xD8, 0x31, 0xC0, 0xE6, 0x36, 0xA3, 0x7C, 0x80, 0xAA, 0x6B, 0xFC, 0xAB, 0x5E, 0xFB,
    0x7A, 0xC8, 0x50, 0xFA, 0xE3, 0x7C, 0xE7, 0xA3, 0xD3, 0x5B, 0x53, 0x6A, 0xB6, 0x79, 0xB3, 0x39,
    0xAD, 0xAF, 0x26, 0x68, 0x76, 0x0F, 0x0F, 0xDC, 0xFD, 0xB2, 0xBF, 0x5F, 0x0E, 0xA8, 0x7A, 0x34,
    0x2E, 0x27, 0xEA, 0x11, 0x6D, 0x8F, 0xA9, 0x18, 0xA6, 0xFD, 0x81, 0x94, 0xAC, 0xE9, 0x53, 0xDE,
    0x3D, 0x18, 0xA0, 0x3B, 0xCC, 0x48, 0xCE, 0x0A, 0x0E, 0xD9, 0x1D, 0x0F, 0x84, 0x94, 0xDF, 0x40,
    0x68, 0xFF, 0xCA, 0x37, 0xEC, 0x93, 0xDD, 0xB4, 0xD2, 0x4E, 0xE3, 0x1E, 0x54, 0xAF, 0xC3, 0x0A,
    0xAE, 0x78, 0x45, 0x50, 0x5C, 0x86, 0xA1, 0x4C, 0x38, 0x3A, 0x38, 0xEA, 0x48, 0xF1, 0x27, 0x98,
    0x0E, 0x82, 0xED, 0x26, 0x00, 0xB8, 0x1C, 0xB0, 0x9C, 0x4A, 0x72, 0xAA, 0x53, 0xE8, 0xE3, 0x68,
    0xCF, 0x84, 0x3E, 0x6E, 0xAB, 0x52, 0x64, 0x29, 0x70, 0x4D, 0x4F, 0xC0, 0xF3, 0xC4, 0xEE, 0xED,
    0xDF, 0x85, 0x35, 0xEC, 0x68, 0x6E, 0xA1, 0x71, 0xBA, 0xD3, 0x78, 0x00, 0x76, 0xEC, 0xEE, 0x76,
    0xEA, 0xA9, 0xCF, 0xDD, 0x9E, 0x9E, 0x3E, 0xDB, 0x43, 0x3D, 0xA1, 0xA5, 0x89, 0xCA, 0x8D, 0x95,
    0xE4, 0x54, 0x48, 0x97, 0x9A, 0x7F, 0xA3, 0x19, 0xBB, 0x0E, 0xDE, 0x23, 0x46, 0xCC, 0x04, 0xD9,
    0x2D, 0x5F, 0x47, 0x47, 0x4A, 0x4D, 0x08, 0xE8, 0x7B, 0x00, 0xA0, 0xFB, 0x04, 0xD4, 0x67, 0xA0,
    0xEA, 0x12, 0x94, 0x4B, 0x68, 0xFE, 0xD4, 0xD3, 0xEB, 0x2A, 0xE1, 0x41, 0x9D, 0x10, 0xB5, 0x47,
    0x1E, 0xAC, 0x47, 0xF1, 0xF3, 0x8F, 0x3D, 0xAA, 0x7F, 0xFE, 0xD0, 0x43, 0xFD, 0xF0, 0x67, 0x1E,
    0xCD, 0x6B, 0x24, 0x5A, 0x95, 0x30, 0xA1, 0xF0, 0x59, 0x84, 0x62, 0xEE, 0x13, 0xF0, 0x7A, 0xC2,
    0xB3, 0x4F, 0x7E, 0x4D, 0xA0, 0x4C, 0x42, 0x23, 0xD0, 0xEC, 0xE9, 0x2D, 0x03, 0x3D, 0x1F, 0x47,
    0xFE, 0x82, 0xEE, 0x0D, 0x14, 0x82, 0x72, 0xC0, 0xFD, 0xD4, 0x5C, 0x04, 0xD4, 0x5D, 0x33, 0x40,
    0xE7, 0x34, 0xB8, 0x57, 0x85, 0x1B, 0x88, 0xCA, 0x7D, 0x35, 0x1B, 0x15, 0x63, 0xEE, 0x13, 0xF0,
    0x7A, 0x82, 0xA6, 0x07, 0x4E, 0x81, 0xDA, 0x25, 0x58, 0x00, 0xF9, 0x9C, 0x50, 0xB0, 0x17, 0x48,
    0x43, 0x36, 0x42, 0x5A, 0x3A, 0xFC, 0x1E, 0xE8, 0x6E, 0x3F, 0xCC, 0xF9, 0xB5, 0xA8, 0xC9, 0x22,
    0xD6, 0x9C, 0x54, 0xCC, 0xE7, 0xD8, 0x44, 0x64, 0xA1, 0x8D, 0x28, 0xFC, 0x14, 0x51, 0xFD, 0x38,
    0x44, 0xA8, 0x1F, 0x0C, 0x71, 0x5D, 0xB9, 0x56, 0x09, 0x0F, 0x80, 0x08, 0x59, 0x79, 0x36, 0x26,
    0xE0, 0x0F, 0x04, 0xC5, 0x00, 0xA8, 0x78, 0x1C, 0x23, 0x96, 0xEB, 0x6C, 0x0F, 0x28, 0xFD, 0x1A,
    0x55, 0x0A, 0x95, 0xA2, 0xED, 0x91, 0xB3, 0x83, 0x9A, 0x01, 0x1D, 0x80, 0xD6, 0x01, 0xC4, 0x75,
    0x3F, 0xA3, 0x5C, 0x1E, 0x51, 0x4C, 0x61, 0x1F, 0x1F, 0x78, 0x4D, 0x7A, 0xD9, 0xCF, 0xCC, 0x1E,
    0x01, 0x50, 0x5D, 0x02, 0x4A, 0x97, 0x50, 0x70, 0x58, 0xE8, 0x17, 0x86, 0xC4, 0xAC, 0x1D, 0x13,
    0xA1, 0xA3, 0xD0, 0xCE, 0xC2, 0xD9, 0x4A, 0x7D, 0xD4, 0x06, 0x28, 0xA2, 0xEE, 0x12, 0xC7, 0xC6,
    0x89, 0x07, 0x25, 0x2E, 0xBD, 0xF8, 0xA8, 0xFB, 0x2A, 0x00, 0x9A, 0x8C, 0x5B, 0x5A, 0x72, 0x06,
    0xB8, 0xD9, 0x10, 0xD9, 0x04, 0x58, 0x53, 0x48, 0x93, 0xDB, 0x9F, 0x4C, 0xD6, 0xFE, 0x84, 0x74,
    0x05, 0x79, 0x96, 0x40, 0xE1, 0x2F, 0x75, 0x15, 0x2F, 0x77, 0xE5, 0xFE, 0x9F, 0x5C, 0x95, 0x3D,
    0x00, 0xD4, 0xAB, 0x93, 0xB8, 0x30, 0x5C, 0xBD, 0xAB, 0x9D, 0x5D, 0x00, 0x68, 0xDF, 0x16, 0x72,
    0x5E, 0xBD, 0x7D, 0x5E, 0x76, 0x6C, 0x4D, 0xBF, 0xF9, 0x7D, 0x61, 0xB3, 0xBA, 0x1A, 0x3F, 0x5F,
    0xDE, 0xCA, 0x41, 0xA8, 0xFC, 0xE2, 0xF3, 0x9D, 0x93, 0x72, 0xC1, 0xB3, 0x1C, 0xCF, 0xF8, 0x9C,
    0xCE, 0xFB, 0xEC, 0xCE, 0xF8, 0xEC, 0x2F, 0xF5, 0x39, 0x3D, 0xBF, 0xCF, 0x82, 0x41, 0x91, 0x4B,
    0x61, 0xDC, 0x16, 0xE2, 0x5A, 0xC8, 0xDA, 0x69, 0xC7, 0x6E, 0x36, 0x56, 0xA4, 0xD1, 0x42, 0xB2,
    0xA5, 0x59, 0x0B, 0xD4, 0x5D, 0xE2, 0x97, 0x91, 0xCD, 0x8D, 0x6B, 0x01, 0x20, 0x8F, 0x75, 0xBF,
    0x14, 0x8A, 0xA8, 0x7C, 0x9B, 0x8E, 0x13, 0xA8, 0x42, 0xE5, 0x5B, 0xD2, 0x43, 0xF9, 0x62, 0x5C,
    0x0A, 0xF5, 0x90, 0x47, 0x29, 0x2C, 0x56, 0xA5, 0xB3, 0x14, 0x28, 0x05, 0xB1, 0x4D, 0x0B, 0x2C,
    0xCE, 0x5B, 0x02, 0xBB, 0x62, 0x5E, 0x13, 0x68, 0xC5, 0x7F, 0x2D, 0x85, 0xB4, 0x04, 0xDC, 0x65,
    0xF2, 0x43, 0x3A, 0x50, 0xD2, 0xF9, 0x02, 0xAE, 0xF3, 0x11, 0xD0, 0x92, 0x26, 0x27, 0xD9, 0x57,
    0xFC, 0x9E, 0xF5, 0x6A, 0x4C, 0x56, 0x74, 0x8F, 0x22, 0xE8, 0x2E, 0xC1, 0x02, 0x65, 0x20, 0x80,
    0xD7, 0xE7, 0x4F, 0x79, 0xB0, 0xCE, 0x02, 0x0A, 0xAC, 0x40, 0x3B, 0xE0, 0xAD, 0x66, 0x40, 0x36,
    0x25, 0x95, 0x22, 0x96, 0xFC, 0xDE, 0xC1, 0x98, 0x91, 0x1C, 0xD0, 0x90, 0x1D, 0x72, 0x8E, 0xC7,
    0x03, 0x73, 0x29, 0x14, 0x7E, 0x0B, 0x8C, 0x58, 0x0C, 0x85, 0x53, 0xA4, 0xC3, 0xF8, 0x7E, 0x28,
    0x02, 0x8A, 0x13, 0xE4, 0x6F, 0x25, 0x00, 0x2B, 0x8E, 0x36, 0x1B, 0x14, 0x24, 0xCD, 0x19, 0x48,
    0xC3, 0x79, 0xAC, 0x02, 0xAB, 0xDE, 0x53, 0x73, 0x00, 0xF7, 0x01, 0x64, 0x57, 0x34, 0xB9, 0xCC,
    0x8B, 0x72, 0xBE, 0xA2, 0x95, 0x4B, 0x2A, 0xFF, 0x3A, 0xA1, 0xE2, 0x95, 0x38, 0x28, 0x07, 0xE4,
    0x1E, 0xA4, 0x5B, 0xF3, 0xFE, 0x91, 0x68, 0x3C, 0x7B, 0x4E, 0xFD, 0x4F, 0xC6, 0x62, 0x44, 0xF1,
    0x92, 0xA4, 0x92, 0x25, 0x15, 0x5F, 0x92, 0x2B, 0xA0, 0xFA, 0x26, 0xEA, 0xF9, 0xE5, 0xA8, 0x35,
    0xE4, 0x6C, 0x90, 0xC8, 0x71, 0x21, 0xB1, 0x33, 0x6F, 0xEE, 0xD0, 0x61, 0x02, 0xEC, 0x20, 0xAC,
    0xBD, 0xB0, 0x1C, 0x85, 0x45, 0x14, 0x66, 0x0B, 0x31, 0xB5, 0xE7, 0xB8, 0xBB, 0x70, 0xE9, 0xB3,
    0x30, 0x8F, 0xC2, 0x62, 0x14, 0xAA, 0x20, 0x6C, 0x87, 0x55, 0x7F, 0x9D, 0x4B, 0x38, 0x62, 0xF5,
    0x00, 0xDC, 0xD8, 0x4D, 0x00, 0xDB, 0x84, 0x8C, 0x13, 0xC0, 0xFF, 0xFD, 0x05, 0x19, 0x53, 0x49,
    0x25, 0x52, 0xB8, 0x4F, 0xB3, 0xD3, 0xFE, 0x79, 0x41, 0x07, 0x6D, 0x0A, 0xFA, 0x85, 0x41, 0xF8,
    0xCB, 0x28, 0xFC, 0x88, 0xC2, 0x60, 0x8D, 0x50, 0x3B, 0x61, 0x3D, 0x08, 0xAB, 0x20, 0x2C, 0xA2,
    0x30, 0x9B, 0x85, 0xB0, 0xAD, 0x50, 0x53, 0x58, 0x2F, 0xAC, 0x68, 0x64, 0x27, 0x29, 0x9B, 0x93,
    0x2D, 0x84, 0x5D, 0xA8, 0x0D, 0xA0, 0x21, 0xA9, 0x11, 0x9B, 0xD7, 0xE9, 0x12, 0x35, 0x67, 0xB1,
    0x49, 0x0E, 0x28, 0x13, 0x47, 0xA8, 0xD9, 0xDC, 0x9C, 0xD1, 0x04, 0xA4, 0xB1, 0xDA, 0x01, 0xDA,
    0xB5, 0x06, 0xA8, 0x7B, 0x0B, 0x40, 0x0D, 0x73, 0x62, 0xE5, 0xA7, 0xC4, 0xF2, 0x13, 0x5C, 0xEB,
    0x85, 0xCA, 0xAF, 0x3D, 0x75, 0x07, 0x34, 0xBD, 0xEE, 0x01, 0xEB, 0xD4, 0x88, 0x9C, 0x90, 0xFF,
    0xEE, 0xA6, 0x65, 0xAE, 0xF5, 0x21, 0xD3, 0x8B, 0x87, 0x23, 0x48, 0x6F, 0x27, 0xAC, 0x3B, 0xA1,
    0x16, 0x56, 0x14, 0x29, 0x2B, 0xAE, 0x8A, 0x33, 0xAE, 0xEA, 0x5F, 0xAB, 0xAB, 0x1D, 0x01, 0x9A,
    0x4E, 0x68, 0x87, 0x84, 0x8C, 0x41, 0x2A, 0xC8, 0x6E, 0xE9, 0xEF, 0x97, 0xB1, 0x11, 0xAB, 0x4E,
    0x33, 0x00, 0xB6, 0x5B, 0xBD, 0xAD, 0x73, 0x51, 0xE8, 0x2F, 0xF7, 0xC6, 0x13, 0x6F, 0xF5, 0xB0,
    0x8E, 0x6D, 0x86, 0x8B, 0xBD, 0xB9, 0x13, 0x6F, 0xB7, 0x77, 0x13, 0xF2, 0xF9, 0xDB, 0x27, 0x07,
    0xA8, 0x92, 0xD3, 0xE9, 0xCB, 0x05, 0xE9, 0x5F, 0xC8, 0xD8, 0x2B, 0xF1, 0xF6, 0x5B, 0x46, 0xF8,
    0xC4, 0x0B, 0x29, 0xBC, 0xF9, 0xC9, 0xBF, 0x66, 0xBC, 0x82, 0x7B, 0x2C, 0xCB, 0xA0, 0xBE, 0xE1,
    0xF4, 0xFB, 0xBE, 0xE1, 0x50, 0xB1, 0x2B, 0x08, 0x45, 0xA7, 0xE9, 0x9B, 0x3F, 0x1B, 0xAA, 0xA2,
    0xC3, 0x9A, 0xB2, 0x85, 0x95, 0x91, 0x21, 0xF5, 0x20, 0xC3, 0xD9, 0x8B, 0x14, 0x8D, 0xC8, 0xCE,
    0xB2, 0x99, 0x8A, 0xD0, 0x03, 0x1A, 0x3A, 0xED, 0xD0, 0x52, 0x36, 0x93, 0xAF, 0x0D, 0x44, 0x31,
    0xCB, 0x66, 0xAA, 0x28, 0xB6, 0x1B, 0x2F, 0x86, 0x5B, 0x97, 0x98, 0xD1, 0x24, 0xDB, 0xC5, 0x2C,
    0x9B, 0xA9, 0xA2, 0xD8, 0x6E, 0xBC, 0x6C, 0x26, 0x9D, 0x6C, 0x26, 0x8D, 0xD8, 0x9E, 0xC5, 0xB6,
    0x5A, 0x6C, 0x37, 0x8B, 0x6D, 0x9B, 0x98, 0xC4, 0x17, 0xDB, 0x5F, 0xC4, 0xD9, 0xA4, 0xDC, 0x96,
    0xE4, 0x0F, 0x7E, 0x46, 0x92, 0xEF, 0x7E, 0xB8, 0x3D, 0x79, 0xA5, 0xAF, 0x7C, 0x76, 0xF7, 0x71,
    0x11, 0x00, 0xD5, 0xBF, 0x20, 0x47, 0xD1, 0x5E, 0xCE, 0x47, 0x2E, 0x9F, 0x00, 0xED, 0x40, 0xA0,
    0xED, 0xC0, 0x3E, 0xE7, 0xF6, 0x3C, 0x58, 0x93, 0x23, 0x50, 0x92, 0x03, 0x80, 0x83, 0xA3, 0x04,
    0x14, 0x7E, 0x7B, 0x32, 0x25, 0xDF, 0x7B, 0x97, 0x14, 0x5E, 0xBD, 0xAB, 0xAA, 0x17, 0x36, 0x23,
    0x40, 0x4E, 0xED, 0xEA, 0xE7, 0xEA, 0x5D, 0xAD, 0xE9, 0x8B, 0x7F, 0x22, 0xD4, 0x11, 0x20, 0xFF,
    0xE7, 0x1F, 0x3E, 0x2F, 0xDE, 0x1A, 0x23, 0xD4, 0x00, 0xC8, 0x99, 0x74, 0xE4, 0x74, 0xFA, 0x68,
    0x5E, 0x5E, 0xCA, 0x26, 0xB5, 0xA6, 0x07, 0x28, 0x92, 0x49, 0xD0, 0x9A, 0x0B, 0x5F, 0xCA, 0x22,
    0xE7, 0xE9, 0x4B, 0x18, 0x58, 0x01, 0xDA, 0xCB, 0x78, 0xD1, 0x4B, 0x59, 0x9C, 0x0F, 0xF2, 0x91,
    0x38, 0x4C, 0xC1, 0x8E, 0xA6, 0x71, 0x34, 0xD5, 0x40, 0x53, 0xF8, 0xF3, 0xA1, 0x7A, 0x9A, 0xB6,
    0x5B, 0xFB, 0x3E, 0x3A, 0xAF, 0xF5, 0xC7, 0x00, 0xE9, 0x52, 0xF8, 0x14, 0x01, 0x7C, 0x77, 0x94,
    0x58, 0xCA, 0x6B, 0x5D, 0x7F, 0x5C, 0x8E, 0x58, 0x34, 0x3E, 0x20, 0xD8, 0x2D, 0x61, 0xF8, 0x23,
    0x82, 0xE4, 0x71, 0x5B, 0xC0, 0xCC, 0x0E, 0xD3, 0x76, 0x31, 0xDA, 0xC8, 0xD6, 0x2F, 0x5B, 0x50,
    0x33, 0x40, 0x73, 0x82, 0xFE, 0x8B, 0x39, 0x55, 0x13, 0xD7, 0x49, 0xD4, 0x29, 0x74, 0x0A, 0xDB,
    0x59, 0xCC, 0xB0, 0x98, 0x40, 0xF0, 0x0E, 0xDF, 0xB2, 0xA4, 0xD7, 0xB4, 0xA1, 0x1A, 0xEB, 0x1E,
    0xCA, 0x89, 0xC6, 0xA2, 0x95, 0xD3, 0x1C, 0xEB, 0x44, 0xE8, 0xBF, 0x5B, 0x75, 0x7E, 0xFB, 0x6F,
    0x09, 0xF5, 0x2C, 0x3A, 0xB5, 0x01, 0xDA, 0x1E, 0xA0, 0x47, 0xC9, 0x80, 0x9A, 0xE3, 0xEA, 0xE7,
    0x6B, 0xAB, 0x4E, 0xFE, 0x8C, 0x7E, 0xB2, 0xF1, 0x1E, 0x0A, 0x46, 0x94, 0x87, 0x11, 0x15, 0xFD,
    0xA9, 0x9F, 0xBF, 0xFC, 0x94, 0x75, 0x19, 0x2E, 0x1A, 0xE7, 0x75, 0x9A, 0x1E, 0x92, 0xFE, 0x7E,
    0x58, 0xFC, 0xE4, 0x1C, 0xA0, 0x4E, 0xD7, 0xF5, 0x7C, 0xFB, 0xB3, 0x7D, 0x32, 0xB7, 0xFD, 0xAA,
    0xD7, 0xCA, 0x7E, 0xBB, 0x17, 0xD6, 0xCB, 0xD9, 0x65, 0xEC, 0x64, 0x59, 0x15, 0xBD, 0x28, 0x34,
    0x8C, 0xF2, 0x47, 0xD3, 0xFF, 0x3A, 0x89, 0x8E, 0x0C, 0xFC, 0xF2, 0x86, 0xDC, 0x58, 0x54, 0x94,
    0x04, 0x2D, 0x24, 0xEC, 0x4F, 0x2C, 0x49, 0x91, 0x9D, 0x01, 0x51, 0xB6, 0xF8, 0x8A, 0x88, 0xDB,
    0x0F, 0x08, 0x69, 0xE1, 0xBC, 0xF6, 0x1C, 0x51, 0x1D, 0xD5, 0x3F, 0x62, 0x8F, 0x4C, 0x7E, 0xD3,
    0xE1, 0x8C, 0x86, 0x34, 0xFA, 0xB1, 0x75, 0x56, 0x6E, 0x60, 0xD4, 0xDD, 0xF6, 0xA6, 0x14, 0x19,
    0xE2, 0x0B, 0x68, 0xBB, 0xDA, 0xE9, 0x27, 0x74, 0x35, 0x69, 0x4A, 0x2E, 0x07, 0xCE, 0xF5, 0xC6,
    0xBA, 0x07, 0xE0, 0x3E, 0x80, 0x08, 0xE0, 0x01, 0x00, 0x8D, 0xA4, 0xD9, 0x41, 0x6C, 0x8B, 0x67,
    0x31, 0x2C, 0x6E, 0xC5, 0x2A, 0xC9, 0x93, 0x10, 0x5D, 0xF1, 0xA6, 0x93, 0xB1, 0x86, 0x33, 0x2A,
    0x8E, 0xC8, 0xD8, 0x03, 0x8D, 0x68, 0xAC, 0x5A, 0x19, 0x7F, 0x05, 0x9D, 0x57, 0x01, 0x10, 0xC8,
    0xE9, 0x50, 0xB2, 0x7F, 0x71, 0x1D, 0x00, 0xF9, 0xC7, 0x1D, 0x0A, 0xBA, 0x45, 0xAB, 0x62, 0x78,
    0x21, 0x9D, 0xBA, 0x53, 0xAE, 0x1C, 0xAC, 0xA7, 0x63, 0xAF, 0x9E, 0xFE, 0x4C, 0x6A, 0x2E, 0x67,
    0xEC, 0x65, 0x7B, 0xC5, 0x50, 0xF5, 0xB5, 0x93, 0x3E, 0x97, 0xF4, 0x32, 0xAA, 0x6F, 0xC2, 0xBD,
    0xFB, 0xFC, 0x97, 0xCB, 0x7A, 0xFD, 0xCE, 0xEB, 0x7A, 0xD4, 0x23, 0xFB, 0xCB, 0xFA, 0x00, 0x34,
    0x48, 0x70, 0x02, 0xA1, 0x3A, 0xC5, 0x63, 0x93, 0xD0, 0xE3, 0x69, 0xD8, 0xC3, 0x1E, 0x25, 0x65,
    0x3D, 0x82, 0x74, 0xC3, 0xF4, 0xB0, 0x5D, 0x6A, 0x20, 0x12, 0x66, 0xC1, 0x74, 0x02, 0x0A, 0xAC,
    0x69, 0x96, 0x7E, 0xFF, 0x85, 0x86, 0x9C, 0x50, 0x91, 0x33, 0x32, 0xFB, 0x9D, 0x11, 0x6B, 0x6A,
    0x5E, 0x73, 0x22, 0xDA, 0x01, 0x24, 0x60, 0x05, 0x24, 0x9D, 0xC0, 0xE3, 0x70, 0x7E, 0x7B, 0x79,
    0xBB, 0x12, 0xA0, 0x06, 0x41, 0x7F, 0x01, 0xD2, 0xE3, 0xE9, 0x08, 0x64, 0x41, 0x23, 0xE8, 0x48,
    0xD0, 0x60, 0x49, 0xFA, 0xF8, 0x14, 0xAF, 0x1C, 0x32, 0x06, 0x99, 0x5D, 0x6C, 0xB8, 0xB6, 0x6F,
    0x06, 0xBB, 0x1C, 0xDD, 0x8A, 0x30, 0x1D, 0x87, 0x94, 0x89, 0x32, 0xA4, 0xE5, 0x78, 0xFD, 0x91,
    0x1D, 0x6A, 0xD2, 0x95, 0x8B, 0xA9, 0x00, 0x54, 0xFD, 0xA2, 0x81, 0xA6, 0x03, 0xEC, 0x78, 0xA2,
    0xA3, 0x9F, 0x57, 0x47, 0x75, 0x80, 0x96, 0x6D, 0xF4, 0xC8, 0x18, 0x51, 0x72, 0x86, 0xB4, 0xA7,
    0xFD, 0x19, 0xAC, 0x51, 0x5E, 0xC6, 0xCD, 0x9F, 0xA6, 0xF3, 0xF8, 0x29, 0x9D, 0x1B, 0xBB, 0xC8,
    0xE6, 0x5B, 0x28, 0x98, 0x7A, 0x1E, 0x8A, 0xCE, 0x98, 0x82, 0xAB, 0xD6, 0x93, 0xA4, 0xD5, 0x5D,
    0xA0, 0x65, 0xCE, 0x6B, 0x2D, 0xE9, 0xDB, 0x1E, 0xA0, 0x44, 0x10, 0x9D, 0x17, 0xF3, 0xD4, 0xA1,
    0xF0, 0x92, 0xF7, 0xCF, 0xFC, 0x52, 0x25, 0x35, 0x4B, 0x5E, 0xD3, 0x35, 0x41, 0x0D, 0x54, 0x6C,
    0x1D, 0x2C, 0x89, 0x8C, 0xB2, 0x82, 0xF9, 0xEE, 0x8C, 0x2A, 0x34, 0x84, 0xF2, 0x96, 0x46, 0xFD,
    0x3B, 0xB5, 0x51, 0x3F, 0x8D, 0x09, 0x87, 0x21, 0x81, 0x7D, 0x6B, 0x2A, 0x76, 0x44, 0xC1, 0x3B,
    0xB3, 0xD8, 0x8B, 0xE2, 0xCF, 0xA3, 0xF9, 0x37, 0x1A, 0x54, 0x06, 0x40, 0x76, 0x7A, 0x18, 0xAD,
    0x06, 0x60, 0x99, 0x8F, 0x3F, 0xE6, 0xF6, 0xA7, 0x2A, 0xC1, 0xDD, 0xFE, 0x95, 0xE5, 0x66, 0xB9,
    0x0C, 0x43, 0x19, 0x50, 0x1D, 0x1D, 0x3C, 0x31, 0x25, 0x49, 0x93, 0x0B, 0xD0, 0x06, 0x6B, 0x90,
    0x87, 0x55, 0x74, 0xBD, 0x0F, 0x78, 0xF8, 0xF2, 0x94, 0x0B, 0xB1, 0xAB, 0xC6, 0x04, 0xFD, 0x00,
    0xE0, 0xA8, 0x5F, 0x9A, 0xF2, 0xB5, 0x1B, 0x00, 0x9A, 0xFB, 0xDB, 0x63, 0xDD, 0x7F, 0xB7, 0x22,
    0xBA, 0xE2, 0x57, 0x54, 0x46, 0x04, 0x90, 0x8D, 0xDB, 0x7D, 0xFE, 0xCF, 0x43, 0x7A, 0x7A, 0x95,
    0x10, 0x12, 0xF6, 0xE3, 0x0E, 0xF7, 0xB2, 0x29, 0x9B, 0x81, 0xB9, 0x88, 0x80, 0x15, 0xE8, 0x6F,
    0x84, 0x84, 0xF7, 0x3C, 0x50, 0xBF, 0x3F, 0x00, 0x8A, 0x3D, 0x50, 0xD1, 0x01, 0x25, 0x0D, 0x50,
    0x70, 0xFB, 0x4B, 0x50, 0x36, 0x25, 0xC8, 0x80, 0x66, 0x19, 0xF0, 0xA6, 0x07, 0x1A, 0xE9, 0xAB,
    0xA4, 0x5B, 0x2E, 0x8D, 0x32, 0xBD, 0x0C, 0x94, 0xDA, 0x37, 0xA5, 0xE5, 0xA2, 0x38, 0x9C, 0xA0,
    0x48, 0x97, 0xC2, 0xAB, 0xA3, 0x83, 0x51, 0x0D, 0x45, 0x54, 0x7D, 0x36, 0xA5, 0xB6, 0xD3, 0x18,
    0xD2, 0xB5, 0x4F, 0xF5, 0x73, 0x6A, 0x27, 0xBD, 0xF4, 0xE7, 0x0F, 0x67, 0x4C, 0xC0, 0x85, 0x81,
    0xEC, 0x1A, 0xC4, 0xCF, 0x31, 0xF8, 0x41, 0xFD, 0x6B, 0x5C, 0xFC, 0xFF, 0x01, 0xCD, 0x9B, 0x31,
    0x8C, 0xDD, 0x46, 0x7A, 0xC7, 0xFF, 0x7C, 0xF4, 0x8A, 0x81, 0x09, 0x84, 0x57, 0x9C, 0x72, 0x49,
    0x8C, 0x84, 0x65, 0x8A, 0x20, 0xC7, 0x1E, 0x81, 0x34, 0x73, 0x30, 0x12, 0x17, 0x29, 0xBC, 0x01,
    0x76, 0x4F, 0x01, 0x54, 0x6C, 0xFA, 0x14, 0x6A, 0x83, 0xC0, 0x16, 0x99, 0x1C, 0x90, 0x14, 0x57,
    0x44, 0xC5, 0x39, 0x29, 0xED, 0x22, 0x45, 0x90, 0x46, 0x29, 0x03, 0x44, 0xF6, 0xF0, 0xEC, 0x74,
    0x29, 0x44, 0xDB, 0x50, 0x52, 0x5C, 0x61, 0x22, 0xA7, 0x3D, 0x1C, 0x90, 0x62, 0x89, 0x88, 0x3A,
    0x73, 0x2D, 0x72, 0xFE, 0x99, 0xEF, 0xE3, 0x72, 0xDF, 0x7B, 0x2B, 0x79, 0x2D, 0xAF, 0x64, 0x4B,
    0xEF, 0x71, 0x7E, 0x8F, 0xFB, 0x38, 0x9C, 0x99, 0xDF, 0x37, 0xF3, 0xC8, 0x21, 0xDF, 0x5B, 0xC0,
    0x10, 0x38, 0x61, 0xCC, 0x99, 0x93, 0x72, 0x0C, 0x8C, 0xCA, 0xE9, 0x74, 0x2B, 0x9C, 0x92, 0xA6,
    0x02, 0x22, 0x5F, 0xD4, 0x40, 0x3C, 0x66, 0x4D, 0xE0, 0x90, 0xB6, 0x40, 0xDA, 0x27, 0x1D, 0x90,
    0x75, 0x71, 0x0F, 0xE4, 0xED, 0x6A, 0x94, 0x9D, 0x38, 0xD3, 0xCB, 0xAE, 0x24, 0xC0, 0xFD, 0xFD,
    0xD2, 0x46, 0x13, 0x50, 0xD4, 0xF1, 0x08, 0xE4, 0xF5, 0xB5, 0xC9, 0xE2, 0xE0, 0x90, 0xAC, 0x41,
    0x6E, 0x12, 0xFB, 0x7B, 0x00, 0x47, 0x4D, 0x51, 0x48, 0x19, 0x07, 0xE4, 0xF4, 0xC8, 0xEF, 0x11,
    0x79, 0x1D, 0xCA, 0x70, 0xB4, 0x29, 0x69, 0x8B, 0x90, 0x4C, 0x63, 0x6C, 0x09, 0x49, 0x65, 0x55,
    0x5E, 0x63, 0x67, 0xC8, 0x3E, 0x27, 0xC7, 0x64, 0x92, 0x66, 0xED, 0x5D, 0x06, 0x80, 0xB7, 0xAE,
    0x08, 0xCD, 0xA8, 0x5E, 0xBD, 0xB2, 0x53, 0xF6, 0xEA, 0x38, 0x9E, 0x6E, 0x85, 0xF3, 0x42, 0xEF,
    0x02, 0xA2, 0xD1, 0x58, 0x71, 0x34, 0xB5, 0x38, 0x8A, 0x6F, 0xDA, 0x65, 0xAD, 0x38, 0x66, 0x1D,
    0x90, 0x37, 0x69, 0xBF, 0x38, 0x2A, 0xC5, 0xD1, 0xAB, 0x23, 0x21, 0x8E, 0xCE, 0x8A, 0xA3, 0x11,
    0xC7, 0xA8, 0xBC, 0x47, 0xD6, 0x31, 0xB9, 0xC9, 0xB8, 0x79, 0x0B, 0x71, 0x3F, 0x62, 0xC5, 0x01,
    0x60, 0x87, 0x94, 0x0D, 0x72, 0x0E, 0x30, 0x9C, 0x60, 0xFE, 0xD6, 0xC3, 0x58, 0xE2, 0x37, 0xFE,
    0x85, 0xC8, 0x48, 0xA9, 0x00, 0xAE, 0x72, 0xF0, 0x70, 0x98, 0x40, 0xF0, 0x3A, 0xDF, 0x73, 0x14,
    0x57, 0xD7, 0xA7, 0x43, 0xDE, 0x20, 0x66, 0x8B, 0x45, 0x6B, 0xF1, 0x5A, 0xC4, 0xD4, 0x6C, 0x51,
    0x53, 0xB7, 0x45, 0x6E, 0xB1, 0x9B, 0xF5, 0x16, 0xBF, 0x59, 0x70, 0x31, 0x54, 0xB9, 0xE5, 0x65,
    0x91, 0x9C, 0x2D, 0x4F, 0x34, 0x31, 0x7B, 0x62, 0x16, 0xC5, 0x6C, 0x77, 0xE6, 0x05, 0xDA, 0x0B,
    0x4A, 0x50, 0x09, 0xAF, 0xC4, 0x1E, 0x56, 0xAC, 0x90, 0xB3, 0x87, 0xE1, 0x08, 0xF3, 0x0F, 0xB3,
    0xF8, 0x25, 0x12, 0xF9, 0x93, 0xC5, 0x6F, 0x39, 0xB2, 0x0D, 0xE2, 0x5D, 0x10, 0x97, 0x9E, 0x69,
    0xA4, 0xDD, 0x40, 0xD2, 0x00, 0x91, 0x05, 0x0C, 0x00, 0xBC, 0x2F, 0x98, 0x2C, 0xF0, 0x1A, 0x8F,
    0xB5, 0xCD, 0x95, 0x84, 0xBD, 0xCD, 0x3C, 0x8A, 0x2E, 0xEF, 0x90, 0xF4, 0xA6, 0x46, 0xDC, 0x97,
    0x36, 0xC0, 0x01, 0xAB, 0xCE, 0x6B, 0xFE, 0x6D, 0x78, 0x01, 0x05, 0x4E, 0x60, 0x2A, 0xE0, 0x96,
    0x69, 0x83, 0x73, 0x36, 0x04, 0xE3, 0x84, 0xEF, 0xDC, 0x18, 0x56, 0x24, 0x3B, 0x94, 0x64, 0x85,
    0x4B, 0x1C, 0x80, 0xAC, 0x06, 0x8A, 0xB9, 0x0D, 0x11, 0x7B, 0xA4, 0x24, 0x0A, 0xB2, 0x32, 0x8D,
    0xA9, 0x1D, 0x8A, 0xCA, 0xE3, 0xB5, 0x6A, 0x02, 0x20, 0x49, 0x83, 0x88, 0x57, 0x82, 0x5C, 0x5E,
    0x9B, 0x43, 0x57, 0xE7, 0xA4, 0x4D, 0xE8, 0x01, 0x77, 0x1F, 0xC0, 0x1D, 0x00, 0x2B, 0x06, 0x24,
    0x47, 0x15, 0x90, 0xF1, 0xBE, 0xC6, 0xDF, 0x46, 0x24, 0x9B, 0x50, 0xB3, 0xEB, 0xB2, 0x01, 0x69,
    0x5F, 0x34, 0x88, 0x7B, 0x53, 0xA9, 0x44, 0x70, 0x22, 0x80, 0x3F, 0x7F, 0x1A, 0x93, 0x1A, 0x78,
    0xAF, 0xD8, 0x36, 0x91, 0x92, 0xDB, 0x0D, 0x93, 0x42, 0x32, 0x57, 0x88, 0x1E, 0x35, 0x3A, 0xA6,
    0xA4, 0x65, 0xD2, 0xC2, 0xD0, 0xD2, 0xCA, 0xD9, 0xA2, 0x62, 0xD0, 0xF4, 0x67, 0x4D, 0x6C, 0x5E,
    0x3D, 0x6E, 0xA2, 0x8F, 0xBF, 0x14, 0x8C, 0x4B, 0x9F, 0xE4, 0x9C, 0x00, 0x92, 0xF5, 0xBA, 0x4F,
    0x8A, 0x6F, 0xAE, 0x4F, 0x5E, 0xC1, 0x6C, 0x63, 0x00, 0xB8, 0x16, 0xE9, 0x62, 0xF2, 0x45, 0x30,
    0xA9, 0x8A, 0x9A, 0x28, 0xAA, 0xF3, 0x4C, 0xD2, 0xC5, 0x24, 0xBD, 0x5B, 0x03, 0x31, 0x17, 0x93,
    0x4B, 0xD2, 0x27, 0x25, 0x69, 0x57, 0xDB, 0x7D, 0x62, 0xBE, 0xB1, 0x3E, 0x59, 0xFD, 0x5F, 0x07,
    0xB0, 0x01, 0x8C, 0x05, 0xCA, 0x5B, 0x48, 0x38, 0x5D, 0xCC, 0x04, 0x7B, 0x7B, 0x5A, 0x6F, 0x27,
    0xCC, 0x6B, 0x80, 0xE4, 0xB1, 0x92, 0xAD, 0x72, 0xC4, 0xB5, 0xE3, 0xFD, 0x1B, 0x0C, 0x0E, 0x88,
    0x58, 0x05, 0xA2, 0x6C, 0x84, 0x79, 0x2B, 0xCC, 0x3A, 0x61, 0xD2, 0x0B, 0xE3, 0x73, 0x99, 0x74,
    0xC2, 0x54, 0x29, 0xFB, 0x8A, 0xE6, 0x5C, 0xE6, 0x5C, 0xBE, 0xD6, 0xB5, 0xAE, 0xF7, 0x58, 0x5B,
    0x65, 0x03, 0x58, 0x63, 0x56, 0xC5, 0x91, 0x20, 0xFB, 0xB8, 0xDB, 0xC2, 0x27, 0x9B, 0x70, 0x9F,
    0x7D, 0xDA, 0x26, 0xE4, 0xA7, 0x6D, 0x4E, 0x36, 0x08, 0xB2, 0x0D, 0x5C, 0x95, 0x35, 0x20, 0x02,
    0xBC, 0x60, 0x3A, 0x05, 0x05, 0xCE, 0x16, 0x9A, 0xEF, 0x97, 0x28, 0xC8, 0x09, 0x29, 0x49, 0x44,
    0xEE, 0x6F, 0x06, 0xE8, 0xA3, 0x20, 0xBD, 0x15, 0x72, 0x50, 0x12, 0x3B, 0x7E, 0xFF, 0x3A, 0x6B,
    0x4C, 0x80, 0x6B, 0x85, 0x79, 0x27, 0x4C, 0x06, 0x61, 0x3C, 0x0A, 0x23, 0x25, 0xA6, 0xF2, 0x31,
    0x5E, 0x56, 0x6A, 0x1E, 0xE5, 0x6A, 0x14, 0xC6, 0x83, 0x30, 0xEB, 0x85, 0x65, 0x3B, 0x97, 0xAF,
    0x75, 0xAD, 0xEB, 0xF5, 0x1A, 0x86, 0x75, 0x2C, 0x84, 0xD9, 0x1A, 0x87, 0x16, 0xA2, 0x72, 0x16,
    0x2E, 0x84, 0x2B, 0x91, 0x30, 0x5C, 0x3C, 0x16, 0x7E, 0x23, 0x16, 0xEB, 0x1A, 0x49, 0xB2, 0x5F,
    0x23, 0x74, 0xDF, 0x35, 0xE9, 0xE1, 0xF8, 0x14, 0xAB, 0xF7, 0x02, 0x80, 0x19, 0xC7, 0xFB, 0xFB,
    0x88, 0x49, 0xDA, 0x35, 0x74, 0xC3, 0x63, 0x58, 0x0A, 0xD0, 0xF2, 0xCE, 0xD4, 0x11, 0xB3, 0xC3,
    0x3A, 0xF5, 0xC8, 0x38, 0xC2, 0x7C, 0x31, 0xC1, 0xD9, 0x9B, 0xE0, 0x7E, 0x09, 0x92, 0xEB, 0xA4,
    0x03, 0xE7, 0x77, 0xC4, 0xC4, 0x16, 0xF4, 0x48, 0x39, 0x06, 0x8D, 0x16, 0x28, 0xD2, 0x1A, 0xC8,
    0x67, 0x0B, 0xFB, 0x22, 0x2C, 0x76, 0xEC, 0x2E, 0xD2, 0x0F, 0x3B, 0x24, 0x6C, 0x11, 0xB3, 0x46,
    0x14, 0x52, 0xCA, 0x1E, 0x85, 0xD8, 0xFC, 0x57, 0xB0, 0x81, 0x0F, 0x36, 0x6E, 0xCB, 0xC6, 0x8B,
    0x0D, 0xFE, 0x00, 0xE6, 0x17, 0xC4, 0x6C, 0x33, 0x20, 0x62, 0x03, 0xE0, 0x3B, 0x00, 0x30, 0x00,
    0x88, 0x02, 0x5E, 0x80, 0x8D, 0x1E, 0x4C, 0xAF, 0x00, 0xB8, 0x09, 0x44, 0xAE, 0x42, 0xCA, 0xEE,
    0x22, 0x26, 0x2F, 0xA4, 0xE9, 0x40, 0xDC, 0x06, 0x24, 0xBD, 0xA0, 0x0B, 0x88, 0x76, 0x23, 0x56,
    0x5F, 0xB3, 0x33, 0x38, 0x0F, 0xAD, 0x90, 0x80, 0xAB, 0x00, 0x4A, 0x4D, 0x1A, 0x8F, 0x9D, 0x1D,
    0x00, 0x29, 0x5F, 0x5C, 0xE7, 0xC4, 0xFF, 0x5D, 0x43, 0x8C, 0xF0, 0x01, 0x42, 0xB2, 0xDA, 0x39,
    0xB9, 0x98, 0xFD, 0xE2, 0xEB, 0x0E, 0xB3, 0x3B, 0x22, 0x41, 0xA9, 0x70, 0x73, 0xF6, 0x81, 0xF3,
    0x66, 0x1F, 0x71, 0xB7, 0x79, 0xA6, 0x8B, 0xF6, 0xF7, 0x26, 0xA4, 0x9C, 0x14, 0x5E, 0x40, 0x00,
    0x93, 0x13, 0x98, 0x3A, 0xA0, 0x68, 0x03, 0xB2, 0x01, 0x89, 0x9C, 0xE9, 0xCA, 0xC7, 0x66, 0x1F,
    0xAB, 0x0E, 0x08, 0xDB, 0x02, 0x32, 0x07, 0xAD, 0xDC, 0xE2, 0x34, 0x32, 0x69, 0x9F, 0xFF, 0xCA,
    0x66, 0x6D, 0xDA, 0x21, 0x6B, 0x92, 0x05, 0xF2, 0x67, 0x72, 0x7C, 0xA3, 0x45, 0x4A, 0xD6, 0xC8,
    0x49, 0xA0, 0x38, 0x1A, 0x02, 0xC4, 0x27, 0x27, 0x6F, 0xC9, 0x86, 0x49, 0xD6, 0x08, 0xF3, 0xD3,
    0x1F, 0xB2, 0x2A, 0x2D, 0x4C, 0x3D, 0xA3, 0x89, 0x58, 0x1B, 0x29, 0x39, 0x97, 0x2C, 0x2B, 0x69,
    0x0A, 0x76, 0xF6, 0x10, 0x10, 0xED, 0x02, 0xD9, 0xEB, 0x6D, 0x00, 0x1B, 0x20, 0x61, 0x05, 0x8D,
    0x92, 0x4E, 0x28, 0xF5, 0xBC, 0x9F, 0x7A, 0x5B, 0x74, 0xB9, 0xF4, 0x88, 0xF9, 0xE6, 0xA2, 0x71,
    0x25, 0xAD, 0x80, 0xAB, 0x59, 0x40, 0x41, 0x0B, 0x64, 0x1E, 0x40, 0x31, 0x39, 0x1B, 0x7D, 0x75,
    0x48, 0xD2, 0x27, 0x85, 0xE4, 0x70, 0x5F, 0x84, 0xE6, 0xF9, 0xA9, 0x47, 0x7E, 0x44, 0x5A, 0x53,
    0xC1, 0xD5, 0x25, 0x36, 0x43, 0x52, 0x49, 0x48, 0x90, 0x6D, 0x85, 0x64, 0x6B, 0x3E, 0x37, 0x09,
    0xFC, 0x93, 0xE6, 0x73, 0xB9, 0xCC, 0xE7, 0xE2, 0xED, 0xF9, 0x5C, 0xF4, 0xAF, 0xCF, 0x29, 0x1A,
    0xB8, 0x05, 0x19, 0x20, 0x0B, 0x8A, 0xE3, 0x0B, 0x07, 0xE2, 0xE2, 0x63, 0xE3, 0x9C, 0xF9, 0xDF,
    0x05, 0xC6, 0x81, 0xDD, 0x30, 0x8F, 0xA6, 0x6C, 0x54, 0xF3, 0x43, 0xD7, 0xCF, 0xE6, 0x85, 0x98,
    0x47, 0x6A, 0x3E, 0x41, 0xE7, 0x1A, 0x40, 0xAC, 0xE6, 0xC3, 0xB7, 0x66, 0xEE, 0x11, 0x93, 0x3D,
    0xF0, 0xDA, 0x24, 0x95, 0x9F, 0x1E, 0x41, 0xD3, 0x3A, 0x00, 0x3B, 0x56, 0x98, 0x37, 0xC2, 0x9B,
    0x3D, 0x40, 0x0E, 0x8E, 0x23, 0x59, 0x67, 0x0B, 0xAF, 0x1D, 0xDB, 0x9D, 0xF2, 0x27, 0xB2, 0x9F,
    0xB1, 0x5F, 0x46, 0x39, 0x06, 0x96, 0xAA, 0xC2, 0x6D, 0xEA, 0xD6, 0xF3, 0x39, 0x97, 0xBF, 0xD4,
    0xB8, 0x26, 0xA2, 0xDD, 0xE5, 0x88, 0x5F, 0xBC, 0x0F, 0xB8, 0xB7, 0x7F, 0x77, 0x73, 0x6A, 0xF9,
    0xAE, 0x20, 0x3B, 0x1F, 0xFF, 0xEB, 0x03, 0xC8, 0x5A, 0xD0, 0x21, 0xF3, 0x07, 0x01, 0x32, 0x9D,
    0xCD, 0x9A, 0xF3, 0x70, 0x70, 0x18, 0x1F, 0x83, 0x8C, 0x69, 0xC9, 0x15, 0x2B, 0x12, 0xB4, 0x7A,
    0xF6, 0x36, 0xEC, 0x62, 0x72, 0x93, 0x97, 0xFD, 0x6E, 0x74, 0x70, 0x78, 0xD9, 0xEF, 0xEF, 0x67,
    0x4D, 0x49, 0x32, 0xF0, 0x33, 0x25, 0x85, 0x98, 0x80, 0xC0, 0xB0, 0xF5, 0x60, 0x3E, 0x69, 0x6E,
    0x53, 0xB7, 0x9E, 0xCF, 0xB9, 0xFC, 0xC7, 0xEB, 0xD5, 0x11, 0x60, 0x3A, 0x41, 0x1F, 0xF0, 0x87,
    0x82, 0x58, 0xC0, 0x51, 0xF0, 0xD6, 0xB2, 0x76, 0x6D, 0xD0, 0x0D, 0x82, 0x2F, 0x58, 0x21, 0x26,
    0x3B, 0xC1, 0x18, 0xF0, 0x8F, 0x01, 0x23, 0x26, 0xD9, 0x7A, 0x0E, 0xBE, 0x77, 0x6C, 0xBD, 0x35,
    0xAC, 0xD9, 0x04, 0xB8, 0x36, 0xC0, 0x34, 0x00, 0x5E, 0x41, 0xF1, 0x66, 0xED, 0x8E, 0xAA, 0x47,
    0x04, 0x59, 0xCF, 0xCB, 0xF5, 0x87, 0x36, 0xE9, 0xF0, 0xF4, 0x4B, 0xC8, 0x7F, 0xBA, 0xEF, 0x4E,
    0x64, 0x8B, 0x9F, 0xD5, 0x86, 0xF5, 0xDB, 0xAC, 0xCA, 0x29, 0x98, 0x89, 0xD7, 0xEF, 0xF7, 0x88,
    0x9F, 0xB8, 0x78, 0xC4, 0x72, 0x00, 0xAF, 0xF1, 0x01, 0x0C, 0x61, 0x36, 0xDA, 0x10, 0x86, 0x92,
    0x64, 0x78, 0xEA, 0x25, 0xE4, 0x3F, 0xDD, 0xF7, 0xF2, 0xFE, 0x49, 0x69, 0x65, 0x58, 0x5A, 0x94,
    0x1D, 0xFE, 0xE2, 0xCB, 0x1A, 0xFF, 0x08, 0x89, 0x0C, 0xF0, 0x2A, 0xF2, 0x78, 0x3B, 0xB3, 0x86,
    0xC8, 0xFD, 0xF3, 0x69, 0x43, 0x7F, 0x75, 0xBA, 0x59, 0x8E, 0xA6, 0x97, 0x80, 0xB3, 0xC9, 0xCE,
    0x3E, 0xA7, 0xCC, 0x27, 0x1E, 0xBB, 0xCF, 0xA5, 0xAA, 0xB8, 0x41, 0xDC, 0xE9, 0xD2, 0x20, 0xAD,
    0x8B, 0xA6, 0x68, 0xD2, 0x1A, 0x70, 0x56, 0xAA, 0xBE, 0x7D, 0xB6, 0xE2, 0x5F, 0x66, 0x53, 0xE2,
    0xE3, 0x29, 0xAE, 0xD3, 0x36, 0x6B, 0x43, 0x3E, 0x8B, 0x95, 0xEC, 0xFB, 0x7C, 0xA4, 0xBF, 0xA4,
    0xCE, 0x21, 0x9B, 0x52, 0xAE, 0x06, 0xCD, 0x43, 0xBB, 0xFD, 0x12, 0x76, 0xD7, 0xE3, 0x4D, 0x0F,
    0xC0, 0x3C, 0xC3, 0xCB, 0x6F, 0x5B, 0x7D, 0x31, 0xD5, 0xFC, 0x62, 0x97, 0x97, 0x72, 0x7E, 0xD3,
    0x21, 0x96, 0x79, 0x12, 0x43, 0x73, 0x0F, 0x8E, 0xAF, 0x4F, 0x20, 0xFF, 0x93, 0x1C, 0x41, 0x7E,
    0x48, 0xB6, 0x22, 0x5F, 0x78, 0x8B, 0xAC, 0xCA, 0xAA, 0xA2, 0x99, 0x9F, 0xB2, 0x0E, 0x00, 0xB4,
    0x6C, 0x44, 0x4A, 0x9E, 0xEF, 0x36, 0x07, 0xDB, 0x62, 0x8F, 0x8B, 0x4A, 0xCF, 0x36, 0x29, 0xB3,
    0x66, 0x15, 0xD6, 0x81, 0x8D, 0x94, 0xDC, 0x68, 0x90, 0xEA, 0x01, 0xAC, 0xC2, 0xCA, 0x03, 0xD2,
    0x47, 0x45, 0x0B, 0xDC, 0x1C, 0xF4, 0x73, 0xBC, 0xA4, 0x68, 0xFF, 0x87, 0x23, 0x10, 0x7D, 0x65,
    0xDA, 0x0F, 0xC9, 0x87, 0x34, 0x61, 0xA5, 0xC9, 0x23, 0x1E, 0x1C, 0x92, 0xBE, 0x3C, 0x2C, 0xBB,
    0x82, 0x6C, 0x52, 0xD2, 0x46, 0x6E, 0x40, 0x64, 0xB3, 0xD6, 0x0C, 0xE5, 0x94, 0x85, 0xE7, 0xCE,
    0x84, 0x73, 0x9E, 0x7F, 0x35, 0xB9, 0xD1, 0x0D, 0x45, 0x4B, 0x7E, 0x44, 0x62, 0x4D, 0x89, 0xD9,
    0x0F, 0x78, 0x0F, 0x71, 0xBF, 0x22, 0x02, 0xD3, 0x49, 0x58, 0xF4, 0x42, 0xD7, 0x04, 0xFE, 0x8A,
    0x55, 0x20, 0x09, 0x65, 0xAD, 0xEC, 0x84, 0x6E, 0x08, 0xF4, 0xC9, 0x18, 0x38, 0xAC, 0x74, 0x2F,
    0x78, 0x25, 0x95, 0x4E, 0x59, 0xBE, 0x59, 0x85, 0x31, 0x60, 0x8E, 0x6A, 0xE9, 0x04, 0x56, 0x81,
    0x19, 0xC1, 0xD0, 0x31, 0x03, 0x80, 0x52, 0xFB, 0xC0, 0x09, 0x30, 0xCA, 0x9A, 0xC5, 0xD7, 0x3D,
    0x73, 0x7C, 0xCA, 0x71, 0x1B, 0x7B, 0xC8, 0x7E, 0x36, 0x02, 0x19, 0x7B, 0x81, 0xAE, 0x31, 0xC0,
    0x0B, 0x64, 0xA8, 0x64, 0x4D, 0xF1, 0x1F, 0x38, 0x38, 0xCC, 0xA5, 0x45, 0x19, 0x03, 0x12, 0x5A,
    0x72, 0x9A, 0xDB, 0x0F, 0xA4, 0x6D, 0x40, 0x56, 0x2F, 0x37, 0x37, 0xA5, 0x37, 0xC8, 0x41, 0xD0,
    0x09, 0x6A, 0x20, 0xE8, 0x68, 0xDE, 0x67, 0xC2, 0x5E, 0x40, 0x34, 0x2A, 0xAE, 0x1D, 0x87, 0x31,
    0x41, 0x92, 0x1B, 0x88, 0xBB, 0xA4, 0xC9, 0xEA, 0x1B, 0x95, 0x0C, 0xCD, 0xA3, 0x73, 0x07, 0xE5,
    0xFA, 0x73, 0x9F, 0xFA, 0x58, 0xDB, 0x59, 0x2B, 0xBE, 0xC5, 0xC6, 0x6A, 0x90, 0xB0, 0xD2, 0xDC,
    0xED, 0xD9, 0x23, 0xD3, 0xB9, 0xCF, 0x51, 0x5A, 0x9D, 0x0E, 0x59, 0x93, 0xD7, 0x05, 0xB0, 0xF3,
    0x47, 0x00, 0x12, 0xDA, 0x25, 0xEA, 0xDD, 0xB7, 0x2D, 0xE2, 0x2C, 0x58, 0x83, 0x0D, 0x8E, 0x1A,
    0xB9, 0x03, 0x76, 0xB2, 0x7C, 0xB2, 0x2C, 0x9F, 0xB6, 0xB2, 0x34, 0x38, 0x6F, 0x99, 0x90, 0x79,
    0x24, 0x1E, 0xD8, 0x9D, 0x9B, 0xBD, 0x45, 0x71, 0xD0, 0x86, 0x3C, 0x1D, 0xAD, 0x30, 0x69, 0x85,
    0x69, 0xB7, 0x5E, 0xD7, 0xF7, 0x17, 0x21, 0xA8, 0xCC, 0x09, 0xD5, 0x09, 0xA2, 0xB2, 0xCD, 0x53,
    0xAF, 0xDB, 0xE7, 0x35, 0xFE, 0x3B, 0x59, 0x33, 0x66, 0xCD, 0x94, 0x35, 0x77, 0xCE, 0x6E, 0x1A,
    0xC5, 0x2B, 0xF5, 0x58, 0x0D, 0x30, 0xEC, 0xB0, 0x81, 0x30, 0xED, 0xD9, 0xBE, 0xDB, 0x5A, 0x05,
    0xB0, 0x11, 0x74, 0xA7, 0x6B, 0x16, 0x1A, 0x11, 0xE4, 0x92, 0xA5, 0x14, 0x18, 0xC1, 0xAF, 0x2F,
    0xBB, 0x5D, 0x16, 0x94, 0x0A, 0x99, 0xA0, 0x39, 0x43, 0x92, 0x6B, 0xA4, 0xFD, 0x49, 0x0B, 0x5E,
    0x9D, 0x80, 0xCD, 0xC5, 0x03, 0x9C, 0xCD, 0xEC, 0xCA, 0x23, 0x9D, 0x50, 0x4C, 0x52, 0xFC, 0xD5,
    0x09, 0xBF, 0xB6, 0x99, 0x6D, 0x56, 0x77, 0x2D, 0x8A, 0x4A, 0x42, 0x88, 0x93, 0x09, 0x35, 0xFB,
    0xEC, 0xEF, 0x39, 0x72, 0x2C, 0xDE, 0x0C, 0x24, 0x64, 0xFA, 0x4C, 0x9D, 0x3E, 0xB3, 0x86, 0xB1,
    0x31, 0x3B, 0x65, 0x2F, 0xFC, 0x7C, 0x14, 0x3E, 0xA4, 0xB0, 0x77, 0x56, 0x68, 0x6A, 0x61, 0xDE,
    0x0A, 0xD3, 0x5E, 0x18, 0x8F, 0xC2, 0xC8, 0x0B, 0xE1, 0x4A, 0xA1, 0xA1, 0x30, 0x57, 0xA6, 0x7A,
    0x2E, 0xD4, 0xA9, 0x6A, 0x1D, 0x29, 0xE1, 0x94, 0xC6, 0x22, 0x1A, 0x4E, 0xAE, 0x35, 0x5C, 0x2A,
    0x4E, 0x47, 0xD2, 0x62, 0xB2, 0x15, 0x74, 0xC8, 0x86, 0xA4, 0x47, 0xD6, 0x3E, 0xED, 0x3C, 0x38,
    0x5E, 0xCF, 0x83, 0xC5, 0x11, 0x99, 0x38, 0x0A, 0x5F, 0x9C, 0xE3, 0xDD, 0x50, 0xC2, 0x72, 0x4C,
    0xCD, 0x2B, 0xA1, 0x01, 0xE0, 0xFE, 0x44, 0x5C, 0x25, 0x8F, 0x6A, 0xBE, 0x7B, 0xD1, 0x39, 0xFF,
    0x40, 0x7B, 0xE6, 0xC8, 0xBD, 0xDC, 0x78, 0x2F, 0xFB, 0xE5, 0x82, 0x89, 0x7D, 0xFC, 0xE6, 0x8B,
    0x8F, 0x83, 0xF6, 0xB5, 0xB9, 0x0A, 0x20, 0x1F, 0x97, 0x0E, 0x7F, 0x63, 0x2B, 0x08, 0xB7, 0xFD,
    0x6D, 0x0D, 0xC2, 0x85, 0x3B, 0xBC, 0xD0, 0x97, 0xB2, 0x5E, 0xD3, 0x28, 0x73, 0xA5, 0xB1, 0xC2,
    0xEF, 0x0B, 0xF0, 0x0A, 0xBE, 0xE4, 0x51, 0x7C, 0xC2, 0x0A, 0x30, 0x64, 0xA7, 0x1C, 0x81, 0xDF,
    0x93, 0x4B, 0x10, 0xBD, 0x06, 0x09, 0xEC, 0xBF, 0x9A, 0x7A, 0x29, 0x02, 0xBD, 0x16, 0x51, 0xB6,
    0x42, 0xD3, 0x60, 0x19, 0x92, 0x31, 0xC9, 0x51, 0x49, 0x61, 0xE8, 0x8A, 0xA8, 0x7C, 0xE7, 0x5B,
    0xEC, 0x8A, 0x4A, 0x68, 0x08, 0x0D, 0xD2, 0x79, 0x5C, 0x71, 0x93, 0xCF, 0x3A, 0x60, 0x2B, 0x41,
    0x4D, 0x82, 0x35, 0x80, 0x42, 0x90, 0x6F, 0xA3, 0x10, 0x98, 0x4D, 0x48, 0x3C, 0xB0, 0xC5, 0x82,
    0xB4, 0x98, 0xEF, 0x58, 0x24, 0x1A, 0xC7, 0xCC, 0x23, 0xF7, 0x28, 0x3A, 0x04, 0x3D, 0xD9, 0xAD,
    0xAC, 0x9D, 0x05, 0x8A, 0xC6, 0x01, 0xC8, 0x5A, 0x1F, 0x98, 0x76, 0x53, 0x60, 0xB2, 0x45, 0x7D,
    0x5F, 0x99, 0x75, 0x73, 0xCE, 0x52, 0x7A, 0xBD, 0x91, 0x6E, 0x72, 0x75, 0x2E, 0x9D, 0x84, 0x94,
    0xEF, 0x38, 0xBD, 0x17, 0xC3, 0x1E, 0xF3, 0x8D, 0x21, 0x24, 0x1C, 0x00, 0x70, 0x3C, 0x4D, 0x2B,
    0x7A, 0x64, 0xD4, 0x9B, 0x58, 0x4D, 0xD9, 0x14, 0x9D, 0xD3, 0x52, 0xE3, 0x7E, 0x3A, 0x49, 0x44,
    0xD2, 0xBB, 0x2A, 0xEB, 0xCC, 0xC3, 0xB2, 0xCD, 0xC9, 0x3A, 0x21, 0x01, 0x37, 0x00, 0x91, 0xFD,
    0xAE, 0x38, 0xB5, 0xFA, 0x0D, 0xAC, 0x96, 0x0A, 0xF5, 0x4B, 0x38, 0x41, 0x6B, 0x6B, 0xB4, 0xE6,
    0x01, 0xA9, 0xB7, 0xAF, 0x4D, 0xC8, 0x7B, 0x44, 0x84, 0x69, 0xC4, 0xAF, 0xAC, 0xCE, 0xFA, 0x9D,
    0x6F, 0x49, 0xB5, 0x2C, 0x03, 0xF3, 0x56, 0x22, 0x64, 0xEA, 0xA2, 0x05, 0x42, 0xAB, 0x06, 0xB1,
    0x94, 0xAF, 0x00, 0x27, 0x44, 0xB3, 0xA5, 0x21, 0x6B, 0xE0, 0x12, 0x8F, 0x81, 0x68, 0xF7, 0xBB,
    0x58, 0x75, 0x77, 0x10, 0x89, 0xA9, 0x93, 0xF0, 0x0E, 0xCB, 0x17, 0xCD, 0x75, 0x30, 0x6D, 0xCF,
    0x9A, 0xFA, 0x2D, 0x5B, 0xB7, 0x61, 0xDB, 0x03, 0x30, 0x6A, 0xE8, 0x3A, 0x21, 0x5B, 0x71, 0x56,
    0xE6, 0xA4, 0x05, 0xB4, 0x37, 0xE3, 0xB9, 0x37, 0x83, 0x2D, 0x51, 0xF4, 0x4B, 0x6F, 0xEA, 0x5D,
    0x22, 0xE4, 0x5F, 0xBB, 0x37, 0x8D, 0xC6, 0x68, 0xEE, 0xCD, 0xE0, 0xB9, 0x7A, 0xDC, 0xB3, 0x39,
    0xF1, 0x84, 0x19, 0xF5, 0x50, 0xA9, 0xE1, 0xD7, 0x76, 0x4C, 0xC8, 0x48, 0xBB, 0xF4, 0x28, 0xCF,
    0x7A, 0x8A, 0xA3, 0x0D, 0x8E, 0x87, 0xDB, 0x8E, 0x7A, 0xD7, 0xD0, 0x49, 0xF1, 0x1A, 0x45, 0x5D,
    0x8B, 0x04, 0xBA, 0x26, 0xB5, 0x8F, 0x7A, 0x37, 0x3D, 0x1B, 0x11, 0x53, 0xAF, 0x2D, 0xB5, 0x17,
    0x7E, 0x24, 0x6B, 0x6A, 0xFA, 0x91, 0xDC, 0xAC, 0x57, 0xDB, 0x4F, 0x7B, 0x00, 0xEA, 0xF1, 0x73,
    0x59, 0x53, 0xBB, 0x07, 0x72, 0xEF, 0x5E, 0x6D, 0x1F, 0x90, 0xB4, 0x4F, 0x5A, 0x9B, 0xF3, 0x2D,
    0x7B, 0x64, 0x0F, 0xB6, 0x4B, 0xD1, 0x51, 0xA3, 0x25, 0x6B, 0x54, 0x3E, 0x92, 0x7A, 0x35, 0x32,
    0xAF, 0xCB, 0x9A, 0x46, 0x47, 0xDB, 0xB7, 0x6E, 0xB3, 0x46, 0x49, 0xD7, 0x34, 0x52, 0xBA, 0x26,
    0xA6, 0x4E, 0x3F, 0x7A, 0x31, 0x47, 0xE9, 0xBE, 0xBB, 0x24, 0x42, 0x28, 0xF8, 0xD0, 0xD9, 0x10,
    0x15, 0x56, 0xA6, 0xD2, 0x50, 0x97, 0xB5, 0xD7, 0x1E, 0xAD, 0x27, 0x7D, 0x59, 0xFE, 0x92, 0x6D,
    0x16, 0x90, 0x9C, 0x75, 0x66, 0xE7, 0xFD, 0xEA, 0xB9, 0x94, 0x4A, 0xCB, 0xF4, 0xD0, 0x1A, 0xEE,
    0x03, 0xC8, 0xEA, 0xF5, 0x11, 0xDD, 0xE0, 0xF1, 0x6F, 0x8F, 0x07, 0xFD, 0xF6, 0x58, 0xBA, 0x04,
    0x2B, 0x2F, 0x04, 0x95, 0x6E, 0x83, 0x5C, 0xB6, 0xCE, 0x39, 0x65, 0x2F, 0x65, 0x23, 0x3C, 0xD6,
    0xCB, 0xBD, 0x41, 0x18, 0x8F, 0xC2, 0x68, 0xEB, 0xF2, 0xED, 0xEF, 0xF4, 0xC2, 0xED, 0xB3, 0x46,
    0x2F, 0xDC, 0xEA, 0xC0, 0x94, 0x55, 0xE0, 0xCA, 0xCF, 0x47, 0x2B, 0x63, 0x81, 0x12, 0x70, 0xF4,
    0x3A, 0x63, 0x91, 0x42, 0x8F, 0x18, 0x66, 0xFD, 0x7D, 0x5E, 0x67, 0x4D, 0x11, 0x52, 0x84, 0xAC,
    0xC1, 0x56, 0x3A, 0x38, 0xB4, 0x20, 0xEB, 0x25, 0xBD, 0x24, 0x46, 0x47, 0x1F, 0x7A, 0x00, 0xA6,
    0x5A, 0x1F, 0xFC, 0xEF, 0x00, 0x70, 0x7F, 0xBC, 0xF6, 0xBA, 0xED, 0x6F, 0x34, 0x59, 0xB7, 0x78,
    0xE1, 0x2B, 0xBD, 0x50, 0x5A, 0xC0, 0x03, 0xF8, 0x67, 0x60, 0xFE, 0x39, 0x01, 0xC0, 0x46, 0x68,
    0xEC, 0xCB, 0xD4, 0x8F, 0xF1, 0xCF, 0xD7, 0xBF, 0x74, 0x70, 0x6F, 0x3E, 0x83, 0x6F, 0x2C, 0x8A,
    0x89, 0x18, 0x66, 0x1E, 0x58, 0x89, 0x59, 0x7E, 0xF2, 0x01, 0x1A, 0xE1, 0x6E, 0x25, 0x13, 0x08,
    0x4C, 0x98, 0x04, 0x1E, 0xF8, 0x33, 0x50, 0x83, 0xDD, 0x06, 0x14, 0xBC, 0x0F, 0xA4, 0x62, 0x02,
    0xC7, 0x11, 0x88, 0x6E, 0xFB, 0xD3, 0x73, 0x6E, 0x69, 0x27, 0xC0, 0x08, 0x4A, 0xEB, 0x01, 0x82,
    0x87, 0xD7, 0x89, 0x92, 0xF3, 0x27, 0xAF, 0x43, 0xE4, 0xBC, 0xDD, 0xFA, 0x31, 0xD0, 0x4A, 0x2B,
    0x1E, 0xA5, 0x5E, 0x98, 0xBF, 0x0E, 0xA9, 0x2A, 0x61, 0x7A, 0x20, 0x67, 0x83, 0x44, 0x4A, 0xBF,
    0x41, 0x5C, 0x86, 0x4C, 0x25, 0x0A, 0x6B, 0xEE, 0x39, 0x5B, 0x90, 0xC8, 0x38, 0x61, 0xC5, 0xFB,
    0x4B, 0xFB, 0xBB, 0x93, 0x23, 0x22, 0x9C, 0x07, 0x52, 0x31, 0x29, 0x24, 0xD8, 0xE5, 0xE1, 0xF5,
    0x60, 0xA2, 0xED, 0xDF, 0x34, 0x01, 0x5C, 0x15, 0x60, 0x8E, 0x21, 0x95, 0x48, 0xD8, 0xC9, 0x56,
    0xAA, 0x19, 0x55, 0x2D, 0x20, 0xA2, 0xDD, 0x7D, 0x5A, 0x93, 0x02, 0x80, 0xAB, 0x11, 0x3D, 0x6A,
    0xF5, 0x64, 0x9F, 0x5D, 0xD0, 0x44, 0x0B, 0xCB, 0xA4, 0x21, 0xE6, 0x5B, 0x6B, 0x7A, 0x3C, 0xE8,
    0x29, 0xE8, 0xF4, 0xB6, 0x4C, 0xB5, 0x74, 0xC6, 0x74, 0x21, 0x85, 0xB0, 0x01, 0x28, 0x4F, 0xEE,
    0xC1, 0x0C, 0x00, 0xDE, 0x7E, 0x2B, 0xA0, 0xD0, 0x69, 0x7E, 0x83, 0x27, 0x18, 0x4E, 0xDB, 0x86,
    0xEF, 0x6F, 0x19, 0xDA, 0xB5, 0x61, 0x07, 0x14, 0x6A, 0x98, 0x9F, 0x6F, 0xE8, 0xCF, 0x1A, 0xAE,
    0x1E, 0x74, 0x00, 0x6B, 0xC0, 0x3C, 0x9B, 0x19, 0xE5, 0x61, 0x37, 0xE9, 0xF7, 0xDD, 0xBE, 0x34,
    0xA1, 0x84, 0x39, 0xE1, 0x5E, 0xE0, 0x12, 0x80, 0xE7, 0xC0, 0x1D, 0xB7, 0x07, 0xE8, 0x68, 0xDA,
    0x26, 0xB0, 0x91, 0xF3, 0x03, 0xE5, 0xA8, 0x1C, 0x04, 0x51, 0x27, 0x04, 0x70, 0xE9, 0xF1, 0x23,
    0xC0, 0xD6, 0xA7, 0x5F, 0x8E, 0x06, 0x8F, 0x1F, 0x25, 0x4A, 0x49, 0x36, 0x6B, 0x43, 0x7A, 0x48,
    0x9B, 0x92, 0x3A, 0xB1, 0x80, 0x6B, 0x01, 0x6C, 0xF4, 0xED, 0x08, 0x44, 0x3D, 0x02, 0xFE, 0x74,
    0x57, 0xC8, 0x7A, 0xD9, 0xF8, 0x52, 0xC5, 0xE9, 0x4A, 0x74, 0x0B, 0x57, 0x82, 0xD7, 0xDB, 0x21,
    0xBD, 0x75, 0x92, 0xEE, 0x90, 0xB5, 0xA6, 0x0B, 0xC4, 0xE0, 0xD9, 0xEC, 0x22, 0x67, 0xA1, 0x83,
    0x50, 0xF8, 0xB9, 0x92, 0xC2, 0x8B, 0xDA, 0x5D, 0xDA, 0xBE, 0xDD, 0x73, 0x7A, 0xBB, 0x3F, 0x48,
    0x9D, 0xBE, 0x69, 0x38, 0x5E, 0xA5, 0x37, 0x64, 0x7E, 0xE8, 0xB2, 0xCE, 0xA5, 0xF4, 0x31, 0x47,
    0x31, 0x81, 0xC9, 0x2B, 0x00, 0x3C, 0x0A, 0x88, 0x1E, 0x11, 0x20, 0xBB, 0x7F, 0xDF, 0xFE, 0x01,
    0x6E, 0x38, 0xFD, 0x44, 0xE1, 0x2A, 0xA8, 0x97, 0x90, 0x5C, 0x90, 0x43, 0xE0, 0xC9, 0x4F, 0x99,
    0x57, 0x13, 0x60, 0x6A, 0x50, 0x67, 0x74, 0x6C, 0x56, 0x04, 0x0C, 0x39, 0x01, 0x39, 0x39, 0x00,
    0x09, 0x35, 0x16, 0x37, 0x8E, 0x03, 0x7E, 0xEB, 0xD5, 0x0A, 0x28, 0xEF, 0x06, 0x90, 0x16, 0xF8,
    0x9C, 0x00, 0x7B, 0xD7, 0x83, 0x4D, 0x79, 0x82, 0x83, 0xE6, 0x7B, 0xE7, 0x5E, 0xBF, 0x09, 0xDA,
    0xA4, 0x97, 0x2F, 0x77, 0xBF, 0xB0, 0x09, 0x49, 0xBB, 0x12, 0xA0, 0xEC, 0x9D, 0xDD, 0xFC, 0x45,
    0x37, 0x4F, 0x1E, 0xF7, 0xAE, 0xBD, 0x70, 0x69, 0xC3, 0x75, 0x9B, 0x7A, 0xF0, 0x50, 0x7D, 0xCD,
    0xB3, 0xAA, 0xEE, 0xEE, 0x00, 0xC0, 0x60, 0x84, 0x8E, 0xC2, 0x72, 0x02, 0xC8, 0xA3, 0x47, 0x22,
    0xFC, 0xD3, 0xD7, 0x5F, 0xB8, 0xF6, 0x3F, 0xBD, 0x1A, 0x70, 0xA7, 0x58, 0x9A, 0x67, 0xA6, 0x25,
    0x00, 0x1F, 0x3F, 0x9F, 0x00, 0x44, 0x16, 0xCB, 0xF4, 0x00, 0x79, 0x2F, 0xFC, 0xFE, 0xBF, 0x2D,
    0xEF, 0x90, 0x1F, 0xFE, 0xE8, 0x25, 0x19, 0xF2, 0x51, 0x15, 0x90, 0xF5, 0x01, 0xF9, 0x20, 0xB8,
    0x73, 0xF2, 0x27, 0x3F, 0xA1, 0x86, 0xE1, 0xB9, 0xC4, 0x22, 0xF3, 0x00, 0x50, 0x8C, 0x42, 0x33,
    0x68, 0xA0, 0x1F, 0xBC, 0x24, 0xFE, 0x19, 0x97, 0x1B, 0xCD, 0x66, 0x04, 0xC8, 0xE7, 0x66, 0x2D,
    0x5E, 0xDF, 0x8C, 0xE3, 0x4A, 0x1D, 0xA3, 0x13, 0x47, 0x0B, 0x57, 0xC1, 0xB5, 0x97, 0x4E, 0x1D,
    0x33, 0x75, 0x5C, 0x91, 0x0D, 0x80, 0x42, 0x1C, 0x11, 0xD7, 0xC2, 0xA4, 0x13, 0xA6, 0xAD, 0xAE,
    0x37, 0x00, 0x9B, 0xF2, 0x22, 0x87, 0xB6, 0xAC, 0xCB, 0x7B, 0x6C, 0xC8, 0xDE, 0xB8, 0xEF, 0xEC,
    0x5C, 0x83, 0x56, 0x90, 0x9E, 0x4E, 0xED, 0x01, 0xEC, 0x29, 0x01, 0x69, 0xAC, 0x3E, 0xE2, 0x23,
    0xE1, 0x7C, 0x4D, 0x91, 0x71, 0x9C, 0x2F, 0x2B, 0xE6, 0x95, 0x98, 0xB2, 0x72, 0x5D, 0x6E, 0xBE,
    0x61, 0xC7, 0xFD, 0x24, 0x1E, 0xF5, 0xD2, 0x97, 0x08, 0xBA, 0x21, 0x33, 0x3C, 0x22, 0xC9, 0xA9,
    0x7D, 0x2B, 0x39, 0xB5, 0xAB, 0x9D, 0xCD, 0x3F, 0xD3, 0xA8, 0x98, 0xAA, 0xB8, 0xDB, 0x49, 0xD5,
    0xA6, 0x36, 0x3F, 0x3E, 0xF9, 0x37, 0x90, 0xF2, 0x8D, 0x3E, 0x6F, 0x80, 0xAC, 0x75, 0xCB, 0x3F,
    0x89, 0xF8, 0xD5, 0x68, 0x2A, 0x20, 0xE9, 0xA7, 0x68, 0x2C, 0x2D, 0x10, 0x1F, 0x8F, 0x98, 0x1C,
    0x24, 0x5A, 0x23, 0xE8, 0x01, 0x44, 0x1C, 0xE0, 0xB4, 0xB1, 0xEC, 0x51, 0x8E, 0x00, 0xE0, 0x3A,
    0x1D, 0xB3, 0x80, 0x69, 0x51, 0x74, 0xBA, 0xD2, 0x20, 0x5F, 0x7E, 0xA3, 0x9D, 0xCD, 0xA6, 0xBB,
    0xCA, 0xD5, 0x20, 0x44, 0xEA, 0xD5, 0x31, 0x0B, 0xCF, 0x8E, 0x8C, 0x47, 0x7D, 0x49, 0xA6, 0xF0,
    0x72, 0xFD, 0x38, 0xF5, 0x97, 0xFC, 0x6E, 0x3C, 0x64, 0x0C, 0x5A, 0xF1, 0x98, 0xF3, 0xF5, 0x31,
    0x78, 0x15, 0xFC, 0x71, 0x0F, 0xD0, 0xF0, 0x6E, 0x07, 0x38, 0x77, 0xFB, 0xA8, 0x05, 0x0C, 0x83,
    0x23, 0x50, 0x30, 0x63, 0x05, 0xE4, 0x3E, 0xA5, 0x05, 0xB2, 0x31, 0xA6, 0x54, 0x30, 0xC6, 0x1E,
    0xFA, 0x2D, 0xAA, 0xB6, 0xF0, 0xB2, 0x00, 0xCE, 0xEA, 0x19, 0xB5, 0x01, 0xC8, 0x8F, 0xC9, 0x7A,
    0x73, 0xB9, 0x36, 0xD9, 0x83, 0x87, 0x76, 0x35, 0xA1, 0x90, 0xCD, 0xD0, 0xDB, 0x7E, 0x95, 0xEC,
    0x60, 0x6A, 0x2F, 0x1E, 0xFF, 0x33, 0x06, 0x66, 0x9F, 0x0F, 0x81, 0x09, 0x3B, 0x0D, 0x88, 0x7A,
    0xB1, 0x16, 0xBA, 0x8B, 0x4F, 0x85, 0x34, 0x30, 0xF1, 0xFC, 0x37, 0x40, 0x8D, 0x48, 0x27, 0xE8,
    0x03, 0xAE, 0x8D, 0x3B, 0xDC, 0x8D, 0xA6, 0xC8, 0x03, 0x5E, 0x7B, 0x53, 0x60, 0xDE, 0xE8, 0x03,
    0x24, 0x10, 0xF9, 0x67, 0xCB, 0x0F, 0xFC, 0x52, 0xD6, 0xD0, 0xD1, 0x00, 0xD5, 0x5F, 0xF9, 0x65,
    0x48, 0xC9, 0x0E, 0x85, 0xEE, 0xF0, 0xAE, 0x4E, 0xD4, 0xA5, 0xBB, 0x25, 0x5B, 0x30, 0x5D, 0x3F,
    0x1E, 0xD4, 0x8B, 0x10, 0xF9, 0xF9, 0x4B, 0x13, 0x18, 0xC1, 0xAA, 0x3F, 0xB9, 0xAE, 0x5F, 0xC3,
    0xEF, 0xEF, 0xB3, 0x9E, 0x00, 0xDA, 0x09, 0xB1, 0xC7, 0x1E, 0x52, 0xC9, 0xA8, 0xE3, 0xAE, 0x6C,
    0x02, 0x58, 0x01, 0xDA, 0xF9, 0xFA, 0xBE, 0x0E, 0x43, 0xB3, 0xBC, 0xBF, 0x22, 0x80, 0x44, 0x7E,
    0x5D, 0x95, 0xF5, 0x48, 0x3A, 0xD3, 0x06, 0xB8, 0x7B, 0xFB, 0xD7, 0x3B, 0x92, 0xDC, 0x80, 0x0E,
    0x18, 0x03, 0xE0, 0x0E, 0xB6, 0x7F, 0x78, 0x7A, 0xCD, 0x63, 0x4A, 0x47, 0x4C, 0x52, 0x5D, 0x59,
    0x23, 0xA2, 0xD5, 0xBA, 0xB2, 0xC1, 0x58, 0xD3, 0x19, 0xEB, 0xEE, 0x95, 0x96, 0xE4, 0x69, 0xC2,
    0xFC, 0xE8, 0x5E, 0xA0, 0xC9, 0x6F, 0x02, 0xB8, 0x22, 0xE9, 0x19, 0x4D, 0xF4, 0x47, 0xC2, 0x99,
    0x7F, 0x71, 0x26, 0xD1, 0x0F, 0x2C, 0x22, 0xD9, 0xE1, 0xE6, 0xB3, 0x99, 0xFC, 0x3F, 0xAD, 0xD0,
    0x21, 0x68, 0xDD, 0x5C, 0x18, 0xC6, 0xF1, 0x7F, 0x12, 0xBE, 0x16, 0xBE, 0x2B, 0x8E, 0xAA, 0x8E,
    0x67, 0xB0, 0xEB, 0x61, 0xEB, 0x39, 0x5E, 0x55, 0x34, 0x54, 0x54, 0xCC, 0xAB, 0x79, 0xE8, 0x38,
    0x99, 0xF7, 0xD3, 0xF3, 0x5E, 0x6E, 0x3D, 0xF1, 0x2A, 0xA6, 0x3E, 0x62, 0xF5, 0x11, 0x19, 0xA4,
    0xE3, 0x9C, 0x3C, 0xBB, 0x2F, 0x2D, 0xDB, 0xE5, 0xC2, 0x60, 0x62, 0xE1, 0x3C, 0x3F, 0x42, 0xC8,
    0xFB, 0x3E, 0x21, 0x70, 0x77, 0x07, 0x70, 0xB9, 0x98, 0xED, 0x6C, 0xBA, 0xC1, 0xAC, 0x02, 0xD0,
    0x68, 0xC2, 0x9C, 0x31, 0x57, 0xA0, 0x8A, 0x19, 0xC0, 0x17, 0x33, 0xC9, 0x2C, 0x31, 0x40, 0x9D,
    0xFD, 0x00, 0xCD, 0xB2, 0x3F, 0xB8, 0x9B, 0xDD, 0x04, 0x6E, 0xDA, 0xCD, 0xD0, 0xCA, 0xC6, 0xBC,
    0x94, 0x21, 0x4A, 0x05, 0xD4, 0x75, 0xA2, 0x2A, 0x90, 0x42, 0x93, 0xC1, 0xF7, 0x37, 0x25, 0x54,
    0xF1, 0x41, 0x1A, 0x1A, 0xE9, 0xD8, 0x66, 0xCA, 0xD4, 0x3F, 0x16, 0x48, 0x13, 0xD8, 0xF6, 0xFF,
    0x01, 0xA0, 0x56, 0x4F, 0xAB, 0x05, 0xAF, 0x8C, 0xFF, 0xB4, 0xE1, 0x83, 0x38, 0x93, 0xAC, 0xCA,
    0x8A, 0x48, 0x7D, 0x62, 0x23, 0x51, 0x10, 0xBA, 0xD5, 0xE7, 0x24, 0xCD, 0x5E, 0x69, 0xD9, 0xAD,
    0xED, 0xC8, 0x15, 0xF5, 0xCC, 0x79, 0xC6, 0x7D, 0xE0, 0xB5, 0xA3, 0xEB, 0x82, 0x34, 0x3C, 0x9F,
    0x66, 0xE1, 0x6F, 0xCE, 0xCD, 0xD3, 0xEF, 0x91, 0x2A, 0x70, 0x3E, 0xE2, 0x66, 0x2E, 0xBF, 0xF0,
    0xE6, 0x2D, 0xC0, 0x7E, 0xC4, 0xCF, 0xF8, 0x85, 0x57, 0x7F, 0xDA, 0xB0, 0xD1, 0x28, 0xD4, 0x1A,
    0xB8, 0xA7, 0x4A, 0x5B, 0xC0, 0x49, 0x13, 0x5E, 0x5A, 0x89, 0x8F, 0xB7, 0x99, 0x04, 0x85, 0xCD,
    0x28, 0x2F, 0x77, 0x90, 0x7A, 0xC0, 0x3F, 0x01, 0xAD, 0x36, 0x68, 0x6C, 0x82, 0xF7, 0xCA, 0xC0,
    0x5E, 0x40, 0xA5, 0x70, 0x05, 0x31, 0x14, 0xF0, 0x46, 0x0C, 0x1B, 0x08, 0x3D, 0xDE, 0x8A, 0x28,
    0x65, 0x5A, 0x69, 0x7E, 0x6E, 0xA3, 0x59, 0x81, 0xDD, 0x0C, 0xB8, 0xD1, 0xE8, 0xA1, 0xD6, 0x44,
    0xAB, 0x82, 0x97, 0xF0, 0x1F, 0x0F, 0xE9, 0x23, 0x7E, 0xB1, 0xB2, 0x91, 0x73, 0x65, 0xAB, 0xE2,
    0x82, 0x14, 0x7C, 0xD8, 0x07, 0xFF, 0x90, 0xC2, 0x5E, 0xC2, 0xA9, 0x50, 0xEB, 0x1B, 0x5C, 0x00,
    0x11, 0xF8, 0x0A, 0xAC, 0x20, 0xBB, 0xC2, 0xB1, 0x5B, 0x97, 0x3A, 0xFB, 0xB4, 0x88, 0x7F, 0xF1,
    0xFA, 0xE0, 0xCB, 0xD8, 0xBF, 0xF0, 0xBF, 0x74, 0x0D, 0x38, 0xE5, 0x13, 0xE1, 0xE8, 0xCD, 0x7B,
    0x83, 0x6C, 0xB0, 0x1A, 0xD5, 0x6C, 0x02, 0x67, 0x23, 0xB8, 0x93, 0x48, 0xC3, 0xAF, 0xBC, 0x7B,
    0x0C, 0xF6, 0xEC, 0x24, 0xD1, 0x12, 0xDC, 0x74, 0xC8, 0x77, 0x85, 0x9D, 0x44, 0xA3, 0x02, 0x69,
    0x02, 0x8E, 0xFE, 0x48, 0x86, 0x6A, 0x81, 0x9F, 0xB3, 0x63, 0xF8, 0xEF, 0xF0, 0xBF, 0x61, 0x7F,
    0x83, 0xBD, 0x43, 0x3D, 0xC3, 0x1E, 0x06, 0x11, 0x06, 0x5A, 0xF3, 0x01, 0xCD, 0x99, 0x3F, 0x90,
    0xE4, 0xC6, 0x75, 0xC6, 0x3F, 0x0C, 0xB4, 0x87, 0x00, 0x41, 0x2B, 0xA1, 0x59, 0x65, 0x05, 0xC8,
    0x5D, 0x65, 0x23, 0x8F, 0x1A, 0xB4, 0xCB, 0xC5, 0xC0, 0x81, 0x36, 0xB8, 0xE5, 0x06, 0x1B, 0x8C,
    0x63, 0x07, 0xDE, 0xBC, 0x4A, 0x36, 0x20, 0x3B, 0xAF, 0x62, 0xC0, 0x53, 0xAA, 0x0B, 0xAD, 0x88,
    0xCE, 0xAB, 0xA4, 0x86, 0x8B, 0x76, 0x31, 0x14, 0xE8, 0xE3, 0x51, 0x01, 0x03, 0xC1, 0x96, 0xD6,
    0x0A, 0x1C, 0x5C, 0xDB, 0xC2, 0x8A, 0x18, 0x1D, 0xD0, 0x9F, 0xDF, 0x6B, 0xCC, 0xEC, 0x62, 0x77,
    0xF6, 0x8A, 0x4B, 0x5F, 0x20, 0xCE, 0xCE, 0xFB, 0xBD, 0x1E, 0xF4, 0xFB, 0xD3, 0xE8, 0x6E, 0x74,
    0x37, 0xEE, 0x90, 0x76, 0x03, 0x90, 0xFD, 0xEF, 0xB4, 0x87, 0xFE, 0x24, 0xC9, 0xE1, 0x16, 0xE7,
    0xBB, 0xB3, 0xF3, 0x21, 0x1D, 0x91, 0xDE, 0x60, 0xF3, 0x5C, 0x00, 0x2C, 0xD8, 0x9D, 0x9D, 0x21,
    0x25, 0x59, 0xAD, 0xA0, 0x15, 0xC7, 0x58, 0x02, 0x2C, 0xF1, 0xEE, 0xE5, 0xC0, 0x13, 0xFE, 0x1A,
    0xA8, 0xC9, 0x2A, 0x21, 0xD9, 0x65, 0x7C, 0xE6, 0xBC, 0x19, 0x91, 0x0F, 0x65, 0x2F, 0x1E, 0xB6,
    0x15, 0xD4, 0x95, 0xC0, 0x01, 0xC9, 0x3F, 0x13, 0x00, 0x48, 0xFA, 0x35, 0xCE, 0xCE, 0x4E, 0x11,
    0x2B, 0x5C, 0x25, 0x10, 0x0F, 0x3C, 0x17, 0xDF, 0x64, 0x36, 0x13, 0xD2, 0x49, 0xE2, 0x5D, 0x8E,
    0x49, 0x34, 0xB4, 0x64, 0x23, 0xD9, 0x46, 0x90, 0xED, 0xF2, 0x3D, 0xDF, 0x55, 0xE9, 0x80, 0xC7,
    0x7F, 0xC5, 0xFE, 0xC6, 0xB7, 0xF8, 0xF3, 0xCE, 0x7E, 0xEA, 0xE5, 0x2B, 0x05, 0xC4, 0x8F, 0xA5,
    0x5F, 0xBE, 0xEF, 0x84, 0x53, 0xCC, 0x78, 0xCC, 0x57, 0x2C, 0x6F, 0xBC, 0x90, 0xB2, 0x07, 0x84,
    0x3E, 0x72, 0x10, 0x26, 0xF5, 0x14, 0x03, 0x47, 0xBA, 0xA0, 0x0C, 0x4E, 0x90, 0x4C, 0xB6, 0x02,
    0xD2, 0xC9, 0xB6, 0xC2, 0xB1, 0x14, 0xE6, 0xDE, 0xF4, 0x80, 0xF1, 0xC6, 0x03, 0x45, 0x97, 0x0F,
    0xDA, 0x1A, 0x4E, 0x07, 0x3A, 0x32, 0x40, 0x3B, 0x8A, 0x48, 0x66, 0xED, 0xA7, 0x54, 0xAB, 0xDA,
    0xF3, 0xB9, 0x4A, 0xEA, 0x97, 0x64, 0x9B, 0x92, 0x77, 0x49, 0xFA, 0x5B, 0xC8, 0xA8, 0x5D, 0xF8,
    0x74, 0x40, 0x76, 0x83, 0xCD, 0x73, 0x01, 0xB0, 0x60, 0x27, 0xDD, 0xAF, 0x4E, 0x8D, 0x62, 0x50,
    0x4C, 0x6A, 0x17, 0x04, 0xA0, 0xC2, 0x29, 0xEA, 0x43, 0x29, 0x09, 0x12, 0x6F, 0x3B, 0x93, 0xE4,
    0xA8, 0xE8, 0x45, 0x02, 0x04, 0x3B, 0x05, 0xDB, 0x43, 0xCA, 0xCB, 0x41, 0xFB, 0x7C, 0xD2, 0x6C,
    0x8A, 0xE4, 0x50, 0xD2, 0x6B, 0xB1, 0x56, 0x7D, 0x15, 0xFE, 0x71, 0x29, 0x2F, 0x1F, 0x48, 0xC9,
    0xF6, 0x16, 0x6A, 0xD2, 0x8A, 0x71, 0x71, 0x83, 0x93, 0x4A, 0x00, 0xFC, 0xFF, 0xA0, 0x73, 0x05,
    0x20, 0xDB, 0x35, 0x4C, 0xCC, 0xB4, 0xE6, 0x49, 0xFD, 0x4C, 0x0D, 0xAD, 0xA6, 0x7A, 0x33, 0xA1,
    0xAC, 0x57, 0x74, 0x91, 0x3F, 0x8B, 0x0C, 0x91, 0xB3, 0x32, 0x99, 0x94, 0x9B, 0xC8, 0x74, 0x54,
    0xEA, 0x13, 0xA7, 0x93, 0x56, 0x73, 0xAD, 0x39, 0x03, 0x28, 0xEE, 0xF0, 0x27, 0xC2, 0x3F, 0x6E,
    0x1E, 0x5A, 0x00, 0x34, 0xD8, 0x82, 0xE3, 0xA1, 0x3F, 0x5E, 0x00, 0x1E, 0xEE, 0x0F, 0xF5, 0x7D,
    0xC3, 0x02, 0x60, 0x38, 0x59, 0x7A, 0xB2, 0x3D, 0x2E, 0x9C, 0xD4, 0xC3, 0x1F, 0xCD, 0xA7, 0xF5,
    0x75, 0x05, 0x33, 0x26, 0x13, 0x5C, 0x0B, 0x64, 0x21, 0x99, 0x36, 0xAC, 0x80, 0x84, 0x3F, 0x9C,
    0x72, 0x6D, 0x3A, 0xEA, 0xFF, 0x98, 0xAC, 0xA6, 0x41, 0xB1, 0x9B, 0xD8, 0x03, 0x4B, 0x3F, 0xB7,
    0x5A, 0xB0, 0x24, 0xBD, 0x16, 0x48, 0x72, 0x02, 0xB0, 0xE1, 0x2B, 0xBE, 0x0A, 0xDA, 0xA6, 0x39,
    0xE7, 0x7B, 0x04, 0x90, 0x8D, 0x9B, 0x39, 0xAE, 0x1C, 0xB9, 0x97, 0x14, 0xB6, 0x01, 0x4C, 0x2C,
    0xE8, 0x70, 0xF5, 0x52, 0x28, 0x5B, 0x94, 0x45, 0x27, 0x85, 0xE2, 0xC5, 0x87, 0xD6, 0xB5, 0xD2,
    0x1E, 0xF3, 0xBA, 0x2B, 0xD9, 0x58, 0xFA, 0x9C, 0x9D, 0x21, 0xA4, 0x90, 0xB2, 0xDD, 0x8C, 0x5A,
    0x90, 0x21, 0xC1, 0x65, 0xA8, 0x90, 0x69, 0x5A, 0x43, 0x8A, 0xFB, 0xEE, 0x82, 0x1A, 0xCC, 0x55,
    0x56, 0x87, 0xD9, 0x36, 0x82, 0x52, 0x4B, 0x00, 0x1C, 0xF0, 0xCE, 0x07, 0x41, 0x5B, 0x39, 0x29,
    0x82, 0x22, 0xDE, 0x9A, 0xDE, 0x28, 0xCA, 0x4E, 0x60, 0x16, 0xFC, 0xAD, 0x3E, 0xD5, 0xAE, 0x41,
    0xDD, 0x5A, 0x89, 0xD7, 0x14, 0x24, 0x35, 0xC7, 0x28, 0xD9, 0xD8, 0x80, 0x6C, 0x61, 0x27, 0xA5,
    0x53, 0x26, 0x9C, 0x74, 0x61, 0xE3, 0x47, 0xE9, 0x80, 0x9C, 0x95, 0xB0, 0x88, 0xB4, 0x91, 0xAE,
    0x16, 0x26, 0xC1, 0x0A, 0xD3, 0x49, 0x99, 0x0F, 0xCA, 0xA2, 0x57, 0xDA, 0x56, 0xE9, 0x2A, 0xE1,
    0x35, 0x21, 0x7C, 0x3D, 0x29, 0x39, 0x44, 0xFA, 0xC8, 0x36, 0xB2, 0x3A, 0xA9, 0x3F, 0x4A, 0x09,
    0xC3, 0x29, 0x9D, 0x22, 0x07, 0x25, 0xD2, 0x3E, 0xF5, 0x40, 0xEA, 0x95, 0x9B, 0x5D, 0xD1, 0x63,
    0x3F, 0xF3, 0x51, 0xB3, 0x12, 0xE6, 0x23, 0xBE, 0x45, 0xAD, 0x25, 0x3F, 0x21, 0xB1, 0xE6, 0xF9,
    0xEE, 0x3D, 0xBE, 0x44, 0x3A, 0x6C, 0x08, 0x61, 0x3E, 0x2B, 0xCB, 0x41, 0xE9, 0x3A, 0xE1, 0xEF,
    0xD8, 0x08, 0x49, 0x44, 0xB6, 0x91, 0x5E, 0xE9, 0x46, 0x61, 0xC8, 0x26, 0xE1, 0xB8, 0x89, 0x5E,
    0x08, 0x91, 0x8C, 0x74, 0x91, 0xF5, 0xF7, 0x1B, 0xB9, 0x53, 0xFB, 0xAA, 0x25, 0xDB, 0x92, 0x8D,
    0xD0, 0x10, 0x8C, 0x53, 0x67, 0x43, 0x92, 0x7E, 0x4D, 0x6C, 0xAF, 0xCE, 0xC2, 0xA9, 0x8E, 0xFF,
    0x8C, 0xAF, 0x63, 0xFB, 0x58, 0x16, 0x8D, 0xF0, 0xA7, 0xA5, 0x32, 0xB8, 0x4A, 0x36, 0x1F, 0x17,
    0xA7, 0x6F, 0x3D, 0x2B, 0x8B, 0x41, 0xC9, 0x01, 0x40, 0x3D, 0x71, 0x02, 0xC0, 0x89, 0xDA, 0x7E,
    0x19, 0x20, 0xEA, 0x94, 0x7E, 0xAA, 0xBD, 0x69, 0x88, 0xD8, 0xB5, 0xAA, 0x06, 0xD4, 0x84, 0x76,
    0x3A, 0x1D, 0x64, 0x04, 0xD2, 0xB9, 0xD6, 0x8E, 0x7A, 0x7F, 0x54, 0x65, 0x7F, 0xE9, 0x55, 0x15,
    0xEC, 0x54, 0xE5, 0x6C, 0x54, 0xA5, 0x84, 0xAA, 0x64, 0x8E, 0x0A, 0x4F, 0x17, 0x85, 0x23, 0xA5,
    0x4B, 0xE2, 0x89, 0x7B, 0xCA, 0x98, 0x6F, 0x3A, 0x52, 0xF7, 0x28, 0xD6, 0x3A, 0xBC, 0x6F, 0x5C,
    0x40, 0x95, 0xBA, 0x54, 0xD5, 0x71, 0x85, 0xE2, 0x5D, 0x6A, 0xED, 0xD7, 0x70, 0x89, 0x7F, 0x9C,
    0x17, 0x4F, 0xB8, 0x5B, 0xD6, 0x98, 0x16, 0x09, 0xC9, 0x01, 0x7A, 0xD8, 0x98, 0x61, 0x74, 0x3C,
    0x61, 0x7B, 0xC0, 0x35, 0xB6, 0x05, 0x6C, 0xEB, 0x00, 0x98, 0x9E, 0x4A, 0x1F, 0x84, 0xB9, 0x9F,
    0x85, 0xD9, 0x9A, 0xFB, 0xEB, 0x8B, 0x8D, 0xDA, 0x17, 0xFD, 0xE2, 0x5B, 0x6A, 0x9C, 0x76, 0x89,
    0xB9, 0xC4, 0x5F, 0x72, 0x2D, 0x79, 0x97, 0x36, 0x50, 0x3F, 0xD3, 0x9A, 0xE7, 0x7A, 0xBF, 0xFB,
    0x3E, 0x79, 0x7B, 0x3E, 0xBE, 0x4F, 0x6E, 0x76, 0xD6, 0x5E, 0x31, 0xC6, 0x7D, 0x57, 0x77, 0x8D,
    0x70, 0xBC, 0x2B, 0x47, 0x24, 0x21, 0x8D, 0x26, 0x6A, 0xAC, 0xE8, 0x05, 0xF3, 0x37, 0xDB, 0x54,
    0x6F, 0x0F, 0x90, 0x1B, 0x92, 0x5D, 0x7E, 0x73, 0x80, 0xB4, 0x9D, 0xCE, 0xC3, 0x46, 0xE0, 0x80,
    0x6C, 0x20, 0x80, 0xBF, 0x0E, 0x02, 0xCC, 0x77, 0x11, 0x14, 0x54, 0x38, 0xDC, 0x3D, 0x40, 0x8E,
    0xEB, 0x03, 0x64, 0xBF, 0x3E, 0x40, 0x92, 0xAC, 0xD6, 0x0C, 0x67, 0x4E, 0xE6, 0x97, 0xCE, 0x6B,
    0xBB, 0xE7, 0x53, 0xE1, 0x3B, 0x80, 0x10, 0x78, 0x7B, 0xEA, 0xE3, 0x20, 0x34, 0x9C, 0xEE, 0xF2,
    0x81, 0xA7, 0x61, 0xAE, 0x4E, 0xF8, 0x54, 0x17, 0xA1, 0x00, 0x50, 0x0F, 0x03, 0xA8, 0xE3, 0xB1,
    0xDC, 0xB6, 0xD9, 0xA0, 0xDB, 0x88, 0xF1, 0xF1, 0xA0, 0xD8, 0x01, 0x59, 0x3C, 0x3A, 0xA6, 0x93,
    0x6E, 0x7A, 0x49, 0x88, 0x69, 0x48, 0x65, 0x3D, 0xDF, 0x1E, 0x3B, 0x8B, 0x41, 0xA9, 0x4E, 0xA9,
    0xB7, 0x9D, 0x70, 0x47, 0x75, 0x5A, 0x0C, 0x39, 0x2B, 0xCB, 0x5E, 0x99, 0x92, 0xF7, 0x98, 0x5C,
    0xEE, 0x84, 0xDF, 0x23, 0x3B, 0x80, 0x64, 0x40, 0x26, 0x64, 0x5B, 0xEC, 0x4C, 0xE7, 0x7A, 0xDB,
    0x99, 0xCE, 0x0C, 0x75, 0x65, 0xBA, 0x74, 0x72, 0x30, 0x5D, 0x32, 0xCD, 0x42, 0xCC, 0xC7, 0x5C,
    0x6A, 0x17, 0xCB, 0xC5, 0xAB, 0x18, 0x4D, 0x57, 0xFB, 0x25, 0xDA, 0x12, 0x59, 0xB3, 0xF4, 0x40,
    0xF2, 0xF1, 0xEE, 0xA1, 0x96, 0x88, 0x18, 0xFA, 0x35, 0x3F, 0x10, 0xEE, 0x4E, 0xC1, 0xA6, 0xF4,
    0x80, 0xED, 0xEA, 0x16, 0x28, 0x3C, 0x2B, 0xC0, 0xFC, 0x3E, 0x44, 0xAF, 0x49, 0x98, 0x70, 0x10,
    0x82, 0xBD, 0xD2, 0x29, 0x13, 0xFA, 0x9B, 0xDA, 0x9C, 0x01, 0x07, 0x2F, 0xDB, 0xB9, 0x16, 0x70,
    0xAD, 0xED, 0x91, 0x10, 0x66, 0xC0, 0xB9, 0x70, 0x3E, 0x3D, 0xCE, 0xFB, 0xCD, 0x57, 0xAF, 0xB7,
    0xE5, 0xB2, 0x12, 0x1C, 0xAF, 0x10, 0x00, 0x90, 0x1C, 0xF3, 0x9F, 0xC8, 0xF6, 0xDE, 0x57, 0x5A,
    0xF8, 0xF0, 0x8B, 0xD2, 0xB8, 0xE2, 0xA4, 0xDC, 0xCC, 0xC8, 0x06, 0x24, 0xAC, 0x2E, 0x07, 0xE0,
    0xB0, 0x4A, 0x29, 0x73, 0x7E, 0x25, 0xC4, 0x59, 0xAA, 0xC4, 0x31, 0x25, 0xBE, 0x90, 0x6C, 0xD7,
    0x5C, 0xBE, 0x8E, 0xDD, 0x71, 0x61, 0x69, 0xD2, 0xBB, 0xB1, 0x55, 0xDF, 0x86, 0xAF, 0x74, 0xF2,
    0xEA, 0xA4, 0x4D, 0xB2, 0x3B, 0x2E, 0x1C, 0x77, 0xEC, 0xBD, 0x1E, 0xBE, 0xB8, 0xDE, 0xDF, 0x4E,
    0xE6, 0xF1, 0x87, 0x2D, 0x2C, 0xB7, 0x23, 0xED, 0xE1, 0xFE, 0xD3, 0x1E, 0x17, 0xB0, 0x7C, 0x8A,
    0x37, 0x17, 0xF4, 0x6D, 0x62, 0x06, 0xB0, 0x66, 0xA8, 0x3F, 0x12, 0xCE, 0xB6, 0xBA, 0xC7, 0xA7,
    0x91, 0xD8, 0xF3, 0xD9, 0x99, 0x92, 0x1C, 0x23, 0x59, 0x45, 0xB6, 0x5A, 0x5B, 0xF7, 0x4A, 0xE3,
    0x95, 0x79, 0x64, 0xB6, 0x2A, 0x17, 0x7D, 0x52, 0x3F, 0x3B, 0x63, 0x97, 0x91, 0x64, 0xA3, 0x0C,
    0x50, 0xF6, 0x50, 0x77, 0x58, 0xFA, 0xFB, 0x3A, 0x4E, 0x3C, 0x39, 0xD3, 0xA7, 0xC3, 0xF2, 0x08,
    0x7C, 0xAD, 0xD6, 0xB7, 0x5D, 0xD5, 0x9A, 0x60, 0xAF, 0xFD, 0x5E, 0x4F, 0x8B, 0x5D, 0x16, 0x16,
    0x0D, 0xEE, 0xB5, 0xDB, 0xEB, 0xFA, 0xEE, 0xEF, 0x44, 0xED, 0xE2, 0x06, 0x29, 0xF9, 0x49, 0x72,
    0x8C, 0xED, 0x22, 0xFB, 0x45, 0xCF, 0x37, 0xED, 0xBC, 0x85, 0x36, 0xF7, 0x78, 0x63, 0x3C, 0x7E,
    0x15, 0x7F, 0x9B, 0xF7, 0x62, 0x14, 0xBA, 0x9F, 0x82, 0x24, 0x62, 0xB0, 0x0E, 0x19, 0xCF, 0xDC,
    0xA0, 0x9D, 0x6E, 0x26, 0x98, 0x1E, 0x69, 0x50, 0x82, 0x7A, 0x05, 0xAE, 0xCA, 0x3F, 0x04, 0x6C,
    0x83, 0x44, 0x96, 0x99, 0x36, 0x3A, 0xDC, 0x25, 0x00, 0xBB, 0x62, 0xDD, 0x6C, 0x84, 0x84, 0xD5,
    0x7A, 0xDD, 0x39, 0x0A, 0x89, 0x19, 0x3E, 0xA0, 0x34, 0x33, 0xE6, 0x4A, 0x84, 0xBA, 0x69, 0x68,
    0x1B, 0xD4, 0xFD, 0x32, 0x54, 0xAA, 0x33, 0x72, 0x50, 0x6D, 0xC9, 0xA0, 0xBD, 0x40, 0x7D, 0x0D,
    0xD2, 0x73, 0x7A, 0x85, 0xBA, 0x4B, 0x87, 0x74, 0xD6, 0x95, 0x58, 0xDF, 0x0E, 0x74, 0x57, 0x4B,
    0x87, 0xB8, 0x5D, 0x4D, 0xA2, 0x3B, 0x1D, 0xB5, 0x74, 0x77, 0xA9, 0xB9, 0xE7, 0x94, 0x7C, 0x58,
    0x0F, 0xC5, 0xA2, 0x17, 0x7B, 0xD5, 0x3D, 0xB0, 0x99, 0x96, 0x78, 0xA9, 0xC4, 0x4B, 0x27, 0xC0,
    0x0C, 0xFB, 0x7C, 0xFD, 0x3E, 0x7F, 0xBB, 0xB4, 0x87, 0x10, 0x9D, 0x93, 0xE3, 0xD2, 0x5E, 0x56,
    0xC0, 0x13, 0x92, 0x1E, 0x36, 0x92, 0xCA, 0x94, 0xCF, 0xE4, 0x34, 0xAF, 0x51, 0x66, 0x64, 0xFE,
    0x61, 0x2E, 0xB5, 0x6A, 0x39, 0x43, 0xBD, 0x84, 0x36, 0xF2, 0x49, 0x64, 0x12, 0x20, 0x14, 0x23,
    0xE5, 0xA8, 0xCC, 0xBD, 0xB0, 0x34, 0xBD, 0xD0, 0xD6, 0x6D, 0xFC, 0xA7, 0xA4, 0x46, 0xCF, 0xF1,
    0x84, 0x30, 0x1B, 0x95, 0x1B, 0x36, 0x28, 0x38, 0x48, 0x71, 0x82, 0xFD, 0x51, 0x80, 0xAD, 0xA8,
    0xE1, 0x50, 0x50, 0x8D, 0x08, 0xD7, 0x38, 0x04, 0x38, 0xCC, 0x20, 0x78, 0xC1, 0xE7, 0x8E, 0xF4,
    0x96, 0x6E, 0xC8, 0xC7, 0xA2, 0x03, 0xDE, 0xD9, 0x3F, 0x91, 0xAE, 0x42, 0xA9, 0xA7, 0xAB, 0x80,
    0x5C, 0x86, 0xA5, 0x88, 0x4F, 0x65, 0x8F, 0x9A, 0x33, 0x1C, 0x09, 0x5E, 0xB1, 0x25, 0xCA, 0x36,
    0xC0, 0x74, 0xF3, 0x5E, 0xB4, 0xEC, 0xAA, 0xB2, 0xB5, 0x57, 0x6C, 0x4A, 0x12, 0x39, 0xE7, 0xB8,
    0x83, 0x2E, 0xBD, 0xC4, 0x4A, 0xA4, 0xDD, 0x5E, 0xD5, 0x9D, 0x89, 0x7F, 0x45, 0x6B, 0x48, 0x95,
    0x4A, 0xA4, 0x33, 0x57, 0x5B, 0x6F, 0xBA, 0xDC, 0x6F, 0xAF, 0x2E, 0xFD, 0x7E, 0x52, 0xB6, 0x64,
    0x88, 0x7E, 0x07, 0x11, 0xDF, 0xCA, 0x74, 0x76, 0x2F, 0xC0, 0x7D, 0xD9, 0x5E, 0xC5, 0x59, 0x73,
    0x23, 0x05, 0xE9, 0x57, 0x78, 0x32, 0x5F, 0x78, 0x24, 0x53, 0xE6, 0xB1, 0xB9, 0xC5, 0x28, 0x48,
    0x23, 0x06, 0x85, 0x17, 0x9C, 0x5F, 0x5F, 0x5C, 0x83, 0x9A, 0xF0, 0x16, 0x3A, 0x2C, 0x0B, 0x7E,
    0x02, 0xFC, 0x49, 0x95, 0xB0, 0x41, 0xCE, 0x01, 0xA5, 0xF6, 0xF0, 0x17, 0x33, 0xB4, 0x3F, 0x79,
    0xE6, 0xD4, 0xEB, 0x46, 0x02, 0x00, 0x87, 0x3F, 0x85, 0xFD, 0x2F, 0xA2, 0x8C, 0xBD, 0x38, 0x22,
    0x61, 0x87, 0x72, 0xB4, 0x03, 0x89, 0x32, 0x2C, 0x8A, 0x4E, 0xD5, 0x49, 0xFD, 0xD5, 0xC0, 0x97,
    0x80, 0xF9, 0xEA, 0x77, 0x04, 0x90, 0x2D, 0xEB, 0xA6, 0x21, 0x09, 0x88, 0x0D, 0xD9, 0x00, 0xF6,
    0x15, 0x5D, 0x0B, 0xD4, 0x7F, 0x35, 0x9B, 0x1E, 0xDF, 0x71, 0x32, 0x4F, 0xFF, 0x07, 0x7F, 0x3F,
    0xBF, 0xBB, 0x7B, 0xFF, 0x75, 0x5F, 0x4F, 0x96, 0x9F, 0xB0, 0xB7, 0xA3, 0xE5, 0xBF, 0xB0, 0xCD,
    0x7B, 0xCB, 0xB6, 0xAE, 0x36, 0xFC, 0x10, 0x86, 0x3A, 0x23, 0x66, 0xD8, 0x67, 0x84, 0xD5, 0xB3,
    0xE9, 0x59, 0x40, 0xC2, 0x49, 0x64, 0x16, 0x21, 0x80, 0xBA, 0xFA, 0x33, 0xD8, 0xCA, 0xFE, 0x88,
    0x95, 0x25, 0x61, 0x38, 0x61, 0xC3, 0x0E, 0x94, 0xA1, 0x60, 0x67, 0x44, 0xAC, 0xDF, 0x76, 0xB5,
    0x0C, 0x0D, 0xBD, 0x79, 0x21, 0xF2, 0x0B, 0x91, 0x57, 0xAF, 0xBD, 0xE1, 0x2F, 0x44, 0x3E, 0x15,
    0xC9, 0xBC, 0x99, 0xB3, 0x6B, 0x33, 0x65, 0x34, 0x5E, 0xA4, 0xCF, 0x98, 0xF6, 0x79, 0xAB, 0x0F,
    0xD7, 0x46, 0x5B, 0x4D, 0x2E, 0x47, 0xCA, 0xA4, 0xBA, 0x17, 0xD3, 0x7D, 0xA3, 0x98, 0x7C, 0xC1,
    0x09, 0xB7, 0xD8, 0xBE, 0xE0, 0x53, 0x98, 0x2F, 0x27, 0xC0, 0x70, 0x50, 0x4C, 0x0A, 0x0A, 0x82,
    0x42, 0xCF, 0xFF, 0xA6, 0x2B, 0xFF, 0x55, 0x66, 0x44, 0xA1, 0x2F, 0xDE, 0x86, 0x82, 0x8C, 0x15,
    0x99, 0xE8, 0xB3, 0xC6, 0x69, 0x85, 0xA4, 0xFE, 0x62, 0x02, 0xEC, 0x0F, 0x15, 0xEF, 0x1D, 0xA3,
    0x16, 0x24, 0xBA, 0x86, 0xD7, 0x2E, 0x99, 0x2B, 0x1B, 0x12, 0xB6, 0x76, 0x12, 0xE4, 0xBD, 0x80,
    0x3D, 0x72, 0x72, 0x40, 0xA1, 0x81, 0x2C, 0xB7, 0x04, 0xAF, 0x0D, 0xFF, 0x81, 0x7A, 0x2B, 0x0A,
    0x0A, 0xBE, 0xE4, 0x6F, 0xE4, 0x2E, 0xF5, 0xB6, 0x3A, 0x66, 0x82, 0xBF, 0xCB, 0x64, 0x8E, 0xE3,
    0xE2, 0x9A, 0x04, 0xB9, 0x42, 0x77, 0x2B, 0xDB, 0xEE, 0xE2, 0xDA, 0x74, 0x6A, 0x2C, 0x42, 0xDE,
    0xCA, 0xD5, 0x85, 0x5C, 0x53, 0xFF, 0x4C, 0xDC, 0x33, 0x1E, 0x04, 0x6E, 0xD0, 0x76, 0x68, 0x33,
    0xE4, 0xD9, 0x73, 0xBD, 0xAB, 0x8C, 0x27, 0xB2, 0x21, 0x20, 0x1D, 0x66, 0x11, 0xD5, 0xFA, 0xDB,
    0x35, 0xC6, 0x6B, 0xBD, 0xDA, 0x65, 0x24, 0xD4, 0x8F, 0xAB, 0xCF, 0xF6, 0x6A, 0x95, 0xF7, 0x58,
    0x8E, 0xF2, 0xBA, 0xF7, 0xC3, 0xA1, 0xE5, 0xFE, 0xC7, 0x61, 0x3B, 0x1A, 0x9F, 0x4E, 0xA6, 0x4F,
    0x66, 0xD3, 0x61, 0x25, 0xF2, 0xBB, 0x97, 0xEB, 0x3B, 0xA9, 0x5F, 0xEE, 0xA3, 0x35, 0xFF, 0x3D,
    0xDF, 0x7B, 0x6E, 0x01, 0xF2, 0x56, 0x12, 0xF7, 0xEB, 0x78, 0xCE, 0x2E, 0xC9, 0x4A, 0xDA, 0xDB,
    0xBA, 0xA6, 0xD4, 0xB5, 0xA6, 0x09, 0x00, 0x66, 0x11, 0xD5, 0xC4, 0x77, 0xE0, 0xAA, 0xA2, 0xD5,
    0xFA, 0x82, 0xAC, 0x32, 0x06, 0x40, 0xFC, 0xB4, 0x2D, 0x07, 0x09, 0x97, 0x5F, 0xFA, 0xB9, 0xF8,
    0x34, 0x0A, 0x8A, 0x16, 0xF7, 0x25, 0xB9, 0xFC, 0x1C, 0x29, 0xA7, 0x1B, 0x61, 0x6F, 0xE8, 0xE9,
    0x15, 0x83, 0xE0, 0x7C, 0x3A, 0xE1, 0x69, 0x32, 0x27, 0x01, 0x08, 0xBA, 0x4C, 0x3B, 0x85, 0x7D,
    0x7F, 0x10, 0xFC, 0xDC, 0x03, 0xC5, 0x2F, 0x7B, 0xC0, 0xB0, 0x03, 0x72, 0xB6, 0x40, 0x46, 0xDD,
    0xA4, 0x09, 0x60, 0x13, 0x04, 0xC9, 0x2C, 0x50, 0x87, 0x32, 0x3A, 0xFC, 0xD8, 0x4B, 0x49, 0x6D,
    0x8D, 0x9A, 0x6D, 0xB4, 0x12, 0x27, 0x95, 0xC0, 0x7A, 0xC5, 0x70, 0x40, 0x7A, 0x17, 0xDF, 0x9B,
    0xC5, 0x98, 0xEC, 0x61, 0x96, 0x19, 0x46, 0xA2, 0x7E, 0x31, 0xB0, 0xA2, 0xBE, 0xE2, 0x86, 0x74,
    0x28, 0xDB, 0xB8, 0x8D, 0x05, 0x85, 0x5E, 0x6B, 0xDD, 0x3F, 0x0E, 0x75, 0x63, 0x5F, 0xFF, 0x9E,
    0x28, 0xC8, 0x19, 0x71, 0x03, 0x45, 0xCD, 0xE6, 0x28, 0xB2, 0x9C, 0xA2, 0x01, 0xCB, 0x76, 0x05,
    0xB6, 0x29, 0xB5, 0x0B, 0x38, 0x94, 0x7C, 0x77, 0xAA, 0x3F, 0x4F, 0xC8, 0x0A, 0x2E, 0x2C, 0xCF,
    0x6F, 0x31, 0x44, 0xAD, 0xBF, 0xF5, 0xBA, 0xD6, 0xAB, 0x9D, 0xDA, 0xAB, 0xDF, 0xC3, 0xD3, 0xF7,
    0x61, 0xD1, 0x69, 0xC6, 0xD5, 0x07, 0x40, 0xBD, 0x97, 0xBF, 0xD1, 0xA7, 0xFB, 0x20, 0xDB, 0xCF,
    0x2E, 0x3F, 0x8F, 0xDB, 0x84, 0x4A, 0x5F, 0xB4, 0xB9, 0x2F, 0xDB, 0x6C, 0xC9, 0xD6, 0xC2, 0x89,
    0x3C, 0xF9, 0x78, 0x3D, 0x7E, 0xEA, 0xF3, 0x73, 0xFA, 0x35, 0x25, 0xC2, 0xBF, 0xB9, 0x53, 0xF5,
    0xAF, 0xF1, 0x18, 0xCA, 0xE6, 0xF3, 0xD2, 0x9D, 0x52, 0x3F, 0x7E, 0x45, 0x8D, 0xF6, 0xFD, 0x35,
    0x35, 0x72, 0xFD, 0x97, 0x1A, 0xD9, 0x56, 0x35, 0x1E, 0x43, 0xD9, 0xBA, 0x9E, 0x3D, 0x14, 0x19,
    0x00, 0xB2, 0x15, 0x9F, 0x3C, 0xD7, 0x8B, 0x07, 0x09, 0xE1, 0x14, 0xF3, 0x0C, 0xCC, 0xE1, 0x0C,
    0x33, 0x79, 0xD8, 0x49, 0x27, 0xCC, 0xCB, 0xDF, 0x49, 0xF8, 0x60, 0x36, 0xE4, 0x24, 0x32, 0x88,
    0x34, 0xA4, 0x0E, 0xE4, 0x9A, 0xDB, 0x2B, 0x1D, 0x69, 0xD3, 0xE9, 0xA0, 0x9B, 0xAB, 0x53, 0x25,
    0x43, 0x24, 0x3F, 0x89, 0x7C, 0x21, 0xEC, 0xCC, 0xAF, 0x22, 0x7F, 0x3B, 0x68, 0x0F, 0xFC, 0x6A,
    0x57, 0x51, 0x6A, 0xD9, 0x0A, 0xFF, 0x42, 0x39, 0xA6, 0x4A, 0xE0, 0x20, 0x12, 0x53, 0xAC, 0xA1,
    0xF1, 0x34, 0x1A, 0x34, 0xB3, 0x88, 0x8E, 0x53, 0xDC, 0xD8, 0x25, 0x46, 0x47, 0x46, 0xFF, 0x4A,
    0x1B, 0x9C, 0xB8, 0x1E, 0xE6, 0xE6, 0x71, 0x66, 0x6B, 0xAB, 0xB2, 0xB7, 0xCF, 0xB6, 0x1E, 0xE4,
    0xAD, 0xC0, 0xF8, 0x1A, 0x65, 0x5F, 0xBF, 0x94, 0x7A, 0xB2, 0x32, 0x71, 0x7F, 0xEA, 0xC1, 0x6E,
    0xD9, 0x8D, 0x0A, 0x4E, 0xC2, 0x9A, 0xC4, 0xB6, 0xE3, 0x17, 0x92, 0xEF, 0xB3, 0x00, 0xDB, 0x9A,
    0xDF, 0x4C, 0x90, 0x9C, 0x1C, 0x61, 0xEE, 0xF2, 0x45, 0xBC, 0xFE, 0xEF, 0x6A, 0xB3, 0xBD, 0x52,
    0x7B, 0x52, 0x7D, 0xC9, 0x18, 0x87, 0x1A, 0x13, 0xA5, 0xEA, 0x65, 0x29, 0x93, 0xC5, 0xE9, 0xCA,
    0x78, 0xF1, 0xEB, 0x4D, 0x27, 0xE5, 0x2E, 0xA3, 0xE6, 0x65, 0x07, 0xC7, 0xEE, 0xC4, 0x99, 0xEE,
    0x67, 0xB3, 0x8C, 0xDF, 0x44, 0xDA, 0x91, 0xCC, 0x7B, 0x32, 0xA9, 0x4E, 0x91, 0xFD, 0xE7, 0x80,
    0xFC, 0xB7, 0x23, 0xD2, 0xCF, 0x3C, 0xF4, 0xF3, 0x36, 0x47, 0x02, 0xED, 0xA1, 0x9C, 0xF3, 0x61,
    0xC1, 0x6B, 0x5C, 0x55, 0x36, 0x62, 0x51, 0xAD, 0x3B, 0x88, 0x67, 0x4F, 0x75, 0xC1, 0x6B, 0x74,
    0xC1, 0x53, 0xBB, 0xC3, 0xE1, 0x2A, 0xEB, 0xA4, 0xE5, 0x3E, 0xEB, 0x20, 0xB5, 0x6C, 0xD9, 0x7D,
    0xDC, 0x99, 0xBB, 0x7F, 0x3B, 0x13, 0x72, 0x6E, 0xC6, 0x1F, 0xFC, 0x20, 0x84, 0x9F, 0xCE, 0xDF,
    0xFD, 0xEE, 0x1B, 0xED, 0x46, 0x33, 0xAB, 0x1D, 0x00, 0xD3, 0x1E, 0xFF, 0x2F, 0xD9, 0xD9, 0x5B,
    0xFC, 0xB7, 0xD8, 0xE3, 0xFE, 0x41, 0x0F, 0xB9, 0x26, 0xBB, 0x91, 0xED, 0xD5, 0xD9, 0xCD, 0x21,
    0xEF, 0x31, 0x87, 0xBD, 0xFF, 0x03, 0x94, 0x92, 0x2F, 0x6C, 0x14, 0x41, 0x14, 0xC6, 0x7F, 0x77,
    0x4B, 0x39, 0x92, 0x15, 0x83, 0xA8, 0x41, 0x2D, 0x3E, 0xE4, 0xC6, 0x9B, 0x9B, 0x71, 0x38, 0xA8,
    0xE0, 0x82, 0xF7, 0xA2, 0xF8, 0xC0, 0xCD, 0x78, 0x04, 0x38, 0x24, 0xDE, 0x1B, 0x44, 0x9B, 0x79,
    0x49, 0x7D, 0xBA, 0xDE, 0xDC, 0x39, 0x64, 0x87, 0xB0, 0x24, 0x6D, 0x32, 0x7B, 0x8F, 0xED, 0x6E,
    0x1A, 0x72, 0x4D, 0xA0, 0xE1, 0x7B, 0x2F, 0xFB, 0xBE, 0x7F, 0xD9, 0x35, 0xBB, 0x5E, 0x9F, 0xA8,
    0xE6, 0x69, 0x0F, 0xF9, 0x5A, 0xEF, 0x70, 0xC0, 0x47, 0x9C, 0x4C, 0x22, 0x1F, 0x9E, 0xF5, 0x41,
    0xA8, 0xF9, 0xFE, 0xED, 0xFF, 0x0B, 0x47, 0x98, 0xE8, 0x7C, 0x20, 0xC5, 0x24, 0x41, 0x2C, 0x2B,
    0xD4, 0x6B, 0x4C, 0xA3, 0x77, 0xC6, 0x31, 0x0E, 0x15, 0x95, 0x24, 0x2E, 0x06, 0xCE, 0x07, 0x7D,
    0xBF, 0x7F, 0x34, 0xC7, 0x7C, 0x14, 0xF7, 0x5A, 0x82, 0x8D, 0x29, 0x49, 0xD2, 0x36, 0x68, 0x6B,
    0x4D, 0x5C, 0x59, 0xAF, 0x49, 0x54, 0x65, 0x30, 0x9D, 0x95, 0x8D, 0xF3, 0x67, 0x2B, 0x9E, 0x3E,
    0xC1, 0x19, 0x54, 0x47, 0x5F, 0xC5, 0x7D, 0x8A, 0xA1, 0xF1, 0xE7, 0x4B, 0x8E, 0x1F, 0xFD, 0xF5,
    0x3D, 0x55, 0x37, 0xCD, 0xDB, 0x1B, 0x1D, 0x31, 0xF0, 0x07, 0xE7, 0xA0, 0xFF, 0x80, 0xCF, 0x09,
    0xA6, 0xC7, 0xAA, 0x77, 0x2A, 0x61, 0xDC, 0x81, 0x0C, 0xB2, 0xEE, 0x19, 0x22, 0x0F, 0x1D, 0xEC,
    0x41, 0x05, 0xED, 0x50, 0x45, 0xF7, 0x23, 0x11, 0x7A, 0xC8, 0xE0, 0xC1, 0xA1, 0x72, 0x3B, 0xEE,
    0x80, 0x95, 0x2A, 0xEB, 0x85, 0x9A, 0xF2, 0xE7, 0x31, 0x7A, 0xCF, 0x48, 0x5E, 0xA3, 0xFA, 0x15,
    0x8F, 0xF7, 0xBE, 0xEE, 0x00, 0xAB, 0xAD, 0xC9, 0x40, 0xD0, 0xAE, 0xD9, 0x01, 0x5A, 0x5D, 0xDB,
    0x16, 0xE8, 0x67, 0xC5, 0x09, 0x50, 0x28, 0x21, 0x4E, 0x3A, 0x01, 0xE8, 0xCB, 0xA2, 0x8C, 0xFD,
    0x5F, 0x3D, 0x80, 0xD3, 0x9F, 0x05, 0xC0, 0xE8, 0xC5, 0x35, 0xC0, 0x7C, 0x5F, 0x77, 0xA7, 0xBB,
    0xD1, 0xF9, 0xA1, 0xFD, 0x78, 0xBF, 0xAB, 0x02, 0xD8, 0x4B, 0xD5, 0x0E, 0x70, 0x97, 0xD9, 0x15,
    0x20, 0x7C, 0x15, 0xA7, 0x40, 0x6A, 0xC4, 0x6D, 0x01, 0x35, 0xED, 0xED, 0x9D, 0xF5, 0xE6, 0x26,
    0x5D, 0xC2, 0xBC, 0x2C, 0x54, 0x4F, 0xA1, 0xBA, 0x9E, 0xAB, 0xF6, 0xB0, 0xE8, 0x38, 0xD5, 0x0E,
    0xA8, 0x3E, 0x2F, 0x76, 0x75, 0x6B, 0xA4, 0x89, 0xD6, 0x3B, 0x96, 0x8C, 0xA8, 0xBE, 0xF8, 0xC5,
    0x95, 0xD4, 0x5B, 0x31, 0xDB, 0xD8, 0x24, 0x6C, 0xC0, 0x6D, 0x58, 0xBE, 0x87, 0xBB, 0xF8, 0xD5,
    0x90, 0x6F, 0x63, 0xBD, 0xBD, 0xF2, 0x66, 0x9B, 0x68, 0xD2, 0x66, 0xE8, 0x9C, 0x0F, 0xA5, 0xC2,
    0xF2, 0xC3, 0x37, 0x26, 0x38, 0x9F, 0x24, 0x89, 0x13, 0x1B, 0x03, 0x2F, 0x00, 0x9E, 0x93, 0xAB,
    0x5C, 0x67, 0x9B, 0x83, 0xB8, 0x9D, 0x19, 0xF8, 0x2C, 0xF3, 0x0E, 0x22, 0x99, 0xC2, 0x1E, 0x8D,
    0xAE, 0x4D, 0xA2, 0x14, 0x3A, 0x5A, 0x60, 0xBD, 0x7E, 0xA3, 0x5A, 0xA6, 0x05, 0xA8, 0x5A, 0x16,
    0x3B, 0x8C, 0xD0, 0x44, 0x1C, 0x6C, 0xA0, 0x67, 0x56, 0xA8, 0x3A, 0x16, 0x19, 0xD3, 0xD2, 0x08,
    0xCE, 0x13, 0xA0, 0x67, 0xFA, 0x1E, 0xFF, 0xFE, 0x1D, 0x7E, 0x8F, 0x12, 0x59, 0x00, 0x84, 0xD0,
    0x2D, 0xAC, 0x14, 0x31, 0x14, 0x05, 0xE0, 0x33, 0x53, 0x51, 0x51, 0x51, 0x85, 0x1E, 0xAF, 0xC6,
    0x0B, 0xE8, 0x78, 0x45, 0x02, 0x1B, 0xC4, 0x8A, 0x35, 0x18, 0xD4, 0xF8, 0x64, 0xC9, 0x5E, 0x6F,
    0xC0, 0x3F, 0x83, 0x37, 0xF8, 0x64, 0xDE, 0xBE, 0x7A, 0x55, 0x83, 0xA6, 0x06, 0x85, 0xB9, 0xA2,
    0xA2, 0xA2, 0xB3, 0x87, 0x3E, 0x56, 0x10, 0x30, 0xB4, 0x9F, 0xB8, 0x3F, 0xE6, 0xE6, 0xE0, 0x2D,
    0x1C, 0x65, 0x66, 0x0E, 0x46, 0x1F, 0x87, 0xDA, 0xD0, 0x2A, 0xB6, 0xBB, 0x5E, 0xF7, 0x49, 0x9F,
    0xF7, 0xAD, 0xA3, 0xE0, 0x3D, 0xE0, 0x05, 0x41, 0xF0, 0x24, 0x03, 0xC5, 0x50, 0xFC, 0x77, 0x99,
    0x3F, 0xC9, 0xC5, 0x0B, 0xA9, 0xDD, 0xE1, 0x94, 0xD0, 0x51, 0x3B, 0xCF, 0xF2, 0xEC, 0xDB, 0x6B,
    0x2F, 0xF0, 0x3F, 0xE0, 0x99, 0x1C, 0x15, 0x43, 0x05, 0x36, 0xE0, 0xFC, 0x12, 0x2D, 0x3C, 0xD4,
    0x89, 0x3A, 0x52, 0x06, 0x2E, 0x7D, 0x3B, 0xFF, 0xD4, 0x30, 0xEA, 0xE3, 0xE1, 0x0B, 0x29, 0xA4,
    0xEE, 0xA6, 0xB4, 0xA1, 0xD4, 0xA1, 0x6C, 0x63, 0x09, 0x47, 0x9D, 0x18, 0xC7, 0x1B, 0xC8, 0xD8,
    0x1D, 0x4E, 0x11, 0xD3, 0x82, 0x00, 0x7C, 0x04, 0x1A, 0x86, 0x02, 0xA3, 0xB0, 0x09, 0x2E, 0xC2,
    0x0B, 0x66, 0xE0, 0x15, 0xE0, 0x2A, 0x02, 0x71, 0x5B, 0x63, 0x75, 0xB1, 0xB9, 0x78, 0x5D, 0x25,
    0x70, 0x79, 0x62, 0x6F, 0xB3, 0x1A, 0x2D, 0x56, 0xAF, 0x6B, 0x0E, 0x8C, 0x6E, 0x87, 0xDD, 0x11,
    0x28, 0xD7, 0x63, 0x6A, 0x26, 0xD7, 0x51, 0x5B, 0xBF, 0xC1, 0x6A, 0xA0, 0x4E, 0xD4, 0x0F, 0x6F,
    0xF2, 0xD9, 0xA6, 0xCB, 0xD7, 0x38, 0x73, 0xB1, 0x15, 0xE3, 0x67, 0x93, 0x4D, 0xE6, 0xEF, 0xF7,
    0xA7, 0xFA, 0x4F, 0x7C, 0xF8, 0x2B, 0x3E, 0x0A, 0xE5, 0x24, 0xFE, 0x9F, 0x7F, 0x4A, 0x54, 0xAA,
    0xBB, 0x1F, 0xB2, 0xC6, 0xCD, 0xA6, 0xCD, 0x66, 0xB8, 0x84, 0x39, 0x8E, 0xC4, 0x54, 0x71, 0x49,
    0xD8, 0x4D, 0xDE, 0xDF, 0x65, 0xF2, 0x59, 0xA0, 0x76, 0x2F, 0xD6, 0x8C, 0x20, 0xB8, 0xC1, 0x70,
    0x31, 0xCC, 0xC3, 0x51, 0x81, 0xD2, 0x9D, 0x51, 0x2E, 0x0F, 0x3A, 0x33, 0xD9, 0x5F, 0xFB, 0xE7,
    0x40, 0x66, 0x74, 0xBD, 0xA4, 0x3C, 0xBA, 0x2E, 0x0C, 0x6C, 0x74, 0x71, 0xE3, 0x8A, 0x2E, 0x00,
    0xA5, 0xD2, 0x2F, 0x6C, 0x1B, 0x3D, 0x18, 0x06, 0xF0, 0xE7, 0x12, 0xE5, 0x0B, 0x08, 0x08, 0x8A,
    0x3E, 0xB6, 0xF0, 0x0E, 0x1C, 0x47, 0x36, 0x19, 0x0F, 0xA8, 0x3B, 0x69, 0x01, 0xE5, 0x28, 0x03,
    0xC3, 0xF3, 0x71, 0x54, 0xD0, 0x0C, 0x17, 0x8F, 0x94, 0xA3, 0x33, 0x27, 0x8B, 0x34, 0xAE, 0x1E,
    0xD8, 0x34, 0x30, 0x62, 0x4D, 0xA9, 0x9A, 0xAC, 0x77, 0x7E, 0xF6, 0xBE, 0xBE, 0x35, 0xE9, 0x5A,
    0x0D, 0xCD, 0x91, 0x7E, 0x7A, 0xF4, 0x3A, 0xF6, 0xF9, 0x1F, 0x19, 0x40, 0x0C, 0xC9, 0xC7, 0xA1,
    0xA0, 0x95, 0xB0, 0xDC, 0xDB, 0x01, 0xAB, 0x62, 0xF5, 0x75, 0xD8, 0x4A, 0x3D, 0xC0, 0x84, 0x41,
    0x8B, 0x31, 0x37, 0x30, 0x55, 0x91, 0x30, 0x61, 0x83, 0xDA, 0x82, 0x98, 0x32, 0x8A, 0xA8, 0x31,
    0xFD, 0x1E, 0x91, 0xC0, 0x43, 0xFB, 0x29, 0xBF, 0x6B, 0xF9, 0x1D, 0x9A, 0x3B, 0xBF, 0xAD, 0x3F,
    0xA4, 0xF3, 0x5B, 0xA7, 0xC1, 0x69, 0xE0, 0xB1, 0xAD, 0x3E, 0xF1, 0x6E, 0xCF, 0x63, 0x43, 0xC1,
    0x16, 0x86, 0x16, 0x00, 0x77, 0x28, 0x09, 0x00, 0xF5, 0x16, 0xF3, 0xA4, 0xC1, 0x44, 0x4C, 0xDB,
    0x1C, 0x1A, 0x4C, 0x72, 0x98, 0x6F, 0x30, 0xDE, 0x6A, 0xD0, 0x75, 0x01, 0x35, 0x13, 0xF2, 0x66,
    0x02, 0xA6, 0x5C, 0xD7, 0x1B, 0x94, 0x5B, 0x4C, 0x23, 0x7C, 0xC0, 0x38, 0xEA, 0xB2, 0x27, 0x79,
    0xCD, 0x93, 0xC6, 0x90, 0x6C, 0x16, 0x5E, 0x0C, 0xA8, 0xB3, 0x67, 0x9D, 0x73, 0x80, 0xD6, 0x2D,
    0xB4, 0x0E, 0xAD, 0x27, 0xC0, 0xD1, 0x9D, 0xEA, 0xC4, 0x15, 0x8A, 0x0D, 0xCC, 0x06, 0xC3, 0x16,
    0xE5, 0x0E, 0x93, 0x5D, 0x9E, 0x3F, 0x62, 0x90, 0x07, 0xEB, 0x08, 0x00, 0xFF, 0xF1, 0x8B, 0x94,
    0xC9, 0x8B, 0x6C, 0xCA, 0xB2, 0xF2, 0x77, 0xE2, 0xC6, 0xFF, 0x10, 0x1B, 0x2F, 0x30, 0x3E, 0x77,
    0xE6, 0xD7, 0x6E, 0xD5, 0xC0, 0xAC, 0xCF, 0xF4, 0x9C, 0x75, 0x94, 0x9A, 0xA0, 0x36, 0xA2, 0x05,
    0xFE, 0xEA, 0xC8, 0x5F, 0x8A, 0x53, 0xB6, 0x4F, 0xC4, 0x8A, 0x17, 0x18, 0x50, 0xF2, 0x84, 0x24,
    0xE6, 0xFB, 0x33, 0xDA, 0x32, 0xC0, 0x54, 0x42, 0x19, 0x5E, 0x54, 0x82, 0x4E, 0x11, 0xF2, 0x02,
    0x8E, 0x2C, 0xC9, 0xDB, 0xC5, 0x93, 0x5A, 0xBD, 0x76, 0x6E, 0xE1, 0x81, 0x79, 0xC8, 0x18, 0x1D,
    0x6B, 0x64, 0xBE, 0xA0, 0x3B, 0xB4, 0x63, 0xB2, 0xEB, 0xBF, 0x46, 0x6D, 0xF6, 0xB1, 0xC9, 0xD5,
    0xCE, 0xDB, 0x0E, 0x1E, 0xE6, 0xB7, 0xA7, 0xE2, 0x0C, 0x10, 0xF1, 0x4F, 0x8E, 0x64, 0xE6, 0x45,
    0x3E, 0xE2, 0x28, 0x7E, 0xCB, 0x6A, 0xEE, 0x77, 0xFF, 0x16, 0x20, 0x9B, 0x77, 0xC0, 0x32, 0x1F,
    0xBA, 0xE4, 0xA2, 0xC3, 0xFF, 0x44, 0x9F, 0xFD, 0x0D, 0x79, 0xFF, 0x50, 0x6F, 0x01, 0x53, 0xA9,
    0xB5, 0x2D, 0x3A, 0xB7, 0x24, 0x0A, 0x92, 0x5D, 0x36, 0xAA, 0xC9, 0xA2, 0x68, 0x07, 0x1D, 0x44,
    0x30, 0xEB, 0xAD, 0x6A, 0x82, 0x5A, 0x7E, 0x8E, 0x27, 0xE9, 0x6A, 0x7A, 0xBF, 0x35, 0x8C, 0x13,
    0x46, 0x71, 0xC8, 0xCD, 0xC9, 0xC7, 0x2B, 0xBC, 0x7F, 0x7E, 0x25, 0x7A, 0x55, 0xCF, 0xAF, 0xF0,
    0x8D, 0x15, 0xC9, 0x0A, 0x2F, 0x49, 0x06, 0x8D, 0x7B, 0x2B, 0x5E, 0x00, 0x98, 0x99, 0x57, 0xD7,
    0x15, 0xE0, 0xFB, 0xF7, 0xD0, 0xF7, 0xA6, 0x4B, 0x88, 0x55, 0x3F, 0x16, 0x23, 0xAB, 0xCE, 0x43,
    0xEF, 0x48, 0x9F, 0x51, 0xBE, 0x14, 0xFE, 0xE1, 0xE1, 0x45, 0x71, 0x97, 0x4D, 0x98, 0x25, 0xD9,
    0xA9, 0x45, 0xA7, 0x2F, 0x5B, 0x2D, 0x83, 0x3A, 0xCF, 0x96, 0x8F, 0xF4, 0x15, 0xFA, 0x7F, 0xE6,
    0x51, 0xEA, 0x2E, 0x6B, 0xA1, 0xBD, 0x1A, 0x5B, 0xF5, 0x26, 0x4B, 0xD5, 0xA5, 0x53, 0x71, 0x96,
    0x16, 0xA2, 0x61, 0x7C, 0xA2, 0x2E, 0x38, 0x7F, 0xA7, 0x87, 0xE4, 0x5E, 0x61, 0x50, 0xE2, 0xEB,
    0xBD, 0x5B, 0x6D, 0x87, 0x5B, 0x0C, 0x5B, 0x61, 0xA0, 0x14, 0x87, 0x24, 0xB5, 0xDC, 0xAB, 0x77,
    0xA6, 0x44, 0x45, 0x3B, 0xC6, 0x49, 0x00, 0x95, 0x5A, 0xF1, 0x0F, 0xA9, 0x48, 0x32, 0xDF, 0x79,
    0x47, 0x5D, 0xB4, 0xD2, 0xE4, 0x3D, 0xE4, 0xEF, 0x1E, 0xF9, 0x05, 0x95, 0x92, 0x01, 0x86, 0xDE,
    0x40, 0x18, 0x86, 0x9F, 0xF9, 0x67, 0xBB, 0xA1, 0xD1, 0x9D, 0x02, 0xAB, 0x20, 0x07, 0x68, 0x19,
    0x28, 0x40, 0x65, 0x8E, 0xD0, 0x5E, 0x63, 0x41, 0x4F, 0xD0, 0xE4, 0x3C, 0x59, 0xEC, 0x11, 0x32,
    0x47, 0xC8, 0x11, 0x82, 0x52, 0x16, 0x04, 0x29, 0xE9, 0xEE, 0xFC, 0xF9, 0x3A, 0x9F, 0xF1, 0x07,
    0x68, 0xF9, 0x5F, 0xF3, 0xBE, 0x66, 0xC8, 0x3C, 0xEF, 0x7C, 0x84, 0xEF, 0xC0, 0x69, 0x01, 0x9C,
    0x88, 0xE0, 0x35, 0xEA, 0x97, 0x61, 0xC0, 0x2C, 0x00, 0xEF, 0x29, 0x8A, 0x9C, 0x66, 0xEA, 0x95,
    0x26, 0xD1, 0x0A, 0x76, 0xB9, 0x62, 0x99, 0xAF, 0x80, 0x05, 0xAA, 0x69, 0x14, 0xD9, 0xB2, 0xCF,
    0x0F, 0xC3, 0xE3, 0x02, 0x55, 0x0F, 0xE6, 0x3A, 0xD6, 0xC7, 0x17, 0xFC, 0x8E, 0x4B, 0x28, 0x77,
    0x82, 0x80, 0x89, 0xA6, 0xA7, 0x8E, 0x66, 0xA1, 0xCD, 0x60, 0x32, 0x5D, 0x68, 0x9E, 0x1F, 0x13,
    0x36, 0x9A, 0x19, 0x02, 0x01, 0x55, 0xD4, 0x1B, 0xF5, 0x86, 0x3F, 0x1F, 0xEF, 0xBF, 0x7A, 0xDD,
    0xFF, 0xA6, 0x15, 0x2D, 0xAF, 0x2E, 0xE5, 0x2A, 0x17, 0xA0, 0xDB, 0xA0, 0x4D, 0xD9, 0x1B, 0xF8,
    0x94, 0x2D, 0x70, 0xD3, 0x45, 0xF0, 0x33, 0xDA, 0x8A, 0x3D, 0x03, 0x12, 0xA0, 0x8D, 0xE0, 0x74,
    0xF6, 0x09, 0x4C, 0x01, 0x50, 0x45, 0x90, 0x15, 0x64, 0xA1, 0x78, 0xC6, 0xCA, 0x84, 0x5B, 0x03,
    0x7E, 0x82, 0xB1, 0xC7, 0xEC, 0x50, 0x25, 0x68, 0x96, 0x42, 0xF0, 0xC0, 0x1B, 0x8A, 0xDE, 0x02,
    0x5E, 0xC9, 0x53, 0x21, 0xDB, 0x04, 0x46, 0x80, 0xA3, 0xFF, 0x4F, 0x8F, 0xF2, 0x94, 0xAB, 0x7C,
    0x93, 0xCD, 0x98, 0x7D, 0x1B, 0x39, 0x74, 0xEA, 0xA1, 0x9A, 0x4B, 0x83, 0x5E, 0x94, 0xF2, 0x66,
    0xB7, 0xA2, 0x6F, 0xF8, 0x30, 0xF6, 0xF8, 0x1D, 0x9D, 0xF1, 0xB0, 0xCE, 0x7C, 0x17, 0x80, 0x43,
    0x9F, 0x01, 0x36, 0xC0, 0x8A, 0x48, 0x68, 0x34, 0x3A, 0xFD, 0x93, 0x5A, 0xDD, 0x39, 0x0D, 0xAB,
    0xC1, 0x7A, 0xF9, 0xF8, 0xD0, 0x27, 0xF8, 0x81, 0x91, 0xBE, 0x92, 0xB9, 0x91, 0xAD, 0x95, 0x64,
    0x5F, 0xE3, 0x3F, 0xD7, 0xAF, 0x48, 0xD1, 0x1D, 0x80, 0xEB, 0x11, 0x91, 0x59, 0x63, 0xE3, 0x61,
    0x78, 0xDA, 0x19, 0x45, 0x76, 0x3D, 0xAE, 0x1A, 0x13, 0xE0, 0x02, 0xF0, 0x8E, 0x22, 0xF3, 0x2D,
    0xFC, 0x07, 0x7E, 0xFF, 0xFA, 0x33, 0xB7, 0x3B, 0x59, 0xAC, 0x44, 0x04, 0xBE, 0xC0, 0x0D, 0x2A,
    0x4C, 0xA4, 0xC6, 0x4E, 0xD4, 0xBD, 0x53, 0xAC, 0xCF, 0xB1, 0x74, 0xCF, 0xC3, 0x53, 0xEA, 0xF2,
    0x2E, 0x35, 0x7A, 0xAC, 0x73, 0x44, 0x1B, 0xA9, 0x03, 0x91, 0x5B, 0x54, 0xFC, 0x05, 0x85, 0x8D,
    0x2F, 0xAC, 0xE5, 0x44, 0x14, 0xC6, 0x7F, 0x6D, 0x37, 0x34, 0x70, 0x13, 0xE6, 0x09, 0x04, 0x24,
    0x64, 0x6B, 0x56, 0xE0, 0xEA, 0x05, 0x3B, 0xF5, 0x6B, 0x30, 0x17, 0x2C, 0x62, 0x15, 0x66, 0xF1,
    0x01, 0xDA, 0x04, 0x9F, 0xAC, 0xF7, 0xE2, 0xE5, 0xE1, 0xDD, 0xEE, 0x9B, 0xF1, 0xAA, 0x0E, 0x5B,
    0x81, 0x43, 0xEC, 0x88, 0x92, 0x14, 0x98, 0xE9, 0xC7, 0x94, 0xC9, 0xCB, 0xBB, 0xDC, 0x10, 0xF8,
    0xF2, 0x9D, 0xDF, 0x9C, 0x99, 0x39, 0x7F, 0xA4, 0xA9, 0x96, 0x2E, 0xD9, 0x6E, 0xD0, 0xCF, 0x4D,
    0x04, 0xEB, 0xAB, 0x04, 0xE3, 0x80, 0xB2, 0xC0, 0x49, 0x3B, 0x58, 0x29, 0x1E, 0x05, 0x47, 0x99,
    0x59, 0x4E, 0x21, 0x33, 0x98, 0xCC, 0x76, 0xED, 0x66, 0x68, 0xA2, 0xF5, 0x50, 0xA5, 0xDC, 0x04,
    0xBB, 0x03, 0x70, 0x3B, 0x80, 0x8D, 0x40, 0xAB, 0xC2, 0x95, 0x83, 0x81, 0x22, 0xAC, 0xA4, 0x74,
    0x01, 0xB0, 0xD3, 0x23, 0xF8, 0x27, 0x1A, 0x49, 0x8F, 0xB8, 0xFE, 0xBD, 0xEA, 0xBD, 0x9A, 0x4C,
    0xD1, 0xFB, 0x54, 0x7A, 0x37, 0x18, 0x69, 0xE8, 0x25, 0xC6, 0x9F, 0x85, 0x33, 0x9A, 0x92, 0x7D,
    0xE7, 0x93, 0x3A, 0xAF, 0xD8, 0x4F, 0x2E, 0x8C, 0x83, 0xFD, 0x53, 0x38, 0x25, 0x46, 0x05, 0x3E,
    0xFE, 0x66, 0x80, 0x3A, 0x47, 0xEB, 0xC1, 0xCC, 0xD0, 0x05, 0xE8, 0x73, 0xD8, 0x0D, 0x5C, 0x84,
    0xB4, 0x53, 0xC7, 0x91, 0x66, 0xB5, 0xD3, 0x29, 0xF4, 0xDE, 0xFC, 0xE1, 0x96, 0x5E, 0x0A, 0x56,
    0xDA, 0x9C, 0x14, 0xEF, 0xEE, 0xEE, 0x6E, 0xC7, 0x7C, 0x5A, 0x69, 0xED, 0xA4, 0x60, 0x42, 0x37,
    0xB7, 0xAB, 0xF5, 0x4D, 0x1C, 0x87, 0x2A, 0x09, 0x94, 0x60, 0x8C, 0x60, 0xD7, 0x32, 0xDB, 0xCC,
    0x65, 0x57, 0x33, 0x70, 0xA1, 0x5E, 0xBF, 0x03, 0xA3, 0xE4, 0xA9, 0x24, 0x05, 0x9A, 0x9D, 0x57,
    0x1B, 0x66, 0xA3, 0x89, 0xD8, 0x40, 0x1D, 0x71, 0x9E, 0x83, 0x50, 0x6F, 0x07, 0x01, 0x77, 0x3E,
    0x7F, 0x91, 0x29, 0x85, 0x2B, 0x02, 0x3C, 0xD0, 0xC3, 0x0D, 0x36, 0xC0, 0x3D, 0x26, 0xC2, 0x4E,
    0xA3, 0xF3, 0x97, 0x11, 0x24, 0x65, 0x5A, 0x69, 0x03, 0x23, 0x05, 0x24, 0xF9, 0x87, 0xA0, 0x48,
    0x9A, 0x8A, 0x81, 0x26, 0x1C, 0xFE, 0xEA, 0xB7, 0xC7, 0xC7, 0x7C, 0x2D, 0x06, 0xB0, 0x3C, 0xB1,
    0x4F, 0x3A, 0xF7, 0xC6, 0x6A, 0xEF, 0x94, 0x1A, 0x85, 0x5E, 0x29, 0xE7, 0xC6, 0x7D, 0x97, 0xDF,
    0xB1, 0xD4, 0xBF, 0x60, 0x84, 0xD5, 0xF0, 0xDC, 0xF8, 0xCF, 0x8D, 0xB7, 0xAF, 0xA6, 0x5E, 0x9C,
    0x12, 0x0C, 0x00, 0xED, 0x46, 0x27, 0xAC, 0xA6, 0x51, 0x3E, 0xDB, 0x1E, 0x9E, 0xCC, 0x4E, 0xF5,
    0x1A, 0xC8, 0x37, 0x50, 0x46, 0x75, 0xA0, 0x5E, 0xA1, 0x2C, 0x6D, 0x17, 0xC0, 0xCC, 0x07, 0x3C,
    0x7C, 0xDA, 0x4F, 0xF0, 0x83, 0x05, 0xAC, 0x00, 0x93, 0x80, 0x36, 0x02, 0xD5, 0xC6, 0x83, 0xEE,
    0xDF, 0x5B, 0x69, 0x25, 0xD1, 0x49, 0xC7, 0x0A, 0xB9, 0xD9, 0xFE, 0x98, 0xCC, 0x52, 0xF0, 0x6B,
    0xBE, 0xFE, 0xFD, 0x71, 0xCA, 0xA0, 0xD2, 0x8B, 0x8D, 0x0B, 0x35, 0x03, 0x9C, 0x66, 0xE8, 0x16,
    0x18, 0x3D, 0x08, 0x9A, 0x08, 0xA7, 0x15, 0xFA, 0x7F, 0x79, 0x0A, 0x30, 0x96, 0x1D, 0xBE, 0xCF,
    0x11, 0xFF, 0x53, 0xB7, 0xB7, 0x34, 0xDF, 0x52, 0x3A, 0x31, 0x11, 0xE8, 0x12, 0x60, 0x05, 0x8C,
    0x1A, 0x40, 0x76, 0x82, 0xBD, 0xF7, 0xD4, 0xD1, 0x2C, 0x34, 0x9B, 0x09, 0xB9, 0xB6, 0x5D, 0x31,
    0xA1, 0x89, 0x74, 0x73, 0x95, 0xB0, 0x1E, 0xD1, 0x0F, 0xBC, 0xA5, 0x82, 0x1B, 0x5A, 0x78, 0x89,
    0x9D, 0x70, 0xF4, 0x9E, 0x9D, 0x6E, 0xA9, 0x63, 0x29, 0x6E, 0xD7, 0xBC, 0xA4, 0x89, 0x26, 0x50,
    0xA7, 0x6E, 0x06, 0x59, 0x0F, 0xCE, 0x4D, 0x65, 0x1B, 0xFD, 0x0E, 0x74, 0x11, 0x30, 0x07, 0xF2,
    0x0A, 0xA8, 0x6E, 0x80, 0x1C, 0x09, 0xF6, 0x83, 0x39, 0xBF, 0xD4, 0x67, 0xBC, 0xBC, 0x27, 0xAA,
    0x4A, 0xDF, 0xF3, 0x06, 0xF8, 0x88, 0x9B, 0x72, 0x7D, 0x4B, 0xBC, 0x2E, 0x7D, 0xF6, 0x30, 0xE4,
    0x28, 0x04, 0x9E, 0x9E, 0x9C, 0x9C, 0x9E, 0xBE, 0xE8, 0x5E, 0x28, 0x9F, 0x1F, 0xB4, 0x00, 0xF0,
    0x21, 0x74, 0xD3, 0x79, 0x7C, 0x2D, 0x2D, 0xD9, 0x3F, 0xED, 0x25, 0x39, 0xDC, 0x4F, 0xF4, 0x50,
    0x03, 0xE0, 0xA4, 0xE2, 0xF3, 0xF9, 0x7C, 0x95, 0x64, 0x03, 0xC0, 0xD7, 0xD0, 0x6E, 0x30, 0xAE,
    0x34, 0x9A, 0xE9, 0x13, 0x75, 0x39, 0xB0, 0x0B, 0xD8, 0x0D, 0x5A, 0x4D, 0xE0, 0x56, 0x38, 0x69,
    0x00, 0x17, 0xE0, 0xB4, 0x59, 0x69, 0xCD, 0x31, 0x1D, 0xF1, 0x0C, 0xD0, 0x00, 0xE3, 0x0A, 0x9D,
    0xA0, 0xD2, 0x02, 0xDD, 0x4E, 0x49, 0xFA, 0xC0, 0xD1, 0x73, 0xF4, 0xBA, 0x8D, 0x63, 0xD6, 0xB8,
    0x41, 0x3E, 0x18, 0xA5, 0xC5, 0xA8, 0x04, 0x40, 0xFC, 0x1F, 0x57, 0x11, 0x29, 0x16, 0x3F, 0x47,
    0x83, 0x26, 0x37, 0x7C, 0xC2, 0x5F,
};

static const EpdGlyph edslab_14_boldGlyphs[] = {
    { 0, 0, 161, 0, 0, 0, 0 }, // U+0020
    { 5, 23, 120, 1, 22, 29, 0 }, // !
    { 8, 7, 176, 1, 22, 14, 29 }, // "
    { 21, 23, 391, 1, 22, 121, 43 }, // #
    { 17, 29, 313, 0, 25, 124, 164 }, // $
    { 25, 23, 456, 1, 22, 144, 288 }, // %
    { 19, 23, 359, 1, 22, 110, 432 }, // &
    { 4, 7, 109, 1, 22, 7, 542 }, // '
    { 11, 35, 219, 1, 28, 97, 549 }, // (
    { 11, 35, 219, 1, 28, 97, 646 }, // )
    { 12, 11, 219, 1, 25, 33, 743 }, // *
    { 10, 10, 200, 1, 13, 25, 776 }, // +
    { 5, 8, 121, 1, 4, 10, 801 }, // ,
    { 10, 4, 200, 1, 10, 10, 811 }, // -
    { 5, 5, 121, 1, 4, 7, 821 }, // .
    { 11, 29, 203, 1, 22, 80, 828 }, // /
    { 17, 23, 302, 1, 22, 98, 908 }, // 0
    { 9, 23, 189, 1, 22, 52, 1006 }, // 1
    { 16, 23, 281, 0, 22, 92, 1058 }, // 2
    { 17, 23, 292, 0, 22, 98, 1150 }, // 3
    { 16, 23, 290, 0, 22, 92, 1248 }, // 4
    { 17, 23, 289, 0, 22, 98, 1340 }, // 5
    { 16, 23, 293, 1, 22, 92, 1438 }, // 6
    { 15, 23, 279, 1, 22, 87, 1530 }, // 7
    { 16, 23, 296, 1, 22, 92, 1617 }, // 8
    { 16, 23, 278, 1, 22, 92, 1709 }, // 9
    { 5, 15, 120, 1, 14, 19, 1801 }, // :
    { 5, 19, 121, 1, 14, 24, 1820 }, // ;
    { 15, 15, 275, 0, 15, 57, 1844 }, // <
    { 10, 7, 200, 1, 11, 18, 1901 }, // =
    { 15, 15, 275, 1, 15, 57, 1919 }, // >
    { 15, 23, 277, 0, 22, 87, 1976 }, // ?
    { 27, 28, 469, 1, 24, 189, 2063 }, // @
    { 24, 23, 435, 1, 22, 138, 2252 }, // A
    { 20, 23, 354, 1, 22, 115, 2390 }, // B
    { 20, 23, 348, 1, 22, 115, 2505 }, // C
    { 23, 23, 392, 1, 22, 133, 2620 }, // D
    { 19, 23, 340, 1, 22, 110, 2753 }, // E
    { 19, 23, 341, 1, 22, 110, 2863 }, // F
    { 20, 23, 350, 1, 22, 115, 2973 }, // G
    { 23, 23, 424, 1, 22, 133, 3088 }, // H
    { 9, 23, 194, 1, 22, 52, 3221 }, // I
    { 15, 23, 280, 1, 22, 87, 3273 }, // J
    { 21, 23, 367, 1, 22, 121, 3360 }, // K
    { 19, 23, 344, 1, 22, 110, 3481 }, // L
    { 27, 23, 480, 1, 22, 156, 3591 }, // M
    { 23, 23, 424, 1, 22, 133, 3747 }, // N
    { 22, 23, 399, 1, 22, 127, 3880 }, // O
    { 20, 23, 354, 1, 22, 115, 4007 }, // P
    { 26, 28, 428, 1, 22, 182, 4122 }, // Q
    { 22, 23, 377, 1, 22, 127, 4304 }, // R
    { 17, 23, 302, 1, 22, 98, 4431 }, // S
    { 21, 23, 370, 1, 22, 121, 4529 }, // T
    { 24, 23, 436, 1, 22, 138, 4650 }, // U
    { 24, 23, 435, 1, 22, 138, 4788 }, // V
    { 35, 23, 610, 1, 22, 202, 4926 }, // W
    { 22, 23, 400, 1, 22, 127, 5128 }, // X
    { 21, 23, 382, 1, 22, 121, 5255 }, // Y
    { 18, 23, 335, 1, 22, 104, 5376 }, // Z
    { 8, 30, 163, 1, 23, 60, 5480 }, // [
    { 11, 29, 203, 1, 22, 80, 5540 }, // <backslash>
    { 9, 30, 177, 0, 23, 68, 5620 }, // ]
    { 14, 12, 275, 1, 23, 42, 5688 }, // ^
    { 13, 4, 251, 1, 1, 13, 5730 }, // _
    { 7, 7, 135, 0, 25, 13, 5743 }, // `
    { 15, 15, 262, 1, 14, 57, 5756 }, // a
    { 16, 25, 288, 1, 24, 100, 5813 }, // b
    { 14, 15, 243, 1, 14, 53, 5913 }, // c
    { 16, 26, 285, 1, 24, 104, 5966 }, // d
    { 13, 15, 233, 1, 14, 49, 6070 }, // e
    { 12, 26, 183, 0, 22, 78, 6119 }, // f
    { 17, 24, 277, 0, 14, 102, 6197 }, // g
    { 17, 26, 299, 1, 24, 111, 6299 }, // h
    { 8, 20, 147, 0, 19, 40, 6410 }, // i
    { 8, 27, 130, -1, 19, 54, 6450 }, // j
    { 17, 25, 298, 1, 24, 107, 6504 }, // k
    { 8, 25, 161, 1, 24, 50, 6611 }, // l
    { 25, 16, 421, 1, 14, 100, 6661 }, // m
    { 17, 16, 303, 1, 14, 68, 6761 }, // n
    { 15, 15, 259, 1, 14, 57, 6829 }, // o
    { 16, 22, 274, 0, 14, 88, 6886 }, // p
    { 16, 22, 250, 1, 14, 88, 6974 }, // q
    { 14, 15, 242, 1, 14, 53, 7062 }, // r
    { 13, 15, 206, 0, 14, 49, 7115 }, // s
    { 13, 21, 215, 0, 20, 69, 7164 }, // t
    { 17, 15, 287, 0, 14, 64, 7233 }, // u
    { 18, 15, 315, 0, 14, 68, 7297 }, // v
    { 26, 15, 445, 0, 14, 98, 7365 }, // w
    { 16, 15, 309, 1, 14, 60, 7463 }, // x
    { 18, 22, 315, 0, 14, 99, 7523 }, // y
    { 13, 15, 245, 1, 14, 49, 7622 }, // z
    { 9, 30, 152, 0, 23, 68, 7671 }, // {
    { 4, 32, 104, 1, 27, 32, 7739 }, // |
    { 10, 30, 152, 0, 23, 75, 7771 }, // }
    { 11, 5, 247, 1, 11, 14, 7846 }, // ~
    { 0, 0, 161, 0, 0, 0, 0 }, // U+00A0
    { 5, 23, 120, 1, 22, 29, 0 }, // U+00A1
    { 14, 19, 243, 1, 16, 67, 29 }, // U+00A2
    { 13, 26, 261, 1, 22, 85, 96 }, // U+00A3
    { 14, 14, 252, 0, 16, 49, 181 }, // U+00A4
    { 21, 23, 382, 1, 22, 121, 230 }, // U+00A5
    { 4, 23, 104, 1, 22, 23, 351 }, // U+00A6
    { 11, 20, 221, 1, 20, 55, 374 }, // U+00A7
    { 7, 4, 205, 2, 22, 7, 429 }, // U+00A8
    { 23, 24, 420, 2, 22, 138, 436 }, // U+00A9
    { 12, 10, 192, -1, 18, 30, 574 }, // U+00AA
    { 10, 12, 210, 1, 15, 30, 604 }, // U+00AB
    { 13, 8, 271, 2, 12, 26, 634 }, // U+00AC
    { 10, 4, 200, 1, 10, 10, 660 }, // U+00AD
    { 23, 25, 420, 2, 22, 144, 670 }, // U+00AE
    { 7, 4, 205, 2, 22, 7, 814 }, // U+00AF
    { 7, 7, 215, 2, 23, 13, 821 }, // U+00B0
    { 9, 15, 252, 3, 15, 34, 834 }, // U+00B1
    { 10, 14, 200, 1, 22, 35, 868 }, // U+00B2
    { 11, 14, 207, 0, 22, 39, 903 }, // U+00B3
    { 6, 4, 205, 3, 22, 6, 942 }, // U+00B4
    { 17, 22, 287, 0, 14, 94, 948 }, // U+00B5
    { 16, 25, 280, -1, 22, 100, 1042 }, // U+00B6
    { 5, 5, 121, 1, 11, 7, 1142 }, // U+00B7
    { 6, 4, 205, 3, -1, 6, 1149 }, // U+00B8
    { 6, 14, 142, 1, 22, 21, 1155 }, // U+00B9
    { 11, 10, 191, 0, 18, 28, 1176 }, // U+00BA
    { 10, 12, 210, 1, 15, 30, 1204 }, // U+00BB
    { 20, 25, 280, -1, 24, 125, 1234 }, // U+00BC
    { 20, 25, 280, -1, 24, 125, 1359 }, // U+00BD
    { 20, 25, 280, -1, 24, 125, 1484 }, // U+00BE
    { 15, 23, 277, 1, 22, 87, 1609 }, // U+00BF
    { 24, 25, 435, 1, 24, 150, 1696 }, // U+00C0
    { 24, 25, 435, 1, 24, 150, 1846 }, // U+00C1
    { 24, 25, 435, 1, 24, 150, 1996 }, // U+00C2
    { 24, 26, 435, 1, 25, 156, 2146 }, // U+00C3
    { 24, 26, 435, 1, 25, 156, 2302 }, // U+00C4
    { 24, 28, 435, 1, 27, 168, 2458 }, // U+00C5
    { 36, 23, 620, 1, 22, 207, 2626 }, // U+00C6
    { 20, 26, 348, 1, 22, 130, 2833 }, // U+00C7
    { 19, 25, 340, 1, 24, 119, 2963 }, // U+00C8
    { 19, 25, 340, 1, 24, 119, 3082 }, // U+00C9
    { 19, 25, 340, 1, 24, 119, 3201 }, // U+00CA
    { 19, 26, 340, 1, 25, 124, 3320 }, // U+00CB
    { 9, 25, 194, 1, 24, 57, 3444 }, // U+00CC
    { 9, 25, 194, 1, 24, 57, 3501 }, // U+00CD
    { 9, 25, 194, 1, 24, 57, 3558 }, // U+00CE
    { 9, 26, 194, 1, 25, 59, 3615 }, // U+00CF
    { 24, 23, 392, 0, 22, 138, 3674 }, // U+00D0
    { 23, 26, 424, 1, 25, 150, 3812 }, // U+00D1
    { 22, 25, 399, 1, 24, 138, 3962 }, // U+00D2
    { 22, 25, 399, 1, 24, 138, 4100 }, // U+00D3
    { 22, 26, 399, 1, 25, 143, 4238 }, // U+00D4
    { 22, 26, 399, 1, 25, 143, 4381 }, // U+00D5
    { 22, 25, 399, 1, 24, 138, 4524 }, // U+00D6
    { 11, 11, 252, 2, 14, 31, 4662 }, // U+00D7
    { 22, 27, 399, 1, 24, 149, 4693 }, // U+00D8
    { 24, 25, 436, 1, 24, 150, 4842 }, // U+00D9
    { 24, 25, 436, 1, 24, 150, 4992 }, // U+00DA
    { 24, 25, 436, 1, 24, 150, 5142 }, // U+00DB
    { 24, 26, 436, 1, 25, 156, 5292 }, // U+00DC
    { 21, 25, 382, 1, 24, 132, 5448 }, // U+00DD
    { 14, 23, 392, 1, 22, 81, 5580 }, // U+00DE
    { 13, 21, 271, 1, 20, 69, 5661 }, // U+00DF
    { 15, 18, 262, 1, 17, 68, 5730 }, // U+00E0
    { 15, 18, 262, 1, 17, 68, 5798 }, // U+00E1
    { 15, 18, 262, 1, 17, 68, 5866 }, // U+00E2
    { 15, 18, 262, 1, 17, 68, 5934 }, // U+00E3
    { 15, 18, 262, 1, 17, 68, 6002 }, // U+00E4
    { 15, 20, 262, 1, 19, 75, 6070 }, // U+00E5
    { 25, 15, 425, 1, 14, 94, 6145 }, // U+00E6
    { 14, 18, 243, 1, 14, 63, 6239 }, // U+00E7
    { 13, 18, 233, 1, 17, 59, 6302 }, // U+00E8
    { 13, 18, 233, 1, 17, 59, 6361 }, // U+00E9
    { 13, 18, 233, 1, 17, 59, 6420 }, // U+00EA
    { 13, 18, 233, 1, 17, 59, 6479 }, // U+00EB
    { 8, 18, 147, 0, 17, 36, 6538 }, // U+00EC
    { 8, 19, 147, 0, 18, 38, 6574 }, // U+00ED
    { 8, 19, 147, 0, 18, 38, 6612 }, // U+00EE
    { 8, 18, 147, 0, 17, 36, 6650 }, // U+00EF
    { 17, 26, 285, 1, 24, 111, 6686 }, // U+00F0
    { 17, 19, 303, 1, 17, 81, 6797 }, // U+00F1
    { 15, 18, 259, 1, 17, 68, 6878 }, // U+00F2
    { 15, 18, 259, 1, 17, 68, 6946 }, // U+00F3
    { 15, 18, 259, 1, 17, 68, 7014 }, // U+00F4
    { 15, 19, 259, 1, 18, 72, 7082 }, // U+00F5
    { 15, 18, 259, 1, 17, 68, 7154 }, // U+00F6
    { 9, 11, 252, 3, 14, 25, 7222 }, // U+00F7
    { 18, 19, 259, -1, 16, 86, 7247 }, // U+00F8
    { 17, 18, 287, 0, 17, 77, 7333 }, // U+00F9
    { 17, 18, 287, 0, 17, 77, 7410 }, // U+00FA
    { 17, 18, 287, 0, 17, 77, 7487 }, // U+00FB
    { 17, 18, 287, 0, 17, 77, 7564 }, // U+00FC
    { 18, 25, 315, 0, 17, 113, 7641 }, // U+00FD
    { 16, 32, 288, 1, 24, 128, 7754 }, // U+00FE
    { 18, 25, 315, 0, 17, 113, 7882 }, // U+00FF
    { 24, 25, 435, 1, 24, 150, 0 }, // U+0100
    { 15, 18, 262, 0, 17, 68, 150 }, // U+0101
    { 24, 26, 435, 1, 25, 156, 218 }, // U+0102
    { 15, 19, 262, 1, 18, 72, 374 }, // U+0103
    { 25, 27, 435, 1, 22, 169, 446 }, // U+0104
    { 15, 19, 262, 1, 14, 72, 615 }, // U+0105
    { 20, 25, 348, 1, 24, 125, 687 }, // U+0106
    { 14, 18, 243, 1, 17, 63, 812 }, // U+0107
    { 20, 26, 348, 1, 25, 130, 875 }, // U+0108
    { 14, 18, 243, 1, 17, 63, 1005 }, // U+0109
    { 20, 26, 348, 1, 25, 130, 1068 }, // U+010A
    { 14, 18, 243, 1, 17, 63, 1198 }, // U+010B
    { 20, 26, 348, 1, 25, 130, 1261 }, // U+010C
    { 14, 18, 243, 1, 17, 63, 1391 }, // U+010D
    { 23, 26, 392, 1, 25, 150, 1454 }, // U+010E
    { 19, 26, 285, 1, 24, 124, 1604 }, // U+010F
    { 24, 23, 392, 0, 22, 138, 1728 }, // U+0110
    { 17, 26, 285, 1, 24, 111, 1866 }, // U+0111
    { 19, 25, 340, 1, 24, 119, 1977 }, // U+0112
    { 13, 17, 233, 1, 16, 56, 2096 }, // U+0113
    { 19, 26, 340, 1, 25, 124, 2152 }, // U+0114
    { 13, 19, 233, 1, 18, 62, 2276 }, // U+0115
    { 19, 26, 340, 1, 25, 124, 2338 }, // U+0116
    { 13, 18, 233, 1, 17, 59, 2462 }, // U+0117
    { 19, 27, 340, 1, 22, 129, 2521 }, // U+0118
    { 13, 19, 233, 1, 14, 62, 2650 }, // U+0119
    { 19, 26, 340, 1, 25, 124, 2712 }, // U+011A
    { 13, 18, 233, 1, 17, 59, 2836 }, // U+011B
    { 20, 26, 350, 1, 25, 130, 2895 }, // U+011C
    { 17, 27, 277, 0, 17, 115, 3025 }, // U+011D
    { 20, 27, 350, 1, 26, 135, 3140 }, // U+011E
    { 17, 28, 277, 0, 18, 119, 3275 }, // U+011F
    { 20, 26, 350, 1, 25, 130, 3394 }, // U+0120
    { 17, 27, 277, 0, 17, 115, 3524 }, // U+0121
    { 20, 26, 350, 1, 22, 130, 3639 }, // U+0122
    { 17, 27, 277, 0, 14, 115, 3769 }, // U+0123
    { 23, 26, 424, 1, 25, 150, 3884 }, // U+0124
    { 17, 29, 299, 1, 27, 124, 4034 }, // U+0125
    { 24, 23, 424, 0, 22, 138, 4158 }, // U+0126
    { 18, 26, 299, 0, 24, 117, 4296 }, // U+0127
    { 10, 26, 194, 1, 25, 65, 4413 }, // U+0128
    { 10, 19, 147, 0, 18, 48, 4478 }, // U+0129
    { 9, 25, 194, 1, 24, 57, 4526 }, // U+012A
    { 9, 18, 147, -1, 17, 41, 4583 }, // U+012B
    { 9, 26, 194, 1, 25, 59, 4624 }, // U+012C
    { 8, 19, 147, 0, 18, 38, 4683 }, // U+012D
    { 9, 27, 194, 1, 22, 61, 4721 }, // U+012E
    { 8, 24, 147, 0, 19, 48, 4782 }, // U+012F
    { 9, 26, 194, 1, 25, 59, 4830 }, // U+0130
    { 8, 15, 147, 0, 14, 30, 4889 }, // U+0131
    { 25, 23, 436, 1, 22, 144, 4919 }, // U+0132
    { 14, 27, 244, 0, 19, 95, 5063 }, // U+0133
    { 15, 26, 280, 1, 25, 98, 5158 }, // U+0134
    { 8, 25, 130, -1, 17, 50, 5256 }, // U+0135
    { 21, 26, 367, 1, 22, 137, 5306 }, // U+0136
    { 17, 28, 298, 1, 24, 119, 5443 }, // U+0137
    { 19, 25, 344, 1, 24, 119, 5562 }, // U+0139
    { 8, 29, 161, 1, 27, 58, 5681 }, // U+013A
    { 19, 26, 344, 1, 22, 124, 5739 }, // U+013B
    { 8, 28, 161, 1, 24, 56, 5863 }, // U+013C
    { 19, 26, 344, 1, 25, 124, 5919 }, // U+013D
    { 11, 26, 161, 1, 24, 72, 6043 }, // U+013E
    { 23, 23, 414, 1, 22, 133, 6115 }, // U+013F
    { 12, 25, 231, 1, 24, 75, 6248 }, // U+0140
    { 20, 23, 344, 0, 22, 115, 6323 }, // U+0141
    { 10, 25, 161, 0, 24, 63, 6438 }, // U+0142
    { 23, 25, 424, 1, 24, 144, 6501 }, // U+0143
    { 17, 18, 303, 1, 16, 77, 6645 }, // U+0144
    { 23, 26, 424, 1, 22, 150, 6722 }, // U+0145
    { 17, 18, 303, 1, 14, 77, 6872 }, // U+0146
    { 23, 26, 424, 1, 25, 150, 6949 }, // U+0147
    { 17, 19, 303, 1, 17, 81, 7099 }, // U+0148
    { 22, 27, 303, -4, 25, 149, 7180 }, // U+0149
    { 24, 31, 424, 1, 22, 186, 7329 }, // U+014A
    { 18, 23, 303, 1, 14, 104, 7515 }, // U+014B
    { 22, 25, 399, 1, 24, 138, 7619 }, // U+014C
    { 15, 17, 259, 1, 16, 64, 7757 }, // U+014D
    { 22, 27, 399, 1, 26, 149, 7821 }, // U+014E
    { 15, 19, 259, 1, 18, 72, 7970 }, // U+014F
    { 22, 26, 399, 1, 25, 143, 8042 }, // U+0150
    { 15, 18, 259, 1, 17, 68, 8185 }, // U+0151
    { 39, 23, 664, 1, 22, 225, 8253 }, // U+0152
    { 26, 15, 431, 1, 14, 98, 8478 }, // U+0153
    { 22, 26, 377, 1, 25, 143, 8576 }, // U+0154
    { 14, 18, 242, 1, 17, 63, 8719 }, // U+0155
    { 22, 26, 377, 1, 22, 143, 8782 }, // U+0156
    { 14, 18, 242, 1, 14, 63, 8925 }, // U+0157
    { 22, 26, 377, 1, 25, 143, 8988 }, // U+0158
    { 14, 18, 242, 1, 17, 63, 9131 }, // U+0159
    { 17, 25, 302, 1, 24, 107, 9194 }, // U+015A
    { 13, 18, 206, 0, 17, 59, 9301 }, // U+015B
    { 17, 26, 302, 1, 25, 111, 9360 }, // U+015C
    { 13, 18, 206, 0, 17, 59, 9471 }, // U+015D
    { 17, 27, 302, 1, 22, 115, 9530 }, // U+015E
    { 13, 19, 206, 0, 14, 62, 9645 }, // U+015F
    { 17, 26, 302, 1, 25, 111, 9707 }, // U+0160
    { 13, 18, 206, 0, 17, 59, 9818 }, // U+0161
    { 21, 29, 370, 1, 22, 153, 9877 }, // U+0162
    { 13, 26, 215, 0, 20, 85, 10030 }, // U+0163
    { 21, 26, 370, 1, 25, 137, 10115 }, // U+0164
    { 16, 21, 215, 0, 20, 84, 10252 }, // U+0165
    { 21, 23, 370, 1, 22, 121, 10336 }, // U+0166
    { 12, 21, 215, 0, 20, 63, 10457 }, // U+0167
    { 24, 26, 436, 1, 25, 156, 10520 }, // U+0168
    { 17, 19, 287, 0, 18, 81, 10676 }, // U+0169
    { 24, 25, 436, 1, 24, 150, 10757 }, // U+016A
    { 17, 17, 287, 0, 16, 73, 10907 }, // U+016B
    { 24, 27, 436, 1, 26, 162, 10980 }, // U+016C
    { 17, 19, 287, 0, 18, 81, 11142 }, // U+016D
    { 24, 28, 436, 1, 27, 168, 11223 }, // U+016E
    { 17, 20, 287, 0, 19, 85, 11391 }, // U+016F
    { 24, 26, 436, 1, 25, 156, 11476 }, // U+0170
    { 17, 18, 287, 0, 17, 77, 11632 }, // U+0171
    { 24, 27, 436, 1, 22, 162, 11709 }, // U+0172
    { 17, 19, 287, 0, 14, 81, 11871 }, // U+0173
    { 35, 26, 610, 1, 25, 228, 11952 }, // U+0174
    { 26, 18, 445, 0, 17, 117, 12180 }, // U+0175
    { 21, 26, 382, 1, 25, 137, 12297 }, // U+0176
    { 18, 25, 315, 0, 17, 113, 12434 }, // U+0177
    { 21, 26, 382, 1, 25, 137, 12547 }, // U+0178
    { 18, 25, 335, 1, 24, 113, 12684 }, // U+0179
    { 13, 18, 245, 1, 17, 59, 12797 }, // U+017A
    { 18, 26, 335, 1, 25, 117, 12856 }, // U+017B
    { 13, 18, 245, 1, 17, 59, 12973 }, // U+017C
    { 18, 26, 335, 1, 25, 117, 13032 }, // U+017D
    { 13, 18, 245, 1, 17, 59, 13149 }, // U+017E
    { 24, 26, 435, 1, 25, 156, 0 }, // U+01CD
    { 15, 21, 262, 1, 20, 79, 156 }, // U+01CE
    { 9, 26, 194, 1, 25, 59, 235 }, // U+020A
    { 9, 21, 147, -1, 20, 48, 294 }, // U+020B
    { 17, 27, 302, 1, 22, 115, 342 }, // U+0218
    { 13, 19, 206, 0, 14, 62, 457 }, // U+0219
    { 21, 29, 370, 1, 22, 153, 519 }, // U+021A
    { 13, 26, 215, 0, 20, 85, 672 }, // U+021B
    { 5, 8, 0, -1, 22, 10, 0 }, // U+0301
    { 5, 8, 0, -1, 22, 10, 10 }, // U+0312
    { 5, 8, 0, -1, 22, 10, 20 }, // U+0313
    { 5, 8, 0, -1, 22, 10, 30 }, // U+0314
    { 5, 8, 0, -1, 22, 10, 40 }, // U+0315
    { 5, 8, 0, -1, 22, 10, 50 }, // U+0341
    { 5, 8, 0, -1, 22, 10, 60 }, // U+0343
    { 19, 27, 336, 1, 26, 129, 0 }, // U+0401
    { 20, 23, 338, 1, 22, 115, 129 }, // U+0404
    { 9, 23, 189, 1, 22, 52, 244 }, // U+0406
    { 11, 27, 189, 0, 26, 75, 296 }, // U+0407
    { 24, 23, 435, 1, 22, 138, 371 }, // U+0410
    { 20, 23, 354, 1, 22, 115, 509 }, // U+0411
    { 20, 23, 354, 1, 22, 115, 624 }, // U+0412
    { 17, 23, 313, 1, 22, 98, 739 }, // U+0413
    { 21, 27, 392, 1, 22, 142, 837 }, // U+0414
    { 19, 23, 340, 1, 22, 110, 979 }, // U+0415
    { 34, 23, 542, -1, 22, 196, 1089 }, // U+0416
    { 18, 23, 309, 0, 22, 104, 1285 }, // U+0417
    { 23, 23, 424, 1, 22, 133, 1389 }, // U+0418
    { 23, 29, 424, 1, 28, 167, 1522 }, // U+0419
    { 21, 23, 363, 1, 22, 121, 1689 }, // U+041A
    { 22, 23, 391, 1, 22, 127, 1810 }, // U+041B
    { 27, 23, 480, 1, 22, 156, 1937 }, // U+041C
    { 23, 23, 424, 1, 22, 133, 2093 }, // U+041D
    { 22, 23, 389, 1, 22, 127, 2226 }, // U+041E
    { 23, 23, 424, 1, 22, 133, 2353 }, // U+041F
    { 20, 23, 354, 1, 22, 115, 2486 }, // U+0420
    { 20, 23, 338, 1, 22, 115, 2601 }, // U+0421
    { 21, 23, 370, 1, 22, 121, 2716 }, // U+0422
    { 23, 23, 409, 1, 22, 133, 2837 }, // U+0423
    { 24, 26, 394, 1, 24, 156, 2970 }, // U+0424
    { 22, 23, 400, 1, 22, 127, 3126 }, // U+0425
    { 23, 27, 424, 1, 22, 156, 3253 }, // U+0426
    { 21, 23, 386, 1, 22, 121, 3409 }, // U+0427
    { 34, 23, 576, 1, 22, 196, 3530 }, // U+0428
    { 33, 27, 576, 1, 22, 223, 3726 }, // U+0429
    { 22, 23, 386, 1, 22, 127, 3949 }, // U+042A
    { 30, 23, 526, 1, 22, 173, 4076 }, // U+042B
    { 20, 23, 349, 1, 22, 115, 4249 }, // U+042C
    { 21, 23, 334, -1, 22, 121, 4364 }, // U+042D
    { 32, 23, 539, 1, 22, 184, 4485 }, // U+042E
    { 22, 23, 377, -1, 22, 127, 4669 }, // U+042F
    { 15, 15, 248, 1, 14, 57, 4796 }, // U+0430
    { 14, 21, 229, 0, 20, 74, 4853 }, // U+0431
    { 14, 15, 255, 1, 14, 53, 4927 }, // U+0432
    { 13, 15, 243, 1, 14, 49, 4980 }, // U+0433
    { 17, 18, 302, 1, 14, 77, 5029 }, // U+0434
    { 13, 15, 219, 1, 14, 49, 5106 }, // U+0435
    { 26, 15, 420, 0, 14, 98, 5155 }, // U+0436
    { 13, 15, 214, 0, 14, 49, 5253 }, // U+0437
    { 16, 15, 294, 0, 14, 60, 5302 }, // U+0438
    { 16, 21, 294, 0, 20, 84, 5362 }, // U+0439
    { 17, 15, 297, 1, 14, 64, 5446 }, // U+043A
    { 17, 15, 295, -1, 14, 64, 5510 }, // U+043B
    { 20, 15, 370, 1, 14, 75, 5574 }, // U+043C
    { 16, 15, 307, 1, 14, 60, 5649 }, // U+043D
    { 15, 15, 259, 1, 14, 57, 5709 }, // U+043E
    { 16, 15, 307, 1, 14, 60, 5766 }, // U+043F
    { 16, 22, 283, 1, 14, 88, 5826 }, // U+0440
    { 14, 15, 234, 1, 14, 53, 5914 }, // U+0441
    { 14, 15, 257, 0, 14, 53, 5967 }, // U+0442
    { 18, 22, 305, 0, 14, 99, 6020 }, // U+0443
    { 17, 29, 303, 1, 21, 124, 6119 }, // U+0444
    { 16, 15, 309, 1, 14, 60, 6243 }, // U+0445
    { 16, 18, 307, 1, 14, 72, 6303 }, // U+0446
    { 15, 15, 286, 1, 14, 57, 6375 }, // U+0447
    { 22, 15, 402, 1, 14, 83, 6432 }, // U+0448
    { 22, 18, 402, 1, 14, 99, 6515 }, // U+0449
    { 16, 15, 274, 0, 14, 60, 6614 }, // U+044A
    { 21, 15, 377, 1, 14, 79, 6674 }, // U+044B
    { 14, 15, 252, 1, 14, 53, 6753 }, // U+044C
    { 14, 15, 234, 0, 14, 53, 6806 }, // U+044D
    { 22, 15, 376, 1, 14, 83, 6859 }, // U+044E
    { 16, 15, 277, 0, 14, 60, 6942 }, // U+044F
    { 13, 20, 224, 1, 19, 65, 7002 }, // U+0451
    { 14, 15, 234, 1, 14, 53, 7067 }, // U+0454
    { 8, 20, 147, 0, 19, 40, 7120 }, // U+0456
    { 8, 20, 147, 0, 19, 40, 7160 }, // U+0457
    { 17, 24, 313, 1, 23, 102, 7200 }, // U+0490
    { 13, 16, 243, 1, 15, 52, 7302 }, // U+0491
    { 0, 0, 233, 0, 0, 0, 0 }, // U+2002
    { 0, 0, 467, 0, 0, 0, 0 }, // U+2003
    { 0, 0, 93, 0, 0, 0, 0 }, // U+2009
    { 10, 4, 200, 1, 10, 10, 0 }, // U+2010
    { 10, 4, 200, 1, 10, 10, 10 }, // U+2011
    { 12, 4, 252, 1, 10, 12, 20 }, // U+2012
    { 12, 4, 252, 1, 10, 12, 32 }, // U+2013
    { 26, 4, 485, 0, 10, 26, 44 }, // U+2014
    { 30, 4, 485, 0, 10, 30, 70 }, // U+2015
    { 8, 23, 259, 4, 22, 46, 100 }, // U+2016
    { 5, 8, 121, 1, 22, 10, 146 }, // U+2018
    { 5, 8, 121, 1, 22, 10, 156 }, // U+2019
    { 5, 8, 121, 1, 4, 10, 166 }, // U+201A
    { 5, 8, 121, 1, 22, 10, 176 }, // U+201B
    { 10, 8, 187, 1, 22, 20, 186 }, // U+201C
    { 10, 8, 187, 1, 22, 20, 206 }, // U+201D
    { 9, 8, 187, 1, 4, 18, 226 }, // U+201E
    { 10, 8, 187, 1, 22, 20, 244 }, // U+201F
    { 8, 24, 269, 4, 22, 48, 264 }, // U+2020
    { 8, 24, 269, 4, 22, 48, 312 }, // U+2021
    { 10, 10, 215, 1, 14, 25, 360 }, // U+2022
    { 9, 12, 233, 3, 15, 27, 385 }, // U+2023
    { 5, 5, 121, 1, 4, 7, 412 }, // U+2024
    { 5, 5, 121, 1, 4, 7, 419 }, // U+2025
    { 19, 5, 359, 1, 4, 24, 426 }, // U+2026
    { 5, 5, 121, 1, 11, 7, 450 }, // U+2027
    { 29, 23, 593, 1, 22, 167, 457 }, // U+2030
    { 6, 10, 135, 0, 23, 15, 624 }, // U+2032
    { 10, 10, 191, 0, 23, 25, 639 }, // U+2033
    { 13, 10, 247, 0, 23, 33, 664 }, // U+2034
    { 6, 9, 121, -1, 22, 14, 697 }, // U+2035
    { 6, 12, 145, 1, 15, 18, 711 }, // U+2039
    { 6, 12, 145, 1, 15, 18, 729 }, // U+203A
    { 11, 4, 252, 2, 11, 11, 747 }, // U+2043
    { 10, 18, 159, 2, 16, 45, 758 }, // U+2044
    { 10, 10, 215, 1, 14, 25, 803 }, // U+204C
    { 10, 10, 215, 1, 14, 25, 828 }, // U+204D
    { 10, 10, 215, 1, 14, 25, 853 }, // U+2055
    { 11, 15, 212, 0, 23, 42, 0 }, // U+2070
    { 10, 14, 205, 0, 22, 35, 42 }, // U+2074
    { 11, 14, 204, -1, 22, 39, 77 }, // U+2075
    { 11, 14, 207, 0, 22, 39, 116 }, // U+2076
    { 9, 14, 198, 1, 22, 32, 155 }, // U+2077
    { 10, 14, 209, 1, 22, 35, 187 }, // U+2078
    { 10, 14, 198, 0, 22, 35, 222 }, // U+2079
    { 8, 8, 187, 1, 17, 16, 257 }, // U+207A
    { 8, 3, 187, 1, 14, 6, 273 }, // U+207B
    { 11, 15, 212, 0, 11, 42, 279 }, // U+2080
    { 6, 14, 142, 1, 10, 21, 321 }, // U+2081
    { 10, 14, 200, 1, 10, 35, 342 }, // U+2082
    { 11, 14, 207, 0, 10, 39, 377 }, // U+2083
    { 10, 14, 205, 0, 10, 35, 416 }, // U+2084
    { 11, 14, 204, -1, 10, 39, 451 }, // U+2085
    { 11, 14, 207, 0, 10, 39, 490 }, // U+2086
    { 9, 14, 198, 1, 10, 32, 529 }, // U+2087
    { 10, 14, 209, 1, 10, 35, 561 }, // U+2088
    { 10, 14, 198, 0, 10, 35, 596 }, // U+2089
    { 8, 8, 187, 1, 5, 16, 631 }, // U+208A
    { 8, 3, 187, 1, 2, 6, 647 }, // U+208B
    { 36, 23, 610, 1, 22, 207, 0 }, // U+20A9
    { 24, 23, 386, 0, 22, 138, 207 }, // U+20AC
    { 22, 23, 354, -1, 22, 127, 345 }, // U+20B1
    { 18, 23, 302, 0, 22, 104, 472 }, // U+20B4
    { 21, 23, 370, 1, 22, 121, 576 }, // U+20B8
    { 23, 22, 377, 0, 21, 127, 697 }, // U+20B9
    { 21, 23, 344, -1, 22, 121, 824 }, // U+20BA
    { 21, 23, 354, 0, 22, 121, 945 }, // U+20BD
    { 20, 29, 354, 1, 25, 145, 1066 }, // U+20BF
    { 17, 7, 289, -3, 12, 30, 0 }, // U+2190
    { 9, 22, 275, 4, 22, 50, 30 }, // U+2191
    { 16, 7, 289, 1, 12, 28, 80 }, // U+2192
    { 9, 21, 275, 4, 17, 48, 108 }, // U+2193
    { 17, 7, 280, -1, 12, 30, 156 }, // U+2194
    { 9, 30, 275, 4, 24, 68, 186 }, // U+2195
    { 15, 16, 299, 1, 17, 60, 254 }, // U+2196
    { 15, 16, 299, 1, 17, 60, 314 }, // U+2197
    { 15, 17, 299, 1, 17, 64, 374 }, // U+2198
    { 15, 17, 299, 1, 17, 64, 438 }, // U+2199
    { 17, 12, 299, 0, 15, 51, 502 }, // U+21D0
    { 12, 17, 299, 3, 18, 51, 553 }, // U+21D1
    { 17, 12, 299, 1, 15, 51, 604 }, // U+21D2
    { 12, 17, 299, 3, 17, 51, 655 }, // U+21D3
    { 20, 12, 299, -1, 15, 60, 706 }, // U+21D4
    { 24, 22, 435, 1, 21, 132, 0 }, // U+2200
    { 20, 22, 340, 0, 21, 110, 132 }, // U+2203
    { 13, 14, 289, 2, 16, 46, 242 }, // U+2205
    { 16, 15, 299, 1, 17, 60, 288 }, // U+2206
    { 16, 16, 299, 1, 16, 64, 348 }, // U+2207
    { 21, 23, 348, 0, 22, 121, 412 }, // U+2208
    { 13, 4, 280, 2, 10, 13, 533 }, // U+2212
    { 9, 14, 252, 3, 15, 32, 546 }, // U+2213
    { 12, 12, 219, 0, 25, 36, 578 }, // U+2217
    { 9, 9, 205, 1, 13, 21, 614 }, // U+2218
    { 10, 10, 215, 1, 14, 25, 635 }, // U+2219
    { 17, 15, 299, 0, 18, 64, 660 }, // U+221A
    { 18, 11, 308, 0, 14, 50, 724 }, // U+221E
    { 15, 17, 271, 1, 18, 64, 774 }, // U+2220
    { 8, 16, 266, 4, 17, 32, 838 }, // U+2225
    { 17, 16, 289, 0, 17, 68, 870 }, // U+2227
    { 17, 16, 289, 0, 17, 68, 938 }, // U+2228
    { 12, 14, 299, 3, 15, 42, 1006 }, // U+2234
    { 12, 14, 299, 3, 15, 42, 1048 }, // U+2235
    { 8, 10, 200, 1, 14, 20, 1090 }, // U+2248
    { 10, 13, 200, 1, 14, 33, 1110 }, // U+2260
    { 12, 12, 289, 2, 15, 36, 1143 }, // U+2261
    { 15, 17, 275, 0, 15, 64, 1179 }, // U+2264
    { 15, 17, 275, 1, 15, 64, 1243 }, // U+2265
    { 11, 16, 285, 3, 17, 44, 1307 }, // U+22A5
    { 5, 5, 121, 1, 11, 7, 1351 }, // U+22C5
};

static const EpdUnicodeInterval edslab_14_boldIntervals[] = {
    { 0x20, 0x7E, 0x0 },
    { 0xA0, 0x137, 0x5F },
    { 0x139, 0x17E, 0xF7 },
    { 0x1CD, 0x1CE, 0x13D },
    { 0x20A, 0x20B, 0x13F },
    { 0x218, 0x21B, 0x141 },
    { 0x301, 0x301, 0x145 },
    { 0x312, 0x315, 0x146 },
    { 0x341, 0x341, 0x14A },
    { 0x343, 0x343, 0x14B },
    { 0x401, 0x401, 0x14C },
    { 0x404, 0x404, 0x14D },
    { 0x406, 0x407, 0x14E },
    { 0x410, 0x44F, 0x150 },
    { 0x451, 0x451, 0x190 },
    { 0x454, 0x454, 0x191 },
    { 0x456, 0x457, 0x192 },
    { 0x490, 0x491, 0x194 },
    { 0x2002, 0x2003, 0x196 },
    { 0x2009, 0x2009, 0x198 },
    { 0x2010, 0x2016, 0x199 },
    { 0x2018, 0x2027, 0x1A0 },
    { 0x2030, 0x2030, 0x1B0 },
    { 0x2032, 0x2035, 0x1B1 },
    { 0x2039, 0x203A, 0x1B5 },
    { 0x2043, 0x2044, 0x1B7 },
    { 0x204C, 0x204D, 0x1B9 },
    { 0x2055, 0x2055, 0x1BB },
    { 0x2070, 0x2070, 0x1BC },
    { 0x2074, 0x207B, 0x1BD },
    { 0x2080, 0x208B, 0x1C5 },
    { 0x20A9, 0x20A9, 0x1D1 },
    { 0x20AC, 0x20AC, 0x1D2 },
    { 0x20B1, 0x20B1, 0x1D3 },
    { 0x20B4, 0x20B4, 0x1D4 },
    { 0x20B8, 0x20BA, 0x1D5 },
    { 0x20BD, 0x20BD, 0x1D8 },
    { 0x20BF, 0x20BF, 0x1D9 },
    { 0x2190, 0x2199, 0x1DA },
    { 0x21D0, 0x21D4, 0x1E4 },
    { 0x2200, 0x2200, 0x1E9 },
    { 0x2203, 0x2203, 0x1EA },
    { 0x2205, 0x2208, 0x1EB },
    { 0x2212, 0x2213, 0x1EF },
    { 0x2217, 0x221A, 0x1F1 },
    { 0x221E, 0x221E, 0x1F5 },
    { 0x2220, 0x2220, 0x1F6 },
    { 0x2225, 0x2225, 0x1F7 },
    { 0x2227, 0x2228, 0x1F8 },
    { 0x2234, 0x2235, 0x1FA },
    { 0x2248, 0x2248, 0x1FC },
    { 0x2260, 0x2261, 0x1FD },
    { 0x2264, 0x2265, 0x1FF },
    { 0x22A5, 0x22A5, 0x201 },
    { 0x22C5, 0x22C5, 0x202 },
};

static const EpdFontGroup edslab_14_boldGroups[] = {
    { 0, 3381, 8543, 95, 0 },
    { 3381, 2696, 8629, 96, 95 },
    { 6077, 3905, 14391, 126, 191 },
    { 9982, 394, 870, 8, 317 },
    { 10376, 20, 112, 7, 325 },
    { 10396, 2762, 7897, 74, 332 },
    { 13158, 456, 1027, 38, 406 },
    { 13614, 322, 750, 21, 444 },
    { 13936, 571, 1289, 9, 465 },
    { 14507, 371, 863, 15, 474 },
    { 14878, 680, 1474, 26, 489 },
};

static const uint16_t edslab_14_boldKernLeftCodepoints[] = {
    0x0020, 0x0022, 0x002D, 0x0030, 0x0031, 0x0032, 0x0033, 0x0034, 0x0035, 0x0036, 0x0037, 0x0038,
    0x0039, 0x0041, 0x0042, 0x0043, 0x0044, 0x0045, 0x0046, 0x0047, 0x0048, 0x0049, 0x004A, 0x004B,
    0x004C, 0x004D, 0x004E, 0x004F, 0x0050, 0x0051, 0x0052, 0x0053, 0x0054, 0x0055, 0x0056, 0x0057,
    0x0059, 0x005A, 0x0061, 0x0062, 0x0063, 0x0064, 0x0065, 0x0066, 0x0067, 0x0068, 0x0069, 0x006A,
    0x006B, 0x006C, 0x006D, 0x006E, 0x006F, 0x0070, 0x0071, 0x0072, 0x0073, 0x0074, 0x0075, 0x0076,
    0x0077, 0x0079, 0x007A, 0x0401, 0x0410, 0x0411, 0x0412, 0x0413, 0x0414, 0x0415, 0x0416, 0x0417,
    0x0418, 0x0419, 0x041A, 0x041B, 0x041C, 0x041D, 0x041E, 0x041F, 0x0420, 0x0421, 0x0422, 0x0423,
    0x0424, 0x0425, 0x0426, 0x0427, 0x0428, 0x0429, 0x042A, 0x042B, 0x042C, 0x042D, 0x042E, 0x042F,
    0x0430, 0x0431, 0x0432, 0x0433, 0x0434, 0x0435, 0x0436, 0x0437, 0x0438, 0x0439, 0x043A, 0x043B,
    0x043C, 0x043D, 0x043E, 0x043F, 0x0440, 0x0441, 0x0442, 0x0443, 0x0444, 0x0445, 0x0446, 0x0447,
    0x0448, 0x0449, 0x044A, 0x044B, 0x044C, 0x044D, 0x044E, 0x044F, 0x0451,
};

static const uint8_t edslab_14_boldKernLeftClassIds[] = {
      1,   2,   3,   4,   5,   6,   7,   8,   9,  10,  11,  12,  13,  14,  15,  16,
     17,  18,  19,  20,  21,  22,  23,  24,  25,  26,  27,  28,  29,  30,  31,  32,
     33,  34,  35,  36,  37,  38,  39,  40,  41,  42,  43,  44,  45,  46,  47,  48,
     49,  50,  51,  52,  53,  54,  55,  56,  57,  58,  59,  60,  61,  62,  63,  64,
     65,  66,  67,  68,  69,  70,  71,  72,  73,  74,  75,  76,  77,  78,  79,  80,
     81,  82,  83,  84,  85,  86,  87,  88,  89,  90,  91,  92,  93,  94,  95,  96,
     97,  98,  99, 100, 101, 102, 103, 104, 105, 106, 107, 108, 109, 110, 111, 112,
    113, 114, 115, 116, 117, 118, 119, 120, 121, 122, 123, 124, 125, 126, 127, 128,
    129,
};

static const uint16_t edslab_14_boldKernRightCodepoints[] = {
    0x0022, 0x002D, 0x0030, 0x0031, 0x0032, 0x0033, 0x0034, 0x0035, 0x0036, 0x0037, 0x0038, 0x0039,
    0x0041, 0x0042, 0x0043, 0x0044, 0x0045, 0x0046, 0x0047, 0x0048, 0x0049, 0x004A, 0x004B, 0x004C,
    0x004D, 0x004E, 0x004F, 0x0050, 0x0051, 0x0052, 0x0053, 0x0054, 0x0055, 0x0056, 0x0057, 0x0059,
    0x005A, 0x0061, 0x0062, 0x0063, 0x0064, 0x0065, 0x0066, 0x0067, 0x0068, 0x0069, 0x006A, 0x006B,
    0x006C, 0x006D, 0x006E, 0x006F, 0x0070, 0x0071, 0x0072, 0x0073, 0x0074, 0x0075, 0x0076, 0x0077,
    0x0079, 0x007A, 0x0401, 0x0410, 0x0411, 0x0412, 0x0413, 0x0414, 0x0415, 0x0416, 0x0417, 0x0418,
    0x0419, 0x041A, 0x041B, 0x041C, 0x041D, 0x041E, 0x041F, 0x0420, 0x0421, 0x0422, 0x0423, 0x0424,
    0x0425, 0x0426, 0x0427, 0x0428, 0x0429, 0x042A, 0x042B, 0x042C, 0x042D, 0x042E, 0x042F, 0x0430,
    0x0431, 0x0432, 0x0433, 0x0434, 0x0435, 0x0436, 0x0437, 0x0438, 0x0439, 0x043A, 0x043B, 0x043C,
    0x043D, 0x043E, 0x043F, 0x0440, 0x0441, 0x0442, 0x0443, 0x0444, 0x0445, 0x0446, 0x0447, 0x0448,
    0x0449, 0x044A, 0x044B, 0x044C, 0x044D, 0x044E, 0x044F, 0x0451, 0x2025,
};

static const uint8_t edslab_14_boldKernRightClassIds[] = {
      1,   2,   3,   4,   5,   6,   7,   8,   9,  10,  11,  12,  13,  14,  15,  16,
     17,  18,  19,  20,  21,  22,  23,  24,  25,  26,  27,  28,  29,  30,  31,  32,
     33,  34,  35,  36,  37,  38,  39,  40,  41,  42,  43,  44,  45,  46,  47,  48,
     49,  50,  51,  52,  53,  54,  55,  56,  57,  58,  59,  60,  61,  62,  63,  64,
     65,  66,  67,  68,  69,  70,  71,  72,  73,  74,  75,  76,  77,  78,  79,  80,
     81,  82,  83,  84,  85,  86,  87,  88,  89,  90,  91,  92,  93,  94,  95,  96,
     97,  98,  99, 100, 101, 102, 103, 104, 105, 106, 107, 108, 109, 110, 111, 112,
    113, 114, 115, 116, 117, 118, 119, 120, 121, 122, 123, 124, 125, 126, 127, 128,
    129,
};

static const uint16_t edslab_14_boldKernRowOffsets[] = {
        0,     1,    77,   192,   204,   216,   228,   238,   248,   257,   267,   279,   290,   300,   355,   403,
      451,   501,   531,   582,   625,   659,   699,   731,   782,   827,   869,   921,   969,  1018,  1072,  1114,
     1160,  1214,  1268,  1322,  1376,  1430,  1480,  1508,  1530,  1556,  1584,  1608,  1636,  1665,  1692,  1720,
     1744,  1773,  1801,  1827,  1854,  1880,  1906,  1929,  1954,  1977,  2001,  2029,  2057,  2085,  2113,  2135,
     2153,  2220,  2267,  2314,  2380,  2427,  2446,  2506,  2557,  2598,  2634,  2684,  2718,  2752,  2787,  2840,
     2876,  2920,  2978,  3032,  3098,  3146,  3199,  3248,  3298,  3333,  3376,  3432,  3465,  3515,  3565,  3614,
     3650,  3674,  3696,  3721,  3748,  3782,  3807,  3841,  3864,  3898,  3928,  3955,  3989,  4009,  4033,  4064,
     4091,  4121,  4150,  4185,  4220,  4250,  4277,  4310,  4343,  4377,  4411,  4443,  4471,  4500,  4528,  4559,
     4593,  4621,
};

static const uint8_t edslab_14_boldKernSparseCols[] = {
     81,   2,   4,   5,   6,   7,   8,  10,  12,  14,  18,  21,  26,  28,  30,  37,
     38,  39,  40,  41,  42,  43,  44,  45,  46,  47,  48,  49,  50,  51,  52,  53,
     54,  55,  60,  61,  63,  67,  69,  70,  74,  77,  80,  83,  92,  94,  95,  96,
     97,  98,  99, 100, 101, 102, 105, 106, 107, 108, 109, 110, 111, 112, 113, 114,
    115, 116, 117, 118, 119, 120, 121, 122, 123, 124, 125, 126, 127,   3,   4,   5,
      6,   7,   8,   9,  10,  12,  13,  14,  15,  16,  17,  18,  19,  20,  21,  22,
     23,  24,  25,  26,  27,  29,  30,  31,  32,  33,  34,  35,  36,  37,  38,  39,
     42,  44,  45,  46,  47,  48,  49,  50,  51,  52,  53,  54,  55,  56,  57,  58,
     59,  60,  61,  62,  63,  64,  65,  66,  67,  68,  70,  71,  72,  73,  74,  75,
     76,  78,  79,  80,  81,  82,  83,  84,  85,  86,  87,  88,  89,  90,  91,  92,
     93,  94,  96,  97,  98,  99, 100, 101, 102, 103, 105, 106, 107, 108, 109, 110,
    111, 112, 113, 114, 116, 117, 118, 119, 120, 121, 122, 123, 124, 125, 126, 127,
      0,   1,   2,   4,   5,   6,   7,   8,   9,  10,  11, 128,   0,   1,   2,   3,
      4,   5,   6,   7,   8,   9,  10,  11,   0,   1,   2,   3,   4,   5,   6,   7,
      8,   9,  10,  11,   1,   2,   3,   4,   5,   6,   7,   8,   9, 128,   0,   1,
      2,   3,   4,   5,   6,   7,   9,  10,   1,   4,   5,   6,   7,   9,  10,  11,
    128,   1,   2,   3,   4,   5,   7,   9,  10,  11, 128,   1,   2,   3,   4,   5,
      6,   7,   8,   9,  10,  11, 128,   0,   1,   2,   3,   4,   5,   7,   9,  10,
     11, 128,   1,   2,   4,   5,   6,   7,   8,   9,  10, 128,   0,   1,  12,  13,
     14,  15,  16,  17,  18,  19,  20,  21,  22,  23,  24,  25,  26,  27,  28,  29,
     30,  31,  32,  33,  34,  35,  36,  37,  38,  39,  40,  41,  42,  43,  44,  45,
     46,  47,  48,  49,  50,  51,  52,  53,  54,  55,  56,  57,  58,  59,  60,  61,
     84, 116, 128,   1,  12,  13,  14,  15,  16,  17,  19,  20,  21,  22,  23,  24,
     25,  26,  27,  28,  29,  31,  32,  33,  34,  35,  36,  37,  38,  39,  40,  41,
     42,  43,  44,  45,  46,  47,  48,  49,  50,  51,  52,  53,  54,  55,  56,  60,
     84, 116, 128,   0,   1,  12,  13,  14,  15,  16,  17,  18,  19,  22,  23,  24,
     25,  26,  27,  29,  30,  31,  32,  33,  34,  35,  36,  37,  38,  41,  42,  43,
     44,  45,  46,  47,  48,  49,  50,  51,  52,  54,  56,  57,  58,  59,  60,  61,
     84, 116, 128,   1,  12,  13,  14,  16,  17,  18,  19,  20,  21,  22,  23,  24,
     25,  26,  27,  28,  29,  30,  31,  32,  33,  34,  35,  36,  37,  38,  39,  40,
     41,  42,  43,  44,  45,  46,  47,  49,  50,  51,  52,  53,  55,  56,  57,  58,
     59,  60,  84, 116, 128,   1,  12,  14,  18,  23,  26,  28,  31,  32,  33,  34,
     35,  37,  38,  43,  45,  46,  47,  48,  50,  51,  52,  53,  55,  56,  57,  58,
     59,  60, 116,   1,  12,  13,  14,  15,  16,  17,  18,  19,  20,  21,  22,  25,
     26,  27,  28,  29,  31,  32,  33,  34,  35,  36,  37,  38,  39,  40,  41,  42,
     43,  44,  45,  46,  47,  48,  49,  50,  51,  52,  53,  54,  55,  56,  57,  58,
     59,  60,  61,  84, 116, 128,   0,   1,  12,  13,  14,  15,  16,  17,  18,  19,
     20,  21,  22,  23,  24,  25,  27,  29,  30,  31,  32,  33,  34,  35,  36,  38,
     42,  43,  44,  46,  47,  48,  49,  50,  52,  54,  55,  58,  60,  61,  84, 116,
    128,   1,  12,  14,  18,  21,  26,  28,  30,  31,  32,  33,  34,  35,  36,  37,
     38,  39,  40,  41,  49,  50,  51,  52,  53,  54,  55,  56,  57,  58,  59,  60,
     61,  84, 116,   1,  12,  14,  18,  21,  26,  28,  30,  31,  32,  33,  34,  35,
     37,  38,  39,  40,  41,  42,  43,  44,  45,  46,  47,  48,  49,  50,  51,  52,
     53,  54,  55,  56,  57,  58,  59,  60,  61,  84, 116,   0,   1,  12,  26,  28,
     30,  31,  33,  34,  35,  36,  37,  38,  40,  41,  42,  43,  44,  45,  46,  47,
     48,  49,  50,  54,  55,  57,  60,  61,  84, 116, 128,   1,  12,  14,  15,  17,
     18,  19,  20,  21,  22,  23,  24,  25,  26,  27,  28,  29,  30,  31,  32,  33,
     34,  35,  36,  37,  38,  39,  40,  41,  42,  43,  44,  45,  46,  47,  48,  49,
     50,  51,  52,  53,  54,  55,  56,  57,  58,  59,  60,  61,  84, 116,   0,   1,
     12,  13,  14,  15,  16,  18,  19,  21,  22,  24,  25,  26,  28,  29,  30,  31,
     32,  33,  34,  35,  36,  37,  38,  42,  43,  45,  46,  47,  48,  49,  50,  51,
     52,  54,  55,  56,  57,  58,  59,  60,  61,  84, 116,   1,  12,  14,  18,  21,
     26,  28,  30,  31,  32,  33,  34,  35,  36,  37,  38,  39,  40,  41,  42,  43,
     44,  45,  46,  47,  48,  49,  50,  51,  52,  53,  54,  55,  56,  57,  58,  59,
     60,  61,  84, 116, 128,   1,  12,  13,  14,  15,  16,  17,  18,  20,  21,  23,
     24,  25,  26,  27,  28,  29,  30,  31,  32,  33,  34,  35,  36,  37,  38,  39,
     40,  41,  42,  43,  44,  45,  46,  47,  48,  49,  50,  51,  52,  53,  54,  55,
     56,  57,  58,  59,  60,  61,  84, 116, 128,   0,   1,  12,  13,  14,  15,  16,
     17,  19,  20,  21,  22,  23,  24,  25,  26,  27,  28,  29,  30,  31,  32,  33,
     34,  35,  36,  37,  38,  42,  43,  44,  45,  46,  47,  48,  49,  50,  51,  52,
     54,  55,  58,  59,  60,  61,  84, 116, 128,   0,   1,  12,  13,  14,  15,  16,
     17,  18,  19,  20,  21,  22,  23,  24,  25,  26,  27,  28,  29,  30,  31,  32,
     33,  34,  35,  36,  37,  38,  39,  40,  41,  43,  44,  45,  46,  47,  48,  49,
     50,  51,  53,  55,  56,  60,  61,  84, 116, 128,   0,   1,  12,  13,  14,  15,
     16,  17,  18,  19,  20,  21,  22,  23,  24,  25,  26,  27,  28,  29,  30,  31,
     32,  33,  34,  35,  36,  37,  38,  39,  40,  41,  42,  43,  44,  45,  46,  47,
     48,  49,  50,  51,  52,  53,  54,  55,  56,  57,  58,  59,  60,  61,  84, 116,
      0,   1,  12,  13,  14,  15,  17,  18,  19,  20,  21,  22,  23,  26,  27,  28,
     29,  31,  32,  33,  34,  35,  36,  37,  46,  47,  48,  49,  50,  51,  52,  53,
     54,  55,  56,  57,  58,  59,  60,  61,  84, 116,   0,   1,  12,  13,  14,  15,
     16,  17,  19,  20,  22,  23,  24,  25,  26,  27,  29,  30,  31,  32,  33,  34,
     35,  36,  38,  40,  41,  42,  43,  44,  45,  46,  47,  48,  49,  50,  52,  54,
     56,  57,  58,  59,  60,  61,  84, 116,   1,  12,  13,  14,  15,  16,  17,  18,
     19,  20,  21,  22,  23,  24,  25,  26,  27,  28,  29,  30,  31,  32,  33,  34,
     35,  36,  37,  38,  39,  40,  41,  42,  43,  44,  45,  46,  47,  48,  49,  50,
     51,  52,  53,  54,  55,  56,  57,  58,  59,  60,  61,  84, 116, 128,   1,  12,
     13,  14,  15,  16,  17,  18,  19,  20,  21,  22,  23,  24,  25,  26,  27,  28,
     29,  30,  31,  32,  33,  34,  35,  36,  37,  38,  39,  40,  41,  42,  43,  44,
     45,  46,  47,  48,  49,  50,  51,  52,  53,  54,  55,  56,  57,  58,  59,  60,
     61,  84, 116, 128,   1,  12,  13,  14,  15,  16,  17,  18,  19,  20,  21,  22,
     23,  24,  25,  26,  27,  28,  29,  30,  31,  32,  33,  34,  35,  36,  37,  38,
     39,  40,  41,  42,  43,  44,  45,  46,  47,  48,  49,  50,  51,  52,  53,  54,
     55,  56,  57,  58,  59,  60,  61,  84, 116, 128,   1,  12,  13,  14,  15,  16,
     17,  18,  19,  20,  21,  22,  23,  24,  25,  26,  27,  28,  29,  30,  31,  32,
     33,  34,  35,  36,  37,  38,  39,  40,  41,  42,  43,  44,  45,  46,  47,  48,
     49,  50,  51,  52,  53,  54,  55,  56,  57,  58,  59,  60,  61,  84, 116, 128,
      1,  12,  13,  14,  15,  16,  17,  18,  19,  20,  21,  22,  23,  24,  25,  26,
     27,  28,  29,  30,  31,  32,  33,  34,  35,  36,  37,  38,  39,  40,  41,  42,
     43,  44,  45,  46,  47,  48,  49,  50,  51,  52,  53,  54,  55,  56,  57,  58,
     59,  60,  61,  84, 116, 128,  12,  13,  14,  15,  16,  17,  18,  19,  20,  21,
     22,  23,  24,  25,  26,  27,  28,  29,  30,  31,  32,  33,  34,  35,  36,  37,
     38,  39,  40,  42,  43,  44,  45,  46,  47,  48,  49,  50,  51,  52,  54,  55,
     56,  57,  58,  59,  60,  61,  84, 116,   0,   1,  37,  38,  39,  40,  41,  42,
     43,  44,  45,  46,  47,  48,  49,  50,  51,  52,  53,  54,  55,  56,  57,  58,
     59,  60,  61, 116,   1,  37,  38,  41,  42,  43,  44,  46,  47,  48,  49,  50,
     52,  54,  56,  57,  58,  59,  60,  61, 116, 128,   0,   1,  37,  38,  39,  40,
     42,  43,  44,  46,  47,  48,  49,  50,  51,  52,  53,  54,  55,  56,  57,  58,
     59,  60,  61, 116,   1,  37,  38,  39,  40,  41,  42,  43,  44,  45,  46,  47,
     48,  49,  50,  51,  52,  53,  54,  55,  56,  57,  58,  59,  60,  61, 116, 128,
      0,   1,  37,  38,  42,  43,  44,  45,  46,  47,  48,  49,  50,  51,  52,  54,
     55,  56,  57,  58,  59,  60,  61, 116,   0,   1,  37,  38,  39,  40,  41,  42,
     43,  44,  46,  47,  48,  49,  50,  51,  52,  53,  54,  55,  56,  57,  58,  59,
     60,  61, 116, 128,   0,   1,  37,  38,  39,  40,  41,  42,  43,  44,  45,  46,
     47,  48,  49,  50,  51,  52,  53,  54,  55,  56,  57,  58,  59,  60,  61, 116,
    128,   0,   1,  37,  38,  39,  40,  41,  42,  43,  44,  45,  46,  47,  48,  49,
     50,  51,  52,  53,  54,  56,  57,  58,  59,  60,  61, 116,   0,   1,  37,  38,
     39,  40,  41,  42,  43,  44,  45,  46,  47,  48,  49,  50,  51,  52,  53,  54,
     55,  56,  57,  58,  59,  60,  61, 116,   0,   1,  38,  39,  40,  41,  43,  44,
     46,  47,  48,  49,  50,  51,  52,  53,  54,  55,  56,  58,  59,  60,  61, 116,
      0,   1,  37,  38,  39,  40,  41,  42,  43,  44,  45,  46,  47,  48,  49,  50,
     51,  52,  53,  54,  55,  56,  57,  58,  59,  60,  61, 116, 128,   0,  37,  38,
     39,  40,  41,  42,  43,  44,  45,  46,  47,  48,  49,  50,  51,  52,  53,  54,
     55,  56,  57,  58,  59,  60,  61, 116, 128,   0,   1,  37,  38,  39,  40,  42,
     43,  44,  45,  46,  47,  48,  49,  50,  51,  52,  54,  55,  56,  57,  58,  59,
     60,  61, 116,   0,   1,  37,  38,  39,  40,  41,  42,  43,  44,  45,  46,  47,
     48,  49,  50,  51,  52,  53,  54,  56,  57,  58,  59,  60,  61, 116,   0,   1,
     38,  40,  41,  42,  43,  44,  46,  47,  48,  49,  50,  51,  52,  53,  54,  55,
     56,  57,  58,  59,  60,  61, 116, 128,   0,   1,  37,  38,  39,  40,  41,  42,
     43,  44,  46,  47,  48,  49,  50,  52,  53,  54,  56,  57,  58,  59,  60,  61,
    116, 128,   0,   1,  38,  42,  43,  44,  46,  47,  48,  49,  50,  51,  52,  53,
     54,  55,  56,  57,  58,  59,  60,  61, 116,   0,   1,  37,  38,  39,  40,  41,
     42,  43,  44,  46,  47,  48,  49,  50,  51,  52,  53,  54,  56,  59,  60,  61,
    116, 128,   0,  37,  38,  40,  42,  43,  44,  45,  46,  47,  48,  49,  50,  52,
     54,  55,  56,  57,  58,  59,  60,  61, 116,   0,  37,  38,  42,  43,  44,  45,
     46,  47,  48,  49,  50,  51,  52,  53,  54,  55,  56,  57,  58,  59,  60,  61,
    116,   0,   1,  37,  38,  39,  40,  41,  42,  43,  44,  45,  46,  47,  48,  49,
     50,  51,  52,  53,  54,  55,  56,  57,  58,  59,  60,  61, 116,   1,  37,  38,
     39,  40,  41,  42,  43,  44,  45,  46,  47,  48,  49,  50,  51,  52,  53,  54,
     55,  56,  57,  58,  59,  60,  61, 116, 128,   1,  37,  38,  39,  40,  41,  42,
     43,  44,  45,  46,  47,  48,  49,  50,  51,  52,  53,  54,  55,  56,  57,  58,
     59,  60,  61, 116, 128,   1,  37,  38,  39,  40,  41,  42,  43,  44,  45,  46,
     47,  48,  49,  50,  51,  52,  53,  54,  55,  56,  57,  58,  59,  60,  61, 116,
    128,   0,  37,  38,  39,  42,  43,  44,  46,  47,  48,  50,  51,  52,  53,  54,
     56,  57,  58,  59,  60,  61, 116,   1,  63,  67,  70,  74,  77,  80,  81,  82,
     83,  86,  89,  92,  99, 106, 114, 118, 126,   0,   1,  62,  63,  64,  65,  66,
     67,  68,  69,  70,  71,  72,  73,  74,  75,  76,  77,  78,  79,  80,  81,  82,
     83,  85,  86,  87,  88,  89,  90,  91,  92,  93,  94,  95,  96,  97,  98,  99,
    100, 101, 102, 103, 104, 105, 106, 107, 108, 109, 110, 111, 112, 113, 114, 115,
    117, 118, 119, 120, 121, 122, 123, 124, 125, 126, 127, 128,   1,  62,  63,  64,
     65,  66,  67,  68,  70,  71,  72,  73,  75,  76,  78,  79,  80,  81,  82,  83,
     85,  86,  87,  88,  89,  90,  91,  92,  93,  94,  96,  99, 100, 102, 109, 111,
    112, 113, 114, 115, 118, 121, 122, 124, 125, 126, 127,   1,  62,  63,  64,  65,
     66,  67,  68,  69,  70,  71,  72,  73,  75,  76,  77,  78,  79,  80,  81,  82,
     83,  85,  86,  87,  88,  89,  90,  91,  92,  93,  95,  96,  99, 100, 103, 104,
    109, 111, 112, 113, 114, 115, 118, 121, 124, 127,   1,  62,  63,  64,  65,  66,
     67,  68,  69,  70,  71,  72,  73,  74,  75,  76,  77,  78,  79,  80,  81,  82,
     83,  85,  86,  87,  88,  89,  90,  91,  92,  93,  94,  95,  96,  97,  98,  99,
    100, 101, 102, 103, 104, 105, 106, 107, 108, 109, 110, 111, 112, 113, 114, 115,
    117, 118, 119, 120, 121, 122, 123, 124, 125, 126, 127, 128,   1,  62,  63,  64,
     65,  66,  67,  68,  69,  70,  71,  72,  73,  74,  75,  76,  77,  78,  79,  80,
     81,  82,  83,  85,  86,  87,  88,  89,  90,  92,  93,  94,  99, 101, 102, 103,
    104, 106, 109, 111, 114, 118, 121, 122, 123, 125, 126,   1,  63,  67,  69,  70,
     74,  77,  80,  81,  82,  86,  89,  92,  94,  99, 106, 114, 118, 126,   1,  62,
     63,  64,  65,  66,  67,  68,  69,  70,  71,  72,  73,  74,  75,  76,  77,  78,
     79,  80,  81,  82,  83,  85,  86,  87,  88,  89,  90,  91,  92,  93,  94,  95,
     97,  98,  99, 101, 102, 103, 104, 105, 106, 107, 108, 110, 111, 113, 114, 117,
    118, 119, 120, 121, 122, 123, 124, 125, 126, 128,   0,  62,  63,  64,  65,  66,
     67,  68,  69,  70,  71,  72,  73,  74,  75,  76,  78,  79,  81,  82,  83,  85,
     86,  87,  88,  89,  90,  91,  93,  94,  95,  96,  99, 100, 101, 102, 105, 106,
    109, 111, 112, 114, 115, 118, 120, 122, 123, 124, 126, 127, 128,   1,  63,  67,
     69,  70,  71,  72,  74,  77,  80,  81,  82,  83,  86,  89,  92,  94,  95,  98,
     99, 100, 101, 102, 103, 104, 105, 106, 109, 110, 111, 112, 113, 114, 115, 117,
    118, 121, 124, 125, 126, 127,   1,  63,  67,  69,  70,  71,  72,  74,  77,  80,
     81,  82,  83,  86,  89,  92,  94,  95,  99, 100, 101, 106, 109, 110, 111, 112,
    113, 114, 115, 117, 118, 121, 124, 125, 126, 127,   1,  63,  67,  69,  70,  71,
     72,  74,  77,  80,  81,  82,  83,  86,  89,  92,  94,  95,  96,  97,  98,  99,
    100, 101, 102, 103, 104, 105, 106, 107, 108, 109, 110, 111, 112, 113, 114, 115,
    117, 118, 119, 120, 121, 122, 123, 124, 125, 126, 127, 128,   1,  63,  67,  69,
     70,  71,  72,  74,  77,  80,  81,  82,  83,  86,  89,  92,  94,  95,  99, 101,
    102, 103, 104, 106, 109, 111, 112, 113, 114, 115, 118, 121, 124, 126,   1,  63,
     67,  69,  70,  71,  72,  74,  77,  80,  81,  82,  83,  86,  89,  92,  94,  95,
     99, 101, 102, 103, 104, 106, 109, 111, 112, 113, 114, 115, 118, 121, 124, 126,
      1,  63,  67,  69,  70,  71,  72,  74,  77,  80,  81,  82,  83,  86,  89,  92,
     94,  95,  99, 100, 101, 102, 103, 104, 106, 109, 111, 112, 113, 114, 115, 118,
    121, 124, 126,   0,  62,  63,  64,  65,  66,  67,  68,  69,  70,  71,  72,  73,
     74,  75,  76,  77,  78,  79,  80,  81,  82,  83,  85,  86,  87,  88,  89,  90,
     91,  93,  94,  95,  96,  97,  98,  99, 100, 102, 103, 104, 105, 106, 108, 109,
    112, 118, 121, 122, 124, 126, 127, 128,   1,  63,  67,  69,  70,  71,  72,  74,
     77,  80,  81,  82,  83,  86,  89,  92,  94,  99, 100, 101, 102, 103, 104, 106,
    109, 111, 112, 113, 114, 115, 117, 118, 121, 124, 126, 127,   1,  63,  67,  68,
     69,  70,  71,  72,  74,  80,  82,  83,  85,  86,  89,  91,  92,  94,  95,  96,
     99, 100, 101, 102, 105, 106, 107, 108, 109, 110, 111, 112, 115, 117, 118, 119,
    120, 122, 123, 124, 125, 126, 127, 128,   0,  62,  63,  64,  65,  66,  67,  68,
     69,  70,  71,  72,  73,  74,  75,  76,  77,  78,  79,  80,  81,  82,  83,  85,
     86,  87,  88,  89,  90,  91,  92,  93,  94,  95,  96,  97,  98,  99, 101, 102,
    103, 104, 105, 106, 107, 108, 110, 111, 112, 114, 115, 117, 118, 121, 123, 124,
    125, 126,   1,  63,  65,  67,  68,  69,  70,  71,  72,  74,  77,  79,  80,  81,
     82,  83,  86,  89,  90,  92,  94,  95,  96,  97,  98,  99, 100, 101, 102, 103,
    104, 105, 106, 107, 108, 109, 110, 111, 112, 113, 114, 115, 117, 118, 119, 120,
    121, 122, 123, 124, 125, 126, 127, 128,   1,  62,  63,  64,  65,  66,  67,  68,
     69,  70,  71,  72,  73,  74,  75,  76,  77,  78,  79,  80,  81,  82,  83,  85,
     86,  87,  88,  89,  90,  91,  92,  93,  94,  95,  96,  97,  98,  99, 100, 101,
    102, 103, 104, 105, 106, 107, 108, 109, 110, 111, 112, 113, 114, 115, 117, 118,
    119, 120, 121, 122, 123, 124, 125, 126, 127, 128,   1,  62,  63,  64,  65,  66,
     67,  68,  69,  70,  71,  72,  73,  74,  75,  76,  77,  78,  79,  80,  81,  82,
     83,  85,  86,  87,  89,  90,  91,  92,  93,  94,  96,  99, 100, 102, 103, 104,
    106, 109, 112, 113, 115, 118, 121, 125, 126, 127,   1,  12,  13,  14,  15,  16,
     17,  18,  19,  20,  21,  22,  23,  24,  25,  26,  27,  28,  29,  30,  31,  32,
     33,  34,  35,  36,  37,  38,  39,  40,  41,  42,  43,  44,  45,  46,  47,  48,
     49,  50,  51,  52,  53,  54,  55,  56,  57,  58,  59,  60,  61,  84, 116,   1,
     63,  67,  69,  70,  71,  72,  74,  77,  80,  81,  82,  83,  86,  89,  92,  93,
     94,  95,  97,  98,  99, 100, 101, 102, 103, 104, 105, 106, 107, 108, 109, 110,
    111, 112, 113, 114, 115, 117, 118, 119, 120, 121, 122, 123, 124, 125, 126, 127,
      1,  63,  67,  69,  70,  71,  72,  74,  77,  80,  81,  82,  83,  86,  89,  90,
     92,  93,  94,  95,  97,  98,  99, 100, 101, 102, 103, 104, 105, 106, 107, 108,
    109, 110, 111, 112, 113, 114, 115, 117, 118, 119, 120, 121, 122, 123, 124, 125,
    126, 127,   1,  63,  67,  69,  70,  71,  72,  74,  77,  81,  82,  83,  85,  86,
     89,  92,  94,  99, 101, 102, 103, 104, 106, 109, 111, 112, 113, 114, 115, 117,
    118, 123, 124, 125, 126,   1,  63,  67,  69,  70,  71,  72,  74,  77,  80,  81,
     82,  83,  86,  89,  92,  94,  97,  98,  99, 101, 102, 103, 104, 105, 106, 107,
    108, 109, 110, 111, 112, 113, 114, 115, 117, 118, 121, 122, 123, 124, 125, 126,
      0,   1,  62,  63,  64,  65,  66,  67,  68,  71,  72,  73,  75,  76,  77,  78,
     79,  80,  81,  82,  83,  85,  86,  87,  88,  89,  90,  91,  92,  93,  95,  96,
     97,  99, 100, 101, 103, 104, 105, 106, 109, 110, 111, 112, 113, 114, 115, 117,
    118, 121, 122, 123, 124, 126, 127, 128,   1,  63,  67,  71,  72,  74,  77,  80,
     81,  82,  83,  86,  89,  92,  94,  95,  99, 100, 101, 102, 103, 104, 105, 106,
    109, 111, 113, 114, 115, 118, 121, 123, 127,   0,   1,  62,  63,  64,  65,  66,
     67,  68,  70,  71,  72,  73,  75,  76,  77,  78,  79,  80,  81,  82,  83,  85,
     86,  87,  88,  89,  90,  91,  92,  93,  95,  96,  99, 100, 106, 109, 111, 112,
    113, 114, 115, 117, 118, 122, 123, 124, 125, 127, 128,   0,   1,  62,  63,  64,
     65,  66,  67,  68,  69,  70,  71,  72,  73,  74,  75,  76,  77,  78,  79,  80,
     81,  82,  83,  85,  86,  87,  88,  89,  90,  91,  92,  93,  94,  95,  96,  99,
    100, 101, 102, 106, 109, 112, 113, 121, 123, 124, 126, 127, 128,   0,   1,  62,
     63,  64,  65,  66,  67,  68,  69,  70,  71,  72,  73,  74,  75,  76,  77,  78,
     79,  80,  81,  82,  83,  85,  86,  87,  88,  89,  90,  91,  92,  93,  94,  96,
     98,  99, 100, 102, 106, 107, 108, 109, 112, 113, 122, 126, 127, 128,   1,  63,
     67,  69,  70,  71,  72,  74,  77,  80,  81,  82,  83,  86,  89,  92,  94,  95,
     99, 100, 101, 102, 103, 104, 106, 109, 111, 112, 113, 114, 115, 118, 121, 124,
    126, 127,   0,   1,  95,  99, 100, 101, 102, 103, 104, 105, 106, 107, 109, 111,
    112, 113, 114, 115, 118, 119, 121, 124, 126, 127,   0,   1,  96,  99, 100, 101,
    102, 105, 106, 109, 111, 112, 114, 115, 118, 121, 122, 123, 124, 126, 127, 128,
      0,  95,  96,  97,  98,  99, 100, 101, 102, 105, 106, 107, 108, 109, 111, 112,
    114, 115, 118, 121, 123, 124, 125, 126, 127,   0,  95,  97,  98,  99, 100, 101,
    102, 105, 106, 107, 108, 110, 111, 113, 114, 115, 117, 118, 119, 121, 122, 123,
    124, 125, 126, 128,   0,   1,  95,  96,  97,  98,  99, 100, 101, 102, 103, 104,
    105, 106, 107, 108, 109, 110, 111, 112, 113, 114, 115, 117, 118, 119, 120, 121,
    122, 123, 124, 125, 126, 127,   0,   1,  95,  96,  97,  98,  99, 100, 101, 105,
    106, 107, 108, 109, 110, 111, 112, 114, 115, 118, 123, 124, 125, 126, 127,   0,
      1,  95,  96,  97,  98,  99, 100, 101, 102, 103, 104, 105, 106, 107, 108, 109,
    110, 111, 112, 113, 114, 115, 117, 118, 119, 120, 121, 122, 123, 124, 125, 126,
    127,   0,   1,  96,  98,  99, 100, 101, 102, 103, 104, 105, 106, 107, 109, 111,
    112, 114, 115, 118, 123, 125, 127, 128,   0,   1,  95,  97,  98,  99, 100, 101,
    102, 103, 104, 105, 106, 107, 108, 109, 110, 111, 112, 113, 114, 115, 117, 118,
    119, 120, 121, 122, 123, 124, 125, 126, 127, 128,   0,   1,  95,  96,  97,  98,
     99, 100, 101, 102, 103, 104, 105, 106, 109, 110, 111, 112, 113, 114, 115, 117,
    118, 121, 123, 124, 125, 126, 127, 128,   0,   1,  95,  96,  97,  98,  99, 100,
    101, 102, 103, 104, 105, 106, 107, 109, 111, 112, 113, 114, 115, 118, 120, 122,
    124, 127, 128,   0,   1,  95,  96,  97,  98,  99, 100, 101, 102, 103, 104, 105,
    106, 107, 108, 109, 110, 111, 112, 113, 114, 115, 117, 118, 119, 120, 121, 122,
    123, 124, 125, 126, 127,   0,   1,  95,  96,  99, 100, 101, 102, 103, 104, 106,
    109, 111, 112, 114, 115, 118, 121, 124, 126,   0,   1,  95,  99, 100, 101, 102,
    103, 104, 105, 106, 108, 109, 111, 112, 113, 114, 115, 118, 121, 122, 124, 126,
    127,   0,  96,  97,  98,  99, 100, 101, 102, 103, 104, 105, 106, 107, 108, 109,
    110, 111, 112, 113, 114, 117, 118, 119, 120, 122, 123, 124, 125, 126, 127, 128,
      0,   1,  96,  99, 100, 101, 102, 103, 104, 105, 106, 108, 109, 110, 111, 112,
    113, 114, 115, 117, 118, 121, 122, 123, 124, 126, 127,   0,  95,  96,  97,  98,
     99, 101, 102, 103, 104, 105, 106, 107, 108, 109, 110, 111, 113, 114, 115, 117,
    118, 119, 120, 122, 123, 125, 126, 127, 128,   0,   1,  95,  96,  97,  98,  99,
    100, 101, 102, 103, 104, 105, 106, 107, 109, 111, 112, 113, 114, 115, 117, 118,
    121, 122, 123, 125, 126, 127,   0,   1,  95,  96,  97,  98,  99, 100, 101, 102,
    103, 104, 105, 106, 107, 108, 109, 110, 111, 112, 113, 114, 115, 117, 118, 119,
    120, 121, 122, 123, 124, 125, 126, 127, 128,   0,   1,  95,  96,  97,  98,  99,
    100, 101, 102, 103, 104, 105, 106, 107, 108, 109, 110, 111, 112, 113, 114, 115,
    117, 118, 119, 120, 121, 122, 123, 124, 125, 126, 127, 128,   0,  96,  97,  98,
     99, 100, 101, 102, 103, 104, 105, 106, 107, 108, 109, 110, 111, 112, 113, 114,
    117, 118, 119, 120, 122, 123, 125, 126, 127, 128,   1,  37,  38,  39,  40,  41,
     42,  43,  44,  45,  46,  47,  48,  49,  50,  51,  52,  53,  54,  55,  56,  57,
     58,  59,  60,  61, 116,   0,   1,  95,  97,  98,  99, 100, 101, 102, 103, 104,
    105, 106, 107, 108, 109, 110, 111, 112, 113, 114, 115, 117, 118, 119, 120, 121,
    122, 123, 124, 125, 126, 127,   0,   1,  95,  97,  98,  99, 100, 101, 102, 103,
    104, 105, 106, 107, 108, 109, 110, 111, 112, 113, 114, 115, 117, 118, 119, 120,
    121, 122, 123, 124, 125, 126, 127,   0,   1,  95,  96,  97,  98,  99, 100, 101,
    102, 103, 104, 105, 106, 107, 108, 109, 110, 111, 112, 113, 114, 115, 117, 118,
    119, 120, 121, 122, 123, 124, 125, 126, 127,   0,   1,  95,  96,  97,  98,  99,
    100, 101, 102, 103, 104, 105, 106, 107, 108, 109, 110, 111, 112, 113, 114, 115,
    117, 118, 119, 120, 121, 122, 123, 124, 125, 126, 127,   0,  96,  97,  98,  99,
    100, 101, 102, 103, 104, 105, 106, 107, 108, 109, 110, 111, 112, 113, 114, 115,
    117, 118, 119, 120, 121, 122, 123, 125, 126, 127, 128,   0,   1,  96,  99, 100,
    101, 102, 103, 104, 105, 106, 107, 108, 109, 111, 112, 113, 114, 115, 117, 118,
    120, 122, 123, 124, 125, 126, 127,   0,  95,  96,  97,  98,  99, 100, 101, 102,
    103, 104, 105, 106, 107, 108, 109, 110, 111, 112, 113, 114, 115, 118, 119, 121,
    122, 125, 127, 128,   0,  96,  97,  98,  99, 100, 101, 103, 104, 105, 106, 107,
    108, 109, 110, 111, 112, 114, 115, 117, 118, 119, 120, 122, 123, 125, 127, 128,
      0,   1,  96,  97,  98,  99, 100, 101, 102, 103, 104, 105, 106, 107, 108, 109,
    110, 111, 112, 114, 117, 118, 119, 120, 121, 122, 123, 125, 126, 127, 128,   0,
      1,  95,  96,  97,  98,  99, 100, 101, 102, 103, 104, 105, 106, 107, 108, 109,
    110, 111, 112, 113, 114, 115, 117, 118, 119, 120, 121, 122, 123, 124, 125, 126,
    127,   0,   1,  95,  96,  97,  98,  99, 100, 101, 102, 105, 106, 107, 108, 109,
    111, 112, 113, 114, 115, 118, 119, 122, 123, 124, 125, 126, 127,
};

static const int8_t edslab_14_boldKernSparseValues[] = {
     -10,   -9,   -9,   -9,  -33,  -19,   -9,  -19,  -37,  -19,   -9,   -5,  -28,  -14,   -9,  -14,
       9,  -19,  -19,  -19,   -5,  -19,    5,    5,    5,    5,    5,   -9,   -9,  -19,   -5,   -9,
     -14,   -5,   -9,   -5,  -51,  -33,   -5,  -14,  -42,  -14,   -9,   -5,   -9,  -19,  -33,  -23,
     -14,  -19,  -28,  -19,  -19,  -19,  -19,  -28,  -14,  -14,  -14,  -14,  -14,  -19,  -14,   -9,
     -19,  -14,   -9,   -9,   -9,   -9,   -5,   -9,   -9,  -14,  -14,  -14,  -19,  -19,   -5,  -14,
       5,   -9,    5,  -19,   -9,  -14,   -9,    5,  -14,  -19,  -19,    5,  -19,   -5,    9,  -14,
      -9,   -9,  -14,   -5,  -14,  -19,    5,  -28,  -23,  -51,  -37,  -47,   -5,    5,   -9,    5,
      -5,   -9,    5,   -9,  -14,   -9,   -9,   -9,    5,   -5,    5,  -14,    5,    5,    5,    5,
       5,   -9,   -5,  -14,  -19,  -14,  -14,   -9,  -14,  -14,   -5,  -14,  -14,  -14,   -5,   -9,
     -14,   -9,   -9,    5,   -9,  -14,    5,  -23,   -9,  -28,   -9,   -9,  -14,  -14,  -14,   -5,
      -9,    5,    5,   -5,   -5,  -14,    5,   -5,   -5,   -5,   -9,  -14,   -5,   -5,    9,   -5,
      -5,    9,    5,   -5,  -19,   -9,   -9,  -14,  -14,    9,   -9,   -9,   -5,   -9,   -9,    5,
      -5,    5,    9,   -9,  -14,    9,  -14,    5,   -9,   -5,    9,  -19,  -19,  -19,   -9,   -5,
      -5,  -14,  -14,  -23,   -9,  -14,  -14,   -9,   -9,   -9,   -5,   -5,   -9,  -14,   -9,  -19,
      -5,   -9,  -14,   -5,    5,   -5,   -5,   -9,  -14,    5,  -14,    5,  -19,   -9,  -14,   -5,
      -5,   -5,   -5,  -19,   -5,  -14,  -23,   -9,   -5,   -5,   -9,    5,   -9,   -9,   -9,   -5,
     -14,   -5,   -5,   -5,  -19,  -33,  -23,  -23,  -14,   -5,  -14,  -33,  -23,   -5,  -33,  -23,
     -33,  -37,  -23,   -9,  -28,  -14,  -37,  -19,   -5,   -5,   -5,   -9,  -19,  -19,   -9,   -9,
      -9,   -9,    5,    5,   -9,  -14,    5,  -14,    5,   -9,   -9,   -9,  -51,   -9,  -19,   -5,
     -33,   -5,   -9,   -9,  -42,   -9,   -9,   -9,  -14,   -9,   -9,  -19,  -47,   -9,  -33,  -14,
     -19,  -65,  -65, -103, -103,  -93,   -5,   -9,  -42,  -19,  -19,  -23,  -19,  -14,  -23,  -23,
     -23,  -28,  -47,  -23,  -23,  -33,  -23,  -19,  -23,  -14,  -28,  -28,  -56,  -51,  -42,  -14,
     -14,  -23,   -9,    9,  -19,   -5,    5,   -9,   -9,   -9,   -9,   -5,    9,   -9,   -9,   -5,
      -5,   -5,   -5,    5,   -5,  -14,  -23,  -28,  -23,  -33,   -5,   -5,  -14,    5,    5,    5,
      -5,   -5,   -9,    5,   -5,   -9,   -5,   -5,   -9,    5,   -5,    5,   -9,    5,    5,  -14,
      -5,   -9,   -9,   -5,   -5,  -28,   -9,   -5,   -9,   -9,   -5,   -5,  -19,  -14,   -9,   -9,
     -14,  -14,  -23,  -14,   -9,  -23,  -23,  -28,  -28,  -23,   -9,   -9,  -14,   -5,   -9,  -14,
     -23,   -5,   -9,  -14,  -19,  -19,  -14,   -5,  -19,  -19,   -9,  -14,  -14,  -19,  -28,  -14,
     -19,  -19,  -14,   14,  -33,   -5,    5,   -5,   -5,   14,   -9,   -5,    5,   -5,   -5,   -5,
      -5,    9,   -5,    9,   -9,    5,   -9,  -14,  -28,  -28,  -33,   -5,    5,   -5,    9,    9,
       5,    9,   -5,   -5,   23,    9,  -14,    5,    5,    5,    9,    5,    9,   14,   14,   14,
      14,    5,  -23,   -5,  -14,   -5,  -19,   -5,   -5,    5,   -5,   -5,  -14,  -19,  -19,  -14,
     -19,   -9,   -5,   -5,    5,   -5,   -5,   -5,   -5,    5,   -9,    5,    5,   -5,   -5,   -9,
      -5,  -19,   -5,   -9,  -70,   -5,  -14,   -9,   -5,   -5,   -9,   -9,   -5,  -19,   -5,   -5,
     -23,   -5,  -14,   -5,  -14,  -14,  -19,  -23,  -19,  -14,  -37,   -9,  -23,  -23,  -28,  -14,
     -42,  -14,   -5,   -9,  -14,   -9,  -28,  -28,  -33,  -19,  -28,  -28,  -19,  -19,   -9,  -14,
     -19,  -19,  -23,  -23,  -33,  -28,   -5,    5,  -33,  -19,   -5,   -9,  -14,   -9,    5,  -14,
      -5,   -5,   -9,   -5,   -9,   -9,  -14,  -14,   -5,  -28,  -28,  -37,  -33,  -37,  -19,  -23,
      -9,  -14,  -19,  -14,  -23,  -23,  -14,  -14,   -9,  -14,    5,   -5,  -14,  -14,  -19,  -14,
      -5,   -9,  -14,  -23,  -14,   -9,  -23,  -19,   -9,   -9,  -19,  -19,  -14,  -19,   -5,  -19,
     -28,  -19,  -19,  -19,  -19,  -19,  -23,  -19,  -19,  -19,  -14,  -14,  -19,  -28,  -23,  -23,
      -9,  -14,  -14,   -9,  -14,  -14,   -9,  -14,  -14,   -9,   -9,   -9,  -19,  -19,  -23,  -19,
     -14,  -19,  -19,  -19,  -14,  -19,   -9,   -9,  -19,  -23,   -9,  -19,  -14,  -14,  -19,  -19,
     -19,  -14,   -9,  -19,  -14,  -14,  -19,  -28,  -19,  -14,   -9,    5,    5,  -33,    5,    5,
       5,   -9,  -19,  -19,  -23,   -5,   -9,  -28,    5,    5,   -5,  -19,  -14,   14,   -5,  -23,
     -19,   -5,   -5,   -5,    5,    5,   -9,  -14,   -5,  -19,   -5,   -9,  -19,  -19,   -5,   -5,
     -19,   -5,   -5,   -5,   -5,   -5,   -5,   -5,  -28,   -5,  -19,    5,   -5,  -23,  -28,  -23,
     -28,  -28,   -5,   -5,  -19,   -5,   -5,   -5,  -14,   -9,   -5,  -14,  -23,  -14,  -23,  -14,
     -14,  -14,  -19,   -5,  -14,   -5,  -23,  -19,  -37,  -28,  -37,   -9,  -14,   -9,  -19,   -5,
     -19,   -9,  -19,   -5,   -5,   -9,   -5,   -5,   -5,   -5,   -5,  -14,  -14,   -5,   -5,  -75,
     -42,  -61,  -61,  -70,   -9,   -5,  -28,   -9,   -5,  -14,  -23,  -14,  -28,  -14,  -14,   -9,
     -19,   -9,   -5,  -14,  -19,  -33,  -28,  -33,  -14,  -19,   -9,   -9,  -14,  -14,  -14,   -9,
     -19,  -14,   -5,  -19,  -14,  -19,  -19,  -19,   -9,  -19,  -23,  -19,  -14,  -14,  -14,   -9,
      -9,  -14,  -14,  -14,   -9,  -14,   -9,  -14,  -14,   -5,  -14,   -9,  -14,  -14,  -14,  -14,
     -19,  -14,  -14,   -9,   -5,   -9,  -47,  -19,  -23,   -9,  -14,   -5,  -23,   -5,  -23,   -5,
      -5,  -14,  -33,   -5,  -19,   -5,   -9,  -19,  -19,  -19,  -14,  -14,   -5,  -33,  -33,  -23,
     -23,  -23,  -19,  -33,  -19,  -19,  -23,  -28,  -28,  -28,  -23,  -23,  -28,  -23,  -33,  -19,
     -19,  -19,  -19,  -19,  -23,  -19,  -19,  -33,  -19,  -14,    5,  -51,   -9,    5,  -14,  -14,
     -19,  -19,   -9,   -5,  -19,   -9,  -14,  -19,   -5,  -14,    5,  -23,   -5,  -23,  -28,  -42,
     -42,  -42,  -23,  -14,  -23,   -5,   -9,  -19,    5,   -5,  -19,  -14,   -9,   -9,   -5,   -9,
      -9,   -5,   -5,   -5,   -5,  -23,  -33,  -14,  -19,    5,  -14,  -79,   -5,    5,   -5,   -5,
      -5,    5,   -5,   -5,   -9,  -14,   -9,   -9,   -9,   -5,  -14,    5,   -5,    5,  -14,  -19,
     -19,  -23,  -14,   -9,  -37,  -23,  -23,  -14,  -28,  -37,  -19,    5,   -5,  -23,   -9,   -5,
      -9,  -19,  -14,   -5,    9,   -5,  -14,  -23,   -9,  -37,  -37,  -19,  -33,  -28,  -37,  -37,
     -37,  -33,  -23,  -28,  -23,  -28,  -42,  -33,  -33,  -37,  -33,  -47,  -33,  -37,  -33,  -65,
     -61,  -79,  -79,  -89,  -37,  -47,  -56,  -33,  -33,  -28,  -14,   -9,  -51,  -33,  -14,  -51,
     -61,  -47,  -37,  -33,  -28,  -33,  -42,  -19,  -33,  -28,  -33,  -33,  -33,  -37,  -51,  -37,
      -9,   -9,   -9,   -5,  -14,   -5,   -5,   -9,   -5,   -5,   -5,   -5,   -5,  -19,   -5,   -9,
      -5,  -23,  -23,  -37,  -37,  -37,   -5,   -5,  -19,  -14,  -28,  -14,   -9,   -9,  -14,   -9,
      -5,   -5,  -14,  -19,  -19,  -23,  -28,  -14,   -9,  -19,   -9,    5,  -28,   -9,   -5,   -9,
      -5,   -9,   -9,   -5,   -9,  -14,   -5,   -9,   -9,   -5,  -14,   -5,  -23,  -28,  -37,  -33,
     -37,   -5,  -28,    5,    5,  -14,   -9,  -14,   -9,  -14,  -19,  -19,  -14,  -14,  -19,  -19,
      -5,   -5,  -19,  -19,  -19,   -9,  -23,  -14,  -28,  -61,  -19,  -19,   -9,  -14,   -9,  -19,
      -9,   -9,  -33,   -9,  -14,   -9,   -9,  -23,   -9,  -14,   -9,   -9,  -19,  -23,  -23,  -28,
     -19,  -23,  -47,  -23,  -37,  -42,  -37,  -28,  -42,  -14,  -14,  -23,  -23,  -23,  -42,  -42,
     -33,  -28,  -37,  -51,  -37,  -23,  -33,  -33,  -33,  -42,  -47,  -19,  -42,  -28,  -19,  -70,
     -14,  -28,  -19,  -14,  -14,  -23,  -14,  -14,  -28,  -14,  -14,  -14,   -9,  -33,  -19,  -23,
     -14,  -19,  -19,  -23,  -23,  -23,  -19,  -23,  -42,  -33,  -37,  -28,  -28,  -33,  -47,  -28,
     -19,  -33,  -23,  -23,  -28,  -37,  -33,  -28,  -28,  -37,  -23,  -23,  -23,  -28,  -23,  -33,
     -33,  -28,  -42,  -23,  -28,  -98,   -9,  -37,   -9,  -14,  -14,  -42,  -19,  -14,  -47,   -9,
     -19,  -14,  -19,  -37,   -9,  -47,  -14,  -19,  -28,  -19,  -23,  -23,  -19,  -19,  -61,  -28,
     -61,  -56,  -51,  -37,  -56,  -23,  -33,  -47,  -28,  -28,  -61,  -51,  -61,  -47,  -51,  -51,
     -47,  -33,  -42,  -47,  -47,  -47,  -61,  -28,  -61,  -37,  -37,  -93,  -14,  -33,  -14,  -19,
     -14,  -37,  -14,   -9,  -42,  -14,  -14,  -19,  -19,  -42,  -23,  -37,  -14,  -19,  -19,  -19,
     -23,  -19,  -19,  -23,  -47,  -28,  -56,  -61,  -47,  -28,  -65,  -28,  -33,  -47,  -37,  -37,
     -47,  -47,  -51,  -37,  -47,  -47,  -42,  -33,  -37,  -47,  -37,  -51,  -56,  -23,  -51,  -42,
     -33,  -75,  -19,  -37,  -14,  -14,  -14,  -33,   -9,   -9,  -42,   -9,  -14,  -19,  -14,  -51,
     -19,  -42,  -19,  -28,  -19,  -23,  -23,  -23,  -23,  -28,  -65,  -33,  -56,  -56,  -56,  -51,
     -65,  -33,  -37,  -51,  -37,  -37,  -51,  -61,  -61,  -47,  -51,  -56,  -56,  -42,  -42,  -51,
     -51,  -51,  -61,  -23,  -65,  -47,  -28,   -5,  -28,   -9,   -5,   -5,  -19,   -5,   -5,   -9,
      -9,   -5,   -9,   -9,  -23,   -9,  -23,   -5,   -9,  -23,  -23,  -19,  -19,  -23,   -9,   -5,
     -28,   -9,   -5,  -14,   -5,  -19,  -19,  -33,  -23,  -23,  -14,  -14,   -9,  -28,  -19,   -5,
     -28,  -23,  -33,  -37,  -47,  -19,  -14,  -23,   -5,   -9,  -19,  -37,  -19,  -14,  -19,  -23,
     -19,  -23,  -19,  -33,  -23,  -37,  -19,  -23,  -28,  -23,  -19,  -19,  -14,  -28,  -28,  -37,
     -37,  -37,  -19,  -23,    5,   -9,  -28,    5,   -9,   -9,  -14,   -9,  -23,  -28,  -14,  -14,
     -14,  -14,   -5,   -5,   -9,   -9,  -19,   -9,  -19,   -5,   -5,    5,  -14,  -28,   -5,   -5,
      -5,   -9,  -19,  -19,  -19,  -23,  -14,  -14,   -5,   -9,   -5,  -14,   -5,  -14,   -9,  -14,
     -14,  -19,  -14,  -19,  -19,  -14,  -23,  -19,   -9,  -19,   -9,   -9,   -9,  -19,  -28,  -19,
     -23,  -14,  -14,  -19,  -23,   -9,  -14,   -9,  -19,  -23,  -28,  -23,  -33,  -19,  -19,   -5,
      -9,    5,  -19,  -33,  -19,   -9,  -14,   -5,  -14,  -19,  -19,  -14,   -9,   -5,  -14,  -14,
      -5,   -5,   -9,   -9,  -14,  -14,  -14,  -23,   23,   -5,  -23,   -5,  -19,  -19,  -19,  -33,
     -23,  -14,  -23,  -14,   -9,  -28,  -28,  -23,  -19,  -19,  -33,   -5,  -28,  -56,  -56,  -42,
     -75,  -19,  -51,   -9,  -14,   -5,  -19,  -37,  -19,   -9,  -14,  -14,   -5,  -23,   -5,    9,
     -33,  -33,  -14,  -23,  -19,   -5,  -19,  -23,  -19,   -9,   -9,   -9,   -9,  -14,  -19,  -23,
     -19,  -28,   -5,   -9,  -33,   -9,   -9,   -9,  -19,   -9,   -5,   -9,  -19,  -14,  -23,  -14,
     -14,   -9,  -14,   -5,  -14,  -19,  -19,  -23,  -23,  -33,   -9,  -19,  -14,  -19,   -9,  -28,
      -9,   -9,   -9,  -14,  -14,  -14,   -5,  -14,  -23,  -33,  -14,   -9,   -9,  -19,   -5,  -14,
      -5,  -19,  -19,  -28,  -28,  -33,  -14,  -14,    5,    9,  -28,    5,    5,    5,    5,   -9,
       9,  -19,  -23,   -5,   -5,    5,    5,    5,   -5,    5,   -9,   -9,   -9,   -9,   -9,  -14,
     -23,  -14,   -9,  -33,   -5,  -14,   -9,  -14,   -9,   -5,   -9,  -14,  -14,  -33,   -9,   -9,
      -9,   -9,   -5,   -9,   -9,  -14,  -14,  -19,  -23,  -28,   -9,  -14,   -5,   -5,  -19,  -28,
     -14,  -14,   -5,  -19,  -14,   -9,  -14,  -23,  -14,  -28,  -14,   -9,  -19,  -19,   -9,  -19,
      -5,  -19,  -19,  -28,  -28,  -19,   -9,  -14,   -5,   -5,   -5,   -5,  -33,   -5,   -9,  -19,
      -9,   -5,   -9,  -23,  -14,  -28,   -9,   -9,   -9,  -14,   -9,   -5,  -14,  -14,  -23,  -23,
     -28,   -5,   -9,  -14,   -9,   -9,  -33,   -5,   -9,   -5,  -14,   -5,  -14,   -9,  -19,  -14,
     -28,   -9,   -9,   -5,  -14,   -5,  -14,  -14,  -23,  -28,  -28,  -33,   -5,   -9,   -9,    9,
     -23,    5,    5,   -9,   -9,  -14,   -9,  -23,  -19,   -9,  -14,    5,   -9,    5,  -14,    5,
      -9,   -5,   -5,  -14,  -19,  -14,  -19,   -5,   -5,    5,   -9,  -28,    5,    5,    5,   -9,
     -14,  -14,   -9,  -23,  -23,   -9,   -9,   -9,    5,  -14,   -5,   -9,   -9,  -14,  -19,   -9,
     -19,   -5,   -9,    5,  -28,   -5,    5,  -14,   28,   -9,  -23,   -5,   -5,   -5,   19,    5,
      -5,   -5,   -5,   -5,   -5,   -5,   -5,   -5,   -5,   -9,   -5,  -23,  -33,   -5,   -5,   -5,
      -5,  -14,  -28,   -9,  -33,  -23,   -9,  -14,   -9,   -5,   -9,  -14,    5,   -5,   -5,   -9,
     -14,  -19,  -19,   -5,  -28,    5,   -9,   -9,   -9,    5,   -9,  -14,  -23,   -5,   -9,   -5,
      -9,    5,   -9,   -5,   -9,   -9,  -14,  -14,   -9,  -14,   -9,  -28,  -23,   -5,   -5,  -14,
     -23,  -14,  -23,   -5,   -5,    5,  -14,    5,   -9,    5,  -23,  -14,  -28,  -23,  -42,   -9,
     -14,  -14,   -9,   -9,  -33,  -14,   -9,   -9,  -14,   -5,  -14,   -9,  -14,  -19,  -28,  -14,
      -9,  -14,  -14,   -5,   -5,   -5,  -14,  -14,  -19,  -19,  -23,   -5,  -14,  -14,  -33,  -37,
     -19,  -19,  -28,  -28,  -33,  -28,   -5,  -19,  -37,  -28,  -19,  -23,  -23,   -9,  -23,  -19,
      -9,  -14,   -9,   -9,  -14,  -14,  -28,  -37,  -28,  -19,  -33,  -23,  -19,  -23,  -19,  -19,
     -28,  -37,  -14,  -23,  -33,  -23,  -19,  -23,  -28,   -9,  -19,  -23,  -14,  -14,   -5,  -14,
      -9,  -19,  -23,  -33,  -28,  -14,  -33,  -23,  -19,  -19,  -19,  -19,  -33,  -33,  -14,  -19,
     -33,  -33,  -23,  -23,  -28,  -14,  -19,  -28,   -9,   -9,  -14,  -14,  -14,  -19,  -23,  -28,
     -42,   -5,   -9,  -23,   -5,   -9,   -5,   -9,   -9,   -9,  -19,   -5,   -5,   -5,   -5,   -5,
      -5,   -5,   -9,   -9,  -14,   -9,   -9,   -5,  -19,  -19,   -9,   -5,   -5,   -5,   -5,   -9,
      -5,   -5,   -5,   -5,   -9,   -9,   -5,   -9,   -5,  -33,  -23,   -5,  -23,  -14,  -23,   -5,
     -23,  -19,   -9,  -23,  -33,  -33,  -23,   -5,  -19,   -5,  -28,  -19,  -19,  -23,  -65,  -51,
     -28,  -19,  -75,  -14,  -14,  -28,  -14,  -14,  -14,  -14,   -9,   -5,   -9,  -14,  -14,  -28,
     -14,  -23,  -19,  -28,  -28,  -14,  -14,  -14,  -14,  -14,  -14,  -28,  -14,  -37,  -42,  -23,
     -14,  -56,  -14,  -14,  -28,  -14,  -14,  -14,  -14,   -9,  -14,   -5,    5,   -5,  -14,   -5,
      -5,   -5,   -9,   -5,   -5,  -19,   -9,   -9,   -5,   -5,   -5,  -14,    5,  -14,  -28,    9,
      -9,  -19,   -5,   -9,   -9,   -5,  -14,    5,   -5,    5,   14,  -23,   14,    5,   14,   -5,
      14,    9,   -9,    9,   -5,    5,  -14,    5,   -5,   -5,   14,    5,   -5,  -14,   -5,   -5,
      -5,   -5,   -5,    5,   -5,  -14,  -14,   -5,   -5,   -5,   14,   -5,   -5,    5,   -5,  -14,
       5,   -9,  -19,   -5,   -5,   -9,   -5,   -5,    5,   -9,    5,   14,  -14,   14,    5,    5,
      14,   -5,   14,    9,   -5,    9,   -5,    5,    9,   14,  -14,   -5,  -75,   -5,   -5,   -5,
     -23,   -5,   -5,  -19,   -5,   -5,   -5,  -42,   -5,   -5,   -9,   -5,   -9,   -5,   -5,   -5,
      -5,   -5,   -5,   -5,   -5,   -5,   -5,   -5,  -19,   -5,  -19,  -37,  -28,  -19,  -28,  -56,
     -28,  -37,  -42,  -19,  -19,  -23,  -51,  -28,  -33,  -37,  -37,  -28,  -28,  -14,  -19,  -37,
     -28,  -28,  -28,  -28,  -14,  -23,  -23,  -28,  -28,  -42,  -28,  -19,   -9,   -5,  -23,   -5,
      -5,   -5,  -23,   -5,   -5,  -14,   -5,   -5,   -5,   -5,   -5,   -5,  -14,   -5,   -5,  -14,
      -5,  -19,   -9,   -5,   -9,   -5,   -5,   -5,   -5,  -14,   -5,   -9,   -9,   -9,   -9,   -9,
      -9,   -9,   -9,   -9,  -19,  -23,  -14,   -9,   -9,   -9,   -5,   -5,  -19,  -14,   -5,   -9,
      -5,   -9,   -5,   -5,  -14,   -9,   -5,   -5,   -5,   -9,   -9,   -5,   -5,   -5,   -5,   -5,
     -14,   -5,   -5,   -5,  -14,   -5,  -14,  -19,   -5,   -5,   -5,   -9,   -5,   -5,  -19,   -5,
      -5,  -19,   -5,  -19,  -19,   -5,  -19,   -5,   -5,  -14,   -5,   -5,  -14,   -5,   -5,   -5,
     -14,   -9,  -14,  -14,  -14,   -9,   -9,  -14,  -14,  -14,  -14,  -14,  -19,  -19,  -37,  -14,
     -42,  -14,  -14,  -14,  -14,  -14,  -14,  -14,  -14,   -5,  -14,   -5,  -28,   -5,   -5,   -5,
     -23,   -5,   -5,   -5,   -5,   -5,   -5,   -5,   -5,   -9,   -5,   -5,   -5,  -28,    5,   -5,
     -28,   -5,   -5,   -5,   -5,   -5,   -5,   -5,   -9,    5,   -9,    9,   -9,   -5,   -5,   -9,
       9,   -9,    9,   -5,    5,   -5,   -5,   -5,   -5,    5,   -5,    9,   -9,   -9,  -19,  -23,
      -5,   -5,   -5,   -5,   -9,  -14,   -5,   -9,  -19,   -9,  -19,   -9,   -9,   -5,  -14,  -14,
     -19,   -9,  -19,   -9,   -9,   -9,   -9,   -9,   -9,   -9,  -19,   -9,  -19,  -23,  -19,  -14,
     -37,  -23,   -9,   -9,   -9,   -9,   -9,  -19,  -19,  -14,   -5,   -5,   -5,   -9,   -5,   -9,
      -5,  -14,   -5,  -19,   -9,   -5,  -14,  -14,  -19,   -9,  -19,   -9,   -9,   -9,  -19,   -9,
     -19,  -23,  -19,  -14,  -37,  -23,   -9,   -9,   -9,   -9,    5,   -9,   -9,   -5,   -9,  -14,
     -14,   -5,   -5,  -14,   -5,  -19,  -14,  -14,   -5,   -9,   -9,   -5,    5,   -5,   -5,  -14,
       5,   -9,   -9,   -9,   -9,   -5,   -9,   -5,   -5,    5,   -5,  -14,    5,   -9,  -37,    5,
      -5,  -37,   -5,   -5,  -14,   -5,   -5,   -9,   -5,   -9,    5,   -5,   -9,  -14,  -19,   -9,
     -14,   -9,   -9,   -9,  -14,  -14,   -9,  -19,  -14,  -14,   -5,   -9,  -14,  -14,  -14,  -14,
     -14,   -9,   -9,   -9,   -5,  -14,   -5,  -14,  -23,   -5,  -33,  -23,   -5,   -9,   -9,  -23,
     -19,   -9,  -14,   -9,   -5,   -9,  -14,  -14,   -5,  -19,   -9,  -14,   -9,  -14,   -9,   -9,
     -14,  -14,   -9,  -14,  -14,   -9,   -5,  -14,   -5,  -14,  -28,   -5,  -33,  -19,   -5,   -9,
      -9,  -14,  -14,   -9,   -9,  -14,   -9,   -9,  -14,   -9,   -9,  -14,   -9,   -9,   -9,   -9,
      -9,   -9,   -9,   -9,   -9,   -9,   -9,   -9,   -9,   -5,  -19,   -5,   -9,  -19,  -14,  -33,
     -19,   -9,   -9,   -9,   -5,  -37,   -9,   -9,   -9,  -33,  -14,  -14,   -5,   -9,   -9,   -5,
      -9,   -5,   -9,    9,   -5,  -14,    9,  -14,  -28,   14,   -9,  -23,   -5,   -5,   -9,   -5,
      -5,   -9,   -5,   -5,   19,    5,    5,  -23,    5,    5,    9,    9,    5,  -19,   -5,    9,
       9,   -5,    5,   -5,    5,  -14,    5,   -9,   -9,  -19,  -14,   -5,   -9,   -9,   -9,   -5,
      -9,   -9,   -5,  -19,   -9,  -14,   -9,   -9,   -9,  -14,   -9,   -9,   -9,   -9,   -9,   -9,
      -5,  -19,   -5,  -14,  -19,   -9,   -9,  -28,  -14,   -5,   -9,   -5,  -14,  -75,  -37,   -9,
      -5,   -5,  -14,   -9,  -33,    5,  -23,    5,   -5,  -23,   -5,   -5,   -5,   -5,  -14,    5,
     -19,   -9,  -14,   -9,   -9,  -28,   -5,   -5,   -9,   -5,   -5,   -9,   -9,   -9,   -5,   -5,
      -5,   -5,   -9,  -14,   -9,  -37,   -9,  -19,   -9,   -5,  -23,   -5,   -5,   -5,  -23,   -5,
      -9,   -5,  -19,  -19,   -9,   -5,   -9,   -9,   -5,   -5,   -9,    5,   -9,  -28,   -5,   -5,
     -28,   -5,   -5,   -5,   -5,   -5,   -5,   -5,   -5,   -5,    5,   -9,   -5,  -19,  -19,  -14,
     -14,   -9,  -14,   -9,   -5,   -5,   -5,   -9,    5,  -14,   -5,   -9,  -19,   -9,   -5,   -9,
      -5,   -9,  -19,  -65,   -5,  -37,   -5,   -9,  -14,   -5,   -9,  -37,   -9,   -9,   -9,   -5,
     -14,   -9,  -19,   -9,   -5,   -9,  -28,  -28,  -19,  -19,  -14,  -42,  -14,  -28,  -19,   -9,
      -9,  -14,  -42,   -9,  -14,  -23,   -9,  -28,  -23,   -5,   -9,  -28,  -23,  -33,  -14,   -9,
      -9,  -19,  -28,  -28,  -28,  -33,  -14,  -23,  -33,  -14,  -89,   -9,   -9,   -9,  -42,  -14,
     -14,  -14,  -14,  -19,   -9,  -47,   -9,   -9,  -37,   -5,   -5,  -33,   -9,  -28,  -33,  -14,
     -28,   -5,   -5,   -9,   -9,   -9,  -23,  -19,  -28,  -65,  -51,  -51,  -56,  -75,  -47,  -61,
     -42,  -37,  -37,  -61,  -75,  -56,  -51,  -61,  -56,  -47,  -61,  -42,  -51,  -65,  -56,  -51,
     -61,  -51,  -47,  -56,  -61,  -65,  -61,  -79,  -47,  -47,    5,   -9,  -37,   -9,   -9,   -9,
     -33,   -9,   -9,   -9,  -14,  -14,  -19,   -9,  -14,   -5,   14,   -9,   -9,   19,   -5,  -23,
       5,   -5,  -28,   -9,   -5,   -5,   -5,   -5,  -19,   -5,   14,  -19,    9,    5,    5,    5,
     -19,    9,    9,    5,    5,   -5,   -5,   -5,   -9,    9,  -14,  -19,   -9,  -37,   -9,   -9,
      -9,  -37,   -9,   -9,  -23,   -9,   -9,   -9,   -9,  -51,   -9,  -37,   -9,  -19,  -19,  -23,
     -23,  -23,  -33,  -14,  -19,  -23,  -14,  -14,  -19,  -19,  -14,  -14,  -28,  -28,  -19,  -28,
     -19,  -14,  -23,  -28,  -14,  -14,  -14,  -28,  -28,  -51,  -51,  -56,  -14,  -23,  -23,   -9,
     -28,  -19,   -9,  -19,  -14,  -14,   -9,  -19,  -14,   -9,  -19,   -9,  -23,   -9,   -9,   -9,
      -9,   -9,  -14,  -14,  -19,   -9,  -14,   -9,  -19,  -14,  -14,   -9,   -9,   -9,   -5,   -9,
     -14,   -5,  -14,  -23,   -5,   -9,  -23,   -9,   -9,  -14,   -5,   -5,   -9,   -9,   -5,   -9,
      -9,  -19,  -28,   -9,  -14,  -14,  -14,   -9,  -28,  -14,   -5,  -19,  -19,  -19,   -9,   -5,
     -14,   -5,   -9,   -5,   -5,   -5,  -14,   -5,   -9,   -9,  -14,  -14,   -5,   -9,   -5,   -5,
      -9,   -5,  -14,   -5,   -9,  -19,   -5,   -5,  -23,   -5,   -5,   -9,   -5,   -5,   -5,   -5,
      -5,   -5,   -9,  -19,  -19,   -5,   -9,   -9,   -9,   -9,  -14,   -9,  -23,   -5,   -5,  -23,
      -9,   -9,   -5,  -14,   -9,   -5,   -5,   -5,   -5,   -5,  -14,   -5,   -9,  -19,   -9,   -5,
     -23,   -5,   -5,   -5,   -5,   -9,  -23,  -19,   -5,   -5,  -14,  -14,   -9,  -14,   -5,   -9,
     -19,   -9,  -19,   -9,  -14,   -9,   -5,   -5,  -19,   -5,   -5,   -9,   -9,   -5,   -9,   -5,
      -5,   -9,   -5,  -14,   -5,   -9,  -14,  -14,   -9,  -28,  -14,   -5,   -5,   -5,   -5,   -5,
     -23,    5,   -5,  -14,   -5,   -5,   -5,  -23,   -5,  -14,  -14,   -9,   -9,   -5,    5,   -5,
      -5,    5,  -47,  -37,    9,   -5,  -51,   -5,   -5,  -23,   -5,   -5,    5,   -5,    5,   23,
      -5,  -23,    9,   -5,   -5,   -5,   -5,   -5,   14,   -5,   -5,    9,    9,   -5,    9,   -5,
     -14,    5,   -5,   -5,    5,   -5,    9,   -5,   -9,  -19,  -19,   -5,   -5,   -5,   -5,   -9,
      -5,  -14,   -5,  -19,   -5,   -5,   -5,   -5,  -19,   -9,   -9,   -5,   -9,   -9,   -5,   -9,
      -9,  -14,   -9,  -14,  -14,  -19,  -14,   -5,   -5,  -23,    5,   -9,  -19,   -5,   -5,   -5,
     -23,   -9,   -5,  -19,  -14,   -9,   -5,   -9,    5,   -5,   -5,   14,  -47,  -42,    9,   -5,
     -51,   -5,   -5,  -28,   -5,   -5,    5,   -5,   14,   14,  -19,    9,   -5,    9,   -5,    9,
       5,   -5,    9,   -5,   -5,   -5,   -5,    5,   -5,    9,   -5,   -9,    5,   -5,  -33,   -5,
      -5,   -5,  -19,   -5,   -5,   -5,  -19,  -19,   -5,   -5,   -5,   -5,    9,   -5,   -5,    9,
      -5,  -19,   14,   -9,  -28,   -9,   -9,   -5,   -5,   -5,    5,   -9,   -5,    5,   14,  -19,
       9,   -5,    9,   -9,    9,    9,    5,    5,   -5,    9,   -5,    9,  -14,   -5,    5,   -9,
     -23,   -9,   -5,   -5,  -23,   -9,   -5,   -5,  -14,  -14,   -9,   -9,  -14,   -9,    9,   -9,
      -9,    5,   -9,  -23,   14,   -9,  -28,   -9,   -9,   -9,   -9,   -9,    5,   -9,   -5,   19,
      -5,  -23,    9,    5,  -19,   -5,   -5,    9,    5,    5,   -5,   -9,    9,  -14,   -9,  -23,
     -23,   -9,  -14,   -9,   -9,   -5,  -14,   -9,   -5,  -19,   -9,  -23,   -9,   -9,   -5,   -9,
     -19,   -5,   -9,   -9,  -14,  -14,  -14,  -14,  -19,   -5,   -9,  -23,  -14,  -28,  -19,  -14,
      -5,   -5,  -14,  -14,   -5,   -9,   -9,   -9,   -5,  -14,  -14,   -5,   -5,   -5,   -9,  -23,
      -5,   -9,  -23,   -5,  -33,   -5,  -14,   -9,   -5,   -9,   -9,    5,   14,  -19,   14,   -5,
       5,   -5,   -5,    9,   -5,    9,  -14,    9,  -14,    9,   -5,   -5,    5,   -5,    9,  -14,
     -14,    5,    9,   -5,   -5,   -9,    5,   -9,   -5,   -5,   -5,   -5,   -5,    5,   -9,    9,
      -5,    5,   -9,    5,   -5,    5,   -5,   -5,    5,   -9,  -19,   -5,   -9,  -37,   -5,  -14,
      -9,  -14,  -33,   -5,   -5,   -5,   -5,   -5,   -5,   -5,   -5,   -9,   -5,   -5,   -9,   -5,
      -5,   -5,  -19,  -23,  -19,  -19,   -9,   -9,  -14,  -14,  -14,  -14,  -14,  -14,  -23,  -19,
     -14,  -14,   -5,   -9,  -14,   -5,  -19,  -14,  -19,  -19,  -19,   -5,  -33,   -9,   -9,  -23,
      -9,   -9,  -14,   -5,   -5,  -14,  -14,    5,    5,   14,   -5,   -5,   -9,    9,   -9,   -9,
      -5,   -5,   -5,    9,   -5,   -5,    9,   -9,    9,   -9,   -5,   -5,   -5,   -5,    9,  -14,
      -9,   -5,   -5,   -5,   -9,   -9,   -9,   -9,   -5,   -5,  -14,   -5,   -9,   -9,   -9,   -9,
      -5,  -14,   -5,   -9,  -19,   -9,   -5,  -23,   -5,   -5,  -14,   -5,   -5,   -9,   -5,   -9,
      -5,  -14,   -5,    9,   -5,  -14,    9,   -5,    5,   -5,   -5,   -5,   -5,   -5,    5,   -9,
       5,   -9,   -5,   -9,   -5,   -5,    9,   -5,  -19,   -9,   -9,   -9,   -9,  -19,  -14,  -14,
     -14,  -28,  -28,   -9,   -5,  -14,   -9,   -9,   -9,  -19,   -9,  -19,  -28,  -19,   -9,  -28,
      -5,   -5,  -19,   -9,   -9,  -14,   -5,   -9,  -14,   -5,  -19,   -9,   -9,   -5,   -9,   -5,
     -14,   -9,   -9,   -9,  -28,  -28,   -9,   -9,   -9,   -5,  -23,   -9,  -19,  -19,  -14,   -9,
     -28,  -23,   -5,   -9,   -5,   -9,   -9,   -5,  -19,   -5,   -5,   -5,   -5,   -5,   -9,   -5,
      -9,   -5,  -14,   -9,   -9,   -9,   -5,   -5,  -19,   -5,   -9,  -19,   -9,  -37,   -5,   -5,
      -5,   -5,   -5,  -23,   -9,   -9,   -9,   -5,   -5,  -19,  -14,   -5,   -9,  -14,  -14,   -5,
      -5,   -5,   -5,  -14,   -5,  -19,   -5,  -14,  -28,  -19,   -5,  -28,   -5,   -5,  -14,   -5,
      -9,   -5,   -5,   -9,   -5,   -9,   -9,   -5,    5,  -14,   -5,   -9,   -5,   -5,   -9,   -5,
      -9,   -9,   -5,  -14,   -9,  -14,   -5,   -5,   -5,   -5,   -9,   -9,  -19,  -14,   -9,   -9,
      -9,   -9,   -5,   -9,   -5,  -19,  -14,  -14,   -5,  -14,  -14,  -19,   -5,   -5,   -9,   -5,
      -5,  -14,    9,  -14,  -14,  -28,    9,   -9,   -5,   -9,   -9,  -14,  -14,  -19,  -19,    5,
      -9,  -14,    5,   -9,  -14,  -14,  -19,   -5,   -9,   -9,   -9,   -5,   -5,   -9,    5,  -14,
     -14,   -9,    5,  -19,   -5,   -5,   -5,   -5,   -5,   -5,   -5,   -5,  -19,   -5,  -19,   -5,
      -5,  -14,  -14,   -5,   -9,   -5,   -5,   -5,   -9,   -5,   -5,  -23,   -9,    9,   -9,   -9,
     -23,  -19,   -5,   -9,   -5,   -9,  -14,   -5,  -14,   -5,   -9,   -9,   -5,   -9,    5,   -5,
     -19,   -5,   -5,   -9,   -9,   -9,   -9,    5,  -14,   -9,   -5,   -5,    5,   -5,   -5,  -14,
      -5,   -5,   -5,   -5,   -5,   -9,   -9,   -5,    5,   -5,    5,   -5,  -14,   -5,   -5,  -14,
      -5,   -5,   -5,   -5,   -5,    5,   -9,   -5,  -19,    5,   -9,   -9,  -37,   -9,  -19,   -9,
      -9,   -9,  -14,  -33,  -14,  -14,   -5,   -5,  -14,   -9,   -9,   -9,   -9,  -14,   -9,   -9,
      -9,   -5,  -19,  -14,   -9,   -9,  -23,   -9,  -23,   -9,  -14,  -19,   -5,  -14,  -14,  -47,
     -14,  -19,  -19,   -9,   -9,  -14,  -37,  -19,   -9,  -14,   -9,   -5,  -14,   -5,   -9,  -23,
      -9,   -9,   -9,   -9,   -5,   -9,   -9,  -14,  -14,  -28,  -14,  -23,  -23,    9,   -9,   -9,
     -28,    9,  -19,   -5,   -5,   -5,  -14,   -9,  -19,  -14,    5,  -19,   -9,    9,   -5,  -14,
      -9,  -14,   -9,  -14,  -14,   -9,  -14,   -9,    9,  -14,   -9,  -19,  -37,  -19,  -19,  -23,
     -14,  -19,  -19,   -9,  -19,  -14,  -28,  -14,  -14,  -23,  -14,  -19,  -19,  -14,  -14,  -19,
     -14,  -14,  -19,  -19,  -19,   -9,  -14,   -5,   -5,   -5,  -23,  -14,  -14,   -5,   -9,   -9,
      -5,  -14,   -5,   -5,   -5,   -5,   -9,   -5,   -9,  -14,   -9,   -5,  -19,   -5,   -5,   -5,
      -5,   -5,   -9,   -5,   -5,   -9,   -5,  -14,   -9,   -5,   -5,  -23,  -14,  -19,  -19,  -14,
     -14,   -5,  -14,   -5,   -5,  -14,   -5,  -14,   -9,   -5,   -9,  -19,   -5,  -14,   -5,   -5,
      -5,   -5,   -5,   -9,   -5,   -5,  -14,   -5,   -9,   -5,    5,   -5,   -5,  -23,  -14,   -9,
     -14,   -9,   -9,   -5,   -9,   -5,   -5,   -5,   -5,   -9,   -5,   -5,  -14,  -19,   -5,  -23,
      -5,   -5,   -5,   -5,   -5,  -19,   -5,   -9,   -5,   -9,   -9,  -14,   -5,   -5,   -5,  -23,
      -9,  -14,   -9,  -14,  -14,   -5,  -23,   -5,   -5,  -14,   -9,  -19,   -9,   -5,  -19,  -14,
      -5,  -19,   -5,   -5,   -5,   -5,   -5,  -14,   -5,   -9,   -9,  -14,    5,   -9,   -5,  -14,
       5,   -9,   -5,   -9,   -9,   -9,   -5,   -9,   -9,    9,   -9,  -19,    5,   -9,  -23,    5,
      -5,  -37,   -5,   -5,   -5,   -5,   -9,   -5,   -5,    5,   -9,   -5,   -9,    5,  -23,   -5,
      -9,   -5,  -14,  -14,   -5,   -9,   -9,   -5,   -9,   -5,   -5,   -5,  -14,  -14,   -5,  -14,
      -5,   -5,   -5,   -5,   -5,   -5,   -5,  -19,    5,    9,   -5,   -5,  -23,    9,   -5,   -5,
      -5,   -9,   -9,   -5,   -5,   -5,    9,   -5,  -14,    5,   -9,  -33,    5,  -37,   -5,   -5,
      -5,   -5,    9,   -5,  -14,   14,  -14,  -14,  -28,    5,   -5,   -5,   -5,   -9,   -9,   -5,
      -5,    5,   -9,   -9,    5,   -9,   -5,   -9,  -14,   -5,   -5,   -5,   -9,   -9,    5,   -9,
     -19,    5,    9,   -9,   -9,  -23,    5,  -14,   -5,   -5,   -5,  -14,   -9,  -14,   -9,    5,
      -9,  -14,    5,   -9,   -9,  -14,   -9,   -9,   -5,   -9,   -9,   -5,   -5,    5,  -14,  -14,
      -9,  -14,   -5,   -5,   -5,  -23,  -14,  -19,  -19,   -9,   -9,   -5,  -14,   -5,   -5,  -14,
      -5,  -14,   -5,   -5,  -19,  -19,   -5,  -28,   -5,   -5,   -5,   -5,   -5,   -5,   -5,   -9,
     -14,  -14,    5,   -5,    9,   -5,   -5,  -23,    9,   -9,   -5,   -5,  -14,   -9,   -5,    5,
      -9,    5,   -5,   -5,    5,  -14,   -5,   -9,   -9,   -5,   -5,   -9,    9,
};

static const EpdFontData edslab_14_bold = {
    edslab_14_boldBitmaps,
    edslab_14_boldGlyphs,
    edslab_14_boldIntervals,
    55,
    36,
    27,
    -9,
    true,
    edslab_14_boldGroups,
    11,
    nullptr,
    nullptr,  // kernLeftClasses: built-in fonts use the split arrays below
    nullptr,  // kernRightClasses
    edslab_14_boldKernLeftCodepoints,
    edslab_14_boldKernLeftClassIds,
    edslab_14_boldKernRightCodepoints,
    edslab_14_boldKernRightClassIds,
    nullptr,  // kernMatrix: built-in fonts use the sparse form below
    edslab_14_boldKernRowOffsets,
    edslab_14_boldKernSparseCols,
    edslab_14_boldKernSparseValues,
    129,
    129,
    129,
    129,
    nullptr,
    0,
};
