/**
 * generated by fontconvert.py
 * name: edslab_16_bold
 * size: 16
 * mode: 2-bit  compressed: true
 * Command used: fontconvert.py edslab_16_bold 16 ../builtinFonts/source/EdsLab/EdsLab-Bold.ttf --2bit --compress --pnum --zopfli
 */
#pragma once
#include "EpdFontData.h"

static const uint8_t edslab_16_boldBitmaps[16250] = {
    0xC5, 0x79, 0x47, 0x98, 0xE5, 0x4A, 0x52, 0xF5, 0x91, 0xF4, 0x4F, 0x6B, 0xA1, 0xEF, 0xFB, 0x85,
    0xF7, 0x20, 0xDC, 0x16, 0xB4, 0xC5, 0xA7, 0xF0, 0x3B, 0xBC, 0xF7, 0x6E, 0x5F, 0x4B, 0x3C, 0x12,
    0x7E, 0xDB, 0xFB, 0x2D, 0xDE, 0xDB, 0x2D, 0x4F, 0x89, 0xF7, 0x20, 0xFC, 0x12, 0x31, 0x1F, 0xDE,
    0x26, 0xA0, 0x37, 0xA8, 0xE7, 0xA5, 0x74, 0xB8, 0x27, 0xB2, 0x54, 0x75, 0xEB, 0xF6, 0xED, 0xA6,
    0x7A, 0xAC, 0x2A, 0x75, 0x8E, 0x4C, 0x44, 0x64, 0x44, 0x54, 0x66, 0xA4, 0xB2, 0xCA, 0xF9, 0xC7,
    0xFD, 0x00, 0x6D, 0x37, 0x7A, 0xFA, 0xD1, 0xB7, 0x1D, 0x9D, 0x7F, 0x51, 0x03, 0x88, 0x3A, 0x40,
    0xD4, 0xCC, 0x89, 0x26, 0x20, 0xDB, 0xD1, 0x9E, 0x28, 0xDF, 0xE0, 0xFC, 0x1D, 0x15, 0x11, 0x6E,
    0x40, 0x4D, 0x1D, 0xFE, 0x2A, 0xA1, 0x0E, 0xD9, 0x0E, 0xA0, 0x9E, 0xF3, 0x0D, 0x40, 0x3B, 0x15,
    0x11, 0x80, 0xF3, 0x22, 0xEA, 0x88, 0x57, 0xE9, 0xD2, 0x07, 0x75, 0x2E, 0x1F, 0x2E, 0x3B, 0x4F,
    0xD4, 0x0F, 0x90, 0xE8, 0x03, 0x78, 0x13, 0x3B, 0x64, 0xE4, 0x86, 0x8A, 0x64, 0xD7, 0x92, 0x9C,
    0xFA, 0x05, 0x7D, 0x18, 0x07, 0xD4, 0x81, 0x40, 0x25, 0xA8, 0x05, 0xF8, 0xBC, 0x51, 0xFA, 0xFD,
    0x22, 0xFF, 0xF8, 0xC3, 0x50, 0x3C, 0x33, 0x72, 0x92, 0x40, 0x43, 0x4E, 0xC0, 0x07, 0x33, 0x48,
    0x60, 0x05, 0x50, 0xC5, 0x6F, 0x52, 0x97, 0x14, 0xEC, 0xB7, 0x57, 0xE5, 0xCA, 0x19, 0x6D, 0xE8,
    0x49, 0xCE, 0x0D, 0xC9, 0x21, 0x57, 0xBF, 0xF2, 0xE0, 0xD2, 0xAB, 0x8C, 0x93, 0xF9, 0x5C, 0x33,
    0x62, 0x3C, 0xB1, 0x23, 0x21, 0xA9, 0xFE, 0x9F, 0xF9, 0xA9, 0x94, 0x48, 0xD7, 0xFF, 0x9A, 0x31,
    0xDC, 0xAF, 0x6F, 0x89, 0x7F, 0x3B, 0x26, 0xFE, 0xFD, 0x55, 0x3C, 0x8C, 0x7F, 0x2C, 0x37, 0xFB,
    0x37, 0xF8, 0xB5, 0x01, 0xA6, 0xEF, 0x66, 0x98, 0x3D, 0x99, 0x95, 0xFD, 0x51, 0x2C, 0xD1, 0xEF,
    0xE6, 0x64, 0x4F, 0xD4, 0x17, 0x90, 0x53, 0x7D, 0x01, 0xC5, 0x76, 0xD2, 0xED, 0x80, 0x32, 0xB2,
    0xEB, 0x3D, 0x50, 0xAD, 0x4C, 0x1E, 0x2D, 0x89, 0x9B, 0x90, 0xD8, 0xCD, 0xE9, 0xBD, 0xF3, 0x27,
    0xDF, 0x3A, 0x60, 0xF4, 0x49, 0x9F, 0x83, 0xD9, 0xCB, 0x68, 0xB1, 0xA0, 0xE2, 0x53, 0xB9, 0xC3,
    0x55, 0x8F, 0x84, 0x45, 0xC2, 0x1D, 0xDF, 0xA2, 0xE4, 0x00, 0x77, 0xB8, 0x19, 0x52, 0x98, 0x71,
    0x30, 0x9C, 0x20, 0x03, 0x8A, 0xA7, 0x61, 0x54, 0x8C, 0xFF, 0x40, 0x10, 0xA7, 0x0C, 0x0C, 0xC4,
    0xD8, 0x71, 0xA2, 0x9E, 0x05, 0x61, 0xB3, 0xED, 0x20, 0x2A, 0x6E, 0x60, 0x97, 0xA7, 0xDC, 0x31,
    0xC0, 0x2D, 0xD9, 0x09, 0x5B, 0xAA, 0xCB, 0x8A, 0xCA, 0x79, 0x4E, 0xBE, 0x41, 0xA0, 0xDD, 0x3F,
    0x95, 0x1D, 0x8F, 0x03, 0x76, 0x7C, 0x12, 0x90, 0x6D, 0xC9, 0x83, 0x3A, 0x02, 0x2E, 0x40, 0x56,
    0x32, 0x26, 0xD7, 0xAA, 0x15, 0x36, 0xDE, 0x9A, 0x59, 0x21, 0xA7, 0x73, 0x54, 0xD8, 0x00, 0xF8,
    0xB2, 0xB3, 0x4B, 0x72, 0xFD, 0x70, 0xAF, 0xD7, 0xCE, 0xB2, 0x25, 0x9B, 0x29, 0xF8, 0x3C, 0xE5,
    0x4D, 0x39, 0x05, 0x9A, 0x08, 0x94, 0x4C, 0xBE, 0x28, 0x47, 0x77, 0xCE, 0xF5, 0x00, 0xBD, 0xDC,
    0xAA, 0xA3, 0xD2, 0x27, 0xCB, 0xBD, 0x47, 0x3B, 0xC9, 0x54, 0xB5, 0xA0, 0x88, 0x6A, 0xF9, 0x86,
    0x4C, 0xEF, 0xAE, 0xB4, 0x6C, 0x57, 0xCB, 0x37, 0x89, 0x95, 0x51, 0x2A, 0x75, 0x90, 0x2B, 0xCE,
    0x83, 0x43, 0x41, 0x54, 0x11, 0x6E, 0x01, 0x27, 0xF4, 0x1D, 0x3E, 0x06, 0x3A, 0x0E, 0x87, 0xFF,
    0xBF, 0xFB, 0x7D, 0x38, 0x72, 0xE8, 0xC9, 0xA9, 0x21, 0xBB, 0x82, 0x11, 0x62, 0xDD, 0xEB, 0xB9,
    0xDE, 0x1F, 0xB2, 0xE6, 0x86, 0x1A, 0x19, 0xEF, 0xDA, 0xF1, 0x50, 0xCD, 0x61, 0x1C, 0xE8, 0xE9,
    0x7B, 0xEF, 0xBA, 0x11, 0xBF, 0x82, 0xF7, 0x79, 0x20, 0xE9, 0x40, 0xAF, 0x1F, 0x07, 0xC8, 0x09,
    0x67, 0x61, 0xEF, 0x40, 0x44, 0x16, 0x91, 0xAF, 0x28, 0x16, 0x94, 0x01, 0xD5, 0x8C, 0x7A, 0x42,
    0xED, 0xD1, 0x7A, 0xB8, 0xEE, 0x56, 0xEA, 0xB5, 0x07, 0x52, 0xC5, 0x99, 0x54, 0xE3, 0xE1, 0x86,
    0x7B, 0xA9, 0x4D, 0x82, 0x78, 0x0F, 0x1B, 0x5B, 0x03, 0x30, 0x72, 0x41, 0x4E, 0xEE, 0x28, 0x49,
    0x76, 0xF5, 0x96, 0xD1, 0xB7, 0x01, 0x6E, 0x76, 0x13, 0x9A, 0xD0, 0x7B, 0xD4, 0xCB, 0x38, 0x68,
    0x16, 0x74, 0x28, 0x6D, 0x56, 0xBF, 0x04, 0x24, 0x62, 0xC2, 0xA6, 0x66, 0x06, 0xCC, 0x94, 0x19,
    0x35, 0xF3, 0x99, 0x3A, 0x42, 0xCF, 0x05, 0x78, 0xC2, 0x01, 0x8C, 0xF7, 0xAD, 0x78, 0x9B, 0x1A,
    0x19, 0xEE, 0x1A, 0x6E, 0xF6, 0x0E, 0x85, 0x2E, 0x6A, 0x32, 0xC2, 0x91, 0x84, 0x9B, 0x0B, 0x9B,
    0xA7, 0x1C, 0xFA, 0x41, 0x73, 0xD4, 0xA3, 0xF7, 0x4E, 0x57, 0xB7, 0x43, 0x2E, 0x63, 0x97, 0xC6,
    0x1B, 0xDA, 0x0D, 0xC8, 0xB9, 0x02, 0x0D, 0x67, 0x80, 0x0A, 0x46, 0x6E, 0x36, 0x92, 0x72, 0x11,
    0xC0, 0xA8, 0xD2, 0xC4, 0x41, 0x00, 0x01, 0xC9, 0x4B, 0xA8, 0x49, 0x86, 0x0B, 0x90, 0x55, 0xD5,
    0x11, 0xEB, 0xC3, 0xEC, 0xDC, 0x3F, 0xEA, 0x64, 0xFF, 0x99, 0x80, 0x83, 0x60, 0xC2, 0x9B, 0xBE,
    0x42, 0x1A, 0x68, 0x56, 0x00, 0xA5, 0xA4, 0x8B, 0x33, 0xF8, 0x60, 0x25, 0xD8, 0x79, 0xD4, 0x6B,
    0xBB, 0xA0, 0x37, 0xF3, 0xB3, 0xD2, 0x3A, 0xA4, 0xB4, 0x7E, 0x30, 0xE7, 0x43, 0xB6, 0x12, 0x34,
    0x02, 0x27, 0xA0, 0x66, 0x99, 0xA0, 0x14, 0xD4, 0x02, 0xF7, 0xDF, 0x27, 0x18, 0xFF, 0x2C, 0x22,
    0xE3, 0xF7, 0x46, 0x14, 0x2C, 0x22, 0xEA, 0xED, 0x04, 0xED, 0x7A, 0x82, 0x3E, 0x9C, 0x80, 0xF2,
    0xFE, 0x02, 0x1E, 0xF8, 0x23, 0x20, 0xC3, 0x05, 0x14, 0xF2, 0xEA, 0x12, 0x24, 0x7A, 0x15, 0xC8,
    0xA7, 0x82, 0x4D, 0x60, 0x71, 0x70, 0x42, 0x67, 0x29, 0x42, 0xBD, 0x5C, 0xCB, 0x41, 0xF5, 0x88,
    0x1C, 0xE4, 0xFC, 0x5B, 0xA0, 0xD5, 0xED, 0x98, 0x16, 0x1B, 0x4E, 0x25, 0x3B, 0x37, 0xD7, 0x11,
    0x75, 0x68, 0xC2, 0x09, 0xDC, 0x2C, 0xF0, 0xC0, 0xE7, 0xF5, 0xBF, 0xC5, 0x49, 0x62, 0x51, 0x40,
    0xA4, 0xDF, 0xE5, 0x82, 0x71, 0xA2, 0x47, 0x3B, 0xB3, 0xB3, 0x25, 0xF0, 0x80, 0x51, 0xB7, 0xFD,
    0x80, 0x26, 0xB8, 0x09, 0x6E, 0x6A, 0x57, 0xA4, 0xDF, 0xF9, 0x50, 0x30, 0xF5, 0xB6, 0xA6, 0x49,
    0x75, 0x6D, 0x6C, 0xDC, 0x16, 0xC3, 0x9C, 0x47, 0xB1, 0xAF, 0xE2, 0x11, 0x64, 0x13, 0x90, 0x8A,
    0x1F, 0xFA, 0xFB, 0x71, 0x29, 0xB1, 0xFD, 0xC8, 0x40, 0xBD, 0xBE, 0x82, 0x98, 0x4C, 0xE2, 0x83,
    0x77, 0x5B, 0xDE, 0x03, 0x4A, 0x65, 0x57, 0x4E, 0xA2, 0x5D, 0x73, 0x76, 0x6E, 0x4A, 0xD3, 0xC0,
    0x9D, 0xC3, 0x8C, 0x71, 0x68, 0xF4, 0x56, 0x72, 0xD2, 0x88, 0x49, 0xC3, 0xC9, 0xF1, 0x7E, 0xCE,
    0x38, 0x71, 0x50, 0x36, 0xF0, 0x20, 0x1B, 0xF6, 0xCC, 0xDE, 0x9A, 0x9C, 0x69, 0xE4, 0x54, 0x0E,
    0x5A, 0xF9, 0xD6, 0xEE, 0xD0, 0xED, 0x8C, 0x4A, 0xF6, 0x5A, 0x92, 0xB6, 0x20, 0x0D, 0xBD, 0xBA,
    0x64, 0x87, 0x76, 0x92, 0x95, 0x4B, 0xA3, 0x63, 0x97, 0xCA, 0x8E, 0x0B, 0x6E, 0xC9, 0x19, 0x1A,
    0x92, 0xA1, 0x12, 0xE4, 0xE4, 0x7F, 0x04, 0xB4, 0xCF, 0x9A, 0xF9, 0xE3, 0x81, 0x76, 0xEA, 0x3B,
    0x38, 0xAF, 0x39, 0x3D, 0xD8, 0x14, 0x77, 0xE4, 0x6E, 0xD3, 0x3E, 0x75, 0x89, 0x9B, 0x1D, 0x38,
    0x2F, 0xA6, 0xE7, 0xC7, 0xFD, 0xF3, 0xEB, 0x12, 0xE7, 0x25, 0xBA, 0xB7, 0x12, 0x0D, 0xE0, 0x63,
    0x15, 0x8C, 0x05, 0x95, 0x71, 0x41, 0xA3, 0xF1, 0xB6, 0x8A, 0x30, 0xAE, 0x00, 0x27, 0x18, 0xEB,
    0x3E, 0xE3, 0xDD, 0xC5, 0x72, 0x24, 0x41, 0xFA, 0x64, 0xBC, 0xDA, 0xBE, 0x13, 0x40, 0xAA, 0x47,
    0xFD, 0x8A, 0xA4, 0x99, 0x6C, 0x1C, 0x97, 0xE9, 0xB3, 0xCB, 0x26, 0x4B, 0x97, 0xAE, 0x72, 0x2E,
    0x17, 0x7D, 0x25, 0xDD, 0x71, 0x00, 0x60, 0xF6, 0xB2, 0xD1, 0xB2, 0x31, 0x3B, 0x72, 0x1D, 0xC9,
    0x8D, 0x43, 0xB9, 0x13, 0x19, 0x99, 0x2A, 0x1B, 0xFB, 0x2E, 0xE7, 0x7B, 0xA0, 0xDC, 0x52, 0x49,
    0x1A, 0x17, 0x14, 0x9C, 0x50, 0xB3, 0xB3, 0x9A, 0xD1, 0x06, 0xD5, 0xB7, 0x87, 0xE7, 0xFB, 0xAA,
    0xEB, 0x2E, 0x39, 0x4A, 0x9F, 0x58, 0xF7, 0x78, 0xC2, 0x5D, 0x84, 0x9E, 0xB4, 0xF9, 0x4A, 0x92,
    0x72, 0x58, 0xAC, 0xAC, 0x3C, 0xB3, 0x08, 0x54, 0xEF, 0x64, 0xBB, 0xDC, 0x71, 0x33, 0x17, 0x3B,
    0xEA, 0xB5, 0xE4, 0x0E, 0x76, 0x8D, 0x26, 0xF0, 0x30, 0x0E, 0x4E, 0x0B, 0xAB, 0x7D, 0x83, 0x37,
    0xB3, 0x9B, 0xDB, 0x69, 0x1C, 0x9A, 0xA9, 0x09, 0xCD, 0xCC, 0xAE, 0x7E, 0x5A, 0x07, 0x0D, 0x8D,
    0x6C, 0xA4, 0x71, 0xC5, 0xC4, 0x6D, 0x62, 0xAD, 0x2E, 0xC6, 0xE3, 0x60, 0xDC, 0x8D, 0xDD, 0x89,
    0xE7, 0x71, 0x38, 0xFD, 0x84, 0x76, 0xEA, 0x7D, 0x4F, 0x6E, 0xA3, 0x77, 0xCA, 0x04, 0x39, 0xB4,
    0xA1, 0xE6, 0xDF, 0x90, 0xA8, 0x63, 0xF6, 0x13, 0xCA, 0x59, 0x69, 0x5F, 0xC2, 0x1D, 0x72, 0xF9,
    0x9A, 0x2B, 0x85, 0x3B, 0xB2, 0x5E, 0xB1, 0x9A, 0xF8, 0x7D, 0x3C, 0x18, 0xC9, 0x15, 0xF7, 0xF1,
    0x2A, 0x95, 0x89, 0x86, 0x44, 0x3E, 0xD1, 0x04, 0x00, 0x35, 0xC3, 0x19, 0xB5, 0x49, 0xD1, 0xFD,
    0x55, 0x14, 0xF5, 0xF6, 0xDD, 0x0A, 0x7E, 0x0F, 0x4D, 0x01, 0xA2, 0x9C, 0xE0, 0x60, 0x55, 0xA1,
    0xF7, 0x36, 0x93, 0xDD, 0x64, 0x73, 0xB9, 0x0D, 0x40, 0x43, 0xDA, 0x38, 0xA2, 0xF5, 0xAF, 0x28,
    0xA2, 0x39, 0xC3, 0x0D, 0x52, 0xCA, 0x99, 0x6A, 0x00, 0xBB, 0x7C, 0xB7, 0x11, 0x70, 0xBB, 0xFC,
    0x5D, 0x27, 0x8B, 0x49, 0xB8, 0x18, 0xEE, 0x86, 0x54, 0x69, 0xCD, 0x38, 0x9C, 0x10, 0xBD, 0x17,
    0xBA, 0xE7, 0x70, 0x14, 0xE6, 0xEC, 0x0A, 0xD3, 0x12, 0x46, 0x43, 0x76, 0x86, 0x49, 0x66, 0x16,
    0x36, 0x41, 0x58, 0x3F, 0x87, 0xAD, 0xE1, 0x38, 0xD1, 0xE4, 0x0D, 0x21, 0x88, 0x86, 0x4F, 0xD3,
    0x90, 0xB5, 0x70, 0x17, 0x8B, 0x6F, 0x4B, 0xF6, 0x55, 0x4E, 0x73, 0x0E, 0xB5, 0xF9, 0xE6, 0x6C,
    0x60, 0xBA, 0x49, 0xD8, 0x7B, 0x3D, 0x19, 0x3B, 0xE0, 0x49, 0x47, 0xE8, 0x78, 0x39, 0x4A, 0x52,
    0x1A, 0x42, 0x59, 0x78, 0x62, 0xD9, 0xAD, 0x43, 0xBD, 0xC9, 0xB7, 0x92, 0x4F, 0x33, 0x4E, 0x79,
    0x4A, 0xD0, 0x78, 0xEC, 0x6C, 0x56, 0x79, 0xC5, 0xE1, 0xF0, 0x50, 0xB4, 0x25, 0xE2, 0x90, 0x28,
    0x58, 0xEE, 0xC6, 0x55, 0x84, 0x26, 0x1A, 0x15, 0x34, 0xCA, 0x12, 0xC1, 0x12, 0x7B, 0x64, 0x16,
    0xEE, 0xD1, 0xD4, 0x27, 0xBD, 0xB1, 0x3B, 0x33, 0x56, 0xEC, 0x46, 0x75, 0x3C, 0xBA, 0xA5, 0x8E,
    0xF9, 0xDC, 0xA5, 0x0D, 0xE7, 0xEE, 0xD2, 0x3F, 0x8F, 0xD7, 0x7E, 0xC3, 0x9A, 0xE0, 0x42, 0xE0,
    0x01, 0x92, 0x5C, 0xAF, 0xA1, 0xDE, 0x5E, 0xC7, 0x0B, 0xCB, 0x2F, 0xF2, 0xE1, 0xDD, 0xE1, 0xDB,
    0x25, 0x92, 0xE1, 0x2A, 0x1E, 0x23, 0xD1, 0xEE, 0x78, 0x31, 0x12, 0xBB, 0x17, 0x8C, 0xC4, 0xE1,
    0xEA, 0x48, 0x24, 0xC3, 0x15, 0xEC, 0x34, 0xEE, 0x7A, 0x2F, 0x74, 0x93, 0xF0, 0x7E, 0x24, 0xBA,
    0x50, 0x5D, 0x8C, 0xC4, 0x3D, 0xCD, 0x09, 0xF3, 0xAA, 0x43, 0xFA, 0xAE, 0x8D, 0x57, 0x29, 0x8D,
    0x36, 0xBC, 0x02, 0x51, 0xC7, 0x75, 0x7A, 0x65, 0x63, 0x2F, 0xF3, 0xEC, 0x72, 0x2F, 0xF4, 0xEA,
    0xED, 0xDC, 0x82, 0x72, 0xE3, 0x2F, 0xC0, 0xA6, 0xCD, 0xAB, 0xC3, 0x4F, 0x0A, 0xF8, 0x1C, 0xF4,
    0x03, 0x07, 0xB0, 0xEB, 0xE7, 0x9C, 0x70, 0xE4, 0x8E, 0x46, 0x81, 0x94, 0xB7, 0x1F, 0x16, 0x5D,
    0xDA, 0x74, 0xC4, 0x4B, 0xB4, 0xD8, 0x5C, 0x72, 0x37, 0x9C, 0x30, 0xA7, 0x3F, 0x61, 0x45, 0x9C,
    0xB0, 0x8D, 0xC2, 0x31, 0x68, 0x0A, 0xD3, 0x23, 0xED, 0x52, 0x84, 0xD1, 0x90, 0xC2, 0xBF, 0x62,
    0x77, 0x42, 0x8C, 0xD2, 0x82, 0x33, 0x6C, 0x67, 0x61, 0x13, 0x84, 0x75, 0xC2, 0xE5, 0x9B, 0x4E,
    0x58, 0x45, 0xDA, 0x97, 0xB6, 0x30, 0xE7, 0x2E, 0x63, 0x8C, 0xC2, 0x76, 0x7A, 0xC1, 0xA8, 0x96,
    0xEE, 0x3B, 0x0F, 0x2F, 0xEA, 0x3D, 0x75, 0x5C, 0x43, 0x93, 0x67, 0xE4, 0x2E, 0x35, 0x79, 0xDC,
    0x01, 0x95, 0xD8, 0x03, 0x0D, 0x63, 0xA1, 0x04, 0x3B, 0xA2, 0xE0, 0x02, 0x50, 0x1C, 0x91, 0x1B,
    0xEF, 0x28, 0xC5, 0x9B, 0x36, 0xA8, 0x54, 0x26, 0x7D, 0xBB, 0x8A, 0xDD, 0xDC, 0x07, 0x71, 0xF3,
    0x3A, 0xBD, 0xB8, 0x22, 0x21, 0x2E, 0xB8, 0x19, 0x67, 0x5C, 0x8D, 0x31, 0x86, 0xC4, 0xCE, 0x27,
    0x7E, 0x13, 0x12, 0xE3, 0x65, 0x7C, 0x5B, 0x01, 0xE2, 0x0B, 0x39, 0x02, 0x2E, 0x85, 0x23, 0x62,
    0x97, 0xC8, 0x8B, 0x0A, 0xC9, 0xC8, 0xF5, 0x35, 0xD1, 0x96, 0x88, 0x46, 0x1B, 0x93, 0x1B, 0xE3,
    0x6C, 0xE4, 0x82, 0x51, 0x1D, 0x8D, 0xCA, 0xDD, 0x28, 0x67, 0x27, 0x02, 0xBD, 0x91, 0x0B, 0x46,
    0x29, 0x6C, 0xA4, 0x2C, 0xC8, 0x9E, 0x28, 0x4B, 0x84, 0x31, 0x91, 0x4B, 0x9E, 0xD7, 0x89, 0xCA,
    0x44, 0x79, 0x22, 0xF0, 0x76, 0x4D, 0x43, 0x1A, 0xD4, 0x52, 0x92, 0xE3, 0x79, 0x5A, 0x48, 0x54,
    0x7D, 0xC6, 0x05, 0x2A, 0x45, 0x8D, 0xFA, 0xD4, 0x78, 0xB5, 0xE5, 0x32, 0xE3, 0xED, 0x9E, 0xB9,
    0x63, 0x07, 0x9B, 0x21, 0xB0, 0x19, 0xF4, 0x08, 0x1A, 0x93, 0x42, 0x9F, 0xD4, 0x6F, 0x8D, 0xB5,
    0x66, 0xFA, 0xE8, 0xA8, 0xB4, 0x6E, 0x0F, 0x27, 0xD0, 0x93, 0xF2, 0xB0, 0x4E, 0x0E, 0x42, 0xEE,
    0xA6, 0x45, 0xCD, 0x70, 0x3F, 0x5F, 0xD9, 0x6C, 0xC4, 0xF5, 0x8B, 0xB0, 0x5E, 0x85, 0x45, 0xBC,
    0xC4, 0x52, 0x98, 0xDE, 0x9E, 0x3A, 0x29, 0xAC, 0x0F, 0x43, 0x2F, 0xDC, 0x20, 0x7C, 0xFA, 0xF6,
    0xAE, 0x18, 0x1C, 0xC4, 0xCD, 0xE1, 0xB1, 0x05, 0x70, 0xC4, 0x73, 0x64, 0xF5, 0x88, 0xF6, 0xC8,
    0xEB, 0x91, 0xD8, 0x23, 0xB3, 0xB8, 0x4D, 0x2D, 0x6E, 0x13, 0xF7, 0x18, 0xAE, 0xC5, 0x63, 0x87,
    0x56, 0xCB, 0x90, 0x5A, 0xE0, 0x20, 0xBB, 0xA7, 0x09, 0x01, 0x25, 0xB9, 0xE2, 0x6E, 0xFD, 0xE6,
    0x8C, 0xB0, 0x34, 0x73, 0xB9, 0xF7, 0xCB, 0x12, 0x3D, 0xC1, 0x32, 0xCD, 0xF0, 0x1E, 0x72, 0x7C,
    0xFF, 0xDC, 0xD5, 0x75, 0x16, 0xF1, 0xE6, 0x06, 0xC0, 0x64, 0x3B, 0x31, 0x48, 0x23, 0xB8, 0x3D,
    0x71, 0xB5, 0xBE, 0xE4, 0xBB, 0x68, 0x4A, 0xE3, 0x31, 0x18, 0x35, 0x8B, 0x51, 0x9D, 0xA8, 0x7A,
    0x40, 0x75, 0xA2, 0x54, 0xE2, 0x32, 0x29, 0x24, 0x75, 0xA3, 0xCE, 0x28, 0xC2, 0xA8, 0x83, 0xE6,
    0x73, 0x22, 0x65, 0x4C, 0xE4, 0x26, 0x91, 0xE2, 0x4C, 0xB5, 0xF1, 0xA3, 0x8D, 0x62, 0xDF, 0x91,
    0xA1, 0x24, 0x45, 0x39, 0xD3, 0xC0, 0xE7, 0x66, 0xD4, 0xDA, 0xF0, 0x9A, 0x51, 0xDE, 0x96, 0x75,
    0x0E, 0x4E, 0xFD, 0xF5, 0x93, 0x32, 0x77, 0xBE, 0xD9, 0xAF, 0x04, 0xB0, 0x8E, 0xE0, 0x9E, 0x01,
    0x68, 0xB8, 0x77, 0x52, 0x5B, 0x81, 0x51, 0x71, 0xE6, 0x23, 0xE7, 0x63, 0x7B, 0xD6, 0xC4, 0xCF,
    0xC3, 0xE5, 0x9F, 0xC7, 0xAA, 0x95, 0x03, 0xDA, 0x65, 0x54, 0x6A, 0xD5, 0x87, 0xAF, 0x48, 0x02,
    0x3F, 0xC7, 0xBF, 0x05, 0x75, 0xC4, 0x2B, 0xA8, 0x0A, 0xFA, 0x00, 0xE5, 0x0C, 0xF0, 0x4E, 0xC1,
    0x82, 0xF4, 0x57, 0xF0, 0xD8, 0xFB, 0x5F, 0xA3, 0xE3, 0xF3, 0xF4, 0x1D, 0x4E, 0xFD, 0x90, 0xEF,
    0x46, 0xB7, 0x7B, 0x19, 0x70, 0x48, 0x13, 0x23, 0xA4, 0x79, 0xB2, 0x7F, 0xF1, 0x4D, 0xBC, 0xDB,
    0x0A, 0x95, 0xB7, 0x83, 0x77, 0x24, 0xD3, 0x06, 0xF4, 0x6F, 0x81, 0x97, 0xED, 0x7A, 0x64, 0x01,
    0xE3, 0xBD, 0xE9, 0xEE, 0x98, 0x73, 0xC5, 0x66, 0x53, 0xB0, 0x8C, 0xD0, 0xB0, 0xA8, 0x56, 0x0D,
    0x43, 0x0D, 0x48, 0x9D, 0x6D, 0x38, 0x36, 0x62, 0xC7, 0xB6, 0x2C, 0xDF, 0x31, 0x0E, 0x90, 0x2E,
    0x8F, 0x0D, 0x5C, 0xDA, 0xCE, 0x9D, 0x6D, 0xEE, 0x5A, 0xAE, 0xCF, 0xEF, 0xFF, 0x4A, 0x4E, 0xA2,
    0x82, 0x5E, 0x94, 0x73, 0x10, 0x81, 0xB8, 0xF5, 0xFA, 0xCE, 0xD5, 0x66, 0x39, 0xAE, 0xDA, 0xF5,
    0xB8, 0x72, 0x29, 0xEF, 0x72, 0xD4, 0xBE, 0x3B, 0x95, 0xA6, 0x7E, 0x83, 0x3C, 0x21, 0x40, 0x9D,
    0x29, 0x28, 0x22, 0xA3, 0x04, 0x32, 0xB2, 0x33, 0xF1, 0x93, 0xE8, 0x38, 0x14, 0x16, 0x5A, 0xB1,
    0x39, 0x5F, 0xDD, 0x6E, 0xCD, 0x9C, 0xB7, 0x00, 0x43, 0xB9, 0xB6, 0x53, 0xFA, 0x1B, 0x7C, 0xBD,
    0x34, 0xA1, 0x9D, 0x15, 0xAD, 0x36, 0xD0, 0x29, 0xE0, 0x26, 0xD4, 0x4B, 0x8A, 0xB9, 0x9D, 0xCA,
    0x55, 0x61, 0x83, 0xFA, 0x55, 0xA5, 0xC8, 0x47, 0x5F, 0xEC, 0x29, 0x78, 0x0E, 0x39, 0x77, 0x8B,
    0x9F, 0x5D, 0xC6, 0x98, 0xAE, 0x80, 0x74, 0xD5, 0xEC, 0x80, 0xAA, 0x5E, 0xAA, 0x7B, 0xBD, 0xE5,
    0x42, 0x6E, 0xB8, 0xD9, 0xB2, 0xA2, 0xAB, 0x49, 0xF2, 0x01, 0xA4, 0xBF, 0x4A, 0x70, 0x73, 0xC6,
    0x41, 0x05, 0xA4, 0xA0, 0x29, 0x57, 0x9B, 0x25, 0xB2, 0x56, 0x96, 0x33, 0xFE, 0x9C, 0x99, 0x1C,
    0x39, 0xA5, 0x7E, 0x87, 0x94, 0x73, 0x21, 0x24, 0x78, 0x7F, 0xD7, 0xA6, 0x77, 0x7D, 0x92, 0xE4,
    0x18, 0xEE, 0xAD, 0x98, 0xCD, 0xA3, 0x87, 0xA3, 0xBF, 0xD1, 0x83, 0x93, 0x1C, 0xD0, 0xF9, 0x02,
    0x0A, 0x35, 0xF9, 0x3C, 0x66, 0xCA, 0x43, 0x07, 0x65, 0x48, 0xE1, 0xD9, 0xD0, 0x0A, 0xEA, 0x48,
    0x59, 0x56, 0xD0, 0x96, 0xDF, 0x5D, 0x55, 0x25, 0x4B, 0xC3, 0xF7, 0x36, 0x7F, 0x69, 0xF8, 0xAC,
    0xEF, 0x98, 0x19, 0x4C, 0xB2, 0xBB, 0x82, 0x40, 0xBD, 0x83, 0xD6, 0x0D, 0x8F, 0x5F, 0x88, 0xB4,
    0x50, 0x98, 0x27, 0x95, 0x79, 0xD2, 0xAC, 0xC0, 0x8B, 0x5F, 0x46, 0xA1, 0xBB, 0xF6, 0xD2, 0xF9,
    0x26, 0x0A, 0x5D, 0x78, 0xD9, 0xBE, 0xAF, 0xE5, 0x60, 0xD7, 0x03, 0x81, 0x77, 0x7C, 0x33, 0xE3,
    0x8E, 0xC3, 0xB7, 0x00, 0x11, 0xD0, 0x34, 0x01, 0x1C, 0xE0, 0x3A, 0xB4, 0x03, 0x1A, 0x8F, 0x7A,
    0x42, 0x35, 0xA3, 0x0C, 0x28, 0x4E, 0x6D, 0x45, 0x16, 0x0F, 0xB9, 0xD7, 0x80, 0xFE, 0x5C, 0xCE,
    0x9F, 0xC9, 0x2D, 0xC8, 0x2F, 0xE5, 0x80, 0xFF, 0xD7, 0x72, 0x70, 0x0C, 0xAD, 0x26, 0xF0, 0x3B,
    0xBC, 0xC9, 0xAC, 0x19, 0xF7, 0xC8, 0x94, 0xDE, 0x72, 0x3E, 0xFE, 0x50, 0xDC, 0xC6, 0x63, 0x01,
    0xE6, 0x08, 0x64, 0x5A, 0xA2, 0x8B, 0xD8, 0x4C, 0xA8, 0x16, 0xE9, 0xCD, 0xE5, 0x82, 0xD6, 0xE7,
    0x11, 0x7D, 0x87, 0x1D, 0xA3, 0xC2, 0xFF, 0x4E, 0xE0, 0x53, 0x40, 0x32, 0x9E, 0x9F, 0x2E, 0xB8,
    0xA0, 0x19, 0x5E, 0xAF, 0xFA, 0x34, 0xCA, 0x63, 0xB6, 0xE5, 0x9C, 0x81, 0x9A, 0x1B, 0xD0, 0xA6,
    0xAF, 0x58, 0xCD, 0x3D, 0xDF, 0x4F, 0x70, 0x83, 0x9B, 0xD2, 0x9F, 0xB5, 0x6A, 0x81, 0x13, 0x8C,
    0x53, 0x3B, 0x81, 0x38, 0xC1, 0x2E, 0x20, 0xC6, 0xBF, 0x05, 0xFF, 0x83, 0x3B, 0x7A, 0x92, 0x68,
    0x4F, 0x97, 0x28, 0xF7, 0x62, 0xC5, 0x8D, 0xDC, 0xEE, 0x17, 0x41, 0x3C, 0xA0, 0x78, 0x04, 0xEC,
    0x69, 0xF9, 0x8F, 0x02, 0x1A, 0x68, 0x36, 0x8D, 0x93, 0xD6, 0xFB, 0xD9, 0x36, 0x42, 0x57, 0x61,
    0x53, 0xA5, 0x63, 0x37, 0x4E, 0xA6, 0x71, 0xE8, 0x6E, 0x28, 0xD6, 0x71, 0x06, 0xFA, 0x67, 0x36,
    0x39, 0xEA, 0xB4, 0x18, 0x2F, 0x7D, 0xA8, 0xD6, 0xD1, 0x97, 0x2B, 0x91, 0x2F, 0x04, 0x70, 0x7E,
    0x8E, 0x3E, 0xFF, 0xDB, 0x7E, 0x2E, 0x63, 0x4B, 0xAE, 0x92, 0x97, 0x1E, 0x6E, 0x36, 0xA5, 0xDF,
    0x22, 0x5A, 0x5F, 0x31, 0xA2, 0x9B, 0x37, 0x62, 0x8A, 0xA7, 0x16, 0x38, 0x41, 0x3F, 0x57, 0x31,
    0xFD, 0x4D, 0x8D, 0x78, 0x01, 0x8C, 0x43, 0x29, 0xB9, 0x26, 0x76, 0x8E, 0xC9, 0x71, 0x4E, 0x25,
    0x77, 0xCE, 0x18, 0xE7, 0x7E, 0x80, 0x1D, 0xE3, 0x82, 0x92, 0x94, 0xDD, 0xC1, 0xBD, 0x95, 0xBE,
    0xF7, 0xED, 0xCC, 0xCE, 0xB6, 0x5F, 0x0F, 0x4F, 0x89, 0x0E, 0xC5, 0xD0, 0xCF, 0x75, 0x70, 0xA9,
    0x4E, 0x29, 0x49, 0x9D, 0x42, 0xB1, 0x9A, 0x43, 0x0E, 0xB9, 0x9E, 0xED, 0x4A, 0x72, 0x7B, 0x3A,
    0x55, 0xEB, 0x9F, 0x0C, 0x72, 0x5E, 0xA7, 0x23, 0xCF, 0x4F, 0x3D, 0x7B, 0xF4, 0xF9, 0xFE, 0xD2,
    0xD7, 0xB9, 0xA6, 0xBA, 0xF1, 0xA4, 0xB3, 0xFF, 0x4D, 0x7C, 0xEE, 0x82, 0x91, 0x5C, 0x0A, 0x9E,
    0xA0, 0xDC, 0xBF, 0x92, 0xBF, 0x5C, 0x2F, 0x19, 0x35, 0xF8, 0xCF, 0xA1, 0x5A, 0xF3, 0x1D, 0x25,
    0x7F, 0x6E, 0x43, 0x45, 0xAE, 0x68, 0xC8, 0x19, 0xED, 0xBF, 0xEC, 0x1D, 0xDA, 0xBF, 0x05, 0x74,
    0xBB, 0xA2, 0x3A, 0x72, 0x13, 0xDA, 0xB7, 0x92, 0xAB, 0xF3, 0xFA, 0xFA, 0xD3, 0xA4, 0xE8, 0xBD,
    0x60, 0x46, 0xB3, 0x3A, 0xF5, 0xD1, 0x1C, 0xFF, 0x26, 0xEA, 0x70, 0xC3, 0xBF, 0xC5, 0x28, 0x2F,
    0x38, 0x09, 0xC2, 0x01, 0xF5, 0x23, 0xE0, 0xBF, 0x38, 0x2B, 0xDB, 0x9B, 0x80, 0x06, 0x43, 0xBD,
    0x61, 0xD4, 0x9A, 0xEA, 0x7C, 0x1D, 0xFE, 0x4F, 0x50, 0x79, 0x8A, 0x82, 0xED, 0x04, 0xED, 0x2E,
    0xDF, 0x23, 0x00, 0x74, 0x45, 0x40, 0xBD, 0xA2, 0x8E, 0xC2, 0x42, 0x5D, 0xE1, 0x66, 0xD2, 0xDC,
    0xE9, 0xA3, 0x5A, 0xF1, 0x92, 0xA6, 0xA1, 0x3E, 0x69, 0xFE, 0xDA, 0x2A, 0x8D, 0x16, 0xE0, 0x00,
    0x7A, 0xDD, 0xB6, 0xE9, 0xEB, 0xC3, 0xDF, 0x35, 0xB8, 0x57, 0x6B, 0x1F, 0xDE, 0xAB, 0x9A, 0xF6,
    0xEC, 0xFA, 0x1D, 0x1F, 0xBC, 0xA6, 0x1E, 0x38, 0x1F, 0x09, 0xFB, 0x0F, 0x41, 0xFD, 0x18, 0x20,
    0xFD, 0x25, 0xFC, 0xA7, 0x4A, 0xCA, 0x1B, 0xEC, 0x94, 0x44, 0x08, 0x06, 0xC1, 0x24, 0x08, 0xA8,
    0x37, 0x2B, 0x83, 0xD5, 0x62, 0xF3, 0x7A, 0x21, 0x7F, 0x9D, 0x91, 0xFC, 0x55, 0xAE, 0xA4, 0xA7,
    0xD4, 0xDB, 0xE1, 0x25, 0xE9, 0x79, 0xB5, 0xB6, 0xFB, 0x82, 0x5E, 0xF9, 0xE3, 0x84, 0xF7, 0xC5,
    0xF8, 0x59, 0x1C, 0xFA, 0x19, 0x24, 0xDF, 0x72, 0xEC, 0x33, 0x79, 0x4B, 0x43, 0xBD, 0xE6, 0x1C,
    0x7A, 0x6F, 0x43, 0xD3, 0xBD, 0x3A, 0xC9, 0xF7, 0xC5, 0xC5, 0x44, 0x9B, 0x51, 0xBB, 0x1B, 0xA5,
    0x31, 0x00, 0x74, 0xE3, 0xA7, 0x71, 0x56, 0x29, 0xDD, 0x90, 0xFA, 0x7D, 0xC7, 0x8D, 0x2F, 0xDC,
    0x3C, 0xA8, 0x7F, 0x6B, 0x3F, 0x57, 0xDB, 0x38, 0xE4, 0x3B, 0x01, 0x5E, 0x9E, 0xFA, 0x78, 0xD1,
    0xFB, 0xF3, 0xFA, 0x27, 0xFD, 0xF1, 0x53, 0x39, 0xC9, 0xBB, 0x78, 0x78, 0x27, 0x7B, 0x2A, 0xCC,
    0xF5, 0x6A, 0xFF, 0x85, 0x41, 0x13, 0x4E, 0x50, 0x3F, 0x04, 0x3D, 0xD3, 0xDB, 0xBB, 0xFF, 0x94,
    0x1E, 0x33, 0x67, 0x45, 0xFD, 0x16, 0x3E, 0xBD, 0x3A, 0x60, 0xD4, 0xDF, 0x25, 0xA0, 0x7F, 0x3D,
    0xA2, 0xBC, 0xAC, 0xA2, 0x4D, 0xAA, 0x93, 0xD7, 0xAB, 0x68, 0x57, 0xDC, 0xD6, 0xD8, 0x3E, 0x94,
    0x11, 0xED, 0x9D, 0x6E, 0x21, 0xB0, 0xAA, 0x7C, 0xBD, 0x66, 0x3B, 0x86, 0x0B, 0x18, 0x3F, 0x75,
    0x1C, 0xF8, 0x1F, 0x5C, 0x8E, 0x05, 0xB4, 0xDE, 0x8B, 0x58, 0x2F, 0xE5, 0x5A, 0x87, 0x27, 0x0A,
    0x0F, 0xD7, 0x4E, 0x32, 0x3C, 0x38, 0x33, 0x45, 0x4C, 0x76, 0x2D, 0xE9, 0xDD, 0x3F, 0x73, 0x72,
    0xBE, 0x99, 0xDC, 0xF4, 0x41, 0x4F, 0xDB, 0x5D, 0x73, 0x60, 0x95, 0x57, 0x03, 0x6E, 0x38, 0x01,
    0x7D, 0x70, 0x43, 0x15, 0x9C, 0x4F, 0xC5, 0xBA, 0x25, 0x27, 0x4D, 0x8F, 0x6C, 0x7C, 0x06, 0x1D,
    0xD9, 0xCF, 0xBF, 0xA8, 0xBF, 0x78, 0x7E, 0x5E, 0x95, 0x49, 0xFE, 0xEA, 0x63, 0xA1, 0x5C, 0xEA,
    0xA5, 0x5A, 0xAA, 0xB4, 0x4D, 0x0E, 0x99, 0xFD, 0x86, 0x77, 0xF4, 0xB1, 0xA4, 0xBF, 0x00, 0xAD,
    0xBA, 0x8F, 0x82, 0x0D, 0x9A, 0x47, 0xE4, 0x06, 0x83, 0x9E, 0xFF, 0xB1, 0xA1, 0xDA, 0x3F, 0x5B,
    0x23, 0xF1, 0x6A, 0x2B, 0x76, 0x34, 0x01, 0x39, 0x6D, 0x3F, 0xC0, 0xAE, 0xF7, 0xC0, 0xE8, 0x39,
    0x00, 0xFD, 0x9F, 0xB0, 0x03, 0xDC, 0x9B, 0x09, 0xA0, 0xF9, 0x9F, 0x0D, 0x40, 0xCD, 0x08, 0xA0,
    0xE2, 0x0A, 0xA0, 0x60, 0x00, 0xA0, 0x09, 0x0B, 0x80, 0x5E, 0x28, 0xA5, 0xF4, 0xDF, 0x43, 0x2B,
    0x0E, 0xFD, 0x94, 0x98, 0xE1, 0x8C, 0x8B, 0x2D, 0xE3, 0x52, 0x46, 0xE4, 0x7B, 0xCE, 0xB5, 0x5A,
    0x91, 0xB1, 0x60, 0xAC, 0x17, 0x80, 0x3F, 0xC8, 0xAD, 0x0D, 0x40, 0xFF, 0xFB, 0xDC, 0x6D, 0x3F,
    0xF2, 0xD7, 0xAF, 0x53, 0xBE, 0xB4, 0xD2, 0x1D, 0x80, 0x5A, 0x0C, 0xF1, 0xD4, 0x8B, 0x4B, 0xCD,
    0x2E, 0xF9, 0xA1, 0xA9, 0x66, 0x9E, 0x74, 0xE9, 0x93, 0x99, 0x96, 0xE2, 0x51, 0xEB, 0x33, 0x97,
    0x8C, 0x81, 0xB1, 0x60, 0x18, 0xF7, 0x9A, 0x73, 0xC6, 0x9B, 0x05, 0x18, 0xE5, 0xB2, 0xA3, 0x97,
    0xA9, 0xE3, 0x83, 0x5A, 0x57, 0xE9, 0x99, 0xDE, 0x9A, 0x9C, 0x34, 0x56, 0xE9, 0x46, 0x59, 0x89,
    0x2A, 0xEC, 0x6B, 0x1F, 0xA1, 0xB8, 0x36, 0x43, 0xDE, 0x23, 0xC6, 0x41, 0x21, 0xF4, 0xBE, 0xD1,
    0x38, 0x9D, 0xDA, 0x19, 0x68, 0x6E, 0xFF, 0xA5, 0xA0, 0x10, 0xAA, 0x55, 0x01, 0x94, 0x91, 0xE6,
    0xAE, 0x30, 0xA3, 0x5C, 0x07, 0xA3, 0x70, 0x5C, 0x85, 0xFD, 0x22, 0x74, 0xC1, 0x70, 0x32, 0xF4,
    0xC0, 0x93, 0xC9, 0x62, 0x7F, 0x73, 0x8A, 0x7C, 0xB7, 0xEC, 0xC7, 0xBB, 0xEC, 0xDF, 0xAE, 0x04,
    0xE4, 0xFC, 0xE0, 0xCC, 0xE8, 0x59, 0x12, 0x54, 0xCD, 0x71, 0x4A, 0xED, 0x64, 0xBB, 0xDD, 0x6A,
    0xAF, 0x43, 0x13, 0xEB, 0xE0, 0xC2, 0xF3, 0x9F, 0x26, 0x78, 0xB2, 0xA0, 0x5D, 0xA0, 0x92, 0x0B,
    0xEC, 0x0F, 0x1B, 0x2F, 0x5B, 0xB9, 0xC1, 0xAD, 0x6A, 0xE5, 0x76, 0xF9, 0xEA, 0xBA, 0x7A, 0x3F,
    0xCB, 0x78, 0xB9, 0xF0, 0x11, 0xC7, 0x6B, 0x00, 0x67, 0xDC, 0x9C, 0xC4, 0xD7, 0x2B, 0xCB, 0x44,
    0x79, 0xD6, 0x0A, 0x8D, 0xA2, 0x4E, 0xD1, 0x69, 0xE1, 0xED, 0x2E, 0xDE, 0x5E, 0xD1, 0x5D, 0x65,
    0x96, 0x33, 0x5E, 0xEB, 0xA0, 0xE3, 0xC9, 0x9C, 0xFB, 0x9E, 0xBD, 0x27, 0xE9, 0xD7, 0xEA, 0x19,
    0x3A, 0x74, 0xF8, 0x5F, 0xD5, 0x99, 0x31, 0x8C, 0xDD, 0x46, 0x7E, 0xC6, 0x3F, 0x72, 0x24, 0x31,
    0x77, 0x04, 0x32, 0x06, 0x12, 0x37, 0x71, 0x02, 0x36, 0x2E, 0x82, 0x00, 0x09, 0xDB, 0x14, 0xF6,
    0x0D, 0x01, 0x17, 0x29, 0xB5, 0x85, 0x9D, 0xD6, 0x29, 0x82, 0xB4, 0xDB, 0xA4, 0x48, 0x23, 0x0F,
    0x13, 0x17, 0x29, 0xA3, 0xBE, 0xB9, 0x1C, 0x90, 0xE6, 0x72, 0x85, 0x9B, 0x2B, 0x4F, 0x9A, 0x09,
    0x5C, 0x1E, 0x90, 0x65, 0x70, 0x40, 0xAE, 0xB8, 0x42, 0x84, 0xA1, 0x2A, 0x2E, 0x76, 0x2E, 0x66,
    0x20, 0xFA, 0x3C, 0xE4, 0x17, 0xFE, 0x67, 0xDE, 0x7B, 0xBB, 0x0F, 0x5A, 0x9D, 0x56, 0xD2, 0x0A,
    0x27, 0xCD, 0xE3, 0xFC, 0xBE, 0x11, 0xC9, 0xF9, 0xCF, 0xFF, 0x1B, 0x92, 0x6F, 0x96, 0x7A, 0x6D,
    0xE7, 0x3C, 0xBD, 0xF3, 0x6D, 0x07, 0x18, 0x7F, 0xBD, 0x0F, 0x74, 0x40, 0xAA, 0x4D, 0x40, 0x41,
    0x76, 0xF5, 0xEA, 0xC6, 0x96, 0x9C, 0x0C, 0x39, 0xBB, 0xB3, 0x6F, 0x22, 0xEF, 0x3E, 0x99, 0xA9,
    0xC3, 0xDF, 0x6E, 0x15, 0x87, 0x7A, 0xF7, 0xD7, 0x9D, 0x1C, 0x33, 0x64, 0x6C, 0xC9, 0x79, 0xEB,
    0x13, 0x4A, 0xB2, 0x47, 0x33, 0xE1, 0x10, 0xAF, 0x5E, 0x00, 0x43, 0x0F, 0xC7, 0x11, 0x74, 0x5B,
    0xD5, 0x5B, 0x6D, 0x06, 0xB0, 0xE8, 0x41, 0x40, 0xAA, 0x21, 0x8F, 0x2A, 0x88, 0xE7, 0x56, 0x92,
    0x91, 0x8F, 0x72, 0x95, 0xB6, 0x91, 0x38, 0x0B, 0xD0, 0xCC, 0x38, 0x94, 0xEF, 0x01, 0xEF, 0xB7,
    0x1D, 0x1E, 0xB4, 0xE7, 0xBF, 0x59, 0x6A, 0x72, 0x52, 0xE4, 0xA0, 0x96, 0x66, 0x54, 0xA1, 0xDA,
    0x3E, 0x2A, 0x28, 0xE1, 0xAC, 0xC7, 0x92, 0x1C, 0x2A, 0x32, 0x34, 0x12, 0xE7, 0x1F, 0x4F, 0xD6,
    0xDF, 0x07, 0xFE, 0x12, 0x00, 0xC8, 0xA0, 0xC9, 0xA7, 0x59, 0xB0, 0xDB, 0x36, 0xD0, 0x2B, 0x02,
    0x66, 0xA8, 0x16, 0xA0, 0x0D, 0x7A, 0x06, 0xF4, 0xD4, 0x88, 0xE3, 0x68, 0x46, 0x40, 0x2D, 0xD6,
    0x03, 0xE5, 0xCA, 0x3E, 0x45, 0x02, 0x14, 0x49, 0xFA, 0xEB, 0x30, 0x4F, 0x5C, 0xA6, 0x74, 0xF3,
    0x57, 0x90, 0x17, 0x05, 0x00, 0x78, 0x51, 0x4A, 0xF6, 0x2D, 0x27, 0xCB, 0xB8, 0x16, 0x4B, 0xC4,
    0xBD, 0x6D, 0x5B, 0x01, 0xCB, 0xFB, 0x86, 0xB3, 0x63, 0x5C, 0xDE, 0x5B, 0x23, 0xDC, 0x02, 0xC3,
    0xC7, 0x96, 0x5C, 0x0D, 0x63, 0xCD, 0xF5, 0x04, 0x36, 0xC2, 0x44, 0x58, 0xC7, 0xC5, 0x70, 0xAE,
    0x39, 0x00, 0xF7, 0x66, 0xC6, 0xAD, 0xF3, 0x3B, 0xC0, 0x7B, 0x6B, 0x07, 0xA0, 0x24, 0x67, 0x00,
    0x4D, 0x1E, 0xD0, 0x3D, 0x2E, 0xDC, 0xB0, 0xB9, 0x13, 0xCF, 0xA8, 0x26, 0xA0, 0x8C, 0xD0, 0x43,
    0xB5, 0xC2, 0xA1, 0xED, 0x0D, 0x47, 0xD3, 0x19, 0xF0, 0x8B, 0xA0, 0xFD, 0x67, 0x6A, 0x51, 0x93,
    0xF6, 0x0F, 0xAA, 0x59, 0x4F, 0xD5, 0x18, 0xEB, 0xA0, 0x83, 0x1A, 0xA3, 0x0E, 0x95, 0x57, 0x61,
    0x13, 0xE0, 0x29, 0xA9, 0x27, 0x7C, 0x50, 0x8D, 0x0F, 0xAA, 0x88, 0x9F, 0xD5, 0x83, 0x29, 0x59,
    0x46, 0xED, 0xDB, 0x8E, 0x0C, 0x6D, 0xBF, 0x35, 0xE8, 0x2D, 0xEA, 0x50, 0xFE, 0xB8, 0x58, 0x50,
    0x2E, 0x40, 0x3D, 0x03, 0x1C, 0x60, 0x47, 0xA0, 0x25, 0xD9, 0x01, 0x2A, 0xE7, 0x89, 0x96, 0x3D,
    0x50, 0xCA, 0x45, 0x61, 0x87, 0x86, 0x1E, 0xCD, 0xA7, 0x1E, 0x7A, 0xD3, 0x76, 0xAB, 0xA6, 0xF6,
    0xF8, 0x41, 0x33, 0xC2, 0x70, 0x12, 0x47, 0x5E, 0x6F, 0x15, 0x7F, 0xFC, 0x3D, 0x7C, 0xF0, 0xE7,
    0x88, 0xF7, 0xD4, 0xB2, 0xE8, 0x34, 0x0F, 0x96, 0xA1, 0x95, 0xF9, 0x59, 0xCA, 0xB8, 0x20, 0x7E,
    0x88, 0x0F, 0xFE, 0x04, 0xBF, 0x77, 0xCB, 0x92, 0xF1, 0x72, 0x05, 0xD4, 0x51, 0x25, 0x2F, 0x36,
    0xE0, 0x8F, 0x7E, 0x8C, 0xE3, 0xB9, 0xEB, 0x00, 0x4B, 0x72, 0x44, 0xB1, 0x55, 0x3B, 0x43, 0x11,
    0xA8, 0x56, 0x68, 0x92, 0x3D, 0x3B, 0x39, 0x63, 0x32, 0xDE, 0x9C, 0x91, 0xB1, 0x19, 0x4C, 0x1F,
    0xB1, 0xE8, 0xD1, 0x22, 0xE2, 0x41, 0x1D, 0xDC, 0x26, 0x4B, 0xB5, 0x09, 0x19, 0xD5, 0xF4, 0x10,
    0xE4, 0xA4, 0x26, 0x07, 0xB2, 0x57, 0x72, 0xCC, 0xA2, 0x0A, 0x16, 0xD1, 0xF4, 0x75, 0xD8, 0xFA,
    0x35, 0xFF, 0x79, 0x77, 0x6C, 0xCF, 0xA8, 0xF9, 0xC3, 0x41, 0x9F, 0xB3, 0xA2, 0xF5, 0x35, 0x59,
    0xAC, 0xEC, 0xD4, 0x9A, 0xC6, 0x03, 0x07, 0x9C, 0x46, 0xC0, 0xAC, 0x3F, 0xE1, 0x08, 0xD4, 0x39,
    0xB3, 0xC2, 0xE5, 0xB9, 0xBB, 0x23, 0x59, 0x73, 0x57, 0x80, 0x2D, 0x93, 0xF0, 0x60, 0x7A, 0x38,
    0x99, 0xD0, 0xF4, 0xC9, 0xE6, 0x61, 0x23, 0xC3, 0x61, 0xBB, 0xBC, 0x1F, 0x38, 0x3A, 0x54, 0x72,
    0xD0, 0x9C, 0x0D, 0x17, 0x83, 0xD5, 0xC0, 0xFE, 0x05, 0x2C, 0xB0, 0xA2, 0x8A, 0xB0, 0x93, 0xA2,
    0x6F, 0x16, 0x98, 0xC1, 0x58, 0x18, 0x4B, 0xE6, 0x4D, 0x93, 0xD8, 0xD7, 0x14, 0x4E, 0x07, 0xC0,
    0x78, 0xC0, 0xCD, 0x5B, 0x25, 0xF0, 0x77, 0xAE, 0x07, 0x1A, 0x0F, 0x68, 0x7F, 0x67, 0xAB, 0xA6,
    0x37, 0xBD, 0x26, 0x51, 0x71, 0x41, 0xE1, 0x46, 0xA8, 0x50, 0x07, 0x3D, 0x34, 0xDB, 0x7E, 0x1D,
    0x34, 0xFD, 0x05, 0x18, 0x6A, 0x01, 0xCC, 0xF3, 0x61, 0x3D, 0xA7, 0x82, 0x9E, 0x24, 0x63, 0x86,
    0xE3, 0x79, 0x64, 0xB3, 0xD6, 0x33, 0x01, 0xE0, 0xBA, 0x80, 0xDD, 0x3D, 0xD7, 0x5E, 0x0B, 0x8C,
    0xC0, 0x0A, 0xDC, 0x31, 0xEC, 0xE1, 0x68, 0x23, 0xA8, 0x05, 0x85, 0x00, 0xB7, 0xF5, 0x06, 0xBC,
    0x22, 0x6E, 0xC1, 0xF4, 0xF4, 0x1C, 0x9C, 0x6F, 0xA1, 0x27, 0x1D, 0xE4, 0xEE, 0x32, 0xA0, 0x97,
    0x8F, 0xBE, 0xE2, 0xC3, 0x28, 0x9F, 0x6A, 0xC9, 0x0F, 0x92, 0xE5, 0x20, 0xF7, 0x1E, 0xA2, 0xBA,
    0xA8, 0xEE, 0xD3, 0x11, 0x86, 0x7E, 0xAB, 0xEC, 0xA4, 0x0E, 0x7F, 0x83, 0xF0, 0x0F, 0x88, 0x9F,
    0x81, 0xAE, 0x23, 0x07, 0xCB, 0xA9, 0x65, 0x74, 0x0C, 0xA4, 0x5F, 0x1D, 0xE6, 0x7B, 0x08, 0x7F,
    0x8F, 0xFE, 0x1D, 0xD0, 0x03, 0x38, 0xA2, 0xBE, 0x1E, 0x7B, 0x61, 0x31, 0x09, 0xD5, 0x2C, 0xAC,
    0x82, 0xA4, 0xA9, 0x47, 0xB3, 0xB1, 0xF5, 0xCE, 0xCB, 0x97, 0xB7, 0x44, 0x74, 0x95, 0x70, 0xD1,
    0xE7, 0x1E, 0x65, 0x6C, 0xCF, 0x3C, 0xD4, 0xE4, 0xEE, 0x7A, 0xD4, 0xBF, 0x5E, 0xB5, 0x87, 0xFE,
    0x05, 0x19, 0xD1, 0x7E, 0x29, 0x34, 0x1F, 0x09, 0x5D, 0x8A, 0xBE, 0x00, 0x8C, 0x45, 0x14, 0xE2,
    0x7D, 0xE1, 0xCB, 0xE6, 0x59, 0x74, 0x42, 0x15, 0x84, 0x55, 0xA2, 0xE6, 0x0A, 0xC6, 0x86, 0x94,
    0x0C, 0xD7, 0x2F, 0x06, 0x46, 0x3B, 0xCB, 0x11, 0xCE, 0x2A, 0xA0, 0x88, 0xFF, 0xB6, 0xB5, 0xD5,
    0x0C, 0x3D, 0x60, 0x6B, 0x58, 0x0F, 0x3D, 0x56, 0xEC, 0xD0, 0xF8, 0x36, 0x02, 0xA6, 0x77, 0x03,
    0x60, 0x8B, 0xB5, 0x0C, 0x58, 0xCB, 0xED, 0xFC, 0x62, 0x51, 0x64, 0x28, 0xA2, 0x10, 0xEF, 0x0B,
    0x35, 0x09, 0xE0, 0x32, 0xA1, 0xE2, 0x61, 0xF5, 0x80, 0xF1, 0x42, 0x37, 0x27, 0x52, 0xF8, 0xD7,
    0xAE, 0x13, 0xD1, 0x63, 0xE2, 0x0A, 0x7C, 0x7F, 0x63, 0x71, 0x62, 0xFA, 0x36, 0x56, 0x12, 0x6D,
    0xD6, 0xA1, 0x22, 0x83, 0x09, 0x70, 0x1C, 0x5D, 0x00, 0xDA, 0xFF, 0xE0, 0x46, 0xF3, 0xF9, 0x77,
    0x1B, 0x9D, 0xFE, 0x66, 0xE3, 0xDA, 0x7E, 0x19, 0x50, 0x46, 0xFB, 0xB9, 0x64, 0x4E, 0x12, 0x75,
    0x10, 0xEA, 0x51, 0xD8, 0x7A, 0xA8, 0x00, 0xD3, 0xC3, 0x10, 0x06, 0xC2, 0xEF, 0x27, 0xE2, 0x67,
    0x92, 0x1A, 0xF7, 0x28, 0x05, 0x69, 0x1F, 0x3E, 0x11, 0xF0, 0x08, 0x85, 0x40, 0xAD, 0x00, 0x9A,
    0xB8, 0xCB, 0x5F, 0x71, 0xCC, 0x5F, 0xE6, 0x30, 0xE2, 0xC6, 0x0E, 0x28, 0xC0, 0x1E, 0x0E, 0x04,
    0xD8, 0x11, 0x70, 0x1D, 0xBB, 0x0D, 0x6E, 0x28, 0xD2, 0x0D, 0x49, 0x34, 0xE4, 0x8A, 0x8A, 0x9C,
    0x81, 0x53, 0xF6, 0x12, 0xF5, 0x63, 0xA4, 0x12, 0xB3, 0x3C, 0x14, 0x14, 0xE4, 0x4E, 0xFA, 0x23,
    0xC9, 0x97, 0x93, 0x63, 0x96, 0x20, 0xD2, 0x72, 0x12, 0x31, 0xBF, 0x8C, 0x22, 0xF6, 0xCB, 0x24,
    0xFC, 0xA7, 0x35, 0xE7, 0xBB, 0x33, 0x95, 0xD6, 0xA0, 0x05, 0xD6, 0x03, 0x55, 0x84, 0x19, 0x00,
    0x3D, 0xA3, 0x1D, 0x21, 0xD9, 0x30, 0x48, 0x90, 0x94, 0x90, 0x21, 0x19, 0x01, 0x47, 0x72, 0x81,
    0xF8, 0x28, 0x99, 0x4D, 0xB3, 0x2B, 0x25, 0xA0, 0xEB, 0xC9, 0x00, 0x4D, 0x5E, 0x29, 0x00, 0xDE,
    0xED, 0x20, 0xC5, 0x26, 0x62, 0xBD, 0xD2, 0x8A, 0xCF, 0x32, 0xEC, 0x3C, 0x1C, 0x59, 0x99, 0x8F,
    0xAC, 0x2C, 0xD9, 0x0A, 0x8F, 0xAD, 0xF4, 0x57, 0x59, 0x09, 0xD9, 0xCA, 0x74, 0x73, 0x56, 0xFE,
    0x10, 0xA9, 0x30, 0x51, 0xED, 0xB3, 0x0E, 0x59, 0x86, 0xB7, 0xC9, 0x4A, 0x1D, 0x62, 0x4A, 0x69,
    0x4D, 0x62, 0xDC, 0x7C, 0xB0, 0xF2, 0xF6, 0x5D, 0x95, 0x5C, 0xD4, 0xD7, 0x5E, 0xA4, 0x3E, 0xBE,
    0x0E, 0x57, 0x5B, 0x19, 0x6F, 0xD4, 0xCA, 0x0D, 0x3E, 0x2B, 0x7F, 0x0A, 0xA4, 0x71, 0xBB, 0xC3,
    0x0D, 0x76, 0x30, 0x56, 0xEE, 0xAD, 0x74, 0x6F, 0x9F, 0xB1, 0x82, 0x04, 0xA5, 0xF8, 0x64, 0xE0,
    0xA2, 0xD9, 0x5F, 0x34, 0x7D, 0x6E, 0x26, 0x17, 0x2A, 0x02, 0x26, 0x35, 0xC3, 0xBE, 0xD9, 0x9E,
    0x4F, 0xFB, 0xA6, 0xF9, 0xD5, 0x2C, 0xCD, 0x77, 0x3B, 0x71, 0x15, 0xA5, 0x29, 0x85, 0x9F, 0x2F,
    0xBB, 0x66, 0xC1, 0x82, 0xB9, 0x99, 0x1C, 0x7E, 0x94, 0x2C, 0x88, 0x4B, 0xF7, 0x79, 0x6E, 0x56,
    0x71, 0xEB, 0x98, 0x9A, 0xE2, 0xD6, 0xFC, 0x22, 0x37, 0xC5, 0xF1, 0x37, 0xB9, 0x5B, 0x7B, 0x68,
    0x26, 0xE7, 0xDF, 0xE5, 0xA6, 0xFB, 0x9F, 0x7F, 0xFF, 0x09, 0x73, 0x93, 0x1D, 0x14, 0x53, 0x3A,
    0x05, 0x81, 0x22, 0x37, 0xD3, 0x4C, 0xE4, 0xE6, 0xC1, 0x3F, 0x9F, 0xDF, 0x44, 0xE1, 0x56, 0xA4,
    0xE1, 0xA7, 0x34, 0xC3, 0x0B, 0x14, 0x49, 0xA2, 0x66, 0x5F, 0xB2, 0xD7, 0x11, 0xB0, 0xDE, 0x04,
    0x89, 0x6A, 0x06, 0xA1, 0xF5, 0xB2, 0xC7, 0x75, 0xC0, 0x9D, 0x8E, 0x90, 0xF2, 0xDB, 0x29, 0x67,
    0x4A, 0x0F, 0xA1, 0x44, 0xB8, 0x93, 0xAE, 0xAF, 0x0E, 0x3A, 0xBD, 0x0D, 0x56, 0xBC, 0x5F, 0x70,
    0x28, 0x49, 0xB2, 0x87, 0x25, 0x09, 0xD4, 0x69, 0x3A, 0xE0, 0xD8, 0x1F, 0x96, 0x65, 0xDB, 0x1D,
    0x96, 0x21, 0x7C, 0x7C, 0x89, 0x4B, 0xA2, 0x05, 0x90, 0xBD, 0x3C, 0xCD, 0x7C, 0xD1, 0x8E, 0x29,
    0xD7, 0x4E, 0x08, 0x1C, 0x91, 0xE4, 0x7C, 0x15, 0xD3, 0xD1, 0xAB, 0x79, 0x1C, 0xF9, 0x59, 0x39,
    0xEC, 0xD7, 0x20, 0x93, 0xE8, 0xDE, 0xF8, 0x6C, 0xF3, 0x32, 0xC3, 0x2E, 0x0D, 0x33, 0xBC, 0xE9,
    0xD9, 0xA6, 0xA2, 0x9E, 0x0C, 0x00, 0x2A, 0x8E, 0x6F, 0x76, 0xB6, 0xB7, 0x4F, 0xA0, 0x26, 0x94,
    0x11, 0x64, 0x3C, 0x6C, 0x2A, 0xE2, 0x85, 0xB7, 0xE3, 0x08, 0xF8, 0x04, 0x58, 0xA0, 0xE6, 0x9B,
    0x0E, 0xBB, 0x65, 0xBB, 0x40, 0xB3, 0xBB, 0xE1, 0xB0, 0x80, 0xFE, 0xA2, 0x6B, 0xD8, 0xDF, 0x6C,
    0xD8, 0x86, 0xE4, 0xB7, 0x80, 0x08, 0x87, 0x2C, 0x73, 0x96, 0x15, 0x30, 0x7E, 0x6B, 0xF6, 0x22,
    0x05, 0xBD, 0x08, 0xEC, 0x98, 0xA4, 0x0D, 0x49, 0xF4, 0x94, 0xA4, 0x9A, 0x93, 0xA8, 0x68, 0xF9,
    0x6C, 0x81, 0xB9, 0x90, 0x2A, 0x4B, 0x9D, 0xFB, 0xE9, 0x1C, 0xCC, 0x64, 0xE1, 0x20, 0xF2, 0x1E,
    0xFB, 0x94, 0x04, 0x8F, 0x52, 0x1A, 0xB0, 0x4B, 0x17, 0x68, 0xFE, 0x2B, 0x8A, 0xD8, 0x75, 0x16,
    0x79, 0xC8, 0x09, 0x60, 0x8C, 0x56, 0x4C, 0xAD, 0x1F, 0xDF, 0x36, 0x9B, 0xB0, 0x43, 0x12, 0x2F,
    0xA2, 0x18, 0x00, 0x42, 0x71, 0xCE, 0xB2, 0x64, 0x61, 0x92, 0x85, 0x5E, 0x24, 0xBA, 0x31, 0x89,
    0x09, 0x49, 0x74, 0x4C, 0x52, 0xAD, 0x49, 0x4A, 0x76, 0x22, 0xA0, 0x4F, 0x62, 0x42, 0x92, 0x76,
    0x4E, 0xA2, 0x97, 0x24, 0x8A, 0x49, 0x8A, 0x2C, 0x70, 0x59, 0x0C, 0x91, 0xD6, 0x8D, 0x2C, 0x55,
    0x96, 0x32, 0x0B, 0x08, 0x40, 0x0F, 0x90, 0x52, 0x87, 0x24, 0x6A, 0x12, 0x16, 0x6E, 0xED, 0xC4,
    0xE5, 0xFE, 0x4B, 0x5D, 0xDC, 0x94, 0x79, 0x0A, 0x6A, 0x0E, 0x05, 0x27, 0xE8, 0x05, 0x68, 0x22,
    0xCC, 0x04, 0x54, 0x6B, 0x5A, 0x22, 0x0A, 0xE6, 0xF5, 0x82, 0x9D, 0x93, 0xBE, 0xB6, 0x67, 0x7E,
    0x43, 0xBB, 0x8E, 0xA4, 0x0E, 0x7E, 0xD7, 0x3D, 0x07, 0x4B, 0x0B, 0x8E, 0x5A, 0xF7, 0x03, 0xC9,
    0x92, 0xE3, 0xA6, 0x9C, 0xC4, 0x08, 0x58, 0x92, 0x3D, 0xA0, 0xC9, 0x88, 0xC3, 0xB2, 0x83, 0x22,
    0x66, 0x0F, 0x73, 0x92, 0x2A, 0x24, 0x39, 0x4D, 0x56, 0xEA, 0x6C, 0xC5, 0x5E, 0xB6, 0x52, 0x1D,
    0x59, 0x69, 0xDF, 0x28, 0x2B, 0x2A, 0x27, 0x5F, 0xC7, 0x24, 0xED, 0x8A, 0xC3, 0xB1, 0xAB, 0xAD,
    0xA4, 0x98, 0x07, 0x2B, 0x79, 0xBC, 0x63, 0x2B, 0x7C, 0x51, 0x2B, 0x3B, 0xEF, 0xAF, 0x6C, 0xE5,
    0xF6, 0xED, 0x13, 0x11, 0xFB, 0xF3, 0x51, 0xE4, 0xE8, 0x9D, 0xA7, 0xCC, 0x52, 0x93, 0xF1, 0xD8,
    0xD1, 0x88, 0x63, 0x47, 0xE6, 0xC8, 0x91, 0xFB, 0x9D, 0x3A, 0x3A, 0x94, 0xE6, 0xC3, 0x24, 0x86,
    0x49, 0x2C, 0xDF, 0xBE, 0xFB, 0xEC, 0x16, 0xBA, 0x46, 0x0D, 0xF6, 0xE7, 0x93, 0xE3, 0xDC, 0x72,
    0xAC, 0xE9, 0x6B, 0xF6, 0x5B, 0xC3, 0x71, 0xB6, 0x67, 0xD3, 0x76, 0x68, 0x3B, 0x01, 0xB8, 0x78,
    0x89, 0xDD, 0x0C, 0x17, 0x8E, 0x3D, 0x3B, 0x34, 0x4C, 0x0E, 0x1D, 0xC9, 0x35, 0x0F, 0x31, 0xA3,
    0xE6, 0xFD, 0xBD, 0x4F, 0xA6, 0x4B, 0xA6, 0x98, 0x7C, 0x6A, 0xA6, 0x4B, 0xD6, 0xCE, 0xE9, 0x92,
    0xD9, 0x20, 0x3E, 0x0B, 0x7A, 0xF1, 0xA2, 0x08, 0x11, 0xBD, 0x24, 0x69, 0xE7, 0x24, 0x76, 0x14,
    0xC9, 0xDF, 0xF9, 0xEE, 0x23, 0xA6, 0x4B, 0x76, 0xB6, 0x24, 0x9F, 0x9C, 0x93, 0x4F, 0x8E, 0xC9,
    0x27, 0xBD, 0xF8, 0xAC, 0x39, 0x88, 0x4F, 0x9D, 0x7D, 0x1A, 0x26, 0x9F, 0xEE, 0x9C, 0x8C, 0xD2,
    0x33, 0xF9, 0xD4, 0xC0, 0x71, 0x59, 0xB2, 0xB8, 0x2C, 0x16, 0x00, 0x19, 0xCD, 0xBF, 0x90, 0x9B,
    0x34, 0x67, 0x49, 0xA0, 0x0F, 0xA2, 0x62, 0x9A, 0xF3, 0x9B, 0x17, 0xDB, 0x97, 0x6B, 0x92, 0xDD,
    0x7B, 0x11, 0xD8, 0x43, 0x9A, 0x2E, 0x88, 0x3F, 0x98, 0xF5, 0x93, 0xD3, 0x78, 0x78, 0xF5, 0xAD,
    0x92, 0x3F, 0xC0, 0x31, 0x5D, 0xFC, 0x3B, 0x7C, 0x0C, 0x29, 0x8D, 0x4F, 0x62, 0xFA, 0xCB, 0x56,
    0x5C, 0x4E, 0x7E, 0xD1, 0x6F, 0x95, 0x15, 0x93, 0x08, 0x7A, 0xA1, 0x92, 0x33, 0x48, 0x7E, 0x45,
    0x29, 0x4B, 0xF7, 0xE9, 0x5B, 0x65, 0x25, 0x97, 0xF2, 0xC9, 0x98, 0xAD, 0x84, 0x64, 0xE5, 0xC9,
    0x79, 0x4A, 0xBE, 0xBB, 0xFB, 0x36, 0x59, 0x51, 0xD3, 0xC5, 0x62, 0xAA, 0xB3, 0x8F, 0x47, 0x94,
    0x72, 0x76, 0xE5, 0xEF, 0x86, 0xCE, 0xA7, 0xC0, 0x43, 0x15, 0x8F, 0x7F, 0x37, 0xAC, 0xA2, 0x19,
    0x00, 0xB5, 0x3A, 0x7F, 0xF8, 0x0F, 0x09, 0x4A, 0x6A, 0x30, 0x51, 0xD8, 0xCE, 0x39, 0xFE, 0x35,
    0xF9, 0xAC, 0xDF, 0x0D, 0x81, 0xA7, 0x2B, 0xBF, 0x05, 0x49, 0x4F, 0x32, 0xD0, 0xD7, 0x91, 0xBE,
    0x58, 0xE8, 0xF1, 0x70, 0xAB, 0xE6, 0xB8, 0xC2, 0x6E, 0x75, 0xA1, 0xAF, 0x62, 0x3A, 0x97, 0x1C,
    0xC8, 0xE5, 0xEA, 0x98, 0x7F, 0xD6, 0x83, 0x9C, 0x40, 0x46, 0x90, 0x2B, 0xF8, 0x7F, 0x04, 0x47,
    0x82, 0x81, 0x20, 0x89, 0xD4, 0x8F, 0xF3, 0x4E, 0xD9, 0xED, 0xC6, 0x1F, 0x19, 0x6C, 0xE0, 0xD0,
    0xE6, 0x1A, 0x4C, 0x48, 0xFB, 0xF2, 0xB1, 0x3E, 0xC5, 0x39, 0x1D, 0x53, 0xFC, 0xFC, 0xEE, 0xD9,
    0xFA, 0xFD, 0x9F, 0x67, 0x75, 0x00, 0x4A, 0x4E, 0x80, 0xE6, 0x02, 0xB4, 0xF9, 0x8F, 0x4B, 0x49,
    0xDA, 0xDB, 0x01, 0xA6, 0x37, 0x03, 0x0A, 0x72, 0x80, 0x16, 0x18, 0x81, 0x1B, 0xDA, 0x01, 0xC4,
    0x86, 0x55, 0x40, 0xB8, 0xC7, 0xE0, 0x39, 0x57, 0x58, 0x92, 0x68, 0xB7, 0x26, 0xAA, 0x55, 0xCD,
    0x40, 0x71, 0xB2, 0xBF, 0xB8, 0x7A, 0xDC, 0x7D, 0x99, 0x14, 0x1C, 0x5E, 0xC3, 0x40, 0xF5, 0x20,
    0x8E, 0x02, 0x00, 0x1B, 0x65, 0x8C, 0x15, 0xA8, 0x77, 0x63, 0xE0, 0xA6, 0xC6, 0x78, 0xD0, 0x78,
    0x94, 0xFC, 0xA2, 0x87, 0x92, 0xC4, 0xAB, 0xAF, 0x09, 0x54, 0x8C, 0x4F, 0x9B, 0xE9, 0xF7, 0x03,
    0x95, 0x12, 0xBE, 0xB9, 0x34, 0x90, 0x91, 0xF0, 0x1B, 0x56, 0x01, 0x0B, 0x3E, 0x3D, 0xD0, 0x52,
    0xCD, 0xC0, 0xAD, 0x77, 0x00, 0xDC, 0x8B, 0x00, 0xDC, 0x22, 0x66, 0xE2, 0xCD, 0x4F, 0x58, 0x2E,
    0xD5, 0xFD, 0xFD, 0xAC, 0xFD, 0x40, 0x76, 0x7D, 0x18, 0x01, 0x98, 0x09, 0x28, 0x5C, 0xB8, 0xF9,
    0x21, 0x4B, 0x99, 0x8C, 0x55, 0xE2, 0x46, 0x90, 0x83, 0x84, 0x56, 0x64, 0x90, 0x20, 0x77, 0xC9,
    0x19, 0xA6, 0x77, 0x8F, 0xA6, 0xF4, 0xF2, 0x64, 0xCE, 0x47, 0xB5, 0xA0, 0x70, 0x24, 0xB9, 0x40,
    0x33, 0xAB, 0xC9, 0x2A, 0xD3, 0x98, 0x94, 0x30, 0x1C, 0x00, 0x99, 0xCC, 0xF3, 0x80, 0x9F, 0x82,
    0x05, 0x1F, 0xCD, 0xE5, 0x0A, 0xA6, 0x92, 0x87, 0x27, 0xE7, 0x94, 0x01, 0x39, 0xA6, 0xB9, 0x4D,
    0x3F, 0xC7, 0xDB, 0x6F, 0xD3, 0xE3, 0xAC, 0xC9, 0x60, 0xC8, 0xC9, 0x86, 0x7A, 0x76, 0x7D, 0x35,
    0x13, 0xE5, 0x4F, 0x8F, 0x9E, 0xC2, 0x0E, 0x70, 0xBE, 0x9C, 0xCC, 0x54, 0xC7, 0x96, 0x9C, 0xE5,
    0xFC, 0x92, 0xF4, 0x68, 0xE5, 0x95, 0x72, 0xCC, 0x0F, 0x90, 0xE9, 0x80, 0x77, 0x77, 0x3F, 0xC3,
    0x18, 0x00, 0x6D, 0x0F, 0x68, 0x0F, 0xB8, 0x09, 0x15, 0x09, 0x4D, 0xF6, 0xE6, 0x37, 0xCE, 0x5B,
    0xDF, 0x8E, 0xEC, 0x74, 0x20, 0x79, 0x5C, 0x01, 0xB8, 0x5E, 0xF5, 0x76, 0xD4, 0x92, 0x4B, 0x90,
    0x59, 0x4D, 0x77, 0x97, 0x9D, 0x01, 0xF9, 0xC3, 0x56, 0x0F, 0xF9, 0xA9, 0x31, 0xFD, 0x0D, 0xC5,
    0x44, 0xCE, 0xDB, 0x05, 0x14, 0x9C, 0xA1, 0x18, 0x2F, 0xC5, 0xE4, 0xCB, 0xC5, 0x7C, 0xE7, 0x04,
    0x58, 0xA7, 0x14, 0x0F, 0x9C, 0x5F, 0x39, 0x5E, 0x15, 0xA0, 0xB6, 0x68, 0x11, 0xA7, 0x8B, 0xFC,
    0xD3, 0x46, 0xD9, 0xD4, 0x6F, 0xD9, 0xE8, 0x15, 0x87, 0x92, 0x23, 0x5C, 0x8F, 0x7C, 0x29, 0x16,
    0x94, 0x51, 0x82, 0x9C, 0x06, 0xD8, 0xE9, 0xC5, 0x23, 0x9C, 0xC8, 0xCE, 0x7A, 0x45, 0x73, 0xDE,
    0xD9, 0x73, 0xFF, 0x12, 0x11, 0x8A, 0x5B, 0xD0, 0xE7, 0x68, 0xD8, 0x9D, 0xF2, 0xA5, 0x2C, 0xC0,
    0x8C, 0x00, 0x6C, 0x14, 0x70, 0x01, 0xFE, 0x40, 0xA0, 0x2E, 0x10, 0x71, 0x25, 0x4E, 0xBF, 0x93,
    0x50, 0x8C, 0xD0, 0x02, 0x23, 0xB0, 0x63, 0x1D, 0x65, 0xD1, 0x8C, 0x20, 0x9E, 0x01, 0xD7, 0x57,
    0x72, 0x5E, 0x13, 0x3B, 0xC3, 0xFC, 0x58, 0x70, 0xAC, 0xB8, 0x32, 0xC0, 0x8D, 0x36, 0xA7, 0x83,
    0xDB, 0xDD, 0xC7, 0x80, 0x99, 0x22, 0x60, 0x39, 0x03, 0x2B, 0x27, 0x38, 0x39, 0x83, 0xE4, 0x22,
    0x60, 0x42, 0x77, 0x77, 0x81, 0xF3, 0xE9, 0xFF, 0x4D, 0x74, 0x78, 0x2E, 0x48, 0x6F, 0xA2, 0x60,
    0xD9, 0xD0, 0xAE, 0x32, 0xB4, 0x18, 0x41, 0x97, 0x6E, 0x78, 0x3D, 0xE4, 0x85, 0xE3, 0xBD, 0xF4,
    0x8A, 0xD1, 0x69, 0x72, 0x6C, 0xC9, 0xD9, 0x4E, 0x3A, 0x6E, 0x76, 0x56, 0x76, 0x05, 0x09, 0x1C,
    0x55, 0xE7, 0xCB, 0x75, 0xF3, 0xBB, 0xEC, 0x1F, 0xD6, 0xB4, 0x66, 0x9F, 0x7E, 0x0B, 0xA8, 0x29,
    0xC7, 0x4A, 0x0F, 0xD3, 0x63, 0x89, 0xD7, 0xBF, 0x52, 0xBC, 0xF4, 0x33, 0x75, 0xC8, 0x7F, 0x55,
    0xD8, 0x05, 0x20, 0x2F, 0x7F, 0xA1, 0xCC, 0xD2, 0xC7, 0xF5, 0xE5, 0x4A, 0xE0, 0x8A, 0x98, 0xEA,
    0xEA, 0x98, 0x9F, 0x69, 0x0F, 0x3E, 0xEA, 0xC5, 0xAB, 0x7A, 0x22, 0xF1, 0xD6, 0xE3, 0x98, 0x93,
    0x5E, 0x5E, 0x38, 0x4F, 0x59, 0x47, 0x4C, 0x94, 0x1C, 0xA5, 0xBE, 0x7A, 0x8E, 0x27, 0x28, 0x67,
    0xA8, 0x28, 0x24, 0xC3, 0x61, 0x2B, 0xA6, 0xDD, 0x4E, 0xFC, 0x2B, 0x90, 0x67, 0x07, 0xD5, 0x88,
    0x3B, 0xFC, 0xE1, 0x04, 0xC3, 0x7C, 0x97, 0x78, 0x45, 0xB2, 0xAF, 0xD6, 0x8A, 0x43, 0x3D, 0x6B,
    0xCA, 0x63, 0x7F, 0x1E, 0x74, 0xE0, 0x59, 0xD0, 0xFF, 0x4B, 0x1D, 0xF4, 0x93, 0xB8, 0x81, 0x93,
    0x0E, 0x35, 0x47, 0x33, 0x2A, 0x7A, 0x37, 0xA4, 0x1E, 0x75, 0x5E, 0x43, 0x18, 0x61, 0xFE, 0x9B,
    0xF7, 0xA1, 0x7B, 0x00, 0x25, 0x20, 0x8C, 0xC2, 0x45, 0xF0, 0x50, 0x60, 0x01, 0x1B, 0x0D, 0xBD,
    0x8D, 0xD5, 0x65, 0xA8, 0x08, 0x73, 0x2D, 0x2C, 0xA0, 0x2F, 0x49, 0x2E, 0x48, 0xB0, 0x3C, 0x5F,
    0x50, 0xAF, 0x7F, 0xB5, 0xE4, 0xEF, 0x5E, 0xD8, 0xC3, 0x40, 0x32, 0xA1, 0x2B, 0x5F, 0xC7, 0x40,
    0xE9, 0x35, 0x98, 0x00, 0x14, 0x7B, 0xA0, 0xFE, 0x7A, 0x84, 0xE5, 0x3F, 0xBF, 0x86, 0x81, 0xCA,
    0x5F, 0xF6, 0x40, 0xC5, 0x21, 0xC3, 0xAE, 0xBF, 0x7A, 0x1D, 0x66, 0xF4, 0x80, 0xDD, 0x5A, 0x93,
    0x57, 0x49, 0x1B, 0xAD, 0x4C, 0xDA, 0xB2, 0x0A, 0x89, 0x03, 0xE1, 0x7A, 0x3D, 0x01, 0xD6, 0x37,
    0x01, 0x30, 0x43, 0xFA, 0xB5, 0x3F, 0x98, 0x01, 0xD0, 0xC1, 0x7A, 0xA0, 0x9E, 0x29, 0xC9, 0xC6,
    0x3C, 0x2D, 0xC2, 0x82, 0x0B, 0x00, 0x30, 0x0A, 0xDD, 0x2C, 0xB4, 0x93, 0xD0, 0x84, 0xC4, 0x21,
    0xD1, 0x03, 0x77, 0x06, 0xE9, 0xAA, 0xBF, 0x22, 0x36, 0x72, 0x05, 0x50, 0x33, 0xA6, 0x30, 0x21,
    0x75, 0xED, 0xF7, 0xE0, 0x28, 0x08, 0x7B, 0xE8, 0x6B, 0xE0, 0x89, 0xDC, 0x8C, 0xE4, 0x2C, 0x60,
    0x42, 0xAF, 0x67, 0x30, 0x7D, 0xB3, 0x8D, 0x1B, 0x9A, 0xB0, 0x41, 0x1F, 0x41, 0xF6, 0xCD, 0x72,
    0x74, 0x01, 0x07, 0xE9, 0xE1, 0xF7, 0x7D, 0x23, 0xF8, 0xD5, 0x16, 0x8F, 0x00, 0xAE, 0x03, 0xE0,
    0x47, 0xE2, 0xB1, 0x64, 0x10, 0x7E, 0xB7, 0xD1, 0xC6, 0x1F, 0xA5, 0xB9, 0xC5, 0x1B, 0x35, 0xB7,
    0xFF, 0x0F, 0xD5, 0x9B, 0x31, 0x90, 0xE5, 0xD8, 0x55, 0x86, 0x7F, 0x49, 0x9E, 0x51, 0x95, 0x55,
    0xC5, 0x75, 0x15, 0x0C, 0x45, 0xB1, 0x81, 0x12, 0x07, 0x44, 0x28, 0x25, 0x9A, 0xAB, 0xC5, 0x81,
    0x03, 0x02, 0x4F, 0x30, 0x8E, 0x48, 0x08, 0xC8, 0x08, 0x3A, 0x21, 0x33, 0xB6, 0x84, 0x1D, 0x10,
    0x10, 0xEC, 0xE4, 0x11, 0x31, 0x14, 0x65, 0x02, 0xC2, 0x9D, 0x95, 0xA8, 0x0D, 0x09, 0x2C, 0x22,
    0x87, 0x56, 0xB1, 0x13, 0xB1, 0xAE, 0x9A, 0x6B, 0x4A, 0x60, 0xCD, 0xCE, 0x95, 0x7E, 0x74, 0xCE,
    0x29, 0xD5, 0x7B, 0xFD, 0xFA, 0x75, 0x6F, 0xF7, 0x4C, 0x0F, 0x3B, 0x73, 0x4B, 0xF7, 0xFF, 0xEF,
    0xCE, 0x4A, 0xD2, 0x39, 0x5F, 0x1F, 0x3D, 0x5D, 0xE9, 0xE9, 0x01, 0x8E, 0x01, 0xD8, 0x2D, 0xE1,
    0x89, 0xB5, 0x66, 0xBD, 0xAD, 0x32, 0x8A, 0x95, 0xB6, 0x41, 0xC5, 0x49, 0xCC, 0xFF, 0x32, 0x8A,
    0x75, 0x9F, 0xAB, 0xF1, 0xA7, 0xAB, 0x6E, 0x00, 0x02, 0x48, 0x09, 0xD6, 0x40, 0xB6, 0xA0, 0xE9,
    0x81, 0x22, 0xC2, 0x0F, 0x80, 0x9B, 0x51, 0x05, 0xD9, 0x89, 0x1E, 0xA2, 0x22, 0x39, 0x03, 0x9E,
    0x64, 0x04, 0x3A, 0x92, 0x0B, 0xC0, 0x56, 0x36, 0x4D, 0x08, 0x80, 0x75, 0xBA, 0x02, 0xE8, 0x5A,
    0x59, 0xDB, 0x91, 0x67, 0x0D, 0x24, 0x70, 0x90, 0x54, 0xC4, 0x71, 0xD5, 0xBD, 0xD7, 0xF0, 0x12,
    0xBD, 0xEF, 0xFD, 0x80, 0xAA, 0xAF, 0x06, 0x49, 0x66, 0x80, 0x13, 0xF1, 0x22, 0xDD, 0x50, 0x0E,
    0x20, 0x54, 0x2A, 0x91, 0xEE, 0x05, 0xF8, 0x92, 0x2B, 0x1A, 0x92, 0xA8, 0xB6, 0x21, 0xF2, 0x35,
    0x9D, 0x01, 0x3C, 0xC2, 0x53, 0x4D, 0xFB, 0xE3, 0x59, 0x21, 0x7C, 0x39, 0x5D, 0xA2, 0xD6, 0x9F,
    0xE2, 0xB2, 0x03, 0xE1, 0x84, 0x2F, 0x2A, 0xCE, 0x47, 0xD4, 0x9A, 0xCF, 0x17, 0xA3, 0xC6, 0xCB,
    0xD4, 0x5A, 0xEC, 0xD4, 0xF2, 0x2B, 0xD4, 0xA6, 0x7B, 0xA2, 0x96, 0x85, 0xB2, 0x46, 0x3A, 0xFB,
    0x1A, 0x89, 0xA1, 0x5B, 0xE4, 0xD8, 0xB3, 0x44, 0xBA, 0x5C, 0x41, 0xE7, 0x5B, 0x7F, 0x06, 0x5D,
    0x65, 0xD4, 0xB0, 0x5E, 0x8F, 0x2E, 0x9B, 0x61, 0xFB, 0x3F, 0xF0, 0x31, 0x40, 0x07, 0x42, 0xC6,
    0xE6, 0xD8, 0x0D, 0x92, 0x51, 0x3A, 0xC2, 0x64, 0x9C, 0x76, 0x50, 0x3B, 0xA9, 0x1D, 0xD5, 0xCE,
    0x6A, 0x87, 0xB5, 0xD7, 0xD8, 0x8E, 0x6B, 0xE7, 0xB5, 0x03, 0xDB, 0x89, 0xED, 0xC8, 0x60, 0xCC,
    0x5A, 0xD0, 0xF8, 0x5C, 0xEB, 0xD6, 0xA2, 0x19, 0x3A, 0xB3, 0x84, 0xE6, 0x58, 0xCC, 0xF0, 0x14,
    0x29, 0xC7, 0x33, 0x30, 0x9B, 0xB7, 0x81, 0xA9, 0x07, 0x7D, 0x2E, 0x42, 0x91, 0x75, 0x3F, 0xA0,
    0x53, 0x8E, 0x65, 0x2F, 0xEA, 0x5B, 0xD1, 0xEE, 0x2B, 0x03, 0x10, 0x34, 0xDD, 0x05, 0x29, 0x49,
    0x22, 0xE7, 0xB3, 0x87, 0x6C, 0x5D, 0x04, 0x9A, 0x5E, 0x10, 0xC9, 0xDF, 0x56, 0xB4, 0xE9, 0x45,
    0xBB, 0x1A, 0xF8, 0xA8, 0xB6, 0x44, 0x6E, 0x56, 0x59, 0x13, 0x06, 0x5D, 0x91, 0x3F, 0x54, 0xE0,
    0x2E, 0x38, 0x49, 0x36, 0x6C, 0x47, 0x49, 0x38, 0xE8, 0x11, 0x5B, 0x85, 0xAD, 0x91, 0x48, 0x21,
    0x74, 0x6C, 0x81, 0x5C, 0x56, 0x1D, 0x2D, 0x5C, 0xFF, 0x42, 0x22, 0x6B, 0x1D, 0x19, 0x2A, 0x72,
    0xF2, 0x53, 0x31, 0x77, 0x7D, 0x3E, 0xB3, 0x4E, 0x27, 0x02, 0x38, 0xEE, 0x5D, 0x9F, 0xBE, 0x68,
    0xC6, 0x3C, 0x56, 0xE4, 0x2C, 0xEB, 0x67, 0xC2, 0xF3, 0x42, 0xB2, 0x7F, 0x60, 0xC5, 0xD2, 0x8B,
    0x76, 0x23, 0x80, 0xF4, 0xF5, 0x04, 0x20, 0xE3, 0x7A, 0x8E, 0x41, 0xC1, 0x36, 0xBD, 0x8E, 0x41,
    0xA3, 0x0C, 0x1E, 0xBE, 0x7B, 0x06, 0x0F, 0x6A, 0xA0, 0x94, 0xC3, 0x06, 0x60, 0x89, 0x48, 0xB8,
    0x42, 0xF2, 0x91, 0xBC, 0x3C, 0x39, 0x35, 0xA3, 0x71, 0x20, 0xEE, 0xC2, 0xE1, 0xDB, 0x90, 0x56,
    0xB5, 0xA2, 0x5E, 0x34, 0xE9, 0xCE, 0x13, 0xF8, 0xE6, 0xAB, 0x40, 0x20, 0x03, 0xAE, 0xB7, 0xD2,
    0xBD, 0x78, 0xB5, 0x67, 0xAF, 0x55, 0xD0, 0xBC, 0x49, 0x15, 0x24, 0x4F, 0x9E, 0xEA, 0x5F, 0x7E,
    0xB6, 0x2A, 0x30, 0x12, 0xC7, 0x0C, 0xA6, 0xF7, 0xAF, 0x0A, 0xE2, 0x73, 0xA0, 0x8B, 0xB0, 0x4D,
    0xE4, 0xC0, 0xCB, 0xA1, 0x0A, 0xDE, 0x94, 0x03, 0x1E, 0x7B, 0x48, 0x2B, 0x65, 0x6C, 0x27, 0x1B,
    0x48, 0xF2, 0x99, 0xD9, 0x62, 0xC6, 0xD6, 0x2C, 0x20, 0x8B, 0x48, 0xBA, 0x59, 0x0C, 0x65, 0x54,
    0xCB, 0xA8, 0x96, 0x98, 0x81, 0xAD, 0x5A, 0xD3, 0xAB, 0xF9, 0x5B, 0x5B, 0xD3, 0xAA, 0x75, 0xF5,
    0xD1, 0xCE, 0xB2, 0x55, 0xCD, 0xC5, 0xFD, 0xB0, 0x94, 0x36, 0x1E, 0x87, 0xB4, 0x60, 0x0F, 0x17,
    0xA8, 0x46, 0xD1, 0x66, 0x56, 0x8D, 0xA2, 0x3F, 0x52, 0xCD, 0x62, 0x59, 0x1F, 0xB4, 0x32, 0xC5,
    0x41, 0xFD, 0xAE, 0x17, 0xBF, 0xDD, 0x34, 0x23, 0x37, 0x75, 0x9B, 0x02, 0x5E, 0xB5, 0x19, 0x8B,
    0x4D, 0x3B, 0x8D, 0x93, 0xB8, 0x49, 0xBB, 0x36, 0xD7, 0xF5, 0xCB, 0x58, 0xC3, 0x53, 0x18, 0x3B,
    0x92, 0x03, 0x72, 0xAE, 0x1C, 0xA5, 0xCE, 0x9A, 0x16, 0xD6, 0x4A, 0x92, 0xAF, 0xCC, 0x38, 0x98,
    0xCD, 0x66, 0xAB, 0x20, 0x41, 0xC9, 0x56, 0x2C, 0x61, 0x2F, 0x86, 0x66, 0x54, 0xAB, 0x82, 0x9A,
    0x9B, 0xD4, 0xF2, 0x59, 0x2D, 0x8B, 0x0D, 0xAF, 0x37, 0xF8, 0x83, 0xE5, 0x66, 0xC5, 0xAC, 0xE6,
    0x82, 0x9A, 0x37, 0xE3, 0x20, 0xF6, 0x11, 0x5B, 0x0D, 0x82, 0x97, 0x42, 0x1A, 0xF6, 0x70, 0x01,
    0x3F, 0xEE, 0x70, 0x1B, 0x61, 0xFF, 0xBB, 0x22, 0xD9, 0x41, 0x22, 0xCE, 0xCA, 0xC5, 0xEB, 0xA8,
    0x5C, 0x0D, 0xAB, 0x17, 0x11, 0xA8, 0xC6, 0x94, 0x38, 0x2F, 0x4A, 0xD3, 0x60, 0x2A, 0x4B, 0x41,
    0x39, 0x0A, 0xC9, 0x70, 0x04, 0xD2, 0x31, 0xEC, 0x4A, 0x69, 0xFD, 0x55, 0x95, 0x00, 0xFC, 0x15,
    0x7D, 0x54, 0x8B, 0x02, 0x97, 0x54, 0x52, 0x3E, 0xA7, 0x11, 0xC0, 0x79, 0x3D, 0xD9, 0xF3, 0xB5,
    0x31, 0x30, 0xE2, 0xB8, 0xE7, 0x5C, 0x85, 0x69, 0xEB, 0x57, 0xF6, 0x4D, 0x5F, 0x8D, 0x84, 0x0B,
    0x24, 0x2F, 0x77, 0x3B, 0x1D, 0xDA, 0x66, 0x70, 0xC1, 0x93, 0xC1, 0x91, 0x43, 0x46, 0xD6, 0xE8,
    0x66, 0xE0, 0x81, 0x4E, 0x2F, 0xDD, 0xDF, 0xCE, 0xA2, 0x9C, 0x00, 0xE4, 0x1C, 0xDF, 0x6F, 0x06,
    0xF9, 0xF0, 0x18, 0x79, 0x78, 0xAE, 0xF9, 0x27, 0x9C, 0x81, 0x6E, 0xD2, 0x8B, 0xAE, 0xDB, 0x39,
    0x0C, 0xD5, 0xD8, 0xD5, 0xD7, 0x70, 0x68, 0x37, 0x0E, 0xE3, 0x09, 0x07, 0x3D, 0xD3, 0xFF, 0x08,
    0xD2, 0x1A, 0xD5, 0x0E, 0xEF, 0x37, 0x01, 0xAB, 0xD8, 0x1A, 0xA8, 0x7A, 0xEB, 0xDD, 0x8C, 0x9C,
    0xB4, 0x4A, 0xF8, 0xAA, 0xB3, 0x4A, 0xB8, 0x23, 0x81, 0xF7, 0x3D, 0x5F, 0x2F, 0x02, 0x3B, 0x5D,
    0x3B, 0x53, 0x11, 0x3C, 0x02, 0xBA, 0x49, 0xB3, 0x77, 0x9A, 0x3D, 0xEF, 0x92, 0x7D, 0xAF, 0xD7,
    0xAF, 0x66, 0xEB, 0xC8, 0x07, 0xC0, 0x05, 0x58, 0x1F, 0x50, 0xFC, 0x72, 0x73, 0xA4, 0xEC, 0x3F,
    0x84, 0x7A, 0x48, 0xA7, 0x08, 0x70, 0x02, 0x9A, 0x01, 0x28, 0xDB, 0x7B, 0xA9, 0x87, 0x33, 0xF3,
    0xDB, 0xE4, 0xAB, 0xAF, 0x9B, 0xDF, 0xD6, 0xD7, 0xCC, 0x6C, 0xDA, 0xB3, 0x33, 0x1B, 0x32, 0x9C,
    0xD1, 0x1A, 0x70, 0xA1, 0xE9, 0x45, 0xFD, 0x20, 0x7A, 0x98, 0xD9, 0xF8, 0x50, 0x9C, 0xCC, 0x6C,
    0xD6, 0x7D, 0x8E, 0x95, 0x74, 0x6B, 0x0D, 0xBB, 0x49, 0x49, 0xA8, 0x51, 0xCA, 0x1E, 0xBE, 0x1C,
    0x81, 0x8A, 0x9C, 0xC0, 0x4D, 0x32, 0x91, 0x7C, 0xFD, 0x73, 0xFE, 0xAB, 0x9B, 0x12, 0xC2, 0x05,
    0x1C, 0x4B, 0x31, 0xA7, 0x2B, 0x72, 0xFE, 0x7C, 0x41, 0x61, 0xD7, 0x2B, 0x8E, 0xA8, 0xBE, 0x5C,
    0x6B, 0x54, 0x2F, 0x2C, 0xDD, 0x19, 0xC5, 0x7E, 0xF5, 0x08, 0xD5, 0x57, 0xE4, 0xEC, 0x7B, 0xB8,
    0xD8, 0xB4, 0x72, 0x89, 0xEC, 0x45, 0x46, 0x94, 0xB3, 0x97, 0x63, 0x94, 0x76, 0x81, 0x11, 0x90,
    0x17, 0x7C, 0x01, 0x14, 0xC3, 0x8F, 0x01, 0xE4, 0xA3, 0x04, 0x97, 0x31, 0x02, 0x76, 0xC3, 0x0B,
    0xE8, 0xA5, 0xD0, 0x91, 0xA3, 0x92, 0x8C, 0x47, 0x77, 0x4B, 0x37, 0x93, 0xFC, 0xE8, 0xDD, 0x93,
    0x7C, 0x84, 0x27, 0x40, 0x95, 0x4C, 0x40, 0xF9, 0x33, 0xD9, 0x8A, 0x9B, 0xE4, 0xEC, 0x65, 0xA5,
    0x4F, 0x26, 0x59, 0x7F, 0x4A, 0x15, 0x27, 0x7F, 0xCE, 0x49, 0xD0, 0x7D, 0xCB, 0x48, 0x9E, 0x30,
    0x8D, 0x99, 0x30, 0x65, 0x84, 0x3B, 0x66, 0x0A, 0x54, 0xE4, 0x0B, 0x08, 0xC9, 0x56, 0x98, 0x8E,
    0xE5, 0x6B, 0x72, 0x92, 0xC9, 0x8A, 0xE0, 0xCC, 0x77, 0xA6, 0x32, 0x9A, 0x50, 0x29, 0xD3, 0x50,
    0xD2, 0x6A, 0x93, 0x10, 0xA6, 0x27, 0x77, 0x1D, 0xD5, 0x8D, 0x77, 0x1D, 0xEF, 0x01, 0x4D, 0x6B,
    0x7F, 0x23, 0xB2, 0xEE, 0xF2, 0x11, 0x7F, 0x20, 0x20, 0xBF, 0xC1, 0xBA, 0x3C, 0x26, 0x46, 0x21,
    0x96, 0x5D, 0x39, 0x93, 0xFD, 0x3B, 0x3B, 0x93, 0xF3, 0xAB, 0xC4, 0x0A, 0x25, 0x86, 0x46, 0x89,
    0xF9, 0x1E, 0x32, 0xAE, 0x45, 0x3F, 0x13, 0xC1, 0x53, 0x08, 0xB5, 0xF5, 0x7E, 0xA8, 0xBD, 0x3A,
    0x43, 0xAD, 0xB8, 0x5C, 0x79, 0x17, 0x27, 0xD4, 0x24, 0xCC, 0x19, 0x96, 0x75, 0x22, 0xE4, 0x52,
    0x9D, 0x96, 0x4E, 0x38, 0x84, 0x98, 0xB2, 0x16, 0x2B, 0x38, 0x28, 0xD1, 0xCF, 0xC9, 0x68, 0x13,
    0xD5, 0x13, 0xB3, 0x3B, 0x1C, 0xDC, 0xC1, 0x28, 0xED, 0xBC, 0xDD, 0x79, 0x67, 0xE7, 0x42, 0xDA,
    0xCD, 0x30, 0x27, 0x04, 0x90, 0xB3, 0x05, 0xCA, 0x5F, 0x8D, 0xE8, 0x9A, 0xEF, 0x05, 0x48, 0x4A,
    0x60, 0xD8, 0xC5, 0xDD, 0x42, 0xFE, 0x9B, 0x23, 0x1C, 0xB9, 0x88, 0x50, 0xA5, 0x75, 0x0B, 0xBA,
    0x5E, 0x6F, 0x3B, 0x5C, 0xF8, 0x5A, 0x21, 0x7B, 0x1F, 0x45, 0x96, 0x4D, 0xAA, 0x75, 0x13, 0x29,
    0x4A, 0xA0, 0xF6, 0xB6, 0xBB, 0xB3, 0x06, 0x42, 0x8B, 0x95, 0x64, 0xDC, 0xEC, 0x4B, 0x33, 0x1E,
    0x9B, 0xAD, 0x72, 0x30, 0x69, 0xE7, 0xCD, 0x56, 0xB9, 0x83, 0xDD, 0x14, 0x59, 0x25, 0x04, 0xE1,
    0x27, 0xD5, 0x78, 0xD0, 0x4C, 0x95, 0xCB, 0x91, 0xFE, 0xB3, 0x8D, 0xAF, 0xCE, 0x08, 0xBA, 0x79,
    0x53, 0x92, 0xB5, 0x6A, 0xAF, 0x3A, 0x6E, 0x5A, 0x57, 0x01, 0xD9, 0x02, 0xB7, 0x69, 0xBC, 0xAD,
    0x7A, 0x06, 0x47, 0xD3, 0x7A, 0xD3, 0x82, 0xED, 0xA6, 0x19, 0x21, 0xED, 0x3B, 0x78, 0xF0, 0xF1,
    0x13, 0xFF, 0x45, 0xE8, 0x38, 0x2C, 0xEC, 0xC9, 0xC0, 0x7D, 0xC9, 0x22, 0xDE, 0x60, 0x39, 0xDE,
    0x43, 0x3E, 0xC6, 0x32, 0x46, 0xCF, 0xD9, 0x37, 0x93, 0xE7, 0x50, 0x2E, 0x28, 0x29, 0x0B, 0x6E,
    0x5A, 0x02, 0x38, 0xA1, 0x9B, 0xED, 0xDE, 0xDC, 0xB3, 0xDF, 0x16, 0x32, 0x72, 0x5F, 0xDE, 0x34,
    0xAA, 0xC3, 0x1E, 0x3C, 0x7B, 0x5B, 0x9A, 0x6D, 0x99, 0xD0, 0x44, 0x34, 0x37, 0x6F, 0xCE, 0x3E,
    0xE3, 0x90, 0x32, 0xD8, 0x6C, 0xF4, 0xF7, 0x92, 0x27, 0x8F, 0x8B, 0xE0, 0x39, 0x96, 0xF7, 0x1D,
    0xD8, 0x8F, 0xB3, 0xB1, 0x29, 0x06, 0xCF, 0xBE, 0x64, 0x5B, 0x2D, 0xB8, 0x4B, 0x6C, 0xA3, 0xC5,
    0x76, 0xBF, 0xF1, 0x64, 0x01, 0xA9, 0xFD, 0xFB, 0x8C, 0xE4, 0x09, 0xB2, 0x11, 0x6E, 0x86, 0x8B,
    0xA2, 0xDB, 0x18, 0xC0, 0xC5, 0x70, 0xBB, 0x20, 0xD7, 0xDE, 0x82, 0x94, 0x68, 0x27, 0xA4, 0xF3,
    0xFE, 0xEF, 0x13, 0xF0, 0x0F, 0x48, 0x67, 0x59, 0xEE, 0x37, 0xF2, 0x8B, 0xE1, 0x0D, 0xE9, 0x95,
    0x24, 0xCF, 0x9A, 0x9D, 0x96, 0xF7, 0x66, 0x69, 0x50, 0xCB, 0x4E, 0x2D, 0x31, 0x4B, 0xD7, 0xCD,
    0x66, 0x64, 0x4B, 0x16, 0x93, 0x15, 0xA5, 0x65, 0xC5, 0x69, 0xB3, 0x86, 0x1C, 0x2D, 0xA4, 0x76,
    0xB3, 0x94, 0x33, 0xB2, 0x80, 0x4F, 0xDD, 0x9C, 0xD2, 0xC5, 0x8C, 0xE2, 0xF2, 0xDF, 0x00, 0xD0,
    0x0C, 0x25, 0x9B, 0x79, 0xEB, 0xD1, 0xBA, 0x20, 0xFA, 0xDA, 0xCE, 0x5E, 0x7B, 0xCA, 0x81, 0xE8,
    0x5A, 0x02, 0x38, 0xEA, 0x2D, 0x01, 0x12, 0x09, 0x97, 0xAD, 0x47, 0xA0, 0x1A, 0xA5, 0x2C, 0xEC,
    0xC2, 0x28, 0x75, 0x01, 0xF8, 0x0E, 0x48, 0x49, 0xF6, 0x27, 0x02, 0xC0, 0xBF, 0x81, 0xFC, 0xA3,
    0x08, 0xAF, 0x48, 0xD3, 0xB2, 0x05, 0xEB, 0x66, 0x4C, 0x09, 0x4F, 0x7B, 0x2E, 0x12, 0x91, 0x93,
    0x23, 0x70, 0xB1, 0xD6, 0x48, 0x27, 0x14, 0x0B, 0xAA, 0x0E, 0x9E, 0x7D, 0xBE, 0x2F, 0xF0, 0x77,
    0x5B, 0xBE, 0xEB, 0x7B, 0xCF, 0xB6, 0x61, 0xDD, 0xAC, 0xF8, 0x68, 0xB6, 0x8F, 0xB5, 0x78, 0x55,
    0xB3, 0x08, 0x6F, 0xE5, 0x17, 0x36, 0x4D, 0xD9, 0x6F, 0x5A, 0x10, 0x9B, 0x56, 0x51, 0xB4, 0x0B,
    0x9B, 0xAE, 0xEC, 0x37, 0x25, 0x83, 0x6A, 0x54, 0xA5, 0xE8, 0x2F, 0x59, 0x6F, 0x8A, 0x4E, 0xB6,
    0x82, 0x57, 0xAD, 0x46, 0xD1, 0xF2, 0xF8, 0x03, 0x7C, 0xFA, 0xCB, 0x4D, 0x8B, 0x48, 0x32, 0x64,
    0x14, 0x4D, 0xB9, 0x6E, 0x0A, 0x2B, 0x8A, 0x6A, 0x80, 0xAC, 0x0E, 0x40, 0x46, 0x82, 0x48, 0x75,
    0xBF, 0x79, 0xE6, 0xB8, 0x5F, 0xC8, 0x5F, 0x8A, 0xB8, 0xDB, 0x08, 0xD9, 0x9F, 0xCA, 0x6F, 0x38,
    0xC0, 0xBD, 0x66, 0x0D, 0x47, 0x42, 0xA4, 0x15, 0x19, 0x44, 0x02, 0xDC, 0xE2, 0x36, 0x09, 0xC5,
    0xB4, 0x49, 0xB6, 0x4C, 0xE4, 0xE7, 0x12, 0xDA, 0xBF, 0x71, 0x26, 0x7B, 0xA1, 0xC4, 0x8B, 0x16,
    0x20, 0xF6, 0x79, 0xD4, 0x0C, 0xA0, 0xB0, 0x88, 0x8F, 0xBF, 0x50, 0x02, 0x40, 0xAE, 0xAA, 0x8B,
    0x6A, 0xD8, 0x55, 0x28, 0xBC, 0x43, 0x75, 0xE1, 0x58, 0x29, 0xED, 0x8C, 0x62, 0x45, 0x12, 0x91,
    0xCE, 0xC8, 0x03, 0x9A, 0x6D, 0x99, 0xD1, 0x44, 0xFC, 0xE8, 0xCE, 0x9F, 0x53, 0x37, 0x7F, 0x00,
    0x05, 0xD3, 0xF7, 0x31, 0x7D, 0x0B, 0x11, 0x14, 0x41, 0x54, 0x7D, 0x7A, 0x7A, 0x0D, 0x78, 0x9B,
    0x45, 0x2E, 0x12, 0x7D, 0xCA, 0x31, 0xE1, 0x90, 0x2D, 0xC8, 0xA2, 0x70, 0x2E, 0x46, 0x20, 0xFB,
    0x62, 0x02, 0x90, 0x70, 0xDC, 0xEF, 0x12, 0xC8, 0xE5, 0xBD, 0xA5, 0xD4, 0x8C, 0x90, 0xCA, 0x10,
    0x18, 0x52, 0x1B, 0xFA, 0x15, 0x42, 0x16, 0xAB, 0xBD, 0x23, 0x8B, 0xFE, 0xA4, 0x3F, 0xDE, 0x3A,
    0x6E, 0xDF, 0xD7, 0x5E, 0x8A, 0xC6, 0xBE, 0xFA, 0xE5, 0x00, 0x3C, 0xDA, 0xB3, 0x3F, 0x6B, 0xB2,
    0xCD, 0x9B, 0x9B, 0x6B, 0xD5, 0xAA, 0xDE, 0x6C, 0x50, 0x73, 0xFD, 0xB5, 0x1B, 0xB8, 0x70, 0x62,
    0x94, 0x76, 0xDE, 0xA4, 0x6E, 0xD0, 0x4C, 0x42, 0x4A, 0xFB, 0x1D, 0x28, 0xA4, 0x5B, 0x58, 0x6E,
    0xDC, 0x7A, 0xD8, 0xFA, 0x16, 0x54, 0x52, 0xDF, 0x96, 0x94, 0x67, 0xC4, 0x39, 0x05, 0x71, 0x45,
    0x9F, 0xA9, 0x4E, 0xAA, 0x51, 0x75, 0x56, 0x1D, 0x01, 0xA4, 0x6C, 0x01, 0x14, 0x84, 0x60, 0x51,
    0x6D, 0x54, 0xBD, 0xEA, 0xEF, 0x9C, 0xEC, 0x2D, 0x8B, 0xC7, 0xEA, 0x49, 0xF2, 0x8C, 0x3E, 0x5C,
    0x90, 0xB3, 0xBE, 0xFE, 0x5A, 0x35, 0xC2, 0xCF, 0xBA, 0x8C, 0xA0, 0x9C, 0x29, 0x6E, 0x9F, 0xC5,
    0xBA, 0xD3, 0x35, 0x7F, 0x0D, 0x1F, 0x51, 0x2D, 0x70, 0x8B, 0x5D, 0x9E, 0xBB, 0xFA, 0x28, 0x9E,
    0x74, 0xD5, 0x84, 0x24, 0x8E, 0xC8, 0x35, 0x9F, 0xC5, 0x58, 0x43, 0xAD, 0x17, 0xCB, 0x18, 0xEC,
    0x36, 0x74, 0x36, 0x5B, 0xCC, 0xA8, 0xB6, 0xB0, 0x17, 0x8B, 0xDD, 0xA8, 0xE6, 0x83, 0x9A, 0x8B,
    0x6A, 0xF9, 0xAA, 0x96, 0xB2, 0x16, 0x03, 0x7B, 0x35, 0x1F, 0xD4, 0xAA, 0x59, 0xCD, 0x2D, 0x6A,
    0x19, 0xD5, 0x12, 0x33, 0x74, 0x66, 0x7E, 0x7F, 0x05, 0x42, 0x2D, 0x37, 0x4B, 0xCD, 0x40, 0x3B,
    0xFB, 0x6D, 0x90, 0x2C, 0x40, 0xF7, 0x3D, 0x0E, 0xE0, 0x4B, 0x46, 0x90, 0xA4, 0x4A, 0xFD, 0x83,
    0xF5, 0x3E, 0x6E, 0x3A, 0xB9, 0x99, 0xE2, 0x01, 0x3E, 0x0C, 0x3C, 0xBF, 0x61, 0x4B, 0x40, 0xC6,
    0xD2, 0xB2, 0x45, 0x2D, 0x9F, 0x81, 0xFD, 0x42, 0xDB, 0xFD, 0x29, 0x47, 0x61, 0xB5, 0xEC, 0xAC,
    0xDE, 0xFA, 0x06, 0x9D, 0x9F, 0x48, 0x7C, 0xA8, 0x91, 0xAD, 0x7A, 0xF6, 0x1F, 0x2E, 0xE9, 0x7F,
    0x3F, 0x8A, 0x39, 0xF6, 0x47, 0xE5, 0x86, 0xBF, 0xFE, 0xA0, 0x78, 0x5A, 0xB9, 0x3D, 0xFA, 0xF8,
    0x09, 0x50, 0xBE, 0x1C, 0xED, 0xF9, 0x08, 0xB0, 0x9E, 0xE5, 0x58, 0xDF, 0xCF, 0x83, 0x8E, 0x07,
    0x38, 0xFA, 0xD6, 0x03, 0xEC, 0x8F, 0xAD, 0x33, 0xF3, 0x66, 0x4D, 0x7D, 0xF4, 0x18, 0x0A, 0x7F,
    0x80, 0xAF, 0x6F, 0xD5, 0xD0, 0xCD, 0xB2, 0xFD, 0x6B, 0x41, 0x6F, 0xDF, 0x32, 0x9B, 0x8D, 0xB0,
    0x07, 0x0A, 0x5A, 0x33, 0x4E, 0x2C, 0xDE, 0xD1, 0xEC, 0xC9, 0x82, 0x59, 0x2D, 0x56, 0xB0, 0x15,
    0xCB, 0x08, 0x6D, 0xDF, 0x01, 0xA3, 0xDD, 0x96, 0xAE, 0x66, 0xAC, 0xCD, 0x7A, 0xF0, 0xFE, 0xFF,
    0xF8, 0xCD, 0x9D, 0xFF, 0xF8, 0xA5, 0x59, 0x61, 0x96, 0xF1, 0xA9, 0x18, 0x78, 0xEB, 0xEB, 0xA4,
    0x3B, 0x6F, 0x5A, 0x27, 0x56, 0x28, 0x20, 0x49, 0xD3, 0x16, 0x5A, 0x2B, 0xD0, 0x62, 0x11, 0x7C,
    0xB7, 0x54, 0xA9, 0x97, 0x5F, 0xAB, 0xAE, 0xA2, 0x15, 0x45, 0x1D, 0x8F, 0xDE, 0x0A, 0xBB, 0x51,
    0xB3, 0x53, 0xF5, 0xEC, 0x71, 0x6A, 0xF9, 0xE1, 0x0D, 0xB6, 0x5A, 0x58, 0x91, 0x23, 0x72, 0x8E,
    0x49, 0x37, 0xC1, 0xAD, 0x9A, 0x59, 0x35, 0x01, 0xD9, 0x0A, 0x3F, 0xEA, 0x51, 0x1B, 0xD9, 0x88,
    0x75, 0x57, 0x6B, 0xD1, 0xD2, 0xEA, 0xF3, 0x16, 0x66, 0x1B, 0xF4, 0xB6, 0x79, 0xEB, 0x07, 0xD9,
    0x99, 0xED, 0x9A, 0x42, 0x47, 0x7A, 0xCE, 0x01, 0xDD, 0x6C, 0x41, 0x04, 0xA0, 0x51, 0x72, 0x28,
    0x28, 0x30, 0x81, 0x0B, 0xBD, 0x32, 0x93, 0x7B, 0x3F, 0x7E, 0xBD, 0x6B, 0x6E, 0xA6, 0x62, 0xE9,
    0xFA, 0x6C, 0x65, 0x9D, 0x90, 0xC0, 0xA5, 0xDE, 0xB5, 0xE9, 0xDA, 0x8C, 0xC5, 0x52, 0x91, 0xF1,
    0xF2, 0x0B, 0x2D, 0xD1, 0x29, 0x88, 0xC5, 0xAC, 0x63, 0x6B, 0x58, 0x44, 0xF5, 0x7E, 0x12, 0x28,
    0x8C, 0x4E, 0x73, 0xA0, 0x33, 0x48, 0x98, 0x09, 0x27, 0x0D, 0xBA, 0x34, 0x3A, 0xF9, 0x0A, 0x3F,
    0xBC, 0x15, 0x1D, 0x1E, 0xD3, 0xA9, 0x77, 0x3A, 0x41, 0xC0, 0xEF, 0x07, 0x92, 0xA7, 0xE9, 0xDD,
    0x84, 0xD4, 0xFE, 0x44, 0x3B, 0x1D, 0x47, 0xC6, 0x3D, 0x78, 0x24, 0x53, 0x59, 0x63, 0xAE, 0x2C,
    0xEF, 0x66, 0x01, 0x7C, 0x3C, 0xA1, 0xE4, 0xE2, 0xB5, 0x94, 0x7A, 0xA3, 0x74, 0xF9, 0xB5, 0x1F,
    0xFB, 0xF6, 0x4A, 0xB9, 0x94, 0x14, 0x45, 0xB5, 0xAA, 0xF9, 0xE5, 0xE8, 0xBD, 0xCB, 0xF2, 0xF0,
    0xF6, 0x63, 0xBD, 0x07, 0x58, 0x5C, 0xA2, 0xE4, 0xDF, 0x23, 0x4A, 0x70, 0x04, 0x2A, 0xA3, 0x23,
    0xF5, 0x06, 0x1E, 0xBD, 0x1C, 0x65, 0x94, 0x96, 0x3B, 0x53, 0x4A, 0x3A, 0x3E, 0xCB, 0x28, 0x4D,
    0x68, 0x2C, 0x36, 0x54, 0x22, 0x3F, 0xD3, 0x61, 0x2A, 0xF2, 0x85, 0x08, 0x0B, 0x09, 0x71, 0x76,
    0x01, 0x60, 0x19, 0x01, 0x17, 0x75, 0xE8, 0x25, 0x0D, 0xEA, 0xB0, 0x91, 0xC4, 0x64, 0xB8, 0xDF,
    0xC9, 0x7F, 0x22, 0x43, 0x4B, 0xFE, 0x17, 0x32, 0x34, 0x1C, 0xBF, 0x90, 0x14, 0x6F, 0x39, 0x3C,
    0x6C, 0x66, 0x43, 0x43, 0xAF, 0xFB, 0x35, 0x9A, 0x3F, 0x90, 0xA1, 0xDF, 0x0F, 0x8C, 0x1F, 0x0A,
    0xD5, 0x7C, 0x95, 0x21, 0x8D, 0xAC, 0x0E, 0x8D, 0xAE, 0x0E, 0x93, 0x43, 0x42, 0x4A, 0xF9, 0x7B,
    0x36, 0x14, 0xD2, 0x96, 0xBC, 0xD2, 0xB6, 0x21, 0x9A, 0x57, 0x28, 0x58, 0x2B, 0xE5, 0xC6, 0xBE,
    0x31, 0xF8, 0x0D, 0x39, 0xC3, 0x93, 0xE4, 0x4B, 0x7D, 0xC1, 0x87, 0x31, 0x5D, 0xD1, 0xB5, 0x29,
    0x43, 0x42, 0x28, 0x6D, 0xDE, 0xE0, 0x75, 0x42, 0xCD, 0xA2, 0xCF, 0x38, 0xE3, 0x4F, 0xE0, 0xC7,
    0x82, 0x8B, 0x94, 0x02, 0xF9, 0x9A, 0xA4, 0xED, 0xDF, 0xFE, 0xAA, 0x6D, 0xC3, 0x09, 0xB8, 0x90,
    0xE3, 0x0B, 0xCA, 0xE4, 0xE9, 0xE1, 0xDD, 0x35, 0xA0, 0x30, 0x73, 0xC3, 0x8D, 0x6F, 0xB2, 0x0D,
    0x76, 0xF9, 0x08, 0x6A, 0xE5, 0xA4, 0xE6, 0xCC, 0x8A, 0x4B, 0xE6, 0xCC, 0xCA, 0x20, 0x96, 0xC8,
    0x06, 0xBA, 0xB9, 0x59, 0xAD, 0x16, 0xA1, 0x56, 0x6F, 0x16, 0x13, 0x33, 0x74, 0xBD, 0x9A, 0x1F,
    0xD4, 0xAA, 0xA0, 0xE6, 0xA6, 0xEF, 0xAA, 0xC5, 0xA6, 0x26, 0x43, 0x4E, 0x8A, 0xA5, 0x24, 0x36,
    0x03, 0x17, 0xB5, 0x6A, 0xB4, 0x07, 0x37, 0xE5, 0x68, 0x0F, 0x54, 0x7C, 0x8B, 0x8E, 0x6C, 0xF9,
    0x2B, 0x4E, 0x72, 0x28, 0xE9, 0x6E, 0xCD, 0xA2, 0x9B, 0xF2, 0xD9, 0x85, 0x87, 0x41, 0x56, 0x3D,
    0xD7, 0xC9, 0x70, 0xDC, 0x3F, 0x3C, 0x12, 0xAF, 0x67, 0x21, 0x21, 0x07, 0x05, 0x8C, 0x06, 0x04,
    0x88, 0x9A, 0xAF, 0x01, 0x74, 0x1F, 0x77, 0x2D, 0x5F, 0xBE, 0x1D, 0x15, 0x8D, 0xAA, 0x69, 0x01,
    0xC2, 0x1A, 0x9E, 0x3E, 0x52, 0xFB, 0x6C, 0x55, 0xAB, 0x66, 0x35, 0x37, 0x7E, 0xB0, 0xB5, 0x24,
    0xEF, 0xB9, 0xA6, 0xAB, 0x85, 0x27, 0xF8, 0xBA, 0x3F, 0xE3, 0xDB, 0x53, 0x43, 0x07, 0x00, 0xCB,
    0xFE, 0x08, 0xF0, 0xAF, 0x74, 0x76, 0x61, 0x4F, 0x6E, 0xD9, 0x7A, 0x49, 0xA9, 0x79, 0x81, 0x2E,
    0xB0, 0x86, 0x0B, 0xC4, 0x91, 0x40, 0x73, 0x81, 0x7F, 0x25, 0x6C, 0xF9, 0x55, 0x6D, 0x13, 0x15,
    0x2D, 0x70, 0x3C, 0xEC, 0xA8, 0x93, 0x91, 0x09, 0x40, 0x19, 0xBF, 0x03, 0xE4, 0x91, 0x92, 0xE9,
    0x2E, 0xC5, 0xCC, 0x16, 0xD5, 0xD4, 0xD1, 0x3E, 0xD1, 0xD9, 0x17, 0x24, 0x81, 0x9F, 0xF3, 0x05,
    0xF4, 0xCE, 0xB8, 0x18, 0x01, 0x37, 0x68, 0x92, 0x29, 0x67, 0x38, 0xB2, 0xAE, 0xC8, 0xDE, 0xFF,
    0x57, 0x37, 0xF8, 0xBE, 0x1C, 0xFC, 0xF0, 0xFB, 0x6D, 0xB5, 0xD6, 0x70, 0xF6, 0xFE, 0x4E, 0x8B,
    0x0B, 0x0E, 0x40, 0x13, 0x7C, 0x5B, 0x04, 0x99, 0xCE, 0x7B, 0xBB, 0x9C, 0x0E, 0x8E, 0x6C, 0x93,
    0x4E, 0x02, 0x7C, 0xBA, 0xE7, 0x97, 0x13, 0x72, 0xEB, 0xD0, 0x02, 0x8D, 0x65, 0xBA, 0x1C, 0x67,
    0x3A, 0xA0, 0xB9, 0x9C, 0x69, 0x71, 0x9A, 0x69, 0xC9, 0xF5, 0x52, 0xA6, 0xE9, 0xA5, 0x4C, 0x9F,
    0xDC, 0x29, 0xD3, 0xFD, 0x4D, 0xF0, 0xC6, 0xDE, 0x04, 0x4F, 0xB9, 0x1C, 0x65, 0x4A, 0xCB, 0x74,
    0xF8, 0xC3, 0x67, 0x77, 0xC9, 0x74, 0xCF, 0x6A, 0xFD, 0xE6, 0xB2, 0x02, 0x01, 0x24, 0x97, 0x9F,
    0x29, 0xE7, 0x01, 0x48, 0x38, 0xBF, 0x75, 0x7A, 0xF6, 0x29, 0x2A, 0xBD, 0x06, 0x1A, 0x00, 0x9F,
    0x02, 0x78, 0xA4, 0x1C, 0x5F, 0xF6, 0x40, 0xAE, 0x87, 0x8E, 0x38, 0xC1, 0xD0, 0x7B, 0xFE, 0x13,
    0x87, 0x6E, 0x40, 0x75, 0x19, 0xC3, 0xB7, 0x47, 0xD6, 0x82, 0x61, 0x10, 0x0C, 0x6B, 0x7D, 0xC0,
    0xB0, 0x00, 0x0D, 0xD9, 0x23, 0xE9, 0x18, 0xB0, 0xA9, 0x60, 0x70, 0x82, 0x21, 0xBB, 0x82, 0xE1,
    0xD9, 0x35, 0x18, 0x92, 0x39, 0x02, 0xC2, 0xD3, 0xDB, 0x0B, 0xDE, 0xF7, 0x91, 0x3D, 0xA5, 0xC5,
    0x33, 0x0A, 0x17, 0xB2, 0x4B, 0x8A, 0x4D, 0x81, 0x77, 0xA2, 0x19, 0xD9, 0x9F, 0x53, 0x6B, 0xFB,
    0x9A, 0xA3, 0x68, 0xD9, 0x1F, 0xFD, 0x28, 0x01, 0x07, 0x05, 0x92, 0x7F, 0xB9, 0xEE, 0xD3, 0x29,
    0x1E, 0xF7, 0xB3, 0xEB, 0xD8, 0xA7, 0x5B, 0x31, 0xB9, 0x90, 0x4F, 0x6E, 0x2A, 0xA6, 0xC2, 0x3E,
    0x32, 0x43, 0xA2, 0x33, 0xBD, 0x15, 0xD8, 0x5F, 0x6D, 0x6E, 0x7A, 0x9B, 0x46, 0xAD, 0xFB, 0x53,
    0xF1, 0xE7, 0x3F, 0x39, 0x5C, 0x07, 0x8A, 0x11, 0xEF, 0x3B, 0xCF, 0x2C, 0xE0, 0x2F, 0x36, 0x29,
    0x02, 0xB2, 0xD1, 0x05, 0xE4, 0x2A, 0xC3, 0x2E, 0xC5, 0x40, 0xC6, 0xA2, 0xDF, 0x05, 0x20, 0x2D,
    0xCC, 0xF3, 0x22, 0xD4, 0x20, 0xD8, 0x20, 0xDC, 0x20, 0xE0, 0x20, 0xE4, 0x90, 0x8B, 0x28, 0x3B,
    0x81, 0x77, 0x8F, 0x4C, 0xBA, 0x45, 0xF4, 0xB3, 0xE7, 0x87, 0x71, 0xB3, 0xBC, 0x15, 0x93, 0xB7,
    0xAA, 0x1C, 0x4F, 0xF6, 0x8F, 0x3B, 0x8E, 0x9B, 0x07, 0xE9, 0x1B, 0x85, 0xE0, 0xD6, 0x0B, 0xA9,
    0x9C, 0x21, 0x25, 0x7B, 0x0B, 0x2E, 0x9F, 0x3E, 0xD3, 0xC2, 0x5D, 0x34, 0x6A, 0xCF, 0xA8, 0x76,
    0x31, 0x2B, 0x97, 0xEF, 0xBF, 0x24, 0x75, 0xD7, 0xA7, 0xB6, 0xFF, 0xF4, 0xE1, 0xDE, 0xAD, 0x69,
    0xD3, 0x55, 0x6D, 0xFF, 0x9D, 0x1A, 0x5B, 0x24, 0xB4, 0xE9, 0xC9, 0x0A, 0xF8, 0xF5, 0x87, 0x17,
    0x71, 0xFF, 0x65, 0x20, 0x72, 0x92, 0xA3, 0xB0, 0x26, 0x6B, 0x00, 0x0F, 0xF9, 0x02, 0xD6, 0x50,
    0x84, 0x28, 0x39, 0x6D, 0xE2, 0x39, 0x6F, 0xE2, 0x03, 0x1A, 0x3A, 0xF6, 0x4D, 0xCC, 0x8F, 0x45,
    0xA6, 0x25, 0xB7, 0x92, 0x05, 0xF6, 0xE5, 0xF1, 0x02, 0x95, 0x86, 0x2F, 0x17, 0x14, 0xEB, 0xF7,
    0x97, 0xCB, 0x3F, 0x78, 0xE4, 0x71, 0xFB, 0x70, 0x88, 0x39, 0x06, 0x93, 0x86, 0x64, 0x2F, 0x72,
    0xBF, 0x88, 0xCA, 0xF6, 0x53, 0x60, 0xB3, 0xFF, 0x88, 0x46, 0x6A, 0x16, 0xCB, 0x0D, 0xD8, 0xD2,
    0x7D, 0xF2, 0x81, 0x96, 0x58, 0xF9, 0xF1, 0xB4, 0xC9, 0x4F, 0x27, 0x43, 0x87, 0x9C, 0x03, 0x9A,
    0x85, 0xEF, 0xA2, 0xC4, 0xF6, 0xD6, 0xD4, 0x6A, 0xEC, 0x45, 0x93, 0xDF, 0x0E, 0x6A, 0xAF, 0xC5,
    0xEC, 0x1F, 0xC9, 0xF8, 0xC7, 0xEE, 0x03, 0xA5, 0x89, 0xCF, 0xF6, 0xAF, 0xB2, 0xB2, 0x2F, 0xFB,
    0x4D, 0xB8, 0x49, 0xC2, 0x1A, 0x4D, 0x6C, 0xDE, 0x09, 0x52, 0xCE, 0x4A, 0x8F, 0x41, 0x2C, 0xE3,
    0x68, 0x36, 0x00, 0x24, 0xF9, 0x8B, 0x0F, 0x0F, 0xA2, 0x64, 0x62, 0x09, 0xE4, 0xEC, 0xDF, 0xCD,
    0x89, 0x6C, 0x10, 0xFE, 0xDF, 0xC8, 0xB4, 0xD9, 0x72, 0x20, 0xD3, 0xD5, 0x52, 0x0C, 0x20, 0xA0,
    0xF7, 0x9B, 0x40, 0xF3, 0xCA, 0x1E, 0x97, 0x91, 0x9C, 0xA1, 0x81, 0x04, 0x40, 0xA2, 0x6E, 0x01,
    0x54, 0x7C, 0x05, 0xFB, 0x62, 0x4E, 0xDB, 0x73, 0x33, 0x9A, 0xAD, 0x66, 0xBA, 0xF3, 0x58, 0xB0,
    0xDF, 0xE5, 0x4E, 0x98, 0x9A, 0x3E, 0x5B, 0x93, 0x73, 0x98, 0xF2, 0x57, 0x80, 0x3D, 0xD6, 0x13,
    0xA1, 0x1D, 0x49, 0x5B, 0x3E, 0x9A, 0x03, 0xE5, 0x64, 0xBE, 0x4F, 0x0F, 0xEC, 0xC6, 0xD4, 0x68,
    0x06, 0x94, 0xD3, 0x3E, 0xAA, 0xE6, 0x7D, 0xE4, 0x0D, 0xF2, 0x02, 0x19, 0xA1, 0xE9, 0xD3, 0xD5,
    0xB6, 0xED, 0x5A, 0x45, 0x42, 0xA8, 0xD5, 0x32, 0x4A, 0x28, 0x2B, 0x24, 0x64, 0xAD, 0xAB, 0x6F,
    0xAB, 0x76, 0xAD, 0x00, 0xAD, 0xC6, 0x6C, 0xF1, 0x7D, 0xA1, 0xF7, 0xEF, 0x59, 0xF4, 0xBD, 0x9B,
    0x20, 0xF3, 0xA2, 0xB9, 0x92, 0x39, 0x16, 0x8A, 0xD9, 0x4D, 0x65, 0xA8, 0x46, 0x20, 0x8F, 0x2E,
    0xD8, 0x8B, 0xD3, 0xD9, 0x52, 0x06, 0x37, 0x35, 0x3D, 0x90, 0xAE, 0xD5, 0x90, 0xCF, 0xF6, 0xDC,
    0x4F, 0xD2, 0x27, 0x64, 0xA4, 0xCF, 0x23, 0x35, 0x0B, 0xB6, 0x29, 0x15, 0xAB, 0x67, 0x9D, 0x30,
    0xDA, 0x08, 0xB0, 0x51, 0xB9, 0x02, 0x9D, 0x66, 0xEC, 0x16, 0xBB, 0xF1, 0x03, 0x24, 0x0C, 0x3F,
    0x2A, 0x15, 0x19, 0x0D, 0x47, 0x2F, 0xD5, 0x03, 0xCD, 0xA0, 0x66, 0xB7, 0x62, 0xFA, 0xFA, 0x8E,
    0x67, 0x90, 0x52, 0x1E, 0xCC, 0x19, 0x8E, 0x3C, 0x5B, 0x12, 0x4E, 0x79, 0x44, 0xBA, 0xA6, 0x9C,
    0x8B, 0x19, 0x09, 0x33, 0x46, 0xC9, 0x8D, 0x7F, 0xC7, 0xA5, 0x0A, 0x40, 0xF3, 0xEF, 0x5C, 0xE5,
    0x00, 0xFE, 0x57, 0xFF, 0x43, 0xC9, 0xA5, 0x62, 0xB0, 0xC7, 0xAF, 0xE2, 0x10, 0x1F, 0x1A, 0xF1,
    0x9C, 0xBD, 0x5F, 0x00, 0x64, 0x9B, 0x47, 0x7B, 0xA7, 0xBA, 0x9C, 0x35, 0xCF, 0x4B, 0x93, 0xB5,
    0x6A, 0x16, 0xFD, 0xC9, 0x73, 0x80, 0x9C, 0x2B, 0x92, 0x0C, 0xEE, 0xB2, 0x26, 0xD4, 0x5A, 0x15,
    0x3A, 0x92, 0x5A, 0x2E, 0xEC, 0x83, 0x9B, 0x01, 0x21, 0x2C, 0x09, 0x2B, 0xDB, 0xB5, 0xEB, 0x81,
    0xC4, 0xCE, 0x60, 0x1A, 0xBB, 0x68, 0xFB, 0xBF, 0x9F, 0xA9, 0xB4, 0xAF, 0xB1, 0xDF, 0xE7, 0xA5,
    0xAF, 0x05, 0x03, 0x47, 0x41, 0xB8, 0x40, 0x94, 0x07, 0x45, 0xD7, 0x0A, 0xAD, 0xA6, 0x97, 0xD8,
    0xFC, 0x20, 0x15, 0x50, 0x06, 0x3F, 0xD8, 0x2B, 0xF4, 0x76, 0xD7, 0x2B, 0x31, 0x53, 0x8F, 0x25,
    0x9A, 0xD0, 0x6A, 0xD6, 0x8A, 0x7C, 0x16, 0x6D, 0x26, 0x51, 0x1F, 0x54, 0x07, 0xD5, 0x1E, 0x78,
    0x38, 0x28, 0xE6, 0xFF, 0x34, 0xC8, 0x92, 0x62, 0xA1, 0x1B, 0x65, 0x0C, 0x80, 0x96, 0xEE, 0xA1,
    0x3D, 0xFE, 0x74, 0x3F, 0x1B, 0xC8, 0xB5, 0x7B, 0x7F, 0xA9, 0x3E, 0xA8, 0x0F, 0xAF, 0x88, 0x35,
    0x00, 0x28, 0xAD, 0x3E, 0xA3, 0x80, 0x5B, 0x41, 0x3D, 0x30, 0xF7, 0xA2, 0xD7, 0x3D, 0x64, 0x1A,
    0x5B, 0xA1, 0xB1, 0x49, 0x7D, 0x5D, 0xFF, 0x3F, 0xA3, 0xA8, 0x3F, 0xF7, 0x3F, 0x7D, 0x5F, 0x46,
    0x51, 0x1F, 0x6E, 0xFC, 0xF5, 0x9A, 0xEB, 0xED, 0x57, 0x59, 0x5E, 0xE3, 0x1C, 0x2F, 0xF5, 0x84,
    0x3D, 0x73, 0x82, 0x4E, 0x76, 0x34, 0x01, 0x1C, 0xF4, 0xE2, 0x5B, 0xAC, 0x2E, 0xC8, 0x63, 0x75,
    0x1F, 0xAE, 0xFE, 0x6A, 0x0B, 0xF8, 0x16, 0xA4, 0x79, 0x7C, 0x10, 0xD9, 0x4B, 0x73, 0x00, 0xAA,
    0x5A, 0xFA, 0xFD, 0x10, 0xC8, 0xBF, 0xB0, 0x5F, 0xE7, 0x0D, 0x1F, 0x02, 0x81, 0xE4, 0x7F, 0x03,
    0xD0, 0x0D, 0xF7, 0x96, 0xFD, 0xFF, 0x01, 0xB5, 0x91, 0x01, 0x86, 0xDF, 0x40, 0x18, 0xC5, 0x7F,
    0xF3, 0x8F, 0x6D, 0x10, 0x0C, 0x00, 0x85, 0x1C, 0x21, 0x47, 0x98, 0x1C, 0x61, 0xB1, 0xF7, 0xD8,
    0x23, 0x4C, 0xE8, 0x05, 0x7A, 0x93, 0xF6, 0x00, 0xCB, 0x0C, 0x05, 0x14, 0xE6, 0x08, 0xC1, 0x82,
    0x16, 0x1D, 0x04, 0x59, 0x66, 0xF3, 0x9A, 0x0F, 0xB6, 0xFF, 0xEA, 0x5F, 0x29, 0x1A, 0xF3, 0x7E,
    0xEF, 0xC3, 0x7B, 0x1F, 0x9F, 0xC0, 0x9D, 0xBB, 0x07, 0x18, 0xBF, 0xAE, 0x00, 0x83, 0x32, 0x40,
    0x27, 0x00, 0xDC, 0x2B, 0x00, 0x3C, 0x00, 0x38, 0x09, 0x30, 0x5B, 0xC0, 0x2C, 0x83, 0x59, 0x01,
    0xF0, 0xAA, 0x00, 0xA3, 0x36, 0x80, 0xE9, 0x7B, 0x03, 0x08, 0x5F, 0xCC, 0x48, 0x1F, 0x0E, 0x00,
    0x39, 0x01, 0x17, 0x61, 0xFD, 0xEE, 0x95, 0x98, 0xA1, 0x6F, 0x84, 0x62, 0x6D, 0xA9, 0x5A, 0x5B,
    0xD6, 0x0F, 0x92, 0x1A, 0x44, 0x49, 0xAF, 0x58, 0xFA, 0x72, 0x80, 0x00, 0x61, 0x13, 0x69, 0x91,
    0xAA, 0x75, 0x6E, 0x5A, 0xB7, 0x05, 0x70, 0x2D, 0x01, 0xA9, 0x01, 0x61, 0x03, 0xFC, 0x0A, 0xB8,
    0x19, 0x00, 0xB8, 0x68, 0x05, 0x6F, 0xCB, 0x27, 0x69, 0x26, 0x48, 0x99, 0x90, 0x63, 0x21, 0x2C,
    0xA1, 0x60, 0x27, 0xE1, 0x0D, 0xC1, 0x90, 0xCA, 0x54, 0x10, 0x27, 0x0E, 0x83, 0x48, 0xCF, 0xE8,
    0x87, 0x0E, 0xA2, 0x24, 0xA6, 0x73, 0xA4, 0x3F, 0xBA, 0x1D, 0x2A, 0x97, 0x76, 0x8E, 0x78, 0xCD,
    0x93, 0xCF, 0x52, 0x7B, 0x7B, 0x5D, 0xE3, 0x9F, 0xDE, 0x75, 0xD7, 0xCD, 0xF4, 0x2B, 0x7E, 0x23,
    0x34, 0x9E, 0x02, 0x0F, 0x77, 0x00, 0x8F, 0x85, 0xB8, 0x11, 0x1B, 0xF1, 0xEF, 0xAB, 0x94, 0x3B,
    0x15, 0xBB, 0x36, 0x2D, 0x00, 0x51, 0x2B, 0xBD, 0x74, 0x30, 0x4A, 0x5A, 0xC2, 0x89, 0x12, 0x0B,
    0xB1, 0x6A, 0xC6, 0x57, 0x61, 0x80, 0xC1, 0x00, 0x29, 0x03, 0xE1, 0x05, 0x18, 0x75, 0xCC, 0x56,
    0xDB, 0x21, 0xC9, 0xFE, 0x46, 0xD2, 0x0A, 0x4E, 0x1B, 0x30, 0xB6, 0x7B, 0xE8, 0x9B, 0xA0, 0x7B,
    0xC3, 0xB0, 0x6B, 0x61, 0xDA, 0x92, 0xA4, 0x1A, 0x4E, 0xE4, 0xE1, 0x04, 0x7C, 0xD2, 0x33, 0x20,
    0xC0, 0x19, 0x2E, 0x0D, 0xE8, 0x76, 0xA0, 0xAF, 0xE0, 0xB4, 0xE3, 0xA5, 0x79, 0x92, 0x72, 0xF8,
    0xA6, 0x12, 0xF2, 0x58, 0x42, 0x79, 0xFF, 0x71, 0x3A, 0x66, 0xBC, 0x76, 0x3A, 0x69, 0xE1, 0x51,
    0x05, 0x62, 0x0D, 0xCB, 0x50, 0x43, 0xF6, 0xB6, 0xBB, 0x4E, 0x52, 0xF1, 0xD2, 0xE2, 0xD2, 0x0B,
    0x4C, 0x19, 0x82, 0x69, 0x86, 0x08, 0x3C, 0x81, 0xEC, 0x6B, 0x37, 0x88, 0xAF, 0xDD, 0x6F, 0xE4,
    0x24, 0xFC, 0x17, 0x76, 0x52, 0xBE, 0x45, 0xE0, 0x2A, 0xB9, 0x02, 0x8C, 0x19, 0x60, 0x5A, 0x00,
    0x02, 0xBF, 0x08, 0xEE, 0xB3, 0x25, 0xFF, 0x94, 0xD4, 0xAE, 0x75, 0x23, 0x63, 0x7A, 0x57, 0x7D,
    0x1D, 0x36, 0x5F, 0xFB, 0xCD, 0x6F, 0xC3, 0x36, 0x48, 0xB5, 0x3F, 0xE5, 0xA4, 0xCC, 0xE3, 0x01,
    0x00, 0x61, 0x85, 0x98, 0x21, 0xCD, 0x70, 0x00, 0x0D, 0x7E, 0x02, 0xD3, 0x67, 0xD8, 0x7F, 0xE0,
    0xFF, 0x85, 0xFF, 0x17, 0xEA, 0x0F, 0xD8, 0x37, 0xD4, 0x3B, 0xD4, 0x31, 0x70, 0x30, 0xD0, 0x53,
    0x04, 0x00, 0xDD, 0x99, 0x31, 0xAC, 0xE4, 0x4A, 0x56, 0xFE, 0x3F, 0xB7, 0xF5, 0xA6, 0xA5, 0xB5,
    0xF4, 0x77, 0xF4, 0x17, 0xAC, 0x5E, 0xE0, 0x5C, 0x04, 0x8E, 0x91, 0x10, 0x65, 0x44, 0x40, 0xFA,
    0x02, 0x5E, 0x4C, 0x42, 0xB6, 0x48, 0x93, 0x47, 0xB6, 0x20, 0x97, 0x26, 0x20, 0x27, 0x8F, 0x36,
    0x8F, 0x5C, 0xE8, 0xE5, 0x7A, 0xCE, 0x36, 0xC4, 0x48, 0x93, 0x6F, 0xAD, 0x30, 0xC8, 0x03, 0x65,
    0x7F, 0xD4, 0x77, 0xAA, 0x6F, 0xBF, 0xEE, 0xDB, 0xBE, 0xAD, 0x99, 0xD1, 0x3E, 0x00, 0x2C, 0xFB,
    0xF7, 0x9D, 0xB1, 0x5D, 0xC7, 0xA7, 0xCE, 0x3D, 0x5D, 0xAE, 0xF2, 0xA0, 0x08, 0x0D, 0x80, 0x32,
    0x3A, 0x2F, 0xF6, 0xA2, 0xEC, 0x7C, 0x9E, 0xDA, 0xFC, 0x23, 0xCB, 0x08, 0xB8, 0x07, 0xFE, 0xFF,
    0x4E, 0x04, 0xEE, 0x48, 0x72, 0x3D, 0xA2, 0xAE, 0x1E, 0xF1, 0xC1, 0xF3, 0x5B, 0x31, 0xA0, 0x18,
    0x77, 0x00, 0x0D, 0x19, 0x80, 0x91, 0xDC, 0x70, 0x22, 0x49, 0x9C, 0x39, 0x9C, 0x38, 0xD4, 0x9B,
    0xDA, 0xB6, 0x41, 0x74, 0xB3, 0xD8, 0x7B, 0x71, 0x1C, 0x80, 0x6F, 0x07, 0x76, 0x40, 0xEE, 0xDD,
    0x21, 0xF3, 0xD5, 0x41, 0xEC, 0xBD, 0x28, 0x0F, 0xEF, 0xD0, 0x2E, 0x40, 0x1D, 0xE4, 0xB9, 0x0D,
    0x67, 0x4E, 0x18, 0x27, 0x7B, 0xE2, 0x80, 0xD1, 0x9A, 0xD5, 0xEA, 0x57, 0x8A, 0x8A, 0x03, 0xC8,
    0x78, 0xDD, 0xCB, 0x88, 0x2F, 0xDF, 0xEF, 0x3C, 0xFC, 0x49, 0x19, 0x58, 0x47, 0xDB, 0x65, 0x43,
    0xDB, 0xD7, 0x3E, 0xE2, 0xC1, 0x39, 0x0A, 0x12, 0x80, 0x64, 0xC8, 0xE2, 0xB3, 0x4C, 0x49, 0x50,
    0x33, 0xDC, 0x48, 0xCB, 0x55, 0xE2, 0x7E, 0x13, 0x25, 0xFD, 0x0F, 0x9B, 0x84, 0x7F, 0x4B, 0x6B,
    0x00, 0xC9, 0x89, 0x96, 0xB7, 0x72, 0xB3, 0xC4, 0x9D, 0x23, 0xDC, 0x04, 0xD4, 0x2B, 0xF4, 0x87,
    0x68, 0x48, 0x2E, 0x72, 0x42, 0xB9, 0x71, 0xD4, 0xC3, 0x2D, 0x75, 0x1B, 0xD4, 0xE8, 0x44, 0x39,
    0x51, 0xF6, 0x4F, 0x7B, 0x92, 0x71, 0x20, 0x03, 0x6A, 0xF2, 0x58, 0xB4, 0xE1, 0x91, 0x2A, 0x99,
    0x47, 0x7E, 0x8F, 0xE3, 0xC2, 0xFC, 0x60, 0xDC, 0x8C, 0xEC, 0xC4, 0x5C, 0xDA, 0xE3, 0x2C, 0x36,
    0x41, 0xAC, 0x1F, 0xD8, 0x18, 0xC7, 0xE9, 0xA6, 0x18, 0x3B, 0x21, 0x42, 0xFC, 0x60, 0x1C, 0x8C,
    0x8B, 0x71, 0xFF, 0x29, 0xB6, 0x82, 0x43, 0x22, 0xFA, 0x37, 0x7E, 0x40, 0xA3, 0x78, 0xCA, 0x91,
    0xEC, 0x10, 0xE3, 0x17, 0xC6, 0xD6, 0x3E, 0xC6, 0x86, 0xD7, 0xB1, 0xC5, 0x57, 0x50, 0x4D, 0xDC,
    0x03, 0xF8, 0xFD, 0x80, 0x8C, 0x0F, 0x28, 0x73, 0x68, 0x87, 0x82, 0x3A, 0xC0, 0x79, 0x7C, 0x96,
    0xCC, 0xB7, 0xD2, 0x4C, 0xB7, 0xD2, 0x5E, 0xC4, 0x9B, 0xB8, 0x3B, 0xE9, 0x07, 0x93, 0xB1, 0x33,
    0x21, 0x24, 0xC5, 0x6E, 0xC2, 0x1C, 0xC4, 0xB1, 0x58, 0xDD, 0x1F, 0x8B, 0x88, 0xFF, 0xD9, 0x63,
    0xA5, 0x63, 0x4C, 0x7B, 0x4D, 0xE2, 0xB9, 0x85, 0x3E, 0x80, 0x28, 0xD9, 0x01, 0x4D, 0x04, 0xA1,
    0xB1, 0x0E, 0x67, 0x82, 0xE8, 0x17, 0xFB, 0x75, 0x7B, 0x16, 0x9C, 0x01, 0x60, 0x0C, 0xAC, 0x38,
    0xC8, 0x6A, 0x57, 0xB6, 0x84, 0xB6, 0x7A, 0xE7, 0x18, 0xCD, 0x6A, 0x49, 0xEE, 0x37, 0x59, 0xB1,
    0xB6, 0xDA, 0xD4, 0xB6, 0xE4, 0x5F, 0xF1, 0x77, 0x0C, 0xF2, 0x1C, 0x4B, 0xFA, 0x56, 0x9E, 0xEB,
    0x45, 0x4F, 0x8B, 0xB2, 0x14, 0x41, 0x25, 0xAB, 0x99, 0x15, 0xCB, 0x26, 0x77, 0x93, 0xAC, 0x1D,
    0xF8, 0x43, 0xE7, 0x41, 0x9C, 0xF8, 0x4B, 0xEC, 0x66, 0x15, 0x6C, 0x3D, 0x39, 0x38, 0xAB, 0x6F,
    0x3F, 0x12, 0xB2, 0x46, 0x0E, 0x6E, 0x33, 0xCB, 0x11, 0xD5, 0x62, 0x56, 0xB5, 0xAA, 0x1F, 0x1F,
    0x15, 0x38, 0xD9, 0xA1, 0xB4, 0x50, 0xCE, 0x89, 0x8B, 0xFA, 0xD8, 0x44, 0x3D, 0xB6, 0xDC, 0xC4,
    0xE2, 0x85, 0x55, 0xC0, 0x69, 0xC3, 0x37, 0x97, 0x64, 0x2B, 0x38, 0x35, 0x08, 0xC6, 0xD9, 0xB8,
    0x1A, 0x37, 0x40, 0x2A, 0x82, 0x9D, 0xD8, 0x5F, 0xF8, 0x6E, 0x50, 0xA1, 0xB9, 0x19, 0x05, 0xBB,
    0xE6, 0x13, 0x2A, 0xA2, 0xBE, 0x0E, 0x37, 0x8B, 0x45, 0xE2, 0x81, 0x5F, 0xF0, 0x13, 0x60, 0x7E,
    0x19, 0x25, 0xA7, 0x2C, 0xE7, 0x2C, 0x35, 0xA3, 0xFD, 0x65, 0x09, 0xC9, 0x68, 0x52, 0xD0, 0xA4,
    0xCC, 0x52, 0x6F, 0x26, 0xED, 0x6A, 0xE2, 0x82, 0x09, 0xBD, 0xE4, 0xC4, 0x4E, 0x72, 0xDE, 0x21,
    0xA9, 0xA3, 0x89, 0x0B, 0x26, 0x63, 0x4E, 0x2E, 0xBD, 0x84, 0x84, 0xC9, 0x96, 0x65, 0xCD, 0x12,
    0xB2, 0x78, 0x25, 0xB0, 0x64, 0x67, 0xB2, 0xC3, 0x24, 0x4A, 0x12, 0x56, 0xD4, 0x1E, 0x40, 0xCC,
    0x42, 0x38, 0x49, 0x4F, 0x76, 0xB9, 0x06, 0x12, 0x51, 0x31, 0x4A, 0x0A, 0x4E, 0x77, 0xDD, 0x2C,
    0xB3, 0x54, 0x59, 0x9A, 0x2F, 0xEC, 0x66, 0xFF, 0x5F, 0xD9, 0x4D, 0x32, 0xF0, 0x88, 0x4A, 0x77,
    0x44, 0x22, 0x83, 0x45, 0xE1, 0x13, 0x2B, 0x22, 0xB1, 0x8D, 0xE2, 0x18, 0x12, 0x77, 0xFA, 0x44,
    0x32, 0x18, 0xA3, 0x91, 0xE2, 0x6F, 0xD8, 0x25, 0x62, 0x54, 0x2B, 0x38, 0x63, 0x3B, 0x8B, 0x4D,
    0x10, 0xEB, 0xCC, 0xE5, 0xAF, 0x13, 0xAB, 0x48, 0x32, 0x94, 0x14, 0x4F, 0xDC, 0x13, 0xC1, 0x28,
    0xEA, 0x77, 0xA1, 0xCD, 0x1F, 0x4B, 0x76, 0xF3, 0x25, 0xB2, 0x3E, 0x91, 0xE5, 0x6D, 0x39, 0x07,
    0xC9, 0xAF, 0x2A, 0x13, 0x36, 0x59, 0x38, 0x95, 0xF6, 0x9B, 0xF4, 0x12, 0xC7, 0x4E, 0x52, 0xAD,
    0x90, 0xE4, 0x92, 0x60, 0xE4, 0x0E, 0xE4, 0x4A, 0xE8, 0x80, 0x4A, 0xEA, 0x61, 0xB5, 0xC0, 0x39,
    0x17, 0x03, 0x17, 0x80, 0xD2, 0x88, 0x93, 0xE9, 0x8E, 0xB3, 0x74, 0x63, 0x97, 0x0B, 0x62, 0xF4,
    0xB9, 0x22, 0xDC, 0x9C, 0x4B, 0xA2, 0xF9, 0x57, 0x7A, 0x69, 0x45, 0x42, 0x5A, 0x72, 0x33, 0x2D,
    0xB8, 0x9A, 0x62, 0x0C, 0x59, 0x9D, 0xCF, 0xFA, 0x0D, 0xB2, 0xE2, 0x99, 0xE6, 0xBA, 0x65, 0x7C,
    0x5B, 0x23, 0xDC, 0x1B, 0x62, 0x3E, 0x88, 0x2F, 0x10, 0x6A, 0x3B, 0x96, 0x2F, 0x76, 0xF6, 0x2C,
    0xB2, 0x3C, 0x55, 0x55, 0xC2, 0x19, 0xF3, 0xC0, 0xC8, 0x2E, 0x0F, 0xD3, 0x33, 0x2A, 0x7E, 0x28,
    0x46, 0x1B, 0x1B, 0x35, 0x38, 0x3A, 0xAB, 0x64, 0x9B, 0xCB, 0x15, 0x56, 0xB2, 0x00, 0x3B, 0x76,
    0x49, 0xFA, 0xE1, 0xE8, 0x95, 0x78, 0x2C, 0x63, 0x6E, 0xD0, 0xE7, 0xE6, 0x17, 0x67, 0x6D, 0x76,
    0x7D, 0x79, 0xD0, 0x39, 0x3F, 0xF6, 0x12, 0x04, 0x7A, 0x52, 0x11, 0xD6, 0x39, 0x40, 0x58, 0xB8,
    0xB4, 0x2D, 0x1E, 0xCA, 0xA5, 0xD3, 0xFF, 0x4D, 0x42, 0x06, 0xA5, 0xF5, 0x58, 0xAE, 0xB3, 0xAF,
    0xDD, 0x48, 0x6F, 0x0C, 0x6A, 0xDA, 0x2F, 0x62, 0xBD, 0x8A, 0x65, 0x7C, 0xCD, 0xB3, 0x98, 0xAF,
    0xA6, 0xD4, 0x94, 0x96, 0x19, 0xA3, 0x17, 0x37, 0x88, 0x1F, 0x72, 0x08, 0xCF, 0xA9, 0xF8, 0x0E,
    0x79, 0xB7, 0x90, 0xBA, 0xFA, 0x24, 0xAA, 0xBC, 0x90, 0x52, 0x84, 0xDE, 0xE5, 0x85, 0xD4, 0x24,
    0xF6, 0x83, 0xCE, 0xE8, 0xAF, 0xF9, 0xAE, 0x23, 0xB4, 0x3D, 0x27, 0xBB, 0x9B, 0x85, 0xD4, 0x64,
    0x0B, 0xA9, 0x70, 0xBB, 0x90, 0xFA, 0x50, 0xF0, 0x7E, 0x21, 0xD5, 0xDC, 0x2E, 0xA4, 0x48, 0xC6,
    0x03, 0x6A, 0xBE, 0x7B, 0x47, 0x24, 0x02, 0x3F, 0x0B, 0x35, 0x64, 0x1D, 0x90, 0x8C, 0x49, 0xC3,
    0xA1, 0x80, 0x9D, 0x06, 0x72, 0x8C, 0x1E, 0xB6, 0xFA, 0x9C, 0xB4, 0xAB, 0xDF, 0xBD, 0xCF, 0x93,
    0x9D, 0xC1, 0x56, 0x47, 0x94, 0xF7, 0xED, 0x24, 0x29, 0x68, 0x53, 0x1D, 0xF0, 0x2F, 0xA2, 0xA4,
    0xFF, 0x71, 0x95, 0xB8, 0x7F, 0x0A, 0x92, 0x86, 0x26, 0x15, 0x27, 0x49, 0x49, 0x2F, 0x39, 0xC9,
    0x89, 0x1A, 0x8A, 0x7F, 0x73, 0xDA, 0x75, 0x6A, 0xAF, 0xA2, 0x9D, 0xA2, 0xB5, 0x66, 0x6E, 0xE6,
    0xF2, 0xFD, 0xD5, 0x2E, 0xDA, 0xD9, 0x37, 0xE5, 0x0F, 0xF6, 0xEF, 0xEC, 0x39, 0x64, 0x97, 0x47,
    0x84, 0x25, 0x17, 0xC3, 0x8E, 0x9A, 0x7F, 0x1E, 0xBF, 0xE5, 0xD0, 0xAA, 0x58, 0x39, 0xB9, 0x29,
    0x49, 0x1B, 0xC6, 0xC1, 0x5E, 0x52, 0x44, 0x92, 0xF3, 0x2A, 0x49, 0xFB, 0xDB, 0x72, 0x8E, 0xB9,
    0xC1, 0xEA, 0xBC, 0x35, 0x37, 0x67, 0xE3, 0x5C, 0xEF, 0x1A, 0xB0, 0xAD, 0x9E, 0x49, 0x40, 0x5C,
    0xAD, 0x0A, 0xAC, 0x83, 0xBF, 0xDA, 0xFF, 0xFE, 0x79, 0xD4, 0x2E, 0x81, 0xF4, 0x47, 0xA2, 0xEC,
    0x17, 0xF2, 0xD2, 0x2C, 0x25, 0xD5, 0xB1, 0x58, 0x6D, 0x96, 0xC0, 0x7A, 0xB5, 0x34, 0xFD, 0xDA,
    0xBC, 0x8C, 0x9C, 0x24, 0x8E, 0x83, 0xA4, 0xA6, 0x08, 0xBB, 0xF1, 0xFA, 0xAF, 0x36, 0x5F, 0xEB,
    0xF3, 0x9D, 0x1C, 0xC3, 0xD5, 0x4B, 0xF6, 0x79, 0x7D, 0xC2, 0xE5, 0x79, 0xA3, 0x07, 0x27, 0x05,
    0xA0, 0xE3, 0x58, 0xBE, 0xFE, 0x9D, 0xF1, 0xF3, 0xCA, 0xD3, 0x11, 0x16, 0xDA, 0xCA, 0x27, 0x02,
    0x90, 0xA1, 0x26, 0x1F, 0x79, 0x59, 0xA7, 0x3C, 0xE7, 0x26, 0x9E, 0x76, 0xB1, 0xA0, 0x0D, 0x1A,
    0x9C, 0xCE, 0xF4, 0x18, 0xC9, 0x44, 0x67, 0xAC, 0xC8, 0xD1, 0x03, 0xE3, 0xEA, 0x12, 0x81, 0x37,
    0x58, 0x93, 0x8F, 0x24, 0xA3, 0x6C, 0x32, 0x3C, 0xB7, 0x72, 0x34, 0x48, 0xF2, 0xBF, 0xC7, 0xE2,
    0xCB, 0x16, 0x9E, 0x5B, 0xB9, 0x97, 0xE5, 0x73, 0xEB, 0xFF, 0x78, 0x0E, 0x70, 0xD9, 0xEA, 0xCF,
    0xB4, 0x00, 0x92, 0xFE, 0x4D, 0xB1, 0x1B, 0x8F, 0xE5, 0xFB, 0x2C, 0x78, 0x25, 0xE4, 0xDE, 0x99,
    0x70, 0xC9, 0xB2, 0x65, 0xA1, 0xDD, 0x72, 0xE2, 0x20, 0x51, 0xF9, 0x4B, 0xDC, 0x91, 0x8C, 0x26,
    0x27, 0x76, 0xB7, 0x33, 0xC4, 0x98, 0x25, 0x48, 0xF4, 0x04, 0x99, 0x10, 0x9F, 0x18, 0xD7, 0x29,
    0xC2, 0x57, 0x1A, 0x24, 0x3F, 0xBE, 0x18, 0xBC, 0x1A, 0xD3, 0x8B, 0x11, 0x2E, 0x37, 0xB7, 0xCB,
    0xC5, 0xA8, 0xE2, 0xC5, 0x28, 0xDF, 0x36, 0xAA, 0x35, 0xF1, 0x3A, 0x37, 0x22, 0x99, 0x03, 0x96,
    0xD2, 0x5F, 0x8C, 0x1D, 0x17, 0x63, 0xBA, 0xE9, 0xCE, 0x03, 0xE5, 0xE4, 0x33, 0xA9, 0x8E, 0x18,
    0x99, 0xE9, 0x8D, 0xE1, 0x1A, 0x7C, 0x8E, 0x1C, 0xE5, 0x03, 0x15, 0xAD, 0x42, 0x25, 0x79, 0x13,
    0x64, 0x8E, 0x50, 0xE1, 0xA1, 0xE1, 0x62, 0x01, 0x5D, 0xBF, 0x3C, 0x54, 0x89, 0xAB, 0x26, 0xBD,
    0xED, 0x66, 0xEB, 0x3D, 0xA2, 0x99, 0x00, 0x0E, 0x62, 0xEF, 0x1B, 0x9B, 0x31, 0xD4, 0x1F, 0x80,
    0x36, 0x59, 0xC8, 0x77, 0x90, 0x47, 0xBC, 0x96, 0x54, 0x63, 0x6C, 0xE7, 0x02, 0x6A, 0xDB, 0x77,
    0x00, 0x7D, 0xEF, 0x51, 0xB2, 0x73, 0x0B, 0xDA, 0x1D, 0x8D, 0x55, 0xC7, 0xD9, 0x1A, 0x15, 0x16,
    0x09, 0xBE, 0xE5, 0xC7, 0x9C, 0xA5, 0x77, 0xDC, 0xB3, 0xD1, 0x0B, 0xE9, 0xB0, 0xEA, 0xB9, 0x0E,
    0xE4, 0x7A, 0x65, 0xBB, 0x3D, 0xDD, 0x35, 0xE7, 0xF5, 0x13, 0x7A, 0xE5, 0x84, 0x1E, 0xA8, 0xA3,
    0xD6, 0xBD, 0xC8, 0x93, 0xD4, 0x32, 0x4F, 0x40, 0x72, 0x4A, 0x34, 0x9D, 0x21, 0x65, 0x40, 0xC6,
    0xFA, 0x96, 0x11, 0xCF, 0xF1, 0x62, 0x94, 0x77, 0x46, 0xB1, 0x27, 0xCF, 0x72, 0x58, 0x6E, 0x5A,
    0xBC, 0xC1, 0x92, 0x9F, 0x1F, 0xDA, 0x28, 0xDB, 0xFD, 0x4B, 0x18, 0xED, 0xDE, 0x9D, 0x39, 0x91,
    0x41, 0x29, 0x65, 0x67, 0x2B, 0x64, 0x72, 0x7B, 0xE9, 0xCE, 0xFC, 0x53, 0x07, 0x13, 0x49, 0xC2,
    0x19, 0x05, 0x96, 0xC6, 0xB3, 0xBD, 0x6D, 0xEA, 0xD5, 0x18, 0x8E, 0x59, 0xAD, 0xE2, 0x99, 0x5D,
    0x62, 0xAE, 0x0D, 0x64, 0xB6, 0xC6, 0xC2, 0x08, 0x76, 0xCE, 0xE3, 0x44, 0x24, 0x96, 0x9B, 0x58,
    0xC5, 0xC4, 0x5F, 0xD6, 0x4B, 0x22, 0xDB, 0x20, 0x72, 0xAA, 0xC9, 0x91, 0x3E, 0xD1, 0x11, 0x89,
    0xD5, 0x2A, 0x9E, 0x38, 0x23, 0xA9, 0x26, 0xC4, 0xD4, 0x43, 0xE4, 0xCE, 0xF9, 0x7E, 0x82, 0x1B,
    0xDC, 0x24, 0xF7, 0x13, 0x6A, 0xC1, 0x09, 0xE3, 0x64, 0xDF, 0xC3, 0x12, 0x76, 0x81, 0x18, 0x3F,
    0x82, 0xBF, 0xE5, 0xAE, 0xFE, 0x12, 0x6D, 0x32, 0x71, 0xDE, 0x4B, 0x25, 0xF8, 0x9B, 0xEF, 0x72,
    0x79, 0x34, 0x4A, 0x81, 0xF2, 0x31, 0x9D, 0xC8, 0xE1, 0xCC, 0x4F, 0xA8, 0x77, 0xA0, 0xFD, 0x8F,
    0x8F, 0x72, 0xD8, 0xF5, 0xE4, 0x34, 0x92, 0x81, 0x73, 0xB3, 0x70, 0xA8, 0x6C, 0x1A, 0x77, 0x7B,
    0x8C, 0x43, 0x15, 0xFB, 0xA9, 0x59, 0x5C, 0x2E, 0x88, 0xA9, 0x54, 0x88, 0xEF, 0x57, 0x3D, 0x6E,
    0x10, 0x16, 0x21, 0x0A, 0x9B, 0xBE, 0x83, 0x08, 0x78, 0xB1, 0xC8, 0x28, 0xAC, 0xC2, 0x26, 0xE4,
    0x45, 0x78, 0x97, 0x60, 0x0F, 0xCE, 0xB8, 0x3A, 0x98, 0x41, 0x32, 0xDE, 0x1E, 0x75, 0x28, 0x6F,
    0x0E, 0xE0, 0xE8, 0x20, 0xC3, 0xDD, 0x51, 0x93, 0x7C, 0x0D, 0x10, 0x8F, 0xD8, 0x13, 0x0A, 0xC3,
    0x96, 0x70, 0x8A, 0x17, 0x1C, 0x7E, 0x25, 0x27, 0x50, 0xDE, 0x00, 0xB6, 0x8D, 0x0B, 0xCE, 0xF9,
    0x09, 0x83, 0xFB, 0x77, 0xFD, 0xE0, 0xDA, 0x79, 0xEC, 0xEA, 0x40, 0xF2, 0xFE, 0xD0, 0x64, 0x7A,
    0x28, 0x87, 0x7E, 0xAE, 0xC3, 0x5D, 0x16, 0xFB, 0x15, 0xCD, 0x56, 0xF3, 0x47, 0x46, 0x34, 0xBC,
    0x68, 0x62, 0x56, 0x9A, 0xA2, 0xDE, 0xDC, 0x8F, 0x49, 0x50, 0xB2, 0xFF, 0x6D, 0xFE, 0x08, 0xAB,
    0x3C, 0x41, 0x0F, 0xE6, 0x8A, 0xEB, 0xDB, 0xC3, 0x1A, 0xEC, 0x36, 0x03, 0xE5, 0xEF, 0x28, 0xF5,
    0xB6, 0xE4, 0x6E, 0xFB, 0x21, 0x59, 0xFF, 0xD0, 0xF5, 0xAC, 0x19, 0x1D, 0xBD, 0x69, 0x43, 0xDF,
    0xC6, 0xA4, 0x35, 0xBB, 0x6A, 0x49, 0x7A, 0x5A, 0x51, 0x8C, 0x1F, 0xE5, 0x0A, 0x2D, 0xE9, 0x55,
    0x66, 0x6E, 0x68, 0xA6, 0xB6, 0x6B, 0x5E, 0x26, 0xB1, 0xC3, 0x45, 0x67, 0x55, 0xD3, 0x2F, 0x50,
    0x87, 0xBE, 0x6B, 0xD4, 0x97, 0x59, 0xF7, 0x57, 0x64, 0xA7, 0xF6, 0xBD, 0xEA, 0x3D, 0x61, 0x4C,
    0x28, 0x98, 0x50, 0xD2, 0x97, 0xB1, 0x16, 0x1A, 0xC1, 0x09, 0x4C, 0xD8, 0xD9, 0xFB, 0x92, 0x74,
    0x09, 0x51, 0x58, 0x84, 0x59, 0xF0, 0x2E, 0x96, 0xEC, 0x12, 0x76, 0x24, 0xC4, 0x04, 0x24, 0x00,
    0x3B, 0x46, 0x60, 0x54, 0x07, 0x9D, 0x25, 0x85, 0xE1, 0xBA, 0x00, 0xC2, 0xCF, 0xF3, 0x5C, 0xAA,
    0xC5, 0x3D, 0xE4, 0x65, 0x42, 0xB9, 0xDB, 0x38, 0xBE, 0x23, 0x81, 0x83, 0x30, 0x09, 0x21, 0xA1,
    0x49, 0x88, 0xD5, 0x92, 0x50, 0x7E, 0xFA, 0x48, 0xFE, 0xA0, 0x46, 0xFF, 0xC8, 0x55, 0xCD, 0x43,
    0x42, 0x3B, 0x14, 0x4C, 0xF2, 0x0A, 0xA8, 0x83, 0x7B, 0x82, 0xC6, 0x90, 0x82, 0xFC, 0xA3, 0xF7,
    0x09, 0x8E, 0xDE, 0x6D, 0x86, 0x86, 0x70, 0xDB, 0x79, 0x4D, 0x60, 0x80, 0xC5, 0x7B, 0xF9, 0xA4,
    0x76, 0x4A, 0xE4, 0x50, 0x31, 0xD6, 0x9C, 0x1A, 0xFA, 0x9A, 0xC1, 0x89, 0x91, 0x22, 0xC5, 0x7F,
    0x21, 0x35, 0xB2, 0x31, 0x8A, 0xFD, 0x22, 0x36, 0x93, 0xF8, 0xAE, 0x73, 0x9E, 0x76, 0xF3, 0x01,
    0xC3, 0x23, 0xEA, 0x00, 0xE2, 0x06, 0xE4, 0x23, 0xAE, 0x57, 0x5F, 0xA7, 0x53, 0xC0, 0xFB, 0x4F,
    0x28, 0xCD, 0xBF, 0xA2, 0xE4, 0xDA, 0xCF, 0xD5, 0x36, 0x0E, 0xA7, 0x9D, 0x00, 0x5F, 0x1F, 0xA3,
    0x2F, 0x77, 0x97, 0xAE, 0xB7, 0xE4, 0xAA, 0xFB, 0xD5, 0x4E, 0xED, 0xDF, 0xF8, 0x3F, 0x2D, 0xE2,
    0x73, 0x71, 0x14, 0xD8, 0xF8, 0x67, 0x9C, 0x34, 0xAA, 0x46, 0x73, 0x6F, 0xF0, 0xF5, 0x8E, 0x71,
    0xAA, 0x57, 0xB8, 0xB9, 0x0E, 0x68, 0x42, 0x42, 0x7D, 0x0F, 0x9D, 0xD3, 0xD5, 0x15, 0x39, 0xD5,
    0x83, 0x80, 0x84, 0x15, 0xF5, 0xBF, 0xF1, 0x83, 0x0D, 0x56, 0xAF, 0x41, 0xFA, 0x07, 0xA0, 0xBF,
    0xCB, 0xCA, 0xD2, 0x87, 0x6A, 0x1D, 0xBD, 0x16, 0xD8, 0xA7, 0x85, 0x00, 0x6E, 0x8F, 0xD1, 0x9F,
    0x3E, 0xBA, 0xF9, 0x1C, 0xEF, 0xB3, 0xB2, 0x81, 0xAF, 0xB7, 0x3A, 0x5C, 0x0F, 0xBC, 0x3D, 0x92,
    0xFA, 0xDB, 0xA3, 0x8F, 0xC6, 0xCD, 0xC8, 0x9F, 0x88, 0x71, 0xA8, 0x17, 0x9B, 0xA9, 0xA8, 0xF2,
    0xA6, 0xD6, 0x06, 0x05, 0x37, 0xC9, 0x47, 0xEF, 0x35, 0x1F, 0xCA, 0x9F, 0x37, 0x68, 0xA3, 0x96,
    0x58, 0x70, 0x4B, 0x04, 0xA3, 0x38, 0xAE, 0x62, 0xBF, 0x88, 0x2E, 0x18, 0x27, 0xA3, 0x07, 0xDE,
    0x4D, 0xE3, 0x00, 0xD4, 0xFF, 0x4C, 0x24, 0x72, 0x4F, 0xAC, 0x98, 0x07, 0x3F, 0xBB, 0x51, 0x17,
    0xF3, 0x6B, 0x0D, 0x2E, 0x0A, 0xBB, 0xC0, 0x84, 0x3F, 0x16, 0x70, 0x8F, 0x77, 0xFC, 0x90, 0xC7,
    0x8C, 0x33, 0xC9, 0xA9, 0x49, 0x58, 0xDC, 0x27, 0xBE, 0x8F, 0xE3, 0xC4, 0xF3, 0xC6, 0x8E, 0x2A,
    0x33, 0x82, 0x37, 0xE8, 0x58, 0x70, 0xF4, 0x2C, 0x77, 0xB7, 0xB0, 0x51, 0x4A, 0x2D, 0xA7, 0x9C,
    0x4F, 0x09, 0xC3, 0xCB, 0x34, 0x0E, 0x0F, 0x70, 0x0C, 0xAF, 0x31, 0xCE, 0x69, 0xE7, 0x52, 0x30,
    0x30, 0x96, 0x0C, 0xE3, 0x5E, 0x73, 0x2E, 0xF8, 0x7E, 0x51, 0x40, 0xF3, 0xE5, 0x93, 0x4C, 0xCD,
    0xFC, 0x55, 0x26, 0x5B, 0xF9, 0x9C, 0xAE, 0xDA, 0x7D, 0x6A, 0xB1, 0xAA, 0x6D, 0x94, 0x97, 0xC8,
    0xE4, 0x6F, 0xED, 0x35, 0x66, 0xBF, 0x82, 0x7D, 0xCB, 0xFE, 0x5C, 0xF4, 0x24, 0xE3, 0x2B, 0x28,
    0xBB, 0xF7, 0xD0, 0x80, 0xEA, 0x18, 0x5E, 0xE1, 0xE8, 0x97, 0x73, 0xDA, 0x0B, 0xA2, 0x20, 0x09,
    0x8C, 0x82, 0x13, 0xDE, 0xED, 0xC7, 0x39, 0x51, 0x2A, 0x48, 0x7F, 0x28, 0x75, 0xB0, 0x89, 0xDF,
    0x57, 0xCA, 0xD3, 0xFF, 0xBA, 0xED, 0xA3, 0x85, 0x7F, 0x28, 0x65, 0xB4, 0xE6, 0x5F, 0x2B, 0x3D,
    0xB5, 0x85, 0x43, 0x81, 0xB6, 0xFA, 0x48, 0x00, 0x72, 0x7B, 0x84, 0xF3, 0x57, 0x70, 0xC5, 0xF7,
    0xEE, 0x65, 0x22, 0x28, 0xCC, 0x70, 0xFA, 0xAD, 0x69, 0x88, 0x36, 0xEB, 0x4C, 0x72, 0x16, 0xBC,
    0xD0, 0x25, 0x2C, 0xC8, 0x0B, 0x96, 0x47, 0xDE, 0xCD, 0x66, 0xB9, 0x77, 0x22, 0x83, 0x31, 0x1A,
    0x77, 0x5D, 0x3D, 0x51, 0x2C, 0x8C, 0x65, 0x3A, 0x43, 0x72, 0x73, 0x09, 0x8C, 0xC6, 0x90, 0xA8,
    0xB6, 0x7C, 0x35, 0x42, 0xA8, 0x0C, 0xF2, 0x91, 0xAE, 0x96, 0x79, 0xF8, 0x59, 0x4B, 0x1B, 0x80,
    0x6D, 0xE6, 0xBE, 0x49, 0x2F, 0xA3, 0xF2, 0xAA, 0xA0, 0xE5, 0x45, 0xC3, 0xD3, 0xCB, 0xF0, 0xD6,
    0x90, 0xB1, 0x9D, 0xEB, 0xAD, 0x99, 0xCA, 0xFD, 0xFF, 0xF5, 0x24, 0xDC, 0xCD, 0x81, 0x82, 0xCD,
    0x90, 0xA2, 0x99, 0xEA, 0xDB, 0xE1, 0x6D, 0xD0, 0xF0, 0xC8, 0x80, 0xF7, 0xA2, 0xFC, 0x98, 0x97,
    0x60, 0x31, 0xC6, 0x3A, 0xE8, 0x15, 0x52, 0x07, 0x0E, 0xA7, 0xBD, 0x26, 0x01, 0x1E, 0x30, 0x10,
    0x45, 0xA2, 0x5E, 0x28, 0xF9, 0x7E, 0x32, 0xC7, 0xF7, 0xA3, 0xFC, 0xF0, 0x07, 0xF9, 0xA4, 0x4F,
    0xFE, 0xF1, 0x2D, 0x19, 0x30, 0x26, 0x9C, 0x98, 0x50, 0x0A, 0xF6, 0x41, 0xFE, 0xBC, 0x08, 0xB2,
    0x4A, 0xF2, 0x02, 0x18, 0x5C, 0x42, 0xE1, 0x7E, 0x88, 0x70, 0xEE, 0xEF, 0x12, 0xE8, 0x18, 0x0C,
    0xCD, 0x96, 0x70, 0x5E, 0x12, 0x8A, 0xF0, 0xA7, 0x9A, 0x55, 0x77, 0xE7, 0xC8, 0x4E, 0xAA, 0x7F,
    0xFF, 0xBE, 0x66, 0x93, 0x78, 0xBF, 0xA3, 0xCC, 0xAB, 0x8C, 0xA5, 0x25, 0xA3, 0x5B, 0xCE, 0x71,
    0xD4, 0xB4, 0xA5, 0x3B, 0xAD, 0x24, 0x71, 0x7B, 0x8C, 0x1E, 0x1F, 0xFB, 0x50, 0x6E, 0xBA, 0x4F,
    0xF7, 0x9F, 0xC8, 0xC9, 0xDA, 0xCF, 0xA8, 0x57, 0xD4, 0x31, 0x51, 0xB6, 0x02, 0xEB, 0xC0, 0x19,
    0x0C, 0xDA, 0xEB, 0x27, 0x3B, 0x87, 0x5A, 0x15, 0x69, 0x1F, 0xF0, 0x80, 0xA6, 0x1E, 0xDC, 0xAF,
    0xA7, 0x9E, 0x73, 0x62, 0xB2, 0x91, 0x82, 0x9B, 0x34, 0xEC, 0xF7, 0x51, 0x7B, 0xF9, 0x64, 0x57,
    0xDD, 0x4E, 0x27, 0xCE, 0x1A, 0xEF, 0xF3, 0xF6, 0x97, 0x42, 0x7C, 0xE3, 0x4D, 0x0F, 0xFC, 0x2C,
    0x20, 0xE3, 0x6B, 0x68, 0xFB, 0x0E, 0x28, 0x1F, 0xFE, 0x26, 0xC7, 0x2F, 0xD4, 0xE7, 0xCB, 0x94,
    0xFF, 0x04, 0xAD, 0x92, 0x81, 0x66, 0x1D, 0x41, 0x18, 0x85, 0xBF, 0xDC, 0x6D, 0x35, 0x2C, 0x06,
    0x02, 0x68, 0xED, 0x13, 0xD4, 0xBE, 0x40, 0x99, 0x05, 0x0A, 0xC8, 0x23, 0xA4, 0x4F, 0x92, 0xD9,
    0xF6, 0x09, 0xFA, 0x26, 0x05, 0x68, 0x11, 0x33, 0x5A, 0x04, 0x45, 0x86, 0x3E, 0xC0, 0x1D, 0x45,
    0xD1, 0x22, 0x83, 0x25, 0x4B, 0xE6, 0xE6, 0x74, 0xC7, 0x12, 0x69, 0x2B, 0xB9, 0x48, 0x67, 0xCE,
    0xEC, 0x9E, 0x3D, 0xF3, 0xCD, 0xFF, 0xB3, 0x46, 0x2A, 0xF7, 0x48, 0x79, 0xCF, 0xD2, 0xFE, 0xB7,
    0x54, 0x1E, 0x32, 0x36, 0xFC, 0x47, 0x6D, 0x68, 0xA3, 0x89, 0x7D, 0xB0, 0xD1, 0x65, 0x97, 0x6D,
    0xEA, 0xC6, 0x1E, 0x1F, 0x14, 0x15, 0x5D, 0xB0, 0xA3, 0xE3, 0x94, 0x43, 0x2C, 0x7E, 0x54, 0x50,
    0x58, 0x92, 0xC1, 0x73, 0xC6, 0x11, 0xFF, 0x9E, 0xDA, 0xF0, 0xA6, 0x8D, 0xC5, 0x7C, 0x2B, 0xFD,
    0xF9, 0x64, 0xB7, 0xC5, 0x69, 0xB7, 0xC8, 0xFE, 0x2A, 0xDD, 0xBB, 0xA9, 0x7F, 0x9D, 0xFC, 0x76,
    0x5A, 0x7F, 0x90, 0xDB, 0xCE, 0xF6, 0x3C, 0xBB, 0xE3, 0x74, 0x6A, 0xC2, 0xE1, 0x06, 0x6B, 0x82,
    0xFF, 0x90, 0xA4, 0xBC, 0xC8, 0x6D, 0xB3, 0x3D, 0x4E, 0xBE, 0x0F, 0x67, 0xFD, 0x70, 0xF4, 0x94,
    0x07, 0x0A, 0x36, 0x85, 0xBB, 0x92, 0xC2, 0xAD, 0x6A, 0xF2, 0x68, 0xED, 0x2B, 0xB8, 0x1F, 0xE3,
    0x88, 0x46, 0x83, 0x51, 0xB4, 0xCA, 0x56, 0x93, 0xD3, 0xBC, 0x3C, 0x17, 0xDF, 0x29, 0xB7, 0x0A,
    0x07, 0x9F, 0x18, 0x60, 0x82, 0x1B, 0x50, 0x44, 0x33, 0xD2, 0x20, 0x45, 0x69, 0xD4, 0x0E, 0x25,
    0x34, 0x30, 0x43, 0x04, 0x8B, 0x42, 0x9D, 0xF6, 0x0F, 0xB7, 0x7E, 0xFD, 0x3D, 0xD7, 0xFC, 0x09,
    0x76, 0x54, 0x50, 0xF4, 0xA1, 0xE7, 0x40, 0x11, 0x1B, 0x01, 0xA3, 0x82, 0x0B, 0x80, 0x95, 0xD0,
    0x08, 0xB8, 0x9F, 0x1A, 0x34, 0x00, 0x1A, 0xDC, 0x67, 0x51, 0x0D, 0xF6, 0xCB, 0x0D, 0xAB, 0x39,
    0x2F, 0xAC, 0xE6, 0xEB, 0x6A, 0x46, 0x7F, 0x31, 0x55, 0xE3, 0xAE, 0x75, 0x92, 0x59, 0xEB, 0xD8,
    0xC4, 0x5A, 0xB9, 0x76, 0xA0, 0xF6, 0x72, 0x81, 0x75, 0xE8, 0xAD, 0xD2, 0x6A, 0x8C, 0x76, 0x00,
    0x1B, 0x59, 0xE9, 0x3D, 0xD0, 0xEC, 0xDC, 0x0F, 0xCD, 0xC0, 0xB3, 0xE2, 0x07, 0x57, 0xF7, 0xDA,
    0x59, 0x78, 0x01, 0x66, 0x12, 0xDA, 0x02, 0x5D, 0x5E, 0xCC, 0x05, 0x60, 0x93, 0x8F, 0xAB, 0x89,
    0x56, 0x3A, 0x01, 0x7C, 0xE8, 0xA5, 0x53, 0x40, 0x63, 0x2B, 0x95, 0xDA, 0x95, 0x03, 0x7F, 0x99,
    0x6B, 0x8B, 0xD4, 0x4C, 0x4D, 0x6E, 0xB3, 0x49, 0x26, 0x74, 0xC1, 0x8E, 0x1D, 0x50, 0xE3, 0xEF,
    0xA9, 0xB9, 0x9A, 0x9A, 0xAB, 0xDC, 0x5E, 0x67, 0x73, 0x99, 0xCC, 0x36, 0x74, 0xDB, 0x60, 0xFD,
    0xD8, 0xAD, 0xFB, 0x54, 0xA2, 0x22, 0x95, 0xA9, 0x50, 0xA5, 0x2A, 0x56, 0xB9, 0x0A, 0x2E, 0xE4,
    0x2D, 0x6A, 0x83, 0x8F, 0x3E, 0xB9, 0xD4, 0xC7, 0x3E, 0xB8, 0xE1, 0x05, 0xC0, 0x73, 0x5E, 0x51,
    0x9A, 0x62, 0x8A, 0x9D, 0x96, 0x7C, 0x6E, 0xCB, 0xA6, 0x50, 0x96, 0xEC, 0x30, 0x92, 0x17, 0x23,
    0x14, 0x5C, 0xEE, 0x27, 0x9F, 0x34, 0xDE, 0x50, 0x96, 0x6C, 0x44, 0x52, 0xB8, 0xBB, 0xA8, 0xE3,
    0x23, 0xEC, 0x58, 0xCE, 0x36, 0x13, 0x6D, 0xC6, 0x44, 0xFA, 0x80, 0x1D, 0xF0, 0xF7, 0xC6, 0x2F,
    0x01, 0xF6, 0x5F, 0xB3, 0xC7, 0x03, 0xBF, 0x01, 0xAC, 0x91, 0x01, 0xA6, 0x1C, 0x41, 0x14, 0x45,
    0xCF, 0x74, 0x33, 0x8D, 0x8F, 0x02, 0x41, 0x40, 0xEF, 0x20, 0xBD, 0x84, 0xD7, 0x59, 0xC4, 0x4F,
    0x76, 0x91, 0x1D, 0x4C, 0xAA, 0xC9, 0x06, 0xFE, 0x12, 0x02, 0x20, 0xD9, 0x42, 0x66, 0xAA, 0x97,
    0xD0, 0x64, 0x03, 0x03, 0x02, 0x81, 0x22, 0x1D, 0x5A, 0x52, 0x55, 0x37, 0xF5, 0xA7, 0xE5, 0x13,
    0x09, 0x20, 0x75, 0xCF, 0xA1, 0x5C, 0x8F, 0x2A, 0x1E, 0xCF, 0xA0, 0xD1, 0x15, 0xA7, 0xC4, 0xF0,
    0xA5, 0x60, 0xA3, 0xE7, 0xC2, 0x30, 0x65, 0xFA, 0x39, 0xE1, 0xFE, 0xF0, 0x4C, 0x3F, 0x79, 0x6C,
    0xB4, 0x59, 0xB7, 0xF9, 0x4E, 0x2B, 0xBC, 0x19, 0xA1, 0x8D, 0xB8, 0xC8, 0x10, 0xF1, 0x11, 0xC5,
    0x56, 0xF1, 0xEE, 0x5B, 0xEC, 0x3F, 0x47, 0xFF, 0x2E, 0xEA, 0x76, 0x3E, 0x7C, 0xFC, 0x41, 0x9D,
    0x31, 0xED, 0x38, 0x65, 0x9E, 0x9C, 0xD9, 0xD5, 0x54, 0xDD, 0xB8, 0x53, 0x01, 0x02, 0x60, 0x23,
    0x0C, 0xE3, 0xF3, 0xDB, 0x8F, 0x02, 0xA6, 0xFD, 0xCD, 0x46, 0x0B, 0x84, 0xA5, 0xD3, 0xD6, 0xFF,
    0xCC, 0x36, 0x9D, 0x3D, 0xA7, 0x10, 0x1E, 0xA4, 0x4D, 0xCA, 0x22, 0x24, 0xAC, 0x72, 0xC6, 0x7B,
    0x8A, 0x29, 0x39, 0xAD, 0x07, 0x4D, 0x52, 0xDA, 0xA1, 0x5D, 0xE9, 0x22, 0x6E, 0xA1, 0x9F, 0xB1,
    0x11, 0x0F, 0x99, 0xC3, 0x5F, 0x75, 0xA3, 0xC9, 0x29, 0x0E, 0x5F, 0x37, 0x23, 0xED, 0xD4, 0x7B,
    0x6D, 0x4C, 0x29, 0xBC, 0x2C, 0x19, 0x5F, 0x11, 0xF2, 0xCA, 0x83, 0xB6, 0x46, 0x0F, 0x4D, 0x19,
    0x7B, 0x5D, 0xBD, 0xD6, 0x0B, 0x29, 0xF1, 0x29, 0x71, 0xAA, 0x5C, 0xC8, 0xA6, 0xDC, 0x2B, 0x1F,
    0x4B, 0x3E, 0x91, 0xDE, 0x36, 0x9B, 0x29, 0x0E, 0x5A, 0x8E, 0x85, 0xE6, 0x3D, 0x6D, 0xA4, 0x22,
    0xCD, 0x3B, 0xAF, 0xBF, 0x8F, 0x7B, 0x73, 0x7F, 0x3F, 0x3E, 0x95, 0xFF, 0x63, 0x35, 0x9A, 0x1F,
    0xE3, 0xFE, 0x11, 0xA5, 0xC7, 0x34, 0x5A, 0x9C, 0x36, 0x53, 0x36, 0x8A, 0xE1, 0x5F, 0xE0, 0xA1,
    0xD0, 0x25, 0xFC, 0xDA, 0x6A, 0xEE, 0x33, 0xB6, 0x98, 0xC7, 0xBC, 0xB4, 0xE3, 0x24, 0x7E, 0x4B,
    0x9B, 0xC0, 0x45, 0xB0, 0x19, 0xC2, 0x56, 0x15, 0xBC, 0x0A, 0x13, 0xF4, 0xB7, 0xA5, 0x1E, 0xAB,
    0x36, 0xD9, 0xE4, 0x24, 0x3A, 0x65, 0x0E, 0xE1, 0xFA, 0x6B, 0x03, 0x9D, 0x54, 0xF6, 0x0D, 0x70,
    0x52, 0x69, 0x80, 0x24, 0x15, 0x7B, 0x82, 0x49, 0xE5, 0x3D, 0x69, 0x49, 0x05, 0x00, 0xB5, 0x93,
    0x2D, 0x6C, 0xDC, 0x40, 0x10, 0x85, 0xDF, 0xC5, 0x4A, 0x22, 0xF5, 0xA4, 0x9A, 0xB4, 0x25, 0x01,
    0xE6, 0x21, 0xE6, 0xC8, 0xE6, 0x28, 0x24, 0x9C, 0x96, 0x85, 0x94, 0x7B, 0x39, 0x0A, 0x29, 0x27,
    0x25, 0x0D, 0x87, 0x95, 0x6C, 0x56, 0xD8, 0xE3, 0x05, 0x35, 0xA8, 0xD4, 0xAA, 0x24, 0x06, 0x89,
    0xE4, 0x46, 0x7B, 0x7E, 0x7D, 0xAF, 0x2B, 0x4B, 0xBE, 0x9F, 0x4A, 0x21, 0x5D, 0xC9, 0xDF, 0xB7,
    0xDE, 0x9D, 0xDD, 0x39, 0x79, 0x6E, 0xC8, 0x01, 0xEB, 0x11, 0x19, 0xD9, 0x79, 0x9A, 0xC7, 0x63,
    0xD3, 0x72, 0x82, 0xA7, 0xD9, 0x16, 0xA8, 0x08, 0x14, 0x03, 0x4E, 0xA6, 0x34, 0x2D, 0x7B, 0x40,
    0x6A, 0x58, 0xA3, 0xEA, 0x00, 0xA9, 0x65, 0x40, 0xA3, 0x69, 0xDB, 0x81, 0x7E, 0x02, 0xB4, 0xB3,
    0x62, 0xB5, 0x71, 0x1C, 0xE7, 0xC1, 0x8E, 0x13, 0x79, 0xEF, 0xC7, 0x53, 0x8B, 0x9E, 0x2E, 0x02,
    0x70, 0x1E, 0xF3, 0x07, 0x3F, 0xBB, 0xC7, 0x96, 0xD3, 0xCF, 0x23, 0xF9, 0xE5, 0x61, 0x77, 0x15,
    0x68, 0x04, 0xB2, 0x86, 0x46, 0xC5, 0x80, 0x96, 0xF0, 0x28, 0xB5, 0xD2, 0xA4, 0x69, 0x21, 0x55,
    0x5B, 0x78, 0xE4, 0x93, 0x76, 0x22, 0x3C, 0xD6, 0x5A, 0x29, 0x46, 0xCF, 0x94, 0x19, 0x70, 0x5E,
    0x8F, 0x1B, 0x06, 0xAF, 0x90, 0x3E, 0x50, 0x91, 0xBE, 0x38, 0x25, 0xCA, 0xD8, 0xA3, 0xE9, 0xB5,
    0xA5, 0x60, 0x7F, 0x2E, 0xCB, 0xDF, 0xC6, 0x2A, 0x7B, 0xA9, 0xCF, 0xE9, 0xC0, 0xAB, 0xC2, 0x0A,
    0x28, 0x2D, 0xDF, 0x61, 0xC9, 0x9D, 0x00, 0x87, 0x4C, 0x80, 0x43, 0x22, 0x1C, 0x62, 0x39, 0xC4,
    0xE9, 0x0B, 0x61, 0x55, 0xC3, 0x57, 0x67, 0xA3, 0x12, 0xD5, 0x58, 0x47, 0x9C, 0xF0, 0x3B, 0xCA,
    0xF4, 0x51, 0xD8, 0xA7, 0x23, 0x1D, 0xB4, 0xE9, 0x6B, 0xFC, 0x7A, 0xEB, 0x3B, 0xF9, 0x1B, 0x92,
    0x23, 0x92, 0x22, 0x1A, 0x6B, 0x42, 0xF3, 0x68, 0xD7, 0x8D, 0xC9, 0x90, 0xD4, 0xCD, 0x7A, 0x4C,
    0xE2, 0x42, 0xC1, 0xBF, 0xF3, 0x8C, 0xF5, 0xFC, 0xB3, 0xAD, 0x98, 0xD4, 0x5B, 0x4E, 0xE4, 0x10,
    0x3C, 0x4B, 0x39, 0xF9, 0x4F, 0xE1, 0x82, 0x23, 0xD0, 0x92, 0x21, 0xF3, 0xE5, 0xE7, 0xC2, 0x90,
    0x8F, 0x2A, 0x49, 0x3E, 0xA8, 0x20, 0x42, 0x16, 0x5F, 0xDC, 0x0A, 0x80, 0x5E, 0xB9, 0x3B, 0xE0,
    0x47, 0xC7, 0x46, 0xEC, 0x6D, 0x38, 0xED, 0x2B, 0x21, 0x8B, 0x46, 0x2C, 0x7B, 0x41, 0x45, 0x5E,
    0xC7, 0x9C, 0x8A, 0xFE, 0x9B, 0x63, 0x25, 0x04, 0x25, 0x9F, 0xCF, 0x76, 0xC7, 0xE5, 0xAA, 0xEE,
    0xEB, 0xDA, 0xBA, 0x06, 0x2C, 0xFC, 0x17, 0xA5, 0x7F, 0x90, 0x14, 0x93, 0xB8, 0x10, 0x32, 0x52,
    0x31, 0xEF, 0x80, 0x82, 0x0C, 0xD2, 0xE9, 0xCD, 0x5C, 0xD1, 0x70, 0xC9, 0xBB, 0x3B, 0x6E, 0xF1,
    0x9A, 0xEF, 0xAF, 0x6F, 0xB6, 0x98, 0xAB, 0xFD, 0x43, 0xFC, 0x36, 0x87, 0x80, 0xB5, 0xDB, 0xD8,
    0x52, 0x63, 0x5B, 0x45, 0x94, 0x34, 0xE6, 0x3F, 0x57, 0x52, 0x2D, 0xFD, 0xF2, 0x8B, 0x42, 0xAA,
    0xA4, 0x62, 0x80, 0xB5, 0x1E, 0x61, 0xA9, 0x5B, 0xAC, 0x6C, 0x7A, 0x59, 0x4B, 0x2B, 0x16, 0x7D,
    0xA5, 0xD4, 0xE4, 0xC6, 0x6A, 0xD8, 0x59, 0x25, 0xEB, 0xCB, 0xBB, 0x8F, 0x38, 0x1F, 0x53, 0xB5,
    0x8F, 0x10, 0x55, 0x77, 0xC8, 0x37, 0x9F, 0xC4, 0x7B, 0x46, 0x95, 0x87, 0x62, 0x25, 0xFE, 0x14,
    0x9F, 0xAE, 0xB4, 0xDC, 0x76, 0xAB, 0xB7, 0xD2, 0x57, 0xAD, 0x9F, 0xB5, 0xF3, 0xAE, 0xC9, 0x0F,
    0x10, 0xF7, 0x6E, 0xE3, 0x92, 0x39, 0x3D, 0x8E, 0x73, 0xBF, 0x71, 0x92, 0xE8, 0x5B, 0xDC, 0x81,
    0x16, 0x18, 0x2C, 0x3F, 0x87, 0x6A, 0xAC, 0x39, 0xE4, 0x82, 0xA9, 0x71, 0xA6, 0x9D, 0xC6, 0xD9,
    0xEC, 0x35, 0x4E, 0xA3, 0xA5, 0x85, 0x9E, 0x96, 0x6F, 0xCF, 0x69, 0x9C, 0x7C, 0xD8, 0x63, 0xAA,
    0xAF, 0x39, 0x8A, 0x4E, 0x6F, 0xD2, 0xCD, 0xB3, 0x62, 0x10, 0xD1, 0x74, 0x66, 0x75, 0xC0, 0xD6,
    0x3C, 0x51, 0x31, 0xE9, 0x53, 0x66, 0x34, 0x99, 0x56, 0x98, 0x62, 0x7A, 0xB3, 0x18, 0xCC, 0xFC,
    0x80, 0xA5, 0xA9, 0x98, 0x45, 0xF7, 0xD4, 0x46, 0x84, 0x79, 0x7B, 0xE4, 0xD7, 0xE2, 0xF4, 0x4A,
    0xF8, 0x03, 0x9D, 0x92, 0x31, 0x8E, 0xD3, 0x5C, 0x14, 0x46, 0x4F, 0xEC, 0xF9, 0x7F, 0x17, 0x16,
    0x63, 0x1A, 0x44, 0x41, 0xE1, 0x96, 0x06, 0xB9, 0xA5, 0xB3, 0x97, 0x30, 0x4D, 0xD8, 0x05, 0x1D,
    0x25, 0x28, 0x5E, 0xCA, 0x88, 0x15, 0x4C, 0x49, 0x01, 0x8A, 0x97, 0x90, 0x25, 0x78, 0x09, 0x2E,
    0x1C, 0x11, 0x89, 0xC4, 0x97, 0x1C, 0x85, 0xA7, 0x68, 0xA8, 0x66, 0xB8, 0x7A, 0x39, 0xBA, 0x7E,
    0xF7, 0xBD, 0xEF, 0x7D, 0x57, 0xB9, 0x18, 0x7C, 0x02, 0xB2, 0x19, 0xA8, 0x22, 0x62, 0x6A, 0x45,
    0x25, 0xDC, 0xB3, 0x7A, 0x0D, 0x7A, 0xF2, 0x91, 0x72, 0xA6, 0x3E, 0xD2, 0x06, 0xDB, 0xE8, 0x8A,
    0x89, 0xE7, 0xAE, 0xD5, 0x1D, 0x29, 0x1E, 0xC4, 0x0F, 0x36, 0x11, 0xD1, 0x8B, 0x49, 0xF4, 0xEE,
    0xA5, 0x2A, 0x78, 0xFE, 0xF9, 0xAF, 0xE8, 0xAD, 0x0D, 0x7D, 0x96, 0xB3, 0x9E, 0xE9, 0x49, 0xC1,
    0x7B, 0x6E, 0x59, 0x1D, 0xA8, 0x86, 0x32, 0x22, 0x66, 0xFB, 0x3D, 0x95, 0x66, 0xEE, 0x0D, 0x58,
    0x4D, 0xB1, 0x1A, 0xC8, 0x27, 0xAA, 0x03, 0xED, 0xA2, 0xE0, 0x9B, 0xBD, 0xCA, 0xFF, 0xBC, 0xCE,
    0xD7, 0x75, 0xB5, 0x28, 0x98, 0x4F, 0x8A, 0x03, 0xFF, 0x89, 0x6A, 0x04, 0xDA, 0xE8, 0xFE, 0xA0,
    0x09, 0xA0, 0xBE, 0xA0, 0x87, 0x6A, 0x3B, 0x9A, 0xCE, 0x40, 0x71, 0x02, 0x32, 0xCF, 0xB0, 0xF5,
    0x7A, 0x3B, 0x79, 0xFB, 0x08, 0xE4, 0x0B, 0x40, 0x88, 0xCF, 0xE2, 0xA5, 0xB8, 0xB1, 0x07, 0xAB,
    0xCD, 0x63, 0x6D, 0xC1, 0x66, 0x81, 0x55, 0x9C, 0xBC, 0xAA, 0xC8, 0x21, 0xC9, 0xC5, 0xE0, 0x13,
    0x40, 0x79, 0x4A, 0xCF, 0xB6, 0xA3, 0x9F, 0xBD, 0x6A, 0xA4, 0x28, 0x3A, 0x85, 0x06, 0x71, 0x35,
    0x11, 0x56, 0xF4, 0x4C, 0xFB, 0xB7, 0xE7, 0x8F, 0x7A, 0x5E, 0xAC, 0x88, 0x3A, 0xCC, 0x84, 0xAE,
    0x28, 0xDC, 0xE3, 0xED, 0xF5, 0x2F, 0x12, 0x41, 0x32, 0xA2, 0x76, 0xA3, 0xD6, 0x66, 0xA7, 0xE7,
    0x3E, 0x79, 0x3E, 0xC2, 0xED, 0x66, 0x82, 0x4A, 0xCF, 0x4A, 0xD2, 0x3C, 0xD6, 0xAD, 0xED, 0xEA,
    0xFF, 0x8E, 0x14, 0x2F, 0xC4, 0x17, 0x14, 0x89, 0x38, 0x14, 0xA2, 0x16, 0x9B, 0x65, 0xBD, 0xBE,
    0x6B, 0xCC, 0x4A, 0x91, 0x89, 0xCB, 0x10, 0xBE, 0x13, 0x37, 0x09, 0x7E, 0x6D, 0x3B, 0xB2, 0xD8,
    0x51, 0xC6, 0x44, 0x1D, 0x47, 0x87, 0x97, 0xD7, 0xBF, 0xF6, 0xE4, 0x3F, 0xA7, 0x27, 0xFD, 0xB2,
    0xAF, 0xF7, 0xD7, 0xF1, 0x12, 0xCE, 0x6A, 0x9C, 0x44, 0x74, 0x62, 0xF7, 0x6A, 0xFD, 0x21, 0x66,
    0xB3, 0x51, 0xF4, 0x67, 0x2C, 0x9E, 0x3B, 0x88, 0x1D, 0x40, 0xA7, 0xC8, 0x93, 0x1F, 0xD4, 0x9C,
    0x26, 0x9B, 0x38, 0x52, 0xC6, 0xAC, 0x79, 0x9B, 0xB0, 0x19, 0x9B, 0x4A, 0x71, 0xEF, 0xCA, 0x46,
    0xF8, 0x46, 0x11, 0x1A, 0xAA, 0xCE, 0x0C, 0x5A, 0x39, 0x6C, 0xF7, 0xEB, 0x75, 0x8C, 0x97, 0xBC,
    0x96, 0x5D, 0x19, 0xDA, 0xCA, 0x47, 0xF8, 0x0E, 0x67, 0x3E, 0x70, 0x89, 0xDF, 0x9D, 0x94, 0x81,
    0x86, 0x25, 0x47, 0x14, 0x86, 0xFF, 0xEE, 0x9E, 0xD9, 0x61, 0x1A, 0x15, 0x08, 0x44, 0x6C, 0xBF,
    0x41, 0xEA, 0x11, 0xAA, 0x6D, 0x00, 0x81, 0xC5, 0x5E, 0xFB, 0x0E, 0x81, 0x7D, 0x81, 0xD0, 0x15,
    0x79, 0x81, 0x3C, 0xC2, 0x20, 0x18, 0x1D, 0xCC, 0x1B, 0xA4, 0x2B, 0x59, 0x04, 0x0B, 0x25, 0x10,
    0x04, 0x6E, 0x00, 0x16, 0xA6, 0xC8, 0x0D, 0x9D, 0xDD, 0xEE, 0xFE, 0x73, 0xEA, 0xF4, 0xED, 0xC9,
    0x4C, 0xE6, 0x22, 0xD9, 0xFF, 0xD6, 0xF9, 0xFA, 0x54, 0x9D, 0x73, 0x4E, 0x1D, 0xB7, 0x69, 0x32,
    0xC1, 0x90, 0x0F, 0x1F, 0xDF, 0xF3, 0x0A, 0x97, 0x7C, 0x5B, 0x2E, 0x00, 0xE8, 0x41, 0xA0, 0xA0,
    0x7A, 0xF9, 0xA4, 0x23, 0x39, 0x01, 0x6E, 0x7D, 0x58, 0x92, 0x07, 0xC0, 0x2C, 0xFD, 0x90, 0x80,
    0x7A, 0x84, 0xDB, 0x03, 0x17, 0x13, 0xBA, 0x00, 0x54, 0x0B, 0x06, 0xAF, 0xB5, 0x84, 0x88, 0xCF,
    0xF4, 0x31, 0xBC, 0x9E, 0x85, 0x70, 0xBF, 0x4E, 0x42, 0xD8, 0xDB, 0x51, 0x88, 0x86, 0x49, 0x08,
    0xC3, 0xBD, 0xB0, 0x24, 0xC3, 0x83, 0x47, 0x0B, 0xA0, 0xE8, 0x7B, 0x21, 0xB3, 0xC2, 0x03, 0xF6,
    0xFD, 0xCD, 0x3B, 0xBF, 0x00, 0x26, 0xE1, 0x3E, 0xF1, 0x88, 0x35, 0xC9, 0x87, 0x7C, 0x22, 0xB5,
    0x5B, 0xF4, 0x31, 0x97, 0x47, 0x7C, 0x7C, 0x7B, 0x9F, 0xE5, 0x91, 0x55, 0xB4, 0x11, 0xC3, 0xFB,
    0x43, 0x45, 0x8E, 0x86, 0xDC, 0xDB, 0xBF, 0x98, 0xDC, 0x4F, 0x1C, 0xBB, 0x2F, 0x38, 0x0D, 0xCD,
    0x1F, 0xD3, 0xD0, 0xBD, 0x9E, 0x3A, 0x7E, 0x3E, 0xB9, 0xD9, 0x8C, 0x76, 0x1E, 0x92, 0x23, 0x63,
    0x47, 0xB6, 0x4F, 0x87, 0x11, 0x67, 0x45, 0x0B, 0xE0, 0x0A, 0xA2, 0x24, 0x56, 0x8E, 0x82, 0x6A,
    0x12, 0xD4, 0x8B, 0xC0, 0x50, 0x60, 0xE9, 0x01, 0xC7, 0x00, 0x0C, 0x37, 0x7B, 0x80, 0x26, 0xA1,
    0x5C, 0xEA, 0x51, 0xD2, 0x24, 0xB1, 0x9E, 0x5F, 0x2E, 0xFA, 0xFA, 0x60, 0x05, 0xDE, 0x09, 0x42,
    0x27, 0x88, 0x0A, 0xDD, 0x6A, 0x40, 0x53, 0x34, 0x59, 0xCB, 0xB4, 0x81, 0xB6, 0xD2, 0xA6, 0xDA,
    0x7E, 0xBD, 0xC8, 0x70, 0xBB, 0xBC, 0x9A, 0xB6, 0x81, 0x90, 0x70, 0x1C, 0xB2, 0x22, 0xBF, 0xCD,
    0x39, 0x9C, 0x01, 0x97, 0xFB, 0x42, 0xC0, 0x58, 0x8A, 0xD3, 0xA5, 0x9A, 0x80, 0x49, 0x76, 0xCA,
    0x74, 0x49, 0x19, 0x36, 0xE2, 0xB9, 0x72, 0x2D, 0x7A, 0xC8, 0xB7, 0x7D, 0xDF, 0xE2, 0x18, 0x8D,
    0xCA, 0x03, 0x50, 0xB4, 0xB9, 0x4F, 0x35, 0xD6, 0x14, 0x4E, 0x25, 0x03, 0x64, 0xE0, 0x41, 0x5F,
    0x9D, 0x55, 0x1A, 0x61, 0x44, 0x75, 0x7C, 0x13, 0xDF, 0x91, 0x1C, 0x37, 0xEB, 0xFB, 0x2B, 0x32,
    0xAD, 0x0B, 0x40, 0xF1, 0x42, 0x3A, 0x1C, 0xD7, 0xDD, 0xF9, 0xCB, 0xF9, 0xF9, 0xDD, 0x21, 0x6C,
    0x50, 0x33, 0xAF, 0xDE, 0xB4, 0x0D, 0x19, 0x1C, 0x19, 0x6B, 0xB2, 0xAD, 0x38, 0xA3, 0x59, 0xFF,
    0xD4, 0xD0, 0xF0, 0xD6, 0x5F, 0xDA, 0x9F, 0xD7, 0xDC, 0x4F, 0x3C, 0x8A, 0x2B, 0x34, 0x0B, 0x1C,
    0xFD, 0xF0, 0x2A, 0x4C, 0x26, 0xCA, 0x12, 0x47, 0xB6, 0x72, 0x28, 0x21, 0x51, 0xF1, 0x03, 0x6A,
    0x06, 0xCB, 0xE4, 0x78, 0x70, 0x1C, 0x75, 0x1D, 0x64, 0x2B, 0x87, 0x12, 0x52, 0x9D, 0xEF, 0x5E,
    0x00, 0x0D, 0x27, 0xC0, 0x65, 0x74, 0x19, 0x84, 0x68, 0x16, 0x2B, 0x27, 0x41, 0x35, 0x0A, 0x2E,
    0x92, 0xC0, 0x08, 0x3E, 0x35, 0x11, 0xE8, 0x6C, 0x10, 0xD0, 0xE7, 0xCA, 0x16, 0xA8, 0x99, 0x73,
    0x17, 0x01, 0xAE, 0xB1, 0xE9, 0x4C, 0x7E, 0x05, 0x7F, 0x61, 0xBC, 0x20, 0x79, 0x30, 0x82, 0xC9,
    0x0A, 0x16, 0x17, 0xF9, 0x23, 0x5D, 0xA0, 0xA7, 0xFB, 0x5D, 0xC2, 0x7A, 0xA6, 0xD1, 0x8A, 0xEF,
    0x99, 0x30, 0x7C, 0x3D, 0x78, 0x1C, 0xF5, 0x51, 0xC6, 0x57, 0x19, 0x14, 0xAB, 0x32, 0xEA, 0x49,
    0xD0, 0x24, 0x41, 0x17, 0x05, 0xF4, 0xFF, 0xE9, 0x9C, 0x9C, 0xE1, 0x32, 0x4C, 0xC6, 0x65, 0xDF,
    0x5F, 0xA3, 0x6B, 0xC2, 0x07, 0x2C, 0xA8, 0x8A, 0x45, 0x50, 0xAE, 0x33, 0x79, 0xA0, 0x66, 0x00,
    0x0C, 0x23, 0x60, 0x99, 0x00, 0x77, 0x7B, 0x00, 0xBA, 0x37, 0x23, 0xC0, 0x6F, 0x26, 0x14, 0x2C,
    0x17, 0x94, 0x4B, 0x41, 0x7D, 0xF3, 0xBE, 0x1E, 0xD1, 0x05, 0x73, 0x80, 0x8B, 0x36, 0xC1, 0x26,
    0x17, 0x61, 0xD2, 0x45, 0x40, 0xED, 0x71, 0x27, 0xDD, 0x6A, 0x40, 0x53, 0x34, 0x59, 0xCB, 0xB4,
    0x81, 0xB6, 0xD2, 0xA6, 0xDA, 0x5E, 0x2F, 0xD2, 0x2B, 0xF5, 0x72, 0x1D, 0x43, 0x07, 0xD2, 0xD1,
    0x04, 0xDB, 0xB8, 0xAA, 0x73, 0x31, 0x17, 0xFE, 0xB1, 0x4B, 0x9C, 0xD4, 0xB9, 0xFC, 0x5C, 0xDB,
    0x84, 0x2E, 0xB8, 0xD8, 0x79, 0x1B, 0x9F, 0xA2, 0x6E, 0x4F, 0x9D, 0xE1, 0x94, 0x4E, 0xDF, 0xF1,
    0xA4, 0x08, 0xDD, 0x6D, 0x20, 0x33, 0xEB, 0x22, 0xD8, 0xDF, 0xB2, 0x3F, 0x30, 0xD4, 0xCF, 0x02,
    0x44, 0x55, 0x8B, 0x3A, 0xC1, 0xEC, 0xC9, 0x69, 0x5D, 0x3D, 0xAF, 0xEF, 0xFC, 0x9B, 0x77, 0xD7,
    0x4D, 0x40, 0xE3, 0x51, 0x00, 0xF9, 0x73, 0x47, 0x32, 0x6E, 0xB6, 0xDB, 0xED, 0xDA, 0xFB, 0xFB,
    0x1C, 0xFF, 0x77, 0x0E, 0x8E, 0x6A, 0x5A, 0xC1, 0xFA, 0xC2, 0xC4, 0x1B, 0xE6, 0xEC, 0xC4, 0x7B,
    0x8E, 0x13, 0x07, 0x5D, 0x12, 0xB8, 0x45, 0x70, 0xC1, 0x7D, 0xDE, 0xAF, 0x6E, 0x84, 0x26, 0xE6,
    0x4C, 0xFF, 0xF1, 0x6E, 0xB7, 0x7E, 0xE4, 0x20, 0x38, 0xAC, 0x50, 0x7D, 0x96, 0xE1, 0x72, 0x95,
    0x7D, 0x54, 0x75, 0xBF, 0x01, 0x50, 0x30, 0x00, 0x4D, 0xF6, 0x38, 0x9E, 0x1C, 0xC3, 0xFD, 0xB9,
    0xDB, 0x49, 0x82, 0x7E, 0x00, 0x36, 0xE0, 0xCB, 0xDC, 0xE3, 0xFF, 0x5B, 0xAE, 0xDD, 0x4C, 0xFE,
    0x1B, 0x9C, 0xC1, 0x79, 0x06, 0xC6, 0x21, 0x58, 0xFC, 0x0D,
};

static const EpdGlyph edslab_16_boldGlyphs[] = {
    { 0, 0, 184, 0, 0, 0, 0 }, // U+0020
    { 5, 26, 138, 1, 25, 33, 0 }, // !
    { 9, 9, 201, 1, 25, 21, 33 }, // "
    { 25, 26, 446, 1, 25, 163, 54 }, // #
    { 19, 33, 357, 1, 28, 157, 217 }, // $
    { 29, 26, 521, 1, 25, 189, 374 }, // %
    { 21, 26, 410, 2, 25, 137, 563 }, // &
    { 4, 9, 125, 1, 25, 9, 700 }, // '
    { 13, 40, 250, 1, 32, 130, 709 }, // (
    { 12, 40, 250, 1, 32, 120, 839 }, // )
    { 14, 13, 250, 0, 29, 46, 959 }, // *
    { 11, 11, 228, 1, 14, 31, 1005 }, // +
    { 5, 9, 138, 1, 4, 12, 1036 }, // ,
    { 11, 4, 228, 1, 11, 11, 1048 }, // -
    { 5, 5, 138, 1, 4, 7, 1059 }, // .
    { 12, 33, 231, 1, 25, 99, 1066 }, // /
    { 19, 26, 344, 1, 25, 124, 1165 }, // 0
    { 10, 26, 215, 1, 25, 65, 1289 }, // 1
    { 17, 26, 322, 1, 25, 111, 1354 }, // 2
    { 19, 26, 334, 0, 25, 124, 1465 }, // 3
    { 18, 26, 331, 0, 25, 117, 1589 }, // 4
    { 19, 26, 330, 0, 25, 124, 1706 }, // 5
    { 18, 26, 335, 1, 25, 117, 1830 }, // 6
    { 17, 26, 319, 1, 25, 111, 1947 }, // 7
    { 18, 26, 338, 1, 25, 117, 2058 }, // 8
    { 18, 26, 318, 1, 25, 117, 2175 }, // 9
    { 5, 17, 138, 1, 16, 22, 2292 }, // :
    { 5, 20, 138, 1, 16, 25, 2314 }, // ;
    { 16, 17, 315, 1, 17, 68, 2339 }, // <
    { 11, 8, 228, 1, 12, 22, 2407 }, // =
    { 17, 17, 315, 1, 17, 73, 2429 }, // >
    { 16, 26, 316, 1, 25, 104, 2502 }, // ?
    { 30, 31, 536, 1, 27, 233, 2606 }, // @
    { 28, 26, 496, 1, 25, 182, 2839 }, // A
    { 22, 26, 404, 1, 25, 143, 3021 }, // B
    { 23, 26, 397, 1, 25, 150, 3164 }, // C
    { 25, 26, 447, 1, 25, 163, 3314 }, // D
    { 21, 26, 389, 1, 25, 137, 3477 }, // E
    { 21, 26, 389, 1, 25, 137, 3614 }, // F
    { 22, 26, 399, 1, 25, 143, 3751 }, // G
    { 27, 26, 484, 1, 25, 176, 3894 }, // H
    { 11, 26, 221, 1, 25, 72, 4070 }, // I
    { 17, 26, 319, 1, 25, 111, 4142 }, // J
    { 24, 26, 420, 1, 25, 156, 4253 }, // K
    { 22, 26, 394, 1, 25, 143, 4409 }, // L
    { 31, 26, 549, 1, 25, 202, 4552 }, // M
    { 27, 26, 484, 1, 25, 176, 4754 }, // N
    { 25, 26, 455, 1, 25, 163, 4930 }, // O
    { 23, 26, 404, 1, 25, 150, 5093 }, // P
    { 29, 31, 490, 1, 25, 225, 5243 }, // Q
    { 25, 26, 430, 1, 25, 163, 5468 }, // R
    { 19, 26, 344, 1, 25, 124, 5631 }, // S
    { 23, 26, 422, 1, 25, 150, 5755 }, // T
    { 28, 26, 499, 1, 25, 182, 5905 }, // U
    { 28, 26, 496, 1, 25, 182, 6087 }, // V
    { 40, 26, 696, 1, 25, 260, 6269 }, // W
    { 25, 26, 456, 1, 25, 163, 6529 }, // X
    { 24, 26, 436, 1, 25, 156, 6692 }, // Y
    { 21, 26, 383, 1, 25, 137, 6848 }, // Z
    { 10, 34, 187, 1, 26, 85, 6985 }, // [
    { 12, 33, 231, 1, 25, 99, 7070 }, // <backslash>
    { 10, 34, 203, 0, 26, 85, 7169 }, // ]
    { 17, 14, 315, 1, 26, 60, 7254 }, // ^
    { 15, 4, 286, 1, 1, 15, 7314 }, // _
    { 8, 9, 155, 0, 29, 18, 7329 }, // `
    { 17, 17, 299, 1, 16, 73, 7347 }, // a
    { 18, 28, 328, 0, 27, 126, 7420 }, // b
    { 16, 17, 278, 1, 16, 68, 7546 }, // c
    { 18, 29, 326, 1, 27, 131, 7614 }, // d
    { 15, 17, 266, 1, 16, 64, 7745 }, // e
    { 14, 29, 210, 0, 25, 102, 7809 }, // f
    { 19, 26, 317, 0, 16, 124, 7911 }, // g
    { 20, 29, 341, 1, 27, 145, 8035 }, // h
    { 10, 24, 168, -1, 22, 60, 8180 }, // i
    { 9, 31, 148, -2, 22, 70, 8240 }, // j
    { 19, 28, 340, 1, 27, 133, 8310 }, // k
    { 10, 29, 183, 0, 27, 73, 8443 }, // l
    { 28, 18, 480, 1, 16, 126, 8516 }, // m
    { 20, 18, 347, 1, 16, 90, 8642 }, // n
    { 16, 17, 296, 1, 16, 68, 8732 }, // o
    { 18, 25, 312, 0, 16, 113, 8800 }, // p
    { 18, 25, 286, 1, 16, 113, 8913 }, // q
    { 15, 17, 277, 1, 16, 64, 9026 }, // r
    { 14, 17, 236, 0, 16, 60, 9090 }, // s
    { 15, 24, 246, 0, 23, 90, 9150 }, // t
    { 20, 17, 328, -1, 16, 85, 9240 }, // u
    { 21, 17, 360, 0, 16, 90, 9325 }, // v
    { 30, 17, 509, 0, 16, 128, 9415 }, // w
    { 19, 17, 352, 1, 16, 81, 9543 }, // x
    { 21, 25, 359, 0, 16, 132, 9624 }, // y
    { 14, 17, 280, 1, 16, 60, 9756 }, // z
    { 11, 34, 174, -1, 26, 94, 9816 }, // {
    { 4, 36, 118, 1, 30, 36, 9910 }, // |
    { 10, 34, 174, 0, 26, 85, 9946 }, // }
    { 13, 6, 283, 2, 13, 20, 10031 }, // ~
    { 0, 0, 184, 0, 0, 0, 0 }, // U+00A0
    { 5, 26, 138, 1, 25, 33, 0 }, // U+00A1
    { 16, 22, 278, 1, 19, 88, 33 }, // U+00A2
    { 15, 30, 299, 1, 25, 113, 121 }, // U+00A3
    { 16, 17, 288, 0, 19, 68, 234 }, // U+00A4
    { 24, 26, 436, 1, 25, 156, 302 }, // U+00A5
    { 4, 26, 118, 1, 25, 26, 458 }, // U+00A6
    { 12, 23, 253, 1, 23, 69, 484 }, // U+00A7
    { 8, 5, 235, 3, 25, 10, 553 }, // U+00A8
    { 26, 27, 479, 2, 25, 176, 563 }, // U+00A9
    { 13, 11, 220, -1, 20, 36, 739 }, // U+00AA
    { 12, 13, 240, 1, 17, 39, 775 }, // U+00AB
    { 15, 8, 309, 1, 14, 30, 814 }, // U+00AC
    { 11, 4, 228, 1, 11, 11, 844 }, // U+00AD
    { 27, 27, 479, 2, 25, 183, 855 }, // U+00AE
    { 8, 4, 235, 3, 25, 8, 1038 }, // U+00AF
    { 7, 8, 245, 3, 26, 14, 1046 }, // U+00B0
    { 10, 17, 288, 3, 17, 43, 1060 }, // U+00B1
    { 12, 16, 229, 0, 25, 48, 1103 }, // U+00B2
    { 13, 16, 236, -1, 25, 52, 1151 }, // U+00B3
    { 7, 5, 235, 3, 26, 9, 1203 }, // U+00B4
    { 19, 26, 328, 0, 16, 124, 1212 }, // U+00B5
    { 17, 27, 320, -1, 25, 115, 1336 }, // U+00B6
    { 6, 6, 138, 1, 13, 9, 1451 }, // U+00B7
    { 7, 5, 235, 3, -1, 9, 1460 }, // U+00B8
    { 7, 16, 163, 1, 25, 28, 1469 }, // U+00B9
    { 13, 11, 218, 0, 20, 36, 1497 }, // U+00BA
    { 12, 13, 240, 1, 17, 39, 1533 }, // U+00BB
    { 23, 28, 320, -1, 27, 161, 1572 }, // U+00BC
    { 22, 28, 320, -1, 27, 154, 1733 }, // U+00BD
    { 24, 28, 320, -2, 27, 168, 1887 }, // U+00BE
    { 17, 26, 316, 1, 25, 111, 2055 }, // U+00BF
    { 28, 29, 496, 1, 28, 203, 2166 }, // U+00C0
    { 28, 29, 496, 1, 28, 203, 2369 }, // U+00C1
    { 28, 29, 496, 1, 28, 203, 2572 }, // U+00C2
    { 28, 29, 496, 1, 28, 203, 2775 }, // U+00C3
    { 28, 29, 496, 1, 28, 203, 2978 }, // U+00C4
    { 28, 31, 496, 1, 30, 217, 3181 }, // U+00C5
    { 41, 26, 709, 1, 25, 267, 3398 }, // U+00C6
    { 23, 30, 397, 1, 25, 173, 3665 }, // U+00C7
    { 21, 29, 389, 1, 28, 153, 3838 }, // U+00C8
    { 21, 29, 389, 1, 28, 153, 3991 }, // U+00C9
    { 21, 29, 389, 1, 28, 153, 4144 }, // U+00CA
    { 21, 29, 389, 1, 28, 153, 4297 }, // U+00CB
    { 11, 29, 221, 1, 28, 80, 4450 }, // U+00CC
    { 11, 29, 221, 1, 28, 80, 4530 }, // U+00CD
    { 11, 29, 221, 1, 28, 80, 4610 }, // U+00CE
    { 11, 29, 221, 1, 28, 80, 4690 }, // U+00CF
    { 27, 26, 447, 0, 25, 176, 4770 }, // U+00D0
    { 27, 29, 484, 1, 28, 196, 4946 }, // U+00D1
    { 25, 29, 455, 1, 28, 182, 5142 }, // U+00D2
    { 25, 29, 455, 1, 28, 182, 5324 }, // U+00D3
    { 25, 29, 455, 1, 28, 182, 5506 }, // U+00D4
    { 25, 30, 455, 1, 29, 188, 5688 }, // U+00D5
    { 25, 29, 455, 1, 28, 182, 5876 }, // U+00D6
    { 12, 12, 288, 3, 16, 36, 6058 }, // U+00D7
    { 25, 30, 455, 1, 27, 188, 6094 }, // U+00D8
    { 28, 29, 499, 1, 28, 203, 6282 }, // U+00D9
    { 28, 29, 499, 1, 28, 203, 6485 }, // U+00DA
    { 28, 29, 499, 1, 28, 203, 6688 }, // U+00DB
    { 28, 29, 499, 1, 28, 203, 6891 }, // U+00DC
    { 24, 29, 436, 1, 28, 174, 7094 }, // U+00DD
    { 16, 26, 447, 1, 25, 104, 7268 }, // U+00DE
    { 15, 24, 309, 1, 23, 90, 7372 }, // U+00DF
    { 17, 21, 299, 1, 20, 90, 7462 }, // U+00E0
    { 17, 21, 299, 1, 20, 90, 7552 }, // U+00E1
    { 17, 20, 299, 1, 19, 85, 7642 }, // U+00E2
    { 17, 21, 299, 1, 20, 90, 7727 }, // U+00E3
    { 17, 20, 299, 1, 19, 85, 7817 }, // U+00E4
    { 17, 23, 299, 1, 22, 98, 7902 }, // U+00E5
    { 29, 17, 485, 1, 16, 124, 8000 }, // U+00E6
    { 16, 21, 278, 1, 16, 84, 8124 }, // U+00E7
    { 15, 21, 266, 1, 20, 79, 8208 }, // U+00E8
    { 15, 21, 266, 1, 20, 79, 8287 }, // U+00E9
    { 15, 21, 266, 1, 20, 79, 8366 }, // U+00EA
    { 15, 20, 266, 1, 19, 75, 8445 }, // U+00EB
    { 10, 21, 168, -1, 19, 53, 8520 }, // U+00EC
    { 10, 22, 168, -1, 20, 55, 8573 }, // U+00ED
    { 10, 22, 168, -1, 20, 55, 8628 }, // U+00EE
    { 10, 21, 168, -1, 19, 53, 8683 }, // U+00EF
    { 20, 29, 326, 1, 27, 145, 8736 }, // U+00F0
    { 20, 22, 347, 1, 20, 110, 8881 }, // U+00F1
    { 16, 20, 296, 1, 19, 80, 8991 }, // U+00F2
    { 16, 20, 296, 1, 19, 80, 9071 }, // U+00F3
    { 16, 21, 296, 1, 20, 84, 9151 }, // U+00F4
    { 16, 21, 296, 1, 20, 84, 9235 }, // U+00F5
    { 16, 20, 296, 1, 19, 80, 9319 }, // U+00F6
    { 10, 12, 288, 3, 16, 30, 9399 }, // U+00F7
    { 19, 21, 296, -1, 18, 100, 9429 }, // U+00F8
    { 20, 21, 328, -1, 20, 105, 9529 }, // U+00F9
    { 20, 21, 328, -1, 20, 105, 9634 }, // U+00FA
    { 20, 21, 328, -1, 20, 105, 9739 }, // U+00FB
    { 20, 20, 328, -1, 19, 100, 9844 }, // U+00FC
    { 21, 28, 359, 0, 19, 147, 9944 }, // U+00FD
    { 18, 36, 328, 1, 27, 162, 10091 }, // U+00FE
    { 21, 28, 359, 0, 19, 147, 10253 }, // U+00FF
    { 28, 28, 496, 1, 27, 196, 0 }, // U+0100
    { 17, 20, 299, 1, 19, 85, 196 }, // U+0101
    { 28, 30, 496, 1, 29, 210, 281 }, // U+0102
    { 17, 21, 299, 1, 20, 90, 491 }, // U+0103
    { 29, 31, 496, 1, 25, 225, 581 }, // U+0104
    { 17, 21, 299, 1, 16, 90, 806 }, // U+0105
    { 23, 29, 397, 1, 28, 167, 896 }, // U+0106
    { 16, 20, 278, 1, 19, 80, 1063 }, // U+0107
    { 23, 30, 397, 1, 29, 173, 1143 }, // U+0108
    { 16, 21, 278, 1, 20, 84, 1316 }, // U+0109
    { 23, 29, 397, 1, 28, 167, 1400 }, // U+010A
    { 16, 20, 278, 1, 19, 80, 1567 }, // U+010B
    { 23, 30, 397, 1, 29, 173, 1647 }, // U+010C
    { 16, 21, 278, 1, 20, 84, 1820 }, // U+010D
    { 25, 29, 447, 1, 28, 182, 1904 }, // U+010E
    { 21, 29, 326, 1, 27, 153, 2086 }, // U+010F
    { 27, 26, 447, 0, 25, 176, 2239 }, // U+0110
    { 20, 29, 326, 1, 27, 145, 2415 }, // U+0111
    { 21, 28, 389, 1, 27, 147, 2560 }, // U+0112
    { 15, 20, 266, 1, 19, 75, 2707 }, // U+0113
    { 21, 30, 389, 1, 29, 158, 2782 }, // U+0114
    { 15, 21, 266, 1, 20, 79, 2940 }, // U+0115
    { 21, 29, 389, 1, 28, 153, 3019 }, // U+0116
    { 15, 21, 266, 1, 20, 79, 3172 }, // U+0117
    { 21, 31, 389, 1, 25, 163, 3251 }, // U+0118
    { 15, 21, 266, 1, 16, 79, 3414 }, // U+0119
    { 21, 29, 389, 1, 28, 153, 3493 }, // U+011A
    { 15, 21, 266, 1, 20, 79, 3646 }, // U+011B
    { 22, 30, 399, 1, 29, 165, 3725 }, // U+011C
    { 19, 30, 317, 0, 20, 143, 3890 }, // U+011D
    { 22, 30, 399, 1, 29, 165, 4033 }, // U+011E
    { 19, 32, 317, 0, 21, 152, 4198 }, // U+011F
    { 22, 29, 399, 1, 28, 160, 4350 }, // U+0120
    { 19, 30, 317, 0, 20, 143, 4510 }, // U+0121
    { 22, 30, 399, 1, 25, 165, 4653 }, // U+0122
    { 19, 30, 317, 0, 16, 143, 4818 }, // U+0123
    { 27, 29, 484, 1, 28, 196, 4961 }, // U+0124
    { 20, 33, 341, 1, 31, 165, 5157 }, // U+0125
    { 28, 26, 484, 0, 25, 182, 5322 }, // U+0126
    { 21, 29, 341, 0, 27, 153, 5504 }, // U+0127
    { 11, 30, 221, 1, 29, 83, 5657 }, // U+0128
    { 12, 22, 168, -1, 20, 66, 5740 }, // U+0129
    { 11, 28, 221, 1, 27, 77, 5806 }, // U+012A
    { 10, 21, 168, -1, 19, 53, 5883 }, // U+012B
    { 11, 30, 221, 1, 29, 83, 5936 }, // U+012C
    { 10, 22, 168, -1, 20, 55, 6019 }, // U+012D
    { 11, 31, 221, 1, 25, 86, 6074 }, // U+012E
    { 10, 28, 168, -1, 22, 70, 6160 }, // U+012F
    { 11, 29, 221, 1, 28, 80, 6230 }, // U+0130
    { 10, 18, 168, -1, 16, 45, 6310 }, // U+0131
    { 28, 26, 498, 1, 25, 182, 6355 }, // U+0132
    { 16, 31, 279, -1, 22, 124, 6537 }, // U+0133
    { 17, 30, 319, 1, 29, 128, 6661 }, // U+0134
    { 9, 28, 148, -2, 19, 63, 6789 }, // U+0135
    { 24, 30, 420, 1, 25, 180, 6852 }, // U+0136
    { 19, 32, 340, 1, 27, 152, 7032 }, // U+0137
    { 22, 29, 394, 1, 28, 160, 7184 }, // U+0139
    { 10, 33, 183, 0, 31, 83, 7344 }, // U+013A
    { 22, 30, 394, 1, 25, 165, 7427 }, // U+013B
    { 10, 32, 183, 0, 27, 80, 7592 }, // U+013C
    { 22, 29, 394, 1, 28, 160, 7672 }, // U+013D
    { 13, 29, 183, 0, 27, 95, 7832 }, // U+013E
    { 26, 26, 474, 1, 25, 169, 7927 }, // U+013F
    { 14, 29, 263, 0, 27, 102, 8096 }, // U+0140
    { 23, 26, 394, 0, 25, 150, 8198 }, // U+0141
    { 12, 29, 183, 0, 27, 87, 8348 }, // U+0142
    { 27, 29, 484, 1, 28, 196, 8435 }, // U+0143
    { 20, 21, 347, 1, 19, 105, 8631 }, // U+0144
    { 27, 30, 484, 1, 25, 203, 8736 }, // U+0145
    { 20, 21, 347, 1, 16, 105, 8939 }, // U+0146
    { 27, 29, 484, 1, 28, 196, 9044 }, // U+0147
    { 20, 22, 347, 1, 20, 110, 9240 }, // U+0148
    { 25, 31, 347, -4, 29, 194, 9350 }, // U+0149
    { 27, 35, 484, 1, 25, 237, 9544 }, // U+014A
    { 21, 26, 347, 1, 16, 137, 9781 }, // U+014B
    { 25, 28, 455, 1, 27, 175, 9918 }, // U+014C
    { 16, 19, 296, 1, 18, 76, 10093 }, // U+014D
    { 25, 30, 455, 1, 29, 188, 10169 }, // U+014E
    { 16, 21, 296, 1, 20, 84, 10357 }, // U+014F
    { 25, 30, 455, 1, 29, 188, 10441 }, // U+0150
    { 16, 21, 296, 1, 20, 84, 10629 }, // U+0151
    { 44, 26, 759, 1, 25, 286, 10713 }, // U+0152
    { 29, 17, 493, 1, 16, 124, 10999 }, // U+0153
    { 25, 30, 430, 1, 29, 188, 11123 }, // U+0154
    { 15, 21, 277, 1, 20, 79, 11311 }, // U+0155
    { 25, 30, 430, 1, 25, 188, 11390 }, // U+0156
    { 15, 21, 277, 1, 16, 79, 11578 }, // U+0157
    { 25, 30, 430, 1, 29, 188, 11657 }, // U+0158
    { 15, 21, 277, 1, 20, 79, 11845 }, // U+0159
    { 19, 29, 344, 1, 28, 138, 11924 }, // U+015A
    { 14, 21, 236, 0, 20, 74, 12062 }, // U+015B
    { 19, 30, 344, 1, 29, 143, 12136 }, // U+015C
    { 14, 21, 236, 0, 20, 74, 12279 }, // U+015D
    { 19, 31, 344, 1, 25, 148, 12353 }, // U+015E
    { 14, 22, 236, 0, 16, 77, 12501 }, // U+015F
    { 19, 30, 344, 1, 29, 143, 12578 }, // U+0160
    { 14, 21, 236, 0, 20, 74, 12721 }, // U+0161
    { 23, 33, 422, 1, 25, 190, 12795 }, // U+0162
    { 15, 30, 246, 0, 23, 113, 12985 }, // U+0163
    { 23, 29, 422, 1, 28, 167, 13098 }, // U+0164
    { 18, 24, 246, 0, 23, 108, 13265 }, // U+0165
    { 23, 26, 422, 1, 25, 150, 13373 }, // U+0166
    { 14, 24, 246, 0, 23, 84, 13523 }, // U+0167
    { 28, 30, 499, 1, 29, 210, 13607 }, // U+0168
    { 20, 22, 328, -1, 21, 110, 13817 }, // U+0169
    { 28, 28, 499, 1, 27, 196, 13927 }, // U+016A
    { 20, 19, 328, -1, 18, 95, 14123 }, // U+016B
    { 28, 30, 499, 1, 29, 210, 14218 }, // U+016C
    { 20, 22, 328, -1, 21, 110, 14428 }, // U+016D
    { 28, 32, 499, 1, 31, 224, 14538 }, // U+016E
    { 20, 23, 328, -1, 22, 115, 14762 }, // U+016F
    { 28, 30, 499, 1, 29, 210, 14877 }, // U+0170
    { 20, 20, 328, -1, 19, 100, 15087 }, // U+0171
    { 28, 30, 499, 1, 25, 210, 15187 }, // U+0172
    { 20, 21, 328, -1, 16, 105, 15397 }, // U+0173
    { 40, 29, 696, 1, 28, 290, 15502 }, // U+0174
    { 30, 20, 509, 0, 19, 150, 15792 }, // U+0175
    { 24, 29, 436, 1, 28, 174, 15942 }, // U+0176
    { 21, 28, 359, 0, 19, 147, 16116 }, // U+0177
    { 24, 29, 436, 1, 28, 174, 16263 }, // U+0178
    { 21, 29, 383, 1, 28, 153, 16437 }, // U+0179
    { 14, 20, 280, 1, 19, 70, 16590 }, // U+017A
    { 21, 29, 383, 1, 28, 153, 16660 }, // U+017B
    { 14, 21, 280, 1, 20, 74, 16813 }, // U+017C
    { 21, 29, 383, 1, 28, 153, 16887 }, // U+017D
    { 14, 20, 280, 1, 19, 70, 17040 }, // U+017E
    { 28, 30, 496, 1, 29, 210, 0 }, // U+01CD
    { 17, 24, 299, 1, 23, 102, 210 }, // U+01CE
    { 11, 29, 221, 1, 28, 80, 312 }, // U+020A
    { 10, 25, 168, -1, 23, 63, 392 }, // U+020B
    { 19, 31, 344, 1, 25, 148, 455 }, // U+0218
    { 14, 22, 236, 0, 16, 77, 603 }, // U+0219
    { 23, 33, 422, 1, 25, 190, 680 }, // U+021A
    { 15, 30, 246, 0, 23, 113, 870 }, // U+021B
    { 6, 9, 0, -1, 25, 14, 0 }, // U+0301
    { 6, 9, 0, -1, 25, 14, 14 }, // U+0312
    { 6, 9, 0, -1, 25, 14, 28 }, // U+0313
    { 6, 9, 0, -1, 25, 14, 42 }, // U+0314
    { 6, 9, 0, -1, 25, 14, 56 }, // U+0315
    { 6, 9, 0, -1, 25, 14, 70 }, // U+0341
    { 6, 9, 0, -1, 25, 14, 84 }, // U+0343
    { 21, 31, 383, 1, 30, 163, 0 }, // U+0401
    { 23, 26, 387, 1, 25, 150, 163 }, // U+0404
    { 11, 26, 215, 1, 25, 72, 313 }, // U+0406
    { 12, 31, 215, 1, 30, 93, 385 }, // U+0407
    { 28, 26, 496, 1, 25, 182, 478 }, // U+0410
    { 22, 26, 405, 1, 25, 143, 660 }, // U+0411
    { 22, 26, 404, 1, 25, 143, 803 }, // U+0412
    { 19, 26, 357, 1, 25, 124, 946 }, // U+0413
    { 25, 31, 447, 1, 25, 194, 1070 }, // U+0414
    { 21, 26, 389, 1, 25, 137, 1264 }, // U+0415
    { 37, 26, 619, 0, 25, 241, 1401 }, // U+0416
    { 21, 26, 354, -1, 25, 137, 1642 }, // U+0417
    { 27, 26, 484, 1, 25, 176, 1779 }, // U+0418
    { 27, 33, 484, 1, 32, 223, 1955 }, // U+0419
    { 24, 26, 414, 1, 25, 156, 2178 }, // U+041A
    { 25, 26, 446, 1, 25, 163, 2334 }, // U+041B
    { 31, 26, 549, 1, 25, 202, 2497 }, // U+041C
    { 27, 26, 484, 1, 25, 176, 2699 }, // U+041D
    { 25, 26, 445, 1, 25, 163, 2875 }, // U+041E
    { 27, 26, 484, 1, 25, 176, 3038 }, // U+041F
    { 23, 26, 404, 1, 25, 150, 3214 }, // U+0420
    { 23, 26, 387, 1, 25, 150, 3364 }, // U+0421
    { 23, 26, 422, 1, 25, 150, 3514 }, // U+0422
    { 26, 26, 467, 1, 25, 169, 3664 }, // U+0423
    { 27, 30, 450, 1, 27, 203, 3833 }, // U+0424
    { 25, 26, 456, 1, 25, 163, 4036 }, // U+0425
    { 27, 31, 484, 1, 25, 210, 4199 }, // U+0426
    { 24, 26, 440, 1, 25, 156, 4409 }, // U+0427
    { 38, 26, 658, 1, 25, 247, 4565 }, // U+0428
    { 38, 31, 659, 1, 25, 295, 4812 }, // U+0429
    { 25, 26, 442, 1, 25, 163, 5107 }, // U+042A
    { 34, 26, 600, 1, 25, 221, 5270 }, // U+042B
    { 23, 26, 399, 1, 25, 150, 5491 }, // U+042C
    { 22, 26, 382, 0, 25, 143, 5641 }, // U+042D
    { 36, 26, 615, 1, 25, 234, 5784 }, // U+042E
    { 24, 26, 430, 0, 25, 156, 6018 }, // U+042F
    { 17, 17, 283, 1, 16, 73, 6174 }, // U+0430
    { 15, 24, 261, 0, 23, 90, 6247 }, // U+0431
    { 17, 17, 292, 0, 16, 73, 6337 }, // U+0432
    { 15, 17, 278, 1, 16, 64, 6410 }, // U+0433
    { 19, 21, 345, 1, 16, 100, 6474 }, // U+0434
    { 15, 17, 250, 1, 16, 64, 6574 }, // U+0435
    { 29, 17, 480, 0, 16, 124, 6638 }, // U+0436
    { 14, 17, 244, 0, 16, 60, 6762 }, // U+0437
    { 19, 17, 335, 0, 16, 81, 6822 }, // U+0438
    { 19, 24, 335, 0, 23, 114, 6903 }, // U+0439
    { 19, 17, 340, 1, 16, 81, 7017 }, // U+043A
    { 20, 17, 338, -1, 16, 85, 7098 }, // U+043B
    { 23, 17, 423, 1, 16, 98, 7183 }, // U+043C
    { 19, 17, 351, 1, 16, 81, 7281 }, // U+043D
    { 16, 17, 296, 1, 16, 68, 7362 }, // U+043E
    { 19, 17, 351, 1, 16, 81, 7430 }, // U+043F
    { 18, 25, 323, 1, 16, 113, 7511 }, // U+0440
    { 16, 17, 267, 1, 16, 68, 7624 }, // U+0441
    { 16, 17, 293, 0, 16, 68, 7692 }, // U+0442
    { 21, 25, 349, -1, 16, 132, 7760 }, // U+0443
    { 20, 33, 346, 1, 24, 165, 7892 }, // U+0444
    { 19, 17, 352, 1, 16, 81, 8057 }, // U+0445
    { 19, 21, 351, 0, 16, 100, 8138 }, // U+0446
    { 18, 17, 326, 0, 16, 77, 8238 }, // U+0447
    { 25, 17, 459, 1, 16, 107, 8315 }, // U+0448
    { 26, 21, 459, 0, 16, 137, 8422 }, // U+0449
    { 18, 17, 313, 0, 16, 77, 8559 }, // U+044A
    { 24, 17, 431, 1, 16, 102, 8636 }, // U+044B
    { 16, 17, 287, 1, 16, 68, 8738 }, // U+044C
    { 16, 17, 267, -1, 16, 68, 8806 }, // U+044D
    { 24, 17, 429, 1, 16, 102, 8874 }, // U+044E
    { 18, 17, 316, -1, 16, 77, 8976 }, // U+044F
    { 15, 23, 255, 1, 22, 87, 9053 }, // U+0451
    { 16, 17, 267, 1, 16, 68, 9140 }, // U+0454
    { 10, 24, 168, 0, 22, 60, 9208 }, // U+0456
    { 10, 24, 168, -1, 22, 60, 9268 }, // U+0457
    { 19, 28, 357, 1, 27, 133, 9328 }, // U+0490
    { 14, 19, 278, 1, 18, 67, 9461 }, // U+0491
    { 0, 0, 267, 0, 0, 0, 0 }, // U+2002
    { 0, 0, 533, 0, 0, 0, 0 }, // U+2003
    { 0, 0, 107, 0, 0, 0, 0 }, // U+2009
    { 11, 4, 228, 1, 11, 11, 0 }, // U+2010
    { 11, 4, 228, 1, 11, 11, 11 }, // U+2011
    { 14, 4, 288, 1, 11, 14, 22 }, // U+2012
    { 14, 4, 288, 1, 11, 14, 36 }, // U+2013
    { 30, 4, 555, -1, 11, 30, 50 }, // U+2014
    { 35, 4, 555, -1, 11, 35, 80 }, // U+2015
    { 9, 26, 296, 4, 25, 59, 115 }, // U+2016
    { 6, 9, 139, 0, 25, 14, 174 }, // U+2018
    { 6, 9, 139, 1, 25, 14, 188 }, // U+2019
    { 5, 9, 138, 1, 4, 12, 202 }, // U+201A
    { 6, 9, 139, 0, 25, 14, 214 }, // U+201B
    { 12, 9, 213, 0, 25, 27, 228 }, // U+201C
    { 11, 9, 213, 1, 25, 25, 255 }, // U+201D
    { 10, 9, 213, 1, 4, 23, 280 }, // U+201E
    { 12, 9, 213, 0, 25, 27, 303 }, // U+201F
    { 9, 27, 307, 4, 25, 61, 330 }, // U+2020
    { 9, 27, 307, 4, 25, 61, 391 }, // U+2021
    { 11, 11, 245, 1, 16, 31, 452 }, // U+2022
    { 10, 13, 267, 3, 17, 33, 483 }, // U+2023
    { 5, 5, 138, 1, 4, 7, 516 }, // U+2024
    { 5, 5, 138, 1, 4, 7, 523 }, // U+2025
    { 21, 5, 411, 1, 4, 27, 530 }, // U+2026
    { 6, 6, 138, 1, 13, 9, 557 }, // U+2027
    { 33, 26, 677, 1, 25, 215, 566 }, // U+2030
    { 7, 11, 155, 0, 26, 20, 781 }, // U+2032
    { 11, 11, 219, 0, 26, 31, 801 }, // U+2033
    { 15, 11, 283, 0, 26, 42, 832 }, // U+2034
    { 6, 10, 139, -1, 25, 15, 874 }, // U+2035
    { 7, 13, 165, 1, 17, 23, 889 }, // U+2039
    { 7, 13, 165, 1, 17, 23, 912 }, // U+203A
    { 13, 4, 288, 2, 12, 13, 935 }, // U+2043
    { 12, 20, 181, 2, 18, 60, 948 }, // U+2044
    { 11, 11, 245, 1, 16, 31, 1008 }, // U+204C
    { 11, 11, 245, 1, 16, 31, 1039 }, // U+204D
    { 11, 11, 245, 1, 16, 31, 1070 }, // U+2055
    { 13, 17, 243, 0, 26, 56, 0 }, // U+2070
    { 12, 16, 235, 0, 25, 48, 56 }, // U+2074
    { 13, 16, 234, 0, 25, 52, 104 }, // U+2075
    { 12, 16, 237, 0, 25, 48, 156 }, // U+2076
    { 11, 16, 227, 1, 25, 44, 204 }, // U+2077
    { 12, 16, 239, 1, 25, 48, 248 }, // U+2078
    { 12, 16, 226, 0, 25, 48, 296 }, // U+2079
    { 9, 9, 213, 1, 19, 21, 344 }, // U+207A
    { 9, 4, 213, 1, 17, 9, 365 }, // U+207B
    { 13, 17, 243, 0, 12, 56, 374 }, // U+2080
    { 7, 16, 163, 1, 11, 28, 430 }, // U+2081
    { 12, 16, 229, 0, 11, 48, 458 }, // U+2082
    { 13, 16, 236, -1, 11, 52, 506 }, // U+2083
    { 12, 16, 235, 0, 11, 48, 558 }, // U+2084
    { 13, 16, 234, 0, 11, 52, 606 }, // U+2085
    { 12, 16, 237, 0, 11, 48, 658 }, // U+2086
    { 11, 16, 227, 1, 11, 44, 706 }, // U+2087
    { 12, 16, 239, 1, 11, 48, 750 }, // U+2088
    { 12, 16, 226, 0, 11, 48, 798 }, // U+2089
    { 9, 9, 213, 1, 6, 21, 846 }, // U+208A
    { 9, 4, 213, 1, 3, 9, 867 }, // U+208B
    { 41, 26, 696, 1, 25, 267, 0 }, // U+20A9
    { 28, 26, 440, -1, 25, 182, 267 }, // U+20AC
    { 25, 26, 404, -1, 25, 163, 449 }, // U+20B1
    { 20, 26, 344, 0, 25, 130, 612 }, // U+20B4
    { 25, 26, 422, 1, 25, 163, 742 }, // U+20B8
    { 26, 25, 430, 0, 24, 163, 905 }, // U+20B9
    { 24, 26, 394, -1, 25, 156, 1068 }, // U+20BA
    { 25, 26, 404, -1, 25, 163, 1224 }, // U+20BD
    { 22, 33, 404, 1, 28, 182, 1387 }, // U+20BF
    { 18, 9, 331, -3, 14, 41, 0 }, // U+2190
    { 9, 25, 315, 5, 25, 57, 41 }, // U+2191
    { 19, 9, 331, 1, 14, 43, 98 }, // U+2192
    { 9, 25, 315, 5, 20, 57, 141 }, // U+2193
    { 20, 9, 320, -2, 14, 45, 198 }, // U+2194
    { 9, 34, 315, 5, 27, 77, 243 }, // U+2195
    { 17, 18, 341, 1, 19, 77, 320 }, // U+2196
    { 17, 18, 341, 1, 19, 77, 397 }, // U+2197
    { 17, 18, 341, 1, 19, 77, 474 }, // U+2198
    { 17, 18, 341, 1, 19, 77, 551 }, // U+2199
    { 19, 13, 341, 0, 17, 62, 628 }, // U+21D0
    { 13, 19, 341, 4, 20, 62, 690 }, // U+21D1
    { 19, 13, 341, 1, 17, 62, 752 }, // U+21D2
    { 13, 19, 341, 4, 19, 62, 814 }, // U+21D3
    { 22, 13, 341, -1, 17, 72, 876 }, // U+21D4
    { 28, 25, 496, 1, 24, 175, 0 }, // U+2200
    { 22, 25, 389, 1, 24, 138, 175 }, // U+2203
    { 15, 17, 331, 2, 19, 64, 313 }, // U+2205
    { 18, 17, 341, 1, 19, 77, 377 }, // U+2206
    { 18, 17, 341, 1, 18, 77, 454 }, // U+2207
    { 24, 25, 397, 0, 24, 150, 531 }, // U+2208
    { 15, 4, 320, 2, 12, 15, 681 }, // U+2212
    { 10, 16, 288, 3, 17, 40, 696 }, // U+2213
    { 14, 13, 250, 0, 28, 46, 736 }, // U+2217
    { 10, 10, 235, 2, 15, 25, 782 }, // U+2218
    { 11, 12, 245, 1, 16, 33, 807 }, // U+2219
    { 19, 18, 341, 0, 21, 86, 840 }, // U+221A
    { 20, 13, 352, 0, 16, 65, 926 }, // U+221E
    { 17, 19, 309, 1, 20, 81, 991 }, // U+2220
    { 9, 18, 304, 4, 19, 41, 1072 }, // U+2225
    { 19, 19, 331, 0, 20, 91, 1113 }, // U+2227
    { 19, 19, 331, 0, 20, 91, 1204 }, // U+2228
    { 14, 15, 341, 3, 17, 53, 1295 }, // U+2234
    { 14, 15, 341, 3, 17, 53, 1348 }, // U+2235
    { 9, 11, 228, 1, 16, 25, 1401 }, // U+2248
    { 11, 14, 228, 1, 15, 39, 1426 }, // U+2260
    { 14, 13, 331, 3, 17, 46, 1465 }, // U+2261
    { 17, 20, 315, 0, 18, 85, 1511 }, // U+2264
    { 17, 20, 315, 0, 18, 85, 1596 }, // U+2265
    { 13, 18, 325, 3, 19, 59, 1681 }, // U+22A5
    { 6, 6, 138, 1, 13, 9, 1740 }, // U+22C5
};

static const EpdUnicodeInterval edslab_16_boldIntervals[] = {
    { 0x20, 0x7E, 0x0 },
    { 0xA0, 0x137, 0x5F },
    { 0x139, 0x17E, 0xF7 },
    { 0x1CD, 0x1CE, 0x13D },
    { 0x20A, 0x20B, 0x13F },
    { 0x218, 0x21B, 0x141 },
    { 0x301, 0x301, 0x145 },
    { 0x312, 0x315, 0x146 },
    { 0x341, 0x341, 0x14A },
    { 0x343, 0x343, 0x14B },
    { 0x401, 0x401, 0x14C },
    { 0x404, 0x404, 0x14D },
    { 0x406, 0x407, 0x14E },
    { 0x410, 0x44F, 0x150 },
    { 0x451, 0x451, 0x190 },
    { 0x454, 0x454, 0x191 },
    { 0x456, 0x457, 0x192 },
    { 0x490, 0x491, 0x194 },
    { 0x2002, 0x2003, 0x196 },
    { 0x2009, 0x2009, 0x198 },
    { 0x2010, 0x2016, 0x199 },
    { 0x2018, 0x2027, 0x1A0 },
    { 0x2030, 0x2030, 0x1B0 },
    { 0x2032, 0x2035, 0x1B1 },
    { 0x2039, 0x203A, 0x1B5 },
    { 0x2043, 0x2044, 0x1B7 },
    { 0x204C, 0x204D, 0x1B9 },
    { 0x2055, 0x2055, 0x1BB },
    { 0x2070, 0x2070, 0x1BC },
    { 0x2074, 0x207B, 0x1BD },
    { 0x2080, 0x208B, 0x1C5 },
    { 0x20A9, 0x20A9, 0x1D1 },
    { 0x20AC, 0x20AC, 0x1D2 },
    { 0x20B1, 0x20B1, 0x1D3 },
    { 0x20B4, 0x20B4, 0x1D4 },
    { 0x20B8, 0x20BA, 0x1D5 },
    { 0x20BD, 0x20BD, 0x1D8 },
    { 0x20BF, 0x20BF, 0x1D9 },
    { 0x2190, 0x2199, 0x1DA },
    { 0x21D0, 0x21D4, 0x1E4 },
    { 0x2200, 0x2200, 0x1E9 },
    { 0x2203, 0x2203, 0x1EA },
    { 0x2205, 0x2208, 0x1EB },
    { 0x2212, 0x2213, 0x1EF },
    { 0x2217, 0x221A, 0x1F1 },
    { 0x221E, 0x221E, 0x1F5 },
    { 0x2220, 0x2220, 0x1F6 },
    { 0x2225, 0x2225, 0x1F7 },
    { 0x2227, 0x2228, 0x1F8 },
    { 0x2234, 0x2235, 0x1FA },
    { 0x2248, 0x2248, 0x1FC },
    { 0x2260, 0x2261, 0x1FD },
    { 0x2264, 0x2265, 0x1FF },
    { 0x22A5, 0x22A5, 0x201 },
    { 0x22C5, 0x22C5, 0x202 },
};

static const EpdFontGroup edslab_16_boldGroups[] = {
    { 0, 3556, 10914, 95, 0 },
    { 3556, 2974, 11083, 96, 95 },
    { 6530, 3973, 18236, 126, 191 },
    { 10503, 420, 1053, 8, 317 },
    { 10923, 23, 126, 7, 325 },
    { 10946, 2704, 10107, 74, 332 },
    { 13650, 470, 1258, 38, 406 },
    { 14120, 342, 966, 21, 444 },
    { 14462, 580, 1673, 9, 465 },
    { 15042, 411, 1107, 15, 474 },
    { 15453, 797, 1920, 26, 489 },
};

static const uint16_t edslab_16_boldKernLeftCodepoints[] = {
    0x0020, 0x0022, 0x002D, 0x0030, 0x0031, 0x0032, 0x0033, 0x0034, 0x0035, 0x0036, 0x0037, 0x0038,
    0x0039, 0x0041, 0x0042, 0x0043, 0x0044, 0x0045, 0x0046, 0x0047, 0x0048, 0x0049, 0x004A, 0x004B,
    0x004C, 0x004D, 0x004E, 0x004F, 0x0050, 0x0051, 0x0052, 0x0053, 0x0054, 0x0055, 0x0056, 0x0057,
    0x0059, 0x005A, 0x0061, 0x0062, 0x0063, 0x0064, 0x0065, 0x0066, 0x0067, 0x0068, 0x0069, 0x006A,
    0x006B, 0x006C, 0x006D, 0x006E, 0x006F, 0x0070, 0x0071, 0x0072, 0x0073, 0x0074, 0x0075, 0x0076,
    0x0077, 0x0079, 0x007A, 0x0401, 0x0410, 0x0411, 0x0412, 0x0413, 0x0414, 0x0415, 0x0416, 0x0417,
    0x0418, 0x0419, 0x041A, 0x041B, 0x041C, 0x041D, 0x041E, 0x041F, 0x0420, 0x0421, 0x0422, 0x0423,
    0x0424, 0x0425, 0x0426, 0x0427, 0x0428, 0x0429, 0x042A, 0x042B, 0x042C, 0x042D, 0x042E, 0x042F,
    0x0430, 0x0431, 0x0432, 0x0433, 0x0434, 0x0435, 0x0436, 0x0437, 0x0438, 0x0439, 0x043A, 0x043B,
    0x043C, 0x043D, 0x043E, 0x043F, 0x0440, 0x0441, 0x0442, 0x0443, 0x0444, 0x0445, 0x0446, 0x0447,
    0x0448, 0x0449, 0x044A, 0x044B, 0x044C, 0x044D, 0x044E, 0x044F, 0x0451,
};

static const uint8_t edslab_16_boldKernLeftClassIds[] = {
      1,   2,   3,   4,   5,   6,   7,   8,   9,  10,  11,  12,  13,  14,  15,  16,
     17,  18,  19,  20,  21,  22,  23,  24,  25,  26,  27,  28,  29,  30,  31,  32,
     33,  34,  35,  36,  37,  38,  39,  40,  41,  42,  43,  44,  45,  46,  47,  48,
     49,  50,  51,  52,  53,  54,  55,  56,  57,  58,  59,  60,  61,  62,  63,  64,
     65,  66,  67,  68,  69,  70,  71,  72,  73,  74,  75,  76,  77,  78,  79,  80,
     81,  82,  83,  84,  85,  86,  87,  88,  89,  90,  91,  92,  93,  94,  95,  96,
     97,  98,  99, 100, 101, 102, 103, 104, 105, 106, 107, 108, 109, 110, 111, 112,
    113, 114, 115, 116, 117, 118, 119, 120, 121, 122, 123, 124, 125, 126, 127, 128,
    129,
};

static const uint16_t edslab_16_boldKernRightCodepoints[] = {
    0x0022, 0x002D, 0x0030, 0x0031, 0x0032, 0x0033, 0x0034, 0x0035, 0x0036, 0x0037, 0x0038, 0x0039,
    0x0041, 0x0042, 0x0043, 0x0044, 0x0045, 0x0046, 0x0047, 0x0048, 0x0049, 0x004A, 0x004B, 0x004C,
    0x004D, 0x004E, 0x004F, 0x0050, 0x0051, 0x0052, 0x0053, 0x0054, 0x0055, 0x0056, 0x0057, 0x0059,
    0x005A, 0x0061, 0x0062, 0x0063, 0x0064, 0x0065, 0x0066, 0x0067, 0x0068, 0x0069, 0x006A, 0x006B,
    0x006C, 0x006D, 0x006E, 0x006F, 0x0070, 0x0071, 0x0072, 0x0073, 0x0074, 0x0075, 0x0076, 0x0077,
    0x0079, 0x007A, 0x0401, 0x0410, 0x0411, 0x0412, 0x0413, 0x0414, 0x0415, 0x0416, 0x0417, 0x0418,
    0x0419, 0x041A, 0x041B, 0x041C, 0x041D, 0x041E, 0x041F, 0x0420, 0x0421, 0x0422, 0x0423, 0x0424,
    0x0425, 0x0426, 0x0427, 0x0428, 0x0429, 0x042A, 0x042B, 0x042C, 0x042D, 0x042E, 0x042F, 0x0430,
    0x0431, 0x0432, 0x0433, 0x0434, 0x0435, 0x0436, 0x0437, 0x0438, 0x0439, 0x043A, 0x043B, 0x043C,
    0x043D, 0x043E, 0x043F, 0x0440, 0x0441, 0x0442, 0x0443, 0x0444, 0x0445, 0x0446, 0x0447, 0x0448,
    0x0449, 0x044A, 0x044B, 0x044C, 0x044D, 0x044E, 0x044F, 0x0451, 0x2025,
};

static const uint8_t edslab_16_boldKernRightClassIds[] = {
      1,   2,   3,   4,   5,   6,   7,   8,   9,  10,  11,  12,  13,  14,  15,  16,
     17,  18,  19,  20,  21,  22,  23,  24,  25,  26,  27,  28,  29,  30,  31,  32,
     33,  34,  35,  36,  37,  38,  39,  40,  41,  42,  43,  44,  45,  46,  47,  48,
     49,  50,  51,  52,  53,  54,  55,  56,  57,  58,  59,  60,  61,  62,  63,  64,
     65,  66,  67,  68,  69,  70,  71,  72,  73,  74,  75,  76,  77,  78,  79,  80,
     81,  82,  83,  84,  85,  86,  87,  88,  89,  90,  91,  92,  93,  94,  95,  96,
     97,  98,  99, 100, 101, 102, 103, 104, 105, 106, 107, 108, 109, 110, 111, 112,
    113, 114, 115, 116, 117, 118, 119, 120, 121, 122, 123, 124, 125, 126, 127, 128,
    129,
};

static const uint16_t edslab_16_boldKernRowOffsets[] = {
        0,     1,    77,   192,   204,   216,   228,   238,   248,   257,   267,   279,   290,   300,   355,   403,
      451,   501,   531,   582,   625,   659,   699,   731,   782,   827,   869,   921,   969,  1018,  1072,  1114,
     1160,  1214,  1268,  1322,  1376,  1430,  1480,  1508,  1530,  1556,  1584,  1608,  1636,  1665,  1692,  1720,
     1744,  1773,  1801,  1827,  1854,  1880,  1906,  1929,  1954,  1977,  2001,  2029,  2057,  2085,  2113,  2135,
     2153,  2220,  2267,  2314,  2380,  2427,  2446,  2506,  2557,  2598,  2634,  2684,  2718,  2752,  2787,  2840,
     2876,  2920,  2978,  3032,  3098,  3146,  3199,  3248,  3298,  3333,  3376,  3432,  3465,  3515,  3565,  3614,
     3650,  3674,  3696,  3721,  3748,  3782,  3807,  3841,  3864,  3898,  3928,  3955,  3989,  4009,  4033,  4064,
     4091,  4121,  4150,  4185,  4220,  4250,  4277,  4310,  4343,  4377,  4411,  4443,  4471,  4500,  4528,  4559,
     4593,  4621,
};

static const uint8_t edslab_16_boldKernSparseCols[] = {
     81,   2,   4,   5,   6,   7,   8,  10,  12,  14,  18,  21,  26,  28,  30,  37,
     38,  39,  40,  41,  42,  43,  44,  45,  46,  47,  48,  49,  50,  51,  52,  53,
     54,  55,  60,  61,  63,  67,  69,  70,  74,  77,  80,  83,  92,  94,  95,  96,
     97,  98,  99, 100, 101, 102, 105, 106, 107, 108, 109, 110, 111, 112, 113, 114,
    115, 116, 117, 118, 119, 120, 121, 122, 123, 124, 125, 126, 127,   3,   4,   5,
      6,   7,   8,   9,  10,  12,  13,  14,  15,  16,  17,  18,  19,  20,  21,  22,
     23,  24,  25,  26,  27,  29,  30,  31,  32,  33,  34,  35,  36,  37,  38,  39,
     42,  44,  45,  46,  47,  48,  49,  50,  51,  52,  53,  54,  55,  56,  57,  58,
     59,  60,  61,  62,  63,  64,  65,  66,  67,  68,  70,  71,  72,  73,  74,  75,
     76,  78,  79,  80,  81,  82,  83,  84,  85,  86,  87,  88,  89,  90,  91,  92,
     93,  94,  96,  97,  98,  99, 100, 101, 102, 103, 105, 106, 107, 108, 109, 110,
    111, 112, 113, 114, 116, 117, 118, 119, 120, 121, 122, 123, 124, 125, 126, 127,
      0,   1,   2,   4,   5,   6,   7,   8,   9,  10,  11, 128,   0,   1,   2,   3,
      4,   5,   6,   7,   8,   9,  10,  11,   0,   1,   2,   3,   4,   5,   6,   7,
      8,   9,  10,  11,   1,   2,   3,   4,   5,   6,   7,   8,   9, 128,   0,   1,
      2,   3,   4,   5,   6,   7,   9,  10,   1,   4,   5,   6,   7,   9,  10,  11,
    128,   1,   2,   3,   4,   5,   7,   9,  10,  11, 128,   1,   2,   3,   4,   5,
      6,   7,   8,   9,  10,  11, 128,   0,   1,   2,   3,   4,   5,   7,   9,  10,
     11, 128,   1,   2,   4,   5,   6,   7,   8,   9,  10, 128,   0,   1,  12,  13,
     14,  15,  16,  17,  18,  19,  20,  21,  22,  23,  24,  25,  26,  27,  28,  29,
     30,  31,  32,  33,  34,  35,  36,  37,  38,  39,  40,  41,  42,  43,  44,  45,
     46,  47,  48,  49,  50,  51,  52,  53,  54,  55,  56,  57,  58,  59,  60,  61,
     84, 116, 128,   1,  12,  13,  14,  15,  16,  17,  19,  20,  21,  22,  23,  24,
     25,  26,  27,  28,  29,  31,  32,  33,  34,  35,  36,  37,  38,  39,  40,  41,
     42,  43,  44,  45,  46,  47,  48,  49,  50,  51,  52,  53,  54,  55,  56,  60,
     84, 116, 128,   0,   1,  12,  13,  14,  15,  16,  17,  18,  19,  22,  23,  24,
     25,  26,  27,  29,  30,  31,  32,  33,  34,  35,  36,  37,  38,  41,  42,  43,
     44,  45,  46,  47,  48,  49,  50,  51,  52,  54,  56,  57,  58,  59,  60,  61,
     84, 116, 128,   1,  12,  13,  14,  16,  17,  18,  19,  20,  21,  22,  23,  24,
     25,  26,  27,  28,  29,  30,  31,  32,  33,  34,  35,  36,  37,  38,  39,  40,
     41,  42,  43,  44,  45,  46,  47,  49,  50,  51,  52,  53,  55,  56,  57,  58,
     59,  60,  84, 116, 128,   1,  12,  14,  18,  23,  26,  28,  31,  32,  33,  34,
     35,  37,  38,  43,  45,  46,  47,  48,  50,  51,  52,  53,  55,  56,  57,  58,
     59,  60, 116,   1,  12,  13,  14,  15,  16,  17,  18,  19,  20,  21,  22,  25,
     26,  27,  28,  29,  31,  32,  33,  34,  35,  36,  37,  38,  39,  40,  41,  42,
     43,  44,  45,  46,  47,  48,  49,  50,  51,  52,  53,  54,  55,  56,  57,  58,
     59,  60,  61,  84, 116, 128,   0,   1,  12,  13,  14,  15,  16,  17,  18,  19,
     20,  21,  22,  23,  24,  25,  27,  29,  30,  31,  32,  33,  34,  35,  36,  38,
     42,  43,  44,  46,  47,  48,  49,  50,  52,  54,  55,  58,  60,  61,  84, 116,
    128,   1,  12,  14,  18,  21,  26,  28,  30,  31,  32,  33,  34,  35,  36,  37,
     38,  39,  40,  41,  49,  50,  51,  52,  53,  54,  55,  56,  57,  58,  59,  60,
     61,  84, 116,   1,  12,  14,  18,  21,  26,  28,  30,  31,  32,  33,  34,  35,
     37,  38,  39,  40,  41,  42,  43,  44,  45,  46,  47,  48,  49,  50,  51,  52,
     53,  54,  55,  56,  57,  58,  59,  60,  61,  84, 116,   0,   1,  12,  26,  28,
     30,  31,  33,  34,  35,  36,  37,  38,  40,  41,  42,  43,  44,  45,  46,  47,
     48,  49,  50,  54,  55,  57,  60,  61,  84, 116, 128,   1,  12,  14,  15,  17,
     18,  19,  20,  21,  22,  23,  24,  25,  26,  27,  28,  29,  30,  31,  32,  33,
     34,  35,  36,  37,  38,  39,  40,  41,  42,  43,  44,  45,  46,  47,  48,  49,
     50,  51,  52,  53,  54,  55,  56,  57,  58,  59,  60,  61,  84, 116,   0,   1,
     12,  13,  14,  15,  16,  18,  19,  21,  22,  24,  25,  26,  28,  29,  30,  31,
     32,  33,  34,  35,  36,  37,  38,  42,  43,  45,  46,  47,  48,  49,  50,  51,
     52,  54,  55,  56,  57,  58,  59,  60,  61,  84, 116,   1,  12,  14,  18,  21,
     26,  28,  30,  31,  32,  33,  34,  35,  36,  37,  38,  39,  40,  41,  42,  43,
     44,  45,  46,  47,  48,  49,  50,  51,  52,  53,  54,  55,  56,  57,  58,  59,
     60,  61,  84, 116, 128,   1,  12,  13,  14,  15,  16,  17,  18,  20,  21,  23,
     24,  25,  26,  27,  28,  29,  30,  31,  32,  33,  34,  35,  36,  37,  38,  39,
     40,  41,  42,  43,  44,  45,  46,  47,  48,  49,  50,  51,  52,  53,  54,  55,
     56,  57,  58,  59,  60,  61,  84, 116, 128,   0,   1,  12,  13,  14,  15,  16,
     17,  19,  20,  21,  22,  23,  24,  25,  26,  27,  28,  29,  30,  31,  32,  33,
     34,  35,  36,  37,  38,  42,  43,  44,  45,  46,  47,  48,  49,  50,  51,  52,
     54,  55,  58,  59,  60,  61,  84, 116, 128,   0,   1,  12,  13,  14,  15,  16,
     17,  18,  19,  20,  21,  22,  23,  24,  25,  26,  27,  28,  29,  30,  31,  32,
     33,  34,  35,  36,  37,  38,  39,  40,  41,  43,  44,  45,  46,  47,  48,  49,
     50,  51,  53,  55,  56,  60,  61,  84, 116, 128,   0,   1,  12,  13,  14,  15,
     16,  17,  18,  19,  20,  21,  22,  23,  24,  25,  26,  27,  28,  29,  30,  31,
     32,  33,  34,  35,  36,  37,  38,  39,  40,  41,  42,  43,  44,  45,  46,  47,
     48,  49,  50,  51,  52,  53,  54,  55,  56,  57,  58,  59,  60,  61,  84, 116,
      0,   1,  12,  13,  14,  15,  17,  18,  19,  20,  21,  22,  23,  26,  27,  28,
     29,  31,  32,  33,  34,  35,  36,  37,  46,  47,  48,  49,  50,  51,  52,  53,
     54,  55,  56,  57,  58,  59,  60,  61,  84, 116,   0,   1,  12,  13,  14,  15,
     16,  17,  19,  20,  22,  23,  24,  25,  26,  27,  29,  30,  31,  32,  33,  34,
     35,  36,  38,  40,  41,  42,  43,  44,  45,  46,  47,  48,  49,  50,  52,  54,
     56,  57,  58,  59,  60,  61,  84, 116,   1,  12,  13,  14,  15,  16,  17,  18,
     19,  20,  21,  22,  23,  24,  25,  26,  27,  28,  29,  30,  31,  32,  33,  34,
     35,  36,  37,  38,  39,  40,  41,  42,  43,  44,  45,  46,  47,  48,  49,  50,
     51,  52,  53,  54,  55,  56,  57,  58,  59,  60,  61,  84, 116, 128,   1,  12,
     13,  14,  15,  16,  17,  18,  19,  20,  21,  22,  23,  24,  25,  26,  27,  28,
     29,  30,  31,  32,  33,  34,  35,  36,  37,  38,  39,  40,  41,  42,  43,  44,
     45,  46,  47,  48,  49,  50,  51,  52,  53,  54,  55,  56,  57,  58,  59,  60,
     61,  84, 116, 128,   1,  12,  13,  14,  15,  16,  17,  18,  19,  20,  21,  22,
     23,  24,  25,  26,  27,  28,  29,  30,  31,  32,  33,  34,  35,  36,  37,  38,
     39,  40,  41,  42,  43,  44,  45,  46,  47,  48,  49,  50,  51,  52,  53,  54,
     55,  56,  57,  58,  59,  60,  61,  84, 116, 128,   1,  12,  13,  14,  15,  16,
     17,  18,  19,  20,  21,  22,  23,  24,  25,  26,  27,  28,  29,  30,  31,  32,
     33,  34,  35,  36,  37,  38,  39,  40,  41,  42,  43,  44,  45,  46,  47,  48,
     49,  50,  51,  52,  53,  54,  55,  56,  57,  58,  59,  60,  61,  84, 116, 128,
      1,  12,  13,  14,  15,  16,  17,  18,  19,  20,  21,  22,  23,  24,  25,  26,
     27,  28,  29,  30,  31,  32,  33,  34,  35,  36,  37,  38,  39,  40,  41,  42,
     43,  44,  45,  46,  47,  48,  49,  50,  51,  52,  53,  54,  55,  56,  57,  58,
     59,  60,  61,  84, 116, 128,  12,  13,  14,  15,  16,  17,  18,  19,  20,  21,
     22,  23,  24,  25,  26,  27,  28,  29,  30,  31,  32,  33,  34,  35,  36,  37,
     38,  39,  40,  42,  43,  44,  45,  46,  47,  48,  49,  50,  51,  52,  54,  55,
     56,  57,  58,  59,  60,  61,  84, 116,   0,   1,  37,  38,  39,  40,  41,  42,
     43,  44,  45,  46,  47,  48,  49,  50,  51,  52,  53,  54,  55,  56,  57,  58,
     59,  60,  61, 116,   1,  37,  38,  41,  42,  43,  44,  46,  47,  48,  49,  50,
     52,  54,  56,  57,  58,  59,  60,  61, 116, 128,   0,   1,  37,  38,  39,  40,
     42,  43,  44,  46,  47,  48,  49,  50,  51,  52,  53,  54,  55,  56,  57,  58,
     59,  60,  61, 116,   1,  37,  38,  39,  40,  41,  42,  43,  44,  45,  46,  47,
     48,  49,  50,  51,  52,  53,  54,  55,  56,  57,  58,  59,  60,  61, 116, 128,
      0,   1,  37,  38,  42,  43,  44,  45,  46,  47,  48,  49,  50,  51,  52,  54,
     55,  56,  57,  58,  59,  60,  61, 116,   0,   1,  37,  38,  39,  40,  41,  42,
     43,  44,  46,  47,  48,  49,  50,  51,  52,  53,  54,  55,  56,  57,  58,  59,
     60,  61, 116, 128,   0,   1,  37,  38,  39,  40,  41,  42,  43,  44,  45,  46,
     47,  48,  49,  50,  51,  52,  53,  54,  55,  56,  57,  58,  59,  60,  61, 116,
    128,   0,   1,  37,  38,  39,  40,  41,  42,  43,  44,  45,  46,  47,  48,  49,
     50,  51,  52,  53,  54,  56,  57,  58,  59,  60,  61, 116,   0,   1,  37,  38,
     39,  40,  41,  42,  43,  44,  45,  46,  47,  48,  49,  50,  51,  52,  53,  54,
     55,  56,  57,  58,  59,  60,  61, 116,   0,   1,  38,  39,  40,  41,  43,  44,
     46,  47,  48,  49,  50,  51,  52,  53,  54,  55,  56,  58,  59,  60,  61, 116,
      0,   1,  37,  38,  39,  40,  41,  42,  43,  44,  45,  46,  47,  48,  49,  50,
     51,  52,  53,  54,  55,  56,  57,  58,  59,  60,  61, 116, 128,   0,  37,  38,
     39,  40,  41,  42,  43,  44,  45,  46,  47,  48,  49,  50,  51,  52,  53,  54,
     55,  56,  57,  58,  59,  60,  61, 116, 128,   0,   1,  37,  38,  39,  40,  42,
     43,  44,  45,  46,  47,  48,  49,  50,  51,  52,  54,  55,  56,  57,  58,  59,
     60,  61, 116,   0,   1,  37,  38,  39,  40,  41,  42,  43,  44,  45,  46,  47,
     48,  49,  50,  51,  52,  53,  54,  56,  57,  58,  59,  60,  61, 116,   0,   1,
     38,  40,  41,  42,  43,  44,  46,  47,  48,  49,  50,  51,  52,  53,  54,  55,
     56,  57,  58,  59,  60,  61, 116, 128,   0,   1,  37,  38,  39,  40,  41,  42,
     43,  44,  46,  47,  48,  49,  50,  52,  53,  54,  56,  57,  58,  59,  60,  61,
    116, 128,   0,   1,  38,  42,  43,  44,  46,  47,  48,  49,  50,  51,  52,  53,
     54,  55,  56,  57,  58,  59,  60,  61, 116,   0,   1,  37,  38,  39,  40,  41,
     42,  43,  44,  46,  47,  48,  49,  50,  51,  52,  53,  54,  56,  59,  60,  61,
    116, 128,   0,  37,  38,  40,  42,  43,  44,  45,  46,  47,  48,  49,  50,  52,
     54,  55,  56,  57,  58,  59,  60,  61, 116,   0,  37,  38,  42,  43,  44,  45,
     46,  47,  48,  49,  50,  51,  52,  53,  54,  55,  56,  57,  58,  59,  60,  61,
    116,   0,   1,  37,  38,  39,  40,  41,  42,  43,  44,  45,  46,  47,  48,  49,
     50,  51,  52,  53,  54,  55,  56,  57,  58,  59,  60,  61, 116,   1,  37,  38,
     39,  40,  41,  42,  43,  44,  45,  46,  47,  48,  49,  50,  51,  52,  53,  54,
     55,  56,  57,  58,  59,  60,  61, 116, 128,   1,  37,  38,  39,  40,  41,  42,
     43,  44,  45,  46,  47,  48,  49,  50,  51,  52,  53,  54,  55,  56,  57,  58,
     59,  60,  61, 116, 128,   1,  37,  38,  39,  40,  41,  42,  43,  44,  45,  46,
     47,  48,  49,  50,  51,  52,  53,  54,  55,  56,  57,  58,  59,  60,  61, 116,
    128,   0,  37,  38,  39,  42,  43,  44,  46,  47,  48,  50,  51,  52,  53,  54,
     56,  57,  58,  59,  60,  61, 116,   1,  63,  67,  70,  74,  77,  80,  81,  82,
     83,  86,  89,  92,  99, 106, 114, 118, 126,   0,   1,  62,  63,  64,  65,  66,
     67,  68,  69,  70,  71,  72,  73,  74,  75,  76,  77,  78,  79,  80,  81,  82,
     83,  85,  86,  87,  88,  89,  90,  91,  92,  93,  94,  95,  96,  97,  98,  99,
    100, 101, 102, 103, 104, 105, 106, 107, 108, 109, 110, 111, 112, 113, 114, 115,
    117, 118, 119, 120, 121, 122, 123, 124, 125, 126, 127, 128,   1,  62,  63,  64,
     65,  66,  67,  68,  70,  71,  72,  73,  75,  76,  78,  79,  80,  81,  82,  83,
     85,  86,  87,  88,  89,  90,  91,  92,  93,  94,  96,  99, 100, 102, 109, 111,
    112, 113, 114, 115, 118, 121, 122, 124, 125, 126, 127,   1,  62,  63,  64,  65,
     66,  67,  68,  69,  70,  71,  72,  73,  75,  76,  77,  78,  79,  80,  81,  82,
     83,  85,  86,  87,  88,  89,  90,  91,  92,  93,  95,  96,  99, 100, 103, 104,
    109, 111, 112, 113, 114, 115, 118, 121, 124, 127,   1,  62,  63,  64,  65,  66,
     67,  68,  69,  70,  71,  72,  73,  74,  75,  76,  77,  78,  79,  80,  81,  82,
     83,  85,  86,  87,  88,  89,  90,  91,  92,  93,  94,  95,  96,  97,  98,  99,
    100, 101, 102, 103, 104, 105, 106, 107, 108, 109, 110, 111, 112, 113, 114, 115,
    117, 118, 119, 120, 121, 122, 123, 124, 125, 126, 127, 128,   1,  62,  63,  64,
     65,  66,  67,  68,  69,  70,  71,  72,  73,  74,  75,  76,  77,  78,  79,  80,
     81,  82,  83,  85,  86,  87,  88,  89,  90,  92,  93,  94,  99, 101, 102, 103,
    104, 106, 109, 111, 114, 118, 121, 122, 123, 125, 126,   1,  63,  67,  69,  70,
     74,  77,  80,  81,  82,  86,  89,  92,  94,  99, 106, 114, 118, 126,   1,  62,
     63,  64,  65,  66,  67,  68,  69,  70,  71,  72,  73,  74,  75,  76,  77,  78,
     79,  80,  81,  82,  83,  85,  86,  87,  88,  89,  90,  91,  92,  93,  94,  95,
     97,  98,  99, 101, 102, 103, 104, 105, 106, 107, 108, 110, 111, 113, 114, 117,
    118, 119, 120, 121, 122, 123, 124, 125, 126, 128,   0,  62,  63,  64,  65,  66,
     67,  68,  69,  70,  71,  72,  73,  74,  75,  76,  78,  79,  81,  82,  83,  85,
     86,  87,  88,  89,  90,  91,  93,  94,  95,  96,  99, 100, 101, 102, 105, 106,
    109, 111, 112, 114, 115, 118, 120, 122, 123, 124, 126, 127, 128,   1,  63,  67,
     69,  70,  71,  72,  74,  77,  80,  81,  82,  83,  86,  89,  92,  94,  95,  98,
     99, 100, 101, 102, 103, 104, 105, 106, 109, 110, 111, 112, 113, 114, 115, 117,
    118, 121, 124, 125, 126, 127,   1,  63,  67,  69,  70,  71,  72,  74,  77,  80,
     81,  82,  83,  86,  89,  92,  94,  95,  99, 100, 101, 106, 109, 110, 111, 112,
    113, 114, 115, 117, 118, 121, 124, 125, 126, 127,   1,  63,  67,  69,  70,  71,
     72,  74,  77,  80,  81,  82,  83,  86,  89,  92,  94,  95,  96,  97,  98,  99,
    100, 101, 102, 103, 104, 105, 106, 107, 108, 109, 110, 111, 112, 113, 114, 115,
    117, 118, 119, 120, 121, 122, 123, 124, 125, 126, 127, 128,   1,  63,  67,  69,
     70,  71,  72,  74,  77,  80,  81,  82,  83,  86,  89,  92,  94,  95,  99, 101,
    102, 103, 104, 106, 109, 111, 112, 113, 114, 115, 118, 121, 124, 126,   1,  63,
     67,  69,  70,  71,  72,  74,  77,  80,  81,  82,  83,  86,  89,  92,  94,  95,
     99, 101, 102, 103, 104, 106, 109, 111, 112, 113, 114, 115, 118, 121, 124, 126,
      1,  63,  67,  69,  70,  71,  72,  74,  77,  80,  81,  82,  83,  86,  89,  92,
     94,  95,  99, 100, 101, 102, 103, 104, 106, 109, 111, 112, 113, 114, 115, 118,
    121, 124, 126,   0,  62,  63,  64,  65,  66,  67,  68,  69,  70,  71,  72,  73,
     74,  75,  76,  77,  78,  79,  80,  81,  82,  83,  85,  86,  87,  88,  89,  90,
     91,  93,  94,  95,  96,  97,  98,  99, 100, 102, 103, 104, 105, 106, 108, 109,
    112, 118, 121, 122, 124, 126, 127, 128,   1,  63,  67,  69,  70,  71,  72,  74,
     77,  80,  81,  82,  83,  86,  89,  92,  94,  99, 100, 101, 102, 103, 104, 106,
    109, 111, 112, 113, 114, 115, 117, 118, 121, 124, 126, 127,   1,  63,  67,  68,
     69,  70,  71,  72,  74,  80,  82,  83,  85,  86,  89,  91,  92,  94,  95,  96,
     99, 100, 101, 102, 105, 106, 107, 108, 109, 110, 111, 112, 115, 117, 118, 119,
    120, 122, 123, 124, 125, 126, 127, 128,   0,  62,  63,  64,  65,  66,  67,  68,
     69,  70,  71,  72,  73,  74,  75,  76,  77,  78,  79,  80,  81,  82,  83,  85,
     86,  87,  88,  89,  90,  91,  92,  93,  94,  95,  96,  97,  98,  99, 101, 102,
    103, 104, 105, 106, 107, 108, 110, 111, 112, 114, 115, 117, 118, 121, 123, 124,
    125, 126,   1,  63,  65,  67,  68,  69,  70,  71,  72,  74,  77,  79,  80,  81,
     82,  83,  86,  89,  90,  92,  94,  95,  96,  97,  98,  99, 100, 101, 102, 103,
    104, 105, 106, 107, 108, 109, 110, 111, 112, 113, 114, 115, 117, 118, 119, 120,
    121, 122, 123, 124, 125, 126, 127, 128,   1,  62,  63,  64,  65,  66,  67,  68,
     69,  70,  71,  72,  73,  74,  75,  76,  77,  78,  79,  80,  81,  82,  83,  85,
     86,  87,  88,  89,  90,  91,  92,  93,  94,  95,  96,  97,  98,  99, 100, 101,
    102, 103, 104, 105, 106, 107, 108, 109, 110, 111, 112, 113, 114, 115, 117, 118,
    119, 120, 121, 122, 123, 124, 125, 126, 127, 128,   1,  62,  63,  64,  65,  66,
     67,  68,  69,  70,  71,  72,  73,  74,  75,  76,  77,  78,  79,  80,  81,  82,
     83,  85,  86,  87,  89,  90,  91,  92,  93,  94,  96,  99, 100, 102, 103, 104,
    106, 109, 112, 113, 115, 118, 121, 125, 126, 127,   1,  12,  13,  14,  15,  16,
     17,  18,  19,  20,  21,  22,  23,  24,  25,  26,  27,  28,  29,  30,  31,  32,
     33,  34,  35,  36,  37,  38,  39,  40,  41,  42,  43,  44,  45,  46,  47,  48,
     49,  50,  51,  52,  53,  54,  55,  56,  57,  58,  59,  60,  61,  84, 116,   1,
     63,  67,  69,  70,  71,  72,  74,  77,  80,  81,  82,  83,  86,  89,  92,  93,
     94,  95,  97,  98,  99, 100, 101, 102, 103, 104, 105, 106, 107, 108, 109, 110,
    111, 112, 113, 114, 115, 117, 118, 119, 120, 121, 122, 123, 124, 125, 126, 127,
      1,  63,  67,  69,  70,  71,  72,  74,  77,  80,  81,  82,  83,  86,  89,  90,
     92,  93,  94,  95,  97,  98,  99, 100, 101, 102, 103, 104, 105, 106, 107, 108,
    109, 110, 111, 112, 113, 114, 115, 117, 118, 119, 120, 121, 122, 123, 124, 125,
    126, 127,   1,  63,  67,  69,  70,  71,  72,  74,  77,  81,  82,  83,  85,  86,
     89,  92,  94,  99, 101, 102, 103, 104, 106, 109, 111, 112, 113, 114, 115, 117,
    118, 123, 124, 125, 126,   1,  63,  67,  69,  70,  71,  72,  74,  77,  80,  81,
     82,  83,  86,  89,  92,  94,  97,  98,  99, 101, 102, 103, 104, 105, 106, 107,
    108, 109, 110, 111, 112, 113, 114, 115, 117, 118, 121, 122, 123, 124, 125, 126,
      0,   1,  62,  63,  64,  65,  66,  67,  68,  71,  72,  73,  75,  76,  77,  78,
     79,  80,  81,  82,  83,  85,  86,  87,  88,  89,  90,  91,  92,  93,  95,  96,
     97,  99, 100, 101, 103, 104, 105, 106, 109, 110, 111, 112, 113, 114, 115, 117,
    118, 121, 122, 123, 124, 126, 127, 128,   1,  63,  67,  71,  72,  74,  77,  80,
     81,  82,  83,  86,  89,  92,  94,  95,  99, 100, 101, 102, 103, 104, 105, 106,
    109, 111, 113, 114, 115, 118, 121, 123, 127,   0,   1,  62,  63,  64,  65,  66,
     67,  68,  70,  71,  72,  73,  75,  76,  77,  78,  79,  80,  81,  82,  83,  85,
     86,  87,  88,  89,  90,  91,  92,  93,  95,  96,  99, 100, 106, 109, 111, 112,
    113, 114, 115, 117, 118, 122, 123, 124, 125, 127, 128,   0,   1,  62,  63,  64,
     65,  66,  67,  68,  69,  70,  71,  72,  73,  74,  75,  76,  77,  78,  79,  80,
     81,  82,  83,  85,  86,  87,  88,  89,  90,  91,  92,  93,  94,  95,  96,  99,
    100, 101, 102, 106, 109, 112, 113, 121, 123, 124, 126, 127, 128,   0,   1,  62,
     63,  64,  65,  66,  67,  68,  69,  70,  71,  72,  73,  74,  75,  76,  77,  78,
     79,  80,  81,  82,  83,  85,  86,  87,  88,  89,  90,  91,  92,  93,  94,  96,
     98,  99, 100, 102, 106, 107, 108, 109, 112, 113, 122, 126, 127, 128,   1,  63,
     67,  69,  70,  71,  72,  74,  77,  80,  81,  82,  83,  86,  89,  92,  94,  95,
     99, 100, 101, 102, 103, 104, 106, 109, 111, 112, 113, 114, 115, 118, 121, 124,
    126, 127,   0,   1,  95,  99, 100, 101, 102, 103, 104, 105, 106, 107, 109, 111,
    112, 113, 114, 115, 118, 119, 121, 124, 126, 127,   0,   1,  96,  99, 100, 101,
    102, 105, 106, 109, 111, 112, 114, 115, 118, 121, 122, 123, 124, 126, 127, 128,
      0,  95,  96,  97,  98,  99, 100, 101, 102, 105, 106, 107, 108, 109, 111, 112,
    114, 115, 118, 121, 123, 124, 125, 126, 127,   0,  95,  97,  98,  99, 100, 101,
    102, 105, 106, 107, 108, 110, 111, 113, 114, 115, 117, 118, 119, 121, 122, 123,
    124, 125, 126, 128,   0,   1,  95,  96,  97,  98,  99, 100, 101, 102, 103, 104,
    105, 106, 107, 108, 109, 110, 111, 112, 113, 114, 115, 117, 118, 119, 120, 121,
    122, 123, 124, 125, 126, 127,   0,   1,  95,  96,  97,  98,  99, 100, 101, 105,
    106, 107, 108, 109, 110, 111, 112, 114, 115, 118, 123, 124, 125, 126, 127,   0,
      1,  95,  96,  97,  98,  99, 100, 101, 102, 103, 104, 105, 106, 107, 108, 109,
    110, 111, 112, 113, 114, 115, 117, 118, 119, 120, 121, 122, 123, 124, 125, 126,
    127,   0,   1,  96,  98,  99, 100, 101, 102, 103, 104, 105, 106, 107, 109, 111,
    112, 114, 115, 118, 123, 125, 127, 128,   0,   1,  95,  97,  98,  99, 100, 101,
    102, 103, 104, 105, 106, 107, 108, 109, 110, 111, 112, 113, 114, 115, 117, 118,
    119, 120, 121, 122, 123, 124, 125, 126, 127, 128,   0,   1,  95,  96,  97,  98,
     99, 100, 101, 102, 103, 104, 105, 106, 109, 110, 111, 112, 113, 114, 115, 117,
    118, 121, 123, 124, 125, 126, 127, 128,   0,   1,  95,  96,  97,  98,  99, 100,
    101, 102, 103, 104, 105, 106, 107, 109, 111, 112, 113, 114, 115, 118, 120, 122,
    124, 127, 128,   0,   1,  95,  96,  97,  98,  99, 100, 101, 102, 103, 104, 105,
    106, 107, 108, 109, 110, 111, 112, 113, 114, 115, 117, 118, 119, 120, 121, 122,
    123, 124, 125, 126, 127,   0,   1,  95,  96,  99, 100, 101, 102, 103, 104, 106,
    109, 111, 112, 114, 115, 118, 121, 124, 126,   0,   1,  95,  99, 100, 101, 102,
    103, 104, 105, 106, 108, 109, 111, 112, 113, 114, 115, 118, 121, 122, 124, 126,
    127,   0,  96,  97,  98,  99, 100, 101, 102, 103, 104, 105, 106, 107, 108, 109,
    110, 111, 112, 113, 114, 117, 118, 119, 120, 122, 123, 124, 125, 126, 127, 128,
      0,   1,  96,  99, 100, 101, 102, 103, 104, 105, 106, 108, 109, 110, 111, 112,
    113, 114, 115, 117, 118, 121, 122, 123, 124, 126, 127,   0,  95,  96,  97,  98,
     99, 101, 102, 103, 104, 105, 106, 107, 108, 109, 110, 111, 113, 114, 115, 117,
    118, 119, 120, 122, 123, 125, 126, 127, 128,   0,   1,  95,  96,  97,  98,  99,
    100, 101, 102, 103, 104, 105, 106, 107, 109, 111, 112, 113, 114, 115, 117, 118,
    121, 122, 123, 125, 126, 127,   0,   1,  95,  96,  97,  98,  99, 100, 101, 102,
    103, 104, 105, 106, 107, 108, 109, 110, 111, 112, 113, 114, 115, 117, 118, 119,
    120, 121, 122, 123, 124, 125, 126, 127, 128,   0,   1,  95,  96,  97,  98,  99,
    100, 101, 102, 103, 104, 105, 106, 107, 108, 109, 110, 111, 112, 113, 114, 115,
    117, 118, 119, 120, 121, 122, 123, 124, 125, 126, 127, 128,   0,  96,  97,  98,
     99, 100, 101, 102, 103, 104, 105, 106, 107, 108, 109, 110, 111, 112, 113, 114,
    117, 118, 119, 120, 122, 123, 125, 126, 127, 128,   1,  37,  38,  39,  40,  41,
     42,  43,  44,  45,  46,  47,  48,  49,  50,  51,  52,  53,  54,  55,  56,  57,
     58,  59,  60,  61, 116,   0,   1,  95,  97,  98,  99, 100, 101, 102, 103, 104,
    105, 106, 107, 108, 109, 110, 111, 112, 113, 114, 115, 117, 118, 119, 120, 121,
    122, 123, 124, 125, 126, 127,   0,   1,  95,  97,  98,  99, 100, 101, 102, 103,
    104, 105, 106, 107, 108, 109, 110, 111, 112, 113, 114, 115, 117, 118, 119, 120,
    121, 122, 123, 124, 125, 126, 127,   0,   1,  95,  96,  97,  98,  99, 100, 101,
    102, 103, 104, 105, 106, 107, 108, 109, 110, 111, 112, 113, 114, 115, 117, 118,
    119, 120, 121, 122, 123, 124, 125, 126, 127,   0,   1,  95,  96,  97,  98,  99,
    100, 101, 102, 103, 104, 105, 106, 107, 108, 109, 110, 111, 112, 113, 114, 115,
    117, 118, 119, 120, 121, 122, 123, 124, 125, 126, 127,   0,  96,  97,  98,  99,
    100, 101, 102, 103, 104, 105, 106, 107, 108, 109, 110, 111, 112, 113, 114, 115,
    117, 118, 119, 120, 121, 122, 123, 125, 126, 127, 128,   0,   1,  96,  99, 100,
    101, 102, 103, 104, 105, 106, 107, 108, 109, 111, 112, 113, 114, 115, 117, 118,
    120, 122, 123, 124, 125, 126, 127,   0,  95,  96,  97,  98,  99, 100, 101, 102,
    103, 104, 105, 106, 107, 108, 109, 110, 111, 112, 113, 114, 115, 118, 119, 121,
    122, 125, 127, 128,   0,  96,  97,  98,  99, 100, 101, 103, 104, 105, 106, 107,
    108, 109, 110, 111, 112, 114, 115, 117, 118, 119, 120, 122, 123, 125, 127, 128,
      0,   1,  96,  97,  98,  99, 100, 101, 102, 103, 104, 105, 106, 107, 108, 109,
    110, 111, 112, 114, 117, 118, 119, 120, 121, 122, 123, 125, 126, 127, 128,   0,
      1,  95,  96,  97,  98,  99, 100, 101, 102, 103, 104, 105, 106, 107, 108, 109,
    110, 111, 112, 113, 114, 115, 117, 118, 119, 120, 121, 122, 123, 124, 125, 126,
    127,   0,   1,  95,  96,  97,  98,  99, 100, 101, 102, 105, 106, 107, 108, 109,
    111, 112, 113, 114, 115, 118, 119, 122, 123, 124, 125, 126, 127,
};

static const int8_t edslab_16_boldKernSparseValues[] = {
     -11,  -11,  -11,  -11,  -37,  -21,  -11,  -21,  -43,  -21,  -11,   -5,  -32,  -16,  -11,  -16,
      11,  -21,  -21,  -21,   -5,  -21,    5,    5,    5,    5,    5,  -11,  -11,  -21,   -5,  -11,
     -16,   -5,  -11,   -5,  -59,  -37,   -5,  -16,  -48,  -16,  -11,   -5,  -11,  -21,  -37,  -27,
     -16,  -21,  -32,  -21,  -21,  -21,  -21,  -32,  -16,  -16,  -16,  -16,  -16,  -21,  -16,  -11,
     -21,  -16,  -11,  -11,  -11,  -11,   -5,  -11,  -11,  -16,  -16,  -16,  -21,  -21,   -5,  -16,
       5,  -11,    5,  -21,  -11,  -16,  -11,    5,  -16,  -21,  -21,    5,  -21,   -5,   11,  -16,
     -11,  -11,  -16,   -5,  -16,  -21,    5,  -32,  -27,  -59,  -43,  -53,   -5,    5,  -11,    5,
      -5,  -11,    5,  -11,  -16,  -11,  -11,  -11,    5,   -5,    5,  -16,    5,    5,    5,    5,
       5,  -11,   -5,  -16,  -21,  -16,  -16,  -11,  -16,  -16,   -5,  -16,  -16,  -16,   -5,  -11,
     -16,  -11,  -11,    5,  -11,  -16,    5,  -27,  -11,  -32,  -11,  -11,  -16,  -16,  -16,   -5,
     -11,    5,    5,   -5,   -5,  -16,    5,   -5,   -5,   -5,  -11,  -16,   -5,   -5,   11,   -5,
      -5,   11,    5,   -5,  -21,  -11,  -11,  -16,  -16,   11,  -11,  -11,   -5,  -11,  -11,    5,
      -5,    5,   11,  -11,  -16,   11,  -16,    5,  -11,   -5,   11,  -21,  -21,  -21,  -11,   -5,
      -5,  -16,  -16,  -27,  -11,  -16,  -16,  -11,  -11,  -11,   -5,   -5,  -11,  -16,  -11,  -21,
      -5,  -11,  -16,   -5,    5,   -5,   -5,  -11,  -16,    5,  -16,    5,  -21,  -11,  -16,   -5,
      -5,   -5,   -5,  -21,   -5,  -16,  -27,  -11,   -5,   -5,  -11,    5,  -11,  -11,  -11,   -5,
     -16,   -5,   -5,   -5,  -21,  -37,  -27,  -27,  -16,   -5,  -16,  -37,  -27,   -5,  -37,  -27,
     -37,  -43,  -27,  -11,  -32,  -16,  -43,  -21,   -5,   -5,   -5,  -11,  -21,  -21,  -11,  -11,
     -11,  -11,    5,    5,  -11,  -16,    5,  -16,    5,  -11,  -11,  -11,  -59,  -11,  -21,   -5,
     -37,   -5,  -11,  -11,  -48,  -11,  -11,  -11,  -16,  -11,  -11,  -21,  -53,  -11,  -37,  -16,
     -21,  -75,  -75, -117, -117, -107,   -5,  -11,  -48,  -21,  -21,  -27,  -21,  -16,  -27,  -27,
     -27,  -32,  -53,  -27,  -27,  -37,  -27,  -21,  -27,  -16,  -32,  -32,  -64,  -59,  -48,  -16,
     -16,  -27,  -11,   11,  -21,   -5,    5,  -11,  -11,  -11,  -11,   -5,   11,  -11,  -11,   -5,
      -5,   -5,   -5,    5,   -5,  -16,  -27,  -32,  -27,  -37,   -5,   -5,  -16,    5,    5,    5,
      -5,   -5,  -11,    5,   -5,  -11,   -5,   -5,  -11,    5,   -5,    5,  -11,    5,    5,  -16,
      -5,  -11,  -11,   -5,   -5,  -32,  -11,   -5,  -11,  -11,   -5,   -5,  -21,  -16,  -11,  -11,
     -16,  -16,  -27,  -16,  -11,  -27,  -27,  -32,  -32,  -27,  -11,  -11,  -16,   -5,  -11,  -16,
     -27,   -5,  -11,  -16,  -21,  -21,  -16,   -5,  -21,  -21,  -11,  -16,  -16,  -21,  -32,  -16,
     -21,  -21,  -16,   16,  -37,   -5,    5,   -5,   -5,   16,  -11,   -5,    5,   -5,   -5,   -5,
      -5,   11,   -5,   11,  -11,    5,  -11,  -16,  -32,  -32,  -37,   -5,    5,   -5,   11,   11,
       5,   11,   -5,   -5,   27,   11,  -16,    5,    5,    5,   11,    5,   11,   16,   16,   16,
      16,    5,  -27,   -5,  -16,   -5,  -21,   -5,   -5,    5,   -5,   -5,  -16,  -21,  -21,  -16,
     -21,  -11,   -5,   -5,    5,   -5,   -5,   -5,   -5,    5,  -11,    5,    5,   -5,   -5,  -11,
      -5,  -21,   -5,  -11,  -80,   -5,  -16,  -11,   -5,   -5,  -11,  -11,   -5,  -21,   -5,   -5,
     -27,   -5,  -16,   -5,  -16,  -16,  -21,  -27,  -21,  -16,  -43,  -11,  -27,  -27,  -32,  -16,
     -48,  -16,   -5,  -11,  -16,  -11,  -32,  -32,  -37,  -21,  -32,  -32,  -21,  -21,  -11,  -16,
     -21,  -21,  -27,  -27,  -37,  -32,   -5,    5,  -37,  -21,   -5,  -11,  -16,  -11,    5,  -16,
      -5,   -5,  -11,   -5,  -11,  -11,  -16,  -16,   -5,  -32,  -32,  -43,  -37,  -43,  -21,  -27,
     -11,  -16,  -21,  -16,  -27,  -27,  -16,  -16,  -11,  -16,    5,   -5,  -16,  -16,  -21,  -16,
      -5,  -11,  -16,  -27,  -16,  -11,  -27,  -21,  -11,  -11,  -21,  -21,  -16,  -21,   -5,  -21,
     -32,  -21,  -21,  -21,  -21,  -21,  -27,  -21,  -21,  -21,  -16,  -16,  -21,  -32,  -27,  -27,
     -11,  -16,  -16,  -11,  -16,  -16,  -11,  -16,  -16,  -11,  -11,  -11,  -21,  -21,  -27,  -21,
     -16,  -21,  -21,  -21,  -16,  -21,  -11,  -11,  -21,  -27,  -11,  -21,  -16,  -16,  -21,  -21,
     -21,  -16,  -11,  -21,  -16,  -16,  -21,  -32,  -21,  -16,  -11,    5,    5,  -37,    5,    5,
       5,  -11,  -21,  -21,  -27,   -5,  -11,  -32,    5,    5,   -5,  -21,  -16,   16,   -5,  -27,
     -21,   -5,   -5,   -5,    5,    5,  -11,  -16,   -5,  -21,   -5,  -11,  -21,  -21,   -5,   -5,
     -21,   -5,   -5,   -5,   -5,   -5,   -5,   -5,  -32,   -5,  -21,    5,   -5,  -27,  -32,  -27,
     -32,  -32,   -5,   -5,  -21,   -5,   -5,   -5,  -16,  -11,   -5,  -16,  -27,  -16,  -27,  -16,
     -16,  -16,  -21,   -5,  -16,   -5,  -27,  -21,  -43,  -32,  -43,  -11,  -16,  -11,  -21,   -5,
     -21,  -11,  -21,   -5,   -5,  -11,   -5,   -5,   -5,   -5,   -5,  -16,  -16,   -5,   -5,  -85,
     -48,  -69,  -69,  -80,  -11,   -5,  -32,  -11,   -5,  -16,  -27,  -16,  -32,  -16,  -16,  -11,
     -21,  -11,   -5,  -16,  -21,  -37,  -32,  -37,  -16,  -21,  -11,  -11,  -16,  -16,  -16,  -11,
     -21,  -16,   -5,  -21,  -16,  -21,  -21,  -21,  -11,  -21,  -27,  -21,  -16,  -16,  -16,  -11,
     -11,  -16,  -16,  -16,  -11,  -16,  -11,  -16,  -16,   -5,  -16,  -11,  -16,  -16,  -16,  -16,
     -21,  -16,  -16,  -11,   -5,  -11,  -53,  -21,  -27,  -11,  -16,   -5,  -27,   -5,  -27,   -5,
      -5,  -16,  -37,   -5,  -21,   -5,  -11,  -21,  -21,  -21,  -16,  -16,   -5,  -37,  -37,  -27,
     -27,  -27,  -21,  -37,  -21,  -21,  -27,  -32,  -32,  -32,  -27,  -27,  -32,  -27,  -37,  -21,
     -21,  -21,  -21,  -21,  -27,  -21,  -21,  -37,  -21,  -16,    5,  -59,  -11,    5,  -16,  -16,
     -21,  -21,  -11,   -5,  -21,  -11,  -16,  -21,   -5,  -16,    5,  -27,   -5,  -27,  -32,  -48,
     -48,  -48,  -27,  -16,  -27,   -5,  -11,  -21,    5,   -5,  -21,  -16,  -11,  -11,   -5,  -11,
     -11,   -5,   -5,   -5,   -5,  -27,  -37,  -16,  -21,    5,  -16,  -91,   -5,    5,   -5,   -5,
      -5,    5,   -5,   -5,  -11,  -16,  -11,  -11,  -11,   -5,  -16,    5,   -5,    5,  -16,  -21,
     -21,  -27,  -16,  -11,  -43,  -27,  -27,  -16,  -32,  -43,  -21,    5,   -5,  -27,  -11,   -5,
     -11,  -21,  -16,   -5,   11,   -5,  -16,  -27,  -11,  -43,  -43,  -21,  -37,  -32,  -43,  -43,
     -43,  -37,  -27,  -32,  -27,  -32,  -48,  -37,  -37,  -43,  -37,  -53,  -37,  -43,  -37,  -75,
     -69,  -91,  -91, -101,  -43,  -53,  -64,  -37,  -37,  -32,  -16,  -11,  -59,  -37,  -16,  -59,
     -69,  -53,  -43,  -37,  -32,  -37,  -48,  -21,  -37,  -32,  -37,  -37,  -37,  -43,  -59,  -43,
     -11,  -11,  -11,   -5,  -16,   -5,   -5,  -11,   -5,   -5,   -5,   -5,   -5,  -21,   -5,  -11,
      -5,  -27,  -27,  -43,  -43,  -43,   -5,   -5,  -21,  -16,  -32,  -16,  -11,  -11,  -16,  -11,
      -5,   -5,  -16,  -21,  -21,  -27,  -32,  -16,  -11,  -21,  -11,    5,  -32,  -11,   -5,  -11,
      -5,  -11,  -11,   -5,  -11,  -16,   -5,  -11,  -11,   -5,  -16,   -5,  -27,  -32,  -43,  -37,
     -43,   -5,  -32,    5,    5,  -16,  -11,  -16,  -11,  -16,  -21,  -21,  -16,  -16,  -21,  -21,
      -5,   -5,  -21,  -21,  -21,  -11,  -27,  -16,  -32,  -69,  -21,  -21,  -11,  -16,  -11,  -21,
     -11,  -11,  -37,  -11,  -16,  -11,  -11,  -27,  -11,  -16,  -11,  -11,  -21,  -27,  -27,  -32,
     -21,  -27,  -53,  -27,  -43,  -48,  -43,  -32,  -48,  -16,  -16,  -27,  -27,  -27,  -48,  -48,
     -37,  -32,  -43,  -59,  -43,  -27,  -37,  -37,  -37,  -48,  -53,  -21,  -48,  -32,  -21,  -80,
     -16,  -32,  -21,  -16,  -16,  -27,  -16,  -16,  -32,  -16,  -16,  -16,  -11,  -37,  -21,  -27,
     -16,  -21,  -21,  -27,  -27,  -27,  -21,  -27,  -48,  -37,  -43,  -32,  -32,  -37,  -53,  -32,
     -21,  -37,  -27,  -27,  -32,  -43,  -37,  -32,  -32,  -43,  -27,  -27,  -27,  -32,  -27,  -37,
     -37,  -32,  -48,  -27,  -32, -112,  -11,  -43,  -11,  -16,  -16,  -48,  -21,  -16,  -53,  -11,
     -21,  -16,  -21,  -43,  -11,  -53,  -16,  -21,  -32,  -21,  -27,  -27,  -21,  -21,  -69,  -32,
     -69,  -64,  -59,  -43,  -64,  -27,  -37,  -53,  -32,  -32,  -69,  -59,  -69,  -53,  -59,  -59,
     -53,  -37,  -48,  -53,  -53,  -53,  -69,  -32,  -69,  -43,  -43, -107,  -16,  -37,  -16,  -21,
     -16,  -43,  -16,  -11,  -48,  -16,  -16,  -21,  -21,  -48,  -27,  -43,  -16,  -21,  -21,  -21,
     -27,  -21,  -21,  -27,  -53,  -32,  -64,  -69,  -53,  -32,  -75,  -32,  -37,  -53,  -43,  -43,
     -53,  -53,  -59,  -43,  -53,  -53,  -48,  -37,  -43,  -53,  -43,  -59,  -64,  -27,  -59,  -48,
     -37,  -85,  -21,  -43,  -16,  -16,  -16,  -37,  -11,  -11,  -48,  -11,  -16,  -21,  -16,  -59,
     -21,  -48,  -21,  -32,  -21,  -27,  -27,  -27,  -27,  -32,  -75,  -37,  -64,  -64,  -64,  -59,
     -75,  -37,  -43,  -59,  -43,  -43,  -59,  -69,  -69,  -53,  -59,  -64,  -64,  -48,  -48,  -59,
     -59,  -59,  -69,  -27,  -75,  -53,  -32,   -5,  -32,  -11,   -5,   -5,  -21,   -5,   -5,  -11,
     -11,   -5,  -11,  -11,  -27,  -11,  -27,   -5,  -11,  -27,  -27,  -21,  -21,  -27,  -11,   -5,
     -32,  -11,   -5,  -16,   -5,  -21,  -21,  -37,  -27,  -27,  -16,  -16,  -11,  -32,  -21,   -5,
     -32,  -27,  -37,  -43,  -53,  -21,  -16,  -27,   -5,  -11,  -21,  -43,  -21,  -16,  -21,  -27,
     -21,  -27,  -21,  -37,  -27,  -43,  -21,  -27,  -32,  -27,  -21,  -21,  -16,  -32,  -32,  -43,
     -43,  -43,  -21,  -27,    5,  -11,  -32,    5,  -11,  -11,  -16,  -11,  -27,  -32,  -16,  -16,
     -16,  -16,   -5,   -5,  -11,  -11,  -21,  -11,  -21,   -5,   -5,    5,  -16,  -32,   -5,   -5,
      -5,  -11,  -21,  -21,  -21,  -27,  -16,  -16,   -5,  -11,   -5,  -16,   -5,  -16,  -11,  -16,
     -16,  -21,  -16,  -21,  -21,  -16,  -27,  -21,  -11,  -21,  -11,  -11,  -11,  -21,  -32,  -21,
     -27,  -16,  -16,  -21,  -27,  -11,  -16,  -11,  -21,  -27,  -32,  -27,  -37,  -21,  -21,   -5,
     -11,    5,  -21,  -37,  -21,  -11,  -16,   -5,  -16,  -21,  -21,  -16,  -11,   -5,  -16,  -16,
      -5,   -5,  -11,  -11,  -16,  -16,  -16,  -27,   27,   -5,  -27,   -5,  -21,  -21,  -21,  -37,
     -27,  -16,  -27,  -16,  -11,  -32,  -32,  -27,  -21,  -21,  -37,   -5,  -32,  -64,  -64,  -48,
     -85,  -21,  -59,  -11,  -16,   -5,  -21,  -43,  -21,  -11,  -16,  -16,   -5,  -27,   -5,   11,
     -37,  -37,  -16,  -27,  -21,   -5,  -21,  -27,  -21,  -11,  -11,  -11,  -11,  -16,  -21,  -27,
     -21,  -32,   -5,  -11,  -37,  -11,  -11,  -11,  -21,  -11,   -5,  -11,  -21,  -16,  -27,  -16,
     -16,  -11,  -16,   -5,  -16,  -21,  -21,  -27,  -27,  -37,  -11,  -21,  -16,  -21,  -11,  -32,
     -11,  -11,  -11,  -16,  -16,  -16,   -5,  -16,  -27,  -37,  -16,  -11,  -11,  -21,   -5,  -16,
      -5,  -21,  -21,  -32,  -32,  -37,  -16,  -16,    5,   11,  -32,    5,    5,    5,    5,  -11,
      11,  -21,  -27,   -5,   -5,    5,    5,    5,   -5,    5,  -11,  -11,  -11,  -11,  -11,  -16,
     -27,  -16,  -11,  -37,   -5,  -16,  -11,  -16,  -11,   -5,  -11,  -16,  -16,  -37,  -11,  -11,
     -11,  -11,   -5,  -11,  -11,  -16,  -16,  -21,  -27,  -32,  -11,  -16,   -5,   -5,  -21,  -32,
     -16,  -16,   -5,  -21,  -16,  -11,  -16,  -27,  -16,  -32,  -16,  -11,  -21,  -21,  -11,  -21,
      -5,  -21,  -21,  -32,  -32,  -21,  -11,  -16,   -5,   -5,   -5,   -5,  -37,   -5,  -11,  -21,
     -11,   -5,  -11,  -27,  -16,  -32,  -11,  -11,  -11,  -16,  -11,   -5,  -16,  -16,  -27,  -27,
     -32,   -5,  -11,  -16,  -11,  -11,  -37,   -5,  -11,   -5,  -16,   -5,  -16,  -11,  -21,  -16,
     -32,  -11,  -11,   -5,  -16,   -5,  -16,  -16,  -27,  -32,  -32,  -37,   -5,  -11,  -11,   11,
     -27,    5,    5,  -11,  -11,  -16,  -11,  -27,  -21,  -11,  -16,    5,  -11,    5,  -16,    5,
     -11,   -5,   -5,  -16,  -21,  -16,  -21,   -5,   -5,    5,  -11,  -32,    5,    5,    5,  -11,
     -16,  -16,  -11,  -27,  -27,  -11,  -11,  -11,    5,  -16,   -5,  -11,  -11,  -16,  -21,  -11,
     -21,   -5,  -11,    5,  -32,   -5,    5,  -16,   32,  -11,  -27,   -5,   -5,   -5,   21,    5,
      -5,   -5,   -5,   -5,   -5,   -5,   -5,   -5,   -5,  -11,   -5,  -27,  -37,   -5,   -5,   -5,
      -5,  -16,  -32,  -11,  -37,  -27,  -11,  -16,  -11,   -5,  -11,  -16,    5,   -5,   -5,  -11,
     -16,  -21,  -21,   -5,  -32,    5,  -11,  -11,  -11,    5,  -11,  -16,  -27,   -5,  -11,   -5,
     -11,    5,  -11,   -5,  -11,  -11,  -16,  -16,  -11,  -16,  -11,  -32,  -27,   -5,   -5,  -16,
     -27,  -16,  -27,   -5,   -5,    5,  -16,    5,  -11,    5,  -27,  -16,  -32,  -27,  -48,  -11,
     -16,  -16,  -11,  -11,  -37,  -16,  -11,  -11,  -16,   -5,  -16,  -11,  -16,  -21,  -32,  -16,
     -11,  -16,  -16,   -5,   -5,   -5,  -16,  -16,  -21,  -21,  -27,   -5,  -16,  -16,  -37,  -43,
     -21,  -21,  -32,  -32,  -37,  -32,   -5,  -21,  -43,  -32,  -21,  -27,  -27,  -11,  -27,  -21,
     -11,  -16,  -11,  -11,  -16,  -16,  -32,  -43,  -32,  -21,  -37,  -27,  -21,  -27,  -21,  -21,
     -32,  -43,  -16,  -27,  -37,  -27,  -21,  -27,  -32,  -11,  -21,  -27,  -16,  -16,   -5,  -16,
     -11,  -21,  -27,  -37,  -32,  -16,  -37,  -27,  -21,  -21,  -21,  -21,  -37,  -37,  -16,  -21,
     -37,  -37,  -27,  -27,  -32,  -16,  -21,  -32,  -11,  -11,  -16,  -16,  -16,  -21,  -27,  -32,
     -48,   -5,  -11,  -27,   -5,  -11,   -5,  -11,  -11,  -11,  -21,   -5,   -5,   -5,   -5,   -5,
      -5,   -5,  -11,  -11,  -16,  -11,  -11,   -5,  -21,  -21,  -11,   -5,   -5,   -5,   -5,  -11,
      -5,   -5,   -5,   -5,  -11,  -11,   -5,  -11,   -5,  -37,  -27,   -5,  -27,  -16,  -27,   -5,
     -27,  -21,  -11,  -27,  -37,  -37,  -27,   -5,  -21,   -5,  -32,  -21,  -21,  -27,  -75,  -59,
     -32,  -21,  -85,  -16,  -16,  -32,  -16,  -16,  -16,  -16,  -11,   -5,  -11,  -16,  -16,  -32,
     -16,  -27,  -21,  -32,  -32,  -16,  -16,  -16,  -16,  -16,  -16,  -32,  -16,  -43,  -48,  -27,
     -16,  -64,  -16,  -16,  -32,  -16,  -16,  -16,  -16,  -11,  -16,   -5,    5,   -5,  -16,   -5,
      -5,   -5,  -11,   -5,   -5,  -21,  -11,  -11,   -5,   -5,   -5,  -16,    5,  -16,  -32,   11,
     -11,  -21,   -5,  -11,  -11,   -5,  -16,    5,   -5,    5,   16,  -27,   16,    5,   16,   -5,
      16,   11,  -11,   11,   -5,    5,  -16,    5,   -5,   -5,   16,    5,   -5,  -16,   -5,   -5,
      -5,   -5,   -5,    5,   -5,  -16,  -16,   -5,   -5,   -5,   16,   -5,   -5,    5,   -5,  -16,
       5,  -11,  -21,   -5,   -5,  -11,   -5,   -5,    5,  -11,    5,   16,  -16,   16,    5,    5,
      16,   -5,   16,   11,   -5,   11,   -5,    5,   11,   16,  -16,   -5,  -85,   -5,   -5,   -5,
     -27,   -5,   -5,  -21,   -5,   -5,   -5,  -48,   -5,   -5,  -11,   -5,  -11,   -5,   -5,   -5,
      -5,   -5,   -5,   -5,   -5,   -5,   -5,   -5,  -21,   -5,  -21,  -43,  -32,  -21,  -32,  -64,
     -32,  -43,  -48,  -21,  -21,  -27,  -59,  -32,  -37,  -43,  -43,  -32,  -32,  -16,  -21,  -43,
     -32,  -32,  -32,  -32,  -16,  -27,  -27,  -32,  -32,  -48,  -32,  -21,  -11,   -5,  -27,   -5,
      -5,   -5,  -27,   -5,   -5,  -16,   -5,   -5,   -5,   -5,   -5,   -5,  -16,   -5,   -5,  -16,
      -5,  -21,  -11,   -5,  -11,   -5,   -5,   -5,   -5,  -16,   -5,  -11,  -11,  -11,  -11,  -11,
     -11,  -11,  -11,  -11,  -21,  -27,  -16,  -11,  -11,  -11,   -5,   -5,  -21,  -16,   -5,  -11,
      -5,  -11,   -5,   -5,  -16,  -11,   -5,   -5,   -5,  -11,  -11,   -5,   -5,   -5,   -5,   -5,
     -16,   -5,   -5,   -5,  -16,   -5,  -16,  -21,   -5,   -5,   -5,  -11,   -5,   -5,  -21,   -5,
      -5,  -21,   -5,  -21,  -21,   -5,  -21,   -5,   -5,  -16,   -5,   -5,  -16,   -5,   -5,   -5,
     -16,  -11,  -16,  -16,  -16,  -11,  -11,  -16,  -16,  -16,  -16,  -16,  -21,  -21,  -43,  -16,
     -48,  -16,  -16,  -16,  -16,  -16,  -16,  -16,  -16,   -5,  -16,   -5,  -32,   -5,   -5,   -5,
     -27,   -5,   -5,   -5,   -5,   -5,   -5,   -5,   -5,  -11,   -5,   -5,   -5,  -32,    5,   -5,
     -32,   -5,   -5,   -5,   -5,   -5,   -5,   -5,  -11,    5,  -11,   11,  -11,   -5,   -5,  -11,
      11,  -11,   11,   -5,    5,   -5,   -5,   -5,   -5,    5,   -5,   11,  -11,  -11,  -21,  -27,
      -5,   -5,   -5,   -5,  -11,  -16,   -5,  -11,  -21,  -11,  -21,  -11,  -11,   -5,  -16,  -16,
     -21,  -11,  -21,  -11,  -11,  -11,  -11,  -11,  -11,  -11,  -21,  -11,  -21,  -27,  -21,  -16,
     -43,  -27,  -11,  -11,  -11,  -11,  -11,  -21,  -21,  -16,   -5,   -5,   -5,  -11,   -5,  -11,
      -5,  -16,   -5,  -21,  -11,   -5,  -16,  -16,  -21,  -11,  -21,  -11,  -11,  -11,  -21,  -11,
     -21,  -27,  -21,  -16,  -43,  -27,  -11,  -11,  -11,  -11,    5,  -11,  -11,   -5,  -11,  -16,
     -16,   -5,   -5,  -16,   -5,  -21,  -16,  -16,   -5,  -11,  -11,   -5,    5,   -5,   -5,  -16,
       5,  -11,  -11,  -11,  -11,   -5,  -11,   -5,   -5,    5,   -5,  -16,    5,  -11,  -43,    5,
      -5,  -43,   -5,   -5,  -16,   -5,   -5,  -11,   -5,  -11,    5,   -5,  -11,  -16,  -21,  -11,
     -16,  -11,  -11,  -11,  -16,  -16,  -11,  -21,  -16,  -16,   -5,  -11,  -16,  -16,  -16,  -16,
     -16,  -11,  -11,  -11,   -5,  -16,   -5,  -16,  -27,   -5,  -37,  -27,   -5,  -11,  -11,  -27,
     -21,  -11,  -16,  -11,   -5,  -11,  -16,  -16,   -5,  -21,  -11,  -16,  -11,  -16,  -11,  -11,
     -16,  -16,  -11,  -16,  -16,  -11,   -5,  -16,   -5,  -16,  -32,   -5,  -37,  -21,   -5,  -11,
     -11,  -16,  -16,  -11,  -11,  -16,  -11,  -11,  -16,  -11,  -11,  -16,  -11,  -11,  -11,  -11,
     -11,  -11,  -11,  -11,  -11,  -11,  -11,  -11,  -11,   -5,  -21,   -5,  -11,  -21,  -16,  -37,
     -21,  -11,  -11,  -11,   -5,  -43,  -11,  -11,  -11,  -37,  -16,  -16,   -5,  -11,  -11,   -5,
     -11,   -5,  -11,   11,   -5,  -16,   11,  -16,  -32,   16,  -11,  -27,   -5,   -5,  -11,   -5,
      -5,  -11,   -5,   -5,   21,    5,    5,  -27,    5,    5,   11,   11,    5,  -21,   -5,   11,
      11,   -5,    5,   -5,    5,  -16,    5,  -11,  -11,  -21,  -16,   -5,  -11,  -11,  -11,   -5,
     -11,  -11,   -5,  -21,  -11,  -16,  -11,  -11,  -11,  -16,  -11,  -11,  -11,  -11,  -11,  -11,
      -5,  -21,   -5,  -16,  -21,  -11,  -11,  -32,  -16,   -5,  -11,   -5,  -16,  -85,  -43,  -11,
      -5,   -5,  -16,  -11,  -37,    5,  -27,    5,   -5,  -27,   -5,   -5,   -5,   -5,  -16,    5,
     -21,  -11,  -16,  -11,  -11,  -32,   -5,   -5,  -11,   -5,   -5,  -11,  -11,  -11,   -5,   -5,
      -5,   -5,  -11,  -16,  -11,  -43,  -11,  -21,  -11,   -5,  -27,   -5,   -5,   -5,  -27,   -5,
     -11,   -5,  -21,  -21,  -11,   -5,  -11,  -11,   -5,   -5,  -11,    5,  -11,  -32,   -5,   -5,
     -32,   -5,   -5,   -5,   -5,   -5,   -5,   -5,   -5,   -5,    5,  -11,   -5,  -21,  -21,  -16,
     -16,  -11,  -16,  -11,   -5,   -5,   -5,  -11,    5,  -16,   -5,  -11,  -21,  -11,   -5,  -11,
      -5,  -11,  -21,  -75,   -5,  -43,   -5,  -11,  -16,   -5,  -11,  -43,  -11,  -11,  -11,   -5,
     -16,  -11,  -21,  -11,   -5,  -11,  -32,  -32,  -21,  -21,  -16,  -48,  -16,  -32,  -21,  -11,
     -11,  -16,  -48,  -11,  -16,  -27,  -11,  -32,  -27,   -5,  -11,  -32,  -27,  -37,  -16,  -11,
     -11,  -21,  -32,  -32,  -32,  -37,  -16,  -27,  -37,  -16, -101,  -11,  -11,  -11,  -48,  -16,
     -16,  -16,  -16,  -21,  -11,  -53,  -11,  -11,  -43,   -5,   -5,  -37,  -11,  -32,  -37,  -16,
     -32,   -5,   -5,  -11,  -11,  -11,  -27,  -21,  -32,  -75,  -59,  -59,  -64,  -85,  -53,  -69,
     -48,  -43,  -43,  -69,  -85,  -64,  -59,  -69,  -64,  -53,  -69,  -48,  -59,  -75,  -64,  -59,
     -69,  -59,  -53,  -64,  -69,  -75,  -69,  -91,  -53,  -53,    5,  -11,  -43,  -11,  -11,  -11,
     -37,  -11,  -11,  -11,  -16,  -16,  -21,  -11,  -16,   -5,   16,  -11,  -11,   21,   -5,  -27,
       5,   -5,  -32,  -11,   -5,   -5,   -5,   -5,  -21,   -5,   16,  -21,   11,    5,    5,    5,
     -21,   11,   11,    5,    5,   -5,   -5,   -5,  -11,   11,  -16,  -21,  -11,  -43,  -11,  -11,
     -11,  -43,  -11,  -11,  -27,  -11,  -11,  -11,  -11,  -59,  -11,  -43,  -11,  -21,  -21,  -27,
     -27,  -27,  -37,  -16,  -21,  -27,  -16,  -16,  -21,  -21,  -16,  -16,  -32,  -32,  -21,  -32,
     -21,  -16,  -27,  -32,  -16,  -16,  -16,  -32,  -32,  -59,  -59,  -64,  -16,  -27,  -27,  -11,
     -32,  -21,  -11,  -21,  -16,  -16,  -11,  -21,  -16,  -11,  -21,  -11,  -27,  -11,  -11,  -11,
     -11,  -11,  -16,  -16,  -21,  -11,  -16,  -11,  -21,  -16,  -16,  -11,  -11,  -11,   -5,  -11,
     -16,   -5,  -16,  -27,   -5,  -11,  -27,  -11,  -11,  -16,   -5,   -5,  -11,  -11,   -5,  -11,
     -11,  -21,  -32,  -11,  -16,  -16,  -16,  -11,  -32,  -16,   -5,  -21,  -21,  -21,  -11,   -5,
     -16,   -5,  -11,   -5,   -5,   -5,  -16,   -5,  -11,  -11,  -16,  -16,   -5,  -11,   -5,   -5,
     -11,   -5,  -16,   -5,  -11,  -21,   -5,   -5,  -27,   -5,   -5,  -11,   -5,   -5,   -5,   -5,
      -5,   -5,  -11,  -21,  -21,   -5,  -11,  -11,  -11,  -11,  -16,  -11,  -27,   -5,   -5,  -27,
     -11,  -11,   -5,  -16,  -11,   -5,   -5,   -5,   -5,   -5,  -16,   -5,  -11,  -21,  -11,   -5,
     -27,   -5,   -5,   -5,   -5,  -11,  -27,  -21,   -5,   -5,  -16,  -16,  -11,  -16,   -5,  -11,
     -21,  -11,  -21,  -11,  -16,  -11,   -5,   -5,  -21,   -5,   -5,  -11,  -11,   -5,  -11,   -5,
      -5,  -11,   -5,  -16,   -5,  -11,  -16,  -16,  -11,  -32,  -16,   -5,   -5,   -5,   -5,   -5,
     -27,    5,   -5,  -16,   -5,   -5,   -5,  -27,   -5,  -16,  -16,  -11,  -11,   -5,    5,   -5,
      -5,    5,  -53,  -43,   11,   -5,  -59,   -5,   -5,  -27,   -5,   -5,    5,   -5,    5,   27,
      -5,  -27,   11,   -5,   -5,   -5,   -5,   -5,   16,   -5,   -5,   11,   11,   -5,   11,   -5,
     -16,    5,   -5,   -5,    5,   -5,   11,   -5,  -11,  -21,  -21,   -5,   -5,   -5,   -5,  -11,
      -5,  -16,   -5,  -21,   -5,   -5,   -5,   -5,  -21,  -11,  -11,   -5,  -11,  -11,   -5,  -11,
     -11,  -16,  -11,  -16,  -16,  -21,  -16,   -5,   -5,  -27,    5,  -11,  -21,   -5,   -5,   -5,
     -27,  -11,   -5,  -21,  -16,  -11,   -5,  -11,    5,   -5,   -5,   16,  -53,  -48,   11,   -5,
     -59,   -5,   -5,  -32,   -5,   -5,    5,   -5,   16,   16,  -21,   11,   -5,   11,   -5,   11,
       5,   -5,   11,   -5,   -5,   -5,   -5,    5,   -5,   11,   -5,  -11,    5,   -5,  -37,   -5,
      -5,   -5,  -21,   -5,   -5,   -5,  -21,  -21,   -5,   -5,   -5,   -5,   11,   -5,   -5,   11,
      -5,  -21,   16,  -11,  -32,  -11,  -11,   -5,   -5,   -5,    5,  -11,   -5,    5,   16,  -21,
      11,   -5,   11,  -11,   11,   11,    5,    5,   -5,   11,   -5,   11,  -16,   -5,    5,  -11,
     -27,  -11,   -5,   -5,  -27,  -11,   -5,   -5,  -16,  -16,  -11,  -11,  -16,  -11,   11,  -11,
     -11,    5,  -11,  -27,   16,  -11,  -32,  -11,  -11,  -11,  -11,  -11,    5,  -11,   -5,   21,
      -5,  -27,   11,    5,  -21,   -5,   -5,   11,    5,    5,   -5,  -11,   11,  -16,  -11,  -27,
     -27,  -11,  -16,  -11,  -11,   -5,  -16,  -11,   -5,  -21,  -11,  -27,  -11,  -11,   -5,  -11,
     -21,   -5,  -11,  -11,  -16,  -16,  -16,  -16,  -21,   -5,  -11,  -27,  -16,  -32,  -21,  -16,
      -5,   -5,  -16,  -16,   -5,  -11,  -11,  -11,   -5,  -16,  -16,   -5,   -5,   -5,  -11,  -27,
      -5,  -11,  -27,   -5,  -37,   -5,  -16,  -11,   -5,  -11,  -11,    5,   16,  -21,   16,   -5,
       5,   -5,   -5,   11,   -5,   11,  -16,   11,  -16,   11,   -5,   -5,    5,   -5,   11,  -16,
     -16,    5,   11,   -5,   -5,  -11,    5,  -11,   -5,   -5,   -5,   -5,   -5,    5,  -11,   11,
      -5,    5,  -11,    5,   -5,    5,   -5,   -5,    5,  -11,  -21,   -5,  -11,  -43,   -5,  -16,
     -11,  -16,  -37,   -5,   -5,   -5,   -5,   -5,   -5,   -5,   -5,  -11,   -5,   -5,  -11,   -5,
      -5,   -5,  -21,  -27,  -21,  -21,  -11,  -11,  -16,  -16,  -16,  -16,  -16,  -16,  -27,  -21,
     -16,  -16,   -5,  -11,  -16,   -5,  -21,  -16,  -21,  -21,  -21,   -5,  -37,  -11,  -11,  -27,
     -11,  -11,  -16,   -5,   -5,  -16,  -16,    5,    5,   16,   -5,   -5,  -11,   11,  -11,  -11,
      -5,   -5,   -5,   11,   -5,   -5,   11,  -11,   11,  -11,   -5,   -5,   -5,   -5,   11,  -16,
     -11,   -5,   -5,   -5,  -11,  -11,  -11,  -11,   -5,   -5,  -16,   -5,  -11,  -11,  -11,  -11,
      -5,  -16,   -5,  -11,  -21,  -11,   -5,  -27,   -5,   -5,  -16,   -5,   -5,  -11,   -5,  -11,
      -5,  -16,   -5,   11,   -5,  -16,   11,   -5,    5,   -5,   -5,   -5,   -5,   -5,    5,  -11,
       5,  -11,   -5,  -11,   -5,   -5,   11,   -5,  -21,  -11,  -11,  -11,  -11,  -21,  -16,  -16,
     -16,  -32,  -32,  -11,   -5,  -16,  -11,  -11,  -11,  -21,  -11,  -21,  -32,  -21,  -11,  -32,
      -5,   -5,  -21,  -11,  -11,  -16,   -5,  -11,  -16,   -5,  -21,  -11,  -11,   -5,  -11,   -5,
     -16,  -11,  -11,  -11,  -32,  -32,  -11,  -11,  -11,   -5,  -27,  -11,  -21,  -21,  -16,  -11,
     -32,  -27,   -5,  -11,   -5,  -11,  -11,   -5,  -21,   -5,   -5,   -5,   -5,   -5,  -11,   -5,
     -11,   -5,  -16,  -11,  -11,  -11,   -5,   -5,  -21,   -5,  -11,  -21,  -11,  -43,   -5,   -5,
      -5,   -5,   -5,  -27,  -11,  -11,  -11,   -5,   -5,  -21,  -16,   -5,  -11,  -16,  -16,   -5,
      -5,   -5,   -5,  -16,   -5,  -21,   -5,  -16,  -32,  -21,   -5,  -32,   -5,   -5,  -16,   -5,
     -11,   -5,   -5,  -11,   -5,  -11,  -11,   -5,    5,  -16,   -5,  -11,   -5,   -5,  -11,   -5,
     -11,  -11,   -5,  -16,  -11,  -16,   -5,   -5,   -5,   -5,  -11,  -11,  -21,  -16,  -11,  -11,
     -11,  -11,   -5,  -11,   -5,  -21,  -16,  -16,   -5,  -16,  -16,  -21,   -5,   -5,  -11,   -5,
      -5,  -16,   11,  -16,  -16,  -32,   11,  -11,   -5,  -11,  -11,  -16,  -16,  -21,  -21,    5,
     -11,  -16,    5,  -11,  -16,  -16,  -21,   -5,  -11,  -11,  -11,   -5,   -5,  -11,    5,  -16,
     -16,  -11,    5,  -21,   -5,   -5,   -5,   -5,   -5,   -5,   -5,   -5,  -21,   -5,  -21,   -5,
      -5,  -16,  -16,   -5,  -11,   -5,   -5,   -5,  -11,   -5,   -5,  -27,  -11,   11,  -11,  -11,
     -27,  -21,   -5,  -11,   -5,  -11,  -16,   -5,  -16,   -5,  -11,  -11,   -5,  -11,    5,   -5,
     -21,   -5,   -5,  -11,  -11,  -11,  -11,    5,  -16,  -11,   -5,   -5,    5,   -5,   -5,  -16,
      -5,   -5,   -5,   -5,   -5,  -11,  -11,   -5,    5,   -5,    5,   -5,  -16,   -5,   -5,  -16,
      -5,   -5,   -5,   -5,   -5,    5,  -11,   -5,  -21,    5,  -11,  -11,  -43,  -11,  -21,  -11,
     -11,  -11,  -16,  -37,  -16,  -16,   -5,   -5,  -16,  -11,  -11,  -11,  -11,  -16,  -11,  -11,
     -11,   -5,  -21,  -16,  -11,  -11,  -27,  -11,  -27,  -11,  -16,  -21,   -5,  -16,  -16,  -53,
     -16,  -21,  -21,  -11,  -11,  -16,  -43,  -21,  -11,  -16,  -11,   -5,  -16,   -5,  -11,  -27,
     -11,  -11,  -11,  -11,   -5,  -11,  -11,  -16,  -16,  -32,  -16,  -27,  -27,   11,  -11,  -11,
     -32,   11,  -21,   -5,   -5,   -5,  -16,  -11,  -21,  -16,    5,  -21,  -11,   11,   -5,  -16,
     -11,  -16,  -11,  -16,  -16,  -11,  -16,  -11,   11,  -16,  -11,  -21,  -43,  -21,  -21,  -27,
     -16,  -21,  -21,  -11,  -21,  -16,  -32,  -16,  -16,  -27,  -16,  -21,  -21,  -16,  -16,  -21,
     -16,  -16,  -21,  -21,  -21,  -11,  -16,   -5,   -5,   -5,  -27,  -16,  -16,   -5,  -11,  -11,
      -5,  -16,   -5,   -5,   -5,   -5,  -11,   -5,  -11,  -16,  -11,   -5,  -21,   -5,   -5,   -5,
      -5,   -5,  -11,   -5,   -5,  -11,   -5,  -16,  -11,   -5,   -5,  -27,  -16,  -21,  -21,  -16,
     -16,   -5,  -16,   -5,   -5,  -16,   -5,  -16,  -11,   -5,  -11,  -21,   -5,  -16,   -5,   -5,
      -5,   -5,   -5,  -11,   -5,   -5,  -16,   -5,  -11,   -5,    5,   -5,   -5,  -27,  -16,  -11,
     -16,  -11,  -11,   -5,  -11,   -5,   -5,   -5,   -5,  -11,   -5,   -5,  -16,  -21,   -5,  -27,
      -5,   -5,   -5,   -5,   -5,  -21,   -5,  -11,   -5,  -11,  -11,  -16,   -5,   -5,   -5,  -27,
     -11,  -16,  -11,  -16,  -16,   -5,  -27,   -5,   -5,  -16,  -11,  -21,  -11,   -5,  -21,  -16,
      -5,  -21,   -5,   -5,   -5,   -5,   -5,  -16,   -5,  -11,  -11,  -16,    5,  -11,   -5,  -16,
       5,  -11,   -5,  -11,  -11,  -11,   -5,  -11,  -11,   11,  -11,  -21,    5,  -11,  -27,    5,
      -5,  -43,   -5,   -5,   -5,   -5,  -11,   -5,   -5,    5,  -11,   -5,  -11,    5,  -27,   -5,
     -11,   -5,  -16,  -16,   -5,  -11,  -11,   -5,  -11,   -5,   -5,   -5,  -16,  -16,   -5,  -16,
      -5,   -5,   -5,   -5,   -5,   -5,   -5,  -21,    5,   11,   -5,   -5,  -27,   11,   -5,   -5,
      -5,  -11,  -11,   -5,   -5,   -5,   11,   -5,  -16,    5,  -11,  -37,    5,  -43,   -5,   -5,
      -5,   -5,   11,   -5,  -16,   16,  -16,  -16,  -32,    5,   -5,   -5,   -5,  -11,  -11,   -5,
      -5,    5,  -11,  -11,    5,  -11,   -5,  -11,  -16,   -5,   -5,   -5,  -11,  -11,    5,  -11,
     -21,    5,   11,  -11,  -11,  -27,    5,  -16,   -5,   -5,   -5,  -16,  -11,  -16,  -11,    5,
     -11,  -16,    5,  -11,  -11,  -16,  -11,  -11,   -5,  -11,  -11,   -5,   -5,    5,  -16,  -16,
     -11,  -16,   -5,   -5,   -5,  -27,  -16,  -21,  -21,  -11,  -11,   -5,  -16,   -5,   -5,  -16,
      -5,  -16,   -5,   -5,  -21,  -21,   -5,  -32,   -5,   -5,   -5,   -5,   -5,   -5,   -5,  -11,
     -16,  -16,    5,   -5,   11,   -5,   -5,  -27,   11,  -11,   -5,   -5,  -16,  -11,   -5,    5,
     -11,    5,   -5,   -5,    5,  -16,   -5,  -11,  -11,   -5,   -5,  -11,   11,
};

static const EpdFontData edslab_16_bold = {
    edslab_16_boldBitmaps,
    edslab_16_boldGlyphs,
    edslab_16_boldIntervals,
    55,
    41,
    31,
    -10,
    true,
    edslab_16_boldGroups,
    11,
    nullptr,
    nullptr,  // kernLeftClasses: built-in fonts use the split arrays below
    nullptr,  // kernRightClasses
    edslab_16_boldKernLeftCodepoints,
    edslab_16_boldKernLeftClassIds,
    edslab_16_boldKernRightCodepoints,
    edslab_16_boldKernRightClassIds,
    nullptr,  // kernMatrix: built-in fonts use the sparse form below
    edslab_16_boldKernRowOffsets,
    edslab_16_boldKernSparseCols,
    edslab_16_boldKernSparseValues,
    129,
    129,
    129,
    129,
    nullptr,
    0,
};
