/**
 * generated by fontconvert.py
 * name: edslab_14_bolditalic
 * size: 14
 * mode: 2-bit  compressed: true
 * Command used: fontconvert.py edslab_14_bolditalic 14 ../builtinFonts/source/EdsLab/EdsLab-BoldItalic.ttf --2bit --compress --pnum --zopfli
 */
#pragma once
#include "EpdFontData.h"

static const uint8_t edslab_14_bolditalicBitmaps[19040] = {
    0xB5, 0x99, 0x01, 0xA4, 0x2E, 0xDB, 0x75, 0xC7, 0xD7, 0xCC, 0xBC, 0x7B, 0x47, 0x0D, 0x26, 0xC8,
    0x79, 0x4F, 0x7B, 0xD5, 0x00, 0x50, 0xDA, 0x81, 0x42, 0xD1, 0xB7, 0x27, 0x09, 0x82, 0xA0, 0x17,
    0xF7, 0x7B, 0x0F, 0x17, 0x17, 0x00, 0xB4, 0x07, 0x00, 0x78, 0x33, 0x49, 0x90, 0x02, 0x1E, 0x3C,
    0x01, 0x24, 0x68, 0x55, 0x0B, 0x01, 0x68, 0x49, 0xCF, 0x9E, 0xF4, 0xA1, 0x28, 0x32, 0x49, 0x7A,
    0x05, 0x41, 0xE7, 0xA5, 0xF7, 0x96, 0x2A, 0xEE, 0x24, 0x99, 0xD3, 0xCC, 0x79, 0xD9, 0x33, 0xAB,
    0xEB, 0x67, 0xF9, 0xEE, 0x39, 0xE7, 0x25, 0xAF, 0x89, 0x90, 0xEF, 0xCC, 0xFC, 0xD7, 0x7C, 0x67,
    0xF6, 0x5E, 0xEB, 0xBF, 0xD7, 0x5E, 0x6B, 0xCD, 0x9E, 0xFD, 0x49, 0x18, 0xA5, 0x1F, 0x24, 0x76,
    0xA2, 0xC2, 0x71, 0x48, 0x66, 0xC7, 0x2E, 0x79, 0x92, 0xC2, 0x8E, 0x8D, 0xA3, 0x5C, 0xA5, 0x5A,
    0x38, 0xEA, 0x59, 0xEA, 0x49, 0x32, 0x91, 0x66, 0x94, 0x30, 0x49, 0x3F, 0xD1, 0xBB, 0x15, 0x69,
    0x75, 0x6E, 0x5F, 0x4D, 0xE1, 0xD5, 0x18, 0xE2, 0x18, 0xFA, 0xA1, 0xEF, 0xBB, 0xD8, 0x8B, 0x58,
    0x0F, 0xEB, 0x2C, 0xD6, 0xCB, 0x14, 0xD0, 0xC7, 0x34, 0x58, 0xDB, 0xD1, 0xB4, 0x88, 0x84, 0xAE,
    0x19, 0x4D, 0xF4, 0x68, 0xC8, 0x94, 0xCF, 0x59, 0xE4, 0xA0, 0x71, 0x78, 0xF7, 0xE6, 0x9D, 0xFD,
    0x89, 0x48, 0xB9, 0x18, 0x0F, 0x94, 0x14, 0x2B, 0x4A, 0xA6, 0x3B, 0x4A, 0x02, 0x2D, 0xC7, 0xB3,
    0xE8, 0x5D, 0xBC, 0x79, 0x9C, 0xF4, 0xD4, 0xC1, 0xFF, 0x10, 0x91, 0x62, 0xCD, 0xD2, 0xA7, 0x31,
    0x41, 0x37, 0xF7, 0x5E, 0xC3, 0xE5, 0x6A, 0x17, 0xAA, 0x03, 0xAA, 0x66, 0x51, 0xD5, 0xA5, 0x38,
    0xE4, 0xD1, 0x8A, 0x13, 0x56, 0x6B, 0x5A, 0x2E, 0xD6, 0x2A, 0xFB, 0x66, 0xB5, 0xD2, 0xF3, 0x40,
    0xB9, 0x7E, 0xDC, 0x89, 0xA8, 0x6E, 0x78, 0x40, 0x51, 0xA0, 0x8C, 0x29, 0x02, 0xED, 0xF4, 0x36,
    0x86, 0x7A, 0xB8, 0x5E, 0x19, 0xD5, 0x41, 0x87, 0x5C, 0x25, 0xAA, 0x26, 0x69, 0xD1, 0xFE, 0x50,
    0x0F, 0x61, 0x38, 0xC0, 0x48, 0x7B, 0xA0, 0x9F, 0x25, 0xA2, 0x36, 0x65, 0x87, 0x91, 0x55, 0x65,
    0xE4, 0xED, 0xF7, 0xB4, 0xDC, 0xF0, 0x57, 0x5F, 0x2F, 0xF8, 0xAB, 0xA7, 0x4F, 0x94, 0x18, 0x46,
    0x13, 0xD9, 0x1E, 0x8D, 0x41, 0xAF, 0x09, 0xEB, 0x41, 0x7F, 0xBA, 0x0B, 0xFD, 0x3E, 0x64, 0xAC,
    0xD9, 0xDF, 0x57, 0xCB, 0x1F, 0x0C, 0xA8, 0xFF, 0x48, 0xF9, 0x1E, 0xFE, 0x4D, 0xB9, 0xDB, 0x7F,
    0x43, 0x69, 0xAB, 0x61, 0x8C, 0xD6, 0x66, 0x37, 0x7D, 0x66, 0x30, 0x45, 0x44, 0xB5, 0x46, 0xC1,
    0xEE, 0x12, 0x3F, 0x8F, 0xDD, 0xA9, 0xD7, 0x15, 0xE2, 0xAD, 0x62, 0x90, 0x11, 0x33, 0xC2, 0x1B,
    0xF8, 0x29, 0x56, 0x0C, 0xDA, 0xEB, 0xF7, 0xAC, 0xC5, 0xF8, 0x06, 0xCD, 0xD0, 0x0D, 0x84, 0x11,
    0x98, 0xF8, 0xBA, 0x98, 0x05, 0x6C, 0x97, 0x9A, 0xF2, 0xD4, 0xFC, 0xEC, 0x28, 0xB6, 0xF0, 0x1D,
    0xFD, 0xC2, 0x66, 0xD1, 0xF1, 0xE1, 0x12, 0x25, 0xFC, 0x68, 0x51, 0x31, 0xE5, 0x6A, 0xBA, 0x46,
    0x1D, 0x4A, 0x95, 0x38, 0x3F, 0x3A, 0x98, 0x4D, 0xED, 0x6A, 0x83, 0x31, 0xD3, 0x17, 0x61, 0x6C,
    0xA7, 0x76, 0x0C, 0x63, 0x18, 0x6C, 0xFC, 0x12, 0x61, 0x60, 0xE3, 0xCD, 0x27, 0x58, 0x9A, 0x95,
    0x59, 0x44, 0x3B, 0xE2, 0xD4, 0xBF, 0xE2, 0x91, 0xCE, 0xE2, 0x97, 0x11, 0x31, 0x1C, 0xFE, 0x8D,
    0x8F, 0xB9, 0xE5, 0x27, 0x0C, 0xF1, 0x18, 0x9A, 0xF4, 0x57, 0x9C, 0xDC, 0xA3, 0x0D, 0x6D, 0x19,
    0x43, 0xB3, 0x98, 0x0E, 0x46, 0xB0, 0x9B, 0x55, 0xF5, 0x8E, 0xF2, 0xC7, 0x76, 0xBE, 0x71, 0x87,
    0x0A, 0xB1, 0x53, 0x25, 0xBB, 0x3E, 0xD0, 0x82, 0x86, 0x11, 0xF7, 0x11, 0x6E, 0xCE, 0x80, 0x06,
    0x04, 0x5E, 0xB1, 0xDD, 0x9E, 0x25, 0xE7, 0xEA, 0xF7, 0x6A, 0xCE, 0x99, 0x3E, 0xB7, 0x2C, 0x55,
    0xEE, 0x0D, 0xA4, 0x99, 0x51, 0x2B, 0x99, 0xBA, 0xA9, 0xB0, 0xB8, 0xCB, 0x8D, 0x8A, 0x7F, 0x6A,
    0xBB, 0x67, 0x71, 0x54, 0xBD, 0x7A, 0x25, 0x8D, 0xAA, 0x9D, 0x87, 0x14, 0xBA, 0x48, 0xAB, 0xBB,
    0x04, 0x3B, 0xFF, 0xE4, 0x30, 0x73, 0xFB, 0x67, 0x44, 0x48, 0x86, 0x0B, 0xEB, 0x4B, 0x24, 0x5D,
    0xC4, 0x27, 0x41, 0xB7, 0xA0, 0x6B, 0xAF, 0x4B, 0x96, 0x24, 0xDB, 0x24, 0xDF, 0x24, 0x7B, 0x2C,
    0xF5, 0x10, 0xA6, 0x7E, 0x32, 0xD7, 0x0F, 0xBD, 0x7C, 0x5B, 0x3E, 0x23, 0x17, 0xA7, 0xDB, 0x76,
    0xD5, 0xF9, 0x1E, 0x46, 0x2B, 0xA0, 0xE9, 0x0C, 0x02, 0x57, 0xEF, 0x01, 0x66, 0x00, 0x4D, 0xC6,
    0x7C, 0x31, 0x28, 0x67, 0xE7, 0x66, 0xCD, 0x86, 0xDF, 0x4D, 0xB3, 0xB7, 0x81, 0xCF, 0x02, 0x22,
    0x71, 0x25, 0xD6, 0x88, 0x4B, 0x92, 0x38, 0xBE, 0xD4, 0x29, 0x53, 0x69, 0xE7, 0x22, 0x99, 0x87,
    0x2B, 0x6A, 0x98, 0x39, 0xB9, 0x5C, 0x9A, 0xD1, 0x1C, 0xDF, 0x1A, 0x2C, 0x61, 0x00, 0x3A, 0xBB,
    0xD1, 0x33, 0x01, 0xC0, 0xD4, 0x8B, 0x67, 0x6D, 0x18, 0xFB, 0x4E, 0x62, 0x17, 0x46, 0x53, 0x11,
    0xE6, 0x32, 0x49, 0x73, 0xC4, 0x95, 0xA8, 0x9F, 0x88, 0x7F, 0x26, 0x79, 0xC5, 0x62, 0x92, 0xB8,
    0x89, 0xAE, 0xF2, 0x74, 0x95, 0xF2, 0x5C, 0x22, 0x39, 0x26, 0xB2, 0xBA, 0xE5, 0x60, 0x9E, 0xCC,
    0x46, 0x6F, 0x87, 0x10, 0x3E, 0x07, 0xC7, 0xC5, 0xF1, 0x38, 0xE8, 0x62, 0xFE, 0x8C, 0xCA, 0xC4,
    0xDE, 0xC0, 0xDB, 0x28, 0x37, 0xA8, 0x0F, 0x2F, 0x29, 0x03, 0x04, 0xC5, 0x61, 0x0A, 0x1D, 0x6E,
    0x50, 0xEA, 0xA1, 0x6C, 0xCC, 0x48, 0x2B, 0xBE, 0xED, 0x5C, 0x10, 0xE5, 0x4A, 0xE4, 0xEF, 0x64,
    0x26, 0xE1, 0xB8, 0xCB, 0x05, 0x81, 0x1B, 0x30, 0xDE, 0x4B, 0x78, 0x7E, 0xBA, 0x22, 0xA9, 0x76,
    0xE9, 0x0D, 0xBC, 0x02, 0x81, 0x8B, 0x83, 0x02, 0xA7, 0x13, 0x1A, 0x72, 0xC5, 0xBD, 0x09, 0x13,
    0x33, 0x9A, 0x07, 0x58, 0x75, 0xA8, 0xDF, 0x80, 0x43, 0xE0, 0xD7, 0xF9, 0x1D, 0xC2, 0xEF, 0x3E,
    0x74, 0x7F, 0xC5, 0xF0, 0xB4, 0xCB, 0xCD, 0xD0, 0xCB, 0xCB, 0x84, 0xC9, 0x05, 0x7F, 0x0D, 0x5E,
    0x03, 0xCE, 0x95, 0x21, 0x0E, 0x9E, 0x49, 0xAE, 0xBA, 0xC1, 0x64, 0x0F, 0xA8, 0x41, 0xB1, 0x1F,
    0xA4, 0xDB, 0x6E, 0x4D, 0x3F, 0x32, 0x88, 0x5F, 0x4E, 0xD6, 0x34, 0x4F, 0x16, 0xF1, 0x96, 0x31,
    0xCD, 0xCD, 0xBB, 0x37, 0x5D, 0xA0, 0x2E, 0x04, 0xA0, 0x07, 0x48, 0x1F, 0x38, 0x43, 0xF7, 0xD9,
    0x4B, 0xAF, 0x4C, 0x1E, 0x01, 0x95, 0xD3, 0x25, 0x05, 0x80, 0x40, 0xC9, 0x0D, 0x1F, 0x9C, 0x98,
    0x04, 0x48, 0x00, 0x0A, 0x1C, 0x80, 0xEA, 0xFB, 0x3C, 0x7C, 0x36, 0x03, 0xBA, 0xFD, 0xED, 0x53,
    0x15, 0xCF, 0xE4, 0xFB, 0x03, 0x84, 0xAA, 0xD8, 0x28, 0x55, 0xD4, 0xA8, 0x32, 0xCA, 0xED, 0xEE,
    0x28, 0x23, 0xA3, 0x94, 0xCB, 0x5D, 0x3C, 0x40, 0x6A, 0xF8, 0x85, 0xEB, 0x7E, 0x32, 0x45, 0xF5,
    0x6C, 0x5E, 0xA9, 0x27, 0x1B, 0x45, 0x3D, 0xF2, 0x0C, 0x19, 0xEA, 0x1F, 0xEB, 0x04, 0x3D, 0xDC,
    0x64, 0x26, 0xC3, 0xF1, 0xAE, 0xF2, 0x34, 0x8D, 0x5D, 0x24, 0x58, 0xA2, 0x00, 0x58, 0xBB, 0x82,
    0xAB, 0x5D, 0x99, 0xB5, 0xA1, 0xB0, 0xC6, 0x37, 0x97, 0xAB, 0x07, 0x49, 0xA5, 0xD0, 0x8B, 0x2F,
    0x70, 0xA6, 0x51, 0x00, 0x96, 0xC2, 0x60, 0xCE, 0x4E, 0xA7, 0x7E, 0x3C, 0xD7, 0x62, 0xC6, 0x61,
    0xFE, 0xF3, 0x6A, 0x43, 0x44, 0x51, 0x63, 0xEE, 0xDD, 0xDC, 0x0D, 0x8A, 0xFB, 0x37, 0xC3, 0xF9,
    0x66, 0x76, 0xFF, 0xE6, 0x39, 0xF8, 0xCE, 0x99, 0x86, 0x8B, 0xF1, 0x6E, 0x47, 0xA6, 0x8D, 0x72,
    0x58, 0xB8, 0x65, 0xC9, 0xC2, 0x3E, 0xDF, 0x0C, 0xAC, 0x5B, 0x18, 0x8D, 0x71, 0xEC, 0x72, 0xFD,
    0xBA, 0x8A, 0x30, 0xD4, 0x0C, 0xA8, 0x18, 0x6F, 0xB3, 0xE6, 0x8A, 0xAA, 0xE8, 0x69, 0xD1, 0x33,
    0xD4, 0x88, 0xD1, 0x7E, 0x30, 0x46, 0xE1, 0xFA, 0x32, 0xF9, 0xB4, 0x55, 0xB7, 0x8E, 0xCD, 0x49,
    0x14, 0xCA, 0x19, 0x61, 0x6B, 0xDF, 0x3E, 0xD0, 0xA1, 0xC4, 0x86, 0x51, 0xAB, 0xC7, 0x7A, 0x32,
    0xEF, 0x36, 0xA3, 0x41, 0x3B, 0x9A, 0x71, 0x83, 0x76, 0xB4, 0xB1, 0xF4, 0x63, 0xB3, 0x3E, 0xD4,
    0x81, 0x87, 0x49, 0x57, 0xFA, 0x0A, 0x63, 0x37, 0x33, 0x0F, 0xBA, 0xDD, 0xAA, 0x8B, 0x71, 0xBD,
    0x62, 0x74, 0xCA, 0xE8, 0xE2, 0xCB, 0x38, 0x49, 0x60, 0x2C, 0x8D, 0x52, 0xC9, 0x2D, 0x20, 0x44,
    0xB6, 0x62, 0x2F, 0x53, 0x99, 0xF2, 0x59, 0x5E, 0x7F, 0x28, 0x7F, 0x61, 0xEA, 0xC7, 0x56, 0x8A,
    0xB9, 0x5E, 0x9B, 0xA5, 0x59, 0x1E, 0x0E, 0x77, 0xEE, 0x4E, 0xCD, 0x12, 0x96, 0x76, 0xAE, 0xC7,
    0xB6, 0x7B, 0xDB, 0x1F, 0x11, 0x0F, 0x80, 0x9E, 0x19, 0x50, 0x2E, 0x36, 0x2E, 0x86, 0x3B, 0x17,
    0xED, 0xE6, 0xE9, 0x66, 0x57, 0x3B, 0xAD, 0x74, 0x14, 0xEE, 0xA2, 0xCC, 0x53, 0x8D, 0x5B, 0x2D,
    0xEE, 0x2F, 0x26, 0x1B, 0x7E, 0x0A, 0x1C, 0xDB, 0x1F, 0xFD, 0xC3, 0xDF, 0xBC, 0xAE, 0xC8, 0xB2,
    0xE2, 0x9D, 0x43, 0x68, 0x3C, 0xDD, 0xEA, 0x19, 0x7C, 0x96, 0xD0, 0xC3, 0x7D, 0xA0, 0x39, 0x04,
    0x85, 0x7E, 0x91, 0xFB, 0xC5, 0xF9, 0x59, 0xFD, 0xE7, 0xC2, 0xE7, 0xF2, 0xE8, 0x0A, 0xD5, 0xB9,
    0x56, 0x5D, 0x83, 0xE5, 0x70, 0xE8, 0x8A, 0xD4, 0x5B, 0x00, 0xF5, 0x5D, 0xB1, 0xBD, 0xCD, 0xD3,
    0x0A, 0x26, 0x99, 0x51, 0x44, 0x67, 0x30, 0x92, 0x3A, 0xFA, 0x43, 0x6A, 0xB3, 0x73, 0xF5, 0x22,
    0x9D, 0x7F, 0xF3, 0xF6, 0xF9, 0xDC, 0xF8, 0x29, 0x35, 0x64, 0x6C, 0x1E, 0x8F, 0x0E, 0x16, 0x24,
    0x1A, 0xB1, 0xE0, 0xB9, 0x6A, 0xC9, 0x66, 0xB3, 0xB5, 0xFA, 0xDA, 0x67, 0xB8, 0xB0, 0x7E, 0xD9,
    0x9E, 0xEB, 0x5A, 0x6E, 0xC5, 0x56, 0x6B, 0x2A, 0x52, 0xB5, 0x34, 0x7A, 0x64, 0xC9, 0x5C, 0x3A,
    0x68, 0x96, 0xDA, 0xA1, 0xED, 0x54, 0xF6, 0xD0, 0x3D, 0x54, 0xFB, 0xD6, 0x4B, 0xCB, 0xBD, 0x28,
    0x51, 0xF7, 0x3C, 0x5D, 0x65, 0x76, 0x5D, 0x6C, 0x57, 0xF9, 0x96, 0xA7, 0x62, 0x39, 0x8A, 0xB5,
    0xB4, 0xCE, 0xB1, 0x38, 0xE2, 0xDE, 0x4C, 0x31, 0xC7, 0xDE, 0xD0, 0x77, 0xBA, 0x29, 0x91, 0x77,
    0xD1, 0x99, 0xE3, 0x5B, 0xCA, 0x86, 0x3F, 0xDF, 0x1F, 0x0A, 0x2E, 0xCB, 0xE2, 0x6B, 0x62, 0x12,
    0xA0, 0x69, 0x37, 0x14, 0xD2, 0xA4, 0xF4, 0xEA, 0x62, 0x43, 0x94, 0x9A, 0x10, 0x59, 0x8F, 0xA0,
    0xF4, 0x82, 0xA2, 0x07, 0x58, 0x24, 0x45, 0x94, 0x2B, 0x82, 0xC5, 0x14, 0xA2, 0x9D, 0x7A, 0xAF,
    0x26, 0x61, 0xA0, 0xBD, 0xD7, 0x70, 0x32, 0x06, 0x95, 0xCA, 0xBC, 0x95, 0x2E, 0x88, 0x55, 0x02,
    0xFD, 0xF9, 0xE9, 0x99, 0x3F, 0xE2, 0x29, 0x70, 0x8A, 0x3A, 0x79, 0xD3, 0x98, 0x3C, 0xA2, 0x04,
    0x4E, 0x12, 0x75, 0xEC, 0x4D, 0xA8, 0x8E, 0x76, 0x25, 0x24, 0x49, 0xA4, 0xB6, 0x83, 0xCA, 0x77,
    0x74, 0x3C, 0xBD, 0x39, 0x5D, 0x2E, 0xFE, 0x50, 0xB2, 0x83, 0x8B, 0xDA, 0x71, 0xE6, 0x2B, 0x0F,
    0x28, 0x3B, 0x5E, 0x9E, 0xF0, 0xBE, 0x32, 0x62, 0xB0, 0x63, 0xD8, 0x94, 0xAD, 0x8E, 0x6A, 0x64,
    0x94, 0x1B, 0x43, 0xA1, 0x71, 0x14, 0x90, 0x84, 0x1F, 0xC1, 0x7E, 0xB8, 0x38, 0x4E, 0x56, 0x26,
    0x69, 0x9E, 0xA4, 0xC7, 0xA0, 0x19, 0x77, 0x07, 0x3C, 0x22, 0x79, 0x32, 0xF8, 0x90, 0xBF, 0x44,
    0xCA, 0xF1, 0x0E, 0x0C, 0x79, 0x59, 0xC8, 0xD0, 0x40, 0x25, 0xB3, 0xA1, 0x31, 0xB2, 0x1E, 0x3A,
    0xF2, 0xD0, 0x97, 0xC0, 0xE8, 0x16, 0xEE, 0x7C, 0x0A, 0x8E, 0x67, 0xFC, 0xA6, 0x10, 0x87, 0x3B,
    0x33, 0x57, 0x52, 0x51, 0x3E, 0xE8, 0x97, 0xB3, 0x1B, 0x29, 0x0E, 0xD8, 0x7D, 0x61, 0xE8, 0x84,
    0x10, 0xB8, 0xD4, 0x90, 0x59, 0xC3, 0x2D, 0xF8, 0x93, 0x1E, 0x9D, 0x7B, 0x77, 0x80, 0x04, 0x8A,
    0xCF, 0x62, 0x82, 0x0A, 0x9C, 0x10, 0xAD, 0x8B, 0xE0, 0x02, 0x2A, 0xFE, 0x40, 0xE7, 0x64, 0x52,
    0xA3, 0xE7, 0xF7, 0xC1, 0x15, 0xCB, 0x35, 0xAE, 0xEA, 0x15, 0x41, 0x48, 0xE3, 0x26, 0x7F, 0x45,
    0x81, 0x0B, 0x8E, 0x5A, 0xCF, 0xC4, 0x90, 0x50, 0x02, 0x37, 0x51, 0x6E, 0xC1, 0xEE, 0xDD, 0x55,
    0x20, 0x77, 0x67, 0xD2, 0xF2, 0xF7, 0x05, 0x66, 0xCC, 0x80, 0x01, 0x93, 0xF6, 0x84, 0xE9, 0xD2,
    0x74, 0xC6, 0xE0, 0x88, 0x97, 0xA0, 0x04, 0x02, 0x10, 0x72, 0x66, 0xEF, 0x09, 0x78, 0x05, 0x9B,
    0xD3, 0x7E, 0x3B, 0x69, 0x18, 0x07, 0x7F, 0x2D, 0x13, 0x10, 0x0E, 0xFF, 0x0F, 0x93, 0xF0, 0x1B,
    0x31, 0x39, 0x23, 0x0B, 0x20, 0xA1, 0xF9, 0x42, 0x13, 0x05, 0x23, 0x93, 0x74, 0x0E, 0x9F, 0x5C,
    0xD1, 0x53, 0x7B, 0xF8, 0xDC, 0x3C, 0xD5, 0x8E, 0x59, 0xEA, 0xBB, 0xFC, 0xC0, 0xED, 0xE5, 0x66,
    0x88, 0x63, 0x24, 0x12, 0xA0, 0xF2, 0xFB, 0xB7, 0x81, 0x73, 0x3A, 0xD9, 0x7D, 0xEB, 0xDC, 0xF5,
    0x14, 0x32, 0x39, 0x23, 0x2D, 0xFB, 0x01, 0xD3, 0x4C, 0xE3, 0x4E, 0xC1, 0xCD, 0x93, 0x34, 0x9B,
    0x54, 0x9B, 0x19, 0xF9, 0x20, 0x7A, 0xF8, 0x8C, 0x04, 0xC9, 0x71, 0xA6, 0x00, 0x21, 0x7A, 0x9B,
    0x9C, 0x4A, 0xA4, 0x22, 0x0F, 0x22, 0xA8, 0xCB, 0xFA, 0x7F, 0x27, 0x84, 0x7C, 0xA4, 0x15, 0xB2,
    0x23, 0xD5, 0x7D, 0xB4, 0x78, 0x28, 0xBA, 0x8F, 0x90, 0x78, 0xE9, 0x84, 0xD6, 0x56, 0xC9, 0x09,
    0x97, 0x09, 0xBA, 0x67, 0x39, 0x40, 0x46, 0xA0, 0x59, 0x6C, 0x48, 0x2F, 0xA6, 0xD6, 0xD7, 0xA5,
    0xBA, 0x29, 0x39, 0xDC, 0x14, 0x9E, 0x7B, 0x76, 0x4D, 0xF7, 0xA5, 0x20, 0x63, 0x7B, 0x45, 0xDE,
    0xD2, 0xE5, 0x02, 0xCE, 0xF0, 0x85, 0x2B, 0x9D, 0xE9, 0x08, 0x2F, 0x4E, 0x78, 0x9D, 0x63, 0x9B,
    0xD3, 0xEC, 0x3B, 0xFF, 0x9E, 0x93, 0xFE, 0xD8, 0xF2, 0x13, 0x5B, 0xCC, 0x11, 0x33, 0x84, 0x5A,
    0xAA, 0x54, 0x72, 0xA8, 0x08, 0x95, 0x07, 0xC4, 0x08, 0x34, 0xEF, 0xBF, 0x4B, 0xCF, 0xE2, 0x96,
    0x30, 0x85, 0x2D, 0x07, 0xAC, 0x3D, 0xE8, 0x78, 0xA1, 0xA4, 0xC0, 0x90, 0x3D, 0x98, 0x8D, 0x00,
    0xF3, 0x92, 0x27, 0x1E, 0xFC, 0xAB, 0xBF, 0x1D, 0xD7, 0x8C, 0x2C, 0x8B, 0xE8, 0x8D, 0xFA, 0x9F,
    0x7C, 0x89, 0xFA, 0x03, 0x9F, 0x04, 0x84, 0x8D, 0xEB, 0xF3, 0xFA, 0x1C, 0x9B, 0xC5, 0x21, 0x58,
    0x6D, 0xFC, 0xED, 0xBE, 0x9F, 0x10, 0x3F, 0xD6, 0x0E, 0xF1, 0xA3, 0x5D, 0x30, 0xAC, 0x28, 0xF1,
    0x95, 0x03, 0x42, 0x11, 0xE1, 0xD0, 0x01, 0x31, 0x07, 0x68, 0xF5, 0xC6, 0x08, 0xE1, 0x24, 0xA3,
    0x8B, 0xC3, 0xC8, 0xBB, 0xF8, 0xC1, 0x8C, 0x1F, 0xEA, 0xFF, 0x59, 0x70, 0x45, 0xAD, 0x13, 0xDE,
    0xA8, 0x94, 0x92, 0xCB, 0xAA, 0xCE, 0xFD, 0x0D, 0xD2, 0x5C, 0x41, 0xBC, 0x7E, 0x76, 0x08, 0x1E,
    0x39, 0x7B, 0xE3, 0x7E, 0xEE, 0x78, 0xC5, 0xFB, 0xE5, 0xBA, 0xD7, 0xFD, 0x8A, 0xDC, 0xB9, 0x80,
    0x08, 0xB7, 0x40, 0x21, 0x8B, 0xA3, 0x97, 0x14, 0xE3, 0x02, 0x46, 0xF5, 0xF2, 0x9F, 0x50, 0x60,
    0x5F, 0xED, 0x1A, 0x50, 0x25, 0x93, 0x92, 0x90, 0x3F, 0xA5, 0x3E, 0xB1, 0x73, 0x94, 0x46, 0x29,
    0x8F, 0x2C, 0x76, 0xC8, 0xAF, 0x45, 0xF4, 0x30, 0xF9, 0x6A, 0x2D, 0xF6, 0xDD, 0xE4, 0x0F, 0x53,
    0x75, 0x6D, 0xB2, 0xF9, 0x70, 0x6F, 0x3F, 0xA2, 0xBA, 0x7C, 0x47, 0xFB, 0xAF, 0x20, 0x47, 0xD5,
    0x62, 0x83, 0x61, 0x9F, 0x4C, 0x32, 0x7B, 0x4B, 0xB1, 0xC2, 0xB2, 0x99, 0x18, 0x65, 0x6F, 0x4B,
    0x2A, 0xC6, 0x49, 0xE4, 0x20, 0x0F, 0x1F, 0xAB, 0xCB, 0x09, 0xEF, 0x49, 0x76, 0xF9, 0x12, 0xF7,
    0x11, 0x3B, 0xC6, 0x19, 0x09, 0xEB, 0x59, 0x2A, 0x93, 0xF0, 0x26, 0x74, 0xA1, 0xCC, 0x7D, 0x78,
    0x73, 0x1F, 0xDE, 0x64, 0x1A, 0xBC, 0xF1, 0x8E, 0xF3, 0xEE, 0x9C, 0x77, 0x2F, 0x02, 0x6F, 0x6C,
    0xC2, 0x9B, 0x2C, 0x81, 0x37, 0x36, 0xE1, 0x2D, 0x3B, 0x72, 0xD4, 0xCF, 0x79, 0x86, 0xF5, 0xFF,
    0x82, 0x34, 0xDE, 0xDF, 0x47, 0x1A, 0xEF, 0x9F, 0x79, 0xA6, 0xD5, 0x3F, 0xF7, 0x4C, 0x2B, 0x15,
    0xE9, 0xEF, 0xCC, 0xC8, 0x0C, 0x09, 0x6F, 0x64, 0xC0, 0xDC, 0xEC, 0x75, 0x2A, 0x4C, 0x3E, 0xE1,
    0xCD, 0x78, 0xB7, 0x56, 0xE1, 0x33, 0x55, 0x92, 0xF1, 0xE6, 0x5D, 0x1D, 0x33, 0x6A, 0xD5, 0x52,
    0xE0, 0xD0, 0xA5, 0x26, 0xF9, 0x56, 0xAA, 0x54, 0xB1, 0xB5, 0x23, 0x18, 0x06, 0xB0, 0x17, 0x30,
    0x82, 0x2B, 0x58, 0x2E, 0x8A, 0xF3, 0x40, 0x73, 0x5D, 0x14, 0xC8, 0xFB, 0x66, 0x84, 0xBF, 0xF5,
    0x87, 0x45, 0x2A, 0xDE, 0x41, 0x4F, 0x71, 0xC5, 0x47, 0xCA, 0x3F, 0x7D, 0x07, 0xC9, 0x6B, 0x15,
    0x5F, 0x40, 0x9D, 0x6F, 0xEB, 0xF7, 0x65, 0x12, 0xEA, 0x77, 0x62, 0x4E, 0xB2, 0xC4, 0x8C, 0x38,
    0xE6, 0x86, 0x93, 0x59, 0x67, 0x10, 0xD5, 0xCA, 0x5A, 0x23, 0xCE, 0x64, 0x06, 0x5E, 0x46, 0x0F,
    0x38, 0xFD, 0xF6, 0xF5, 0x1B, 0xE9, 0xE4, 0x6A, 0x74, 0xF2, 0xF8, 0x87, 0xD5, 0x28, 0x2D, 0xD9,
    0x2A, 0xD5, 0x46, 0xFD, 0x2E, 0x12, 0x9E, 0xC9, 0x53, 0x33, 0x81, 0x78, 0x26, 0x4B, 0x61, 0xE0,
    0x3A, 0x74, 0xA0, 0xFB, 0xC7, 0xF0, 0x4F, 0x8B, 0xD5, 0x30, 0x55, 0x0B, 0xD5, 0xBF, 0x21, 0x61,
    0xB5, 0x1F, 0x03, 0x49, 0xD8, 0x35, 0x2B, 0xC1, 0x4E, 0xFD, 0xDE, 0x88, 0x1F, 0x58, 0x80, 0x50,
    0xF8, 0xBB, 0xF5, 0x3D, 0xC1, 0xC8, 0x95, 0x61, 0xE6, 0xA9, 0xAF, 0x09, 0x0C, 0x0B, 0xF8, 0xA0,
    0xFB, 0x1D, 0x79, 0x2C, 0x76, 0x86, 0xC4, 0xAA, 0xAF, 0xF1, 0x78, 0x29, 0x9A, 0xC0, 0xE6, 0xA3,
    0x17, 0xE6, 0x31, 0x8B, 0xB6, 0x40, 0xED, 0x58, 0xA8, 0xD9, 0x3A, 0x99, 0xC7, 0xB2, 0xC3, 0xD7,
    0xC5, 0xB8, 0x6A, 0xF6, 0x35, 0xA7, 0x3E, 0xBF, 0x4C, 0xD9, 0x61, 0x26, 0xF3, 0x64, 0x60, 0x36,
    0xF3, 0xD5, 0x40, 0x78, 0xE3, 0x24, 0xD6, 0x58, 0xD8, 0x28, 0xD8, 0x7A, 0x76, 0xEB, 0xC8, 0x22,
    0xD5, 0xDF, 0x12, 0xDE, 0x20, 0xE2, 0x5A, 0x96, 0x33, 0xC1, 0x34, 0x4E, 0x06, 0x61, 0x0C, 0xD7,
    0xEF, 0x68, 0xD7, 0x42, 0x92, 0x55, 0xBD, 0x1B, 0x83, 0xB9, 0xCE, 0xA0, 0x4E, 0xC1, 0xF1, 0xD4,
    0x3F, 0x7F, 0x36, 0xC2, 0xBC, 0x19, 0xDF, 0x63, 0x6F, 0x76, 0xF8, 0x2C, 0x59, 0xFD, 0xE9, 0xF3,
    0x2F, 0xB0, 0xC1, 0x3B, 0x90, 0x02, 0xA5, 0x70, 0xDC, 0x40, 0x8A, 0xC3, 0xFD, 0x02, 0xC8, 0x13,
    0x0B, 0xB6, 0x9D, 0xDD, 0x3C, 0x23, 0x9C, 0x75, 0x23, 0x7C, 0x5A, 0x5D, 0x89, 0x9F, 0x80, 0xD0,
    0xE9, 0x4D, 0x8B, 0x2D, 0x7B, 0xD7, 0x47, 0x79, 0xB9, 0xA2, 0x1D, 0x4D, 0x28, 0xAE, 0x10, 0xE4,
    0x07, 0x06, 0x10, 0x58, 0xB0, 0x89, 0xC1, 0x04, 0x6F, 0x7F, 0x26, 0x5A, 0x13, 0x33, 0x19, 0xEF,
    0xA2, 0x43, 0x30, 0x06, 0x84, 0x9A, 0x60, 0xDD, 0x68, 0x62, 0x85, 0x2E, 0x3B, 0x25, 0xCD, 0x4A,
    0x79, 0xC1, 0xF9, 0xB0, 0xF3, 0xB7, 0x26, 0x8F, 0x97, 0x8A, 0xC4, 0x32, 0x82, 0x94, 0xFD, 0xD9,
    0xC5, 0x64, 0x57, 0xD2, 0x1B, 0x41, 0x5F, 0x89, 0x33, 0x79, 0xD8, 0x54, 0x61, 0x96, 0x11, 0x3E,
    0xF1, 0x1C, 0x64, 0xCF, 0x21, 0xFC, 0xA7, 0x48, 0x88, 0xD1, 0x46, 0x02, 0x3B, 0xDA, 0x0B, 0x7B,
    0x9A, 0xA4, 0xEE, 0x64, 0xED, 0x3D, 0xDD, 0x11, 0x3F, 0x39, 0x10, 0xD5, 0xCF, 0x12, 0xC2, 0x0B,
    0x92, 0xD7, 0x23, 0xC4, 0xE8, 0x62, 0x40, 0xE4, 0x0A, 0x32, 0x90, 0x33, 0xC1, 0x51, 0x8C, 0x3A,
    0x57, 0x3D, 0x57, 0x1D, 0x34, 0x29, 0x43, 0xDA, 0xBD, 0xB9, 0x77, 0x64, 0xDE, 0xE5, 0x4B, 0x5A,
    0xE7, 0x3A, 0x19, 0x03, 0xAE, 0x0A, 0x2F, 0xA4, 0xEC, 0x2D, 0xD1, 0x54, 0x20, 0x5F, 0xEB, 0x6C,
    0x77, 0x20, 0xDF, 0xFE, 0xC7, 0x0C, 0x69, 0x42, 0xF8, 0xBB, 0x0B, 0xBC, 0x09, 0xEC, 0x2F, 0x51,
    0xCA, 0x18, 0x8F, 0x56, 0x8B, 0xEF, 0x04, 0x7C, 0x79, 0x67, 0x07, 0x8D, 0xAB, 0x0F, 0x53, 0xB9,
    0xFA, 0x6B, 0xCE, 0xBF, 0xAE, 0xE5, 0x7A, 0x08, 0x57, 0xDF, 0x5D, 0x8A, 0x8F, 0x93, 0x3F, 0x80,
    0x27, 0x7F, 0x6B, 0x62, 0x9B, 0xCA, 0xC6, 0xE3, 0x57, 0x5D, 0xA1, 0xB3, 0x5F, 0x49, 0xEE, 0x83,
    0xAB, 0x20, 0xD8, 0x71, 0x55, 0xB2, 0x55, 0xC0, 0x05, 0xD3, 0x0F, 0x27, 0x6C, 0xE8, 0x58, 0x31,
    0x52, 0xDE, 0xE6, 0x17, 0x92, 0xDF, 0xE8, 0xCA, 0x9B, 0xC6, 0xFA, 0xDA, 0xBA, 0x68, 0xE7, 0xFB,
    0xCD, 0x63, 0x84, 0x4E, 0xF8, 0xFE, 0x21, 0xD8, 0xFD, 0x79, 0x42, 0xD0, 0x1C, 0x4D, 0x67, 0x0F,
    0xCA, 0xAD, 0x80, 0x06, 0xA2, 0xF5, 0x7B, 0x31, 0xA2, 0x24, 0xD3, 0x66, 0x11, 0x38, 0xD4, 0x2B,
    0x2D, 0x96, 0x12, 0x2D, 0x61, 0x22, 0xFB, 0x2E, 0xD8, 0xC2, 0x7F, 0x02, 0x87, 0x42, 0x13, 0x1C,
    0x18, 0x57, 0x54, 0xE6, 0x8A, 0x40, 0x0E, 0xBA, 0xB6, 0x4A, 0x82, 0xFB, 0x71, 0xA1, 0x8F, 0x1F,
    0xED, 0x8F, 0x71, 0xEC, 0x42, 0x19, 0xF7, 0xBD, 0xDD, 0x7E, 0x20, 0x08, 0x14, 0x7A, 0x3F, 0xDE,
    0xD1, 0xFF, 0x73, 0x3C, 0xC3, 0xC8, 0x7C, 0x92, 0xC1, 0x0E, 0x16, 0xC7, 0xAF, 0x4D, 0x2F, 0x5F,
    0x65, 0x64, 0x14, 0x00, 0x70, 0x38, 0xA7, 0x97, 0x11, 0xF3, 0xCD, 0xBD, 0x33, 0xCE, 0xC2, 0x7A,
    0x61, 0x14, 0xF7, 0x6A, 0x12, 0xF6, 0xB2, 0x9F, 0x08, 0x81, 0xCF, 0xC0, 0x40, 0xBA, 0x51, 0x5F,
    0x20, 0x74, 0xF7, 0xDF, 0x78, 0x93, 0x92, 0xCD, 0x3B, 0x32, 0x18, 0x66, 0x30, 0x0E, 0xD6, 0x3D,
    0x3F, 0x28, 0x01, 0x55, 0x42, 0x61, 0x7B, 0x7D, 0x3A, 0xA5, 0xDB, 0xB7, 0x0A, 0x9C, 0x62, 0xB8,
    0x32, 0xAE, 0x11, 0xE7, 0xE2, 0x31, 0x7F, 0x63, 0x92, 0xFB, 0x2B, 0x4C, 0x2C, 0x26, 0x1F, 0x66,
    0xCE, 0xB9, 0x31, 0x34, 0x3F, 0xCB, 0xC5, 0xCF, 0xEA, 0xCE, 0xA2, 0xB5, 0x1E, 0xC5, 0x17, 0xAE,
    0xFE, 0x0E, 0x76, 0x5F, 0x25, 0xC5, 0x5C, 0xED, 0xDA, 0xE4, 0x1F, 0xCA, 0xDB, 0xF6, 0x17, 0x84,
    0xBF, 0x56, 0xDA, 0xAE, 0xB1, 0x72, 0x56, 0x0F, 0xF5, 0xC8, 0x5F, 0x35, 0x56, 0x53, 0x35, 0x95,
    0x73, 0x39, 0x17, 0x8B, 0xFF, 0xE5, 0x6B, 0xBE, 0x66, 0x5B, 0xB6, 0xC9, 0x2A, 0x8F, 0x09, 0x13,
    0x12, 0x81, 0x13, 0x9B, 0xBF, 0xD2, 0xEE, 0x6F, 0x33, 0x94, 0xEA, 0x13, 0x43, 0x69, 0xEE, 0x38,
    0x46, 0xCF, 0x3B, 0xD8, 0xF4, 0x3B, 0x08, 0x55, 0x8F, 0xCC, 0x70, 0x39, 0xCA, 0x5E, 0x8F, 0xF9,
    0x56, 0xCD, 0xE5, 0x52, 0x2E, 0xF5, 0x58, 0xAC, 0xC1, 0x8A, 0xA2, 0x6D, 0xF9, 0xAF, 0x0F, 0x4E,
    0xA7, 0xC7, 0xAD, 0x12, 0x66, 0x7E, 0xB2, 0x29, 0xD5, 0x4E, 0xCD, 0x54, 0xF3, 0x37, 0x09, 0x1B,
    0xC3, 0x4A, 0xB0, 0xEA, 0x54, 0xDC, 0x5C, 0xCE, 0xC5, 0x5A, 0xCF, 0xD9, 0xA5, 0x4E, 0x7C, 0x67,
    0x57, 0xB2, 0x9D, 0xDB, 0x31, 0x74, 0x61, 0x0C, 0xAC, 0x2E, 0xBE, 0xEE, 0x1A, 0x5A, 0x8D, 0x6B,
    0xB5, 0x35, 0x13, 0xE1, 0x5E, 0x1D, 0x10, 0x10, 0xF9, 0xBD, 0xE3, 0x3C, 0xB8, 0xDB, 0x81, 0x71,
    0x16, 0x0C, 0xEE, 0x17, 0x6C, 0xA9, 0xE9, 0x6C, 0xE7, 0x5A, 0xED, 0xCF, 0x52, 0x6D, 0x25, 0xA3,
    0x9E, 0x32, 0xCE, 0xD4, 0x8C, 0x59, 0x6A, 0xC7, 0x3C, 0x05, 0x18, 0x5B, 0xC5, 0x0B, 0xD7, 0x71,
    0xEA, 0x8D, 0x4F, 0xD4, 0x43, 0xFE, 0x99, 0x85, 0x54, 0xE5, 0xAF, 0x2D, 0x6C, 0xB9, 0x96, 0xC7,
    0xD3, 0xAD, 0x5E, 0x8B, 0xB5, 0x99, 0x8A, 0xC5, 0x5F, 0x46, 0xCE, 0x67, 0x26, 0x61, 0xAC, 0xE6,
    0xF6, 0xA6, 0x87, 0xF3, 0x50, 0x2A, 0x13, 0xFC, 0xC2, 0xE3, 0xCF, 0xC0, 0xA3, 0x7E, 0x32, 0xF8,
    0xD6, 0x9D, 0xD7, 0x8B, 0x7B, 0x7B, 0xB5, 0x00, 0x73, 0x54, 0x1E, 0x6A, 0x52, 0x59, 0xD4, 0x19,
    0x98, 0xC1, 0xDD, 0xA2, 0x9C, 0x9D, 0xCA, 0xC9, 0x06, 0x03, 0x4F, 0x8A, 0xF4, 0x06, 0xAC, 0x06,
    0x36, 0x5B, 0x70, 0x16, 0x23, 0x7D, 0x23, 0x0D, 0x3D, 0x2A, 0xDF, 0x39, 0xFC, 0xEA, 0x26, 0x7C,
    0x70, 0x0F, 0xEA, 0x28, 0xAF, 0x53, 0xB9, 0x5F, 0xCE, 0xF5, 0x52, 0xCF, 0xCD, 0xCB, 0x67, 0x3C,
    0x4E, 0x67, 0x96, 0x01, 0x9C, 0x90, 0x30, 0x2D, 0x28, 0x19, 0x4D, 0x87, 0xA9, 0x48, 0xB0, 0x85,
    0xE3, 0x0B, 0xBB, 0x48, 0x52, 0xC0, 0xE4, 0xDA, 0x12, 0xE8, 0x27, 0xC9, 0x0A, 0xFF, 0x3F, 0x9E,
    0xE3, 0x82, 0x6C, 0xCE, 0x95, 0x32, 0xA9, 0x43, 0xD6, 0x3F, 0x67, 0x0C, 0x9C, 0xF7, 0x43, 0xED,
    0x13, 0x33, 0xF2, 0x56, 0xF2, 0xBD, 0xB8, 0x7E, 0xC1, 0xA6, 0x88, 0x7F, 0xFA, 0x6B, 0x16, 0xB3,
    0xFE, 0xD4, 0xDF, 0xD9, 0x7E, 0xFA, 0x6B, 0xD3, 0x63, 0xB4, 0x7A, 0xA2, 0xF8, 0x0A, 0x9D, 0x11,
    0x85, 0xFD, 0x0F, 0x4D, 0x13, 0x19, 0x9B, 0x53, 0x27, 0x8A, 0xFF, 0xFD, 0x18, 0x77, 0x9D, 0x3A,
    0xBA, 0xEE, 0x80, 0x76, 0xD5, 0x2F, 0x8C, 0x8F, 0xB9, 0xB7, 0x1F, 0xAD, 0x37, 0x71, 0x43, 0x15,
    0x9B, 0x32, 0xED, 0x02, 0xDA, 0x1B, 0xFA, 0x96, 0x4A, 0xA5, 0xB8, 0x78, 0x8C, 0x59, 0x08, 0xC4,
    0xD9, 0x40, 0x17, 0x83, 0x6F, 0x2C, 0xBF, 0xFC, 0x26, 0xD8, 0x7E, 0x62, 0xAA, 0xBE, 0x05, 0x77,
    0x55, 0x03, 0xDF, 0x4A, 0x36, 0x50, 0xF8, 0x1D, 0xC0, 0x2E, 0x3D, 0x03, 0x8D, 0x92, 0x03, 0x45,
    0x92, 0x83, 0xE8, 0xDB, 0xE5, 0xAD, 0x1B, 0x39, 0x86, 0x5E, 0x3F, 0xC7, 0x06, 0x58, 0xA6, 0xA3,
    0xAA, 0x17, 0xAB, 0x37, 0x24, 0x5F, 0xCA, 0xAD, 0x5A, 0xCB, 0x59, 0x18, 0xF3, 0x12, 0x97, 0xCB,
    0x85, 0x5F, 0x7D, 0xD8, 0x1C, 0x66, 0x5B, 0x38, 0x0C, 0x61, 0x0E, 0x6B, 0x60, 0x3D, 0x2E, 0xDF,
    0x96, 0x7C, 0xA7, 0xE8, 0xE1, 0xC3, 0xC7, 0x96, 0x32, 0x1C, 0x6D, 0x32, 0x77, 0x62, 0x81, 0xE3,
    0xF5, 0x2F, 0x3A, 0xCB, 0xEB, 0x5F, 0x74, 0x38, 0x7C, 0x13, 0x08, 0x57, 0x76, 0x7F, 0xA6, 0xD4,
    0x9B, 0x98, 0xA4, 0xC5, 0xDE, 0xF9, 0x27, 0x4F, 0x89, 0xC0, 0x53, 0xA0, 0xFA, 0xC4, 0xF8, 0xEF,
    0x3B, 0x21, 0x7C, 0x43, 0x27, 0x1B, 0x3F, 0xC0, 0x0F, 0xC7, 0x7D, 0x7B, 0x6D, 0xE3, 0xC7, 0x83,
    0x51, 0x71, 0xA0, 0x8E, 0x0E, 0x04, 0x9A, 0x64, 0x07, 0xCB, 0xD0, 0x54, 0x7F, 0x24, 0x6F, 0xED,
    0x5F, 0x22, 0xC8, 0xBE, 0xC6, 0x16, 0xE0, 0x57, 0xB5, 0x8B, 0xFA, 0xB9, 0x5D, 0xCA, 0x54, 0x1D,
    0xB5, 0x5A, 0xBE, 0x1E, 0xB2, 0x67, 0x29, 0x4F, 0x45, 0x2A, 0x36, 0x7E, 0xB2, 0xAE, 0xCE, 0xA3,
    0x9F, 0x7C, 0xF4, 0xF6, 0xB7, 0xF4, 0x4B, 0x58, 0x9A, 0x21, 0xDF, 0xDB, 0xB5, 0x5D, 0x85, 0x10,
    0x21, 0x14, 0x95, 0x8F, 0x3C, 0x30, 0xEF, 0x3F, 0x57, 0x21, 0x34, 0xBA, 0x28, 0xA2, 0x1E, 0x23,
    0xA6, 0x15, 0xB1, 0x73, 0xC1, 0xE3, 0x98, 0xBF, 0x2C, 0xD9, 0xAC, 0xE0, 0xBB, 0xDC, 0x2E, 0x8C,
    0xD2, 0xE7, 0xED, 0xAF, 0x0B, 0xC6, 0xE7, 0x2B, 0x3A, 0xF4, 0x08, 0x26, 0xE6, 0x8B, 0xDA, 0x69,
    0x27, 0x7C, 0x3E, 0x63, 0xBE, 0x6E, 0x7C, 0x91, 0x8E, 0x2D, 0x1D, 0x1E, 0xC6, 0x97, 0x71, 0x34,
    0x2B, 0xAC, 0x5C, 0xF0, 0xE5, 0x01, 0xEC, 0x62, 0xF5, 0xED, 0xEE, 0x8C, 0xAB, 0x69, 0xEE, 0x0E,
    0xD3, 0x3B, 0xE8, 0xD4, 0x03, 0xD1, 0xC6, 0xEB, 0xF3, 0xCC, 0x76, 0xAD, 0xD7, 0x10, 0x4D, 0xA4,
    0x74, 0xBD, 0x64, 0x87, 0xB9, 0xF7, 0x60, 0x7B, 0x12, 0x7D, 0xA8, 0x0B, 0x03, 0x35, 0xA8, 0xDA,
    0xAC, 0x86, 0x2C, 0xD4, 0xBD, 0xD7, 0x35, 0x24, 0x7E, 0xCD, 0x2E, 0x58, 0xF6, 0x5A, 0x6F, 0x53,
    0x71, 0xB9, 0xF3, 0xAB, 0xCA, 0x5C, 0x6E, 0x36, 0x2D, 0x5E, 0x08, 0x0C, 0xBA, 0x62, 0x35, 0xB0,
    0x08, 0xE8, 0x09, 0x80, 0xC8, 0xF4, 0x9A, 0x6F, 0x46, 0xBA, 0x79, 0xC6, 0x64, 0x87, 0xBE, 0x0F,
    0x49, 0x01, 0xBC, 0x28, 0x12, 0x96, 0x22, 0x3D, 0x83, 0x8E, 0x00, 0x4D, 0x45, 0x1E, 0xED, 0x57,
    0xAC, 0x29, 0x6D, 0xF0, 0x36, 0x4B, 0x97, 0x56, 0x29, 0xCB, 0x84, 0x1D, 0xEA, 0x0D, 0x56, 0x7A,
    0x0B, 0xB3, 0xBE, 0xAB, 0x96, 0xDE, 0x2B, 0x25, 0x75, 0x64, 0xAA, 0x94, 0xFA, 0xF2, 0xAD, 0xFB,
    0x1B, 0x34, 0x59, 0x7C, 0x5F, 0x2A, 0x5D, 0x59, 0xD1, 0x70, 0xE6, 0xFB, 0xA3, 0xB5, 0xD0, 0xB8,
    0x97, 0xAA, 0xC7, 0xC3, 0xF8, 0xF1, 0x21, 0xFC, 0x5C, 0x16, 0xF3, 0x4D, 0x0E, 0x73, 0x37, 0xF5,
    0xE1, 0x6E, 0x8D, 0xD8, 0x3B, 0x96, 0xAF, 0xD2, 0xDB, 0x19, 0x89, 0x2B, 0x7F, 0x63, 0x12, 0x2A,
    0x6B, 0x33, 0xF5, 0x03, 0x79, 0xDD, 0xAE, 0x54, 0xFD, 0x89, 0xBD, 0x6D, 0xE8, 0xCB, 0x67, 0x33,
    0xB5, 0x42, 0xD1, 0x8B, 0xBE, 0x63, 0xAA, 0x79, 0xB2, 0x9B, 0xE9, 0x47, 0x3A, 0x08, 0x9F, 0xBF,
    0x44, 0x73, 0xCE, 0xC1, 0xB8, 0xCF, 0xBF, 0x64, 0x2E, 0xCF, 0xAE, 0x1F, 0xDF, 0xFF, 0xF9, 0xF3,
    0xAA, 0x1D, 0x8F, 0x60, 0xC7, 0x7F, 0xF1, 0xA3, 0x45, 0xA3, 0x4B, 0xA9, 0x5D, 0xD8, 0x9A, 0xBD,
    0x5F, 0xDB, 0x14, 0x97, 0x36, 0x3D, 0x5B, 0xDE, 0x4A, 0xF5, 0x52, 0x6C, 0x35, 0x8F, 0xA8, 0xA9,
    0x5C, 0x9B, 0xB1, 0x5C, 0xDA, 0xB1, 0xB2, 0xD3, 0x5C, 0x31, 0x36, 0x73, 0x78, 0x19, 0xFF, 0xBB,
    0x55, 0xDD, 0x8D, 0x66, 0xCA, 0xF5, 0x6B, 0x1B, 0x01, 0x96, 0x7A, 0xFD, 0x82, 0xA6, 0x68, 0xB0,
    0x3D, 0xDD, 0x33, 0x7D, 0x5C, 0x24, 0xD2, 0x38, 0x15, 0x46, 0x66, 0xE7, 0xAD, 0xED, 0x68, 0x58,
    0xE9, 0x87, 0xD1, 0x20, 0x32, 0x0F, 0xCA, 0x8C, 0x24, 0xA1, 0x46, 0x02, 0xE7, 0x5F, 0xB9, 0x88,
    0xA9, 0x5C, 0x13, 0x25, 0xA4, 0x70, 0x75, 0x26, 0x9E, 0xDE, 0x94, 0xF6, 0xFD, 0x89, 0x11, 0xD2,
    0xEE, 0x30, 0xA5, 0x8D, 0x7E, 0x95, 0x31, 0x06, 0x33, 0x6D, 0xDA, 0xFB, 0xF8, 0x5D, 0xF4, 0x6B,
    0x78, 0x65, 0xFD, 0xF5, 0x68, 0x15, 0x1B, 0xA9, 0x55, 0xC1, 0x9D, 0xCD, 0x81, 0x9D, 0xA5, 0xF1,
    0xD5, 0x62, 0xBD, 0x22, 0x78, 0x8C, 0xB0, 0x58, 0xAF, 0x53, 0xA1, 0x43, 0x30, 0x18, 0xE3, 0x96,
    0x5D, 0xFE, 0xF4, 0x78, 0xEC, 0xBF, 0xA8, 0x96, 0x94, 0xC8, 0xC2, 0x1F, 0x64, 0xE7, 0xC5, 0x7D,
    0xCD, 0x57, 0x96, 0xEF, 0x0F, 0xF4, 0x2F, 0xAE, 0xBB, 0xB0, 0x57, 0x3A, 0xF6, 0x5B, 0x61, 0x30,
    0x67, 0x3A, 0x98, 0x0C, 0x3A, 0x3A, 0x96, 0xE0, 0x90, 0x5D, 0x4E, 0x8F, 0x6E, 0xA8, 0x30, 0x58,
    0xAA, 0x17, 0x06, 0x56, 0x2D, 0x84, 0x8B, 0xAF, 0xC7, 0x8B, 0xF5, 0x00, 0x3F, 0x4E, 0xA0, 0xC2,
    0x29, 0x37, 0x9B, 0xFE, 0xE0, 0xF4, 0x67, 0x28, 0x08, 0x08, 0x0D, 0x3D, 0x90, 0xDB, 0x2F, 0xAE,
    0x42, 0x59, 0x9E, 0x41, 0xA5, 0x09, 0x43, 0x34, 0xC5, 0x2B, 0x58, 0xA8, 0x47, 0x32, 0x67, 0x69,
    0xDB, 0x75, 0xD5, 0xDC, 0x4F, 0xF5, 0xF7, 0xB4, 0x13, 0x56, 0x95, 0xAC, 0x29, 0x7B, 0x9E, 0x62,
    0xC5, 0x52, 0x26, 0x9B, 0xCA, 0x9B, 0xA7, 0x73, 0x50, 0x52, 0x97, 0xCC, 0x45, 0xD5, 0x85, 0xDD,
    0xA3, 0x65, 0x3D, 0xF2, 0x0B, 0x7E, 0x3B, 0x10, 0xD6, 0x1C, 0xD6, 0x8D, 0xC3, 0xAB, 0x4D, 0x96,
    0xA4, 0x5D, 0x59, 0x6B, 0x3E, 0x5A, 0xA5, 0xF0, 0xC3, 0x7F, 0xC7, 0x20, 0xAE, 0xE8, 0xFA, 0xBA,
    0x77, 0x63, 0x5F, 0x6D, 0x82, 0xCC, 0xEA, 0x03, 0xF3, 0xE9, 0xF2, 0x9B, 0xFC, 0xF0, 0x4E, 0xED,
    0xF2, 0xB8, 0x4D, 0xF7, 0x8A, 0x7C, 0xF5, 0xBA, 0xF7, 0x74, 0xAF, 0xC8, 0xA3, 0xC0, 0x7F, 0xC6,
    0x6B, 0xAC, 0xC5, 0x46, 0x67, 0x0E, 0x8B, 0x87, 0xED, 0x97, 0x99, 0x81, 0xD5, 0xCE, 0x00, 0x9B,
    0x17, 0xDE, 0x93, 0xE3, 0x8A, 0xC3, 0xEC, 0x72, 0x24, 0x0E, 0xEB, 0x4A, 0x5D, 0x99, 0x84, 0x3D,
    0x8A, 0xC7, 0x99, 0x15, 0x88, 0x56, 0x78, 0x02, 0xFE, 0x13, 0xFE, 0xCB, 0x44, 0xFE, 0x0F, 0xCD,
    0x9A, 0x01, 0xA4, 0x27, 0x49, 0x7E, 0xC7, 0xBF, 0xDD, 0x75, 0x6F, 0xFA, 0x2E, 0x2D, 0xA9, 0xC3,
    0xCE, 0x5D, 0x18, 0xD2, 0x41, 0x40, 0xC8, 0x16, 0x00, 0xEC, 0x4C, 0xF5, 0xDC, 0xE1, 0x44, 0x90,
    0x87, 0x79, 0xB7, 0x64, 0x31, 0x00, 0x11, 0x2E, 0xEF, 0x10, 0xC0, 0xEE, 0xEB, 0x4E, 0x16, 0x8B,
    0xC0, 0x42, 0x1C, 0x82, 0x04, 0x02, 0x42, 0x06, 0x20, 0x98, 0x37, 0x5D, 0x9B, 0x45, 0x44, 0x30,
    0xBD, 0x77, 0xB7, 0x16, 0x8B, 0x6B, 0x9B, 0x9D, 0xC4, 0x59, 0xBC, 0x92, 0xAD, 0xBD, 0xE9, 0xB7,
    0xAF, 0xBA, 0xBF, 0xA9, 0x5F, 0x75, 0x7B, 0x6F, 0x6F, 0x32, 0x49, 0x76, 0xE7, 0xB2, 0x77, 0xD3,
    0xDB, 0xF5, 0xF9, 0xF5, 0x6B, 0xAF, 0x7E, 0xBF, 0xEF, 0xEF, 0x57, 0xF5, 0xEA, 0x5F, 0xF3, 0xAF,
    0xC5, 0xAB, 0xC5, 0xAA, 0xA8, 0xD6, 0x32, 0xE2, 0xB0, 0x88, 0x65, 0x54, 0x51, 0xCD, 0x2A, 0x54,
    0xA1, 0xF6, 0xDA, 0xEB, 0xA9, 0x99, 0x9A, 0xD1, 0x38, 0x9B, 0xFE, 0xEB, 0xFA, 0xAE, 0x1D, 0x5A,
    0xE0, 0x14, 0xC0, 0x7D, 0xA0, 0x5E, 0x5B, 0x74, 0x67, 0x53, 0x41, 0x86, 0x8A, 0x9C, 0xF5, 0xCF,
    0x1E, 0xCF, 0xCD, 0x8F, 0x3E, 0xF6, 0xE6, 0x6D, 0x0F, 0xFB, 0xFA, 0x04, 0xFB, 0x46, 0x6A, 0x7F,
    0xF9, 0x0E, 0xEC, 0xC3, 0x87, 0x93, 0x21, 0x47, 0x4D, 0xF6, 0xD5, 0xBA, 0xA2, 0xE0, 0x87, 0x80,
    0x01, 0x60, 0x01, 0xA0, 0x99, 0x13, 0x3A, 0x26, 0x90, 0x2D, 0xCA, 0xA5, 0x03, 0x54, 0x1C, 0x12,
    0xE6, 0xEF, 0x25, 0x04, 0x00, 0x95, 0x4F, 0x18, 0x38, 0x01, 0xDC, 0x30, 0x02, 0x77, 0x1F, 0xB5,
    0x40, 0x33, 0x22, 0xC1, 0x25, 0x18, 0x81, 0xCD, 0xE8, 0x05, 0xAD, 0xF8, 0x04, 0x70, 0x7D, 0x38,
    0x3A, 0x84, 0x25, 0x03, 0xEC, 0xFB, 0xF4, 0xB0, 0x4C, 0x68, 0xA2, 0x74, 0x90, 0xA8, 0xD7, 0xDE,
    0x4C, 0x28, 0x5A, 0xFC, 0x76, 0xE5, 0x30, 0xD7, 0x17, 0x17, 0xB3, 0x22, 0xC7, 0x82, 0x6C, 0x55,
    0x30, 0xBD, 0x9A, 0x74, 0x5F, 0x8D, 0x4D, 0x5B, 0x4D, 0x16, 0x15, 0x57, 0x34, 0x24, 0xBA, 0xE1,
    0x9E, 0x7B, 0x15, 0xBA, 0xFD, 0x3A, 0x0A, 0x18, 0xCE, 0x96, 0xC1, 0x30, 0x58, 0xFA, 0xED, 0xBE,
    0xCE, 0xC3, 0x1B, 0xCB, 0x21, 0x08, 0x1D, 0x80, 0xAE, 0x37, 0x13, 0x20, 0x45, 0x13, 0x75, 0x14,
    0xA1, 0x1F, 0x2C, 0x89, 0xFA, 0xB1, 0x44, 0xAE, 0xE9, 0x01, 0x4D, 0x26, 0x23, 0x9C, 0xC4, 0x3B,
    0x47, 0x98, 0x4C, 0x9B, 0xE8, 0x76, 0x42, 0xCD, 0xC0, 0x5E, 0x07, 0xBC, 0x72, 0xDE, 0x02, 0x85,
    0xBC, 0x16, 0xF6, 0x40, 0x29, 0x25, 0xC3, 0xE5, 0x78, 0xF9, 0x3A, 0xFD, 0xA7, 0x27, 0x3D, 0xE2,
    0xF2, 0xAA, 0xF2, 0x1B, 0x79, 0xD7, 0xB8, 0x3C, 0x86, 0x3D, 0x9A, 0x15, 0x18, 0xE8, 0xCA, 0xD0,
    0x38, 0x35, 0xD5, 0xAE, 0x1A, 0xEB, 0xBE, 0x9A, 0x00, 0xC5, 0x39, 0xB5, 0x15, 0x35, 0x09, 0x9D,
    0xC6, 0xB9, 0x69, 0x4D, 0x9B, 0xC6, 0x1D, 0x86, 0x0B, 0x1A, 0x46, 0x5C, 0x4B, 0xF6, 0x77, 0x70,
    0x8A, 0x57, 0x71, 0x1F, 0xA7, 0xC5, 0x8C, 0x4E, 0x4A, 0x29, 0xE1, 0xD1, 0xBC, 0x6A, 0xE3, 0xEF,
    0xFD, 0xD9, 0x65, 0x44, 0x06, 0x48, 0x00, 0x02, 0xEA, 0x1C, 0xDD, 0x28, 0x03, 0x54, 0x79, 0x9C,
    0xE0, 0x85, 0xD4, 0x69, 0xAE, 0xD8, 0xDF, 0x57, 0x93, 0xE1, 0x74, 0xAB, 0x76, 0x43, 0xE5, 0xAD,
    0xBE, 0x1D, 0xB5, 0x37, 0x8D, 0x4A, 0x62, 0xCC, 0x8B, 0x95, 0xFF, 0x35, 0x98, 0x9B, 0xB5, 0x07,
    0x6E, 0xDD, 0xAC, 0x27, 0xE0, 0xE6, 0x4D, 0xED, 0x8B, 0xFE, 0xD5, 0xF4, 0x46, 0x8D, 0xF3, 0xAD,
    0x6A, 0x6E, 0xDE, 0xF2, 0x46, 0x91, 0x6A, 0x6A, 0xDA, 0x61, 0xD6, 0xBD, 0x1E, 0x0F, 0x5A, 0x2B,
    0xA5, 0x29, 0x23, 0x0A, 0xB6, 0xC7, 0x52, 0x6F, 0x52, 0xC6, 0x95, 0x53, 0xE2, 0x1D, 0x28, 0xB6,
    0x35, 0x9D, 0x3E, 0x73, 0x9A, 0xCE, 0xDC, 0xEB, 0x6F, 0x36, 0xAD, 0xE5, 0x68, 0x79, 0x2E, 0x29,
    0x7D, 0xF5, 0xAB, 0x78, 0xE9, 0xA5, 0x62, 0x9E, 0xAB, 0x8B, 0xB9, 0xA1, 0xEF, 0xE8, 0x2C, 0xC7,
    0xF4, 0x50, 0x7F, 0x34, 0xA9, 0x1F, 0x8D, 0x70, 0x0E, 0xC0, 0xC1, 0xD1, 0xD1, 0xA1, 0x21, 0x27,
    0x4B, 0xE9, 0x45, 0x07, 0xE8, 0xD4, 0x9A, 0xD4, 0x4C, 0x0F, 0x5C, 0x6F, 0xAF, 0x1F, 0xDD, 0xB1,
    0x79, 0x12, 0x48, 0x29, 0xE4, 0xBA, 0x0C, 0xDD, 0x71, 0x05, 0x14, 0xA5, 0x4F, 0xB3, 0x60, 0xF0,
    0x52, 0x86, 0x7A, 0x06, 0xC9, 0xBF, 0x88, 0xEA, 0x82, 0xF4, 0x4B, 0xE5, 0xEF, 0x2B, 0xFF, 0x40,
    0xBB, 0xB9, 0xF0, 0x5D, 0xD3, 0x27, 0x5A, 0xD3, 0x86, 0x6A, 0xB2, 0x56, 0x86, 0xF7, 0xC4, 0x96,
    0x5C, 0x70, 0x6A, 0x4B, 0x3F, 0x23, 0x5A, 0x35, 0xC5, 0x42, 0xF8, 0xE0, 0xE3, 0x60, 0x87, 0xD8,
    0x7D, 0x34, 0x19, 0xCE, 0xE6, 0x9E, 0xD3, 0x01, 0x60, 0x5B, 0xAF, 0xB8, 0xB1, 0xA0, 0x24, 0xE9,
    0x73, 0xD1, 0x7B, 0xA0, 0xE6, 0x0C, 0x24, 0x7D, 0xD2, 0x8E, 0xEC, 0xDA, 0x2D, 0xDD, 0x02, 0x34,
    0xBD, 0x1D, 0x2F, 0x46, 0xBA, 0xAE, 0xFD, 0x8A, 0xA4, 0x21, 0x77, 0xE3, 0x8A, 0xE3, 0x1F, 0xD7,
    0x8C, 0xE9, 0xD6, 0x8C, 0xE8, 0x80, 0x13, 0xE0, 0x01, 0xB0, 0xA4, 0x6E, 0x87, 0x56, 0xD2, 0x9E,
    0x3A, 0x99, 0x93, 0x01, 0x5C, 0xD4, 0xF9, 0xA0, 0x26, 0xA3, 0xA6, 0x5B, 0xC0, 0x6B, 0x28, 0x67,
    0x98, 0xA9, 0x64, 0xAB, 0x93, 0xED, 0xFF, 0xD1, 0x1E, 0xED, 0x25, 0x90, 0x29, 0x99, 0x5A, 0x5B,
    0x1C, 0x71, 0x9B, 0xB6, 0x7A, 0x04, 0x6C, 0x00, 0x24, 0xFE, 0x77, 0xD7, 0xFD, 0xEF, 0xFD, 0x16,
    0x5E, 0x4C, 0x2E, 0xEC, 0x0F, 0x66, 0x34, 0xF4, 0xA8, 0xD8, 0xA2, 0x9A, 0xB4, 0x33, 0xED, 0x89,
    0xF4, 0x69, 0x16, 0x54, 0xC1, 0x44, 0x0C, 0x3E, 0x81, 0xFE, 0x9B, 0x82, 0xE4, 0x89, 0x93, 0x0A,
    0x05, 0xC7, 0x2A, 0x94, 0x74, 0x95, 0x4F, 0xA8, 0xBD, 0xA2, 0xD3, 0x82, 0x66, 0xAA, 0xF8, 0x68,
    0xF8, 0x69, 0x45, 0x72, 0xA9, 0x13, 0xA2, 0xFE, 0x21, 0xDF, 0x98, 0x65, 0x9C, 0x20, 0xD8, 0x57,
    0x87, 0x6D, 0x4D, 0xB8, 0x04, 0xE4, 0x3A, 0x26, 0x15, 0xB9, 0x6A, 0x72, 0x31, 0xA9, 0x59, 0x32,
    0x0E, 0xA9, 0x91, 0x9C, 0xA5, 0x0D, 0x94, 0xA4, 0xE8, 0x6D, 0x6A, 0x75, 0x6A, 0xB8, 0x7D, 0x31,
    0xA1, 0xBC, 0x18, 0xA1, 0x2E, 0x1C, 0x14, 0x53, 0x3B, 0x73, 0xA8, 0xCE, 0x7A, 0xD4, 0xA9, 0xE9,
    0xB3, 0x16, 0x9A, 0xC8, 0xAD, 0x19, 0x00, 0xF3, 0x00, 0xB8, 0x7E, 0x07, 0x07, 0xB0, 0x3D, 0x1D,
    0xFB, 0x13, 0x28, 0x59, 0x4A, 0x9D, 0x85, 0x5A, 0xD4, 0x52, 0x44, 0xDC, 0xC7, 0x8C, 0xB9, 0x08,
    0xA5, 0x2F, 0xBD, 0x9A, 0xD4, 0x74, 0xE3, 0x43, 0x1B, 0xBB, 0x19, 0xD7, 0x51, 0xCA, 0x22, 0xE9,
    0x9B, 0x6F, 0xF9, 0x5B, 0x85, 0xBF, 0x59, 0xFA, 0x5B, 0xD5, 0x64, 0xE9, 0x0C, 0x7F, 0x6A, 0x19,
    0xAF, 0x5D, 0x43, 0xFD, 0x07, 0xAD, 0x7E, 0x98, 0xA6, 0xB3, 0xD7, 0x9C, 0x15, 0x63, 0xC3, 0x20,
    0xD3, 0xD9, 0xB6, 0x2F, 0xBD, 0x84, 0xEF, 0x7F, 0x1F, 0x40, 0xF2, 0x7E, 0x89, 0x98, 0x80, 0xFB,
    0x82, 0xF9, 0x12, 0x01, 0x40, 0xE1, 0x13, 0x4A, 0x81, 0xF2, 0xE5, 0x04, 0x35, 0x55, 0x1E, 0x6A,
    0xD4, 0x2E, 0xDA, 0x68, 0xBE, 0x15, 0xBB, 0x78, 0x52, 0xCF, 0xDD, 0x1C, 0xCD, 0x0C, 0x15, 0x86,
    0x80, 0xFA, 0x83, 0xD5, 0x43, 0xFF, 0xEB, 0x7F, 0x7A, 0xD8, 0xE3, 0xFF, 0x08, 0x78, 0x60, 0x99,
    0xD4, 0x77, 0x8C, 0xCA, 0xA3, 0x72, 0xF5, 0x84, 0x4E, 0x2A, 0x3D, 0xCC, 0x25, 0x30, 0x84, 0x67,
    0x0F, 0xCE, 0x39, 0x05, 0xE7, 0xDA, 0xC5, 0xEE, 0x7C, 0xE8, 0x66, 0x8E, 0x16, 0x8A, 0xE3, 0x2D,
    0xD4, 0x1E, 0xAF, 0x41, 0xBB, 0x72, 0x86, 0x6D, 0xCD, 0x84, 0x07, 0xE5, 0x8A, 0x22, 0xEA, 0xE9,
    0x8E, 0x0A, 0x06, 0x73, 0x3D, 0x59, 0x06, 0xED, 0x3A, 0x86, 0x12, 0xFB, 0xDC, 0x43, 0x42, 0x2B,
    0x90, 0x48, 0x11, 0x10, 0x07, 0x80, 0x1D, 0x13, 0xBA, 0x28, 0x58, 0x71, 0x39, 0x03, 0x26, 0x7C,
    0x2D, 0xE1, 0x05, 0x7B, 0x9B, 0x2E, 0x85, 0xE6, 0xB7, 0xA3, 0xE6, 0xAA, 0xE7, 0x72, 0x95, 0xCC,
    0x4B, 0xC9, 0xBC, 0xDA, 0x32, 0xFF, 0xC0, 0xC3, 0x9A, 0xF7, 0xFE, 0x8F, 0xCC, 0x01, 0xDD, 0x6F,
    0x9F, 0x3E, 0xDD, 0xDE, 0x5E, 0x04, 0xF0, 0xBB, 0x2D, 0x60, 0xFB, 0x2D, 0x60, 0x07, 0x14, 0x2B,
    0x50, 0x47, 0xA0, 0xF3, 0x28, 0xE9, 0x50, 0x2F, 0x80, 0xF1, 0xF2, 0x1B, 0xC5, 0xDC, 0x41, 0xCD,
    0xC3, 0xD6, 0xC2, 0xF0, 0xE8, 0xD8, 0x5B, 0xCA, 0x52, 0xC4, 0xB6, 0x64, 0x40, 0xAE, 0x95, 0x10,
    0x65, 0x36, 0x6A, 0x7F, 0xC7, 0x59, 0x4C, 0xB5, 0x99, 0x22, 0xE7, 0x07, 0x0C, 0x9B, 0xE1, 0x22,
    0x54, 0x71, 0x15, 0x53, 0x05, 0x8A, 0xD1, 0x7E, 0x10, 0x63, 0xC6, 0x2E, 0xE7, 0xDF, 0x8B, 0x32,
    0x0C, 0x22, 0x5A, 0x94, 0x19, 0xB7, 0x2F, 0x57, 0xE2, 0x92, 0x1C, 0xB1, 0x7F, 0x2A, 0xC1, 0xBC,
    0x7B, 0x74, 0x37, 0xAB, 0xCC, 0xC5, 0xA4, 0xB8, 0xC3, 0x37, 0xD6, 0x16, 0x37, 0xCE, 0x65, 0x29,
    0xC5, 0x40, 0xD7, 0x25, 0x43, 0xBA, 0xF4, 0x94, 0x8C, 0x38, 0x45, 0xDC, 0xE4, 0x86, 0xA7, 0xC9,
    0x8D, 0x3F, 0x27, 0x77, 0xC9, 0x86, 0xEB, 0x26, 0x97, 0x5F, 0x58, 0xEE, 0xF8, 0xFF, 0x20, 0xB7,
    0xC8, 0xCA, 0xF2, 0x78, 0x64, 0xA7, 0x9B, 0x89, 0xCF, 0xAB, 0xDC, 0x83, 0xDB, 0x87, 0x39, 0xD2,
    0xE3, 0x51, 0x8C, 0xBC, 0xCF, 0xBE, 0x9F, 0xF3, 0x22, 0xEF, 0x57, 0xFD, 0xBD, 0x6C, 0x9A, 0x4D,
    0x0B, 0x97, 0xCF, 0xAD, 0x7A, 0xFD, 0x55, 0xAA, 0x2E, 0x36, 0x49, 0x6A, 0x93, 0x54, 0xFF, 0x43,
    0x36, 0x55, 0xDC, 0xC5, 0x3F, 0xDF, 0x39, 0x28, 0x06, 0xE9, 0xCB, 0x36, 0x8B, 0xCC, 0x8F, 0x9B,
    0xD0, 0x66, 0x7B, 0x14, 0xB1, 0x07, 0x3C, 0x3A, 0x1A, 0x76, 0xC1, 0x2B, 0xF0, 0x60, 0x17, 0xBD,
    0x00, 0xDB, 0x62, 0xCE, 0x22, 0xD9, 0x3F, 0xDE, 0xC4, 0x4B, 0x2D, 0xF6, 0x04, 0xCA, 0x08, 0xEC,
    0x49, 0x7C, 0x7B, 0x39, 0x3A, 0xDA, 0x13, 0x79, 0x9D, 0xE4, 0x9E, 0xCC, 0xDB, 0x12, 0x77, 0x4B,
    0xE8, 0x9F, 0x77, 0x09, 0xC9, 0xBC, 0xEF, 0x01, 0x6C, 0x89, 0xFD, 0x64, 0x7B, 0x14, 0x55, 0x67,
    0x13, 0x80, 0x2D, 0x41, 0x8E, 0x38, 0x68, 0xB7, 0x24, 0xE9, 0xA0, 0xDD, 0x96, 0x68, 0x7E, 0xDC,
    0x92, 0xE5, 0xBB, 0x47, 0xC7, 0x0E, 0x5B, 0xC2, 0x39, 0xDA, 0x96, 0x74, 0x0E, 0x21, 0x89, 0xEF,
    0x8F, 0xC0, 0x0D, 0xBE, 0x09, 0x14, 0xE4, 0x02, 0xD4, 0x39, 0x5B, 0xBB, 0x7E, 0x97, 0x3D, 0x86,
    0x11, 0xD6, 0x25, 0x55, 0x30, 0xBD, 0x8A, 0x12, 0x48, 0x8A, 0xD9, 0x41, 0x4F, 0xC0, 0x35, 0x34,
    0x2E, 0xEB, 0x10, 0x8A, 0x84, 0xA7, 0xD3, 0x61, 0xE7, 0xDF, 0xC2, 0x78, 0x14, 0x0B, 0xF4, 0x8C,
    0x2A, 0xA2, 0xE6, 0x5F, 0x75, 0x7E, 0x1F, 0x39, 0xD1, 0x06, 0x89, 0xFB, 0xE1, 0xE5, 0xEE, 0xBD,
    0x9E, 0x84, 0x7A, 0x9F, 0x59, 0x31, 0xF3, 0x14, 0xC8, 0x59, 0xC4, 0xCC, 0x39, 0x6B, 0x0F, 0x69,
    0x9F, 0x7F, 0xF4, 0x72, 0x40, 0xE5, 0xA1, 0x3C, 0x6A, 0x2F, 0x0F, 0xDA, 0xA3, 0x7C, 0x13, 0x7A,
    0xF3, 0x30, 0x0A, 0x9B, 0x47, 0x47, 0x77, 0x00, 0x23, 0x5D, 0x77, 0x5A, 0xE1, 0x2E, 0xB1, 0x6B,
    0x33, 0x05, 0x18, 0x32, 0x57, 0xE0, 0x24, 0xF3, 0x01, 0xAE, 0xAF, 0x47, 0x47, 0x0B, 0x6C, 0x0E,
    0xDB, 0x09, 0x77, 0x09, 0x00, 0x4C, 0xFB, 0x3C, 0xAA, 0x3A, 0x11, 0x94, 0x6C, 0x9F, 0x2F, 0x55,
    0xC8, 0xAA, 0xDE, 0x93, 0xDE, 0x8A, 0xEE, 0x79, 0xD2, 0x56, 0x06, 0x00, 0x51, 0x14, 0x4D, 0xA9,
    0x8D, 0x20, 0xC7, 0xA4, 0xA5, 0x15, 0x01, 0xA2, 0x43, 0xE2, 0x6F, 0x6D, 0xDC, 0xFF, 0x39, 0xB3,
    0xB7, 0xCB, 0xED, 0x8A, 0xB4, 0x3D, 0xE2, 0x9A, 0x5B, 0x8A, 0x75, 0x08, 0x4B, 0x8F, 0x2E, 0x35,
    0x71, 0x9B, 0x55, 0x14, 0xF3, 0x97, 0x1C, 0x23, 0x02, 0x15, 0xBF, 0xE4, 0x18, 0x00, 0xD4, 0x43,
    0x40, 0x7F, 0xB9, 0x71, 0x12, 0xB8, 0x22, 0x1B, 0xF9, 0x29, 0x91, 0x11, 0x32, 0x41, 0xBA, 0x15,
    0x79, 0x86, 0x70, 0x0B, 0xC5, 0x3E, 0x47, 0xEA, 0x5C, 0x36, 0x36, 0x99, 0x51, 0x62, 0xED, 0x61,
    0x35, 0xB3, 0x69, 0x36, 0x63, 0xD8, 0x8B, 0x86, 0xEB, 0x12, 0xDE, 0xB6, 0x72, 0x63, 0xD8, 0x84,
    0xAC, 0xF9, 0x49, 0xC5, 0xFC, 0x54, 0xCF, 0xD9, 0x74, 0x5E, 0x26, 0xCC, 0x2B, 0xFB, 0x37, 0x0B,
    0xF2, 0x22, 0x99, 0xB0, 0x09, 0x6B, 0x21, 0xD7, 0x41, 0xB1, 0x59, 0xFB, 0xBE, 0xCB, 0x76, 0x60,
    0x2B, 0x8C, 0x81, 0x64, 0xB2, 0x0B, 0x2A, 0xB1, 0x64, 0xB2, 0x6B, 0xD2, 0xCE, 0xB6, 0xE8, 0x7E,
    0xBC, 0x2D, 0xCD, 0x52, 0x88, 0x9A, 0x63, 0x96, 0xA0, 0x25, 0x6B, 0x24, 0x7B, 0x16, 0x30, 0x88,
    0x7D, 0x2F, 0x82, 0x00, 0x9A, 0xB7, 0x17, 0x91, 0x01, 0xF3, 0x16, 0xB1, 0x88, 0x75, 0xBC, 0x1D,
    0x21, 0x09, 0x74, 0xFF, 0x94, 0x6D, 0x6B, 0x7F, 0x28, 0xB6, 0x6B, 0x9B, 0x8F, 0x67, 0xB1, 0xD0,
    0x8F, 0x83, 0xC4, 0x47, 0x45, 0xB1, 0x2B, 0x14, 0x7D, 0xB6, 0x85, 0x58, 0x29, 0xB0, 0xD8, 0x5C,
    0x64, 0xA9, 0x58, 0xB2, 0x76, 0xDC, 0xC6, 0xB0, 0xD9, 0xF4, 0xDF, 0xC9, 0x8C, 0x57, 0xBC, 0xB1,
    0x7F, 0x67, 0x12, 0x81, 0x86, 0x64, 0x8B, 0xEE, 0xFC, 0x65, 0xBA, 0x82, 0x7D, 0xF2, 0xA0, 0x16,
    0x40, 0x7B, 0x2D, 0x23, 0x1E, 0x9A, 0x11, 0x50, 0xB3, 0x71, 0x42, 0xDB, 0x0B, 0x3B, 0x08, 0x07,
    0x61, 0x10, 0x56, 0x9E, 0x89, 0x75, 0xA6, 0x9E, 0x86, 0x9C, 0xCE, 0x20, 0xB3, 0xA0, 0xEF, 0x1C,
    0x0A, 0xC2, 0x7A, 0xD4, 0x11, 0xCD, 0x7A, 0x34, 0x04, 0xA9, 0x1A, 0xE5, 0x25, 0x57, 0x48, 0xDC,
    0x37, 0xB7, 0x1A, 0x67, 0xBE, 0x26, 0x28, 0x16, 0x61, 0x27, 0x49, 0x56, 0xF9, 0x97, 0x0C, 0xC9,
    0x1E, 0xFC, 0xB0, 0xE0, 0xA8, 0x08, 0x18, 0x5F, 0xCD, 0x80, 0x0E, 0xA2, 0xAD, 0xBA, 0x52, 0x25,
    0x6C, 0x85, 0xDD, 0xAE, 0x4A, 0xF8, 0x59, 0x55, 0x7C, 0xAA, 0xAA, 0x65, 0x57, 0x55, 0x93, 0x1C,
    0x9F, 0x54, 0xF5, 0x42, 0xE6, 0xBE, 0x3D, 0x13, 0xEA, 0xFD, 0xBB, 0xA6, 0x08, 0xE8, 0xA7, 0x57,
    0xAC, 0xCE, 0x15, 0xD3, 0x5F, 0x7A, 0xC5, 0x8A, 0x43, 0x19, 0xCE, 0xFA, 0x13, 0x9F, 0x5F, 0x4D,
    0x89, 0x96, 0x63, 0xE2, 0xB0, 0x7F, 0xBC, 0xB3, 0x85, 0x15, 0x6D, 0x10, 0x6D, 0xFE, 0x97, 0xAB,
    0x0D, 0xB7, 0x05, 0xEA, 0xAC, 0x17, 0x5F, 0x14, 0x0E, 0x57, 0xA3, 0x69, 0xA5, 0xC3, 0x67, 0x47,
    0xB3, 0xFE, 0xE5, 0x8C, 0x66, 0x0B, 0xF5, 0x96, 0x6F, 0x2E, 0xA2, 0xA6, 0xAF, 0xE8, 0x14, 0x5B,
    0x4D, 0x67, 0xE9, 0xED, 0x1F, 0x8E, 0xBF, 0x5E, 0xE1, 0x89, 0x4B, 0xC9, 0x28, 0x0F, 0xE7, 0xA2,
    0xC9, 0xEC, 0x9E, 0x72, 0x45, 0xAB, 0xB4, 0xA3, 0x59, 0x81, 0x66, 0x86, 0x66, 0x5E, 0x8D, 0x2C,
    0x01, 0xB9, 0xD9, 0x16, 0x0B, 0xD4, 0x6A, 0x65, 0x07, 0xA5, 0xE7, 0x64, 0x02, 0xEC, 0x64, 0xFB,
    0xCA, 0x83, 0xBD, 0x6C, 0xA8, 0xD4, 0x0A, 0xDB, 0xD6, 0x5E, 0xCF, 0x79, 0x63, 0x65, 0x27, 0x0C,
    0xD0, 0x9E, 0x3D, 0x56, 0xE8, 0x8F, 0x57, 0x94, 0x11, 0x35, 0x67, 0x54, 0xE9, 0xE6, 0x84, 0xC6,
    0x43, 0xB1, 0xC7, 0xE0, 0x92, 0x79, 0x94, 0x56, 0x15, 0x68, 0xEE, 0x9F, 0x83, 0xE4, 0x94, 0xCC,
    0x9F, 0xF3, 0x1C, 0xC0, 0x6F, 0xE0, 0x89, 0x2B, 0x5E, 0x19, 0xC3, 0xF9, 0xB4, 0xA3, 0x37, 0x0C,
    0x27, 0x03, 0x27, 0xCB, 0x20, 0xAB, 0xF8, 0x37, 0xD6, 0x43, 0xBC, 0x7C, 0xDE, 0x16, 0x11, 0xA8,
    0x02, 0x4A, 0x31, 0x1E, 0x6A, 0x06, 0xEA, 0xCD, 0xE8, 0x09, 0x2A, 0x88, 0x91, 0xF7, 0xD0, 0xA3,
    0xBC, 0x47, 0xE3, 0x90, 0x8B, 0xB0, 0x2F, 0xBF, 0xFD, 0x66, 0xDA, 0x6C, 0x3A, 0x64, 0xC3, 0x64,
    0xF2, 0xA6, 0x0F, 0x3A, 0x40, 0x45, 0xE4, 0x41, 0x90, 0xD1, 0xDE, 0xE4, 0x96, 0xC9, 0xF4, 0xD8,
    0xE7, 0x25, 0x50, 0xEF, 0x33, 0x04, 0xA6, 0xCD, 0xE6, 0x64, 0x93, 0x1B, 0xB3, 0xDC, 0x9F, 0x85,
    0xE7, 0x56, 0xAE, 0xE8, 0xDC, 0xF7, 0x5C, 0x86, 0xFC, 0x09, 0x45, 0x2E, 0xBF, 0xC3, 0xE7, 0x52,
    0xEE, 0x13, 0x9B, 0x31, 0x28, 0xBA, 0x4D, 0xF5, 0x90, 0xE7, 0x04, 0x9E, 0xD7, 0x22, 0x97, 0xB3,
    0xB0, 0xDA, 0xFF, 0xE8, 0x18, 0x12, 0x93, 0xE2, 0x24, 0xF5, 0xE7, 0xCE, 0x12, 0x7C, 0x3E, 0x4B,
    0x18, 0x01, 0x39, 0x7E, 0xF9, 0x1F, 0xCF, 0x12, 0x24, 0xE9, 0xCC, 0x36, 0xB1, 0x58, 0x21, 0x8C,
    0xC2, 0x32, 0x53, 0x09, 0x3F, 0xCF, 0x59, 0x02, 0x06, 0x60, 0xC7, 0xBA, 0x43, 0xF2, 0x4A, 0x90,
    0x4C, 0x4A, 0x72, 0x81, 0xE2, 0x1F, 0x11, 0x6A, 0x81, 0xE9, 0x13, 0xB4, 0xAB, 0x62, 0x42, 0x9D,
    0x31, 0x43, 0xF7, 0x7A, 0x46, 0xD3, 0xEA, 0x00, 0x8B, 0xC6, 0xE3, 0x34, 0xA1, 0x9A, 0x61, 0xB6,
    0x53, 0x8D, 0xF5, 0x89, 0xD3, 0x99, 0x3D, 0x0E, 0xF8, 0xA7, 0x2D, 0xC4, 0x3B, 0xE9, 0x0B, 0x32,
    0x94, 0x7C, 0x3B, 0x28, 0xBE, 0xE1, 0x15, 0x29, 0xCD, 0x55, 0x64, 0x5B, 0x27, 0x9B, 0xDA, 0xA4,
    0x49, 0xAF, 0xD7, 0xE3, 0xD0, 0x44, 0x1D, 0x9A, 0x59, 0x7B, 0x13, 0x8D, 0xDF, 0xBF, 0x9E, 0xEF,
    0x25, 0x40, 0x37, 0x4C, 0xBB, 0xD3, 0xB8, 0xB7, 0x53, 0xA0, 0x21, 0x40, 0xF6, 0x25, 0x39, 0xAA,
    0xF3, 0xE3, 0x49, 0x05, 0x3D, 0x15, 0xC7, 0x1C, 0xE5, 0x67, 0x4D, 0x3A, 0x33, 0x19, 0x67, 0x5B,
    0xEB, 0xAC, 0xAC, 0xAC, 0x3F, 0xA0, 0xF8, 0xF3, 0x86, 0x43, 0xA8, 0xE7, 0x66, 0xDC, 0xFE, 0x6E,
    0x4F, 0x36, 0x5F, 0x66, 0xB9, 0xF2, 0x33, 0x9B, 0x2F, 0xE8, 0xE7, 0x35, 0x00, 0x44, 0x5E, 0xE9,
    0x1A, 0xBA, 0x4B, 0x3F, 0x9F, 0x0E, 0x5F, 0xD0, 0x4F, 0xFA, 0x18, 0xAC, 0xE6, 0x00, 0x4D, 0x0F,
    0x33, 0x48, 0x55, 0xDB, 0xFF, 0x96, 0xDB, 0x9F, 0xDC, 0x9B, 0xE4, 0x67, 0xA9, 0x59, 0xF3, 0xBF,
    0xFA, 0x02, 0x50, 0x7E, 0xD4, 0xE7, 0xA9, 0x73, 0x83, 0xC0, 0xC0, 0x5E, 0x26, 0xC4, 0x17, 0xD7,
    0xF4, 0x95, 0x6D, 0x28, 0x0B, 0xB6, 0xC9, 0x5F, 0x9B, 0x2C, 0xD0, 0xAC, 0xCF, 0x5E, 0xF3, 0x66,
    0x41, 0xBD, 0x66, 0x39, 0x5D, 0x56, 0xF4, 0x4E, 0x76, 0xD2, 0xFD, 0xDB, 0x9A, 0xFD, 0x9C, 0x79,
    0x3D, 0x95, 0x7F, 0x77, 0x97, 0x8F, 0xEE, 0x4E, 0x05, 0xE5, 0x9A, 0xEA, 0x6C, 0xC6, 0xE6, 0xBC,
    0x13, 0x63, 0x7B, 0xCB, 0x1E, 0x48, 0x9E, 0x07, 0xA7, 0x91, 0x9C, 0xF3, 0x93, 0xC1, 0x59, 0xCA,
    0x05, 0x23, 0x8C, 0x48, 0x51, 0xDE, 0xE1, 0x08, 0xD4, 0x6C, 0xF7, 0x2F, 0x8F, 0xE7, 0x6A, 0x7D,
    0x65, 0xD6, 0x5E, 0x85, 0x66, 0x2C, 0xFD, 0xBE, 0xB5, 0xDF, 0x5B, 0x01, 0x3B, 0xEA, 0xC9, 0x7C,
    0x9A, 0xBC, 0x91, 0x7D, 0xC5, 0x05, 0x18, 0xC6, 0xD4, 0xB6, 0x39, 0x51, 0x84, 0xFD, 0x1B, 0xDA,
    0x32, 0x00, 0xC5, 0x0C, 0x54, 0x0B, 0xB0, 0xC9, 0x1E, 0xAB, 0xE5, 0x78, 0xCA, 0xE7, 0xA7, 0x49,
    0xEA, 0xE5, 0x39, 0x92, 0x34, 0xF1, 0xEB, 0x34, 0x6C, 0x12, 0xD6, 0x90, 0xA8, 0x19, 0x51, 0x70,
    0xDC, 0x26, 0x2B, 0xE2, 0xE6, 0xAF, 0xFE, 0x45, 0xFC, 0xCC, 0xDB, 0x5F, 0xBC, 0x26, 0x60, 0xF8,
    0xEC, 0x7E, 0xE4, 0xAA, 0xEF, 0x6D, 0x7E, 0xF4, 0xFA, 0xCC, 0x7E, 0x94, 0x2F, 0x03, 0xA2, 0x89,
    0x9D, 0x1F, 0xFC, 0xF1, 0x7E, 0x42, 0xD9, 0xB8, 0x7C, 0x1E, 0xD9, 0xDB, 0xC9, 0x06, 0x9B, 0xAA,
    0x8E, 0xEB, 0x72, 0xA8, 0x58, 0xF9, 0xCE, 0xCB, 0x6F, 0x3D, 0x79, 0x66, 0x29, 0xBF, 0x63, 0xFC,
    0x41, 0x8B, 0x19, 0xB2, 0xE6, 0x10, 0xF6, 0xAC, 0xED, 0x3C, 0x06, 0x8F, 0x63, 0x8F, 0xDA, 0x43,
    0x4F, 0xD0, 0x23, 0x1A, 0x27, 0xB7, 0x71, 0x32, 0x70, 0x76, 0x82, 0x0D, 0x72, 0x27, 0xD7, 0xE5,
    0xEF, 0x43, 0x53, 0xEE, 0x2E, 0x40, 0x7A, 0xED, 0x5D, 0xF6, 0x5E, 0x7B, 0x17, 0xE9, 0xB5, 0x77,
    0x31, 0x1E, 0x29, 0x14, 0x80, 0xA1, 0x17, 0x72, 0x04, 0xF6, 0x95, 0x12, 0x4D, 0xA6, 0x61, 0x2F,
    0x7C, 0x37, 0x41, 0x7A, 0x09, 0x5B, 0x61, 0x07, 0xEC, 0xAC, 0x56, 0xCA, 0x13, 0x57, 0xE9, 0x29,
    0x4C, 0xF3, 0x2B, 0x7F, 0x3A, 0x14, 0x11, 0x49, 0x52, 0x99, 0x68, 0x9C, 0xD0, 0xF6, 0x6A, 0xCE,
    0x0C, 0xC2, 0xCA, 0xE7, 0x0A, 0x7A, 0x48, 0x0D, 0xCF, 0x81, 0x26, 0xF7, 0xAD, 0x49, 0x8A, 0x9F,
    0xD7, 0x67, 0x5C, 0x5E, 0x56, 0xF7, 0x00, 0xCF, 0x80, 0xF2, 0x62, 0x45, 0x49, 0x46, 0x28, 0x92,
    0xA8, 0x12, 0xFA, 0x0C, 0x74, 0xA3, 0x75, 0x18, 0x44, 0xDF, 0x2A, 0x58, 0x60, 0x65, 0xCF, 0xD6,
    0x21, 0x29, 0x18, 0x50, 0x0A, 0xBE, 0xB9, 0xB4, 0x6B, 0x6B, 0xD9, 0x73, 0xEC, 0x04, 0x03, 0xDB,
    0x9C, 0xF0, 0x57, 0xAE, 0x56, 0x4E, 0x9C, 0x00, 0xD7, 0xC4, 0x17, 0x43, 0x41, 0xC6, 0x6A, 0x51,
    0x8B, 0xF6, 0x58, 0x1B, 0x87, 0xD5, 0xA4, 0x26, 0xBE, 0xC5, 0xB5, 0xED, 0xCB, 0x68, 0x5D, 0x1D,
    0xCC, 0x79, 0xE7, 0xB5, 0xAC, 0xD8, 0xA2, 0x7A, 0xF8, 0x70, 0xDF, 0xF5, 0xD8, 0xCD, 0x5F, 0xC5,
    0x16, 0x96, 0x5E, 0xFC, 0x28, 0xFE, 0xFD, 0x92, 0x4A, 0xB1, 0x36, 0xE3, 0x53, 0xFD, 0xCC, 0x57,
    0x7E, 0xB8, 0xFB, 0xB9, 0x75, 0xB5, 0x7A, 0x6A, 0x3A, 0x74, 0xBB, 0x9F, 0x54, 0x54, 0xED, 0x3F,
    0x8F, 0x9F, 0x5D, 0x4F, 0xE9, 0x23, 0xF4, 0x12, 0xD0, 0x5C, 0xAE, 0x9E, 0x23, 0xC8, 0x59, 0x91,
    0xB1, 0x5E, 0xD4, 0xAA, 0xA7, 0xA7, 0xF9, 0xA9, 0x9E, 0xA2, 0xE7, 0x33, 0x2B, 0x67, 0xC5, 0xFE,
    0x99, 0xF5, 0xFC, 0x66, 0xCE, 0xEC, 0x01, 0x0E, 0x4E, 0x0F, 0x0D, 0xBD, 0x95, 0x7B, 0x42, 0x40,
    0x39, 0x27, 0xA5, 0xD8, 0xAF, 0xAF, 0x0B, 0x02, 0x30, 0x3C, 0x8E, 0xA8, 0x28, 0xC2, 0x49, 0x87,
    0xE1, 0xDF, 0x13, 0x58, 0x71, 0x2C, 0x63, 0x23, 0x1F, 0x47, 0xDD, 0xC3, 0x51, 0x7D, 0x42, 0x3D,
    0xAA, 0x8B, 0xD8, 0x24, 0xFF, 0xDE, 0xF6, 0x49, 0xDB, 0xD0, 0x2A, 0xFE, 0xF5, 0x2A, 0xBD, 0x66,
    0x34, 0xE4, 0x04, 0xFB, 0x37, 0x2B, 0xF0, 0x5B, 0xD8, 0x07, 0x79, 0x3F, 0xFC, 0x88, 0xB9, 0xD9,
    0x79, 0x58, 0xBA, 0xD0, 0x44, 0x39, 0x7A, 0xBD, 0x9B, 0x4E, 0x5E, 0xB5, 0x57, 0xB3, 0x96, 0xF5,
    0x76, 0xAC, 0x42, 0xF2, 0xE8, 0x8D, 0xAB, 0x53, 0xD3, 0xDE, 0xBA, 0x66, 0xB2, 0xE9, 0xC4, 0xD5,
    0x90, 0x8B, 0x26, 0x63, 0xC9, 0x37, 0xE6, 0x6D, 0x8C, 0xEF, 0x67, 0x7F, 0xF6, 0x82, 0xCF, 0xEE,
    0x47, 0x7C, 0x94, 0x04, 0xEA, 0xB3, 0xD6, 0xAE, 0x4D, 0xF2, 0x63, 0x9E, 0xCD, 0x4F, 0x71, 0x1B,
    0xA8, 0xCE, 0x5A, 0x59, 0xE0, 0xED, 0xA7, 0x77, 0x7F, 0x01, 0x3D, 0x88, 0x57, 0x27, 0x70, 0xD5,
    0x04, 0x28, 0x3E, 0x24, 0x9D, 0xA2, 0xB3, 0x74, 0x95, 0xB0, 0x2F, 0x8E, 0xC7, 0x1B, 0xE7, 0x80,
    0x9E, 0xB4, 0x4F, 0xF4, 0x66, 0x04, 0xEA, 0x54, 0x7D, 0xA0, 0xDA, 0xFF, 0x11, 0xB7, 0x0A, 0x3F,
    0x8D, 0x42, 0x06, 0x48, 0x7E, 0xE2, 0x6D, 0x5F, 0x5F, 0xE9, 0x32, 0x05, 0x58, 0x2F, 0xB7, 0x6B,
    0xE6, 0x3B, 0x21, 0xD1, 0xDE, 0x9B, 0x84, 0xFB, 0x8A, 0x93, 0x80, 0x3A, 0x5C, 0x9D, 0x3D, 0xD4,
    0x6B, 0x82, 0x66, 0xC2, 0xD7, 0xD6, 0xCB, 0xDE, 0x0B, 0xF6, 0x6D, 0x5F, 0x79, 0x09, 0x35, 0x0B,
    0x2E, 0xD8, 0xA2, 0x22, 0x27, 0x41, 0x40, 0xBD, 0xDC, 0x8D, 0xD0, 0x5E, 0x25, 0x8C, 0xC5, 0x8E,
    0xC6, 0x25, 0xE4, 0x35, 0xC9, 0x3A, 0x15, 0x12, 0xB4, 0x97, 0x45, 0x68, 0x44, 0x47, 0xF6, 0x18,
    0xB8, 0x42, 0x2F, 0x5D, 0x5E, 0x33, 0xB1, 0xA1, 0x19, 0x9F, 0xF2, 0xFF, 0xDD, 0x08, 0x80, 0x83,
    0x17, 0x84, 0xCD, 0xA9, 0xD0, 0x44, 0x49, 0xFC, 0x5F, 0xEC, 0xAF, 0xBA, 0x6A, 0xFF, 0x05, 0xD5,
    0x5B, 0x01, 0xA4, 0x25, 0x59, 0x7A, 0xFE, 0xAB, 0x6A, 0xBA, 0x2B, 0x51, 0xE4, 0x2C, 0xE6, 0x6D,
    0x67, 0x35, 0x29, 0x08, 0x21, 0x91, 0x1C, 0x00, 0xC1, 0xF6, 0x39, 0x93, 0xC1, 0x62, 0xE0, 0x45,
    0xFA, 0xCE, 0xE2, 0xA1, 0x17, 0x80, 0x88, 0x07, 0xB0, 0xC8, 0xF6, 0xA9, 0xB5, 0xD8, 0x10, 0x64,
    0x61, 0xB2, 0x08, 0x76, 0x10, 0x20, 0x98, 0x45, 0x04, 0x4C, 0xE6, 0xD4, 0xCE, 0x88, 0x41, 0x30,
    0xB5, 0x3B, 0x3B, 0x26, 0x04, 0x53, 0x33, 0x33, 0x9D, 0x6C, 0x04, 0x7D, 0x24, 0xF5, 0x66, 0xEA,
    0x76, 0xAA, 0xCE, 0x9F, 0xFA, 0xFE, 0x53, 0xEF, 0xDE, 0xFB, 0xA6, 0x7B, 0x76, 0x7A, 0xBA, 0xA7,
    0x67, 0xDE, 0x5C, 0xF7, 0x7C, 0x7F, 0xBD, 0xBE, 0xF7, 0x9E, 0xF3, 0x7F, 0xDF, 0x7F, 0xEA, 0x3F,
    0xF5, 0x9F, 0xAA, 0x26, 0xA2, 0x9A, 0xED, 0x82, 0xA4, 0x19, 0x58, 0xF0, 0x6A, 0xB6, 0x30, 0x25,
    0x4F, 0x30, 0x99, 0x13, 0x43, 0x3E, 0x19, 0x9E, 0x81, 0xC5, 0x14, 0x61, 0xCA, 0x81, 0x61, 0x54,
    0xF0, 0x30, 0xBA, 0x73, 0xE8, 0xCC, 0x34, 0xA6, 0xC1, 0xF7, 0xC9, 0xB4, 0x44, 0x59, 0x24, 0xDD,
    0x4A, 0xCF, 0xBC, 0x98, 0x72, 0x31, 0x1D, 0x91, 0x5A, 0x4C, 0x4F, 0xA4, 0xDF, 0xDA, 0xDC, 0x0A,
    0xF8, 0x3E, 0x55, 0x8B, 0x61, 0x74, 0x47, 0x5F, 0x8F, 0x96, 0xAE, 0x6F, 0xAD, 0xE1, 0x8E, 0x3C,
    0xB7, 0x6E, 0x31, 0xCC, 0xED, 0x72, 0xB4, 0x98, 0x86, 0xB2, 0x8D, 0xA5, 0x72, 0x39, 0xAE, 0x96,
    0xA6, 0xD3, 0xBF, 0xE5, 0xCC, 0x5D, 0xB1, 0x3D, 0xED, 0x8B, 0x41, 0xF5, 0xD9, 0x29, 0x77, 0xF8,
    0x5B, 0x31, 0xB7, 0xBA, 0xD7, 0xAD, 0xB1, 0xA6, 0x35, 0xE4, 0x1A, 0xF7, 0x63, 0x0E, 0x86, 0x39,
    0x68, 0xF6, 0x43, 0x35, 0xD6, 0x1D, 0x11, 0x1D, 0x65, 0x42, 0xDB, 0x54, 0x6D, 0x62, 0x6F, 0x85,
    0x76, 0xA2, 0xC6, 0xE3, 0x83, 0xD8, 0xCF, 0x62, 0x38, 0x26, 0xF6, 0xFC, 0x99, 0xD9, 0x77, 0x8F,
    0xCD, 0xBE, 0xFA, 0x7E, 0x20, 0xF5, 0x76, 0xA0, 0x8A, 0x3B, 0x2A, 0xB9, 0x21, 0xC3, 0x84, 0x8F,
    0x45, 0x81, 0xA1, 0xFE, 0x24, 0x05, 0x9A, 0x07, 0x2B, 0x50, 0xF0, 0x70, 0xA9, 0xC9, 0xE2, 0x75,
    0x43, 0x90, 0x5C, 0x32, 0xAF, 0x24, 0x73, 0x93, 0xA8, 0x9E, 0xE9, 0xD1, 0x43, 0x5F, 0xC0, 0xA9,
    0x7E, 0x69, 0x2D, 0xA5, 0xD7, 0x6D, 0x41, 0x21, 0x9E, 0x6F, 0x85, 0x1B, 0xA4, 0xC9, 0x19, 0xEC,
    0x6B, 0x66, 0xB6, 0xE4, 0x86, 0xCC, 0x37, 0xC4, 0x76, 0x61, 0x59, 0xCC, 0x20, 0x51, 0x8E, 0x0B,
    0x5A, 0x15, 0x88, 0x34, 0xA9, 0x4E, 0x7E, 0xD3, 0x02, 0x4D, 0xC2, 0xE6, 0x3E, 0xDC, 0x7D, 0xFA,
    0x1D, 0xD2, 0x3D, 0xD1, 0x4C, 0x6A, 0xA4, 0x72, 0xA2, 0x8A, 0x5F, 0x70, 0xC3, 0xB9, 0x60, 0x9E,
    0x21, 0x70, 0xC5, 0x1F, 0xC8, 0x77, 0x93, 0x4B, 0xD9, 0x48, 0x12, 0x6A, 0xC7, 0x21, 0x63, 0x1E,
    0xCB, 0xB9, 0x1C, 0x55, 0x58, 0x82, 0xDD, 0x66, 0x3F, 0xD5, 0xAD, 0xF4, 0xBE, 0xB6, 0x8C, 0x4C,
    0x5B, 0xF5, 0x7A, 0xEB, 0xA0, 0x40, 0x53, 0xC2, 0x77, 0xFF, 0xC1, 0x8E, 0x17, 0xBC, 0x46, 0x28,
    0x12, 0x3B, 0x38, 0xEC, 0x79, 0xC6, 0x58, 0x18, 0x52, 0xC7, 0xE7, 0xB9, 0x21, 0xDF, 0x91, 0x69,
    0xB3, 0x48, 0xA4, 0x9B, 0x62, 0x42, 0x8F, 0x88, 0x93, 0x13, 0xA5, 0xAE, 0x52, 0xDD, 0x1E, 0x70,
    0x6C, 0x3E, 0x8D, 0xE3, 0x8B, 0xA4, 0x03, 0x65, 0x87, 0x1C, 0xC3, 0x03, 0x39, 0xBE, 0x4C, 0x94,
    0x47, 0xA2, 0xEA, 0xAE, 0xA5, 0x7A, 0xC7, 0x71, 0x28, 0xE2, 0xC9, 0xA8, 0x86, 0x85, 0x63, 0x57,
    0x84, 0x87, 0xE4, 0x98, 0x5E, 0xFF, 0x08, 0xC8, 0xC6, 0x7D, 0x1C, 0x1D, 0xE2, 0x58, 0x3C, 0x6C,
    0x1C, 0xEB, 0x27, 0x12, 0xC7, 0xAF, 0x49, 0x08, 0xA4, 0x5D, 0x8D, 0x76, 0xCF, 0xF1, 0x1F, 0xC0,
    0x71, 0x7C, 0x78, 0x8E, 0xD5, 0x1B, 0x70, 0xA0, 0x8C, 0x7B, 0x8E, 0x15, 0xFF, 0x68, 0x41, 0xE6,
    0x69, 0x17, 0x47, 0xE1, 0xE8, 0xC1, 0x31, 0x3B, 0xE0, 0x58, 0x3D, 0x69, 0x8E, 0xE5, 0xBF, 0xB6,
    0x54, 0xB0, 0x45, 0xC4, 0x29, 0xDB, 0xA6, 0x09, 0x06, 0x8E, 0xCC, 0x63, 0x35, 0x15, 0xA3, 0xEA,
    0x8B, 0x41, 0xB7, 0xF4, 0x9D, 0x3D, 0x47, 0x02, 0xC7, 0x4E, 0x9F, 0xB9, 0xAE, 0xBE, 0x18, 0xC7,
    0xA3, 0x23, 0x20, 0xE9, 0x49, 0x4C, 0x95, 0xE6, 0x29, 0xC7, 0x64, 0xB8, 0x07, 0x5B, 0xE1, 0x7B,
    0xB2, 0xDD, 0x9C, 0x22, 0x85, 0x04, 0x19, 0x57, 0x12, 0x4A, 0x23, 0x33, 0xD5, 0xB4, 0x3B, 0xD3,
    0x09, 0xCF, 0xBA, 0x15, 0xA3, 0x93, 0x31, 0xC9, 0xAC, 0x5E, 0x18, 0x4B, 0x68, 0x6E, 0x31, 0x3E,
    0x25, 0x99, 0x28, 0x47, 0xC5, 0x24, 0x47, 0x6A, 0x10, 0xE3, 0x7A, 0x3A, 0x8A, 0x9B, 0x13, 0x6E,
    0xC9, 0xB0, 0xF8, 0xE2, 0x16, 0x33, 0xEC, 0x1C, 0x83, 0x6F, 0x16, 0xC8, 0x90, 0x2D, 0xE3, 0x0E,
    0xE8, 0x45, 0xC2, 0xFA, 0xD5, 0x00, 0x32, 0xAF, 0xF5, 0x90, 0xF3, 0x07, 0x1D, 0xF0, 0x5B, 0x2D,
    0xF0, 0x39, 0xA0, 0x53, 0x0D, 0x95, 0xD1, 0x2B, 0xCC, 0x89, 0xA8, 0x29, 0x93, 0xEE, 0xCA, 0x78,
    0x32, 0x63, 0xE4, 0x6C, 0x22, 0xAA, 0xBB, 0x7C, 0x82, 0xBB, 0x40, 0xD3, 0x14, 0xA3, 0xE0, 0x00,
    0x2C, 0x03, 0x28, 0x2A, 0xE0, 0x99, 0xDF, 0xCA, 0xE4, 0x8E, 0xE7, 0x93, 0x20, 0xE3, 0x1F, 0x8C,
    0x24, 0xAF, 0x5F, 0x23, 0x9E, 0x8B, 0xAB, 0x78, 0x74, 0x28, 0x9E, 0x7B, 0xB0, 0x78, 0x8A, 0xC5,
    0xD4, 0xC9, 0x68, 0x16, 0xF1, 0x8E, 0x5C, 0x12, 0xCF, 0x7C, 0x82, 0x78, 0xD5, 0x28, 0xC6, 0x85,
    0x4F, 0x16, 0xCF, 0x26, 0x17, 0x1B, 0x60, 0x92, 0x8D, 0x45, 0xC3, 0x5A, 0x10, 0xE3, 0x60, 0xD5,
    0x38, 0x98, 0x97, 0x16, 0xE8, 0x28, 0x21, 0xB4, 0x62, 0x1C, 0xA1, 0xD7, 0x27, 0x22, 0x1E, 0x95,
    0xE2, 0x55, 0xC5, 0x6D, 0x52, 0x70, 0x12, 0x1C, 0x45, 0xC6, 0x01, 0x2A, 0x7E, 0x7B, 0x10, 0x11,
    0x03, 0x55, 0x01, 0x07, 0x2A, 0x50, 0xFE, 0x23, 0x51, 0x90, 0x20, 0x20, 0x98, 0xDC, 0xD9, 0xDC,
    0x04, 0x13, 0x9E, 0xCE, 0xD1, 0x08, 0x26, 0x3E, 0xEE, 0x80, 0x8F, 0x07, 0x40, 0xB0, 0xDB, 0x82,
    0xAF, 0x40, 0xB5, 0xCD, 0x4C, 0x46, 0x86, 0x75, 0xBB, 0xC1, 0x41, 0x8C, 0xAD, 0x34, 0xCD, 0xE0,
    0xDE, 0x64, 0x58, 0x02, 0xE3, 0x69, 0xAF, 0x82, 0xEA, 0xEB, 0x3B, 0xB7, 0x7A, 0xCD, 0xDC, 0x1B,
    0xE6, 0x4E, 0x5A, 0x23, 0x4C, 0xC1, 0xB3, 0xAD, 0x99, 0xA9, 0xE2, 0x89, 0xB2, 0xC4, 0xE9, 0x67,
    0x01, 0xC8, 0xC0, 0xE2, 0x72, 0xF1, 0xC3, 0x75, 0x99, 0xAE, 0x5A, 0x89, 0xBF, 0x62, 0x22, 0x15,
    0x77, 0x3C, 0xCB, 0xF9, 0xB3, 0xF2, 0xA4, 0xA7, 0x00, 0xF4, 0x3D, 0xC1, 0x7F, 0xA6, 0xCB, 0xC4,
    0x13, 0x0B, 0x43, 0x86, 0xCB, 0x8C, 0xA5, 0x95, 0xF3, 0xA3, 0x72, 0xFC, 0x02, 0x19, 0xB9, 0x4F,
    0x65, 0x44, 0x79, 0x00, 0x96, 0x83, 0xA0, 0x1C, 0x5F, 0xB1, 0x44, 0x95, 0x44, 0xB0, 0xFD, 0x6C,
    0xEC, 0x66, 0xCA, 0x96, 0x96, 0xAE, 0x00, 0x79, 0x69, 0x38, 0x5E, 0x3C, 0xA6, 0xEC, 0x19, 0x8B,
    0x81, 0xB8, 0xBD, 0x7C, 0x11, 0x55, 0x7F, 0xD3, 0x08, 0x57, 0x24, 0x9B, 0xAB, 0xDB, 0xC7, 0x38,
    0x3B, 0x69, 0x04, 0x14, 0x13, 0x50, 0x79, 0xA0, 0xC1, 0x52, 0x9F, 0x1D, 0x2C, 0xF5, 0x66, 0x7B,
    0xC2, 0x16, 0x79, 0xDB, 0xD9, 0x3C, 0x22, 0x35, 0xCA, 0x85, 0x0C, 0x88, 0x92, 0x97, 0x45, 0xFE,
    0x1B, 0xFB, 0x8B, 0xB5, 0xCD, 0x86, 0x8C, 0xCD, 0x99, 0xAD, 0xB3, 0x28, 0xEF, 0xCE, 0x11, 0xDF,
    0x74, 0x0D, 0x48, 0x99, 0x16, 0xFA, 0x9A, 0x9E, 0xF2, 0x89, 0xEA, 0x11, 0xA9, 0x5B, 0xF1, 0x0B,
    0x3E, 0x9C, 0x97, 0x6C, 0x69, 0x0D, 0xB9, 0x0E, 0x17, 0x88, 0xE8, 0x18, 0xAE, 0x0D, 0xF0, 0x0C,
    0xFE, 0x99, 0xDB, 0x12, 0x82, 0x48, 0x25, 0x2F, 0xA0, 0x98, 0x67, 0x32, 0x9D, 0xFB, 0x2B, 0x42,
    0xD9, 0x41, 0x8E, 0x74, 0xB3, 0x08, 0x66, 0x2C, 0x79, 0x59, 0x23, 0xDE, 0x9E, 0x89, 0x10, 0xA6,
    0x1C, 0xAB, 0x51, 0xF1, 0xE1, 0x3D, 0x64, 0xEC, 0x8D, 0xC5, 0x30, 0x33, 0x80, 0x6D, 0xF5, 0x7F,
    0xCC, 0x6D, 0xDD, 0x92, 0x6B, 0x4D, 0x43, 0xB8, 0x84, 0x27, 0xD3, 0xBA, 0x2E, 0x63, 0x6B, 0xD0,
    0x7B, 0x8D, 0xDF, 0x96, 0x52, 0x1A, 0x1C, 0xC1, 0x8B, 0xB5, 0x84, 0xD3, 0xD5, 0x7E, 0xB9, 0x50,
    0x51, 0x82, 0xCB, 0x3D, 0x61, 0x10, 0x2C, 0x06, 0x49, 0xAD, 0x21, 0x83, 0x5A, 0x16, 0x3A, 0xCC,
    0xA2, 0xD6, 0x80, 0xF0, 0xEE, 0xD5, 0xBA, 0xF2, 0x84, 0xD4, 0xFA, 0x26, 0x7C, 0x33, 0x35, 0x22,
    0xCD, 0x70, 0x6C, 0x86, 0x5A, 0x5B, 0x61, 0xBB, 0xAA, 0xA5, 0x3B, 0xFF, 0x6F, 0xF7, 0xAB, 0xE5,
    0x88, 0xFC, 0xDF, 0x46, 0x74, 0x36, 0xAD, 0x6A, 0xDD, 0x8B, 0xF6, 0x31, 0xD5, 0x5A, 0x5F, 0x3F,
    0x05, 0xE4, 0x83, 0xE0, 0x16, 0xE8, 0x19, 0x19, 0x48, 0xD4, 0xD2, 0xA2, 0x96, 0xFF, 0x20, 0x63,
    0x9B, 0x89, 0x5A, 0x52, 0x08, 0x58, 0xD1, 0x49, 0x4E, 0x9F, 0x3F, 0x7C, 0x52, 0xB3, 0x0A, 0x58,
    0x84, 0x73, 0x70, 0x67, 0xF1, 0x50, 0xA2, 0x2F, 0x6C, 0x42, 0x89, 0x37, 0x79, 0x3A, 0x99, 0xBF,
    0xD4, 0xD3, 0xAC, 0x0C, 0x07, 0xA9, 0xCA, 0x02, 0x3F, 0x3F, 0x4D, 0x14, 0x34, 0xD1, 0xA2, 0x89,
    0x25, 0x0D, 0x61, 0x4C, 0x6B, 0xEE, 0x3C, 0x7F, 0xA8, 0x49, 0x0E, 0x4D, 0x84, 0x65, 0x2A, 0x92,
    0x35, 0x5C, 0x38, 0x22, 0xDA, 0x4F, 0x1D, 0x99, 0xCB, 0x29, 0xFB, 0x1A, 0x66, 0xD8, 0x49, 0xC3,
    0x22, 0xC7, 0x83, 0xC7, 0xC9, 0xD6, 0x66, 0xEE, 0x97, 0x42, 0x04, 0xDA, 0x50, 0x05, 0x6B, 0x53,
    0x9F, 0x8E, 0x52, 0xFD, 0xED, 0x85, 0xA2, 0x58, 0xE4, 0xE3, 0x0D, 0xE8, 0x6B, 0x86, 0x9F, 0xC9,
    0x4A, 0x7E, 0x39, 0xB7, 0x0D, 0x54, 0x23, 0xE8, 0x59, 0x8C, 0xB0, 0x6B, 0x12, 0xF2, 0xAB, 0xE5,
    0x55, 0xB3, 0x98, 0x86, 0x3A, 0x8A, 0xC7, 0x74, 0xEB, 0x0C, 0x3F, 0x0F, 0x85, 0xD4, 0x7D, 0x62,
    0xE1, 0x66, 0x2F, 0x56, 0x6A, 0xCF, 0x54, 0x7C, 0x52, 0x85, 0x99, 0xFE, 0x8E, 0xB2, 0xE4, 0x7B,
    0x74, 0x84, 0x5E, 0x5E, 0x02, 0xC0, 0xC5, 0x14, 0x82, 0x5A, 0x34, 0xD8, 0x81, 0x69, 0x00, 0x2F,
    0x8D, 0x72, 0x31, 0x2B, 0x60, 0xC9, 0xDF, 0x59, 0x80, 0x41, 0x31, 0x02, 0x66, 0x72, 0x94, 0x4D,
    0xE4, 0x29, 0x07, 0x14, 0x13, 0x45, 0xB8, 0x3D, 0xD3, 0xB5, 0x2D, 0xC5, 0xC6, 0xF1, 0x33, 0xD8,
    0xE5, 0xC8, 0xB8, 0x65, 0x26, 0x08, 0x4D, 0x4F, 0xED, 0x3D, 0xF3, 0x10, 0xF0, 0x3E, 0x21, 0x61,
    0x37, 0x37, 0x21, 0x02, 0xF4, 0x30, 0x96, 0x8A, 0xE8, 0x79, 0x82, 0x08, 0xF8, 0xFB, 0x50, 0x48,
    0xB5, 0x0A, 0x59, 0x7F, 0x8A, 0x90, 0xE6, 0x73, 0x12, 0x52, 0x14, 0xD9, 0x2B, 0x77, 0xF7, 0x5C,
    0xB9, 0x02, 0x7F, 0x96, 0x53, 0xBF, 0x00, 0x2F, 0x90, 0xB9, 0x8B, 0xCA, 0x99, 0x87, 0x53, 0x2E,
    0x7F, 0x08, 0xE5, 0xCA, 0xF7, 0x82, 0x64, 0xFC, 0x1B, 0xDC, 0x92, 0xE3, 0x1E, 0x0A, 0x42, 0x3D,
    0x28, 0x07, 0x2A, 0x42, 0x03, 0x1E, 0x49, 0xEB, 0x52, 0x34, 0xB5, 0x34, 0x71, 0x48, 0xA6, 0xA5,
    0x43, 0x03, 0x11, 0x30, 0x47, 0x13, 0xE6, 0x60, 0x0D, 0xC6, 0x60, 0x4B, 0x99, 0xBD, 0x59, 0x7D,
    0x18, 0x34, 0xF7, 0x37, 0x7C, 0x6B, 0x22, 0x99, 0x01, 0xEF, 0x3F, 0x18, 0x30, 0x44, 0x25, 0x6F,
    0xD5, 0xA3, 0xFB, 0xBA, 0xC5, 0x5B, 0xFF, 0x8A, 0xCC, 0x88, 0x32, 0xB6, 0xC2, 0xA0, 0xDC, 0x2E,
    0xAD, 0x21, 0xFF, 0xE4, 0x9C, 0xBB, 0xB2, 0xC1, 0x08, 0x35, 0xCE, 0x61, 0x94, 0x5C, 0x3E, 0xD0,
    0xE9, 0xFD, 0x3E, 0x49, 0xDD, 0x6B, 0xFA, 0xE4, 0xBA, 0x64, 0x2F, 0xF5, 0x6C, 0xBF, 0x7A, 0x67,
    0x9F, 0xA4, 0x77, 0x75, 0xD1, 0xD5, 0x7F, 0xD7, 0xD6, 0xDC, 0xA8, 0x48, 0x26, 0xAC, 0x0E, 0x8A,
    0x77, 0x7B, 0x07, 0xE1, 0x5D, 0x72, 0x50, 0xBC, 0xD3, 0x01, 0x97, 0x8E, 0x4F, 0xD2, 0xA9, 0x3C,
    0x48, 0x2E, 0x93, 0x2E, 0xCB, 0x1E, 0x09, 0x21, 0x8B, 0x79, 0xCC, 0x27, 0x3A, 0xAE, 0x86, 0x7A,
    0xD2, 0xD3, 0xF5, 0x29, 0x9F, 0x8A, 0xB1, 0x18, 0xCA, 0xA1, 0x0C, 0x55, 0x50, 0xBD, 0xFA, 0x95,
    0x9A, 0xD5, 0x5C, 0x8F, 0x35, 0xE9, 0xC6, 0xD8, 0x1B, 0xFB, 0x9D, 0x9D, 0x6C, 0x7A, 0x92, 0x7E,
    0x22, 0xD3, 0x07, 0x1F, 0x4E, 0x93, 0x0F, 0x5D, 0xDD, 0xD6, 0x2D, 0x72, 0xB6, 0xE9, 0xCD, 0x60,
    0x86, 0xBA, 0xC3, 0x57, 0x1C, 0x73, 0x8B, 0xD1, 0x3D, 0x73, 0x03, 0x0F, 0x90, 0xE4, 0xE1, 0xC5,
    0x66, 0xE3, 0x85, 0x9E, 0x0C, 0x51, 0xC1, 0xFA, 0xE4, 0x0D, 0xC5, 0xD5, 0xCE, 0xE2, 0x19, 0x2C,
    0xBC, 0x13, 0x26, 0xF0, 0x2E, 0xDF, 0x5B, 0xF1, 0x54, 0xAA, 0xE7, 0x67, 0xFE, 0x5E, 0x12, 0x84,
    0x7B, 0x76, 0x94, 0x3E, 0x5D, 0x31, 0x48, 0x9F, 0xBE, 0x90, 0x38, 0x52, 0x2C, 0x03, 0xD5, 0x1D,
    0xEC, 0x88, 0x40, 0x1E, 0xC5, 0x3F, 0x8B, 0xCF, 0x33, 0x91, 0xE1, 0xFF, 0x41, 0x1E, 0x02, 0x9B,
    0xB5, 0xEE, 0xEF, 0xEB, 0x68, 0x51, 0x29, 0x64, 0xA1, 0x1C, 0xCB, 0xB1, 0x1A, 0xAA, 0xB1, 0x0A,
    0x65, 0xC8, 0x6C, 0x66, 0x75, 0x67, 0x46, 0x17, 0xDC, 0xE0, 0x83, 0x0B, 0xB7, 0xC2, 0xF5, 0xA0,
    0x84, 0x33, 0x58, 0x0B, 0xEF, 0x4E, 0x0B, 0x77, 0x61, 0xDF, 0x9A, 0x7E, 0xC1, 0xC1, 0x58, 0x33,
    0x38, 0xAA, 0x3B, 0xBF, 0x97, 0x10, 0x5C, 0xFE, 0x69, 0x22, 0x92, 0x55, 0x0C, 0xFE, 0xC9, 0xAE,
    0x99, 0x64, 0x71, 0x28, 0x70, 0x5B, 0xB6, 0x53, 0x79, 0x4A, 0x50, 0x61, 0xB1, 0xBB, 0x82, 0x6A,
    0x81, 0x84, 0x5C, 0x52, 0xAB, 0x12, 0xE8, 0xEF, 0x5F, 0x02, 0x04, 0x74, 0x7B, 0xC5, 0x92, 0x69,
    0x30, 0x5F, 0x2D, 0x36, 0x8F, 0x64, 0xE5, 0x5D, 0xD3, 0x17, 0x76, 0x1B, 0xCC, 0xD9, 0xE9, 0x80,
    0xAC, 0xDB, 0x93, 0x42, 0x1C, 0x32, 0x8F, 0x7E, 0x33, 0x8B, 0x5E, 0x6F, 0x4C, 0xD8, 0x57, 0xAF,
    0x67, 0x24, 0x86, 0x6B, 0x13, 0x64, 0xC5, 0xFB, 0x3C, 0x85, 0xA8, 0x07, 0x9E, 0xAE, 0xB8, 0xF4,
    0xF8, 0x63, 0x26, 0x17, 0xC9, 0x4F, 0xA4, 0x7B, 0x28, 0xF8, 0xBE, 0xA4, 0x4D, 0x7E, 0x53, 0x96,
    0x09, 0x18, 0xAC, 0x0E, 0x7F, 0xC2, 0x6F, 0xC1, 0xFD, 0x22, 0x0A, 0x81, 0x7A, 0x14, 0xEF, 0x5D,
    0x07, 0xF3, 0x1E, 0x5B, 0x98, 0x7F, 0x9F, 0x09, 0x1C, 0x78, 0x80, 0xD1, 0x3C, 0x27, 0xC3, 0x30,
    0x26, 0x72, 0x03, 0xD3, 0x1B, 0x30, 0x74, 0x8D, 0x16, 0x93, 0xF8, 0xFA, 0x64, 0x22, 0x3C, 0x13,
    0xF3, 0x66, 0x8F, 0x39, 0xAA, 0xFE, 0x3B, 0x60, 0x9A, 0x2A, 0xEE, 0x10, 0xDB, 0x4A, 0xD2, 0x1B,
    0xBF, 0x2A, 0x9D, 0x1A, 0x7B, 0xB8, 0x5B, 0x3F, 0x0A, 0xEA, 0x0E, 0x3D, 0xCA, 0x1C, 0x04, 0x9C,
    0x24, 0x9D, 0x2F, 0x4A, 0x7C, 0x71, 0xA9, 0x35, 0x3F, 0xE1, 0x8E, 0xCC, 0x4B, 0x80, 0x53, 0x64,
    0x76, 0x7D, 0xB6, 0x90, 0x76, 0x2D, 0x04, 0x20, 0xF0, 0x6E, 0x13, 0xA0, 0xC2, 0xA2, 0x2C, 0x2A,
    0x5C, 0x55, 0xA9, 0x77, 0xE9, 0xDA, 0xFC, 0x1C, 0xAA, 0xAB, 0x1F, 0x72, 0xEB, 0xF8, 0x59, 0xB6,
    0x9E, 0xE7, 0x79, 0x0D, 0x6D, 0x25, 0xDD, 0x83, 0xE6, 0xB9, 0x71, 0x69, 0x17, 0x5C, 0x10, 0x5E,
    0xA2, 0x27, 0x59, 0x70, 0xD7, 0x89, 0xB0, 0x7A, 0x98, 0x5C, 0xBC, 0x58, 0x3D, 0xB6, 0xC2, 0xE9,
    0xFE, 0x3D, 0x71, 0xFB, 0x80, 0xEA, 0xF1, 0x08, 0xAA, 0xE1, 0x23, 0xA0, 0x54, 0x8F, 0x7E, 0xDD,
    0x0C, 0x73, 0x82, 0x7E, 0xC1, 0x19, 0xFE, 0xC1, 0x2D, 0x43, 0xF9, 0x8C, 0x22, 0x52, 0x31, 0xFD,
    0x56, 0x94, 0x1F, 0xCE, 0x38, 0x2D, 0x73, 0xBC, 0xF7, 0xB3, 0xA5, 0xDC, 0x27, 0x77, 0xBC, 0x0F,
    0x67, 0x8B, 0x79, 0x11, 0x32, 0x9B, 0x20, 0x8A, 0x0B, 0xB5, 0x5E, 0xB0, 0xFB, 0xD2, 0x09, 0x12,
    0x1A, 0xE5, 0x23, 0xB0, 0xE8, 0x81, 0xAE, 0xC5, 0x95, 0x03, 0x07, 0xFA, 0xC9, 0x03, 0x17, 0x02,
    0x2B, 0x65, 0x90, 0xBC, 0x93, 0x0E, 0x49, 0x8A, 0xDD, 0x89, 0xC3, 0x54, 0xB2, 0xE0, 0x88, 0x5F,
    0x8B, 0x78, 0x38, 0xD5, 0xFE, 0xF4, 0x18, 0xC8, 0xDD, 0x3E, 0xC4, 0xE3, 0xE5, 0x50, 0xE0, 0xEA,
    0x44, 0x08, 0x2D, 0x62, 0x2B, 0xC1, 0xA5, 0xA8, 0x2C, 0xCD, 0xF5, 0x42, 0x4A, 0x2F, 0xAC, 0x6E,
    0x2C, 0xED, 0x9B, 0x0B, 0xAF, 0x97, 0xA9, 0x18, 0x46, 0x2A, 0x87, 0xE1, 0xE1, 0x17, 0x91, 0x90,
    0x9A, 0x59, 0xDA, 0x55, 0xBB, 0x8B, 0xB9, 0x50, 0xDE, 0x71, 0x16, 0xD2, 0x89, 0xF5, 0x9E, 0x76,
    0x62, 0xBC, 0x37, 0x1D, 0xED, 0xA9, 0xCB, 0x10, 0x4F, 0x25, 0x63, 0xD2, 0x60, 0x2E, 0x8D, 0x77,
    0x43, 0xF8, 0xE3, 0x33, 0x47, 0x7B, 0x05, 0x56, 0x09, 0x92, 0xA1, 0x55, 0x84, 0xFD, 0xAE, 0xAF,
    0x98, 0xA4, 0x03, 0x95, 0xD3, 0x3A, 0xC5, 0x7F, 0xF3, 0xE2, 0x14, 0x2F, 0xA6, 0xC3, 0x84, 0xF8,
    0x74, 0x15, 0x6E, 0xAB, 0x3E, 0xAA, 0xEE, 0xE5, 0xFA, 0x63, 0x53, 0x3C, 0xAC, 0x53, 0x3C, 0xD5,
    0xD5, 0x60, 0xE2, 0x04, 0x13, 0xEF, 0x6B, 0xB3, 0x95, 0x74, 0x2E, 0x6C, 0x13, 0x6E, 0x85, 0x32,
    0x0B, 0xC7, 0xC3, 0x7D, 0x82, 0x01, 0xE8, 0xBA, 0xDD, 0x86, 0x92, 0x12, 0xAC, 0xE4, 0x2B, 0x85,
    0x3F, 0x8F, 0xF4, 0x15, 0x99, 0x88, 0xBA, 0x01, 0x4F, 0x6D, 0x8F, 0x78, 0xB3, 0x71, 0x16, 0xBC,
    0x98, 0xF6, 0x18, 0x91, 0xE2, 0xC4, 0xB3, 0x81, 0xFE, 0xFC, 0xE2, 0x15, 0x21, 0xBC, 0x0F, 0xA4,
    0x47, 0x32, 0x3D, 0xF9, 0x26, 0x67, 0xAB, 0x98, 0x8C, 0xBC, 0x7F, 0xFB, 0xF0, 0xF4, 0x8E, 0xB6,
    0xE0, 0xE5, 0xD3, 0x86, 0xC4, 0x35, 0x9A, 0x0E, 0xAB, 0x2D, 0x3F, 0x95, 0xEF, 0x33, 0x2F, 0x76,
    0x56, 0xAF, 0xC3, 0x2E, 0x2D, 0x15, 0x07, 0xBC, 0x56, 0x59, 0x0C, 0x6D, 0xE0, 0x79, 0x97, 0xAA,
    0x2C, 0x0E, 0xA9, 0xCA, 0xBA, 0x3B, 0x90, 0x87, 0x7D, 0x7B, 0x22, 0x06, 0xE1, 0xD7, 0x66, 0xE9,
    0x5E, 0xFF, 0x8C, 0x69, 0x86, 0x6D, 0xF9, 0x99, 0x54, 0x14, 0xB8, 0x57, 0xC5, 0x5A, 0xF3, 0x8B,
    0x49, 0x48, 0xD7, 0xFF, 0x3B, 0xC2, 0x92, 0xFA, 0x28, 0x15, 0x07, 0x25, 0xC3, 0xA2, 0x02, 0x0D,
    0x62, 0x33, 0x5E, 0x8B, 0x03, 0x58, 0x83, 0xE1, 0xFA, 0x14, 0x05, 0xD3, 0x49, 0x1C, 0xD6, 0x49,
    0x94, 0xC9, 0x6E, 0xD1, 0x5A, 0x47, 0xE6, 0xB3, 0xC6, 0x59, 0x2B, 0xCE, 0x33, 0x37, 0x57, 0xFD,
    0x3D, 0xDF, 0x2E, 0x8A, 0x98, 0x05, 0xE0, 0x7D, 0x04, 0xCC, 0x64, 0x6C, 0x76, 0x58, 0x03, 0x30,
    0xE2, 0x19, 0xAD, 0xE1, 0x86, 0x3B, 0x07, 0xF0, 0x6C, 0xFD, 0x79, 0xCD, 0x34, 0x51, 0x91, 0x64,
    0xA1, 0xF2, 0x2B, 0x21, 0xCB, 0xFB, 0x63, 0xDD, 0xEE, 0xCF, 0x3E, 0x88, 0x92, 0xAC, 0x16, 0xCC,
    0xE7, 0xFA, 0xA2, 0x3E, 0x77, 0xA0, 0x8F, 0x35, 0x2D, 0xF1, 0xC3, 0xEA, 0x63, 0xA1, 0xCF, 0xE4,
    0x5B, 0x2A, 0x46, 0x54, 0x46, 0xBB, 0x02, 0xFE, 0xCA, 0xD2, 0x60, 0x56, 0xAB, 0x62, 0xB2, 0xE5,
    0x3A, 0xBB, 0xB2, 0xD7, 0xF6, 0x32, 0x7E, 0x85, 0x66, 0xD7, 0x8D, 0xEF, 0x61, 0x94, 0x21, 0x91,
    0x5C, 0xD5, 0xF3, 0xAB, 0x7A, 0x02, 0xE4, 0xBA, 0x5F, 0x3F, 0xBB, 0xFC, 0x27, 0xCF, 0xAE, 0xFD,
    0x35, 0xA3, 0x06, 0xD4, 0xFD, 0x85, 0xCD, 0x90, 0x3F, 0xA2, 0x4F, 0x7A, 0xD5, 0xEF, 0x42, 0x26,
    0xE6, 0x11, 0x30, 0xD1, 0xEF, 0xF1, 0x8F, 0x91, 0xD8, 0xB2, 0x89, 0xCA, 0x61, 0x81, 0x2A, 0xE4,
    0x80, 0x02, 0x4B, 0x16, 0xA0, 0x2B, 0x50, 0x89, 0x95, 0x81, 0x4E, 0x7F, 0x59, 0x9D, 0x15, 0x3C,
    0x55, 0xBC, 0xC2, 0x98, 0xEE, 0xD8, 0xDB, 0xAF, 0xD4, 0x24, 0xEF, 0xD7, 0xE8, 0x30, 0xA5, 0x97,
    0x59, 0xED, 0xED, 0xD5, 0x22, 0x5E, 0xEB, 0xBE, 0xFD, 0x61, 0x92, 0x2B, 0x56, 0x5B, 0x8E, 0x7B,
    0xFB, 0xB8, 0x27, 0xC3, 0x3E, 0x9C, 0x9D, 0x04, 0xEE, 0x02, 0xD4, 0xCD, 0x79, 0x1C, 0xBD, 0x00,
    0x06, 0x65, 0x4A, 0x5A, 0x42, 0x49, 0xA0, 0x02, 0x66, 0xCC, 0xE3, 0x6E, 0x2F, 0x70, 0xC1, 0x96,
    0xF8, 0x83, 0x0C, 0x5B, 0x1F, 0x98, 0x15, 0x15, 0x3E, 0x1A, 0x54, 0x80, 0xC3, 0xF2, 0xD8, 0xCB,
    0x68, 0x1A, 0xA0, 0xB3, 0x40, 0x0F, 0x62, 0x43, 0x42, 0x96, 0x73, 0x1E, 0xA8, 0x7A, 0x16, 0xED,
    0x31, 0xAE, 0x6B, 0x1C, 0xAE, 0x5F, 0xB1, 0x6A, 0x54, 0x33, 0xD5, 0x71, 0xE3, 0x07, 0xD9, 0xDD,
    0xEF, 0x30, 0x6C, 0x84, 0x9B, 0x69, 0x2F, 0x90, 0x3B, 0xB8, 0x24, 0xCD, 0x70, 0x4F, 0xCC, 0x63,
    0xC1, 0x3C, 0x55, 0x73, 0x81, 0xAB, 0xDE, 0xA8, 0x5B, 0x8A, 0x10, 0x04, 0x7A, 0x98, 0x26, 0x9F,
    0x4C, 0xBB, 0x78, 0xB3, 0x75, 0x41, 0x31, 0xB7, 0x65, 0xDA, 0xCE, 0xC5, 0xB8, 0xAF, 0x06, 0x20,
    0xF7, 0x3B, 0x96, 0xD7, 0xB1, 0xCA, 0xE5, 0x07, 0xFC, 0x1C, 0xF8, 0x65, 0x5F, 0x3C, 0xBF, 0xAA,
    0x1D, 0xA8, 0x7A, 0x3B, 0x08, 0xCF, 0x82, 0x1B, 0xAA, 0x17, 0xEB, 0x79, 0xC0, 0x36, 0x6C, 0x39,
    0x17, 0xB3, 0x0A, 0x14, 0xEB, 0xF6, 0x41, 0x3C, 0xAB, 0x61, 0xCF, 0x33, 0xAE, 0x3C, 0x89, 0xFB,
    0xDD, 0x6A, 0x5E, 0xA6, 0xBA, 0x07, 0x98, 0xE2, 0x58, 0x7D, 0xA9, 0x71, 0xC4, 0xE9, 0x92, 0x71,
    0x2B, 0x1C, 0x2B, 0x0C, 0xFC, 0x88, 0xB1, 0xC4, 0x16, 0x71, 0xC9, 0x20, 0x81, 0xF0, 0xCD, 0xEB,
    0x61, 0xBD, 0xE0, 0x73, 0x9C, 0x92, 0xDE, 0xF6, 0x84, 0xFF, 0xC5, 0xBD, 0xB0, 0x71, 0x4D, 0x86,
    0xBF, 0x7A, 0x23, 0x3B, 0xF9, 0x33, 0xB2, 0x99, 0x23, 0x32, 0x54, 0x0D, 0x44, 0x15, 0x18, 0xFD,
    0xFE, 0x42, 0x03, 0xA4, 0x41, 0x85, 0x12, 0xF3, 0x88, 0xC3, 0x44, 0x3F, 0x6E, 0x36, 0x96, 0x44,
    0x83, 0xAD, 0x90, 0x71, 0x90, 0xE0, 0x4C, 0x06, 0x13, 0x35, 0x3E, 0x94, 0x43, 0x91, 0x44, 0x12,
    0x86, 0x1C, 0xAA, 0xF7, 0x77, 0x87, 0xFA, 0xCD, 0x01, 0x87, 0xA2, 0xD0, 0xEB, 0x01, 0x87, 0x22,
    0x53, 0x25, 0xF7, 0xE5, 0x44, 0x2B, 0x25, 0x95, 0x0C, 0x04, 0x3B, 0xBB, 0x75, 0xB6, 0x39, 0xE9,
    0x45, 0xB5, 0x37, 0x79, 0x27, 0x5D, 0x91, 0xA8, 0x51, 0xBD, 0x23, 0x4C, 0x25, 0x37, 0x65, 0x94,
    0x6C, 0x63, 0x30, 0x59, 0x79, 0x62, 0xEE, 0xCB, 0x78, 0xC2, 0xF1, 0x56, 0x50, 0x43, 0xC6, 0x43,
    0x19, 0xEA, 0x8E, 0xF8, 0xEC, 0x24, 0x2C, 0x74, 0x98, 0x39, 0x98, 0xE6, 0xC0, 0xF4, 0xA6, 0x91,
    0x99, 0x61, 0xDA, 0x8A, 0xBB, 0xAA, 0x59, 0x94, 0xE5, 0xAD, 0xEF, 0x14, 0xF3, 0x1B, 0x58, 0x30,
    0x30, 0xDE, 0x2C, 0x12, 0xCB, 0x76, 0x26, 0xBC, 0x4C, 0x65, 0xE3, 0x9A, 0x30, 0xFC, 0xEE, 0x12,
    0xB6, 0xDF, 0xDF, 0x68, 0x3C, 0x9D, 0x40, 0xA1, 0x40, 0x4E, 0xA7, 0x6C, 0x82, 0x9E, 0x09, 0xF3,
    0x05, 0xBB, 0x45, 0x44, 0xAC, 0x54, 0xD5, 0x80, 0x87, 0xDF, 0x7C, 0x4F, 0x5A, 0x38, 0x18, 0xF4,
    0x03, 0xEC, 0x90, 0x6C, 0x45, 0x1E, 0x51, 0x3C, 0x3D, 0x42, 0x17, 0x49, 0x77, 0xC0, 0xFA, 0xDD,
    0x0F, 0x50, 0x65, 0x7F, 0x34, 0x18, 0x54, 0xD7, 0x41, 0xF6, 0x5D, 0x3B, 0xCF, 0x7D, 0x26, 0x39,
    0xDC, 0xA6, 0x9C, 0x2A, 0x37, 0x87, 0x86, 0x82, 0x3D, 0x66, 0x41, 0x5C, 0x2E, 0xA8, 0x22, 0xF9,
    0xEF, 0x4F, 0xE4, 0xF3, 0x91, 0x22, 0x7D, 0x0D, 0x69, 0x3E, 0x43, 0x9B, 0x08, 0xFE, 0xC8, 0x85,
    0xB1, 0x41, 0x20, 0xE5, 0x04, 0x6B, 0x2F, 0x09, 0x23, 0xFE, 0xB9, 0x30, 0xDA, 0x55, 0xE4, 0x60,
    0x85, 0xF4, 0x7F, 0xFD, 0x11, 0x79, 0x75, 0x32, 0x7F, 0x57, 0x79, 0x64, 0xD1, 0x79, 0x19, 0x68,
    0x02, 0x50, 0xB5, 0x97, 0x29, 0x8E, 0xC5, 0x7F, 0x76, 0x84, 0x2B, 0x7E, 0x9A, 0x17, 0xBE, 0xE6,
    0xD1, 0xE3, 0xB8, 0x4A, 0x06, 0x86, 0x65, 0xB4, 0xE9, 0xCE, 0x4F, 0x0D, 0x62, 0x8E, 0x79, 0x22,
    0xB6, 0xE5, 0x24, 0xFB, 0x07, 0x52, 0x36, 0x2F, 0x40, 0xDF, 0x91, 0x05, 0xB7, 0xC0, 0xC8, 0x19,
    0x23, 0x37, 0x39, 0x30, 0xA9, 0x40, 0x8A, 0xAE, 0x73, 0x7F, 0x7E, 0xC9, 0xA3, 0x82, 0x6E, 0x48,
    0x21, 0x7D, 0xA8, 0x6E, 0x81, 0xF5, 0x2E, 0x91, 0x5E, 0xEF, 0x41, 0x8D, 0x94, 0xF9, 0x88, 0x1E,
    0x46, 0x39, 0x55, 0xE4, 0x44, 0xF1, 0xB2, 0x64, 0xE3, 0xD3, 0xA6, 0xEE, 0xB0, 0x8D, 0x64, 0x2C,
    0x2E, 0xCF, 0x94, 0x3C, 0xAE, 0x3A, 0x41, 0x74, 0x7A, 0x3A, 0x63, 0x7A, 0x85, 0x1C, 0xF1, 0xF3,
    0x0B, 0x47, 0xB9, 0x83, 0x3E, 0xA4, 0xA5, 0x88, 0x32, 0xF1, 0x1F, 0x9E, 0xD5, 0xE9, 0xBE, 0xBE,
    0xB8, 0xD4, 0xA7, 0x6B, 0x29, 0xFF, 0xD6, 0xE9, 0x94, 0x45, 0xCA, 0x77, 0x4C, 0xF2, 0x01, 0x4C,
    0xA8, 0x98, 0xC1, 0x9C, 0x91, 0x16, 0x19, 0xA8, 0x99, 0xF1, 0x37, 0x98, 0x5C, 0x5D, 0x99, 0x3C,
    0xF5, 0x20, 0x26, 0x67, 0x07, 0x4C, 0x06, 0x30, 0xB1, 0x89, 0x85, 0x1A, 0x88, 0x0C, 0x3C, 0x9D,
    0x1F, 0x9D, 0x89, 0xF4, 0xA6, 0x76, 0xAE, 0xF3, 0x17, 0xE1, 0xFA, 0x90, 0xAA, 0xF8, 0xB5, 0x78,
    0x37, 0x44, 0x8F, 0x17, 0x8C, 0x63, 0xE9, 0x52, 0x62, 0xAA, 0x2C, 0xA1, 0xDB, 0xD3, 0x74, 0xC7,
    0x1F, 0x2A, 0x7D, 0x29, 0x0C, 0xCD, 0x0D, 0xA2, 0x1A, 0x9B, 0xB7, 0xFD, 0x63, 0x31, 0xD3, 0x8C,
    0xF3, 0x5E, 0xB0, 0x33, 0x09, 0x37, 0xEE, 0xAD, 0x5B, 0x2D, 0x4E, 0xDD, 0xBA, 0xBD, 0x4D, 0xC6,
    0xD6, 0xCD, 0xD3, 0xE4, 0xE8, 0xCA, 0x7D, 0xCF, 0x7F, 0xEC, 0x71, 0x06, 0x64, 0x13, 0x30, 0x17,
    0x2C, 0x12, 0x8E, 0x82, 0x03, 0x5D, 0xDC, 0x5B, 0x92, 0xDB, 0x67, 0x60, 0x8D, 0x30, 0x9D, 0x23,
    0xA5, 0xD7, 0x7E, 0x6F, 0xC9, 0x7E, 0xEC, 0x39, 0xE4, 0x6C, 0xA0, 0xF5, 0xF5, 0x17, 0x17, 0xF6,
    0xFF, 0x8C, 0xA4, 0x10, 0xCF, 0xE1, 0xD6, 0xD9, 0xF1, 0xC5, 0xDB, 0x27, 0xAF, 0xE8, 0x36, 0x9A,
    0xE5, 0xFD, 0x1F, 0x93, 0xE1, 0xB1, 0xE6, 0x50, 0xB2, 0x4D, 0x8E, 0xA8, 0x6E, 0xB7, 0x37, 0xF6,
    0xF4, 0xD3, 0x40, 0x03, 0x47, 0xF1, 0xCF, 0x97, 0x4B, 0x8D, 0xA2, 0xA3, 0x6F, 0x50, 0xD9, 0xD2,
    0x4C, 0x55, 0x8B, 0xE4, 0xDB, 0xE4, 0x0B, 0x58, 0xA4, 0x5E, 0xB0, 0xD6, 0x58, 0xF3, 0x6F, 0xD0,
    0xC2, 0x1C, 0x7D, 0x1C, 0x13, 0xA9, 0xFB, 0x37, 0xE8, 0xA1, 0x02, 0x00, 0x69, 0x19, 0xB0, 0x68,
    0xB1, 0x00, 0x8F, 0x44, 0x35, 0x7E, 0x06, 0x45, 0x1E, 0x8F, 0x72, 0x16, 0xED, 0xBE, 0x3E, 0x78,
    0xA7, 0x01, 0x8A, 0xCA, 0xF9, 0x23, 0x4F, 0x80, 0xEB, 0xFB, 0x1B, 0x40, 0xD2, 0x22, 0xBA, 0x9C,
    0xA8, 0x5E, 0x9A, 0x5E, 0xDA, 0xB5, 0xF9, 0xA6, 0x74, 0x2B, 0x6D, 0x10, 0xEF, 0xC9, 0x78, 0x6E,
    0x0C, 0xA6, 0xFE, 0x99, 0x6B, 0x54, 0x70, 0x56, 0x31, 0x53, 0xB9, 0x7B, 0x76, 0x28, 0x1F, 0xC4,
    0x17, 0x15, 0x03, 0x8C, 0xF6, 0xFD, 0x02, 0x1C, 0x6B, 0xCF, 0x41, 0xF3, 0x80, 0xEA, 0xCC, 0x88,
    0xE9, 0xBE, 0x1E, 0x8F, 0xE9, 0xDB, 0x5B, 0x8B, 0xC0, 0x95, 0x03, 0xE5, 0x30, 0x41, 0x86, 0xA9,
    0xC4, 0x40, 0xD9, 0x62, 0x10, 0x53, 0x06, 0x91, 0xB8, 0x0A, 0x22, 0xB2, 0x0A, 0x50, 0x58, 0x84,
    0x37, 0x4D, 0x32, 0x56, 0x8C, 0x23, 0x31, 0xBC, 0x98, 0x20, 0xCB, 0x95, 0x1A, 0x64, 0x2A, 0x54,
    0xB3, 0xEC, 0xB3, 0x95, 0x90, 0x5D, 0x64, 0xE0, 0x26, 0xED, 0xBB, 0xEF, 0x1F, 0x61, 0xA6, 0xF2,
    0xDD, 0x41, 0x42, 0x74, 0x83, 0x5B, 0x33, 0xEB, 0xD9, 0x0D, 0xF5, 0xE4, 0x83, 0x9E, 0x6E, 0x85,
    0x6B, 0x93, 0x0A, 0xE9, 0x01, 0x62, 0xD5, 0x95, 0x43, 0xDD, 0x96, 0x41, 0xB7, 0xD5, 0xD2, 0x54,
    0x30, 0x6D, 0xDD, 0x9B, 0x3B, 0xFE, 0xBF, 0x34, 0xF3, 0xAC, 0x98, 0xA7, 0x9C, 0x7F, 0x38, 0xA6,
    0x5A, 0x69, 0x8D, 0x50, 0x8A, 0x34, 0x68, 0x6F, 0x37, 0x97, 0x94, 0xB6, 0xDC, 0x7A, 0x95, 0x60,
    0xCE, 0x6E, 0x7B, 0xFA, 0x60, 0xCA, 0xDD, 0xA7, 0x51, 0xBE, 0x62, 0x8F, 0xA5, 0xCB, 0x57, 0x83,
    0x18, 0x16, 0x23, 0x3A, 0x68, 0xBE, 0xC7, 0x29, 0xEE, 0x37, 0x2F, 0xA9, 0x00, 0x57, 0xB2, 0xE3,
    0x74, 0x0F, 0xFA, 0x2E, 0x84, 0xB0, 0xE6, 0x1E, 0x3F, 0x46, 0xEC, 0xE9, 0x37, 0x0E, 0x9F, 0xC6,
    0x26, 0x6E, 0x80, 0xF9, 0x5D, 0x31, 0x19, 0x13, 0xF4, 0x18, 0xBF, 0xEB, 0x2E, 0xF5, 0x79, 0x40,
    0xC8, 0xCF, 0x0C, 0xAF, 0x89, 0x8A, 0x77, 0x64, 0x01, 0x35, 0xA3, 0x7F, 0x1C, 0x4D, 0xB8, 0xA7,
    0x5D, 0x3D, 0xBC, 0x4F, 0x80, 0x97, 0x5B, 0x05, 0x24, 0xB2, 0xB5, 0x48, 0x36, 0xCC, 0x60, 0xFF,
    0x48, 0xA7, 0x86, 0xE6, 0x91, 0x3E, 0x1B, 0xD1, 0xE1, 0x73, 0x21, 0x3A, 0x52, 0x09, 0xA2, 0x6C,
    0x4F, 0xC3, 0xEE, 0xBF, 0x42, 0x65, 0x8B, 0x21, 0x92, 0xC5, 0x48, 0x18, 0x6E, 0x0F, 0xEE, 0x8D,
    0xC2, 0x8B, 0xFD, 0xC2, 0x91, 0xB6, 0xCC, 0xC9, 0x8C, 0xF5, 0x42, 0x5C, 0x7F, 0x8C, 0xF8, 0xD2,
    0xBA, 0x42, 0x88, 0xD7, 0x3B, 0xE2, 0xAA, 0x37, 0xAD, 0xEB, 0x41, 0xBC, 0xC6, 0x8E, 0x09, 0xFF,
    0xF5, 0x48, 0xDF, 0xA4, 0xDD, 0x03, 0xF9, 0x34, 0x5D, 0xDC, 0x69, 0x26, 0x72, 0x01, 0xA8, 0x39,
    0x64, 0x3C, 0x10, 0x73, 0xB3, 0x1C, 0xA1, 0x30, 0x67, 0xB6, 0x86, 0x7B, 0x92, 0xA2, 0xDA, 0x7E,
    0x7D, 0xB6, 0xCB, 0x11, 0x9D, 0xDE, 0x01, 0xA3, 0x9C, 0xBB, 0x85, 0x3A, 0x8E, 0x8A, 0x75, 0x8B,
    0x31, 0x52, 0x85, 0xAF, 0x12, 0x68, 0x2B, 0xEE, 0xC1, 0x9A, 0x3C, 0xE9, 0x77, 0xFA, 0x62, 0x92,
    0x23, 0xF3, 0x46, 0x28, 0x07, 0x92, 0xAA, 0xE8, 0xB9, 0xA0, 0x02, 0x41, 0x33, 0xAE, 0x42, 0xDD,
    0xE1, 0xE8, 0xFB, 0x73, 0x19, 0x4C, 0x83, 0xA3, 0xD7, 0xA6, 0x72, 0xF0, 0xE2, 0xCC, 0xEB, 0x43,
    0x39, 0x44, 0x39, 0x7A, 0x23, 0x14, 0xF7, 0xC4, 0xE5, 0x9A, 0xBB, 0x82, 0xC7, 0x35, 0x4B, 0x16,
    0x1C, 0xD2, 0x91, 0x2D, 0xB8, 0x4F, 0x47, 0xE7, 0x73, 0xBA, 0x82, 0x83, 0x96, 0x52, 0xE9, 0x90,
    0x31, 0xC9, 0xD1, 0x00, 0x6F, 0xD3, 0xEB, 0x08, 0x00, 0x57, 0x76, 0xE7, 0x01, 0xEE, 0x0E, 0xFF,
    0x82, 0x27, 0x3C, 0x4B, 0x54, 0xF0, 0xE4, 0xF9, 0x59, 0x98, 0x93, 0x6D, 0xB9, 0xFC, 0x7D, 0x73,
    0x11, 0x98, 0x6D, 0xA4, 0x62, 0xAA, 0xF9, 0x07, 0xB8, 0xE4, 0x32, 0x38, 0x8B, 0xF2, 0xD9, 0xF9,
    0x37, 0x02, 0x65, 0x91, 0xCD, 0xDD, 0x8E, 0x88, 0xA3, 0x46, 0x37, 0x3C, 0x69, 0x06, 0xDB, 0xB1,
    0x8E, 0xA2, 0x6A, 0x3D, 0x81, 0x53, 0xA7, 0x06, 0x98, 0x56, 0x58, 0x53, 0x26, 0xF3, 0xB9, 0x1A,
    0x80, 0x66, 0x82, 0xEA, 0x93, 0xE1, 0x41, 0x33, 0x8A, 0xC1, 0xF4, 0x3E, 0xE2, 0xE3, 0xEB, 0xF3,
    0x31, 0x74, 0x0C, 0x72, 0xE3, 0xBD, 0xC3, 0x8F, 0x5D, 0x23, 0xDB, 0xB3, 0x50, 0xE1, 0x3D, 0xF0,
    0x50, 0x1F, 0x8D, 0x87, 0x4F, 0xEB, 0x03, 0x85, 0x72, 0x16, 0x3F, 0xFD, 0xDA, 0x4B, 0x6E, 0xFB,
    0x65, 0xCC, 0xAD, 0x60, 0x03, 0x0D, 0x92, 0x5C, 0xD9, 0x8B, 0x7B, 0xDF, 0xF4, 0xCB, 0xE8, 0x72,
    0x32, 0x50, 0xBA, 0x5D, 0xB0, 0x04, 0x36, 0xD9, 0x69, 0x77, 0x7D, 0x8B, 0xE9, 0x0D, 0xDF, 0x54,
    0x80, 0x6F, 0x95, 0x84, 0x2E, 0x85, 0xAD, 0x90, 0x90, 0xA5, 0x70, 0x15, 0x3C, 0x88, 0xBC, 0x61,
    0x7F, 0xEB, 0x95, 0x5B, 0x41, 0x00, 0xC5, 0x9D, 0x87, 0xFA, 0x5B, 0xA2, 0xCF, 0x4B, 0x3D, 0x50,
    0xBE, 0xA2, 0x79, 0xE7, 0xC7, 0xEE, 0xF5, 0x3B, 0xDF, 0xDD, 0x2B, 0x16, 0xFD, 0x65, 0x51, 0x8C,
    0x8C, 0xE0, 0x44, 0x69, 0xAF, 0x34, 0x90, 0xDF, 0x61, 0x4F, 0xB8, 0xDD, 0xD9, 0x92, 0x4C, 0xC1,
    0x05, 0xCB, 0x99, 0xE8, 0x26, 0xD5, 0x29, 0xF0, 0x49, 0x0E, 0xBB, 0xFF, 0x5F, 0x78, 0x87, 0xFF,
    0x2C, 0xB7, 0x1A, 0xC5, 0x2B, 0x35, 0x02, 0x4D, 0x0F, 0xF4, 0x0D, 0xDD, 0xA4, 0x5C, 0x6E, 0x0F,
    0x56, 0x13, 0x3A, 0xD4, 0x67, 0x9B, 0xCD, 0x74, 0xF0, 0xD0, 0xF9, 0x28, 0xC3, 0x0E, 0x32, 0xC1,
    0xA5, 0x70, 0xC8, 0xA4, 0x26, 0x9A, 0x97, 0x36, 0xA1, 0x95, 0x67, 0xA7, 0x43, 0xD5, 0xBB, 0x4E,
    0xFD, 0x9C, 0x2D, 0xBC, 0x11, 0x5F, 0x1C, 0xB6, 0xD5, 0x8A, 0x50, 0x4E, 0x65, 0xD0, 0xDB, 0x13,
    0x79, 0x10, 0xDD, 0x2D, 0xCD, 0x0B, 0xD7, 0xF5, 0xF5, 0x97, 0x97, 0x91, 0xE3, 0xEF, 0xC2, 0x25,
    0xB4, 0xC7, 0xE4, 0x98, 0x3D, 0x23, 0x1E, 0x8A, 0x43, 0x34, 0x5F, 0x2A, 0x8E, 0x70, 0x4D, 0x1C,
    0x9B, 0x1F, 0x8B, 0xE3, 0xFF, 0x03, 0x4D, 0x91, 0x01, 0x86, 0x1C, 0x41, 0x14, 0x86, 0xFF, 0xEE,
    0xCE, 0xA6, 0xD1, 0x68, 0xD8, 0x04, 0x16, 0x75, 0x80, 0x90, 0x3A, 0xC1, 0xAA, 0x3E, 0xC2, 0xC0,
    0x2C, 0xC0, 0x9C, 0x20, 0xF6, 0x04, 0x3B, 0xDD, 0xB7, 0xC8, 0x6D, 0xB6, 0x8B, 0x5C, 0xA0, 0x60,
    0x00, 0x68, 0x44, 0x04, 0x48, 0xA1, 0x86, 0x5A, 0x6A, 0xEA, 0xE5, 0xFD, 0x5A, 0x56, 0xDE, 0xF4,
    0xFB, 0xFE, 0x29, 0xFD, 0xD4, 0xDF, 0xEF, 0x3D, 0x00, 0x8F, 0x16, 0x0C, 0xF7, 0x42, 0xC2, 0x64,
    0x12, 0x63, 0x24, 0x31, 0x78, 0xB2, 0x97, 0xB8, 0x4B, 0xA2, 0x0C, 0x92, 0x29, 0x77, 0x6B, 0xA1,
    0x40, 0x28, 0x68, 0xEB, 0x0D, 0x2C, 0x49, 0x95, 0x32, 0x6E, 0x42, 0xB1, 0x7E, 0xA6, 0xB8, 0xC9,
    0x4D, 0x2A, 0x15, 0x6E, 0xD1, 0x42, 0x11, 0xF1, 0x40, 0xA7, 0x12, 0xB4, 0x50, 0x65, 0x03, 0xCC,
    0xE5, 0x78, 0x8A, 0xE0, 0xFB, 0x41, 0x65, 0xE5, 0x3D, 0xF8, 0x5C, 0x27, 0x3C, 0xBC, 0x4D, 0x4E,
    0xCB, 0x56, 0xF1, 0xB3, 0x8A, 0x88, 0xD7, 0x7F, 0x2A, 0x0B, 0xC6, 0x1F, 0x1B, 0x86, 0x3F, 0x1E,
    0x1D, 0x7D, 0x32, 0xDE, 0xC3, 0xDC, 0xC0, 0xF7, 0x6A, 0x12, 0xBA, 0xB7, 0xE7, 0xAD, 0x4B, 0xE3,
    0xD6, 0x3C, 0x4B, 0xE0, 0x59, 0xAD, 0xBC, 0xDD, 0xAC, 0x77, 0x93, 0xF3, 0x0E, 0xF3, 0x32, 0x7F,
    0x97, 0xE8, 0x44, 0xA2, 0x95, 0x35, 0x0D, 0xD9, 0x04, 0xE0, 0x00, 0x34, 0x49, 0xBD, 0x0B, 0x30,
    0x9E, 0x81, 0x47, 0x03, 0x1C, 0x8F, 0x13, 0x64, 0xB7, 0x6E, 0x34, 0x31, 0x44, 0x36, 0xA7, 0x19,
    0x00, 0xC3, 0xF4, 0xEC, 0x92, 0x5F, 0xBE, 0x27, 0x1B, 0x65, 0xCF, 0x2B, 0xFB, 0xDD, 0xF3, 0x53,
    0x3D, 0xC0, 0x49, 0xC4, 0xAC, 0xB9, 0xB2, 0xD9, 0x43, 0x93, 0xFA, 0x62, 0x5E, 0x1E, 0xBF, 0x02,
    0x66, 0xB3, 0xD9, 0xE5, 0x2F, 0xB9, 0x4B, 0x7D, 0x1C, 0xF4, 0x37, 0x6E, 0x63, 0x30, 0xC1, 0xFC,
    0xB6, 0xC5, 0x94, 0x61, 0x43, 0xB3, 0xD6, 0x89, 0x23, 0xDA, 0xE0, 0x44, 0x32, 0xE4, 0xF2, 0x5C,
    0x9A, 0x8A, 0xB6, 0xB4, 0x45, 0xD1, 0x65, 0xB4, 0x49, 0x01, 0x74, 0x1C, 0x7D, 0x2B, 0x3F, 0x95,
    0x42, 0x5A, 0x11, 0x9E, 0x39, 0xE6, 0x8F, 0x34, 0x84, 0x8D, 0x1F, 0xB8, 0x51, 0xAB, 0x73, 0xDB,
    0x9C, 0xDE, 0x18, 0x14, 0x3A, 0x84, 0xEB, 0x93, 0x4C, 0x5A, 0x5B, 0x69, 0x91, 0x76, 0x33, 0x74,
    0x09, 0x7B, 0x87, 0x6C, 0x0D, 0x70, 0x60, 0x33, 0x99, 0xEB, 0x62, 0xD5, 0x62, 0xC2, 0xBC, 0x70,
    0x84, 0x36, 0x71, 0x77, 0x01, 0x3D, 0xB7, 0xBF, 0x0A, 0xEE, 0x1B, 0xC1, 0x2B, 0x66, 0xC8, 0x53,
    0xD5, 0x63, 0xC1, 0x2C, 0x09, 0x0F, 0xB2, 0x70, 0xA6, 0xBC, 0x12, 0x03, 0x77, 0x3D, 0x01, 0x56,
    0xB8, 0x70, 0x52, 0x82, 0xDB, 0x79, 0x9C, 0x2F, 0x27, 0x3F, 0xC3, 0x2D, 0xC6, 0x9F, 0xE1, 0x26,
    0xB3, 0xDC, 0x63, 0xC6, 0x1D, 0xA0, 0x64, 0xAC, 0x04, 0xEA, 0x7F, 0xBC, 0x11, 0x4D, 0x21, 0x5B,
    0x12, 0xDD, 0xCE, 0x0C, 0x32, 0x91, 0x7D, 0x24, 0x07, 0x12, 0xA7, 0x2B, 0x0B, 0x45, 0xD8, 0xDC,
    0x3F, 0xE2, 0x3D, 0xB8, 0x3C, 0xAE, 0x8D, 0x3C, 0x13, 0x28, 0x44, 0x93, 0x48, 0xC6, 0x37, 0x5A,
    0xB5, 0x7C, 0xE8, 0xE0, 0x24, 0xEA, 0x1E, 0x57, 0x89, 0xA7, 0xEB, 0x41, 0xA7, 0xC4, 0x27, 0x70,
    0x52, 0xD6, 0xBF, 0x5A, 0x5F, 0x9D, 0x3E, 0xBF, 0x8A, 0x93, 0x6C, 0x24, 0xF6, 0xB4, 0xE2, 0x87,
    0xB0, 0x60, 0xE1, 0x20, 0xFF, 0x02, 0xE3, 0x3E, 0xA0, 0xFF, 0xC0, 0xFE, 0x81, 0xFD, 0x05, 0xF9,
    0x03, 0xF6, 0x0E, 0x75, 0x0C, 0x2C, 0x0C, 0xB4, 0xE6, 0x03, 0x00, 0xD5, 0x59, 0x3D, 0x90, 0x1C,
    0xC7, 0x75, 0x7E, 0x33, 0xC3, 0xC3, 0x54, 0x69, 0x83, 0x71, 0x20, 0x02, 0x76, 0x21, 0x98, 0x9C,
    0x55, 0xAE, 0xC9, 0x03, 0xB9, 0x9B, 0x56, 0xE0, 0x80, 0x01, 0x10, 0x60, 0x81, 0x00, 0xC1, 0xE5,
    0xE5, 0x92, 0x37, 0x4F, 0xD8, 0x03, 0x2A, 0x50, 0xC0, 0x40, 0x08, 0x08, 0x27, 0x0E, 0xC4, 0xD0,
    0x19, 0x53, 0x07, 0x16, 0xBA, 0x69, 0x05, 0x4A, 0xA7, 0x24, 0xC2, 0x0A, 0x14, 0x78, 0x64, 0xE1,
    0x4A, 0x81, 0x02, 0x0C, 0x55, 0x73, 0xD6, 0x9C, 0xD9, 0xDD, 0xCF, 0xEF, 0x7B, 0x7D, 0x8B, 0x23,
    0x74, 0x04, 0x4C, 0x49, 0xA5, 0xB2, 0xB5, 0x9C, 0xF9, 0xBE, 0x5E, 0xD6, 0xE2, 0xFD, 0xF7, 0xEB,
    0x9F, 0x23, 0xAA, 0x97, 0x6F, 0x11, 0x51, 0xBB, 0xB2, 0xE0, 0x6E, 0xC9, 0x82, 0xCD, 0xF4, 0x2F,
    0x44, 0x9E, 0x99, 0xA3, 0xE2, 0x46, 0x02, 0xBC, 0xD2, 0xC3, 0x8B, 0xFD, 0x83, 0x95, 0xDA, 0x85,
    0x9A, 0x45, 0x7E, 0x88, 0x41, 0xB7, 0x50, 0xFD, 0x98, 0xBA, 0x99, 0xE4, 0xD3, 0x4D, 0xC0, 0xFE,
    0x6C, 0x7F, 0x8F, 0x68, 0x60, 0x8E, 0x47, 0x34, 0x05, 0x47, 0x92, 0x8F, 0xB3, 0x8A, 0x00, 0xF2,
    0x8A, 0x99, 0xE8, 0x7D, 0xC5, 0xA7, 0xF4, 0x76, 0xDE, 0xEF, 0x13, 0x19, 0x55, 0xEB, 0x14, 0xBD,
    0x22, 0xD1, 0x6D, 0x7E, 0x2C, 0x66, 0xEA, 0xB8, 0x63, 0x66, 0x22, 0x73, 0xF1, 0x90, 0x2D, 0x71,
    0x10, 0x81, 0x75, 0x26, 0x32, 0xB6, 0xDD, 0x80, 0xDD, 0x02, 0xB1, 0xBD, 0x98, 0xF3, 0x0F, 0x34,
    0x04, 0xA2, 0xA3, 0x72, 0x45, 0xC8, 0xDC, 0x04, 0x9F, 0xEC, 0xEF, 0xBE, 0x34, 0x64, 0x04, 0x9A,
    0x40, 0xF4, 0x98, 0xCC, 0x4C, 0x75, 0xA4, 0x7E, 0x23, 0x11, 0xD5, 0xF1, 0x13, 0x2F, 0x5E, 0x32,
    0x73, 0x20, 0x62, 0xCE, 0x6A, 0x02, 0x9C, 0xF4, 0x82, 0x9E, 0x27, 0x62, 0x9E, 0x24, 0x1A, 0x16,
    0x21, 0x40, 0x24, 0x10, 0x01, 0xBC, 0x1A, 0x83, 0x3E, 0x10, 0x0D, 0xFA, 0xC2, 0x6B, 0x98, 0x55,
    0xD4, 0xB9, 0x4B, 0x9F, 0xB3, 0xBE, 0xE2, 0xED, 0x5D, 0x32, 0xBC, 0x90, 0x93, 0x17, 0x62, 0xE9,
    0x9B, 0x95, 0x25, 0xDF, 0x05, 0xE2, 0x61, 0xA2, 0x34, 0x04, 0xFA, 0x8B, 0x13, 0xD2, 0x0F, 0x73,
    0xA8, 0xCA, 0x3B, 0xD2, 0xE9, 0xF9, 0x75, 0x3D, 0xD0, 0xA1, 0xEF, 0x4B, 0x1D, 0x57, 0x7A, 0x12,
    0x51, 0x15, 0x89, 0x6E, 0xA6, 0xBB, 0xAF, 0x98, 0x4E, 0xD4, 0xF0, 0x4A, 0x4A, 0x1B, 0xA8, 0xE5,
    0x08, 0xAA, 0x9C, 0x12, 0xF9, 0xA4, 0xC4, 0x19, 0xD8, 0x44, 0x06, 0xB5, 0xAB, 0x52, 0xB7, 0x78,
    0xD0, 0x30, 0xC1, 0x23, 0x51, 0xAB, 0x69, 0xF5, 0x1A, 0xC2, 0x2A, 0xAB, 0x39, 0x0D, 0xAB, 0x86,
    0x16, 0xA4, 0xE9, 0x82, 0x6F, 0xC3, 0xB3, 0xFD, 0xE9, 0xA2, 0x66, 0x22, 0x5A, 0x0C, 0x71, 0x74,
    0x33, 0x5B, 0xBA, 0x7D, 0x61, 0x0D, 0x4F, 0xE4, 0x39, 0x38, 0x35, 0x2D, 0xC8, 0x48, 0x68, 0xD4,
    0xCC, 0x2F, 0x97, 0xC8, 0x90, 0x81, 0xE2, 0x3B, 0x9D, 0xB4, 0xE6, 0x26, 0x08, 0xE9, 0x02, 0x8A,
    0xEF, 0x1B, 0xF6, 0x77, 0x8B, 0xCF, 0x6A, 0xD9, 0x25, 0x45, 0xB6, 0x5A, 0x4D, 0x01, 0x7A, 0xDD,
    0x44, 0xCE, 0xA2, 0x34, 0x9C, 0x46, 0xD0, 0xEB, 0x3F, 0xC9, 0x88, 0x20, 0xD0, 0x8D, 0x52, 0x7C,
    0x0F, 0x59, 0x7F, 0x9E, 0xC8, 0x1D, 0x95, 0x8B, 0x85, 0xA0, 0xA4, 0xC8, 0xE1, 0xCA, 0x92, 0x83,
    0x56, 0xFF, 0xEE, 0x6A, 0x1A, 0x28, 0xCE, 0x6A, 0xD8, 0x44, 0xFD, 0x04, 0x4B, 0x38, 0xA8, 0x0D,
    0xBF, 0x63, 0x89, 0x3D, 0x5A, 0x22, 0x08, 0x1B, 0xDE, 0x64, 0x49, 0x99, 0x06, 0xB3, 0x5A, 0x42,
    0x47, 0x1B, 0xAE, 0x2C, 0x19, 0x61, 0x89, 0x1B, 0x45, 0x35, 0xC4, 0xEE, 0x04, 0x09, 0x96, 0xBC,
    0x4D, 0xAF, 0xC6, 0x24, 0x00, 0x87, 0x2B, 0x44, 0x34, 0x80, 0xF6, 0xB5, 0x13, 0xF2, 0x88, 0x28,
    0x51, 0x42, 0x91, 0x0A, 0x3A, 0x45, 0xCF, 0x2A, 0xB9, 0x62, 0x58, 0x77, 0xA4, 0x1A, 0xB4, 0x51,
    0x75, 0x2A, 0x3E, 0xDF, 0x25, 0x78, 0x96, 0x8A, 0xAE, 0x42, 0x55, 0x54, 0x9D, 0xB5, 0x92, 0x6D,
    0x40, 0x8E, 0x9A, 0x4D, 0x15, 0x36, 0xAB, 0x50, 0x82, 0x07, 0xA8, 0xD3, 0x9D, 0x50, 0x5D, 0xA8,
    0x59, 0xD5, 0x89, 0x92, 0x6E, 0x0C, 0x7B, 0xD0, 0x74, 0x59, 0xF4, 0x78, 0x4E, 0x64, 0x22, 0xBB,
    0xCF, 0xA8, 0x63, 0x4D, 0x59, 0x5F, 0x4C, 0x19, 0x2E, 0xC9, 0x42, 0x9E, 0xBA, 0x58, 0x6F, 0x64,
    0x48, 0x68, 0xA5, 0x77, 0x40, 0x1F, 0xFF, 0x7F, 0xEA, 0x6B, 0x8E, 0x7F, 0xC3, 0x7C, 0x47, 0xBF,
    0xFF, 0xF2, 0x38, 0xF8, 0x29, 0x73, 0x2F, 0x83, 0x07, 0xFC, 0xEE, 0xE1, 0xD9, 0x2E, 0x8B, 0x4A,
    0x1E, 0x87, 0xD0, 0x6F, 0x90, 0x3E, 0x99, 0xE0, 0x60, 0xCB, 0xB0, 0x98, 0x47, 0x6C, 0x61, 0x59,
    0x34, 0xEF, 0x25, 0x9D, 0xA3, 0xD9, 0x1D, 0x16, 0x61, 0x4D, 0x45, 0x31, 0x17, 0x8E, 0x09, 0x17,
    0xB5, 0x18, 0xF0, 0x0B, 0xFE, 0x75, 0xC2, 0x4F, 0x52, 0xCB, 0x8F, 0xB4, 0xC9, 0xAF, 0x75, 0xA2,
    0xD2, 0xF3, 0x6B, 0xD1, 0xAC, 0x9E, 0xCA, 0xC0, 0x69, 0xCD, 0x34, 0x1B, 0x06, 0xDF, 0x31, 0xA3,
    0x24, 0xC2, 0xDD, 0x19, 0xB3, 0x47, 0xBB, 0x33, 0x3E, 0x70, 0x42, 0x2F, 0x32, 0x6C, 0xDD, 0x56,
    0xB3, 0x98, 0x96, 0xA9, 0x9F, 0x65, 0x60, 0x77, 0xCF, 0x89, 0xE8, 0x90, 0x45, 0x18, 0x0A, 0x76,
    0x40, 0x6C, 0xDD, 0xD9, 0x21, 0x12, 0x23, 0xA1, 0x89, 0xAA, 0x4B, 0x88, 0xF8, 0x6A, 0x31, 0xFB,
    0xAB, 0xFD, 0x61, 0x46, 0xAF, 0x08, 0x05, 0x5A, 0xD6, 0xFA, 0xEA, 0x01, 0x2D, 0x0C, 0x6F, 0x14,
    0x96, 0x1E, 0x85, 0x6D, 0x02, 0x99, 0x69, 0xB8, 0xB8, 0xCF, 0xA1, 0xC3, 0x4C, 0x68, 0xD5, 0x35,
    0x97, 0x2D, 0x0D, 0xBC, 0xC9, 0xB7, 0x30, 0xC8, 0xF7, 0x1E, 0x56, 0x2D, 0x64, 0x78, 0xBC, 0x29,
    0x55, 0xCB, 0x67, 0xD0, 0xD6, 0xF0, 0xA4, 0xF5, 0x24, 0x24, 0xFE, 0x0C, 0x1C, 0x40, 0xEE, 0x85,
    0xD0, 0x5A, 0xF1, 0x01, 0x13, 0xA7, 0x49, 0xDA, 0x92, 0xBA, 0xD5, 0x58, 0xC9, 0xB9, 0x99, 0xB5,
    0x39, 0xF8, 0x11, 0xF4, 0x13, 0x46, 0x4C, 0xFA, 0x1F, 0x47, 0x9D, 0x9B, 0xFF, 0xB1, 0x50, 0x22,
    0x88, 0xA8, 0x84, 0xC4, 0xFD, 0x2A, 0x0A, 0x25, 0xAA, 0x41, 0x2B, 0x3D, 0x48, 0x96, 0xDC, 0xAC,
    0xAD, 0xD5, 0x8F, 0xA4, 0xF3, 0x93, 0x94, 0x88, 0xFE, 0x86, 0x7A, 0xED, 0x94, 0x64, 0x08, 0x24,
    0x91, 0x07, 0x71, 0x04, 0x75, 0x3C, 0x97, 0xA4, 0x59, 0xFA, 0x33, 0x70, 0x45, 0x8B, 0xD4, 0x96,
    0x12, 0x25, 0x62, 0x25, 0xA9, 0x8A, 0xBF, 0xE5, 0x67, 0x04, 0xF5, 0x59, 0x2B, 0xA9, 0xDF, 0x08,
    0x7A, 0xDD, 0x04, 0xFA, 0x4F, 0xB6, 0xA0, 0x9F, 0xA7, 0x52, 0x91, 0x2B, 0x68, 0xE0, 0x54, 0x88,
    0x41, 0x26, 0xF3, 0x08, 0x9A, 0x4D, 0xD0, 0xE5, 0x78, 0x50, 0xA2, 0x1E, 0xE4, 0x0B, 0x65, 0x9D,
    0x80, 0xA0, 0x9F, 0xCE, 0xE8, 0x48, 0xDD, 0xAF, 0x11, 0x9A, 0xA5, 0xE3, 0x09, 0x3D, 0x69, 0xA7,
    0x6B, 0xC5, 0x5C, 0x27, 0x2A, 0x2B, 0x0F, 0x2F, 0xAF, 0xD0, 0x4C, 0x95, 0x7B, 0xF6, 0xE0, 0xC2,
    0x12, 0x69, 0x25, 0xEB, 0x4E, 0x61, 0x51, 0x15, 0x4A, 0x9E, 0x76, 0xA0, 0x5C, 0x66, 0x7A, 0x52,
    0xAA, 0x22, 0x14, 0x82, 0xA0, 0xBE, 0xDE, 0xCA, 0xA2, 0xB6, 0x91, 0x01, 0xAD, 0x3A, 0xDF, 0x4B,
    0xC3, 0xC5, 0xAF, 0x1D, 0x1D, 0x7B, 0xF8, 0xFB, 0x43, 0x00, 0xB1, 0x1F, 0xDF, 0x66, 0x49, 0x1A,
    0x1A, 0xF8, 0x4A, 0x2E, 0xC2, 0x54, 0x1A, 0x66, 0x25, 0xF2, 0x51, 0x5D, 0xD6, 0xF5, 0x15, 0xC0,
    0x8C, 0xE4, 0x47, 0xC2, 0x5E, 0xA6, 0xE5, 0x7B, 0xC8, 0x3F, 0xF5, 0x4C, 0x9A, 0x65, 0x23, 0xDC,
    0x61, 0xF1, 0xCB, 0xC2, 0x2F, 0xD6, 0x26, 0x25, 0xE1, 0x9F, 0xC5, 0xDD, 0xB9, 0x70, 0xFF, 0xA3,
    0x34, 0xFC, 0x02, 0x7D, 0xE8, 0x53, 0x76, 0x1F, 0x80, 0x03, 0x73, 0xB3, 0xC1, 0x47, 0x17, 0x95,
    0xAD, 0x59, 0xE0, 0xAD, 0xB3, 0xFD, 0x04, 0x3F, 0x1D, 0x9D, 0x58, 0x38, 0x8A, 0x39, 0x0E, 0xCE,
    0xA4, 0xC6, 0x17, 0x9E, 0xB4, 0xCD, 0x57, 0x87, 0x33, 0xB5, 0xB1, 0x65, 0x26, 0xA7, 0x9C, 0xB5,
    0xD9, 0xEF, 0x84, 0x31, 0x68, 0x98, 0xC1, 0x53, 0x0B, 0x66, 0x70, 0x46, 0xF2, 0x6D, 0xE5, 0x3E,
    0x43, 0x3C, 0xA0, 0x5B, 0x65, 0x97, 0xC0, 0xA8, 0xCE, 0xA2, 0xC3, 0x83, 0x27, 0xB0, 0xF6, 0xD0,
    0x7D, 0x2E, 0xC9, 0xE7, 0x74, 0xC9, 0x1A, 0x12, 0x65, 0x95, 0x51, 0x83, 0x9D, 0x45, 0xC0, 0x55,
    0x86, 0x26, 0xCD, 0x5F, 0x32, 0x17, 0x55, 0x94, 0x55, 0x15, 0xEC, 0xC6, 0x86, 0x08, 0x76, 0x37,
    0xA8, 0x4C, 0xA7, 0x7C, 0x65, 0x2E, 0x02, 0x89, 0xB6, 0xC4, 0xCC, 0x18, 0x32, 0x16, 0xE4, 0x7C,
    0x1F, 0x2B, 0xFB, 0x44, 0xFD, 0x5A, 0x41, 0x5A, 0xC4, 0x72, 0xD4, 0x44, 0x48, 0xAB, 0x52, 0x29,
    0x82, 0x3E, 0x00, 0x07, 0x45, 0x38, 0x55, 0x45, 0x60, 0x1D, 0xE1, 0x58, 0xB3, 0x69, 0xFA, 0x57,
    0x60, 0x87, 0xB6, 0x44, 0xC3, 0x34, 0xC0, 0xC9, 0xB1, 0xC3, 0xEC, 0x15, 0x25, 0x4F, 0x7C, 0x59,
    0x0F, 0xF1, 0x3F, 0x61, 0x93, 0x9A, 0x80, 0x31, 0x3E, 0x57, 0xAC, 0xA4, 0x11, 0xDC, 0xEF, 0xBF,
    0x32, 0x82, 0xF3, 0xF5, 0x08, 0xB2, 0x30, 0x8C, 0xD3, 0x08, 0x0A, 0xA7, 0xC2, 0xD5, 0x31, 0x72,
    0xCA, 0xF6, 0xCD, 0x11, 0xCC, 0xBF, 0x67, 0x04, 0x3D, 0xAC, 0x04, 0xF2, 0x7C, 0xB5, 0x56, 0x1E,
    0xA2, 0xAE, 0x95, 0xBA, 0x50, 0x57, 0x11, 0x36, 0x16, 0xAC, 0x05, 0xD1, 0x9E, 0x60, 0xE5, 0x6E,
    0xC5, 0x9E, 0xCF, 0xEB, 0x52, 0x80, 0x6D, 0x0F, 0xE4, 0x00, 0xA7, 0x3F, 0x70, 0xCB, 0xF1, 0xFA,
    0x33, 0xC0, 0x28, 0x02, 0x9B, 0x97, 0x67, 0x00, 0x47, 0x97, 0x67, 0x80, 0x89, 0xE8, 0xAF, 0x5E,
    0xBF, 0xDF, 0x01, 0x5E, 0x3B, 0x03, 0x7C, 0x7C, 0x75, 0x06, 0xD8, 0xBD, 0xFE, 0x0C, 0x30, 0x68,
    0x5F, 0x51, 0x9C, 0x4C, 0xC1, 0xBD, 0x7B, 0x76, 0x1A, 0x9C, 0xE8, 0xE9, 0xC3, 0xFB, 0xA2, 0xA7,
    0x1F, 0xBF, 0x89, 0x29, 0xF7, 0x7A, 0x27, 0x29, 0x01, 0xAA, 0x08, 0xAC, 0x15, 0x9B, 0x82, 0x9B,
    0xE2, 0x0A, 0xD4, 0x34, 0xD1, 0x0E, 0x88, 0x14, 0xA9, 0xEB, 0xA8, 0xC0, 0x23, 0x92, 0x2E, 0x19,
    0x32, 0x10, 0x5A, 0x5B, 0x21, 0x03, 0xCA, 0x24, 0xDD, 0xA7, 0xF2, 0x1F, 0x11, 0x31, 0x1E, 0xF8,
    0x78, 0x59, 0x1F, 0x2A, 0xDB, 0x04, 0x15, 0xD8, 0x4F, 0x5A, 0xEA, 0x5D, 0xE9, 0xBA, 0xDD, 0xA2,
    0x81, 0x68, 0xD7, 0xAC, 0xDA, 0xFF, 0x3B, 0x2A, 0xF1, 0x06, 0xAA, 0x78, 0x01, 0x11, 0x4F, 0x85,
    0x42, 0x21, 0xC0, 0x50, 0x27, 0x90, 0xF9, 0xC1, 0xA6, 0x54, 0x7E, 0x38, 0xF0, 0xA8, 0xC6, 0x27,
    0x20, 0x64, 0x73, 0x2A, 0x14, 0x41, 0x7D, 0xA1, 0x1B, 0xFC, 0x11, 0xC8, 0x6B, 0x4C, 0xBB, 0x97,
    0x93, 0x85, 0x37, 0xF1, 0xF1, 0x51, 0xBC, 0x9D, 0xA8, 0xDD, 0xEA, 0x58, 0xB3, 0xD8, 0x27, 0x61,
    0x61, 0x1A, 0xCA, 0x66, 0xC4, 0x58, 0x6C, 0x45, 0x4A, 0xE7, 0x76, 0xA5, 0x73, 0xFB, 0x42, 0x59,
    0xA8, 0x9B, 0xAB, 0x24, 0xCE, 0x76, 0x53, 0x13, 0xC5, 0x4B, 0x71, 0x70, 0xA1, 0x61, 0xED, 0x3F,
    0xF5, 0x93, 0x2A, 0x60, 0x8B, 0x90, 0xA9, 0x4B, 0x07, 0x56, 0x13, 0x6F, 0xF8, 0xE7, 0xD7, 0x0D,
    0x1B, 0xF8, 0xD2, 0x97, 0xB0, 0x2B, 0xEB, 0x6F, 0x27, 0xE4, 0xD8, 0x62, 0x9D, 0xBE, 0xC9, 0xD4,
    0x9D, 0x5B, 0x22, 0xB6, 0x06, 0xB1, 0x70, 0xC1, 0xEB, 0xC2, 0xF5, 0x13, 0x0D, 0x5A, 0xFF, 0xDB,
    0x58, 0xA4, 0x2D, 0x20, 0xB4, 0x71, 0x0D, 0x21, 0xF0, 0x48, 0x1D, 0xDB, 0xA2, 0x22, 0x80, 0xBC,
    0x9F, 0x34, 0xBA, 0x65, 0xBF, 0x13, 0xBB, 0x55, 0xF3, 0xD0, 0x6A, 0xAA, 0xA6, 0x26, 0x91, 0xA4,
    0x71, 0xAC, 0xF9, 0x1E, 0x6C, 0x68, 0x38, 0xC2, 0x06, 0x24, 0xC4, 0xB3, 0xC8, 0x5E, 0xDF, 0xDC,
    0x8F, 0xFF, 0x4F, 0xBB, 0xC9, 0x7E, 0x5F, 0xBA, 0x49, 0x09, 0xB9, 0x7B, 0xB5, 0xE9, 0x95, 0x8F,
    0xBB, 0xE4, 0xA7, 0x97, 0xFC, 0xC3, 0x4B, 0xFE, 0x67, 0x0D, 0xBF, 0x3E, 0xAB, 0x3C, 0x86, 0x17,
    0x79, 0xE4, 0xDC, 0x2A, 0x5B, 0x20, 0xB1, 0x49, 0x9E, 0x1A, 0x0F, 0xEC, 0xB8, 0x7A, 0x56, 0x7D,
    0xB6, 0xAB, 0x6E, 0xD4, 0x64, 0x72, 0xCB, 0xB1, 0xFF, 0x0A, 0x4E, 0x10, 0xFA, 0x89, 0x60, 0x75,
    0xAF, 0xBF, 0x7E, 0x00, 0x02, 0x9E, 0xB8, 0x8F, 0x5E, 0x96, 0x41, 0x0F, 0x84, 0x15, 0x1A, 0xE1,
    0xF2, 0x20, 0xC6, 0xAC, 0x0F, 0x29, 0x05, 0x79, 0x10, 0x67, 0x3C, 0xE7, 0xF6, 0xEA, 0x10, 0xA8,
    0xA4, 0x0F, 0xA2, 0x5C, 0x9E, 0x42, 0x88, 0x36, 0x5E, 0x3D, 0x17, 0x6A, 0xCC, 0xF5, 0x51, 0x5B,
    0xCA, 0x83, 0xD7, 0x04, 0xD8, 0x83, 0x57, 0x1F, 0x8D, 0xBD, 0x3E, 0x1A, 0x7D, 0x47, 0x78, 0xF0,
    0x7A, 0x7D, 0x0A, 0xE9, 0x28, 0x1F, 0x1F, 0xBC, 0x09, 0x0F, 0xF2, 0x70, 0x1F, 0x0F, 0xEE, 0x17,
    0xF4, 0xA3, 0x55, 0xAC, 0x1F, 0x38, 0x74, 0x1C, 0xFD, 0x5E, 0x5E, 0xB6, 0xD7, 0xBC, 0x5C, 0xFE,
    0x84, 0x5E, 0xBA, 0xAF, 0xE7, 0xE5, 0xFE, 0x6B, 0x79, 0xA9, 0x1F, 0x18, 0x76, 0x1C, 0x85, 0xEB,
    0xA3, 0x6F, 0x8C, 0xB4, 0x83, 0x00, 0x45, 0x6D, 0x4A, 0x70, 0xEC, 0x67, 0x17, 0x16, 0x9B, 0xAD,
    0x95, 0x04, 0xBF, 0xB7, 0x08, 0x0E, 0x1F, 0x02, 0x4F, 0xE0, 0x3F, 0xFC, 0x56, 0xD4, 0x2B, 0x87,
    0x9E, 0x39, 0x2B, 0xF2, 0xA8, 0x0B, 0xC4, 0x04, 0x57, 0x0F, 0x33, 0x7C, 0xEC, 0xB0, 0x59, 0x04,
    0x7E, 0xE9, 0xE2, 0x01, 0x68, 0xC2, 0xDB, 0xBC, 0xBF, 0xCF, 0x16, 0xD6, 0x67, 0x02, 0xAE, 0xB0,
    0x3F, 0xDB, 0xB2, 0xE4, 0xA1, 0x9F, 0x23, 0x2D, 0xA5, 0xB5, 0xF2, 0xE5, 0x00, 0x49, 0xD1, 0xEB,
    0x1C, 0x9D, 0x78, 0x3A, 0x3B, 0x61, 0x8C, 0x4E, 0xCF, 0xEE, 0xE5, 0x60, 0xC6, 0x60, 0x2D, 0x3E,
    0xEB, 0x0F, 0x7B, 0x18, 0x89, 0x1F, 0xEA, 0xD5, 0x48, 0x57, 0x06, 0x6C, 0xF1, 0x43, 0x28, 0x0E,
    0xF8, 0xA1, 0xDE, 0x91, 0x20, 0x63, 0x7A, 0x4D, 0x32, 0x60, 0x00, 0x09, 0x18, 0xA8, 0xCD, 0x48,
    0x57, 0x46, 0x16, 0x8D, 0xD5, 0x81, 0x1B, 0x65, 0xA0, 0x77, 0x15, 0x27, 0xFE, 0x9E, 0x8A, 0x49,
    0x3D, 0x6F, 0x9A, 0x82, 0x05, 0x73, 0xC8, 0x17, 0xB7, 0xD6, 0xE2, 0x0E, 0x10, 0xD6, 0x30, 0x50,
    0xBD, 0x78, 0x75, 0x89, 0xEB, 0x80, 0x7F, 0xD0, 0x5D, 0xCE, 0xF4, 0x75, 0xEF, 0x72, 0x48, 0x8D,
    0xB0, 0xA4, 0xE7, 0xC7, 0xA3, 0x64, 0x6C, 0x22, 0x88, 0x98, 0x2A, 0x1E, 0x29, 0xA1, 0xAD, 0xEB,
    0x69, 0x68, 0x02, 0xF6, 0x13, 0x3D, 0x2F, 0x26, 0x49, 0x5B, 0x3B, 0xF6, 0x93, 0xEA, 0x25, 0x5E,
    0xEB, 0x27, 0x9E, 0x6E, 0x10, 0xD5, 0x59, 0xEF, 0x62, 0x22, 0xF2, 0x3F, 0x2C, 0x22, 0xFE, 0x01,
    0x97, 0x25, 0xE8, 0xA8, 0x96, 0x7C, 0xB6, 0x40, 0x3D, 0x25, 0x8F, 0x1A, 0x96, 0x46, 0x57, 0x26,
    0xE6, 0x00, 0x37, 0x35, 0x38, 0x5E, 0xAC, 0xC2, 0x99, 0x0E, 0x27, 0x43, 0x3F, 0xD1, 0x4E, 0x57,
    0x86, 0x01, 0x33, 0xAE, 0x3B, 0x4E, 0x3D, 0x68, 0xD6, 0xDB, 0xA6, 0xB2, 0x23, 0x95, 0x70, 0x79,
    0xC2, 0x00, 0x7E, 0x95, 0xD8, 0x0E, 0x9C, 0xCB, 0xC0, 0x70, 0x2A, 0x71, 0x36, 0x36, 0x95, 0x20,
    0x3B, 0x0C, 0xE0, 0xA0, 0x43, 0xC0, 0x60, 0xAB, 0x27, 0x86, 0x55, 0x16, 0x8B, 0xE9, 0x08, 0x2F,
    0x64, 0xE0, 0x66, 0xEA, 0x22, 0x76, 0x64, 0xBA, 0x6B, 0xD6, 0x43, 0x97, 0x16, 0xB8, 0x63, 0x31,
    0x8C, 0xD3, 0xD1, 0x89, 0xC7, 0xBA, 0x3B, 0xD3, 0x88, 0x54, 0xAC, 0xB4, 0x03, 0x8D, 0xD4, 0x5F,
    0x94, 0xE5, 0x20, 0x94, 0x05, 0xE8, 0xB8, 0xEE, 0x1C, 0x97, 0x9D, 0xE1, 0x8A, 0xB8, 0xC4, 0xD0,
    0x9F, 0xED, 0x9D, 0x2D, 0x25, 0xA9, 0x73, 0x4A, 0x3D, 0xA9, 0x0A, 0x11, 0xAB, 0xA9, 0x75, 0x54,
    0x6A, 0x37, 0x52, 0x57, 0x16, 0x24, 0xEA, 0x3B, 0x43, 0xA8, 0x85, 0xD8, 0x8F, 0xB7, 0x92, 0x25,
    0x66, 0x2D, 0x35, 0x17, 0x11, 0x51, 0x14, 0x09, 0x88, 0x86, 0x0B, 0x22, 0xC6, 0x2A, 0xCA, 0xA1,
    0x39, 0x77, 0x53, 0xBB, 0xF4, 0x53, 0x75, 0x90, 0x31, 0x8A, 0x5F, 0x5E, 0x23, 0x61, 0x34, 0x64,
    0xAC, 0x23, 0x6F, 0xFD, 0x03, 0xFE, 0xD8, 0x31, 0x2F, 0x46, 0xDE, 0xDD, 0x36, 0x20, 0xB7, 0xF7,
    0xE4, 0x8D, 0x58, 0xA8, 0xA9, 0xF2, 0x1B, 0xF5, 0xE8, 0x34, 0xD9, 0xA2, 0x64, 0x1A, 0x4C, 0xA7,
    0x22, 0x63, 0x1A, 0x2E, 0xDC, 0x62, 0xA6, 0x6E, 0xC1, 0x11, 0x13, 0xBB, 0x14, 0x4F, 0xBB, 0xD9,
    0x8B, 0xCF, 0xDE, 0x0E, 0xC1, 0x9D, 0x61, 0xA2, 0x67, 0xEA, 0xB0, 0xC9, 0xD1, 0x7F, 0xA7, 0x4B,
    0x78, 0x6C, 0x99, 0x73, 0xE5, 0xEF, 0x63, 0x07, 0x93, 0x88, 0x2B, 0xD8, 0xBC, 0xC9, 0xBB, 0x54,
    0xCC, 0xB1, 0x4E, 0xF7, 0x63, 0x13, 0xAB, 0x78, 0x2B, 0x3D, 0x8C, 0x86, 0x79, 0x75, 0x8C, 0x5E,
    0x9D, 0xE1, 0x43, 0x96, 0x37, 0xB5, 0xCC, 0x51, 0xFE, 0x6D, 0x24, 0x5F, 0x45, 0xCA, 0xF5, 0xF6,
    0xE5, 0x0B, 0xDF, 0xFA, 0xF2, 0x45, 0x40, 0x0C, 0xA2, 0x51, 0x2E, 0x59, 0x35, 0xA8, 0xA8, 0x0C,
    0x9E, 0xC9, 0x00, 0x6E, 0x5D, 0x1C, 0x26, 0x6A, 0xD6, 0x3E, 0x88, 0xBD, 0x83, 0x24, 0x6E, 0xD1,
    0x64, 0x99, 0x11, 0x75, 0x65, 0x49, 0xEC, 0xB6, 0x38, 0x54, 0xD2, 0x89, 0x7F, 0xC2, 0x77, 0x91,
    0xFC, 0xA5, 0x07, 0x0C, 0x02, 0x33, 0xCA, 0x7C, 0x32, 0x48, 0xEA, 0x3B, 0xDA, 0x3F, 0x6F, 0x6B,
    0x41, 0xD8, 0x9A, 0x39, 0xEC, 0x92, 0x9B, 0xA4, 0x54, 0xA7, 0xE1, 0xD9, 0x29, 0xB6, 0xC8, 0x78,
    0x83, 0xC3, 0x6B, 0x31, 0x3B, 0x7B, 0x32, 0x67, 0x7E, 0x44, 0x99, 0x96, 0x68, 0x3C, 0x96, 0xF7,
    0xDB, 0xFC, 0x03, 0xCC, 0x83, 0x1F, 0xB3, 0xE6, 0xE4, 0x0B, 0x36, 0x1C, 0xAA, 0x87, 0x89, 0x87,
    0x73, 0x4B, 0x4D, 0x62, 0x17, 0x5E, 0x96, 0x41, 0x53, 0x6A, 0xA3, 0xE3, 0x92, 0xD5, 0x17, 0xEC,
    0x85, 0xCC, 0xDF, 0xE5, 0x7E, 0xA2, 0xB7, 0x7C, 0x13, 0xBB, 0x33, 0x7A, 0x1A, 0x6F, 0x5D, 0xEC,
    0x38, 0xF8, 0xCD, 0xF1, 0x87, 0xA2, 0x72, 0xF1, 0x22, 0x9C, 0x86, 0xD1, 0x73, 0xB5, 0x11, 0x1D,
    0xA0, 0x90, 0x6D, 0x8B, 0x94, 0x9D, 0xB9, 0xD0, 0x85, 0x3E, 0x9C, 0xE0, 0x0A, 0x15, 0xB2, 0xCB,
    0xAB, 0x26, 0xFE, 0x35, 0x19, 0xEB, 0xFF, 0x91, 0xC9, 0x69, 0x0B, 0xDB, 0x08, 0xB7, 0x0C, 0x46,
    0x52, 0x61, 0xB6, 0x26, 0xBA, 0xB5, 0x8B, 0xB7, 0x57, 0xB3, 0x49, 0x82, 0xB7, 0xDD, 0xE7, 0xBC,
    0x76, 0xBF, 0xE2, 0xA5, 0x7B, 0x21, 0x2F, 0xFF, 0x5C, 0xA2, 0xF3, 0xFD, 0x79, 0xC8, 0xE2, 0x78,
    0xEC, 0x9F, 0x9B, 0xA5, 0x8F, 0x26, 0x0C, 0xD1, 0x59, 0x13, 0xE9, 0x87, 0x14, 0xE9, 0xA9, 0x18,
    0xE0, 0xFE, 0x69, 0xD1, 0x7C, 0xF4, 0x6C, 0xA9, 0xBA, 0xF7, 0x47, 0xC9, 0x6C, 0x4A, 0xC8, 0x0E,
    0x3C, 0xB5, 0x02, 0xA1, 0xF2, 0x08, 0x96, 0x77, 0x41, 0x1D, 0x01, 0x8C, 0x00, 0xCC, 0x49, 0x34,
    0xAC, 0xAC, 0xE7, 0xB3, 0xEE, 0x17, 0x52, 0x11, 0xEF, 0x7D, 0x31, 0x19, 0xFE, 0x1E, 0x32, 0xF2,
    0x5D, 0xB6, 0x9E, 0xDF, 0xD5, 0xBC, 0xB1, 0x05, 0x10, 0x31, 0xE0, 0xF4, 0x4C, 0xA0, 0x0B, 0x19,
    0x53, 0x15, 0xDD, 0xF7, 0x91, 0x80, 0x79, 0x37, 0x0A, 0xD4, 0x02, 0xAE, 0xD9, 0xE8, 0xAD, 0xA7,
    0x02, 0x39, 0x36, 0x17, 0xC4, 0x5B, 0xCB, 0x16, 0xF7, 0x30, 0x64, 0x46, 0x81, 0x06, 0x0B, 0x60,
    0x6C, 0x50, 0x6E, 0xB1, 0xE5, 0xA5, 0x46, 0x89, 0xAE, 0x2D, 0x7F, 0x24, 0x5F, 0xE1, 0x33, 0x67,
    0x57, 0x94, 0x08, 0x26, 0x4E, 0x4C, 0xF0, 0x3F, 0x8B, 0x65, 0xC3, 0x9C, 0x60, 0xDF, 0xA3, 0x88,
    0x92, 0xBD, 0x99, 0xAC, 0xE1, 0xD1, 0xC0, 0x44, 0x2B, 0xE8, 0x81, 0x63, 0xC3, 0x1F, 0x70, 0x6C,
    0x24, 0x99, 0xB1, 0x05, 0x54, 0xBE, 0x72, 0x22, 0x15, 0xDD, 0x96, 0xC9, 0xA9, 0x4C, 0x05, 0xF8,
    0x2B, 0x02, 0xD3, 0x1E, 0xF2, 0x28, 0x89, 0xB8, 0x77, 0x21, 0xED, 0x03, 0x08, 0xFB, 0xB6, 0xC8,
    0x12, 0xC0, 0x5A, 0x0F, 0x77, 0xD1, 0xC5, 0xB6, 0x5D, 0x7E, 0x18, 0xBB, 0xA5, 0x4E, 0x43, 0xC0,
    0x71, 0x5F, 0x5E, 0x4B, 0xD1, 0x89, 0x59, 0xCE, 0x36, 0x9B, 0x09, 0x32, 0x9B, 0xCF, 0xFD, 0xDC,
    0x33, 0x8B, 0x6F, 0x59, 0x44, 0xCF, 0x5A, 0x80, 0x51, 0xA1, 0x05, 0x54, 0x7E, 0xFF, 0x8A, 0x19,
    0x98, 0xC9, 0x94, 0x04, 0x30, 0x27, 0x01, 0x6F, 0x32, 0xC3, 0x7D, 0xC0, 0x96, 0x8E, 0x67, 0xEB,
    0x95, 0x3E, 0xC9, 0x52, 0x9E, 0xDD, 0xD2, 0x44, 0xEA, 0x27, 0x01, 0x74, 0x35, 0xC0, 0x56, 0xEE,
    0xAE, 0xD0, 0x56, 0xC8, 0x59, 0xAC, 0x7A, 0x67, 0x3E, 0x94, 0x94, 0xE9, 0x69, 0x38, 0xF3, 0x04,
    0x95, 0x65, 0xE2, 0x43, 0x5B, 0x99, 0xF6, 0x64, 0x50, 0x01, 0xAE, 0x80, 0xC5, 0x02, 0x90, 0xAD,
    0x5E, 0x95, 0xA1, 0xAD, 0xE5, 0xD3, 0x55, 0x14, 0xC9, 0x94, 0x6F, 0x97, 0x2F, 0xFF, 0xE9, 0xC8,
    0x09, 0x8B, 0xD3, 0x93, 0x38, 0x8D, 0xC5, 0xC8, 0xEE, 0x38, 0xA9, 0xD3, 0x86, 0x39, 0xE2, 0x75,
    0xCC, 0x9B, 0x3B, 0xFC, 0x6A, 0x7B, 0x2A, 0x9B, 0xA2, 0x34, 0xFC, 0x68, 0xD1, 0x63, 0xF3, 0x95,
    0x00, 0x7D, 0x4F, 0xF8, 0xAE, 0x1E, 0x84, 0x70, 0x68, 0xEA, 0x11, 0x30, 0x64, 0x72, 0x6C, 0x79,
    0x74, 0x08, 0x22, 0x92, 0x79, 0x72, 0x08, 0xFD, 0x39, 0x96, 0x9F, 0x7E, 0x2E, 0x87, 0xD0, 0xE3,
    0x19, 0x74, 0xB7, 0x30, 0x09, 0x7E, 0x0E, 0x67, 0xDA, 0xDF, 0x6E, 0x3A, 0xDD, 0x17, 0xC5, 0x19,
    0x9E, 0x71, 0x80, 0x93, 0xEA, 0x0B, 0x31, 0xA0, 0x4A, 0x2F, 0xCF, 0xCE, 0x83, 0x6E, 0x23, 0xDC,
    0x61, 0x22, 0x75, 0x1C, 0xA8, 0x0B, 0x7E, 0xB7, 0x92, 0x7E, 0xDE, 0x06, 0xA8, 0x00, 0x95, 0xA5,
    0xD0, 0x4D, 0xE5, 0x0C, 0x54, 0xD6, 0xA0, 0x0A, 0x27, 0xC2, 0xBE, 0x54, 0x11, 0x9A, 0x90, 0x76,
    0x7F, 0xD7, 0x2F, 0xDD, 0xE4, 0xDB, 0x75, 0x08, 0xB9, 0x59, 0xCD, 0x08, 0xB0, 0x49, 0x62, 0xF6,
    0x28, 0x8A, 0xDD, 0xFF, 0x16, 0x87, 0x69, 0xF8, 0x22, 0xF3, 0x78, 0xBC, 0x95, 0xD6, 0x83, 0x83,
    0xFA, 0x01, 0xE9, 0x0A, 0xD0, 0x73, 0xFA, 0x1C, 0x66, 0xA7, 0x72, 0xD7, 0x47, 0x0D, 0x00, 0xA7,
    0xDB, 0x88, 0xC8, 0x08, 0x04, 0xBF, 0x55, 0x87, 0xDF, 0x64, 0x44, 0x6D, 0x13, 0xBF, 0xE1, 0x71,
    0xC3, 0x30, 0x88, 0xE1, 0x1C, 0x7C, 0xE9, 0xF0, 0xD5, 0xF0, 0x2C, 0xB1, 0xBD, 0x73, 0x6E, 0x4D,
    0x92, 0x30, 0xBA, 0xAD, 0x11, 0x98, 0xAB, 0x37, 0xCD, 0x8B, 0xFC, 0xE6, 0x82, 0xBC, 0x8F, 0x82,
    0x44, 0x57, 0x06, 0x78, 0x01, 0x44, 0x6D, 0xB0, 0x02, 0x06, 0xF0, 0x0E, 0x0D, 0xD1, 0x70, 0x30,
    0x02, 0xA3, 0xD9, 0x1C, 0x8F, 0xB7, 0xB6, 0xDB, 0xE7, 0xD4, 0xAC, 0xE2, 0x5C, 0xAB, 0xB0, 0x88,
    0x73, 0xED, 0xD6, 0x4F, 0x98, 0x12, 0x13, 0xD5, 0xE5, 0x8E, 0x18, 0x70, 0xC3, 0x7F, 0x06, 0xC3,
    0xD5, 0x19, 0x85, 0x55, 0xBE, 0x7D, 0x9F, 0x07, 0x44, 0xF5, 0x4E, 0x16, 0x99, 0x2D, 0x9F, 0x26,
    0xA1, 0xCA, 0xDF, 0x48, 0xB7, 0x2E, 0x08, 0xEB, 0x17, 0xAE, 0xFC, 0x73, 0x1D, 0xDB, 0x45, 0xA8,
    0xD9, 0x10, 0xBF, 0xD4, 0x6C, 0x7A, 0xB1, 0xD4, 0xAC, 0xDA, 0xB9, 0x44, 0xDB, 0x24, 0xB4, 0x5B,
    0xFA, 0x20, 0xA6, 0x9F, 0x9E, 0x1F, 0x3E, 0x23, 0x18, 0xAF, 0x67, 0x63, 0x25, 0x0F, 0xDA, 0xAE,
    0x29, 0xBA, 0xF3, 0x15, 0x8A, 0xF8, 0xF5, 0x8A, 0xAA, 0xA3, 0xA2, 0xF6, 0x7F, 0x53, 0x84, 0x4F,
    0xBD, 0x2A, 0x35, 0x4B, 0xF9, 0xF6, 0xB1, 0xDE, 0xEB, 0x97, 0x77, 0x23, 0xE7, 0x1F, 0xD3, 0x53,
    0x27, 0x07, 0x5C, 0xBF, 0xA7, 0x7F, 0x2D, 0x73, 0x7C, 0x23, 0x74, 0x8C, 0x54, 0x47, 0xF9, 0x0F,
    0xCB, 0xFA, 0x86, 0x2D, 0x46, 0x59, 0x1C, 0x93, 0xD6, 0x05, 0x16, 0xF6, 0xAD, 0xC2, 0xD2, 0xBE,
    0x6A, 0xE7, 0xBC, 0x8B, 0xE3, 0xBC, 0xD7, 0x29, 0xC6, 0x7B, 0x45, 0x5D, 0x77, 0x31, 0x0B, 0xD1,
    0xE7, 0xA2, 0x87, 0xDD, 0x82, 0x90, 0x97, 0x09, 0x12, 0x33, 0x72, 0xFA, 0x39, 0x4F, 0x8E, 0xF9,
    0x53, 0x9E, 0x3C, 0x5F, 0xD4, 0x08, 0x46, 0xD4, 0x74, 0x20, 0x11, 0x22, 0x93, 0x20, 0x11, 0xF2,
    0xE8, 0xD2, 0x2A, 0x48, 0x82, 0x9C, 0x2F, 0x5B, 0xE5, 0xB4, 0x26, 0x24, 0x66, 0x3D, 0xDA, 0x1E,
    0x64, 0xF0, 0xDC, 0x5D, 0x38, 0x09, 0x4E, 0xB7, 0x76, 0x67, 0x0F, 0xD7, 0xB7, 0x9C, 0x08, 0xC3,
    0xEB, 0x79, 0xA9, 0x70, 0xE1, 0x8F, 0xCD, 0xC2, 0xBF, 0x63, 0xAA, 0x67, 0xC2, 0x31, 0xE0, 0x06,
    0x36, 0x39, 0x98, 0xF0, 0xB6, 0xC1, 0x22, 0x33, 0xA3, 0x36, 0x45, 0x93, 0x97, 0xCE, 0x13, 0xC9,
    0xF7, 0x73, 0x93, 0x88, 0x5D, 0xA8, 0x04, 0xD9, 0x12, 0x50, 0x3C, 0xA9, 0x04, 0x61, 0x83, 0xA3,
    0x66, 0x13, 0x1C, 0xBB, 0xE5, 0x56, 0x92, 0x5E, 0x37, 0x19, 0xFE, 0x84, 0xD1, 0x3E, 0xDE, 0xE3,
    0x44, 0xB2, 0x5E, 0x61, 0xEE, 0xB6, 0x28, 0x39, 0x44, 0x8E, 0x58, 0xA0, 0xCE, 0x72, 0xC5, 0xDF,
    0x6C, 0x7A, 0x1F, 0xD0, 0x0A, 0xA4, 0x87, 0x7A, 0x71, 0xB7, 0x50, 0x75, 0x3C, 0xE6, 0xD2, 0x5F,
    0x26, 0x1C, 0x11, 0xD2, 0xE1, 0x39, 0xF1, 0x7F, 0x21, 0x89, 0xBF, 0x14, 0x18, 0xBE, 0x2B, 0x40,
    0xFD, 0x6E, 0x24, 0x73, 0x1A, 0xC8, 0x0D, 0x81, 0xBE, 0xD5, 0x69, 0x73, 0xF9, 0x63, 0xF6, 0x32,
    0xAF, 0x6B, 0xB3, 0xC7, 0xD2, 0x70, 0x78, 0x9F, 0xDC, 0x23, 0xF7, 0x15, 0x6D, 0x96, 0xB6, 0x06,
    0x69, 0xC0, 0xF1, 0x6C, 0x72, 0x8B, 0x5F, 0x0E, 0xCB, 0x6E, 0x81, 0xEE, 0x3E, 0xF4, 0x61, 0x08,
    0x66, 0x34, 0xB3, 0x59, 0xCD, 0xDA, 0x4F, 0xBB, 0x0F, 0xC7, 0xFE, 0xC5, 0x34, 0xBC, 0x08, 0xFD,
    0x1D, 0xD8, 0x3B, 0xCC, 0x64, 0x56, 0x3C, 0x7F, 0xBF, 0x96, 0x73, 0xFA, 0xD5, 0x91, 0xBC, 0x2F,
    0xA7, 0xEF, 0xE7, 0x64, 0x36, 0x1A, 0x36, 0xDA, 0x95, 0xE3, 0x70, 0x3B, 0x5D, 0xFB, 0x5B, 0x72,
    0xD0, 0xAB, 0xE8, 0xEB, 0x67, 0xB2, 0x3F, 0xFD, 0xDF, 0x92, 0x89, 0xCC, 0xAB, 0x3B, 0xDA, 0xFD,
    0xBD, 0xE3, 0x91, 0xFF, 0xEB, 0xEC, 0x68, 0xFF, 0x07, 0x94, 0x93, 0x01, 0x67, 0xF5, 0x56, 0x1C,
    0xC6, 0x7F, 0xF7, 0xE6, 0x76, 0x29, 0xC1, 0x29, 0x56, 0x03, 0x5B, 0xBE, 0xC1, 0xCE, 0x17, 0xA8,
    0xFE, 0x63, 0xC3, 0x00, 0x2B, 0x7A, 0x01, 0xEC, 0x23, 0x6C, 0x1F, 0xA0, 0xCB, 0x09, 0xC3, 0x00,
    0x1D, 0xB0, 0x8F, 0x31, 0x28, 0x3A, 0x6E, 0x9B, 0x03, 0xC0, 0xB0, 0xB3, 0x19, 0x03, 0xF4, 0x4C,
    0x19, 0x0C, 0xF7, 0x98, 0x6C, 0x0D, 0x92, 0xFE, 0x97, 0xB8, 0xB7, 0x7B, 0xDB, 0xF2, 0xE2, 0x3D,
    0x79, 0x8E, 0xE7, 0xE4, 0x79, 0x7E, 0xC9, 0x89, 0x48, 0x8E, 0xD7, 0xE7, 0xA2, 0xBD, 0x68, 0xE7,
    0x34, 0x3D, 0x5F, 0x1F, 0xAC, 0xD7, 0x67, 0x56, 0x35, 0x8A, 0x6A, 0x98, 0xA6, 0x7F, 0x7D, 0x7E,
    0xBC, 0x9E, 0xC7, 0xB9, 0xD3, 0x79, 0x0C, 0x3B, 0xEB, 0xDB, 0x9D, 0x4D, 0xDD, 0xB3, 0x52, 0x87,
    0x56, 0x77, 0xB9, 0xEE, 0xFD, 0x56, 0xDE, 0xE5, 0xA0, 0xCA, 0xA2, 0x09, 0xB6, 0x11, 0xEF, 0x82,
    0xF3, 0x96, 0x22, 0xD8, 0x28, 0x49, 0x42, 0xE9, 0xA5, 0x3A, 0x65, 0x85, 0x69, 0x24, 0xB8, 0x20,
    0xDE, 0x36, 0x8E, 0x0D, 0x47, 0xBC, 0xE6, 0xA9, 0xCE, 0xB2, 0x3F, 0x3A, 0xF3, 0x7B, 0xB2, 0x97,
    0x41, 0xB6, 0xC9, 0x69, 0x72, 0xDB, 0x68, 0x4D, 0x53, 0xFC, 0x9A, 0xAC, 0x76, 0x32, 0x69, 0x9B,
    0xCA, 0x9F, 0xA2, 0x7C, 0xEE, 0x4F, 0x6D, 0xB5, 0x5A, 0x61, 0xBE, 0xDD, 0x63, 0x32, 0x61, 0x97,
    0xC1, 0xD9, 0x66, 0x23, 0x1C, 0x1D, 0xBE, 0xF5, 0x3E, 0x08, 0xD4, 0xF0, 0x35, 0x6C, 0x38, 0x18,
    0x2B, 0xAB, 0x41, 0x66, 0xF9, 0x65, 0x47, 0x96, 0xF6, 0xCA, 0x23, 0x45, 0xA0, 0xF0, 0x98, 0x59,
    0x94, 0x0D, 0x65, 0x85, 0xAD, 0x10, 0x66, 0x9D, 0x32, 0x5F, 0xFD, 0x82, 0xFB, 0xE2, 0xB7, 0xA5,
    0x8E, 0xD9, 0xAC, 0xE1, 0x05, 0x57, 0xC3, 0x0D, 0x0C, 0xB3, 0x76, 0xBB, 0x4C, 0xFA, 0xE0, 0x9F,
    0x6A, 0xBF, 0x51, 0x24, 0x0F, 0xF0, 0x3E, 0x99, 0x56, 0x46, 0xFD, 0xFE, 0x49, 0xF6, 0x18, 0x66,
    0x60, 0x51, 0xB1, 0x02, 0x53, 0x61, 0x02, 0x65, 0x8F, 0x55, 0xEC, 0xAE, 0x1D, 0x71, 0x11, 0x07,
    0x57, 0x50, 0x41, 0xF1, 0xF4, 0x46, 0x5F, 0xAC, 0x3E, 0xE6, 0x5A, 0x82, 0x7E, 0x3A, 0xBA, 0x5F,
    0xF4, 0xB3, 0x51, 0xBC, 0x66, 0x83, 0x65, 0xB3, 0x4C, 0x07, 0x48, 0xA3, 0x5E, 0x9B, 0x1A, 0x5C,
    0xA4, 0x85, 0x4C, 0x87, 0xC5, 0x23, 0x18, 0x9D, 0x08, 0x90, 0xA0, 0x79, 0x0F, 0x82, 0x33, 0x09,
    0x1C, 0xAE, 0x0C, 0xD0, 0x72, 0x2B, 0x7E, 0xB2, 0x4F, 0xC6, 0xB6, 0x02, 0xA7, 0xBD, 0x02, 0xA2,
    0x7F, 0x8F, 0x80, 0xD1, 0x6F, 0x7A, 0x80, 0xF3, 0x22, 0x7D, 0x19, 0x80, 0xF2, 0x5E, 0x07, 0x40,
    0x7E, 0xD6, 0xC7, 0x99, 0xFD, 0xE1, 0x4F, 0x8D, 0xA0, 0x52, 0x69, 0xC7, 0x62, 0x74, 0x0B, 0xBD,
    0x22, 0x1B, 0xDA, 0xE5, 0x64, 0x45, 0xD7, 0x66, 0xE3, 0x15, 0x26, 0xB9, 0xBF, 0x86, 0x84, 0x0D,
    0xA2, 0xFF, 0x46, 0xA4, 0xB1, 0xAA, 0x9E, 0x96, 0x5C, 0x1F, 0x81, 0x45, 0xCC, 0x52, 0x1E, 0x8D,
    0x2F, 0x1B, 0xA1, 0xE6, 0x02, 0x98, 0xC3, 0xFB, 0xEF, 0xB2, 0x87, 0x98, 0x6F, 0xBD, 0xB9, 0x6B,
    0xCA, 0x16, 0xA9, 0xA9, 0x07, 0x2E, 0xAE, 0xE1, 0xA9, 0xFE, 0xBE, 0xC9, 0x1E, 0xB6, 0x3E, 0xDF,
    0xDE, 0x35, 0xE6, 0xAE, 0xA5, 0x6C, 0x6B, 0x64, 0x22, 0xEA, 0xB1, 0xE7, 0xE2, 0xC7, 0xB4, 0xA7,
    0xF2, 0x64, 0xBA, 0x32, 0x99, 0x34, 0x7F, 0x79, 0x1F, 0x01, 0x1C, 0x72, 0xB2, 0xE8, 0xF3, 0x29,
    0x73, 0x5E, 0x42, 0x19, 0x8B, 0x98, 0x05, 0x3C, 0xBC, 0x47, 0x51, 0x19, 0x6F, 0xA2, 0xE9, 0xB2,
    0xA1, 0xEC, 0x24, 0x08, 0x27, 0x7C, 0x05, 0x4C, 0xFF, 0x0C, 0xA2, 0xFA, 0xFF, 0x04, 0x60, 0x62,
    0xA1, 0xF4, 0x20, 0xC0, 0x0D, 0x2C, 0x06, 0xC8, 0x12, 0x14, 0x01, 0xCA, 0xE6, 0x4D, 0xDC, 0xEF,
    0x62, 0xF3, 0x2C, 0xFE, 0xF0, 0xBF, 0x41, 0x0C, 0xC0, 0x9F, 0x1A, 0x28, 0x92, 0x05, 0x00, 0x4C,
    0x92, 0x21, 0xAC, 0xE5, 0x44, 0x18, 0x85, 0xBF, 0xE9, 0xE4, 0x31, 0xE2, 0x8A, 0x31, 0xAC, 0x5A,
    0x51, 0x6F, 0x18, 0x8D, 0xB8, 0x9D, 0x06, 0x2F, 0x36, 0x64, 0xDF, 0x1A, 0xC4, 0x33, 0x28, 0x42,
    0x82, 0x4F, 0xEE, 0xDB, 0xD6, 0x2B, 0xDC, 0x0A, 0xBC, 0x40, 0xAD, 0x4F, 0xCA, 0x6B, 0x13, 0x82,
    0x6F, 0xC8, 0xE2, 0x2B, 0x76, 0x83, 0x9D, 0xC0, 0x40, 0xE6, 0x91, 0xFF, 0xF6, 0xA7, 0xED, 0x23,
    0x61, 0x33, 0xE7, 0x98, 0x4F, 0x9C, 0xF3, 0x27, 0x67, 0xB8, 0x69, 0xD1, 0x64, 0x55, 0xFC, 0x7C,
    0x0D, 0x6D, 0x13, 0x69, 0xEE, 0x69, 0x86, 0x5D, 0xF7, 0x03, 0x32, 0x98, 0xDC, 0xB9, 0x14, 0x75,
    0xAA, 0x57, 0xCC, 0xF7, 0xC0, 0x05, 0x23, 0x38, 0xA1, 0x2E, 0x74, 0xC5, 0xAC, 0xD9, 0xFE, 0x91,
    0xFC, 0xAF, 0x29, 0xEA, 0x75, 0xD3, 0xB3, 0xAF, 0xDE, 0xF3, 0xFC, 0xFD, 0xC6, 0x19, 0x33, 0xA3,
    0xF6, 0xA8, 0xB6, 0x3C, 0xDE, 0x62, 0x32, 0x54, 0xFF, 0xB4, 0x58, 0xCD, 0x54, 0x2A, 0xC0, 0x03,
    0xD0, 0x1C, 0xFE, 0x8C, 0x81, 0xF8, 0xA6, 0x50, 0x6B, 0xC2, 0x69, 0x0B, 0x21, 0x19, 0x15, 0xF7,
    0x78, 0xF5, 0xD3, 0x25, 0xDC, 0x7E, 0x1B, 0x75, 0xEE, 0x34, 0x8D, 0x55, 0x11, 0x4A, 0x21, 0x4B,
    0x95, 0xC6, 0xBB, 0x39, 0x6A, 0x7F, 0x7A, 0xC4, 0xEB, 0xEA, 0xF5, 0x7A, 0x73, 0x2B, 0x54, 0x09,
    0xB7, 0xE0, 0x27, 0x02, 0xDC, 0xC3, 0x13, 0x98, 0xF1, 0x3D, 0xF1, 0x00, 0x74, 0x73, 0xA5, 0xC5,
    0x7D, 0x10, 0xDF, 0x0F, 0xBE, 0x17, 0xFF, 0x7B, 0xF6, 0xBA, 0x04, 0x4D, 0xAF, 0xAB, 0x3C, 0x98,
    0xA7, 0xCC, 0x65, 0xCF, 0xBC, 0xC2, 0x38, 0x3B, 0xCD, 0xFE, 0x37, 0x89, 0x0C, 0x0D, 0x97, 0x86,
    0x21, 0x56, 0x12, 0xB5, 0x78, 0xCD, 0x3F, 0x7E, 0x99, 0x8A, 0x9B, 0xD7, 0xB7, 0xD3, 0xA8, 0xD4,
    0x19, 0x3E, 0x85, 0x9F, 0x60, 0x20, 0xEC, 0x51, 0x73, 0xD4, 0xC9, 0xE4, 0xBD, 0xD7, 0xBC, 0xF8,
    0x9F, 0x70, 0xF3, 0x02, 0x3A, 0xC1, 0xE8, 0x8A, 0x4D, 0x11, 0x3F, 0x85, 0xB6, 0xDE, 0x5E, 0xA0,
    0x6E, 0x23, 0x35, 0x0D, 0x61, 0x73, 0x43, 0x64, 0x20, 0x7E, 0x51, 0xA8, 0x75, 0xE1, 0xA4, 0x3D,
    0x7C, 0x0D, 0x4E, 0x9C, 0x98, 0x42, 0x31, 0xD9, 0xA4, 0x2A, 0xD9, 0x64, 0x17, 0x3B, 0xBB, 0xA9,
    0x7E, 0x37, 0x96, 0x31, 0x13, 0xB2, 0x51, 0xB1, 0x8F, 0xAB, 0x9B, 0x1A, 0x37, 0x9D, 0x61, 0xC0,
    0x65, 0xBA, 0xD9, 0x6A, 0x5B, 0x67, 0x62, 0x9B, 0x5F, 0xBF, 0x4A, 0xA3, 0xEE, 0xAA, 0x54, 0x5B,
    0xAB, 0x8A, 0x79, 0x75, 0x05, 0x97, 0xA1, 0x9E, 0xA0, 0x5B, 0x40, 0x05, 0x76, 0xC6, 0x19, 0xB8,
    0xE7, 0x8C, 0x10, 0x7F, 0xC8, 0xFB, 0xE9, 0xB8, 0xB5, 0x05, 0x84, 0xAA, 0x70, 0x2A, 0x84, 0xCC,
    0x98, 0xAA, 0x35, 0x9D, 0xFE, 0x4C, 0xF5, 0xCF, 0x4B, 0xA7, 0xB2, 0xE9, 0xD9, 0xDD, 0x3B, 0xEE,
    0x66, 0x34, 0xA3, 0x09, 0x55, 0x76, 0x9B, 0x6D, 0xE7, 0x2A, 0x81, 0x3D, 0x76, 0x4E, 0x9B, 0x05,
    0xB8, 0x1E, 0xE9, 0x70, 0xF9, 0xA8, 0x61, 0xE6, 0xB4, 0x02, 0xCF, 0x0B, 0xE3, 0x5A, 0xAD, 0xA3,
    0x5B, 0x82, 0xFF, 0xE5, 0x9B, 0x5A, 0x53, 0x50, 0x89, 0xBD, 0x34, 0x5C, 0xCE, 0x0C, 0x0D, 0x25,
    0xBE, 0x49, 0xB5, 0x4E, 0x9F, 0xAC, 0x38, 0xD5, 0xC3, 0xE6, 0xF6, 0x01, 0x10, 0x8E, 0x1A, 0xB7,
    0xB0, 0x0F, 0x4E, 0x38, 0x0A, 0x0E, 0x6C, 0x77, 0x3C, 0xB3, 0xCF, 0x4E, 0x04, 0x08, 0x19, 0x15,
    0xFB, 0xD7, 0x83, 0x9D, 0x1B, 0x37, 0x9F, 0xDD, 0xDF, 0x62, 0x35, 0x7B, 0x95, 0xB0, 0x97, 0x0C,
    0x0D, 0xB2, 0x9D, 0x13, 0x74, 0x76, 0x2B, 0x7C, 0xB7, 0x54, 0x2A, 0xA7, 0x0F, 0x0F, 0xBE, 0x6F,
    0x6A, 0x62, 0xA0, 0xA9, 0xFB, 0xAB, 0x57, 0x71, 0x2A, 0x9F, 0xBF, 0x2C, 0xE7, 0x2A, 0x75, 0x6F,
    0xFF, 0xFB, 0x73, 0xBC, 0x04, 0xD9, 0x15, 0x8F, 0x81, 0x37, 0xD9, 0x84, 0x3D, 0x56, 0xFF, 0x77,
    0x70, 0x11, 0x00, 0x7D, 0x92, 0x21, 0x8C, 0xD4, 0x50, 0x10, 0x86, 0xFF, 0x6E, 0xD9, 0xDB, 0x84,
    0x8A, 0xAA, 0xC5, 0x20, 0xEA, 0x31, 0xF5, 0xEA, 0xD5, 0xAB, 0x15, 0xD7, 0x3B, 0xB1, 0xE2, 0x3C,
    0x66, 0xBD, 0x6A, 0xBD, 0xE1, 0x04, 0xA7, 0x30, 0x68, 0xCC, 0xE1, 0x13, 0x78, 0xC5, 0x9B, 0x8A,
    0xDB, 0x9C, 0xE4, 0x85, 0x64, 0x03, 0x09, 0xA6, 0x21, 0x25, 0xD9, 0x85, 0xD7, 0x37, 0xCC, 0x4C,
    0xBB, 0xCB, 0x05, 0x08, 0xCD, 0xE6, 0x9B, 0xFF, 0x9A, 0xB9, 0xC9, 0x3F, 0xD3, 0x7F, 0x46, 0x84,
    0xD8, 0x23, 0xA5, 0xFD, 0x49, 0xF5, 0x31, 0x05, 0x24, 0x1E, 0x19, 0xF5, 0xD1, 0xE6, 0x0E, 0xA9,
    0xC7, 0x59, 0x58, 0x21, 0x6B, 0x91, 0x0F, 0x98, 0x79, 0x88, 0x32, 0x03, 0xE2, 0x3D, 0x90, 0x3A,
    0x58, 0x6E, 0xED, 0x58, 0x75, 0x08, 0x41, 0xFE, 0x66, 0x15, 0xF9, 0x80, 0xBC, 0x41, 0x46, 0xD3,
    0xD3, 0xE6, 0x64, 0xC8, 0x7C, 0xA6, 0x7B, 0x6A, 0xF2, 0xE3, 0xBB, 0x66, 0x79, 0x39, 0x6C, 0x76,
    0xF6, 0x72, 0x28, 0x0B, 0x56, 0xD5, 0xD6, 0xBE, 0x3A, 0x94, 0xA8, 0x68, 0x7A, 0x0A, 0x4B, 0x2F,
    0xEE, 0xE9, 0x9B, 0x27, 0x82, 0x3D, 0xBE, 0x03, 0x40, 0x1E, 0x46, 0x2A, 0xAB, 0x1E, 0x26, 0x8C,
    0xAA, 0x43, 0xEE, 0x55, 0x59, 0x36, 0xB8, 0x57, 0x55, 0x35, 0xC8, 0xBA, 0x51, 0x15, 0xE2, 0x56,
    0x9F, 0xA7, 0x74, 0xCD, 0xE4, 0x25, 0xA5, 0x3B, 0x1D, 0x07, 0x56, 0x87, 0x35, 0x15, 0x00, 0xD5,
    0xD2, 0x18, 0x0F, 0x80, 0x29, 0x90, 0xF4, 0x40, 0xA5, 0x0B, 0xE1, 0x3D, 0x62, 0xEE, 0x1B, 0x1E,
    0x21, 0xE1, 0xE2, 0xA1, 0x1B, 0xF5, 0xC0, 0xDC, 0xDE, 0x94, 0xAB, 0x71, 0x46, 0x3B, 0xBE, 0x6C,
    0x00, 0x23, 0xB6, 0x81, 0xA5, 0xDD, 0x96, 0x00, 0x60, 0x1A, 0xC0, 0x71, 0x71, 0x7A, 0x31, 0xF6,
    0x95, 0xC8, 0xB9, 0xE8, 0xC6, 0x76, 0xD0, 0xA1, 0x35, 0x00, 0x1E, 0x7D, 0x32, 0x26, 0x7B, 0x06,
    0xA6, 0xCE, 0x64, 0x50, 0xBF, 0xA0, 0x8A, 0xC8, 0x27, 0x64, 0x98, 0x29, 0xD1, 0x1F, 0xCC, 0x84,
    0xFB, 0xF9, 0x66, 0x57, 0x5E, 0xF5, 0xC8, 0xB6, 0xA5, 0x75, 0xC8, 0xD5, 0x88, 0xD1, 0x39, 0xCC,
    0x56, 0xB7, 0x07, 0x53, 0x00, 0xAB, 0x0C, 0xBF, 0xB9, 0x0C, 0x2B, 0x48, 0x63, 0x27, 0x2D, 0x4A,
    0x4B, 0x0E, 0xD0, 0x5A, 0xC8, 0xC6, 0x9D, 0x4C, 0xD9, 0xC3, 0xEE, 0x36, 0x1E, 0x01, 0xB3, 0x01,
    0x03, 0xA2, 0x01, 0x5F, 0x10, 0x79, 0x00, 0xB1, 0xFA, 0x08, 0x99, 0x20, 0x67, 0x0C, 0x73, 0x16,
    0xE7, 0x46, 0xAC, 0x29, 0x2A, 0xB1, 0x67, 0xB6, 0x65, 0xB9, 0x92, 0x93, 0x36, 0x8C, 0xAC, 0x31,
    0x35, 0xF2, 0xC6, 0x1C, 0x2E, 0xA8, 0x96, 0xFF, 0x40, 0x22, 0xD3, 0x23, 0x1B, 0x6A, 0x51, 0xAC,
    0x95, 0x7D, 0x3A, 0x72, 0x7B, 0xF5, 0xFD, 0xB2, 0xCB, 0x9A, 0xD4, 0xC5, 0x5D, 0x56, 0xA7, 0xED,
    0xC2, 0xCD, 0x8B, 0xAC, 0x89, 0x56, 0xE0, 0x31, 0x00, 0x90, 0x2B, 0x4D, 0xFD, 0x80, 0x0F, 0x77,
    0xFD, 0x6B, 0xE3, 0x41, 0x10, 0x09, 0x97, 0x17, 0x1C, 0x39, 0x98, 0xE9, 0x56, 0xB7, 0xCC, 0x4A,
    0x35, 0x14, 0x70, 0x88, 0x44, 0x70, 0x59, 0x73, 0x21, 0x79, 0x6A, 0x2C, 0x7A, 0x5C, 0x79, 0xCC,
    0xC6, 0x68, 0xC6, 0xC1, 0x12, 0x7D, 0x44, 0x3C, 0x85, 0x32, 0x6D, 0x11, 0x7B, 0xB1, 0xA5, 0xC1,
    0xC9, 0xF9, 0x4B, 0x74, 0x5C, 0x4E, 0x99, 0x08, 0xD0, 0x72, 0xAD, 0x59, 0xB4, 0x85, 0x14, 0xCD,
    0x06, 0xEC, 0x58, 0x02, 0xF2, 0x56, 0x4B, 0xF6, 0xA9, 0xC7, 0xB3, 0xF0, 0x3A, 0xFD, 0xD9, 0xCB,
    0x37, 0x49, 0xA8, 0x63, 0x5F, 0x2E, 0xA6, 0x06, 0xCF, 0xDF, 0x5C, 0xE3, 0xDD, 0xF8, 0x75, 0x94,
    0x2D, 0x8E, 0x5E, 0xD7, 0x87, 0x82, 0xB9, 0xE8, 0x18, 0x48, 0x94, 0xA9, 0x3B, 0x7B, 0xCB, 0x94,
    0x6F, 0xF7, 0x98, 0x98, 0x22, 0x7F, 0xAC, 0x98, 0x77, 0x00, 0xE6, 0xE6, 0xC3, 0x6D, 0x03, 0x54,
    0x53, 0x4A, 0x94, 0xE1, 0x25, 0x98, 0xC7, 0x73, 0x2D, 0xF5, 0x5C, 0x66, 0xE2, 0x93, 0x50, 0x96,
    0x56, 0x3B, 0x03, 0x2A, 0xA5, 0x65, 0x0E, 0x0F, 0xA3, 0xEA, 0xC6, 0xA8, 0xB2, 0x93, 0x72, 0xE3,
    0xC5, 0x49, 0xEC, 0xC5, 0x49, 0xE4, 0xD9, 0xC9, 0xC4, 0x99, 0xD7, 0x13, 0xED, 0xA7, 0x0B, 0xE5,
    0x1A, 0x55, 0xF3, 0xAF, 0xA8, 0xAA, 0x35, 0xA6, 0xFD, 0x1A, 0x74, 0x45, 0x61, 0x19, 0xCE, 0xFF,
    0x1B, 0xD5, 0x68, 0x25, 0x5C, 0x38, 0x65, 0xCB, 0xB0, 0x47, 0x87, 0xD3, 0xD7, 0x73, 0xEA, 0xAD,
    0x13, 0x6F, 0x09, 0xFF, 0x54, 0xA4, 0x23, 0x1D, 0x12, 0x66, 0x8B, 0x8C, 0x7F, 0xBB, 0x92, 0xFB,
    0x35, 0x95, 0xCA, 0x53, 0x40, 0x0A, 0x54, 0xAD, 0x78, 0xCB, 0x98, 0x90, 0x66, 0xAB, 0x0C, 0x9A,
    0x40, 0x66, 0x55, 0x2F, 0x43, 0xB9, 0x26, 0x6D, 0xF7, 0x7A, 0x25, 0x37, 0x9D, 0x07, 0x69, 0x83,
    0x13, 0xB3, 0x9A, 0xF1, 0x0B, 0x7D, 0x92, 0x2F, 0x8C, 0xD5, 0x4C, 0x14, 0xC5, 0x7F, 0x9D, 0xE6,
    0x65, 0xF2, 0x65, 0xF2, 0x51, 0x1C, 0x72, 0x90, 0xB8, 0x7A, 0xB3, 0x33, 0x06, 0x8F, 0xC0, 0xE3,
    0x31, 0xAC, 0x4F, 0xD8, 0x8E, 0x57, 0xCF, 0xAB, 0x95, 0xA4, 0x2B, 0xD6, 0x62, 0x48, 0xEB, 0x55,
    0xBD, 0xD9, 0xEA, 0x67, 0xA8, 0x28, 0x49, 0xC5, 0xB4, 0x97, 0x37, 0xD3, 0x34, 0x2C, 0x09, 0x70,
    0x72, 0xE7, 0x64, 0x9A, 0x9E, 0x3F, 0xB7, 0x49, 0xB9, 0x87, 0x72, 0x84, 0x5A, 0x64, 0x6B, 0x44,
    0x56, 0x7B, 0x69, 0xBF, 0xE8, 0x1E, 0x0A, 0x4F, 0xC6, 0x6B, 0x58, 0x50, 0x11, 0x23, 0xD4, 0x42,
    0x39, 0x53, 0x4E, 0x49, 0xAF, 0x47, 0xCC, 0x40, 0xD5, 0xE7, 0x09, 0xD8, 0x40, 0xED, 0x71, 0xB0,
    0xCF, 0x1D, 0x7C, 0x83, 0xF7, 0x00, 0x45, 0x00, 0x35, 0x39, 0x91, 0xD8, 0x88, 0x6C, 0x1F, 0xDB,
    0xC7, 0x19, 0x74, 0x80, 0x13, 0xD4, 0x87, 0xFC, 0x06, 0x3E, 0x67, 0x47, 0xCC, 0xB3, 0x50, 0x2C,
    0xA8, 0xBD, 0xE9, 0x28, 0xFB, 0xB4, 0xD0, 0x44, 0xDC, 0x84, 0xED, 0x31, 0x64, 0xDC, 0x72, 0x9F,
    0x5E, 0x2E, 0x58, 0x11, 0xA1, 0xB9, 0x92, 0xB7, 0x97, 0x87, 0x48, 0xD9, 0xAB, 0x01, 0x7C, 0xC1,
    0x8E, 0x33, 0x6A, 0xC2, 0x2C, 0xD4, 0x2B, 0x6E, 0x43, 0x0F, 0xBF, 0xEF, 0xED, 0x7F, 0xED, 0x7D,
    0x03, 0x77, 0x7F, 0xDE, 0xE2, 0xD5, 0x8F, 0x64, 0xB5, 0x0B, 0xD5, 0x48, 0x19, 0xD8, 0x93, 0x31,
    0x67, 0x70, 0x2B, 0xD4, 0x1B, 0xD4, 0x11, 0xEC, 0x0A, 0x95, 0x78, 0x4E, 0x6E, 0x80, 0x6A, 0x82,
    0x32, 0x42, 0x21, 0x40, 0x13, 0xA0, 0x1E, 0xC1, 0xCC, 0xA4, 0x38, 0x08, 0x64, 0xE8, 0x1E, 0xBA,
    0x19, 0x64, 0x86, 0x6E, 0x02, 0x99, 0x28, 0x65, 0xC4, 0x2C, 0xEF, 0xB2, 0xBC, 0xE9, 0xB3, 0xBD,
    0x8C, 0x7B, 0x5C, 0x8A, 0xB5, 0x9E, 0xA3, 0x1E, 0x0D, 0xD8, 0xE7, 0xC9, 0x2B, 0x20, 0x80, 0xEB,
    0xC1, 0x4E, 0xA0, 0xD7, 0x33, 0x4A, 0x26, 0xE8, 0xF2, 0xD9, 0x7B, 0x9A, 0x19, 0x54, 0x0F, 0x07,
    0x54, 0x00, 0x3D, 0x26, 0xC3, 0x6E, 0x94, 0x3D, 0xA8, 0x9A, 0x73, 0xF0, 0x7F, 0x5D, 0xC0, 0xCA,
    0xFE, 0x7D, 0xEE, 0x38, 0x0B, 0xBC, 0xF0, 0x3C, 0xC3, 0x1B, 0x80, 0x08, 0x94, 0x22, 0x12, 0xAA,
    0x44, 0x6E, 0x6B, 0x5B, 0x5F, 0xA7, 0x9B, 0x49, 0xA4, 0x12, 0xF1, 0x95, 0x43, 0x7C, 0xE0, 0x96,
    0x22, 0xA2, 0x05, 0x7B, 0x75, 0xC8, 0xD8, 0xC9, 0x54, 0x3D, 0xF9, 0xBF, 0x8D, 0x79, 0x3A, 0x4A,
    0xFF, 0x07, 0xA8, 0x3C, 0x22, 0x32, 0x26, 0x5A, 0x68, 0xDB, 0xC7, 0x2D, 0xDD, 0xD6, 0x44, 0x73,
    0xA2, 0x21, 0x4B, 0x0E, 0x31, 0x70, 0x7A, 0xCB, 0x3F, 0xC2, 0x3F, 0x7C, 0x3F, 0x5F, 0xDB, 0x6B,
    0xE9, 0x8D, 0x78, 0xB5, 0xC2, 0x0C, 0x2F, 0xD9, 0x31, 0xA0, 0xF3, 0x4F, 0xD8, 0x9B, 0xD4, 0x67,
    0x53, 0x81, 0xBB, 0xB4, 0x0F, 0xD1, 0x89, 0x48, 0xAC, 0xD2, 0xA3, 0x4E, 0x7D, 0x6A, 0x40, 0x07,
    0x06, 0x4A, 0x32, 0x7E, 0x02, 0x8D, 0x93, 0x81, 0xC6, 0xE5, 0x46, 0x18, 0x86, 0x9F, 0x24, 0xED,
    0x9F, 0xB6, 0x29, 0x73, 0xB0, 0xA5, 0xC0, 0x40, 0xB1, 0x7E, 0x74, 0xEE, 0xA0, 0x13, 0xA0, 0x58,
    0xB4, 0x70, 0x14, 0xBD, 0x88, 0xED, 0x0D, 0x74, 0x13, 0x0A, 0x28, 0xEC, 0x25, 0x2C, 0x0A, 0xF6,
    0x0E, 0x4A, 0x6D, 0xA6, 0x28, 0x00, 0xA1, 0x17, 0xD0, 0xA0, 0x40, 0xB1, 0xC1, 0x20, 0xD6, 0x4C,
    0xDE, 0x26, 0x1D, 0xEC, 0xF9, 0x97, 0x6A, 0x5F, 0xEF, 0xF7, 0x7C, 0xDF, 0xCC, 0xC7, 0x3B, 0x0E,
    0x27, 0x93, 0x02, 0xD2, 0xF8, 0xB0, 0x35, 0x09, 0xCC, 0x4A, 0x95, 0xC1, 0xCE, 0x20, 0xF0, 0x01,
    0x26, 0x49, 0x23, 0x78, 0x49, 0x80, 0x93, 0x76, 0xC0, 0x2E, 0x75, 0x06, 0xCC, 0xDA, 0x24, 0xA0,
    0x8D, 0x6D, 0x04, 0x9A, 0x64, 0x56, 0xA0, 0xCE, 0x76, 0x01, 0xD8, 0x5D, 0x00, 0x98, 0x86, 0x11,
    0x60, 0x10, 0x00, 0x5E, 0x00, 0x8D, 0x72, 0x69, 0xA9, 0xB4, 0x48, 0x11, 0xE5, 0x9D, 0x7C, 0x03,
    0xF0, 0xE3, 0x5B, 0xF0, 0x10, 0x8D, 0xA4, 0x1B, 0xBC, 0xB3, 0xF5, 0x0F, 0xF1, 0x4E, 0x32, 0x45,
    0x77, 0x30, 0xBD, 0x1E, 0x5B, 0x29, 0x58, 0x09, 0xFF, 0xBB, 0xC6, 0xE1, 0x89, 0xC2, 0xE0, 0xFE,
    0x08, 0xD3, 0xF4, 0xD5, 0x3C, 0x64, 0x1B, 0xFC, 0xE6, 0x83, 0x7B, 0xA3, 0xDE, 0x6B, 0xC7, 0x6B,
    0xE3, 0x83, 0xFB, 0x1E, 0xEA, 0x1E, 0xDA, 0x11, 0x4C, 0x00, 0xBB, 0x80, 0x5F, 0x61, 0xD8, 0x60,
    0x4A, 0x90, 0x77, 0xEA, 0x34, 0xD0, 0x44, 0x3F, 0x76, 0xAB, 0x0B, 0xE6, 0xCD, 0xB4, 0x38, 0x69,
    0xF5, 0xD2, 0x36, 0x49, 0xE9, 0xFE, 0xE5, 0xCB, 0x97, 0x4E, 0xCA, 0xE6, 0x98, 0x3B, 0x29, 0x36,
    0xD1, 0xAC, 0x75, 0xB2, 0x73, 0x95, 0x5D, 0x40, 0xBE, 0x67, 0x10, 0xF8, 0x0C, 0x36, 0x81, 0x89,
    0xD0, 0xAE, 0xD0, 0xCC, 0x50, 0x05, 0xDE, 0xCA, 0x6B, 0x03, 0x49, 0x63, 0x7D, 0x60, 0xEE, 0x72,
    0xF5, 0x74, 0x75, 0x91, 0x36, 0x0E, 0x33, 0xCD, 0xA6, 0xF1, 0xC0, 0x0E, 0xCD, 0x7A, 0x80, 0xCB,
    0x7E, 0xBD, 0xF6, 0x48, 0x5A, 0x6E, 0xB0, 0x03, 0x08, 0x40, 0x23, 0x7C, 0x3D, 0x2C, 0x90, 0xED,
    0x46, 0x9D, 0xDA, 0xFD, 0xFA, 0x4D, 0x3A, 0x43, 0x23, 0x93, 0xB4, 0xE2, 0xA4, 0xC5, 0x1F, 0x43,
    0x29, 0x2D, 0x14, 0x19, 0x25, 0xA3, 0xCD, 0x2A, 0x02, 0x0C, 0xF0, 0x0A, 0x76, 0x9C, 0x56, 0x7F,
    0x7A, 0xA9, 0x37, 0xEA, 0x48, 0x13, 0x81, 0x22, 0x13, 0xA8, 0xEC, 0x6F, 0x74, 0xAF, 0x5F, 0x63,
    0x25, 0x8C, 0x76, 0x9A, 0x33, 0x5C, 0x19, 0x7F, 0xD4, 0xE7, 0xFB, 0x06, 0xF9, 0x02, 0x09, 0xF8,
    0x99, 0x56, 0xBD, 0x51, 0x70, 0x26, 0xF8, 0xC3, 0x4F, 0x47, 0x27, 0xCC, 0x06, 0x3D, 0x40, 0xB5,
    0xD3, 0x29, 0x58, 0xCD, 0xBE, 0x58, 0xC1, 0xAB, 0xB7, 0x99, 0xEA, 0x39, 0x70, 0x9C, 0x60, 0x3A,
    0xA1, 0x03, 0xF5, 0x06, 0x34, 0x2B, 0xD0, 0x9E, 0xE8, 0x66, 0xC0, 0x04, 0xF8, 0xD8, 0x8E, 0xE0,
    0x7D, 0x0F, 0x5E, 0x80, 0xD9, 0x81, 0x26, 0x01, 0x6C, 0x40, 0xD1, 0xAB, 0xBB, 0x48, 0x2B, 0x09,
    0x7B, 0x20, 0x78, 0x69, 0x9A, 0xFD, 0x0F, 0xD9, 0x2C, 0x05, 0x7F, 0x1D, 0xC7, 0x7F, 0x16, 0xDD,
    0x01, 0x2A, 0x3D, 0xD9, 0xB8, 0x51, 0x15, 0xCA, 0xB3, 0x26, 0x82, 0x9B, 0x61, 0x18, 0xA9, 0x04,
    0x4D, 0xFA, 0xF7, 0x2B, 0x69, 0xB1, 0x47, 0x99, 0xA3, 0xBC, 0xE7, 0xFF, 0xFB, 0xFE, 0x1E, 0x9A,
    0xEF, 0x80, 0x76, 0x03, 0x4C, 0x02, 0x6C, 0x06, 0xBC, 0x38, 0xD1, 0xC3, 0xE4, 0x03, 0xEC, 0x6E,
    0xA6, 0xCE, 0x66, 0xA1, 0x49, 0xDD, 0x4A, 0x1B, 0x9B, 0xAD, 0x7C, 0xBA, 0xE7, 0x9F, 0x0E, 0x1F,
    0x10, 0x76, 0xE4, 0x19, 0x15, 0x5C, 0xF8, 0x08, 0x5E, 0x0C, 0x3D, 0xD9, 0x8F, 0x75, 0x76, 0xA1,
    0x49, 0x66, 0x69, 0xA3, 0x59, 0xCD, 0xDA, 0x46, 0x3B, 0x37, 0xC9, 0x87, 0xEA, 0xD8, 0xA0, 0x09,
    0xA6, 0x1D, 0x7C, 0x06, 0x57, 0x7E, 0x04, 0x66, 0x05, 0x2E, 0xF0, 0x08, 0x9E, 0xC1, 0xC4, 0xC9,
    0xF7, 0xB8, 0xD5, 0xA7, 0x3C, 0x1E, 0xD8, 0x0F, 0x7F, 0xC1, 0xF7, 0xC0, 0x23, 0x2E, 0xAF, 0x48,
    0x22, 0x1F, 0x84, 0x0B, 0xB7, 0xFA, 0x0C, 0x76, 0x4E, 0xFF, 0x42, 0xD1, 0xDD, 0xAF, 0xC1, 0xEB,
    0xF0, 0xD8, 0x7D, 0xD9, 0xDB, 0x1F, 0xFB, 0x49, 0x1C, 0xFE, 0xF0, 0x8E, 0x22, 0x98, 0x69, 0xE2,
    0x27, 0xDF, 0x46, 0xA7, 0xE4, 0xB5, 0xDD, 0xEB, 0xA7, 0x41, 0x71, 0xD0, 0x3A, 0x69, 0xB5, 0x01,
    0x07, 0xEF, 0x03, 0x20, 0xED, 0xC5, 0xD7, 0xEB, 0xF5, 0x76, 0x28, 0x06, 0x80, 0x7A, 0x04, 0x5C,
    0x80, 0x5A, 0x23, 0x3C, 0xCD, 0xD0, 0xEA, 0x39, 0x0C, 0xDB, 0x39, 0x8C, 0x60, 0x12, 0x07, 0x76,
    0xA0, 0xD6, 0x0C, 0xB8, 0x4C, 0xD9, 0xC0, 0x10, 0x81, 0x2E, 0xE1, 0xA5, 0xC8, 0x20, 0xF5, 0x27,
    0x80, 0x17, 0x40, 0x9D, 0x4F, 0x28, 0x50, 0xA2, 0xE8, 0xD4, 0x03, 0x53, 0x04, 0x6C, 0x09, 0x03,
    0xBA, 0x1D, 0x2A, 0xFD, 0x59, 0xAE, 0x2A, 0x2D, 0x65, 0xC0, 0x2F, 0x50, 0x42, 0x3B, 0x69, 0x2D,
    0x00, 0x48, 0xFF, 0xE5, 0x8C, 0x94, 0x8A, 0xC1, 0xF5, 0x53, 0xD0, 0x38, 0xF1, 0x98, 0xBF, 0x01,
};

static const EpdGlyph edslab_14_bolditalicGlyphs[] = {
    { 0, 0, 161, 0, 0, 0, 0 }, // U+0020
    { 9, 23, 120, -1, 22, 52, 0 }, // !
    { 10, 7, 176, 2, 22, 18, 52 }, // "
    { 25, 23, 391, 0, 22, 144, 70 }, // #
    { 19, 29, 313, 0, 25, 138, 214 }, // $
    { 25, 23, 456, 2, 22, 144, 352 }, // %
    { 20, 23, 359, 1, 22, 115, 496 }, // &
    { 6, 7, 109, 2, 22, 11, 611 }, // '
    { 15, 35, 219, 1, 28, 132, 622 }, // (
    { 15, 35, 219, -2, 28, 132, 754 }, // )
    { 13, 11, 219, 2, 25, 36, 886 }, // *
    { 11, 11, 200, 0, 13, 31, 922 }, // +
    { 6, 8, 121, -1, 4, 12, 953 }, // ,
    { 11, 4, 200, 0, 10, 11, 965 }, // -
    { 6, 5, 121, -1, 4, 8, 976 }, // .
    { 17, 29, 203, -3, 22, 124, 984 }, // /
    { 19, 23, 302, 0, 22, 110, 1108 }, // 0
    { 11, 23, 189, -1, 22, 64, 1218 }, // 1
    { 18, 23, 281, -1, 22, 104, 1282 }, // 2
    { 19, 23, 292, 0, 22, 110, 1386 }, // 3
    { 18, 23, 290, -1, 22, 104, 1496 }, // 4
    { 19, 23, 289, 0, 22, 110, 1600 }, // 5
    { 18, 23, 293, 0, 22, 104, 1710 }, // 6
    { 19, 23, 279, 0, 22, 110, 1814 }, // 7
    { 18, 23, 296, 0, 22, 104, 1924 }, // 8
    { 18, 23, 278, 0, 22, 104, 2028 }, // 9
    { 8, 15, 121, -1, 14, 30, 2132 }, // :
    { 7, 18, 144, 0, 14, 32, 2162 }, // ;
    { 17, 16, 276, 0, 16, 68, 2194 }, // <
    { 12, 7, 206, 0, 11, 21, 2262 }, // =
    { 17, 15, 276, -1, 15, 64, 2283 }, // >
    { 15, 23, 277, 2, 22, 87, 2347 }, // ?
    { 28, 27, 469, 1, 24, 189, 2434 }, // @
    { 26, 23, 435, -1, 22, 150, 2623 }, // A
    { 23, 23, 354, -1, 22, 133, 2773 }, // B
    { 21, 23, 348, 0, 22, 121, 2906 }, // C
    { 26, 23, 392, -1, 22, 150, 3027 }, // D
    { 23, 23, 340, -1, 22, 133, 3177 }, // E
    { 23, 23, 341, -1, 22, 133, 3310 }, // F
    { 21, 23, 350, 0, 22, 121, 3443 }, // G
    { 29, 23, 424, -1, 22, 167, 3564 }, // H
    { 14, 23, 194, -1, 22, 81, 3731 }, // I
    { 20, 23, 280, -1, 22, 115, 3812 }, // J
    { 25, 23, 367, -1, 22, 144, 3927 }, // K
    { 21, 23, 344, -1, 22, 121, 4071 }, // L
    { 32, 23, 481, -1, 22, 184, 4192 }, // M
    { 29, 23, 424, -1, 22, 167, 4376 }, // N
    { 23, 23, 399, 1, 22, 133, 4543 }, // O
    { 24, 23, 354, -1, 22, 138, 4676 }, // P
    { 24, 28, 428, 0, 22, 168, 4814 }, // Q
    { 24, 23, 377, -1, 22, 138, 4982 }, // R
    { 19, 23, 302, -1, 22, 110, 5120 }, // S
    { 22, 23, 370, 2, 22, 127, 5230 }, // T
    { 26, 23, 436, 2, 22, 150, 5357 }, // U
    { 26, 23, 435, 2, 22, 150, 5507 }, // V
    { 37, 23, 610, 2, 22, 213, 5657 }, // W
    { 27, 23, 400, -1, 22, 156, 5870 }, // X
    { 23, 23, 382, 2, 22, 133, 6026 }, // Y
    { 23, 23, 335, -1, 22, 133, 6159 }, // Z
    { 14, 30, 164, -2, 23, 105, 6292 }, // [
    { 7, 29, 203, 2, 22, 51, 6397 }, // <backslash>
    { 14, 30, 178, -3, 23, 105, 6448 }, // ]
    { 15, 12, 275, 1, 23, 45, 6553 }, // ^
    { 15, 4, 251, -2, 1, 15, 6598 }, // _
    { 6, 7, 135, 3, 25, 11, 6613 }, // `
    { 15, 15, 262, -1, 14, 57, 6624 }, // a
    { 16, 25, 288, 1, 24, 100, 6681 }, // b
    { 15, 15, 243, -1, 14, 57, 6781 }, // c
    { 18, 26, 285, -1, 24, 117, 6838 }, // d
    { 14, 15, 233, -1, 14, 53, 6955 }, // e
    { 16, 26, 183, -2, 22, 104, 7008 }, // f
    { 20, 24, 278, -3, 14, 120, 7112 }, // g
    { 18, 26, 299, -1, 24, 117, 7232 }, // h
    { 7, 20, 147, 0, 19, 35, 7349 }, // i
    { 12, 27, 130, -4, 19, 81, 7384 }, // j
    { 18, 25, 298, -1, 24, 113, 7465 }, // k
    { 8, 25, 161, 1, 24, 50, 7578 }, // l
    { 25, 16, 421, -1, 14, 100, 7628 }, // m
    { 18, 16, 303, -1, 14, 72, 7728 }, // n
    { 16, 15, 259, -1, 14, 60, 7800 }, // o
    { 19, 22, 274, -3, 14, 105, 7860 }, // p
    { 16, 22, 251, -1, 14, 88, 7965 }, // q
    { 16, 15, 243, -1, 14, 60, 8053 }, // r
    { 13, 15, 206, -1, 14, 49, 8113 }, // s
    { 12, 21, 215, 0, 20, 63, 8162 }, // t
    { 16, 15, 287, 0, 14, 60, 8225 }, // u
    { 20, 15, 315, 0, 14, 75, 8285 }, // v
    { 28, 15, 445, 0, 14, 105, 8360 }, // w
    { 20, 15, 309, -1, 14, 75, 8465 }, // x
    { 22, 22, 315, -2, 14, 121, 8540 }, // y
    { 16, 15, 245, -1, 14, 60, 8661 }, // z
    { 12, 30, 152, -1, 23, 90, 8721 }, // {
    { 10, 32, 104, -2, 27, 80, 8811 }, // |
    { 12, 30, 153, -3, 23, 90, 8891 }, // }
    { 13, 5, 247, 1, 11, 17, 8981 }, // ~
    { 0, 0, 161, 0, 0, 0, 0 }, // U+00A0
    { 8, 23, 125, 0, 22, 46, 0 }, // U+00A1
    { 15, 19, 243, -1, 16, 72, 46 }, // U+00A2
    { 17, 26, 261, -1, 22, 111, 118 }, // U+00A3
    { 16, 14, 252, 0, 16, 56, 229 }, // U+00A4
    { 23, 23, 382, 2, 22, 133, 285 }, // U+00A5
    { 8, 23, 129, 0, 22, 46, 418 }, // U+00A6
    { 14, 20, 221, -1, 20, 70, 464 }, // U+00A7
    { 8, 4, 205, 4, 22, 8, 534 }, // U+00A8
    { 24, 24, 420, 1, 22, 144, 542 }, // U+00A9
    { 12, 10, 193, 0, 18, 30, 686 }, // U+00AA
    { 12, 12, 210, 1, 15, 36, 716 }, // U+00AB
    { 14, 8, 271, 1, 12, 28, 752 }, // U+00AC
    { 11, 4, 200, 0, 10, 11, 780 }, // U+00AD
    { 24, 25, 420, 1, 22, 150, 791 }, // U+00AE
    { 8, 4, 205, 4, 22, 8, 941 }, // U+00AF
    { 6, 7, 215, 5, 23, 11, 949 }, // U+00B0
    { 12, 15, 253, 1, 15, 45, 960 }, // U+00B1
    { 12, 14, 201, 0, 22, 42, 1005 }, // U+00B2
    { 13, 14, 207, 0, 22, 46, 1047 }, // U+00B3
    { 6, 4, 205, 5, 22, 6, 1093 }, // U+00B4
    { 20, 22, 287, -4, 14, 110, 1099 }, // U+00B5
    { 16, 25, 280, 1, 22, 100, 1209 }, // U+00B6
    { 5, 5, 121, 1, 11, 7, 1309 }, // U+00B7
    { 7, 4, 205, 0, -1, 7, 1316 }, // U+00B8
    { 8, 14, 142, 0, 22, 28, 1323 }, // U+00B9
    { 12, 10, 191, 0, 18, 30, 1351 }, // U+00BA
    { 12, 12, 210, 0, 15, 36, 1381 }, // U+00BB
    { 20, 25, 280, -1, 24, 125, 1417 }, // U+00BC
    { 20, 25, 281, -1, 24, 125, 1542 }, // U+00BD
    { 20, 25, 280, -1, 24, 125, 1667 }, // U+00BE
    { 15, 23, 277, 0, 22, 87, 1792 }, // U+00BF
    { 26, 25, 435, -1, 24, 163, 1879 }, // U+00C0
    { 26, 25, 435, -1, 24, 163, 2042 }, // U+00C1
    { 26, 25, 435, -1, 24, 163, 2205 }, // U+00C2
    { 26, 26, 435, -1, 25, 169, 2368 }, // U+00C3
    { 26, 26, 435, -1, 25, 169, 2537 }, // U+00C4
    { 26, 28, 435, -1, 27, 182, 2706 }, // U+00C5
    { 41, 23, 620, -1, 22, 236, 2888 }, // U+00C6
    { 21, 26, 348, 0, 22, 137, 3124 }, // U+00C7
    { 23, 25, 340, -1, 24, 144, 3261 }, // U+00C8
    { 23, 25, 340, -1, 24, 144, 3405 }, // U+00C9
    { 23, 25, 340, -1, 24, 144, 3549 }, // U+00CA
    { 23, 26, 340, -1, 25, 150, 3693 }, // U+00CB
    { 14, 25, 194, -1, 24, 88, 3843 }, // U+00CC
    { 14, 25, 194, -1, 24, 88, 3931 }, // U+00CD
    { 14, 25, 194, -1, 24, 88, 4019 }, // U+00CE
    { 14, 26, 194, -1, 25, 91, 4107 }, // U+00CF
    { 26, 23, 392, -1, 22, 150, 4198 }, // U+00D0
    { 29, 26, 424, -1, 25, 189, 4348 }, // U+00D1
    { 23, 26, 399, 1, 25, 150, 4537 }, // U+00D2
    { 23, 25, 399, 1, 24, 144, 4687 }, // U+00D3
    { 23, 26, 399, 1, 25, 150, 4831 }, // U+00D4
    { 23, 26, 399, 1, 25, 150, 4981 }, // U+00D5
    { 23, 25, 399, 1, 24, 144, 5131 }, // U+00D6
    { 12, 11, 252, 2, 14, 33, 5275 }, // U+00D7
    { 27, 27, 399, -1, 24, 183, 5308 }, // U+00D8
    { 26, 25, 436, 2, 24, 163, 5491 }, // U+00D9
    { 26, 25, 436, 2, 24, 163, 5654 }, // U+00DA
    { 26, 25, 436, 2, 24, 163, 5817 }, // U+00DB
    { 26, 26, 436, 2, 25, 169, 5980 }, // U+00DC
    { 23, 25, 382, 2, 24, 144, 6149 }, // U+00DD
    { 17, 23, 392, -1, 22, 98, 6293 }, // U+00DE
    { 15, 21, 271, -1, 20, 79, 6391 }, // U+00DF
    { 15, 18, 262, -1, 17, 68, 6470 }, // U+00E0
    { 15, 18, 262, -1, 17, 68, 6538 }, // U+00E1
    { 15, 18, 262, -1, 17, 68, 6606 }, // U+00E2
    { 15, 19, 262, -1, 18, 72, 6674 }, // U+00E3
    { 15, 18, 262, -1, 17, 68, 6746 }, // U+00E4
    { 15, 20, 262, -1, 19, 75, 6814 }, // U+00E5
    { 26, 15, 425, -1, 14, 98, 6889 }, // U+00E6
    { 15, 18, 243, -1, 14, 68, 6987 }, // U+00E7
    { 14, 18, 233, -1, 17, 63, 7055 }, // U+00E8
    { 14, 18, 233, -1, 17, 63, 7118 }, // U+00E9
    { 14, 18, 233, -1, 17, 63, 7181 }, // U+00EA
    { 14, 18, 233, -1, 17, 63, 7244 }, // U+00EB
    { 8, 18, 147, 0, 17, 36, 7307 }, // U+00EC
    { 8, 19, 147, 0, 18, 38, 7343 }, // U+00ED
    { 9, 18, 147, 0, 17, 41, 7381 }, // U+00EE
    { 9, 18, 147, 0, 17, 41, 7422 }, // U+00EF
    { 22, 26, 285, -1, 24, 143, 7463 }, // U+00F0
    { 18, 19, 303, -1, 17, 86, 7606 }, // U+00F1
    { 16, 18, 259, -1, 17, 72, 7692 }, // U+00F2
    { 16, 18, 259, -1, 17, 72, 7764 }, // U+00F3
    { 16, 18, 259, -1, 17, 72, 7836 }, // U+00F4
    { 16, 18, 259, -1, 17, 72, 7908 }, // U+00F5
    { 16, 18, 259, -1, 17, 72, 7980 }, // U+00F6
    { 11, 11, 252, 2, 14, 31, 8052 }, // U+00F7
    { 20, 19, 259, -2, 16, 95, 8083 }, // U+00F8
    { 16, 18, 287, 0, 17, 72, 8178 }, // U+00F9
    { 16, 18, 287, 0, 17, 72, 8250 }, // U+00FA
    { 16, 18, 287, 0, 17, 72, 8322 }, // U+00FB
    { 16, 18, 287, 0, 17, 72, 8394 }, // U+00FC
    { 22, 25, 315, -2, 17, 138, 8466 }, // U+00FD
    { 20, 32, 288, -3, 24, 160, 8604 }, // U+00FE
    { 22, 25, 315, -2, 17, 138, 8764 }, // U+00FF
    { 26, 25, 435, -1, 24, 163, 0 }, // U+0100
    { 15, 18, 262, -1, 17, 68, 163 }, // U+0101
    { 26, 26, 435, -1, 25, 169, 231 }, // U+0102
    { 15, 19, 262, -1, 18, 72, 400 }, // U+0103
    { 26, 27, 435, -1, 22, 176, 472 }, // U+0104
    { 15, 19, 262, -1, 14, 72, 648 }, // U+0105
    { 21, 25, 348, 0, 24, 132, 720 }, // U+0106
    { 15, 18, 243, -1, 17, 68, 852 }, // U+0107
    { 21, 26, 348, 0, 25, 137, 920 }, // U+0108
    { 15, 18, 243, -1, 17, 68, 1057 }, // U+0109
    { 21, 26, 348, 0, 25, 137, 1125 }, // U+010A
    { 15, 18, 243, -1, 17, 68, 1262 }, // U+010B
    { 21, 26, 348, 0, 25, 137, 1330 }, // U+010C
    { 15, 18, 243, -1, 17, 68, 1467 }, // U+010D
    { 26, 26, 392, -1, 25, 169, 1535 }, // U+010E
    { 22, 26, 285, -1, 24, 143, 1704 }, // U+010F
    { 26, 23, 392, -1, 22, 150, 1847 }, // U+0110
    { 22, 26, 285, -1, 24, 143, 1997 }, // U+0111
    { 23, 25, 340, -1, 24, 144, 2140 }, // U+0112
    { 14, 17, 233, -1, 16, 60, 2284 }, // U+0113
    { 23, 26, 340, -1, 25, 150, 2344 }, // U+0114
    { 14, 19, 233, -1, 18, 67, 2494 }, // U+0115
    { 23, 26, 340, -1, 25, 150, 2561 }, // U+0116
    { 14, 18, 233, -1, 17, 63, 2711 }, // U+0117
    { 23, 27, 340, -1, 22, 156, 2774 }, // U+0118
    { 14, 19, 233, -1, 14, 67, 2930 }, // U+0119
    { 23, 26, 340, -1, 25, 150, 2997 }, // U+011A
    { 14, 18, 233, -1, 17, 63, 3147 }, // U+011B
    { 21, 26, 350, 0, 25, 137, 3210 }, // U+011C
    { 20, 28, 278, -3, 18, 140, 3347 }, // U+011D
    { 21, 27, 350, 0, 26, 142, 3487 }, // U+011E
    { 20, 28, 278, -3, 18, 140, 3629 }, // U+011F
    { 21, 26, 350, 0, 25, 137, 3769 }, // U+0120
    { 20, 27, 278, -3, 17, 135, 3906 }, // U+0121
    { 21, 26, 350, 0, 22, 137, 4041 }, // U+0122
    { 20, 27, 278, -3, 14, 135, 4178 }, // U+0123
    { 29, 25, 424, -1, 24, 182, 4313 }, // U+0124
    { 18, 29, 299, -1, 27, 131, 4495 }, // U+0125
    { 29, 23, 424, -1, 22, 167, 4626 }, // U+0126
    { 18, 26, 299, -1, 24, 117, 4793 }, // U+0127
    { 15, 26, 194, -1, 25, 98, 4910 }, // U+0128
    { 11, 19, 147, 0, 18, 53, 5008 }, // U+0129
    { 14, 25, 194, -1, 24, 88, 5061 }, // U+012A
    { 9, 18, 147, 0, 17, 41, 5149 }, // U+012B
    { 14, 26, 194, -1, 25, 91, 5190 }, // U+012C
    { 10, 19, 147, 0, 18, 48, 5281 }, // U+012D
    { 14, 27, 194, -1, 22, 95, 5329 }, // U+012E
    { 8, 24, 147, -1, 19, 48, 5424 }, // U+012F
    { 14, 26, 194, -1, 25, 91, 5472 }, // U+0130
    { 7, 15, 147, 0, 14, 27, 5563 }, // U+0131
    { 29, 23, 436, -1, 22, 167, 5590 }, // U+0132
    { 15, 27, 244, 0, 19, 102, 5757 }, // U+0133
    { 20, 26, 280, -1, 25, 130, 5859 }, // U+0134
    { 12, 25, 130, -4, 17, 75, 5989 }, // U+0135
    { 25, 26, 367, -1, 22, 163, 6064 }, // U+0136
    { 18, 28, 298, -1, 24, 126, 6227 }, // U+0137
    { 21, 25, 344, -1, 24, 132, 6353 }, // U+0139
    { 10, 29, 161, 1, 27, 73, 6485 }, // U+013A
    { 21, 26, 344, -1, 22, 137, 6558 }, // U+013B
    { 10, 28, 161, -1, 24, 70, 6695 }, // U+013C
    { 21, 26, 344, -1, 25, 137, 6765 }, // U+013D
    { 13, 26, 161, 1, 24, 85, 6902 }, // U+013E
    { 25, 23, 414, -1, 22, 144, 6987 }, // U+013F
    { 12, 25, 231, 1, 24, 75, 7131 }, // U+0140
    { 21, 23, 344, -1, 22, 121, 7206 }, // U+0141
    { 11, 25, 161, 0, 24, 69, 7327 }, // U+0142
    { 29, 25, 424, -1, 24, 182, 7396 }, // U+0143
    { 18, 19, 303, -1, 17, 86, 7578 }, // U+0144
    { 29, 26, 424, -1, 22, 189, 7664 }, // U+0145
    { 18, 19, 303, -1, 14, 86, 7853 }, // U+0146
    { 29, 26, 424, -1, 25, 189, 7939 }, // U+0147
    { 18, 19, 303, -1, 17, 86, 8128 }, // U+0148
    { 20, 27, 326, -2, 25, 135, 8214 }, // U+0149
    { 29, 31, 424, -1, 22, 225, 8349 }, // U+014A
    { 18, 23, 303, -1, 14, 104, 8574 }, // U+014B
    { 23, 25, 399, 1, 24, 144, 8678 }, // U+014C
    { 16, 17, 259, -1, 16, 68, 8822 }, // U+014D
    { 23, 26, 399, 1, 25, 150, 8890 }, // U+014E
    { 16, 19, 259, -1, 18, 76, 9040 }, // U+014F
    { 23, 26, 399, 1, 25, 150, 9116 }, // U+0150
    { 16, 18, 259, -1, 17, 72, 9266 }, // U+0151
    { 42, 23, 664, 1, 22, 242, 9338 }, // U+0152
    { 27, 15, 431, -1, 14, 102, 9580 }, // U+0153
    { 24, 26, 377, -1, 25, 156, 9682 }, // U+0154
    { 16, 18, 243, -1, 17, 72, 9838 }, // U+0155
    { 24, 26, 377, -1, 22, 156, 9910 }, // U+0156
    { 16, 18, 243, -1, 14, 72, 10066 }, // U+0157
    { 24, 26, 377, -1, 25, 156, 10138 }, // U+0158
    { 16, 18, 243, -1, 17, 72, 10294 }, // U+0159
    { 19, 25, 302, -1, 24, 119, 10366 }, // U+015A
    { 13, 18, 206, -1, 17, 59, 10485 }, // U+015B
    { 19, 26, 302, -1, 25, 124, 10544 }, // U+015C
    { 13, 18, 206, -1, 17, 59, 10668 }, // U+015D
    { 19, 27, 302, -1, 22, 129, 10727 }, // U+015E
    { 13, 19, 206, -1, 14, 62, 10856 }, // U+015F
    { 19, 26, 302, -1, 25, 124, 10918 }, // U+0160
    { 13, 18, 206, -1, 17, 59, 11042 }, // U+0161
    { 22, 29, 370, 2, 22, 160, 11101 }, // U+0162
    { 12, 26, 215, 0, 20, 78, 11261 }, // U+0163
    { 22, 26, 370, 2, 25, 143, 11339 }, // U+0164
    { 18, 21, 215, 0, 20, 95, 11482 }, // U+0165
    { 22, 23, 370, 2, 22, 127, 11577 }, // U+0166
    { 13, 21, 215, -1, 20, 69, 11704 }, // U+0167
    { 26, 26, 436, 2, 25, 169, 11773 }, // U+0168
    { 16, 18, 287, 0, 17, 72, 11942 }, // U+0169
    { 26, 25, 436, 2, 24, 163, 12014 }, // U+016A
    { 16, 17, 287, 0, 16, 68, 12177 }, // U+016B
    { 26, 27, 436, 2, 26, 176, 12245 }, // U+016C
    { 16, 19, 287, 0, 18, 76, 12421 }, // U+016D
    { 26, 28, 436, 2, 27, 182, 12497 }, // U+016E
    { 16, 20, 287, 0, 19, 80, 12679 }, // U+016F
    { 26, 26, 436, 2, 25, 169, 12759 }, // U+0170
    { 16, 18, 287, 0, 17, 72, 12928 }, // U+0171
    { 26, 27, 436, 2, 22, 176, 13000 }, // U+0172
    { 16, 19, 287, 0, 14, 76, 13176 }, // U+0173
    { 37, 25, 610, 2, 24, 232, 13252 }, // U+0174
    { 28, 18, 445, 0, 17, 126, 13484 }, // U+0175
    { 23, 26, 382, 2, 25, 150, 13610 }, // U+0176
    { 22, 25, 315, -2, 17, 138, 13760 }, // U+0177
    { 23, 26, 382, 2, 25, 150, 13898 }, // U+0178
    { 23, 25, 335, -1, 24, 144, 14048 }, // U+0179
    { 16, 18, 245, -1, 17, 72, 14192 }, // U+017A
    { 23, 26, 335, -1, 25, 150, 14264 }, // U+017B
    { 16, 18, 245, -1, 17, 72, 14414 }, // U+017C
    { 23, 26, 335, -1, 25, 150, 14486 }, // U+017D
    { 16, 18, 245, -1, 17, 72, 14636 }, // U+017E
    { 26, 26, 435, -1, 25, 169, 0 }, // U+01CD
    { 15, 21, 262, -1, 20, 79, 169 }, // U+01CE
    { 14, 26, 194, -1, 25, 91, 248 }, // U+020A
    { 8, 21, 157, 0, 20, 42, 339 }, // U+020B
    { 19, 27, 302, -1, 22, 129, 381 }, // U+0218
    { 13, 19, 206, -1, 14, 62, 510 }, // U+0219
    { 22, 29, 370, 2, 22, 160, 572 }, // U+021A
    { 12, 26, 215, 0, 20, 78, 732 }, // U+021B
    { 6, 8, 0, -1, 22, 12, 0 }, // U+0301
    { 6, 8, 0, -1, 22, 12, 12 }, // U+0312
    { 6, 8, 0, -1, 22, 12, 24 }, // U+0313
    { 6, 8, 0, -1, 22, 12, 36 }, // U+0314
    { 6, 8, 0, -1, 22, 12, 48 }, // U+0315
    { 6, 8, 0, -1, 22, 12, 60 }, // U+0341
    { 6, 8, 0, -1, 22, 12, 72 }, // U+0343
    { 23, 27, 336, -1, 26, 156, 0 }, // U+0401
    { 21, 23, 338, 0, 22, 121, 156 }, // U+0404
    { 14, 23, 189, -1, 22, 81, 277 }, // U+0406
    { 14, 27, 197, 0, 26, 95, 358 }, // U+0407
    { 26, 23, 435, -1, 22, 150, 453 }, // U+0410
    { 23, 23, 354, -1, 22, 133, 603 }, // U+0411
    { 23, 23, 354, -1, 22, 133, 736 }, // U+0412
    { 22, 23, 313, -1, 22, 127, 869 }, // U+0413
    { 28, 27, 392, -2, 22, 189, 996 }, // U+0414
    { 23, 23, 340, -1, 22, 133, 1185 }, // U+0415
    { 36, 23, 542, -1, 22, 207, 1318 }, // U+0416
    { 20, 23, 309, -1, 22, 115, 1525 }, // U+0417
    { 26, 23, 424, 2, 22, 150, 1640 }, // U+0418
    { 26, 29, 424, 2, 28, 189, 1790 }, // U+0419
    { 25, 23, 363, -1, 22, 144, 1979 }, // U+041A
    { 27, 23, 391, -1, 22, 156, 2123 }, // U+041B
    { 32, 23, 481, -1, 22, 184, 2279 }, // U+041C
    { 29, 23, 424, -1, 22, 167, 2463 }, // U+041D
    { 24, 23, 389, 0, 22, 138, 2630 }, // U+041E
    { 29, 23, 424, -1, 22, 167, 2768 }, // U+041F
    { 24, 23, 354, -1, 22, 138, 2935 }, // U+0420
    { 21, 23, 338, 0, 22, 121, 3073 }, // U+0421
    { 22, 23, 370, 2, 22, 127, 3194 }, // U+0422
    { 25, 23, 409, 2, 22, 144, 3321 }, // U+0423
    { 25, 26, 394, 0, 24, 163, 3465 }, // U+0424
    { 27, 23, 400, -1, 22, 156, 3628 }, // U+0425
    { 29, 27, 424, -1, 22, 196, 3784 }, // U+0426
    { 23, 23, 386, 2, 22, 133, 3980 }, // U+0427
    { 38, 23, 576, -1, 22, 219, 4113 }, // U+0428
    { 38, 27, 577, -1, 22, 257, 4332 }, // U+0429
    { 22, 23, 386, 1, 22, 127, 4589 }, // U+042A
    { 35, 23, 526, -1, 22, 202, 4716 }, // U+042B
    { 22, 23, 349, -1, 22, 127, 4918 }, // U+042C
    { 22, 23, 334, -1, 22, 127, 5045 }, // U+042D
    { 35, 23, 539, -1, 22, 202, 5172 }, // U+042E
    { 26, 23, 377, -1, 22, 150, 5374 }, // U+042F
    { 15, 15, 248, -1, 14, 57, 5524 }, // U+0430
    { 16, 21, 229, -1, 20, 84, 5581 }, // U+0431
    { 16, 15, 256, -1, 14, 60, 5665 }, // U+0432
    { 16, 15, 243, -1, 14, 60, 5725 }, // U+0433
    { 19, 18, 302, -2, 14, 86, 5785 }, // U+0434
    { 14, 15, 219, -1, 14, 53, 5871 }, // U+0435
    { 26, 15, 420, -1, 14, 98, 5924 }, // U+0436
    { 14, 15, 214, -1, 14, 53, 6022 }, // U+0437
    { 16, 15, 294, 0, 14, 60, 6075 }, // U+0438
    { 16, 21, 294, 0, 20, 84, 6135 }, // U+0439
    { 18, 15, 298, -1, 14, 68, 6219 }, // U+043A
    { 17, 15, 295, -1, 14, 64, 6287 }, // U+043B
    { 24, 15, 370, -1, 14, 90, 6351 }, // U+043C
    { 20, 15, 307, -1, 14, 75, 6441 }, // U+043D
    { 16, 15, 259, -1, 14, 60, 6516 }, // U+043E
    { 20, 15, 307, -1, 14, 75, 6576 }, // U+043F
    { 19, 22, 283, -3, 14, 105, 6651 }, // U+0440
    { 15, 15, 234, -1, 14, 57, 6756 }, // U+0441
    { 16, 15, 257, 0, 14, 60, 6813 }, // U+0442
    { 21, 22, 305, -2, 14, 116, 6873 }, // U+0443
    { 19, 29, 303, -1, 21, 138, 6989 }, // U+0444
    { 20, 15, 309, -1, 14, 75, 7127 }, // U+0445
    { 20, 18, 307, -1, 14, 90, 7202 }, // U+0446
    { 17, 15, 286, 0, 14, 64, 7292 }, // U+0447
    { 26, 15, 402, -1, 14, 98, 7356 }, // U+0448
    { 26, 18, 402, -1, 14, 117, 7454 }, // U+0449
    { 16, 15, 274, 0, 14, 60, 7571 }, // U+044A
    { 24, 15, 377, -1, 14, 90, 7631 }, // U+044B
    { 16, 15, 252, -1, 14, 60, 7721 }, // U+044C
    { 15, 15, 234, -1, 14, 57, 7781 }, // U+044D
    { 24, 15, 376, -1, 14, 90, 7838 }, // U+044E
    { 18, 15, 277, -1, 14, 68, 7928 }, // U+044F
    { 14, 20, 224, -1, 19, 70, 7996 }, // U+0451
    { 15, 15, 234, -1, 14, 57, 8066 }, // U+0454
    { 8, 20, 147, 0, 19, 40, 8123 }, // U+0456
    { 10, 20, 154, 0, 19, 50, 8163 }, // U+0457
    { 22, 24, 313, -1, 23, 132, 8213 }, // U+0490
    { 16, 16, 243, -1, 15, 64, 8345 }, // U+0491
    { 0, 0, 233, 0, 0, 0, 0 }, // U+2002
    { 0, 0, 467, 0, 0, 0, 0 }, // U+2003
    { 0, 0, 93, 0, 0, 0, 0 }, // U+2009
    { 11, 4, 200, 0, 10, 11, 0 }, // U+2010
    { 11, 4, 200, 0, 10, 11, 11 }, // U+2011
    { 14, 4, 252, 0, 10, 14, 22 }, // U+2012
    { 14, 4, 252, 0, 10, 14, 36 }, // U+2013
    { 27, 4, 487, 1, 10, 27, 50 }, // U+2014
    { 32, 4, 485, -1, 10, 32, 77 }, // U+2015
    { 8, 23, 327, 6, 22, 46, 109 }, // U+2016
    { 6, 8, 121, 2, 22, 12, 155 }, // U+2018
    { 6, 8, 122, 2, 22, 12, 167 }, // U+2019
    { 6, 8, 121, -1, 4, 12, 179 }, // U+201A
    { 6, 8, 121, 2, 22, 12, 191 }, // U+201B
    { 11, 8, 187, 2, 22, 22, 203 }, // U+201C
    { 11, 8, 187, 2, 22, 22, 225 }, // U+201D
    { 11, 8, 187, -1, 4, 22, 247 }, // U+201E
    { 11, 8, 187, 2, 22, 22, 269 }, // U+201F
    { 10, 24, 269, 4, 22, 60, 291 }, // U+2020
    { 12, 24, 269, 2, 22, 72, 351 }, // U+2021
    { 10, 10, 215, 1, 14, 25, 423 }, // U+2022
    { 10, 12, 233, 2, 15, 30, 448 }, // U+2023
    { 6, 5, 121, -1, 4, 8, 478 }, // U+2024
    { 6, 5, 121, -1, 4, 8, 486 }, // U+2025
    { 20, 5, 359, -1, 4, 25, 494 }, // U+2026
    { 5, 5, 121, 1, 11, 7, 519 }, // U+2027
    { 27, 23, 593, 2, 22, 156, 526 }, // U+2030
    { 7, 10, 135, 2, 23, 18, 682 }, // U+2032
    { 10, 10, 191, 2, 23, 25, 700 }, // U+2033
    { 14, 10, 247, 2, 23, 35, 725 }, // U+2034
    { 7, 9, 122, 0, 22, 16, 760 }, // U+2035
    { 8, 12, 145, 1, 15, 24, 776 }, // U+2039
    { 8, 12, 145, 0, 15, 24, 800 }, // U+203A
    { 13, 4, 252, 1, 11, 13, 824 }, // U+2043
    { 14, 18, 159, 0, 16, 63, 837 }, // U+2044
    { 10, 10, 215, 1, 14, 25, 900 }, // U+204C
    { 10, 10, 215, 1, 14, 25, 925 }, // U+204D
    { 10, 10, 215, 1, 14, 25, 950 }, // U+2055
    { 12, 15, 212, 1, 23, 45, 0 }, // U+2070
    { 12, 14, 206, 0, 22, 42, 45 }, // U+2074
    { 13, 14, 204, 0, 22, 46, 87 }, // U+2075
    { 12, 14, 208, 1, 22, 42, 133 }, // U+2076
    { 12, 14, 198, 1, 22, 42, 175 }, // U+2077
    { 12, 14, 209, 1, 22, 42, 217 }, // U+2078
    { 12, 14, 198, 1, 22, 42, 259 }, // U+2079
    { 10, 9, 187, 1, 17, 23, 301 }, // U+207A
    { 10, 3, 187, 1, 14, 8, 324 }, // U+207B
    { 13, 15, 212, -2, 11, 49, 332 }, // U+2080
    { 8, 14, 142, -2, 10, 28, 381 }, // U+2081
    { 12, 14, 201, -2, 10, 42, 409 }, // U+2082
    { 13, 14, 207, -2, 10, 46, 451 }, // U+2083
    { 12, 14, 206, -2, 10, 42, 497 }, // U+2084
    { 13, 14, 204, -2, 10, 46, 539 }, // U+2085
    { 12, 14, 208, -2, 10, 42, 585 }, // U+2086
    { 13, 14, 198, -2, 10, 46, 627 }, // U+2087
    { 12, 14, 209, -2, 10, 42, 673 }, // U+2088
    { 12, 14, 198, -2, 10, 42, 715 }, // U+2089
    { 10, 9, 187, -1, 5, 23, 757 }, // U+208A
    { 10, 3, 187, -1, 2, 8, 780 }, // U+208B
    { 39, 23, 610, 0, 22, 225, 0 }, // U+20A9
    { 25, 23, 386, -1, 22, 144, 225 }, // U+20AC
    { 24, 23, 354, -1, 22, 138, 369 }, // U+20B1
    { 20, 23, 302, -1, 22, 115, 507 }, // U+20B4
    { 23, 23, 370, 1, 22, 133, 622 }, // U+20B8
    { 26, 22, 377, -1, 21, 143, 755 }, // U+20B9
    { 21, 23, 344, -1, 22, 121, 898 }, // U+20BA
    { 24, 23, 354, -1, 22, 138, 1019 }, // U+20BD
    { 23, 29, 354, -1, 25, 167, 1157 }, // U+20BF
    { 16, 7, 289, -2, 12, 28, 0 }, // U+2190
    { 9, 22, 275, 5, 22, 50, 28 }, // U+2191
    { 16, 7, 290, 1, 12, 28, 78 }, // U+2192
    { 9, 21, 275, 3, 17, 48, 106 }, // U+2193
    { 17, 7, 280, -1, 12, 30, 154 }, // U+2194
    { 12, 30, 275, 2, 24, 90, 184 }, // U+2195
    { 15, 16, 335, 2, 17, 60, 274 }, // U+2196
    { 15, 16, 263, 0, 17, 60, 334 }, // U+2197
    { 15, 17, 335, 2, 17, 64, 394 }, // U+2198
    { 15, 17, 263, 0, 17, 64, 458 }, // U+2199
    { 17, 12, 308, 0, 15, 51, 522 }, // U+21D0
    { 11, 17, 300, 4, 18, 47, 573 }, // U+21D1
    { 17, 12, 308, 2, 15, 51, 620 }, // U+21D2
    { 11, 17, 300, 3, 17, 47, 671 }, // U+21D3
    { 20, 12, 299, -1, 15, 60, 718 }, // U+21D4
    { 25, 22, 444, 3, 21, 138, 0 }, // U+2200
    { 20, 22, 407, 3, 21, 110, 138 }, // U+2203
    { 14, 14, 294, 2, 16, 49, 248 }, // U+2205
    { 16, 15, 299, 0, 17, 60, 297 }, // U+2206
    { 16, 16, 299, 2, 16, 64, 357 }, // U+2207
    { 20, 23, 379, 2, 22, 115, 421 }, // U+2208
    { 15, 4, 280, 1, 10, 15, 536 }, // U+2212
    { 12, 15, 260, 2, 15, 45, 551 }, // U+2213
    { 13, 12, 219, 2, 25, 39, 596 }, // U+2217
    { 10, 9, 205, 1, 13, 23, 635 }, // U+2218
    { 10, 10, 215, 1, 14, 25, 658 }, // U+2219
    { 17, 15, 277, 0, 18, 64, 683 }, // U+221A
    { 18, 11, 311, 0, 14, 50, 747 }, // U+221E
    { 15, 17, 260, 0, 18, 64, 797 }, // U+2220
    { 9, 16, 315, 5, 17, 36, 861 }, // U+2225
    { 17, 16, 289, -1, 17, 68, 897 }, // U+2227
    { 16, 16, 289, 2, 17, 64, 965 }, // U+2228
    { 12, 14, 300, 2, 15, 42, 1029 }, // U+2234
    { 12, 14, 300, 4, 15, 42, 1071 }, // U+2235
    { 10, 10, 200, 1, 14, 25, 1113 }, // U+2248
    { 12, 13, 200, 0, 14, 39, 1138 }, // U+2260
    { 12, 12, 323, 4, 15, 36, 1177 }, // U+2261
    { 18, 17, 276, -1, 15, 77, 1213 }, // U+2264
    { 17, 17, 276, -1, 15, 73, 1290 }, // U+2265
    { 11, 16, 295, 2, 17, 44, 1363 }, // U+22A5
    { 5, 6, 121, 1, 12, 8, 1407 }, // U+22C5
};

static const EpdUnicodeInterval edslab_14_bolditalicIntervals[] = {
    { 0x20, 0x7E, 0x0 },
    { 0xA0, 0x137, 0x5F },
    { 0x139, 0x17E, 0xF7 },
    { 0x1CD, 0x1CE, 0x13D },
    { 0x20A, 0x20B, 0x13F },
    { 0x218, 0x21B, 0x141 },
    { 0x301, 0x301, 0x145 },
    { 0x312, 0x315, 0x146 },
    { 0x341, 0x341, 0x14A },
    { 0x343, 0x343, 0x14B },
    { 0x401, 0x401, 0x14C },
    { 0x404, 0x404, 0x14D },
    { 0x406, 0x407, 0x14E },
    { 0x410, 0x44F, 0x150 },
    { 0x451, 0x451, 0x190 },
    { 0x454, 0x454, 0x191 },
    { 0x456, 0x457, 0x192 },
    { 0x490, 0x491, 0x194 },
    { 0x2002, 0x2003, 0x196 },
    { 0x2009, 0x2009, 0x198 },
    { 0x2010, 0x2016, 0x199 },
    { 0x2018, 0x2027, 0x1A0 },
    { 0x2030, 0x2030, 0x1B0 },
    { 0x2032, 0x2035, 0x1B1 },
    { 0x2039, 0x203A, 0x1B5 },
    { 0x2043, 0x2044, 0x1B7 },
    { 0x204C, 0x204D, 0x1B9 },
    { 0x2055, 0x2055, 0x1BB },
    { 0x2070, 0x2070, 0x1BC },
    { 0x2074, 0x207B, 0x1BD },
    { 0x2080, 0x208B, 0x1C5 },
    { 0x20A9, 0x20A9, 0x1D1 },
    { 0x20AC, 0x20AC, 0x1D2 },
    { 0x20B1, 0x20B1, 0x1D3 },
    { 0x20B4, 0x20B4, 0x1D4 },
    { 0x20B8, 0x20BA, 0x1D5 },
    { 0x20BD, 0x20BD, 0x1D8 },
    { 0x20BF, 0x20BF, 0x1D9 },
    { 0x2190, 0x2199, 0x1DA },
    { 0x21D0, 0x21D4, 0x1E4 },
    { 0x2200, 0x2200, 0x1E9 },
    { 0x2203, 0x2203, 0x1EA },
    { 0x2205, 0x2208, 0x1EB },
    { 0x2212, 0x2213, 0x1EF },
    { 0x2217, 0x221A, 0x1F1 },
    { 0x221E, 0x221E, 0x1F5 },
    { 0x2220, 0x2220, 0x1F6 },
    { 0x2225, 0x2225, 0x1F7 },
    { 0x2227, 0x2228, 0x1F8 },
    { 0x2234, 0x2235, 0x1FA },
    { 0x2248, 0x2248, 0x1FC },
    { 0x2260, 0x2261, 0x1FD },
    { 0x2264, 0x2265, 0x1FF },
    { 0x22A5, 0x22A5, 0x201 },
    { 0x22C5, 0x22C5, 0x202 },
};

static const EpdFontGroup edslab_14_bolditalicGroups[] = {
    { 0, 4335, 9619, 95, 0 },
    { 4335, 3264, 9443, 96, 95 },
    { 7599, 4439, 15824, 126, 191 },
    { 12038, 480, 875, 8, 317 },
    { 12518, 21, 112, 7, 325 },
    { 12539, 3598, 8895, 74, 332 },
    { 16137, 550, 1082, 38, 406 },
    { 16687, 548, 849, 21, 444 },
    { 17235, 674, 1386, 9, 465 },
    { 17909, 416, 856, 15, 474 },
    { 18325, 715, 1534, 26, 489 },
};

static const uint16_t edslab_14_bolditalicKernLeftCodepoints[] = {
    0x0020, 0x0022, 0x002D, 0x0030, 0x0031, 0x0032, 0x0033, 0x0034, 0x0035, 0x0036, 0x0037, 0x0038,
    0x0039, 0x0041, 0x0042, 0x0043, 0x0044, 0x0045, 0x0046, 0x0047, 0x0048, 0x0049, 0x004A, 0x004B,
    0x004C, 0x004D, 0x004E, 0x004F, 0x0050, 0x0051, 0x0052, 0x0053, 0x0054, 0x0055, 0x0056, 0x0057,
    0x0059, 0x005A, 0x0061, 0x0062, 0x0063, 0x0064, 0x0065, 0x0066, 0x0067, 0x0068, 0x0069, 0x006A,
    0x006B, 0x006C, 0x006D, 0x006E, 0x006F, 0x0070, 0x0071, 0x0072, 0x0073, 0x0074, 0x0075, 0x0076,
    0x0077, 0x0079, 0x007A, 0x0401, 0x0410, 0x0411, 0x0412, 0x0413, 0x0414, 0x0415, 0x0416, 0x0417,
    0x0418, 0x0419, 0x041A, 0x041B, 0x041C, 0x041D, 0x041E, 0x041F, 0x0420, 0x0421, 0x0422, 0x0423,
    0x0424, 0x0425, 0x0426, 0x0427, 0x0428, 0x0429, 0x042A, 0x042B, 0x042C, 0x042D, 0x042E, 0x042F,
    0x0430, 0x0431, 0x0432, 0x0433, 0x0434, 0x0435, 0x0436, 0x0437, 0x0438, 0x0439, 0x043A, 0x043B,
    0x043C, 0x043D, 0x043E, 0x043F, 0x0440, 0x0441, 0x0442, 0x0443, 0x0444, 0x0445, 0x0446, 0x0447,
    0x0448, 0x0449, 0x044A, 0x044B, 0x044C, 0x044D, 0x044E, 0x044F, 0x0451,
};

static const uint8_t edslab_14_bolditalicKernLeftClassIds[] = {
      1,   2,   3,   4,   5,   6,   7,   8,   9,  10,  11,  12,  13,  14,  15,  16,
     17,  18,  19,  20,  21,  22,  23,  24,  25,  26,  27,  28,  29,  30,  31,  32,
     33,  34,  35,  36,  37,  38,  39,  40,  41,  42,  43,  44,  45,  46,  47,  48,
     49,  50,  51,  52,  53,  54,  55,  56,  57,  58,  59,  60,  61,  62,  63,  64,
     65,  66,  67,  68,  69,  70,  71,  72,  73,  74,  75,  76,  77,  78,  79,  80,
     81,  82,  83,  84,  85,  86,  87,  88,  89,  90,  91,  92,  93,  94,  95,  96,
     97,  98,  99, 100, 101, 102, 103, 104, 105, 106, 107, 108, 109, 110, 111, 112,
    113, 114, 115, 116, 117, 118, 119, 120, 121, 122, 123, 124, 125, 126, 127, 128,
    129,
};

static const uint16_t edslab_14_bolditalicKernRightCodepoints[] = {
    0x0022, 0x002D, 0x0030, 0x0031, 0x0032, 0x0033, 0x0034, 0x0035, 0x0036, 0x0037, 0x0038, 0x0039,
    0x0041, 0x0042, 0x0043, 0x0044, 0x0045, 0x0046, 0x0047, 0x0048, 0x0049, 0x004A, 0x004B, 0x004C,
    0x004D, 0x004E, 0x004F, 0x0050, 0x0051, 0x0052, 0x0053, 0x0054, 0x0055, 0x0056, 0x0057, 0x0059,
    0x005A, 0x0061, 0x0062, 0x0063, 0x0064, 0x0065, 0x0066, 0x0067, 0x0068, 0x0069, 0x006A, 0x006B,
    0x006C, 0x006D, 0x006E, 0x006F, 0x0070, 0x0071, 0x0072, 0x0073, 0x0074, 0x0075, 0x0076, 0x0077,
    0x0079, 0x007A, 0x0401, 0x0410, 0x0411, 0x0412, 0x0413, 0x0414, 0x0415, 0x0416, 0x0417, 0x0418,
    0x0419, 0x041A, 0x041B, 0x041C, 0x041D, 0x041E, 0x041F, 0x0420, 0x0421, 0x0422, 0x0423, 0x0424,
    0x0425, 0x0426, 0x0427, 0x0428, 0x0429, 0x042A, 0x042B, 0x042C, 0x042D, 0x042E, 0x042F, 0x0430,
    0x0431, 0x0432, 0x0433, 0x0434, 0x0435, 0x0436, 0x0437, 0x0438, 0x0439, 0x043A, 0x043B, 0x043C,
    0x043D, 0x043E, 0x043F, 0x0440, 0x0441, 0x0442, 0x0443, 0x0444, 0x0445, 0x0446, 0x0447, 0x0448,
    0x0449, 0x044A, 0x044B, 0x044C, 0x044D, 0x044E, 0x044F, 0x0451, 0x2025,
};

static const uint8_t edslab_14_bolditalicKernRightClassIds[] = {
      1,   2,   3,   4,   5,   6,   7,   8,   9,  10,  11,  12,  13,  14,  15,  16,
     17,  18,  19,  20,  21,  22,  23,  24,  25,  26,  27,  28,  29,  30,  31,  32,
     33,  34,  35,  36,  37,  38,  39,  40,  41,  42,  43,  44,  45,  46,  47,  48,
     49,  50,  51,  52,  53,  54,  55,  56,  57,  58,  59,  60,  61,  62,  63,  64,
     65,  66,  67,  68,  69,  70,  71,  72,  73,  74,  75,  76,  77,  78,  79,  80,
     81,  82,  83,  84,  85,  86,  87,  88,  89,  90,  91,  92,  93,  94,  95,  96,
     97,  98,  99, 100, 101, 102, 103, 104, 105, 106, 107, 108, 109, 110, 111, 112,
    113, 114, 115, 116, 117, 118, 119, 120, 121, 122, 123, 124, 125, 126, 127, 128,
    129,
};

static const uint16_t edslab_14_bolditalicKernRowOffsets[] = {
        0,     1,    77,   192,   204,   216,   228,   238,   248,   257,   267,   279,   290,   300,   355,   403,
      451,   501,   531,   582,   625,   659,   699,   731,   782,   827,   869,   921,   969,  1018,  1072,  1114,
     1160,  1214,  1268,  1322,  1376,  1430,  1480,  1508,  1530,  1556,  1584,  1608,  1636,  1665,  1692,  1720,
     1744,  1773,  1801,  1827,  1854,  1880,  1906,  1929,  1954,  1977,  2001,  2029,  2057,  2085,  2113,  2135,
     2153,  2220,  2267,  2314,  2380,  2427,  2446,  2506,  2557,  2598,  2634,  2684,  2718,  2752,  2787,  2840,
     2876,  2920,  2978,  3032,  3098,  3146,  3199,  3248,  3298,  3333,  3376,  3432,  3465,  3515,  3565,  3614,
     3650,  3674,  3696,  3721,  3748,  3782,  3807,  3841,  3864,  3898,  3928,  3955,  3989,  4009,  4033,  4064,
     4091,  4121,  4150,  4185,  4220,  4250,  4277,  4310,  4343,  4377,  4411,  4443,  4471,  4500,  4528,  4559,
     4593,  4621,
};

static const uint8_t edslab_14_bolditalicKernSparseCols[] = {
     81,   2,   4,   5,   6,   7,   8,  10,  12,  14,  18,  21,  26,  28,  30,  37,
     38,  39,  40,  41,  42,  43,  44,  45,  46,  47,  48,  49,  50,  51,  52,  53,
     54,  55,  60,  61,  63,  67,  69,  70,  74,  77,  80,  83,  92,  94,  95,  96,
     97,  98,  99, 100, 101, 102, 105, 106, 107, 108, 109, 110, 111, 112, 113, 114,
    115, 116, 117, 118, 119, 120, 121, 122, 123, 124, 125, 126, 127,   3,   4,   5,
      6,   7,   8,   9,  10,  12,  13,  14,  15,  16,  17,  18,  19,  20,  21,  22,
     23,  24,  25,  26,  27,  29,  30,  31,  32,  33,  34,  35,  36,  37,  38,  39,
     42,  44,  45,  46,  47,  48,  49,  50,  51,  52,  53,  54,  55,  56,  57,  58,
     59,  60,  61,  62,  63,  64,  65,  66,  67,  68,  70,  71,  72,  73,  74,  75,
     76,  78,  79,  80,  81,  82,  83,  84,  85,  86,  87,  88,  89,  90,  91,  92,
     93,  94,  96,  97,  98,  99, 100, 101, 102, 103, 105, 106, 107, 108, 109, 110,
    111, 112, 113, 114, 116, 117, 118, 119, 120, 121, 122, 123, 124, 125, 126, 127,
      0,   1,   2,   4,   5,   6,   7,   8,   9,  10,  11, 128,   0,   1,   2,   3,
      4,   5,   6,   7,   8,   9,  10,  11,   0,   1,   2,   3,   4,   5,   6,   7,
      8,   9,  10,  11,   1,   2,   3,   4,   5,   6,   7,   8,   9, 128,   0,   1,
      2,   3,   4,   5,   6,   7,   9,  10,   1,   4,   5,   6,   7,   9,  10,  11,
    128,   1,   2,   3,   4,   5,   7,   9,  10,  11, 128,   1,   2,   3,   4,   5,
      6,   7,   8,   9,  10,  11, 128,   0,   1,   2,   3,   4,   5,   7,   9,  10,
     11, 128,   1,   2,   4,   5,   6,   7,   8,   9,  10, 128,   0,   1,  12,  13,
     14,  15,  16,  17,  18,  19,  20,  21,  22,  23,  24,  25,  26,  27,  28,  29,
     30,  31,  32,  33,  34,  35,  36,  37,  38,  39,  40,  41,  42,  43,  44,  45,
     46,  47,  48,  49,  50,  51,  52,  53,  54,  55,  56,  57,  58,  59,  60,  61,
     84, 116, 128,   1,  12,  13,  14,  15,  16,  17,  19,  20,  21,  22,  23,  24,
     25,  26,  27,  28,  29,  31,  32,  33,  34,  35,  36,  37,  38,  39,  40,  41,
     42,  43,  44,  45,  46,  47,  48,  49,  50,  51,  52,  53,  54,  55,  56,  60,
     84, 116, 128,   0,   1,  12,  13,  14,  15,  16,  17,  18,  19,  22,  23,  24,
     25,  26,  27,  29,  30,  31,  32,  33,  34,  35,  36,  37,  38,  41,  42,  43,
     44,  45,  46,  47,  48,  49,  50,  51,  52,  54,  56,  57,  58,  59,  60,  61,
     84, 116, 128,   1,  12,  13,  14,  16,  17,  18,  19,  20,  21,  22,  23,  24,
     25,  26,  27,  28,  29,  30,  31,  32,  33,  34,  35,  36,  37,  38,  39,  40,
     41,  42,  43,  44,  45,  46,  47,  49,  50,  51,  52,  53,  55,  56,  57,  58,
     59,  60,  84, 116, 128,   1,  12,  14,  18,  23,  26,  28,  31,  32,  33,  34,
     35,  37,  38,  43,  45,  46,  47,  48,  50,  51,  52,  53,  55,  56,  57,  58,
     59,  60, 116,   1,  12,  13,  14,  15,  16,  17,  18,  19,  20,  21,  22,  25,
     26,  27,  28,  29,  31,  32,  33,  34,  35,  36,  37,  38,  39,  40,  41,  42,
     43,  44,  45,  46,  47,  48,  49,  50,  51,  52,  53,  54,  55,  56,  57,  58,
     59,  60,  61,  84, 116, 128,   0,   1,  12,  13,  14,  15,  16,  17,  18,  19,
     20,  21,  22,  23,  24,  25,  27,  29,  30,  31,  32,  33,  34,  35,  36,  38,
     42,  43,  44,  46,  47,  48,  49,  50,  52,  54,  55,  58,  60,  61,  84, 116,
    128,   1,  12,  14,  18,  21,  26,  28,  30,  31,  32,  33,  34,  35,  36,  37,
     38,  39,  40,  41,  49,  50,  51,  52,  53,  54,  55,  56,  57,  58,  59,  60,
     61,  84, 116,   1,  12,  14,  18,  21,  26,  28,  30,  31,  32,  33,  34,  35,
     37,  38,  39,  40,  41,  42,  43,  44,  45,  46,  47,  48,  49,  50,  51,  52,
     53,  54,  55,  56,  57,  58,  59,  60,  61,  84, 116,   0,   1,  12,  26,  28,
     30,  31,  33,  34,  35,  36,  37,  38,  40,  41,  42,  43,  44,  45,  46,  47,
     48,  49,  50,  54,  55,  57,  60,  61,  84, 116, 128,   1,  12,  14,  15,  17,
     18,  19,  20,  21,  22,  23,  24,  25,  26,  27,  28,  29,  30,  31,  32,  33,
     34,  35,  36,  37,  38,  39,  40,  41,  42,  43,  44,  45,  46,  47,  48,  49,
     50,  51,  52,  53,  54,  55,  56,  57,  58,  59,  60,  61,  84, 116,   0,   1,
     12,  13,  14,  15,  16,  18,  19,  21,  22,  24,  25,  26,  28,  29,  30,  31,
     32,  33,  34,  35,  36,  37,  38,  42,  43,  45,  46,  47,  48,  49,  50,  51,
     52,  54,  55,  56,  57,  58,  59,  60,  61,  84, 116,   1,  12,  14,  18,  21,
     26,  28,  30,  31,  32,  33,  34,  35,  36,  37,  38,  39,  40,  41,  42,  43,
     44,  45,  46,  47,  48,  49,  50,  51,  52,  53,  54,  55,  56,  57,  58,  59,
     60,  61,  84, 116, 128,   1,  12,  13,  14,  15,  16,  17,  18,  20,  21,  23,
     24,  25,  26,  27,  28,  29,  30,  31,  32,  33,  34,  35,  36,  37,  38,  39,
     40,  41,  42,  43,  44,  45,  46,  47,  48,  49,  50,  51,  52,  53,  54,  55,
     56,  57,  58,  59,  60,  61,  84, 116, 128,   0,   1,  12,  13,  14,  15,  16,
     17,  19,  20,  21,  22,  23,  24,  25,  26,  27,  28,  29,  30,  31,  32,  33,
     34,  35,  36,  37,  38,  42,  43,  44,  45,  46,  47,  48,  49,  50,  51,  52,
     54,  55,  58,  59,  60,  61,  84, 116, 128,   0,   1,  12,  13,  14,  15,  16,
     17,  18,  19,  20,  21,  22,  23,  24,  25,  26,  27,  28,  29,  30,  31,  32,
     33,  34,  35,  36,  37,  38,  39,  40,  41,  43,  44,  45,  46,  47,  48,  49,
     50,  51,  53,  55,  56,  60,  61,  84, 116, 128,   0,   1,  12,  13,  14,  15,
     16,  17,  18,  19,  20,  21,  22,  23,  24,  25,  26,  27,  28,  29,  30,  31,
     32,  33,  34,  35,  36,  37,  38,  39,  40,  41,  42,  43,  44,  45,  46,  47,
     48,  49,  50,  51,  52,  53,  54,  55,  56,  57,  58,  59,  60,  61,  84, 116,
      0,   1,  12,  13,  14,  15,  17,  18,  19,  20,  21,  22,  23,  26,  27,  28,
     29,  31,  32,  33,  34,  35,  36,  37,  46,  47,  48,  49,  50,  51,  52,  53,
     54,  55,  56,  57,  58,  59,  60,  61,  84, 116,   0,   1,  12,  13,  14,  15,
     16,  17,  19,  20,  22,  23,  24,  25,  26,  27,  29,  30,  31,  32,  33,  34,
     35,  36,  38,  40,  41,  42,  43,  44,  45,  46,  47,  48,  49,  50,  52,  54,
     56,  57,  58,  59,  60,  61,  84, 116,   1,  12,  13,  14,  15,  16,  17,  18,
     19,  20,  21,  22,  23,  24,  25,  26,  27,  28,  29,  30,  31,  32,  33,  34,
     35,  36,  37,  38,  39,  40,  41,  42,  43,  44,  45,  46,  47,  48,  49,  50,
     51,  52,  53,  54,  55,  56,  57,  58,  59,  60,  61,  84, 116, 128,   1,  12,
     13,  14,  15,  16,  17,  18,  19,  20,  21,  22,  23,  24,  25,  26,  27,  28,
     29,  30,  31,  32,  33,  34,  35,  36,  37,  38,  39,  40,  41,  42,  43,  44,
     45,  46,  47,  48,  49,  50,  51,  52,  53,  54,  55,  56,  57,  58,  59,  60,
     61,  84, 116, 128,   1,  12,  13,  14,  15,  16,  17,  18,  19,  20,  21,  22,
     23,  24,  25,  26,  27,  28,  29,  30,  31,  32,  33,  34,  35,  36,  37,  38,
     39,  40,  41,  42,  43,  44,  45,  46,  47,  48,  49,  50,  51,  52,  53,  54,
     55,  56,  57,  58,  59,  60,  61,  84, 116, 128,   1,  12,  13,  14,  15,  16,
     17,  18,  19,  20,  21,  22,  23,  24,  25,  26,  27,  28,  29,  30,  31,  32,
     33,  34,  35,  36,  37,  38,  39,  40,  41,  42,  43,  44,  45,  46,  47,  48,
     49,  50,  51,  52,  53,  54,  55,  56,  57,  58,  59,  60,  61,  84, 116, 128,
      1,  12,  13,  14,  15,  16,  17,  18,  19,  20,  21,  22,  23,  24,  25,  26,
     27,  28,  29,  30,  31,  32,  33,  34,  35,  36,  37,  38,  39,  40,  41,  42,
     43,  44,  45,  46,  47,  48,  49,  50,  51,  52,  53,  54,  55,  56,  57,  58,
     59,  60,  61,  84, 116, 128,  12,  13,  14,  15,  16,  17,  18,  19,  20,  21,
     22,  23,  24,  25,  26,  27,  28,  29,  30,  31,  32,  33,  34,  35,  36,  37,
     38,  39,  40,  42,  43,  44,  45,  46,  47,  48,  49,  50,  51,  52,  54,  55,
     56,  57,  58,  59,  60,  61,  84, 116,   0,   1,  37,  38,  39,  40,  41,  42,
     43,  44,  45,  46,  47,  48,  49,  50,  51,  52,  53,  54,  55,  56,  57,  58,
     59,  60,  61, 116,   1,  37,  38,  41,  42,  43,  44,  46,  47,  48,  49,  50,
     52,  54,  56,  57,  58,  59,  60,  61, 116, 128,   0,   1,  37,  38,  39,  40,
     42,  43,  44,  46,  47,  48,  49,  50,  51,  52,  53,  54,  55,  56,  57,  58,
     59,  60,  61, 116,   1,  37,  38,  39,  40,  41,  42,  43,  44,  45,  46,  47,
     48,  49,  50,  51,  52,  53,  54,  55,  56,  57,  58,  59,  60,  61, 116, 128,
      0,   1,  37,  38,  42,  43,  44,  45,  46,  47,  48,  49,  50,  51,  52,  54,
     55,  56,  57,  58,  59,  60,  61, 116,   0,   1,  37,  38,  39,  40,  41,  42,
     43,  44,  46,  47,  48,  49,  50,  51,  52,  53,  54,  55,  56,  57,  58,  59,
     60,  61, 116, 128,   0,   1,  37,  38,  39,  40,  41,  42,  43,  44,  45,  46,
     47,  48,  49,  50,  51,  52,  53,  54,  55,  56,  57,  58,  59,  60,  61, 116,
    128,   0,   1,  37,  38,  39,  40,  41,  42,  43,  44,  45,  46,  47,  48,  49,
     50,  51,  52,  53,  54,  56,  57,  58,  59,  60,  61, 116,   0,   1,  37,  38,
     39,  40,  41,  42,  43,  44,  45,  46,  47,  48,  49,  50,  51,  52,  53,  54,
     55,  56,  57,  58,  59,  60,  61, 116,   0,   1,  38,  39,  40,  41,  43,  44,
     46,  47,  48,  49,  50,  51,  52,  53,  54,  55,  56,  58,  59,  60,  61, 116,
      0,   1,  37,  38,  39,  40,  41,  42,  43,  44,  45,  46,  47,  48,  49,  50,
     51,  52,  53,  54,  55,  56,  57,  58,  59,  60,  61, 116, 128,   0,  37,  38,
     39,  40,  41,  42,  43,  44,  45,  46,  47,  48,  49,  50,  51,  52,  53,  54,
     55,  56,  57,  58,  59,  60,  61, 116, 128,   0,   1,  37,  38,  39,  40,  42,
     43,  44,  45,  46,  47,  48,  49,  50,  51,  52,  54,  55,  56,  57,  58,  59,
     60,  61, 116,   0,   1,  37,  38,  39,  40,  41,  42,  43,  44,  45,  46,  47,
     48,  49,  50,  51,  52,  53,  54,  56,  57,  58,  59,  60,  61, 116,   0,   1,
     38,  40,  41,  42,  43,  44,  46,  47,  48,  49,  50,  51,  52,  53,  54,  55,
     56,  57,  58,  59,  60,  61, 116, 128,   0,   1,  37,  38,  39,  40,  41,  42,
     43,  44,  46,  47,  48,  49,  50,  52,  53,  54,  56,  57,  58,  59,  60,  61,
    116, 128,   0,   1,  38,  42,  43,  44,  46,  47,  48,  49,  50,  51,  52,  53,
     54,  55,  56,  57,  58,  59,  60,  61, 116,   0,   1,  37,  38,  39,  40,  41,
     42,  43,  44,  46,  47,  48,  49,  50,  51,  52,  53,  54,  56,  59,  60,  61,
    116, 128,   0,  37,  38,  40,  42,  43,  44,  45,  46,  47,  48,  49,  50,  52,
     54,  55,  56,  57,  58,  59,  60,  61, 116,   0,  37,  38,  42,  43,  44,  45,
     46,  47,  48,  49,  50,  51,  52,  53,  54,  55,  56,  57,  58,  59,  60,  61,
    116,   0,   1,  37,  38,  39,  40,  41,  42,  43,  44,  45,  46,  47,  48,  49,
     50,  51,  52,  53,  54,  55,  56,  57,  58,  59,  60,  61, 116,   1,  37,  38,
     39,  40,  41,  42,  43,  44,  45,  46,  47,  48,  49,  50,  51,  52,  53,  54,
     55,  56,  57,  58,  59,  60,  61, 116, 128,   1,  37,  38,  39,  40,  41,  42,
     43,  44,  45,  46,  47,  48,  49,  50,  51,  52,  53,  54,  55,  56,  57,  58,
     59,  60,  61, 116, 128,   1,  37,  38,  39,  40,  41,  42,  43,  44,  45,  46,
     47,  48,  49,  50,  51,  52,  53,  54,  55,  56,  57,  58,  59,  60,  61, 116,
    128,   0,  37,  38,  39,  42,  43,  44,  46,  47,  48,  50,  51,  52,  53,  54,
     56,  57,  58,  59,  60,  61, 116,   1,  63,  67,  70,  74,  77,  80,  81,  82,
     83,  86,  89,  92,  99, 106, 114, 118, 126,   0,   1,  62,  63,  64,  65,  66,
     67,  68,  69,  70,  71,  72,  73,  74,  75,  76,  77,  78,  79,  80,  81,  82,
     83,  85,  86,  87,  88,  89,  90,  91,  92,  93,  94,  95,  96,  97,  98,  99,
    100, 101, 102, 103, 104, 105, 106, 107, 108, 109, 110, 111, 112, 113, 114, 115,
    117, 118, 119, 120, 121, 122, 123, 124, 125, 126, 127, 128,   1,  62,  63,  64,
     65,  66,  67,  68,  70,  71,  72,  73,  75,  76,  78,  79,  80,  81,  82,  83,
     85,  86,  87,  88,  89,  90,  91,  92,  93,  94,  96,  99, 100, 102, 109, 111,
    112, 113, 114, 115, 118, 121, 122, 124, 125, 126, 127,   1,  62,  63,  64,  65,
     66,  67,  68,  69,  70,  71,  72,  73,  75,  76,  77,  78,  79,  80,  81,  82,
     83,  85,  86,  87,  88,  89,  90,  91,  92,  93,  95,  96,  99, 100, 103, 104,
    109, 111, 112, 113, 114, 115, 118, 121, 124, 127,   1,  62,  63,  64,  65,  66,
     67,  68,  69,  70,  71,  72,  73,  74,  75,  76,  77,  78,  79,  80,  81,  82,
     83,  85,  86,  87,  88,  89,  90,  91,  92,  93,  94,  95,  96,  97,  98,  99,
    100, 101, 102, 103, 104, 105, 106, 107, 108, 109, 110, 111, 112, 113, 114, 115,
    117, 118, 119, 120, 121, 122, 123, 124, 125, 126, 127, 128,   1,  62,  63,  64,
     65,  66,  67,  68,  69,  70,  71,  72,  73,  74,  75,  76,  77,  78,  79,  80,
     81,  82,  83,  85,  86,  87,  88,  89,  90,  92,  93,  94,  99, 101, 102, 103,
    104, 106, 109, 111, 114, 118, 121, 122, 123, 125, 126,   1,  63,  67,  69,  70,
     74,  77,  80,  81,  82,  86,  89,  92,  94,  99, 106, 114, 118, 126,   1,  62,
     63,  64,  65,  66,  67,  68,  69,  70,  71,  72,  73,  74,  75,  76,  77,  78,
     79,  80,  81,  82,  83,  85,  86,  87,  88,  89,  90,  91,  92,  93,  94,  95,
     97,  98,  99, 101, 102, 103, 104, 105, 106, 107, 108, 110, 111, 113, 114, 117,
    118, 119, 120, 121, 122, 123, 124, 125, 126, 128,   0,  62,  63,  64,  65,  66,
     67,  68,  69,  70,  71,  72,  73,  74,  75,  76,  78,  79,  81,  82,  83,  85,
     86,  87,  88,  89,  90,  91,  93,  94,  95,  96,  99, 100, 101, 102, 105, 106,
    109, 111, 112, 114, 115, 118, 120, 122, 123, 124, 126, 127, 128,   1,  63,  67,
     69,  70,  71,  72,  74,  77,  80,  81,  82,  83,  86,  89,  92,  94,  95,  98,
     99, 100, 101, 102, 103, 104, 105, 106, 109, 110, 111, 112, 113, 114, 115, 117,
    118, 121, 124, 125, 126, 127,   1,  63,  67,  69,  70,  71,  72,  74,  77,  80,
     81,  82,  83,  86,  89,  92,  94,  95,  99, 100, 101, 106, 109, 110, 111, 112,
    113, 114, 115, 117, 118, 121, 124, 125, 126, 127,   1,  63,  67,  69,  70,  71,
     72,  74,  77,  80,  81,  82,  83,  86,  89,  92,  94,  95,  96,  97,  98,  99,
    100, 101, 102, 103, 104, 105, 106, 107, 108, 109, 110, 111, 112, 113, 114, 115,
    117, 118, 119, 120, 121, 122, 123, 124, 125, 126, 127, 128,   1,  63,  67,  69,
     70,  71,  72,  74,  77,  80,  81,  82,  83,  86,  89,  92,  94,  95,  99, 101,
    102, 103, 104, 106, 109, 111, 112, 113, 114, 115, 118, 121, 124, 126,   1,  63,
     67,  69,  70,  71,  72,  74,  77,  80,  81,  82,  83,  86,  89,  92,  94,  95,
     99, 101, 102, 103, 104, 106, 109, 111, 112, 113, 114, 115, 118, 121, 124, 126,
      1,  63,  67,  69,  70,  71,  72,  74,  77,  80,  81,  82,  83,  86,  89,  92,
     94,  95,  99, 100, 101, 102, 103, 104, 106, 109, 111, 112, 113, 114, 115, 118,
    121, 124, 126,   0,  62,  63,  64,  65,  66,  67,  68,  69,  70,  71,  72,  73,
     74,  75,  76,  77,  78,  79,  80,  81,  82,  83,  85,  86,  87,  88,  89,  90,
     91,  93,  94,  95,  96,  97,  98,  99, 100, 102, 103, 104, 105, 106, 108, 109,
    112, 118, 121, 122, 124, 126, 127, 128,   1,  63,  67,  69,  70,  71,  72,  74,
     77,  80,  81,  82,  83,  86,  89,  92,  94,  99, 100, 101, 102, 103, 104, 106,
    109, 111, 112, 113, 114, 115, 117, 118, 121, 124, 126, 127,   1,  63,  67,  68,
     69,  70,  71,  72,  74,  80,  82,  83,  85,  86,  89,  91,  92,  94,  95,  96,
     99, 100, 101, 102, 105, 106, 107, 108, 109, 110, 111, 112, 115, 117, 118, 119,
    120, 122, 123, 124, 125, 126, 127, 128,   0,  62,  63,  64,  65,  66,  67,  68,
     69,  70,  71,  72,  73,  74,  75,  76,  77,  78,  79,  80,  81,  82,  83,  85,
     86,  87,  88,  89,  90,  91,  92,  93,  94,  95,  96,  97,  98,  99, 101, 102,
    103, 104, 105, 106, 107, 108, 110, 111, 112, 114, 115, 117, 118, 121, 123, 124,
    125, 126,   1,  63,  65,  67,  68,  69,  70,  71,  72,  74,  77,  79,  80,  81,
     82,  83,  86,  89,  90,  92,  94,  95,  96,  97,  98,  99, 100, 101, 102, 103,
    104, 105, 106, 107, 108, 109, 110, 111, 112, 113, 114, 115, 117, 118, 119, 120,
    121, 122, 123, 124, 125, 126, 127, 128,   1,  62,  63,  64,  65,  66,  67,  68,
     69,  70,  71,  72,  73,  74,  75,  76,  77,  78,  79,  80,  81,  82,  83,  85,
     86,  87,  88,  89,  90,  91,  92,  93,  94,  95,  96,  97,  98,  99, 100, 101,
    102, 103, 104, 105, 106, 107, 108, 109, 110, 111, 112, 113, 114, 115, 117, 118,
    119, 120, 121, 122, 123, 124, 125, 126, 127, 128,   1,  62,  63,  64,  65,  66,
     67,  68,  69,  70,  71,  72,  73,  74,  75,  76,  77,  78,  79,  80,  81,  82,
     83,  85,  86,  87,  89,  90,  91,  92,  93,  94,  96,  99, 100, 102, 103, 104,
    106, 109, 112, 113, 115, 118, 121, 125, 126, 127,   1,  12,  13,  14,  15,  16,
     17,  18,  19,  20,  21,  22,  23,  24,  25,  26,  27,  28,  29,  30,  31,  32,
     33,  34,  35,  36,  37,  38,  39,  40,  41,  42,  43,  44,  45,  46,  47,  48,
     49,  50,  51,  52,  53,  54,  55,  56,  57,  58,  59,  60,  61,  84, 116,   1,
     63,  67,  69,  70,  71,  72,  74,  77,  80,  81,  82,  83,  86,  89,  92,  93,
     94,  95,  97,  98,  99, 100, 101, 102, 103, 104, 105, 106, 107, 108, 109, 110,
    111, 112, 113, 114, 115, 117, 118, 119, 120, 121, 122, 123, 124, 125, 126, 127,
      1,  63,  67,  69,  70,  71,  72,  74,  77,  80,  81,  82,  83,  86,  89,  90,
     92,  93,  94,  95,  97,  98,  99, 100, 101, 102, 103, 104, 105, 106, 107, 108,
    109, 110, 111, 112, 113, 114, 115, 117, 118, 119, 120, 121, 122, 123, 124, 125,
    126, 127,   1,  63,  67,  69,  70,  71,  72,  74,  77,  81,  82,  83,  85,  86,
     89,  92,  94,  99, 101, 102, 103, 104, 106, 109, 111, 112, 113, 114, 115, 117,
    118, 123, 124, 125, 126,   1,  63,  67,  69,  70,  71,  72,  74,  77,  80,  81,
     82,  83,  86,  89,  92,  94,  97,  98,  99, 101, 102, 103, 104, 105, 106, 107,
    108, 109, 110, 111, 112, 113, 114, 115, 117, 118, 121, 122, 123, 124, 125, 126,
      0,   1,  62,  63,  64,  65,  66,  67,  68,  71,  72,  73,  75,  76,  77,  78,
     79,  80,  81,  82,  83,  85,  86,  87,  88,  89,  90,  91,  92,  93,  95,  96,
     97,  99, 100, 101, 103, 104, 105, 106, 109, 110, 111, 112, 113, 114, 115, 117,
    118, 121, 122, 123, 124, 126, 127, 128,   1,  63,  67,  71,  72,  74,  77,  80,
     81,  82,  83,  86,  89,  92,  94,  95,  99, 100, 101, 102, 103, 104, 105, 106,
    109, 111, 113, 114, 115, 118, 121, 123, 127,   0,   1,  62,  63,  64,  65,  66,
     67,  68,  70,  71,  72,  73,  75,  76,  77,  78,  79,  80,  81,  82,  83,  85,
     86,  87,  88,  89,  90,  91,  92,  93,  95,  96,  99, 100, 106, 109, 111, 112,
    113, 114, 115, 117, 118, 122, 123, 124, 125, 127, 128,   0,   1,  62,  63,  64,
     65,  66,  67,  68,  69,  70,  71,  72,  73,  74,  75,  76,  77,  78,  79,  80,
     81,  82,  83,  85,  86,  87,  88,  89,  90,  91,  92,  93,  94,  95,  96,  99,
    100, 101, 102, 106, 109, 112, 113, 121, 123, 124, 126, 127, 128,   0,   1,  62,
     63,  64,  65,  66,  67,  68,  69,  70,  71,  72,  73,  74,  75,  76,  77,  78,
     79,  80,  81,  82,  83,  85,  86,  87,  88,  89,  90,  91,  92,  93,  94,  96,
     98,  99, 100, 102, 106, 107, 108, 109, 112, 113, 122, 126, 127, 128,   1,  63,
     67,  69,  70,  71,  72,  74,  77,  80,  81,  82,  83,  86,  89,  92,  94,  95,
     99, 100, 101, 102, 103, 104, 106, 109, 111, 112, 113, 114, 115, 118, 121, 124,
    126, 127,   0,   1,  95,  99, 100, 101, 102, 103, 104, 105, 106, 107, 109, 111,
    112, 113, 114, 115, 118, 119, 121, 124, 126, 127,   0,   1,  96,  99, 100, 101,
    102, 105, 106, 109, 111, 112, 114, 115, 118, 121, 122, 123, 124, 126, 127, 128,
      0,  95,  96,  97,  98,  99, 100, 101, 102, 105, 106, 107, 108, 109, 111, 112,
    114, 115, 118, 121, 123, 124, 125, 126, 127,   0,  95,  97,  98,  99, 100, 101,
    102, 105, 106, 107, 108, 110, 111, 113, 114, 115, 117, 118, 119, 121, 122, 123,
    124, 125, 126, 128,   0,   1,  95,  96,  97,  98,  99, 100, 101, 102, 103, 104,
    105, 106, 107, 108, 109, 110, 111, 112, 113, 114, 115, 117, 118, 119, 120, 121,
    122, 123, 124, 125, 126, 127,   0,   1,  95,  96,  97,  98,  99, 100, 101, 105,
    106, 107, 108, 109, 110, 111, 112, 114, 115, 118, 123, 124, 125, 126, 127,   0,
      1,  95,  96,  97,  98,  99, 100, 101, 102, 103, 104, 105, 106, 107, 108, 109,
    110, 111, 112, 113, 114, 115, 117, 118, 119, 120, 121, 122, 123, 124, 125, 126,
    127,   0,   1,  96,  98,  99, 100, 101, 102, 103, 104, 105, 106, 107, 109, 111,
    112, 114, 115, 118, 123, 125, 127, 128,   0,   1,  95,  97,  98,  99, 100, 101,
    102, 103, 104, 105, 106, 107, 108, 109, 110, 111, 112, 113, 114, 115, 117, 118,
    119, 120, 121, 122, 123, 124, 125, 126, 127, 128,   0,   1,  95,  96,  97,  98,
     99, 100, 101, 102, 103, 104, 105, 106, 109, 110, 111, 112, 113, 114, 115, 117,
    118, 121, 123, 124, 125, 126, 127, 128,   0,   1,  95,  96,  97,  98,  99, 100,
    101, 102, 103, 104, 105, 106, 107, 109, 111, 112, 113, 114, 115, 118, 120, 122,
    124, 127, 128,   0,   1,  95,  96,  97,  98,  99, 100, 101, 102, 103, 104, 105,
    106, 107, 108, 109, 110, 111, 112, 113, 114, 115, 117, 118, 119, 120, 121, 122,
    123, 124, 125, 126, 127,   0,   1,  95,  96,  99, 100, 101, 102, 103, 104, 106,
    109, 111, 112, 114, 115, 118, 121, 124, 126,   0,   1,  95,  99, 100, 101, 102,
    103, 104, 105, 106, 108, 109, 111, 112, 113, 114, 115, 118, 121, 122, 124, 126,
    127,   0,  96,  97,  98,  99, 100, 101, 102, 103, 104, 105, 106, 107, 108, 109,
    110, 111, 112, 113, 114, 117, 118, 119, 120, 122, 123, 124, 125, 126, 127, 128,
      0,   1,  96,  99, 100, 101, 102, 103, 104, 105, 106, 108, 109, 110, 111, 112,
    113, 114, 115, 117, 118, 121, 122, 123, 124, 126, 127,   0,  95,  96,  97,  98,
     99, 101, 102, 103, 104, 105, 106, 107, 108, 109, 110, 111, 113, 114, 115, 117,
    118, 119, 120, 122, 123, 125, 126, 127, 128,   0,   1,  95,  96,  97,  98,  99,
    100, 101, 102, 103, 104, 105, 106, 107, 109, 111, 112, 113, 114, 115, 117, 118,
    121, 122, 123, 125, 126, 127,   0,   1,  95,  96,  97,  98,  99, 100, 101, 102,
    103, 104, 105, 106, 107, 108, 109, 110, 111, 112, 113, 114, 115, 117, 118, 119,
    120, 121, 122, 123, 124, 125, 126, 127, 128,   0,   1,  95,  96,  97,  98,  99,
    100, 101, 102, 103, 104, 105, 106, 107, 108, 109, 110, 111, 112, 113, 114, 115,
    117, 118, 119, 120, 121, 122, 123, 124, 125, 126, 127, 128,   0,  96,  97,  98,
     99, 100, 101, 102, 103, 104, 105, 106, 107, 108, 109, 110, 111, 112, 113, 114,
    117, 118, 119, 120, 122, 123, 125, 126, 127, 128,   1,  37,  38,  39,  40,  41,
     42,  43,  44,  45,  46,  47,  48,  49,  50,  51,  52,  53,  54,  55,  56,  57,
     58,  59,  60,  61, 116,   0,   1,  95,  97,  98,  99, 100, 101, 102, 103, 104,
    105, 106, 107, 108, 109, 110, 111, 112, 113, 114, 115, 117, 118, 119, 120, 121,
    122, 123, 124, 125, 126, 127,   0,   1,  95,  97,  98,  99, 100, 101, 102, 103,
    104, 105, 106, 107, 108, 109, 110, 111, 112, 113, 114, 115, 117, 118, 119, 120,
    121, 122, 123, 124, 125, 126, 127,   0,   1,  95,  96,  97,  98,  99, 100, 101,
    102, 103, 104, 105, 106, 107, 108, 109, 110, 111, 112, 113, 114, 115, 117, 118,
    119, 120, 121, 122, 123, 124, 125, 126, 127,   0,   1,  95,  96,  97,  98,  99,
    100, 101, 102, 103, 104, 105, 106, 107, 108, 109, 110, 111, 112, 113, 114, 115,
    117, 118, 119, 120, 121, 122, 123, 124, 125, 126, 127,   0,  96,  97,  98,  99,
    100, 101, 102, 103, 104, 105, 106, 107, 108, 109, 110, 111, 112, 113, 114, 115,
    117, 118, 119, 120, 121, 122, 123, 125, 126, 127, 128,   0,   1,  96,  99, 100,
    101, 102, 103, 104, 105, 106, 107, 108, 109, 111, 112, 113, 114, 115, 117, 118,
    120, 122, 123, 124, 125, 126, 127,   0,  95,  96,  97,  98,  99, 100, 101, 102,
    103, 104, 105, 106, 107, 108, 109, 110, 111, 112, 113, 114, 115, 118, 119, 121,
    122, 125, 127, 128,   0,  96,  97,  98,  99, 100, 101, 103, 104, 105, 106, 107,
    108, 109, 110, 111, 112, 114, 115, 117, 118, 119, 120, 122, 123, 125, 127, 128,
      0,   1,  96,  97,  98,  99, 100, 101, 102, 103, 104, 105, 106, 107, 108, 109,
    110, 111, 112, 114, 117, 118, 119, 120, 121, 122, 123, 125, 126, 127, 128,   0,
      1,  95,  96,  97,  98,  99, 100, 101, 102, 103, 104, 105, 106, 107, 108, 109,
    110, 111, 112, 113, 114, 115, 117, 118, 119, 120, 121, 122, 123, 124, 125, 126,
    127,   0,   1,  95,  96,  97,  98,  99, 100, 101, 102, 105, 106, 107, 108, 109,
    111, 112, 113, 114, 115, 118, 119, 122, 123, 124, 125, 126, 127,
};

static const int8_t edslab_14_bolditalicKernSparseValues[] = {
     -10,   -9,   -9,   -9,  -33,  -19,   -9,  -19,  -37,  -19,   -9,   -5,  -28,  -14,   -9,  -14,
       9,  -19,  -19,  -19,   -5,  -19,    5,    5,    5,    5,    5,   -9,   -9,  -19,   -5,   -9,
     -14,   -5,   -9,   -5,  -51,  -33,   -5,  -14,  -42,  -14,   -9,   -5,   -9,  -19,  -33,  -23,
     -14,  -19,  -28,  -19,  -19,  -19,  -19,  -28,  -14,  -14,  -14,  -14,  -14,  -19,  -14,   -9,
     -19,  -14,   -9,   -9,   -9,   -9,   -5,   -9,   -9,  -14,  -14,  -14,  -19,  -19,   -5,  -14,
       5,   -9,    5,  -19,   -9,  -14,   -9,    5,  -14,  -19,  -19,    5,  -19,   -5,    9,  -14,
      -9,   -9,  -14,   -5,  -14,  -19,    5,  -28,  -23,  -51,  -37,  -47,   -5,    5,   -9,    5,
      -5,   -9,    5,   -9,  -14,   -9,   -9,   -9,    5,   -5,    5,  -14,    5,    5,    5,    5,
       5,   -9,   -5,  -14,  -19,  -14,  -14,   -9,  -14,  -14,   -5,  -14,  -14,  -14,   -5,   -9,
     -14,   -9,   -9,    5,   -9,  -14,    5,  -23,   -9,  -28,   -9,   -9,  -14,  -14,  -14,   -5,
      -9,    5,    5,   -5,   -5,  -14,    5,   -5,   -5,   -5,   -9,  -14,   -5,   -5,    9,   -5,
      -5,    9,    5,   -5,  -19,   -9,   -9,  -14,  -14,    9,   -9,   -9,   -5,   -9,   -9,    5,
      -5,    5,    9,   -9,  -14,    9,  -14,    5,   -9,   -5,    9,  -19,  -19,  -19,   -9,   -5,
      -5,  -14,  -14,  -23,   -9,  -14,  -14,   -9,   -9,   -9,   -5,   -5,   -9,  -14,   -9,  -19,
      -5,   -9,  -14,   -5,    5,   -5,   -5,   -9,  -14,    5,  -14,    5,  -19,   -9,  -14,   -5,
      -5,   -5,   -5,  -19,   -5,  -14,  -23,   -9,   -5,   -5,   -9,    5,   -9,   -9,   -9,   -5,
     -14,   -5,   -5,   -5,  -19,  -33,  -23,  -23,  -14,   -5,  -14,  -33,  -23,   -5,  -33,  -23,
     -33,  -37,  -23,   -9,  -28,  -14,  -37,  -19,   -5,   -5,   -5,   -9,  -19,  -19,   -9,   -9,
      -9,   -9,    5,    5,   -9,  -14,    5,  -14,    5,   -9,   -9,   -9,  -51,   -9,  -19,   -5,
     -33,   -5,   -9,   -9,  -42,   -9,   -9,   -9,  -14,   -9,   -9,  -19,  -47,   -9,  -33,  -14,
     -19,  -65,  -65, -103, -103,  -93,   -5,   -9,  -42,  -19,  -19,  -23,  -19,  -14,  -23,  -23,
     -23,  -28,  -47,  -23,  -23,  -33,  -23,  -19,  -23,  -14,  -28,  -28,  -56,  -51,  -42,  -14,
     -14,  -23,   -9,    9,  -19,   -5,    5,   -9,   -9,   -9,   -9,   -5,    9,   -9,   -9,   -5,
      -5,   -5,   -5,    5,   -5,  -14,  -23,  -28,  -23,  -33,   -5,   -5,  -14,    5,    5,    5,
      -5,   -5,   -9,    5,   -5,   -9,   -5,   -5,   -9,    5,   -5,    5,   -9,    5,    5,  -14,
      -5,   -9,   -9,   -5,   -5,  -28,   -9,   -5,   -9,   -9,   -5,   -5,  -19,  -14,   -9,   -9,
     -14,  -14,  -23,  -14,   -9,  -23,  -23,  -28,  -28,  -23,   -9,   -9,  -14,   -5,   -9,  -14,
     -23,   -5,   -9,  -14,  -19,  -19,  -14,   -5,  -19,  -19,   -9,  -14,  -14,  -19,  -28,  -14,
     -19,  -19,  -14,   14,  -33,   -5,    5,   -5,   -5,   14,   -9,   -5,    5,   -5,   -5,   -5,
      -5,    9,   -5,    9,   -9,    5,   -9,  -14,  -28,  -28,  -33,   -5,    5,   -5,    9,    9,
       5,    9,   -5,   -5,   23,    9,  -14,    5,    5,    5,    9,    5,    9,   14,   14,   14,
      14,    5,  -23,   -5,  -14,   -5,  -19,   -5,   -5,    5,   -5,   -5,  -14,  -19,  -19,  -14,
     -19,   -9,   -5,   -5,    5,   -5,   -5,   -5,   -5,    5,   -9,    5,    5,   -5,   -5,   -9,
      -5,  -19,   -5,   -9,  -70,   -5,  -14,   -9,   -5,   -5,   -9,   -9,   -5,  -19,   -5,   -5,
     -23,   -5,  -14,   -5,  -14,  -14,  -19,  -23,  -19,  -14,  -37,   -9,  -23,  -23,  -28,  -14,
     -42,  -14,   -5,   -9,  -14,   -9,  -28,  -28,  -33,  -19,  -28,  -28,  -19,  -19,   -9,  -14,
     -19,  -19,  -23,  -23,  -33,  -28,   -5,    5,  -33,  -19,   -5,   -9,  -14,   -9,    5,  -14,
      -5,   -5,   -9,   -5,   -9,   -9,  -14,  -14,   -5,  -28,  -28,  -37,  -33,  -37,  -19,  -23,
      -9,  -14,  -19,  -14,  -23,  -23,  -14,  -14,   -9,  -14,    5,   -5,  -14,  -14,  -19,  -14,
      -5,   -9,  -14,  -23,  -14,   -9,  -23,  -19,   -9,   -9,  -19,  -19,  -14,  -19,   -5,  -19,
     -28,  -19,  -19,  -19,  -19,  -19,  -23,  -19,  -19,  -19,  -14,  -14,  -19,  -28,  -23,  -23,
      -9,  -14,  -14,   -9,  -14,  -14,   -9,  -14,  -14,   -9,   -9,   -9,  -19,  -19,  -23,  -19,
     -14,  -19,  -19,  -19,  -14,  -19,   -9,   -9,  -19,  -23,   -9,  -19,  -14,  -14,  -19,  -19,
     -19,  -14,   -9,  -19,  -14,  -14,  -19,  -28,  -19,  -14,   -9,    5,    5,  -33,    5,    5,
       5,   -9,  -19,  -19,  -23,   -5,   -9,  -28,    5,    5,   -5,  -19,  -14,   14,   -5,  -23,
     -19,   -5,   -5,   -5,    5,    5,   -9,  -14,   -5,  -19,   -5,   -9,  -19,  -19,   -5,   -5,
     -19,   -5,   -5,   -5,   -5,   -5,   -5,   -5,  -28,   -5,  -19,    5,   -5,  -23,  -28,  -23,
     -28,  -28,   -5,   -5,  -19,   -5,   -5,   -5,  -14,   -9,   -5,  -14,  -23,  -14,  -23,  -14,
     -14,  -14,  -19,   -5,  -14,   -5,  -23,  -19,  -37,  -28,  -37,   -9,  -14,   -9,  -19,   -5,
     -19,   -9,  -19,   -5,   -5,   -9,   -5,   -5,   -5,   -5,   -5,  -14,  -14,   -5,   -5,  -75,
     -42,  -61,  -61,  -70,   -9,   -5,  -28,   -9,   -5,  -14,  -23,  -14,  -28,  -14,  -14,   -9,
     -19,   -9,   -5,  -14,  -19,  -33,  -28,  -33,  -14,  -19,   -9,   -9,  -14,  -14,  -14,   -9,
     -19,  -14,   -5,  -19,  -14,  -19,  -19,  -19,   -9,  -19,  -23,  -19,  -14,  -14,  -14,   -9,
      -9,  -14,  -14,  -14,   -9,  -14,   -9,  -14,  -14,   -5,  -14,   -9,  -14,  -14,  -14,  -14,
     -19,  -14,  -14,   -9,   -5,   -9,  -47,  -19,  -23,   -9,  -14,   -5,  -23,   -5,  -23,   -5,
      -5,  -14,  -33,   -5,  -19,   -5,   -9,  -19,  -19,  -19,  -14,  -14,   -5,  -33,  -33,  -23,
     -23,  -23,  -19,  -33,  -19,  -19,  -23,  -28,  -28,  -28,  -23,  -23,  -28,  -23,  -33,  -19,
     -19,  -19,  -19,  -19,  -23,  -19,  -19,  -33,  -19,  -14,    5,  -51,   -9,    5,  -14,  -14,
     -19,  -19,   -9,   -5,  -19,   -9,  -14,  -19,   -5,  -14,    5,  -23,   -5,  -23,  -28,  -42,
     -42,  -42,  -23,  -14,  -23,   -5,   -9,  -19,    5,   -5,  -19,  -14,   -9,   -9,   -5,   -9,
      -9,   -5,   -5,   -5,   -5,  -23,  -33,  -14,  -19,    5,  -14,  -79,   -5,    5,   -5,   -5,
      -5,    5,   -5,   -5,   -9,  -14,   -9,   -9,   -9,   -5,  -14,    5,   -5,    5,  -14,  -19,
     -19,  -23,  -14,   -9,  -37,  -23,  -23,  -14,  -28,  -37,  -19,    5,   -5,  -23,   -9,   -5,
      -9,  -19,  -14,   -5,    9,   -5,  -14,  -23,   -9,  -37,  -37,  -19,  -33,  -28,  -37,  -37,
     -37,  -33,  -23,  -28,  -23,  -28,  -42,  -33,  -33,  -37,  -33,  -47,  -33,  -37,  -33,  -65,
     -61,  -79,  -79,  -89,  -37,  -47,  -56,  -33,  -33,  -28,  -14,   -9,  -51,  -33,  -14,  -51,
     -61,  -47,  -37,  -33,  -28,  -33,  -42,  -19,  -33,  -28,  -33,  -33,  -33,  -37,  -51,  -37,
      -9,   -9,   -9,   -5,  -14,   -5,   -5,   -9,   -5,   -5,   -5,   -5,   -5,  -19,   -5,   -9,
      -5,  -23,  -23,  -37,  -37,  -37,   -5,   -5,  -19,  -14,  -28,  -14,   -9,   -9,  -14,   -9,
      -5,   -5,  -14,  -19,  -19,  -23,  -28,  -14,   -9,  -19,   -9,    5,  -28,   -9,   -5,   -9,
      -5,   -9,   -9,   -5,   -9,  -14,   -5,   -9,   -9,   -5,  -14,   -5,  -23,  -28,  -37,  -33,
     -37,   -5,  -28,    5,    5,  -14,   -9,  -14,   -9,  -14,  -19,  -19,  -14,  -14,  -19,  -19,
      -5,   -5,  -19,  -19,  -19,   -9,  -23,  -14,  -28,  -61,  -19,  -19,   -9,  -14,   -9,  -19,
      -9,   -9,  -33,   -9,  -14,   -9,   -9,  -23,   -9,  -14,   -9,   -9,  -19,  -23,  -23,  -28,
     -19,  -23,  -47,  -23,  -37,  -42,  -37,  -28,  -42,  -14,  -14,  -23,  -23,  -23,  -42,  -42,
     -33,  -28,  -37,  -51,  -37,  -23,  -33,  -33,  -33,  -42,  -47,  -19,  -42,  -28,  -19,  -70,
     -14,  -28,  -19,  -14,  -14,  -23,  -14,  -14,  -28,  -14,  -14,  -14,   -9,  -33,  -19,  -23,
     -14,  -19,  -19,  -23,  -23,  -23,  -19,  -23,  -42,  -33,  -37,  -28,  -28,  -33,  -47,  -28,
     -19,  -33,  -23,  -23,  -28,  -37,  -33,  -28,  -28,  -37,  -23,  -23,  -23,  -28,  -23,  -33,
     -33,  -28,  -42,  -23,  -28,  -98,   -9,  -37,   -9,  -14,  -14,  -42,  -19,  -14,  -47,   -9,
     -19,  -14,  -19,  -37,   -9,  -47,  -14,  -19,  -28,  -19,  -23,  -23,  -19,  -19,  -61,  -28,
     -61,  -56,  -51,  -37,  -56,  -23,  -33,  -47,  -28,  -28,  -61,  -51,  -61,  -47,  -51,  -51,
     -47,  -33,  -42,  -47,  -47,  -47,  -61,  -28,  -61,  -37,  -37,  -93,  -14,  -33,  -14,  -19,
     -14,  -37,  -14,   -9,  -42,  -14,  -14,  -19,  -19,  -42,  -23,  -37,  -14,  -19,  -19,  -19,
     -23,  -19,  -19,  -23,  -47,  -28,  -56,  -61,  -47,  -28,  -65,  -28,  -33,  -47,  -37,  -37,
     -47,  -47,  -51,  -37,  -47,  -47,  -42,  -33,  -37,  -47,  -37,  -51,  -56,  -23,  -51,  -42,
     -33,  -75,  -19,  -37,  -14,  -14,  -14,  -33,   -9,   -9,  -42,   -9,  -14,  -19,  -14,  -51,
     -19,  -42,  -19,  -28,  -19,  -23,  -23,  -23,  -23,  -28,  -65,  -33,  -56,  -56,  -56,  -51,
     -65,  -33,  -37,  -51,  -37,  -37,  -51,  -61,  -61,  -47,  -51,  -56,  -56,  -42,  -42,  -51,
     -51,  -51,  -61,  -23,  -65,  -47,  -28,   -5,  -28,   -9,   -5,   -5,  -19,   -5,   -5,   -9,
      -9,   -5,   -9,   -9,  -23,   -9,  -23,   -5,   -9,  -23,  -23,  -19,  -19,  -23,   -9,   -5,
     -28,   -9,   -5,  -14,   -5,  -19,  -19,  -33,  -23,  -23,  -14,  -14,   -9,  -28,  -19,   -5,
     -28,  -23,  -33,  -37,  -47,  -19,  -14,  -23,   -5,   -9,  -19,  -37,  -19,  -14,  -19,  -23,
     -19,  -23,  -19,  -33,  -23,  -37,  -19,  -23,  -28,  -23,  -19,  -19,  -14,  -28,  -28,  -37,
     -37,  -37,  -19,  -23,    5,   -9,  -28,    5,   -9,   -9,  -14,   -9,  -23,  -28,  -14,  -14,
     -14,  -14,   -5,   -5,   -9,   -9,  -19,   -9,  -19,   -5,   -5,    5,  -14,  -28,   -5,   -5,
      -5,   -9,  -19,  -19,  -19,  -23,  -14,  -14,   -5,   -9,   -5,  -14,   -5,  -14,   -9,  -14,
     -14,  -19,  -14,  -19,  -19,  -14,  -23,  -19,   -9,  -19,   -9,   -9,   -9,  -19,  -28,  -19,
     -23,  -14,  -14,  -19,  -23,   -9,  -14,   -9,  -19,  -23,  -28,  -23,  -33,  -19,  -19,   -5,
      -9,    5,  -19,  -33,  -19,   -9,  -14,   -5,  -14,  -19,  -19,  -14,   -9,   -5,  -14,  -14,
      -5,   -5,   -9,   -9,  -14,  -14,  -14,  -23,   23,   -5,  -23,   -5,  -19,  -19,  -19,  -33,
     -23,  -14,  -23,  -14,   -9,  -28,  -28,  -23,  -19,  -19,  -33,   -5,  -28,  -56,  -56,  -42,
     -75,  -19,  -51,   -9,  -14,   -5,  -19,  -37,  -19,   -9,  -14,  -14,   -5,  -23,   -5,    9,
     -33,  -33,  -14,  -23,  -19,   -5,  -19,  -23,  -19,   -9,   -9,   -9,   -9,  -14,  -19,  -23,
     -19,  -28,   -5,   -9,  -33,   -9,   -9,   -9,  -19,   -9,   -5,   -9,  -19,  -14,  -23,  -14,
     -14,   -9,  -14,   -5,  -14,  -19,  -19,  -23,  -23,  -33,   -9,  -19,  -14,  -19,   -9,  -28,
      -9,   -9,   -9,  -14,  -14,  -14,   -5,  -14,  -23,  -33,  -14,   -9,   -9,  -19,   -5,  -14,
      -5,  -19,  -19,  -28,  -28,  -33,  -14,  -14,    5,    9,  -28,    5,    5,    5,    5,   -9,
       9,  -19,  -23,   -5,   -5,    5,    5,    5,   -5,    5,   -9,   -9,   -9,   -9,   -9,  -14,
     -23,  -14,   -9,  -33,   -5,  -14,   -9,  -14,   -9,   -5,   -9,  -14,  -14,  -33,   -9,   -9,
      -9,   -9,   -5,   -9,   -9,  -14,  -14,  -19,  -23,  -28,   -9,  -14,   -5,   -5,  -19,  -28,
     -14,  -14,   -5,  -19,  -14,   -9,  -14,  -23,  -14,  -28,  -14,   -9,  -19,  -19,   -9,  -19,
      -5,  -19,  -19,  -28,  -28,  -19,   -9,  -14,   -5,   -5,   -5,   -5,  -33,   -5,   -9,  -19,
      -9,   -5,   -9,  -23,  -14,  -28,   -9,   -9,   -9,  -14,   -9,   -5,  -14,  -14,  -23,  -23,
     -28,   -5,   -9,  -14,   -9,   -9,  -33,   -5,   -9,   -5,  -14,   -5,  -14,   -9,  -19,  -14,
     -28,   -9,   -9,   -5,  -14,   -5,  -14,  -14,  -23,  -28,  -28,  -33,   -5,   -9,   -9,    9,
     -23,    5,    5,   -9,   -9,  -14,   -9,  -23,  -19,   -9,  -14,    5,   -9,    5,  -14,    5,
      -9,   -5,   -5,  -14,  -19,  -14,  -19,   -5,   -5,    5,   -9,  -28,    5,    5,    5,   -9,
     -14,  -14,   -9,  -23,  -23,   -9,   -9,   -9,    5,  -14,   -5,   -9,   -9,  -14,  -19,   -9,
     -19,   -5,   -9,    5,  -28,   -5,    5,  -14,   28,   -9,  -23,   -5,   -5,   -5,   19,    5,
      -5,   -5,   -5,   -5,   -5,   -5,   -5,   -5,   -5,   -9,   -5,  -23,  -33,   -5,   -5,   -5,
      -5,  -14,  -28,   -9,  -33,  -23,   -9,  -14,   -9,   -5,   -9,  -14,    5,   -5,   -5,   -9,
     -14,  -19,  -19,   -5,  -28,    5,   -9,   -9,   -9,    5,   -9,  -14,  -23,   -5,   -9,   -5,
      -9,    5,   -9,   -5,   -9,   -9,  -14,  -14,   -9,  -14,   -9,  -28,  -23,   -5,   -5,  -14,
     -23,  -14,  -23,   -5,   -5,    5,  -14,    5,   -9,    5,  -23,  -14,  -28,  -23,  -42,   -9,
     -14,  -14,   -9,   -9,  -33,  -14,   -9,   -9,  -14,   -5,  -14,   -9,  -14,  -19,  -28,  -14,
      -9,  -14,  -14,   -5,   -5,   -5,  -14,  -14,  -19,  -19,  -23,   -5,  -14,  -14,  -33,  -37,
     -19,  -19,  -28,  -28,  -33,  -28,   -5,  -19,  -37,  -28,  -19,  -23,  -23,   -9,  -23,  -19,
      -9,  -14,   -9,   -9,  -14,  -14,  -28,  -37,  -28,  -19,  -33,  -23,  -19,  -23,  -19,  -19,
     -28,  -37,  -14,  -23,  -33,  -23,  -19,  -23,  -28,   -9,  -19,  -23,  -14,  -14,   -5,  -14,
      -9,  -19,  -23,  -33,  -28,  -14,  -33,  -23,  -19,  -19,  -19,  -19,  -33,  -33,  -14,  -19,
     -33,  -33,  -23,  -23,  -28,  -14,  -19,  -28,   -9,   -9,  -14,  -14,  -14,  -19,  -23,  -28,
     -42,   -5,   -9,  -23,   -5,   -9,   -5,   -9,   -9,   -9,  -19,   -5,   -5,   -5,   -5,   -5,
      -5,   -5,   -9,   -9,  -14,   -9,   -9,   -5,  -19,  -19,   -9,   -5,   -5,   -5,   -5,   -9,
      -5,   -5,   -5,   -5,   -9,   -9,   -5,   -9,   -5,  -33,  -23,   -5,  -23,  -14,  -23,   -5,
     -23,  -19,   -9,  -23,  -33,  -33,  -23,   -5,  -19,   -5,  -28,  -19,  -19,  -23,  -65,  -51,
     -28,  -19,  -75,  -14,  -14,  -28,  -14,  -14,  -14,  -14,   -9,   -5,   -9,  -14,  -14,  -28,
     -14,  -23,  -19,  -28,  -28,  -14,  -14,  -14,  -14,  -14,  -14,  -28,  -14,  -37,  -42,  -23,
     -14,  -56,  -14,  -14,  -28,  -14,  -14,  -14,  -14,   -9,  -14,   -5,    5,   -5,  -14,   -5,
      -5,   -5,   -9,   -5,   -5,  -19,   -9,   -9,   -5,   -5,   -5,  -14,    5,  -14,  -28,    9,
      -9,  -19,   -5,   -9,   -9,   -5,  -14,    5,   -5,    5,   14,  -23,   14,    5,   14,   -5,
      14,    9,   -9,    9,   -5,    5,  -14,    5,   -5,   -5,   14,    5,   -5,  -14,   -5,   -5,
      -5,   -5,   -5,    5,   -5,  -14,  -14,   -5,   -5,   -5,   14,   -5,   -5,    5,   -5,  -14,
       5,   -9,  -19,   -5,   -5,   -9,   -5,   -5,    5,   -9,    5,   14,  -14,   14,    5,    5,
      14,   -5,   14,    9,   -5,    9,   -5,    5,    9,   14,  -14,   -5,  -75,   -5,   -5,   -5,
     -23,   -5,   -5,  -19,   -5,   -5,   -5,  -42,   -5,   -5,   -9,   -5,   -9,   -5,   -5,   -5,
      -5,   -5,   -5,   -5,   -5,   -5,   -5,   -5,  -19,   -5,  -19,  -37,  -28,  -19,  -28,  -56,
     -28,  -37,  -42,  -19,  -19,  -23,  -51,  -28,  -33,  -37,  -37,  -28,  -28,  -14,  -19,  -37,
     -28,  -28,  -28,  -28,  -14,  -23,  -23,  -28,  -28,  -42,  -28,  -19,   -9,   -5,  -23,   -5,
      -5,   -5,  -23,   -5,   -5,  -14,   -5,   -5,   -5,   -5,   -5,   -5,  -14,   -5,   -5,  -14,
      -5,  -19,   -9,   -5,   -9,   -5,   -5,   -5,   -5,  -14,   -5,   -9,   -9,   -9,   -9,   -9,
      -9,   -9,   -9,   -9,  -19,  -23,  -14,   -9,   -9,   -9,   -5,   -5,  -19,  -14,   -5,   -9,
      -5,   -9,   -5,   -5,  -14,   -9,   -5,   -5,   -5,   -9,   -9,   -5,   -5,   -5,   -5,   -5,
     -14,   -5,   -5,   -5,  -14,   -5,  -14,  -19,   -5,   -5,   -5,   -9,   -5,   -5,  -19,   -5,
      -5,  -19,   -5,  -19,  -19,   -5,  -19,   -5,   -5,  -14,   -5,   -5,  -14,   -5,   -5,   -5,
     -14,   -9,  -14,  -14,  -14,   -9,   -9,  -14,  -14,  -14,  -14,  -14,  -19,  -19,  -37,  -14,
     -42,  -14,  -14,  -14,  -14,  -14,  -14,  -14,  -14,   -5,  -14,   -5,  -28,   -5,   -5,   -5,
     -23,   -5,   -5,   -5,   -5,   -5,   -5,   -5,   -5,   -9,   -5,   -5,   -5,  -28,    5,   -5,
     -28,   -5,   -5,   -5,   -5,   -5,   -5,   -5,   -9,    5,   -9,    9,   -9,   -5,   -5,   -9,
       9,   -9,    9,   -5,    5,   -5,   -5,   -5,   -5,    5,   -5,    9,   -9,   -9,  -19,  -23,
      -5,   -5,   -5,   -5,   -9,  -14,   -5,   -9,  -19,   -9,  -19,   -9,   -9,   -5,  -14,  -14,
     -19,   -9,  -19,   -9,   -9,   -9,   -9,   -9,   -9,   -9,  -19,   -9,  -19,  -23,  -19,  -14,
     -37,  -23,   -9,   -9,   -9,   -9,   -9,  -19,  -19,  -14,   -5,   -5,   -5,   -9,   -5,   -9,
      -5,  -14,   -5,  -19,   -9,   -5,  -14,  -14,  -19,   -9,  -19,   -9,   -9,   -9,  -19,   -9,
     -19,  -23,  -19,  -14,  -37,  -23,   -9,   -9,   -9,   -9,    5,   -9,   -9,   -5,   -9,  -14,
     -14,   -5,   -5,  -14,   -5,  -19,  -14,  -14,   -5,   -9,   -9,   -5,    5,   -5,   -5,  -14,
       5,   -9,   -9,   -9,   -9,   -5,   -9,   -5,   -5,    5,   -5,  -14,    5,   -9,  -37,    5,
      -5,  -37,   -5,   -5,  -14,   -5,   -5,   -9,   -5,   -9,    5,   -5,   -9,  -14,  -19,   -9,
     -14,   -9,   -9,   -9,  -14,  -14,   -9,  -19,  -14,  -14,   -5,   -9,  -14,  -14,  -14,  -14,
     -14,   -9,   -9,   -9,   -5,  -14,   -5,  -14,  -23,   -5,  -33,  -23,   -5,   -9,   -9,  -23,
     -19,   -9,  -14,   -9,   -5,   -9,  -14,  -14,   -5,  -19,   -9,  -14,   -9,  -14,   -9,   -9,
     -14,  -14,   -9,  -14,  -14,   -9,   -5,  -14,   -5,  -14,  -28,   -5,  -33,  -19,   -5,   -9,
      -9,  -14,  -14,   -9,   -9,  -14,   -9,   -9,  -14,   -9,   -9,  -14,   -9,   -9,   -9,   -9,
      -9,   -9,   -9,   -9,   -9,   -9,   -9,   -9,   -9,   -5,  -19,   -5,   -9,  -19,  -14,  -33,
     -19,   -9,   -9,   -9,   -5,  -37,   -9,   -9,   -9,  -33,  -14,  -14,   -5,   -9,   -9,   -5,
      -9,   -5,   -9,    9,   -5,  -14,    9,  -14,  -28,   14,   -9,  -23,   -5,   -5,   -9,   -5,
      -5,   -9,   -5,   -5,   19,    5,    5,  -23,    5,    5,    9,    9,    5,  -19,   -5,    9,
       9,   -5,    5,   -5,    5,  -14,    5,   -9,   -9,  -19,  -14,   -5,   -9,   -9,   -9,   -5,
      -9,   -9,   -5,  -19,   -9,  -14,   -9,   -9,   -9,  -14,   -9,   -9,   -9,   -9,   -9,   -9,
      -5,  -19,   -5,  -14,  -19,   -9,   -9,  -28,  -14,   -5,   -9,   -5,  -14,  -75,  -37,   -9,
      -5,   -5,  -14,   -9,  -33,    5,  -23,    5,   -5,  -23,   -5,   -5,   -5,   -5,  -14,    5,
     -19,   -9,  -14,   -9,   -9,  -28,   -5,   -5,   -9,   -5,   -5,   -9,   -9,   -9,   -5,   -5,
      -5,   -5,   -9,  -14,   -9,  -37,   -9,  -19,   -9,   -5,  -23,   -5,   -5,   -5,  -23,   -5,
      -9,   -5,  -19,  -19,   -9,   -5,   -9,   -9,   -5,   -5,   -9,    5,   -9,  -28,   -5,   -5,
     -28,   -5,   -5,   -5,   -5,   -5,   -5,   -5,   -5,   -5,    5,   -9,   -5,  -19,  -19,  -14,
     -14,   -9,  -14,   -9,   -5,   -5,   -5,   -9,    5,  -14,   -5,   -9,  -19,   -9,   -5,   -9,
      -5,   -9,  -19,  -65,   -5,  -37,   -5,   -9,  -14,   -5,   -9,  -37,   -9,   -9,   -9,   -5,
     -14,   -9,  -19,   -9,   -5,   -9,  -28,  -28,  -19,  -19,  -14,  -42,  -14,  -28,  -19,   -9,
      -9,  -14,  -42,   -9,  -14,  -23,   -9,  -28,  -23,   -5,   -9,  -28,  -23,  -33,  -14,   -9,
      -9,  -19,  -28,  -28,  -28,  -33,  -14,  -23,  -33,  -14,  -89,   -9,   -9,   -9,  -42,  -14,
     -14,  -14,  -14,  -19,   -9,  -47,   -9,   -9,  -37,   -5,   -5,  -33,   -9,  -28,  -33,  -14,
     -28,   -5,   -5,   -9,   -9,   -9,  -23,  -19,  -28,  -65,  -51,  -51,  -56,  -75,  -47,  -61,
     -42,  -37,  -37,  -61,  -75,  -56,  -51,  -61,  -56,  -47,  -61,  -42,  -51,  -65,  -56,  -51,
     -61,  -51,  -47,  -56,  -61,  -65,  -61,  -79,  -47,  -47,    5,   -9,  -37,   -9,   -9,   -9,
     -33,   -9,   -9,   -9,  -14,  -14,  -19,   -9,  -14,   -5,   14,   -9,   -9,   19,   -5,  -23,
       5,   -5,  -28,   -9,   -5,   -5,   -5,   -5,  -19,   -5,   14,  -19,    9,    5,    5,    5,
     -19,    9,    9,    5,    5,   -5,   -5,   -5,   -9,    9,  -14,  -19,   -9,  -37,   -9,   -9,
      -9,  -37,   -9,   -9,  -23,   -9,   -9,   -9,   -9,  -51,   -9,  -37,   -9,  -19,  -19,  -23,
     -23,  -23,  -33,  -14,  -19,  -23,  -14,  -14,  -19,  -19,  -14,  -14,  -28,  -28,  -19,  -28,
     -19,  -14,  -23,  -28,  -14,  -14,  -14,  -28,  -28,  -51,  -51,  -56,  -14,  -23,  -23,   -9,
     -28,  -19,   -9,  -19,  -14,  -14,   -9,  -19,  -14,   -9,  -19,   -9,  -23,   -9,   -9,   -9,
      -9,   -9,  -14,  -14,  -19,   -9,  -14,   -9,  -19,  -14,  -14,   -9,   -9,   -9,   -5,   -9,
     -14,   -5,  -14,  -23,   -5,   -9,  -23,   -9,   -9,  -14,   -5,   -5,   -9,   -9,   -5,   -9,
      -9,  -19,  -28,   -9,  -14,  -14,  -14,   -9,  -28,  -14,   -5,  -19,  -19,  -19,   -9,   -5,
     -14,   -5,   -9,   -5,   -5,   -5,  -14,   -5,   -9,   -9,  -14,  -14,   -5,   -9,   -5,   -5,
      -9,   -5,  -14,   -5,   -9,  -19,   -5,   -5,  -23,   -5,   -5,   -9,   -5,   -5,   -5,   -5,
      -5,   -5,   -9,  -19,  -19,   -5,   -9,   -9,   -9,   -9,  -14,   -9,  -23,   -5,   -5,  -23,
      -9,   -9,   -5,  -14,   -9,   -5,   -5,   -5,   -5,   -5,  -14,   -5,   -9,  -19,   -9,   -5,
     -23,   -5,   -5,   -5,   -5,   -9,  -23,  -19,   -5,   -5,  -14,  -14,   -9,  -14,   -5,   -9,
     -19,   -9,  -19,   -9,  -14,   -9,   -5,   -5,  -19,   -5,   -5,   -9,   -9,   -5,   -9,   -5,
      -5,   -9,   -5,  -14,   -5,   -9,  -14,  -14,   -9,  -28,  -14,   -5,   -5,   -5,   -5,   -5,
     -23,    5,   -5,  -14,   -5,   -5,   -5,  -23,   -5,  -14,  -14,   -9,   -9,   -5,    5,   -5,
      -5,    5,  -47,  -37,    9,   -5,  -51,   -5,   -5,  -23,   -5,   -5,    5,   -5,    5,   23,
      -5,  -23,    9,   -5,   -5,   -5,   -5,   -5,   14,   -5,   -5,    9,    9,   -5,    9,   -5,
     -14,    5,   -5,   -5,    5,   -5,    9,   -5,   -9,  -19,  -19,   -5,   -5,   -5,   -5,   -9,
      -5,  -14,   -5,  -19,   -5,   -5,   -5,   -5,  -19,   -9,   -9,   -5,   -9,   -9,   -5,   -9,
      -9,  -14,   -9,  -14,  -14,  -19,  -14,   -5,   -5,  -23,    5,   -9,  -19,   -5,   -5,   -5,
     -23,   -9,   -5,  -19,  -14,   -9,   -5,   -9,    5,   -5,   -5,   14,  -47,  -42,    9,   -5,
     -51,   -5,   -5,  -28,   -5,   -5,    5,   -5,   14,   14,  -19,    9,   -5,    9,   -5,    9,
       5,   -5,    9,   -5,   -5,   -5,   -5,    5,   -5,    9,   -5,   -9,    5,   -5,  -33,   -5,
      -5,   -5,  -19,   -5,   -5,   -5,  -19,  -19,   -5,   -5,   -5,   -5,    9,   -5,   -5,    9,
      -5,  -19,   14,   -9,  -28,   -9,   -9,   -5,   -5,   -5,    5,   -9,   -5,    5,   14,  -19,
       9,   -5,    9,   -9,    9,    9,    5,    5,   -5,    9,   -5,    9,  -14,   -5,    5,   -9,
     -23,   -9,   -5,   -5,  -23,   -9,   -5,   -5,  -14,  -14,   -9,   -9,  -14,   -9,    9,   -9,
      -9,    5,   -9,  -23,   14,   -9,  -28,   -9,   -9,   -9,   -9,   -9,    5,   -9,   -5,   19,
      -5,  -23,    9,    5,  -19,   -5,   -5,    9,    5,    5,   -5,   -9,    9,  -14,   -9,  -23,
     -23,   -9,  -14,   -9,   -9,   -5,  -14,   -9,   -5,  -19,   -9,  -23,   -9,   -9,   -5,   -9,
     -19,   -5,   -9,   -9,  -14,  -14,  -14,  -14,  -19,   -5,   -9,  -23,  -14,  -28,  -19,  -14,
      -5,   -5,  -14,  -14,   -5,   -9,   -9,   -9,   -5,  -14,  -14,   -5,   -5,   -5,   -9,  -23,
      -5,   -9,  -23,   -5,  -33,   -5,  -14,   -9,   -5,   -9,   -9,    5,   14,  -19,   14,   -5,
       5,   -5,   -5,    9,   -5,    9,  -14,    9,  -14,    9,   -5,   -5,    5,   -5,    9,  -14,
     -14,    5,    9,   -5,   -5,   -9,    5,   -9,   -5,   -5,   -5,   -5,   -5,    5,   -9,    9,
      -5,    5,   -9,    5,   -5,    5,   -5,   -5,    5,   -9,  -19,   -5,   -9,  -37,   -5,  -14,
      -9,  -14,  -33,   -5,   -5,   -5,   -5,   -5,   -5,   -5,   -5,   -9,   -5,   -5,   -9,   -5,
      -5,   -5,  -19,  -23,  -19,  -19,   -9,   -9,  -14,  -14,  -14,  -14,  -14,  -14,  -23,  -19,
     -14,  -14,   -5,   -9,  -14,   -5,  -19,  -14,  -19,  -19,  -19,   -5,  -33,   -9,   -9,  -23,
      -9,   -9,  -14,   -5,   -5,  -14,  -14,    5,    5,   14,   -5,   -5,   -9,    9,   -9,   -9,
      -5,   -5,   -5,    9,   -5,   -5,    9,   -9,    9,   -9,   -5,   -5,   -5,   -5,    9,  -14,
      -9,   -5,   -5,   -5,   -9,   -9,   -9,   -9,   -5,   -5,  -14,   -5,   -9,   -9,   -9,   -9,
      -5,  -14,   -5,   -9,  -19,   -9,   -5,  -23,   -5,   -5,  -14,   -5,   -5,   -9,   -5,   -9,
      -5,  -14,   -5,    9,   -5,  -14,    9,   -5,    5,   -5,   -5,   -5,   -5,   -5,    5,   -9,
       5,   -9,   -5,   -9,   -5,   -5,    9,   -5,  -19,   -9,   -9,   -9,   -9,  -19,  -14,  -14,
     -14,  -28,  -28,   -9,   -5,  -14,   -9,   -9,   -9,  -19,   -9,  -19,  -28,  -19,   -9,  -28,
      -5,   -5,  -19,   -9,   -9,  -14,   -5,   -9,  -14,   -5,  -19,   -9,   -9,   -5,   -9,   -5,
     -14,   -9,   -9,   -9,  -28,  -28,   -9,   -9,   -9,   -5,  -23,   -9,  -19,  -19,  -14,   -9,
     -28,  -23,   -5,   -9,   -5,   -9,   -9,   -5,  -19,   -5,   -5,   -5,   -5,   -5,   -9,   -5,
      -9,   -5,  -14,   -9,   -9,   -9,   -5,   -5,  -19,   -5,   -9,  -19,   -9,  -37,   -5,   -5,
      -5,   -5,   -5,  -23,   -9,   -9,   -9,   -5,   -5,  -19,  -14,   -5,   -9,  -14,  -14,   -5,
      -5,   -5,   -5,  -14,   -5,  -19,   -5,  -14,  -28,  -19,   -5,  -28,   -5,   -5,  -14,   -5,
      -9,   -5,   -5,   -9,   -5,   -9,   -9,   -5,    5,  -14,   -5,   -9,   -5,   -5,   -9,   -5,
      -9,   -9,   -5,  -14,   -9,  -14,   -5,   -5,   -5,   -5,   -9,   -9,  -19,  -14,   -9,   -9,
      -9,   -9,   -5,   -9,   -5,  -19,  -14,  -14,   -5,  -14,  -14,  -19,   -5,   -5,   -9,   -5,
      -5,  -14,    9,  -14,  -14,  -28,    9,   -9,   -5,   -9,   -9,  -14,  -14,  -19,  -19,    5,
      -9,  -14,    5,   -9,  -14,  -14,  -19,   -5,   -9,   -9,   -9,   -5,   -5,   -9,    5,  -14,
     -14,   -9,    5,  -19,   -5,   -5,   -5,   -5,   -5,   -5,   -5,   -5,  -19,   -5,  -19,   -5,
      -5,  -14,  -14,   -5,   -9,   -5,   -5,   -5,   -9,   -5,   -5,  -23,   -9,    9,   -9,   -9,
     -23,  -19,   -5,   -9,   -5,   -9,  -14,   -5,  -14,   -5,   -9,   -9,   -5,   -9,    5,   -5,
     -19,   -5,   -5,   -9,   -9,   -9,   -9,    5,  -14,   -9,   -5,   -5,    5,   -5,   -5,  -14,
      -5,   -5,   -5,   -5,   -5,   -9,   -9,   -5,    5,   -5,    5,   -5,  -14,   -5,   -5,  -14,
      -5,   -5,   -5,   -5,   -5,    5,   -9,   -5,  -19,    5,   -9,   -9,  -37,   -9,  -19,   -9,
      -9,   -9,  -14,  -33,  -14,  -14,   -5,   -5,  -14,   -9,   -9,   -9,   -9,  -14,   -9,   -9,
      -9,   -5,  -19,  -14,   -9,   -9,  -23,   -9,  -23,   -9,  -14,  -19,   -5,  -14,  -14,  -47,
     -14,  -19,  -19,   -9,   -9,  -14,  -37,  -19,   -9,  -14,   -9,   -5,  -14,   -5,   -9,  -23,
      -9,   -9,   -9,   -9,   -5,   -9,   -9,  -14,  -14,  -28,  -14,  -23,  -23,    9,   -9,   -9,
     -28,    9,  -19,   -5,   -5,   -5,  -14,   -9,  -19,  -14,    5,  -19,   -9,    9,   -5,  -14,
      -9,  -14,   -9,  -14,  -14,   -9,  -14,   -9,    9,  -14,   -9,  -19,  -37,  -19,  -19,  -23,
     -14,  -19,  -19,   -9,  -19,  -14,  -28,  -14,  -14,  -23,  -14,  -19,  -19,  -14,  -14,  -19,
     -14,  -14,  -19,  -19,  -19,   -9,  -14,   -5,   -5,   -5,  -23,  -14,  -14,   -5,   -9,   -9,
      -5,  -14,   -5,   -5,   -5,   -5,   -9,   -5,   -9,  -14,   -9,   -5,  -19,   -5,   -5,   -5,
      -5,   -5,   -9,   -5,   -5,   -9,   -5,  -14,   -9,   -5,   -5,  -23,  -14,  -19,  -19,  -14,
     -14,   -5,  -14,   -5,   -5,  -14,   -5,  -14,   -9,   -5,   -9,  -19,   -5,  -14,   -5,   -5,
      -5,   -5,   -5,   -9,   -5,   -5,  -14,   -5,   -9,   -5,    5,   -5,   -5,  -23,  -14,   -9,
     -14,   -9,   -9,   -5,   -9,   -5,   -5,   -5,   -5,   -9,   -5,   -5,  -14,  -19,   -5,  -23,
      -5,   -5,   -5,   -5,   -5,  -19,   -5,   -9,   -5,   -9,   -9,  -14,   -5,   -5,   -5,  -23,
      -9,  -14,   -9,  -14,  -14,   -5,  -23,   -5,   -5,  -14,   -9,  -19,   -9,   -5,  -19,  -14,
      -5,  -19,   -5,   -5,   -5,   -5,   -5,  -14,   -5,   -9,   -9,  -14,    5,   -9,   -5,  -14,
       5,   -9,   -5,   -9,   -9,   -9,   -5,   -9,   -9,    9,   -9,  -19,    5,   -9,  -23,    5,
      -5,  -37,   -5,   -5,   -5,   -5,   -9,   -5,   -5,    5,   -9,   -5,   -9,    5,  -23,   -5,
      -9,   -5,  -14,  -14,   -5,   -9,   -9,   -5,   -9,   -5,   -5,   -5,  -14,  -14,   -5,  -14,
      -5,   -5,   -5,   -5,   -5,   -5,   -5,  -19,    5,    9,   -5,   -5,  -23,    9,   -5,   -5,
      -5,   -9,   -9,   -5,   -5,   -5,    9,   -5,  -14,    5,   -9,  -33,    5,  -37,   -5,   -5,
      -5,   -5,    9,   -5,  -14,   14,  -14,  -14,  -28,    5,   -5,   -5,   -5,   -9,   -9,   -5,
      -5,    5,   -9,   -9,    5,   -9,   -5,   -9,  -14,   -5,   -5,   -5,   -9,   -9,    5,   -9,
     -19,    5,    9,   -9,   -9,  -23,    5,  -14,   -5,   -5,   -5,  -14,   -9,  -14,   -9,    5,
      -9,  -14,    5,   -9,   -9,  -14,   -9,   -9,   -5,   -9,   -9,   -5,   -5,    5,  -14,  -14,
      -9,  -14,   -5,   -5,   -5,  -23,  -14,  -19,  -19,   -9,   -9,   -5,  -14,   -5,   -5,  -14,
      -5,  -14,   -5,   -5,  -19,  -19,   -5,  -28,   -5,   -5,   -5,   -5,   -5,   -5,   -5,   -9,
     -14,  -14,    5,   -5,    9,   -5,   -5,  -23,    9,   -9,   -5,   -5,  -14,   -9,   -5,    5,
      -9,    5,   -5,   -5,    5,  -14,   -5,   -9,   -9,   -5,   -5,   -9,    9,
};

static const EpdFontData edslab_14_bolditalic = {
    edslab_14_bolditalicBitmaps,
    edslab_14_bolditalicGlyphs,
    edslab_14_bolditalicIntervals,
    55,
    36,
    27,
    -9,
    true,
    edslab_14_bolditalicGroups,
    11,
    nullptr,
    nullptr,  // kernLeftClasses: built-in fonts use the split arrays below
    nullptr,  // kernRightClasses
    edslab_14_bolditalicKernLeftCodepoints,
    edslab_14_bolditalicKernLeftClassIds,
    edslab_14_bolditalicKernRightCodepoints,
    edslab_14_bolditalicKernRightClassIds,
    nullptr,  // kernMatrix: built-in fonts use the sparse form below
    edslab_14_bolditalicKernRowOffsets,
    edslab_14_bolditalicKernSparseCols,
    edslab_14_bolditalicKernSparseValues,
    129,
    129,
    129,
    129,
    nullptr,
    0,
};
