/**
 * generated by fontconvert.py
 * name: edslab_16_italic
 * size: 16
 * mode: 2-bit  compressed: true
 * Command used: fontconvert.py edslab_16_italic 16 ../builtinFonts/source/EdsLab/EdsLab-Italic.ttf --2bit --compress --pnum --zopfli
 */
#pragma once
#include "EpdFontData.h"

static const uint8_t edslab_16_italicBitmaps[19461] = {
    0xB5, 0x5A, 0x01, 0xA4, 0x25, 0x4B, 0x7A, 0xFE, 0xBA, 0x7B, 0xEF, 0x74, 0xA4, 0xD9, 0x7E, 0xC8,
    0xBC, 0x97, 0x64, 0xD8, 0x86, 0x25, 0x49, 0xBC, 0x7D, 0x0D, 0xB0, 0x61, 0xEE, 0xA9, 0xB2, 0x8B,
    0x60, 0xF1, 0x2E, 0xE6, 0xCC, 0x23, 0x17, 0x03, 0x10, 0xE0, 0x06, 0x41, 0x70, 0xCF, 0xED, 0x16,
    0x58, 0x40, 0x06, 0xFB, 0x36, 0x08, 0x12, 0x2C, 0x10, 0xBC, 0x20, 0x58, 0xDC, 0x7B, 0xBB, 0x77,
    0x17, 0xC1, 0x42, 0x93, 0x3C, 0x41, 0xB0, 0xBD, 0xD9, 0x99, 0x6C, 0x22, 0xD8, 0xCE, 0xA6, 0x67,
    0xD3, 0xF7, 0xBD, 0x3E, 0xA7, 0x52, 0xDF, 0x57, 0x7D, 0xE6, 0xDC, 0x93, 0x37, 0x6C, 0x5E, 0xC8,
    0xB9, 0xDD, 0xDF, 0xDF, 0xD3, 0x5D, 0x55, 0xF5, 0xD5, 0x57, 0x7F, 0xFD, 0x55, 0x5D, 0x3D, 0x30,
    0x40, 0x05, 0xDC, 0x02, 0x37, 0xC0, 0x16, 0x98, 0x79, 0x44, 0x13, 0xE2, 0x11, 0xC9, 0xB0, 0x1C,
    0x69, 0x8F, 0xB4, 0x43, 0xD6, 0x22, 0x0F, 0x47, 0x8D, 0xF0, 0x2B, 0x81, 0xCA, 0xA2, 0x01, 0x4E,
    0x81, 0xF2, 0xCF, 0xBA, 0xF2, 0xFD, 0xD6, 0xE4, 0xFE, 0xA8, 0x57, 0x85, 0xDD, 0x94, 0xB8, 0x2C,
    0x01, 0xE6, 0x36, 0x34, 0x3D, 0x56, 0x00, 0x8B, 0xB8, 0x06, 0x58, 0xC6, 0x04, 0xA0, 0xB0, 0xD1,
    0xC8, 0x52, 0x98, 0x08, 0xEB, 0x6A, 0xFD, 0xC1, 0x2B, 0x1B, 0x39, 0xFE, 0xBA, 0xC5, 0xC0, 0x3F,
    0x2F, 0xEC, 0xFD, 0x42, 0x36, 0xF7, 0x0A, 0xA9, 0x55, 0x48, 0x89, 0x78, 0x00, 0x2A, 0xA6, 0x1F,
    0xD1, 0xD0, 0x0C, 0x58, 0x6F, 0xD7, 0xCF, 0x3E, 0x3E, 0x03, 0x26, 0xE4, 0x16, 0x7C, 0x5E, 0x1E,
    0x28, 0xA4, 0x1D, 0x2E, 0x03, 0x85, 0xF9, 0x40, 0x01, 0x6A, 0x37, 0x54, 0xA0, 0x6E, 0xBC, 0x3D,
    0x01, 0x31, 0x19, 0x94, 0xCE, 0xCD, 0x68, 0xEA, 0x68, 0xC7, 0x04, 0x86, 0x55, 0xAD, 0x7C, 0x41,
    0x38, 0x4D, 0x3D, 0x40, 0x90, 0x30, 0x7D, 0xBC, 0xB3, 0x00, 0x1A, 0xE2, 0x23, 0xB7, 0x03, 0x70,
    0xEE, 0x5A, 0x92, 0x1B, 0x94, 0x40, 0xA5, 0xBE, 0x45, 0x78, 0x4C, 0x3A, 0xD7, 0x40, 0x42, 0xC8,
    0x5B, 0xAA, 0x57, 0x1B, 0xE7, 0xB6, 0x48, 0x9D, 0xEB, 0x81, 0xF4, 0x85, 0x18, 0xAA, 0x91, 0x7B,
    0xA8, 0x5E, 0xE0, 0x41, 0x8D, 0xC4, 0x6D, 0x25, 0xFD, 0xCB, 0x86, 0x52, 0x94, 0xB6, 0xB4, 0x57,
    0x94, 0x3D, 0xB7, 0x33, 0x70, 0x89, 0xFC, 0x6B, 0x23, 0x70, 0x8D, 0x22, 0x19, 0x68, 0x56, 0x59,
    0x07, 0x54, 0xD1, 0x5C, 0xD4, 0x80, 0x71, 0xA3, 0x61, 0x73, 0x5D, 0x7D, 0x05, 0x00, 0x4F, 0x42,
    0x3B, 0x11, 0x8F, 0xD1, 0x13, 0xF5, 0x4E, 0xE9, 0x2C, 0x90, 0x77, 0x6C, 0x2A, 0x8A, 0x3F, 0x9D,
    0xD2, 0x01, 0x30, 0x49, 0xCF, 0x76, 0x5E, 0x65, 0x6D, 0xE4, 0xCD, 0x9C, 0xD7, 0xF1, 0xE0, 0xD3,
    0xE7, 0x75, 0xD2, 0xFB, 0xF4, 0x79, 0x2B, 0x37, 0xC8, 0xEE, 0x9A, 0x1A, 0x45, 0x4D, 0x56, 0xF8,
    0x5D, 0xA0, 0xE9, 0xC9, 0xD6, 0x3D, 0x27, 0x5D, 0xD7, 0x53, 0x8E, 0xF3, 0x4E, 0xDD, 0xC6, 0xDB,
    0x1D, 0xA4, 0xB7, 0x50, 0xD7, 0x59, 0x4F, 0x4C, 0xF5, 0x34, 0x99, 0x88, 0xA5, 0x58, 0xDD, 0x36,
    0x62, 0x66, 0x6C, 0xD6, 0x66, 0x5D, 0xD1, 0xE6, 0x6D, 0x5E, 0xE7, 0x7D, 0x5E, 0x97, 0x36, 0x1D,
    0x0A, 0x18, 0xC4, 0xF3, 0xCA, 0x23, 0xB6, 0x97, 0xC4, 0x6A, 0x84, 0xA9, 0x61, 0x7A, 0x94, 0x1D,
    0xAA, 0x0E, 0xF9, 0xEE, 0xDC, 0x0D, 0x48, 0x9C, 0xFB, 0xC9, 0x08, 0x54, 0x77, 0xF1, 0x8C, 0xD2,
    0xE7, 0x33, 0x30, 0x58, 0x61, 0xA3, 0x0E, 0xC7, 0xAF, 0x00, 0xBC, 0x88, 0xA7, 0x40, 0xA9, 0xB4,
    0x94, 0x4A, 0xCE, 0xC3, 0x7F, 0x4A, 0x2B, 0xE8, 0x56, 0x34, 0x05, 0xEA, 0x69, 0xCF, 0x47, 0xA2,
    0xAE, 0xC7, 0x25, 0x4F, 0xAB, 0x64, 0x6F, 0x3E, 0xAD, 0x9E, 0x2B, 0x6D, 0xDE, 0x2A, 0xAF, 0x1A,
    0x19, 0x8F, 0xD0, 0xC8, 0x42, 0xC5, 0x04, 0x2D, 0x90, 0x5A, 0xE8, 0x17, 0xD1, 0xB5, 0xA9, 0xD3,
    0xB8, 0xF8, 0xDF, 0x15, 0x58, 0xC2, 0x21, 0x37, 0x3D, 0x2D, 0x59, 0x4A, 0x88, 0x78, 0x4E, 0xC7,
    0x67, 0xCC, 0x73, 0x64, 0x9A, 0x03, 0xE3, 0x7C, 0x61, 0x5C, 0x2E, 0x0D, 0xBA, 0x55, 0xD9, 0x4A,
    0xA6, 0xC7, 0x6D, 0xB8, 0xBD, 0x0D, 0xDC, 0x8A, 0x36, 0xA4, 0xF8, 0x63, 0x2C, 0xBF, 0x94, 0x55,
    0xD7, 0x48, 0xDF, 0xFF, 0x06, 0xF2, 0x9F, 0x39, 0x9B, 0xB2, 0x83, 0x5D, 0x8F, 0xCC, 0x4D, 0x30,
    0x6E, 0x87, 0xAF, 0x9C, 0xBE, 0x0B, 0x3C, 0x0E, 0x4A, 0xE2, 0x54, 0xC7, 0x25, 0x1E, 0xDE, 0x9C,
    0x55, 0x6E, 0xAC, 0xDC, 0x80, 0x11, 0x18, 0x10, 0xF9, 0xE3, 0x39, 0xB2, 0xB6, 0xE8, 0x4A, 0xF6,
    0xA1, 0xFD, 0x12, 0x7E, 0x1B, 0xC0, 0xC3, 0xF5, 0x92, 0xA8, 0x44, 0x65, 0x1B, 0x66, 0x04, 0x92,
    0x9A, 0xDE, 0x40, 0x35, 0x72, 0x00, 0xF8, 0x0A, 0x81, 0x85, 0xE3, 0x6F, 0x09, 0x03, 0xBD, 0xA1,
    0x63, 0xB2, 0xF6, 0xFF, 0x27, 0xD9, 0x17, 0x01, 0xE0, 0x5D, 0xC2, 0x57, 0x09, 0x7F, 0x43, 0x38,
    0x23, 0x00, 0xBF, 0xF9, 0x1D, 0x8D, 0x7F, 0x20, 0xE7, 0xC8, 0x30, 0x75, 0x3E, 0x60, 0x8B, 0x64,
    0x4C, 0x46, 0x44, 0x33, 0x65, 0x9C, 0xA9, 0xE3, 0x75, 0x51, 0x7B, 0x28, 0xE1, 0xC1, 0x10, 0x56,
    0x94, 0x7A, 0x43, 0x60, 0x7C, 0x9A, 0xE8, 0x4A, 0x63, 0x18, 0xEB, 0xD4, 0x5E, 0x03, 0xFE, 0x8A,
    0xEE, 0xA1, 0x88, 0x5B, 0xD6, 0xD1, 0x8C, 0x7C, 0x2C, 0x06, 0x0E, 0xFD, 0x16, 0xA0, 0xD0, 0x38,
    0xB1, 0x90, 0x6B, 0x37, 0x03, 0x3E, 0x08, 0xC1, 0xB7, 0xA7, 0x87, 0x1C, 0x82, 0x6F, 0xCD, 0xA3,
    0xB0, 0x28, 0x01, 0xA3, 0x63, 0x05, 0xC6, 0xC4, 0x6B, 0x1D, 0x33, 0x30, 0xE1, 0xED, 0x3B, 0xDB,
    0xB8, 0x30, 0x9E, 0x2F, 0x76, 0x40, 0xCA, 0xAB, 0xE2, 0xEE, 0x62, 0x80, 0xA1, 0x9F, 0x6D, 0x98,
    0xE4, 0x9A, 0xC0, 0xC4, 0x6C, 0xAD, 0xA2, 0xD7, 0xB0, 0x04, 0x33, 0xF9, 0x03, 0x1A, 0xFE, 0x6B,
    0x26, 0x93, 0x9E, 0x05, 0x58, 0x51, 0x42, 0xCC, 0x8B, 0x6C, 0x0C, 0x89, 0x1E, 0x58, 0x03, 0xE4,
    0x76, 0xE5, 0x01, 0x57, 0xEB, 0xF5, 0x85, 0x22, 0x2F, 0xFC, 0xB9, 0x03, 0x0A, 0x5E, 0xA2, 0x14,
    0x3E, 0x5C, 0xAF, 0xD9, 0x2E, 0x56, 0xBD, 0x2F, 0x1D, 0x15, 0x21, 0x9E, 0x88, 0x79, 0x8F, 0x65,
    0x5C, 0x20, 0x72, 0xDF, 0x81, 0x34, 0xB7, 0xC2, 0x10, 0x28, 0x86, 0x10, 0xAB, 0x88, 0x91, 0x10,
    0x87, 0x6B, 0xB2, 0xFE, 0x82, 0xC6, 0x88, 0x91, 0x5B, 0x97, 0x35, 0x0B, 0xCA, 0xEF, 0xCE, 0xB7,
    0x60, 0x20, 0x18, 0xF7, 0xF1, 0x78, 0x1F, 0x76, 0x4A, 0x35, 0xAD, 0x65, 0xE9, 0x35, 0x90, 0x11,
    0xCA, 0xBF, 0x64, 0xDB, 0x4A, 0x20, 0x9A, 0x3D, 0xA4, 0x83, 0x21, 0xC5, 0x15, 0x19, 0x6E, 0xFC,
    0x2D, 0x6C, 0x48, 0xFB, 0x9A, 0xB9, 0x67, 0x98, 0x0F, 0xD7, 0xDB, 0x33, 0xCE, 0x32, 0x7D, 0x43,
    0x58, 0x34, 0x4B, 0x04, 0xFD, 0x02, 0xD1, 0xF9, 0x4B, 0x55, 0x6D, 0x09, 0x20, 0x38, 0xA4, 0x94,
    0x24, 0xFB, 0x78, 0xFD, 0x84, 0x14, 0x35, 0x69, 0xD1, 0x03, 0x96, 0x71, 0x4E, 0xE6, 0x7B, 0x70,
    0x13, 0x50, 0x31, 0xEF, 0xEF, 0xAC, 0x1B, 0x79, 0xE8, 0x52, 0xFE, 0x52, 0x53, 0x44, 0xB8, 0x57,
    0x67, 0x47, 0xE9, 0x5B, 0xB5, 0x99, 0x4D, 0x66, 0x3D, 0x9C, 0x06, 0xD5, 0xE0, 0x62, 0x07, 0x44,
    0x94, 0x30, 0x57, 0xBF, 0xD7, 0xF1, 0xC8, 0x31, 0x3E, 0x46, 0x93, 0x07, 0xE6, 0x1E, 0x18, 0x5B,
    0xC8, 0x87, 0x21, 0xDF, 0xF5, 0x30, 0xA5, 0xDB, 0xC2, 0xEC, 0x9E, 0x3A, 0x5B, 0x75, 0x28, 0xEB,
    0x86, 0xCF, 0xB6, 0x9C, 0x7D, 0x66, 0xC2, 0x44, 0xD6, 0x04, 0xEB, 0xA1, 0xA4, 0xF3, 0x5C, 0xA1,
    0x02, 0x23, 0xEC, 0x4B, 0x5F, 0x7A, 0xE6, 0x28, 0x64, 0x13, 0xA6, 0x4B, 0x37, 0x09, 0xA2, 0xF5,
    0xFA, 0x83, 0x51, 0x9A, 0xEC, 0xAB, 0x51, 0x63, 0x35, 0x01, 0xCD, 0xFB, 0x0E, 0x4D, 0x0F, 0x0F,
    0x71, 0xF4, 0x70, 0xF8, 0x9C, 0x0F, 0x81, 0x6A, 0x92, 0x9F, 0x5B, 0xCF, 0xA8, 0x6A, 0x51, 0x71,
    0x7E, 0x99, 0x91, 0x0C, 0xD1, 0xE8, 0xD3, 0xFB, 0x1C, 0x89, 0xA0, 0xF3, 0x90, 0xB5, 0xD1, 0x4C,
    0x2E, 0xEE, 0xDB, 0x3B, 0x8A, 0x3D, 0x91, 0xF3, 0x16, 0xF9, 0x18, 0x35, 0xB6, 0xAC, 0x51, 0xD6,
    0xD2, 0xF4, 0x7A, 0x0F, 0xF5, 0x0C, 0x14, 0x76, 0x0B, 0x18, 0x54, 0x88, 0xB6, 0x30, 0x2F, 0x2F,
    0x46, 0xE4, 0x1C, 0xAC, 0x51, 0x73, 0xB7, 0xD4, 0xAB, 0xF6, 0xF3, 0x49, 0x8F, 0x1D, 0xAB, 0x9C,
    0x80, 0x49, 0x93, 0x70, 0xDA, 0x79, 0xC8, 0x5A, 0x0F, 0xF9, 0x1E, 0x66, 0x0F, 0xD1, 0x94, 0x75,
    0x48, 0xC7, 0x74, 0x40, 0x31, 0x24, 0x5E, 0xF1, 0x01, 0x7E, 0xCA, 0xEA, 0x51, 0xEE, 0xD2, 0x30,
    0xDF, 0xBF, 0x45, 0x9D, 0x4F, 0x01, 0x13, 0x46, 0xB5, 0x41, 0x3C, 0x52, 0xE7, 0x8E, 0xF5, 0x5A,
    0x44, 0xEE, 0x05, 0x50, 0xA0, 0xAA, 0x2B, 0xA6, 0x39, 0xFA, 0xBD, 0x87, 0x06, 0x0E, 0x97, 0x48,
    0xDB, 0xBC, 0x2F, 0xBA, 0xBC, 0x3E, 0x7E, 0x1A, 0xA1, 0x68, 0x4D, 0x5B, 0xB6, 0xB9, 0x2D, 0xF0,
    0x18, 0x6F, 0xE9, 0x96, 0x5D, 0x3C, 0x31, 0xDA, 0xF1, 0xA2, 0x5F, 0x2E, 0xCA, 0x0E, 0x88, 0xB7,
    0xCB, 0x05, 0x0C, 0x96, 0x67, 0xE1, 0x1E, 0x0C, 0x59, 0xA6, 0x1A, 0xBA, 0x8D, 0x02, 0xED, 0x6B,
    0xD7, 0x54, 0x84, 0x7F, 0x62, 0xDC, 0x64, 0xDC, 0x18, 0xA2, 0xBD, 0x61, 0xB4, 0x1F, 0x61, 0x5F,
    0x8F, 0x60, 0xF7, 0x4B, 0x0A, 0x2B, 0xEB, 0xF0, 0xE4, 0x98, 0xC3, 0x03, 0x5E, 0x18, 0x92, 0xF9,
    0x93, 0x43, 0x7B, 0x2E, 0x5C, 0xCD, 0x21, 0xEE, 0x3D, 0x7F, 0x36, 0x16, 0xB7, 0x2B, 0x60, 0xB5,
    0x09, 0xE7, 0xE6, 0xCB, 0x61, 0x5A, 0x9F, 0xC2, 0x32, 0xA3, 0xA9, 0x91, 0x6C, 0x43, 0xAD, 0x55,
    0xF0, 0xA1, 0x68, 0x94, 0x1B, 0x85, 0x01, 0xBB, 0x44, 0xFB, 0xB8, 0x0E, 0xA1, 0xA8, 0x58, 0x26,
    0xC8, 0x08, 0xFA, 0x3D, 0x72, 0xFF, 0xAA, 0xA7, 0x2E, 0x84, 0xA3, 0xE2, 0x93, 0xF5, 0x47, 0x64,
    0xBB, 0xB3, 0x92, 0x4A, 0x21, 0xCD, 0x58, 0x0D, 0x69, 0xE6, 0x5A, 0x21, 0x7A, 0x42, 0xDF, 0x9C,
    0x61, 0x9C, 0xF5, 0xAE, 0xC0, 0xAE, 0xF5, 0x4E, 0x97, 0x74, 0xD1, 0x98, 0x7A, 0x5F, 0xCC, 0xDA,
    0xB8, 0x4F, 0x06, 0x8C, 0xB9, 0x05, 0x68, 0x0B, 0xA0, 0xFC, 0xD4, 0xDB, 0x92, 0xE5, 0xF7, 0xD1,
    0xB0, 0xF2, 0x0C, 0x52, 0x9F, 0xFE, 0x14, 0x25, 0xD2, 0x36, 0xE9, 0x4F, 0xB1, 0x42, 0xD6, 0x26,
    0xDD, 0x29, 0x4E, 0xC1, 0x45, 0x17, 0xD7, 0x31, 0x55, 0xCB, 0x90, 0x6B, 0xFE, 0xFA, 0xD3, 0xFE,
    0x0A, 0x06, 0x85, 0xFB, 0xBA, 0x9B, 0xB9, 0x82, 0x3D, 0x83, 0xEB, 0xC5, 0x1B, 0x0F, 0xF7, 0xCB,
    0xAD, 0x85, 0x1E, 0x48, 0x17, 0xC0, 0x1F, 0x91, 0xEA, 0x0B, 0x9C, 0x0F, 0x90, 0xC7, 0xBA, 0x3A,
    0x88, 0xF8, 0x82, 0x46, 0x53, 0x8F, 0xCC, 0x4E, 0xE6, 0xDC, 0xC9, 0xE4, 0xC1, 0x14, 0x1F, 0x59,
    0x1A, 0x53, 0xC8, 0xDC, 0x04, 0xC7, 0x9A, 0x54, 0x59, 0x32, 0xC8, 0xA4, 0xFD, 0x12, 0x4E, 0x34,
    0x2E, 0x4B, 0xAB, 0xF8, 0x54, 0x41, 0x66, 0x0E, 0x4B, 0x97, 0xED, 0xFA, 0xE9, 0x14, 0xE2, 0xE1,
    0x14, 0xEA, 0x9F, 0xC3, 0x5C, 0xE0, 0x8D, 0x61, 0xA9, 0x3A, 0x70, 0xA5, 0x1B, 0x30, 0x78, 0xE7,
    0xCE, 0xE2, 0xA4, 0x7A, 0xD2, 0xB8, 0x16, 0xB9, 0x9B, 0x3C, 0x5B, 0x1A, 0x54, 0xE2, 0xDD, 0x68,
    0x9D, 0xFF, 0xC1, 0xAB, 0xF5, 0xF9, 0xAC, 0x2A, 0x6E, 0xD4, 0x91, 0xAB, 0x05, 0x39, 0xEA, 0x4E,
    0xB5, 0x6C, 0xBE, 0x94, 0x20, 0x13, 0x31, 0x1D, 0x90, 0x7F, 0xCC, 0xA0, 0x5A, 0x38, 0x05, 0x09,
    0x8F, 0x9A, 0x33, 0x1E, 0x8D, 0xC4, 0x68, 0xC2, 0x4A, 0x4C, 0x37, 0x08, 0x73, 0xA3, 0x50, 0x7E,
    0x32, 0xAB, 0xA7, 0x26, 0x72, 0x7D, 0xFB, 0x6E, 0xED, 0xC3, 0x63, 0x23, 0xEA, 0x6E, 0x11, 0xF0,
    0x81, 0xF4, 0x6B, 0x58, 0x66, 0xBA, 0xFB, 0xB0, 0xE9, 0x50, 0xF6, 0xAC, 0xAB, 0x62, 0xAE, 0x68,
    0xA6, 0x97, 0x85, 0x75, 0x99, 0x56, 0x72, 0x9D, 0xB4, 0x42, 0x90, 0xB1, 0x24, 0xC0, 0x08, 0x57,
    0xF7, 0xF0, 0xEA, 0x1E, 0x9A, 0x03, 0x6A, 0x64, 0x7C, 0x51, 0x1E, 0x6A, 0x90, 0x4D, 0x8C, 0x45,
    0x89, 0xFB, 0xF0, 0x62, 0x54, 0xE5, 0x2D, 0xB4, 0x38, 0xD3, 0xB5, 0x7B, 0x1E, 0xCC, 0x16, 0x52,
    0xC8, 0x59, 0x49, 0x54, 0x75, 0x52, 0x27, 0x1F, 0x24, 0x4F, 0x32, 0xCA, 0xC4, 0x93, 0x64, 0xC2,
    0x8C, 0x7C, 0x31, 0xF5, 0x7D, 0x23, 0x9E, 0x13, 0x4A, 0x48, 0x20, 0xA3, 0x31, 0x4C, 0xC3, 0x02,
    0x57, 0x21, 0x06, 0x6F, 0x82, 0xDB, 0x5F, 0x8B, 0x9F, 0x4C, 0x15, 0x56, 0x9A, 0x33, 0xA4, 0xD9,
    0x00, 0x2F, 0xDA, 0x1F, 0xB8, 0x76, 0xCF, 0x68, 0x2F, 0x5B, 0xC5, 0x8B, 0xC0, 0xD3, 0x91, 0x27,
    0x57, 0x0F, 0xE2, 0xF9, 0x1E, 0xC4, 0xF3, 0x34, 0x98, 0xC7, 0x10, 0x4F, 0x45, 0x45, 0x99, 0xFC,
    0xBE, 0x61, 0x8F, 0xAE, 0xB1, 0x5F, 0x6B, 0xA0, 0x5C, 0x0C, 0xF6, 0xA2, 0x1D, 0x34, 0x15, 0x4F,
    0x3A, 0x99, 0x90, 0x3C, 0x1F, 0x58, 0xF1, 0xCC, 0x6A, 0xF1, 0xCC, 0x2D, 0x1E, 0xDE, 0xAD, 0xD7,
    0xCF, 0x5E, 0x33, 0x72, 0xC1, 0xA0, 0xF9, 0xE5, 0x3C, 0xD3, 0xFF, 0x23, 0x4F, 0xF3, 0xBF, 0xE0,
    0x19, 0xCC, 0x1C, 0xCC, 0x44, 0xE0, 0xD2, 0x0E, 0x22, 0xA6, 0xFA, 0x9C, 0x0C, 0xC3, 0x14, 0xFD,
    0x30, 0x92, 0x6F, 0x67, 0x3B, 0xFA, 0xB9, 0xE9, 0x18, 0xFB, 0x76, 0xA4, 0x19, 0x4F, 0xC4, 0x74,
    0xD8, 0x7B, 0x60, 0xDA, 0x16, 0xF5, 0x67, 0x3D, 0x90, 0xE1, 0x7A, 0xA3, 0x82, 0xAF, 0x03, 0xAA,
    0x35, 0x37, 0xD0, 0x8A, 0x95, 0x58, 0x57, 0xC2, 0xF0, 0x86, 0x53, 0x76, 0xF4, 0xD1, 0x7C, 0x44,
    0x3C, 0xD3, 0x0F, 0x9B, 0x21, 0x0C, 0x82, 0x85, 0x08, 0x2A, 0x8E, 0x2E, 0x37, 0xB0, 0x1C, 0x5A,
    0xAF, 0x9C, 0xF5, 0xCC, 0xCF, 0x24, 0x5D, 0x34, 0x06, 0xED, 0xE2, 0xE1, 0x60, 0xE5, 0x94, 0x83,
    0xE4, 0xD3, 0x3D, 0xD1, 0xEC, 0x16, 0xDB, 0x06, 0x05, 0x9F, 0xB5, 0x92, 0x50, 0xDE, 0x5E, 0x2E,
    0x8E, 0x54, 0x42, 0x9D, 0xA7, 0x46, 0x14, 0x8B, 0x8C, 0xE5, 0xA2, 0xA3, 0x59, 0xEC, 0x6A, 0x51,
    0xF2, 0x74, 0x91, 0x52, 0x63, 0x5C, 0xF7, 0x44, 0xE9, 0xE1, 0xF6, 0x0C, 0x4D, 0xA0, 0x4B, 0x39,
    0x45, 0x9D, 0x37, 0xC4, 0x9D, 0xBC, 0x13, 0xF1, 0xA4, 0x78, 0xE2, 0x24, 0x8E, 0x39, 0xCF, 0x3A,
    0x9C, 0x05, 0x05, 0x41, 0x38, 0x4D, 0xA8, 0x4F, 0x75, 0x5C, 0x86, 0x3A, 0x54, 0xE7, 0xA4, 0xBA,
    0x58, 0xAC, 0xEA, 0x50, 0x18, 0x24, 0xEC, 0xE0, 0xD7, 0x49, 0x37, 0x50, 0x6A, 0x26, 0x3F, 0xDA,
    0x84, 0xC0, 0x08, 0xA9, 0x25, 0x89, 0x04, 0x22, 0x22, 0x20, 0x15, 0x42, 0xBB, 0x22, 0xA1, 0x53,
    0x32, 0xB9, 0x24, 0x15, 0x0F, 0x25, 0x36, 0x24, 0x60, 0x10, 0xCD, 0x30, 0x5C, 0x9E, 0xE5, 0x94,
    0x2A, 0x6A, 0xA6, 0xD0, 0x2F, 0x55, 0xE8, 0x16, 0x7F, 0xC5, 0xD6, 0x3D, 0x0A, 0x9D, 0x52, 0x74,
    0x2A, 0xB5, 0xB2, 0x34, 0xF1, 0xAC, 0xE2, 0xB3, 0x41, 0x1E, 0x60, 0xC2, 0xD4, 0xB6, 0x03, 0xCD,
    0x37, 0x47, 0x99, 0x8F, 0x68, 0xD8, 0x19, 0x34, 0xE5, 0x56, 0x6B, 0x55, 0xD3, 0xE7, 0x32, 0xB5,
    0x88, 0x29, 0x18, 0x93, 0x86, 0xCC, 0xB5, 0x44, 0xDC, 0x9B, 0x39, 0x34, 0x65, 0xF2, 0xE6, 0x31,
    0xFD, 0x39, 0xBA, 0x9B, 0x25, 0xF6, 0xBE, 0x03, 0x6A, 0xF1, 0xDC, 0x3B, 0xB9, 0xFA, 0x00, 0xCA,
    0x29, 0x8E, 0x01, 0xC5, 0xF0, 0x30, 0xE0, 0xF2, 0x80, 0x75, 0xC0, 0xE3, 0x20, 0xFB, 0xA6, 0x50,
    0xBB, 0x11, 0x5E, 0xEF, 0x31, 0xAE, 0x15, 0xE7, 0x5B, 0x4C, 0x94, 0x94, 0xA1, 0xE0, 0xBC, 0x6D,
    0xE4, 0x62, 0x04, 0x67, 0x51, 0xA9, 0x53, 0xA8, 0xDC, 0x96, 0xF5, 0xD3, 0xA3, 0x1D, 0xAB, 0xA2,
    0x7A, 0x8E, 0xFE, 0x47, 0x9F, 0xA6, 0x63, 0x36, 0x74, 0x96, 0x9F, 0x75, 0x88, 0x3F, 0xA5, 0x57,
    0xFF, 0xE3, 0x80, 0xEC, 0x27, 0x74, 0xEB, 0x1F, 0x8C, 0x28, 0x7E, 0x40, 0xBF, 0xFE, 0xDE, 0x8C,
    0x4A, 0x8E, 0x5D, 0x6F, 0x31, 0xCB, 0x93, 0xEA, 0x2A, 0x19, 0x78, 0x51, 0x58, 0xF3, 0x7E, 0xCB,
    0x76, 0x94, 0xC8, 0x9D, 0xCD, 0x6B, 0xC5, 0xF9, 0xAD, 0xDA, 0xA1, 0xB7, 0xB6, 0x52, 0xE4, 0xA3,
    0xE7, 0x7B, 0xFF, 0xDE, 0x6F, 0x55, 0xDC, 0xF3, 0x70, 0xDD, 0x9E, 0x71, 0xF0, 0xF1, 0xC5, 0xC9,
    0x2D, 0x16, 0x2F, 0xEF, 0xF0, 0xDA, 0xCD, 0x41, 0x3F, 0x50, 0xBB, 0x8C, 0x9A, 0x25, 0xAB, 0x56,
    0xBD, 0xBD, 0x34, 0x2A, 0x5A, 0xDA, 0x14, 0x2F, 0x4D, 0x4A, 0x42, 0x8B, 0x68, 0xD5, 0xA0, 0x30,
    0x4E, 0x67, 0x84, 0xE6, 0xDC, 0x20, 0xB4, 0xC6, 0x20, 0x34, 0xA6, 0xB4, 0x4B, 0x5B, 0xDA, 0xA5,
    0x29, 0xDD, 0xD2, 0x92, 0x81, 0x76, 0x85, 0x78, 0x5A, 0xDA, 0x31, 0x2F, 0xCD, 0xB8, 0x5D, 0x5A,
    0x61, 0xAE, 0x42, 0x23, 0xCA, 0x2D, 0x42, 0x6C, 0x9E, 0x43, 0x13, 0xB2, 0x39, 0x38, 0x44, 0x32,
    0x43, 0x0D, 0x88, 0xA7, 0x10, 0xF7, 0x34, 0x48, 0x14, 0x0D, 0x14, 0xF9, 0x06, 0x28, 0xF4, 0x4D,
    0xC0, 0x0E, 0x9A, 0x24, 0xF9, 0xBC, 0x09, 0x2B, 0x22, 0xB3, 0x7F, 0x11, 0x29, 0x83, 0x87, 0xAC,
    0x82, 0xD9, 0x04, 0x23, 0x05, 0x4B, 0xCC, 0xF7, 0x8C, 0xD9, 0xAB, 0x29, 0x33, 0xCB, 0x44, 0x13,
    0x6E, 0x82, 0x3F, 0x2A, 0x1E, 0x72, 0x63, 0x00, 0x7A, 0xE9, 0x1C, 0xB4, 0x5E, 0x4D, 0x7D, 0x30,
    0x1C, 0xF7, 0x8C, 0xF6, 0xE1, 0x10, 0xD5, 0x61, 0x5E, 0x9E, 0x97, 0x79, 0x59, 0x45, 0x30, 0x23,
    0x75, 0x2C, 0x6A, 0x99, 0xBC, 0x5E, 0xD4, 0x5C, 0x44, 0x44, 0xD0, 0x50, 0xE6, 0x4A, 0xF7, 0xA3,
    0x19, 0x28, 0x3E, 0x5C, 0x73, 0x00, 0x96, 0xA1, 0x0A, 0xA3, 0x05, 0xD5, 0x9B, 0xE7, 0x91, 0xEB,
    0xCF, 0x3D, 0x8F, 0x3C, 0x70, 0x77, 0x34, 0xCB, 0x9A, 0x62, 0xA7, 0xC0, 0x5E, 0x76, 0x48, 0x29,
    0x3A, 0xA8, 0xA9, 0x64, 0x37, 0x61, 0xE3, 0x4E, 0x7D, 0x4C, 0xF2, 0x9E, 0x3E, 0xD9, 0x95, 0x90,
    0x59, 0x05, 0x73, 0x1A, 0xCC, 0xE5, 0x91, 0xBA, 0xDE, 0x7C, 0x01, 0x2B, 0x9A, 0xF7, 0xB0, 0xC1,
    0x8D, 0x24, 0x66, 0xD3, 0x8A, 0xEF, 0x8F, 0x30, 0x16, 0xD9, 0x0F, 0x7B, 0x94, 0xAD, 0xDC, 0x2E,
    0x1F, 0x91, 0xEC, 0xC0, 0xC9, 0xE5, 0xA3, 0x29, 0x30, 0xA2, 0xC9, 0xDC, 0x8B, 0xA5, 0x35, 0xA7,
    0x71, 0x4D, 0x63, 0x12, 0x31, 0x2F, 0x7E, 0xD4, 0x42, 0x8F, 0x2D, 0x4D, 0xBC, 0x7D, 0x83, 0xE4,
    0x4F, 0x17, 0xC9, 0xCD, 0x41, 0xF2, 0xEE, 0xCD, 0x92, 0xC3, 0xE8, 0x06, 0x6E, 0x65, 0x1E, 0x4D,
    0x61, 0xDE, 0xE9, 0x25, 0xF9, 0x8E, 0x75, 0xAE, 0xAB, 0x5A, 0x5A, 0xE7, 0xED, 0xC1, 0x6C, 0x54,
    0x0E, 0x63, 0x5C, 0xFF, 0xA6, 0x50, 0x37, 0x95, 0x92, 0x7C, 0x7B, 0x23, 0xC9, 0x9B, 0x49, 0x92,
    0x97, 0xCC, 0x71, 0x41, 0x9A, 0xA9, 0x58, 0x96, 0x77, 0xF4, 0x8B, 0x4A, 0x04, 0xD8, 0xD1, 0x1A,
    0x83, 0x85, 0xCA, 0x38, 0x21, 0x1E, 0x36, 0x42, 0x76, 0x44, 0x34, 0x72, 0xAE, 0x42, 0xCA, 0x44,
    0x8D, 0x6B, 0x65, 0x94, 0x2C, 0x9D, 0x88, 0x98, 0x17, 0xFC, 0x0D, 0xA2, 0x9C, 0x63, 0xC4, 0xA9,
    0x64, 0x30, 0xF2, 0xDD, 0xF2, 0xDF, 0x9E, 0x6A, 0x65, 0xED, 0xB6, 0x2A, 0xE0, 0xF9, 0x32, 0xB3,
    0xCE, 0x01, 0x57, 0xEB, 0xF3, 0x97, 0xEB, 0xEB, 0xC7, 0x54, 0xE6, 0xBB, 0x5A, 0x4B, 0x8F, 0x7F,
    0x48, 0xFC, 0xAB, 0xCF, 0x13, 0x63, 0x2F, 0xEF, 0x79, 0xE0, 0x7C, 0xF0, 0xBF, 0xE8, 0x78, 0x0F,
    0x07, 0xE2, 0xB4, 0x0F, 0xF6, 0x91, 0x1C, 0x3B, 0x26, 0x6A, 0xCA, 0xCC, 0xDD, 0x4C, 0xD1, 0x0A,
    0x37, 0xF3, 0xF1, 0xC9, 0xED, 0x13, 0xA5, 0x3D, 0x28, 0xDD, 0xA9, 0x6C, 0xC9, 0xCF, 0x15, 0xAD,
    0xCA, 0xCD, 0x17, 0x53, 0xAB, 0x7C, 0x1A, 0x4E, 0x73, 0x9A, 0xDF, 0xC4, 0x35, 0xED, 0x68, 0x98,
    0x9A, 0x9C, 0xF3, 0xC5, 0xD4, 0x32, 0xA5, 0xA5, 0x93, 0xF0, 0xB2, 0xAC, 0x41, 0x27, 0x2D, 0x42,
    0xB8, 0xC9, 0x27, 0x14, 0x0C, 0x82, 0xCB, 0xD8, 0x96, 0x6A, 0xC0, 0x23, 0xCA, 0x06, 0xAA, 0x9F,
    0x91, 0xA7, 0xDE, 0x57, 0x02, 0xCF, 0xB3, 0x7B, 0x3E, 0x10, 0x8D, 0x3C, 0xD4, 0xCA, 0x65, 0xF3,
    0x79, 0x66, 0x7D, 0xF7, 0xDF, 0x7F, 0x36, 0xF7, 0xDF, 0x7F, 0xE2, 0x51, 0x26, 0xED, 0xEF, 0x8D,
    0x33, 0x4B, 0xFE, 0x8A, 0xB1, 0xA2, 0x7C, 0x43, 0x93, 0x7D, 0x6F, 0x92, 0xF9, 0xFB, 0xD0, 0xED,
    0x3F, 0xA5, 0x08, 0x1A, 0x3F, 0x32, 0x44, 0xC4, 0x3B, 0xA2, 0x42, 0xC7, 0xC2, 0xB3, 0xE7, 0xA7,
    0x04, 0x51, 0xED, 0x91, 0xBA, 0xF9, 0xDC, 0xB3, 0x2D, 0x7B, 0x44, 0xD5, 0xB7, 0x34, 0x3E, 0x78,
    0x8A, 0x28, 0x5D, 0xE9, 0x5A, 0xEC, 0x3F, 0x21, 0x6D, 0x72, 0x8A, 0x7F, 0x3E, 0xF0, 0x46, 0x34,
    0x22, 0xF9, 0xF1, 0x28, 0x76, 0x93, 0xA7, 0x10, 0xE4, 0x9E, 0xB5, 0x47, 0x44, 0x8E, 0x33, 0x4A,
    0x4C, 0xCB, 0xFC, 0xB4, 0x42, 0x08, 0x98, 0x1B, 0x5C, 0x2F, 0x11, 0xF4, 0x0A, 0x13, 0x66, 0x75,
    0xFA, 0xCA, 0xE3, 0xB5, 0x7A, 0xD1, 0x78, 0xD4, 0x56, 0x09, 0xCA, 0xAC, 0xC3, 0x26, 0xEC, 0x8E,
    0xBD, 0xDF, 0x62, 0xA3, 0xB6, 0x16, 0x17, 0x16, 0x2B, 0xF9, 0x53, 0xDE, 0x00, 0xAB, 0x59, 0x57,
    0x9C, 0xB2, 0x46, 0x5D, 0xCD, 0x81, 0x74, 0xD8, 0x99, 0x2C, 0x59, 0x88, 0xE2, 0x53, 0x19, 0x02,
    0x84, 0x1B, 0x53, 0xB7, 0xF3, 0x66, 0xC8, 0xBC, 0x79, 0xB8, 0x3B, 0x3B, 0x69, 0x9E, 0x48, 0xE7,
    0x2D, 0xD4, 0xCE, 0xB0, 0x99, 0x19, 0x5E, 0x5F, 0xBB, 0xB2, 0x56, 0xDE, 0x5B, 0xA9, 0xF7, 0x2A,
    0x78, 0xAA, 0x53, 0xD1, 0x08, 0x92, 0xA2, 0x12, 0xC2, 0xD9, 0x7B, 0x3A, 0xE7, 0xFF, 0x24, 0xD5,
    0xCD, 0xD7, 0x95, 0xF2, 0x46, 0x21, 0xD2, 0xC3, 0x0C, 0x50, 0x6A, 0x16, 0x56, 0x04, 0xC7, 0xAA,
    0x48, 0xCA, 0x73, 0xB0, 0xD1, 0xC5, 0xC7, 0x8C, 0x03, 0x89, 0x73, 0x70, 0x32, 0xF4, 0xF3, 0xE0,
    0xE6, 0x1E, 0x3F, 0xB8, 0xB3, 0x9E, 0x24, 0x8B, 0x99, 0x81, 0xFD, 0x2B, 0x2E, 0x19, 0x5E, 0xB1,
    0x20, 0x98, 0xC5, 0x49, 0x59, 0x7E, 0xFE, 0xFD, 0x91, 0xF8, 0x77, 0x5A, 0x11, 0xFE, 0xAC, 0x7D,
    0xDD, 0xE9, 0xF1, 0x2C, 0xEE, 0xD3, 0x1B, 0x47, 0x19, 0xF1, 0x78, 0x19, 0xA5, 0x5D, 0x4B, 0x90,
    0xC7, 0x1E, 0x15, 0x3F, 0xB7, 0xC2, 0x19, 0x37, 0x7E, 0x33, 0x6F, 0xC2, 0x08, 0x64, 0x03, 0xB1,
    0x54, 0x0C, 0x68, 0xF6, 0xF5, 0xE8, 0xF6, 0xF1, 0xCE, 0x6E, 0xF0, 0xB5, 0xF4, 0x73, 0xDC, 0xFE,
    0x55, 0xDD, 0xCE, 0x75, 0xBB, 0x40, 0xB5, 0xDE, 0xEF, 0x27, 0xEF, 0xE0, 0x44, 0x44, 0x8B, 0xAE,
    0x6C, 0xBF, 0xEC, 0xB6, 0xE1, 0x2C, 0x96, 0xC0, 0xF3, 0xDE, 0x12, 0x74, 0x4E, 0x0F, 0xCB, 0x6E,
    0x9D, 0x13, 0x40, 0xBE, 0xD1, 0x10, 0xCE, 0xF8, 0xB0, 0x92, 0xD7, 0x99, 0xB6, 0x38, 0x14, 0x59,
    0x1F, 0x17, 0x59, 0xDE, 0x2B, 0xD2, 0x38, 0xE8, 0xF7, 0x65, 0x7C, 0x15, 0x8F, 0xF5, 0xF7, 0x2E,
    0xBE, 0xE2, 0xFF, 0xBE, 0xE4, 0xFF, 0xF2, 0xE5, 0x2F, 0xB3, 0x99, 0x4D, 0xEB, 0xB4, 0x4E, 0xDA,
    0xF0, 0x17, 0x77, 0x71, 0x17, 0xF5, 0x51, 0x8F, 0x61, 0xF9, 0x3B, 0x43, 0xEE, 0xB4, 0xCA, 0x3E,
    0xAA, 0xFB, 0xA8, 0x49, 0x05, 0xCF, 0xA3, 0xBA, 0x8F, 0x9B, 0x34, 0x1D, 0x37, 0x29, 0xD6, 0x79,
    0x54, 0x24, 0xCF, 0x63, 0x95, 0xA0, 0x22, 0x9B, 0x1D, 0x96, 0xDF, 0xAF, 0x2F, 0x91, 0x99, 0x93,
    0xE1, 0x8F, 0x2C, 0xB2, 0x6F, 0xD4, 0x78, 0x2F, 0x69, 0x71, 0x19, 0x7B, 0xA6, 0xD1, 0xE0, 0x8B,
    0x19, 0xB3, 0x1A, 0x97, 0x5E, 0xD0, 0xC7, 0x8F, 0x81, 0x77, 0x1F, 0xAE, 0xB9, 0x87, 0xE7, 0x86,
    0xCA, 0x9F, 0x4D, 0x65, 0x8C, 0x29, 0x4B, 0x94, 0x77, 0x0C, 0xD0, 0x36, 0xB9, 0xBB, 0x68, 0x53,
    0x3F, 0x6E, 0x62, 0x9B, 0xB2, 0xEE, 0x8E, 0xF3, 0x4F, 0xE6, 0x5C, 0x6B, 0xEA, 0xBC, 0xDE, 0x2C,
    0x91, 0x60, 0x42, 0x85, 0xF9, 0x81, 0x3B, 0x6B, 0x5C, 0x35, 0x14, 0x63, 0xD1, 0x27, 0x0C, 0x7D,
    0x5B, 0xE0, 0x64, 0xFB, 0xD9, 0xF7, 0x23, 0x8C, 0xF7, 0xF6, 0xE5, 0x78, 0xFE, 0xB3, 0xF6, 0xF7,
    0x86, 0x74, 0x77, 0x3E, 0x67, 0x3D, 0xB6, 0x0C, 0xD1, 0x79, 0x1D, 0xCE, 0xC2, 0x62, 0x55, 0x02,
    0xA7, 0xA5, 0xBE, 0xBA, 0x44, 0x93, 0xA9, 0xD3, 0xA1, 0xBA, 0x6B, 0xBA, 0x6B, 0xCF, 0xEB, 0xBB,
    0x25, 0xFD, 0x54, 0xBB, 0x44, 0x63, 0xEC, 0xF3, 0xA6, 0x83, 0x36, 0x5D, 0xA7, 0x12, 0x78, 0x6B,
    0x2F, 0xEA, 0x66, 0x39, 0x57, 0x88, 0xAC, 0xB1, 0x69, 0x5F, 0xBC, 0xBA, 0x20, 0x77, 0x44, 0x61,
    0x42, 0x2D, 0x3B, 0x2C, 0x11, 0xE5, 0xB7, 0x08, 0x64, 0x73, 0xF4, 0xCE, 0x85, 0xA0, 0xF1, 0xFD,
    0xDD, 0x7C, 0x8B, 0xD4, 0x3D, 0xB3, 0x1C, 0x2E, 0x88, 0x77, 0x4F, 0x1D, 0x9D, 0xF9, 0x96, 0xCF,
    0x37, 0x28, 0xE1, 0x61, 0xC5, 0xA6, 0x9E, 0x2E, 0x3B, 0x4C, 0x93, 0x87, 0x68, 0xC2, 0x15, 0x63,
    0x8F, 0xB1, 0xF9, 0x80, 0xF2, 0x65, 0xF3, 0x09, 0x72, 0xF7, 0x0B, 0x87, 0xD8, 0xD5, 0xFB, 0x9E,
    0xCA, 0x76, 0x0A, 0xD6, 0xF1, 0xEE, 0x59, 0x97, 0xF5, 0x49, 0x9F, 0xD7, 0xC9, 0x50, 0x7A, 0x2A,
    0xC6, 0xB9, 0x9E, 0xA7, 0xFF, 0xE0, 0x62, 0xC3, 0x84, 0xA1, 0xD5, 0xB5, 0xF5, 0x65, 0xD8, 0xDC,
    0xCD, 0x88, 0xE9, 0x64, 0x12, 0x19, 0x86, 0x41, 0xEA, 0xF6, 0x82, 0x91, 0x99, 0x2B, 0xC7, 0x31,
    0xB7, 0xFC, 0xE4, 0xFB, 0x99, 0xAF, 0x16, 0xBE, 0xB0, 0x05, 0x9E, 0x7D, 0x6C, 0xEF, 0x37, 0x2A,
    0xB7, 0x6A, 0xD9, 0xE2, 0x90, 0x30, 0x84, 0xD5, 0x6B, 0xD8, 0x1C, 0xBF, 0xB0, 0x12, 0x8A, 0x71,
    0xAF, 0xDB, 0xA3, 0x1A, 0x12, 0xF2, 0xAE, 0x6C, 0xE9, 0x2C, 0x4D, 0x8B, 0xF4, 0xEE, 0xE2, 0xAE,
    0x5E, 0x36, 0x08, 0xCB, 0x7B, 0xFB, 0x75, 0xA7, 0x48, 0x5E, 0xEF, 0xD7, 0x99, 0x10, 0xDE, 0xFE,
    0x25, 0xEC, 0xBC, 0x4C, 0x40, 0xF4, 0x1F, 0xEE, 0xB9, 0x58, 0x1E, 0x62, 0xD6, 0x6E, 0x7D, 0x26,
    0xCE, 0xCE, 0x22, 0xFE, 0xD4, 0xB9, 0x8E, 0x19, 0x8B, 0x01, 0xC5, 0x7E, 0x57, 0x2A, 0x26, 0xF2,
    0xDA, 0x58, 0x4E, 0xDB, 0xE6, 0xEE, 0xA9, 0xB3, 0xC8, 0xB5, 0xBA, 0x8A, 0xC2, 0xA7, 0xA0, 0x5C,
    0x53, 0x2A, 0xA9, 0xBE, 0x43, 0x88, 0x08, 0xC7, 0x92, 0x88, 0x12, 0xD2, 0xEE, 0xB8, 0x9F, 0xBF,
    0xE9, 0x73, 0xE7, 0x5A, 0x87, 0xDC, 0x3D, 0x1B, 0x50, 0xB6, 0xAA, 0x23, 0xF6, 0xA0, 0x9A, 0x99,
    0x71, 0x43, 0xB8, 0x66, 0xC6, 0x99, 0x19, 0x67, 0xD0, 0xEF, 0x3C, 0xF8, 0x85, 0x5F, 0xFE, 0x0F,
    0xC6, 0xD5, 0xF9, 0x64, 0x9C, 0xCD, 0xB5, 0x58, 0xB3, 0x49, 0x97, 0x0D, 0x79, 0x9F, 0x4A, 0xA7,
    0xAA, 0x6E, 0xDA, 0x8F, 0xBA, 0xAC, 0xCD, 0xF9, 0x57, 0x17, 0xB6, 0x44, 0xA9, 0x8F, 0xD6, 0x57,
    0xA8, 0x7A, 0xD3, 0x9F, 0x04, 0xA7, 0xBD, 0x05, 0x76, 0x87, 0xFD, 0xEF, 0x6C, 0xC7, 0xE3, 0xE4,
    0x46, 0x5D, 0x30, 0xEB, 0x98, 0xA0, 0x8F, 0x1D, 0x3C, 0xC2, 0x47, 0xC3, 0xF4, 0xF8, 0xA3, 0x61,
    0x61, 0xA9, 0x92, 0xC1, 0xEF, 0x6D, 0x51, 0xCD, 0x9C, 0xEF, 0x61, 0xC2, 0x7B, 0x3B, 0xFB, 0xEB,
    0xD8, 0xC5, 0xB3, 0x37, 0xBB, 0x38, 0x50, 0x82, 0x90, 0xB9, 0x01, 0x86, 0xB0, 0x4A, 0xB7, 0x67,
    0xD8, 0x30, 0x70, 0x6F, 0xCA, 0x1A, 0xB8, 0xBE, 0x55, 0xD7, 0xD4, 0x84, 0xD6, 0x43, 0xD6, 0x21,
    0x9A, 0x93, 0x5E, 0x9B, 0xA0, 0xFA, 0x02, 0x63, 0xDF, 0x79, 0x15, 0xFD, 0x62, 0x68, 0x1C, 0xF8,
    0x71, 0x92, 0x03, 0x60, 0xCA, 0xB6, 0x0F, 0xB6, 0xCB, 0xD2, 0x60, 0xC2, 0x18, 0x8D, 0x4C, 0x9A,
    0x78, 0x77, 0x4F, 0x83, 0x1C, 0xF5, 0xFF, 0x90, 0xA3, 0x33, 0xDD, 0x09, 0x92, 0xB9, 0x98, 0x1E,
    0xEC, 0x90, 0xEE, 0x9C, 0x2B, 0x5D, 0x7B, 0xD2, 0xBC, 0x6C, 0xEE, 0x2E, 0x7A, 0x54, 0x28, 0x3A,
    0x5F, 0xCD, 0x06, 0x45, 0xAD, 0x5E, 0x28, 0xAC, 0x37, 0x33, 0x4A, 0xB6, 0x68, 0x82, 0x41, 0xDA,
    0xCA, 0x64, 0x6D, 0x34, 0x6A, 0xC9, 0x1E, 0x33, 0x2D, 0x47, 0x15, 0xAE, 0xBD, 0x79, 0xE7, 0x15,
    0x6E, 0x6C, 0x51, 0x93, 0x5A, 0x5B, 0x8C, 0x8E, 0x26, 0x1F, 0x81, 0xD0, 0x55, 0xF3, 0xA3, 0xAD,
    0xAF, 0xAD, 0x61, 0x5D, 0x3E, 0xE8, 0xA1, 0xB2, 0x59, 0x87, 0x2B, 0x96, 0x7B, 0xAD, 0x6E, 0x26,
    0x4C, 0xC8, 0x05, 0xB5, 0xFE, 0xB7, 0x4A, 0x3C, 0xB0, 0xFA, 0x01, 0x25, 0x7C, 0xB9, 0xC6, 0x87,
    0x3F, 0x98, 0xC1, 0x39, 0xFA, 0x29, 0x10, 0x85, 0xE8, 0x84, 0xCA, 0x8D, 0xF0, 0xF1, 0x69, 0xCB,
    0x50, 0xD1, 0x84, 0x05, 0x68, 0x49, 0x81, 0x57, 0x84, 0x53, 0xC2, 0x06, 0x58, 0x11, 0x14, 0x3E,
    0x66, 0x18, 0xEB, 0x53, 0x16, 0xAF, 0x9A, 0x0E, 0x0C, 0x55, 0x4B, 0xAC, 0x32, 0x6D, 0xD3, 0x01,
    0xD5, 0x4F, 0xE9, 0xDF, 0xE7, 0xEE, 0xCF, 0x77, 0x5A, 0xF9, 0x37, 0x5A, 0x77, 0x18, 0x75, 0x61,
    0x09, 0xE4, 0x01, 0x6B, 0x22, 0x23, 0xA7, 0x47, 0x16, 0x8A, 0x92, 0xA5, 0xB2, 0xD8, 0xD1, 0xE3,
    0xCB, 0xAA, 0xF3, 0xC8, 0x61, 0x85, 0x4D, 0xF5, 0xE2, 0xB3, 0x4B, 0xF6, 0xE3, 0x85, 0xFB, 0xDB,
    0xAF, 0xB0, 0x0F, 0x30, 0xA8, 0x84, 0x78, 0x34, 0x17, 0x70, 0x6E, 0x95, 0xEC, 0x2E, 0xB6, 0x79,
    0x1F, 0x6F, 0x4B, 0xAB, 0x37, 0xFB, 0x99, 0xF1, 0xEE, 0x5A, 0x67, 0x34, 0x72, 0x2D, 0x79, 0x83,
    0x64, 0xA8, 0x90, 0x0E, 0xE6, 0x65, 0xD3, 0xE7, 0xFC, 0x38, 0xE2, 0xFE, 0xA2, 0x3D, 0xDE, 0x53,
    0x2B, 0xAC, 0xCE, 0xE8, 0xE2, 0x0C, 0xA9, 0x1B, 0xFD, 0x39, 0x24, 0x73, 0x36, 0x21, 0xDD, 0x55,
    0x0E, 0xBE, 0x03, 0x1A, 0x8E, 0x17, 0xC3, 0xC0, 0xB7, 0x21, 0xC9, 0x5F, 0x5B, 0x38, 0x4E, 0x82,
    0xCF, 0x8C, 0x67, 0xDF, 0x01, 0x56, 0x71, 0x74, 0x71, 0x4C, 0x54, 0x5B, 0x2E, 0x70, 0xDA, 0xEC,
    0xE5, 0x85, 0xF7, 0xAE, 0xB4, 0xCD, 0x6D, 0x64, 0xF3, 0x8E, 0xE3, 0xC9, 0x22, 0x62, 0xC8, 0x79,
    0xE0, 0xB4, 0xB6, 0xFA, 0x32, 0x72, 0x7B, 0x8D, 0x02, 0xCD, 0xBA, 0x81, 0x71, 0xB3, 0xFE, 0x5F,
    0x0B, 0xEB, 0x3A, 0x1E, 0x64, 0x8D, 0xF3, 0xCE, 0xDC, 0x9F, 0xBF, 0x3C, 0x3B, 0x1A, 0x64, 0xCB,
    0x97, 0xF9, 0x95, 0x8E, 0x8D, 0xF9, 0xF6, 0x5C, 0xBA, 0x21, 0x75, 0x75, 0xD3, 0xA7, 0x0E, 0x4D,
    0x97, 0xED, 0x70, 0xDE, 0x9D, 0x68, 0xBB, 0x84, 0xEF, 0x54, 0xF2, 0x3E, 0x86, 0x0A, 0x8B, 0x29,
    0xFC, 0x4F, 0xA4, 0x12, 0x1E, 0x0C, 0x42, 0x64, 0x21, 0xE4, 0x3D, 0x0C, 0x67, 0x88, 0xC2, 0xFD,
    0x97, 0xF3, 0xFC, 0xBE, 0xB6, 0x45, 0xE3, 0x96, 0xC3, 0x39, 0x9C, 0xBF, 0xF2, 0x71, 0x9B, 0x09,
    0x4B, 0x1B, 0x92, 0x73, 0x99, 0xCE, 0x68, 0x37, 0x79, 0x0B, 0xCC, 0x52, 0x61, 0xD6, 0x38, 0xBE,
    0xD1, 0xB2, 0xFA, 0xCA, 0xA8, 0xEF, 0xB6, 0xC4, 0x72, 0x22, 0xCA, 0x2F, 0x41, 0x19, 0x40, 0x57,
    0xAD, 0x0B, 0xD7, 0x7A, 0x5B, 0xD5, 0xA5, 0x6B, 0x7D, 0xE9, 0xAE, 0x7D, 0xE7, 0x8E, 0xDF, 0xB2,
    0x5C, 0xAB, 0x51, 0x9C, 0xB8, 0x36, 0x6F, 0xBD, 0x4D, 0xFF, 0xBD, 0x2B, 0x6A, 0x5F, 0x57, 0xFE,
    0xC3, 0xCE, 0xB0, 0xB6, 0xF2, 0xF7, 0xFB, 0x1B, 0xD6, 0x64, 0xD2, 0x1F, 0xCF, 0xB4, 0x37, 0xC9,
    0x7F, 0xB2, 0xD8, 0xDB, 0x39, 0xF9, 0xB4, 0xA7, 0xEE, 0x63, 0x58, 0x2C, 0x9B, 0x21, 0x76, 0x96,
    0xB6, 0x8B, 0x77, 0x62, 0xD0, 0x6A, 0x51, 0x98, 0xF0, 0x1B, 0x4F, 0xE2, 0x46, 0xB7, 0x8B, 0x2E,
    0xBA, 0xEA, 0x5B, 0x9E, 0xCC, 0x2D, 0x90, 0xFC, 0x5C, 0x9F, 0x94, 0x99, 0x5D, 0x7D, 0xD7, 0x00,
    0x88, 0x98, 0x3B, 0x65, 0x51, 0xC5, 0x0F, 0xE9, 0xF9, 0x9E, 0xD3, 0xDB, 0xDB, 0xF4, 0xCE, 0x8F,
    0xB1, 0xDC, 0xF5, 0x8E, 0x90, 0x38, 0x64, 0x14, 0xDC, 0xFA, 0xEB, 0xE8, 0xA2, 0x3E, 0x61, 0xD8,
    0xE6, 0x28, 0x0D, 0x63, 0x1E, 0x59, 0x97, 0xF6, 0x0C, 0x73, 0xB9, 0xB6, 0x9A, 0x0B, 0xBD, 0x18,
    0x1A, 0x40, 0xAE, 0x49, 0xEF, 0x21, 0x1B, 0xBD, 0xEF, 0x00, 0xAE, 0x17, 0xB6, 0xC4, 0xC6, 0x1E,
    0x56, 0xFF, 0x9B, 0xC3, 0x70, 0x90, 0xBA, 0x97, 0x59, 0xC7, 0xBB, 0x95, 0x7D, 0xAD, 0x6B, 0xC1,
    0x9C, 0xDA, 0xE0, 0xF5, 0xE7, 0x36, 0xFD, 0xF8, 0xE9, 0x9C, 0xD5, 0xE9, 0x90, 0xD7, 0x45, 0x7B,
    0x82, 0xE6, 0xF0, 0x65, 0xD2, 0xD4, 0xC0, 0x16, 0x67, 0xC9, 0x88, 0xA1, 0xE8, 0xA2, 0xA1, 0xFA,
    0xF0, 0x69, 0xDF, 0x38, 0x36, 0x43, 0xFF, 0x73, 0x83, 0x1D, 0x49, 0xC7, 0xB2, 0xC8, 0x35, 0x64,
    0xDF, 0xD3, 0xB1, 0x3A, 0xFC, 0x9F, 0x1B, 0x70, 0x60, 0xD1, 0x51, 0xCA, 0x5A, 0xBB, 0x1A, 0xFA,
    0xC6, 0xC3, 0xA3, 0x43, 0xDA, 0x2A, 0x6B, 0x7D, 0x94, 0x7B, 0x25, 0x2C, 0x2C, 0x1E, 0x84, 0xAD,
    0xF6, 0x37, 0x79, 0x2D, 0x56, 0x3A, 0x34, 0xB6, 0x34, 0xAB, 0x1C, 0x7C, 0x3E, 0x39, 0x4C, 0x2C,
    0x9F, 0xC9, 0x8D, 0x43, 0xEE, 0xCD, 0xBD, 0xDC, 0x48, 0x9F, 0xEB, 0x25, 0xE4, 0x31, 0x19, 0x13,
    0xF7, 0xA4, 0x31, 0x22, 0xD2, 0x28, 0x12, 0xDD, 0x85, 0x3A, 0x76, 0xC0, 0x2D, 0x4B, 0xCF, 0x43,
    0x89, 0xC7, 0xED, 0x55, 0x6E, 0x1E, 0xDF, 0x05, 0x06, 0xA6, 0x5A, 0x2D, 0x5B, 0x56, 0x63, 0x6C,
    0xAF, 0x2E, 0x6E, 0x71, 0x16, 0x3F, 0xC7, 0x7F, 0x03, 0xD5, 0xDA, 0x01, 0xA4, 0x25, 0x69, 0xDE,
    0xDF, 0xF1, 0x4F, 0x55, 0xCD, 0xED, 0xCA, 0x6C, 0x65, 0xBB, 0x06, 0x33, 0x79, 0xC7, 0x3B, 0x33,
    0x7D, 0x5E, 0x2C, 0x59, 0xF4, 0x74, 0x0D, 0x26, 0x0C, 0x4E, 0xDF, 0xAA, 0xCC, 0x92, 0x60, 0x31,
    0x8D, 0xB9, 0xBB, 0x68, 0xD1, 0x2F, 0x10, 0x40, 0x2F, 0x9A, 0x74, 0xA2, 0xEF, 0x3D, 0x95, 0x04,
    0xCB, 0xBB, 0xD8, 0x0E, 0xEF, 0x2E, 0x24, 0x92, 0xC5, 0x4B, 0x22, 0x30, 0x8D, 0xC6, 0xE0, 0xDE,
    0x3E, 0xB5, 0x59, 0x2C, 0x36, 0x6C, 0xBD, 0x19, 0x6B, 0xC3, 0x1B, 0xB6, 0xEC, 0x3B, 0x2D, 0x88,
    0xD8, 0x27, 0xE3, 0xCC, 0xEE, 0xE9, 0xDD, 0x3A, 0xF7, 0xC9, 0x39, 0xE7, 0x1C, 0xAD, 0x5B, 0xC6,
    0x4E, 0x64, 0xDA, 0xE6, 0xED, 0x3A, 0xFE, 0xDF, 0x5F, 0xB9, 0xCE, 0xFD, 0xD7, 0xEF, 0xFF, 0x7F,
    0x9E, 0xAA, 0xE7, 0x9C, 0xFB, 0x5C, 0x1F, 0xA6, 0x63, 0x3A, 0x26, 0x0B, 0xB0, 0x48, 0x16, 0x69,
    0xC8, 0xD6, 0xAF, 0x7C, 0xC8, 0xFB, 0xA2, 0x2F, 0xBB, 0xB2, 0x9B, 0x74, 0x93, 0xB6, 0x6A, 0x6A,
    0xB5, 0x99, 0x07, 0x1E, 0xE0, 0x65, 0x4C, 0x77, 0x51, 0x7C, 0xBB, 0x35, 0xFF, 0xFA, 0x22, 0x3D,
    0xFF, 0xC7, 0x63, 0x1E, 0xC2, 0x58, 0x76, 0x61, 0x59, 0x25, 0xC3, 0x4B, 0x87, 0x69, 0xEF, 0xEA,
    0x3A, 0x8E, 0xB3, 0x6E, 0x1B, 0x87, 0xF9, 0x3F, 0x6F, 0xEA, 0xAF, 0xFF, 0xC3, 0x61, 0xF2, 0x49,
    0xD5, 0x15, 0x21, 0x4A, 0xEE, 0x7D, 0xCC, 0x25, 0xBB, 0x50, 0xAC, 0x50, 0xC7, 0x86, 0x07, 0x37,
    0x3B, 0xC6, 0xB2, 0x95, 0x2C, 0xCA, 0x46, 0x1A, 0x12, 0x6B, 0x20, 0xDB, 0x62, 0x40, 0x8C, 0xC3,
    0x1E, 0x37, 0x7E, 0xD6, 0x50, 0x76, 0x28, 0xDB, 0x3D, 0x4C, 0x1A, 0x54, 0x50, 0xC3, 0xE1, 0x63,
    0x1C, 0xA3, 0x7E, 0x37, 0x2E, 0xCC, 0xBE, 0xB6, 0xC6, 0x3C, 0x8B, 0xC1, 0x97, 0x96, 0xA8, 0x02,
    0xAA, 0x1E, 0x20, 0xE1, 0x85, 0xA2, 0x31, 0xCD, 0x7E, 0xB2, 0x0C, 0x66, 0x0F, 0xDA, 0x24, 0x94,
    0x4D, 0xD6, 0xE5, 0x6D, 0xB6, 0x7E, 0xE5, 0xCD, 0xFA, 0xD5, 0x96, 0xB2, 0xFE, 0xD8, 0x8B, 0xF1,
    0xD7, 0xAE, 0xCE, 0xBE, 0xD3, 0xDC, 0x93, 0x75, 0x30, 0x8F, 0x43, 0x19, 0xC7, 0x79, 0xEC, 0xD7,
    0xFC, 0xE6, 0xA3, 0xE6, 0x60, 0xFE, 0x7E, 0xBA, 0x64, 0x64, 0x94, 0x05, 0xCE, 0x14, 0x3D, 0x27,
    0x26, 0x2D, 0xB5, 0x1A, 0x55, 0x33, 0xA2, 0xFC, 0x4F, 0x0B, 0x14, 0x3F, 0x1E, 0x90, 0xFF, 0xAA,
    0xA3, 0x8E, 0x31, 0x86, 0x2D, 0x07, 0xAF, 0x7C, 0xE3, 0xD1, 0xD1, 0xB5, 0x2D, 0x1B, 0xF3, 0x18,
    0x63, 0x27, 0x6E, 0x29, 0x0B, 0x90, 0x0D, 0x90, 0xF7, 0x48, 0xAE, 0x3F, 0x44, 0x16, 0xE3, 0x63,
    0xA6, 0x61, 0x3B, 0x8A, 0x43, 0xDE, 0xE7, 0x7D, 0xD1, 0x95, 0x5D, 0xD9, 0x02, 0xC0, 0xEE, 0x67,
    0x9B, 0x9F, 0x4E, 0x9A, 0x4A, 0xA5, 0xA6, 0x88, 0x8D, 0x7F, 0x7A, 0x61, 0x30, 0x18, 0xD2, 0xCE,
    0xDD, 0x75, 0x48, 0x07, 0xC4, 0x47, 0x92, 0x18, 0x9B, 0xBC, 0xB9, 0xD9, 0x15, 0xF2, 0xAE, 0x94,
    0x6D, 0xA2, 0x2D, 0xFB, 0xBC, 0x29, 0xE3, 0xB9, 0x3C, 0x8E, 0xB8, 0x82, 0xD2, 0x5B, 0x2E, 0xFA,
    0x96, 0xD7, 0xDD, 0x76, 0xDF, 0x24, 0xF6, 0x80, 0x5B, 0xE1, 0xD6, 0x00, 0xC9, 0xFC, 0x11, 0x4C,
    0xEE, 0xBE, 0xD6, 0x93, 0x0C, 0x7C, 0x48, 0xD1, 0xF0, 0x06, 0x97, 0x51, 0x70, 0xCF, 0x2B, 0x4D,
    0xD6, 0x25, 0x5D, 0xFA, 0xDB, 0x45, 0xD2, 0x65, 0xCD, 0xA4, 0xB9, 0xA3, 0x2F, 0x5C, 0x75, 0x6A,
    0xF8, 0xB2, 0x65, 0xB2, 0xF0, 0x83, 0xD7, 0x93, 0x90, 0xF4, 0x86, 0x77, 0xD2, 0x80, 0xE1, 0xED,
    0x6C, 0x40, 0xBF, 0x95, 0xA4, 0xDB, 0x4A, 0xBA, 0x96, 0xE0, 0xAD, 0xAC, 0x79, 0x3B, 0x0D, 0x7E,
    0x50, 0x98, 0x5A, 0xE5, 0xDD, 0xEB, 0x5E, 0x57, 0xAD, 0xBC, 0xAD, 0x84, 0x5E, 0xD6, 0x92, 0x37,
    0x92, 0xC0, 0x14, 0x87, 0x4D, 0xDE, 0xE3, 0x42, 0x7C, 0x04, 0x40, 0xBA, 0x52, 0xDE, 0xF4, 0xB7,
    0xF3, 0x26, 0xB9, 0x6E, 0xF2, 0x81, 0x5B, 0xA5, 0x7B, 0x17, 0xDD, 0x3F, 0x69, 0xEA, 0xEF, 0xB6,
    0xAF, 0x1C, 0xBD, 0xCF, 0x0B, 0xDE, 0x7A, 0x5D, 0xF8, 0x30, 0xFF, 0x64, 0x31, 0xF9, 0x4E, 0x7F,
    0x5C, 0xA9, 0xDF, 0xEB, 0xCA, 0x9F, 0x0C, 0xF9, 0x8F, 0xFA, 0xB4, 0xED, 0x35, 0xCD, 0xD1, 0xD1,
    0xF5, 0x2E, 0xC6, 0xB8, 0x0D, 0xCA, 0x96, 0xB2, 0xA1, 0xC4, 0xC4, 0x2B, 0x47, 0xD7, 0x66, 0x71,
    0x31, 0x8B, 0x01, 0x7F, 0xFC, 0xE7, 0x50, 0xC4, 0xD8, 0x62, 0xFE, 0xF0, 0x83, 0x05, 0xD9, 0x52,
    0xB2, 0xA2, 0x6C, 0xA9, 0x39, 0xB4, 0x3D, 0x5D, 0xC4, 0x38, 0xE4, 0x5D, 0x3A, 0x5C, 0x36, 0xCD,
    0xFA, 0xBC, 0xBB, 0xEC, 0x8D, 0x74, 0x28, 0x9B, 0x77, 0xBC, 0x91, 0x0C, 0xA5, 0xB7, 0x5D, 0x4E,
    0x86, 0x37, 0xDD, 0xF2, 0x61, 0x32, 0x4C, 0xAD, 0x13, 0xA7, 0xFD, 0xD4, 0x3C, 0x36, 0x59, 0x37,
    0x15, 0xA6, 0x36, 0x32, 0xBC, 0xAE, 0x68, 0xA7, 0xFA, 0x8B, 0x4A, 0x57, 0x93, 0xAE, 0xFC, 0xEA,
    0x15, 0x57, 0x26, 0x63, 0xB1, 0xB8, 0x63, 0xF2, 0xA5, 0xBF, 0x48, 0xFF, 0x55, 0x50, 0x76, 0xE4,
    0xBD, 0x2C, 0x50, 0x35, 0x92, 0x73, 0x17, 0x46, 0xD4, 0x31, 0xF6, 0xC8, 0xE3, 0x0A, 0x1C, 0xC0,
    0x2B, 0xEF, 0xD7, 0xAB, 0x7A, 0x55, 0xB4, 0x5F, 0xED, 0xDF, 0xBA, 0xFB, 0xF7, 0xBA, 0x3F, 0xA6,
    0xE8, 0x14, 0xAD, 0xB2, 0x49, 0x6E, 0xFC, 0x79, 0x1E, 0xC7, 0x22, 0x8E, 0xAE, 0x70, 0x95, 0x29,
    0x77, 0xF8, 0x0A, 0xD6, 0x25, 0x37, 0x75, 0xEC, 0x67, 0xB1, 0x57, 0x2D, 0x92, 0x4F, 0x4F, 0xB2,
    0xAE, 0xCC, 0xDA, 0x82, 0x8B, 0x5C, 0xE6, 0xBE, 0xA2, 0xF7, 0x40, 0x3E, 0xB8, 0xE2, 0xA5, 0xA9,
    0xB7, 0xFF, 0xD9, 0x7F, 0xBC, 0x37, 0x8F, 0x41, 0x8C, 0xAD, 0xA3, 0x1B, 0x0D, 0x53, 0x92, 0x40,
    0xD1, 0x52, 0xDF, 0xA5, 0x1E, 0x71, 0x09, 0x17, 0xF7, 0xF1, 0x86, 0xA9, 0xA9, 0xC9, 0xF7, 0x83,
    0x3C, 0x36, 0x4A, 0x6F, 0xBA, 0x4D, 0x36, 0xE4, 0x51, 0xDE, 0x17, 0xE7, 0xFE, 0x7D, 0x7F, 0x70,
    0xE6, 0x37, 0x9D, 0x3B, 0x49, 0xEC, 0x9C, 0xA6, 0xBF, 0x6A, 0x8D, 0xE9, 0x2F, 0x1A, 0xCB, 0xEC,
    0xA7, 0x4D, 0xB2, 0xC8, 0x7E, 0x21, 0x59, 0xE4, 0x51, 0x1A, 0xD6, 0xC8, 0x42, 0x31, 0x57, 0x0E,
    0xE5, 0xEC, 0xE1, 0xFC, 0xD7, 0xE5, 0x8D, 0xF8, 0x9B, 0x38, 0xB9, 0x10, 0xDF, 0x5D, 0x4D, 0xE0,
    0x0A, 0x5C, 0x7D, 0x8C, 0x29, 0xDC, 0x81, 0x0F, 0x61, 0x09, 0x5E, 0x8B, 0x5B, 0xD7, 0x71, 0xC8,
    0xD6, 0xE8, 0xCA, 0x0D, 0x26, 0x1B, 0x54, 0x1B, 0xD4, 0x6B, 0xB4, 0x1B, 0x34, 0x1B, 0xA8, 0x36,
    0x28, 0x37, 0x48, 0x37, 0xF0, 0xF2, 0xA5, 0x29, 0xDE, 0xDC, 0x60, 0xBA, 0xC5, 0xED, 0x0D, 0xEE,
    0xE3, 0x76, 0xC0, 0xFD, 0x80, 0x10, 0xF0, 0xBF, 0x06, 0x7C, 0xD2, 0x93, 0xFC, 0xB2, 0x27, 0xFD,
    0xA8, 0x23, 0xFD, 0x51, 0x47, 0xF6, 0xE3, 0x56, 0xD9, 0xD6, 0x5D, 0xDD, 0x55, 0xBE, 0xD4, 0x54,
    0xA6, 0xEE, 0xCB, 0x96, 0xC9, 0x87, 0x6E, 0xB9, 0xE7, 0x9E, 0xC1, 0x90, 0xF4, 0x69, 0x97, 0x76,
    0x9B, 0xC7, 0xD8, 0x6B, 0x77, 0xE7, 0x21, 0x99, 0x37, 0xC5, 0xFF, 0xE8, 0xDF, 0x10, 0xDE, 0x71,
    0xEF, 0x6D, 0xF7, 0x6E, 0x6D, 0xEE, 0xA9, 0xEE, 0xF0, 0x46, 0x53, 0x2C, 0xAD, 0xE7, 0xF7, 0x0B,
    0x89, 0x2F, 0x67, 0xCA, 0x7C, 0x33, 0xA7, 0x8B, 0xBF, 0x5E, 0xA4, 0x61, 0x2C, 0x7E, 0x1E, 0xEA,
    0x1B, 0xDD, 0xF4, 0x8A, 0x6F, 0x7D, 0x55, 0xF3, 0x92, 0x6C, 0x09, 0x6E, 0x81, 0x6F, 0x81, 0x7B,
    0x20, 0x80, 0x01, 0x92, 0x7E, 0xCB, 0x0E, 0xD2, 0x2D, 0xB3, 0xCE, 0x35, 0xB2, 0x56, 0x20, 0x6B,
    0xB2, 0xEE, 0x40, 0xDE, 0x14, 0x6D, 0x65, 0x1E, 0x4A, 0x0F, 0x30, 0x4D, 0xFF, 0x27, 0xEE, 0x17,
    0xFF, 0x88, 0xF5, 0x84, 0xBE, 0x4C, 0xD6, 0xDD, 0x9F, 0x52, 0xBC, 0xDB, 0xBF, 0xC3, 0xA5, 0xA2,
    0xB9, 0xCD, 0x74, 0x12, 0x23, 0xE1, 0xE0, 0xE8, 0x53, 0xE9, 0x40, 0x90, 0x75, 0x04, 0x25, 0x06,
    0x2F, 0x32, 0x59, 0x01, 0xCF, 0xC6, 0xE1, 0x0F, 0xAF, 0x6D, 0x1C, 0x7E, 0x10, 0xCD, 0xC3, 0xE4,
    0x7E, 0xDE, 0x32, 0x1D, 0xB2, 0x8E, 0xFB, 0x77, 0xB3, 0x56, 0x32, 0xC8, 0x1B, 0x59, 0xA7, 0xA4,
    0xE4, 0x0E, 0x57, 0xE4, 0x03, 0x53, 0x27, 0x08, 0xE9, 0x40, 0xDA, 0x17, 0x5E, 0x94, 0xB7, 0x17,
    0x7D, 0x59, 0x69, 0x12, 0x47, 0x2F, 0xA8, 0xD6, 0x4C, 0x62, 0x6C, 0x60, 0x02, 0xEE, 0x40, 0x3A,
    0x40, 0xD9, 0x40, 0x7D, 0x6D, 0xCB, 0x25, 0x78, 0x13, 0x5C, 0xDC, 0xF1, 0x1A, 0x5C, 0x0A, 0x7C,
    0x45, 0xDD, 0x5D, 0x70, 0x35, 0xF9, 0x5D, 0x53, 0x29, 0xE2, 0xBF, 0x7D, 0xAA, 0x7B, 0xAF, 0x3F,
    0xDD, 0xBD, 0xF2, 0x6B, 0xDB, 0xEE, 0x95, 0xCD, 0xAD, 0xA7, 0xBB, 0xD7, 0x13, 0xE4, 0x1D, 0xC3,
    0x67, 0x74, 0x8F, 0x64, 0xBF, 0xB4, 0x56, 0x3D, 0x55, 0xC7, 0x01, 0xE0, 0x42, 0xF3, 0xF8, 0x79,
    0xA6, 0xC2, 0x09, 0xE9, 0x48, 0x19, 0x98, 0xB7, 0xB2, 0x15, 0xE5, 0x40, 0xDD, 0x70, 0xCC, 0xAB,
    0xA7, 0x9C, 0x8E, 0xBB, 0x18, 0xCF, 0xA5, 0x8B, 0xD9, 0xC3, 0x9B, 0xA1, 0x8A, 0xB1, 0x4D, 0xE3,
    0x93, 0xC3, 0xE3, 0x1D, 0x60, 0x0A, 0xE2, 0x6A, 0x27, 0xE7, 0xE0, 0x7A, 0x04, 0xE5, 0x4E, 0x26,
    0x1F, 0x34, 0x50, 0x4F, 0xB6, 0x72, 0x56, 0xB6, 0xB0, 0x2C, 0x3B, 0x64, 0x61, 0x2B, 0xF9, 0x50,
    0xF4, 0x28, 0xBB, 0x7C, 0x40, 0xD5, 0x64, 0x01, 0x33, 0x5B, 0x19, 0xA5, 0x0B, 0x92, 0xD5, 0xD1,
    0x37, 0x96, 0x64, 0x31, 0xC6, 0x25, 0xC5, 0x5A, 0x46, 0x26, 0x1D, 0x23, 0x35, 0xCE, 0x38, 0xC3,
    0x09, 0x23, 0x6A, 0x7F, 0xF4, 0xA8, 0x71, 0x30, 0x7B, 0x7F, 0x1E, 0x3B, 0x65, 0x5C, 0xC6, 0xD8,
    0x6E, 0x04, 0x0E, 0x9E, 0x74, 0x2D, 0xFC, 0xBF, 0x99, 0x1F, 0xFF, 0x6F, 0xCD, 0xAF, 0x9E, 0xAD,
    0xF9, 0x97, 0x81, 0x33, 0x90, 0x7E, 0x1B, 0xC4, 0xD8, 0x3C, 0x17, 0xE6, 0xF3, 0xE1, 0x16, 0x94,
    0xCB, 0x01, 0x2E, 0x4F, 0xDA, 0xE7, 0x6A, 0xDA, 0xC0, 0xEE, 0x81, 0x8D, 0xEC, 0xDB, 0x9E, 0x2B,
    0xF3, 0xAF, 0x02, 0xFF, 0x1D, 0x24, 0xFF, 0x72, 0x27, 0x7F, 0x06, 0x7C, 0xF8, 0x5C, 0x95, 0x12,
    0x57, 0xE6, 0x71, 0x7D, 0xEC, 0xCC, 0xEE, 0xCF, 0x77, 0x8E, 0xBF, 0xF9, 0xE9, 0xD1, 0xD1, 0xCD,
    0xBD, 0xED, 0x2C, 0x70, 0x65, 0xEF, 0x3D, 0x1B, 0xB8, 0xBA, 0x2F, 0x20, 0x1B, 0x98, 0xEE, 0xAB,
    0xC8, 0x7B, 0xEC, 0x4B, 0x29, 0x3A, 0xEC, 0xEB, 0x29, 0x3B, 0xEC, 0x8B, 0xDA, 0x9D, 0xEF, 0x2A,
    0x2B, 0x7F, 0x76, 0x74, 0x64, 0x5F, 0xDE, 0x64, 0x7F, 0xD9, 0x5A, 0x16, 0xAA, 0xED, 0xF9, 0xAE,
    0xD0, 0x0A, 0x76, 0xD5, 0x2E, 0x6A, 0xD8, 0x97, 0x7C, 0x08, 0xFB, 0xBA, 0x8F, 0x61, 0x5F, 0xFC,
    0x19, 0xEC, 0x3B, 0x70, 0xCA, 0x41, 0xC3, 0x09, 0x4E, 0x46, 0x8A, 0x76, 0xDF, 0x8B, 0x25, 0x65,
    0xE3, 0xEF, 0x3C, 0x6A, 0x24, 0xF3, 0xD5, 0xD1, 0xD1, 0x0D, 0x76, 0x5D, 0xD9, 0x1C, 0xEC, 0x5A,
    0xB3, 0x3B, 0xE7, 0x42, 0xFC, 0x18, 0xF3, 0x18, 0x1B, 0xF9, 0xF9, 0xF7, 0xE6, 0xBD, 0x6A, 0x90,
    0x07, 0x33, 0xB2, 0x90, 0x8C, 0xA4, 0x21, 0x0B, 0x64, 0xA1, 0xE8, 0xC9, 0xF6, 0xD5, 0x4D, 0x1A,
    0xA8, 0x40, 0x0D, 0x0E, 0x9F, 0xE0, 0xC9, 0x13, 0xAC, 0x9F, 0x60, 0xD5, 0x72, 0x71, 0xB7, 0x6A,
    0x28, 0x96, 0x92, 0x95, 0x2C, 0x7E, 0xEF, 0xE6, 0x62, 0x7B, 0xF1, 0x8E, 0x22, 0x2E, 0x61, 0x8B,
    0x34, 0x40, 0xD6, 0x41, 0x0A, 0x98, 0x02, 0x6F, 0x02, 0x97, 0x60, 0xB6, 0x2B, 0x62, 0xBE, 0x93,
    0xFD, 0x68, 0xEE, 0x07, 0x72, 0x3F, 0x86, 0xFB, 0xE1, 0xCB, 0x7B, 0x50, 0x74, 0xA0, 0x7C, 0x5A,
    0x76, 0xA3, 0xB4, 0x1F, 0xA0, 0x6A, 0x2F, 0x40, 0xED, 0x89, 0xC2, 0x1C, 0x03, 0x67, 0xC0, 0x29,
    0x17, 0x1A, 0xF6, 0x8D, 0xDF, 0xF5, 0xFC, 0x95, 0x47, 0xBB, 0x76, 0xEF, 0x3B, 0xBD, 0x13, 0x1C,
    0x3C, 0xE1, 0x9A, 0xE9, 0xF3, 0x65, 0xFE, 0xC5, 0xA7, 0xD2, 0x7D, 0xD4, 0x3D, 0x57, 0xE6, 0x01,
    0xBF, 0xEC, 0xC0, 0x7F, 0x69, 0x9F, 0x27, 0xF3, 0x61, 0x1F, 0xF7, 0x99, 0xC7, 0x61, 0x1D, 0xFD,
    0xDA, 0x6D, 0x23, 0x0B, 0x3B, 0x83, 0x59, 0xBF, 0x73, 0x58, 0x74, 0x94, 0x9B, 0x68, 0x77, 0x31,
    0x69, 0xA8, 0xEC, 0xA2, 0xC6, 0xE1, 0xDE, 0xC3, 0x1D, 0x9C, 0x62, 0xC4, 0xD2, 0xFA, 0xF9, 0x70,
    0x6D, 0x9B, 0x36, 0xC6, 0x1E, 0x2F, 0xE3, 0x3E, 0xC9, 0xF0, 0x07, 0xB8, 0xD6, 0x9F, 0x92, 0x8C,
    0xE4, 0x17, 0xFF, 0x00, 0xD7, 0x42, 0xFE, 0xDE, 0x1F, 0xE2, 0x5A, 0xBB, 0xE1, 0xBB, 0xBB, 0x93,
    0xD5, 0x76, 0x5E, 0x5D, 0x8F, 0xBB, 0x0B, 0xCD, 0x7A, 0xD9, 0x40, 0x19, 0xE4, 0x3D, 0xD9, 0x62,
    0x2B, 0xE9, 0x52, 0xD1, 0x61, 0x54, 0xEE, 0xA5, 0xC5, 0x78, 0xF0, 0xDE, 0x56, 0xAA, 0x5F, 0x34,
    0x58, 0xD6, 0x3F, 0x45, 0xB2, 0x54, 0x21, 0x59, 0xA8, 0x91, 0x05, 0x87, 0xC8, 0x07, 0xC7, 0x28,
    0x3B, 0xA7, 0x98, 0xB4, 0x5B, 0x99, 0x31, 0x92, 0x8C, 0x2C, 0x99, 0x84, 0xCD, 0xBC, 0xFA, 0x46,
    0xEC, 0xF6, 0x8E, 0xAC, 0x19, 0x5B, 0x50, 0xF4, 0x01, 0x5C, 0xF9, 0xB4, 0x07, 0xEF, 0xD4, 0x1D,
    0x66, 0xE3, 0x9F, 0x1C, 0xD4, 0x31, 0x98, 0xAF, 0xD8, 0xE8, 0x37, 0xE3, 0xAE, 0xC0, 0x2C, 0x36,
    0x92, 0x85, 0xB5, 0x76, 0xD2, 0x40, 0xF6, 0xAB, 0x5E, 0x16, 0xC8, 0x7F, 0x1E, 0xB6, 0x5A, 0xFC,
    0x68, 0xB1, 0xAB, 0xAF, 0x1B, 0xE5, 0x3D, 0x65, 0x7B, 0xA6, 0xE8, 0x36, 0x5A, 0x6F, 0x75, 0xD2,
    0x54, 0x4D, 0xD9, 0x51, 0xD9, 0xFD, 0x79, 0xAA, 0x56, 0xF4, 0x93, 0x66, 0xB7, 0x14, 0x6E, 0xF4,
    0x50, 0xBA, 0xAC, 0x70, 0xCC, 0x58, 0xE3, 0x94, 0x07, 0x87, 0x3B, 0xAD, 0x4F, 0x30, 0x52, 0xAD,
    0xB0, 0xA4, 0x1C, 0x6D, 0xD7, 0xB5, 0x62, 0xB4, 0x1D, 0xCA, 0x6C, 0x24, 0xAE, 0x35, 0x5D, 0x82,
    0xCB, 0xC0, 0x1B, 0x40, 0x09, 0x5E, 0x8B, 0x0B, 0x24, 0xBB, 0xDA, 0x8B, 0xF3, 0xEF, 0xCF, 0x03,
    0x75, 0xAF, 0x58, 0x72, 0x6E, 0xBB, 0x0A, 0x2D, 0xF0, 0x40, 0x31, 0xA0, 0x56, 0x76, 0xA8, 0x9A,
    0x0A, 0x26, 0xCD, 0xE1, 0x4E, 0x8E, 0x77, 0x72, 0x0A, 0x95, 0xF1, 0x09, 0xA9, 0x77, 0x72, 0xBC,
    0x93, 0x71, 0x2B, 0xC9, 0xD2, 0x19, 0xB2, 0x60, 0x86, 0xB2, 0x57, 0xB7, 0xCC, 0x1A, 0x65, 0x90,
    0xAE, 0xC8, 0xE3, 0xF7, 0xE6, 0x8B, 0xBD, 0xA3, 0xAD, 0xBF, 0x8F, 0x81, 0xE2, 0x29, 0xF3, 0xD3,
    0xCF, 0x32, 0x7F, 0xF4, 0xD9, 0xE6, 0xE7, 0x8A, 0xFE, 0xFF, 0xB3, 0xF9, 0x09, 0xF0, 0x4F, 0x5A,
    0x48, 0x7E, 0xD8, 0x3D, 0x57, 0x9D, 0xBF, 0xF6, 0x2A, 0x64, 0xE3, 0x14, 0x8A, 0xEA, 0x3E, 0x5C,
    0x2C, 0xFA, 0xE7, 0xAA, 0x06, 0x4F, 0xAF, 0x73, 0xDD, 0x73, 0x35, 0x7B, 0xF2, 0xE6, 0x5E, 0xF9,
    0xD1, 0xA2, 0x88, 0x7D, 0x16, 0x9B, 0x34, 0x2A, 0x62, 0x53, 0xFF, 0xBB, 0xEE, 0xB0, 0xE8, 0x5E,
    0x4E, 0x3D, 0x75, 0x4C, 0x49, 0xE6, 0xB1, 0x39, 0x67, 0x12, 0xE3, 0xEF, 0x96, 0xCC, 0x1F, 0x5E,
    0x8F, 0x83, 0x6C, 0xC5, 0xBC, 0x53, 0x0E, 0xC4, 0x5E, 0xDD, 0xC8, 0x62, 0x70, 0x46, 0xF9, 0x51,
    0x30, 0x52, 0xBF, 0xBB, 0x48, 0x03, 0xAB, 0x64, 0x91, 0x0D, 0xB2, 0x45, 0xB2, 0xC8, 0x7B, 0x65,
    0x9F, 0x2C, 0x8A, 0xCE, 0xAC, 0x49, 0x43, 0xD9, 0x25, 0x2B, 0x1B, 0xC9, 0x83, 0x6C, 0x2D, 0x93,
    0x4E, 0xDE, 0x97, 0xDD, 0x8C, 0xB2, 0x2B, 0x7F, 0x38, 0x32, 0x69, 0x8B, 0x9F, 0x07, 0x6A, 0x79,
    0xEC, 0x58, 0xC9, 0x22, 0xF9, 0x42, 0x1A, 0xA9, 0x7A, 0x45, 0x7C, 0x74, 0x3D, 0x36, 0xAA, 0x5F,
    0xC4, 0xB8, 0x64, 0x96, 0xCC, 0xCF, 0x1B, 0x2E, 0x7B, 0xFA, 0x70, 0x0B, 0x98, 0x3E, 0x16, 0xF3,
    0x38, 0xD8, 0xED, 0x24, 0x98, 0xC4, 0x71, 0xB3, 0x26, 0x1D, 0x3C, 0x78, 0x3F, 0x0B, 0x38, 0x95,
    0x0D, 0x3B, 0xE9, 0xB1, 0x7B, 0xA6, 0xDA, 0xAD, 0x16, 0xC9, 0x42, 0xB9, 0x97, 0x96, 0x34, 0x6C,
    0x25, 0x0B, 0x26, 0x0D, 0xD9, 0xA0, 0x42, 0xDE, 0x6F, 0xA5, 0xE8, 0xD4, 0x28, 0xF7, 0xD2, 0x6E,
    0xA5, 0x6A, 0xD4, 0x0D, 0x35, 0x55, 0xCB, 0x19, 0x93, 0xDD, 0xA3, 0xB3, 0x5C, 0x9A, 0x04, 0xF2,
    0xFD, 0xB8, 0xC4, 0xB8, 0xDA, 0x4D, 0x9F, 0xBB, 0x9F, 0xF1, 0x48, 0x12, 0x9E, 0x2F, 0xF3, 0x53,
    0x90, 0xFC, 0x15, 0xC8, 0xBF, 0xD6, 0x3C, 0x57, 0xE6, 0x3D, 0xFD, 0x37, 0x84, 0xE7, 0xCB, 0xFC,
    0x35, 0xC8, 0x3A, 0x28, 0x9A, 0xCF, 0xDD, 0x39, 0x5B, 0xFD, 0xDE, 0x9D, 0xB3, 0xF2, 0xF1, 0xCE,
    0x19, 0x59, 0x84, 0x74, 0x05, 0xC9, 0x72, 0xCB, 0xC5, 0x13, 0xDF, 0x1A, 0x03, 0x9F, 0xB9, 0x73,
    0xF6, 0x33, 0x4F, 0xEF, 0x9C, 0xB9, 0x03, 0xA7, 0x30, 0xC2, 0x12, 0x16, 0x50, 0xC4, 0x85, 0xF4,
    0xBF, 0xB9, 0x29, 0xFB, 0xCF, 0xF2, 0x2E, 0xFB, 0xAF, 0xD2, 0x3E, 0xFB, 0x58, 0xD2, 0xE7, 0x7F,
    0xC1, 0x50, 0x7C, 0x8B, 0xBE, 0x7C, 0x4B, 0xD2, 0x95, 0x7F, 0x2A, 0xED, 0xCA, 0x6B, 0xB2, 0xF6,
    0xD2, 0x5D, 0xA5, 0x37, 0x3B, 0x97, 0x5D, 0xEE, 0xD2, 0x20, 0x89, 0xB1, 0x71, 0x15, 0x8E, 0xE1,
    0xF4, 0x31, 0xFE, 0x03, 0x78, 0x1F, 0xE3, 0xBC, 0x17, 0x63, 0x48, 0xE2, 0xBF, 0x5E, 0x26, 0xE7,
    0xD9, 0x32, 0x1D, 0xB3, 0x65, 0xB6, 0xCA, 0x17, 0x59, 0xFC, 0x60, 0xC8, 0x63, 0xEC, 0xF2, 0xBF,
    0x3E, 0x57, 0xFC, 0x55, 0x6C, 0xCA, 0x18, 0xFB, 0x75, 0x84, 0x72, 0x55, 0x2C, 0x26, 0x8B, 0x6C,
    0x59, 0x85, 0x6C, 0x59, 0x0F, 0xD9, 0xA2, 0x0E, 0x45, 0xA8, 0x57, 0xB3, 0x7E, 0x16, 0x63, 0x3B,
    0x8F, 0x2B, 0x67, 0xD5, 0x60, 0x04, 0x01, 0xF7, 0x71, 0x1B, 0xA8, 0x76, 0xBB, 0x7A, 0xD9, 0xA3,
    0x9B, 0x5D, 0xDE, 0x15, 0x7D, 0xDA, 0xE4, 0x3D, 0x79, 0x9F, 0xCC, 0x63, 0x57, 0xC4, 0xD8, 0xD5,
    0x6D, 0xD9, 0x1E, 0x2B, 0xDB, 0xA5, 0x49, 0xB3, 0x34, 0x33, 0x5E, 0x88, 0xD7, 0xE6, 0x71, 0x16,
    0x26, 0x8B, 0xC9, 0xE0, 0xF1, 0xEE, 0xEF, 0x3D, 0x92, 0xE1, 0x0B, 0xE6, 0xFA, 0x0A, 0x46, 0xB2,
    0xF7, 0x38, 0x48, 0x7F, 0x7F, 0xAE, 0xDF, 0x7E, 0xD0, 0xD5, 0x4D, 0xD9, 0xDE, 0x51, 0x36, 0xFB,
    0x5C, 0x56, 0x79, 0xFC, 0xC1, 0xE3, 0x5C, 0x45, 0x1F, 0xB6, 0x9F, 0x5C, 0xDF, 0xA9, 0x3B, 0x7F,
    0x72, 0xF0, 0xC5, 0x7C, 0x25, 0x09, 0xF9, 0x77, 0x49, 0xBF, 0x60, 0x1E, 0xB7, 0x49, 0xFE, 0x8C,
    0xEC, 0x02, 0xE9, 0xBF, 0xC1, 0x0F, 0xBE, 0x58, 0xBE, 0xEA, 0x91, 0x34, 0xB6, 0x9B, 0x5F, 0x9F,
    0xC4, 0x45, 0xF6, 0xE9, 0xCD, 0x6E, 0xFE, 0xFD, 0x71, 0x9D, 0xE4, 0x2F, 0x97, 0x4E, 0x93, 0x26,
    0xFF, 0x68, 0x70, 0xC7, 0x2B, 0xD7, 0x7F, 0xFC, 0xF0, 0xE8, 0x34, 0x8D, 0xF1, 0x27, 0x31, 0x8E,
    0x93, 0x87, 0x37, 0x7E, 0xBA, 0x96, 0x5A, 0xF9, 0xDD, 0x96, 0x53, 0x93, 0xF7, 0x5A, 0x96, 0xAA,
    0xB2, 0xD3, 0x2C, 0xCD, 0x8B, 0x21, 0x0D, 0xE7, 0xD7, 0xE3, 0x6F, 0x1E, 0xDD, 0xEC, 0x67, 0xB1,
    0xFA, 0x64, 0x93, 0xF6, 0xE3, 0xB2, 0x9F, 0x2D, 0x29, 0x62, 0x6B, 0x1E, 0x17, 0xE9, 0xF9, 0xF5,
    0x31, 0x0F, 0xC6, 0xB2, 0xB3, 0xAC, 0x78, 0xE9, 0x10, 0x57, 0x71, 0xBC, 0x8F, 0x43, 0x49, 0x53,
    0x37, 0xF9, 0x30, 0x59, 0x5B, 0x29, 0x62, 0x94, 0xCC, 0x3F, 0xA6, 0xC6, 0x1D, 0x2C, 0x70, 0x17,
    0x49, 0x8F, 0x01, 0x01, 0x28, 0xCE, 0x99, 0xC7, 0x2E, 0x3D, 0xBF, 0xD1, 0x17, 0x43, 0x36, 0x94,
    0x6D, 0x16, 0x2A, 0x59, 0xA8, 0x63, 0x1C, 0x36, 0x71, 0x72, 0x74, 0xD4, 0x1C, 0xE3, 0x04, 0xB5,
    0xA2, 0xA9, 0x1E, 0xCE, 0x9B, 0x32, 0x8E, 0xD2, 0xC7, 0x5F, 0x48, 0x03, 0xC9, 0x40, 0xD6, 0x7D,
    0xC1, 0x5C, 0xD7, 0x48, 0x17, 0x7C, 0xE9, 0x75, 0x5E, 0x3E, 0xF8, 0x62, 0xB9, 0x92, 0x17, 0x28,
    0x2F, 0xF1, 0xE2, 0xDF, 0xFA, 0x42, 0x79, 0xD2, 0x2E, 0xE9, 0x85, 0x59, 0x3B, 0xEF, 0x3E, 0xF8,
    0x3F, 0xB6, 0xE8, 0x0F, 0x9D, 0x98, 0x0D, 0xF5, 0x70, 0xC0, 0x35, 0x21, 0xED, 0xB3, 0xEE, 0xF3,
    0xDF, 0x97, 0x85, 0xE2, 0x9D, 0xCB, 0x5F, 0xFE, 0xDC, 0xF7, 0xBD, 0x50, 0xBE, 0xF9, 0xE2, 0xAB,
    0x9F, 0xFB, 0x2E, 0xAA, 0x1E, 0xEA, 0x00, 0x7F, 0x77, 0xCB, 0xEC, 0xBB, 0x01, 0xD9, 0x8D, 0x80,
    0xBC, 0x87, 0xBC, 0x83, 0x62, 0xCB, 0x72, 0xC7, 0x16, 0x26, 0x0D, 0x79, 0xBC, 0xD1, 0x30, 0x8B,
    0x91, 0xF4, 0xFC, 0x1B, 0x91, 0x3C, 0x78, 0x40, 0xD9, 0x39, 0xA6, 0xB2, 0xE1, 0x21, 0xA7, 0x5C,
    0x65, 0xE4, 0x98, 0xE5, 0x86, 0xC9, 0x92, 0x13, 0xD9, 0x82, 0xBA, 0x29, 0x03, 0xEB, 0x8E, 0xFD,
    0x96, 0x32, 0xFE, 0x3A, 0x92, 0xC6, 0xF6, 0x1C, 0x80, 0xC3, 0xAC, 0x25, 0x7E, 0x87, 0xE4, 0xA3,
    0x73, 0xD2, 0x6E, 0x29, 0x1B, 0x5F, 0x5B, 0xC9, 0xCF, 0xE7, 0xB1, 0x3B, 0x98, 0xAF, 0xEF, 0x38,
    0xB3, 0xA6, 0xE8, 0x9D, 0xC8, 0x7B, 0xA7, 0x8A, 0xCE, 0xB8, 0xC1, 0x52, 0xB9, 0x45, 0x9B, 0x2C,
    0x4C, 0x9A, 0x34, 0xAC, 0x91, 0x05, 0x95, 0x3F, 0xFA, 0x54, 0x7D, 0x6D, 0x1E, 0xD5, 0x21, 0x46,
    0x93, 0x80, 0x04, 0xB7, 0x61, 0xFA, 0x18, 0xEC, 0xEE, 0x16, 0xB3, 0xB8, 0xB0, 0xBE, 0x5F, 0x56,
    0xF2, 0x60, 0xBE, 0x5B, 0x2A, 0x2B, 0x2A, 0x87, 0x54, 0xAE, 0x52, 0xED, 0xCA, 0x5B, 0xE3, 0xD8,
    0x21, 0xA3, 0xBA, 0xC9, 0x83, 0xC9, 0xA7, 0xF3, 0x5E, 0x11, 0xA3, 0xDD, 0xBD, 0xC3, 0x01, 0xBC,
    0x09, 0xB7, 0x21, 0x3C, 0xE3, 0xF4, 0x2F, 0xC3, 0x03, 0xA4, 0x3F, 0x46, 0x92, 0x34, 0xCF, 0x34,
    0x7D, 0x36, 0xDC, 0xA2, 0x5C, 0x06, 0x2E, 0x57, 0xFD, 0xEE, 0xAE, 0x7A, 0xA6, 0xEE, 0xFF, 0xBE,
    0xFD, 0xC7, 0x9E, 0xE4, 0xDD, 0x67, 0x9C, 0x99, 0x20, 0x09, 0x34, 0x5E, 0x39, 0x6A, 0xE6, 0xB1,
    0x8B, 0xB1, 0x43, 0xDA, 0xC9, 0x3A, 0x69, 0x03, 0x5E, 0x80, 0xAB, 0xCC, 0x1F, 0x8D, 0xF2, 0x18,
    0xC3, 0x66, 0x1E, 0xF6, 0xE6, 0xEA, 0x60, 0x14, 0x43, 0x1A, 0xF2, 0x4F, 0x42, 0x36, 0x4C, 0xFE,
    0x45, 0xC8, 0xFA, 0x93, 0x34, 0xE4, 0x7F, 0xB9, 0xCC, 0x86, 0xFC, 0xE7, 0x43, 0xDE, 0x67, 0xB1,
    0x2D, 0xBB, 0x6C, 0x65, 0x26, 0x8B, 0x6B, 0x9F, 0xC5, 0xF6, 0x57, 0xAF, 0x9F, 0x37, 0xAE, 0xC2,
    0x4B, 0x40, 0x80, 0xFB, 0x70, 0x1B, 0x30, 0x1F, 0xF2, 0x68, 0xDE, 0x17, 0xE7, 0xAE, 0xF7, 0x07,
    0x67, 0x8A, 0xCE, 0x1D, 0x65, 0xE7, 0x54, 0xD9, 0x1A, 0x95, 0x8D, 0xA5, 0x49, 0x93, 0x2C, 0x54,
    0xD6, 0xA8, 0xA5, 0x41, 0x2D, 0xDB, 0xA0, 0x1C, 0xD4, 0x9B, 0x3B, 0x64, 0x12, 0x7F, 0x13, 0x6D,
    0xFE, 0x87, 0x01, 0x2F, 0xC3, 0x14, 0xEE, 0x23, 0x19, 0x9E, 0x71, 0xFA, 0xAF, 0xC0, 0x88, 0xEC,
    0xEB, 0x38, 0x48, 0x9E, 0x6D, 0xFA, 0xF4, 0x1F, 0xD8, 0x2D, 0xC7, 0x12, 0xCF, 0xD8, 0xB8, 0x6B,
    0x20, 0x40, 0xDA, 0x43, 0xDE, 0x92, 0x45, 0x45, 0x0C, 0x79, 0x6C, 0xCA, 0x38, 0x24, 0x37, 0xDB,
    0x83, 0xF3, 0x46, 0xD9, 0x19, 0xAD, 0x99, 0x06, 0x8A, 0x3E, 0x1F, 0x6C, 0xBF, 0x0D, 0x92, 0x0D,
    0x93, 0x96, 0x2C, 0xD4, 0x48, 0xC3, 0x19, 0x92, 0xC5, 0x08, 0xBF, 0x0D, 0x10, 0x07, 0x88, 0x1D,
    0xCC, 0x1B, 0x98, 0x81, 0x63, 0xB0, 0x84, 0x2C, 0xE0, 0x4E, 0xD1, 0xE3, 0x78, 0xD6, 0xA0, 0x5E,
    0xC1, 0x64, 0x00, 0xF9, 0x12, 0xC5, 0x0A, 0x07, 0xAB, 0xDF, 0xF7, 0xE9, 0x34, 0x09, 0x9E, 0xFA,
    0x57, 0xB9, 0x5F, 0xC6, 0x56, 0x16, 0x63, 0x90, 0xAF, 0x97, 0x70, 0xC5, 0x60, 0xB5, 0xBB, 0x37,
    0xCA, 0x76, 0x83, 0x46, 0x6D, 0xD2, 0x38, 0x54, 0x71, 0x55, 0xC5, 0xA9, 0x5A, 0xB2, 0x54, 0xB7,
    0x79, 0x30, 0x7B, 0x34, 0xEF, 0x9D, 0xC6, 0xC8, 0x87, 0xD5, 0xC2, 0xA4, 0x41, 0xD5, 0xA0, 0x66,
    0x8F, 0x43, 0x38, 0x81, 0x33, 0x78, 0x1F, 0x78, 0xF1, 0x55, 0xB8, 0x34, 0x85, 0x17, 0xFC, 0x4D,
    0xEA, 0xE2, 0xFF, 0x06, 0xDD, 0x9A, 0x0D, 0x88, 0xDD, 0xD8, 0x79, 0xF7, 0x7F, 0x92, 0x7C, 0xAD,
    0x97, 0xE8, 0x8D, 0x65, 0x5E, 0xBC, 0x76, 0xDE, 0xDA, 0xBB, 0x0A, 0x10, 0x68, 0x0A, 0x93, 0xA8,
    0xC0, 0x52, 0xDC, 0x62, 0x5F, 0x9D, 0x6C, 0x81, 0x00, 0xA5, 0x64, 0x0A, 0x7B, 0xBD, 0xD0, 0x01,
    0x1C, 0xA0, 0x40, 0xA1, 0x85, 0x59, 0x60, 0x5B, 0x16, 0xF0, 0x9D, 0x2B, 0x5A, 0x68, 0xF8, 0xAE,
    0x81, 0x6C, 0xF9, 0x2E, 0x29, 0x84, 0x42, 0x29, 0xB0, 0x86, 0x2C, 0xB0, 0xD0, 0xB1, 0x75, 0xDA,
    0x00, 0x2D, 0x14, 0x12, 0x51, 0x12, 0x0A, 0x84, 0x52, 0xA5, 0xD4, 0x29, 0x25, 0x29, 0x51, 0x1B,
    0x39, 0xD1, 0x6C, 0x74, 0xEF, 0xE9, 0x7D, 0x9E, 0x73, 0xEF, 0x58, 0xC4, 0xCE, 0xD6, 0x5B, 0xCF,
    0xD2, 0x99, 0x0E, 0x57, 0xFF, 0xBF, 0xE6, 0xC2, 0x3D, 0x7A, 0x9E, 0xDF, 0x39, 0xD2, 0x39, 0x7A,
    0x24, 0x20, 0x76, 0x16, 0x20, 0xF1, 0xE6, 0x96, 0xA8, 0xAD, 0xD4, 0xF6, 0x9C, 0x5A, 0xEA, 0x2D,
    0x7B, 0xDB, 0x88, 0x15, 0x99, 0xDA, 0xFD, 0xB4, 0x14, 0xEB, 0x53, 0x0B, 0x44, 0xAD, 0x5A, 0xDC,
    0x24, 0x35, 0x90, 0xDA, 0xB8, 0x01, 0x72, 0x13, 0xB5, 0xC0, 0x02, 0xB5, 0x81, 0xB0, 0x83, 0x60,
    0x39, 0xBB, 0xD5, 0x43, 0xE4, 0x9C, 0xEB, 0x21, 0x59, 0xDB, 0x00, 0x99, 0x85, 0x01, 0x0A, 0x69,
    0x55, 0x3F, 0x1C, 0xE8, 0x17, 0x14, 0x5C, 0x39, 0x32, 0x4C, 0x16, 0xAF, 0x56, 0xCE, 0x92, 0xBA,
    0xDE, 0xB9, 0x52, 0x8C, 0xC9, 0xCC, 0x90, 0xE8, 0xBE, 0x21, 0x3F, 0x22, 0x70, 0xCE, 0x44, 0x47,
    0xFB, 0x36, 0xB6, 0x49, 0x1D, 0x9A, 0xB8, 0x86, 0xB8, 0x0E, 0x2A, 0x67, 0x13, 0xE7, 0x6C, 0x51,
    0xA6, 0xE5, 0x9C, 0xB4, 0xEC, 0xC9, 0x4C, 0xCF, 0x82, 0xE1, 0xBC, 0xDB, 0xAD, 0xDC, 0xA2, 0xCD,
    0xBA, 0xAC, 0x01, 0x26, 0xEC, 0x6A, 0xF6, 0x34, 0x62, 0xF1, 0x77, 0x15, 0x42, 0xB8, 0xE2, 0xBF,
    0xC5, 0x62, 0x78, 0x56, 0x16, 0xCB, 0x13, 0x64, 0x71, 0x8E, 0x5D, 0x2E, 0x04, 0x35, 0xE9, 0x9F,
    0x5B, 0x12, 0x67, 0x08, 0x97, 0xBC, 0x2F, 0x93, 0xF7, 0xDE, 0xB6, 0x85, 0x49, 0xCB, 0x3B, 0xA4,
    0x66, 0xCB, 0x64, 0x19, 0xBB, 0x2F, 0x8D, 0x98, 0x9C, 0x8D, 0x31, 0xA0, 0x7F, 0x76, 0x6C, 0x34,
    0xAA, 0x51, 0xAD, 0x16, 0x7C, 0xE0, 0xA1, 0xB1, 0x1C, 0x0F, 0x0D, 0x42, 0xEB, 0x1B, 0x0E, 0xE4,
    0x37, 0xE2, 0x00, 0x9F, 0x12, 0xE1, 0xBA, 0x6A, 0x2B, 0x72, 0xDE, 0xFD, 0x33, 0x50, 0x39, 0x67,
    0x88, 0x57, 0x6F, 0x55, 0x35, 0x79, 0x43, 0xDC, 0xB2, 0x10, 0x1C, 0xC1, 0x00, 0x61, 0x1B, 0xB5,
    0xB2, 0x2F, 0x4C, 0xA2, 0x5A, 0x01, 0xE1, 0xD9, 0xE5, 0x28, 0x48, 0xD5, 0xE9, 0x48, 0x0F, 0x46,
    0x5A, 0x8C, 0x34, 0x2F, 0xE1, 0x02, 0x69, 0x03, 0x05, 0x49, 0x4F, 0xB0, 0x24, 0x72, 0x6F, 0xED,
    0x77, 0x7A, 0x70, 0x0B, 0x89, 0x47, 0x72, 0x09, 0x78, 0x13, 0x68, 0x35, 0x70, 0x3D, 0x49, 0x2A,
    0xD7, 0x85, 0xAB, 0xBD, 0x21, 0x6E, 0x75, 0x7C, 0xF6, 0x39, 0x5C, 0x9C, 0x02, 0x37, 0x81, 0xF9,
    0x66, 0x9B, 0x12, 0x98, 0xC2, 0xC4, 0x4D, 0xF6, 0x68, 0x5F, 0xC8, 0x10, 0x54, 0x92, 0x95, 0x36,
    0xE6, 0xFB, 0x82, 0xE8, 0x0B, 0xA2, 0x93, 0xC0, 0x9C, 0xC2, 0x9C, 0xDF, 0x85, 0xF0, 0x7B, 0x10,
    0x5F, 0x80, 0x73, 0xC1, 0xF3, 0xE6, 0xFC, 0x09, 0xD8, 0x20, 0x84, 0x8B, 0xA7, 0xB1, 0x87, 0x3F,
    0x0F, 0x74, 0xC0, 0xEE, 0x73, 0x66, 0x1A, 0x7C, 0xC6, 0x88, 0x7E, 0xEB, 0x94, 0xE7, 0x1B, 0x7D,
    0x16, 0x82, 0xEF, 0x01, 0xF7, 0x00, 0x9E, 0xB7, 0x77, 0x27, 0x13, 0x51, 0xA2, 0xDF, 0x56, 0x0B,
    0x1A, 0x35, 0x8C, 0x4F, 0xD8, 0xDD, 0xF5, 0xB6, 0x84, 0xD7, 0x1E, 0xCD, 0xF6, 0x9C, 0x41, 0x32,
    0x5D, 0xD4, 0x44, 0x0D, 0xA4, 0x2D, 0xB1, 0x64, 0xDC, 0xA9, 0x85, 0x3D, 0x89, 0x05, 0x06, 0xD2,
    0x8D, 0x95, 0x63, 0x53, 0x1E, 0xBD, 0x02, 0x09, 0x7A, 0xCD, 0x36, 0xEC, 0xD4, 0xA2, 0x56, 0x99,
    0xC4, 0x8D, 0x06, 0x99, 0x5A, 0x0E, 0x95, 0x83, 0xDA, 0x02, 0x04, 0xEF, 0x00, 0x3D, 0x64, 0x2D,
    0x97, 0x8F, 0x66, 0xBF, 0xEE, 0xEC, 0x36, 0xA2, 0xB5, 0xBA, 0xD2, 0x63, 0xAB, 0x15, 0x61, 0x2B,
    0xFA, 0xB3, 0xAA, 0x91, 0xD7, 0xE6, 0x1A, 0x10, 0xD7, 0xD7, 0x45, 0xED, 0xCB, 0x40, 0x62, 0x5F,
    0xD7, 0xA3, 0xDC, 0x13, 0x2D, 0x1B, 0x20, 0xFB, 0x8C, 0x25, 0x76, 0xB7, 0x0D, 0x2C, 0x9C, 0x83,
    0x70, 0x75, 0xCB, 0x21, 0xBD, 0xFB, 0x40, 0x83, 0x99, 0x43, 0x8E, 0xE8, 0x14, 0x0E, 0x95, 0xE7,
    0xA0, 0xFF, 0xF6, 0xA2, 0x41, 0x0F, 0x07, 0x92, 0x3F, 0x85, 0x49, 0x5B, 0xC8, 0x1F, 0x56, 0xEF,
    0x41, 0xEA, 0x7E, 0x28, 0xED, 0xB8, 0x72, 0x85, 0xFE, 0x9D, 0x14, 0xC9, 0xC9, 0xE7, 0xD4, 0xF2,
    0x7F, 0x54, 0x92, 0xC5, 0xD7, 0x95, 0xA4, 0x07, 0xFA, 0x3E, 0x24, 0xB3, 0x31, 0xC9, 0xE0, 0x98,
    0xE4, 0x0B, 0x47, 0xB3, 0x5B, 0xCF, 0x48, 0xF2, 0x0F, 0x5B, 0xD1, 0xDB, 0xAD, 0x92, 0x44, 0x49,
    0x8A, 0x26, 0xAA, 0xA9, 0xD7, 0x72, 0x33, 0xE4, 0x3F, 0x74, 0x92, 0x84, 0xAE, 0xD1, 0xA8, 0x5C,
    0x8D, 0x1E, 0xC7, 0x39, 0xA8, 0xC4, 0x94, 0xEB, 0x6C, 0x5F, 0x31, 0xF0, 0x69, 0x94, 0xEB, 0x4D,
    0x6F, 0x37, 0x34, 0xF2, 0xE3, 0xA0, 0x35, 0x9C, 0xB1, 0x7D, 0x73, 0x36, 0x03, 0x32, 0x6D, 0x84,
    0x7C, 0x63, 0x8C, 0x4E, 0x4B, 0xE5, 0x8A, 0x86, 0x7B, 0x7C, 0xF9, 0xD7, 0x2C, 0xCE, 0x1B, 0x4D,
    0x23, 0x29, 0x35, 0x8F, 0xD4, 0x08, 0xD7, 0xD9, 0xED, 0xE3, 0x88, 0x9C, 0x37, 0x26, 0x33, 0x69,
    0xDE, 0x6F, 0xC9, 0x0A, 0x2A, 0x67, 0xC3, 0xD5, 0xED, 0x3A, 0x69, 0xA2, 0x26, 0x2D, 0xA3, 0x36,
    0x27, 0x6A, 0x0B, 0xE7, 0x1A, 0xD9, 0x0E, 0x66, 0x33, 0x33, 0x47, 0x68, 0x40, 0x41, 0x62, 0xD6,
    0x24, 0x4C, 0xEA, 0x06, 0x42, 0x4D, 0x38, 0x32, 0x2F, 0x23, 0x66, 0x5B, 0x60, 0xF3, 0x1D, 0x54,
    0xE6, 0x0C, 0xB1, 0xB8, 0x14, 0x18, 0x76, 0xA2, 0x92, 0xFC, 0x6D, 0xC8, 0x56, 0x10, 0x77, 0xCF,
    0xC9, 0x84, 0xFF, 0x03, 0x8F, 0x17, 0x22, 0x9C, 0xE3, 0x0C, 0xC1, 0xE0, 0x2E, 0x04, 0x2D, 0x60,
    0x9E, 0x0F, 0xC2, 0x99, 0xC9, 0x17, 0xAE, 0x7B, 0xFB, 0x84, 0xB7, 0x1D, 0x6F, 0xBD, 0xB7, 0x5D,
    0x9E, 0x03, 0x83, 0xCC, 0x66, 0xD7, 0x80, 0xFF, 0x0B, 0x5C, 0x40, 0x73, 0xE6, 0x12, 0x80, 0x31,
    0xA2, 0x7C, 0xA5, 0x54, 0xBB, 0x79, 0x06, 0x87, 0x49, 0x72, 0x01, 0xA2, 0x77, 0xB7, 0xB3, 0xF3,
    0xF3, 0x9E, 0x2F, 0x1E, 0xFD, 0x20, 0x12, 0xFD, 0x8A, 0xE8, 0x24, 0x14, 0xBD, 0x2A, 0x04, 0x03,
    0xE7, 0x9C, 0x21, 0x59, 0xCD, 0x2A, 0x4B, 0x51, 0x93, 0x34, 0xAC, 0x84, 0x41, 0xD8, 0x8B, 0xC6,
    0xED, 0x76, 0x7D, 0x13, 0xDB, 0xAC, 0x7C, 0xCA, 0xFA, 0xE6, 0x85, 0xD9, 0xEE, 0x5C, 0x22, 0xAB,
    0x0F, 0xBD, 0x2A, 0xB1, 0xFB, 0x4A, 0xEA, 0x40, 0xB4, 0x5C, 0xA8, 0x16, 0x06, 0x72, 0x93, 0xD7,
    0x12, 0x61, 0xDA, 0x11, 0x0E, 0xB2, 0xCA, 0xA9, 0x5A, 0x4D, 0xDB, 0x6C, 0x02, 0x01, 0x7E, 0x63,
    0x14, 0xE7, 0xAF, 0x8A, 0x7E, 0x34, 0xD6, 0x63, 0x1E, 0xE5, 0x56, 0xE2, 0xAC, 0x2C, 0xF1, 0xD1,
    0xFE, 0x51, 0xB9, 0xB9, 0xAF, 0xCA, 0xB5, 0xAB, 0xA6, 0x9B, 0x7E, 0x8B, 0x6A, 0xD1, 0xC4, 0x42,
    0x81, 0x84, 0x5A, 0x7C, 0xC7, 0x21, 0xED, 0xF7, 0x10, 0xFC, 0xBB, 0xBB, 0x2B, 0xD9, 0x8C, 0x96,
    0x09, 0xAB, 0xD9, 0x2E, 0xA0, 0xA9, 0x87, 0x3F, 0x76, 0xAE, 0x96, 0x1F, 0x66, 0x2D, 0xD9, 0x76,
    0x4E, 0x0D, 0x45, 0x65, 0xBF, 0x30, 0x64, 0x35, 0xC5, 0xD1, 0x2D, 0x67, 0x48, 0xF5, 0x26, 0x2D,
    0xA8, 0x56, 0x46, 0x63, 0xA3, 0x06, 0xD2, 0xC8, 0x82, 0xDE, 0x73, 0x42, 0xB8, 0x3C, 0x95, 0x54,
    0xD1, 0x68, 0x03, 0x0B, 0xA4, 0x71, 0xA9, 0xD1, 0x02, 0x04, 0x5F, 0x3E, 0xBD, 0x6C, 0x37, 0x23,
    0xF6, 0x1D, 0xD5, 0x8B, 0xA7, 0x92, 0xEA, 0xE7, 0x55, 0x3B, 0xD5, 0xDD, 0xD3, 0x4B, 0xF2, 0x94,
    0x71, 0x0B, 0x14, 0x98, 0x4F, 0x52, 0xC7, 0x22, 0x13, 0xF8, 0x9F, 0xA5, 0xD7, 0x28, 0x3D, 0xBB,
    0xA1, 0x97, 0x68, 0x3D, 0x86, 0xB7, 0xDF, 0xD3, 0x13, 0xDA, 0x37, 0x64, 0x45, 0x13, 0x33, 0x8A,
    0x16, 0x0E, 0xBD, 0x85, 0xFF, 0xE0, 0xFD, 0x23, 0xB1, 0x9F, 0x5D, 0x1A, 0x0A, 0xD7, 0x0A, 0x25,
    0xF5, 0xD7, 0x1E, 0x19, 0x2E, 0x1F, 0xED, 0x6A, 0x40, 0x41, 0xA7, 0xC7, 0xD2, 0x36, 0xB7, 0x1E,
    0xD7, 0x1A, 0x8B, 0x04, 0xA6, 0xDF, 0x69, 0x27, 0xD4, 0x1B, 0xB7, 0x7E, 0x9E, 0xD9, 0xB3, 0x7E,
    0xA2, 0x71, 0x16, 0x72, 0xF1, 0xD2, 0x77, 0x50, 0x6A, 0x7C, 0x17, 0x65, 0xDA, 0x49, 0xFE, 0xBB,
    0x39, 0xFA, 0x9D, 0xFA, 0x54, 0x83, 0x14, 0x5E, 0x30, 0x6C, 0xBE, 0xEB, 0xF5, 0x3B, 0x0D, 0xE9,
    0x85, 0xE5, 0x2E, 0xD5, 0x26, 0x5C, 0x61, 0x23, 0xA1, 0x6F, 0xF3, 0xCB, 0x0D, 0xF0, 0x27, 0x16,
    0x02, 0xB3, 0x4B, 0xDA, 0x00, 0x79, 0x07, 0x5C, 0x11, 0x09, 0x44, 0x94, 0x4B, 0xA4, 0xD2, 0x88,
    0xD4, 0xF8, 0xB8, 0x35, 0x11, 0x52, 0x95, 0x2F, 0xAC, 0x0C, 0xA9, 0x80, 0xC8, 0x8E, 0x6E, 0xB7,
    0xE4, 0x56, 0x47, 0x69, 0xB8, 0x16, 0xA5, 0x2F, 0x3F, 0x9C, 0x8B, 0x1C, 0xCA, 0x0F, 0x07, 0x12,
    0xEB, 0x6F, 0x7E, 0xFA, 0xB5, 0x5C, 0x3E, 0x32, 0xE9, 0x37, 0x0A, 0x57, 0xA6, 0x7D, 0xE1, 0x4C,
    0xDA, 0x23, 0x71, 0x3C, 0x2B, 0xDA, 0x70, 0xC8, 0x9C, 0x5B, 0x7B, 0xD4, 0xE7, 0x6E, 0x75, 0x9A,
    0xD0, 0x66, 0xC7, 0x18, 0x2F, 0x6F, 0x09, 0xAA, 0x04, 0xC3, 0x39, 0x08, 0x87, 0x8B, 0x9E, 0xE0,
    0xD3, 0x31, 0x66, 0x63, 0x8C, 0x5B, 0x82, 0x63, 0x8C, 0xF5, 0x33, 0x63, 0xF4, 0x3D, 0xDA, 0x70,
    0xE3, 0x2F, 0x2C, 0x2F, 0xE7, 0x82, 0xB5, 0xD5, 0xF8, 0x6E, 0x1D, 0x19, 0x3F, 0x32, 0x37, 0xA3,
    0x33, 0xAA, 0x35, 0x14, 0x8D, 0x24, 0x95, 0xAD, 0xF4, 0x5B, 0x66, 0x14, 0x87, 0x6E, 0x85, 0x47,
    0xA1, 0xE9, 0xDF, 0xD9, 0x20, 0x19, 0x90, 0xF4, 0xA5, 0x49, 0x45, 0x90, 0x96, 0x75, 0xF1, 0x4F,
    0xF6, 0xF5, 0xCA, 0xEC, 0x5E, 0xA2, 0xB0, 0x2C, 0x1A, 0x7E, 0xAB, 0x91, 0xF6, 0x63, 0x39, 0x19,
    0xE5, 0x93, 0x5A, 0x69, 0x36, 0x33, 0xE4, 0xC8, 0xA7, 0x80, 0xA2, 0x25, 0x6F, 0x99, 0x18, 0x48,
    0xF5, 0x62, 0x86, 0x36, 0x24, 0x04, 0xA4, 0xCB, 0x4F, 0x20, 0x3E, 0x7A, 0xED, 0x26, 0x69, 0x56,
    0xBB, 0xE7, 0x67, 0xFE, 0x2C, 0x5F, 0x15, 0xAB, 0x45, 0x59, 0xD9, 0xDB, 0x75, 0x62, 0x53, 0x9B,
    0x96, 0x69, 0x99, 0x99, 0x9C, 0x9C, 0x82, 0x29, 0x07, 0x2C, 0x9A, 0xA2, 0x9E, 0xC0, 0xB5, 0xC0,
    0xF2, 0x52, 0x6C, 0x35, 0xA2, 0xB8, 0xFF, 0x50, 0xA2, 0x7A, 0xE1, 0xC8, 0x1C, 0x47, 0xB5, 0x13,
    0xDA, 0x4F, 0xC5, 0x65, 0xE6, 0xE4, 0x58, 0xC7, 0xE4, 0xE2, 0x5A, 0x3E, 0xC7, 0xD8, 0x8E, 0xC9,
    0x15, 0x8C, 0xC9, 0x7D, 0xE8, 0xC4, 0x02, 0x8B, 0x6E, 0x8C, 0xAB, 0xC2, 0x5D, 0xD8, 0x47, 0xBD,
    0x5F, 0xAE, 0x66, 0x4D, 0xDE, 0x5E, 0xE9, 0xA4, 0x46, 0x16, 0x35, 0x51, 0x13, 0x0B, 0x55, 0xE5,
    0x9A, 0x7D, 0x23, 0xEB, 0x93, 0xEE, 0x63, 0x5C, 0xE3, 0x45, 0xEE, 0x70, 0x71, 0x33, 0x89, 0xB6,
    0xC0, 0xEE, 0x87, 0x1E, 0xB3, 0xF4, 0xEF, 0xDB, 0x9B, 0x48, 0x9E, 0xE8, 0xDF, 0x66, 0xA2, 0xC7,
    0x4F, 0x9C, 0x1B, 0x24, 0x86, 0x54, 0x7C, 0x1D, 0xC7, 0x64, 0x36, 0xEB, 0x35, 0x16, 0xE8, 0x34,
    0x1E, 0x82, 0x56, 0x63, 0x22, 0x6C, 0x35, 0x2E, 0xA2, 0x56, 0x62, 0xD3, 0x60, 0x53, 0xF5, 0x5A,
    0xE3, 0x23, 0xF6, 0xAE, 0x33, 0x8E, 0x41, 0x83, 0xCF, 0x41, 0x83, 0xF7, 0x6E, 0x28, 0x40, 0x13,
    0x99, 0xF2, 0xEE, 0xA6, 0x4E, 0xD2, 0x69, 0x32, 0x77, 0xC4, 0xA7, 0x70, 0x18, 0x74, 0x9A, 0xCC,
    0x40, 0x4F, 0xD0, 0x43, 0xCF, 0x92, 0xB8, 0x95, 0x9C, 0x2A, 0x29, 0x48, 0x56, 0xBA, 0xF0, 0x47,
    0x72, 0xD3, 0x62, 0x65, 0x54, 0xF3, 0x4E, 0xD2, 0x04, 0x43, 0xDA, 0x84, 0x7D, 0x5C, 0x2A, 0x54,
    0xFD, 0x5B, 0x94, 0xD9, 0x50, 0xD9, 0xBC, 0xBF, 0x5D, 0x5F, 0xEE, 0x12, 0x1B, 0x74, 0xA9, 0x0D,
    0xDB, 0xB4, 0x8C, 0x64, 0x6B, 0x32, 0x13, 0x35, 0x39, 0x71, 0x5D, 0x90, 0x58, 0xD9, 0xA6, 0x3A,
    0xA3, 0xA7, 0xE5, 0xA2, 0xC9, 0x4C, 0x51, 0x67, 0x4F, 0x00, 0xD6, 0x78, 0xFE, 0xB4, 0x07, 0xD7,
    0x42, 0x55, 0x02, 0x81, 0x26, 0xD9, 0x00, 0x3B, 0x6F, 0x00, 0x17, 0x2F, 0xF9, 0x27, 0x1A, 0x22,
    0x2B, 0x82, 0xD9, 0xEC, 0x3E, 0xBE, 0x57, 0x7C, 0xB7, 0x30, 0x88, 0xF4, 0x22, 0xA3, 0xA9, 0x44,
    0x45, 0x19, 0xAA, 0x28, 0x3D, 0x11, 0x3B, 0x15, 0x7E, 0x37, 0x05, 0xDA, 0x1D, 0x21, 0xB5, 0x96,
    0x5C, 0x82, 0x98, 0x53, 0x10, 0x0C, 0x14, 0x0F, 0xF7, 0x5B, 0x52, 0xE7, 0x4A, 0x82, 0xAA, 0x07,
    0xC2, 0x86, 0x0B, 0xAF, 0x73, 0x7D, 0x87, 0x78, 0x45, 0xB2, 0x62, 0x72, 0xDF, 0xD3, 0xD3, 0x4F,
    0x2F, 0xC7, 0x0A, 0x5B, 0xF9, 0x44, 0xEB, 0xCF, 0x4F, 0x39, 0x91, 0x0A, 0x7E, 0xF1, 0x01, 0x8B,
    0x81, 0xBC, 0xD1, 0x99, 0x7C, 0xE1, 0x67, 0x9B, 0xF5, 0x9E, 0x8C, 0x85, 0xAB, 0x7E, 0xAE, 0xC9,
    0x6A, 0x8D, 0x71, 0x61, 0xC4, 0xC2, 0x41, 0x83, 0x4D, 0x5A, 0x10, 0x82, 0xA5, 0x76, 0xF4, 0x0A,
    0xBD, 0x6C, 0x77, 0x6A, 0x6F, 0xAB, 0x65, 0xCE, 0x89, 0xE5, 0xCB, 0xCA, 0x02, 0x45, 0x93, 0xAA,
    0x95, 0x9A, 0xE6, 0xD4, 0xA7, 0x3C, 0xF7, 0x76, 0x28, 0xC7, 0x38, 0xB6, 0xC1, 0x83, 0xE9, 0xD7,
    0x76, 0x63, 0xDD, 0xF1, 0x26, 0x38, 0xD2, 0xE1, 0xC9, 0x76, 0x5E, 0xF1, 0x07, 0x44, 0x0F, 0xA1,
    0xCA, 0x8D, 0xF1, 0xAD, 0x76, 0xE1, 0x8F, 0x06, 0x5C, 0xF5, 0x7C, 0xC7, 0xD3, 0xCB, 0x78, 0x8E,
    0x29, 0x11, 0xBE, 0x40, 0x8E, 0x48, 0xE2, 0x5A, 0x0A, 0x91, 0x69, 0xBC, 0xDC, 0x65, 0x1E, 0xB7,
    0x30, 0xCF, 0x4B, 0x38, 0x7C, 0x00, 0x08, 0x70, 0x74, 0xC6, 0x74, 0x49, 0x4D, 0x30, 0x44, 0x8D,
    0x2F, 0x86, 0x47, 0x6D, 0xD8, 0x9A, 0x2B, 0x8F, 0x82, 0x1F, 0xB6, 0x95, 0xC3, 0xD5, 0xCE, 0x71,
    0xA0, 0x3D, 0xBC, 0x3D, 0x6E, 0x09, 0x4C, 0xE0, 0xF1, 0x4A, 0xEA, 0xC2, 0x71, 0xC0, 0x42, 0x18,
    0x4D, 0x0C, 0x21, 0x3D, 0xAA, 0xE5, 0x6E, 0x55, 0xE3, 0x7E, 0xB2, 0x02, 0xA9, 0x3A, 0x2E, 0xBD,
    0x3F, 0xBD, 0x00, 0x3F, 0x57, 0x3D, 0xDC, 0x6A, 0x58, 0x32, 0x40, 0x64, 0xE9, 0x21, 0xB6, 0x72,
    0xFB, 0xBD, 0x67, 0x2B, 0x9D, 0xFD, 0x45, 0x9C, 0xCC, 0x91, 0xA4, 0xF0, 0xA2, 0x04, 0x17, 0xF5,
    0x24, 0x4B, 0xCE, 0x2F, 0xB5, 0x11, 0x3F, 0x9C, 0x7A, 0xE8, 0x24, 0xB1, 0xED, 0x58, 0x92, 0xCF,
    0x53, 0x2F, 0xCA, 0x39, 0x14, 0x1A, 0xC2, 0x81, 0x56, 0x7D, 0x8B, 0x9A, 0xC9, 0x29, 0x4C, 0x76,
    0xF3, 0xB3, 0x3B, 0xAA, 0xAD, 0x6A, 0x89, 0x0E, 0x4F, 0xAA, 0x9A, 0xFD, 0x9F, 0x38, 0x4F, 0x8C,
    0xCF, 0x4D, 0x13, 0xD3, 0xCF, 0xFC, 0x7D, 0xCF, 0xB2, 0xF5, 0x67, 0x49, 0xB4, 0x24, 0xD4, 0xCB,
    0x63, 0xB6, 0x1D, 0x9F, 0xBB, 0xBB, 0xA2, 0xBF, 0xAB, 0x99, 0xBD, 0x24, 0xC2, 0xB9, 0xD3, 0x47,
    0x26, 0xEE, 0x91, 0xBE, 0x67, 0xB2, 0xDC, 0x4E, 0x2C, 0x91, 0x61, 0x88, 0xA1, 0x4F, 0xA0, 0xBB,
    0x40, 0xD0, 0x5E, 0x23, 0x6C, 0x77, 0x88, 0xDA, 0xEB, 0x3F, 0x7D, 0xAE, 0x32, 0x1A, 0xD4, 0xF8,
    0x32, 0xAA, 0xDB, 0xE2, 0x2E, 0x2C, 0x1A, 0xC8, 0xCB, 0xE3, 0xBC, 0x35, 0xF1, 0x6D, 0xE6, 0x9A,
    0xBA, 0x5A, 0x33, 0xB6, 0xA7, 0x97, 0xA4, 0xCA, 0xB1, 0x79, 0x04, 0x7A, 0xC0, 0xB0, 0x51, 0x8B,
    0x1A, 0x4F, 0xC1, 0x8C, 0x4B, 0x52, 0x8A, 0x60, 0x44, 0x62, 0x83, 0xC2, 0xB3, 0xC0, 0xC3, 0xC0,
    0xD3, 0xC0, 0xE3, 0xF8, 0x40, 0xA7, 0xC2, 0x4B, 0xA9, 0x9D, 0xA6, 0xE5, 0xC7, 0xFE, 0x8B, 0x53,
    0xA1, 0x7A, 0xDF, 0x0E, 0xF7, 0xC9, 0x7A, 0x4D, 0xFE, 0x46, 0x53, 0x74, 0xAA, 0x4B, 0xD5, 0xF6,
    0xF8, 0x0A, 0x87, 0x7E, 0x1D, 0xAB, 0x66, 0xAA, 0x17, 0x9E, 0xA1, 0xC3, 0x2F, 0x3F, 0xD1, 0xE1,
    0x64, 0x0D, 0x79, 0xC7, 0x55, 0xC9, 0x67, 0x94, 0xD2, 0xF1, 0x19, 0xD0, 0x91, 0xB6, 0x7A, 0x9F,
    0x68, 0x02, 0x27, 0x87, 0xCB, 0x0F, 0xB8, 0xF1, 0xE4, 0x19, 0xB0, 0xFE, 0x38, 0x83, 0x33, 0x5C,
    0x02, 0xD8, 0x28, 0xBC, 0xB9, 0x71, 0x4D, 0x6D, 0x31, 0xE0, 0xEF, 0x65, 0x96, 0xDE, 0x5F, 0x73,
    0xF8, 0x7B, 0x19, 0x67, 0x04, 0xE7, 0xDA, 0xAD, 0x5F, 0x8C, 0x7F, 0xBF, 0x56, 0x24, 0xF1, 0xDF,
    0xB7, 0xEA, 0xC9, 0x57, 0xBB, 0xCD, 0xBD, 0xCC, 0xA0, 0x60, 0xD2, 0xF2, 0x3E, 0x89, 0x15, 0x2F,
    0xD4, 0x33, 0x93, 0x9B, 0xD4, 0x42, 0x8E, 0xAC, 0x71, 0xA0, 0x20, 0xA9, 0x33, 0x23, 0x1E, 0xB5,
    0xE2, 0x53, 0xC2, 0x3E, 0xF7, 0x60, 0x86, 0xC2, 0x43, 0x79, 0x30, 0xF5, 0x5E, 0x1C, 0xA0, 0x19,
    0xE4, 0x4B, 0x7C, 0x61, 0x72, 0x90, 0x90, 0x0C, 0xC9, 0xE0, 0x7B, 0x28, 0x1A, 0xD0, 0x39, 0x27,
    0xEC, 0x8F, 0x0B, 0x1E, 0x61, 0x8D, 0xE2, 0x84, 0x04, 0xA2, 0xE1, 0xEA, 0x92, 0x78, 0x55, 0x39,
    0x3B, 0xA9, 0x8E, 0xF6, 0x2D, 0x0B, 0x93, 0xD4, 0x1C, 0x48, 0x94, 0x87, 0x7A, 0x53, 0x22, 0xD2,
    0x93, 0xAA, 0x94, 0x41, 0x47, 0x66, 0xC2, 0x76, 0x2D, 0x51, 0x4B, 0xCE, 0x95, 0x47, 0x14, 0xBB,
    0x95, 0xA3, 0x68, 0x9D, 0x23, 0x6B, 0x81, 0xE0, 0x7F, 0x03, 0xA3, 0x8E, 0xF1, 0xB9, 0x4B, 0x6C,
    0xBD, 0x4F, 0x80, 0x13, 0xE6, 0xF5, 0xE5, 0x00, 0x82, 0xF6, 0xF8, 0x46, 0xDC, 0x00, 0x10, 0x04,
    0x6A, 0x84, 0x5F, 0x83, 0x71, 0x3C, 0x5C, 0x84, 0xB3, 0x8F, 0x97, 0x4B, 0xE7, 0x40, 0x16, 0x7C,
    0x1B, 0xB0, 0xC1, 0xC9, 0x0F, 0x41, 0x09, 0x1F, 0x0A, 0xFB, 0x58, 0x73, 0x3F, 0xD7, 0x8C, 0x9E,
    0x3D, 0xBD, 0xCC, 0x33, 0xFF, 0x65, 0xCD, 0xA2, 0x83, 0xFC, 0x47, 0x6E, 0x09, 0x57, 0xDD, 0x77,
    0x9C, 0x96, 0x8B, 0x0B, 0x08, 0x3B, 0x72, 0xD0, 0x28, 0xFC, 0xB5, 0x5A, 0x22, 0x9E, 0xAA, 0xCE,
    0x91, 0x98, 0xEF, 0x6C, 0x9E, 0xEC, 0x4A, 0x40, 0x03, 0xC1, 0xED, 0x2F, 0xB2, 0x34, 0x91, 0x1B,
    0x70, 0x36, 0x72, 0x3D, 0x95, 0xC6, 0x74, 0xEE, 0xEC, 0xF7, 0xE8, 0xF8, 0x5D, 0x84, 0xB0, 0xF6,
    0x1E, 0xD9, 0xA7, 0x7B, 0x5C, 0x7A, 0xFF, 0x7F, 0xDE, 0xF8, 0xA5, 0x8D, 0x17, 0x27, 0x3D, 0x0A,
    0xF0, 0xA2, 0xA1, 0x8D, 0x2F, 0x79, 0x5E, 0x42, 0x03, 0xBC, 0x24, 0x92, 0x97, 0x10, 0xCC, 0x76,
    0xC7, 0x8F, 0xAB, 0xBD, 0x5D, 0x75, 0x1D, 0x10, 0xE8, 0x44, 0xAA, 0x05, 0xD8, 0x16, 0xAD, 0xC0,
    0xF6, 0xB0, 0x42, 0xDF, 0xF6, 0xE8, 0x80, 0x8A, 0xA4, 0x06, 0x0A, 0x89, 0x4B, 0x8B, 0xA8, 0x20,
    0xE0, 0xA7, 0xDE, 0xE6, 0xDE, 0x0E, 0xC5, 0x72, 0x86, 0x91, 0x15, 0xDE, 0xE6, 0xDE, 0x06, 0xB5,
    0xA0, 0xE7, 0xBE, 0x9F, 0x4A, 0xB5, 0x2C, 0x5B, 0x53, 0x94, 0xB0, 0x30, 0xA4, 0xAD, 0x0C, 0x38,
    0x62, 0xF7, 0x56, 0xD5, 0x1D, 0x47, 0xE4, 0xAB, 0xB2, 0x12, 0xBB, 0x81, 0xD8, 0xD9, 0x8D, 0x24,
    0x4E, 0x7E, 0xE3, 0x3A, 0xC2, 0xD5, 0x9E, 0xDE, 0x75, 0x56, 0x12, 0x59, 0xE1, 0xA7, 0xF2, 0xA9,
    0xC8, 0x4D, 0x91, 0x39, 0x4C, 0x45, 0xE6, 0x6B, 0x63, 0xA0, 0x30, 0x71, 0x4B, 0xF6, 0xA8, 0xAA,
    0x49, 0x9C, 0x63, 0xFB, 0xB6, 0x49, 0x54, 0x5E, 0x57, 0xB3, 0xF7, 0x46, 0x74, 0xA8, 0xCC, 0x19,
    0xA2, 0x33, 0xE1, 0x22, 0x24, 0xB4, 0x90, 0x7C, 0xB7, 0x86, 0xC8, 0x49, 0x6F, 0xAF, 0x38, 0x59,
    0x4E, 0x5C, 0xDA, 0x55, 0xFB, 0x9D, 0x5A, 0xED, 0x07, 0x56, 0x71, 0x7D, 0xEB, 0x2C, 0x71, 0xD2,
    0xA0, 0x83, 0x7F, 0x29, 0x21, 0xFA, 0x3A, 0x10, 0xFF, 0xB1, 0xC8, 0x73, 0x20, 0x7A, 0xB8, 0x18,
    0x23, 0x52, 0x0C, 0xBE, 0x5E, 0x5B, 0xFB, 0x23, 0xE7, 0xB2, 0x6F, 0x49, 0x05, 0xC8, 0x0B, 0x0F,
    0x74, 0xCD, 0x5A, 0xD4, 0xC4, 0x3D, 0x87, 0x90, 0x94, 0x1B, 0x34, 0x03, 0xA4, 0x46, 0xF9, 0x2C,
    0xE8, 0xE1, 0x23, 0x1B, 0x48, 0x41, 0x77, 0xBC, 0x6A, 0xCE, 0x3F, 0xD3, 0x02, 0x78, 0x5C, 0xAF,
    0xE8, 0xBE, 0x67, 0xF6, 0xCB, 0xAD, 0xE7, 0xA2, 0xFB, 0x7A, 0x28, 0x4F, 0x2F, 0xD2, 0x7D, 0x8F,
    0x30, 0x7E, 0x38, 0x9B, 0x19, 0xBF, 0x3F, 0x4D, 0x2C, 0xB0, 0x81, 0x99, 0xFA, 0x7D, 0x15, 0x3D,
    0xCA, 0x06, 0xAB, 0xDF, 0xF7, 0x6C, 0x33, 0x03, 0x6C, 0x00, 0xE7, 0x10, 0x7C, 0x49, 0x29, 0x17,
    0x26, 0x47, 0xEF, 0x98, 0x1A, 0x09, 0xBF, 0x40, 0x97, 0xA0, 0x2B, 0xB3, 0xDF, 0x71, 0xA0, 0xFB,
    0xE3, 0xD4, 0x95, 0xBC, 0xDF, 0xF7, 0xA8, 0xAB, 0x46, 0x69, 0xC7, 0x6E, 0x50, 0xE0, 0xF9, 0xC3,
    0x95, 0x32, 0x3F, 0xA0, 0x50, 0xEC, 0x3D, 0xB9, 0x92, 0x6F, 0x15, 0xBE, 0xFE, 0x92, 0x9B, 0xEA,
    0x2B, 0xE6, 0x50, 0x3C, 0x9C, 0xBD, 0x2A, 0xBE, 0x68, 0x3C, 0x03, 0x27, 0x5E, 0x98, 0xF8, 0x07,
    0x1D, 0xEF, 0xCA, 0x88, 0xFD, 0xBB, 0xD5, 0x5E, 0xA7, 0x3D, 0x52, 0xB9, 0x5A, 0x3B, 0x25, 0x5B,
    0xA1, 0x7F, 0xBB, 0xE3, 0xCB, 0x77, 0x64, 0xD5, 0x62, 0x03, 0x2C, 0x1E, 0xBF, 0x07, 0x35, 0xE8,
    0xF3, 0xF6, 0x5B, 0x4E, 0x32, 0x97, 0x56, 0x75, 0xD6, 0xC9, 0x4A, 0x22, 0x9D, 0x74, 0x88, 0xBD,
    0xF9, 0x29, 0x47, 0x82, 0xA5, 0xD0, 0x2F, 0x78, 0xA0, 0x76, 0xB5, 0x47, 0xFB, 0xBE, 0xD9, 0x44,
    0x0B, 0xC5, 0x6C, 0x51, 0x6A, 0x98, 0x8A, 0x7A, 0x63, 0x73, 0x6D, 0x87, 0x43, 0x6D, 0xFC, 0xC9,
    0x3A, 0x4A, 0x9F, 0xEB, 0x04, 0xB4, 0xBC, 0xAF, 0x19, 0x54, 0xBD, 0x4E, 0x3F, 0x79, 0x0D, 0x4C,
    0x00, 0x76, 0x8E, 0x97, 0xEA, 0x2D, 0x44, 0x43, 0xD2, 0x13, 0xAF, 0x16, 0x8E, 0xF5, 0x4C, 0x52,
    0xC1, 0xA2, 0x2C, 0xE0, 0xC0, 0xAF, 0xF7, 0x2F, 0x8D, 0x6B, 0x59, 0xFD, 0x93, 0x8F, 0x45, 0xAE,
    0x3C, 0xD2, 0x2A, 0xAC, 0xD5, 0x7A, 0xC9, 0x59, 0xC2, 0xB0, 0x59, 0xA5, 0xA6, 0x46, 0xED, 0xD3,
    0xAA, 0x92, 0xED, 0xC9, 0xE2, 0x48, 0x7D, 0xC4, 0xC0, 0x9D, 0xC7, 0x8F, 0x52, 0x39, 0x77, 0x4E,
    0x2D, 0x7D, 0x63, 0xFC, 0x06, 0x33, 0x9C, 0x21, 0x7C, 0xFE, 0x75, 0xD2, 0x6F, 0x1D, 0x8F, 0xA2,
    0x8B, 0x27, 0x8B, 0x0D, 0x6E, 0xA8, 0xDE, 0x7B, 0x7C, 0xB2, 0xED, 0x0B, 0x97, 0x58, 0xB1, 0xE4,
    0x47, 0x7B, 0x0E, 0x16, 0x9A, 0xF1, 0x00, 0x99, 0xB6, 0x96, 0x69, 0x73, 0x13, 0x55, 0x5D, 0x6B,
    0xB2, 0x99, 0xBA, 0xC0, 0x5F, 0x53, 0x33, 0xA7, 0x07, 0x96, 0xA3, 0x88, 0xB5, 0x00, 0xB1, 0x06,
    0xC4, 0xB0, 0xD1, 0xFF, 0xAF, 0x3A, 0x05, 0x3A, 0x6E, 0x6A, 0x68, 0xC2, 0xB4, 0x26, 0xFF, 0xD7,
    0x5B, 0xFA, 0x1A, 0xBA, 0x5B, 0x6A, 0x03, 0x77, 0xB7, 0x17, 0x82, 0xD6, 0x2F, 0x94, 0xE2, 0x12,
    0x16, 0x4B, 0x22, 0xE7, 0x6C, 0xF2, 0x70, 0xDF, 0xA6, 0x65, 0x6C, 0x53, 0x13, 0x98, 0xB4, 0x86,
    0x64, 0x65, 0x08, 0xE4, 0xC0, 0xE7, 0x9D, 0xCE, 0x54, 0x9F, 0x20, 0x35, 0x87, 0x64, 0x54, 0xB3,
    0x8A, 0xC2, 0x0D, 0x24, 0xBE, 0xB1, 0x8F, 0x6B, 0xB4, 0x1A, 0x46, 0x7C, 0x41, 0xF4, 0x5C, 0x70,
    0xFA, 0x72, 0xD6, 0xC3, 0x24, 0x6F, 0xC0, 0x27, 0xAF, 0x01, 0x3C, 0x4F, 0xCE, 0xA7, 0xB0, 0x3F,
    0x47, 0x97, 0xF7, 0xC8, 0xB7, 0x65, 0x45, 0xD3, 0xE7, 0xCF, 0xD4, 0x37, 0x1B, 0x36, 0x7E, 0xBE,
    0x48, 0xD0, 0x4C, 0x82, 0xD1, 0x33, 0xF5, 0x4E, 0x15, 0x4E, 0x1F, 0x95, 0x0B, 0x2F, 0x42, 0xFC,
    0x0E, 0x84, 0x96, 0xE7, 0xE5, 0xA0, 0x73, 0xF7, 0xE0, 0x75, 0x3A, 0xDB, 0x7B, 0x38, 0x3B, 0xBC,
    0x41, 0x62, 0x79, 0xF7, 0x0E, 0xA9, 0xA5, 0xFB, 0x4D, 0xD1, 0x2F, 0x7D, 0x90, 0xF2, 0xE6, 0x1D,
    0xD5, 0xC3, 0x51, 0x66, 0x3D, 0xA0, 0x90, 0xB6, 0xEA, 0x21, 0x45, 0xAA, 0x5A, 0x76, 0x0B, 0xF4,
    0xEA, 0x12, 0xAA, 0x8E, 0xFF, 0x98, 0xA8, 0x66, 0xA3, 0x2B, 0xCF, 0x9B, 0xA3, 0xD9, 0xFE, 0xD2,
    0x4F, 0x56, 0x7C, 0x2B, 0xD7, 0x56, 0xAE, 0xD9, 0x7B, 0xB8, 0x3B, 0x7E, 0xAE, 0xBB, 0xAD, 0x17,
    0x4F, 0xF5, 0x33, 0x2F, 0xFE, 0x68, 0xC8, 0x5D, 0x1B, 0x6F, 0x0F, 0x75, 0x5E, 0x6B, 0xCA, 0x2F,
    0x6D, 0x66, 0xDE, 0x73, 0x7A, 0xC0, 0xE4, 0xFA, 0xE8, 0x16, 0xD0, 0x70, 0x2A, 0x11, 0xBD, 0xCE,
    0x39, 0xB8, 0x47, 0x0F, 0x4D, 0xD0, 0x11, 0x58, 0x61, 0x20, 0x12, 0x95, 0xD1, 0x5A, 0xCC, 0x9A,
    0xC4, 0xA6, 0xBC, 0xB9, 0xA6, 0xF1, 0xF4, 0x47, 0x2D, 0x2A, 0x39, 0x28, 0x9B, 0x63, 0x99, 0xC3,
    0x9A, 0x90, 0xE4, 0xDC, 0x82, 0x52, 0x3A, 0x89, 0xEC, 0x7F, 0xCE, 0x00, 0xD1, 0xEF, 0x59, 0xD1,
    0x57, 0xCA, 0xA7, 0x66, 0xCF, 0x33, 0x67, 0x3F, 0x19, 0x3F, 0x0E, 0xDC, 0x6C, 0x1A, 0xF1, 0x40,
    0xEE, 0x7A, 0x2E, 0x1F, 0xBD, 0x3A, 0x7E, 0x91, 0x40, 0xB7, 0xB8, 0x86, 0x97, 0x8B, 0x15, 0x3F,
    0x5F, 0x3C, 0x2A, 0x53, 0x9B, 0xCA, 0x66, 0xD2, 0x66, 0x41, 0xE2, 0x06, 0x02, 0xE7, 0x1F, 0xFB,
    0xE9, 0xA4, 0x9F, 0xF6, 0x7A, 0xD0, 0x9D, 0xBC, 0xD6, 0x01, 0xB6, 0x2D, 0x12, 0xA7, 0x6E, 0xD0,
    0x37, 0x20, 0xDC, 0x20, 0xE1, 0x4C, 0x1E, 0xBC, 0x1A, 0xB5, 0x8C, 0x67, 0xE7, 0x5A, 0x43, 0x88,
    0xC5, 0x7A, 0x12, 0xAB, 0x79, 0xA4, 0x1B, 0x93, 0xC0, 0x5B, 0xB5, 0xA8, 0x25, 0x33, 0x1A, 0x50,
    0x8E, 0xC6, 0x24, 0x96, 0x58, 0x65, 0x94, 0x6E, 0xAC, 0x54, 0xCB, 0x0D, 0x85, 0x51, 0x78, 0x79,
    0x09, 0xF7, 0x21, 0xF3, 0x35, 0x8A, 0xB4, 0x27, 0xD3, 0x7E, 0xF1, 0x24, 0x9C, 0xDB, 0xBC, 0xEF,
    0x77, 0x17, 0x6D, 0xF0, 0x1E, 0xBC, 0xF4, 0xA8, 0x81, 0xEB, 0x85, 0x85, 0x8F, 0x4F, 0xA0, 0x6A,
    0x62, 0x47, 0x55, 0x27, 0x2B, 0xF6, 0xEA, 0x89, 0x56, 0x55, 0xB4, 0xD7, 0x0E, 0x7D, 0x25, 0x27,
    0x35, 0xF4, 0x64, 0x26, 0xE8, 0xC8, 0x59, 0x4B, 0x81, 0x7F, 0x39, 0x46, 0x24, 0x6D, 0x28, 0xE4,
    0x7D, 0xF8, 0xCC, 0xFD, 0xC8, 0x71, 0xDE, 0xBD, 0xB2, 0xDC, 0xDE, 0xA2, 0xFB, 0xFB, 0x73, 0x6F,
    0x67, 0x88, 0xCD, 0x44, 0x62, 0xD7, 0x9B, 0xE5, 0xD4, 0x95, 0x27, 0x8B, 0x25, 0xE1, 0x1E, 0x62,
    0xAF, 0xD4, 0x23, 0x3A, 0xE1, 0x8A, 0x33, 0x44, 0xE7, 0x02, 0x35, 0xA4, 0x3A, 0x0B, 0x3A, 0xA3,
    0x65, 0xC1, 0x93, 0x45, 0xB4, 0xFD, 0x3B, 0xF0, 0xF6, 0x55, 0xD5, 0xE0, 0xF7, 0xD5, 0xF8, 0x37,
    0x6F, 0x17, 0xCF, 0x12, 0x30, 0x40, 0xA3, 0x81, 0xE0, 0x0F, 0x80, 0xE8, 0x3C, 0x10, 0x7E, 0x0F,
    0x60, 0xF7, 0xA4, 0xD1, 0xFD, 0x9A, 0x19, 0x55, 0x63, 0xB4, 0xAA, 0xA1, 0x75, 0x8D, 0x33, 0x04,
    0x4B, 0x53, 0xD0, 0x3A, 0x92, 0x86, 0x9F, 0xEC, 0x9C, 0x24, 0xA2, 0x33, 0x84, 0xA1, 0x51, 0xE5,
    0xAE, 0xB7, 0x7B, 0xE3, 0x67, 0x33, 0x81, 0x81, 0x13, 0xA5, 0xC2, 0x0E, 0xC0, 0x35, 0x91, 0x17,
    0x8F, 0x97, 0x1C, 0x17, 0xE1, 0x27, 0x6E, 0x6C, 0x2F, 0xF8, 0x28, 0x80, 0x97, 0xAF, 0x83, 0xBF,
    0xD5, 0x4B, 0x1A, 0x22, 0xB7, 0x94, 0xBD, 0xB4, 0x21, 0x76, 0xC3, 0xDE, 0x23, 0x43, 0xDE, 0x10,
    0x2C, 0xBE, 0xA8, 0xF7, 0xBB, 0xB2, 0x21, 0x7B, 0x55, 0x0B, 0x87, 0x12, 0x04, 0xEF, 0xB5, 0xD0,
    0x13, 0x76, 0x84, 0xFF, 0xA1, 0x2B, 0xB1, 0xA0, 0x23, 0xFA, 0x76, 0x47, 0xDC, 0x28, 0xEE, 0xBF,
    0x54, 0xD6, 0x92, 0x40, 0x29, 0xF1, 0xCB, 0x5E, 0x4E, 0x8F, 0xAF, 0xD4, 0x4F, 0xF1, 0x65, 0xBE,
    0x39, 0x87, 0x9B, 0xBA, 0xDF, 0x01, 0x3D, 0x83, 0xB4, 0xCA, 0x74, 0xAD, 0x87, 0x0A, 0xA8, 0x58,
    0xEB, 0x61, 0x62, 0x81, 0x3C, 0xA9, 0x99, 0x67, 0xA5, 0xEC, 0x7D, 0xCE, 0x32, 0x2F, 0x00, 0xB2,
    0x7D, 0xC3, 0x74, 0x0E, 0x90, 0x56, 0x30, 0x1D, 0x74, 0x6F, 0x09, 0x45, 0xA7, 0x7B, 0x83, 0x0F,
    0x1A, 0x92, 0x0E, 0x72, 0x3F, 0x77, 0xB5, 0xDA, 0x73, 0xE3, 0x42, 0x03, 0xBF, 0x60, 0xBD, 0xD7,
    0x8D, 0x72, 0xA0, 0x28, 0x33, 0x67, 0xD7, 0xBE, 0x28, 0x73, 0x67, 0xF7, 0x1E, 0xE1, 0xEC, 0x95,
    0x23, 0x13, 0xB5, 0x81, 0xB3, 0xFA, 0xAE, 0x49, 0xE4, 0x6C, 0x6A, 0xD7, 0x1E, 0x7F, 0xB7, 0xCE,
    0x4A, 0xC2, 0x2E, 0xFD, 0xDB, 0xBA, 0x80, 0xA0, 0xCF, 0x3F, 0xDB, 0x48, 0x3E, 0x43, 0x11, 0x7F,
    0x7B, 0x10, 0xBF, 0x1F, 0xFD, 0xA0, 0x05, 0x1E, 0x0C, 0xD1, 0x8F, 0x1B, 0x60, 0xD1, 0x45, 0xCE,
    0x22, 0x11, 0x85, 0xCE, 0x88, 0xD7, 0x3A, 0x53, 0x90, 0xDB, 0x60, 0x18, 0xF5, 0xCD, 0x47, 0xEF,
    0xF9, 0x3E, 0xD1, 0xB3, 0xDC, 0x8F, 0xEE, 0xB5, 0xBE, 0x76, 0x64, 0x26, 0xD5, 0xAB, 0x61, 0x0F,
    0x03, 0x0C, 0xDA, 0x09, 0xF7, 0x49, 0x6A, 0x61, 0x26, 0x48, 0x8A, 0xCD, 0xD8, 0x1C, 0x80, 0xF4,
    0xAF, 0x3A, 0xD1, 0xBF, 0x6E, 0x80, 0xF8, 0xFB, 0x16, 0x88, 0x1C, 0x40, 0x38, 0x80, 0x84, 0xF9,
    0xF4, 0xB5, 0xD6, 0x13, 0x4F, 0xBF, 0x83, 0xBD, 0x87, 0xFA, 0x53, 0x77, 0xAC, 0xFE, 0x07, 0xFE,
    0x7E, 0x13, 0x76, 0xAE, 0x69, 0xC3, 0x89, 0x2C, 0xA8, 0x4D, 0xEA, 0x9A, 0x60, 0xBF, 0x9C, 0xAC,
    0xB4, 0xEA, 0x31, 0xB0, 0x56, 0xBD, 0x31, 0xAD, 0x63, 0x5D, 0x80, 0xA5, 0x56, 0x5A, 0xCE, 0xF4,
    0x3C, 0x2B, 0xB4, 0x99, 0xFB, 0x1A, 0xC3, 0x00, 0x7E, 0x04, 0x81, 0x6B, 0x54, 0xED, 0xE3, 0xF2,
    0xFC, 0x62, 0xB4, 0x6A, 0xEE, 0x8F, 0x23, 0xBC, 0x23, 0x39, 0x33, 0x5F, 0x28, 0xC0, 0x25, 0x40,
    0xD6, 0x30, 0xFA, 0xDB, 0xD1, 0xB1, 0xFC, 0xC9, 0x37, 0x4E, 0x23, 0x3D, 0x26, 0xA3, 0x87, 0x77,
    0x6F, 0x6E, 0x2A, 0x4B, 0x4B, 0xD5, 0x81, 0xFB, 0xB3, 0xD9, 0x6B, 0x3D, 0x1D, 0x24, 0xAD, 0x68,
    0xAE, 0x2B, 0xEB, 0x6A, 0x7B, 0x64, 0xFD, 0x1A, 0xC8, 0xAC, 0xA2, 0x19, 0x95, 0x26, 0x3E, 0xC0,
    0xD7, 0x1F, 0xD1, 0xAF, 0x53, 0xFD, 0x3A, 0x63, 0x31, 0x9B, 0xCD, 0xF6, 0xB5, 0xAA, 0xB5, 0xC2,
    0x69, 0x20, 0x70, 0x69, 0x73, 0xAF, 0xF5, 0x0E, 0x04, 0x8D, 0xC4, 0xBD, 0x5A, 0x6F, 0xCB, 0xF8,
    0x9B, 0xB7, 0x86, 0xA4, 0x8C, 0xDB, 0xB4, 0xCC, 0xEC, 0x84, 0x0A, 0x04, 0x64, 0xD2, 0x40, 0x51,
    0xC2, 0x92, 0xDD, 0xA8, 0xA3, 0xCD, 0xEA, 0xA0, 0x5D, 0xBC, 0x75, 0xAB, 0xA9, 0x9C, 0x6B, 0xB4,
    0x46, 0x0E, 0xE7, 0x46, 0xD9, 0xEE, 0x9C, 0xC6, 0x6C, 0xDF, 0xF0, 0x99, 0x72, 0xF1, 0x79, 0x33,
    0x35, 0x06, 0xE0, 0x2B, 0xAA, 0x37, 0x45, 0xE0, 0x14, 0xE6, 0x1B, 0x04, 0x86, 0xE0, 0x6B, 0x27,
    0x92, 0xF3, 0x7F, 0x02, 0x65, 0xD0, 0x21, 0x6C, 0x25, 0x55, 0x18, 0xC5, 0xF1, 0xDF, 0xCC, 0xD0,
    0x1D, 0x31, 0x21, 0x17, 0x41, 0x20, 0x24, 0x0D, 0x63, 0x70, 0x6C, 0xF2, 0xF0, 0x59, 0x3A, 0xD7,
    0x0B, 0x52, 0xC1, 0x5B, 0x44, 0x05, 0x16, 0x57, 0x8B, 0x68, 0xE9, 0x78, 0xC3, 0x2A, 0xF4, 0x7A,
    0x03, 0x02, 0x81, 0xE8, 0xE6, 0x5D, 0xAF, 0xC6, 0xAB, 0x27, 0xA8, 0xC0, 0x8D, 0x78, 0x24, 0x53,
    0x32, 0xED, 0xE5, 0xCD, 0x20, 0x5E, 0x36, 0x9C, 0x7B, 0xEE, 0xFF, 0x73, 0x27, 0x39, 0x07, 0x4D,
    0x15, 0xA1, 0xFE, 0x06, 0x54, 0x13, 0x28, 0x46, 0xFF, 0x53, 0x91, 0x67, 0x28, 0xF3, 0x13, 0x14,
    0xDF, 0x3F, 0x83, 0x90, 0x41, 0xD7, 0x81, 0x77, 0x9B, 0x08, 0x53, 0xDB, 0xA3, 0x1A, 0x43, 0x42,
    0x3D, 0x34, 0x09, 0xA1, 0xAF, 0x07, 0x74, 0xAA, 0x3D, 0x6E, 0x55, 0x23, 0x9E, 0xB6, 0xAF, 0x47,
    0xAA, 0x9C, 0xF3, 0x81, 0xFA, 0x78, 0x66, 0x42, 0x62, 0x66, 0x83, 0x77, 0xDC, 0xE2, 0x27, 0x66,
    0x74, 0x3E, 0x7D, 0x8C, 0xCE, 0xEE, 0xBE, 0xDD, 0xE5, 0x24, 0xE4, 0x29, 0xE7, 0x7E, 0x39, 0x42,
    0x99, 0x54, 0x3F, 0x53, 0xCE, 0xB8, 0xF4, 0x9E, 0x36, 0x8F, 0x8A, 0x9C, 0x63, 0xF5, 0x78, 0x9D,
    0xEA, 0xD4, 0x0C, 0x65, 0xAC, 0x07, 0xEA, 0xA1, 0x38, 0x46, 0x34, 0xFF, 0xFC, 0x9A, 0xBA, 0x18,
    0xFA, 0x1B, 0x21, 0x4E, 0xDA, 0xE3, 0xBF, 0xF3, 0x54, 0xE7, 0xB7, 0xBB, 0x7C, 0x37, 0xB6, 0x87,
    0x76, 0xCF, 0x6F, 0x94, 0xBF, 0x53, 0x9F, 0x73, 0xFE, 0x21, 0xB0, 0xDD, 0x46, 0x39, 0xA7, 0xF5,
    0x2F, 0x45, 0xD6, 0xB8, 0x44, 0x93, 0x08, 0xCB, 0xEF, 0x69, 0x23, 0x2D, 0x36, 0xE8, 0x70, 0x81,
    0x5B, 0xDC, 0xE0, 0x1E, 0x33, 0x26, 0x3E, 0x79, 0xBC, 0xB4, 0xCB, 0x7B, 0x39, 0x0F, 0xC4, 0x72,
    0x5F, 0x7F, 0x75, 0xFE, 0xF2, 0xA3, 0x0F, 0xA0, 0x1D, 0xBA, 0xF1, 0xCB, 0xB1, 0x5A, 0xDE, 0xBE,
    0x1E, 0xEA, 0xD4, 0xA4, 0x90, 0x42, 0xDF, 0xC6, 0xB6, 0x6F, 0x0F, 0xE1, 0x50, 0x44, 0xAE, 0xF3,
    0x9B, 0x75, 0xAF, 0x79, 0x69, 0x78, 0x95, 0xB9, 0xA3, 0x63, 0xA6, 0x55, 0x1C, 0x68, 0x95, 0x23,
    0x67, 0x2B, 0x29, 0x0F, 0x50, 0x3C, 0x83, 0xDD, 0x9F, 0xD0, 0xE6, 0x09, 0xCB, 0x0C, 0xEB, 0x19,
    0xA1, 0x9E, 0xC0, 0x6C, 0xA5, 0xCF, 0x56, 0x5E, 0xE0, 0xE0, 0x6B, 0xAA, 0x51, 0x47, 0x18, 0x6C,
    0xFE, 0x7A, 0xBD, 0x0E, 0x9F, 0x9F, 0xD6, 0x80, 0x37, 0x00, 0x5C, 0x42, 0x35, 0x42, 0x9D, 0x20,
    0x80, 0xBB, 0x27, 0x55, 0xCE, 0xA9, 0x79, 0xB8, 0x3E, 0xB6, 0xA8, 0x53, 0x88, 0x45, 0x0C, 0x03,
    0xCD, 0x73, 0x54, 0xE4, 0x89, 0x17, 0x19, 0x9B, 0xF8, 0x85, 0x10, 0xEF, 0xB5, 0x76, 0xDB, 0x9D,
    0x2E, 0xCF, 0x9A, 0x35, 0x1A, 0x97, 0x94, 0x7B, 0xAA, 0x44, 0x83, 0x4D, 0x3E, 0x6A, 0xFE, 0x8F,
    0x17, 0xDB, 0xAB, 0x87, 0xED, 0xFD, 0x2B, 0x4D, 0xF2, 0xC7, 0x8D, 0x90, 0x1C, 0x7E, 0x58, 0xF8,
    0x96, 0xD0, 0x43, 0x1B, 0x61, 0xE3, 0xC4, 0x0E, 0x5C, 0x80, 0x5B, 0x70, 0x03, 0xEE, 0x9D, 0xBA,
    0x4F, 0x50, 0x1C, 0x4E, 0x2C, 0xC7, 0x53, 0xB3, 0xEF, 0xFE, 0x8E, 0x14, 0x39, 0xF7, 0x94, 0x2B,
    0xDF, 0xD3, 0x19, 0x68, 0xC1, 0x2B, 0xF0, 0xE3, 0x69, 0x1A, 0x1F, 0x33, 0x2D, 0x91, 0xE5, 0xB8,
    0xB8, 0x1A, 0xED, 0xF2, 0xB8, 0xCB, 0xFB, 0xAB, 0x87, 0xCB, 0x26, 0x09, 0x47, 0xF7, 0xDA, 0xB8,
    0x78, 0x43, 0xE7, 0x62, 0xF5, 0x6D, 0xF7, 0xCB, 0xB1, 0xEC, 0x58, 0xE7, 0x1E, 0x78, 0xD1, 0x0B,
    0xD1, 0xE7, 0xBC, 0xE4, 0x5F, 0xD3, 0x67, 0xA8, 0x77, 0xD8, 0xEF, 0x60, 0xCF, 0xA0, 0xCB, 0x50,
    0xC1, 0xB0, 0x80, 0x81, 0x81, 0x81, 0xD6, 0x7C, 0x00, 0xD5, 0x5A, 0x01, 0x84, 0x25, 0xD9, 0x7A,
    0xFE, 0xAB, 0x6A, 0x7A, 0x8B, 0x5C, 0x54, 0xB0, 0xB3, 0xE3, 0x19, 0x52, 0x00, 0x21, 0x32, 0x05,
    0x10, 0x4C, 0xDF, 0x53, 0x12, 0x04, 0x8B, 0x6D, 0xF4, 0xED, 0x25, 0x8D, 0x81, 0x20, 0x88, 0x5C,
    0x80, 0xE0, 0xDE, 0xAE, 0x4A, 0xE0, 0x01, 0x32, 0xD8, 0x79, 0x10, 0x78, 0x00, 0xC0, 0x42, 0xB0,
    0xB8, 0xDD, 0x55, 0xBB, 0x0F, 0xB0, 0x50, 0xE2, 0x6D, 0x82, 0x20, 0x15, 0xC9, 0x20, 0x1E, 0xDE,
    0xC9, 0xDB, 0x6A, 0xAF, 0xAE, 0xD4, 0xBD, 0x27, 0xFF, 0xF7, 0x9D, 0xA3, 0xAB, 0x77, 0xB6, 0x67,
    0x32, 0xEF, 0x25, 0x22, 0xAF, 0xE6, 0xD6, 0xFF, 0x9F, 0xBE, 0xD5, 0x75, 0xFE, 0xEF, 0xFF, 0xCE,
    0x7F, 0xFE, 0xF3, 0x9F, 0xD3, 0x23, 0x22, 0x3F, 0xFE, 0x40, 0x85, 0xC4, 0x43, 0x5E, 0x43, 0xD9,
    0xBC, 0x54, 0x25, 0xE5, 0x89, 0xDC, 0x5D, 0x95, 0xD3, 0x4B, 0xA4, 0xF1, 0xEA, 0xD3, 0xDB, 0xD5,
    0x6A, 0x2D, 0x92, 0x58, 0x91, 0x67, 0xAA, 0x7A, 0x91, 0x53, 0xAF, 0x9E, 0x8B, 0xA4, 0x1D, 0x5F,
    0x58, 0xB4, 0x54, 0xD9, 0x77, 0xD5, 0x37, 0xAB, 0x95, 0xAA, 0x9C, 0x9D, 0x48, 0x11, 0x94, 0xF0,
    0x32, 0x5E, 0x2D, 0xBD, 0xDA, 0x7A, 0x75, 0xED, 0xD5, 0x4E, 0xE4, 0x03, 0x85, 0x34, 0x69, 0xB7,
    0x0A, 0x70, 0xD4, 0x8E, 0x4A, 0x79, 0xBC, 0x5F, 0xAD, 0x5E, 0xDC, 0x21, 0x72, 0x5E, 0x89, 0x3C,
    0x75, 0xFF, 0x26, 0x12, 0xF1, 0x87, 0xC5, 0x71, 0xD5, 0xB4, 0x62, 0x3A, 0x59, 0xF4, 0x72, 0x04,
    0xBE, 0x78, 0x84, 0x4C, 0x7B, 0x95, 0x1D, 0x10, 0xA5, 0x2D, 0x1D, 0x0D, 0x08, 0x96, 0xAB, 0xD5,
    0xB9, 0xC8, 0x95, 0x73, 0x07, 0xBA, 0x3B, 0xD1, 0xAC, 0x40, 0xCE, 0x48, 0xAE, 0x28, 0x2B, 0x4A,
    0x53, 0xC2, 0xFB, 0xBC, 0xC3, 0xB7, 0xD9, 0x20, 0xF1, 0x24, 0x89, 0x7B, 0xB5, 0xB6, 0x84, 0x54,
    0xAB, 0x75, 0x37, 0x08, 0xDA, 0xBD, 0xDE, 0x9D, 0x32, 0x56, 0x92, 0xAE, 0x84, 0xC6, 0xC9, 0x12,
    0x29, 0xCA, 0x70, 0xD7, 0xFE, 0x06, 0x98, 0x22, 0xC0, 0x31, 0x00, 0x14, 0x78, 0xD8, 0x04, 0x10,
    0x93, 0xD0, 0xF7, 0x8F, 0xF6, 0x67, 0xEC, 0xD6, 0x69, 0xB7, 0xBC, 0x72, 0x19, 0xC4, 0xFC, 0xE1,
    0x28, 0xCF, 0x22, 0x2B, 0xF7, 0x2F, 0xE3, 0x06, 0xBD, 0xAD, 0x3C, 0x3E, 0x9C, 0x89, 0x28, 0x98,
    0x68, 0xC0, 0xD8, 0xCA, 0x8C, 0xA3, 0x7F, 0x37, 0x8E, 0x80, 0x01, 0xF7, 0xE3, 0x9B, 0xB3, 0xD0,
    0x1D, 0x4D, 0x80, 0x22, 0xA8, 0x23, 0xD5, 0xA5, 0xA3, 0xCA, 0xBC, 0xCA, 0x3F, 0x2F, 0x69, 0x3C,
    0xA7, 0xBA, 0x46, 0x87, 0x0A, 0x5B, 0xFB, 0x87, 0x61, 0xAA, 0xB4, 0x5F, 0x74, 0x8C, 0x09, 0x8C,
    0x84, 0x14, 0x65, 0x62, 0xC9, 0x29, 0xD5, 0x24, 0x31, 0x90, 0x1E, 0x56, 0x17, 0x18, 0x2B, 0x1D,
    0xC6, 0x11, 0x4C, 0x72, 0x34, 0xF2, 0x96, 0x14, 0x18, 0xF4, 0x8A, 0x0F, 0x47, 0x63, 0x22, 0xCE,
    0x27, 0xFB, 0x52, 0x4E, 0xAA, 0xF3, 0xC6, 0xB5, 0x8A, 0x62, 0x54, 0xFA, 0xA1, 0xA4, 0xE2, 0x7B,
    0x0D, 0x24, 0x23, 0x76, 0x47, 0x13, 0x5F, 0xD0, 0xEF, 0x81, 0xD2, 0xAA, 0xFF, 0x73, 0xB0, 0x66,
    0xB3, 0x44, 0xA4, 0x9E, 0xF9, 0x40, 0x2D, 0x19, 0xA7, 0x3D, 0x18, 0x79, 0x3A, 0xC0, 0x7A, 0x34,
    0x92, 0x95, 0x49, 0xB6, 0x77, 0x72, 0x94, 0x1D, 0xE9, 0x9D, 0x48, 0xAE, 0x42, 0xCE, 0xBB, 0x8F,
    0xF6, 0xAB, 0x0B, 0x57, 0xD2, 0x38, 0x83, 0xF3, 0xA5, 0x10, 0x4F, 0x4D, 0x3C, 0x03, 0xF0, 0x5C,
    0x4E, 0xC4, 0x73, 0x4D, 0x24, 0xCB, 0x20, 0x81, 0xE7, 0x94, 0x78, 0x36, 0x44, 0x32, 0x42, 0xA6,
    0x16, 0x78, 0x9A, 0xF6, 0x3B, 0x78, 0xCC, 0x83, 0x78, 0x80, 0xE4, 0x21, 0x3C, 0xED, 0x9B, 0x78,
    0x6A, 0x8F, 0xC7, 0x12, 0x8F, 0x05, 0x9E, 0x0B, 0x8B, 0x5F, 0x8E, 0x7B, 0x20, 0x49, 0x3A, 0xC8,
    0xB8, 0x7E, 0x3B, 0x3F, 0x35, 0xE4, 0xFD, 0xE9, 0xE3, 0xA5, 0x99, 0x27, 0x31, 0xF1, 0xC0, 0x8F,
    0x79, 0x12, 0x4D, 0x10, 0xC0, 0xC3, 0x28, 0x0E, 0xD3, 0x43, 0x7C, 0x24, 0x43, 0xE3, 0x6A, 0xA9,
    0x09, 0xF0, 0xF2, 0xF5, 0xEA, 0xF2, 0xB5, 0x20, 0x48, 0x89, 0x00, 0x02, 0xD6, 0x21, 0x60, 0x1F,
    0x02, 0x08, 0x20, 0xA8, 0x0B, 0x7E, 0x08, 0xC2, 0x10, 0x46, 0x40, 0xB2, 0x0D, 0x7A, 0x17, 0x30,
    0x8D, 0x6C, 0x82, 0x20, 0x22, 0x8A, 0x2D, 0x35, 0x3C, 0x26, 0xB6, 0xB4, 0xC5, 0x23, 0x76, 0x8F,
    0x47, 0x92, 0x8B, 0xD7, 0x4B, 0xB2, 0x29, 0x27, 0x37, 0xAB, 0x15, 0xA6, 0x73, 0x11, 0x60, 0x1A,
    0xEA, 0x52, 0x4E, 0xC9, 0x0B, 0x73, 0x20, 0x35, 0x1D, 0xCF, 0x35, 0xE0, 0xA0, 0x9F, 0xFD, 0x06,
    0xE5, 0xD0, 0xDC, 0x4D, 0x19, 0x3E, 0x07, 0xED, 0x7D, 0xF4, 0x3F, 0xC8, 0x63, 0x77, 0x76, 0x72,
    0x73, 0x7E, 0xE2, 0xCE, 0xD5, 0x48, 0xAD, 0x3D, 0xC7, 0x13, 0xA0, 0x74, 0xDA, 0x6B, 0xD6, 0x83,
    0xB2, 0x41, 0x26, 0x3C, 0x10, 0x3C, 0x18, 0xA3, 0x90, 0x1E, 0x64, 0x4C, 0xAD, 0xC7, 0xF5, 0x57,
    0x43, 0xE1, 0xD1, 0xE7, 0x7F, 0x6F, 0x61, 0x02, 0x90, 0x7F, 0xF9, 0xED, 0x91, 0xE1, 0x13, 0xC3,
    0x6C, 0x4F, 0x7F, 0xF7, 0xCE, 0x7D, 0x6E, 0xF9, 0xB0, 0x36, 0x87, 0x78, 0xF4, 0xBE, 0xE4, 0x96,
    0xA3, 0x03, 0x53, 0xAD, 0x8F, 0xA3, 0x01, 0xAD, 0x8D, 0x1F, 0xB9, 0xAC, 0x66, 0x2B, 0xE9, 0x10,
    0x02, 0x5B, 0x92, 0x16, 0x5A, 0xCF, 0xB3, 0x12, 0xBC, 0x2C, 0xB3, 0xBA, 0xAA, 0x90, 0x1D, 0xC4,
    0xAC, 0xC5, 0x4C, 0xF0, 0x4E, 0x8A, 0xA3, 0x2C, 0x7A, 0x6D, 0x8D, 0xB2, 0xD0, 0xD5, 0x42, 0xD6,
    0x4E, 0x81, 0xA4, 0x98, 0x96, 0x52, 0xFC, 0xFB, 0xE5, 0x81, 0x09, 0xBE, 0x09, 0xC9, 0x86, 0xB3,
    0x07, 0x26, 0xD1, 0xD7, 0xCB, 0xC0, 0x2D, 0x4D, 0xFA, 0x20, 0x59, 0xAD, 0x7B, 0xBA, 0xD0, 0x32,
    0x5D, 0x59, 0xBA, 0x31, 0xCE, 0xC1, 0x4E, 0xC0, 0xB3, 0x7C, 0xC4, 0xE8, 0xDB, 0x72, 0xD8, 0x4D,
    0x89, 0xC5, 0xA3, 0xD8, 0xEB, 0xB4, 0x44, 0x8A, 0x9B, 0x38, 0x1D, 0x6A, 0x01, 0xE9, 0xA2, 0x40,
    0x0B, 0xC0, 0x71, 0x13, 0x92, 0x77, 0x72, 0x3C, 0x47, 0x6F, 0x99, 0x22, 0xE3, 0x23, 0x5A, 0xBE,
    0xA6, 0x8A, 0xC7, 0x11, 0x2C, 0xA4, 0xFD, 0x88, 0x2E, 0xF3, 0x2F, 0x99, 0xD7, 0xAA, 0xD8, 0x42,
    0x4D, 0x09, 0xF2, 0x5B, 0x62, 0x55, 0x2D, 0xDA, 0xAC, 0x4B, 0x7A, 0xA5, 0xCD, 0x94, 0x69, 0xA7,
    0x9C, 0x5D, 0x73, 0x2E, 0xFD, 0xF5, 0x48, 0xB6, 0x3E, 0xC6, 0x03, 0x29, 0xF2, 0x1A, 0x64, 0x16,
    0x15, 0xE7, 0x93, 0x99, 0xE8, 0xB6, 0xB1, 0xF4, 0xBB, 0x6A, 0x49, 0x60, 0x55, 0x92, 0xBD, 0x6B,
    0x01, 0x75, 0x0C, 0xF2, 0xA8, 0xA7, 0x4A, 0x5A, 0xA8, 0xAE, 0xA8, 0x05, 0x3C, 0x1E, 0x49, 0x0E,
    0xE0, 0xEB, 0xF5, 0xB8, 0x14, 0x7F, 0xFD, 0x06, 0x39, 0x56, 0xB9, 0xBE, 0x62, 0x66, 0xEC, 0xB4,
    0x85, 0xA5, 0xFB, 0xE9, 0xFE, 0x8C, 0x28, 0x3A, 0x21, 0x8A, 0x12, 0x8A, 0x33, 0x20, 0xED, 0x16,
    0x96, 0x31, 0xC7, 0xD8, 0xCF, 0xDA, 0xA3, 0x40, 0xFD, 0x70, 0xA0, 0xFA, 0x1C, 0x0A, 0x13, 0x95,
    0xCE, 0x1F, 0x1A, 0x90, 0x64, 0xFA, 0x8C, 0xAA, 0xC6, 0x14, 0x0F, 0x59, 0x5F, 0xB6, 0x5E, 0x71,
    0x7D, 0x0A, 0x8A, 0x2B, 0x21, 0x14, 0x58, 0x78, 0xAE, 0xD9, 0xB2, 0x8C, 0xF6, 0x13, 0x10, 0x89,
    0x02, 0x73, 0xAA, 0x2A, 0x18, 0xAC, 0x42, 0xA2, 0x6C, 0xA8, 0x99, 0x53, 0x5E, 0x7C, 0xC3, 0x85,
    0x16, 0x8E, 0x13, 0x2C, 0x35, 0xA9, 0xB9, 0x9B, 0x1B, 0x42, 0x56, 0x42, 0x16, 0xA7, 0x06, 0x2F,
    0x04, 0x19, 0xE2, 0xDB, 0x00, 0x13, 0xF0, 0x85, 0x48, 0x3F, 0x0D, 0x11, 0xBC, 0x61, 0x54, 0x53,
    0x8C, 0x22, 0x14, 0x03, 0x27, 0x02, 0x3E, 0x98, 0x8E, 0xF8, 0xC0, 0x2C, 0x5D, 0x38, 0x5D, 0xB4,
    0x74, 0xAC, 0x5A, 0x97, 0x72, 0x79, 0xAB, 0x26, 0x8E, 0x12, 0x73, 0x6D, 0x1E, 0xA0, 0x15, 0x47,
    0xC5, 0xCE, 0xC0, 0xF4, 0x01, 0x6F, 0x61, 0x19, 0x72, 0x40, 0x05, 0xB6, 0xF1, 0xDC, 0x0C, 0xF8,
    0xB6, 0x55, 0xFF, 0xAC, 0x36, 0x7E, 0xDE, 0x49, 0xFC, 0x9F, 0xDA, 0x48, 0xFF, 0x51, 0x87, 0xFD,
    0x5F, 0xB5, 0xB1, 0xF8, 0xC9, 0x20, 0xF9, 0x4F, 0xD4, 0x40, 0xF6, 0xE5, 0x24, 0x55, 0xDA, 0xC1,
    0x9F, 0x83, 0x4C, 0x8B, 0x16, 0x8D, 0x2A, 0xB1, 0x68, 0xE4, 0xA5, 0xF9, 0xA4, 0x05, 0x07, 0x85,
    0x64, 0xAE, 0x04, 0x09, 0x46, 0x16, 0x07, 0xB2, 0x60, 0x24, 0x19, 0xA4, 0xA0, 0x97, 0xD1, 0x4B,
    0x36, 0xB6, 0xC1, 0x77, 0xEF, 0xEC, 0x32, 0x34, 0xC2, 0x3A, 0x1F, 0x1A, 0xA3, 0xF0, 0x6B, 0x8C,
    0x88, 0xA0, 0xB2, 0xE2, 0x98, 0x88, 0x09, 0xA3, 0x22, 0x1A, 0x37, 0x10, 0x3D, 0xBF, 0xC1, 0x23,
    0x68, 0xAC, 0x16, 0x1F, 0x31, 0x84, 0xC8, 0x15, 0x49, 0x89, 0xED, 0xAC, 0x01, 0x1D, 0xCF, 0x00,
    0x18, 0xDF, 0xB1, 0x36, 0xED, 0x82, 0x6E, 0x7D, 0xCA, 0x7F, 0x01, 0x67, 0xC2, 0xFA, 0x58, 0x84,
    0xE1, 0x06, 0xE6, 0xAC, 0xF4, 0x90, 0x73, 0x8F, 0xF8, 0xCE, 0x0F, 0x43, 0x3D, 0x7B, 0x71, 0x4A,
    0x27, 0x66, 0x1F, 0xE8, 0xC2, 0x59, 0xF0, 0xA0, 0xBF, 0x73, 0x00, 0xD0, 0x75, 0xA1, 0x70, 0x7B,
    0x95, 0xD2, 0xD0, 0xA5, 0xD4, 0xBD, 0x6A, 0x14, 0x74, 0xDE, 0x4B, 0x7C, 0x10, 0x06, 0x7F, 0x23,
    0x11, 0xEB, 0x2E, 0x5F, 0xB9, 0xE5, 0x3E, 0x96, 0x33, 0xD0, 0x0C, 0x95, 0x97, 0x8C, 0xB4, 0x42,
    0xA8, 0x96, 0x50, 0x59, 0x50, 0xF5, 0xA9, 0x8F, 0xB6, 0xAD, 0x10, 0xE9, 0x15, 0x69, 0x0E, 0x6B,
    0x33, 0x11, 0x47, 0xA3, 0x20, 0x89, 0xA0, 0xE0, 0xD1, 0x3E, 0x8B, 0x16, 0xB9, 0x34, 0x72, 0xCA,
    0x92, 0x56, 0xD6, 0x30, 0x59, 0x11, 0x91, 0xA4, 0xC0, 0x17, 0xC2, 0x9F, 0x3C, 0x53, 0x73, 0x49,
    0xBD, 0x78, 0x0B, 0xCF, 0xC9, 0xBB, 0x78, 0xAE, 0xF1, 0xDD, 0xAC, 0xE1, 0x01, 0x63, 0x86, 0x98,
    0x03, 0xBF, 0xEF, 0xE0, 0x79, 0x77, 0x8F, 0xE7, 0xED, 0x43, 0x3C, 0x97, 0x77, 0x91, 0x72, 0x9F,
    0x67, 0xE2, 0x7F, 0x29, 0xA1, 0x42, 0x65, 0x49, 0xE8, 0x08, 0x10, 0x24, 0x03, 0x5F, 0x5E, 0x43,
    0x01, 0x42, 0x40, 0x19, 0xC0, 0x05, 0x6C, 0x50, 0x57, 0xF8, 0x9E, 0xC3, 0x91, 0xBF, 0x5A, 0x21,
    0xE1, 0x20, 0x36, 0x00, 0xD9, 0xB9, 0xF1, 0x6D, 0x05, 0xC1, 0x6E, 0x56, 0x01, 0x6C, 0xC0, 0x4A,
    0xA8, 0x50, 0x40, 0x3A, 0xD7, 0x65, 0xEF, 0xB5, 0xA9, 0xB2, 0xF7, 0x36, 0x55, 0xF5, 0x9B, 0xF5,
    0xE0, 0xE9, 0x6C, 0xFE, 0x81, 0x4D, 0xD5, 0xF6, 0x8D, 0x4D, 0xD5, 0xEF, 0x60, 0xE0, 0x1F, 0xDA,
    0x54, 0x01, 0x48, 0x70, 0xD1, 0x4D, 0x5E, 0x2E, 0x57, 0x5A, 0x24, 0xEE, 0x9E, 0x83, 0x99, 0x2F,
    0x58, 0x31, 0x0F, 0x7F, 0x06, 0xF9, 0xE3, 0xFF, 0x85, 0x0A, 0x35, 0x1A, 0x66, 0x19, 0x5B, 0xC8,
    0x84, 0x12, 0xB3, 0x59, 0x22, 0xC2, 0x89, 0x5D, 0x58, 0xB0, 0x31, 0xAE, 0x85, 0x1B, 0x30, 0xFD,
    0x1F, 0x1F, 0xCF, 0xE4, 0x89, 0x06, 0xE1, 0xD6, 0xC7, 0x98, 0xF1, 0x21, 0x55, 0x10, 0x4A, 0x48,
    0xB4, 0x40, 0x18, 0x4A, 0x95, 0x91, 0xD9, 0xD9, 0x67, 0x4D, 0x9B, 0x74, 0x34, 0x95, 0xB5, 0xB4,
    0xEB, 0xA1, 0x4F, 0x1E, 0xE9, 0xCE, 0xC3, 0xAB, 0x06, 0x2A, 0x43, 0x20, 0xA4, 0x89, 0x13, 0x70,
    0x76, 0xEC, 0x34, 0x9A, 0xD8, 0xFE, 0xDB, 0xB0, 0xF6, 0xB4, 0x50, 0xE9, 0x01, 0x12, 0x9D, 0xB2,
    0x74, 0x44, 0xA1, 0x32, 0x2B, 0x32, 0xC5, 0xDE, 0xA8, 0xD6, 0x08, 0x49, 0xD4, 0x23, 0xCD, 0xA4,
    0xE6, 0x5E, 0x9A, 0xC8, 0x95, 0xF1, 0xA4, 0x74, 0x15, 0xD8, 0xAD, 0x6D, 0x75, 0xD4, 0xB3, 0x9A,
    0x2B, 0x54, 0x21, 0x54, 0xA7, 0x7E, 0xA1, 0xDA, 0xF8, 0x85, 0x6A, 0x07, 0xBA, 0x92, 0x7E, 0xA4,
    0xEA, 0xF0, 0x40, 0x7D, 0x9C, 0xB8, 0x1C, 0xD5, 0xDC, 0xE7, 0x18, 0x31, 0x88, 0xE5, 0x83, 0x14,
    0x5D, 0xDA, 0xA5, 0x83, 0x46, 0xD3, 0xC7, 0x5F, 0x36, 0x2D, 0x43, 0xEB, 0xC0, 0xBC, 0xE3, 0x4B,
    0xC2, 0x8C, 0xF2, 0x64, 0xFD, 0x19, 0x14, 0x0A, 0x51, 0xAA, 0x29, 0x6C, 0x6A, 0xB5, 0xC2, 0x00,
    0xDF, 0x0B, 0x55, 0x4A, 0xF6, 0x49, 0x73, 0xCE, 0x69, 0x70, 0x90, 0x90, 0xD2, 0xB1, 0xDB, 0x59,
    0x74, 0xF7, 0x0A, 0x12, 0x7B, 0x43, 0x6F, 0x6F, 0xFD, 0xA8, 0x3A, 0xCF, 0x9D, 0x32, 0x33, 0x47,
    0x9D, 0xB8, 0xD2, 0x13, 0xD2, 0xD2, 0xD2, 0x3F, 0x75, 0xB4, 0xF4, 0x47, 0x96, 0x31, 0xCA, 0x3A,
    0x54, 0x85, 0x9A, 0x47, 0xD0, 0xDF, 0x90, 0x71, 0xB2, 0x5D, 0x81, 0x34, 0xC5, 0x50, 0x46, 0xEB,
    0x6F, 0x30, 0x67, 0x40, 0xA8, 0xA3, 0x7A, 0xFB, 0x1A, 0xF0, 0xFF, 0x2E, 0x37, 0xAD, 0x56, 0x2B,
    0xE4, 0xA6, 0x90, 0x42, 0xA9, 0x14, 0x3A, 0xAF, 0x38, 0xE8, 0xA4, 0x0B, 0xBA, 0xF5, 0x3A, 0x6D,
    0xB1, 0x66, 0xE8, 0xB8, 0xA8, 0x73, 0x3A, 0x2C, 0xEA, 0x9A, 0x16, 0x51, 0x00, 0xEF, 0xEB, 0x99,
    0x2D, 0x5F, 0xD8, 0x10, 0xFE, 0x8E, 0xA0, 0x27, 0xCA, 0x91, 0xC0, 0x07, 0x95, 0x60, 0x60, 0xD1,
    0xC1, 0xDF, 0xD4, 0xA2, 0xBE, 0x4F, 0x8E, 0x17, 0xAE, 0x47, 0x14, 0xFC, 0xB2, 0x57, 0xF4, 0xC7,
    0x3F, 0xFE, 0xFE, 0xA6, 0xB3, 0x9E, 0x25, 0xBC, 0x0D, 0xB1, 0xA1, 0xC6, 0x83, 0x0C, 0x80, 0x04,
    0xEB, 0xA3, 0x47, 0x15, 0xA1, 0xE9, 0xA1, 0xE9, 0x46, 0xB2, 0x14, 0xE2, 0x9B, 0xF9, 0xDD, 0xFA,
    0x26, 0x31, 0xCE, 0x6C, 0x4F, 0x33, 0xD1, 0xD3, 0xCC, 0xF5, 0xA8, 0x4D, 0x9A, 0xE7, 0xC8, 0x15,
    0xF3, 0xD6, 0x30, 0x90, 0x8F, 0x66, 0xE0, 0x1D, 0x56, 0x02, 0xF5, 0xC1, 0x0A, 0x9A, 0xC1, 0x8A,
    0x2C, 0xC9, 0x5D, 0x18, 0x83, 0xC0, 0x49, 0xB0, 0x3F, 0x37, 0xBD, 0x15, 0x42, 0xF1, 0x5D, 0xD3,
    0x3E, 0x1D, 0xE0, 0x70, 0x55, 0xAF, 0xB8, 0xFD, 0x6C, 0x5C, 0xB8, 0x5A, 0xF1, 0x3A, 0x6C, 0xEA,
    0x7F, 0x3D, 0x1E, 0xD0, 0xBC, 0xC7, 0xC3, 0xEE, 0xAD, 0x3C, 0xB0, 0x79, 0x9F, 0x87, 0xE8, 0xAD,
    0x3C, 0x9C, 0xA2, 0xF9, 0x56, 0x1E, 0xBA, 0xEF, 0xF1, 0xB0, 0xF9, 0xD5, 0x78, 0x58, 0xBF, 0x93,
    0x07, 0x5E, 0x78, 0xF5, 0xC1, 0x66, 0xD0, 0x80, 0xCD, 0x64, 0x37, 0x50, 0x5A, 0x7D, 0xF2, 0xEA,
    0x70, 0xA6, 0x92, 0x20, 0x72, 0xDA, 0xCF, 0x69, 0xFA, 0x07, 0x09, 0xA4, 0x04, 0xD9, 0x43, 0x86,
    0xA3, 0x91, 0xD7, 0xAB, 0x73, 0x95, 0xB4, 0x9F, 0xA9, 0x1C, 0xB8, 0x5C, 0x4F, 0x00, 0x8A, 0x34,
    0xA7, 0x72, 0x1B, 0xE6, 0xA3, 0x81, 0x8B, 0xF3, 0x51, 0x4D, 0x34, 0xD2, 0x77, 0xFB, 0x58, 0xCF,
    0xBA, 0x9A, 0xD6, 0x38, 0xC7, 0xAC, 0x16, 0x0E, 0x8A, 0xC2, 0xA9, 0x48, 0x58, 0x88, 0xC3, 0x08,
    0x8A, 0x50, 0xCE, 0x18, 0x66, 0x1C, 0xA1, 0xD5, 0xDE, 0xA1, 0x6A, 0xE7, 0xF9, 0x33, 0xCF, 0xA1,
    0xD0, 0x22, 0x36, 0x1E, 0x70, 0xB1, 0x15, 0x0E, 0x95, 0x44, 0xE6, 0x83, 0x25, 0x7F, 0xB8, 0x04,
    0xAC, 0xF3, 0x01, 0xD3, 0x8C, 0x7C, 0x3E, 0x68, 0xE2, 0x02, 0xEE, 0x33, 0x23, 0x0F, 0x9C, 0x40,
    0xDB, 0x7C, 0xE8, 0xE4, 0x0F, 0xC2, 0x40, 0xA2, 0x3F, 0x7C, 0xBA, 0xD8, 0xFB, 0xD1, 0x9A, 0xE8,
    0x10, 0xC7, 0x89, 0x2D, 0x16, 0xA0, 0x90, 0x9D, 0xF7, 0xF0, 0x41, 0x9E, 0xDF, 0xFF, 0xA0, 0x8E,
    0xD8, 0x21, 0xE3, 0x5F, 0xEB, 0x60, 0xEC, 0x25, 0xEA, 0x1D, 0xC8, 0x84, 0x6B, 0x52, 0xBE, 0xFF,
    0x13, 0x85, 0x69, 0x4A, 0x31, 0x1D, 0xDE, 0x5D, 0xF0, 0xAD, 0x64, 0x90, 0x81, 0xFD, 0x03, 0xE0,
    0xBC, 0xDB, 0xA7, 0xAC, 0x58, 0x79, 0x35, 0x94, 0x5A, 0x8E, 0xCE, 0xE5, 0x43, 0x70, 0x67, 0xD1,
    0xCD, 0xE0, 0x4D, 0xF9, 0xE7, 0x2A, 0x8F, 0x58, 0xBE, 0x12, 0x9E, 0x9F, 0x14, 0x36, 0x18, 0x4C,
    0xE7, 0x03, 0x01, 0xC6, 0x03, 0x96, 0x46, 0xCF, 0x11, 0x0C, 0xF4, 0xE4, 0x09, 0x95, 0x91, 0x77,
    0x24, 0x1F, 0x24, 0x62, 0x31, 0x86, 0x6D, 0x21, 0xC0, 0x26, 0x58, 0x63, 0xE1, 0x1D, 0x8A, 0x8B,
    0x81, 0xF6, 0x94, 0x3B, 0x00, 0x80, 0xFD, 0xAC, 0x5D, 0xDC, 0xED, 0x0A, 0xB3, 0x3A, 0xB4, 0x40,
    0x20, 0x5A, 0xE0, 0x32, 0x50, 0x5D, 0xAC, 0xAA, 0xD0, 0x32, 0x62, 0x42, 0x08, 0x2D, 0x7D, 0x2B,
    0x2F, 0x43, 0x0B, 0x62, 0x0B, 0x01, 0x25, 0x3B, 0x44, 0x3C, 0x69, 0xD8, 0xC1, 0x38, 0xC7, 0x71,
    0xE2, 0x11, 0x51, 0xDE, 0x81, 0xA9, 0x04, 0x99, 0xBA, 0xE4, 0x76, 0xD6, 0xBD, 0x5E, 0x1F, 0xBC,
    0x43, 0x06, 0x0E, 0x31, 0xDC, 0xC3, 0xBE, 0x43, 0xB5, 0x83, 0xBB, 0x15, 0x14, 0x6A, 0xFF, 0x95,
    0xE6, 0xAE, 0x94, 0x79, 0x86, 0xC4, 0x19, 0xDA, 0x57, 0x00, 0x61, 0x66, 0x85, 0x85, 0x8E, 0x6A,
    0x82, 0xFF, 0x54, 0xB9, 0xD6, 0xAC, 0xE1, 0xF4, 0x78, 0xF0, 0xD5, 0x2B, 0xB7, 0xEA, 0xB7, 0x9F,
    0x5A, 0xF2, 0x91, 0x40, 0x15, 0x7E, 0x50, 0xAE, 0x7C, 0x78, 0x4D, 0x54, 0xF1, 0x10, 0x32, 0x22,
    0x6C, 0x3D, 0xF7, 0x67, 0x8D, 0x55, 0xA5, 0x6B, 0xFC, 0x2B, 0x31, 0x07, 0x41, 0xD5, 0xB1, 0x18,
    0x7C, 0x51, 0xF2, 0xF4, 0x08, 0x07, 0xDA, 0x68, 0xBF, 0xEE, 0x63, 0x9B, 0xD8, 0xE8, 0x25, 0xFA,
    0xD4, 0xBB, 0x72, 0x36, 0x51, 0x9F, 0x32, 0xAD, 0x71, 0x8C, 0xF6, 0x75, 0xAA, 0xF7, 0x56, 0xE9,
    0x58, 0x46, 0xEE, 0xA7, 0xC6, 0xFD, 0xF3, 0xB8, 0xD8, 0x2F, 0x30, 0x24, 0xBF, 0x55, 0x02, 0x07,
    0x04, 0x58, 0xCE, 0xB5, 0xAF, 0x18, 0x40, 0x73, 0x50, 0x50, 0x05, 0x16, 0x25, 0xF9, 0x0F, 0x04,
    0xC3, 0xCF, 0x15, 0x7A, 0x76, 0xBC, 0x1C, 0x95, 0xC9, 0x68, 0x92, 0xBC, 0x06, 0xCF, 0xA2, 0xC2,
    0x40, 0x28, 0x0D, 0x13, 0xC4, 0x28, 0x06, 0x81, 0x66, 0x4A, 0x1D, 0xE1, 0xFC, 0x75, 0x53, 0x13,
    0xAA, 0x02, 0xEC, 0x19, 0xCA, 0x43, 0xAA, 0x5C, 0x46, 0x37, 0xAB, 0x06, 0xF9, 0x08, 0xEF, 0x73,
    0x5E, 0x80, 0x1A, 0xBD, 0xA3, 0xFD, 0xC5, 0xA4, 0xAF, 0x9E, 0xE2, 0x56, 0xFC, 0xBB, 0x27, 0xB7,
    0x97, 0x63, 0xA3, 0x7C, 0xE9, 0x2B, 0x25, 0x0E, 0xE1, 0xC3, 0xBB, 0x5B, 0x7D, 0xE3, 0xB9, 0xEC,
    0x78, 0x7F, 0x08, 0x78, 0xE0, 0x37, 0x7A, 0xE3, 0x2F, 0x0B, 0x4F, 0x98, 0x93, 0x5B, 0x61, 0x16,
    0xCE, 0x61, 0xA0, 0xD0, 0x9E, 0x74, 0xC8, 0x95, 0x77, 0xB0, 0x84, 0x3A, 0xB7, 0xC7, 0x8E, 0xA1,
    0xC3, 0xE9, 0x09, 0xC2, 0x52, 0x85, 0xC6, 0x21, 0x8E, 0x26, 0x94, 0x69, 0xC3, 0xD3, 0x3B, 0x15,
    0x27, 0x07, 0x1D, 0x75, 0xCC, 0xE8, 0xD1, 0xA8, 0x18, 0x70, 0xAA, 0x6A, 0x55, 0x44, 0x76, 0x03,
    0x5B, 0x7F, 0x2A, 0xD8, 0xB4, 0x3F, 0x3D, 0x08, 0xEC, 0x24, 0x87, 0x75, 0x0B, 0xB2, 0xF3, 0x32,
    0xE9, 0x96, 0x92, 0x74, 0xD8, 0x25, 0x2A, 0xFC, 0xF6, 0x7A, 0xB5, 0x2A, 0x77, 0x0C, 0x0D, 0x6E,
    0x27, 0xC4, 0xFC, 0x83, 0xE3, 0x01, 0x4F, 0x8C, 0xE9, 0xED, 0x5A, 0x63, 0x1B, 0xA7, 0xDA, 0x56,
    0xD6, 0xA9, 0xBE, 0x18, 0x9F, 0xF6, 0xEB, 0x6F, 0x90, 0xD3, 0xD2, 0x8E, 0x61, 0x6F, 0x3E, 0xFE,
    0x6A, 0x84, 0xCE, 0xBE, 0xFE, 0xBA, 0x0F, 0xBB, 0xCD, 0x21, 0x1C, 0x57, 0x72, 0x64, 0xAC, 0xB3,
    0x07, 0x46, 0x92, 0xE1, 0xEE, 0x36, 0x57, 0x4A, 0x55, 0x3F, 0xC2, 0xB4, 0x28, 0x1E, 0xC9, 0x72,
    0x17, 0x55, 0x67, 0xF9, 0x5F, 0x88, 0x19, 0x16, 0xCE, 0x66, 0x3A, 0x68, 0xBA, 0x16, 0xDB, 0x94,
    0xE5, 0x0D, 0x63, 0x3D, 0xD9, 0x5F, 0xDA, 0xA4, 0x8D, 0x6D, 0x5C, 0xC6, 0xBD, 0x9F, 0x62, 0x4E,
    0xF4, 0x2E, 0xE5, 0xF1, 0x9A, 0x59, 0x1C, 0xF7, 0x73, 0x74, 0xFE, 0xA3, 0xA6, 0xCC, 0x35, 0xD8,
    0x3E, 0x50, 0xCC, 0xC6, 0xCA, 0x55, 0x65, 0xA3, 0xC3, 0xD3, 0x3E, 0x99, 0xD2, 0x2E, 0x9B, 0x16,
    0xAD, 0xD1, 0xFB, 0x7A, 0xCC, 0xBE, 0xBA, 0x1D, 0xB2, 0x1F, 0xFE, 0xCB, 0x90, 0x7F, 0xF2, 0x95,
    0xCD, 0xAB, 0xC4, 0x16, 0x53, 0xD2, 0x1B, 0xAB, 0x77, 0x97, 0xBE, 0x36, 0xF5, 0xE2, 0xA8, 0xBE,
    0x1F, 0xE4, 0x2F, 0x75, 0xD8, 0x36, 0xF2, 0x85, 0x6E, 0x0D, 0xAC, 0x64, 0x3A, 0x36, 0xD1, 0xB9,
    0x84, 0xEB, 0x7F, 0xD4, 0x6F, 0xE2, 0xD4, 0xBF, 0x14, 0x22, 0xBA, 0x49, 0x75, 0xED, 0xDC, 0x62,
    0x9E, 0x6E, 0x50, 0x78, 0xEF, 0x6E, 0xB8, 0x74, 0x95, 0x10, 0x28, 0xF1, 0x35, 0x2C, 0x23, 0xED,
    0x40, 0x42, 0x10, 0xC4, 0xB6, 0x7C, 0x72, 0x1B, 0xFD, 0x02, 0x63, 0xE0, 0x3A, 0xE7, 0xE4, 0x8A,
    0xEB, 0x4F, 0xEF, 0xC5, 0x47, 0xB7, 0x97, 0x9D, 0xFE, 0x22, 0x0F, 0x90, 0x20, 0xB0, 0xB3, 0x4C,
    0x5B, 0xEE, 0x80, 0xB1, 0xFF, 0xAD, 0x73, 0xCC, 0x1C, 0x1E, 0xF7, 0x1B, 0x30, 0xBE, 0x94, 0xAD,
    0x4E, 0x81, 0x33, 0x33, 0x48, 0xD5, 0xE7, 0xAD, 0x86, 0x3C, 0x8E, 0x8F, 0x12, 0x57, 0xA7, 0x5C,
    0x94, 0xCB, 0x48, 0xE7, 0x80, 0xB9, 0x15, 0xA9, 0xAC, 0x20, 0xD3, 0x34, 0x63, 0xE2, 0x50, 0x88,
    0x1C, 0xB2, 0x9F, 0xA1, 0xBE, 0xA9, 0xCC, 0xDF, 0xA8, 0x1A, 0xCD, 0x91, 0x75, 0x4D, 0x3E, 0xB2,
    0xF0, 0x58, 0xF4, 0xAC, 0x67, 0xE2, 0x3A, 0xD4, 0x32, 0x05, 0x02, 0x5B, 0x74, 0x48, 0x45, 0xF1,
    0x2E, 0x58, 0x28, 0x53, 0x25, 0x0E, 0x5F, 0xA4, 0x47, 0xFC, 0x1C, 0xDD, 0x68, 0x81, 0x85, 0x7C,
    0xA4, 0x88, 0x79, 0x5A, 0x4D, 0xA9, 0x4C, 0x60, 0x71, 0x0A, 0x32, 0xDA, 0x23, 0xA7, 0x46, 0x7E,
    0x7D, 0xB2, 0x08, 0x98, 0x04, 0x12, 0x9D, 0x5F, 0xB1, 0x6F, 0x85, 0xEA, 0x54, 0x2A, 0xBE, 0x05,
    0xFF, 0x58, 0x64, 0x93, 0xE3, 0xE5, 0x94, 0xF5, 0x72, 0xC8, 0x35, 0xF7, 0x1A, 0x11, 0x83, 0x74,
    0xB7, 0x13, 0x59, 0xEA, 0xBD, 0xD5, 0x7B, 0x77, 0x2D, 0xD1, 0x58, 0xC9, 0xC2, 0x9A, 0xD7, 0x4D,
    0x9B, 0xE9, 0x8C, 0x8F, 0xD4, 0x45, 0xCC, 0x59, 0x45, 0x45, 0x19, 0x35, 0xAB, 0x19, 0xD5, 0xE6,
    0x1E, 0xAA, 0x89, 0xC9, 0x67, 0x94, 0xBC, 0x04, 0x9E, 0xE2, 0x3D, 0x51, 0x15, 0x9D, 0xB6, 0xC5,
    0x7C, 0xEB, 0x26, 0x7D, 0xEC, 0x7E, 0xE4, 0xFC, 0xCA, 0x55, 0x72, 0x15, 0x2A, 0x11, 0xB7, 0x1C,
    0x24, 0x74, 0x8D, 0x19, 0x4D, 0x59, 0x84, 0x85, 0x03, 0x3F, 0xEE, 0xB0, 0x65, 0x8A, 0x47, 0x95,
    0xB7, 0x6B, 0xF4, 0xC3, 0x2C, 0xB1, 0x2C, 0xC6, 0xFF, 0x6E, 0x33, 0x7E, 0xC2, 0x83, 0x09, 0xE3,
    0x5A, 0xCA, 0xDA, 0x1F, 0x4A, 0x94, 0xE2, 0xC8, 0xCF, 0xA0, 0xFC, 0x8C, 0xCA, 0xCF, 0xA0, 0xF0,
    0x7F, 0x7B, 0xCB, 0xD7, 0xE7, 0x5B, 0xF9, 0x91, 0x4A, 0x21, 0x29, 0x3F, 0x75, 0xC6, 0xE5, 0xA4,
    0x67, 0xA1, 0x56, 0xE6, 0x10, 0xC5, 0xA7, 0xB7, 0x6B, 0x59, 0x26, 0x36, 0xD7, 0xC4, 0xD7, 0x3F,
    0x93, 0x0F, 0x93, 0xFE, 0x43, 0xCE, 0xBE, 0x50, 0x6A, 0x64, 0xB3, 0xA8, 0x43, 0xE1, 0x14, 0x61,
    0xE7, 0x91, 0x60, 0x75, 0x4F, 0x7D, 0xD9, 0xA8, 0xBD, 0xF5, 0x19, 0x12, 0x4B, 0x77, 0xB2, 0xD6,
    0xAC, 0x55, 0x4A, 0x5E, 0x47, 0x03, 0x5E, 0x50, 0x4A, 0xB0, 0xD4, 0x76, 0xE8, 0xCB, 0x17, 0xD6,
    0x05, 0xAB, 0x80, 0x2B, 0x48, 0xEB, 0xB3, 0x3B, 0x33, 0xCA, 0xB7, 0x56, 0x65, 0x14, 0xCE, 0x5C,
    0x6A, 0x4A, 0x08, 0xB9, 0x99, 0x59, 0x40, 0x8F, 0xA1, 0x82, 0xF8, 0x82, 0x78, 0x0E, 0xCC, 0x51,
    0x0D, 0x1F, 0x16, 0xBD, 0xCC, 0x67, 0xED, 0x06, 0xDD, 0x54, 0xF8, 0x26, 0xA5, 0xE8, 0x20, 0xDA,
    0xFB, 0x0E, 0x45, 0xCD, 0x9E, 0x73, 0xAD, 0x8D, 0x5C, 0xD3, 0xD8, 0x74, 0x28, 0x92, 0x51, 0xF3,
    0x8C, 0x4C, 0xC8, 0x5F, 0xBB, 0xA5, 0x8A, 0xCD, 0xA9, 0x6C, 0x65, 0xB3, 0x51, 0xFA, 0x76, 0x5B,
    0x35, 0x3F, 0x5E, 0xE1, 0xC4, 0xDD, 0x94, 0x63, 0xD6, 0x15, 0xAF, 0x6F, 0x9B, 0x7A, 0x81, 0xC2,
    0x28, 0xF2, 0x67, 0x83, 0x83, 0x47, 0x35, 0x73, 0x16, 0xC4, 0x8B, 0x9F, 0x22, 0x53, 0x4E, 0x14,
    0xA4, 0xCB, 0xB9, 0xC4, 0x0D, 0xBA, 0x8A, 0xAC, 0xBB, 0xEA, 0x33, 0xC9, 0x3A, 0x75, 0x2D, 0xF9,
    0xC5, 0x28, 0x1C, 0x8D, 0xE0, 0x74, 0x43, 0x12, 0x4A, 0xF0, 0x8A, 0x7D, 0xEE, 0xD7, 0x38, 0x4D,
    0x4D, 0x74, 0xE1, 0x38, 0xA4, 0xFB, 0xB3, 0xC6, 0x29, 0xC9, 0x0E, 0xE2, 0xAD, 0x13, 0xEE, 0xDD,
    0xA1, 0x6D, 0xBF, 0x1F, 0xDA, 0xAB, 0x1B, 0xBF, 0xED, 0x45, 0x68, 0xAB, 0x33, 0xF3, 0x06, 0x37,
    0x9D, 0x25, 0xFE, 0x64, 0x66, 0x06, 0x35, 0x6B, 0xAC, 0x8E, 0xEF, 0x13, 0xAB, 0xC3, 0xAB, 0xAF,
    0xE3, 0x8C, 0x23, 0x1A, 0x78, 0x6E, 0xA3, 0x22, 0x51, 0xD1, 0x63, 0x49, 0xD3, 0x32, 0x20, 0xD0,
    0xB2, 0xFE, 0xD9, 0xF7, 0x89, 0x48, 0x54, 0x24, 0x4A, 0x82, 0xEA, 0xF4, 0x08, 0x35, 0x46, 0x37,
    0x51, 0x85, 0x8C, 0xB2, 0xF5, 0xA5, 0xD4, 0x0E, 0x0D, 0x28, 0x34, 0x64, 0x62, 0x43, 0x46, 0x36,
    0xA2, 0x81, 0x8D, 0xC8, 0xB2, 0x11, 0xAB, 0xD2, 0x46, 0x62, 0xD1, 0x50, 0x47, 0x3E, 0xD5, 0x7F,
    0x61, 0x1B, 0x54, 0x52, 0xBA, 0x3B, 0x43, 0xEE, 0x21, 0x43, 0x9B, 0x60, 0x08, 0x8D, 0x07, 0x0D,
    0x41, 0xBD, 0xA7, 0x21, 0x5E, 0xF9, 0x77, 0xD4, 0x33, 0xAF, 0x7E, 0x20, 0x98, 0x6D, 0x92, 0x43,
    0x14, 0x60, 0x61, 0x89, 0x91, 0x39, 0x85, 0xF8, 0xDD, 0xFC, 0x55, 0x89, 0x08, 0x3C, 0x30, 0x01,
    0xA8, 0x90, 0x02, 0xF9, 0x41, 0x1F, 0x6D, 0x31, 0x70, 0xA8, 0x6B, 0x4E, 0x0E, 0x17, 0x47, 0x54,
    0x0F, 0x23, 0x02, 0xB5, 0x96, 0x84, 0x65, 0x44, 0x9B, 0x3A, 0x8B, 0x1C, 0x10, 0xE9, 0xC8, 0xE1,
    0xA4, 0x72, 0x8B, 0x21, 0x85, 0x3F, 0xFE, 0x0F, 0xE9, 0x2B, 0x44, 0x22, 0x52, 0x42, 0xDA, 0x41,
    0x4D, 0xAA, 0x14, 0xFF, 0x61, 0xC1, 0xED, 0xEA, 0x36, 0x6B, 0xF1, 0xCB, 0x3B, 0x35, 0x92, 0xD8,
    0x68, 0x52, 0xA5, 0x45, 0xCE, 0x90, 0x7F, 0xC6, 0x43, 0xEE, 0x62, 0x14, 0xC4, 0xB4, 0x19, 0x60,
    0x88, 0xF3, 0x3A, 0x6A, 0xCE, 0x24, 0xEC, 0x75, 0xD8, 0x33, 0xBA, 0x45, 0x9F, 0xD1, 0x28, 0x07,
    0xF4, 0xA6, 0x5D, 0x6D, 0xD4, 0xE8, 0x84, 0x4E, 0xD0, 0x03, 0x5E, 0x9F, 0x33, 0xD2, 0x8B, 0x31,
    0xED, 0xA2, 0x49, 0x23, 0xE8, 0x9A, 0x3D, 0x60, 0xFD, 0x2E, 0xF0, 0x47, 0xD4, 0x15, 0x6B, 0xA6,
    0x47, 0x8A, 0x40, 0xBD, 0xED, 0x7C, 0x46, 0x3A, 0x68, 0x78, 0x74, 0x6A, 0x97, 0x53, 0x21, 0x3D,
    0xE2, 0x17, 0x11, 0xD8, 0x4C, 0xAD, 0xDB, 0x64, 0x44, 0x6E, 0xDD, 0xA5, 0x3D, 0xC8, 0xD9, 0xA1,
    0x16, 0x6D, 0xB9, 0xA4, 0x52, 0x21, 0xC7, 0x44, 0xFB, 0x0A, 0x69, 0x29, 0x1A, 0x0A, 0x61, 0xF9,
    0x57, 0x94, 0x72, 0xA5, 0xDD, 0xE7, 0x6D, 0x3C, 0xA9, 0x83, 0xD9, 0x7E, 0x8D, 0x13, 0xA8, 0xC4,
    0xEF, 0xB4, 0xA4, 0x1A, 0x7D, 0xFD, 0x32, 0x79, 0x66, 0xAB, 0x57, 0x1A, 0x13, 0x13, 0x22, 0x62,
    0x90, 0x25, 0x39, 0x92, 0x68, 0x02, 0x64, 0xFC, 0x06, 0x70, 0x60, 0x3B, 0x8C, 0x54, 0xAD, 0x8F,
    0x3E, 0x3C, 0x55, 0xB1, 0x19, 0x9F, 0xEC, 0xC5, 0xD8, 0x4A, 0xD3, 0x66, 0x5B, 0xA9, 0xF9, 0xDF,
    0x57, 0x0F, 0xAF, 0x50, 0x24, 0x2F, 0x6A, 0xB9, 0x7F, 0xBD, 0x51, 0x96, 0x15, 0xBF, 0x4A, 0x59,
    0x36, 0x67, 0xF5, 0x11, 0x59, 0x5D, 0xFD, 0xB1, 0x4B, 0x16, 0x5F, 0x93, 0x3A, 0x32, 0xEA, 0x50,
    0x9C, 0x87, 0xAC, 0x1E, 0x97, 0x73, 0x56, 0xF7, 0xAB, 0x5E, 0x64, 0x93, 0x21, 0x1C, 0xA2, 0x4A,
    0x55, 0x37, 0xED, 0xE7, 0x9D, 0xE6, 0x5D, 0xFC, 0xAB, 0xF3, 0xB2, 0x60, 0xA9, 0xB0, 0x54, 0x7B,
    0x55, 0x6F, 0xFA, 0x13, 0x39, 0x89, 0xCA, 0xFC, 0x93, 0xB6, 0xC8, 0xDA, 0x47, 0x51, 0x00, 0x5D,
    0x74, 0xA8, 0x83, 0x7E, 0x0F, 0xA5, 0x09, 0xE2, 0x88, 0xFF, 0xE7, 0x00, 0x1F, 0xBF, 0x01, 0xC8,
    0x4B, 0x7C, 0x0A, 0xFD, 0xF0, 0xC0, 0xEA, 0xA4, 0x14, 0x5E, 0x7F, 0x40, 0xF9, 0x77, 0x6F, 0xFE,
    0x57, 0x8A, 0xD5, 0xD9, 0xFD, 0x1D, 0xAC, 0x97, 0xFF, 0xB7, 0xFF, 0x95, 0x42, 0x52, 0x76, 0x2D,
    0x89, 0x2F, 0x04, 0xC0, 0xD0, 0x8D, 0x52, 0xE7, 0x3B, 0xDA, 0xDD, 0x89, 0x29, 0x74, 0x82, 0xD1,
    0x0F, 0x22, 0x9C, 0x45, 0x8B, 0xAF, 0xE4, 0x59, 0xCA, 0xFB, 0x5A, 0xFE, 0xBF, 0x00, 0xAC, 0x93,
    0x3F, 0x68, 0x14, 0x41, 0x14, 0xC6, 0x7F, 0xB7, 0xAB, 0x39, 0x64, 0x30, 0xD3, 0xA8, 0xE5, 0x6D,
    0xCA, 0x20, 0x26, 0x6B, 0x79, 0xC5, 0x25, 0x33, 0x6A, 0x69, 0x61, 0x0A, 0x53, 0xDB, 0x57, 0xA6,
    0x4C, 0x61, 0xB2, 0x23, 0xF6, 0x98, 0xC2, 0x1E, 0x0B, 0xFB, 0x2A, 0xA5, 0x70, 0x4F, 0x53, 0xD8,
    0x2E, 0xDA, 0xC3, 0x0A, 0x8A, 0xED, 0x20, 0x2B, 0x5C, 0xE0, 0x72, 0xE3, 0xCC, 0x70, 0x21, 0x87,
    0x62, 0xE7, 0xF7, 0xBE, 0xBD, 0xF7, 0xF8, 0xFE, 0x4C, 0x77, 0xB7, 0xF7, 0xF7, 0x9A, 0xD0, 0x37,
    0xC1, 0xAF, 0x1C, 0xFB, 0x7B, 0x26, 0x84, 0x2E, 0x7D, 0x7F, 0xDC, 0x09, 0x76, 0x1A, 0x32, 0xE4,
    0x72, 0x2F, 0xF5, 0x1C, 0xCC, 0xE8, 0x2F, 0x0F, 0x3F, 0xD1, 0xFC, 0x17, 0x42, 0xE1, 0x94, 0x1D,
    0x61, 0x68, 0x5C, 0x63, 0x77, 0x51, 0xAE, 0x96, 0x5A, 0x2A, 0xD1, 0x6C, 0x33, 0x06, 0x94, 0x54,
    0x6D, 0x2D, 0x5A, 0x74, 0xCC, 0x6C, 0xC2, 0x5F, 0xF9, 0x2C, 0x1C, 0xA8, 0x07, 0xDD, 0xA8, 0x14,
    0xA3, 0xDA, 0xE6, 0xB5, 0x6F, 0x9E, 0x74, 0xBB, 0xCA, 0xA9, 0x97, 0xBE, 0x3E, 0x9B, 0xD5, 0x9F,
    0xFA, 0xEA, 0xCC, 0xEB, 0xA2, 0xDB, 0x2E, 0x65, 0x3C, 0x04, 0x50, 0x1F, 0x7C, 0xF5, 0x25, 0xEA,
    0x33, 0x1D, 0xF5, 0xDC, 0xDA, 0x4C, 0xFA, 0x3F, 0xDF, 0x61, 0x44, 0xE2, 0x16, 0x4C, 0x12, 0x75,
    0xE8, 0xAA, 0xD0, 0x5E, 0x3F, 0xB7, 0x78, 0xC8, 0x1C, 0x74, 0x14, 0x2D, 0xA5, 0x2C, 0x39, 0x74,
    0x28, 0x9B, 0xA8, 0x49, 0x5C, 0x6D, 0xDF, 0x82, 0x94, 0x5E, 0x2D, 0x84, 0xC5, 0x20, 0x5C, 0xF0,
    0xEC, 0x0D, 0x9A, 0xCC, 0xAB, 0xF4, 0x92, 0x87, 0x70, 0x4A, 0x1D, 0xC4, 0x04, 0xB9, 0xF3, 0xCB,
    0xAE, 0xB6, 0x07, 0x36, 0xBD, 0x58, 0x06, 0x74, 0x90, 0x1C, 0x68, 0x9B, 0xF4, 0xEB, 0x4C, 0x54,
    0x66, 0x90, 0xB1, 0x0E, 0x5A, 0xD0, 0x3D, 0xD5, 0x82, 0x3A, 0x59, 0xD6, 0xCC, 0x30, 0xC2, 0x11,
    0xBC, 0x25, 0xA1, 0xA6, 0xB1, 0x53, 0x76, 0x56, 0x76, 0x9D, 0xEF, 0x34, 0x53, 0xD2, 0xEC, 0xE4,
    0xD1, 0xCE, 0x88, 0x91, 0x1A, 0x9A, 0x6F, 0xAC, 0x39, 0x28, 0xC3, 0x05, 0x5A, 0x40, 0x7F, 0x9F,
    0x62, 0x80, 0xDA, 0xD6, 0xF6, 0x18, 0x52, 0xD2, 0xCE, 0x81, 0x17, 0xE8, 0x87, 0x3D, 0xF0, 0x9E,
    0xAA, 0xF4, 0x79, 0xEF, 0xAA, 0x16, 0x68, 0x06, 0xF3, 0xCA, 0x01, 0x26, 0xF4, 0x06, 0x40, 0x07,
    0x97, 0x6A, 0xF0, 0x94, 0x39, 0x19, 0x45, 0xAF, 0x16, 0x00, 0xA5, 0x6F, 0x82, 0x00, 0xBA, 0x5D,
    0x3C, 0xF7, 0x40, 0xF5, 0xCA, 0x97, 0x01, 0x30, 0x43, 0x29, 0x7F, 0x3A, 0x38, 0x56, 0xA2, 0xBC,
    0xC0, 0x5C, 0x3B, 0xED, 0x25, 0xD6, 0xE2, 0xFE, 0x2A, 0xB1, 0xA6, 0xA5, 0xFA, 0xE8, 0xD0, 0x32,
    0x3C, 0x9F, 0x3E, 0x82, 0xCA, 0x95, 0x61, 0x71, 0x03, 0xEE, 0xC2, 0xF4, 0xC7, 0x3B, 0x38, 0x29,
    0xDA, 0x52, 0x94, 0x5D, 0xE7, 0x1E, 0x63, 0x36, 0xE0, 0xE4, 0xA4, 0xF8, 0xDC, 0x96, 0x67, 0xA2,
    0x1E, 0xDB, 0xF5, 0x28, 0x46, 0x35, 0xCA, 0x49, 0x4F, 0x46, 0x72, 0x92, 0x95, 0xBC, 0x64, 0x26,
    0xF7, 0x90, 0x8D, 0xE8, 0xAF, 0xD9, 0x4A, 0xEA, 0x38, 0xDA, 0x56, 0x4C, 0xC8, 0xB8, 0x8F, 0x1F,
    0xFA, 0xCA, 0x1D, 0x61, 0xAC, 0x96, 0xA1, 0x14, 0x0E, 0x7B, 0x8D, 0x9B, 0x68, 0xB4, 0xA8, 0xAE,
    0xF0, 0xAA, 0x35, 0x76, 0xC2, 0x01, 0x96, 0xF8, 0xA7, 0xC2, 0x84, 0x60, 0xE3, 0x07, 0x19, 0xA5,
    0x80, 0xB2, 0xA0, 0x21, 0xBF, 0x76, 0x0A, 0x83, 0xEE, 0x4A, 0x1E, 0x2D, 0x65, 0x0F, 0xC5, 0x52,
    0xD6, 0xC0, 0x16, 0x30, 0x66, 0x89, 0xDF, 0xC3, 0x99, 0x12, 0x28, 0x95, 0x05, 0x00, 0x6D, 0x92,
    0x81, 0x86, 0x24, 0x47, 0x18, 0x80, 0xBF, 0xEA, 0xCA, 0x29, 0xB4, 0xED, 0x3E, 0xDC, 0x5A, 0x64,
    0x7B, 0x3A, 0x80, 0x60, 0x26, 0x07, 0x41, 0xA1, 0x6E, 0xA6, 0xF2, 0x06, 0x8B, 0x4C, 0x82, 0x7B,
    0x87, 0xCC, 0xA0, 0x31, 0x98, 0xDC, 0xF4, 0x23, 0x1C, 0x44, 0x90, 0x37, 0x88, 0xA0, 0x31, 0x61,
    0xC2, 0x5C, 0xB6, 0x1E, 0xA1, 0xB1, 0x01, 0xA0, 0x90, 0x85, 0x20, 0x0A, 0x7D, 0xCC, 0xAD, 0x99,
    0xA9, 0x54, 0x92, 0x11, 0x10, 0xBE, 0x0F, 0x7F, 0x6B, 0x9F, 0xFA, 0x55, 0x01, 0x2C, 0x7C, 0xF6,
    0x74, 0xCC, 0xDB, 0xC9, 0x88, 0xC2, 0x50, 0x6A, 0xCA, 0x25, 0x45, 0x47, 0x11, 0xA8, 0x02, 0x26,
    0xD0, 0x6C, 0x09, 0xAF, 0x94, 0xAB, 0xCF, 0x88, 0xB7, 0x80, 0x81, 0x23, 0xEA, 0xC0, 0xA8, 0x61,
    0xD5, 0x09, 0x1F, 0x72, 0xEB, 0x27, 0xC2, 0x6F, 0xE2, 0xE9, 0xFA, 0xAB, 0x07, 0x32, 0x87, 0x74,
    0xDC, 0xF4, 0x6C, 0x06, 0x36, 0xB1, 0xE5, 0xE7, 0x39, 0x04, 0xC0, 0x83, 0xE8, 0x21, 0x8B, 0x1E,
    0x31, 0xDF, 0x03, 0x15, 0x50, 0x5C, 0xBC, 0xC5, 0xB0, 0xA2, 0xFE, 0x21, 0xA0, 0xA2, 0x85, 0xFC,
    0x04, 0x6F, 0x16, 0x08, 0xAF, 0xAC, 0x6C, 0x25, 0x39, 0x50, 0x6C, 0x02, 0xF5, 0x6F, 0x7B, 0xA6,
    0x54, 0x18, 0xAE, 0xD0, 0x54, 0xC9, 0x31, 0x86, 0x86, 0xFA, 0xEB, 0x9E, 0xEC, 0x0C, 0x65, 0x3C,
    0x3F, 0x9B, 0xAF, 0x41, 0x43, 0x20, 0x73, 0x28, 0x4B, 0x01, 0x06, 0xB6, 0xE0, 0x91, 0x8E, 0x1C,
    0x2A, 0xD0, 0xC0, 0xC6, 0x67, 0x8F, 0x3B, 0x65, 0xC7, 0x25, 0xE3, 0x02, 0x5D, 0xDA, 0xA0, 0xA2,
    0xAB, 0xBF, 0x0F, 0x2B, 0xB6, 0x1D, 0x4D, 0xA0, 0x0B, 0xC2, 0xBF, 0x79, 0xED, 0x3E, 0x3E, 0xC1,
    0x4B, 0x8F, 0x78, 0xFF, 0x0E, 0xD5, 0x96, 0x94, 0x28, 0xAE, 0x92, 0x15, 0x39, 0x23, 0x6A, 0xCA,
    0x2F, 0x7E, 0x45, 0xC6, 0x9F, 0xE0, 0x85, 0xE1, 0x13, 0x1A, 0x34, 0x9E, 0xE9, 0xEB, 0x96, 0xFC,
    0x03, 0x70, 0x87, 0xF0, 0x09, 0xEE, 0xA3, 0x8D, 0x11, 0xE9, 0x52, 0x01, 0x61, 0x2F, 0x23, 0xF0,
    0x6F, 0xF9, 0x69, 0x8F, 0x74, 0x23, 0x52, 0x9B, 0x54, 0xC5, 0x24, 0x75, 0xB2, 0xA1, 0x64, 0x49,
    0x41, 0x47, 0x45, 0x83, 0x41, 0xD3, 0x31, 0x95, 0x3D, 0x65, 0xB4, 0x88, 0x2F, 0x21, 0x3B, 0x8A,
    0x35, 0x1A, 0x4D, 0x43, 0x47, 0x47, 0xC0, 0x8B, 0x5E, 0xB8, 0xCC, 0x49, 0x77, 0xF3, 0x30, 0x1B,
    0xA8, 0x0F, 0xF0, 0x61, 0x81, 0xE8, 0x73, 0x32, 0xA7, 0xAC, 0xB0, 0x0A, 0x28, 0x81, 0x31, 0x88,
    0x01, 0x6A, 0x07, 0x27, 0x50, 0x3D, 0xD4, 0xBC, 0xC0, 0xF0, 0x29, 0xD3, 0x1F, 0x77, 0xCC, 0xE2,
    0x80, 0x8C, 0x11, 0x31, 0xFF, 0x06, 0x58, 0x41, 0xD6, 0x43, 0x69, 0xE1, 0x15, 0x70, 0xEF, 0xE1,
    0xFA, 0x00, 0x18, 0x60, 0x0C, 0xC9, 0xE7, 0x68, 0xB6, 0x84, 0xB4, 0xB3, 0x23, 0x3F, 0x03, 0x4C,
    0x60, 0x4F, 0x76, 0x24, 0x5F, 0x33, 0xD1, 0xEC, 0x9A, 0xCC, 0x2F, 0xF3, 0xB6, 0x1B, 0x11, 0x66,
    0xF1, 0x7C, 0x3D, 0xFF, 0x1D, 0xD1, 0x93, 0x39, 0x6E, 0x1E, 0x98, 0x1D, 0x88, 0x51, 0x3C, 0xCE,
    0xD3, 0x24, 0x13, 0x2D, 0xEA, 0x4F, 0xAB, 0x62, 0x80, 0x1D, 0x18, 0x18, 0x83, 0x79, 0xCE, 0xE7,
    0x29, 0x9E, 0xDA, 0x29, 0x4D, 0x3D, 0xF0, 0xCB, 0xB7, 0xB2, 0x2F, 0x94, 0x2D, 0x4A, 0x3E, 0x9A,
    0x80, 0xB9, 0xEF, 0x67, 0xDF, 0x0D, 0x6B, 0x4C, 0x47, 0x42, 0x77, 0x34, 0x0D, 0xFE, 0xEF, 0x9F,
    0x4F, 0xE4, 0x31, 0x3E, 0x4B, 0x1B, 0x60, 0xA0, 0x01, 0x8F, 0xBC, 0xBC, 0x84, 0xFF, 0xFD, 0xC0,
    0x4B, 0x2F, 0xDE, 0xEF, 0x65, 0x5B, 0x29, 0xAA, 0x9C, 0xDB, 0xDC, 0x6A, 0xF9, 0x47, 0x50, 0xD1,
    0xD7, 0x76, 0xD0, 0xE8, 0xE5, 0x3F, 0xE5, 0xD5, 0x7F, 0xC7, 0xD8, 0xF4, 0xF2, 0xF1, 0x50, 0x32,
    0xBE, 0xE5, 0xCA, 0x70, 0xA5, 0x49, 0x4C, 0x0C, 0xE6, 0xB3, 0xEC, 0x98, 0xC7, 0x86, 0xBB, 0xE5,
    0x5B, 0x7C, 0x90, 0xEE, 0xDD, 0x82, 0x7A, 0x80, 0x3B, 0x08, 0x24, 0x36, 0xB1, 0x4D, 0xB7, 0x2E,
    0x1D, 0x09, 0x61, 0x2F, 0xE3, 0x5F, 0x75, 0x94, 0x01, 0x84, 0xE5, 0x56, 0x18, 0x85, 0xBF, 0x24,
    0x5E, 0x83, 0xD0, 0x54, 0x99, 0x41, 0x4B, 0x53, 0x40, 0x15, 0x0D, 0x00, 0xD8, 0x49, 0x28, 0xB0,
    0x60, 0x54, 0x33, 0xC5, 0x00, 0x00, 0x8A, 0x29, 0x00, 0x3A, 0xFB, 0x52, 0x14, 0x14, 0x16, 0x06,
    0x80, 0x45, 0xA1, 0x03, 0x05, 0x80, 0x9D, 0xE6, 0x02, 0x50, 0x08, 0x2C, 0x80, 0x06, 0xBB, 0xD8,
    0x16, 0x2E, 0xD2, 0xCA, 0xD3, 0x9B, 0xF7, 0x37, 0x39, 0xB6, 0x13, 0x6B, 0xCD, 0x7D, 0x72, 0xCE,
    0x9F, 0x5C, 0x2F, 0xCE, 0x7F, 0xFE, 0x73, 0x13, 0x9B, 0x41, 0x59, 0x93, 0xDB, 0xA8, 0xB2, 0x6A,
    0x29, 0xCC, 0x47, 0x57, 0x2F, 0xA0, 0x6B, 0xD9, 0x1D, 0xCF, 0xC9, 0x1D, 0x98, 0x83, 0xC0, 0x5A,
    0xC6, 0xB6, 0x5C, 0x1E, 0x32, 0x47, 0xF2, 0xD7, 0x72, 0x0D, 0x90, 0xF5, 0x64, 0xBF, 0xBB, 0xF5,
    0x09, 0x69, 0x4F, 0xFE, 0x53, 0x4F, 0xD1, 0xB2, 0xEE, 0x94, 0xCB, 0x6D, 0x85, 0xCA, 0xB3, 0xA4,
    0xE7, 0x1A, 0xCA, 0x90, 0xDB, 0x97, 0xA1, 0xB0, 0xC4, 0x5C, 0x35, 0xE7, 0x96, 0x86, 0x62, 0xCE,
    0xAC, 0x25, 0x1A, 0x63, 0x9F, 0x2C, 0x3F, 0x20, 0x9A, 0x92, 0x21, 0xF1, 0x99, 0x03, 0x98, 0x32,
    0x17, 0xFB, 0xA2, 0x85, 0xCE, 0x12, 0xBF, 0x9F, 0x73, 0x67, 0x86, 0x59, 0xD2, 0xDB, 0x31, 0xFB,
    0xC1, 0x8E, 0xC0, 0xDD, 0x19, 0xD1, 0x18, 0x00, 0xB8, 0x7E, 0x0E, 0xFF, 0x8C, 0x2A, 0xCF, 0x02,
    0xFC, 0xEB, 0x55, 0x56, 0x23, 0x58, 0x8F, 0x4A, 0x0F, 0xD6, 0xAA, 0x2C, 0x7B, 0x30, 0xB4, 0x0A,
    0x07, 0xBF, 0x81, 0xD6, 0x7B, 0xF6, 0x12, 0xA0, 0x33, 0xAB, 0x21, 0xB5, 0x9B, 0xAE, 0x87, 0x72,
    0x20, 0xF5, 0xD0, 0xB1, 0x36, 0x1D, 0x05, 0x51, 0xE2, 0x59, 0xAF, 0xAC, 0x87, 0xB8, 0x97, 0x3D,
    0x90, 0xD9, 0xB2, 0x20, 0x5F, 0x70, 0x86, 0xDD, 0xBE, 0x69, 0xBE, 0x5E, 0x95, 0x00, 0xB0, 0xEB,
    0x9A, 0xE6, 0x1C, 0x4A, 0x33, 0xEB, 0xA1, 0x5A, 0xC8, 0x81, 0x8C, 0xD9, 0xA8, 0x6C, 0xE1, 0x7D,
    0x28, 0x7A, 0x3D, 0xC9, 0x26, 0xA2, 0x19, 0x12, 0x7B, 0x75, 0x35, 0x22, 0x45, 0x4E, 0xFA, 0x26,
    0x60, 0x6F, 0x66, 0x4F, 0xF5, 0xCC, 0x02, 0x7C, 0xF3, 0x77, 0x73, 0x69, 0x64, 0x21, 0x37, 0xEB,
    0xEA, 0x3C, 0x14, 0x66, 0x7F, 0xB4, 0x1A, 0x4A, 0xDE, 0x92, 0xBA, 0x95, 0x8A, 0xB1, 0x32, 0xCB,
    0xEB, 0xD2, 0x2F, 0x54, 0x22, 0xB9, 0x95, 0xB6, 0xD7, 0x6E, 0x8A, 0x9B, 0xE6, 0x6A, 0x44, 0xD2,
    0x9C, 0xA4, 0x4D, 0x9B, 0x24, 0x89, 0x87, 0x6B, 0x21, 0xCF, 0xDF, 0xA2, 0x20, 0x64, 0x12, 0x9E,
    0x1E, 0x6A, 0xA4, 0x52, 0x46, 0x9B, 0x48, 0xF7, 0x4F, 0x21, 0x93, 0xCA, 0xEA, 0xF5, 0xE5, 0x51,
    0x3E, 0xEF, 0xF5, 0x9F, 0x12, 0x46, 0x28, 0xA0, 0x5E, 0xEB, 0xCD, 0x85, 0x3B, 0x09, 0xB1, 0x56,
    0x58, 0x93, 0xD9, 0x11, 0xF4, 0x1A, 0x35, 0x7D, 0xA4, 0x13, 0x56, 0xF7, 0xB2, 0x24, 0x27, 0x1A,
    0x56, 0x8C, 0x07, 0xEE, 0x20, 0xE9, 0xD9, 0xD7, 0xE4, 0x8E, 0xEA, 0x70, 0x61, 0x4B, 0xA1, 0x61,
    0x44, 0x6F, 0x84, 0xAC, 0xEB, 0x7F, 0xCA, 0x6F, 0x2E, 0x0E, 0xCD, 0x15, 0x39, 0xB1, 0xE7, 0x0B,
    0x0A, 0x12, 0xCF, 0x23, 0x3E, 0x5A, 0xE9, 0x33, 0x90, 0x7F, 0x28, 0xCC, 0x80, 0x72, 0xBD, 0x51,
    0xFE, 0x86, 0x5A, 0x51, 0x51, 0xC3, 0x46, 0xEA, 0x65, 0xF3, 0xEF, 0x41, 0x1B, 0x3F, 0xBF, 0xFD,
    0xF0, 0xF6, 0x19, 0x54, 0x7F, 0xC6, 0xBF, 0xFA, 0xE5, 0xAE, 0x69, 0x1E, 0x3F, 0x53, 0xA3, 0x03,
    0xA0, 0xB5, 0x84, 0xA7, 0x06, 0x8A, 0xC0, 0x49, 0xB3, 0x24, 0xE9, 0x67, 0x85, 0xCF, 0x50, 0xF2,
    0xCA, 0x36, 0xFA, 0xE5, 0xF1, 0xED, 0xED, 0xCD, 0xA7, 0xC9, 0x54, 0x9A, 0xF9, 0xEF, 0xA2, 0xAF,
    0x7E, 0x5C, 0x5E, 0xB0, 0xEA, 0x93, 0x8E, 0x6D, 0xBE, 0xCC, 0x6F, 0xCD, 0xB7, 0x17, 0x1D, 0xA4,
    0xAF, 0x6C, 0x25, 0x2C, 0x77, 0x12, 0x96, 0xF5, 0xA2, 0x74, 0x90, 0x3E, 0x9D, 0xC2, 0x80, 0x68,
    0x22, 0x1E, 0x3F, 0xE1, 0xE4, 0x50, 0x47, 0xF3, 0x13, 0xCD, 0xD7, 0x82, 0xE6, 0x5B, 0x49, 0x29,
    0x3B, 0xC5, 0x71, 0x00, 0xED, 0xAD, 0x61, 0xAC, 0x91, 0x48, 0xE4, 0xA1, 0x70, 0x33, 0x32, 0x73,
    0xA7, 0x41, 0x27, 0x24, 0xAC, 0xF0, 0xBA, 0xA6, 0xB0, 0x7E, 0x33, 0xAF, 0xE4, 0x74, 0x80, 0xAA,
    0x33, 0x4F, 0xA9, 0xDD, 0xBD, 0x9D, 0x03, 0x1F, 0xDC, 0xCF, 0x19, 0x61, 0xDC, 0x12, 0x20, 0x71,
    0x4C, 0x90, 0xBA, 0x93, 0x43, 0xD3, 0x5C, 0xBA, 0x4E, 0xA1, 0x31, 0x85, 0x46, 0xAD, 0xBE, 0x44,
    0x64, 0x70, 0x32, 0x37, 0x17, 0xFA, 0x76, 0xE9, 0x68, 0xE9, 0x4F, 0x03, 0xD1, 0x08, 0xC9, 0x3D,
    0xC5, 0x5E, 0x02, 0x13, 0x7D, 0xD3, 0x24, 0xB8, 0x68, 0x45, 0x7B, 0x48, 0x5F, 0x35, 0xDF, 0xCE,
    0x28, 0x34, 0x83, 0xA4, 0x1F, 0x1F, 0x48, 0x40, 0xD5, 0x77, 0xAD, 0xC8, 0xEA, 0x77, 0x12, 0xB0,
    0x7B, 0x72, 0xAE, 0x06, 0x6D, 0xD4, 0x96, 0x08, 0x88, 0xFB, 0x0D, 0x13, 0x07, 0xCA, 0x78, 0xAB,
    0x8C, 0x8F, 0x3A, 0xD6, 0x9A, 0x01, 0x77, 0xD2, 0x72, 0x86, 0x50, 0x4E, 0x3E, 0xD2, 0xA8, 0xBF,
    0x97, 0x8E, 0x69, 0xC5, 0xD4, 0x93, 0xBF, 0x68, 0x3A, 0x47, 0x71, 0xEF, 0xC0, 0x40, 0x05, 0x1F,
    0x8F, 0x2B, 0x46, 0x93, 0x74, 0x04, 0x25, 0x70, 0x92, 0x93, 0xC2, 0x68, 0x94, 0x93, 0x9E, 0x09,
    0x0A, 0x77, 0x7A, 0x58, 0x8C, 0xAA, 0xF5, 0x51, 0xC1, 0x24, 0x84, 0x54, 0x0D, 0x66, 0xF5, 0x86,
    0x3B, 0x80, 0xFF, 0x00, 0x85, 0xD2, 0x81, 0x86, 0xDC, 0x50, 0x14, 0xC6, 0xF1, 0x5F, 0x32, 0x76,
    0xA7, 0x84, 0x66, 0xB0, 0xB4, 0x94, 0x9D, 0xA2, 0xA0, 0x35, 0x9B, 0x17, 0x18, 0x92, 0x47, 0x28,
    0xA0, 0x8F, 0x32, 0xA0, 0xB9, 0xFA, 0x04, 0xFB, 0x08, 0x7D, 0x84, 0xC5, 0x02, 0x74, 0x67, 0xE8,
    0x0B, 0x04, 0xA5, 0x00, 0x41, 0x1F, 0x20, 0x08, 0x86, 0xCE, 0xCE, 0xED, 0xA6, 0x97, 0xA0, 0xD8,
    0xFE, 0xF3, 0xE5, 0xE3, 0xE6, 0x9C, 0xF3, 0xDD, 0x83, 0x40, 0xD6, 0x50, 0x34, 0xB4, 0xFB, 0x78,
    0x7E, 0x88, 0xF1, 0x7C, 0x8D, 0x0B, 0x33, 0xFD, 0x62, 0x2C, 0x4F, 0xEF, 0x3F, 0xE5, 0xDD, 0xE2,
    0x30, 0x3D, 0xCB, 0x50, 0x34, 0x45, 0x53, 0x2A, 0x5D, 0xDB, 0xD8, 0xD8, 0xDA, 0xDA, 0xD9, 0xB9,
    0x47, 0x62, 0x05, 0x3B, 0xF5, 0x53, 0x94, 0x76, 0x32, 0x8C, 0x10, 0x20, 0x85, 0x97, 0x26, 0x5D,
    0xB3, 0x61, 0x4B, 0xD2, 0x8E, 0x7B, 0x06, 0x49, 0x59, 0x2F, 0xEF, 0x26, 0x2D, 0x0E, 0x3E, 0xFC,
    0x52, 0x0F, 0xD6, 0x07, 0x25, 0x19, 0x89, 0x60, 0x65, 0x19, 0x6C, 0x54, 0x75, 0x8C, 0x4D, 0xDD,
    0x3E, 0x59, 0xC9, 0x4E, 0xCE, 0x47, 0x33, 0xF9, 0x41, 0x31, 0xA8, 0x46, 0x57, 0x57, 0x53, 0xD2,
    0x32, 0x28, 0x9A, 0x49, 0xF3, 0x06, 0xFF, 0x5F, 0x62, 0x9A, 0x4B, 0x6A, 0x47, 0x75, 0xAF, 0x0C,
    0x2E, 0xC1, 0x6B, 0xEC, 0x6F, 0x89, 0x03, 0xED, 0x60, 0xAA, 0xA9, 0x47, 0x56, 0x8F, 0xA8, 0x51,
    0x1E, 0x58, 0x0C, 0x64, 0x27, 0x7C, 0x46, 0x15, 0x28, 0x3A, 0xF2, 0x1E, 0x01, 0xB7, 0xBC, 0x39,
    0x52, 0x9F, 0xD2, 0x64, 0x95, 0x92, 0xB2, 0xE3, 0xCA, 0x62, 0x48, 0xF3, 0x35, 0x1E, 0xC9, 0xC7,
    0x34, 0xB9, 0x0E, 0xDC, 0xE0, 0x85, 0xC4, 0xF6, 0xDF, 0xE4, 0x11, 0xA7, 0xF9, 0x7E, 0x96, 0x03,
    0xD9, 0xEF, 0x8E, 0xB6, 0xA7, 0x1E, 0xD8, 0xA7, 0xD7, 0xE5, 0xC1, 0x8C, 0x41, 0xBA, 0xB0, 0xA3,
    0x6A, 0x78, 0x20, 0x3B, 0xB2, 0x9C, 0x77, 0x70, 0x73, 0xA2, 0x1A, 0x53, 0x42, 0x3D, 0xD2, 0x8E,
    0xBC, 0x34, 0x83, 0xB7, 0x70, 0x87, 0x3C, 0xC6, 0xD8, 0x15, 0x93, 0x55, 0x03, 0x26, 0xF3, 0xF7,
    0x98, 0x4F, 0xE6, 0x6E, 0x6E, 0x4E, 0xF0, 0x55, 0x7E, 0x54, 0x9C, 0x55, 0x31, 0xEC, 0x63, 0x5F,
    0x96, 0x9E, 0xD7, 0xC5, 0x85, 0x04, 0x01, 0x7A, 0x6D, 0x8C, 0xC7, 0xF9, 0x5F, 0x8B, 0xC1, 0x64,
    0xD3, 0x31, 0x15, 0xD0, 0xCF, 0xCD, 0xE4, 0x5F, 0xC2, 0xE2, 0xFB, 0xE1, 0x19, 0xBD, 0xFA, 0xF9,
    0x63, 0x1D, 0x87, 0x65, 0xEC, 0xB2, 0xD8, 0xF8, 0xC6, 0x3B, 0x12, 0xCD, 0xA4, 0x3C, 0xD0, 0x59,
    0xC6, 0x18, 0x07, 0xEB, 0x27, 0x3F, 0xA9, 0x03, 0x67, 0xC9, 0xD3, 0x97, 0x54, 0x4D, 0x9D, 0x69,
    0x2A, 0xF1, 0x07, 0x8D, 0xD3, 0x21, 0xB0, 0xDC, 0x54, 0x14, 0xC6, 0xF1, 0x5F, 0x92, 0x57, 0x22,
    0x22, 0x82, 0x00, 0xD3, 0x19, 0x88, 0xAD, 0xA0, 0xC4, 0xCF, 0xEC, 0xDB, 0x84, 0x22, 0x31, 0x15,
    0xAC, 0x47, 0xE3, 0x05, 0x62, 0xCB, 0xCB, 0x60, 0x90, 0xD4, 0x2B, 0x44, 0xD5, 0xF3, 0x02, 0xD1,
    0xC7, 0x5E, 0x8F, 0x59, 0x87, 0xCD, 0x0C, 0x7E, 0x1A, 0x11, 0x11, 0x86, 0xEC, 0xBB, 0x24, 0x6F,
    0x3B, 0xB4, 0xB4, 0xD3, 0xC2, 0xDD, 0x3B, 0xFF, 0x73, 0xCE, 0x3D, 0xDF, 0x7E, 0x77, 0xEF, 0x26,
    0x17, 0x70, 0x88, 0x41, 0x11, 0xE7, 0x97, 0x21, 0x1D, 0xD1, 0x30, 0xE1, 0x7B, 0x66, 0x3C, 0x5F,
    0x33, 0x26, 0x1A, 0xD6, 0x7E, 0x1D, 0x63, 0x1C, 0x28, 0x97, 0x70, 0xA4, 0x38, 0x2A, 0x03, 0x59,
    0xAF, 0xEA, 0xC8, 0x06, 0x0D, 0x92, 0xC9, 0x16, 0x66, 0x37, 0x58, 0x30, 0x43, 0x93, 0x8C, 0x50,
    0x7F, 0x39, 0x40, 0xF5, 0x63, 0x0F, 0xE5, 0x6F, 0x01, 0xF2, 0x17, 0x1D, 0x64, 0xB1, 0x85, 0x18,
    0x41, 0x3C, 0x01, 0x68, 0xE2, 0x32, 0xDA, 0x33, 0x37, 0x94, 0xC1, 0xEB, 0xF4, 0x5E, 0xE6, 0x31,
    0xC6, 0x33, 0xFF, 0x4B, 0xF9, 0xD1, 0x5B, 0xCE, 0x67, 0xBE, 0xBE, 0x3B, 0xB8, 0xFF, 0x28, 0xA4,
    0x31, 0x86, 0x62, 0xA9, 0xEB, 0xEE, 0x2A, 0x6C, 0x93, 0x78, 0xDC, 0x67, 0x7F, 0xF4, 0xFB, 0xF2,
    0x87, 0x61, 0xBF, 0x4D, 0x87, 0xFD, 0x9C, 0xF5, 0xCD, 0x90, 0x1F, 0xEB, 0x50, 0x85, 0x3A, 0x46,
    0x4D, 0x9C, 0x5C, 0xDC, 0xEF, 0x80, 0xB4, 0x23, 0x0B, 0x14, 0x3D, 0xE5, 0x40, 0x3D, 0xB2, 0x7D,
    0xCE, 0xF3, 0x4B, 0xA6, 0x5A, 0x3A, 0x54, 0x6D, 0xD6, 0x97, 0xA1, 0x38, 0xE6, 0xC7, 0x32, 0x64,
    0x43, 0x15, 0xE3, 0xD8, 0xC4, 0x38, 0x5F, 0xC5, 0x78, 0x3A, 0x2C, 0x71, 0xC9, 0xA7, 0x3A, 0xC6,
    0xA1, 0xEA, 0xEE, 0x54, 0x61, 0x51, 0x75, 0xD9, 0x50, 0x4B, 0xC6, 0x2D, 0xF3, 0x9E, 0x27, 0x13,
    0xCD, 0x40, 0xB5, 0xFA, 0x1F, 0xC9, 0x03, 0x59, 0x0B, 0xA4, 0xD7, 0xCF, 0x50, 0xC6, 0xD8, 0xD3,
    0x2C, 0x86, 0x1C, 0x24, 0x07, 0xE9, 0x89, 0xAA, 0x2B, 0x46, 0x8A, 0x50, 0xF7, 0x2B, 0x9B, 0x8E,
    0x32, 0x34, 0x48, 0xDA, 0x95, 0xBC, 0xE4, 0x6E, 0xF7, 0xF5, 0xF9, 0xAB, 0xFF, 0x10, 0x6F, 0x30,
    0x40, 0x35, 0x90, 0x74, 0xF9, 0x44, 0x36, 0x24, 0xB7, 0xE4, 0x47, 0x57, 0x9D, 0x22, 0xA8, 0x62,
    0x8C, 0x9D, 0x7C, 0x61, 0xCB, 0x6E, 0xB7, 0xF3, 0xF1, 0x6E, 0xF7, 0xB8, 0x39, 0x9F, 0x72, 0xB8,
    0xB7, 0x7B, 0x5C, 0xC7, 0xA1, 0x89, 0x3D, 0x60, 0x62, 0x64, 0x70, 0x88, 0x61, 0x99, 0x59, 0x2F,
    0x3B, 0xCA, 0x82, 0xB4, 0x23, 0x69, 0xCF, 0x67, 0x2B, 0x3A, 0xC5, 0x4F, 0x5F, 0x29, 0x17, 0xBF,
    0x2C, 0x4E, 0xC4, 0xA3, 0x62, 0x89, 0xCD, 0xED, 0xAD, 0x87, 0x97, 0x9F, 0xB1, 0xC1, 0x1E, 0x48,
    0x7E, 0x55, 0xC4, 0xEE, 0xD3, 0x2C, 0x6C, 0xD2, 0xB0, 0x59, 0x58, 0x74, 0xF5, 0xAD, 0x7C, 0x84,
    0x34, 0x2A, 0x63, 0xA8, 0x63, 0x68, 0xE2, 0xF1, 0x6A, 0x65, 0xD7, 0x44, 0xE5, 0x04, 0x14, 0x71,
    0xA0, 0x5E, 0xB1, 0x81, 0x5F, 0x60, 0x40, 0xB2, 0x22, 0x3D, 0x22, 0x0B, 0xC8, 0x3B, 0x94, 0x2D,
    0x9B, 0x0A, 0xF5, 0x43, 0x14, 0x33, 0xD2, 0x09, 0x9E, 0x21, 0xB9, 0x7D, 0x74, 0xAB, 0x88, 0x2F,
    0x62, 0x58, 0xFF, 0x85, 0xA1, 0xF9, 0x22, 0xA6, 0xE3, 0xD6, 0xC9, 0x74, 0x87, 0xBB, 0xF2, 0xAE,
    0x71, 0x27, 0x59, 0xC5, 0x80, 0xF4, 0x7C, 0xD3, 0x54, 0x1D, 0x0D, 0x66, 0xB2, 0xE1, 0xD5, 0xD2,
    0xF6, 0xED, 0xA5, 0x2B, 0x1C, 0xE2, 0x7A, 0x90, 0x18, 0x7E, 0x7E, 0x30, 0x6C, 0xDE, 0xFF, 0x91,
    0x7C, 0x88, 0x6C, 0x44, 0x3E, 0xA3, 0x3C, 0xA1, 0x8A, 0xA8, 0x6B, 0x34, 0xAB, 0xE3, 0x4D, 0x19,
    0x98, 0xF3, 0x5E, 0x3A, 0x66, 0x83, 0x6C, 0x48, 0x47, 0x4B, 0x31, 0x2B, 0x83, 0x1B, 0x8B, 0xA0,
    0x51, 0x53, 0x6B, 0xA8, 0x5A, 0x5C, 0xB8, 0x58, 0x71, 0x79, 0x5E, 0x5B, 0xBB, 0xAD, 0x27, 0xAB,
    0x78, 0x56, 0x84, 0x64, 0x92, 0xF7, 0x77, 0x2E, 0x79, 0x2F, 0x99, 0x8A, 0xC0, 0xBC, 0xB4, 0x3C,
    0x59, 0x44, 0x9A, 0x06, 0xF5, 0x09, 0xE5, 0x8C, 0x62, 0x42, 0x3E, 0x70, 0xFE, 0x91, 0x0F, 0xB0,
    0xC5, 0xA5, 0xF7, 0x8E, 0x07, 0x3E, 0x71, 0xA3, 0xB1, 0xF7, 0x39, 0xE7, 0x7A, 0x29, 0xD7, 0xEA,
    0x1D, 0x72, 0xDB, 0x57, 0x9E, 0x69, 0xFF, 0x4D, 0x19, 0x8F, 0xE9, 0xF1, 0x29, 0xD2, 0xB6, 0xAD,
    0xFF, 0xEA, 0xAA, 0xDF, 0x3B, 0xF0, 0x54, 0xD2, 0xCB, 0x43, 0x13, 0xA7, 0x26, 0x8E, 0x36, 0x8C,
    0x0E, 0x71, 0x88, 0xB1, 0x2F, 0x79, 0xC8, 0x85, 0xF5, 0x8D, 0x8E, 0x77, 0x03, 0x78, 0x57, 0xEE,
    0xBC, 0x0F, 0xEA, 0x40, 0xFE, 0x27, 0xAE, 0x3A, 0xF2, 0xE9, 0xF5, 0xA4, 0x0C, 0x28, 0x46, 0x38,
    0xB4, 0xA8, 0x7A, 0x24, 0xB7, 0x50, 0x1F, 0x91, 0xCD, 0xB0, 0xF7, 0xED, 0xF5, 0x75, 0xBB, 0x3E,
    0xED, 0x76, 0xDD, 0x1D, 0x2D, 0xD2, 0xE1, 0xDF, 0xDA, 0xF4, 0xE4, 0x6C, 0x7D, 0xF6, 0x3E, 0x3B,
    0xAA, 0xBB, 0xB3, 0x68, 0xD5, 0xAC, 0x92, 0x37, 0x12, 0xDF, 0xC1, 0x07, 0xD7, 0xD7, 0xCF, 0x14,
    0x31, 0x8E, 0xEE, 0x2D, 0x57, 0x95, 0xCD, 0xFF, 0x9B, 0x7B, 0x57, 0xF1, 0xB4, 0xCC, 0xB2, 0x6D,
    0x42, 0x13, 0x6A, 0x7F, 0x03,
};

static const EpdGlyph edslab_16_italicGlyphs[] = {
    { 0, 0, 184, 0, 0, 0, 0 }, // U+0020
    { 9, 24, 116, 0, 24, 54, 0 }, // !
    { 10, 7, 180, 3, 24, 18, 54 }, // "
    { 26, 24, 425, 1, 24, 156, 72 }, // #
    { 20, 31, 324, 0, 27, 155, 228 }, // $
    { 27, 24, 500, 3, 24, 162, 383 }, // %
    { 22, 24, 389, 1, 24, 132, 545 }, // &
    { 5, 7, 103, 3, 24, 9, 677 }, // '
    { 16, 37, 229, 1, 30, 148, 686 }, // (
    { 15, 37, 229, -1, 30, 139, 834 }, // )
    { 13, 11, 229, 3, 27, 36, 973 }, // *
    { 11, 10, 207, 1, 13, 28, 1009 }, // +
    { 6, 8, 115, -1, 4, 12, 1037 }, // ,
    { 11, 3, 207, 1, 10, 9, 1049 }, // -
    { 5, 4, 117, 0, 4, 5, 1058 }, // .
    { 17, 31, 209, -2, 24, 132, 1063 }, // /
    { 20, 25, 323, 1, 24, 125, 1195 }, // 0
    { 11, 24, 194, 0, 24, 66, 1320 }, // 1
    { 19, 24, 301, 0, 24, 114, 1386 }, // 2
    { 21, 24, 311, 0, 24, 126, 1500 }, // 3
    { 18, 24, 310, 0, 24, 108, 1626 }, // 4
    { 20, 24, 307, 0, 24, 120, 1734 }, // 5
    { 19, 24, 310, 1, 24, 114, 1854 }, // 6
    { 19, 24, 298, 1, 24, 114, 1968 }, // 7
    { 18, 24, 317, 1, 24, 108, 2082 }, // 8
    { 19, 24, 293, 0, 24, 114, 2190 }, // 9
    { 5, 15, 145, 2, 15, 19, 2304 }, // :
    { 6, 19, 144, 1, 15, 29, 2323 }, // ;
    { 17, 17, 293, 1, 17, 73, 2352 }, // <
    { 11, 7, 216, 1, 12, 20, 2425 }, // =
    { 17, 17, 294, 0, 17, 73, 2445 }, // >
    { 16, 25, 294, 3, 24, 100, 2518 }, // ?
    { 31, 29, 511, 1, 26, 225, 2618 }, // @
    { 27, 24, 475, 0, 24, 162, 2843 }, // A
    { 24, 24, 383, 0, 24, 144, 3005 }, // B
    { 23, 24, 376, 1, 24, 138, 3149 }, // C
    { 27, 24, 426, 0, 24, 162, 3287 }, // D
    { 25, 24, 367, 0, 24, 150, 3449 }, // E
    { 25, 24, 368, 0, 24, 150, 3599 }, // F
    { 22, 24, 378, 1, 24, 132, 3749 }, // G
    { 31, 24, 463, 0, 24, 186, 3881 }, // H
    { 14, 24, 200, 0, 24, 84, 4067 }, // I
    { 20, 24, 299, 0, 24, 120, 4151 }, // J
    { 26, 24, 399, 0, 24, 156, 4271 }, // K
    { 22, 24, 372, 0, 24, 132, 4427 }, // L
    { 35, 24, 528, 0, 24, 210, 4559 }, // M
    { 31, 24, 463, 0, 24, 186, 4769 }, // N
    { 25, 24, 434, 2, 24, 150, 4955 }, // O
    { 25, 24, 383, 0, 24, 150, 5105 }, // P
    { 26, 29, 468, 1, 24, 189, 5255 }, // Q
    { 25, 24, 410, 0, 24, 150, 5444 }, // R
    { 21, 24, 310, -1, 24, 126, 5594 }, // S
    { 24, 24, 401, 3, 24, 144, 5720 }, // T
    { 28, 24, 477, 4, 24, 168, 5864 }, // U
    { 27, 24, 475, 4, 24, 162, 6032 }, // V
    { 40, 24, 675, 4, 24, 240, 6194 }, // W
    { 28, 24, 435, 0, 24, 168, 6434 }, // X
    { 24, 24, 415, 4, 24, 144, 6602 }, // Y
    { 24, 24, 362, 0, 24, 144, 6746 }, // Z
    { 15, 33, 165, -2, 25, 124, 6890 }, // [
    { 7, 31, 208, 3, 24, 55, 7014 }, // <backslash>
    { 14, 33, 181, -2, 25, 116, 7069 }, // ]
    { 16, 12, 294, 2, 25, 48, 7185 }, // ^
    { 15, 3, 265, -1, 0, 12, 7233 }, // _
    { 4, 7, 133, 5, 28, 7, 7245 }, // `
    { 15, 15, 272, 0, 15, 57, 7252 }, // a
    { 16, 26, 307, 2, 26, 104, 7309 }, // b
    { 15, 15, 253, 0, 15, 57, 7413 }, // c
    { 18, 27, 304, 0, 26, 122, 7470 }, // d
    { 14, 15, 245, 0, 15, 53, 7592 }, // e
    { 17, 27, 187, -2, 24, 115, 7645 }, // f
    { 22, 25, 285, -3, 15, 138, 7760 }, // g
    { 19, 27, 320, -1, 26, 129, 7898 }, // h
    { 6, 22, 147, 1, 21, 33, 8027 }, // i
    { 12, 29, 127, -4, 21, 87, 8060 }, // j
    { 19, 26, 319, 0, 26, 124, 8147 }, // k
    { 8, 27, 162, 2, 26, 54, 8271 }, // l
    { 27, 16, 459, 0, 15, 108, 8325 }, // m
    { 19, 16, 325, 0, 15, 76, 8433 }, // n
    { 17, 15, 275, 0, 15, 64, 8509 }, // o
    { 21, 23, 292, -3, 15, 121, 8573 }, // p
    { 16, 23, 264, 0, 15, 92, 8694 }, // q
    { 17, 15, 254, 0, 15, 64, 8786 }, // r
    { 14, 15, 207, -1, 15, 53, 8850 }, // s
    { 12, 21, 216, 1, 21, 63, 8903 }, // t
    { 17, 15, 307, 1, 15, 64, 8966 }, // u
    { 21, 15, 339, 1, 15, 79, 9030 }, // v
    { 30, 15, 487, 1, 15, 113, 9109 }, // w
    { 20, 15, 331, 0, 15, 75, 9222 }, // x
    { 22, 23, 339, -1, 15, 127, 9297 }, // y
    { 16, 15, 259, 0, 15, 60, 9424 }, // z
    { 12, 32, 153, 0, 25, 96, 9484 }, // {
    { 10, 34, 97, -1, 29, 85, 9580 }, // |
    { 12, 32, 153, -3, 25, 96, 9665 }, // }
    { 13, 4, 261, 2, 12, 13, 9761 }, // ~
    { 0, 0, 184, 0, 0, 0, 0 }, // U+00A0
    { 8, 24, 123, 1, 24, 48, 0 }, // U+00A1
    { 15, 20, 253, 0, 18, 75, 48 }, // U+00A2
    { 17, 28, 277, 0, 24, 119, 123 }, // U+00A3
    { 16, 14, 267, 1, 17, 56, 242 }, // U+00A4
    { 24, 24, 415, 4, 24, 144, 298 }, // U+00A5
    { 7, 24, 127, 1, 24, 42, 442 }, // U+00A6
    { 14, 22, 224, -1, 22, 77, 484 }, // U+00A7
    { 7, 4, 213, 6, 24, 7, 561 }, // U+00A8
    { 26, 25, 458, 2, 23, 163, 568 }, // U+00A9
    { 12, 10, 195, 1, 19, 30, 731 }, // U+00AA
    { 12, 11, 219, 2, 16, 33, 761 }, // U+00AB
    { 14, 7, 288, 3, 13, 25, 794 }, // U+00AC
    { 11, 3, 207, 1, 10, 9, 819 }, // U+00AD
    { 26, 26, 458, 2, 23, 169, 828 }, // U+00AE
    { 8, 3, 213, 5, 24, 6, 997 }, // U+00AF
    { 6, 5, 224, 6, 24, 8, 1003 }, // U+00B0
    { 12, 15, 267, 2, 16, 45, 1011 }, // U+00B1
    { 12, 14, 208, 1, 24, 42, 1056 }, // U+00B2
    { 13, 14, 214, 1, 24, 46, 1098 }, // U+00B3
    { 5, 3, 213, 7, 24, 4, 1144 }, // U+00B4
    { 20, 23, 307, -3, 15, 115, 1148 }, // U+00B5
    { 18, 26, 299, 1, 24, 117, 1263 }, // U+00B6
    { 5, 4, 117, 1, 12, 5, 1380 }, // U+00B7
    { 5, 4, 213, 2, -1, 5, 1385 }, // U+00B8
    { 7, 14, 141, 1, 24, 25, 1390 }, // U+00B9
    { 12, 10, 197, 1, 19, 30, 1415 }, // U+00BA
    { 12, 11, 219, 1, 16, 33, 1445 }, // U+00BB
    { 21, 27, 299, 0, 26, 142, 1478 }, // U+00BC
    { 21, 26, 299, 0, 25, 137, 1620 }, // U+00BD
    { 21, 27, 299, 0, 26, 142, 1757 }, // U+00BE
    { 16, 25, 294, 1, 25, 100, 1899 }, // U+00BF
    { 27, 27, 475, 0, 27, 183, 1999 }, // U+00C0
    { 27, 27, 475, 0, 27, 183, 2182 }, // U+00C1
    { 27, 27, 475, 0, 27, 183, 2365 }, // U+00C2
    { 27, 27, 475, 0, 27, 183, 2548 }, // U+00C3
    { 27, 27, 475, 0, 27, 183, 2731 }, // U+00C4
    { 27, 29, 475, 0, 29, 196, 2914 }, // U+00C5
    { 45, 24, 687, 0, 24, 270, 3110 }, // U+00C6
    { 23, 28, 376, 1, 24, 161, 3380 }, // U+00C7
    { 25, 27, 367, 0, 27, 169, 3541 }, // U+00C8
    { 25, 27, 367, 0, 27, 169, 3710 }, // U+00C9
    { 25, 27, 367, 0, 27, 169, 3879 }, // U+00CA
    { 25, 27, 367, 0, 27, 169, 4048 }, // U+00CB
    { 14, 27, 200, 0, 27, 95, 4217 }, // U+00CC
    { 14, 27, 200, 0, 27, 95, 4312 }, // U+00CD
    { 14, 27, 200, 0, 27, 95, 4407 }, // U+00CE
    { 14, 27, 200, 0, 27, 95, 4502 }, // U+00CF
    { 27, 24, 426, 0, 24, 162, 4597 }, // U+00D0
    { 31, 27, 463, 0, 27, 210, 4759 }, // U+00D1
    { 25, 27, 434, 2, 27, 169, 4969 }, // U+00D2
    { 25, 27, 434, 2, 27, 169, 5138 }, // U+00D3
    { 25, 27, 434, 2, 27, 169, 5307 }, // U+00D4
    { 25, 28, 434, 2, 28, 175, 5476 }, // U+00D5
    { 25, 27, 434, 2, 27, 169, 5651 }, // U+00D6
    { 11, 10, 267, 3, 15, 28, 5820 }, // U+00D7
    { 28, 28, 434, 0, 26, 196, 5848 }, // U+00D8
    { 28, 27, 477, 4, 27, 189, 6044 }, // U+00D9
    { 28, 27, 477, 4, 27, 189, 6233 }, // U+00DA
    { 28, 27, 477, 4, 27, 189, 6422 }, // U+00DB
    { 28, 27, 477, 4, 27, 189, 6611 }, // U+00DC
    { 24, 27, 415, 4, 27, 162, 6800 }, // U+00DD
    { 18, 24, 426, 0, 24, 108, 6962 }, // U+00DE
    { 15, 23, 288, 0, 23, 87, 7070 }, // U+00DF
    { 15, 19, 272, 0, 19, 72, 7157 }, // U+00E0
    { 15, 19, 272, 0, 19, 72, 7229 }, // U+00E1
    { 15, 19, 272, 0, 19, 72, 7301 }, // U+00E2
    { 15, 19, 272, 0, 19, 72, 7373 }, // U+00E3
    { 15, 18, 272, 0, 18, 68, 7445 }, // U+00E4
    { 15, 20, 272, 0, 20, 75, 7513 }, // U+00E5
    { 28, 15, 459, 0, 15, 105, 7588 }, // U+00E6
    { 15, 19, 253, 0, 15, 72, 7693 }, // U+00E7
    { 14, 19, 245, 0, 19, 67, 7765 }, // U+00E8
    { 14, 19, 245, 0, 19, 67, 7832 }, // U+00E9
    { 14, 19, 245, 0, 19, 67, 7899 }, // U+00EA
    { 14, 18, 245, 0, 18, 63, 7966 }, // U+00EB
    { 6, 19, 147, 1, 18, 29, 8029 }, // U+00EC
    { 7, 20, 147, 1, 19, 35, 8058 }, // U+00ED
    { 8, 20, 147, 1, 19, 40, 8093 }, // U+00EE
    { 8, 19, 147, 1, 18, 38, 8133 }, // U+00EF
    { 23, 27, 304, 0, 26, 156, 8171 }, // U+00F0
    { 19, 20, 325, 0, 19, 95, 8327 }, // U+00F1
    { 17, 19, 275, 0, 19, 81, 8422 }, // U+00F2
    { 17, 19, 275, 0, 19, 81, 8503 }, // U+00F3
    { 17, 19, 275, 0, 19, 81, 8584 }, // U+00F4
    { 17, 19, 275, 0, 19, 81, 8665 }, // U+00F5
    { 17, 18, 275, 0, 18, 77, 8746 }, // U+00F6
    { 10, 11, 267, 4, 16, 28, 8823 }, // U+00F7
    { 20, 19, 275, -2, 17, 95, 8851 }, // U+00F8
    { 17, 19, 307, 1, 19, 81, 8946 }, // U+00F9
    { 17, 19, 307, 1, 19, 81, 9027 }, // U+00FA
    { 17, 19, 307, 1, 19, 81, 9108 }, // U+00FB
    { 17, 18, 307, 1, 18, 77, 9189 }, // U+00FC
    { 22, 27, 339, -1, 19, 149, 9266 }, // U+00FD
    { 20, 34, 307, -2, 26, 170, 9415 }, // U+00FE
    { 22, 26, 339, -1, 18, 143, 9585 }, // U+00FF
    { 27, 26, 475, 0, 26, 176, 0 }, // U+0100
    { 15, 18, 272, 0, 18, 68, 176 }, // U+0101
    { 27, 28, 475, 0, 28, 189, 244 }, // U+0102
    { 15, 20, 272, 0, 20, 75, 433 }, // U+0103
    { 27, 29, 475, 0, 24, 196, 508 }, // U+0104
    { 15, 20, 272, 0, 15, 75, 704 }, // U+0105
    { 23, 27, 376, 1, 27, 156, 779 }, // U+0106
    { 15, 19, 253, 0, 19, 72, 935 }, // U+0107
    { 23, 28, 376, 1, 28, 161, 1007 }, // U+0108
    { 15, 19, 253, 0, 19, 72, 1168 }, // U+0109
    { 23, 27, 376, 1, 27, 156, 1240 }, // U+010A
    { 15, 18, 253, 0, 18, 68, 1396 }, // U+010B
    { 23, 28, 376, 1, 28, 161, 1464 }, // U+010C
    { 15, 19, 253, 0, 19, 72, 1625 }, // U+010D
    { 27, 28, 426, 0, 28, 189, 1697 }, // U+010E
    { 24, 27, 304, 0, 26, 162, 1886 }, // U+010F
    { 27, 24, 426, 0, 24, 162, 2048 }, // U+0110
    { 23, 27, 304, 0, 26, 156, 2210 }, // U+0111
    { 25, 26, 367, 0, 26, 163, 2366 }, // U+0112
    { 14, 18, 245, 0, 18, 63, 2529 }, // U+0113
    { 25, 28, 367, 0, 28, 175, 2592 }, // U+0114
    { 14, 20, 245, 0, 20, 70, 2767 }, // U+0115
    { 25, 27, 367, 0, 27, 169, 2837 }, // U+0116
    { 14, 18, 245, 0, 18, 63, 3006 }, // U+0117
    { 25, 29, 367, 0, 24, 182, 3069 }, // U+0118
    { 14, 20, 245, 0, 15, 70, 3251 }, // U+0119
    { 25, 28, 367, 0, 28, 175, 3321 }, // U+011A
    { 14, 19, 245, 0, 19, 67, 3496 }, // U+011B
    { 22, 28, 378, 1, 28, 154, 3563 }, // U+011C
    { 22, 29, 285, -3, 19, 160, 3717 }, // U+011D
    { 22, 28, 378, 1, 28, 154, 3877 }, // U+011E
    { 22, 30, 285, -3, 20, 165, 4031 }, // U+011F
    { 22, 27, 378, 1, 27, 149, 4196 }, // U+0120
    { 22, 28, 285, -3, 18, 154, 4345 }, // U+0121
    { 22, 28, 378, 1, 24, 154, 4499 }, // U+0122
    { 22, 29, 285, -3, 15, 160, 4653 }, // U+0123
    { 31, 27, 463, 0, 27, 210, 4813 }, // U+0124
    { 19, 31, 320, -1, 30, 148, 5023 }, // U+0125
    { 31, 24, 463, 0, 24, 186, 5171 }, // U+0126
    { 19, 27, 320, -1, 26, 129, 5357 }, // U+0127
    { 15, 28, 203, 0, 28, 105, 5486 }, // U+0128
    { 10, 20, 147, 1, 19, 50, 5591 }, // U+0129
    { 14, 26, 200, 0, 26, 91, 5641 }, // U+012A
    { 8, 19, 147, 1, 18, 38, 5732 }, // U+012B
    { 14, 28, 200, 0, 28, 98, 5770 }, // U+012C
    { 10, 20, 152, 1, 19, 50, 5868 }, // U+012D
    { 14, 29, 200, 0, 24, 102, 5918 }, // U+012E
    { 7, 26, 147, 0, 21, 46, 6020 }, // U+012F
    { 14, 27, 200, 0, 27, 95, 6066 }, // U+0130
    { 6, 16, 147, 1, 15, 24, 6161 }, // U+0131
    { 32, 24, 477, 0, 24, 192, 6185 }, // U+0132
    { 15, 29, 258, 1, 21, 109, 6377 }, // U+0133
    { 20, 28, 299, 0, 28, 140, 6486 }, // U+0134
    { 12, 26, 127, -4, 18, 78, 6626 }, // U+0135
    { 26, 28, 399, 0, 24, 182, 6704 }, // U+0136
    { 19, 30, 319, 0, 26, 143, 6886 }, // U+0137
    { 22, 27, 372, 0, 27, 149, 7029 }, // U+0139
    { 9, 31, 162, 2, 30, 70, 7178 }, // U+013A
    { 22, 28, 372, 0, 24, 154, 7248 }, // U+013B
    { 10, 30, 162, 0, 26, 75, 7402 }, // U+013C
    { 22, 28, 372, 0, 28, 154, 7477 }, // U+013D
    { 13, 26, 162, 2, 26, 85, 7631 }, // U+013E
    { 26, 24, 452, 0, 24, 156, 7716 }, // U+013F
    { 12, 27, 242, 2, 26, 81, 7872 }, // U+0140
    { 22, 24, 372, 0, 24, 132, 7953 }, // U+0141
    { 11, 27, 162, -1, 26, 75, 8085 }, // U+0142
    { 31, 27, 463, 0, 27, 210, 8160 }, // U+0143
    { 19, 20, 325, 0, 19, 95, 8370 }, // U+0144
    { 31, 28, 463, 0, 24, 217, 8465 }, // U+0145
    { 19, 19, 325, 0, 15, 91, 8682 }, // U+0146
    { 31, 28, 463, 0, 28, 217, 8773 }, // U+0147
    { 19, 20, 325, 0, 19, 95, 8990 }, // U+0148
    { 21, 29, 354, -1, 28, 153, 9085 }, // U+0149
    { 31, 33, 463, 0, 24, 256, 9238 }, // U+014A
    { 19, 24, 325, 0, 15, 114, 9494 }, // U+014B
    { 25, 27, 434, 2, 27, 169, 9608 }, // U+014C
    { 17, 18, 275, 0, 18, 77, 9777 }, // U+014D
    { 25, 28, 434, 2, 28, 175, 9854 }, // U+014E
    { 17, 20, 275, 0, 20, 85, 10029 }, // U+014F
    { 25, 28, 434, 2, 28, 175, 10114 }, // U+0150
    { 17, 19, 275, 0, 19, 81, 10289 }, // U+0151
    { 46, 24, 737, 2, 24, 276, 10370 }, // U+0152
    { 29, 15, 472, 0, 15, 109, 10646 }, // U+0153
    { 25, 28, 410, 0, 28, 175, 10755 }, // U+0154
    { 17, 19, 254, 0, 19, 81, 10930 }, // U+0155
    { 25, 28, 410, 0, 24, 175, 11011 }, // U+0156
    { 17, 19, 254, 0, 15, 81, 11186 }, // U+0157
    { 25, 28, 410, 0, 28, 175, 11267 }, // U+0158
    { 17, 19, 254, 0, 19, 81, 11442 }, // U+0159
    { 21, 27, 310, -1, 27, 142, 11523 }, // U+015A
    { 14, 19, 207, -1, 19, 67, 11665 }, // U+015B
    { 21, 28, 310, -1, 28, 147, 11732 }, // U+015C
    { 14, 19, 207, -1, 19, 67, 11879 }, // U+015D
    { 21, 29, 310, -1, 24, 153, 11946 }, // U+015E
    { 14, 20, 207, -1, 15, 70, 12099 }, // U+015F
    { 21, 28, 310, -1, 28, 147, 12169 }, // U+0160
    { 14, 19, 207, -1, 19, 67, 12316 }, // U+0161
    { 24, 31, 401, 3, 24, 186, 12383 }, // U+0162
    { 12, 27, 216, 1, 21, 81, 12569 }, // U+0163
    { 24, 28, 401, 3, 28, 168, 12650 }, // U+0164
    { 19, 22, 224, 1, 22, 105, 12818 }, // U+0165
    { 24, 24, 401, 3, 24, 144, 12923 }, // U+0166
    { 13, 21, 216, 0, 21, 69, 13067 }, // U+0167
    { 28, 28, 477, 4, 28, 196, 13136 }, // U+0168
    { 17, 19, 307, 1, 19, 81, 13332 }, // U+0169
    { 28, 27, 477, 4, 27, 189, 13413 }, // U+016A
    { 17, 18, 307, 1, 18, 77, 13602 }, // U+016B
    { 28, 28, 477, 4, 28, 196, 13679 }, // U+016C
    { 17, 19, 307, 1, 19, 81, 13875 }, // U+016D
    { 28, 30, 477, 4, 30, 210, 13956 }, // U+016E
    { 17, 21, 307, 1, 21, 90, 14166 }, // U+016F
    { 28, 28, 477, 4, 28, 196, 14256 }, // U+0170
    { 17, 19, 307, 1, 19, 81, 14452 }, // U+0171
    { 28, 29, 477, 4, 24, 203, 14533 }, // U+0172
    { 17, 20, 307, 1, 15, 85, 14736 }, // U+0173
    { 40, 27, 675, 4, 27, 270, 14821 }, // U+0174
    { 30, 18, 487, 1, 18, 135, 15091 }, // U+0175
    { 24, 27, 415, 4, 27, 162, 15226 }, // U+0176
    { 22, 26, 339, -1, 18, 143, 15388 }, // U+0177
    { 24, 27, 415, 4, 27, 162, 15531 }, // U+0178
    { 24, 27, 362, 0, 27, 162, 15693 }, // U+0179
    { 16, 19, 259, 0, 19, 76, 15855 }, // U+017A
    { 24, 27, 362, 0, 27, 162, 15931 }, // U+017B
    { 16, 18, 259, 0, 18, 72, 16093 }, // U+017C
    { 24, 28, 362, 0, 28, 168, 16165 }, // U+017D
    { 16, 19, 259, 0, 19, 76, 16333 }, // U+017E
    { 27, 28, 475, 0, 28, 189, 0 }, // U+01CD
    { 15, 22, 272, 0, 22, 83, 189 }, // U+01CE
    { 14, 27, 200, 0, 27, 95, 272 }, // U+020A
    { 8, 23, 161, 1, 22, 46, 367 }, // U+020B
    { 21, 29, 310, -1, 24, 153, 413 }, // U+0218
    { 14, 20, 207, -1, 15, 70, 566 }, // U+0219
    { 24, 31, 401, 3, 24, 186, 636 }, // U+021A
    { 12, 27, 216, 1, 21, 81, 822 }, // U+021B
    { 5, 8, 0, 0, 24, 10, 0 }, // U+0301
    { 5, 8, 0, 0, 24, 10, 10 }, // U+0312
    { 5, 8, 0, 0, 24, 10, 20 }, // U+0313
    { 5, 8, 0, 0, 24, 10, 30 }, // U+0314
    { 5, 8, 0, 0, 24, 10, 40 }, // U+0315
    { 5, 8, 0, 0, 24, 10, 50 }, // U+0341
    { 5, 8, 0, 0, 24, 10, 60 }, // U+0343
    { 25, 29, 362, 0, 29, 182, 0 }, // U+0401
    { 22, 24, 365, 1, 24, 132, 182 }, // U+0404
    { 14, 24, 194, 0, 24, 84, 314 }, // U+0406
    { 15, 29, 206, 0, 29, 109, 398 }, // U+0407
    { 27, 24, 475, 0, 24, 162, 507 }, // U+0410
    { 24, 24, 383, 0, 24, 144, 669 }, // U+0411
    { 24, 24, 383, 0, 24, 144, 813 }, // U+0412
    { 23, 24, 336, 0, 24, 138, 957 }, // U+0413
    { 29, 28, 427, -1, 24, 203, 1095 }, // U+0414
    { 25, 24, 367, 0, 24, 150, 1298 }, // U+0415
    { 40, 24, 598, -1, 24, 240, 1448 }, // U+0416
    { 21, 24, 331, 0, 24, 126, 1688 }, // U+0417
    { 28, 24, 463, 3, 24, 168, 1814 }, // U+0418
    { 28, 31, 463, 3, 31, 217, 1982 }, // U+0419
    { 26, 24, 394, 0, 24, 156, 2199 }, // U+041A
    { 29, 24, 425, -1, 24, 174, 2355 }, // U+041B
    { 35, 24, 528, 0, 24, 210, 2529 }, // U+041C
    { 31, 24, 463, 0, 24, 186, 2739 }, // U+041D
    { 26, 24, 423, 1, 24, 156, 2925 }, // U+041E
    { 31, 24, 463, 0, 24, 186, 3081 }, // U+041F
    { 25, 24, 383, 0, 24, 150, 3267 }, // U+0420
    { 22, 24, 365, 1, 24, 132, 3417 }, // U+0421
    { 24, 24, 401, 3, 24, 144, 3549 }, // U+0422
    { 27, 24, 446, 3, 24, 162, 3693 }, // U+0423
    { 26, 28, 429, 1, 26, 182, 3855 }, // U+0424
    { 28, 24, 435, 0, 24, 168, 4037 }, // U+0425
    { 31, 28, 463, 0, 24, 217, 4205 }, // U+0426
    { 24, 24, 420, 4, 24, 144, 4422 }, // U+0427
    { 42, 24, 637, 0, 24, 252, 4566 }, // U+0428
    { 42, 28, 638, 0, 24, 294, 4818 }, // U+0429
    { 24, 24, 420, 2, 24, 144, 5112 }, // U+042A
    { 38, 24, 580, 0, 24, 228, 5256 }, // U+042B
    { 23, 24, 378, 0, 24, 138, 5484 }, // U+042C
    { 23, 24, 360, 0, 24, 138, 5622 }, // U+042D
    { 38, 24, 594, 0, 24, 228, 5760 }, // U+042E
    { 28, 24, 409, -1, 24, 168, 5988 }, // U+042F
    { 15, 15, 256, -1, 15, 57, 6156 }, // U+0430
    { 17, 22, 239, -1, 22, 94, 6213 }, // U+0431
    { 16, 15, 271, 0, 15, 60, 6307 }, // U+0432
    { 16, 15, 256, 0, 15, 60, 6367 }, // U+0433
    { 19, 19, 324, -1, 15, 91, 6427 }, // U+0434
    { 14, 15, 229, 0, 15, 53, 6518 }, // U+0435
    { 29, 15, 459, -1, 15, 109, 6571 }, // U+0436
    { 14, 15, 221, -1, 15, 53, 6680 }, // U+0437
    { 16, 15, 314, 1, 15, 60, 6733 }, // U+0438
    { 16, 22, 314, 1, 22, 88, 6793 }, // U+0439
    { 19, 15, 319, 0, 15, 72, 6881 }, // U+043A
    { 18, 15, 316, -1, 15, 68, 6953 }, // U+043B
    { 25, 15, 402, 0, 15, 94, 7021 }, // U+043C
    { 21, 15, 330, 0, 15, 79, 7115 }, // U+043D
    { 16, 15, 275, 0, 15, 60, 7194 }, // U+043E
    { 21, 15, 330, 0, 15, 79, 7254 }, // U+043F
    { 21, 23, 302, -3, 15, 121, 7333 }, // U+0440
    { 15, 15, 242, 0, 15, 57, 7454 }, // U+0441
    { 17, 15, 272, 0, 15, 64, 7511 }, // U+0442
    { 22, 23, 328, -1, 15, 127, 7575 }, // U+0443
    { 20, 31, 325, 0, 23, 155, 7702 }, // U+0444
    { 20, 15, 331, 0, 15, 75, 7857 }, // U+0445
    { 21, 19, 330, 0, 15, 100, 7932 }, // U+0446
    { 18, 15, 305, 1, 15, 68, 8032 }, // U+0447
    { 27, 15, 438, 0, 15, 102, 8100 }, // U+0448
    { 27, 19, 438, 0, 15, 129, 8202 }, // U+0449
    { 17, 15, 292, 0, 15, 64, 8331 }, // U+044A
    { 26, 15, 410, 0, 15, 98, 8395 }, // U+044B
    { 16, 15, 266, 0, 15, 60, 8493 }, // U+044C
    { 16, 15, 242, -1, 15, 60, 8553 }, // U+044D
    { 25, 15, 408, 0, 15, 94, 8613 }, // U+044E
    { 19, 15, 295, -1, 15, 72, 8707 }, // U+044F
    { 14, 21, 234, 0, 21, 74, 8779 }, // U+0451
    { 15, 15, 246, 0, 15, 57, 8853 }, // U+0454
    { 7, 22, 147, 1, 21, 39, 8910 }, // U+0456
    { 10, 22, 157, 1, 21, 55, 8949 }, // U+0457
    { 23, 26, 336, 0, 26, 150, 9004 }, // U+0490
    { 17, 17, 257, 0, 17, 73, 9154 }, // U+0491
    { 0, 0, 267, 0, 0, 0, 0 }, // U+2002
    { 0, 0, 533, 0, 0, 0, 0 }, // U+2003
    { 0, 0, 107, 0, 0, 0, 0 }, // U+2009
    { 11, 3, 207, 1, 10, 9, 0 }, // U+2010
    { 11, 3, 207, 1, 10, 9, 9 }, // U+2011
    { 14, 3, 267, 1, 10, 11, 18 }, // U+2012
    { 14, 3, 267, 1, 10, 11, 29 }, // U+2013
    { 30, 3, 534, 2, 10, 23, 40 }, // U+2014
    { 35, 3, 533, -1, 10, 27, 63 }, // U+2015
    { 9, 24, 348, 7, 24, 54, 90 }, // U+2016
    { 6, 8, 116, 3, 25, 12, 144 }, // U+2018
    { 6, 8, 116, 3, 24, 12, 156 }, // U+2019
    { 6, 8, 115, -1, 4, 12, 168 }, // U+201A
    { 6, 8, 116, 3, 25, 12, 180 }, // U+201B
    { 11, 8, 190, 3, 25, 22, 192 }, // U+201C
    { 11, 8, 190, 3, 24, 22, 214 }, // U+201D
    { 11, 8, 190, -1, 4, 22, 236 }, // U+201E
    { 11, 8, 190, 3, 25, 22, 258 }, // U+201F
    { 10, 26, 286, 5, 24, 65, 280 }, // U+2020
    { 12, 26, 286, 3, 24, 78, 345 }, // U+2021
    { 10, 10, 224, 2, 15, 25, 423 }, // U+2022
    { 10, 12, 245, 3, 16, 30, 448 }, // U+2023
    { 5, 4, 117, 0, 4, 5, 478 }, // U+2024
    { 5, 4, 117, 0, 4, 5, 483 }, // U+2025
    { 21, 4, 389, 0, 4, 21, 488 }, // U+2026
    { 5, 4, 117, 1, 12, 5, 509 }, // U+2027
    { 29, 24, 656, 3, 24, 174, 514 }, // U+2030
    { 6, 8, 133, 3, 24, 12, 688 }, // U+2032
    { 10, 8, 197, 3, 24, 20, 700 }, // U+2033
    { 14, 8, 261, 3, 24, 28, 720 }, // U+2034
    { 6, 8, 116, 3, 24, 12, 748 }, // U+2035
    { 7, 11, 144, 2, 16, 20, 760 }, // U+2039
    { 7, 11, 144, 1, 16, 20, 780 }, // U+203A
    { 13, 3, 267, 2, 12, 10, 800 }, // U+2043
    { 14, 18, 160, 1, 17, 63, 810 }, // U+2044
    { 10, 10, 224, 2, 15, 25, 873 }, // U+204C
    { 10, 10, 224, 2, 15, 25, 898 }, // U+204D
    { 10, 10, 224, 2, 15, 25, 923 }, // U+2055
    { 12, 16, 221, 2, 25, 48, 0 }, // U+2070
    { 12, 14, 213, 1, 24, 42, 48 }, // U+2074
    { 13, 14, 211, 1, 24, 46, 90 }, // U+2075
    { 13, 14, 213, 1, 24, 46, 136 }, // U+2076
    { 12, 14, 205, 2, 24, 42, 182 }, // U+2077
    { 12, 14, 218, 2, 24, 42, 224 }, // U+2078
    { 13, 14, 203, 1, 24, 46, 266 }, // U+2079
    { 9, 8, 192, 3, 19, 18, 312 }, // U+207A
    { 9, 2, 192, 3, 16, 5, 330 }, // U+207B
    { 13, 16, 221, -1, 12, 52, 335 }, // U+2080
    { 8, 15, 141, -2, 11, 30, 387 }, // U+2081
    { 13, 15, 208, -2, 11, 49, 417 }, // U+2082
    { 13, 15, 214, -1, 11, 49, 466 }, // U+2083
    { 12, 15, 213, -2, 11, 45, 515 }, // U+2084
    { 12, 15, 211, -1, 11, 45, 560 }, // U+2085
    { 12, 15, 213, -1, 11, 45, 605 }, // U+2086
    { 12, 15, 205, -1, 11, 45, 650 }, // U+2087
    { 12, 15, 218, -1, 11, 45, 695 }, // U+2088
    { 12, 15, 203, -1, 11, 45, 740 }, // U+2089
    { 9, 8, 192, 0, 5, 18, 785 }, // U+208A
    { 9, 2, 192, 0, 2, 5, 803 }, // U+208B
    { 43, 24, 675, 1, 24, 258, 0 }, // U+20A9
    { 27, 24, 420, 0, 24, 162, 258 }, // U+20AC
    { 25, 24, 383, 0, 24, 150, 420 }, // U+20B1
    { 21, 24, 323, 0, 24, 126, 570 }, // U+20B4
    { 25, 24, 401, 2, 24, 150, 696 }, // U+20B8
    { 27, 25, 410, 0, 24, 169, 846 }, // U+20B9
    { 22, 24, 372, 0, 24, 132, 1015 }, // U+20BA
    { 26, 24, 383, -1, 24, 156, 1147 }, // U+20BD
    { 24, 31, 383, 0, 27, 186, 1303 }, // U+20BF
    { 16, 8, 309, -1, 14, 32, 0 }, // U+2190
    { 8, 22, 293, 7, 23, 44, 32 }, // U+2191
    { 17, 8, 309, 2, 14, 34, 76 }, // U+2192
    { 9, 22, 293, 4, 19, 50, 110 }, // U+2193
    { 17, 8, 299, 0, 14, 34, 160 }, // U+2194
    { 12, 32, 299, 4, 26, 96, 194 }, // U+2195
    { 15, 16, 359, 4, 18, 60, 290 }, // U+2196
    { 15, 16, 280, 1, 18, 60, 350 }, // U+2197
    { 15, 17, 359, 4, 18, 64, 410 }, // U+2198
    { 15, 17, 280, 1, 18, 64, 474 }, // U+2199
    { 18, 12, 329, 1, 16, 54, 538 }, // U+21D0
    { 11, 18, 320, 6, 19, 50, 592 }, // U+21D1
    { 18, 12, 329, 2, 16, 54, 642 }, // U+21D2
    { 12, 17, 320, 4, 18, 51, 696 }, // U+21D3
    { 21, 12, 320, 0, 16, 63, 747 }, // U+21D4
    { 27, 24, 482, 4, 24, 162, 0 }, // U+2200
    { 21, 24, 440, 4, 24, 126, 162 }, // U+2203
    { 14, 15, 314, 3, 18, 53, 288 }, // U+2205
    { 16, 16, 320, 1, 19, 64, 341 }, // U+2206
    { 16, 16, 320, 4, 17, 64, 405 }, // U+2207
    { 22, 25, 413, 2, 24, 138, 469 }, // U+2208
    { 15, 3, 299, 2, 11, 12, 607 }, // U+2212
    { 11, 14, 278, 4, 16, 39, 619 }, // U+2213
    { 13, 13, 229, 3, 28, 43, 658 }, // U+2217
    { 10, 8, 213, 2, 14, 20, 701 }, // U+2218
    { 10, 10, 224, 2, 15, 25, 721 }, // U+2219
    { 18, 15, 293, 1, 20, 68, 746 }, // U+221A
    { 19, 10, 334, 1, 15, 48, 814 }, // U+221E
    { 14, 17, 279, 2, 19, 60, 862 }, // U+2220
    { 7, 17, 334, 7, 19, 30, 922 }, // U+2225
    { 17, 17, 309, 0, 19, 73, 952 }, // U+2227
    { 17, 17, 309, 3, 19, 73, 1025 }, // U+2228
    { 13, 14, 320, 3, 16, 46, 1098 }, // U+2234
    { 12, 14, 320, 5, 16, 42, 1144 }, // U+2235
    { 10, 9, 207, 1, 15, 23, 1186 }, // U+2248
    { 11, 12, 207, 1, 14, 33, 1209 }, // U+2260
    { 12, 12, 343, 5, 16, 36, 1242 }, // U+2261
    { 18, 19, 294, 0, 17, 86, 1278 }, // U+2264
    { 17, 19, 294, 0, 17, 81, 1364 }, // U+2265
    { 12, 16, 311, 3, 18, 48, 1445 }, // U+22A5
    { 5, 4, 117, 1, 12, 5, 1493 }, // U+22C5
};

static const EpdUnicodeInterval edslab_16_italicIntervals[] = {
    { 0x20, 0x7E, 0x0 },
    { 0xA0, 0x137, 0x5F },
    { 0x139, 0x17E, 0xF7 },
    { 0x1CD, 0x1CE, 0x13D },
    { 0x20A, 0x20B, 0x13F },
    { 0x218, 0x21B, 0x141 },
    { 0x301, 0x301, 0x145 },
    { 0x312, 0x315, 0x146 },
    { 0x341, 0x341, 0x14A },
    { 0x343, 0x343, 0x14B },
    { 0x401, 0x401, 0x14C },
    { 0x404, 0x404, 0x14D },
    { 0x406, 0x407, 0x14E },
    { 0x410, 0x44F, 0x150 },
    { 0x451, 0x451, 0x190 },
    { 0x454, 0x454, 0x191 },
    { 0x456, 0x457, 0x192 },
    { 0x490, 0x491, 0x194 },
    { 0x2002, 0x2003, 0x196 },
    { 0x2009, 0x2009, 0x198 },
    { 0x2010, 0x2016, 0x199 },
    { 0x2018, 0x2027, 0x1A0 },
    { 0x2030, 0x2030, 0x1B0 },
    { 0x2032, 0x2035, 0x1B1 },
    { 0x2039, 0x203A, 0x1B5 },
    { 0x2043, 0x2044, 0x1B7 },
    { 0x204C, 0x204D, 0x1B9 },
    { 0x2055, 0x2055, 0x1BB },
    { 0x2070, 0x2070, 0x1BC },
    { 0x2074, 0x207B, 0x1BD },
    { 0x2080, 0x208B, 0x1C5 },
    { 0x20A9, 0x20A9, 0x1D1 },
    { 0x20AC, 0x20AC, 0x1D2 },
    { 0x20B1, 0x20B1, 0x1D3 },
    { 0x20B4, 0x20B4, 0x1D4 },
    { 0x20B8, 0x20BA, 0x1D5 },
    { 0x20BD, 0x20BD, 0x1D8 },
    { 0x20BF, 0x20BF, 0x1D9 },
    { 0x2190, 0x2199, 0x1DA },
    { 0x21D0, 0x21D4, 0x1E4 },
    { 0x2200, 0x2200, 0x1E9 },
    { 0x2203, 0x2203, 0x1EA },
    { 0x2205, 0x2208, 0x1EB },
    { 0x2212, 0x2213, 0x1EF },
    { 0x2217, 0x221A, 0x1F1 },
    { 0x221E, 0x221E, 0x1F5 },
    { 0x2220, 0x2220, 0x1F6 },
    { 0x2225, 0x2225, 0x1F7 },
    { 0x2227, 0x2228, 0x1F8 },
    { 0x2234, 0x2235, 0x1FA },
    { 0x2248, 0x2248, 0x1FC },
    { 0x2260, 0x2261, 0x1FD },
    { 0x2264, 0x2265, 0x1FF },
    { 0x22A5, 0x22A5, 0x201 },
    { 0x22C5, 0x22C5, 0x202 },
};

static const EpdFontGroup edslab_16_italicGroups[] = {
    { 0, 4585, 10441, 95, 0 },
    { 4585, 3307, 10466, 96, 95 },
    { 7892, 4224, 17589, 126, 191 },
    { 12116, 497, 959, 8, 317 },
    { 12613, 20, 112, 7, 325 },
    { 12633, 3861, 9767, 74, 332 },
    { 16494, 512, 1093, 38, 406 },
    { 17006, 568, 886, 21, 444 },
    { 17574, 766, 1585, 9, 465 },
    { 18340, 383, 879, 15, 474 },
    { 18723, 738, 1650, 26, 489 },
};

static const uint16_t edslab_16_italicKernLeftCodepoints[] = {
    0x0020, 0x0022, 0x002D, 0x0030, 0x0031, 0x0032, 0x0033, 0x0034, 0x0035, 0x0036, 0x0037, 0x0038,
    0x0039, 0x0041, 0x0042, 0x0043, 0x0044, 0x0045, 0x0046, 0x0047, 0x0048, 0x0049, 0x004A, 0x004B,
    0x004C, 0x004D, 0x004E, 0x004F, 0x0050, 0x0051, 0x0052, 0x0053, 0x0054, 0x0055, 0x0056, 0x0057,
    0x0059, 0x005A, 0x0061, 0x0062, 0x0063, 0x0064, 0x0065, 0x0066, 0x0067, 0x0068, 0x0069, 0x006A,
    0x006B, 0x006C, 0x006D, 0x006E, 0x006F, 0x0070, 0x0071, 0x0072, 0x0073, 0x0074, 0x0075, 0x0076,
    0x0077, 0x0079, 0x007A, 0x0401, 0x0410, 0x0411, 0x0412, 0x0413, 0x0414, 0x0415, 0x0416, 0x0417,
    0x0418, 0x0419, 0x041A, 0x041B, 0x041C, 0x041D, 0x041E, 0x041F, 0x0420, 0x0421, 0x0422, 0x0423,
    0x0424, 0x0425, 0x0426, 0x0427, 0x0428, 0x0429, 0x042A, 0x042B, 0x042C, 0x042D, 0x042E, 0x042F,
    0x0430, 0x0431, 0x0432, 0x0433, 0x0434, 0x0435, 0x0436, 0x0437, 0x0438, 0x0439, 0x043A, 0x043B,
    0x043C, 0x043D, 0x043E, 0x043F, 0x0440, 0x0441, 0x0442, 0x0443, 0x0444, 0x0445, 0x0446, 0x0447,
    0x0448, 0x0449, 0x044A, 0x044B, 0x044C, 0x044D, 0x044E, 0x044F, 0x0451,
};

static const uint8_t edslab_16_italicKernLeftClassIds[] = {
      1,   2,   3,   4,   5,   6,   7,   8,   9,  10,  11,  12,  13,  14,  15,  16,
     17,  18,  19,  20,  21,  22,  23,  24,  25,  26,  27,  28,  29,  30,  31,  32,
     33,  34,  35,  36,  37,  38,  39,  40,  41,  42,  43,  44,  45,  46,  47,  48,
     49,  50,  51,  52,  53,  54,  55,  56,  57,  58,  59,  60,  61,  62,  63,  64,
     65,  66,  67,  68,  69,  70,  71,  72,  73,  74,  75,  76,  77,  78,  79,  80,
     81,  82,  83,  84,  85,  86,  87,  88,  89,  90,  91,  92,  93,  94,  95,  96,
     97,  98,  99, 100, 101, 102, 103, 104, 105, 106, 107, 108, 109, 110, 111, 112,
    113, 114, 115, 116, 117, 118, 119, 120, 121, 122, 123, 124, 125, 126, 127, 128,
    129,
};

static const uint16_t edslab_16_italicKernRightCodepoints[] = {
    0x0022, 0x002D, 0x0030, 0x0031, 0x0032, 0x0033, 0x0034, 0x0035, 0x0036, 0x0037, 0x0038, 0x0039,
    0x0041, 0x0042, 0x0043, 0x0044, 0x0045, 0x0046, 0x0047, 0x0048, 0x0049, 0x004A, 0x004B, 0x004C,
    0x004D, 0x004E, 0x004F, 0x0050, 0x0051, 0x0052, 0x0053, 0x0054, 0x0055, 0x0056, 0x0057, 0x0059,
    0x005A, 0x0061, 0x0062, 0x0063, 0x0064, 0x0065, 0x0066, 0x0067, 0x0068, 0x0069, 0x006A, 0x006B,
    0x006C, 0x006D, 0x006E, 0x006F, 0x0070, 0x0071, 0x0072, 0x0073, 0x0074, 0x0075, 0x0076, 0x0077,
    0x0079, 0x007A, 0x0401, 0x0410, 0x0411, 0x0412, 0x0413, 0x0414, 0x0415, 0x0416, 0x0417, 0x0418,
    0x0419, 0x041A, 0x041B, 0x041C, 0x041D, 0x041E, 0x041F, 0x0420, 0x0421, 0x0422, 0x0423, 0x0424,
    0x0425, 0x0426, 0x0427, 0x0428, 0x0429, 0x042A, 0x042B, 0x042C, 0x042D, 0x042E, 0x042F, 0x0430,
    0x0431, 0x0432, 0x0433, 0x0434, 0x0435, 0x0436, 0x0437, 0x0438, 0x0439, 0x043A, 0x043B, 0x043C,
    0x043D, 0x043E, 0x043F, 0x0440, 0x0441, 0x0442, 0x0443, 0x0444, 0x0445, 0x0446, 0x0447, 0x0448,
    0x0449, 0x044A, 0x044B, 0x044C, 0x044D, 0x044E, 0x044F, 0x0451, 0x2025,
};

static const uint8_t edslab_16_italicKernRightClassIds[] = {
      1,   2,   3,   4,   5,   6,   7,   8,   9,  10,  11,  12,  13,  14,  15,  16,
     17,  18,  19,  20,  21,  22,  23,  24,  25,  26,  27,  28,  29,  30,  31,  32,
     33,  34,  35,  36,  37,  38,  39,  40,  41,  42,  43,  44,  45,  46,  47,  48,
     49,  50,  51,  52,  53,  54,  55,  56,  57,  58,  59,  60,  61,  62,  63,  64,
     65,  66,  67,  68,  69,  70,  71,  72,  73,  74,  75,  76,  77,  78,  79,  80,
     81,  82,  83,  84,  85,  86,  87,  88,  89,  90,  91,  92,  93,  94,  95,  96,
     97,  98,  99, 100, 101, 102, 103, 104, 105, 106, 107, 108, 109, 110, 111, 112,
    113, 114, 115, 116, 117, 118, 119, 120, 121, 122, 123, 124, 125, 126, 127, 128,
    129,
};

static const uint16_t edslab_16_italicKernRowOffsets[] = {
        0,     1,    77,   192,   204,   216,   228,   238,   248,   257,   267,   279,   290,   300,   355,   403,
      451,   501,   531,   582,   625,   659,   699,   731,   782,   827,   869,   921,   969,  1018,  1072,  1114,
     1160,  1214,  1268,  1322,  1376,  1430,  1480,  1508,  1530,  1556,  1584,  1608,  1636,  1665,  1692,  1720,
     1744,  1773,  1801,  1827,  1854,  1880,  1906,  1929,  1954,  1977,  2001,  2029,  2057,  2085,  2113,  2135,
     2153,  2220,  2267,  2314,  2380,  2427,  2446,  2506,  2557,  2598,  2634,  2684,  2718,  2752,  2787,  2840,
     2876,  2920,  2978,  3032,  3098,  3146,  3199,  3248,  3298,  3333,  3376,  3432,  3465,  3515,  3565,  3614,
     3650,  3674,  3696,  3721,  3748,  3782,  3807,  3841,  3864,  3898,  3928,  3955,  3989,  4009,  4033,  4064,
     4091,  4121,  4150,  4185,  4220,  4250,  4277,  4310,  4343,  4377,  4411,  4443,  4471,  4500,  4528,  4559,
     4593,  4621,
};

static const uint8_t edslab_16_italicKernSparseCols[] = {
     81,   2,   4,   5,   6,   7,   8,  10,  12,  14,  18,  21,  26,  28,  30,  37,
     38,  39,  40,  41,  42,  43,  44,  45,  46,  47,  48,  49,  50,  51,  52,  53,
     54,  55,  60,  61,  63,  67,  69,  70,  74,  77,  80,  83,  92,  94,  95,  96,
     97,  98,  99, 100, 101, 102, 105, 106, 107, 108, 109, 110, 111, 112, 113, 114,
    115, 116, 117, 118, 119, 120, 121, 122, 123, 124, 125, 126, 127,   3,   4,   5,
      6,   7,   8,   9,  10,  12,  13,  14,  15,  16,  17,  18,  19,  20,  21,  22,
     23,  24,  25,  26,  27,  29,  30,  31,  32,  33,  34,  35,  36,  37,  38,  39,
     42,  44,  45,  46,  47,  48,  49,  50,  51,  52,  53,  54,  55,  56,  57,  58,
     59,  60,  61,  62,  63,  64,  65,  66,  67,  68,  70,  71,  72,  73,  74,  75,
     76,  78,  79,  80,  81,  82,  83,  84,  85,  86,  87,  88,  89,  90,  91,  92,
     93,  94,  96,  97,  98,  99, 100, 101, 102, 103, 105, 106, 107, 108, 109, 110,
    111, 112, 113, 114, 116, 117, 118, 119, 120, 121, 122, 123, 124, 125, 126, 127,
      0,   1,   2,   4,   5,   6,   7,   8,   9,  10,  11, 128,   0,   1,   2,   3,
      4,   5,   6,   7,   8,   9,  10,  11,   0,   1,   2,   3,   4,   5,   6,   7,
      8,   9,  10,  11,   1,   2,   3,   4,   5,   6,   7,   8,   9, 128,   0,   1,
      2,   3,   4,   5,   6,   7,   9,  10,   1,   4,   5,   6,   7,   9,  10,  11,
    128,   1,   2,   3,   4,   5,   7,   9,  10,  11, 128,   1,   2,   3,   4,   5,
      6,   7,   8,   9,  10,  11, 128,   0,   1,   2,   3,   4,   5,   7,   9,  10,
     11, 128,   1,   2,   4,   5,   6,   7,   8,   9,  10, 128,   0,   1,  12,  13,
     14,  15,  16,  17,  18,  19,  20,  21,  22,  23,  24,  25,  26,  27,  28,  29,
     30,  31,  32,  33,  34,  35,  36,  37,  38,  39,  40,  41,  42,  43,  44,  45,
     46,  47,  48,  49,  50,  51,  52,  53,  54,  55,  56,  57,  58,  59,  60,  61,
     84, 116, 128,   1,  12,  13,  14,  15,  16,  17,  19,  20,  21,  22,  23,  24,
     25,  26,  27,  28,  29,  31,  32,  33,  34,  35,  36,  37,  38,  39,  40,  41,
     42,  43,  44,  45,  46,  47,  48,  49,  50,  51,  52,  53,  54,  55,  56,  60,
     84, 116, 128,   0,   1,  12,  13,  14,  15,  16,  17,  18,  19,  22,  23,  24,
     25,  26,  27,  29,  30,  31,  32,  33,  34,  35,  36,  37,  38,  41,  42,  43,
     44,  45,  46,  47,  48,  49,  50,  51,  52,  54,  56,  57,  58,  59,  60,  61,
     84, 116, 128,   1,  12,  13,  14,  16,  17,  18,  19,  20,  21,  22,  23,  24,
     25,  26,  27,  28,  29,  30,  31,  32,  33,  34,  35,  36,  37,  38,  39,  40,
     41,  42,  43,  44,  45,  46,  47,  49,  50,  51,  52,  53,  55,  56,  57,  58,
     59,  60,  84, 116, 128,   1,  12,  14,  18,  23,  26,  28,  31,  32,  33,  34,
     35,  37,  38,  43,  45,  46,  47,  48,  50,  51,  52,  53,  55,  56,  57,  58,
     59,  60, 116,   1,  12,  13,  14,  15,  16,  17,  18,  19,  20,  21,  22,  25,
     26,  27,  28,  29,  31,  32,  33,  34,  35,  36,  37,  38,  39,  40,  41,  42,
     43,  44,  45,  46,  47,  48,  49,  50,  51,  52,  53,  54,  55,  56,  57,  58,
     59,  60,  61,  84, 116, 128,   0,   1,  12,  13,  14,  15,  16,  17,  18,  19,
     20,  21,  22,  23,  24,  25,  27,  29,  30,  31,  32,  33,  34,  35,  36,  38,
     42,  43,  44,  46,  47,  48,  49,  50,  52,  54,  55,  58,  60,  61,  84, 116,
    128,   1,  12,  14,  18,  21,  26,  28,  30,  31,  32,  33,  34,  35,  36,  37,
     38,  39,  40,  41,  49,  50,  51,  52,  53,  54,  55,  56,  57,  58,  59,  60,
     61,  84, 116,   1,  12,  14,  18,  21,  26,  28,  30,  31,  32,  33,  34,  35,
     37,  38,  39,  40,  41,  42,  43,  44,  45,  46,  47,  48,  49,  50,  51,  52,
     53,  54,  55,  56,  57,  58,  59,  60,  61,  84, 116,   0,   1,  12,  26,  28,
     30,  31,  33,  34,  35,  36,  37,  38,  40,  41,  42,  43,  44,  45,  46,  47,
     48,  49,  50,  54,  55,  57,  60,  61,  84, 116, 128,   1,  12,  14,  15,  17,
     18,  19,  20,  21,  22,  23,  24,  25,  26,  27,  28,  29,  30,  31,  32,  33,
     34,  35,  36,  37,  38,  39,  40,  41,  42,  43,  44,  45,  46,  47,  48,  49,
     50,  51,  52,  53,  54,  55,  56,  57,  58,  59,  60,  61,  84, 116,   0,   1,
     12,  13,  14,  15,  16,  18,  19,  21,  22,  24,  25,  26,  28,  29,  30,  31,
     32,  33,  34,  35,  36,  37,  38,  42,  43,  45,  46,  47,  48,  49,  50,  51,
     52,  54,  55,  56,  57,  58,  59,  60,  61,  84, 116,   1,  12,  14,  18,  21,
     26,  28,  30,  31,  32,  33,  34,  35,  36,  37,  38,  39,  40,  41,  42,  43,
     44,  45,  46,  47,  48,  49,  50,  51,  52,  53,  54,  55,  56,  57,  58,  59,
     60,  61,  84, 116, 128,   1,  12,  13,  14,  15,  16,  17,  18,  20,  21,  23,
     24,  25,  26,  27,  28,  29,  30,  31,  32,  33,  34,  35,  36,  37,  38,  39,
     40,  41,  42,  43,  44,  45,  46,  47,  48,  49,  50,  51,  52,  53,  54,  55,
     56,  57,  58,  59,  60,  61,  84, 116, 128,   0,   1,  12,  13,  14,  15,  16,
     17,  19,  20,  21,  22,  23,  24,  25,  26,  27,  28,  29,  30,  31,  32,  33,
     34,  35,  36,  37,  38,  42,  43,  44,  45,  46,  47,  48,  49,  50,  51,  52,
     54,  55,  58,  59,  60,  61,  84, 116, 128,   0,   1,  12,  13,  14,  15,  16,
     17,  18,  19,  20,  21,  22,  23,  24,  25,  26,  27,  28,  29,  30,  31,  32,
     33,  34,  35,  36,  37,  38,  39,  40,  41,  43,  44,  45,  46,  47,  48,  49,
     50,  51,  53,  55,  56,  60,  61,  84, 116, 128,   0,   1,  12,  13,  14,  15,
     16,  17,  18,  19,  20,  21,  22,  23,  24,  25,  26,  27,  28,  29,  30,  31,
     32,  33,  34,  35,  36,  37,  38,  39,  40,  41,  42,  43,  44,  45,  46,  47,
     48,  49,  50,  51,  52,  53,  54,  55,  56,  57,  58,  59,  60,  61,  84, 116,
      0,   1,  12,  13,  14,  15,  17,  18,  19,  20,  21,  22,  23,  26,  27,  28,
     29,  31,  32,  33,  34,  35,  36,  37,  46,  47,  48,  49,  50,  51,  52,  53,
     54,  55,  56,  57,  58,  59,  60,  61,  84, 116,   0,   1,  12,  13,  14,  15,
     16,  17,  19,  20,  22,  23,  24,  25,  26,  27,  29,  30,  31,  32,  33,  34,
     35,  36,  38,  40,  41,  42,  43,  44,  45,  46,  47,  48,  49,  50,  52,  54,
     56,  57,  58,  59,  60,  61,  84, 116,   1,  12,  13,  14,  15,  16,  17,  18,
     19,  20,  21,  22,  23,  24,  25,  26,  27,  28,  29,  30,  31,  32,  33,  34,
     35,  36,  37,  38,  39,  40,  41,  42,  43,  44,  45,  46,  47,  48,  49,  50,
     51,  52,  53,  54,  55,  56,  57,  58,  59,  60,  61,  84, 116, 128,   1,  12,
     13,  14,  15,  16,  17,  18,  19,  20,  21,  22,  23,  24,  25,  26,  27,  28,
     29,  30,  31,  32,  33,  34,  35,  36,  37,  38,  39,  40,  41,  42,  43,  44,
     45,  46,  47,  48,  49,  50,  51,  52,  53,  54,  55,  56,  57,  58,  59,  60,
     61,  84, 116, 128,   1,  12,  13,  14,  15,  16,  17,  18,  19,  20,  21,  22,
     23,  24,  25,  26,  27,  28,  29,  30,  31,  32,  33,  34,  35,  36,  37,  38,
     39,  40,  41,  42,  43,  44,  45,  46,  47,  48,  49,  50,  51,  52,  53,  54,
     55,  56,  57,  58,  59,  60,  61,  84, 116, 128,   1,  12,  13,  14,  15,  16,
     17,  18,  19,  20,  21,  22,  23,  24,  25,  26,  27,  28,  29,  30,  31,  32,
     33,  34,  35,  36,  37,  38,  39,  40,  41,  42,  43,  44,  45,  46,  47,  48,
     49,  50,  51,  52,  53,  54,  55,  56,  57,  58,  59,  60,  61,  84, 116, 128,
      1,  12,  13,  14,  15,  16,  17,  18,  19,  20,  21,  22,  23,  24,  25,  26,
     27,  28,  29,  30,  31,  32,  33,  34,  35,  36,  37,  38,  39,  40,  41,  42,
     43,  44,  45,  46,  47,  48,  49,  50,  51,  52,  53,  54,  55,  56,  57,  58,
     59,  60,  61,  84, 116, 128,  12,  13,  14,  15,  16,  17,  18,  19,  20,  21,
     22,  23,  24,  25,  26,  27,  28,  29,  30,  31,  32,  33,  34,  35,  36,  37,
     38,  39,  40,  42,  43,  44,  45,  46,  47,  48,  49,  50,  51,  52,  54,  55,
     56,  57,  58,  59,  60,  61,  84, 116,   0,   1,  37,  38,  39,  40,  41,  42,
     43,  44,  45,  46,  47,  48,  49,  50,  51,  52,  53,  54,  55,  56,  57,  58,
     59,  60,  61, 116,   1,  37,  38,  41,  42,  43,  44,  46,  47,  48,  49,  50,
     52,  54,  56,  57,  58,  59,  60,  61, 116, 128,   0,   1,  37,  38,  39,  40,
     42,  43,  44,  46,  47,  48,  49,  50,  51,  52,  53,  54,  55,  56,  57,  58,
     59,  60,  61, 116,   1,  37,  38,  39,  40,  41,  42,  43,  44,  45,  46,  47,
     48,  49,  50,  51,  52,  53,  54,  55,  56,  57,  58,  59,  60,  61, 116, 128,
      0,   1,  37,  38,  42,  43,  44,  45,  46,  47,  48,  49,  50,  51,  52,  54,
     55,  56,  57,  58,  59,  60,  61, 116,   0,   1,  37,  38,  39,  40,  41,  42,
     43,  44,  46,  47,  48,  49,  50,  51,  52,  53,  54,  55,  56,  57,  58,  59,
     60,  61, 116, 128,   0,   1,  37,  38,  39,  40,  41,  42,  43,  44,  45,  46,
     47,  48,  49,  50,  51,  52,  53,  54,  55,  56,  57,  58,  59,  60,  61, 116,
    128,   0,   1,  37,  38,  39,  40,  41,  42,  43,  44,  45,  46,  47,  48,  49,
     50,  51,  52,  53,  54,  56,  57,  58,  59,  60,  61, 116,   0,   1,  37,  38,
     39,  40,  41,  42,  43,  44,  45,  46,  47,  48,  49,  50,  51,  52,  53,  54,
     55,  56,  57,  58,  59,  60,  61, 116,   0,   1,  38,  39,  40,  41,  43,  44,
     46,  47,  48,  49,  50,  51,  52,  53,  54,  55,  56,  58,  59,  60,  61, 116,
      0,   1,  37,  38,  39,  40,  41,  42,  43,  44,  45,  46,  47,  48,  49,  50,
     51,  52,  53,  54,  55,  56,  57,  58,  59,  60,  61, 116, 128,   0,  37,  38,
     39,  40,  41,  42,  43,  44,  45,  46,  47,  48,  49,  50,  51,  52,  53,  54,
     55,  56,  57,  58,  59,  60,  61, 116, 128,   0,   1,  37,  38,  39,  40,  42,
     43,  44,  45,  46,  47,  48,  49,  50,  51,  52,  54,  55,  56,  57,  58,  59,
     60,  61, 116,   0,   1,  37,  38,  39,  40,  41,  42,  43,  44,  45,  46,  47,
     48,  49,  50,  51,  52,  53,  54,  56,  57,  58,  59,  60,  61, 116,   0,   1,
     38,  40,  41,  42,  43,  44,  46,  47,  48,  49,  50,  51,  52,  53,  54,  55,
     56,  57,  58,  59,  60,  61, 116, 128,   0,   1,  37,  38,  39,  40,  41,  42,
     43,  44,  46,  47,  48,  49,  50,  52,  53,  54,  56,  57,  58,  59,  60,  61,
    116, 128,   0,   1,  38,  42,  43,  44,  46,  47,  48,  49,  50,  51,  52,  53,
     54,  55,  56,  57,  58,  59,  60,  61, 116,   0,   1,  37,  38,  39,  40,  41,
     42,  43,  44,  46,  47,  48,  49,  50,  51,  52,  53,  54,  56,  59,  60,  61,
    116, 128,   0,  37,  38,  40,  42,  43,  44,  45,  46,  47,  48,  49,  50,  52,
     54,  55,  56,  57,  58,  59,  60,  61, 116,   0,  37,  38,  42,  43,  44,  45,
     46,  47,  48,  49,  50,  51,  52,  53,  54,  55,  56,  57,  58,  59,  60,  61,
    116,   0,   1,  37,  38,  39,  40,  41,  42,  43,  44,  45,  46,  47,  48,  49,
     50,  51,  52,  53,  54,  55,  56,  57,  58,  59,  60,  61, 116,   1,  37,  38,
     39,  40,  41,  42,  43,  44,  45,  46,  47,  48,  49,  50,  51,  52,  53,  54,
     55,  56,  57,  58,  59,  60,  61, 116, 128,   1,  37,  38,  39,  40,  41,  42,
     43,  44,  45,  46,  47,  48,  49,  50,  51,  52,  53,  54,  55,  56,  57,  58,
     59,  60,  61, 116, 128,   1,  37,  38,  39,  40,  41,  42,  43,  44,  45,  46,
     47,  48,  49,  50,  51,  52,  53,  54,  55,  56,  57,  58,  59,  60,  61, 116,
    128,   0,  37,  38,  39,  42,  43,  44,  46,  47,  48,  50,  51,  52,  53,  54,
     56,  57,  58,  59,  60,  61, 116,   1,  63,  67,  70,  74,  77,  80,  81,  82,
     83,  86,  89,  92,  99, 106, 114, 118, 126,   0,   1,  62,  63,  64,  65,  66,
     67,  68,  69,  70,  71,  72,  73,  74,  75,  76,  77,  78,  79,  80,  81,  82,
     83,  85,  86,  87,  88,  89,  90,  91,  92,  93,  94,  95,  96,  97,  98,  99,
    100, 101, 102, 103, 104, 105, 106, 107, 108, 109, 110, 111, 112, 113, 114, 115,
    117, 118, 119, 120, 121, 122, 123, 124, 125, 126, 127, 128,   1,  62,  63,  64,
     65,  66,  67,  68,  70,  71,  72,  73,  75,  76,  78,  79,  80,  81,  82,  83,
     85,  86,  87,  88,  89,  90,  91,  92,  93,  94,  96,  99, 100, 102, 109, 111,
    112, 113, 114, 115, 118, 121, 122, 124, 125, 126, 127,   1,  62,  63,  64,  65,
     66,  67,  68,  69,  70,  71,  72,  73,  75,  76,  77,  78,  79,  80,  81,  82,
     83,  85,  86,  87,  88,  89,  90,  91,  92,  93,  95,  96,  99, 100, 103, 104,
    109, 111, 112, 113, 114, 115, 118, 121, 124, 127,   1,  62,  63,  64,  65,  66,
     67,  68,  69,  70,  71,  72,  73,  74,  75,  76,  77,  78,  79,  80,  81,  82,
     83,  85,  86,  87,  88,  89,  90,  91,  92,  93,  94,  95,  96,  97,  98,  99,
    100, 101, 102, 103, 104, 105, 106, 107, 108, 109, 110, 111, 112, 113, 114, 115,
    117, 118, 119, 120, 121, 122, 123, 124, 125, 126, 127, 128,   1,  62,  63,  64,
     65,  66,  67,  68,  69,  70,  71,  72,  73,  74,  75,  76,  77,  78,  79,  80,
     81,  82,  83,  85,  86,  87,  88,  89,  90,  92,  93,  94,  99, 101, 102, 103,
    104, 106, 109, 111, 114, 118, 121, 122, 123, 125, 126,   1,  63,  67,  69,  70,
     74,  77,  80,  81,  82,  86,  89,  92,  94,  99, 106, 114, 118, 126,   1,  62,
     63,  64,  65,  66,  67,  68,  69,  70,  71,  72,  73,  74,  75,  76,  77,  78,
     79,  80,  81,  82,  83,  85,  86,  87,  88,  89,  90,  91,  92,  93,  94,  95,
     97,  98,  99, 101, 102, 103, 104, 105, 106, 107, 108, 110, 111, 113, 114, 117,
    118, 119, 120, 121, 122, 123, 124, 125, 126, 128,   0,  62,  63,  64,  65,  66,
     67,  68,  69,  70,  71,  72,  73,  74,  75,  76,  78,  79,  81,  82,  83,  85,
     86,  87,  88,  89,  90,  91,  93,  94,  95,  96,  99, 100, 101, 102, 105, 106,
    109, 111, 112, 114, 115, 118, 120, 122, 123, 124, 126, 127, 128,   1,  63,  67,
     69,  70,  71,  72,  74,  77,  80,  81,  82,  83,  86,  89,  92,  94,  95,  98,
     99, 100, 101, 102, 103, 104, 105, 106, 109, 110, 111, 112, 113, 114, 115, 117,
    118, 121, 124, 125, 126, 127,   1,  63,  67,  69,  70,  71,  72,  74,  77,  80,
     81,  82,  83,  86,  89,  92,  94,  95,  99, 100, 101, 106, 109, 110, 111, 112,
    113, 114, 115, 117, 118, 121, 124, 125, 126, 127,   1,  63,  67,  69,  70,  71,
     72,  74,  77,  80,  81,  82,  83,  86,  89,  92,  94,  95,  96,  97,  98,  99,
    100, 101, 102, 103, 104, 105, 106, 107, 108, 109, 110, 111, 112, 113, 114, 115,
    117, 118, 119, 120, 121, 122, 123, 124, 125, 126, 127, 128,   1,  63,  67,  69,
     70,  71,  72,  74,  77,  80,  81,  82,  83,  86,  89,  92,  94,  95,  99, 101,
    102, 103, 104, 106, 109, 111, 112, 113, 114, 115, 118, 121, 124, 126,   1,  63,
     67,  69,  70,  71,  72,  74,  77,  80,  81,  82,  83,  86,  89,  92,  94,  95,
     99, 101, 102, 103, 104, 106, 109, 111, 112, 113, 114, 115, 118, 121, 124, 126,
      1,  63,  67,  69,  70,  71,  72,  74,  77,  80,  81,  82,  83,  86,  89,  92,
     94,  95,  99, 100, 101, 102, 103, 104, 106, 109, 111, 112, 113, 114, 115, 118,
    121, 124, 126,   0,  62,  63,  64,  65,  66,  67,  68,  69,  70,  71,  72,  73,
     74,  75,  76,  77,  78,  79,  80,  81,  82,  83,  85,  86,  87,  88,  89,  90,
     91,  93,  94,  95,  96,  97,  98,  99, 100, 102, 103, 104, 105, 106, 108, 109,
    112, 118, 121, 122, 124, 126, 127, 128,   1,  63,  67,  69,  70,  71,  72,  74,
     77,  80,  81,  82,  83,  86,  89,  92,  94,  99, 100, 101, 102, 103, 104, 106,
    109, 111, 112, 113, 114, 115, 117, 118, 121, 124, 126, 127,   1,  63,  67,  68,
     69,  70,  71,  72,  74,  80,  82,  83,  85,  86,  89,  91,  92,  94,  95,  96,
     99, 100, 101, 102, 105, 106, 107, 108, 109, 110, 111, 112, 115, 117, 118, 119,
    120, 122, 123, 124, 125, 126, 127, 128,   0,  62,  63,  64,  65,  66,  67,  68,
     69,  70,  71,  72,  73,  74,  75,  76,  77,  78,  79,  80,  81,  82,  83,  85,
     86,  87,  88,  89,  90,  91,  92,  93,  94,  95,  96,  97,  98,  99, 101, 102,
    103, 104, 105, 106, 107, 108, 110, 111, 112, 114, 115, 117, 118, 121, 123, 124,
    125, 126,   1,  63,  65,  67,  68,  69,  70,  71,  72,  74,  77,  79,  80,  81,
     82,  83,  86,  89,  90,  92,  94,  95,  96,  97,  98,  99, 100, 101, 102, 103,
    104, 105, 106, 107, 108, 109, 110, 111, 112, 113, 114, 115, 117, 118, 119, 120,
    121, 122, 123, 124, 125, 126, 127, 128,   1,  62,  63,  64,  65,  66,  67,  68,
     69,  70,  71,  72,  73,  74,  75,  76,  77,  78,  79,  80,  81,  82,  83,  85,
     86,  87,  88,  89,  90,  91,  92,  93,  94,  95,  96,  97,  98,  99, 100, 101,
    102, 103, 104, 105, 106, 107, 108, 109, 110, 111, 112, 113, 114, 115, 117, 118,
    119, 120, 121, 122, 123, 124, 125, 126, 127, 128,   1,  62,  63,  64,  65,  66,
     67,  68,  69,  70,  71,  72,  73,  74,  75,  76,  77,  78,  79,  80,  81,  82,
     83,  85,  86,  87,  89,  90,  91,  92,  93,  94,  96,  99, 100, 102, 103, 104,
    106, 109, 112, 113, 115, 118, 121, 125, 126, 127,   1,  12,  13,  14,  15,  16,
     17,  18,  19,  20,  21,  22,  23,  24,  25,  26,  27,  28,  29,  30,  31,  32,
     33,  34,  35,  36,  37,  38,  39,  40,  41,  42,  43,  44,  45,  46,  47,  48,
     49,  50,  51,  52,  53,  54,  55,  56,  57,  58,  59,  60,  61,  84, 116,   1,
     63,  67,  69,  70,  71,  72,  74,  77,  80,  81,  82,  83,  86,  89,  92,  93,
     94,  95,  97,  98,  99, 100, 101, 102, 103, 104, 105, 106, 107, 108, 109, 110,
    111, 112, 113, 114, 115, 117, 118, 119, 120, 121, 122, 123, 124, 125, 126, 127,
      1,  63,  67,  69,  70,  71,  72,  74,  77,  80,  81,  82,  83,  86,  89,  90,
     92,  93,  94,  95,  97,  98,  99, 100, 101, 102, 103, 104, 105, 106, 107, 108,
    109, 110, 111, 112, 113, 114, 115, 117, 118, 119, 120, 121, 122, 123, 124, 125,
    126, 127,   1,  63,  67,  69,  70,  71,  72,  74,  77,  81,  82,  83,  85,  86,
     89,  92,  94,  99, 101, 102, 103, 104, 106, 109, 111, 112, 113, 114, 115, 117,
    118, 123, 124, 125, 126,   1,  63,  67,  69,  70,  71,  72,  74,  77,  80,  81,
     82,  83,  86,  89,  92,  94,  97,  98,  99, 101, 102, 103, 104, 105, 106, 107,
    108, 109, 110, 111, 112, 113, 114, 115, 117, 118, 121, 122, 123, 124, 125, 126,
      0,   1,  62,  63,  64,  65,  66,  67,  68,  71,  72,  73,  75,  76,  77,  78,
     79,  80,  81,  82,  83,  85,  86,  87,  88,  89,  90,  91,  92,  93,  95,  96,
     97,  99, 100, 101, 103, 104, 105, 106, 109, 110, 111, 112, 113, 114, 115, 117,
    118, 121, 122, 123, 124, 126, 127, 128,   1,  63,  67,  71,  72,  74,  77,  80,
     81,  82,  83,  86,  89,  92,  94,  95,  99, 100, 101, 102, 103, 104, 105, 106,
    109, 111, 113, 114, 115, 118, 121, 123, 127,   0,   1,  62,  63,  64,  65,  66,
     67,  68,  70,  71,  72,  73,  75,  76,  77,  78,  79,  80,  81,  82,  83,  85,
     86,  87,  88,  89,  90,  91,  92,  93,  95,  96,  99, 100, 106, 109, 111, 112,
    113, 114, 115, 117, 118, 122, 123, 124, 125, 127, 128,   0,   1,  62,  63,  64,
     65,  66,  67,  68,  69,  70,  71,  72,  73,  74,  75,  76,  77,  78,  79,  80,
     81,  82,  83,  85,  86,  87,  88,  89,  90,  91,  92,  93,  94,  95,  96,  99,
    100, 101, 102, 106, 109, 112, 113, 121, 123, 124, 126, 127, 128,   0,   1,  62,
     63,  64,  65,  66,  67,  68,  69,  70,  71,  72,  73,  74,  75,  76,  77,  78,
     79,  80,  81,  82,  83,  85,  86,  87,  88,  89,  90,  91,  92,  93,  94,  96,
     98,  99, 100, 102, 106, 107, 108, 109, 112, 113, 122, 126, 127, 128,   1,  63,
     67,  69,  70,  71,  72,  74,  77,  80,  81,  82,  83,  86,  89,  92,  94,  95,
     99, 100, 101, 102, 103, 104, 106, 109, 111, 112, 113, 114, 115, 118, 121, 124,
    126, 127,   0,   1,  95,  99, 100, 101, 102, 103, 104, 105, 106, 107, 109, 111,
    112, 113, 114, 115, 118, 119, 121, 124, 126, 127,   0,   1,  96,  99, 100, 101,
    102, 105, 106, 109, 111, 112, 114, 115, 118, 121, 122, 123, 124, 126, 127, 128,
      0,  95,  96,  97,  98,  99, 100, 101, 102, 105, 106, 107, 108, 109, 111, 112,
    114, 115, 118, 121, 123, 124, 125, 126, 127,   0,  95,  97,  98,  99, 100, 101,
    102, 105, 106, 107, 108, 110, 111, 113, 114, 115, 117, 118, 119, 121, 122, 123,
    124, 125, 126, 128,   0,   1,  95,  96,  97,  98,  99, 100, 101, 102, 103, 104,
    105, 106, 107, 108, 109, 110, 111, 112, 113, 114, 115, 117, 118, 119, 120, 121,
    122, 123, 124, 125, 126, 127,   0,   1,  95,  96,  97,  98,  99, 100, 101, 105,
    106, 107, 108, 109, 110, 111, 112, 114, 115, 118, 123, 124, 125, 126, 127,   0,
      1,  95,  96,  97,  98,  99, 100, 101, 102, 103, 104, 105, 106, 107, 108, 109,
    110, 111, 112, 113, 114, 115, 117, 118, 119, 120, 121, 122, 123, 124, 125, 126,
    127,   0,   1,  96,  98,  99, 100, 101, 102, 103, 104, 105, 106, 107, 109, 111,
    112, 114, 115, 118, 123, 125, 127, 128,   0,   1,  95,  97,  98,  99, 100, 101,
    102, 103, 104, 105, 106, 107, 108, 109, 110, 111, 112, 113, 114, 115, 117, 118,
    119, 120, 121, 122, 123, 124, 125, 126, 127, 128,   0,   1,  95,  96,  97,  98,
     99, 100, 101, 102, 103, 104, 105, 106, 109, 110, 111, 112, 113, 114, 115, 117,
    118, 121, 123, 124, 125, 126, 127, 128,   0,   1,  95,  96,  97,  98,  99, 100,
    101, 102, 103, 104, 105, 106, 107, 109, 111, 112, 113, 114, 115, 118, 120, 122,
    124, 127, 128,   0,   1,  95,  96,  97,  98,  99, 100, 101, 102, 103, 104, 105,
    106, 107, 108, 109, 110, 111, 112, 113, 114, 115, 117, 118, 119, 120, 121, 122,
    123, 124, 125, 126, 127,   0,   1,  95,  96,  99, 100, 101, 102, 103, 104, 106,
    109, 111, 112, 114, 115, 118, 121, 124, 126,   0,   1,  95,  99, 100, 101, 102,
    103, 104, 105, 106, 108, 109, 111, 112, 113, 114, 115, 118, 121, 122, 124, 126,
    127,   0,  96,  97,  98,  99, 100, 101, 102, 103, 104, 105, 106, 107, 108, 109,
    110, 111, 112, 113, 114, 117, 118, 119, 120, 122, 123, 124, 125, 126, 127, 128,
      0,   1,  96,  99, 100, 101, 102, 103, 104, 105, 106, 108, 109, 110, 111, 112,
    113, 114, 115, 117, 118, 121, 122, 123, 124, 126, 127,   0,  95,  96,  97,  98,
     99, 101, 102, 103, 104, 105, 106, 107, 108, 109, 110, 111, 113, 114, 115, 117,
    118, 119, 120, 122, 123, 125, 126, 127, 128,   0,   1,  95,  96,  97,  98,  99,
    100, 101, 102, 103, 104, 105, 106, 107, 109, 111, 112, 113, 114, 115, 117, 118,
    121, 122, 123, 125, 126, 127,   0,   1,  95,  96,  97,  98,  99, 100, 101, 102,
    103, 104, 105, 106, 107, 108, 109, 110, 111, 112, 113, 114, 115, 117, 118, 119,
    120, 121, 122, 123, 124, 125, 126, 127, 128,   0,   1,  95,  96,  97,  98,  99,
    100, 101, 102, 103, 104, 105, 106, 107, 108, 109, 110, 111, 112, 113, 114, 115,
    117, 118, 119, 120, 121, 122, 123, 124, 125, 126, 127, 128,   0,  96,  97,  98,
     99, 100, 101, 102, 103, 104, 105, 106, 107, 108, 109, 110, 111, 112, 113, 114,
    117, 118, 119, 120, 122, 123, 125, 126, 127, 128,   1,  37,  38,  39,  40,  41,
     42,  43,  44,  45,  46,  47,  48,  49,  50,  51,  52,  53,  54,  55,  56,  57,
     58,  59,  60,  61, 116,   0,   1,  95,  97,  98,  99, 100, 101, 102, 103, 104,
    105, 106, 107, 108, 109, 110, 111, 112, 113, 114, 115, 117, 118, 119, 120, 121,
    122, 123, 124, 125, 126, 127,   0,   1,  95,  97,  98,  99, 100, 101, 102, 103,
    104, 105, 106, 107, 108, 109, 110, 111, 112, 113, 114, 115, 117, 118, 119, 120,
    121, 122, 123, 124, 125, 126, 127,   0,   1,  95,  96,  97,  98,  99, 100, 101,
    102, 103, 104, 105, 106, 107, 108, 109, 110, 111, 112, 113, 114, 115, 117, 118,
    119, 120, 121, 122, 123, 124, 125, 126, 127,   0,   1,  95,  96,  97,  98,  99,
    100, 101, 102, 103, 104, 105, 106, 107, 108, 109, 110, 111, 112, 113, 114, 115,
    117, 118, 119, 120, 121, 122, 123, 124, 125, 126, 127,   0,  96,  97,  98,  99,
    100, 101, 102, 103, 104, 105, 106, 107, 108, 109, 110, 111, 112, 113, 114, 115,
    117, 118, 119, 120, 121, 122, 123, 125, 126, 127, 128,   0,   1,  96,  99, 100,
    101, 102, 103, 104, 105, 106, 107, 108, 109, 111, 112, 113, 114, 115, 117, 118,
    120, 122, 123, 124, 125, 126, 127,   0,  95,  96,  97,  98,  99, 100, 101, 102,
    103, 104, 105, 106, 107, 108, 109, 110, 111, 112, 113, 114, 115, 118, 119, 121,
    122, 125, 127, 128,   0,  96,  97,  98,  99, 100, 101, 103, 104, 105, 106, 107,
    108, 109, 110, 111, 112, 114, 115, 117, 118, 119, 120, 122, 123, 125, 127, 128,
      0,   1,  96,  97,  98,  99, 100, 101, 102, 103, 104, 105, 106, 107, 108, 109,
    110, 111, 112, 114, 117, 118, 119, 120, 121, 122, 123, 125, 126, 127, 128,   0,
      1,  95,  96,  97,  98,  99, 100, 101, 102, 103, 104, 105, 106, 107, 108, 109,
    110, 111, 112, 113, 114, 115, 117, 118, 119, 120, 121, 122, 123, 124, 125, 126,
    127,   0,   1,  95,  96,  97,  98,  99, 100, 101, 102, 105, 106, 107, 108, 109,
    111, 112, 113, 114, 115, 118, 119, 122, 123, 124, 125, 126, 127,
};

static const int8_t edslab_16_italicKernSparseValues[] = {
     -11,  -11,  -11,  -11,  -37,  -21,  -11,  -21,  -43,  -21,  -11,   -5,  -32,  -16,  -11,  -16,
      11,  -21,  -21,  -21,   -5,  -21,    5,    5,    5,    5,    5,  -11,  -11,  -21,   -5,  -11,
     -16,   -5,  -11,   -5,  -59,  -37,   -5,  -16,  -48,  -16,  -11,   -5,  -11,  -21,  -37,  -27,
     -16,  -21,  -32,  -21,  -21,  -21,  -21,  -32,  -16,  -16,  -16,  -16,  -16,  -21,  -16,  -11,
     -21,  -16,  -11,  -11,  -11,  -11,   -5,  -11,  -11,  -16,  -16,  -16,  -21,  -21,   -5,  -16,
       5,  -11,    5,  -21,  -11,  -16,  -11,    5,  -16,  -21,  -21,    5,  -21,   -5,   11,  -16,
     -11,  -11,  -16,   -5,  -16,  -21,    5,  -32,  -27,  -59,  -43,  -53,   -5,    5,  -11,    5,
      -5,  -11,    5,  -11,  -16,  -11,  -11,  -11,    5,   -5,    5,  -16,    5,    5,    5,    5,
       5,  -11,   -5,  -16,  -21,  -16,  -16,  -11,  -16,  -16,   -5,  -16,  -16,  -16,   -5,  -11,
     -16,  -11,  -11,    5,  -11,  -16,    5,  -27,  -11,  -32,  -11,  -11,  -16,  -16,  -16,   -5,
     -11,    5,    5,   -5,   -5,  -16,    5,   -5,   -5,   -5,  -11,  -16,   -5,   -5,   11,   -5,
      -5,   11,    5,   -5,  -21,  -11,  -11,  -16,  -16,   11,  -11,  -11,   -5,  -11,  -11,    5,
      -5,    5,   11,  -11,  -16,   11,  -16,    5,  -11,   -5,   11,  -21,  -21,  -21,  -11,   -5,
      -5,  -16,  -16,  -27,  -11,  -16,  -16,  -11,  -11,  -11,   -5,   -5,  -11,  -16,  -11,  -21,
      -5,  -11,  -16,   -5,    5,   -5,   -5,  -11,  -16,    5,  -16,    5,  -21,  -11,  -16,   -5,
      -5,   -5,   -5,  -21,   -5,  -16,  -27,  -11,   -5,   -5,  -11,    5,  -11,  -11,  -11,   -5,
     -16,   -5,   -5,   -5,  -21,  -37,  -27,  -27,  -16,   -5,  -16,  -37,  -27,   -5,  -37,  -27,
     -37,  -43,  -27,  -11,  -32,  -16,  -43,  -21,   -5,   -5,   -5,  -11,  -21,  -21,  -11,  -11,
     -11,  -11,    5,    5,  -11,  -16,    5,  -16,    5,  -11,  -11,  -11,  -59,  -11,  -21,   -5,
     -37,   -5,  -11,  -11,  -48,  -11,  -11,  -11,  -16,  -11,  -11,  -21,  -53,  -11,  -37,  -16,
     -21,  -75,  -75, -117, -117, -107,   -5,  -11,  -48,  -21,  -21,  -27,  -21,  -16,  -27,  -27,
     -27,  -32,  -53,  -27,  -27,  -37,  -27,  -21,  -27,  -16,  -32,  -32,  -64,  -59,  -48,  -16,
     -16,  -27,  -11,   11,  -21,   -5,    5,  -11,  -11,  -11,  -11,   -5,   11,  -11,  -11,   -5,
      -5,   -5,   -5,    5,   -5,  -16,  -27,  -32,  -27,  -37,   -5,   -5,  -16,    5,    5,    5,
      -5,   -5,  -11,    5,   -5,  -11,   -5,   -5,  -11,    5,   -5,    5,  -11,    5,    5,  -16,
      -5,  -11,  -11,   -5,   -5,  -32,  -11,   -5,  -11,  -11,   -5,   -5,  -21,  -16,  -11,  -11,
     -16,  -16,  -27,  -16,  -11,  -27,  -27,  -32,  -32,  -27,  -11,  -11,  -16,   -5,  -11,  -16,
     -27,   -5,  -11,  -16,  -21,  -21,  -16,   -5,  -21,  -21,  -11,  -16,  -16,  -21,  -32,  -16,
     -21,  -21,  -16,   16,  -37,   -5,    5,   -5,   -5,   16,  -11,   -5,    5,   -5,   -5,   -5,
      -5,   11,   -5,   11,  -11,    5,  -11,  -16,  -32,  -32,  -37,   -5,    5,   -5,   11,   11,
       5,   11,   -5,   -5,   27,   11,  -16,    5,    5,    5,   11,    5,   11,   16,   16,   16,
      16,    5,  -27,   -5,  -16,   -5,  -21,   -5,   -5,    5,   -5,   -5,  -16,  -21,  -21,  -16,
     -21,  -11,   -5,   -5,    5,   -5,   -5,   -5,   -5,    5,  -11,    5,    5,   -5,   -5,  -11,
      -5,  -21,   -5,  -11,  -80,   -5,  -16,  -11,   -5,   -5,  -11,  -11,   -5,  -21,   -5,   -5,
     -27,   -5,  -16,   -5,  -16,  -16,  -21,  -27,  -21,  -16,  -43,  -11,  -27,  -27,  -32,  -16,
     -48,  -16,   -5,  -11,  -16,  -11,  -32,  -32,  -37,  -21,  -32,  -32,  -21,  -21,  -11,  -16,
     -21,  -21,  -27,  -27,  -37,  -32,   -5,    5,  -37,  -21,   -5,  -11,  -16,  -11,    5,  -16,
      -5,   -5,  -11,   -5,  -11,  -11,  -16,  -16,   -5,  -32,  -32,  -43,  -37,  -43,  -21,  -27,
     -11,  -16,  -21,  -16,  -27,  -27,  -16,  -16,  -11,  -16,    5,   -5,  -16,  -16,  -21,  -16,
      -5,  -11,  -16,  -27,  -16,  -11,  -27,  -21,  -11,  -11,  -21,  -21,  -16,  -21,   -5,  -21,
     -32,  -21,  -21,  -21,  -21,  -21,  -27,  -21,  -21,  -21,  -16,  -16,  -21,  -32,  -27,  -27,
     -11,  -16,  -16,  -11,  -16,  -16,  -11,  -16,  -16,  -11,  -11,  -11,  -21,  -21,  -27,  -21,
     -16,  -21,  -21,  -21,  -16,  -21,  -11,  -11,  -21,  -27,  -11,  -21,  -16,  -16,  -21,  -21,
     -21,  -16,  -11,  -21,  -16,  -16,  -21,  -32,  -21,  -16,  -11,    5,    5,  -37,    5,    5,
       5,  -11,  -21,  -21,  -27,   -5,  -11,  -32,    5,    5,   -5,  -21,  -16,   16,   -5,  -27,
     -21,   -5,   -5,   -5,    5,    5,  -11,  -16,   -5,  -21,   -5,  -11,  -21,  -21,   -5,   -5,
     -21,   -5,   -5,   -5,   -5,   -5,   -5,   -5,  -32,   -5,  -21,    5,   -5,  -27,  -32,  -27,
     -32,  -32,   -5,   -5,  -21,   -5,   -5,   -5,  -16,  -11,   -5,  -16,  -27,  -16,  -27,  -16,
     -16,  -16,  -21,   -5,  -16,   -5,  -27,  -21,  -43,  -32,  -43,  -11,  -16,  -11,  -21,   -5,
     -21,  -11,  -21,   -5,   -5,  -11,   -5,   -5,   -5,   -5,   -5,  -16,  -16,   -5,   -5,  -85,
     -48,  -69,  -69,  -80,  -11,   -5,  -32,  -11,   -5,  -16,  -27,  -16,  -32,  -16,  -16,  -11,
     -21,  -11,   -5,  -16,  -21,  -37,  -32,  -37,  -16,  -21,  -11,  -11,  -16,  -16,  -16,  -11,
     -21,  -16,   -5,  -21,  -16,  -21,  -21,  -21,  -11,  -21,  -27,  -21,  -16,  -16,  -16,  -11,
     -11,  -16,  -16,  -16,  -11,  -16,  -11,  -16,  -16,   -5,  -16,  -11,  -16,  -16,  -16,  -16,
     -21,  -16,  -16,  -11,   -5,  -11,  -53,  -21,  -27,  -11,  -16,   -5,  -27,   -5,  -27,   -5,
      -5,  -16,  -37,   -5,  -21,   -5,  -11,  -21,  -21,  -21,  -16,  -16,   -5,  -37,  -37,  -27,
     -27,  -27,  -21,  -37,  -21,  -21,  -27,  -32,  -32,  -32,  -27,  -27,  -32,  -27,  -37,  -21,
     -21,  -21,  -21,  -21,  -27,  -21,  -21,  -37,  -21,  -16,    5,  -59,  -11,    5,  -16,  -16,
     -21,  -21,  -11,   -5,  -21,  -11,  -16,  -21,   -5,  -16,    5,  -27,   -5,  -27,  -32,  -48,
     -48,  -48,  -27,  -16,  -27,   -5,  -11,  -21,    5,   -5,  -21,  -16,  -11,  -11,   -5,  -11,
     -11,   -5,   -5,   -5,   -5,  -27,  -37,  -16,  -21,    5,  -16,  -91,   -5,    5,   -5,   -5,
      -5,    5,   -5,   -5,  -11,  -16,  -11,  -11,  -11,   -5,  -16,    5,   -5,    5,  -16,  -21,
     -21,  -27,  -16,  -11,  -43,  -27,  -27,  -16,  -32,  -43,  -21,    5,   -5,  -27,  -11,   -5,
     -11,  -21,  -16,   -5,   11,   -5,  -16,  -27,  -11,  -43,  -43,  -21,  -37,  -32,  -43,  -43,
     -43,  -37,  -27,  -32,  -27,  -32,  -48,  -37,  -37,  -43,  -37,  -53,  -37,  -43,  -37,  -75,
     -69,  -91,  -91, -101,  -43,  -53,  -64,  -37,  -37,  -32,  -16,  -11,  -59,  -37,  -16,  -59,
     -69,  -53,  -43,  -37,  -32,  -37,  -48,  -21,  -37,  -32,  -37,  -37,  -37,  -43,  -59,  -43,
     -11,  -11,  -11,   -5,  -16,   -5,   -5,  -11,   -5,   -5,   -5,   -5,   -5,  -21,   -5,  -11,
      -5,  -27,  -27,  -43,  -43,  -43,   -5,   -5,  -21,  -16,  -32,  -16,  -11,  -11,  -16,  -11,
      -5,   -5,  -16,  -21,  -21,  -27,  -32,  -16,  -11,  -21,  -11,    5,  -32,  -11,   -5,  -11,
      -5,  -11,  -11,   -5,  -11,  -16,   -5,  -11,  -11,   -5,  -16,   -5,  -27,  -32,  -43,  -37,
     -43,   -5,  -32,    5,    5,  -16,  -11,  -16,  -11,  -16,  -21,  -21,  -16,  -16,  -21,  -21,
      -5,   -5,  -21,  -21,  -21,  -11,  -27,  -16,  -32,  -69,  -21,  -21,  -11,  -16,  -11,  -21,
     -11,  -11,  -37,  -11,  -16,  -11,  -11,  -27,  -11,  -16,  -11,  -11,  -21,  -27,  -27,  -32,
     -21,  -27,  -53,  -27,  -43,  -48,  -43,  -32,  -48,  -16,  -16,  -27,  -27,  -27,  -48,  -48,
     -37,  -32,  -43,  -59,  -43,  -27,  -37,  -37,  -37,  -48,  -53,  -21,  -48,  -32,  -21,  -80,
     -16,  -32,  -21,  -16,  -16,  -27,  -16,  -16,  -32,  -16,  -16,  -16,  -11,  -37,  -21,  -27,
     -16,  -21,  -21,  -27,  -27,  -27,  -21,  -27,  -48,  -37,  -43,  -32,  -32,  -37,  -53,  -32,
     -21,  -37,  -27,  -27,  -32,  -43,  -37,  -32,  -32,  -43,  -27,  -27,  -27,  -32,  -27,  -37,
     -37,  -32,  -48,  -27,  -32, -112,  -11,  -43,  -11,  -16,  -16,  -48,  -21,  -16,  -53,  -11,
     -21,  -16,  -21,  -43,  -11,  -53,  -16,  -21,  -32,  -21,  -27,  -27,  -21,  -21,  -69,  -32,
     -69,  -64,  -59,  -43,  -64,  -27,  -37,  -53,  -32,  -32,  -69,  -59,  -69,  -53,  -59,  -59,
     -53,  -37,  -48,  -53,  -53,  -53,  -69,  -32,  -69,  -43,  -43, -107,  -16,  -37,  -16,  -21,
     -16,  -43,  -16,  -11,  -48,  -16,  -16,  -21,  -21,  -48,  -27,  -43,  -16,  -21,  -21,  -21,
     -27,  -21,  -21,  -27,  -53,  -32,  -64,  -69,  -53,  -32,  -75,  -32,  -37,  -53,  -43,  -43,
     -53,  -53,  -59,  -43,  -53,  -53,  -48,  -37,  -43,  -53,  -43,  -59,  -64,  -27,  -59,  -48,
     -37,  -85,  -21,  -43,  -16,  -16,  -16,  -37,  -11,  -11,  -48,  -11,  -16,  -21,  -16,  -59,
     -21,  -48,  -21,  -32,  -21,  -27,  -27,  -27,  -27,  -32,  -75,  -37,  -64,  -64,  -64,  -59,
     -75,  -37,  -43,  -59,  -43,  -43,  -59,  -69,  -69,  -53,  -59,  -64,  -64,  -48,  -48,  -59,
     -59,  -59,  -69,  -27,  -75,  -53,  -32,   -5,  -32,  -11,   -5,   -5,  -21,   -5,   -5,  -11,
     -11,   -5,  -11,  -11,  -27,  -11,  -27,   -5,  -11,  -27,  -27,  -21,  -21,  -27,  -11,   -5,
     -32,  -11,   -5,  -16,   -5,  -21,  -21,  -37,  -27,  -27,  -16,  -16,  -11,  -32,  -21,   -5,
     -32,  -27,  -37,  -43,  -53,  -21,  -16,  -27,   -5,  -11,  -21,  -43,  -21,  -16,  -21,  -27,
     -21,  -27,  -21,  -37,  -27,  -43,  -21,  -27,  -32,  -27,  -21,  -21,  -16,  -32,  -32,  -43,
     -43,  -43,  -21,  -27,    5,  -11,  -32,    5,  -11,  -11,  -16,  -11,  -27,  -32,  -16,  -16,
     -16,  -16,   -5,   -5,  -11,  -11,  -21,  -11,  -21,   -5,   -5,    5,  -16,  -32,   -5,   -5,
      -5,  -11,  -21,  -21,  -21,  -27,  -16,  -16,   -5,  -11,   -5,  -16,   -5,  -16,  -11,  -16,
     -16,  -21,  -16,  -21,  -21,  -16,  -27,  -21,  -11,  -21,  -11,  -11,  -11,  -21,  -32,  -21,
     -27,  -16,  -16,  -21,  -27,  -11,  -16,  -11,  -21,  -27,  -32,  -27,  -37,  -21,  -21,   -5,
     -11,    5,  -21,  -37,  -21,  -11,  -16,   -5,  -16,  -21,  -21,  -16,  -11,   -5,  -16,  -16,
      -5,   -5,  -11,  -11,  -16,  -16,  -16,  -27,   27,   -5,  -27,   -5,  -21,  -21,  -21,  -37,
     -27,  -16,  -27,  -16,  -11,  -32,  -32,  -27,  -21,  -21,  -37,   -5,  -32,  -64,  -64,  -48,
     -85,  -21,  -59,  -11,  -16,   -5,  -21,  -43,  -21,  -11,  -16,  -16,   -5,  -27,   -5,   11,
     -37,  -37,  -16,  -27,  -21,   -5,  -21,  -27,  -21,  -11,  -11,  -11,  -11,  -16,  -21,  -27,
     -21,  -32,   -5,  -11,  -37,  -11,  -11,  -11,  -21,  -11,   -5,  -11,  -21,  -16,  -27,  -16,
     -16,  -11,  -16,   -5,  -16,  -21,  -21,  -27,  -27,  -37,  -11,  -21,  -16,  -21,  -11,  -32,
     -11,  -11,  -11,  -16,  -16,  -16,   -5,  -16,  -27,  -37,  -16,  -11,  -11,  -21,   -5,  -16,
      -5,  -21,  -21,  -32,  -32,  -37,  -16,  -16,    5,   11,  -32,    5,    5,    5,    5,  -11,
      11,  -21,  -27,   -5,   -5,    5,    5,    5,   -5,    5,  -11,  -11,  -11,  -11,  -11,  -16,
     -27,  -16,  -11,  -37,   -5,  -16,  -11,  -16,  -11,   -5,  -11,  -16,  -16,  -37,  -11,  -11,
     -11,  -11,   -5,  -11,  -11,  -16,  -16,  -21,  -27,  -32,  -11,  -16,   -5,   -5,  -21,  -32,
     -16,  -16,   -5,  -21,  -16,  -11,  -16,  -27,  -16,  -32,  -16,  -11,  -21,  -21,  -11,  -21,
      -5,  -21,  -21,  -32,  -32,  -21,  -11,  -16,   -5,   -5,   -5,   -5,  -37,   -5,  -11,  -21,
     -11,   -5,  -11,  -27,  -16,  -32,  -11,  -11,  -11,  -16,  -11,   -5,  -16,  -16,  -27,  -27,
     -32,   -5,  -11,  -16,  -11,  -11,  -37,   -5,  -11,   -5,  -16,   -5,  -16,  -11,  -21,  -16,
     -32,  -11,  -11,   -5,  -16,   -5,  -16,  -16,  -27,  -32,  -32,  -37,   -5,  -11,  -11,   11,
     -27,    5,    5,  -11,  -11,  -16,  -11,  -27,  -21,  -11,  -16,    5,  -11,    5,  -16,    5,
     -11,   -5,   -5,  -16,  -21,  -16,  -21,   -5,   -5,    5,  -11,  -32,    5,    5,    5,  -11,
     -16,  -16,  -11,  -27,  -27,  -11,  -11,  -11,    5,  -16,   -5,  -11,  -11,  -16,  -21,  -11,
     -21,   -5,  -11,    5,  -32,   -5,    5,  -16,   32,  -11,  -27,   -5,   -5,   -5,   21,    5,
      -5,   -5,   -5,   -5,   -5,   -5,   -5,   -5,   -5,  -11,   -5,  -27,  -37,   -5,   -5,   -5,
      -5,  -16,  -32,  -11,  -37,  -27,  -11,  -16,  -11,   -5,  -11,  -16,    5,   -5,   -5,  -11,
     -16,  -21,  -21,   -5,  -32,    5,  -11,  -11,  -11,    5,  -11,  -16,  -27,   -5,  -11,   -5,
     -11,    5,  -11,   -5,  -11,  -11,  -16,  -16,  -11,  -16,  -11,  -32,  -27,   -5,   -5,  -16,
     -27,  -16,  -27,   -5,   -5,    5,  -16,    5,  -11,    5,  -27,  -16,  -32,  -27,  -48,  -11,
     -16,  -16,  -11,  -11,  -37,  -16,  -11,  -11,  -16,   -5,  -16,  -11,  -16,  -21,  -32,  -16,
     -11,  -16,  -16,   -5,   -5,   -5,  -16,  -16,  -21,  -21,  -27,   -5,  -16,  -16,  -37,  -43,
     -21,  -21,  -32,  -32,  -37,  -32,   -5,  -21,  -43,  -32,  -21,  -27,  -27,  -11,  -27,  -21,
     -11,  -16,  -11,  -11,  -16,  -16,  -32,  -43,  -32,  -21,  -37,  -27,  -21,  -27,  -21,  -21,
     -32,  -43,  -16,  -27,  -37,  -27,  -21,  -27,  -32,  -11,  -21,  -27,  -16,  -16,   -5,  -16,
     -11,  -21,  -27,  -37,  -32,  -16,  -37,  -27,  -21,  -21,  -21,  -21,  -37,  -37,  -16,  -21,
     -37,  -37,  -27,  -27,  -32,  -16,  -21,  -32,  -11,  -11,  -16,  -16,  -16,  -21,  -27,  -32,
     -48,   -5,  -11,  -27,   -5,  -11,   -5,  -11,  -11,  -11,  -21,   -5,   -5,   -5,   -5,   -5,
      -5,   -5,  -11,  -11,  -16,  -11,  -11,   -5,  -21,  -21,  -11,   -5,   -5,   -5,   -5,  -11,
      -5,   -5,   -5,   -5,  -11,  -11,   -5,  -11,   -5,  -37,  -27,   -5,  -27,  -16,  -27,   -5,
     -27,  -21,  -11,  -27,  -37,  -37,  -27,   -5,  -21,   -5,  -32,  -21,  -21,  -27,  -75,  -59,
     -32,  -21,  -85,  -16,  -16,  -32,  -16,  -16,  -16,  -16,  -11,   -5,  -11,  -16,  -16,  -32,
     -16,  -27,  -21,  -32,  -32,  -16,  -16,  -16,  -16,  -16,  -16,  -32,  -16,  -43,  -48,  -27,
     -16,  -64,  -16,  -16,  -32,  -16,  -16,  -16,  -16,  -11,  -16,   -5,    5,   -5,  -16,   -5,
      -5,   -5,  -11,   -5,   -5,  -21,  -11,  -11,   -5,   -5,   -5,  -16,    5,  -16,  -32,   11,
     -11,  -21,   -5,  -11,  -11,   -5,  -16,    5,   -5,    5,   16,  -27,   16,    5,   16,   -5,
      16,   11,  -11,   11,   -5,    5,  -16,    5,   -5,   -5,   16,    5,   -5,  -16,   -5,   -5,
      -5,   -5,   -5,    5,   -5,  -16,  -16,   -5,   -5,   -5,   16,   -5,   -5,    5,   -5,  -16,
       5,  -11,  -21,   -5,   -5,  -11,   -5,   -5,    5,  -11,    5,   16,  -16,   16,    5,    5,
      16,   -5,   16,   11,   -5,   11,   -5,    5,   11,   16,  -16,   -5,  -85,   -5,   -5,   -5,
     -27,   -5,   -5,  -21,   -5,   -5,   -5,  -48,   -5,   -5,  -11,   -5,  -11,   -5,   -5,   -5,
      -5,   -5,   -5,   -5,   -5,   -5,   -5,   -5,  -21,   -5,  -21,  -43,  -32,  -21,  -32,  -64,
     -32,  -43,  -48,  -21,  -21,  -27,  -59,  -32,  -37,  -43,  -43,  -32,  -32,  -16,  -21,  -43,
     -32,  -32,  -32,  -32,  -16,  -27,  -27,  -32,  -32,  -48,  -32,  -21,  -11,   -5,  -27,   -5,
      -5,   -5,  -27,   -5,   -5,  -16,   -5,   -5,   -5,   -5,   -5,   -5,  -16,   -5,   -5,  -16,
      -5,  -21,  -11,   -5,  -11,   -5,   -5,   -5,   -5,  -16,   -5,  -11,  -11,  -11,  -11,  -11,
     -11,  -11,  -11,  -11,  -21,  -27,  -16,  -11,  -11,  -11,   -5,   -5,  -21,  -16,   -5,  -11,
      -5,  -11,   -5,   -5,  -16,  -11,   -5,   -5,   -5,  -11,  -11,   -5,   -5,   -5,   -5,   -5,
     -16,   -5,   -5,   -5,  -16,   -5,  -16,  -21,   -5,   -5,   -5,  -11,   -5,   -5,  -21,   -5,
      -5,  -21,   -5,  -21,  -21,   -5,  -21,   -5,   -5,  -16,   -5,   -5,  -16,   -5,   -5,   -5,
     -16,  -11,  -16,  -16,  -16,  -11,  -11,  -16,  -16,  -16,  -16,  -16,  -21,  -21,  -43,  -16,
     -48,  -16,  -16,  -16,  -16,  -16,  -16,  -16,  -16,   -5,  -16,   -5,  -32,   -5,   -5,   -5,
     -27,   -5,   -5,   -5,   -5,   -5,   -5,   -5,   -5,  -11,   -5,   -5,   -5,  -32,    5,   -5,
     -32,   -5,   -5,   -5,   -5,   -5,   -5,   -5,  -11,    5,  -11,   11,  -11,   -5,   -5,  -11,
      11,  -11,   11,   -5,    5,   -5,   -5,   -5,   -5,    5,   -5,   11,  -11,  -11,  -21,  -27,
      -5,   -5,   -5,   -5,  -11,  -16,   -5,  -11,  -21,  -11,  -21,  -11,  -11,   -5,  -16,  -16,
     -21,  -11,  -21,  -11,  -11,  -11,  -11,  -11,  -11,  -11,  -21,  -11,  -21,  -27,  -21,  -16,
     -43,  -27,  -11,  -11,  -11,  -11,  -11,  -21,  -21,  -16,   -5,   -5,   -5,  -11,   -5,  -11,
      -5,  -16,   -5,  -21,  -11,   -5,  -16,  -16,  -21,  -11,  -21,  -11,  -11,  -11,  -21,  -11,
     -21,  -27,  -21,  -16,  -43,  -27,  -11,  -11,  -11,  -11,    5,  -11,  -11,   -5,  -11,  -16,
     -16,   -5,   -5,  -16,   -5,  -21,  -16,  -16,   -5,  -11,  -11,   -5,    5,   -5,   -5,  -16,
       5,  -11,  -11,  -11,  -11,   -5,  -11,   -5,   -5,    5,   -5,  -16,    5,  -11,  -43,    5,
      -5,  -43,   -5,   -5,  -16,   -5,   -5,  -11,   -5,  -11,    5,   -5,  -11,  -16,  -21,  -11,
     -16,  -11,  -11,  -11,  -16,  -16,  -11,  -21,  -16,  -16,   -5,  -11,  -16,  -16,  -16,  -16,
     -16,  -11,  -11,  -11,   -5,  -16,   -5,  -16,  -27,   -5,  -37,  -27,   -5,  -11,  -11,  -27,
     -21,  -11,  -16,  -11,   -5,  -11,  -16,  -16,   -5,  -21,  -11,  -16,  -11,  -16,  -11,  -11,
     -16,  -16,  -11,  -16,  -16,  -11,   -5,  -16,   -5,  -16,  -32,   -5,  -37,  -21,   -5,  -11,
     -11,  -16,  -16,  -11,  -11,  -16,  -11,  -11,  -16,  -11,  -11,  -16,  -11,  -11,  -11,  -11,
     -11,  -11,  -11,  -11,  -11,  -11,  -11,  -11,  -11,   -5,  -21,   -5,  -11,  -21,  -16,  -37,
     -21,  -11,  -11,  -11,   -5,  -43,  -11,  -11,  -11,  -37,  -16,  -16,   -5,  -11,  -11,   -5,
     -11,   -5,  -11,   11,   -5,  -16,   11,  -16,  -32,   16,  -11,  -27,   -5,   -5,  -11,   -5,
      -5,  -11,   -5,   -5,   21,    5,    5,  -27,    5,    5,   11,   11,    5,  -21,   -5,   11,
      11,   -5,    5,   -5,    5,  -16,    5,  -11,  -11,  -21,  -16,   -5,  -11,  -11,  -11,   -5,
     -11,  -11,   -5,  -21,  -11,  -16,  -11,  -11,  -11,  -16,  -11,  -11,  -11,  -11,  -11,  -11,
      -5,  -21,   -5,  -16,  -21,  -11,  -11,  -32,  -16,   -5,  -11,   -5,  -16,  -85,  -43,  -11,
      -5,   -5,  -16,  -11,  -37,    5,  -27,    5,   -5,  -27,   -5,   -5,   -5,   -5,  -16,    5,
     -21,  -11,  -16,  -11,  -11,  -32,   -5,   -5,  -11,   -5,   -5,  -11,  -11,  -11,   -5,   -5,
      -5,   -5,  -11,  -16,  -11,  -43,  -11,  -21,  -11,   -5,  -27,   -5,   -5,   -5,  -27,   -5,
     -11,   -5,  -21,  -21,  -11,   -5,  -11,  -11,   -5,   -5,  -11,    5,  -11,  -32,   -5,   -5,
     -32,   -5,   -5,   -5,   -5,   -5,   -5,   -5,   -5,   -5,    5,  -11,   -5,  -21,  -21,  -16,
     -16,  -11,  -16,  -11,   -5,   -5,   -5,  -11,    5,  -16,   -5,  -11,  -21,  -11,   -5,  -11,
      -5,  -11,  -21,  -75,   -5,  -43,   -5,  -11,  -16,   -5,  -11,  -43,  -11,  -11,  -11,   -5,
     -16,  -11,  -21,  -11,   -5,  -11,  -32,  -32,  -21,  -21,  -16,  -48,  -16,  -32,  -21,  -11,
     -11,  -16,  -48,  -11,  -16,  -27,  -11,  -32,  -27,   -5,  -11,  -32,  -27,  -37,  -16,  -11,
     -11,  -21,  -32,  -32,  -32,  -37,  -16,  -27,  -37,  -16, -101,  -11,  -11,  -11,  -48,  -16,
     -16,  -16,  -16,  -21,  -11,  -53,  -11,  -11,  -43,   -5,   -5,  -37,  -11,  -32,  -37,  -16,
     -32,   -5,   -5,  -11,  -11,  -11,  -27,  -21,  -32,  -75,  -59,  -59,  -64,  -85,  -53,  -69,
     -48,  -43,  -43,  -69,  -85,  -64,  -59,  -69,  -64,  -53,  -69,  -48,  -59,  -75,  -64,  -59,
     -69,  -59,  -53,  -64,  -69,  -75,  -69,  -91,  -53,  -53,    5,  -11,  -43,  -11,  -11,  -11,
     -37,  -11,  -11,  -11,  -16,  -16,  -21,  -11,  -16,   -5,   16,  -11,  -11,   21,   -5,  -27,
       5,   -5,  -32,  -11,   -5,   -5,   -5,   -5,  -21,   -5,   16,  -21,   11,    5,    5,    5,
     -21,   11,   11,    5,    5,   -5,   -5,   -5,  -11,   11,  -16,  -21,  -11,  -43,  -11,  -11,
     -11,  -43,  -11,  -11,  -27,  -11,  -11,  -11,  -11,  -59,  -11,  -43,  -11,  -21,  -21,  -27,
     -27,  -27,  -37,  -16,  -21,  -27,  -16,  -16,  -21,  -21,  -16,  -16,  -32,  -32,  -21,  -32,
     -21,  -16,  -27,  -32,  -16,  -16,  -16,  -32,  -32,  -59,  -59,  -64,  -16,  -27,  -27,  -11,
     -32,  -21,  -11,  -21,  -16,  -16,  -11,  -21,  -16,  -11,  -21,  -11,  -27,  -11,  -11,  -11,
     -11,  -11,  -16,  -16,  -21,  -11,  -16,  -11,  -21,  -16,  -16,  -11,  -11,  -11,   -5,  -11,
     -16,   -5,  -16,  -27,   -5,  -11,  -27,  -11,  -11,  -16,   -5,   -5,  -11,  -11,   -5,  -11,
     -11,  -21,  -32,  -11,  -16,  -16,  -16,  -11,  -32,  -16,   -5,  -21,  -21,  -21,  -11,   -5,
     -16,   -5,  -11,   -5,   -5,   -5,  -16,   -5,  -11,  -11,  -16,  -16,   -5,  -11,   -5,   -5,
     -11,   -5,  -16,   -5,  -11,  -21,   -5,   -5,  -27,   -5,   -5,  -11,   -5,   -5,   -5,   -5,
      -5,   -5,  -11,  -21,  -21,   -5,  -11,  -11,  -11,  -11,  -16,  -11,  -27,   -5,   -5,  -27,
     -11,  -11,   -5,  -16,  -11,   -5,   -5,   -5,   -5,   -5,  -16,   -5,  -11,  -21,  -11,   -5,
     -27,   -5,   -5,   -5,   -5,  -11,  -27,  -21,   -5,   -5,  -16,  -16,  -11,  -16,   -5,  -11,
     -21,  -11,  -21,  -11,  -16,  -11,   -5,   -5,  -21,   -5,   -5,  -11,  -11,   -5,  -11,   -5,
      -5,  -11,   -5,  -16,   -5,  -11,  -16,  -16,  -11,  -32,  -16,   -5,   -5,   -5,   -5,   -5,
     -27,    5,   -5,  -16,   -5,   -5,   -5,  -27,   -5,  -16,  -16,  -11,  -11,   -5,    5,   -5,
      -5,    5,  -53,  -43,   11,   -5,  -59,   -5,   -5,  -27,   -5,   -5,    5,   -5,    5,   27,
      -5,  -27,   11,   -5,   -5,   -5,   -5,   -5,   16,   -5,   -5,   11,   11,   -5,   11,   -5,
     -16,    5,   -5,   -5,    5,   -5,   11,   -5,  -11,  -21,  -21,   -5,   -5,   -5,   -5,  -11,
      -5,  -16,   -5,  -21,   -5,   -5,   -5,   -5,  -21,  -11,  -11,   -5,  -11,  -11,   -5,  -11,
     -11,  -16,  -11,  -16,  -16,  -21,  -16,   -5,   -5,  -27,    5,  -11,  -21,   -5,   -5,   -5,
     -27,  -11,   -5,  -21,  -16,  -11,   -5,  -11,    5,   -5,   -5,   16,  -53,  -48,   11,   -5,
     -59,   -5,   -5,  -32,   -5,   -5,    5,   -5,   16,   16,  -21,   11,   -5,   11,   -5,   11,
       5,   -5,   11,   -5,   -5,   -5,   -5,    5,   -5,   11,   -5,  -11,    5,   -5,  -37,   -5,
      -5,   -5,  -21,   -5,   -5,   -5,  -21,  -21,   -5,   -5,   -5,   -5,   11,   -5,   -5,   11,
      -5,  -21,   16,  -11,  -32,  -11,  -11,   -5,   -5,   -5,    5,  -11,   -5,    5,   16,  -21,
      11,   -5,   11,  -11,   11,   11,    5,    5,   -5,   11,   -5,   11,  -16,   -5,    5,  -11,
     -27,  -11,   -5,   -5,  -27,  -11,   -5,   -5,  -16,  -16,  -11,  -11,  -16,  -11,   11,  -11,
     -11,    5,  -11,  -27,   16,  -11,  -32,  -11,  -11,  -11,  -11,  -11,    5,  -11,   -5,   21,
      -5,  -27,   11,    5,  -21,   -5,   -5,   11,    5,    5,   -5,  -11,   11,  -16,  -11,  -27,
     -27,  -11,  -16,  -11,  -11,   -5,  -16,  -11,   -5,  -21,  -11,  -27,  -11,  -11,   -5,  -11,
     -21,   -5,  -11,  -11,  -16,  -16,  -16,  -16,  -21,   -5,  -11,  -27,  -16,  -32,  -21,  -16,
      -5,   -5,  -16,  -16,   -5,  -11,  -11,  -11,   -5,  -16,  -16,   -5,   -5,   -5,  -11,  -27,
      -5,  -11,  -27,   -5,  -37,   -5,  -16,  -11,   -5,  -11,  -11,    5,   16,  -21,   16,   -5,
       5,   -5,   -5,   11,   -5,   11,  -16,   11,  -16,   11,   -5,   -5,    5,   -5,   11,  -16,
     -16,    5,   11,   -5,   -5,  -11,    5,  -11,   -5,   -5,   -5,   -5,   -5,    5,  -11,   11,
      -5,    5,  -11,    5,   -5,    5,   -5,   -5,    5,  -11,  -21,   -5,  -11,  -43,   -5,  -16,
     -11,  -16,  -37,   -5,   -5,   -5,   -5,   -5,   -5,   -5,   -5,  -11,   -5,   -5,  -11,   -5,
      -5,   -5,  -21,  -27,  -21,  -21,  -11,  -11,  -16,  -16,  -16,  -16,  -16,  -16,  -27,  -21,
     -16,  -16,   -5,  -11,  -16,   -5,  -21,  -16,  -21,  -21,  -21,   -5,  -37,  -11,  -11,  -27,
     -11,  -11,  -16,   -5,   -5,  -16,  -16,    5,    5,   16,   -5,   -5,  -11,   11,  -11,  -11,
      -5,   -5,   -5,   11,   -5,   -5,   11,  -11,   11,  -11,   -5,   -5,   -5,   -5,   11,  -16,
     -11,   -5,   -5,   -5,  -11,  -11,  -11,  -11,   -5,   -5,  -16,   -5,  -11,  -11,  -11,  -11,
      -5,  -16,   -5,  -11,  -21,  -11,   -5,  -27,   -5,   -5,  -16,   -5,   -5,  -11,   -5,  -11,
      -5,  -16,   -5,   11,   -5,  -16,   11,   -5,    5,   -5,   -5,   -5,   -5,   -5,    5,  -11,
       5,  -11,   -5,  -11,   -5,   -5,   11,   -5,  -21,  -11,  -11,  -11,  -11,  -21,  -16,  -16,
     -16,  -32,  -32,  -11,   -5,  -16,  -11,  -11,  -11,  -21,  -11,  -21,  -32,  -21,  -11,  -32,
      -5,   -5,  -21,  -11,  -11,  -16,   -5,  -11,  -16,   -5,  -21,  -11,  -11,   -5,  -11,   -5,
     -16,  -11,  -11,  -11,  -32,  -32,  -11,  -11,  -11,   -5,  -27,  -11,  -21,  -21,  -16,  -11,
     -32,  -27,   -5,  -11,   -5,  -11,  -11,   -5,  -21,   -5,   -5,   -5,   -5,   -5,  -11,   -5,
     -11,   -5,  -16,  -11,  -11,  -11,   -5,   -5,  -21,   -5,  -11,  -21,  -11,  -43,   -5,   -5,
      -5,   -5,   -5,  -27,  -11,  -11,  -11,   -5,   -5,  -21,  -16,   -5,  -11,  -16,  -16,   -5,
      -5,   -5,   -5,  -16,   -5,  -21,   -5,  -16,  -32,  -21,   -5,  -32,   -5,   -5,  -16,   -5,
     -11,   -5,   -5,  -11,   -5,  -11,  -11,   -5,    5,  -16,   -5,  -11,   -5,   -5,  -11,   -5,
     -11,  -11,   -5,  -16,  -11,  -16,   -5,   -5,   -5,   -5,  -11,  -11,  -21,  -16,  -11,  -11,
     -11,  -11,   -5,  -11,   -5,  -21,  -16,  -16,   -5,  -16,  -16,  -21,   -5,   -5,  -11,   -5,
      -5,  -16,   11,  -16,  -16,  -32,   11,  -11,   -5,  -11,  -11,  -16,  -16,  -21,  -21,    5,
     -11,  -16,    5,  -11,  -16,  -16,  -21,   -5,  -11,  -11,  -11,   -5,   -5,  -11,    5,  -16,
     -16,  -11,    5,  -21,   -5,   -5,   -5,   -5,   -5,   -5,   -5,   -5,  -21,   -5,  -21,   -5,
      -5,  -16,  -16,   -5,  -11,   -5,   -5,   -5,  -11,   -5,   -5,  -27,  -11,   11,  -11,  -11,
     -27,  -21,   -5,  -11,   -5,  -11,  -16,   -5,  -16,   -5,  -11,  -11,   -5,  -11,    5,   -5,
     -21,   -5,   -5,  -11,  -11,  -11,  -11,    5,  -16,  -11,   -5,   -5,    5,   -5,   -5,  -16,
      -5,   -5,   -5,   -5,   -5,  -11,  -11,   -5,    5,   -5,    5,   -5,  -16,   -5,   -5,  -16,
      -5,   -5,   -5,   -5,   -5,    5,  -11,   -5,  -21,    5,  -11,  -11,  -43,  -11,  -21,  -11,
     -11,  -11,  -16,  -37,  -16,  -16,   -5,   -5,  -16,  -11,  -11,  -11,  -11,  -16,  -11,  -11,
     -11,   -5,  -21,  -16,  -11,  -11,  -27,  -11,  -27,  -11,  -16,  -21,   -5,  -16,  -16,  -53,
     -16,  -21,  -21,  -11,  -11,  -16,  -43,  -21,  -11,  -16,  -11,   -5,  -16,   -5,  -11,  -27,
     -11,  -11,  -11,  -11,   -5,  -11,  -11,  -16,  -16,  -32,  -16,  -27,  -27,   11,  -11,  -11,
     -32,   11,  -21,   -5,   -5,   -5,  -16,  -11,  -21,  -16,    5,  -21,  -11,   11,   -5,  -16,
     -11,  -16,  -11,  -16,  -16,  -11,  -16,  -11,   11,  -16,  -11,  -21,  -43,  -21,  -21,  -27,
     -16,  -21,  -21,  -11,  -21,  -16,  -32,  -16,  -16,  -27,  -16,  -21,  -21,  -16,  -16,  -21,
     -16,  -16,  -21,  -21,  -21,  -11,  -16,   -5,   -5,   -5,  -27,  -16,  -16,   -5,  -11,  -11,
      -5,  -16,   -5,   -5,   -5,   -5,  -11,   -5,  -11,  -16,  -11,   -5,  -21,   -5,   -5,   -5,
      -5,   -5,  -11,   -5,   -5,  -11,   -5,  -16,  -11,   -5,   -5,  -27,  -16,  -21,  -21,  -16,
     -16,   -5,  -16,   -5,   -5,  -16,   -5,  -16,  -11,   -5,  -11,  -21,   -5,  -16,   -5,   -5,
      -5,   -5,   -5,  -11,   -5,   -5,  -16,   -5,  -11,   -5,    5,   -5,   -5,  -27,  -16,  -11,
     -16,  -11,  -11,   -5,  -11,   -5,   -5,   -5,   -5,  -11,   -5,   -5,  -16,  -21,   -5,  -27,
      -5,   -5,   -5,   -5,   -5,  -21,   -5,  -11,   -5,  -11,  -11,  -16,   -5,   -5,   -5,  -27,
     -11,  -16,  -11,  -16,  -16,   -5,  -27,   -5,   -5,  -16,  -11,  -21,  -11,   -5,  -21,  -16,
      -5,  -21,   -5,   -5,   -5,   -5,   -5,  -16,   -5,  -11,  -11,  -16,    5,  -11,   -5,  -16,
       5,  -11,   -5,  -11,  -11,  -11,   -5,  -11,  -11,   11,  -11,  -21,    5,  -11,  -27,    5,
      -5,  -43,   -5,   -5,   -5,   -5,  -11,   -5,   -5,    5,  -11,   -5,  -11,    5,  -27,   -5,
     -11,   -5,  -16,  -16,   -5,  -11,  -11,   -5,  -11,   -5,   -5,   -5,  -16,  -16,   -5,  -16,
      -5,   -5,   -5,   -5,   -5,   -5,   -5,  -21,    5,   11,   -5,   -5,  -27,   11,   -5,   -5,
      -5,  -11,  -11,   -5,   -5,   -5,   11,   -5,  -16,    5,  -11,  -37,    5,  -43,   -5,   -5,
      -5,   -5,   11,   -5,  -16,   16,  -16,  -16,  -32,    5,   -5,   -5,   -5,  -11,  -11,   -5,
      -5,    5,  -11,  -11,    5,  -11,   -5,  -11,  -16,   -5,   -5,   -5,  -11,  -11,    5,  -11,
     -21,    5,   11,  -11,  -11,  -27,    5,  -16,   -5,   -5,   -5,  -16,  -11,  -16,  -11,    5,
     -11,  -16,    5,  -11,  -11,  -16,  -11,  -11,   -5,  -11,  -11,   -5,   -5,    5,  -16,  -16,
     -11,  -16,   -5,   -5,   -5,  -27,  -16,  -21,  -21,  -11,  -11,   -5,  -16,   -5,   -5,  -16,
      -5,  -16,   -5,   -5,  -21,  -21,   -5,  -32,   -5,   -5,   -5,   -5,   -5,   -5,   -5,  -11,
     -16,  -16,    5,   -5,   11,   -5,   -5,  -27,   11,  -11,   -5,   -5,  -16,  -11,   -5,    5,
     -11,    5,   -5,   -5,    5,  -16,   -5,  -11,  -11,   -5,   -5,  -11,   11,
};

static const EpdFontData edslab_16_italic = {
    edslab_16_italicBitmaps,
    edslab_16_italicGlyphs,
    edslab_16_italicIntervals,
    55,
    41,
    31,
    -10,
    true,
    edslab_16_italicGroups,
    11,
    nullptr,
    nullptr,  // kernLeftClasses: built-in fonts use the split arrays below
    nullptr,  // kernRightClasses
    edslab_16_italicKernLeftCodepoints,
    edslab_16_italicKernLeftClassIds,
    edslab_16_italicKernRightCodepoints,
    edslab_16_italicKernRightClassIds,
    nullptr,  // kernMatrix: built-in fonts use the sparse form below
    edslab_16_italicKernRowOffsets,
    edslab_16_italicKernSparseCols,
    edslab_16_italicKernSparseValues,
    129,
    129,
    129,
    129,
    nullptr,
    0,
};
